"Query Name","Rank","Scaled Rank","Set_name","TF","Intersect","Set length","FET p-value","FDR","Odds Ratio","Library","Overlapping_Genes"
"DEG_MD_HCT116","1","0.000622300000000000","FOXD3","FOXD3","50","299","0.0000000049690000000000","0.0000079900000000000","2.76699999999999990","GTEx--Coexpression","STARD9,HSPG2,NGFR,NR2F2,L1CAM,PLSCR4,MICALL2,SHC4,ITGB4,PARD3B,IL1RAPL1,MBOAT1,ZDHHC8,KCTD12,PIK3R1,NRP2,TAX1BP3,PRICKLE1,PLEKHA7,MPZ,TMOD2,WNT6,RASGEF1C,DACT1,SH3TC2,SLIT2,VIM,ENDOD1,AFAP1L2,PLLP,NRBP2,GAL3ST1,SH3D19,SEMA3B,SPARC,TNS3,CYP2U1,SIPA1L2,PAPLN,MAP4K5,ARHGAP39,ARHGAP42,SCUBE1,ZMAT1,SLC2A1,RBMS3,THBS4,KLRG2,FMNL3,SPRY2"
"DEG_MD_HCT116","2","0.001245000000000000","HES2","HES2","46","300","0.0000002644000000000000","0.0001500000000000000","2.49600000000000000","GTEx--Coexpression","IL20RB,LYPD3,RDH12,SFN,FGFBP1,DUSP7,WNT7B,FABP5,S100A2,GPR87,TACSTD2,CPA4,TMEM19,CRYBG2,CRYBG1,TRIM29,EPHA2,RBBP8NL,TMPRSS4,INAVA,DEGS2,MAST4,TTC22,HMGCR,EHF,SULT2B1,S100A14,PROM2,GJB2,DENND2C,SERPINB5,TMEM154,MAL2,NECTIN4,IL1RN,OVOL1,MALL,TXN,PPL,AMMECR1,NMU,MPZL3,MPZL2,GRHL2,FAM83B,SDR16C5"
"DEG_MD_HCT116","3","0.001867000000000000","GLI1","GLI1","45","299","0.0000005961000000000000","0.0001500000000000000","2.44200000000000017","GTEx--Coexpression","STARD9,NGFR,NR2F2,PLSCR4,MICALL2,SHC4,ITGB4,PARD3B,IL1RAPL1,MBOAT1,ZDHHC8,PIK3R1,TAX1BP3,PRICKLE1,MPZ,WNT6,DACT1,SH3TC2,VIM,GLDN,ENDOD1,AFAP1L2,TIMP2,PLLP,GSN,CCL26,NRBP2,GAL3ST1,SH3D19,SEMA3B,SPARC,TNS3,CYP2U1,SLC6A20,SLC44A2,PAPLN,ARHGAP39,ARHGAP42,SCUBE1,ZMAT1,SLC2A1,RBMS3,THBS4,KLRG2,FMNL3"
"DEG_MD_HCT116","4","0.002489000000000000","POU6F1","POU6F1","45","300","0.0000006546000000000001","0.0001500000000000000","2.43199999999999994","GTEx--Coexpression","AGAP3,RNF215,L1CAM,DLGAP1,ACAP3,TMEM25,CORO2B,CNTNAP1,RASGRF1,PPM1H,FSD1,SLC12A5,SLC45A1,SYNGR1,GRIK2,GRIN1,ADAM11,SYT3,CNTN1,MAST1,GALNT9,SPOCK2,MAPK11,FAM131B,STMN3,ENO2,GPR137C,KIFC2,RAB3A,DISP2,CACNB3,CACNB4,RTN4R,BRSK1,MAP3K12,SRRM3,MAPK8IP2,GPM6A,SPTBN4,CA11,TMEM59L,CPLX1,CASKIN1,DLG4,DOCK3"
"DEG_MD_HCT116","5","0.003111000000000000","ELF3","ELF3","45","300","0.0000006546000000000001","0.0001500000000000000","2.43199999999999994","GTEx--Coexpression","CLDN3,GPR39,TMC5,VAMP8,SAMD5,SLC9A2,TACSTD2,BCL2L15,PCDH1,MBOAT1,TXNDC17,RASSF6,PAQR5,EPHA2,TMPRSS4,PLEKHA7,PRDM1,INAVA,FUT3,TTC22,EPN3,RBM47,EPS8L3,GALNT3,EHF,ABO,CRACR2B,S100A14,PROM2,ST14,GCNT3,MISP,CTNND1,CDH1,RNF43,AP1M2,MAL2,MACC1,IL1RN,KRT8,MALL,TXN,MPZL2,KRT18,MUC4"
"DEG_MD_HCT116","6","0.003734000000000000","ZBTB7C","ZBTB7C","45","300","0.0000006546000000000001","0.0001500000000000000","2.43199999999999994","GTEx--Coexpression","IL20RB,LYPD3,SFN,FGFBP1,WNT7B,FABP5,GPR87,TACSTD2,CRYBG2,CRYBG1,TRIM29,EPHA2,RBBP8NL,TMPRSS4,PLD1,INAVA,FUT3,ARHGEF35,DEGS2,MAST4,TTC22,EPN3,EHF,SULT2B1,S100A14,PROM2,GJB2,SERPINB5,TMEM154,CTNND1,CDH1,MAL2,KLF8,NECTIN4,IL1RN,OVOL1,MALL,TXN,PPL,NMU,MPZL2,GRHL2,FAM83B,SDR16C5,KLRG2"
"DEG_MD_HCT116","7","0.004356000000000000","KLF5","KLF5","45","300","0.0000006546000000000001","0.0001500000000000000","2.43199999999999994","GTEx--Coexpression","IL20RA,IL20RB,LYPD3,RDH12,SFN,WNT7B,GPR87,TACSTD2,CPA4,TMEM19,CRYBG2,CRYBG1,TRIM29,ATP6V1C2,INAVA,ARHGEF35,DEGS2,TTC22,HMGCR,ABCA12,SULT2B1,S100A14,PROM2,ELL3,DENND2C,SERPINB5,TMEM154,CTNND1,CDH1,RNF43,MAL2,AHNAK2,KLF8,NECTIN4,OVOL1,PPL,AMMECR1,NMU,MPZL3,CA12,GRHL2,FAM83B,POU2F3,SDR16C5,SGPP2"
"DEG_MD_HCT116","8","0.004978000000000000","GRHL1","GRHL1","44","300","0.0000015820000000000001","0.0002540000000000000","2.36900000000000022","GTEx--Coexpression","IL20RB,LYPD3,RDH12,SFN,FGFBP1,DUSP7,WNT7B,FABP5,GPR87,TACSTD2,CPA4,CRYBG2,CRYBG1,TRIM29,EPHA2,ATP6V1C2,INAVA,ARHGEF35,DEGS2,MAST4,TTC22,HMGCR,EHF,SULT2B1,S100A14,PROM2,GJB2,DENND2C,SERPINB5,TMEM154,MAL2,KLF8,NECTIN4,IL1RN,OVOL1,MALL,PPL,AMMECR1,NMU,MPZL3,MPZL2,GRHL2,FAM83B,SDR16C5"
"DEG_MD_HCT116","9","0.005600000000000000","ZNF823","ZNF823","44","300","0.0000015820000000000001","0.0002540000000000000","2.36900000000000022","GTEx--Coexpression","LYPD3,FGFBP1,VAMP8,SAMD5,SAMD9,FABP5,GPR87,TACSTD2,ZNF426,CRYBG2,CRYBG1,PCDH1,TXNDC17,CCDC92,EPHA2,TMPRSS4,EPGN,PLD1,INAVA,FUT3,ARHGEF35,TTC22,ELF3,EHF,HOXA1,SULT2B1,S100A14,PROM2,S100A10,ST14,GJB2,CTNND1,CDH1,CNGA1,MAL2,MACC1,IL1RN,MALL,TXN,PPL,AMMECR1,NMU,MPZL2,GRHL2"
"DEG_MD_HCT116","10","0.006223000000000000","GRHL3","GRHL3","44","300","0.0000015820000000000001","0.0002540000000000000","2.36900000000000022","GTEx--Coexpression","IL20RB,LYPD3,SFN,FGFBP1,DUSP7,WNT7B,FABP5,S100A2,GPR87,TACSTD2,CRYBG2,CRYBG1,TRIM29,EREG,EPHA2,EPGN,PRDM1,DAPP1,INAVA,DEGS2,MAST4,TTC22,EHF,SULT2B1,S100A14,PROM2,GJB2,DENND2C,SERPINB5,TMEM154,MAL2,NECTIN4,IL1RN,OVOL1,MALL,TXN,PPL,AMMECR1,NMU,MPZL3,MPZL2,GRHL2,FAM83B,SDR16C5"
"DEG_MD_HCT116","11","0.006845000000000000","EGR2","EGR2","43","300","0.0000037309999999999999","0.0004610000000000000","2.30600000000000005","GTEx--Coexpression","NGFR,PLSCR4,MICALL2,SHC4,ITGB4,IL1RAPL1,ZDHHC8,PIK3R1,EGR3,TAX1BP3,PRICKLE1,RFTN1,PLEKHA7,MPZ,WNT6,DACT1,LAMA3,SH3TC2,ADGRD1,VIM,GLDN,AFAP1L2,PLLP,HBEGF,GSN,NRBP2,BCL2,NES,SH3D19,SEMA3B,SPARC,SLC44A2,PAPLN,ARHGAP39,ARHGAP42,MLIP,ZMAT1,NR4A1,SLC2A1,RBMS3,KLRG2,FMNL3,SPRY2"
"DEG_MD_HCT116","12","0.007467000000000000","ZNF860","ZNF860","43","300","0.0000037309999999999999","0.0004610000000000000","2.30600000000000005","GTEx--Coexpression","LYPD3,SFN,OSBPL10,FGFBP1,SAMD5,SAMD9,FABP5,S100A2,GPR87,TACSTD2,ZNF426,CRYBG2,CRYBG1,TXNDC17,EPHA2,RBBP8NL,TMPRSS4,EPGN,PRDM1,DAPP1,FUT3,MAST4,TTC22,EHF,HOXA1,SULT2B1,S100A14,PROM2,S100A10,GJB2,TMEM154,CTNND1,THSD4,MAL2,IL1RN,MALL,TXN,PPL,AMMECR1,NMU,MPZL2,GRHL2,KRT6A"
"DEG_MD_HCT116","13","0.008090000000000000","NKX12","NKX12","43","300","0.0000037309999999999999","0.0004610000000000000","2.30600000000000005","GTEx--Coexpression","HTR6,NGEF,IL20RB,LYPD3,SFN,FGFBP1,WNT7B,FABP5,S100A2,GPR87,TACSTD2,NPAS2,TMEM19,CRYBG2,CRYBG1,TRIM29,RIN1,EPHA2,LYNX1,EPGN,GNAL,TTC22,HMGCR,LNX1,EHF,SULT2B1,S100A14,PROM2,GJB2,SERPINB5,HMGCS1,MAL2,FBXL16,NECTIN4,IL1RN,MALL,PPL,NMU,SUSD4,KRT6A,FAM83B,SDR16C5,SGPP2"
"DEG_MD_HCT116","14","0.008711999999999999","PRRX2","PRRX2","42","297","0.0000066900000000000003","0.0006890000000000001","2.27000000000000002","GTEx--Coexpression","PDGFC,IL31RA,HOXC11,MMP14,SNX33,CRLF1,EFEMP2,PIAS3,FBLIM1,GLIS2,HTR1B,ARSJ,ITGBL1,FKBP10,CRIP1,KIRREL1,CRIM1,NAV2,VCAN,VIM,SERPINE1,GPR176,PXDC1,DKK1,CHST14,PRSS23,MRC2,TIMP2,FKBP9,ITGA10,PRKG1,RAB13,TWIST1,COL18A1,AXL,SYDE1,STEAP1,LTBP2,LTBP1,FBLN5,COL6A2,CHSY3"
"DEG_MD_HCT116","15","0.009334000000000000","SOX7","SOX7","42","300","0.0000085799999999999992","0.0006890000000000001","2.24400000000000022","GTEx--Coexpression","PDGFB,IL20RB,LYPD3,SFN,FGFBP1,DUSP7,FABP5,S100A2,GPR87,TACSTD2,CRYBG2,PCDH1,TRIM29,EPHA2,YES1,PRDM1,MAST4,TTC22,EHF,SULT2B1,S100A14,PROM2,S100A10,GJB2,DENND2C,HBEGF,THBD,MAL2,KLF8,NECTIN4,IL1RN,MALL,PPL,FAM43A,NMU,B3GNT5,GABRE,MPZL2,KRT6A,EFNB2,FAM83B,BDKRB2"
"DEG_MD_HCT116","16","0.009956000000000000","NFE2L2","NFE2L2","42","300","0.0000085799999999999992","0.0006890000000000001","2.24400000000000022","GTEx--Coexpression","IL20RB,LYPD3,SFN,FGFBP1,FABP5,S100A2,GPR87,TACSTD2,CRYBG2,CRYBG1,TXNDC17,TRIM29,EPHA2,RBBP8NL,TMPRSS4,PLD1,MAST4,TTC22,EPN3,EHF,HOXA1,SULT2B1,S100A14,PROM2,S100A10,GJB2,SERPINB5,TMEM154,CTNND1,THSD4,MAL2,KLF8,NECTIN4,IL1RN,MALL,TXN,PPL,AMMECR1,NMU,MPZL2,GRHL2,FAM83B"
"DEG_MD_HCT116","17","0.010580000000000001","GRHL2","GRHL2","42","300","0.0000085799999999999992","0.0006890000000000001","2.24400000000000022","GTEx--Coexpression","IL20RA,IL20RB,LYPD3,RDH12,SFN,VAMP8,WNT7B,GPR87,TACSTD2,CPA4,CRYBG2,CRYBG1,TRIM29,ATP6V1C2,RBBP8NL,INAVA,ARHGEF35,DEGS2,TTC22,EPN3,EHF,ABCA12,SULT2B1,PROM2,SERPINB5,TMEM154,CTNND1,CDH1,RNF43,AP1M2,MAL2,IRX3,AHNAK2,NECTIN4,TNS4,PPL,NMU,MPZL3,CA12,FAM83B,POU2F3,SDR16C5"
"DEG_MD_HCT116","18","0.011200000000000000","BNC1","BNC1","42","300","0.0000085799999999999992","0.0006890000000000001","2.24400000000000022","GTEx--Coexpression","IL20RB,LYPD3,SFN,FGFBP1,DUSP7,CENPW,FABP5,CDKN3,NEK2,KPNA2,S100A2,GPR87,TACSTD2,CPA4,CRYBG2,CRYBG1,MSLN,TRIM29,CSNK2B,SPATA18,EPHA2,CTSV,SH3RF2,EPGN,HOXA1,SULT2B1,S100A10,ELL3,GJB2,PBK,SERPINB5,NECTIN4,OVOL1,PPL,AMMECR1,NMU,DCST2,PTTG1,SGO2,ALOX15,PSORS1C1,FAM83B"
"DEG_MD_HCT116","19","0.011820000000000001","AHR","AHR","42","300","0.0000085799999999999992","0.0006890000000000001","2.24400000000000022","GTEx--Coexpression","HSPG2,NGFR,NR2F2,PLSCR4,MICALL2,SHC4,ITGB4,PARD3B,ZDHHC8,KCTD12,TAX1BP3,PRICKLE1,MPZ,WNT6,ADGRG6,AMOTL2,BCL7A,DACT1,LAMA4,SLIT2,VIM,MAML2,S100A10,TIMP2,GSN,NRBP2,FKBP9,CYBRD1,NF2,SH3D19,SEMA3B,SPARC,TNS3,CYP2U1,PAPLN,MAP4K5,ARHGAP42,SLC2A1,RBMS3,FMNL3,NEURL1,SPRY2"
"DEG_MD_HCT116","20","0.012449999999999999","OVOL1","OVOL1","42","300","0.0000085799999999999992","0.0006890000000000001","2.24400000000000022","GTEx--Coexpression","IL20RA,IL20RB,LYPD3,RDH12,SFN,DUSP7,WNT7B,GPR87,TACSTD2,CPA4,CRYBG2,CRYBG1,TRIM29,EREG,EPHA2,CTSV,RBBP8NL,INAVA,ARHGEF35,DEGS2,TTC22,HMGCR,ABCA12,SULT2B1,S100A14,PROM2,ELL3,DENND2C,SERPINB5,TMEM154,MAL2,AHNAK2,NECTIN4,IL1RN,TNS4,PPL,NMU,DCST2,MPZL3,GRHL2,FAM83B,SDR16C5"
"DEG_MD_HCT116","21","0.013070000000000000","GLIS2","GLIS2","41","299","0.0000177799999999999992","0.0011500000000000000","2.18999999999999995","GTEx--Coexpression","HSPG2,ADAMTS10,PDGFC,PLSCR4,SNX33,LIMS2,EFEMP2,FBLIM1,HTR1B,PMEPA1,ITGA3,ITGA1,ITGA9,ID3,CRIP1,PCDHB14,KIRREL1,NXPH3,DACT1,NAV2,VCAN,PXDC1,CPED1,CHST14,MCAM,TGFB1I1,PRSS23,MRC2,TIMP2,AOC3,PRKG1,TRPC1,HMCN1,P3H3,COL18A1,SYDE1,LTBP2,LTBP1,FBLN5,COL6A2,RBMS3"
"DEG_MD_HCT116","22","0.013690000000000001","OSR1","OSR1","41","299","0.0000177799999999999992","0.0011500000000000000","2.18999999999999995","GTEx--Coexpression","DPYSL3,HSPG2,ADAMTS10,PDGFC,SNX33,EFEMP2,FOXP1,FBLIM1,GLIS2,HTR1B,PMEPA1,ITGA1,ITGA9,KCNQ4,ARSJ,TSPAN2,NXPH3,NAV2,VCAN,TES,PXDC1,CPED1,CHST14,MCAM,TGFB1I1,PRSS23,AOC3,ITGA10,PRKG1,HMCN1,FAM20C,AXL,SYDE1,LTBP2,LTBP1,FBLN5,SPEG,PALLD,COL6A2,RBMS3,CHSY3"
"DEG_MD_HCT116","23","0.014310000000000000","EBF2","EBF2","41","299","0.0000177799999999999992","0.0011500000000000000","2.18999999999999995","GTEx--Coexpression","HSPG2,PDGFB,NGFR,NR2F2,PLSCR4,PPARG,SHC4,PARD3B,ZDHHC8,KCTD12,PRICKLE1,MPZ,WNT6,AMOTL2,LAMA2,LAMA4,ADGRD1,VIM,SERPINF1,TIMP3,APOLD1,APOL3,GSN,FKBP9,CYBRD1,NES,SH3D19,SEMA3B,ABLIM3,KLF7,SPARC,TNS2,CYP2U1,MDFIC,PAPLN,ARHGAP42,RBMS3,THBS4,FMNL3,SPRY2,SPRY1"
"DEG_MD_HCT116","24","0.014930000000000001","CAMTA2","CAMTA2","41","300","0.0000192399999999999987","0.0011500000000000000","2.18199999999999994","GTEx--Coexpression","ZFYVE28,AGAP3,DLGAP1,ACAP3,CNTNAP1,RASGRF1,PPM1H,FSD1,SLC12A5,SYNGR1,GRIK2,CAMKK1,GRIN1,ADAM11,SYT3,MAST1,GALNT9,SPOCK2,SBK1,FAM131B,STMN3,ENO2,GPR137C,KIFC2,TMEM229B,RAB3A,DISP2,RTN4R,BRSK1,KCNAB3,SRRM3,ACSL6,MAPK8IP2,SPTBN4,CARMIL3,CA11,TMEM59L,CASKIN1,DLG4,DOCK3,NEURL1"
"DEG_MD_HCT116","25","0.015559999999999999","TFAP2B","TFAP2B","41","300","0.0000192399999999999987","0.0011500000000000000","2.18199999999999994","GTEx--Coexpression","IL20RA,IL20RB,LYPD3,RDH12,SFN,WNT7B,GPR87,TACSTD2,CPA4,CRYBG2,CRYBG1,TRIM29,ATP6V1C2,ARHGEF35,DEGS2,ABCA12,SULT2B1,MAML3,PROM2,PLCH2,SERPINB5,TMEM154,RNF43,PLEKHG5,MAL2,IRX3,AHNAK2,KLF8,NECTIN4,TNS4,AZGP1,PPL,NMU,KRT23,MPZL3,CA12,GRHL2,ARHGAP40,FAM83B,POU2F3,SDR16C5"
"DEG_MD_HCT116","26","0.016180000000000000","EHF","EHF","41","300","0.0000192399999999999987","0.0011500000000000000","2.18199999999999994","GTEx--Coexpression","LYPD3,SFN,FGFBP1,VAMP8,SAMD9,FABP5,S100A2,GPR87,TACSTD2,CRYBG2,CRYBG1,TXNDC17,EPHA2,RBBP8NL,TMPRSS4,PLEKHA7,EPGN,PRDM1,FUT3,MAST4,TTC22,ELF3,GALNT3,SULT2B1,S100A14,PROM2,ST14,GJB2,CTNND1,CDH1,THSD4,MAL2,NECTIN4,IL1RN,MALL,TXN,PPL,NMU,MPZL2,GRHL2,KRT6A"
"DEG_MD_HCT116","27","0.016799999999999999","BHLHE40","BHLHE40","41","300","0.0000192399999999999987","0.0011500000000000000","2.18199999999999994","GTEx--Coexpression","LYPD3,SFN,DUSP7,SNX33,HAS3,FABP5,GPR87,TACSTD2,CRYBG2,TRIM29,EPHA2,MAST4,TTC22,TNKS2,MSANTD4,SULT2B1,S100A14,PROM2,S100A10,NR1D1,GJB2,DENND2C,HBEGF,ANKRD37,CTNND1,THSD4,MAL2,KLF8,NECTIN4,IL1RN,TRAF3IP2,PPL,SIAH1,NMU,MPZL2,GRHL2,ARHGAP40,ZFP36L1,FAM83B,BDKRB2,SPRY1"
"DEG_MD_HCT116","28","0.017420000000000001","NOTO","NOTO","40","298","0.0000361499999999999978","0.0019900000000000000","2.13700000000000001","GTEx--Coexpression","ZFYVE28,COL13A1,L1CAM,GPR39,GPR35,SLC9A2,TMEM25,BCL2L15,MTCL1,VWA5B2,GRIK2,AKR1C3,PLEKHA6,NOL4L,CASK,CA2,ARFGEF3,SPOCK2,EPS8L3,ENO2,GPR137C,RET,GRAMD1B,GCNT3,MISP,TMEM229B,DISP2,SPIRE2,LHX5,SRRM3,KRT8,ACSL5,SPTBN4,TRANK1,CARMIL3,KRT20,CLDN18,ANXA10,PYY,EFNA2"
"DEG_MD_HCT116","29","0.018050000000000000","HIF3A","HIF3A","40","299","0.0000389899999999999977","0.0019900000000000000","2.12800000000000011","GTEx--Coexpression","DPYSL3,STARD9,HSPG2,GTF2IRD2B,DCHS1,JPH2,LIMS2,FOXP1,ITGA1,PARD3B,KCNQ4,PIK3R1,FOXF1,NRP2,SYNM,AASS,LAMA5,LAMA2,ADGRD1,BLOC1S2,NFATC4,TGFB1I1,TIMP3,ADCY5,AOC3,CACNB2,CALCOCO1,SH3D19,TRPC1,ANTXR2,TNS2,TMTC1,SYDE1,COL4A6,COL4A5,SCUBE1,SPEG,PALLD,RBMS3,SSBP2"
"DEG_MD_HCT116","30","0.018669999999999999","HAND2","HAND2","40","299","0.0000389899999999999977","0.0019900000000000000","2.12800000000000011","GTEx--Coexpression","DPYSL3,HSPG2,COL24A1,PBX3,PBX1,DCHS1,LRRC3,JPH2,SYNPO2,ZNF219,LIMS2,EFEMP2,KCNH2,FOXP2,FOXP1,ITGA1,KCNQ4,TSPAN2,FOXF1,CCDC9B,NRP2,SYNM,RAMP1,NRTN,TES,NFATC4,TGFB1I1,ZEB1,ADCY5,CACNB2,ANTXR2,SYDE1,HSPB8,HEPH,SPEG,PALLD,COL6A2,COL6A1,LRIG1,DES"
"DEG_MD_HCT116","31","0.019290000000000002","OVOL2","OVOL2","40","300","0.0000420300000000000025","0.0019900000000000000","2.12000000000000011","GTEx--Coexpression","IL20RA,IL20RB,LYPD3,RDH12,PPFIBP2,VAMP8,GPR87,TACSTD2,PCDH1,TRIM29,RBBP8NL,INAVA,ARHGEF35,DEGS2,EPN3,GALNT3,EHF,SULT2B1,PROM2,ST14,FHDC1,ELL3,SERPINB5,CTNND1,CDH1,RNF43,AP1M2,MAL2,IRX3,NECTIN4,TNS4,OVOL1,KRT23,SIPA1L3,MPZL3,CA12,GRHL2,FAM83B,SDR16C5,SGPP2"
"DEG_MD_HCT116","32","0.019910000000000001","HOXB1","HOXB1","40","300","0.0000420300000000000025","0.0019900000000000000","2.12000000000000011","GTEx--Coexpression","IL20RB,LYPD3,SFN,FGFBP1,DUSP7,FABP5,S100A2,GPR87,TACSTD2,CRYBG2,CRYBG1,TXNDC17,TRIM29,EPHA2,RBBP8NL,TMPRSS4,INAVA,FUT3,DEGS2,TTC22,EHF,SULT2B1,S100A14,PROM2,GJB2,DENND2C,SERPINB5,TMEM154,MAL2,NECTIN4,IL1RN,OVOL1,MALL,TXN,PPL,NMU,MPZL3,MPZL2,GRHL2,FAM83B"
"DEG_MD_HCT116","33","0.020539999999999999","SOX15","SOX15","40","300","0.0000420300000000000025","0.0019900000000000000","2.12000000000000011","GTEx--Coexpression","IL20RB,LYPD3,RDH12,SFN,FGFBP1,DUSP7,WNT7B,FABP5,S100A2,GPR87,TACSTD2,TMEM19,CRYBG2,CRYBG1,TRIM29,RIN1,EPHA2,INAVA,DEGS2,TTC22,SULT2B1,S100A14,PROM2,GJB2,DENND2C,SERPINB5,TMEM154,MAL2,NECTIN4,IL1RN,OVOL1,MALL,TXN,PPL,NMU,MPZL3,MPZL2,GRHL2,FAM83B,SDR16C5"
"DEG_MD_HCT116","34","0.021160000000000002","ZNF440","ZNF440","40","300","0.0000420300000000000025","0.0019900000000000000","2.12000000000000011","GTEx--Coexpression","IL20RA,IL20RB,LYPD3,RDH12,VAMP8,WNT7B,GPR87,TACSTD2,CPA4,CRYBG1,TNFRSF19,TRIM29,ATP6V1C2,INAVA,ARHGEF35,DEGS2,HMGCR,ABCA12,SULT2B1,PROM2,ELL3,SERPINB5,TMEM154,CTNND1,CDH1,RNF43,MAL2,AHNAK2,NECTIN4,TNS4,OVOL1,AMMECR1,MPZL3,CA12,GRHL2,FAM83B,PSAPL1,POU2F3,SDR16C5,SGPP2"
"DEG_MD_HCT116","35","0.021780000000000001","FOXS1","FOXS1","39","297","0.0000720899999999999959","0.0031900000000000001","2.08300000000000018","GTEx--Coexpression","HSPG2,ADAMTS10,PDGFC,PLSCR4,CRLF1,FBLIM1,GLIS2,HTR1B,PMEPA1,ITGA3,ZNF704,ID2,ITGBL1,CRIP1,NXPH3,CRIM1,DACT1,VCAN,VIM,PXDC1,CPED1,ENDOD1,MCAM,PRSS23,TIMP2,ITGA10,RCAN2,PRKG1,SPARC,HMCN1,COL18A1,SYDE1,LTBP2,LTBP1,FBLN5,SPEG,RBMS3,CHSY3,HES4"
"DEG_MD_HCT116","36","0.022400000000000000","PAX9","PAX9","39","300","0.0000894399999999999975","0.0031900000000000001","2.05900000000000016","GTEx--Coexpression","LYPD3,SFN,FGFBP1,SAMD5,SAMD9,FABP5,S100A2,GPR87,TACSTD2,ZNF426,CRYBG2,CRYBG1,TXNDC17,EPHA2,RBBP8NL,TMPRSS4,PLEKHA7,EPGN,PRDM1,DAPP1,FUT3,MAST4,TTC22,EHF,HOXA1,SULT2B1,S100A14,PROM2,S100A10,GJB2,THSD4,MAL2,IL1RN,MALL,TXN,PPL,NMU,MPZL2,KRT6A"
"DEG_MD_HCT116","37","0.023019999999999999","ZNF562","ZNF562","39","300","0.0000894399999999999975","0.0031900000000000001","2.05900000000000016","GTEx--Coexpression","LYPD3,SFN,FGFBP1,SAMD9,FABP5,S100A2,TACSTD2,ZNF426,CRYBG2,CRYBG1,TXNDC17,EPHA2,TMPRSS4,EPGN,PRDM1,DAPP1,FUT3,MAST4,TTC22,EHF,HOXA1,SULT2B1,S100A14,PROM2,S100A10,GJB2,TMEM154,MAL2,MACC1,IL1RN,MALL,TXN,PPL,AMMECR1,NMU,MPZL3,MPZL2,KRT6A,BDKRB2"
"DEG_MD_HCT116","38","0.023650000000000001","TEF","TEF","39","300","0.0000894399999999999975","0.0031900000000000001","2.05900000000000016","GTEx--Coexpression","AGAP3,L1CAM,ACAP3,TMEM25,CORO2B,PPM1H,SLC12A5,SYNGR1,GRIK2,CAMKK1,GRIN1,PER3,SYT3,MAST1,BCL7A,SPOCK2,FAM131B,STMN3,ENO2,GPR137C,KIFC2,DISP2,CACNB4,RTN4R,BRSK1,SRRM3,ACSL6,MAPK8IP2,GPM6A,SPTBN4,CA11,TMEM59L,CPLX1,CASKIN1,DLG4,DOCK3,DBP,GDAP1,NEURL1"
"DEG_MD_HCT116","39","0.024270000000000000","PRDM1","PRDM1","39","300","0.0000894399999999999975","0.0031900000000000001","2.05900000000000016","GTEx--Coexpression","LYPD3,SFN,FGFBP1,VAMP8,SAMD9,FABP5,S100A2,GPR87,TACSTD2,ZNF426,CRYBG2,CRYBG1,TXNDC17,EREG,EPHA2,TMPRSS4,EPGN,DAPP1,FUT3,TTC22,EHF,SULT2B1,S100A14,PROM2,S100A10,GJB2,DENND2D,TMEM154,MAL2,IL1RN,OVOL1,MALL,TXN,PPL,NMU,B3GNT8,MPZL3,MPZL2,KRT6A"
"DEG_MD_HCT116","40","0.024889999999999999","DPF1","DPF1","39","300","0.0000894399999999999975","0.0031900000000000001","2.05900000000000016","GTEx--Coexpression","AGAP3,DLGAP1,MMP17,OLFM1,KCNF1,FSD1,NOVA2,ICAM5,ADGRB2,ADGRB1,CAMKK1,PNMA2,GRIN1,FKBP1B,PALM,SYT3,GRM7,SYNGR3,NAT8L,STMN3,PRKCG,PHF24,ZNF365,CHN1,RAB3A,BRSK1,CSPG5,MGAT5B,FBXL16,MAPK8IP2,PTPRN2,CA11,CGREF1,TMEM59L,CPLX1,CASKIN1,DLG4,PDXP,GDAP1"
"DEG_MD_HCT116","41","0.025510000000000001","AHDC1","AHDC1","39","300","0.0000894399999999999975","0.0031900000000000001","2.05900000000000016","GTEx--Coexpression","IL20RB,LYPD3,RDH12,SFN,ZNF250,DUSP7,WNT7B,PIAS3,GPR87,TACSTD2,CRYBG2,TRIM29,EPHA2,DEGS2,MAST4,TENT5B,TNKS2,PATJ,SULT2B1,PARD3,MAML3,S100A14,PROM2,NR1D1,PLCH2,DENND2C,SERPINB5,NFIX,RALGAPA1,PLEKHG5,MAL2,AHNAK2,KLF8,NECTIN4,PPL,NMU,GRHL2,MPP7,FAM83B"
"DEG_MD_HCT116","42","0.026140000000000000","ZBTB5","ZBTB5","39","300","0.0000894399999999999975","0.0031900000000000001","2.05900000000000016","GTEx--Coexpression","IL20RB,LYPD3,SFN,VAMP8,SAMD5,GPR87,TACSTD2,CRYBG2,CRYBG1,TRIM29,EPHA2,RBBP8NL,PRDM1,INAVA,ARHGEF35,TTC22,EHF,SULT2B1,S100A14,PROM2,DENND2C,SERPINB5,TMEM154,CTNND1,CDH1,MAL2,MACC1,KLF8,NECTIN4,IL1RN,OVOL1,MALL,PPL,AMMECR1,NMU,MPZL3,MPZL2,GRHL2,FAM83B"
"DEG_MD_HCT116","43","0.026759999999999999","NPAS2","NPAS2","39","300","0.0000894399999999999975","0.0031900000000000001","2.05900000000000016","GTEx--Coexpression","LYPD3,SFN,FGFBP1,FABP5,GPR87,TACSTD2,CRYBG2,CRYBG1,PCDH1,TXNDC17,TRIM29,EPHA2,RBBP8NL,LYNX1,EPGN,INAVA,FUT3,DEGS2,MAST4,TTC22,EPN3,LNX1,EHF,SULT2B1,S100A14,PROM2,GJB2,CDH1,AP1M2,MAL2,NECTIN4,IL1RN,OVOL1,MALL,PPL,NMU,MPZL2,GRHL2,FMNL3"
"DEG_MD_HCT116","44","0.027380000000000002","FOXI2","FOXI2","39","300","0.0000894399999999999975","0.0031900000000000001","2.05900000000000016","GTEx--Coexpression","LYPD3,SFN,TMC1,FGFBP1,SAMD5,SAMD9,FABP5,S100A2,GPR87,TACSTD2,ZNF426,CRYBG2,CRYBG1,TXNDC17,EPHA2,RBBP8NL,TMPRSS4,PLEKHA7,EPGN,PRDM1,DAPP1,FUT3,MAST4,TTC22,LNX1,EHF,SULT2B1,S100A14,PROM2,S100A10,GJB2,MAL2,IL1RN,OVOL1,MALL,TXN,PPL,NMU,MPZL2"
"DEG_MD_HCT116","45","0.028000000000000001","SIM2","SIM2","39","300","0.0000894399999999999975","0.0031900000000000001","2.05900000000000016","GTEx--Coexpression","LYPD3,SFN,TMC1,FGFBP1,SAMD5,SAMD9,FABP5,S100A2,TACSTD2,TMEM19,CRYBG2,CRYBG1,KCP,TXNDC17,EPHA2,RBBP8NL,TMPRSS4,PLEKHA7,EPGN,PRDM1,FUT3,MAST4,TTC22,EPN3,EHF,SULT2B1,S100A14,PROM2,S100A10,GJB2,THSD4,MAL2,IL1RN,MALL,TXN,PPL,NMU,SUSD4,MPZL2"
"DEG_MD_HCT116","46","0.028620000000000000","MKX","MKX","38","296","0.0001409000000000000096","0.0049199999999999999","2.02999999999999980","GTEx--Coexpression","DPYSL3,PDGFC,EFEMP2,FOXP1,FBLIM1,GLIS2,HTR1B,ITGA1,PARD3B,ADGRA2,KCNQ4,ARSJ,ITGBL1,KIRREL1,CRIM1,NAV2,COL12A1,PXDC1,CPED1,CHST14,MCAM,NFATC4,TGFB1I1,PRSS23,GLI2,TIMP2,ZEB1,PRKG1,TRPC1,ANTXR2,TMTC1,AXL,SYDE1,LTBP1,SPEG,PALLD,COL6A2,COL6A1"
"DEG_MD_HCT116","47","0.029250000000000002","ZNF497","ZNF497","38","299","0.0001732000000000000087","0.0050499999999999998","2.00700000000000012","GTEx--Coexpression","ZFYVE28,GRIN2C,KCNC3,P4HTM,TARBP1,ACAP3,TMEM25,TMEM120B,NOXA1,PPM1H,SLC12A5,PPP1R3E,SYNGR1,GRIK2,OGDHL,ADAM11,MZF1,SYT7,ARFGEF3,GALNT9,FAM131B,ENO2,GPR137C,KIFC2,BRF1,TMEM229B,DISP2,CACNB4,RTN4R,CUL7,CHRD,SPIRE2,MAP3K12,KCNAB3,SRRM3,SPTBN4,CARMIL3,MCF2L"
"DEG_MD_HCT116","48","0.029870000000000001","TEAD3","TEAD3","38","299","0.0001732000000000000087","0.0050499999999999998","2.00700000000000012","GTEx--Coexpression","DPYSL3,HSPG2,PBX1,DCHS1,JPH2,SYNPO2,SNX33,ZNF219,LIMS2,PIAS3,FOXP2,FOXP1,ITGA1,KCNQ4,TSPAN2,FOXF1,CCDC9B,NRP2,SYNM,RAMP1,TENT5B,LAMA5,TES,PARD3,NFATC4,TGFB1I1,CALCOCO1,ANTXR2,MPP7,SYDE1,COL4A6,COL4A5,HSPB8,SPEG,PALLD,COL6A2,COL6A1,DES"
"DEG_MD_HCT116","49","0.030490000000000000","RARG","RARG","38","300","0.0001853000000000000046","0.0050499999999999998","1.99900000000000011","GTEx--Coexpression","IL20RA,IL20RB,LYPD3,RDH12,SFN,DUSP7,WNT7B,GPR87,TACSTD2,CPA4,CRYBG2,CRYBG1,TRIM29,EPHA2,ATP6V1C2,INAVA,DEGS2,TTC22,TENT5B,ABCA12,SULT2B1,S100A14,PROM2,SERPINB5,TMEM154,MAL2,AHNAK2,KLF8,NECTIN4,OVOL1,PPL,AMMECR1,NMU,MPZL3,GRHL2,FAM83B,POU2F3,SDR16C5"
"DEG_MD_HCT116","50","0.031109999999999999","ZNF750","ZNF750","38","300","0.0001853000000000000046","0.0050499999999999998","1.99900000000000011","GTEx--Coexpression","IL20RA,IL20RB,LYPD3,RDH12,SFN,DUSP7,WNT7B,GPR87,TACSTD2,CPA4,CRYBG2,TNFRSF19,TRIM29,ATP6V1C2,INAVA,ARHGEF35,DEGS2,ABCA12,SULT2B1,PROM2,ELL3,DENND2C,SERPINB5,TMEM154,MAL2,AHNAK2,KLF8,NECTIN4,TNS4,OVOL1,AMMECR1,KRT23,MPZL3,GRHL2,FAM83B,PSAPL1,POU2F3,SDR16C5"
"DEG_MD_HCT116","51","0.031739999999999997","IRF6","IRF6","38","300","0.0001853000000000000046","0.0050499999999999998","1.99900000000000011","GTEx--Coexpression","IL20RA,IL20RB,LYPD3,RDH12,SFN,DUSP7,WNT7B,GPR87,TACSTD2,CPA4,CRYBG2,TNFRSF19,TRIM29,ATP6V1C2,INAVA,ARHGEF35,DEGS2,HMGCR,ABCA12,SULT2B1,PROM2,ELL3,SERPINB5,TMEM154,RNF43,MAL2,IRX3,AHNAK2,NECTIN4,TNS4,OVOL1,MPZL3,CA12,GRHL2,FAM83B,PSAPL1,POU2F3,SDR16C5"
"DEG_MD_HCT116","52","0.032360000000000000","FOXP2","FOXP2","38","300","0.0001853000000000000046","0.0050499999999999998","1.99900000000000011","GTEx--Coexpression","DPYSL3,COL24A1,PBX3,PBX1,DCHS1,LRRC3,JPH2,SYNPO2,ZNF219,LIMS2,FOXP1,ITGA1,KCNQ4,TSPAN2,FOXF1,CCDC9B,NRP2,SYNM,GRIP1,LAMA5,TES,PARD3,TGFB1I1,ZEB1,MITF,CACNB2,CALCOCO1,ANTXR2,EBF4,COL4A6,COL4A5,HSPB8,HEPH,SPEG,PALLD,COL6A1,LRIG1,DES"
"DEG_MD_HCT116","53","0.032980000000000002","DEAF1","DEAF1","38","300","0.0001853000000000000046","0.0050499999999999998","1.99900000000000011","GTEx--Coexpression","AGAP3,MMP17,CSMD3,OLFM1,FSD1,NOVA2,ADGRB2,ADGRB1,GRIK4,GRIN1,FKBP1B,PALM,SYT3,SYNGR3,NAT8L,STMN3,PRKCG,AIFM3,PHF24,TUBB2A,RAB3A,BRSK1,TMEM132A,CSPG5,MGAT5B,WASF3,FBXL16,ARL6IP1,ACSL6,MAPK8IP2,GPM6A,CA11,CGREF1,TMEM59L,CPLX1,CASKIN1,DLG4,GDAP1"
"DEG_MD_HCT116","54","0.033599999999999998","DBP","DBP","38","300","0.0001853000000000000046","0.0050499999999999998","1.99900000000000011","GTEx--Coexpression","AGAP3,ACAP3,OLFM2,TMEM25,SLC12A5,RIN1,SYNGR1,ANO8,CAMKK1,GRIN1,PER3,CCER2,CACNA1I,SYT3,BMP7,BCL7A,SPOCK2,STMN3,NR1D1,FNDC10,PLCH2,KIFC2,BRF1,TMEM229B,BZW1,CACNB4,RTN4R,PLEKHG5,ACSL6,MAPK8IP2,SPTBN4,CARMIL3,CA11,TMEM59L,CPLX1,CASKIN1,DLG4,CAMK1D"
"DEG_MD_HCT116","55","0.034229999999999997","KLF3","KLF3","38","300","0.0001853000000000000046","0.0050499999999999998","1.99900000000000011","GTEx--Coexpression","IL20RA,IL20RB,LYPD3,RDH12,SFN,GPR87,TACSTD2,CPA4,CRYBG2,CRYBG1,TRIM29,EREG,ATP6V1C2,CD44,INAVA,ARHGEF35,DEGS2,HMGCR,ABCA12,SULT2B1,MAML3,PROM2,SERPINB5,TMEM154,CTNND1,MAL2,AHNAK2,KLF8,NECTIN4,TNS4,OVOL1,AMMECR1,MPZL3,GRHL2,FAM83B,PSAPL1,POU2F3,SDR16C5"
"DEG_MD_HCT116","56","0.034849999999999999","MSGN1","MSGN1","38","300","0.0001853000000000000046","0.0050499999999999998","1.99900000000000011","GTEx--Coexpression","LYPD3,SFN,FGFBP1,SAMD5,SAMD9,FABP5,S100A2,GPR87,TACSTD2,ZNF426,TMEM19,CRYBG2,CRYBG1,TXNDC17,EPHA2,TMPRSS4,PLEKHA7,EPGN,PRDM1,DAPP1,FUT3,MAST4,TTC22,EHF,SULT2B1,S100A14,PROM2,S100A10,GJB2,THSD4,MAL2,IL1RN,MALL,TXN,PPL,NMU,MPZL2,KRT6A"
"DEG_MD_HCT116","57","0.035470000000000002","ZGLP1","ZGLP1","38","300","0.0001853000000000000046","0.0050499999999999998","1.99900000000000011","GTEx--Coexpression","ZFYVE28,AGAP3,RNF215,GRIN2C,KCNC3,P4HTM,ACAP3,TMEM25,TMEM120B,FSD1,SLC12A5,PPP1R3E,SYNGR1,GRIN1,OGDHL,MZF1,CACNA1I,RHPN1,SYT3,MAST1,GALNT9,SPOCK2,MAPK11,STMN3,KIFC2,BRF1,TMEM229B,DISP2,RTN4R,SPIRE2,SRRM3,MAPK8IP2,SPTBN4,SLC22A17,CA11,TMEM59L,DLG4,DOCK3"
"DEG_MD_HCT116","58","0.036089999999999997","ARNTL2","ARNTL2","38","300","0.0001853000000000000046","0.0050499999999999998","1.99900000000000011","GTEx--Coexpression","LYPD3,SFN,FGFBP1,SAMD9,FABP5,S100A2,GPR87,TACSTD2,ZNF426,CRYBG2,CRYBG1,IKZF2,TXNDC17,EPHA2,PCNA,EPGN,PRDM1,DAPP1,FUT3,TTC22,EHF,SULT2B1,S100A14,PROM2,GJB2,SNRPF,MAL2,MACC1,IL1RN,ESCO2,MALL,TXN,PPL,AMMECR1,NMU,MPZL2,KRT6A,SGPP2"
"DEG_MD_HCT116","59","0.036710000000000000","ATOH7","ATOH7","38","300","0.0001853000000000000046","0.0050499999999999998","1.99900000000000011","GTEx--Coexpression","AGAP3,DLGAP1,OLFM1,TMEM25,RASGRF1,PPM1H,FSD1,SLC12A5,SYT13,ADGRB2,SYNGR1,VSNL1,GRIN1,OGDHL,SYT3,SYT1,SYT7,GALNT9,FAM131B,STMN3,PHF24,CHN1,RAB3A,RTN4R,BRSK1,CHRD,ARL6IP1,ACSL6,MAPK8IP2,GPM6A,SPTBN4,CA11,CGREF1,TMEM59L,CASKIN1,DLG4,PDXP,GDAP1"
"DEG_MD_HCT116","60","0.037339999999999998","BHLHA9","BHLHA9","37","298","0.0003285000000000000159","0.0086499999999999997","1.95399999999999996","GTEx--Coexpression","AGAP3,B4GAT1,KCNC4,DLGAP1,ATL1,OLFM1,CNTNAP2,FSD1,SYT13,ADGRB2,ADGRB1,IQSEC1,VSNL1,PNMA2,GRIN1,RGS4,SYT3,SYT1,GRM7,SYNGR3,NAT8L,STMN3,PHF24,ZNF365,TUBB2A,CHN1,RAB3A,BRSK1,ANKRD24,MGAT5B,C2CD4C,CA11,LMO4,TMEM59L,CPLX1,CASKIN1,PDXP"
"DEG_MD_HCT116","61","0.037960000000000001","ZNF618","ZNF618","37","298","0.0003285000000000000159","0.0086499999999999997","1.95399999999999996","GTEx--Coexpression","PDGFC,ZNF268,NR2F2,SNX33,ZNF214,EFEMP2,GLIS2,HTR1B,ITGA3,ST7,ADGRA2,ZNF704,ITGBL1,FKBP10,KIRREL1,CRIM1,VIM,GPR176,PXDC1,CPED1,BCAM,CHST14,TIMP2,IRS1,FKBP9,CUL7,CYBRD1,P3H3,COL18A1,TMED4,PTCHD4,HFE,SYDE1,LTBP2,LTBP1,FBLN5,RBMS3"
"DEG_MD_HCT116","62","0.038580000000000003","TRPS1","TRPS1","37","299","0.0003504000000000000062","0.0088000000000000005","1.94599999999999995","GTEx--Coexpression","LYPD3,SNX33,FABP5,PIAS3,GPR87,TACSTD2,CRYBG2,CRYBG1,TRIM29,EPHA2,CD44,MAST4,TENT5B,ETV6,ELF3,LAMA3,EHF,MAML2,SULT2B1,S100A14,PROM2,GJB2,IRX3,KLF8,PI15,NECTIN4,TRAF3IP2,AZGP1,PPL,CITED4,MAP4K5,MPZL2,GRHL2,MPP7,ARHGAP40,ZFP36L1,DLG5"
"DEG_MD_HCT116","63","0.039199999999999999","PBX1","PBX1","37","299","0.0003504000000000000062","0.0088000000000000005","1.94599999999999995","GTEx--Coexpression","DPYSL3,GTF2IRD2B,DCHS1,JPH2,SYNPO2,LIMS2,FOXP2,FOXP1,ITGA1,ADGRA2,KCNQ4,TSPAN2,FOXF1,CCDC9B,NRP2,SYNM,RAMP1,KLHL13,TES,NFATC4,TGFB1I1,GLI2,RSPO1,ZEB1,MITF,CACNB2,ANTXR2,EBF4,SYDE1,COL4A6,COL4A5,SPEG,PALLD,COL6A2,COL6A1,LRIG1,DES"
"DEG_MD_HCT116","64","0.039829999999999997","GLI3","GLI3","37","299","0.0003504000000000000062","0.0088000000000000005","1.94599999999999995","GTEx--Coexpression","PBX1,DCHS1,MMP14,SNX33,EFEMP2,PIAS3,FOXP2,PARD3B,ADGRA2,NRP2,KIRREL1,AMOTL2,LAMA4,MAML2,PARD3,CHST14,NFATC4,TGFB1I1,GLI2,ZEB1,FGD6,IRS1,FKBP9,CYBRD1,SH3D19,AHNAK2,KLF8,TRAF3IP2,ANTXR2,TWIST1,MAP4K5,AXL,SYDE1,ZFP36L1,DLG5,COL6A2,COL6A1"
"DEG_MD_HCT116","65","0.040450000000000000","PITX1","PITX1","37","300","0.0003735999999999999738","0.0088299999999999993","1.93900000000000006","GTEx--Coexpression","LYPD3,SFN,FGFBP1,SAMD5,SAMD9,FABP5,S100A2,GPR87,TACSTD2,ZNF426,CRYBG2,CRYBG1,TXNDC17,EPHA2,RBBP8NL,TMPRSS4,EPGN,PRDM1,DAPP1,FUT3,MAST4,TTC22,EHF,SULT2B1,S100A14,PROM2,S100A10,GJB2,THSD4,MAL2,IL1RN,MALL,TXN,PPL,NMU,MPZL2,KRT6A"
"DEG_MD_HCT116","66","0.041070000000000002","ZMAT4","ZMAT4","37","300","0.0003735999999999999738","0.0088299999999999993","1.93900000000000006","GTEx--Coexpression","NGEF,ATL1,OLFM1,KCNF1,CNTNAP2,NOVA2,ICAM5,ADGRB2,ADGRB1,CAMKK1,PNMA2,GRIN1,RGS4,CACNA1I,GRM7,NAT8L,STMN3,PHF24,ZNF365,CHN1,RAB3A,LZTS1,BRSK1,ANKRD24,MGAT5B,KCNIP3,FBXL16,PTPRN2,AKAP5,CA11,CGREF1,CPLX1,CASKIN1,DLG4,DOCK3,CAMK1D,LGI3"
"DEG_MD_HCT116","67","0.041689999999999998","RREB1","RREB1","37","300","0.0003735999999999999738","0.0088299999999999993","1.93900000000000006","GTEx--Coexpression","PRKACB,LYPD3,SFN,VAMP8,GPR87,TACSTD2,CORO2B,CRYBG2,CRYBG1,TRIM29,CCDC92,EPHA2,SLC45A1,RBBP8NL,GNAZ,INAVA,ARHGEF35,ANKHD1,MAST4,TTC22,EHF,SULT2B1,S100A14,PROM2,DENND2C,CTNND1,CDH1,MAL2,WASF3,NECTIN4,PPL,MAP6,AMMECR1,NMU,MPZL2,GRHL2,FAM83B"
"DEG_MD_HCT116","68","0.042310000000000000","FOXD4L3","FOXD4L3","37","300","0.0003735999999999999738","0.0088299999999999993","1.93900000000000006","GTEx--Coexpression","AGAP3,DLGAP1,OLFM1,CORO2B,RASGRF1,FSD1,SLC12A5,SYT13,ADGRB2,SYNGR1,CAMKK1,GRIN1,FKBP1B,CACNA1I,SYT3,SYT1,MAST1,SYNGR3,NAT8L,ZNF804A,FAM131B,STMN3,PRKCG,CHN1,RAB3A,BRSK1,ACSL6,MAPK8IP2,GPM6A,SPTBN4,CA11,CGREF1,TMEM59L,CPLX1,CASKIN1,DLG4,GDAP1"
"DEG_MD_HCT116","69","0.042939999999999999","KCNIP3","KCNIP3","36","298","0.0006486999999999999928","0.0126999999999999995","1.89399999999999991","GTEx--Coexpression","AGAP3,MMP17,OLFM1,KCNF1,CNTNAP2,FSD1,NOVA2,CCDC92,ADGRB2,ADGRB1,GRIN1,RGS4,PALM,TMOD2,GRM7,NAT8L,STMN3,PHF24,ZNF365,CHN1,RAB3A,LZTS1,BRSK1,ANKRD24,TMEM132B,CSPG5,MGAT5B,WASF3,C2CD4C,TUBG2,CA11,LMO4,CASKIN1,DLG4,DOCK3,MEIS3"
"DEG_MD_HCT116","70","0.043560000000000001","FEZF2","FEZF2","36","298","0.0006486999999999999928","0.0126999999999999995","1.89399999999999991","GTEx--Coexpression","AGAP3,DLGAP1,MMP17,OLFM1,NPTXR,KCNF1,FSD1,NOVA2,ICAM5,CCDC92,ADGRB2,ADGRB1,FKBP1B,PALM,SYT3,GRM7,NAT8L,STMN3,PRKCG,PHF24,TUBB2A,CHN1,RAB3A,BRSK1,CSPG5,NF2,KCNIP3,ARL6IP1,MAPK8IP2,GPM6A,C2CD4C,CA11,LMO4,CASKIN1,DLG4,MEIS3"
"DEG_MD_HCT116","71","0.044179999999999997","RORB","RORB","36","298","0.0006486999999999999928","0.0126999999999999995","1.89399999999999991","GTEx--Coexpression","DLGAP1,ATL1,OLFM1,CNTNAP2,SYT13,ADGRB2,ADGRB1,IQSEC1,VSNL1,PNMA2,GRIN1,RGS4,PALM,TMOD2,SYT1,GRM7,NAT8L,STMN3,PHF24,ZNF365,CHN1,RAB3A,BRSK1,ANKRD24,TMEM132B,CSPG5,MGAT5B,KCNIP3,ARL6IP1,GPM6A,C2CD4C,CA11,LMO4,CPLX1,CASKIN1,ACBD7"
"DEG_MD_HCT116","72","0.044800000000000000","LHX2","LHX2","36","298","0.0006486999999999999928","0.0126999999999999995","1.89399999999999991","GTEx--Coexpression","AGAP3,MMP17,CRB2,WNT7A,OLFM1,OLFM2,KCNF1,ADGRB2,ADGRB1,CTXN1,FKBP1B,PALM,TMOD2,MRO,NAT8L,STMN3,AIFM3,CHN1,LZTS1,BRSK1,ANKRD24,TMEM132B,TMEM132A,CSPG5,MGAT5B,WASF3,FBXL16,ACSL6,GPM6A,C2CD4C,ITM2C,CA11,CPLX1,CASKIN1,ACBD7,DLG4"
"DEG_MD_HCT116","73","0.045429999999999998","MEIS3","MEIS3","36","298","0.0006486999999999999928","0.0126999999999999995","1.89399999999999991","GTEx--Coexpression","AGAP3,KCNC4,DLGAP1,MMP17,OLFM1,NPTXR,FSD1,SYT13,NOVA2,CCDC92,ADGRB2,ADGRB1,PALM,SYT3,SYT1,GRM7,SYNGR3,STMN3,PHF24,TUBB2A,CHN1,RAB3A,CACNB3,BRSK1,MGAT5B,KCNIP3,MAPK8IP2,GPM6A,C2CD4C,CA11,LMO4,TMEM59L,CASKIN1,DLG4,MYRIP,PDXP"
"DEG_MD_HCT116","74","0.046050000000000001","TBX18","TBX18","36","298","0.0006486999999999999928","0.0126999999999999995","1.89399999999999991","GTEx--Coexpression","HSPG2,ADAMTS10,PDGFC,PLSCR4,CRLF1,FBLIM1,GLIS2,HTR1B,PARD3B,ARSJ,ID2,ITGBL1,CRIP1,KIRREL1,NXPH3,CRIM1,VCAN,VIM,MAML2,PXDC1,CPED1,ENDOD1,HOXC4,MCAM,TIMP2,ITGA10,PRKG1,TMTC1,COL18A1,AXL,SYDE1,LTBP2,LTBP1,FBLN5,RBMS3,CHSY3"
"DEG_MD_HCT116","75","0.046670000000000003","PRDM16","PRDM16","36","298","0.0006486999999999999928","0.0126999999999999995","1.89399999999999991","GTEx--Coexpression","HSPG2,ADAMTS10,CRLF1,FRK,SHC4,FBLIM1,GLIS2,HTR1B,PMEPA1,ITGA3,ITGA9,ST7,ZNF704,ID3,CRIP1,NXPH3,DACT1,NAV2,VCAN,VIM,PXDC1,CPED1,BCAM,MCAM,TIMP2,ITGA10,RCAN2,DUSP19,PRKG1,TNS3,COL18A1,LTBP2,LTBP1,FBLN5,RBMS3,CHSY3"
"DEG_MD_HCT116","76","0.047289999999999999","SOHLH1","SOHLH1","36","298","0.0006486999999999999928","0.0126999999999999995","1.89399999999999991","GTEx--Coexpression","AGAP3,DLGAP1,OLFM1,CNTNAP2,FSD1,SYT13,CCDC92,ADGRB2,ADGRB1,IQSEC1,VSNL1,CAMKK1,GRIN1,RGS4,SYT3,SYT1,SYNGR3,NAT8L,STMN3,PHF24,ZNF365,CHN1,RAB3A,BRSK1,ANKRD24,MGAT5B,KCNIP3,MAPK8IP2,C2CD4C,CA11,LMO4,TMEM59L,CPLX1,CASKIN1,DLG4,PDXP"
"DEG_MD_HCT116","77","0.047919999999999997","HLF","HLF","36","299","0.0006895000000000000087","0.0126999999999999995","1.88700000000000001","GTEx--Coexpression","DPYSL3,COL24A1,DLGAP1,ATL1,KCNB1,FOXP2,FOXP1,TMEM25,CTIF,KCNF1,KCNQ4,SLC45A1,NRP2,SYNM,PCDHB14,PER3,RGS4,GRIP1,GNAZ,SYT1,CNTN1,DENND2A,ADCY5,CHN1,CACNB2,CACNB3,TRPC1,ANTXR2,MAP6,LMO4,COL4A6,COL4A5,SCUBE1,DOCK3,PALLD,SSBP2"
"DEG_MD_HCT116","78","0.048540000000000000","ZNF503","ZNF503","36","299","0.0006895000000000000087","0.0126999999999999995","1.88700000000000001","GTEx--Coexpression","DPYSL3,HSPG2,PDGFC,PBX3,NR2F2,PBX1,DCHS1,SNX33,ZNF219,LIMS2,EFEMP2,FOXP2,FOXP1,GLIS2,ITGA1,KCNQ4,FOXF1,NRP2,SYNM,LAMA4,SLIT2,TES,CHST14,NFATC4,TGFB1I1,GLI2,CACNB2,ANTXR2,EBF4,SYDE1,COL4A6,COL4A5,SCUBE1,PALLD,COL6A2,COL6A1"
"DEG_MD_HCT116","79","0.049160000000000002","HOXA3","HOXA3","36","299","0.0006895000000000000087","0.0126999999999999995","1.88700000000000001","GTEx--Coexpression","DPYSL3,HSPG2,DCHS1,JPH2,SYNPO2,SNX33,ZNF219,LIMS2,PIAS3,FOXP2,FOXP1,FHL1,ITGA1,PARD3B,KCNQ4,TSPAN2,FOXF1,NRP2,SYNM,BMP4,LAMA5,LAMA4,TES,TGFB1I1,AOC3,CALCOCO1,SH3D19,ANTXR2,HMCN1,SYDE1,COL4A6,COL4A5,HEPH,SPEG,PALLD,COL6A2"
"DEG_MD_HCT116","80","0.049779999999999998","NR4A2","NR4A2","36","299","0.0006895000000000000087","0.0126999999999999995","1.88700000000000001","GTEx--Coexpression","PRKACB,B4GAT1,CRB2,CSMD3,FRMD5,CORO2B,FSD1,NOVA2,ADGRB2,ADGRB1,GRIK4,MT-ATP8,GRIN1,PALM,SYT3,SYNGR3,NAT8L,STMN3,AIFM3,RAB3A,BRSK1,TMEM132A,CSPG5,WASF3,ARL6IP1,ACSL6,MAPK8IP2,GPM6A,CA11,TMEM59L,CPLX1,CASKIN1,DLG4,LGI3,HAGHL,GDAP1"
"DEG_MD_HCT116","81","0.050400000000000000","SOX1","SOX1","36","299","0.0006895000000000000087","0.0126999999999999995","1.88700000000000001","GTEx--Coexpression","PRKACB,B4GAT1,CSMD3,FSD1,NOVA2,ADGRB2,ADGRB1,GRIK4,PNMA2,GRIN1,PALM,SYT3,GRM7,SYNGR3,NAT8L,GNG4,STMN3,AIFM3,TUBB2A,BRSK1,TMEM132A,CSPG5,WASF3,ARL6IP1,ACSL6,MAPK8IP2,GPM6A,MAP6,PTPRN2,SLC22A17,CA11,CGREF1,TMEM59L,CASKIN1,DLG4,GDAP1"
"DEG_MD_HCT116","82","0.051029999999999999","IRX4","IRX4","36","300","0.0007326000000000000264","0.0126999999999999995","1.87900000000000000","GTEx--Coexpression","IL20RA,IL20RB,LYPD3,RDH12,SFN,DUSP7,WNT7B,GPR87,TACSTD2,CPA4,CRYBG2,TNFRSF19,TRIM29,ATP6V1C2,INAVA,DEGS2,TENT5B,ABCA12,SULT2B1,PROM2,DENND2C,SERPINB5,TMEM154,IRX3,AHNAK2,KLF8,NECTIN4,TNS4,OVOL1,NMU,MPZL3,GRHL2,FAM83B,PSAPL1,POU2F3,SDR16C5"
"DEG_MD_HCT116","83","0.051650000000000001","INSM2","INSM2","36","300","0.0007326000000000000264","0.0126999999999999995","1.87900000000000000","GTEx--Coexpression","PRKACB,B4GAT1,ATL1,CSMD3,KCNF1,CNTNAP2,FSD1,SYT13,ADGRB2,ADGRB1,PNMA2,GRIN1,RGS4,SYT3,SYT1,GRM7,SYNGR3,NAT8L,STMN3,PHF24,ZNF365,TUBB2A,CHN1,RAB3A,BRSK1,AP3M2,MGAT5B,ARL6IP1,PTPRN2,SLC22A17,CGREF1,TMEM59L,CPLX1,CASKIN1,DLG4,GDAP1"
"DEG_MD_HCT116","84","0.052269999999999997","EN2","EN2","36","300","0.0007326000000000000264","0.0126999999999999995","1.87900000000000000","GTEx--Coexpression","ZFYVE28,COL13A1,GRIN2C,L1CAM,ACAP3,TMEM120B,MTCL1,RASGRF1,PPM1H,SLC12A5,SYNGR1,GRIK2,PPFIA4,ADAM11,MAST1,RASGEF1C,GALNT9,SPOCK2,SBK1,FAM131B,ENO2,GPR137C,GRAMD1B,FGF9,DISP2,CACNB4,RTN4R,MAP3K12,KCNAB3,SRRM3,SPTBN4,TRANK1,CARMIL3,SLC22A31,MCF2L,CDH15"
"DEG_MD_HCT116","85","0.052890000000000000","HOXB3","HOXB3","36","300","0.0007326000000000000264","0.0126999999999999995","1.87900000000000000","GTEx--Coexpression","DPYSL3,STARD9,HSPG2,PBX1,DCHS1,JPH2,SYNPO2,ZNF219,LIMS2,FOXP2,FOXP1,ITGA1,KCNQ4,TSPAN2,FOXF1,CCDC9B,NRP2,SYNM,BMP4,LAMA5,LAMA4,TES,BLOC1S2,NFATC4,TGFB1I1,ZEB1,AOC3,ANTXR2,SYDE1,COL4A6,COL4A5,HEPH,PALLD,COL6A2,COL6A1,DES"
"DEG_MD_HCT116","86","0.053519999999999998","ZIC3","ZIC3","36","300","0.0007326000000000000264","0.0126999999999999995","1.87900000000000000","GTEx--Coexpression","ZFYVE28,COL13A1,GRIN2C,L1CAM,ACAP3,TMEM120B,MTCL1,RASGRF1,PPM1H,SLC12A5,SYNGR1,GRIK2,PPFIA4,ADAM11,MAST1,RASGEF1C,GALNT9,SPOCK2,SBK1,FAM131B,ENO2,GPR137C,GRAMD1B,FGF9,DISP2,CACNB4,RTN4R,MAP3K12,KCNAB3,SRRM3,SPTBN4,TRANK1,CARMIL3,SLC22A31,MCF2L,CDH15"
"DEG_MD_HCT116","87","0.054140000000000001","SKOR1","SKOR1","36","300","0.0007326000000000000264","0.0126999999999999995","1.87900000000000000","GTEx--Coexpression","ZFYVE28,COL13A1,GRIN2C,L1CAM,ACAP3,TMEM120B,MTCL1,RASGRF1,PPM1H,SLC12A5,SYNGR1,GRIK2,PPFIA4,ADAM11,MAST1,RASGEF1C,GALNT9,SPOCK2,SBK1,FAM131B,ENO2,GPR137C,GRAMD1B,FGF9,DISP2,RTN4R,MAP3K12,PLEKHG5,KCNAB3,SRRM3,SPTBN4,TRANK1,CARMIL3,SLC22A31,MCF2L,CDH15"
"DEG_MD_HCT116","88","0.054760000000000003","FOXG1","FOXG1","36","300","0.0007326000000000000264","0.0126999999999999995","1.87900000000000000","GTEx--Coexpression","NGEF,MMP17,CSMD3,OLFM1,KCNF1,NOVA2,ICAM5,ADGRB2,ADGRB1,CTXN1,PNMA2,GRIN1,FKBP1B,PALM,GRM7,NAT8L,STMN3,PRKCG,PHF24,ZNF365,CHN1,RAB3A,LZTS1,BRSK1,TMEM132B,CSPG5,MGAT5B,FBXL16,PTPRN2,AKAP5,CA11,CGREF1,CPLX1,CASKIN1,ACBD7,DLG4"
"DEG_MD_HCT116","89","0.055379999999999999","BARHL1","BARHL1","36","300","0.0007326000000000000264","0.0126999999999999995","1.87900000000000000","GTEx--Coexpression","ZFYVE28,COL13A1,GRIN2C,L1CAM,ACAP3,TMEM120B,MTCL1,RASGRF1,PPM1H,SLC12A5,SYNGR1,GRIK2,PPFIA4,ADAM11,MAST1,RASGEF1C,GALNT9,SPOCK2,SBK1,FAM131B,ENO2,GPR137C,GRAMD1B,FGF9,DISP2,RTN4R,CHRD,MAP3K12,KCNAB3,SRRM3,SPTBN4,TRANK1,CARMIL3,SLC22A31,MCF2L,CDH15"
"DEG_MD_HCT116","90","0.056000000000000001","ZIC5","ZIC5","36","300","0.0007326000000000000264","0.0126999999999999995","1.87900000000000000","GTEx--Coexpression","ZFYVE28,COL13A1,GRIN2C,L1CAM,ACAP3,TMEM120B,MTCL1,RASGRF1,PPM1H,SLC12A5,SYNGR1,GRIK2,PPFIA4,ADAM11,MAST1,RASGEF1C,GALNT9,SPOCK2,SBK1,FAM131B,ENO2,GPR137C,GRAMD1B,FGF9,DISP2,CACNB4,RTN4R,MAP3K12,KCNAB3,SRRM3,SPTBN4,TRANK1,CARMIL3,SLC22A31,MCF2L,CDH15"
"DEG_MD_HCT116","91","0.056630000000000000","ZNF431","ZNF431","36","300","0.0007326000000000000264","0.0126999999999999995","1.87900000000000000","GTEx--Coexpression","LYPD3,SFN,SAMD9,FABP5,GPR87,TACSTD2,ZNF426,CRYBG2,CRYBG1,EPHA2,EPGN,PRDM1,DAPP1,PLD1,FUT3,MAST4,TTC22,EHF,SULT2B1,S100A14,PROM2,S100A10,GJB2,DENND2C,TMEM154,MAL2,KLF8,NECTIN4,IL1RN,OVOL1,MALL,PPL,AMMECR1,NMU,MPZL3,MPZL2"
"DEG_MD_HCT116","92","0.057250000000000002","TBX6","TBX6","36","300","0.0007326000000000000264","0.0126999999999999995","1.87900000000000000","GTEx--Coexpression","LYPD3,SFN,FGFBP1,SAMD9,FABP5,S100A2,GPR87,TACSTD2,CRYBG2,CRYBG1,TXNDC17,EPHA2,RBBP8NL,TMPRSS4,EPGN,PRDM1,DAPP1,FUT3,MAST4,TTC22,EHF,SULT2B1,S100A14,PROM2,GJB2,TMEM154,THSD4,MAL2,NECTIN4,IL1RN,MALL,TXN,PPL,NMU,MPZL3,MPZL2"
"DEG_MD_HCT116","93","0.057869999999999998","BARX2","BARX2","36","300","0.0007326000000000000264","0.0126999999999999995","1.87900000000000000","GTEx--Coexpression","LYPD3,SFN,FGFBP1,SAMD5,FABP5,S100A2,GPR87,TACSTD2,CRYBG2,CRYBG1,TXNDC17,TRIM29,EPHA2,RBBP8NL,TMPRSS4,EPGN,PRDM1,FUT3,MAST4,TTC22,EHF,SULT2B1,S100A14,PROM2,S100A10,GJB2,THSD4,MAL2,NECTIN4,IL1RN,MALL,TXN,PPL,NMU,MPZL2,GRHL2"
"DEG_MD_HCT116","94","0.058490000000000000","ZEB1","ZEB1","35","296","0.0011089999999999999598","0.0179999999999999986","1.84800000000000009","GTEx--Coexpression","DPYSL3,HSPG2,PBX1,DCHS1,VAMP8,SYNPO2,LIMS2,EFEMP2,FOXP2,FHL1,ITGA1,PARD3B,KCNQ4,TSPAN2,NRP2,SYNM,KIRREL1,CRIM1,LAMA4,GALNT3,TGFB1I1,PRSS23,FGF2,RNF43,AP1M2,PRKG1,ANTXR2,CYP2U1,TMTC1,AXL,SYDE1,SPEG,PALLD,COL6A2,COL6A1"
"DEG_MD_HCT116","95","0.059119999999999999","EBF1","EBF1","35","297","0.0011750000000000000461","0.0179999999999999986","1.84099999999999997","GTEx--Coexpression","LIPE,HSPG2,ADAMTS10,PLSCR4,PPARG,SAV1,PARD3B,KCTD12,CRIM1,AMOTL2,VIM,MAML2,SERPINF1,MCAM,TIMP2,TIMP3,APOLD1,APOL3,AOC3,GSN,FKBP9,CYBRD1,SH3D19,KLF7,TNS2,INPP4B,TMTC1,MDFIC,AXL,DOCK11,SYDE1,RBMS3,CHSY3,SPRY2,SPRY1"
"DEG_MD_HCT116","96","0.059740000000000001","FOXC2","FOXC2","35","297","0.0011750000000000000461","0.0179999999999999986","1.84099999999999997","GTEx--Coexpression","ADAMTS10,PDGFC,CRLF1,FBLIM1,GLIS2,HTR1B,PMEPA1,ITGA3,ID2,ITGBL1,CRIP1,NXPH3,CRIM1,NAV2,VCAN,VIM,PXDC1,CPED1,MCAM,PRSS23,TIMP2,ANKRD37,ITGA10,RCAN2,PRKG1,HMCN1,COL18A1,SYDE1,LTBP2,LTBP1,FBLN5,SPEG,RBMS3,CHSY3,HES4"
"DEG_MD_HCT116","97","0.060359999999999997","FOXC1","FOXC1","35","297","0.0011750000000000000461","0.0179999999999999986","1.84099999999999997","GTEx--Coexpression","ADAMTS10,PDGFC,CRLF1,FRK,FBLIM1,GLIS2,HTR1B,PMEPA1,ITGA3,ID2,ITGBL1,CRIP1,NXPH3,CRIM1,NAV2,VCAN,VIM,PXDC1,CPED1,ENDOD1,MCAM,TIMP2,ITGA10,RCAN2,PRKG1,HMCN1,COL18A1,SYDE1,LTBP2,LTBP1,FBLN5,SPEG,RBMS3,CHSY3,HES4"
"DEG_MD_HCT116","98","0.060979999999999999","PRRX1","PRRX1","35","297","0.0011750000000000000461","0.0179999999999999986","1.84099999999999997","GTEx--Coexpression","HSPG2,HOXC11,MMP14,PLSCR4,EFEMP2,SAV1,PARD3B,ADGRA2,FKBP10,KIRREL1,CRIM1,AMOTL2,LAMA4,VIM,MAML2,GPR176,SERPINF1,CPED1,HOXC4,CHST14,PRSS23,TIMP2,CSF1,FKBP9,CYBRD1,ADAMTS2,INPP4B,PLPP3,TWIST1,PTCHD4,AXL,SYDE1,COL6A2,RBMS3,CHSY3"
"DEG_MD_HCT116","99","0.061609999999999998","SOX10","SOX10","35","298","0.0012450000000000000129","0.0179999999999999986","1.83400000000000007","GTEx--Coexpression","ABCA2,NGFR,MICALL2,FRMD5,SHC4,ITGB4,IL1RAPL1,PLEKHB1,ZDHHC8,PIK3R1,SEC14L5,COL9A3,PRICKLE1,MPZ,TMOD2,WNT6,SH3TC2,GLDN,ENDOD1,AFAP1L2,PLLP,CLDND1,NRBP2,TMEM132B,GAL3ST1,C1QL1,SEMA3B,SOX8,TNS3,CYP2U1,PAPLN,MAP4K5,ARHGAP39,SLC2A1,FMNL3"
"DEG_MD_HCT116","100","0.062230000000000001","FOXL1","FOXL1","35","298","0.0012450000000000000129","0.0179999999999999986","1.83400000000000007","GTEx--Coexpression","PDGFC,CRLF1,EFEMP2,FBLIM1,GLIS2,HTR1B,PMEPA1,ARSJ,ITGBL1,FKBP10,CRIP1,KIRREL1,NXPH3,CRIM1,NAV2,VCAN,VIM,GPR176,PXDC1,CPED1,MCAM,PRSS23,TIMP2,ITGA10,RCAN2,PRKG1,COL18A1,AXL,SYDE1,LTBP2,LTBP1,FBLN5,SPEG,RBMS3,CHSY3"
"DEG_MD_HCT116","101","0.062850000000000003","RARB","RARB","35","298","0.0012450000000000000129","0.0179999999999999986","1.83400000000000007","GTEx--Coexpression","DPYSL3,PBX1,JPH2,SYNPO2,KCNB1,LIMS2,FOXP1,KCNF1,ITGA1,ITGA9,ZNF615,KCNQ4,SLC45A1,NRP2,SYNM,CETN2,KLHL13,GNAL,SLIT2,TGFB1I1,DENND2A,ADCY5,CACNB2,DUSP19,TRPC1,ANTXR2,EBF4,CYP2U1,COL4A6,COL4A5,SCUBE1,HSPB8,PALLD,DES,SSBP2"
"DEG_MD_HCT116","102","0.063469999999999999","TSHZ3","TSHZ3","35","298","0.0012450000000000000129","0.0179999999999999986","1.83400000000000007","GTEx--Coexpression","DPYSL3,HSPG2,GTF2IRD2B,GSTM2,PBX3,NR2F2,PBX1,DCHS1,ZNF214,LIMS2,EFEMP2,FOXP2,FOXP1,ITGA1,PARD3B,ADGRA2,TSPAN2,FOXF1,NRP2,LAMA4,CHST14,NFATC4,TGFB1I1,GLI2,TIMP2,ZEB1,IRS1,TRPC1,ANTXR2,EBF4,GALNT10,SYDE1,PALLD,COL6A2,COL6A1"
"DEG_MD_HCT116","103","0.064089999999999994","HEYL","HEYL","35","298","0.0012450000000000000129","0.0179999999999999986","1.83400000000000007","GTEx--Coexpression","GATA6,ADAMTS10,CRLF1,EFEMP2,FBLIM1,GLIS2,HTR1B,PMEPA1,ITGA3,ST7,ZNF704,ID3,CRIP1,RAMP1,TGM2,NXPH3,VCAN,PXDC1,CPED1,BCAM,MCAM,PAM,ENG,ITGA10,RCAN2,PRKG1,ADAMTS7,COL18A1,SYDE1,LTBP2,LTBP1,FBLN5,RBMS3,CHSY3,HES4"
"DEG_MD_HCT116","104","0.064720000000000000","ZBTB46","ZBTB46","35","299","0.0013190000000000000769","0.0179999999999999986","1.82699999999999996","GTEx--Coexpression","ZFYVE28,GRIN2C,L1CAM,KCNC3,IDUA,ACAP3,TMEM120B,MTCL1,SYNGR1,GRIK2,PPFIA4,ADAM11,MAST1,RASGEF1C,GALNT9,MAPK11,ENO2,GPR137C,GRAMD1B,DGKE,FGF9,DISP2,RTN4R,CHRD,MAP3K12,KCNAB3,SRRM3,SPTBN4,TRANK1,CARMIL3,CBFA2T3,SLC22A31,GPSM1,MCF2L,CDH15"
"DEG_MD_HCT116","105","0.065339999999999995","TP73","TP73","35","299","0.0013190000000000000769","0.0179999999999999986","1.82699999999999996","GTEx--Coexpression","IL20RA,IL20RB,LYPD3,RDH12,WNT7B,ZNF675,GPR87,TACSTD2,CPA4,TMEM19,CRYBG1,TNFRSF19,TRIM29,RIN1,HIVEP3,INAVA,DEGS2,HMGCR,ABCA12,SULT2B1,PROM2,ELL3,PLCH2,SERPINB5,TMEM154,RNF43,PLEKHG5,MACC1,NECTIN4,KREMEN2,GRHL2,FAM83B,POU2F3,SDR16C5,SGPP2"
"DEG_MD_HCT116","106","0.065960000000000005","FOXH1","FOXH1","35","299","0.0013190000000000000769","0.0179999999999999986","1.82699999999999996","GTEx--Coexpression","CLDN3,GPR39,GPR35,SLC9A2,BCL2L15,TRIM15,HNF4G,HNF4A,AKR1C3,INAVA,FUT3,NAT1,CA2,ELF3,RBM47,TUBAL3,EPS8L3,ABO,ST14,GCNT3,MISP,RNF43,AP1M2,SPIRE2,SLC26A3,AMN,KRT8,ACSL5,TRPM6,KRT20,SIPA1L3,ZDHHC23,PYY,EFNA2,MUC4"
"DEG_MD_HCT116","107","0.066580000000000000","ZNF771","ZNF771","35","299","0.0013190000000000000769","0.0179999999999999986","1.82699999999999996","GTEx--Coexpression","AGAP3,B4GAT1,MMP17,KCNF1,NDUFB8,FSD1,CCDC92,ADGRB2,ADGRB1,CTXN1,SLC45A1,GRIN1,FKBP1B,PALM,SYT3,NAT8L,STMN3,RAB3A,BRSK1,TMEM132A,CSPG5,NF2,METTL26,MGAT5B,FBXL16,MAPK8IP2,CD99L2,CA11,CGREF1,TMEM59L,CPLX1,CASKIN1,DLG4,PDXP,NEURL1"
"DEG_MD_HCT116","108","0.067210000000000006","FOXQ1","FOXQ1","35","299","0.0013190000000000000769","0.0179999999999999986","1.82699999999999996","GTEx--Coexpression","IL20RA,IL20RB,LYPD3,RDH12,PPFIBP2,VAMP8,WNT7B,GPR87,TRIM29,RASSF6,ARL14,ATP6V1C2,INAVA,ARHGEF35,DEGS2,CA2,EPN3,ABCA12,PROM2,SERPINB5,CTNND1,CDH1,AP1M2,MAL2,IRX3,NECTIN4,TNS4,KRT23,CLDN18,GRHL2,ANXA10,FAM83B,PSAPL1,POU2F3,SGPP2"
"DEG_MD_HCT116","109","0.067830000000000001","PRDM6","PRDM6","35","299","0.0013190000000000000769","0.0179999999999999986","1.82699999999999996","GTEx--Coexpression","ADAMTS10,PDGFC,FBLIM1,GLIS2,HTR1B,PMEPA1,ITGA3,ITGA9,ZNF704,TSPAN2,ITGBL1,NXPH3,NAV2,VCAN,TES,PXDC1,CPED1,MCAM,TGFB1I1,PRSS23,TIMP2,AOC3,ITGA10,RCAN2,DUSP19,PRKG1,HMCN1,COL18A1,SYDE1,LTBP2,LTBP1,FBLN5,HEPH,SPEG,CHSY3"
"DEG_MD_HCT116","110","0.068449999999999997","ZNF436","ZNF436","35","299","0.0013190000000000000769","0.0179999999999999986","1.82699999999999996","GTEx--Coexpression","IL20RB,LYPD3,SFN,FABP5,GPR87,TACSTD2,CRYBG2,CRYBG1,TRIM29,EPHA2,RBBP8NL,PLD1,MAST4,TTC22,EHF,HOXA1,SULT2B1,PARD3,S100A14,PROM2,S100A10,SERPINB5,CTNND1,MAL2,KLF8,NECTIN4,TRAF3IP2,PPL,AMMECR1,NMU,GABRE,MPZL2,GRHL2,FAM83B,BDKRB2"
"DEG_MD_HCT116","111","0.069070000000000006","MESP2","MESP2","35","300","0.0013970000000000000213","0.0179999999999999986","1.82000000000000006","GTEx--Coexpression","ATL1,CNTNAP2,FSD1,ADGRB2,ADGRB1,PNMA2,GRIN1,FKBP1B,PALM,SYT3,GRM7,SYNGR3,NAT8L,STMN3,PRKCG,FNDC10,AIFM3,PHF24,ZNF365,TUBB2A,MGLL,CHN1,RAB3A,BRSK1,TMEM132A,MGAT5B,FBXL16,ARL6IP1,ITM2C,CA11,CGREF1,TMEM59L,CPLX1,CASKIN1,DLG4"
"DEG_MD_HCT116","112","0.069699999999999998","ZIC2","ZIC2","35","300","0.0013970000000000000213","0.0179999999999999986","1.82000000000000006","GTEx--Coexpression","ZFYVE28,COL13A1,GRIN2C,L1CAM,ACAP3,TMEM120B,MTCL1,RASGRF1,PPM1H,SLC12A5,SYNGR1,GRIK2,PPFIA4,ADAM11,MAST1,RASGEF1C,GALNT9,SPOCK2,SBK1,FAM131B,ENO2,GPR137C,GRAMD1B,FGF9,DISP2,CACNB4,RTN4R,MAP3K12,KCNAB3,SRRM3,SPTBN4,CARMIL3,SLC22A31,MCF2L,CDH15"
"DEG_MD_HCT116","113","0.070319999999999994","VSX1","VSX1","35","300","0.0013970000000000000213","0.0179999999999999986","1.82000000000000006","GTEx--Coexpression","ZFYVE28,GRIN2C,L1CAM,ACAP3,TMEM120B,MTCL1,RASGRF1,PPM1H,SLC12A5,SYNGR1,GRIK2,PPFIA4,ADAM11,MAST1,RASGEF1C,ARFGEF3,GALNT9,SPOCK2,SBK1,FAM131B,ENO2,GPR137C,GRAMD1B,FGF9,DISP2,CACNB4,RTN4R,MAP3K12,KCNAB3,SRRM3,SPTBN4,CARMIL3,SLC22A31,MCF2L,CDH15"
"DEG_MD_HCT116","114","0.070940000000000003","HES1","HES1","35","300","0.0013970000000000000213","0.0179999999999999986","1.82000000000000006","GTEx--Coexpression","IL20RA,IL20RB,LYPD3,RDH12,SFN,PPFIBP2,DUSP7,WNT7B,GPR87,TACSTD2,TNFRSF19,TRIM29,ATP6V1C2,RBBP8NL,INAVA,ARHGEF35,DEGS2,TENT5B,ABCA12,SULT2B1,PROM2,NR1D1,SERPINB5,CTNND1,MAL2,IRX3,KLF8,NECTIN4,TNS4,CA12,GRHL2,ZFP36L1,FAM83B,POU2F3,WNT16"
"DEG_MD_HCT116","115","0.071559999999999999","NEUROD1","NEUROD1","35","300","0.0013970000000000000213","0.0179999999999999986","1.82000000000000006","GTEx--Coexpression","ZFYVE28,COL13A1,GRIN2C,L1CAM,ACAP3,TMEM120B,MTCL1,RASGRF1,PPM1H,SLC12A5,SYNGR1,GRIK2,PPFIA4,ADAM11,MAST1,RASGEF1C,GALNT9,SBK1,FAM131B,ENO2,GPR137C,GRAMD1B,FGF9,DISP2,CACNB4,RTN4R,MAP3K12,KCNAB3,SRRM3,SPTBN4,TRANK1,CARMIL3,SLC22A31,MCF2L,CDH15"
"DEG_MD_HCT116","116","0.072179999999999994","TFAP2C","TFAP2C","35","300","0.0013970000000000000213","0.0179999999999999986","1.82000000000000006","GTEx--Coexpression","IL20RA,IL20RB,LYPD3,RDH12,SFN,WNT7B,GPR87,TACSTD2,CPA4,TNFRSF19,TRIM29,ATP6V1C2,INAVA,ARHGEF35,DEGS2,ABCA12,SULT2B1,PROM2,ELL3,SERPINB5,TMEM154,IRX3,AHNAK2,KLF8,NECTIN4,TNS4,AMMECR1,KRT23,MPZL3,GRHL2,FAM83B,PSAPL1,POU2F3,SDR16C5,WNT16"
"DEG_MD_HCT116","117","0.072810000000000000","NKX32","NKX32","35","300","0.0013970000000000000213","0.0179999999999999986","1.82000000000000006","GTEx--Coexpression","DPYSL3,COL24A1,PBX3,PBX1,DCHS1,LRRC3,JPH2,SYNPO2,ZNF219,LIMS2,KCNH2,FOXP2,FOXP1,ITGA1,THAP8,KCNQ4,TSPAN2,FOXF1,CCDC9B,NRP2,SYNM,LAMA5,TES,TGFB1I1,PRSS23,ZEB1,ANTXR2,EBF4,HEPH,SPEG,PALLD,COL6A2,COL6A1,LRIG1,DES"
"DEG_MD_HCT116","118","0.073429999999999995","MYT1","MYT1","35","300","0.0013970000000000000213","0.0179999999999999986","1.82000000000000006","GTEx--Coexpression","ZFYVE28,GRIN2C,L1CAM,ACAP3,TMEM120B,MTCL1,RASGRF1,PPM1H,SLC12A5,SYNGR1,GRIK2,PPFIA4,ADAM11,MAST1,RASGEF1C,ARFGEF3,GALNT9,SPOCK2,SBK1,FAM131B,ENO2,GPR137C,GRAMD1B,TMEM229B,FGF9,DISP2,CACNB4,RTN4R,MAP3K12,KCNAB3,SRRM3,MAPK8IP2,SPTBN4,CARMIL3,MCF2L"
"DEG_MD_HCT116","119","0.074050000000000005","ELK1","ELK1","35","300","0.0013970000000000000213","0.0179999999999999986","1.82000000000000006","GTEx--Coexpression","AGAP3,DLGAP1,MMP17,FSD1,SLC12A5,ICAM5,ADGRB2,ADGRB1,CAMKK1,GRIN1,FKBP1B,SYT3,NAT8L,STMN3,PRKCG,RAB3A,CACNB3,CACNB4,BRSK1,TMEM132A,NF2,MGAT5B,FBXL16,ACSL6,MAPK8IP2,GPM6A,SPTBN4,CA11,CGREF1,TMEM59L,CPLX1,CASKIN1,DLG4,PDXP,NEURL1"
"DEG_MD_HCT116","120","0.074670000000000000","MEIS1","MEIS1","35","300","0.0013970000000000000213","0.0179999999999999986","1.82000000000000006","GTEx--Coexpression","DPYSL3,PBX3,PBX1,DCHS1,JPH2,ZNF219,LIMS2,FOXP2,FOXP1,ITGA1,KCNQ4,TSPAN2,FOXF1,CCDC9B,NRP2,SYNM,RAMP1,LAMA5,SLIT2,TES,NFATC4,TGFB1I1,GLI2,CACNB2,ANTXR2,EBF4,PARP16,COL4A6,COL4A5,ENKD1,SPEG,PALLD,COL6A2,COL6A1,DES"
"DEG_MD_HCT116","121","0.075300000000000006","KLF8","KLF8","35","300","0.0013970000000000000213","0.0179999999999999986","1.82000000000000006","GTEx--Coexpression","IL20RA,IL20RB,LYPD3,RDH12,SFN,WNT7B,PIAS3,GPR87,TACSTD2,CPA4,CRYBG2,CRYBG1,TNFRSF19,TRIM29,ATP6V1C2,DEGS2,MAST4,TENT5B,ABCA12,SULT2B1,PARD3,PROM2,SERPINB5,TMEM154,AHNAK2,NECTIN4,TNS4,PPL,AMMECR1,NMU,GRHL2,MPP7,FAM83B,POU2F3,SDR16C5"
"DEG_MD_HCT116","122","0.075920000000000001","ZIC1","ZIC1","35","300","0.0013970000000000000213","0.0179999999999999986","1.82000000000000006","GTEx--Coexpression","ZFYVE28,COL13A1,GRIN2C,L1CAM,ACAP3,TMEM120B,MTCL1,RASGRF1,PPM1H,SLC12A5,SYNGR1,GRIK2,PPFIA4,ADAM11,MAST1,RASGEF1C,GALNT9,SBK1,FAM131B,ENO2,GPR137C,GRAMD1B,FGF9,DISP2,CACNB4,RTN4R,MAP3K12,KCNAB3,SRRM3,SPTBN4,TRANK1,CARMIL3,SLC22A31,MCF2L,CDH15"
"DEG_MD_HCT116","123","0.076539999999999997","ZIC4","ZIC4","35","300","0.0013970000000000000213","0.0179999999999999986","1.82000000000000006","GTEx--Coexpression","ZFYVE28,COL13A1,GRIN2C,L1CAM,ACAP3,TMEM120B,MTCL1,RASGRF1,PPM1H,SLC12A5,SYNGR1,GRIK2,PPFIA4,ADAM11,MAST1,RASGEF1C,GALNT9,SBK1,FAM131B,ENO2,GPR137C,GRAMD1B,FGF9,DISP2,CACNB4,RTN4R,MAP3K12,KCNAB3,SRRM3,SPTBN4,TRANK1,CARMIL3,SLC22A31,MCF2L,CDH15"
"DEG_MD_HCT116","124","0.077160000000000006","ZBTB7A","ZBTB7A","35","300","0.0013970000000000000213","0.0179999999999999986","1.82000000000000006","GTEx--Coexpression","LYPD3,AGAP3,SFN,DLGAP1,DUSP7,TMEM19,CRYBG2,RIN1,LYNX1,GAA,TMPRSS4,CAMKK1,GRIN1,SYT3,TTC22,NHLRC3,SULT2B1,S100A14,ZNF365,KIFC2,RAB3A,CACNB3,RTN4R,BRSK1,MGAT5B,MAL2,IL1RN,MALL,PPL,NMU,CA11,CPLX1,CASKIN1,DLG4,CAMK1D"
"DEG_MD_HCT116","125","0.077780000000000002","ZNF219","ZNF219","35","300","0.0013970000000000000213","0.0179999999999999986","1.82000000000000006","GTEx--Coexpression","DPYSL3,HSPG2,PBX3,PBX1,DCHS1,JPH2,SYNPO2,SNX33,LIMS2,FOXP2,FOXP1,ITGA1,KCNQ4,TSPAN2,FOXF1,CCDC9B,NRP2,SYNM,TENT5B,AGPAT5,LAMA5,TES,PARD3,NFATC4,TGFB1I1,AOC3,CALCOCO1,ANTXR2,IL17RC,SYDE1,DLG5,HEPH,SPEG,PALLD,DES"
"DEG_MD_HCT116","126","0.078409999999999994","TCF7L1","TCF7L1","34","297","0.0022000000000000001325","0.0271999999999999985","1.78200000000000003","GTEx--Coexpression","HSPG2,ADAMTS10,NR2F2,DCHS1,PLSCR4,SNX33,LIMS2,EFEMP2,FOXP1,GLIS2,ITGA1,PARD3B,ITGA9,ID3,LAMA5,PXDC1,CPED1,BCAM,BLOC1S2,MCAM,NFATC4,TGFB1I1,TIMP2,TIMP3,AOC3,GSN,CYBRD1,SH3D19,TNS2,COL18A1,SYDE1,COL6A2,RBMS3,SPRY1"
"DEG_MD_HCT116","127","0.079030000000000003","PKNOX2","PKNOX2","34","298","0.0023229999999999999781","0.0271999999999999985","1.77499999999999991","GTEx--Coexpression","AGAP3,KCNC4,DLGAP1,OLFM1,SYT13,NOVA2,SCN1B,ADGRB2,SYNGR1,VSNL1,GRIN1,RGS4,GGT7,SYT3,SYT1,BCL7A,SBK1,STMN3,PHF24,CHN1,RAB3A,BRSK1,ANKRD24,SMARCD3,MGAT5B,MAPK8IP2,CD99L2,C2CD4C,CA11,TMEM59L,CASKIN1,DLG4,DOCK3,NEURL1"
"DEG_MD_HCT116","128","0.079649999999999999","SCMH1","SCMH1","34","298","0.0023229999999999999781","0.0271999999999999985","1.77499999999999991","GTEx--Coexpression","DPYSL3,HSPG2,GTF2IRD2B,PBX1,DCHS1,JPH2,SYNPO2,LIMS2,FOXP2,FOXP1,FHL1,ITGA1,ITGA9,KCNQ4,TSPAN2,FOXF1,CCDC9B,NRP2,SYNM,RAMP1,TES,BLOC1S2,NFATC4,TGFB1I1,CACNB2,ANTXR2,EBF4,SYDE1,COL4A6,COL4A5,HSPB8,SPEG,PALLD,DES"
"DEG_MD_HCT116","129","0.080269999999999994","ZNF208","ZNF208","34","298","0.0023229999999999999781","0.0271999999999999985","1.77499999999999991","GTEx--Coexpression","PBX3,PPFIBP1,JPH2,LIMS2,EFEMP2,KCNH2,FHL2,ITGA9,NDUFB2,RIN1,CCDC9B,ID3,TFAP4,RAMP1,FHOD3,NRTN,SSTR5,OXCT1,SLC4A3,LDHB,PAM,ENG,ADCY5,CACNB2,NES,ADAMTS7,TRPC1,EBF4,RABGAP1L,ANKRD1,ATP5MG,HSPB8,PALLD,RNF207"
"DEG_MD_HCT116","130","0.080900000000000000","GLIS1","GLIS1","34","298","0.0023229999999999999781","0.0271999999999999985","1.77499999999999991","GTEx--Coexpression","MOSMO,COL13A1,HOXC11,MMP14,ZNF469,PIAS3,ACAP3,ADGRA2,RIN1,SYNGR1,ARSJ,MKX,FKBP10,FJX1,PPFIA4,ADAM11,GPR176,DKK1,PLCH2,MRC2,NFIX,MAP3K12,KCNAB3,SRRM3,P3H3,TRANK1,TWIST1,PRIM2,GABRE,AXL,STEAP1,GPSM1,COL6A2,COL6A1"
"DEG_MD_HCT116","131","0.081519999999999995","SHOX2","SHOX2","34","298","0.0023229999999999999781","0.0271999999999999985","1.77499999999999991","GTEx--Coexpression","HSPG2,NR2F2,HOXC11,MMP14,PLSCR4,SAV1,HTR1B,PARD3B,ADGRA2,ITGBL1,FKBP10,KIRREL1,CRIM1,AMOTL2,LAMA4,VIM,MAML2,COL12A1,GPR176,HOXC4,CHST14,TIMP2,FKBP9,CYBRD1,ADAMTS2,SH3D19,CYP2U1,TWIST1,TMTC1,PTCHD4,AXL,SYDE1,RBMS3,CHSY3"
"DEG_MD_HCT116","132","0.082140000000000005","SRF","SRF","34","298","0.0023229999999999999781","0.0271999999999999985","1.77499999999999991","GTEx--Coexpression","DPYSL3,HSPG2,PBX1,DCHS1,JPH2,SYNPO2,ZNF219,LIMS2,FOXP2,FOXP1,FHL1,ITGA1,ITGA9,KCNQ4,TSPAN2,FOXF1,CCDC9B,NRP2,SYNM,RAMP1,TES,TGFB1I1,ZEB1,ADCY5,AOC3,CACNB2,ANTXR2,SYDE1,COL4A6,COL4A5,HSPB8,SPEG,PALLD,DES"
"DEG_MD_HCT116","133","0.082760000000000000","ZNF561","ZNF561","34","299","0.0024520000000000001864","0.0271999999999999985","1.76800000000000002","GTEx--Coexpression","IL20RB,LYPD3,SNX33,PIAS3,GPR87,TACSTD2,ZNF426,CRYBG2,CRYBG1,NOVA2,TRIM29,CCDC92,CD44,TTC22,TENT5B,NAT8L,EHF,HOXA1,SULT2B1,PARD3,PROM2,TMEM154,CTNND1,AP3M2,KLF8,NECTIN4,TRAF3IP2,ACSL6,PPL,AMMECR1,NMU,GRHL2,MPP7,LTBR"
"DEG_MD_HCT116","134","0.083390000000000006","MYRFL","MYRFL","34","299","0.0024520000000000001864","0.0271999999999999985","1.76800000000000002","GTEx--Coexpression","CLDN3,SULT1A2,GPR35,TMC5,FRK,BCL2L15,TRIM15,PCK2,HNF4G,HNF4A,AKR1C3,PLB1,DPEP1,SLC1A1,INAVA,TUBAL3,EPS8L3,MYO15B,ST14,GPR153,MISP,SLC15A1,AMN,SMPDL3A,ACSL5,SLC6A20,KRT20,C1QTNF12,TMEM139,DPP4,PYY,EFNA2,HEPH,HKDC1"
"DEG_MD_HCT116","135","0.084010000000000001","TBX10","TBX10","34","299","0.0024520000000000001864","0.0271999999999999985","1.76800000000000002","GTEx--Coexpression","CLDN3,SULT1A2,GPR35,TMC5,BCL2L15,TRIM15,PCK2,HNF4G,HNF4A,AKR1C3,PLB1,DPEP1,SLC1A1,INAVA,TUBAL3,EPS8L3,ABO,ST14,GCNT3,MISP,SLC15A1,SLC26A3,AMN,SMPDL3A,KRT8,ACSL5,SLC6A20,KRT20,C1QTNF12,TMEM139,PYY,EFNA2,HEPH,HKDC1"
"DEG_MD_HCT116","136","0.084629999999999997","MAFK","MAFK","34","299","0.0024520000000000001864","0.0271999999999999985","1.76800000000000002","GTEx--Coexpression","DPYSL3,HSPG2,ADAMTS10,DCHS1,JPH2,SYNPO2,LIMS2,EFEMP2,FOXP1,ZNF675,FBLIM1,GLIS2,FHL1,ITGA1,KCNQ4,TSPAN2,SYNM,RAMP1,LAMA5,PXDC1,CPED1,MCAM,TGFB1I1,AOC3,PRKG1,ARL6IP1,HMCN1,SYDE1,HSPB8,SPEG,PALLD,RBMS3,HES4,DES"
"DEG_MD_HCT116","137","0.085250000000000006","BARHL2","BARHL2","34","300","0.0025869999999999998899","0.0271999999999999985","1.76200000000000001","GTEx--Coexpression","ZFYVE28,COL13A1,GRIN2C,L1CAM,ACAP3,TMEM120B,MTCL1,RASGRF1,PPM1H,SLC12A5,SYNGR1,GRIK2,PPFIA4,ADAM11,MAST1,RASGEF1C,GALNT9,SPOCK2,SBK1,ENO2,GPR137C,GRAMD1B,FGF9,DISP2,RTN4R,MAP3K12,KCNAB3,SRRM3,SPTBN4,TRANK1,CARMIL3,SLC22A31,MCF2L,CDH15"
"DEG_MD_HCT116","138","0.085870000000000002","FOXD4","FOXD4","34","300","0.0025869999999999998899","0.0271999999999999985","1.76200000000000001","GTEx--Coexpression","ZFYVE28,GRIN2C,L1CAM,ZNF461,ACAP3,MTCL1,RASGRF1,PPM1H,SLC12A5,SYNGR1,GRIK2,PPFIA4,ADAM11,MAST1,RASGEF1C,GALNT9,SPOCK2,SBK1,FAM131B,ENO2,GPR137C,GRAMD1B,TMEM229B,FGF9,DISP2,CACNB4,RTN4R,MAP3K12,KCNAB3,SRRM3,SPTBN4,CARMIL3,MCF2L,CDH15"
"DEG_MD_HCT116","139","0.086499999999999994","SREBF2","SREBF2","34","300","0.0025869999999999998899","0.0271999999999999985","1.76200000000000001","GTEx--Coexpression","AGAP3,DLGAP1,RASGRF1,FSD1,SLC12A5,SYT13,SYNGR1,LYNX1,ANO8,VSNL1,GRIN1,SYT3,SYNGR3,HMGCR,STMN3,FNDC10,TUBB2A,KIFC2,GRAMD1B,RAB3A,RNF43,DISP2,RTN4R,BRSK1,TMEM132A,MAPK8IP2,SPTBN4,CA11,TMEM59L,CASKIN1,DLG4,CAMK1D,PDXP,SGPP2"
"DEG_MD_HCT116","140","0.087120000000000003","TFAP2E","TFAP2E","34","300","0.0025869999999999998899","0.0271999999999999985","1.76200000000000001","GTEx--Coexpression","ZFYVE28,GRIN2C,L1CAM,ACAP3,TMEM120B,MTCL1,RASGRF1,PPM1H,SLC12A5,SYNGR1,GRIK2,PPFIA4,ADAM11,MAST1,RASGEF1C,GALNT9,SPOCK2,SBK1,FAM131B,ENO2,GPR137C,KIFC2,FGF9,DISP2,CACNB4,RTN4R,MAP3K12,PLEKHG5,KCNAB3,SRRM3,SPTBN4,CARMIL3,SLC22A31,MCF2L"
"DEG_MD_HCT116","141","0.087739999999999999","ZNF521","ZNF521","34","300","0.0025869999999999998899","0.0271999999999999985","1.76200000000000001","GTEx--Coexpression","ZFYVE28,COL13A1,GRIN2C,L1CAM,ZNF461,ACAP3,TMEM120B,MTCL1,RASGRF1,PPM1H,SLC12A5,SYNGR1,GRIK2,PPFIA4,ADAM11,MAST1,RASGEF1C,GALNT9,FAM131B,ENO2,GPR137C,GRAMD1B,FGF9,DISP2,CACNB4,MAP3K12,KCNAB3,SRRM3,SPTBN4,TRANK1,CARMIL3,SLC22A31,MCF2L,CDH15"
"DEG_MD_HCT116","142","0.088359999999999994","SCRT2","SCRT2","34","300","0.0025869999999999998899","0.0271999999999999985","1.76200000000000001","GTEx--Coexpression","ZFYVE28,GRIN2C,L1CAM,ACAP3,CNTNAP1,MTCL1,RASGRF1,PPM1H,SLC12A5,SYNGR1,GRIK2,PPFIA4,ADAM11,SYT3,MAST1,RASGEF1C,GALNT9,SPOCK2,SBK1,FAM131B,ENO2,GPR137C,GRAMD1B,TMEM229B,FGF9,DISP2,CACNB4,RTN4R,KCNAB3,SRRM3,MAPK8IP2,SPTBN4,CARMIL3,MCF2L"
"DEG_MD_HCT116","143","0.088990000000000000","TP63","TP63","34","300","0.0025869999999999998899","0.0271999999999999985","1.76200000000000001","GTEx--Coexpression","IL20RA,IL20RB,LYPD3,RDH12,SFN,DUSP7,WNT7B,GPR87,TACSTD2,CPA4,TNFRSF19,TRIM29,ATP6V1C2,INAVA,DEGS2,ABCA12,SULT2B1,PROM2,ELL3,DENND2C,SERPINB5,TMEM154,IRX3,AHNAK2,KLF8,NECTIN4,TNS4,AMMECR1,GRHL2,FAM83B,PSAPL1,POU2F3,SDR16C5,WNT16"
"DEG_MD_HCT116","144","0.089609999999999995","ZBTB7B","ZBTB7B","34","300","0.0025869999999999998899","0.0271999999999999985","1.76200000000000001","GTEx--Coexpression","IL20RA,IL20RB,LYPD3,RDH12,SFN,VAMP8,GPR87,CRYBG1,TRIM29,ATP6V1C2,INAVA,ARHGEF35,DEGS2,HMGCR,ABCA12,SULT2B1,PROM2,ST14,ELL3,SERPINB5,TMEM154,CDH1,RNF43,SMPDL3A,AHNAK2,NECTIN4,TNS4,KRT23,MPZL3,GRHL2,FAM83B,PSAPL1,POU2F3,SDR16C5"
"DEG_MD_HCT116","145","0.090230000000000005","ZNF382","ZNF382","34","300","0.0025869999999999998899","0.0271999999999999985","1.76200000000000001","GTEx--Coexpression","ZFYVE28,GRIN2C,L1CAM,ZNF461,ACAP3,TMEM120B,CNTNAP1,MTCL1,RASGRF1,PPM1H,SLC12A5,SYNGR1,GRIK2,PPFIA4,ADAM11,MAST1,RASGEF1C,GALNT9,SPOCK2,FAM131B,ENO2,GPR137C,GRAMD1B,FGF9,DISP2,CACNB4,RTN4R,MAP3K12,KCNAB3,SRRM3,SPTBN4,TRANK1,CARMIL3,MCF2L"
"DEG_MD_HCT116","146","0.090850000000000000","HOXD13","HOXD13","34","300","0.0025869999999999998899","0.0271999999999999985","1.76200000000000001","GTEx--Coexpression","DPYSL3,GSTM2,COL24A1,PBX3,PBX1,DCHS1,ZNF219,LIMS2,KCNH2,FOXP2,GLIS1,ADGRA2,THAP8,KCNQ4,TSPAN2,FOXF1,CCDC9B,NRP2,SYNM,LAMA5,TES,NFATC4,TGFB1I1,PRSS23,ZEB1,ANTXR2,EBF4,HEPH,SPEG,PALLD,COL6A2,COL6A1,LRIG1,DES"
"DEG_MD_HCT116","147","0.091469999999999996","VDR","VDR","34","300","0.0025869999999999998899","0.0271999999999999985","1.76200000000000001","GTEx--Coexpression","CLDN3,GPR35,VAMP8,BCL2L15,CRYBG1,TRIM29,INAVA,ARHGEF35,DEGS2,TUBAL3,HMGCR,EPS8L3,ST14,ELL3,GCNT3,MISP,TMEM154,CDH1,RNF43,SLC15A1,AP1M2,SLC26A3,AMN,SMPDL3A,NECTIN4,TRAF3IP2,ACSL5,AMMECR1,KRT20,SIPA1L3,C1QTNF12,CA12,FAM83B,PYY"
"DEG_MD_HCT116","148","0.092100000000000001","SATB2","SATB2","34","300","0.0025869999999999998899","0.0271999999999999985","1.76200000000000001","GTEx--Coexpression","CLDN3,GPR39,GPR35,SLC9A2,BCL2L15,PAQR5,TRIM15,HNF4A,AKR1C3,NR3C2,ENPP3,NAT1,CA2,TUBAL3,EPS8L3,ABO,ST14,GCNT3,MISP,SPIRE2,SLC26A3,AMN,PRR5L,KRT8,ACSL5,TRPM6,ITM2C,KRT20,ZDHHC23,PYY,EFNA2,HEPH,ABCC3,MUC4"
"DEG_MD_HCT116","149","0.092719999999999997","PURG","PURG","34","300","0.0025869999999999998899","0.0271999999999999985","1.76200000000000001","GTEx--Coexpression","ZFYVE28,GRIN2C,ACAP3,CORO2B,RASGRF1,PPM1H,FSD1,SLC12A5,SYNGR1,GRIK2,GRIN1,ADAM11,SYT3,CNTN1,MAST1,GALNT9,SPOCK2,FAM131B,STMN3,ENO2,GPR137C,DISP2,CACNB4,TMEM132A,WASF3,SRRM3,ACSL6,MAPK8IP2,GPM6A,SPTBN4,CA11,TMEM59L,DLG4,GDAP1"
"DEG_MD_HCT116","150","0.093340000000000006","NKX63","NKX63","34","300","0.0025869999999999998899","0.0271999999999999985","1.76200000000000001","GTEx--Coexpression","ZFYVE28,COL13A1,GRIN2C,L1CAM,ACAP3,TMEM120B,MTCL1,RASGRF1,PPM1H,SLC12A5,SYNGR1,GRIK2,PPFIA4,ADAM11,MAST1,RASGEF1C,GALNT9,SPOCK2,SBK1,ENO2,GPR137C,GRAMD1B,FGF9,DISP2,RTN4R,MAP3K12,KCNAB3,SRRM3,SPTBN4,TRANK1,CARMIL3,SLC22A31,MCF2L,CDH15"
"DEG_MD_HCT116","151","0.093960000000000002","OTX2","OTX2","34","300","0.0025869999999999998899","0.0271999999999999985","1.76200000000000001","GTEx--Coexpression","ZFYVE28,COL13A1,GRIN2C,L1CAM,ACAP3,TMEM120B,MTCL1,RASGRF1,PPM1H,SLC12A5,SYNGR1,GRIK2,PPFIA4,ADAM11,MAST1,RASGEF1C,GALNT9,SPOCK2,SBK1,ENO2,GPR137C,GRAMD1B,FGF9,DISP2,CACNB4,RTN4R,MAP3K12,KCNAB3,SRRM3,SPTBN4,CARMIL3,SLC22A31,MCF2L,CDH15"
"DEG_MD_HCT116","152","0.094589999999999994","TLX3","TLX3","34","300","0.0025869999999999998899","0.0271999999999999985","1.76200000000000001","GTEx--Coexpression","ZFYVE28,COL13A1,GRIN2C,L1CAM,ACAP3,TMEM120B,MTCL1,RASGRF1,PPM1H,SLC12A5,SYNGR1,GRIK2,PPFIA4,ADAM11,MAST1,RASGEF1C,GALNT9,SPOCK2,SBK1,ENO2,GPR137C,GRAMD1B,FGF9,DISP2,RTN4R,MAP3K12,KCNAB3,SRRM3,SPTBN4,TRANK1,CARMIL3,SLC22A31,MCF2L,CDH15"
"DEG_MD_HCT116","153","0.095210000000000003","FOXD2","FOXD2","34","300","0.0025869999999999998899","0.0271999999999999985","1.76200000000000001","GTEx--Coexpression","HSPG2,NGFR,NR2F2,PLSCR4,MICALL2,SHC4,FBLIM1,ITGB4,PARD3B,MBOAT1,ZDHHC8,TAX1BP3,PRICKLE1,MPZ,WNT6,DACT1,VIM,ENDOD1,TIMP2,NRBP2,ITGA10,SLC26A3,SEMA3B,SPARC,TNS3,CYP2U1,KRT20,PAPLN,ARHGAP39,ARHGAP42,SLC2A1,HEPH,RBMS3,FMNL3"
"DEG_MD_HCT116","154","0.095829999999999999","HOXA2","HOXA2","33","298","0.0042090000000000000677","0.0403999999999999984","1.71599999999999997","GTEx--Coexpression","DPYSL3,HSPG2,PBX1,DCHS1,JPH2,SYNPO2,SNX33,ZNF219,LIMS2,FOXP2,FOXP1,ITGA1,ITGA9,KCNQ4,TSPAN2,FOXF1,NRP2,SYNM,LAMA5,TES,TGFB1I1,ZEB1,AOC3,PRKG1,ANTXR2,HMCN1,SYDE1,COL4A6,COL4A5,HEPH,SPEG,PALLD,COL6A2"
"DEG_MD_HCT116","155","0.096449999999999994","AIRE","AIRE","33","298","0.0042090000000000000677","0.0403999999999999984","1.71599999999999997","GTEx--Coexpression","PRKACB,B4GAT1,KCNC4,MMP17,CSMD3,CNTNAP2,FSD1,SYT13,ADGRB1,DCLK1,GRIK4,PNMA2,GRM7,SYNGR3,VGF,GNG4,STMN3,FNDC10,TUBB2A,RAB3A,CSPG5,ARL6IP1,C2CD4C,MAP6,PTPRN2,ITM2C,SLC22A17,DNER,SCG2,TMEM59L,CASKIN1,SNCG,GDAP1"
"DEG_MD_HCT116","156","0.097080000000000000","NEUROD6","NEUROD6","33","298","0.0042090000000000000677","0.0403999999999999984","1.71599999999999997","GTEx--Coexpression","AGAP3,DLGAP1,MMP17,ATL1,OLFM1,NPTXR,CNTNAP2,ST6GALNAC5,FSD1,SYT13,ICAM5,ADGRB2,LYNX1,VSNL1,RGS4,SYT3,SYT1,GRM7,STMN3,PRKCG,PHF24,ZNF365,TUBB2A,CHN1,RAB3A,BRSK1,MGAT5B,MAPK8IP2,LMO4,TMEM59L,CASKIN1,DLG4,PDXP"
"DEG_MD_HCT116","157","0.097699999999999995","MEIS2","MEIS2","33","298","0.0042090000000000000677","0.0403999999999999984","1.71599999999999997","GTEx--Coexpression","HTR6,DPYSL3,NGEF,PBX3,PBX1,DCHS1,LIMS2,FOXP2,FOXP1,KCNF1,ZNF615,KCNQ4,CTXN1,FOXF1,NRP2,SYNM,CETN2,RAMP1,KLHL13,CNMD,GNAL,TGFB1I1,DENND2A,ADCY5,CHRM4,CACNB2,FBXL16,EBF4,MAP6,AKAP5,DIAPH1,PALLD,PDE10A"
"DEG_MD_HCT116","158","0.098320000000000005","AEBP1","AEBP1","33","298","0.0042090000000000000677","0.0403999999999999984","1.71599999999999997","GTEx--Coexpression","ADAMTS10,PDGFC,PLSCR4,SNX33,EFEMP2,FBLIM1,GLIS2,HTR1B,PMEPA1,ITGA3,ITGBL1,CRIP1,NXPH3,CRIM1,DACT1,NAV2,VCAN,PXDC1,CPED1,MCAM,PRSS23,TIMP2,ITGA10,PRKG1,HMCN1,COL18A1,SYDE1,LTBP2,LTBP1,FBLN5,SPEG,RBMS3,CHSY3"
"DEG_MD_HCT116","159","0.098940000000000000","SETBP1","SETBP1","33","298","0.0042090000000000000677","0.0403999999999999984","1.71599999999999997","GTEx--Coexpression","DPYSL3,HSPG2,GTF2IRD2B,NR2F2,PBX1,DCHS1,JPH2,SYNPO2,SNX33,LIMS2,FOXP1,FHL1,ITGA1,PARD3B,KCNQ4,ZNF704,TSPAN2,LAMA5,TES,CPED1,MCAM,TGFB1I1,PRSS23,ZEB1,AOC3,PRKG1,ANTXR2,COL18A1,SYDE1,SPEG,PALLD,RBMS3,SSBP2"
"DEG_MD_HCT116","160","0.099559999999999996","PGR","PGR","33","298","0.0042090000000000000677","0.0403999999999999984","1.71599999999999997","GTEx--Coexpression","ADAMTS10,PDGFC,NR2F2,PBX1,DCHS1,EFEMP2,PIAS3,PMEPA1,ADGRA2,ZNF704,TSPAN2,PCDHB14,RAMP1,KLHL13,CPXM1,CPED1,CHST14,NFATC4,TGFB1I1,PRSS23,GLI2,TIMP2,RSPO1,MITF,TRPC1,EBF4,P3H3,COL18A1,SYDE1,SPEG,COL6A2,COL6A1,MEIS3"
"DEG_MD_HCT116","161","0.100199999999999997","HES5","HES5","33","298","0.0042090000000000000677","0.0403999999999999984","1.71599999999999997","GTEx--Coexpression","INSYN1,AGAP3,TMA7,FGFBP3,MMP17,CRB2,CSMD3,WNT7A,OLFM2,ADGRB2,ADGRB1,CTXN1,PALM,BMP7,NAT8L,STMN3,FNDC10,AIFM3,TUBB2A,BRSK1,TMEM132A,CSPG5,WASF3,ACSL6,GPM6A,C2CD4C,ITM2C,CA11,TMEM59L,CASKIN1,ACBD7,LRP1B,DLG4"
"DEG_MD_HCT116","162","0.100800000000000001","HOXA4","HOXA4","33","299","0.0044270000000000003793","0.0403999999999999984","1.70999999999999996","GTEx--Coexpression","DPYSL3,PBX1,JPH2,SYNPO2,ZNF219,LIMS2,FOXP2,FOXP1,FHL1,ITGA1,KCNQ4,TSPAN2,FOXF1,NRP2,SYNM,LAMA4,SLIT2,PARD3,TGFB1I1,DENND2A,ZEB1,MITF,CACNB2,ANTXR2,HMCN1,SYDE1,COL4A6,COL4A5,SCUBE1,HSPB8,SPEG,PALLD,DES"
"DEG_MD_HCT116","163","0.101400000000000004","IRX1","IRX1","33","299","0.0044270000000000003793","0.0403999999999999984","1.70999999999999996","GTEx--Coexpression","IL20RA,HOXC11,MMP14,PIAS3,SAV1,SP5,HIVEP3,KCNN4,ATP6V1C2,CD44,LOXL4,CCND1,AMOTL2,MELTF,MMP7,ETV6,LAMA3,MAML2,POU5F1B,CRACR2B,IRS2,FKBP9,CPM,IRX3,NECTIN4,TRAF3IP2,TNS4,AZGP1,TWIST1,CITED4,KRT23,ARHGAP40,ZFP36L1"
"DEG_MD_HCT116","164","0.102099999999999996","SP9","SP9","33","299","0.0044270000000000003793","0.0403999999999999984","1.70999999999999996","GTEx--Coexpression","HTR6,NGEF,MMP17,CSMD3,KCNF1,ICAM5,ADGRB2,ADGRB1,CTXN1,GRIK4,PNMA2,GRIN1,FKBP1B,PALM,CNMD,GNAL,NAT8L,STMN3,PRKCG,CHN1,CHRM4,LZTS1,TMEM132B,CSPG5,MGAT5B,FBXL16,PTPRN2,AKAP5,CA11,CGREF1,CPLX1,CASKIN1,DLG4"
"DEG_MD_HCT116","165","0.102700000000000000","MEOX2","MEOX2","33","299","0.0044270000000000003793","0.0403999999999999984","1.70999999999999996","GTEx--Coexpression","HSPG2,NGFR,NR2F2,PLSCR4,PARD3B,KCTD12,PRICKLE1,MPZ,WNT6,CRIM1,AMOTL2,DACT1,LAMA4,VIM,MAML2,TIMP2,TIMP3,APOL3,GSN,FKBP9,CYBRD1,SH3D19,KLF7,SPARC,TNS2,INPP4B,CYP2U1,PAPLN,ARHGAP42,RBMS3,FMNL3,SPRY2,SPRY1"
"DEG_MD_HCT116","166","0.103300000000000003","HNF4G","HNF4G","33","299","0.0044270000000000003793","0.0403999999999999984","1.70999999999999996","GTEx--Coexpression","CLDN3,SULT1A2,GPR35,TMC5,BCL2L15,TRIM15,PCK2,HNF4A,AKR1C3,PLB1,DPEP1,SLC1A1,INAVA,TUBAL3,EPS8L3,ABO,ST14,GCNT3,MISP,SLC15A1,AMN,SMPDL3A,KRT8,ACSL5,SLC6A20,KRT20,C1QTNF12,TMEM139,DPP4,PYY,EFNA2,HEPH,HKDC1"
"DEG_MD_HCT116","167","0.103900000000000006","HAND1","HAND1","33","300","0.0046540000000000001507","0.0403999999999999984","1.70300000000000007","GTEx--Coexpression","COL24A1,PBX3,PBX1,DCHS1,LRRC3,JPH2,SYNPO2,ZNF219,LIMS2,KCNH2,FOXP2,ITGA1,THAP8,KCNQ4,TSPAN2,FOXF1,CCDC9B,NRP2,SYNM,RAMP1,LAMA5,TES,TGFB1I1,PRSS23,ZEB1,LARGE1,SIPA1L2,HSPB8,HEPH,SPEG,PALLD,LRIG1,DES"
"DEG_MD_HCT116","168","0.104499999999999996","ETV1","ETV1","33","300","0.0046540000000000001507","0.0403999999999999984","1.70300000000000007","GTEx--Coexpression","ZFYVE28,COL13A1,GRIN2C,L1CAM,ACAP3,MTCL1,RASGRF1,PPM1H,SLC12A5,SYNGR1,GRIK2,PPFIA4,ADAM11,MAST1,RASGEF1C,ARFGEF3,GALNT9,SPOCK2,FAM131B,ENO2,GPR137C,GRAMD1B,FGF9,DISP2,CACNB4,RTN4R,MAP3K12,KCNAB3,SRRM3,SPTBN4,CARMIL3,SLC22A31,MCF2L"
"DEG_MD_HCT116","169","0.105200000000000002","TFAP2A","TFAP2A","33","300","0.0046540000000000001507","0.0403999999999999984","1.70300000000000007","GTEx--Coexpression","IL20RA,IL20RB,LYPD3,RDH12,WNT7B,GPR87,TACSTD2,CPA4,TNFRSF19,TRIM29,ATP6V1C2,INAVA,DEGS2,ABCA12,SULT2B1,PROM2,NR1D1,ELL3,SERPINB5,TMEM154,IRX3,AHNAK2,KLF8,NECTIN4,TNS4,KRT23,KREMEN2,GRHL2,FAM83B,PSAPL1,POU2F3,SDR16C5,WNT16"
"DEG_MD_HCT116","170","0.105800000000000005","UNCX","UNCX","33","300","0.0046540000000000001507","0.0403999999999999984","1.70300000000000007","GTEx--Coexpression","ZFYVE28,COL13A1,GRIN2C,L1CAM,ACAP3,TMEM120B,MTCL1,RASGRF1,PPM1H,SLC12A5,SYNGR1,GRIK2,PPFIA4,ADAM11,MAST1,RASGEF1C,GALNT9,SPOCK2,SBK1,ENO2,GPR137C,GRAMD1B,FGF9,DISP2,RTN4R,MAP3K12,KCNAB3,SRRM3,SPTBN4,CARMIL3,SLC22A31,MCF2L,CDH15"
"DEG_MD_HCT116","171","0.106399999999999995","SALL2","SALL2","33","300","0.0046540000000000001507","0.0403999999999999984","1.70300000000000007","GTEx--Coexpression","GRIN2C,ACAP3,TMEM25,CORO2B,CNTNAP1,RASGRF1,PPM1H,SLC12A5,SYNGR1,GRIK2,ADAM11,SYT3,CNTN1,MAST1,GALNT9,SPOCK2,FAM131B,STMN3,ENO2,GPR137C,DISP2,CACNB4,TMEM132A,WASF3,SRRM3,ACSL6,MAPK8IP2,GPM6A,SPTBN4,CARMIL3,SLC22A17,TMEM59L,GDAP1"
"DEG_MD_HCT116","172","0.106999999999999998","HOXB9","HOXB9","33","300","0.0046540000000000001507","0.0403999999999999984","1.70300000000000007","GTEx--Coexpression","CLDN3,GPR39,GPR35,SLC9A2,BCL2L15,PAQR5,TRIM15,HNF4G,HNF4A,TMPRSS4,AKR1C3,ENPP3,FUT3,CA2,RBM47,TUBAL3,EPS8L3,ABO,ST14,GCNT3,MISP,SLC26A3,AMN,PRR5L,KRT8,ACSL5,TRPM6,KRT20,TMEM139,PYY,EFNA2,HEPH,MUC4"
"DEG_MD_HCT116","173","0.107700000000000004","NKX61","NKX61","33","300","0.0046540000000000001507","0.0403999999999999984","1.70300000000000007","GTEx--Coexpression","DPYSL3,PBX1,JPH2,SYNPO2,KCNB1,ZNF219,LIMS2,FOXP2,FOXP1,ITGA1,KCNQ4,TSPAN2,FOXF1,NRP2,SYNM,TOX2,TENT5B,LAMA4,SLIT2,TES,GRPR,TGFB1I1,DENND2A,ADCY5,CACNB2,ANTXR2,COL4A6,COL4A5,SCUBE1,HSPB8,PALLD,DES,SSBP2"
"DEG_MD_HCT116","174","0.108299999999999993","PPARD","PPARD","33","300","0.0046540000000000001507","0.0403999999999999984","1.70300000000000007","GTEx--Coexpression","LIPG,LYPD3,SFN,HAS3,CRYBG2,PCDH1,EPHA2,ZBED2,RBBP8NL,PRDM1,FUT3,RHPN1,ARHGEF35,BMP7,TTC22,SULT2B1,PRDX1,S100A14,PROM2,FHDC1,GJB2,CTNND1,CDH1,AP1M2,SLC26A4,MAL2,IL1RN,MALL,PPL,LCN12,NMU,MPZL2,PCED1A"
"DEG_MD_HCT116","175","0.108899999999999997","BHLHE22","BHLHE22","33","300","0.0046540000000000001507","0.0403999999999999984","1.70300000000000007","GTEx--Coexpression","GRIN2C,DLGAP1,NPTXR,CNTNAP1,RASGRF1,PPM1H,SLC12A5,SYNGR1,GRIK2,PPFIA4,ADAM11,SYT3,CNTN1,MAST1,RASGEF1C,GALNT9,SPOCK2,SBK1,FAM131B,ENO2,PRKCG,GPR137C,DISP2,CACNB4,RTN4R,KCNAB3,SRRM3,MAPK8IP2,GPM6A,SPTBN4,CARMIL2,ANP32E,DLG4"
"DEG_MD_HCT116","176","0.109500000000000000","FOXF1","FOXF1","33","300","0.0046540000000000001507","0.0403999999999999984","1.70300000000000007","GTEx--Coexpression","DPYSL3,COL24A1,PBX3,PBX1,DCHS1,JPH2,SYNPO2,ZNF219,LIMS2,FOXP2,FOXP1,ITGA1,KCNQ4,TSPAN2,CCDC9B,NRP2,SYNM,TOX2,LAMA5,LAMA4,SLIT2,TES,TGFB1I1,ZEB1,CACNB2,ANTXR2,EBF4,COL4A6,COL4A5,HSPB8,PALLD,COL6A1,DES"
"DEG_MD_HCT116","177","0.110100000000000003","NEUROD2","NEUROD2","33","300","0.0046540000000000001507","0.0403999999999999984","1.70300000000000007","GTEx--Coexpression","ZFYVE28,GRIN2C,L1CAM,ACAP3,MTCL1,RASGRF1,PPM1H,SLC12A5,SYNGR1,GRIK2,PPFIA4,ADAM11,SYT3,MAST1,RASGEF1C,GALNT9,SPOCK2,SBK1,FAM131B,ENO2,GPR137C,TMEM229B,FGF9,DISP2,CACNB4,RTN4R,MAP3K12,KCNAB3,SRRM3,MAPK8IP2,SPTBN4,CARMIL3,MCF2L"
"DEG_MD_HCT116","178","0.110799999999999996","HOXB4","HOXB4","33","300","0.0046540000000000001507","0.0403999999999999984","1.70300000000000007","GTEx--Coexpression","DPYSL3,HSPG2,DCHS1,JPH2,SYNPO2,ZNF219,LIMS2,FOXP2,FOXP1,ITGA1,KCNQ4,TSPAN2,FOXF1,NRP2,SYNM,LAMA5,LAMA4,SLIT2,TES,NFATC4,TGFB1I1,ZEB1,AOC3,ANTXR2,HMCN1,SYDE1,COL4A6,COL4A5,SPEG,PALLD,COL6A2,COL6A1,DES"
"DEG_MD_HCT116","179","0.111399999999999999","HOXB2","HOXB2","33","300","0.0046540000000000001507","0.0403999999999999984","1.70300000000000007","GTEx--Coexpression","DPYSL3,HSPG2,DCHS1,JPH2,SYNPO2,ZNF219,LIMS2,EFEMP2,FOXP2,FOXP1,ITGA1,KCNQ4,TSPAN2,FOXF1,NRP2,SYNM,LAMA5,LAMA4,TES,NFATC4,TGFB1I1,ZEB1,AOC3,ANTXR2,HMCN1,SYDE1,COL4A6,COL4A5,SPEG,PALLD,COL6A2,COL6A1,DES"
"DEG_MD_HCT116","180","0.112000000000000002","ZNF30","ZNF30","33","300","0.0046540000000000001507","0.0403999999999999984","1.70300000000000007","GTEx--Coexpression","ZFYVE28,GRIN2C,L1CAM,ZNF461,ACAP3,TMEM120B,MTCL1,RASGRF1,PPM1H,SLC12A5,SYNGR1,GRIK2,PPFIA4,ADAM11,MAST1,RASGEF1C,GALNT9,SPOCK2,SBK1,FAM131B,ENO2,GPR137C,GRAMD1B,FGF9,DISP2,CACNB4,RTN4R,KCNAB3,SRRM3,SPTBN4,CARMIL3,MCF2L,CDH15"
"DEG_MD_HCT116","181","0.112600000000000006","ZBTB18","ZBTB18","33","300","0.0046540000000000001507","0.0403999999999999984","1.70300000000000007","GTEx--Coexpression","ZFYVE28,GRIN2C,ACAP3,MTCL1,RASGRF1,PPM1H,SLC12A5,SYNGR1,GRIK2,PPFIA4,ADAM11,MAST1,RASGEF1C,ARFGEF3,GALNT9,SPOCK2,SBK1,FAM131B,ENO2,GPR137C,GRAMD1B,TMEM229B,FGF9,DISP2,CACNB4,RTN4R,KCNAB3,SRRM3,SPTBN4,CARMIL3,SLC22A31,MCF2L,CDH15"
"DEG_MD_HCT116","182","0.113299999999999998","HOXD12","HOXD12","33","300","0.0046540000000000001507","0.0403999999999999984","1.70300000000000007","GTEx--Coexpression","GSTM2,COL24A1,PBX3,PBX1,DCHS1,ZNF219,LIMS2,KCNH2,FOXP2,GLIS1,ADGRA2,THAP8,KCNQ4,TSPAN2,FOXF1,CCDC9B,NRP2,SYNM,LAMA5,TES,NFATC4,TGFB1I1,PRSS23,ZEB1,ANTXR2,EBF4,HEPH,SPEG,PALLD,COL6A2,COL6A1,LRIG1,DES"
"DEG_MD_HCT116","183","0.113900000000000001","VAX2","VAX2","33","300","0.0046540000000000001507","0.0403999999999999984","1.70300000000000007","GTEx--Coexpression","ZFYVE28,COL13A1,GRIN2C,L1CAM,ACAP3,TMEM120B,MTCL1,RASGRF1,PPM1H,SLC12A5,SYNGR1,GRIK2,PPFIA4,ADAM11,MAST1,RASGEF1C,GALNT9,SPOCK2,SBK1,FAM131B,ENO2,GPR137C,FGF9,DISP2,RTN4R,MAP3K12,KCNAB3,SRRM3,SPTBN4,CARMIL3,SLC22A31,MCF2L,CDH15"
"DEG_MD_HCT116","184","0.114500000000000005","ARNT2","ARNT2","33","300","0.0046540000000000001507","0.0403999999999999984","1.70300000000000007","GTEx--Coexpression","MMP17,CSMD3,KCNF1,ICAM5,ADGRB2,ADGRB1,CTXN1,GRIK4,PNMA2,GRIN1,FKBP1B,PALM,NAT8L,STMN3,PRKCG,AIFM3,ZNF365,CHN1,RAB3A,LZTS1,BRSK1,TMEM132B,CSPG5,MGAT5B,WASF3,FBXL16,PTPRN2,CA11,CGREF1,CPLX1,CASKIN1,ACBD7,DLG4"
"DEG_MD_HCT116","185","0.115099999999999994","DMRTA2","DMRTA2","33","300","0.0046540000000000001507","0.0403999999999999984","1.70300000000000007","GTEx--Coexpression","SFN,FGFBP1,SAMD5,SAMD9,FABP5,S100A2,TACSTD2,CRYBG2,CRYBG1,TXNDC17,EPHA2,RBBP8NL,TMPRSS4,EPGN,FUT3,TTC22,MYO15A,EHF,S100A14,PROM2,GJB2,THSD4,MAL2,CDRT4,IL1RN,MALL,TXN,PPL,NMU,SUSD4,MPZL2,KRT6A,ASIC4"
"DEG_MD_HCT116","186","0.115699999999999997","DUXA","DUXA","32","296","0.0067289999999999997385","0.0580999999999999989","1.67100000000000004","GTEx--Coexpression","ADAMTS10,PDGFC,CRLF1,FRK,FBLIM1,HTR1B,PMEPA1,ZNF704,ITGBL1,CRIP1,NXPH3,CRIM1,DACT1,NAV2,VCAN,PXDC1,CPED1,MCAM,PRSS23,TIMP2,AOC3,ITGA10,RCAN2,PRKG1,HMCN1,COL18A1,SYDE1,LTBP2,LTBP1,FBLN5,RBMS3,CHSY3"
"DEG_MD_HCT116","187","0.116400000000000003","NEUROG3","NEUROG3","32","298","0.0074009999999999995929","0.0594000000000000014","1.65799999999999992","GTEx--Coexpression","FIBCD1,CLDN3,GPR35,MMP17,KCNG3,NPTXR,BCL2L15,DCDC1,ST6GALNAC5,ICAM5,TMEM151A,HNF4G,LYNX1,FKBP1B,NR3C2,SLC1A1,GRM7,TUBAL3,EPS8L3,PRKCG,CHN1,GCNT3,MISP,AMN,KRT8,ACSL5,CARMIL2,KRT20,SIPA1L3,SUSD4,PYY,EFNA2"
"DEG_MD_HCT116","188","0.117000000000000007","TCF7L2","TCF7L2","32","298","0.0074009999999999995929","0.0594000000000000014","1.65799999999999992","GTEx--Coexpression","HSPG2,ADAMTS10,PDGFC,NR2F2,MMP14,PLSCR4,PPARG,SNX33,FBLIM1,SAV1,PARD3B,CRIM1,AMOTL2,MAML2,PXDC1,CPED1,BLOC1S2,MCAM,PRSS23,TIMP2,AOC3,GSN,FKBP9,CYBRD1,NF2,SH3D19,TNS2,COL18A1,AXL,SYDE1,RBMS3,CHSY3"
"DEG_MD_HCT116","189","0.117599999999999996","NR2E1","NR2E1","32","298","0.0074009999999999995929","0.0594000000000000014","1.65799999999999992","GTEx--Coexpression","MMP17,CRB2,WNT7A,OLFM2,KCNF1,ADGRB2,ADGRB1,CTXN1,FKBP1B,PALM,TMOD2,MRO,PITPNC1,NAT8L,STMN3,AIFM3,LZTS1,SLC15A2,TNIK,TMEM132B,TMEM132A,CSPG5,MGAT5B,WASF3,FBXL16,ACSL6,GPM6A,ITM2C,CA11,CASKIN1,ACBD7,DLG4"
"DEG_MD_HCT116","190","0.118200000000000000","NR5A1","NR5A1","32","298","0.0074009999999999995929","0.0594000000000000014","1.65799999999999992","GTEx--Coexpression","AADAC,MAP3K5,TSPAN12,ADGRV1,MERTK,MYO7A,VWA5B2,FNDC4,KCNQ1,TMEM150C,STAMBPL1,CD72,RAG1,EMID1,CACNA1D,SIMC1,SNTB1,HMOX1,SERPINA5,GRAMD1B,FGD2,MAP3K15,LRMDA,BTN3A3,CHCHD2,NPY1R,ABCG1,SGSH,ABCD1,ABCC3,PCED1B,HSPE1"
"DEG_MD_HCT116","191","0.118900000000000006","GLI2","GLI2","32","298","0.0074009999999999995929","0.0594000000000000014","1.65799999999999992","GTEx--Coexpression","DPYSL3,HSPG2,NR2F2,PBX1,DCHS1,SNX33,LIMS2,EFEMP2,PIAS3,FOXP1,GLIS2,PARD3B,ADGRA2,MKX,FKBP10,NRP2,LAMA4,CPED1,CHST14,NFATC4,TGFB1I1,MRC2,TIMP2,FKBP9,TRPC1,ANTXR2,AXL,SYDE1,PALLD,COL6A2,COL6A1,SSBP2"
"DEG_MD_HCT116","192","0.119499999999999995","POU3F3","POU3F3","32","298","0.0074009999999999995929","0.0594000000000000014","1.65799999999999992","GTEx--Coexpression","PRKACB,CRB2,FRMD5,CORO2B,CNTNAP2,FSD1,PLEKHB1,ADGRB2,ADGRB1,TMEM151A,GRIK4,PALM,MRO,NAT8L,STMN3,AIFM3,BRSK1,TMEM132A,CSPG5,WASF3,ARL6IP1,SOX8,ACSL6,GPM6A,CA11,APLP1,CASKIN1,ACBD7,LRP1B,LGI3,HAGHL,GDAP1"
"DEG_MD_HCT116","193","0.120099999999999998","SREBF1","SREBF1","32","298","0.0074009999999999995929","0.0594000000000000014","1.65799999999999992","GTEx--Coexpression","ABCA1,OAF,AADAC,KCNG3,MAP3K5,TSPAN12,ADGRV1,MERTK,PAQR5,MYO7A,VWA5B2,FNDC4,LACTB2,KCNQ1,TMEM150C,COMMD4,ENPP3,CACNA1D,EBP,RBM47,SNTB1,SERPINA5,GRB14,SLC26A1,MAP3K15,TXNRD2,LRMDA,IL17RC,CHCHD2,ABCG1,SGSH,ABCC3"
"DEG_MD_HCT116","194","0.120700000000000002","POU6F2","POU6F2","32","298","0.0074009999999999995929","0.0594000000000000014","1.65799999999999992","GTEx--Coexpression","KCNC4,DLGAP1,ATL1,OLFM1,CNTNAP2,KIAA1549,SYT13,ADGRB2,ADGRB1,IQSEC1,VSNL1,PNMA2,GRIN1,RGS4,TMOD2,SYT1,GRM7,SYNGR3,NAT8L,PHF24,ZNF365,CHN1,RAB3A,BRSK1,ANKRD24,TMEM132B,MGAT5B,KCNIP3,C2CD4C,TUBG2,LMO4,CAMK1D"
"DEG_MD_HCT116","195","0.121300000000000005","MYPOP","MYPOP","32","298","0.0074009999999999995929","0.0594000000000000014","1.65799999999999992","GTEx--Coexpression","AGAP3,KCNC4,DLGAP1,OLFM1,FSD1,SYT13,SCN1B,ADGRB2,IQSEC1,CAMKK1,GRIN1,SYT3,USE1,BCL7A,SBK1,STMN3,PHF24,CHN1,RAB3A,BRSK1,NF2,METTL26,MGAT5B,MAPK8IP2,CA11,CGREF1,TMEM59L,CPLX1,CASKIN1,DLG4,PDXP,NEURL1"
"DEG_MD_HCT116","196","0.121999999999999997","ZNF365","ZNF365","32","299","0.0077570000000000000062","0.0594000000000000014","1.65199999999999991","GTEx--Coexpression","PRKACB,DLGAP1,ATL1,OLFM1,CNTNAP2,FSD1,SYT13,ADGRB2,VSNL1,PNMA2,GRIN1,RGS4,SYT3,SYT1,GRM7,SYNGR3,NAT8L,STMN3,PHF24,CHN1,RAB3A,BRSK1,MGAT5B,ARL6IP1,CA11,LMO4,CPLX1,CASKIN1,DLG4,CAMK1D,LGI3,GDAP1"
"DEG_MD_HCT116","197","0.122600000000000001","SP7","SP7","32","299","0.0077570000000000000062","0.0594000000000000014","1.65199999999999991","GTEx--Coexpression","ABCA2,BHLHE41,GPR37,ZNF480,IL1RAPL1,PLEKHB1,CCDC92,SEC14L5,COL9A3,TMEM151A,SH3GL3,PALM,TMOD2,RHPN1,BMP7,NAT8L,SH3TC2,CLDND1,LZTS1,GAL3ST1,AP3M2,WASF3,KCNIP3,SPARC,SOX8,LRRCC1,NME5,ARHGAP39,APLP1,LRP1B,DOCK3,LGI3"
"DEG_MD_HCT116","198","0.123200000000000004","GSC","GSC","32","299","0.0077570000000000000062","0.0594000000000000014","1.65199999999999991","GTEx--Coexpression","LIPE,PDGFB,PLSCR4,PPARG,SAV1,DEPP1,KCTD12,PPP1R1A,AMOTL2,CPXM1,MAML2,SERPINF1,TIMP3,APOLD1,APOL3,GSN,FKBP9,CYBRD1,SCRN2,SH3D19,ABLIM3,TNS2,INPP4B,SIAH1,MDFIC,GABRE,DOCK11,KLF11,RBMS3,NRIP1,SPRY2,SPRY1"
"DEG_MD_HCT116","199","0.123799999999999993","KLF16","KLF16","32","299","0.0077570000000000000062","0.0594000000000000014","1.65199999999999991","GTEx--Coexpression","HTR6,NGEF,MMP17,WNT7A,KCNF1,ICAM5,ADGRB2,ADGRB1,CTXN1,CAMKK1,FKBP1B,PALM,GNAL,NAT8L,STMN3,PRKCG,CHRM4,LZTS1,CSPG5,MGAT5B,FBXL16,CARMIL2,PTPRN2,AKAP5,CA11,CGREF1,CPLX1,CASKIN1,ACBD7,DLG4,CAMK1D,HAGHL"
"DEG_MD_HCT116","200","0.124500000000000000","FOXE3","FOXE3","32","299","0.0077570000000000000062","0.0594000000000000014","1.65199999999999991","GTEx--Coexpression","ZFYVE28,ABCA2,NGFR,L1CAM,MICALL2,SHC4,CORO2B,ITGB4,IL1RAPL1,ZDHHC8,GRIK2,MPZ,PPFIA4,TMOD2,WNT6,RASGEF1C,DACT1,SH3TC2,GPR137C,PLLP,TMEM132B,GAL3ST1,SEMA3B,SOX8,PTGDS,SRRM3,CYP2U1,SPTBN4,CD99L2,PAPLN,ARHGAP39,SLC2A1"
"DEG_MD_HCT116","201","0.125099999999999989","SKI","SKI","32","299","0.0077570000000000000062","0.0594000000000000014","1.65199999999999991","GTEx--Coexpression","ZFYVE28,COL13A1,GRIN2C,L1CAM,ZNF461,ACAP3,MTCL1,SYNGR1,ZNF704,GRIK2,PCDHB14,PER3,PPFIA4,ADAM11,NXPH3,RASGEF1C,GALNT9,ENO2,GPR137C,PLCB4,NFIX,DISP2,CHRD,MAP3K12,PLEKHG5,KCNAB3,SRRM3,SPTBN4,TRANK1,CARMIL3,SLC22A31,MCF2L"
"DEG_MD_HCT116","202","0.125700000000000006","ST18","ST18","32","300","0.0081279999999999998084","0.0594000000000000014","1.64599999999999991","GTEx--Coexpression","PRKACB,ABCA2,GPR37,FAM222A,TTLL7,FRMD5,CORO2B,RASGRF1,PPM1H,SLC5A11,PLEKHB1,SEC14L5,TMEM151A,OTUD7A,GRIK2,SH3GL3,GNAZ,CNTN1,RASGEF1C,ARFGEF3,SPOCK2,FAM131B,ENO2,CDK18,GPR137C,CLDND1,DNER,ZDHHC14,APLP1,COLGALT2,LGI3,GDAP1"
"DEG_MD_HCT116","203","0.126299999999999996","TFCP2L1","TFCP2L1","32","300","0.0081279999999999998084","0.0594000000000000014","1.64599999999999991","GTEx--Coexpression","LIPG,PPFIBP2,VAMP8,PCDH1,SLPI,ZBED2,KCNN4,ATP6V1C2,RNF144B,FBN3,ARHGEF35,ANKHD1,MMP7,RBM47,GALNT3,EHF,WDR72,KIAA1217,PROM2,ST14,FHDC1,CTNND1,CDH1,AP1M2,MAL2,IRX3,TNS4,AZGP1,KRT23,SIPA1L3,GRHL2,KLRG2"
"DEG_MD_HCT116","204","0.126900000000000013","PIN1","PIN1","32","300","0.0081279999999999998084","0.0594000000000000014","1.64599999999999991","GTEx--Coexpression","B4GAT1,OLFM1,KCNF1,CNTNAP2,FSD1,CCDC92,ADGRB2,ADGRB1,GRIN1,SYT3,GRM7,SYNGR3,NAT8L,STMN3,PHF24,ZNF365,TUBB2A,CHN1,RAB3A,BRSK1,ANKRD24,AP3M2,MGAT5B,ACSL6,MAPK8IP2,MAP6,CA11,TMEM59L,CPLX1,CASKIN1,DLG4,GDAP1"
"DEG_MD_HCT116","205","0.127599999999999991","NHLH2","NHLH2","32","300","0.0081279999999999998084","0.0594000000000000014","1.64599999999999991","GTEx--Coexpression","ZFYVE28,GRIN2C,L1CAM,ACAP3,MTCL1,RASGRF1,PPM1H,SLC12A5,SYNGR1,GRIK2,PPFIA4,ADAM11,MAST1,RASGEF1C,ARFGEF3,GALNT9,SPOCK2,SBK1,FAM131B,ENO2,GPR137C,PLCH2,KIFC2,DISP2,CACNB4,RTN4R,PLEKHG5,KCNAB3,SRRM3,SPTBN4,CARMIL3,MCF2L"
"DEG_MD_HCT116","206","0.128200000000000008","EGR4","EGR4","32","300","0.0081279999999999998084","0.0594000000000000014","1.64599999999999991","GTEx--Coexpression","ZFYVE28,GRIN2C,ACAP3,CORO2B,CNTNAP1,RASGRF1,PPM1H,FSD1,SLC12A5,GRIK2,GRIN1,ADAM11,SYT3,RASGEF1C,GALNT9,SPOCK2,FAM131B,ENO2,GPR137C,KIFC2,TMEM229B,DISP2,CACNB4,RTN4R,SRRM3,ACSL6,MAPK8IP2,SPTBN4,CARMIL3,CA11,TMEM59L,DLG4"
"DEG_MD_HCT116","207","0.128799999999999998","HSFY2","HSFY2","32","300","0.0081279999999999998084","0.0594000000000000014","1.64599999999999991","GTEx--Coexpression","ZFYVE28,GRIN2C,L1CAM,ZNF461,USP9Y,CNTNAP1,MTCL1,RASGRF1,PPM1H,SLC12A5,SYNGR1,GRIK2,PPFIA4,ADAM11,SYT3,MAST1,RASGEF1C,GALNT9,SPOCK2,SBK1,FAM131B,ENO2,GPR137C,FGF9,DISP2,CACNB4,RTN4R,SRRM3,MAPK8IP2,SPTBN4,DOCK3,MCF2L"
"DEG_MD_HCT116","208","0.129399999999999987","BCL11A","BCL11A","32","300","0.0081279999999999998084","0.0594000000000000014","1.64599999999999991","GTEx--Coexpression","IL20RA,IL20RB,LYPD3,RDH12,WNT7B,GPR87,CPA4,TMEM19,TNFRSF19,TRIM29,RIN1,ATP6V1C2,LYNX1,GRIP1,INAVA,DEGS2,HMGCR,ABCA12,SULT2B1,PROM2,SERPINB5,TMEM154,AHNAK2,NECTIN4,KREMEN2,GRHL2,FAM83B,PSAPL1,POU2F3,SDR16C5,CAMK1D,WNT16"
"DEG_MD_HCT116","209","0.130099999999999993","ZNF57","ZNF57","32","300","0.0081279999999999998084","0.0594000000000000014","1.64599999999999991","GTEx--Coexpression","IL20RA,IL20RB,LYPD3,RDH12,WNT7B,GPR87,CPA4,TRIM29,CSNK2B,ATP6V1C2,INAVA,ARHGEF35,DEGS2,HMGCR,ABCA12,SULT2B1,ELL3,SERPINB5,IRX3,AHNAK2,NECTIN4,TNS4,OVOL1,KRT23,DCST2,GRHL2,FAM83B,PSAPL1,POU2F3,SDR16C5,WNT16,SGPP2"
"DEG_MD_HCT116","210","0.130700000000000011","MYB","MYB","32","300","0.0081279999999999998084","0.0594000000000000014","1.64599999999999991","GTEx--Coexpression","CLDN3,GPR15,GPR35,SLC9A2,BCL2L15,MBOAT1,TMPO,INAVA,NAT1,ELF3,TUBAL3,EPS8L3,DEPDC1B,ST14,GCNT3,MISP,CDH1,RNF43,SLC26A3,PRR5L,MACC1,PI15,KRT8,ACSL5,TRPM6,KRT20,SIPA1L3,ARHGAP40,PYY,EFNA2,OAS1,MUC4"
"DEG_MD_HCT116","211","0.131300000000000000","E2F1","E2F1","32","300","0.0081279999999999998084","0.0594000000000000014","1.64599999999999991","GTEx--Coexpression","DLGAP5,CKS2,CENPW,CENPE,CENPF,NEK2,KPNA2,ARHGAP11A,SPDL1,PTPN7,NUDT1,TMPO,PCNA,RPA3,SPC25,CCNB1,MYBL2,AGPAT5,AURKA,DEPDC1B,NUF2,PBK,TK1,OIP5,MCM5,IL21R,PCLAF,ESCO2,PTTG1,SGO2,FANCD2,ALYREF"
"DEG_MD_HCT116","212","0.131899999999999989","FBXL19","FBXL19","32","300","0.0081279999999999998084","0.0594000000000000014","1.64599999999999991","GTEx--Coexpression","AGAP3,DLGAP1,OLFM1,FSD1,ADGRB2,ADGRB1,CAMKK1,GRIN1,SCNN1D,SYT3,NAT8L,STMN3,FNDC10,PLCH1,PHF24,KIFC2,CHN1,RAB3A,LZTS1,BRSK1,ILDR2,ANKRD24,AP3M2,MGAT5B,FBXL16,ACSL6,MAPK8IP2,NME5,CA11,CPLX1,CASKIN1,DLG4"
"DEG_MD_HCT116","213","0.132500000000000007","FOXF2","FOXF2","32","300","0.0081279999999999998084","0.0594000000000000014","1.64599999999999991","GTEx--Coexpression","DPYSL3,COL24A1,PBX1,JPH2,SYNPO2,ZNF219,LIMS2,FOXP2,FOXP1,ITGA1,KCNQ4,TSPAN2,FOXF1,CCDC9B,NRP2,SYNM,TOX2,LAMA4,SLIT2,TES,TGFB1I1,DENND2A,ADCY5,CACNB2,ANTXR2,COL4A6,COL4A5,SCUBE1,HSPB8,SPEG,PALLD,DES"
"DEG_MD_HCT116","214","0.133200000000000013","REST","REST","32","300","0.0081279999999999998084","0.0594000000000000014","1.64599999999999991","GTEx--Coexpression","PRKACB,AGAP3,B4GAT1,P4HTM,TMEM25,CORO2B,FSD1,SLC12A5,SYT13,NOVA2,GRIN1,GNAZ,SYT3,SYNGR3,SPOCK2,MAPK11,FAM131B,STMN3,RAB3A,BRSK1,ACSL6,MAPK8IP2,GPM6A,SPTBN4,MAP6,SLC22A17,CA11,TMEM59L,CPLX1,CASKIN1,DLG4,GDAP1"
"DEG_MD_HCT116","215","0.133800000000000002","ZNF367","ZNF367","32","300","0.0081279999999999998084","0.0594000000000000014","1.64599999999999991","GTEx--Coexpression","DLGAP5,CKS2,CENPW,CENPE,CENPF,BCL2L12,ARHGAP11A,SPDL1,TMPO,PCNA,RPA3,SPC25,CCNB1,MYBL2,AURKA,NUP37,RTTN,DEPDC1B,LDHA,NUF2,PBK,TK1,OIP5,SNRPG,SNRPF,MCM5,PCLAF,ESCO2,PTTG1,SGO2,FANCD2,ALYREF"
"DEG_MD_HCT116","216","0.134399999999999992","ETV3","ETV3","32","300","0.0081279999999999998084","0.0594000000000000014","1.64599999999999991","GTEx--Coexpression","IL20RA,IL20RB,LYPD3,RDH12,WNT7B,GPR87,CPA4,TNFRSF19,TRIM29,ATP6V1C2,CD44,INAVA,DEGS2,ABCA12,SULT2B1,ELL3,SERPINB5,TMEM154,IRX3,AHNAK2,KLF8,NECTIN4,TNS4,AMMECR1,KRT23,MPZL3,GRHL2,FAM83B,PSAPL1,POU2F3,SDR16C5,WNT16"
"DEG_MD_HCT116","217","0.135000000000000009","TET3","TET3","32","300","0.0081279999999999998084","0.0594000000000000014","1.64599999999999991","GTEx--Coexpression","IL20RA,IL20RB,LYPD3,RDH12,WNT7B,GPR87,CPA4,TNFRSF19,TRIM29,ATP6V1C2,CD44,INAVA,DEGS2,HMGCR,ABCA12,SULT2B1,ELL3,SERPINB5,TMEM154,AHNAK2,NECTIN4,TNS4,AMMECR1,KRT23,MPZL3,GRHL2,FAM83B,PSAPL1,POU2F3,SDR16C5,WNT16,SGPP2"
"DEG_MD_HCT116","218","0.135699999999999987","FOXM1","FOXM1","32","300","0.0081279999999999998084","0.0594000000000000014","1.64599999999999991","GTEx--Coexpression","DLGAP5,CKS2,CENPW,CENPE,CENPF,CDKN3,NEK2,KPNA2,ARHGAP11A,SPDL1,LRR1,NUDT1,TMPO,PCNA,SPC25,CCNB1,MYBL2,AURKA,RPL26L1,NUP37,DEPDC1B,NUF2,PBK,TK1,OIP5,MCM5,PCLAF,ESCO2,PTTG1,SGO2,FANCD2,ALYREF"
"DEG_MD_HCT116","219","0.136300000000000004","PAX6","PAX6","32","300","0.0081279999999999998084","0.0594000000000000014","1.64599999999999991","GTEx--Coexpression","ZFYVE28,GRIN2C,L1CAM,ACAP3,MTCL1,RASGRF1,PPM1H,SLC12A5,SYNGR1,GRIK2,PPFIA4,ADAM11,MAST1,RASGEF1C,ARFGEF3,GALNT9,SPOCK2,SBK1,FAM131B,ENO2,GPR137C,GRAMD1B,FGF9,DISP2,CACNB4,RTN4R,KCNAB3,SRRM3,SPTBN4,CARMIL3,SLC22A31,MCF2L"
"DEG_MD_HCT116","220","0.136899999999999994","HOXD11","HOXD11","32","300","0.0081279999999999998084","0.0594000000000000014","1.64599999999999991","GTEx--Coexpression","GSTM2,PBX1,DCHS1,ZNF219,ZNF214,LIMS2,FOXP2,ADGRA2,KCNQ4,TSPAN2,FOXF1,CCDC9B,NRP2,RAMP1,KLHL13,LAMA5,TES,NFATC4,TGFB1I1,PRSS23,RSPO1,ZEB1,WDR27,MITF,ANTXR2,EBF4,PARP16,ZFP36L1,PALLD,COL6A2,COL6A1,MEIS3"
"DEG_MD_HCT116","221","0.137500000000000011","PRDM8","PRDM8","31","296","0.0115600000000000008304","0.0840000000000000052","1.61200000000000010","GTEx--Coexpression","DPYSL3,COL24A1,PBX1,ATL1,KCNB1,FOXP1,OLFM1,NPTXR,CNTNAP2,KCNQ4,SLC45A3,SLC45A1,FOXF1,IQSEC1,MKX,NRP2,SYNM,RGS4,GNAZ,TGFB1I1,CHN1,CACNB2,CACNB3,KCNIP3,ANTXR2,EBF4,LMO4,COL4A6,COL4A5,PALLD,MEIS3"
"DEG_MD_HCT116","222","0.138100000000000001","ZNF469","ZNF469","31","297","0.0120800000000000004596","0.0874999999999999944","1.60600000000000009","GTEx--Coexpression","PCDHGA10,MMP14,CHST2,COL3A1,ALDH1L2,EFEMP2,ZBTB12,SRR,TRIM44,ADGRA2,ARSJ,ITGBL1,FKBP10,ANO4,FJX1,KIRREL1,NAV3,SERPINE2,COL12A1,SERPINE1,GPR176,DKK1,MRC2,GCNT1,FGF2,ADAMTS2,TWIST1,AXL,GALNT10,STEAP1,MEIS3"
"DEG_MD_HCT116","223","0.138800000000000007","THRA","THRA","31","298","0.0126300000000000006012","0.0898000000000000048","1.60000000000000009","GTEx--Coexpression","PRKACB,B4GAT1,CSMD3,KCNF1,CORO2B,ADGRB2,ADGRB1,CTXN1,PNMA2,GRIN1,FKBP1B,PALM,GNAL,NAT8L,STMN3,PRKCG,AIFM3,BRSK1,CSPG5,WASF3,FBXL16,GPM6A,MAP6,ITM2C,AKAP5,CA11,CGREF1,CASKIN1,ACBD7,DLG4,GDAP1"
"DEG_MD_HCT116","224","0.139399999999999996","ZNF575","ZNF575","31","298","0.0126300000000000006012","0.0898000000000000048","1.60000000000000009","GTEx--Coexpression","FGFBP3,MMP16,MMP17,TMEM25,CORO2B,ADGRB2,SLC45A1,IQSEC1,RCOR2,GRIN1,FKBP1B,TMOD2,SYT3,ANKHD1,STMN3,AIFM3,ELOA,RAB3A,CACNB3,BRSK1,METTL26,SMARCD3,FBXL16,ITM2C,CA11,CGREF1,CPLX1,CASKIN1,DLG4,PDXP,NEURL1"
"DEG_MD_HCT116","225","0.140000000000000013","BARX1","BARX1","31","298","0.0126300000000000006012","0.0898000000000000048","1.60000000000000009","GTEx--Coexpression","PBX3,DCHS1,LRRC3,SYNPO2,KCNB1,LIMS2,FOXP2,FOXP1,ITGA1,ITGA9,KCNQ4,TSPAN2,FOXF1,CCDC9B,NRP2,SYNM,BMP4,LAMA5,TES,GRPR,TGFB1I1,ZEB1,ADCY5,CACNB2,ANTXR2,COL4A6,COL4A5,SPEG,PALLD,LRIG1,DES"
"DEG_MD_HCT116","226","0.140600000000000003","TBR1","TBR1","31","298","0.0126300000000000006012","0.0898000000000000048","1.60000000000000009","GTEx--Coexpression","AGAP3,DLGAP1,ATL1,OLFM1,CNTNAP2,FSD1,SYT13,ADGRB2,IQSEC1,VSNL1,CAMKK1,PNMA2,GRIN1,RGS4,SYT3,SYT1,GRM7,SYNGR3,STMN3,PHF24,ZNF365,CHN1,RAB3A,BRSK1,ANKRD24,MGAT5B,KCNIP3,C2CD4C,LMO4,CAMK1D,PDXP"
"DEG_MD_HCT116","227","0.141300000000000009","ZFHX3","ZFHX3","31","299","0.0131900000000000003353","0.0899999999999999967","1.59400000000000008","GTEx--Coexpression","HSPG2,PDGFC,CRLF1,FBLIM1,HTR1B,FHL1,PMEPA1,ITGA3,PARD3B,ITGA9,ID2,CRIM1,NAV2,ATOH8,PXDC1,CPED1,BCAM,ADCY9,MCAM,PRSS23,AOC3,ITGA10,PRKG1,TMTC1,COL18A1,AXL,SYDE1,LTBP1,SPEG,RBMS3,CHSY3"
"DEG_MD_HCT116","228","0.141899999999999998","HIVEP3","HIVEP3","31","299","0.0131900000000000003353","0.0899999999999999967","1.59400000000000008","GTEx--Coexpression","IL20RA,IL20RB,RDH12,WNT7B,GPR87,TNFRSF19,TRIM29,RIN1,ATP6V1C2,CD44,DEGS2,ABCA12,PLCH2,SERPINB5,KIFC2,TMEM154,PLEKHG5,RTN4RL1,IRX3,NECTIN4,TNS4,CARMIL3,AMMECR1,KREMEN2,GRHL2,FAM83B,PSAPL1,POU2F3,SDR16C5,WNT16,SGPP2"
"DEG_MD_HCT116","229","0.142499999999999988","SOX13","SOX13","31","299","0.0131900000000000003353","0.0899999999999999967","1.59400000000000008","GTEx--Coexpression","HSPG2,ADAMTS10,NR2F2,NOSTRIN,PLSCR4,SNX33,PARD3B,KCTD12,PIK3R1,AASS,AMOTL2,LAMA5,LAMA2,LAMA3,ATOH8,BCAM,TIMP2,TIMP3,APOL3,AOC3,GSN,CYBRD1,SH3D19,KLF7,TNS2,PAPLN,SYDE1,ARHGAP42,RBMS3,FMNL3,SPRY2"
"DEG_MD_HCT116","230","0.143100000000000005","ALX4","ALX4","31","299","0.0131900000000000003353","0.0899999999999999967","1.59400000000000008","GTEx--Coexpression","IL20RA,HOXC13,HOXC11,MMP14,PIAS3,S100A3,SAV1,TNFRSF19,TBX1,ADGRA2,CD44,MSX2,AMOTL2,MELTF,LAMA3,MAML2,KIAA1217,HOXC4,MRC2,NFIX,FKBP9,IRX3,KLF8,PI15,TRAF3IP2,AZGP1,TWIST1,CITED4,KRT32,ARHGAP40,POU2F3"
"DEG_MD_HCT116","231","0.143699999999999994","ATF4","ATF4","31","299","0.0131900000000000003353","0.0899999999999999967","1.59400000000000008","GTEx--Coexpression","HSPG2,SNX33,ZNF219,LIMS2,FOXP2,FOXP1,ITGA1,PARD3B,FSD1,KCNQ4,FOXF1,NRP2,SYNM,LAMA5,LAMA4,TES,TGFB1I1,ZEB1,AOC3,RAB13,ARL6IP1,ANTXR2,ACSL6,FAM20C,SYDE1,CAMK1D,PALLD,COL6A2,COL6A1,DES,LTBR"
"DEG_MD_HCT116","232","0.144400000000000001","ZBTB8B","ZBTB8B","31","299","0.0131900000000000003353","0.0899999999999999967","1.59400000000000008","GTEx--Coexpression","PRKACB,AGAP3,B4GAT1,KCNC4,CSMD3,FSD1,SYT13,NOVA2,PLEKHB1,ADGRB1,GRIK4,PNMA2,GNAZ,CNTN1,SYNGR3,GNG4,STMN3,BRSK1,TMEM132A,CSPG5,WASF3,ARL6IP1,MAPK8IP2,MAP6,PTPRN2,SLC22A17,DNER,APLP1,TMEM59L,CASKIN1,GDAP1"
"DEG_MD_HCT116","233","0.144999999999999990","MYCN","MYCN","31","299","0.0131900000000000003353","0.0899999999999999967","1.59400000000000008","GTEx--Coexpression","FAM221A,ABCA2,GPR37,FRMD5,SHC4,IL1RAPL1,SLC5A11,PLEKHB1,SEC14L5,COL9A3,TMEM151A,SH3GL3,TMOD2,BMP7,SH3TC2,CDK18,AFAP1L2,PLLP,CLDND1,NRBP2,MOB3B,TMEM132B,GAL3ST1,C1QL1,SEMA3B,KCNIP3,SOX8,KRT32,ARHGAP39,APLP1,LGI3"
"DEG_MD_HCT116","234","0.145600000000000007","NFATC4","NFATC4","31","299","0.0131900000000000003353","0.0899999999999999967","1.59400000000000008","GTEx--Coexpression","STARD9,HSPG2,GSTM2,NR2F2,PBX1,DCHS1,SNX33,ZNF214,LIMS2,EFEMP2,GLIS2,ADGRA2,CCNL2,NRP2,BLOC1S2,CHST14,TGFB1I1,GLI2,TIMP2,WDR27,ZNF783,CYBRD1,TRPC1,RAB13,TNS2,EBF4,AXL,SYDE1,COL6A2,COL6A1,RBMS3"
"DEG_MD_HCT116","235","0.146199999999999997","MBD3","MBD3","31","299","0.0131900000000000003353","0.0899999999999999967","1.59400000000000008","GTEx--Coexpression","INSYN1,AGAP3,TMA7,MMP17,OLFM1,NDUFB8,NOVA2,CCDC92,ADGRB2,ADGRB1,MT-ATP8,SGSM2,PALM,USE1,NAT8L,MAPK11,STMN3,FNDC10,BRF1,BRSK1,ANKRD24,TMEM132A,CSPG5,NF2,METTL26,MGAT5B,KCNIP3,C2CD4C,CA11,CASKIN1,DLG4"
"DEG_MD_HCT116","236","0.146900000000000003","ZNF248","ZNF248","31","300","0.0137699999999999992545","0.0899999999999999967","1.58800000000000008","GTEx--Coexpression","ZFYVE28,RNF215,GRIN2C,L1CAM,ACAP3,TMEM25,TMEM120B,CNTNAP1,MTCL1,PPM1H,PPP1R3E,SYNGR1,GRIK2,HSF4,PPFIA4,ADAM11,MZF1,GGT7,MAST1,GALNT9,ENO2,GPR137C,DGKE,DISP2,MAP3K12,KCNAB3,SRRM3,SPTBN4,TRANK1,CARMIL3,MCF2L"
"DEG_MD_HCT116","237","0.147499999999999992","TLX1","TLX1","31","300","0.0137699999999999992545","0.0899999999999999967","1.58800000000000008","GTEx--Coexpression","TMC8,TMC6,HLA-DMB,SPATA13,CD22,GAB3,BANK1,CD72,KAZALD1,RAG1,EMID1,TTC24,MYO15B,HOMER3,HMOX1,DENND1C,DENND2D,PLCB2,FGD2,CHRM4,SEMA3D,PRR5L,FAM43A,PARP10,BTN3A3,RENBP,TM4SF18,NPY1R,ATG16L2,DOCK8,DLL1"
"DEG_MD_HCT116","238","0.148100000000000009","L3MBTL1","L3MBTL1","31","300","0.0137699999999999992545","0.0899999999999999967","1.58800000000000008","GTEx--Coexpression","ZFYVE28,P4HTM,ACAP3,TMEM25,TMEM120B,PPM1H,SLC12A5,PPP1R3E,SYNGR1,GRIK2,ADAM11,SCNN1D,GGT7,MAST1,GALNT9,SPOCK2,ENO2,GPR137C,BRF1,DISP2,SPIRE2,MAP3K12,SRRM3,MAPK8IP2,SPTBN4,MAP6,CARMIL3,SLC22A17,TMEM59L,DOCK3,MCF2L"
"DEG_MD_HCT116","239","0.148699999999999999","ZNF385A","ZNF385A","31","300","0.0137699999999999992545","0.0899999999999999967","1.58800000000000008","GTEx--Coexpression","IL20RA,IL20RB,LYPD3,RDH12,SFN,DUSP7,WNT7B,GPR87,CPA4,TRIM29,RIN1,ATP6V1C2,BMP7,DEGS2,ABCA12,SULT2B1,PLCH2,SERPINB5,TMEM154,AHNAK2,NECTIN4,TNS4,KRT23,KREMEN2,MPZL3,GRHL2,FAM83B,PSAPL1,POU2F3,SDR16C5,WNT16"
"DEG_MD_HCT116","240","0.149299999999999988","LMX1B","LMX1B","31","300","0.0137699999999999992545","0.0899999999999999967","1.58800000000000008","GTEx--Coexpression","IL20RA,RDH12,SLC18A2,TNFRSF19,TRIM29,ST8SIA6,ATP6V1C2,MELTF,ETV6,LAMA3,MAML2,ABCA12,NR1D1,SERPINB5,IRX3,AHNAK2,KLF8,PI15,NECTIN4,TNS4,AZGP1,CITED4,KRT23,DCST2,CA12,GRHL2,ARHGAP40,ZFP36L1,FAM83B,PSAPL1,POU2F3"
"DEG_MD_HCT116","241","0.149999999999999994","CUX1","CUX1","31","300","0.0137699999999999992545","0.0899999999999999967","1.58800000000000008","GTEx--Coexpression","COL13A1,PBX1,DCHS1,JPH2,CKS2,LIMS2,ZNF675,MTCL1,ZNF615,KCNQ4,ZNF704,TSPAN2,CCDC9B,NRP2,PCDHB14,RAMP1,NXPH3,TGFB1I1,NUF2,PLCB4,CACNB2,MAP3K12,TRPC1,KCNAB3,P3H3,CYP2U1,TRANK1,FANCD2,HSPB8,SPEG,PALLD"
"DEG_MD_HCT116","242","0.150600000000000012","ZNF426","ZNF426","31","300","0.0137699999999999992545","0.0899999999999999967","1.58800000000000008","GTEx--Coexpression","TMC1,FGFBP1,SAMD9,FABP5,S100A2,TACSTD2,CRYBG2,CRYBG1,TXNDC17,EPHA2,EPGN,PRDM1,DAPP1,FUT3,MAST4,TTC22,RND3,LNX1,NUP37,EHF,HOXA1,S100A14,S100A10,GJB2,IL1RN,MALL,TXN,PPL,NMU,MPZL2,LMO7"
"DEG_MD_HCT116","243","0.151200000000000001","CAMTA1","CAMTA1","31","300","0.0137699999999999992545","0.0899999999999999967","1.58800000000000008","GTEx--Coexpression","PRKACB,B4GAT1,DLGAP1,CORO2B,RASGRF1,PPM1H,FSD1,SLC12A5,SYT13,GRIN1,SYT3,CNTN1,SYNGR3,SPOCK2,FAM131B,STMN3,GPR137C,RAB3A,CACNB4,BRSK1,ACSL6,MAPK8IP2,GPM6A,SPTBN4,CA11,TMEM59L,CPLX1,CASKIN1,DLG4,DOCK3,GDAP1"
"DEG_MD_HCT116","244","0.151799999999999990","ATOH8","ATOH8","31","300","0.0137699999999999992545","0.0899999999999999967","1.58800000000000008","GTEx--Coexpression","HSPG2,PLSCR4,CRLF1,ITGA3,PARD3B,ID3,STAMBPL1,RFTN1,CRIM1,LAMA2,VIM,PXDC1,BCAM,ADCY9,AFAP1L2,TIMP3,ENG,GSN,DHRS3,PCYOX1L,CYBRD1,SH3D19,CEBPD,TNS2,TMTC1,COL18A1,SYDE1,ARHGAP42,FBLN5,RBMS3,REPS2"
"DEG_MD_HCT116","245","0.152499999999999997","ZNF519","ZNF519","31","300","0.0137699999999999992545","0.0899999999999999967","1.58800000000000008","GTEx--Coexpression","ZFYVE28,COL13A1,GRIN2C,L1CAM,ZNF461,ACAP3,TMEM120B,MTCL1,SLC12A5,SYNGR1,GRIK2,PER3,PPFIA4,ADAM11,MAST1,RASGEF1C,GALNT9,ENO2,GPR137C,PLCB4,DGKE,FGF9,DISP2,CACNB4,GLMN,MAP3K12,KCNAB3,SRRM3,SPTBN4,TRANK1,MCF2L"
"DEG_MD_HCT116","246","0.153100000000000014","MYT1L","MYT1L","31","300","0.0137699999999999992545","0.0899999999999999967","1.58800000000000008","GTEx--Coexpression","PRKACB,B4GAT1,DLGAP1,ATL1,FSD1,SLC12A5,ADGRB2,CAMKK1,PNMA2,GRIN1,SYT3,SYT1,NAT8L,STMN3,ZNF365,CHN1,RAB3A,CACNB4,BRSK1,FBXL16,ACSL6,MAPK8IP2,GPM6A,PTPRN2,CA11,CGREF1,TMEM59L,CPLX1,CASKIN1,DLG4,GDAP1"
"DEG_MD_HCT116","247","0.153700000000000003","GATA6","GATA6","30","295","0.0184700000000000003064","0.1199999999999999956","1.56000000000000005","GTEx--Coexpression","PBX3,PPFIBP1,CHST7,FRK,MAP3K5,FBLIM1,GLIS2,FHL2,TSPAN12,ST7,KCNQ1,DECR1,NUDT7,FHOD3,NRTN,ARHGEF28,SLC4A3,BLOC1S2,PAM,AIFM1,ENG,MAP3K15,DUSP19,ADAMTS7,LRMDA,CLDN18,ANXA10,ATP5MG,BAMBI,ABCC3"
"DEG_MD_HCT116","248","0.154299999999999993","HOXA11","HOXA11","30","297","0.0200499999999999983791","0.1260000000000000009","1.54899999999999993","GTEx--Coexpression","HSPG2,PDGFC,PBX1,DCHS1,SYNPO2,ZNF214,LIMS2,FOXP2,ZBTB12,PARD3B,ADGRA2,KCNQ4,TSPAN2,RAMP1,KLHL13,TES,CPED1,NFATC4,TGFB1I1,PRSS23,RSPO1,ZEB1,IRS1,MITF,SYDE1,SPEG,PALLD,COL6A2,COL6A1,MEIS3"
"DEG_MD_HCT116","249","0.154900000000000010","ELK3","ELK3","30","297","0.0200499999999999983791","0.1260000000000000009","1.54899999999999993","GTEx--Coexpression","MMP14,EFEMP2,ADGRA2,KCTD12,YES1,FKBP10,KIRREL1,CRIM1,AMOTL2,LAMA4,MAML2,CHST14,S100A10,MRC2,APOL3,CSF1,FKBP9,CYBRD1,ADAMTS2,KLF7,RAB13,TWIST1,HEG1,MDFIC,AXL,HFE,SYDE1,STEAP1,COL6A2,SPRY1"
"DEG_MD_HCT116","250","0.155599999999999988","HEY1","HEY1","30","297","0.0200499999999999983791","0.1260000000000000009","1.54899999999999993","GTEx--Coexpression","TMA7,B4GAT1,KCNF1,CORO2B,NOVA2,ADGRB2,ADGRB1,CTXN1,MT-ATP8,FKBP1B,PALM,TMOD2,GNAL,PITPNC1,NAT8L,MAPK11,LZTS1,CSPG5,WASF3,FBXL16,PTPRN2,CA11,CGREF1,CPLX1,CASKIN1,ACBD7,LRP1B,DLG4,DOCK4,GDAP1"
"DEG_MD_HCT116","251","0.156200000000000006","MSX1","MSX1","30","297","0.0200499999999999983791","0.1260000000000000009","1.54899999999999993","GTEx--Coexpression","PLSCR4,PPARG,ADGRA2,ID3,FKBP10,RFTN1,KIRREL1,CPXM1,MAML2,SERPINF1,CHST14,TIMP3,APOLD1,APOL3,GSN,CSF1,FKBP9,CYBRD1,ADAMTS2,TNS2,P3H3,PLPP3,TWIST1,MDFIC,TM4SF18,AXL,SYDE1,COL6A2,RBMS3,SPRY1"
"DEG_MD_HCT116","252","0.156799999999999995","TWIST2","TWIST2","30","297","0.0200499999999999983791","0.1260000000000000009","1.54899999999999993","GTEx--Coexpression","PCDHGA10,HOXC11,MMP14,ZNF469,COL3A1,ALDH1L2,ADGRA2,ARSJ,ITGBL1,FKBP10,KIRREL1,AMOTL2,LAMA4,COL12A1,GPR176,DKK1,HOXC4,CHST14,MRC2,GCNT1,CSF1,FKBP9,CPM,ADAMTS2,RAB13,TWIST1,AXL,HFE,STEAP1,COL6A2"
"DEG_MD_HCT116","253","0.157400000000000012","ERG","ERG","30","298","0.0208799999999999992550","0.1260000000000000009","1.54299999999999993","GTEx--Coexpression","PDGFB,ADAMTS10,PLSCR4,FBLIM1,GLIS2,ITGA9,KCTD12,CRIM1,VCAN,PXDC1,MCAM,TIMP3,ENG,APOLD1,APOL3,AOC3,ITGA10,PRKG1,KLF7,HMCN1,TNS2,TMTC1,COL18A1,SYDE1,LTBP2,LTBP1,FBLN5,RBMS3,CHSY3,SPRY1"
"DEG_MD_HCT116","254","0.158099999999999991","ZNF428","ZNF428","30","298","0.0208799999999999992550","0.1260000000000000009","1.54299999999999993","GTEx--Coexpression","TMA7,B4GAT1,MMP17,KCNF1,FSD1,CCDC92,ADGRB2,ADGRB1,CTXN1,GRIK4,FKBP1B,PALM,GNAZ,NAT8L,STMN3,AIFM3,BRSK1,TMEM132A,CSPG5,METTL26,WASF3,ACSL6,MAP6,CA11,CGREF1,CPLX1,CASKIN1,DLG4,HAGHL,GDAP1"
"DEG_MD_HCT116","255","0.158700000000000008","EMX1","EMX1","30","298","0.0208799999999999992550","0.1260000000000000009","1.54299999999999993","GTEx--Coexpression","CLCNKB,AGAP3,KCNC4,DLGAP1,OLFM1,NPTXR,CNTNAP2,FSD1,SYT13,ADGRB2,IQSEC1,VSNL1,GRIN1,OGDHL,RGS4,SYT3,SYT1,GRM7,PHF24,ZNF365,CHN1,RAB3A,BRSK1,ANKRD24,MGAT5B,KCNIP3,C2CD4C,LMO4,CASKIN1,PDXP"
"DEG_MD_HCT116","256","0.159299999999999997","JUN","JUN","30","298","0.0208799999999999992550","0.1260000000000000009","1.54299999999999993","GTEx--Coexpression","PDGFB,NOSTRIN,DUSP6,PLSCR4,SNX33,SAV1,SOCS3,KCTD12,BMP2,AMOTL2,CPXM1,LAMA3,MAML2,TIMP3,HBEGF,APOLD1,APOL3,GSN,FKBP9,CYBRD1,NF2,SH3D19,SIAH1,ARHGAP42,ZFP36L1,EFNB2,NR4A1,KLF11,SPRY2,SPRY1"
"DEG_MD_HCT116","257","0.159899999999999987","TFAP2D","TFAP2D","30","298","0.0208799999999999992550","0.1260000000000000009","1.54299999999999993","GTEx--Coexpression","AGAP3,KCNC4,CSMD3,WNT7A,OLFM1,NPTXR,CNTNAP2,SYT13,CCDC92,FKBP1B,PALM,GNG4,STMN3,PHF24,TUBB2A,CHN1,LZTS1,CACNB3,CSPG5,KCNIP3,MAPK8IP2,GPM6A,C2CD4C,CA11,ACBD7,CAMK1D,MYRIP,PDXP,SNCG,MEIS3"
"DEG_MD_HCT116","258","0.160500000000000004","FEV","FEV","30","298","0.0208799999999999992550","0.1260000000000000009","1.54299999999999993","GTEx--Coexpression","SAMD11,JTB,FAM222A,P4HTM,SHC2,FOXO6,NOXA1,VWA5B2,SLC45A3,RTBDN,PLEKHA6,SGSM2,CACNA1D,PLD3,SYT7,ARFGEF3,VGF,GNG4,CDK5RAP3,FICD,RET,SPIRE2,CDRT4,KRT8,MAP6,PTPRN2,IL17RC,KRT18,SCG2,ASIC4"
"DEG_MD_HCT116","259","0.161200000000000010","MECOM","MECOM","30","298","0.0208799999999999992550","0.1260000000000000009","1.54299999999999993","GTEx--Coexpression","GATA6,NOSTRIN,GPR39,TMC5,SLC9A2,ZBTB42,RASSF6,ARL14,KCNQ1,GIPR,AKR1C3,ARHGEF28,CA2,EPN1,EPN3,ELF3,RBM47,GALNT3,CRACR2B,ELOA,GCNT2,CTNND1,FAM107B,AP1M2,KRT8,ZFPM1,CLDN18,NQO1,KRT18,ANXA10"
"DEG_MD_HCT116","260","0.161799999999999999","HOXD10","HOXD10","30","299","0.0217399999999999989087","0.1260000000000000009","1.53699999999999992","GTEx--Coexpression","GSTM2,PBX1,DCHS1,ZNF214,LIMS2,PIAS3,FOXP2,GLIS1,ADGRA2,TSPAN2,NRP2,RAMP1,KLHL13,LAMA5,MYO15B,TES,NFATC4,TGFB1I1,PRSS23,RSPO1,WDR27,MITF,ZNF783,EBF4,PARP16,MAP4K5,ZFP36L1,COL6A2,COL6A1,MEIS3"
"DEG_MD_HCT116","261","0.162399999999999989","ZNF454","ZNF454","30","299","0.0217399999999999989087","0.1260000000000000009","1.53699999999999992","GTEx--Coexpression","VAMP8,ZNF221,ZNF214,EFEMP2,ZNF615,ADGRA2,SLC45A1,ARSJ,MKX,FKBP10,ZNF585B,ZNF585A,PCDHB14,DAPP1,GPR176,ZNF391,NFATC4,DENND2D,PLCB4,FGF2,MAP3K12,TRPC1,P3H3,CYP2U1,PTCHD4,AXL,SYDE1,DIAPH1,COL6A1,SSBP2"
"DEG_MD_HCT116","262","0.163000000000000006","PBX3","PBX3","30","299","0.0217399999999999989087","0.1260000000000000009","1.53699999999999992","GTEx--Coexpression","GATA6,GSTM2,PBX1,ZNF219,LIMS2,MAP3K5,KCNH2,FOXP2,TSPAN12,ITGA1,FOXF1,CCDC9B,NRP2,SYNM,TMEM150C,NRTN,SIMC1,SLC4A3,NFATC4,TGFB1I1,GLI2,ADCY5,MAP3K15,ANTXR2,LRMDA,EBF4,GALNT10,BAMBI,PALLD,DES"
"DEG_MD_HCT116","263","0.163700000000000012","ZNF74","ZNF74","30","299","0.0217399999999999989087","0.1260000000000000009","1.53699999999999992","GTEx--Coexpression","AGAP3,RNF215,P4HTM,ACAP3,TMEM25,CNTNAP1,PPM1H,SLC12A5,SYNGR1,CAMKK1,GNAZ,SYT3,MAST1,BCL7A,GNG4,SBK1,FAM131B,STMN3,KIFC2,BRF1,SARM1,CACNB3,RTN4R,BRSK1,MAPK8IP2,SPTBN4,SLC22A17,TMEM59L,DLG4,GDAP1"
"DEG_MD_HCT116","264","0.164300000000000002","C11ORF95","C11ORF95","30","299","0.0217399999999999989087","0.1260000000000000009","1.53699999999999992","GTEx--Coexpression","RNF215,NR2F2,PBX1,DCHS1,VAMP8,ZNF214,EFEMP2,GLIS2,CTIF,ZNF704,PCDHB14,DAPP1,KLHL13,MAN1C1,ZNF391,FDFT1,NFATC4,GLI2,TIMP2,DENND2D,TMEM154,CACNB3,TRPC1,EBF4,P3H3,MPZL3,SYDE1,ALYREF,COL6A1,SSBP2"
"DEG_MD_HCT116","265","0.164899999999999991","ZBTB33","ZBTB33","30","299","0.0217399999999999989087","0.1260000000000000009","1.53699999999999992","GTEx--Coexpression","HSPG2,IL20RA,IL20RB,RDH12,WNT7B,LIMS2,ZNF675,GPR87,TMEM19,CRYBG1,IKZF2,TRIM29,HIVEP3,TFAP4,DAPP1,DEGS2,HMGCR,ABCA12,BLOC1S2,TGFB1I1,SERPINB5,TMEM154,MACC1,NECTIN4,AMMECR1,MPZL3,GRHL2,FAM83B,POU2F3,SGPP2"
"DEG_MD_HCT116","266","0.165500000000000008","BNC2","BNC2","30","299","0.0217399999999999989087","0.1260000000000000009","1.53699999999999992","GTEx--Coexpression","STARD9,HSPG2,NR2F2,PBX1,DCHS1,ZNF214,LIMS2,EFEMP2,FOXP2,PARD3B,ADGRA2,PIK3R1,NRP2,PRICKLE1,LAMA4,CHST14,NFATC4,TGFB1I1,GLI2,TIMP2,ZEB1,ZNF783,SH3D19,TRPC1,ANTXR2,PAPLN,MAP4K5,SYDE1,COL6A2,COL6A1"
"DEG_MD_HCT116","267","0.166099999999999998","ALX3","ALX3","30","299","0.0217399999999999989087","0.1260000000000000009","1.53699999999999992","GTEx--Coexpression","AGAP3,CRB2,P4HTM,FOXO6,NOVA2,ADGRB1,RTBDN,COL9A2,CAMKK1,PLEKHA6,SGSM2,PALM,GNAZ,PLD3,GNG4,MAPK11,MYO15A,STMN3,RSPO1,BRF1,CACNB3,BRSK1,P3H3,MAP6,PTPRN2,SLC22A17,SCG2,ASIC4,MEIS3,GDAP1"
"DEG_MD_HCT116","268","0.166800000000000004","SMAD3","SMAD3","30","300","0.0226300000000000008094","0.1260000000000000009","1.53099999999999992","GTEx--Coexpression","PRKACB,FAM222A,MMP14,SNX33,FRMD5,PPM1H,FSD1,SH3GL3,SCNN1D,GNAZ,CNTN1,MAST4,SPOCK2,FAM131B,KIAA1217,PCYOX1L,TMEM229B,IRS1,ILDR2,CYBRD1,TRAF3IP2,ACSL6,MAPK8IP2,PLPP3,MAP6,DNER,GABRE,MPZL2,BDKRB2,REPS2"
"DEG_MD_HCT116","269","0.167399999999999993","LHX5","LHX5","30","300","0.0226300000000000008094","0.1260000000000000009","1.53099999999999992","GTEx--Coexpression","ZFYVE28,GRIN2C,L1CAM,ACAP3,MTCL1,RASGRF1,PPM1H,SLC12A5,SYNGR1,GRIK2,PPFIA4,ADAM11,MAST1,RASGEF1C,ARFGEF3,GALNT9,SYNGR3,SPOCK2,SBK1,FAM131B,ENO2,GPR137C,DISP2,KCNAB3,SRRM3,SPTBN4,CARMIL3,SLC22A17,TMEM59L,MCF2L"
"DEG_MD_HCT116","270","0.168000000000000010","ZNF273","ZNF273","30","300","0.0226300000000000008094","0.1260000000000000009","1.53099999999999992","GTEx--Coexpression","IL20RA,IL20RB,LYPD3,RDH12,WNT7B,GPR87,CPA4,TNFRSF19,TRIM29,RIN1,ATP6V1C2,DEGS2,ABCA12,NR1D1,ELL3,PLCH2,SERPINB5,PLEKHG5,IRX3,AHNAK2,KLF8,NECTIN4,TNS4,KRT23,DCST2,GRHL2,FAM83B,PSAPL1,POU2F3,WNT16"
"DEG_MD_HCT116","271","0.168600000000000000","ZNF157","ZNF157","30","300","0.0226300000000000008094","0.1260000000000000009","1.53099999999999992","GTEx--Coexpression","ZFYVE28,GRIN2C,L1CAM,ACAP3,TMEM120B,MTCL1,RASGRF1,PPM1H,SLC12A5,SYNGR1,GRIK2,PPFIA4,ADAM11,MAST1,RASGEF1C,ARFGEF3,GALNT9,SPOCK2,FAM131B,ENO2,GPR137C,FGF9,DISP2,CACNB4,MAP3K12,KCNAB3,SRRM3,SPTBN4,CARMIL3,MCF2L"
"DEG_MD_HCT116","272","0.169300000000000006","HOXA1","HOXA1","30","300","0.0226300000000000008094","0.1260000000000000009","1.53099999999999992","GTEx--Coexpression","LYPD3,SFN,SAMD9,FABP5,S100A2,GPR87,TACSTD2,ZNF426,CRYBG2,CRYBG1,EIF5A,TXNDC17,EPHA2,TMPRSS4,PRDM1,DAPP1,TTC22,NUP37,SULT2B1,GAR1,S100A14,PROM2,S100A10,TMEM154,IL1RN,MALL,TXN,PPL,AMMECR1,NMU"
"DEG_MD_HCT116","273","0.169899999999999995","HES3","HES3","30","300","0.0226300000000000008094","0.1260000000000000009","1.53099999999999992","GTEx--Coexpression","RASGRF1,PPM1H,FSD1,SLC12A5,SYNGR1,OTUD7A,GRIK2,ADAM11,SCNN1D,SYT3,CNTN1,MAST1,GALNT9,SYNGR3,SPOCK2,SBK1,FAM131B,ENO2,GPR137C,TMEM229B,DISP2,RTN4R,RNF182,KCNAB3,AP3M2,ACSL6,MAPK8IP2,SPTBN4,CARMIL3,TMEM59L"
"DEG_MD_HCT116","274","0.170500000000000013","TCF20","TCF20","30","300","0.0226300000000000008094","0.1260000000000000009","1.53099999999999992","GTEx--Coexpression","IL20RB,LYPD3,SFN,ZNF675,GPR87,TACSTD2,CRYBG2,CRYBG1,TRIM29,DAPP1,INAVA,TTC22,HMGCR,SULT2B1,PROM2,ELL3,SERPINB5,TMEM154,MAL2,NECTIN4,OVOL1,PPL,AMMECR1,NMU,MPZL3,GRHL2,PTTG1,FANCD2,FAM83B,SGPP2"
"DEG_MD_HCT116","275","0.171100000000000002","FOXP1","FOXP1","30","300","0.0226300000000000008094","0.1260000000000000009","1.53099999999999992","GTEx--Coexpression","DPYSL3,HSPG2,DCHS1,JPH2,SYNPO2,LIMS2,FOXP2,ITGA1,ITGA9,KCNQ4,TSPAN2,FOXF1,NRP2,SYNM,LAMA5,TES,BLOC1S2,TGFB1I1,ADCY5,AOC3,CACNB2,ANTXR2,HMCN1,SYDE1,COL4A6,COL4A5,SPEG,PALLD,DES,SSBP2"
"DEG_MD_HCT116","276","0.171699999999999992","MAF","MAF","30","300","0.0226300000000000008094","0.1260000000000000009","1.53099999999999992","GTEx--Coexpression","IL20RA,IL20RB,LYPD3,RDH12,PPFIBP2,WNT7B,GPR87,CPA4,ITGB4,TNFRSF19,TRIM29,ATP6V1C2,INAVA,DEGS2,LAMA3,ABCA12,NR1D1,ELL3,SERPINB5,SMPDL3A,AHNAK2,KLF8,NECTIN4,AMMECR1,GRHL2,ZFP36L1,FAM83B,PSAPL1,POU2F3,WNT16"
"DEG_MD_HCT116","277","0.172399999999999998","ZNF781","ZNF781","30","300","0.0226300000000000008094","0.1260000000000000009","1.53099999999999992","GTEx--Coexpression","ZFYVE28,COL13A1,RNF215,GRIN2C,L1CAM,ZNF461,ACAP3,TMEM25,TMEM120B,CNTNAP1,MTCL1,PPM1H,SLC12A5,SYNGR1,GRIK2,PPFIA4,ADAM11,RASGEF1C,GALNT9,ENO2,GPR137C,FGF9,DISP2,CACNB4,MAP3K12,KCNAB3,SRRM3,SPTBN4,TRANK1,MCF2L"
"DEG_MD_HCT116","278","0.172999999999999987","MYCL","MYCL","30","300","0.0226300000000000008094","0.1260000000000000009","1.53099999999999992","GTEx--Coexpression","IL20RA,IL20RB,LYPD3,RDH12,WNT7B,GPR87,CPA4,TRIM29,ATP6V1C2,INAVA,ARHGEF35,DEGS2,ABCA12,SULT2B1,PROM2,ELL3,ANXA9,SERPINB5,TMEM154,IRX3,AHNAK2,NECTIN4,TNS4,KRT23,MPZL3,GRHL2,FAM83B,PSAPL1,POU2F3,SDR16C5"
"DEG_MD_HCT116","279","0.173600000000000004","IRX5","IRX5","30","300","0.0226300000000000008094","0.1260000000000000009","1.53099999999999992","GTEx--Coexpression","IL20RA,IL20RB,LYPD3,RDH12,WNT7B,GPR87,TACSTD2,CPA4,TNFRSF19,TRIM29,ATP6V1C2,ARHGEF35,DEGS2,ABCA12,SULT2B1,PROM2,SERPINB5,IRX3,AHNAK2,KLF8,NECTIN4,TNS4,KRT23,GRHL2,ARHGAP40,FAM83B,PSAPL1,POU2F3,SDR16C5,WNT16"
"DEG_MD_HCT116","280","0.174199999999999994","PAX4","PAX4","30","300","0.0226300000000000008094","0.1260000000000000009","1.53099999999999992","GTEx--Coexpression","CLDN3,GPR39,GPR35,SLC9A2,BCL2L15,TRIM15,HNF4G,HNF4A,MMEL1,NOL4L,CA2,TUBAL3,EPS8L3,ABO,ST14,GCNT3,MISP,SLC26A3,AMN,PRR5L,KRT8,ACSL5,TRPM6,KRT20,ZDHHC23,PYY,EFNA2,HEPH,HKDC1,MUC4"
"DEG_MD_HCT116","281","0.174900000000000000","ZNF430","ZNF430","30","300","0.0226300000000000008094","0.1260000000000000009","1.53099999999999992","GTEx--Coexpression","IL20RB,LYPD3,SAMD9,ZNF675,GPR87,TACSTD2,ZNF426,CRYBG2,CRYBG1,IKZF2,TRIM29,CCDC92,CD44,PRDM1,DAPP1,HMGCR,HOXA1,SULT2B1,S100A14,SERPINB5,TMEM154,MAL2,MACC1,NECTIN4,PPL,AMMECR1,NMU,MPZL3,FAM83B,SGPP2"
"DEG_MD_HCT116","282","0.175499999999999989","CXXC5","CXXC5","30","300","0.0226300000000000008094","0.1260000000000000009","1.53099999999999992","GTEx--Coexpression","ZFYVE28,GRIN2C,ACAP3,MTCL1,RASGRF1,PPM1H,SLC12A5,SYNGR1,GRIK2,PPFIA4,ADAM11,MAST1,RASGEF1C,ARFGEF3,GALNT9,SBK1,FAM131B,ENO2,GPR137C,TMEM229B,FGF9,DISP2,RTN4R,CHRD,KCNAB3,SRRM3,MAPK8IP2,SPTBN4,CARMIL3,MCF2L"
"DEG_MD_HCT116","283","0.176100000000000007","ZNF721","ZNF721","30","300","0.0226300000000000008094","0.1260000000000000009","1.53099999999999992","GTEx--Coexpression","ZNF461,TARBP1,CORO2B,CNTNAP1,RASGRF1,PPM1H,SLC12A5,PPP1R3E,SYNGR1,GRIK2,PPFIA4,ADAM11,SYT3,CNTN1,MAST1,ARFGEF3,GALNT9,FAM131B,ENO2,GPR137C,DGKE,DISP2,CACNB4,SRRM3,MAPK8IP2,GPM6A,SPTBN4,DOCK3,MCF2L,GDAP1"
"DEG_MD_HCT116","284","0.176699999999999996","HES7","HES7","30","300","0.0226300000000000008094","0.1260000000000000009","1.53099999999999992","GTEx--Coexpression","ZFYVE28,COL13A1,GRIN2C,L1CAM,KCND1,ZNF461,ACAP3,MTCL1,SLC12A5,SYNGR1,GRIK2,PPFIA4,ADAM11,MAST1,RASGEF1C,GALNT9,SBK1,ENO2,GPR137C,FGF9,DISP2,RTN4R,KCNAB3,SRRM3,SPTBN4,CARMIL3,ANP32E,SLC22A31,MCF2L,CDH15"
"DEG_MD_HCT116","285","0.177300000000000013","DNMT1","DNMT1","30","300","0.0226300000000000008094","0.1260000000000000009","1.53099999999999992","GTEx--Coexpression","DLGAP5,CKS2,CENPW,CENPE,CENPF,NEK2,KPNA2,ARHGAP11A,SPDL1,LRR1,TMPO,DHX9,XRCC6,PCNA,SPC25,CCNB1,MYBL2,AURKA,RTTN,DEPDC1B,HNRNPM,NUF2,PBK,MCM5,PCLAF,ESCO2,PTTG1,SGO2,FANCD2,ALYREF"
"DEG_MD_HCT116","286","0.177999999999999992","TFDP1","TFDP1","30","300","0.0226300000000000008094","0.1260000000000000009","1.53099999999999992","GTEx--Coexpression","DLGAP5,CKS2,CENPW,CENPE,CENPF,ARHGAP11A,SPDL1,EIF5A,ACTR2,TMPO,PCNA,RPA3,SPC25,CCNB1,MYBL2,AURKA,NUP37,DEPDC1B,NUF2,PBK,TK1,OIP5,SNRPF,MCM5,PCLAF,ESCO2,PTTG1,SGO2,FANCD2,ALYREF"
"DEG_MD_HCT116","287","0.178600000000000009","FOXN1","FOXN1","30","300","0.0226300000000000008094","0.1260000000000000009","1.53099999999999992","GTEx--Coexpression","IL20RA,IL20RB,LYPD3,RDH12,WNT7B,GPR87,CPA4,TNFRSF19,TRIM29,ATP6V1C2,INAVA,DEGS2,ABCA12,SULT2B1,PROM2,ELL3,SERPINB5,TMEM154,AHNAK2,NECTIN4,TNS4,OVOL1,KRT23,KREMEN2,GRHL2,FAM83B,PSAPL1,POU2F3,SDR16C5,WNT16"
"DEG_MD_HCT116","288","0.179199999999999998","ELF5","ELF5","30","300","0.0226300000000000008094","0.1260000000000000009","1.53099999999999992","GTEx--Coexpression","VAMP8,TACSTD2,ITGB4,SLPI,KCNN4,ATP6V1C2,LOXL4,ENPP3,FBN3,MELTF,MMP7,ETV6,ELF3,LAMA3,GALNT3,CHPT1,EHF,MAML2,KIAA1217,POU5F1B,CRACR2B,DNASE2B,GCNT3,IRX3,FOLR1,SOX9,AZGP1,CITED4,KRT23,GRHL2"
"DEG_MD_HCT116","289","0.179799999999999988","SOX2","SOX2","29","297","0.0322500000000000008882","0.1769999999999999907","1.49100000000000010","GTEx--Coexpression","CRB2,CSMD3,OLFM2,PLEKHB1,ADGRB2,ADGRB1,CTXN1,GRIK4,PALM,TMOD2,MRO,PITPNC1,NAT8L,STMN3,AIFM3,SLC15A2,TNIK,TMEM132B,TMEM132A,CSPG5,C1QL1,WASF3,ARL6IP1,SOX8,GPM6A,ITM2C,CA11,CASKIN1,ACBD7"
"DEG_MD_HCT116","290","0.180499999999999994","CREB3L2","CREB3L2","29","297","0.0322500000000000008882","0.1769999999999999907","1.49100000000000010","GTEx--Coexpression","HSPG2,PDGFC,PLSCR4,EFEMP2,GLIS2,ITGA3,ITGA9,ID3,FKBP10,NAV2,BCAM,BLOC1S2,CHST14,PRSS23,TIMP2,CYBRD1,SLC26A4,SEMA3D,ACSL6,PLPP3,COL18A1,TMED4,AXL,SYDE1,LTBP2,LTBP1,FBLN5,RBMS3,NEURL1"
"DEG_MD_HCT116","291","0.181100000000000011","DLX1","DLX1","29","298","0.0334800000000000028133","0.1769999999999999907","1.48599999999999999","GTEx--Coexpression","PRKACB,B4GAT1,KCNC4,CSMD3,OLFM1,CNTNAP2,FSD1,SYT13,ADGRB1,PNMA2,GRM7,SYNGR3,STMN3,FNDC10,PHF24,TUBB2A,CHN1,RAB3A,BRSK1,CSPG5,MGAT5B,ARL6IP1,C2CD4C,PTPRN2,SLC22A17,TMEM59L,CASKIN1,PDXP,GDAP1"
"DEG_MD_HCT116","292","0.181700000000000000","ZNF275","ZNF275","29","298","0.0334800000000000028133","0.1769999999999999907","1.48599999999999999","GTEx--Coexpression","GATA6,ABCA1,PBX3,AADAC,KCNG3,MAP3K5,TSPAN12,ADGRV1,MERTK,MYO7A,VWA5B2,FNDC4,KCNQ1,TMEM150C,STAMBPL1,CACNA1D,EBP,SIMC1,SNTB1,CPEB4,SERPINA5,GRAMD1B,MAP3K15,LRMDA,CHCHD2,SGSH,ABCD1,ABCC3,HSPE1"
"DEG_MD_HCT116","293","0.182299999999999990","POU5F1","POU5F1","29","299","0.0347400000000000000466","0.1769999999999999907","1.47999999999999998","GTEx--Coexpression","JTB,GPR39,TMC5,VAMP8,SLC9A2,BCL2L15,ONECUT1,ZBTB42,RASSF6,HNF4G,HNF4A,AKR1C3,KIRREL2,DPEP1,ELF3,RBM47,POLD4,GALNT3,CRACR2B,ST14,CDH1,AP1M2,AMN,KRT8,ZFPM1,PGGHG,CLDN18,KRT18,ANXA10"
"DEG_MD_HCT116","294","0.182900000000000007","EBF4","EBF4","29","299","0.0347400000000000000466","0.1769999999999999907","1.47999999999999998","GTEx--Coexpression","DPYSL3,EXD3,GTF2IRD2B,GSTM2,PBX3,PBX1,DCHS1,LIMS2,FOXP2,FOXP1,CCNL2,FOXF1,CCDC9B,NRP2,ZNF585B,MZF1,PAN2,LAMA5,MYO15B,NFATC4,TGFB1I1,WDR27,SALL4,LCN12,TMED4,HNRNPH3,COL4A5,MAN2C1,PCED1A"
"DEG_MD_HCT116","295","0.183600000000000013","ZNF517","ZNF517","29","299","0.0347400000000000000466","0.1769999999999999907","1.47999999999999998","GTEx--Coexpression","AGAP3,RNF215,P4HTM,SLC27A1,ACAP3,TMEM25,TMEM120B,PPM1H,PPP1R3E,SLC45A1,SYNGR1,YES1,HSF4,MZF1,GGT7,SYT3,SBK1,FAM131B,STMN3,KIFC2,BRF1,TMEM229B,CACNB3,BRSK1,MAPK8IP2,SPTBN4,TUBG2,DOCK3,NEURL1"
"DEG_MD_HCT116","296","0.184200000000000003","EBF3","EBF3","29","299","0.0347400000000000000466","0.1769999999999999907","1.47999999999999998","GTEx--Coexpression","LIPE,HSPG2,PDGFB,NOSTRIN,PLSCR4,PPARG,KCTD12,AMOTL2,SERPINF1,TIMP3,APOLD1,APOL3,GSN,FKBP9,CYBRD1,SCRN2,SH3D19,ABLIM3,KLF7,TNS2,INPP4B,MDFIC,GABRE,TM4SF18,DOCK11,ARHGAP42,RBMS3,SPRY2,SPRY1"
"DEG_MD_HCT116","297","0.184799999999999992","TBX2","TBX2","29","299","0.0347400000000000000466","0.1769999999999999907","1.47999999999999998","GTEx--Coexpression","ADAMTS10,NR2F2,NOSTRIN,GLIS2,ITGA3,ITGA1,ID3,CRIP1,TGM2,LAMA5,SLIT2,BCAM,MCAM,TIMP3,TMSB15A,ENG,APOL3,AOC3,SH3D19,FOLR1,TNS2,IL15RA,COL18A1,TFEC,SYDE1,LTBP2,FBLN5,RBMS3,FMNL3"
"DEG_MD_HCT116","298","0.185400000000000009","FLYWCH1","FLYWCH1","29","299","0.0347400000000000000466","0.1769999999999999907","1.47999999999999998","GTEx--Coexpression","ZFYVE28,EXD3,L1CAM,TARBP1,ACAP3,TMEM120B,LRR1,CCNL2,PPP1R3E,GRIK2,HSF4,PER3,PPFIA4,GGT7,RASGEF1C,RPL26L1,ENO2,KIFC2,NFIX,BRF1,BZW1,MAP3K12,PLEKHG5,KCNAB3,SRRM3,SPTBN4,TRANK1,CARMIL3,MCF2L"
"DEG_MD_HCT116","299","0.186099999999999988","NR2F2","NR2F2","29","299","0.0347400000000000000466","0.1769999999999999907","1.47999999999999998","GTEx--Coexpression","STARD9,HSPG2,NGFR,PLSCR4,SNX33,PARD3B,ADGRA2,KCTD12,NRP2,AASS,PRICKLE1,WNT6,DACT1,VIM,BLOC1S2,CHST14,NFATC4,GLI2,TIMP2,CYBRD1,SH3D19,TNS2,CYP2U1,COL18A1,PAPLN,SYDE1,ARHGAP42,RBMS3,FMNL3"
"DEG_MD_HCT116","300","0.186700000000000005","GLIS3","GLIS3","29","299","0.0347400000000000000466","0.1769999999999999907","1.47999999999999998","GTEx--Coexpression","LIPG,PLSCR4,BMP8A,ZNF214,EFEMP2,FSCN2,GLIS2,SAV1,ID3,FKBP10,NAV2,FGFRL1,WDR72,BCAM,AFAP1L2,TRIM8,IRS1,SALL4,CYBRD1,SLC26A4,SEMA3D,FRAS1,RAB13,PLPP3,LCN12,TMED4,HEG1,RBMS3,PCED1A"
"DEG_MD_HCT116","301","0.187299999999999994","HHEX","HHEX","29","300","0.0360400000000000025890","0.1769999999999999907","1.47500000000000009","GTEx--Coexpression","LIPG,KCNC3,BMP8A,SLC25A45,FSCN2,ZBED2,SYK,RNF144B,RAG1,RHPN1,PAN2,RBM47,SNTB1,FGFRL1,NHLRC3,WDR72,BCAM,AFAP1L2,SALL4,MINDY1,SLC26A4,SEMA3D,FRAS1,PLPP3,LCN12,TMED4,SSC4D,ZMAT1,PCED1A"
"DEG_MD_HCT116","302","0.187900000000000011","ISX","ISX","29","300","0.0360400000000000025890","0.1769999999999999907","1.47500000000000009","GTEx--Coexpression","CLDN3,GPR35,SLC9A2,BCL2L15,TRIM15,HNF4G,HNF4A,AKR1C3,TUBAL3,EPS8L3,ABO,ST14,GCNT3,MISP,SLC15A1,SLC26A3,AMN,SMPDL3A,PRR5L,KRT8,ACSL5,TRPM6,KRT20,C1QTNF12,TMEM139,PYY,EFNA2,HEPH,HKDC1"
"DEG_MD_HCT116","303","0.188599999999999990","KLF4","KLF4","29","300","0.0360400000000000025890","0.1769999999999999907","1.47500000000000009","GTEx--Coexpression","IL20RA,IL20RB,LYPD3,RDH12,WNT7B,GPR87,CPA4,TNFRSF19,TRIM29,ATP6V1C2,EGR3,INAVA,DEGS2,ABCA12,NR1D1,ELL3,SERPINB5,IRX3,AHNAK2,KLF8,NECTIN4,TNS4,KRT23,GRHL2,FAM83B,PSAPL1,POU2F3,SDR16C5,WNT16"
"DEG_MD_HCT116","304","0.189200000000000007","ELF2","ELF2","29","300","0.0360400000000000025890","0.1769999999999999907","1.47500000000000009","GTEx--Coexpression","TMA7,B4GAT1,FSD1,ADGRB2,ADGRB1,GRIN1,FKBP1B,SYT3,SYNGR3,NAT8L,STMN3,FNDC10,AIFM3,TUBB2A,RAB3A,BRSK1,TMEM132A,CSPG5,NF2,PSAT1,ARL6IP1,CREBRF,ITM2C,CA11,CGREF1,TMEM59L,CASKIN1,DLG4,PDXP"
"DEG_MD_HCT116","305","0.189799999999999996","IRX2","IRX2","29","300","0.0360400000000000025890","0.1769999999999999907","1.47500000000000009","GTEx--Coexpression","IL20RA,IL20RB,RDH12,PPFIBP2,VAMP8,GPR87,TNFRSF19,TRIM29,ATP6V1C2,CD44,ARHGEF35,DEGS2,LAMA3,ABCA12,PROM2,NR1D1,SERPINB5,IRX3,AHNAK2,NECTIN4,TRAF3IP2,TNS4,KRT23,GRHL2,FAM83B,PSAPL1,POU2F3,SDR16C5,WNT16"
"DEG_MD_HCT116","306","0.190400000000000014","ASCL3","ASCL3","29","300","0.0360400000000000025890","0.1769999999999999907","1.47500000000000009","GTEx--Coexpression","PDGFC,TMC5,VAMP8,TACSTD2,LCN2,ITGB4,SLPI,KCNN4,ATP6V1C2,LOXL4,ENPP3,FBN3,ARHGEF28,MMP7,ETV6,ELF3,CHI3L2,GALNT3,CHPT1,EHF,KIAA1217,CRACR2B,DNASE2B,GCNT3,SLC15A2,FOLR1,SOX9,AZGP1,KRT23"
"DEG_MD_HCT116","307","0.191000000000000003","CDX2","CDX2","29","300","0.0360400000000000025890","0.1769999999999999907","1.47500000000000009","GTEx--Coexpression","CLDN3,GPR39,GPR35,SLC9A2,BCL2L15,TRIM15,HNF4G,HNF4A,AKR1C3,FUT3,CA2,RBM47,TUBAL3,EPS8L3,ABO,ST14,GCNT3,MISP,SLC26A3,AMN,PRR5L,KRT8,ACSL5,TRPM6,KRT20,PYY,EFNA2,HEPH,MUC4"
"DEG_MD_HCT116","308","0.191700000000000009","ZSCAN4","ZSCAN4","29","300","0.0360400000000000025890","0.1769999999999999907","1.47500000000000009","GTEx--Coexpression","IL20RA,IL20RB,RDH12,PPFIBP2,WNT7B,GPR87,TNFRSF19,TRIM29,ATP6V1C2,DEGS2,ABCA12,PROM2,NR1D1,FHDC1,ELL3,PLCH2,SERPINB5,IRX3,AHNAK2,KLF8,NECTIN4,TNS4,KRT23,KREMEN2,GRHL2,FAM83B,PSAPL1,POU2F3,WNT16"
"DEG_MD_HCT116","309","0.192299999999999999","FOXI3","FOXI3","29","300","0.0360400000000000025890","0.1769999999999999907","1.47500000000000009","GTEx--Coexpression","IL20RA,IL20RB,RDH12,PPFIBP2,HOXC13,GPR87,CPA4,TNFRSF19,TRIM29,CSNK2B,ATP6V1C2,CTSV,INAVA,DEGS2,ABCA12,ELL3,SERPINB5,RNF43,IRX3,NECTIN4,TNS4,KRT23,KREMEN2,C1QTNF12,GRHL2,FAM83B,PSAPL1,POU2F3,WNT16"
"DEG_MD_HCT116","310","0.192899999999999988","CENPA","CENPA","29","300","0.0360400000000000025890","0.1769999999999999907","1.47500000000000009","GTEx--Coexpression","DLGAP5,CKS2,CENPW,CENPE,CENPF,BCL2L12,ARHGAP11A,SPDL1,ACTR2,TMPO,PCNA,RPA3,SPC25,CCNB1,MYBL2,AURKA,NUP37,DEPDC1B,LDHA,NUF2,TK1,OIP5,SNRPF,MCM5,PCLAF,ESCO2,PTTG1,FANCD2,ALYREF"
"DEG_MD_HCT116","311","0.193500000000000005","BCL11B","BCL11B","29","300","0.0360400000000000025890","0.1769999999999999907","1.47500000000000009","GTEx--Coexpression","IL20RA,IL20RB,LYPD3,RDH12,WNT7B,GPR87,CPA4,TNFRSF19,TRIM29,RIN1,ATP6V1C2,INAVA,DEGS2,ABCA12,SULT2B1,SERPINB5,TMEM154,AHNAK2,NECTIN4,TNS4,KRT23,KREMEN2,MPZL3,GRHL2,FAM83B,PSAPL1,POU2F3,SDR16C5,WNT16"
"DEG_MD_HCT116","312","0.194200000000000012","ZNF285","ZNF285","29","300","0.0360400000000000025890","0.1769999999999999907","1.47500000000000009","GTEx--Coexpression","RNF215,GRIN2C,ZNF461,TMEM25,CORO2B,CNTNAP1,RASGRF1,PPM1H,SLC12A5,SYNGR1,GRIK2,PPFIA4,ADAM11,SYT3,CNTN1,SPOCK2,SBK1,FAM131B,ENO2,GPR137C,FGF9,DISP2,CACNB4,SRRM3,MAPK8IP2,SPTBN4,TMEM59L,DOCK3,GDAP1"
"DEG_MD_HCT116","313","0.194800000000000001","CASZ1","CASZ1","29","300","0.0360400000000000025890","0.1769999999999999907","1.47500000000000009","GTEx--Coexpression","IL20RA,IL20RB,LYPD3,RDH12,GPR87,CPA4,MIPEP,TNFRSF19,TRIM29,ATP6V1C2,INAVA,DEGS2,TENT5B,ABCA12,PARD3,ELL3,DENND2C,SERPINB5,IRX3,AHNAK2,NECTIN4,TNS4,KRT23,GRHL2,FAM83B,PSAPL1,POU2F3,SDR16C5,WNT16"
"DEG_MD_HCT116","314","0.195399999999999990","ZNF549","ZNF549","29","300","0.0360400000000000025890","0.1769999999999999907","1.47500000000000009","GTEx--Coexpression","ZFYVE28,GRIN2C,L1CAM,ZNF461,ACAP3,TMEM120B,MTCL1,SLC12A5,SYNGR1,GRIK2,ZNF585A,PPFIA4,ADAM11,MAST1,RASGEF1C,GALNT9,ENO2,GPR137C,GRAMD1B,FGF9,DISP2,MAP3K12,KCNAB3,SRRM3,SPTBN4,TRANK1,CARMIL3,MCF2L,CDH15"
"DEG_MD_HCT116","315","0.196000000000000008","CDX1","CDX1","29","300","0.0360400000000000025890","0.1769999999999999907","1.47500000000000009","GTEx--Coexpression","CLDN3,GPR39,GPR35,SLC9A2,BCL2L15,TRIM15,HNF4G,HNF4A,AKR1C3,FUT3,CA2,RBM47,TUBAL3,EPS8L3,ABO,ST14,GCNT3,MISP,SLC26A3,AMN,PRR5L,KRT8,ACSL5,TRPM6,KRT20,PYY,EFNA2,HEPH,MUC4"
"DEG_MD_HCT116","316","0.196599999999999997","HOXB5","HOXB5","29","300","0.0360400000000000025890","0.1769999999999999907","1.47500000000000009","GTEx--Coexpression","CLDN3,GPR35,SLC9A2,BCL2L15,MBOAT1,PAQR5,TRIM15,FOXF1,HNF4G,HNF4A,ENPP3,TUBAL3,EPS8L3,ABO,ST14,GCNT3,MISP,SLC26A3,AMN,PRR5L,KRT8,ACSL5,TRPM6,KRT20,TMEM139,PYY,EFNA2,HEPH,MUC4"
"DEG_MD_HCT116","317","0.197300000000000003","DLX2","DLX2","29","300","0.0360400000000000025890","0.1769999999999999907","1.47500000000000009","GTEx--Coexpression","B4GAT1,HOXC13,TUBA1B,MMP17,ZNF469,CSMD3,SPDL1,ADGRB1,FJX1,PNMA2,CCNB1,GRM7,SYNGR3,ZNF804A,SERPINE2,STMN3,GPR176,DKK1,FNDC10,TUBB2A,CSPG5,KCNIP3,PSAT1,ARL6IP1,C2CD4C,KRT32,TMEM59L,CASKIN1,MEIS3"
"DEG_MD_HCT116","318","0.197899999999999993","TGIF1","TGIF1","29","300","0.0360400000000000025890","0.1769999999999999907","1.47500000000000009","GTEx--Coexpression","PRKACB,B4GAT1,MMP14,FSD1,CCDC92,GNAZ,SYT3,RND3,FAM131B,STMN3,RAB3A,BRSK1,CEBPD,AP3M2,RAB13,TRAF3IP2,ACSL6,MAPK8IP2,SPTBN4,MAP6,CA11,STEAP1,TMEM59L,CASKIN1,DLG4,DOCK3,GDAP1,NEURL1,LTBR"
"DEG_MD_HCT116","319","0.198500000000000010","NFIX","NFIX","29","300","0.0360400000000000025890","0.1769999999999999907","1.47500000000000009","GTEx--Coexpression","COL13A1,GRIN2C,ACAP3,MTCL1,RASGRF1,PPM1H,SLC12A5,SCN1B,ANK1,SYNGR1,GRIK2,PER3,PPFIA4,ADAM11,BCL7A,GALNT9,SBK1,FAM131B,ENO2,GPR137C,DISP2,RTN4R,KCNAB3,SRRM3,SPTBN4,CARMIL3,MCF2L,CDH15,NEURL1"
"DEG_MD_HCT116","320","0.199099999999999999","ZNF547","ZNF547","29","300","0.0360400000000000025890","0.1769999999999999907","1.47500000000000009","GTEx--Coexpression","ZFYVE28,GRIN2C,ZNF221,ZNF461,ACAP3,TMEM120B,MTCL1,SLC12A5,SYNGR1,GRIK2,ZNF585B,PPFIA4,ADAM11,MAST1,GALNT9,SBK1,MSANTD4,ENO2,GPR137C,GRAMD1B,FGF9,DISP2,GLMN,KCNAB3,SRRM3,SPTBN4,CARMIL3,MCF2L,CDH15"
"DEG_MD_HCT116","321","0.199800000000000005","SP6","SP6","29","300","0.0360400000000000025890","0.1769999999999999907","1.47500000000000009","GTEx--Coexpression","IL20RA,IL20RB,LYPD3,RDH12,HOXC13,WNT7B,GPR87,CPA4,TRIM29,ATP6V1C2,INAVA,ARHGEF35,DEGS2,ABCA12,SULT2B1,ELL3,SERPINB5,IRX3,AHNAK2,NECTIN4,TNS4,OVOL1,KRT23,MPZL3,GRHL2,FAM83B,PSAPL1,POU2F3,SDR16C5"
"DEG_MD_HCT116","322","0.200399999999999995","ZNF534","ZNF534","29","300","0.0360400000000000025890","0.1769999999999999907","1.47500000000000009","GTEx--Coexpression","ZFYVE28,GRIN2C,CORO2B,PPM1H,SLC12A5,SYNGR1,GRIK2,GRIN1,ADAM11,SYT3,CNTN1,RASGEF1C,SPOCK2,FAM131B,ENO2,GPR137C,DISP2,CACNB4,WASF3,SRRM3,ACSL6,MAPK8IP2,GPM6A,SPTBN4,CA11,TMEM59L,DLG4,DOCK3,GDAP1"
"DEG_MD_HCT116","323","0.201000000000000012","ETS2","ETS2","29","300","0.0360400000000000025890","0.1769999999999999907","1.47500000000000009","GTEx--Coexpression","IL20RA,IL20RB,RDH12,DUSP7,TRIM29,ATP6V1C2,CD44,ADGRG6,BMP2,LAMA3,ABCA12,BACH1,ZNF391,NR1D1,SERPINB5,NOTCH1,THBD,NECTIN4,TRAF3IP2,TNS4,IL15RA,SIAH1,ZFP36L1,FAM83B,PSAPL1,POU2F3,SDR16C5,WNT16,DLL1"
"DEG_MD_HCT116","324","0.201600000000000001","SPIC","SPIC","29","300","0.0360400000000000025890","0.1769999999999999907","1.47500000000000009","GTEx--Coexpression","TMC8,TMC6,HLA-DMB,SPATA13,CD22,CD33,GAB3,BANK1,CD72,KAZALD1,RAG1,EMID1,TTC24,HOMER3,HMOX1,DENND1C,DENND2D,PLCB2,FGD2,SEMA3D,PRR5L,FAM43A,PARP10,BTN3A3,RENBP,NPY1R,ATG16L2,DOCK8,DLL1"
"DEG_MD_HCT116","325","0.202199999999999991","HOXB6","HOXB6","29","300","0.0360400000000000025890","0.1769999999999999907","1.47500000000000009","GTEx--Coexpression","CLDN3,GPR35,SLC9A2,BCL2L15,PAQR5,TRIM15,HNF4G,HNF4A,AKR1C3,ENPP3,TUBAL3,EPS8L3,ABO,ST14,GCNT3,MISP,SLC26A3,AMN,PRR5L,KRT8,ACSL5,TRPM6,KRT20,TMEM139,PYY,EFNA2,HEPH,ABCC3,MUC4"
"DEG_MD_HCT116","326","0.202899999999999997","OLIG3","OLIG3","29","300","0.0360400000000000025890","0.1769999999999999907","1.47500000000000009","GTEx--Coexpression","IL20RA,IL20RB,LYPD3,VAMP8,GPR87,TACSTD2,CPA4,CRYBG1,TRIM29,KIRREL2,DEGS2,TENT5B,HMGCR,GRPR,SULT2B1,PARD3,CLPSL2,PROM2,LFNG,ANXA9,SERPINB5,GATM,CDH1,AHNAK2,GRHL2,AMY2B,COL4A6,ENKD1,PSAPL1"
"DEG_MD_HCT116","327","0.203499999999999986","L3MBTL4","L3MBTL4","29","300","0.0360400000000000025890","0.1769999999999999907","1.47500000000000009","GTEx--Coexpression","IL20RA,IL20RB,RDH12,PPFIBP2,GPR87,ACP4,TNFRSF19,TRIM29,CSNK2B,ATP6V1C2,CTSV,SH3RF2,ABCA12,PRR22,ELL3,FANK1,ANXA9,SERPINB5,ZEB1,KIFC3,NECTIN4,TNS4,OVOL1,DCST2,GRHL2,PSORS1C1,FAM83B,PSAPL1,POU2F3"
"DEG_MD_HCT116","328","0.204100000000000004","POU3F2","POU3F2","28","297","0.0502599999999999991207","0.2429999999999999938","1.43500000000000005","GTEx--Coexpression","CRB2,CSMD3,FRMD5,OLFM2,CORO2B,PLEKHB1,ADGRB1,SEC14L5,TMEM151A,GRIK4,PALM,TMOD2,MRO,NAT8L,AIFM3,TMEM132B,TMEM132A,CSPG5,WASF3,ARL6IP1,SOX8,ITM2C,APLP1,CASKIN1,ACBD7,LRP1B,LGI3,HAGHL"
"DEG_MD_HCT116","329","0.204699999999999993","PATZ1","PATZ1","28","297","0.0502599999999999991207","0.2429999999999999938","1.43500000000000005","GTEx--Coexpression","LIPG,KCNC3,IDUA,FSCN2,NOXA1,CCNL2,ZNF585B,MZF1,FBN3,RHPN1,PAN2,FGFRL1,CDK5RAP3,NHLRC3,WDR72,AFAP1L2,WDR27,SALL4,SLC26A4,AMT,EBF4,LCN12,TMED4,APBB3,ZMAT1,ACBD4,MAN2C1,PCED1A"
"DEG_MD_HCT116","330","0.205399999999999999","FIZ1","FIZ1","28","297","0.0502599999999999991207","0.2429999999999999938","1.43500000000000005","GTEx--Coexpression","AGAP3,RNF215,TMEM25,NDUFB8,PPM1H,FSD1,GRIN1,GNAZ,SYT3,USE1,BCL7A,SBK1,FAM131B,STMN3,TMEM229B,BRSK1,TMEM132A,NF2,SH3D19,MAPK8IP2,SPTBN4,CA11,CPLX1,CASKIN1,DLG4,DOCK3,HAGHL,NEURL1"
"DEG_MD_HCT116","331","0.205999999999999989","TWIST1","TWIST1","28","297","0.0502599999999999991207","0.2429999999999999938","1.43500000000000005","GTEx--Coexpression","PCDHGA10,HOXC11,MMP14,ALDH1L2,ADGRA2,ARSJ,ITGBL1,FKBP10,KIRREL1,CRIM1,AMOTL2,LAMA4,MAML2,COL12A1,GPR176,DKK1,HOXC4,CHST14,MRC2,CSF1,FKBP9,CPM,ADAMTS2,RAB13,CITED2,AXL,STEAP1,COL6A2"
"DEG_MD_HCT116","332","0.206600000000000006","DRGX","DRGX","28","297","0.0502599999999999991207","0.2429999999999999938","1.43500000000000005","GTEx--Coexpression","KCNC4,DLGAP1,ATL1,GLRA1,OLFM1,CNTNAP2,RASGRF1,FSD1,SYT13,VWA5B2,TMEM151A,VSNL1,RGS4,SYT3,SYT1,GRM7,SYNGR3,FNDC10,RET,PHF24,ZNF365,TUBB2A,RAB3A,C2CD4C,DNER,APLP1,LGI3,GDAP1"
"DEG_MD_HCT116","333","0.207199999999999995","NPAS1","NPAS1","28","298","0.0519999999999999976130","0.2429999999999999938","1.42900000000000005","GTEx--Coexpression","AGAP3,RDH12,WNT7B,OLFM1,OLFM2,NPTXR,ADGRB2,ADGRB1,RIN1,LYNX1,RGS4,ABCA12,FNDC10,PHF24,TUBB2A,CHN1,RAB3A,BRSK1,RTN4RL1,MGAT5B,KCNIP3,C2CD4C,LMO4,CASKIN1,PSAPL1,POU2F3,CAMK1D,MEIS3"
"DEG_MD_HCT116","334","0.207800000000000012","SKIL","SKIL","28","298","0.0519999999999999976130","0.2429999999999999938","1.42900000000000005","GTEx--Coexpression","PLSCR4,PTGS2,GLIS2,FSD1,SLC12A5,SYNGR1,ID3,TFAP4,VCAN,ATOH8,FAM131B,PXDC1,MRC2,KIFC2,ENG,HBEGF,CYBRD1,PRKG1,HMCN1,IL15RA,ACSL6,HEG1,ARHGAP42,LTBP2,FBLN5,NR4A1,CAMK1D,RBMS3"
"DEG_MD_HCT116","335","0.208499999999999991","HIC1","HIC1","28","298","0.0519999999999999976130","0.2429999999999999938","1.42900000000000005","GTEx--Coexpression","PDGFB,NR2F2,PPFIBP1,DCHS1,LIMS2,EFEMP2,GLIS2,ADGRA2,RFTN1,BMP4,LAMA4,ADGRD1,CHST14,NFATC4,GLI2,MRC2,DENND2A,ENG,APOL3,GSN,FKBP9,NES,TNS2,MDFIC,SYDE1,COL6A2,COL6A1,SPRY1"
"DEG_MD_HCT116","336","0.209100000000000008","KLF12","KLF12","28","298","0.0519999999999999976130","0.2429999999999999938","1.42900000000000005","GTEx--Coexpression","JPH2,VAMP8,MMP16,HTR1B,PARD3B,ITGBL1,NXPH3,RBM47,GALNT3,CPED1,PROM2,MCAM,ZEB1,CTNND1,CDH1,AP1M2,RCAN2,DUSP19,PRKG1,TRPC1,MAL2,CYP2U1,TMTC1,GRHL2,AXL,SYDE1,LTBP1,SPEG"
"DEG_MD_HCT116","337","0.209699999999999998","ZNF362","ZNF362","28","299","0.0537800000000000014144","0.2429999999999999938","1.42399999999999993","GTEx--Coexpression","HSPG2,ADAMTS10,PDGFC,CRLF1,PIAS3,FBLIM1,GLIS2,HTR1B,PMEPA1,ZNF704,TSPAN2,CRIP1,PCDHB14,NXPH3,NAV2,PXDC1,CPED1,MCAM,TGFB1I1,ITGA10,RCAN2,PRKG1,COL18A1,SYDE1,LTBP2,LTBP1,SPEG,CHSY3"
"DEG_MD_HCT116","338","0.210299999999999987","ZNF274","ZNF274","28","299","0.0537800000000000014144","0.2429999999999999938","1.42399999999999993","GTEx--Coexpression","PRKACB,B4GAT1,ATL1,CSMD3,KCNF1,CCNL2,ADGRB2,ADGRB1,PNMA2,FKBP1B,PALM,ANKHD1,PAN2,GRM7,NAT8L,WDR27,CHN1,BRSK1,ZNF550,ZNF783,CDK3,CSPG5,MGAT5B,ARL6IP1,PTPRN2,ITM2C,LMO4,CASKIN1"
"DEG_MD_HCT116","339","0.210999999999999993","ZHX1","ZHX1","28","299","0.0537800000000000014144","0.2429999999999999938","1.42399999999999993","GTEx--Coexpression","FABP5,TMEM19,CRYBG2,EPHA2,PPP1R35,GAA,GAB3,EPGN,BMP7,MAST4,TTC22,LNX1,PRDX1,S100A14,GJB2,PIR,MAL2,WASF3,PSAT1,IL1RN,MALL,TXN,PPL,VASP,NMU,MPZL2,DBI,CMTM7"
"DEG_MD_HCT116","340","0.211600000000000010","TBX4","TBX4","28","299","0.0537800000000000014144","0.2429999999999999938","1.42399999999999993","GTEx--Coexpression","KIAA0040,ABCA3,NOSTRIN,PTGS2,MSLN,ITGA3,FOXF1,CTSH,TOX2,GPRIN3,CACNA1D,ADGRG6,LAMC3,TNFAIP2,IRF1,LAMA3,SLIT2,TIMP3,TMSB15A,APOL1,AOC3,FOLR1,IL15RA,BTN3A3,TFEC,EFNB2,TMEM125,DOCK4"
"DEG_MD_HCT116","341","0.212200000000000000","SNAPC2","SNAPC2","28","299","0.0537800000000000014144","0.2429999999999999938","1.42399999999999993","GTEx--Coexpression","DPYSL3,PBX1,LIMS2,FOXP1,HTR1B,THAP8,KCNQ4,TSPAN2,NRP2,SYNM,RAMP1,TES,KIAA1217,NFATC4,TGFB1I1,GLI2,SARM1,CACNB2,ANTXR2,PARP16,AXL,SYDE1,COL4A6,COL4A5,SPEG,PALLD,COL6A2,COL6A1"
"DEG_MD_HCT116","342","0.212799999999999989","YY1","YY1","28","299","0.0537800000000000014144","0.2429999999999999938","1.42399999999999993","GTEx--Coexpression","LIPG,ZNF268,BMP8A,FSCN2,ITGA9,ZBED2,CCDC9B,ZNF585B,RAG1,FBN3,ATOH8,FGFRL1,WDR72,BCAM,ADCY9,AFAP1L2,FHDC1,IRS1,SALL4,CYBRD1,SLC26A4,SEMA3D,FRAS1,EBF4,PLPP3,LCN12,CITED2,TMED4"
"DEG_MD_HCT116","343","0.213400000000000006","ZNF334","ZNF334","28","299","0.0537800000000000014144","0.2429999999999999938","1.42399999999999993","GTEx--Coexpression","RNF215,KCNC3,IDUA,P4HTM,TARBP1,TMEM25,TMEM120B,NOXA1,PPM1H,CCNL2,PPP1R3E,GRIK2,HSF4,ZNF585B,SCNN1D,MZF1,PAN2,ARFGEF3,CDK5RAP3,BRF1,DISP2,CUL7,SPIRE2,MAP3K12,CDRT4,APBB3,ZMAT1,PCED1A"
"DEG_MD_HCT116","344","0.214100000000000013","ATOH1","ATOH1","28","299","0.0537800000000000014144","0.2429999999999999938","1.42399999999999993","GTEx--Coexpression","CLDN3,GPR35,TMC5,SLC9A2,BCL2L15,TRIM15,HNF4G,HNF4A,AKR1C3,TUBAL3,EPS8L3,ABO,ST14,GCNT3,MISP,SLC15A1,SLC26A3,AMN,SMPDL3A,KRT8,ACSL5,TRPM6,KRT20,C1QTNF12,PYY,EFNA2,HEPH,HKDC1"
"DEG_MD_HCT116","345","0.214700000000000002","DACH2","DACH2","28","299","0.0537800000000000014144","0.2429999999999999938","1.42399999999999993","GTEx--Coexpression","PRKACB,B4GAT1,MMP17,ATL1,CSMD3,KCNF1,CNTNAP2,ICAM5,ADGRB2,ADGRB1,PNMA2,GRIN1,FKBP1B,GRM7,SYNGR3,STMN3,PRKCG,ZNF365,CHN1,RAB3A,FBXL16,PTPRN2,AKAP5,CGREF1,TMEM59L,CASKIN1,DLG4,GDAP1"
"DEG_MD_HCT116","346","0.215299999999999991","THRB","THRB","28","299","0.0537800000000000014144","0.2429999999999999938","1.42399999999999993","GTEx--Coexpression","CACNA2D1,PDGFC,MMP16,KCNB1,TTLL7,FBLIM1,HTR1B,FHL1,PMEPA1,KCNQ4,SLC45A1,MKX,PCDHB14,RGS4,NXPH3,NAV2,CPED1,ADCY9,ZEB1,ITGA10,RCAN2,DUSP19,PRKG1,HMCN1,LMO4,LTBP1,SPEG,CHSY3"
"DEG_MD_HCT116","347","0.215900000000000009","ZNF418","ZNF418","28","299","0.0537800000000000014144","0.2429999999999999938","1.42399999999999993","GTEx--Coexpression","GRIN2C,ZNF250,KCNC3,ZNF461,TARBP1,ACAP3,TMEM120B,MTCL1,CCNL2,PPP1R3E,GRIK2,ZNF585B,ZNF585A,PER3,PPFIA4,ADAM11,RASGEF1C,PATJ,ENO2,GPR137C,DISP2,MAP3K12,PLEKHG5,KCNAB3,SRRM3,CARMIL3,DOCK3,MCF2L"
"DEG_MD_HCT116","348","0.216599999999999987","MXD4","MXD4","28","300","0.0556099999999999997091","0.2429999999999999938","1.41900000000000004","GTEx--Coexpression","ZFYVE28,COL13A1,GRIN2C,L1CAM,ACAP3,TMEM120B,MTCL1,SYNGR1,GRIK2,PPFIA4,ADAM11,MAST1,RASGEF1C,GALNT9,ENO2,GPR137C,GRAMD1B,TMEM229B,DISP2,MAP3K12,PLEKHG5,KCNAB3,SRRM3,SPTBN4,TRANK1,CARMIL3,SLC22A31,MCF2L"
"DEG_MD_HCT116","349","0.217200000000000004","ZNF286B","ZNF286B","28","300","0.0556099999999999997091","0.2429999999999999938","1.41900000000000004","GTEx--Coexpression","ZFYVE28,MOSMO,COL13A1,GRIN2C,L1CAM,ZNF221,ZNF461,ACAP3,MTCL1,SYNGR1,GRIK2,PPFIA4,ADAM11,MAST1,RASGEF1C,GALNT9,ENO2,GPR137C,PLCB4,DISP2,GLMN,MAP3K12,KCNAB3,SRRM3,SPTBN4,TRANK1,CARMIL3,MCF2L"
"DEG_MD_HCT116","350","0.217799999999999994","E2F7","E2F7","28","300","0.0556099999999999997091","0.2429999999999999938","1.41900000000000004","GTEx--Coexpression","GPR15,DLGAP5,CKS2,CENPW,CENPE,CENPF,ARHGAP11A,SPDL1,IKZF2,TMPO,PCNA,RPA3,SPC25,CCNB1,MYBL2,AURKA,NUP37,DEPDC1B,NUF2,TK1,OIP5,MCM5,IL21R,PCLAF,ESCO2,EBI3,PTTG1,FANCD2"
"DEG_MD_HCT116","351","0.218400000000000011","SRY","SRY","28","300","0.0556099999999999997091","0.2429999999999999938","1.41900000000000004","GTEx--Coexpression","IL20RB,RDH12,PCDHGA10,HOXC11,WNT7B,GPR87,CPA4,TNFRSF19,TRIM29,RIN1,ATP6V1C2,CD44,CCND1,DEGS2,ABCA12,HOXA1,GAR1,SERPINB5,AHNAK2,NECTIN4,TRAF3IP2,TWIST1,AMMECR1,CITED2,CHRNA9,FAM83B,PSAPL1,POU2F3"
"DEG_MD_HCT116","352","0.219000000000000000","ZNF540","ZNF540","28","300","0.0556099999999999997091","0.2429999999999999938","1.41900000000000004","GTEx--Coexpression","P4HTM,TMEM25,TMEM120B,CNTNAP1,PPM1H,SLC12A5,PPP1R3E,SLC45A1,SYNGR1,GRIK2,GGT7,MAST1,SPOCK2,STMN3,ENO2,GPR137C,DGKE,DISP2,CACNB4,SRRM3,MAPK8IP2,SPTBN4,MAP6,SLC22A17,TMEM59L,DOCK3,MCF2L,GDAP1"
"DEG_MD_HCT116","353","0.219700000000000006","SALL1","SALL1","28","300","0.0556099999999999997091","0.2429999999999999938","1.41900000000000004","GTEx--Coexpression","LIPG,ABCA2,KCNC3,BHLHE41,GPR37,RIDA,BMP8A,SLC5A11,HSD17B14,PLEKHB1,ZBED2,TMEM151A,OGDHL,SLC1A1,RHPN1,BMP7,FGFRL1,GCSH,WDR72,PRDX1,CLDND1,SALL4,SLC26A4,LCN12,APLP1,LRP1B,PCED1A,LGI3"
"DEG_MD_HCT116","354","0.220299999999999996","HMG20B","HMG20B","28","300","0.0556099999999999997091","0.2429999999999999938","1.41900000000000004","GTEx--Coexpression","SNX33,FOXP1,CORO2B,FSD1,SLC12A5,NOVA2,SCN1B,GRIN1,SYT3,NAT8L,SPOCK2,SBK1,FAM131B,STMN3,TGFB1I1,RAB3A,BRSK1,ACSL6,MAPK8IP2,SPTBN4,CGREF1,TMEM59L,CASKIN1,LRP1B,DLG4,GDAP1,NEURL1,LTBR"
"DEG_MD_HCT116","355","0.220900000000000013","FOXO1","FOXO1","28","300","0.0556099999999999997091","0.2429999999999999938","1.41900000000000004","GTEx--Coexpression","GTF2IRD2B,PSMC1,TBX1,PIK3R1,PPP1R1A,AASS,ZHX2,KLHL30,LAMA2,TMEM201,ATOH8,EYA4,EEPD1,SERPINF1,KIAA1217,MITF,OBSCN,CLIP4,TTN,ABLIM2,KCNJ11,TNS2,MLIP,SIX4,RASA4B,PDE4D,RBMS3,NRIP1"
"DEG_MD_HCT116","356","0.221500000000000002","ZNF493","ZNF493","28","300","0.0556099999999999997091","0.2429999999999999938","1.41900000000000004","GTEx--Coexpression","ZFYVE28,COL13A1,GRIN2C,L1CAM,ACAP3,TMEM120B,MTCL1,PPM1H,PPP1R3E,SYNGR1,GRIK2,PPFIA4,ADAM11,RASGEF1C,GALNT9,ENO2,GPR137C,GRAMD1B,FGF9,DISP2,MAP3K12,KCNAB3,SRRM3,SPTBN4,TRANK1,CARMIL3,SLC22A31,MCF2L"
"DEG_MD_HCT116","357","0.222200000000000009","ZNF212","ZNF212","28","300","0.0556099999999999997091","0.2429999999999999938","1.41900000000000004","GTEx--Coexpression","IL20RB,LYPD3,SFN,GPR87,TACSTD2,CRYBG2,CRYBG1,TRIM29,EPHA2,RBBP8NL,PRDM1,DAPP1,INAVA,DEGS2,TTC22,SULT2B1,S100A14,PROM2,DENND2C,TMEM154,MAL2,NECTIN4,IL1RN,OVOL1,PPL,NMU,MPZL3,GRHL2"
"DEG_MD_HCT116","358","0.222799999999999998","FOXJ1","FOXJ1","28","300","0.0556099999999999997091","0.2429999999999999938","1.41900000000000004","GTEx--Coexpression","ZNF474,ZBBX,NEK5,DCDC1,EFCAB12,SPA17,CCDC78,SPATA17,SPATA18,CETN2,RIBC2,CFAP161,CFAP43,ZMYND10,DNAH1,DNAH2,DNAH6,MAPK15,PLCH1,FANK1,WDR49,MORN2,AK7,OSCP1,CCDC40,MEIG1,NME5,MNS1"
"DEG_MD_HCT116","359","0.223399999999999987","SOX21","SOX21","28","300","0.0556099999999999997091","0.2429999999999999938","1.41900000000000004","GTEx--Coexpression","IL20RA,IL20RB,LYPD3,RDH12,WNT7B,OLFM2,GPR87,CPA4,TRIM29,RIN1,INAVA,BMP7,DEGS2,HMGCR,ABCA12,SULT2B1,PROM2,SERPINB5,TMEM154,MAL2,NECTIN4,KREMEN2,GRHL2,FAM83B,PSAPL1,POU2F3,SDR16C5,WNT16"
"DEG_MD_HCT116","360","0.224000000000000005","ZNF671","ZNF671","28","300","0.0556099999999999997091","0.2429999999999999938","1.41900000000000004","GTEx--Coexpression","ZFYVE28,GRIN2C,KCNC3,KCND1,ACAP3,LIN7A,TMEM120B,MTCL1,PPP1R3E,CCNJL,GRIK2,PPFIA4,ADAM11,MAST1,GALNT9,SBK1,ENO2,GPR137C,TMEM229B,FGF9,DISP2,KCNAB3,SRRM3,SPTBN4,CARMIL3,CBFA2T3,MCF2L,CDH15"
"DEG_MD_HCT116","361","0.224599999999999994","ZBED2","ZBED2","28","300","0.0556099999999999997091","0.2429999999999999938","1.41900000000000004","GTEx--Coexpression","LIPG,KCNC3,BMP8A,FSCN2,RNF144B,RHPN1,BMP7,PAN2,FGFRL1,WDR72,BCAM,PRDX1,AFAP1L2,FHDC1,WDR27,CDH1,SALL4,AP1M2,SLC26A4,SEMA3D,MAL2,FRAS1,PLPP3,LCN12,TMED4,ZMAT1,PCED1A,KLRG2"
"DEG_MD_HCT116","362","0.225300000000000000","AHRR","AHRR","28","300","0.0556099999999999997091","0.2429999999999999938","1.41900000000000004","GTEx--Coexpression","GPR15,DLGAP5,CKS2,CENPW,CENPE,CENPF,ARHGAP11A,SPDL1,IKZF2,TMPO,PCNA,SPC25,CCNB1,MYBL2,AURKA,DEPDC1B,NUF2,PBK,OIP5,VASH2,MCM5,IL21R,PCLAF,ESCO2,EBI3,PTTG1,SGO2,FANCD2"
"DEG_MD_HCT116","363","0.225899999999999990","TEAD2","TEAD2","28","300","0.0556099999999999997091","0.2429999999999999938","1.41900000000000004","GTEx--Coexpression","DPYSL3,HSPG2,DCHS1,JPH2,LIMS2,EFEMP2,FOXP1,GLIS2,ITGA1,FOXF1,NRP2,SYNM,ADGRD1,TES,BLOC1S2,NFATC4,FNDC10,TGFB1I1,KIFC2,AOC3,ARL6IP1,ANTXR2,CARMIL2,FAM20C,SYDE1,PALLD,GDAP1,DES"
"DEG_MD_HCT116","364","0.226500000000000007","SMAD9","SMAD9","28","300","0.0556099999999999997091","0.2429999999999999938","1.41900000000000004","GTEx--Coexpression","DPYSL3,LIPG,HSPG2,FOXP1,GLIS2,ITGA3,ITGA1,ITGA9,ZNF615,KCNQ4,CCDC9B,ID3,ZNF585B,NAV2,ATOH8,CPED1,BCAM,MCAM,TGFB1I1,SLC26A4,PRKG1,TRPC1,EBF4,LCN12,TMED4,SPEG,PALLD,RBMS3"
"DEG_MD_HCT116","365","0.227099999999999996","DLX5","DLX5","28","300","0.0556099999999999997091","0.2429999999999999938","1.41900000000000004","GTEx--Coexpression","IL20RA,IL20RB,LYPD3,RDH12,WNT7B,GPR87,CPA4,TNFRSF19,TRIM29,ATP6V1C2,DEGS2,ABCA12,SULT2B1,NR1D1,ELL3,ANXA9,SERPINB5,IRX3,AHNAK2,NECTIN4,TNS4,KRT23,GRHL2,FAM83B,PSAPL1,POU2F3,SDR16C5,WNT16"
"DEG_MD_HCT116","366","0.227800000000000002","CDX4","CDX4","28","300","0.0556099999999999997091","0.2429999999999999938","1.41900000000000004","GTEx--Coexpression","IL20RA,IL20RB,RDH12,WNT7B,GPR87,CPA4,TNFRSF19,TRIM29,ATP6V1C2,DEGS2,ABCA12,NR1D1,ELL3,ANXA9,SERPINB5,TMEM154,IRX3,AHNAK2,NECTIN4,TNS4,KRT23,KREMEN2,GRHL2,FAM83B,PSAPL1,POU2F3,SDR16C5,WNT16"
"DEG_MD_HCT116","367","0.228399999999999992","ZNF695","ZNF695","28","300","0.0556099999999999997091","0.2429999999999999938","1.41900000000000004","GTEx--Coexpression","GPR15,DLGAP5,CKS2,CENPW,CENPE,CENPF,ARHGAP11A,SPDL1,ACTR2,IKZF2,TMPO,PCNA,RPA3,SPC25,CCNB1,MYBL2,AURKA,NUP37,DEPDC1B,LDHA,NUF2,TK1,SNRPF,MCM5,IL21R,PCLAF,ESCO2,EBI3"
"DEG_MD_HCT116","368","0.229000000000000009","HOXA5","HOXA5","27","297","0.0758299999999999946310","0.3230000000000000093","1.37799999999999989","GTEx--Coexpression","GATA6,ABCA1,PBX3,AADAC,ZNF219,MAP3K5,TSPAN12,ITGA1,MERTK,PAQR5,FNDC4,KCNQ1,ENPP3,CACNA1D,SLIT2,SNTB1,CPEB4,MAP3K15,SEMA3B,LRMDA,CHCHD2,ABCG1,DLG5,SGSH,ABCD1,ABCC3,HSPE1"
"DEG_MD_HCT116","369","0.229599999999999999","FOXD4L5","FOXD4L5","27","297","0.0758299999999999946310","0.3230000000000000093","1.37799999999999989","GTEx--Coexpression","LIPE,MOSMO,PRXL2A,FASN,PRRT4,PPARG,CTIF,PIK3R1,PPP1R1A,AASS,AKR1C2,AMOTL2,MAPK11,LNX1,SERPINF1,MGLL,APOLD1,IRS2,ABHD15,CPM,ABLIM3,TNS2,TMTC1,MDFIC,GABRE,NRIP1,SPRY2"
"DEG_MD_HCT116","370","0.230199999999999988","HES4","HES4","27","297","0.0758299999999999946310","0.3230000000000000093","1.37799999999999989","GTEx--Coexpression","ADAMTS10,JPH2,CRLF1,LIMS2,EFEMP2,FBLIM1,GLIS2,HTR1B,PMEPA1,ID2,ID3,CRIP1,RAMP1,NXPH3,PXDC1,CPED1,BCAM,MCAM,ADCY5,ANKRD37,RCAN2,PRKG1,COL18A1,SYDE1,LTBP1,SPEG,CHSY3"
"DEG_MD_HCT116","371","0.230899999999999994","ESR1","ESR1","27","297","0.0758299999999999946310","0.3230000000000000093","1.37799999999999989","GTEx--Coexpression","GSTM2,PBX1,DCHS1,ZNF214,PIAS3,MBOAT1,ADGRA2,ZNF704,KLHL13,CPXM1,MYO15B,CHST14,NFATC4,RSPO1,WDR27,IGFBP3,MITF,CUL7,AMT,THSD4,PI15,EBF4,P3H3,ZFP36L1,COL6A2,COL6A1,MEIS3"
"DEG_MD_HCT116","372","0.231500000000000011","LHX6","LHX6","27","298","0.0782100000000000017408","0.3230000000000000093","1.37300000000000000","GTEx--Coexpression","LIPE,PDGFB,PRXL2A,NOSTRIN,PLSCR4,PPARG,CTIF,MT-CYB,NOVA2,KCTD12,DCLK1,PALM,MAPK11,SERPINF1,TIMP3,MGLL,APOLD1,APOL3,GSN,LZTS1,ABLIM3,TNS2,C2CD4C,TM4SF18,DOCK11,SPRY2,SPRY1"
"DEG_MD_HCT116","373","0.232100000000000001","ZNF385B","ZNF385B","27","298","0.0782100000000000017408","0.3230000000000000093","1.37300000000000000","GTEx--Coexpression","ABCA3,GRIN2C,SHD,RASGRF1,PPM1H,SLC12A5,SCN1B,ANK1,SYNGR1,GRIK2,PRKN,PPFIA4,ADAM11,BCL7A,SPOCK2,SBK1,ENO2,GPR137C,FGF9,CACNB4,KCNJ11,SRRM3,SPTBN4,SLC22A31,CDH15,CAMK2D,NEURL1"
"DEG_MD_HCT116","374","0.232699999999999990","NKX25","NKX25","27","298","0.0782100000000000017408","0.3230000000000000093","1.37300000000000000","GTEx--Coexpression","ECSIT,FHL2,TRIM55,NDUFB3,NDUFB2,DECR1,FHOD3,NRTN,SSTR5,OXCT1,PDLIM5,SLC4A3,LDHB,PAM,AIFM1,TNNC1,LARGE1,NES,ADAMTS7,RABGAP1L,ANKRD1,UQCR10,ATP5MG,ATP5MF,ATP5ME,RNF207,LIN9"
"DEG_MD_HCT116","375","0.233399999999999996","SIX5","SIX5","27","298","0.0782100000000000017408","0.3230000000000000093","1.37300000000000000","GTEx--Coexpression","HSPG2,PDGFC,GTF2IRD2B,NR2F2,PBX1,SNX33,LIMS2,EFEMP2,FOXP1,GLIS2,ITGA9,FSD1,CCDC9B,SPOCK2,BLOC1S2,CHST14,NFATC4,TGFB1I1,GLI2,ANTXR2,ACSL6,CARMIL2,COL18A1,SYDE1,ENKD1,SPEG,PALLD"
"DEG_MD_HCT116","376","0.234000000000000014","VSX2","VSX2","27","298","0.0782100000000000017408","0.3230000000000000093","1.37300000000000000","GTEx--Coexpression","HTR6,PRKACB,GPR37,ATL1,CSMD3,CORO2B,CNTNAP2,NOVA2,PLEKHB1,SEC14L5,TMEM151A,OTUD7A,GRIK4,SH3GL3,CNMD,GNAL,NAT8L,AGPAT5,PRKCG,CLDND1,AP3M2,FBXL16,ARL6IP1,AKAP5,APLP1,LGI3,GDAP1"
"DEG_MD_HCT116","377","0.234600000000000003","HDX","HDX","27","298","0.0782100000000000017408","0.3230000000000000093","1.37300000000000000","GTEx--Coexpression","PDGFC,ZNF461,FBLIM1,GLIS2,HTR1B,PARD3B,ARSJ,KIRREL1,NXPH3,CRIM1,NAV2,GPR176,PXDC1,CPED1,MCAM,RCAN2,PRKG1,TRPC1,CYP2U1,TMTC1,COL18A1,AXL,SYDE1,LTBP1,RBMS3,CHSY3,SSBP2"
"DEG_MD_HCT116","378","0.235199999999999992","DBX2","DBX2","27","298","0.0782100000000000017408","0.3230000000000000093","1.37300000000000000","GTEx--Coexpression","TMA7,CRB2,OLFM2,SPX,PLEKHB1,ADGRB1,TMEM151A,GRIK4,PALM,MRO,CNTN1,PITPNC1,NAT8L,GCSH,AIFM3,TMEM132A,CSPG5,C1QL1,WASF3,ARL6IP1,SOX8,ITM2C,DNER,APLP1,CASKIN1,ACBD7,LRP1B"
"DEG_MD_HCT116","379","0.235800000000000010","SALL3","SALL3","27","298","0.0782100000000000017408","0.3230000000000000093","1.37300000000000000","GTEx--Coexpression","CRB2,CSMD3,OLFM2,PLEKHB1,ADGRB2,ADGRB1,CTXN1,TMEM151A,GRIK4,PALM,MRO,PITPNC1,NAT8L,AIFM3,SLC15A2,TNIK,TMEM132A,CSPG5,WASF3,SOX8,ITM2C,APLP1,CASKIN1,ACBD7,LRP1B,LGI3,HAGHL"
"DEG_MD_HCT116","380","0.236499999999999988","POU4F3","POU4F3","27","298","0.0782100000000000017408","0.3230000000000000093","1.37300000000000000","GTEx--Coexpression","PDGFC,HOXC11,CRLF1,FBLIM1,HTR1B,PMEPA1,PARD3B,KIRREL1,MSX2,NXPH3,CRIM1,ETV6,VIM,GLDN,PXDC1,CPED1,ENDOD1,MCAM,TIMP2,ITGA10,PRKG1,COL18A1,LTBP2,LTBP1,CHMP2B,RBMS3,CHSY3"
"DEG_MD_HCT116","381","0.237100000000000005","HOXD9","HOXD9","27","298","0.0782100000000000017408","0.3230000000000000093","1.37300000000000000","GTEx--Coexpression","GSTM2,PBX1,DCHS1,ZNF214,LIMS2,PIAS3,FOXP2,GLIS1,ADGRA2,CCNL2,KLHL13,CPXM1,TRA2A,MYO15B,NFATC4,TGFB1I1,RSPO1,WDR27,MITF,ZNF783,EBF4,PARP16,MAP4K5,ZFP36L1,COL6A2,COL6A1,MEIS3"
"DEG_MD_HCT116","382","0.237699999999999995","GTF2IRD1","GTF2IRD1","27","299","0.0806299999999999933431","0.3230000000000000093","1.36800000000000010","GTEx--Coexpression","PSMD1,CFAP61,MYPN,PSMC6,PSMC1,PSMC2,RORC,TBX1,KLHL30,TMEM201,EYA4,ENO3,KIAA1217,PARD3,DENND2C,MACROD1,OBSCN,CLIP4,TTN,ABLIM2,KCNJ11,DIAPH1,TBCE,SIX1,SIX4,RASA4B,PDE4D"
"DEG_MD_HCT116","383","0.238300000000000012","NR2F1","NR2F1","27","299","0.0806299999999999933431","0.3230000000000000093","1.36800000000000010","GTEx--Coexpression","MOSMO,AGAP3,RNF215,SLC27A1,CORO2B,CNTNAP1,NOVA2,SYNGR1,ANO4,PALM,TMOD2,CNTN1,NAV3,MAN1C1,MAPK11,STMN3,CACNB3,TMEM132A,MAP3K12,WASF3,MAPK8IP2,SPTBN4,TUBG2,CA11,DIAPH1,GPSM1,DOCK4"
"DEG_MD_HCT116","384","0.238999999999999990","ZNF3","ZNF3","27","299","0.0806299999999999933431","0.3230000000000000093","1.36800000000000010","GTEx--Coexpression","GTF2IRD2B,B4GAT1,FSD1,NOVA2,CCDC92,ADGRB2,ADGRB1,PNMA2,GRIN1,ANKHD1,DDX46,GRM7,NAT8L,STMN3,PHF24,CHN1,RAB3A,LZTS1,BRSK1,AP3M2,ARL6IP1,ACSL6,MAP6,OXA1L,TMEM59L,CASKIN1,DLG4"
"DEG_MD_HCT116","385","0.239600000000000007","GSX1","GSX1","27","299","0.0806299999999999933431","0.3230000000000000093","1.36800000000000010","GTEx--Coexpression","PRKACB,B4GAT1,KCNC4,MMP17,CSMD3,ADGRB1,PNMA2,GRM7,SYNGR3,VGF,GNG4,STMN3,FNDC10,TUBB2A,CSPG5,LHX5,ARL6IP1,C2CD4C,MAP6,PTPRN2,ITM2C,SLC22A17,DNER,SCG2,TMEM59L,SNCG,GDAP1"
"DEG_MD_HCT116","386","0.240199999999999997","ASCL1","ASCL1","27","299","0.0806299999999999933431","0.3230000000000000093","1.36800000000000010","GTEx--Coexpression","AGAP3,TMA7,P4HTM,FOXO6,PLEKHB1,ADGRB1,RTBDN,COL9A2,PLEKHA6,SGSM2,GNAZ,PLD3,GNG4,STMN3,BRF1,BRSK1,CSPG5,MAPK8IP2,MAP6,PTPRN2,SLC22A17,DNER,APLP1,SCG2,ASIC4,HAGHL,GDAP1"
"DEG_MD_HCT116","387","0.240799999999999986","ZNF835","ZNF835","27","299","0.0806299999999999933431","0.3230000000000000093","1.36800000000000010","GTEx--Coexpression","RNF215,GRIN2C,L1CAM,TMEM25,CORO2B,CNTNAP1,RASGRF1,PPM1H,SLC12A5,SLC45A1,SYNGR1,GRIK2,ADAM11,GNAZ,SYT3,RASGEF1C,GALNT9,FAM131B,ENO2,GPR137C,FGF9,DISP2,RTN4R,MAP3K12,SRRM3,MAPK8IP2,SPTBN4"
"DEG_MD_HCT116","388","0.241400000000000003","ZNF536","ZNF536","27","299","0.0806299999999999933431","0.3230000000000000093","1.36800000000000010","GTEx--Coexpression","ABCA2,GPR37,TTLL7,FRMD5,CORO2B,RASGRF1,IL1RAPL1,SLC5A11,PLEKHB1,SEC14L5,TMEM151A,SH3GL3,TMOD2,GNAZ,CNTN1,RASGEF1C,SH3TC2,FAM131B,CDK18,PLLP,CLDND1,GAL3ST1,SOX8,ZDHHC14,APLP1,COLGALT2,LGI3"
"DEG_MD_HCT116","389","0.242100000000000010","HOXA13","HOXA13","27","299","0.0806299999999999933431","0.3230000000000000093","1.36800000000000010","GTEx--Coexpression","CLDN3,GSTM2,COL24A1,PBX1,DCHS1,LIMS2,FOXP2,GLIS1,MBOAT1,ADGRA2,SLC45A3,TSPAN2,FOXF1,BMP4,TES,TGFB1I1,PRSS23,RSPO1,GCNT3,SLC26A3,PI15,EBF4,KRT20,PYY,HEPH,COL6A1,MUC4"
"DEG_MD_HCT116","390","0.242699999999999999","GATA4","GATA4","27","299","0.0806299999999999933431","0.3230000000000000093","1.36800000000000010","GTEx--Coexpression","GATA6,PPFIBP1,ECSIT,FHL2,TRIM55,NDUFB3,DECR1,FHOD3,CLGN,NRTN,EPN1,SSTR5,SLC4A3,LDHB,PAM,AIFM1,TNNC1,ADAMTS7,ZFPM1,RABGAP1L,ANKRD1,ATP5MG,ATP5MF,ATP5ME,BAMBI,RNF207,LIN9"
"DEG_MD_HCT116","391","0.243299999999999988","FOS","FOS","27","299","0.0806299999999999933431","0.3230000000000000093","1.36800000000000010","GTEx--Coexpression","IL20RA,IL20RB,RDH12,DUSP6,SOCS3,TNFRSF19,ATP6V1C2,EGR3,CRIP1,BMP2,TNFAIP3,RND3,NR1D1,HBEGF,NOTCH1,NF2,THBD,KLF8,NECTIN4,KREMEN2,ZFP36L1,FAM83B,POU2F3,NR4A1,KLF11,WNT16,RGS16"
"DEG_MD_HCT116","392","0.243900000000000006","PHOX2B","PHOX2B","27","299","0.0806299999999999933431","0.3230000000000000093","1.36800000000000010","GTEx--Coexpression","ABCA1,COL24A1,PBX3,PBX1,DCHS1,SYNPO2,ZNF219,LIMS2,KCNH2,FOXP2,ITGA1,VWA5B2,KCNQ4,TSPAN2,FOXF1,CCDC9B,NRP2,SYNM,RAMP1,TES,RET,TGFB1I1,ZEB1,ANTXR2,HEPH,PALLD,DES"
"DEG_MD_HCT116","393","0.244600000000000012","DLX3","DLX3","27","300","0.0831100000000000033173","0.3230000000000000093","1.36299999999999999","GTEx--Coexpression","IL20RA,IL20RB,LYPD3,RDH12,HOXC13,WNT7B,GPR87,CPA4,TNFRSF19,TRIM29,ATP6V1C2,DEGS2,TENT5B,ABCA12,NR1D1,ELL3,SERPINB5,AHNAK2,NECTIN4,TNS4,KRT23,GRHL2,FAM83B,PSAPL1,POU2F3,SDR16C5,WNT16"
"DEG_MD_HCT116","394","0.245200000000000001","SP8","SP8","27","300","0.0831100000000000033173","0.3230000000000000093","1.36299999999999999","GTEx--Coexpression","IL20RA,IL20RB,RDH12,WNT7B,GPR87,TNFRSF19,TRIM29,SLC45A3,ATP6V1C2,INAVA,DEGS2,ABCA12,NR1D1,PLCH2,SERPINB5,RNF43,RTN4RL1,AHNAK2,NECTIN4,TNS4,KRT23,KREMEN2,GRHL2,FAM83B,PSAPL1,POU2F3,WNT16"
"DEG_MD_HCT116","395","0.245799999999999991","ZNF385D","ZNF385D","27","300","0.0831100000000000033173","0.3230000000000000093","1.36299999999999999","GTEx--Coexpression","COL13A1,ADAMTS10,MMP16,PLSCR4,FBLIM1,GLIS2,HTR1B,PMEPA1,SLC45A1,ZNF704,ITGBL1,PCDHB14,NXPH3,DACT1,NAV2,VCAN,PXDC1,ITGA10,RCAN2,PRKG1,HMCN1,LTBP2,LTBP1,FBLN5,SPEG,RBMS3,CHSY3"
"DEG_MD_HCT116","396","0.246400000000000008","MAFB","MAFB","27","300","0.0831100000000000033173","0.3230000000000000093","1.36299999999999999","GTEx--Coexpression","IL20RB,LYPD3,RDH12,WNT7B,GPR87,CPA4,TNFRSF19,TRIM29,ATP6V1C2,CD44,DEGS2,ABCA12,SERPINB5,TMEM154,AHNAK2,KLF8,NECTIN4,TNS4,AMMECR1,KRT23,GRHL2,FAM83B,PSAPL1,POU2F3,SDR16C5,WNT16,DLL1"
"DEG_MD_HCT116","397","0.246999999999999997","ZNF532","ZNF532","27","300","0.0831100000000000033173","0.3230000000000000093","1.36299999999999999","GTEx--Coexpression","COL13A1,GRIN2C,L1CAM,VAMP8,ZNF461,TTLL7,MTCL1,ZNF615,ZNF704,GRIK2,ZNF585A,PPFIA4,NXPH3,GGT7,RASGEF1C,DACT1,ENO2,GPR137C,DENND2D,PLCB4,NFIX,RALGAPA1,MAP3K12,TRPC1,CYP2U1,TRANK1,CDH15"
"DEG_MD_HCT116","398","0.247700000000000004","RORA","RORA","27","300","0.0831100000000000033173","0.3230000000000000093","1.36299999999999999","GTEx--Coexpression","IL20RA,IL20RB,LYPD3,RDH12,WNT7B,GPR87,CPA4,TNFRSF19,TRIM29,ATP6V1C2,DEGS2,ABCA12,PARD3,NR1D1,ELL3,DENND2C,SERPINB5,IRX3,AHNAK2,NECTIN4,TNS4,KRT23,FAM83B,PSAPL1,POU2F3,SDR16C5,WNT16"
"DEG_MD_HCT116","399","0.248299999999999993","CSRNP3","CSRNP3","27","300","0.0831100000000000033173","0.3230000000000000093","1.36299999999999999","GTEx--Coexpression","PRKACB,B4GAT1,ATL1,CSMD3,CNTNAP2,ADGRB2,ADGRB1,PNMA2,GRIN1,GRM7,SYNGR3,NAT8L,STMN3,PRKCG,ZNF365,CHN1,RAB3A,BRSK1,FBXL16,MAP6,PTPRN2,SLC22A17,CGREF1,TMEM59L,CASKIN1,DLG4,GDAP1"
"DEG_MD_HCT116","400","0.248900000000000010","IRF8","IRF8","27","300","0.0831100000000000033173","0.3230000000000000093","1.36299999999999999","GTEx--Coexpression","RUFY4,TMC8,TMC6,HLA-DMB,PSMB9,HLA-DOA,HLA-DRA,PTPN7,PIK3AP1,RINL,CD22,SYK,BANK1,CD72,ADGRG5,TTC24,MYBL2,NCKAP1L,DENND1C,DENND2D,PLCB2,FGD2,MCM5,IL21R,RUBCNL,EBI3,DOCK8"
"DEG_MD_HCT116","401","0.249500000000000000","ZNF337","ZNF337","27","300","0.0831100000000000033173","0.3230000000000000093","1.36299999999999999","GTEx--Coexpression","ZFYVE28,COL13A1,GRIN2C,L1CAM,ZNF221,ZNF461,ACAP3,TMEM120B,MTCL1,GRIK2,PPFIA4,ADAM11,RASGEF1C,GALNT9,ENO2,GPR137C,PLCB4,DISP2,CHRD,MAP3K12,KCNAB3,SRRM3,TRANK1,CARMIL3,SLC22A31,MCF2L,CDH15"
"DEG_MD_HCT116","402","0.250199999999999978","NKRF","NKRF","27","300","0.0831100000000000033173","0.3230000000000000093","1.36299999999999999","GTEx--Coexpression","PRKACB,B4GAT1,DLGAP1,ATL1,CNTNAP2,FSD1,SLC12A5,SYT13,VSNL1,PNMA2,GRIN1,SYT3,SYT1,GRM7,SYNGR3,ZNF804A,STMN3,ZNF365,TUBB2A,CHN1,RAB3A,BRSK1,ARL6IP1,ANP32E,TMEM59L,PDXP,GDAP1"
"DEG_MD_HCT116","403","0.250800000000000023","TCF21","TCF21","27","300","0.0831100000000000033173","0.3230000000000000093","1.36299999999999999","GTEx--Coexpression","PPFIBP1,DCHS1,GLIS2,ITGA1,IFI27,FOXF1,CTSH,TOX2,LAMC3,TNFAIP2,LAMA5,SLIT2,ADGRD1,MYO15B,DAPK1,MRC2,TIMP3,DENND2A,TMSB15A,ENG,APOL1,AOC3,FOLR1,IL15RA,BTN3A3,TFEC,BAMBI"
"DEG_MD_HCT116","404","0.251400000000000012","ZFP41","ZFP41","27","300","0.0831100000000000033173","0.3230000000000000093","1.36299999999999999","GTEx--Coexpression","AGAP3,B4GAT1,KCNC4,FSD1,SYT13,ADGRB1,OTUD7A,GNAZ,SYT3,SYNGR3,STMN3,FNDC10,PHF24,TUBB2A,RAB3A,BRSK1,ANKRD24,NF2,KCNIP3,IL15RA,MAPK8IP2,MAP6,SLC22A17,TMEM59L,CASKIN1,DOCK3,GDAP1"
"DEG_MD_HCT116","405","0.252000000000000002","IRX3","IRX3","27","300","0.0831100000000000033173","0.3230000000000000093","1.36299999999999999","GTEx--Coexpression","IL20RA,IL20RB,LYPD3,RDH12,WNT7B,GPR87,TACSTD2,CPA4,TNFRSF19,TRIM29,ATP6V1C2,ARHGEF35,DEGS2,ABCA12,SULT2B1,PROM2,SERPINB5,AHNAK2,NECTIN4,TNS4,KRT23,GRHL2,ARHGAP40,FAM83B,PSAPL1,POU2F3,SDR16C5"
"DEG_MD_HCT116","406","0.252599999999999991","HOXB7","HOXB7","27","300","0.0831100000000000033173","0.3230000000000000093","1.36299999999999999","GTEx--Coexpression","CLDN3,GPR35,PPARG,BCL2L15,PAQR5,HNF4G,HNF4A,AKR1C3,ENPP3,TUBAL3,EPS8L3,TCN2,GPR153,GCNT3,MISP,SLC26A3,CPM,AMN,KRT8,ACSL5,KRT20,MDFIC,TMEM139,DPP4,PYY,HEPH,HKDC1"
"DEG_MD_HCT116","407","0.253300000000000025","TBX20","TBX20","27","300","0.0831100000000000033173","0.3230000000000000093","1.36299999999999999","GTEx--Coexpression","SHD,FHL2,TRIM55,NDUFB3,NDUFB2,DECR1,FHOD3,CLGN,NRTN,SSTR5,OXCT1,PDLIM5,ADGRD1,SLC4A3,PAM,AIFM1,TNNC1,NES,ADAMTS7,RABGAP1L,ANKRD1,ATP5MG,ATP5MF,ATP5ME,BAMBI,RNF207,CAMK2D"
"DEG_MD_HCT116","408","0.253900000000000015","ZNF492","ZNF492","27","300","0.0831100000000000033173","0.3230000000000000093","1.36299999999999999","GTEx--Coexpression","DLGAP5,CKS2,CENPW,CENPE,CENPF,ARHGAP11A,SPDL1,IKZF2,TMPO,PCNA,RPA3,SPC25,CCNB1,MYBL2,AURKA,NUP37,DEPDC1B,LDHA,NUF2,TK1,OIP5,SNRPF,MCM5,PCLAF,ESCO2,SGO2,FANCD2"
"DEG_MD_HCT116","409","0.254500000000000004","SGSM2","SGSM2","27","300","0.0831100000000000033173","0.3230000000000000093","1.36299999999999999","GTEx--Coexpression","AGAP3,P4HTM,NOVA2,ADGRB2,ADGRB1,CTXN1,PALM,PLD3,RHPN1,SYT7,NAT8L,GNG4,STMN3,BRSK1,CSPG5,MGAT5B,FBXL16,MAP6,PTPRN2,ITM2C,SLC22A17,CA11,TMEM59L,ASIC4,CASKIN1,DLG4,GDAP1"
"DEG_MD_HCT116","410","0.255099999999999993","ZNF91","ZNF91","27","300","0.0831100000000000033173","0.3230000000000000093","1.36299999999999999","GTEx--Coexpression","ZFYVE28,ZNF461,TMEM120B,MTCL1,PPM1H,SLC12A5,PPP1R3E,SYNGR1,GRIK2,PLEKHA6,PPFIA4,ADAM11,PATJ,ENO2,GPR137C,KIFC2,FGF9,RALGAPA1,DISP2,CACNB4,SPIRE2,SRRM3,SPTBN4,TRANK1,CARMIL3,SDCBP,MCF2L"
"DEG_MD_HCT116","411","0.255800000000000027","ZNF804A","ZNF804A","27","300","0.0831100000000000033173","0.3230000000000000093","1.36299999999999999","GTEx--Coexpression","PRKACB,B4GAT1,DLGAP1,RASGRF1,FSD1,SLC12A5,CAMKK1,PNMA2,GRIN1,SYT3,SYT1,SYNGR3,SPOCK2,FAM131B,STMN3,GPR137C,RAB3A,CACNB4,ARL6IP1,ACSL6,MAPK8IP2,GPM6A,CGREF1,TMEM59L,CASKIN1,DLG4,GDAP1"
"DEG_MD_HCT116","412","0.256400000000000017","HIVEP2","HIVEP2","27","300","0.0831100000000000033173","0.3230000000000000093","1.36299999999999999","GTEx--Coexpression","DLGAP1,ATL1,CNTNAP1,RASGRF1,PPM1H,SLC12A5,SCN1B,SYNGR1,COMMD4,VSNL1,GRIN1,SYT3,SYT1,BCL7A,SBK1,FAM131B,ENO2,GPR137C,NFIX,RAB3A,CACNB4,GPM6A,SPTBN4,CA11,CGREF1,DLG4,NEURL1"
"DEG_MD_HCT116","413","0.257000000000000006","HMGA1","HMGA1","27","300","0.0831100000000000033173","0.3230000000000000093","1.36299999999999999","GTEx--Coexpression","DLGAP5,CKS2,CENPW,CENPE,CENPF,ARHGAP11A,CRYBG1,SPDL1,EIF5A,PCNA,SPC25,CCNB1,AURKA,NUP37,HOXA1,DEPDC1B,LDHA,GAR1,NUF2,TK1,OIP5,SNRPF,PCLAF,ESCO2,AMMECR1,PTTG1,ALYREF"
"DEG_MD_HCT116","414","0.257599999999999996","OTX1","OTX1","27","300","0.0831100000000000033173","0.3230000000000000093","1.36299999999999999","GTEx--Coexpression","IL20RA,IL20RB,RDH12,WNT7B,GPR87,CPA4,TNFRSF19,TRIM29,SLPI,KCNN4,ATP6V1C2,CD44,DEGS2,ABCA12,MAML3,SERPINB5,TMEM154,IRX3,AHNAK2,NECTIN4,TNS4,KRT23,MPZL3,GRHL2,FAM83B,PSAPL1,POU2F3"
"DEG_MD_HCT116","415","0.258199999999999985","TCF12","TCF12","26","296","0.1077000000000000040634","0.4169999999999999818","1.32699999999999996","GTEx--Coexpression","MMP14,PLSCR4,SAV1,PARD3B,TRIM44,ADGRA2,ARSJ,KIRREL1,CRIM1,AMOTL2,LAMA4,MAML2,CHST14,TIMP2,ZEB1,FGF2,FKBP9,CYBRD1,ANTXR2,TWIST1,ANP32B,MAP4K5,AXL,SYDE1,COL6A2,COL6A1"
"DEG_MD_HCT116","416","0.258900000000000019","HMX1","HMX1","26","297","0.1107999999999999957145","0.4229999999999999871","1.32200000000000006","GTEx--Coexpression","TMA7,CRB2,FRMD5,OLFM2,PLEKHB1,ADGRB1,CTXN1,TMEM151A,GRIK4,SH3GL3,PALM,MRO,NAT8L,GCSH,AIFM3,TMEM132A,CSPG5,C1QL1,WASF3,SOX8,ITM2C,DNER,APLP1,CASKIN1,ACBD7,HAGHL"
"DEG_MD_HCT116","417","0.259500000000000008","CC2D1A","CC2D1A","26","297","0.1107999999999999957145","0.4229999999999999871","1.32200000000000006","GTEx--Coexpression","ZFYVE28,CLDN3,AGAP3,TARBP1,ACAP3,BCL2L15,NOXA1,ANO8,PLEKHA6,INAVA,DEGS2,MAST1,ST14,PLCH2,KIFC2,BRF1,BZW1,CDH1,RNF43,AP1M2,SPIRE2,PLEKHG5,TMTC1,CARMIL3,SIPA1L3,HEG1"
"DEG_MD_HCT116","418","0.260099999999999998","OSR2","OSR2","26","297","0.1107999999999999957145","0.4229999999999999871","1.32200000000000006","GTEx--Coexpression","STARD9,GSTM2,NR2F2,PBX1,DCHS1,MMP14,PIAS3,SP5,HNRNPA1,ADGRA2,SCML1,MAMLD1,CPXM1,SERPINF1,CHST14,NFATC4,GLI2,TIMP2,RSPO1,WDR27,ZNF783,TNS2,MAP4K5,ZFP36L1,COL6A2,COL6A1"
"DEG_MD_HCT116","419","0.260699999999999987","JAZF1","JAZF1","26","297","0.1107999999999999957145","0.4229999999999999871","1.32200000000000006","GTEx--Coexpression","DPYSL3,PBX3,PBX1,PPFIBP2,VAMP8,LIMS2,ITGA1,KCNQ4,TSPAN2,PLEKHA7,NXPH3,TES,CPED1,TGFB1I1,SARM1,CTNND1,CDH1,AP1M2,MAP3K15,ANTXR2,SIPA1L3,GRHL2,DBI,SPEG,PALLD,PCED1B"
"DEG_MD_HCT116","420","0.261400000000000021","ZNF117","ZNF117","26","298","0.1139000000000000012434","0.4229999999999999871","1.31699999999999995","GTEx--Coexpression","LIPE,ABCA1,FASN,NOSTRIN,PRRT4,DUSP6,PLSCR4,PPARG,MYO7A,KCTD12,TNFAIP2,BCL7A,CPXM1,NHLRC3,SERPINF1,S100A10,APOL3,AOC3,ABHD15,MAP3K15,SCRN2,TNS2,MDFIC,GABRE,DOCK11,SPRY1"
"DEG_MD_HCT116","421","0.262000000000000011","ZBED3","ZBED3","26","298","0.1139000000000000012434","0.4229999999999999871","1.31699999999999995","GTEx--Coexpression","LIPE,PRXL2A,FASN,NOSTRIN,PRRT4,PPARG,ALDH1L1,CTIF,AKR1C2,FGFRL1,NHLRC3,SERPINF1,TIMP3,APOLD1,AOC3,GSN,DHRS3,ABHD15,CPM,SCRN2,TNS2,PLPP3,MDFIC,SSC4D,DOCK11,FAIM"
"DEG_MD_HCT116","422","0.262600000000000000","SNAI2","SNAI2","26","298","0.1139000000000000012434","0.4229999999999999871","1.31699999999999995","GTEx--Coexpression","PCDHGA10,HOXC11,MMP14,COL3A1,ALDH1L2,ADGRA2,ARSJ,FKBP10,KIRREL1,RND3,LAMA4,GPR176,HOXA1,DKK1,CHST14,MRC2,CSF1,IRS1,FKBP9,ADAMTS2,TRAF3IP2,TWIST1,CITED2,PRIM2,STEAP1,LTBR"
"DEG_MD_HCT116","423","0.263199999999999990","SOX9","SOX9","26","298","0.1139000000000000012434","0.4229999999999999871","1.31699999999999995","GTEx--Coexpression","CRB2,CSMD3,OLFM2,SPX,PLEKHB1,ADGRB1,CTXN1,MT-ATP8,PALM,MRO,BMP7,PITPNC1,CHDH,NAT8L,AIFM3,SLC15A2,TNIK,TMEM132A,CSPG5,WASF3,PSAT1,ARL6IP1,ACSL6,ITM2C,CASKIN1,ACBD7"
"DEG_MD_HCT116","424","0.263799999999999979","NPAS3","NPAS3","26","298","0.1139000000000000012434","0.4229999999999999871","1.31699999999999995","GTEx--Coexpression","CRB2,CSMD3,OLFM2,CORO2B,PLEKHB1,ADGRB1,GRIK4,PALM,MRO,PITPNC1,NAT8L,STMN3,AIFM3,TNIK,TMEM132A,CSPG5,WASF3,ARL6IP1,SOX8,ACSL6,GPM6A,ITM2C,CA11,CASKIN1,ACBD7,LRP1B"
"DEG_MD_HCT116","425","0.264500000000000013","HOXD4","HOXD4","26","298","0.1139000000000000012434","0.4229999999999999871","1.31699999999999995","GTEx--Coexpression","HSPG2,PDGFC,NR2F2,PBX1,DCHS1,MMP14,ZNF214,EFEMP2,ZBTB12,ADGRA2,KIRREL1,HOXC4,CHST14,NFATC4,TGFB1I1,GLI2,TIMP2,RSPO1,IRS1,RAB13,TNS2,AXL,HFE,SYDE1,COL6A2,COL6A1"
"DEG_MD_HCT116","426","0.265100000000000002","GSX2","GSX2","26","298","0.1139000000000000012434","0.4229999999999999871","1.31699999999999995","GTEx--Coexpression","CRB2,WNT7A,OLFM2,SHC4,IL1RAPL1,PLEKHB1,ADGRB1,SEC14L5,PALM,TMOD2,MRO,BMP7,AGPAT5,AIFM3,PLLP,TMEM132B,TMEM132A,CSPG5,GAL3ST1,C1QL1,SOX8,SOX9,EBI3,ANP32E,ACBD7,SLC2A1"
"DEG_MD_HCT116","427","0.265699999999999992","HEY2","HEY2","26","298","0.1139000000000000012434","0.4229999999999999871","1.31699999999999995","GTEx--Coexpression","CRLF1,FRK,FBLIM1,HTR1B,PMEPA1,ST7,ZNF704,ID2,CRIP1,NXPH3,CRIM1,PDLIM5,PXDC1,CPED1,BCAM,ENDOD1,MCAM,RCAN2,DUSP19,PRKG1,TMTC1,COL18A1,LTBP1,SPEG,CHSY3,HES4"
"DEG_MD_HCT116","428","0.266299999999999981","SPDEF","SPDEF","26","298","0.1139000000000000012434","0.4229999999999999871","1.31699999999999995","GTEx--Coexpression","TMC5,EFCAB12,PMEPA1,SLPI,SLC45A3,KCNN4,FBN3,SYT7,ELF3,RBM47,GALNT3,EHF,POU5F1B,CRACR2B,DNASE2B,ZNF350,GCNT2,SLC15A2,AP1M2,PI15,EBF4,AZGP1,PRIM2,GRHL2,KRT18,DPP4"
"DEG_MD_HCT116","429","0.267000000000000015","NR1H3","NR1H3","26","299","0.1170000000000000067724","0.4229999999999999871","1.31299999999999994","GTEx--Coexpression","LIPE,PRXL2A,NOSTRIN,DUSP6,OAF,PLSCR4,PPARG,KCTD12,NHLRC3,SERPINF1,TCN2,TIMP3,APOL3,GSN,DHRS3,ABHD15,SCRN2,SH3D19,ABLIM3,TNS2,MDFIC,GABRE,TM4SF18,LBX2,ARHGAP42,SPRY1"
"DEG_MD_HCT116","430","0.267600000000000005","SOX18","SOX18","26","299","0.1170000000000000067724","0.4229999999999999871","1.31299999999999994","GTEx--Coexpression","PDGFB,NOSTRIN,DUSP6,PPARG,MT-CYB,IFI27,KCTD12,ID3,LAMA2,TIMP3,MGLL,ENG,APOLD1,APOL3,GSN,NES,SCRN2,ABLIM3,TNS2,IL15RA,HEG1,TM4SF18,EFNB2,RBMS3,SPRY2,SPRY1"
"DEG_MD_HCT116","431","0.268199999999999994","SALL4","SALL4","26","299","0.1170000000000000067724","0.4229999999999999871","1.31299999999999994","GTEx--Coexpression","LIPG,KCNC3,BMP8A,FSCN2,HNRNPA3,CCNL2,ZBED2,RHPN1,PAN2,FGFRL1,CDK5RAP3,WDR72,BCAM,AFAP1L2,KIFC3,WDR27,SLC26A4,SEMA3D,FRAS1,LCN12,TMED4,ZDHHC23,APBB3,ZMAT1,MAN2C1,PCED1A"
"DEG_MD_HCT116","432","0.268799999999999983","FEZF1","FEZF1","26","299","0.1170000000000000067724","0.4229999999999999871","1.31299999999999994","GTEx--Coexpression","PRKACB,B4GAT1,KCNC4,GLRA1,CSMD3,GRIK4,PNMA2,GRM7,SYNGR3,VGF,GNG4,STMN3,FNDC10,TUBB2A,STK32A,TMEM132A,LHX5,ARL6IP1,MAP6,PTPRN2,ITM2C,SLC22A17,DNER,SCG2,TMEM59L,SNCG"
"DEG_MD_HCT116","433","0.269399999999999973","NFIB","NFIB","26","299","0.1170000000000000067724","0.4229999999999999871","1.31299999999999994","GTEx--Coexpression","PDGFB,NOSTRIN,PLSCR4,CKS2,SNX33,SAV1,MT-CYB,PTPN7,NUDT1,KCTD12,ZNF704,RPA3,RPL26L1,MAML2,TIMP3,APOL3,GSN,FKBP9,CYBRD1,SH3D19,TNS2,PSENEN,EFNB2,RBMS3,SPRY2,SPRY1"
"DEG_MD_HCT116","434","0.270100000000000007","IRF9","IRF9","26","299","0.1170000000000000067724","0.4229999999999999871","1.31299999999999994","GTEx--Coexpression","TMC8,TMC6,HLA-DMB,PSMB9,PIK3AP1,RINL,DHX58,SECTM1,CD33,SYK,NCKAP1L,DENND1C,DENND2D,PLCB2,AOAH,FGD2,RPS6KA1,VASP,NMI,PARP10,BTN3A3,RENBP,TYMP,ATG16L2,DOCK8,OAS1"
"DEG_MD_HCT116","435","0.270699999999999996","MEOX1","MEOX1","26","299","0.1170000000000000067724","0.4229999999999999871","1.31299999999999994","GTEx--Coexpression","LIPE,PDGFB,NOSTRIN,PPARG,KCTD12,SERPINF1,TIMP3,MGLL,ENG,APOLD1,APOL3,GSN,FKBP9,NES,SCRN2,SH3D19,ABLIM3,TNS2,INPP4B,MDFIC,GABRE,TM4SF18,DOCK11,KLF11,SPRY2,SPRY1"
"DEG_MD_HCT116","436","0.271299999999999986","MSANTD1","MSANTD1","26","299","0.1170000000000000067724","0.4229999999999999871","1.31299999999999994","GTEx--Coexpression","HTR6,NGEF,B4GAT1,CSMD3,KCNF1,ICAM5,ADGRB2,CTXN1,PNMA2,GRIN1,GNAL,GRM7,NAT8L,STMN3,PRKCG,FBXL16,MAP6,PTPRN2,SLC22A17,NME5,AKAP5,CGREF1,TMEM59L,CASKIN1,DLG4,NEURL1"
"DEG_MD_HCT116","437","0.271899999999999975","INSM1","INSM1","26","299","0.1170000000000000067724","0.4229999999999999871","1.31299999999999994","GTEx--Coexpression","P4HTM,ACAP3,FOXO6,TMEM25,TMEM120B,RTBDN,COL9A2,PLEKHA6,SGSM2,PLD3,MAST1,ARFGEF3,GNG4,MYO15A,BRF1,CUL7,SPIRE2,CDRT4,P3H3,SPTBN4,MAP6,CARMIL3,SLC22A17,SCG2,ASIC4,MCF2L"
"DEG_MD_HCT116","438","0.272600000000000009","ZSCAN1","ZSCAN1","26","299","0.1170000000000000067724","0.4229999999999999871","1.31299999999999994","GTEx--Coexpression","AGAP3,B4GAT1,P4HTM,SYT13,RTBDN,COL9A2,SGSM2,OGDHL,PLD3,RHPN1,GNG4,STMN3,BRF1,BRSK1,SPIRE2,CDRT4,MAPK8IP2,MAP6,PTPRN2,SLC22A17,SCG2,TMEM59L,ASIC4,DLG4,DOCK3,GDAP1"
"DEG_MD_HCT116","439","0.273199999999999998","NR1H2","NR1H2","26","299","0.1170000000000000067724","0.4229999999999999871","1.31299999999999994","GTEx--Coexpression","SNF8,JPH2,SYNPO2,PSMB6,TARBP1,LIMS2,FOXP1,FHL1,ITGA1,ZNF865,KCNQ4,TSPAN2,SYNM,TIMM17B,TES,ADCY9,MCAM,TGFB1I1,MITF,PRKG1,ZNF747,SYDE1,HSPB8,SPEG,PALLD,DES"
"DEG_MD_HCT116","440","0.273799999999999988","IRX6","IRX6","26","299","0.1170000000000000067724","0.4229999999999999871","1.31299999999999994","GTEx--Coexpression","LIPE,IL20RA,IL20RB,RDH12,PPARG,SP5,MIPEP,TNFRSF19,TRIM29,ATP6V1C2,EGR3,MELTF,ABCA12,NR1D1,SERPINB5,CPM,IRX3,AHNAK2,KLF8,NECTIN4,TNS4,KRT23,GABRE,PSAPL1,POU2F3,KLF11"
"DEG_MD_HCT116","441","0.274399999999999977","MEF2D","MEF2D","26","299","0.1170000000000000067724","0.4229999999999999871","1.31299999999999994","GTEx--Coexpression","CACNA2D1,MYPN,JPH2,SYNPO2,PSMC1,FHL1,PRKAA2,ZNF865,ZHX2,PRKN,KLHL30,PDLIM5,EYA4,ENO3,ADCY9,MACROD1,MITF,OBSCN,PRKG1,TTN,KCNJ11,HSPB8,SIX4,SPEG,RASA4B,PDE4D"
"DEG_MD_HCT116","442","0.275000000000000022","TFEC","TFEC","26","299","0.1170000000000000067724","0.4229999999999999871","1.31299999999999994","GTEx--Coexpression","SKAP2,KIAA0040,TMC8,TMC6,HLA-DMB,HLA-DRA,ITGAX,CTSH,CD33,SYK,GAB3,IL18R1,TNFAIP2,NCKAP1L,TCN2,PLCB2,FGD2,RPS6KA1,BTN3A3,RENBP,TYMP,SDCBP,ATG16L2,DOCK8,CASP4,CMTM7"
"DEG_MD_HCT116","443","0.275700000000000001","PRDM12","PRDM12","26","300","0.1203000000000000041522","0.4229999999999999871","1.30800000000000005","GTEx--Coexpression","PRKACB,B4GAT1,KCNC4,CSMD3,FSD1,SLC12A5,SYT13,PNMA2,GRIN1,SYT3,GRM7,SYNGR3,SPOCK2,STMN3,TUBB2A,RAB3A,BRSK1,ARL6IP1,MAPK8IP2,PTPRN2,SLC22A17,CGREF1,TMEM59L,CASKIN1,DLG4,GDAP1"
"DEG_MD_HCT116","444","0.276299999999999990","KDM2B","KDM2B","26","300","0.1203000000000000041522","0.4229999999999999871","1.30800000000000005","GTEx--Coexpression","IL20RB,LYPD3,RDH12,WNT7B,ZNF675,GPR87,CRYBG1,IKZF2,TRIM29,TFAP4,DAPP1,DEGS2,HMGCR,ABCA12,SULT2B1,ELL3,PLCH2,SERPINB5,TMEM154,NECTIN4,AMMECR1,MPZL3,FAM83B,PSAPL1,POU2F3,SGPP2"
"DEG_MD_HCT116","445","0.276899999999999979","SP1","SP1","26","300","0.1203000000000000041522","0.4229999999999999871","1.30800000000000005","GTEx--Coexpression","TMA7,B4GAT1,CRYBG1,NDUFB8,NOVA2,CCDC92,ADGRB2,ZNF701,CD44,DAPP1,ANKHD1,STMN3,BACH1,GCSH,MAML3,TMEM154,BRSK1,SMARCD3,WASF3,KLF8,MAP6,AMMECR1,MPZL3,CASKIN1,DLG4,GDAP1"
"DEG_MD_HCT116","446","0.277500000000000024","DLX4","DLX4","26","300","0.1203000000000000041522","0.4229999999999999871","1.30800000000000005","GTEx--Coexpression","IL20RA,IL20RB,LYPD3,RDH12,HOXC13,HEPHL1,S100A3,GPR87,CPA4,TNFRSF19,TRIM29,ATP6V1C2,DEGS2,ABCA12,SERPINB5,AHNAK2,NECTIN4,TNS4,KRT23,KRT34,KRT32,GRHL2,FAM83B,PSAPL1,POU2F3,SDR16C5"
"DEG_MD_HCT116","447","0.278200000000000003","ARNT","ARNT","26","300","0.1203000000000000041522","0.4229999999999999871","1.30800000000000005","GTEx--Coexpression","PRKACB,TMA7,CSMD3,CNTNAP2,FSD1,ADGRB2,ADGRB1,GRIK4,NAT8L,STMN3,AIFM3,ZNF365,BRSK1,TMEM132A,CSPG5,NF2,SH3D19,MAP6,PTPRN2,ITM2C,APLP1,CASKIN1,DLG4,LGI3,HAGHL,GDAP1"
"DEG_MD_HCT116","448","0.278799999999999992","MITF","MITF","26","300","0.1203000000000000041522","0.4229999999999999871","1.30800000000000005","GTEx--Coexpression","CACNA2D1,PBX1,MYPN,JPH2,SYNPO2,PSMC1,FHL1,PRKAA2,PRKN,KLHL30,PDLIM5,EYA4,EEPD1,ENO3,ADCY9,MACROD1,LARGE1,OBSCN,TTN,KCNJ11,HSPB8,SIX4,RASA4B,PDE4D,PALLD,DES"
"DEG_MD_HCT116","449","0.279399999999999982","GATA3","GATA3","26","300","0.1203000000000000041522","0.4229999999999999871","1.30800000000000005","GTEx--Coexpression","IL20RA,IL20RB,RDH12,WNT7B,GPR87,CPA4,TNFRSF19,TRIM29,ATP6V1C2,DEGS2,ABCA12,NR1D1,ELL3,SERPINB5,IRX3,AHNAK2,NECTIN4,TNS4,KRT23,KREMEN2,GRHL2,FAM83B,PSAPL1,POU2F3,SDR16C5,WNT16"
"DEG_MD_HCT116","450","0.280000000000000027","NCOA2","NCOA2","26","300","0.1203000000000000041522","0.4229999999999999871","1.30800000000000005","GTEx--Coexpression","CYP4F3,SAMD5,SAMD9,ZNF675,TACSTD2,CRYBG2,CRYBG1,IKZF2,PRDM1,DAPP1,PLD1,TTC22,USE1,MAML3,S100A14,MBNL3,TMEM154,METTL26,KLF8,IL1RN,MALL,PPL,NMU,CREBRF,MPZL3,MPP7"
"DEG_MD_HCT116","451","0.280600000000000016","POU3F1","POU3F1","26","300","0.1203000000000000041522","0.4229999999999999871","1.30800000000000005","GTEx--Coexpression","IL20RA,IL20RB,LYPD3,RDH12,WNT7B,GPR87,CPA4,ITGB4,TNFRSF19,TRIM29,RIN1,ATP6V1C2,DEGS2,ABCA12,NR1D1,ELL3,SERPINB5,AHNAK2,NECTIN4,KRT23,KREMEN2,FAM83B,PSAPL1,POU2F3,SLC2A1,WNT16"
"DEG_MD_HCT116","452","0.281299999999999994","ZNF195","ZNF195","26","300","0.1203000000000000041522","0.4229999999999999871","1.30800000000000005","GTEx--Coexpression","ZFYVE28,HSPG2,TARBP1,TMEM120B,RASGRF1,PPM1H,SLC12A5,PPP1R3E,GRIK2,SYT3,ARFGEF3,GALNT9,SPOCK2,FAM131B,GPR137C,TIMP2,TMEM229B,DISP2,CACNB4,SPIRE2,KCNAB3,SRRM3,MAPK8IP2,SPTBN4,GDAP1,NEURL1"
"DEG_MD_HCT116","453","0.281899999999999984","DZIP1","DZIP1","26","300","0.1203000000000000041522","0.4229999999999999871","1.30800000000000005","GTEx--Coexpression","PRKACB,B4GAT1,CSMD3,FSD1,CCDC92,PNMA2,CNTN1,NAT8L,STMN3,ZNF391,PHF24,BRSK1,AP3M2,WASF3,ARL6IP1,ACSL6,MAPK8IP2,GPM6A,MAP6,SLC22A17,NME5,TUBG2,TMEM59L,CASKIN1,DLG4,GDAP1"
"DEG_MD_HCT116","454","0.282499999999999973","ZNF444","ZNF444","26","300","0.1203000000000000041522","0.4229999999999999871","1.30800000000000005","GTEx--Coexpression","JTB,RNF215,P4HTM,SHC2,TMEM25,NOXA1,ONECUT1,HSD17B14,HSF4,SGSM2,OGDHL,MZF1,SYT7,CHDH,SARDH,BACH1,CDK5RAP3,S100A10,BRF1,GATM,METTL26,EBF4,ZFPM1,TUBG2,ENKD1,ACBD4"
"DEG_MD_HCT116","455","0.283100000000000018","CCDC17","CCDC17","26","300","0.1203000000000000041522","0.4229999999999999871","1.30800000000000005","GTEx--Coexpression","ZNF474,ZNF467,ZBBX,NEK5,DCDC1,DYSF,EFCAB12,ITGAX,CCDC78,CFAP161,IL18R1,CFAP43,ARMH1,DNAH1,DNAH2,DNAH6,MAPK15,SYTL3,WDR49,AK7,CCDC40,FOLR1,RPS6KA1,PSENEN,TYMP,CMTM7"
"DEG_MD_HCT116","456","0.283799999999999997","HOXC12","HOXC12","26","300","0.1203000000000000041522","0.4229999999999999871","1.30800000000000005","GTEx--Coexpression","IL20RA,IL20RB,RDH12,HOXC13,HOXC11,MMP14,TRIM29,ATP6V1C2,CD44,DEGS2,TENT5B,ABCA12,HOXC4,NR1D1,ELL3,SERPINB5,AHNAK2,KLF8,NECTIN4,TRAF3IP2,TNS4,KRT23,FAM83B,PSAPL1,POU2F3,WNT16"
"DEG_MD_HCT116","457","0.284399999999999986","ETV5","ETV5","26","300","0.1203000000000000041522","0.4229999999999999871","1.30800000000000005","GTEx--Coexpression","AGAP3,P4HTM,KIAA1549,SYT13,NOVA2,VWA5B2,ADGRB2,ADGRB1,RTBDN,COL9A2,GRIK4,ANO4,SGSM2,CACNA1D,PLD3,STMN3,FICD,BRSK1,MAPK8IP2,MAP6,PTPRN2,SLC22A17,TUBG2,ASIC4,DLG4,GDAP1"
"DEG_MD_HCT116","458","0.284999999999999976","TCF23","TCF23","25","296","0.1527000000000000023981","0.5250000000000000222","1.27099999999999991","GTEx--Coexpression","PDGFC,NR2F2,PBX1,DCHS1,ZNF214,ZBTB12,HNRNPA1,ADGRA2,TSPAN2,NRP2,RAMP1,KLHL13,SIMC1,NFATC4,TGFB1I1,GLI2,RSPO1,MITF,CACNB3,TRPC1,EBF4,P3H3,AXIN2,COL6A1,MEIS3"
"DEG_MD_HCT116","459","0.285600000000000021","HOXC4","HOXC4","25","297","0.1565999999999999892086","0.5250000000000000222","1.26699999999999990","GTEx--Coexpression","PCDHGA10,HOXC11,MMP14,ALDH1L2,HTR1B,PARD3B,ITGBL1,FKBP10,ZNF84,KIRREL1,CRIM1,AMOTL2,VIM,MAML2,COL12A1,HOXA1,DKK1,CPED1,TIMP2,FKBP9,ADAMTS2,TWIST1,TMTC1,AXL,CHSY3"
"DEG_MD_HCT116","460","0.286200000000000010","HSF4","HSF4","25","297","0.1565999999999999892086","0.5250000000000000222","1.26699999999999990","GTEx--Coexpression","EXD3,GSTM2,IDUA,P4HTM,SLC27A1,ACAP3,TMEM25,TMEM120B,NOXA1,ACTR2,CCNL2,PPP1R3E,PER3,MZF1,GGT7,PAN2,CDK5RAP3,BRF1,CUL7,AMT,CDRT4,P3H3,ZDHHC11B,MCF2L,MAN2C1"
"DEG_MD_HCT116","461","0.286899999999999988","HOXC5","HOXC5","25","297","0.1565999999999999892086","0.5250000000000000222","1.26699999999999990","GTEx--Coexpression","HSPG2,NR2F2,HOXC11,MMP14,SNX33,HTR1B,PARD3B,ADGRA2,KIRREL1,CRIM1,AMOTL2,LAMA4,VIM,CPED1,HOXC4,CHST14,GLI2,TIMP2,FKBP9,SH3D19,TWIST1,TMTC1,AXL,SYDE1,RBMS3"
"DEG_MD_HCT116","462","0.287499999999999978","PPARG","PPARG","25","297","0.1565999999999999892086","0.5250000000000000222","1.26699999999999990","GTEx--Coexpression","LIPE,PDGFB,PRXL2A,FASN,NOSTRIN,PRRT4,DUSP6,KCTD12,AKR1C2,SERPINF1,TIMP3,MGLL,APOLD1,APOL3,AOC3,GSN,ABHD15,CPM,SCRN2,ABLIM3,MDFIC,GABRE,DOCK11,NRIP1,SPRY1"
"DEG_MD_HCT116","463","0.288100000000000023","USF2","USF2","25","297","0.1565999999999999892086","0.5250000000000000222","1.26699999999999990","GTEx--Coexpression","INSYN1,AGAP3,TMA7,CRB2,SLC27A1,FRMD5,CORO2B,NDUFB8,PLEKHB1,ADGRB1,GRIK4,PALM,USE1,NAT8L,STMN3,AIFM3,BRF1,BZW1,TMEM132A,CSPG5,METTL26,SMARCD3,CA11,CASKIN1,HAGHL"
"DEG_MD_HCT116","464","0.288700000000000012","MZF1","MZF1","25","297","0.1565999999999999892086","0.5250000000000000222","1.26699999999999990","GTEx--Coexpression","EXD3,KCNC3,IDUA,P4HTM,TMEM120B,NOXA1,CCNL2,PPP1R3E,HSF4,SGSM2,RHPN1,PAN2,CDK5RAP3,WDR27,BRF1,CUL7,CDK3,AMT,CDRT4,EBF4,LCN12,APBB3,ZMAT1,MAN2C1,PCED1A"
"DEG_MD_HCT116","465","0.289399999999999991","NR4A1","NR4A1","25","298","0.1605000000000000037748","0.5250000000000000222","1.26200000000000001","GTEx--Coexpression","EXD3,GATA6,GTF2IRD2B,GSTM2,NR2F2,PLSCR4,GLIS2,EGR3,ID3,SCML1,VIM,NFATC4,GLI2,TIMP2,HBEGF,WDR27,TRPC1,AMT,CEBPD,APBB3,ZMAT1,MAN2C1,RBMS3,RGS16,HES4"
"DEG_MD_HCT116","466","0.289999999999999980","VAX1","VAX1","25","298","0.1605000000000000037748","0.5250000000000000222","1.26200000000000001","GTEx--Coexpression","HTR6,NGEF,CRB2,OLFM2,KCNF1,CORO2B,ADGRB2,ADGRB1,CTXN1,GRIK4,FKBP1B,PALM,CNMD,GNAL,PITPNC1,NAT8L,AIFM3,TNIK,TMEM132A,CSPG5,WASF3,FBXL16,ITM2C,ACBD7,HAGHL"
"DEG_MD_HCT116","467","0.290600000000000025","MYRF","MYRF","25","298","0.1605000000000000037748","0.5250000000000000222","1.26200000000000001","GTEx--Coexpression","FAM221A,ABCA2,GPR37,FAM222A,FRMD5,SLC5A11,PLEKHB1,SEC14L5,TMEM151A,SH3GL3,CA2,ARFGEF3,SH3TC2,CDK18,PLLP,CLDND1,FAM107B,MOB3B,GAL3ST1,SOX8,CLDN18,APLP1,ANXA10,COLGALT2,LGI3"
"DEG_MD_HCT116","468","0.291200000000000014","ZBTB8A","ZBTB8A","25","298","0.1605000000000000037748","0.5250000000000000222","1.26200000000000001","GTEx--Coexpression","HSPG2,PLSCR4,SAV1,PARD3B,PIK3R1,AASS,CRIM1,AMOTL2,LAMA2,LAMA4,TGFB1I1,TIMP3,ZEB1,AOC3,GSN,FKBP9,CYBRD1,SH3D19,KLF7,TNS2,TMTC1,CARMIL2,AXL,SYDE1,RBMS3"
"DEG_MD_HCT116","469","0.291800000000000004","ZNF676","ZNF676","25","298","0.1605000000000000037748","0.5250000000000000222","1.26200000000000001","GTEx--Coexpression","LIPG,PPFIBP1,LIMS2,EFEMP2,GLIS2,ITGA9,RIN1,CCDC9B,ID3,PAN2,BCAM,BLOC1S2,NFATC4,ENG,WDR27,SALL4,SLC26A4,SEMA3D,TNS2,EBF4,LCN12,TMED4,ZMAT1,MAN2C1,RBMS3"
"DEG_MD_HCT116","470","0.292499999999999982","ESRRG","ESRRG","25","298","0.1605000000000000037748","0.5250000000000000222","1.26200000000000001","GTEx--Coexpression","GATA6,ECSIT,SLC9A2,NDUFB3,RASSF6,ARL14,KCNQ1,GRIP2,COX16,ARHGEF28,CA2,EPN1,EPN3,LDHB,AIFM1,GCNT2,LHX5,DUSP19,TXNRD2,ZFPM1,CLDN18,UQCR10,NQO1,ANXA10,ATP5MG"
"DEG_MD_HCT116","471","0.293100000000000027","FERD3L","FERD3L","25","298","0.1605000000000000037748","0.5250000000000000222","1.26200000000000001","GTEx--Coexpression","IL31RA,PCDHGA10,MMP14,ZBTB12,ARSJ,FKBP10,FJX1,CCND1,KIRREL1,RND3,NAV3,SERPINE2,GPR176,DKK1,CSF1,IRS1,AK6,ADAMTS2,PSAT1,TWIST1,CITED2,PRIM2,STEAP1,CHRNA9,TRNP1"
"DEG_MD_HCT116","472","0.293700000000000017","ZNF280A","ZNF280A","25","298","0.1605000000000000037748","0.5250000000000000222","1.26200000000000001","GTEx--Coexpression","ABCA1,AADAC,KCNG3,MAP3K5,TSPAN12,ADGRV1,MERTK,PAQR5,MYO7A,FNDC4,LACTB2,KCNQ1,TMEM150C,STAMBPL1,CACNA1D,SNTB1,SERPINA5,GRAMD1B,MAP3K15,LRMDA,CHCHD2,SGSH,ABCD1,ABCC3,HSPE1"
"DEG_MD_HCT116","473","0.294300000000000006","FOXB2","FOXB2","25","298","0.1605000000000000037748","0.5250000000000000222","1.26200000000000001","GTEx--Coexpression","PRKACB,B4GAT1,KCNC4,GLRA1,CSMD3,CNTNAP2,PRPS1,SYT13,DCLK1,PNMA2,GRM7,SYNGR3,VGF,GNG4,ZNF804A,FNDC10,TUBB2A,LHX5,AP3M2,PTPRN2,SLC22A17,DNER,SCG2,TMEM59L,SNCG"
"DEG_MD_HCT116","474","0.294999999999999984","NANOG","NANOG","25","298","0.1605000000000000037748","0.5250000000000000222","1.26200000000000001","GTEx--Coexpression","ABCA1,PBX3,AADAC,ZNF214,KCNG3,MAP3K5,ADGRV1,PAQR5,MYO7A,KCNQ1,COMMD4,ARHGEF28,SIMC1,SNTB1,SERPINA5,MAP3K15,SEMA3B,TXNRD2,LRMDA,PARP16,HFE,SGSH,ABCD1,ABCC3,PCED1B"
"DEG_MD_HCT116","475","0.295599999999999974","HOXC6","HOXC6","25","298","0.1605000000000000037748","0.5250000000000000222","1.26200000000000001","GTEx--Coexpression","PCDHGA10,HOXC11,MMP14,ALDH1L2,PARD3B,ADGRA2,ITGBL1,FKBP10,KIRREL1,CRIM1,AMOTL2,LAMA4,VIM,MAML2,COL12A1,GPR176,DKK1,HOXC4,CHST14,TIMP2,FKBP9,ADAMTS2,TWIST1,AXL,STEAP1"
"DEG_MD_HCT116","476","0.296200000000000019","ISL1","ISL1","25","298","0.1605000000000000037748","0.5250000000000000222","1.26200000000000001","GTEx--Coexpression","SAMD11,GSTM2,PBX3,PBX1,DCHS1,GLIS1,ADGRA2,RASSF6,SLC45A3,FOXF1,MKX,HSF4,BMP4,EPN3,NFATC4,RSPO1,GCNT2,ANTXR2,EBF4,IL17RC,CLDN18,GABRE,ANXA10,COL4A5,LRIG1"
"DEG_MD_HCT116","477","0.296800000000000008","ZNF737","ZNF737","25","299","0.1643999999999999905853","0.5250000000000000222","1.25699999999999990","GTEx--Coexpression","LIPG,ZNF268,BMP8A,ZNF214,MAP3K5,FSCN2,KCNQ1,ZBED2,ZNF701,ZNF585B,RAG1,PAN2,SNTB1,FGFRL1,NHLRC3,WDR72,ZNF391,SALL4,CUL7,SLC26A4,FRAS1,LCN12,TMED4,GALNT10,PCED1A"
"DEG_MD_HCT116","478","0.297399999999999998","FOXD4L4","FOXD4L4","25","299","0.1643999999999999905853","0.5250000000000000222","1.25699999999999990","GTEx--Coexpression","LIPE,MOSMO,L1CAM,PRXL2A,PRRT4,PPARG,ZNF461,LIN7A,CTIF,SLC12A5,SYNGR1,GRIK2,PPFIA4,MAST1,MAPK11,SBK1,ENO2,GPR137C,MGLL,APOLD1,ABLIM3,SRRM3,SPTBN4,MCF2L,SPRY2"
"DEG_MD_HCT116","479","0.298099999999999976","PRDM5","PRDM5","25","299","0.1643999999999999905853","0.5250000000000000222","1.25699999999999990","GTEx--Coexpression","HSPG2,PDGFC,GTF2IRD2B,GSTM2,NR2F2,PLSCR4,PELI2,EFEMP2,GLIS2,PARD3B,AASS,VIM,CPED1,CHST14,NFATC4,TGFB1I1,GLI2,TIMP2,KIFC2,TRPC1,SYDE1,DBI,COL6A2,COL6A1,RBMS3"
"DEG_MD_HCT116","480","0.298700000000000021","ALX1","ALX1","25","299","0.1643999999999999905853","0.5250000000000000222","1.25699999999999990","GTEx--Coexpression","PDGFC,PCDHGA10,HOXC11,MMP14,PIAS3,HTR1B,KCP,ADGRA2,ARSJ,FKBP10,KIRREL1,MSX2,CRIM1,MAML2,GPR176,DKK1,HOXC4,CHST14,FKBP9,ADAMTS2,TRAF3IP2,TWIST1,CITED2,AXL,STEAP1"
"DEG_MD_HCT116","481","0.299300000000000010","DRAP1","DRAP1","25","299","0.1643999999999999905853","0.5250000000000000222","1.25699999999999990","GTEx--Coexpression","HTR7,EID3,MRPL51,CKS2,CDKN3,NEK2,KPNA2,EFCAB11,SPDL1,NUDT1,SPA17,EIF5AL1,GLRX2,AURKA,RPL26L1,NUF2,PBK,MORN2,AK6,CCDC34,MEIG1,PTTG1,SGO2,ALYREF,LEKR1"
"DEG_MD_HCT116","482","0.299900000000000000","NFIC","NFIC","25","299","0.1643999999999999905853","0.5250000000000000222","1.25699999999999990","GTEx--Coexpression","GTF2IRD2B,MYPN,SYNPO2,PSMC1,PSMC2,FHL1,PRKAA2,ZNF865,TCEA3,KLHL30,TMEM201,EYA4,ENO3,ADCY9,MACROD1,MITF,OBSCN,TTN,ZNF747,KCNJ11,TBCE,HSPB8,SIX4,RASA4B,PDE4D"
"DEG_MD_HCT116","483","0.300599999999999978","SOX17","SOX17","25","299","0.1643999999999999905853","0.5250000000000000222","1.25699999999999990","GTEx--Coexpression","LIPE,PDGFB,NOSTRIN,DUSP6,PLSCR4,PPARG,SOCS3,KCTD12,SERPINF1,TIMP3,HBEGF,APOLD1,APOL3,GSN,SH3D19,CEBPD,ABLIM3,KLF7,TNS2,MDFIC,TM4SF18,KLF11,RBMS3,SPRY2,SPRY1"
"DEG_MD_HCT116","484","0.301200000000000023","FLI1","FLI1","25","299","0.1643999999999999905853","0.5250000000000000222","1.25699999999999990","GTEx--Coexpression","TMC8,TMC6,HLA-DMB,PSMB9,ITGAX,PPM1F,CD33,SYK,GAB3,IL18R1,NCKAP1L,DENND1C,PLCB2,AOAH,FGD2,APOL3,VASP,NMI,BTN3A3,RENBP,TFEC,SDCBP,ATG16L2,DOCK8,CMTM7"
"DEG_MD_HCT116","485","0.301800000000000013","ZHX3","ZHX3","25","299","0.1643999999999999905853","0.5250000000000000222","1.25699999999999990","GTEx--Coexpression","DPYSL3,VAMP8,KCNB1,TTLL7,CTIF,ITGA1,KCNQ4,SLC45A1,NRP2,SYNM,GNAZ,TGFB1I1,DENND2D,ZEB1,ADCY5,CACNB2,TRPC1,WASF3,ANTXR2,CYP2U1,COL4A6,COL4A5,CASP4,PALLD,SSBP2"
"DEG_MD_HCT116","486","0.302400000000000002","BSX","BSX","25","299","0.1643999999999999905853","0.5250000000000000222","1.25699999999999990","GTEx--Coexpression","PRKACB,B4GAT1,KCNC4,SLC18A2,CSMD3,SYT13,PNMA2,GRM7,SYNGR3,VGF,GNG4,SPOCK2,FNDC10,TUBB2A,LHX5,AP3M2,ARL6IP1,C2CD4C,MAP6,SLC22A17,DNER,SCG2,TMEM59L,SNCG,GDAP1"
"DEG_MD_HCT116","487","0.302999999999999992","ZNF107","ZNF107","25","299","0.1643999999999999905853","0.5250000000000000222","1.25699999999999990","GTEx--Coexpression","TMC8,TMC6,HLA-DMB,PSMB9,HLA-DOA,ZNF675,HLA-DRA,PIK3AP1,TMPO,CD22,SYK,BANK1,DAPP1,ADGRG5,TTC24,MYBL2,NCKAP1L,DENND1C,DENND2D,FGD2,MCM5,IL21R,RUBCNL,ATG16L2,DOCK8"
"DEG_MD_HCT116","488","0.303700000000000025","ZNF667","ZNF667","25","299","0.1643999999999999905853","0.5250000000000000222","1.25699999999999990","GTEx--Coexpression","AGAP3,B4GAT1,P4HTM,TMEM25,RTBDN,COL9A2,SGSM2,GNAZ,PLD3,RHPN1,SYT7,GNG4,MYO15A,STMN3,BRSK1,CDRT4,MAP6,PTPRN2,SLC22A17,SCG2,TMEM59L,ASIC4,DLG4,DOCK3,GDAP1"
"DEG_MD_HCT116","489","0.304300000000000015","ZMAT1","ZMAT1","25","299","0.1643999999999999905853","0.5250000000000000222","1.25699999999999990","GTEx--Coexpression","EXD3,P4HTM,HNRNPA3,ZDHHC8,CCNL2,ZNF585B,MZF1,RHPN1,PAN2,CDK5RAP3,NHLRC3,AFAP1L2,WDR27,NRBP2,SALL4,CUL7,SLC26A4,CDRT4,LCN12,TMED4,HNRNPH3,PAPLN,APBB3,MAN2C1,PCED1A"
"DEG_MD_HCT116","490","0.304900000000000004","HES6","HES6","25","299","0.1643999999999999905853","0.5250000000000000222","1.25699999999999990","GTEx--Coexpression","TMA7,FAM222A,CRB2,P4HTM,PLEKHB1,ADGRB1,RTBDN,COL9A2,TMEM151A,SH3GL3,GNAZ,PLD3,AIFM3,BRF1,BRSK1,CSPG5,MAP6,PTPRN2,ITM2C,SLC22A17,APLP1,ASIC4,HAGHL,GDAP1,NEURL1"
"DEG_MD_HCT116","491","0.305499999999999994","FOSB","FOSB","25","299","0.1643999999999999905853","0.5250000000000000222","1.25699999999999990","GTEx--Coexpression","IL20RA,DUSP6,PPARG,SOCS3,TNFRSF19,EGR3,PLAU,BMP2,TNFAIP3,RND3,HBEGF,APOLD1,THBD,KLF8,FAM43A,LIF,ZFP36L1,EFNB2,FAM83B,POU2F3,NR4A1,BDKRB2,KLF11,WNT16,RGS16"
"DEG_MD_HCT116","492","0.306200000000000028","ZNF254","ZNF254","25","299","0.1643999999999999905853","0.5250000000000000222","1.25699999999999990","GTEx--Coexpression","PSMD2,LIPG,PSMD1,SNF8,KCNC3,PSMB6,HNRNPA3,CCNL2,ZBED2,N4BP2L1,MZF1,PAN2,TRA2A,CDK5RAP3,NHLRC3,WDR72,WDR27,SALL4,CDK3,SLC26A4,CDRT4,LCN12,TMED4,ZMAT1,PCED1A"
"DEG_MD_HCT116","493","0.306800000000000017","FOXA1","FOXA1","25","299","0.1643999999999999905853","0.5250000000000000222","1.25699999999999990","GTEx--Coexpression","GPR39,TMC5,SLC9A2,ZBTB42,RASSF6,SLC45A3,CA2,EPN3,ELF3,RBM47,GALNT3,EHF,CRACR2B,GCNT2,CTNND1,CDH1,RNF43,AP1M2,TXNRD2,PI15,AZGP1,CLDN18,GRHL2,KRT18,ANXA10"
"DEG_MD_HCT116","494","0.307400000000000007","POU2F2","POU2F2","25","300","0.1683999999999999941380","0.5250000000000000222","1.25299999999999989","GTEx--Coexpression","RUFY4,TMC8,TMC6,HLA-DMB,PSMB9,HLA-DOA,TNFRSF9,HLA-DRA,PTPN7,PIK3AP1,RINL,CD22,SYK,ADGRG5,TTC24,MYBL2,NCKAP1L,DENND1C,FGD2,MCM5,IL21R,RUBCNL,EBI3,CARMIL2,DOCK8"
"DEG_MD_HCT116","495","0.307999999999999996","POU2F3","POU2F3","25","300","0.1683999999999999941380","0.5250000000000000222","1.25299999999999989","GTEx--Coexpression","IL20RA,IL20RB,RDH12,WNT7B,GPR87,CPA4,TNFRSF19,TRIM29,ATP6V1C2,DEGS2,ABCA12,NR1D1,ELL3,SERPINB5,IRX3,AHNAK2,NECTIN4,TNS4,KRT23,KREMEN2,GRHL2,FAM83B,PSAPL1,SDR16C5,WNT16"
"DEG_MD_HCT116","496","0.308599999999999985","ZNF704","ZNF704","25","300","0.1683999999999999941380","0.5250000000000000222","1.25299999999999989","GTEx--Coexpression","COL13A1,ADAMTS10,MMP16,PELI2,TTLL7,FBLIM1,GLIS2,PMEPA1,EIF5A,ST7,ZNF615,PCDHB14,GEMIN7,NXPH3,DACT1,CPED1,MCAM,TIMP2,TIGAR,RALGAPA1,RCAN2,PRKG1,TRPC1,COL18A1,ALYREF"
"DEG_MD_HCT116","497","0.309300000000000019","ZKSCAN3","ZKSCAN3","25","300","0.1683999999999999941380","0.5250000000000000222","1.25299999999999989","GTEx--Coexpression","GTF2IRD2B,ZNF268,CSMD3,CORO2B,FSD1,NOVA2,ADGRB2,ADGRB1,ZNF701,GRIN1,SH3GL3,SYT3,NAT8L,SPOCK2,STMN3,BRSK1,CSPG5,ACSL6,MAPK8IP2,PARP16,CA11,HFE,TMEM59L,CASKIN1,DLG4"
"DEG_MD_HCT116","498","0.309900000000000009","ZBTB32","ZBTB32","25","300","0.1683999999999999941380","0.5250000000000000222","1.25299999999999989","GTEx--Coexpression","EID3,NUP210L,CDKN3,NEK2,KPNA2,LRR1,HERC5,SPA17,KCTD19,PCSK4,RIBC2,HORMAD2,ZMYND10,NUF2,PBK,VASH2,CCDC38,CCDC34,CCT6B,STAG3,PTTG1,FAM186B,SGO2,FANCD2,LEKR1"
"DEG_MD_HCT116","499","0.310499999999999998","ZNF114","ZNF114","25","300","0.1683999999999999941380","0.5250000000000000222","1.25299999999999989","GTEx--Coexpression","LIPG,KCNC3,BMP8A,FSCN2,ZBED2,FBN3,RHPN1,BMP7,FGFRL1,WDR72,BCAM,PRDX1,AFAP1L2,SALL4,BCL2,SLC26A4,SEMA3D,KCNIP3,FRAS1,PLPP3,LCN12,TMED4,ZMAT1,LRP1B,PCED1A"
"DEG_MD_HCT116","500","0.311099999999999988","THYN1","THYN1","25","300","0.1683999999999999941380","0.5250000000000000222","1.25299999999999989","GTEx--Coexpression","PRKACB,RNF215,B4GAT1,TMEM25,NDUFB8,FSD1,CCDC92,SLC45A1,GNAZ,SYT3,NAT8L,STMN3,BACH1,RAB3A,BRSK1,METTL26,MAPK8IP2,MAP6,SLC22A17,TUBG2,CA11,TMEM59L,DLG4,DOCK3,GDAP1"
"DEG_MD_HCT116","501","0.311800000000000022","MYBL2","MYBL2","25","300","0.1683999999999999941380","0.5250000000000000222","1.25299999999999989","GTEx--Coexpression","GPR15,DLGAP5,CKS2,CENPW,CENPE,CENPF,BCL2L12,ARHGAP11A,TMPO,PCNA,RPA3,SPC25,CCNB1,ADGRG5,AURKA,DEPDC1B,NUF2,TK1,MCM5,IL21R,PCLAF,ESCO2,PTTG1,FANCD2,ALYREF"
"DEG_MD_HCT116","502","0.312400000000000011","ZNF124","ZNF124","25","300","0.1683999999999999941380","0.5250000000000000222","1.25299999999999989","GTEx--Coexpression","DLGAP5,CKS2,CENPW,CENPE,CENPF,NEK2,KPNA2,BCL2L12,LRR1,TMPO,PCNA,SPC25,NAT1,MYBL2,AURKA,NUP37,DEPDC1B,NUF2,PBK,MCM5,PCLAF,ESCO2,PTTG1,SGO2,FANCD2"
"DEG_MD_HCT116","503","0.313000000000000000","SP140","SP140","25","300","0.1683999999999999941380","0.5250000000000000222","1.25299999999999989","GTEx--Coexpression","RUFY4,TMC8,TMC6,HLA-DMB,PSMB9,HLA-DOA,HLA-DRA,PTPN7,PIK3AP1,RINL,CD22,SYK,BANK1,ADGRG5,TTC24,MYBL2,NCKAP1L,DENND1C,DENND2D,PLCB2,FGD2,MCM5,IL21R,RUBCNL,DOCK8"
"DEG_MD_HCT116","504","0.313599999999999990","HOXA6","HOXA6","25","300","0.1683999999999999941380","0.5250000000000000222","1.25299999999999989","GTEx--Coexpression","HSPG2,HOXC11,MMP14,SOCS6,PARD3B,ADGRA2,KIRREL1,LAMA4,EPS8L3,HOXA1,HOXC4,ZEB1,FKBP9,SH3D19,SMPDL3A,TWIST1,KRT20,AXL,HFE,PYY,DOCK3,HEPH,COL6A2,COL6A1,NRIP1"
"DEG_MD_HCT116","505","0.314300000000000024","ZNF724","ZNF724","25","300","0.1683999999999999941380","0.5250000000000000222","1.25299999999999989","GTEx--Coexpression","GPR15,DLGAP5,CKS2,CENPE,CENPF,ARHGAP11A,SPDL1,ACTR2,IKZF2,TMPO,PCNA,RPA3,SPC25,CCNB1,MYBL2,AURKA,NUP37,DEPDC1B,LDHA,TK1,MCM5,IL21R,PCLAF,ESCO2,EBI3"
"DEG_MD_HCT116","506","0.314900000000000013","VEZF1","VEZF1","25","300","0.1683999999999999941380","0.5250000000000000222","1.25299999999999989","GTEx--Coexpression","GTF2IRD2B,PBX1,JPH2,SYNPO2,LIMS2,FOXP2,FHL1,ITGA1,PRKAA2,KCNQ4,CCDC9B,NRP2,SYNM,EYA4,ADCY9,TGFB1I1,ZEB1,KIFC2,MITF,ANTXR2,HSPB8,SPEG,PDE4D,PALLD,DES"
"DEG_MD_HCT116","507","0.315500000000000003","ZNF653","ZNF653","25","300","0.1683999999999999941380","0.5250000000000000222","1.25299999999999989","GTEx--Coexpression","ZFYVE28,GRIN2C,ACAP3,MTCL1,SLC12A5,SYNGR1,GRIK2,PPFIA4,CCDC154,ADAM11,SCNN1D,MAST1,RASGEF1C,GALNT9,SPOCK2,SBK1,ENO2,GPR137C,TMEM229B,DISP2,RTN4R,KCNAB3,SRRM3,SPTBN4,CARMIL3"
"DEG_MD_HCT116","508","0.316099999999999992","ZNF121","ZNF121","25","300","0.1683999999999999941380","0.5250000000000000222","1.25299999999999989","GTEx--Coexpression","IL20RB,LYPD3,SFN,DUSP7,VAMP8,GPR87,TACSTD2,CRYBG1,TRIM29,CCDC92,EPHA2,ATP6V1C2,INAVA,ARHGEF35,SULT2B1,PROM2,SERPINB5,CDK3,NECTIN4,TNS4,AMMECR1,MPZL3,GRHL2,FAM83B,DLL1"
"DEG_MD_HCT116","509","0.316699999999999982","SKOR2","SKOR2","25","300","0.1683999999999999941380","0.5250000000000000222","1.25299999999999989","GTEx--Coexpression","ZFYVE28,GRIN2C,TEX14,MTCL1,SLC12A5,GRIK2,PPFIA4,ADAM11,SCNN1D,MAST1,RASGEF1C,GALNT9,SPOCK2,SBK1,ENO2,GPR137C,ZCWPW1,DISP2,LHX5,SYCP3,SRRM3,SPTBN4,CARMIL3,STAG3,DMRT1"
"DEG_MD_HCT116","510","0.317400000000000015","ZBTB41","ZBTB41","25","300","0.1683999999999999941380","0.5250000000000000222","1.25299999999999989","GTEx--Coexpression","MOSMO,GRIN2C,ZNF461,MTCL1,RASGRF1,PPM1H,SLC12A5,SYNGR1,GRIK2,PPFIA4,ADAM11,CNTN1,MAST1,RASGEF1C,ARFGEF3,GALNT9,FAM131B,ENO2,GPR137C,DISP2,CACNB4,MAP3K12,SRRM3,SPTBN4,MCF2L"
"DEG_MD_HCT116","511","0.318000000000000005","STAT3","STAT3","25","300","0.1683999999999999941380","0.5250000000000000222","1.25299999999999989","GTEx--Coexpression","PRKACB,KIAA0040,CORO2B,FSD1,PPP1R3E,GRIN1,SYT3,CNTN1,STMN3,KIFC2,APOL1,BRSK1,CEBPD,ARL6IP1,IL15RA,ACSL6,MAPK8IP2,MAP6,FAM20C,CA11,TMEM59L,CASKIN1,DLG4,GDAP1,LTBR"
"DEG_MD_HCT116","512","0.318599999999999994","JUNB","JUNB","25","300","0.1683999999999999941380","0.5250000000000000222","1.25299999999999989","GTEx--Coexpression","SNX33,SOCS3,EGR3,ID2,ID3,CRIP1,PLAU,BMP2,TNFAIP3,MSANTD4,PXDC1,CPED1,MCAM,HBEGF,ANKRD37,NF2,THBD,CEBPD,COL18A1,ZFP36L1,NR4A1,KLF11,RGS16,HES4,NEURL1"
"DEG_MD_HCT116","513","0.319199999999999984","HOXA9","HOXA9","25","300","0.1683999999999999941380","0.5250000000000000222","1.25299999999999989","GTEx--Coexpression","IL20RA,IL20RB,RDH12,HOXC11,TNFRSF19,TRIM29,ATP6V1C2,INAVA,ABCA12,PARD3,NR1D1,ELL3,SERPINB5,SMPDL3A,IRX3,AHNAK2,KLF8,NECTIN4,TRAF3IP2,TNS4,CA12,FAM83B,PSAPL1,POU2F3,WNT16"
"DEG_MD_HCT116","514","0.319900000000000018","HELT","HELT","25","300","0.1683999999999999941380","0.5250000000000000222","1.25299999999999989","GTEx--Coexpression","IL20RA,IL20RB,RDH12,WNT7B,GPR87,CPA4,TNFRSF19,TRIM29,ATP6V1C2,DEGS2,ABCA12,NR1D1,ELL3,SERPINB5,IRX3,AHNAK2,NECTIN4,TNS4,KRT23,GRHL2,FAM83B,PSAPL1,POU2F3,SDR16C5,WNT16"
"DEG_MD_HCT116","515","0.320500000000000007","SPIB","SPIB","25","300","0.1683999999999999941380","0.5250000000000000222","1.25299999999999989","GTEx--Coexpression","RUFY4,GPR15,TMC8,TMC6,HLA-DMB,PSMB9,HLA-DOA,HLA-DRA,PIK3AP1,RINL,TMPO,CD22,PCNA,ADGRG5,TTC24,MYBL2,DEPDC1B,NCKAP1L,MCM5,IL21R,ESCO2,RUBCNL,EBI3,FANCD2,OAS1"
"DEG_MD_HCT116","516","0.321099999999999997","HBP1","HBP1","25","300","0.1683999999999999941380","0.5250000000000000222","1.25299999999999989","GTEx--Coexpression","AGAP3,B4GAT1,P4HTM,CORO2B,NOVA2,PLEKHA6,MAPK11,STMN3,BACH1,PARD3,BRSK1,TMEM132A,MAPK8IP2,MAP6,PTPRN2,CREBRF,ITM2C,SLC22A17,TUBG2,TMEM59L,CASKIN1,DLG4,KLF11,HAGHL,GDAP1"
"DEG_MD_HCT116","517","0.321699999999999986","EGR1","EGR1","24","297","0.2141000000000000125233","0.6530000000000000249","1.21199999999999997","GTEx--Coexpression","PPFIBP1,DUSP6,PTGS2,SOCS3,EGR3,ID3,PLAU,BMP2,MAN1C1,CHST14,HBEGF,APOLD1,CYBRD1,SLC26A4,THBD,CEBPD,CITED2,HEG1,ZFP36L1,EFNB2,NR4A1,KLF11,RGS16,SPRY1"
"DEG_MD_HCT116","518","0.322299999999999975","TBX3","TBX3","24","297","0.2141000000000000125233","0.6530000000000000249","1.21199999999999997","GTEx--Coexpression","ABCA1,PBX3,AADAC,MAP3K5,TSPAN12,ADGRV1,MERTK,PAQR5,MYO7A,KCNQ1,TMEM150C,RAG1,CACNA1D,RBM47,SNTB1,MAP3K15,TXNRD2,LRMDA,CHCHD2,DLG5,SGSH,MAN2C1,ABCC3,HSPE1"
"DEG_MD_HCT116","519","0.323000000000000009","GATA5","GATA5","24","297","0.2141000000000000125233","0.6530000000000000249","1.21199999999999997","GTEx--Coexpression","EID3,GATA6,TEX14,TEX19,SLC9A2,SPATA20,HERC5,KCTD19,XRCC6,MMEL1,HORMAD2,EPN1,SERPINA5,ZCWPW1,CNTD1,HMGN5,SYCP3,ZFPM1,IZUMO1,CLDN18,DNAJC5G,DMRT1,ANXA10,OPLAH"
"DEG_MD_HCT116","520","0.323599999999999999","ZFHX4","ZFHX4","24","297","0.2141000000000000125233","0.6530000000000000249","1.21199999999999997","GTEx--Coexpression","FEZ2,PCDHGA10,VAMP8,PARD3B,SRR,SYK,DAPP1,NAV3,LAMA4,GALNT3,COL12A1,MSANTD4,FHDC1,DENND2D,ZEB1,FGF2,CDH1,AP1M2,CYP2U1,SIPA1L3,MPZL3,GRHL2,AXL,SGPP2"
"DEG_MD_HCT116","521","0.324199999999999988","PHOX2A","PHOX2A","24","298","0.2187999999999999944933","0.6530000000000000249","1.20700000000000007","GTEx--Coexpression","SAMD11,PBX3,L1CAM,KCNC4,SLC18A2,FAM222A,AADAC,ZNF219,MAP3K5,ADGRV1,MYO7A,VWA5B2,KCNQ1,RAMP1,VGF,FICD,CPEB4,RET,GRAMD1B,SARM1,MAP3K15,SCG2,ABCD1,HSPE1"
"DEG_MD_HCT116","522","0.324799999999999978","HOXB8","HOXB8","24","298","0.2187999999999999944933","0.6530000000000000249","1.20700000000000007","GTEx--Coexpression","SKAP2,ABCA2,BHLHE41,GPR37,FAM222A,GLRA1,CNTNAP2,SLC5A11,PLEKHB1,SEC14L5,TMEM151A,SH3TC2,CDK18,CLDND1,FAM107B,VASH1,MOB3B,GAL3ST1,PRR5L,ANP32B,DNER,ZDHHC14,APLP1,TMEM139"
"DEG_MD_HCT116","523","0.325500000000000012","GATA2","GATA2","24","298","0.2187999999999999944933","0.6530000000000000249","1.20700000000000007","GTEx--Coexpression","SAMD11,PDGFB,NOSTRIN,DCHS1,GLIS1,ADGRA2,CCNL2,SLC45A3,CTSH,TBC1D8,LAMA5,LAMA3,SLIT2,MYO15B,TIMP3,RSPO1,ENG,APOL3,NOTCH1,TNS2,IL15RA,EBF4,GABRE,AXIN2"
"DEG_MD_HCT116","524","0.326100000000000001","ZNF512B","ZNF512B","24","298","0.2187999999999999944933","0.6530000000000000249","1.20700000000000007","GTEx--Coexpression","SKAP2,KCNC3,P4HTM,TARBP1,NOXA1,CCNL2,HSF4,SGSM2,OGDHL,MZF1,RHPN1,PAN2,CDK5RAP3,WDR72,BRF1,SALL4,CUL7,CDRT4,LCN12,TMED4,IL17RC,SDCBP,ZMAT1,MAN2C1"
"DEG_MD_HCT116","525","0.326699999999999990","GCM2","GCM2","24","299","0.2235999999999999932054","0.6530000000000000249","1.20300000000000007","GTEx--Coexpression","PSMD1,PBX3,PPFIBP2,KCNH2,FOXO6,TBX1,ID2,RBBP8NL,SYK,MSX2,GRM7,EPN3,DNAH2,NCKAP1L,GCNT1,PCYOX1L,LZTS1,NPIPB2,TMED4,ALDOA,SSC4D,DLG5,SIX1,SIX4"
"DEG_MD_HCT116","526","0.327299999999999980","ZNF582","ZNF582","24","299","0.2235999999999999932054","0.6530000000000000249","1.20300000000000007","GTEx--Coexpression","ZNF268,VAMP8,ZNF221,ZNF461,ZNF214,TACSTD2,PCDH1,ZNF615,ZNF585B,ZNF585A,INAVA,ELF3,GALNT3,MSANTD4,PROM2,ST14,CDH1,AP1M2,TRPC1,NECTIN4,CYP2U1,MPZL3,GRHL2,SDR16C5"
"DEG_MD_HCT116","527","0.327900000000000025","BHLHE41","BHLHE41","24","299","0.2235999999999999932054","0.6530000000000000249","1.20300000000000007","GTEx--Coexpression","PRKACB,ABCA2,GPR37,TTLL7,FRMD5,CORO2B,SLC5A11,PLEKHB1,SEC14L5,TMEM151A,GRIK4,PLA2G4C,FAM131B,GCSH,CDK18,CLDND1,WASF3,SOX8,DNER,APLP1,LRP1B,COLGALT2,LGI3,GDAP1"
"DEG_MD_HCT116","528","0.328600000000000003","ZNF366","ZNF366","24","299","0.2235999999999999932054","0.6530000000000000249","1.20300000000000007","GTEx--Coexpression","LIPE,PDGFB,NOSTRIN,DUSP6,PPARG,KCTD12,PPP1R1A,ARHGEF6,ADPRH,TIMP3,ENG,APOLD1,APOL3,GSN,NES,ABLIM3,KLF7,TNS2,MDFIC,TM4SF18,DOCK11,RBMS3,SPRY2,SPRY1"
"DEG_MD_HCT116","529","0.329199999999999993","SIX3","SIX3","24","299","0.2235999999999999932054","0.6530000000000000249","1.20300000000000007","GTEx--Coexpression","HTR6,NGEF,P4HTM,KCNF1,CTXN1,GRIK4,FKBP1B,SGSM2,CNMD,GNAL,NAT8L,GNG4,CHRM4,TNIK,FBXL16,MAP6,PTPRN2,ITM2C,SLC22A17,AKAP5,SCG2,DLG4,HAGHL,PDE10A"
"DEG_MD_HCT116","530","0.329799999999999982","LCOR","LCOR","24","299","0.2235999999999999932054","0.6530000000000000249","1.20300000000000007","GTEx--Coexpression","CLDN3,GPR35,PSMC5,BCL2L15,MBOAT1,CCDC92,HNF4G,DPEP1,FUT3,ANKHD1,ELF3,RBM47,TUBAL3,EPS8L3,GALNT3,ABO,ST14,GCNT3,MISP,CDH1,AMN,KRT8,ACSL5,HKDC1"
"DEG_MD_HCT116","531","0.330400000000000027","POU3F4","POU3F4","24","299","0.2235999999999999932054","0.6530000000000000249","1.20300000000000007","GTEx--Coexpression","HTR6,PRKACB,NGEF,CSMD3,KCNF1,ICAM5,ADGRB2,CTXN1,PNMA2,FKBP1B,CNMD,GNAL,NAT8L,PRKCG,CHRM4,LZTS1,FBXL16,PTPRN2,AKAP5,CGREF1,ACBD7,DLG4,DOCK4,PDE10A"
"DEG_MD_HCT116","532","0.331100000000000005","NFE2L1","NFE2L1","24","299","0.2235999999999999932054","0.6530000000000000249","1.20300000000000007","GTEx--Coexpression","PSMD1,CACNA2D1,CFAP61,LRRC39,MYPN,PSMC1,PSMC2,PRKAA2,PRKN,KLHL30,PDLIM5,EYA4,ENO3,ADCY9,TNNC1,MACROD1,MITF,OBSCN,TTN,KCNJ11,MLIP,SIX4,RASA4B,TRPT1"
"DEG_MD_HCT116","533","0.331699999999999995","OTP","OTP","24","299","0.2235999999999999932054","0.6530000000000000249","1.20300000000000007","GTEx--Coexpression","PRKACB,B4GAT1,KCNC4,GLRA1,CSMD3,SYT13,PNMA2,GRM7,SYNGR3,VGF,GNG4,FNDC10,TUBB2A,LHX5,AP3M2,C2CD4C,MAP6,PTPRN2,SLC22A17,DNER,SCG2,TMEM59L,SNCG,GDAP1"
"DEG_MD_HCT116","534","0.332299999999999984","TBX5","TBX5","24","299","0.2235999999999999932054","0.6530000000000000249","1.20300000000000007","GTEx--Coexpression","SHD,TRIM55,NDUFB3,NDUFB2,DECR1,FHOD3,CLGN,NRTN,SSTR5,OXCT1,PDLIM5,ADGRD1,SLC4A3,PAM,ENG,NES,ADAMTS7,RABGAP1L,SIPA1L2,ANKRD1,ATP5MG,ATP5ME,BAMBI,RNF207"
"DEG_MD_HCT116","535","0.332899999999999974","NKX26","NKX26","24","299","0.2235999999999999932054","0.6530000000000000249","1.20300000000000007","GTEx--Coexpression","SHD,MIPEP,TRIM55,NDUFB3,NDUFB2,SLPI,FHOD3,NRTN,SSTR5,OXCT1,PDLIM5,ADGRD1,CHPT1,SLC4A3,PAM,NES,ADAMTS7,RABGAP1L,ANKRD1,ATP5MG,ATP5MF,ATP5ME,BAMBI,RNF207"
"DEG_MD_HCT116","536","0.333500000000000019","ZNF621","ZNF621","24","299","0.2235999999999999932054","0.6530000000000000249","1.20300000000000007","GTEx--Coexpression","MOSMO,ZNF268,PCDHGA10,MMP14,ZNF221,ALDH1L2,TRIM44,ADGRA2,ZNF84,KIRREL1,AMOTL2,TIMM17B,NAV3,LAMA4,MAML2,GPR176,CSF1,FGF2,ADAMTS2,TNS3,TWIST1,ANP32B,CITED2,MAP4K5"
"DEG_MD_HCT116","537","0.334199999999999997","NFIA","NFIA","24","299","0.2235999999999999932054","0.6530000000000000249","1.20300000000000007","GTEx--Coexpression","DPYSL3,LIMS2,FOXP1,GLIS2,CTIF,ITGA9,ZNF615,KCNQ4,ZNF704,PCDHB14,PER3,GEMIN7,NXPH3,TGFB1I1,DENND2D,PLCB4,TRPC1,CYP2U1,FANCD2,ALYREF,SPEG,PALLD,RBMS3,SSBP2"
"DEG_MD_HCT116","538","0.334799999999999986","ZNF559","ZNF559","24","299","0.2235999999999999932054","0.6530000000000000249","1.20300000000000007","GTEx--Coexpression","GTF2IRD2B,GSTM2,NR2F2,EFEMP2,CCNL2,ZNF585B,PAN2,MYO15B,BLOC1S2,CHST14,NFATC4,GLI2,TIMP2,WDR27,ZNF783,TRPC1,AMT,TNS2,P3H3,HNRNPH3,ZMAT1,MAN2C1,RBMS3,PCED1A"
"DEG_MD_HCT116","539","0.335399999999999976","BCL6B","BCL6B","24","299","0.2235999999999999932054","0.6530000000000000249","1.20300000000000007","GTEx--Coexpression","PDGFB,KIAA0040,PPFIBP1,NOSTRIN,DUSP6,PPARG,IFI27,KCTD12,YES1,TNFAIP2,TIMP3,ENG,HBEGF,APOLD1,APOL3,NES,ABLIM3,TNS2,IL15RA,HEG1,TM4SF18,ARHGAP42,EFNB2,SPRY1"
"DEG_MD_HCT116","540","0.336000000000000021","TEAD1","TEAD1","24","299","0.2235999999999999932054","0.6530000000000000249","1.20300000000000007","GTEx--Coexpression","CACNA2D1,HSPG2,FEZ2,SYNPO2,FOXP2,SOCS6,FHL1,PARD3B,PRKAA2,PIK3R1,NRP2,AMOTL2,LAMA4,ZEB1,IRS1,FGF2,MITF,SH3D19,ANTXR2,CYP2U1,AXL,SYDE1,SIX1,NRIP1"
"DEG_MD_HCT116","541","0.336699999999999999","ZNF528","ZNF528","24","299","0.2235999999999999932054","0.6530000000000000249","1.20300000000000007","GTEx--Coexpression","ZFYVE28,GRIN2C,L1CAM,ZNF461,ACAP3,TMEM120B,MTCL1,GRIK2,ZNF585B,ZNF585A,PPFIA4,ADAM11,RASGEF1C,ENO2,GPR137C,PLCB4,DISP2,MAP3K12,TRPC1,SRRM3,SPTBN4,TRANK1,GPSM1,MCF2L"
"DEG_MD_HCT116","542","0.337299999999999989","TRERF1","TRERF1","24","299","0.2235999999999999932054","0.6530000000000000249","1.20300000000000007","GTEx--Coexpression","LYPD3,SAMD9,FABP5,ZNF675,GPR87,TACSTD2,CRYBG2,CRYBG1,PTPN7,PRDM1,DAPP1,TTC22,HOXA1,SULT2B1,S100A14,PROM2,DENND2D,TMEM154,IL1RN,PPL,AMMECR1,NMU,B3GNT8,MPZL3"
"DEG_MD_HCT116","543","0.337899999999999978","NKX23","NKX23","24","300","0.2283999999999999919176","0.6530000000000000249","1.19799999999999995","GTEx--Coexpression","COL24A1,PBX3,DCHS1,TMC8,ZNF219,LIMS2,KCNH2,FOXP2,ITGA1,KCNQ4,TSPAN2,FOXF1,CCDC9B,NRP2,SYNM,BANK1,CD72,TES,TGFB1I1,FGD2,PARP10,HEPH,LRIG1,DES"
"DEG_MD_HCT116","544","0.338500000000000023","MLXIP","MLXIP","24","300","0.2283999999999999919176","0.6530000000000000249","1.19799999999999995","GTEx--Coexpression","GTF2IRD2B,SYNPO2,RORC,FOXP2,ZBTB42,ZNF865,CCDC9B,SYNM,TCEA3,KLHL30,EYA4,ENO3,ADCY9,MACROD1,MITF,OBSCN,TTN,KCNJ11,ARL6IP1,DBI,SIX4,RASA4B,PDE4D,DES"
"DEG_MD_HCT116","545","0.339100000000000013","PAX1","PAX1","24","300","0.2283999999999999919176","0.6530000000000000249","1.19799999999999995","GTEx--Coexpression","PSMD1,PBX3,PPFIBP2,FOXO6,TBX1,ID2,RBBP8NL,SYK,MSX2,EPN3,ENO3,KIAA1217,PROM2,DENND2C,GCNT1,MACROD1,LZTS1,OBSCN,TMED4,ALDOA,SSC4D,DLG5,SIX1,SIX4"
"DEG_MD_HCT116","546","0.339799999999999991","TEAD4","TEAD4","24","300","0.2283999999999999919176","0.6530000000000000249","1.19799999999999995","GTEx--Coexpression","CFAP61,MYPN,PSMC1,RORC,HAT1,TBX1,EIF3C,TCEA3,KLHL30,EYA4,ENO3,ADCY9,MACROD1,OBSCN,TTN,ABLIM2,KCNJ11,MSS51,TBCE,SIX1,SIX4,RASA4B,PDE4D,TRPT1"
"DEG_MD_HCT116","547","0.340399999999999980","MYC","MYC","24","300","0.2283999999999999919176","0.6530000000000000249","1.19799999999999995","GTEx--Coexpression","IL20RA,IL20RB,RDH12,SOCS3,TRIM29,EGR3,CD44,TNFAIP3,RND3,ABCA12,GAR1,SERPINB5,THBD,IRX3,AHNAK2,KLF8,NECTIN4,TRAF3IP2,TNS4,AMMECR1,ZFP36L1,FAM83B,POU2F3,KLF11"
"DEG_MD_HCT116","548","0.341000000000000025","FOXE1","FOXE1","24","300","0.2283999999999999919176","0.6530000000000000249","1.19799999999999995","GTEx--Coexpression","LIPG,KCNC3,BMP8A,FSCN2,ZBED2,RNF144B,RHPN1,BMP7,PAN2,FGFRL1,WDR72,BCAM,PRDX1,AFAP1L2,IRS1,SALL4,SLC26A4,SEMA3D,FRAS1,PLPP3,LCN12,TMED4,ZMAT1,PCED1A"
"DEG_MD_HCT116","549","0.341600000000000015","ZNF730","ZNF730","24","300","0.2283999999999999919176","0.6530000000000000249","1.19799999999999995","GTEx--Coexpression","DLGAP5,CKS2,CENPF,CDKN3,NEK2,KPNA2,EFCAB11,SPDL1,LRR1,SPA17,RIBC2,AURKA,DEPDC1B,NUF2,PBK,VASH2,CCDC34,STAG3,AKAP3,PTTG1,FAM186B,SGO2,FANCD2,LEKR1"
"DEG_MD_HCT116","550","0.342299999999999993","RHOXF1","RHOXF1","24","300","0.2283999999999999919176","0.6530000000000000249","1.19799999999999995","GTEx--Coexpression","ZFYVE28,GRIN2C,L1CAM,ACAP3,MTCL1,SLC12A5,SYNGR1,GRIK2,PPFIA4,ADAM11,SCNN1D,MAST1,RASGEF1C,GALNT9,ENO2,GPR137C,TMEM229B,DISP2,MAP3K12,KCNAB3,SRRM3,SPTBN4,CARMIL3,MCF2L"
"DEG_MD_HCT116","551","0.342899999999999983","HNF4A","HNF4A","24","300","0.2283999999999999919176","0.6530000000000000249","1.19799999999999995","GTEx--Coexpression","CLDN3,C5,SULT1A2,CYP4F3,BCL2L15,TRIM15,PCK2,HNF4G,MAT1A,NAT1,TUBAL3,EPS8L3,PAH,GPT,MISP,AMBP,AMN,KRT8,ACSL5,CYP27A1,KRT20,ORM2,EFNA2,EHHADH"
"DEG_MD_HCT116","552","0.343500000000000028","ZFPM2","ZFPM2","24","300","0.2283999999999999919176","0.6530000000000000249","1.19799999999999995","GTEx--Coexpression","COL13A1,GRIN2C,ZNF461,MTCL1,SCN1B,ANK1,ZNF704,GRIK2,PPFIA4,ADAM11,GALNT9,ENO2,GPR137C,PLCB4,NFIX,FGF9,DISP2,MAP3K12,KCNAB3,SRRM3,TRANK1,MCF2L,CDH15,CAMK2D"
"DEG_MD_HCT116","553","0.344100000000000017","FOXD4L1","FOXD4L1","24","300","0.2283999999999999919176","0.6530000000000000249","1.19799999999999995","GTEx--Coexpression","ZFYVE28,GRIN2C,ACAP3,MTCL1,PPM1H,SLC12A5,SYNGR1,GRIK2,PPFIA4,ADAM11,MAST1,GALNT9,SPOCK2,SBK1,ENO2,GPR137C,TMEM229B,DISP2,CACNB4,KCNAB3,SRRM3,SPTBN4,CARMIL3,MCF2L"
"DEG_MD_HCT116","554","0.344700000000000006","PAX8","PAX8","24","300","0.2283999999999999919176","0.6530000000000000249","1.19799999999999995","GTEx--Coexpression","LIPG,KCNC3,BMP8A,FSCN2,ZBED2,MZF1,FBN3,RHPN1,PAN2,FGFRL1,WDR72,BCAM,AFAP1L2,FHDC1,SALL4,SLC26A4,SEMA3D,FRAS1,EBF4,PLPP3,LCN12,TMED4,ZMAT1,PCED1A"
"DEG_MD_HCT116","555","0.345399999999999985","RUNX1","RUNX1","24","300","0.2283999999999999919176","0.6530000000000000249","1.19799999999999995","GTEx--Coexpression","MMP14,NDUFB8,CCDC92,SLC45A1,CD44,LOXL4,PLAU,GNAZ,TNFAIP2,MMP7,ETV6,MAML2,BACH1,CSF1,ADAMTS2,TRAF3IP2,AZGP1,TWIST1,MAP6,STEAP1,DOCK3,CASP4,CMTM7,LTBR"
"DEG_MD_HCT116","556","0.345999999999999974","NR1D1","NR1D1","24","300","0.2283999999999999919176","0.6530000000000000249","1.19799999999999995","GTEx--Coexpression","IL20RA,IL20RB,RDH12,WNT7B,GPR87,TNFRSF19,TRIM29,ATP6V1C2,DEGS2,TENT5B,ABCA12,ELL3,SERPINB5,AHNAK2,KLF8,NECTIN4,TNS4,KRT23,KREMEN2,FAM83B,PSAPL1,POU2F3,DBP,WNT16"
"DEG_MD_HCT116","557","0.346600000000000019","PBX4","PBX4","24","300","0.2283999999999999919176","0.6530000000000000249","1.19799999999999995","GTEx--Coexpression","LIPG,KCNC3,BMP8A,FSCN2,ZBED2,RNF144B,FBN3,RHPN1,PAN2,FGFRL1,WDR72,BCAM,AFAP1L2,FHDC1,WDR27,SALL4,SLC26A4,SEMA3D,FRAS1,LCN12,TMED4,APBB3,ZMAT1,PCED1A"
"DEG_MD_HCT116","558","0.347200000000000009","KLF9","KLF9","24","300","0.2283999999999999919176","0.6530000000000000249","1.19799999999999995","GTEx--Coexpression","HSPG2,GTF2IRD2B,PLSCR4,SAV1,PARD3B,DEPP1,PIK3R1,AASS,LAMA2,ATOH8,FNDC10,TIMP3,APOLD1,GSN,CYBRD1,SH3D19,CEBPD,KLF7,TNS2,TMTC1,SIAH1,ARHGAP42,RBMS3,SPRY2"
"DEG_MD_HCT116","559","0.347899999999999987","RUNX3","RUNX3","24","300","0.2283999999999999919176","0.6530000000000000249","1.19799999999999995","GTEx--Coexpression","TMC8,TMC6,PSMB9,LAG3,TNFRSF9,ARL4C,PTPN7,RINL,EOMES,ADGRG5,TTC24,SYTL3,CHST12,NCKAP1L,DENND1C,DENND2D,PLCB2,AOAH,MCM5,IL21R,RUBCNL,CXCR4,KLRC4,DOCK8"
"DEG_MD_HCT116","560","0.348499999999999976","IRF5","IRF5","24","300","0.2283999999999999919176","0.6530000000000000249","1.19799999999999995","GTEx--Coexpression","RUFY4,GPR15,TMC6,HLA-DMB,PSMB9,HLA-DOA,HLA-DRA,PTPN7,PIK3AP1,IKZF2,RINL,SYK,DAPP1,ADGRG5,MYBL2,NCKAP1L,DENND1C,DENND2D,MCM5,IL21R,EBI3,NMI,DOCK8,OAS1"
"DEG_MD_HCT116","561","0.349100000000000021","NR1D2","NR1D2","24","300","0.2283999999999999919176","0.6530000000000000249","1.19799999999999995","GTEx--Coexpression","CACNA2D1,BHLHE41,ZNF461,PPM1H,SCN1B,SYNGR1,GRIK2,PER3,NR3C2,PPFIA4,GGT7,BCL7A,POLD4,TNKS2,SBK1,ENO2,GPR137C,NFIX,RALGAPA1,SPTBN4,PSENEN,ALYREF,DBP,CDH15"
"DEG_MD_HCT116","562","0.349700000000000011","ETV7","ETV7","24","300","0.2283999999999999919176","0.6530000000000000249","1.19799999999999995","GTEx--Coexpression","IL20RA,IL20RB,RDH12,WNT7B,TRIM29,ATP6V1C2,CD44,INAVA,DEGS2,ABCA12,ELL3,SERPINB5,TMEM154,AHNAK2,NECTIN4,TNS4,KRT23,KREMEN2,MPZL3,FAM83B,PSAPL1,POU2F3,SDR16C5,WNT16"
"DEG_MD_HCT116","563","0.350300000000000000","ZNF311","ZNF311","23","297","0.2834999999999999742428","0.7870000000000000329","1.15700000000000003","GTEx--Coexpression","ZNF268,NR2F2,MMP14,ZNF214,PARD3B,ADGRA2,FKBP10,KIRREL1,AMOTL2,TIMM17B,LAMA4,VIM,CHST14,NFATC4,TIMP2,WDR27,IRS1,FKBP9,RAB13,CITED2,AXL,HFE,SYDE1"
"DEG_MD_HCT116","564","0.350999999999999979","GBX2","GBX2","23","297","0.2834999999999999742428","0.7870000000000000329","1.15700000000000003","GTEx--Coexpression","PRKACB,CRB2,CSMD3,FRMD5,CORO2B,PLEKHB1,CTXN1,TMEM151A,GRIK4,CNMD,NAT8L,SPOCK2,AIFM3,TMEM132A,CSPG5,WASF3,SOX8,DNER,APLP1,CPLX1,LGI3,HAGHL,PDE10A"
"DEG_MD_HCT116","565","0.351600000000000024","HMGN3","HMGN3","23","298","0.2888999999999999901412","0.7870000000000000329","1.15300000000000002","GTEx--Coexpression","TMA7,P4HTM,NDUFC2,NDUFB8,NDUFB3,NDUFB2,DECR1,CD44,MT-ATP8,FHOD3,SSTR5,SLC4A3,BACH1,LDHB,SMARCD3,UQCR10,ATP5F1E,CHCHD2,ATP5MG,ATP5MF,ATP5ME,CASP4,RNF207"
"DEG_MD_HCT116","566","0.352200000000000013","SAFB2","SAFB2","23","298","0.2888999999999999901412","0.7870000000000000329","1.15300000000000002","GTEx--Coexpression","ZFYVE28,RNF215,P4HTM,SLC27A1,TMEM120B,CCNL2,PPP1R3E,HSF4,HNRNPA2B1,SCNN1D,MZF1,GGT7,PAN2,MAST1,CDK5RAP3,BRF1,DGKE,CDRT4,SRRM3,SPTBN4,HNRNPH3,APBB3,MCF2L"
"DEG_MD_HCT116","567","0.352800000000000002","ZNF605","ZNF605","23","298","0.2888999999999999901412","0.7870000000000000329","1.15300000000000002","GTEx--Coexpression","RNF215,GRIN2C,KCNC3,ZNF461,ACAP3,TMEM25,TMEM120B,MTCL1,CCNL2,PPP1R3E,HSF4,ZNF585B,ZNF585A,ZNF91,MZF1,GGT7,PAN2,DISP2,CUL7,MAP3K12,SRRM3,SPTBN4,MCF2L"
"DEG_MD_HCT116","568","0.353499999999999981","OLIG1","OLIG1","23","298","0.2888999999999999901412","0.7870000000000000329","1.15300000000000002","GTEx--Coexpression","TMA7,GPR37,CRB2,FRMD5,PLEKHB1,ADGRB1,SEC14L5,TMEM151A,GRIK4,SH3GL3,PALM,GCSH,AIFM3,CLDND1,CSPG5,C1QL1,WASF3,SOX8,DNER,APLP1,COLGALT2,LGI3,HAGHL"
"DEG_MD_HCT116","569","0.354100000000000026","ZNF133","ZNF133","23","298","0.2888999999999999901412","0.7870000000000000329","1.15300000000000002","GTEx--Coexpression","ZNF250,IDUA,TARBP1,ACAP3,TMEM120B,MTCL1,CCNL2,PPP1R3E,HSF4,MZF1,GGT7,PAN2,CDK5RAP3,PLCH2,BRF1,MAP3K12,PLEKHG5,AMT,KCNAB3,CDRT4,SRRM3,CARMIL3,MCF2L"
"DEG_MD_HCT116","570","0.354700000000000015","ZNF580","ZNF580","23","298","0.2888999999999999901412","0.7870000000000000329","1.15300000000000002","GTEx--Coexpression","EXD3,KCNC3,IDUA,P4HTM,FOXO6,CCNL2,CETN2,HSF4,ZNF585B,SGSM2,MZF1,RHPN1,MAN1C1,CDK5RAP3,SARM1,CUL7,CDRT4,EBF4,P3H3,TMED4,ZMAT1,MAN2C1,PCED1A"
"DEG_MD_HCT116","571","0.355300000000000005","HMGA2","HMGA2","23","298","0.2888999999999999901412","0.7870000000000000329","1.15300000000000002","GTEx--Coexpression","DLGAP5,CENPE,CENPF,ALDH1L2,ARHGAP11A,SPDL1,ARSJ,FKBP10,SPC25,CCNB1,AURKA,NUP37,SERPINE1,GPR176,DKK1,TK1,GCNT1,PCLAF,TWIST1,SLC20A1,AXL,STEAP1,TRNP1"
"DEG_MD_HCT116","572","0.355899999999999994","MSC","MSC","23","298","0.2888999999999999901412","0.7870000000000000329","1.15300000000000002","GTEx--Coexpression","GPR15,PSMA1,FBLIM1,GLIS2,XRCC4,CRIP1,RFTN1,VCAN,PXDC1,ADPRH,LDHA,SNRPG,INSIG2,ITGA10,PRKG1,ADAMTS7,IL21R,HMCN1,EBI3,MDFIC,LTBP2,LTBP1,FBLN5"
"DEG_MD_HCT116","573","0.356599999999999973","THAP4","THAP4","23","298","0.2888999999999999901412","0.7870000000000000329","1.15300000000000002","GTEx--Coexpression","CFAP61,LRRC39,ECSIT,MYPN,MRPL51,PSMB6,PSMC1,PRKAA2,NDUFB3,NDUFB2,PRKN,FMC1,EYA4,ENO3,TNNC1,MACROD1,OBSCN,KCNJ11,ALDOA,UQCR10,ATP5MF,ATP5ME,TRPT1"
"DEG_MD_HCT116","574","0.357200000000000017","RFX8","RFX8","23","298","0.2888999999999999901412","0.7870000000000000329","1.15300000000000002","GTEx--Coexpression","DLGAP5,MMP14,CENPE,CENPF,ALDH1L2,ARHGAP11A,SPDL1,ARSJ,FKBP10,SPC25,CCNB1,SERPINE1,GPR176,DKK1,MRC2,TK1,GCNT1,ADAMTS2,TWIST1,AXL,STEAP1,COL6A2,TRNP1"
"DEG_MD_HCT116","575","0.357800000000000007","MTERF4","MTERF4","23","298","0.2888999999999999901412","0.7870000000000000329","1.15300000000000002","GTEx--Coexpression","ZFYVE28,GRIN2C,ZNF250,KCNC3,IDUA,TARBP1,TMEM120B,MTCL1,CCNL2,PPP1R3E,PPFIA4,MZF1,GGT7,PAN2,AFAP1L2,DISP2,ZNF783,MAP3K12,KCNAB3,LCN12,MCF2L,CDH15,PCED1A"
"DEG_MD_HCT116","576","0.358399999999999996","HOXD3","HOXD3","23","298","0.2888999999999999901412","0.7870000000000000329","1.15300000000000002","GTEx--Coexpression","PDGFC,NR2F2,PBX1,DCHS1,MMP14,HNRNPA1,ADGRA2,KIRREL1,KLHL13,CPXM1,SERPINF1,CHST14,NFATC4,GLI2,TIMP2,RSPO1,WDR27,IRS1,ZNF783,TNS2,SYDE1,COL6A2,COL6A1"
"DEG_MD_HCT116","577","0.359099999999999975","TSHZ2","TSHZ2","23","298","0.2888999999999999901412","0.7870000000000000329","1.15300000000000002","GTEx--Coexpression","C3,ABCA1,NR2F2,NOSTRIN,PLSCR4,PPARG,ADGRA2,KCTD12,CPXM1,SERPINF1,NFATC4,APOL3,GSN,CYBRD1,SH3D19,TNS2,MDFIC,GABRE,TM4SF18,ZFP36L1,KLF11,RBMS3,SPRY1"
"DEG_MD_HCT116","578","0.359700000000000020","ZFP1","ZFP1","23","299","0.2943000000000000060396","0.7870000000000000329","1.14799999999999991","GTEx--Coexpression","PRKACB,DLGAP1,ATL1,CORO2B,ADGRB2,SYT3,CNTN1,MSANTD4,ZNF365,CHN1,RAB3A,BRSK1,WASF3,ARL6IP1,ACSL6,GPM6A,CD99L2,CA11,CGREF1,CASKIN1,DLG4,PDXP,GDAP1"
"DEG_MD_HCT116","579","0.360300000000000009","PLAGL1","PLAGL1","23","299","0.2943000000000000060396","0.7870000000000000329","1.14799999999999991","GTEx--Coexpression","SNX33,PIAS3,CORO2B,FSD1,FKBP10,PLD3,USE1,MYO15A,GCSH,CHST14,MRC2,RPL17,FKBP9,CUL7,NF2,CDRT4,KLF8,ACSL6,P3H3,IL17RC,LRP1B,DLG5,SGSH"
"DEG_MD_HCT116","580","0.360899999999999999","ZNF579","ZNF579","23","299","0.2943000000000000060396","0.7870000000000000329","1.14799999999999991","GTEx--Coexpression","CACNA2D1,MYPN,ZNF865,SCN1B,ANK1,TCEA3,KLHL30,GGT7,TMEM201,EYA4,ENO3,ADCY9,TIGD5,MACROD1,OBSCN,TTN,ABLIM2,KCNJ11,TBCE,SIX4,RASA4B,TRPT1,CDH15"
"DEG_MD_HCT116","581","0.361499999999999988","NKX22","NKX22","23","299","0.2943000000000000060396","0.7870000000000000329","1.14799999999999991","GTEx--Coexpression","ABCA2,GPR37,FAM222A,FRMD5,CORO2B,CNTNAP2,SLC5A11,PLEKHB1,SEC14L5,COL9A2,TMEM151A,SH3GL3,GNAZ,CDK18,CLDND1,MOB3B,GAL3ST1,SOX8,DNER,ZDHHC14,APLP1,COLGALT2,LGI3"
"DEG_MD_HCT116","582","0.362200000000000022","FOXO6","FOXO6","23","299","0.2943000000000000060396","0.7870000000000000329","1.14799999999999991","GTEx--Coexpression","SAMD11,GSTM2,P4HTM,RTBDN,COL9A2,CETN2,HSF4,SGSM2,MZF1,PLD3,NPHP1,RHPN1,MYO15A,CUL7,SMARCD3,CDRT4,P3H3,MAP6,SLC22A17,TMED4,SCG2,ASIC4,ZMAT1"
"DEG_MD_HCT116","583","0.362800000000000011","ZBTB10","ZBTB10","23","299","0.2943000000000000060396","0.7870000000000000329","1.14799999999999991","GTEx--Coexpression","PLSCR4,FBLIM1,GLIS2,SAV1,CRYBG1,PMEPA1,ZNF615,RIN1,ZNF704,NXPH3,DAPP1,DACT1,HMGCR,CPED1,MCAM,TMEM154,PRKG1,TRPC1,COL18A1,SPEG,RBMS3,CHSY3,SGPP2"
"DEG_MD_HCT116","584","0.363400000000000001","MESP1","MESP1","23","299","0.2943000000000000060396","0.7870000000000000329","1.14799999999999991","GTEx--Coexpression","CACNA2D1,PRXL2A,NDUFC2,CCDC92,SCN1B,SLC45A3,PPP1R1A,PRKN,SYT7,USE1,PLA2G4C,NAT8L,MAPK11,SBK1,GCSH,METTL26,ABLIM2,KCNJ11,CD99L2,UQCR10,LRP1B,SIX1,NEURL1"
"DEG_MD_HCT116","585","0.363999999999999990","ZNF793","ZNF793","23","299","0.2943000000000000060396","0.7870000000000000329","1.14799999999999991","GTEx--Coexpression","ZFYVE28,GRIN2C,ZNF461,ACAP3,TMEM25,TMEM120B,MTCL1,PPP1R3E,GRIK2,ZNF585B,PPFIA4,ZNF91,SCNN1D,ENO2,GPR137C,DGKE,DISP2,MAP3K12,SRRM3,SPTBN4,TRANK1,CARMIL3,MCF2L"
"DEG_MD_HCT116","586","0.364700000000000024","ZNF682","ZNF682","23","299","0.2943000000000000060396","0.7870000000000000329","1.14799999999999991","GTEx--Coexpression","GRIN2C,KCNC3,ZNF461,TARBP1,ACAP3,TMEM120B,PPP1R3E,GRIK2,ZNF585B,CACNA1I,BCL7A,PATJ,ENO2,GPR137C,KIFC2,DISP2,CACNB4,GLMN,SRRM3,LCN12,ANP32E,DOCK3,MCF2L"
"DEG_MD_HCT116","587","0.365300000000000014","HINFP","HINFP","23","299","0.2943000000000000060396","0.7870000000000000329","1.14799999999999991","GTEx--Coexpression","ZFYVE28,GRIN2C,L1CAM,ZNF250,ACAP3,TMEM120B,MTCL1,PPP1R3E,GRIK2,PPFIA4,ADAM11,MAST1,ENO2,KIFC2,BRF1,DISP2,PLEKHG5,KCNAB3,SRRM3,SPTBN4,TRANK1,CARMIL3,MCF2L"
"DEG_MD_HCT116","588","0.365900000000000003","ZNF135","ZNF135","23","299","0.2943000000000000060396","0.7870000000000000329","1.14799999999999991","GTEx--Coexpression","EXD3,GSTM2,P4HTM,SLC27A1,FOXO6,CCNL2,PPP1R3E,ZNF585B,SCNN1D,MZF1,RHPN1,PAN2,CDK5RAP3,WDR27,BRF1,TRPC1,CDRT4,EBF4,HNRNPH3,APBB3,ZMAT1,MAN2C1,PCED1A"
"DEG_MD_HCT116","589","0.366499999999999992","ZNF83","ZNF83","23","299","0.2943000000000000060396","0.7870000000000000329","1.14799999999999991","GTEx--Coexpression","EXD3,GSTM2,IDUA,HNRNPA3,CCNL2,HSF4,MZF1,PAN2,TRA2A,MYO15B,CDK5RAP3,NFATC4,WDR27,ZNF783,TRPC1,AMT,CDRT4,EBF4,HNRNPH3,APBB3,ZMAT1,MAN2C1,PCED1A"
"DEG_MD_HCT116","590","0.367099999999999982","ZNF808","ZNF808","23","299","0.2943000000000000060396","0.7870000000000000329","1.14799999999999991","GTEx--Coexpression","FSD1,CCDC92,ADGRB1,ZNF701,SH3GL3,PALM,GNAZ,NAT8L,STMN3,TUBB2A,BRSK1,CSPG5,WASF3,ARL6IP1,ACSL6,MAPK8IP2,MAP6,DNER,CA11,TMEM59L,CASKIN1,DLG4,GDAP1"
"DEG_MD_HCT116","591","0.367800000000000016","ZNF774","ZNF774","23","299","0.2943000000000000060396","0.7870000000000000329","1.14799999999999991","GTEx--Coexpression","CACNA2D1,CFAP61,MYPN,PRKAA2,SCN1B,PRKN,TCEA3,KLHL30,PLA2G4C,TMEM201,PDLIM5,EYA4,ENO3,ADCY9,MACROD1,OBSCN,TTN,ABLIM2,KCNJ11,TBCE,SIX4,RASA4B,PDE4D"
"DEG_MD_HCT116","592","0.368400000000000005","SP140L","SP140L","23","299","0.2943000000000000060396","0.7870000000000000329","1.14799999999999991","GTEx--Coexpression","TMC8,TMC6,HLA-DMB,PSMB9,PTPN7,CD33,SYK,GAB3,BANK1,ADGRG5,TTC24,NCKAP1L,DENND1C,DENND2D,PLCB2,AOAH,FGD2,RUBCNL,BTN3A3,ATG16L2,DOCK8,PCED1B,CMTM7"
"DEG_MD_HCT116","593","0.368999999999999995","HOXC13","HOXC13","23","300","0.2998000000000000109246","0.7870000000000000329","1.14399999999999991","GTEx--Coexpression","IL20RA,IL20RB,RDH12,HEPHL1,S100A3,CPA4,TRIM29,ATP6V1C2,CTSV,MSX2,DEGS2,FRMPD1,ABCA12,SERPINB5,AHNAK2,NECTIN4,TNS4,KRT23,KRT34,KRT32,FAM83B,PSAPL1,POU2F3"
"DEG_MD_HCT116","594","0.369599999999999984","NFATC2","NFATC2","23","300","0.2998000000000000109246","0.7870000000000000329","1.14399999999999991","GTEx--Coexpression","TMC8,TMC6,HLA-DMB,LAG3,ARL4C,PTPN7,ADGRG5,TTC24,SYTL3,CHST12,DENND1C,DENND2D,PLCB2,AOAH,FGD2,RUBCNL,BTN3A3,PTGER4,CXCR4,KLRC4,DOCK8,PCED1B,CMTM7"
"DEG_MD_HCT116","595","0.370300000000000018","RFX3","RFX3","23","300","0.2998000000000000109246","0.7870000000000000329","1.14399999999999991","GTEx--Coexpression","CSMD3,ZBBX,NEK5,EFCAB12,CCDC78,PPP1R3E,CFAP161,SCNN1D,CFAP43,DNAH1,DNAH2,DNAH6,MAPK15,PLCH1,WDR49,DGKE,CCDC40,AP3M2,POLR2L,ACSL6,NME5,GDAP1,LTBR"
"DEG_MD_HCT116","596","0.370900000000000007","NR3C2","NR3C2","23","300","0.2998000000000000109246","0.7870000000000000329","1.14399999999999991","GTEx--Coexpression","CLDN3,BHLHE41,EIF5A,NUDT1,CD44,ZNF91,DAPP1,TUBAL3,EPS8L3,GAR1,MISP,TMEM154,BZW1,SLC26A3,KRT8,AMMECR1,KRT20,TMED4,ZDHHC23,ALYREF,PYY,HEPH,CASP4"
"DEG_MD_HCT116","597","0.371499999999999997","ZNF80","ZNF80","23","300","0.2998000000000000109246","0.7870000000000000329","1.14399999999999991","GTEx--Coexpression","TMC8,TMC6,LAG3,TNFRSF9,ARL4C,PTPN7,EOMES,ADGRG5,TTC24,SYTL3,DENND1C,DENND2D,PLCB2,AOAH,RUBCNL,BTN3A3,CXCR4,KLRC4,ATG16L2,DOCK8,SLC2A3,PCED1B,CMTM7"
"DEG_MD_HCT116","598","0.372099999999999986","POU2F1","POU2F1","23","300","0.2998000000000000109246","0.7870000000000000329","1.14399999999999991","GTEx--Coexpression","ZFYVE28,COL13A1,GRIN2C,L1CAM,MRPL51,ZNF461,TARBP1,ACAP3,TMEM120B,MTCL1,GRIK2,PER3,PPFIA4,RASGEF1C,ENO2,DGKE,MAP3K12,KCNAB3,POLR2L,SRRM3,TRANK1,CARMIL3,MCF2L"
"DEG_MD_HCT116","599","0.372699999999999976","ZNF732","ZNF732","23","300","0.2998000000000000109246","0.7870000000000000329","1.14399999999999991","GTEx--Coexpression","ZFYVE28,COL13A1,GRIN2C,L1CAM,ZNF461,ACAP3,TMEM120B,MTCL1,SYNGR1,GRIK2,PPFIA4,ADAM11,MAST1,ENO2,GPR137C,DGKE,MAP3K12,KCNAB3,SRRM3,SPTBN4,TRANK1,CARMIL3,MCF2L"
"DEG_MD_HCT116","600","0.373400000000000010","AKAP8","AKAP8","23","300","0.2998000000000000109246","0.7870000000000000329","1.14399999999999991","GTEx--Coexpression","PRKACB,B4GAT1,CSMD3,FRMD5,FSD1,PLEKHB1,CCDC92,ADGRB2,GRIK4,ANKHD1,DDX46,STMN3,BRSK1,TMEM132A,CSPG5,AP3M2,WASF3,ARL6IP1,MAP6,APLP1,CASKIN1,COLGALT2,GDAP1"
"DEG_MD_HCT116","601","0.373999999999999999","ZNF98","ZNF98","23","300","0.2998000000000000109246","0.7870000000000000329","1.14399999999999991","GTEx--Coexpression","FAM221A,SLC25A45,FSCN2,SHC2,ONECUT1,KIAA1549,SPX,KIRREL2,CHDH,GRPR,FGFRL1,CLPSL2,FICD,CRACR2B,GATM,STXBP6,PGGHG,TUBG2,AMY2B,FAIM,TMEM125,ENKD1,LRIG1"
"DEG_MD_HCT116","602","0.374599999999999989","CEBPA","CEBPA","23","300","0.2998000000000000109246","0.7870000000000000329","1.14399999999999991","GTEx--Coexpression","LIPE,RDH12,PRXL2A,FASN,PRRT4,PPARG,ZNF467,IL1RAP,AKR1C2,ABCA12,GPT,ANXA9,TMEM154,ABHD15,CPM,CNGA1,TRPC1,FADD,KRT23,GABRE,MPZL3,POU2F3,CASP4"
"DEG_MD_HCT116","603","0.375199999999999978","NR2F6","NR2F6","23","300","0.2998000000000000109246","0.7870000000000000329","1.14399999999999991","GTEx--Coexpression","GPR39,PPARA,NPAS2,THEM6,ZBTB42,PCK2,HNF4A,MAT1A,EBP,EPN1,EPN3,RBM47,SARDH,ST14,PAH,GPT,CDH1,RNF43,AP1M2,KRT18,EFNA2,EHHADH,DDT"
"DEG_MD_HCT116","604","0.375900000000000012","ZNF726","ZNF726","23","300","0.2998000000000000109246","0.7870000000000000329","1.14399999999999991","GTEx--Coexpression","DLGAP5,CENPE,CENPF,ZNF675,ARHGAP11A,CRYBG1,IKZF2,TMPO,PCNA,SPC25,CPOX,CCNB1,MYBL2,ADGRF3,HMGCR,DEPDC1B,TK1,MCM5,MACC1,PCLAF,ESCO2,AMMECR1,SGPP2"
"DEG_MD_HCT116","605","0.376500000000000001","ZKSCAN1","ZKSCAN1","23","300","0.2998000000000000109246","0.7870000000000000329","1.14399999999999991","GTEx--Coexpression","CYP2D7,C5,PPFIBP2,ONECUT1,MAT1A,ARHGEF28,EPN3,CHDH,SARDH,CRACR2B,PROM2,PAH,GATM,CTNND1,CDH1,RNF43,SLC26A1,CNGA1,AZGP1,GRHL2,LBX2,ABCC3,EHHADH"
"DEG_MD_HCT116","606","0.377099999999999991","EGR3","EGR3","23","300","0.2998000000000000109246","0.7870000000000000329","1.14399999999999991","GTEx--Coexpression","IL20RA,IL20RB,RDH12,WNT7B,CPA4,TNFRSF19,TRIM29,ATP6V1C2,DEGS2,ABCA12,NR1D1,SERPINB5,THBD,RTN4RL1,IRX3,AHNAK2,NECTIN4,TNS4,KRT23,FAM83B,PSAPL1,POU2F3,WNT16"
"DEG_MD_HCT116","607","0.377699999999999980","MECP2","MECP2","23","300","0.2998000000000000109246","0.7870000000000000329","1.14399999999999991","GTEx--Coexpression","L1CAM,KCND1,MRPL51,PSMA4,ZNF461,EIF5A,ZNF615,TXNDC17,LACTB2,SLC45A1,COX16,RPL26L1,GAR1,FDFT1,PLCB4,SARM1,DGKE,MAP3K12,TRPC1,TRANK1,SEM1,DBI,SSBP2"
"DEG_MD_HCT116","608","0.378300000000000025","ZNF608","ZNF608","23","300","0.2998000000000000109246","0.7870000000000000329","1.14399999999999991","GTEx--Coexpression","IL20RB,LYPD3,RDH12,ABCA2,BHLHE41,DUSP7,ZNF221,GPR87,TRIM44,ZDHHC2,TRIM29,CACNA1D,TENT5B,NAV3,SULT2B1,SERPINB5,KLF8,FRAS1,NECTIN4,HEG1,MPP7,COLGALT2,DOCK4"
"DEG_MD_HCT116","609","0.379000000000000004","NKX21","NKX21","23","300","0.2998000000000000109246","0.7870000000000000329","1.14399999999999991","GTEx--Coexpression","LIPG,KCNC3,BMP8A,FSCN2,ZBED2,RNF144B,RHPN1,PAN2,FGFRL1,WDR72,BCAM,PRDX1,AFAP1L2,SALL4,SLC26A4,SEMA3D,FRAS1,PLPP3,LCN12,TMED4,TMEM125,ZMAT1,PCED1A"
"DEG_MD_HCT116","610","0.379599999999999993","ZNF461","ZNF461","23","300","0.2998000000000000109246","0.7870000000000000329","1.14399999999999991","GTEx--Coexpression","ZFYVE28,GRIN2C,L1CAM,MTCL1,SLC12A5,SYNGR1,GRIK2,ZNF585A,PPFIA4,ADAM11,MAST1,GALNT9,ENO2,GPR137C,GRAMD1B,FGF9,DISP2,CACNB4,GLMN,MAP3K12,SRRM3,SPTBN4,CARMIL3"
"DEG_MD_HCT116","611","0.380199999999999982","ZNF189","ZNF189","23","300","0.2998000000000000109246","0.7870000000000000329","1.14399999999999991","GTEx--Coexpression","FAM221A,GPR37,FAM222A,FRMD5,SHC2,ONECUT1,KIAA1549,SPX,SLC5A11,ZDHHC2,SEC14L5,TMEM151A,KIRREL2,MSANTD4,FICD,CDK18,CLDND1,GATM,KLF8,TUBG2,APLP1,FAIM,COLGALT2"
"DEG_MD_HCT116","612","0.380800000000000027","TAL1","TAL1","23","300","0.2998000000000000109246","0.7870000000000000329","1.14399999999999991","GTEx--Coexpression","KIAA0040,ITGAX,PPM1F,SLC25A37,TRIM10,BST1,CD33,GAB3,IL18R1,LYL1,SYTL3,PLCB2,AOAH,APOL3,BCL2L1,IL15RA,SMIM1,BTN3A3,RENBP,TFEC,TYMP,SDCBP,CMTM7"
"DEG_MD_HCT116","613","0.381500000000000006","CREB3L4","CREB3L4","22","297","0.3632000000000000228262","0.9230000000000000426","1.10299999999999998","GTEx--Coexpression","JTB,IDUA,ZBTB42,SLC45A3,KCNN4,TBC1D8,RBM47,CDK5RAP3,POU5F1B,CRACR2B,ZNF350,GCNT2,AP1M2,CDK3,TXNRD2,PI15,EBF4,AZGP1,IL17RC,PRIM2,GRHL2,KRT18"
"DEG_MD_HCT116","614","0.382099999999999995","DPRX","DPRX","22","297","0.3632000000000000228262","0.9230000000000000426","1.10299999999999998","GTEx--Coexpression","CACNA2D1,PDGFB,LRRC39,MYPN,PRKAA2,PPP1R1A,KLHL30,PLA2G4C,EYA4,EEPD1,ENO3,TNNC1,MACROD1,OBSCN,TTN,KCNJ11,MSS51,SIX1,SIX4,RASA4B,PDE4D,TRPT1"
"DEG_MD_HCT116","615","0.382699999999999985","NR0B1","NR0B1","22","297","0.3632000000000000228262","0.9230000000000000426","1.10299999999999998","GTEx--Coexpression","ABCA1,AADAC,MAP3K5,ADGRV1,MERTK,SPATA20,MYO7A,LACTB2,KCNQ1,XRCC6,TMEM150C,COMMD4,STAMBPL1,SIMC1,SNTB1,SERPINA5,HMGN5,MAP3K15,SYCP3,DNAJC5G,DMRT1,ABCC3"
"DEG_MD_HCT116","616","0.383299999999999974","ZNF474","ZNF474","22","297","0.3632000000000000228262","0.9230000000000000426","1.10299999999999998","GTEx--Coexpression","ADAM32,CDKN3,ZBBX,NEK5,CCIN,SPA17,SPATA17,SPATA18,RIBC2,CFAP43,DNAH2,DNAH6,FANK1,MORN2,OSCP1,TTC23L,CCDC40,MEIG1,AKAP3,FAM186B,MNS1,LEKR1"
"DEG_MD_HCT116","617","0.383900000000000019","NFYB","NFYB","22","297","0.3632000000000000228262","0.9230000000000000426","1.10299999999999998","GTEx--Coexpression","DPYSL3,VAMP8,LIMS2,EFEMP2,ITGA1,PARD3B,MKX,GALNT3,TGFB1I1,DENND2D,ZEB1,FGF2,PRKG1,TRPC1,CYP2U1,TMTC1,MPZL3,AXL,SYDE1,LTBP1,SPEG,PALLD"
"DEG_MD_HCT116","618","0.384599999999999997","SIM1","SIM1","22","297","0.3632000000000000228262","0.9230000000000000426","1.10299999999999998","GTEx--Coexpression","PCDHGA10,HOXC11,MMP14,ALDH1L2,FKBP10,KIRREL1,NPR3,CRIM1,AMOTL2,LAMA4,COL12A1,GPR176,DKK1,HOXC4,CSF1,FKBP9,CPM,ADAMTS2,POLR2L,TWIST1,CITED2,STEAP1"
"DEG_MD_HCT116","619","0.385199999999999987","HOXB13","HOXB13","22","297","0.3632000000000000228262","0.9230000000000000426","1.10299999999999998","GTEx--Coexpression","GLIS1,EFCAB12,PMEPA1,ZNF615,SLC45A3,MKX,HSF4,SYT7,TBC1D8,TMSB15A,ZNF350,GCNT2,SLC15A2,CDK3,TXNRD2,PI15,EBF4,AZGP1,IL17RC,PRIM2,GRHL2,DPP4"
"DEG_MD_HCT116","620","0.385799999999999976","RXRB","RXRB","22","297","0.3632000000000000228262","0.9230000000000000426","1.10299999999999998","GTEx--Coexpression","EXD3,GTF2IRD2B,GSTM2,IDUA,CCNL2,HSF4,MZF1,PAN2,MYO15B,CDK5RAP3,WDR27,ZNF783,AMT,EBF4,TMED4,APBB3,ZMAT1,ACBD4,DBI,MAN2C1,POMP,PCED1A"
"DEG_MD_HCT116","621","0.386400000000000021","ZNF665","ZNF665","22","298","0.3690999999999999836575","0.9230000000000000426","1.09899999999999998","GTEx--Coexpression","HSPG2,ZNF268,NR2F2,ZNF221,ZNF214,EFEMP2,PARD3B,ADGRA2,ZNF84,KIRREL1,LAMA4,VIM,CHST14,NFATC4,GLI2,TIMP2,AXL,GALNT10,SYDE1,COL6A2,COL6A1,RBMS3"
"DEG_MD_HCT116","622","0.387100000000000000","MBD6","MBD6","22","298","0.3690999999999999836575","0.9230000000000000426","1.09899999999999998","GTEx--Coexpression","LIPG,HNRNPA3,CCNL2,ARSA,MZF1,RHPN1,ANKHD1,PAN2,CDK5RAP3,WDR72,WDR27,SALL4,CUL7,CDK3,SLC26A4,CDRT4,LCN12,TMED4,APBB3,ZMAT1,MAN2C1,PCED1A"
"DEG_MD_HCT116","623","0.387699999999999989","SOX3","SOX3","22","298","0.3690999999999999836575","0.9230000000000000426","1.09899999999999998","GTEx--Coexpression","TMA7,B4GAT1,CSMD3,P4HTM,PLEKHB1,ADGRB1,COL9A2,GRIK4,SH3GL3,MRO,GNG4,STMN3,CSPG5,SOX8,MAP6,PTPRN2,ITM2C,SLC22A17,DNER,APLP1,SCG2,GDAP1"
"DEG_MD_HCT116","624","0.388299999999999979","NKX62","NKX62","22","298","0.3690999999999999836575","0.9230000000000000426","1.09899999999999998","GTEx--Coexpression","ABCA2,GPR37,FAM222A,FRMD5,IL1RAPL1,SLC5A11,PLEKHB1,SEC14L5,TMEM151A,SH3GL3,SH3TC2,CDK18,PLLP,CLDND1,MOB3B,GAL3ST1,SOX8,DNER,ZDHHC14,APLP1,COLGALT2,LGI3"
"DEG_MD_HCT116","625","0.388900000000000023","ZNF814","ZNF814","22","298","0.3690999999999999836575","0.9230000000000000426","1.09899999999999998","GTEx--Coexpression","ZFYVE28,GRIN2C,KCNC3,ACAP3,LIN7A,TMEM120B,PPP1R3E,CCNJL,GRIK2,PPFIA4,MZF1,GALNT9,SBK1,BRF1,TMEM229B,DISP2,KCNAB3,SRRM3,SPTBN4,CARMIL3,CBFA2T3,MCF2L"
"DEG_MD_HCT116","626","0.389500000000000013","ZNF48","ZNF48","22","298","0.3690999999999999836575","0.9230000000000000426","1.09899999999999998","GTEx--Coexpression","RNF215,SDHAF1,ZNF461,KCNB1,TMEM25,CNTNAP1,SLC12A5,KCNQ4,SLC45A1,SYNGR1,RCOR2,GNAZ,SYT3,BCL7A,MSANTD4,ENO2,TIGD5,SARM1,CACNB2,RTN4R,ZNF747,PDXP"
"DEG_MD_HCT116","627","0.390199999999999991","HOXD8","HOXD8","22","298","0.3690999999999999836575","0.9230000000000000426","1.09899999999999998","GTEx--Coexpression","CLCNKB,NR2F2,OSBPL10,MMP14,SAV1,PARD3B,ADGRA2,SCML1,KIRREL1,CRIM1,SERPINF1,HOXC4,CHST14,NFATC4,TRIM6,TIMP2,RAB13,INPP4B,AXL,SYDE1,CAMK1D,COL6A2"
"DEG_MD_HCT116","628","0.390799999999999981","KLF7","KLF7","22","298","0.3690999999999999836575","0.9230000000000000426","1.09899999999999998","GTEx--Coexpression","HSPG2,PLSCR4,ITGA1,PARD3B,KCTD12,KIRREL1,CRIM1,AMOTL2,LAMA4,MAML2,TIMP3,APOL3,AOC3,SH3D19,TNS2,TMTC1,CREBRF,AXL,DOCK11,SYDE1,SDCBP,RBMS3"
"DEG_MD_HCT116","629","0.391400000000000026","NKX31","NKX31","22","298","0.3690999999999999836575","0.9230000000000000426","1.09899999999999998","GTEx--Coexpression","GLIS1,EFCAB12,PMEPA1,ZNF615,SLC45A3,KCNN4,HSF4,FBN3,SYT7,TBC1D8,TMSB15A,ZNF350,GCNT2,SLC15A2,CDK3,TXNRD2,EBF4,AZGP1,IL17RC,PRIM2,GRHL2,DPP4"
"DEG_MD_HCT116","630","0.392000000000000015","CREBL2","CREBL2","22","298","0.3690999999999999836575","0.9230000000000000426","1.09899999999999998","GTEx--Coexpression","ABCA1,AADAC,KCNG3,MAP3K5,TSPAN12,ADGRV1,MERTK,MYO7A,VWA5B2,FNDC4,KCNQ1,ANO4,TMEM150C,CACNA1D,SNTB1,FNDC10,GRAMD1B,MAP3K15,LRMDA,DNER,CHCHD2,ABCC3"
"DEG_MD_HCT116","631","0.392699999999999994","NKX24","NKX24","22","299","0.3750000000000000000000","0.9230000000000000426","1.09499999999999997","GTEx--Coexpression","EID3,NUP210L,TEX14,TEX19,HERC5,SPA17,KCTD19,PCSK4,HORMAD2,FANK1,ZCWPW1,MORN2,HMGN5,STK32A,ILDR2,OSCP1,CCDC34,CCDC40,SYCP3,STAG3,DNAJC5G,DMRT1"
"DEG_MD_HCT116","632","0.393299999999999983","PROP1","PROP1","22","299","0.3750000000000000000000","0.9230000000000000426","1.09499999999999997","GTEx--Coexpression","SAMD11,P4HTM,FOXO6,RTBDN,COL9A2,PLEKHA6,SGSM2,CACNA1D,PLD3,SYT7,MYO15A,CDK5RAP3,CUL7,SPIRE2,CDRT4,P3H3,MAP6,CARMIL3,SLC22A17,SCG2,ASIC4,ZMAT1"
"DEG_MD_HCT116","633","0.393899999999999972","TLX2","TLX2","22","299","0.3750000000000000000000","0.9230000000000000426","1.09499999999999997","GTEx--Coexpression","COL24A1,PBX3,L1CAM,GPR35,ZNF219,KCNH2,FOXP2,VWA5B2,KCNQ4,FOXF1,NRP2,SYNM,ZHX2,STAMBPL1,TUBAL3,EPS8L3,TES,RET,MISP,AMN,PYY,HEPH"
"DEG_MD_HCT116","634","0.394500000000000017","SIX2","SIX2","22","299","0.3750000000000000000000","0.9230000000000000426","1.09499999999999997","GTEx--Coexpression","CACNA2D1,CFAP61,MYPN,PSMC1,PSMC2,TBX1,KLHL30,TMEM201,EYA4,EEPD1,ENO3,ADCY9,MACROD1,OBSCN,TTN,ABLIM2,KCNJ11,CHAC1,SIX1,SIX4,RASA4B,PDE4D"
"DEG_MD_HCT116","635","0.395100000000000007","ZNF675","ZNF675","22","299","0.3750000000000000000000","0.9230000000000000426","1.09499999999999997","GTEx--Coexpression","IL20RB,GPR87,CRYBG1,IKZF2,TRIM29,PCNA,DAPP1,HMGCR,DEPDC1B,ELL3,NUF2,SERPINB5,TMEM154,MACC1,NECTIN4,ESCO2,OVOL1,AMMECR1,PTTG1,FANCD2,FAM83B,SGPP2"
"DEG_MD_HCT116","636","0.395799999999999985","FOXB1","FOXB1","22","299","0.3750000000000000000000","0.9230000000000000426","1.09499999999999997","GTEx--Coexpression","INSYN1,SLC18A2,GLRA1,SPX,SLC5A11,PLEKHB1,SLC10A4,TMEM151A,SH3GL3,MRO,CNTN1,SYNGR3,WDR49,CLDND1,STK32A,LHX5,C1QL1,ARL6IP1,SOX8,DNER,APLP1,SNCG"
"DEG_MD_HCT116","637","0.396399999999999975","PAX7","PAX7","22","299","0.3750000000000000000000","0.9230000000000000426","1.09499999999999997","GTEx--Coexpression","CACNA2D1,CFAP61,LRRC39,MYPN,PSMC1,SCN1B,PRKN,KLHL30,PLA2G4C,TMEM201,EYA4,ENO3,MACROD1,OBSCN,TTN,ABLIM2,KCNJ11,MSS51,SIX1,SIX4,RASA4B,TRPT1"
"DEG_MD_HCT116","638","0.397000000000000020","HOXD1","HOXD1","22","299","0.3750000000000000000000","0.9230000000000000426","1.09499999999999997","GTEx--Coexpression","ABCA2,GPR37,FAM222A,SLC5A11,PLEKHB1,SEC14L5,TMEM151A,SH3GL3,SH3TC2,GLDN,CDK18,CLDND1,FAM107B,MOB3B,GAL3ST1,PRR5L,SOX8,ZDHHC14,APLP1,TMEM139,COLGALT2,LGI3"
"DEG_MD_HCT116","639","0.397600000000000009","XPA","XPA","22","299","0.3750000000000000000000","0.9230000000000000426","1.09499999999999997","GTEx--Coexpression","DPYSL3,GTF2IRD2B,SYNPO2,LIMS2,FOXP2,FOXP1,FHL1,ITGA1,ITGA9,ZNF615,KCNQ4,TSPAN2,CCDC9B,SYNM,NAV2,TGFB1I1,DUSP18,PRKG1,EBF4,SPEG,PALLD,SSBP2"
"DEG_MD_HCT116","640","0.398299999999999987","TET1","TET1","22","299","0.3750000000000000000000","0.9230000000000000426","1.09499999999999997","GTEx--Coexpression","NR2F2,PLSCR4,ZNF221,ZNF214,EFEMP2,ZDHHC8,ADGRA2,PRICKLE1,NAV3,LAMA4,VIM,MRC2,TIMP2,NRBP2,FKBP9,TRPC1,CYP2U1,PAPLN,MAP4K5,COL6A1,FMNL3,SPRY2"
"DEG_MD_HCT116","641","0.398899999999999977","RAX","RAX","22","300","0.3810000000000000053291","0.9230000000000000426","1.09099999999999997","GTEx--Coexpression","F3,CHST2,MAP3K5,RTBDN,ID3,COL9A2,CETN2,HSF4,PLD3,NAT8L,SLIT2,NFATC4,WDR49,DENND2A,NRBP2,STK32A,CCDC40,CDRT4,PAPLN,GALNT10,ZMAT1,SSBP2"
"DEG_MD_HCT116","642","0.399500000000000022","TCF24","TCF24","22","300","0.3810000000000000053291","0.9230000000000000426","1.09099999999999997","GTEx--Coexpression","ECSIT,FHL2,PRKAA2,NDUFB3,NDUFB2,DECR1,FHOD3,CLGN,OXCT1,PDLIM5,SLC4A3,LDHB,AIFM1,TNNC1,LARGE1,UQCR10,MLIP,ATP5MG,ATP5MF,ATP5ME,RNF207,LIN9"
"DEG_MD_HCT116","643","0.400100000000000011","ZSCAN30","ZSCAN30","22","300","0.3810000000000000053291","0.9230000000000000426","1.09099999999999997","GTEx--Coexpression","GRIN2C,L1CAM,VAMP8,ZNF461,SLC27A1,TMEM120B,MTCL1,PPP1R3E,GRIK2,HSF4,ZNF585B,ZNF585A,PPFIA4,GGT7,RASGEF1C,FGF9,MAP3K12,SRRM3,ZMAT1,GPSM1,MCF2L,CDH15"
"DEG_MD_HCT116","644","0.400700000000000001","NFATC1","NFATC1","22","300","0.3810000000000000053291","0.9230000000000000426","1.09099999999999997","GTEx--Coexpression","MYPN,PSMC1,HAT1,FHL1,PRKAA2,ZNF865,TBX1,ZHX2,KLHL30,EYA4,EEPD1,ENO3,ADPRH,MACROD1,OBSCN,SPIRE2,TTN,ARL6IP1,MLIP,SIX1,RASA4B,PDE4D"
"DEG_MD_HCT116","645","0.401399999999999979","SMYD3","SMYD3","22","300","0.3810000000000000053291","0.9230000000000000426","1.09099999999999997","GTEx--Coexpression","DLGAP1,PRPS1,SRR,FSD1,SLC12A5,RCOR2,CACNA1I,SYT3,SYT1,SYNGR3,NAV3,SPOCK2,ZNF804A,STMN3,GPR176,RAB3A,GLMN,AP3M2,TMEM59L,DOCK3,PDXP,GDAP1"
"DEG_MD_HCT116","646","0.402000000000000024","ZNF19","ZNF19","22","300","0.3810000000000000053291","0.9230000000000000426","1.09099999999999997","GTEx--Coexpression","EID3,NUP210L,TEX14,AKR1E2,SPATA20,SPA17,KCTD19,SPATA17,PCSK4,RIBC2,HORMAD2,CFAP43,ZMYND10,PRR22,FANK1,OSCP1,TTC23L,SYCP3,CCT6B,STAG3,FAM186B,LEKR1"
"DEG_MD_HCT116","647","0.402600000000000013","HOXC11","HOXC11","22","300","0.3810000000000000053291","0.9230000000000000426","1.09099999999999997","GTEx--Coexpression","PCDHGA10,MMP14,HTR1B,ITGBL1,KIRREL1,MSX2,CRIM1,MAML2,ABCA12,GPR176,DKK1,GAR1,HOXC4,MB21D2,FKBP9,TRAF3IP2,TWIST1,AMMECR1,AXL,CHRNA9,PSAPL1,POU2F3"
"DEG_MD_HCT116","648","0.403200000000000003","NPAS4","NPAS4","22","300","0.3810000000000000053291","0.9230000000000000426","1.09099999999999997","GTEx--Coexpression","ZFYVE28,GRIN2C,L1CAM,ACAP3,TMEM120B,CNTNAP1,GRIK2,PPFIA4,ADAM11,MAST1,RASGEF1C,GALNT9,GPR137C,FGF9,DISP2,MAP3K12,KCNAB3,SRRM3,SPTBN4,CARMIL3,ZDHHC11B,MCF2L"
"DEG_MD_HCT116","649","0.403899999999999981","TERF2","TERF2","22","300","0.3810000000000000053291","0.9230000000000000426","1.09099999999999997","GTEx--Coexpression","DLGAP1,FSD1,SLC12A5,SCN1B,GRIN1,SYT3,BCL7A,SYNGR3,SBK1,FAM131B,RAB3A,BRSK1,ABLIM2,ACSL6,MAPK8IP2,GPM6A,CD99L2,CA11,TMEM59L,CASKIN1,GDAP1,NEURL1"
"DEG_MD_HCT116","650","0.404500000000000026","ZNF486","ZNF486","22","300","0.3810000000000000053291","0.9230000000000000426","1.09099999999999997","GTEx--Coexpression","LIPG,KCNC3,BMP8A,FSCN2,ZBED2,ZNF701,RNF144B,RAG1,RHPN1,FGFRL1,WDR72,BCAM,AFAP1L2,IRS1,SALL4,SLC26A4,SEMA3D,FRAS1,PLPP3,LCN12,TMED4,PCED1A"
"DEG_MD_HCT116","651","0.405100000000000016","ZBTB22","ZBTB22","22","300","0.3810000000000000053291","0.9230000000000000426","1.09099999999999997","GTEx--Coexpression","IL20RA,IL20RB,RDH12,WNT7B,EIF5B,TRIM29,CD44,DEGS2,ABCA12,MAML3,FHDC1,ANXA9,SERPINB5,TMEM154,AK6,NECTIN4,KRT23,MPZL3,GRHL2,MPIG6B,PSAPL1,POU2F3"
"DEG_MD_HCT116","652","0.405700000000000005","ZNF423","ZNF423","22","300","0.3810000000000000053291","0.9230000000000000426","1.09099999999999997","GTEx--Coexpression","CACNA2D1,FEZ2,LRRC39,MYPN,VAMP8,FHL1,SCN1B,PPP1R1A,PRKN,PLA2G4C,EYA4,ENO3,DENND2D,NFIX,OBSCN,SMARCD3,KCNJ11,CD99L2,RYR3,MSS51,SIX1,RASA4B"
"DEG_MD_HCT116","653","0.406299999999999994","KLF13","KLF13","22","300","0.3810000000000000053291","0.9230000000000000426","1.09099999999999997","GTEx--Coexpression","MT-ND5,ZFYVE28,ABCA3,GRIN2C,KCNC3,OSBPL10,MRPL51,MTCL1,RASGRF1,PPFIA4,ADAM11,GALNT9,ENO2,DISP2,RTN4R,PLEKHG5,KCNAB3,SIPA1L3,CBFA2T3,SLC22A31,SEM1,MCF2L"
"DEG_MD_HCT116","654","0.406999999999999973","ZNF703","ZNF703","22","300","0.3810000000000000053291","0.9230000000000000426","1.09099999999999997","GTEx--Coexpression","SYNPO2,PSMC2,PIAS3,FHL1,ZNF865,TBX1,KLHL30,TENT5B,EEPD1,ENO3,ADCY9,PARD3,NR1D1,NFIX,MACROD1,MITF,AHNAK2,HSPB8,SIX4,SPEG,RASA4B,PDE4D"
"DEG_MD_HCT116","655","0.407600000000000018","ZNF589","ZNF589","22","300","0.3810000000000000053291","0.9230000000000000426","1.09099999999999997","GTEx--Coexpression","TMC8,TMC6,HLA-DMB,HLA-DOA,CCNL2,CD22,SYK,BANK1,CD72,ANKHD1,TTC24,CDK5RAP3,DENND1C,DENND2D,FGD2,ZNF783,SMARCD1,PARP10,BTN3A3,ATG16L2,DOCK8,PCED1A"
"DEG_MD_HCT116","656","0.408200000000000007","GPBP1L1","GPBP1L1","22","300","0.3810000000000000053291","0.9230000000000000426","1.09099999999999997","GTEx--Coexpression","PPFIBP2,VAMP8,CTIF,PRPS1,NDUFB8,CCDC92,SLC45A1,IQSEC1,INAVA,ANKHD1,GALNT3,ST14,ELL3,CTNND1,CDH1,RNF43,AP1M2,SMARCD3,WASF3,CD99L2,DCST2,GRHL2"
"DEG_MD_HCT116","657","0.408799999999999997","CREB3","CREB3","22","300","0.3810000000000000053291","0.9230000000000000426","1.09099999999999997","GTEx--Coexpression","LYPD3,GPR87,TMEM19,CRYBG1,TRIM29,CCDC92,SLC45A1,CETN2,RAMP1,DAPP1,TNKS2,DENND2C,TMEM154,MORN2,OSCP1,NECTIN4,MAP6,AMMECR1,LRRCC1,NME5,MPZL3,FAM83B"
"DEG_MD_HCT116","658","0.409499999999999975","KLF10","KLF10","22","300","0.3810000000000000053291","0.9230000000000000426","1.09099999999999997","GTEx--Coexpression","PSMC1,PSMC2,RORC,HAT1,TBX1,EIF3C,TCEA3,KLHL30,DDX46,EYA4,EEPD1,BACH1,ENO3,PARD3,MACROD1,MITF,AP3M2,KLF11,RASA4B,PDE4D,NRIP1,HAGHL"
"DEG_MD_HCT116","659","0.410100000000000020","PLAG1","PLAG1","22","300","0.3810000000000000053291","0.9230000000000000426","1.09099999999999997","GTEx--Coexpression","NGFR,MICALL2,ZNF221,ZNF214,ZDHHC8,FKBP10,PRICKLE1,MPZ,WNT6,NAV3,ADGRD1,DKK1,ZNF550,CUL7,SEMA3B,TNS3,CYP2U1,PAPLN,ARHGAP39,ZMAT1,GPSM1,FMNL3"
"DEG_MD_HCT116","660","0.410700000000000010","HMX2","HMX2","22","300","0.3810000000000000053291","0.9230000000000000426","1.09099999999999997","GTEx--Coexpression","GPR15,DLGAP5,CENPE,HLA-DOA,HLA-DRA,IKZF2,TMPO,PCNA,RPA3,SPC25,CPOX,ADGRG5,MYBL2,ADGRF3,AGPAT5,DEPDC1B,VASH2,MCM5,IL21R,PCLAF,ESCO2,EBI3"
"DEG_MD_HCT116","661","0.411299999999999999","ZSCAN10","ZSCAN10","22","300","0.3810000000000000053291","0.9230000000000000426","1.09099999999999997","GTEx--Coexpression","ZFYVE28,ZNF865,SCN1B,ANK1,KLHL30,PPFIA4,GGT7,TMEM201,EYA4,SBK1,ENO3,PRDM10,TRMT6,OBSCN,ABLIM2,KCNJ11,PLCL2,CHAC1,SRRM3,PDE4D,CDH15,NRIP1"
"DEG_MD_HCT116","662","0.411899999999999988","GFI1","GFI1","22","300","0.3810000000000000053291","0.9230000000000000426","1.09099999999999997","GTEx--Coexpression","TMC8,TMC6,PSMB9,TNFRSF9,PTPN7,PIK3AP1,RINL,SYK,ADGRG5,SYTL3,NCKAP1L,DENND1C,DENND2D,PLCB2,AOAH,RPS6KA1,RUBCNL,PTGER4,CXCR4,KLRC4,DOCK8,CMTM7"
"DEG_MD_HCT116","663","0.412600000000000022","ZFP82","ZFP82","22","300","0.3810000000000000053291","0.9230000000000000426","1.09099999999999997","GTEx--Coexpression","MOSMO,RNF215,VAMP8,ZNF221,ZNF461,ZNF214,ZBTB12,CNTNAP1,RCOR2,ZNF585B,ZNF585A,NAV3,ZNF804A,MSANTD4,GPR176,ZNF391,CDH1,GLMN,MAP3K12,TRPC1,CYP2U1,ANP32E"
"DEG_MD_HCT116","664","0.413200000000000012","BBX","BBX","21","298","0.4567999999999999838352","1.0000000000000000000","1.04499999999999993","GTEx--Coexpression","EID3,NUP210L,TEX14,ADAM32,AKR1E2,HERC5,SPA17,KCTD19,HORMAD2,SERPINA5,ZCWPW1,HMGN5,TTC23L,SYCP3,STAG3,LRRCC1,AKAP3,DNAJC5G,DMRT1,FAM186B,LEKR1"
"DEG_MD_HCT116","665","0.413800000000000001","ZNF780B","ZNF780B","21","298","0.4567999999999999838352","1.0000000000000000000","1.04499999999999993","GTEx--Coexpression","P4HTM,TMEM120B,CCNL2,PPP1R3E,HSF4,ZNF585B,ZNF585A,ZNF91,MZF1,GGT7,PAN2,CDK5RAP3,CUL7,AMT,CDRT4,P3H3,TMED4,HNRNPH3,ZMAT1,RNF207,PCED1A"
"DEG_MD_HCT116","666","0.414399999999999991","OLIG2","OLIG2","21","298","0.4567999999999999838352","1.0000000000000000000","1.04499999999999993","GTEx--Coexpression","ABCA2,GPR37,CRB2,FRMD5,PLEKHB1,ADGRB1,SEC14L5,TMEM151A,GRIK4,SH3GL3,PALM,AIFM3,CLDND1,CSPG5,C1QL1,WASF3,SOX8,DNER,APLP1,COLGALT2,LGI3"
"DEG_MD_HCT116","667","0.415100000000000025","SOX6","SOX6","21","298","0.4567999999999999838352","1.0000000000000000000","1.04499999999999993","GTEx--Coexpression","CACNA2D1,CFAP61,MYPN,RORC,PRKAA2,PRKN,TCEA3,KLHL30,NPHP1,FMC1,EYA4,ENO3,MACROD1,OBSCN,TTN,ABLIM2,KCNJ11,MSS51,SIX1,SIX4,TRPT1"
"DEG_MD_HCT116","668","0.415700000000000014","ZEB2","ZEB2","21","298","0.4567999999999999838352","1.0000000000000000000","1.04499999999999993","GTEx--Coexpression","ABCA2,GPR37,TTLL7,FRMD5,IL1RAPL1,SLC5A11,PLEKHB1,SEC14L5,TMEM151A,SH3GL3,SH3TC2,GLDN,CDK18,PLLP,CLDND1,VASH1,GAL3ST1,SOX8,LRRCC1,APLP1,COLGALT2"
"DEG_MD_HCT116","669","0.416300000000000003","LHX9","LHX9","21","298","0.4567999999999999838352","1.0000000000000000000","1.04499999999999993","GTEx--Coexpression","GATA6,PBX3,NR2F2,CHST7,HNRNPA1,ID2,SCML1,MAMLD1,SIMC1,SLC4A3,DAPK1,CPED1,NFATC4,GLI2,TIMP2,MOB3B,TRPC1,COL18A1,GALNT10,NR4A1,BAMBI"
"DEG_MD_HCT116","670","0.416899999999999993","LIN28B","LIN28B","21","299","0.4628999999999999781508","1.0000000000000000000","1.04099999999999993","GTEx--Coexpression","EID3,NUP210L,TEX14,ADAM32,SPA17,KCTD19,SPATA17,PCSK4,RIBC2,HORMAD2,ZMYND10,ZCWPW1,OSCP1,TTC23L,SYCP3,CCT6B,STAG3,AKAP3,DNAJC5G,DMRT1,FAM186B"
"DEG_MD_HCT116","671","0.417499999999999982","ETS1","ETS1","21","299","0.4628999999999999781508","1.0000000000000000000","1.04099999999999993","GTEx--Coexpression","TMC8,TMC6,DUSP6,PPARG,HLA-DMB,HLA-DOA,HLA-DRA,BANK1,RFTN1,TNFAIP3,MAML2,ADPRH,TIMP3,FGD2,APOL3,KLF7,IL15RA,BTN3A3,MDFIC,DOCK11,DOCK8"
"DEG_MD_HCT116","672","0.418200000000000016","YBX3","YBX3","21","299","0.4628999999999999781508","1.0000000000000000000","1.04099999999999993","GTEx--Coexpression","PSMD2,CFAP61,MYPN,PSMC1,PSMC2,PRKAA2,TBX1,KLHL30,TMEM201,EYA4,ENO3,MACROD1,OBSCN,TTN,ABLIM2,KCNJ11,SIX1,SIX4,RASA4B,PDE4D,TRPT1"
"DEG_MD_HCT116","673","0.418800000000000006","AEBP2","AEBP2","21","299","0.4628999999999999781508","1.0000000000000000000","1.04099999999999993","GTEx--Coexpression","PDGFC,SNX33,PIAS3,FBLIM1,HTR1B,PARD3B,CRIP1,CRIM1,TENT5B,MAML2,PXDC1,CPED1,MCAM,TIMP2,PRKG1,KLF8,COL18A1,MPP7,LTBP1,ZFP36L1,CHSY3"
"DEG_MD_HCT116","674","0.419399999999999995","GTF2IRD2","GTF2IRD2","21","299","0.4628999999999999781508","1.0000000000000000000","1.04099999999999993","GTEx--Coexpression","EXD3,GTF2IRD2B,GSTM2,PBX1,SYNPO2,FHL1,ZNF865,CCDC9B,AASS,NFATC4,MITF,CALCOCO1,AMT,AP3M2,ZNF747,ARL6IP1,TNS2,EBF4,PARP16,SPEG,MAN2C1"
"DEG_MD_HCT116","675","0.419999999999999984","TBXT","TBXT","21","299","0.4628999999999999781508","1.0000000000000000000","1.04099999999999993","GTEx--Coexpression","RUFY4,GPR15,IL12RB2,PSMB9,HLA-DOA,HLA-DRA,IKZF2,CD22,PCNA,RFTN1,RPA3,MYBL2,AGPAT5,DEPDC1B,ADPRH,VASH2,IL21R,PCLAF,ESCO2,SMIM3,EBI3"
"DEG_MD_HCT116","676","0.420700000000000018","EMX2","EMX2","21","299","0.4628999999999999781508","1.0000000000000000000","1.04099999999999993","GTEx--Coexpression","PBX1,MMP17,CRB2,OLFM2,ADGRB1,CTXN1,RAMP1,PALM,KLHL13,MRO,NAT8L,AIFM3,RSPO1,CACNB3,CSPG5,WASF3,KCNIP3,RYR3,CA11,ACBD7,MEIS3"
"DEG_MD_HCT116","677","0.421300000000000008","TBX15","TBX15","21","299","0.4628999999999999781508","1.0000000000000000000","1.04099999999999993","GTEx--Coexpression","CACNA2D1,CFAP61,MYPN,PSMC1,PSMC2,TBX1,PPP1R1A,KLHL30,TMEM201,EYA4,ENO3,MACROD1,OBSCN,TTN,ABLIM2,KCNJ11,SIX1,SIX4,RASA4B,PDE4D,NRIP1"
"DEG_MD_HCT116","678","0.421899999999999997","MYF5","MYF5","21","299","0.4628999999999999781508","1.0000000000000000000","1.04099999999999993","GTEx--Coexpression","CACNA2D1,CFAP61,LRRC39,MYPN,PSMC1,PRKAA2,TBX1,TCEA3,KLHL30,EYA4,ENO3,MACROD1,OBSCN,TTN,ABLIM2,KCNJ11,MSS51,SIX1,SIX4,RASA4B,TRPT1"
"DEG_MD_HCT116","679","0.422499999999999987","ATF7","ATF7","21","299","0.4628999999999999781508","1.0000000000000000000","1.04099999999999993","GTEx--Coexpression","HSPG2,TMA7,NR2F2,PLSCR4,SNX33,PIAS3,PARD3B,LAMA5,MAML2,MCAM,TIMP2,AOC3,CYBRD1,NF2,CALCOCO1,SH3D19,KLF8,PTPRN2,ZFP36L1,RBMS3,SSBP2"
"DEG_MD_HCT116","680","0.423099999999999976","LBX1","LBX1","21","299","0.4628999999999999781508","1.0000000000000000000","1.04099999999999993","GTEx--Coexpression","CACNA2D1,CFAP61,MYPN,PSMC1,TBX1,SCN1B,TCEA3,KLHL30,TMEM201,EYA4,ENO3,MACROD1,OBSCN,TTN,ABLIM2,KCNJ11,MSS51,SIX1,SIX4,RASA4B,TRPT1"
"DEG_MD_HCT116","681","0.423800000000000010","FAM200B","FAM200B","21","299","0.4628999999999999781508","1.0000000000000000000","1.04099999999999993","GTEx--Coexpression","PRKACB,CSMD3,FRMD5,CORO2B,PLEKHB1,GRIK4,FKBP1B,TMOD2,GNAZ,CNTN1,STMN3,BRSK1,WASF3,ARL6IP1,MAP6,SLC22A17,CA11,APLP1,DLG4,HAGHL,GDAP1"
"DEG_MD_HCT116","682","0.424399999999999999","ZNF354C","ZNF354C","21","299","0.4628999999999999781508","1.0000000000000000000","1.04099999999999993","GTEx--Coexpression","HSPG2,ZNF268,ZNF221,ZNF461,ZNF214,EFEMP2,PARD3B,ADGRA2,ARSJ,ZNF585A,ZNF84,KIRREL1,LAMA4,ZEB1,IRS1,TRPC1,CYP2U1,AXL,SYDE1,COL6A2,COL6A1"
"DEG_MD_HCT116","683","0.424999999999999989","MYOD1","MYOD1","21","299","0.4628999999999999781508","1.0000000000000000000","1.04099999999999993","GTEx--Coexpression","CACNA2D1,CFAP61,MYPN,PSMC1,TBX1,TCEA3,KLHL30,TMEM201,EYA4,ENO3,MACROD1,OBSCN,TTN,ABLIM2,KCNJ11,MSS51,SIX1,SIX4,RASA4B,PDE4D,TRPT1"
"DEG_MD_HCT116","684","0.425599999999999978","BATF2","BATF2","21","299","0.4628999999999999781508","1.0000000000000000000","1.04099999999999993","GTEx--Coexpression","PTAFR,ZNF467,PSMB9,DYSF,ITGAX,SECTM1,CD33,SYK,IRF1,POLD4,PLCB2,AOAH,FGD2,RPS6KA1,VASP,NMI,PARP10,BTN3A3,TYMP,ATG16L2,CASP4"
"DEG_MD_HCT116","685","0.426300000000000012","SOX14","SOX14","21","299","0.4628999999999999781508","1.0000000000000000000","1.04099999999999993","GTEx--Coexpression","PRKACB,B4GAT1,KCNC4,GLRA1,CSMD3,SYT13,SLC45A3,SLC10A4,PNMA2,GRM7,SYNGR3,VGF,GNG4,FNDC10,TUBB2A,LHX5,SLC22A17,DNER,SCG2,TMEM59L,SNCG"
"DEG_MD_HCT116","686","0.426900000000000002","PEG3","PEG3","21","299","0.4628999999999999781508","1.0000000000000000000","1.04099999999999993","GTEx--Coexpression","PRKACB,B4GAT1,CSMD3,GRIK4,ANO4,PNMA2,GRM7,SYNGR3,GNG4,SIMC1,STMN3,FNDC10,ARL6IP1,MAP6,PTPRN2,SLC22A17,DNER,SUSD4,SCG2,TMEM59L,GDAP1"
"DEG_MD_HCT116","687","0.427499999999999991","DPF3","DPF3","21","299","0.4628999999999999781508","1.0000000000000000000","1.04099999999999993","GTEx--Coexpression","CFAP61,LRRC39,MYPN,PRKAA2,NDUFB3,SLC25A34,SCN1B,ANK1,PRKN,PLA2G4C,TMEM201,EYA4,ENO3,TNNC1,MACROD1,OBSCN,TTN,KCNJ11,UQCR10,TRPT1,CDH15"
"DEG_MD_HCT116","688","0.428099999999999981","IKZF3","IKZF3","21","299","0.4628999999999999781508","1.0000000000000000000","1.04099999999999993","GTEx--Coexpression","RUFY4,GPR15,PSMB9,HLA-DOA,HLA-DRA,PTPN7,PIK3AP1,IKZF2,RINL,TMPO,PCNA,ADGRG5,MYBL2,DEPDC1B,NCKAP1L,VASH2,MCM5,IL21R,ESCO2,EBI3,FANCD2"
"DEG_MD_HCT116","689","0.428700000000000025","TSHZ1","TSHZ1","21","300","0.4691000000000000169642","1.0000000000000000000","1.03699999999999992","GTEx--Coexpression","PBX3,L1CAM,PBX1,DCHS1,FOXP2,TMEM25,ZNF615,NRP2,PCDHB14,PER3,GNAZ,POLD4,MAN1C1,GLI2,RALGAPA1,CACNB3,MAP3K12,TRPC1,PSENEN,DIAPH1,SSBP2"
"DEG_MD_HCT116","690","0.429400000000000004","ZNF714","ZNF714","21","300","0.4691000000000000169642","1.0000000000000000000","1.03699999999999992","GTEx--Coexpression","ZNF221,TARBP1,CENPE,CENPF,ZNF675,ZNF426,ARHGAP11A,CRYBG1,HNRNPA1,IKZF2,TMPO,PCNA,SPC25,CCNB1,ADGRF3,GLMN,MACC1,PCLAF,ESCO2,AMMECR1,SGPP2"
"DEG_MD_HCT116","691","0.429999999999999993","CPEB1","CPEB1","21","300","0.4691000000000000169642","1.0000000000000000000","1.03699999999999992","GTEx--Coexpression","ABCA2,GPR37,FAM222A,CNTNAP2,CCDC92,SEC14L5,TMEM151A,OTUD7A,SH3GL3,SCNN1D,GNAZ,SH3TC2,BRF1,ILDR2,AP3M2,MAP6,SLC22A17,ZDHHC14,ARHGAP39,APLP1,GDAP1"
"DEG_MD_HCT116","692","0.430599999999999983","HSFX1","HSFX1","21","300","0.4691000000000000169642","1.0000000000000000000","1.03699999999999992","GTEx--Coexpression","CACNA2D1,ECSIT,JPH2,PRKAA2,NDUFB3,NDUFB2,SLC25A34,ANK1,PRKN,FHOD3,OXCT1,PDLIM5,TNNC1,CTNND1,LARGE1,RCAN2,SMARCD3,PLCL2,UQCR10,ATP5ME,CAMK2D"
"DEG_MD_HCT116","693","0.431200000000000028","ZNF304","ZNF304","21","300","0.4691000000000000169642","1.0000000000000000000","1.03699999999999992","GTEx--Coexpression","GRIN2C,ZNF221,ZNF461,MTCL1,HERC3,GRIK2,ZNF585A,PPFIA4,ADAM11,PATJ,ENO2,PLCB4,FGF9,ZNF550,GLMN,PLEKHG5,SRRM3,PSENEN,MCF2L,CDH15,CAMK2D"
"DEG_MD_HCT116","694","0.431900000000000006","ZNF804B","ZNF804B","21","300","0.4691000000000000169642","1.0000000000000000000","1.03699999999999992","GTEx--Coexpression","LIPG,KCNC3,BMP8A,FSCN2,ZBED2,RHPN1,PAN2,FGFRL1,WDR72,BCAM,PRDX1,AFAP1L2,SALL4,SLC26A4,SEMA3D,FRAS1,PLPP3,LCN12,TMED4,ZMAT1,PCED1A"
"DEG_MD_HCT116","695","0.432499999999999996","CENPS","CENPS","21","300","0.4691000000000000169642","1.0000000000000000000","1.03699999999999992","GTEx--Coexpression","EID3,NUP210L,ADAM32,CDKN3,SPA17,KCTD19,SPATA17,PCSK4,RIBC2,HORMAD2,ZMYND10,FANK1,MORN2,OSCP1,TTC23L,CCDC38,CCDC34,CCT6B,DNAJC5G,FAM186B,LEKR1"
"DEG_MD_HCT116","696","0.433099999999999985","JDP2","JDP2","21","300","0.4691000000000000169642","1.0000000000000000000","1.03699999999999992","GTEx--Coexpression","VSIR,S100A4,PPM1F,BST1,SECTM1,CD33,GAB3,IL18R1,KIRREL1,MILR1,CHST14,CSF1,ADAMTS2,KLF7,FADD,VASP,RENBP,DOCK11,SDCBP,CASP4,CMTM7"
"DEG_MD_HCT116","697","0.433699999999999974","HNF1A","HNF1A","21","300","0.4691000000000000169642","1.0000000000000000000","1.03699999999999992","GTEx--Coexpression","CYP2D7,ATF5,C5,SULT1A2,CYP4F3,RIDA,PCK2,HNF4A,MAT1A,CHDH,SARDH,PAH,GPT,GRB14,SLC26A1,AMBP,ORM2,LBX2,EFNA2,EHHADH,DDT"
"DEG_MD_HCT116","698","0.434300000000000019","ZNF92","ZNF92","21","300","0.4691000000000000169642","1.0000000000000000000","1.03699999999999992","GTEx--Coexpression","GPR15,CENPE,ZNF675,ACTR2,IKZF2,TMPO,PCNA,RPA3,SPC25,CPOX,MYBL2,ADGRF3,AGPAT5,DEPDC1B,GLMN,IL21R,MACC1,PCLAF,ESCO2,EBI3,ANP32E"
"DEG_MD_HCT116","699","0.434999999999999998","EPAS1","EPAS1","21","300","0.4691000000000000169642","1.0000000000000000000","1.03699999999999992","GTEx--Coexpression","PDGFB,KIAA0040,ABCA3,NOSTRIN,ITGA3,BMP2,SLIT2,TIMP3,TMSB15A,ENG,APOL3,AOC3,KLF7,FOLR1,TNS2,IL15RA,HEG1,TFEC,EFNB2,DOCK4,RBMS3"
"DEG_MD_HCT116","700","0.435599999999999987","RFX4","RFX4","21","300","0.4691000000000000169642","1.0000000000000000000","1.03699999999999992","GTEx--Coexpression","EID3,NUP210L,TEX14,ADAM32,SPA17,KCTD19,SPATA17,PCSK4,RIBC2,HORMAD2,ZMYND10,FANK1,MORN2,OSCP1,CCDC34,SYCP3,CCT6B,MEIG1,NME5,DNAJC5G,FAM186B"
"DEG_MD_HCT116","701","0.436199999999999977","ZHX2","ZHX2","21","300","0.4691000000000000169642","1.0000000000000000000","1.03699999999999992","GTEx--Coexpression","GTF2IRD2B,MYPN,PRKAA2,ZNF865,KLHL30,PLA2G4C,PDLIM5,EYA4,ENO3,ADCY9,TNNC1,MACROD1,MITF,OBSCN,TTN,KCNJ11,MLIP,SIX4,RASA4B,PDE4D,TRPT1"
"DEG_MD_HCT116","702","0.436800000000000022","NR1H4","NR1H4","21","300","0.4691000000000000169642","1.0000000000000000000","1.03699999999999992","GTEx--Coexpression","CYP2D7,ATF5,C5,SULT1A2,CYP4F3,OAF,RIDA,PCK2,HNF4A,MAT1A,SARDH,CFB,PAH,GRB14,SLC26A1,AMBP,FGL1,CYP27A1,ORM2,LBX2,EHHADH"
"DEG_MD_HCT116","703","0.437500000000000000","STAT1","STAT1","21","300","0.4691000000000000169642","1.0000000000000000000","1.03699999999999992","GTEx--Coexpression","RUFY4,GPR15,DLGAP5,PSMB9,CENPE,ARHGAP11A,ACTR2,IKZF2,TMPO,PCNA,RPA3,SPC25,MYBL2,NUP37,DEPDC1B,MCM5,IL21R,PCLAF,ESCO2,EBI3,OAS1"
"DEG_MD_HCT116","704","0.438099999999999989","MIXL1","MIXL1","21","300","0.4691000000000000169642","1.0000000000000000000","1.03699999999999992","GTEx--Coexpression","RUFY4,GPR15,PSMB9,HLA-DOA,HLA-DRA,TMPO,CD22,PCNA,RPA3,SPC25,ADGRG5,MYBL2,ADGRF3,DEPDC1B,VASH2,MCM5,IL21R,PCLAF,ESCO2,EBI3,ANP32E"
"DEG_MD_HCT116","705","0.438699999999999979","MYOG","MYOG","21","300","0.4691000000000000169642","1.0000000000000000000","1.03699999999999992","GTEx--Coexpression","CACNA2D1,CFAP61,LRRC39,MYPN,PSMC1,TBX1,TCEA3,KLHL30,PLA2G4C,EYA4,ENO3,MACROD1,OBSCN,TTN,ABLIM2,KCNJ11,MSS51,SIX1,SIX4,RASA4B,TRPT1"
"DEG_MD_HCT116","706","0.439300000000000024","SP5","SP5","21","300","0.4691000000000000169642","1.0000000000000000000","1.03699999999999992","GTEx--Coexpression","IL20RA,IL20RB,RDH12,MMP14,TRIM29,ATP6V1C2,DEGS2,EPN3,LAMA3,ABCA12,NR1D1,SERPINB5,AHNAK2,KLF8,NECTIN4,TRAF3IP2,TNS4,KRT23,GRHL2,PSAPL1,POU2F3"
"DEG_MD_HCT116","707","0.440000000000000002","AKNA","AKNA","21","300","0.4691000000000000169642","1.0000000000000000000","1.03699999999999992","GTEx--Coexpression","TMC8,TMC6,ITGAX,PTPN7,RINL,CD33,SYK,ADGRG5,SYTL3,NCKAP1L,DENND1C,DENND2D,PLCB2,AOAH,FGD2,RUBCNL,CXCR4,KLRC4,ATG16L2,DOCK8,CMTM7"
"DEG_MD_HCT116","708","0.440599999999999992","ZNF93","ZNF93","21","300","0.4691000000000000169642","1.0000000000000000000","1.03699999999999992","GTEx--Coexpression","DLGAP5,PSMB9,CENPE,BCL2L12,ARHGAP11A,ACTR2,RINL,TMPO,ZNF701,PCNA,RPA3,SPC25,MYBL2,NUP37,DEPDC1B,MCM5,IL21R,PCLAF,ESCO2,FADD,NMI"
"DEG_MD_HCT116","709","0.441199999999999981","ZSCAN18","ZSCAN18","21","300","0.4691000000000000169642","1.0000000000000000000","1.03699999999999992","GTEx--Coexpression","B4GAT1,P4HTM,BCL2L12,TMEM25,CCDC92,SLC45A1,CETN2,SGSM2,GNAZ,STMN3,BACH1,ELOA,BRSK1,TRPC1,SMARCD3,MAP6,SLC22A17,TUBG2,TMEM59L,DOCK3,GDAP1"
"DEG_MD_HCT116","710","0.441800000000000026","FOXI1","FOXI1","21","300","0.4691000000000000169642","1.0000000000000000000","1.03699999999999992","GTEx--Coexpression","CLCNKB,VAMP8,KCP,PAQR5,KCNN4,ATP6V1C2,MSRA,OGDHL,FBN3,MELTF,MMP7,CHDH,CRYZ,WDR72,BCAM,TRIM6,IRX3,FOLR1,IL17RB,CA12,TMEM139"
"DEG_MD_HCT116","711","0.442400000000000015","ASCL4","ASCL4","21","300","0.4691000000000000169642","1.0000000000000000000","1.03699999999999992","GTEx--Coexpression","IL20RA,RDH12,PPFIBP2,HOXC13,HEPHL1,S100A3,CPA4,TRIM29,ATP6V1C2,CTSV,MSX2,DEGS2,FRMPD1,ABCA12,SERPINB5,NECTIN4,KRT23,KRT34,KRT32,PSAPL1,POU2F3"
"DEG_MD_HCT116","712","0.443099999999999994","NR4A3","NR4A3","21","300","0.4691000000000000169642","1.0000000000000000000","1.03699999999999992","GTEx--Coexpression","CACNA2D1,LRRC39,MYPN,PTGS2,SOCS3,FHL1,PRKAA2,ZHX2,PRKN,PDLIM5,CPED1,PAM,TNNC1,HBEGF,ANKRD37,PRKG1,LIF,ANKRD1,NR4A1,PDE4D,HES4"
"DEG_MD_HCT116","713","0.443699999999999983","PAX3","PAX3","21","300","0.4691000000000000169642","1.0000000000000000000","1.03699999999999992","GTEx--Coexpression","HOXC11,MYPN,PSMC1,PSMC2,TBX1,EIF3C,SCN1B,ANK1,KLHL30,EYA4,ENO3,PRDM10,NFIX,OBSCN,TTN,KCNJ11,TBCE,SIX1,SIX4,RASA4B,CDH15"
"DEG_MD_HCT116","714","0.444299999999999973","RORC","RORC","21","300","0.4691000000000000169642","1.0000000000000000000","1.03699999999999992","GTEx--Coexpression","CFAP61,MYPN,ZBTB42,TBX1,TCEA3,KLHL30,TMEM201,EYA4,ENO3,KIAA1217,NOTUM,MACROD1,OBSCN,TTN,ABLIM2,KCNJ11,DIAPH1,TBCE,SIX1,SIX4,TRPT1"
"DEG_MD_HCT116","715","0.444900000000000018","PITX2","PITX2","21","300","0.4691000000000000169642","1.0000000000000000000","1.03699999999999992","GTEx--Coexpression","PSMD1,CACNA2D1,CFAP61,MYPN,PSMC1,TBX1,TCEA3,KLHL30,TMEM201,EYA4,ENO3,MACROD1,OBSCN,TTN,ABLIM2,KCNJ11,MSS51,SIX1,SIX4,RASA4B,TRPT1"
"DEG_MD_HCT116","716","0.445599999999999996","TCF15","TCF15","20","297","0.5419000000000000483169","1.0000000000000000000","0.99509999999999998","GTEx--Coexpression","PDGFB,LRRC39,ECSIT,FHL2,PRKAA2,NDUFB3,NDUFB2,FHOD3,GRIP2,FMC1,PDLIM5,TNNC1,MACROD1,NES,ABLIM3,TLL2,UQCR10,ATP5MG,ATP5MF,ATP5ME"
"DEG_MD_HCT116","717","0.446199999999999986","ZBTB43","ZBTB43","20","297","0.5419000000000000483169","1.0000000000000000000","0.99509999999999998","GTEx--Coexpression","PSMD2,CFAP61,MYPN,PSMC1,PSMC2,RORC,TBX1,KLHL30,TMEM201,EYA4,ENO3,DENND2C,MACROD1,OBSCN,CLIP4,TTN,ABLIM2,KCNJ11,DIAPH1,SIX4"
"DEG_MD_HCT116","718","0.446799999999999975","SOX11","SOX11","20","297","0.5419000000000000483169","1.0000000000000000000","0.99509999999999998","GTEx--Coexpression","PRKACB,B4GAT1,MMP17,CSMD3,NDUFB8,PLEKHB1,ADGRB1,CTXN1,GRIK4,PNMA2,PALM,GRM7,STMN3,CSPG5,MAP6,PTPRN2,ITM2C,SLC22A17,DNER,APLP1"
"DEG_MD_HCT116","719","0.447400000000000020","SOX8","SOX8","20","297","0.5419000000000000483169","1.0000000000000000000","0.99509999999999998","GTEx--Coexpression","ABCA2,GPR37,CRB2,FRMD5,CORO2B,IL1RAPL1,PLEKHB1,SEC14L5,TMEM151A,SH3GL3,TMOD2,SH3TC2,PLLP,CLDND1,CSPG5,GAL3ST1,C1QL1,APLP1,COLGALT2,LGI3"
"DEG_MD_HCT116","720","0.448000000000000009","STAT2","STAT2","20","298","0.5480000000000000426326","1.0000000000000000000","0.99150000000000005","GTEx--Coexpression","IDUA,PSMB6,ZDHHC8,DHX58,CCNL2,PRKN,PAN2,TRA2A,MYO15B,CDK5RAP3,NHLRC3,CUL7,ZNF783,CDK3,PARP10,BTN3A3,ZMAT1,HSPB8,MAN2C1,PCED1A"
"DEG_MD_HCT116","721","0.448699999999999988","MXI1","MXI1","20","298","0.5480000000000000426326","1.0000000000000000000","0.99150000000000005","GTEx--Coexpression","DPYSL3,TTLL7,FOXP1,EIF5A,ZNF615,KCNQ4,SLC45A1,TSPAN2,SYNM,NXPH3,TGFB1I1,ADCY5,CACNB2,TRPC1,ANTXR2,COL4A6,COL4A5,SPEG,PALLD,SSBP2"
"DEG_MD_HCT116","722","0.449299999999999977","PITX3","PITX3","20","298","0.5480000000000000426326","1.0000000000000000000","0.99150000000000005","GTEx--Coexpression","CACNA2D1,CFAP61,LRRC39,MYPN,TBX1,TCEA3,KLHL30,TMEM201,EYA4,ENO3,MACROD1,OBSCN,TTN,ABLIM2,KCNJ11,MSS51,SIX1,SIX4,RASA4B,TRPT1"
"DEG_MD_HCT116","723","0.449900000000000022","MTERF2","MTERF2","20","298","0.5480000000000000426326","1.0000000000000000000","0.99150000000000005","GTEx--Coexpression","EXD3,GTF2IRD2B,SHC2,TMEM120B,ACTR2,CCNL2,CCDC9B,HSF4,ZNF585B,MZF1,GGT7,PAN2,AMT,EBF4,TMED4,ZMAT1,ENKD1,ACBD4,ALYREF,MAN2C1"
"DEG_MD_HCT116","724","0.450500000000000012","MAFF","MAFF","20","298","0.5480000000000000426326","1.0000000000000000000","0.99150000000000005","GTEx--Coexpression","SNX33,SAV1,SOCS3,DEPP1,BMP2,MAML2,PXDC1,HBEGF,APOLD1,TMEM229B,ANKRD37,NF2,THBD,CEBPD,IL15RA,SIAH1,NR4A1,KLF11,RBMS3,SPRY1"
"DEG_MD_HCT116","725","0.451199999999999990","ARX","ARX","20","298","0.5480000000000000426326","1.0000000000000000000","0.99150000000000005","GTEx--Coexpression","GATA6,GSTM2,CHST7,SLC27A1,ZBTB12,HSD17B14,HNRNPA1,CD22,SCML1,MAMLD1,GNG4,SIMC1,SLC4A3,DAPK1,GLI2,MOB3B,CACNB3,SUSD4,GALNT10,BAMBI"
"DEG_MD_HCT116","726","0.451799999999999979","FOXL2","FOXL2","20","298","0.5480000000000000426326","1.0000000000000000000","0.99150000000000005","GTEx--Coexpression","GATA6,GSTM2,PBX3,NR2F2,CHST7,ZNF214,FOXO6,ZBTB12,HNRNPA1,SIMC1,DAPK1,NFATC4,GLI2,RPL17,CCL26,CUL7,P3H3,GALNT10,NR4A1,BAMBI"
"DEG_MD_HCT116","727","0.452400000000000024","LHX8","LHX8","20","298","0.5480000000000000426326","1.0000000000000000000","0.99150000000000005","GTEx--Coexpression","HTR6,NGEF,KCNF1,SLPI,CTXN1,GRIK4,FKBP1B,CNMD,GNAL,CHRM4,SLC15A2,CSPG5,FBXL16,SOX9,AKAP5,CGREF1,CPLX1,ACBD7,LGI3,PDE10A"
"DEG_MD_HCT116","728","0.453000000000000014","FOXD1","FOXD1","20","298","0.5480000000000000426326","1.0000000000000000000","0.99150000000000005","GTEx--Coexpression","ALDH1L2,SPDL1,ARSJ,ITGBL1,FKBP10,KIRREL1,NAV3,LAMA4,SERPINE2,SERPINE1,GPR176,DKK1,FGF2,TWIST1,CITED2,PRIM2,PTCHD4,AXL,STEAP1,TRNP1"
"DEG_MD_HCT116","729","0.453600000000000003","ZNF789","ZNF789","20","298","0.5480000000000000426326","1.0000000000000000000","0.99150000000000005","GTEx--Coexpression","IDUA,TARBP1,HNRNPA3,CCNL2,PPP1R3E,NOL4L,HNRNPA2B1,SCNN1D,MZF1,PAN2,CDK5RAP3,WDR27,BRF1,PCYOX1L,CDK3,SPIRE2,AMT,SMARCD1,CDRT4,APBB3"
"DEG_MD_HCT116","730","0.454299999999999982","ZNF318","ZNF318","20","299","0.5541000000000000369482","1.0000000000000000000","0.98799999999999999","GTEx--Coexpression","GPR15,CKS2,NEK2,IKZF2,HERC5,TMPO,PCNA,MYBL2,AGPAT5,RTTN,DEPDC1B,NUF2,OIP5,VASH2,IL21R,ESCO2,EBI3,PTTG1,SGO2,FANCD2"
"DEG_MD_HCT116","731","0.454900000000000027","TBX1","TBX1","20","299","0.5541000000000000369482","1.0000000000000000000","0.98799999999999999","GTEx--Coexpression","PSMD2,CFAP61,MYPN,PSMC1,RORC,KLHL30,TMEM201,EYA4,ENO3,KIAA1217,ADCY9,MACROD1,OBSCN,TTN,ABLIM2,KCNJ11,SIX1,SIX4,RASA4B,TRPT1"
"DEG_MD_HCT116","732","0.455500000000000016","LTF","LTF","20","299","0.5541000000000000369482","1.0000000000000000000","0.98799999999999999","GTEx--Coexpression","LAG3,LCN2,ARL4C,PTPN7,SLPI,TRIM10,KCNN4,EOMES,ARMH1,MMP7,CHPT1,SYTL3,DENND1C,DENND2D,AOAH,RUBCNL,CXCR4,KLRC4,SLC2A3,CMTM7"
"DEG_MD_HCT116","733","0.456100000000000005","LHX3","LHX3","20","299","0.5541000000000000369482","1.0000000000000000000","0.98799999999999999","GTEx--Coexpression","SAMD11,P4HTM,KCNH2,FOXO6,RTBDN,COL9A2,SGSM2,CACNA1D,PLD3,RHPN1,SSTR5,MYO15A,CDK5RAP3,CUL7,CDRT4,P3H3,MAP6,SCG2,ASIC4,ZMAT1"
"DEG_MD_HCT116","734","0.456799999999999984","KLF2","KLF2","20","299","0.5541000000000000369482","1.0000000000000000000","0.98799999999999999","GTEx--Coexpression","ADAMTS10,NR2F2,PELI2,S100A4,KCTD12,GAB3,EEF1E1,CRIP1,MSANTD4,CHST12,APOL3,GSN,NF2,CEBPD,KLF7,CREBRF,PTGER4,SDCBP,NR4A1,RBMS3"
"DEG_MD_HCT116","735","0.457399999999999973","ZNF710","ZNF710","20","299","0.5541000000000000369482","1.0000000000000000000","0.98799999999999999","GTEx--Coexpression","VAMP8,SLC25A45,FSCN2,ONECUT1,KIAA1549,ZBTB42,RINL,KIRREL2,GALNT3,GRPR,CLPSL2,CRACR2B,LFNG,ANXA9,GATM,MINDY1,ZFPM1,PGGHG,AMY2B,TMEM125"
"DEG_MD_HCT116","736","0.458000000000000018","ZNF226","ZNF226","20","299","0.5541000000000000369482","1.0000000000000000000","0.98799999999999999","GTEx--Coexpression","EXD3,GSTM2,P4HTM,HNRNPA3,CCNL2,PPP1R3E,ZNF585B,MZF1,RHPN1,PAN2,CDK5RAP3,WDR27,CUL7,CDRT4,EBF4,TMED4,APBB3,ZMAT1,MAN2C1,PCED1A"
"DEG_MD_HCT116","737","0.458600000000000008","LMX1A","LMX1A","20","299","0.5541000000000000369482","1.0000000000000000000","0.98799999999999999","GTEx--Coexpression","SAMD11,P4HTM,KCNH2,FOXO6,RTBDN,SLC10A4,COL9A2,HSF4,MAMLD1,PLD3,MYO15A,BRF1,CUL7,CDRT4,P3H3,MAP6,IL17RC,SCG2,ASIC4,RGS16"
"DEG_MD_HCT116","738","0.459199999999999997","ZNF69","ZNF69","20","299","0.5541000000000000369482","1.0000000000000000000","0.98799999999999999","GTEx--Coexpression","GATA6,GPR39,SLC9A2,RASSF6,KCNQ1,HNF4A,AKR1C3,ARHGEF28,NAT1,CA2,RBM47,CRYZ,CRACR2B,TXNRD2,KRT8,KRT18,HFE,ANXA10,ABCC3,DDT"
"DEG_MD_HCT116","739","0.459899999999999975","ZFP57","ZFP57","20","299","0.5541000000000000369482","1.0000000000000000000","0.98799999999999999","GTEx--Coexpression","ABCA2,GPR37,FAM222A,FRMD5,IL1RAPL1,SLC5A11,PLEKHB1,SEC14L5,TMEM151A,SH3GL3,SH3TC2,CDK18,CLDND1,VASH1,GAL3ST1,SOX8,ZDHHC14,APLP1,COLGALT2,LGI3"
"DEG_MD_HCT116","740","0.460500000000000020","NEUROG1","NEUROG1","20","299","0.5541000000000000369482","1.0000000000000000000","0.98799999999999999","GTEx--Coexpression","SNF8,ECSIT,MYPN,MRPL51,PSMB6,NDUFB3,NDUFB2,FMC1,USE1,ENO3,TNNC1,MACROD1,OBSCN,UQCR10,MLIP,ATP5MF,ATP5ME,TRPT1,POMP,ROMO1"
"DEG_MD_HCT116","741","0.461100000000000010","ASCL2","ASCL2","20","299","0.5541000000000000369482","1.0000000000000000000","0.98799999999999999","GTEx--Coexpression","IL20RA,IL20RB,RDH12,TRIM29,CD44,INAVA,DEGS2,ABCA12,LFNG,SERPINB5,TMEM154,NECTIN4,RPS6KA1,KRT23,MPZL3,FAM83B,MPIG6B,PSAPL1,POU2F3,ATG16L2"
"DEG_MD_HCT116","742","0.461699999999999999","DLX6","DLX6","20","299","0.5541000000000000369482","1.0000000000000000000","0.98799999999999999","GTEx--Coexpression","HTR6,NGEF,CSMD3,KCNF1,ICAM5,ADGRB2,CTXN1,FKBP1B,CNMD,GNAL,PRKCG,CHRM4,LZTS1,FBXL16,PTPRN2,AKAP5,CGREF1,CPLX1,DLG4,PDE10A"
"DEG_MD_HCT116","743","0.462399999999999978","GTF2IRD2B","GTF2IRD2B","20","299","0.5541000000000000369482","1.0000000000000000000","0.98799999999999999","GTEx--Coexpression","EXD3,GSTM2,SYNPO2,FHL1,ZNF865,FSD1,CCDC9B,AASS,NFATC4,MITF,CALCOCO1,AMT,AP3M2,ZNF747,ARL6IP1,TNS2,EBF4,PARP16,IL17RC,SPEG"
"DEG_MD_HCT116","744","0.463000000000000023","NEUROD4","NEUROD4","20","299","0.5541000000000000369482","1.0000000000000000000","0.98799999999999999","GTEx--Coexpression","SAMD11,P4HTM,FOXO6,RTBDN,COL9A2,SGSM2,CACNA1D,PLD3,SYT7,SSTR5,MYO15A,CDK5RAP3,FICD,CUL7,CDRT4,P3H3,MAP6,SCG2,ASIC4,ZMAT1"
"DEG_MD_HCT116","745","0.463600000000000012","CXXC4","CXXC4","20","299","0.5541000000000000369482","1.0000000000000000000","0.98799999999999999","GTEx--Coexpression","PRKACB,B4GAT1,CSMD3,P4HTM,SYT13,PNMA2,GNAZ,GRM7,SYNGR3,GNG4,STMN3,BRSK1,AP3M2,MAP6,PTPRN2,SLC22A17,DNER,SCG2,TMEM59L,GDAP1"
"DEG_MD_HCT116","746","0.464200000000000002","ADNP2","ADNP2","20","299","0.5541000000000000369482","1.0000000000000000000","0.98799999999999999","GTEx--Coexpression","TRIM29,CSNK2B,XRCC6,CTSV,SCML1,USE1,PLA2G4C,ELL3,SERPINB5,SMARCD3,NECTIN4,TNS4,OVOL1,CD99L2,SIAH1,DCST2,PSORS1C1,FAM83B,POU2F3,KLF11"
"DEG_MD_HCT116","747","0.464799999999999991","SIX4","SIX4","20","299","0.5541000000000000369482","1.0000000000000000000","0.98799999999999999","GTEx--Coexpression","CACNA2D1,CFAP61,MYPN,PSMC1,TBX1,TCEA3,KLHL30,TMEM201,EYA4,ENO3,ADCY9,MACROD1,OBSCN,TTN,ABLIM2,KCNJ11,MSS51,SIX1,RASA4B,TRPT1"
"DEG_MD_HCT116","748","0.465500000000000025","FOXA2","FOXA2","20","299","0.5541000000000000369482","1.0000000000000000000","0.98799999999999999","GTEx--Coexpression","JTB,C5,GPR39,ONECUT1,ZBTB42,RASSF6,KIRREL2,MAT1A,CHDH,SARDH,CRACR2B,GATM,INSIG1,FGL1,ZFPM1,CLDN18,KRT18,ANXA10,TMEM125,DDT"
"DEG_MD_HCT116","749","0.466100000000000014","ZNF251","ZNF251","20","299","0.5541000000000000369482","1.0000000000000000000","0.98799999999999999","GTEx--Coexpression","EXD3,KCNC3,IDUA,TMEM120B,CCNL2,HSF4,ZNF585B,PER3,MZF1,PAN2,PLCB4,WDR27,DGKE,ZNF783,MAP3K12,TRPC1,AMT,ZMAT1,MCF2L,MAN2C1"
"DEG_MD_HCT116","750","0.466700000000000004","MAFA","MAFA","20","299","0.5541000000000000369482","1.0000000000000000000","0.98799999999999999","GTEx--Coexpression","CACNA2D1,CFAP61,MYPN,PSMC1,TBX1,TCEA3,KLHL30,TMEM201,EYA4,ENO3,MACROD1,OBSCN,TTN,ABLIM2,KCNJ11,MSS51,SIX1,SIX4,RASA4B,TRPT1"
"DEG_MD_HCT116","751","0.467299999999999993","IRF4","IRF4","20","300","0.5602000000000000312639","1.0000000000000000000","0.98440000000000005","GTEx--Coexpression","RUFY4,GPR15,HLA-DOA,HLA-DRA,IKZF2,TMPO,PCNA,RPA3,SPC25,ADGRG5,MYBL2,ADGRF3,DEPDC1B,VASH2,MCM5,IL21R,PCLAF,ESCO2,EBI3,FANCD2"
"DEG_MD_HCT116","752","0.468000000000000027","UBP1","UBP1","20","300","0.5602000000000000312639","1.0000000000000000000","0.98440000000000005","GTEx--Coexpression","HSPG2,LIMS2,FOXP1,ITGA1,KCNQ4,ARSJ,TSPAN2,USE1,NAV2,LAMA5,TES,BLOC1S1,TGFB1I1,SARM1,ANTXR2,AXL,SYDE1,LTBP1,HEPH,PALLD"
"DEG_MD_HCT116","753","0.468600000000000017","GPBP1","GPBP1","20","300","0.5602000000000000312639","1.0000000000000000000","0.98440000000000005","GTEx--Coexpression","TEX14,FAM222A,KCTD19,HNRNPA2B1,SH3GL3,CCDC154,SCNN1D,HORMAD2,PLCH1,ZCWPW1,MORN2,HMGN5,ILDR2,CCDC34,SYCP3,PTGDS,MEIG1,STAG3,NME5,DMRT1"
"DEG_MD_HCT116","754","0.469200000000000006","ZNF831","ZNF831","20","300","0.5602000000000000312639","1.0000000000000000000","0.98440000000000005","GTEx--Coexpression","TMC8,TMC6,ITGAX,PTPN7,RINL,SYK,EOMES,ADGRG5,TTC24,SYTL3,DENND1C,DENND2D,PLCB2,AOAH,FGD2,RUBCNL,CXCR4,KLRC4,ATG16L2,DOCK8"
"DEG_MD_HCT116","755","0.469799999999999995","ZNF681","ZNF681","20","300","0.5602000000000000312639","1.0000000000000000000","0.98440000000000005","GTEx--Coexpression","ZNF675,RASGRF1,IKZF2,TMPO,PCNA,SPC25,ADGRF3,ENO2,DEPDC1B,GPR137C,PCYOX1L,DISP2,CACNB4,GLMN,KCNAB3,PCLAF,SRRM3,ESCO2,ANP32E,SGPP2"
"DEG_MD_HCT116","756","0.470399999999999985","HLX","HLX","20","300","0.5602000000000000312639","1.0000000000000000000","0.98440000000000005","GTEx--Coexpression","SKAP2,VSIR,ZNF467,S100A4,DYSF,ITGAX,PPM1F,BST1,SECTM1,CD33,GAB3,IL18R1,MILR1,AOAH,VASP,NMI,TYMP,SDCBP,CASP4,CMTM7"
"DEG_MD_HCT116","757","0.471100000000000019","ONECUT2","ONECUT2","20","300","0.5602000000000000312639","1.0000000000000000000","0.98440000000000005","GTEx--Coexpression","HTR6,CYP2D7,ATF5,NGEF,C5,CYP4F3,RIDA,ONECUT1,MAT1A,CHDH,SARDH,PAH,GRB14,AMBP,CYP27A1,ORM2,LBX2,ACBD4,EHHADH,PDE10A"
"DEG_MD_HCT116","758","0.471700000000000008","TCF7","TCF7","20","300","0.5602000000000000312639","1.0000000000000000000","0.98440000000000005","GTEx--Coexpression","TMC8,TMC6,PSMB9,TNFRSF9,PTPN7,RINL,SYK,ADGRG5,TTC24,SYTL3,NCKAP1L,DENND1C,DENND2D,PLCB2,AOAH,IL21R,RUBCNL,CXCR4,DOCK8,PCED1B"
"DEG_MD_HCT116","759","0.472299999999999998","NFKB2","NFKB2","20","300","0.5602000000000000312639","1.0000000000000000000","0.98440000000000005","GTEx--Coexpression","RUFY4,TMC8,TMC6,PSMB9,HLA-DOA,LAG3,BCL2L12,TNFRSF9,HLA-DRA,PIK3AP1,ADGRG5,TNFAIP2,TNFAIP3,IRF1,NCKAP1L,DENND1C,DENND2D,IL21R,RUBCNL,EBI3"
"DEG_MD_HCT116","760","0.472899999999999987","ZNF652","ZNF652","20","300","0.5602000000000000312639","1.0000000000000000000","0.98440000000000005","GTEx--Coexpression","IL20RA,ITGB4,PRPS1,KCNN4,ATP6V1C2,GRIP1,ABCA12,GPR176,PARD3,PLLP,CLDND1,SNRPG,AHNAK2,TNS4,KRT23,DCST2,PSAPL1,POU2F3,CAMK2D,PIK3IP1"
"DEG_MD_HCT116","761","0.473600000000000021","IKZF1","IKZF1","20","300","0.5602000000000000312639","1.0000000000000000000","0.98440000000000005","GTEx--Coexpression","TMC8,TMC6,PSMB9,ITGAX,PTPN7,RINL,CD33,SYK,NCKAP1L,DENND1C,DENND2D,PLCB2,AOAH,FGD2,RPS6KA1,RUBCNL,VASP,ATG16L2,DOCK8,CMTM7"
"DEG_MD_HCT116","762","0.474200000000000010","ZNF560","ZNF560","20","300","0.5602000000000000312639","1.0000000000000000000","0.98440000000000005","GTEx--Coexpression","EID3,NUP210L,TEX14,ADAM32,CDKN3,SPA17,KCTD19,SPATA17,PCSK4,RIBC2,HORMAD2,ZCWPW1,LEMD1,SYCP3,CCT6B,STAG3,AKAP3,DNAJC5G,DMRT1,FAM186B"
"DEG_MD_HCT116","763","0.474800000000000000","ZNF708","ZNF708","20","300","0.5602000000000000312639","1.0000000000000000000","0.98440000000000005","GTEx--Coexpression","FAM221A,ABCA2,GPR37,FRMD5,CORO2B,IL1RAPL1,SLC5A11,PLEKHB1,SEC14L5,TMEM151A,SH3TC2,CDK18,CLDND1,MOB3B,GAL3ST1,SOX8,ZDHHC14,APLP1,COLGALT2,LGI3"
"DEG_MD_HCT116","764","0.475399999999999989","ZNF329","ZNF329","20","300","0.5602000000000000312639","1.0000000000000000000","0.98440000000000005","GTEx--Coexpression","DLGAP1,ATL1,ZNF461,TMEM25,CNTNAP1,PPM1H,SLC12A5,SLC45A1,SYNGR1,RCOR2,ZNF585B,SYT3,ENO2,ZNF391,GPR137C,CACNB4,MAP3K12,AP3M2,SPTBN4,DOCK3"
"DEG_MD_HCT116","765","0.475999999999999979","PAX5","PAX5","20","300","0.5602000000000000312639","1.0000000000000000000","0.98440000000000005","GTEx--Coexpression","RUFY4,GPR15,PSMB9,HLA-DOA,HLA-DRA,IKZF2,TMPO,CD22,PCNA,ADGRG5,MYBL2,ADGRF3,DEPDC1B,VASH2,MCM5,IL21R,PCLAF,ESCO2,EBI3,FANCD2"
"DEG_MD_HCT116","766","0.476700000000000013","POU2AF1","POU2AF1","20","300","0.5602000000000000312639","1.0000000000000000000","0.98440000000000005","GTEx--Coexpression","RUFY4,GPR15,PSMB9,HLA-DOA,HLA-DRA,IKZF2,TMPO,CD22,PCNA,ADGRG5,MYBL2,DEPDC1B,VASH2,MCM5,IL21R,PCLAF,ESCO2,EBI3,FANCD2,OAS1"
"DEG_MD_HCT116","767","0.477300000000000002","ZNF326","ZNF326","20","300","0.5602000000000000312639","1.0000000000000000000","0.98440000000000005","GTEx--Coexpression","FAM221A,ABCA2,GPR37,SLC5A11,PLEKHB1,SEC14L5,TMEM151A,SH3GL3,HMGB1,SH3TC2,CDK18,PLLP,CLDND1,RALGAPA1,MOB3B,GAL3ST1,SOX8,HNRNPH3,MAP4K5,APLP1"
"DEG_MD_HCT116","768","0.477899999999999991","TCF3","TCF3","20","300","0.5602000000000000312639","1.0000000000000000000","0.98440000000000005","GTEx--Coexpression","TEX14,TEX19,CKS2,NEK2,KPNA2,LRR1,HERC5,XRCC6,MYBL2,DEPDC1B,ZCWPW1,NUF2,PBK,MCM5,SYCP3,STAG3,DMRT1,PTTG1,SGO2,FANCD2"
"DEG_MD_HCT116","769","0.478499999999999981","STAT5A","STAT5A","20","300","0.5602000000000000312639","1.0000000000000000000","0.98440000000000005","GTEx--Coexpression","LIPE,KIAA0040,ABCA1,PRXL2A,FASN,PRRT4,PPARG,ADPRH,TIMP3,APOL3,AOC3,GSN,ABHD15,CPM,SCRN2,MDFIC,GABRE,DOCK11,SDCBP,ABCD1"
"DEG_MD_HCT116","770","0.479200000000000015","HOXC9","HOXC9","20","300","0.5602000000000000312639","1.0000000000000000000","0.98440000000000005","GTEx--Coexpression","PSMD1,FEZ2,HOXC11,MYPN,PSMC1,PSMC2,TBX1,EIF3C,PPP1R1A,KLHL30,EYA4,ENO3,HOXC4,MACROD1,OBSCN,TTN,KCNJ11,SIX1,SIX4,RASA4B"
"DEG_MD_HCT116","771","0.479800000000000004","PURB","PURB","20","300","0.5602000000000000312639","1.0000000000000000000","0.98440000000000005","GTEx--Coexpression","MOSMO,GRIN2C,L1CAM,ZNF221,ZNF461,MTCL1,GRIK2,PPFIA4,ADAM11,RASGEF1C,GALNT9,ENO2,GPR137C,PLCB4,DISP2,CACNB4,GLMN,MAP3K12,KCNAB3,SRRM3"
"DEG_MD_HCT116","772","0.480399999999999994","ZBED9","ZBED9","20","300","0.5602000000000000312639","1.0000000000000000000","0.98440000000000005","GTEx--Coexpression","EID3,NUP210L,TEX14,ADAM32,SPA17,KCTD19,SPATA17,PCSK4,RIBC2,HORMAD2,ZMYND10,ZCWPW1,CCDC38,SYCP3,CCT6B,STAG3,AKAP3,DNAJC5G,FAM186B,LEKR1"
"DEG_MD_HCT116","773","0.480999999999999983","ZNF865","ZNF865","20","300","0.5602000000000000312639","1.0000000000000000000","0.98440000000000005","GTEx--Coexpression","ECSIT,MYPN,PSMC1,PRKAA2,KLHL30,TIMM17B,TMEM201,EYA4,EEPD1,ENO3,TNNC1,MACROD1,OBSCN,TTN,ZNF747,KCNJ11,ALDOA,SIX4,RASA4B,TRPT1"
"DEG_MD_HCT116","774","0.481599999999999973","SATB1","SATB1","20","300","0.5602000000000000312639","1.0000000000000000000","0.98440000000000005","GTEx--Coexpression","CACNA2D1,EIF5A,PRKAA2,PRKN,TCEA3,NR3C2,RGS4,BCL7A,PLA2G4C,ADCY9,S100A10,BZW1,LARGE1,KCNJ11,CD99L2,RYR3,ALYREF,PDE4D,LRIG1,NEURL1"
"DEG_MD_HCT116","775","0.482300000000000006","KLF15","KLF15","19","296","0.6266000000000000458300","1.0000000000000000000","0.94530000000000003","GTEx--Coexpression","GTF2IRD2B,PPARA,ALDH1L1,ZNF675,FHL1,PARD3B,PIK3R1,AASS,ZHX2,STAMBPL1,LAMA2,ATOH8,ADCY9,IRS2,ZNF747,TNS2,CYP2U1,TMTC1,RBMS3"
"DEG_MD_HCT116","776","0.482899999999999996","ZNF76","ZNF76","19","297","0.6323999999999999621636","1.0000000000000000000","0.94189999999999996","GTEx--Coexpression","EXD3,CCNL2,HSF4,MZF1,RHPN1,PAN2,CDK5RAP3,WDR27,SALL4,CUL7,AMT,CDRT4,EBF4,LCN12,TMED4,APBB3,ZMAT1,MAN2C1,PCED1A"
"DEG_MD_HCT116","777","0.483499999999999985","SOX12","SOX12","19","297","0.6323999999999999621636","1.0000000000000000000","0.94189999999999996","GTEx--Coexpression","RNF215,GRIN2C,L1CAM,SLC27A1,TMEM25,PPP1R3E,SYNGR1,ZNF585B,SCNN1D,MZF1,RASGEF1C,ZNF391,DGKE,CACNB3,MAP3K12,SPTBN4,DIAPH1,GPSM1,DOCK3"
"DEG_MD_HCT116","778","0.484099999999999975","RBSN","RBSN","19","298","0.6381000000000000005329","1.0000000000000000000","0.93859999999999999","GTEx--Coexpression","PRKACB,ATL1,TTLL7,CORO2B,PLEKHB1,TMOD2,GNAZ,CNTN1,FAM131B,CSPG5,WASF3,GPM6A,CA11,ACBD7,LRP1B,COLGALT2,DOCK3,LGI3,GDAP1"
"DEG_MD_HCT116","779","0.484800000000000009","ZNF184","ZNF184","19","298","0.6381000000000000005329","1.0000000000000000000","0.93859999999999999","GTEx--Coexpression","DLGAP1,NEK2,OLFM1,ZNF675,VSNL1,CAMKK1,RGS4,SYT1,PHF24,CHN1,RAB3A,AK6,ANKRD24,GLMN,CCDC34,AP3M2,MGAT5B,LMO4,PDXP"
"DEG_MD_HCT116","780","0.485399999999999998","FOXP4","FOXP4","19","298","0.6381000000000000005329","1.0000000000000000000","0.93859999999999999","GTEx--Coexpression","JTB,FRK,SLC9A2,ZBTB42,RASSF6,KCNQ1,ARHGEF28,EPN1,EPN3,CDK5RAP3,BCAM,CRACR2B,BLOC1S2,AP1M2,ZFPM1,TMED4,CLDN18,KRT18,ANXA10"
"DEG_MD_HCT116","781","0.485999999999999988","ZNF280D","ZNF280D","19","298","0.6381000000000000005329","1.0000000000000000000","0.93859999999999999","GTEx--Coexpression","GTF2IRD2B,GSTM2,NR2F2,PBX1,PLSCR4,ZNF214,ZNF704,NRP2,HMGB1,NFATC4,NRBP2,RALGAPA1,TRPC1,TNS2,CYP2U1,HNRNPH3,ALYREF,RBMS3,SSBP2"
"DEG_MD_HCT116","782","0.486599999999999977","HSF2","HSF2","19","298","0.6381000000000000005329","1.0000000000000000000","0.93859999999999999","GTEx--Coexpression","PSMD2,CACNA2D1,CFAP61,MYPN,PSMC1,PRKAA2,PRKN,KLHL30,FMC1,TMEM201,EYA4,ENO3,TNNC1,MACROD1,OBSCN,TTN,KCNJ11,SIX4,RASA4B"
"DEG_MD_HCT116","783","0.487200000000000022","CUX2","CUX2","19","298","0.6381000000000000005329","1.0000000000000000000","0.93859999999999999","GTEx--Coexpression","CYP2D7,C5,DLGAP1,RIDA,OLFM1,SYT13,OGDHL,RGS4,MAT1A,SYT7,SARDH,PAH,PHF24,AMBP,ANKRD24,MGAT5B,ORM2,EHHADH,PDXP"
"DEG_MD_HCT116","784","0.487900000000000000","RBPJ","RBPJ","19","298","0.6381000000000000005329","1.0000000000000000000","0.93859999999999999","GTEx--Coexpression","MRPL51,PELI2,NDUFC2,NDUFB2,KCTD12,EPN1,MAML2,APOL3,NF2,SH3D19,KLF7,CREBRF,ANP32B,UQCR10,MAP4K5,DOCK11,ZFP36L1,SDCBP,ATP5MF"
"DEG_MD_HCT116","785","0.488499999999999990","ZNF10","ZNF10","19","298","0.6381000000000000005329","1.0000000000000000000","0.93859999999999999","GTEx--Coexpression","SAMD11,P4HTM,FOXO6,CCNL2,RTBDN,HSF4,ZNF585B,MZF1,PLD3,PAN2,MYO15A,CDK5RAP3,CUL7,CDRT4,P3H3,TMED4,ASIC4,ZMAT1,MAN2C1"
"DEG_MD_HCT116","786","0.489099999999999979","ZBED1","ZBED1","19","298","0.6381000000000000005329","1.0000000000000000000","0.93859999999999999","GTEx--Coexpression","CFAP61,MYPN,PSMB6,PSMC1,PSMC2,RORC,TCEA3,KLHL30,EYA4,ENO3,TNNC1,MACROD1,OBSCN,TTN,ABLIM2,KCNJ11,MLIP,SIX4,TRPT1"
"DEG_MD_HCT116","787","0.489700000000000024","ZNF331","ZNF331","19","298","0.6381000000000000005329","1.0000000000000000000","0.93859999999999999","GTEx--Coexpression","SAMD11,GATA6,FOXO6,SOCS3,ID2,SCML1,MAMLD1,CACNA1D,PLD3,MYO15A,CEBPD,CDRT4,CTH,P3H3,APBB3,ASIC4,NR4A1,RGS16,HES4"
"DEG_MD_HCT116","788","0.490400000000000003","ZNF853","ZNF853","19","298","0.6381000000000000005329","1.0000000000000000000","0.93859999999999999","GTEx--Coexpression","INSYN1,NDUFB8,PLEKHB1,CCDC92,ADGRB1,PALM,GNAZ,GCSH,AIFM3,BRSK1,CSPG5,NF2,SMARCD3,WASF3,CD99L2,RYR3,CASKIN1,LRP1B,COLGALT2"
"DEG_MD_HCT116","789","0.490999999999999992","ZNF154","ZNF154","19","298","0.6381000000000000005329","1.0000000000000000000","0.93859999999999999","GTEx--Coexpression","LIPG,KCNC3,KCNH2,CCDC9B,SYNM,ZNF585B,ZNF585A,MZF1,RHPN1,MAN1C1,MSANTD4,TMEM229B,DGKE,CACNB2,SLC26A4,EBF4,LCN12,COL4A6,DOCK3"
"DEG_MD_HCT116","790","0.491599999999999981","ZNF577","ZNF577","19","299","0.6438000000000000389022","1.0000000000000000000","0.93520000000000003","GTEx--Coexpression","GTF2IRD2B,GSTM2,ACTR2,HNRNPA3,CCNL2,PAN2,TRA2A,MYO15B,CDK5RAP3,NFATC4,WDR27,SALL4,ZNF783,AMT,EBF4,HNRNPH3,DCST2,APBB3,MAN2C1"
"DEG_MD_HCT116","791","0.492200000000000026","RAX2","RAX2","19","299","0.6438000000000000389022","1.0000000000000000000","0.93520000000000003","GTEx--Coexpression","SAMD11,P4HTM,KCNH2,FOXO6,RTBDN,COL9A2,SGSM2,CACNA1D,PLD3,SSTR5,MYO15A,CUL7,CDRT4,P3H3,MAP6,SLC22A17,SCG2,ASIC4,ZMAT1"
"DEG_MD_HCT116","792","0.492800000000000016","BAZ2B","BAZ2B","19","299","0.6438000000000000389022","1.0000000000000000000","0.93520000000000003","GTEx--Coexpression","SNF8,PSMA1,PSMB6,EIF5A,HNRNPA3,PPP1R3E,HNRNPA2B1,PAN2,TRA2A,LDHA,WDR27,RALGAPA1,POLR2L,CDRT4,HNRNPH3,APBB3,ZMAT1,POMP,ROMO1"
"DEG_MD_HCT116","793","0.493499999999999994","RXRA","RXRA","19","299","0.6438000000000000389022","1.0000000000000000000","0.93520000000000003","GTEx--Coexpression","IL20RB,RDH12,RORC,ZNF865,EEPD1,ABCA12,PARD3,ZNF391,ANXA9,DENND2C,SERPINB5,DHRS4,TMEM154,TRPC1,AHNAK2,MPZL3,PSAPL1,POU2F3,DIAPH1"
"DEG_MD_HCT116","794","0.494099999999999984","ZNF875","ZNF875","19","299","0.6438000000000000389022","1.0000000000000000000","0.93520000000000003","GTEx--Coexpression","EXD3,HNRNPA3,CCNL2,PPP1R3E,HSF4,HNRNPA2B1,CCDC154,MZF1,PAN2,CDK5RAP3,WDR27,BRF1,SALL4,AMT,CDRT4,APBB3,ZMAT1,MAN2C1,PCED1A"
"DEG_MD_HCT116","795","0.494699999999999973","USF3","USF3","19","299","0.6438000000000000389022","1.0000000000000000000","0.93520000000000003","GTEx--Coexpression","CACNA2D1,MYPN,PSMC1,RORC,TCEA3,KLHL30,EYA4,EEPD1,ENO3,ADCY9,MACROD1,OBSCN,TTN,KCNJ11,MSS51,SIX1,SIX4,RASA4B,NRIP1"
"DEG_MD_HCT116","796","0.495300000000000018","TBX22","TBX22","19","299","0.6438000000000000389022","1.0000000000000000000","0.93520000000000003","GTEx--Coexpression","EID3,NUP210L,TEX14,TEX19,AKR1E2,SPATA20,HERC5,KCTD19,PCSK4,HORMAD2,PRR22,FANK1,SERPINA5,ZCWPW1,HMGN5,SYCP3,STAG3,DNAJC5G,DMRT1"
"DEG_MD_HCT116","797","0.495999999999999996","ZNF514","ZNF514","19","299","0.6438000000000000389022","1.0000000000000000000","0.93520000000000003","GTEx--Coexpression","EXD3,GTF2IRD2B,GSTM2,NR2F2,HNRNPA3,CCNL2,HSF4,MZF1,PAN2,MYO15B,NFATC4,WDR27,ZNF783,AMT,EBF4,HNRNPH3,ZMAT1,MAN2C1,PCED1A"
"DEG_MD_HCT116","798","0.496599999999999986","SNAI1","SNAI1","19","299","0.6438000000000000389022","1.0000000000000000000","0.93520000000000003","GTEx--Coexpression","KIAA0040,DUSP6,PPARG,SOCS3,ID3,PLAU,TCN2,TIMP3,ENG,HBEGF,APOLD1,APOL3,AOC3,THBD,IL15RA,LIF,HEG1,DOCK11,RBMS3"
"DEG_MD_HCT116","799","0.497199999999999975","MYF6","MYF6","19","299","0.6438000000000000389022","1.0000000000000000000","0.93520000000000003","GTEx--Coexpression","PSMD1,CFAP61,MYPN,PSMC1,PSMC2,PRKAA2,TBX1,KLHL30,EYA4,ENO3,MACROD1,OBSCN,TTN,ABLIM2,KCNJ11,SIX1,SIX4,RASA4B,TRPT1"
"DEG_MD_HCT116","800","0.497800000000000020","ZNF576","ZNF576","19","299","0.6438000000000000389022","1.0000000000000000000","0.93520000000000003","GTEx--Coexpression","SDHAF1,TMEM25,CNTNAP1,PPM1H,SLC12A5,SCN1B,SLC45A1,RCOR2,GNAZ,SYT3,SBK1,FAM131B,MSANTD4,ENO2,METTL26,SPTBN4,CD99L2,PDXP,NEURL1"
"DEG_MD_HCT116","801","0.498400000000000010","ZNF529","ZNF529","19","299","0.6438000000000000389022","1.0000000000000000000","0.93520000000000003","GTEx--Coexpression","ZNF461,TARBP1,TMEM120B,CORO2B,PPM1H,SLC12A5,PPP1R3E,GRIK2,CNTN1,FAM131B,ENO2,GPR137C,BRF1,DGKE,CACNB4,TRPC1,SPTBN4,DOCK3,GDAP1"
"DEG_MD_HCT116","802","0.499099999999999988","ZNF827","ZNF827","19","299","0.6438000000000000389022","1.0000000000000000000","0.93520000000000003","GTEx--Coexpression","SLCO3A1,IL1RAP,TMEM25,PMEPA1,ZNF615,SLC45A3,HSF4,ZNF585B,ZNF91,ADGRG6,GGT7,SYT7,S100A10,SARM1,CUL7,EBF4,TRANK1,TMED4,CASP4"
"DEG_MD_HCT116","803","0.499699999999999978","SLC2A4RG","SLC2A4RG","19","299","0.6438000000000000389022","1.0000000000000000000","0.93520000000000003","GTEx--Coexpression","CYP2D7,PRKACB,GTF2IRD2B,LRRC3,MAT1A,PAH,GPT,F10,DHRS4,NOTUM,GRB14,CNGA1,AMT,CYP27A1,IL17RC,LBX2,ACBD4,EHHADH,GDAP1"
"DEG_MD_HCT116","804","0.500299999999999967","ZFP92","ZFP92","19","299","0.6438000000000000389022","1.0000000000000000000","0.93520000000000003","GTEx--Coexpression","GPR15,PPFIBP2,KCND1,ZNF221,MAP3K5,LIN7A,CNTNAP1,ITGB4,TRIM44,STAMBPL1,GPRIN3,ADGRF3,PROM2,SARM1,CDH1,IL21R,DCST2,GRHL2,GALNT10"
"DEG_MD_HCT116","805","0.500900000000000012","FOSL1","FOSL1","19","299","0.6438000000000000389022","1.0000000000000000000","0.93520000000000003","GTEx--Coexpression","AREG,HAS3,EIF5A,EREG,ARSJ,FJX1,RND3,SERPINE1,GPR176,LDHA,GAR1,TIGAR,TRMT6,BZW1,SNRPF,TWIST1,SLC20A1,STEAP1,ALYREF"
"DEG_MD_HCT116","806","0.501600000000000046","ZNF346","ZNF346","19","299","0.6438000000000000389022","1.0000000000000000000","0.93520000000000003","GTEx--Coexpression","ZNF250,KCND1,LIN7A,SLC25A37,RINL,PPP1R3E,TRIM10,PPP1R35,ARSG,CCNJL,DHRS13,LYL1,ARMH1,GP6,PCYOX1L,TMEM229B,LRFN1,KCNAB3,EFNB2"
"DEG_MD_HCT116","807","0.502199999999999980","DMRT3","DMRT3","19","299","0.6438000000000000389022","1.0000000000000000000","0.93520000000000003","GTEx--Coexpression","LIPG,NUP210L,OSBPL10,AKR1E2,SPATA20,KCTD19,ZBED2,PCSK4,HORMAD2,ZMYND10,FANK1,ZCWPW1,SALL4,SLC26A4,SYCP3,LCN12,STAG3,FAM186B,LEKR1"
"DEG_MD_HCT116","808","0.502800000000000025","ZNF551","ZNF551","19","299","0.6438000000000000389022","1.0000000000000000000","0.93520000000000003","GTEx--Coexpression","ZFYVE28,GRIN2C,ZNF250,KCNC3,ZNF221,ZNF461,ACAP3,TMEM120B,MTCL1,ZNF585B,PPFIA4,PAN2,PATJ,DISP2,ZNF550,PLEKHG5,SRRM3,CARMIL3,MCF2L"
"DEG_MD_HCT116","809","0.503399999999999959","TBX19","TBX19","19","299","0.6438000000000000389022","1.0000000000000000000","0.93520000000000003","GTEx--Coexpression","SAMD11,P4HTM,KCNH2,FOXO6,RTBDN,COL9A2,SGSM2,CACNA1D,PLD3,MYO15A,BRF1,CUL7,CDRT4,P3H3,IL17RC,SCG2,ASIC4,ZMAT1,RGS16"
"DEG_MD_HCT116","810","0.504000000000000004","SHOX","SHOX","19","299","0.6438000000000000389022","1.0000000000000000000","0.93520000000000003","GTEx--Coexpression","LIPE,FEZ2,HOXC11,PPARG,PSMC1,FHL1,EIF3C,PPP1R1A,CRIM1,EEPD1,HOXC4,APOLD1,APOL3,CPM,INPP4B,SIX1,RASA4B,NRIP1,CHSY3"
"DEG_MD_HCT116","811","0.504700000000000037","LEUTX","LEUTX","19","299","0.6438000000000000389022","1.0000000000000000000","0.93520000000000003","GTEx--Coexpression","RUFY4,GPR15,DLGAP5,PSMB9,TMPO,PCNA,RPA3,SPC25,ADGRG5,MYBL2,ADGRF3,NUP37,DEPDC1B,VASH2,MCM5,IL21R,PCLAF,ESCO2,EBI3"
"DEG_MD_HCT116","812","0.505299999999999971","HSFY1","HSFY1","19","299","0.6438000000000000389022","1.0000000000000000000","0.93520000000000003","GTEx--Coexpression","SPX,ZDHHC2,TXNDC17,FUT3,TTC22,ARFGEF3,LAMA2,GALNT3,EHF,CRACR2B,CHST12,CHST14,DNASE2B,GJB2,APOL3,AP1M2,NMU,SYDE1,FBLN5"
"DEG_MD_HCT116","813","0.505900000000000016","SIX6","SIX6","19","299","0.6438000000000000389022","1.0000000000000000000","0.93520000000000003","GTEx--Coexpression","SAMD11,P4HTM,FOXO6,RTBDN,COL9A2,SGSM2,PLD3,SSTR5,VGF,MYO15A,CDK5RAP3,CUL7,CDRT4,P3H3,MAP6,SLC22A17,SCG2,ASIC4,ZMAT1"
"DEG_MD_HCT116","814","0.506499999999999950","FIGLA","FIGLA","19","299","0.6438000000000000389022","1.0000000000000000000","0.93520000000000003","GTEx--Coexpression","GTF2IRD2B,PBX1,NOSTRIN,PELI2,SHC2,SAV1,ZNF704,AASS,KIRREL2,GRPR,DAPK1,CLPSL2,CRACR2B,GATM,PGGHG,PTGER4,AMY2B,ENKD1,KLF11"
"DEG_MD_HCT116","815","0.507199999999999984","TCF4","TCF4","19","299","0.6438000000000000389022","1.0000000000000000000","0.93520000000000003","GTEx--Coexpression","PDGFB,NOSTRIN,PLSCR4,NOVA2,KCTD12,TIMM17B,POLD4,MAPK11,TIMP3,MGLL,APOLD1,APOL3,DHRS4,ABLIM3,TM4SF18,DOCK4,MCF2L,SPRY2,SPRY1"
"DEG_MD_HCT116","816","0.507800000000000029","ZNF160","ZNF160","19","299","0.6438000000000000389022","1.0000000000000000000","0.93520000000000003","GTEx--Coexpression","EXD3,HNRNPA3,CCNL2,RAG1,PAN2,MYO15B,NHLRC3,NFATC4,WDR27,SALL4,ZNF783,SEMA3D,TNS2,PARP10,HNRNPH3,APBB3,SGSH,MAN2C1,PCED1A"
"DEG_MD_HCT116","817","0.508399999999999963","WT1","WT1","19","299","0.6438000000000000389022","1.0000000000000000000","0.93520000000000003","GTEx--Coexpression","GATA6,PBX1,DCHS1,MSLN,HERC5,SCML1,HNRNPA2B1,MAMLD1,CPXM1,SIMC1,SERPINF1,NFATC4,SERPINA5,RSPO1,HMGN5,SYCP3,DNAJC5G,DMRT1,ALOX15"
"DEG_MD_HCT116","818","0.509000000000000008","ZNF75D","ZNF75D","19","299","0.6438000000000000389022","1.0000000000000000000","0.93520000000000003","GTEx--Coexpression","INSYN1,GTF2IRD2B,CCNL2,KCNQ1,OTUD7A,RAG1,ANKHD1,RBM47,SNTB1,NHLRC3,TUBB2A,MAP3K15,PARP10,TMED4,HFE,SGSH,MAN2C1,ABCC3,PCED1A"
"DEG_MD_HCT116","819","0.509600000000000053","ZNF90","ZNF90","19","299","0.6438000000000000389022","1.0000000000000000000","0.93520000000000003","GTEx--Coexpression","CENPE,FSCN2,HNRNPA1,HNRNPA3,IKZF2,TMPO,ZNF701,PCNA,RFTN1,SPC25,DEPDC1B,WDR27,RPL17,SALL4,HMGN2,BCL2,MCM5,PCLAF,ESCO2"
"DEG_MD_HCT116","820","0.510299999999999976","MBD2","MBD2","19","299","0.6438000000000000389022","1.0000000000000000000","0.93520000000000003","GTEx--Coexpression","PRKACB,B4GAT1,TMEM25,CRYBG1,CCDC92,CD44,GNAZ,DAPP1,BRSK1,SMARCD3,ACSL6,MAPK8IP2,CD99L2,MAP6,AMMECR1,MDFIC,DLG4,COLGALT2,NEURL1"
"DEG_MD_HCT116","821","0.510900000000000021","HMX3","HMX3","19","300","0.6494999999999999662492","1.0000000000000000000","0.93189999999999995","GTEx--Coexpression","GPR15,HLA-DOA,HLA-DRA,IKZF2,TMPO,PCNA,RPA3,SPC25,CPOX,MYBL2,ADGRF3,AGPAT5,DEPDC1B,VASH2,MCM5,IL21R,PCLAF,ESCO2,EBI3"
"DEG_MD_HCT116","822","0.511499999999999955","ZSCAN5C","ZSCAN5C","19","300","0.6494999999999999662492","1.0000000000000000000","0.93189999999999995","GTEx--Coexpression","SNF8,DLGAP5,CENPE,BCL2L12,RINL,XRCC4,PCNA,RPA3,SPC25,GEMIN7,AURKA,NUP37,SNRPG,SNRPF,MTFP1,PCLAF,ESCO2,SEC61G,POMP"
"DEG_MD_HCT116","823","0.512100000000000000","ZNF598","ZNF598","19","300","0.6494999999999999662492","1.0000000000000000000","0.93189999999999995","GTEx--Coexpression","RDH12,EIF5A,TRIM29,CCDC92,ATP6V1C2,CD44,TFAP4,ANKHD1,ABCA12,GAR1,ELL3,NECTIN4,TRAF3IP2,TNS4,GRHL2,FAM83B,PSAPL1,POU2F3,LTBR"
"DEG_MD_HCT116","824","0.512800000000000034","PRDM2","PRDM2","19","300","0.6494999999999999662492","1.0000000000000000000","0.93189999999999995","GTEx--Coexpression","ZNF250,GPR39,ATL1,ARSA,LACTB2,DECR1,COMMD4,POLD4,RALGAPA1,CACNB3,ZNF783,GLMN,POLR2L,SEC61G,PSENEN,DOCK3,DDT,ROMO1,SSBP2"
"DEG_MD_HCT116","825","0.513399999999999967","THAP10","THAP10","19","300","0.6494999999999999662492","1.0000000000000000000","0.93189999999999995","GTEx--Coexpression","PRKACB,B4GAT1,ATL1,FRMD5,CORO2B,CNTNAP2,FSD1,SLC12A5,SYT3,CNTN1,FAM131B,MSANTD4,GPR137C,ZNF365,RAB3A,WASF3,ARL6IP1,GPM6A,GDAP1"
"DEG_MD_HCT116","826","0.514000000000000012","ZNF785","ZNF785","19","300","0.6494999999999999662492","1.0000000000000000000","0.93189999999999995","GTEx--Coexpression","RNF215,ZNF250,ZNF221,ZNF461,ACAP3,TMEM120B,ZBTB12,CNTNAP1,MTCL1,ZNF615,ZNF585B,PPFIA4,ENO2,SARM1,DGKE,MAP3K12,KCNAB3,SRRM3,TRANK1"
"DEG_MD_HCT116","827","0.514599999999999946","ZBTB4","ZBTB4","19","300","0.6494999999999999662492","1.0000000000000000000","0.93189999999999995","GTEx--Coexpression","DPYSL3,PBX1,BCL2L12,EIF5A,ZNF704,NRP2,ZNF585B,PCDHB14,GEMIN7,NAT1,POLD4,MAN1C1,NFATC4,TRPC1,MTFP1,EBF4,ALYREF,DIAPH1,SSBP2"
"DEG_MD_HCT116","828","0.515199999999999991","RBPJL","RBPJL","19","300","0.6494999999999999662492","1.0000000000000000000","0.93189999999999995","GTEx--Coexpression","PELI2,ALDH1L2,SLC25A45,FSCN2,SHC2,ONECUT1,KIAA1549,KIRREL2,GRPR,CLPSL2,CRACR2B,LFNG,GATM,ZFPM1,PGGHG,AMY2B,FAIM,TMEM125,ENKD1"
"DEG_MD_HCT116","829","0.515900000000000025","ARID5B","ARID5B","19","300","0.6494999999999999662492","1.0000000000000000000","0.93189999999999995","GTEx--Coexpression","PSMC1,HAT1,SAV1,FHL1,TBX1,EIF3C,KLHL30,CRIM1,EYA4,EEPD1,MITF,CLIP4,TTN,ABLIM2,TMTC1,SIX4,RASA4B,PDE4D,NRIP1"
"DEG_MD_HCT116","830","0.516499999999999959","ZNF786","ZNF786","19","300","0.6494999999999999662492","1.0000000000000000000","0.93189999999999995","GTEx--Coexpression","IL20RB,RDH12,NOSTRIN,ZNF250,GPR87,HERC3,TRIM29,RIN1,TFAP4,DEGS2,ABCA12,MAML3,PLCH2,TIGD5,SERPINB5,TMEM154,PLEKHG5,AHNAK2,POU2F3"
"DEG_MD_HCT116","831","0.517100000000000004","ZNF583","ZNF583","19","300","0.6494999999999999662492","1.0000000000000000000","0.93189999999999995","GTEx--Coexpression","MOSMO,VAMP8,ZNF461,EEF1E1,ZNF585A,INAVA,NAV3,MSANTD4,PROM2,ST14,TMEM154,CTNND1,CDH1,AK6,AP1M2,NECTIN4,CD99L2,MPZL3,GRHL2"
"DEG_MD_HCT116","832","0.517700000000000049","BATF3","BATF3","19","300","0.6494999999999999662492","1.0000000000000000000","0.93189999999999995","GTEx--Coexpression","RUFY4,TMC6,HLA-DMB,PSMB9,HLA-DOA,CXCL10,CXCL11,HLA-DRA,RFTN1,TNFAIP2,TNFAIP3,IRF1,PATJ,ADPRH,NCKAP1L,APOL1,IL21R,IL15RA,EBI3"
"DEG_MD_HCT116","833","0.518399999999999972","HOXC10","HOXC10","19","300","0.6494999999999999662492","1.0000000000000000000","0.93189999999999995","GTEx--Coexpression","PSMD1,CACNA2D1,HOXC11,MYPN,PSMC1,PSMC2,TBX1,EIF3C,KLHL30,EYA4,ENO3,MACROD1,OBSCN,TTN,KCNJ11,TBCE,SIX1,SIX4,RASA4B"
"DEG_MD_HCT116","834","0.519000000000000017","ZNF138","ZNF138","19","300","0.6494999999999999662492","1.0000000000000000000","0.93189999999999995","GTEx--Coexpression","IL20RA,IL20RB,DCHS1,WNT7B,LIMS2,ZNF675,ITGA1,CPOX,AGPAT5,HMGCR,BLOC1S2,PLCH2,AOC3,NECTIN4,ANP32E,SYDE1,FAM83B,POU2F3,WNT16"
"DEG_MD_HCT116","835","0.519599999999999951","FOXA3","FOXA3","19","300","0.6494999999999999662492","1.0000000000000000000","0.93189999999999995","GTEx--Coexpression","JTB,C5,GPR39,ONECUT1,RASSF6,HNF4A,KIRREL2,MAT1A,CHDH,CRYZ,SARDH,CRACR2B,GATM,AMBP,FGL1,ZFPM1,KRT18,ANXA10,DDT"
"DEG_MD_HCT116","836","0.520199999999999996","ZC3H8","ZC3H8","19","300","0.6494999999999999662492","1.0000000000000000000","0.93189999999999995","GTEx--Coexpression","TARBP1,SCN1B,PPP1R3E,ZNF91,GGT7,BCL7A,TMEM201,SBK1,AOC3,ABLIM2,KCNJ11,KLF7,RAB13,SPTBN4,CARMIL3,SYDE1,CDH15,GDAP1,NEURL1"
"DEG_MD_HCT116","837","0.520800000000000041","RXRG","RXRG","19","300","0.6494999999999999662492","1.0000000000000000000","0.93189999999999995","GTEx--Coexpression","CACNA2D1,LRRC39,MYPN,PPP1R1A,PRKN,NPHP1,PLA2G4C,TMEM201,EYA4,ENO3,MACROD1,OBSCN,SMARCD3,ABLIM2,KCNJ11,RYR3,MSS51,SIX1,NEURL1"
"DEG_MD_HCT116","838","0.521499999999999964","ZNF484","ZNF484","19","300","0.6494999999999999662492","1.0000000000000000000","0.93189999999999995","GTEx--Coexpression","MOSMO,GRIN2C,ZNF221,ZNF461,LIN7A,TMEM120B,MTCL1,ZNF615,GRIK2,ZNF585A,PPFIA4,ENO2,GPR137C,GLMN,MAP3K12,KCNAB3,SRRM3,TRANK1,ANP32E"
"DEG_MD_HCT116","839","0.522100000000000009","NR1I2","NR1I2","19","300","0.6494999999999999662492","1.0000000000000000000","0.93189999999999995","GTEx--Coexpression","CYP2D7,ATF5,C5,SULT1A2,CYP4F3,RIDA,PCK2,HNF4A,MAT1A,SARDH,PAH,GPT,SLC26A1,AMBP,AMN,CYP27A1,LBX2,EFNA2,EHHADH"
"DEG_MD_HCT116","840","0.522700000000000053","ZNF556","ZNF556","19","300","0.6494999999999999662492","1.0000000000000000000","0.93189999999999995","GTEx--Coexpression","CACNA2D1,LRRC39,MYPN,SLC25A34,SCN1B,ANK1,TCEA3,PLA2G4C,SBK1,ENO3,NFIX,MACROD1,OBSCN,TTN,KCNJ11,MSS51,SIX1,SIX4,CDH15"
"DEG_MD_HCT116","841","0.523299999999999987","TERB1","TERB1","19","300","0.6494999999999999662492","1.0000000000000000000","0.93189999999999995","GTEx--Coexpression","EID3,NUP210L,TEX14,ADAM32,SPA17,KCTD19,SPATA17,PCSK4,RIBC2,HORMAD2,ZMYND10,ZCWPW1,CNTD1,SYCP3,CCT6B,STAG3,AKAP3,DNAJC5G,FAM186B"
"DEG_MD_HCT116","842","0.524000000000000021","FOXJ2","FOXJ2","19","300","0.6494999999999999662492","1.0000000000000000000","0.93189999999999995","GTEx--Coexpression","GTF2IRD2B,TMA7,ZNF250,PIAS3,FHL1,ZNF865,GRIK4,SH3GL3,DDX46,AGPAT5,MITF,ANKRD24,CALCOCO1,PRKG1,ARL6IP1,PTPRN2,ITM2C,NME5,SPEG"
"DEG_MD_HCT116","843","0.524599999999999955","RELA","RELA","19","300","0.6494999999999999662492","1.0000000000000000000","0.93189999999999995","GTEx--Coexpression","PRKACB,B4GAT1,CSMD3,FSD1,SYT3,NAT8L,STMN3,RAB3A,BRSK1,NF2,CEBPD,ARL6IP1,ACSL6,MAPK8IP2,PTPRN2,TMEM59L,CASKIN1,DLG4,GDAP1"
"DEG_MD_HCT116","844","0.525200000000000000","SIX1","SIX1","19","300","0.6494999999999999662492","1.0000000000000000000","0.93189999999999995","GTEx--Coexpression","CACNA2D1,CFAP61,LRRC39,MYPN,TBX1,SLC25A34,TCEA3,KLHL30,TMEM201,EYA4,ENO3,MACROD1,OBSCN,TTN,KCNJ11,MSS51,SIX4,RASA4B,TRPT1"
"DEG_MD_HCT116","845","0.525800000000000045","TFE3","TFE3","19","300","0.6494999999999999662492","1.0000000000000000000","0.93189999999999995","GTEx--Coexpression","SKAP2,VSIR,ZNF467,S100A4,ITGAX,PPM1F,BST1,SECTM1,CD33,SH3RF2,ZNF91,MILR1,AOAH,KLF7,VASP,RENBP,DOCK11,SDCBP,CMTM7"
"DEG_MD_HCT116","846","0.526399999999999979","RFX5","RFX5","19","300","0.6494999999999999662492","1.0000000000000000000","0.93189999999999995","GTEx--Coexpression","RUFY4,GPR15,TMC8,HLA-DMB,PSMB9,HLA-DOA,HLA-DRA,CD22,PCNA,ADGRG5,TTC24,MYBL2,ADPRH,NCKAP1L,VASH2,MCM5,IL21R,EBI3,DOCK8"
"DEG_MD_HCT116","847","0.527100000000000013","VENTX","VENTX","19","300","0.6494999999999999662492","1.0000000000000000000","0.93189999999999995","GTEx--Coexpression","VSIR,PTAFR,ZNF467,DYSF,ITGAX,PPM1F,BST1,DHRS13,SECTM1,CD33,MILR1,AOAH,RPS6KA1,VASP,NMI,RENBP,SDCBP,CASP4,CMTM7"
"DEG_MD_HCT116","848","0.527699999999999947","ESRRA","ESRRA","19","300","0.6494999999999999662492","1.0000000000000000000","0.93189999999999995","GTEx--Coexpression","LRRC39,ECSIT,MYPN,PPARA,PSMB6,PRKAA2,NDUFB3,NDUFB2,PDLIM5,ENO3,AIFM1,TNNC1,MACROD1,OBSCN,KCNJ11,UQCR10,ATP5MF,ATP5ME,TRPT1"
"DEG_MD_HCT116","849","0.528299999999999992","RAG1","RAG1","19","300","0.6494999999999999662492","1.0000000000000000000","0.93189999999999995","GTEx--Coexpression","LIPG,TSPAN12,ITGA9,KCNQ1,RBM47,SNTB1,NHLRC3,WDR72,SLC26A4,SEMA3D,RAB13,LCN12,HEG1,BTN3A3,TM4SF18,HFE,NPY1R,SGSH,ABCC3"
"DEG_MD_HCT116","850","0.528900000000000037","ZNF404","ZNF404","19","300","0.6494999999999999662492","1.0000000000000000000","0.93189999999999995","GTEx--Coexpression","P4HTM,SLC27A1,KCNH2,FRMD5,CORO2B,PPP1R3E,COL9A2,ZNF585B,ZNF585A,PLEKHA6,GNAZ,MSANTD4,SLC4A3,TRPC1,MAP6,ZDHHC11B,COLGALT2,HAGHL,GDAP1"
"DEG_MD_HCT116","851","0.529599999999999960","ZNF343","ZNF343","19","300","0.6494999999999999662492","1.0000000000000000000","0.93189999999999995","GTEx--Coexpression","GTF2IRD2B,SNX33,CSMD3,WNT7A,PIAS3,PARD3B,GRIK4,SH3GL3,MRO,DDX46,NAT8L,AIFM3,SLC15A2,CALCOCO1,ARL6IP1,PTPRN2,ITM2C,SYDE1,RBMS3"
"DEG_MD_HCT116","852","0.530200000000000005","KCMF1","KCMF1","18","297","0.7174000000000000376588","1.0000000000000000000","0.88919999999999999","GTEx--Coexpression","PSMD1,CFAP61,MYPN,PSMB6,PSMC1,EIF3C,KLHL30,TMEM201,EYA4,ENO3,MACROD1,OBSCN,TTN,ABLIM2,KCNJ11,SIX4,RASA4B,TRPT1"
"DEG_MD_HCT116","853","0.530800000000000050","ZNF140","ZNF140","18","297","0.7174000000000000376588","1.0000000000000000000","0.88919999999999999","GTEx--Coexpression","ZNF268,HNRNPA3,CCNL2,HSF4,ZNF585B,MZF1,ANKHD1,PAN2,TRA2A,CDK5RAP3,WDR27,RPL17,CUL7,CDRT4,TMED4,HNRNPH3,ZMAT1,PCED1A"
"DEG_MD_HCT116","854","0.531399999999999983","ZNF358","ZNF358","18","297","0.7174000000000000376588","1.0000000000000000000","0.88919999999999999","GTEx--Coexpression","JPH2,VAMP8,CTIF,NDUFB8,NDUFB2,CCDC92,DHX9,PRKN,RAMP1,PALM,DENND2D,DENND2A,METTL26,SMARCD3,CD99L2,AMMECR1,FANCD2,HSPB8"
"DEG_MD_HCT116","855","0.532000000000000028","ZNF470","ZNF470","18","298","0.7225000000000000310862","1.0000000000000000000","0.88600000000000001","GTEx--Coexpression","PRKACB,VAMP8,MMP16,ZNF461,TTLL7,FRMD5,CORO2B,SLC45A1,ZNF585A,GNAZ,CNTN1,NAV3,FAM131B,MSANTD4,TRPC1,WASF3,MAP6,GDAP1"
"DEG_MD_HCT116","856","0.532699999999999951","ARHGAP35","ARHGAP35","18","298","0.7225000000000000310862","1.0000000000000000000","0.88600000000000001","GTEx--Coexpression","NUP210L,ADAM32,EFCAB11,CCIN,SPA17,SPATA17,PCSK4,PLCH1,MORN2,ILDR2,OSCP1,TTC23L,CCDC34,MEIG1,NME5,AKAP3,DNAJC5G,FAM186B"
"DEG_MD_HCT116","857","0.533299999999999996","ZNF664","ZNF664","18","298","0.7225000000000000310862","1.0000000000000000000","0.88600000000000001","GTEx--Coexpression","ABCA2,BHLHE41,GPR37,FRMD5,SPX,SLC5A11,PLEKHB1,SEC14L5,TMEM151A,SH3GL3,GCSH,CDK18,CLDND1,GAL3ST1,WASF3,SOX8,APLP1,COLGALT2"
"DEG_MD_HCT116","858","0.533900000000000041","ZNF768","ZNF768","18","298","0.7225000000000000310862","1.0000000000000000000","0.88600000000000001","GTEx--Coexpression","CFAP61,LRRC39,ECSIT,MYPN,JPH2,MRPL51,PRKAA2,FMC1,TMEM201,EYA4,ENO3,TNNC1,MACROD1,OBSCN,KCNJ11,UQCR10,HSPB8,TRPT1"
"DEG_MD_HCT116","859","0.534499999999999975","MSX2","MSX2","18","299","0.7275000000000000355271","1.0000000000000000000","0.88280000000000003","GTEx--Coexpression","HOXC13,HOXC11,CRLF1,HEPHL1,S100A3,HTR1B,ID2,KIRREL1,CRIM1,TENT5B,FRMPD1,CPED1,HOXC4,MCAM,KRT34,KRT32,LTBP1,CHSY3"
"DEG_MD_HCT116","860","0.535200000000000009","ZNF709","ZNF709","18","299","0.7275000000000000355271","1.0000000000000000000","0.88280000000000003","GTEx--Coexpression","SPATA20,SPA17,SPATA17,PCSK4,RIBC2,CCDC154,SCNN1D,ZMYND10,FANK1,LEMD1,OSCP1,TTC23L,CCDC34,STAG3,FAM186B,USP44,MNS1,LEKR1"
"DEG_MD_HCT116","861","0.535800000000000054","REPIN1","REPIN1","18","299","0.7275000000000000355271","1.0000000000000000000","0.88280000000000003","GTEx--Coexpression","JTB,ECSIT,RORC,NOXA1,TCEA3,COX16,CHDH,TMEM201,ENO3,AIFM1,TIMP2,MACROD1,OBSCN,KCNJ11,KLF7,UQCR10,CHCHD2,TRPT1"
"DEG_MD_HCT116","862","0.536399999999999988","ZNF843","ZNF843","18","299","0.7275000000000000355271","1.0000000000000000000","0.88280000000000003","GTEx--Coexpression","CACNA2D1,MYPN,PRKAA2,SRR,SCN1B,PRKN,TMEM201,EYA4,MSANTD4,ENO3,TIGD5,MACROD1,OBSCN,TTN,KCNJ11,TBCE,SIX1,SIX4"
"DEG_MD_HCT116","863","0.537000000000000033","ZFHX2","ZFHX2","18","299","0.7275000000000000355271","1.0000000000000000000","0.88280000000000003","GTEx--Coexpression","NUP210L,SPA17,SPATA17,PCSK4,RIBC2,SCNN1D,ZMYND10,PLCH1,FANK1,MORN2,OSCP1,TTC23L,MEIG1,NME5,AKAP3,DNAJC5G,FAM186B,MNS1"
"DEG_MD_HCT116","864","0.537599999999999967","ZBTB16","ZBTB16","18","299","0.7275000000000000355271","1.0000000000000000000","0.88280000000000003","GTEx--Coexpression","HSPG2,FHL1,PARD3B,PIK3R1,AASS,LAMA2,ATOH8,CPED1,ADCY9,MCAM,IRS2,MITF,CALCOCO1,PRKG1,TNS2,TMTC1,SPEG,RBMS3"
"DEG_MD_HCT116","865","0.538300000000000001","TSC22D1","TSC22D1","18","299","0.7275000000000000355271","1.0000000000000000000","0.88280000000000003","GTEx--Coexpression","B4GAT1,MMP16,ATL1,TTLL7,NOVA2,CCDC92,ADGRB2,ADGRB1,SLC45A1,PNMA2,PALM,TMOD2,NAT8L,CHN1,TMEM132B,WASF3,MAP6,ITM2C"
"DEG_MD_HCT116","866","0.538900000000000046","ZNF22","ZNF22","18","299","0.7275000000000000355271","1.0000000000000000000","0.88280000000000003","GTEx--Coexpression","LYPD3,PPARG,GPR87,KRCC1,SAV1,TRIM29,YES1,GRIP1,KIRREL2,ELL3,SERPINB5,APOL3,CSF1,NECTIN4,OVOL1,MDFIC,FAIM,FAM83B"
"DEG_MD_HCT116","867","0.539499999999999980","ATF3","ATF3","18","299","0.7275000000000000355271","1.0000000000000000000","0.88280000000000003","GTEx--Coexpression","PTGS2,SOCS3,EGR3,CRIP1,BMP2,TNFAIP3,RND3,NR1D1,HBEGF,NF2,CEBPD,SIAH1,ZFP36L1,NR4A1,KLF11,RGS16,HES4,SPRY1"
"DEG_MD_HCT116","868","0.540100000000000025","ZNF419","ZNF419","18","299","0.7275000000000000355271","1.0000000000000000000","0.88280000000000003","GTEx--Coexpression","KCNC3,ZNF461,TMEM120B,PPP1R3E,GRIK2,HSF4,ZNF585B,ZNF585A,MZF1,GGT7,SBK1,BRF1,ZNF550,SRRM3,SPTBN4,CARMIL3,DOCK3,MCF2L"
"DEG_MD_HCT116","869","0.540799999999999947","KMT2A","KMT2A","18","299","0.7275000000000000355271","1.0000000000000000000","0.88280000000000003","GTEx--Coexpression","COL13A1,ZNF250,MRPL51,ZNF461,MTCL1,ZNF704,PER3,PPFIA4,BLOC1S1,PLCB4,DGKE,RALGAPA1,MAP3K12,TRANK1,HNRNPH3,ATP5MF,ROMO1,SSBP2"
"DEG_MD_HCT116","870","0.541399999999999992","ZNF71","ZNF71","18","299","0.7275000000000000355271","1.0000000000000000000","0.88280000000000003","GTEx--Coexpression","JPH2,SYNPO2,FHL1,SRR,ZNF865,KCNQ4,SYNM,ZNF84,RBM47,TGFB1I1,ZEB1,MITF,ZNF747,SYDE1,HSPB8,SPEG,PALLD,DES"
"DEG_MD_HCT116","871","0.542000000000000037","ZFP64","ZFP64","18","299","0.7275000000000000355271","1.0000000000000000000","0.88280000000000003","GTEx--Coexpression","IL20RB,RDH12,ZNF675,GPR87,TMEM19,TRIM29,PCNA,NUP37,ABCA12,GAR1,ELL3,SERPINB5,AHNAK2,NECTIN4,AMMECR1,KREMEN2,FAM83B,POU2F3"
"DEG_MD_HCT116","872","0.542599999999999971","PRR12","PRR12","18","299","0.7275000000000000355271","1.0000000000000000000","0.88280000000000003","GTEx--Coexpression","ZNF250,PIAS3,ACAP3,CCNL2,MZF1,DEGS2,MAML3,PLCH2,RALGAPA1,CUL7,MAP3K12,CALCOCO1,PLEKHG5,AHNAK2,P3H3,CARMIL3,POU2F3,POMP"
"DEG_MD_HCT116","873","0.543200000000000016","ZNF43","ZNF43","18","299","0.7275000000000000355271","1.0000000000000000000","0.88280000000000003","GTEx--Coexpression","EFCAB11,HNRNPA1,HNRNPA3,SPATA20,HERC5,DHX9,HNRNPA2B1,SIMC1,RTTN,NHLRC3,ZNF391,NUF2,VASH2,SMARCD1,SGO2,FANCD2,USP44,LEKR1"
"DEG_MD_HCT116","874","0.543900000000000050","POU1F1","POU1F1","18","299","0.7275000000000000355271","1.0000000000000000000","0.88280000000000003","GTEx--Coexpression","SAMD11,P4HTM,FOXO6,RTBDN,COL9A2,SGSM2,CACNA1D,PLD3,SSTR5,MYO15A,CDK5RAP3,CUL7,CDRT4,P3H3,MAP6,SCG2,ASIC4,ZMAT1"
"DEG_MD_HCT116","875","0.544499999999999984","ZNF684","ZNF684","18","299","0.7275000000000000355271","1.0000000000000000000","0.88280000000000003","GTEx--Coexpression","CYP2D7,ATF5,C5,CYP4F3,RIDA,ST6GAL1,NUDT7,MAT1A,SARDH,PAH,GRB14,SLC26A1,AMBP,CYP27A1,ORM2,LBX2,EHHADH,DDT"
"DEG_MD_HCT116","876","0.545100000000000029","ARID3B","ARID3B","18","299","0.7275000000000000355271","1.0000000000000000000","0.88280000000000003","GTEx--Coexpression","TNFRSF9,PTPN7,NUDT1,RINL,PXT1,PPP1R35,CCNJL,ADGRG5,ARMH1,SYTL3,DENND1C,AOAH,DUSP18,FBXL13,RPS6KA1,RUBCNL,PSENEN,FANCD2"
"DEG_MD_HCT116","877","0.545699999999999963","ZNF34","ZNF34","18","299","0.7275000000000000355271","1.0000000000000000000","0.88280000000000003","GTEx--Coexpression","COL13A1,ZNF250,ZNF461,MTCL1,ZNF615,ZNF704,PCDHB14,PER3,NXPH3,CPED1,MCAM,PLCB4,MAP3K12,CALCOCO1,TRPC1,MCF2L,SPEG,SSBP2"
"DEG_MD_HCT116","878","0.546399999999999997","MAFG","MAFG","18","299","0.7275000000000000355271","1.0000000000000000000","0.88280000000000003","GTEx--Coexpression","CFAP61,MYPN,PSMC1,ZNF865,SCN1B,KLHL30,EYA4,ENO3,ADCY9,OBSCN,TTN,ABLIM2,KCNJ11,ALDOA,HSPB8,SIX4,RASA4B,PDE4D"
"DEG_MD_HCT116","879","0.547000000000000042","ETV4","ETV4","18","299","0.7275000000000000355271","1.0000000000000000000","0.88280000000000003","GTEx--Coexpression","DLGAP5,CENPE,CENPF,ARHGAP11A,CRYBG1,EIF5A,IKZF2,PCNA,SPC25,CCND1,CCNB1,NUP37,GAR1,SNRPF,MACC1,PCLAF,ESCO2,AMMECR1"
"DEG_MD_HCT116","880","0.547599999999999976","RUNX2","RUNX2","18","299","0.7275000000000000355271","1.0000000000000000000","0.88280000000000003","GTEx--Coexpression","MMP14,CHST2,ALDH1L2,ZNF701,FKBP10,KIRREL1,MAML2,COL12A1,GPR176,DKK1,GCNT1,ADAMTS2,TWIST1,CITED2,PRIM2,HFE,STEAP1,DPP4"
"DEG_MD_HCT116","881","0.548200000000000021","MBD1","MBD1","18","300","0.7325000000000000399680","1.0000000000000000000","0.87970000000000004","GTEx--Coexpression","EID3,NUP210L,ADAM32,KCTD19,PCSK4,RIBC2,HORMAD2,ZMYND10,PRR22,FANK1,CNTD1,TTC23L,CCDC38,CCT6B,DNAJC5G,FAM186B,PSORS1C1,LEKR1"
"DEG_MD_HCT116","882","0.548799999999999955","ZNF510","ZNF510","18","300","0.7325000000000000399680","1.0000000000000000000","0.87970000000000004","GTEx--Coexpression","MOSMO,ZNF461,TMEM120B,CNTNAP1,MTCL1,PPM1H,SLC12A5,ZNF615,GRIK2,ZNF585A,PPFIA4,GGT7,MSANTD4,ENO2,GPR137C,CACNB4,SPTBN4,CDH15"
"DEG_MD_HCT116","883","0.549499999999999988","ETV3L","ETV3L","18","300","0.7325000000000000399680","1.0000000000000000000","0.87970000000000004","GTEx--Coexpression","RUFY4,GPR15,HLA-DOA,HLA-DRA,IKZF2,PCNA,RPA3,CPOX,MYBL2,ADGRF3,AGPAT5,DEPDC1B,VASH2,BCL2,IL21R,MACC1,ESCO2,EBI3"
"DEG_MD_HCT116","884","0.550100000000000033","ZFP69B","ZFP69B","18","300","0.7325000000000000399680","1.0000000000000000000","0.87970000000000004","GTEx--Coexpression","DLGAP5,ZNF221,CENPE,CENPF,ARHGAP11A,SPDL1,ACTR2,TRIM44,PCNA,RPA3,SPC25,CCNB1,ZNF804A,DEPDC1B,TIGAR,IL21R,PCLAF,ESCO2"
"DEG_MD_HCT116","885","0.550699999999999967","IKZF2","IKZF2","18","300","0.7325000000000000399680","1.0000000000000000000","0.87970000000000004","GTEx--Coexpression","GPR15,DLGAP5,CENPE,CRYBG1,TMPO,PCNA,SPC25,CPOX,DAPP1,MYBL2,DEPDC1B,VASH2,IL21R,MACC1,PCLAF,ESCO2,EBI3,OAS1"
"DEG_MD_HCT116","886","0.551300000000000012","STAT6","STAT6","18","300","0.7325000000000000399680","1.0000000000000000000","0.87970000000000004","GTEx--Coexpression","FRMD5,CORO2B,CCDC92,OTUD7A,BCL7A,GCSH,NOTCH1,NF2,WASF3,ACSL6,MAPK8IP2,CD99L2,LRP1B,ATG16L2,SGSH,GDAP1,NEURL1,LTBR"
"DEG_MD_HCT116","887","0.552000000000000046","ZNF764","ZNF764","18","300","0.7325000000000000399680","1.0000000000000000000","0.87970000000000004","GTEx--Coexpression","ZNF480,BCL2L12,PPP1R35,ZNF701,ARSG,PALM,GEMIN7,BMP7,NAT1,AIFM1,TIGD5,MTFP1,ZNF747,WASF3,TXNRD2,FADD,OXA1L,LGI3"
"DEG_MD_HCT116","888","0.552599999999999980","SNAI3","SNAI3","18","300","0.7325000000000000399680","1.0000000000000000000","0.87970000000000004","GTEx--Coexpression","VSIR,PTAFR,ZNF467,DYSF,ITGAX,RINL,BST1,DHRS13,SECTM1,CCR3,CD33,GEMIN7,TIMM17B,SYTL3,DENND1C,AOAH,LRFN1,RPS6KA1"
"DEG_MD_HCT116","889","0.553200000000000025","KLF11","KLF11","18","300","0.7325000000000000399680","1.0000000000000000000","0.87970000000000004","GTEx--Coexpression","PRKACB,TMA7,PELI2,SAV1,NDUFB8,GRIK4,STMN3,BRSK1,TMEM132A,NF2,SH3D19,SIAH1,ITM2C,SLC22A17,ZFP36L1,DLG4,HAGHL,GDAP1"
"DEG_MD_HCT116","890","0.553799999999999959","ZFP62","ZFP62","18","300","0.7325000000000000399680","1.0000000000000000000","0.87970000000000004","GTEx--Coexpression","HNRNPA1,HNRNPA3,CCNL2,ZBED2,ANKHD1,PAN2,TRA2A,CDK5RAP3,AFAP1L2,WDR27,RPL17,CTNND1,CDH1,SLC26A4,TMED4,HNRNPH3,ZMAT1,PCED1A"
"DEG_MD_HCT116","891","0.554400000000000004","CREB3L3","CREB3L3","18","300","0.7325000000000000399680","1.0000000000000000000","0.87970000000000004","GTEx--Coexpression","ATF5,C5,CYP4F3,RIDA,ST6GAL1,PCK2,HNF4A,MAT1A,SLC1A1,CFB,PAH,SERPINA1,F10,AMBP,FGL1,CYP27A1,ORM2,EFNA2"
"DEG_MD_HCT116","892","0.555100000000000038","BHLHA15","BHLHA15","18","300","0.7325000000000000399680","1.0000000000000000000","0.87970000000000004","GTEx--Coexpression","SLC25A45,FSCN2,SHC2,ONECUT1,KIAA1549,ZBTB42,KIRREL2,GRPR,CLPSL2,CRACR2B,LFNG,GATM,ZFPM1,PGGHG,AMY2B,FAIM,TMEM125,ENKD1"
"DEG_MD_HCT116","893","0.555699999999999972","NFYA","NFYA","18","300","0.7325000000000000399680","1.0000000000000000000","0.87970000000000004","GTEx--Coexpression","EID3,NUP210L,TEX14,CDKN3,NEK2,HERC5,KCTD19,ARMC12,PCSK4,RIBC2,HORMAD2,ZCWPW1,CNTD1,FBXL13,SYCP3,STAG3,FAM186B,LEKR1"
"DEG_MD_HCT116","894","0.556300000000000017","MYBL1","MYBL1","18","300","0.7325000000000000399680","1.0000000000000000000","0.87970000000000004","GTEx--Coexpression","TMC8,STAT4,HTR1B,PTPN7,EOMES,ADGRG5,SYTL3,NCKAP1L,MCAM,DENND1C,PLCB2,AOAH,RUBCNL,CXCR4,LTBP1,KLRC4,SLC2A3,PCED1B"
"DEG_MD_HCT116","895","0.556899999999999951","ZNF610","ZNF610","18","300","0.7325000000000000399680","1.0000000000000000000","0.87970000000000004","GTEx--Coexpression","EFCAB11,SPATA20,SPA17,SPATA17,SH3GL3,SCNN1D,ZNF391,PLCH1,MORN2,OSCP1,TTC23L,CCDC34,AP3M2,MEIG1,LRRCC1,NME5,MNS1,LEKR1"
"DEG_MD_HCT116","896","0.557599999999999985","ZNF462","ZNF462","18","300","0.7325000000000000399680","1.0000000000000000000","0.87970000000000004","GTEx--Coexpression","PSMB9,SLC27A1,SORL1,PIK3AP1,RINL,CD33,POLD4,KIAA1217,NCKAP1L,DENND1C,AOAH,CLIP4,INSIG2,RPS6KA1,RUBCNL,ZFPM1,VASP,CASP4"
"DEG_MD_HCT116","897","0.558200000000000029","TRAFD1","TRAFD1","18","300","0.7325000000000000399680","1.0000000000000000000","0.87970000000000004","GTEx--Coexpression","PSMB9,NUDT1,SECTM1,SYK,CD44,DAPP1,IRF1,BACH1,NCKAP1L,DENND2D,TMEM154,VASP,NMI,MPZL3,FANCD2,MPIG6B,ALYREF,CASP4"
"DEG_MD_HCT116","898","0.558799999999999963","CEBPD","CEBPD","18","300","0.7325000000000000399680","1.0000000000000000000","0.87970000000000004","GTEx--Coexpression","PLSCR4,DEPP1,FSD1,AASS,LAMA2,NFATC4,APOL3,TNIK,NF2,AP3M2,KLF7,TNS2,ACSL6,FAM20C,RBMS3,NEURL1,SPRY1,LTBR"
"DEG_MD_HCT116","899","0.559400000000000008","BHLHE23","BHLHE23","18","300","0.7325000000000000399680","1.0000000000000000000","0.87970000000000004","GTEx--Coexpression","GPR15,IL12RB2,HLA-DOA,HLA-DRA,IKZF2,TMPO,PCNA,RPA3,MYBL2,AGPAT5,DEPDC1B,ADPRH,OIP5,VASH2,IL21R,ESCO2,EBI3,FANCD2"
"DEG_MD_HCT116","900","0.560000000000000053","NKX28","NKX28","18","300","0.7325000000000000399680","1.0000000000000000000","0.87970000000000004","GTEx--Coexpression","EID3,TEX14,TEX19,FAM222A,KCTD19,HORMAD2,SH3TC2,FRMPD1,FANK1,SERPINA5,ZCWPW1,HMGN5,ILDR2,SYCP3,PTGDS,STAG3,DNAJC5G,DMRT1"
"DEG_MD_HCT116","901","0.560699999999999976","ZNF471","ZNF471","18","300","0.7325000000000000399680","1.0000000000000000000","0.87970000000000004","GTEx--Coexpression","GSTM2,VAMP8,ZNF214,SLC27A1,EIF5A,ZNF615,ZNF585B,ZNF585A,GEMIN7,NFATC4,NRBP2,RALGAPA1,TRPC1,MTFP1,HNRNPH3,ZMAT1,DIAPH1,SSBP2"
"DEG_MD_HCT116","902","0.561300000000000021","ONECUT1","ONECUT1","18","300","0.7325000000000000399680","1.0000000000000000000","0.87970000000000004","GTEx--Coexpression","ATF5,C5,SHC2,KIRREL2,MAT1A,CHDH,CRYZ,SARDH,PAH,GATM,GRB14,AMBP,FGL1,ZFPM1,ORM2,AMY2B,ENKD1,DDT"
"DEG_MD_HCT116","903","0.561899999999999955","MXD3","MXD3","18","300","0.7325000000000000399680","1.0000000000000000000","0.87970000000000004","GTEx--Coexpression","VSIR,PTAFR,ZNF467,DYSF,ITGAX,BST1,DHRS13,SECTM1,CD33,SYK,MILR1,AOAH,RPS6KA1,FADD,VASP,NMI,B3GNT8,CASP4"
"DEG_MD_HCT116","904","0.562500000000000000","ZNF706","ZNF706","18","300","0.7325000000000000399680","1.0000000000000000000","0.87970000000000004","GTEx--Coexpression","IL20RA,FAM221A,RDH12,TARBP1,SHC2,CPA4,KIRREL2,DEGS2,CLPSL2,PLCH2,LFNG,ANXA9,PLLP,SERPINB5,GATM,AMY2B,ENKD1,POU2F3"
"DEG_MD_HCT116","905","0.563200000000000034","FOXO3","FOXO3","18","300","0.7325000000000000399680","1.0000000000000000000","0.87970000000000004","GTEx--Coexpression","SAV1,EIF3C,PIK3R1,AASS,KLHL30,DDX46,LAMA2,TNKS2,EEPD1,MAML2,ADCY9,IRS2,MITF,CLIP4,CALCOCO1,SIX4,RBMS3,NRIP1"
"DEG_MD_HCT116","906","0.563799999999999968","TBP","TBP","18","300","0.7325000000000000399680","1.0000000000000000000","0.87970000000000004","GTEx--Coexpression","EID3,NUP210L,TEX14,ADAM32,CDKN3,NEK2,KPNA2,IK,AKR1E2,LRR1,XRCC6,HORMAD2,PRR22,CNTD1,CCT6B,STAG3,FAM186B,LEKR1"
"DEG_MD_HCT116","907","0.564400000000000013","GTF3A","GTF3A","18","300","0.7325000000000000399680","1.0000000000000000000","0.87970000000000004","GTEx--Coexpression","LRRC39,ECSIT,MYPN,PSMB6,PRKAA2,NDUFB3,NDUFB2,PRKN,ENO3,TNNC1,MACROD1,OBSCN,UQCR10,ATP5MG,ATP5MF,ATP5ME,TRPT1,POMP"
"DEG_MD_HCT116","908","0.564999999999999947","ELK4","ELK4","18","300","0.7325000000000000399680","1.0000000000000000000","0.87970000000000004","GTEx--Coexpression","PRKACB,B4GAT1,NDUFB8,FSD1,CCDC92,SLC45A3,SLC45A1,GNAZ,ANKHD1,STMN3,POU5F1B,BRSK1,ZNF550,ACSL6,MAP6,PRIM2,GRHL2,ZFP36L1"
"DEG_MD_HCT116","909","0.565699999999999981","DOT1L","DOT1L","18","300","0.7325000000000000399680","1.0000000000000000000","0.87970000000000004","GTEx--Coexpression","EID3,NUP210L,TEX14,ADAM32,KCTD19,PCSK4,MMEL1,RIBC2,HORMAD2,ZMYND10,PRR22,CNTD1,SYCP3,CCT6B,STAG3,AKAP3,DNAJC5G,FAM186B"
"DEG_MD_HCT116","910","0.566300000000000026","ZSCAN26","ZSCAN26","18","300","0.7325000000000000399680","1.0000000000000000000","0.87970000000000004","GTEx--Coexpression","RNF215,L1CAM,VAMP8,ZNF461,ZNF214,SLC27A1,TMEM25,EIF5A,ZNF615,PPP1R3E,ZNF585B,ZNF585A,SARM1,DGKE,MAP3K12,TRPC1,AMT,TRANK1"
"DEG_MD_HCT116","911","0.566899999999999959","IRF7","IRF7","18","300","0.7325000000000000399680","1.0000000000000000000","0.87970000000000004","GTEx--Coexpression","RUFY4,PSMB9,TNFRSF9,PTPN7,PIK3AP1,RINL,SYK,ADGRG5,NCKAP1L,DENND1C,DENND2D,AOAH,IL21R,RPS6KA1,RUBCNL,NMI,TYMP,OAS1"
"DEG_MD_HCT116","912","0.567500000000000004","PRDM10","PRDM10","18","300","0.7325000000000000399680","1.0000000000000000000","0.87970000000000004","GTEx--Coexpression","MTCL1,HERC3,SCN1B,ANK1,TFAP4,PPFIA4,DDX46,TNKS2,SBK1,PATJ,TRMT6,MAP2K6,KCNJ11,PLCL2,CARMIL3,DIAPH1,SIX4,CDH15"
"DEG_MD_HCT116","913","0.568100000000000049","IRF2","IRF2","18","300","0.7325000000000000399680","1.0000000000000000000","0.87970000000000004","GTEx--Coexpression","SKAP2,PTAFR,PSMB9,ITGAX,PIK3AP1,RINL,BST1,SECTM1,CD33,SYK,MILR1,NCKAP1L,AOAH,RPS6KA1,FADD,VASP,NMI,CASP4"
"DEG_MD_HCT116","914","0.568799999999999972","ZNF296","ZNF296","18","300","0.7325000000000000399680","1.0000000000000000000","0.87970000000000004","GTEx--Coexpression","PSMB9,CRYBG1,IKZF2,RINL,SYK,GEMIN7,DAPP1,ADGRG5,MYBL2,DENND1C,DENND2D,TMEM154,MCM5,IL21R,RPS6KA1,B3GNT8,MPZL3,OAS1"
"DEG_MD_HCT116","915","0.569400000000000017","NACC2","NACC2","17","297","0.7929000000000000492051","1.0000000000000000000","0.83679999999999999","GTEx--Coexpression","CRB2,TTLL7,FRMD5,CORO2B,PLEKHB1,TMEM151A,PALM,GNAZ,MRO,AIFM3,TNIK,CSPG5,WASF3,SOX8,APLP1,ACBD7,COLGALT2"
"DEG_MD_HCT116","916","0.569999999999999951","EVX1","EVX1","17","297","0.7929000000000000492051","1.0000000000000000000","0.83679999999999999","GTEx--Coexpression","GSTM2,PBX3,GLIS1,ADGRA2,SLC45A3,ENPP3,ELF3,DHRS2,RNF43,MAP3K15,EBF4,GABRE,DLG5,SGSH,ABCC3,MUC4,HSPE1"
"DEG_MD_HCT116","917","0.570599999999999996","ZNF518A","ZNF518A","17","297","0.7929000000000000492051","1.0000000000000000000","0.83679999999999999","GTEx--Coexpression","HNRNPA3,SPATA20,CCNL2,HNRNPA2B1,ANKHD1,PAN2,TRA2A,CDK5RAP3,NHLRC3,WDR27,SALL4,CDRT4,HNRNPH3,APBB3,ZMAT1,MAN2C1,PCED1A"
"DEG_MD_HCT116","918","0.571300000000000030","ZNF260","ZNF260","17","298","0.7971000000000000307310","1.0000000000000000000","0.83379999999999999","GTEx--Coexpression","MOSMO,ZNF268,ZNF221,ZNF461,ZNF214,ZBTB12,TRIM44,ZNF615,ZNF585B,ZNF585A,CPOX,ZNF84,NAV3,MSANTD4,PSAT1,ANP32E,MAP4K5"
"DEG_MD_HCT116","919","0.571899999999999964","ZNF672","ZNF672","17","298","0.7971000000000000307310","1.0000000000000000000","0.83379999999999999","GTEx--Coexpression","LRRC39,ECSIT,MYPN,PSMB6,ZNF865,GEMIN7,TIMM17B,EYA4,ENO3,TNNC1,MACROD1,OBSCN,MAP2K6,MTFP1,KCNJ11,ALDOA,TRPT1"
"DEG_MD_HCT116","920","0.572500000000000009","RFX6","RFX6","17","298","0.7971000000000000307310","1.0000000000000000000","0.83379999999999999","GTEx--Coexpression","JTB,GPR39,ZBTB42,RASSF6,KCNQ1,KIRREL2,ARHGEF28,EPN1,EPN3,GALNT3,CRACR2B,ZFPM1,CLDN18,KRT18,AMY2B,ANXA10,ABCC3"
"DEG_MD_HCT116","921","0.573100000000000054","POGK","POGK","17","298","0.7971000000000000307310","1.0000000000000000000","0.83379999999999999","GTEx--Coexpression","ABCA2,GPR37,TTLL7,FRMD5,IL1RAPL1,SLC5A11,PLEKHB1,SEC14L5,TMEM151A,PLLP,CLDND1,GAL3ST1,C1QL1,SOX8,MAP4K5,APLP1,LGI3"
"DEG_MD_HCT116","922","0.573699999999999988","E2F6","E2F6","17","298","0.7971000000000000307310","1.0000000000000000000","0.83379999999999999","GTEx--Coexpression","PSMD1,CACNA2D1,CFAP61,MYPN,PSMC1,PSMC2,PRKAA2,KLHL30,TMEM201,EYA4,ENO3,MACROD1,OBSCN,TTN,KCNJ11,SIX4,RASA4B"
"DEG_MD_HCT116","923","0.574400000000000022","HIF1A","HIF1A","17","298","0.7971000000000000307310","1.0000000000000000000","0.83379999999999999","GTEx--Coexpression","MMP14,ZNF469,ALDH1L2,ACTR2,ARSJ,FKBP10,KIRREL1,SERPINE1,GPR176,DKK1,LDHA,GCNT1,ADAMTS2,RAB13,TWIST1,HFE,STEAP1"
"DEG_MD_HCT116","924","0.574999999999999956","MSANTD3","MSANTD3","17","298","0.7971000000000000307310","1.0000000000000000000","0.83379999999999999","GTEx--Coexpression","PSMD1,FEZ2,PSMA1,PSMC2,HAT1,PRPS1,SRR,TRIM44,ARSJ,ZNF84,SERPINE1,TIGAR,SNRPG,SEC61G,STEAP1,TBCE,POMP"
"DEG_MD_HCT116","925","0.575600000000000001","ZNF211","ZNF211","17","298","0.7971000000000000307310","1.0000000000000000000","0.83379999999999999","GTEx--Coexpression","EXD3,ZNF250,KCNC3,CCNL2,PPP1R3E,HSF4,ZNF585B,MZF1,PAN2,TRA2A,CDK5RAP3,BZW1,AMT,CDRT4,ZMAT1,MAN2C1,PCED1A"
"DEG_MD_HCT116","926","0.576200000000000045","IRF3","IRF3","17","298","0.7971000000000000307310","1.0000000000000000000","0.83379999999999999","GTEx--Coexpression","CCNL2,PRKN,ANKHD1,MYO15B,MSANTD4,CDK5RAP3,DENND2D,WDR27,CDK3,CD99L2,PARP10,PGGHG,BTN3A3,ATG16L2,SGSH,MAN2C1,PCED1A"
"DEG_MD_HCT116","927","0.576899999999999968","ZNF32","ZNF32","17","298","0.7971000000000000307310","1.0000000000000000000","0.83379999999999999","GTEx--Coexpression","CACNA2D1,ECSIT,NDUFB8,PRKAA2,NDUFB2,PRKN,PLA2G4C,MACROD1,LARGE1,OBSCN,SMARCD3,KCNJ11,CD99L2,UQCR10,ATP5ME,TBCE,HSPB8"
"DEG_MD_HCT116","928","0.577500000000000013","ZBTB47","ZBTB47","17","298","0.7971000000000000307310","1.0000000000000000000","0.83379999999999999","GTEx--Coexpression","CACNA2D1,FEZ2,VAMP8,NDUFB8,PRKAA2,CCDC92,PRKN,PLA2G4C,MSANTD4,GCSH,DENND2D,LARGE1,OBSCN,SMARCD3,CD99L2,COLGALT2,HSPB8"
"DEG_MD_HCT116","929","0.578099999999999947","ZNF416","ZNF416","17","299","0.8013000000000000122569","1.0000000000000000000","0.83079999999999998","GTEx--Coexpression","IL20RB,RDH12,GPR87,TRIM29,DEGS2,TENT5B,ABCA12,PARD3,GAR1,TIGD5,SERPINB5,TMEM154,AHNAK2,NECTIN4,AMMECR1,FAM83B,POU2F3"
"DEG_MD_HCT116","930","0.578699999999999992","ZNF257","ZNF257","17","299","0.8013000000000000122569","1.0000000000000000000","0.83079999999999998","GTEx--Coexpression","GPR15,DLGAP5,CENPE,IKZF2,TMPO,CD22,PCNA,SPC25,MYBL2,DEPDC1B,VASH2,MCM5,IL21R,PCLAF,ESCO2,EBI3,FANCD2"
"DEG_MD_HCT116","931","0.579300000000000037","ZNF711","ZNF711","17","299","0.8013000000000000122569","1.0000000000000000000","0.83079999999999998","GTEx--Coexpression","EID3,TEX14,TEX19,KCTD19,MYO7A,SCNN1D,HORMAD2,FRMPD1,PLCH1,SERPINA5,ZCWPW1,HMGN5,ILDR2,SYCP3,STAG3,DNAJC5G,DMRT1"
"DEG_MD_HCT116","932","0.579999999999999960","ZNF207","ZNF207","17","299","0.8013000000000000122569","1.0000000000000000000","0.83079999999999998","GTEx--Coexpression","NDUFB8,HNRNPA1,HNRNPA3,CCNL2,CCDC92,TMPO,DHX9,PRKN,ANKHD1,USE1,TRA2A,GCSH,HNRNPM,WDR27,RPL17,CTNND1,CD99L2"
"DEG_MD_HCT116","933","0.580600000000000005","ZNF473","ZNF473","17","299","0.8013000000000000122569","1.0000000000000000000","0.83079999999999998","GTEx--Coexpression","EID3,NUP210L,TEX14,ADAM32,CCIN,SPA17,KCTD19,SPATA17,PCSK4,RIBC2,HORMAD2,ZMYND10,CCT6B,STAG3,AKAP3,DNAJC5G,FAM186B"
"DEG_MD_HCT116","934","0.581200000000000050","ZFP3","ZFP3","17","299","0.8013000000000000122569","1.0000000000000000000","0.83079999999999998","GTEx--Coexpression","CFAP61,MYPN,ZNF480,PRKAA2,SLC25A34,SCN1B,TCEA3,TMEM201,EYA4,ENO3,TNNC1,MACROD1,OBSCN,TTN,KCNJ11,SIX4,TRPT1"
"DEG_MD_HCT116","935","0.581799999999999984","ZNF320","ZNF320","17","299","0.8013000000000000122569","1.0000000000000000000","0.83079999999999998","GTEx--Coexpression","ZNF214,HNRNPA1,HNRNPA3,CCNL2,ZNF585B,ZNF585A,ZNF91,MZF1,PAN2,TRA2A,WDR27,CUL7,ZNF783,AMT,HNRNPH3,RNF207,PCED1A"
"DEG_MD_HCT116","936","0.582500000000000018","ZFAT","ZFAT","17","299","0.8013000000000000122569","1.0000000000000000000","0.83079999999999998","GTEx--Coexpression","GPR15,BCL2L12,IKZF2,PCNA,RPA3,MYBL2,NUP37,DEPDC1B,ADPRH,OIP5,VASH2,MCM5,IL21R,PCLAF,ESCO2,EBI3,FANCD2"
"DEG_MD_HCT116","937","0.583099999999999952","ZNF747","ZNF747","17","299","0.8013000000000000122569","1.0000000000000000000","0.83079999999999998","GTEx--Coexpression","GTF2IRD2B,SNF8,JPH2,SDHAF1,SYNPO2,PSMB6,PSMC1,FHL1,ZNF865,KCNQ4,SYNM,TIMM17B,TIGD5,MITF,HSPB8,SPEG,PALLD"
"DEG_MD_HCT116","938","0.583699999999999997","GZF1","GZF1","17","299","0.8013000000000000122569","1.0000000000000000000","0.83079999999999998","GTEx--Coexpression","STAT4,PTPN7,PXT1,NTNG2,EOMES,ARMH1,SYTL3,RPL17,CTNND1,CDH1,AP1M2,FBXL13,RUBCNL,CXCR4,KLRC4,CXCL8,SLC2A3"
"DEG_MD_HCT116","939","0.584300000000000042","SMAD5","SMAD5","17","299","0.8013000000000000122569","1.0000000000000000000","0.83079999999999998","GTEx--Coexpression","MMP14,SNX33,PIAS3,PARD3B,ADGRA2,KIRREL1,MAML2,FKBP9,CYBRD1,LRFN1,SH3D19,KLF8,CARMIL2,MAP4K5,ZFP36L1,RBMS3,REPS2"
"DEG_MD_HCT116","940","0.584899999999999975","ARGFX","ARGFX","17","299","0.8013000000000000122569","1.0000000000000000000","0.83079999999999998","GTEx--Coexpression","CFAP61,LRRC39,ECSIT,MYPN,PRKAA2,NDUFB3,NDUFB2,PRKN,FHOD3,GRIP2,FMC1,PDLIM5,AIFM1,TNNC1,OBSCN,UQCR10,ATP5MF"
"DEG_MD_HCT116","941","0.585600000000000009","ZNF689","ZNF689","17","299","0.8013000000000000122569","1.0000000000000000000","0.83079999999999998","GTEx--Coexpression","EID3,NUP210L,ADAM32,CDKN3,AKR1E2,CCIN,SPA17,SPATA17,PCSK4,RIBC2,ZMYND10,CCDC38,CCT6B,AKAP3,DNAJC5G,FAM186B,LEKR1"
"DEG_MD_HCT116","942","0.586200000000000054","ZFP2","ZFP2","17","299","0.8013000000000000122569","1.0000000000000000000","0.83079999999999998","GTEx--Coexpression","RNF215,L1CAM,VAMP8,ZNF461,MTCL1,SLC45A1,GRIK2,ZNF585B,ZNF585A,PER3,RASGEF1C,ZNF391,DENND2D,MAP3K12,TRPC1,CASP4,SSBP2"
"DEG_MD_HCT116","943","0.586799999999999988","HMBOX1","HMBOX1","17","299","0.8013000000000000122569","1.0000000000000000000","0.83079999999999998","GTEx--Coexpression","MAP3K5,ADGRV1,MYO7A,STAMBPL1,HNRNPA2B1,CCDC154,EMID1,CACNA1D,LAMC3,SNTB1,SERPINA5,MAP3K15,ZNF747,BTN3A3,APBB3,ABCG1,FMNL3"
"DEG_MD_HCT116","944","0.587400000000000033","ZNF286A","ZNF286A","17","299","0.8013000000000000122569","1.0000000000000000000","0.83079999999999998","GTEx--Coexpression","MOSMO,ZNF221,ZNF461,ZNF214,ZBTB12,CNTNAP1,HNRNPA1,TRIM44,ZNF615,ZNF585B,ZNF585A,NAV3,MSANTD4,ZNF391,GLMN,MAP3K12,TRPC1"
"DEG_MD_HCT116","945","0.588099999999999956","ZFP90","ZFP90","17","299","0.8013000000000000122569","1.0000000000000000000","0.83079999999999998","GTEx--Coexpression","PRKACB,ABCA2,TTLL7,CORO2B,ZBTB42,PLEKHB1,TMOD2,GNAZ,CNTN1,NAV3,AP3M2,WASF3,SOX8,MAP6,SLC22A17,APLP1,GDAP1"
"DEG_MD_HCT116","946","0.588700000000000001","ZNF775","ZNF775","17","299","0.8013000000000000122569","1.0000000000000000000","0.83079999999999998","GTEx--Coexpression","RNF215,PSMC2,HAT1,PPP1R3E,IQSEC1,MZF1,GNAZ,MAST4,BRF1,SARM1,DGKE,BZW1,CACNB3,METTL26,CARMIL2,TUBG2,HAGHL"
"DEG_MD_HCT116","947","0.589300000000000046","ZNF792","ZNF792","17","299","0.8013000000000000122569","1.0000000000000000000","0.83079999999999998","GTEx--Coexpression","PDGFB,KIAA0040,NOSTRIN,DUSP6,PPARG,ADPRH,TIMP3,APOL3,ABHD15,KLF7,IL15RA,MAP6,BTN3A3,MDFIC,DOCK11,SDCBP,CMTM7"
"DEG_MD_HCT116","948","0.589899999999999980","ZBTB37","ZBTB37","17","299","0.8013000000000000122569","1.0000000000000000000","0.83079999999999998","GTEx--Coexpression","ITGAX,NDUFC2,PPM1F,MBOAT1,ZNF701,GAB3,EEF1E1,COX16,CREBRF,SLC44A2,PAPLN,CHCHD2,SDCBP,ZMAT1,ATG16L2,FMNL3,PIK3IP1"
"DEG_MD_HCT116","949","0.590500000000000025","ZNF85","ZNF85","17","299","0.8013000000000000122569","1.0000000000000000000","0.83079999999999998","GTEx--Coexpression","ADAM32,CDKN3,NEK2,CCIN,SPATA20,SPA17,PCSK4,MMEL1,RIBC2,PRR22,PBK,CNTD1,LEMD1,CCT6B,AKAP3,FAM186B,LEKR1"
"DEG_MD_HCT116","950","0.591199999999999948","ZBTB44","ZBTB44","17","299","0.8013000000000000122569","1.0000000000000000000","0.83079999999999998","GTEx--Coexpression","CFAP61,MYPN,TBX1,KLHL30,NPHP1,TMEM201,EYA4,ENO3,KIAA1217,OBSCN,CLIP4,TTN,KCNJ11,MSS51,SIX1,SIX4,RASA4B"
"DEG_MD_HCT116","951","0.591799999999999993","KDM5B","KDM5B","17","300","0.8054999999999999937828","1.0000000000000000000","0.82789999999999997","GTEx--Coexpression","EID3,NUP210L,TEX14,ADAM32,KCTD19,PCSK4,RIBC2,HORMAD2,ZMYND10,ZCWPW1,CNTD1,SYCP3,CCT6B,STAG3,AKAP3,DNAJC5G,FAM186B"
"DEG_MD_HCT116","952","0.592400000000000038","ZNF415","ZNF415","17","300","0.8054999999999999937828","1.0000000000000000000","0.82789999999999997","GTEx--Coexpression","FAM222A,FRMD5,CORO2B,CCDC92,OTUD7A,SH3GL3,SCNN1D,CNTN1,FAM131B,AP3M2,WASF3,ACSL6,MAP6,DNER,NME5,COLGALT2,DOCK3"
"DEG_MD_HCT116","953","0.592999999999999972","IKZF5","IKZF5","17","300","0.8054999999999999937828","1.0000000000000000000","0.82789999999999997","GTEx--Coexpression","FAM221A,SNF8,PELI2,PPP1R3E,N4BP2L1,TNKS2,TRA2A,CLDND1,RALGAPA1,MOB3B,POLR2L,SIAH1,CREBRF,HNRNPH3,MAP4K5,ATP5MF,ROMO1"
"DEG_MD_HCT116","954","0.593700000000000006","ZFP37","ZFP37","17","300","0.8054999999999999937828","1.0000000000000000000","0.82789999999999997","GTEx--Coexpression","MOSMO,VAMP8,ZNF221,ZNF461,ZNF214,MTCL1,ZNF615,SLC45A1,GRIK2,ZNF585B,ZNF585A,NAV3,MSANTD4,GPR137C,MAP3K12,TRPC1,CYP2U1"
"DEG_MD_HCT116","955","0.594300000000000050","SP110","SP110","17","300","0.8054999999999999937828","1.0000000000000000000","0.82789999999999997","GTEx--Coexpression","PSMB9,TNFRSF9,ITGAX,RINL,BST1,SECTM1,CD33,SYK,MILR1,NCKAP1L,DENND1C,AOAH,RPS6KA1,RUBCNL,VASP,NMI,CASP4"
"DEG_MD_HCT116","956","0.594899999999999984","ZNF33B","ZNF33B","17","300","0.8054999999999999937828","1.0000000000000000000","0.82789999999999997","GTEx--Coexpression","SLC25A45,FSCN2,SHC2,ONECUT1,KIRREL2,ANKHD1,GRPR,CDK5RAP3,CLPSL2,CRACR2B,GATM,TMED4,PGGHG,KRT18,AMY2B,TMEM125,ENKD1"
"DEG_MD_HCT116","957","0.595500000000000029","ESRRB","ESRRB","17","300","0.8054999999999999937828","1.0000000000000000000","0.82789999999999997","GTEx--Coexpression","LRRC39,ECSIT,MYPN,PRKAA2,NDUFB3,PRKN,GRIP2,FMC1,PDLIM5,ENO3,AIFM1,TNNC1,MACROD1,OBSCN,KCNJ11,UQCR10,TRPT1"
"DEG_MD_HCT116","958","0.596099999999999963","GFI1B","GFI1B","17","300","0.8054999999999999937828","1.0000000000000000000","0.82789999999999997","GTEx--Coexpression","ZNF467,SLC25A37,TRIM10,BST1,DHRS13,SECTM1,CCR3,CD33,LYL1,ARMH1,DENND1C,AOAH,LRFN1,RPS6KA1,SMIM1,VASP,MPIG6B"
"DEG_MD_HCT116","959","0.596799999999999997","PLSCR1","PLSCR1","17","300","0.8054999999999999937828","1.0000000000000000000","0.82789999999999997","GTEx--Coexpression","SKAP2,KIAA0040,BST1,SECTM1,IL18R1,BCL7A,IRF1,MILR1,APOL3,CEBPD,IL15RA,VASP,NMI,TYMP,SDCBP,CASP4,CMTM7"
"DEG_MD_HCT116","960","0.597400000000000042","PAX2","PAX2","17","300","0.8054999999999999937828","1.0000000000000000000","0.82789999999999997","GTEx--Coexpression","CLCNKB,KCP,PAQR5,MSRA,OGDHL,ADGRF3,CHDH,CRYZ,WDR72,BCAM,TCN2,TRIM6,KIFC3,FOLR1,IL17RB,CA12,TMEM139"
"DEG_MD_HCT116","961","0.597999999999999976","TBPL2","TBPL2","17","300","0.8054999999999999937828","1.0000000000000000000","0.82789999999999997","GTEx--Coexpression","IL20RA,RDH12,CSNK2B,SCML1,INAVA,ABCA12,NR1D1,ELL3,SLC26A3,KRT20,C1QTNF12,DCST2,CA12,FAM83B,PSAPL1,POU2F3,WNT16"
"DEG_MD_HCT116","962","0.598600000000000021","PA2G4","PA2G4","17","300","0.8054999999999999937828","1.0000000000000000000","0.82789999999999997","GTEx--Coexpression","DLGAP5,CENPW,CENPF,ARHGAP11A,EIF5A,PCNA,SPC25,CCNB1,NUP37,LDHA,GAR1,SNRPG,SNRPF,PCLAF,ESCO2,AMMECR1,ALYREF"
"DEG_MD_HCT116","963","0.599300000000000055","NR5A2","NR5A2","17","300","0.8054999999999999937828","1.0000000000000000000","0.82789999999999997","GTEx--Coexpression","PELI2,SLC25A45,FSCN2,SHC2,ONECUT1,KIRREL2,DPEP1,SARDH,GRPR,CLPSL2,CRACR2B,GATM,PGGHG,KRT18,AMY2B,FAIM,ENKD1"
"DEG_MD_HCT116","964","0.599899999999999989","SCML4","SCML4","17","300","0.8054999999999999937828","1.0000000000000000000","0.82789999999999997","GTEx--Coexpression","TMC8,ITGAX,PTPN7,RINL,SECTM1,CD33,SYK,SYTL3,DENND1C,DENND2D,PLCB2,AOAH,RPS6KA1,RUBCNL,VASP,ATG16L2,CMTM7"
"DEG_MD_HCT116","965","0.600500000000000034","ZSCAN5B","ZSCAN5B","17","300","0.8054999999999999937828","1.0000000000000000000","0.82789999999999997","GTEx--Coexpression","EID3,TEX14,TEX19,HERC5,KCTD19,HORMAD2,SERPINA5,ZCWPW1,HMGN5,ILDR2,CCDC34,SYCP3,PTGDS,STAG3,DNAJC5G,DMRT1,TRIML2"
"DEG_MD_HCT116","966","0.601099999999999968","BACH2","BACH2","17","300","0.8054999999999999937828","1.0000000000000000000","0.82789999999999997","GTEx--Coexpression","MYPN,ZNF865,CETN2,N4BP2L1,ZHX2,TNKS2,BACH1,ENO3,PRDM10,OBSCN,TTN,KCNJ11,MSS51,DIAPH1,RASA4B,CDH15,PIK3IP1"
"DEG_MD_HCT116","967","0.601700000000000013","ZNF341","ZNF341","17","300","0.8054999999999999937828","1.0000000000000000000","0.82789999999999997","GTEx--Coexpression","VSIR,PTAFR,ZNF467,DYSF,RINL,ARSG,BST1,CCNJL,DHRS13,SECTM1,GEMIN7,AOAH,LRFN1,RPS6KA1,FADD,NMI,B3GNT8"
"DEG_MD_HCT116","968","0.602400000000000047","PDX1","PDX1","17","300","0.8054999999999999937828","1.0000000000000000000","0.82789999999999997","GTEx--Coexpression","SLC25A45,FSCN2,SHC2,ONECUT1,KIAA1549,KIRREL2,GRPR,CLPSL2,CRACR2B,LFNG,GATM,ZFPM1,PGGHG,AMY2B,FAIM,TMEM125,ENKD1"
"DEG_MD_HCT116","969","0.602999999999999980","PROX1","PROX1","17","300","0.8054999999999999937828","1.0000000000000000000","0.82789999999999997","GTEx--Coexpression","CYP2D7,ATF5,C5,CYP4F3,RIDA,MAT1A,SARDH,CFB,PAH,GRB14,SLC26A1,AMBP,FGL1,CYP27A1,ORM2,LBX2,EHHADH"
"DEG_MD_HCT116","970","0.603600000000000025","ZNF554","ZNF554","17","300","0.8054999999999999937828","1.0000000000000000000","0.82789999999999997","GTEx--Coexpression","SLC12A5,SCN1B,ANK1,SYNGR1,GRIK2,PRKN,GGT7,SYT3,BCL7A,SBK1,NFIX,RTN4R,KCNJ11,SPTBN4,CD99L2,CDH15,NEURL1"
"DEG_MD_HCT116","971","0.604199999999999959","ZBTB40","ZBTB40","17","300","0.8054999999999999937828","1.0000000000000000000","0.82789999999999997","GTEx--Coexpression","TMA7,ITGA1,ITGA9,CCNL2,BANK1,ANKHD1,NAT8L,GCSH,BLOC1S2,TUBB2A,ZNF783,SMARCD1,TMED4,DBI,SGSH,MAN2C1,POMP"
"DEG_MD_HCT116","972","0.604899999999999993","NANOGP8","NANOGP8","17","300","0.8054999999999999937828","1.0000000000000000000","0.82789999999999997","GTEx--Coexpression","GTF2IRD2B,GSTM2,ZNF214,ITGAX,SORL1,CCNL2,NTNG2,CD33,NCKAP1L,DENND1C,AOAH,FKBP9,LRFN1,AMT,RPS6KA1,RUBCNL,VASP"
"DEG_MD_HCT116","973","0.605500000000000038","NEUROG2","NEUROG2","17","300","0.8054999999999999937828","1.0000000000000000000","0.82789999999999997","GTEx--Coexpression","RUFY4,GPR15,IKZF2,TMPO,PCNA,RPA3,CPOX,MYBL2,ADGRF3,AGPAT5,DEPDC1B,VASH2,IL21R,PCLAF,ESCO2,EBI3,ANP32E"
"DEG_MD_HCT116","974","0.606099999999999972","BATF","BATF","17","300","0.8054999999999999937828","1.0000000000000000000","0.82789999999999997","GTEx--Coexpression","PTAFR,PSMB9,TNFRSF9,PTPN7,PIK3AP1,RINL,DHRS13,CD33,SYK,MILR1,NCKAP1L,DENND1C,IL21R,RPS6KA1,RUBCNL,VASP,NMI"
"DEG_MD_HCT116","975","0.606700000000000017","GLYR1","GLYR1","17","300","0.8054999999999999937828","1.0000000000000000000","0.82789999999999997","GTEx--Coexpression","PSMD1,JPH2,ZNF480,SYNPO2,KCNB1,SRR,TRIM44,KCNQ4,SYNM,TES,MSANTD4,CACNB2,ZNF747,ANTXR2,COL4A6,HSPB8,PALLD"
"DEG_MD_HCT116","976","0.607299999999999951","PTF1A","PTF1A","17","300","0.8054999999999999937828","1.0000000000000000000","0.82789999999999997","GTEx--Coexpression","PELI2,SLC25A45,FSCN2,SHC2,ONECUT1,KIAA1549,KIRREL2,GRPR,CLPSL2,CRACR2B,GATM,ZFPM1,PGGHG,AMY2B,FAIM,TMEM125,ENKD1"
"DEG_MD_HCT116","977","0.607999999999999985","NFE2","NFE2","17","300","0.8054999999999999937828","1.0000000000000000000","0.82789999999999997","GTEx--Coexpression","VSIR,PTAFR,ZNF467,DYSF,ITGAX,BST1,CCNJL,DHRS13,SECTM1,CD33,MILR1,AOAH,RPS6KA1,FADD,VASP,NMI,B3GNT8"
"DEG_MD_HCT116","978","0.608600000000000030","EOMES","EOMES","17","300","0.8054999999999999937828","1.0000000000000000000","0.82789999999999997","GTEx--Coexpression","KCND1,TMC8,LAG3,DRAXIN,ARL4C,PTPN7,CCNJL,ADGRG5,SYTL3,DENND1C,PLCB2,AOAH,LRFN1,RUBCNL,CXCR4,KLRC4,SLC2A3"
"DEG_MD_HCT116","979","0.609199999999999964","ZFP14","ZFP14","17","300","0.8054999999999999937828","1.0000000000000000000","0.82789999999999997","GTEx--Coexpression","BHLHE41,ZNF461,TTLL7,TMEM25,ZNF615,PPP1R3E,ZNF585B,ZNF585A,PER3,HMGB1,GLRX2,DGKE,RALGAPA1,TRPC1,ZMAT1,ALYREF,OPLAH"
"DEG_MD_HCT116","980","0.609800000000000009","DMRTC2","DMRTC2","17","300","0.8054999999999999937828","1.0000000000000000000","0.82789999999999997","GTEx--Coexpression","EID3,NUP210L,TEX14,TEX19,KCTD19,PCSK4,RIBC2,HORMAD2,ZMYND10,ZCWPW1,CNTD1,SYCP3,CCT6B,STAG3,DNAJC5G,DMRT1,FAM186B"
"DEG_MD_HCT116","981","0.610500000000000043","NFE4","NFE4","17","300","0.8054999999999999937828","1.0000000000000000000","0.82789999999999997","GTEx--Coexpression","VSIR,PTAFR,ZNF467,DYSF,ARSG,BST1,CCNJL,DHRS13,SECTM1,CD33,MILR1,LRFN1,RPS6KA1,FADD,VASP,NMI,B3GNT8"
"DEG_MD_HCT116","982","0.611099999999999977","PRDM13","PRDM13","17","300","0.8054999999999999937828","1.0000000000000000000","0.82789999999999997","GTEx--Coexpression","GPR15,DLGAP5,HLA-DRA,IKZF2,TMPO,PCNA,RPA3,SPC25,CPOX,MYBL2,AGPAT5,DEPDC1B,VASH2,IL21R,PCLAF,ESCO2,EBI3"
"DEG_MD_HCT116","983","0.611700000000000021","TGIF2","TGIF2","17","300","0.8054999999999999937828","1.0000000000000000000","0.82789999999999997","GTEx--Coexpression","PSMB9,HLA-DOA,LAG3,BCL2L12,HLA-DRA,PIK3AP1,TMPO,RFTN1,ADGRG5,TNFAIP3,MYBL2,NCKAP1L,MCM5,IL21R,EBI3,PARP10,FANCD2"
"DEG_MD_HCT116","984","0.612299999999999955","ZNF215","ZNF215","17","300","0.8054999999999999937828","1.0000000000000000000","0.82789999999999997","GTEx--Coexpression","DLGAP5,CENPE,CENPF,ALDH1L2,ARHGAP11A,SPDL1,ACTR2,TMPO,PCNA,SPC25,CCNB1,MYBL2,NUP37,DEPDC1B,TK1,PCLAF,ESCO2"
"DEG_MD_HCT116","985","0.612900000000000000","DMRTB1","DMRTB1","17","300","0.8054999999999999937828","1.0000000000000000000","0.82789999999999997","GTEx--Coexpression","EID3,NUP210L,TEX14,ADAM32,SPA17,KCTD19,SPATA17,PCSK4,RIBC2,HORMAD2,ZMYND10,ZCWPW1,SYCP3,CCT6B,STAG3,DNAJC5G,FAM186B"
"DEG_MD_HCT116","986","0.613600000000000034","NRF1","NRF1","17","300","0.8054999999999999937828","1.0000000000000000000","0.82789999999999997","GTEx--Coexpression","ZNF250,KCND1,LIN7A,DYSF,ZNF865,SCN1B,ANK1,ARSG,YES1,CCNJL,DHRS13,TIMM17B,PRDM10,MAP2K6,LRFN1,PLCL2,CDH15"
"DEG_MD_HCT116","987","0.614199999999999968","CENPB","CENPB","16","297","0.8558999999999999941380","1.0000000000000000000","0.78469999999999995","GTEx--Coexpression","TMA7,FGFBP3,GPR37,FRMD5,SLC5A11,PLEKHB1,SEC14L5,TMEM151A,SH3GL3,GCSH,CLDND1,GAL3ST1,C1QL1,SOX8,APLP1,COLGALT2"
"DEG_MD_HCT116","988","0.614800000000000013","ZNF761","ZNF761","16","297","0.8558999999999999941380","1.0000000000000000000","0.78469999999999995","GTEx--Coexpression","HNRNPA1,ZNF615,CCNL2,SLC45A3,TRA2A,CDK5RAP3,WDR27,ZNF350,GCNT2,RPL17,PAPOLA,CDK3,EBF4,PRIM2,DPP4,PCED1A"
"DEG_MD_HCT116","989","0.615399999999999947","HOXC8","HOXC8","16","297","0.8558999999999999941380","1.0000000000000000000","0.78469999999999995","GTEx--Coexpression","FEZ2,PCDHGA10,HOXC11,ALDH1L2,ZNF84,KIRREL1,COL12A1,GPR176,DKK1,HOXC4,ADAMTS2,TWIST1,CITED2,STEAP1,SIX1,SIX4"
"DEG_MD_HCT116","990","0.616099999999999981","ZNF880","ZNF880","16","297","0.8558999999999999941380","1.0000000000000000000","0.78469999999999995","GTEx--Coexpression","ZNF268,ZNF221,EFEMP2,ZNF615,ARSJ,RFTN1,ZNF84,KIRREL1,CRIM1,CHST14,ZEB1,FGF2,TRPC1,AXL,SYDE1,RBMS3"
"DEG_MD_HCT116","991","0.616700000000000026","AKAP8L","AKAP8L","16","298","0.8592999999999999527489","1.0000000000000000000","0.78200000000000003","GTEx--Coexpression","ZFYVE28,IDUA,TMEM120B,CCNL2,PPP1R3E,HSF4,HNRNPA2B1,CCDC154,SCNN1D,MZF1,PAN2,CDK5RAP3,BRF1,CDRT4,APBB3,MAN2C1"
"DEG_MD_HCT116","992","0.617299999999999960","ZNF692","ZNF692","16","298","0.8592999999999999527489","1.0000000000000000000","0.78200000000000003","GTEx--Coexpression","TMEM120B,CCNL2,PPP1R3E,HSF4,CCDC154,SCNN1D,MZF1,PAN2,TRA2A,CDK5RAP3,WDR27,BRF1,AMT,CDRT4,APBB3,PCED1A"
"DEG_MD_HCT116","993","0.617900000000000005","ZNF280C","ZNF280C","16","298","0.8592999999999999527489","1.0000000000000000000","0.78200000000000003","GTEx--Coexpression","TEX14,TEX19,CKS2,NEK2,KPNA2,SPDL1,HERC5,DHX9,XRCC6,RTTN,NUF2,SYCP3,STAG3,DMRT1,SGO2,FANCD2"
"DEG_MD_HCT116","994","0.618500000000000050","SOX4","SOX4","16","298","0.8592999999999999527489","1.0000000000000000000","0.78200000000000003","GTEx--Coexpression","NR2F2,MMP14,SAV1,HNRNPA1,ARHGEF28,CPXM1,MMP7,BLOC1S1,NFATC4,GLI2,TIMP2,WDR27,RPL17,CTNND1,GALNT10,ZFP36L1"
"DEG_MD_HCT116","995","0.619199999999999973","DMTF1","DMTF1","16","298","0.8592999999999999527489","1.0000000000000000000","0.78200000000000003","GTEx--Coexpression","SNF8,PSMB6,HNRNPA3,CCNL2,HNRNPA2B1,PAN2,TRA2A,CDK5RAP3,WDR27,ZNF783,CDRT4,HNRNPH3,APBB3,ZMAT1,MAN2C1,PCED1A"
"DEG_MD_HCT116","996","0.619800000000000018","HSF5","HSF5","16","298","0.8592999999999999527489","1.0000000000000000000","0.78200000000000003","GTEx--Coexpression","EID3,NUP210L,ADAM32,CDKN3,CCIN,SPA17,KCTD19,SPATA17,PCSK4,RIBC2,HORMAD2,ZMYND10,CCT6B,AKAP3,DNAJC5G,FAM186B"
"DEG_MD_HCT116","997","0.620399999999999952","CREB3L1","CREB3L1","16","299","0.8625000000000000444089","1.0000000000000000000","0.77920000000000000","GTEx--Coexpression","JTB,GPR39,TMC5,ALDH1L2,SLC9A2,ZBTB42,RASSF6,ARHGEF28,GALNT3,CRACR2B,ELOA,GCNT1,AP1M2,CLDN18,KRT18,ANXA10"
"DEG_MD_HCT116","998","0.620999999999999996","FOXK2","FOXK2","16","299","0.8625000000000000444089","1.0000000000000000000","0.77920000000000000","GTEx--Coexpression","PSMD2,PSMD1,CFAP61,PSMC1,PSMC2,TBX1,KLHL30,TMEM201,EYA4,ENO3,TRMT6,OBSCN,ABLIM2,KCNJ11,SIX4,PDE4D"
"DEG_MD_HCT116","999","0.621700000000000030","GSC2","GSC2","16","299","0.8625000000000000444089","1.0000000000000000000","0.77920000000000000","GTEx--Coexpression","EID3,NUP210L,TEX14,TEX19,HERC5,KCTD19,XRCC6,HORMAD2,FRMPD1,SERPINA5,ZCWPW1,HMGN5,SYCP3,STAG3,DNAJC5G,DMRT1"
"DEG_MD_HCT116","1000","0.622299999999999964","ZNF660","ZNF660","16","299","0.8625000000000000444089","1.0000000000000000000","0.77920000000000000","GTEx--Coexpression","VAMP8,ZNF221,ZNF461,ZNF214,HNRNPA1,ZNF615,ZNF585B,ZNF585A,NFATC4,SARM1,MAP3K12,TRPC1,P3H3,TRANK1,HNRNPH3,SSBP2"
"DEG_MD_HCT116","1001","0.622900000000000009","NR6A1","NR6A1","16","299","0.8625000000000000444089","1.0000000000000000000","0.77920000000000000","GTEx--Coexpression","EID3,NUP210L,TEX14,TEX19,KCTD19,PCSK4,HORMAD2,ZMYND10,PRR22,ZCWPW1,CNTD1,SYCP3,STAG3,DNAJC5G,DMRT1,FAM186B"
"DEG_MD_HCT116","1002","0.623500000000000054","ZNF501","ZNF501","16","299","0.8625000000000000444089","1.0000000000000000000","0.77920000000000000","GTEx--Coexpression","ZNF268,ZNF221,ZBTB12,PARD3B,SRR,TRIM44,ARSJ,ZNF84,KIRREL1,LAMA4,MSANTD4,GPR176,ZEB1,FGF2,CITED2,SYDE1"
"DEG_MD_HCT116","1003","0.624099999999999988","MBD4","MBD4","16","299","0.8625000000000000444089","1.0000000000000000000","0.77920000000000000","GTEx--Coexpression","TMC8,PTAFR,PSMB9,PIK3AP1,RINL,ZNF701,CD33,SYK,IL18R1,MILR1,NCKAP1L,DENND1C,RPS6KA1,NMI,CASP4,CMTM7"
"DEG_MD_HCT116","1004","0.624800000000000022","ZNF75A","ZNF75A","16","299","0.8625000000000000444089","1.0000000000000000000","0.77920000000000000","GTEx--Coexpression","LIPG,GTF2IRD2B,ZNF268,KCNC3,ZNF461,TARBP1,TMEM120B,CCNL2,PPP1R3E,ZNF585B,MZF1,PAN2,CDK5RAP3,SALL4,LCN12,ZMAT1"
"DEG_MD_HCT116","1005","0.625399999999999956","NCOA1","NCOA1","16","299","0.8625000000000000444089","1.0000000000000000000","0.77920000000000000","GTEx--Coexpression","CSMD3,PALM,TMOD2,GNAL,NAT8L,POLD4,TMEM132B,RAB13,ACSL6,CD99L2,RYR3,SEC61G,ACBD7,GDAP1,NEURL1,LTBR"
"DEG_MD_HCT116","1006","0.626000000000000001","ZNF200","ZNF200","16","299","0.8625000000000000444089","1.0000000000000000000","0.77920000000000000","GTEx--Coexpression","EID3,NUP210L,TEX14,LRR1,HERC5,PPP1R35,ARMC12,GRINA,HORMAD2,ZCWPW1,CNTD1,DUSP18,FBXL13,SYCP3,STAG3,PSENEN"
"DEG_MD_HCT116","1007","0.626600000000000046","POU4F1","POU4F1","16","299","0.8625000000000000444089","1.0000000000000000000","0.77920000000000000","GTEx--Coexpression","GPR15,IL12RB2,PSMC1,CPOX,KLHL30,MYBL2,AGPAT5,RTTN,DEPDC1B,OIP5,VASH2,IL21R,ESCO2,EBI3,ANP32E,FANCD2"
"DEG_MD_HCT116","1008","0.627299999999999969","ZNF524","ZNF524","16","299","0.8625000000000000444089","1.0000000000000000000","0.77920000000000000","GTEx--Coexpression","JTB,SDHAF1,ZNF467,SLC25A45,BCL2L12,ZBTB42,ZNF865,KIRREL2,GEMIN7,TIMM17B,POLD4,LFNG,TIGD5,ZFPM1,FADD,CASP4"
"DEG_MD_HCT116","1009","0.627900000000000014","ZNF606","ZNF606","16","299","0.8625000000000000444089","1.0000000000000000000","0.77920000000000000","GTEx--Coexpression","KCNC3,HNRNPA3,CCNL2,PPP1R3E,ZNF585B,HNRNPA2B1,MZF1,PAN2,CDK5RAP3,WDR27,SALL4,CDRT4,LCN12,TMED4,ZMAT1,MAN2C1"
"DEG_MD_HCT116","1010","0.628499999999999948","PHF1","PHF1","16","299","0.8625000000000000444089","1.0000000000000000000","0.77920000000000000","GTEx--Coexpression","EID3,NUP210L,SPATA20,KCTD19,PCSK4,CCDC154,HORMAD2,ZMYND10,FANK1,ZCWPW1,OSCP1,TTC23L,SYCP3,STAG3,DNAJC5G,FAM186B"
"DEG_MD_HCT116","1011","0.629099999999999993","ZNF716","ZNF716","16","299","0.8625000000000000444089","1.0000000000000000000","0.77920000000000000","GTEx--Coexpression","EID3,NUP210L,TEX14,ADAM32,SPA17,KCTD19,SPATA17,HORMAD2,ZCWPW1,SYCP3,CCT6B,STAG3,AKAP3,DNAJC5G,DMRT1,FAM186B"
"DEG_MD_HCT116","1012","0.629700000000000037","NFE2L3","NFE2L3","16","299","0.8625000000000000444089","1.0000000000000000000","0.77920000000000000","GTEx--Coexpression","VAMP8,CCDC92,CETN2,CD44,TFAP4,INAVA,ANKHD1,DEGS2,ABCA12,MAML3,LFNG,ANXA9,MACC1,KRT23,MPZL3,PSAPL1"
"DEG_MD_HCT116","1013","0.630399999999999960","ZNF512","ZNF512","16","299","0.8625000000000000444089","1.0000000000000000000","0.77920000000000000","GTEx--Coexpression","NR2F2,ZNF214,EIF5A,HNRNPA3,ZNF585B,HMGB1,NFATC4,TIMP2,WDR27,ZNF783,TRPC1,EBF4,HNRNPH3,ZMAT1,PCED1A,SSBP2"
"DEG_MD_HCT116","1014","0.631000000000000005","PRDM14","PRDM14","16","299","0.8625000000000000444089","1.0000000000000000000","0.77920000000000000","GTEx--Coexpression","EID3,NUP210L,TEX14,TEX19,HERC5,KCTD19,XRCC6,HORMAD2,SERPINA5,ZCWPW1,CNTD1,HMGN5,SYCP3,STAG3,DNAJC5G,DMRT1"
"DEG_MD_HCT116","1015","0.631600000000000050","TERF1","TERF1","16","299","0.8625000000000000444089","1.0000000000000000000","0.77920000000000000","GTEx--Coexpression","VAMP8,MMP16,ZNF461,TTLL7,SHC4,PARD3B,ZNF615,SLC45A1,ZNF585A,NXPH3,RASGEF1C,DACT1,ENDOD1,TRPC1,CYP2U1,SSBP2"
"DEG_MD_HCT116","1016","0.632199999999999984","ZNF587","ZNF587","16","299","0.8625000000000000444089","1.0000000000000000000","0.77920000000000000","GTEx--Coexpression","JTB,RASSF6,CCNL2,ANKHD1,RBM47,GALNT3,CDK5RAP3,CRACR2B,CDH1,CUL7,AP1M2,CDK3,CDRT4,KRT8,TMED4,KRT18"
"DEG_MD_HCT116","1017","0.632900000000000018","ZNF609","ZNF609","16","299","0.8625000000000000444089","1.0000000000000000000","0.77920000000000000","GTEx--Coexpression","STARD9,EID3,NUP210L,TEX14,AKR1E2,DONSON,HERC5,KCTD19,DHX9,XRCC6,HORMAD2,NFATC4,SYCP3,STAG3,USP44,LEKR1"
"DEG_MD_HCT116","1018","0.633499999999999952","ZGPAT","ZGPAT","16","300","0.8658000000000000140332","1.0000000000000000000","0.77639999999999998","GTEx--Coexpression","CYP2D7,C5,SULT1A2,CYP4F3,RIDA,PCK2,MAT1A,SARDH,PAH,GRB14,SLC26A1,AMBP,CYP27A1,LBX2,ACBD4,EHHADH"
"DEG_MD_HCT116","1019","0.634099999999999997","ZNF648","ZNF648","16","300","0.8658000000000000140332","1.0000000000000000000","0.77639999999999998","GTEx--Coexpression","CYP2D7,C5,CYP4F3,RIDA,RORC,MAT1A,SARDH,PAH,GPT,NOTUM,GRB14,SLC26A1,AMBP,CYP27A1,LBX2,EHHADH"
"DEG_MD_HCT116","1020","0.634700000000000042","GATAD2B","GATAD2B","16","300","0.8658000000000000140332","1.0000000000000000000","0.77639999999999998","GTEx--Coexpression","KCND1,ITGAX,ARL4C,PXT1,EOMES,SYTL3,PRDM10,DENND1C,AOAH,LRFN1,RUBCNL,CREBRF,CXCR4,MPIG6B,KLRC4,SLC2A3"
"DEG_MD_HCT116","1021","0.635299999999999976","FOSL2","FOSL2","16","300","0.8658000000000000140332","1.0000000000000000000","0.77639999999999998","GTEx--Coexpression","SNX33,SOCS3,FSD1,CCDC92,PPP1R3E,STMN3,TNIK,NF2,CEBPD,AP3M2,KLF8,TRAF3IP2,ACSL6,DOCK3,HAGHL,GDAP1"
"DEG_MD_HCT116","1022","0.636000000000000010","ASCL5","ASCL5","16","300","0.8658000000000000140332","1.0000000000000000000","0.77639999999999998","GTEx--Coexpression","SLC25A45,SHC2,ONECUT1,KIAA1549,TCEA3,KIRREL2,CLPSL2,GATM,MACROD1,KCNJ11,MSS51,AMY2B,ENKD1,TBCE,SIX4,NEURL1"
"DEG_MD_HCT116","1023","0.636600000000000055","ZNF566","ZNF566","16","300","0.8658000000000000140332","1.0000000000000000000","0.77639999999999998","GTEx--Coexpression","MOSMO,VAMP8,ZNF221,ZNF461,MTCL1,ZNF615,GRIK2,ZNF585A,PPFIA4,MSANTD4,ENO2,GPR137C,NFIX,GLMN,CDH15,CAMK2D"
"DEG_MD_HCT116","1024","0.637199999999999989","SPI1","SPI1","16","300","0.8658000000000000140332","1.0000000000000000000","0.77639999999999998","GTEx--Coexpression","VSIR,PTAFR,ZNF467,DYSF,ITGAX,BST1,CCNJL,DHRS13,SECTM1,CD33,MILR1,AOAH,LRFN1,RPS6KA1,VASP,NMI"
"DEG_MD_HCT116","1025","0.637800000000000034","SP100","SP100","16","300","0.8658000000000000140332","1.0000000000000000000","0.77639999999999998","GTEx--Coexpression","HLA-DMB,PSMB9,HLA-DOA,HLA-DRA,PIK3AP1,ZNF701,RFTN1,ADPRH,NCKAP1L,MAP6,NMI,BTN3A3,MDFIC,DOCK8,CASP4,NEURL1"
"DEG_MD_HCT116","1026","0.638499999999999956","ZNF620","ZNF620","16","300","0.8658000000000000140332","1.0000000000000000000","0.77639999999999998","GTEx--Coexpression","ZNF480,ZNF221,ZNF461,GPR87,PRPS1,ST7,ZNF615,TRIM29,ZNF585A,ZNF84,NXPH3,ADPRH,SARM1,NECTIN4,OVOL1,TBCE"
"DEG_MD_HCT116","1027","0.639100000000000001","ZNF784","ZNF784","16","300","0.8658000000000000140332","1.0000000000000000000","0.77639999999999998","GTEx--Coexpression","LRRC39,MYPN,PRKAA2,ZNF865,SLC25A34,TCEA3,TIMM17B,EYA4,ENO3,TNNC1,MACROD1,OBSCN,KCNJ11,MSS51,RASA4B,TRPT1"
"DEG_MD_HCT116","1028","0.639700000000000046","ATF5","ATF5","16","300","0.8658000000000000140332","1.0000000000000000000","0.77639999999999998","GTEx--Coexpression","CYP2D7,C5,CYP4F3,RIDA,ST6GAL1,MAT1A,SARDH,CFB,PAH,SERPINA1,AMBP,FGL1,CYP27A1,ORM2,LBX2,EHHADH"
"DEG_MD_HCT116","1029","0.640299999999999980","THAP7","THAP7","16","300","0.8658000000000000140332","1.0000000000000000000","0.77639999999999998","GTEx--Coexpression","GABARAP,GTF2IRD2B,PSMC5,FOXO6,ACTR2,COMMD4,HSF4,CCDC154,NPHP1,FMC1,MYO15A,ZNF747,CDRT4,IL17RC,ENKD1,TRPT1"
"DEG_MD_HCT116","1030","0.640900000000000025","TET2","TET2","16","300","0.8658000000000000140332","1.0000000000000000000","0.77639999999999998","GTEx--Coexpression","IL1RAP,ITGAX,SYK,CD44,DAPP1,BACH1,DENND2D,TMEM154,RPS6KA1,RUBCNL,NMI,B3GNT8,MPZL3,MPIG6B,ATG16L2,CASP4"
"DEG_MD_HCT116","1031","0.641599999999999948","CREBZF","CREBZF","16","300","0.8658000000000000140332","1.0000000000000000000","0.77639999999999998","GTEx--Coexpression","SNF8,IDUA,HNRNPA1,HNRNPA3,CCNL2,ANKHD1,PAN2,NHLRC3,WDR27,ZNF783,AMT,TMED4,HNRNPH3,ATP5MF,MAN2C1,POMP"
"DEG_MD_HCT116","1032","0.642199999999999993","MNX1","MNX1","16","300","0.8658000000000000140332","1.0000000000000000000","0.77639999999999998","GTEx--Coexpression","JTB,SLC25A45,FSCN2,SHC2,ONECUT1,KIRREL2,GRPR,CLPSL2,CRACR2B,GATM,ZFPM1,PGGHG,KRT18,AMY2B,TMEM125,ENKD1"
"DEG_MD_HCT116","1033","0.642800000000000038","ZBTB34","ZBTB34","16","300","0.8658000000000000140332","1.0000000000000000000","0.77639999999999998","GTEx--Coexpression","VSIR,PTAFR,ZNF467,ITGAX,SORL1,ARSG,BST1,CCNJL,DHRS13,SECTM1,CD33,IL18R1,MILR1,RPS6KA1,NMI,SDCBP"
"DEG_MD_HCT116","1034","0.643399999999999972","ZFP30","ZFP30","16","300","0.8658000000000000140332","1.0000000000000000000","0.77639999999999998","GTEx--Coexpression","ZNF221,ZNF461,MTCL1,GRIK2,ZNF585A,PPFIA4,ADAM11,ZNF91,ENO2,RTTN,ZNF391,GPR137C,CACNB4,GLMN,MAP3K12,SRRM3"
"DEG_MD_HCT116","1035","0.644100000000000006","ZNF491","ZNF491","16","300","0.8658000000000000140332","1.0000000000000000000","0.77639999999999998","GTEx--Coexpression","GTF2IRD2B,ZNF221,ZNF461,ZNF214,ST7,ZNF615,ZNF704,ZNF585B,ZNF585A,PLCB4,SARM1,TRPC1,AMT,P3H3,CYP2U1,TBCE"
"DEG_MD_HCT116","1036","0.644700000000000051","FOXJ3","FOXJ3","16","300","0.8658000000000000140332","1.0000000000000000000","0.77639999999999998","GTEx--Coexpression","TBX1,KLHL30,DDX46,TNKS2,EYA4,ENO3,MITF,OBSCN,CLIP4,TTN,KCNJ11,SIAH1,SIX1,SIX4,RASA4B,NRIP1"
"DEG_MD_HCT116","1037","0.645299999999999985","ZNF25","ZNF25","16","300","0.8658000000000000140332","1.0000000000000000000","0.77639999999999998","GTEx--Coexpression","PRKACB,B4GAT1,DLGAP1,VAMP8,ATL1,CNTNAP1,SLC12A5,SYT13,SLC45A1,PNMA2,SYT3,SYT1,CNTN1,CD99L2,TMEM59L,GDAP1"
"DEG_MD_HCT116","1038","0.645900000000000030","ZNF511","ZNF511","16","300","0.8658000000000000140332","1.0000000000000000000","0.77639999999999998","GTEx--Coexpression","SNF8,LRRC39,ECSIT,JPH2,ZNF480,PSMB6,ZNF865,FMC1,TIMM17B,ENO3,TNNC1,DHRS4,MACROD1,OBSCN,UQCR10,TRPT1"
"DEG_MD_HCT116","1039","0.646499999999999964","MLXIPL","MLXIPL","16","300","0.8658000000000000140332","1.0000000000000000000","0.77639999999999998","GTEx--Coexpression","CYP2D7,ATF5,C5,CYP4F3,RIDA,MAT1A,SARDH,PAH,GPT,GRB14,SLC26A1,AMBP,CYP27A1,ORM2,LBX2,EHHADH"
"DEG_MD_HCT116","1040","0.647199999999999998","ZNF169","ZNF169","16","300","0.8658000000000000140332","1.0000000000000000000","0.77639999999999998","GTEx--Coexpression","ZNF461,LIN7A,SORL1,PPP1R3E,ZNF701,YES1,IQSEC1,CD22,ZNF804A,PCYOX1L,DGKE,ZNF783,KCNAB3,TRANK1,CARMIL2,SEM1"
"DEG_MD_HCT116","1041","0.647800000000000042","ZNF324","ZNF324","16","300","0.8658000000000000140332","1.0000000000000000000","0.77639999999999998","GTEx--Coexpression","NOSTRIN,SDHAF1,RIN1,ARSG,DHRS13,CAMKK1,GEMIN7,MAML3,PLCH2,TIGD5,TMEM154,LRFN1,NES,FADD,MPZL3,CAMK1D"
"DEG_MD_HCT116","1042","0.648399999999999976","ZNF181","ZNF181","16","300","0.8658000000000000140332","1.0000000000000000000","0.77639999999999998","GTEx--Coexpression","CACNA2D1,MYPN,PRKAA2,PRKN,ZNF585A,PLA2G4C,TMEM201,EYA4,MSANTD4,ENO3,ADCY9,MACROD1,OBSCN,KCNJ11,TBCE,SIX4"
"DEG_MD_HCT116","1043","0.649000000000000021","TBX21","TBX21","16","300","0.8658000000000000140332","1.0000000000000000000","0.77639999999999998","GTEx--Coexpression","TMC8,LAG3,TNFRSF9,ARL4C,PTPN7,RINL,EOMES,ADGRG5,SYTL3,DENND1C,DENND2D,PLCB2,AOAH,RUBCNL,CXCR4,KLRC4"
"DEG_MD_HCT116","1044","0.649700000000000055","ZNF445","ZNF445","16","300","0.8658000000000000140332","1.0000000000000000000","0.77639999999999998","GTEx--Coexpression","L1CAM,ZNF250,KCND1,LIN7A,TMEM120B,MTCL1,ZNF615,ZNF585A,PER3,RASGEF1C,DGKE,ZNF783,MAP3K12,AMT,KCNAB3,TRANK1"
"DEG_MD_HCT116","1045","0.650299999999999989","ZNF570","ZNF570","16","300","0.8658000000000000140332","1.0000000000000000000","0.77639999999999998","GTEx--Coexpression","ADAM32,CDKN3,NEK2,KPNA2,AKR1E2,EFCAB11,LRR1,SPA17,ZNF84,GLRX2,RPL26L1,RTTN,PBK,AK6,SGO2,LEKR1"
"DEG_MD_HCT116","1046","0.650900000000000034","STAT4","STAT4","16","300","0.8658000000000000140332","1.0000000000000000000","0.77639999999999998","GTEx--Coexpression","ITGAX,PTPN7,ARSA,GAB3,EOMES,ARMH1,DNAH1,SYTL3,DENND1C,PLCB2,AOAH,FBXL13,RUBCNL,PSENEN,CXCR4,KLRC4"
"DEG_MD_HCT116","1047","0.651499999999999968","ZNF770","ZNF770","16","300","0.8658000000000000140332","1.0000000000000000000","0.77639999999999998","GTEx--Coexpression","LYPD3,GPR87,TACSTD2,ZNF426,TMEM19,CRYBG2,CRYBG1,EIF5A,NUP37,SULT2B1,GAR1,DENND2C,PPL,AMMECR1,FAM83B,SGPP2"
"DEG_MD_HCT116","1048","0.652100000000000013","ARID3A","ARID3A","16","300","0.8658000000000000140332","1.0000000000000000000","0.77639999999999998","GTEx--Coexpression","PTAFR,PSMB9,TNFRSF9,PTPN7,PIK3AP1,RINL,DHRS13,SYK,NCKAP1L,DUSP18,IL21R,RPS6KA1,RUBCNL,FADD,VASP,NMI"
"DEG_MD_HCT116","1049","0.652800000000000047","ZNF441","ZNF441","16","300","0.8658000000000000140332","1.0000000000000000000","0.77639999999999998","GTEx--Coexpression","ZNF461,TARBP1,TMEM25,TMEM120B,ZNF615,PPP1R3E,SLC45A1,GRIK2,ZNF585B,ZNF585A,GGT7,ENO2,DGKE,CACNB4,MAP3K12,TRPC1"
"DEG_MD_HCT116","1050","0.653399999999999981","ZNF615","ZNF615","16","300","0.8658000000000000140332","1.0000000000000000000","0.77639999999999998","GTEx--Coexpression","GTF2IRD2B,ZNF250,VAMP8,ZNF461,PMEPA1,ZNF704,ZNF585B,ZNF585A,PCDHB14,ZNF350,RALGAPA1,TRPC1,EBF4,CYP2U1,SPEG,SSBP2"
"DEG_MD_HCT116","1051","0.654000000000000026","ELF4","ELF4","16","300","0.8658000000000000140332","1.0000000000000000000","0.77639999999999998","GTEx--Coexpression","PSMB9,ITGAX,BST1,SECTM1,CD33,SYK,NCKAP1L,DENND1C,DENND2D,AOAH,RPS6KA1,RUBCNL,VASP,NMI,CASP4,CMTM7"
"DEG_MD_HCT116","1052","0.654599999999999960","POU4F2","POU4F2","16","300","0.8658000000000000140332","1.0000000000000000000","0.77639999999999998","GTEx--Coexpression","EID3,NUP210L,TEX14,ADAM32,SPA17,KCTD19,SPATA17,PCSK4,RIBC2,HORMAD2,ZMYND10,CCDC38,CCT6B,AKAP3,DNAJC5G,FAM186B"
"DEG_MD_HCT116","1053","0.655299999999999994","ZNF467","ZNF467","16","300","0.8658000000000000140332","1.0000000000000000000","0.77639999999999998","GTEx--Coexpression","VSIR,PTAFR,DYSF,ITGAX,BST1,CCNJL,DHRS13,SECTM1,CD33,MILR1,AOAH,LRFN1,RPS6KA1,FADD,VASP,NMI"
"DEG_MD_HCT116","1054","0.655900000000000039","ZNF878","ZNF878","16","300","0.8658000000000000140332","1.0000000000000000000","0.77639999999999998","GTEx--Coexpression","GPR15,DLGAP5,IKZF2,TMPO,PCNA,RPA3,SPC25,MYBL2,ADGRF3,DEPDC1B,VASH2,MCM5,IL21R,PCLAF,ESCO2,EBI3"
"DEG_MD_HCT116","1055","0.656499999999999972","OVOL3","OVOL3","16","300","0.8658000000000000140332","1.0000000000000000000","0.77639999999999998","GTEx--Coexpression","EID3,NUP210L,TEX14,TEX19,KCTD19,PCSK4,HORMAD2,ZMYND10,PRR22,ZCWPW1,CCDC38,SYCP3,STAG3,DNAJC5G,DMRT1,FAM186B"
"DEG_MD_HCT116","1056","0.657100000000000017","HIC2","HIC2","16","300","0.8658000000000000140332","1.0000000000000000000","0.77639999999999998","GTEx--Coexpression","EID3,NUP210L,TEX14,KCTD19,PCSK4,HORMAD2,ZMYND10,PRR22,ZCWPW1,CNTD1,OSCP1,CCDC34,SYCP3,STAG3,DNAJC5G,DMRT1"
"DEG_MD_HCT116","1057","0.657699999999999951","ZNF530","ZNF530","16","300","0.8658000000000000140332","1.0000000000000000000","0.77639999999999998","GTEx--Coexpression","ZNF480,ZNF221,ZNF461,ANK1,TFAP4,ZNF84,DDX46,NUP37,PRDM10,TIGD5,TRMT6,ZNF550,GLMN,PLCL2,CDH15,LIN9"
"DEG_MD_HCT116","1058","0.658399999999999985","HESX1","HESX1","16","300","0.8658000000000000140332","1.0000000000000000000","0.77639999999999998","GTEx--Coexpression","GPR15,CENPE,IKZF2,TMPO,PCNA,RPA3,CPOX,ZNF84,AGPAT5,NUP37,RTTN,DEPDC1B,VASH2,PCLAF,ESCO2,EBI3"
"DEG_MD_HCT116","1059","0.659000000000000030","TCFL5","TCFL5","16","300","0.8658000000000000140332","1.0000000000000000000","0.77639999999999998","GTEx--Coexpression","NUP210L,ADAM32,EFCAB11,SPA17,SPATA17,RIBC2,SH3GL3,HORMAD2,ZMYND10,MORN2,CCDC34,CCT6B,MEIG1,LRRCC1,NME5,FAM186B"
"DEG_MD_HCT116","1060","0.659599999999999964","FOXN3","FOXN3","16","300","0.8658000000000000140332","1.0000000000000000000","0.77639999999999998","GTEx--Coexpression","HOXC11,FHL1,PARD3B,RHPN1,DDX46,CPED1,PARD3,NFIX,MITF,CALCOCO1,PRKG1,AHNAK2,KLF8,PTPRN2,MPP7,KLF11"
"DEG_MD_HCT116","1061","0.660200000000000009","ZNF552","ZNF552","16","300","0.8658000000000000140332","1.0000000000000000000","0.77639999999999998","GTEx--Coexpression","VSIR,PTAFR,ZNF467,ZNF701,ARSG,BST1,CCNJL,DHRS13,SECTM1,SYK,RPS6KA1,FADD,VASP,NMI,B3GNT8,CASP4"
"DEG_MD_HCT116","1062","0.660900000000000043","RELB","RELB","16","300","0.8658000000000000140332","1.0000000000000000000","0.77639999999999998","GTEx--Coexpression","PSMB9,BCL2L12,TNFRSF9,SECTM1,TNFAIP3,IRF1,BACH1,NCKAP1L,DENND1C,RPS6KA1,RUBCNL,VASP,NMI,TYMP,CASP4,CMTM7"
"DEG_MD_HCT116","1063","0.661499999999999977","ZBTB12","ZBTB12","15","297","0.9053999999999999825917","1.0000000000000000000","0.73309999999999997","GTEx--Coexpression","PCDHGA10,ZNF469,ZNF221,ZNF214,SRR,TRIM44,ZNF84,KIRREL1,NAV3,MSANTD4,GPR176,TIGD5,IRS1,CITED2,PRIM2"
"DEG_MD_HCT116","1064","0.662100000000000022","ZNF883","ZNF883","15","297","0.9053999999999999825917","1.0000000000000000000","0.73309999999999997","GTEx--Coexpression","PRKACB,INSYN1,B4GAT1,FRMD5,CORO2B,PLEKHB1,TMEM151A,LDHB,CSPG5,WASF3,FBXL16,APLP1,DLG4,HAGHL,GDAP1"
"DEG_MD_HCT116","1065","0.662699999999999956","RBCK1","RBCK1","15","297","0.9053999999999999825917","1.0000000000000000000","0.73309999999999997","GTEx--Coexpression","IDUA,DHX58,CCNL2,MZF1,PAN2,CDK5RAP3,CUL7,CDK3,AMT,CDRT4,TXNRD2,PARP10,BTN3A3,APBB3,PCED1A"
"DEG_MD_HCT116","1066","0.663300000000000001","ARID2","ARID2","15","298","0.9079000000000000403233","1.0000000000000000000","0.73050000000000004","GTEx--Coexpression","EID3,NUP210L,TEX14,ADAM32,AKR1E2,CCIN,XRCC6,HORMAD2,CNTD1,SYCP3,CCT6B,AKAP3,FAM186B,PSORS1C1,USP44"
"DEG_MD_HCT116","1067","0.664000000000000035","THAP8","THAP8","15","298","0.9079000000000000403233","1.0000000000000000000","0.73050000000000004","GTEx--Coexpression","SNF8,JPH2,SYNPO2,LIMS2,FOXP2,PCDH1,NUDT1,KCNQ4,TSPAN2,NRP2,SYNM,TGFB1I1,ZEB1,ANTXR2,DES"
"DEG_MD_HCT116","1068","0.664599999999999969","ZNF250","ZNF250","15","298","0.9079000000000000403233","1.0000000000000000000","0.73050000000000004","GTEx--Coexpression","COL13A1,KCNC3,MTCL1,ZNF615,HERC3,PATJ,MAML3,PRDM10,PLCH2,RALGAPA1,CALCOCO1,PLEKHG5,CARMIL3,PARP16,POMP"
"DEG_MD_HCT116","1069","0.665200000000000014","ZNF24","ZNF24","15","298","0.9079000000000000403233","1.0000000000000000000","0.73050000000000004","GTEx--Coexpression","ABCA2,GPR37,FRMD5,IL1RAPL1,SLC5A11,PLEKHB1,CSNK2B,GCSH,CDK18,CLDND1,PAPOLA,MOB3B,GAL3ST1,SOX8,HNRNPH3"
"DEG_MD_HCT116","1070","0.665799999999999947","AR","AR","15","298","0.9079000000000000403233","1.0000000000000000000","0.73050000000000004","GTEx--Coexpression","CYP2D7,ATF5,C5,LRRC3,ADGRA2,MAT1A,SERPINF1,CHST14,PAH,F10,AMBP,CYP27A1,ORM2,LBX2,EHHADH"
"DEG_MD_HCT116","1071","0.666499999999999981","ZNF233","ZNF233","15","298","0.9079000000000000403233","1.0000000000000000000","0.73050000000000004","GTEx--Coexpression","NUP210L,ADAM32,CDKN3,SPA17,SPATA17,CLGN,MORN2,OSCP1,CCT6B,NME5,AKAP3,DNAJC5G,FAM186B,MNS1,LEKR1"
"DEG_MD_HCT116","1072","0.667100000000000026","ZNF630","ZNF630","15","298","0.9079000000000000403233","1.0000000000000000000","0.73050000000000004","GTEx--Coexpression","PSMD2,ZNF250,KCND1,GLIS2,ST7,ZNF615,ZNF704,ZNF701,TSPAN2,MZF1,NXPH3,SARM1,AMT,TRANK1,PARP16"
"DEG_MD_HCT116","1073","0.667699999999999960","ZNF707","ZNF707","15","298","0.9079000000000000403233","1.0000000000000000000","0.73050000000000004","GTEx--Coexpression","EID3,NUDT1,HERC5,ARSA,CSNK2B,PPP1R35,ARMC12,GAA,PRR22,ZCWPW1,CNTD1,DUSP18,STAG3,DMRT1,FANCD2"
"DEG_MD_HCT116","1074","0.668300000000000005","ZNF395","ZNF395","15","298","0.9079000000000000403233","1.0000000000000000000","0.73050000000000004","GTEx--Coexpression","DDIT4,SNX33,PIAS3,CCDC92,CD44,RPL17,ANKRD37,KLF8,NECTIN4,TRAF3IP2,ACSL6,AMMECR1,PARP16,ZFP36L1,NEURL1"
"DEG_MD_HCT116","1075","0.668900000000000050","ZNF513","ZNF513","15","298","0.9079000000000000403233","1.0000000000000000000","0.73050000000000004","GTEx--Coexpression","SPATA20,ARSA,PPP1R35,ARMC12,PCSK4,MMEL1,COMMD4,CCDC154,CDK5RAP3,PRR22,FANK1,CNTD1,CDK3,CCDC38,PSENEN"
"DEG_MD_HCT116","1076","0.669599999999999973","CLOCK","CLOCK","15","298","0.9079000000000000403233","1.0000000000000000000","0.73050000000000004","GTEx--Coexpression","PSMD2,PSMD1,CACNA2D1,TMC6,PSMB9,PSMC6,SOCS6,EYA4,DENND1C,KCNJ11,RENBP,TBCE,SIX4,CMTM7,PIK3IP1"
"DEG_MD_HCT116","1077","0.670200000000000018","ZNF740","ZNF740","15","298","0.9079000000000000403233","1.0000000000000000000","0.73050000000000004","GTEx--Coexpression","GTF2IRD2B,MRPL51,CCNL2,ZNF701,ZNF585B,SH3RF2,GLRX2,MORN2,SARM1,ZNF783,SMARCD1,ANTXR2,PARP16,ATP5MF,POMP"
"DEG_MD_HCT116","1078","0.670799999999999952","DMRT1","DMRT1","15","299","0.9102000000000000090594","1.0000000000000000000","0.72789999999999999","GTEx--Coexpression","EID3,NUP210L,TEX14,TEX19,HERC5,KCTD19,PCSK4,HORMAD2,SERPINA5,ZCWPW1,HMGN5,SYCP3,STAG3,DNAJC5G,FAM186B"
"DEG_MD_HCT116","1079","0.671399999999999997","THAP2","THAP2","15","299","0.9102000000000000090594","1.0000000000000000000","0.72789999999999999","GTEx--Coexpression","FAM222A,ZNF461,FRMD5,EEF1E1,ZNF585A,MAST1,GCNA,MSANTD4,GPR137C,GRAMD1B,FGF9,AK6,SRRM3,SPTBN4,HSPE1"
"DEG_MD_HCT116","1080","0.672100000000000031","THAP11","THAP11","15","299","0.9102000000000000090594","1.0000000000000000000","0.72789999999999999","GTEx--Coexpression","JPH2,PSMB6,PSMC1,ZNF865,TIMM17B,EEPD1,ENO3,ADCY9,TIGD5,MACROD1,MITF,OBSCN,ZNF747,HSPB8,RASA4B"
"DEG_MD_HCT116","1081","0.672699999999999965","TFDP3","TFDP3","15","299","0.9102000000000000090594","1.0000000000000000000","0.72789999999999999","GTEx--Coexpression","EID3,NUP210L,TEX14,TEX19,HERC5,KCTD19,XRCC6,HORMAD2,SERPINA5,ZCWPW1,HMGN5,SYCP3,STAG3,DNAJC5G,DMRT1"
"DEG_MD_HCT116","1082","0.673300000000000010","ZNF641","ZNF641","15","299","0.9102000000000000090594","1.0000000000000000000","0.72789999999999999","GTEx--Coexpression","VSIR,PTAFR,ZNF467,MAP3K5,DYSF,ZNF701,ARSG,BST1,CD33,MAP2K6,LRMDA,NMI,DBI,ABCD1,PCED1B"
"DEG_MD_HCT116","1083","0.673900000000000055","POU5F1B","POU5F1B","15","299","0.9102000000000000090594","1.0000000000000000000","0.72789999999999999","GTEx--Coexpression","VAMP8,TTLL7,CCDC92,SLC45A1,CD44,ANKHD1,CTNND1,CDK3,SMARCD3,TRAF3IP2,CD99L2,MAP6,AMMECR1,GRHL2,LTBR"
"DEG_MD_HCT116","1084","0.674499999999999988","GBX1","GBX1","15","299","0.9102000000000000090594","1.0000000000000000000","0.72789999999999999","GTEx--Coexpression","CFAP61,LRRC39,MYPN,TBX1,SLC25A34,NPHP1,FMC1,GLRX2,ENO3,MACROD1,OBSCN,KCNJ11,MSS51,SIX1,TRPT1"
"DEG_MD_HCT116","1085","0.675200000000000022","ZNF506","ZNF506","15","299","0.9102000000000000090594","1.0000000000000000000","0.72789999999999999","GTEx--Coexpression","PSMD1,ZNF250,PSMB6,PSMC2,HNRNPA3,LACTB2,PPP1R3E,MZF1,TRA2A,CDK5RAP3,DGKE,ZNF783,CARMIL2,SEM1,PCED1A"
"DEG_MD_HCT116","1086","0.675799999999999956","RHOXF2B","RHOXF2B","15","299","0.9102000000000000090594","1.0000000000000000000","0.72789999999999999","GTEx--Coexpression","EID3,NUP210L,TEX14,TEX19,HERC5,KCTD19,XRCC6,HORMAD2,SERPINA5,ZCWPW1,HMGN5,SYCP3,STAG3,DNAJC5G,DMRT1"
"DEG_MD_HCT116","1087","0.676400000000000001","ZNF177","ZNF177","15","299","0.9102000000000000090594","1.0000000000000000000","0.72789999999999999","GTEx--Coexpression","RNF215,SLC27A1,PPP1R3E,ZNF585B,ZNF585A,CCDC154,SCNN1D,ZNF391,BRF1,DGKE,MAP3K12,TRPC1,HNRNPH3,DIAPH1,GPSM1"
"DEG_MD_HCT116","1088","0.677000000000000046","ZNF680","ZNF680","15","299","0.9102000000000000090594","1.0000000000000000000","0.72789999999999999","GTEx--Coexpression","TMA7,BHLHE41,FRMD5,NDUFC2,GRIK4,MRO,GCSH,TNIK,CSPG5,WASF3,ARL6IP1,GPM6A,ANP32E,ACBD7,LRP1B"
"DEG_MD_HCT116","1089","0.677699999999999969","ZNF516","ZNF516","15","299","0.9102000000000000090594","1.0000000000000000000","0.72789999999999999","GTEx--Coexpression","EID3,NUP210L,TEX14,HERC5,KCTD19,ARMC12,SCML1,HORMAD2,ZCWPW1,CNTD1,DUSP18,FBXL13,SYCP3,STAG3,DMRT1"
"DEG_MD_HCT116","1090","0.678300000000000014","LEF1","LEF1","15","299","0.9102000000000000090594","1.0000000000000000000","0.72789999999999999","GTEx--Coexpression","TMC8,ITGAX,PTPN7,RINL,CCR3,ARMH1,DENND1C,DENND2D,PLCB2,AOAH,RPS6KA1,RUBCNL,PSENEN,CXCR4,PCED1B"
"DEG_MD_HCT116","1091","0.678899999999999948","ZSCAN2","ZSCAN2","15","299","0.9102000000000000090594","1.0000000000000000000","0.72789999999999999","GTEx--Coexpression","SLC25A45,ONECUT1,ZBTB42,TCEA3,KIRREL2,BMP7,GRPR,CLPSL2,CRACR2B,GATM,ZFPM1,PGGHG,AMY2B,ENKD1,ABCD1"
"DEG_MD_HCT116","1092","0.679499999999999993","ESX1","ESX1","15","299","0.9102000000000000090594","1.0000000000000000000","0.72789999999999999","GTEx--Coexpression","EID3,NUP210L,TEX14,TEX19,HERC5,KCTD19,XRCC6,PCSK4,HORMAD2,SERPINA5,ZCWPW1,SYCP3,STAG3,DNAJC5G,DMRT1"
"DEG_MD_HCT116","1093","0.680100000000000038","ZBTB48","ZBTB48","15","299","0.9102000000000000090594","1.0000000000000000000","0.72789999999999999","GTEx--Coexpression","GABARAP,ZNF467,ITGAX,ARSA,PPP1R35,CCNJL,CD33,ARMH1,DENND1C,AOAH,CDK3,RPS6KA1,PARP10,PSENEN,ATG16L2"
"DEG_MD_HCT116","1094","0.680799999999999961","ZNF214","ZNF214","15","299","0.9102000000000000090594","1.0000000000000000000","0.72789999999999999","GTEx--Coexpression","MOSMO,ZNF268,ZNF221,EFEMP2,ZBTB12,ADGRA2,FKBP10,ZNF585B,ZNF391,CHST14,NFATC4,IRS1,TRPC1,CYP2U1,COL6A1"
"DEG_MD_HCT116","1095","0.681400000000000006","PRDM9","PRDM9","15","299","0.9102000000000000090594","1.0000000000000000000","0.72789999999999999","GTEx--Coexpression","EID3,NUP210L,TEX14,TEX19,AKR1E2,KCTD19,PCSK4,HORMAD2,ZCWPW1,CNTD1,SYCP3,STAG3,DNAJC5G,DMRT1,FAM186B"
"DEG_MD_HCT116","1096","0.682000000000000051","NANOGNB","NANOGNB","15","299","0.9102000000000000090594","1.0000000000000000000","0.72789999999999999","GTEx--Coexpression","EID3,TEX14,TEX19,HERC5,KCTD19,XRCC6,HORMAD2,SERPINA5,ZCWPW1,CNTD1,HMGN5,SYCP3,STAG3,DNAJC5G,DMRT1"
"DEG_MD_HCT116","1097","0.682599999999999985","ZNF100","ZNF100","15","299","0.9102000000000000090594","1.0000000000000000000","0.72789999999999999","GTEx--Coexpression","CKS2,NEK2,LRR1,HERC5,RTTN,NUF2,PBK,OIP5,VASH2,STAG3,PTTG1,SGO2,FANCD2,USP44,LEKR1"
"DEG_MD_HCT116","1098","0.683300000000000018","ZNF837","ZNF837","15","299","0.9102000000000000090594","1.0000000000000000000","0.72789999999999999","GTEx--Coexpression","THEM6,ARHGEF28,ARHGEF35,ANKHD1,WDR72,ANXA9,RPL17,CTNND1,CDH1,AP1M2,CDK3,IL17RC,GRHL2,ACBD4,LTBR"
"DEG_MD_HCT116","1099","0.683899999999999952","NKX11","NKX11","15","299","0.9102000000000000090594","1.0000000000000000000","0.72789999999999999","GTEx--Coexpression","NUP210L,SPA17,SPATA17,ARMC12,PCSK4,RIBC2,CCDC154,ZMYND10,FANK1,MORN2,OSCP1,TTC23L,FAM186B,ASIC4,LEKR1"
"DEG_MD_HCT116","1100","0.684499999999999997","HOXA10","HOXA10","15","299","0.9102000000000000090594","1.0000000000000000000","0.72789999999999999","GTEx--Coexpression","CACNA2D1,FEZ2,PBX1,MYPN,FHL1,TCEA3,EYA4,ENO3,MACROD1,MITF,MSS51,SIX1,SIX4,RASA4B,PDE4D"
"DEG_MD_HCT116","1101","0.685100000000000042","ZXDC","ZXDC","15","299","0.9102000000000000090594","1.0000000000000000000","0.72789999999999999","GTEx--Coexpression","GTF2IRD2B,RORC,ZBTB42,ZNF865,NOVA2,EIF3C,TCEA3,DDX46,EEPD1,BACH1,MAP2K6,AP3M2,MAP6,OXA1L,DIAPH1"
"DEG_MD_HCT116","1102","0.685699999999999976","ZNF571","ZNF571","15","299","0.9102000000000000090594","1.0000000000000000000","0.72789999999999999","GTEx--Coexpression","ZNF250,ZNF461,FOXO6,ZNF615,N4BP2L1,ZNF585B,ZNF585A,RALGAPA1,TRPC1,CDRT4,P3H3,HNRNPH3,APBB3,ASIC4,ZMAT1"
"DEG_MD_HCT116","1103","0.686400000000000010","ZNF41","ZNF41","15","299","0.9102000000000000090594","1.0000000000000000000","0.72789999999999999","GTEx--Coexpression","CACNA2D1,LRRC39,MYPN,PRKAA2,PRKN,PDLIM5,EYA4,ENO3,TNNC1,MACROD1,OBSCN,TTN,KCNJ11,TBCE,SIX4"
"DEG_MD_HCT116","1104","0.687000000000000055","ZNF384","ZNF384","15","299","0.9102000000000000090594","1.0000000000000000000","0.72789999999999999","GTEx--Coexpression","INSYN1,TMA7,FRMD5,NDUFB8,PLEKHB1,CCNL2,PNMA2,HIGD1A,ANKHD1,GCSH,WDR27,ZNF783,CSPG5,SMARCD1,APLP1"
"DEG_MD_HCT116","1105","0.687599999999999989","DMRT2","DMRT2","15","299","0.9102000000000000090594","1.0000000000000000000","0.72789999999999999","GTEx--Coexpression","LIPE,CLCNKB,PDGFB,NOSTRIN,PPARG,KCP,PAQR5,MSRA,PPP1R1A,OGDHL,SCRN2,IL17RB,CA12,SSC4D,NRIP1"
"DEG_MD_HCT116","1106","0.688200000000000034","SPEN","SPEN","15","299","0.9102000000000000090594","1.0000000000000000000","0.72789999999999999","GTEx--Coexpression","ZNF250,MRPL51,PIAS3,NDUFB8,NDUFB3,ANKHD1,LAMA5,TNKS2,BLOC1S1,RALGAPA1,CALCOCO1,UQCR10,ATP5F1E,ATP5MG,ATP5MF"
"DEG_MD_HCT116","1107","0.688899999999999957","YY2","YY2","15","299","0.9102000000000000090594","1.0000000000000000000","0.72789999999999999","GTEx--Coexpression","PDGFC,ZNF221,HTR1B,ARSJ,FKBP10,ZNF84,KIRREL1,CRIM1,NUP37,GPR176,TWIST1,PRIM2,AXL,STEAP1,LTBP1"
"DEG_MD_HCT116","1108","0.689500000000000002","RHOXF2","RHOXF2","15","299","0.9102000000000000090594","1.0000000000000000000","0.72789999999999999","GTEx--Coexpression","EID3,NUP210L,TEX14,TEX19,HERC5,KCTD19,XRCC6,HORMAD2,SERPINA5,ZCWPW1,HMGN5,SYCP3,STAG3,DNAJC5G,DMRT1"
"DEG_MD_HCT116","1109","0.690100000000000047","ZNF449","ZNF449","15","299","0.9102000000000000090594","1.0000000000000000000","0.72789999999999999","GTEx--Coexpression","HSPG2,GTF2IRD2B,PLSCR4,ITGA1,ITGA9,AASS,NHLRC3,SH3D19,SCART1,TNS2,HFE,SYDE1,DBI,MAN2C1,RBMS3"
"DEG_MD_HCT116","1110","0.690699999999999981","E2F5","E2F5","15","300","0.9125999999999999667821","1.0000000000000000000","0.72540000000000004","GTEx--Coexpression","HNRNPA1,HNRNPA3,CCNL2,TMPO,PAN2,TRA2A,WDR27,PAPOLA,HMGN2,ZNF783,BCL2,PARP16,HNRNPH3,PCED1A,FMNL3"
"DEG_MD_HCT116","1111","0.691400000000000015","ANHX","ANHX","15","300","0.9125999999999999667821","1.0000000000000000000","0.72540000000000004","GTEx--Coexpression","EID3,NUP210L,TEX14,TEX19,HERC5,KCTD19,XRCC6,PCSK4,HORMAD2,ZMYND10,ZCWPW1,SYCP3,STAG3,DNAJC5G,DMRT1"
"DEG_MD_HCT116","1112","0.691999999999999948","ZNF319","ZNF319","15","300","0.9125999999999999667821","1.0000000000000000000","0.72540000000000004","GTEx--Coexpression","VSIR,PTAFR,ZNF467,DYSF,ARSG,BST1,CCNJL,DHRS13,SECTM1,CD33,MILR1,RPS6KA1,FADD,VASP,NMI"
"DEG_MD_HCT116","1113","0.692599999999999993","BRF2","BRF2","15","300","0.9125999999999999667821","1.0000000000000000000","0.72540000000000004","GTEx--Coexpression","PSMD1,MYPN,PSMC1,PSMC2,HAT1,EIF3C,KLHL30,EYA4,ENO3,OBSCN,TTN,KCNJ11,SIX1,SIX4,RASA4B"
"DEG_MD_HCT116","1114","0.693200000000000038","ZNF101","ZNF101","15","300","0.9125999999999999667821","1.0000000000000000000","0.72540000000000004","GTEx--Coexpression","TMC8,PTAFR,PSMB9,PTPN7,RINL,CD33,SYK,NCKAP1L,DENND1C,DENND2D,AOAH,RPS6KA1,RUBCNL,NMI,DOCK8"
"DEG_MD_HCT116","1115","0.693799999999999972","ZNF205","ZNF205","15","300","0.9125999999999999667821","1.0000000000000000000","0.72540000000000004","GTEx--Coexpression","SKAP2,STAT4,IK,PTPN7,CCNL2,HSF4,MZF1,NCKAP1L,AOAH,DUSP18,FBXL13,RUBCNL,IL17RC,FANCD2,DOCK8"
"DEG_MD_HCT116","1116","0.694500000000000006","ATF6","ATF6","15","300","0.9125999999999999667821","1.0000000000000000000","0.72540000000000004","GTEx--Coexpression","KIAA0040,VSIR,PTAFR,ZNF467,ZNF701,BST1,DHRS13,SECTM1,IL18R1,MILR1,RPS6KA1,FADD,VASP,NMI,CASP4"
"DEG_MD_HCT116","1117","0.695100000000000051","PHF21A","PHF21A","15","300","0.9125999999999999667821","1.0000000000000000000","0.72540000000000004","GTEx--Coexpression","VSIR,ZNF467,DYSF,ITGAX,SORL1,BST1,CCNJL,DHRS13,SECTM1,CD33,MILR1,AOAH,LRFN1,RPS6KA1,VASP"
"DEG_MD_HCT116","1118","0.695699999999999985","CREB5","CREB5","15","300","0.9125999999999999667821","1.0000000000000000000","0.72540000000000004","GTEx--Coexpression","VSIR,PTAFR,ZNF467,DYSF,ITGAX,SORL1,BST1,DHRS13,SECTM1,CD33,IL18R1,MILR1,VASP,NMI,SDCBP"
"DEG_MD_HCT116","1119","0.696300000000000030","NR1I3","NR1I3","15","300","0.9125999999999999667821","1.0000000000000000000","0.72540000000000004","GTEx--Coexpression","CYP2D7,ATF5,C5,CYP4F3,RIDA,MAT1A,SARDH,PAH,GRB14,SLC26A1,AMBP,CYP27A1,ORM2,LBX2,EHHADH"
"DEG_MD_HCT116","1120","0.696999999999999953","ZNF541","ZNF541","15","300","0.9125999999999999667821","1.0000000000000000000","0.72540000000000004","GTEx--Coexpression","EID3,NUP210L,TEX14,ADAM32,KCTD19,PCSK4,RIBC2,HORMAD2,ZMYND10,ZCWPW1,SYCP3,CCT6B,STAG3,DNAJC5G,FAM186B"
"DEG_MD_HCT116","1121","0.697599999999999998","SNAPC4","SNAPC4","15","300","0.9125999999999999667821","1.0000000000000000000","0.72540000000000004","GTEx--Coexpression","EID3,NUP210L,TEX14,SPATA20,KCTD19,PCSK4,RIBC2,CCDC154,SCNN1D,HORMAD2,ZMYND10,PRR22,ZCWPW1,SYCP3,STAG3"
"DEG_MD_HCT116","1122","0.698200000000000043","ATF2","ATF2","15","300","0.9125999999999999667821","1.0000000000000000000","0.72540000000000004","GTEx--Coexpression","PRKACB,MOSMO,VAMP8,MMP16,ZNF461,MIPEP,INAVA,CNTN1,ZNF391,DGKE,TRPC1,AP3M2,WASF3,ARL6IP1,GDAP1"
"DEG_MD_HCT116","1123","0.698799999999999977","ZBTB25","ZBTB25","15","300","0.9125999999999999667821","1.0000000000000000000","0.72540000000000004","GTEx--Coexpression","TMC8,HLA-DOA,HLA-DRA,HNRNPA3,N4BP2L1,PAN2,TTC24,HMGN2,ZNF550,ZNF783,BCL2,AMT,IL21R,EBI3,BTN3A3"
"DEG_MD_HCT116","1124","0.699400000000000022","PLAGL2","PLAGL2","15","300","0.9125999999999999667821","1.0000000000000000000","0.72540000000000004","GTEx--Coexpression","CDKN3,NEK2,KPNA2,LRR1,XRCC6,MMEL1,RIBC2,PRR22,PBK,CNTD1,LEMD1,DUSP18,PTTG1,FAM186B,FANCD2"
"DEG_MD_HCT116","1125","0.700099999999999945","ZIM3","ZIM3","15","300","0.9125999999999999667821","1.0000000000000000000","0.72540000000000004","GTEx--Coexpression","EID3,NUP210L,TEX14,TEX19,SPA17,KCTD19,PCSK4,HORMAD2,ZMYND10,ZCWPW1,SYCP3,STAG3,DNAJC5G,DMRT1,FAM186B"
"DEG_MD_HCT116","1126","0.700699999999999990","ZNF500","ZNF500","15","300","0.9125999999999999667821","1.0000000000000000000","0.72540000000000004","GTEx--Coexpression","GTF2IRD2B,NR2F2,ZNF250,PIAS3,HIGD1A,CHST14,NFATC4,TGFB1I1,GLI2,ZNF783,ZNF747,PARP16,ATP5MF,DBI,POMP"
"DEG_MD_HCT116","1127","0.701300000000000034","ZNF217","ZNF217","15","300","0.9125999999999999667821","1.0000000000000000000","0.72540000000000004","GTEx--Coexpression","TTLL7,TMEM25,NDUFB8,CCDC92,SLC45A1,CD44,DAPP1,BACH1,DENND2D,SMARCD3,CD99L2,MAP6,AMMECR1,FANCD2,CASP4"
"DEG_MD_HCT116","1128","0.701899999999999968","RARA","RARA","15","300","0.9125999999999999667821","1.0000000000000000000","0.72540000000000004","GTEx--Coexpression","VSIR,PTAFR,ZNF467,DYSF,ITGAX,BST1,DHRS13,SECTM1,CD33,MILR1,AOAH,VASP,NMI,CASP4,CMTM7"
"DEG_MD_HCT116","1129","0.702600000000000002","DR1","DR1","15","300","0.9125999999999999667821","1.0000000000000000000","0.72540000000000004","GTEx--Coexpression","NEK2,ZNF675,LRR1,NUDT1,CD44,NUP37,BACH1,GAR1,ELL3,NUF2,PBK,TMEM154,AMMECR1,PTTG1,ALYREF"
"DEG_MD_HCT116","1130","0.703200000000000047","EEA1","EEA1","15","300","0.9125999999999999667821","1.0000000000000000000","0.72540000000000004","GTEx--Coexpression","PCDHGA10,HOXC11,MMP14,SOCS6,ZNF84,CRIM1,AMOTL2,TNKS2,NUP37,MAML2,HOXA1,HOXC4,FKBP9,TWIST1,AMMECR1"
"DEG_MD_HCT116","1131","0.703799999999999981","KLF6","KLF6","15","300","0.9125999999999999667821","1.0000000000000000000","0.72540000000000004","GTEx--Coexpression","NDUFB8,CD44,BMP2,AMOTL2,LAMA3,MAML2,MSANTD4,NF2,SH3D19,KLF8,MAP6,SIAH1,ZFP36L1,KLF11,SPRY1"
"DEG_MD_HCT116","1132","0.704400000000000026","FOXR1","FOXR1","15","300","0.9125999999999999667821","1.0000000000000000000","0.72540000000000004","GTEx--Coexpression","EID3,NUP210L,TEX14,TEX19,HERC5,KCTD19,XRCC6,PCSK4,HORMAD2,ZCWPW1,CNTD1,SYCP3,STAG3,DNAJC5G,DMRT1"
"DEG_MD_HCT116","1133","0.704999999999999960","IRF1","IRF1","15","300","0.9125999999999999667821","1.0000000000000000000","0.72540000000000004","GTEx--Coexpression","PSMB9,ITGAX,SECTM1,CD33,TNFAIP2,DENND1C,PLCB2,AOAH,RPS6KA1,VASP,NMI,TYMP,ATG16L2,CASP4,CMTM7"
"DEG_MD_HCT116","1134","0.705699999999999994","ZFPM1","ZFPM1","15","300","0.9125999999999999667821","1.0000000000000000000","0.72540000000000004","GTEx--Coexpression","JTB,SLC25A45,ONECUT1,ARSA,KIRREL2,EPN1,SARDH,CRACR2B,LFNG,TESC,GATM,PGGHG,AMY2B,ANXA10,SSBP2"
"DEG_MD_HCT116","1135","0.706300000000000039","ONECUT3","ONECUT3","15","300","0.9125999999999999667821","1.0000000000000000000","0.72540000000000004","GTEx--Coexpression","EID3,NUP210L,TEX14,KCTD19,PCSK4,MMEL1,HORMAD2,ZMYND10,ZCWPW1,CNTD1,SYCP3,STAG3,DNAJC5G,DMRT1,FAM186B"
"DEG_MD_HCT116","1136","0.706899999999999973","ZBTB39","ZBTB39","15","300","0.9125999999999999667821","1.0000000000000000000","0.72540000000000004","GTEx--Coexpression","EID3,TEX14,NEK2,KPNA2,AKR1E2,LRR1,XRCC6,HORMAD2,PRR22,CNTD1,SYCP3,STAG3,FAM186B,SGO2,FANCD2"
"DEG_MD_HCT116","1137","0.707500000000000018","STAT5B","STAT5B","15","300","0.9125999999999999667821","1.0000000000000000000","0.72540000000000004","GTEx--Coexpression","VSIR,PTAFR,ZNF467,DYSF,ITGAX,ARSG,BST1,CCNJL,DHRS13,SECTM1,CD33,MILR1,AOAH,VASP,NMI"
"DEG_MD_HCT116","1138","0.708200000000000052","MAX","MAX","15","300","0.9125999999999999667821","1.0000000000000000000","0.72540000000000004","GTEx--Coexpression","ZNF467,ITGAX,PPM1F,SECTM1,CD33,SYK,DAPP1,DENND1C,PLCB2,AOAH,RPS6KA1,VASP,B3GNT8,MPIG6B,ATG16L2"
"DEG_MD_HCT116","1139","0.708799999999999986","LBX2","LBX2","15","300","0.9125999999999999667821","1.0000000000000000000","0.72540000000000004","GTEx--Coexpression","CYP2D7,ATF5,C5,CYP4F3,OAF,RIDA,MAT1A,SARDH,PAH,GRB14,SLC26A1,AMBP,CYP27A1,ORM2,EHHADH"
"DEG_MD_HCT116","1140","0.709400000000000031","ZNF788P","ZNF788P","15","300","0.9125999999999999667821","1.0000000000000000000","0.72540000000000004","GTEx--Coexpression","COL13A1,GRIN2C,ZNF250,KCND1,ZNF221,ZNF461,MTCL1,ZNF615,ZNF585A,PPFIA4,ENO2,MAP3K12,KCNAB3,SRRM3,TRANK1"
"DEG_MD_HCT116","1141","0.709999999999999964","TFEB","TFEB","15","300","0.9125999999999999667821","1.0000000000000000000","0.72540000000000004","GTEx--Coexpression","VSIR,PTAFR,PSMB9,DYSF,ZNF865,RINL,CD33,SYK,GEMIN7,TIMM17B,AOAH,MAP2K6,RPS6KA1,VASP,NMI"
"DEG_MD_HCT116","1142","0.710600000000000009","ZBED5","ZBED5","15","300","0.9125999999999999667821","1.0000000000000000000","0.72540000000000004","GTEx--Coexpression","GTF2IRD2B,GSTM2,PIAS3,HNRNPA3,CCNL2,ANKHD1,LAMA5,TRA2A,MYO15B,NFATC4,WDR27,ZNF783,TMED4,HNRNPH3,MAN2C1"
"DEG_MD_HCT116","1143","0.711300000000000043","ZNF490","ZNF490","15","300","0.9125999999999999667821","1.0000000000000000000","0.72540000000000004","GTEx--Coexpression","PTAFR,PSMB9,TNFRSF9,PIK3AP1,RINL,ZNF701,ARSG,DHRS13,SYK,GEMIN7,MILR1,NCKAP1L,RPS6KA1,FADD,NMI"
"DEG_MD_HCT116","1144","0.711899999999999977","CEBPB","CEBPB","15","300","0.9125999999999999667821","1.0000000000000000000","0.72540000000000004","GTEx--Coexpression","IL1RAP,DYSF,ITGAX,BST1,CD33,IL18R1,SYTL3,AOAH,CEBPD,VASP,TYMP,SDCBP,SLC2A3,CASP4,CMTM7"
"DEG_MD_HCT116","1145","0.712500000000000022","ZNF783","ZNF783","15","300","0.9125999999999999667821","1.0000000000000000000","0.72540000000000004","GTEx--Coexpression","EXD3,IDUA,HNRNPA3,CCNL2,HIGD1A,MYO15B,NFATC4,WDR27,SMARCD1,HNRNPH3,APBB3,ATP5MF,MAN2C1,POMP,PCED1A"
"DEG_MD_HCT116","1146","0.713099999999999956","ISL2","ISL2","15","300","0.9125999999999999667821","1.0000000000000000000","0.72540000000000004","GTEx--Coexpression","SKAP2,VSIR,PTAFR,ZNF467,PSMB9,TNFRSF9,RINL,ZNF701,DHRS13,SECTM1,NCKAP1L,RPS6KA1,FADD,VASP,NMI"
"DEG_MD_HCT116","1147","0.713799999999999990","FOXP3","FOXP3","15","300","0.9125999999999999667821","1.0000000000000000000","0.72540000000000004","GTEx--Coexpression","ITGAX,PTPN7,SECTM1,CCR3,CD33,ARMH1,SYTL3,DENND1C,PLCB2,AOAH,LRFN1,RPS6KA1,RUBCNL,VASP,MPIG6B"
"DEG_MD_HCT116","1148","0.714400000000000035","ZNF234","ZNF234","15","300","0.9125999999999999667821","1.0000000000000000000","0.72540000000000004","GTEx--Coexpression","ZNF480,ZNF221,FSD1,ADGRB1,ZNF701,ZNF84,NAT8L,NUP37,STMN3,PHF24,ZNF550,ACSL6,MAP6,MDFIC,HFE"
"DEG_MD_HCT116","1149","0.714999999999999969","ZNF746","ZNF746","15","300","0.9125999999999999667821","1.0000000000000000000","0.72540000000000004","GTEx--Coexpression","VSIR,PTAFR,ZNF467,ITGAX,BST1,CCNJL,DHRS13,SECTM1,CD33,MILR1,AOAH,LRFN1,DUSP18,RPS6KA1,VASP"
"DEG_MD_HCT116","1150","0.715600000000000014","ZNF23","ZNF23","15","300","0.9125999999999999667821","1.0000000000000000000","0.72540000000000004","GTEx--Coexpression","P4HTM,PPP1R3E,COL9A2,ZNF585B,ZNF585A,SCNN1D,MYO15A,BRF1,DGKE,CUL7,MAP3K12,CDRT4,MAP6,ASIC4,ZMAT1"
"DEG_MD_HCT116","1151","0.716199999999999948","ZNF142","ZNF142","15","300","0.9125999999999999667821","1.0000000000000000000","0.72540000000000004","GTEx--Coexpression","ZNF250,SYNPO2,ZNF865,KCNQ4,YES1,SYNM,ZNF585A,GGT7,PRDM10,SARM1,CALCOCO1,ZNF747,DBI,SPEG,CDH15"
"DEG_MD_HCT116","1152","0.716899999999999982","ZSCAN16","ZSCAN16","15","300","0.9125999999999999667821","1.0000000000000000000","0.72540000000000004","GTEx--Coexpression","VSIR,PTAFR,ZNF467,RINL,ZNF701,ARSG,DHRS13,SECTM1,CD33,SYK,GEMIN7,RPS6KA1,FADD,VASP,NMI"
"DEG_MD_HCT116","1153","0.717500000000000027","TPRX1","TPRX1","15","300","0.9125999999999999667821","1.0000000000000000000","0.72540000000000004","GTEx--Coexpression","EID3,NUP210L,TEX14,TEX19,AKR1E2,KCTD19,PCSK4,HORMAD2,ZMYND10,ZCWPW1,CNTD1,SYCP3,STAG3,DNAJC5G,DMRT1"
"DEG_MD_HCT116","1154","0.718099999999999961","TIGD4","TIGD4","14","296","0.9399999999999999467093","1.0000000000000000000","0.68420000000000003","GTEx--Coexpression","ADAM32,CDKN3,CCIN,SPA17,SPATA17,RIBC2,MORN2,OSCP1,TTC23L,CCT6B,AKAP3,FAM186B,MNS1,LEKR1"
"DEG_MD_HCT116","1155","0.718700000000000006","ZNF639","ZNF639","14","297","0.9416999999999999815259","1.0000000000000000000","0.68179999999999996","GTEx--Coexpression","PDGFC,JPH2,SYNPO2,FHL1,ITGA1,KCNQ4,ZNF84,CPED1,TGFB1I1,ZEB1,PRKG1,SYDE1,SPEG,PALLD"
"DEG_MD_HCT116","1156","0.719400000000000039","RFX2","RFX2","14","298","0.9434000000000000163425","1.0000000000000000000","0.67940000000000000","GTEx--Coexpression","EID3,NUP210L,ADAM32,CCIN,SPA17,KCTD19,SPATA17,PCSK4,RIBC2,HORMAD2,ZMYND10,AKAP3,DNAJC5G,FAM186B"
"DEG_MD_HCT116","1157","0.719999999999999973","TGIF2LY","TGIF2LY","14","298","0.9434000000000000163425","1.0000000000000000000","0.67940000000000000","GTEx--Coexpression","EID3,NUP210L,ADAM32,SPA17,KCTD19,SPATA17,PCSK4,HORMAD2,ZMYND10,LEMD1,TTC23L,DNAJC5G,FAM186B,LIN28A"
"DEG_MD_HCT116","1158","0.720600000000000018","ZNF578","ZNF578","14","298","0.9434000000000000163425","1.0000000000000000000","0.67940000000000000","GTEx--Coexpression","ZNF268,AKR1E2,ARSJ,FKBP10,KIRREL1,RPL26L1,GPR176,CHST14,IRS1,AK6,CITED2,HEG1,AXL,LEKR1"
"DEG_MD_HCT116","1159","0.721199999999999952","ZNF599","ZNF599","14","298","0.9434000000000000163425","1.0000000000000000000","0.67940000000000000","GTEx--Coexpression","ZNF214,AKR1E2,SPATA20,SPA17,ZNF585B,CCDC154,PAN2,FANK1,WDR27,OSCP1,TTC23L,USP44,MNS1,LEKR1"
"DEG_MD_HCT116","1160","0.721799999999999997","ZNF836","ZNF836","14","298","0.9434000000000000163425","1.0000000000000000000","0.67940000000000000","GTEx--Coexpression","GATA6,PBX3,MAP3K5,CCDC92,ZNF701,MAML3,PLCH1,GRAMD1B,MAP3K15,LRMDA,PARP16,SGSH,PCED1B,HSPE1"
"DEG_MD_HCT116","1161","0.722500000000000031","ZNF300","ZNF300","14","298","0.9434000000000000163425","1.0000000000000000000","0.67940000000000000","GTEx--Coexpression","ZNF268,NR2F2,ZNF214,PIAS3,HNRNPA1,HNRNPA3,CCNL2,TIMM17B,NFATC4,HNRNPM,WDR27,RPL17,ZNF783,HNRNPH3"
"DEG_MD_HCT116","1162","0.723099999999999965","L3MBTL3","L3MBTL3","14","298","0.9434000000000000163425","1.0000000000000000000","0.67940000000000000","GTEx--Coexpression","INSYN1,MAP3K5,DHX58,ZNF701,MILR1,CHST14,NMI,CREBRF,BTN3A3,SDCBP,DOCK8,SGSH,PCED1B,CMTM7"
"DEG_MD_HCT116","1163","0.723700000000000010","SNAPC5","SNAPC5","14","298","0.9434000000000000163425","1.0000000000000000000","0.67940000000000000","GTEx--Coexpression","CACNA2D1,PSMB6,NDUFB8,PRKAA2,NDUFB3,NDUFB2,SCN1B,PRKN,FMC1,PLA2G4C,CTNND1,KCNJ11,CD99L2,UQCR10"
"DEG_MD_HCT116","1164","0.724300000000000055","ZNF439","ZNF439","14","298","0.9434000000000000163425","1.0000000000000000000","0.67940000000000000","GTEx--Coexpression","ZNF250,ZNF461,MTCL1,HNRNPA3,CCNL2,ZNF585B,CDK5RAP3,PLCB4,DGKE,MAP3K12,PLEKHG5,CDRT4,CARMIL3,HNRNPH3"
"DEG_MD_HCT116","1165","0.724999999999999978","ZNF626","ZNF626","14","298","0.9434000000000000163425","1.0000000000000000000","0.67940000000000000","GTEx--Coexpression","MOSMO,ZNF268,PBX3,ZNF214,MAP3K5,ZBTB12,ZNF615,ZNF585B,ZNF585A,MSANTD4,ZNF391,IRS1,TRPC1,EBF4"
"DEG_MD_HCT116","1166","0.725600000000000023","TIGD3","TIGD3","14","299","0.9449999999999999511502","1.0000000000000000000","0.67700000000000005","GTEx--Coexpression","VSIR,PTAFR,ZNF467,LIN7A,SORL1,RINL,ARSG,CCNJL,DHRS13,SECTM1,GP6,LRFN1,RPS6KA1,FADD"
"DEG_MD_HCT116","1167","0.726199999999999957","PBX2","PBX2","14","299","0.9449999999999999511502","1.0000000000000000000","0.67700000000000005","GTEx--Coexpression","ZNF467,ITGAX,CD33,SYK,DENND1C,PLCB2,AOAH,RPS6KA1,VASP,PARP10,BTN3A3,ATG16L2,PCED1A,CMTM7"
"DEG_MD_HCT116","1168","0.726800000000000002","ZNF607","ZNF607","14","299","0.9449999999999999511502","1.0000000000000000000","0.67700000000000005","GTEx--Coexpression","SPATA20,SPA17,PCSK4,CCDC154,SCNN1D,FANK1,MORN2,LEMD1,OSCP1,TTC23L,CCDC34,USP44,MNS1,LEKR1"
"DEG_MD_HCT116","1169","0.727400000000000047","DBX1","DBX1","14","299","0.9449999999999999511502","1.0000000000000000000","0.67700000000000005","GTEx--Coexpression","TEX14,TEX19,FOXO6,ARMC12,PCSK4,CCDC154,MYO15A,ZCWPW1,OSCP1,CDRT4,SYCP3,STAG3,DMRT1,ASIC4"
"DEG_MD_HCT116","1170","0.728099999999999969","ZBTB45","ZBTB45","14","299","0.9449999999999999511502","1.0000000000000000000","0.67700000000000005","GTEx--Coexpression","SNF8,NOSTRIN,SDHAF1,ZNF865,HNRNPA3,RIN1,YES1,HNRNPA2B1,GEMIN7,TIMM17B,TIGD5,PAPOLA,ZNF747,FADD"
"DEG_MD_HCT116","1171","0.728700000000000014","NFAT5","NFAT5","14","299","0.9449999999999999511502","1.0000000000000000000","0.67700000000000005","GTEx--Coexpression","TMA7,NDUFB8,CCDC92,ANKHD1,USE1,TNKS2,MAML2,BLOC1S1,CTNND1,CYBRD1,METTL26,KLF8,UQCR10,ZFP36L1"
"DEG_MD_HCT116","1172","0.729299999999999948","ZNF625","ZNF625","14","299","0.9449999999999999511502","1.0000000000000000000","0.67700000000000005","GTEx--Coexpression","ZNF268,GPR15,DLGAP5,ZNF221,CENPE,ARHGAP11A,TMPO,PCNA,SPC25,ZNF84,NUP37,PCLAF,ESCO2,EBI3"
"DEG_MD_HCT116","1173","0.729899999999999993","ZSCAN23","ZSCAN23","14","299","0.9449999999999999511502","1.0000000000000000000","0.67700000000000005","GTEx--Coexpression","ZNF268,ZNF221,ZNF214,ALDH1L2,EFEMP2,ZBTB12,TRIM44,ADGRA2,ARSJ,FKBP10,ZNF84,KIRREL1,CHST14,IRS1"
"DEG_MD_HCT116","1174","0.730600000000000027","WIZ","WIZ","14","299","0.9449999999999999511502","1.0000000000000000000","0.67700000000000005","GTEx--Coexpression","EID3,NUP210L,TEX14,ADAM32,AKR1E2,SPA17,KCTD19,PCSK4,HORMAD2,ZMYND10,SYCP3,DNAJC5G,FAM186B,PSORS1C1"
"DEG_MD_HCT116","1175","0.731199999999999961","ZNF729","ZNF729","14","299","0.9449999999999999511502","1.0000000000000000000","0.67700000000000005","GTEx--Coexpression","EID3,NUP210L,TEX14,KCTD19,PCSK4,HORMAD2,ZMYND10,ZCWPW1,SYCP3,CCT6B,STAG3,DNAJC5G,DMRT1,FAM186B"
"DEG_MD_HCT116","1176","0.731800000000000006","ZNF728","ZNF728","14","299","0.9449999999999999511502","1.0000000000000000000","0.67700000000000005","GTEx--Coexpression","EID3,NUP210L,TEX14,ADAM32,AKR1E2,KCTD19,PCSK4,CLGN,HORMAD2,LEMD1,SYCP3,AKAP3,DNAJC5G,FAM186B"
"DEG_MD_HCT116","1177","0.732400000000000051","ZKSCAN4","ZKSCAN4","14","299","0.9449999999999999511502","1.0000000000000000000","0.67700000000000005","GTEx--Coexpression","CKS2,CDKN3,NEK2,KPNA2,LRR1,NUDT1,PPP1R35,NUF2,PBK,CNTD1,DUSP18,PTTG1,SGO2,FANCD2"
"DEG_MD_HCT116","1178","0.732999999999999985","ZNF496","ZNF496","14","299","0.9449999999999999511502","1.0000000000000000000","0.67700000000000005","GTEx--Coexpression","STARD9,GTF2IRD2B,ZNF214,SAV1,TMEM19,HIGD1A,PAN2,HMGCR,NFATC4,WDR27,ZNF783,ENKD1,DBI,MAN2C1"
"DEG_MD_HCT116","1179","0.733700000000000019","ZNF263","ZNF263","14","299","0.9449999999999999511502","1.0000000000000000000","0.67700000000000005","GTEx--Coexpression","NDUFB3,NDUFB2,CCNL2,ZNF701,HIGD1A,GCSH,ZNF350,ZNF783,CDK3,CEBPD,PARP16,UQCR10,ATP5MF,ATG16L2"
"DEG_MD_HCT116","1180","0.734299999999999953","ATF6B","ATF6B","14","299","0.9449999999999999511502","1.0000000000000000000","0.67700000000000005","GTEx--Coexpression","CACNA2D1,FEZ2,VAMP8,CCDC92,PPP1R1A,PRKN,ANKHD1,GCSH,CTNND1,CDH1,AP1M2,SMARCD1,CD99L2,POMP"
"DEG_MD_HCT116","1181","0.734899999999999998","MTF2","MTF2","14","299","0.9449999999999999511502","1.0000000000000000000","0.67700000000000005","GTEx--Coexpression","CKS2,ZNF675,HNRNPA3,DONSON,HERC5,TMPO,HNRNPA2B1,MYBL2,RTTN,DEPDC1B,NUF2,VASH2,IL21R,FANCD2"
"DEG_MD_HCT116","1182","0.735500000000000043","DMRTA1","DMRTA1","14","299","0.9449999999999999511502","1.0000000000000000000","0.67700000000000005","GTEx--Coexpression","CYP2D7,ATF5,C5,CYP4F3,RIDA,MAT1A,SARDH,PAH,GPT,AMBP,ORM2,LBX2,EHHADH,DDT"
"DEG_MD_HCT116","1183","0.736199999999999966","CTCFL","CTCFL","14","299","0.9449999999999999511502","1.0000000000000000000","0.67700000000000005","GTEx--Coexpression","EID3,NUP210L,TEX14,TEX19,HERC5,KCTD19,XRCC6,HORMAD2,ZCWPW1,SYCP3,STAG3,DNAJC5G,DMRT1,FAM186B"
"DEG_MD_HCT116","1184","0.736800000000000010","ZNF800","ZNF800","14","299","0.9449999999999999511502","1.0000000000000000000","0.67700000000000005","GTEx--Coexpression","PRKACB,B4GAT1,TMEM25,NDUFB8,CCDC92,CD44,STMN3,BACH1,BRSK1,SMARCD3,MAP6,AMMECR1,TUBG2,DLG4"
"DEG_MD_HCT116","1185","0.737400000000000055","FOXR2","FOXR2","14","299","0.9449999999999999511502","1.0000000000000000000","0.67700000000000005","GTEx--Coexpression","EID3,NUP210L,TEX14,TEX19,HERC5,KCTD19,HORMAD2,SERPINA5,ZCWPW1,HMGN5,SYCP3,STAG3,DNAJC5G,DMRT1"
"DEG_MD_HCT116","1186","0.737999999999999989","PHF20","PHF20","14","299","0.9449999999999999511502","1.0000000000000000000","0.67700000000000005","GTEx--Coexpression","CFAP61,PSMC1,TBX1,EIF3C,KLHL30,EYA4,ENO3,OBSCN,TTN,ABLIM2,KCNJ11,SIX4,RASA4B,PDE4D"
"DEG_MD_HCT116","1187","0.738600000000000034","LIN54","LIN54","14","299","0.9449999999999999511502","1.0000000000000000000","0.67700000000000005","GTEx--Coexpression","SAMD9,IL1RAP,ACTR2,SORL1,RINL,PRDM1,GEMIN7,DAPP1,PRDM10,BLOC1S2,TMEM154,TRMT6,MAP2K6,B3GNT8"
"DEG_MD_HCT116","1188","0.739299999999999957","KAT7","KAT7","14","299","0.9449999999999999511502","1.0000000000000000000","0.67700000000000005","GTEx--Coexpression","EID3,NUP210L,TEX14,IK,AKR1E2,KCTD19,XRCC6,HORMAD2,ZCWPW1,SYCP3,CCT6B,STAG3,DNAJC5G,FAM186B"
"DEG_MD_HCT116","1189","0.739900000000000002","GATAD2A","GATAD2A","14","299","0.9449999999999999511502","1.0000000000000000000","0.67700000000000005","GTEx--Coexpression","NUDT1,CSNK2B,PPP1R35,CD44,BACH1,ELL3,TMEM154,DUSP18,TRPC1,CYP2U1,CD99L2,MPZL3,FANCD2,ALYREF"
"DEG_MD_HCT116","1190","0.740500000000000047","NCOA3","NCOA3","14","300","0.9465999999999999969802","1.0000000000000000000","0.67459999999999998","GTEx--Coexpression","GPR15,HLA-DOA,BCL2L12,HLA-DRA,IKZF2,TMPO,RFTN1,ZNF84,DDX46,NUP37,ADPRH,MCM5,IL21R,EBI3"
"DEG_MD_HCT116","1191","0.741099999999999981","MEF2A","MEF2A","14","300","0.9465999999999999969802","1.0000000000000000000","0.67459999999999998","GTEx--Coexpression","JPH2,FHL1,PRKAA2,PDLIM5,CDK5RAP3,CPED1,ADPRH,PAM,MITF,RCAN2,PRKG1,SPEG,CAMK2D,CHSY3"
"DEG_MD_HCT116","1192","0.741800000000000015","CEBPE","CEBPE","14","300","0.9465999999999999969802","1.0000000000000000000","0.67459999999999998","GTEx--Coexpression","SLC25A37,TRIM10,BST1,CCR3,CD33,LYL1,ARMH1,SYTL3,DENND1C,AOAH,RPS6KA1,VASP,MPIG6B,CMTM7"
"DEG_MD_HCT116","1193","0.742399999999999949","THAP5","THAP5","14","300","0.9465999999999999969802","1.0000000000000000000","0.67459999999999998","GTEx--Coexpression","VAMP8,PCDH1,CD44,ZNF585A,INAVA,MSANTD4,PROM2,S100A10,CTNND1,NOTCH1,KLF8,TRAF3IP2,CD99L2,GRHL2"
"DEG_MD_HCT116","1194","0.742999999999999994","ZNF429","ZNF429","14","300","0.9465999999999999969802","1.0000000000000000000","0.67459999999999998","GTEx--Coexpression","VSIR,PTAFR,ZNF467,LIN7A,DYSF,SORL1,RINL,ARSG,CCNJL,DHRS13,LRFN1,RPS6KA1,FADD,REPS2"
"DEG_MD_HCT116","1195","0.743600000000000039","REL","REL","14","300","0.9465999999999999969802","1.0000000000000000000","0.67459999999999998","GTEx--Coexpression","PSMB9,TNFRSF9,PIK3AP1,RINL,DAPP1,ADGRG5,TNFAIP3,SYTL3,NCKAP1L,DENND1C,DENND2D,IL21R,RUBCNL,CASP4"
"DEG_MD_HCT116","1196","0.744199999999999973","TIGD2","TIGD2","14","300","0.9465999999999999969802","1.0000000000000000000","0.67459999999999998","GTEx--Coexpression","CYP2D7,ATF5,C5,CYP4F3,ST6GAL1,PCK2,MAT1A,SARDH,PAH,SLC26A1,AMBP,ORM2,LBX2,EHHADH"
"DEG_MD_HCT116","1197","0.744900000000000007","ARID3C","ARID3C","14","300","0.9465999999999999969802","1.0000000000000000000","0.67459999999999998","GTEx--Coexpression","CYP2D7,C5,CYP4F3,RIDA,MAT1A,SARDH,PAH,GRB14,SLC26A1,AMBP,CYP27A1,ORM2,LBX2,EHHADH"
"DEG_MD_HCT116","1198","0.745500000000000052","ARID5A","ARID5A","14","300","0.9465999999999999969802","1.0000000000000000000","0.67459999999999998","GTEx--Coexpression","KIAA0040,S100A4,ITGAX,BST1,ETV6,VCAN,IRF1,SYTL3,NCKAP1L,AOAH,IL15RA,VASP,CASP4,CMTM7"
"DEG_MD_HCT116","1199","0.746099999999999985","ZNF99","ZNF99","14","300","0.9465999999999999969802","1.0000000000000000000","0.67459999999999998","GTEx--Coexpression","EID3,NUP210L,TEX14,TEX19,AKR1E2,HERC5,KCTD19,PCSK4,HORMAD2,ZCWPW1,SYCP3,STAG3,DNAJC5G,DMRT1"
"DEG_MD_HCT116","1200","0.746700000000000030","ZIK1","ZIK1","14","300","0.9465999999999999969802","1.0000000000000000000","0.67459999999999998","GTEx--Coexpression","GRIN2C,ZNF221,ZNF461,MTCL1,GRIK2,ZNF585B,ZNF585A,PPFIA4,MSANTD4,ENO2,RTTN,GPR137C,GLMN,SRRM3"
"DEG_MD_HCT116","1201","0.747399999999999953","CHCHD3","CHCHD3","14","300","0.9465999999999999969802","1.0000000000000000000","0.67459999999999998","GTEx--Coexpression","LRRC39,MYPN,PSMB6,PSMC1,PRKAA2,NDUFB3,PRKN,PDLIM5,EYA4,ENO3,TNNC1,MACROD1,OBSCN,TRPT1"
"DEG_MD_HCT116","1202","0.747999999999999998","ZNF558","ZNF558","14","300","0.9465999999999999969802","1.0000000000000000000","0.67459999999999998","GTEx--Coexpression","GTF2IRD2B,SNX33,CCNL2,ANKHD1,PAN2,NFATC4,WDR27,RPL17,PAPOLA,ZNF783,CALCOCO1,EBF4,PARP16,HNRNPH3"
"DEG_MD_HCT116","1203","0.748600000000000043","ELF1","ELF1","14","300","0.9465999999999999969802","1.0000000000000000000","0.67459999999999998","GTEx--Coexpression","B4GAT1,TMEM25,CCDC92,STMN3,BRSK1,NF2,SMARCD3,ACSL6,MAPK8IP2,MAP6,DLG4,DOCK3,GDAP1,NEURL1"
"DEG_MD_HCT116","1204","0.749199999999999977","E2F2","E2F2","14","300","0.9465999999999999969802","1.0000000000000000000","0.67459999999999998","GTEx--Coexpression","SLC25A37,TRIM10,BST1,CD33,SYK,DAPP1,LYL1,DENND1C,DENND2D,AOAH,TMEM154,RPS6KA1,B3GNT8,MPIG6B"
"DEG_MD_HCT116","1205","0.749800000000000022","USF1","USF1","14","300","0.9465999999999999969802","1.0000000000000000000","0.67459999999999998","GTEx--Coexpression","TMC8,ZNF467,ITGAX,SECTM1,CD33,SYK,DENND1C,PLCB2,AOAH,FGD2,RPS6KA1,VASP,ATG16L2,CMTM7"
"DEG_MD_HCT116","1206","0.750499999999999945","NOBOX","NOBOX","14","300","0.9465999999999999969802","1.0000000000000000000","0.67459999999999998","GTEx--Coexpression","EID3,TEX14,TEX19,HERC5,KCTD19,XRCC6,HORMAD2,SERPINA5,ZCWPW1,HMGN5,SYCP3,STAG3,DNAJC5G,DMRT1"
"DEG_MD_HCT116","1207","0.751099999999999990","ZNF888","ZNF888","14","300","0.9465999999999999969802","1.0000000000000000000","0.67459999999999998","GTEx--Coexpression","GPR39,CENPE,ARHGAP11A,RASSF6,TMPO,ZNF701,PCNA,SPC25,NAT1,NUP37,ELOA,CYP51A1,ESCO2,PRIM2"
"DEG_MD_HCT116","1208","0.751700000000000035","TAL2","TAL2","14","300","0.9465999999999999969802","1.0000000000000000000","0.67459999999999998","GTEx--Coexpression","CACNA2D1,LRRC39,MYPN,SLC25A34,ANK1,TCEA3,NPHP1,PLA2G4C,ENO3,MACROD1,MSS51,SIX1,RASA4B,TRPT1"
"DEG_MD_HCT116","1209","0.752299999999999969","CRX","CRX","14","300","0.9465999999999999969802","1.0000000000000000000","0.67459999999999998","GTEx--Coexpression","CYP2D7,ATF5,C5,CYP4F3,RIDA,MAT1A,SARDH,PAH,GRB14,AMBP,CYP27A1,ORM2,LBX2,EHHADH"
"DEG_MD_HCT116","1210","0.753000000000000003","ZNF350","ZNF350","14","300","0.9465999999999999969802","1.0000000000000000000","0.67459999999999998","GTEx--Coexpression","VSIR,PTAFR,ZNF467,ZNF615,SLC45A3,ZNF701,ARSG,BST1,DHRS13,SECTM1,RPS6KA1,FADD,VASP,NMI"
"DEG_MD_HCT116","1211","0.753600000000000048","ZNF713","ZNF713","14","300","0.9465999999999999969802","1.0000000000000000000","0.67459999999999998","GTEx--Coexpression","ABCA2,BHLHE41,GPR37,FAM222A,FRMD5,PLEKHB1,SEC14L5,TMEM151A,OTUD7A,SH3GL3,CDK18,CLDND1,APLP1,COLGALT2"
"DEG_MD_HCT116","1212","0.754199999999999982","ZNF230","ZNF230","14","300","0.9465999999999999969802","1.0000000000000000000","0.67459999999999998","GTEx--Coexpression","VSIR,PTAFR,ZNF467,ARSG,BST1,CCNJL,DHRS13,SECTM1,IL18R1,MILR1,RPS6KA1,FADD,VASP,NMI"
"DEG_MD_HCT116","1213","0.754800000000000026","NFKB1","NFKB1","14","300","0.9465999999999999969802","1.0000000000000000000","0.67459999999999998","GTEx--Coexpression","PSMB9,BCL2L12,HLA-DRA,IKZF2,CCDC92,TMPO,TNFAIP3,NUP37,ADPRH,MCM5,IL21R,EBI3,MAP6,NMI"
"DEG_MD_HCT116","1214","0.755399999999999960","ZNF333","ZNF333","14","300","0.9465999999999999969802","1.0000000000000000000","0.67459999999999998","GTEx--Coexpression","STARD9,GTF2IRD2B,KCND1,PELI2,NPAS2,THEM6,COX16,PRDX1,ZNF783,KLF7,PARP16,CREBRF,ATP5MF,DBI"
"DEG_MD_HCT116","1215","0.756099999999999994","ZNF35","ZNF35","14","300","0.9465999999999999969802","1.0000000000000000000","0.67459999999999998","GTEx--Coexpression","PSMA4,PSMC1,HAT1,LRR1,EIF5AL1,GLRX2,RPL26L1,NUP37,TIGAR,TRMT6,BZW1,OIP5,SNRPG,ALYREF"
"DEG_MD_HCT116","1216","0.756700000000000039","ZNF772","ZNF772","14","300","0.9465999999999999969802","1.0000000000000000000","0.67459999999999998","GTEx--Coexpression","CACNA2D1,MYPN,NDUFB3,SCN1B,ANK1,PRKN,ZNF585A,PLA2G4C,TMEM201,EYA4,MSANTD4,OBSCN,GLMN,KCNJ11"
"DEG_MD_HCT116","1217","0.757299999999999973","PREB","PREB","14","300","0.9465999999999999969802","1.0000000000000000000","0.67459999999999998","GTEx--Coexpression","MYPN,RORC,ZBTB42,TCEA3,KLHL30,TMEM201,EYA4,ENO3,MACROD1,OBSCN,KCNJ11,OXA1L,SIX4,TRPT1"
"DEG_MD_HCT116","1218","0.757900000000000018","ZNF586","ZNF586","14","300","0.9465999999999999969802","1.0000000000000000000","0.67459999999999998","GTEx--Coexpression","DYSF,ITGAX,ARSG,BST1,DHRS13,GEMIN7,SYTL3,DENND1C,AOAH,RPS6KA1,RUBCNL,VASP,NMI,CASP4"
"DEG_MD_HCT116","1219","0.758600000000000052","ZNF574","ZNF574","14","300","0.9465999999999999969802","1.0000000000000000000","0.67459999999999998","GTEx--Coexpression","EID3,NUP210L,TEX14,KCTD19,PCSK4,HORMAD2,ZMYND10,PRR22,ZCWPW1,SYCP3,CCT6B,STAG3,FAM186B,PSORS1C1"
"DEG_MD_HCT116","1220","0.759199999999999986","NFYC","NFYC","14","300","0.9465999999999999969802","1.0000000000000000000","0.67459999999999998","GTEx--Coexpression","VSIR,ZNF467,DYSF,ZNF865,ARSG,CCNJL,DHRS13,SYK,GEMIN7,TIMM17B,MAP2K6,RPS6KA1,MPIG6B,ATG16L2"
"DEG_MD_HCT116","1221","0.759800000000000031","MEF2B","MEF2B","14","300","0.9465999999999999969802","1.0000000000000000000","0.67459999999999998","GTEx--Coexpression","PSMB9,TNFRSF9,PTPN7,RINL,SYK,ADGRG5,NCKAP1L,DENND1C,AOAH,IL21R,RPS6KA1,RUBCNL,VASP,NMI"
"DEG_MD_HCT116","1222","0.760399999999999965","CSRNP1","CSRNP1","14","300","0.9465999999999999969802","1.0000000000000000000","0.67459999999999998","GTEx--Coexpression","KIAA0040,AREG,PTGS2,SOCS3,TNFAIP3,SYTL3,THBD,CEBPD,PTGER4,CXCR4,KLRC4,CXCL8,SLC2A3,CMTM7"
"DEG_MD_HCT116","1223","0.761000000000000010","GABPA","GABPA","13","296","0.9654000000000000358824","1.0000000000000000000","0.63310000000000000","GTEx--Coexpression","ZNF268,PLSCR4,KRCC1,SAV1,KCTD12,LYNX1,HMGB1,MAML2,NHLRC3,TUBB2A,CYBRD1,MDFIC,RBMS3"
"DEG_MD_HCT116","1224","0.761700000000000044","TMF1","TMF1","13","296","0.9654000000000000358824","1.0000000000000000000","0.63310000000000000","GTEx--Coexpression","ADAM32,CDKN3,NEK2,AKR1E2,CCIN,LRR1,SPA17,SPATA18,PBK,AKAP3,FAM186B,SGO2,LEKR1"
"DEG_MD_HCT116","1225","0.762299999999999978","SOX5","SOX5","13","296","0.9654000000000000358824","1.0000000000000000000","0.63310000000000000","GTEx--Coexpression","NUP210L,ADAM32,AKR1E2,CCIN,SPA17,SPATA17,TTC23L,CCDC38,CCT6B,LRRCC1,AKAP3,FAM186B,PSORS1C1"
"DEG_MD_HCT116","1226","0.762900000000000023","ZNF182","ZNF182","13","297","0.9665000000000000257572","1.0000000000000000000","0.63090000000000002","GTEx--Coexpression","ZNF250,KCNC3,IDUA,TMEM120B,CCNL2,PPP1R3E,ZNF585B,MZF1,PAN2,CDK5RAP3,CUL7,ZMAT1,PCED1A"
"DEG_MD_HCT116","1227","0.763499999999999956","SOX30","SOX30","13","298","0.9675000000000000266454","1.0000000000000000000","0.62870000000000004","GTEx--Coexpression","NUP210L,ADAM32,CDKN3,CCIN,SPA17,SPATA17,PCSK4,MMEL1,LEMD1,TTC23L,CCT6B,AKAP3,FAM186B"
"DEG_MD_HCT116","1228","0.764199999999999990","YBX1","YBX1","13","298","0.9675000000000000266454","1.0000000000000000000","0.62870000000000004","GTEx--Coexpression","EID3,NUP210L,ADAM32,CDKN3,AKR1E2,CCIN,SPA17,SPATA17,RIBC2,CCT6B,AKAP3,DNAJC5G,FAM186B"
"DEG_MD_HCT116","1229","0.764800000000000035","FAM170A","FAM170A","13","298","0.9675000000000000266454","1.0000000000000000000","0.62870000000000004","GTEx--Coexpression","NUP210L,ADAM32,CDKN3,CCIN,SPA17,SPATA17,PCSK4,RIBC2,ZMYND10,CCDC38,CCT6B,AKAP3,FAM186B"
"DEG_MD_HCT116","1230","0.765399999999999969","MBNL2","MBNL2","13","298","0.9675000000000000266454","1.0000000000000000000","0.62870000000000004","GTEx--Coexpression","MOSMO,VAMP8,TTLL7,IL1RAPL1,SYK,DAPP1,DENND2D,TMEM154,TRPC1,RPS6KA1,CYP2U1,FANCD2,ALYREF"
"DEG_MD_HCT116","1231","0.766000000000000014","TBPL1","TBPL1","13","298","0.9675000000000000266454","1.0000000000000000000","0.62870000000000004","GTEx--Coexpression","EID3,NUP210L,ADAM32,CDKN3,CCIN,SPA17,SPATA17,RIBC2,ZMYND10,CCT6B,AKAP3,DNAJC5G,FAM186B"
"DEG_MD_HCT116","1232","0.766599999999999948","SOHLH2","SOHLH2","13","298","0.9675000000000000266454","1.0000000000000000000","0.62870000000000004","GTEx--Coexpression","EID3,NUP210L,ADAM32,CCIN,SPA17,SPATA17,RIBC2,HORMAD2,LEMD1,CCT6B,AKAP3,DNAJC5G,FAM186B"
"DEG_MD_HCT116","1233","0.767299999999999982","ZNF410","ZNF410","13","298","0.9675000000000000266454","1.0000000000000000000","0.62870000000000004","GTEx--Coexpression","B4GAT1,CORO2B,NOVA2,PLEKHA6,MT-ATP8,STMN3,BACH1,GAR1,BRSK1,TUBG2,ALYREF,CASP4,GDAP1"
"DEG_MD_HCT116","1234","0.767900000000000027","ZFP91","ZFP91","13","298","0.9675000000000000266454","1.0000000000000000000","0.62870000000000004","GTEx--Coexpression","EID3,NUP210L,TEX14,ADAM32,CDKN3,AKR1E2,CCIN,SPA17,SPATA17,HORMAD2,CCT6B,AKAP3,FAM186B"
"DEG_MD_HCT116","1235","0.768499999999999961","AHCTF1","AHCTF1","13","299","0.9685000000000000275335","1.0000000000000000000","0.62649999999999995","GTEx--Coexpression","EID3,NUP210L,TEX14,ADAM32,AKR1E2,KCTD19,HORMAD2,CNTD1,SYCP3,CCT6B,STAG3,FAM186B,USP44"
"DEG_MD_HCT116","1236","0.769100000000000006","ZNF564","ZNF564","13","299","0.9685000000000000275335","1.0000000000000000000","0.62649999999999995","GTEx--Coexpression","VSIR,PTAFR,ZNF701,ARSG,SECTM1,SH3GL3,ZNF350,RPS6KA1,FADD,VASP,PARP16,NMI,CREBRF"
"DEG_MD_HCT116","1237","0.769800000000000040","NFATC3","NFATC3","13","299","0.9685000000000000275335","1.0000000000000000000","0.62649999999999995","GTEx--Coexpression","PSMD2,CFAP61,PSMC1,IK,TBX1,EIF3C,KLHL30,EYA4,ENO3,OIP5,TTN,SIX4,RASA4B"
"DEG_MD_HCT116","1238","0.770399999999999974","ZNF780A","ZNF780A","13","299","0.9685000000000000275335","1.0000000000000000000","0.62649999999999995","GTEx--Coexpression","PTAFR,SORL1,PIK3AP1,RINL,ZNF701,ARSG,DHRS13,SYK,NAT1,MILR1,RPS6KA1,FADD,NMI"
"DEG_MD_HCT116","1239","0.771000000000000019","FOXN4","FOXN4","13","299","0.9685000000000000275335","1.0000000000000000000","0.62649999999999995","GTEx--Coexpression","EID3,NUP210L,ADAM32,KCTD19,SPATA17,PCSK4,RIBC2,HORMAD2,ZMYND10,CCDC38,CCT6B,DNAJC5G,FAM186B"
"DEG_MD_HCT116","1240","0.771599999999999953","ZNF546","ZNF546","13","299","0.9685000000000000275335","1.0000000000000000000","0.62649999999999995","GTEx--Coexpression","EID3,NUP210L,ADAM32,KCTD19,PCSK4,HORMAD2,ZMYND10,CCDC38,CCT6B,STAG3,DNAJC5G,FAM186B,LEKR1"
"DEG_MD_HCT116","1241","0.772199999999999998","SP3","SP3","13","299","0.9685000000000000275335","1.0000000000000000000","0.62649999999999995","GTEx--Coexpression","INSYN1,MMP14,FRMD5,NDUFB8,MAML2,BRSK1,CYBRD1,NF2,MAP6,CREBRF,MDFIC,DOCK11,ZFP36L1"
"DEG_MD_HCT116","1242","0.772900000000000031","MTERF1","MTERF1","13","299","0.9685000000000000275335","1.0000000000000000000","0.62649999999999995","GTEx--Coexpression","ZNF480,BCL2L12,ACTR2,TMPO,PCNA,RPA3,ZNF84,NAT1,NUP37,TIGAR,LSM5,PCLAF,ESCO2"
"DEG_MD_HCT116","1243","0.773499999999999965","POU5F2","POU5F2","13","299","0.9685000000000000275335","1.0000000000000000000","0.62649999999999995","GTEx--Coexpression","EID3,NUP210L,ADAM32,SPA17,SPATA17,PCSK4,RIBC2,HORMAD2,ZMYND10,CCDC38,CCT6B,DNAJC5G,FAM186B"
"DEG_MD_HCT116","1244","0.774100000000000010","ZNF585B","ZNF585B","13","299","0.9685000000000000275335","1.0000000000000000000","0.62649999999999995","GTEx--Coexpression","ZNF268,ZNF221,ZNF461,ZNF214,ZNF615,ZNF585A,PAN2,MSANTD4,ZNF391,CUL7,MAP3K12,TRPC1,ZMAT1"
"DEG_MD_HCT116","1245","0.774700000000000055","TP53","TP53","13","299","0.9685000000000000275335","1.0000000000000000000","0.62649999999999995","GTEx--Coexpression","CRYBG1,EIF5A,CCDC92,TMPO,CD44,PCNA,NUP37,GAR1,MCM5,TRAF3IP2,MAP6,AMMECR1,ALYREF"
"DEG_MD_HCT116","1246","0.775399999999999978","PPARA","PPARA","13","299","0.9685000000000000275335","1.0000000000000000000","0.62649999999999995","GTEx--Coexpression","C5,RIDA,ALDH1L1,DECR1,HNF4A,NUDT7,MAT1A,PAH,GPT,AIFM1,DHRS4,EHHADH,DDT"
"DEG_MD_HCT116","1247","0.776000000000000023","CARF","CARF","13","299","0.9685000000000000275335","1.0000000000000000000","0.62649999999999995","GTEx--Coexpression","STARD9,GSTM2,ZNF585A,HMGB1,NHLRC3,WDR27,NRBP2,RALGAPA1,TRPC1,LRRCC1,HNRNPH3,MAP4K5,ZMAT1"
"DEG_MD_HCT116","1248","0.776599999999999957","JUND","JUND","13","299","0.9685000000000000275335","1.0000000000000000000","0.62649999999999995","GTEx--Coexpression","PSMD2,PSMD1,ZNF480,PSMA4,IDUA,PSMC1,PSMC2,SRR,EGR3,NUP37,ZFP36L1,NR4A1,HES4"
"DEG_MD_HCT116","1249","0.777200000000000002","MAZ","MAZ","13","299","0.9685000000000000275335","1.0000000000000000000","0.62649999999999995","GTEx--Coexpression","SDHAF1,BCL2L12,ZNF865,RINL,CCNJL,DHRS13,GEMIN7,TIMM17B,TIGD5,MAP2K6,LRFN1,PLCL2,FADD"
"DEG_MD_HCT116","1250","0.777800000000000047","KDM2A","KDM2A","13","300","0.9695000000000000284217","1.0000000000000000000","0.62429999999999997","GTEx--Coexpression","EID3,TEX14,TEX19,KCTD19,XRCC6,HORMAD2,ZCWPW1,CNTD1,SYCP3,STAG3,DCST2,DMRT1,FANCD2"
"DEG_MD_HCT116","1251","0.778499999999999970","ZNF267","ZNF267","13","300","0.9695000000000000284217","1.0000000000000000000","0.62429999999999997","GTEx--Coexpression","PSMB9,TNFRSF9,ITGAX,PIK3AP1,RINL,SYK,IL18R1,NCKAP1L,IL21R,RPS6KA1,RUBCNL,NMI,CASP4"
"DEG_MD_HCT116","1252","0.779100000000000015","ZNF662","ZNF662","13","300","0.9695000000000000284217","1.0000000000000000000","0.62429999999999997","GTEx--Coexpression","GTF2IRD2B,GSTM2,PIAS3,ACTR2,CCNL2,ANKHD1,WDR27,RALGAPA1,ZNF783,CALCOCO1,AMT,MAP4K5,POMP"
"DEG_MD_HCT116","1253","0.779699999999999949","MNT","MNT","13","300","0.9695000000000000284217","1.0000000000000000000","0.62429999999999997","GTEx--Coexpression","VSIR,PTAFR,ZNF467,TSPAN2,DHRS13,SECTM1,COX16,TES,GCSH,MAML3,DUSP18,VASP,B3GNT8"
"DEG_MD_HCT116","1254","0.780299999999999994","ZNF813","ZNF813","13","300","0.9695000000000000284217","1.0000000000000000000","0.62429999999999997","GTEx--Coexpression","CENPE,BCL2L12,ARHGAP11A,ACTR2,TMPO,ZNF701,PCNA,SPC25,ZNF84,NUP37,PCLAF,ESCO2,PRIM2"
"DEG_MD_HCT116","1255","0.781000000000000028","ZBTB42","ZBTB42","13","300","0.9695000000000000284217","1.0000000000000000000","0.62429999999999997","GTEx--Coexpression","JTB,RORC,TCEA3,KIRREL2,TBC1D8,KIAA1217,CRACR2B,ELOA,AP1M2,AP3M2,KRT18,OXA1L,DIAPH1"
"DEG_MD_HCT116","1256","0.781599999999999961","ASH1L","ASH1L","13","300","0.9695000000000000284217","1.0000000000000000000","0.62429999999999997","GTEx--Coexpression","CLOCK,ZNF461,PARD3B,ARSA,PIK3R1,ZNF585A,POLD4,NFIX,RALGAPA1,CALCOCO1,PSENEN,TYMP,SSBP2"
"DEG_MD_HCT116","1257","0.782200000000000006","DNTTIP1","DNTTIP1","13","300","0.9695000000000000284217","1.0000000000000000000","0.62429999999999997","GTEx--Coexpression","VSIR,PTAFR,ZNF467,DYSF,ARSG,BST1,DHRS13,SECTM1,TIMM17B,MILR1,MAP2K6,FADD,VASP"
"DEG_MD_HCT116","1258","0.782800000000000051","ZBTB14","ZBTB14","13","300","0.9695000000000000284217","1.0000000000000000000","0.62429999999999997","GTEx--Coexpression","FGFBP3,ACTR2,TRIM44,PLEKHB1,CD22,CPOX,CLGN,HMGB1,CLDND1,FAM107B,OSCP1,ANP32B,FAIM"
"DEG_MD_HCT116","1259","0.783399999999999985","ZNF568","ZNF568","13","300","0.9695000000000000284217","1.0000000000000000000","0.62429999999999997","GTEx--Coexpression","MOSMO,VAMP8,MMP16,ZNF221,ZNF461,TTLL7,ZNF615,ZNF585B,ZNF585A,MSANTD4,ST14,TRPC1,CYP2U1"
"DEG_MD_HCT116","1260","0.784100000000000019","GCM1","GCM1","13","300","0.9695000000000000284217","1.0000000000000000000","0.62429999999999997","GTEx--Coexpression","VSIR,PTAFR,ZNF467,ITGAX,BST1,CCNJL,DHRS13,SECTM1,CD33,AOAH,LRFN1,RPS6KA1,VASP"
"DEG_MD_HCT116","1261","0.784699999999999953","NFIL3","NFIL3","13","300","0.9695000000000000284217","1.0000000000000000000","0.62429999999999997","GTEx--Coexpression","DDIT4,KIAA0040,AREG,IL1RAP,SOCS3,BST1,BACH1,CEBPD,SIAH1,CREBRF,SDCBP,SLC2A3,CASP4"
"DEG_MD_HCT116","1262","0.785299999999999998","XBP1","XBP1","13","300","0.9695000000000000284217","1.0000000000000000000","0.62429999999999997","GTEx--Coexpression","JTB,SHC2,ONECUT1,ZBTB42,KIRREL2,GALNT3,CLPSL2,CRACR2B,AZGP1,ZFPM1,PGGHG,KRT18,AMY2B"
"DEG_MD_HCT116","1263","0.785900000000000043","RBAK","RBAK","13","300","0.9695000000000000284217","1.0000000000000000000","0.62429999999999997","GTEx--Coexpression","GABARAP,ZNF268,ZNF480,ZNF221,ZNF461,SLCO3A1,SOCS6,IKZF2,DDX46,PATJ,ZNF550,GLMN,PSENEN"
"DEG_MD_HCT116","1264","0.786599999999999966","ZNF438","ZNF438","13","300","0.9695000000000000284217","1.0000000000000000000","0.62429999999999997","GTEx--Coexpression","VSIR,PTAFR,ZNF467,DYSF,ARSG,BST1,DHRS13,SECTM1,CD33,MILR1,MAP2K6,FADD,VASP"
"DEG_MD_HCT116","1265","0.787200000000000011","CSRNP2","CSRNP2","13","300","0.9695000000000000284217","1.0000000000000000000","0.62429999999999997","GTEx--Coexpression","VAMP8,CCDC92,OTUD7A,SCNN1D,PLCH1,ILDR2,OSCP1,AP3M2,ACSL6,SPTBN4,MAP6,NME5,DOCK3"
"DEG_MD_HCT116","1266","0.787799999999999945","ZNF691","ZNF691","13","300","0.9695000000000000284217","1.0000000000000000000","0.62429999999999997","GTEx--Coexpression","GTF2IRD2B,ZNF480,BCL2L12,ST6GAL1,ZNF701,GEMIN7,POLD4,ZNF747,PARP16,NMI,PARP10,LBX2,ACBD4"
"DEG_MD_HCT116","1267","0.788399999999999990","ZBED4","ZBED4","13","300","0.9695000000000000284217","1.0000000000000000000","0.62429999999999997","GTEx--Coexpression","BCL2L12,CRYBG1,EIF5A,IKZF2,TMPO,PCNA,SPC25,NUP37,GAR1,ELOA,MACC1,PCLAF,ESCO2"
"DEG_MD_HCT116","1268","0.789000000000000035","ZNF787","ZNF787","13","300","0.9695000000000000284217","1.0000000000000000000","0.62429999999999997","GTEx--Coexpression","VSIR,ZNF467,BCL2L12,DYSF,ZNF865,DHRS13,SECTM1,GEMIN7,TIMM17B,MAP2K6,RPS6KA1,FADD,VASP"
"DEG_MD_HCT116","1269","0.789699999999999958","E2F8","E2F8","13","300","0.9695000000000000284217","1.0000000000000000000","0.62429999999999997","GTEx--Coexpression","LRRC39,MYPN,HAT1,BCL2L12,TCEA3,NUP37,ENO3,DENND2C,MACROD1,OIP5,MSS51,SIX1,TRPT1"
"DEG_MD_HCT116","1270","0.790300000000000002","ZNF354A","ZNF354A","13","300","0.9695000000000000284217","1.0000000000000000000","0.62429999999999997","GTEx--Coexpression","SKAP2,VSIR,PTAFR,ZNF467,DYSF,ZNF701,BST1,DHRS13,IL18R1,MILR1,FADD,VASP,NMI"
"DEG_MD_HCT116","1271","0.790900000000000047","CENPX","CENPX","13","300","0.9695000000000000284217","1.0000000000000000000","0.62429999999999997","GTEx--Coexpression","CYP4F3,SDHAF1,THEM6,TXNDC17,HNF4A,EBP,POLD4,RNF43,SNRPF,TXN,EFNA2,DBI,DDT"
"DEG_MD_HCT116","1272","0.791499999999999981","CEBPG","CEBPG","13","300","0.9695000000000000284217","1.0000000000000000000","0.62429999999999997","GTEx--Coexpression","RORC,SOCS6,KLHL30,ENO3,ELOA,DENND2C,SMPDL3A,KCNJ11,CHAC1,B3GNT5,SIX4,TMEM107,NRIP1"
"DEG_MD_HCT116","1273","0.792200000000000015","ZNF396","ZNF396","13","300","0.9695000000000000284217","1.0000000000000000000","0.62429999999999997","GTEx--Coexpression","VSIR,PTAFR,ZNF467,ZNF701,ARSG,DHRS13,MILR1,MINDY1,DUSP18,RPS6KA1,FADD,NMI,TMEM107"
"DEG_MD_HCT116","1274","0.792799999999999949","LHX4","LHX4","13","300","0.9695000000000000284217","1.0000000000000000000","0.62429999999999997","GTEx--Coexpression","VSIR,PTAFR,ZNF467,LIN7A,SORL1,ZNF701,ARSG,CCNJL,DHRS13,IL18R1,RPS6KA1,FADD,NMI"
"DEG_MD_HCT116","1275","0.793399999999999994","RLF","RLF","13","300","0.9695000000000000284217","1.0000000000000000000","0.62429999999999997","GTEx--Coexpression","NDUFC2,ARL4C,PXT1,EOMES,TNFAIP3,BACH1,SYTL3,RUBCNL,SIAH1,CREBRF,CXCR4,ZFP36L1,SLC2A3"
"DEG_MD_HCT116","1276","0.794000000000000039","FOXK1","FOXK1","13","300","0.9695000000000000284217","1.0000000000000000000","0.62429999999999997","GTEx--Coexpression","KCNH2,FOXO6,KCNQ4,RTBDN,PCDHB14,PLD3,MYO15A,P3H3,MAP6,SDCBP,ASIC4,DLG5,SPEG"
"DEG_MD_HCT116","1277","0.794599999999999973","ATF1","ATF1","13","300","0.9695000000000000284217","1.0000000000000000000","0.62429999999999997","GTEx--Coexpression","ZNF480,PSMA1,HAT1,C1D,EIF3C,ZNF84,NUP37,ENO3,TBCE,SIX1,SIX4,RASA4B,NRIP1"
"DEG_MD_HCT116","1278","0.795300000000000007","ZFP28","ZFP28","13","300","0.9695000000000000284217","1.0000000000000000000","0.62429999999999997","GTEx--Coexpression","VAMP8,MMP16,ZNF461,TTLL7,CCDC92,SLC45A1,ZNF585A,POLD4,ZNF391,DENND2D,TRPC1,MTFP1,CASP4"
"DEG_MD_HCT116","1279","0.795900000000000052","ZNF776","ZNF776","13","300","0.9695000000000000284217","1.0000000000000000000","0.62429999999999997","GTEx--Coexpression","ZNF250,LIN7A,MTCL1,PPP1R3E,ZNF701,ZNF585B,ZNF585A,PPFIA4,ZNF91,PATJ,PRDM10,ZNF550,CDH15"
"DEG_MD_HCT116","1280","0.796499999999999986","ZNF112","ZNF112","13","300","0.9695000000000000284217","1.0000000000000000000","0.62429999999999997","GTEx--Coexpression","MOSMO,CLOCK,ZNF221,ZNF461,ZNF214,MTCL1,ZNF585B,ZNF585A,PPFIA4,MSANTD4,PLCB4,MAP3K12,SRRM3"
"DEG_MD_HCT116","1281","0.797100000000000031","ZNF443","ZNF443","13","300","0.9695000000000000284217","1.0000000000000000000","0.62429999999999997","GTEx--Coexpression","VSIR,PTAFR,ZNF467,SORL1,RINL,ZNF701,DHRS13,IL18R1,NAT1,ZNF350,RPS6KA1,FADD,NMI"
"DEG_MD_HCT116","1282","0.797799999999999954","ZNF282","ZNF282","13","300","0.9695000000000000284217","1.0000000000000000000","0.62429999999999997","GTEx--Coexpression","ZNF865,CCDC92,TFAP4,GEMIN7,MAML3,TIGD5,ZNF350,AP3M2,PARP16,LRRCC1,NME5,MPZL3,GRHL2"
"DEG_MD_HCT116","1283","0.798399999999999999","CGGBP1","CGGBP1","12","297","0.9820999999999999729994","1.0000000000000000000","0.58030000000000004","GTEx--Coexpression","PLSCR4,KRCC1,CHST14,FNDC10,PAPOLA,CYBRD1,KLF7,MDFIC,HNRNPH3,PTGES3,SYDE1,RBMS3"
"DEG_MD_HCT116","1284","0.799000000000000044","CXXC1","CXXC1","12","297","0.9820999999999999729994","1.0000000000000000000","0.58030000000000004","GTEx--Coexpression","FEZ2,IDUA,CCNL2,MZF1,ANKHD1,PAN2,TRA2A,CDK5RAP3,WDR27,CDK3,SMARCD1,ENKD1"
"DEG_MD_HCT116","1285","0.799599999999999977","JRKL","JRKL","12","297","0.9820999999999999729994","1.0000000000000000000","0.58030000000000004","GTEx--Coexpression","AKR1E2,LRR1,SPATA18,ARSJ,FKBP10,KIRREL1,RPL26L1,GPR176,NUF2,PBK,SGO2,LEKR1"
"DEG_MD_HCT116","1286","0.800200000000000022","ANKZF1","ANKZF1","12","297","0.9820999999999999729994","1.0000000000000000000","0.58030000000000004","GTEx--Coexpression","ZNF250,IDUA,CCNL2,PPP1R3E,HSF4,MZF1,ANKHD1,PAN2,CDK5RAP3,ZNF783,CDK3,AMT"
"DEG_MD_HCT116","1287","0.800899999999999945","ZNF33A","ZNF33A","12","297","0.9820999999999999729994","1.0000000000000000000","0.58030000000000004","GTEx--Coexpression","GTF2IRD2B,IDUA,CCNL2,ANKHD1,DDX46,PATJ,CDK5RAP3,NHLRC3,CRACR2B,ZNF350,LZTS1,TMED4"
"DEG_MD_HCT116","1288","0.801499999999999990","ZNF563","ZNF563","12","297","0.9820999999999999729994","1.0000000000000000000","0.58030000000000004","GTEx--Coexpression","ADAM32,CDKN3,CCIN,SPATA17,RIBC2,PRR22,TTC23L,CCDC38,CCT6B,AKAP3,FAM186B,LEKR1"
"DEG_MD_HCT116","1289","0.802100000000000035","ESR2","ESR2","12","298","0.9827000000000000179412","1.0000000000000000000","0.57830000000000004","GTEx--Coexpression","AADAC,MAP3K5,ADGRV1,MYO7A,KCNQ1,STAMBPL1,SIMC1,SERPINA5,OIP5,MAP3K15,ABCD1,PCED1B"
"DEG_MD_HCT116","1290","0.802699999999999969","DMBX1","DMBX1","12","298","0.9827000000000000179412","1.0000000000000000000","0.57830000000000004","GTEx--Coexpression","FAM222A,COL9A2,MAMLD1,PLD3,MYO15A,BRF1,MORN2,OSCP1,CDRT4,STAG3,SCG2,ASIC4"
"DEG_MD_HCT116","1291","0.803400000000000003","ZNF165","ZNF165","12","298","0.9827000000000000179412","1.0000000000000000000","0.57830000000000004","GTEx--Coexpression","ADAM32,CDKN3,CCIN,SPA17,SPATA17,MMEL1,RIBC2,LEMD1,TTC23L,CCT6B,AKAP3,FAM186B"
"DEG_MD_HCT116","1292","0.804000000000000048","CENPT","CENPT","12","298","0.9827000000000000179412","1.0000000000000000000","0.57830000000000004","GTEx--Coexpression","ACAP3,CCNL2,CSNK2B,CCDC154,SCNN1D,CDK5RAP3,PLCH2,KIFC2,BRF1,PLEKHG5,CARMIL3,DCST2"
"DEG_MD_HCT116","1293","0.804599999999999982","NME2","NME2","12","298","0.9827000000000000179412","1.0000000000000000000","0.57830000000000004","GTEx--Coexpression","EIF5A,SCNN1D,GAR1,RPL17,SNRPG,SNRPF,POLR2L,RAB13,TRAF3IP2,ANP32B,SEC61G,LTBR"
"DEG_MD_HCT116","1294","0.805200000000000027","ZBTB17","ZBTB17","12","298","0.9827000000000000179412","1.0000000000000000000","0.57830000000000004","GTEx--Coexpression","ITGAX,PTPN7,ARSA,PPP1R35,ARMH1,SYTL3,DENND1C,PLCB2,AOAH,PARP10,PSENEN,ATG16L2"
"DEG_MD_HCT116","1295","0.805799999999999961","ZNF433","ZNF433","12","298","0.9827000000000000179412","1.0000000000000000000","0.57830000000000004","GTEx--Coexpression","ADAM32,CDKN3,CCIN,SPATA17,PCSK4,RIBC2,PRR22,LEMD1,TTC23L,CCT6B,AKAP3,FAM186B"
"DEG_MD_HCT116","1296","0.806499999999999995","BACH1","BACH1","12","298","0.9827000000000000179412","1.0000000000000000000","0.57830000000000004","GTEx--Coexpression","P4HTM,TMEM25,SLC45A1,CD44,PLEKHA6,DAPP1,TMEM154,MAP6,TUBG2,MPZL3,DIAPH1,CASP4"
"DEG_MD_HCT116","1297","0.807100000000000040","ZNF736","ZNF736","12","298","0.9827000000000000179412","1.0000000000000000000","0.57830000000000004","GTEx--Coexpression","NDUFB8,HNRNPA1,HNRNPA3,DHX9,HNRNPA2B1,ANKHD1,NHLRC3,HNRNPM,WDR27,ZNF783,DCST2,FANCD2"
"DEG_MD_HCT116","1298","0.807699999999999974","ZNF518B","ZNF518B","12","298","0.9827000000000000179412","1.0000000000000000000","0.57830000000000004","GTEx--Coexpression","CLOCK,ZNF221,ZBTB12,TRIM44,ZNF585B,ZNF585A,RPL26L1,MSANTD4,TIGAR,TRMT6,AK6,GLMN"
"DEG_MD_HCT116","1299","0.808300000000000018","SRCAP","SRCAP","12","298","0.9827000000000000179412","1.0000000000000000000","0.57830000000000004","GTEx--Coexpression","HNRNPA3,CCNL2,HNRNPA2B1,ANKHD1,PAN2,CDK5RAP3,HNRNPM,WDR27,CTNND1,ZNF783,SMARCD1,POMP"
"DEG_MD_HCT116","1300","0.809000000000000052","BPTF","BPTF","12","299","0.9832999999999999518607","1.0000000000000000000","0.57620000000000005","GTEx--Coexpression","SNF8,ZNF461,TARBP1,MTCL1,HNRNPA1,HNRNPA3,BLOC1S1,RALGAPA1,MAP3K12,PLEKHG5,HNRNPH3,ROMO1"
"DEG_MD_HCT116","1301","0.809599999999999986","MEF2C","MEF2C","12","299","0.9832999999999999518607","1.0000000000000000000","0.57620000000000005","GTEx--Coexpression","CACNA2D1,LRRC39,MYPN,SCN1B,PRKN,PLA2G4C,ENO3,TTN,KCNJ11,MSS51,SIX1,RASA4B"
"DEG_MD_HCT116","1302","0.810200000000000031","ZZZ3","ZZZ3","12","299","0.9832999999999999518607","1.0000000000000000000","0.57620000000000005","GTEx--Coexpression","ZNF268,MMP14,ZNF214,PARD3B,ZNF84,KIRREL1,AMOTL2,IRS1,FKBP9,TWIST1,CITED2,MAP4K5"
"DEG_MD_HCT116","1303","0.810799999999999965","ZNF276","ZNF276","12","299","0.9832999999999999518607","1.0000000000000000000","0.57620000000000005","GTEx--Coexpression","ITGAX,CCNJL,DHRS13,SYK,EOMES,DENND1C,DENND2D,PLCB2,AOAH,RPS6KA1,RUBCNL,ATG16L2"
"DEG_MD_HCT116","1304","0.811400000000000010","YBX2","YBX2","12","299","0.9832999999999999518607","1.0000000000000000000","0.57620000000000005","GTEx--Coexpression","NUP210L,ADAM32,SPA17,KCTD19,SPATA17,PCSK4,RIBC2,HORMAD2,ZMYND10,CCT6B,DNAJC5G,FAM186B"
"DEG_MD_HCT116","1305","0.812100000000000044","ZNF701","ZNF701","12","299","0.9832999999999999518607","1.0000000000000000000","0.57620000000000005","GTEx--Coexpression","VSIR,PTAFR,ARSG,BST1,SYK,MILR1,ZNF350,RPS6KA1,FADD,VASP,NMI,CASP4"
"DEG_MD_HCT116","1306","0.812699999999999978","ZNF451","ZNF451","12","299","0.9832999999999999518607","1.0000000000000000000","0.57620000000000005","GTEx--Coexpression","EID3,ADAM32,HNRNPA3,DONSON,SPATA20,SCML1,HNRNPA2B1,LEMD1,TTC23L,USP44,MNS1,LEKR1"
"DEG_MD_HCT116","1307","0.813300000000000023","PRMT3","PRMT3","12","299","0.9832999999999999518607","1.0000000000000000000","0.57620000000000005","GTEx--Coexpression","PSMD1,PSMA1,PSMC6,PSMC2,HAT1,SRR,ZNF84,NUP37,TRMT6,SNRPG,LSM5,TBCE"
"DEG_MD_HCT116","1308","0.813899999999999957","ZNF763","ZNF763","12","299","0.9832999999999999518607","1.0000000000000000000","0.57620000000000005","GTEx--Coexpression","VSIR,PTAFR,ZNF467,ZNF701,ARSG,CCNJL,DHRS13,SYK,IL18R1,ZNF350,RPS6KA1,NMI"
"DEG_MD_HCT116","1309","0.814599999999999991","ZNF592","ZNF592","12","299","0.9832999999999999518607","1.0000000000000000000","0.57620000000000005","GTEx--Coexpression","DYSF,ZNF865,ZHX2,KLHL30,EEPD1,ENO3,OBSCN,MAP2K6,TTN,KCNJ11,SIX4,RASA4B"
"DEG_MD_HCT116","1310","0.815200000000000036","ZNF544","ZNF544","12","299","0.9832999999999999518607","1.0000000000000000000","0.57620000000000005","GTEx--Coexpression","FEZ2,NEK2,ZNF675,PPP1R1A,ARHGEF6,ZNF585B,EEPD1,NUF2,CDRT4,PTTG1,LEKR1,SGPP2"
"DEG_MD_HCT116","1311","0.815799999999999970","ZNF20","ZNF20","12","299","0.9832999999999999518607","1.0000000000000000000","0.57620000000000005","GTEx--Coexpression","CDKN3,CCIN,LRR1,SPA17,PPP1R35,ARMC12,RIBC2,CNTD1,DUSP18,FBXL13,PSENEN,FAM186B"
"DEG_MD_HCT116","1312","0.816400000000000015","ZNF548","ZNF548","12","299","0.9832999999999999518607","1.0000000000000000000","0.57620000000000005","GTEx--Coexpression","RFTN1,TNFAIP3,MAML2,APOL3,ZNF550,NF2,KLF7,PTPRN2,SIAH1,BTN3A3,MDFIC,SPRY1"
"DEG_MD_HCT116","1313","0.817100000000000048","ZNF629","ZNF629","12","299","0.9832999999999999518607","1.0000000000000000000","0.57620000000000005","GTEx--Coexpression","PSMD1,PSMC1,PSMC2,MIPEP,PRKAA2,SRR,PRKN,PDLIM5,TIGD5,TNNC1,LARGE1,CAMK2D"
"DEG_MD_HCT116","1314","0.817699999999999982","ATMIN","ATMIN","12","299","0.9832999999999999518607","1.0000000000000000000","0.57620000000000005","GTEx--Coexpression","EFCAB11,SPA17,SPATA17,SH3GL3,PLCH1,MORN2,LEMD1,AK6,OSCP1,CCDC34,MEIG1,NME5"
"DEG_MD_HCT116","1315","0.818300000000000027","ZNF569","ZNF569","12","299","0.9832999999999999518607","1.0000000000000000000","0.57620000000000005","GTEx--Coexpression","ZNF461,EFCAB11,SPA17,ZNF585A,MORN2,AK6,OSCP1,CCDC34,MEIG1,NME5,MNS1,LEKR1"
"DEG_MD_HCT116","1316","0.818899999999999961","ZSCAN9","ZSCAN9","12","299","0.9832999999999999518607","1.0000000000000000000","0.57620000000000005","GTEx--Coexpression","OLFM2,DONSON,SPATA20,CCNL2,PPP1R35,HNRNPA2B1,CCDC154,PAN2,WDR27,PAPOLA,ZNF783,USP44"
"DEG_MD_HCT116","1317","0.819500000000000006","ZNF391","ZNF391","12","300","0.9838999999999999968026","1.0000000000000000000","0.57420000000000004","GTEx--Coexpression","RNF215,DLGAP1,ATL1,ZNF461,ZNF214,RCOR2,ZNF585B,TIMM17B,NAV3,AP3M2,NME5,DIAPH1"
"DEG_MD_HCT116","1318","0.820200000000000040","NHLH1","NHLH1","12","300","0.9838999999999999968026","1.0000000000000000000","0.57420000000000004","GTEx--Coexpression","VSIR,PTAFR,ZNF467,DYSF,SORL1,RINL,CCNJL,DHRS13,LRFN1,RPS6KA1,FADD,NMI"
"DEG_MD_HCT116","1319","0.820799999999999974","GLMP","GLMP","12","300","0.9838999999999999968026","1.0000000000000000000","0.57420000000000004","GTEx--Coexpression","MMP14,CHST14,ADAMTS2,RAB13,FADD,PRIM2,HFE,STEAP1,DPP4,SGSH,CASP4,LTBR"
"DEG_MD_HCT116","1320","0.821400000000000019","ZNF846","ZNF846","12","300","0.9838999999999999968026","1.0000000000000000000","0.57420000000000004","GTEx--Coexpression","STARD9,EID3,NUP210L,ADAM32,AKR1E2,SPA17,SPATA18,CCT6B,LRRCC1,DNAJC5G,FAM186B,PSORS1C1"
"DEG_MD_HCT116","1321","0.821999999999999953","ZNF613","ZNF613","12","300","0.9838999999999999968026","1.0000000000000000000","0.57420000000000004","GTEx--Coexpression","ZNF480,PMEPA1,C1D,ZNF615,SLC45A3,ZNF701,ZNF350,GCNT2,ZNF747,FADD,NMI,PRIM2"
"DEG_MD_HCT116","1322","0.822699999999999987","ZNF432","ZNF432","12","300","0.9838999999999999968026","1.0000000000000000000","0.57420000000000004","GTEx--Coexpression","FSCN2,SHC2,CCNL2,KIRREL2,ANKHD1,CDK5RAP3,CLPSL2,FICD,CRACR2B,CDRT4,AMY2B,ENKD1"
"DEG_MD_HCT116","1323","0.823300000000000032","ZNF302","ZNF302","12","300","0.9838999999999999968026","1.0000000000000000000","0.57420000000000004","GTEx--Coexpression","SLC27A1,TMEM120B,PPP1R3E,CD44,ZNF585B,ZNF585A,DAPP1,GGT7,MSANTD4,TMEM154,MPZL3,CASP4"
"DEG_MD_HCT116","1324","0.823899999999999966","E2F3","E2F3","12","300","0.9838999999999999968026","1.0000000000000000000","0.57420000000000004","GTEx--Coexpression","DYSF,ACTR2,C1D,ARSG,XRCC4,IL18R1,MILR1,TIGAR,TRMT6,MAP2K6,FADD,NMI"
"DEG_MD_HCT116","1325","0.824500000000000011","NAIF1","NAIF1","12","300","0.9838999999999999968026","1.0000000000000000000","0.57420000000000004","GTEx--Coexpression","VSIR,PTAFR,ARSG,DHRS13,SECTM1,GEMIN7,DUSP18,RPS6KA1,FADD,VASP,NMI,B3GNT8"
"DEG_MD_HCT116","1326","0.825099999999999945","BCL6","BCL6","12","300","0.9838999999999999968026","1.0000000000000000000","0.57420000000000004","GTEx--Coexpression","VSIR,PTAFR,DYSF,ITGAX,ARSG,BST1,DHRS13,IL18R1,BACH1,MAP2K6,CREBRF,SDCBP"
"DEG_MD_HCT116","1327","0.825799999999999979","LYL1","LYL1","12","300","0.9838999999999999968026","1.0000000000000000000","0.57420000000000004","GTEx--Coexpression","SLC25A37,TRIM10,BST1,DHRS13,CD33,ARMH1,DENND1C,AOAH,BCL2L1,SMIM1,VASP,MPIG6B"
"DEG_MD_HCT116","1328","0.826400000000000023","FOXN2","FOXN2","12","300","0.9838999999999999968026","1.0000000000000000000","0.57420000000000004","GTEx--Coexpression","SKAP2,PTAFR,LIN7A,ACTR2,SORL1,PIK3AP1,RINL,BST1,IL18R1,MILR1,NMI,SDCBP"
"DEG_MD_HCT116","1329","0.826999999999999957","ZNF585A","ZNF585A","12","300","0.9838999999999999968026","1.0000000000000000000","0.57420000000000004","GTEx--Coexpression","L1CAM,VAMP8,ZNF221,ZNF461,ZNF615,PPP1R3E,ZNF585B,MSANTD4,PLCB4,MAP3K12,TRPC1,CYP2U1"
"DEG_MD_HCT116","1330","0.827600000000000002","ZNF66","ZNF66","12","300","0.9838999999999999968026","1.0000000000000000000","0.57420000000000004","GTEx--Coexpression","GPR15,HNRNPA1,IKZF2,TMPO,ZNF701,CD22,PCNA,SPC25,MCM5,IL21R,ESCO2,EBI3"
"DEG_MD_HCT116","1331","0.828300000000000036","ZNF596","ZNF596","12","300","0.9838999999999999968026","1.0000000000000000000","0.57420000000000004","GTEx--Coexpression","ZNF461,TMEM120B,MTCL1,GRIK2,ZNF585A,PPFIA4,CCDC154,SCNN1D,RASGEF1C,RTTN,MAP3K12,USP44"
"DEG_MD_HCT116","1332","0.828899999999999970","GATA1","GATA1","12","300","0.9838999999999999968026","1.0000000000000000000","0.57420000000000004","GTEx--Coexpression","SLC25A37,TRIM10,BST1,CD33,LYL1,ARMH1,SYTL3,DENND1C,AOAH,BCL2L1,SMIM1,MPIG6B"
"DEG_MD_HCT116","1333","0.829500000000000015","IKZF4","IKZF4","12","300","0.9838999999999999968026","1.0000000000000000000","0.57420000000000004","GTEx--Coexpression","CACNA2D1,CLOCK,GTF2IRD2B,VAMP8,ZNF585B,ZNF585A,TMEM201,SIMC1,LFNG,TMEM154,RALGAPA1,MPZL3"
"DEG_MD_HCT116","1334","0.830099999999999949","ZNF37A","ZNF37A","12","300","0.9838999999999999968026","1.0000000000000000000","0.57420000000000004","GTEx--Coexpression","ZNF221,ZNF461,TMEM120B,MTCL1,CCNL2,ZNF585B,ARFGEF3,SARM1,DGKE,CUL7,MAP3K12,P3H3"
"DEG_MD_HCT116","1335","0.830699999999999994","ETV6","ETV6","12","300","0.9838999999999999968026","1.0000000000000000000","0.57420000000000004","GTEx--Coexpression","B4GAT1,FRMD5,KCNN4,CD44,NCKAP1L,NF2,WASF3,CD99L2,VASP,ZFP36L1,SGSH,CASP4"
"DEG_MD_HCT116","1336","0.831400000000000028","ZNF766","ZNF766","12","300","0.9838999999999999968026","1.0000000000000000000","0.57420000000000004","GTEx--Coexpression","CDKN3,IK,AKR1E2,LRR1,HERC5,CSNK2B,XRCC6,ARMC12,CNTD1,FAM186B,FANCD2,PSORS1C1"
"DEG_MD_HCT116","1337","0.831999999999999962","CIC","CIC","12","300","0.9838999999999999968026","1.0000000000000000000","0.57420000000000004","GTEx--Coexpression","ZFYVE28,TEX14,KCTD19,CCDC154,SCNN1D,ZCWPW1,MAP3K12,SYCP3,CARMIL3,STAG3,DMRT1,USP44"
"DEG_MD_HCT116","1338","0.832600000000000007","ZNF425","ZNF425","12","300","0.9838999999999999968026","1.0000000000000000000","0.57420000000000004","GTEx--Coexpression","CACNA2D1,NOSTRIN,ZBTB12,SRR,SCN1B,MSANTD4,TIGD5,NFIX,GLMN,CD99L2,TBCE,NEURL1"
"DEG_MD_HCT116","1339","0.833200000000000052","ZNF77","ZNF77","12","300","0.9838999999999999968026","1.0000000000000000000","0.57420000000000004","GTEx--Coexpression","ZNF480,ZNF221,ZNF461,TFAP4,ZNF84,DDX46,NUP37,TIGD5,TRMT6,ZNF550,GLMN,CDH15"
"DEG_MD_HCT116","1340","0.833899999999999975","KLF1","KLF1","12","300","0.9838999999999999968026","1.0000000000000000000","0.57420000000000004","GTEx--Coexpression","SLC25A37,TRIM10,BST1,DHRS13,CD33,LYL1,TESC,AOAH,BCL2L1,CTAGE15,SMIM1,MPIG6B"
"DEG_MD_HCT116","1341","0.834500000000000020","ZNF527","ZNF527","12","300","0.9838999999999999968026","1.0000000000000000000","0.57420000000000004","GTEx--Coexpression","GTF2IRD2B,ZNF268,ZNF480,VAMP8,ZNF221,ZNF461,ZNF214,ZNF615,ZNF585B,ZNF585A,ZNF84,TBCE"
"DEG_MD_HCT116","1342","0.835099999999999953","HOXA7","HOXA7","12","300","0.9838999999999999968026","1.0000000000000000000","0.57420000000000004","GTEx--Coexpression","PSMD1,MYPN,PSMC1,PSMC2,EIF3C,TCEA3,EYA4,ENO3,SIX1,SIX4,RASA4B,NRIP1"
"DEG_MD_HCT116","1343","0.835699999999999998","ZNF174","ZNF174","12","300","0.9838999999999999968026","1.0000000000000000000","0.57420000000000004","GTEx--Coexpression","JPH2,PSMC1,DYSF,ZNF865,THAP8,TSPAN2,YES1,TIMM17B,ZNF350,ZNF747,FADD,SPEG"
"DEG_MD_HCT116","1344","0.836300000000000043","PKNOX1","PKNOX1","12","300","0.9838999999999999968026","1.0000000000000000000","0.57420000000000004","GTEx--Coexpression","KCNC3,LIN7A,ZBED2,ARMC12,CCNJL,ZNF585B,CCDC154,PAN2,SALL4,SLC26A4,DUSP18,APBB3"
"DEG_MD_HCT116","1345","0.836999999999999966","MTERF3","MTERF3","12","300","0.9838999999999999968026","1.0000000000000000000","0.57420000000000004","GTEx--Coexpression","MYPN,ZNF480,PSMA1,PSMC6,PSMC2,PRKAA2,NDUFB3,PDLIM5,TNNC1,OBSCN,LSM5,TBCE"
"DEG_MD_HCT116","1346","0.837600000000000011","ZNF18","ZNF18","12","300","0.9838999999999999968026","1.0000000000000000000","0.57420000000000004","GTEx--Coexpression","VSIR,PTAFR,ZNF467,BST1,DHRS13,SECTM1,ARMH1,AOAH,DUSP18,RPS6KA1,FADD,NMI"
"DEG_MD_HCT116","1347","0.838199999999999945","ZNF253","ZNF253","12","300","0.9838999999999999968026","1.0000000000000000000","0.57420000000000004","GTEx--Coexpression","ZNF480,ZNF221,ZNF461,ZNF615,SLC25A34,ANK1,ZNF585A,ZNF91,ZNF550,PLCL2,TBCE,CDH15"
"DEG_MD_HCT116","1348","0.838799999999999990","CPXCR1","CPXCR1","11","297","0.9911999999999999699796","1.0000000000000000000","0.53010000000000002","GTEx--Coexpression","ADAM32,CDKN3,CCIN,SPA17,SPATA17,LEMD1,TTC23L,CCT6B,AKAP3,FAM186B,MNS1"
"DEG_MD_HCT116","1349","0.839500000000000024","CREM","CREM","11","298","0.9916000000000000369482","1.0000000000000000000","0.52820000000000000","GTEx--Coexpression","NUP210L,ADAM32,CDKN3,CCIN,SPA17,SPATA17,PCSK4,LEMD1,TTC23L,AKAP3,FAM186B"
"DEG_MD_HCT116","1350","0.840099999999999958","ZNF335","ZNF335","11","298","0.9916000000000000369482","1.0000000000000000000","0.52820000000000000","GTEx--Coexpression","IDUA,CCNL2,PPP1R35,HIGD1A,ANKHD1,CDK5RAP3,ZNF783,CDK3,SMARCD1,ATG16L2,POMP"
"DEG_MD_HCT116","1351","0.840700000000000003","ZNF567","ZNF567","11","298","0.9916000000000000369482","1.0000000000000000000","0.52820000000000000","GTEx--Coexpression","ZNF268,ZNF221,ZNF461,DONSON,LRR1,ZNF585A,RTTN,BLOC1S1,GLMN,SGO2,LEKR1"
"DEG_MD_HCT116","1352","0.841300000000000048","MGA","MGA","11","298","0.9916000000000000369482","1.0000000000000000000","0.52820000000000000","GTEx--Coexpression","TEX14,HERC5,DHX9,XRCC6,HNRNPA2B1,RTTN,BLOC1S1,ZCWPW1,STAG3,DMRT1,USP44"
"DEG_MD_HCT116","1353","0.841899999999999982","ZNF679","ZNF679","11","298","0.9916000000000000369482","1.0000000000000000000","0.52820000000000000","GTEx--Coexpression","NUP210L,AKR1E2,SPA17,KCTD19,PCSK4,HORMAD2,LEMD1,AKAP3,DNAJC5G,FAM186B,LIN28A"
"DEG_MD_HCT116","1354","0.842600000000000016","ZNF239","ZNF239","11","298","0.9916000000000000369482","1.0000000000000000000","0.52820000000000000","GTEx--Coexpression","ZNF214,ALDH1L2,ARSJ,EEF1E1,RPL26L1,MSANTD4,GPR176,ZNF391,AK6,MPZL3,STEAP1"
"DEG_MD_HCT116","1355","0.843199999999999950","ZXDB","ZXDB","11","299","0.9919000000000000039080","1.0000000000000000000","0.52639999999999998","GTEx--Coexpression","ATF5,GABARAP,C5,LRRC3,PPARA,MAT1A,AMBP,FGL1,CTH,PTGDS,ORM2"
"DEG_MD_HCT116","1356","0.843799999999999994","MLX","MLX","11","299","0.9919000000000000039080","1.0000000000000000000","0.52639999999999998","GTEx--Coexpression","ZNF480,BCL2L12,GEMIN7,TIMM17B,POLD4,AIFM1,MAP2K6,MTFP1,PLCL2,MAP6,OXA1L"
"DEG_MD_HCT116","1357","0.844400000000000039","NR3C1","NR3C1","11","299","0.9919000000000000039080","1.0000000000000000000","0.52639999999999998","GTEx--Coexpression","KCTD12,RFTN1,ZNF84,CRIM1,EPN1,MAML2,ADPRH,BCL2,MDFIC,DOCK11,ARHGAP42"
"DEG_MD_HCT116","1358","0.845099999999999962","ZNF557","ZNF557","11","299","0.9919000000000000039080","1.0000000000000000000","0.52639999999999998","GTEx--Coexpression","PTAFR,BCL2L12,ACTR2,RINL,ZNF701,ARSG,GEMIN7,NUP37,TIGAR,FADD,NMI"
"DEG_MD_HCT116","1359","0.845700000000000007","ZKSCAN7","ZKSCAN7","11","299","0.9919000000000000039080","1.0000000000000000000","0.52639999999999998","GTEx--Coexpression","ZNF268,ZNF221,ZNF214,LIN7A,PCDH1,ZNF701,ARSG,ZNF585B,ZNF585A,CUL7,FADD"
"DEG_MD_HCT116","1360","0.846300000000000052","ZNF614","ZNF614","11","299","0.9919000000000000039080","1.0000000000000000000","0.52639999999999998","GTEx--Coexpression","CLOCK,VAMP8,ZNF221,ZNF461,ZNF615,ZNF585B,ZNF585A,ZNF84,MSANTD4,RTTN,GLMN"
"DEG_MD_HCT116","1361","0.846899999999999986","ZSCAN32","ZSCAN32","11","299","0.9919000000000000039080","1.0000000000000000000","0.52639999999999998","GTEx--Coexpression","VSIR,PTAFR,ZNF467,SORL1,RINL,ZNF701,ARSG,DHRS13,ZNF350,FADD,NMI"
"DEG_MD_HCT116","1362","0.847500000000000031","ZNF316","ZNF316","11","299","0.9919000000000000039080","1.0000000000000000000","0.52639999999999998","GTEx--Coexpression","TMA7,ZNF467,ZNF865,SYK,HIGD1A,ANKHD1,DENND1C,ZNF783,RPS6KA1,VASP,ATG16L2"
"DEG_MD_HCT116","1363","0.848199999999999954","NRL","NRL","11","299","0.9919000000000000039080","1.0000000000000000000","0.52639999999999998","GTEx--Coexpression","NDUFC2,NDUFB3,NDUFB2,FMC1,USE1,TIMM17B,PLA2G4C,GCSH,UQCR10,CHCHD2,TRPT1"
"DEG_MD_HCT116","1364","0.848799999999999999","SETDB1","SETDB1","11","299","0.9919000000000000039080","1.0000000000000000000","0.52639999999999998","GTEx--Coexpression","INSYN1,TMA7,B4GAT1,IK,NDUFB8,NOVA2,ZNF701,PALM,HIGD1A,ANKHD1,FANCD2"
"DEG_MD_HCT116","1365","0.849400000000000044","ZNF79","ZNF79","11","299","0.9919000000000000039080","1.0000000000000000000","0.52639999999999998","GTEx--Coexpression","PSMC1,HAT1,BCL2L12,EIF3C,GEMIN7,NUP37,TIGD5,TIGAR,TRMT6,MAP2K6,FADD"
"DEG_MD_HCT116","1366","0.849999999999999978","ZNF727","ZNF727","11","299","0.9919000000000000039080","1.0000000000000000000","0.52639999999999998","GTEx--Coexpression","PBX1,ZNF615,KCNQ4,ZNF704,ZNF585A,PCDHB14,DENND2D,RALGAPA1,TRPC1,SPEG,SSBP2"
"DEG_MD_HCT116","1367","0.850700000000000012","ZNF345","ZNF345","11","299","0.9919000000000000039080","1.0000000000000000000","0.52639999999999998","GTEx--Coexpression","STARD9,ANKHD1,USE1,PITPNC1,BLOC1S2,NFATC4,WDR27,TMEM132A,NF2,DCST2,CASKIN1"
"DEG_MD_HCT116","1368","0.851299999999999946","ZNF841","ZNF841","11","299","0.9919000000000000039080","1.0000000000000000000","0.52639999999999998","GTEx--Coexpression","IDUA,HNRNPA1,HNRNPA3,CCNL2,ANKHD1,TRA2A,WDR27,ZNF783,AMT,HNRNPH3,MAN2C1"
"DEG_MD_HCT116","1369","0.851899999999999991","ZNF649","ZNF649","11","299","0.9919000000000000039080","1.0000000000000000000","0.52639999999999998","GTEx--Coexpression","PARD3B,ZNF615,ARSA,NOL4L,ZNF84,TENT5B,DNAH1,CPED1,SYDE1,PALLD,SSBP2"
"DEG_MD_HCT116","1370","0.852500000000000036","PROX2","PROX2","11","299","0.9919000000000000039080","1.0000000000000000000","0.52639999999999998","GTEx--Coexpression","GPR15,ZNF221,ZBTB12,IKZF2,TMPO,CD22,TFAP4,ZNF84,ZNF550,BCL2,IL21R"
"DEG_MD_HCT116","1371","0.853099999999999969","ZNF175","ZNF175","11","300","0.9921999999999999708677","1.0000000000000000000","0.52459999999999996","GTEx--Coexpression","ZNF221,ZNF461,TMEM120B,MTCL1,ZNF585B,ZNF585A,PPFIA4,PLCB4,DGKE,MAP3K12,TRANK1"
"DEG_MD_HCT116","1372","0.853800000000000003","HMG20A","HMG20A","11","300","0.9921999999999999708677","1.0000000000000000000","0.52459999999999996","GTEx--Coexpression","LRRC39,PRPS1,PCDH1,CD22,PLA2G4C,AGPAT5,RTTN,ZNF550,GLMN,ANP32E,MPP7"
"DEG_MD_HCT116","1373","0.854400000000000048","ZNF347","ZNF347","11","300","0.9921999999999999708677","1.0000000000000000000","0.52459999999999996","GTEx--Coexpression","ZNF221,ZNF461,ZNF615,ZNF585A,PLCB4,MAP3K12,TNS2,CYP2U1,PSENEN,HNRNPH3,RBMS3"
"DEG_MD_HCT116","1374","0.854999999999999982","ZSCAN25","ZSCAN25","11","300","0.9921999999999999708677","1.0000000000000000000","0.52459999999999996","GTEx--Coexpression","TMA7,FRMD5,NDUFB8,NOVA2,CCDC92,ANKHD1,DDX46,MAML3,SMARCD3,AMMECR1,DOCK4"
"DEG_MD_HCT116","1375","0.855600000000000027","ZNF587B","ZNF587B","11","300","0.9921999999999999708677","1.0000000000000000000","0.52459999999999996","GTEx--Coexpression","BCL2L12,CCDC92,ZNF701,SYK,PALM,TMOD2,GEMIN7,DDX46,GAR1,MAP6,CASP4"
"DEG_MD_HCT116","1376","0.856299999999999950","CBX2","CBX2","11","300","0.9921999999999999708677","1.0000000000000000000","0.52459999999999996","GTEx--Coexpression","EID3,NUP210L,TEX14,KCTD19,PCSK4,RIBC2,HORMAD2,PRR22,LEMD1,DNAJC5G,FAM186B"
"DEG_MD_HCT116","1377","0.856899999999999995","PRDM4","PRDM4","11","300","0.9921999999999999708677","1.0000000000000000000","0.52459999999999996","GTEx--Coexpression","MMP14,ZNF426,CRYBG1,TRIM44,KIRREL1,AMOTL2,RND3,GPR176,HOXA1,HOXC4,CITED2"
"DEG_MD_HCT116","1378","0.857500000000000040","ZNF70","ZNF70","11","300","0.9921999999999999708677","1.0000000000000000000","0.52459999999999996","GTEx--Coexpression","EIF3C,KLHL30,ZNF84,EYA4,ADCY9,MITF,PRKG1,TBCE,SIX4,SPEG,RASA4B"
"DEG_MD_HCT116","1379","0.858099999999999974","ZNF850","ZNF850","11","300","0.9921999999999999708677","1.0000000000000000000","0.52459999999999996","GTEx--Coexpression","GPR15,ZNF221,TMPO,RFTN1,ZNF84,NUP37,RTTN,DEPDC1B,ESCO2,EBI3,MDFIC"
"DEG_MD_HCT116","1380","0.858700000000000019","ZNF317","ZNF317","11","300","0.9921999999999999708677","1.0000000000000000000","0.52459999999999996","GTEx--Coexpression","CCDC92,CD44,TFAP4,ANKHD1,DDX46,PLCH1,MORN2,ZNF550,PTGDS,AMMECR1,NME5"
"DEG_MD_HCT116","1381","0.859400000000000053","HSF1","HSF1","11","300","0.9921999999999999708677","1.0000000000000000000","0.52459999999999996","GTEx--Coexpression","NUP210L,ADAM32,AKR1E2,PCSK4,SH3RF2,CLGN,ZMYND10,AKAP3,DNAJC5G,FAM186B,OPLAH"
"DEG_MD_HCT116","1382","0.859999999999999987","ZNF705E","ZNF705E","11","300","0.9921999999999999708677","1.0000000000000000000","0.52459999999999996","GTEx--Coexpression","PIAS3,NDUFB2,DDX46,TNKS2,ABCA12,NR1D1,KLF8,SIAH1,UQCR10,MAP4K5,ATP5MF"
"DEG_MD_HCT116","1383","0.860600000000000032","ZNF483","ZNF483","11","300","0.9921999999999999708677","1.0000000000000000000","0.52459999999999996","GTEx--Coexpression","P4HTM,ZNF461,TMEM25,ZNF585A,PER3,SCNN1D,DGKE,MAP3K12,TRPC1,CDRT4,P3H3"
"DEG_MD_HCT116","1384","0.861199999999999966","MXD1","MXD1","11","300","0.9921999999999999708677","1.0000000000000000000","0.52459999999999996","GTEx--Coexpression","ITGAX,BST1,SYTL3,DENND1C,AOAH,RUBCNL,B3GNT8,CXCR4,KLRC4,ATG16L2,SLC2A3"
"DEG_MD_HCT116","1385","0.861899999999999999","EN1","EN1","11","300","0.9921999999999999708677","1.0000000000000000000","0.52459999999999996","GTEx--Coexpression","RDH12,HOXC11,PSMC2,TBX1,ABCA12,ENO3,DENND2C,PSAPL1,POU2F3,SIX1,SIX4"
"DEG_MD_HCT116","1386","0.862500000000000044","ZNF844","ZNF844","11","300","0.9921999999999999708677","1.0000000000000000000","0.52459999999999996","GTEx--Coexpression","GTF2IRD2B,ZNF268,ZNF250,ZNF214,ZNF615,ZNF701,ZNF585B,ZNF585A,PAN2,ZNF550,HNRNPH3"
"DEG_MD_HCT116","1387","0.863099999999999978","ZNF281","ZNF281","11","300","0.9921999999999999708677","1.0000000000000000000","0.52459999999999996","GTEx--Coexpression","LIN7A,ACTR2,TRIM44,SORL1,NAT1,MILR1,GPR176,DKK1,GCNT1,TIGAR,FADD"
"DEG_MD_HCT116","1388","0.863700000000000023","ZNF222","ZNF222","11","300","0.9921999999999999708677","1.0000000000000000000","0.52459999999999996","GTEx--Coexpression","PTAFR,LIN7A,SORL1,RINL,ZNF701,ARSG,CCNJL,DHRS13,MILR1,FADD,NMI"
"DEG_MD_HCT116","1389","0.864299999999999957","SMAD1","SMAD1","11","300","0.9921999999999999708677","1.0000000000000000000","0.52459999999999996","GTEx--Coexpression","PSMC2,HAT1,TBX1,EIF3C,NTNG2,DDX46,TNKS2,PARD3,TRAF3IP2,RASA4B,NRIP1"
"DEG_MD_HCT116","1390","0.864999999999999991","ZNF132","ZNF132","11","300","0.9921999999999999708677","1.0000000000000000000","0.52459999999999996","GTEx--Coexpression","CLOCK,ZNF268,ZNF221,ZNF461,ZNF214,ZNF585B,ZNF585A,ZNF84,MSANTD4,CUL7,GLMN"
"DEG_MD_HCT116","1391","0.865600000000000036","CEBPZ","CEBPZ","11","300","0.9921999999999999708677","1.0000000000000000000","0.52459999999999996","GTEx--Coexpression","PSMD1,PSMC1,PSMC2,HAT1,EIF3C,ZNF84,DDX46,NUP37,TRMT6,PDE4D,NRIP1"
"DEG_MD_HCT116","1392","0.866199999999999970","E4F1","E4F1","10","297","0.9960999999999999854339","1.0000000000000000000","0.48020000000000002","GTEx--Coexpression","ZNF250,IDUA,CCNL2,MZF1,PLCH2,BRF1,ZNF783,CDK3,PLEKHG5,CARMIL3"
"DEG_MD_HCT116","1393","0.866800000000000015","ZNF487","ZNF487","10","297","0.9960999999999999854339","1.0000000000000000000","0.48020000000000002","GTEx--Coexpression","ADAM32,CCIN,SPA17,SPATA17,ARMC12,RIBC2,LEMD1,TTC23L,AKAP3,FAM186B"
"DEG_MD_HCT116","1394","0.867500000000000049","ZNF14","ZNF14","10","298","0.9961999999999999744205","1.0000000000000000000","0.47849999999999998","GTEx--Coexpression","ZNF268,ZNF250,ZNF221,ZNF461,LIN7A,ZNF615,ZNF701,ZNF585B,ZNF350,ZNF550"
"DEG_MD_HCT116","1395","0.868099999999999983","ZFP69","ZFP69","10","298","0.9961999999999999744205","1.0000000000000000000","0.47849999999999998","GTEx--Coexpression","ZNF268,ZNF221,ZBTB12,SPDL1,ACTR2,TRIM44,XRCC4,GPR176,KIAA1217,PRIM2"
"DEG_MD_HCT116","1396","0.868700000000000028","ZNF136","ZNF136","10","298","0.9961999999999999744205","1.0000000000000000000","0.47849999999999998","GTEx--Coexpression","EPN1,MAML2,TIMP2,CYBRD1,NF2,KLF7,CREBRF,UQCR10,ATP5MF,RBMS3"
"DEG_MD_HCT116","1397","0.869299999999999962","ZBTB26","ZBTB26","10","298","0.9961999999999999744205","1.0000000000000000000","0.47849999999999998","GTEx--Coexpression","STARD9,HNRNPA3,ZNF585B,ZNF585A,NFATC4,TGFB1I1,WDR27,PAPOLA,ZNF783,HNRNPH3"
"DEG_MD_HCT116","1398","0.869900000000000007","TIGD6","TIGD6","10","298","0.9961999999999999744205","1.0000000000000000000","0.47849999999999998","GTEx--Coexpression","ZNF268,ZNF221,ALDH1L2,ZNF84,NUP37,DKK1,CYP51A1,TWIST1,HFE,STEAP1"
"DEG_MD_HCT116","1399","0.870600000000000041","ZKSCAN2","ZKSCAN2","10","298","0.9961999999999999744205","1.0000000000000000000","0.47849999999999998","GTEx--Coexpression","PSMD2,CFAP61,NPHP1,FMC1,GLRX2,TMEM201,RPL26L1,OIP5,AK6,STAG3"
"DEG_MD_HCT116","1400","0.871199999999999974","KLF17","KLF17","10","298","0.9961999999999999744205","1.0000000000000000000","0.47849999999999998","GTEx--Coexpression","ADAM32,CCIN,SPA17,SPATA17,PCSK4,MMEL1,LEMD1,TTC23L,AKAP3,FAM186B"
"DEG_MD_HCT116","1401","0.871800000000000019","ZNF705G","ZNF705G","10","298","0.9961999999999999744205","1.0000000000000000000","0.47849999999999998","GTEx--Coexpression","NUP210L,ADAM32,CCIN,SPA17,SPATA17,LEMD1,TTC23L,CCT6B,AKAP3,FAM186B"
"DEG_MD_HCT116","1402","0.872399999999999953","ZNF221","ZNF221","10","299","0.9963999999999999523936","1.0000000000000000000","0.47689999999999999","GTEx--Coexpression","ZNF268,ZNF461,ZBTB12,SRR,TRIM44,ZNF585A,ZNF84,GPR176,MB21D2,GLMN"
"DEG_MD_HCT116","1403","0.873099999999999987","ZNF799","ZNF799","10","299","0.9963999999999999523936","1.0000000000000000000","0.47689999999999999","GTEx--Coexpression","SKAP2,PTAFR,PIK3AP1,ZNF701,IL18R1,NAT1,ZNF350,FADD,NMI,CASP4"
"DEG_MD_HCT116","1404","0.873700000000000032","ZNF696","ZNF696","10","299","0.9963999999999999523936","1.0000000000000000000","0.47689999999999999","GTEx--Coexpression","SDHAF1,ZNF221,ZNF461,ZBTB12,SRR,TRIM44,TFAP4,MSANTD4,TIGD5,SARM1"
"DEG_MD_HCT116","1405","0.874299999999999966","ZNF44","ZNF44","10","299","0.9963999999999999523936","1.0000000000000000000","0.47689999999999999","GTEx--Coexpression","B4GAT1,NDUFB8,PPP1R35,ANKHD1,WDR27,CDK3,CD99L2,PARP10,DCST2,APBB3"
"DEG_MD_HCT116","1406","0.874900000000000011","ZBTB21","ZBTB21","10","299","0.9963999999999999523936","1.0000000000000000000","0.47689999999999999","GTEx--Coexpression","EGR3,SCML1,TNFAIP3,RND3,PXDC1,CEBPD,CTH,SIAH1,ZFP36L1,KLF11"
"DEG_MD_HCT116","1407","0.875499999999999945","ZNF446","ZNF446","10","299","0.9963999999999999523936","1.0000000000000000000","0.47689999999999999","GTEx--Coexpression","ZNF250,YES1,MAML3,BRF1,ZNF783,MAP3K12,PLEKHG5,KCNAB3,ZNF747,CARMIL3"
"DEG_MD_HCT116","1408","0.876199999999999979","ARNTL","ARNTL","10","299","0.9963999999999999523936","1.0000000000000000000","0.47689999999999999","GTEx--Coexpression","ZNF865,ARSG,RNF144B,PER3,EEPD1,BACH1,MAP2K6,CREBRF,LRRCC1,DIAPH1"
"DEG_MD_HCT116","1409","0.876800000000000024","LIN28A","LIN28A","10","299","0.9963999999999999523936","1.0000000000000000000","0.47689999999999999","GTEx--Coexpression","NUP210L,ADAM32,SPA17,SPATA17,PCSK4,RIBC2,LEMD1,TTC23L,AKAP3,FAM186B"
"DEG_MD_HCT116","1410","0.877399999999999958","ZNF655","ZNF655","10","299","0.9963999999999999523936","1.0000000000000000000","0.47689999999999999","GTEx--Coexpression","MRPL51,HNRNPA3,CCNL2,CCDC92,ANKHD1,GCSH,RPL17,CTNND1,ZNF783,POMP"
"DEG_MD_HCT116","1411","0.878000000000000003","TIGD1","TIGD1","10","299","0.9963999999999999523936","1.0000000000000000000","0.47689999999999999","GTEx--Coexpression","TARBP1,TMEM120B,PPP1R3E,CD22,GGT7,AOC3,BRF1,ZNF550,GLMN,DOCK11"
"DEG_MD_HCT116","1412","0.878700000000000037","ZBTB1","ZBTB1","10","299","0.9963999999999999523936","1.0000000000000000000","0.47689999999999999","GTEx--Coexpression","HLA-DOA,IKZF2,TMPO,RFTN1,ZNF84,ZNF550,BCL2,EBI3,ANP32B,MDFIC"
"DEG_MD_HCT116","1413","0.879299999999999971","ZNF700","ZNF700","10","299","0.9963999999999999523936","1.0000000000000000000","0.47689999999999999","GTEx--Coexpression","VAMP8,NDUFB8,CCDC92,SLC45A1,ANKHD1,MSANTD4,CTNND1,CDK3,WASF3,CD99L2"
"DEG_MD_HCT116","1414","0.879900000000000015","ZNF354B","ZNF354B","10","299","0.9963999999999999523936","1.0000000000000000000","0.47689999999999999","GTEx--Coexpression","GTF2IRD2B,CCNL2,LAMA5,NFATC4,WDR27,ZNF783,TNS2,MAN2C1,RBMS3,SPRY1"
"DEG_MD_HCT116","1415","0.880499999999999949","ZNF687","ZNF687","10","299","0.9963999999999999523936","1.0000000000000000000","0.47689999999999999","GTEx--Coexpression","VSIR,PTAFR,ZNF467,PPP1R35,CCNJL,DHRS13,SECTM1,SYK,RPS6KA1,VASP"
"DEG_MD_HCT116","1416","0.881099999999999994","ZNF225","ZNF225","10","299","0.9963999999999999523936","1.0000000000000000000","0.47689999999999999","GTEx--Coexpression","ZNF268,ZNF480,ZNF221,ZNF214,TRIM44,ZNF701,ZNF84,NUP37,ZNF550,HFE"
"DEG_MD_HCT116","1417","0.881800000000000028","ZNF581","ZNF581","10","300","0.9965000000000000524025","1.0000000000000000000","0.47520000000000001","GTEx--Coexpression","PSMB9,BCL2L12,RINL,TFAP4,GEMIN7,DENND1C,FADD,VASP,NMI,CASP4"
"DEG_MD_HCT116","1418","0.882399999999999962","SP2","SP2","10","300","0.9965000000000000524025","1.0000000000000000000","0.47520000000000001","GTEx--Coexpression","BST1,CCNJL,CD33,SYTL3,DENND1C,AOAH,RPS6KA1,VASP,MPIG6B,CMTM7"
"DEG_MD_HCT116","1419","0.883000000000000007","DDIT3","DDIT3","10","300","0.9965000000000000524025","1.0000000000000000000","0.47520000000000001","GTEx--Coexpression","CLOCK,SLC25A37,SYTL3,CXCR4,APBB3,PTGES3,KLRC4,SLC2A3,CMTM7,HSPE1"
"DEG_MD_HCT116","1420","0.883600000000000052","ZNF790","ZNF790","10","300","0.9965000000000000524025","1.0000000000000000000","0.47520000000000001","GTEx--Coexpression","ZNF268,ZNF480,ZNF221,ZNF461,ZNF214,SRR,ZNF585A,ZNF84,MSANTD4,GLMN"
"DEG_MD_HCT116","1421","0.884299999999999975","ZNF235","ZNF235","10","300","0.9965000000000000524025","1.0000000000000000000","0.47520000000000001","GTEx--Coexpression","ZNF221,ZNF461,MTCL1,ZNF615,ZNF585B,ZNF585A,ZNF84,DGKE,GLMN,TRANK1"
"DEG_MD_HCT116","1422","0.884900000000000020","ZUP1","ZUP1","10","300","0.9965000000000000524025","1.0000000000000000000","0.47520000000000001","GTEx--Coexpression","ACTR2,IKZF2,TMPO,SPC25,DEPDC1B,LDHA,IL21R,MACC1,PCLAF,ESCO2"
"DEG_MD_HCT116","1423","0.885499999999999954","ZNF256","ZNF256","10","300","0.9965000000000000524025","1.0000000000000000000","0.47520000000000001","GTEx--Coexpression","MIPEP,TNFRSF19,ZNF84,DDX46,ABCA12,ZNF550,IRX3,PTPRN2,POU2F3,LIN9"
"DEG_MD_HCT116","1424","0.886099999999999999","ZNF7","ZNF7","10","300","0.9965000000000000524025","1.0000000000000000000","0.47520000000000001","GTEx--Coexpression","GTF2IRD2B,ZNF250,ZNF865,TFAP4,ANKHD1,DDX46,PRDM10,ZNF350,ZNF783,CDH15"
"DEG_MD_HCT116","1425","0.886700000000000044","ZNF594","ZNF594","10","300","0.9965000000000000524025","1.0000000000000000000","0.47520000000000001","GTEx--Coexpression","ZNF214,PPP1R3E,ZNF585B,ZNF585A,HNRNPA2B1,ZNF91,GGT7,PAN2,CUL7,ZMAT1"
"DEG_MD_HCT116","1426","0.887399999999999967","ZNF420","ZNF420","10","300","0.9965000000000000524025","1.0000000000000000000","0.47520000000000001","GTEx--Coexpression","ZNF221,ZNF461,MTCL1,ZNF615,ZNF585A,PPFIA4,MSANTD4,GPR137C,GLMN,CDH15"
"DEG_MD_HCT116","1427","0.888000000000000012","ZNF266","ZNF266","10","300","0.9965000000000000524025","1.0000000000000000000","0.47520000000000001","GTEx--Coexpression","HNRNPA3,CCNL2,ANKHD1,MYO15B,GCSH,WDR27,ZNF783,CDK3,SMARCD1,MAN2C1"
"DEG_MD_HCT116","1428","0.888599999999999945","ZSCAN31","ZSCAN31","10","300","0.9965000000000000524025","1.0000000000000000000","0.47520000000000001","GTEx--Coexpression","CLOCK,PBX1,FOXP2,SPATA20,CCDC9B,SYNM,OSCP1,RENBP,CASP4,USP44"
"DEG_MD_HCT116","1429","0.889199999999999990","ZNF646","ZNF646","10","300","0.9965000000000000524025","1.0000000000000000000","0.47520000000000001","GTEx--Coexpression","NUP210L,KCTD19,ARMC12,PCSK4,RIBC2,ZMYND10,PRR22,CNTD1,STAG3,FAM186B"
"DEG_MD_HCT116","1430","0.889900000000000024","ZFX","ZFX","10","300","0.9965000000000000524025","1.0000000000000000000","0.47520000000000001","GTEx--Coexpression","GTF2IRD2B,PBX1,ZNF480,USP9Y,ZNF84,DDX46,FNDC10,IRS1,MITF,NRIP1"
"DEG_MD_HCT116","1431","0.890499999999999958","TIGD7","TIGD7","10","300","0.9965000000000000524025","1.0000000000000000000","0.47520000000000001","GTEx--Coexpression","CACNA2D1,ZNF480,VAMP8,PRKAA2,ZNF615,ZNF585A,ZNF84,MSANTD4,ADCY9,TBCE"
"DEG_MD_HCT116","1432","0.891100000000000003","NR2C1","NR2C1","10","300","0.9965000000000000524025","1.0000000000000000000","0.47520000000000001","GTEx--Coexpression","GTF2IRD2B,ZNF461,TMEM120B,MTCL1,CCNL2,ZNF585A,PLCB4,AMT,MAN2C1,CDH15"
"DEG_MD_HCT116","1433","0.891700000000000048","SP4","SP4","10","300","0.9965000000000000524025","1.0000000000000000000","0.47520000000000001","GTEx--Coexpression","ZNF461,SCN1B,ANK1,ZNF585A,PRDM10,TTN,KCNJ11,PLCL2,SIX4,CDH15"
"DEG_MD_HCT116","1434","0.892299999999999982","ZNF141","ZNF141","10","300","0.9965000000000000524025","1.0000000000000000000","0.47520000000000001","GTEx--Coexpression","HNRNPA1,HNRNPA3,DONSON,ZNF615,CCNL2,N4BP2L1,ZNF783,CTH,HNRNPH3,APBB3"
"DEG_MD_HCT116","1435","0.893000000000000016","ZNF81","ZNF81","10","300","0.9965000000000000524025","1.0000000000000000000","0.47520000000000001","GTEx--Coexpression","ZNF480,CCDC92,ZNF701,ARSG,ZNF84,PALM,DDX46,TIGAR,ZNF550,NME5"
"DEG_MD_HCT116","1436","0.893599999999999950","ZNF791","ZNF791","10","300","0.9965000000000000524025","1.0000000000000000000","0.47520000000000001","GTEx--Coexpression","CCDC92,SH3GL3,ANKHD1,DDX46,TNKS2,MAML2,ZNF550,NF2,METTL26,NME5"
"DEG_MD_HCT116","1437","0.894199999999999995","ZNF197","ZNF197","10","300","0.9965000000000000524025","1.0000000000000000000","0.47520000000000001","GTEx--Coexpression","CACNA2D1,SRR,ZNF585A,ZNF84,EYA4,MSANTD4,KCNJ11,TBCE,SIX1,SIX4"
"DEG_MD_HCT116","1438","0.894800000000000040","ZKSCAN8","ZKSCAN8","10","300","0.9965000000000000524025","1.0000000000000000000","0.47520000000000001","GTEx--Coexpression","HSPG2,GTF2IRD2B,PARD3B,AASS,BLOC1S2,ZNF783,SH3D19,TNS2,ATP5MF,RBMS3"
"DEG_MD_HCT116","1439","0.895499999999999963","TFDP2","TFDP2","9","297","0.9983999999999999541700","1.0000000000000000000","0.43070000000000003","GTEx--Coexpression","EID3,ADAM32,CDKN3,IK,AKR1E2,CCIN,CCT6B,AKAP3,FAM186B"
"DEG_MD_HCT116","1440","0.896100000000000008","ZNF268","ZNF268","9","297","0.9983999999999999541700","1.0000000000000000000","0.43070000000000003","GTEx--Coexpression","ZNF221,ZNF214,ZNF585B,ZNF84,KIRREL1,CHST14,IRS1,CITED2,HFE"
"DEG_MD_HCT116","1441","0.896700000000000053","ZNF572","ZNF572","9","297","0.9983999999999999541700","1.0000000000000000000","0.43070000000000003","GTEx--Coexpression","ZNF268,ZNF221,ZNF214,PARD3B,ZNF84,RTTN,CHST14,HFE,SYDE1"
"DEG_MD_HCT116","1442","0.897299999999999986","TGIF2LX","TGIF2LX","9","297","0.9983999999999999541700","1.0000000000000000000","0.43070000000000003","GTEx--Coexpression","ADAM32,CDKN3,CCIN,SPA17,SPATA17,LEMD1,TTC23L,AKAP3,FAM186B"
"DEG_MD_HCT116","1443","0.897900000000000031","CBLL2","CBLL2","9","297","0.9983999999999999541700","1.0000000000000000000","0.43070000000000003","GTEx--Coexpression","ADAM32,CDKN3,CCIN,SPA17,SPATA17,LEMD1,TTC23L,AKAP3,FAM186B"
"DEG_MD_HCT116","1444","0.898599999999999954","SETDB2","SETDB2","9","298","0.9985000000000000541789","1.0000000000000000000","0.42920000000000003","GTEx--Coexpression","HERC5,ANKHD1,PAN2,NHLRC3,WDR27,PAPOLA,PARP10,APBB3,FANCD2"
"DEG_MD_HCT116","1445","0.899199999999999999","ADNP","ADNP","9","298","0.9985000000000000541789","1.0000000000000000000","0.42920000000000003","GTEx--Coexpression","ZNF268,NDUFB8,HNRNPA3,DHX9,XRCC6,HNRNPA2B1,ANKHD1,BLOC1S1,HNRNPM"
"DEG_MD_HCT116","1446","0.899800000000000044","SPZ1","SPZ1","9","298","0.9985000000000000541789","1.0000000000000000000","0.42920000000000003","GTEx--Coexpression","ADAM32,CCIN,SPA17,SPATA17,PCSK4,LEMD1,TTC23L,AKAP3,FAM186B"
"DEG_MD_HCT116","1447","0.900399999999999978","ZNF677","ZNF677","9","298","0.9985000000000000541789","1.0000000000000000000","0.42920000000000003","GTEx--Coexpression","ADAM32,AKR1E2,CCIN,SPA17,SPATA17,LEMD1,TTC23L,AKAP3,FAM186B"
"DEG_MD_HCT116","1448","0.901100000000000012","ZNF829","ZNF829","9","298","0.9985000000000000541789","1.0000000000000000000","0.42920000000000003","GTEx--Coexpression","ADAM32,CDKN3,AKR1E2,CCIN,SPA17,LEMD1,AKAP3,FAM186B,LEKR1"
"DEG_MD_HCT116","1449","0.901699999999999946","CREB1","CREB1","9","298","0.9985000000000000541789","1.0000000000000000000","0.42920000000000003","GTEx--Coexpression","NDUFC2,NDUFB8,NDUFB2,ZNF701,MAML2,KLF7,CREBRF,UQCR10,DOCK11"
"DEG_MD_HCT116","1450","0.902299999999999991","THAP9","THAP9","9","298","0.9985000000000000541789","1.0000000000000000000","0.42920000000000003","GTEx--Coexpression","CFAP61,NPHP1,FMC1,GLRX2,TMEM201,MORN2,CCT6B,STAG3,FAM186B"
"DEG_MD_HCT116","1451","0.902900000000000036","ZNF442","ZNF442","9","298","0.9985000000000000541789","1.0000000000000000000","0.42920000000000003","GTEx--Coexpression","ZNF268,ZNF615,ZNF84,VIM,CPED1,MCAM,PARP16,COL18A1,RBMS3"
"DEG_MD_HCT116","1452","0.903499999999999970","REXO4","REXO4","9","298","0.9985000000000000541789","1.0000000000000000000","0.42920000000000003","GTEx--Coexpression","PSMD2,GEMIN7,TMEM201,ENO3,TIGD5,OIP5,OBSCN,KCNJ11,SIX4"
"DEG_MD_HCT116","1453","0.904200000000000004","ZNF616","ZNF616","9","298","0.9985000000000000541789","1.0000000000000000000","0.42920000000000003","GTEx--Coexpression","ZNF268,ZNF221,CCDC92,ZNF701,RPL17,ZNF550,MAP3K15,PARP16,HFE"
"DEG_MD_HCT116","1454","0.904800000000000049","ZBTB9","ZBTB9","9","298","0.9985000000000000541789","1.0000000000000000000","0.42920000000000003","GTEx--Coexpression","RTBDN,PLD3,MYO15A,RPL26L1,FICD,CUL7,AK6,CDRT4,ASIC4"
"DEG_MD_HCT116","1455","0.905399999999999983","THAP3","THAP3","9","298","0.9985000000000000541789","1.0000000000000000000","0.42920000000000003","GTEx--Coexpression","GTF2IRD2B,SDHAF1,ZNF865,THAP8,TIMM17B,EEPD1,CTNND1,ZNF747,PARP16"
"DEG_MD_HCT116","1456","0.906000000000000028","ZNF697","ZNF697","9","298","0.9985000000000000541789","1.0000000000000000000","0.42920000000000003","GTEx--Coexpression","KIRREL1,TIGAR,CSF1,ADAMTS2,POLR2L,TWIST1,HEG1,MDFIC,STEAP1"
"DEG_MD_HCT116","1457","0.906699999999999950","ZNF236","ZNF236","9","299","0.9985000000000000541789","1.0000000000000000000","0.42770000000000002","GTEx--Coexpression","TEX14,DONSON,HNRNPA2B1,SCNN1D,RTTN,ZCWPW1,SYCP3,STAG3,DMRT1"
"DEG_MD_HCT116","1458","0.907299999999999995","ZNF600","ZNF600","9","299","0.9985000000000000541789","1.0000000000000000000","0.42770000000000002","GTEx--Coexpression","IDUA,NDUFB8,CCNL2,CCDC92,PRKN,ANKHD1,GCSH,DENND2D,CD99L2"
"DEG_MD_HCT116","1459","0.907900000000000040","ZNF816","ZNF816","9","299","0.9985000000000000541789","1.0000000000000000000","0.42770000000000002","GTEx--Coexpression","ZNF221,CCDC92,TMPO,ZNF701,TFAP4,ADGRF3,ZNF350,ZNF550,PRIM2"
"DEG_MD_HCT116","1460","0.908499999999999974","ZNF460","ZNF460","9","299","0.9985000000000000541789","1.0000000000000000000","0.42770000000000002","GTEx--Coexpression","HAT1,BCL2L12,IKZF2,ZNF84,TNFAIP3,BACH1,LDHA,IL21R,SIAH1"
"DEG_MD_HCT116","1461","0.909100000000000019","ZNF525","ZNF525","9","299","0.9985000000000000541789","1.0000000000000000000","0.42770000000000002","GTEx--Coexpression","NEK2,HNRNPA3,HERC5,ANKHD1,NUF2,VASH2,PTTG1,FANCD2,LEKR1"
"DEG_MD_HCT116","1462","0.909800000000000053","ZNF287","ZNF287","9","299","0.9985000000000000541789","1.0000000000000000000","0.42770000000000002","GTEx--Coexpression","PSMD1,PSMA1,ZNF221,PSMC2,SRR,ZNF84,NUP37,TIGAR,LIN9"
"DEG_MD_HCT116","1463","0.910399999999999987","ZSCAN22","ZSCAN22","9","299","0.9985000000000000541789","1.0000000000000000000","0.42770000000000002","GTEx--Coexpression","ZNF250,ZNF221,TFAP4,GEMIN7,GAR1,TIGD5,ZNF550,AMMECR1,PARP16"
"DEG_MD_HCT116","1464","0.911000000000000032","HIVEP1","HIVEP1","9","300","0.9986000000000000431655","1.0000000000000000000","0.42620000000000002","GTEx--Coexpression","SLC27A1,FRMD5,IKZF2,TNFAIP3,SMARCD3,MACC1,TRAF3IP2,EBI3,AMMECR1"
"DEG_MD_HCT116","1465","0.911599999999999966","GTF2B","GTF2B","9","300","0.9986000000000000431655","1.0000000000000000000","0.42620000000000002","GTEx--Coexpression","PTAFR,BST1,DHRS13,SECTM1,RPS6KA1,FADD,VASP,NMI,CASP4"
"DEG_MD_HCT116","1466","0.912300000000000000","MTF1","MTF1","9","300","0.9986000000000000431655","1.0000000000000000000","0.42620000000000002","GTEx--Coexpression","PTAFR,DYSF,ITGAX,BST1,DHRS13,AOAH,DUSP18,FADD,B3GNT8"
"DEG_MD_HCT116","1467","0.912900000000000045","ZSCAN21","ZSCAN21","9","300","0.9986000000000000431655","1.0000000000000000000","0.42620000000000002","GTEx--Coexpression","ZNF480,PSMC1,PSMC2,SRR,EIF3C,ZNF84,ADCY9,TBCE,SIX4"
"DEG_MD_HCT116","1468","0.913499999999999979","ZNF584","ZNF584","9","300","0.9986000000000000431655","1.0000000000000000000","0.42620000000000002","GTEx--Coexpression","PSMD1,PSMA1,PSMB6,PSMC1,PSMC2,MIPEP,NOL4L,TIGD5,TRMT6"
"DEG_MD_HCT116","1469","0.914100000000000024","ZBTB3","ZBTB3","9","300","0.9986000000000000431655","1.0000000000000000000","0.42620000000000002","GTEx--Coexpression","PTAFR,RINL,ZNF701,ARSG,DHRS13,GEMIN7,RPS6KA1,FADD,NMI"
"DEG_MD_HCT116","1470","0.914699999999999958","ZNF468","ZNF468","9","300","0.9986000000000000431655","1.0000000000000000000","0.42620000000000002","GTEx--Coexpression","CCDC92,TMPO,ZNF701,NAT1,RBM47,GALNT3,ELOA,SMARCD3,MAP6"
"DEG_MD_HCT116","1471","0.915399999999999991","NFX1","NFX1","9","300","0.9986000000000000431655","1.0000000000000000000","0.42620000000000002","GTEx--Coexpression","PSMC2,RORC,EIF3C,ANKHD1,DDX46,TNKS2,PARD3,CLIP4,DIAPH1"
"DEG_MD_HCT116","1472","0.916000000000000036","ZNF223","ZNF223","9","300","0.9986000000000000431655","1.0000000000000000000","0.42620000000000002","GTEx--Coexpression","ZNF268,ZNF221,ZNF461,TARBP1,ZNF675,ZNF585B,ZNF91,ZNF550,GLMN"
"DEG_MD_HCT116","1473","0.916599999999999970","TFAP4","TFAP4","9","300","0.9986000000000000431655","1.0000000000000000000","0.42620000000000002","GTEx--Coexpression","CCDC92,RIN1,DEGS2,PRDM10,PLCH2,TIGD5,ZNF550,PLEKHG5,AMMECR1"
"DEG_MD_HCT116","1474","0.917200000000000015","ZNF16","ZNF16","9","300","0.9986000000000000431655","1.0000000000000000000","0.42620000000000002","GTEx--Coexpression","IL20RB,RDH12,EIF3C,DDX46,TENT5B,PARD3,DENND2C,TIGD5,AHNAK2"
"DEG_MD_HCT116","1475","0.917900000000000049","ZNF674","ZNF674","9","300","0.9986000000000000431655","1.0000000000000000000","0.42620000000000002","GTEx--Coexpression","ZNF480,ZNF221,LIN7A,ACTR2,C1D,ZNF701,ARSG,ZNF84,TIGAR"
"DEG_MD_HCT116","1476","0.918499999999999983","MYSM1","MYSM1","9","300","0.9986000000000000431655","1.0000000000000000000","0.42620000000000002","GTEx--Coexpression","CCNL2,ANKHD1,DDX46,USE1,TNKS2,NHLRC3,CTNND1,SH3D19,METTL26"
"DEG_MD_HCT116","1477","0.919100000000000028","ZNF284","ZNF284","9","300","0.9986000000000000431655","1.0000000000000000000","0.42620000000000002","GTEx--Coexpression","ZNF250,ZNF221,CCDC92,ZNF701,TFAP4,ZNF550,AMMECR1,PARP16,NME5"
"DEG_MD_HCT116","1478","0.919699999999999962","ZNF394","ZNF394","9","300","0.9986000000000000431655","1.0000000000000000000","0.42620000000000002","GTEx--Coexpression","ITGAX,BST1,CD33,SYTL3,DENND1C,AOAH,RUBCNL,VASP,CMTM7"
"DEG_MD_HCT116","1479","0.920300000000000007","ZNF879","ZNF879","9","300","0.9986000000000000431655","1.0000000000000000000","0.42620000000000002","GTEx--Coexpression","CLOCK,ZNF461,ZNF585B,ZNF585A,MSANTD4,GLMN,TBCE,SIX4,CDH15"
"DEG_MD_HCT116","1480","0.921000000000000041","PCGF6","PCGF6","9","300","0.9986000000000000431655","1.0000000000000000000","0.42620000000000002","GTEx--Coexpression","PSMA1,PSMC1,PSMC2,HAT1,SRR,ZNF84,MITF,TBCE,NRIP1"
"DEG_MD_HCT116","1481","0.921599999999999975","SMAD4","SMAD4","9","300","0.9986000000000000431655","1.0000000000000000000","0.42620000000000002","GTEx--Coexpression","GTF2IRD2B,SYNPO2,WNT7A,DDX46,FNDC10,MITF,CALCOCO1,ANTXR2,PALLD"
"DEG_MD_HCT116","1482","0.922200000000000020","ZNF611","ZNF611","9","300","0.9986000000000000431655","1.0000000000000000000","0.42620000000000002","GTEx--Coexpression","TNFRSF9,ACTR2,RINL,ZNF701,ARSG,NCKAP1L,ZNF350,FADD,NMI"
"DEG_MD_HCT116","1483","0.922799999999999954","ZNF479","ZNF479","8","297","0.9993999999999999550582","1.0000000000000000000","0.38150000000000001","GTEx--Coexpression","ADAM32,CCIN,SPA17,SPATA17,LEMD1,TTC23L,AKAP3,FAM186B"
"DEG_MD_HCT116","1484","0.923499999999999988","ZBTB20","ZBTB20","8","297","0.9993999999999999550582","1.0000000000000000000","0.38150000000000001","GTEx--Coexpression","ADAM32,CCIN,SPATA17,MMEL1,LEMD1,TTC23L,AKAP3,FAM186B"
"DEG_MD_HCT116","1485","0.924100000000000033","MSANTD4","MSANTD4","8","297","0.9993999999999999550582","1.0000000000000000000","0.38150000000000001","GTEx--Coexpression","VAMP8,SRR,TRIM44,GCSH,CTNND1,NF2,WASF3,CD99L2"
"DEG_MD_HCT116","1486","0.924699999999999966","GLI4","GLI4","8","297","0.9993999999999999550582","1.0000000000000000000","0.38150000000000001","GTEx--Coexpression","HAT1,NOXA1,MZF1,BRF1,CDK3,LRFN1,METTL26,CARMIL2"
"DEG_MD_HCT116","1487","0.925300000000000011","ZBTB38","ZBTB38","8","298","0.9995000000000000550671","1.0000000000000000000","0.38019999999999998","GTEx--Coexpression","ZNF221,TRIM44,ARSJ,ZNF84,KIRREL1,GPR176,ZEB1,CITED2"
"DEG_MD_HCT116","1488","0.925899999999999945","ZNF148","ZNF148","8","298","0.9995000000000000550671","1.0000000000000000000","0.38019999999999998","GTEx--Coexpression","PDGFC,ZNF268,ZNF701,ZNF84,CRIM1,CPED1,PRKG1,CREBRF"
"DEG_MD_HCT116","1489","0.926599999999999979","ZNF322","ZNF322","8","298","0.9995000000000000550671","1.0000000000000000000","0.38019999999999998","GTEx--Coexpression","ZNF221,TRIM44,ZNF84,KIRREL1,CRIM1,CPED1,ZEB1,SYDE1"
"DEG_MD_HCT116","1490","0.927200000000000024","ZNF624","ZNF624","8","298","0.9995000000000000550671","1.0000000000000000000","0.38019999999999998","GTEx--Coexpression","ZNF675,EFCAB11,SPDL1,DHX9,RTTN,HOXC4,NUF2,SGO2"
"DEG_MD_HCT116","1491","0.927799999999999958","ZNF644","ZNF644","8","298","0.9995000000000000550671","1.0000000000000000000","0.38019999999999998","GTEx--Coexpression","ZNF268,KRCC1,SAV1,SOCS6,PARD3B,ZNF84,ZEB1,CYP2U1"
"DEG_MD_HCT116","1492","0.928400000000000003","TOPORS","TOPORS","8","298","0.9995000000000000550671","1.0000000000000000000","0.38019999999999998","GTEx--Coexpression","EID3,TEX14,AKR1E2,LRR1,ARMC12,DUSP18,FBXL13,SGO2"
"DEG_MD_HCT116","1493","0.929100000000000037","FOXO4","FOXO4","8","298","0.9995000000000000550671","1.0000000000000000000","0.38019999999999998","GTEx--Coexpression","FRMD5,PLEKHB1,SH3GL3,USE1,GCSH,CLDND1,SOX8,COLGALT2"
"DEG_MD_HCT116","1494","0.929699999999999971","SON","SON","8","298","0.9995000000000000550671","1.0000000000000000000","0.38019999999999998","GTEx--Coexpression","FSD1,HNRNPA3,DHX9,NTNG2,FKBP1B,ANKHD1,USE1,METTL26"
"DEG_MD_HCT116","1495","0.930300000000000016","HOMEZ","HOMEZ","8","298","0.9995000000000000550671","1.0000000000000000000","0.38019999999999998","GTEx--Coexpression","CDKN3,CCIN,PCSK4,MMEL1,LEMD1,CCT6B,AKAP3,FAM186B"
"DEG_MD_HCT116","1496","0.930899999999999950","E2F4","E2F4","8","298","0.9995000000000000550671","1.0000000000000000000","0.38019999999999998","GTEx--Coexpression","ATL1,BCL2L12,U2AF1,TMOD2,CNTN1,CSPG5,WASF3,ALYREF"
"DEG_MD_HCT116","1497","0.931499999999999995","ZSCAN12","ZSCAN12","8","298","0.9995000000000000550671","1.0000000000000000000","0.38019999999999998","GTEx--Coexpression","ZNF268,ZNF221,ZNF461,ZNF214,HNRNPA1,DHX9,RTTN,ZNF391"
"DEG_MD_HCT116","1498","0.932200000000000029","ZNF705B","ZNF705B","8","298","0.9995000000000000550671","1.0000000000000000000","0.38019999999999998","GTEx--Coexpression","ADAM32,CCIN,SPA17,SPATA17,LEMD1,TTC23L,AKAP3,FAM186B"
"DEG_MD_HCT116","1499","0.932799999999999963","ZNF668","ZNF668","8","298","0.9995000000000000550671","1.0000000000000000000","0.38019999999999998","GTEx--Coexpression","SNF8,BCL2L12,NUDT1,GEMIN7,TIGD5,TIGAR,TRMT6,FADD"
"DEG_MD_HCT116","1500","0.933400000000000007","ZNF526","ZNF526","8","299","0.9995000000000000550671","1.0000000000000000000","0.37890000000000001","GTEx--Coexpression","BCL2L12,EIF3C,MT-ATP8,GEMIN7,NUP37,TIGD5,TIGAR,FADD"
"DEG_MD_HCT116","1501","0.934000000000000052","ZNF749","ZNF749","8","299","0.9995000000000000550671","1.0000000000000000000","0.37890000000000001","GTEx--Coexpression","EIF5A,ZNF84,NUP37,LDHA,GAR1,TIGD5,TRMT6,GLMN"
"DEG_MD_HCT116","1502","0.934699999999999975","ZNF264","ZNF264","8","299","0.9995000000000000550671","1.0000000000000000000","0.37890000000000001","GTEx--Coexpression","AGAP3,BCL2L12,NOVA2,ZNF701,ZNF84,PALM,NUP37,STMN3"
"DEG_MD_HCT116","1503","0.935300000000000020","ZNF202","ZNF202","8","299","0.9995000000000000550671","1.0000000000000000000","0.37890000000000001","GTEx--Coexpression","NDUFB8,TFAP4,HIGD1A,ANKHD1,HNRNPM,WDR27,PAPOLA,ZNF783"
"DEG_MD_HCT116","1504","0.935899999999999954","BAZ2A","BAZ2A","8","299","0.9995000000000000550671","1.0000000000000000000","0.37890000000000001","GTEx--Coexpression","NDUFC2,NDUFB8,HNRNPA3,HERC5,HNRNPA2B1,HIGD1A,ANKHD1,GCSH"
"DEG_MD_HCT116","1505","0.936499999999999999","RFX1","RFX1","8","299","0.9995000000000000550671","1.0000000000000000000","0.37890000000000001","GTEx--Coexpression","ARMC12,PCSK4,CCDC154,PRR22,LEMD1,TTC23L,FBXL13,FAM186B"
"DEG_MD_HCT116","1506","0.937100000000000044","ZNF485","ZNF485","8","299","0.9995000000000000550671","1.0000000000000000000","0.37890000000000001","GTEx--Coexpression","ZNF480,HAT1,EIF3C,ZNF84,NUP37,TIGD5,TRMT6,LSM5"
"DEG_MD_HCT116","1507","0.937799999999999967","CENPBD1","CENPBD1","8","299","0.9995000000000000550671","1.0000000000000000000","0.37890000000000001","GTEx--Coexpression","ACTR2,SRR,GEMIN7,NUP37,TIGD5,TIGAR,TRMT6,FADD"
"DEG_MD_HCT116","1508","0.938400000000000012","ZNF502","ZNF502","8","299","0.9995000000000000550671","1.0000000000000000000","0.37890000000000001","GTEx--Coexpression","CLOCK,GTF2IRD2B,ZNF268,TMC6,ZNF461,ZNF214,NTNG2,ZNF585B"
"DEG_MD_HCT116","1509","0.938999999999999946","ZSCAN20","ZSCAN20","8","299","0.9995000000000000550671","1.0000000000000000000","0.37890000000000001","GTEx--Coexpression","ZNF480,ZNF221,SRR,TRIM44,ARSJ,ZNF84,NUP37,SNRPG"
"DEG_MD_HCT116","1510","0.939599999999999991","ZNF227","ZNF227","8","299","0.9995000000000000550671","1.0000000000000000000","0.37890000000000001","GTEx--Coexpression","ZNF221,ZNF461,ZBTB12,PCDH1,ZNF615,ZNF585A,ZNF84,ZNF550"
"DEG_MD_HCT116","1511","0.940300000000000025","ZNF283","ZNF283","8","299","0.9995000000000000550671","1.0000000000000000000","0.37890000000000001","GTEx--Coexpression","ZNF480,ZNF221,ZNF461,TRIM44,ZNF585A,ZNF84,ZNF550,GLMN"
"DEG_MD_HCT116","1512","0.940899999999999959","ZSCAN5A","ZSCAN5A","8","299","0.9995000000000000550671","1.0000000000000000000","0.37890000000000001","GTEx--Coexpression","CDKN3,CCIN,SPA17,SPATA17,LEMD1,TTC23L,AKAP3,FAM186B"
"DEG_MD_HCT116","1513","0.941500000000000004","ZNF407","ZNF407","8","300","0.9995000000000000550671","1.0000000000000000000","0.37759999999999999","GTEx--Coexpression","JPH2,SYNPO2,PSMC1,HAT1,ZNF865,EIF3C,MITF,ZNF747"
"DEG_MD_HCT116","1514","0.942100000000000048","PRDM15","PRDM15","8","300","0.9995000000000000550671","1.0000000000000000000","0.37759999999999999","GTEx--Coexpression","BCL2L12,CETN2,ANKHD1,DDX46,ZNF550,MCM5,WASF3,DIAPH1"
"DEG_MD_HCT116","1515","0.942799999999999971","ZNF669","ZNF669","8","300","0.9995000000000000550671","1.0000000000000000000","0.37759999999999999","GTEx--Coexpression","BCL2L12,ACTR2,ZNF701,ZNF84,NUP37,TIGAR,FADD,NMI"
"DEG_MD_HCT116","1516","0.943400000000000016","LCORL","LCORL","8","300","0.9995000000000000550671","1.0000000000000000000","0.37759999999999999","GTEx--Coexpression","CENPE,ARHGAP11A,DDX46,NUP37,DEPDC1B,OIP5,PCLAF,ESCO2"
"DEG_MD_HCT116","1517","0.943999999999999950","ZNF324B","ZNF324B","8","300","0.9995000000000000550671","1.0000000000000000000","0.37759999999999999","GTEx--Coexpression","BCL2L12,EIF3C,TFAP4,DDX46,NUP37,GAR1,TIGD5,TRMT6"
"DEG_MD_HCT116","1518","0.944599999999999995","ZNF398","ZNF398","8","300","0.9995000000000000550671","1.0000000000000000000","0.37759999999999999","GTEx--Coexpression","CSNK2B,BACH1,MAML3,ELL3,TMEM154,DUSP18,MPZL3,MPP7"
"DEG_MD_HCT116","1519","0.945200000000000040","ZNF777","ZNF777","8","300","0.9995000000000000550671","1.0000000000000000000","0.37759999999999999","GTEx--Coexpression","HOXC11,ZNF865,EIF3C,TFAP4,TIGD5,NFIX,TRMT6,ZNF747"
"DEG_MD_HCT116","1520","0.945899999999999963","ZNF385C","ZNF385C","8","300","0.9995000000000000550671","1.0000000000000000000","0.37759999999999999","GTEx--Coexpression","PCSK4,CCDC154,SCNN1D,LEMD1,TTC23L,STAG3,FAM186B,USP44"
"DEG_MD_HCT116","1521","0.946500000000000008","CDC5L","CDC5L","8","300","0.9995000000000000550671","1.0000000000000000000","0.37759999999999999","GTEx--Coexpression","PSMD1,PSMC1,PSMC2,HAT1,C1D,EIF3C,ZNF84,NUP37"
"DEG_MD_HCT116","1522","0.947100000000000053","ZNF45","ZNF45","8","300","0.9995000000000000550671","1.0000000000000000000","0.37759999999999999","GTEx--Coexpression","ZNF268,ZNF480,ZNF221,ZNF701,ZNF84,DDX46,NUP37,ZNF550"
"DEG_MD_HCT116","1523","0.947699999999999987","ZNF619","ZNF619","8","300","0.9995000000000000550671","1.0000000000000000000","0.37759999999999999","GTEx--Coexpression","ZNF480,HAT1,BCL2L12,EIF3C,ZNF701,ZNF84,GEMIN7,NUP37"
"DEG_MD_HCT116","1524","0.948400000000000021","ZNF155","ZNF155","8","300","0.9995000000000000550671","1.0000000000000000000","0.37759999999999999","GTEx--Coexpression","ZNF480,ZNF221,ZNF701,ZNF84,NUP37,TIGAR,TRMT6,FADD"
"DEG_MD_HCT116","1525","0.948999999999999955","ZSCAN29","ZSCAN29","8","300","0.9995000000000000550671","1.0000000000000000000","0.37759999999999999","GTEx--Coexpression","ADAM32,PCSK4,PRR22,LEMD1,CCT6B,STAG3,FAM186B,USP44"
"DEG_MD_HCT116","1526","0.949600000000000000","ZNF765","ZNF765","8","300","0.9995000000000000550671","1.0000000000000000000","0.37759999999999999","GTEx--Coexpression","ZNF480,CCDC92,TMPO,ZNF701,ZNF84,NUP37,STMN3,MAP6"
"DEG_MD_HCT116","1527","0.950200000000000045","ZNF821","ZNF821","8","300","0.9995000000000000550671","1.0000000000000000000","0.37759999999999999","GTEx--Coexpression","PCSK4,CCDC154,SCNN1D,ZMYND10,PLCH1,LEMD1,OSCP1,FAM186B"
"DEG_MD_HCT116","1528","0.950799999999999979","TTF1","TTF1","8","300","0.9995000000000000550671","1.0000000000000000000","0.37759999999999999","GTEx--Coexpression","ZNF480,PSMC1,HAT1,PRKAA2,EIF3C,ZNF84,ADPRH,MITF"
"DEG_MD_HCT116","1529","0.951500000000000012","ZNF480","ZNF480","8","300","0.9995000000000000550671","1.0000000000000000000","0.37759999999999999","GTEx--Coexpression","PSMA1,HAT1,BCL2L12,ZNF84,NUP37,SNRPG,LSM5,OXA1L"
"DEG_MD_HCT116","1530","0.952099999999999946","GMEB1","GMEB1","8","300","0.9995000000000000550671","1.0000000000000000000","0.37759999999999999","GTEx--Coexpression","BCL2L12,ARSG,GEMIN7,BACH1,AOAH,TRMT6,FADD,CASP4"
"DEG_MD_HCT116","1531","0.952699999999999991","ZNF232","ZNF232","8","300","0.9995000000000000550671","1.0000000000000000000","0.37759999999999999","GTEx--Coexpression","GTF2IRD2B,ZNF480,SYNPO2,PSMC1,SYNM,MITF,ZNF747,DES"
"DEG_MD_HCT116","1532","0.953300000000000036","ZNF414","ZNF414","7","298","0.9998000000000000220268","1.0000000000000000000","0.33150000000000002","GTEx--Coexpression","GABARAP,SDHAF1,ZNF865,PPP1R35,YES1,MZF1,TIMM17B"
"DEG_MD_HCT116","1533","0.953999999999999959","ZNF718","ZNF718","7","298","0.9998000000000000220268","1.0000000000000000000","0.33150000000000002","GTEx--Coexpression","ZNF268,ZNF221,TMPO,ZNF701,ZNF84,CHST14,ZNF550"
"DEG_MD_HCT116","1534","0.954600000000000004","ZNF683","ZNF683","7","298","0.9998000000000000220268","1.0000000000000000000","0.33150000000000002","GTEx--Coexpression","CCIN,PCSK4,MMEL1,LEMD1,TTC23L,AKAP3,FAM186B"
"DEG_MD_HCT116","1535","0.955200000000000049","TFCP2","TFCP2","7","299","0.9998000000000000220268","1.0000000000000000000","0.33040000000000003","GTEx--Coexpression","ZBTB12,ATP7B,SRR,ZNF585B,ZNF84,MSANTD4,KIFC3"
"DEG_MD_HCT116","1536","0.955799999999999983","ZNF383","ZNF383","7","299","0.9998000000000000220268","1.0000000000000000000","0.33040000000000003","GTEx--Coexpression","ZNF480,PSMC1,HAT1,EIF3C,ZNF84,DDX46,NUP37"
"DEG_MD_HCT116","1537","0.956400000000000028","ZNF17","ZNF17","7","299","0.9998000000000000220268","1.0000000000000000000","0.33040000000000003","GTEx--Coexpression","ZNF480,ZNF615,ZNF585A,ZNF84,MITF,ZNF550,TBCE"
"DEG_MD_HCT116","1538","0.957099999999999951","ZNF292","ZNF292","7","299","0.9998000000000000220268","1.0000000000000000000","0.33040000000000003","GTEx--Coexpression","GPR15,IKZF2,TMPO,ANKHD1,ZNF550,IL21R,EBI3"
"DEG_MD_HCT116","1539","0.957699999999999996","ZNF84","ZNF84","7","299","0.9998000000000000220268","1.0000000000000000000","0.33040000000000003","GTEx--Coexpression","ZNF480,ZNF221,HAT1,SRR,TRIM44,NUP37,LSM5"
"DEG_MD_HCT116","1540","0.958300000000000041","ZNF782","ZNF782","7","299","0.9998000000000000220268","1.0000000000000000000","0.33040000000000003","GTEx--Coexpression","FSCN2,HNRNPA3,KIRREL2,ANKHD1,ADGRF3,WDR27,ENKD1"
"DEG_MD_HCT116","1541","0.958899999999999975","JRK","JRK","7","299","0.9998000000000000220268","1.0000000000000000000","0.33040000000000003","GTEx--Coexpression","ZNF221,TMEM120B,ZBTB12,ZNF585B,ZNF91,TIGD5,CUL7"
"DEG_MD_HCT116","1542","0.959600000000000009","NFXL1","NFXL1","7","299","0.9998000000000000220268","1.0000000000000000000","0.33040000000000003","GTEx--Coexpression","CKS2,LRR1,NUDT1,RPL26L1,DKK1,FBXL13,SGO2"
"DEG_MD_HCT116","1543","0.960200000000000053","ETV2","ETV2","7","299","0.9998000000000000220268","1.0000000000000000000","0.33040000000000003","GTEx--Coexpression","CCIN,PCSK4,MMEL1,RIBC2,PRR22,LEMD1,FAM186B"
"DEG_MD_HCT116","1544","0.960799999999999987","ZNF408","ZNF408","7","299","0.9998000000000000220268","1.0000000000000000000","0.33040000000000003","GTEx--Coexpression","BCL2L12,ZNF865,GEMIN7,TIMM17B,TIGD5,TRMT6,FADD"
"DEG_MD_HCT116","1545","0.961400000000000032","ZNF277","ZNF277","7","299","0.9998000000000000220268","1.0000000000000000000","0.33040000000000003","GTEx--Coexpression","BCL2L12,RPA3,ZNF84,NUP37,INSIG2,ANP32B,OXA1L"
"DEG_MD_HCT116","1546","0.961999999999999966","ZNF778","ZNF778","7","300","0.9998000000000000220268","1.0000000000000000000","0.32929999999999998","GTEx--Coexpression","PSMD2,PSMC1,PSMC2,HAT1,EIF3C,DDX46,TRMT6"
"DEG_MD_HCT116","1547","0.962700000000000000","ERF","ERF","7","300","0.9998000000000000220268","1.0000000000000000000","0.32929999999999998","GTEx--Coexpression","PSMD1,CLOCK,NDUFC2,SRR,SCN1B,COX16,NEURL1"
"DEG_MD_HCT116","1548","0.963300000000000045","ZNF134","ZNF134","7","300","0.9998000000000000220268","1.0000000000000000000","0.32929999999999998","GTEx--Coexpression","ZNF221,HERC3,ZNF84,DDX46,TRMT6,MB21D2,ZNF550"
"DEG_MD_HCT116","1549","0.963899999999999979","PURA","PURA","7","300","0.9998000000000000220268","1.0000000000000000000","0.32929999999999998","GTEx--Coexpression","ZNF480,ZNF221,SRR,TRIM44,EIF3C,ZNF84,MSANTD4"
"DEG_MD_HCT116","1550","0.964500000000000024","ZBTB11","ZBTB11","7","300","0.9998000000000000220268","1.0000000000000000000","0.32929999999999998","GTEx--Coexpression","ACTR2,TFAP4,TNKS2,PRDM10,TRMT6,ZNF550,GLMN"
"DEG_MD_HCT116","1551","0.965199999999999947","ZNF805","ZNF805","7","300","0.9998000000000000220268","1.0000000000000000000","0.32929999999999998","GTEx--Coexpression","PSMA1,HAT1,EIF3C,ZNF84,NUP37,TIGAR,TRMT6"
"DEG_MD_HCT116","1552","0.965799999999999992","THAP1","THAP1","7","300","0.9998000000000000220268","1.0000000000000000000","0.32929999999999998","GTEx--Coexpression","ZNF480,PSMC1,HAT1,C1D,ZNF84,TIGAR,TRMT6"
"DEG_MD_HCT116","1553","0.966400000000000037","ZNF688","ZNF688","7","300","0.9998000000000000220268","1.0000000000000000000","0.32929999999999998","GTEx--Coexpression","PPP1R35,ARMC12,PCSK4,PRR22,LEMD1,PSENEN,OPLAH"
"DEG_MD_HCT116","1554","0.966999999999999971","MYNN","MYNN","7","300","0.9998000000000000220268","1.0000000000000000000","0.32929999999999998","GTEx--Coexpression","HAT1,C1D,EIF3C,SGSM2,ZNF84,BACH1,TRMT6"
"DEG_MD_HCT116","1555","0.967600000000000016","ZNF180","ZNF180","7","300","0.9998000000000000220268","1.0000000000000000000","0.32929999999999998","GTEx--Coexpression","ZNF268,ZNF221,ZNF701,DDX46,NUP37,ZNF350,ZNF550"
"DEG_MD_HCT116","1556","0.968300000000000050","THAP12","THAP12","7","300","0.9998000000000000220268","1.0000000000000000000","0.32929999999999998","GTEx--Coexpression","ALDH1L2,SAV1,KIRREL2,CLPSL2,AMY2B,FAIM,NRIP1"
"DEG_MD_HCT116","1557","0.968899999999999983","ZIM2","ZIM2","6","296","0.9999000000000000110134","1.0000000000000000000","0.28510000000000002","GTEx--Coexpression","CCIN,SPATA20,LEMD1,TTC23L,AKAP3,FAM186B"
"DEG_MD_HCT116","1558","0.969500000000000028","EVX2","EVX2","6","297","0.9999000000000000110134","1.0000000000000000000","0.28420000000000001","GTEx--Coexpression","CCIN,PCSK4,MMEL1,LEMD1,AKAP3,FAM186B"
"DEG_MD_HCT116","1559","0.970099999999999962","ZNF705A","ZNF705A","6","298","1.0000000000000000000000","1.0000000000000000000","0.28320000000000001","GTEx--Coexpression","CCIN,ARMC12,PCSK4,MMEL1,LEMD1,FAM186B"
"DEG_MD_HCT116","1560","0.970799999999999996","ZNF830","ZNF830","6","298","1.0000000000000000000000","1.0000000000000000000","0.28320000000000001","GTEx--Coexpression","BCL2L12,ZNF701,SYK,GEMIN7,FADD,NMI"
"DEG_MD_HCT116","1561","0.971400000000000041","ZNF699","ZNF699","6","298","1.0000000000000000000000","1.0000000000000000000","0.28320000000000001","GTEx--Coexpression","ZNF221,ZNF701,ZNF84,KIRREL1,NUP37,CHST14"
"DEG_MD_HCT116","1562","0.971999999999999975","ZNF628","ZNF628","6","299","1.0000000000000000000000","1.0000000000000000000","0.28220000000000001","GTEx--Coexpression","CCIN,ARMC12,PCSK4,PRR22,CCT6B,FAM186B"
"DEG_MD_HCT116","1563","0.972600000000000020","GMEB2","GMEB2","6","299","1.0000000000000000000000","1.0000000000000000000","0.28220000000000001","GTEx--Coexpression","PPP1R35,CCNJL,SYK,SYTL3,SALL4,RPS6KA1"
"DEG_MD_HCT116","1564","0.973199999999999954","ZKSCAN5","ZKSCAN5","6","299","1.0000000000000000000000","1.0000000000000000000","0.28220000000000001","GTEx--Coexpression","ZNF461,GLRX2,RPL26L1,MSANTD4,TRMT6,AK6"
"DEG_MD_HCT116","1565","0.973899999999999988","ZBTB24","ZBTB24","6","299","1.0000000000000000000000","1.0000000000000000000","0.28220000000000001","GTEx--Coexpression","ACTR2,DDX46,NUP37,GAR1,TIGAR,TRMT6"
"DEG_MD_HCT116","1566","0.974500000000000033","CHAMP1","CHAMP1","6","299","1.0000000000000000000000","1.0000000000000000000","0.28220000000000001","GTEx--Coexpression","ZNF221,SRR,TRIM44,ZNF84,NUP37,TIGAR"
"DEG_MD_HCT116","1567","0.975099999999999967","ZBTB6","ZBTB6","6","299","1.0000000000000000000000","1.0000000000000000000","0.28220000000000001","GTEx--Coexpression","ZNF480,SRR,ZNF84,NUP37,TIGAR,TRMT6"
"DEG_MD_HCT116","1568","0.975700000000000012","ZFY","ZFY","6","299","1.0000000000000000000000","1.0000000000000000000","0.28220000000000001","GTEx--Coexpression","USP9Y,UTY,ZNF84,DDX3Y,RPS4Y1,NRIP1"
"DEG_MD_HCT116","1569","0.976400000000000046","ZNF555","ZNF555","6","299","1.0000000000000000000000","1.0000000000000000000","0.28220000000000001","GTEx--Coexpression","ADAM32,AKR1E2,GLRX2,CCT6B,FAM186B,USP44"
"DEG_MD_HCT116","1570","0.976999999999999980","SAFB","SAFB","6","299","1.0000000000000000000000","1.0000000000000000000","0.28220000000000001","GTEx--Coexpression","ZNF250,TFAP4,HIGD1A,ELL3,HNRNPM,ZNF783"
"DEG_MD_HCT116","1571","0.977600000000000025","ZBTB2","ZBTB2","6","300","1.0000000000000000000000","1.0000000000000000000","0.28129999999999999","GTEx--Coexpression","BCL2L12,EIF3C,ZNF701,ZNF84,NUP37,TIGAR"
"DEG_MD_HCT116","1572","0.978199999999999958","ZNF597","ZNF597","6","300","1.0000000000000000000000","1.0000000000000000000","0.28129999999999999","GTEx--Coexpression","ACTR2,ZNF701,XRCC4,ZNF84,NUP37,TIGAR"
"DEG_MD_HCT116","1573","0.978800000000000003","ZNF417","ZNF417","6","300","1.0000000000000000000000","1.0000000000000000000","0.28129999999999999","GTEx--Coexpression","ZNF221,ZNF701,ARSG,ZNF84,ZNF350,ZNF550"
"DEG_MD_HCT116","1574","0.979500000000000037","ZNF773","ZNF773","6","300","1.0000000000000000000000","1.0000000000000000000","0.28129999999999999","GTEx--Coexpression","ZNF221,ZNF84,TIGAR,TRMT6,ZNF550,CITED2"
"DEG_MD_HCT116","1575","0.980099999999999971","ZNF550","ZNF550","6","300","1.0000000000000000000000","1.0000000000000000000","0.28129999999999999","GTEx--Coexpression","ZNF221,TFAP4,ZNF84,ANKHD1,DDX46,RPL17"
"DEG_MD_HCT116","1576","0.980700000000000016","NR2C2","NR2C2","6","300","1.0000000000000000000000","1.0000000000000000000","0.28129999999999999","GTEx--Coexpression","PSMC1,EIF3C,DDX46,PRDM10,TRMT6,DIAPH1"
"DEG_MD_HCT116","1577","0.981299999999999950","ZNF852","ZNF852","6","300","1.0000000000000000000000","1.0000000000000000000","0.28129999999999999","GTEx--Coexpression","BCL2L12,TMPO,ZNF701,ZNF84,DDX46,NUP37"
"DEG_MD_HCT116","1578","0.981999999999999984","ZNF845","ZNF845","6","300","1.0000000000000000000000","1.0000000000000000000","0.28129999999999999","GTEx--Coexpression","ZNF221,ACTR2,ZNF701,NUP37,MAP6,MDFIC"
"DEG_MD_HCT116","1579","0.982600000000000029","CTCF","CTCF","6","300","1.0000000000000000000000","1.0000000000000000000","0.28129999999999999","GTEx--Coexpression","TMEM19,TFAP4,DDX46,TNKS2,PRDM10,NME5"
"DEG_MD_HCT116","1580","0.983199999999999963","KIN","KIN","6","300","1.0000000000000000000000","1.0000000000000000000","0.28129999999999999","GTEx--Coexpression","ZNF701,ARSG,DHRS13,ZNF350,FADD,NMI"
"DEG_MD_HCT116","1581","0.983800000000000008","ZNF28","ZNF28","5","297","1.0000000000000000000000","1.0000000000000000000","0.23599999999999999","GTEx--Coexpression","ZNF268,ZNF221,TMPO,DHX9,ZNF701"
"DEG_MD_HCT116","1582","0.984400000000000053","ZFP42","ZFP42","5","298","1.0000000000000000000000","1.0000000000000000000","0.23519999999999999","GTEx--Coexpression","CCIN,LEMD1,TTC23L,AKAP3,FAM186B"
"DEG_MD_HCT116","1583","0.985099999999999976","ZNF623","ZNF623","5","298","1.0000000000000000000000","1.0000000000000000000","0.23519999999999999","GTEx--Coexpression","ZNF221,ZBTB12,TRIM44,ZNF84,ZNF550"
"DEG_MD_HCT116","1584","0.985700000000000021","ZNF146","ZNF146","5","299","1.0000000000000000000000","1.0000000000000000000","0.23440000000000000","GTEx--Coexpression","ZBTB12,TRIM44,ZNF84,MSANTD4,LSM5"
"DEG_MD_HCT116","1585","0.986299999999999955","ZNF12","ZNF12","5","299","1.0000000000000000000000","1.0000000000000000000","0.23440000000000000","GTEx--Coexpression","CCNL2,CCDC92,ANKHD1,ZNF550,PSENEN"
"DEG_MD_HCT116","1586","0.986899999999999999","TIGD5","TIGD5","5","299","1.0000000000000000000000","1.0000000000000000000","0.23440000000000000","GTEx--Coexpression","ZNF865,EIF3C,TFAP4,GEMIN7,TRMT6"
"DEG_MD_HCT116","1587","0.987600000000000033","ZNF543","ZNF543","5","300","1.0000000000000000000000","1.0000000000000000000","0.23360000000000000","GTEx--Coexpression","ZNF84,DDX46,NUP37,OIP5,ZNF550"
"DEG_MD_HCT116","1588","0.988199999999999967","ZNF213","ZNF213","5","300","1.0000000000000000000000","1.0000000000000000000","0.23360000000000000","GTEx--Coexpression","NUP210L,ARMC12,PCSK4,LEMD1,FAM186B"
"DEG_MD_HCT116","1589","0.988800000000000012","ZNF224","ZNF224","5","300","1.0000000000000000000000","1.0000000000000000000","0.23360000000000000","GTEx--Coexpression","ZNF221,ZNF701,ZNF84,DDX46,ZNF550"
"DEG_MD_HCT116","1590","0.989399999999999946","ZNF131","ZNF131","5","300","1.0000000000000000000000","1.0000000000000000000","0.23360000000000000","GTEx--Coexpression","EID3,TEX14,XRCC6,TRMT6,STAG3"
"DEG_MD_HCT116","1591","0.989999999999999991","RFX7","RFX7","5","300","1.0000000000000000000000","1.0000000000000000000","0.23360000000000000","GTEx--Coexpression","DDX46,TNKS2,DENND2C,OIP5,AMMECR1"
"DEG_MD_HCT116","1592","0.990700000000000025","ZNF507","ZNF507","4","299","1.0000000000000000000000","1.0000000000000000000","0.18690000000000001","GTEx--Coexpression","CLOCK,DDX46,RTTN,SIX4"
"DEG_MD_HCT116","1593","0.991299999999999959","ZNF573","ZNF573","4","299","1.0000000000000000000000","1.0000000000000000000","0.18690000000000001","GTEx--Coexpression","ZNF221,ZNF84,NUP37,RTTN"
"DEG_MD_HCT116","1594","0.991900000000000004","ZNF627","ZNF627","4","299","1.0000000000000000000000","1.0000000000000000000","0.18690000000000001","GTEx--Coexpression","ZNF268,ZNF214,SAV1,HMGN2"
"DEG_MD_HCT116","1595","0.992500000000000049","ZNF397","ZNF397","4","299","1.0000000000000000000000","1.0000000000000000000","0.18690000000000001","GTEx--Coexpression","ZNF615,ZNF701,ZNF585A,ZNF84"
"DEG_MD_HCT116","1596","0.993199999999999972","ZXDA","ZXDA","4","300","1.0000000000000000000000","1.0000000000000000000","0.18620000000000000","GTEx--Coexpression","ZNF84,MITF,ZNF550,PSENEN"
"DEG_MD_HCT116","1597","0.993800000000000017","ZNF678","ZNF678","4","300","1.0000000000000000000000","1.0000000000000000000","0.18620000000000000","GTEx--Coexpression","HNRNPA3,ZNF704,WDR27,HNRNPH3"
"DEG_MD_HCT116","1598","0.994399999999999951","ZNF565","ZNF565","4","300","1.0000000000000000000000","1.0000000000000000000","0.18620000000000000","GTEx--Coexpression","ZNF84,GLRX2,RPL26L1,AK6"
"DEG_MD_HCT116","1599","0.994999999999999996","ZNF26","ZNF26","4","300","1.0000000000000000000000","1.0000000000000000000","0.18620000000000000","GTEx--Coexpression","ZNF84,NUP37,LDHA,MDFIC"
"DEG_MD_HCT116","1600","0.995600000000000041","ZNF143","ZNF143","4","300","1.0000000000000000000000","1.0000000000000000000","0.18620000000000000","GTEx--Coexpression","DYSF,BST1,BACH1,MAP2K6"
"DEG_MD_HCT116","1601","0.996299999999999963","ZNF717","ZNF717","4","300","1.0000000000000000000000","1.0000000000000000000","0.18620000000000000","GTEx--Coexpression","ZNF268,ZNF221,ZNF84,NUP37"
"DEG_MD_HCT116","1602","0.996900000000000008","ZNF654","ZNF654","3","299","1.0000000000000000000000","1.0000000000000000000","0.13969999999999999","GTEx--Coexpression","MT-ATP8,BACH1,SIAH1"
"DEG_MD_HCT116","1603","0.997500000000000053","THAP6","THAP6","3","300","1.0000000000000000000000","1.0000000000000000000","0.13919999999999999","GTEx--Coexpression","NOVA2,ZNF585A,RTTN"
"DEG_MD_HCT116","1604","0.998099999999999987","ZBTB49","ZBTB49","3","300","1.0000000000000000000000","1.0000000000000000000","0.13919999999999999","GTEx--Coexpression","U2AF1,ARSG,GEMIN7"
"DEG_MD_HCT116","1605","0.998800000000000021","ZNF735","ZNF735","2","300","1.0000000000000000000000","1.0000000000000000000","0.09250000000000000","GTEx--Coexpression","MMP20,TRIML2"
"DEG_MD_HCT116","1606","0.999399999999999955","ZNF891","ZNF891","2","300","1.0000000000000000000000","1.0000000000000000000","0.09250000000000000","GTEx--Coexpression","ZNF84,RTTN"
"DEG_MD_HCT116","1607","1.000000000000000000","ZNF705D","ZNF705D","2","298","1.0000000000000000000000","1.0000000000000000000","0.09311999999999999","GTEx--Coexpression","CCIN,LEMD1"
