"TF","Score","Activity_Score_Mean","Method_P_Value","Condition_Scores","Method_Direction","Rank","Method","Method_Rank","Method_Score","Method_Adjusted_P_Value","CheA3_Library_Count","CheA3_Libraries","CheA3_Integrated_TopRank","CheA3_Integrated_Score","CheA3_Integrated_Library"
"E2F4","9.548398756870215109","-9.548398756870215109","0.000000000000000000001317162860918675","LD_HCT116=-9.548","Repressed","1","collectri","1","9.548398756870215109",NA,"6","ENCODE--ChIP-seq(rank=1); Literature--ChIP-seq(rank=1); ReMap--ChIP-seq(rank=28); Enrichr--Queries(rank=432); ARCHS4--Coexpression(rank=896); GTEx--Coexpression(rank=1406)","20","0.006098000000000000","Literature ChIP-seq,0.006098"
"E2F1","4.228794528853891066","-4.228794528853891066","0.000023494679433637975004417475233254","LD_HCT116=-4.229","Repressed","2","collectri","2","4.228794528853891066",NA,"6","ENCODE--ChIP-seq(rank=3); GTEx--Coexpression(rank=6); Enrichr--Queries(rank=7); Literature--ChIP-seq(rank=7); ReMap--ChIP-seq(rank=59); ARCHS4--Coexpression(rank=65)","14","0.003734000000000000","GTEx Coexpression,0.003734"
"SPI1","4.184732738853610634","4.184732738853610634","0.000028550180263865747212325557624624","LD_HCT116=4.185","Activated","3","collectri","3","4.184732738853610634",NA,"6","ENCODE--ChIP-seq(rank=113); Literature--ChIP-seq(rank=130); ReMap--ChIP-seq(rank=195); ARCHS4--Coexpression(rank=521); GTEx--Coexpression(rank=1002); Enrichr--Queries(rank=1268)","958","0.320000000000000007","ARCHS4 Coexpression,0.32"
"CIITA","3.807907413960950116","3.807907413960950116","0.000140147722464397929366050621347028","LD_HCT116=3.808","Activated","4","collectri","4","3.807907413960950116",NA,"0","",NA,NA,NA
"ZNF331","3.774853712561056618","-3.774853712561056618","0.000160101588916234630240176262105933","LD_HCT116=-3.775","Repressed","5","collectri","5","3.774853712561056618",NA,"3","GTEx--Coexpression(rank=340); Enrichr--Queries(rank=397); ARCHS4--Coexpression(rank=1229)","714","0.211600000000000010","GTEx Coexpression,0.2116"
"SMAD4","3.759478962981932071","3.759478962981932071","0.000170267593465035782518413043362671","LD_HCT116=3.759","Activated","6","collectri","6","3.759478962981932071",NA,"5","Literature--ChIP-seq(rank=56); ReMap--ChIP-seq(rank=192); Enrichr--Queries(rank=1262); ARCHS4--Coexpression(rank=1311); GTEx--Coexpression(rank=1601)","992","0.341500000000000026","Literature ChIP-seq,0.3415"
"EGR3","3.588071669345136439","3.588071669345136439","0.000333132727189395161024321190268438","LD_HCT116=3.588","Activated","7","collectri","7","3.588071669345136439",NA,"3","Enrichr--Queries(rank=272); ARCHS4--Coexpression(rank=385); GTEx--Coexpression(rank=825)","669","0.193700000000000011","Enrichr Queries,0.1937"
"RFXANK","3.573162881372490940","3.573162881372490940","0.000352695221917678932137957259485006","LD_HCT116=3.573","Activated","8","collectri","8","3.573162881372490940",NA,"0","",NA,NA,NA
"TFDP1","3.511254187623485734","-3.511254187623485734","0.000445997720297739320017421649211542","LD_HCT116=-3.511","Repressed","9","collectri","9","3.511254187623485734",NA,"4","GTEx--Coexpression(rank=3); Enrichr--Queries(rank=15); ARCHS4--Coexpression(rank=21); ReMap--ChIP-seq(rank=73)","5","0.001867000000000000","GTEx Coexpression,0.001867"
"HCFC1","3.490823143615001900","-3.490823143615001900","0.000481534895957370890576948463390750","LD_HCT116=-3.491","Repressed","10","collectri","10","3.490823143615001900",NA,"0","",NA,NA,NA
"ZNF143","3.484302880299359195","-3.484302880299359195","0.000493420769294403626856193589844679","LD_HCT116=-3.484","Repressed","11","collectri","11","3.484302880299359195",NA,"5","ReMap--ChIP-seq(rank=49); ENCODE--ChIP-seq(rank=88); Enrichr--Queries(rank=234); ARCHS4--Coexpression(rank=808); GTEx--Coexpression(rank=1506)","603","0.165000000000000008","ReMap ChIP-seq,0.165"
"SMAD3","3.452811370981315076","3.452811370981315076","0.000554776794136479329752620337501412","LD_HCT116=3.453","Activated","12","collectri","12","3.452811370981315076",NA,"5","Literature--ChIP-seq(rank=27); ReMap--ChIP-seq(rank=65); ARCHS4--Coexpression(rank=342); Enrichr--Queries(rank=367); GTEx--Coexpression(rank=402)","601","0.164599999999999996","Literature ChIP-seq,0.1646"
"HIVEP2","3.442329514293560155","3.442329514293560155","0.000576727265393412510258164260790181","LD_HCT116=3.442","Activated","13","collectri","13","3.442329514293560155",NA,"3","GTEx--Coexpression(rank=836); ARCHS4--Coexpression(rank=882); Enrichr--Queries(rank=978)","1282","0.520199999999999996","GTEx Coexpression,0.5202"
"MYC","3.412309676618364485","-3.412309676618364485","0.000644148904180671835577320916144117","LD_HCT116=-3.412","Repressed","14","collectri","14","3.412309676618364485",NA,"6","Literature--ChIP-seq(rank=35); ENCODE--ChIP-seq(rank=43); ReMap--ChIP-seq(rank=50); Enrichr--Queries(rank=98); ARCHS4--Coexpression(rank=977); GTEx--Coexpression(rank=1364)","279","0.069800000000000001","Enrichr Queries,0.0698"
"STAT6","3.408984826985829386","3.408984826985829386","0.000652051062565613885439741448379891","LD_HCT116=3.409","Activated","15","collectri","15","3.408984826985829386",NA,"4","Literature--ChIP-seq(rank=149); Enrichr--Queries(rank=429); ARCHS4--Coexpression(rank=694); GTEx--Coexpression(rank=905)","935","0.305599999999999983","Enrichr Queries,0.3056"
"REST","3.304200666957423760","3.304200666957423760","0.000952476294186798463220489097125210","LD_HCT116=3.304","Activated","16","collectri","16","3.304200666957423760",NA,"6","ENCODE--ChIP-seq(rank=37); Literature--ChIP-seq(rank=75); ReMap--ChIP-seq(rank=85); GTEx--Coexpression(rank=98); ARCHS4--Coexpression(rank=136); Enrichr--Queries(rank=1037)","241","0.060979999999999999","GTEx Coexpression,0.06098"
"FOSL2","3.240854006692188261","3.240854006692188261","0.001191721998700412052385466665782587","LD_HCT116=3.241","Activated","17","collectri","17","3.240854006692188261",NA,"5","ENCODE--ChIP-seq(rank=16); ReMap--ChIP-seq(rank=35); Enrichr--Queries(rank=381); GTEx--Coexpression(rank=535); ARCHS4--Coexpression(rank=564)","444","0.117800000000000002","ReMap ChIP-seq,0.1178"
"STOX1","3.208277021184079203","-3.208277021184079203","0.001335328097819150124786480304805991","LD_HCT116=-3.208","Repressed","18","collectri","18","3.208277021184079203",NA,"0","",NA,NA,NA
"EGR4","3.182818195072495637","3.182818195072495637","0.001458491617638921905575344339922594","LD_HCT116=3.183","Activated","19","collectri","19","3.182818195072495637",NA,"3","Enrichr--Queries(rank=187); ARCHS4--Coexpression(rank=290); GTEx--Coexpression(rank=312)","501","0.133200000000000013","Enrichr Queries,0.1332"
"RARG","3.152754943170605006","3.152754943170605006","0.001617375209898593403992639316868463","LD_HCT116=3.153","Activated","20","collectri","20","3.152754943170605006",NA,"4","Enrichr--Queries(rank=68); Literature--ChIP-seq(rank=103); GTEx--Coexpression(rank=135); ARCHS4--Coexpression(rank=149)","184","0.048430000000000001","Enrichr Queries,0.04843"
"STAT2","3.117194935038456460","3.117194935038456460","0.001825808010700830574454811561224687","LD_HCT116=3.117","Activated","21","collectri","21","3.117194935038456460",NA,"5","ENCODE--ChIP-seq(rank=33); ReMap--ChIP-seq(rank=223); GTEx--Coexpression(rank=334); Enrichr--Queries(rank=603); ARCHS4--Coexpression(rank=865)","705","0.207800000000000012","GTEx Coexpression,0.2078"
"RUNX1","3.033922362617093249","3.033922362617093249","0.002413965437554964170441262893973544","LD_HCT116=3.034","Activated","22","collectri","22","3.033922362617093249",NA,"5","Literature--ChIP-seq(rank=63); ReMap--ChIP-seq(rank=177); GTEx--Coexpression(rank=484); Enrichr--Queries(rank=509); ARCHS4--Coexpression(rank=510)","922","0.301200000000000023","GTEx Coexpression,0.3012"
"ATF4","3.020961776752757899","3.020961776752757899","0.002519731661909416046973841929457194","LD_HCT116=3.021","Activated","23","collectri","23","3.020961776752757899",NA,"4","ReMap--ChIP-seq(rank=256); GTEx--Coexpression(rank=588); Enrichr--Queries(rank=914); ARCHS4--Coexpression(rank=1223)","1040","0.365900000000000003","GTEx Coexpression,0.3659"
"SOX9","3.002345400762926442","3.002345400762926442","0.002679080127218746304462726470774214","LD_HCT116=3.002","Activated","24","collectri","24","3.002345400762926442",NA,"5","Literature--ChIP-seq(rank=23); ReMap--ChIP-seq(rank=82); Enrichr--Queries(rank=270); GTEx--Coexpression(rank=753); ARCHS4--Coexpression(rank=893)","520","0.140199999999999991","Literature ChIP-seq,0.1402"
"NKX6-1","2.927308688053041230","2.927308688053041230","0.003419093400397085064090774153555685","LD_HCT116=2.927","Activated","25","collectri","25","2.927308688053041230",NA,"0","",NA,NA,NA
"PITX1","2.927120109072587795","2.927120109072587795","0.003421167305813996219882033855697046","LD_HCT116=2.927","Activated","26","collectri","26","2.927120109072587795",NA,"3","GTEx--Coexpression(rank=81); Enrichr--Queries(rank=82); ARCHS4--Coexpression(rank=283)","192","0.050400000000000000","GTEx Coexpression,0.0504"
"SSRP1","2.913607500058447819","2.913607500058447819","0.003572788016329625504496902976825368","LD_HCT116=2.914","Activated","27","collectri","27","2.913607500058447819",NA,"0","",NA,NA,NA
"BMAL2","2.886023268375001116","2.886023268375001116","0.003901433120868030585831620626890981","LD_HCT116=2.886","Activated","28","collectri","28","2.886023268375001116",NA,"0","",NA,NA,NA
"KCNIP3","2.771838188499888833","-2.771838188499888833","0.005574073726761980158983522670723687","LD_HCT116=-2.772","Repressed","29","collectri","29","2.771838188499888833",NA,"2","ARCHS4--Coexpression(rank=51); GTEx--Coexpression(rank=222)","119","0.031329999999999997","ARCHS4 Coexpression,0.03133"
"EZH2","2.731004956322083288","2.731004956322083288","0.006314152205799485918780167281738613","LD_HCT116=2.731","Activated","30","collectri","30","2.731004956322083288",NA,"0","",NA,NA,NA
"SMAD7","2.726919640582445403","2.726919640582445403","0.006392860600306632737344081363062287","LD_HCT116=2.727","Activated","31","collectri","31","2.726919640582445403",NA,"0","",NA,NA,NA
"TGFB1I1","2.708085853123053610","2.708085853123053610","0.006767251396193791485034196853121102","LD_HCT116=2.708","Activated","32","collectri","32","2.708085853123053610",NA,"0","",NA,NA,NA
"CEBPA","2.676441945889837193","2.676441945889837193","0.007440845537422646066572085032930772","LD_HCT116=2.676","Activated","33","collectri","33","2.676441945889837193",NA,"5","Literature--ChIP-seq(rank=134); ReMap--ChIP-seq(rank=277); Enrichr--Queries(rank=380); ARCHS4--Coexpression(rank=553); GTEx--Coexpression(rank=816)","855","0.270699999999999996","Enrichr Queries,0.2707"
"SMAD1","2.671226836676315664","2.671226836676315664","0.007557455620896588732726684156659758","LD_HCT116=2.671","Activated","34","collectri","34","2.671226836676315664",NA,"5","Literature--ChIP-seq(rank=40); ReMap--ChIP-seq(rank=144); Enrichr--Queries(rank=724); ARCHS4--Coexpression(rank=1281); GTEx--Coexpression(rank=1381)","799","0.243900000000000006","Literature ChIP-seq,0.2439"
"MEOX1","2.660819688540105421","2.660819688540105421","0.007795068873197042065570361302206948","LD_HCT116=2.661","Activated","35","collectri","35","2.660819688540105421",NA,"3","ARCHS4--Coexpression(rank=404); Enrichr--Queries(rank=443); GTEx--Coexpression(rank=674)","806","0.248200000000000004","ARCHS4 Coexpression,0.2482"
"NFYA","2.656287452275281957","-2.656287452275281957","0.007900623757790457835081809889743454","LD_HCT116=-2.656","Repressed","36","collectri","36","2.656287452275281957",NA,"5","ENCODE--ChIP-seq(rank=19); ReMap--ChIP-seq(rank=153); Enrichr--Queries(rank=478); ARCHS4--Coexpression(rank=914); GTEx--Coexpression(rank=1125)","588","0.161000000000000004","ENCODE ChIP-seq,0.161"
"RUNX2","2.602418518628354605","2.602418518628354605","0.009256880920497765133370116075184342","LD_HCT116=2.602","Activated","37","collectri","37","2.602418518628354605",NA,"5","Literature--ChIP-seq(rank=50); ReMap--ChIP-seq(rank=126); Enrichr--Queries(rank=462); GTEx--Coexpression(rank=686); ARCHS4--Coexpression(rank=866)","933","0.304900000000000004","Literature ChIP-seq,0.3049"
"BMAL1","2.602055697143945245","2.602055697143945245","0.009266680119334663040531196998017549","LD_HCT116=2.602","Activated","38","collectri","38","2.602055697143945245",NA,"0","",NA,NA,NA
"ETV7","2.588536283312309561","2.588536283312309561","0.009638479229094280148482098979911825","LD_HCT116=2.589","Activated","39","collectri","39","2.588536283312309561",NA,"3","GTEx--Coexpression(rank=629); ARCHS4--Coexpression(rank=631); Enrichr--Queries(rank=647)","1075","0.387600000000000000","ARCHS4 Coexpression,0.3876"
"EGR2","2.559743277473563783","2.559743277473563783","0.010474951153951160554012034253901220","LD_HCT116=2.56","Activated","40","collectri","40","2.559743277473563783",NA,"3","Enrichr--Queries(rank=143); ARCHS4--Coexpression(rank=469); GTEx--Coexpression(rank=532)","390","0.101900000000000004","Enrichr Queries,0.1019"
"NR2C2","2.531736153803959777","2.531736153803959777","0.011349936017344153596497768887729762","LD_HCT116=2.532","Activated","41","collectri","41","2.531736153803959777",NA,"5","ENCODE--ChIP-seq(rank=108); ReMap--ChIP-seq(rank=186); ARCHS4--Coexpression(rank=966); Enrichr--Queries(rank=1381); GTEx--Coexpression(rank=1495)","1385","0.593400000000000039","ARCHS4 Coexpression,0.5934"
"GATA1","2.512281214758653736","2.512281214758653736","0.011995345862261790753633405870459683","LD_HCT116=2.512","Activated","42","collectri","42","2.512281214758653736",NA,"6","ENCODE--ChIP-seq(rank=61); Literature--ChIP-seq(rank=102); ReMap--ChIP-seq(rank=292); Enrichr--Queries(rank=493); ARCHS4--Coexpression(rank=842); GTEx--Coexpression(rank=1599)","1010","0.351100000000000023","Enrichr Queries,0.3511"
"TEAD1","2.504351280869514973","2.504351280869514973","0.012267616697996204522258523184063961","LD_HCT116=2.504","Activated","43","collectri","43","2.504351280869514973",NA,"4","ReMap--ChIP-seq(rank=122); ARCHS4--Coexpression(rank=375); Enrichr--Queries(rank=722); GTEx--Coexpression(rank=1085)","764","0.230300000000000005","ARCHS4 Coexpression,0.2303"
"PAX7","2.502765554000139225","2.502765554000139225","0.012322714234101413838251559695891046","LD_HCT116=2.503","Activated","44","collectri","44","2.502765554000139225",NA,"3","ARCHS4--Coexpression(rank=337); GTEx--Coexpression(rank=894); Enrichr--Queries(rank=959)","703","0.206999999999999990","ARCHS4 Coexpression,0.207"
"NOTCH1","2.499363451066547004","2.499363451066547004","0.012441663657364163478313834332311671","LD_HCT116=2.499","Activated","45","collectri","45","2.499363451066547004",NA,"0","",NA,NA,NA
"ARID4A","2.486986738611735692","-2.486986738611735692","0.012883020126698636192985603088345670","LD_HCT116=-2.487","Repressed","46","collectri","46","2.486986738611735692",NA,"0","",NA,NA,NA
"STAT1","2.486332627122193273","2.486332627122193273","0.012906726605093914519994946488168353","LD_HCT116=2.486","Activated","47","collectri","47","2.486332627122193273",NA,"6","ENCODE--ChIP-seq(rank=14); GTEx--Coexpression(rank=17); Literature--ChIP-seq(rank=129); ReMap--ChIP-seq(rank=160); Enrichr--Queries(rank=614); ARCHS4--Coexpression(rank=656)","40","0.010580000000000001","GTEx Coexpression,0.01058"
"NFIX","2.441783517231753908","2.441783517231753908","0.014614907552977462329435454080339696","LD_HCT116=2.442","Activated","48","collectri","48","2.441783517231753908",NA,"3","ARCHS4--Coexpression(rank=202); Enrichr--Queries(rank=256); GTEx--Coexpression(rank=927)","469","0.124100000000000002","ARCHS4 Coexpression,0.1241"
"ZNF354C","2.424977451568214537","2.424977451568214537","0.015309337593302843605336249765969114","LD_HCT116=2.425","Activated","49","collectri","49","2.424977451568214537",NA,"3","ARCHS4--Coexpression(rank=879); Enrichr--Queries(rank=1045); GTEx--Coexpression(rank=1201)","1314","0.539900000000000047","ARCHS4 Coexpression,0.5399"
"SIN3A","2.424960402610893961","2.424960402610893961","0.015310056560565837510679010335934436","LD_HCT116=2.425","Activated","50","collectri","50","2.424960402610893961",NA,"0","",NA,NA,NA
"PDX1","2.392272928245092967","2.392272928245092967","0.016744385670634371471310331003223837","LD_HCT116=2.392","Activated","51","collectri","51","2.392272928245092967",NA,"5","Literature--ChIP-seq(rank=125); ReMap--ChIP-seq(rank=202); ARCHS4--Coexpression(rank=457); Enrichr--Queries(rank=1064); GTEx--Coexpression(rank=1132)","878","0.280700000000000005","ARCHS4 Coexpression,0.2807"
"TRPS1","2.367722010869984572","2.367722010869984572","0.017897978218921820059428284821478883","LD_HCT116=2.368","Activated","52","collectri","52","2.367722010869984572",NA,"3","GTEx--Coexpression(rank=343); ARCHS4--Coexpression(rank=373); Enrichr--Queries(rank=919)","719","0.213400000000000006","GTEx Coexpression,0.2134"
"NR1H4","2.347702225327010783","2.347702225327010783","0.018889615999217779923613491632750083","LD_HCT116=2.348","Activated","53","collectri","53","2.347702225327010783",NA,"3","Enrichr--Queries(rank=669); ARCHS4--Coexpression(rank=715); GTEx--Coexpression(rank=813)","1165","0.439199999999999979","ARCHS4 Coexpression,0.4392"
"HIVEP1","2.334310264815438352","2.334310264815438352","0.019579481637230243540326313222976751","LD_HCT116=2.334","Activated","54","collectri","54","2.334310264815438352",NA,"3","GTEx--Coexpression(rank=995); Enrichr--Queries(rank=1180); ARCHS4--Coexpression(rank=1383)","1424","0.619199999999999973","GTEx Coexpression,0.6192"
"KLF17","2.331219528948568875","2.331219528948568875","0.019741786895004664881270173282246105","LD_HCT116=2.331","Activated","55","collectri","55","2.331219528948568875",NA,"3","Enrichr--Queries(rank=1031); ARCHS4--Coexpression(rank=1509); GTEx--Coexpression(rank=1520)","1522","0.734299999999999953","Enrichr Queries,0.7343"
"HDAC9","2.329038559006201936","2.329038559006201936","0.019857023082786171702673883032730373","LD_HCT116=2.329","Activated","56","collectri","56","2.329038559006201936",NA,"0","",NA,NA,NA
"SRSF2","2.319214472303964492","-2.319214472303964492","0.020383410140339605631787378570152214","LD_HCT116=-2.319","Repressed","57","collectri","57","2.319214472303964492",NA,"0","",NA,NA,NA
"FOXO3","2.300015870511713079","2.300015870511713079","0.021447320930592990440022305165257421","LD_HCT116=2.3","Activated","58","collectri","58","2.300015870511713079",NA,"4","Literature--ChIP-seq(rank=138); Enrichr--Queries(rank=580); ARCHS4--Coexpression(rank=912); GTEx--Coexpression(rank=1139)","1119","0.413100000000000023","Enrichr Queries,0.4131"
"NEUROD1","2.294889585454929382","2.294889585454929382","0.021739452806040636401174737102337531","LD_HCT116=2.295","Activated","59","collectri","59","2.294889585454929382",NA,"4","ReMap--ChIP-seq(rank=70); GTEx--Coexpression(rank=699); ARCHS4--Coexpression(rank=863); Enrichr--Queries(rank=1172)","774","0.235699999999999993","ReMap ChIP-seq,0.2357"
"MYF5","2.274002164178574148","2.274002164178574148","0.022965856402834328164885846490506083","LD_HCT116=2.274","Activated","60","collectri","60","2.274002164178574148",NA,"3","ARCHS4--Coexpression(rank=464); Enrichr--Queries(rank=1171); GTEx--Coexpression(rank=1195)","889","0.284999999999999976","ARCHS4 Coexpression,0.285"
"SMAD2","2.257769827898353565","2.257769827898353565","0.023960013221749794365411645458152634","LD_HCT116=2.258","Activated","61","collectri","61","2.257769827898353565",NA,"0","",NA,NA,NA
"EN1","2.254819197669129860","-2.254819197669129860","0.024144679765171123131395347627403680","LD_HCT116=-2.255","Repressed","62","collectri","62","2.254819197669129860",NA,"3","ARCHS4--Coexpression(rank=195); Enrichr--Queries(rank=897); GTEx--Coexpression(rank=1450)","452","0.119800000000000004","ARCHS4 Coexpression,0.1198"
"STAT4","2.221006437406679357","2.221006437406679357","0.026350525383575216370468652371528151","LD_HCT116=2.221","Activated","63","collectri","63","2.221006437406679357",NA,"4","Literature--ChIP-seq(rank=139); Enrichr--Queries(rank=927); GTEx--Coexpression(rank=1314); ARCHS4--Coexpression(rank=1424)","1462","0.660299999999999998","Enrichr Queries,0.6603"
"TFE3","2.202728198660108383","2.202728198660108383","0.027613911519836078362066800195862015","LD_HCT116=2.203","Activated","64","collectri","64","2.202728198660108383",NA,"3","Enrichr--Queries(rank=490); GTEx--Coexpression(rank=625); ARCHS4--Coexpression(rank=963)","1005","0.348999999999999921","Enrichr Queries,0.349"
"HMGA2","2.200870268971764521","2.200870268971764521","0.027745209230308907205619917135663854","LD_HCT116=2.201","Activated","65","collectri","65","2.200870268971764521",NA,"3","ARCHS4--Coexpression(rank=16); GTEx--Coexpression(rank=46); Enrichr--Queries(rank=61)","35","0.009828000000000000","ARCHS4 Coexpression,0.009828"
"NKX3-1","2.190550328065455687","2.190550328065455687","0.028484349016610909649527272335944872","LD_HCT116=2.191","Activated","66","collectri","66","2.190550328065455687",NA,"0","",NA,NA,NA
"E2F2","2.159425570805500350","-2.159425570805500350","0.030817165860860265547138681085925782","LD_HCT116=-2.159","Repressed","67","collectri","67","2.159425570805500350",NA,"3","ARCHS4--Coexpression(rank=5); Enrichr--Queries(rank=12); GTEx--Coexpression(rank=1492)","9","0.003071000000000000","ARCHS4 Coexpression,0.003071"
"NFATC1","2.145396012654209095","2.145396012654209095","0.031921197640134173212356216708940337","LD_HCT116=2.145","Activated","68","collectri","68","2.145396012654209095",NA,"5","ENCODE--ChIP-seq(rank=112); ReMap--ChIP-seq(rank=231); Enrichr--Queries(rank=265); GTEx--Coexpression(rank=405); ARCHS4--Coexpression(rank=662)","656","0.188700000000000007","Enrichr Queries,0.1887"
"SRF","2.142977647256214535","2.142977647256214535","0.032114893283539384938318761442133109","LD_HCT116=2.143","Activated","69","collectri","69","2.142977647256214535",NA,"6","ENCODE--ChIP-seq(rank=77); Literature--ChIP-seq(rank=145); ReMap--ChIP-seq(rank=163); GTEx--Coexpression(rank=386); Enrichr--Queries(rank=475); ARCHS4--Coexpression(rank=1328)","788","0.240199999999999997","GTEx Coexpression,0.2402"
"CLOCK","2.117209381014829361","2.117209381014829361","0.034242081586749170685202159347682027","LD_HCT116=2.117","Activated","70","collectri","70","2.117209381014829361",NA,"5","Literature--ChIP-seq(rank=30); ReMap--ChIP-seq(rank=142); ARCHS4--Coexpression(rank=1368); Enrichr--Queries(rank=1403); GTEx--Coexpression(rank=1408)","642","0.182900000000000007","Literature ChIP-seq,0.1829"
"FOXJ1","2.116450835025476707","-2.116450835025476707","0.034306482467329597885186132089074817","LD_HCT116=-2.116","Repressed","71","collectri","71","2.116450835025476707",NA,"3","Enrichr--Queries(rank=102); ARCHS4--Coexpression(rank=288); GTEx--Coexpression(rank=367)","290","0.072650000000000006","Enrichr Queries,0.07265"
"FOXC1","2.084073627478380430","2.084073627478380430","0.037153470515268079144011181824680534","LD_HCT116=2.084","Activated","72","collectri","72","2.084073627478380430",NA,"3","Enrichr--Queries(rank=191); GTEx--Coexpression(rank=220); ARCHS4--Coexpression(rank=251)","511","0.136000000000000010","Enrichr Queries,0.136"
"SP7","2.059231905170682442","2.059231905170682442","0.039472028147414205123677533038062393","LD_HCT116=2.059","Activated","73","collectri","73","2.059231905170682442",NA,"3","ARCHS4--Coexpression(rank=239); GTEx--Coexpression(rank=291); Enrichr--Queries(rank=314)","542","0.146800000000000014","ARCHS4 Coexpression,0.1468"
"BHLHE41","2.052592463321171401","2.052592463321171401","0.040112119112756201844138814749385347","LD_HCT116=2.053","Activated","74","collectri","74","2.052592463321171401",NA,"2","GTEx--Coexpression(rank=344); ARCHS4--Coexpression(rank=433)","721","0.214100000000000013","GTEx Coexpression,0.2141"
"NFX1","2.049096158515160138","2.049096158515160138","0.040452713063169568052934721436031396","LD_HCT116=2.049","Activated","75","collectri","75","2.049096158515160138",NA,"3","Enrichr--Queries(rank=1310); ARCHS4--Coexpression(rank=1372); GTEx--Coexpression(rank=1489)","1593","0.842799999999999994","ARCHS4 Coexpression,0.8428"
"NR1I2","2.046706378353048361","2.046706378353048361","0.040686922621511828479512473677459639","LD_HCT116=2.047","Activated","76","collectri","76","2.046706378353048361",NA,"4","Literature--ChIP-seq(rank=142); Enrichr--Queries(rank=742); GTEx--Coexpression(rank=930); ARCHS4--Coexpression(rank=1254)","1292","0.528499999999999970","Enrichr Queries,0.5285"
"ATF6","2.046408242359909035","2.046408242359909035","0.040716221814779011978213674183280091","LD_HCT116=2.046","Activated","77","collectri","77","2.046408242359909035",NA,"3","GTEx--Coexpression(rank=697); ARCHS4--Coexpression(rank=699); Enrichr--Queries(rank=1201)","1150","0.429400000000000004","ARCHS4 Coexpression,0.4294"
"BACH1","2.035746873881254526","-2.035746873881254526","0.041775779590070748203967099243527628","LD_HCT116=-2.036","Repressed","78","collectri","78","2.035746873881254526",NA,"6","Literature--ChIP-seq(rank=2); ENCODE--ChIP-seq(rank=46); ReMap--ChIP-seq(rank=129); Enrichr--Queries(rank=674); ARCHS4--Coexpression(rank=1213); GTEx--Coexpression(rank=1261)","47","0.012200000000000001","Literature ChIP-seq,0.0122"
"SMARCB1","2.026337658589334456","2.026337658589334456","0.042730194669107442184685652364350972","LD_HCT116=2.026","Activated","79","collectri","79","2.026337658589334456",NA,"0","",NA,NA,NA
"ARID3A","2.022681143599893261","-2.022681143599893261","0.043106032218335713079859772278723540","LD_HCT116=-2.023","Repressed","80","collectri","80","2.022681143599893261",NA,"5","ENCODE--ChIP-seq(rank=105); ReMap--ChIP-seq(rank=138); Enrichr--Queries(rank=174); ARCHS4--Coexpression(rank=711); GTEx--Coexpression(rank=1378)","468","0.123899999999999996","Enrichr Queries,0.1239"
"RARA","2.003579611566538077","2.003579611566538077","0.045115111684299595562475104770783219","LD_HCT116=2.004","Activated","81","collectri","81","2.003579611566538077",NA,"5","ReMap--ChIP-seq(rank=40); Literature--ChIP-seq(rank=72); Enrichr--Queries(rank=523); ARCHS4--Coexpression(rank=640); GTEx--Coexpression(rank=1014)","507","0.134699999999999986","ReMap ChIP-seq,0.1347"
"HOXA1","1.977613163397836216","1.977613163397836216","0.047972363134014733843102362698118668","LD_HCT116=1.978","Activated","82","collectri","82","1.977613163397836216",NA,"3","GTEx--Coexpression(rank=202); Enrichr--Queries(rank=286); ARCHS4--Coexpression(rank=309)","475","0.125700000000000006","GTEx Coexpression,0.1257"
"MECP2","1.976126838891028026","1.976126838891028026","0.048140413375609564239354654091584962","LD_HCT116=1.976","Activated","83","collectri","83","1.976126838891028026",NA,"3","ARCHS4--Coexpression(rank=541); GTEx--Coexpression(rank=1028); Enrichr--Queries(rank=1286)","976","0.332299999999999984","ARCHS4 Coexpression,0.3323"
"KAT6B","1.960705935089391394","-1.960705935089391394","0.049913336332924954086287527843524003","LD_HCT116=-1.961","Repressed","84","collectri","84","1.960705935089391394",NA,"0","",NA,NA,NA
"MZF1","1.959019319119924551","1.959019319119924551","0.050110524343313485318152089575960417","LD_HCT116=1.959","Activated","85","collectri","85","1.959019319119924551",NA,"3","Enrichr--Queries(rank=59); ARCHS4--Coexpression(rank=74); GTEx--Coexpression(rank=147)","163","0.042020000000000002","Enrichr Queries,0.04202"
"ESRRB","1.957192327690584266","-1.957192327690584266","0.050324860519452174756338536099065095","LD_HCT116=-1.957","Repressed","86","collectri","86","1.957192327690584266",NA,"4","Literature--ChIP-seq(rank=90); Enrichr--Queries(rank=454); ARCHS4--Coexpression(rank=857); GTEx--Coexpression(rank=907)","965","0.323400000000000021","Enrichr Queries,0.3234"
"DOT1L","1.948789433784754666","1.948789433784754666","0.051320576119466866649165837088730768","LD_HCT116=1.949","Activated","87","collectri","87","1.948789433784754666",NA,"3","ARCHS4--Coexpression(rank=1086); Enrichr--Queries(rank=1115); GTEx--Coexpression(rank=1323)","1468","0.667100000000000026","ARCHS4 Coexpression,0.6671"
"FOXM1","1.941112939161099504","-1.941112939161099504","0.052244579947041076828373462603849475","LD_HCT116=-1.941","Repressed","88","collectri","88","1.941112939161099504",NA,"6","ENCODE--ChIP-seq(rank=2); Literature--ChIP-seq(rank=4); GTEx--Coexpression(rank=5); Enrichr--Queries(rank=6); ARCHS4--Coexpression(rank=30); ReMap--ChIP-seq(rank=46)","10","0.003111000000000000","GTEx Coexpression,0.003111"
"PHOX2B","1.938002830418207978","1.938002830418207978","0.052622877225084581376268744179469650","LD_HCT116=1.938","Activated","89","collectri","89","1.938002830418207978",NA,"3","ARCHS4--Coexpression(rank=393); GTEx--Coexpression(rank=687); Enrichr--Queries(rank=1168)","792","0.241400000000000003","ARCHS4 Coexpression,0.2414"
"TCF4","1.922917965569950649","1.922917965569950649","0.054490353135663659178700157781349844","LD_HCT116=1.923","Activated","90","collectri","90","1.922917965569950649",NA,"5","ReMap--ChIP-seq(rank=135); Literature--ChIP-seq(rank=147); Enrichr--Queries(rank=806); GTEx--Coexpression(rank=983); ARCHS4--Coexpression(rank=1379)","1185","0.454500000000000015","ReMap ChIP-seq,0.4545"
"SNAI1","1.918395154014937098","1.918395154014937098","0.055060925059962698147053572483855532","LD_HCT116=1.918","Activated","91","collectri","91","1.918395154014937098",NA,"3","Enrichr--Queries(rank=99); GTEx--Coexpression(rank=186); ARCHS4--Coexpression(rank=461)","282","0.070510000000000003","Enrichr Queries,0.07051"
"CEBPB","1.916048401147297575","1.916048401147297575","0.055358935190886471300331095335423015","LD_HCT116=1.916","Activated","92","collectri","92","1.916048401147297575",NA,"6","ENCODE--ChIP-seq(rank=24); Literature--ChIP-seq(rank=58); ReMap--ChIP-seq(rank=115); Enrichr--Queries(rank=157); ARCHS4--Coexpression(rank=402); GTEx--Coexpression(rank=1147)","427","0.111799999999999997","Enrichr Queries,0.1118"
"JUNB","1.910197239172015449","1.910197239172015449","0.056107822508292354291015158196387347","LD_HCT116=1.91","Activated","93","collectri","93","1.910197239172015449",NA,"4","GTEx--Coexpression(rank=122); Enrichr--Queries(rank=140); ReMap--ChIP-seq(rank=217); ARCHS4--Coexpression(rank=346)","302","0.075920000000000001","GTEx Coexpression,0.07592"
"SFPQ","1.900717829990874685","-1.900717829990874685","0.057338981851417739066256729074666509","LD_HCT116=-1.901","Repressed","94","collectri","94","1.900717829990874685",NA,"0","",NA,NA,NA
"SOX2","1.892663748341936181","1.892663748341936181","0.058402600265263261702930464025484980","LD_HCT116=1.893","Activated","95","collectri","95","1.892663748341936181",NA,"5","Literature--ChIP-seq(rank=5); ReMap--ChIP-seq(rank=165); ARCHS4--Coexpression(rank=231); GTEx--Coexpression(rank=374); Enrichr--Queries(rank=561)","115","0.030490000000000000","Literature ChIP-seq,0.03049"
"CTCF","1.889692541716473828","1.889692541716473828","0.058799092171354289115825508815760259","LD_HCT116=1.89","Activated","96","collectri","96","1.889692541716473828",NA,"6","ARCHS4--Coexpression(rank=6); ENCODE--ChIP-seq(rank=20); Literature--ChIP-seq(rank=59); ReMap--ChIP-seq(rank=66); Enrichr--Queries(rank=421); GTEx--Coexpression(rank=1321)","13","0.003686000000000000","ARCHS4 Coexpression,0.003686"
"GABPA","1.883844316741295266","-1.883844316741295266","0.059586037056001718570374947603340843","LD_HCT116=-1.884","Repressed","97","collectri","97","1.883844316741295266",NA,"6","ENCODE--ChIP-seq(rank=92); ReMap--ChIP-seq(rank=103); Literature--ChIP-seq(rank=107); ARCHS4--Coexpression(rank=486); GTEx--Coexpression(rank=842); Enrichr--Queries(rank=924)","916","0.298499999999999988","ARCHS4 Coexpression,0.2985"
"NCOR1","1.876669419405717854","1.876669419405717854","0.060563416421050779436807687261534738","LD_HCT116=1.877","Activated","98","collectri","98","1.876669419405717854",NA,"0","",NA,NA,NA
"MYBL2","1.870323456374862747","-1.870323456374862747","0.061438914146897220802667760608528624","LD_HCT116=-1.87","Repressed","99","collectri","99","1.870323456374862747",NA,"6","Enrichr--Queries(rank=5); Literature--ChIP-seq(rank=9); GTEx--Coexpression(rank=10); ARCHS4--Coexpression(rank=23); ENCODE--ChIP-seq(rank=58); ReMap--ChIP-seq(rank=147)","12","0.003561000000000000","Enrichr Queries,0.003561"
"NEUROD2","1.861111123340031703","1.861111123340031703","0.062728485721925644758023565827897983","LD_HCT116=1.861","Activated","100","collectri","100","1.861111123340031703",NA,"4","Literature--ChIP-seq(rank=112); GTEx--Coexpression(rank=613); Enrichr--Queries(rank=1039); ARCHS4--Coexpression(rank=1048)","1064","0.381500000000000006","GTEx Coexpression,0.3815"
"NFATC3","1.856102340631065051","1.856102340631065051","0.063438972198178719685834892061393475","LD_HCT116=1.856","Activated","101","collectri","101","1.856102340631065051",NA,"3","ARCHS4--Coexpression(rank=1112); GTEx--Coexpression(rank=1174); Enrichr--Queries(rank=1284)","1483","0.683000000000000163","ARCHS4 Coexpression,0.683"
"PROX1","1.855302520042529046","1.855302520042529046","0.063553038559478872149277606240502791","LD_HCT116=1.855","Activated","102","collectri","102","1.855302520042529046",NA,"4","ReMap--ChIP-seq(rank=152); Enrichr--Queries(rank=797); ARCHS4--Coexpression(rank=898); GTEx--Coexpression(rank=1305)","1270","0.511800000000000033","ReMap ChIP-seq,0.5118"
"EGR1","1.853675926229758186","1.853675926229758186","0.063785537855889223868288695484807249","LD_HCT116=1.854","Activated","103","collectri","103","1.853675926229758186",NA,"6","Literature--ChIP-seq(rank=8); ENCODE--ChIP-seq(rank=27); ReMap--ChIP-seq(rank=31); Enrichr--Queries(rank=188); GTEx--Coexpression(rank=217); ARCHS4--Coexpression(rank=953)","187","0.048779999999999997","Literature ChIP-seq,0.04878"
"RELB","1.849691965983672137","1.849691965983672137","0.064357959108348086751938410543516511","LD_HCT116=1.85","Activated","104","collectri","104","1.849691965983672137",NA,"4","ReMap--ChIP-seq(rank=205); Enrichr--Queries(rank=377); ARCHS4--Coexpression(rank=392); GTEx--Coexpression(rank=735)","790","0.240799999999999986","ARCHS4 Coexpression,0.2408"
"PLAGL1","1.843387637089461739","1.843387637089461739","0.065272433825698125686720629801129689","LD_HCT116=1.843","Activated","105","collectri","105","1.843387637089461739",NA,"3","GTEx--Coexpression(rank=447); Enrichr--Queries(rank=463); ARCHS4--Coexpression(rank=518)","872","0.278200000000000003","GTEx Coexpression,0.2782"
"TWIST1","1.831754413723199582","1.831754413723199582","0.066988017744083361293405687320046127","LD_HCT116=1.832","Activated","106","collectri","106","1.831754413723199582",NA,"4","ReMap--ChIP-seq(rank=44); Enrichr--Queries(rank=103); ARCHS4--Coexpression(rank=176); GTEx--Coexpression(rank=639)","294","0.073359999999999995","Enrichr Queries,0.07336"
"NR4A3","1.826817347979391437","1.826817347979391437","0.067727236629193846018104352424415993","LD_HCT116=1.827","Activated","107","collectri","107","1.826817347979391437",NA,"3","Enrichr--Queries(rank=210); ARCHS4--Coexpression(rank=388); GTEx--Coexpression(rank=420)","553","0.149600000000000011","Enrichr Queries,0.1496"
"YY1","1.814595709669369672","-1.814595709669369672","0.069586062312859228717876192149560666","LD_HCT116=-1.815","Repressed","108","collectri","108","1.814595709669369672",NA,"6","ENCODE--ChIP-seq(rank=85); ReMap--ChIP-seq(rank=104); Literature--ChIP-seq(rank=108); ARCHS4--Coexpression(rank=368); GTEx--Coexpression(rank=593); Enrichr--Queries(rank=1009)","755","0.226000000000000006","ARCHS4 Coexpression,0.226"
"PGR","1.805616993069265597","1.805616993069265597","0.070978186464080550432953486961196177","LD_HCT116=1.806","Activated","109","collectri","109","1.805616993069265597",NA,"4","ReMap--ChIP-seq(rank=93); GTEx--Coexpression(rank=111); ARCHS4--Coexpression(rank=345); Enrichr--Queries(rank=972)","275","0.069070000000000006","GTEx Coexpression,0.06907"
"ATF3","1.805439895410832163","1.805439895410832163","0.071005872924268464974062453620717861","LD_HCT116=1.805","Activated","110","collectri","110","1.805439895410832163",NA,"6","Literature--ChIP-seq(rank=32); ENCODE--ChIP-seq(rank=53); ReMap--ChIP-seq(rank=124); Enrichr--Queries(rank=150); ARCHS4--Coexpression(rank=299); GTEx--Coexpression(rank=514)","408","0.106800000000000006","Enrichr Queries,0.1068"
"TCF21","1.801895992474048080","1.801895992474048080","0.071561770868451043958735624528344488","LD_HCT116=1.802","Activated","111","collectri","111","1.801895992474048080",NA,"4","Literature--ChIP-seq(rank=67); GTEx--Coexpression(rank=164); ARCHS4--Coexpression(rank=212); Enrichr--Queries(rank=360)","391","0.102099999999999996","GTEx Coexpression,0.1021"
"PAX3","1.797585274134100297","1.797585274134100297","0.072242753665693243414480662067944650","LD_HCT116=1.798","Activated","112","collectri","112","1.797585274134100297",NA,"3","ARCHS4--Coexpression(rank=634); Enrichr--Queries(rank=1036); GTEx--Coexpression(rank=1245)","1077","0.389400000000000024","ARCHS4 Coexpression,0.3894"
"TFAP2A","1.796022800037271772","1.796022800037271772","0.072490890985951489389194080104061868","LD_HCT116=1.796","Activated","113","collectri","113","1.796022800037271772",NA,"6","ENCODE--ChIP-seq(rank=7); ReMap--ChIP-seq(rank=111); Literature--ChIP-seq(rank=148); Enrichr--Queries(rank=235); GTEx--Coexpression(rank=308); ARCHS4--Coexpression(rank=316)","232","0.059319999999999998","ENCODE ChIP-seq,0.05932"
"ZBTB7B","1.793387798313189396","1.793387798313189396","0.072910937246643187092942639537795912","LD_HCT116=1.793","Activated","114","collectri","114","1.793387798313189396",NA,"3","Enrichr--Queries(rank=393); GTEx--Coexpression(rank=415); ARCHS4--Coexpression(rank=527)","832","0.258199999999999985","GTEx Coexpression,0.2582"
"NONO","1.787029398346179576","-1.787029398346179576","0.073932737184342220415622648488351842","LD_HCT116=-1.787","Repressed","115","collectri","115","1.787029398346179576",NA,"0","",NA,NA,NA
"RXRG","1.783130294328888032","1.783130294328888032","0.074565096057387411643269103933562292","LD_HCT116=1.783","Activated","116","collectri","116","1.783130294328888032",NA,"3","GTEx--Coexpression(rank=715); ARCHS4--Coexpression(rank=791); Enrichr--Queries(rank=979)","1174","0.444900000000000018","GTEx Coexpression,0.4449"
"VDR","1.763449030141413187","1.763449030141413187","0.077824786623034408750143597899295855","LD_HCT116=1.763","Activated","117","collectri","117","1.763449030141413187",NA,"5","ReMap--ChIP-seq(rank=76); Literature--ChIP-seq(rank=97); Enrichr--Queries(rank=214); ARCHS4--Coexpression(rank=576); GTEx--Coexpression(rank=1025)","560","0.152400000000000008","Enrichr Queries,0.1524"
"HSF2","1.761847237820941103","-1.761847237820941103","0.078095111134616923553863898632698692","LD_HCT116=-1.762","Repressed","118","collectri","118","1.761847237820941103",NA,"3","Enrichr--Queries(rank=531); ARCHS4--Coexpression(rank=827); GTEx--Coexpression(rank=858)","1058","0.378199999999999981","Enrichr Queries,0.3782"
"TBP","1.744440447977468223","-1.744440447977468223","0.081082317153100172402169221186341019","LD_HCT116=-1.744","Repressed","119","collectri","119","1.744440447977468223",NA,"5","ENCODE--ChIP-seq(rank=38); Literature--ChIP-seq(rank=64); ReMap--ChIP-seq(rank=140); ARCHS4--Coexpression(rank=731); GTEx--Coexpression(rank=1146)","962","0.322000000000000008","ENCODE ChIP-seq,0.322"
"IRF8","1.743305733776925770","1.743305733776925770","0.081280224340607248878498580779705662","LD_HCT116=1.743","Activated","120","collectri","120","1.743305733776925770",NA,"4","Literature--ChIP-seq(rank=118); ARCHS4--Coexpression(rank=578); Enrichr--Queries(rank=781); GTEx--Coexpression(rank=807)","1017","0.354999999999999982","ARCHS4 Coexpression,0.355"
"SREBF1","1.738125306460849506","-1.738125306460849506","0.082188736690726252320793321359815309","LD_HCT116=-1.738","Repressed","121","collectri","121","1.738125306460849506",NA,"6","ENCODE--ChIP-seq(rank=59); GTEx--Coexpression(rank=84); ReMap--ChIP-seq(rank=98); Literature--ChIP-seq(rank=152); Enrichr--Queries(rank=215); ARCHS4--Coexpression(rank=658)","202","0.052269999999999997","GTEx Coexpression,0.05227"
"PAX2","1.736684301352693138","1.736684301352693138","0.082442910224238649674610712736466667","LD_HCT116=1.737","Activated","122","collectri","122","1.736684301352693138",NA,"3","ARCHS4--Coexpression(rank=434); GTEx--Coexpression(rank=608); Enrichr--Queries(rank=651)","845","0.266600000000000004","ARCHS4 Coexpression,0.2666"
"GATA4","1.736560630256418047","1.736560630256418047","0.082464753769062940080836199285840848","LD_HCT116=1.737","Activated","123","collectri","123","1.736560630256418047",NA,"5","ReMap--ChIP-seq(rank=54); Literature--ChIP-seq(rank=60); ARCHS4--Coexpression(rank=405); Enrichr--Queries(rank=657); GTEx--Coexpression(rank=880)","641","0.181799999999999989","ReMap ChIP-seq,0.1818"
"SMARCA4","1.722288269307368891","1.722288269307368891","0.085017311651148896878282812394900247","LD_HCT116=1.722","Activated","124","collectri","124","1.722288269307368891",NA,"0","",NA,NA,NA
"KLF12","1.710458285045681315","1.710458285045681315","0.087181160972067850423172785667702556","LD_HCT116=1.71","Activated","125","collectri","125","1.710458285045681315",NA,"3","GTEx--Coexpression(rank=655); Enrichr--Queries(rank=1047); ARCHS4--Coexpression(rank=1072)","1104","0.407600000000000018","GTEx Coexpression,0.4076"
"ARID4B","1.709872086677520331","-1.709872086677520331","0.087289529144967750728945077298703836","LD_HCT116=-1.71","Repressed","126","collectri","126","1.709872086677520331",NA,"0","",NA,NA,NA
"KLF15","1.704110180867757007","1.704110180867757007","0.088360504970243697320242404202872422","LD_HCT116=1.704","Activated","127","collectri","127","1.704110180867757007",NA,"3","Enrichr--Queries(rank=569); GTEx--Coexpression(rank=944); ARCHS4--Coexpression(rank=1314)","1102","0.405299999999999994","Enrichr Queries,0.4053"
"MEF2D","1.701537843139801387","1.701537843139801387","0.088842037962852296595350765073817456","LD_HCT116=1.702","Activated","128","collectri","128","1.701537843139801387",NA,"3","ARCHS4--Coexpression(rank=554); GTEx--Coexpression(rank=685); Enrichr--Queries(rank=829)","991","0.340299999999999991","ARCHS4 Coexpression,0.3403"
"SNAI2","1.698578404288608956","1.698578404288608956","0.089398648331345087481025757369934581","LD_HCT116=1.699","Activated","129","collectri","129","1.698578404288608956",NA,"4","ReMap--ChIP-seq(rank=2); Enrichr--Queries(rank=78); ARCHS4--Coexpression(rank=120); GTEx--Coexpression(rank=649)","23","0.006734000000000000","ReMap ChIP-seq,0.006734"
"ATF2","1.693194694646207754","1.693194694646207754","0.090418414117828638243423711173818447","LD_HCT116=1.693","Activated","130","collectri","130","1.693194694646207754",NA,"5","ENCODE--ChIP-seq(rank=81); ReMap--ChIP-seq(rank=185); GTEx--Coexpression(rank=797); ARCHS4--Coexpression(rank=1012); Enrichr--Queries(rank=1361)","1257","0.495999999999999996","GTEx Coexpression,0.496"
"TCF7","1.690286049531612989","1.690286049531612989","0.090973242705958815013111973257764475","LD_HCT116=1.69","Activated","131","collectri","131","1.690286049531612989",NA,"5","Literature--ChIP-seq(rank=24); ReMap--ChIP-seq(rank=233); Enrichr--Queries(rank=696); ARCHS4--Coexpression(rank=1008); GTEx--Coexpression(rank=1491)","541","0.146300000000000013","Literature ChIP-seq,0.1463"
"TBX21","1.686431263068867814","1.686431263068867814","0.091712764097773166738214456472633174","LD_HCT116=1.686","Activated","132","collectri","132","1.686431263068867814",NA,"4","ReMap--ChIP-seq(rank=196); ARCHS4--Coexpression(rank=952); Enrichr--Queries(rank=1272); GTEx--Coexpression(rank=1502)","1377","0.584799999999999986","ARCHS4 Coexpression,0.5848"
"ZNF148","1.684229945512258464","1.684229945512258464","0.092137238093596016130781833908258704","LD_HCT116=1.684","Activated","133","collectri","133","1.684229945512258464",NA,"3","Enrichr--Queries(rank=1326); ARCHS4--Coexpression(rank=1433); GTEx--Coexpression(rank=1593)","1616","0.880199999999999982","ARCHS4 Coexpression,0.8802"
"TBX5","1.681001237752738797","1.681001237752738797","0.092762674145713777673627475905959727","LD_HCT116=1.681","Activated","134","collectri","134","1.681001237752738797",NA,"4","Literature--ChIP-seq(rank=93); ARCHS4--Coexpression(rank=371); Enrichr--Queries(rank=863); GTEx--Coexpression(rank=981)","760","0.227899999999999991","ARCHS4 Coexpression,0.2279"
"TAL1","1.677120400604807493","1.677120400604807493","0.093518940277850404196868794315378182","LD_HCT116=1.677","Activated","135","collectri","135","1.677120400604807493",NA,"6","ENCODE--ChIP-seq(rank=80); Literature--ChIP-seq(rank=98); ReMap--ChIP-seq(rank=219); Enrichr--Queries(rank=743); ARCHS4--Coexpression(rank=1076); GTEx--Coexpression(rank=1153)","1294","0.529200000000000004","Enrichr Queries,0.5292"
"MYOD1","1.672534053643445651","1.672534053643445651","0.094419058602224020804172255338926334","LD_HCT116=1.673","Activated","136","collectri","136","1.672534053643445651",NA,"5","ENCODE--ChIP-seq(rank=29); ReMap--ChIP-seq(rank=81); ARCHS4--Coexpression(rank=505); Enrichr--Queries(rank=779); GTEx--Coexpression(rank=891)","803","0.245799999999999991","ENCODE ChIP-seq,0.2458"
"ZKSCAN7","1.666243004550330697","-1.666243004550330697","0.095665023698925863437914074438594980","LD_HCT116=-1.666","Repressed","137","collectri","137","1.666243004550330697",NA,"2","GTEx--Coexpression(rank=1342); ARCHS4--Coexpression(rank=1475)","1589","0.835099999999999953","GTEx Coexpression,0.8351"
"EHF","1.665708326717732835","1.665708326717732835","0.095771522698636146753159437139402144","LD_HCT116=1.666","Activated","138","collectri","138","1.665708326717732835",NA,"4","GTEx--Coexpression(rank=125); Enrichr--Queries(rank=148); ReMap--ChIP-seq(rank=254); ARCHS4--Coexpression(rank=333)","308","0.077780000000000002","GTEx Coexpression,0.07778"
"MEOX2","1.665281514213783787","1.665281514213783787","0.095856604810468176713911248043586966","LD_HCT116=1.665","Activated","139","collectri","139","1.665281514213783787",NA,"3","ARCHS4--Coexpression(rank=102); GTEx--Coexpression(rank=347); Enrichr--Queries(rank=553)","248","0.062649999999999997","ARCHS4 Coexpression,0.06265"
"FOXG1","1.662851962958767693","1.662851962958767693","0.096342072084045979329935960322472965","LD_HCT116=1.663","Activated","140","collectri","140","1.662851962958767693",NA,"3","GTEx--Coexpression(rank=263); ARCHS4--Coexpression(rank=815); Enrichr--Queries(rank=970)","595","0.163700000000000012","GTEx Coexpression,0.1637"
"NPM1","1.661653347315068086","1.661653347315068086","0.096582300294328710110747238104522694","LD_HCT116=1.662","Activated","141","collectri","141","1.661653347315068086",NA,"0","",NA,NA,NA
"WT1","1.661115654697137511","1.661115654697137511","0.096690220972210430550042303821101086","LD_HCT116=1.661","Activated","142","collectri","142","1.661115654697137511",NA,"4","Literature--ChIP-seq(rank=16); ARCHS4--Coexpression(rank=350); Enrichr--Queries(rank=368); GTEx--Coexpression(rank=457)","374","0.097559999999999994","Literature ChIP-seq,0.09756"
"NFKBIB","1.652083573783478698","1.652083573783478698","0.098517515039582365110604200708621647","LD_HCT116=1.652","Activated","143","collectri","143","1.652083573783478698",NA,"0","",NA,NA,NA
"TFDP2","1.641697895759447245","-1.641697895759447245","0.100652627970726174511106876252597431","LD_HCT116=-1.642","Repressed","144","collectri","144","1.641697895759447245",NA,"3","ARCHS4--Coexpression(rank=303); Enrichr--Queries(rank=322); GTEx--Coexpression(rank=1462)","649","0.186099999999999988","ARCHS4 Coexpression,0.1861"
"USF1","1.639287120210769721","1.639287120210769721","0.101153477142627332141522344954864820","LD_HCT116=1.639","Activated","145","collectri","145","1.639287120210769721",NA,"5","ENCODE--ChIP-seq(rank=56); ReMap--ChIP-seq(rank=92); Enrichr--Queries(rank=637); ARCHS4--Coexpression(rank=696); GTEx--Coexpression(rank=1304)","940","0.309800000000000020","ReMap ChIP-seq,0.3098"
"STAT5A","1.629438708602155561","1.629438708602155561","0.103220180004562803177670105014840374","LD_HCT116=1.629","Activated","146","collectri","146","1.629438708602155561",NA,"6","ENCODE--ChIP-seq(rank=84); Literature--ChIP-seq(rank=88); ReMap--ChIP-seq(rank=261); Enrichr--Queries(rank=297); ARCHS4--Coexpression(rank=714); GTEx--Coexpression(rank=934)","713","0.211499999999999994","Enrichr Queries,0.2115"
"GATA3","1.623611179703888352","1.623611179703888352","0.104458817931349395857765216533152852","LD_HCT116=1.624","Activated","147","collectri","147","1.623611179703888352",NA,"6","ENCODE--ChIP-seq(rank=13); Literature--ChIP-seq(rank=78); ARCHS4--Coexpression(rank=169); ReMap--ChIP-seq(rank=184); Enrichr--Queries(rank=233); GTEx--Coexpression(rank=615)","399","0.103800000000000003","ARCHS4 Coexpression,0.1038"
"NKX2-2","1.621465210198212548","1.621465210198212548","0.104917905318017479210368492203997448","LD_HCT116=1.621","Activated","148","collectri","148","1.621465210198212548",NA,"0","",NA,NA,NA
"HTATIP2","1.619642280920596145","1.619642280920596145","0.105309141581065496273694748197158333","LD_HCT116=1.62","Activated","149","collectri","149","1.619642280920596145",NA,"0","",NA,NA,NA
"PURA","1.614222292467429876","1.614222292467429876","0.106479218276881601457084514095186023","LD_HCT116=1.614","Activated","150","collectri","150","1.614222292467429876",NA,"2","ARCHS4--Coexpression(rank=895); GTEx--Coexpression(rank=1578)","1333","0.549799999999999955","ARCHS4 Coexpression,0.5498"
"NFE2L1","1.608251703261677878","-1.608251703261677878","0.107780063602190029348193434088898357","LD_HCT116=-1.608","Repressed","151","collectri","151","1.608251703261677878",NA,"4","ReMap--ChIP-seq(rank=264); GTEx--Coexpression(rank=883); ARCHS4--Coexpression(rank=958); Enrichr--Queries(rank=983)","1332","0.549499999999999988","GTEx Coexpression,0.5495"
"OLIG2","1.608236640198604572","-1.608236640198604572","0.107783361316458048406730085844174027","LD_HCT116=-1.608","Repressed","152","collectri","152","1.608236640198604572",NA,"4","Literature--ChIP-seq(rank=80); ARCHS4--Coexpression(rank=408); Enrichr--Queries(rank=444); GTEx--Coexpression(rank=752)","813","0.250599999999999989","ARCHS4 Coexpression,0.2506"
"RB1","1.604421077517386607","-1.604421077517386607","0.108621268076319887896374893898610026","LD_HCT116=-1.604","Repressed","153","collectri","153","1.604421077517386607",NA,"0","",NA,NA,NA
"IRF2","1.603448565782641611","1.603448565782641611","0.108835656062983107683628247741580708","LD_HCT116=1.603","Activated","154","collectri","154","1.603448565782641611",NA,"4","ReMap--ChIP-seq(rank=175); Enrichr--Queries(rank=583); ARCHS4--Coexpression(rank=654); GTEx--Coexpression(rank=1152)","1095","0.401700000000000002","ARCHS4 Coexpression,0.4017"
"MAF","1.602860460366050566","1.602860460366050566","0.108965464874244299942063207708997652","LD_HCT116=1.603","Activated","155","collectri","155","1.602860460366050566",NA,"4","ReMap--ChIP-seq(rank=134); Enrichr--Queries(rank=456); GTEx--Coexpression(rank=470); ARCHS4--Coexpression(rank=933)","903","0.292499999999999982","GTEx Coexpression,0.2925"
"HINFP","1.601207505259142350","-1.601207505259142350","0.109330967083463653777286594959150534","LD_HCT116=-1.601","Repressed","156","collectri","156","1.601207505259142350",NA,"3","ReMap--ChIP-seq(rank=278); GTEx--Coexpression(rank=882); ARCHS4--Coexpression(rank=1581)","1331","0.548799999999999955","GTEx Coexpression,0.5488"
"SETBP1","1.600898261024955138","1.600898261024955138","0.109399454830430370444460663748031948","LD_HCT116=1.601","Activated","157","collectri","157","1.600898261024955138",NA,"3","GTEx--Coexpression(rank=577); Enrichr--Queries(rank=748); ARCHS4--Coexpression(rank=971)","1028","0.359099999999999919","GTEx Coexpression,0.3591"
"HAND2","1.599584111156189481","1.599584111156189481","0.109690875575058147117779583368246676","LD_HCT116=1.6","Activated","158","collectri","158","1.599584111156189481",NA,"3","GTEx--Coexpression(rank=197); ARCHS4--Coexpression(rank=387); Enrichr--Queries(rank=786)","463","0.122600000000000001","GTEx Coexpression,0.1226"
"FOS_JUN","1.598871587669730809","1.598871587669730809","0.109849138336403209792457857929548481","LD_HCT116=1.599","Activated","159","collectri","159","1.598871587669730809",NA,"0","",NA,NA,NA
"FOS_JUNB","1.598871587669730809","1.598871587669730809","0.109849138336403209792457857929548481","LD_HCT116=1.599","Activated","160","collectri","160","1.598871587669730809",NA,"0","",NA,NA,NA
"FOS_JUND","1.598871587669730809","1.598871587669730809","0.109849138336403209792457857929548481","LD_HCT116=1.599","Activated","161","collectri","161","1.598871587669730809",NA,"0","",NA,NA,NA
"FOSB_JUN","1.598871587669730809","1.598871587669730809","0.109849138336403209792457857929548481","LD_HCT116=1.599","Activated","162","collectri","162","1.598871587669730809",NA,"0","",NA,NA,NA
"FOSB_JUNB","1.598871587669730809","1.598871587669730809","0.109849138336403209792457857929548481","LD_HCT116=1.599","Activated","163","collectri","163","1.598871587669730809",NA,"0","",NA,NA,NA
"FOSB_JUND","1.598871587669730809","1.598871587669730809","0.109849138336403209792457857929548481","LD_HCT116=1.599","Activated","164","collectri","164","1.598871587669730809",NA,"0","",NA,NA,NA
"FOSL1_JUN","1.598871587669730809","1.598871587669730809","0.109849138336403209792457857929548481","LD_HCT116=1.599","Activated","165","collectri","165","1.598871587669730809",NA,"0","",NA,NA,NA
"FOSL1_JUNB","1.598871587669730809","1.598871587669730809","0.109849138336403209792457857929548481","LD_HCT116=1.599","Activated","166","collectri","166","1.598871587669730809",NA,"0","",NA,NA,NA
"FOSL1_JUND","1.598871587669730809","1.598871587669730809","0.109849138336403209792457857929548481","LD_HCT116=1.599","Activated","167","collectri","167","1.598871587669730809",NA,"0","",NA,NA,NA
"FOSL2_JUN","1.598871587669730809","1.598871587669730809","0.109849138336403209792457857929548481","LD_HCT116=1.599","Activated","168","collectri","168","1.598871587669730809",NA,"0","",NA,NA,NA
"FOSL2_JUNB","1.598871587669730809","1.598871587669730809","0.109849138336403209792457857929548481","LD_HCT116=1.599","Activated","169","collectri","169","1.598871587669730809",NA,"0","",NA,NA,NA
"FOSL2_JUND","1.598871587669730809","1.598871587669730809","0.109849138336403209792457857929548481","LD_HCT116=1.599","Activated","170","collectri","170","1.598871587669730809",NA,"0","",NA,NA,NA
"JUN_JUNB","1.598871587669730809","1.598871587669730809","0.109849138336403209792457857929548481","LD_HCT116=1.599","Activated","171","collectri","171","1.598871587669730809",NA,"0","",NA,NA,NA
"JUN_JUND","1.598871587669730809","1.598871587669730809","0.109849138336403209792457857929548481","LD_HCT116=1.599","Activated","172","collectri","172","1.598871587669730809",NA,"0","",NA,NA,NA
"JUNB_JUND","1.598871587669730809","1.598871587669730809","0.109849138336403209792457857929548481","LD_HCT116=1.599","Activated","173","collectri","173","1.598871587669730809",NA,"0","",NA,NA,NA
"NCOR2","1.592377599838404878","1.592377599838404878","0.111299886272872280978951664565101964","LD_HCT116=1.592","Activated","174","collectri","174","1.592377599838404878",NA,"0","",NA,NA,NA
"JDP2","1.591977867558902693","1.591977867558902693","0.111389677628799574349294232433749130","LD_HCT116=1.592","Activated","175","collectri","175","1.591977867558902693",NA,"3","Enrichr--Queries(rank=369); ARCHS4--Coexpression(rank=470); GTEx--Coexpression(rank=1114)","837","0.262799999999999978","Enrichr Queries,0.2628"
"DBP","1.591474338125872467","1.591474338125872467","0.111502866159035859960901859722071094","LD_HCT116=1.591","Activated","176","collectri","176","1.591474338125872467",NA,"3","GTEx--Coexpression(rank=141); Enrichr--Queries(rank=159); ARCHS4--Coexpression(rank=1046)","340","0.087739999999999999","GTEx Coexpression,0.08774"
"TWIST2","1.584860771087638565","1.584860771087638565","0.112997971223940743557001553654117743","LD_HCT116=1.585","Activated","177","collectri","177","1.584860771087638565",NA,"2","ARCHS4--Coexpression(rank=174); GTEx--Coexpression(rank=566)","409","0.106899999999999995","ARCHS4 Coexpression,0.1069"
"SP3","1.579868045031952439","1.579868045031952439","0.114137088580316209407428118538518902","LD_HCT116=1.58","Activated","178","collectri","178","1.579868045031952439",NA,"3","ARCHS4--Coexpression(rank=1010); Enrichr--Queries(rank=1095); GTEx--Coexpression(rank=1269)","1425","0.620399999999999840","ARCHS4 Coexpression,0.6204"
"CUX1","1.564758737449510217","-1.564758737449510217","0.117639490166074264787532399623160018","LD_HCT116=-1.565","Repressed","179","collectri","179","1.564758737449510217",NA,"6","Literature--ChIP-seq(rank=42); ENCODE--ChIP-seq(rank=66); ReMap--ChIP-seq(rank=68); GTEx--Coexpression(rank=211); ARCHS4--Coexpression(rank=1084); Enrichr--Queries(rank=1302)","494","0.131300000000000000","GTEx Coexpression,0.1313"
"CREB3","1.564036031906104407","1.564036031906104407","0.117809106827645587722841469258128200","LD_HCT116=1.564","Activated","180","collectri","180","1.564036031906104407",NA,"4","ReMap--ChIP-seq(rank=272); GTEx--Coexpression(rank=624); ARCHS4--Coexpression(rank=707); Enrichr--Queries(rank=792)","1076","0.388299999999999979","GTEx Coexpression,0.3883"
"RORA","1.550908375431744313","1.550908375431744313","0.120923642995070301786597610771423206","LD_HCT116=1.551","Activated","181","collectri","181","1.550908375431744313",NA,"3","Enrichr--Queries(rank=678); GTEx--Coexpression(rank=706); ARCHS4--Coexpression(rank=1113)","1166","0.439300000000000024","GTEx Coexpression,0.4393"
"E2F5","1.546255855879242302","-1.546255855879242302","0.122042788593868023472310824217856862","LD_HCT116=-1.546","Repressed","182","collectri","182","1.546255855879242302",NA,"4","Enrichr--Queries(rank=39); ReMap--ChIP-seq(rank=101); ARCHS4--Coexpression(rank=499); GTEx--Coexpression(rank=785)","107","0.027779999999999999","Enrichr Queries,0.02778"
"IRF3","1.542952571254667671","1.542952571254667671","0.122842283996810547330724716630356852","LD_HCT116=1.543","Activated","183","collectri","183","1.542952571254667671",NA,"5","ENCODE--ChIP-seq(rank=35); ReMap--ChIP-seq(rank=105); ARCHS4--Coexpression(rank=556); GTEx--Coexpression(rank=578); Enrichr--Queries(rank=1100)","913","0.296599999999999919","ENCODE ChIP-seq,0.2966"
"ESR2","1.538275858055812684","1.538275858055812684","0.123981180000194132762025844840536593","LD_HCT116=1.538","Activated","184","collectri","184","1.538275858055812684",NA,"5","Literature--ChIP-seq(rank=31); ReMap--ChIP-seq(rank=90); Enrichr--Queries(rank=625); GTEx--Coexpression(rank=1049); ARCHS4--Coexpression(rank=1353)","657","0.189000000000000001","Literature ChIP-seq,0.189"
"ARX","1.534611964797977235","1.534611964797977235","0.124879171905949090670695511562371394","LD_HCT116=1.535","Activated","185","collectri","185","1.534611964797977235",NA,"3","Enrichr--Queries(rank=798); GTEx--Coexpression(rank=855); ARCHS4--Coexpression(rank=973)","1301","0.532000000000000028","GTEx Coexpression,0.532"
"PBX1","1.531716928414298629","1.531716928414298629","0.125592303142906674962020474595192354","LD_HCT116=1.532","Activated","186","collectri","186","1.531716928414298629",NA,"4","Literature--ChIP-seq(rank=159); GTEx--Coexpression(rank=391); ARCHS4--Coexpression(rank=639); Enrichr--Queries(rank=852)","798","0.243299999999999988","GTEx Coexpression,0.2433"
"HNF1B","1.531698888250355495","1.531698888250355495","0.125596756885128529868111968426092062","LD_HCT116=1.532","Activated","187","collectri","187","1.531698888250355495",NA,"3","ReMap--ChIP-seq(rank=146); ARCHS4--Coexpression(rank=318); Enrichr--Queries(rank=356)","673","0.195300000000000001","ARCHS4 Coexpression,0.1953"
"PPARG","1.531351873394031449","1.531351873394031449","0.125682451608321615887930988719745073","LD_HCT116=1.531","Activated","188","collectri","188","1.531351873394031449",NA,"5","Literature--ChIP-seq(rank=65); ReMap--ChIP-seq(rank=125); Enrichr--Queries(rank=425); ARCHS4--Coexpression(rank=540); GTEx--Coexpression(rank=565)","927","0.302700000000000025","Enrichr Queries,0.3027"
"GATA2","1.529874358195578710","1.529874358195578710","0.126047831477622801488180925844062585","LD_HCT116=1.53","Activated","189","collectri","189","1.529874358195578710",NA,"6","Literature--ChIP-seq(rank=18); ENCODE--ChIP-seq(rank=22); GTEx--Coexpression(rank=183); Enrichr--Queries(rank=192); ReMap--ChIP-seq(rank=276); ARCHS4--Coexpression(rank=687)","419","0.109799999999999995","Literature ChIP-seq,0.1098"
"CEBPD","1.527038150073847023","1.527038150073847023","0.126751525127777070478529708452697378","LD_HCT116=1.527","Activated","190","collectri","190","1.527038150073847023",NA,"5","ReMap--ChIP-seq(rank=33); ENCODE--ChIP-seq(rank=111); Literature--ChIP-seq(rank=115); ARCHS4--Coexpression(rank=332); GTEx--Coexpression(rank=478)","424","0.111100000000000004","ReMap ChIP-seq,0.1111"
"PAX6","1.526356770250091310","1.526356770250091310","0.126921037514213130847906541021075100","LD_HCT116=1.526","Activated","191","collectri","191","1.526356770250091310",NA,"5","ReMap--ChIP-seq(rank=121); Literature--ChIP-seq(rank=140); GTEx--Coexpression(rank=630); ARCHS4--Coexpression(rank=903); Enrichr--Queries(rank=1028)","1081","0.392000000000000015","GTEx Coexpression,0.392"
"NSD2","1.519659780407232708","1.519659780407232708","0.128596504892456553470481139811454341","LD_HCT116=1.52","Activated","192","collectri","192","1.519659780407232708",NA,"0","",NA,NA,NA
"ASCL2","1.514360252246804484","1.514360252246804484","0.129934494595118327220362175467016641","LD_HCT116=1.514","Activated","193","collectri","193","1.514360252246804484",NA,"3","Enrichr--Queries(rank=154); ARCHS4--Coexpression(rank=279); GTEx--Coexpression(rank=670)","418","0.109700000000000006","Enrichr Queries,0.1097"
"PHF20","1.512895779263322416","1.512895779263322416","0.130306134205791263047657935203460511","LD_HCT116=1.513","Activated","194","collectri","194","1.512895779263322416",NA,"3","GTEx--Coexpression(rank=682); ARCHS4--Coexpression(rank=1054); Enrichr--Queries(rank=1380)","1142","0.424399999999999999","GTEx Coexpression,0.4244"
"CTBP1","1.511877991741610083","-1.511877991741610083","0.130564903811152044355026191624347121","LD_HCT116=-1.512","Repressed","195","collectri","195","1.511877991741610083",NA,"0","",NA,NA,NA
"SREBF2","1.511618865541057177","-1.511618865541057177","0.130630849545636446018548326719610486","LD_HCT116=-1.512","Repressed","196","collectri","196","1.511618865541057177",NA,"6","ENCODE--ChIP-seq(rank=30); ReMap--ChIP-seq(rank=56); Literature--ChIP-seq(rank=94); GTEx--Coexpression(rank=310); Enrichr--Queries(rank=334); ARCHS4--Coexpression(rank=1052)","655","0.188599999999999990","ReMap ChIP-seq,0.1886"
"JUN","1.510700769399615950","1.510700769399615950","0.130864706310002715250462301810330246","LD_HCT116=1.511","Activated","197","collectri","197","1.510700769399615950",NA,"6","ARCHS4--Coexpression(rank=19); ENCODE--ChIP-seq(rank=25); Literature--ChIP-seq(rank=96); ReMap--ChIP-seq(rank=102); Enrichr--Queries(rank=184); GTEx--Coexpression(rank=383)","44","0.011670000000000000","ARCHS4 Coexpression,0.01167"
"THRA","1.510615330423345393","1.510615330423345393","0.130886485766634336203040334112301935","LD_HCT116=1.511","Activated","198","collectri","198","1.510615330423345393",NA,"4","ARCHS4--Coexpression(rank=81); Literature--ChIP-seq(rank=119); Enrichr--Queries(rank=510); GTEx--Coexpression(rank=850)","190","0.049750000000000003","ARCHS4 Coexpression,0.04975"
"NKX2-1","1.502639218636574236","1.502639218636574236","0.132932104267928452578928499860921875","LD_HCT116=1.503","Activated","199","collectri","199","1.502639218636574236",NA,"0","",NA,NA,NA
"NR1I3","1.500650803991408822","1.500650803991408822","0.133445903671361915110438189913111273","LD_HCT116=1.501","Activated","200","collectri","200","1.500650803991408822",NA,"3","GTEx--Coexpression(rank=1109); Enrichr--Queries(rank=1149); ARCHS4--Coexpression(rank=1489)","1487","0.690100000000000047","GTEx Coexpression,0.6901"
"KLF8","1.500475219967655871","1.500475219967655871","0.133491347710895935652075650068582036","LD_HCT116=1.5","Activated","201","collectri","201","1.500475219967655871",NA,"3","GTEx--Coexpression(rank=161); Enrichr--Queries(rank=617); ARCHS4--Coexpression(rank=1522)","384","0.100199999999999997","GTEx Coexpression,0.1002"
"FGF2","1.499137247936180417","1.499137247936180417","0.133838030326197593433690258279966656","LD_HCT116=1.499","Activated","202","collectri","202","1.499137247936180417",NA,"0","",NA,NA,NA
"FOXA1","1.493959048292656355","1.493959048292656355","0.135186323247059786423207583538896870","LD_HCT116=1.494","Activated","203","collectri","203","1.493959048292656355",NA,"6","ENCODE--ChIP-seq(rank=72); ARCHS4--Coexpression(rank=89); Literature--ChIP-seq(rank=101); Enrichr--Queries(rank=160); ReMap--ChIP-seq(rank=245); GTEx--Coexpression(rank=598)","213","0.054670000000000003","ARCHS4 Coexpression,0.05467"
"CREBBP","1.492768402357236734","-1.492768402357236734","0.135497821071378865553924697451293468","LD_HCT116=-1.493","Repressed","204","collectri","204","1.492768402357236734",NA,"0","",NA,NA,NA
"FOXH1","1.492270190221347548","-1.492270190221347548","0.135628328179959012356192715742508881","LD_HCT116=-1.492","Repressed","205","collectri","205","1.492270190221347548",NA,"3","Enrichr--Queries(rank=387); ARCHS4--Coexpression(rank=569); GTEx--Coexpression(rank=664)","865","0.275600000000000012","Enrichr Queries,0.2756"
"HDAC4","1.489293863457739286","1.489293863457739286","0.136410002952628728323247742082457989","LD_HCT116=1.489","Activated","206","collectri","206","1.489293863457739286",NA,"0","",NA,NA,NA
"NEUROG1","1.484280856728721565","1.484280856728721565","0.137734426714874208519390208493859973","LD_HCT116=1.484","Activated","207","collectri","207","1.484280856728721565",NA,"3","ARCHS4--Coexpression(rank=352); GTEx--Coexpression(rank=396); Enrichr--Queries(rank=1239)","726","0.216200000000000003","ARCHS4 Coexpression,0.2162"
"E4F1","1.480257928510056997","1.480257928510056997","0.138804426265538349838379872380755842","LD_HCT116=1.48","Activated","208","collectri","208","1.480257928510056997",NA,"4","Literature--ChIP-seq(rank=163); ARCHS4--Coexpression(rank=436); GTEx--Coexpression(rank=1044); Enrichr--Queries(rank=1267)","848","0.267799999999999983","ARCHS4 Coexpression,0.2678"
"GLI1","1.472009517861619265","1.472009517861619265","0.141018307385785413021750400730525143","LD_HCT116=1.472","Activated","209","collectri","209","1.472009517861619265",NA,"4","Literature--ChIP-seq(rank=82); Enrichr--Queries(rank=229); GTEx--Coexpression(rank=288); ARCHS4--Coexpression(rank=1033)","594","0.163099999999999995","Enrichr Queries,0.1631"
"MEF2C","1.471873798073355166","1.471873798073355166","0.141054960372057724971028846994158812","LD_HCT116=1.472","Activated","210","collectri","210","1.471873798073355166",NA,"5","ENCODE--ChIP-seq(rank=109); ReMap--ChIP-seq(rank=296); Enrichr--Queries(rank=441); ARCHS4--Coexpression(rank=613); GTEx--Coexpression(rank=1335)","949","0.314099999999999990","Enrichr Queries,0.3141"
"CTNNB1","1.468652193131779304","1.468652193131779304","0.141927150515917199768978207430336624","LD_HCT116=1.469","Activated","211","collectri","211","1.468652193131779304",NA,"0","",NA,NA,NA
"HDAC3","1.462764389652580599","1.462764389652580599","0.143531860287623408423129944821994286","LD_HCT116=1.463","Activated","212","collectri","212","1.462764389652580599",NA,"0","",NA,NA,NA
"STAT3","1.457858845191027264","1.457858845191027264","0.144879454396676710103974983212538064","LD_HCT116=1.458","Activated","213","collectri","213","1.457858845191027264",NA,"6","ENCODE--ChIP-seq(rank=39); Literature--ChIP-seq(rank=45); ReMap--ChIP-seq(rank=100); GTEx--Coexpression(rank=264); ARCHS4--Coexpression(rank=588); Enrichr--Queries(rank=853)","598","0.164300000000000002","GTEx Coexpression,0.1643"
"ELK1","1.457388301889737781","1.457388301889737781","0.145009224364389704975408790232904721","LD_HCT116=1.457","Activated","214","collectri","214","1.457388301889737781",NA,"5","GTEx--Coexpression(rank=94); ENCODE--ChIP-seq(rank=95); Literature--ChIP-seq(rank=121); ReMap--ChIP-seq(rank=168); ARCHS4--Coexpression(rank=1540)","229","0.058490000000000000","GTEx Coexpression,0.05849"
"SRY","1.443657470938071397","1.443657470938071397","0.148835350111004294237915246412740089","LD_HCT116=1.444","Activated","215","collectri","215","1.443657470938071397",NA,"4","Literature--ChIP-seq(rank=22); ARCHS4--Coexpression(rank=969); GTEx--Coexpression(rank=1104); Enrichr--Queries(rank=1134)","505","0.134099999999999997","Literature ChIP-seq,0.1341"
"TAF1","1.434553095694254266","-1.434553095694254266","0.151414488620515236272368042591551784","LD_HCT116=-1.435","Repressed","216","collectri","216","1.434553095694254266",NA,"0","",NA,NA,NA
"PARK7","1.428546617900758875","-1.428546617900758875","0.153134586588955318164906316269480158","LD_HCT116=-1.429","Repressed","217","collectri","217","1.428546617900758875",NA,"0","",NA,NA,NA
"ZIC2","1.423900861312564547","1.423900861312564547","0.154475172467093496697643217885342892","LD_HCT116=1.424","Activated","218","collectri","218","1.423900861312564547",NA,"3","ARCHS4--Coexpression(rank=17); Enrichr--Queries(rank=194); GTEx--Coexpression(rank=689)","39","0.010440000000000000","ARCHS4 Coexpression,0.01044"
"IRF7","1.407452460746496214","1.407452460746496214","0.159293264494951958276658388058422133","LD_HCT116=1.407","Activated","219","collectri","219","1.407452460746496214",NA,"3","ARCHS4--Coexpression(rank=507); Enrichr--Queries(rank=634); GTEx--Coexpression(rank=1392)","944","0.311400000000000010","ARCHS4 Coexpression,0.3114"
"NPAS2","1.403014487075188388","1.403014487075188388","0.160612518964259071152511637592397165","LD_HCT116=1.403","Activated","220","collectri","220","1.403014487075188388",NA,"3","ARCHS4--Coexpression(rank=134); GTEx--Coexpression(rank=213); Enrichr--Queries(rank=253)","321","0.082309999999999994","ARCHS4 Coexpression,0.08231"
"TCF3","1.402933592628664572","1.402933592628664572","0.160636642446788074911623311891162302","LD_HCT116=1.403","Activated","221","collectri","221","1.402933592628664572",NA,"6","Literature--ChIP-seq(rank=19); GTEx--Coexpression(rank=52); ReMap--ChIP-seq(rank=72); ENCODE--ChIP-seq(rank=73); Enrichr--Queries(rank=206); ARCHS4--Coexpression(rank=428)","124","0.032360000000000000","GTEx Coexpression,0.03236"
"ETV1","1.401129221673118153","1.401129221673118153","0.161175434693213631698327503727341536","LD_HCT116=1.401","Activated","222","collectri","222","1.401129221673118153",NA,"4","ReMap--ChIP-seq(rank=108); Enrichr--Queries(rank=295); ARCHS4--Coexpression(rank=601); GTEx--Coexpression(rank=787)","710","0.210100000000000009","Enrichr Queries,0.2101"
"E2F6","1.392146317378854414","-1.392146317378854414","0.163878094932844470266175562755961437","LD_HCT116=-1.392","Repressed","223","collectri","223","1.392146317378854414",NA,"5","ENCODE--ChIP-seq(rank=11); ReMap--ChIP-seq(rank=13); Enrichr--Queries(rank=166); ARCHS4--Coexpression(rank=419); GTEx--Coexpression(rank=1168)","169","0.043770000000000003","ReMap ChIP-seq,0.04377"
"ZNF263","1.386900091224334775","1.386900091224334775","0.165472230041469298145173638658889104","LD_HCT116=1.387","Activated","224","collectri","224","1.386900091224334775",NA,"6","ReMap--ChIP-seq(rank=5); ENCODE--ChIP-seq(rank=34); Literature--ChIP-seq(rank=85); GTEx--Coexpression(rank=346); Enrichr--Queries(rank=641); ARCHS4--Coexpression(rank=1399)","66","0.016840000000000001","ReMap ChIP-seq,0.01684"
"KMT2B","1.385638262854727687","-1.385638262854727687","0.165857388422127022264973561505030375","LD_HCT116=-1.386","Repressed","225","collectri","225","1.385638262854727687",NA,"2","ReMap--ChIP-seq(rank=210); ARCHS4--Coexpression(rank=616)","1059","0.378400000000000014","ARCHS4 Coexpression,0.3784"
"TP53","1.384618686933638321","-1.384618686933638321","0.166169094378950082946388988602848258","LD_HCT116=-1.385","Repressed","226","collectri","226","1.384618686933638321",NA,"5","ARCHS4--Coexpression(rank=36); Literature--ChIP-seq(rank=39); ReMap--ChIP-seq(rank=96); Enrichr--Queries(rank=156); GTEx--Coexpression(rank=189)","84","0.022110000000000001","ARCHS4 Coexpression,0.02211"
"BCL11A","1.374451314642667343","1.374451314642667343","0.169301614798355926083672784443479031","LD_HCT116=1.374","Activated","227","collectri","227","1.374451314642667343",NA,"5","ENCODE--ChIP-seq(rank=90); ReMap--ChIP-seq(rank=164); GTEx--Coexpression(rank=316); Enrichr--Queries(rank=681); ARCHS4--Coexpression(rank=757)","678","0.196599999999999997","GTEx Coexpression,0.1966"
"FOS","1.374275920303734688","1.374275920303734688","0.169356038936765318503319122100947425","LD_HCT116=1.374","Activated","228","collectri","228","1.374275920303734688",NA,"5","ENCODE--ChIP-seq(rank=45); ReMap--ChIP-seq(rank=119); Enrichr--Queries(rank=173); GTEx--Coexpression(rank=397); ARCHS4--Coexpression(rank=802)","465","0.123200000000000004","Enrichr Queries,0.1232"
"ZFP42","1.373925100206017547","1.373925100206017547","0.169464936330360360638991323867230676","LD_HCT116=1.374","Activated","229","collectri","229","1.373925100206017547",NA,"4","Literature--ChIP-seq(rank=37); ARCHS4--Coexpression(rank=75); Enrichr--Queries(rank=532); GTEx--Coexpression(rank=1591)","174","0.046070000000000000","ARCHS4 Coexpression,0.04607"
"HOXB4","1.370717121545395711","1.370717121545395711","0.170463155366636920362566343101207167","LD_HCT116=1.371","Activated","230","collectri","230","1.370717121545395711",NA,"4","Literature--ChIP-seq(rank=124); Enrichr--Queries(rank=172); GTEx--Coexpression(rank=319); ARCHS4--Coexpression(rank=772)","462","0.122499999999999998","Enrichr Queries,0.1225"
"PIN1","1.370384300564138957","1.370384300564138957","0.170566970191009470436682704530539922","LD_HCT116=1.37","Activated","231","collectri","231","1.370384300564138957",NA,"2","GTEx--Coexpression(rank=116); ARCHS4--Coexpression(rank=697)","288","0.072179999999999994","GTEx Coexpression,0.07218"
"NFIL3","1.366341675739810357","1.366341675739810357","0.171831745895494769627021014457568526","LD_HCT116=1.366","Activated","232","collectri","232","1.366341675739810357",NA,"3","Enrichr--Queries(rank=242); GTEx--Coexpression(rank=794); ARCHS4--Coexpression(rank=843)","623","0.172399999999999998","Enrichr Queries,0.1724"
"DNMT3A","1.363510263113438370","1.363510263113438370","0.172721752169361031370442560728406534","LD_HCT116=1.364","Activated","233","collectri","233","1.363510263113438370",NA,"0","",NA,NA,NA
"ZNF382","1.357834807434416646","1.357834807434416646","0.174516107431451072962147463840665296","LD_HCT116=1.358","Activated","234","collectri","234","1.357834807434416646",NA,"3","GTEx--Coexpression(rank=714); Enrichr--Queries(rank=1209); ARCHS4--Coexpression(rank=1538)","1173","0.444299999999999973","GTEx Coexpression,0.4443"
"RELA","1.353609831117482898","1.353609831117482898","0.175860888764881428958375408910796978","LD_HCT116=1.354","Activated","235","collectri","235","1.353609831117482898",NA,"6","Literature--ChIP-seq(rank=38); ENCODE--ChIP-seq(rank=89); ReMap--ChIP-seq(rank=148); GTEx--Coexpression(rank=419); Enrichr--Queries(rank=636); ARCHS4--Coexpression(rank=740)","768","0.231699999999999989","Literature ChIP-seq,0.2317"
"HES1","1.351661253418063868","1.351661253418063868","0.176483705508497623615227212212630548","LD_HCT116=1.352","Activated","236","collectri","236","1.351661253418063868",NA,"4","Enrichr--Queries(rank=110); ARCHS4--Coexpression(rank=163); ReMap--ChIP-seq(rank=290); GTEx--Coexpression(rank=306)","310","0.078350000000000003","Enrichr Queries,0.07835"
"SPIB","1.350235821430405547","1.350235821430405547","0.176940351263809303450358356712968089","LD_HCT116=1.35","Activated","237","collectri","237","1.350235821430405547",NA,"4","GTEx--Coexpression(rank=68); ReMap--ChIP-seq(rank=291); Enrichr--Queries(rank=765); ARCHS4--Coexpression(rank=942)","164","0.042310000000000000","GTEx Coexpression,0.04231"
"FOSB","1.342947046456929527","1.342947046456929527","0.179289121042253973836722025225753896","LD_HCT116=1.343","Activated","238","collectri","238","1.342947046456929527",NA,"3","Enrichr--Queries(rank=91); ARCHS4--Coexpression(rank=245); GTEx--Coexpression(rank=523)","258","0.064810000000000006","Enrichr Queries,0.06481"
"HESX1","1.340498623430412595","-1.340498623430412595","0.180083291561531078084357204716070555","LD_HCT116=-1.34","Repressed","239","collectri","239","1.340498623430412595",NA,"3","GTEx--Coexpression(rank=32); ARCHS4--Coexpression(rank=56); Enrichr--Queries(rank=830)","74","0.019910000000000001","GTEx Coexpression,0.01991"
"KLF6","1.334690916366996660","1.334690916366996660","0.181977527790163490228891873812244739","LD_HCT116=1.335","Activated","240","collectri","240","1.334690916366996660",NA,"4","ReMap--ChIP-seq(rank=18); Enrichr--Queries(rank=204); ARCHS4--Coexpression(rank=398); GTEx--Coexpression(rank=1234)","239","0.060609999999999997","ReMap ChIP-seq,0.06061"
"SOX10","1.317929707713249021","1.317929707713249021","0.187527179766802415405990700492111500","LD_HCT116=1.318","Activated","241","collectri","241","1.317929707713249021",NA,"4","ARCHS4--Coexpression(rank=211); ReMap--ChIP-seq(rank=284); GTEx--Coexpression(rank=430); Enrichr--Queries(rank=791)","489","0.129599999999999993","ARCHS4 Coexpression,0.1296"
"HLF","1.312358264812999220","1.312358264812999220","0.189399281661704943502400055876933038","LD_HCT116=1.312","Activated","242","collectri","242","1.312358264812999220",NA,"3","ARCHS4--Coexpression(rank=180); GTEx--Coexpression(rank=442); Enrichr--Queries(rank=506)","422","0.110600000000000004","ARCHS4 Coexpression,0.1106"
"LMX1A","1.307042372403635744","1.307042372403635744","0.191198321193317366528674483561189845","LD_HCT116=1.307","Activated","243","collectri","243","1.307042372403635744",NA,"3","ARCHS4--Coexpression(rank=150); GTEx--Coexpression(rank=293); Enrichr--Queries(rank=974)","355","0.092140000000000000","ARCHS4 Coexpression,0.09214"
"MXI1","1.304735891586419783","-1.304735891586419783","0.191982795466159400499250864413625095","LD_HCT116=-1.305","Repressed","244","collectri","244","1.304735891586419783",NA,"5","ENCODE--ChIP-seq(rank=32); ReMap--ChIP-seq(rank=88); Enrichr--Queries(rank=410); ARCHS4--Coexpression(rank=1074); GTEx--Coexpression(rank=1158)","858","0.271199999999999997","ENCODE ChIP-seq,0.2712"
"HIC1","1.295976876234310238","1.295976876234310238","0.194983451639887644946114164667960722","LD_HCT116=1.296","Activated","245","collectri","245","1.295976876234310238",NA,"3","Enrichr--Queries(rank=46); ARCHS4--Coexpression(rank=244); GTEx--Coexpression(rank=338)","126","0.032759999999999997","Enrichr Queries,0.03276"
"ELF4","1.295446893199721838","1.295446893199721838","0.195166110270995202258248468751844484","LD_HCT116=1.295","Activated","246","collectri","246","1.295446893199721838",NA,"3","Enrichr--Queries(rank=379); ARCHS4--Coexpression(rank=717); GTEx--Coexpression(rank=1322)","854","0.269899999999999973","Enrichr Queries,0.2699"
"PROP1","1.291680888307607189","1.291680888307607189","0.196467678678744844811276948348677251","LD_HCT116=1.292","Activated","247","collectri","247","1.291680888307607189",NA,"3","GTEx--Coexpression(rank=152); Enrichr--Queries(rank=894); ARCHS4--Coexpression(rank=1274)","363","0.094589999999999994","GTEx Coexpression,0.09459"
"ARID5B","1.283270484885907781","1.283270484885907781","0.199397329393060235291912363209121395","LD_HCT116=1.283","Activated","248","collectri","248","1.283270484885907781",NA,"3","Enrichr--Queries(rank=565); ARCHS4--Coexpression(rank=1004); GTEx--Coexpression(rank=1113)","1096","0.402399999999999980","Enrichr Queries,0.4024"
"MSC","1.278900771042601914","-1.278900771042601914","0.200932001104307200733956051408313215","LD_HCT116=-1.279","Repressed","249","collectri","249","1.278900771042601914",NA,"3","GTEx--Coexpression(rank=109); Enrichr--Queries(rank=213); ARCHS4--Coexpression(rank=649)","271","0.067830000000000001","GTEx Coexpression,0.06783"
"FHL2","1.278704124007069787","1.278704124007069787","0.201001266900464076181620498573465738","LD_HCT116=1.279","Activated","250","collectri","250","1.278704124007069787",NA,"0","",NA,NA,NA
"MAFK","1.273499669658035405","-1.273499669658035405","0.202840789710379998389555566973285750","LD_HCT116=-1.273","Repressed","251","collectri","251","1.273499669658035405",NA,"5","ENCODE--ChIP-seq(rank=47); ReMap--ChIP-seq(rank=188); Enrichr--Queries(rank=217); GTEx--Coexpression(rank=304); ARCHS4--Coexpression(rank=446)","567","0.154599999999999987","Enrichr Queries,0.1546"
"RXRB","1.268671593233914319","1.268671593233914319","0.204558218077415365776516864571021870","LD_HCT116=1.269","Activated","252","collectri","252","1.268671593233914319",NA,"3","GTEx--Coexpression(rank=333); ARCHS4--Coexpression(rank=557); Enrichr--Queries(rank=929)","704","0.207199999999999995","GTEx Coexpression,0.2072"
"RCOR2","1.267874530101714914","-1.267874530101714914","0.204842761045385957086040207286714576","LD_HCT116=-1.268","Repressed","253","collectri","253","1.267874530101714914",NA,"0","",NA,NA,NA
"GFI1B","1.263250747289829334","1.263250747289829334","0.206499080504737642094426064431900159","LD_HCT116=1.263","Activated","254","collectri","254","1.263250747289829334",NA,"5","Literature--ChIP-seq(rank=83); ReMap--ChIP-seq(rank=128); Enrichr--Queries(rank=489); ARCHS4--Coexpression(rank=1056); GTEx--Coexpression(rank=1442)","1002","0.348299999999999998","Enrichr Queries,0.3483"
"KLF9","1.260312454102829660","1.260312454102829660","0.207556669009147071180976240611926187","LD_HCT116=1.26","Activated","255","collectri","255","1.260312454102829660",NA,"4","ReMap--ChIP-seq(rank=14); Enrichr--Queries(rank=271); ARCHS4--Coexpression(rank=294); GTEx--Coexpression(rank=622)","179","0.047140000000000001","ReMap ChIP-seq,0.04714"
"MEF2A","1.258553672356121256","1.258553672356121256","0.208191589361408552205645605681638699","LD_HCT116=1.259","Activated","256","collectri","256","1.258553672356121256",NA,"6","Literature--ChIP-seq(rank=66); ENCODE--ChIP-seq(rank=116); ReMap--ChIP-seq(rank=280); ARCHS4--Coexpression(rank=549); GTEx--Coexpression(rank=688); Enrichr--Queries(rank=1152)","985","0.337200000000000000","ARCHS4 Coexpression,0.3372"
"ETS2","1.255384907474375922","1.255384907474375922","0.209339065509618144078629597970575560","LD_HCT116=1.255","Activated","257","collectri","257","1.255384907474375922",NA,"4","Literature--ChIP-seq(rank=86); Enrichr--Queries(rank=320); ARCHS4--Coexpression(rank=801); GTEx--Coexpression(rank=936)","761","0.227899999999999991","Enrichr Queries,0.2279"
"RFXAP","1.255222846161467176","1.255222846161467176","0.209397874190307697883639548308565281","LD_HCT116=1.255","Activated","258","collectri","258","1.255222846161467176",NA,"0","",NA,NA,NA
"GATA6","1.254974056023562934","1.254974056023562934","0.209488178240252315154279472153575625","LD_HCT116=1.255","Activated","259","collectri","259","1.254974056023562934",NA,"5","Literature--ChIP-seq(rank=34); ReMap--ChIP-seq(rank=158); Enrichr--Queries(rank=236); ARCHS4--Coexpression(rank=580); GTEx--Coexpression(rank=841)","610","0.168099999999999999","Enrichr Queries,0.1681"
"ETV6","1.254971913412928464","1.254971913412928464","0.209488956072077986414470274212362710","LD_HCT116=1.255","Activated","260","collectri","260","1.254971913412928464",NA,"4","ReMap--ChIP-seq(rank=234); ARCHS4--Coexpression(rank=389); Enrichr--Queries(rank=1007); GTEx--Coexpression(rank=1374)","784","0.238900000000000001","ARCHS4 Coexpression,0.2389"
"NUPR1","1.250713581670488850","1.250713581670488850","0.211038993498198407250399100121285301","LD_HCT116=1.251","Activated","261","collectri","261","1.250713581670488850",NA,"0","",NA,NA,NA
"PPARD","1.247002172213473870","1.247002172213473870","0.212396701088520101219359048627666198","LD_HCT116=1.247","Activated","262","collectri","262","1.247002172213473870",NA,"4","Literature--ChIP-seq(rank=15); GTEx--Coexpression(rank=63); Enrichr--Queries(rank=469); ARCHS4--Coexpression(rank=759)","153","0.039199999999999999","GTEx Coexpression,0.0392"
"LMO2","1.246727962599412542","1.246727962599412542","0.212497262161037286931630774233781267","LD_HCT116=1.247","Activated","263","collectri","263","1.246727962599412542",NA,"0","",NA,NA,NA
"NR3C2","1.241807474055890204","1.241807474055890204","0.214307604465677370431109238779754378","LD_HCT116=1.242","Activated","264","collectri","264","1.241807474055890204",NA,"3","GTEx--Coexpression(rank=899); Enrichr--Queries(rank=1026); ARCHS4--Coexpression(rank=1221)","1343","0.559400000000000008","GTEx Coexpression,0.5594"
"TBX18","1.238658675382561025","1.238658675382561025","0.215471928669820594892669873843260575","LD_HCT116=1.239","Activated","265","collectri","265","1.238658675382561025",NA,"3","ARCHS4--Coexpression(rank=60); Enrichr--Queries(rank=225); GTEx--Coexpression(rank=277)","142","0.036859999999999997","ARCHS4 Coexpression,0.03686"
"BCL3","1.226241975613312718","1.226241975613312718","0.220107629542246358012036466789140832","LD_HCT116=1.226","Activated","266","collectri","266","1.226241975613312718",NA,"0","",NA,NA,NA
"NAB2","1.221738811815880510","1.221738811815880510","0.221806414121780703929687206255039200","LD_HCT116=1.222","Activated","267","collectri","267","1.221738811815880510",NA,"0","",NA,NA,NA
"FOXP1","1.218878998562413107","1.218878998562413107","0.222890121834247167953435564413666725","LD_HCT116=1.219","Activated","268","collectri","268","1.218878998562413107",NA,"5","Literature--ChIP-seq(rank=12); ReMap--ChIP-seq(rank=159); GTEx--Coexpression(rank=542); ARCHS4--Coexpression(rank=746); Enrichr--Queries(rank=991)","293","0.073169999999999999","Literature ChIP-seq,0.07317"
"NR4A1","1.217984196244511930","1.217984196244511930","0.223229978414139246245539993651618715","LD_HCT116=1.218","Activated","269","collectri","269","1.217984196244511930",NA,"4","ARCHS4--Coexpression(rank=59); GTEx--Coexpression(rank=72); Enrichr--Queries(rank=105); ReMap--ChIP-seq(rank=260)","138","0.036240000000000001","ARCHS4 Coexpression,0.03624"
"SOX4","1.211869577070864068","-1.211869577070864068","0.225562309442428721162343663309002295","LD_HCT116=-1.212","Repressed","270","collectri","270","1.211869577070864068",NA,"3","Enrichr--Queries(rank=190); GTEx--Coexpression(rank=652); ARCHS4--Coexpression(rank=744)","509","0.135300000000000004","Enrichr Queries,0.1353"
"HIF1A","1.209913487916114860","1.209913487916114860","0.226312091069067133908276900911005214","LD_HCT116=1.21","Activated","271","collectri","271","1.209913487916114860",NA,"5","ReMap--ChIP-seq(rank=63); Literature--ChIP-seq(rank=74); Enrichr--Queries(rank=372); ARCHS4--Coexpression(rank=379); GTEx--Coexpression(rank=502)","715","0.212100000000000011","ReMap ChIP-seq,0.2121"
"MAML1","1.203824447957597688","1.203824447957597688","0.228657438213055508313686914334539324","LD_HCT116=1.204","Activated","272","collectri","272","1.203824447957597688",NA,"0","",NA,NA,NA
"LHX2","1.200107233088492764","1.200107233088492764","0.230097696782064708997950219782069325","LD_HCT116=1.2","Activated","273","collectri","273","1.200107233088492764",NA,"4","ReMap--ChIP-seq(rank=244); GTEx--Coexpression(rank=275); ARCHS4--Coexpression(rank=348); Enrichr--Queries(rank=402)","619","0.171100000000000002","GTEx Coexpression,0.1711"
"WWTR1","1.197018075118919445","1.197018075118919445","0.231299509667991759487293279562436510","LD_HCT116=1.197","Activated","274","collectri","274","1.197018075118919445",NA,"0","",NA,NA,NA
"NFIB","1.194249034978315249","1.194249034978315249","0.232380567165164392262610704165126663","LD_HCT116=1.194","Activated","275","collectri","275","1.194249034978315249",NA,"4","Literature--ChIP-seq(rank=104); GTEx--Coexpression(rank=295); ARCHS4--Coexpression(rank=824); Enrichr--Queries(rank=976)","644","0.183600000000000013","GTEx Coexpression,0.1836"
"IRF6","1.192119158940608825","1.192119158940608825","0.233214525665699501377758906528470106","LD_HCT116=1.192","Activated","276","collectri","276","1.192119158940608825",NA,"3","Enrichr--Queries(rank=193); ARCHS4--Coexpression(rank=227); GTEx--Coexpression(rank=254)","514","0.137500000000000011","Enrichr Queries,0.1375"
"IRF1","1.187578162018251948","1.187578162018251948","0.234999645704330267781401175852806773","LD_HCT116=1.188","Activated","277","collectri","277","1.187578162018251948",NA,"6","ENCODE--ChIP-seq(rank=42); ReMap--ChIP-seq(rank=75); Literature--ChIP-seq(rank=117); Enrichr--Queries(rank=548); GTEx--Coexpression(rank=549); ARCHS4--Coexpression(rank=785)","817","0.252500000000000002","ReMap ChIP-seq,0.2525"
"ETS1","1.184121965996243642","1.184121965996243642","0.236364786036851570738548389272182249","LD_HCT116=1.184","Activated","278","collectri","278","1.184121965996243642",NA,"6","ENCODE--ChIP-seq(rank=62); ReMap--ChIP-seq(rank=84); Literature--ChIP-seq(rank=160); Enrichr--Queries(rank=418); GTEx--Coexpression(rank=1059); ARCHS4--Coexpression(rank=1075)","882","0.282799999999999996","ReMap ChIP-seq,0.2828"
"TFCP2","1.178756428534965206","1.178756428534965206","0.238495178854083611508229978426243179","LD_HCT116=1.179","Activated","279","collectri","279","1.178756428534965206",NA,"3","ARCHS4--Coexpression(rank=197); Enrichr--Queries(rank=542); GTEx--Coexpression(rank=1421)","457","0.120999999999999996","ARCHS4 Coexpression,0.121"
"NCOA3","1.174470553986629362","-1.174470553986629362","0.240206599673706472364287378695735242","LD_HCT116=-1.174","Repressed","280","collectri","280","1.174470553986629362",NA,"4","ReMap--ChIP-seq(rank=213); GTEx--Coexpression(rank=251); ARCHS4--Coexpression(rank=498); Enrichr--Queries(rank=609)","572","0.156200000000000006","GTEx Coexpression,0.1562"
"TCF15","1.174435674192765289","1.174435674192765289","0.240220563166664680121442643212503754","LD_HCT116=1.174","Activated","281","collectri","281","1.174435674192765289",NA,"3","ARCHS4--Coexpression(rank=148); Enrichr--Queries(rank=384); GTEx--Coexpression(rank=843)","352","0.090910000000000005","ARCHS4 Coexpression,0.09091"
"MYBL1","1.167889575064535057","-1.167889575064535057","0.242851309764750583619630219800455961","LD_HCT116=-1.168","Repressed","282","collectri","282","1.167889575064535057",NA,"4","Enrichr--Queries(rank=9); Literature--ChIP-seq(rank=157); ARCHS4--Coexpression(rank=175); GTEx--Coexpression(rank=1368)","22","0.006410000000000000","Enrichr Queries,0.00641"
"FOXF2","1.161289735006218571","1.161289735006218571","0.245524092564619156320304682594724000","LD_HCT116=1.161","Activated","283","collectri","283","1.161289735006218571",NA,"3","Enrichr--Queries(rank=182); GTEx--Coexpression(rank=322); ARCHS4--Coexpression(rank=324)","490","0.129599999999999993","Enrichr Queries,0.1296"
"BHLHE40","1.161221152203342433","1.161221152203342433","0.245551974900370756360601376400154550","LD_HCT116=1.161","Activated","284","collectri","284","1.161221152203342433",NA,"4","ENCODE--ChIP-seq(rank=31); ReMap--ChIP-seq(rank=43); GTEx--Coexpression(rank=79); ARCHS4--Coexpression(rank=254)","189","0.049160000000000002","GTEx Coexpression,0.04916"
"PML","1.156455131220580634","1.156455131220580634","0.247495042252566799234614336455706507","LD_HCT116=1.156","Activated","285","collectri","285","1.156455131220580634",NA,"0","",NA,NA,NA
"FOSL1","1.156174609142347487","1.156174609142347487","0.247609743286817535201649320697470102","LD_HCT116=1.156","Activated","286","collectri","286","1.156174609142347487",NA,"5","ENCODE--ChIP-seq(rank=17); Enrichr--Queries(rank=90); ReMap--ChIP-seq(rank=117); ARCHS4--Coexpression(rank=159); GTEx--Coexpression(rank=452)","255","0.064100000000000004","Enrichr Queries,0.0641"
"NFATC4","1.153735623806189992","1.153735623806189992","0.248608574147360567030418110334721860","LD_HCT116=1.154","Activated","287","collectri","287","1.153735623806189992",NA,"3","Enrichr--Queries(rank=132); ARCHS4--Coexpression(rank=143); GTEx--Coexpression(rank=356)","341","0.087840000000000001","ARCHS4 Coexpression,0.08784"
"E2F7","1.144877160280495687","-1.144877160280495687","0.252260046380520464026631088927388191","LD_HCT116=-1.145","Repressed","288","collectri","288","1.144877160280495687",NA,"5","ARCHS4--Coexpression(rank=2); Enrichr--Queries(rank=3); Literature--ChIP-seq(rank=3); GTEx--Coexpression(rank=8); ReMap--ChIP-seq(rank=61)","3","0.001229000000000000","ARCHS4 Coexpression,0.001229"
"HOXD3","1.134944966835182756","1.134944966835182756","0.256398377544106215175645502313273028","LD_HCT116=1.135","Activated","289","collectri","289","1.134944966835182756",NA,"3","ARCHS4--Coexpression(rank=269); GTEx--Coexpression(rank=389); Enrichr--Queries(rank=1081)","604","0.165200000000000014","ARCHS4 Coexpression,0.1652"
"PPARA","1.130742806545762535","1.130742806545762535","0.258163358618655247589401824370725080","LD_HCT116=1.131","Activated","290","collectri","290","1.130742806545762535",NA,"3","Enrichr--Queries(rank=675); ARCHS4--Coexpression(rank=754); GTEx--Coexpression(rank=1349)","1202","0.463100000000000012","ARCHS4 Coexpression,0.4631"
"ZEB1","1.115769196054163137","1.115769196054163137","0.264520942555613702840133782956399955","LD_HCT116=1.116","Activated","291","collectri","291","1.115769196054163137",NA,"5","ReMap--ChIP-seq(rank=51); ENCODE--ChIP-seq(rank=60); GTEx--Coexpression(rank=427); Enrichr--Queries(rank=519); ARCHS4--Coexpression(rank=1090)","621","0.171699999999999992","ReMap ChIP-seq,0.1717"
"RFX5","1.114675463457315718","1.114675463457315718","0.264989519237312343147294768641586415","LD_HCT116=1.115","Activated","292","collectri","292","1.114675463457315718",NA,"5","ENCODE--ChIP-seq(rank=54); ReMap--ChIP-seq(rank=133); Enrichr--Queries(rank=392); GTEx--Coexpression(rank=556); ARCHS4--Coexpression(rank=720)","873","0.279200000000000004","Enrichr Queries,0.2792"
"GRHL2","1.109346859746233260","1.109346859746233260","0.267280577310215927688830106490058824","LD_HCT116=1.109","Activated","293","collectri","293","1.109346859746233260",NA,"5","ReMap--ChIP-seq(rank=34); Literature--ChIP-seq(rank=114); GTEx--Coexpression(rank=136); Enrichr--Queries(rank=141); ARCHS4--Coexpression(rank=222)","327","0.084629999999999997","GTEx Coexpression,0.08463"
"MEIS2","1.107944977983041701","1.107944977983041701","0.267885579156091513386428459853050299","LD_HCT116=1.108","Activated","294","collectri","294","1.107944977983041701",NA,"4","ReMap--ChIP-seq(rank=216); Enrichr--Queries(rank=676); GTEx--Coexpression(rank=750); ARCHS4--Coexpression(rank=1077)","1210","0.466700000000000004","GTEx Coexpression,0.4667"
"ZBTB17","1.101581155390875200","1.101581155390875200","0.270643804650039399017913410716573708","LD_HCT116=1.102","Activated","295","collectri","295","1.101581155390875200",NA,"3","ARCHS4--Coexpression(rank=595); Enrichr--Queries(rank=891); GTEx--Coexpression(rank=1332)","1039","0.365499999999999992","ARCHS4 Coexpression,0.3655"
"BCL6","1.096185285254308583","1.096185285254308583","0.272997697770951508466907853289740160","LD_HCT116=1.096","Activated","296","collectri","296","1.096185285254308583",NA,"5","ReMap--ChIP-seq(rank=120); Literature--ChIP-seq(rank=136); Enrichr--Queries(rank=325); ARCHS4--Coexpression(rank=585); GTEx--Coexpression(rank=1121)","766","0.231500000000000011","Enrichr Queries,0.2315"
"KLF1","1.091715012606639723","-1.091715012606639723","0.274958384431207847331535276680369861","LD_HCT116=-1.092","Repressed","297","collectri","297","1.091715012606639723",NA,"5","Literature--ChIP-seq(rank=49); ReMap--ChIP-seq(rank=107); Enrichr--Queries(rank=342); ARCHS4--Coexpression(rank=363); GTEx--Coexpression(rank=1544)","748","0.223000000000000004","ARCHS4 Coexpression,0.223"
"APEX1","1.087661239634001298","-1.087661239634001298","0.276744684920189054633254954751464538","LD_HCT116=-1.088","Repressed","298","collectri","298","1.087661239634001298",NA,"0","",NA,NA,NA
"ID1","1.084013490379233557","1.084013490379233557","0.278358817467331820516562856937525794","LD_HCT116=1.084","Activated","299","collectri","299","1.084013490379233557",NA,"0","",NA,NA,NA
"SOX6","1.081915906058710464","1.081915906058710464","0.279289896392465375463132204458815977","LD_HCT116=1.082","Activated","300","collectri","300","1.081915906058710464",NA,"4","ReMap--ChIP-seq(rank=227); Enrichr--Queries(rank=817); GTEx--Coexpression(rank=859); ARCHS4--Coexpression(rank=1294)","1305","0.534499999999999975","GTEx Coexpression,0.5345"
"GFI1","1.081064092763303730","1.081064092763303730","0.279668604486935534758629273710539564","LD_HCT116=1.081","Activated","301","collectri","301","1.081064092763303730",NA,"3","ARCHS4--Coexpression(rank=698); Enrichr--Queries(rank=1017); GTEx--Coexpression(rank=1551)","1149","0.428700000000000025","ARCHS4 Coexpression,0.4287"
"FOXO4","1.080944275766368756","-1.080944275766368756","0.279721901973701947419215230183908716","LD_HCT116=-1.081","Repressed","302","collectri","302","1.080944275766368756",NA,"3","Enrichr--Queries(rank=568); ARCHS4--Coexpression(rank=888); GTEx--Coexpression(rank=1159)","1100","0.404600000000000015","Enrichr Queries,0.4046"
"E2F3","1.078679346634428882","-1.078679346634428882","0.280730695793289186656949141251971014","LD_HCT116=-1.079","Repressed","303","collectri","303","1.078679346634428882",NA,"3","ARCHS4--Coexpression(rank=26); Enrichr--Queries(rank=27); GTEx--Coexpression(rank=1365)","62","0.015970000000000002","ARCHS4 Coexpression,0.01597"
"FLI1","1.078115518263813355","1.078115518263813355","0.280982207122760840878328281178255565","LD_HCT116=1.078","Activated","304","collectri","304","1.078115518263813355",NA,"6","ENCODE--ChIP-seq(rank=21); ReMap--ChIP-seq(rank=29); Literature--ChIP-seq(rank=95); GTEx--Coexpression(rank=1192); Enrichr--Queries(rank=1211); ARCHS4--Coexpression(rank=1222)","376","0.097640000000000005","ReMap ChIP-seq,0.09764"
"SMARCA1","1.077793645598673411","-1.077793645598673411","0.281125855950543068750846487091621384","LD_HCT116=-1.078","Repressed","305","collectri","305","1.077793645598673411",NA,"0","",NA,NA,NA
"DNMT1","1.075193050583056031","1.075193050583056031","0.282288306127324917227383593854028732","LD_HCT116=1.075","Activated","306","collectri","306","1.075193050583056031",NA,"2","GTEx--Coexpression(rank=9); ARCHS4--Coexpression(rank=286)","19","0.005600000000000000","GTEx Coexpression,0.0056"
"FOXC2","1.074465854386197350","1.074465854386197350","0.282613940692801268728118202488985844","LD_HCT116=1.074","Activated","307","collectri","307","1.074465854386197350",NA,"3","ARCHS4--Coexpression(rank=38); Enrichr--Queries(rank=101); GTEx--Coexpression(rank=274)","89","0.023340000000000000","ARCHS4 Coexpression,0.02334"
"RXRA","1.073964707576676281","1.073964707576676281","0.282838499698699008533253618224989623","LD_HCT116=1.074","Activated","308","collectri","308","1.073964707576676281",NA,"6","ENCODE--ChIP-seq(rank=76); ReMap--ChIP-seq(rank=78); Literature--ChIP-seq(rank=128); Enrichr--Queries(rank=338); ARCHS4--Coexpression(rank=456); GTEx--Coexpression(rank=1063)","789","0.240699999999999997","Enrichr Queries,0.2407"
"EBF1","1.073698781629085497","1.073698781629085497","0.282957707621330545322280158870853484","LD_HCT116=1.074","Activated","309","collectri","309","1.073698781629085497",NA,"5","ENCODE--ChIP-seq(rank=91); ReMap--ChIP-seq(rank=191); ARCHS4--Coexpression(rank=221); GTEx--Coexpression(rank=331); Enrichr--Queries(rank=455)","510","0.135699999999999987","ARCHS4 Coexpression,0.1357"
"NRG1","1.067711893357014885","1.067711893357014885","0.285650491873076950444243493620888330","LD_HCT116=1.068","Activated","310","collectri","310","1.067711893357014885",NA,"0","",NA,NA,NA
"ELF3","1.065940886752993366","-1.065940886752993366","0.286450364708171645311551856138976291","LD_HCT116=-1.066","Repressed","311","collectri","311","1.065940886752993366",NA,"4","ReMap--ChIP-seq(rank=77); Enrichr--Queries(rank=114); GTEx--Coexpression(rank=117); ARCHS4--Coexpression(rank=224)","291","0.072810000000000000","GTEx Coexpression,0.07281"
"RARB","1.065832603941813339","1.065832603941813339","0.286499319526461071472311914476449601","LD_HCT116=1.066","Activated","312","collectri","312","1.065832603941813339",NA,"4","Literature--ChIP-seq(rank=79); GTEx--Coexpression(rank=337); Enrichr--Queries(rank=496); ARCHS4--Coexpression(rank=817)","709","0.209699999999999998","GTEx Coexpression,0.2097"
"DLX2","1.062716773333049369","1.062716773333049369","0.287910411930927367940569183701882139","LD_HCT116=1.063","Activated","313","collectri","313","1.062716773333049369",NA,"3","Enrichr--Queries(rank=294); GTEx--Coexpression(rank=318); ARCHS4--Coexpression(rank=816)","680","0.197899999999999993","GTEx Coexpression,0.1979"
"BARX2","1.053177785733562244","1.053177785733562244","0.292259517616834829656369265649118461","LD_HCT116=1.053","Activated","314","collectri","314","1.053177785733562244",NA,"3","GTEx--Coexpression(rank=101); Enrichr--Queries(rank=296); ARCHS4--Coexpression(rank=463)","249","0.062850000000000003","GTEx Coexpression,0.06285"
"MAFG","1.049324181081580765","-1.049324181081580765","0.294028940397636440184925277208094485","LD_HCT116=-1.049","Repressed","315","collectri","315","1.049324181081580765",NA,"4","ReMap--ChIP-seq(rank=275); Enrichr--Queries(rank=414); GTEx--Coexpression(rank=896); ARCHS4--Coexpression(rank=1169)","908","0.294899999999999995","Enrichr Queries,0.2949"
"ZBTB16","1.048043739626378201","1.048043739626378201","0.294618455190835459855946965035400353","LD_HCT116=1.048","Activated","316","collectri","316","1.048043739626378201",NA,"4","ReMap--ChIP-seq(rank=220); ARCHS4--Coexpression(rank=357); Enrichr--Queries(rank=608); GTEx--Coexpression(rank=969)","735","0.219299999999999995","ARCHS4 Coexpression,0.2193"
"NR5A1","1.046636397880602143","1.046636397880602143","0.295267308044264098487730052511324175","LD_HCT116=1.047","Activated","317","collectri","317","1.046636397880602143",NA,"3","GTEx--Coexpression(rank=107); ARCHS4--Coexpression(rank=344); Enrichr--Queries(rank=557)","265","0.066580000000000000","GTEx Coexpression,0.06658"
"TGIF1","1.043966987954347392","1.043966987954347392","0.296500663301353162282225639501120895","LD_HCT116=1.044","Activated","318","collectri","318","1.043966987954347392",NA,"3","GTEx--Coexpression(rank=208); Enrichr--Queries(rank=245); ARCHS4--Coexpression(rank=377)","488","0.129399999999999987","GTEx Coexpression,0.1294"
"TLX1","1.040833499600084755","1.040833499600084755","0.297952829574189226313762901554582641","LD_HCT116=1.041","Activated","319","collectri","319","1.040833499600084755",NA,"3","ARCHS4--Coexpression(rank=395); GTEx--Coexpression(rank=916); Enrichr--Queries(rank=1124)","795","0.242600000000000010","ARCHS4 Coexpression,0.2426"
"ISL1","1.032536681188166439","1.032536681188166439","0.301820773152809362915860447174054570","LD_HCT116=1.033","Activated","320","collectri","320","1.032536681188166439",NA,"3","GTEx--Coexpression(rank=438); Enrichr--Queries(rank=560); ARCHS4--Coexpression(rank=709)","859","0.272600000000000009","GTEx Coexpression,0.2726"
"KLF10","1.030696725528827740","1.030696725528827740","0.302683060786878510572961431535077281","LD_HCT116=1.031","Activated","321","collectri","321","1.030696725528827740",NA,"3","Enrichr--Queries(rank=117); ARCHS4--Coexpression(rank=484); GTEx--Coexpression(rank=559)","324","0.083330000000000001","Enrichr Queries,0.08333"
"XBP1","1.027484608343924188","1.027484608343924188","0.304192329369690150908667192197754048","LD_HCT116=1.027","Activated","322","collectri","322","1.027484608343924188",NA,"4","ReMap--ChIP-seq(rank=242); ARCHS4--Coexpression(rank=325); Enrichr--Queries(rank=385); GTEx--Coexpression(rank=1106)","686","0.199600000000000000","ARCHS4 Coexpression,0.1996"
"MEIS1","1.019811242138440655","1.019811242138440655","0.307817990403710550761928743668249808","LD_HCT116=1.02","Activated","323","collectri","323","1.019811242138440655",NA,"5","Literature--ChIP-seq(rank=126); ReMap--ChIP-seq(rank=294); GTEx--Coexpression(rank=314); Enrichr--Queries(rank=778); ARCHS4--Coexpression(rank=1129)","674","0.195399999999999990","GTEx Coexpression,0.1954"
"ETV5","1.014574629276524753","-1.014574629276524753","0.310308638214668253141326204058714211","LD_HCT116=-1.015","Repressed","324","collectri","324","1.014574629276524753",NA,"3","GTEx--Coexpression(rank=171); Enrichr--Queries(rank=211); ARCHS4--Coexpression(rank=570)","407","0.106399999999999995","GTEx Coexpression,0.1064"
"SIRT1","1.012139523473461145","1.012139523473461145","0.311471347157875111388847244597855024","LD_HCT116=1.012","Activated","325","collectri","325","1.012139523473461145",NA,"0","",NA,NA,NA
"DMAP1","1.011695414904307144","-1.011695414904307144","0.311683708490496536036573616001987830","LD_HCT116=-1.012","Repressed","326","collectri","326","1.011695414904307144",NA,"0","",NA,NA,NA
"PPARGC1A","1.011690439662028762","-1.011690439662028762","0.311686088064368871375364733466994949","LD_HCT116=-1.012","Repressed","327","collectri","327","1.011690439662028762",NA,"0","",NA,NA,NA
"MYT1","1.005885882757705518","-1.005885882757705518","0.314470467924760632705272200837498531","LD_HCT116=-1.006","Repressed","328","collectri","328","1.005885882757705518",NA,"3","ARCHS4--Coexpression(rank=349); Enrichr--Queries(rank=699); GTEx--Coexpression(rank=702)","722","0.214400000000000007","ARCHS4 Coexpression,0.2144"
"BATF","1.002937999356511289","1.002937999356511289","0.315890776846679210976276408473495394","LD_HCT116=1.003","Activated","329","collectri","329","1.002937999356511289",NA,"5","ENCODE--ChIP-seq(rank=118); ReMap--ChIP-seq(rank=287); ARCHS4--Coexpression(rank=782); Enrichr--Queries(rank=946); GTEx--Coexpression(rank=1237)","1232","0.480300000000000005","ARCHS4 Coexpression,0.4803"
"FOXP3","1.000300261987543626","1.000300261987543626","0.317165220456988750097337970146327280","LD_HCT116=1","Activated","330","collectri","330","1.000300261987543626",NA,"4","Literature--ChIP-seq(rank=91); ARCHS4--Coexpression(rank=609); Enrichr--Queries(rank=949); GTEx--Coexpression(rank=1458)","1051","0.374099999999999988","ARCHS4 Coexpression,0.3741"
"NR5A2","0.996089088699347758","0.996089088699347758","0.319206860932577829448320017036166973","LD_HCT116=0.9961","Activated","331","collectri","331","0.996089088699347758",NA,"4","ReMap--ChIP-seq(rank=172); Enrichr--Queries(rank=180); ARCHS4--Coexpression(rank=1026); GTEx--Coexpression(rank=1129)","484","0.128200000000000008","Enrichr Queries,0.1282"
"TEF","0.995310223741304845","0.995310223741304845","0.319585406866129240199825289892032743","LD_HCT116=0.9953","Activated","332","collectri","332","0.995310223741304845",NA,"3","ARCHS4--Coexpression(rank=52); GTEx--Coexpression(rank=259); Enrichr--Queries(rank=411)","122","0.031940000000000003","ARCHS4 Coexpression,0.03194"
"PATZ1","0.993048620617519751","0.993048620617519751","0.320686260810576828639284485689131543","LD_HCT116=0.993","Activated","333","collectri","333","0.993048620617519751",NA,"3","GTEx--Coexpression(rank=105); ARCHS4--Coexpression(rank=520); Enrichr--Queries(rank=522)","260","0.065339999999999995","GTEx Coexpression,0.06534"
"TFAP2C","0.990344014729555688","0.990344014729555688","0.322005999894207584066663230260019191","LD_HCT116=0.9903","Activated","334","collectri","334","0.990344014729555688",NA,"6","Literature--ChIP-seq(rank=13); ReMap--ChIP-seq(rank=16); ENCODE--ChIP-seq(rank=57); Enrichr--Queries(rank=100); GTEx--Coexpression(rank=363); ARCHS4--Coexpression(rank=768)","209","0.053870000000000001","ReMap ChIP-seq,0.05387"
"HR","0.984134224588987694","0.984134224588987694","0.325049521197410040684872001293115318","LD_HCT116=0.9841","Activated","335","collectri","335","0.984134224588987694",NA,"0","",NA,NA,NA
"ZIC1","0.984041313962016662","0.984041313962016662","0.325095199906692444713485201646108180","LD_HCT116=0.984","Activated","336","collectri","336","0.984041313962016662",NA,"3","ARCHS4--Coexpression(rank=205); GTEx--Coexpression(rank=616); Enrichr--Queries(rank=903)","476","0.125900000000000012","ARCHS4 Coexpression,0.1259"
"YBX1","0.982584976775443764","-0.982584976775443764","0.325811741330449433640126244426937774","LD_HCT116=-0.9826","Repressed","337","collectri","337","0.982584976775443764",NA,"3","ARCHS4--Coexpression(rank=475); Enrichr--Queries(rank=875); GTEx--Coexpression(rank=1515)","901","0.291800000000000004","ARCHS4 Coexpression,0.2918"
"KAT5","0.973634725781200028","-0.973634725781200028","0.330237937833939287912699001026339829","LD_HCT116=-0.9736","Repressed","338","collectri","338","0.973634725781200028",NA,"0","",NA,NA,NA
"HOXA13","0.972219805554638050","0.972219805554638050","0.330941209561106175485178937378805131","LD_HCT116=0.9722","Activated","339","collectri","339","0.972219805554638050",NA,"3","GTEx--Coexpression(rank=451); Enrichr--Queries(rank=497); ARCHS4--Coexpression(rank=571)","877","0.280600000000000016","GTEx Coexpression,0.2806"
"VSX2","0.968752207609030913","0.968752207609030913","0.332668837256805738356035817560041323","LD_HCT116=0.9688","Activated","340","collectri","340","0.968752207609030913",NA,"3","GTEx--Coexpression(rank=650); Enrichr--Queries(rank=1018); ARCHS4--Coexpression(rank=1230)","1099","0.404500000000000026","GTEx Coexpression,0.4045"
"ASCL1","0.968426700421188502","0.968426700421188502","0.332831310027981941424002343410393223","LD_HCT116=0.9684","Activated","341","collectri","341","0.968426700421188502",NA,"4","ReMap--ChIP-seq(rank=22); GTEx--Coexpression(rank=133); ARCHS4--Coexpression(rank=1087); Enrichr--Queries(rank=1130)","297","0.074069999999999997","ReMap ChIP-seq,0.07407"
"ZHX2","0.966763489831229839","-0.966763489831229839","0.333662279958655549894075420525041409","LD_HCT116=-0.9668","Repressed","342","collectri","342","0.966763489831229839",NA,"4","ReMap--ChIP-seq(rank=26); ARCHS4--Coexpression(rank=531); Enrichr--Queries(rank=541); GTEx--Coexpression(rank=611)","338","0.087540000000000007","ReMap ChIP-seq,0.08754"
"PREB","0.965527013478682861","0.965527013478682861","0.334280912387438011723617137249675579","LD_HCT116=0.9655","Activated","343","collectri","343","0.965527013478682861",NA,"3","Enrichr--Queries(rank=646); GTEx--Coexpression(rank=725); ARCHS4--Coexpression(rank=1317)","1181","0.451199999999999990","GTEx Coexpression,0.4512"
"FOXA2","0.955682667066420577","0.955682667066420577","0.339232582063432153152149339803145267","LD_HCT116=0.9557","Activated","344","collectri","344","0.955682667066420577",NA,"6","Literature--ChIP-seq(rank=41); ENCODE--ChIP-seq(rank=52); ReMap--ChIP-seq(rank=166); Enrichr--Queries(rank=197); ARCHS4--Coexpression(rank=427); GTEx--Coexpression(rank=527)","521","0.140300000000000008","Enrichr Queries,0.1403"
"RFX1","0.953781625469923178","0.953781625469923178","0.340194192216363322511796241087722592","LD_HCT116=0.9538","Activated","345","collectri","345","0.953781625469923178",NA,"4","ReMap--ChIP-seq(rank=143); Enrichr--Queries(rank=822); ARCHS4--Coexpression(rank=839); GTEx--Coexpression(rank=1071)","1234","0.481499999999999984","ReMap ChIP-seq,0.4815"
"BRCA1","0.952720073316821292","-0.952720073316821292","0.340731920005292510111871706612873822","LD_HCT116=-0.9527","Repressed","346","collectri","346","0.952720073316821292",NA,"0","",NA,NA,NA
"NFKB1","0.951017142344594668","0.951017142344594668","0.341595673878729799710640691046137363","LD_HCT116=0.951","Activated","347","collectri","347","0.951017142344594668",NA,"4","ReMap--ChIP-seq(rank=149); GTEx--Coexpression(rank=210); Enrichr--Queries(rank=483); ARCHS4--Coexpression(rank=657)","492","0.130700000000000011","GTEx Coexpression,0.1307"
"YBX3","0.946605686703088534","0.946605686703088534","0.343839745106828575949009518808452412","LD_HCT116=0.9466","Activated","348","collectri","348","0.946605686703088534",NA,"2","ARCHS4--Coexpression(rank=693); GTEx--Coexpression(rank=865)","1145","0.425700000000000023","ARCHS4 Coexpression,0.4257"
"ETV4","0.941931247271192040","0.941931247271192040","0.346227840944528686417669405273045413","LD_HCT116=0.9419","Activated","349","collectri","349","0.941931247271192040",NA,"4","Enrichr--Queries(rank=34); ReMap--ChIP-seq(rank=41); GTEx--Coexpression(rank=47); ARCHS4--Coexpression(rank=307)","93","0.024219999999999998","Enrichr Queries,0.02422"
"MYRF","0.941446104227870117","0.941446104227870117","0.346476296417772888780461926216958091","LD_HCT116=0.9414","Activated","350","collectri","350","0.941446104227870117",NA,"2","ARCHS4--Coexpression(rank=144); GTEx--Coexpression(rank=571)","344","0.088450000000000001","ARCHS4 Coexpression,0.08845"
"NR1H2","0.941335020001884515","0.941335020001884515","0.346533201761911491267653673276072368","LD_HCT116=0.9413","Activated","351","collectri","351","0.941335020001884515",NA,"4","ReMap--ChIP-seq(rank=23); ARCHS4--Coexpression(rank=607); Enrichr--Queries(rank=695); GTEx--Coexpression(rank=777)","307","0.077439999999999995","ReMap ChIP-seq,0.07744"
"NRF1","0.935367105611797256","-0.935367105611797256","0.349599143045536298046727097244001925","LD_HCT116=-0.9354","Repressed","352","collectri","352","0.935367105611797256",NA,"5","ReMap--ChIP-seq(rank=67); ENCODE--ChIP-seq(rank=94); Enrichr--Queries(rank=309); ARCHS4--Coexpression(rank=1009); GTEx--Coexpression(rank=1394)","740","0.220099999999999990","Enrichr Queries,0.2201"
"ZNF350","0.922466894231397272","0.922466894231397272","0.356285090958694539153839286882430315","LD_HCT116=0.9225","Activated","353","collectri","353","0.922466894231397272",NA,"3","Enrichr--Queries(rank=500); GTEx--Coexpression(rank=928); ARCHS4--Coexpression(rank=1425)","1019","0.356100000000000028","Enrichr Queries,0.3561"
"SATB2","0.921872992553979476","0.921872992553979476","0.356594828011981002102714910506620072","LD_HCT116=0.9219","Activated","354","collectri","354","0.921872992553979476",NA,"3","Enrichr--Queries(rank=656); GTEx--Coexpression(rank=823); ARCHS4--Coexpression(rank=1011)","1212","0.467200000000000004","Enrichr Queries,0.4672"
"ZNF335","0.919146528113497840","0.919146528113497840","0.358018935343987820818512091136653908","LD_HCT116=0.9191","Activated","355","collectri","355","0.919146528113497840",NA,"4","ReMap--ChIP-seq(rank=297); ARCHS4--Coexpression(rank=546); GTEx--Coexpression(rank=951); Enrichr--Queries(rank=1159)","981","0.335399999999999920","ARCHS4 Coexpression,0.3354"
"SF1","0.918798705320058140","0.918798705320058140","0.358200869792149156900507023237878457","LD_HCT116=0.9188","Activated","356","collectri","356","0.918798705320058140",NA,"0","",NA,NA,NA
"TBX15","0.914531154617148512","0.914531154617148512","0.360437815217877322027106856694445014","LD_HCT116=0.9145","Activated","357","collectri","357","0.914531154617148512",NA,"3","Enrichr--Queries(rank=310); ARCHS4--Coexpression(rank=511); GTEx--Coexpression(rank=592)","743","0.220799999999999996","Enrichr Queries,0.2208"
"ZGLP1","0.908729703958856438","0.908729703958856438","0.363492820710176300913474278786452487","LD_HCT116=0.9087","Activated","358","collectri","358","0.908729703958856438",NA,"2","GTEx--Coexpression(rank=143); ARCHS4--Coexpression(rank=1107)","345","0.088990000000000000","GTEx Coexpression,0.08899"
"POU5F1","0.908218510989742045","-0.908218510989742045","0.363762785945529576459023246570723131","LD_HCT116=-0.9082","Repressed","359","collectri","359","0.908218510989742045",NA,"5","Literature--ChIP-seq(rank=14); ReMap--ChIP-seq(rank=95); Enrichr--Queries(rank=128); ARCHS4--Coexpression(rank=147); GTEx--Coexpression(rank=446)","331","0.085370000000000001","Literature ChIP-seq,0.08537"
"KDM2A","0.906057516278763297","0.906057516278763297","0.364905410154887255291811243296251632","LD_HCT116=0.9061","Activated","360","collectri","360","0.906057516278763297",NA,"2","GTEx--Coexpression(rank=994); ARCHS4--Coexpression(rank=1005)","1421","0.617299999999999960","ARCHS4 Coexpression,0.6173"
"ZMYND8","0.903985415644600221","0.903985415644600221","0.366003134851415445893962896661832929","LD_HCT116=0.904","Activated","361","collectri","361","0.903985415644600221",NA,"0","",NA,NA,NA
"CDX1","0.899491513684332000","0.899491513684332000","0.368390914026752669396813644198118709","LD_HCT116=0.8995","Activated","362","collectri","362","0.899491513684332000",NA,"3","Enrichr--Queries(rank=574); ARCHS4--Coexpression(rank=919); GTEx--Coexpression(rank=1131)","1107","0.408799999999999997","Enrichr Queries,0.4088"
"EOMES","0.889156131426917851","0.889156131426917851","0.373919175503100997826066986817750148","LD_HCT116=0.8892","Activated","363","collectri","363","0.889156131426917851",NA,"5","Literature--ChIP-seq(rank=77); ReMap--ChIP-seq(rank=273); ARCHS4--Coexpression(rank=589); Enrichr--Queries(rank=730); GTEx--Coexpression(rank=1451)","1031","0.361800000000000010","ARCHS4 Coexpression,0.3618"
"TFAM","0.887604688889398252","-0.887604688889398252","0.374753430574092216698289803389343433","LD_HCT116=-0.8876","Repressed","364","collectri","364","0.887604688889398252",NA,"0","",NA,NA,NA
"POU1F1","0.883480969904840152","0.883480969904840152","0.376976459985619793968680824036709964","LD_HCT116=0.8835","Activated","365","collectri","365","0.883480969904840152",NA,"3","GTEx--Coexpression(rank=351); Enrichr--Queries(rank=854); ARCHS4--Coexpression(rank=1430)","732","0.218400000000000011","GTEx Coexpression,0.2184"
"ERG","0.882772403647957726","0.882772403647957726","0.377359253547975781462042732528061606","LD_HCT116=0.8828","Activated","366","collectri","366","0.882772403647957726",NA,"5","ReMap--ChIP-seq(rank=69); Literature--ChIP-seq(rank=71); GTEx--Coexpression(rank=179); ARCHS4--Coexpression(rank=206); Enrichr--Queries(rank=650)","426","0.111400000000000013","GTEx Coexpression,0.1114"
"ATOH1","0.882601201850866990","0.882601201850866990","0.377451778985954611300712713273242116","LD_HCT116=0.8826","Activated","367","collectri","367","0.882601201850866990",NA,"3","ARCHS4--Coexpression(rank=320); Enrichr--Queries(rank=842); GTEx--Coexpression(rank=1084)","677","0.196599999999999997","ARCHS4 Coexpression,0.1966"
"SMAD6","0.876097863373144659","0.876097863373144659","0.380976834217032711560335656031384133","LD_HCT116=0.8761","Activated","368","collectri","368","0.876097863373144659",NA,"0","",NA,NA,NA
"GCM1","0.867575988276723886","0.867575988276723886","0.385626496116578065809221698145847768","LD_HCT116=0.8676","Activated","369","collectri","369","0.867575988276723886",NA,"3","Enrichr--Queries(rank=551); ARCHS4--Coexpression(rank=562); GTEx--Coexpression(rank=1105)","997","0.345200000000000007","ARCHS4 Coexpression,0.3452"
"CEBPG","0.867109535843431090","0.867109535843431090","0.385881996257622039703250038655824028","LD_HCT116=0.8671","Activated","370","collectri","370","0.867109535843431090",NA,"4","ReMap--ChIP-seq(rank=180); Enrichr--Queries(rank=201); ARCHS4--Coexpression(rank=663); GTEx--Coexpression(rank=1375)","530","0.143199999999999994","Enrichr Queries,0.1432"
"SOX5","0.856911050387639595","0.856911050387639595","0.391494045213742425382008605083683506","LD_HCT116=0.8569","Activated","371","collectri","371","0.856911050387639595",NA,"3","Enrichr--Queries(rank=735); ARCHS4--Coexpression(rank=892); GTEx--Coexpression(rank=1461)","1284","0.523499999999999965","Enrichr Queries,0.5235"
"PAWR","0.855603941447005356","0.855603941447005356","0.392216889075883146098533416079590097","LD_HCT116=0.8556","Activated","372","collectri","372","0.855603941447005356",NA,"0","",NA,NA,NA
"EMX2","0.847316111030624097","-0.847316111030624097","0.396818948922822545277711014932719991","LD_HCT116=-0.8473","Repressed","373","collectri","373","0.847316111030624097",NA,"3","GTEx--Coexpression(rank=587); ARCHS4--Coexpression(rank=628); Enrichr--Queries(rank=1043)","1038","0.365300000000000014","GTEx Coexpression,0.3653"
"GLI3","0.840312913266932249","0.840312913266932249","0.400732962984132079498067469103261828","LD_HCT116=0.8403","Activated","374","collectri","374","0.840312913266932249",NA,"3","GTEx--Coexpression(rank=241); ARCHS4--Coexpression(rank=289); Enrichr--Queries(rank=440)","554","0.149999999999999994","GTEx Coexpression,0.15"
"HOXA9","0.839297846937610004","-0.839297846937610004","0.401302191142406283752563922462286428","LD_HCT116=-0.8393","Repressed","375","collectri","375","0.839297846937610004",NA,"4","ARCHS4--Coexpression(rank=264); ReMap--ChIP-seq(rank=268); Enrichr--Queries(rank=501); GTEx--Coexpression(rank=1035)","590","0.162200000000000011","ARCHS4 Coexpression,0.1622"
"NR1D1","0.836279358457633237","0.836279358457633237","0.402997762665135927928616865756339394","LD_HCT116=0.8363","Activated","376","collectri","376","0.836279358457633237",NA,"3","ARCHS4--Coexpression(rank=71); Enrichr--Queries(rank=259); GTEx--Coexpression(rank=820)","168","0.043610000000000003","ARCHS4 Coexpression,0.04361"
"ELF1","0.833777870177814906","0.833777870177814906","0.404406167923317627632684434502152726","LD_HCT116=0.8338","Activated","377","collectri","377","0.833777870177814906",NA,"5","ENCODE--ChIP-seq(rank=55); ReMap--ChIP-seq(rank=64); Literature--ChIP-seq(rank=143); GTEx--Coexpression(rank=1229); ARCHS4--Coexpression(rank=1322)","725","0.215499999999999997","ReMap ChIP-seq,0.2155"
"ZNF436","0.832483740790857962","0.832483740790857962","0.405135951935374272192547095983172767","LD_HCT116=0.8325","Activated","378","collectri","378","0.832483740790857962",NA,"3","GTEx--Coexpression(rank=249); Enrichr--Queries(rank=458); ARCHS4--Coexpression(rank=1047)","569","0.154900000000000010","GTEx Coexpression,0.1549"
"NR3C1","0.830783956417927794","0.830783956417927794","0.406095687567854746191642334451898932","LD_HCT116=0.8308","Activated","379","collectri","379","0.830783956417927794",NA,"6","ENCODE--ChIP-seq(rank=18); ReMap--ChIP-seq(rank=86); Literature--ChIP-seq(rank=111); ARCHS4--Coexpression(rank=700); Enrichr--Queries(rank=719); GTEx--Coexpression(rank=1065)","562","0.152499999999999997","ENCODE ChIP-seq,0.1525"
"DDIT3","0.827990769768546575","0.827990769768546575","0.407675727245497665496287709174794145","LD_HCT116=0.828","Activated","380","collectri","380","0.827990769768546575",NA,"3","Enrichr--Queries(rank=93); GTEx--Coexpression(rank=536); ARCHS4--Coexpression(rank=1071)","263","0.066239999999999993","Enrichr Queries,0.06624"
"PLAG1","0.822816962192250645","0.822816962192250645","0.410612089284563330782162893228814937","LD_HCT116=0.8228","Activated","381","collectri","381","0.822816962192250645",NA,"3","Enrichr--Queries(rank=503); GTEx--Coexpression(rank=727); ARCHS4--Coexpression(rank=829)","1025","0.358300000000000007","Enrichr Queries,0.3583"
"RBPJ","0.822758192258236210","0.822758192258236210","0.410645515796194571223054481379222125","LD_HCT116=0.8228","Activated","382","collectri","382","0.822758192258236210",NA,"5","Literature--ChIP-seq(rank=135); ReMap--ChIP-seq(rank=269); Enrichr--Queries(rank=427); ARCHS4--Coexpression(rank=735); GTEx--Coexpression(rank=1471)","931","0.304099999999999981","Enrichr Queries,0.3041"
"SALL4","0.822103549463796601","0.822103549463796601","0.411017965538145457760066392438602634","LD_HCT116=0.8221","Activated","383","collectri","383","0.822103549463796601",NA,"4","Literature--ChIP-seq(rank=25); ARCHS4--Coexpression(rank=63); Enrichr--Queries(rank=88); GTEx--Coexpression(rank=132)","151","0.038699999999999998","ARCHS4 Coexpression,0.0387"
"LITAF","0.817016225372351967","0.817016225372351967","0.413919155725764931208487951153074391","LD_HCT116=0.817","Activated","384","collectri","384","0.817016225372351967",NA,"0","",NA,NA,NA
"THRB","0.814560252930209394","0.814560252930209394","0.415324069776860149705299818378989585","LD_HCT116=0.8146","Activated","385","collectri","385","0.814560252930209394",NA,"3","ARCHS4--Coexpression(rank=688); GTEx--Coexpression(rank=779); Enrichr--Queries(rank=962)","1139","0.422599999999999976","ARCHS4 Coexpression,0.4226"
"KLF3","0.810958267308730774","0.810958267308730774","0.417389637079145003895064292009919882","LD_HCT116=0.811","Activated","386","collectri","386","0.810958267308730774",NA,"4","ReMap--ChIP-seq(rank=201); GTEx--Coexpression(rank=481); Enrichr--Queries(rank=538); ARCHS4--Coexpression(rank=1016)","919","0.299300000000000010","GTEx Coexpression,0.2993"
"NFE2L3","0.810038717105934114","-0.810038717105934114","0.417917923908074973038395683033741079","LD_HCT116=-0.81","Repressed","387","collectri","387","0.810038717105934114",NA,"3","Enrichr--Queries(rank=168); ARCHS4--Coexpression(rank=287); GTEx--Coexpression(rank=890)","451","0.119700000000000001","Enrichr Queries,0.1197"
"MAFA","0.807326662391610994","0.807326662391610994","0.419478306807869238959085578244412318","LD_HCT116=0.8073","Activated","388","collectri","388","0.807326662391610994",NA,"3","Enrichr--Queries(rank=127); ARCHS4--Coexpression(rank=462); GTEx--Coexpression(rank=1088)","349","0.090460000000000013","Enrichr Queries,0.09046"
"MTA1","0.806814346819491601","-0.806814346819491601","0.419773452182646056307646631466923282","LD_HCT116=-0.8068","Repressed","389","collectri","389","0.806814346819491601",NA,"0","",NA,NA,NA
"MYF6","0.804992079939206517","0.804992079939206517","0.420824250175648839622510877234162763","LD_HCT116=0.805","Activated","390","collectri","390","0.804992079939206517",NA,"3","ARCHS4--Coexpression(rank=644); Enrichr--Queries(rank=1033); GTEx--Coexpression(rank=1074)","1086","0.395600000000000007","ARCHS4 Coexpression,0.3956"
"FOXO1","0.795954594722683484","-0.795954594722683484","0.426058427038025100408447087829699740","LD_HCT116=-0.796","Repressed","391","collectri","391","0.795954594722683484",NA,"5","Literature--ChIP-seq(rank=109); ReMap--ChIP-seq(rank=263); GTEx--Coexpression(rank=409); Enrichr--Queries(rank=621); ARCHS4--Coexpression(rank=944)","824","0.254500000000000004","GTEx Coexpression,0.2545"
"TBX1","0.785515564475812389","0.785515564475812389","0.432151348325632067570722938398830593","LD_HCT116=0.7855","Activated","392","collectri","392","0.785515564475812389",NA,"3","Enrichr--Queries(rank=200); ARCHS4--Coexpression(rank=925); GTEx--Coexpression(rank=962)","528","0.142499999999999988","Enrichr Queries,0.1425"
"TEAD4","0.784053604296240159","0.784053604296240159","0.433008657480360825697829341152100824","LD_HCT116=0.7841","Activated","393","collectri","393","0.784053604296240159",NA,"6","ENCODE--ChIP-seq(rank=9); Enrichr--Queries(rank=47); ReMap--ChIP-seq(rank=62); Literature--ChIP-seq(rank=150); ARCHS4--Coexpression(rank=515); GTEx--Coexpression(rank=902)","129","0.033480000000000003","Enrichr Queries,0.03348"
"ELF5","0.778610250338409693","0.778610250338409693","0.436209339068403201267187796474900097","LD_HCT116=0.7786","Activated","394","collectri","394","0.778610250338409693",NA,"5","Literature--ChIP-seq(rank=92); ReMap--ChIP-seq(rank=189); GTEx--Coexpression(rank=326); ARCHS4--Coexpression(rank=411); Enrichr--Queries(rank=512)","693","0.202899999999999997","GTEx Coexpression,0.2029"
"HOXB13","0.778427650213644129","0.778427650213644129","0.436316943455618666547479733708314598","LD_HCT116=0.7784","Activated","395","collectri","395","0.778427650213644129",NA,"4","ReMap--ChIP-seq(rank=279); GTEx--Coexpression(rank=332); Enrichr--Queries(rank=353); ARCHS4--Coexpression(rank=832)","702","0.206600000000000006","GTEx Coexpression,0.2066"
"TBPL1","0.777728872218679479","0.777728872218679479","0.436728867443566315387215581722557545","LD_HCT116=0.7777","Activated","396","collectri","396","0.777728872218679479",NA,"2","ARCHS4--Coexpression(rank=721); GTEx--Coexpression(rank=1331)","1170","0.442900000000000016","ARCHS4 Coexpression,0.4429"
"CXXC1","0.775611167746696695","-0.775611167746696695","0.437978604430902362931732341166934930","LD_HCT116=-0.7756","Repressed","397","collectri","397","0.775611167746696695",NA,"3","GTEx--Coexpression(rank=637); Enrichr--Queries(rank=1006); ARCHS4--Coexpression(rank=1023)","1089","0.396399999999999975","GTEx Coexpression,0.3964"
"HEY2","0.763520085803299553","0.763520085803299553","0.445153288208681052751103379705455154","LD_HCT116=0.7635","Activated","398","collectri","398","0.763520085803299553",NA,"3","ARCHS4--Coexpression(rank=323); Enrichr--Queries(rank=415); GTEx--Coexpression(rank=439)","682","0.198399999999999993","ARCHS4 Coexpression,0.1984"
"MYOG","0.763507390857629309","0.763507390857629309","0.445160856262692306017925147898495197","LD_HCT116=0.7635","Activated","399","collectri","399","0.763507390857629309",NA,"4","ENCODE--ChIP-seq(rank=71); ARCHS4--Coexpression(rank=862); Enrichr--Queries(rank=915); GTEx--Coexpression(rank=923)","1295","0.529499999999999971","ARCHS4 Coexpression,0.5295"
"VHL","0.761475011181116268","0.761475011181116268","0.446373398915075714210587420893716626","LD_HCT116=0.7615","Activated","400","collectri","400","0.761475011181116268",NA,"0","",NA,NA,NA
"CREM","0.759725050385749223","-0.759725050385749223","0.447418951751078042278209068172145635","LD_HCT116=-0.7597","Repressed","401","collectri","401","0.759725050385749223",NA,"5","Literature--ChIP-seq(rank=120); ReMap--ChIP-seq(rank=154); Enrichr--Queries(rank=308); ARCHS4--Coexpression(rank=1168); GTEx--Coexpression(rank=1466)","736","0.219400000000000012","Enrichr Queries,0.2194"
"NR2E1","0.756209261142317346","-0.756209261142317346","0.449523741035040280689116798384930007","LD_HCT116=-0.7562","Repressed","402","collectri","402","0.756209261142317346",NA,"3","GTEx--Coexpression(rank=382); ARCHS4--Coexpression(rank=1178); Enrichr--Queries(rank=1206)","782","0.237699999999999995","GTEx Coexpression,0.2377"
"SP4","0.753661044996207452","0.753661044996207452","0.451052778687440925065033070495701395","LD_HCT116=0.7537","Activated","403","collectri","403","0.753661044996207452",NA,"5","ENCODE--ChIP-seq(rank=100); ReMap--ChIP-seq(rank=116); ARCHS4--Coexpression(rank=450); Enrichr--Queries(rank=928); GTEx--Coexpression(rank=1546)","869","0.276399999999999979","ARCHS4 Coexpression,0.2764"
"PAX9","0.753175078882103777","-0.753175078882103777","0.451344712805135328537176064855884761","LD_HCT116=-0.7532","Repressed","404","collectri","404","0.753175078882103777",NA,"3","GTEx--Coexpression(rank=70); ARCHS4--Coexpression(rank=355); Enrichr--Queries(rank=711)","167","0.043560000000000001","GTEx Coexpression,0.04356"
"KDM5D","0.751356872631445016","0.751356872631445016","0.452437910402148646404896226158598438","LD_HCT116=0.7514","Activated","405","collectri","405","0.751356872631445016",NA,"0","",NA,NA,NA
"MECOM","0.748457743039280587","0.748457743039280587","0.454184104398430876781134202246903442","LD_HCT116=0.7485","Activated","406","collectri","406","0.748457743039280587",NA,"3","Literature--ChIP-seq(rank=113); ARCHS4--Coexpression(rank=582); GTEx--Coexpression(rank=758)","1021","0.357499999999999984","ARCHS4 Coexpression,0.3575"
"HDAC5","0.747379640029973036","0.747379640029973036","0.454834431678708128732324666998465545","LD_HCT116=0.7474","Activated","407","collectri","407","0.747379640029973036",NA,"0","",NA,NA,NA
"ZNF76","0.736907603747215312","-0.736907603747215312","0.461178539692361944002385598651017062","LD_HCT116=-0.7369","Repressed","408","collectri","408","0.736907603747215312",NA,"3","GTEx--Coexpression(rank=146); Enrichr--Queries(rank=433); ARCHS4--Coexpression(rank=689)","350","0.090850000000000000","GTEx Coexpression,0.09085"
"IKZF4","0.735238200692924115","0.735238200692924115","0.462194437788921941301367724008741789","LD_HCT116=0.7352","Activated","409","collectri","409","0.735238200692924115",NA,"3","ARCHS4--Coexpression(rank=864); Enrichr--Queries(rank=1187); GTEx--Coexpression(rank=1306)","1299","0.530699999999999950","ARCHS4 Coexpression,0.5307"
"IRF9","0.730209175293941248","0.730209175293941248","0.465262334957506906718549544166307896","LD_HCT116=0.7302","Activated","410","collectri","410","0.730209175293941248",NA,"4","ReMap--ChIP-seq(rank=221); Enrichr--Queries(rank=439); ARCHS4--Coexpression(rank=703); GTEx--Coexpression(rank=771)","947","0.312699999999999978","Enrichr Queries,0.3127"
"ESR1","0.726645768443988649","0.726645768443988649","0.467442983165451020344249855043017305","LD_HCT116=0.7266","Activated","411","collectri","411","0.726645768443988649",NA,"6","ENCODE--ChIP-seq(rank=6); ReMap--ChIP-seq(rank=52); Literature--ChIP-seq(rank=53); GTEx--Coexpression(rank=221); ARCHS4--Coexpression(rank=548); Enrichr--Queries(rank=570)","195","0.050849999999999999","ENCODE ChIP-seq,0.05085"
"KLF5","0.726475699609573478","0.726475699609573478","0.467547199268801394467232057650107890","LD_HCT116=0.7265","Activated","412","collectri","412","0.726475699609573478",NA,"5","ReMap--ChIP-seq(rank=19); Literature--ChIP-seq(rank=47); Enrichr--Queries(rank=113); GTEx--Coexpression(rank=140); ARCHS4--Coexpression(rank=275)","253","0.063969999999999999","ReMap ChIP-seq,0.06397"
"HOXB2","0.722670943068785765","-0.722670943068785765","0.469882071374955412323970449506305158","LD_HCT116=-0.7227","Repressed","413","collectri","413","0.722670943068785765",NA,"3","Enrichr--Queries(rank=262); GTEx--Coexpression(rank=321); ARCHS4--Coexpression(rank=431)","650","0.186599999999999988","Enrichr Queries,0.1866"
"ID2","0.721610636529112170","0.721610636529112170","0.470533897794288447080646164977224544","LD_HCT116=0.7216","Activated","414","collectri","414","0.721610636529112170",NA,"0","",NA,NA,NA
"IKZF1","0.718703258838069736","0.718703258838069736","0.472323774970724752364503729040734470","LD_HCT116=0.7187","Activated","415","collectri","415","0.718703258838069736",NA,"6","ENCODE--ChIP-seq(rank=115); Literature--ChIP-seq(rank=137); ReMap--ChIP-seq(rank=190); ARCHS4--Coexpression(rank=998); Enrichr--Queries(rank=1385); GTEx--Coexpression(rank=1445)","1413","0.612999999999999989","ARCHS4 Coexpression,0.613"
"SALL2","0.709922016532209543","0.709922016532209543","0.477752496671201065669976060235057957","LD_HCT116=0.7099","Activated","416","collectri","416","0.709922016532209543",NA,"3","ARCHS4--Coexpression(rank=183); GTEx--Coexpression(rank=463); Enrichr--Queries(rank=514)","429","0.112400000000000000","ARCHS4 Coexpression,0.1124"
"NFYC","0.709529741515799173","-0.709529741515799173","0.477995801816803400630107034885440953","LD_HCT116=-0.7095","Repressed","417","collectri","417","0.709529741515799173",NA,"3","Enrichr--Queries(rank=752); ARCHS4--Coexpression(rank=773); GTEx--Coexpression(rank=1248)","1223","0.474800000000000000","ARCHS4 Coexpression,0.4748"
"DMTF1","0.708930897335382837","0.708930897335382837","0.478367360289631116110342645697528496","LD_HCT116=0.7089","Activated","418","collectri","418","0.708930897335382837",NA,"3","GTEx--Coexpression(rank=862); Enrichr--Queries(rank=1090); ARCHS4--Coexpression(rank=1316)","1310","0.536399999999999988","GTEx Coexpression,0.5364"
"RUNX3","0.708594599568689643","0.708594599568689643","0.478576088568735069639359380744281225","LD_HCT116=0.7086","Activated","419","collectri","419","0.708594599568689643",NA,"5","ENCODE--ChIP-seq(rank=28); ReMap--ChIP-seq(rank=274); Enrichr--Queries(rank=832); ARCHS4--Coexpression(rank=1247); GTEx--Coexpression(rank=1453)","781","0.237300000000000011","ENCODE ChIP-seq,0.2373"
"EWSR1","0.695125974913928579","0.695125974913928579","0.486976357842322848945570967771345749","LD_HCT116=0.6951","Activated","420","collectri","420","0.695125974913928579",NA,"0","",NA,NA,NA
"SP2","0.691038185700281860","0.691038185700281860","0.489541544353500168718085205910028890","LD_HCT116=0.691","Activated","421","collectri","421","0.691038185700281860",NA,"5","ENCODE--ChIP-seq(rank=79); ReMap--ChIP-seq(rank=224); Enrichr--Queries(rank=808); ARCHS4--Coexpression(rank=913); GTEx--Coexpression(rank=1487)","1345","0.560799999999999965","ARCHS4 Coexpression,0.5608"
"HOXA7","0.687644430675995122","0.687644430675995122","0.491676721596567278815825829951791093","LD_HCT116=0.6876","Activated","422","collectri","422","0.687644430675995122",NA,"3","Enrichr--Queries(rank=311); ARCHS4--Coexpression(rank=610); GTEx--Coexpression(rank=1385)","745","0.221500000000000002","Enrichr Queries,0.2215"
"AIRE","0.687185418740882570","0.687185418740882570","0.491965891731046212065336931118508801","LD_HCT116=0.6872","Activated","423","collectri","423","0.687185418740882570",NA,"3","GTEx--Coexpression(rank=130); Enrichr--Queries(rank=712); ARCHS4--Coexpression(rank=1080)","317","0.080900000000000000","GTEx Coexpression,0.0809"
"CTCFL","0.685732590986225521","0.685732590986225521","0.492881751012576030390732739761006087","LD_HCT116=0.6857","Activated","424","collectri","424","0.685732590986225521",NA,"5","ReMap--ChIP-seq(rank=11); ENCODE--ChIP-seq(rank=96); Enrichr--Queries(rank=202); ARCHS4--Coexpression(rank=1067); GTEx--Coexpression(rank=1194)","143","0.037039999999999997","ReMap ChIP-seq,0.03704"
"GTF2I","0.685280341977928753","0.685280341977928753","0.493167034111412661001594415211002342","LD_HCT116=0.6853","Activated","425","collectri","425","0.685280341977928753",NA,"1","ARCHS4--Coexpression(rank=1154)","1502","0.708799999999999986","ARCHS4 Coexpression,0.7088"
"ZBTB14","0.681671215730998870","0.681671215730998870","0.495446872353956679901898496609646827","LD_HCT116=0.6817","Activated","426","collectri","426","0.681671215730998870",NA,"2","GTEx--Coexpression(rank=793); ARCHS4--Coexpression(rank=1256)","1251","0.493499999999999994","GTEx Coexpression,0.4935"
"MSX1","0.679110155286428041","0.679110155286428041","0.497068068384003580728602855742792599","LD_HCT116=0.6791","Activated","427","collectri","427","0.679110155286428041",NA,"3","Enrichr--Queries(rank=75); GTEx--Coexpression(rank=126); ARCHS4--Coexpression(rank=592)","206","0.053420000000000002","Enrichr Queries,0.05342"
"MSX2","0.675716790760741204","0.675716790760741204","0.499220473328166436388642068777699023","LD_HCT116=0.6757","Activated","428","collectri","428","0.675716790760741204",NA,"3","Enrichr--Queries(rank=170); ARCHS4--Coexpression(rank=225); GTEx--Coexpression(rank=1411)","458","0.121100000000000013","Enrichr Queries,0.1211"
"GTF2IRD1","0.670960863987510536","-0.670960863987510536","0.502245461332511355934116181742865592","LD_HCT116=-0.671","Repressed","429","collectri","429","0.670960863987510536",NA,"2","GTEx--Coexpression(rank=864); ARCHS4--Coexpression(rank=965)","1311","0.537599999999999967","GTEx Coexpression,0.5376"
"TBX2","0.667866054671874099","0.667866054671874099","0.504219097340961486253263501566834748","LD_HCT116=0.6679","Activated","430","collectri","430","0.667866054671874099",NA,"3","Enrichr--Queries(rank=52); GTEx--Coexpression(rank=59); ARCHS4--Coexpression(rank=1415)","141","0.036710000000000000","GTEx Coexpression,0.03671"
"MYB","0.655845371991802706","-0.655845371991802706","0.511923619842044597127994620677782223","LD_HCT116=-0.6558","Repressed","431","collectri","431","0.655845371991802706",NA,"6","Enrichr--Queries(rank=17); ARCHS4--Coexpression(rank=78); ENCODE--ChIP-seq(rank=107); Literature--ChIP-seq(rank=116); ReMap--ChIP-seq(rank=145); GTEx--Coexpression(rank=483)","46","0.012109999999999999","Enrichr Queries,0.01211"
"HNF1A","0.653483121231167141","0.653483121231167141","0.513444867389726722350928866944741458","LD_HCT116=0.6535","Activated","432","collectri","432","0.653483121231167141",NA,"3","Enrichr--Queries(rank=521); GTEx--Coexpression(rank=607); ARCHS4--Coexpression(rank=1092)","1049","0.371099999999999985","Enrichr Queries,0.3711"
"TP73","0.642166597547311202","-0.642166597547311202","0.520765018396378787102207752468530089","LD_HCT116=-0.6422","Repressed","433","collectri","433","0.642166597547311202",NA,"3","Enrichr--Queries(rank=58); GTEx--Coexpression(rank=74); ARCHS4--Coexpression(rank=565)","160","0.041309999999999999","Enrichr Queries,0.04131"
"ELK3","0.642149924027042296","-0.642149924027042296","0.520775843273038274716668638575356454","LD_HCT116=-0.6421","Repressed","434","collectri","434","0.642149924027042296",NA,"4","Literature--ChIP-seq(rank=43); GTEx--Coexpression(rank=174); Enrichr--Queries(rank=323); ARCHS4--Coexpression(rank=519)","414","0.108299999999999993","GTEx Coexpression,0.1083"
"EP300","0.632104037410360697","-0.632104037410360697","0.527318897171100919862851696962025017","LD_HCT116=-0.6321","Repressed","435","collectri","435","0.632104037410360697",NA,"0","",NA,NA,NA
"DEAF1","0.630960077013797860","-0.630960077013797860","0.528066628552637196136743114038836211","LD_HCT116=-0.631","Repressed","436","collectri","436","0.630960077013797860",NA,"4","ARCHS4--Coexpression(rank=68); GTEx--Coexpression(rank=139); ReMap--ChIP-seq(rank=151); Enrichr--Queries(rank=800)","162","0.041770000000000002","ARCHS4 Coexpression,0.04177"
"RORC","0.627773298832281834","0.627773298832281834","0.530152460121794844027931503660511225","LD_HCT116=0.6278","Activated","437","collectri","437","0.627773298832281834",NA,"3","Enrichr--Queries(rank=428); GTEx--Coexpression(rank=835); ARCHS4--Coexpression(rank=981)","932","0.304800000000000015","Enrichr Queries,0.3048"
"NR6A1","0.625790752222685209","0.625790752222685209","0.531452198346951787399916611320804805","LD_HCT116=0.6258","Activated","438","collectri","438","0.625790752222685209",NA,"3","ARCHS4--Coexpression(rank=27); Enrichr--Queries(rank=973); GTEx--Coexpression(rank=1064)","65","0.016580000000000001","ARCHS4 Coexpression,0.01658"
"NEUROD6","0.625752511628367536","-0.625752511628367536","0.531477284379259562463460042636143044","LD_HCT116=-0.6258","Repressed","439","collectri","439","0.625752511628367536",NA,"3","GTEx--Coexpression(rank=231); ARCHS4--Coexpression(rank=1021); Enrichr--Queries(rank=1247)","532","0.143699999999999994","GTEx Coexpression,0.1437"
"HDAC7","0.615005663387855783","0.615005663387855783","0.538550980309509652599331275268923491","LD_HCT116=0.615","Activated","440","collectri","440","0.615005663387855783",NA,"0","",NA,NA,NA
"ZNF236","0.614759572264789389","0.614759572264789389","0.538713511547201706619603100989479572","LD_HCT116=0.6148","Activated","441","collectri","441","0.614759572264789389",NA,"3","GTEx--Coexpression(rank=963); Enrichr--Queries(rank=1398); ARCHS4--Coexpression(rank=1546)","1392","0.599300000000000166","GTEx Coexpression,0.5993"
"LYL1","0.608513642265378296","-0.608513642265378296","0.542846860702461908587679317861329764","LD_HCT116=-0.6085","Repressed","442","collectri","442","0.608513642265378296",NA,"5","Literature--ChIP-seq(rank=133); ReMap--ChIP-seq(rank=286); Enrichr--Queries(rank=762); ARCHS4--Coexpression(rank=1142); GTEx--Coexpression(rank=1579)","1319","0.542699999999999960","Enrichr Queries,0.5427"
"PITX3","0.606849513130792162","-0.606849513130792162","0.543950785766691757849855548556661233","LD_HCT116=-0.6068","Repressed","443","collectri","443","0.606849513130792162",NA,"3","ARCHS4--Coexpression(rank=695); Enrichr--Queries(rank=841); GTEx--Coexpression(rank=1163)","1147","0.426900000000000002","ARCHS4 Coexpression,0.4269"
"KAT6A","0.603968482038402921","0.603968482038402921","0.545864596972007842801133392640622333","LD_HCT116=0.604","Activated","444","collectri","444","0.603968482038402921",NA,"0","",NA,NA,NA
"ZNF384","0.601259765362111120","0.601259765362111120","0.547666983315326816317281100054970011","LD_HCT116=0.6013","Activated","445","collectri","445","0.601259765362111120",NA,"5","ENCODE--ChIP-seq(rank=15); ReMap--ChIP-seq(rank=187); GTEx--Coexpression(rank=681); Enrichr--Queries(rank=1330); ARCHS4--Coexpression(rank=1463)","480","0.127099999999999991","ENCODE ChIP-seq,0.1271"
"FOXP2","0.601066848296590961","0.601066848296590961","0.547795462945260047682438653282588348","LD_HCT116=0.6011","Activated","446","collectri","446","0.601066848296590961",NA,"6","ReMap--ChIP-seq(rank=7); Literature--ChIP-seq(rank=68); ENCODE--ChIP-seq(rank=87); GTEx--Coexpression(rank=469); Enrichr--Queries(rank=518); ARCHS4--Coexpression(rank=1032)","91","0.023570000000000001","ReMap ChIP-seq,0.02357"
"NRL","0.600964147342657684","-0.600964147342657684","0.547863866188424863956640820106258616","LD_HCT116=-0.601","Repressed","447","collectri","447","0.600964147342657684",NA,"3","Enrichr--Queries(rank=401); GTEx--Coexpression(rank=590); ARCHS4--Coexpression(rank=878)","890","0.285600000000000021","Enrichr Queries,0.2856"
"SMAD5","0.594235750047073186","0.594235750047073186","0.552354444787341636313726667140144855","LD_HCT116=0.5942","Activated","448","collectri","448","0.594235750047073186",NA,"4","ReMap--ChIP-seq(rank=173); ARCHS4--Coexpression(rank=935); Enrichr--Queries(rank=1293); GTEx--Coexpression(rank=1348)","1362","0.574300000000000033","ARCHS4 Coexpression,0.5743"
"CEBPE","0.588566941613752226","0.588566941613752226","0.556151815629283396980042653012787923","LD_HCT116=0.5886","Activated","449","collectri","449","0.588566941613752226",NA,"3","Enrichr--Queries(rank=593); ARCHS4--Coexpression(rank=795); GTEx--Coexpression(rank=1569)","1137","0.422399999999999998","Enrichr Queries,0.4224"
"TFAP4","0.587101001590620286","0.587101001590620286","0.557135874939026054519786157470662147","LD_HCT116=0.5871","Activated","450","collectri","450","0.587101001590620286",NA,"4","ReMap--ChIP-seq(rank=37); Enrichr--Queries(rank=53); GTEx--Coexpression(rank=918); ARCHS4--Coexpression(rank=1443)","146","0.037749999999999999","Enrichr Queries,0.03775"
"HDAC1","0.582773613988185502","-0.582773613988185502","0.560045709832416527262921590590849519","LD_HCT116=-0.5828","Repressed","451","collectri","451","0.582773613988185502",NA,"0","",NA,NA,NA
"HOXA5","0.578528120366837095","0.578528120366837095","0.562907617819588201868441501574125141","LD_HCT116=0.5785","Activated","452","collectri","452","0.578528120366837095",NA,"3","GTEx--Coexpression(rank=103); Enrichr--Queries(rank=171); ARCHS4--Coexpression(rank=302)","254","0.064089999999999994","GTEx Coexpression,0.06409"
"SPDEF","0.576751857424149583","0.576751857424149583","0.564107095587062068453576557658379897","LD_HCT116=0.5768","Activated","453","collectri","453","0.576751857424149583",NA,"3","ARCHS4--Coexpression(rank=109); Enrichr--Queries(rank=238); GTEx--Coexpression(rank=238)","266","0.066949999999999996","ARCHS4 Coexpression,0.06695"
"SALL3","0.567755110306776611","-0.567755110306776611","0.570201264724488066093499583075754344","LD_HCT116=-0.5678","Repressed","454","collectri","454","0.567755110306776611",NA,"3","ARCHS4--Coexpression(rank=62); GTEx--Coexpression(rank=437); Enrichr--Queries(rank=966)","148","0.038080000000000003","ARCHS4 Coexpression,0.03808"
"NR4A2","0.564313462682135780","0.564313462682135780","0.572540820852684984032521242625080049","LD_HCT116=0.5643","Activated","455","collectri","455","0.564313462682135780",NA,"4","Literature--ChIP-seq(rank=73); Enrichr--Queries(rank=147); GTEx--Coexpression(rank=246); ARCHS4--Coexpression(rank=1156)","402","0.104700000000000001","Enrichr Queries,0.1047"
"POU2F2","0.564173334268933457","-0.564173334268933457","0.572636173546146154400560135400155559","LD_HCT116=-0.5642","Repressed","456","collectri","456","0.564173334268933457",NA,"5","ENCODE--ChIP-seq(rank=93); ReMap--ChIP-seq(rank=179); Enrichr--Queries(rank=491); ARCHS4--Coexpression(rank=783); GTEx--Coexpression(rank=786)","1006","0.349700000000000011","Enrichr Queries,0.3497"
"TLX3","0.563560070585604866","-0.563560070585604866","0.573053567622725523733606678433716297","LD_HCT116=-0.5636","Repressed","457","collectri","457","0.563560070585604866",NA,"3","ARCHS4--Coexpression(rank=99); GTEx--Coexpression(rank=633); Enrichr--Queries(rank=1069)","240","0.060810000000000003","ARCHS4 Coexpression,0.06081"
"CREB3L1","0.562669406676896799","0.562669406676896799","0.573660020282057314666701586247654632","LD_HCT116=0.5627","Activated","458","collectri","458","0.562669406676896799",NA,"4","ReMap--ChIP-seq(rank=118); Enrichr--Queries(rank=121); ARCHS4--Coexpression(rank=152); GTEx--Coexpression(rank=1336)","335","0.086180000000000007","Enrichr Queries,0.08618"
"LEF1","0.560568334562788539","-0.560568334562788539","0.575091843183189843635716442804550752","LD_HCT116=-0.5606","Repressed","459","collectri","459","0.560568334562788539",NA,"4","Enrichr--Queries(rank=178); ReMap--ChIP-seq(rank=257); ARCHS4--Coexpression(rank=1070); GTEx--Coexpression(rank=1525)","478","0.126799999999999996","Enrichr Queries,0.1268"
"HHEX","0.558990029543296685","0.558990029543296685","0.576168524772476375872543030709493905","LD_HCT116=0.559","Activated","460","collectri","460","0.558990029543296685",NA,"4","ReMap--ChIP-seq(rank=183); GTEx--Coexpression(rank=305); Enrichr--Queries(rank=374); ARCHS4--Coexpression(rank=679)","659","0.189799999999999996","GTEx Coexpression,0.1898"
"LHX8","0.556757185721865500","0.556757185721865500","0.577693339713424180992262790823588148","LD_HCT116=0.5568","Activated","461","collectri","461","0.556757185721865500",NA,"3","ARCHS4--Coexpression(rank=1000); Enrichr--Queries(rank=1169); GTEx--Coexpression(rank=1262)","1417","0.614299999999999846","ARCHS4 Coexpression,0.6143"
"NFATC2","0.554436720170954467","0.554436720170954467","0.579280001556093493420007689564954489","LD_HCT116=0.5544","Activated","462","collectri","462","0.554436720170954467",NA,"3","Enrichr--Queries(rank=803); ARCHS4--Coexpression(rank=1134); GTEx--Coexpression(rank=1433)","1358","0.571899999999999964","Enrichr Queries,0.5719"
"TFDP3","0.540515714342647668","0.540515714342647668","0.588841426787119037733475579443620518","LD_HCT116=0.5405","Activated","463","collectri","463","0.540515714342647668",NA,"3","Enrichr--Queries(rank=880); GTEx--Coexpression(rank=1173); ARCHS4--Coexpression(rank=1479)","1434","0.626800000000000024","Enrichr Queries,0.6268"
"HOXC8","0.539710294628575893","-0.539710294628575893","0.589396839311539633143866012687794864","LD_HCT116=-0.5397","Repressed","464","collectri","464","0.539710294628575893",NA,"3","Enrichr--Queries(rank=307); ARCHS4--Coexpression(rank=397); GTEx--Coexpression(rank=1399)","733","0.218700000000000006","Enrichr Queries,0.2187"
"NFAT5","0.535410905665177461","-0.535410905665177461","0.592365750586060335614035921025788411","LD_HCT116=-0.5354","Repressed","465","collectri","465","0.535410905665177461",NA,"3","ARCHS4--Coexpression(rank=1140); Enrichr--Queries(rank=1299); GTEx--Coexpression(rank=1339)","1495","0.700200000000000045","ARCHS4 Coexpression,0.7002"
"BCOR","0.534813048407113856","-0.534813048407113856","0.592779139259908216530448044068180025","LD_HCT116=-0.5348","Repressed","466","collectri","466","0.534813048407113856",NA,"0","",NA,NA,NA
"ID4","0.534570895561197301","0.534570895561197301","0.592946613577992609478428676084149629","LD_HCT116=0.5346","Activated","467","collectri","467","0.534570895561197301",NA,"0","",NA,NA,NA
"ZNF362","0.533779368513071284","0.533779368513071284","0.593494189512282832588141445739893243","LD_HCT116=0.5338","Activated","468","collectri","468","0.533779368513071284",NA,"3","Enrichr--Queries(rank=258); ARCHS4--Coexpression(rank=262); GTEx--Coexpression(rank=287)","586","0.160899999999999987","ARCHS4 Coexpression,0.1609"
"TSC22D1","0.530311031187129966","0.530311031187129966","0.595896299620929714713213343202369288","LD_HCT116=0.5303","Activated","469","collectri","469","0.530311031187129966",NA,"3","Enrichr--Queries(rank=162); ARCHS4--Coexpression(rank=494); GTEx--Coexpression(rank=1416)","437","0.115400000000000003","Enrichr Queries,0.1154"
"HSF1","0.529841331254115588","-0.529841331254115588","0.596221946080229270314987388701410964","LD_HCT116=-0.5298","Repressed","470","collectri","470","0.529841331254115588",NA,"5","ReMap--ChIP-seq(rank=15); Literature--ChIP-seq(rank=26); ENCODE--ChIP-seq(rank=86); ARCHS4--Coexpression(rank=1135); GTEx--Coexpression(rank=1539)","193","0.050509999999999999","ReMap ChIP-seq,0.05051"
"CTBP2","0.527745485413494642","0.527745485413494642","0.597675998594540791586382511013653129","LD_HCT116=0.5277","Activated","471","collectri","471","0.527745485413494642",NA,"0","",NA,NA,NA
"POU2F3","0.526447438239116217","-0.526447438239116217","0.598577362887967812099532238789834082","LD_HCT116=-0.5264","Repressed","472","collectri","472","0.526447438239116217",NA,"3","Enrichr--Queries(rank=209); GTEx--Coexpression(rank=604); ARCHS4--Coexpression(rank=1361)","550","0.148900000000000005","Enrichr Queries,0.1489"
"ERF","0.525335502654703856","-0.525335502654703856","0.599349981265215436820881222956813872","LD_HCT116=-0.5253","Repressed","473","collectri","473","0.525335502654703856",NA,"3","Enrichr--Queries(rank=142); GTEx--Coexpression(rank=603); ARCHS4--Coexpression(rank=1091)","387","0.101099999999999995","Enrichr Queries,0.1011"
"ESRRG","0.522592161606626915","-0.522592161606626915","0.601258096390433038891387695912271738","LD_HCT116=-0.5226","Repressed","474","collectri","474","0.522592161606626915",NA,"3","GTEx--Coexpression(rank=500); Enrichr--Queries(rank=633); ARCHS4--Coexpression(rank=1224)","943","0.311099999999999988","GTEx Coexpression,0.3111"
"REL","0.517842383438597231","0.517842383438597231","0.604568244292865597522279585973592475","LD_HCT116=0.5178","Activated","475","collectri","475","0.517842383438597231",NA,"3","Enrichr--Queries(rank=341); GTEx--Coexpression(rank=1214); ARCHS4--Coexpression(rank=1537)","797","0.242900000000000005","Enrichr Queries,0.2429"
"HSF4","0.516759525913972229","0.516759525913972229","0.605324037009965842948133740719640628","LD_HCT116=0.5168","Activated","476","collectri","476","0.516759525913972229",NA,"3","Enrichr--Queries(rank=30); ARCHS4--Coexpression(rank=40); GTEx--Coexpression(rank=272)","80","0.021370000000000000","Enrichr Queries,0.02137"
"ATF5","0.515978303121535586","-0.515978303121535586","0.605869563069262651033852762338938192","LD_HCT116=-0.516","Repressed","477","collectri","477","0.515978303121535586",NA,"3","Enrichr--Queries(rank=129); ARCHS4--Coexpression(rank=800); GTEx--Coexpression(rank=912)","353","0.091880000000000003","Enrichr Queries,0.09188"
"KDM5B","0.512844906171451620","-0.512844906171451620","0.608059814620127259132686958764679730","LD_HCT116=-0.5128","Repressed","478","collectri","478","0.512844906171451620",NA,"5","ReMap--ChIP-seq(rank=20); Literature--ChIP-seq(rank=70); ENCODE--ChIP-seq(rank=83); ARCHS4--Coexpression(rank=472); GTEx--Coexpression(rank=1093)","268","0.067339999999999997","ReMap ChIP-seq,0.06734"
"NEUROG3","0.509957905350815088","0.509957905350815088","0.610080952939074272478592320112511516","LD_HCT116=0.51","Activated","479","collectri","479","0.509957905350815088",NA,"3","Enrichr--Queries(rank=710); ARCHS4--Coexpression(rank=831); GTEx--Coexpression(rank=1051)","1266","0.505700000000000038","Enrichr Queries,0.5057"
"HOXD13","0.509827012852660744","0.509827012852660744","0.610172659126205441104673354857368395","LD_HCT116=0.5098","Activated","480","collectri","480","0.509827012852660744",NA,"4","Literature--ChIP-seq(rank=52); ARCHS4--Coexpression(rank=321); GTEx--Coexpression(rank=371); Enrichr--Queries(rank=771)","679","0.197199999999999986","ARCHS4 Coexpression,0.1972"
"THAP11","0.509334783937826274","0.509334783937826274","0.610517580392110126297211536439135671","LD_HCT116=0.5093","Activated","481","collectri","481","0.509334783937826274",NA,"5","Literature--ChIP-seq(rank=146); ReMap--ChIP-seq(rank=271); Enrichr--Queries(rank=764); GTEx--Coexpression(rank=1060); ARCHS4--Coexpression(rank=1064)","1321","0.544200000000000017","Enrichr Queries,0.5442"
"IRF4","0.507156331746419275","-0.507156331746419275","0.612045132229905641807476968097034842","LD_HCT116=-0.5072","Repressed","482","collectri","482","0.507156331746419275",NA,"5","GTEx--Coexpression(rank=25); ENCODE--ChIP-seq(rank=114); ReMap--ChIP-seq(rank=161); ARCHS4--Coexpression(rank=854); Enrichr--Queries(rank=1010)","60","0.015559999999999999","GTEx Coexpression,0.01556"
"PKNOX1","0.502436393454187114","0.502436393454187114","0.615360584340524763291568888234905899","LD_HCT116=0.5024","Activated","483","collectri","483","0.502436393454187114",NA,"4","ReMap--ChIP-seq(rank=222); Enrichr--Queries(rank=745); GTEx--Coexpression(rank=1249); ARCHS4--Coexpression(rank=1558)","1298","0.530599999999999961","Enrichr Queries,0.5306"
"NFKB1_NFKB2","0.499657246185348847","0.499657246185348847","0.617316441596287512894036808575037867","LD_HCT116=0.4997","Activated","484","collectri","484","0.499657246185348847",NA,"0","",NA,NA,NA
"NFKB1_REL","0.499657246185348847","0.499657246185348847","0.617316441596287512894036808575037867","LD_HCT116=0.4997","Activated","485","collectri","485","0.499657246185348847",NA,"0","",NA,NA,NA
"NFKB1_RELA","0.499657246185348847","0.499657246185348847","0.617316441596287512894036808575037867","LD_HCT116=0.4997","Activated","486","collectri","486","0.499657246185348847",NA,"0","",NA,NA,NA
"NFKB1_RELB","0.499657246185348847","0.499657246185348847","0.617316441596287512894036808575037867","LD_HCT116=0.4997","Activated","487","collectri","487","0.499657246185348847",NA,"0","",NA,NA,NA
"RELA_RELB","0.499657246185348791","0.499657246185348791","0.617316441596287512894036808575037867","LD_HCT116=0.4997","Activated","488","collectri","488","0.499657246185348791",NA,"0","",NA,NA,NA
"NFKB2_REL","0.499657246185348625","0.499657246185348625","0.617316441596287512894036808575037867","LD_HCT116=0.4997","Activated","489","collectri","489","0.499657246185348625",NA,"0","",NA,NA,NA
"NFKB2_RELA","0.499657246185348625","0.499657246185348625","0.617316441596287512894036808575037867","LD_HCT116=0.4997","Activated","490","collectri","490","0.499657246185348625",NA,"0","",NA,NA,NA
"NFKB2_RELB","0.499657246185348625","0.499657246185348625","0.617316441596287512894036808575037867","LD_HCT116=0.4997","Activated","491","collectri","491","0.499657246185348625",NA,"0","",NA,NA,NA
"REL_RELA","0.499657246185348458","0.499657246185348458","0.617316441596287956983246658637654036","LD_HCT116=0.4997","Activated","492","collectri","492","0.499657246185348458",NA,"0","",NA,NA,NA
"REL_RELB","0.499657246185348458","0.499657246185348458","0.617316441596287956983246658637654036","LD_HCT116=0.4997","Activated","493","collectri","493","0.499657246185348458",NA,"0","",NA,NA,NA
"ONECUT1","0.496660014313649034","0.496660014313649034","0.619428824204791950158721647312631831","LD_HCT116=0.4967","Activated","494","collectri","494","0.496660014313649034",NA,"4","ReMap--ChIP-seq(rank=270); Enrichr--Queries(rank=555); ARCHS4--Coexpression(rank=646); GTEx--Coexpression(rank=1239)","1085","0.395299999999999985","Enrichr Queries,0.3953"
"DLX4","0.484168124816341694","-0.484168124816341694","0.628266556560072797488203377724858001","LD_HCT116=-0.4842","Repressed","495","collectri","495","0.484168124816341694",NA,"4","Literature--ChIP-seq(rank=164); Enrichr--Queries(rank=302); ARCHS4--Coexpression(rank=506); GTEx--Coexpression(rank=804)","724","0.215100000000000013","Enrichr Queries,0.2151"
"NEUROG2","0.481545913001945158","0.481545913001945158","0.630128556493124492021706828381866217","LD_HCT116=0.4815","Activated","496","collectri","496","0.481545913001945158",NA,"3","GTEx--Coexpression(rank=50); ARCHS4--Coexpression(rank=215); Enrichr--Queries(rank=1072)","118","0.031109999999999999","GTEx Coexpression,0.03111"
"GRHL3","0.472491052026782932","-0.472491052026782932","0.636576327108009598632065717538353056","LD_HCT116=-0.4725","Repressed","497","collectri","497","0.472491052026782932",NA,"3","Enrichr--Queries(rank=115); GTEx--Coexpression(rank=144); ARCHS4--Coexpression(rank=458)","320","0.081909999999999997","Enrichr Queries,0.08191"
"SIX1","0.469398445935084785","0.469398445935084785","0.638784858993908244428894249722361565","LD_HCT116=0.4694","Activated","498","collectri","498","0.469398445935084785",NA,"3","Enrichr--Queries(rank=144); ARCHS4--Coexpression(rank=517); GTEx--Coexpression(rank=1318)","392","0.102599999999999997","Enrichr Queries,0.1026"
"IRX1","0.465720265649841147","0.465720265649841147","0.641415744472662585629052500735269859","LD_HCT116=0.4657","Activated","499","collectri","499","0.465720265649841147",NA,"3","ARCHS4--Coexpression(rank=228); Enrichr--Queries(rank=534); GTEx--Coexpression(rank=582)","519","0.140000000000000013","ARCHS4 Coexpression,0.14"
"ARNT","0.462489641617272296","0.462489641617272296","0.643730228822484651374224995379336178","LD_HCT116=0.4625","Activated","500","collectri","500","0.462489641617272296",NA,"5","Literature--ChIP-seq(rank=89); ReMap--ChIP-seq(rank=132); ARCHS4--Coexpression(rank=220); GTEx--Coexpression(rank=413); Enrichr--Queries(rank=1347)","508","0.135099999999999998","ARCHS4 Coexpression,0.1351"
"ATF1","0.461415318297901111","0.461415318297901111","0.644500663471374801716251567995641381","LD_HCT116=0.4614","Activated","501","collectri","501","0.461415318297901111",NA,"5","ARCHS4--Coexpression(rank=85); ENCODE--ChIP-seq(rank=117); ReMap--ChIP-seq(rank=137); Enrichr--Queries(rank=394); GTEx--Coexpression(rank=1031)","201","0.052209999999999999","ARCHS4 Coexpression,0.05221"
"DLX5","0.459559821305256688","0.459559821305256688","0.645832204199676018774312069581355900","LD_HCT116=0.4596","Activated","502","collectri","502","0.459559821305256688",NA,"3","GTEx--Coexpression(rank=552); Enrichr--Queries(rank=716); ARCHS4--Coexpression(rank=891)","993","0.343500000000000028","GTEx Coexpression,0.3435"
"POU2F1","0.457656969093431287","0.457656969093431287","0.647198907681794222135351901670219377","LD_HCT116=0.4577","Activated","503","collectri","503","0.457656969093431287",NA,"4","ReMap--ChIP-seq(rank=285); ARCHS4--Coexpression(rank=591); GTEx--Coexpression(rank=1112); Enrichr--Queries(rank=1157)","1033","0.362999999999999989","ARCHS4 Coexpression,0.363"
"FOXD3","0.456504322981028221","0.456504322981028221","0.648027362905642889678858864499488845","LD_HCT116=0.4565","Activated","504","collectri","504","0.456504322981028221",NA,"3","ARCHS4--Coexpression(rank=129); GTEx--Coexpression(rank=300); Enrichr--Queries(rank=899)","313","0.079240000000000005","ARCHS4 Coexpression,0.07924"
"IRF5","0.454364718439601911","0.454364718439601911","0.649566341911088196425794194510672241","LD_HCT116=0.4544","Activated","505","collectri","505","0.454364718439601911",NA,"3","GTEx--Coexpression(rank=490); ARCHS4--Coexpression(rank=650); Enrichr--Queries(rank=887)","934","0.304900000000000004","GTEx Coexpression,0.3049"
"PTF1A","0.452726510285390793","0.452726510285390793","0.650745687621521962107351555459899828","LD_HCT116=0.4527","Activated","506","collectri","506","0.452726510285390793",NA,"3","ARCHS4--Coexpression(rank=449); GTEx--Coexpression(rank=1024); Enrichr--Queries(rank=1291)","866","0.275799999999999990","ARCHS4 Coexpression,0.2758"
"TP63","0.432146052345591669","0.432146052345591669","0.665635265608490400701668932015309110","LD_HCT116=0.4321","Activated","507","collectri","507","0.432146052345591669",NA,"5","ReMap--ChIP-seq(rank=10); Literature--ChIP-seq(rank=69); Enrichr--Queries(rank=289); GTEx--Coexpression(rank=472); ARCHS4--Coexpression(rank=528)","131","0.033669999999999999","ReMap ChIP-seq,0.03367"
"MTF1","0.431735421805163888","0.431735421805163888","0.665933719699871473629571028141072020","LD_HCT116=0.4317","Activated","508","collectri","508","0.431735421805163888",NA,"2","ARCHS4--Coexpression(rank=970); GTEx--Coexpression(rank=1211)","1388","0.595799999999999996","ARCHS4 Coexpression,0.5958"
"SIM2","0.426903739365635859","0.426903739365635859","0.669449441810233802918617129762424156","LD_HCT116=0.4269","Activated","509","collectri","509","0.426903739365635859",NA,"3","GTEx--Coexpression(rank=78); Enrichr--Queries(rank=627); ARCHS4--Coexpression(rank=1128)","186","0.048540000000000000","GTEx Coexpression,0.04854"
"ELK4","0.421127450165740436","-0.421127450165740436","0.673662017925171219268065669893985614","LD_HCT116=-0.4211","Repressed","510","collectri","510","0.421127450165740436",NA,"5","ENCODE--ChIP-seq(rank=102); ReMap--ChIP-seq(rank=130); GTEx--Coexpression(rank=558); ARCHS4--Coexpression(rank=1206); Enrichr--Queries(rank=1281)","1000","0.347200000000000009","GTEx Coexpression,0.3472"
"HBP1","0.418448456851626183","0.418448456851626183","0.675619264218425996659789234399795532","LD_HCT116=0.4184","Activated","511","collectri","511","0.418448456851626183",NA,"4","ReMap--ChIP-seq(rank=42); ARCHS4--Coexpression(rank=360); Enrichr--Queries(rank=468); GTEx--Coexpression(rank=1037)","526","0.141399999999999998","ReMap ChIP-seq,0.1414"
"ZEB2","0.418404596033851883","0.418404596033851883","0.675651326799648677123855122772511095","LD_HCT116=0.4184","Activated","512","collectri","512","0.418404596033851883",NA,"4","ReMap--ChIP-seq(rank=241); GTEx--Coexpression(rank=657); Enrichr--Queries(rank=659); ARCHS4--Coexpression(rank=910)","1108","0.408799999999999997","GTEx Coexpression,0.4088"
"HNF4A","0.417158986975995072","0.417158986975995072","0.676562121644099234707425694068660960","LD_HCT116=0.4172","Activated","513","collectri","513","0.417158986975995072",NA,"6","Literature--ChIP-seq(rank=44); ENCODE--ChIP-seq(rank=74); ReMap--ChIP-seq(rank=109); Enrichr--Queries(rank=572); ARCHS4--Coexpression(rank=1240); GTEx--Coexpression(rank=1366)","849","0.268299999999999983","Literature ChIP-seq,0.2683"
"ID3","0.416515979902374711","0.416515979902374711","0.677032476590347265243963192915543914","LD_HCT116=0.4165","Activated","514","collectri","514","0.416515979902374711",NA,"0","",NA,NA,NA
"KAT2B","0.411207141101789186","-0.411207141101789186","0.680920652416137195395151593402260914","LD_HCT116=-0.4112","Repressed","515","collectri","515","0.411207141101789186",NA,"0","",NA,NA,NA
"PAX5","0.410490874361014668","-0.410490874361014668","0.681445896363637171333493824931792915","LD_HCT116=-0.4105","Repressed","516","collectri","516","0.410490874361014668",NA,"5","GTEx--Coexpression(rank=42); ReMap--ChIP-seq(rank=87); ENCODE--ChIP-seq(rank=98); ARCHS4--Coexpression(rank=523); Enrichr--Queries(rank=1042)","99","0.026140000000000000","GTEx Coexpression,0.02614"
"MED1","0.410079239768477044","-0.410079239768477044","0.681747821100899709101383905363036320","LD_HCT116=-0.4101","Repressed","517","collectri","517","0.410079239768477044",NA,"0","",NA,NA,NA
"AR","0.408976195554520805","-0.408976195554520805","0.682557130453650517942776332347420976","LD_HCT116=-0.409","Repressed","518","collectri","518","0.408976195554520805",NA,"5","Literature--ChIP-seq(rank=6); ReMap--ChIP-seq(rank=123); ARCHS4--Coexpression(rank=341); Enrichr--Queries(rank=782); GTEx--Coexpression(rank=1160)","140","0.036589999999999998","Literature ChIP-seq,0.03659"
"ESRRA","0.407415831254019090","0.407415831254019090","0.683702601435274281982401589630171657","LD_HCT116=0.4074","Activated","519","collectri","519","0.407415831254019090",NA,"5","ENCODE--ChIP-seq(rank=82); ReMap--ChIP-seq(rank=91); Enrichr--Queries(rank=300); GTEx--Coexpression(rank=724); ARCHS4--Coexpression(rank=946)","720","0.213700000000000001","Enrichr Queries,0.2137"
"CEBPZ","0.405896123254988694","0.405896123254988694","0.684818926653428805551016012032050639","LD_HCT116=0.4059","Activated","520","collectri","520","0.405896123254988694",NA,"5","ARCHS4--Coexpression(rank=8); ENCODE--ChIP-seq(rank=103); ReMap--ChIP-seq(rank=199); Enrichr--Queries(rank=336); GTEx--Coexpression(rank=734)","17","0.004914000000000000","ARCHS4 Coexpression,0.004914"
"LMX1B","0.405668340827025020","-0.405668340827025020","0.684986307200605271106041982420720160","LD_HCT116=-0.4057","Repressed","521","collectri","521","0.405668340827025020",NA,"3","ARCHS4--Coexpression(rank=356); Enrichr--Queries(rank=403); GTEx--Coexpression(rank=617)","734","0.218700000000000006","ARCHS4 Coexpression,0.2187"
"AHR","0.399535477517173443","-0.399535477517173443","0.689498688075163457256167021114379168","LD_HCT116=-0.3995","Repressed","522","collectri","522","0.399535477517173443",NA,"5","Literature--ChIP-seq(rank=110); ReMap--ChIP-seq(rank=248); GTEx--Coexpression(rank=265); Enrichr--Queries(rank=327); ARCHS4--Coexpression(rank=574)","602","0.164899999999999991","GTEx Coexpression,0.1649"
"HIPK2","0.398952085441488191","0.398952085441488191","0.689928509706276171797867391433101147","LD_HCT116=0.399","Activated","523","collectri","523","0.398952085441488191",NA,"0","",NA,NA,NA
"ZBED1","0.396610871859155723","-0.396610871859155723","0.691654434160779874041224957181839272","LD_HCT116=-0.3966","Repressed","524","collectri","524","0.396610871859155723",NA,"4","ReMap--ChIP-seq(rank=174); Enrichr--Queries(rank=348); GTEx--Coexpression(rank=860); ARCHS4--Coexpression(rank=894)","805","0.247900000000000009","Enrichr Queries,0.2479"
"NFYB","0.392206863725929167","-0.392206863725929167","0.694905373080762278625854833080666140","LD_HCT116=-0.3922","Repressed","525","collectri","525","0.392206863725929167",NA,"5","ARCHS4--Coexpression(rank=12); ENCODE--ChIP-seq(rank=26); Enrichr--Queries(rank=56); ReMap--ChIP-seq(rank=167); GTEx--Coexpression(rank=1258)","26","0.007371000000000000","ARCHS4 Coexpression,0.007371"
"ENO1","0.384454878818142720","0.384454878818142720","0.700641332428020402467438998428406194","LD_HCT116=0.3845","Activated","526","collectri","526","0.384454878818142720",NA,"0","",NA,NA,NA
"TCF12","0.379709975192673799","0.379709975192673799","0.704160714677156573948479945102008060","LD_HCT116=0.3797","Activated","527","collectri","527","0.379709975192673799",NA,"5","ENCODE--ChIP-seq(rank=4); ReMap--ChIP-seq(rank=9); ARCHS4--Coexpression(rank=496); GTEx--Coexpression(rank=737); Enrichr--Queries(rank=1107)","114","0.030300000000000001","ReMap ChIP-seq,0.0303"
"CREB1","0.378217606426597519","0.378217606426597519","0.705268947199482520993285561416996643","LD_HCT116=0.3782","Activated","528","collectri","528","0.378217606426597519",NA,"6","Literature--ChIP-seq(rank=61); ENCODE--ChIP-seq(rank=69); ReMap--ChIP-seq(rank=89); GTEx--Coexpression(rank=1052); ARCHS4--Coexpression(rank=1057); Enrichr--Queries(rank=1147)","920","0.299700000000000022","ReMap ChIP-seq,0.2997"
"LRRFIP1","0.377748187988706796","0.377748187988706796","0.705617666627097017695291469863150269","LD_HCT116=0.3777","Activated","529","collectri","529","0.377748187988706796",NA,"0","",NA,NA,NA
"NR0B1","0.370500347220058479","0.370500347220058479","0.711009717889081960251473901735153049","LD_HCT116=0.3705","Activated","530","collectri","530","0.370500347220058479",NA,"4","Literature--ChIP-seq(rank=76); Enrichr--Queries(rank=252); GTEx--Coexpression(rank=270); ARCHS4--Coexpression(rank=702)","609","0.168000000000000010","GTEx Coexpression,0.168"
"DNMT3B","0.367863512141883786","0.367863512141883786","0.712975008469555970869180328008951619","LD_HCT116=0.3679","Activated","531","collectri","531","0.367863512141883786",NA,"0","",NA,NA,NA
"ARID1A","0.365619720815350158","-0.365619720815350158","0.714648857445903673557552338024834171","LD_HCT116=-0.3656","Repressed","532","collectri","532","0.365619720815350158",NA,"0","",NA,NA,NA
"ING4","0.364887597342557324","-0.364887597342557324","0.715195312842975883249607704783556983","LD_HCT116=-0.3649","Repressed","533","collectri","533","0.364887597342557324",NA,"0","",NA,NA,NA
"KAT7","0.364318632931254993","-0.364318632931254993","0.715620087498497148281728641450172290","LD_HCT116=-0.3643","Repressed","534","collectri","534","0.364318632931254993",NA,"2","ARCHS4--Coexpression(rank=821); GTEx--Coexpression(rank=1355)","1265","0.504299999999999971","ARCHS4 Coexpression,0.5043"
"NFKB2","0.359712827906813803","0.359712827906813803","0.719061898044679459474082250380888581","LD_HCT116=0.3597","Activated","535","collectri","535","0.359712827906813803",NA,"4","ReMap--ChIP-seq(rank=266); ARCHS4--Coexpression(rank=400); Enrichr--Queries(rank=417); GTEx--Coexpression(rank=1009)","802","0.245700000000000002","ARCHS4 Coexpression,0.2457"
"SMARCA5","0.357087287196274250","0.357087287196274250","0.721026461295089959868676032783696428","LD_HCT116=0.3571","Activated","536","collectri","536","0.357087287196274250",NA,"0","",NA,NA,NA
"FOXQ1","0.356848355858022770","-0.356848355858022770","0.721205333543585513922380414442159235","LD_HCT116=-0.3568","Repressed","537","collectri","537","0.356848355858022770",NA,"3","ARCHS4--Coexpression(rank=87); Enrichr--Queries(rank=95); GTEx--Coexpression(rank=350)","207","0.053440000000000001","ARCHS4 Coexpression,0.05344"
"FOXI1","0.355067965739306157","0.355067965739306157","0.722538674692345006533855666930321604","LD_HCT116=0.3551","Activated","538","collectri","538","0.355067965739306157",NA,"3","GTEx--Coexpression(rank=487); Enrichr--Queries(rank=504); ARCHS4--Coexpression(rank=722)","929","0.302999999999999992","GTEx Coexpression,0.303"
"ETV3","0.355051815465268539","0.355051815465268539","0.722550773560438286402529683982720599","LD_HCT116=0.3551","Activated","539","collectri","539","0.355051815465268539",NA,"3","Enrichr--Queries(rank=436); GTEx--Coexpression(rank=555); ARCHS4--Coexpression(rank=848)","942","0.310499999999999998","Enrichr Queries,0.3105"
"STAT5B","0.346358219936318157","0.346358219936318157","0.729073519797917568574519009416690096","LD_HCT116=0.3464","Activated","540","collectri","540","0.346358219936318157",NA,"4","ReMap--ChIP-seq(rank=237); ARCHS4--Coexpression(rank=760); Enrichr--Queries(rank=1008); GTEx--Coexpression(rank=1026)","1211","0.466799999999999993","ARCHS4 Coexpression,0.4668"
"MAZ","0.344246345019088407","-0.344246345019088407","0.730661031447107922609518482204293832","LD_HCT116=-0.3442","Repressed","541","collectri","541","0.344246345019088407",NA,"5","ReMap--ChIP-seq(rank=21); ENCODE--ChIP-seq(rank=48); Enrichr--Queries(rank=261); ARCHS4--Coexpression(rank=1088); GTEx--Coexpression(rank=1090)","283","0.070709999999999995","ReMap ChIP-seq,0.07071"
"ZFPM1","0.343592277928566447","0.343592277928566447","0.731152932860105742030043529666727409","LD_HCT116=0.3436","Activated","542","collectri","542","0.343592277928566447",NA,"3","Enrichr--Queries(rank=221); ARCHS4--Coexpression(rank=380); GTEx--Coexpression(rank=815)","574","0.157400000000000012","Enrichr Queries,0.1574"
"FOXL2","0.341193696304386840","0.341193696304386840","0.732957768500442807813044510112376884","LD_HCT116=0.3412","Activated","543","collectri","543","0.341193696304386840",NA,"3","ARCHS4--Coexpression(rank=354); Enrichr--Queries(rank=494); GTEx--Coexpression(rank=755)","730","0.217400000000000010","ARCHS4 Coexpression,0.2174"
"FOXN1","0.337055959563287599","0.337055959563287599","0.736074715973951132497177241020835936","LD_HCT116=0.3371","Activated","544","collectri","544","0.337055959563287599",NA,"3","GTEx--Coexpression(rank=425); ARCHS4--Coexpression(rank=573); Enrichr--Queries(rank=618)","841","0.264500000000000013","GTEx Coexpression,0.2645"
"ZBTB4","0.333349683699485977","-0.333349683699485977","0.738870339689251753867438310408033431","LD_HCT116=-0.3333","Repressed","545","collectri","545","0.333349683699485977",NA,"3","ARCHS4--Coexpression(rank=298); GTEx--Coexpression(rank=701); Enrichr--Queries(rank=860)","643","0.182999999999999996","ARCHS4 Coexpression,0.183"
"POU4F1","0.332688080264935349","-0.332688080264935349","0.739369748079437449916895275237038732","LD_HCT116=-0.3327","Repressed","546","collectri","546","0.332688080264935349",NA,"3","GTEx--Coexpression(rank=113); ARCHS4--Coexpression(rank=310); Enrichr--Queries(rank=784)","281","0.070319999999999994","GTEx Coexpression,0.07032"
"MAFB","0.331749779232950515","0.331749779232950515","0.740078208882113730560092790256021544","LD_HCT116=0.3317","Activated","547","collectri","547","0.331749779232950515",NA,"4","ReMap--ChIP-seq(rank=236); Enrichr--Queries(rank=370); ARCHS4--Coexpression(rank=653); GTEx--Coexpression(rank=1222)","838","0.263500000000000012","Enrichr Queries,0.2635"
"TET1","0.330471397767824637","0.330471397767824637","0.741043801043837380149170712684281170","LD_HCT116=0.3305","Activated","548","collectri","548","0.330471397767824637",NA,"3","Literature--ChIP-seq(rank=20); ARCHS4--Coexpression(rank=127); GTEx--Coexpression(rank=993)","309","0.078009999999999996","ARCHS4 Coexpression,0.07801"
"HOXC6","0.328384091741374673","0.328384091741374673","0.742621269655913796015056504984386265","LD_HCT116=0.3284","Activated","549","collectri","549","0.328384091741374673",NA,"3","Enrichr--Queries(rank=116); ARCHS4--Coexpression(rank=322); GTEx--Coexpression(rank=757)","322","0.082619999999999999","Enrichr Queries,0.08262"
"OTX2","0.328359256203399730","0.328359256203399730","0.742640045483568989048706043831771240","LD_HCT116=0.3284","Activated","550","collectri","550","0.328359256203399730",NA,"4","ReMap--ChIP-seq(rank=293); ARCHS4--Coexpression(rank=622); GTEx--Coexpression(rank=840); Enrichr--Queries(rank=1071)","1065","0.382099999999999995","ARCHS4 Coexpression,0.3821"
"NFE2L2","0.323409104272662784","-0.323409104272662784","0.746385435498963745182265938638010994","LD_HCT116=-0.3234","Repressed","551","collectri","551","0.323409104272662784",NA,"5","Literature--ChIP-seq(rank=106); ReMap--ChIP-seq(rank=110); GTEx--Coexpression(rank=115); ARCHS4--Coexpression(rank=166); Enrichr--Queries(rank=316)","286","0.071559999999999999","GTEx Coexpression,0.07156"
"BACH2","0.318858780303838074","0.318858780303838074","0.749833602554197842238181692664511502","LD_HCT116=0.3189","Activated","552","collectri","552","0.318858780303838074",NA,"4","ReMap--ChIP-seq(rank=258); Enrichr--Queries(rank=563); ARCHS4--Coexpression(rank=908); GTEx--Coexpression(rank=1303)","1093","0.401000000000000023","Enrichr Queries,0.401"
"KMT2A","0.312837010549355532","-0.312837010549355532","0.754404495304135780386900478333700448","LD_HCT116=-0.3128","Repressed","553","collectri","553","0.312837010549355532",NA,"3","ReMap--ChIP-seq(rank=259); GTEx--Coexpression(rank=1343); ARCHS4--Coexpression(rank=1552)","1590","0.835699999999999998","GTEx Coexpression,0.8357"
"HMGB2","0.310291515452603417","-0.310291515452603417","0.756339282659760692162365103285992518","LD_HCT116=-0.3103","Repressed","554","collectri","554","0.310291515452603417",NA,"0","",NA,NA,NA
"USF2","0.307494702409398579","0.307494702409398579","0.758466854708294890841102642298210412","LD_HCT116=0.3075","Activated","555","collectri","555","0.307494702409398579",NA,"5","ENCODE--ChIP-seq(rank=65); ReMap--ChIP-seq(rank=127); GTEx--Coexpression(rank=567); Enrichr--Queries(rank=865); ARCHS4--Coexpression(rank=945)","1012","0.352800000000000002","GTEx Coexpression,0.3528"
"PRDM2","0.300967937526797236","0.300967937526797236","0.763438943766311162164583947742357850","LD_HCT116=0.301","Activated","556","collectri","556","0.300967937526797236",NA,"3","ARCHS4--Coexpression(rank=1146); Enrichr--Queries(rank=1227); GTEx--Coexpression(rank=1290)","1497","0.703899999999999970","ARCHS4 Coexpression,0.7039"
"HEY1","0.299766866685089617","0.299766866685089617","0.764354990250657451156257593538612127","LD_HCT116=0.2998","Activated","557","collectri","557","0.299766866685089617",NA,"3","Enrichr--Queries(rank=231); GTEx--Coexpression(rank=495); ARCHS4--Coexpression(rank=669)","599","0.164500000000000007","Enrichr Queries,0.1645"
"NR0B2","0.299325096085315157","0.299325096085315157","0.764692007961966346840654296102002263","LD_HCT116=0.2993","Activated","558","collectri","558","0.299325096085315157",NA,"0","",NA,NA,NA
"ZNF300","0.297835590742087597","-0.297835590742087597","0.765828649088266977251748812705045566","LD_HCT116=-0.2978","Repressed","559","collectri","559","0.297835590742087597",NA,"3","Enrichr--Queries(rank=124); ARCHS4--Coexpression(rank=550); GTEx--Coexpression(rank=754)","342","0.088319999999999996","Enrichr Queries,0.08832"
"ABL1","0.286052998016511073","-0.286052998016511073","0.774837530100046079084563643846195191","LD_HCT116=-0.2861","Repressed","560","collectri","560","0.286052998016511073",NA,"0","",NA,NA,NA
"SP1","0.284319800917984145","0.284319800917984145","0.776165313091930708644383685168577358","LD_HCT116=0.2843","Activated","561","collectri","561","0.284319800917984145",NA,"5","ENCODE--ChIP-seq(rank=8); ReMap--ChIP-seq(rank=71); GTEx--Coexpression(rank=315); Enrichr--Queries(rank=995); ARCHS4--Coexpression(rank=1477)","270","0.067799999999999999","ENCODE ChIP-seq,0.0678"
"MNT","0.279289411236640084","-0.279289411236640084","0.780022731722730844339253053476568311","LD_HCT116=-0.2793","Repressed","562","collectri","562","0.279289411236640084",NA,"4","ReMap--ChIP-seq(rank=80); GTEx--Coexpression(rank=201); ARCHS4--Coexpression(rank=256); Enrichr--Queries(rank=694)","473","0.125099999999999989","GTEx Coexpression,0.1251"
"BTG2","0.278434641299148800","-0.278434641299148800","0.780678730521766062189215062971925363","LD_HCT116=-0.2784","Repressed","563","collectri","563","0.278434641299148800",NA,"0","",NA,NA,NA
"KLF4","0.277240846440903355","0.277240846440903355","0.781595177446950950539417135587427765","LD_HCT116=0.2772","Activated","564","collectri","564","0.277240846440903355",NA,"5","Literature--ChIP-seq(rank=10); ReMap--ChIP-seq(rank=17); ARCHS4--Coexpression(rank=107); Enrichr--Queries(rank=239); GTEx--Coexpression(rank=464)","225","0.057239999999999999","ReMap ChIP-seq,0.05724"
"MITF","0.273225026669206117","0.273225026669206117","0.784680243121391063354508332849945873","LD_HCT116=0.2732","Activated","565","collectri","565","0.273225026669206117",NA,"5","Literature--ChIP-seq(rank=36); ReMap--ChIP-seq(rank=171); Enrichr--Queries(rank=449); GTEx--Coexpression(rank=548); ARCHS4--Coexpression(rank=1114)","737","0.219500000000000001","Literature ChIP-seq,0.2195"
"NFIC","0.264795324494595863","0.264795324494595863","0.791167138885495502265143841214012355","LD_HCT116=0.2648","Activated","566","collectri","566","0.264795324494595863",NA,"5","ENCODE--ChIP-seq(rank=41); ReMap--ChIP-seq(rank=112); ARCHS4--Coexpression(rank=203); Enrichr--Queries(rank=507); GTEx--Coexpression(rank=875)","472","0.124700000000000005","ARCHS4 Coexpression,0.1247"
"CREB5","0.264726441583653105","0.264726441583653105","0.791220206540279802354120874952059239","LD_HCT116=0.2647","Activated","567","collectri","567","0.264726441583653105",NA,"3","Enrichr--Queries(rank=505); ARCHS4--Coexpression(rank=902); GTEx--Coexpression(rank=1292)","1029","0.359700000000000020","Enrichr Queries,0.3597"
"TBX3","0.263096281212313876","0.263096281212313876","0.792476370170386190672218162944773212","LD_HCT116=0.2631","Activated","568","collectri","568","0.263096281212313876",NA,"4","Literature--ChIP-seq(rank=131); GTEx--Coexpression(rank=328); Enrichr--Queries(rank=419); ARCHS4--Coexpression(rank=489)","695","0.204100000000000004","GTEx Coexpression,0.2041"
"NKX2-5","0.260563518625513857","-0.260563518625513857","0.794429125937247015976083730492973700","LD_HCT116=-0.2606","Repressed","569","collectri","569","0.260563518625513857",NA,"0","",NA,NA,NA
"TBXT","0.250969069682973056","-0.250969069682973056","0.801838022824990170889236651419196278","LD_HCT116=-0.251","Repressed","570","collectri","570","0.250969069682973056",NA,"4","GTEx--Coexpression(rank=75); ARCHS4--Coexpression(rank=115); ReMap--ChIP-seq(rank=157); Enrichr--Queries(rank=1068)","176","0.046670000000000003","GTEx Coexpression,0.04667"
"ZNF699","0.249112741636787427","-0.249112741636787427","0.803273573689515241191827499278588220","LD_HCT116=-0.2491","Repressed","571","collectri","571","0.249112741636787427",NA,"3","Enrichr--Queries(rank=908); GTEx--Coexpression(rank=1472); ARCHS4--Coexpression(rank=1549)","1452","0.646700000000000164","Enrichr Queries,0.6467"
"BHLHA15","0.248516776097162662","0.248516776097162662","0.803734591689304167516638699453324080","LD_HCT116=0.2485","Activated","572","collectri","572","0.248516776097162662",NA,"2","GTEx--Coexpression(rank=1007); ARCHS4--Coexpression(rank=1078)","1433","0.626600000000000046","GTEx Coexpression,0.6266"
"TTF1","0.247427814371166899","0.247427814371166899","0.804577150485606962249107709794770926","LD_HCT116=0.2474","Activated","573","collectri","573","0.247427814371166899",NA,"2","ARCHS4--Coexpression(rank=46); GTEx--Coexpression(rank=1319)","109","0.028260000000000000","ARCHS4 Coexpression,0.02826"
"ZBTB7A","0.246102463033736812","0.246102463033736812","0.805602916481334974108108326618093997","LD_HCT116=0.2461","Activated","574","collectri","574","0.246102463033736812",NA,"5","ReMap--ChIP-seq(rank=1); ENCODE--ChIP-seq(rank=5); ARCHS4--Coexpression(rank=121); GTEx--Coexpression(rank=123); Enrichr--Queries(rank=632)","11","0.003367000000000000","ReMap ChIP-seq,0.003367"
"NR2F1","0.245947244496739131","-0.245947244496739131","0.805723071000252866191715384047711268","LD_HCT116=-0.2459","Repressed","575","collectri","575","0.245947244496739131",NA,"4","ReMap--ChIP-seq(rank=6); ARCHS4--Coexpression(rank=125); Enrichr--Queries(rank=365); GTEx--Coexpression(rank=869)","75","0.020199999999999999","ReMap ChIP-seq,0.0202"
"SOX17","0.242328431327033689","-0.242328431327033689","0.808525685161615936813461757992627099","LD_HCT116=-0.2423","Repressed","576","collectri","576","0.242328431327033689",NA,"4","Literature--ChIP-seq(rank=105); GTEx--Coexpression(rank=348); ARCHS4--Coexpression(rank=412); Enrichr--Queries(rank=579)","728","0.216599999999999987","GTEx Coexpression,0.2166"
"ZNF395","0.239442952484780452","-0.239442952484780452","0.810762127194749937508788661943981424","LD_HCT116=-0.2394","Repressed","577","collectri","577","0.239442952484780452",NA,"3","ARCHS4--Coexpression(rank=270); Enrichr--Queries(rank=480); GTEx--Coexpression(rank=1054)","606","0.165800000000000003","ARCHS4 Coexpression,0.1658"
"NR2F2","0.237406195820850013","0.237406195820850013","0.812341683546534687465623392199631780","LD_HCT116=0.2374","Activated","578","collectri","578","0.237406195820850013",NA,"5","ENCODE--ChIP-seq(rank=44); ReMap--ChIP-seq(rank=48); ARCHS4--Coexpression(rank=141); Enrichr--Queries(rank=406); GTEx--Coexpression(rank=529)","336","0.086610000000000006","ARCHS4 Coexpression,0.08661"
"EBF3","0.236291232622017122","0.236291232622017122","0.813206689698986684433634763990994543","LD_HCT116=0.2363","Activated","579","collectri","579","0.236291232622017122",NA,"3","ARCHS4--Coexpression(rank=186); GTEx--Coexpression(rank=518); Enrichr--Queries(rank=619)","435","0.114300000000000013","ARCHS4 Coexpression,0.1143"
"NR1H3","0.232935226306791032","-0.232935226306791032","0.815811704066522258571581005526240915","LD_HCT116=-0.2329","Repressed","580","collectri","580","0.232935226306791032",NA,"5","Literature--ChIP-seq(rank=28); ReMap--ChIP-seq(rank=243); Enrichr--Queries(rank=389); GTEx--Coexpression(rank=581); ARCHS4--Coexpression(rank=781)","616","0.170699999999999991","Literature ChIP-seq,0.1707"
"TCF7L2","0.230377246496765054","0.230377246496765054","0.817798640344651439626488809153670445","LD_HCT116=0.2304","Activated","581","collectri","581","0.230377246496765054",NA,"6","ReMap--ChIP-seq(rank=3); ENCODE--ChIP-seq(rank=36); Literature--ChIP-seq(rank=156); GTEx--Coexpression(rank=381); ARCHS4--Coexpression(rank=410); Enrichr--Queries(rank=721)","38","0.010100000000000000","ReMap ChIP-seq,0.0101"
"SKIL","0.230243902871747785","0.230243902871747785","0.817902248558334710182293747493531555","LD_HCT116=0.2302","Activated","582","collectri","582","0.230243902871747785",NA,"3","GTEx--Coexpression(rank=149); ARCHS4--Coexpression(rank=409); Enrichr--Queries(rank=481)","357","0.092719999999999997","GTEx Coexpression,0.09272"
"MXD1","0.228501616217058612","0.228501616217058612","0.819256299796628617571059294277802110","LD_HCT116=0.2285","Activated","583","collectri","583","0.228501616217058612",NA,"3","Enrichr--Queries(rank=426); ARCHS4--Coexpression(rank=820); GTEx--Coexpression(rank=1447)","930","0.303400000000000003","Enrichr Queries,0.3034"
"PITX2","0.220085562354858516","0.220085562354858516","0.825804518725629765896201206487603486","LD_HCT116=0.2201","Activated","584","collectri","584","0.220085562354858516",NA,"3","Enrichr--Queries(rank=424); ARCHS4--Coexpression(rank=474); GTEx--Coexpression(rank=940)","900","0.291200000000000014","ARCHS4 Coexpression,0.2912"
"CRX","0.213380168838867457","0.213380168838867457","0.831030447298496621755248270346783102","LD_HCT116=0.2134","Activated","585","collectri","585","0.213380168838867457",NA,"4","Literature--ChIP-seq(rank=151); Enrichr--Queries(rank=655); GTEx--Coexpression(rank=1236); ARCHS4--Coexpression(rank=1499)","1209","0.466500000000000026","Enrichr Queries,0.4665"
"TADA2A","0.213035845951606184","-0.213035845951606184","0.831299003352213294881778438139008358","LD_HCT116=-0.213","Repressed","586","collectri","586","0.213035845951606184",NA,"0","",NA,NA,NA
"MYCN","0.210903880982170333","0.210903880982170333","0.832962275657629813707671928568743169","LD_HCT116=0.2109","Activated","587","collectri","587","0.210903880982170333",NA,"5","ReMap--ChIP-seq(rank=24); Literature--ChIP-seq(rank=46); ARCHS4--Coexpression(rank=91); Enrichr--Queries(rank=136); GTEx--Coexpression(rank=303)","218","0.055899999999999998","ARCHS4 Coexpression,0.0559"
"SOX11","0.210854840654407544","-0.210854840654407544","0.833000543754532696283376935753040016","LD_HCT116=-0.2109","Repressed","588","collectri","588","0.210854840654407544",NA,"5","Literature--ChIP-seq(rank=57); ReMap--ChIP-seq(rank=246); Enrichr--Queries(rank=513); ARCHS4--Coexpression(rank=608); GTEx--Coexpression(rank=641)","1001","0.347600000000000020","Literature ChIP-seq,0.3476"
"CREBZF","0.207158125890096328","-0.207158125890096328","0.835886368611805652406587796576786786","LD_HCT116=-0.2072","Repressed","589","collectri","589","0.207158125890096328",NA,"3","GTEx--Coexpression(rank=707); ARCHS4--Coexpression(rank=964); Enrichr--Queries(rank=1114)","1167","0.440000000000000002","GTEx Coexpression,0.44"
"GLIS3","0.206849806565695543","-0.206849806565695543","0.836127157203585658074018738261656836","LD_HCT116=-0.2068","Repressed","590","collectri","590","0.206849806565695543",NA,"3","GTEx--Coexpression(rank=200); Enrichr--Queries(rank=517); ARCHS4--Coexpression(rank=547)","470","0.124500000000000000","GTEx Coexpression,0.1245"
"KDM5C","0.205285700868964471","0.205285700868964471","0.837348915210826771904351062403293326","LD_HCT116=0.2053","Activated","591","collectri","591","0.205285700868964471",NA,"0","",NA,NA,NA
"PEG3","0.197995925623189212","-0.197995925623189212","0.843048251510811641473708277771947905","LD_HCT116=-0.198","Repressed","592","collectri","592","0.197995925623189212",NA,"2","GTEx--Coexpression(rank=355); ARCHS4--Coexpression(rank=490)","744","0.220900000000000013","GTEx Coexpression,0.2209"
"JUND","0.193272504136015849","0.193272504136015849","0.846745558850361290659236601641168818","LD_HCT116=0.1933","Activated","593","collectri","593","0.193272504136015849",NA,"6","ENCODE--ChIP-seq(rank=10); ReMap--ChIP-seq(rank=45); Literature--ChIP-seq(rank=100); ARCHS4--Coexpression(rank=158); Enrichr--Queries(rank=366); GTEx--Coexpression(rank=989)","328","0.084750000000000006","ENCODE ChIP-seq,0.08475"
"TBX6","0.191282516599100172","0.191282516599100172","0.848304257920291848726890293619362637","LD_HCT116=0.1913","Activated","594","collectri","594","0.191282516599100172",NA,"3","GTEx--Coexpression(rank=83); Enrichr--Queries(rank=222); ARCHS4--Coexpression(rank=1416)","199","0.051650000000000001","GTEx Coexpression,0.05165"
"MBD2","0.190287100791567854","0.190287100791567854","0.849084161060567610412874728353926912","LD_HCT116=0.1903","Activated","595","collectri","595","0.190287100791567854",NA,"4","ReMap--ChIP-seq(rank=30); GTEx--Coexpression(rank=597); ARCHS4--Coexpression(rank=887); Enrichr--Queries(rank=1051)","386","0.101000000000000006","ReMap ChIP-seq,0.101"
"ZBTB33","0.187417724262496810","-0.187417724262496810","0.851333126866164024981742386444238946","LD_HCT116=-0.1874","Repressed","596","collectri","596","0.187417724262496810",NA,"5","ENCODE--ChIP-seq(rank=78); ReMap--ChIP-seq(rank=97); ARCHS4--Coexpression(rank=617); GTEx--Coexpression(rank=684); Enrichr--Queries(rank=1143)","969","0.326600000000000001","ReMap ChIP-seq,0.3266"
"TFAP2B","0.183874164109843419","-0.183874164109843419","0.854112173269584662449460665811784565","LD_HCT116=-0.1839","Repressed","597","collectri","597","0.183874164109843419",NA,"3","GTEx--Coexpression(rank=99); ARCHS4--Coexpression(rank=253); Enrichr--Queries(rank=1078)","244","0.061609999999999998","GTEx Coexpression,0.06161"
"BCLAF1","0.182483407812233628","-0.182483407812233628","0.855203374388853077014971404423704371","LD_HCT116=-0.1825","Repressed","598","collectri","598","0.182483407812233628",NA,"0","",NA,NA,NA
"NFE2","0.177446902783631538","0.177446902783631538","0.859157368719521974398389829730149359","LD_HCT116=0.1774","Activated","599","collectri","599","0.177446902783631538",NA,"5","ENCODE--ChIP-seq(rank=97); ReMap--ChIP-seq(rank=225); Enrichr--Queries(rank=589); GTEx--Coexpression(rank=821); ARCHS4--Coexpression(rank=1149)","1131","0.419499999999999984","Enrichr Queries,0.4195"
"GLI2","0.176232698493545281","0.176232698493545281","0.860111133105666558762436579854693264","LD_HCT116=0.1762","Activated","600","collectri","600","0.176232698493545281",NA,"3","ARCHS4--Coexpression(rank=185); Enrichr--Queries(rank=199); GTEx--Coexpression(rank=279)","434","0.113600000000000007","ARCHS4 Coexpression,0.1136"
"POU4F2","0.172155737739561859","-0.172155737739561859","0.863315094438027785805900293780723587","LD_HCT116=-0.1722","Repressed","601","collectri","601","0.172155737739561859",NA,"4","ReMap--ChIP-seq(rank=208); ARCHS4--Coexpression(rank=276); Enrichr--Queries(rank=1165); GTEx--Coexpression(rank=1384)","613","0.169500000000000012","ARCHS4 Coexpression,0.1695"
"TRIM28","0.171823080419992474","0.171823080419992474","0.863576619823253177621324994106544182","LD_HCT116=0.1718","Activated","602","collectri","602","0.171823080419992474",NA,"0","",NA,NA,NA
"OVOL1","0.171369112492922943","-0.171369112492922943","0.863933540148819623105680420849239454","LD_HCT116=-0.1714","Repressed","603","collectri","603","0.171369112492922943",NA,"3","Enrichr--Queries(rank=71); GTEx--Coexpression(rank=145); ARCHS4--Coexpression(rank=566)","194","0.050569999999999997","Enrichr Queries,0.05057"
"MAX","0.169666358551985280","0.169666358551985280","0.865272532409259942376422714005457237","LD_HCT116=0.1697","Activated","604","collectri","604","0.169666358551985280",NA,"5","ReMap--ChIP-seq(rank=25); ENCODE--ChIP-seq(rank=40); ARCHS4--Coexpression(rank=1062); Enrichr--Queries(rank=1102); GTEx--Coexpression(rank=1138)","326","0.084180000000000005","ReMap ChIP-seq,0.08418"
"ARID3B","0.164336378890060170","-0.164336378890060170","0.869466344765563503571570436179172248","LD_HCT116=-0.1643","Repressed","605","collectri","605","0.164336378890060170",NA,"2","ARCHS4--Coexpression(rank=252); GTEx--Coexpression(rank=1284)","568","0.154799999999999993","ARCHS4 Coexpression,0.1548"
"HOXD1","0.163886056313266720","0.163886056313266720","0.869820844131210302307977144664619118","LD_HCT116=0.1639","Activated","606","collectri","606","0.163886056313266720",NA,"3","Enrichr--Queries(rank=442); GTEx--Coexpression(rank=530); ARCHS4--Coexpression(rank=725)","950","0.314800000000000024","Enrichr Queries,0.3148"
"PHOX2A","0.162298816834633625","0.162298816834633625","0.871070546357679997839795760228298604","LD_HCT116=0.1623","Activated","607","collectri","607","0.162298816834633625",NA,"3","GTEx--Coexpression(rank=80); ARCHS4--Coexpression(rank=246); Enrichr--Queries(rank=600)","191","0.049779999999999998","GTEx Coexpression,0.04978"
"HOXA10","0.157647477188622903","0.157647477188622903","0.874734589931319250766250661399681121","LD_HCT116=0.1576","Activated","608","collectri","608","0.157647477188622903",NA,"3","Enrichr--Queries(rank=273); ARCHS4--Coexpression(rank=351); GTEx--Coexpression(rank=979)","670","0.194399999999999989","Enrichr Queries,0.1944"
"POU3F2","0.156402140716498189","0.156402140716498189","0.875716049893236814227748254779726267","LD_HCT116=0.1564","Activated","609","collectri","609","0.156402140716498189",NA,"4","Literature--ChIP-seq(rank=87); GTEx--Coexpression(rank=562); ARCHS4--Coexpression(rank=661); Enrichr--Queries(rank=785)","1007","0.349700000000000011","GTEx Coexpression,0.3497"
"NANOG","0.153990241793533267","0.153990241793533267","0.877617429732913567619334571645595133","LD_HCT116=0.154","Activated","610","collectri","610","0.153990241793533267",NA,"6","Literature--ChIP-seq(rank=21); ENCODE--ChIP-seq(rank=75); ReMap--ChIP-seq(rank=106); GTEx--Coexpression(rank=235); Enrichr--Queries(rank=276); ARCHS4--Coexpression(rank=421)","483","0.128000000000000003","Literature ChIP-seq,0.128"
"GATA5","0.143064218681492689","-0.143064218681492689","0.886239463556416806611082392919342965","LD_HCT116=-0.1431","Repressed","611","collectri","611","0.143064218681492689",NA,"3","Enrichr--Queries(rank=495); ARCHS4--Coexpression(rank=818); GTEx--Coexpression(rank=847)","1011","0.352600000000000025","Enrichr Queries,0.3526"
"JARID2","0.140778826853386302","0.140778826853386302","0.888044670188479323691410627361619845","LD_HCT116=0.1408","Activated","612","collectri","612","0.140778826853386302",NA,"0","",NA,NA,NA
"ZFPM2","0.135822672901636354","0.135822672901636354","0.891961466772424715898637259670067579","LD_HCT116=0.1358","Activated","613","collectri","613","0.135822672901636354",NA,"3","Enrichr--Queries(rank=502); GTEx--Coexpression(rank=1130); ARCHS4--Coexpression(rank=1334)","1022","0.357499999999999984","Enrichr Queries,0.3575"
"MLXIPL","0.128849660540872130","0.128849660540872130","0.897476609582795958885981235653162003","LD_HCT116=0.1288","Activated","614","collectri","614","0.128849660540872130",NA,"3","Enrichr--Queries(rank=203); ARCHS4--Coexpression(rank=596); GTEx--Coexpression(rank=1022)","535","0.144600000000000006","Enrichr Queries,0.1446"
"BARX1","0.124728041123405325","0.124728041123405325","0.900738857142072801842402895999839529","LD_HCT116=0.1247","Activated","615","collectri","615","0.124728041123405325",NA,"3","ARCHS4--Coexpression(rank=544); GTEx--Coexpression(rank=643); Enrichr--Queries(rank=648)","977","0.334199999999999997","ARCHS4 Coexpression,0.3342"
"BCL11B","0.124185572900303645","-0.124185572900303645","0.901168344967734680217574805283220485","LD_HCT116=-0.1242","Repressed","616","collectri","616","0.124185572900303645",NA,"4","Literature--ChIP-seq(rank=127); GTEx--Coexpression(rank=311); Enrichr--Queries(rank=807); ARCHS4--Coexpression(rank=1299)","668","0.193500000000000005","GTEx Coexpression,0.1935"
"YAP1","0.122567924220506885","0.122567924220506885","0.902449255645050074647883775469381362","LD_HCT116=0.1226","Activated","617","collectri","617","0.122567924220506885",NA,"0","",NA,NA,NA
"NOTO","0.121087350075274047","-0.121087350075274047","0.903621848625600465609863931604195386","LD_HCT116=-0.1211","Repressed","618","collectri","618","0.121087350075274047",NA,"3","GTEx--Coexpression(rank=498); Enrichr--Queries(rank=1121); ARCHS4--Coexpression(rank=1555)","941","0.309900000000000009","GTEx Coexpression,0.3099"
"HMGA1","0.100559184566809443","-0.100559184566809443","0.919900398404440933219916587404441088","LD_HCT116=-0.1006","Repressed","619","collectri","619","0.100559184566809443",NA,"3","GTEx--Coexpression(rank=14); Enrichr--Queries(rank=63); ARCHS4--Coexpression(rank=292)","32","0.008711999999999999","GTEx Coexpression,0.008712"
"TOX3","0.100350379687842717","0.100350379687842717","0.920066162105454665720571938436478376","LD_HCT116=0.1004","Activated","620","collectri","620","0.100350379687842717",NA,"0","",NA,NA,NA
"PRDM1","0.098147322506171683","-0.098147322506171683","0.921815310965013789967770208022557199","LD_HCT116=-0.09815","Repressed","621","collectri","621","0.098147322506171683",NA,"5","ENCODE--ChIP-seq(rank=51); GTEx--Coexpression(rank=119); ReMap--ChIP-seq(rank=169); Enrichr--Queries(rank=285); ARCHS4--Coexpression(rank=926)","296","0.074050000000000005","GTEx Coexpression,0.07405"
"HOXB7","0.097834967500090381","0.097834967500090381","0.922063340514951756965444928937358782","LD_HCT116=0.09783","Activated","622","collectri","622","0.097834967500090381",NA,"5","Literature--ChIP-seq(rank=55); Enrichr--Queries(rank=104); ARCHS4--Coexpression(rank=177); ReMap--ChIP-seq(rank=178); GTEx--Coexpression(rank=1137)","298","0.074069999999999997","Enrichr Queries,0.07407"
"PAX8","0.092452442473074645","0.092452442473074645","0.926338574733198027999492296657990664","LD_HCT116=0.09245","Activated","623","collectri","623","0.092452442473074645",NA,"4","ARCHS4--Coexpression(rank=124); ReMap--ChIP-seq(rank=255); GTEx--Coexpression(rank=260); Enrichr--Queries(rank=337)","303","0.076170000000000002","ARCHS4 Coexpression,0.07617"
"EPAS1","0.090055287561426112","-0.090055287561426112","0.928243280144045557200627172278473154","LD_HCT116=-0.09006","Repressed","624","collectri","624","0.090055287561426112",NA,"4","ARCHS4--Coexpression(rank=160); GTEx--Coexpression(rank=206); ReMap--ChIP-seq(rank=207); Enrichr--Queries(rank=315)","378","0.098280000000000006","ARCHS4 Coexpression,0.09828"
"CDX2","0.088190394387555951","0.088190394387555951","0.929725351738765026787802980834385380","LD_HCT116=0.08819","Activated","625","collectri","625","0.088190394387555951",NA,"5","Literature--ChIP-seq(rank=62); ReMap--ChIP-seq(rank=209); Enrichr--Queries(rank=602); ARCHS4--Coexpression(rank=851); GTEx--Coexpression(rank=1103)","1057","0.378000000000000003","Literature ChIP-seq,0.378"
"KLF2","0.079619123726096835","-0.079619123726096835","0.936540184967670774618397899757837877","LD_HCT116=-0.07962","Repressed","626","collectri","626","0.079619123726096835",NA,"4","Literature--ChIP-seq(rank=48); Enrichr--Queries(rank=244); GTEx--Coexpression(rank=448); ARCHS4--Coexpression(rank=621)","626","0.173800000000000010","Enrichr Queries,0.1738"
"KLF11","0.077956325990426859","0.077956325990426859","0.937862794028109236776913348876405507","LD_HCT116=0.07796","Activated","627","collectri","627","0.077956325990426859",NA,"3","Enrichr--Queries(rank=407); GTEx--Coexpression(rank=796); ARCHS4--Coexpression(rank=1321)","895","0.289899999999999991","Enrichr Queries,0.2899"
"TBPL2","0.061002005154781762","-0.061002005154781762","0.951357612149011155899813729774905369","LD_HCT116=-0.061","Repressed","628","collectri","628","0.061002005154781762",NA,"2","GTEx--Coexpression(rank=919); ARCHS4--Coexpression(rank=1568)","1357","0.571899999999999964","GTEx Coexpression,0.5719"
"DLX3","0.055212167462031878","0.055212167462031878","0.955969435489819052698123869049595669","LD_HCT116=0.05521","Activated","629","collectri","629","0.055212167462031878",NA,"3","Enrichr--Queries(rank=241); ARCHS4--Coexpression(rank=503); GTEx--Coexpression(rank=533)","620","0.171699999999999992","Enrichr Queries,0.1717"
"PBRM1","0.051301244707600585","0.051301244707600585","0.959085476279173843039416169631294906","LD_HCT116=0.0513","Activated","630","collectri","630","0.051301244707600585",NA,"0","",NA,NA,NA
"ZNF91","0.046352194295621173","-0.046352194295621173","0.963029538951598151896860144915990531","LD_HCT116=-0.04635","Repressed","631","collectri","631","0.046352194295621173",NA,"3","Enrichr--Queries(rank=610); GTEx--Coexpression(rank=1324); ARCHS4--Coexpression(rank=1450)","1160","0.434499999999999997","Enrichr Queries,0.4345"
"NFIA","0.044949810896250830","0.044949810896250830","0.964147313586726784073732687829760835","LD_HCT116=0.04495","Activated","632","collectri","632","0.044949810896250830",NA,"3","Enrichr--Queries(rank=667); ARCHS4--Coexpression(rank=828); GTEx--Coexpression(rank=889)","1224","0.475100000000000022","Enrichr Queries,0.4751"
"HDGF","0.043785858495036738","0.043785858495036738","0.965075099559748461608421621349407360","LD_HCT116=0.04379","Activated","633","collectri","633","0.043785858495036738",NA,"0","",NA,NA,NA
"POU3F1","0.042092278731727224","0.042092278731727224","0.966425135396861589853756413504015654","LD_HCT116=0.04209","Activated","634","collectri","634","0.042092278731727224",NA,"4","Literature--ChIP-seq(rank=84); ARCHS4--Coexpression(rank=229); Enrichr--Queries(rank=352); GTEx--Coexpression(rank=551)","523","0.140699999999999992","ARCHS4 Coexpression,0.1407"
"UBTF","0.038608149793376789","-0.038608149793376789","0.969202804543347173904521696385927498","LD_HCT116=-0.03861","Repressed","635","collectri","635","0.038608149793376789",NA,"0","",NA,NA,NA
"ZNF804A","0.037850446109475758","-0.037850446109475758","0.969806922985346098187164898263290524","LD_HCT116=-0.03785","Repressed","636","collectri","636","0.037850446109475758",NA,"3","Enrichr--Queries(rank=537); GTEx--Coexpression(rank=560); ARCHS4--Coexpression(rank=777)","1003","0.348499999999999921","GTEx Coexpression,0.3485"
"KDM5A","0.036293976155970867","-0.036293976155970867","0.971047953108182482218069253576686606","LD_HCT116=-0.03629","Repressed","637","collectri","637","0.036293976155970867",NA,"0","",NA,NA,NA
"GTF3A","0.036248701770509373","-0.036248701770509373","0.971084053086780030206170977180590853","LD_HCT116=-0.03625","Repressed","638","collectri","638","0.036248701770509373",NA,"3","Enrichr--Queries(rank=220); GTEx--Coexpression(rank=489); ARCHS4--Coexpression(rank=1220)","573","0.156700000000000006","Enrichr Queries,0.1567"
"HOXB9","0.035904160377490946","0.035904160377490946","0.971358778506498987681538892502430826","LD_HCT116=0.0359","Activated","639","collectri","639","0.035904160377490946",NA,"3","Enrichr--Queries(rank=123); ARCHS4--Coexpression(rank=468); GTEx--Coexpression(rank=1001)","339","0.087609999999999993","Enrichr Queries,0.08761"
"SATB1","0.032473292272514338","0.032473292272514338","0.974094614472341358002438482799334452","LD_HCT116=0.03247","Activated","640","collectri","640","0.032473292272514338",NA,"4","ReMap--ChIP-seq(rank=282); GTEx--Coexpression(rank=731); Enrichr--Queries(rank=828); ARCHS4--Coexpression(rank=1030)","1186","0.454900000000000027","GTEx Coexpression,0.4549"
"SCX","0.031630420455148432","-0.031630420455148432","0.974766783506726963715038891677977517","LD_HCT116=-0.03163","Repressed","641","collectri","641","0.031630420455148432",NA,"1","ARCHS4--Coexpression(rank=33)","76","0.020270000000000000","ARCHS4 Coexpression,0.02027"
"NR2C1","0.029506861868916937","0.029506861868916937","0.976460346345726648564777860883623362","LD_HCT116=0.02951","Activated","642","collectri","642","0.029506861868916937",NA,"3","ARCHS4--Coexpression(rank=1063); Enrichr--Queries(rank=1101); GTEx--Coexpression(rank=1500)","1457","0.652900000000000036","ARCHS4 Coexpression,0.6529"
"PRDM4","0.028858878976891371","-0.028858878976891371","0.976977141773230917110026894079055637","LD_HCT116=-0.02886","Repressed","643","collectri","643","0.028858878976891371",NA,"3","Enrichr--Queries(rank=1099); GTEx--Coexpression(rank=1533); ARCHS4--Coexpression(rank=1565)","1558","0.782800000000000051","Enrichr Queries,0.7828"
"NCOA2","0.025937371542854325","0.025937371542854325","0.979307291884546904370267839112784714","LD_HCT116=0.02594","Activated","644","collectri","644","0.025937371542854325",NA,"4","ReMap--ChIP-seq(rank=114); GTEx--Coexpression(rank=716); Enrichr--Queries(rank=1328); ARCHS4--Coexpression(rank=1373)","1066","0.383799999999999975","ReMap ChIP-seq,0.3838"
"NCOA1","0.025501375065787191","-0.025501375065787191","0.979655051701233126060230915754800662","LD_HCT116=-0.0255","Repressed","645","collectri","645","0.025501375065787191",NA,"4","ReMap--ChIP-seq(rank=182); ARCHS4--Coexpression(rank=563); GTEx--Coexpression(rank=1190); Enrichr--Queries(rank=1362)","998","0.345799999999999996","ARCHS4 Coexpression,0.3458"
"NKRF","0.025467175684198415","-0.025467175684198415","0.979682330000430034999681083718314767","LD_HCT116=-0.02547","Repressed","646","collectri","646","0.025467175684198415",NA,"3","ARCHS4--Coexpression(rank=117); GTEx--Coexpression(rank=418); Enrichr--Queries(rank=630)","287","0.071870000000000003","ARCHS4 Coexpression,0.07187"
"BRD4","0.022628480459274448","-0.022628480459274448","0.981946625519696802975033733673626557","LD_HCT116=-0.02263","Repressed","647","collectri","647","0.022628480459274448",NA,"0","",NA,NA,NA
"KLF13","0.021643603682370727","0.021643603682370727","0.982732250959011732760473023517988622","LD_HCT116=0.02164","Activated","648","collectri","648","0.021643603682370727",NA,"4","ReMap--ChIP-seq(rank=38); Enrichr--Queries(rank=485); GTEx--Coexpression(rank=710); ARCHS4--Coexpression(rank=742)","482","0.127900000000000014","ReMap ChIP-seq,0.1279"
"KLF7","0.019230451592755129","0.019230451592755129","0.984657265232846024005652907362673432","LD_HCT116=0.01923","Activated","649","collectri","649","0.019230451592755129",NA,"3","ARCHS4--Coexpression(rank=466); Enrichr--Queries(rank=479); GTEx--Coexpression(rank=574)","891","0.286200000000000010","ARCHS4 Coexpression,0.2862"
"HLX","0.014407192736556725","0.014407192736556725","0.988505121012345111530805752408923581","LD_HCT116=0.01441","Activated","650","collectri","650","0.014407192736556725",NA,"3","Enrichr--Queries(rank=324); ARCHS4--Coexpression(rank=526); GTEx--Coexpression(rank=606)","765","0.230800000000000005","Enrichr Queries,0.2308"
"SIX3","0.009987656082074269","0.009987656082074269","0.992031135900438121311140093894209713","LD_HCT116=0.009988","Activated","651","collectri","651","0.009987656082074269",NA,"3","ARCHS4--Coexpression(rank=479); GTEx--Coexpression(rank=1067); Enrichr--Queries(rank=1242)","906","0.294200000000000017","ARCHS4 Coexpression,0.2942"
"MTA3","0.007048834744909043","-0.007048834744909043","0.994375890158745501246073672518832609","LD_HCT116=-0.007049","Repressed","652","collectri","652","0.007048834744909043",NA,"0","",NA,NA,NA
"MBD1","0.004157586293069772","0.004157586293069772","0.996682735643332651243042619171319529","LD_HCT116=0.004158","Activated","653","collectri","653","0.004157586293069772",NA,"3","Enrichr--Queries(rank=1150); ARCHS4--Coexpression(rank=1202); GTEx--Coexpression(rank=1289)","1525","0.738299999999999956","ARCHS4 Coexpression,0.7383"
"ZGPAT","0.004122257518841997","0.004122257518841997","0.996710923685281580119976752030197531","LD_HCT116=0.004122","Activated","654","collectri","654","0.004122257518841997",NA,"3","ARCHS4--Coexpression(rank=504); GTEx--Coexpression(rank=897); Enrichr--Queries(rank=1232)","939","0.309599999999999986","ARCHS4 Coexpression,0.3096"
