"ID","Description","setSize","enrichmentScore","NES","pvalue","p.adjust","qvalue","rank","leading_edge","core_enrichment","log2err"
"GOBP_RIBOSOME_BIOGENESIS","GOBP_RIBOSOME_BIOGENESIS","321","-0.4909276645556090","-2.354606918140716","0.000000000100000000000000","0.000000242100000000000","0.0000001408224273463336","3363","tags=49%, list=24%, signal=38%","TBL3/RPL7A/BMS1/BRIX1/USP36/AATF/FAU/RPS5/NOP58/PWP1/MTERF3/GEMIN4/EIF5/METTL16/METTL17/KRR1/MPHOSPH6/SRFBP1/SNU13/RPL5/RPS15A/NOL7/SDAD1/WDR46/NLE1/DDX28/NGDN/RCL1/RPP40/LAS1L/DDX49/GTPBP4/TEX10/EXOSC5/COPRS/RPS23/ISG20L2/NDUFAB1/RPL35A/SURF6/RRP1/RPUSD1/NOL8/NIP7/GRWD1/NOP2/RRN3/MRTO4/LSG1/DDX51/RPL26/TCOF1/RPS12/LTO1/WDR3/WDR36/RPL35/EXOSC4/RRP15/DDX18/NOP14/EXOSC1/DDX47/PAK1IP1/MALSU1/NOC4L/EMG1/RPS27A/RPS16/NUP88/RPL7L1/IMP4/NMD3/C1QBP/EXOSC2/NOP16/RRP9/NOC2L/DDX31/NOL9/NOB1/FCF1/WDR77/RPS19BP1/NVL/PPAN/MCAT/RPS19/EIF2A/DHX37/PNO1/REXO4/MAK16/UTP4/RPS13/NOLC1/PES1/DIMT1/SENP3/RSL24D1/RRP8/MRPS2/EBNA1BP2/MTG1/DDX21/DCAF13/BOP1/RPF2/CDKN2A/TENT4B/AIRIM/MRM3/DDX3X/WDR74/WDR18/NAT10/RPS17/GAR1/DDX27/WBP11/DDX10/MYBBP1A/FBL/RIOK1/SUV39H1/TFB2M/RPS7/LYAR/MTG2/NSUN5/EIF6/TSR1/RRP7A/WDR43/POP7/GNL3L/RPS21/RIOK3/DDX56/DKC1/PA2G4/NOM1/BUD23/SBDS/NOL10/GTF3A/RPUSD4/RBM10/RPS25/RCC1L/EXOSC8/GTPBP10/TSR2/EIF1AX/CUL4A/DIS3",NA
"GOBP_RRNA_METABOLIC_PROCESS","GOBP_RRNA_METABOLIC_PROCESS","281","-0.4908488989053460","-2.329048198751135","0.000000000100000000000000","0.000000242100000000000","0.0000001408224273463336","3363","tags=47%, list=24%, signal=36%","TBL3/RPL7A/BMS1/BRIX1/USP36/AATF/NOP58/PWP1/DEDD/GEMIN4/METTL16/KRR1/MPHOSPH6/SRFBP1/SNU13/RPL5/POLR2E/NOL7/WDR46/NGDN/RCL1/RPP40/LAS1L/GTF3C5/DDX49/GTPBP4/TEX10/EXOSC5/COPRS/RPL35A/RRP1/RPUSD1/NOL8/NOP2/NCL/MRTO4/DDX51/RPL26/TCOF1/SPIN1/MYC/POLR1H/WDR3/WDR36/RPL35/EXOSC4/RRP15/DDX18/NOP14/EXOSC1/DDX47/PAK1IP1/NOC4L/TOP1/EMG1/RPS16/RPL7L1/IMP4/POLR1B/EXOSC2/RRP9/POLR1C/NOL9/NOB1/FCF1/TAF1B/WDR77/POLR2F/NVL/PPAN/RPS19/DHX37/PNO1/REXO4/MAK16/UTP4/NOLC1/POLR2H/DDX11/PES1/DIMT1/POLR1F/SENP3/RRP8/EBNA1BP2/DDX21/DCAF13/BOP1/RPF2/CDKN2A/TENT4B/MRM3/WDR74/GTF3C2/WDR18/NAT10/RPS17/GAR1/DDX27/WBP11/DDX10/FBL/RIOK1/SUV39H1/TFB2M/IPPK/RPS7/LYAR/NSUN5/EIF6/TSR1/RRP7A/POLR1G/NIFK/WDR43/POP7/RPS21/RIOK3/DDX56/DKC1/PA2G4/MARS1/BUD23/SBDS/NOL10/GTF3A/RPUSD4/RPS25/EXOSC8/TSR2/POLR1D/DIS3",NA
"GOBP_RRNA_PROCESSING","GOBP_RRNA_PROCESSING","230","-0.4864868238793318","-2.275314010837584","0.000000000100000000000000","0.000000242100000000000","0.0000001408224273463336","4043","tags=56%, list=29%, signal=40%","RPS28/NOP53/NOP9/PDCD11/RRS1/EXOSC7/ABT1/PELP1/RRP1B/FRG1/RIOK2/RPL11/UTP14A/MPHOSPH10/TRMT61B/NUDT16/UTP18/SART1/METTL5/TBL3/RPL7A/BMS1/BRIX1/USP36/AATF/NOP58/PWP1/GEMIN4/METTL16/KRR1/MPHOSPH6/SRFBP1/SNU13/RPL5/NOL7/WDR46/NGDN/RCL1/RPP40/LAS1L/DDX49/GTPBP4/TEX10/EXOSC5/COPRS/RPL35A/RRP1/RPUSD1/NOL8/NOP2/MRTO4/DDX51/RPL26/WDR3/WDR36/RPL35/EXOSC4/RRP15/DDX18/NOP14/EXOSC1/DDX47/PAK1IP1/NOC4L/EMG1/RPS16/RPL7L1/IMP4/EXOSC2/RRP9/NOL9/NOB1/FCF1/WDR77/NVL/PPAN/RPS19/DHX37/PNO1/REXO4/MAK16/UTP4/NOLC1/PES1/DIMT1/SENP3/RRP8/EBNA1BP2/DDX21/DCAF13/BOP1/RPF2/CDKN2A/TENT4B/MRM3/WDR74/WDR18/NAT10/RPS17/GAR1/DDX27/WBP11/DDX10/FBL/RIOK1/SUV39H1/TFB2M/RPS7/LYAR/NSUN5/EIF6/TSR1/RRP7A/WDR43/POP7/RPS21/RIOK3/DDX56/DKC1/PA2G4/BUD23/SBDS/NOL10/RPUSD4/RPS25/EXOSC8/TSR2/DIS3",NA
"GOBP_EXTRACELLULAR_MATRIX_DISASSEMBLY","GOBP_EXTRACELLULAR_MATRIX_DISASSEMBLY","43","0.6510489550172820","2.234555108902992","0.000002330892420684054517","0.000697191569923168446","0.0004055357670465989796","1874","tags=37%, list=14%, signal=32%","TIMP3/FURIN/KLK7/FSCN1/TGFB2/PBXIP1/LAMC1/STAT3/ADAM10/CST3/MMP15/DDR1/MMP14/PRSS2/CTSK/ADAM8","0.6272567397185284"
"GOBP_TRANSFORMING_GROWTH_FACTOR_BETA_PRODUCTION","GOBP_TRANSFORMING_GROWTH_FACTOR_BETA_PRODUCTION","31","0.6927574274148616","2.210172328846155","0.000006690669764791288188","0.001472555590959973622","0.0008565421425914832845","922","tags=39%, list=7%, signal=36%","THBS1/FURIN/CD24/WNT11/CD46/ITGB6/TGFB2/LGALS9/ITGAV/CHI3L1/FN1/HIF1A","0.6105268783859310"
"GOBP_RIBOSOMAL_LARGE_SUBUNIT_BIOGENESIS","GOBP_RIBOSOMAL_LARGE_SUBUNIT_BIOGENESIS","76","-0.5479919223596874","-2.159884292527514","0.000000467903034805491270","0.000283198311816023598","0.0001647281028100631691","2969","tags=57%, list=21%, signal=45%","RPL5/SDAD1/NLE1/DDX28/LAS1L/GTPBP4/TEX10/NDUFAB1/RPL35A/SURF6/NIP7/NOP2/MRTO4/RPL26/LTO1/RPL35/RRP15/DDX18/PAK1IP1/MALSU1/RPL7L1/NOP16/NOC2L/NOL9/NVL/PPAN/MAK16/PES1/SENP3/RSL24D1/EBNA1BP2/MTG1/BOP1/RPF2/AIRIM/MRM3/WDR74/WDR18/MTG2/EIF6/GTF3A/RCC1L/GTPBP10","0.6749628600110250"
"GOBP_REGULATION_OF_STRIATED_MUSCLE_CONTRACTION","GOBP_REGULATION_OF_STRIATED_MUSCLE_CONTRACTION","68","0.5697156778383857","2.108621862873371","0.000003430089133711143726","0.000922693976968297640","0.0005367038642483174709","1525","tags=34%, list=11%, signal=30%","CAMK2D/GJA5/JPH2/SCN5A/CAV1/TRPV4/CALM2/ATP1A1/DLG1/FGF13/DSC2/DMD/MYH7B/SLC9A1/JUP/ADRA1B/MYL3/ATP1B1/FKBP1A/ANK2/ATP2A2/MYBPH/ASPH","0.6272567397185284"
"GOBP_REGULATION_OF_ACTION_POTENTIAL","GOBP_REGULATION_OF_ACTION_POTENTIAL","39","0.6333528324229706","2.099120120439543","0.000033256660828692698672","0.004446591844099808885","0.0025864512883293868696","1713","tags=33%, list=12%, signal=29%","CAMK2D/GJA5/SCN5A/CAV1/GBA1/DLG1/FGF13/DSC2/SLC9A1/JUP/ANK2/ATP2A2/CACNB3","0.5573322387586460"
"GOBP_MEMBRANE_PROTEIN_ECTODOMAIN_PROTEOLYSIS","GOBP_MEMBRANE_PROTEIN_ECTODOMAIN_PROTEOLYSIS","44","0.6045356395727456","2.083893711114305","0.000029673329399105345233","0.004066365875956644629","0.0023652850604316995320","2013","tags=39%, list=15%, signal=33%","TIMP3/ADAM19/FURIN/BACE2/APP/DAG1/ERAP1/ADAM10/NCSTN/P2RX7/APOE/LRIG2/TIMP2/IL10/MYH9/ADAM8/IL1B","0.5756102610711286"
"GOBP_HYALURONAN_METABOLIC_PROCESS","GOBP_HYALURONAN_METABOLIC_PROCESS","26","0.6830281679731807","2.075357563759286","0.000053141136191127797620","0.005847940487214563221","0.0034015744501712315458","2013","tags=50%, list=15%, signal=43%","CEMIP/HYAL1/CLTC/HAS2/CEMIP2/SLC9A1/EGF/HYAL3/PDGFB/AP2A1/CD44/HEXB/IL1B","0.5573322387586460"
"GOBP_REGULATION_OF_CARDIAC_MUSCLE_CELL_ACTION_POTENTIAL","GOBP_REGULATION_OF_CARDIAC_MUSCLE_CELL_ACTION_POTENTIAL","26","0.6794112744399921","2.064367757330527","0.000064950124705006757864","0.006551843829617556847","0.0038110142572525488452","1434","tags=35%, list=10%, signal=31%","CAMK2D/GJA5/CAV1/DLG1/FGF13/DSC2/JUP/ANK2/ATP2A2","0.5384340963099162"
"GOBP_MODULATION_BY_SYMBIONT_OF_ENTRY_INTO_HOST","GOBP_MODULATION_BY_SYMBIONT_OF_ENTRY_INTO_HOST","23","0.6966527883446577","2.063887931965744","0.000106281744947543763547","0.009004133297704379479","0.0052374386911717375412","1385","tags=52%, list=10%, signal=47%","KRT6A/FURIN/TRIM5/LGALS9/CAV1/TMPRSS2/LGALS1/ITGAV/NECTIN2/TRIM62/TRIM21/TRIM38","0.5384340963099162"
"GOBP_REGULATION_OF_CARDIAC_MUSCLE_CONTRACTION","GOBP_REGULATION_OF_CARDIAC_MUSCLE_CONTRACTION","57","0.5731804272567941","2.060598626995100","0.000009026409372922887498","0.001821078090987192453","0.0010592673984305813004","1525","tags=33%, list=11%, signal=30%","CAMK2D/GJA5/JPH2/SCN5A/CAV1/CALM2/DLG1/FGF13/DSC2/DMD/MYH7B/SLC9A1/JUP/ADRA1B/ATP1B1/FKBP1A/ANK2/ATP2A2/ASPH","0.5933254763964051"
"GOBP_REGULATION_OF_BIOLOGICAL_PROCESS_INVOLVED_IN_SYMBIOTIC_INTERACTION","GOBP_REGULATION_OF_BIOLOGICAL_PROCESS_INVOLVED_IN_SYMBIOTIC_INTERACTION","31","0.6446697789996638","2.056753562506599","0.000128540982296295965871","0.009923635700001952331","0.0057722861105948229665","997","tags=39%, list=7%, signal=36%","KRT6A/FURIN/TRIM5/LGALS9/CAV1/TMPRSS2/LGALS1/ITGAV/BST2/NECTIN2/TRIM62/TRIM21","0.5188480777437918"
"GOBP_CARDIAC_MUSCLE_CONTRACTION","GOBP_CARDIAC_MUSCLE_CONTRACTION","100","0.5186934038147504","2.042708527293167","0.000000603760751985501843","0.000313222452976478583","0.0001821922599236700912","1726","tags=31%, list=12%, signal=27%","TPM1/CAMK2D/GJA5/SCN3B/JPH2/SCN5A/CAV1/CALM2/ATP1A1/DLG1/FGF13/MAP2K6/DSC2/DMD/GSN/MYH7B/GAA/SCN1B/CACNA1D/SLC9A1/JUP/ADRA1B/MYL3/NEDD4L/ATP1B1/FKBP1A/ANK2/ATP2A2/ASPH/KCND3/KCNJ5","0.6594443980379349"
"GOBP_EXTERNAL_ENCAPSULATING_STRUCTURE_ORGANIZATION","GOBP_EXTERNAL_ENCAPSULATING_STRUCTURE_ORGANIZATION","233","0.4559098833033612","2.035788821134683","0.000000001579002308460477","0.000002867073441587111","0.0000016676920339715137","2676","tags=36%, list=19%, signal=30%","TIMP3/EXT1/FURIN/TNFRSF11B/LOXL2/ADAMTS17/KLK7/FSCN1/ANTXR1/RUNX1/APP/COL4A4/C6orf15/COL8A2/LAMB2/CCN1/TGFB2/COL2A1/CAV1/PBXIP1/DAG1/OLFML2A/LAMC1/TGFBI/TGFBR3/COL4A3/HAS2/STAT3/ZNF469/QSOX1/ATP7A/PLOD1/NF1/CSGALNACT1/AXIN2/COL1A1/COL13A1/ADAM10/ADAMTS9/ANXA2/CST3/MMP15/ANTXR2/MIA/DDR1/NTN4/LOXL4/ERO1A/SOX9/MMP24/MMP14/COL5A2/ERO1B/COL4A5/PRSS2/FOXC1/LOXL1/CTSK/NPNT/COL18A1/ADAMTS14/CAV2/SELENON/ADAM8/FKBP10/PRICKLE1/MATN2/CFLAR/ADAMTS7/SMAD3/VTN/ECM2/MMP28/MYO1E/SPINT1/ATXN1L/COLGALT2/FOXF1/HPN/LAMA2/TNFRSF1B/LOXL3/CRISPLD2/CCDC80","0.7881868108002371"
"GOBP_MATURATION_OF_SSU_RRNA","GOBP_MATURATION_OF_SSU_RRNA","72","-0.5278504226518608","-2.034983007489479","0.000009920694856687555831","0.001947405587678965313","0.0011327483762278605425","4043","tags=62%, list=29%, signal=44%","RPS28/NOP9/RRS1/ABT1/RIOK2/UTP14A/MPHOSPH10/UTP18/TBL3/BMS1/AATF/NOP58/KRR1/SRFBP1/SNU13/NOL7/WDR46/NGDN/RCL1/RPP40/WDR3/WDR36/NOP14/NOC4L/EMG1/RPS16/IMP4/RRP9/NOB1/FCF1/RPS19/DHX37/PNO1/UTP4/DCAF13/NAT10/FBL/RIOK1/TSR1/RRP7A/WDR43/RPS21/RIOK3/NOL10/TSR2","0.5933254763964051"
"GOBP_NEGATIVE_REGULATION_OF_ENDOTHELIAL_CELL_PROLIFERATION","GOBP_NEGATIVE_REGULATION_OF_ENDOTHELIAL_CELL_PROLIFERATION","29","0.6531389303189858","2.025909743055814","0.000157554732037803980286","0.011218823713633042580","0.0065256587663131459046","1848","tags=31%, list=13%, signal=27%","THBS1/CAV1/COL4A3/CCL2/NF1/NGFR/SPARC/APOE/CAV2","0.5188480777437918"
"GOBP_DENDRITIC_SPINE_MAINTENANCE","GOBP_DENDRITIC_SPINE_MAINTENANCE","20","0.7103909074185498","2.021017339724524","0.000115015812041779991941","0.009357628557037520056","0.0054430564543882361747","593","tags=35%, list=4%, signal=34%","NEDD9/APP/PRNP/IGF1R/GRIN2B/TANC1/ITGA3","0.5384340963099162"
"GOBP_HOMOPHILIC_CELL_CELL_ADHESION","GOBP_HOMOPHILIC_CELL_CELL_ADHESION","83","0.5209273019933542","2.020125998795231","0.000005468082418787035660","0.001281118793795169063","0.0007451890056226460630","1380","tags=31%, list=10%, signal=28%","NECTIN3/ROBO1/CLSTN2/CDH11/MPZL2/CDH1/PCDHB5/DSC2/PTK7/PLXNB3/PCDHB14/FAT2/NPTN/CADM1/PTPRG/PCDHB11/PCDHGC3/PCDHGB7/NECTIN2/PTPN23/CEACAM1/PCDHB13/CDH3/PCDHB10/AMIGO2/FAT1","0.6105268783859310"
"GOBP_TRANSLATIONAL_INITIATION","GOBP_TRANSLATIONAL_INITIATION","123","-0.4645533400119052","-2.019716889134388","0.000001258600760031744583","0.000447770458687258102","0.0002604548652883967850","3538","tags=48%, list=26%, signal=36%","EIF3C/NPM1/KLHL25/NCK2/METAP2/EIF3I/EIF4A1/GAPDH/EIF2B3/PAIP2/RPS5/POLR2G/EIF2B2/EIF5/EIF3K/MTIF2/ZNF598/EIF1/EIF3D/ABCE1/NCBP2/MCTS2/EPRS1/EIF4G1/EIF4E3/ALKBH1/LTO1/MTFMT/EIF2S1/RPS3/DHX33/EIF2B4/EIF2S3B/MTIF3/YTHDF1/PPP1R15A/METTL3/EIF3F/EIF2A/NCBP1/HHEX/EIF2B5/EIF3M/GIGYF1/DDX3X/ATF4/RPS17/BZW2/EIF3J/EIF2AK1/EIF6/EIF4EBP1/DDX1/EIF2S2/EIF4H/EIF2S3/DNAJC3/EIF1AX/EIF3B","0.6435518361507222"
"GOBP_VENTRICULAR_SEPTUM_DEVELOPMENT","GOBP_VENTRICULAR_SEPTUM_DEVELOPMENT","66","0.5446245804665565","2.018902740456339","0.000013555657848160926159","0.002196275803821813935","0.0012775088385634353859","1101","tags=32%, list=8%, signal=29%","ROBO1/WNT11/GJA5/STRA6/CCN1/HEG1/TGFB2/TGFBR3/PRDM1/ACVR1/BMPR2/PTK7/FGFR2/FRS2/BMP4/PROX1/WNT5A/AP2B1/TBX3/CITED2/SMAD6","0.5933254763964051"
"GOBP_NON_CANONICAL_WNT_SIGNALING_PATHWAY","GOBP_NON_CANONICAL_WNT_SIGNALING_PATHWAY","59","0.5610337067407953","2.012385152047420","0.000013910049149910978962","0.002196275803821813935","0.0012775088385634353859","2346","tags=44%, list=17%, signal=37%","TIAM1/WNT11/NLK/DAB2/MLLT3/MED12/CTHRC1/SMURF2/FZD7/RNF213/SFRP5/FZD10/WNT7A/NKD1/DAAM2/VANGL1/ZNRF3/WNT5A/PRICKLE2/FZD6/TMEM67/DACT1/PRICKLE1/DAAM1/RHOA/ANKRD6","0.5933254763964051"
"GOBP_ROOF_OF_MOUTH_DEVELOPMENT","GOBP_ROOF_OF_MOUTH_DEVELOPMENT","73","0.5384771026601419","2.010910702085886","0.000007454715962475961421","0.001592458883395967860","0.0009262863503058740584","2638","tags=44%, list=19%, signal=36%","WNT11/TBC1D32/ITGB6/SGPL1/TGFB2/COL2A1/EPHB2/TGFBR3/DLG1/WNT7A/INSIG2/GLI3/OSR2/SNAI2/MSX1/WNT5A/TBX3/INTU/PRRX1/FRAS1/PLEKHA1/WDPCP/ASPH/TGFBR2/SATB2/NPRL3/ITGB8/TGFB3/SOS1/SKI/DHRS3/LOXL3","0.6105268783859310"
"GOBP_REGULATION_OF_EXTRACELLULAR_MATRIX_ORGANIZATION","GOBP_REGULATION_OF_EXTRACELLULAR_MATRIX_ORGANIZATION","52","0.5601720770119814","2.008093901064052","0.000078066589086665726604","0.007363605669304587077","0.0042831921700648284412","1341","tags=29%, list=10%, signal=26%","TIMP3/FSCN1/ANTXR1/RUNX1/LAMB2/TGFB2/LAMC1/TGFBR3/HAS2/STAT3/ZNF469/AXIN2/CST3/DDR1/SOX9","0.5384340963099162"
"GOBP_POSITIVE_REGULATION_OF_SYNAPSE_ASSEMBLY","GOBP_POSITIVE_REGULATION_OF_SYNAPSE_ASSEMBLY","39","0.6052968044345270","2.006134078796918","0.000168421460161942139434","0.011761971780347940317","0.0068415919722745683132","1551","tags=38%, list=11%, signal=34%","CLSTN2/EFNA5/SLITRK5/EPHB2/WNT7A/NTRK2/LRRN1/STAU2/FLRT3/NLGN1/NLGN2/TPBG/AMIGO2/SEMA4A/NLGN3","0.5188480777437918"
"GOBP_TRNA_METABOLIC_PROCESS","GOBP_TRNA_METABOLIC_PROCESS","202","-0.4369068083505824","-2.005560302267856","0.000000007651281087339356","0.000007938750648192250","0.0000046177370358352385","4170","tags=51%, list=30%, signal=37%","GRSF1/LARS1/TYW1B/EARS2/NSUN2/BCDIN3D/ANGEL2/POLR2L/TRMT2A/LRRC47/SARS2/GTPBP3/SLFN13/EXOSC7/DUS3L/TRMT10B/RTRAF/TRMT44/TRMT5/TRMT61B/QNG1/METTL2A/TARS3/FAM98A/QTGAL/DARS1/DTD1/AIMP1/TSEN54/ALKBH8/TSEN2/TRMT13/PTCD1/METTL6/MTO1/TSEN15/PARS2/CTU2/POP1/POLR2E/ZCCHC7/AARS1/KARS1/ELAC1/NSUN6/RPP40/GTF3C5/TARS1/SSB/RPP25L/HARS1/QTRT2/ELP5/ELP2/EPRS1/GATC/ALKBH1/GON7/DTWD1/MTFMT/TYW1/WARS1/ANKRD16/POLR3D/TRMU/TP53RK/EXOSC2/PUS1/NARS2/SARS1/CDK5RAP1/NARS1/EEF1E1/POLR2F/TRIT1/DUS1L/MOCS3/URM1/IARS1/QTRT1/FTSJ1/CTU1/AIMP2/TRMT1/GTF3C2/NAT10/PYROXD1/PUS3/YARS1/HSD17B10/METTL2B/DDX1/POP7/CARS1/GARS1/METTL1/MARS1/PUS7/TRMT61A/RPUSD4/DUS4L/EXOSC8/SLC35F2/CARS2","0.7477396631498854"
"GOBP_INHIBITORY_SYNAPSE_ASSEMBLY","GOBP_INHIBITORY_SYNAPSE_ASSEMBLY","14","0.7628799091578864","2.003198899859052","0.000212425278304957041971","0.014110959539653210315","0.0082079288498961844311","1943","tags=57%, list=14%, signal=49%","CLSTN2/DAG1/FGF13/SRGAP2/WNT5A/NLGN2/SEMA4A/SEMA4D","0.5188480777437918"
"GOBP_RIBOSOMAL_SMALL_SUBUNIT_BIOGENESIS","GOBP_RIBOSOMAL_SMALL_SUBUNIT_BIOGENESIS","112","-0.4785950341357991","-1.997437953377453","0.000001205646752907993402","0.000447770458687258102","0.0002604548652883967850","4043","tags=56%, list=29%, signal=40%","RPS28/NOP9/RRS1/ABT1/RIOK2/UTP14A/MPHOSPH10/UTP18/NPM1/TBL3/BMS1/AATF/FAU/RPS5/NOP58/METTL17/KRR1/SRFBP1/SNU13/RPS15A/NOL7/WDR46/NGDN/RCL1/RPP40/RPS23/SURF6/RPS12/WDR3/WDR36/NOP14/NOC4L/EMG1/RPS27A/RPS16/IMP4/RRP9/NOB1/FCF1/RPS19BP1/MCAT/RPS19/DHX37/PNO1/UTP4/RPS13/DIMT1/DCAF13/NAT10/RPS17/FBL/RIOK1/RPS7/TSR1/RRP7A/WDR43/RPS21/RIOK3/NOM1/NOL10/RPS25/RCC1L/TSR2","0.6435518361507222"
"GOBP_HEART_VALVE_MORPHOGENESIS","GOBP_HEART_VALVE_MORPHOGENESIS","50","0.5650444422663379","1.994528704115006","0.000147268502698144274077","0.010914399337720630950","0.0063485840882487997588","1526","tags=34%, list=11%, signal=30%","ROBO1/CDH11/GJA5/STRA6/CCN1/TGFB2/ACVR1/BMPR2/NOTCH2/BMP4/SNAI2/AXIN2/ADAMTS9/FAM114A1/SMAD6/SOX9/TGFBR2","0.5188480777437918"
"GOBP_CYTOPLASMIC_TRANSLATION","GOBP_CYTOPLASMIC_TRANSLATION","171","-0.4377251262502234","-1.991823428686388","0.000000258376659513194358","0.000208509964227147839","0.0001212840945409505614","3538","tags=46%, list=26%, signal=34%","EIF3C/RPL13/EIF3I/RPL36/EIF4A1/GAPDH/RPL7A/EIF2B3/FAU/RPS5/EIF2B2/YBX1/EIF5/DRG1/RPL28/RPLP1/EIF3K/RPL5/RPS15A/AARS1/MTIF2/RPS26/EIF3D/RPL18/ALKBH3/RPS23/NCBP2/RPL35A/MCTS2/EPRS1/EIF4G1/RPL30/RPL26/RPS12/RPL35/RPL36A/SMYD5/DRG2/RPS27A/GTPBP1/RPS3/RPS16/EIF2B4/EIF2S3B/RPL3L/DHX36/SARS1/PIWIL2/EEF1D/ZC3H15/METTL3/EIF3F/RPS19/RPS2/NCBP1/RPS13/RPLP2/HHEX/FTSJ1/RPL22/RPL27A/EIF2B5/EIF3M/ETF1/RPS17/EIF3J/RBM24/RPS7/RPL8/YBX3/CNBP/RPL41/EIF2S2/RPS21/RPS25/EIF2S3/RPL21/EIF3B","0.6749628600110250"
"GOBP_CARDIAC_ATRIUM_DEVELOPMENT","GOBP_CARDIAC_ATRIUM_DEVELOPMENT","29","0.6418477044079541","1.990886559591567","0.000262589174064509743318","0.016162586196868933969","0.0094012995474491069942","863","tags=34%, list=6%, signal=32%","WNT11/GJA5/CCN1/HEG1/TGFB2/ACVR1/BMPR2/NOTCH2/PROX1/WNT5A","0.4984931087665903"
"GOBP_NEGATIVE_REGULATION_OF_EPITHELIAL_CELL_PROLIFERATION","GOBP_NEGATIVE_REGULATION_OF_EPITHELIAL_CELL_PROLIFERATION","98","0.4977086643447035","1.982062776674964","0.000008237157155651816628","0.001709327783471404141","0.0009942655415075222353","2089","tags=35%, list=15%, signal=30%","THBS1/ROBO1/CD109/VDR/DAB2/TGFB2/CAV1/TGFBR3/COL4A3/AR/DLG1/PEX2/CCL2/FGFR2/NF1/DAB2IP/BMP4/SNAI2/WNT5A/CEACAM1/INTU/NGFR/SPARC/SOX9/APOE/PTPRK/NFIB/TINF2/CAV2/CDKN2B/SFN/DUSP10/B2M/CDC73","0.5933254763964051"
"GOBP_REGULATION_OF_EXTRACELLULAR_MATRIX_DISASSEMBLY","GOBP_REGULATION_OF_EXTRACELLULAR_MATRIX_DISASSEMBLY","16","0.7308126350573871","1.972944701092716","0.000292075864006531777436","0.017677891668995335955","0.0102827080346693539720","1205","tags=38%, list=9%, signal=34%","TIMP3/FSCN1/TGFB2/STAT3/CST3/DDR1","0.4984931087665903"
"GOBP_CARTILAGE_DEVELOPMENT","GOBP_CARTILAGE_DEVELOPMENT","162","0.4653722342802026","1.968305546854370","0.000000375755151240782308","0.000248100878496527435","0.0001443129613244062653","2164","tags=36%, list=16%, signal=31%","EXT1/LOXL2/WNT11/MYCN/RUNX1/CCN2/HYAL1/CCN1/TGFB2/COL2A1/DDRGK1/PBXIP1/DAG1/TRPV4/TGFBI/SLC26A2/BMPR2/WNT7A/ATP7A/CCN3/ZEB1/GLI3/BMP4/OSR2/CSGALNACT1/CHI3L1/SNAI2/AXIN2/COL1A1/MSX1/WNT5A/HIF1A/ECM1/PRRX1/HYAL3/MAF/SOX9/NKX3-2/CHST11/TGFBR2/FGF9/NFIB/ADGRG6/MSX2/EDN1/CD44/HMGA2/HOXB3/ARID5A/NPR2/CTSK/SATB2/GLG1/FOSL2/TAPT1/EIF2AK3/ADAMTS7/SMAD3/ITGB8","0.6749628600110250"
"GOBP_ENDONUCLEOLYTIC_CLEAVAGE_OF_TRICISTRONIC_RRNA_TRANSCRIPT_SSU_RRNA_5_8S_RRNA_LSU_RRNA","GOBP_ENDONUCLEOLYTIC_CLEAVAGE_OF_TRICISTRONIC_RRNA_TRANSCRIPT_SSU_RRNA_5_8S_RRNA_LSU_RRNA","23","-0.6528007667035607","-1.963069280289203","0.000335769185917348062052","0.019354695216807136365","0.0112580551878531665011","4648","tags=91%, list=34%, signal=61%","MDN1/UTP23/KRI1/NOP9/RRS1/ABT1/PELP1/TBL3/BMS1/RCL1/RPP40/LAS1L/TEX10/NOP14/NOL9/FCF1/SENP3/BOP1/WDR18/TSR1/RPS21","0.4984931087665903"
"GOBP_CHONDROCYTE_PROLIFERATION","GOBP_CHONDROCYTE_PROLIFERATION","20","0.6889002201319199","1.959877689434369","0.000395103653861962026035","0.022074137215380231630","0.0128398743669800915329","1896","tags=60%, list=14%, signal=52%","EXT1/CCN2/PBXIP1/SLC26A2/BMPR2/CCN3/SOX9/MMP14/HMGA2/NPR2/FOSL2/LTF","0.4984931087665903"
"GOBP_REGULATION_OF_MUSCLE_CONTRACTION","GOBP_REGULATION_OF_MUSCLE_CONTRACTION","122","0.4792103812087809","1.958966921938687","0.000002030153517293688243","0.000641087173743654700","0.0003729014950317311827","2326","tags=33%, list=17%, signal=28%","TPM1/CAMK2D/GJA5/JPH2/SCN5A/CAV1/TRPV4/CALM2/ATP1A1/DLG1/FGF13/DSC2/DMD/ANXA6/MYH7B/EDN2/SLC9A1/JUP/ADRA1B/TNNT1/MYL3/ABAT/MYL9/ATP1B1/FKBP1A/ANK2/ATP2A2/MYBPH/ASPH/EDN1/CACNB3/NPNT/SOD1/DOCK5/FKBP1C/CACNA1S/PDE4D/DSP/EDN3/RHOA","0.6272567397185284"
"GOBP_EXPLORATION_BEHAVIOR","GOBP_EXPLORATION_BEHAVIOR","24","0.6522231441676498","1.957863761006240","0.000367419726228787352652","0.021012358044091988818","0.0122222687486133463342","2679","tags=58%, list=19%, signal=47%","TUBA1A/DLG4/GRN/ITGA3/NLGN2/ABL2/ABAT/APOE/COMT/DCAF11/ABTB3/NAGLU/PRKCE/ABCC1","0.4984931087665903"
"GOBP_REGULATION_OF_HEART_RATE_BY_CARDIAC_CONDUCTION","GOBP_REGULATION_OF_HEART_RATE_BY_CARDIAC_CONDUCTION","31","0.6136482797856904","1.957782614742242","0.000650456756060217031537","0.028806508654057053076","0.0167558962083332388393","1726","tags=42%, list=12%, signal=37%","CAMK2D/GJA5/SCN3B/SCN5A/CAV1/DSC2/SCN1B/CACNA1D/JUP/ACE/ANK2/KCND3/KCNJ5","0.4772708153628621"
"GOBP_CARDIAC_MUSCLE_CELL_CONTRACTION","GOBP_CARDIAC_MUSCLE_CELL_CONTRACTION","58","0.5393838576154529","1.956975265526939","0.000085666588047337226914","0.007875904164402661167","0.0045811810903687716356","1726","tags=34%, list=12%, signal=30%","CAMK2D/GJA5/SCN3B/SCN5A/CAV1/ATP1A1/DLG1/FGF13/DSC2/GSN/MYH7B/SCN1B/CACNA1D/SLC9A1/JUP/NEDD4L/ANK2/ATP2A2/KCND3/KCNJ5","0.5384340963099162"
"GOBP_TRANSFORMING_GROWTH_FACTOR_BETA_RECEPTOR_SIGNALING_PATHWAY","GOBP_TRANSFORMING_GROWTH_FACTOR_BETA_RECEPTOR_SIGNALING_PATHWAY","183","0.4452958237085660","1.940969108626210","0.000000542252097280243245","0.000302952075580492869","0.0001762182843984093220","2545","tags=36%, list=18%, signal=29%","THBS1/FURIN/IL17RD/NLK/CD109/ITGB6/FOLR1/DAB2/BAMBI/TGFB2/VEPH1/TGFBR3/SMURF2/ACVR1/STAT3/MTMR4/LTBP1/ZEB1/ITGA3/PPARA/TET1/ITGB5/PBLD/TGFB1I1/LATS1/DKK3/CITED2/CDH3/SPRED1/CREBBP/SMAD6/PML/ERO1A/EP300/FKBP1A/PTPRK/CHST11/TGFBR2/HTRA1/NODAL/ZMIZ1/SAP30/NPNT/HSPA1A/GLG1/EID2/CAV2/SELENON/CDKN2B/RNF111/SNX25/LDLRAD4/HIPK2/SMAD3/SAP130/ITGB8/OVOL2/TGFB3/NREP/FERMT2/BCL9L/LTBP2/SKI/ZNF703/FBN1","0.6594443980379349"
"GOBP_PROTEIN_RNA_COMPLEX_ORGANIZATION","GOBP_PROTEIN_RNA_COMPLEX_ORGANIZATION","233","-0.4112386687508723","-1.940332208875445","0.000000052664807435351261","0.000047813062050369526","0.0000278114475704002483","4047","tags=46%, list=29%, signal=33%","YJU2/RPS28/NOP53/RRS1/EIF3CL/SNRPC/ABT1/SNRNP27/PUF60/RSRP1/RBMX2/RPL11/SRPK2/YTHDC1/TUFM/SF3A3/EIF3C/CRNKL1/SART1/DDX46/EIF3I/SF1/GAPDH/BRIX1/FAU/SNRNP70/GEMIN4/EIF5/PRPF19/GEMIN7/GEMIN5/SRSF1/METTL17/LSM7/EIF3K/SNU13/RPL5/RUVBL1/DDX39B/MTIF2/DDX28/TSSC4/EIF3D/PDCD7/NDUFAB1/USP4/SNRNP40/SNRPA/MCTS2/EPRS1/TXNL4B/NOP2/LUC7L3/MRTO4/ZFAND1/SRPK1/SNRPE/SRSF10/ISY1/USP39/BUD13/TAF9/MALSU1/TXNL4A/AAR2/CLNS1A/PRPF39/EIF2S3B/SNRPF/WDR77/CENATAC/NVL/MCAT/EIF3F/RPS19/U2AF2/LUC7L2/NCBP1/MTG1/EIF3M/BOP1/RPF2/MRM3/SART3/PRPF6/LSM8/EIF3J/SF3B6/SNRPA1/MTG2/EIF6/SNRPD1/RRP7A/GEMIN8/SRSF6/DDX1/STRAP/GCFC2/EIF2S2/LSM5/NUFIP1/PTGES3/DKC1/ZRSR2/EIF2S3/RCC1L/GTPBP10/EIF3B","0.7195128263389107"
"GOBP_CARDIAC_MUSCLE_CELL_ACTION_POTENTIAL","GOBP_CARDIAC_MUSCLE_CELL_ACTION_POTENTIAL","57","0.5396988085362224","1.940231332013700","0.000075808225861745230645","0.007341268592451407997","0.0042701993514680245193","1726","tags=33%, list=12%, signal=29%","CAMK2D/GJA5/SCN3B/SCN5A/CAV1/ATP1A1/DLG1/FGF13/DSC2/DMD/SCN1B/CACNA1D/JUP/NEDD4L/ATP1B1/ANK2/ATP2A2/KCND3/KCNJ5","0.5384340963099162"
"GOBP_REGULATION_OF_HEART_CONTRACTION","GOBP_REGULATION_OF_HEART_CONTRACTION","144","0.4616971431259451","1.939619552848903","0.000001200922881865691711","0.000447770458687258102","0.0002604548652883967850","2271","tags=31%, list=16%, signal=26%","TPM1/CAMK2D/GJA5/SCN3B/ATP2B4/ADM/TGFB2/JPH2/SCN5A/CAV1/CALM2/ATP1A1/DLG1/CYP2J2/FGF13/EPAS1/DSC2/DMD/DES/MYH7B/GAA/EDN2/SCN1B/CACNA1D/SLC9A1/JUP/ADRA1B/ACE/MYL3/APLN/ATP1B1/FKBP1A/ANK2/ATP2A2/ASPH/KCND3/EDN1/KCNJ5/RNLS/FKBP1C/PDE4D/DSP/CELF2/EDN3","0.6435518361507222"
"GOBP_MEMBRANE_PROTEIN_PROTEOLYSIS","GOBP_MEMBRANE_PROTEIN_PROTEOLYSIS","55","0.5380828897440866","1.935679855951366","0.000248863709553322611043","0.015581871745567086110","0.0090635150838909890603","2013","tags=33%, list=15%, signal=28%","TIMP3/ADAM19/FURIN/BACE2/APP/DAG1/CTSH/ERAP1/ADAM10/NCSTN/P2RX7/APOE/LRIG2/TIMP2/IL10/MYH9/ADAM8/IL1B","0.4984931087665903"
"GOBP_GLOMERULAR_EPITHELIUM_DEVELOPMENT","GOBP_GLOMERULAR_EPITHELIUM_DEVELOPMENT","18","0.6924145663659256","1.935555432223116","0.000561675207025035005438","0.026663052474659013069","0.0155091109869646762154","2290","tags=50%, list=17%, signal=42%","EXT1/CD24/LAMB2/NOTCH2/IQGAP1/EDN1/FOXC1/CD2AP/MYO1E","0.4772708153628621"
"GOBP_REGULATION_OF_EXTRINSIC_APOPTOTIC_SIGNALING_PATHWAY_IN_ABSENCE_OF_LIGAND","GOBP_REGULATION_OF_EXTRINSIC_APOPTOTIC_SIGNALING_PATHWAY_IN_ABSENCE_OF_LIGAND","36","0.5901079854334745","1.932660995146835","0.000247198711496596083056","0.015581871745567086110","0.0090635150838909890603","2180","tags=47%, list=16%, signal=40%","SRPX/TGFB2/COL2A1/IL7/NF1/CTNNA1/IFI6/SNAI2/SGK3/CSF2/HSPA1A/UNC5B/RIPK1/IL1B/HSPA1B/CX3CL1/EYA3","0.4984931087665903"
"GOBP_SPLICEOSOMAL_SNRNP_ASSEMBLY","GOBP_SPLICEOSOMAL_SNRNP_ASSEMBLY","69","-0.5026851616159747","-1.930592800817568","0.000046889494871255828809","0.005431941876874776809","0.0031596003317046878443","3246","tags=43%, list=23%, signal=33%","SNRNP70/GEMIN4/PRPF19/GEMIN7/GEMIN5/LSM7/SNU13/TSSC4/USP4/SNRNP40/SNRPA/TXNL4B/SNRPE/SRSF10/USP39/TXNL4A/AAR2/CLNS1A/SNRPF/WDR77/CENATAC/SART3/PRPF6/LSM8/SF3B6/SNRPA1/SNRPD1/GEMIN8/STRAP/LSM5","0.5573322387586460"
"GOBP_RECEPTOR_CATABOLIC_PROCESS","GOBP_RECEPTOR_CATABOLIC_PROCESS","30","0.6100217393744136","1.927244494585319","0.000631736673875412540514","0.028322860878747663227","0.0164745725664508686770","2513","tags=47%, list=18%, signal=38%","FURIN/RNF43/ZNRF3/MYLIP/ANXA2/NEDD4L/APOE/KIF16B/PCSK9/SNX25/SH3GLB1/PCSK5/BECN1/GPRASP1","0.4772708153628621"
"GOBP_MEMBRANE_LIPID_CATABOLIC_PROCESS","GOBP_MEMBRANE_LIPID_CATABOLIC_PROCESS","45","0.5678990812879446","1.924451354535304","0.000242839021374082906970","0.015471401861754071824","0.0089992580116596120748","2828","tags=51%, list=20%, signal=41%","SGPL1/GBA1/FUCA1/SMPDL3B/GM2A/SUMF1/PLPP3/ALDH3B1/SMPDL3A/ASAH1/ACER2/MGST2/GLB1/NEU1/CEL/PPT1/HEXB/ENPP2/NEU3/SMPD1/SCARB2/PLPP2/LCT","0.5188480777437918"
"GOBP_ARTERY_MORPHOGENESIS","GOBP_ARTERY_MORPHOGENESIS","63","0.5201870156380013","1.924276129239619","0.000142769363773359472640","0.010765064534944560407","0.0062617204392846860170","2143","tags=41%, list=15%, signal=35%","WNT11/GJA5/STRA6/FOLR1/LDLR/TGFB2/PRDM1/BMPR2/NF1/BMP4/PROX1/ADAMTS9/SEC24B/PRRX1/CITED2/NOTCH3/APOE/RTN4/TGFBR2/LRP2/EDN1/ZMIZ1/FOXC1/FKBP10/NAGLU/NPRL3","0.5188480777437918"
"GOBP_REGULATION_OF_MEMBRANE_PROTEIN_ECTODOMAIN_PROTEOLYSIS","GOBP_REGULATION_OF_MEMBRANE_PROTEIN_ECTODOMAIN_PROTEOLYSIS","24","0.6409942923929076","1.924156643796325","0.000513343192468791861480","0.025237239057129559616","0.0146797573876277509530","2599","tags=46%, list=19%, signal=37%","TIMP3/FURIN/APP/APOE/LRIG2/TIMP2/IL10/ADAM8/IL1B/SNX33/TNFRSF1B","0.4772708153628621"
"GOBP_MIRNA_TRANSCRIPTION","GOBP_MIRNA_TRANSCRIPTION","67","0.5150421741955420","1.923132351108009","0.000123435326301539363518","0.009639900805678284362","0.0056072458935708070424","2222","tags=36%, list=16%, signal=30%","MYCN/APP/TGFB2/NR3C1/AR/STAT3/NOTCH2/PPARA/REST/BMP4/MRTFB/HIF1A/NGFR/SMAD6/PDGFB/APLN/SOX9/NOTCH3/NFIB/IL10/SMARCA4/SMAD3/MRTFA/PPARD","0.5188480777437918"
"GOBP_RNA_SPLICING_VIA_TRANSESTERIFICATION_REACTIONS","GOBP_RNA_SPLICING_VIA_TRANSESTERIFICATION_REACTIONS","315","-0.3943702269500212","-1.912823249451373","0.000000003380191330692059","0.000004910065926963285","0.0000028560404884985341","3979","tags=42%, list=29%, signal=31%","RBM7/KHDRBS1/SNRPC/SNRNP27/RBM11/PUF60/RSRP1/FRG1/RBMX2/HNRNPL/MPHOSPH10/ILF3/SRPK2/AQR/SRSF2/YTHDC1/HNRNPH1/SF3A3/SRSF3/NPM1/CRNKL1/SART1/PTBP1/DDX46/CCNL2/SF1/GPATCH1/PLRG1/SNRNP70/PNN/CWC27/GEMIN4/METTL16/YJU2B/PRPF19/GEMIN7/GEMIN5/SRSF1/CACTIN/LSM7/SNU13/RBPMS2/RBM25/HNRNPA3/DDX39B/CCNL1/DHX16/NKAP/TSSC4/PRPF38A/PDCD7/HNRNPH3/NCBP2/USP4/CDK11B/SNRNP40/SNRPA/TXNL4B/NCL/LUC7L3/HNRNPM/HNRNPA1L3/SRPK1/SNRPE/ZMAT2/SRSF10/ISY1/USP39/HNRNPUL2/BUD13/HNRNPA2B1/TXNL4A/AAR2/LSM1/CLNS1A/SNW1/PRPF39/DCPS/C1QBP/SNRPF/SRSF7/WDR77/UPF3B/DAZAP1/CENATAC/METTL3/RNPS1/U2AF2/LUC7L2/NCBP1/PPIE/TRA2A/RBM39/RBM19/DHX35/SART3/PRPF6/TRA2B/LSM8/SF3B6/RBM24/ZC3H14/MAGOH/RALY/RBM3/SNRPA1/RBM48/H1-2/MAGOHB/SNRPD1/GEMIN8/SRSF6/DDX1/STRAP/GPKOW/GCFC2/INTS15/QKI/LSM5/CDK13/RBM17/BCLAF3/UPF3A/PRKRIP1/CTNNBL1/SAP18/PQBP1/WBP4/ZRSR2/RBM10/BUD31/ARGLU1","0.7749390301364363"
"GOBP_SPLICEOSOMAL_TRI_SNRNP_COMPLEX_ASSEMBLY","GOBP_SPLICEOSOMAL_TRI_SNRNP_COMPLEX_ASSEMBLY","37","-0.5707056143917555","-1.908427970907709","0.000488172514549446386924","0.024693786435659906275","0.0143636470311507384590","3110","tags=49%, list=22%, signal=38%","PRPF19/LSM7/SNU13/TSSC4/USP4/SNRNP40/TXNL4B/SNRPE/SRSF10/USP39/AAR2/SNRPF/CENATAC/SART3/PRPF6/LSM8/SNRPD1/LSM5","0.4984931087665903"
"GOBP_WNT_SIGNALING_PATHWAY_PLANAR_CELL_POLARITY_PATHWAY","GOBP_WNT_SIGNALING_PATHWAY_PLANAR_CELL_POLARITY_PATHWAY","41","0.5629369827017150","1.907812999541174","0.000419777945748022135539","0.022584053481243589884","0.0131364776148208857454","2346","tags=49%, list=17%, signal=41%","TIAM1/WNT11/DAB2/MLLT3/MED12/CTHRC1/SMURF2/FZD7/WNT7A/NKD1/VANGL1/ZNRF3/WNT5A/PRICKLE2/FZD6/DACT1/PRICKLE1/DAAM1/RHOA/ANKRD6","0.4984931087665903"
"GOBP_REGULATION_OF_ENTRY_OF_BACTERIUM_INTO_HOST_CELL","GOBP_REGULATION_OF_ENTRY_OF_BACTERIUM_INTO_HOST_CELL","7","0.9099789015354299","1.907211607187277","0.000051312792239477944827","0.005733612462081974157","0.0033350732109606417812","447","tags=43%, list=3%, signal=41%","KRT6A/CAV1/ITGAV","0.5573322387586460"
"GOBP_REGULATION_OF_DENDRITIC_SPINE_MAINTENANCE","GOBP_REGULATION_OF_DENDRITIC_SPINE_MAINTENANCE","11","0.7859990018066284","1.903521437388417","0.001033519743774743938555","0.038279687891740327155","0.0222661650845721904857","319","tags=36%, list=2%, signal=36%","NEDD9/APP/PRNP/GRIN2B","0.4550598673872295"
"GOBP_RESPONSE_TO_AXON_INJURY","GOBP_RESPONSE_TO_AXON_INJURY","62","0.5261204436313853","1.902809958933416","0.000118517327590801630063","0.009459245607604310421","0.0055021640947045960882","2268","tags=35%, list=16%, signal=30%","DPYSL3/TNC/FOLR1/LAMB2/KREMEN1/DAG1/PTPRF/GRN/CTNNA1/MAP1B/FLRT3/JAK2/INPP5F/KIAA0319/LRIG2/PTPRS/UCK2/SOD1/MATN2/CSPG5/TREM2/NREP","0.5384340963099162"
"GOBP_ATRIAL_SEPTUM_DEVELOPMENT","GOBP_ATRIAL_SEPTUM_DEVELOPMENT","19","0.6839746054203911","1.902503651816598","0.000507813463286004148842","0.025237239057129559616","0.0146797573876277509530","1417","tags=47%, list=10%, signal=43%","WNT11/GJA5/CCN1/TGFB2/ACVR1/BMPR2/NOTCH2/WNT5A/ANK2","0.4772708153628621"
"GOBP_CELL_COMMUNICATION_INVOLVED_IN_CARDIAC_CONDUCTION","GOBP_CELL_COMMUNICATION_INVOLVED_IN_CARDIAC_CONDUCTION","42","0.5556006550912823","1.900839837616948","0.000534801487882556950137","0.025895088043273409295","0.0150624087344104918423","2241","tags=38%, list=16%, signal=32%","CAMK2D/GJA5/SCN3B/SCN5A/CAV1/CALM2/ATP1A1/DSC2/SCN1B/CACNA1D/JUP/ATP1B1/ANK2/KCNJ5/PDE4D/DSP","0.4772708153628621"
"GOBP_CARDIAC_ATRIUM_MORPHOGENESIS","GOBP_CARDIAC_ATRIUM_MORPHOGENESIS","23","0.6410846990428525","1.899263156423108","0.001139614037062171856066","0.040758928178901414341","0.0237082660148193770377","712","tags=35%, list=5%, signal=33%","GJA5/CCN1/HEG1/TGFB2/ACVR1/BMPR2/NOTCH2/PROX1","0.4550598673872295"
"GOBP_LEARNING_OR_MEMORY","GOBP_LEARNING_OR_MEMORY","207","0.4341621446582770","1.897241782828228","0.000000358767490349616849","0.000248100878496527435","0.0001443129613244062653","2182","tags=30%, list=16%, signal=26%","NEDD9/TUBA1A/CLSTN2/ATP8A1/SGK1/STRA6/AFF2/ATXN1/APP/LDLR/CLN8/PRNP/DLG4/RASGRF1/EPHB2/GRIN2B/SNAP25/GM2A/FGF13/MAN2B1/PJA2/POMK/TANC1/ARL6IP5/NF1/ITGA3/NTRK2/RCAN2/LRRN4/SYNJ1/HIF1A/VPS13B/NCSTN/HRH1/RAPGEF3/NDRG4/CIC/ACSS2/TPBG/EP300/C1QL1/PPP1R1B/APOE/ABCA7/KAT2B/COMT/HMGCR/PLCB1/BTBD9/NLGN3/VLDLR/PGRMC1/SLC2A4/SLC6A4/PPT1/DCAF11/CHRNA7/CNTN2/B2M/TREM2/BLOC1S6/SHANK2","0.6749628600110250"
"GOBP_PULMONARY_VALVE_MORPHOGENESIS","GOBP_PULMONARY_VALVE_MORPHOGENESIS","17","0.6968882838016106","1.894664558617593","0.000992247760570234751260","0.037731389973935158810","0.0219472363621671280598","1101","tags=41%, list=8%, signal=38%","ROBO1/GJA5/STRA6/TGFB2/NOTCH2/BMP4/SMAD6","0.4550598673872295"
"GOBP_VENTRICULAR_SEPTUM_MORPHOGENESIS","GOBP_VENTRICULAR_SEPTUM_MORPHOGENESIS","40","0.5784185380838518","1.894151799970304","0.000180459107474504693242","0.012482614262736453636","0.0072607684432321809020","1043","tags=30%, list=8%, signal=28%","ROBO1/WNT11/GJA5/TGFB2/TGFBR3/ACVR1/BMPR2/FGFR2/BMP4/PROX1/TBX3/CITED2","0.5188480777437918"
"GOBP_CALCIUM_ION_TRANSMEMBRANE_TRANSPORT_VIA_HIGH_VOLTAGE_GATED_CALCIUM_CHANNEL","GOBP_CALCIUM_ION_TRANSMEMBRANE_TRANSPORT_VIA_HIGH_VOLTAGE_GATED_CALCIUM_CHANNEL","14","0.7207738989178616","1.892635346699841","0.001113068804124599632879","0.040219993653517249754","0.0233947837015383262871","2236","tags=29%, list=16%, signal=24%","CAMK2D/APP/CACNB3/PDE4D","0.4550598673872295"
"GOBP_POSITIVE_REGULATION_OF_SYNAPTIC_TRANSMISSION","GOBP_POSITIVE_REGULATION_OF_SYNAPTIC_TRANSMISSION","111","0.4740931307158473","1.892494596496457","0.000013500328986598144230","0.002196275803821813935","0.0012775088385634353859","1933","tags=30%, list=14%, signal=26%","CLSTN2/CAMK2D/APP/SLC1A3/PRNP/DLG4/SLC4A8/EPHB2/GRIN2B/CALM2/SNAP25/BAIAP3/CCL2/NPTN/NF1/NTRK2/AKAP5/NLGN1/NCSTN/NLGN2/KIF5B/APOE/SLC24A1/HMGCR/SQSTM1/NLGN3/ZDHHC12/GPR158/GRIN2D/CAMK2G/SYT12/CACNG4/CHRNA7","0.5933254763964051"
"GOBP_CEREBELLAR_CORTEX_FORMATION","GOBP_CEREBELLAR_CORTEX_FORMATION","23","0.6383617295210624","1.891196147966160","0.001321141063735680864361","0.044423368268112266299","0.0258397627030799645342","1448","tags=35%, list=10%, signal=31%","RORA/GBA1/OPHN1/WNT7A/ATP7A/PROX1/DLL1/LDB1","0.4550598673872295"
"GOBP_RIBOSOMAL_LARGE_SUBUNIT_ASSEMBLY","GOBP_RIBOSOMAL_LARGE_SUBUNIT_ASSEMBLY","26","-0.6018710697433791","-1.888110085957633","0.001484795796956432396146","0.046414861659333082888","0.0269981556539097694580","4027","tags=73%, list=29%, signal=52%","NOP53/RRS1/RPL11/TUFM/BRIX1/RPL5/DDX28/NDUFAB1/NOP2/MRTO4/MALSU1/MTG1/BOP1/RPF2/MRM3/MTG2/EIF6/RCC1L/GTPBP10","0.4550598673872295"
"GOBP_REGULATION_OF_BLOOD_CIRCULATION","GOBP_REGULATION_OF_BLOOD_CIRCULATION","178","0.4390255834259761","1.885985269512909","0.000001294668819004876940","0.000447770458687258102","0.0002604548652883967850","2326","tags=28%, list=17%, signal=24%","TPM1/CAMK2D/GJA5/APP/SCN3B/ATP2B4/ADM/KCNMB4/TGFB2/JPH2/SCN5A/CAV1/CALM2/ATP1A1/DLG1/CYP2J2/FGF13/BMPR2/EPAS1/DSC2/DMD/DES/MYH7B/GAA/EDN2/SCN1B/CACNA1D/SLC9A1/JUP/ADRA1B/HRH1/ACE/MYL3/APLN/ATP1B1/FKBP1A/ANK2/ATP2A2/ASPH/KCND3/EDN1/KCNJ5/DOCK5/RNLS/FKBP1C/PDE4D/DSP/CELF2/EDN3/RHOA","0.6435518361507222"
"GOBP_ARTERY_DEVELOPMENT","GOBP_ARTERY_DEVELOPMENT","94","0.4759300008236750","1.885625658515958","0.000077987529129963854119","0.007363605669304587077","0.0042831921700648284412","2197","tags=39%, list=16%, signal=33%","ROBO1/WNT11/GJA5/STRA6/FOLR1/LDLR/TGFB2/PRDM1/BMPR2/GLI3/NF1/GAA/BMP4/PROX1/ADAMTS9/AP2B1/SEC24B/NGFR/PRRX1/CITED2/SMAD6/NOTCH3/APOE/RTN4/COMT/TGFBR2/LRP2/EDN1/ZMIZ1/FOXC1/LOXL1/SUFU/FKBP10/PRICKLE1/NAGLU/NPRL3/LUZP1","0.5384340963099162"
"GOBP_NEGATIVE_REGULATION_OF_SIGNAL_TRANSDUCTION_IN_ABSENCE_OF_LIGAND","GOBP_NEGATIVE_REGULATION_OF_SIGNAL_TRANSDUCTION_IN_ABSENCE_OF_LIGAND","27","0.6155161963677265","1.883603735105477","0.001207194687322917523234","0.042153149105895917903","0.0245192431944824158763","2180","tags=52%, list=16%, signal=44%","COL2A1/IL7/CTNNA1/IFI6/SNAI2/SGK3/CSF2/HSPA1A/UNC5B/RIPK1/IL1B/HSPA1B/CX3CL1/EYA3","0.4550598673872295"
"GOBP_RRNA_TRANSCRIPTION","GOBP_RRNA_TRANSCRIPTION","47","-0.5260167701586443","-1.882250096780319","0.000452589972832351120427","0.023993875713002672106","0.0139565296131816431180","3199","tags=49%, list=23%, signal=38%","PWP1/DEDD/POLR2E/GTF3C5/NCL/TCOF1/SPIN1/POLR1H/TOP1/POLR1B/POLR1C/TAF1B/POLR2F/POLR2H/DDX11/POLR1F/GTF3C2/IPPK/POLR1G/NIFK/MARS1/GTF3A/POLR1D","0.4984931087665903"
"GOBP_POSITIVE_REGULATION_OF_CYTOSOLIC_CALCIUM_ION_CONCENTRATION","GOBP_POSITIVE_REGULATION_OF_CYTOSOLIC_CALCIUM_ION_CONCENTRATION","80","0.4891428070618228","1.881746489073725","0.000213508797898448053534","0.014110959539653210315","0.0082079288498961844311","1713","tags=29%, list=12%, signal=25%","SAA1/CD24/PTGER2/DLG4/JPH2/CAV1/TRPV4/ITGAV/CCL2/CXCR1/NPTN/CCL28/PTGER4/JAK2/ADRA1B/P2RX7/CXCR2/ABL2/PML/C3AR1/ASPH/EDN1/CACNB3","0.5188480777437918"
"GOBP_NAIL_DEVELOPMENT","GOBP_NAIL_DEVELOPMENT","8","0.8467716942818421","1.879420459953635","0.000544187151128651164407","0.026050548987704934961","0.0151528357792366005080","1970","tags=75%, list=14%, signal=64%","ITGB4/ITGA6/MSX1/MSX2/FZD6/PRICKLE1","0.4772708153628621"
"GOBP_RESPONSE_TO_LEPTIN","GOBP_RESPONSE_TO_LEPTIN","16","0.6954004685129348","1.877343936975380","0.001038289758319268238709","0.038279687891740327155","0.0222661650845721904857","3194","tags=62%, list=23%, signal=48%","LEPR/CCND1/STAT3/UGCG/CCNA2/LRP2/EDN1/BBS4/NR1D1/INHBB","0.4550598673872295"
"GOBP_HEART_PROCESS","GOBP_HEART_PROCESS","174","0.4382644687191363","1.877322437426655","0.000002399805761817322336","0.000697191569923168446","0.0004055357670465989796","2271","tags=28%, list=16%, signal=24%","EXT1/TPM1/CAMK2D/GJA5/SCN3B/ATP2B4/ADM/TGFB2/JPH2/SCN5A/CAV1/CALM2/ATP1A1/DLG1/CYP2J2/FGF13/EPAS1/MAP2K6/DSC2/DMD/DES/GSN/MYH7B/GAA/EDN2/SCN1B/CACNA1D/SLC9A1/JUP/ADRA1B/ACE/MYL3/APLN/NEDD4L/ATP1B1/FKBP1A/ANK2/ATP2A2/ASPH/KCND3/EDN1/KCNJ5/SOD1/RNLS/FKBP1C/PDE4D/DSP/CELF2/EDN3","0.6272567397185284"
"GOBP_REGULATION_OF_PLASMA_MEMBRANE_ORGANIZATION","GOBP_REGULATION_OF_PLASMA_MEMBRANE_ORGANIZATION","16","0.6950149533961795","1.876303177729703","0.001070567911913872889348","0.039073038915730953780","0.0227276339690664352933","2256","tags=56%, list=16%, signal=47%","SYTL4/GSN/ATP8B1/AHNAK/ANXA2/CASP7/MYH9/ASAP1/SH3GLB1","0.4550598673872295"
"GOBP_CAMERA_TYPE_EYE_MORPHOGENESIS","GOBP_CAMERA_TYPE_EYE_MORPHOGENESIS","102","0.4721043376891060","1.875436440442500","0.000045152645908896996444","0.005382489224580459114","0.0031308351828620603445","2430","tags=35%, list=18%, signal=29%","ALDH1A3/NECTIN3/EFNA5/STRA6/MAN2A1/COL8A2/EPHB2/PRDM1/ZEB1/NOTCH2/GLI3/NF1/FRS2/NTRK2/BMP4/PROX1/WNT5A/ADAMTS9/HIF1A/BCAR3/LCTL/CITED2/TBC1D20/DLL1/SOX9/HIPK1/SHROOM2/ARL6/BBS10/SOX12/HIPK2/NAGLU/TOPORS/BBS4/CTNNB1/SKI","0.5573322387586460"
"GOBP_CARDIAC_MUSCLE_CELL_ACTION_POTENTIAL_INVOLVED_IN_CONTRACTION","GOBP_CARDIAC_MUSCLE_CELL_ACTION_POTENTIAL_INVOLVED_IN_CONTRACTION","38","0.5617545490296479","1.874940166291647","0.000876273527371480473978","0.034778003438792691460","0.0202293385481615919930","1726","tags=37%, list=12%, signal=32%","GJA5/SCN3B/SCN5A/CAV1/ATP1A1/DLG1/DSC2/SCN1B/CACNA1D/JUP/NEDD4L/ANK2/KCND3/KCNJ5","0.4772708153628621"
"GOBP_CARTILAGE_CONDENSATION","GOBP_CARTILAGE_CONDENSATION","12","0.7369211489768905","1.874563298527094","0.002937909082481296365458","0.069694631788428773600","0.0405393111171230002832","1341","tags=50%, list=10%, signal=45%","MYCN/CCN2/TGFB2/COL2A1/WNT7A/SOX9","0.4317076958033464"
"GOBP_NEUROTRANSMITTER_UPTAKE","GOBP_NEUROTRANSMITTER_UPTAKE","27","0.6124201265005192","1.874129136710775","0.001366820315110275040060","0.044919529179393340168","0.0261283648669831808364","347","tags=22%, list=3%, signal=22%","RAB3B/APP/SLC1A3/KCNJ10/CLN8/SNAP25","0.4550598673872295"
"GOBP_LIPID_IMPORT_INTO_CELL","GOBP_LIPID_IMPORT_INTO_CELL","18","0.6701060351471017","1.873194816368171","0.001465418547083719921775","0.046275369162908946974","0.0269170169841739317929","1293","tags=33%, list=9%, signal=30%","THBS1/STRA6/SLC2A1/PLPPR4/SLC27A2/LIPA","0.4550598673872295"
"GOBP_NEGATIVE_CHEMOTAXIS","GOBP_NEGATIVE_CHEMOTAXIS","31","0.5870642410048614","1.872968934545962","0.001457259046034360813401","0.046218656992784115656","0.0268840291879861685576","2443","tags=52%, list=18%, signal=43%","ROBO1/EFNA5/SEMA3A/ITGAV/SEMA4B/FLRT3/WNT5A/SEMA4A/SEMA6B/SEMA4C/SEMA4D/NRP2/PLXNA4/RHOA/SEMA4G/SLIT3","0.4550598673872295"
"GOBP_CELLULAR_COMPONENT_MAINTENANCE","GOBP_CELLULAR_COMPONENT_MAINTENANCE","70","0.5056951521722742","1.872307856205226","0.000097773444391776605884","0.008555765380933416653","0.0049766363021427981878","2277","tags=33%, list=16%, signal=28%","NEDD9/APP/PRNP/IGF1R/GRIN2B/OPHN1/DLG1/TANC1/GRN/ITGA3/SORT1/TANC2/NLGN2/RIMS2/PARD6A/C1QL1/APOE/KIRREL1/PRICKLE1/PLXNA4/TREM2/DCTN1/FERMT2","0.5384340963099162"
"GOBP_NEURON_PROJECTION_REGENERATION","GOBP_NEURON_PROJECTION_REGENERATION","46","0.5447309296304519","1.872158034439316","0.001144819131005905170698","0.040758928178901414341","0.0237082660148193770377","2268","tags=39%, list=16%, signal=33%","TNC/FOLR1/LAMB2/KREMEN1/DAG1/PTPRF/GRN/CTNNA1/MAP1B/JAK2/PRRX1/INPP5F/KIAA0319/LRIG2/PTPRS/MATN2/CSPG5/NREP","0.4550598673872295"
"GOBP_MAMMARY_GLAND_MORPHOGENESIS","GOBP_MAMMARY_GLAND_MORPHOGENESIS","37","0.5694700578765066","1.869233721409135","0.000917616627241180982978","0.036220921541590747617","0.0210686414382813304302","1603","tags=41%, list=12%, signal=36%","VDR/CAV1/NR3C1/AR/FGFR2/GLI3/BMP4/TFAP2C/WNT5A/PERP/TBX3/PML/DDR1/TGFBR2/MSX2","0.4772708153628621"
"GOBP_MEMBRANE_REPOLARIZATION","GOBP_MEMBRANE_REPOLARIZATION","33","0.5904810425900723","1.868550761683175","0.000489591800459180325443","0.024693786435659906275","0.0143636470311507384590","1726","tags=42%, list=12%, signal=37%","GJA5/SCN5A/CAV1/ATP1A1/DLG1/AKAP6/SCN1B/CACNA1D/NEDD4L/ATP1B1/ANK2/KCND3/CACNB3/KCNJ5","0.4772708153628621"
"GOBP_SEMI_LUNAR_VALVE_DEVELOPMENT","GOBP_SEMI_LUNAR_VALVE_DEVELOPMENT","37","0.5691936238057621","1.868326351689454","0.000927869220918481644664","0.036427644062329359032","0.0211888858296797842617","1526","tags=35%, list=11%, signal=31%","ROBO1/CDH11/GJA5/STRA6/TGFB2/BMPR2/NOTCH2/BMP4/SNAI2/AXIN2/SMAD6/SOX9/TGFBR2","0.4772708153628621"
"GOBP_TERMINATION_OF_RNA_POLYMERASE_I_TRANSCRIPTION","GOBP_TERMINATION_OF_RNA_POLYMERASE_I_TRANSCRIPTION","16","-0.6662259834747728","-1.864901234115199","0.003302061678839272353125","0.074946481166905110083","0.0435941569557614580499","2954","tags=62%, list=21%, signal=49%","POLR2E/TTF1/POLR1H/POLR1B/POLR1C/POLR2F/POLR2H/POLR1F/POLR1G/POLR1D","0.4317076958033464"
"GOBP_COLLAGEN_FIBRIL_ORGANIZATION","GOBP_COLLAGEN_FIBRIL_ORGANIZATION","58","0.5139045689599796","1.864532125121481","0.000332750690044356545357","0.019334146094337291422","0.0112461023695712997866","2073","tags=38%, list=15%, signal=32%","EXT1/LOXL2/COL4A4/TGFB2/COL2A1/COL4A3/ATP7A/PLOD1/NF1/COL1A1/ANXA2/ANTXR2/LOXL4/ERO1A/COL5A2/COL4A5/FOXC1/LOXL1/ADAMTS14/SELENON/FKBP10/ADAMTS7","0.4984931087665903"
"GOBP_SMAD_PROTEIN_SIGNAL_TRANSDUCTION","GOBP_SMAD_PROTEIN_SIGNAL_TRANSDUCTION","70","0.5034254965772756","1.863904584030000","0.000111650784963847506245","0.009320915530947406630","0.0054217015702525952689","2471","tags=40%, list=18%, signal=33%","DAB2/TGFB2/VEPH1/TGFBR3/ACVR1/BMPR2/CCN3/BMP4/JAK2/SPTBN1/SMAD6/TOB1/PML/KIAA0319/TGFBR2/NODAL/ZMIZ1/GLCE/EID2/HFE/TTK/LDLRAD4/HIPK2/SMAD3/OVOL2/TGFB3/SKI/BECN1","0.5384340963099162"
"GOBP_POSITIVE_REGULATION_OF_TRANSMEMBRANE_RECEPTOR_PROTEIN_SERINE_THREONINE_KINASE_SIGNALING_PATHWAY","GOBP_POSITIVE_REGULATION_OF_TRANSMEMBRANE_RECEPTOR_PROTEIN_SERINE_THREONINE_KINASE_SIGNALING_PATHWAY","85","0.4861340703869453","1.863529660398707","0.000066698985169889681338","0.006636092182039845556","0.0038600190382853290239","2198","tags=34%, list=16%, signal=29%","THBS1/DAB2/CCN1/TGFB2/TGFBR3/ACVR1/BMPR2/NOTCH2/BMP4/TGFB1I1/MSX1/JAK2/CITED2/CREBBP/EP300/KIAA0319/TGFBR2/FGF9/MSX2/NODAL/NPNT/GLCE/HFE/CDKN2B/RNF111/TTK/HIPK2/SMAD3/TGFB3","0.5384340963099162"
"GOBP_REGULATION_OF_SODIUM_ION_TRANSMEMBRANE_TRANSPORT","GOBP_REGULATION_OF_SODIUM_ION_TRANSMEMBRANE_TRANSPORT","30","0.5897766408710848","1.863284061514703","0.001450849205602923724240","0.046217183246903659199","0.0268831719534872969068","3073","tags=60%, list=22%, signal=47%","CAMK2D/ATP2B4/UTRN/SCN5A/DLG1/FGF13/DMD/SCN1B/TESC/FXYD5/NEDD4L/ATP1B1/PCSK9/SLMAP/PRKCE/ACTN4/CHP1/FXYD6","0.4550598673872295"
"GOBP_SPLICEOSOMAL_COMPLEX_ASSEMBLY","GOBP_SPLICEOSOMAL_COMPLEX_ASSEMBLY","74","-0.4691586751330000","-1.862978230605612","0.000234289266014338777274","0.015058787071346394631","0.0087592521614150535558","3919","tags=47%, list=28%, signal=34%","SNRPC/PUF60/RSRP1/RBMX2/SRPK2/YTHDC1/SF3A3/CRNKL1/DDX46/SF1/PRPF19/SRSF1/SNU13/DDX39B/LUC7L3/SRPK1/SNRPE/SRSF10/ISY1/USP39/BUD13/TXNL4A/PRPF39/SNRPF/U2AF2/LUC7L2/NCBP1/PRPF6/SF3B6/SNRPA1/SNRPD1/SRSF6/DDX1/GCFC2/ZRSR2","0.5188480777437918"
"GOBP_REGULATION_OF_P38MAPK_CASCADE","GOBP_REGULATION_OF_P38MAPK_CASCADE","32","0.5918635715048842","1.859747516873119","0.001014035605330023456089","0.038160313997471301262","0.0221967288121527293876","2114","tags=47%, list=15%, signal=40%","LGALS9/DLG1/PJA2/DSC2/DAB2IP/PTPN22/BMP4/MAP3K3/PHLPP1/MINK1/RELL1/EZR/IL1B/DUSP10/TREM2","0.4550598673872295"
"GOBP_NEGATIVE_REGULATION_OF_MRNA_PROCESSING","GOBP_NEGATIVE_REGULATION_OF_MRNA_PROCESSING","32","-0.5552266073936714","-1.859215255896662","0.002460795806881982232539","0.062501963778054794862","0.0363555483401003451394","2161","tags=38%, list=16%, signal=32%","SNRPE/SRSF10/AAR2/C1QBP/SNRPF/SRSF7/RNPS1/U2AF2/SNRPD1/SRSF6/SAP18/RBM10","0.4317076958033464"
"GOBP_POSITIVE_REGULATION_OF_MEMBRANE_PROTEIN_ECTODOMAIN_PROTEOLYSIS","GOBP_POSITIVE_REGULATION_OF_MEMBRANE_PROTEIN_ECTODOMAIN_PROTEOLYSIS","13","0.7297332335091139","1.858331500838082","0.001645167159670637285762","0.049686120536494453315","0.0289009504311097155382","2599","tags=54%, list=19%, signal=44%","FURIN/APP/APOE/ADAM8/IL1B/SNX33/TNFRSF1B","0.4550598673872295"
"GOBP_TRANSCRIPTION_BY_RNA_POLYMERASE_I","GOBP_TRANSCRIPTION_BY_RNA_POLYMERASE_I","70","-0.4704766274966327","-1.857606470101452","0.000514265645112925071612","0.025237239057129559616","0.0146797573876277509530","2349","tags=37%, list=17%, signal=31%","NCL/RRN3/TCOF1/TAF1C/POLR1H/CEBPA/GTF2H1/DHX33/POLR1B/POLR1C/TAF1B/POLR2F/POLR2H/DDX11/POLR1F/DDX21/ATF4/MYBBP1A/IPPK/LYAR/BAZ1B/POLR1G/WDR43/PHF8/MARS1/POLR1D","0.4772708153628621"
"GOBP_NEGATIVE_REGULATION_OF_CAMP_PKA_SIGNAL_TRANSDUCTION","GOBP_NEGATIVE_REGULATION_OF_CAMP_PKA_SIGNAL_TRANSDUCTION","21","-0.6239176491192049","-1.856791891556297","0.002100276766919125740612","0.056919067754229890621","0.0331081424347008448916","804","tags=24%, list=6%, signal=22%","PDE10A/PDE9A/PRKAR1B/PDE2A/PDE3B","0.4317076958033464"
"GOBP_AMINOGLYCAN_CATABOLIC_PROCESS","GOBP_AMINOGLYCAN_CATABOLIC_PROCESS","25","0.6175671992535514","1.856479455771629","0.002202426375066251877655","0.058594222571817539125","0.0340825305701556030558","3094","tags=56%, list=22%, signal=44%","CEMIP/HYAL1/CEMIP2/GNS/CHI3L1/SLC9A1/HYAL3/CD44/HEXB/LYG1/HYAL2/HMMR/LYG2/OVGP1","0.4317076958033464"
"GOBP_OUTFLOW_TRACT_MORPHOGENESIS","GOBP_OUTFLOW_TRACT_MORPHOGENESIS","63","0.5017526625762146","1.856083759018182","0.000312932553976615372357","0.018478285687253310360","0.0107482736211401263410","1970","tags=35%, list=14%, signal=30%","ROBO1/WNT11/GJA5/FOLR1/TGFB2/TGFBR3/ACVR1/BMPR2/FGFR2/BMP4/HIF1A/TBX3/SEC24B/CITED2/SMAD6/TGFBR2/LRP2/MSX2/EDN1/FOXC1/NRP2/PRICKLE1","0.4984931087665903"
"GOBP_CARDIAC_VENTRICLE_DEVELOPMENT","GOBP_CARDIAC_VENTRICLE_DEVELOPMENT","106","0.4666281568732492","1.855425765598461","0.000060748404478824723457","0.006214305094784562840","0.0036146779335739340384","2528","tags=36%, list=18%, signal=30%","ROBO1/TPM1/WNT11/GJA5/STRA6/CCN1/HEG1/TGFB2/SCN5A/TGFBR3/PRDM1/ACVR1/BMPR2/PTK7/FGFR2/FRS2/BMP4/PROX1/WNT5A/HIF1A/AP2B1/TBX3/CITED2/SMAD6/MYL3/FKBP1A/TGFBR2/LRP2/FOXC1/SUFU/NAGLU/NPRL3/UBE4B/LUZP1/DSP/SLIT3/FOXF1/RBPJ","0.5573322387586460"
"GOBP_POSITIVE_REGULATION_OF_BICELLULAR_TIGHT_JUNCTION_ASSEMBLY","GOBP_POSITIVE_REGULATION_OF_BICELLULAR_TIGHT_JUNCTION_ASSEMBLY","7","-0.8414987575944257","-1.855395924385131","0.001784172875565219387045","0.051549451746647288741","0.0299847952223691212315","204","tags=29%, list=1%, signal=28%","CLDN1/RAC1","0.4550598673872295"
"GOBP_NEURON_RECOGNITION","GOBP_NEURON_RECOGNITION","35","0.5742249129401494","1.854885587537983","0.000595480482157345419013","0.027595080674547533411","0.0160512442932989780886","573","tags=23%, list=4%, signal=22%","EXT1/ROBO1/EFNA5/NTM/APP/TNFRSF21/EPHB2/NPTN","0.4772708153628621"
"GOBP_REGULATION_OF_SYNAPSE_STRUCTURE_OR_ACTIVITY","GOBP_REGULATION_OF_SYNAPSE_STRUCTURE_OR_ACTIVITY","239","0.4104292275049090","1.852730626756780","0.000001170383404374019669","0.000447770458687258102","0.0002604548652883967850","2385","tags=31%, list=17%, signal=26%","NECTIN3/NEDD9/TUBA1A/CLSTN2/EFNA5/SLITRK5/NTM/APP/AMOT/GPC4/PRNP/SRGAP1/DAG1/LZTS1/EPHB2/GRIN2B/PLPPR4/WNT7A/SRGAP2/TANC1/TRIM47/NF1/NTRK2/DAB2IP/LZTS3/MARK1/MAP1B/TANC2/LRRN1/STAU2/FLRT3/NLGN1/NCKIPSD/WNT5A/ADAM10/LATS1/SRGAP2B/PLXNC1/SPARC/NLGN2/KIF5B/DOCK1/GNA13/NEDD4L/TPBG/RAC3/AMIGO2/C1QL1/APOE/SEMA4A/RTN4/ARHGAP33/NLGN3/SRGAP3/GPR158/VLDLR/PGRMC1/NGEF/IL10/PTPRS/PPT1/ITSN1/NRN1/SEMA4C/SEMA4D/NRP2/PRICKLE1/CC2D1A/TREM2/SMAD3/DCTN1/RHOA/DLG5/CTNNB1/SPARCL1","0.6435518361507222"
"GOBP_CELLULAR_RESPONSE_TO_PROSTAGLANDIN_STIMULUS","GOBP_CELLULAR_RESPONSE_TO_PROSTAGLANDIN_STIMULUS","18","0.6627352248811105","1.852590668877308","0.001802775814904090771751","0.051549451746647288741","0.0299847952223691212315","3365","tags=61%, list=24%, signal=46%","PTGER2/IGFBP7/AKR1C3/ANKRD13C/PTGER4/TNFSF4/PRKCE/GNG2/AKR1C2/ACACA/PRKAA1","0.4550598673872295"
"GOBP_REGULATION_OF_CARDIAC_MUSCLE_CONTRACTION_BY_CALCIUM_ION_SIGNALING","GOBP_REGULATION_OF_CARDIAC_MUSCLE_CONTRACTION_BY_CALCIUM_ION_SIGNALING","25","0.6160358360448334","1.851875998302149","0.002325923419659274918314","0.060549038698872091613","0.0352195894385057967080","1994","tags=44%, list=14%, signal=38%","CAMK2D/JPH2/CALM2/DMD/SLC9A1/ATP1B1/FKBP1A/ANK2/ATP2A2/ASPH/FKBP1C","0.4317076958033464"
"GOBP_CALCIUM_DEPENDENT_CELL_CELL_ADHESION","GOBP_CALCIUM_DEPENDENT_CELL_CELL_ADHESION","23","0.6241527387085165","1.849100910346990","0.002126755306121841989503","0.057033723370385681906","0.0331748342239447449598","1276","tags=48%, list=9%, signal=43%","CDH11/CDH1/PCDHB5/PCDHB14/PCDHB11/PCDHGC3/NLGN1/FXYD5/PCDHB13/CDH3/PCDHB10","0.4317076958033464"
"GOBP_AMINOGLYCAN_METABOLIC_PROCESS","GOBP_AMINOGLYCAN_METABOLIC_PROCESS","65","0.4981724580982414","1.848901625011449","0.000232624228072054962859","0.015058787071346394631","0.0087592521614150535558","2330","tags=38%, list=17%, signal=32%","CEMIP/EXT1/HYAL1/B3GNT2/CLTC/HAS2/CEMIP2/XYLT2/GNS/CHI3L1/B4GALT5/GALNT5/SLC9A1/EGF/HYAL3/PDGFB/AP2A1/CD44/FOXC1/HEXB/IL1B/B3GNT4/NAGLU/LYG1/HS3ST1","0.5188480777437918"
"GOBP_SODIUM_ION_HOMEOSTASIS","GOBP_SODIUM_ION_HOMEOSTASIS","30","0.5847692895912622","1.847464313522788","0.001800694073048656569311","0.051549451746647288741","0.0299847952223691212315","1613","tags=37%, list=12%, signal=32%","EXT1/SLC1A3/ATP1A1/TMPRSS3/SLC9A2/SLC9A1/TESC/FXYD5/ATP1B1/COMT/EDN1","0.4550598673872295"
"GOBP_KERATINOCYTE_DEVELOPMENT","GOBP_KERATINOCYTE_DEVELOPMENT","12","0.7255973961073232","1.845758192905750","0.004251560721805805811990","0.087523986679141768663","0.0509101208392602477826","2785","tags=67%, list=20%, signal=53%","TFAP2C/ABCA12/FLNB/FOSL2/SFN/BCL11B/PALLD/PLEC","0.4070179189239539"
"GOBP_CARDIAC_CONDUCTION","GOBP_CARDIAC_CONDUCTION","67","0.4941346966079774","1.845065255745356","0.000469198417675630128233","0.024293918239316959762","0.0141310554986120596316","1726","tags=28%, list=12%, signal=25%","CAMK2D/GJA5/SCN3B/ATP2B4/SCN5A/CAV1/CALM2/ATP1A1/DSC2/SCN1B/CACNA1D/SLC9A1/JUP/ACE/ATP1B1/ANK2/ATP2A2/KCND3/KCNJ5","0.4984931087665903"
"GOBP_PEPTIDE_CATABOLIC_PROCESS","GOBP_PEPTIDE_CATABOLIC_PROCESS","14","0.7026399222415983","1.845018465337663","0.002645705817641572869109","0.063956838707080868045","0.0372018061632757787716","1111","tags=50%, list=8%, signal=46%","TPP1/LNPEP/CTSH/NPEPPS/CPQ/ERAP1/ACE","0.4317076958033464"
"GOBP_HYALURONAN_BIOSYNTHETIC_PROCESS","GOBP_HYALURONAN_BIOSYNTHETIC_PROCESS","11","0.7617467156582085","1.844787588511911","0.002554669178815451024978","0.062896821171988540056","0.0365852252367108166098","2013","tags=55%, list=15%, signal=47%","CLTC/HAS2/EGF/PDGFB/AP2A1/IL1B","0.4317076958033464"
"GOBP_REGULATION_OF_HEART_RATE","GOBP_REGULATION_OF_HEART_RATE","70","0.4981246004596527","1.844278314323202","0.000152914914756714041127","0.011106210258780139719","0.0064601548420494441308","2271","tags=36%, list=16%, signal=30%","TPM1/CAMK2D/GJA5/SCN3B/ADM/SCN5A/CAV1/CALM2/EPAS1/DSC2/DMD/EDN2/SCN1B/CACNA1D/JUP/ACE/ANK2/ATP2A2/KCND3/EDN1/KCNJ5/RNLS/PDE4D/DSP/EDN3","0.5188480777437918"
"GOBP_HEART_FIELD_SPECIFICATION","GOBP_HEART_FIELD_SPECIFICATION","13","0.7239957777901334","1.843720552333004","0.001914184906985842531124","0.053267145515088792918","0.0309839270105128801458","863","tags=46%, list=6%, signal=43%","EXT1/ROBO1/WNT11/BMP4/AXIN2/WNT5A","0.4550598673872295"
"GOBP_CELL_CELL_JUNCTION_ORGANIZATION","GOBP_CELL_CELL_JUNCTION_ORGANIZATION","167","0.4305906207449101","1.843220678874705","0.000011053560135787346191","0.002112684401742723379","0.0012288861861633490567","2365","tags=34%, list=17%, signal=28%","EXT1/CDH11/WNT11/GJA5/FSCN1/AMOT/HEG1/TGFB2/CDH1/CAV1/TRPV4/EPHB2/DLG1/AFDN/NF2/VCL/HDAC7/CTNNA1/ACTG1/SNAI2/FER/GJB1/ADAM10/JUP/PTPN23/MARVELD2/PATJ/PERP/POF1B/TJP3/CDH3/NLGN2/ACE/PIP5K1C/APC/PARD6A/HIPK1/OCEL1/F11R/PKN2/KIRREL1/IL1B/MYO1C/CD2AP/SMAD3/PDCD6IP/TGFB3/AJM1/TLN1/DSP/CLDN11/FERMT2/CDH13/RHOA/DLG5/CTNNB1","0.5933254763964051"
"GOBP_CELL_CELL_JUNCTION_ASSEMBLY","GOBP_CELL_CELL_JUNCTION_ASSEMBLY","110","0.4566066400670473","1.841371067480629","0.000035308892755526644536","0.004515440959810353497","0.0026264987876891869936","2538","tags=37%, list=18%, signal=31%","CDH11/WNT11/GJA5/FSCN1/AMOT/CDH1/CAV1/TRPV4/EPHB2/DLG1/AFDN/VCL/HDAC7/CTNNA1/ACTG1/SNAI2/FER/GJB1/JUP/MARVELD2/PATJ/POF1B/CDH3/ACE/PIP5K1C/APC/HIPK1/OCEL1/F11R/PKN2/IL1B/MYO1C/PDCD6IP/TLN1/CLDN11/CDH13/RHOA/DLG5/CTNNB1/PRKACA/ZNF703","0.5573322387586460"
"GOBP_REGULATION_OF_HYALURONAN_BIOSYNTHETIC_PROCESS","GOBP_REGULATION_OF_HYALURONAN_BIOSYNTHETIC_PROCESS","8","0.8296058984320012","1.841320759468323","0.001031352970085525934396","0.038279687891740327155","0.0222661650845721904857","1149","tags=62%, list=8%, signal=57%","CLTC/HAS2/EGF/PDGFB/AP2A1","0.4550598673872295"
"GOBP_REGULATION_OF_MUSCLE_SYSTEM_PROCESS","GOBP_REGULATION_OF_MUSCLE_SYSTEM_PROCESS","174","0.4294650193672594","1.839629663121777","0.000006434000756539619628","0.001460317109210851772","0.0008494233788288021786","2642","tags=33%, list=19%, signal=27%","TPM1/CAMK2D/GJA5/ATP2B4/FBXO32/JPH2/SCN5A/CAV1/DAG1/TRPV4/CALM2/ATP1A1/DLG1/FGF13/ARRB1/DSC2/DMD/ANXA6/AKAP6/TOMM70/MYH7B/PPARA/EDN2/SLC9A1/JUP/ADRA1B/TNNT1/MYL3/ABAT/MYL9/ATP1B1/FKBP1A/ANK2/ATP2A2/MYBPH/FOXP1/ASPH/EDN1/CAMK2G/CACNB3/IL6ST/NPNT/SELENON/SOD1/DOCK5/FKBP1C/LMNA/CACNA1S/SMAD3/PDE4D/DSP/EDN3/RHOA/BECN1/PRKACA/TNFRSF1B/FOXO1/LMCD1","0.6105268783859310"
"GOBP_EYE_MORPHOGENESIS","GOBP_EYE_MORPHOGENESIS","128","0.4495355572871688","1.838351227654330","0.000027072909692268366745","0.003781356597979714830","0.0021995035720346026338","2430","tags=34%, list=18%, signal=28%","ALDH1A3/NECTIN3/EFNA5/STRA6/MAN2A1/COL8A2/EPHB2/PRDM1/STAT3/NKD1/ZEB1/NOTCH2/GLI3/NF1/FRS2/NTRK2/FBN3/BMP4/PROX1/STAU2/WNT5A/ADAMTS9/HIF1A/BCAR3/LCTL/CITED2/TBC1D20/RAB37/DLL1/SOX9/COL5A2/PPP2R3A/HIPK1/SHROOM2/ARL6/BBS10/SOX12/HIPK2/NAGLU/TOPORS/BBS4/CTNNB1/SKI","0.5756102610711286"
"GOBP_LENS_DEVELOPMENT_IN_CAMERA_TYPE_EYE","GOBP_LENS_DEVELOPMENT_IN_CAMERA_TYPE_EYE","68","0.4966547471489513","1.838210003473356","0.000295236601509554883079","0.017721516006313199620","0.0103080830246424087759","2558","tags=44%, list=18%, signal=36%","NECTIN3/EFNA5/VIM/TBC1D32/DLG1/NF2/CRYBG3/WNT7A/FRS2/BMP4/PROX1/WNT5A/ADAMTS9/BCAR3/LCTL/CITED2/SPRED1/TBC1D20/MAF/HIPK1/TGFBR2/PLAAT3/SHROOM2/HIPK2/SMAD3/CRYBA1/CRYGN/CTNNB1/SKI/CRYAB","0.4984931087665903"
"GOBP_REGULATION_OF_SMAD_PROTEIN_SIGNAL_TRANSDUCTION","GOBP_REGULATION_OF_SMAD_PROTEIN_SIGNAL_TRANSDUCTION","54","0.5231023229689243","1.837904142634496","0.000603224739502025665214","0.027595080674547533411","0.0160512442932989780886","2198","tags=43%, list=16%, signal=36%","DAB2/TGFB2/VEPH1/TGFBR3/ACVR1/BMPR2/CCN3/BMP4/JAK2/SPTBN1/SMAD6/TOB1/KIAA0319/TGFBR2/NODAL/GLCE/EID2/HFE/TTK/LDLRAD4/SMAD3/OVOL2/TGFB3","0.4772708153628621"
"GOBP_OLIGOSACCHARIDE_CATABOLIC_PROCESS","GOBP_OLIGOSACCHARIDE_CATABOLIC_PROCESS","12","0.7222556500102029","1.837257535005844","0.004575479711806977427269","0.091864621201725837896","0.0534349398797128796734","2093","tags=58%, list=15%, signal=50%","MGAM2/GM2A/MANBA/MAN2B2/NEU1/HEXB/NEU3","0.4070179189239539"
"GOBP_REGULATION_OF_ACTIN_FILAMENT_BASED_MOVEMENT","GOBP_REGULATION_OF_ACTIN_FILAMENT_BASED_MOVEMENT","32","0.5845963500657410","1.836912529763421","0.001391641377920243378627","0.045325073218989805901","0.0263642578700885622800","1434","tags=34%, list=10%, signal=31%","CAMK2D/GJA5/SCN5A/CAV1/DLG1/FGF13/DSC2/MYH7B/JUP/ANK2/ATP2A2","0.4550598673872295"
"GOBP_ESTABLISHMENT_OR_MAINTENANCE_OF_BIPOLAR_CELL_POLARITY","GOBP_ESTABLISHMENT_OR_MAINTENANCE_OF_BIPOLAR_CELL_POLARITY","49","0.5279967886143306","1.833640746984233","0.000600875660316970003003","0.027595080674547533411","0.0160512442932989780886","2519","tags=45%, list=18%, signal=37%","WNT11/FSCN1/DLG4/MTCL1/OPHN1/DLG1/PTK7/PARD3B/WNT5A/MYO9A/PATJ/DLG3/PARD6A/LLGL2/EZR/MSN/SYNE4/PDCD6IP/RHOA/DLG5/FOXF1/NHERF1","0.4772708153628621"
"GOBP_NEGATIVE_REGULATION_OF_EXTRACELLULAR_MATRIX_ORGANIZATION","GOBP_NEGATIVE_REGULATION_OF_EXTRACELLULAR_MATRIX_ORGANIZATION","12","0.7207753865021006","1.833492074280107","0.004818419355671274550978","0.093823538284826993316","0.0545743841532052575971","955","tags=33%, list=7%, signal=31%","TIMP3/ANTXR1/TGFBR3/CST3","0.4070179189239539"
"GOBP_REGULATION_OF_THE_FORCE_OF_HEART_CONTRACTION","GOBP_REGULATION_OF_THE_FORCE_OF_HEART_CONTRACTION","16","0.6788955051353557","1.832786168711060","0.001876673156752830910754","0.052700724827289886776","0.0306544568074768493393","1434","tags=56%, list=10%, signal=50%","CAMK2D/ATP2B4/CAV1/ATP1A1/GAA/EDN2/SLC9A1/MYL3/ATP2A2","0.4550598673872295"
"GOBP_RIBOSOME_ASSEMBLY","GOBP_RIBOSOME_ASSEMBLY","66","-0.4745127521508343","-1.831024366497607","0.000259843403431519201583","0.016130278966864308732","0.0093825073849126035264","4043","tags=58%, list=29%, signal=41%","RPS28/NOP53/RRS1/ABT1/RPL11/NGRN/TUFM/NPM1/BRIX1/FAU/MTERF3/EIF5/METTL17/RPL5/DDX28/NDUFAB1/NIP7/NOP2/MRTO4/MALSU1/C1QBP/MCAT/RPS19/EIF2A/DHX37/MRPS2/MTG1/BOP1/RPF2/MRM3/DDX3X/MTG2/EIF6/RRP7A/SBDS/RCC1L/GTPBP10/EIF1AX","0.4984931087665903"
"GOBP_ACTION_POTENTIAL","GOBP_ACTION_POTENTIAL","107","0.4525265803456390","1.828479527578174","0.000115514420885787030021","0.009357628557037520056","0.0054430564543882361747","2426","tags=35%, list=18%, signal=29%","CAMK2D/GJA5/SCN3B/KCNA6/KCNMB4/SCN5A/CAV1/GBA1/ATP1A1/KCNS3/DLG1/FGF13/DSC2/DMD/AKAP6/NTRK2/SCN1B/CACNA1D/SLC9A1/JUP/KCNA2/NEDD4L/ATP1B1/ANK2/ATP2A2/KCND3/CACNB3/KCNJ5/NPR2/BBS10/SOD1/KCNS2/SLMAP/DSP/GLRA1/KCNC4/KCNV2","0.5384340963099162"
"GOBP_NOSE_DEVELOPMENT","GOBP_NOSE_DEVELOPMENT","13","0.7179863482879817","1.828416998057133","0.002304347135617909256289","0.060262418873430305399","0.0350528711421642241719","852","tags=38%, list=6%, signal=36%","ALDH1A3/STRA6/GLI3/PROX1/MSX1","0.4317076958033464"
"GOBP_SECRETORY_GRANULE_LOCALIZATION","GOBP_SECRETORY_GRANULE_LOCALIZATION","20","0.6426472495821050","1.828290904582873","0.002115280007707515813609","0.057033723370385681906","0.0331748342239447449598","1657","tags=45%, list=12%, signal=40%","CADPS2/SNAP25/MAP2/BAIAP3/TANC2/UNC13B/KIF5B/RASGRP1/KIF1B","0.4317076958033464"
"GOBP_MATURATION_OF_LSU_RRNA","GOBP_MATURATION_OF_LSU_RRNA","31","-0.5618544908220725","-1.828228095900464","0.001165187822744958136625","0.041081355129109861646","0.0238958122592234610548","2693","tags=58%, list=19%, signal=47%","LAS1L/GTPBP4/TEX10/NOP2/RPL35/RRP15/DDX18/PAK1IP1/RPL7L1/NOL9/PPAN/MAK16/PES1/SENP3/BOP1/RPF2/WDR18/EIF6","0.4550598673872295"
"GOBP_SERINE_FAMILY_AMINO_ACID_BIOSYNTHETIC_PROCESS","GOBP_SERINE_FAMILY_AMINO_ACID_BIOSYNTHETIC_PROCESS","11","-0.7365119539777799","-1.824555627630495","0.003835792119185120301050","0.081460111583747163433","0.0473829435982092359025","2311","tags=73%, list=17%, signal=61%","CBS/CTH/PHGDH/RIDA/SEPHS2/PSAT1/PSPH/SHMT2","0.4317076958033464"
"GOBP_RETINAL_METABOLIC_PROCESS","GOBP_RETINAL_METABOLIC_PROCESS","12","0.7170192396822037","1.823937273224074","0.005223319384404113280285","0.097524341102640299539","0.0567270319678877046887","842","tags=25%, list=6%, signal=23%","ALDH1A3/AKR1C3/AKR1C1","0.4070179189239539"
"GOBP_COGNITION","GOBP_COGNITION","239","0.4033757727941365","1.820890419745856","0.000002674073276825386161","0.000746992084983953177","0.0004345032573975172920","2451","tags=31%, list=18%, signal=26%","NEDD9/TUBA1A/CLSTN2/ATP8A1/SGK1/STRA6/AFF2/ATXN1/APP/LDLR/CLN8/PRNP/DLG4/GPR155/RASGRF1/EPHB2/GRIN2B/SNAP25/GM2A/FGF13/MAN2B1/PJA2/POMK/TANC1/ARL6IP5/NF1/ITGA3/NTRK2/RCAN2/LRRN4/SYNJ1/DOP1B/HIF1A/VPS13B/NCSTN/HRH1/RAPGEF3/MGAT3/NDRG4/CIC/ACSS2/TPBG/EP300/C1QL1/PPP1R1B/APOE/ABCA7/KAT2B/COMT/HMGCR/PLCB1/BTBD9/NLGN3/GPR158/VLDLR/PGRMC1/SLC2A4/SHROOM4/SLC6A4/PPT1/DCAF11/CHRNA7/CNTN2/B2M/TREM2/BLOC1S6/SHANK2/MAP1A/BBS4/SYT11/MAGT1/SPG11/ATXN1L","0.6272567397185284"
"GOBP_RELAXATION_OF_CARDIAC_MUSCLE","GOBP_RELAXATION_OF_CARDIAC_MUSCLE","14","0.6933514761241590","1.820628512449280","0.003506081323897404424667","0.077165662592323783220","0.0448849893186253762201","1434","tags=43%, list=10%, signal=38%","CAMK2D/ATP1A1/AKAP6/GSN/ATP1B1/ATP2A2","0.4317076958033464"
"GOBP_POSITIVE_REGULATION_OF_SMAD_PROTEIN_SIGNAL_TRANSDUCTION","GOBP_POSITIVE_REGULATION_OF_SMAD_PROTEIN_SIGNAL_TRANSDUCTION","33","0.5748203834835054","1.818993308706059","0.000854923424393970216202","0.034305573653996716821","0.0199545400803975495063","2198","tags=45%, list=16%, signal=38%","DAB2/TGFB2/TGFBR3/ACVR1/BMPR2/BMP4/JAK2/KIAA0319/TGFBR2/NODAL/GLCE/HFE/TTK/SMAD3/TGFB3","0.4772708153628621"
"GOBP_SECONDARY_PALATE_DEVELOPMENT","GOBP_SECONDARY_PALATE_DEVELOPMENT","21","0.6488637136761354","1.817052942540106","0.001352325498811865868778","0.044849041542788049830","0.0260873642883600355413","2198","tags=48%, list=16%, signal=40%","WNT11/ITGB6/TGFB2/TGFBR3/DLG1/WNT7A/WNT5A/TGFBR2/ITGB8/TGFB3","0.4550598673872295"
"GOBP_POSITIVE_REGULATION_OF_TRANSFORMING_GROWTH_FACTOR_BETA_PRODUCTION","GOBP_POSITIVE_REGULATION_OF_TRANSFORMING_GROWTH_FACTOR_BETA_PRODUCTION","13","0.7131806651538292","1.816178892484913","0.002426698737576087148288","0.062279550992986293378","0.0362261773848495949313","239","tags=31%, list=2%, signal=30%","THBS1/WNT11/CD46/LGALS9","0.4317076958033464"
"GOBP_NEGATIVE_REGULATION_OF_WNT_SIGNALING_PATHWAY","GOBP_NEGATIVE_REGULATION_OF_WNT_SIGNALING_PATHWAY","143","0.4398773319077467","1.815778569074760","0.000013638807215323772617","0.002196275803821813935","0.0012775088385634353859","1689","tags=31%, list=12%, signal=27%","WNT11/DKK4/VGLL4/NLK/APP/TLE1/NOTUM/DAB2/MLLT3/KREMEN1/CAV1/CTHRC1/RNF213/SFRP5/TLE2/RNF43/NKD1/TLE6/GLI3/DAB2IP/TRABD2B/JADE1/ZNRF3/SNAI2/AXIN2/WNT5A/LATS1/TMEM131L/DKK3/TLE4/SHISA2/TPBG/APC/SOX9/APOE/PPP2R3A/FGF9/STK3/APCDD1/FZD6/HMGA2/BICC1/LIMD1/DACT1","0.5933254763964051"
"GOBP_SYNAPTIC_MEMBRANE_ADHESION","GOBP_SYNAPTIC_MEMBRANE_ADHESION","21","0.6481537806274924","1.815064873384975","0.001373291368883141705740","0.044928897352244409613","0.0261338140567423174443","806","tags=33%, list=6%, signal=31%","EFNA5/SLITRK5/GPC4/PTPRF/TENM4/ITGA3/FLRT3","0.4550598673872295"
"GOBP_MYELOID_LEUKOCYTE_ACTIVATION","GOBP_MYELOID_LEUKOCYTE_ACTIVATION","160","0.4267035397844187","1.814793284684098","0.000020428270453479911934","0.002967410566072492019","0.0017260551790478561793","2585","tags=34%, list=19%, signal=28%","THBS1/ITGB2/RORA/APP/ITGB6/RAC2/IFI35/NDRG1/DYSF/LDLR/CLU/LGALS9/CPLX2/PJA2/CXCR1/GRN/NOTCH2/IL15/NR1H3/EDN2/ANXA3/FER/NECTIN2/WNT5A/ADAM10/FN1/JAK2/CSF2/CXCR2/PTPRE/CST7/FES/RASGRP1/FOXP1/GPR137B/TGFBR2/HAVCR2/IL10/NMI/TRAF6/GNAQ/IL1B/CX3CL1/TREM2/NAGLU/ITGB8/HSPA12A/IFNGR1/TMEM106A/SYT11/MYO18A/FOXF1/RBPJ/PRKCE/GAB2","0.5756102610711286"
"GOBP_CYTOPLASMIC_TRANSLATIONAL_INITIATION","GOBP_CYTOPLASMIC_TRANSLATIONAL_INITIATION","51","-0.4981551852897906","-1.814401782348617","0.000777406756422944480653","0.031545624372529078305","0.0183491590098934474751","3538","tags=53%, list=26%, signal=40%","EIF3C/EIF3I/EIF4A1/GAPDH/EIF2B3/EIF2B2/EIF5/EIF3K/MTIF2/EIF3D/NCBP2/MCTS2/EPRS1/EIF4G1/RPS3/EIF2B4/EIF2S3B/METTL3/EIF3F/NCBP1/HHEX/EIF2B5/EIF3M/EIF3J/EIF2S2/EIF2S3/EIF3B","0.4772708153628621"
"GOBP_HEART_FORMATION","GOBP_HEART_FORMATION","23","0.6111523066131598","1.810586121687775","0.003478306414773681565916","0.077100244175363000232","0.0448469373555127268083","863","tags=30%, list=6%, signal=29%","EXT1/ROBO1/WNT11/FOLR1/BMP4/AXIN2/WNT5A","0.4317076958033464"
"GOBP_RESPONSE_TO_PROGESTERONE","GOBP_RESPONSE_TO_PROGESTERONE","27","0.5912155580178273","1.809238879344685","0.003047722770821748548842","0.071025562489876098438","0.0413134742398308524303","2198","tags=37%, list=16%, signal=31%","THBS1/PTGER2/TGFB2/CAV1/WBP2/NR1H3/NCOA2/ABHD2/TRERF1/TGFB3","0.4317076958033464"
"GOBP_PULMONARY_VALVE_DEVELOPMENT","GOBP_PULMONARY_VALVE_DEVELOPMENT","21","0.6460092287044262","1.809059352810924","0.001561984449273709366426","0.047778294626175256410","0.0277912243854865105563","1101","tags=38%, list=8%, signal=35%","ROBO1/GJA5/STRA6/TGFB2/BMPR2/NOTCH2/BMP4/SMAD6","0.4550598673872295"
"GOBP_MRNA_PSEUDOURIDINE_SYNTHESIS","GOBP_MRNA_PSEUDOURIDINE_SYNTHESIS","10","-0.7542647921755478","-1.808969371262941","0.004188270383818614925331","0.087161626927434385226","0.0506993468623579413013","2389","tags=60%, list=17%, signal=50%","PUS7L/PUS1/PUS3/DKC1/PUS7/RPUSD4","0.4070179189239539"
"GOBP_LEARNING","GOBP_LEARNING","120","0.4417466926244237","1.808081016166108","0.000079210330109353530590","0.007375700353644033987","0.0042902272911167441821","1839","tags=27%, list=13%, signal=23%","TUBA1A/CLSTN2/ATP8A1/STRA6/ATXN1/APP/CLN8/DLG4/EPHB2/SNAP25/FGF13/TANC1/NF1/NTRK2/LRRN4/SYNJ1/HIF1A/HRH1/RAPGEF3/NDRG4/CIC/TPBG/C1QL1/PPP1R1B/ABCA7/COMT/HMGCR/PLCB1/NLGN3/PGRMC1/SLC6A4/PPT1","0.5384340963099162"
"GOBP_REGULATION_OF_SYNAPSE_ASSEMBLY","GOBP_REGULATION_OF_SYNAPSE_ASSEMBLY","127","0.4423908761843231","1.807410329393947","0.000033672387639472596370","0.004446591844099808885","0.0025864512883293868696","2033","tags=32%, list=15%, signal=28%","NECTIN3/CLSTN2/EFNA5/SLITRK5/NTM/APP/GPC4/SRGAP1/LZTS1/EPHB2/WNT7A/SRGAP2/TRIM47/NTRK2/MARK1/MAP1B/LRRN1/STAU2/FLRT3/NLGN1/NCKIPSD/WNT5A/LATS1/SRGAP2B/NLGN2/DOCK1/GNA13/TPBG/RAC3/AMIGO2/SEMA4A/RTN4/ARHGAP33/NLGN3/SRGAP3/VLDLR/PTPRS/SEMA4C/SEMA4D/PRICKLE1/CC2D1A","0.5573322387586460"
"GOBP_TRNA_PROCESSING","GOBP_TRNA_PROCESSING","135","-0.4156118897652555","-1.804890596613090","0.000058694428105038056961","0.006162938609887146611","0.0035847995647697089225","4170","tags=51%, list=30%, signal=36%","GRSF1/TYW1B/NSUN2/BCDIN3D/ANGEL2/TRMT2A/GTPBP3/DUS3L/TRMT10B/RTRAF/TRMT44/TRMT5/TRMT61B/QNG1/METTL2A/FAM98A/QTGAL/TSEN54/ALKBH8/TSEN2/TRMT13/PTCD1/METTL6/MTO1/TSEN15/CTU2/POP1/AARS1/KARS1/ELAC1/NSUN6/RPP40/SSB/RPP25L/QTRT2/ELP5/ELP2/ALKBH1/GON7/DTWD1/MTFMT/TYW1/ANKRD16/TRMU/TP53RK/PUS1/SARS1/CDK5RAP1/TRIT1/DUS1L/MOCS3/URM1/QTRT1/FTSJ1/CTU1/TRMT1/NAT10/PYROXD1/PUS3/HSD17B10/METTL2B/DDX1/POP7/METTL1/PUS7/TRMT61A/RPUSD4/DUS4L/SLC35F2","0.5573322387586460"
"GOBP_REGULATION_OF_MEMBRANE_REPOLARIZATION","GOBP_REGULATION_OF_MEMBRANE_REPOLARIZATION","24","0.6011464359943517","1.804540106581786","0.002373848674325790969464","0.061356807550278363861","0.0356894447478399157170","1713","tags=38%, list=12%, signal=33%","GJA5/SCN5A/CAV1/AKAP6/SCN1B/CACNA1D/NEDD4L/ANK2/CACNB3","0.4317076958033464"
"GOBP_COLLAGEN_CATABOLIC_PROCESS","GOBP_COLLAGEN_CATABOLIC_PROCESS","27","0.5887457432743528","1.801680747969296","0.003362322251164059222495","0.075840206553430322689","0.0441140106456066535823","2417","tags=48%, list=17%, signal=40%","FURIN/CTSB/KLK6/CST3/MMP15/RETREG2/MMP24/MMP14/PRSS2/CTSK/ADAMTS14/MMP28/MRC2","0.4317076958033464"
"GOBP_AXON_CHOICE_POINT_RECOGNITION","GOBP_AXON_CHOICE_POINT_RECOGNITION","6","0.8886320502288889","1.801547121015800","0.000836301303747282007324","0.033744757606202831213","0.0196283299310992739861","106","tags=33%, list=1%, signal=33%","ROBO1/APP","0.4772708153628621"
"GOBP_REGULATION_OF_CELLULAR_RESPONSE_TO_TRANSFORMING_GROWTH_FACTOR_BETA_STIMULUS","GOBP_REGULATION_OF_CELLULAR_RESPONSE_TO_TRANSFORMING_GROWTH_FACTOR_BETA_STIMULUS","125","0.4371354034004162","1.801422597221813","0.000099520214738276594770","0.008604944281477415816","0.0050052422176687389604","2545","tags=38%, list=18%, signal=31%","THBS1/IL17RD/CD109/FOLR1/BAMBI/VEPH1/TGFBR3/SMURF2/MTMR4/LTBP1/ZEB1/ITGA3/PPARA/TET1/PBLD/TGFB1I1/LATS1/DKK3/CITED2/CDH3/SPRED1/CREBBP/SMAD6/EP300/FKBP1A/CHST11/HTRA1/SAP30/NPNT/HSPA1A/GLG1/EID2/CAV2/CDKN2B/RNF111/CFLAR/SNX25/LDLRAD4/HIPK2/SMAD3/SAP130/OVOL2/NREP/BCL9L/SKI/ZNF703/FBN1","0.5384340963099162"
"GOBP_REGULATION_OF_PEPTIDYL_THREONINE_PHOSPHORYLATION","GOBP_REGULATION_OF_PEPTIDYL_THREONINE_PHOSPHORYLATION","13","0.7071019540216043","1.800698906288878","0.003079242649579675035476","0.071452202440566062180","0.0415616381120286343398","1029","tags=31%, list=7%, signal=29%","CEMIP/CHI3L1/EGF/TRIM6","0.4317076958033464"
"GOBP_RESPONSE_TO_HYPEROXIA","GOBP_RESPONSE_TO_HYPEROXIA","17","0.6620424591872499","1.799927496096639","0.002793754340238188606932","0.067188866798509813694","0.0390817815498373799521","836","tags=29%, list=6%, signal=28%","CAT/CAV1/FAS/COL1A1/ATG7","0.4317076958033464"
"GOBP_LENS_FIBER_CELL_DEVELOPMENT","GOBP_LENS_FIBER_CELL_DEVELOPMENT","13","0.7061928465238970","1.798383782044758","0.003120026728127018016828","0.071857101961560754244","0.0417971562176785230158","1089","tags=46%, list=8%, signal=43%","EFNA5/VIM/WNT7A/FRS2/PROX1/TBC1D20","0.4317076958033464"
"GOBP_RNA_SPLICING","GOBP_RNA_SPLICING","438","-0.3605474276922339","-1.798174636002696","0.000000005015276888707851","0.000006070992673780853","0.0000035313173264090351","3919","tags=40%, list=28%, signal=29%","SNRPC/SNRNP27/RBM11/PUF60/RRP1B/RSRP1/FRG1/RBMX2/HNRNPL/RTRAF/MPHOSPH10/TARDBP/ILF3/SUPT3H/SRPK2/FAM98A/AQR/SRSF2/YTHDC1/HNRNPH1/SF3A3/SRSF3/NPM1/CRNKL1/SART1/PTBP1/DDX46/CCNL2/SF1/TSEN54/GPATCH1/CLK1/PRPF38B/TSEN2/PLRG1/SNRNP70/PNN/PPP1R8/CWC27/GEMIN4/YBX1/METTL16/YJU2B/PRPF19/TSEN15/GEMIN7/GEMIN5/SRSF1/FUS/CACTIN/LSM7/SNU13/RBPMS2/RBM25/HNRNPA3/DDX39B/CCNL1/NRDE2/DHX16/NKAP/TSSC4/RPS26/PRPF38A/PDCD7/HNRNPH3/NCBP2/USP4/TRRAP/CDK11B/SNRNP40/SNRPA/TXNL4B/NCL/LUC7L3/RBM28/TADA2B/HNRNPM/HNRNPA1L3/SRPK1/CCAR2/SNRPE/TAF10/ZMAT2/SRSF10/ISY1/USP39/HNRNPUL2/RBM38/BUD13/DDX47/TAF9/HNRNPA2B1/LSM10/ZC3H13/TXNL4A/AAR2/LSM1/CLNS1A/SNW1/PRPF39/DCPS/PRMT1/C1QBP/PUS1/SNRPF/SRSF7/WDR77/UPF3B/DAZAP1/CENATAC/METTL3/RNPS1/CLASRP/U2AF2/LUC7L2/NCBP1/PPIE/RPS13/TRA2A/RBM39/ILDR2/METTL4/ZRANB2/RBM19/DHX35/ZNF326/ERN1/SART3/PRPF6/TRA2B/LSM8/LGALS3/PYROXD1/WBP11/SF3B6/RBM24/ZC3H14/RP9/MAGOH/RALY/RBM3/SNRPA1/RBM48/H1-2/MAGOHB/THOC1/SNRPD1/MBNL2/GEMIN8/SRSF6/DDX1/STRAP/GPKOW/GCFC2/INTS15/QKI/LSM5/CDK13/RBM17/BCLAF3/UPF3A/PRKRIP1/PUS7/CTNNBL1/SAP18/PQBP1/ZPR1/WBP4/ZRSR2/RPUSD4/RBM10/BUD31/SUPT20H/ARGLU1","0.7614608014455848"
"GOBP_NEURONAL_STEM_CELL_POPULATION_MAINTENANCE","GOBP_NEURONAL_STEM_CELL_POPULATION_MAINTENANCE","21","0.6417948151484174","1.797257471473406","0.001813575744586910570497","0.051654904442881295623","0.0300461339446074053583","2633","tags=57%, list=19%, signal=46%","MCPH1/FANCD2/REST/PROX1/SS18/PRRX1/IGF2BP1/DLL1/MMP24/WDR47/ASPM/FOXO1","0.4550598673872295"
"GOBP_HEART_VALVE_DEVELOPMENT","GOBP_HEART_VALVE_DEVELOPMENT","63","0.4856794284362307","1.796625641369251","0.000647838963685787067211","0.028806508654057053076","0.0167558962083332388393","1526","tags=30%, list=11%, signal=27%","ROBO1/CDH11/GJA5/STRA6/CCN1/TGFB2/PRDM1/ACVR1/BMPR2/NOTCH2/BMP4/SNAI2/AXIN2/ADAMTS9/FAM114A1/SMAD6/APC/SOX9/TGFBR2","0.4772708153628621"
"GOBP_MITOCHONDRIAL_LARGE_RIBOSOMAL_SUBUNIT_ASSEMBLY","GOBP_MITOCHONDRIAL_LARGE_RIBOSOMAL_SUBUNIT_ASSEMBLY","14","-0.6717175031277864","-1.795258153175677","0.005426686182389826341999","0.100177394718608800406","0.0582702349835037894388","2772","tags=57%, list=20%, signal=46%","DDX28/NDUFAB1/MALSU1/MTG1/MRM3/MTG2/RCC1L/GTPBP10","0.4070179189239539"
"GOBP_NUCLEOLUS_ORGANIZATION","GOBP_NUCLEOLUS_ORGANIZATION","18","-0.6389031147828880","-1.793901299327785","0.003694803986057496915374","0.079469878255085169005","0.0462252835885944013405","2580","tags=56%, list=19%, signal=45%","BEND3/RRN3/EMG1/POLR1B/RPS19/NOLC1/DDX11/RRP8/SUV39H1/PHF8","0.4317076958033464"
"GOBP_GLIAL_CELL_MIGRATION","GOBP_GLIAL_CELL_MIGRATION","41","0.5292949183078449","1.793798874063055","0.001734377338039448050028","0.050793478250727865098","0.0295450677432081698637","3007","tags=49%, list=22%, signal=38%","TGFB2/SRGAP2/CCL2/GLI3/DAB2IP/MMP14/RTN4/MBOAT7/APCDD1/ZMIZ1/HEXB/WDR47/MATN2/CX3CL1/TREM2/BMERB1/CTNNB1/LRP8/SYNE2/LAMB1","0.4550598673872295"
"GOBP_RESPONSE_TO_L_GLUTAMATE","GOBP_RESPONSE_TO_L_GLUTAMATE","12","0.7048612394150220","1.793010028001184","0.007328807362639145825400","0.114974548866056708318","0.0668773029920187722652","1664","tags=42%, list=12%, signal=37%","TUBA1A/PCNA/HPCA/UFL1/GRIN2D","0.4070179189239539"
"GOBP_REGULATION_OF_CELL_SHAPE","GOBP_REGULATION_OF_CELL_SHAPE","119","0.4421103652852161","1.791636429533193","0.000094259925564013337601","0.008348900480139377286","0.0048563090924667344159","2674","tags=37%, list=19%, signal=30%","TPM1/ITGB2/RAC2/ARHGAP18/BAMBI/CDC42EP4/DLG1/NF2/CDC42EP3/CCL2/PLXNB3/PRAG1/BRWD3/FGD5/FN1/RHOBTB2/PLXNC1/BRWD1/FMNL1/SPTB/GNA13/FES/RAC3/WDPCP/SEMA4A/FBLIM1/F11R/EZR/LIMD1/MSN/FGD6/SHROOM3/MYH9/HEXB/SEMA4D/FMNL3/SEPTIN7/FERMT2/CCL24/PHIP/NHERF1/HPN/FGD3/CDC42SE2","0.5384340963099162"
"GOBP_NEGATIVE_REGULATION_OF_CANONICAL_WNT_SIGNALING_PATHWAY","GOBP_NEGATIVE_REGULATION_OF_CANONICAL_WNT_SIGNALING_PATHWAY","115","0.4433987743966256","1.791445440681295","0.000093669029942918249020","0.008348900480139377286","0.0048563090924667344159","2877","tags=44%, list=21%, signal=35%","WNT11/DKK4/APP/TLE1/NOTUM/DAB2/MLLT3/KREMEN1/CAV1/CTHRC1/SFRP5/TLE2/NKD1/TLE6/GLI3/DAB2IP/JADE1/ZNRF3/SNAI2/AXIN2/WNT5A/LATS1/TMEM131L/DKK3/TLE4/TPBG/APC/SOX9/APOE/PPP2R3A/STK3/FZD6/BICC1/LIMD1/DACT1/TLE3/PRICKLE1/ANKRD6/CTNNB1/PTPRU/DRAXIN/LZTS2/NKD2/NHERF1/FOXO1/RBX1/CHD8/TLE5/CTNNBIP1/G3BP1/MAPK14","0.5384340963099162"
"GOBP_RESPONSE_TO_FIBROBLAST_GROWTH_FACTOR","GOBP_RESPONSE_TO_FIBROBLAST_GROWTH_FACTOR","90","0.4663533599408886","1.790412941850204","0.000193205039193224245488","0.013238190562833847611","0.0077002648853018900235","3436","tags=46%, list=25%, signal=34%","THBS1/EXT1/CPS1/CCN2/HYAL1/FGF20/CCL2/FGFR2/NPTN/FRS2/FGF3/FLRT3/FGFBP1/COL1A1/WNT5A/IQGAP1/NGFR/DSTYK/APLN/SHISA2/FGF9/KIF16B/CD44/NPR2/SHCBP1/CTNNB1/SOS1/FIBP/ZFP36L1/CRIPTO/HYAL2/FGFR1/FGF1/GCLC/GPC1/DLL4/SPRY4/NOG/SPRY1/EXT2/FGFRL1","0.5188480777437918"
"GOBP_PROTEIN_LOCALIZATION_TO_MITOCHONDRION","GOBP_PROTEIN_LOCALIZATION_TO_MITOCHONDRION","66","-0.4631061732846211","-1.787009271544428","0.000449277522976219013517","0.023993401833649109084","0.0139562539715424906162","3331","tags=41%, list=24%, signal=31%","DNLZ/HSPA4/BCS1L/DNM1L/TIMM9/TOMM5/TIMM8A/DNAJC19/TIMM8B/TIMM10/TRABD/TIMM13/CHCHD4/MOAP1/MARCHF5/TIMM50/TIMM44/TOMM40/AGK/GRPEL1/TIMM10B/TIMM17B/HSPD1/EIF2AK1/GRPEL2/TOMM7/DNAJC15","0.4984931087665903"
"GOBP_VENTRICULAR_CARDIAC_MUSCLE_CELL_ACTION_POTENTIAL","GOBP_VENTRICULAR_CARDIAC_MUSCLE_CELL_ACTION_POTENTIAL","27","0.5834665717376580","1.785525418047092","0.004456540006499827739905","0.090666246686857840387","0.0527378807799454563110","1726","tags=41%, list=12%, signal=36%","GJA5/SCN3B/SCN5A/CAV1/DLG1/DSC2/JUP/NEDD4L/ANK2/KCND3/KCNJ5","0.4070179189239539"
"GOBP_ATRIAL_SEPTUM_MORPHOGENESIS","GOBP_ATRIAL_SEPTUM_MORPHOGENESIS","13","0.7005544718205972","1.784025152283188","0.003691004510415236018056","0.079469878255085169005","0.0462252835885944013405","574","tags=46%, list=4%, signal=44%","GJA5/CCN1/TGFB2/ACVR1/BMPR2/NOTCH2","0.4317076958033464"
"GOBP_LENS_MORPHOGENESIS_IN_CAMERA_TYPE_EYE","GOBP_LENS_MORPHOGENESIS_IN_CAMERA_TYPE_EYE","21","0.6368196004844008","1.783325072027300","0.002128065404567605709701","0.057033723370385681906","0.0331748342239447449598","2430","tags=62%, list=18%, signal=51%","NECTIN3/EFNA5/BMP4/PROX1/BCAR3/LCTL/CITED2/TBC1D20/HIPK1/SHROOM2/HIPK2/CTNNB1/SKI","0.4317076958033464"
"GOBP_REGULATION_OF_EXTRACELLULAR_MATRIX_ASSEMBLY","GOBP_REGULATION_OF_EXTRACELLULAR_MATRIX_ASSEMBLY","13","0.7000103141432441","1.782639405674958","0.003731788677955033030342","0.079797396060473119173","0.0464157910332613637960","2135","tags=38%, list=15%, signal=33%","ANTXR1/TGFBR3/HAS2/SOX9/SMAD3","0.4317076958033464"
"GOBP_PSEUDOURIDINE_SYNTHESIS","GOBP_PSEUDOURIDINE_SYNTHESIS","18","-0.6348848912181029","-1.782618999543871","0.004113078448211766359466","0.085842783820005916229","0.0499322147364717056073","2415","tags=44%, list=17%, signal=37%","RPUSD1/PUS7L/PUS1/GAR1/PUS3/DKC1/PUS7/RPUSD4","0.4070179189239539"
"GOBP_MAMMARY_GLAND_DEVELOPMENT","GOBP_MAMMARY_GLAND_DEVELOPMENT","110","0.4420190786609489","1.782543378259240","0.000106616475781712324151","0.009004133297704379479","0.0052374386911717375412","1683","tags=30%, list=12%, signal=27%","ROBO1/VDR/CCND1/CAV1/IQGAP3/NR3C1/AR/FASN/FGFR2/GLI3/PPARA/TGFA/BMP4/TFAP2C/MSX1/WNT5A/LATS1/HIF1A/EGF/PERP/TBX3/JAK2/XDH/PML/DDR1/APLN/SLC22A4/SOX9/RTN4/TGFBR2/MSX2/ARHGAP5/UPRT","0.5384340963099162"
"GOBP_RESPONSE_TO_TRANSFORMING_GROWTH_FACTOR_BETA","GOBP_RESPONSE_TO_TRANSFORMING_GROWTH_FACTOR_BETA","229","0.4021154862111767","1.781447867221839","0.000003930928349078769989","0.001019509105574781813","0.0005930183682310210397","2302","tags=32%, list=17%, signal=27%","THBS1/FURIN/IL17RD/NLK/CD109/ITGB6/FOLR1/DAB2/BAMBI/TGFB2/CAV1/NR3C1/VEPH1/TGFBR3/SMURF2/ACVR1/STAT3/WNT7A/MTMR4/LTBP1/ZEB1/FGFR2/ITGA3/PPARA/TET1/ITGB5/PBLD/TGFB1I1/COL1A1/WNT5A/LATS1/DKK3/CITED2/CDH3/SPRED1/CREBBP/SMAD6/PML/WNT10A/ERO1A/SOX9/EP300/FKBP1A/PTPRK/CHST11/TGFBR2/HTRA1/EDN1/NODAL/ZMIZ1/SAP30/NPNT/HSPA1A/GLG1/EID2/CAV2/SELENON/CDKN2B/ZFHX3/RNF111/CFLAR/SNX25/LDLRAD4/HIPK2/CD2AP/SMAD3/SAP130/ITGB8/OVOL2/TGFB3/NREP/FERMT2/BCL9L","0.6105268783859310"
"GOBP_RESPIRATORY_SYSTEM_DEVELOPMENT","GOBP_RESPIRATORY_SYSTEM_DEVELOPMENT","181","0.4080593958718041","1.780846222125770","0.000026597094591779053710","0.003781356597979714830","0.0021995035720346026338","2695","tags=36%, list=19%, signal=29%","ALDH1A3/EXT1/WNT11/MYCN/STRA6/MAN2A1/ATXN1/ITGB6/CCN2/HEG1/DAG1/BMPR2/RBBP9/EPAS1/PTK7/ATP7A/FGFR2/GLI3/ITGA3/CTSH/BMP4/KLF2/PROX1/EDN2/ABCA3/CHI3L1/MSX1/WNT5A/ANXA2/SEC24B/CCBE1/ABCA12/EDA/CIC/LIPA/SOX9/MMP14/EP300/WDPCP/NKIRAS1/TGFBR2/FGF9/NFIB/HMGA2/NODAL/SPEF2/SELENON/FOSL2/HIPK2/BLOC1S6/LTA4H/TGFB3/DLG5/CTNNB1/IFT25/SKI/ATXN1L/FOXF1/RBPJ/FBN1/SIX4/LOXL3/CRISPLD2/CELSR1/BAG6","0.5756102610711286"
"GOBP_STEM_CELL_DIVISION","GOBP_STEM_CELL_DIVISION","29","0.5737582937853671","1.779686470336656","0.003596092617382930321096","0.078669941807386220556","0.0457599841574181376291","475","tags=21%, list=3%, signal=20%","EXT1/MLLT3/ESRRB/TGFB2/FZD7/WNT7A","0.4317076958033464"
"GOBP_RESPONSE_TO_MUSCLE_INACTIVITY","GOBP_RESPONSE_TO_MUSCLE_INACTIVITY","5","0.9098589136787326","1.779563436085995","0.000579456880508933563391","0.027260917855628504641","0.0158568716403081830246","272","tags=60%, list=2%, signal=59%","FBXO32/SCN5A/DAG1","0.4772708153628621"
"GOBP_COLLAGEN_METABOLIC_PROCESS","GOBP_COLLAGEN_METABOLIC_PROCESS","79","0.4673553198104831","1.779540464486676","0.000522044071372102500873","0.025447020740775708886","0.0148017812038353166471","2417","tags=37%, list=17%, signal=30%","FURIN/TRAM2/VIM/RUNX1/PRDX5/CTSB/PLOD1/BMP4/KLK6/COL1A1/HIF1A/CST3/MMP15/RETREG2/TMEM131/P2RX7/MMP24/MMP14/PRSS2/CTSK/ADAMTS14/FOSL2/CIITA/NAGLU/TGFB3/PPARD/MMP28/SUCO/MRC2","0.4772708153628621"
"GOBP_ENDOCARDIAL_CUSHION_FORMATION","GOBP_ENDOCARDIAL_CUSHION_FORMATION","25","0.5917417795248658","1.778845214152362","0.004908574208364608303101","0.094757500212778011939","0.0551176422521029163448","1603","tags=36%, list=12%, signal=32%","ROBO1/TGFB2/ACVR1/BMP4/SNAI2/MSX1/TBX3/TGFBR2/MSX2","0.4070179189239539"
"GOBP_REGULATION_OF_VENTRICULAR_CARDIAC_MUSCLE_CELL_MEMBRANE_DEPOLARIZATION","GOBP_REGULATION_OF_VENTRICULAR_CARDIAC_MUSCLE_CELL_MEMBRANE_DEPOLARIZATION","5","0.9078742446876583","1.775681686601374","0.000658215683567893667175","0.028889092225519500540","0.0168039326353975580763","249","tags=60%, list=2%, signal=59%","GJA5/SCN3B/SCN5A","0.4772708153628621"
"GOBP_ESTABLISHMENT_OR_MAINTENANCE_OF_MONOPOLAR_CELL_POLARITY","GOBP_ESTABLISHMENT_OR_MAINTENANCE_OF_MONOPOLAR_CELL_POLARITY","23","0.5990806876004815","1.774823013843543","0.004818269286715018070999","0.093823538284826993316","0.0545743841532052575971","2858","tags=61%, list=21%, signal=48%","FSCN1/OPHN1/PTK7/MAP1B/WNT5A/MYO9A/PATJ/EZR/MSN/SYNE4/RHOA/FOXF1/NHERF1/GBF1","0.4070179189239539"
"GOBP_RESPONSE_TO_INACTIVITY","GOBP_RESPONSE_TO_INACTIVITY","7","0.8454705021501732","1.772009386717065","0.001399518593266961801608","0.045378140816508677480","0.0263951257259169153047","272","tags=57%, list=2%, signal=56%","CAT/FBXO32/SCN5A/DAG1","0.4550598673872295"
"GOBP_POSITIVE_REGULATION_OF_PEPTIDYL_THREONINE_PHOSPHORYLATION","GOBP_POSITIVE_REGULATION_OF_PEPTIDYL_THREONINE_PHOSPHORYLATION","8","0.7979783625778731","1.771123044566459","0.003281332521083468560519","0.074709461130499157933","0.0434562893933641003485","1029","tags=50%, list=7%, signal=46%","CEMIP/CHI3L1/EGF/TRIM6","0.4317076958033464"
"GOBP_REGULATION_OF_VASOCONSTRICTION","GOBP_REGULATION_OF_VASOCONSTRICTION","42","0.5176508063808942","1.771004525870618","0.001995440681801163938097","0.054818669999898615719","0.0318864030288449271100","4146","tags=55%, list=30%, signal=38%","GJA5/ADM/KCNMB4/CAV1/BMPR2/EDN2/ADRA1B/HRH1/ACE/EDN1/DOCK5/EDN3/RHOA/SVEP1/TACR1/ITGA9/FAAH/ARHGAP42/DBH/TBXA2R/ITGB1/ATP2B1/SMTNL1","0.4317076958033464"
"GOBP_SEPTUM_PRIMUM_DEVELOPMENT","GOBP_SEPTUM_PRIMUM_DEVELOPMENT","5","0.9052708265779096","1.770589745853967","0.000725723417172054554615","0.030612409123053754834","0.0178063352318359180426","382","tags=60%, list=3%, signal=58%","GJA5/TGFB2/ACVR1","0.4772708153628621"
"GOBP_MACROPHAGE_CHEMOTAXIS","GOBP_MACROPHAGE_CHEMOTAXIS","29","0.5707683106704466","1.770412125104882","0.004204408477201674633472","0.087247482199759321397","0.0507492863412892861175","2270","tags=38%, list=16%, signal=32%","THBS1/SAA1/PTPRJ/TRPV4/CCL2/EDN2/C3AR1/MTUS1/C5/CX3CL1/MMP28","0.4070179189239539"
"GOBP_MUSCLE_ADAPTATION","GOBP_MUSCLE_ADAPTATION","80","0.4600752479655308","1.769922750718154","0.001238240657496059594217","0.042825437597113720500","0.0249102935753593053569","2642","tags=41%, list=19%, signal=34%","CAMK2D/ATP2B4/FBXO32/SCN5A/DAG1/ARRB1/AKAP6/TOMM70/GSN/PPARA/SLC9A1/ADRA1B/TNNT1/PDGFB/INPP5F/ATP2A2/FOXP1/EDN1/CAMK2G/IL6ST/SELENON/LMNA/IL1B/CACNA1S/CFLAR/SMAD3/TCAP/TBCE/BECN1/TNFRSF1B/HMOX1/FOXO1/LMCD1","0.4550598673872295"
"GOBP_NEGATIVE_REGULATION_OF_NON_CANONICAL_WNT_SIGNALING_PATHWAY","GOBP_NEGATIVE_REGULATION_OF_NON_CANONICAL_WNT_SIGNALING_PATHWAY","5","0.9047780789007269","1.769625996709624","0.000748226024926759171983","0.031231986316339378079","0.0181667250058421547720","697","tags=60%, list=5%, signal=57%","RNF213/SFRP5/ZNRF3","0.4772708153628621"
"GOBP_CARDIAC_MUSCLE_TISSUE_DEVELOPMENT","GOBP_CARDIAC_MUSCLE_TISSUE_DEVELOPMENT","177","0.4117707140173651","1.769325998577729","0.000045206091518574694746","0.005382489224580459114","0.0031308351828620603445","3292","tags=37%, list=24%, signal=29%","TPM1/GJA5/VGLL4/RUNX1/HEG1/TGFB2/JPH2/SCN5A/FGF20/TGFBR3/FZD7/ACVR1/BMPR2/TENM4/AKAP6/TOMM70/FGFR2/NOTCH2/FRS2/PPARA/BMP4/PROX1/FGF3/MSX1/SLC9A1/ADAMTS9/TBX3/AKAP13/MYL3/FES/NDRG4/DLL1/FKBP1A/SORBS2/FOXP1/FGF9/LRP2/MSX2/EDN1/SGCB/FOXC1/PRKAR1A/PRICKLE1/LMNA/NAGLU/NPRL3/UBE4B/FHOD3/DSP/TCAP/SKI/RBPJ/PPP1R13L/PLEC/MED1/MAPK14/CXADR/ARID2/FGFR1/SIK1/CALR/ATG5/DLL4/NOG/BMP7/CDC42","0.5573322387586460"
"GOBP_SURFACTANT_HOMEOSTASIS","GOBP_SURFACTANT_HOMEOSTASIS","15","0.6783258489044295","1.769148713252735","0.005099486288816898645060","0.096278242447675604909","0.0560022131438268622183","1504","tags=53%, list=11%, signal=48%","ITGB6/OAS1/EPAS1/CTSH/ABCA3/TMEM63B/ABCA12/NKIRAS1","0.4070179189239539"
"GOBP_RESPONSE_TO_LIGHT_INTENSITY","GOBP_RESPONSE_TO_LIGHT_INTENSITY","13","0.6945608223368325","1.768761783247491","0.004782661141529001742889","0.093823538284826993316","0.0545743841532052575971","1415","tags=38%, list=10%, signal=35%","EXT1/CAT/FRMPD1/RGS9/SLC24A1","0.4070179189239539"
"GOBP_CELL_SUBSTRATE_ADHESION","GOBP_CELL_SUBSTRATE_ADHESION","294","0.3895170190636466","1.768380415371673","0.000000944797334077463288","0.000428878939837788482","0.0002494662261283747055","1502","tags=23%, list=11%, signal=21%","THBS1/NEDD9/TIAM1/EFNA5/ITGB2/CDH11/ANTXR1/ITGB6/RAC2/UTRN/CCN2/DAB2/LAMB2/ITGB4/PTPRJ/CCN1/KANK1/DAG1/ITGA6/LAMC1/SORBS1/FZD7/HAS2/GBP1/NF2/ITGAV/DUSP3/VWA2/SRGAP2/FAT2/VCL/NF1/ITGA3/PLPP3/ACTG1/CCL28/ITGB5/TGFB1I1/COL1A1/FER/COL13A1/ACER2/SPOCK1/SLC9A1/ADAMTS9/JUP/FN1/ANXA2/ITGA10/PTPRA/JAK2/TACSTD2/SMAD6/PDGFB/FRAS1/PEAK1/EDA/DDR1/NTN4/DOCK1/CARMIL1/RAC3/MMP14/PLAU/WDPCP/MINK1/LDB1/PTPRK/ANKRD28","0.6594443980379349"
"GOBP_SENSORY_ORGAN_MORPHOGENESIS","GOBP_SENSORY_ORGAN_MORPHOGENESIS","217","0.3961287641115967","1.767682206258905","0.000012650399875424152288","0.002196275803821813935","0.0012775088385634353859","1792","tags=26%, list=13%, signal=23%","ALDH1A3/NECTIN3/EFNA5/STRA6/MAN2A1/LRIG1/COL8A2/COL2A1/CTHRC1/EPHB2/PRDM1/STAT3/PTK7/NKD1/ZEB1/INSIG2/FGFR2/NOTCH2/GLI3/NF1/FRS2/NTRK2/FBN3/REST/BMP4/PROX1/OSR2/STAU2/MSX1/WNT5A/ADAMTS9/HIF1A/BCAR3/LCTL/TBX3/SEC24B/INTU/PRRX1/CITED2/SPARC/TBC1D20/RAB37/DLL1/SOX9/WDPCP/COL5A2/PPP2R3A/NKX3-2/HIPK1/FGF9/MAFB/FZD6/EDN1/ANKRD24/SHROOM2/ARL6/BBS10","0.5933254763964051"
"GOBP_ACTIN_MEDIATED_CELL_CONTRACTION","GOBP_ACTIN_MEDIATED_CELL_CONTRACTION","82","0.4582272180162550","1.767537649454257","0.000660276650066947108988","0.028889092225519500540","0.0168039326353975580763","2241","tags=30%, list=16%, signal=26%","TPM1/CAMK2D/GJA5/SCN3B/SCN5A/CAV1/ATP1A1/DLG1/FGF13/DSC2/GSN/MYH7B/SCN1B/CACNA1D/SLC9A1/JUP/NEDD4L/ANK2/ATP2A2/KCND3/KCNJ5/MYH9/LUZP1/PDE4D/DSP","0.4772708153628621"
"GOBP_ANTIVIRAL_INNATE_IMMUNE_RESPONSE","GOBP_ANTIVIRAL_INNATE_IMMUNE_RESPONSE","66","0.4761913127048276","1.765223202701762","0.000545185659662832176713","0.026050548987704934961","0.0151528357792366005080","3472","tags=48%, list=25%, signal=36%","IFIH1/CARD8/IFIT3/SENP7/SERINC5/APOBEC3G/OAS1/MORC3/MX1/IFIT2/IFIT1/APOBEC3F/PBLD/TRIM21/TRIM6/ZBP1/HCFC2/TRAF6/ZDHHC11/MARCHF2/MAVS/TRIM65/DHX58/AKAP1/UBL7/OAS2/DUS2/OTUD4/IFIT5/ZDHHC11B/OASL/RIGI","0.4772708153628621"
"GOBP_LOCOMOTORY_EXPLORATION_BEHAVIOR","GOBP_LOCOMOTORY_EXPLORATION_BEHAVIOR","8","0.7951228270100432","1.764785147342749","0.003643683939768886832777","0.079154454096721671430","0.0460418106616038089185","1399","tags=62%, list=10%, signal=56%","TUBA1A/DLG4/GRN/NLGN2/APOE","0.4317076958033464"
"GOBP_NON_PROTEINOGENIC_AMINO_ACID_BIOSYNTHETIC_PROCESS","GOBP_NON_PROTEINOGENIC_AMINO_ACID_BIOSYNTHETIC_PROCESS","14","0.6718825047624249","1.764254475989984","0.006909963172269921287405","0.112275307651446165647","0.0653072340129410428000","1208","tags=43%, list=9%, signal=39%","CPS1/ATP2B4/SLC1A3/PLOD1/DPYD/ABAT","0.4070179189239539"
"GOBP_RNA_5_END_PROCESSING","GOBP_RNA_5_END_PROCESSING","39","-0.5136416820136303","-1.762981130483418","0.002945924818814213419493","0.069694631788428773600","0.0405393111171230002832","2978","tags=38%, list=22%, signal=30%","POP1/RNMT/RPP40/PNPT1/SSB/RPP25L/SNRPE/NOP14/LSM10/SNRPF/NCBP1/NCBP3/SNRPD1/HSD17B10/POP7","0.4317076958033464"
"GOBP_GLYCOSAMINOGLYCAN_CATABOLIC_PROCESS","GOBP_GLYCOSAMINOGLYCAN_CATABOLIC_PROCESS","21","0.6288350244102118","1.760965372841252","0.002830514265767638485555","0.067848267697261904763","0.0394653355983984044375","3065","tags=57%, list=22%, signal=45%","CEMIP/HYAL1/CEMIP2/GNS/SLC9A1/HYAL3/CD44/HEXB/LYG1/HYAL2/HMMR/LYG2","0.4317076958033464"
"GOBP_SYNAPTIC_TRANSMISSION_CHOLINERGIC","GOBP_SYNAPTIC_TRANSMISSION_CHOLINERGIC","22","0.6155066594108991","1.760767756145032","0.002550859760028007482136","0.062896821171988540056","0.0365852252367108166098","3100","tags=55%, list=22%, signal=42%","HSPG2/APP/ANXA9/NQO1/APOE/CHRNA7/CHRND/LAMA2/CHRNG/COLQ/TACR1/CHRNB1","0.4317076958033464"
"GOBP_POSTSYNAPSE_ASSEMBLY","GOBP_POSTSYNAPSE_ASSEMBLY","67","0.4713130122457408","1.759850642840414","0.001444049988114463932767","0.046203238165970710039","0.0268750605113290165493","2033","tags=36%, list=15%, signal=31%","NECTIN3/LZTS1/EPHB2/WNT7A/ARHGEF9/TRIM47/MARK1/MAP1B/NLGN1/NCKIPSD/WNT5A/LATS1/NLGN2/DOCK1/GNA13/RAC3/RTN4/ARHGAP33/NLGN3/ZDHHC12/PTPRS/SEMA4C/PRICKLE1/CC2D1A","0.4550598673872295"
"GOBP_ASSOCIATIVE_LEARNING","GOBP_ASSOCIATIVE_LEARNING","75","0.4613077764001455","1.759435122546065","0.001433254998266405210935","0.046203238165970710039","0.0268750605113290165493","1839","tags=28%, list=13%, signal=24%","TUBA1A/CLSTN2/ATXN1/APP/CLN8/SNAP25/TANC1/NF1/LRRN4/HIF1A/HRH1/RAPGEF3/NDRG4/TPBG/PPP1R1B/ABCA7/COMT/HMGCR/PGRMC1/SLC6A4/PPT1","0.4550598673872295"
"GOBP_MITOCHONDRIAL_GENE_EXPRESSION","GOBP_MITOCHONDRIAL_GENE_EXPRESSION","168","-0.3989685982119062","-1.759429207829995","0.000014242834194515512279","0.002200972441590769418","0.0012802407341891716783","4117","tags=47%, list=30%, signal=33%","MRPS18C/EARS2/ANGEL2/SARS2/GTPBP3/MRPL47/MRPL50/GADD45GIP1/MRPL28/DAP3/MTERF2/TRMT5/TRMT61B/MRPS9/MRPS28/NGRN/MRPS17/TUFM/MRPL9/MTRES1/MRPS33/MTERF3/MRPL46/MTO1/MTRF1L/MRPS30/MRPL52/MRPS22/MRPL21/MRPS24/AURKAIP1/MTIF2/PNPT1/MRPS15/PTCD3/MRPL48/MRPL13/MRPS12/GATC/LRPPRC/MRPL12/ALKBH1/MRPS34/MALSU1/MRPS14/SUPV3L1/C1QBP/MTIF3/PUS1/MRPS25/CDK5RAP1/MRPL32/MRPL37/MRPL3/MRPS5/TRIT1/METTL4/TSFM/MRPS2/MRPL51/MTG1/SLIRP/DDX3X/FASTKD3/GFM1/MRPL57/TFB2M/MTRF1/MTG2/TFAM/TWNK/HSD17B10/MTERF1/GARS1/MRPS35/TBRG4/RPUSD4/SHMT2/MRPS31","0.5933254763964051"
"GOBP_RESPONSE_TO_COPPER_ION","GOBP_RESPONSE_TO_COPPER_ION","29","0.5671598291693710","1.759219318350743","0.004604816753481336642773","0.091864621201725837896","0.0534349398797128796734","2537","tags=38%, list=18%, signal=31%","LOXL2/APP/MT1E/PRNP/MT1X/ATP7A/NFE2L1/SOD1/MT2A/BECN1/MT1F","0.4070179189239539"
"GOBP_PROTEIN_IMPORT_INTO_MITOCHONDRIAL_MATRIX","GOBP_PROTEIN_IMPORT_INTO_MITOCHONDRIAL_MATRIX","23","-0.5850114175737650","-1.759216595679947","0.003500626635027825200863","0.077165662592323783220","0.0448849893186253762201","1207","tags=35%, list=9%, signal=32%","TIMM50/TIMM44/TOMM40/GRPEL1/TIMM17B/GRPEL2/TOMM7/DNAJC15","0.4317076958033464"
"GOBP_HYALURONAN_CATABOLIC_PROCESS","GOBP_HYALURONAN_CATABOLIC_PROCESS","14","0.6699595989632856","1.759205237262986","0.007333882128710863916587","0.114974548866056708318","0.0668773029920187722652","2803","tags=64%, list=20%, signal=51%","CEMIP/HYAL1/CEMIP2/SLC9A1/HYAL3/CD44/HEXB/HYAL2/HMMR","0.4070179189239539"
"GOBP_POLYAMINE_BIOSYNTHETIC_PROCESS","GOBP_POLYAMINE_BIOSYNTHETIC_PROCESS","14","-0.6581135988656739","-1.758899833007068","0.007191428067270733831551","0.114291776920322413202","0.0664801546949420202326","996","tags=36%, list=7%, signal=33%","SRM/OAZ1/AGMAT/SMS/ODC1","0.4070179189239539"
"GOBP_LEYDIG_CELL_DIFFERENTIATION","GOBP_LEYDIG_CELL_DIFFERENTIATION","6","0.8675748915970678","1.758857389647053","0.002062867995386723045381","0.056123527564735271878","0.0326454001772196605868","1155","tags=67%, list=8%, signal=61%","CCND1/SGPL1/AR/PLEKHA1","0.4317076958033464"
"GOBP_CELL_CELL_ADHESION_MEDIATED_BY_CADHERIN","GOBP_CELL_CELL_ADHESION_MEDIATED_BY_CADHERIN","42","0.5140510525390829","1.758688925726112","0.002278978176326702451138","0.059971806140075509250","0.0348838302890920395893","2380","tags=40%, list=17%, signal=34%","ADAM19/CDH11/CDH1/AFDN/FOXA2/FAT2/FER/WNT5A/CDH3/MMP24/FAT1/DCHS2/CD2AP/CTNND1/CDH13/CTNNB1/PTPRU","0.4317076958033464"
"GOBP_SINGLE_STRANDED_VIRAL_RNA_REPLICATION_VIA_DOUBLE_STRANDED_DNA_INTERMEDIATE","GOBP_SINGLE_STRANDED_VIRAL_RNA_REPLICATION_VIA_DOUBLE_STRANDED_DNA_INTERMEDIATE","13","0.6905731795978041","1.758606891328440","0.005264935467177711547748","0.098049298200286461036","0.0570323840238282919746","1619","tags=38%, list=12%, signal=34%","APOBEC3G/APOBEC3F/TOP2A/APOBEC3H/HMGA2","0.4070179189239539"
"GOBP_FIBROBLAST_GROWTH_FACTOR_RECEPTOR_SIGNALING_PATHWAY","GOBP_FIBROBLAST_GROWTH_FACTOR_RECEPTOR_SIGNALING_PATHWAY","65","0.4736669277157763","1.757952568696954","0.000871108079146027834347","0.034762955927679126122","0.0202205858548921424411","1606","tags=28%, list=12%, signal=25%","THBS1/EXT1/CCN2/FGF20/FGFR2/NPTN/FRS2/FGF3/FLRT3/FGFBP1/WNT5A/IQGAP1/NGFR/DSTYK/APLN/SHISA2/FGF9/KIF16B","0.4772708153628621"
"GOBP_METABOLITE_REPAIR","GOBP_METABOLITE_REPAIR","8","-0.7753888306591779","-1.757500365020383","0.006698294143333396837015","0.110467623118304131280","0.0642557572519600883609","148","tags=25%, list=1%, signal=25%","SUCLA2/NAXD","0.4070179189239539"
"GOBP_RESPONSE_TO_YEAST","GOBP_RESPONSE_TO_YEAST","5","0.8982601196831979","1.756877732416078","0.001052012144756797216646","0.038589718219033425362","0.0224465005791628195719","147","tags=40%, list=1%, signal=40%","APP/ADM","0.4550598673872295"
"GOBP_L_HISTIDINE_TRANSMEMBRANE_TRANSPORT","GOBP_L_HISTIDINE_TRANSMEMBRANE_TRANSPORT","5","-0.8917486182284337","-1.756743320157799","0.001003737369108446270127","0.037969502665805440755","0.0220857394900115869274","578","tags=40%, list=4%, signal=38%","SLC7A1/SLC38A5","0.4550598673872295"
"GOBP_EXTRACELLULAR_MATRIX_ASSEMBLY","GOBP_EXTRACELLULAR_MATRIX_ASSEMBLY","35","0.5436036096023428","1.755971359065896","0.001794340286722381034787","0.051549451746647288741","0.0299847952223691212315","2135","tags=34%, list=15%, signal=29%","ANTXR1/COL8A2/DAG1/TGFBR3/HAS2/QSOX1/ATP7A/NTN4/SOX9/FKBP10/PRICKLE1/SMAD3","0.4550598673872295"
"GOBP_GLUTAMATE_RECEPTOR_SIGNALING_PATHWAY","GOBP_GLUTAMATE_RECEPTOR_SIGNALING_PATHWAY","40","0.5361942678973610","1.755879645621441","0.001442862879700522330331","0.046203238165970710039","0.0268750605113290165493","2080","tags=38%, list=15%, signal=32%","APP/PRNP/DLG4/EPHB2/GRIN2B/CCL2/NLGN1/NCSTN/GRM8/CPEB4/PLCB1/NLGN3/GRIN2D/GNAQ/CX3CL1","0.4550598673872295"
"GOBP_HEART_GROWTH","GOBP_HEART_GROWTH","61","0.4862506641065289","1.755190030226007","0.001475978200734659549070","0.046407054856865075088","0.0269936146672374935318","1872","tags=34%, list=14%, signal=30%","VGLL4/RUNX1/HEG1/TGFB2/FGF20/TGFBR3/TENM4/AKAP6/TOMM70/FGFR2/PPARA/ACACB/PROX1/FES/NDRG4/SORBS2/FOXP1/FGF9/EDN1/FOXC1/PRKAR1A","0.4550598673872295"
"GOBP_REGULATION_OF_REGULATORY_NCRNA_PROCESSING","GOBP_REGULATION_OF_REGULATORY_NCRNA_PROCESSING","12","0.6895605930067890","1.754088590829195","0.011730781722629741656294","0.147917825783784401272","0.0860394352526418909610","2037","tags=42%, list=15%, signal=36%","LIN28A/STAT3/BMP4/RIPK1/TARBP2","0.3807304007227924"
"GOBP_MATURATION_OF_SSU_RRNA_FROM_TRICISTRONIC_RRNA_TRANSCRIPT_SSU_RRNA_5_8S_RRNA_LSU_RRNA","GOBP_MATURATION_OF_SSU_RRNA_FROM_TRICISTRONIC_RRNA_TRANSCRIPT_SSU_RRNA_5_8S_RRNA_LSU_RRNA","35","-0.5145693772581271","-1.753694375904985","0.004453210284473175031850","0.090666246686857840387","0.0527378807799454563110","4600","tags=71%, list=33%, signal=48%","HEATR1/UTP23/KRI1/RPS8/NOP9/RRS1/ABT1/TBL3/BMS1/WDR46/NGDN/RCL1/RPP40/NOP14/RPS16/FCF1/RPS19/DHX37/UTP4/DCAF13/TSR1/WDR43/RPS21/NOL10/TSR2","0.4070179189239539"
"GOBP_EPITHELIAL_TO_MESENCHYMAL_TRANSITION_INVOLVED_IN_ENDOCARDIAL_CUSHION_FORMATION","GOBP_EPITHELIAL_TO_MESENCHYMAL_TRANSITION_INVOLVED_IN_ENDOCARDIAL_CUSHION_FORMATION","16","0.6494494399497633","1.753291842136667","0.005642154619970838475007","0.101932016153009105675","0.0592908465054622843549","2528","tags=50%, list=18%, signal=41%","TGFB2/BMP4/SNAI2/MSX1/TGFBR2/MSX2/TGFB3/RBPJ","0.4070179189239539"
"GOBP_RESPONSE_TO_ESTROGEN","GOBP_RESPONSE_TO_ESTROGEN","46","0.5097708238313519","1.752005424413967","0.004609946602291399228579","0.091864621201725837896","0.0534349398797128796734","1936","tags=39%, list=14%, signal=34%","CD24/BCAS3/CCND1/CAV1/WBP2/GBA1/AR/KRT19/WNT7A/CTNNA1/CITED2/SMAD6/MMP14/EP300/TRIM24/ARID5A/KMT2D/SFR1","0.4070179189239539"
"GOBP_POSITIVE_REGULATION_OF_LYMPHOCYTE_APOPTOTIC_PROCESS","GOBP_POSITIVE_REGULATION_OF_LYMPHOCYTE_APOPTOTIC_PROCESS","15","0.6714128776243666","1.751118920838619","0.006241749080279376457603","0.106551909601702229913","0.0619781022242825718749","1874","tags=53%, list=14%, signal=46%","TGFB2/LGALS9/FNIP1/WNT5A/PERP/P2RX7/IL10/ADAM8","0.4070179189239539"
"GOBP_RESPONSE_TO_CALCIUM_ION","GOBP_RESPONSE_TO_CALCIUM_ION","109","0.4329013647522727","1.750806177495479","0.000404840427610969101364","0.022275424437412639361","0.0129569572054782505832","1613","tags=23%, list=12%, signal=20%","THBS1/TUBA1A/CAMK2D/KCNMA1/APP/CCND1/KCNMB4/CPNE8/SCN5A/CAV1/CALM2/AKR1C3/SLC25A24/NLGN1/WNT5A/SLC25A12/IQGAP1/NCSTN/CARF/MICU1/P2RX7/HPCA/STIM1/ASPH/EDN1","0.4984931087665903"
"GOBP_L_LYSINE_TRANSPORT","GOBP_L_LYSINE_TRANSPORT","6","-0.8354098008704445","-1.750100125751883","0.003529588737161765393119","0.077448347425999694571","0.0450494187463504336399","578","tags=50%, list=4%, signal=48%","SLC7A1/SLC7A2/SLC25A15","0.4317076958033464"
"GOBP_PROTEASOME_ASSEMBLY","GOBP_PROTEASOME_ASSEMBLY","15","-0.6463591383308276","-1.749683155250986","0.006852908382737136691598","0.111848704682741176275","0.0650590916520728396177","1150","tags=33%, list=8%, signal=31%","PSMG2/ADRM1/PSMG3/POMP/SEM1","0.4070179189239539"
"GOBP_MACROPHAGE_ACTIVATION","GOBP_MACROPHAGE_ACTIVATION","70","0.4725727777389777","1.749674127957608","0.000700194815753136493193","0.029914793804794299198","0.0174005529828839058948","3028","tags=50%, list=22%, signal=39%","THBS1/ITGB2/RORA/APP/IFI35/DYSF/LDLR/CLU/PJA2/GRN/NR1H3/EDN2/WNT5A/JAK2/CST7/FOXP1/GPR137B/HAVCR2/IL10/NMI/IL1B/CX3CL1/TREM2/NAGLU/HSPA12A/IFNGR1/TMEM106A/SYT11/MYO18A/PRKCE/ABCC1/NR1D1/IFNGR2/CARD6/IL1RAP","0.4772708153628621"
"GOBP_REGULATION_OF_CELL_JUNCTION_ASSEMBLY","GOBP_REGULATION_OF_CELL_JUNCTION_ASSEMBLY","209","0.3979663081415636","1.749141472806486","0.000013190061802624281350","0.002196275803821813935","0.0012775088385634353859","2365","tags=32%, list=17%, signal=27%","THBS1/NECTIN3/CLSTN2/EFNA5/SLITRK5/NTM/APP/GPC4/PTPRJ/CAV1/SRGAP1/LZTS1/EPHB2/WNT7A/DUSP3/SRGAP2/TRIM47/VCL/NTRK2/MARK1/MAP1B/ACTG1/LRRN1/SNAI2/STAU2/FLRT3/NLGN1/NCKIPSD/WNT5A/SLC9A1/LATS1/SRGAP2B/PTPRA/NLGN2/ACE/PEAK1/DOCK1/GNA13/TPBG/RAC3/MMP14/AMIGO2/WDPCP/SEMA4A/LDB1/RTN4/ARHGAP33/ANKRD28/NLGN3/SRGAP3/VLDLR/F11R/PTPRS/SEMA4C/SEMA4D/PRICKLE1/IL1B/CC2D1A/MYO1C/SMAD3/TLN1/FERMT2/MACF1/RHOA/DLG5/CTNNB1","0.5933254763964051"
"GOBP_REGULATION_OF_POSTSYNAPSE_ORGANIZATION","GOBP_REGULATION_OF_POSTSYNAPSE_ORGANIZATION","115","0.4326816317025310","1.748145419289507","0.000167262267982321526484","0.011761971780347940317","0.0068415919722745683132","2135","tags=31%, list=15%, signal=27%","NECTIN3/NEDD9/APP/PRNP/LZTS1/EPHB2/GRIN2B/PLPPR4/WNT7A/TANC1/TRIM47/NF1/LZTS3/MARK1/MAP1B/TANC2/STAU2/NLGN1/NCKIPSD/WNT5A/ADAM10/LATS1/DOCK1/GNA13/RAC3/APOE/RTN4/ARHGAP33/NGEF/PTPRS/ITSN1/SEMA4C/NRP2/PRICKLE1/CC2D1A/SMAD3","0.5188480777437918"
"GOBP_PLATELET_DEGRANULATION","GOBP_PLATELET_DEGRANULATION","7","-0.7925216387504680","-1.747407711840434","0.008582384786502538637221","0.126042606337633755764","0.0733152654833702926984","1473","tags=57%, list=11%, signal=51%","P2RX1/LYN/ABCC4/SYK","0.3807304007227924"
"GOBP_MAMMARY_GLAND_EPITHELIUM_DEVELOPMENT","GOBP_MAMMARY_GLAND_EPITHELIUM_DEVELOPMENT","57","0.4858308475183886","1.746574603287609","0.001649823704826140942370","0.049686120536494453315","0.0289009504311097155382","1603","tags=33%, list=12%, signal=30%","ROBO1/VDR/CCND1/IQGAP3/NR3C1/AR/FGFR2/TFAP2C/MSX1/WNT5A/LATS1/HIF1A/PERP/TBX3/JAK2/PML/DDR1/RTN4/MSX2","0.4550598673872295"
"GOBP_NEGATIVE_REGULATION_OF_MYOBLAST_DIFFERENTIATION","GOBP_NEGATIVE_REGULATION_OF_MYOBLAST_DIFFERENTIATION","18","0.6247698435106339","1.746463351923648","0.006265347375478920628755","0.106551909601702229913","0.0619781022242825718749","2245","tags=56%, list=16%, signal=47%","MBNL3/BMP4/TBX3/DLL1/SOX9/ANKRD2/ZFHX3/PRICKLE1/PPARD/TMEM182","0.4070179189239539"
"GOBP_POSITIVE_REGULATION_OF_EPITHELIAL_TO_MESENCHYMAL_TRANSITION","GOBP_POSITIVE_REGULATION_OF_EPITHELIAL_TO_MESENCHYMAL_TRANSITION","50","0.4947405991063263","1.746365864693346","0.003126372603587112674467","0.071857101961560754244","0.0417971562176785230158","2538","tags=42%, list=18%, signal=34%","TIAM1/LOXL2/DAB2/BAMBI/TGFB2/ACVR1/BMP4/AXIN2/TGFB1I1/COL1A1/TGFBR2/FOXC1/ADAM8/IL1B/SMAD3/TGFB3/FERMT2/BCL9L/CTNNB1/KDM1A/ZNF703","0.4317076958033464"
"GOBP_POSITIVE_REGULATION_OF_MRNA_SPLICING_VIA_SPLICEOSOME","GOBP_POSITIVE_REGULATION_OF_MRNA_SPLICING_VIA_SPLICEOSOME","19","-0.6021618340594135","-1.746364567685168","0.009200472333327540386261","0.130006564135178026564","0.0756209827859254807292","1830","tags=42%, list=13%, signal=37%","CLNS1A/SNW1/WDR77/UPF3B/DAZAP1/NCBP1/TRA2B/UPF3A","0.3807304007227924"
"GOBP_POSITIVE_REGULATION_OF_BLOOD_CIRCULATION","GOBP_POSITIVE_REGULATION_OF_BLOOD_CIRCULATION","27","0.5706288605012939","1.746239431784312","0.005929103330283271890144","0.104275439490761234751","0.0606539467232330570257","2271","tags=41%, list=16%, signal=34%","TPM1/SCN3B/ADM/TGFB2/ATP1A1/EDN2/APLN/ATP2A2/EDN1/PDE4D/EDN3","0.4070179189239539"
"GOBP_EPITHELIAL_CELL_PROLIFERATION","GOBP_EPITHELIAL_CELL_PROLIFERATION","304","0.3811710086497970","1.746192211188806","0.000001842316698116296282","0.000608215735382666386","0.0003537811491401171462","2173","tags=28%, list=16%, signal=24%","THBS1/ROBO1/LOXL2/IGFBP3/SERPINB1/CD109/COL8A2/VDR/CCND1/DAB2/TGFB2/SCN5A/CAV1/IQGAP3/LAMC1/TGFBR3/FZD7/COL4A3/PRDM1/HAS2/AR/DLG1/STAT3/PEX2/BMPR2/WNT7A/CCL2/PLXNB3/CCN3/GRN/FGFR2/NOTCH2/NF1/FRS2/DAB2IP/TGFA/BMP4/PROX1/OSR2/TFAP2C/SNAI2/FGFBP1/WNT5A/HIF1A/EGF/CEACAM1/ECM1/NCSTN/INTU/NGFR/TACSTD2/CDH3/SPARC/PDGFB/RICTOR/APLN/LIPA/SOX9/MMP14/F3/APOE/STXBP4/JCAD/RTN4/PTPRK/FGF9/NFIB/ARNT/HMGA2/IL10/TINF2/NODAL/VASH2/CAV2/CDKN2B/NRP2/PURA/SFN/CFLAR/DUSP10/BCL11B/B2M/CDC73/SMAD3/TNFAIP3/OVOL2","0.6435518361507222"
"GOBP_REGULATION_OF_TRANSMEMBRANE_RECEPTOR_PROTEIN_SERINE_THREONINE_KINASE_SIGNALING_PATHWAY","GOBP_REGULATION_OF_TRANSMEMBRANE_RECEPTOR_PROTEIN_SERINE_THREONINE_KINASE_SIGNALING_PATHWAY","218","0.3926024719666291","1.744266049452365","0.000014688802667409533987","0.002222599453612405032","0.0012928205290224433367","2302","tags=32%, list=17%, signal=27%","THBS1/IL17RD/CD109/FOLR1/DAB2/CCN1/BAMBI/GPR155/TGFB2/CAV1/VEPH1/TGFBR3/SMURF2/ACVR1/CRIM1/BMPR2/MTMR4/LTBP1/CCN3/ZEB1/NOTCH2/ITGA3/PPARA/BMP4/TET1/PBLD/TGFB1I1/MSX1/WNT5A/LATS1/JAK2/DKK3/CITED2/CDH3/SPRED1/CREBBP/SMAD6/TOB1/EP300/FKBP1A/KIAA0319/CHST11/TGFBR2/FGF9/LRP2/HTRA1/MSX2/NODAL/DACT1/SAP30/NPNT/HSPA1A/GLG1/GLCE/EID2/CAV2/HFE/CDKN2B/RNF111/SNX25/TTK/LDLRAD4/HIPK2/SMAD3/SAP130/OVOL2/TGFB3/NREP/BCL9L","0.5933254763964051"
"GOBP_GLUTAMATERGIC_NEURON_DIFFERENTIATION","GOBP_GLUTAMATERGIC_NEURON_DIFFERENTIATION","12","0.6855499228011892","1.743886338959573","0.012528782167601285740810","0.154493285031049476519","0.0898641859016165445162","2670","tags=58%, list=19%, signal=47%","OPHN1/PRDM1/WNT7A/PROX1/BBS10/NAGLU/IRX5","0.3807304007227924"
"GOBP_REGULATION_OF_ODONTOGENESIS_OF_DENTIN_CONTAINING_TOOTH","GOBP_REGULATION_OF_ODONTOGENESIS_OF_DENTIN_CONTAINING_TOOTH","8","0.7853505072530426","1.743095360335765","0.004800693456532419481353","0.093823538284826993316","0.0545743841532052575971","1577","tags=62%, list=11%, signal=55%","TNFRSF11B/BMP4/NGFR/WNT10A/APCDD1","0.4070179189239539"
"GOBP_AMINO_ACID_ACTIVATION","GOBP_AMINO_ACID_ACTIVATION","48","-0.4873695242991350","-1.742647621228450","0.002362729195835560919853","0.061287507676263133782","0.0356491350556729647003","4157","tags=54%, list=30%, signal=38%","LARS1/EARS2/LRRC47/SARS2/TARS3/DARS1/AIMP1/PARS2/AARS1/KARS1/TARS1/HARS1/EPRS1/GATC/WARS1/NARS2/SARS1/NARS1/EEF1E1/IARS1/AIMP2/YARS1/CARS1/GARS1/MARS1/CARS2","0.4317076958033464"
"GOBP_RRNA_CATABOLIC_PROCESS","GOBP_RRNA_CATABOLIC_PROCESS","19","-0.6006545005172084","-1.741993061985372","0.009297830925192211021235","0.130367077238747158807","0.0758306826220872531863","4329","tags=53%, list=31%, signal=36%","SLFN5/SLFN13/EXOSC7/DEDD2/DDX49/EXOSC5/EXOSC4/RIOK3/EXOSC8/DIS3","0.3807304007227924"
"GOBP_SPECIFICATION_OF_ANIMAL_ORGAN_IDENTITY","GOBP_SPECIFICATION_OF_ANIMAL_ORGAN_IDENTITY","26","0.5729189232229760","1.740794415931490","0.004773804361637280432862","0.093823538284826993316","0.0545743841532052575971","863","tags=35%, list=6%, signal=33%","EXT1/ROBO1/WNT11/AR/GLI3/FRS2/BMP4/AXIN2/WNT5A","0.4070179189239539"
"GOBP_PYRAMIDAL_NEURON_DIFFERENTIATION","GOBP_PYRAMIDAL_NEURON_DIFFERENTIATION","13","0.6833079556900142","1.740105343326352","0.006068727830712757585763","0.105141068842635923564","0.0611574577786367229448","565","tags=31%, list=4%, signal=30%","TUBA1A/GBA1/ATP7A/FGFR2","0.4070179189239539"
"GOBP_REGULATION_OF_MIRNA_METABOLIC_PROCESS","GOBP_REGULATION_OF_MIRNA_METABOLIC_PROCESS","77","0.4555211050716822","1.739459072575921","0.001202890962947434760205","0.042153149105895917903","0.0245192431944824158763","2222","tags=32%, list=16%, signal=27%","MYCN/APP/TGFB2/NR3C1/AR/STAT3/NOTCH2/PPARA/REST/BMP4/MRTFB/HIF1A/NGFR/SMAD6/PDGFB/APLN/SOX9/NOTCH3/NFIB/ZSWIM8/IL10/SMARCA4/SMAD3/MRTFA/PPARD","0.4550598673872295"
"GOBP_POSITIVE_REGULATION_OF_RRNA_PROCESSING","GOBP_POSITIVE_REGULATION_OF_RRNA_PROCESSING","12","-0.6760855317482749","-1.738334067012342","0.010696318349028623509445","0.141247118092131973555","0.0821592813936730670399","2573","tags=50%, list=19%, signal=41%","COPRS/WDR77/DIMT1/RIOK1/WDR43/BUD23","0.3807304007227924"
"GOBP_CYTIDINE_TO_URIDINE_EDITING","GOBP_CYTIDINE_TO_URIDINE_EDITING","8","0.7831388768743826","1.738186618804160","0.005118087675194506538934","0.096302255919527735006","0.0560161810719360248045","1400","tags=50%, list=10%, signal=45%","APOBEC3G/APOBEC3F/RBM47/APOBEC3H","0.4070179189239539"
"GOBP_GASTRULATION_WITH_MOUTH_FORMING_SECOND","GOBP_GASTRULATION_WITH_MOUTH_FORMING_SECOND","24","0.5790077329018228","1.738083457675445","0.005464787158538806678687","0.100229164475927653988","0.0583003479239778479859","2714","tags=54%, list=20%, signal=44%","AMOT/ACVR1/TENM4/FOXA2/FRS2/PLPP3/WNT5A/LDB1/RNF2/NODAL/PRICKLE1/CTNNB1/MEGF8","0.4070179189239539"
"GOBP_MITOCHONDRIAL_PROTEIN_PROCESSING","GOBP_MITOCHONDRIAL_PROTEIN_PROCESSING","12","-0.6757462517018200","-1.737461718714213","0.010696318349028623509445","0.141247118092131973555","0.0821592813936730670399","2976","tags=67%, list=22%, signal=52%","IMMP2L/ATP23/IMMP1L/PMPCA/STOML2/AFG3L2/MIPEP/PMPCB","0.3807304007227924"
"GOBP_SYNAPSE_ASSEMBLY","GOBP_SYNAPSE_ASSEMBLY","192","0.4019343600533678","1.733718517886859","0.000039757320874831417667","0.004894193584981366106","0.0028468080154478731664","1626","tags=27%, list=12%, signal=24%","NECTIN3/CLSTN2/EFNA5/SLITRK5/NTM/APP/GPC4/CDH1/SRGAP1/DAG1/LZTS1/EPHB2/PCDHB5/FGF13/WNT7A/ARHGEF9/SRGAP2/PLXNB3/PCDHB14/TRIM47/NPTN/NTRK2/MARK1/MAP1B/LRRN1/AKAP5/STAU2/FLRT3/PCDHB11/NLGN1/NCKIPSD/WNT5A/LATS1/SRGAP2B/PLXNA1/PLXNC1/PCDHB13/NLGN2/DOCK1/GNA13/PCDHB10/TPBG/RAC3/AMIGO2/SEMA4A/RTN4/ARHGAP33/NLGN3/ZDHHC12/SRGAP3/VLDLR/PLXNA2","0.5573322387586460"
"GOBP_POSITIVE_REGULATION_OF_PYROPTOTIC_INFLAMMATORY_RESPONSE","GOBP_POSITIVE_REGULATION_OF_PYROPTOTIC_INFLAMMATORY_RESPONSE","6","0.8547651318400386","1.732887826873309","0.003411845429665724162283","0.076482201715006650766","0.0444874402903723681346","998","tags=50%, list=7%, signal=46%","GBP1/ZDHHC9/GBP3","0.4317076958033464"
"GOBP_CEREBELLAR_CORTEX_MORPHOGENESIS","GOBP_CEREBELLAR_CORTEX_MORPHOGENESIS","34","0.5355845008185461","1.731560724635301","0.004818128788018591866782","0.093823538284826993316","0.0545743841532052575971","1492","tags=29%, list=11%, signal=26%","TUBA1A/RORA/GBA1/OPHN1/WNT7A/ATP7A/PROX1/DLL1/LDB1/COMT","0.4070179189239539"
"GOBP_REGULATION_OF_CARDIAC_MUSCLE_CONTRACTION_BY_REGULATION_OF_THE_RELEASE_OF_SEQUESTERED_CALCIUM_ION","GOBP_REGULATION_OF_CARDIAC_MUSCLE_CONTRACTION_BY_REGULATION_OF_THE_RELEASE_OF_SEQUESTERED_CALCIUM_ION","18","0.6193402596937929","1.731285652086173","0.007002437123714293394638","0.113135287542118989634","0.0658074589434391038489","2492","tags=44%, list=18%, signal=36%","CAMK2D/CALM2/DMD/FKBP1A/ANK2/ASPH/FKBP1C/PRKACA","0.4070179189239539"
"GOBP_AXIS_ELONGATION","GOBP_AXIS_ELONGATION","24","0.5766104784149031","1.730887304445036","0.005779302004565839076533","0.102880074654808056911","0.0598423041654774084952","1445","tags=42%, list=10%, signal=37%","WNT11/MED12/PTK7/NKD1/FGFR2/BMP4/TFAP2C/WNT5A/SOX9/PPP2R3A","0.4070179189239539"
"GOBP_POSITIVE_REGULATION_OF_SYNAPTIC_PLASTICITY","GOBP_POSITIVE_REGULATION_OF_SYNAPTIC_PLASTICITY","8","0.7787372782662646","1.728417215154436","0.006308319031905818864703","0.106551909601702229913","0.0619781022242825718749","742","tags=38%, list=5%, signal=36%","CPLX2/EPHB2/MAP1B","0.4070179189239539"
"GOBP_TRNA_MODIFICATION","GOBP_TRNA_MODIFICATION","94","-0.4234622316852306","-1.727496805739158","0.000776666105267349166086","0.031545624372529078305","0.0183491590098934474751","4141","tags=54%, list=30%, signal=38%","TYW1B/NSUN2/BCDIN3D/GTPBP3/DUS3L/TRMT10B/TRMT44/TRMT5/TRMT61B/QNG1/METTL2A/QTGAL/ALKBH8/TRMT13/METTL6/MTO1/CTU2/AARS1/NSUN6/SSB/QTRT2/ELP5/ELP2/ALKBH1/GON7/DTWD1/MTFMT/TYW1/ANKRD16/TRMU/PUS1/SARS1/CDK5RAP1/TRIT1/DUS1L/MOCS3/URM1/QTRT1/FTSJ1/CTU1/TRMT1/NAT10/PUS3/HSD17B10/METTL2B/METTL1/PUS7/TRMT61A/RPUSD4/DUS4L/SLC35F2","0.4772708153628621"
"GOBP_SEBACEOUS_GLAND_DEVELOPMENT","GOBP_SEBACEOUS_GLAND_DEVELOPMENT","8","0.7782932979655001","1.727431795274782","0.006387667917151514974938","0.107392666857109839174","0.0624671459149704760838","1227","tags=50%, list=9%, signal=46%","EXT1/TFAP2C/ASH1L/WNT10A","0.4070179189239539"
"GOBP_CELLULAR_DETOXIFICATION_OF_ALDEHYDE","GOBP_CELLULAR_DETOXIFICATION_OF_ALDEHYDE","10","-0.7197552119163946","-1.726204307386780","0.010759523052365816547793","0.141247118092131973555","0.0821592813936730670399","1488","tags=40%, list=11%, signal=36%","ALDH2/GATD1/RDH12/ESD","0.3807304007227924"
"GOBP_MEMORY","GOBP_MEMORY","96","0.4409480484447236","1.725584084788130","0.000669455256126141136017","0.029115290570324331432","0.0169355055390619062272","2722","tags=40%, list=20%, signal=32%","TUBA1A/SGK1/ATXN1/APP/LDLR/PRNP/RASGRF1/FGF13/PJA2/ITGA3/RCAN2/LRRN4/VPS13B/HRH1/CIC/ACSS2/APOE/ABCA7/KAT2B/COMT/PLCB1/BTBD9/VLDLR/PGRMC1/SLC2A4/SLC6A4/DCAF11/CHRNA7/TREM2/BLOC1S6/MAP1A/SYT11/SPG11/ATXN1L/MECP2/DTNBP1/ABCC1/ROGDI","0.4772708153628621"
"GOBP_REACTIVE_GLIOSIS","GOBP_REACTIVE_GLIOSIS","6","-0.8232337372097369","-1.724592488037358","0.005182235879349197070487","0.097257310572902364032","0.0565717081869159116314","1047","tags=50%, list=8%, signal=46%","POMT2/LARGE1/KCNJ8","0.4070179189239539"
"GOBP_RIBOSOME_LOCALIZATION","GOBP_RIBOSOME_LOCALIZATION","13","-0.6443955206958543","-1.724189033147219","0.018165491450446821092291","0.190658908099126112035","0.1109006618493204032738","4801","tags=92%, list=35%, signal=60%","RPS15/RAN/LTV1/NOP9/RIOK2/NPM1/SDAD1/LSG1/NUP88/NMD3/EIF6/RBM10","0.3524878575836192"
"GOBP_LUNG_ALVEOLUS_DEVELOPMENT","GOBP_LUNG_ALVEOLUS_DEVELOPMENT","43","0.5022407311327491","1.723809834887252","0.003915387021897952408989","0.082591022195911953374","0.0480407609361554396865","2545","tags=44%, list=18%, signal=36%","STRA6/MAN2A1/ATXN1/ITGB6/BMPR2/ATP7A/FGFR2/BMP4/EDN2/ABCA12/CIC/NKIRAS1/SELENON/FOSL2/BLOC1S6/TGFB3/ATXN1L/FOXF1/FBN1","0.4070179189239539"
"GOBP_GLIOGENESIS","GOBP_GLIOGENESIS","256","0.3800023126135560","1.723428629660594","0.000013695497912892021876","0.002196275803821813935","0.0012775088385634353859","2430","tags=31%, list=18%, signal=26%","TUBA1A/LEPR/MYCN/VIM/CUL4B/ATXN1/APP/NDRG1/KCNJ10/LAMB2/LDLR/ITGB4/PTPRJ/LIN28A/CLU/TGFB2/MED12/TNFRSF21/DAG1/NR3C1/GBA1/STAT3/NCMAP/NF2/TENM4/SRGAP2/CCL2/GRN/DAAM2/GLI3/NF1/NTRK2/DAB2IP/PLPP3/TPPP/B4GALT5/SUZ12/NCSTN/ANO1/DLL1/SOX9/MMP24/MMP14/UFL1/RTN4/MBOAT7/NFIB/ADGRG6/LRP2/SH3TC2/APCDD1/EOMES/HMGA2/ZMIZ1/IL6ST/HEXB/NFE2L1/SOD1/CNTN2/WDR47/IL1B/MATN2/DUSP10/CSPG5/CX3CL1/TREM2/BMERB1/NAGLU/CNP/VTN/METTL14/ZNF488/RHOA/IFNGR1/CTNNB1/CXCR4/SPINT1/SOS1/ARHGEF10/SKI","0.5933254763964051"
"GOBP_REGULATION_OF_MRNA_SPLICING_VIA_SPLICEOSOME","GOBP_REGULATION_OF_MRNA_SPLICING_VIA_SPLICEOSOME","111","-0.4075935205487926","-1.723367322903408","0.000414636572361767375729","0.022584053481243589884","0.0131364776148208857454","3979","tags=43%, list=29%, signal=31%","RBM7/KHDRBS1/RBM11/PUF60/HNRNPL/SRPK2/SRSF2/YTHDC1/SRSF3/NPM1/PTBP1/CCNL2/SNRNP70/METTL16/PRPF19/SRSF1/RBPMS2/RBM25/CCNL1/CDK11B/SRPK1/SNRPE/SRSF10/AAR2/CLNS1A/SNW1/C1QBP/SNRPF/SRSF7/WDR77/UPF3B/DAZAP1/RNPS1/U2AF2/NCBP1/RBM39/RBM19/TRA2B/RBM24/MAGOH/H1-2/SNRPD1/SRSF6/QKI/UPF3A/SAP18/RBM10/ARGLU1","0.4984931087665903"
"GOBP_LEPTIN_MEDIATED_SIGNALING_PATHWAY","GOBP_LEPTIN_MEDIATED_SIGNALING_PATHWAY","9","0.7468841434101708","1.722861283827169","0.007588233636933559497773","0.116623894083751053485","0.0678366784446738091408","620","tags=33%, list=4%, signal=32%","LEPR/STAT3/UGCG","0.4070179189239539"
"GOBP_EPITHELIAL_TO_MESENCHYMAL_TRANSITION","GOBP_EPITHELIAL_TO_MESENCHYMAL_TRANSITION","144","0.4100403503585899","1.722606026166339","0.000149074913169057612179","0.010936677720675407055","0.0063615427663365449809","2559","tags=35%, list=18%, signal=29%","NCAM1/TIAM1/LOXL2/WNT11/IL17RD/DAB2/BAMBI/TGFB2/TGFBR3/HAS2/ACVR1/FOXA2/FGFR2/DAB2IP/MARK1/BMP4/SNAI2/AXIN2/TGFB1I1/COL1A1/MSX1/WNT5A/TRIM62/HIF1A/TBX3/SPRED1/SOX9/S100A4/RTN4/TGFBR2/EOMES/MSX2/EDN1/HMGA2/FOXC1/ADAM8/IL1B/LDLRAD4/SMAD3/OVOL2/TGFB3/FERMT2/BCL9L/DLG5/CTNNB1/KDM1A/RBPJ/CUL7/ZNF703/HPN","0.5188480777437918"
"GOBP_BUNDLE_OF_HIS_CELL_TO_PURKINJE_MYOCYTE_COMMUNICATION","GOBP_BUNDLE_OF_HIS_CELL_TO_PURKINJE_MYOCYTE_COMMUNICATION","9","0.7466162825702087","1.722243400752939","0.007588233636933559497773","0.116623894083751053485","0.0678366784446738091408","884","tags=44%, list=6%, signal=42%","GJA5/SCN5A/DSC2/JUP","0.4070179189239539"
"GOBP_MECHANOSENSORY_BEHAVIOR","GOBP_MECHANOSENSORY_BEHAVIOR","7","0.8213021480536226","1.721355283218866","0.003463344983321056235609","0.077100244175363000232","0.0448469373555127268083","152","tags=43%, list=1%, signal=42%","ETV1/STRA6/SLC1A3","0.4317076958033464"
"GOBP_GUANINE_NUCLEOTIDE_TRANSPORT","GOBP_GUANINE_NUCLEOTIDE_TRANSPORT","11","-0.6948193855877118","-1.721270935677263","0.012982355583911848670442","0.157941119942967778123","0.0918696897487283198336","980","tags=27%, list=7%, signal=25%","LRRC8D/SLC17A9/ABCC4","0.3807304007227924"
"GOBP_RESPONSE_TO_STIMULUS_INVOLVED_IN_REGULATION_OF_MUSCLE_ADAPTATION","GOBP_RESPONSE_TO_STIMULUS_INVOLVED_IN_REGULATION_OF_MUSCLE_ADAPTATION","7","0.8208707949260472","1.720451216442900","0.003463344983321056235609","0.077100244175363000232","0.0448469373555127268083","272","tags=43%, list=2%, signal=42%","FBXO32/SCN5A/DAG1","0.4317076958033464"
"GOBP_NEGATIVE_REGULATION_OF_SINGLE_STRANDED_VIRAL_RNA_REPLICATION_VIA_DOUBLE_STRANDED_DNA_INTERMEDIATE","GOBP_NEGATIVE_REGULATION_OF_SINGLE_STRANDED_VIRAL_RNA_REPLICATION_VIA_DOUBLE_STRANDED_DNA_INTERMEDIATE","9","0.7457413952429429","1.720225270475095","0.007588233636933559497773","0.116623894083751053485","0.0678366784446738091408","1619","tags=44%, list=12%, signal=39%","APOBEC3G/APOBEC3F/APOBEC3H/HMGA2","0.4070179189239539"
"GOBP_REGULATION_OF_VIRAL_ENTRY_INTO_HOST_CELL","GOBP_REGULATION_OF_VIRAL_ENTRY_INTO_HOST_CELL","16","0.6367596318612454","1.719033691107082","0.007124741003367399648505","0.113729656939466863830","0.0661531860862515919131","1385","tags=56%, list=10%, signal=51%","FURIN/TRIM5/LGALS9/TMPRSS2/LGALS1/NECTIN2/TRIM62/TRIM21/TRIM38","0.4070179189239539"
"GOBP_NUTRIENT_STORAGE","GOBP_NUTRIENT_STORAGE","72","0.4628772572818315","1.718318605631147","0.001617835998774642828138","0.049164614473222720270","0.0285976057400491728844","2222","tags=31%, list=16%, signal=26%","ACVR1C/CDS2/CAV1/NPC2/GBA1/RNF213/GM2A/ITGAV/TTC39B/TLE6/DAB2IP/PPARA/ACACB/NR1H3/LIPA/PLIN3/APOE/FTO/HEXB/TREM2/FITM2/PPARD","0.4550598673872295"
"GOBP_CARDIAC_SEPTUM_DEVELOPMENT","GOBP_CARDIAC_SEPTUM_DEVELOPMENT","94","0.4336230872784151","1.718006467509939","0.000946483445344414040315","0.036565474806045106249","0.0212690579068916772731","1603","tags=28%, list=12%, signal=25%","ROBO1/WNT11/GJA5/STRA6/CCN1/HEG1/TGFB2/TGFBR3/PRDM1/ACVR1/BMPR2/PTK7/FGFR2/NOTCH2/FRS2/BMP4/PROX1/WNT5A/AP2B1/TBX3/CITED2/SMAD6/ANK2/TGFBR2/LRP2/MSX2","0.4772708153628621"
"GOBP_MELANOCYTE_DIFFERENTIATION","GOBP_MELANOCYTE_DIFFERENTIATION","17","0.6316454878946750","1.717285750588756","0.006551004046437718282558","0.109379177906384239538","0.0636226407844836250316","2271","tags=53%, list=16%, signal=44%","KITLG/GLI3/ADAMTS9/MITF/ENPP1/HPS4/BLOC1S6/OCA2/EDN3","0.4070179189239539"
"GOBP_AMEBOIDAL_TYPE_CELL_MIGRATION","GOBP_AMEBOIDAL_TYPE_CELL_MIGRATION","196","0.3911291920641162","1.715882158514366","0.000057163027867992833686","0.006105515755959294022","0.0035513983847809682537","2323","tags=32%, list=17%, signal=27%","THBS1/ACVR1C/AMOT/FOLR1/SGPL1/ITGB4/TGFB2/PRR5L/KANK1/SEMA3A/SMURF2/HAS2/ACVR1/MACIR/BMPR2/SEMA4B/SRGAP2/CCN3/DAAM2/FAT2/CTSH/DAB2IP/PTPRG/BMP4/FER/WNT5A/PTPN23/IQGAP1/FN1/HIF1A/MAPRE2/FAM114A1/TACSTD2/RAB11A/PML/DOCK1/NCKAP1/TPBG/SOX9/WDPCP/SEMA4A/RTN4/TGFBR2/PDLIM1/SEMA6B/EDN1/NODAL/IQSEC1/PKN2/SEMA4C/SEMA4D/DOCK5/NRP2/ENPP2/KANK2/DUSP10/ANLN/SMAD3/OVOL2/PPARD/EDN3/MACF1","0.5573322387586460"
"GOBP_DIRECT_OSSIFICATION","GOBP_DIRECT_OSSIFICATION","6","0.8461909761041820","1.715505215502163","0.004469437635721240989484","0.090674652369394898033","0.0527427701174851826238","835","tags=50%, list=6%, signal=47%","MN1/AXIN2/COL1A1","0.4070179189239539"
"GOBP_REGULATION_OF_MITOCHONDRIAL_ATP_SYNTHESIS_COUPLED_ELECTRON_TRANSPORT","GOBP_REGULATION_OF_MITOCHONDRIAL_ATP_SYNTHESIS_COUPLED_ELECTRON_TRANSPORT","6","-0.8187911771450996","-1.715285768245848","0.005929205900772878921889","0.104275439490761234751","0.0606539467232330570257","1379","tags=67%, list=10%, signal=60%","GHITM/COXFA4L2/CHCHD2/DNAJC15","0.4070179189239539"
"GOBP_REGULATION_OF_NON_CANONICAL_WNT_SIGNALING_PATHWAY","GOBP_REGULATION_OF_NON_CANONICAL_WNT_SIGNALING_PATHWAY","21","0.6124165164622110","1.714987615801930","0.005089900788274009935108","0.096278242447675604909","0.0560022131438268622183","863","tags=38%, list=6%, signal=36%","DAB2/MLLT3/RNF213/SFRP5/NKD1/DAAM2/ZNRF3/WNT5A","0.4070179189239539"
"GOBP_POSITIVE_REGULATION_OF_MACROPHAGE_MIGRATION","GOBP_POSITIVE_REGULATION_OF_MACROPHAGE_MIGRATION","19","0.6165549461530020","1.714973081318879","0.004550323340110713245255","0.091802773386733649286","0.0533989648304222311315","2114","tags=47%, list=15%, signal=40%","THBS1/PTPRJ/TRPV4/CCL2/C3AR1/MMP14/RTN4/CX3CL1/TREM2","0.4070179189239539"
"GOBP_DENSE_CORE_GRANULE_EXOCYTOSIS","GOBP_DENSE_CORE_GRANULE_EXOCYTOSIS","10","0.7472808917230118","1.714936478756338","0.006635757372662054801027","0.109784751247481798808","0.0638585508314076927272","1072","tags=40%, list=8%, signal=37%","CADPS2/SNAP25/BAIAP3/UNC13B","0.4070179189239539"
"GOBP_REGULATION_OF_NEUROTRANSMITTER_UPTAKE","GOBP_REGULATION_OF_NEUROTRANSMITTER_UPTAKE","10","0.7465929422553697","1.713357702086590","0.006807000378301535613301","0.111601001687593792688","0.0649150101277539137712","106","tags=20%, list=1%, signal=20%","RAB3B/APP","0.4070179189239539"
"GOBP_MACROPHAGE_MIGRATION","GOBP_MACROPHAGE_MIGRATION","39","0.5169011501322810","1.713164525324793","0.006250298714632127397572","0.106551909601702229913","0.0619781022242825718749","2270","tags=36%, list=16%, signal=30%","THBS1/SAA1/PTPRJ/TRPV4/CCL2/EDN2/C3AR1/MMP14/RTN4/MTUS1/C5/CX3CL1/TREM2/MMP28","0.4070179189239539"
"GOBP_REGULATION_OF_SODIUM_ION_TRANSPORT","GOBP_REGULATION_OF_SODIUM_ION_TRANSPORT","58","0.4720467672835010","1.712664987472359","0.002306616060417682190220","0.060262418873430305399","0.0350528711421642241719","3073","tags=43%, list=22%, signal=34%","CAMK2D/SCN3B/ATP2B4/UTRN/SCN5A/ATP1A1/DLG1/FGF13/DMD/SCN1B/TESC/FXYD5/P2RX7/NEDD4L/ATP1B1/PCSK9/SLMAP/NHERF1/PRKCE/ACTN4/SERPINE2/CHP1/CNTN1/SIK1/FXYD6","0.4317076958033464"
"GOBP_ENDOCARDIAL_CUSHION_MORPHOGENESIS","GOBP_ENDOCARDIAL_CUSHION_MORPHOGENESIS","35","0.5299009374302781","1.711708408173395","0.003001147226528290933023","0.070313975181532178960","0.0408995648964610367115","1603","tags=31%, list=12%, signal=28%","ROBO1/TGFB2/ACVR1/BMP4/SNAI2/MSX1/TBX3/APC/SOX9/TGFBR2/MSX2","0.4317076958033464"
"GOBP_POSITIVE_REGULATION_OF_EXTRACELLULAR_MATRIX_DISASSEMBLY","GOBP_POSITIVE_REGULATION_OF_EXTRACELLULAR_MATRIX_DISASSEMBLY","9","0.7419355736568434","1.711446261412315","0.008605640478965007750256","0.126042606337633755764","0.0733152654833702926984","391","tags=33%, list=3%, signal=32%","FSCN1/TGFB2/STAT3","0.3807304007227924"
"GOBP_MAMMARY_GLAND_DUCT_MORPHOGENESIS","GOBP_MAMMARY_GLAND_DUCT_MORPHOGENESIS","27","0.5591275418700458","1.711043076496994","0.007789190855658788270599","0.118353333022279877396","0.0688426420517407045008","1603","tags=41%, list=12%, signal=36%","VDR/NR3C1/AR/FGFR2/TFAP2C/WNT5A/PERP/TBX3/PML/DDR1/MSX2","0.4070179189239539"
"GOBP_PHARYNGEAL_ARCH_ARTERY_MORPHOGENESIS","GOBP_PHARYNGEAL_ARCH_ARTERY_MORPHOGENESIS","9","0.7408513220517760","1.708945183930915","0.008605640478965007750256","0.126042606337633755764","0.0733152654833702926984","1613","tags=56%, list=12%, signal=49%","FOLR1/TGFB2/BMPR2/BMP4/EDN1","0.3807304007227924"
"GOBP_NEGATIVE_REGULATION_OF_PROTEOLYSIS","GOBP_NEGATIVE_REGULATION_OF_PROTEOLYSIS","116","0.4174042782297033","1.707237922394370","0.000768634391656298565990","0.031545624372529078305","0.0183491590098934474751","2816","tags=32%, list=20%, signal=26%","THBS1/TIMP3/FURIN/SERPINB1/FBXO32/CLN8/PRNP/DDRGK1/OPHN1/PSMF1/NR1H3/SVIP/ECM1/CST3/PML/PLAU/ALAD/LRIG2/TIMP2/STYX/IL10/CSNK2A1/GLG1/SUFU/HFE/PRMT6/MARCHF7/HIPK2/VTN/MAP1A/AQP11/USP38/QRICH2/BAG6/WDR20/SERPINE2/CTSZ","0.4772708153628621"
"GOBP_WNT_SIGNALING_PATHWAY","GOBP_WNT_SIGNALING_PATHWAY","403","0.3646048516453597","1.705074263007682","0.000000801325155954022887","0.000388001640512937896","0.0002256891071102495438","2579","tags=30%, list=19%, signal=25%","EXT1/CD24/TIAM1/WNT11/DKK4/VGLL4/NLK/APP/TLE1/NOTUM/WLS/FOLR1/GPC4/CCND1/DAB2/MLLT3/BAMBI/MED12/KREMEN1/CAV1/PBXIP1/KANK1/CTHRC1/SMURF2/FZD7/RNF213/SFRP5/TLE2/FZD10/RNF43/WNT7A/PTK7/NKD1/TLE6/FGFR2/DAAM2/GLI3/ITGA3/DAB2IP/TRABD2B/VANGL1/PLPP3/MARK1/JADE1/ZNRF3/SNAI2/AXIN2/TGFB1I1/TBL1X/COL1A1/WNT5A/JUP/LATS1/TMEM131L/EGF/MITF/CDK14/DKK3/CDH3/TLE4/EDA/PRICKLE2/WNT10A/SPIN4/SHISA2/USP34/DLX3/TPBG/APC/RAC3/TCF7/SOX9/EP300/APOE/PPP2R3A/LDB1/FGF9/STK3/APCDD1/FZD6/EDN1/HMGA2/TMEM67/BICC1/LIMD1/GRK5/DACT1/CSNK2A1/WNT6/ARL6/TLE3/SMARCA4/PRICKLE1/GNAQ/DAAM1/CDC73/SMAD3/UBR5/CTNND1/FERMT2/BBS4/BCL9L/ASPM/MACF1/RHOA/ANKRD6/CSNK1G1/CTNNB1/PTPRU/DEPDC1B/DRAXIN/LZTS2/SKI/NKD2/NHERF1/RBPJ/TMEM237/RNF146/ZNF703/TNKS/LRRFIP2","0.6594443980379349"
"GOBP_SA_NODE_CELL_TO_ATRIAL_CARDIAC_MUSCLE_CELL_COMMUNICATION","GOBP_SA_NODE_CELL_TO_ATRIAL_CARDIAC_MUSCLE_CELL_COMMUNICATION","10","0.7427099148292620","1.704446534338557","0.007149486555986077525315","0.113874387842383503755","0.0662373717824959185041","1417","tags=50%, list=10%, signal=45%","GJA5/SCN3B/SCN5A/CACNA1D/ANK2","0.4070179189239539"
"GOBP_POSITIVE_REGULATION_OF_SYNAPTIC_TRANSMISSION_GLUTAMATERGIC","GOBP_POSITIVE_REGULATION_OF_SYNAPTIC_TRANSMISSION_GLUTAMATERGIC","18","0.6096808873586026","1.704284125105929","0.008635639000032498818760","0.126198483012547352233","0.0734059343463525637574","2597","tags=44%, list=19%, signal=36%","GRIN2B/CCL2/NLGN1/NLGN2/NLGN3/GRIN2D/CACNG4/DTNBP1","0.3807304007227924"
"GOBP_REGULATION_OF_LYMPHOCYTE_CHEMOTAXIS","GOBP_REGULATION_OF_LYMPHOCYTE_CHEMOTAXIS","12","0.6698880426096337","1.704046003485718","0.017772320178625938130734","0.188362467246295933743","0.1095648899569088841055","872","tags=33%, list=6%, signal=31%","NEDD9/CCL2/WNT5A/ADAM10","0.3524878575836192"
"GOBP_MESENCHYME_MORPHOGENESIS","GOBP_MESENCHYME_MORPHOGENESIS","48","0.4975888034027438","1.703379751291179","0.002599479995537516165138","0.063355782575801947165","0.0368521895446136879548","2528","tags=40%, list=18%, signal=32%","ROBO1/WNT11/TGFB2/ACVR1/BMP4/SNAI2/MSX1/WNT5A/TBX3/NCKAP1/APC/SOX9/TGFBR2/MSX2/FOXC1/SMAD3/TGFB3/FOXF1/RBPJ","0.4317076958033464"
"GOBP_PLACENTA_DEVELOPMENT","GOBP_PLACENTA_DEVELOPMENT","131","0.4118516801711473","1.703282547169887","0.000719510232704415010271","0.030560250410129625315","0.0177759960473615821752","3000","tags=38%, list=22%, signal=30%","ADAM19/ADM/VDR/ESRRB/CCN1/TEX19/PRDM1/CTSB/KRT19/BMPR2/EPAS1/FGFR2/NOTCH2/STOX2/HIF1A/CSF2/CITED2/GSE1/PDGFB/BIRC2/ASH1L/GJB5/DLX3/LLGL2/ADGRG6/HTRA1/STK3/EOMES/ARNT/IL10/NODAL/VASH2/SOD1/ITGB8/OVOL2/PPARD/BIRC6/SPINT1/RBPJ/CUL7/GGNBP2/CASP8/ZFP36L1/MED1/BPTF/KRT8/MAPK14/MAP3K4/SPINT2/WDR83","0.4772708153628621"
"GOBP_REGULATION_OF_TRANSLATIONAL_INITIATION","GOBP_REGULATION_OF_TRANSLATIONAL_INITIATION","88","-0.4197090061287408","-1.703162417106435","0.001161414535027215175905","0.041081355129109861646","0.0238958122592234610548","3489","tags=42%, list=25%, signal=32%","NPM1/KLHL25/NCK2/METAP2/GAPDH/EIF2B3/PAIP2/POLR2G/EIF2B2/EIF5/EIF3K/ZNF598/EIF1/NCBP2/EPRS1/EIF4G1/ALKBH1/EIF2S1/EIF2B4/YTHDF1/PPP1R15A/METTL3/NCBP1/HHEX/EIF2B5/GIGYF1/DDX3X/ATF4/BZW2/EIF2AK1/EIF4EBP1/DDX1/EIF2S2/EIF4H/EIF2S3/DNAJC3/EIF3B","0.4550598673872295"
"GOBP_NEGATIVE_REGULATION_OF_LONG_TERM_SYNAPTIC_POTENTIATION","GOBP_NEGATIVE_REGULATION_OF_LONG_TERM_SYNAPTIC_POTENTIATION","9","0.7381631407493151","1.702744271070760","0.009775304636000719388234","0.134465980248623523385","0.0782148935733800593217","1399","tags=33%, list=10%, signal=30%","APP/PRNP/APOE","0.3807304007227924"
"GOBP_GLYCOSAMINOGLYCAN_METABOLIC_PROCESS","GOBP_GLYCOSAMINOGLYCAN_METABOLIC_PROCESS","54","0.4845724083425106","1.702530456459055","0.002990744636488331265750","0.070313975181532178960","0.0408995648964610367115","2330","tags=39%, list=17%, signal=32%","CEMIP/EXT1/HYAL1/CLTC/HAS2/CEMIP2/XYLT2/GNS/GALNT5/SLC9A1/EGF/HYAL3/PDGFB/AP2A1/CD44/FOXC1/HEXB/IL1B/NAGLU/LYG1/HS3ST1","0.4317076958033464"
"GOBP_CARDIAC_CHAMBER_MORPHOGENESIS","GOBP_CARDIAC_CHAMBER_MORPHOGENESIS","98","0.4275056078254360","1.702487846391496","0.000970894347701201955447","0.037113713933441205839","0.0215879524326502737763","2692","tags=37%, list=19%, signal=30%","ROBO1/TPM1/WNT11/GJA5/CCN1/HEG1/TGFB2/TGFBR3/ACVR1/BMPR2/FGFR2/NOTCH2/BMP4/PROX1/HIF1A/TBX3/CITED2/SMAD6/MYL3/FKBP1A/TGFBR2/ADGRG6/LRP2/MSX2/FOXC1/NRP2/NAGLU/OVOL2/UBE4B/DSP/SOS1/SLIT3/FOXF1/RBPJ/DHRS3/PPP1R13L","0.4772708153628621"
"GOBP_INTEGRIN_MEDIATED_SIGNALING_PATHWAY","GOBP_INTEGRIN_MEDIATED_SIGNALING_PATHWAY","90","0.4434345903464278","1.702423736200636","0.000769576901002318549717","0.031545624372529078305","0.0183491590098934474751","994","tags=23%, list=7%, signal=22%","NEDD9/ITGB2/DST/ITGB6/CCN2/DAB2/LAMB2/ITGB4/CCN1/ITGA6/LAMC1/ITGAV/ITGA3/PLPP3/CTNNA1/ITGB5/ADAM10/FN1/CEACAM1/ITGA10/PTPRA","0.4772708153628621"
"GOBP_ORNITHINE_TRANSPORT","GOBP_ORNITHINE_TRANSPORT","5","-0.8639098642389192","-1.701901020306803","0.002533117437091963845830","0.062896821171988540056","0.0365852252367108166098","578","tags=60%, list=4%, signal=58%","SLC7A1/SLC7A2/SLC25A15","0.4317076958033464"
"GOBP_CELLULAR_RESPONSE_TO_LEPTIN_STIMULUS","GOBP_CELLULAR_RESPONSE_TO_LEPTIN_STIMULUS","12","0.6687932711044658","1.701261148570494","0.018401412717151698072993","0.191349022224793108293","0.1113020808758483637391","2298","tags=42%, list=17%, signal=35%","LEPR/STAT3/UGCG/CCNA2/BBS4","0.3524878575836192"
"GOBP_OPTIC_NERVE_DEVELOPMENT","GOBP_OPTIC_NERVE_DEVELOPMENT","13","0.6673107331370961","1.699366973150926","0.010217987008263143197673","0.137431925261139259442","0.0799400962831620237603","1969","tags=38%, list=14%, signal=33%","EXT1/EPHB2/GLI3/KCNA2/RPL24","0.3807304007227924"
"GOBP_MITOCHONDRIAL_RNA_METABOLIC_PROCESS","GOBP_MITOCHONDRIAL_RNA_METABOLIC_PROCESS","62","-0.4461412474668574","-1.698755263325635","0.003698309080299984862028","0.079469878255085169005","0.0462252835885944013405","4170","tags=52%, list=30%, signal=36%","GRSF1/EARS2/ANGEL2/SARS2/GTPBP3/MTERF2/TRMT5/TRMT61B/MTRES1/MTERF3/PTCD1/MTO1/PNPT1/LRPPRC/MRPL12/SUPV3L1/C1QBP/PUS1/CDK5RAP1/TRIT1/METTL4/SLIRP/FASTKD3/TFB2M/TFAM/TWNK/HSD17B10/MTERF1/REXO2/GARS1/TBRG4/RPUSD4","0.4317076958033464"
"GOBP_CERAMIDE_CATABOLIC_PROCESS","GOBP_CERAMIDE_CATABOLIC_PROCESS","20","0.5970991714981382","1.698709494351524","0.007675375011180352556595","0.117113967870174154329","0.0681217399076350232923","2828","tags=55%, list=20%, signal=44%","GBA1/GM2A/ASAH1/ACER2/GLB1/NEU1/CEL/HEXB/NEU3/SCARB2/LCT","0.4070179189239539"
"GOBP_MESENCHYMAL_CELL_DIFFERENTIATION","GOBP_MESENCHYMAL_CELL_DIFFERENTIATION","203","0.3838023573680157","1.698563587152566","0.000120363979104725423060","0.009502212828669791972","0.0055271568595404805407","2559","tags=33%, list=18%, signal=27%","NCAM1/EXT1/TIAM1/LOXL2/WNT11/IL17RD/FOLR1/DAB2/BAMBI/TGFB2/SEMA3A/TGFBR3/HAS2/ACVR1/SEMA4B/FOXA2/FGFR2/DAB2IP/MARK1/BMP4/SNAI2/AXIN2/TGFB1I1/COL1A1/MSX1/WNT5A/TRIM62/FN1/HIF1A/TBX3/CITED2/SPRED1/WNT10A/ARB2A/SOX9/S100A4/SEMA4A/RTN4/TGFBR2/SEMA6B/EOMES/MSX2/EDN1/HMGA2/FOXC1/ADAM8/TAPT1/SEMA4C/SEMA4D/NRP2/IL1B/LDLRAD4/SMAD3/OVOL2/TGFB3/EDN3/FERMT2/BCL9L/DLG5/CTNNB1/SEMA4G/EFNB1/KDM1A/RBPJ/CUL7/ZNF703/HPN","0.5384340963099162"
"GOBP_CELL_SURFACE_RECEPTOR_PROTEIN_SERINE_THREONINE_KINASE_SIGNALING_PATHWAY","GOBP_CELL_SURFACE_RECEPTOR_PROTEIN_SERINE_THREONINE_KINASE_SIGNALING_PATHWAY","303","0.3712891028470268","1.698553112932270","0.000004070737169443573673","0.001019509105574781813","0.0005930183682310210397","2302","tags=29%, list=17%, signal=24%","THBS1/EXT1/FURIN/IL17RD/NLK/CD109/ACVR1C/ITGB6/FOLR1/DAB2/CCN1/BAMBI/GPR155/TGFB2/CAV1/VEPH1/TGFBR3/SMURF2/ACVR1/STAT3/CRIM1/BMPR2/MTMR4/LTBP1/CCN3/ZEB1/NOTCH2/ITGA3/PPARA/BMP4/TET1/ITGB5/PBLD/TGFB1I1/MSX1/WNT5A/LATS1/JAK2/DKK3/SPTBN1/CITED2/CDH3/SPRED1/CREBBP/SMAD6/TGIF1/TOB1/PML/DLX3/ERO1A/EP300/FKBP1A/KIAA0319/PTPRK/CHST11/TGFBR2/FGF9/LRP2/HTRA1/MSX2/NODAL/DACT1/ZMIZ1/SAP30/NPNT/HSPA1A/GLG1/GLCE/EID2/CAV2/HFE/SELENON/CDKN2B/RNF111/SNX25/HIVEP1/TTK/LDLRAD4/HIPK2/SMAD3/SAP130/ITGB8/OVOL2/TGFB3/NREP/FERMT2/BCL9L","0.6105268783859310"
"GOBP_TRANSCRIPTION_INITIATION_AT_RNA_POLYMERASE_I_PROMOTER","GOBP_TRANSCRIPTION_INITIATION_AT_RNA_POLYMERASE_I_PROMOTER","24","-0.5605495580956933","-1.697389532923999","0.007637122375655380594750","0.116775620661863227534","0.0679249333187866149997","2954","tags=54%, list=21%, signal=43%","POLR2E/TTF1/RRN3/TAF1C/POLR1H/POLR1B/POLR1C/TAF1B/POLR2F/POLR2H/POLR1F/POLR1G/POLR1D","0.4070179189239539"
"GOBP_EMBRYONIC_CAMERA_TYPE_EYE_FORMATION","GOBP_EMBRYONIC_CAMERA_TYPE_EYE_FORMATION","8","0.7646812234981539","1.697219624238480","0.008679531068410890545795","0.126585209136281712228","0.0736308815229841651107","863","tags=62%, list=6%, signal=59%","ALDH1A3/STRA6/FRS2/PROX1/WNT5A","0.3807304007227924"
"GOBP_CARDIAC_SEPTUM_MORPHOGENESIS","GOBP_CARDIAC_SEPTUM_MORPHOGENESIS","60","0.4702492689556562","1.697057512693435","0.001497533321007592146262","0.046481130386658728315","0.0270367022174750268326","1603","tags=30%, list=12%, signal=27%","ROBO1/WNT11/GJA5/CCN1/TGFB2/TGFBR3/ACVR1/BMPR2/FGFR2/NOTCH2/BMP4/PROX1/TBX3/CITED2/SMAD6/TGFBR2/LRP2/MSX2","0.4550598673872295"
"GOBP_REGULATION_OF_EPITHELIAL_CELL_PROLIFERATION","GOBP_REGULATION_OF_EPITHELIAL_CELL_PROLIFERATION","257","0.3792080864283967","1.696533279399150","0.000011756029966886818338","0.002189334503833306484","0.0012734712891486451095","2299","tags=30%, list=17%, signal=25%","THBS1/ROBO1/CD109/VDR/CCND1/DAB2/TGFB2/SCN5A/CAV1/IQGAP3/LAMC1/TGFBR3/FZD7/COL4A3/HAS2/AR/DLG1/STAT3/PEX2/WNT7A/CCL2/PLXNB3/GRN/FGFR2/NOTCH2/NF1/FRS2/DAB2IP/TGFA/BMP4/PROX1/OSR2/SNAI2/FGFBP1/WNT5A/HIF1A/EGF/CEACAM1/ECM1/INTU/NGFR/TACSTD2/CDH3/SPARC/PDGFB/RICTOR/APLN/SOX9/F3/APOE/STXBP4/JCAD/RTN4/PTPRK/FGF9/NFIB/ARNT/HMGA2/IL10/TINF2/NODAL/VASH2/CAV2/CDKN2B/NRP2/SFN/CFLAR/DUSP10/BCL11B/B2M/CDC73/SMAD3/TNFAIP3/OVOL2/PPARD/CDH13/CCL24","0.5933254763964051"
"GOBP_RNA_SURVEILLANCE","GOBP_RNA_SURVEILLANCE","39","-0.4941610335770840","-1.696117367658381","0.005708401127120872088627","0.101932016153009105675","0.0592908465054622843549","2613","tags=41%, list=19%, signal=33%","PPP2CA/EXOSC5/INTS1/DXO/EXOSC4/GTPBP1/SUPV3L1/EXOSC2/INTS10/INTS6/INTS8/INTS13/INTS15/REXO2/EXOSC8/DIS3","0.4070179189239539"
"GOBP_REGULATION_OF_MUSCLE_ADAPTATION","GOBP_REGULATION_OF_MUSCLE_ADAPTATION","62","0.4686629685210968","1.695004584368602","0.002647861653242177849832","0.063956838707080868045","0.0372018061632757787716","2642","tags=39%, list=19%, signal=31%","CAMK2D/ATP2B4/FBXO32/SCN5A/DAG1/ARRB1/AKAP6/TOMM70/PPARA/SLC9A1/ADRA1B/TNNT1/ATP2A2/FOXP1/EDN1/CAMK2G/IL6ST/SELENON/LMNA/SMAD3/BECN1/TNFRSF1B/FOXO1/LMCD1","0.4317076958033464"
"GOBP_GLYCOSIDE_METABOLIC_PROCESS","GOBP_GLYCOSIDE_METABOLIC_PROCESS","13","0.6654891435162265","1.694728130874573","0.011168479199723224323804","0.143242151255630001394","0.0833197333256029404325","842","tags=31%, list=6%, signal=29%","GBA1/FUCA1/AKR1C3/AKR1C1","0.3807304007227924"
"GOBP_POSITIVE_REGULATION_OF_MACROPHAGE_CHEMOTAXIS","GOBP_POSITIVE_REGULATION_OF_MACROPHAGE_CHEMOTAXIS","14","0.6453498654291216","1.694584068780676","0.013618506426727652186548","0.161355974188128747926","0.0938560097150129418742","1270","tags=36%, list=9%, signal=32%","THBS1/PTPRJ/TRPV4/CCL2/C3AR1","0.3807304007227924"
"GOBP_MULTICELLULAR_ORGANISMAL_LEVEL_CHEMICAL_HOMEOSTASIS","GOBP_MULTICELLULAR_ORGANISMAL_LEVEL_CHEMICAL_HOMEOSTASIS","65","0.4559291176491157","1.692121017146334","0.001844784505010012461146","0.052338554140186406560","0.0304437928038766812688","2900","tags=45%, list=21%, signal=35%","EXT1/WFS1/ITGB6/CYBRD1/TRPV4/HAS2/OAS1/EPAS1/CTSH/ABCA3/TMEM63B/FBXL5/ABCA12/LIPA/NKIRAS1/BTBD9/HFE/PRKAR1A/B2M/NAGLU/ADCY9/PRKACB/SCNN1A/PRKACA/SLC40A1/HMOX1/HYAL2/TMEM63A/AQP3","0.4550598673872295"
"GOBP_CARDIAC_MUSCLE_CELL_MEMBRANE_REPOLARIZATION","GOBP_CARDIAC_MUSCLE_CELL_MEMBRANE_REPOLARIZATION","25","0.5627693082546346","1.691750566377788","0.010793356814144739949657","0.141247118092131973555","0.0821592813936730670399","1726","tags=40%, list=12%, signal=35%","GJA5/SCN5A/ATP1A1/DLG1/SCN1B/CACNA1D/ATP1B1/ANK2/KCND3/KCNJ5","0.3807304007227924"
"GOBP_RNA_CAPPING","GOBP_RNA_CAPPING","18","-0.6023956480553527","-1.691396255163231","0.008839026087178739748973","0.128257460655802346672","0.0746035808956091034405","2881","tags=39%, list=21%, signal=31%","RNMT/SNRPE/LSM10/SNRPF/NCBP1/NCBP3/SNRPD1","0.3807304007227924"
"GOBP_POSITIVE_REGULATION_OF_CHEMOKINE_C_X_C_MOTIF_LIGAND_2_PRODUCTION","GOBP_POSITIVE_REGULATION_OF_CHEMOKINE_C_X_C_MOTIF_LIGAND_2_PRODUCTION","7","-0.7669066532646640","-1.690929981784829","0.016010084705005520055998","0.178072351014479490772","0.1035794329331984203746","1168","tags=57%, list=8%, signal=52%","LPL/TLR4/HMGB1/CD74","0.3524878575836192"
"GOBP_REGULATION_OF_OSTEOBLAST_PROLIFERATION","GOBP_REGULATION_OF_OSTEOBLAST_PROLIFERATION","17","0.6219511027977576","1.690929147546841","0.008950666963120976551971","0.128257460655802346672","0.0746035808956091034405","2326","tags=47%, list=17%, signal=39%","CCN1/CTHRC1/MN1/ITGAV/FGFR2/LTF/SMAD3/RHOA","0.3807304007227924"
"GOBP_REGULATION_OF_MITOCHONDRIAL_TRANSLATION","GOBP_REGULATION_OF_MITOCHONDRIAL_TRANSLATION","22","-0.5559173905799313","-1.690464914480173","0.007389124327891369824195","0.115165686681276871473","0.0669884822200112473034","2290","tags=50%, list=17%, signal=42%","LRPPRC/ALKBH1/MALSU1/C1QBP/CDK5RAP1/MTG1/DDX3X/FASTKD3/MTG2/RPUSD4/SHMT2","0.4070179189239539"
"GOBP_POSITIVE_REGULATION_OF_VASCULATURE_DEVELOPMENT","GOBP_POSITIVE_REGULATION_OF_VASCULATURE_DEVELOPMENT","130","0.4102181874261158","1.689904151383634","0.000729167944139928313890","0.030612409123053754834","0.0178063352318359180426","2397","tags=32%, list=17%, signal=27%","THBS1/ITGB2/RUNX1/ADM/HYAL1/STAT3/GRN/ANXA3/CHI3L1/ERAP1/WNT5A/GAB1/JUP/HIF1A/ECM1/CCBE1/RAPGEF3/C3AR1/TLR3/DLL1/F3/STIM1/JCAD/PRKCB/RTN4/HIPK1/TGFBR2/HMGA2/IL10/NODAL/VASH2/CHRNA7/IL1B/CLIC3/CX3CL1/HIPK2/ITGB8/CD40/CCL24/PKM/CTNNB1/CXCR4","0.4772708153628621"
"GOBP_NEGATIVE_REGULATION_OF_ASTROCYTE_DIFFERENTIATION","GOBP_NEGATIVE_REGULATION_OF_ASTROCYTE_DIFFERENTIATION","9","0.7325092511356520","1.689702265018874","0.011279163480926205145871","0.143468589075248731390","0.0834514455247013509087","3251","tags=78%, list=23%, signal=60%","MYCN/LDLR/NF1/HMGA2/TREM2/NR1D1/NOG","0.3807304007227924"
"GOBP_ENDOTHELIAL_CELL_PROLIFERATION","GOBP_ENDOTHELIAL_CELL_PROLIFERATION","110","0.4187641236387358","1.688762435110497","0.000610915499434265605976","0.027731745452444191841","0.0161307381625933020375","1958","tags=29%, list=14%, signal=25%","THBS1/LOXL2/CAV1/COL4A3/DLG1/STAT3/BMPR2/CCL2/PLXNB3/NF1/BMP4/PROX1/FGFBP1/WNT5A/HIF1A/EGF/ECM1/NGFR/SPARC/PDGFB/RICTOR/APLN/LIPA/MMP14/F3/APOE/JCAD/ARNT/IL10/VASH2/CAV2/NRP2","0.4772708153628621"
"GOBP_NUCLEOBASE_CATABOLIC_PROCESS","GOBP_NUCLEOBASE_CATABOLIC_PROCESS","9","0.7317768422465427","1.688012794262117","0.011446259165482367686772","0.144833066757662776158","0.0842451219365041026332","1099","tags=56%, list=8%, signal=51%","DPYSL3/DPYSL2/DPYD/ALDH6A1/XDH","0.3807304007227924"
"GOBP_FATTY_ACID_BETA_OXIDATION_USING_ACYL_COA_OXIDASE","GOBP_FATTY_ACID_BETA_OXIDATION_USING_ACYL_COA_OXIDASE","14","0.6425759450591685","1.687300203828038","0.013952698761072057295762","0.163449114680107032704","0.0950735277854684313059","2209","tags=50%, list=16%, signal=42%","CRAT/ACOXL/SLC27A2/ACOX1/EHHADH/SCP2/HSD17B4","0.3807304007227924"
"GOBP_PROTEIN_IMPORT","GOBP_PROTEIN_IMPORT","10","0.7350013999119012","1.686756247359134","0.008433811277107265344521","0.125009737358428713039","0.0727144760708036547170","2342","tags=70%, list=17%, signal=58%","APP/CLU/LAMP2/PRF1/APOE/LRP2/SNX33","0.3807304007227924"
"GOBP_POSITIVE_REGULATION_OF_LYMPHOCYTE_MIGRATION","GOBP_POSITIVE_REGULATION_OF_LYMPHOCYTE_MIGRATION","24","0.5618957291379414","1.686716111473308","0.009065663646091411120853","0.129359361614070550450","0.0752445241737527414916","2326","tags=38%, list=17%, signal=31%","NEDD9/APP/LGALS9/WNT5A/ADAM10/ABL2/ADAM8/MED23/RHOA","0.3807304007227924"
"GOBP_INTRACELLULAR_SODIUM_ION_HOMEOSTASIS","GOBP_INTRACELLULAR_SODIUM_ION_HOMEOSTASIS","20","0.5928542889146895","1.686633071051824","0.008369853372672946337230","0.124570174274023795502","0.0724587951929938911544","1375","tags=40%, list=10%, signal=36%","SLC1A3/ATP1A1/TMPRSS3/SLC9A2/SLC9A1/TESC/FXYD5/ATP1B1","0.3807304007227924"
"GOBP_REGULATION_OF_PLASMA_MEMBRANE_REPAIR","GOBP_REGULATION_OF_PLASMA_MEMBRANE_REPAIR","7","0.8047244050723473","1.686610231678102","0.006253525965336508007919","0.106551909601702229913","0.0619781022242825718749","1817","tags=71%, list=13%, signal=62%","SYTL4/AHNAK/ANXA2/CASP7/MYH9","0.4070179189239539"
"GOBP_FORMATION_OF_CYTOPLASMIC_TRANSLATION_INITIATION_COMPLEX","GOBP_FORMATION_OF_CYTOPLASMIC_TRANSLATION_INITIATION_COMPLEX","15","-0.6230588381676828","-1.686609640404384","0.012780913564014475397590","0.156539249941715252756","0.0910542633282393210070","3931","tags=67%, list=28%, signal=48%","EIF3CL/EIF3C/EIF3I/EIF5/EIF3K/EIF3D/EIF3F/EIF3M/EIF3J/EIF3B","0.3807304007227924"
"GOBP_CELL_DIFFERENTIATION_IN_HINDBRAIN","GOBP_CELL_DIFFERENTIATION_IN_HINDBRAIN","19","0.6063297526785609","1.686531282790849","0.006572647603042948948049","0.109488852158029670303","0.0636864350609565865735","1448","tags=32%, list=10%, signal=28%","RORA/OPHN1/WNT7A/ATP7A/PROX1/LDB1","0.4070179189239539"
"GOBP_POSITIVE_REGULATION_OF_EMBRYONIC_DEVELOPMENT","GOBP_POSITIVE_REGULATION_OF_EMBRYONIC_DEVELOPMENT","17","0.6201801582727648","1.686114393296020","0.008950666963120976551971","0.128257460655802346672","0.0746035808956091034405","1512","tags=35%, list=11%, signal=31%","AMOT/TENM4/TLE6/FOXA2/B4GALT5/PLCB1","0.3807304007227924"
"GOBP_REGULATION_OF_CELLULAR_RESPONSE_TO_GROWTH_FACTOR_STIMULUS","GOBP_REGULATION_OF_CELLULAR_RESPONSE_TO_GROWTH_FACTOR_STIMULUS","249","0.3739728323004899","1.685219178369633","0.000015990420988251604934","0.002370171992605538906","0.0013786591211359276385","2545","tags=33%, list=18%, signal=27%","THBS1/ROBO1/IL17RD/CD109/ATP2B4/FOLR1/CCN1/BAMBI/GPR155/CAV1/VEPH1/TGFBR3/SMURF2/CRIM1/MTMR4/DMD/LTBP1/ZEB1/NPTN/NOTCH2/ITGA3/DAB2IP/PPARA/BMP4/PROX1/TET1/PBLD/TGFB1I1/FGFBP1/MSX1/WNT5A/LATS1/HIF1A/NGFR/DKK3/CITED2/CCBE1/CDH3/SPRED1/DSTYK/CREBBP/SMAD6/TOB1/APLN/SHISA2/DLL1/EP300/FKBP1A/JCAD/PRKCB/CHST11/FGF9/LRP2/HTRA1/ARNT/MSX2/SAP30/NPNT/HSPA1A/GLG1/EID2/CAV2/CDKN2B/RNF111/IL1B/CFLAR/SNX25/LDLRAD4/HIPK2/SMAD3/SAP130/VTN/OVOL2/NREP/BCL9L/CTNNB1/HIF1AN/SKI/RBPJ/ZNF703/FBN1","0.5756102610711286"
"GOBP_HISTONE_MRNA_METABOLIC_PROCESS","GOBP_HISTONE_MRNA_METABOLIC_PROCESS","32","-0.5032050445606624","-1.685017402323444","0.012653356824110829209618","0.155501405437422940414","0.0904505797995218685514","2633","tags=34%, list=19%, signal=28%","SSB/NCBP2/SNRPE/EXOSC4/LSM10/LSM1/CPSF2/SNRPF/NCBP1/TENT4B/CPSF3","0.3807304007227924"
"GOBP_PROTEIN_ACTIVATION_CASCADE","GOBP_PROTEIN_ACTIVATION_CASCADE","16","0.6236854856067956","1.683737958197370","0.010145862041774611830847","0.136715020425619671052","0.0795230938911166140848","1701","tags=38%, list=12%, signal=33%","THBS1/MVP/F13A1/FN1/F3/RASAL2","0.3807304007227924"
"GOBP_NEGATIVE_REGULATION_OF_RHO_PROTEIN_SIGNAL_TRANSDUCTION","GOBP_NEGATIVE_REGULATION_OF_RHO_PROTEIN_SIGNAL_TRANSDUCTION","19","0.6053111321363100","1.683697947625932","0.006883775301562304604897","0.112100582993827385669","0.0652056018344894239291","4145","tags=68%, list=30%, signal=48%","HEG1/KANK1/ITGA3/ABL2/SCAI/RIPOR1/ARHGAP30/KCTD10/ARHGAP42/CCDC125/ITGB1/RASIP1/CUL3","0.4070179189239539"
"GOBP_MITOCHONDRIAL_TRANSLATION","GOBP_MITOCHONDRIAL_TRANSLATION","129","-0.3906748018874383","-1.683558622451015","0.000419487587288771396864","0.022584053481243589884","0.0131364776148208857454","3866","tags=43%, list=28%, signal=32%","MRPL47/MRPL50/GADD45GIP1/MRPL28/DAP3/MRPS9/MRPS28/NGRN/MRPS17/TUFM/MRPL9/MRPS33/MRPL46/MTRF1L/MRPS30/MRPL52/MRPS22/MRPL21/MRPS24/AURKAIP1/MTIF2/MRPS15/PTCD3/MRPL48/MRPL13/MRPS12/GATC/LRPPRC/MRPL12/ALKBH1/MRPS34/MALSU1/MRPS14/C1QBP/MTIF3/MRPS25/CDK5RAP1/MRPL32/MRPL37/MRPL3/MRPS5/TSFM/MRPS2/MRPL51/MTG1/DDX3X/FASTKD3/GFM1/MRPL57/MTRF1/MTG2/GARS1/MRPS35/RPUSD4/SHMT2/MRPS31","0.4984931087665903"
"GOBP_REGULATION_OF_RECEPTOR_CATABOLIC_PROCESS","GOBP_REGULATION_OF_RECEPTOR_CATABOLIC_PROCESS","13","0.6609806461880229","1.683246835763268","0.012435804192331518722159","0.154395292049408244806","0.0898071862752735927682","2358","tags=46%, list=17%, signal=38%","FURIN/MYLIP/ANXA2/APOE/PCSK9/PCSK5","0.3807304007227924"
"GOBP_POSITIVE_REGULATION_OF_CELL_CELL_ADHESION_MEDIATED_BY_CADHERIN","GOBP_POSITIVE_REGULATION_OF_CELL_CELL_ADHESION_MEDIATED_BY_CADHERIN","10","0.7329892206498319","1.682138492969130","0.008859422200191199164854","0.128257460655802346672","0.0746035808956091034405","863","tags=40%, list=6%, signal=38%","ADAM19/AFDN/FOXA2/WNT5A","0.3807304007227924"
"GOBP_NEGATIVE_REGULATION_OF_DENDRITIC_SPINE_MAINTENANCE","GOBP_NEGATIVE_REGULATION_OF_DENDRITIC_SPINE_MAINTENANCE","6","0.8296694913116864","1.682010774968355","0.007046353722446213087294","0.113475980235314521938","0.0660056298316462480846","1399","tags=67%, list=10%, signal=60%","APP/PRNP/GRIN2B/APOE","0.4070179189239539"
"GOBP_ERK5_CASCADE","GOBP_ERK5_CASCADE","4","-0.9255019038548193","-1.681291325028484","0.001711272431362666083046","0.050481250714778609645","0.0293634541971662908766","112","tags=25%, list=1%, signal=25%","RAC1","0.4550598673872295"
"GOBP_REGULATION_OF_INTESTINAL_ABSORPTION","GOBP_REGULATION_OF_INTESTINAL_ABSORPTION","7","-0.7622915231198039","-1.680754216718034","0.017457309240965519087085","0.185947701993640718277","0.1081602922520328163847","2555","tags=71%, list=18%, signal=58%","ABCG8/PRAP1/CLDN15/EPB41/LPCAT3","0.3524878575836192"
"GOBP_NUCLEOLAR_LARGE_RRNA_TRANSCRIPTION_BY_RNA_POLYMERASE_I","GOBP_NUCLEOLAR_LARGE_RRNA_TRANSCRIPTION_BY_RNA_POLYMERASE_I","33","-0.5093702605898857","-1.680311978218494","0.006707451713502976878289","0.110467623118304131280","0.0642557572519600883609","3199","tags=52%, list=23%, signal=40%","PWP1/DEDD/POLR2E/NCL/TCOF1/POLR1H/POLR1B/POLR1C/TAF1B/POLR2F/POLR2H/DDX11/POLR1F/IPPK/POLR1G/MARS1/POLR1D","0.4070179189239539"
"GOBP_RESPONSE_TO_PROSTAGLANDIN","GOBP_RESPONSE_TO_PROSTAGLANDIN","27","0.5489296116196929","1.679835352600750","0.010768891392935273781939","0.141247118092131973555","0.0821592813936730670399","3566","tags=56%, list=26%, signal=41%","PTGER2/IGFBP7/TGFBR3/AKR1C3/ANKRD13C/PTGER4/TNFSF4/EDN1/GNAQ/PRKCE/GNG2/AKR1C2/ACACA/PRKAA1/GNRH1","0.3807304007227924"
"GOBP_MATURATION_OF_5_8S_RRNA","GOBP_MATURATION_OF_5_8S_RRNA","41","-0.4877473001098367","-1.679525298782587","0.007779871392105280371310","0.118353333022279877396","0.0688426420517407045008","2992","tags=46%, list=22%, signal=36%","MPHOSPH6/RCL1/RPP40/LAS1L/TEX10/EXOSC4/RRP15/NOP14/EXOSC2/NOL9/FCF1/MAK16/PES1/SENP3/BOP1/WDR18/EIF6/RPS21/EXOSC8","0.4070179189239539"
"GOBP_BEHAVIORAL_RESPONSE_TO_PAIN","GOBP_BEHAVIORAL_RESPONSE_TO_PAIN","12","0.6601263562833676","1.679214447294994","0.022490525029333716805491","0.212141147127338669520","0.1233962465035419453496","5","tags=8%, list=0%, signal=8%","THBS1","0.3524878575836192"
"GOBP_NEGATIVE_REGULATION_OF_VIRAL_GENOME_REPLICATION","GOBP_NEGATIVE_REGULATION_OF_VIRAL_GENOME_REPLICATION","41","0.4954291279862899","1.679026533640303","0.005687936926182549264575","0.101932016153009105675","0.0592908465054622843549","1896","tags=39%, list=14%, signal=34%","IFIH1/APOBEC3G/OAS1/BST2/ZNFX1/MX1/IFIT1/PROX1/APOBEC3F/RNASEL/TRIM6/ISG20/TNIP1/APOBEC3H/HMGA2/LTF","0.4070179189239539"
"GOBP_ODONTOGENESIS","GOBP_ODONTOGENESIS","94","0.4237677465447851","1.678959793989487","0.001540135470531606718195","0.047398321705385847158","0.0275702053477688627248","3024","tags=43%, list=22%, signal=33%","TNFRSF11B/ITGB6/WLS/TGFB2/SCN5A/NF2/FGFR2/GLI3/PPARA/CTNNA1/BMP4/OSR2/AXIN2/COL1A1/NFIC/MSX1/PERP/NGFR/EDA/WNT10A/DLX3/STIM1/APCDD1/MSX2/EDN1/FOXC1/WNT6/TRAF6/BCL11B/TGFB3/RHOA/CTNNB1/TMT1A/BCL2L11/ROGDI/HACD1/AQP3/FGFR1/LAMB1/TFAP2A","0.4550598673872295"
"GOBP_RESPONSE_TO_INTERLEUKIN_1","GOBP_RESPONSE_TO_INTERLEUKIN_1","84","0.4421835053127926","1.678322956482018","0.001528365875257320458808","0.047236261072314544851","0.0274759394587710016611","3306","tags=40%, list=24%, signal=31%","RORA/APP/HYAL1/LGALS9/HAS2/GBP1/CCL2/DAB2IP/KLF2/CHI3L1/HIF1A/GBP3/HYAL3/ZBP1/TANK/SOX9/IGBP1/PLCB1/EDN1/TRAF6/IL1B/ADAMTS7/CD40/SMPD1/RC3H1/YTHDC2/HYAL2/TLE5/NR1D1/SIRPA/IL1RAP/GCLC/INHBB/OTUD4","0.4550598673872295"
"GOBP_GLIAL_CELL_ACTIVATION","GOBP_GLIAL_CELL_ACTIVATION","31","0.5257602357765490","1.677384721889205","0.011155730190730768838780","0.143242151255630001394","0.0833197333256029404325","3028","tags=52%, list=22%, signal=40%","ITGB2/APP/LDLR/CLU/GRN/JAK2/CST7/IL1B/CX3CL1/TREM2/NAGLU/IFNGR1/SYT11/NR1D1/IFNGR2/IL1RAP","0.3807304007227924"
"GOBP_TRNA_PSEUDOURIDINE_SYNTHESIS","GOBP_TRNA_PSEUDOURIDINE_SYNTHESIS","8","-0.7398428036014899","-1.676931554819955","0.014699338727339228069524","0.168470444952305092867","0.0979942874609684572151","1718","tags=50%, list=12%, signal=44%","PUS1/PUS3/PUS7/RPUSD4","0.3807304007227924"
"GOBP_TISSUE_REMODELING","GOBP_TISSUE_REMODELING","133","0.4063907444904414","1.676259830463319","0.000680957395421357921696","0.029439247398484059970","0.0171239416683344088110","1944","tags=28%, list=14%, signal=24%","EXT1/LEPR/GJA5/RUNX1/RAC2/VDR/TGFB2/CAV1/CTHRC1/IL7/UBASH3B/BMPR2/TPP1/EPAS1/ATP7A/PLEKHM1/NOTCH2/NF1/IL15/HIF1A/CEACAM1/CST3/FAM114A1/MITF/ACE/P2RX7/PML/LIPA/MMP14/GPR137B/FOXC1/NPR2/CTSK/FOSL2/ADAM8/TRAF6/DOCK5","0.4772708153628621"
"GOBP_NEGATIVE_REGULATION_OF_LOCOMOTION","GOBP_NEGATIVE_REGULATION_OF_LOCOMOTION","255","0.3710078753420802","1.676098579824500","0.000035437165731679769794","0.004515440959810353497","0.0026264987876891869936","2380","tags=29%, list=17%, signal=24%","THBS1/NEDD9/ROBO1/TPM1/DPYSL3/CDH11/IGFBP3/SERPINB1/ACVR1C/ATP2B4/PTPRJ/CDH1/SRGAP1/KANK1/DAG1/TGFBR3/MACIR/STAT3/AFDN/NF2/BST2/DACH1/DUSP3/SRGAP2/CCL2/PLXNB3/CCN3/VCL/NF1/DAB2IP/CTNNA1/PTPRG/BMP4/FRMD5/CCL28/TET1/PTGER4/MCTP1/WNT5A/ADAMTS9/JUP/PTPN23/SRGAP2B/MITF/NGFR/CITED2/TACSTD2/SPRED1/TP53INP1/NDRG4/APOE/PTPRK/PLCB1/SRGAP3/ABHD2/NODAL/ADARB1/SAP30/C5/DUSP10/CX3CL1/NAV3/MIA3/LDLRAD4/BMERB1/SAP130/PATZ1/PPARD/SCAI/MMP28/RHOA/DLG5/PTPRU","0.5573322387586460"
"GOBP_SENSORY_SYSTEM_DEVELOPMENT","GOBP_SENSORY_SYSTEM_DEVELOPMENT","319","0.3646705685931946","1.675336395493996","0.000004349437046999333859","0.001052998709078538809","0.0006124982825485152408","2692","tags=30%, list=19%, signal=25%","PRSS56/ALDH1A3/NECTIN3/EFNA5/STRA6/MAN2A1/VIM/TBC1D32/COL8A2/ATP2B4/LAMB2/CLN8/TGFB2/DAG1/SEMA3A/EPHB2/PRDM1/DLG1/STAT3/BMPR2/NF2/PKNOX1/CRYBG3/WNT7A/NKD1/DMD/ZEB1/GRN/NOTCH2/GLI3/NF1/FRS2/NTRK2/FBN3/BMP4/PROX1/OSR2/STAU2/SNTB1/WNT5A/ADAMTS9/HIF1A/BCAR3/LCTL/MITF/CITED2/SPRED1/TBC1D20/TGIF1/RAB37/MAF/TMEM135/HPCA/DLL1/CC2D2A/SOX9/WDPCP/COL5A2/PPP2R3A/HIPK1/TGFBR2/FGF9/NFIB/PLAAT3/SGCB/FOXC1/SHROOM2/WNT6/ARL6/BBS10/SMARCA4/RPL24/PRICKLE1/CACNA1S/BCL11B/SOX12/HIPK2/NAGLU/SMAD3/CRYBA1/TOPORS/CRYGN/PDE6A/BBS4/CTNNB1/SOS1/SKI/PBX2/SALL2/FBN1/CRYAB/SIPA1L3/DTNBP1/FKBP8/IRX5/PPP1R13L","0.6105268783859310"
"GOBP_MITOCHONDRIAL_RNA_CATABOLIC_PROCESS","GOBP_MITOCHONDRIAL_RNA_CATABOLIC_PROCESS","9","-0.7031857998999240","-1.674794529374479","0.011390795966613152800928","0.144382811702463059733","0.0839832218547272024711","2655","tags=67%, list=19%, signal=54%","PNPT1/LRPPRC/SUPV3L1/C1QBP/SLIRP/REXO2","0.3807304007227924"
"GOBP_TRABECULA_MORPHOGENESIS","GOBP_TRABECULA_MORPHOGENESIS","36","0.5107843573287265","1.672868404950032","0.006105956386466721529105","0.105141068842635923564","0.0611574577786367229448","3270","tags=53%, list=24%, signal=40%","HEG1/TGFB2/TGFBR3/COL1A1/FKBP1A/ADGRG6/MSX2/SEMA4D/OVOL2/UBE4B/RHOA/SOS1/RBPJ/SLC40A1/MED1/THBS3/DLL4/NOG/BMP7","0.4070179189239539"
"GOBP_VISUAL_BEHAVIOR","GOBP_VISUAL_BEHAVIOR","50","0.4738930002275659","1.672776725034197","0.005619089391511962461312","0.101932016153009105675","0.0592908465054622843549","1496","tags=26%, list=11%, signal=23%","TUBA1A/ATXN1/APP/TANC1/NF1/LRRN4/HIF1A/HRH1/NDRG4/PPP1R1B/ABCA7/COMT/HMGCR","0.4070179189239539"
"GOBP_CELL_COMMUNICATION_BY_ELECTRICAL_COUPLING_INVOLVED_IN_CARDIAC_CONDUCTION","GOBP_CELL_COMMUNICATION_BY_ELECTRICAL_COUPLING_INVOLVED_IN_CARDIAC_CONDUCTION","20","0.5878801217004410","1.672481878960675","0.009137709192789505649457","0.129877068233327147562","0.0755456588403243117780","360","tags=25%, list=3%, signal=24%","CAMK2D/GJA5/CAV1/CALM2/ATP1A1","0.3807304007227924"
"GOBP_MAINTENANCE_OF_ANIMAL_ORGAN_IDENTITY","GOBP_MAINTENANCE_OF_ANIMAL_ORGAN_IDENTITY","5","-0.8488691117388962","-1.672270762469057","0.004030930054945416549095","0.084614580893261737149","0.0492178053295407383350","589","tags=40%, list=4%, signal=38%","IQCB1/ADGRV1","0.4070179189239539"
"GOBP_POSITIVE_REGULATION_OF_PROTEIN_LOCALIZATION_TO_CELL_CORTEX","GOBP_POSITIVE_REGULATION_OF_PROTEIN_LOCALIZATION_TO_CELL_CORTEX","6","-0.7975623847626623","-1.670813567681103","0.009010472713869706676282","0.128824927796920618572","0.0749336597896675671304","569","tags=33%, list=4%, signal=32%","EPB41/GNAI1","0.3807304007227924"
"GOBP_POSITIVE_REGULATION_OF_EXTRINSIC_APOPTOTIC_SIGNALING_PATHWAY_IN_ABSENCE_OF_LIGAND","GOBP_POSITIVE_REGULATION_OF_EXTRINSIC_APOPTOTIC_SIGNALING_PATHWAY_IN_ABSENCE_OF_LIGAND","9","0.7242674132331461","1.670690556770560","0.013284314195321330481780","0.159477642976229461169","0.0927634398652812525166","681","tags=44%, list=5%, signal=42%","SRPX/TGFB2/NF1/CTNNA1","0.3807304007227924"
"GOBP_CRANIAL_NERVE_DEVELOPMENT","GOBP_CRANIAL_NERVE_DEVELOPMENT","41","0.4925579020979771","1.669295849313875","0.006414045049200328869887","0.107587088204023073601","0.0625802350764750880963","2573","tags=46%, list=19%, signal=38%","EXT1/SLC1A3/SEMA3A/EPHB2/HOXB2/GLI3/ATP8B1/PLXNA1/CITED2/KCNA2/MAFB/HOXB3/ADARB1/NPR2/NRP2/RPL24/PLXNA4/CTNNB1/SIX4","0.4070179189239539"
"GOBP_INNER_EAR_MORPHOGENESIS","GOBP_INNER_EAR_MORPHOGENESIS","83","0.4302658953217000","1.668546298510886","0.002909505893530212224107","0.069284397720360435535","0.0403006900628250022689","1627","tags=28%, list=12%, signal=25%","ALDH1A3/NECTIN3/LRIG1/COL2A1/CTHRC1/EPHB2/PTK7/ZEB1/INSIG2/FGFR2/REST/PROX1/WNT5A/TBX3/SEC24B/PRRX1/SPARC/SOX9/WDPCP/FGF9/MAFB/FZD6/ANKRD24","0.4317076958033464"
"GOBP_POSITIVE_REGULATION_OF_TRANSCRIPTION_BY_RNA_POLYMERASE_I","GOBP_POSITIVE_REGULATION_OF_TRANSCRIPTION_BY_RNA_POLYMERASE_I","33","-0.5057090936277293","-1.668234510849974","0.008197971756799406206628","0.122514133476613343299","0.0712628569203196671200","1802","tags=33%, list=13%, signal=29%","DHX33/DDX11/DDX21/ATF4/MYBBP1A/IPPK/LYAR/BAZ1B/WDR43/PHF8/MARS1","0.3807304007227924"
"GOBP_REGULATION_OF_CELL_MORPHOGENESIS","GOBP_REGULATION_OF_CELL_MORPHOGENESIS","208","0.3795669725075974","1.667987045071713","0.000157226008697021485015","0.011218823713633042580","0.0065256587663131459046","2674","tags=31%, list=19%, signal=26%","TPM1/EFNA5/ITGB2/RAC2/ARHGAP18/ZMYM3/CPNE8/DLG4/BAMBI/KANK1/CDC42EP4/EPHB2/DLG1/NF2/CDC42EP3/CCL2/PLXNB3/PRAG1/BRWD3/FGD5/STAU2/WNT5A/MYO9A/FN1/RHOBTB2/PLXNC1/SPARC/BRWD1/FMNL1/SPTB/GNA13/FES/NEDD4L/RIMS2/RAC3/WDPCP/SEMA4A/FBLIM1/F11R/CD44/EZR/LIMD1/MSN/FGD6/SHROOM3/MYH9/HEXB/SEMA4D/CNTN2/FMNL3/ENPP2/SEPTIN7/FITM2/FERMT2/CCL24/BCL9L/MACF1/RASAL1/PHIP/NHERF1/CUL7/MOV10/HPN/FGD3/CDC42SE2","0.5188480777437918"
"GOBP_PEPTIDE_METABOLIC_PROCESS","GOBP_PEPTIDE_METABOLIC_PROCESS","45","0.4921892455161928","1.667891869226473","0.005563610435992767146163","0.101515890527536414845","0.0590487985060402578719","2593","tags=40%, list=19%, signal=33%","FURIN/KLK7/TPP1/DMD/LNPEP/TAPBP/CTSH/NPEPPS/CPQ/ERAP1/ACE/LANCL1/MGST2/BLOC1S6/LTA4H/PCSK5/CPM/CPD","0.4070179189239539"
"GOBP_REGULATION_OF_COAGULATION","GOBP_REGULATION_OF_COAGULATION","52","0.4652174675767677","1.667702475090327","0.005044180271942600053692","0.096278242447675604909","0.0560022131438268622183","1620","tags=31%, list=12%, signal=27%","THBS1/PROS1/CAV1/EPHB2/UBASH3B/FOXA2/ANXA2/CEACAM1/PDGFB/PLAU/TSPAN8/F3/APOE/PROC/EDN1/ENPP4","0.4070179189239539"
"GOBP_PROTEIN_O_LINKED_GLYCOSYLATION_VIA_N_ACETYL_GALACTOSAMINE","GOBP_PROTEIN_O_LINKED_GLYCOSYLATION_VIA_N_ACETYL_GALACTOSAMINE","30","0.5276383089331422","1.666970142845303","0.010791583825759207965200","0.141247118092131973555","0.0821592813936730670399","2058","tags=37%, list=15%, signal=31%","GXYLT2/ST6GALNAC2/GALNT8/B4GALT5/GALNT5/GCNT1/GALNT10/GALNT6/GALNT7/ST3GAL1/B3GNT4","0.3807304007227924"
"GOBP_REGULATION_OF_AMYLOID_BETA_CLEARANCE","GOBP_REGULATION_OF_AMYLOID_BETA_CLEARANCE","15","0.6384281586431806","1.665091131632564","0.012944765842021343713042","0.157748044145303717434","0.0917573832535243660846","2364","tags=47%, list=17%, signal=39%","APP/CLU/APOE/ABCA7/HMGCR/TREM2/IFNGR1","0.3807304007227924"
"GOBP_UTERUS_MORPHOGENESIS","GOBP_UTERUS_MORPHOGENESIS","5","0.8506114184463835","1.663683188489282","0.005814013811306755104280","0.103244944526946116903","0.0600545382053783785570","1164","tags=60%, list=8%, signal=55%","STRA6/WNT7A/ASH1L","0.4070179189239539"
"GOBP_REGULATION_OF_MACROPHAGE_MIGRATION","GOBP_REGULATION_OF_MACROPHAGE_MIGRATION","29","0.5363391326785258","1.663619521109941","0.013652472424823744456823","0.161494962901457428384","0.0939368553489851876304","2270","tags=41%, list=16%, signal=35%","THBS1/PTPRJ/TRPV4/CCL2/C3AR1/MMP14/RTN4/MTUS1/C5/CX3CL1/TREM2/MMP28","0.3807304007227924"
"GOBP_EPITHELIAL_CELL_CELL_ADHESION","GOBP_EPITHELIAL_CELL_CELL_ADHESION","16","0.6155411508437542","1.661751033856077","0.013067814946983525095647","0.158412616400256861526","0.0921439453274175007680","884","tags=31%, list=6%, signal=29%","CCN3/VCL/CTNNA1/ITGB5/JUP","0.3807304007227924"
"GOBP_7_METHYLGUANOSINE_CAP_HYPERMETHYLATION","GOBP_7_METHYLGUANOSINE_CAP_HYPERMETHYLATION","10","-0.6927940185879953","-1.661542701211184","0.018491183666865855517170","0.191585544896500287182","0.1114396591358741694933","2161","tags=40%, list=16%, signal=34%","SNRPE/LSM10/SNRPF/SNRPD1","0.3524878575836192"
"GOBP_CARDIAC_CHAMBER_DEVELOPMENT","GOBP_CARDIAC_CHAMBER_DEVELOPMENT","136","0.3981730552072248","1.660969452751739","0.000777456527975038409056","0.031545624372529078305","0.0183491590098934474751","2528","tags=33%, list=18%, signal=27%","ROBO1/TPM1/WNT11/GJA5/STRA6/CCN1/HEG1/TGFB2/SCN5A/TGFBR3/PRDM1/ACVR1/BMPR2/PTK7/FGFR2/NOTCH2/FRS2/BMP4/PROX1/WNT5A/HIF1A/AP2B1/TBX3/CITED2/SMAD6/MYL3/FKBP1A/ANK2/TGFBR2/ADGRG6/LRP2/MSX2/FOXC1/SUFU/NRP2/NAGLU/NPRL3/OVOL2/UBE4B/LUZP1/DSP/SOS1/SLIT3/FOXF1/RBPJ","0.4772708153628621"
"GOBP_FACE_DEVELOPMENT","GOBP_FACE_DEVELOPMENT","45","0.4901151669399910","1.660863396286647","0.005958186340171541840738","0.104275439490761234751","0.0606539467232330570257","2641","tags=36%, list=19%, signal=29%","ALDH1A3/STRA6/SGPL1/TGFB2/COL1A1/MSX1/WNT5A/PLEKHA1/EP300/ASPH/HOXB3/PRICKLE1/TGFB3/BBS4/SKI/CRISPLD2","0.4070179189239539"
"GOBP_ENDOCARDIAL_CUSHION_DEVELOPMENT","GOBP_ENDOCARDIAL_CUSHION_DEVELOPMENT","44","0.4816346076286037","1.660241785912901","0.005955202672083379118739","0.104275439490761234751","0.0606539467232330570257","1603","tags=30%, list=12%, signal=26%","ROBO1/TGFB2/ACVR1/BMPR2/BMP4/SNAI2/MSX1/TBX3/CITED2/APC/SOX9/TGFBR2/MSX2","0.4070179189239539"
"GOBP_RESPONSE_TO_VITAMIN_E","GOBP_RESPONSE_TO_VITAMIN_E","6","0.8187438841128460","1.659861004217514","0.009126013127034364458279","0.129877068233327147562","0.0755456588403243117780","2471","tags=83%, list=18%, signal=68%","CAT/CCND1/COL1A1/ALAD/BECN1","0.3807304007227924"
"GOBP_POLAR_BODY_EXTRUSION_AFTER_MEIOTIC_DIVISIONS","GOBP_POLAR_BODY_EXTRUSION_AFTER_MEIOTIC_DIVISIONS","5","-0.8421435390510775","-1.659021395268429","0.005079218638159654387876","0.096278242447675604909","0.0560022131438268622183","1291","tags=60%, list=9%, signal=54%","SPIRE1/SPIRE2/CENPV","0.4070179189239539"
"GOBP_RNA_MODIFICATION","GOBP_RNA_MODIFICATION","171","-0.3645504967230076","-1.658849759282642","0.000471511212091796523809","0.024293918239316959762","0.0141310554986120596316","3201","tags=36%, list=23%, signal=28%","NOP58/TRMT13/METTL16/PTCD1/METTL6/MTO1/CTU2/SNU13/AARS1/RNMT/NSUN6/HNRNPAB/SSB/QTRT2/ELP5/ELP2/RPUSD1/PUS7L/NOP2/SNRPE/ALKBH1/GON7/DTWD1/LSM10/MTFMT/TYW1/EMG1/ANKRD16/TRMU/PUS1/SARS1/CDK5RAP1/SNRPF/METTL3/TRIT1/DUS1L/MOCS3/DIMT1/METTL4/URM1/QTRT1/FTSJ1/CTU1/TRMT1/MRM3/NAT10/GAR1/PUS3/FBL/TFB2M/NSUN5/SNRPD1/HSD17B10/METTL2B/DKC1/METTL1/PUS7/BUD23/TRMT61A/RPUSD4/DUS4L/SLC35F2","0.4984931087665903"
"GOBP_POSITIVE_REGULATION_OF_EXTRINSIC_APOPTOTIC_SIGNALING_PATHWAY","GOBP_POSITIVE_REGULATION_OF_EXTRINSIC_APOPTOTIC_SIGNALING_PATHWAY","44","0.4811938675588484","1.658722511614618","0.005955202672083379118739","0.104275439490761234751","0.0606539467232330570257","681","tags=18%, list=5%, signal=17%","THBS1/TNFSF10/APP/SRPX/TGFB2/CAV1/NF1/CTNNA1","0.4070179189239539"
"GOBP_POSTSYNAPSE_ORGANIZATION","GOBP_POSTSYNAPSE_ORGANIZATION","188","0.3808650677125481","1.657906151927609","0.000213714105653566428756","0.014110959539653210315","0.0082079288498961844311","2135","tags=28%, list=15%, signal=24%","NECTIN3/NEDD9/APP/PRNP/IGF1R/DLG4/DAG1/LAMC1/LZTS1/EPHB2/GRIN2B/OPHN1/DLG1/PLPPR4/WNT7A/ARHGEF9/TANC1/TRIM47/NF1/ITGA3/LZTS3/MARK1/MAP1B/TANC2/ACTG1/STAU2/NLGN1/NCKIPSD/WNT5A/ADAM10/LATS1/NLGN2/DOCK1/GNA13/RAC3/DIP2A/APOE/RTN4/ARHGAP33/NLGN3/ZDHHC12/NGEF/EZR/PTPRS/ITSN1/SEMA4C/CHRNA7/NRP2/PRICKLE1/CC2D1A/TREM2/ACTN1/SMAD3","0.5188480777437918"
"GOBP_POSITIVE_REGULATION_OF_MRNA_PROCESSING","GOBP_POSITIVE_REGULATION_OF_MRNA_PROCESSING","23","-0.5506821604726162","-1.655983398864451","0.009984114996206562217540","0.136559851384408209585","0.0794328366377816258437","3246","tags=52%, list=23%, signal=40%","SNRNP70/PRPF19/NCBP2/CLNS1A/SNW1/DHX36/WDR77/UPF3B/DAZAP1/NCBP1/TRA2B/UPF3A","0.3807304007227924"
"GOBP_ESTABLISHMENT_OF_EPITHELIAL_CELL_APICAL_BASAL_POLARITY","GOBP_ESTABLISHMENT_OF_EPITHELIAL_CELL_APICAL_BASAL_POLARITY","15","0.6348457741224879","1.655747877243252","0.013909581133389163284941","0.163207250035226958396","0.0949328422572517094391","2519","tags=67%, list=18%, signal=55%","OPHN1/PTK7/WNT5A/MYO9A/EZR/MSN/SYNE4/RHOA/FOXF1/NHERF1","0.3807304007227924"
"GOBP_REGULATION_OF_TRANSLATION_IN_RESPONSE_TO_STRESS","GOBP_REGULATION_OF_TRANSLATION_IN_RESPONSE_TO_STRESS","21","-0.5563622281564313","-1.655745554669641","0.014806503795867726261393","0.168557424873647804242","0.0980448811150530369352","2379","tags=43%, list=17%, signal=36%","EIF4G1/MAP3K20/EIF2S1/SESN2/PPP1R15A/DDX3X/KRT13/DNAJC3/RPS6KA3","0.3807304007227924"
"GOBP_POSITIVE_REGULATION_OF_EXCITATORY_POSTSYNAPTIC_POTENTIAL","GOBP_POSITIVE_REGULATION_OF_EXCITATORY_POSTSYNAPTIC_POTENTIAL","25","0.5505105152937736","1.654899196499492","0.017805601677087782436226","0.188362467246295933743","0.1095648899569088841055","1933","tags=40%, list=14%, signal=34%","APP/DLG4/GRIN2B/WNT7A/NLGN1/NLGN2/RIMS2/NLGN3/GRIN2D/CHRNA7","0.3524878575836192"
"GOBP_RESPONSE_TO_TUMOR_NECROSIS_FACTOR","GOBP_RESPONSE_TO_TUMOR_NECROSIS_FACTOR","183","0.3796277246242997","1.654732982081747","0.000301874866556947011459","0.017971452096746772659","0.0104534634746065082517","2903","tags=30%, list=21%, signal=24%","THBS1/TUBA1A/EXT1/TNFRSF18/TNFRSF11B/RORA/HYAL1/CD70/CARD8/TNFRSF21/GBA1/HAS2/GBP1/CASP4/CCL2/DAB2IP/KLF2/ANXA4/CHI3L1/ASAH1/FAS/COL1A1/ADAM10/JAK2/GBP3/HYAL3/TANK/BIRC2/FOXP1/IGBP1/NKIRAS1/HIPK1/EDN1/SLC2A4/BIRC3/NPNT/HSPA1A/CD58/TRAF6/RIPK1/ADAMTS7/HSPA1B/TNFAIP3/CD40/SMPD1/CASP8/TNFRSF1B/ZFP36L1/YTHDC2/CRIPTO/ACTN4/HYAL2/KRT8/MAPK14/NR1D1","0.4984931087665903"
"GOBP_TRANSCRIPTION_INITIATION_AT_RNA_POLYMERASE_III_PROMOTER","GOBP_TRANSCRIPTION_INITIATION_AT_RNA_POLYMERASE_III_PROMOTER","27","-0.5217240395761111","-1.654396331216528","0.010119340030015229123239","0.136715020425619671052","0.0795230938911166140848","2999","tags=48%, list=22%, signal=38%","POLR3F/POLR2E/GTF3C5/POLR3D/POLR1C/POLR3H/POLR2F/POLR3K/POLR2H/POLR3E/GTF3C2/CRCP/POLR1D","0.3807304007227924"
"GOBP_VITAMIN_TRANSPORT","GOBP_VITAMIN_TRANSPORT","41","0.4878975282488809","1.653501680365592","0.007543548639160517661761","0.116623894083751053485","0.0678366784446738091408","2679","tags=39%, list=19%, signal=32%","STRA6/SLC2A1/FOLR1/SLC52A3/SLC2A14/SLC35F3/SLC2A2/TCN2/SLC2A3/LRP2/SLC2A4/SELENON/ABCG2/CUBN/SLC47A1/ABCC1","0.4070179189239539"
"GOBP_CARDIAC_VENTRICLE_MORPHOGENESIS","GOBP_CARDIAC_VENTRICLE_MORPHOGENESIS","55","0.4596332206482789","1.653467863953205","0.006986573883387255969046","0.113135287542118989634","0.0658074589434391038489","2814","tags=36%, list=20%, signal=29%","TPM1/HEG1/TGFB2/TGFBR3/FGFR2/BMP4/PROX1/HIF1A/MYL3/FKBP1A/TGFBR2/LRP2/FOXC1/NAGLU/UBE4B/DSP/FOXF1/RBPJ/PPP1R13L/MED1","0.4070179189239539"
"GOBP_REGULATION_OF_AMYLOID_FIBRIL_FORMATION","GOBP_REGULATION_OF_AMYLOID_FIBRIL_FORMATION","16","0.6122604890299536","1.652894366591277","0.013879470339673353335153","0.163117464525966954225","0.0948806166754486424164","2558","tags=50%, list=18%, signal=41%","HSPG2/APP/LDLR/CLU/APOE/CHRNA7/TREM2/CRYAB","0.3807304007227924"
"GOBP_LOW_DENSITY_LIPOPROTEIN_RECEPTOR_PARTICLE_METABOLIC_PROCESS","GOBP_LOW_DENSITY_LIPOPROTEIN_RECEPTOR_PARTICLE_METABOLIC_PROCESS","7","0.7884865606113991","1.652577568525839","0.009585974172058425377130","0.132615105546019712568","0.0771382943650587155071","2358","tags=86%, list=17%, signal=71%","FURIN/MYLIP/ANXA2/APOE/PCSK9/PCSK5","0.3807304007227924"
"GOBP_REGULATION_OF_PIGMENTATION","GOBP_REGULATION_OF_PIGMENTATION","13","0.6486614011402854","1.651874767057192","0.016391583021983090195928","0.180381920437368448162","0.1049228413274821830603","2554","tags=54%, list=18%, signal=44%","KITLG/ADAMTS9/HPS4/SPNS2/BLOC1S6/EDN3/BCL2L11","0.3524878575836192"
"GOBP_RENAL_SYSTEM_DEVELOPMENT","GOBP_RENAL_SYSTEM_DEVELOPMENT","251","0.3686578722830860","1.651756396931827","0.000050868148368223267057","0.005733612462081974157","0.0033350732109606417812","2597","tags=30%, list=19%, signal=25%","EXT1/CD24/WNT11/KIF26B/STRA6/WFS1/COL4A4/TBC1D32/CAT/SGPL1/LAMB2/LIN28A/TGFB2/COL4A3/PRDM1/HAS2/DLG1/PTK7/FGFR2/PLCE1/NOTCH2/GLI3/NF1/ITGA3/CTSH/BMP4/PROX1/OSR2/HELLS/WNT5A/IQGAP1/DYNC2H1/GCNT1/AP2B1/CASP9/TACSTD2/SMAD6/PDGFB/ACE/FRAS1/DLL1/CC2D2A/SOX9/NOTCH3/WDPCP/COMT/LRP2/EDN1/BICC1/HOXB7/FOXC1/WNT6/NPNT/PCSK9/DCHS2/PRICKLE1/CFLAR/KANK2/CYP26A1/CD2AP/SMAD3/BLOC1S6/MYO1E/RHOA/DLG5/PCSK5/CTNNB1/IFT25/LZTS2/AQP11/FOXF1/FBN1/BCL2L11/SIX4/DTNBP1","0.5573322387586460"
"GOBP_REGULATION_OF_MACROPHAGE_CHEMOTAXIS","GOBP_REGULATION_OF_MACROPHAGE_CHEMOTAXIS","20","0.5805939565073407","1.651753198396810","0.012823433573575220706386","0.156795619604169739203","0.0912033859972389421289","2270","tags=40%, list=16%, signal=33%","THBS1/PTPRJ/TRPV4/CCL2/C3AR1/MTUS1/C5/MMP28","0.3807304007227924"
"GOBP_NEGATIVE_REGULATION_OF_CELLULAR_RESPIRATION","GOBP_NEGATIVE_REGULATION_OF_CELLULAR_RESPIRATION","7","-0.7490297262017067","-1.651513669741826","0.020857533482364742916104","0.204954895088310634632","0.1192162157077613915401","2254","tags=86%, list=16%, signal=72%","ETFRF1/PPIF/MLXIPL/COXFA4L2/TRAP1/DNAJC15","0.3524878575836192"
"GOBP_ESTABLISHMENT_OF_PROTEIN_LOCALIZATION_TO_MITOCHONDRION","GOBP_ESTABLISHMENT_OF_PROTEIN_LOCALIZATION_TO_MITOCHONDRION","122","-0.3848055795523090","-1.651003781383454","0.000692320215904972786035","0.029753383006614304157","0.0173066650836702917715","3331","tags=36%, list=24%, signal=28%","DNLZ/USP36/GDAP1/HSPA4/BCS1L/UBE2J2/BID/IMMP2L/TIMM9/VPS11/TOMM5/TIMM8A/BAP1/DNAJC19/TIMM8B/GZMB/FZD5/TIMM10/IMMP1L/TIMM13/CHCHD4/MOAP1/PMPCA/ATG13/PARL/TIMM50/CDKN2A/TIMM44/TOMM40/AGK/GRPEL1/TIMM10B/TIMM17B/DDIT3/HSPD1/ARIH2/GRPEL2/TOMM34/TOMM7/FIS1/RALA/MIPEP/DNAJC15/PMPCB","0.4772708153628621"
"GOBP_TRANSFORMING_GROWTH_FACTOR_BETA1_PRODUCTION","GOBP_TRANSFORMING_GROWTH_FACTOR_BETA1_PRODUCTION","12","0.6485260509678096","1.649705853836326","0.025950553164612717021997","0.225494738034842712171","0.1311636363646929148707","2130","tags=50%, list=15%, signal=42%","THBS1/FURIN/CHI3L1/FOSL2/CX3CL1/CD2AP","0.3524878575836192"
"GOBP_CHONDROCYTE_DIFFERENTIATION","GOBP_CHONDROCYTE_DIFFERENTIATION","95","0.4264705161660168","1.648790154895135","0.001264388691332008320470","0.043317240873322532257","0.0251963610315038867571","2365","tags=37%, list=17%, signal=31%","EXT1/LOXL2/RUNX1/CCN2/COL2A1/DAG1/TGFBI/SLC26A2/BMPR2/WNT7A/CCN3/GLI3/BMP4/OSR2/SNAI2/AXIN2/ECM1/MAF/SOX9/NKX3-2/CHST11/TGFBR2/FGF9/NFIB/MSX2/HMGA2/ARID5A/NPR2/GLG1/FOSL2/EIF2AK3/ADAMTS7/SMAD3/POC1A/CTNNB1","0.4550598673872295"
"GOBP_PLASMA_MEMBRANE_ORGANIZATION","GOBP_PLASMA_MEMBRANE_ORGANIZATION","135","0.3944263094563280","1.648489477058731","0.001092212413336882256484","0.039663693790328878597","0.0230712004835845092832","2519","tags=33%, list=18%, signal=27%","SYTL4/FOLR1/NDRG1/CLU/TGFB2/CAV1/SERINC5/AR/GSN/ATP8B1/UGCG/ANO4/FNBP1L/AHNAK/TLCD1/IQGAP1/ANXA2/TMEM63B/SPTBN1/SNX18/P2RX7/WDR54/ANK2/ATP2A2/ABCA7/SH3TC2/MAFB/NSF/TPST2/CASP7/MYH9/CAV2/MYOF/PACSIN2/SOD1/ASAP1/EHD2/A4GALT/SH3GLB1/SNX33/CXCR4/SYT11/SMPD1/NHERF1","0.4550598673872295"
"GOBP_SPROUTING_ANGIOGENESIS","GOBP_SPROUTING_ANGIOGENESIS","105","0.4148326183935932","1.648376584196658","0.001339625671953636500133","0.044631657134858997160","0.0259609181917395716310","3184","tags=38%, list=23%, signal=30%","THBS1/ROBO1/LOXL2/TGFBR3/CEMIP2/RNF213/GLUL/HDAC7/BMP4/KLF2/FGFBP1/ADAMTS9/CEACAM1/NGFR/CCBE1/SPRED1/DLL1/ESM1/JCAD/RTN4/ADGRG6/IL10/HDAC9/PACSIN2/CLIC3/MIA3/CTNND1/CDH13/RHOA/PKM/TGM2/HMOX1/CRIPTO/PIK3R3/PIK3CB/PLK2/FGF1/DLL4/GPLD1/NAXE","0.4550598673872295"
"GOBP_MATURATION_OF_LSU_RRNA_FROM_TRICISTRONIC_RRNA_TRANSCRIPT_SSU_RRNA_5_8S_RRNA_LSU_RRNA","GOBP_MATURATION_OF_LSU_RRNA_FROM_TRICISTRONIC_RRNA_TRANSCRIPT_SSU_RRNA_5_8S_RRNA_LSU_RRNA","23","-0.5479719537627861","-1.647833403020900","0.010934955595422022125995","0.142330792992025334520","0.0827896231113817715475","2693","tags=61%, list=19%, signal=49%","LAS1L/GTPBP4/TEX10/RPL35/DDX18/PAK1IP1/RPL7L1/NOL9/PPAN/PES1/SENP3/BOP1/RPF2/WDR18","0.3807304007227924"
"GOBP_CONNECTIVE_TISSUE_DEVELOPMENT","GOBP_CONNECTIVE_TISSUE_DEVELOPMENT","245","0.3706460512416365","1.647832538067528","0.000047117215784539572465","0.005431941876874776809","0.0031596003317046878443","2310","tags=31%, list=17%, signal=26%","EXT1/LOXL2/WNT11/MYCN/RUNX1/CUL4B/CCN2/HYAL1/CCN1/KLF7/TGFB2/COL2A1/DDRGK1/PBXIP1/DAG1/TRPV4/TGFBI/SLC26A2/BMPR2/WNT7A/ATP7A/CCN3/ZEB1/GLI3/BMP4/OSR2/CSGALNACT1/CHI3L1/SNAI2/AXIN2/COL1A1/MSX1/WNT5A/HIF1A/VPS13B/ECM1/PRRX1/HYAL3/PDGFB/MAF/LIPA/SOX9/NKX3-2/CHST11/TGFBR2/FGF9/NFIB/ADGRG6/NCOA2/PLAAT3/MSX2/EDN1/CD44/HMGA2/HOXB3/RASAL2/ARID5A/FTO/NPR2/CTSK/SATB2/GLG1/FOSL2/TAPT1/ABHD15/AHDC1/CFLAR/EIF2AK3/ADAMTS7/CD2AP/SMAD3/ITGB8/PPARD/CCDC18/BBS4/POC1A","0.5573322387586460"
"GOBP_CRANIOFACIAL_SUTURE_MORPHOGENESIS","GOBP_CRANIOFACIAL_SUTURE_MORPHOGENESIS","11","0.6802827360698116","1.647499257146274","0.024486875131945952388524","0.220234328247140315193","0.1281038111885645924826","2714","tags=64%, list=20%, signal=51%","INSIG2/GLI3/BMP4/MMP14/MSX2/FOXN3/MEGF8","0.3524878575836192"
"GOBP_FACE_MORPHOGENESIS","GOBP_FACE_MORPHOGENESIS","29","0.5310965819825442","1.647358149998183","0.015862098246155108272060","0.177240645479730091205","0.1030956543613653353386","3480","tags=55%, list=25%, signal=41%","STRA6/SGPL1/TGFB2/COL1A1/MSX1/PLEKHA1/EP300/ASPH/PRICKLE1/TGFB3/SKI/CRISPLD2/SCX/NOG/MYH3/RRAS","0.3524878575836192"
"GOBP_POSITIVE_REGULATION_OF_GLUTAMATE_RECEPTOR_SIGNALING_PATHWAY","GOBP_POSITIVE_REGULATION_OF_GLUTAMATE_RECEPTOR_SIGNALING_PATHWAY","8","0.7421764462502344","1.647269987173307","0.015560455755955481318975","0.174946733986849317644","0.1017613537230129261424","1551","tags=50%, list=11%, signal=44%","PRNP/EPHB2/CCL2/NLGN3","0.3807304007227924"
"GOBP_POSITIVE_REGULATION_OF_VASCULAR_ENDOTHELIAL_GROWTH_FACTOR_PRODUCTION","GOBP_POSITIVE_REGULATION_OF_VASCULAR_ENDOTHELIAL_GROWTH_FACTOR_PRODUCTION","24","0.5486554462888497","1.646971017777207","0.013869593821788470111578","0.163117464525966954225","0.0948806166754486424164","2023","tags=46%, list=15%, signal=39%","RORA/STAT3/HIF1A/CCBE1/C3AR1/ARNT/NODAL/IL6ST/C5/IL1B/EIF2AK3","0.3807304007227924"
"GOBP_VENTRICULAR_CARDIAC_MUSCLE_TISSUE_MORPHOGENESIS","GOBP_VENTRICULAR_CARDIAC_MUSCLE_TISSUE_MORPHOGENESIS","39","0.4968793989688490","1.646806472495361","0.011859341183214900522502","0.148764067381156855907","0.0865316690232467156108","3251","tags=44%, list=23%, signal=33%","TPM1/HEG1/TGFB2/TGFBR3/FGFR2/PROX1/MYL3/FKBP1A/LRP2/FOXC1/NAGLU/UBE4B/DSP/RBPJ/MED1/DLL4/NOG","0.3807304007227924"
"GOBP_REGULATION_OF_WNT_SIGNALING_PATHWAY","GOBP_REGULATION_OF_WNT_SIGNALING_PATHWAY","284","0.3625851853539309","1.646402732315626","0.000036645860540970715533","0.004588946294983970407","0.0026692546725386482806","2550","tags=32%, list=18%, signal=26%","WNT11/DKK4/VGLL4/NLK/APP/TLE1/NOTUM/WLS/FOLR1/DAB2/MLLT3/BAMBI/KREMEN1/CAV1/PBXIP1/KANK1/CTHRC1/SMURF2/FZD7/RNF213/SFRP5/TLE2/RNF43/PTK7/NKD1/TLE6/FGFR2/DAAM2/GLI3/ITGA3/DAB2IP/TRABD2B/PLPP3/JADE1/ZNRF3/SNAI2/AXIN2/TBL1X/COL1A1/WNT5A/JUP/LATS1/TMEM131L/EGF/CDK14/DKK3/CDH3/TLE4/EDA/SPIN4/SHISA2/USP34/TPBG/APC/SOX9/APOE/PPP2R3A/FGF9/STK3/APCDD1/FZD6/HMGA2/BICC1/LIMD1/DACT1/CSNK2A1/TLE3/SMARCA4/PRICKLE1/GNAQ/CDC73/SMAD3/UBR5/ASPM/MACF1/ANKRD6/CSNK1G1/CTNNB1/PTPRU/DEPDC1B/DRAXIN/LZTS2/SKI/NKD2/NHERF1/RBPJ/TMEM237/RNF146/ZNF703/TNKS","0.5573322387586460"
"GOBP_REGULATION_OF_VASCULATURE_DEVELOPMENT","GOBP_REGULATION_OF_VASCULATURE_DEVELOPMENT","229","0.3715043698779784","1.645834816307363","0.000129801100302930674238","0.009923635700001952331","0.0057722861105948229665","2397","tags=30%, list=17%, signal=25%","THBS1/HSPG2/ITGB2/RUNX1/ATP2B4/AMOT/ADM/HYAL1/TGFB2/COL4A3/CEMIP2/KLK3/STAT3/GRN/ISM1/GLUL/NF1/DAB2IP/KLF2/ANXA3/CHI3L1/ERAP1/WNT5A/ADAM10/ADAMTS9/GAB1/JUP/HIF1A/CEACAM1/ECM1/CCBE1/SPRED1/SPARC/RAPGEF3/PML/C3AR1/TLR3/DLL1/F3/STIM1/SEMA4A/JCAD/PRKCB/RTN4/HIPK1/SHC1/TGFBR2/ADGRG6/AGO1/HMGA2/IL10/NODAL/VASH2/FOXC1/CHRNA7/IL1B/CLIC3/CX3CL1/HIPK2/FOXO4/TNFAIP3/ITGB8/CD40/CTNND1/CCL24/PKM/CTNNB1/CXCR4","0.5188480777437918"
"GOBP_REGULATION_OF_INSULIN_LIKE_GROWTH_FACTOR_RECEPTOR_SIGNALING_PATHWAY","GOBP_REGULATION_OF_INSULIN_LIKE_GROWTH_FACTOR_RECEPTOR_SIGNALING_PATHWAY","13","0.6462311485091364","1.645685909523952","0.017328217358345360255001","0.185626611613071312856","0.1079735234507551017158","1061","tags=38%, list=8%, signal=36%","IGFBP3/ATXN1/MYORG/AR/CDH3","0.3524878575836192"
"GOBP_CATECHOLAMINE_UPTAKE_INVOLVED_IN_SYNAPTIC_TRANSMISSION","GOBP_CATECHOLAMINE_UPTAKE_INVOLVED_IN_SYNAPTIC_TRANSMISSION","4","0.9225766278412136","1.645641183753449","0.001655833991546819044735","0.049686120536494453315","0.0289009504311097155382","18","tags=25%, list=0%, signal=25%","RAB3B","0.4550598673872295"
"GOBP_MIRNA_METABOLIC_PROCESS","GOBP_MIRNA_METABOLIC_PROCESS","94","0.4150232107574132","1.644314108649326","0.002469787085818770256546","0.062501963778054794862","0.0363555483401003451394","2222","tags=29%, list=16%, signal=24%","MYCN/APP/LIN28A/TGFB2/NR3C1/AR/STAT3/NOTCH2/PPARA/REST/BMP4/MRTFB/HIF1A/NGFR/SMAD6/PDGFB/APLN/SOX9/NOTCH3/NFIB/ZSWIM8/AGO1/IL10/SMARCA4/SMAD3/MRTFA/PPARD","0.4317076958033464"
"GOBP_RNA_EXPORT_FROM_NUCLEUS","GOBP_RNA_EXPORT_FROM_NUCLEUS","87","-0.4053414141612691","-1.644146855517321","0.001667773899928903314285","0.049686120536494453315","0.0289009504311097155382","2885","tags=28%, list=21%, signal=22%","DDX39B/NRDE2/WNK1/SSB/NCBP2/ALKBH5/PABPN1/HNRNPA2B1/NXT1/NUP88/POM121/CPSF6/NCBP1/HHEX/NCBP3/RBM33/RAE1/MAGOH/MAGOHB/THOC1/XPOT/SMG5/SEM1/PCID2","0.4550598673872295"
"GOBP_MEMBRANE_DEPOLARIZATION_DURING_CARDIAC_MUSCLE_CELL_ACTION_POTENTIAL","GOBP_MEMBRANE_DEPOLARIZATION_DURING_CARDIAC_MUSCLE_CELL_ACTION_POTENTIAL","15","0.6302346564246690","1.643721573137447","0.016955452218485704551920","0.183856160854928063486","0.1069437044781863799248","1417","tags=40%, list=10%, signal=36%","GJA5/SCN3B/SCN5A/SCN1B/CACNA1D/ANK2","0.3524878575836192"
"GOBP_POSITIVE_REGULATION_OF_MIRNA_METABOLIC_PROCESS","GOBP_POSITIVE_REGULATION_OF_MIRNA_METABOLIC_PROCESS","55","0.4568600762325489","1.643491854893104","0.007896058705554454340558","0.119477238288420828383","0.0694963845865829155102","2219","tags=33%, list=16%, signal=28%","MYCN/TGFB2/NR3C1/AR/STAT3/NOTCH2/MRTFB/HIF1A/NGFR/SMAD6/PDGFB/APLN/NOTCH3/ZSWIM8/IL10/SMARCA4/SMAD3/MRTFA","0.3807304007227924"
"GOBP_CELLULAR_RESPONSE_TO_INTERLEUKIN_1","GOBP_CELLULAR_RESPONSE_TO_INTERLEUKIN_1","68","0.4440251334970381","1.643418183100661","0.003650935167616930002166","0.079154454096721671430","0.0460418106616038089185","3306","tags=38%, list=24%, signal=29%","RORA/HYAL1/HAS2/GBP1/CCL2/DAB2IP/KLF2/HIF1A/GBP3/HYAL3/ZBP1/TANK/SOX9/PLCB1/EDN1/TRAF6/IL1B/ADAMTS7/CD40/RC3H1/HYAL2/NR1D1/SIRPA/IL1RAP/INHBB/OTUD4","0.4317076958033464"
"GOBP_CELLULAR_RESPONSE_TO_PROSTAGLANDIN_E_STIMULUS","GOBP_CELLULAR_RESPONSE_TO_PROSTAGLANDIN_E_STIMULUS","15","0.6297887339308192","1.642558558035665","0.016955452218485704551920","0.183856160854928063486","0.1069437044781863799248","3365","tags=53%, list=24%, signal=40%","PTGER2/IGFBP7/PTGER4/TNFSF4/PRKCE/GNG2/ACACA/PRKAA1","0.3524878575836192"
"GOBP_REGULATION_OF_ESTABLISHMENT_OR_MAINTENANCE_OF_CELL_POLARITY","GOBP_REGULATION_OF_ESTABLISHMENT_OR_MAINTENANCE_OF_CELL_POLARITY","25","0.5461894278230408","1.641909500599671","0.018751007798998634706900","0.192628811377831804519","0.1120464964686712361353","2053","tags=40%, list=15%, signal=34%","KANK1/GSN/FLOT2/RICTOR/ABL2/LLGL2/WDPCP/ANKFN1/ARFGEF1/KIF20B","0.3524878575836192"
"GOBP_TERMINATION_OF_RNA_POLYMERASE_III_TRANSCRIPTION","GOBP_TERMINATION_OF_RNA_POLYMERASE_III_TRANSCRIPTION","18","-0.5846707744844906","-1.641628656612713","0.014532073281423538504975","0.168470444952305092867","0.0979942874609684572151","1768","tags=50%, list=13%, signal=44%","POLR3D/POLR1C/POLR3H/POLR2F/POLR3K/POLR2H/POLR3E/CRCP/POLR1D","0.3807304007227924"
"GOBP_ODONTOGENESIS_OF_DENTIN_CONTAINING_TOOTH","GOBP_ODONTOGENESIS_OF_DENTIN_CONTAINING_TOOTH","60","0.4548546463257530","1.641500679937101","0.002544330021217491334673","0.062896821171988540056","0.0365852252367108166098","2030","tags=37%, list=15%, signal=31%","TNFRSF11B/ITGB6/SCN5A/NF2/GLI3/PPARA/CTNNA1/BMP4/NFIC/MSX1/PERP/NGFR/EDA/WNT10A/DLX3/STIM1/APCDD1/MSX2/FOXC1/WNT6/TRAF6/BCL11B","0.4317076958033464"
"GOBP_REGULATION_OF_SYNAPTIC_TRANSMISSION_CHOLINERGIC","GOBP_REGULATION_OF_SYNAPTIC_TRANSMISSION_CHOLINERGIC","9","0.7115310702773427","1.641311231516833","0.016124951001439773862201","0.178285710611376907453","0.1037035379159854248110","106","tags=22%, list=1%, signal=22%","HSPG2/APP","0.3524878575836192"
"GOBP_NEGATIVE_REGULATION_OF_HORMONE_BIOSYNTHETIC_PROCESS","GOBP_NEGATIVE_REGULATION_OF_HORMONE_BIOSYNTHETIC_PROCESS","5","0.8387459286997785","1.640475863279994","0.007881185873601955285683","0.119477238288420828383","0.0694963845865829155102","1019","tags=60%, list=7%, signal=56%","ATP1A1/REST/DKK3","0.3807304007227924"
"GOBP_MONOUBIQUITINATED_PROTEIN_DEUBIQUITINATION","GOBP_MONOUBIQUITINATED_PROTEIN_DEUBIQUITINATION","9","-0.6886941848214928","-1.640279501257285","0.014173231739425317526893","0.165565556423725085411","0.0963045995065481691411","2635","tags=56%, list=19%, signal=45%","USP1/BAP1/USP47/USP10/USP9X","0.3807304007227924"
"GOBP_SYMBIONT_ENTRY_INTO_HOST","GOBP_SYMBIONT_ENTRY_INTO_HOST","107","0.4057535254889851","1.639488257314315","0.001862320650007683086116","0.052630485918310515592","0.0306136009063755175352","997","tags=20%, list=7%, signal=18%","NCAM1/KRT6A/NECTIN3/FURIN/CD46/ITGB6/TRIM5/LDLR/LGALS9/CAV1/TMPRSS2/SELPLG/DAG1/CTSB/LGALS1/ITGAV/ITGB5/SLC1A5/NECTIN2/TRIM62/TRIM21","0.4550598673872295"
"GOBP_REGULATION_OF_HEMATOPOIETIC_STEM_CELL_DIFFERENTIATION","GOBP_REGULATION_OF_HEMATOPOIETIC_STEM_CELL_DIFFERENTIATION","15","-0.6055369860240560","-1.639178285718701","0.021616391915564511783110","0.208723471060055870696","0.1214082851665810314223","2006","tags=40%, list=14%, signal=34%","ITCH/METTL3/N4BP2L2/HSPA9/CDK6/PUS7","0.3524878575836192"
"GOBP_CYTOLYSIS_IN_ANOTHER_ORGANISM","GOBP_CYTOLYSIS_IN_ANOTHER_ORGANISM","4","0.9189342071625011","1.639144035119334","0.001879318150938741587702","0.052700724827289886776","0.0306544568074768493393","998","tags=75%, list=7%, signal=70%","GBP1/CCL28/GBP3","0.4550598673872295"
"GOBP_HINDBRAIN_MORPHOGENESIS","GOBP_HINDBRAIN_MORPHOGENESIS","40","0.5003786041359037","1.638593805845917","0.005683938614071374836878","0.101932016153009105675","0.0592908465054622843549","1492","tags=25%, list=11%, signal=22%","TUBA1A/RORA/GBA1/OPHN1/WNT7A/ATP7A/PROX1/DLL1/LDB1/COMT","0.4070179189239539"
"GOBP_NEGATIVE_REGULATION_OF_KERATINOCYTE_PROLIFERATION","GOBP_NEGATIVE_REGULATION_OF_KERATINOCYTE_PROLIFERATION","13","0.6433607793092746","1.638376255450109","0.018577065240566365683650","0.191751335160920799439","0.1115360944413928967478","2014","tags=54%, list=15%, signal=46%","CD109/VDR/FGFR2/SNAI2/INTU/PTPRK/SFN","0.3524878575836192"
"GOBP_CRANIAL_SUTURE_MORPHOGENESIS","GOBP_CRANIAL_SUTURE_MORPHOGENESIS","6","0.8080140459423043","1.638108121165269","0.011824078505793320439943","0.148578342885081121638","0.0864236385632918963084","1603","tags=67%, list=12%, signal=59%","INSIG2/GLI3/BMP4/MSX2","0.3807304007227924"
"GOBP_REGULATION_OF_VENTRICULAR_CARDIAC_MUSCLE_CELL_ACTION_POTENTIAL","GOBP_REGULATION_OF_VENTRICULAR_CARDIAC_MUSCLE_CELL_ACTION_POTENTIAL","11","0.6763891942906695","1.638069931883864","0.028759693286366658920850","0.237635554424210498903","0.1382255910690172451272","884","tags=36%, list=6%, signal=34%","CAV1/DLG1/DSC2/JUP","0.3524878575836192"
"GOBP_GLYCINE_METABOLIC_PROCESS","GOBP_GLYCINE_METABOLIC_PROCESS","9","-0.6877232436764015","-1.637966987383463","0.014694939362303963484302","0.168470444952305092867","0.0979942874609684572151","1214","tags=33%, list=9%, signal=30%","PHGDH/RIDA/SHMT2","0.3807304007227924"
"GOBP_POSITIVE_REGULATION_OF_NEUROTRANSMITTER_TRANSPORT","GOBP_POSITIVE_REGULATION_OF_NEUROTRANSMITTER_TRANSPORT","18","0.5856027742307223","1.636976871725991","0.016383329804533202506134","0.180381920437368448162","0.1049228413274821830603","1597","tags=28%, list=12%, signal=25%","RAB3B/SLC4A8/BAIAP3/NLGN1/GPR158","0.3524878575836192"
"GOBP_OTIC_VESICLE_DEVELOPMENT","GOBP_OTIC_VESICLE_DEVELOPMENT","12","0.6432011314664281","1.636160444427518","0.028466940994227443034736","0.236593614300568161335","0.1376195252393565549021","3167","tags=50%, list=23%, signal=39%","COL2A1/FGFR2/PROX1/SOX9/TCAP/PAX8","0.3524878575836192"
"GOBP_EAR_DEVELOPMENT","GOBP_EAR_DEVELOPMENT","173","0.3825393245133245","1.635995729911424","0.000273602923244086067810","0.016698975054805016011","0.0097133011210801967900","1627","tags=25%, list=12%, signal=23%","ALDH1A3/NECTIN3/MYCN/STRA6/LRIG1/ESRRB/TGFB2/COL2A1/FGF20/CTHRC1/EPHB2/PLPPR4/PTK7/ZEB1/INSIG2/FGFR2/GLI3/ATP8B1/REST/BMP4/PROX1/OSR2/MSX1/WNT5A/ADAM10/TBX3/SEC24B/PRRX1/SPARC/LRP10/MAF/HPCA/DDR1/DLL1/SOX9/MYCL/WDPCP/NKX3-2/CCNA2/FGF9/MAFB/FZD6/EDN1/ANKRD24","0.4984931087665903"
"GOBP_PERIPHERAL_NERVOUS_SYSTEM_AXON_REGENERATION","GOBP_PERIPHERAL_NERVOUS_SYSTEM_AXON_REGENERATION","6","0.8064504391100091","1.634938179920863","0.012617629282173234428477","0.155325155044786777925","0.0903480601460242838119","742","tags=33%, list=5%, signal=32%","TNC/MAP1B","0.3807304007227924"
"GOBP_PROTEINOGENIC_AMINO_ACID_BIOSYNTHETIC_PROCESS","GOBP_PROTEINOGENIC_AMINO_ACID_BIOSYNTHETIC_PROCESS","38","-0.4790751899092940","-1.634708504728455","0.011126252520108754345829","0.143242151255630001394","0.0833197333256029404325","2434","tags=37%, list=18%, signal=30%","GLUD1/ALDH18A1/GLS2/GOT1/PHGDH/RIDA/MTRR/MTHFD2L/PSAT1/PLOD3/ASNS/PSPH/ASS1/SHMT2","0.3807304007227924"
"GOBP_REGULATION_OF_HEART_GROWTH","GOBP_REGULATION_OF_HEART_GROWTH","42","0.4777045707325009","1.634339107305147","0.008068774834405722379271","0.121332322199355607806","0.0705754321672064782733","1613","tags=31%, list=12%, signal=27%","VGLL4/RUNX1/FGF20/TGFBR3/AKAP6/TOMM70/FGFR2/PPARA/ACACB/PROX1/FOXP1/FGF9/EDN1","0.3807304007227924"
"GOBP_GLOMERULAR_BASEMENT_MEMBRANE_DEVELOPMENT","GOBP_GLOMERULAR_BASEMENT_MEMBRANE_DEVELOPMENT","10","0.7115250632947462","1.632880353437246","0.014934308262376691858742","0.169481063921315483478","0.0985821346990448516001","338","tags=40%, list=2%, signal=39%","EXT1/COL4A4/LAMB2/COL4A3","0.3807304007227924"
"GOBP_BASE_CONVERSION_OR_SUBSTITUTION_EDITING","GOBP_BASE_CONVERSION_OR_SUBSTITUTION_EDITING","11","0.6741075559561240","1.632544291937513","0.031060444635353290365742","0.247400143826677049175","0.1439053646406637521071","1711","tags=45%, list=12%, signal=40%","APOBEC3G/APOBEC3F/RBM47/APOBEC3H/ADARB1","0.3524878575836192"
"GOBP_NEGATIVE_REGULATION_OF_MIRNA_PROCESSING","GOBP_NEGATIVE_REGULATION_OF_MIRNA_PROCESSING","5","0.8345068102486941","1.632184709472107","0.009251766352298523496400","0.130006564135178026564","0.0756209827859254807292","391","tags=40%, list=3%, signal=39%","LIN28A/STAT3","0.3807304007227924"
"GOBP_CELL_CELL_SIGNALING_INVOLVED_IN_CARDIAC_CONDUCTION","GOBP_CELL_CELL_SIGNALING_INVOLVED_IN_CARDIAC_CONDUCTION","22","0.5704706684124613","1.631934185291415","0.008941554647834616675883","0.128257460655802346672","0.0746035808956091034405","1726","tags=32%, list=12%, signal=28%","GJA5/SCN3B/SCN5A/SCN1B/CACNA1D/ANK2/KCNJ5","0.3807304007227924"
"GOBP_TELENCEPHALON_GLIAL_CELL_MIGRATION","GOBP_TELENCEPHALON_GLIAL_CELL_MIGRATION","22","0.5702678912607227","1.631354104694390","0.008941554647834616675883","0.128257460655802346672","0.0746035808956091034405","3007","tags=55%, list=22%, signal=43%","SRGAP2/GLI3/DAB2IP/RTN4/MBOAT7/ZMIZ1/WDR47/BMERB1/CTNNB1/LRP8/SYNE2/LAMB1","0.3807304007227924"
"GOBP_REGULATION_OF_RYANODINE_SENSITIVE_CALCIUM_RELEASE_CHANNEL_ACTIVITY","GOBP_REGULATION_OF_RYANODINE_SENSITIVE_CALCIUM_RELEASE_CHANNEL_ACTIVITY","5","0.8338920920615581","1.630982402177121","0.009251766352298523496400","0.130006564135178026564","0.0756209827859254807292","1869","tags=60%, list=14%, signal=52%","CAMK2D/CALM2/SELENON","0.3807304007227924"
"GOBP_REGULATION_OF_VIRAL_LIFE_CYCLE","GOBP_REGULATION_OF_VIRAL_LIFE_CYCLE","95","0.4217851014266010","1.630675735724028","0.001676042892942467563491","0.049686120536494453315","0.0289009504311097155382","2071","tags=34%, list=15%, signal=29%","FURIN/IFIH1/TRIM5/LGALS9/TMPRSS2/APOBEC3G/OAS1/LGALS1/BST2/ZNFX1/MX1/KPNA2/IFIT1/PROX1/APOBEC3F/NECTIN2/TOP2A/TRIM62/RNASEL/TRIM21/TRIM6/ISG20/TNIP1/TRIM38/APOBEC3H/PABPC1/HMGA2/ADARB1/PKN2/LTF/TARBP2/RAD23A","0.4550598673872295"
"GOBP_REGULATION_OF_RELEASE_OF_SEQUESTERED_CALCIUM_ION_INTO_CYTOSOL_BY_SARCOPLASMIC_RETICULUM","GOBP_REGULATION_OF_RELEASE_OF_SEQUESTERED_CALCIUM_ION_INTO_CYTOSOL_BY_SARCOPLASMIC_RETICULUM","25","0.5424485700856375","1.630664043352512","0.020641823262166632269032","0.204351193165828171061","0.1188650601104147552789","2492","tags=44%, list=18%, signal=36%","CAMK2D/JPH2/CALM2/DMD/AKAP6/FKBP1A/ANK2/ASPH/FKBP1C/PDE4D/PRKACA","0.3524878575836192"
"GOBP_CARDIAC_NEURAL_CREST_CELL_DIFFERENTIATION_INVOLVED_IN_HEART_DEVELOPMENT","GOBP_CARDIAC_NEURAL_CREST_CELL_DIFFERENTIATION_INVOLVED_IN_HEART_DEVELOPMENT","12","0.6410285637303034","1.630633915914451","0.029410587049813058380110","0.240205277565438246601","0.1397203232059678335020","3730","tags=67%, list=27%, signal=49%","FOLR1/BMP4/CITED2/EDN1/BMP7/CDC42/JAG1/MAPK3","0.3524878575836192"
"GOBP_ACUTE_PHASE_RESPONSE","GOBP_ACUTE_PHASE_RESPONSE","23","0.5500736520940649","1.629635869177914","0.019323993206036501474321","0.195473764144071193716","0.1137013215584171954564","1142","tags=30%, list=8%, signal=28%","SAA1/SAA2/SERPINA1/STAT3/IL22RA1/FN1/APOL2","0.3524878575836192"
"GOBP_PODOCYTE_CELL_MIGRATION","GOBP_PODOCYTE_CELL_MIGRATION","7","0.7770099681919332","1.628523944605075","0.013452507673410985661322","0.160976908162598242313","0.0936355181915113354840","2045","tags=71%, list=15%, signal=61%","KANK1/DAAM2/WDPCP/KANK2/ANLN","0.3807304007227924"
"GOBP_LONG_CHAIN_FATTY_ACID_IMPORT_INTO_CELL","GOBP_LONG_CHAIN_FATTY_ACID_IMPORT_INTO_CELL","15","0.6243762956135892","1.628442321274302","0.019173861755613717805513","0.194225603808957369978","0.1129753035158391483161","615","tags=20%, list=4%, signal=19%","THBS1/SLC2A1/SLC27A2","0.3524878575836192"
"GOBP_POSITIVE_REGULATION_OF_AMYLOID_FIBRIL_FORMATION","GOBP_POSITIVE_REGULATION_OF_AMYLOID_FIBRIL_FORMATION","5","0.8325365416810243","1.628331125306933","0.009930776677925185272344","0.136346372423006845231","0.0793086622241842842396","1399","tags=60%, list=10%, signal=54%","APP/CLU/APOE","0.3807304007227924"
"GOBP_RESPONSE_TO_OXYGEN_LEVELS","GOBP_RESPONSE_TO_OXYGEN_LEVELS","267","0.3596994257056317","1.628087211165774","0.000115955744201208413129","0.009357628557037520056","0.0054430564543882361747","2222","tags=25%, list=16%, signal=21%","THBS1/CD24/LOXL2/KCNMA1/RORA/CAT/SLC2A1/CCND1/NDRG1/TGFB2/CAV1/EGLN3/TRPV4/TGFBR3/STAT3/EPAS1/OPRD1/PLOD1/FGFR2/NF1/NPEPPS/UCP2/PPARA/REST/FAS/CPEB2/COL1A1/ATG7/ATP6AP1/SLC9A1/HIF1A/CASP9/CPEB4/BNIP3L/CITED2/CREBBP/BIRC2/PML/ABAT/ERO1A/MMP14/EP300/PLAU/ATP1B1/ALAD/RTN4/COMT/CCNA2/PDLIM1/ARNT/EDN1/SLC2A4/UCP3/LIMD1/SLC6A4/ALAS2/FOSL2/ADAM8/UCK2/CHRNA7/LMNA/CFLAR/TREM2/HIPK2/SMAD3/TGFB3/PPARD","0.5384340963099162"
"GOBP_NEGATIVE_REGULATION_OF_CHONDROCYTE_PROLIFERATION","GOBP_NEGATIVE_REGULATION_OF_CHONDROCYTE_PROLIFERATION","3","0.9589764926712837","1.627670051598864","0.001289553729368570237843","0.043562924355367092788","0.0253392678646324129299","529","tags=67%, list=4%, signal=64%","BMPR2/CCN3","0.4550598673872295"
"GOBP_MONOCYTE_ACTIVATION","GOBP_MONOCYTE_ACTIVATION","9","0.7053443145250018","1.627040046283825","0.016960433398430650037136","0.183856160854928063486","0.1069437044781863799248","1465","tags=44%, list=11%, signal=40%","DYSF/ADAM10/FN1/FOXP1","0.3524878575836192"
"GOBP_GLYCOSIDE_CATABOLIC_PROCESS","GOBP_GLYCOSIDE_CATABOLIC_PROCESS","6","0.8023451794110992","1.626615478990046","0.014363443161289197319563","0.167175625800483201866","0.0972411293612820831767","356","tags=33%, list=3%, signal=32%","GBA1/FUCA1","0.3807304007227924"
"GOBP_NEGATIVE_REGULATION_OF_AMINE_METABOLIC_PROCESS","GOBP_NEGATIVE_REGULATION_OF_AMINE_METABOLIC_PROCESS","3","0.9582833801732331","1.626493632297570","0.001333639980659112470388","0.044631657134858997160","0.0259609181917395716310","144","tags=67%, list=1%, signal=66%","ITGB2/ATP2B4","0.4550598673872295"
"GOBP_CEREBELLAR_PURKINJE_CELL_LAYER_FORMATION","GOBP_CEREBELLAR_PURKINJE_CELL_LAYER_FORMATION","14","0.6193694978123261","1.626363837518658","0.027828009162283104394042","0.233259244893103706575","0.1356800209286233571682","2902","tags=43%, list=21%, signal=34%","RORA/GBA1/ATP7A/LDB1/FAIM2/HERC1","0.3524878575836192"
"GOBP_CLATHRIN_COAT_DISASSEMBLY","GOBP_CLATHRIN_COAT_DISASSEMBLY","5","0.8314476646544101","1.626201426170259","0.010100529445707684753075","0.136715020425619671052","0.0795230938911166140848","754","tags=40%, list=5%, signal=38%","CLTC/SYNJ1","0.3807304007227924"
"GOBP_INNER_CELL_MASS_CELL_PROLIFERATION","GOBP_INNER_CELL_MASS_CELL_PROLIFERATION","15","-0.6004793789418433","-1.625487429671584","0.025546562400623223920704","0.224991486683442848404","0.1308709099009612020215","779","tags=40%, list=6%, signal=38%","CHEK1/NDEL1/NCAPG2/SALL4/SBDS/ZPR1","0.3524878575836192"
"GOBP_CO_TRANSCRIPTIONAL_RNA_3_END_PROCESSING_CLEAVAGE_AND_POLYADENYLATION_PATHWAY","GOBP_CO_TRANSCRIPTIONAL_RNA_3_END_PROCESSING_CLEAVAGE_AND_POLYADENYLATION_PATHWAY","11","-0.6559662853265531","-1.625020437162574","0.026960026066980589259936","0.229555298152966019698","0.1335255443870796698835","1645","tags=36%, list=12%, signal=32%","SSU72/CPSF6/CPSF3/PAPOLA","0.3524878575836192"
"GOBP_CELL_RECOGNITION","GOBP_CELL_RECOGNITION","101","0.4113009033419269","1.623557105484553","0.001743979204020573107320","0.050869562083539848762","0.0295893234640606933583","1030","tags=16%, list=7%, signal=15%","NEDD9/EXT1/ROBO1/EFNA5/NTM/APP/MEGF10/FOLR1/ATP8B3/TNFRSF21/EPHB2/DLG1/NPTN/CADM1/CNTNAP3/PRF1","0.4550598673872295"
"GOBP_RESPONSE_TO_INDOLE_3_METHANOL","GOBP_RESPONSE_TO_INDOLE_3_METHANOL","6","0.8002287079305068","1.622324700707189","0.015950548608122516042185","0.177682261565634713740","0.1033525294095779673009","2365","tags=83%, list=17%, signal=69%","CDH1/CTNNA1/JUP/CASP9/CTNNB1","0.3524878575836192"
"GOBP_STRIATED_MUSCLE_CELL_PROLIFERATION","GOBP_STRIATED_MUSCLE_CELL_PROLIFERATION","55","0.4509252177561599","1.622142010436738","0.009206888345653065075513","0.130006564135178026564","0.0756209827859254807292","2974","tags=42%, list=21%, signal=33%","VGLL4/RUNX1/MEGF10/TGFB2/FGF20/TGFBR3/STAT3/TENM4/FGFR2/JAK2/FES/NDRG4/FGF9/FOXC1/SELENON/PRKAR1A/CFLAR/PPARD/SKI/RBPJ/MAPK14/ARID2/FGFR1","0.3807304007227924"
"GOBP_NUCLEAR_HISTONE_MRNA_CATABOLIC_PROCESS","GOBP_NUCLEAR_HISTONE_MRNA_CATABOLIC_PROCESS","12","-0.6307699451764897","-1.621819773767991","0.025765376639600722635803","0.225273882489681914754","0.1310351712099533660894","2633","tags=50%, list=19%, signal=41%","SSB/SNRPE/LSM10/CPSF2/SNRPF/CPSF3","0.3524878575836192"
"GOBP_MESENCHYME_DEVELOPMENT","GOBP_MESENCHYME_DEVELOPMENT","247","0.3585314451951670","1.621728369759800","0.000087866925361907395674","0.007977218486294167590","0.0046401126423460939061","2651","tags=32%, list=19%, signal=26%","NCAM1/EXT1/ROBO1/TIAM1/LOXL2/WNT11/IL17RD/FOLR1/DAB2/BAMBI/TGFB2/SEMA3A/TGFBR3/HAS2/ACVR1/BMPR2/PTK7/SEMA4B/FOXA2/FGFR2/DAB2IP/MARK1/BMP4/SNAI2/AXIN2/TGFB1I1/COL1A1/MSX1/WNT5A/TRIM62/FN1/HIF1A/TBX3/CITED2/SPRED1/WNT10A/NCKAP1/ARB2A/APC/SOX9/S100A4/SEMA4A/RTN4/TGFBR2/FGF9/SEMA6B/EOMES/MSX2/EDN1/HMGA2/NODAL/FOXC1/ADAM8/TAPT1/SEMA4C/SEMA4D/NRP2/PRICKLE1/IL1B/LDLRAD4/SMAD3/OVOL2/TGFB3/EDN3/FERMT2/BCL9L/DLG5/CTNNB1/SEMA4G/EFNB1/FOXF1/KDM1A/RBPJ/CUL7/ZNF703/HPN/SIX4/LOXL3/ZFP36L1","0.5384340963099162"
"GOBP_REGULATION_OF_NEUROTRANSMITTER_TRANSPORT","GOBP_REGULATION_OF_NEUROTRANSMITTER_TRANSPORT","75","0.4251797957264364","1.621642435416395","0.008583557801301553227824","0.126042606337633755764","0.0733152654833702926984","1597","tags=23%, list=12%, signal=20%","RAB3B/APP/DYSF/KCNMB4/SLC4A8/BAIAP3/WNT7A/SYT13/FBXL20/NF1/MCTP1/NLGN1/RIMS2/ATP2A2/PRKCB/STXBP5/GPR158","0.3807304007227924"
"GOBP_REGULATION_OF_PLASMINOGEN_ACTIVATION","GOBP_REGULATION_OF_PLASMINOGEN_ACTIVATION","16","0.6004839885772357","1.621101834482440","0.017116625718661425403777","0.184967835852775680516","0.1075903330267907881401","1357","tags=31%, list=10%, signal=28%","THBS1/RUNX1/PLGRKT/ANXA2/PLAU","0.3524878575836192"
"GOBP_POST_TRANSLATIONAL_PROTEIN_TARGETING_TO_MEMBRANE_TRANSLOCATION","GOBP_POST_TRANSLATIONAL_PROTEIN_TARGETING_TO_MEMBRANE_TRANSLOCATION","11","-0.6542933798136266","-1.620876160682580","0.028333767230750619287027","0.235995586464382733904","0.1372716700906068121313","2433","tags=36%, list=18%, signal=30%","SEC61B/SSR3/SEC61A1/SEC61G","0.3524878575836192"
"GOBP_NEGATIVE_REGULATION_OF_SUBSTRATE_ADHESION_DEPENDENT_CELL_SPREADING","GOBP_NEGATIVE_REGULATION_OF_SUBSTRATE_ADHESION_DEPENDENT_CELL_SPREADING","13","0.6364315696050377","1.620730397925743","0.022323619463253317057871","0.211390414813049321019","0.1229595676651051294748","1047","tags=31%, list=8%, signal=28%","EFNA5/KANK1/GBP1/TACSTD2","0.3524878575836192"
"GOBP_ACTIN_FILAMENT_BASED_MOVEMENT","GOBP_ACTIN_FILAMENT_BASED_MOVEMENT","104","0.4060057779764746","1.620660938737677","0.002277351270629894737507","0.059971806140075509250","0.0348838302890920395893","2857","tags=33%, list=21%, signal=26%","TPM1/CAMK2D/GJA5/SCN3B/SCN5A/CAV1/ATP1A1/DLG1/FGF13/DSC2/GSN/MYH7B/FNBP1L/SCN1B/CACNA1D/SLC9A1/JUP/NEDD4L/ANK2/ATP2A2/KCND3/KCNJ5/MYH9/MYO19/MYO1C/LUZP1/PDE4D/DSP/TCAP/MYO5C/ACTN4/MYO5A/SYNE2/MYO1B","0.4317076958033464"
"GOBP_ANTIFUNGAL_HUMORAL_RESPONSE","GOBP_ANTIFUNGAL_HUMORAL_RESPONSE","6","0.7992873944381917","1.620416351113432","0.015950548608122516042185","0.177682261565634713740","0.1033525294095779673009","1896","tags=50%, list=14%, signal=43%","APP/ADM/LTF","0.3524878575836192"
"GOBP_PIGMENTATION","GOBP_PIGMENTATION","98","0.4068172814858888","1.620099163037329","0.003051077446900914407618","0.071025562489876098438","0.0413134742398308524303","3440","tags=44%, list=25%, signal=33%","BACE2/ATRN/KITLG/ATP7A/GLI3/NF1/VANGL1/SNAI2/ADAMTS9/MLPH/MITF/RAB11A/EDA/ENPP1/APOE/KIF13A/PIKFYVE/SHROOM2/ARL6/SHROOM3/FIG4/HPS4/SPNS2/BLOC1S6/DCTN1/OCA2/EDN3/RAB11B/BBS4/MC1R/PMEL/BCL2L11/DTNBP1/ABCC1/RAB29/MYO5A/LYST/AP3B1/SZT2/HPS5/BBS7/BLOC1S5/RAB27A","0.4317076958033464"
"GOBP_POSITIVE_REGULATION_OF_ENDOTHELIAL_CELL_APOPTOTIC_PROCESS","GOBP_POSITIVE_REGULATION_OF_ENDOTHELIAL_CELL_APOPTOTIC_PROCESS","18","0.5792658687171459","1.619262871348065","0.019882581539340162674057","0.200009958061257070439","0.1163398917291391526652","1391","tags=28%, list=10%, signal=25%","THBS1/AKR1C3/CCL2/NGFR/F3","0.3524878575836192"
"GOBP_AMYLOID_BETA_CLEARANCE","GOBP_AMYLOID_BETA_CLEARANCE","32","0.5153210399161956","1.619236375605707","0.012735993534351222264411","0.156252569324312362564","0.0908875096710075325301","2364","tags=44%, list=17%, signal=36%","ITGB2/APP/LDLR/CLU/IGF1R/CLTC/RAB11A/APOE/ABCA7/HMGCR/LRP2/TREM2/RAB11B/IFNGR1","0.3807304007227924"
"GOBP_REGULATION_OF_CELL_SUBSTRATE_ADHESION","GOBP_REGULATION_OF_CELL_SUBSTRATE_ADHESION","172","0.3746101515477053","1.618574782568204","0.000940159732591267362049","0.036565474806045106249","0.0212690579068916772731","2326","tags=31%, list=17%, signal=26%","THBS1/NEDD9/EFNA5/RAC2/UTRN/DAB2/PTPRJ/CCN1/KANK1/DAG1/FZD7/HAS2/GBP1/NF2/DUSP3/VCL/NF1/PLPP3/ACTG1/CCL28/COL1A1/ACER2/SPOCK1/SLC9A1/JUP/FN1/PTPRA/JAK2/TACSTD2/PDGFB/PEAK1/DDR1/DOCK1/CARMIL1/RAC3/MMP14/PLAU/WDPCP/MINK1/LDB1/ANKRD28/NPNT/WASHC2C/DOCK5/CSPG5/CX3CL1/SMAD3/VTN/TLN1/ECM2/FERMT2/CDH13/MACF1/RHOA","0.4772708153628621"
"GOBP_MITRAL_VALVE_DEVELOPMENT","GOBP_MITRAL_VALVE_DEVELOPMENT","13","0.6354999957414886","1.618358061054548","0.023260259865596155659517","0.215209257839267337209","0.1251808759864873610290","1101","tags=38%, list=8%, signal=35%","GJA5/ACVR1/BMPR2/AXIN2/SMAD6","0.3524878575836192"
"GOBP_FATTY_ACID_TRANSMEMBRANE_TRANSPORT","GOBP_FATTY_ACID_TRANSMEMBRANE_TRANSPORT","16","0.5990478239200859","1.617224680045998","0.017436553419706207757045","0.185947701993640718277","0.1081602922520328163847","157","tags=12%, list=1%, signal=12%","THBS1/SLC2A1","0.3524878575836192"
"GOBP_HEART_MORPHOGENESIS","GOBP_HEART_MORPHOGENESIS","213","0.3658980632117957","1.617045131772091","0.000481763323795030679562","0.024641176202276817570","0.0143330452105465931678","2528","tags=31%, list=18%, signal=26%","EXT1/ROBO1/TPM1/WNT11/GJA5/FOLR1/CCN1/HEG1/TGFB2/COL2A1/DAG1/TGFBR3/HAS2/ACVR1/BMPR2/FGFR2/NOTCH2/GAA/ARL13B/BMP4/PROX1/SNAI2/AXIN2/MSX1/WNT5A/HIF1A/TBX3/SEC24B/CITED2/SMAD6/CERT1/MYL3/C2CD3/NDRG4/APC/DLL1/SOX9/FKBP1A/RTN4/TGFBR2/ADGRG6/LRP2/TBX19/MSX2/EDN1/NODAL/ZMIZ1/FOXC1/SUFU/DCHS2/RBM20/NRP2/PRICKLE1/STIL/NAGLU/SMAD3/OVOL2/UBE4B/TGFB3/DSP/BBS4/CTNNB1/TCAP/SOS1/SLIT3/FOXF1/RBPJ","0.4984931087665903"
"GOBP_CELL_AGGREGATION","GOBP_CELL_AGGREGATION","15","0.6198507040634562","1.616639078805279","0.020758443732574356765941","0.204570660555885436294","0.1189927178162851623133","1896","tags=47%, list=14%, signal=40%","MYCN/CCN2/TGFB2/COL2A1/WNT7A/SOX9/LTF","0.3524878575836192"
"GOBP_GLOMERULUS_DEVELOPMENT","GOBP_GLOMERULUS_DEVELOPMENT","50","0.4578091064341224","1.616002805240754","0.009546911330900617609352","0.132326749992998426997","0.0769705664471931755299","2290","tags=34%, list=17%, signal=28%","EXT1/CD24/COL4A4/LAMB2/COL4A3/PLCE1/NOTCH2/BMP4/IQGAP1/PDGFB/NOTCH3/COMT/EDN1/FOXC1/CFLAR/CD2AP/MYO1E","0.3807304007227924"
"GOBP_MRNA_CIS_SPLICING_VIA_SPLICEOSOME","GOBP_MRNA_CIS_SPLICING_VIA_SPLICEOSOME","30","-0.4987580334067461","-1.615601158193011","0.013086544105762648940172","0.158412616400256861526","0.0921439453274175007680","4302","tags=57%, list=31%, signal=39%","SLU7/C9orf78/YJU2/SNRPC/SART1/SF1/YJU2B/SRSF1/CACTIN/NCBP2/CLNS1A/PRPF39/DCPS/UPF3B/RBM17/UPF3A/WBP4","0.3807304007227924"
"GOBP_MOTOR_BEHAVIOR","GOBP_MOTOR_BEHAVIOR","26","0.5317137827325116","1.615594015724852","0.017919395393956372153355","0.189029430478161730722","0.1099528427915313355534","2442","tags=35%, list=18%, signal=29%","TUBA1A/EXT1/NR3C1/GBA1/ADARB1/WDR47/NAGLU/DCTN1/SPG11","0.3524878575836192"
"GOBP_NEGATIVE_REGULATION_OF_ADENYLATE_CYCLASE_ACTIVATING_G_PROTEIN_COUPLED_RECEPTOR_SIGNALING_PATHWAY","GOBP_NEGATIVE_REGULATION_OF_ADENYLATE_CYCLASE_ACTIVATING_G_PROTEIN_COUPLED_RECEPTOR_SIGNALING_PATHWAY","11","-0.6519885978395563","-1.615166541309073","0.029020638126380952220851","0.238431677269466901770","0.1386886722401650118286","11","tags=18%, list=0%, signal=18%","PDE2A/PDE3B","0.3524878575836192"
"GOBP_ANTIGEN_PROCESSING_AND_PRESENTATION","GOBP_ANTIGEN_PROCESSING_AND_PRESENTATION","83","0.4164906520724108","1.615126700572491","0.005434378840579907887776","0.100177394718608800406","0.0582702349835037894388","3440","tags=40%, list=25%, signal=30%","THBS1/EXT1/RAB3B/MR1/GBA1/LNPEP/TAPBP/CTSH/RAB8B/ERAP1/ACE/MFSD6/CST7/PSME1/PIKFYVE/HFE/TRAF6/B2M/TREM2/HLA-DOB/MARCHF8/ABCC1/HLA-DQB1/ERAP2/AP3B1/ARL8B/CALR/ATG5/PSMB8/SAR1B/ULBP3/RAET1E/RAB27A","0.4070179189239539"
"GOBP_GLIAL_CELL_PROLIFERATION","GOBP_GLIAL_CELL_PROLIFERATION","38","0.4839013048978770","1.615093272749068","0.015241681303300964184233","0.172359874982579652780","0.1002566541600886096397","2430","tags=29%, list=18%, signal=24%","LEPR/ATXN1/CLU/GBA1/NF2/UFL1/NFIB/IL1B/CX3CL1/TREM2/SKI","0.3807304007227924"
"GOBP_NEGATIVE_REGULATION_OF_GLUCONEOGENESIS","GOBP_NEGATIVE_REGULATION_OF_GLUCONEOGENESIS","13","0.6341848781286816","1.615008995430341","0.024821328431412818804613","0.220916901491752443176","0.1285008439070608743382","1352","tags=23%, list=10%, signal=21%","LEPR/MTCL2/EP300","0.3524878575836192"
"GOBP_REGULATION_OF_CARDIAC_MUSCLE_CELL_ACTION_POTENTIAL_INVOLVED_IN_REGULATION_OF_CONTRACTION","GOBP_REGULATION_OF_CARDIAC_MUSCLE_CELL_ACTION_POTENTIAL_INVOLVED_IN_REGULATION_OF_CONTRACTION","6","0.7965957430704010","1.614959495521545","0.016109259231594914157926","0.178285710611376907453","0.1037035379159854248110","1434","tags=67%, list=10%, signal=60%","CAMK2D/CAV1/FGF13/ATP2A2","0.3524878575836192"
"GOBP_REGULATION_OF_TRANSLATION_IN_RESPONSE_TO_ENDOPLASMIC_RETICULUM_STRESS","GOBP_REGULATION_OF_TRANSLATION_IN_RESPONSE_TO_ENDOPLASMIC_RETICULUM_STRESS","10","-0.6733628390686576","-1.614940488085727","0.025955335398200263946622","0.225494738034842712171","0.1311636363646929148707","2379","tags=70%, list=17%, signal=58%","EIF4G1/MAP3K20/EIF2S1/SESN2/PPP1R15A/DDX3X/DNAJC3","0.3524878575836192"
"GOBP_NEGATIVE_REGULATION_OF_HEMATOPOIETIC_PROGENITOR_CELL_DIFFERENTIATION","GOBP_NEGATIVE_REGULATION_OF_HEMATOPOIETIC_PROGENITOR_CELL_DIFFERENTIATION","10","-0.6730662970084766","-1.614229284925082","0.026294616028427759968356","0.226545428486916750055","0.1317747920022421803665","948","tags=30%, list=7%, signal=28%","N4BP2L2/HSPA9/PCID2","0.3524878575836192"
"GOBP_HEMATOPOIETIC_STEM_CELL_HOMEOSTASIS","GOBP_HEMATOPOIETIC_STEM_CELL_HOMEOSTASIS","23","0.5447818780225477","1.613958577953910","0.022367083133434571828868","0.211526204164238673666","0.1230385523245114132163","529","tags=13%, list=4%, signal=13%","EXT1/CADPS2/CCN3","0.3524878575836192"
"GOBP_EAR_MORPHOGENESIS","GOBP_EAR_MORPHOGENESIS","100","0.4098171044175161","1.613933949549963","0.002000130462615053606595","0.054818669999898615719","0.0318864030288449271100","1627","tags=27%, list=12%, signal=24%","ALDH1A3/NECTIN3/LRIG1/COL2A1/CTHRC1/EPHB2/PTK7/ZEB1/INSIG2/FGFR2/REST/PROX1/OSR2/MSX1/WNT5A/TBX3/SEC24B/PRRX1/SPARC/SOX9/WDPCP/NKX3-2/FGF9/MAFB/FZD6/EDN1/ANKRD24","0.4317076958033464"
"GOBP_ENDONUCLEOLYTIC_CLEAVAGE_IN_ITS1_TO_SEPARATE_SSU_RRNA_FROM_5_8S_RRNA_AND_LSU_RRNA_FROM_TRICISTRONIC_RRNA_TRANSCRIPT_SSU_RRNA_5_8S_RRNA_LSU_RRNA","GOBP_ENDONUCLEOLYTIC_CLEAVAGE_IN_ITS1_TO_SEPARATE_SSU_RRNA_FROM_5_8S_RRNA_AND_LSU_RRNA_FROM_TRICISTRONIC_RRNA_TRANSCRIPT_SSU_RRNA_5_8S_RRNA_LSU_RRNA","10","-0.6728397077401389","-1.613685851040149","0.026633896719396150942760","0.228115556453979073659","0.1326880891173437271302","4498","tags=90%, list=32%, signal=61%","KRI1/NOP9/RRS1/ABT1/RCL1/RPP40/NOP14/FCF1/RPS21","0.3524878575836192"
"GOBP_CELL_MATRIX_ADHESION","GOBP_CELL_MATRIX_ADHESION","192","0.3740181811701785","1.613303840545014","0.000471629143844649780914","0.024293918239316959762","0.0141310554986120596316","2365","tags=30%, list=17%, signal=25%","THBS1/TIAM1/EFNA5/ITGB2/CDH11/ITGB6/UTRN/CCN2/ITGB4/PTPRJ/DAG1/ITGA6/SORBS1/NF2/ITGAV/DUSP3/VWA2/VCL/NF1/ITGA3/PLPP3/ACTG1/CCL28/ITGB5/COL13A1/ACER2/SLC9A1/ADAMTS9/JUP/FN1/ANXA2/ITGA10/PTPRA/FRAS1/PEAK1/EDA/DDR1/MMP14/PLAU/WDPCP/MINK1/LDB1/PTPRK/ANKRD28/CD44/NPNT/CX3CL1/ACTN1/SMAD3/VTN/ITGB8/TLN1/ECM2/FERMT2/CDH13/MACF1/RHOA/CTNNB1","0.4984931087665903"
"GOBP_AZOLE_TRANSMEMBRANE_TRANSPORT","GOBP_AZOLE_TRANSMEMBRANE_TRANSPORT","9","-0.6773531608259318","-1.613268311685520","0.017651286082684448236479","0.187703207640610741924","0.1091814180943563306059","2620","tags=44%, list=19%, signal=36%","SLC19A2/SLC25A19/SLC7A1/SLC38A5","0.3524878575836192"
"GOBP_TRANSCRIPTION_ELONGATION_BY_RNA_POLYMERASE_I","GOBP_TRANSCRIPTION_ELONGATION_BY_RNA_POLYMERASE_I","16","-0.5763124438539070","-1.613215056809316","0.023510538629333933152710","0.215981065435164404365","0.1256298136944533350157","2113","tags=50%, list=15%, signal=42%","POLR1H/POLR1B/POLR1C/POLR2F/POLR2H/POLR1F/POLR1G/POLR1D","0.3524878575836192"
"GOBP_SIGNAL_TRANSDUCTION_IN_ABSENCE_OF_LIGAND","GOBP_SIGNAL_TRANSDUCTION_IN_ABSENCE_OF_LIGAND","55","0.4483127273261315","1.612743932193297","0.010021636823042663969052","0.136559851384408209585","0.0794328366377816258437","2180","tags=33%, list=16%, signal=28%","SRPX/TGFB2/COL2A1/IL7/ITGAV/NF1/CTNNA1/IFI6/SNAI2/SGK3/CSF2/HSPA1A/UNC5B/RIPK1/IL1B/HSPA1B/CX3CL1/EYA3","0.3807304007227924"
"GOBP_GLYCOLIPID_CATABOLIC_PROCESS","GOBP_GLYCOLIPID_CATABOLIC_PROCESS","20","0.5668730510755755","1.612718087580028","0.018009061447239696485134","0.189564946798988276377","0.1102643368360681913609","2828","tags=55%, list=20%, signal=44%","GBA1/FUCA1/GM2A/SUMF1/GLB1/NEU1/HEXB/NEU3/SMPD1/SCARB2/LCT","0.3524878575836192"
"GOBP_REGULATION_OF_ACTIN_FILAMENT_BASED_PROCESS","GOBP_REGULATION_OF_ACTIN_FILAMENT_BASED_PROCESS","329","0.3452382919167162","1.612441099782535","0.000074174874776479306541","0.007280163722994178500","0.0042346564516760045946","2326","tags=24%, list=17%, signal=20%","NEDD9/TPM1/CAMK2D/EFNA5/GJA5/FSCN1/SSH2/BCAS3/RAC2/AMOT/CCN2/ARHGAP18/KANK4/TGFB2/SCN5A/CAV1/KANK1/CDC42EP4/DLG1/FZD10/SYNPO/FGF13/NF2/CIT/CDC42EP3/BST2/DSC2/DAAM2/GSN/SPTAN1/MYH7B/PROX1/ACTG1/STAU2/VILL/PTGER4/FER/SLC9A1/JUP/LATS1/IQGAP1/RHOBTB2/RHPN2/SPTBN1/TACSTD2/AKAP13/RAPGEF3/RICTOR/ABL2/SPTB/IQGAP2/CARMIL1/NCKAP1/RAC3/ANK2/ATP2A2/GMFG/EDN1/F11R/ALMS1/NGEF/EZR/ARFGEF1/WASHC2C/MYH9/KIRREL1/KANK2/CX3CL1/CD2AP/SMAD3/FHOD3/TGFB3/PDE4D/DSP/FERMT2/BBS4/CCL24/SVIL/RHOA","0.5384340963099162"
"GOBP_REGULATION_OF_CANONICAL_WNT_SIGNALING_PATHWAY","GOBP_REGULATION_OF_CANONICAL_WNT_SIGNALING_PATHWAY","225","0.3616570739391534","1.611861771925195","0.000233916621747925498149","0.015058787071346394631","0.0087592521614150535558","2877","tags=36%, list=21%, signal=29%","WNT11/DKK4/APP/TLE1/NOTUM/WLS/FOLR1/DAB2/MLLT3/BAMBI/KREMEN1/CAV1/KANK1/CTHRC1/SMURF2/FZD7/SFRP5/TLE2/PTK7/NKD1/TLE6/FGFR2/DAAM2/GLI3/DAB2IP/JADE1/ZNRF3/SNAI2/AXIN2/TBL1X/COL1A1/WNT5A/JUP/LATS1/TMEM131L/EGF/CDK14/DKK3/CDH3/TLE4/EDA/SPIN4/USP34/TPBG/APC/SOX9/APOE/PPP2R3A/FGF9/STK3/FZD6/BICC1/LIMD1/DACT1/TLE3/PRICKLE1/GNAQ/SMAD3/UBR5/ASPM/ANKRD6/CSNK1G1/CTNNB1/PTPRU/DRAXIN/LZTS2/NKD2/NHERF1/RBPJ/RNF146/ZNF703/TNKS/FOXO1/RBX1/CHD8/TLE5/WDR20/CTNNBIP1/G3BP1/MAPK14","0.5188480777437918"
"GOBP_CALCIUM_ION_TRANSMEMBRANE_IMPORT_INTO_CYTOSOL","GOBP_CALCIUM_ION_TRANSMEMBRANE_IMPORT_INTO_CYTOSOL","121","0.3940621801314114","1.610724845378217","0.001914057623804069204962","0.053267145515088792918","0.0309839270105128801458","2236","tags=27%, list=16%, signal=23%","CEMIP/CAMK2D/ATP2B4/PRNP/JPH2/CAV1/TRPV4/PLCB4/GRIN2B/CALM2/UBASH3B/DMD/AKAP6/PLCE1/AKAP5/CACNA1D/KCNN4/P2RX7/PML/ERO1A/FKBP1A/SLC24A1/ANK2/PLCB1/ASPH/GRIN2D/CACNB3/SELENON/FKBP1C/CACNA1S/CX3CL1/PLCB3/PDE4D","0.4550598673872295"
"GOBP_NEGATIVE_REGULATION_OF_CARBOHYDRATE_METABOLIC_PROCESS","GOBP_NEGATIVE_REGULATION_OF_CARBOHYDRATE_METABOLIC_PROCESS","40","0.4915433403637596","1.609660897103644","0.007353323035861660146584","0.114974548866056708318","0.0668773029920187722652","1352","tags=22%, list=10%, signal=20%","LEPR/CLTC/MTCL2/STAT3/PPARA/PPP1R3B/AP2A1/ENPP1/EP300","0.4070179189239539"
"GOBP_GLAND_DEVELOPMENT","GOBP_GLAND_DEVELOPMENT","351","0.3460078306052746","1.609463393398212","0.000059397728582142405955","0.006162938609887146611","0.0035847995647697089225","2198","tags=26%, list=16%, signal=22%","ALDH1A3/EXT1/ROBO1/TNC/WNT11/STRA6/MAN2A1/CPS1/VDR/WLS/CCND1/TGFB2/CDH1/CAV1/DAG1/IQGAP3/NR3C1/TGFBR3/AR/FASN/JARID2/FGFR2/NOTCH2/GLI3/NF1/FRS2/PCNA/UCP2/IGF2R/TFCP2L1/PPARA/TGFA/BMP4/PROX1/TFAP2C/SNAI2/MSX1/WNT5A/LATS1/IGSF3/HIF1A/EGF/CEACAM1/PERP/TG/PLXNA1/TBX3/JAK2/DKK3/CITED2/XDH/ASH1L/EDA/PML/DDR1/APLN/NTN4/WNT10A/LIPA/SLC22A4/SOX9/RTN4/ZBTB1/TGFBR2/NFIB/TBX19/MAFB/MSX2/EDN1/HMGA2/HOXB3/IL10/EZR/ARHGAP5/NODAL/UPRT/MSN/FOXC1/PCSK9/SOD1/AHDC1/CFLAR/BCL11B/HIPK2/CD2AP/NAGLU/SMAD3/VTN/TNFAIP3/HSPA12A/TGFB3","0.5573322387586460"
"GOBP_POSITIVE_REGULATION_OF_HETEROTYPIC_CELL_CELL_ADHESION","GOBP_POSITIVE_REGULATION_OF_HETEROTYPIC_CELL_CELL_ADHESION","8","0.7251123470286149","1.609396003637533","0.022037419213724429578605","0.210191596767147576008","0.1222622505764208028500","3704","tags=75%, list=27%, signal=55%","CD44/IL10/IL1B/BMP7/GCNT2/SKAP1","0.3524878575836192"
"GOBP_NEGATIVE_REGULATION_OF_MACROPHAGE_ACTIVATION","GOBP_NEGATIVE_REGULATION_OF_MACROPHAGE_ACTIVATION","10","0.7012287923961400","1.609251419853164","0.020121186941167757550319","0.201572663108553679079","0.1172488711508107017689","2903","tags=70%, list=21%, signal=55%","LDLR/GRN/NR1H3/CST7/CX3CL1/SYT11/NR1D1","0.3524878575836192"
"GOBP_NEURON_PROJECTION_GUIDANCE","GOBP_NEURON_PROJECTION_GUIDANCE","179","0.3716083910824226","1.608748474097097","0.000503172824396976329717","0.025203753266174060838","0.0146602796909570988471","2714","tags=34%, list=20%, signal=27%","NCAM1/EXT1/ROBO1/ALCAM/EFNA5/ETV1/APP/LAMB2/PTPRJ/KLF7/TGFB2/KALRN/DAG1/SEMA3A/EPHB2/OPHN1/TUBB2B/BMPR2/PTK7/SEMA4B/NPTN/NOTCH2/GLI3/SCN1B/FLRT3/WNT5A/PLXNA1/NGFR/KIF5B/NTN4/KIF5C/RAC3/NOTCH3/SEMA4A/NFIB/SEMA6B/PGRMC1/EDN1/UNC5B/SEMA4C/SEMA4D/NRP2/ARTN/RPL24/CNTN2/MATN2/BCL11B/PLXNA4/EDN3/SOS1/DRAXIN/EFNA4/SEMA4G/SLIT3/EFNB1/PALLD/LAMA2/PCDHAC2/TRIO/MEGF8","0.4772708153628621"
"GOBP_NEGATIVE_REGULATION_OF_EXTRACELLULAR_MATRIX_ASSEMBLY","GOBP_NEGATIVE_REGULATION_OF_EXTRACELLULAR_MATRIX_ASSEMBLY","3","0.9477002746695172","1.608530935596501","0.002541517995565154702797","0.062896821171988540056","0.0365852252367108166098","321","tags=67%, list=2%, signal=65%","ANTXR1/TGFBR3","0.4317076958033464"
"GOBP_NEGATIVE_REGULATION_OF_NEURON_PROJECTION_REGENERATION","GOBP_NEGATIVE_REGULATION_OF_NEURON_PROJECTION_REGENERATION","10","0.7009027684327052","1.608503226778731","0.020121186941167757550319","0.201572663108553679079","0.1172488711508107017689","1796","tags=50%, list=13%, signal=44%","KREMEN1/INPP5F/KIAA0319/LRIG2/PTPRS","0.3524878575836192"
"GOBP_RESPONSE_TO_KETONE","GOBP_RESPONSE_TO_KETONE","158","0.3771071800346372","1.607425892443888","0.001489007678180449822936","0.046414861659333082888","0.0269981556539097694580","1674","tags=23%, list=12%, signal=20%","THBS1/EFNA5/SGK1/CPS1/PTGER2/FBXO32/CCND1/TGFB2/CAV1/IGFBP7/NR3C1/WBP2/GBA1/TGFBR3/AR/AKR1C3/PCNA/UCP2/ANKRD13C/NR1H3/PTGER4/AXIN2/CASP9/JAK2/HPCA/LIPA/AHR/TNFSF4/MMP14/FOXP1/GLB1/COMT/NCOA2/EDN1/UCP3/ABHD2","0.4550598673872295"
"GOBP_SYNAPTIC_VESICLE_PRIMING","GOBP_SYNAPTIC_VESICLE_PRIMING","23","0.5425451455236523","1.607332084399675","0.024192940369858063898167","0.219659404690923126813","0.1277693951178290043824","1816","tags=35%, list=13%, signal=30%","CADPS2/SNAP25/SYNJ1/SV2A/UNC13B/RIMS2/STXBP5/EFR3A","0.3524878575836192"
"GOBP_RESPONSE_TO_METAL_ION","GOBP_RESPONSE_TO_METAL_ION","256","0.3543158999281235","1.606932762277886","0.000206629733476856891107","0.014025717329368333000","0.0081583459710664330000","1525","tags=18%, list=11%, signal=16%","THBS1/TUBA1A/CAMK2D/LOXL2/KCNMA1/CPS1/APP/MT1E/CAT/CCND1/NDRG1/KCNJ10/KCNMB4/PRNP/CPNE8/DLG4/CDH1/CYBRD1/SCN5A/CAV1/CALM2/MT1X/AKR1C3/SLC25A24/ATP7A/PCNA/UCP2/MTF1/NLGN1/WNT5A/SLC25A12/IQGAP1/HIF1A/NCSTN/CASP9/CARF/TESMIN/MICU1/P2RX7/HPCA/ABAT/CPOX/STIM1/ALAD/NEK7/ASPH","0.5188480777437918"
"GOBP_AXON_MIDLINE_CHOICE_POINT_RECOGNITION","GOBP_AXON_MIDLINE_CHOICE_POINT_RECOGNITION","4","0.9008732246295894","1.606927852985218","0.004537715598603649612419","0.091802773386733649286","0.0533989648304222311315","106","tags=50%, list=1%, signal=50%","ROBO1/APP","0.4070179189239539"
"GOBP_REGULATION_OF_CATECHOLAMINE_UPTAKE_INVOLVED_IN_SYNAPTIC_TRANSMISSION","GOBP_REGULATION_OF_CATECHOLAMINE_UPTAKE_INVOLVED_IN_SYNAPTIC_TRANSMISSION","3","0.9466046312932822","1.606671300950230","0.002584961698722353616586","0.063214063359664826591","0.0367697556577155082458","18","tags=33%, list=0%, signal=33%","RAB3B","0.4317076958033464"
"GOBP_NEGATIVE_REGULATION_OF_CELL_SUBSTRATE_ADHESION","GOBP_NEGATIVE_REGULATION_OF_CELL_SUBSTRATE_ADHESION","51","0.4581968257904988","1.606299597518724","0.006296786455979115973425","0.106551909601702229913","0.0619781022242825718749","1344","tags=24%, list=10%, signal=21%","THBS1/EFNA5/KANK1/FZD7/GBP1/NF2/NF1/COL1A1/ACER2/SPOCK1/TACSTD2/MMP14","0.4070179189239539"
"GOBP_NEUROPEPTIDE_CATABOLIC_PROCESS","GOBP_NEUROPEPTIDE_CATABOLIC_PROCESS","4","0.9003890266231520","1.606064167350401","0.004616630419748028041349","0.091864621201725837896","0.0534349398797128796734","1111","tags=75%, list=8%, signal=69%","LNPEP/CTSH/ACE","0.4070179189239539"
"GOBP_NEGATIVE_REGULATION_OF_BLOOD_VESSEL_ENDOTHELIAL_CELL_PROLIFERATION_INVOLVED_IN_SPROUTING_ANGIOGENESIS","GOBP_NEGATIVE_REGULATION_OF_BLOOD_VESSEL_ENDOTHELIAL_CELL_PROLIFERATION_INVOLVED_IN_SPROUTING_ANGIOGENESIS","5","0.8209522635291711","1.605673812703227","0.014683871932066891799473","0.168470444952305092867","0.0979942874609684572151","1018","tags=40%, list=7%, signal=37%","THBS1/NGFR","0.3807304007227924"
"GOBP_OUTFLOW_TRACT_SEPTUM_MORPHOGENESIS","GOBP_OUTFLOW_TRACT_SEPTUM_MORPHOGENESIS","22","0.5609935694086490","1.604823235161845","0.010552605320013317552474","0.140714592785448039391","0.0818495271338193497446","1958","tags=50%, list=14%, signal=43%","ROBO1/TGFB2/ACVR1/BMPR2/FGFR2/BMP4/SMAD6/TGFBR2/LRP2/MSX2/NRP2","0.3807304007227924"
"GOBP_REGULATION_OF_ODONTOGENESIS","GOBP_REGULATION_OF_ODONTOGENESIS","14","0.6110228292940231","1.604446839846233","0.032109194708247794369793","0.250400971695626695102","0.1456508576788876907493","1613","tags=50%, list=12%, signal=44%","TNFRSF11B/BMP4/MSX1/NGFR/WNT10A/APCDD1/EDN1","0.3217759180753611"
"GOBP_RESPONSE_TO_HYDROPEROXIDE","GOBP_RESPONSE_TO_HYDROPEROXIDE","12","0.6303581453103340","1.603490747642278","0.033166822286102591588186","0.252682143082909649312","0.1469777477736840531897","3567","tags=58%, list=26%, signal=43%","JAK2/TP53INP1/OXR1/GPX3/SP1/XRCC1/SIN3A","0.3217759180753611"
"GOBP_CO_TRANSCRIPTIONAL_MRNA_3_END_PROCESSING_CLEAVAGE_AND_POLYADENYLATION_PATHWAY","GOBP_CO_TRANSCRIPTIONAL_MRNA_3_END_PROCESSING_CLEAVAGE_AND_POLYADENYLATION_PATHWAY","9","-0.6732228350166907","-1.603431015382273","0.018336751788219775999300","0.191075793741521143820","0.1111431519281634583418","1645","tags=44%, list=12%, signal=39%","SSU72/CPSF6/CPSF3/PAPOLA","0.3524878575836192"
"GOBP_NEGATIVE_REGULATION_OF_MICROGLIAL_CELL_ACTIVATION","GOBP_NEGATIVE_REGULATION_OF_MICROGLIAL_CELL_ACTIVATION","6","0.7905884053780541","1.602780661861618","0.018298802609063490043351","0.191075793741521143820","0.1111431519281634583418","2903","tags=100%, list=21%, signal=79%","LDLR/GRN/CST7/CX3CL1/SYT11/NR1D1","0.3524878575836192"
"GOBP_NEURON_PROJECTION_MAINTENANCE","GOBP_NEURON_PROJECTION_MAINTENANCE","10","0.6983813104417839","1.602716727570499","0.020453761033845614669691","0.203500912861398236542","0.1183704771430681562672","332","tags=40%, list=2%, signal=39%","APP/PRNP/EPHB2/KIFBP","0.3524878575836192"
"GOBP_LIPOPROTEIN_METABOLIC_PROCESS","GOBP_LIPOPROTEIN_METABOLIC_PROCESS","70","0.4327759230672136","1.602328512058135","0.005877717050205761607773","0.104121607160108403667","0.0605644669949931754860","2174","tags=31%, list=16%, signal=27%","APP/NOTUM/LDLR/APOL3/ITGAV/GLUL/APOL1/UGCG/ZDHHC9/PPARA/SVIP/ATG7/ZDHHC14/APOL2/LIPA/APOE/ZDHHC12/PCSK9/ATG16L1/PPT1/SCP2/ZDHHC11","0.4070179189239539"
"GOBP_PROTEIN_LOCALIZATION_TO_CELL_JUNCTION","GOBP_PROTEIN_LOCALIZATION_TO_CELL_JUNCTION","97","0.3989689615481040","1.602148434527064","0.005212921474308908689754","0.097524341102640299539","0.0567270319678877046887","2348","tags=30%, list=17%, signal=25%","NECTIN3/HSPG2/GPC4/DLG4/HEG1/DAG1/DLG1/WNT7A/VCL/ACTG1/STAU2/NLGN1/WNT5A/ADAM10/TJP3/NLGN2/RAB11A/KIF5B/DLG3/KIF5C/ZDHHC12/F11R/RAB27B/TRAF6/DSP/CTNND1/FERMT2/MAP1A/DLG5","0.4070179189239539"
"GOBP_CELLULAR_RESPONSE_TO_VIRUS","GOBP_CELLULAR_RESPONSE_TO_VIRUS","42","0.4679471494809441","1.600956686212929","0.011202194948808733357404","0.143242151255630001394","0.0833197333256029404325","3340","tags=52%, list=24%, signal=40%","EXT1/IFIH1/LGALS9/OAS1/TOMM70/IFI6/HIF1A/TRIM6/IFNAR1/TLR3/SMAD3/IFNGR1/IL10RB/VWCE/GBF1/MAPK14/IFNGR2/ADAR/CALR/ATF2/HSP90AA1/POU2F2","0.3807304007227924"
"GOBP_LONG_TERM_SYNAPTIC_POTENTIATION","GOBP_LONG_TERM_SYNAPTIC_POTENTIATION","70","0.4323907413392923","1.600902398376492","0.006099514822465086812120","0.105141068842635923564","0.0611574577786367229448","1933","tags=29%, list=14%, signal=25%","CAMK2D/APP/PRNP/EPHB2/GRIN2B/CALM2/SNAP25/NPTN/NF1/NTRK2/AKAP5/NCSTN/APOE/SLC24A1/HMGCR/SQSTM1/GRIN2D/CAMK2G/SYT12/CHRNA7","0.4070179189239539"
"GOBP_ATRIAL_CARDIAC_MUSCLE_CELL_TO_AV_NODE_CELL_COMMUNICATION","GOBP_ATRIAL_CARDIAC_MUSCLE_CELL_TO_AV_NODE_CELL_COMMUNICATION","14","0.6095300765737167","1.600527113332030","0.032767839140510228446157","0.251285880950303575077","0.1461655832849381997374","1726","tags=36%, list=12%, signal=31%","GJA5/SCN3B/SCN5A/ANK2/KCNJ5","0.3217759180753611"
"GOBP_REGULATION_OF_MEMBRANE_POTENTIAL","GOBP_REGULATION_OF_MEMBRANE_POTENTIAL","298","0.3516882234581649","1.600439112081406","0.000056387568071870821252","0.006105515755959294022","0.0035513983847809682537","2269","tags=25%, list=16%, signal=22%","CAMK2D/KCNMA1/GJA5/ATXN1/APP/SCN3B/KCNA6/KCNJ10/KCNMB4/DLG4/SLC4A11/SCN5A/CAV1/SLC4A8/GBA1/GRIN2B/ATP1A1/KCNS3/DLG1/FGF13/WNT7A/DSC2/DMD/OPRD1/AKAP6/RTL10/PANK2/ARL6IP5/NTRK2/UCP2/IFI6/SCN1B/NLGN1/CACNA1D/SLC9A1/JUP/KCNN4/GLRX/INSYN2A/UNC13B/NLGN2/KCNA2/P2RX7/KIF5B/ABAT/NEDD4L/LIPA/RIMS2/HSH2D/ATP1B1/ANK2/ATP2A2/NLGN3/KCND3/EDN1/GRIN2D/CACNB3/RNF122/KCNJ5/SLC6A4/NPR2/BBS10/MLLT11/LTF/SOD1/CHRNA7/KCNS2/B2M/TREM2/SLMAP/SMAD3/P2RX6/CHRND/DSP/GLRA1","0.5573322387586460"
"GOBP_PHAGOSOME_ACIDIFICATION","GOBP_PHAGOSOME_ACIDIFICATION","5","-0.8119689940883291","-1.599577591018507","0.010694836541028948304066","0.141247118092131973555","0.0821592813936730670399","1863","tags=60%, list=13%, signal=52%","RAB7A/RAB20/RAB39A","0.3807304007227924"
"GOBP_POSITIVE_REGULATION_OF_NITRIC_OXIDE_BIOSYNTHETIC_PROCESS","GOBP_POSITIVE_REGULATION_OF_NITRIC_OXIDE_BIOSYNTHETIC_PROCESS","26","0.5262989563481740","1.599141252251677","0.021970644271133942665442","0.210191596767147576008","0.1222622505764208028500","3381","tags=50%, list=24%, signal=38%","ITGB2/APP/CLU/KLF2/JAK2/APOE/EDN1/IL1B/SMAD3/PIK3CB/NFATC3/HSP90AA1/DDAH2","0.3524878575836192"
"GOBP_PROTEIN_LOCALIZATION_TO_MEMBRANE_RAFT","GOBP_PROTEIN_LOCALIZATION_TO_MEMBRANE_RAFT","8","0.7202446494639309","1.598592087472512","0.024194895188315919398736","0.219659404690923126813","0.1277693951178290043824","1375","tags=50%, list=10%, signal=45%","CD24/CAV1/FLOT2/ATP1B1","0.3524878575836192"
"GOBP_AORTA_DEVELOPMENT","GOBP_AORTA_DEVELOPMENT","55","0.4443787348385554","1.598591930416606","0.010836386769240383132207","0.141301036095139859183","0.0821906439052849518978","2143","tags=33%, list=15%, signal=28%","ROBO1/TGFB2/PRDM1/GAA/PROX1/ADAMTS9/AP2B1/SEC24B/NGFR/SMAD6/TGFBR2/LRP2/LOXL1/SUFU/FKBP10/PRICKLE1/NAGLU/NPRL3","0.3807304007227924"
"GOBP_REGULATION_OF_ADENYLATE_CYCLASE_ACTIVATING_G_PROTEIN_COUPLED_RECEPTOR_SIGNALING_PATHWAY","GOBP_REGULATION_OF_ADENYLATE_CYCLASE_ACTIVATING_G_PROTEIN_COUPLED_RECEPTOR_SIGNALING_PATHWAY","16","-0.5709173817556761","-1.598113187151450","0.027045895709049014299374","0.229747766707395328911","0.1336374976668094349819","804","tags=19%, list=6%, signal=18%","PDE10A/PDE2A/PDE3B","0.3524878575836192"
"GOBP_NEUROTRANSMITTER_TRANSPORT","GOBP_NEUROTRANSMITTER_TRANSPORT","154","0.3772477241520870","1.597392399673254","0.001128687085766404358048","0.040582447049115816240","0.0236056121483293676611","1947","tags=25%, list=14%, signal=21%","RAB3B/CADPS2/APP/SLC1A3/KCNJ10/DYSF/KCNMB4/CLN8/SNPH/SLC4A8/CPLX2/SNAP25/BAIAP3/WNT7A/SYT13/SLC6A6/FBXL20/NF1/SYNJ1/SV2A/MCTP1/NLGN1/AP2B1/UNC13B/P2RX7/PIP5K1C/SLC22A4/RIMS2/ATP2A2/PRKCB/STXBP5/GPR158/SLC6A4/EFR3A/PPT1/SYT12/MYOF/DOC2A","0.4550598673872295"
"GOBP_LYMPH_VESSEL_MORPHOGENESIS","GOBP_LYMPH_VESSEL_MORPHOGENESIS","15","0.6124580580219521","1.597358241648648","0.024561449246892970432743","0.220234328247140315193","0.1281038111885645924826","1718","tags=33%, list=12%, signal=29%","PTPN14/BMPR2/PROX1/CCBE1/FOXC1","0.3524878575836192"
"GOBP_ANIMAL_ORGAN_FORMATION","GOBP_ANIMAL_ORGAN_FORMATION","48","0.4665571035223529","1.597149930879366","0.008027622151642845732544","0.120963941260128604593","0.0703611558431665312652","1545","tags=29%, list=11%, signal=26%","EXT1/ROBO1/WNT11/FOLR1/AR/GLI3/FRS2/BMP4/AXIN2/WNT5A/CITED2/NKX3-2/TGFBR2/LRP2","0.3807304007227924"
"GOBP_DNA_CYTOSINE_DEAMINATION","GOBP_DNA_CYTOSINE_DEAMINATION","7","0.7619448372997442","1.596949154845777","0.019527552987029964809418","0.196984190756664789834","0.1145798921569877310001","1400","tags=43%, list=10%, signal=39%","APOBEC3G/APOBEC3F/APOBEC3H","0.3524878575836192"
"GOBP_ZYMOGEN_ACTIVATION","GOBP_ZYMOGEN_ACTIVATION","37","0.4864692788518459","1.596791205933161","0.013535097420263302731014","0.161355974188128747926","0.0938560097150129418742","1357","tags=27%, list=10%, signal=24%","THBS1/FURIN/RUNX1/KLK3/PLGRKT/CTSH/ANXA2/KLK1/MMP14/PLAU","0.3807304007227924"
"GOBP_REGULATION_OF_BLOOD_PRESSURE","GOBP_REGULATION_OF_BLOOD_PRESSURE","119","0.3939790224820801","1.596585885733305","0.002509722648980639014837","0.062896821171988540056","0.0365852252367108166098","2401","tags=29%, list=17%, signal=24%","EXT1/TPM1/SGK1/GJA5/ADM/AR/ATP1A1/KLK3/BMPR2/LNPEP/PPARA/EDN2/SCPEP1/ERAP1/ACSM3/PDGFB/ACE/ABAT/APLN/GNA13/KLK1/DLL1/COMT/EDN1/NPR2/SOD1/RNLS/SMAD3/PLCB3/EDN3/BBS4/RHOA/PCSK5/SCNN1A","0.4317076958033464"
"GOBP_PHARYNGEAL_SYSTEM_DEVELOPMENT","GOBP_PHARYNGEAL_SYSTEM_DEVELOPMENT","24","0.5316152639001797","1.595819267217527","0.022448270368038685668166","0.212017929366794505297","0.1233245743675154687535","3270","tags=50%, list=24%, signal=38%","FOLR1/TGFB2/ACVR1/BMPR2/BMP4/EDN1/PLXNA2/SIX4/MEGF8/PTCH1/NOG/BMP7","0.3524878575836192"
"GOBP_CELL_MIGRATION_INVOLVED_IN_HEART_DEVELOPMENT","GOBP_CELL_MIGRATION_INVOLVED_IN_HEART_DEVELOPMENT","15","0.6116661746526260","1.595292922383353","0.024561449246892970432743","0.220234328247140315193","0.1281038111885645924826","1613","tags=40%, list=12%, signal=35%","FOLR1/BMP4/SNAI2/FLRT3/NDRG4/EDN1","0.3524878575836192"
"GOBP_REGULATION_OF_SMOOTH_MUSCLE_CELL_CHEMOTAXIS","GOBP_REGULATION_OF_SMOOTH_MUSCLE_CELL_CHEMOTAXIS","4","-0.8781614247044293","-1.595291354000085","0.008559795559543155116233","0.126042606337633755764","0.0733152654833702926984","217","tags=50%, list=2%, signal=49%","GSTP1/MDK","0.3807304007227924"
"GOBP_SEMAPHORIN_PLEXIN_SIGNALING_PATHWAY","GOBP_SEMAPHORIN_PLEXIN_SIGNALING_PATHWAY","39","0.4811429717439459","1.594651260865130","0.018849257409159398540810","0.193091899242206904708","0.1123158610169402854551","2440","tags=46%, list=18%, signal=38%","NCAM1/SEMA3A/SEMA4B/PLXNB3/PLXNA1/PLXNC1/SEMA4A/ARHGDIA/SEMA6B/EDN1/PLXNA2/SEMA4C/SEMA4D/NRP2/PLXNA4/TREM2/RHOA/SEMA4G","0.3524878575836192"
"GOBP_NEURON_PROJECTION_ORGANIZATION","GOBP_NEURON_PROJECTION_ORGANIZATION","77","0.4175635299555761","1.594513761209277","0.005367375622735976251065","0.099624648196016366009","0.0579487186389407438192","2287","tags=31%, list=17%, signal=26%","NEDD9/APP/PRNP/IGF1R/DLG4/EPHB2/GRIN2B/KIFBP/WNT7A/TANC1/ITGA3/LZTS3/TANC2/STAU2/NLGN1/DIP2A/APOE/ARHGAP33/NGEF/CHRNA7/TREM2/SMAD3/DCTN1/MAP1A","0.4070179189239539"
"GOBP_PROTEIN_LOCALIZATION_TO_CELL_SURFACE","GOBP_PROTEIN_LOCALIZATION_TO_CELL_SURFACE","51","0.4548124148443367","1.594434875559380","0.007009621285137483670535","0.113135287542118989634","0.0658074589434391038489","2936","tags=45%, list=21%, signal=36%","RAB11FIP5/EPHB2/VCL/EGF/NLGN2/RAB11A/ABCA12/NEDD4L/ANK2/ABCA7/LRIG2/PTPRK/LEPROT/HFE/RAB11B/MAP1A/SNX33/CTNNB1/PTPRU/ABCC1/GBF1/MESD/AP3B1","0.4070179189239539"
"GOBP_NERVE_DEVELOPMENT","GOBP_NERVE_DEVELOPMENT","62","0.4408036987201028","1.594246484835247","0.008953123028017595519401","0.128257460655802346672","0.0746035808956091034405","3024","tags=48%, list=22%, signal=38%","EXT1/LRIG1/SLC1A3/DAG1/SEMA3A/EPHB2/HOXB2/GLI3/ATP8B1/PLXNA1/NGFR/CITED2/KCNA2/LRIG2/MAFB/EDN1/HOXB3/ADARB1/NPR2/NRP2/RPL24/PLXNA4/NAGLU/CTNNB1/NTF3/SIX4/SERPINE2/SLC38A8/NRTN/TFAP2A","0.3807304007227924"
"GOBP_SECONDARY_HEART_FIELD_SPECIFICATION","GOBP_SECONDARY_HEART_FIELD_SPECIFICATION","9","0.6910605232416981","1.594091173014256","0.024864115843911870074034","0.220916901491752443176","0.1285008439070608743382","1545","tags=56%, list=11%, signal=49%","WNT11/BMP4/AXIN2/WNT5A/LRP2","0.3524878575836192"
"GOBP_PLUS_END_DIRECTED_ORGANELLE_TRANSPORT_ALONG_MICROTUBULE","GOBP_PLUS_END_DIRECTED_ORGANELLE_TRANSPORT_ALONG_MICROTUBULE","7","0.7605500920925921","1.594025928555957","0.020162581590449406981902","0.201709132357347192821","0.1173282512865943677527","2278","tags=57%, list=16%, signal=48%","KIF5B/KIF13A/KIFAP3/FYCO1","0.3524878575836192"
"GOBP_VENTRICULAR_TRABECULA_MYOCARDIUM_MORPHOGENESIS","GOBP_VENTRICULAR_TRABECULA_MYOCARDIUM_MORPHOGENESIS","12","0.6266131053592892","1.593964199987223","0.035026591392233331900830","0.260921162340298107285","0.1517701422006919875773","3175","tags=50%, list=23%, signal=39%","HEG1/TGFB2/UBE4B/RBPJ/MED1/DLL4","0.3217759180753611"
"GOBP_NEGATIVE_REGULATION_OF_LOW_DENSITY_LIPOPROTEIN_PARTICLE_CLEARANCE","GOBP_NEGATIVE_REGULATION_OF_LOW_DENSITY_LIPOPROTEIN_PARTICLE_CLEARANCE","8","0.7179137816178656","1.593418696877472","0.025735951099730834668033","0.225273882489681914754","0.1310351712099533660894","1756","tags=50%, list=13%, signal=44%","LDLR/ITGAV/MYLIP/PCSK9","0.3524878575836192"
"GOBP_REGULATION_OF_EPITHELIAL_TO_MESENCHYMAL_TRANSITION","GOBP_REGULATION_OF_EPITHELIAL_TO_MESENCHYMAL_TRANSITION","87","0.4108928212057715","1.592944591885818","0.003481878024166193668493","0.077100244175363000232","0.0448469373555127268083","2559","tags=34%, list=18%, signal=28%","TIAM1/LOXL2/IL17RD/DAB2/BAMBI/TGFB2/ACVR1/FOXA2/DAB2IP/MARK1/BMP4/AXIN2/TGFB1I1/COL1A1/TRIM62/SPRED1/TGFBR2/FOXC1/ADAM8/IL1B/LDLRAD4/SMAD3/OVOL2/TGFB3/FERMT2/BCL9L/CTNNB1/KDM1A/ZNF703/HPN","0.4317076958033464"
"GOBP_NITRIC_OXIDE_CGMP_MEDIATED_SIGNALING","GOBP_NITRIC_OXIDE_CGMP_MEDIATED_SIGNALING","4","0.8928903444375389","1.592688432635119","0.006352762627986752522191","0.107053631014078373673","0.0622699387676218518717","1399","tags=75%, list=10%, signal=67%","THBS1/ATP2B4/APOE","0.4070179189239539"
"GOBP_BONE_MORPHOGENESIS","GOBP_BONE_MORPHOGENESIS","76","0.4218661078963413","1.592065343327668","0.004744441206547029762919","0.093823538284826993316","0.0545743841532052575971","3374","tags=50%, list=24%, signal=38%","EXT1/COL2A1/TRPV4/HAS2/BMPR2/INSIG2/FGFR2/GLI3/BMP4/OSR2/CSGALNACT1/AXIN2/COL1A1/COL13A1/MSX1/CITED2/SOX9/MMP14/TGFBR2/MSX2/FOXC1/NPR2/GLG1/FOSL2/LTF/FOXN3/POC1A/SKI/DHRS3/MEGF8/THBS3/CTDSPL2/TFAP2A/SCX/ATF2/SERPINH1/TSKU/EXT2","0.4070179189239539"
"GOBP_POLARIZED_EPITHELIAL_CELL_DIFFERENTIATION","GOBP_POLARIZED_EPITHELIAL_CELL_DIFFERENTIATION","20","0.5592129037346187","1.590925451385999","0.021035728349196744502159","0.205906327493552476771","0.1197696358678693034916","2519","tags=55%, list=18%, signal=45%","OPHN1/PTK7/WNT5A/MYO9A/EZR/MSN/SYNE4/RHOA/DLG5/FOXF1/NHERF1","0.3524878575836192"
"GOBP_RESPONSE_TO_INCREASED_OXYGEN_LEVELS","GOBP_RESPONSE_TO_INCREASED_OXYGEN_LEVELS","25","0.5289949045055850","1.590220746194926","0.030411076527976001887543","0.245204315619729773523","0.1426281161559968535535","856","tags=24%, list=6%, signal=23%","CAT/CAV1/FAS/COL1A1/ATG7/ATP6AP1","0.3524878575836192"
"GOBP_TELOMERASE_HOLOENZYME_COMPLEX_ASSEMBLY","GOBP_TELOMERASE_HOLOENZYME_COMPLEX_ASSEMBLY","8","-0.7014105218048049","-1.589820744584504","0.031553500190007792436386","0.248830696938139639407","0.1447374751801268344398","1559","tags=38%, list=11%, signal=33%","NVL/PTGES3/DKC1","0.3217759180753611"
"GOBP_REGULATION_OF_ESTABLISHMENT_OF_T_CELL_POLARITY","GOBP_REGULATION_OF_ESTABLISHMENT_OF_T_CELL_POLARITY","5","0.8127473515165899","1.589626092343092","0.016720919565719440796903","0.183136785412312375065","0.1065252650068832518393","1182","tags=60%, list=9%, signal=55%","GSN/FLOT2/ABL2","0.3524878575836192"
"GOBP_POSITIVE_REGULATION_OF_STRIATED_MUSCLE_CELL_APOPTOTIC_PROCESS","GOBP_POSITIVE_REGULATION_OF_STRIATED_MUSCLE_CELL_APOPTOTIC_PROCESS","9","0.6890986671519471","1.589565697502030","0.026840044247862140935901","0.229340283967320868186","0.1334004769788333100156","1434","tags=22%, list=10%, signal=20%","CAMK2D/ATP2A2","0.3524878575836192"
"GOBP_TISSUE_MIGRATION","GOBP_TISSUE_MIGRATION","78","0.4183976663343641","1.589383707083126","0.007119306887924777699217","0.113729656939466863830","0.0661531860862515919131","2557","tags=38%, list=18%, signal=32%","TGFB2/KANK1/HAS2/BMPR2/DAAM2/FAT2/CTSH/DAB2IP/PTPRG/PTPN23/HIF1A/MAPRE2/TACSTD2/RAB11A/DOCK1/SOX9/WDPCP/RTN4/TGFBR2/IQSEC1/PKN2/DOCK5/ENPP2/KANK2/DUSP10/ANLN/PPARD/MACF1/FOXF1/PRKCE","0.4070179189239539"
"GOBP_SMOOTH_MUSCLE_CELL_CHEMOTAXIS","GOBP_SMOOTH_MUSCLE_CELL_CHEMOTAXIS","6","-0.7585781643794669","-1.589145518151541","0.021942501276359663991977","0.210191596767147576008","0.1222622505764208028500","217","tags=33%, list=2%, signal=33%","GSTP1/MDK","0.3524878575836192"
"GOBP_PYRUVATE_CATABOLIC_PROCESS","GOBP_PYRUVATE_CATABOLIC_PROCESS","7","-0.7206534113626930","-1.588947565601776","0.037593749837001880220733","0.272498408249645385215","0.1585042845837555669508","801","tags=29%, list=6%, signal=27%","DLAT/LDHB","0.3217759180753611"
"GOBP_REGULATION_OF_GLUTAMATE_RECEPTOR_SIGNALING_PATHWAY","GOBP_REGULATION_OF_GLUTAMATE_RECEPTOR_SIGNALING_PATHWAY","10","0.6919354217313298","1.587924044109701","0.023114357632714205986746","0.215209257839267337209","0.1251808759864873610290","2906","tags=60%, list=21%, signal=47%","PRNP/EPHB2/CCL2/NLGN3/CX3CL1/IFNGR2","0.3524878575836192"
"GOBP_ADRENAL_GLAND_DEVELOPMENT","GOBP_ADRENAL_GLAND_DEVELOPMENT","18","0.5679420489389938","1.587608596655157","0.023381846829469407622604","0.215510600916797329107","0.1253561583641899235264","2135","tags=44%, list=15%, signal=38%","WNT11/STRA6/NR3C1/NF1/DKK3/CITED2/HMGA2/SMAD3","0.3524878575836192"
"GOBP_PIRNA_PROCESSING","GOBP_PIRNA_PROCESSING","12","-0.6174388279965813","-1.587543141512242","0.034413771416636977640291","0.257412174870272292271","0.1497290677147072035513","2021","tags=42%, list=15%, signal=36%","PIWIL4/PIWIL2/PLD6/PIWIL1/TEX15","0.3217759180753611"
"GOBP_CANONICAL_WNT_SIGNALING_PATHWAY","GOBP_CANONICAL_WNT_SIGNALING_PATHWAY","272","0.3496760482082252","1.587518985670977","0.000143771342405290159395","0.010765064534944560407","0.0062617204392846860170","2550","tags=30%, list=18%, signal=25%","EXT1/WNT11/DKK4/APP/TLE1/NOTUM/WLS/FOLR1/DAB2/MLLT3/BAMBI/KREMEN1/CAV1/KANK1/CTHRC1/SMURF2/FZD7/SFRP5/TLE2/FZD10/WNT7A/PTK7/NKD1/TLE6/FGFR2/DAAM2/GLI3/DAB2IP/JADE1/ZNRF3/SNAI2/AXIN2/TBL1X/COL1A1/WNT5A/JUP/LATS1/TMEM131L/EGF/CDK14/DKK3/CDH3/TLE4/EDA/WNT10A/SPIN4/USP34/TPBG/APC/TCF7/SOX9/EP300/APOE/PPP2R3A/FGF9/STK3/FZD6/EDN1/BICC1/LIMD1/DACT1/WNT6/TLE3/PRICKLE1/GNAQ/SMAD3/UBR5/BCL9L/ASPM/ANKRD6/CSNK1G1/CTNNB1/PTPRU/DRAXIN/LZTS2/NKD2/NHERF1/RBPJ/RNF146/ZNF703/TNKS","0.5188480777437918"
"GOBP_LONG_TERM_MEMORY","GOBP_LONG_TERM_MEMORY","30","0.5024514664739811","1.587397235304031","0.022821027625072539540829","0.214146154574808594839","0.1245625001821879240804","1616","tags=33%, list=12%, signal=30%","SGK1/LDLR/PRNP/RASGRF1/PJA2/LRRN4/ACSS2/APOE/BTBD9/SLC2A4","0.3524878575836192"
"GOBP_NEGATIVE_REGULATION_OF_CARDIAC_MUSCLE_CONTRACTION","GOBP_NEGATIVE_REGULATION_OF_CARDIAC_MUSCLE_CONTRACTION","3","-0.9577208868129647","-1.587175516144293","0.001032628649086697429638","0.038279687891740327155","0.0222661650845721904857","283","tags=33%, list=2%, signal=33%","SRI","0.4550598673872295"
"GOBP_NEGATIVE_REGULATION_OF_RNA_SPLICING","GOBP_NEGATIVE_REGULATION_OF_RNA_SPLICING","37","-0.4745984358597454","-1.587047519953171","0.010720909984716014279327","0.141247118092131973555","0.0821592813936730670399","2161","tags=35%, list=16%, signal=30%","SNRPE/SRSF10/AAR2/C1QBP/SNRPF/SRSF7/RNPS1/U2AF2/RPS13/SNRPD1/SRSF6/SAP18/RBM10","0.3807304007227924"
"GOBP_SYNAPTIC_VESICLE_DOCKING","GOBP_SYNAPTIC_VESICLE_DOCKING","11","0.6551914919500217","1.586733631537354","0.046316652369612146267208","0.307850974257767640019","0.1790678292272304128474","2702","tags=55%, list=20%, signal=44%","SNPH/SNAP25/UNC13B/RIMS2/BLOC1S6/TPRG1L","0.3217759180753611"
"GOBP_REGULATION_OF_CELLULAR_RESPONSE_TO_VASCULAR_ENDOTHELIAL_GROWTH_FACTOR_STIMULUS","GOBP_REGULATION_OF_CELLULAR_RESPONSE_TO_VASCULAR_ENDOTHELIAL_GROWTH_FACTOR_STIMULUS","23","0.5352803309246839","1.585809507544127","0.027844659964521671635662","0.233259244893103706575","0.1356800209286233571682","1440","tags=30%, list=10%, signal=27%","ROBO1/ATP2B4/DAB2IP/PROX1/CCBE1/DLL1/JCAD","0.3524878575836192"
"GOBP_CEREBELLAR_PURKINJE_CELL_LAYER_MORPHOGENESIS","GOBP_CEREBELLAR_PURKINJE_CELL_LAYER_MORPHOGENESIS","18","0.5670899180429477","1.585226574865142","0.023699962320522360154085","0.217065354771694724034","0.1262605128118260700010","1448","tags=28%, list=10%, signal=25%","RORA/GBA1/ATP7A/DLL1/LDB1","0.3524878575836192"
"GOBP_POSITIVE_REGULATION_OF_PHOSPHATIDYLINOSITOL_3_KINASE_PROTEIN_KINASE_B_SIGNAL_TRANSDUCTION","GOBP_POSITIVE_REGULATION_OF_PHOSPHATIDYLINOSITOL_3_KINASE_PROTEIN_KINASE_B_SIGNAL_TRANSDUCTION","144","0.3773081423816013","1.585095903902565","0.001716765651459495594516","0.050481250714778609645","0.0293634541971662908766","2277","tags=26%, list=16%, signal=22%","THBS1/EFNA5/PDGFC/APP/CAT/MYORG/PTPRJ/LIN28A/IGF1R/PROS1/TGFB2/PRR5L/DAG1/AKR1C3/NTRK2/CHI3L1/FER/WNT5A/GAB1/FN1/EGF/JAK2/PDGFB/RICTOR/DDR1/TPBG/RTN4/STK3/ARFGEF1/UNC5B/ADAM8/SEMA4D/IL1B/CX3CL1/TREM2/PPARD/FERMT2","0.4550598673872295"
"GOBP_CARDIAC_NEURAL_CREST_CELL_DEVELOPMENT_INVOLVED_IN_OUTFLOW_TRACT_MORPHOGENESIS","GOBP_CARDIAC_NEURAL_CREST_CELL_DEVELOPMENT_INVOLVED_IN_OUTFLOW_TRACT_MORPHOGENESIS","9","0.6868655456854810","1.584414485562932","0.028157330893627308815441","0.234795286200247033115","0.1365734908393055613285","3445","tags=67%, list=25%, signal=50%","FOLR1/BMP4/EDN1/BMP7/CDC42/JAG1","0.3524878575836192"
"GOBP_PROTEIN_PROCESSING_INVOLVED_IN_PROTEIN_TARGETING_TO_MITOCHONDRION","GOBP_PROTEIN_PROCESSING_INVOLVED_IN_PROTEIN_TARGETING_TO_MITOCHONDRION","6","-0.7561915690067220","-1.584145839122628","0.022667856970497727436831","0.212984017046216028701","0.1238865190682404832101","2976","tags=83%, list=22%, signal=65%","IMMP2L/IMMP1L/PMPCA/MIPEP/PMPCB","0.3524878575836192"
"GOBP_ISG15_PROTEIN_CONJUGATION","GOBP_ISG15_PROTEIN_CONJUGATION","6","0.7812443292254289","1.583837170585360","0.021113939034974840702752","0.206116316143847122522","0.1198917800704701608350","1004","tags=50%, list=7%, signal=46%","UBE2L6/UBA7/UBE2E2","0.3524878575836192"
"GOBP_SEMICIRCULAR_CANAL_DEVELOPMENT","GOBP_SEMICIRCULAR_CANAL_DEVELOPMENT","8","0.7134925982084157","1.583605824514073","0.027585219638027229371868","0.232293824963317352417","0.1351184646381605736210","1071","tags=50%, list=8%, signal=46%","ZEB1/GLI3/TBX3/SPARC","0.3524878575836192"
"GOBP_GERMINAL_CENTER_B_CELL_DIFFERENTIATION","GOBP_GERMINAL_CENTER_B_CELL_DIFFERENTIATION","4","-0.8717114773055796","-1.583574208348187","0.011026888894031717028299","0.142505861276427697737","0.0828914551673953781119","1780","tags=100%, list=13%, signal=87%","ADA/PHF14/IRF8/ITFG2","0.3807304007227924"
"GOBP_MEMBRANE_RAFT_ORGANIZATION","GOBP_MEMBRANE_RAFT_ORGANIZATION","23","0.5344717535772318","1.583414034422671","0.028757590693129990444543","0.237635554424210498903","0.1382255910690172451272","1861","tags=39%, list=13%, signal=34%","CAV1/DLG1/GSN/IQGAP1/ANXA2/ABCA7/PPT1/CAV2/PACSIN2","0.3524878575836192"
"GOBP_THYROID_HORMONE_GENERATION","GOBP_THYROID_HORMONE_GENERATION","13","0.6216493959120919","1.583086259269260","0.031065613730613596266128","0.247400143826677049175","0.1439053646406637521071","3167","tags=62%, list=23%, signal=48%","SLC16A2/CTSB/CPQ/TG/CTSK/HPN/MED1/PAX8","0.3524878575836192"
"GOBP_CELLULAR_RESPONSE_TO_ESTROGEN_STIMULUS","GOBP_CELLULAR_RESPONSE_TO_ESTROGEN_STIMULUS","13","0.6214657307329552","1.582618539324047","0.031377828339178487349059","0.248255750001625696832","0.1444030455097624066063","3663","tags=77%, list=26%, signal=57%","BCAS3/WBP2/AR/TRIM24/ARID5A/SFR1/CDK12/NCOA4/SP1/CLDN18","0.3217759180753611"
"GOBP_NEGATIVE_REGULATION_OF_MIRNA_METABOLIC_PROCESS","GOBP_NEGATIVE_REGULATION_OF_MIRNA_METABOLIC_PROCESS","25","0.5263983385436160","1.582415164276427","0.033228932440196416731037","0.252682143082909649312","0.1469777477736840531897","2222","tags=40%, list=16%, signal=34%","APP/PPARA/REST/BMP4/HIF1A/PDGFB/SOX9/NFIB/SMAD3/PPARD","0.3217759180753611"
"GOBP_SODIUM_ION_TRANSMEMBRANE_TRANSPORT","GOBP_SODIUM_ION_TRANSMEMBRANE_TRANSPORT","110","0.3923699712302902","1.582321958054689","0.002145152169426689254400","0.057280294877007517651","0.0333182575947705561514","1756","tags=25%, list=13%, signal=22%","CAMK2D/SCN3B/ATP2B4/UTRN/SLC4A11/SCN5A/SLC4A8/SLC5A3/ATP1A1/DLG1/FGF13/DMD/SLC6A6/SLC9A2/SCN1B/SLC9A1/SLC13A3/TESC/FXYD5/P2RX7/NEDD4L/ATP1B1/SLC24A1/SLC9A6/SLC60A2/SHROOM2/SLC6A4/PCSK9","0.4317076958033464"
"GOBP_CEREBELLAR_GRANULAR_LAYER_FORMATION","GOBP_CEREBELLAR_GRANULAR_LAYER_FORMATION","5","0.8089998637212186","1.582296502933611","0.017230181842143268977630","0.184967835852775680516","0.1075903330267907881401","712","tags=60%, list=5%, signal=57%","OPHN1/WNT7A/PROX1","0.3524878575836192"
"GOBP_SEMINIFEROUS_TUBULE_DEVELOPMENT","GOBP_SEMINIFEROUS_TUBULE_DEVELOPMENT","17","0.5817967115199332","1.581759422936267","0.021386979702540439424174","0.207388028811149816022","0.1206314978098202012058","1089","tags=24%, list=8%, signal=22%","BRIP1/AR/FER/TBC1D20","0.3524878575836192"
"GOBP_POSITIVE_REGULATION_OF_PROTEIN_TARGETING_TO_MEMBRANE","GOBP_POSITIVE_REGULATION_OF_PROTEIN_TARGETING_TO_MEMBRANE","25","0.5260951238120007","1.581503665219141","0.033228932440196416731037","0.252682143082909649312","0.1469777477736840531897","621","tags=20%, list=4%, signal=19%","CEMIP/ITGB2/PRNP/MTCL1/TCAF2","0.3217759180753611"
"GOBP_ENDOTHELIAL_CELL_APOPTOTIC_PROCESS","GOBP_ENDOTHELIAL_CELL_APOPTOTIC_PROCESS","43","0.4605442822990266","1.580697689408063","0.014639833558442675448541","0.168470444952305092867","0.0979942874609684572151","2242","tags=28%, list=16%, signal=23%","THBS1/COL4A3/AKR1C3/BMPR2/CCL2/DAB2IP/NGFR/F3/HIPK1/IL10/TNFAIP3/CD40","0.3807304007227924"
"GOBP_PURINE_DEOXYRIBONUCLEOSIDE_TRIPHOSPHATE_METABOLIC_PROCESS","GOBP_PURINE_DEOXYRIBONUCLEOSIDE_TRIPHOSPHATE_METABOLIC_PROCESS","7","-0.7168907127571821","-1.580651301829133","0.040404418509984940666158","0.285186872340156105654","0.1658847897986358288502","3622","tags=86%, list=26%, signal=63%","NUDT16/GUK1/DGUOK/SAMHD1/ADA/NUDT15","0.3217759180753611"
"GOBP_CELL_SURFACE_RECEPTOR_PROTEIN_TYROSINE_PHOSPHATASE_SIGNALING_PATHWAY","GOBP_CELL_SURFACE_RECEPTOR_PROTEIN_TYROSINE_PHOSPHATASE_SIGNALING_PATHWAY","5","0.8080954101915432","1.580527511712168","0.017230181842143268977630","0.184967835852775680516","0.1075903330267907881401","2660","tags=100%, list=19%, signal=81%","PTPRF/FRS2/PTPRE/PTPRU/TRIO","0.3524878575836192"
"GOBP_LONG_CHAIN_FATTY_ACID_IMPORT_ACROSS_PLASMA_MEMBRANE","GOBP_LONG_CHAIN_FATTY_ACID_IMPORT_ACROSS_PLASMA_MEMBRANE","9","0.6848578003214943","1.579783155809963","0.029474618243371556586263","0.240262797195968158537","0.1397537806780507763094","157","tags=22%, list=1%, signal=22%","THBS1/SLC2A1","0.3524878575836192"
"GOBP_PULMONARY_ARTERY_MORPHOGENESIS","GOBP_PULMONARY_ARTERY_MORPHOGENESIS","6","0.7791532068463646","1.579597783202557","0.022052319528647452984149","0.210191596767147576008","0.1222622505764208028500","1545","tags=67%, list=11%, signal=59%","STRA6/SEC24B/CITED2/LRP2","0.3524878575836192"
"GOBP_P38MAPK_CASCADE","GOBP_P38MAPK_CASCADE","47","0.4568976413431238","1.579001238526481","0.012051893572117486352901","0.150659041332683818482","0.0876339194636106127989","2938","tags=47%, list=21%, signal=37%","LGALS9/DLG1/MAP2K6/PJA2/DSC2/DAB2IP/PTPN22/BMP4/MAP3K3/PHLPP1/MINK1/RELL1/MAP3K5/EZR/IL1B/DUSP10/TREM2/MAP3K15/BECN1/ZFP36L1/MAPK14/MAP3K4","0.3807304007227924"
"GOBP_SUBSTRATE_ADHESION_DEPENDENT_CELL_SPREADING","GOBP_SUBSTRATE_ADHESION_DEPENDENT_CELL_SPREADING","91","0.4011835775218174","1.578342286593502","0.005639265655036241470244","0.101932016153009105675","0.0592908465054622843549","1325","tags=23%, list=10%, signal=21%","NEDD9/EFNA5/ANTXR1/DAB2/LAMB2/KANK1/LAMC1/FZD7/HAS2/GBP1/ITGAV/SRGAP2/TGFB1I1/FER/FN1/TACSTD2/PEAK1/NTN4/DOCK1/CARMIL1/RAC3","0.4070179189239539"
"GOBP_STEROID_METABOLIC_PROCESS","GOBP_STEROID_METABOLIC_PROCESS","230","0.3547853518537986","1.577710711650866","0.000401835859514760543754","0.022275424437412639361","0.0129569572054782505832","3376","tags=38%, list=24%, signal=29%","LEPR/RORA/CAT/ADM/DAB2/SGPL1/LDLR/CLN8/TM7SF2/IGFBP7/NR3C1/CYB5R2/NPC2/CYP24A1/HSD17B11/GBA1/ATP1A1/AKR1C3/TTC39B/CYP3A7/INSIG2/ATP8B1/APOL1/SLC27A2/LSS/NR1H3/REST/PROX1/SNAI2/ASAH1/STARD3/AKR1C1/DKK3/MSMO1/APOL2/PLEKHA1/ACLY/HMGCS1/LIPA/APOE/HMGCR/LRP2/VLDLR/MVK/PCSK9/NFE2L1/HSD3B7/SCP2/CBR1/HSD17B7/ERLIN1/HSD17B8/HSD17B4/PPARD/CUBN/SULT1A2/FMO5/SMPD1/PRKACA/SEC14L2/MECP2/DDX20/CYB5R1/SQLE/ABCC1/ABCA5/LIMA1/SRD5A3/NR0B2/BDH1/ERLIN2/MED1/STAT5A/NR1D1/ACADVL/FGFR1/ACOX2/FGF1/DHCR24/AKR1C2/PIP4P1/SLC27A5/FDPS/YWHAH/TSKU/SREBF1/PRKAA1/ARMC5","0.4984931087665903"
"GOBP_DNA_CONFORMATION_CHANGE","GOBP_DNA_CONFORMATION_CHANGE","18","-0.5616937160509033","-1.577114062732936","0.023659654096327593919558","0.216969782451549630942","0.1262049212128588948634","2489","tags=50%, list=18%, signal=41%","TOP1MT/HMGB2/HNRNPA2B1/TOP1/HHEX/TDRD3/TOP3A/MTERF1/HMGB1","0.3524878575836192"
"GOBP_REGULATION_OF_MYOBLAST_DIFFERENTIATION","GOBP_REGULATION_OF_MYOBLAST_DIFFERENTIATION","53","0.4478167286972114","1.576966016010876","0.012516289179960128283287","0.154493285031049476519","0.0898641859016165445162","3227","tags=45%, list=23%, signal=35%","IGFBP3/MBNL3/FLOT2/BMP4/TBX3/ARID1A/DLL1/SOX9/MAP3K5/PLCB1/ANKRD2/ARID1B/SMARCA4/ZFHX3/PRICKLE1/PPARD/TMEM182/HIF1AN/DPF3/ZFP36L1/MAPK14/ARID2/PBRM1/SMARCA2","0.3807304007227924"
"GOBP_REACTIVE_NITROGEN_SPECIES_METABOLIC_PROCESS","GOBP_REACTIVE_NITROGEN_SPECIES_METABOLIC_PROCESS","67","0.4220831348999920","1.576029638448754","0.012884312905162937853976","0.157275234672602376440","0.0914823639325076654050","2135","tags=28%, list=15%, signal=24%","ITGB2/RORA/CPS1/APP/ATP2B4/CLU/PRDX5/CAV1/NQO1/PPARA/KLF2/CYB5B/JAK2/APOE/EDN1/IL10/CHRNA7/IL1B/SMAD3","0.3807304007227924"
"GOBP_REGULATION_OF_SODIUM_DEPENDENT_PHOSPHATE_TRANSPORT","GOBP_REGULATION_OF_SODIUM_DEPENDENT_PHOSPHATE_TRANSPORT","5","-0.7998740365673878","-1.575750544474025","0.014630463724785937665307","0.168470444952305092867","0.0979942874609684572151","1523","tags=40%, list=11%, signal=36%","CEBPB/ATF4","0.3807304007227924"
"GOBP_CLEAVAGE_IN_ITS2_BETWEEN_5_8S_RRNA_AND_LSU_RRNA_OF_TRICISTRONIC_RRNA_TRANSCRIPT_SSU_RRNA_5_8S_RRNA_LSU_RRNA","GOBP_CLEAVAGE_IN_ITS2_BETWEEN_5_8S_RRNA_AND_LSU_RRNA_OF_TRICISTRONIC_RRNA_TRANSCRIPT_SSU_RRNA_5_8S_RRNA_LSU_RRNA","8","-0.6950500254338088","-1.575404010358099","0.033398713666472984451516","0.252682143082909649312","0.1469777477736840531897","2693","tags=75%, list=19%, signal=60%","LAS1L/TEX10/NOL9/SENP3/BOP1/WDR18","0.3217759180753611"
"GOBP_REGULATION_OF_CHEMOKINE_MEDIATED_SIGNALING_PATHWAY","GOBP_REGULATION_OF_CHEMOKINE_MEDIATED_SIGNALING_PATHWAY","8","0.7094362018784839","1.574602601676516","0.029434489471738958105140","0.240205277565438246601","0.1397203232059678335020","2443","tags=62%, list=18%, signal=51%","ROBO1/HIF1A/EDN1/TREM2/SLIT3","0.3524878575836192"
"GOBP_ACUTE_INFLAMMATORY_RESPONSE","GOBP_ACUTE_INFLAMMATORY_RESPONSE","54","0.4481128785179193","1.574431004476497","0.011024877358954602787899","0.142505861276427697737","0.0828914551673953781119","2013","tags=31%, list=15%, signal=27%","SAA1/EXT1/SAA2/SERPINA1/FCGR2A/ACVR1/STAT3/IL22RA1/FN1/APOL2/ASH1L/LIPA/TNFSF4/F3/IL6ST/ADAM8/IL1B","0.3807304007227924"
"GOBP_SULFATE_TRANSMEMBRANE_TRANSPORT","GOBP_SULFATE_TRANSMEMBRANE_TRANSPORT","12","0.6188690464047507","1.574265038526106","0.039985987330801824046755","0.283334854618159659445","0.1648075257296562068365","1478","tags=42%, list=11%, signal=37%","SLC26A9/SLC26A2/UCP2/SLC26A6/RACGAP1","0.3217759180753611"
"GOBP_POSITIVE_REGULATION_OF_MONONUCLEAR_CELL_MIGRATION","GOBP_POSITIVE_REGULATION_OF_MONONUCLEAR_CELL_MIGRATION","61","0.4360219763674053","1.573882530907650","0.012512332005589226271991","0.154493285031049476519","0.0898641859016165445162","2114","tags=28%, list=15%, signal=24%","THBS1/NEDD9/APP/PTPRJ/LGALS9/TRPV4/CCL2/WNT5A/ADAM10/ABL2/C3AR1/MMP14/RTN4/ADAM8/MED23/CX3CL1/TREM2","0.3807304007227924"
"GOBP_MATERNAL_PROCESS_INVOLVED_IN_FEMALE_PREGNANCY","GOBP_MATERNAL_PROCESS_INVOLVED_IN_FEMALE_PREGNANCY","42","0.4600244311143209","1.573851212964301","0.014178958570226767033073","0.165565556423725085411","0.0963045995065481691411","1681","tags=29%, list=12%, signal=25%","VDR/LGALS9/PRDM1/AR/CTSB/BMPR2/STOX2/CITED2/APOL2/ASH1L/HAVCR2/NODAL","0.3807304007227924"
"GOBP_NEGATIVE_REGULATION_OF_IMMUNE_EFFECTOR_PROCESS","GOBP_NEGATIVE_REGULATION_OF_IMMUNE_EFFECTOR_PROCESS","77","0.4121515156119397","1.573847369803619","0.006294101926969572144421","0.106551909601702229913","0.0619781022242825718749","2659","tags=32%, list=19%, signal=26%","CD46/CLU/TGFB2/LGALS9/LGALS1/BST2/GRN/MICA/FER/NECTIN2/CEACAM1/AHR/TNFSF4/UFL1/HAVCR2/IL10/HFE/DUSP10/NECTIN4/TGFB3/FOXF1/RC3H1/PARP3/LOXL3/SOCS5","0.4070179189239539"
"GOBP_REGULATION_OF_CARTILAGE_DEVELOPMENT","GOBP_REGULATION_OF_CARTILAGE_DEVELOPMENT","55","0.4374006561596308","1.573489243470990","0.014258346900735385451298","0.166225318683854123014","0.0966883637483609420515","2135","tags=35%, list=15%, signal=29%","LOXL2/WNT11/CCN2/CCN1/TGFB2/BMPR2/GLI3/BMP4/SNAI2/AXIN2/WNT5A/MAF/SOX9/NKX3-2/CTSK/GLG1/TAPT1/ADAMTS7/SMAD3","0.3807304007227924"
"GOBP_MEIOTIC_CYTOKINESIS","GOBP_MEIOTIC_CYTOKINESIS","7","-0.7135451469442428","-1.573274761913811","0.043917761201898802836396","0.300352824490951963998","0.1747063767250852939217","1291","tags=43%, list=9%, signal=39%","SPIRE1/SPIRE2/CENPV","0.3217759180753611"
"GOBP_NEGATIVE_REGULATION_OF_SYNAPTIC_TRANSMISSION","GOBP_NEGATIVE_REGULATION_OF_SYNAPTIC_TRANSMISSION","31","0.4930529768924429","1.573035528827767","0.026284275097311411706347","0.226545428486916750055","0.1317747920022421803665","2867","tags=35%, list=21%, signal=28%","HSPG2/APP/SORCS2/STAU2/SLC24A1/SLC6A4/IL1B/SHANK2/TPRG1L/PLK2/COLQ","0.3524878575836192"
"GOBP_INTEGRIN_BIOSYNTHETIC_PROCESS","GOBP_INTEGRIN_BIOSYNTHETIC_PROCESS","3","0.9267162064040180","1.572914692927905","0.006036407370276737800741","0.104886188350047718232","0.0610092013158135132445","358","tags=67%, list=3%, signal=65%","TGFB2/AR","0.4070179189239539"
"GOBP_LOCOMOTORY_BEHAVIOR","GOBP_LOCOMOTORY_BEHAVIOR","155","0.3750362373722440","1.572863838587743","0.002465208157975132090278","0.062501963778054794862","0.0363555483401003451394","2570","tags=32%, list=19%, signal=27%","ALDH1A3/TUBA1A/ATXN1/APP/KCNJ10/CLN8/DLG4/SNAP25/HOXB8/ATP7A/SEZ6L2/OPRD1/FOXA2/GRN/GAA/RCAN2/SELENOP/ALS2/NLGN2/OXR1/GPR52/ABAT/APBA1/INPP5F/C1QL1/PPP1R1B/APOE/ANKFN1/BTBD9/NCOA2/GRIN2D/PUM1/PPT1/HEXB/SOD1/ZFHX3/CNTN2/WDR47/FIG4/ANKH/HIPK2/NAGLU/PEX13/CNP/GLRA1/TBCE/SPG11/TMBIM4/PRKCE/MECP2","0.4317076958033464"
"GOBP_FEMALE_GENITALIA_DEVELOPMENT","GOBP_FEMALE_GENITALIA_DEVELOPMENT","14","0.5989554340700047","1.572759817358510","0.041214957339853273976527","0.288385583005158319114","0.1677453854212059003448","2600","tags=43%, list=19%, signal=35%","STRA6/WNT5A/TBX3/LRP2/NPR2/AXL","0.3217759180753611"
"GOBP_NEGATIVE_REGULATION_OF_GLUCOCORTICOID_BIOSYNTHETIC_PROCESS","GOBP_NEGATIVE_REGULATION_OF_GLUCOCORTICOID_BIOSYNTHETIC_PROCESS","3","0.9265736792657367","1.572672781727481","0.006036407370276737800741","0.104886188350047718232","0.0610092013158135132445","1019","tags=100%, list=7%, signal=93%","ATP1A1/REST/DKK3","0.4070179189239539"
"GOBP_ADENOSINE_METABOLIC_PROCESS","GOBP_ADENOSINE_METABOLIC_PROCESS","8","0.7085361397410130","1.572604902405490","0.030667336631503165633728","0.245575375914671989452","0.1428439509822075070833","2155","tags=50%, list=16%, signal=42%","NT5E/NT5C2/XDH/BLOC1S6","0.3524878575836192"
"GOBP_NEGATIVE_REGULATION_OF_VASCULAR_ENDOTHELIAL_CELL_PROLIFERATION","GOBP_NEGATIVE_REGULATION_OF_VASCULAR_ENDOTHELIAL_CELL_PROLIFERATION","4","0.8816281910940037","1.572599626133230","0.009254219146067332868455","0.130006564135178026564","0.0756209827859254807292","521","tags=50%, list=4%, signal=48%","COL4A3/CCL2","0.3807304007227924"
"GOBP_RESPONSE_TO_CORTISOL","GOBP_RESPONSE_TO_CORTISOL","5","0.8039372709683065","1.572394742540398","0.018233851090985020437785","0.191075793741521143820","0.1111431519281634583418","285","tags=40%, list=2%, signal=39%","IGFBP7/NR3C1","0.3524878575836192"
"GOBP_DETOXIFICATION_OF_INORGANIC_COMPOUND","GOBP_DETOXIFICATION_OF_INORGANIC_COMPOUND","16","0.5819654703658872","1.571108155357968","0.023195273599507858913737","0.215209257839267337209","0.1251808759864873610290","495","tags=25%, list=4%, signal=24%","MT1E/CAT/MT1X/ATP7A","0.3524878575836192"
"GOBP_NEGATIVE_REGULATION_OF_MEMBRANE_PROTEIN_ECTODOMAIN_PROTEOLYSIS","GOBP_NEGATIVE_REGULATION_OF_MEMBRANE_PROTEIN_ECTODOMAIN_PROTEOLYSIS","8","0.7076984570612581","1.570745655127963","0.030975548488676195313385","0.247225723816763970353","0.1438039096667945715424","1641","tags=50%, list=12%, signal=44%","TIMP3/LRIG2/TIMP2/IL10","0.3524878575836192"
"GOBP_MESONEPHRIC_DUCT_DEVELOPMENT","GOBP_MESONEPHRIC_DUCT_DEVELOPMENT","6","0.7746537713618368","1.570475959337146","0.023303494549361203347360","0.215334962992379697067","0.1252539949653854178813","49","tags=17%, list=0%, signal=17%","WNT11","0.3524878575836192"
"GOBP_NEGATIVE_REGULATION_OF_CYTOKINE_PRODUCTION_INVOLVED_IN_IMMUNE_RESPONSE","GOBP_NEGATIVE_REGULATION_OF_CYTOKINE_PRODUCTION_INVOLVED_IN_IMMUNE_RESPONSE","14","0.5980589351985354","1.570405756737049","0.042513039816623812705565","0.294180276139568652738","0.1711159874572025785255","2198","tags=36%, list=16%, signal=30%","TGFB2/BST2/IL10/HFE/TGFB3","0.3217759180753611"
"GOBP_LYMPHOCYTE_MIGRATION","GOBP_LYMPHOCYTE_MIGRATION","69","0.4210171542783649","1.569901608880659","0.013154666175106683248530","0.158708206694019665628","0.0923158814805265237613","2097","tags=30%, list=15%, signal=26%","NEDD9/SAA1/EXT1/APP/LGALS9/GBA1/CCL2/WNT5A/ADAM10/ECM1/ABL2/STK10/F11R/MSN/ADAM8/MED23/HSD3B7/ARTN/CX3CL1/SPNS2/MIA3","0.3807304007227924"
"GOBP_POSITIVE_REGULATION_OF_CATION_CHANNEL_ACTIVITY","GOBP_POSITIVE_REGULATION_OF_CATION_CHANNEL_ACTIVITY","13","0.6163842573706895","1.569678109059746","0.046382189239332093089185","0.307850974257767640019","0.1790678292272304128474","1713","tags=46%, list=12%, signal=40%","FGF13/SCN1B/STIM1/ASPH/EDN1/CACNB3","0.2878571172551493"
"GOBP_REGULATION_OF_MESENCHYMAL_CELL_PROLIFERATION","GOBP_REGULATION_OF_MESENCHYMAL_CELL_PROLIFERATION","30","0.4968399569780474","1.569668767473618","0.026236370261857318991749","0.226545428486916750055","0.1317747920022421803665","2974","tags=57%, list=21%, signal=45%","WNT11/MYCN/ZEB1/FGFR2/BMP4/WNT5A/PRRX1/SOX9/TGFBR2/FGF9/NFIB/ARHGAP5/LMNA/CTNNB1/FOXF1/CTNNBIP1/FGFR1","0.3524878575836192"
"GOBP_MRNA_EXPORT_FROM_NUCLEUS","GOBP_MRNA_EXPORT_FROM_NUCLEUS","69","-0.4086789977006195","-1.569556436219028","0.005980764212953513722648","0.104418967496830231156","0.0607374327298700333877","2885","tags=26%, list=21%, signal=21%","DDX39B/WNK1/NCBP2/ALKBH5/PABPN1/HNRNPA2B1/NXT1/NUP88/NCBP1/HHEX/NCBP3/RAE1/MAGOH/MAGOHB/THOC1/SMG5/SEM1/PCID2","0.4070179189239539"
"GOBP_ATRIOVENTRICULAR_VALVE_DEVELOPMENT","GOBP_ATRIOVENTRICULAR_VALVE_DEVELOPMENT","26","0.5165310547824278","1.569461819766949","0.028826630568806844295837","0.237866942820707361061","0.1383601828726292171101","1526","tags=31%, list=11%, signal=27%","GJA5/CCN1/TGFB2/ACVR1/BMPR2/AXIN2/SMAD6/TGFBR2","0.3524878575836192"
"GOBP_ENDOTHELIAL_CELL_MIGRATION","GOBP_ENDOTHELIAL_CELL_MIGRATION","182","0.3643872982876302","1.569216513494755","0.001362401426023352943306","0.044919529179393340168","0.0261283648669831808364","2326","tags=27%, list=17%, signal=23%","THBS1/ROBO1/ITGB2/LOXL2/BCAS3/ATP2B4/AMOT/TGFBR3/WNT7A/CCN3/GRN/GLUL/NF1/DAB2IP/HDAC7/PLPP3/PROX1/EDN2/ANXA3/TGFB1I1/FGFBP1/WNT5A/ADAMTS9/GAB1/JUP/FN1/HIF1A/EGF/CEACAM1/CCBE1/SPRED1/SPARC/PDGFB/APOE/SEMA4A/JCAD/FOXP1/EDN1/HDAC9/MYH9/PACSIN2/NRP2/MIA3/PATZ1/CD40/CTNND1/CDH13/LPXN/RHOA","0.4550598673872295"
"GOBP_MAMMARY_GLAND_INVOLUTION","GOBP_MAMMARY_GLAND_INVOLUTION","7","0.7486801338629976","1.569147854927973","0.029053013132793365641549","0.238431677269466901770","0.1386886722401650118286","1193","tags=43%, list=9%, signal=39%","VDR/CAV1/PML","0.3524878575836192"
"GOBP_PERIPHERAL_NERVOUS_SYSTEM_AXON_ENSHEATHMENT","GOBP_PERIPHERAL_NERVOUS_SYSTEM_AXON_ENSHEATHMENT","27","0.5127413245258223","1.569091893469481","0.026943702902259152737185","0.229555298152966019698","0.1335255443870796698835","2785","tags=44%, list=20%, signal=36%","NDRG1/ITGB4/DAG1/NCMAP/NF1/NTRK2/ADGRG6/SH3TC2/SOD1/ARHGEF10/SKI/PLEC","0.3524878575836192"
"GOBP_REGULATION_OF_MATRIX_METALLOPEPTIDASE_SECRETION","GOBP_REGULATION_OF_MATRIX_METALLOPEPTIDASE_SECRETION","6","-0.7487280182769499","-1.568510445502491","0.028470717182802779410267","0.236593614300568161335","0.1376195252393565549021","3264","tags=67%, list=24%, signal=51%","TLR2/BSG/IDH2/TLR4","0.3524878575836192"
"GOBP_LAYER_FORMATION_IN_CEREBRAL_CORTEX","GOBP_LAYER_FORMATION_IN_CEREBRAL_CORTEX","12","0.6164205559748944","1.568036624125222","0.043085616419936287324610","0.296300753149802253983","0.1723494063738204296055","2784","tags=50%, list=20%, signal=40%","GLI3/DAB2IP/MBOAT7/BMERB1/CTNNB1/LRP8","0.3217759180753611"
"GOBP_HINDBRAIN_DEVELOPMENT","GOBP_HINDBRAIN_DEVELOPMENT","129","0.3787268839093195","1.568012646466835","0.004064084804369997618034","0.085064691452850990649","0.0494796213624840441891","2934","tags=33%, list=21%, signal=26%","TUBA1A/RORA/ATRN/WLS/SCN5A/EPHB2/GBA1/OPHN1/WNT7A/RERE/HOXB2/ATP7A/SEZ6L2/ARL13B/PROX1/PTBP2/EGF/NCSTN/SEC24B/ABAT/DLL1/LDB1/COMT/NFIB/MAFB/PLXNA2/HOXB3/FOXC1/SLC6A4/PTPRS/SEMA4C/NAV2/NAGLU/CTNNB1/FAIM2/MECP2/SEZ6/SERPINE2/OTX1/CAPS2/HERC1/CNTN1","0.4070179189239539"
"GOBP_SKELETAL_MUSCLE_FIBER_DIFFERENTIATION","GOBP_SKELETAL_MUSCLE_FIBER_DIFFERENTIATION","9","-0.6582207476813635","-1.567700183215327","0.025876910786637407485555","0.225352521634709201948","0.1310809132805324239701","1801","tags=44%, list=13%, signal=39%","PPIF/RBM24/COL6A1/LARGE1","0.3524878575836192"
"GOBP_EMBRYONIC_ORGAN_MORPHOGENESIS","GOBP_EMBRYONIC_ORGAN_MORPHOGENESIS","235","0.3540686290777229","1.567696390138514","0.000581776437783618053691","0.027260917855628504641","0.0158568716403081830246","1783","tags=25%, list=13%, signal=22%","ALDH1A3/NECTIN3/WNT11/MYCN/STRA6/LRIG1/FOLR1/HYAL1/MED12/COL2A1/CTHRC1/EPHB2/ACVR1/DLG1/HOXB8/PTK7/HOXB2/ZEB1/INSIG2/FGFR2/NOTCH2/GLI3/FRS2/ARL13B/FBN3/REST/BMP4/PROX1/OSR2/MSX1/WNT5A/HIF1A/TBX3/SEC24B/PRRX1/CITED2/SPARC/C2CD3/NCKAP1/NDRG4/DLL1/SOX9/MMP14/WDPCP/NKX3-2/HIPK1/CHST11/TGFBR2/FGF9/MAFB/FZD6/EDN1/ANKRD24/HOXB3/HOXB7/NODAL/SATB2/SUFU","0.4772708153628621"
"GOBP_NEGATIVE_REGULATION_OF_COAGULATION","GOBP_NEGATIVE_REGULATION_OF_COAGULATION","34","0.4847482387418467","1.567205567485033","0.017241253596630749800322","0.184967835852775680516","0.1075903330267907881401","1613","tags=32%, list=12%, signal=29%","THBS1/PROS1/UBASH3B/ANXA2/CEACAM1/PDGFB/PLAU/TSPAN8/APOE/PROC/EDN1","0.3524878575836192"
"GOBP_NEGATIVE_REGULATION_OF_CARTILAGE_DEVELOPMENT","GOBP_NEGATIVE_REGULATION_OF_CARTILAGE_DEVELOPMENT","21","0.5595107474706453","1.566832338819600","0.020719424101498087886775","0.204463556045082373025","0.1189304182822453898050","2365","tags=43%, list=17%, signal=36%","WNT11/TGFB2/BMP4/SNAI2/SOX9/NKX3-2/CTSK/ADAMTS7/CTNNB1","0.3524878575836192"
"GOBP_REGULATION_OF_LYMPHOCYTE_MIGRATION","GOBP_REGULATION_OF_LYMPHOCYTE_MIGRATION","42","0.4579189713852049","1.566647942606485","0.014962318685471513377006","0.169534041517284878031","0.0986129502036271893273","2326","tags=36%, list=17%, signal=30%","NEDD9/APP/LGALS9/CCL2/WNT5A/ADAM10/ECM1/ABL2/STK10/MSN/ADAM8/MED23/SPNS2/MIA3/RHOA","0.3807304007227924"
"GOBP_PLASMINOGEN_ACTIVATION","GOBP_PLASMINOGEN_ACTIVATION","19","0.5631617745738609","1.566457766413361","0.018883098086734190212965","0.193166114653451320704","0.1123590299320907925917","3249","tags=53%, list=23%, signal=40%","THBS1/RUNX1/PLGRKT/ANXA2/PLAU/HPN/SERPINE2/CTSZ/DHCR24/SERPINF2","0.3524878575836192"
"GOBP_NEGATIVE_REGULATION_OF_CELL_PROJECTION_ORGANIZATION","GOBP_NEGATIVE_REGULATION_OF_CELL_PROJECTION_ORGANIZATION","155","0.3734825329912195","1.566347760424492","0.002650558784363395321837","0.063956838707080868045","0.0372018061632757787716","1986","tags=26%, list=14%, signal=22%","DPYSL3/CEP97/KATNIP/VIM/APP/DAB2/PRNP/PMP22/KREMEN1/CDH1/KANK1/TRPV4/SEMA3A/EPHB2/GRIN2B/WDR44/MAP2/FGF13/PLXNB3/PRAG1/NR2F1/PTPRG/DIP2B/NLGN1/SPOCK1/WNT5A/MYLIP/TACSTD2/TRAK2/INPP5F/APOE/RTN4/KIAA0319/LRIG2/NGEF/GLCE/PTPRS/MARCHF7/MPHOSPH9/MAP4","0.4317076958033464"
"GOBP_MAINTENANCE_OF_CELL_POLARITY","GOBP_MAINTENANCE_OF_CELL_POLARITY","13","0.6149664729331259","1.566067593105782","0.046382189239332093089185","0.307850974257767640019","0.1790678292272304128474","2519","tags=54%, list=18%, signal=44%","WNT11/DST/SLC9A1/PDLIM1/PDCD6IP/DLG5/NHERF1","0.2878571172551493"
"GOBP_RESPONSE_TO_ALCOHOL","GOBP_RESPONSE_TO_ALCOHOL","184","0.3584584807086805","1.565403676444334","0.002277195363138085227456","0.059971806140075509250","0.0348838302890920395893","1616","tags=20%, list=12%, signal=18%","EFNA5/SGK1/CPS1/PTGER2/APP/CAT/CCND1/GPR155/CDH1/DAG1/IGFBP7/NR3C1/GRIN2B/TGFBR3/AKR1C3/STAT3/OPRD1/FGFR2/PPARA/CTNNA1/ANKRD13C/PTGER4/JUP/CASP9/GRAMD1C/BIRC2/TP53INP1/ABAT/LIPA/AHR/TNFSF4/ALAD/GLB1/COMT/TGFBR2/SLC2A4","0.4317076958033464"
"GOBP_TRANSFORMING_GROWTH_FACTOR_BETA2_PRODUCTION","GOBP_TRANSFORMING_GROWTH_FACTOR_BETA2_PRODUCTION","7","0.7468061479211965","1.565220194919727","0.030323077833149948701053","0.245204315619729773523","0.1426281161559968535535","2135","tags=57%, list=15%, signal=48%","WNT11/TGFB2/HIF1A/SMAD3","0.3524878575836192"
"GOBP_CARDIAC_CELL_FATE_COMMITMENT","GOBP_CARDIAC_CELL_FATE_COMMITMENT","8","0.7051615432914001","1.565114943005196","0.031891193127020787956294","0.249793708320901475251","0.1452976304898446202607","993","tags=38%, list=7%, signal=35%","ACVR1/TENM4/TBX3","0.3217759180753611"
"GOBP_MRNA_TRANSPORT","GOBP_MRNA_TRANSPORT","124","-0.3654648867845205","-1.564500822919695","0.001943698108609904920754","0.053677107843474292093","0.0312223900018544810175","3132","tags=31%, list=23%, signal=25%","ERH/SEC13/SRSF1/NPIPA1/DDX39B/HSF1/WNK1/NCBP2/ALKBH5/LRPPRC/NUP205/PABPN1/HNRNPA2B1/NXT1/BORCS5/NUP88/ARC/POM121/SRSF7/UPF3B/FXR2/NCBP1/IGF2BP3/HHEX/NCBP3/PARP11/RBM33/RAE1/MAGOH/MAGOHB/THOC1/NUP58/QKI/SEH1L/UPF3A/SMG5/NUP42/SEM1/PCID2","0.4550598673872295"
"GOBP_CELLULAR_RESPONSE_TO_POTASSIUM_ION","GOBP_CELLULAR_RESPONSE_TO_POTASSIUM_ION","9","0.6776955506292811","1.563261767842779","0.033097161398859493985913","0.252682143082909649312","0.1469777477736840531897","1929","tags=44%, list=14%, signal=38%","KCNJ10/DLG4/NEK7/SOD1","0.3217759180753611"
"GOBP_AMYLOID_FIBRIL_FORMATION","GOBP_AMYLOID_FIBRIL_FORMATION","35","0.4838908318896947","1.563084620307150","0.014775667552611639748994","0.168470444952305092867","0.0979942874609684572151","2114","tags=37%, list=15%, signal=32%","FURIN/HSPG2/APP/LDLR/CLU/GSN/FKBP1A/APOE/SERF1A/CHRNA7/RIPK1/B2M/TREM2","0.3807304007227924"
"GOBP_APOPTOTIC_PROCESS_INVOLVED_IN_HEART_MORPHOGENESIS","GOBP_APOPTOTIC_PROCESS_INVOLVED_IN_HEART_MORPHOGENESIS","4","0.8761202659728246","1.562774893809745","0.010965046063116243996172","0.142467136952438788722","0.0828689303706111601855","1718","tags=100%, list=12%, signal=88%","CCN1/TGFB2/BMP4/FOXC1","0.3807304007227924"
"GOBP_IMP_CATABOLIC_PROCESS","GOBP_IMP_CATABOLIC_PROCESS","5","0.7989670192815619","1.562673589033077","0.020910309412148997409986","0.204954895088310634632","0.1192162157077613915401","1099","tags=40%, list=8%, signal=37%","NT5C2/XDH","0.3524878575836192"
"GOBP_WNT_SIGNALING_PATHWAY_CALCIUM_MODULATING_PATHWAY","GOBP_WNT_SIGNALING_PATHWAY_CALCIUM_MODULATING_PATHWAY","5","0.7989175255208651","1.562576785797403","0.020910309412148997409986","0.204954895088310634632","0.1192162157077613915401","863","tags=60%, list=6%, signal=56%","WNT11/NLK/WNT5A","0.3524878575836192"
"GOBP_CELLULAR_RESPONSE_TO_COPPER_ION","GOBP_CELLULAR_RESPONSE_TO_COPPER_ION","16","0.5786530173078721","1.562165662583584","0.025114853180267092402911","0.222450217863755961289","0.1293927288033657196920","2537","tags=50%, list=18%, signal=41%","APP/MT1E/PRNP/MT1X/NFE2L1/MT2A/BECN1/MT1F","0.3524878575836192"
"GOBP_REGULATION_OF_PROTEIN_TARGETING_TO_MEMBRANE","GOBP_REGULATION_OF_PROTEIN_TARGETING_TO_MEMBRANE","29","0.5035865824331769","1.562027489810304","0.026906986162287694491768","0.229555298152966019698","0.1335255443870796698835","621","tags=17%, list=4%, signal=17%","CEMIP/ITGB2/PRNP/MTCL1/TCAF2","0.3524878575836192"
"GOBP_ADULT_LOCOMOTORY_BEHAVIOR","GOBP_ADULT_LOCOMOTORY_BEHAVIOR","68","0.4219524924008475","1.561723303712091","0.008778876395424196552031","0.127777513547025933782","0.0743244098222685251054","2570","tags=34%, list=19%, signal=28%","TUBA1A/ATXN1/APP/KCNJ10/CLN8/HOXB8/SEZ6L2/OPRD1/FOXA2/NLGN2/OXR1/INPP5F/BTBD9/GRIN2D/PUM1/PPT1/CNTN2/WDR47/HIPK2/CNP/GLRA1/TBCE/MECP2","0.3807304007227924"
"GOBP_GLIAL_CELL_DIFFERENTIATION","GOBP_GLIAL_CELL_DIFFERENTIATION","200","0.3576018954034438","1.561372373865210","0.001224001409952953046620","0.042535513112384203127","0.0247416530562071142196","2430","tags=30%, list=18%, signal=26%","TUBA1A/MYCN/VIM/CUL4B/APP/NDRG1/KCNJ10/LAMB2/LDLR/ITGB4/PTPRJ/LIN28A/CLU/MED12/TNFRSF21/DAG1/NR3C1/GBA1/STAT3/NCMAP/TENM4/GRN/DAAM2/GLI3/NF1/NTRK2/PLPP3/TPPP/B4GALT5/SUZ12/NCSTN/ANO1/DLL1/SOX9/MMP24/NFIB/ADGRG6/SH3TC2/EOMES/HMGA2/IL6ST/NFE2L1/SOD1/CNTN2/IL1B/DUSP10/CSPG5/TREM2/NAGLU/CNP/VTN/METTL14/ZNF488/RHOA/IFNGR1/CTNNB1/CXCR4/SPINT1/SOS1/ARHGEF10/SKI","0.4550598673872295"
"GOBP_MITOCHONDRIAL_DNA_METABOLIC_PROCESS","GOBP_MITOCHONDRIAL_DNA_METABOLIC_PROCESS","20","-0.5403716179426681","-1.561259544366455","0.027355860792244692664132","0.231029787132643243952","0.1343832111248474125986","2252","tags=35%, list=16%, signal=29%","LIG3/SESN2/METTL4/SSBP1/TOP3A/DNAJA3/TWNK","0.3524878575836192"
"GOBP_REGULATION_OF_CARDIAC_MUSCLE_CELL_MEMBRANE_REPOLARIZATION","GOBP_REGULATION_OF_CARDIAC_MUSCLE_CELL_MEMBRANE_REPOLARIZATION","17","0.5741278988246188","1.560909843515550","0.024821328431412818804613","0.220916901491752443176","0.1285008439070608743382","1417","tags=29%, list=10%, signal=26%","GJA5/SCN5A/SCN1B/CACNA1D/ANK2","0.3524878575836192"
"GOBP_MITOCHONDRIAL_RNA_PROCESSING","GOBP_MITOCHONDRIAL_RNA_PROCESSING","29","-0.4810582070506610","-1.560884620948428","0.035226713375139231954059","0.261339754079301600509","0.1520136246655973411013","4076","tags=55%, list=29%, signal=39%","ANGEL2/GTPBP3/TRMT5/TRMT61B/MTO1/PNPT1/LRPPRC/SUPV3L1/PUS1/CDK5RAP1/TRIT1/SLIRP/FASTKD3/HSD17B10/TBRG4/RPUSD4","0.3217759180753611"
"GOBP_DISACCHARIDE_METABOLIC_PROCESS","GOBP_DISACCHARIDE_METABOLIC_PROCESS","6","0.7698673377415569","1.560772296604829","0.025805847477821195617986","0.225273882489681914754","0.1310351712099533660894","644","tags=33%, list=5%, signal=32%","MGAM2/GAA","0.3524878575836192"
"GOBP_HEMIDESMOSOME_ASSEMBLY","GOBP_HEMIDESMOSOME_ASSEMBLY","6","0.7698550187715989","1.560747322033119","0.025805847477821195617986","0.225273882489681914754","0.1310351712099533660894","296","tags=50%, list=2%, signal=49%","DST/ITGB4/LAMC1","0.3524878575836192"
"GOBP_ACTIVATION_OF_MEIOSIS","GOBP_ACTIVATION_OF_MEIOSIS","4","0.8749638623879734","1.560712165027287","0.011276106056498392052334","0.143468589075248731390","0.0834514455247013509087","1734","tags=100%, list=13%, signal=87%","MSX1/PLCB1/MSX2/NPR2","0.3807304007227924"
"GOBP_PYROPTOTIC_INFLAMMATORY_RESPONSE","GOBP_PYROPTOTIC_INFLAMMATORY_RESPONSE","27","0.5099536385596111","1.560561012025185","0.028749966460768286435901","0.237635554424210498903","0.1382255910690172451272","1066","tags=30%, list=8%, signal=27%","IFI27/CARD8/GBP1/CASP4/ZDHHC9/TRIM21/GBP3/ZBP1","0.3524878575836192"
"GOBP_NEGATIVE_REGULATION_OF_STEROID_BIOSYNTHETIC_PROCESS","GOBP_NEGATIVE_REGULATION_OF_STEROID_BIOSYNTHETIC_PROCESS","21","0.5572261234610878","1.560434565771628","0.021668387330205443608300","0.208723471060055870696","0.1214082851665810314223","1399","tags=33%, list=10%, signal=30%","ATP1A1/INSIG2/REST/PROX1/SNAI2/DKK3/APOE","0.3524878575836192"
"GOBP_REGULATION_OF_CELL_COMMUNICATION_BY_ELECTRICAL_COUPLING","GOBP_REGULATION_OF_CELL_COMMUNICATION_BY_ELECTRICAL_COUPLING","13","0.6126563194246444","1.560184578821317","0.046382189239332093089185","0.307850974257767640019","0.1790678292272304128474","331","tags=31%, list=2%, signal=30%","CAMK2D/GJA5/CAV1/CALM2","0.2878571172551493"
"GOBP_LYMPHOCYTE_CHEMOTAXIS","GOBP_LYMPHOCYTE_CHEMOTAXIS","23","0.5264778324978902","1.559731423054758","0.036285468003257326241595","0.267283320596001960912","0.1554708219558747217537","2080","tags=35%, list=15%, signal=30%","NEDD9/SAA1/CCL2/WNT5A/ADAM10/ADAM8/HSD3B7/CX3CL1","0.3217759180753611"
"GOBP_GLUCOSE_CATABOLIC_PROCESS","GOBP_GLUCOSE_CATABOLIC_PROCESS","23","-0.5185939115480376","-1.559489247915150","0.027547877444965066656701","0.232293824963317352417","0.1351184646381605736210","1143","tags=22%, list=8%, signal=20%","ENO2/PFKFB2/TPI1/FOXK1/TKTL1","0.3524878575836192"
"GOBP_ACTIN_FILAMENT_BASED_TRANSPORT","GOBP_ACTIN_FILAMENT_BASED_TRANSPORT","9","0.6759511449476154","1.559237892066668","0.034075521423392068909308","0.255936413751909619396","0.1488706610113979811327","2838","tags=78%, list=21%, signal=62%","FNBP1L/MYO19/MYO1C/MYO5C/ACTN4/MYO5A/SYNE2","0.3217759180753611"
"GOBP_BIOLOGICAL_PROCESS_INVOLVED_IN_SYMBIOTIC_INTERACTION","GOBP_BIOLOGICAL_PROCESS_INVOLVED_IN_SYMBIOTIC_INTERACTION","160","0.3665929481292287","1.559139680007322","0.002512889827281576064083","0.062896821171988540056","0.0365852252367108166098","997","tags=17%, list=7%, signal=16%","NCAM1/KRT6A/NECTIN3/FURIN/CD46/ITGB6/TRIM5/LDLR/DEFA5/LGALS9/CAV1/TMPRSS2/SELPLG/DAG1/CTSB/LGALS1/ITGAV/BST2/APOL1/KPNA2/IFIT1/ITGB5/SLC1A5/NECTIN2/TRIM62/FN1/TRIM21","0.4317076958033464"
"GOBP_REGULATION_OF_TUBE_SIZE","GOBP_REGULATION_OF_TUBE_SIZE","98","0.3913849431772582","1.558641797494247","0.006834890507623763919454","0.111805877830791433603","0.0650341805358102820200","2326","tags=27%, list=17%, signal=22%","EXT1/KCNMA1/GJA5/CPS1/ADM/KCNMB4/CAV1/BMPR2/KLF2/EDN2/SCPEP1/GAB1/ADRA1B/HRH1/ACE/APOE/KAT2B/EDN1/FOXC1/SLC6A4/SOD1/DOCK5/BLOC1S6/PPARD/EDN3/RHOA","0.4070179189239539"
"GOBP_UBIQUITIN_DEPENDENT_PROTEIN_CATABOLIC_PROCESS_VIA_THE_N_END_RULE_PATHWAY","GOBP_UBIQUITIN_DEPENDENT_PROTEIN_CATABOLIC_PROCESS_VIA_THE_N_END_RULE_PATHWAY","5","0.7966860846153214","1.558212383156958","0.021244867282183270418283","0.206561540924360242943","0.1201507541898695491378","2267","tags=60%, list=16%, signal=50%","UBR1/ATE1/UBR4","0.3524878575836192"
"GOBP_REGULATION_OF_KERATINOCYTE_PROLIFERATION","GOBP_REGULATION_OF_KERATINOCYTE_PROLIFERATION","32","0.4958334156189502","1.558002566597309","0.024153557894010004025720","0.219659404690923126813","0.1277693951178290043824","2173","tags=41%, list=16%, signal=34%","CD109/VDR/HAS2/FGFR2/NOTCH2/SNAI2/INTU/CDH3/STXBP4/PTPRK/SFN/BCL11B/OVOL2","0.3524878575836192"
"GOBP_G_PROTEIN_COUPLED_RECEPTOR_INTERNALIZATION","GOBP_G_PROTEIN_COUPLED_RECEPTOR_INTERNALIZATION","10","0.6786739565356962","1.557490279941970","0.031761326584129390138145","0.249656401494081997550","0.1452177631596341667031","1218","tags=40%, list=9%, signal=37%","APP/ADM/ARRB1/APLN","0.3217759180753611"
"GOBP_RESPONSE_TO_CALORIC_RESTRICTION","GOBP_RESPONSE_TO_CALORIC_RESTRICTION","10","0.6784195510806126","1.556906444331894","0.031761326584129390138145","0.249656401494081997550","0.1452177631596341667031","1399","tags=50%, list=10%, signal=45%","LDLR/FASN/NQO1/ACACB/APOE","0.3217759180753611"
"GOBP_PYRIMIDINE_NUCLEOBASE_CATABOLIC_PROCESS","GOBP_PYRIMIDINE_NUCLEOBASE_CATABOLIC_PROCESS","7","0.7428022744318421","1.556828534432081","0.031910659386447555452282","0.249793708320901475251","0.1452976304898446202607","1041","tags=57%, list=8%, signal=53%","DPYSL3/DPYSL2/DPYD/ALDH6A1","0.3217759180753611"
"GOBP_POSITIVE_REGULATION_OF_HEART_RATE","GOBP_POSITIVE_REGULATION_OF_HEART_RATE","19","0.5595743357605516","1.556479156989998","0.021904333776195928501496","0.210191596767147576008","0.1222622505764208028500","2271","tags=42%, list=16%, signal=35%","TPM1/SCN3B/ADM/EDN2/ATP2A2/EDN1/PDE4D/EDN3","0.3524878575836192"
"GOBP_ASTROCYTE_CELL_MIGRATION","GOBP_ASTROCYTE_CELL_MIGRATION","5","0.7954573924885238","1.555809224216397","0.022248541525970083609920","0.211387799697345613037","0.1229580465294537600096","1885","tags=80%, list=14%, signal=69%","CCL2/MMP14/APCDD1/HEXB","0.3524878575836192"
"GOBP_NEGATIVE_REGULATION_OF_LIPID_LOCALIZATION","GOBP_NEGATIVE_REGULATION_OF_LIPID_LOCALIZATION","33","0.4916349067109231","1.555756600373164","0.018285517814710036677006","0.191075793741521143820","0.1111431519281634583418","2222","tags=36%, list=16%, signal=31%","THBS1/ITGAV/TTC39B/PPARA/NR1H3/EGF/ACSL4/APOE/PCSK9/PLA2R1/TREM2/PPARD","0.3524878575836192"
"GOBP_FATTY_ACID_ALPHA_OXIDATION","GOBP_FATTY_ACID_ALPHA_OXIDATION","6","0.7673688110407321","1.555706967728279","0.028933792764229922245267","0.238157454400558410423","0.1385291648876925962863","2133","tags=67%, list=15%, signal=56%","SLC27A2/HACL1/SLC25A17/PEX13","0.3524878575836192"
"GOBP_NEGATIVE_REGULATION_OF_HUMORAL_IMMUNE_RESPONSE","GOBP_NEGATIVE_REGULATION_OF_HUMORAL_IMMUNE_RESPONSE","9","0.6743078404545764","1.555447229601042","0.034724559536330502906853","0.258936833585593884077","0.1506159167075462879115","198","tags=22%, list=1%, signal=22%","CD46/CLU","0.3217759180753611"
"GOBP_REGULATION_OF_G_PROTEIN_COUPLED_RECEPTOR_INTERNALIZATION","GOBP_REGULATION_OF_G_PROTEIN_COUPLED_RECEPTOR_INTERNALIZATION","4","0.8719055256395549","1.555256873016735","0.012364817037903826080214","0.154040593732925362724","0.0896008687292067923513","1218","tags=50%, list=9%, signal=46%","APP/APLN","0.3807304007227924"
"GOBP_MICROGLIAL_CELL_PROLIFERATION","GOBP_MICROGLIAL_CELL_PROLIFERATION","7","0.7419814874977961","1.555108258978443","0.032228175778583389998744","0.250400971695626695102","0.1456508576788876907493","2114","tags=57%, list=15%, signal=48%","CLU/GBA1/CX3CL1/TREM2","0.3217759180753611"
"GOBP_POSITIVE_REGULATION_OF_ACTION_POTENTIAL","GOBP_POSITIVE_REGULATION_OF_ACTION_POTENTIAL","5","0.7947351778249691","1.554396668061871","0.023252216624559420704577","0.215209257839267337209","0.1251808759864873610290","874","tags=60%, list=6%, signal=56%","SCN5A/GBA1/SLC9A1","0.3524878575836192"
"GOBP_POSITIVE_REGULATION_OF_T_CELL_APOPTOTIC_PROCESS","GOBP_POSITIVE_REGULATION_OF_T_CELL_APOPTOTIC_PROCESS","10","0.6773098686450360","1.554359831793444","0.032759055614665050226719","0.251285880950303575077","0.1461655832849381997374","1874","tags=50%, list=14%, signal=43%","TGFB2/LGALS9/WNT5A/PERP/ADAM8","0.3217759180753611"
"GOBP_NEGATIVE_REGULATION_OF_INTERFERON_ALPHA_PRODUCTION","GOBP_NEGATIVE_REGULATION_OF_INTERFERON_ALPHA_PRODUCTION","5","0.7946622209789481","1.554253974141266","0.023252216624559420704577","0.215209257839267337209","0.1251808759864873610290","1796","tags=80%, list=13%, signal=70%","HAVCR2/IL10/NMI/PTPRS","0.3524878575836192"
"GOBP_NEGATIVE_REGULATION_OF_INTERLEUKIN_10_PRODUCTION","GOBP_NEGATIVE_REGULATION_OF_INTERLEUKIN_10_PRODUCTION","10","0.6772089414542551","1.554128213772583","0.032759055614665050226719","0.251285880950303575077","0.1461655832849381997374","1328","tags=30%, list=10%, signal=27%","THBS1/TNFRSF21/DLL1","0.3217759180753611"
"GOBP_ENZYME_DIRECTED_RRNA_PSEUDOURIDINE_SYNTHESIS","GOBP_ENZYME_DIRECTED_RRNA_PSEUDOURIDINE_SYNTHESIS","6","-0.7414340252968359","-1.553230258439291","0.031734833971163209365152","0.249656401494081997550","0.1452177631596341667031","396","tags=33%, list=3%, signal=32%","DKC1/RPUSD4","0.3217759180753611"
"GOBP_CELLULAR_RESPONSE_TO_INDOLE_3_METHANOL","GOBP_CELLULAR_RESPONSE_TO_INDOLE_3_METHANOL","5","0.7940327208015194","1.553022755232575","0.023252216624559420704577","0.215209257839267337209","0.1251808759864873610290","2365","tags=80%, list=17%, signal=66%","CDH1/CTNNA1/JUP/CTNNB1","0.3524878575836192"
"GOBP_AMYLOID_PRECURSOR_PROTEIN_METABOLIC_PROCESS","GOBP_AMYLOID_PRECURSOR_PROTEIN_METABOLIC_PROCESS","69","0.4163557512818811","1.552520027181537","0.015675293067807551106174","0.175693909801676317883","0.1021959638506395595670","1456","tags=23%, list=11%, signal=21%","ADAM19/BACE2/APP/PRNP/CLU/DLG1/NTRK2/FLOT2/KLK6/DYRK1A/ADAM10/NCSTN/FKBP1A/APOE/ABCA7/RTN4","0.3524878575836192"
"GOBP_EMBRYONIC_PLACENTA_DEVELOPMENT","GOBP_EMBRYONIC_PLACENTA_DEVELOPMENT","78","0.4086631387963244","1.552404773618550","0.010129442071622656376673","0.136715020425619671052","0.0795230938911166140848","2975","tags=38%, list=21%, signal=30%","ADM/ESRRB/CCN1/PRDM1/KRT19/EPAS1/FGFR2/HIF1A/CSF2/CITED2/PDGFB/GJB5/LLGL2/STK3/EOMES/ARNT/IL10/NODAL/VASH2/OVOL2/BIRC6/SPINT1/RBPJ/GGNBP2/CASP8/ZFP36L1/MED1/BPTF/KRT8/SPINT2","0.3807304007227924"
"GOBP_PURKINJE_MYOCYTE_TO_VENTRICULAR_CARDIAC_MUSCLE_CELL_COMMUNICATION","GOBP_PURKINJE_MYOCYTE_TO_VENTRICULAR_CARDIAC_MUSCLE_CELL_COMMUNICATION","5","0.7936096305406904","1.552195246761739","0.023252216624559420704577","0.215209257839267337209","0.1251808759864873610290","751","tags=60%, list=5%, signal=57%","GJA5/SCN5A/SCN1B","0.3524878575836192"
"GOBP_DNA_TEMPLATED_TRANSCRIPTION_TERMINATION","GOBP_DNA_TEMPLATED_TRANSCRIPTION_TERMINATION","47","-0.4336588894793672","-1.551765139438436","0.014385896478769380490981","0.167175625800483201866","0.0972411293612820831767","2999","tags=40%, list=22%, signal=32%","POLR3F/POLR2E/TTF1/WNK1/POLR1H/POLR1B/POLR3D/POLR1C/SSU72/POLR3H/POLR2F/POLR3K/POLR2H/POLR3E/POLR1F/POLR1G/MTERF1/CRCP/POLR1D","0.3807304007227924"
"GOBP_AMINOGLYCAN_BIOSYNTHETIC_PROCESS","GOBP_AMINOGLYCAN_BIOSYNTHETIC_PROCESS","36","0.4737073681644000","1.551437662536440","0.017070361392396544986116","0.184772033968667814818","0.1074764408475299276580","1149","tags=28%, list=8%, signal=26%","EXT1/B3GNT2/CLTC/HAS2/XYLT2/B4GALT5/GALNT5/EGF/PDGFB/AP2A1","0.3524878575836192"
"GOBP_REGULATION_OF_PROTEIN_LOCALIZATION_TO_CELL_SURFACE","GOBP_REGULATION_OF_PROTEIN_LOCALIZATION_TO_CELL_SURFACE","32","0.4937243949427186","1.551375623912388","0.024469286210319268759505","0.220234328247140315193","0.1281038111885645924826","2365","tags=41%, list=17%, signal=34%","RAB11FIP5/EPHB2/EGF/ABCA12/NEDD4L/ABCA7/LRIG2/LEPROT/HFE/RAB11B/MAP1A/SNX33/CTNNB1","0.3524878575836192"
"GOBP_GLAND_MORPHOGENESIS","GOBP_GLAND_MORPHOGENESIS","101","0.3929179281485501","1.550992689134751","0.004238344649568005946538","0.087523986679141768663","0.0509101208392602477826","1709","tags=33%, list=12%, signal=29%","TNC/VDR/TGFB2/CAV1/DAG1/NR3C1/AR/FGFR2/NOTCH2/GLI3/FRS2/TGFA/BMP4/PROX1/TFAP2C/SNAI2/WNT5A/CEACAM1/PERP/PLXNA1/TBX3/EDA/PML/DDR1/NTN4/LIPA/SOX9/RTN4/TGFBR2/NFIB/MSX2/EZR/MSN","0.4070179189239539"
"GOBP_POSITIVE_REGULATION_OF_COLLAGEN_METABOLIC_PROCESS","GOBP_POSITIVE_REGULATION_OF_COLLAGEN_METABOLIC_PROCESS","17","0.5704686605118979","1.550961291783804","0.025757970209773290576338","0.225273882489681914754","0.1310351712099533660894","706","tags=24%, list=5%, signal=22%","VIM/RUNX1/PRDX5/BMP4","0.3524878575836192"
"GOBP_REGULATION_OF_PROSTAGLANDIN_SECRETION","GOBP_REGULATION_OF_PROSTAGLANDIN_SECRETION","6","0.7647869387662889","1.550472670178854","0.030497766721030897252298","0.245544480963169997612","0.1428259803004096606394","2013","tags=67%, list=15%, signal=57%","ACSL4/P2RX7/EDN1/IL1B","0.3524878575836192"
"GOBP_PARAXIAL_MESODERM_MORPHOGENESIS","GOBP_PARAXIAL_MESODERM_MORPHOGENESIS","9","0.6720523661080574","1.550244455566316","0.036022636802778770781508","0.265886596644900607966","0.1546583888409351903448","2135","tags=56%, list=15%, signal=47%","WNT11/WNT5A/NCKAP1/FOXC1/SMAD3","0.3217759180753611"
"GOBP_REGULATION_OF_MRNA_PROCESSING","GOBP_REGULATION_OF_MRNA_PROCESSING","133","-0.3559628142975452","-1.550150282248987","0.005059548481450531869086","0.096278242447675604909","0.0560022131438268622183","3979","tags=40%, list=29%, signal=29%","RBM7/KHDRBS1/RBM11/PUF60/HNRNPL/SRPK2/SRSF2/YTHDC1/SRSF3/NPM1/PTBP1/CCNL2/SNRNP70/PNN/METTL16/PRPF19/SRSF1/RBPMS2/RBM25/CCNL1/NCBP2/CDK11B/ALKBH5/SRPK1/SNRPE/SRSF10/AAR2/CLNS1A/SNW1/C1QBP/DHX36/SNRPF/SRSF7/WDR77/UPF3B/DAZAP1/RNPS1/U2AF2/NCBP1/RBM39/RBM19/TRA2B/RBM24/MAGOH/H1-2/MAGOHB/SNRPD1/SRSF6/QKI/UPF3A/SAP18/RBM10/ARGLU1","0.4070179189239539"
"GOBP_REGULATION_OF_MITOCHONDRIAL_GENE_EXPRESSION","GOBP_REGULATION_OF_MITOCHONDRIAL_GENE_EXPRESSION","31","-0.4763179634246208","-1.549899302292399","0.016540494287184535904256","0.181470709981603139926","0.1055561580829073864418","2290","tags=39%, list=17%, signal=32%","LRPPRC/ALKBH1/MALSU1/C1QBP/CDK5RAP1/METTL4/MTG1/DDX3X/FASTKD3/MTG2/RPUSD4/SHMT2","0.3524878575836192"
"GOBP_CONSTITUTIVE_HETEROCHROMATIN_FORMATION","GOBP_CONSTITUTIVE_HETEROCHROMATIN_FORMATION","47","-0.4331307188676681","-1.549875182232914","0.014757140334367827017026","0.168470444952305092867","0.0979942874609684572151","2158","tags=28%, list=16%, signal=23%","SPIN1/SMYD5/PIWIL4/DNMT3A/ATF7IP/L3MBTL1/PIWIL2/ZNF512/MPHOSPH8/EZH2/PIWIL1/TEX15/CENPV","0.3807304007227924"
"GOBP_REGULATION_OF_HOMOPHILIC_CELL_ADHESION","GOBP_REGULATION_OF_HOMOPHILIC_CELL_ADHESION","4","0.8688101864679528","1.549735578129401","0.013142468537142524068195","0.158708206694019665628","0.0923158814805265237613","935","tags=75%, list=7%, signal=70%","PTPRG/PTPN23/CEACAM1","0.3807304007227924"
"GOBP_CARDIAC_CONDUCTION_SYSTEM_DEVELOPMENT","GOBP_CARDIAC_CONDUCTION_SYSTEM_DEVELOPMENT","26","0.5099415716590965","1.549439902249476","0.031319721249661480744209","0.248255750001625696832","0.1444030455097624066063","1603","tags=27%, list=12%, signal=24%","GJA5/SCN5A/NOTCH2/BMP4/MSX1/TBX3/MSX2","0.3217759180753611"
"GOBP_REGULATION_OF_NERVOUS_SYSTEM_PROCESS","GOBP_REGULATION_OF_NERVOUS_SYSTEM_PROCESS","79","0.4067961333044041","1.548950336770437","0.009201247299954215183582","0.130006564135178026564","0.0756209827859254807292","2269","tags=32%, list=16%, signal=27%","MGLL/APP/DLG4/TNFRSF21/DAG1/GBA1/GRIN2B/NCMAP/TENM4/WNT7A/CCN3/TPPP/NLGN1/UNC13B/NLGN2/ABAT/CST7/RIMS2/NLGN3/GRIN2D/CHRNA7/EIF2AK3/FIG4/ZNF488/GLRA1","0.3807304007227924"
"GOBP_VENTRICULAR_CARDIAC_MUSCLE_TISSUE_DEVELOPMENT","GOBP_VENTRICULAR_CARDIAC_MUSCLE_TISSUE_DEVELOPMENT","50","0.4388101967767947","1.548939282756683","0.019116580041034319376037","0.194225603808957369978","0.1129753035158391483161","2814","tags=36%, list=20%, signal=29%","TPM1/HEG1/TGFB2/TGFBR3/FGFR2/PROX1/ADAMTS9/TBX3/MYL3/FKBP1A/LRP2/FOXC1/NAGLU/UBE4B/DSP/RBPJ/PPP1R13L/MED1","0.3524878575836192"
"GOBP_REGULATION_OF_LONG_TERM_NEURONAL_SYNAPTIC_PLASTICITY","GOBP_REGULATION_OF_LONG_TERM_NEURONAL_SYNAPTIC_PLASTICITY","20","0.5443319214421066","1.548589995046070","0.029207760550250334158351","0.239161177989253875831","0.1391130012864735532307","1121","tags=35%, list=8%, signal=32%","APP/KCNJ10/DLG4/EPHB2/NPTN/NF1/RAB11A","0.3524878575836192"
"GOBP_DOUBLE_STRAND_BREAK_REPAIR_INVOLVED_IN_MEIOTIC_RECOMBINATION","GOBP_DOUBLE_STRAND_BREAK_REPAIR_INVOLVED_IN_MEIOTIC_RECOMBINATION","7","0.7387506786190888","1.548336853417635","0.035982802899458293799384","0.265862764454491917743","0.1546445263588933638488","433","tags=29%, list=3%, signal=28%","BRIP1/FANCD2","0.3217759180753611"
"GOBP_REGULATION_OF_MACROPHAGE_ACTIVATION","GOBP_REGULATION_OF_MACROPHAGE_ACTIVATION","35","0.4793075792401548","1.548279603854367","0.016535984861851957955503","0.181470709981603139926","0.1055561580829073864418","2495","tags=43%, list=18%, signal=35%","THBS1/RORA/LDLR/PJA2/GRN/NR1H3/WNT5A/CST7/GPR137B/HAVCR2/IL10/CX3CL1/TREM2/SYT11/MYO18A","0.3524878575836192"
"GOBP_NITRIC_OXIDE_MEDIATED_SIGNAL_TRANSDUCTION","GOBP_NITRIC_OXIDE_MEDIATED_SIGNAL_TRANSDUCTION","12","0.6085548207285428","1.548027945273743","0.048664958027522915717800","0.310319218747935887670","0.1805035342267747866529","144","tags=17%, list=1%, signal=17%","THBS1/ATP2B4","0.3217759180753611"
"GOBP_POSITIVE_REGULATION_OF_NEUROTRANSMITTER_UPTAKE","GOBP_POSITIVE_REGULATION_OF_NEUROTRANSMITTER_UPTAKE","3","0.9119818575986877","1.547906094215081","0.010040644883776612267257","0.136559851384408209585","0.0794328366377816258437","18","tags=33%, list=0%, signal=33%","RAB3B","0.3807304007227924"
"GOBP_NUCLEOLAR_CHROMATIN_ORGANIZATION","GOBP_NUCLEOLAR_CHROMATIN_ORGANIZATION","11","-0.6247923392100330","-1.547793450533022","0.045011884834625252860274","0.304159445407279016571","0.1769205758057317279253","2580","tags=45%, list=19%, signal=37%","BEND3/DDX11/RRP8/SUV39H1/PHF8","0.3217759180753611"
"GOBP_TRICARBOXYLIC_ACID_CYCLE","GOBP_TRICARBOXYLIC_ACID_CYCLE","33","-0.4691693621720422","-1.547697146978799","0.025667468778814109264808","0.225273882489681914754","0.1310351712099533660894","1604","tags=36%, list=12%, signal=32%","IDH3A/FH/OGDH/DLD/COL6A1/DLAT/SDHD/DLST/CS/MDH2/SUCLA2/PDHA1","0.3524878575836192"
"GOBP_ESTABLISHMENT_OF_SISTER_CHROMATID_COHESION","GOBP_ESTABLISHMENT_OF_SISTER_CHROMATID_COHESION","12","-0.6019172109779394","-1.547634351319894","0.047938937656580332680178","0.308508376171725717807","0.1794502205253126203566","1438","tags=33%, list=10%, signal=30%","STAG3/DDX11/SMC1A/NAA50","0.3217759180753611"
"GOBP_TYPE_IV_HYPERSENSITIVITY","GOBP_TYPE_IV_HYPERSENSITIVITY","4","-0.8519264838494541","-1.547632264063708","0.019131967917435020037908","0.194225603808957369978","0.1129753035158391483161","1707","tags=75%, list=12%, signal=66%","IL20RB/ZP3/SPN","0.3524878575836192"
"GOBP_NEGATIVE_REGULATION_OF_TOLL_LIKE_RECEPTOR_9_SIGNALING_PATHWAY","GOBP_NEGATIVE_REGULATION_OF_TOLL_LIKE_RECEPTOR_9_SIGNALING_PATHWAY","4","0.8673749638623880","1.547175507392407","0.013453529292950175064170","0.160976908162598242313","0.0936355181915113354840","1839","tags=100%, list=13%, signal=87%","RAB7B/GRAMD4/PTPRS/PPT1","0.3807304007227924"
"GOBP_EMBRYONIC_CAMERA_TYPE_EYE_MORPHOGENESIS","GOBP_EMBRYONIC_CAMERA_TYPE_EYE_MORPHOGENESIS","20","0.5438049305294479","1.547090739127619","0.030418434307225187401835","0.245204315619729773523","0.1426281161559968535535","1509","tags=40%, list=11%, signal=36%","ALDH1A3/STRA6/ZEB1/FRS2/PROX1/WNT5A/CITED2/HIPK1","0.3524878575836192"
"GOBP_REGULATION_OF_PROTEIN_MATURATION","GOBP_REGULATION_OF_PROTEIN_MATURATION","49","0.4454526177892242","1.546979240106207","0.013249730306112855043876","0.159477642976229461169","0.0927634398652812525166","2816","tags=43%, list=20%, signal=34%","THBS1/FURIN/RUNX1/PRNP/PLGRKT/GSN/ANXA2/CCBE1/MMP14/PLAU/RASAL2/GLG1/MYH9/ADAM8/CNTN2/PRKACB/NKD2/PRKACA/HPN/SERPINE2/CTSZ","0.3807304007227924"
"GOBP_AXO_DENDRITIC_PROTEIN_TRANSPORT","GOBP_AXO_DENDRITIC_PROTEIN_TRANSPORT","8","0.6969721615241669","1.546938506839881","0.047619047619047616404231","0.308056550411335894335","0.1791874068106670270240","2287","tags=50%, list=17%, signal=42%","KIF5B/KIF5C/RAB27B/MAP1A","0.2820133500117251"
"GOBP_CORTICAL_MICROTUBULE_ORGANIZATION","GOBP_CORTICAL_MICROTUBULE_ORGANIZATION","9","0.6705658365157751","1.546815430724373","0.036671675919461507731079","0.268638487984766749506","0.1562590828445423740689","3309","tags=78%, list=24%, signal=59%","KANK1/TRPV4/DLG1/EZR/TLN1/PPFIA1/PPFIBP1","0.3217759180753611"
"GOBP_NEGATIVE_REGULATION_OF_SODIUM_ION_TRANSPORT","GOBP_NEGATIVE_REGULATION_OF_SODIUM_ION_TRANSPORT","13","0.6073181650952634","1.546590487321714","0.046382189239332093089185","0.307850974257767640019","0.1790678292272304128474","2811","tags=46%, list=20%, signal=37%","CAMK2D/NEDD4L/PCSK9/NHERF1/PRKCE/SERPINE2","0.2878571172551493"
"GOBP_KIDNEY_EPITHELIUM_DEVELOPMENT","GOBP_KIDNEY_EPITHELIUM_DEVELOPMENT","109","0.3822313910966344","1.545878888941906","0.005576874613863008062209","0.101515890527536414845","0.0590487985060402578719","3270","tags=34%, list=24%, signal=26%","EXT1/CD24/WNT11/KIF26B/CAT/LAMB2/DLG1/FGFR2/NOTCH2/GLI3/BMP4/IQGAP1/TACSTD2/SMAD6/DLL1/SOX9/EDN1/HOXB7/FOXC1/WNT6/NPNT/KANK2/CD2AP/SMAD3/MYO1E/CTNNB1/LZTS2/AQP11/SIX4/CTNNBIP1/PTCH1/FGFR1/FGF1/PAX8/NOG/SPRY1/BMP7","0.4070179189239539"
"GOBP_NEGATIVE_REGULATION_OF_PROTEIN_MATURATION","GOBP_NEGATIVE_REGULATION_OF_PROTEIN_MATURATION","16","0.5725913701839055","1.545801284082951","0.028954017931391032303345","0.238157454400558410423","0.1385291648876925962863","194","tags=19%, list=1%, signal=19%","THBS1/FURIN/PRNP","0.3524878575836192"
"GOBP_POSITIVE_REGULATION_OF_LYMPHOCYTE_CHEMOTAXIS","GOBP_POSITIVE_REGULATION_OF_LYMPHOCYTE_CHEMOTAXIS","9","0.6699771691626653","1.545457533116458","0.037320715336033059850163","0.271060355485608084347","0.1576678117176513460596","872","tags=33%, list=6%, signal=31%","NEDD9/WNT5A/ADAM10","0.3217759180753611"
"GOBP_NEGATIVE_REGULATION_OF_SODIUM_ION_TRANSMEMBRANE_TRANSPORT","GOBP_NEGATIVE_REGULATION_OF_SODIUM_ION_TRANSMEMBRANE_TRANSPORT","8","0.6958642233372287","1.544479424054099","0.047619047619047616404231","0.308056550411335894335","0.1791874068106670270240","2557","tags=50%, list=18%, signal=41%","CAMK2D/NEDD4L/PCSK9/PRKCE","0.2820133500117251"
"GOBP_CELL_SUBSTRATE_JUNCTION_ORGANIZATION","GOBP_CELL_SUBSTRATE_JUNCTION_ORGANIZATION","96","0.3946289314320677","1.544321164087172","0.007087556914057455657863","0.113729656939466863830","0.0661531860862515919131","2326","tags=33%, list=17%, signal=28%","THBS1/EFNA5/CDH11/DST/ITGB4/PTPRJ/ITGA6/LAMC1/SORBS1/DUSP3/VCL/ACTG1/RAB8B/SLC9A1/FN1/MAPRE2/PTPRA/PEAK1/MMP14/WDPCP/LDB1/PTPRK/ANKRD28/IQSEC1/LAMA3/PRICKLE1/ACTN1/SMAD3/TLN1/FERMT2/MACF1/RHOA","0.4070179189239539"
"GOBP_VASCULAR_PROCESS_IN_CIRCULATORY_SYSTEM","GOBP_VASCULAR_PROCESS_IN_CIRCULATORY_SYSTEM","190","0.3551120000916896","1.544166736493361","0.001929272378593264482272","0.053482081243217093058","0.0311089487823364221897","2326","tags=27%, list=17%, signal=23%","EXT1/ATP8A1/KCNMA1/LEPR/GJA5/CPS1/ATP2B4/AMOT/ADM/SLC1A3/SLC2A1/KCNMB4/PTPRJ/CAV1/SLC4A8/SLC16A2/TRPV4/SLC5A3/BMPR2/SLC6A6/KLF2/EDN2/SCPEP1/SLC1A5/GAB1/SLC44A1/SLC13A3/CEACAM1/ABCC3/ADRA1B/TJP3/HRH1/ACE/SLC2A3/APOE/KAT2B/LRP2/SLCO3A1/EDN1/SLC2A4/FOXC1/SLC6A4/SOD1/DOCK5/ABCG2/BLOC1S6/SLC24A3/PPARD/EDN3/FERMT2/FLVCR2/RHOA","0.4550598673872295"
"GOBP_DISRUPTION_OF_ANATOMICAL_STRUCTURE_IN_ANOTHER_ORGANISM","GOBP_DISRUPTION_OF_ANATOMICAL_STRUCTURE_IN_ANOTHER_ORGANISM","43","0.4497497278111811","1.543648206887188","0.023167673328813438021756","0.215209257839267337209","0.1251808759864873610290","2112","tags=30%, list=15%, signal=26%","KRT6A/DEFA5/GBP1/APOL1/MICA/CCL28/GBP3/PRF1/PCYOX1L/CSNK2A1/LTF/C5/PI4KA","0.3524878575836192"
"GOBP_INTERNAL_PROTEIN_AMINO_ACID_ACETYLATION","GOBP_INTERNAL_PROTEIN_AMINO_ACID_ACETYLATION","7","0.7364476331216928","1.543509933697736","0.037234347640147102964647","0.270703770681069488813","0.1574603968571393342035","2695","tags=57%, list=19%, signal=46%","KAT7/EP300/KAT2B/BAG6","0.3217759180753611"
"GOBP_MRNA_MODIFICATION","GOBP_MRNA_MODIFICATION","25","-0.4991428063708832","-1.543347835865979","0.040749755420326695676270","0.286159808279049299173","0.1664507179298519434774","3201","tags=44%, list=23%, signal=34%","NOP58/SNU13/HNRNPAB/PUS7L/PUS1/METTL3/PUS3/FBL/DKC1/PUS7/RPUSD4","0.3217759180753611"
"GOBP_NEGATIVE_REGULATION_OF_NEURON_PROJECTION_DEVELOPMENT","GOBP_NEGATIVE_REGULATION_OF_NEURON_PROJECTION_DEVELOPMENT","107","0.3819302557287861","1.543227920511061","0.004680676120119108170325","0.092884564645970182917","0.0540282108899337240593","1464","tags=24%, list=11%, signal=22%","DPYSL3/VIM/DAB2/PMP22/KREMEN1/CDH1/KANK1/TRPV4/SEMA3A/EPHB2/MAP2/FGF13/PRAG1/NR2F1/PTPRG/DIP2B/NLGN1/SPOCK1/WNT5A/MYLIP/TRAK2/INPP5F/APOE/RTN4/KIAA0319/LRIG2","0.4070179189239539"
"GOBP_LEUKOCYTE_AGGREGATION","GOBP_LEUKOCYTE_AGGREGATION","10","0.6723329687401139","1.542938333809747","0.035067687594989897792441","0.260959646518864385456","0.1517925273119688778234","2013","tags=70%, list=15%, signal=60%","RAC2/HAS2/STK10/CD44/MSN/SEMA4D/IL1B","0.3217759180753611"
"GOBP_REGULATION_OF_TRANSFORMING_GROWTH_FACTOR_BETA1_PRODUCTION","GOBP_REGULATION_OF_TRANSFORMING_GROWTH_FACTOR_BETA1_PRODUCTION","9","0.6688388321280360","1.542831695063511","0.038618795008371745169917","0.277162359827869575479","0.1612171676166812006592","21","tags=22%, list=0%, signal=22%","THBS1/FURIN","0.3217759180753611"
"GOBP_REGULATION_OF_PROTEIN_LOCALIZATION_TO_PLASMA_MEMBRANE","GOBP_REGULATION_OF_PROTEIN_LOCALIZATION_TO_PLASMA_MEMBRANE","98","0.3873282455518683","1.542486504376942","0.008170730971297147926524","0.122358802153672549529","0.0711725052724905132839","1692","tags=22%, list=12%, signal=20%","CAMK2D/ATP2B4/DAB2/PRNP/CLTC/SORBS1/EPHB2/AR/DLG1/GBP1/ITGA3/AKAP5/SPTBN1/RAB11A/KIF5B/MMP14/ALDH7A1/SQSTM1/TMEM59/PGRMC1/EZR/CAMK2G","0.3807304007227924"
"GOBP_DICARBOXYLIC_ACID_TRANSPORT","GOBP_DICARBOXYLIC_ACID_TRANSPORT","77","0.4035807963554016","1.541119104958590","0.008904065363629889290342","0.128257460655802346672","0.0746035808956091034405","1545","tags=23%, list=11%, signal=21%","SLC26A9/SLC1A3/FOLR1/KCNJ10/CLN8/SLC26A2/ARL6IP5/NF1/NTRK2/UCP2/SLC1A5/SLC25A12/SLC13A3/SLC26A6/P2RX7/ABAT/APBA1/LRP2","0.3807304007227924"
"GOBP_CITRULLINE_BIOSYNTHETIC_PROCESS","GOBP_CITRULLINE_BIOSYNTHETIC_PROCESS","4","0.8638868512927483","1.540953605032275","0.015630956559508041997519","0.175467755010366183166","0.1020644162807581301067","144","tags=50%, list=1%, signal=49%","CPS1/ATP2B4","0.3524878575836192"
"GOBP_CARDIAC_MUSCLE_CELL_PROLIFERATION","GOBP_CARDIAC_MUSCLE_CELL_PROLIFERATION","39","0.4645531362682308","1.539667599848518","0.024880906708006817612544","0.220916901491752443176","0.1285008439070608743382","2974","tags=44%, list=21%, signal=34%","VGLL4/RUNX1/TGFB2/FGF20/TGFBR3/TENM4/FGFR2/FES/NDRG4/FGF9/FOXC1/PRKAR1A/SKI/RBPJ/MAPK14/ARID2/FGFR1","0.3524878575836192"
"GOBP_EMBRYONIC_EYE_MORPHOGENESIS","GOBP_EMBRYONIC_EYE_MORPHOGENESIS","27","0.5029070259847430","1.538996955962666","0.031149537472904022944453","0.247526357402299695964","0.1439787793539361315798","1043","tags=30%, list=8%, signal=27%","ALDH1A3/STRA6/ZEB1/FRS2/FBN3/PROX1/WNT5A/CITED2","0.3524878575836192"
"GOBP_REGULATION_OF_POSTSYNAPSE_ASSEMBLY","GOBP_REGULATION_OF_POSTSYNAPSE_ASSEMBLY","37","0.4688619285548051","1.538996678434001","0.021493021569587555247294","0.208138420879885877035","0.1210679787374569216230","2033","tags=35%, list=15%, signal=30%","NECTIN3/LZTS1/TRIM47/MARK1/MAP1B/NCKIPSD/DOCK1/GNA13/RAC3/RTN4/ARHGAP33/SEMA4C/CC2D1A","0.3524878575836192"
"GOBP_POSITIVE_REGULATION_OF_PROTEIN_TYROSINE_KINASE_ACTIVITY","GOBP_POSITIVE_REGULATION_OF_PROTEIN_TYROSINE_KINASE_ACTIVITY","7","0.7342018790777448","1.538803090305786","0.037860120388304344118957","0.273452400274433848892","0.1590591935990375016541","2720","tags=43%, list=20%, signal=34%","NEDD9/UNC119/SRCIN1","0.3217759180753611"
"GOBP_POSITIVE_REGULATION_OF_OSTEOBLAST_PROLIFERATION","GOBP_POSITIVE_REGULATION_OF_OSTEOBLAST_PROLIFERATION","9","0.6669723865881744","1.538526306085353","0.039916875708683755008543","0.283121355734541113591","0.1646833397278928967644","447","tags=33%, list=3%, signal=32%","CCN1/CTHRC1/ITGAV","0.3217759180753611"
"GOBP_CARDIAC_MUSCLE_TISSUE_MORPHOGENESIS","GOBP_CARDIAC_MUSCLE_TISSUE_MORPHOGENESIS","48","0.4494182396842956","1.538479009383059","0.012482120036623254102914","0.154493285031049476519","0.0898641859016165445162","2528","tags=31%, list=18%, signal=26%","TPM1/HEG1/TGFB2/TGFBR3/FGFR2/PROX1/MYL3/FKBP1A/LRP2/FOXC1/NAGLU/UBE4B/DSP/TCAP/RBPJ","0.3807304007227924"
"GOBP_URINARY_TRACT_SMOOTH_MUSCLE_CONTRACTION","GOBP_URINARY_TRACT_SMOOTH_MUSCLE_CONTRACTION","4","0.8623054771206512","1.538132837210944","0.016093011382238404938239","0.178285710611376907453","0.1037035379159854248110","144","tags=50%, list=1%, signal=49%","KCNMA1/ATP2B4","0.3524878575836192"
"GOBP_MITOCHONDRIAL_RIBOSOME_ASSEMBLY","GOBP_MITOCHONDRIAL_RIBOSOME_ASSEMBLY","25","-0.4972914990310684","-1.537623599956020","0.042875777362823296046113","0.295452344389170395988","0.1718559120282852625827","3669","tags=56%, list=27%, signal=41%","NGRN/TUFM/MTERF3/METTL17/DDX28/NDUFAB1/MALSU1/MCAT/MRPS2/MTG1/MRM3/MTG2/RCC1L/GTPBP10","0.3217759180753611"
"GOBP_NEUROMUSCULAR_PROCESS_CONTROLLING_BALANCE","GOBP_NEUROMUSCULAR_PROCESS_CONTROLLING_BALANCE","43","0.4479468270346527","1.537460221928469","0.024304723119330330638466","0.219811852153592113268","0.1278580693092203068861","1431","tags=26%, list=10%, signal=23%","ALDH1A3/SLC1A3/CLN8/DLG4/GM2A/TPP1/GAA/REST/NLGN2/RAC3/ANKFN1","0.3524878575836192"
"GOBP_TRANSCRIPTION_BY_RNA_POLYMERASE_III","GOBP_TRANSCRIPTION_BY_RNA_POLYMERASE_III","61","-0.4017976278673456","-1.537430913572737","0.018575088117498802370298","0.191751335160920799439","0.1115360944413928967478","1768","tags=28%, list=13%, signal=24%","POLR3D/DHX36/POLR1C/POLR3H/POLR2F/POLR3K/POLR2H/POLR3E/DDX21/GTF3C2/TENM1/MYBBP1A/BAZ1B/GTF3A/CRCP/POLR1D/NAB2","0.3524878575836192"
"GOBP_ALTERNATIVE_MRNA_SPLICING_VIA_SPLICEOSOME","GOBP_ALTERNATIVE_MRNA_SPLICING_VIA_SPLICEOSOME","77","-0.3910830712083197","-1.537415264864953","0.007319092626460751462025","0.114974548866056708318","0.0668773029920187722652","3979","tags=40%, list=29%, signal=29%","RBM7/KHDRBS1/RBM11/PUF60/HNRNPL/SRSF2/YTHDC1/SRSF3/PTBP1/SRSF1/RBPMS2/RBM25/NCBP2/HNRNPM/SRSF10/HNRNPUL2/SRSF7/RNPS1/NCBP1/RBM19/TRA2B/RBM24/MAGOH/SRSF6/STRAP/CDK13/RBM17/BCLAF3/SAP18/PQBP1/ARGLU1","0.4070179189239539"
"GOBP_CONVERGENT_EXTENSION","GOBP_CONVERGENT_EXTENSION","13","0.6032885000149499","1.536328581720179","0.048237476808905381531201","0.309222236595833921413","0.1798654520730589567723","863","tags=31%, list=6%, signal=29%","WNT11/PTK7/NKD1/WNT5A","0.2820133500117251"
"GOBP_INTERMEDIATE_FILAMENT_BUNDLE_ASSEMBLY","GOBP_INTERMEDIATE_FILAMENT_BUNDLE_ASSEMBLY","6","0.7571615946908054","1.535013609634724","0.033598343084148572790237","0.253400587559886925071","0.1473956457297414535113","320","tags=17%, list=2%, signal=16%","KRT14","0.3217759180753611"
"GOBP_POSITIVE_REGULATION_OF_PEPTIDYL_SERINE_PHOSPHORYLATION","GOBP_POSITIVE_REGULATION_OF_PEPTIDYL_SERINE_PHOSPHORYLATION","18","-0.5466842048856786","-1.534970612562527","0.033265674570084537153836","0.252682143082909649312","0.1469777477736840531897","2514","tags=44%, list=18%, signal=36%","MAD2L2/IL11/CREBL2/ARAF/TENM1/SPRY2/STK4/EGFR","0.3217759180753611"
"GOBP_NEPHRIC_DUCT_DEVELOPMENT","GOBP_NEPHRIC_DUCT_DEVELOPMENT","10","0.6687966333335776","1.534822790301330","0.039000403654699526689864","0.279073824378406554203","0.1623290101519686279286","706","tags=20%, list=5%, signal=19%","WNT11/BMP4","0.3217759180753611"
"GOBP_NUCLEAR_MRNA_SURVEILLANCE","GOBP_NUCLEAR_MRNA_SURVEILLANCE","11","-0.6191280268568710","-1.533761291347008","0.049749892947861550085431","0.312842833316293034152","0.1819714463672235105207","2949","tags=55%, list=21%, signal=43%","ZCCHC7/EXOSC5/DXO/EXOSC4/EXOSC8/DIS3","0.3217759180753611"
"GOBP_POSITIVE_REGULATION_OF_CELL_JUNCTION_ASSEMBLY","GOBP_POSITIVE_REGULATION_OF_CELL_JUNCTION_ASSEMBLY","70","0.4142450482709253","1.533718990463144","0.013478336005457799626206","0.161008477644144720742","0.0936538812275354709547","1551","tags=26%, list=11%, signal=23%","CLSTN2/EFNA5/SLITRK5/PTPRJ/CAV1/EPHB2/WNT7A/NTRK2/LRRN1/STAU2/FLRT3/NLGN1/NLGN2/TPBG/AMIGO2/SEMA4A/ANKRD28/NLGN3","0.3807304007227924"
"GOBP_NEGATIVE_REGULATION_OF_HEMATOPOIETIC_STEM_CELL_DIFFERENTIATION","GOBP_NEGATIVE_REGULATION_OF_HEMATOPOIETIC_STEM_CELL_DIFFERENTIATION","4","-0.8442598427119299","-1.533704840270263","0.024332745302421597555220","0.219811852153592113268","0.1278580693092203068861","948","tags=50%, list=7%, signal=47%","N4BP2L2/HSPA9","0.3524878575836192"
"GOBP_POSITIVE_REGULATION_OF_PROTEIN_LOCALIZATION_TO_SYNAPSE","GOBP_POSITIVE_REGULATION_OF_PROTEIN_LOCALIZATION_TO_SYNAPSE","6","0.7564572273064022","1.533585627115770","0.033598343084148572790237","0.253400587559886925071","0.1473956457297414535113","1090","tags=50%, list=8%, signal=46%","WNT7A/WNT5A/NLGN2","0.3217759180753611"
"GOBP_VASCULOGENESIS","GOBP_VASCULOGENESIS","68","0.4142619837563757","1.533259325459152","0.011480011100329838222289","0.145007514124688013935","0.0843465928231983130825","2651","tags=41%, list=19%, signal=33%","AMOT/ADM/SGPL1/PTPRJ/HEG1/CAV1/TGFBR3/HAS2/ITGAV/WNT7A/NTRK2/HDAC7/CEACAM1/CITED2/SPRED1/ELMO3/RTN4/TGFBR2/ZMIZ1/NPR2/ITGB8/MYO1E/CTNNB1/HIF1AN/FOXF1/CUL7/RAPGEF2/ZFP36L1","0.3807304007227924"
"GOBP_POSITIVE_REGULATION_OF_EXTRACELLULAR_MATRIX_ORGANIZATION","GOBP_POSITIVE_REGULATION_OF_EXTRACELLULAR_MATRIX_ORGANIZATION","25","0.5099618421199394","1.533005127648347","0.044408475680227377235809","0.303115512242807416676","0.1763133506830211194583","2135","tags=28%, list=15%, signal=24%","FSCN1/RUNX1/TGFB2/STAT3/SOX9/CFLAR/SMAD3","0.3217759180753611"
"GOBP_REGULATION_OF_BODY_FLUID_LEVELS","GOBP_REGULATION_OF_BODY_FLUID_LEVELS","280","0.3375756152569456","1.532696488545972","0.000604105442276340080451","0.027595080674547533411","0.0160512442932989780886","2936","tags=31%, list=21%, signal=25%","PRSS56/THBS1/SAA1/EXT1/GJA5/WFS1/SERPINA1/ADM/VDR/CCND1/PTPRJ/HEG1/PROS1/CAV1/F13A1/TRPV4/EPHB2/HAS2/C1GALT1C1/UBASH3B/ANXA8/FOXA2/VCL/PPARA/NR1H3/ACTG1/PRRG4/KCNN4/PAFAH2/FN1/HIF1A/ANXA2/CEACAM1/JAK2/XDH/PDGFB/DDR1/APLN/GNA13/ANO1/SLC22A4/PLAU/MYL9/TSPAN8/F3/APOE/PROC/FZD6/EDN1/F11R/ENPP4/UPRT/DGKA/SLC6A4/IL6ST/MYH9/CEL/FOSL2/PRKAR1A/PRICKLE1/GNAQ/HPS4/ACTN1/VTN/BLOC1S6/TLN1/CD40/ADCY9/PRKACB/SCNN1A/PRKACA/PRKCE/DTNBP1/AXL/FIBP/GUCA1B/ANGPTL2/HYAL2/PIK3CB/SERPINE2/MED1/SVEP1/MAPK14/STAT5A/F2RL2/AQP3/AP3B1","0.4772708153628621"
"GOBP_REGULATION_OF_VIRAL_PROCESS","GOBP_REGULATION_OF_VIRAL_PROCESS","116","0.3746829536388090","1.532502134477130","0.006108981282058703089766","0.105141068842635923564","0.0611574577786367229448","2071","tags=28%, list=15%, signal=24%","FURIN/IFIH1/TRIM5/LGALS9/TMPRSS2/APOBEC3G/OAS1/LGALS1/BST2/ZNFX1/MX1/KPNA2/IFIT1/PROX1/APOBEC3F/NECTIN2/TOP2A/TRIM62/RNASEL/TRIM21/TRIM6/TBC1D20/ISG20/TNIP1/TRIM38/APOBEC3H/PABPC1/HMGA2/ADARB1/PKN2/LTF/TARBP2/RAD23A","0.4070179189239539"
"GOBP_POSITIVE_REGULATION_OF_FERROPTOSIS","GOBP_POSITIVE_REGULATION_OF_FERROPTOSIS","9","0.6642347013470181","1.532211200923583","0.042513039816623812705565","0.294180276139568652738","0.1711159874572025785255","1449","tags=44%, list=10%, signal=40%","SMURF2/LAMP2/ACSL4/PRKCB","0.3217759180753611"
"GOBP_PROTEIN_O_LINKED_GLYCOSYLATION_VIA_MANNOSE","GOBP_PROTEIN_O_LINKED_GLYCOSYLATION_VIA_MANNOSE","19","-0.5282417775597243","-1.531984711289942","0.046582434353474685972962","0.307850974257767640019","0.1790678292272304128474","2076","tags=37%, list=15%, signal=31%","DPM3/CRPPA/NUS1/POMT2/LARGE1/DPM1/TMTC4","0.3217759180753611"
"GOBP_METENCEPHALON_DEVELOPMENT","GOBP_METENCEPHALON_DEVELOPMENT","96","0.3914598005203161","1.531919245350448","0.008094646800540613446051","0.121469875438691060632","0.0706554428283075464101","2934","tags=32%, list=21%, signal=26%","TUBA1A/RORA/ATRN/SCN5A/GBA1/OPHN1/WNT7A/RERE/ATP7A/SEZ6L2/PROX1/PTBP2/NCSTN/SEC24B/ABAT/DLL1/LDB1/COMT/FOXC1/PTPRS/SEMA4C/NAV2/NAGLU/FAIM2/MECP2/SEZ6/SERPINE2/OTX1/CAPS2/HERC1/CNTN1","0.3807304007227924"
"GOBP_POSITIVE_REGULATION_OF_CELLULAR_RESPONSE_TO_TRANSFORMING_GROWTH_FACTOR_BETA_STIMULUS","GOBP_POSITIVE_REGULATION_OF_CELLULAR_RESPONSE_TO_TRANSFORMING_GROWTH_FACTOR_BETA_STIMULUS","29","0.4937235759859491","1.531434364933332","0.032798983221931400644511","0.251285880950303575077","0.1461655832849381997374","2127","tags=34%, list=15%, signal=29%","THBS1/TGFBR3/TGFB1I1/CITED2/CREBBP/EP300/NPNT/CDKN2B/RNF111/HIPK2","0.3217759180753611"
"GOBP_HISTONE_MRNA_CATABOLIC_PROCESS","GOBP_HISTONE_MRNA_CATABOLIC_PROCESS","26","-0.4881260649022878","-1.531284344259609","0.041278973023188079982670","0.288555515945539020617","0.1678442303991096729021","2633","tags=35%, list=19%, signal=28%","SSB/SNRPE/EXOSC4/LSM10/LSM1/CPSF2/SNRPF/TENT4B/CPSF3","0.3217759180753611"
"GOBP_NMDA_SELECTIVE_GLUTAMATE_RECEPTOR_SIGNALING_PATHWAY","GOBP_NMDA_SELECTIVE_GLUTAMATE_RECEPTOR_SIGNALING_PATHWAY","5","0.7828267662924318","1.531105393528454","0.027601482988206370999817","0.232293824963317352417","0.1351184646381605736210","845","tags=60%, list=6%, signal=56%","APP/DLG4/NLGN1","0.3524878575836192"
"GOBP_ATRIAL_SEPTUM_PRIMUM_MORPHOGENESIS","GOBP_ATRIAL_SEPTUM_PRIMUM_MORPHOGENESIS","4","0.8579107517439625","1.530293769048023","0.017932159933836355064640","0.189029430478161730722","0.1099528427915313355534","382","tags=50%, list=3%, signal=49%","TGFB2/ACVR1","0.3524878575836192"
"GOBP_POSITIVE_REGULATION_OF_ENDOCYTOSIS","GOBP_POSITIVE_REGULATION_OF_ENDOCYTOSIS","107","0.3786562275078111","1.529998877544803","0.005376960222062290503664","0.099624648196016366009","0.0579487186389407438192","3082","tags=41%, list=22%, signal=32%","APP/DAB2/PTPRJ/CLU/FCGR2A/STAT3/ARRB1/CCL2/IL15/NLGN1/WNT5A/EGF/ANXA2/AP2B1/AP2A1/APLN/NEDD4L/DLL1/APOE/CD14/ABCA7/BICD1/PCSK9/PPT1/HFE/ITSN1/SOD1/TBC1D5/B2M/TREM2/VTN/VPS28/CAMK1D/NTF3/SMPD1/PRKACA/MYO18A/DTNBP1/AXL/IL2RB/SIRPA/C3/CALR/ANO6","0.4070179189239539"
"GOBP_REGULATION_OF_SPONTANEOUS_SYNAPTIC_TRANSMISSION","GOBP_REGULATION_OF_SPONTANEOUS_SYNAPTIC_TRANSMISSION","5","0.7818100555637586","1.529116842105127","0.027936042346825121912568","0.233755156180865064641","0.1359684778938897997680","106","tags=20%, list=1%, signal=20%","APP","0.3524878575836192"
"GOBP_VASODILATION","GOBP_VASODILATION","34","0.4729024789480072","1.528907871451769","0.022546140731186218447712","0.212254954665773293288","0.1234624449909961785288","2222","tags=32%, list=16%, signal=27%","EXT1/KCNMA1/GJA5/CPS1/KLF2/GAB1/APOE/KAT2B/SOD1/BLOC1S6/PPARD","0.3524878575836192"
"GOBP_NEGATIVE_REGULATION_OF_CELLULAR_RESPONSE_TO_GROWTH_FACTOR_STIMULUS","GOBP_NEGATIVE_REGULATION_OF_CELLULAR_RESPONSE_TO_GROWTH_FACTOR_STIMULUS","73","0.4094022287537843","1.528888265056656","0.009951745230617540377560","0.136376463415047527450","0.0793261652664826316661","1547","tags=23%, list=11%, signal=21%","THBS1/ATP2B4/BAMBI/GPR155/CAV1/SMURF2/CRIM1/MTMR4/DAB2IP/WNT5A/NGFR/SMAD6/TOB1/APLN/SHISA2/LRP2/HTRA1","0.3807304007227924"
"GOBP_RESPIRATORY_CHAIN_COMPLEX_IV_ASSEMBLY","GOBP_RESPIRATORY_CHAIN_COMPLEX_IV_ASSEMBLY","32","-0.4565760370326157","-1.528876898592151","0.037834221584360103185496","0.273452400274433848892","0.1590591935990375016541","4472","tags=44%, list=32%, signal=30%","MT-CO3/STMP1/COX17/COA8/BCS1L/CEP89/SURF1/UQCC5/COX10/COA1/UQCC6/FASTKD3/SCO1/COX19","0.3217759180753611"
"GOBP_IMMUNE_RESPONSE_REGULATING_CELL_SURFACE_RECEPTOR_SIGNALING_PATHWAY_INVOLVED_IN_PHAGOCYTOSIS","GOBP_IMMUNE_RESPONSE_REGULATING_CELL_SURFACE_RECEPTOR_SIGNALING_PATHWAY_INVOLVED_IN_PHAGOCYTOSIS","19","-0.5270101875139677","-1.528412905346474","0.047327737529584322506704","0.308056550411335894335","0.1791874068106670270240","1975","tags=32%, list=14%, signal=27%","APPL1/LIMK1/LYN/SRC/YES1/SYK","0.3217759180753611"
"GOBP_POSITIVE_REGULATION_OF_SYNAPTIC_TRANSMISSION_GABAERGIC","GOBP_POSITIVE_REGULATION_OF_SYNAPTIC_TRANSMISSION_GABAERGIC","9","0.6625550992584470","1.528336809645946","0.043162081348270792124922","0.296300753149802253983","0.1723494063738204296055","2993","tags=67%, list=22%, signal=52%","NLGN1/NLGN2/KIF5B/ZDHHC12/PRKCE/TACR1","0.3217759180753611"
"GOBP_INSULIN_LIKE_GROWTH_FACTOR_RECEPTOR_SIGNALING_PATHWAY","GOBP_INSULIN_LIKE_GROWTH_FACTOR_RECEPTOR_SIGNALING_PATHWAY","39","0.4609647493485383","1.527774615721121","0.026690405792787339628314","0.228330291252078265707","0.1328129940140973519469","2503","tags=36%, list=18%, signal=29%","IGFBP3/ATXN1/MYORG/IGF1R/AR/CRIM1/IGF2R/CDH3/SHC1/PLCB1/EIF2AK3/SOS1/ZFAND2B/PHIP","0.3524878575836192"
"GOBP_POSITIVE_REGULATION_OF_PROTEIN_CATABOLIC_PROCESS","GOBP_POSITIVE_REGULATION_OF_PROTEIN_CATABOLIC_PROCESS","187","0.3517264233900053","1.527391494333566","0.002063194528402081603935","0.056123527564735271878","0.0326454001772196605868","2834","tags=31%, list=20%, signal=25%","FURIN/VGLL4/CUL4B/APP/DAB2/LDLR/CLU/DDRGK1/CAV1/GBA1/NKD1/DAB2IP/AXIN2/ATG7/WNT5A/MYLIP/FBXL5/RNF128/APC/SOX9/APOE/PPP2R3A/LRP2/EZR/NSF/DACT1/MSN/CSNK2A1/TMTC3/PCSK9/HSPA1A/CBLB/CREBRF/ADAM8/RNFT2/PRICKLE1/DDA1/IL1B/RAD23A/HSPA1B/TREM2/TNFAIP3/VPS28/MARCHF2/SNX33/SGSM3/NKD2/PLK1/CDC20/TNFRSF1B/FOXO1/SOCS5/COP1/PIAS1/BAG6/RBX1/BARD1/PLK2","0.4317076958033464"
"GOBP_LENS_FIBER_CELL_DIFFERENTIATION","GOBP_LENS_FIBER_CELL_DIFFERENTIATION","32","0.4858492865380570","1.526630540744932","0.027310843365474006538829","0.230918108688518891602","0.1343182510687389585868","1602","tags=31%, list=12%, signal=28%","EFNA5/VIM/NF2/WNT7A/FRS2/PROX1/SPRED1/TBC1D20/MAF/PLAAT3","0.3524878575836192"
"GOBP_POST_TRANSLATIONAL_PROTEIN_TARGETING_TO_ENDOPLASMIC_RETICULUM_MEMBRANE","GOBP_POST_TRANSLATIONAL_PROTEIN_TARGETING_TO_ENDOPLASMIC_RETICULUM_MEMBRANE","19","-0.5263885482208381","-1.526610053066575","0.047327737529584322506704","0.308056550411335894335","0.1791874068106670270240","2967","tags=32%, list=21%, signal=25%","GET4/SEC61B/SSR3/SEC61A1/CHMP4B/SEC61G","0.3217759180753611"
"GOBP_POSITIVE_REGULATION_OF_LONG_TERM_SYNAPTIC_DEPRESSION","GOBP_POSITIVE_REGULATION_OF_LONG_TERM_SYNAPTIC_DEPRESSION","4","0.8557444110396965","1.526429570266699","0.019158261628981685525952","0.194225603808957369978","0.1129753035158391483161","782","tags=50%, list=6%, signal=47%","APP/STAU2","0.3524878575836192"
"GOBP_PYRIMIDINE_DEOXYRIBONUCLEOSIDE_METABOLIC_PROCESS","GOBP_PYRIMIDINE_DEOXYRIBONUCLEOSIDE_METABOLIC_PROCESS","5","0.7801954658601802","1.525958918653949","0.028605161206050805366985","0.237439183816625154488","0.1381113680800885312738","2049","tags=80%, list=15%, signal=68%","DPYD/DHFR2/TK2/TK1","0.3524878575836192"
"GOBP_NEGATIVE_REGULATION_OF_GLIAL_CELL_DIFFERENTIATION","GOBP_NEGATIVE_REGULATION_OF_GLIAL_CELL_DIFFERENTIATION","20","0.5361487617503717","1.525309421691283","0.034300153843008801546333","0.257091865182428214176","0.1495427530193551290960","2365","tags=45%, list=17%, signal=37%","MYCN/LDLR/LIN28A/DAAM2/NF1/HMGA2/DUSP10/TREM2/CTNNB1","0.3217759180753611"
"GOBP_STEM_CELL_DEVELOPMENT","GOBP_STEM_CELL_DEVELOPMENT","66","0.4114479242332856","1.525221908049119","0.009635482009677719464347","0.132800959529577766727","0.0772464001440617276106","3292","tags=44%, list=24%, signal=34%","FOLR1/SEMA3A/ACVR1/WNT7A/SEMA4B/BMP4/SNAI2/FN1/HIF1A/CITED2/ARB2A/SOX9/SEMA4A/SEMA6B/EDN1/FOXC1/TAPT1/SEMA4C/SEMA4D/NRP2/OVOL2/EDN3/SEMA4G/EFNB1/NRTN/SEMA3G/SEMA4F/BMP7/CDC42","0.3807304007227924"
"GOBP_BLASTOCYST_GROWTH","GOBP_BLASTOCYST_GROWTH","21","-0.5124988030482842","-1.525207089871166","0.034552159289232310668272","0.258061371835033581679","0.1501066864359115182737","779","tags=33%, list=6%, signal=32%","CHEK1/NDEL1/IGF1/NCAPG2/SALL4/SBDS/ZPR1","0.3217759180753611"
"GOBP_GANGLIOSIDE_CATABOLIC_PROCESS","GOBP_GANGLIOSIDE_CATABOLIC_PROCESS","7","0.7275817336710956","1.524928023378932","0.049056603773584908645411","0.310634797914164928478","0.1806870973172676198004","2093","tags=71%, list=15%, signal=61%","GM2A/GLB1/NEU1/HEXB/NEU3","0.2820133500117251"
"GOBP_ESTABLISHMENT_OR_MAINTENANCE_OF_CELL_POLARITY","GOBP_ESTABLISHMENT_OR_MAINTENANCE_OF_CELL_POLARITY","207","0.3489449338316647","1.524851755310778","0.001565638733447571396065","0.047778294626175256410","0.0277912243854865105563","2564","tags=30%, list=19%, signal=25%","WNT11/FSCN1/KIF26B/DST/RAC2/AMOT/DLG4/MTCL1/KANK1/OPHN1/MCPH1/DLG1/SFRP5/FGF13/WNT7A/PTK7/GSN/FLOT2/CTNNA1/SPDL1/MAP1B/PARD3B/WNT5A/MYO9A/SLC9A1/PATJ/CAP2/RHOBTB2/NSFL1C/RICTOR/ABL2/DLG3/NCKAP1/RAC3/SPAG5/PARD6A/LLGL2/WDPCP/ANKFN1/PDLIM1/SLC9A6/KIAA1614/EZR/ARFGEF1/MSN/SYNE4/MYH9/DCHS2/PRICKLE1/MAP4/LMNA/CDC42BPB/KIF20B/PDCD6IP/DCTN1/RHOA/ANKRD6/DLG5/MYO18A/FOXF1/NHERF1/SIPA1L3","0.4550598673872295"
"GOBP_HEAD_MORPHOGENESIS","GOBP_HEAD_MORPHOGENESIS","35","0.4718678563786778","1.524247496573663","0.021218632892767191194805","0.206561540924360242943","0.1201507541898695491378","3480","tags=49%, list=25%, signal=36%","STRA6/SGPL1/TGFB2/COL1A1/MSX1/VPS13B/PLEKHA1/EP300/ASPH/PRICKLE1/TGFB3/SKI/CRISPLD2/SCX/NOG/MYH3/RRAS","0.3524878575836192"
"GOBP_GASTRULATION","GOBP_GASTRULATION","144","0.3627312865408977","1.523857589937135","0.003735524529885840116367","0.079797396060473119173","0.0464157910332613637960","2150","tags=31%, list=16%, signal=26%","EXT1/ITGB2/WNT11/AMOT/WLS/ITGB4/FZD7/ACVR1/BMPR2/NF2/ITGAV/TENM4/FOXA2/FGFR2/FRS2/ITGA3/PLPP3/BMP4/ITGB5/WNT5A/FN1/MMP15/TGIF1/APLN/NCKAP1/MMP14/COL5A2/LDB1/TGFBR2/TBX19/RNF2/EOMES/KIF16B/HMGA2/IL10/NODAL/FOXC1/LAMA3/PRKAR1A/PRICKLE1/AHDC1/CDC73/SMAD3/VTN","0.4317076958033464"
"GOBP_REGULATION_OF_ENDOTHELIAL_CELL_MIGRATION","GOBP_REGULATION_OF_ENDOTHELIAL_CELL_MIGRATION","138","0.3629553872557953","1.523626824038168","0.007611142199600439903207","0.116623894083751053485","0.0678366784446738091408","1668","tags=23%, list=12%, signal=21%","THBS1/BCAS3/ATP2B4/AMOT/TGFBR3/WNT7A/GRN/GLUL/NF1/DAB2IP/HDAC7/PLPP3/PROX1/ANXA3/FGFBP1/WNT5A/ADAMTS9/GAB1/JUP/HIF1A/EGF/CEACAM1/CCBE1/SPRED1/SPARC/PDGFB/APOE/SEMA4A/JCAD/FOXP1/EDN1/HDAC9","0.4070179189239539"
"GOBP_STEROID_HORMONE_BIOSYNTHETIC_PROCESS","GOBP_STEROID_HORMONE_BIOSYNTHETIC_PROCESS","31","0.4774927173370607","1.523392098475378","0.036164179579999906899435","0.266660341410699830433","0.1551084533434811119079","2814","tags=42%, list=20%, signal=33%","ADM/DAB2/NR3C1/HSD17B11/ATP1A1/REST/STARD3/DKK3/SCP2/HSD17B7/HSD17B8/SRD5A3/MED1","0.3217759180753611"
"GOBP_MATURATION_OF_5_8S_RRNA_FROM_TRICISTRONIC_RRNA_TRANSCRIPT_SSU_RRNA_5_8S_RRNA_LSU_RRNA","GOBP_MATURATION_OF_5_8S_RRNA_FROM_TRICISTRONIC_RRNA_TRANSCRIPT_SSU_RRNA_5_8S_RRNA_LSU_RRNA","31","-0.4678538232095125","-1.522357689291743","0.020651765907162038943268","0.204351193165828171061","0.1188650601104147552789","4023","tags=61%, list=29%, signal=44%","NOP9/RRS1/EXOSC7/ABT1/PELP1/RCL1/RPP40/LAS1L/TEX10/NOP14/EXOSC2/NOL9/FCF1/PES1/SENP3/BOP1/WDR18/RPS21/EXOSC8","0.3524878575836192"
"GOBP_DETECTION_OF_CHEMICAL_STIMULUS_INVOLVED_IN_SENSORY_PERCEPTION_OF_TASTE","GOBP_DETECTION_OF_CHEMICAL_STIMULUS_INVOLVED_IN_SENSORY_PERCEPTION_OF_TASTE","19","0.5471996708759802","1.522058514839938","0.028853197938185762283503","0.237866942820707361061","0.1383601828726292171101","603","tags=11%, list=4%, signal=10%","CST1/RTP4","0.3524878575836192"
"GOBP_ACTOMYOSIN_STRUCTURE_ORGANIZATION","GOBP_ACTOMYOSIN_STRUCTURE_ORGANIZATION","172","0.3522531323110293","1.521977006452498","0.004431795776369514341941","0.090666246686857840387","0.0527378807799454563110","2573","tags=32%, list=19%, signal=26%","TPM1/AMOT/FRMD3/CCN2/IQGAP3/SORBS1/KRT19/SYNPO/NF2/ARRB1/FHDC1/PROX1/FRMD5/CNN3/ACTG1/PTGER4/ITGB5/SLC9A1/IQGAP1/RHPN2/CSRP2/TNNT1/TACSTD2/AKAP13/RAPGEF3/IQGAP2/EPB41L1/CARMIL1/MYL9/MYBPH/RACGAP1/PDLIM1/EDN1/F11R/ALMS1/OBSCN/MYH9/EPB41L4A/PRKAR1A/CFLAR/ANLN/CDC42BPB/SMAD3/PDCD6IP/FHOD3/LUZP1/TGFB3/FERMT2/BBS4/RHOA/TCAP/ARHGEF10/MYO18A/PHACTR1/SIX4","0.4070179189239539"
"GOBP_CELLULAR_HYPOTONIC_RESPONSE","GOBP_CELLULAR_HYPOTONIC_RESPONSE","11","0.6283602886133371","1.521754196926225","0.048828125000000000000000","0.310541744198774061214","0.1806329707163798203862","326","tags=27%, list=2%, signal=27%","SLC4A11/TRPV4/SLC12A6","0.2878571172551493"
"GOBP_ACTOMYOSIN_CONTRACTILE_RING_ORGANIZATION","GOBP_ACTOMYOSIN_CONTRACTILE_RING_ORGANIZATION","10","0.6630172068911397","1.521559572490992","0.044899494648516037609287","0.304159445407279016571","0.1769205758057317279253","2785","tags=70%, list=20%, signal=56%","IQGAP3/IQGAP1/IQGAP2/RACGAP1/ANLN/PDCD6IP/PLEC","0.3217759180753611"
"GOBP_NEGATIVE_REGULATION_OF_SPROUTING_ANGIOGENESIS","GOBP_NEGATIVE_REGULATION_OF_SPROUTING_ANGIOGENESIS","10","0.6628820500023835","1.521249400664775","0.044899494648516037609287","0.304159445407279016571","0.1769205758057317279253","878","tags=30%, list=6%, signal=28%","THBS1/KLF2/ADAMTS9","0.3217759180753611"
"GOBP_REGULATION_OF_PROTEIN_LOCALIZATION_TO_MEMBRANE","GOBP_REGULATION_OF_PROTEIN_LOCALIZATION_TO_MEMBRANE","140","0.3621125556337335","1.521113932982583","0.005675288975391008100546","0.101932016153009105675","0.0592908465054622843549","1692","tags=21%, list=12%, signal=19%","CAMK2D/ATP2B4/GPC4/DAB2/PRNP/CLTC/DAG1/SLC5A3/LAMC1/SORBS1/EPHB2/AR/DLG1/GBP1/GSN/ITGA3/AKAP5/ADAM10/AP2B1/SPTBN1/NLGN2/RAB11A/KIF5B/MMP14/ALDH7A1/SQSTM1/TMEM59/PGRMC1/EZR/CAMK2G","0.4070179189239539"
"GOBP_REGULATION_OF_EPITHELIAL_CELL_DIFFERENTIATION","GOBP_REGULATION_OF_EPITHELIAL_CELL_DIFFERENTIATION","118","0.3746577431166467","1.520852536485773","0.007542851260293513895872","0.116623894083751053485","0.0678366784446738091408","3003","tags=36%, list=22%, signal=28%","CD24/MYCN/CD109/VDR/KLF7/CAV1/ZEB1/VCL/BMP4/MSX1/CEACAM1/TBX3/SPRED1/XDH/ABCA12/DLL1/SOX9/MYCL/PROC/PLAAT4/PLCB1/MSX2/F11R/BLTP1/NODAL/FOXC1/PPP1R12A/NFE2L1/IL1B/SFN/OVOL2/CTNNB1/MACROH2A2/ZFP36L1/MED1/KRT36/PTCH1/STAT5A/S1PR2/AQP3/ESRP1/FOXJ2","0.4070179189239539"
"GOBP_FIBROBLAST_GROWTH_FACTOR_PRODUCTION","GOBP_FIBROBLAST_GROWTH_FACTOR_PRODUCTION","5","0.7773902002252564","1.520472190901583","0.029943399448037508886467","0.243265000213754384317","0.1415000735997820613399","213","tags=40%, list=2%, signal=39%","WNT11/HEG1","0.3524878575836192"
"GOBP_AXIS_ELONGATION_INVOLVED_IN_SOMITOGENESIS","GOBP_AXIS_ELONGATION_INVOLVED_IN_SOMITOGENESIS","3","0.8957866589578666","1.520417996218090","0.017460599306025465643488","0.185947701993640718277","0.1081602922520328163847","1445","tags=100%, list=10%, signal=90%","MED12/NKD1/PPP2R3A","0.3524878575836192"
"GOBP_STRIATED_MUSCLE_CONTRACTION","GOBP_STRIATED_MUSCLE_CONTRACTION","175","0.3502334162005218","1.520236480297602","0.003348269195846638023734","0.075758502085464585196","0.0440664855671102639878","2241","tags=24%, list=16%, signal=20%","TPM1/CAMK2D/GJA5/SCN3B/JPH2/SCN5A/CAV1/TRPV4/CALM2/ATP1A1/DLG1/FGF13/SYNM/MAP2K6/DSC2/DMD/GSN/MYH7B/GAA/SCN1B/CACNA1D/SLC9A1/JUP/ADRA1B/TNNT1/MYL3/NEDD4L/ATP1B1/FKBP1A/ANK2/ATP2A2/MYBPH/ASPH/KCND3/KCNJ5/SELENON/RPL24/FKBP1C/CACNA1S/PDE4D/CHRND/DSP","0.4317076958033464"
"GOBP_REGULATION_OF_RELEASE_OF_SEQUESTERED_CALCIUM_ION_INTO_CYTOSOL","GOBP_REGULATION_OF_RELEASE_OF_SEQUESTERED_CALCIUM_ION_INTO_CYTOSOL","51","0.4336263443274032","1.520162915063710","0.013814917697920666914135","0.162885953311684761324","0.0947459534323544100287","2557","tags=31%, list=18%, signal=26%","CEMIP/CAMK2D/JPH2/CALM2/UBASH3B/DMD/AKAP6/FKBP1A/ANK2/ASPH/SELENON/FKBP1C/CX3CL1/PDE4D/PRKACA/PRKCE","0.3807304007227924"
"GOBP_MESENCHYMAL_CELL_MIGRATION","GOBP_MESENCHYMAL_CELL_MIGRATION","46","0.4422717339786101","1.520021234584905","0.036539632436849288354974","0.268068030695794323748","0.1559272646696951702960","3292","tags=50%, list=24%, signal=38%","FOLR1/SEMA3A/ACVR1/SEMA4B/BMP4/FN1/HIF1A/TPBG/SEMA4A/SEMA6B/EDN1/SEMA4C/SEMA4D/NRP2/OVOL2/EDN3/SEMA4G/EFNB1/NRTN/SEMA3G/SEMA4F/BMP7/CDC42","0.3217759180753611"
"GOBP_ENDOTHELIN_RECEPTOR_SIGNALING_PATHWAY","GOBP_ENDOTHELIN_RECEPTOR_SIGNALING_PATHWAY","10","0.6622723665932315","1.519850236936078","0.044899494648516037609287","0.304159445407279016571","0.1769205758057317279253","1613","tags=40%, list=12%, signal=35%","PLCB4/EDN2/BCAR3/EDN1","0.3217759180753611"
"GOBP_BUNDLE_OF_HIS_CELL_TO_PURKINJE_MYOCYTE_SIGNALING","GOBP_BUNDLE_OF_HIS_CELL_TO_PURKINJE_MYOCYTE_SIGNALING","4","0.8520482990572502","1.519836650053328","0.020690891076168421713888","0.204459784879198969154","0.1189282247063113695518","249","tags=50%, list=2%, signal=49%","GJA5/SCN5A","0.3524878575836192"
"GOBP_POSITIVE_REGULATION_OF_PROTEIN_LOCALIZATION_TO_MEMBRANE","GOBP_POSITIVE_REGULATION_OF_PROTEIN_LOCALIZATION_TO_MEMBRANE","70","0.4104037272128321","1.519496715315004","0.016799924579652146527931","0.183209988321341638029","0.1065678449793670129475","1653","tags=26%, list=12%, signal=23%","ATP2B4/PRNP/DAG1/SLC5A3/LAMC1/SORBS1/EPHB2/DLG1/ITGA3/AKAP5/AP2B1/SPTBN1/NLGN2/RAB11A/KIF5B/SQSTM1/PGRMC1/EZR","0.3524878575836192"
"GOBP_BLOOD_COAGULATION_FIBRIN_CLOT_FORMATION","GOBP_BLOOD_COAGULATION_FIBRIN_CLOT_FORMATION","11","0.6272996056342420","1.519185449657666","0.048828125000000000000000","0.310541744198774061214","0.1806329707163798203862","1391","tags=36%, list=10%, signal=33%","THBS1/F13A1/FN1/F3","0.2878571172551493"
"GOBP_NEPHRON_EPITHELIUM_DEVELOPMENT","GOBP_NEPHRON_EPITHELIUM_DEVELOPMENT","88","0.3874423927521418","1.518018764899486","0.010578296524969658942705","0.140714592785448039391","0.0818495271338193497446","2425","tags=26%, list=18%, signal=22%","EXT1/CD24/WNT11/KIF26B/LAMB2/DLG1/NOTCH2/GLI3/BMP4/IQGAP1/TACSTD2/DLL1/SOX9/EDN1/HOXB7/FOXC1/WNT6/NPNT/CD2AP/MYO1E/CTNNB1/LZTS2/AQP11","0.3807304007227924"
"GOBP_NEGATIVE_REGULATION_OF_ENDOTHELIAL_CELL_CHEMOTAXIS","GOBP_NEGATIVE_REGULATION_OF_ENDOTHELIAL_CELL_CHEMOTAXIS","3","0.8936873979084616","1.516854922079446","0.018790891888468136405876","0.192765886703310851402","0.1121262291413818723562","5","tags=33%, list=0%, signal=33%","THBS1","0.3524878575836192"
"GOBP_RETINA_MORPHOGENESIS_IN_CAMERA_TYPE_EYE","GOBP_RETINA_MORPHOGENESIS_IN_CAMERA_TYPE_EYE","44","0.4400152720601322","1.516775849457624","0.021579086646039462304980","0.208693616924347041808","0.1213909198966229702199","3024","tags=39%, list=22%, signal=30%","NECTIN3/MAN2A1/PRDM1/NTRK2/PROX1/DLL1/SOX9/HIPK1/ARL6/BBS10/HIPK2/NAGLU/TOPORS/BBS4/IRX5/NRL/TFAP2A","0.3524878575836192"
"GOBP_PINOCYTOSIS","GOBP_PINOCYTOSIS","19","0.5452883623260167","1.516742131063059","0.030665948227377365364887","0.245575375914671989452","0.1428439509822075070833","3482","tags=53%, list=25%, signal=39%","CAV1/NR1H3/KCNN4/CARMIL1/PPT1/SNX33/AXL/CDC42/MAPKAPK3/NR1H2","0.3524878575836192"
"GOBP_NEURON_PROJECTION_ARBORIZATION","GOBP_NEURON_PROJECTION_ARBORIZATION","30","0.4800217677887041","1.516534984803355","0.040081482188735736982288","0.283734702862366128251","0.1650401056566257185221","2572","tags=47%, list=19%, signal=38%","TUBA1A/DLG4/SEMA3A/NLGN1/WNT5A/MYO9A/IGF2BP1/TPBG/LRP2/CHRNA7/CC2D1A/MACF1/MOV10/PHACTR1","0.3217759180753611"
"GOBP_RECEPTOR_METABOLIC_PROCESS","GOBP_RECEPTOR_METABOLIC_PROCESS","70","0.4094559135078822","1.515987488385749","0.016799924579652146527931","0.183209988321341638029","0.1065678449793670129475","2513","tags=34%, list=18%, signal=28%","FURIN/LDLR/PEX2/RNF43/ZNRF3/MYLIP/ANXA2/ALS2/SNX16/NEDD4L/PEX12/INPP5F/APOE/KIF16B/NSF/PCSK9/SNX25/OPTN/SH3GLB1/RAB11B/PCSK5/PLEKHA3/BECN1/GPRASP1","0.3524878575836192"
"GOBP_MAINTENANCE_OF_SYNAPSE_STRUCTURE","GOBP_MAINTENANCE_OF_SYNAPSE_STRUCTURE","27","0.4953840171431483","1.515975031215792","0.037675927013712029456372","0.272821792523021411370","0.1586923876748024264671","2214","tags=37%, list=16%, signal=31%","OPHN1/DLG1/GRN/SORT1/TANC2/RIMS2/C1QL1/PRICKLE1/PLXNA4/DCTN1","0.3217759180753611"
"GOBP_BIOLOGICAL_PROCESS_INVOLVED_IN_INTRASPECIES_INTERACTION_BETWEEN_ORGANISMS","GOBP_BIOLOGICAL_PROCESS_INVOLVED_IN_INTRASPECIES_INTERACTION_BETWEEN_ORGANISMS","41","0.4469962861835209","1.514885949462332","0.029927804937745751401312","0.243265000213754384317","0.1415000735997820613399","2835","tags=39%, list=20%, signal=31%","EXT1/ATXN1/CLN8/DLG4/VPS13B/NLGN2/CIC/NLGN3/LTF/TREM2/SHANK2/BBS4/ATXN1L/MECP2/CHD8/CAPS2","0.3524878575836192"
"GOBP_ASTROCYTE_DIFFERENTIATION","GOBP_ASTROCYTE_DIFFERENTIATION","64","0.4156247120953923","1.514847544260060","0.015339436224067368522150","0.172997399527020645493","0.1006274833787629136017","2132","tags=31%, list=15%, signal=27%","MYCN/VIM/CUL4B/APP/LAMB2/LDLR/NR3C1/STAT3/GRN/NF1/PLPP3/DLL1/SOX9/EOMES/HMGA2/IL6ST/CNTN2/IL1B/TREM2/NAGLU","0.3807304007227924"
"GOBP_CORTICAL_CYTOSKELETON_ORGANIZATION","GOBP_CORTICAL_CYTOSKELETON_ORGANIZATION","55","0.4209334257187477","1.514250626419096","0.025853013939223224576525","0.225352521634709201948","0.1310809132805324239701","3126","tags=49%, list=23%, signal=38%","RAC2/KANK1/IQGAP3/TRPV4/DLG1/NLGN1/IQGAP1/RHOBTB2/FMNL1/IQGAP2/EPB41L1/NCKAP1/RAC3/LLGL2/RACGAP1/EZR/EHD2/FMNL3/ANLN/PDCD6IP/TLN1/CAVIN3/PLEC/CALR/KCNC3/PLEK/PPFIA1","0.3524878575836192"
"GOBP_POSITIVE_REGULATION_OF_REGULATORY_T_CELL_DIFFERENTIATION","GOBP_POSITIVE_REGULATION_OF_REGULATORY_T_CELL_DIFFERENTIATION","16","0.5608089615958132","1.513992802024946","0.047528517110266156608933","0.308056550411335894335","0.1791874068106670270240","2034","tags=25%, list=15%, signal=21%","CD46/LGALS9/DUSP10/SOX12","0.2878571172551493"
"GOBP_PROTEIN_LOCALIZATION_TO_PRESYNAPSE","GOBP_PROTEIN_LOCALIZATION_TO_PRESYNAPSE","10","0.6594426608875759","1.513356339403672","0.047521317673088057931263","0.308056550411335894335","0.1791874068106670270240","2287","tags=50%, list=17%, signal=42%","WNT7A/KIF5B/KIF5C/RAB27B/MAP1A","0.3217759180753611"
"GOBP_POSITIVE_REGULATION_OF_EPITHELIAL_CELL_PROLIFERATION","GOBP_POSITIVE_REGULATION_OF_EPITHELIAL_CELL_PROLIFERATION","141","0.3626499618366243","1.513091286714576","0.005103555465008275879302","0.096278242447675604909","0.0560022131438268622183","3292","tags=41%, list=24%, signal=32%","CCND1/SCN5A/IQGAP3/LAMC1/FZD7/HAS2/AR/STAT3/WNT7A/PLXNB3/GRN/FGFR2/NOTCH2/NF1/TGFA/BMP4/PROX1/OSR2/FGFBP1/WNT5A/HIF1A/EGF/ECM1/CDH3/PDGFB/RICTOR/APLN/SOX9/F3/STXBP4/JCAD/RTN4/FGF9/ARNT/HMGA2/IL10/NODAL/VASH2/CAV2/NRP2/CFLAR/TNFAIP3/CDH13/CCL24/CTNNB1/ZNF703/HPN/HMOX1/MED1/STAT5A/FGFR1/TACR1/LAMB1/FGF1/WDR48/NOG/RREB1/CDC42","0.4070179189239539"
"GOBP_NEGATIVE_REGULATION_OF_TRANSMEMBRANE_RECEPTOR_PROTEIN_SERINE_THREONINE_KINASE_SIGNALING_PATHWAY","GOBP_NEGATIVE_REGULATION_OF_TRANSMEMBRANE_RECEPTOR_PROTEIN_SERINE_THREONINE_KINASE_SIGNALING_PATHWAY","118","0.3727107443804883","1.512949061859068","0.007982227230199239603747","0.120529971669307844895","0.0701087285355503769813","2173","tags=31%, list=16%, signal=26%","IL17RD/CD109/BAMBI/GPR155/CAV1/VEPH1/TGFBR3/SMURF2/ACVR1/CRIM1/MTMR4/LTBP1/CCN3/PPARA/TET1/PBLD/WNT5A/DKK3/CDH3/SPRED1/SMAD6/TOB1/FKBP1A/CHST11/LRP2/HTRA1/SAP30/HSPA1A/GLG1/EID2/CAV2/SNX25/LDLRAD4/HIPK2/SAP130/OVOL2","0.3807304007227924"
"GOBP_CELLULAR_RESPONSE_TO_ALCOHOL","GOBP_CELLULAR_RESPONSE_TO_ALCOHOL","77","0.3961973799805043","1.512924691007342","0.011795922246406263800278","0.148481426820881640127","0.0863672653480526270053","1319","tags=21%, list=10%, signal=19%","EFNA5/SGK1/PTGER2/GPR155/CDH1/DAG1/IGFBP7/AKR1C3/CTNNA1/ANKRD13C/PTGER4/JUP/GRAMD1C/TP53INP1/AHR/TNFSF4","0.3807304007227924"
"GOBP_POSITIVE_REGULATION_OF_GASTRULATION","GOBP_POSITIVE_REGULATION_OF_GASTRULATION","6","0.7459453320120992","1.512274585387090","0.037913612429623419486369","0.273452400274433848892","0.1590591935990375016541","542","tags=33%, list=4%, signal=32%","TENM4/FOXA2","0.3217759180753611"
"GOBP_REGULATION_OF_STEM_CELL_DIVISION","GOBP_REGULATION_OF_STEM_CELL_DIVISION","9","0.6555842275381600","1.512256879301498","0.047056334134212438047307","0.308056550411335894335","0.1791874068106670270240","193","tags=22%, list=1%, signal=22%","MLLT3/ESRRB","0.3217759180753611"
"GOBP_VIRAL_PROTEIN_PROCESSING","GOBP_VIRAL_PROTEIN_PROCESSING","30","0.4786369774633377","1.512160010341864","0.041917240391419030576259","0.292173624724449576551","0.1699487775310768722381","2101","tags=27%, list=15%, signal=23%","FURIN/MAN2A1/ST6GALNAC2/MGAT5/ST6GALNAC3/MAN1B1/ST3GAL1/PARP10","0.3217759180753611"
"GOBP_HORMONE_METABOLIC_PROCESS","GOBP_HORMONE_METABOLIC_PROCESS","146","0.3587485889470716","1.512059654093565","0.005712010267695815171618","0.101932016153009105675","0.0592908465054622843549","2209","tags=28%, list=16%, signal=24%","ALDH1A3/FURIN/BACE2/ADM/DAB2/SGPL1/SLC16A2/NR3C1/HSD17B11/CTSB/ATP1A1/AKR1C3/CYP3A7/DHRS7/REST/SCPEP1/CPQ/KLK6/STARD3/AKR1C1/ADAM10/HIF1A/TG/PAPSS2/DKK3/ACE/PLEKHA1/CYP2S1/DDO/ERO1B/ARNT/CTSK/CEL/HFE/AHDC1/CYP26A1/SCP2/HSD17B7/NAGLU/HSD17B8/HSD17B4","0.4070179189239539"
"GOBP_MUSCLE_TISSUE_DEVELOPMENT","GOBP_MUSCLE_TISSUE_DEVELOPMENT","319","0.3291116962452285","1.511975054717059","0.000315689897112139694364","0.018490771957463472686","0.0107555365161401128571","2442","tags=27%, list=18%, signal=22%","TPM1/GJA5/VGLL4/STRA6/RUNX1/MEGF10/MYORG/HEG1/TGFB2/JPH2/SCN5A/CAV1/FGF20/TGFBR3/FZD7/ACVR1/DLG1/BMPR2/TENM4/DMD/AKAP6/TOMM70/FGFR2/NOTCH2/NF1/FRS2/PPARA/BMP4/PROX1/FGF3/MSX1/HMG20B/SLC9A1/ADAMTS9/MRTFB/TBX3/CSRP2/CITED2/AKAP13/MYL3/FLNB/FES/NDRG4/ERO1A/DLL1/ZBTB18/SOX9/EP300/FKBP1A/SORBS2/FOXP1/MED20/FGF9/LRP2/EOMES/MSX2/EDN1/HDAC9/SGCB/SAP30/FOXC1/NPR2/CAV2/HIVEP3/SELENON/FOSL2/PRKAR1A/PRICKLE1/LMNA/CACNA1S/CFLAR/NAGLU/SMAD3/NPRL3/UBE4B/FHOD3/CHRND/DSP/BCL9L/SVIL/RHOA/CTNNB1/TCAP/SKI/SPG11","0.4984931087665903"
"GOBP_LACTATION","GOBP_LACTATION","33","0.4777990825133316","1.511973755576787","0.025421194499370240726943","0.224615736799180149008","0.1306523472789992423859","1683","tags=30%, list=12%, signal=27%","VDR/CCND1/CAV1/PPARA/HIF1A/XDH/DDR1/APLN/SLC22A4/UPRT","0.3524878575836192"
"GOBP_NEGATIVE_REGULATION_OF_GLIOGENESIS","GOBP_NEGATIVE_REGULATION_OF_GLIOGENESIS","30","0.4784711688788157","1.511636170516085","0.042529160119309801502130","0.294180276139568652738","0.1711159874572025785255","2430","tags=33%, list=18%, signal=28%","MYCN/LDLR/LIN28A/DAAM2/NF1/HMGA2/DUSP10/TREM2/CTNNB1/SKI","0.3217759180753611"
"GOBP_PYRIMIDINE_NUCLEOBASE_METABOLIC_PROCESS","GOBP_PYRIMIDINE_NUCLEOBASE_METABOLIC_PROCESS","21","0.5397685267846353","1.511546984694071","0.029892758746806174369182","0.243265000213754384317","0.1415000735997820613399","1041","tags=24%, list=8%, signal=22%","DPYSL3/CPS1/DPYSL2/DPYD/ALDH6A1","0.3524878575836192"
"GOBP_TRANSCRIPTION_ELONGATION_BY_RNA_POLYMERASE_II","GOBP_TRANSCRIPTION_ELONGATION_BY_RNA_POLYMERASE_II","134","-0.3529136681654659","-1.511443157561742","0.004924384730479732658059","0.094757500212778011939","0.0551176422521029163448","4031","tags=41%, list=29%, signal=29%","POLR2L/INTS14/PARP1/ELL/PPP2R1A/GTF2F1/CTDP1/MED9/TCEA1/POLR2C/RNF8/MED14/RNF168/ZMYND11/EAF2/POLR2G/VHL/CCNT1/POLR2E/MED31/PWWP2B/TOX4/MED21/NELFB/PPP2CA/NCBP2/SHH/ELP2/INTS1/MED8/MED11/POLR2D/ELOA/POLR2M/INTS10/POLR2F/NCBP1/INTS6/POLR2H/INTS8/INTS13/POLR2J/SART3/TCEA3/ADRM1/EZH2/AXIN1/WDR43/INTS15/CDK13/MED4/MED22/GTF2F2/ELL2/PCID2","0.4070179189239539"
"GOBP_URETERIC_BUD_ELONGATION","GOBP_URETERIC_BUD_ELONGATION","5","0.7723128807517233","1.510541626994817","0.031950757955406507149210","0.249793708320901475251","0.1452976304898446202607","3025","tags=80%, list=22%, signal=63%","KIF26B/LZTS2/SIX4/FGF1","0.3217759180753611"
"GOBP_RESPONSE_TO_MECHANICAL_STIMULUS","GOBP_RESPONSE_TO_MECHANICAL_STIMULUS","158","0.3543152108765363","1.510274728784928","0.006624935579823229558905","0.109784751247481798808","0.0638585508314076927272","1344","tags=17%, list=10%, signal=16%","THBS1/TUBA1A/WNT11/ETV1/STRA6/KRT5/APP/SLC1A3/SLC2A1/DAG1/TRPV4/DMD/GSN/REST/MAP1B/CHI3L1/PTGER4/FAS/COL1A1/SLC9A1/GAB1/JUP/TMEM150C/P2RX7/TLR3/SOX9/MMP14","0.4070179189239539"
"GOBP_REGULATION_OF_RRNA_PROCESSING","GOBP_REGULATION_OF_RRNA_PROCESSING","17","-0.5359888931535586","-1.510176285035553","0.034347619121600184155518","0.257182224412558890769","0.1495953123176622101553","3859","tags=53%, list=28%, signal=38%","RIOK2/NUDT16/USP36/COPRS/WDR77/DIMT1/RIOK1/WDR43/BUD23","0.3217759180753611"
"GOBP_MANNOSE_METABOLIC_PROCESS","GOBP_MANNOSE_METABOLIC_PROCESS","9","0.6544214912758760","1.509574758778166","0.047705376799319292036028","0.308056550411335894335","0.1791874068106670270240","1376","tags=33%, list=10%, signal=30%","MAN2A1/MAN2B1/MAN2B2","0.3217759180753611"
"GOBP_REGULATION_OF_BASEMENT_MEMBRANE_ORGANIZATION","GOBP_REGULATION_OF_BASEMENT_MEMBRANE_ORGANIZATION","5","0.7716108642839072","1.509168575833946","0.032285317824928799756989","0.250400971695626695102","0.1456508576788876907493","3007","tags=80%, list=22%, signal=63%","LAMB2/LAMC1/LAMA2/LAMB1","0.3217759180753611"
"GOBP_NEGATIVE_REGULATION_OF_NERVOUS_SYSTEM_PROCESS","GOBP_NEGATIVE_REGULATION_OF_NERVOUS_SYSTEM_PROCESS","10","0.6572657964797145","1.508360648728724","0.049487686470850382469688","0.311733796043179800517","0.1813263521052765059327","2269","tags=50%, list=16%, signal=42%","TNFRSF21/CCN3/EIF2AK3/FIG4/GLRA1","0.3217759180753611"
"GOBP_BODY_FLUID_SECRETION","GOBP_BODY_FLUID_SECRETION","65","0.4063961760010985","1.508286012187959","0.017214809040183385452361","0.184967835852775680516","0.1075903330267907881401","3127","tags=37%, list=23%, signal=29%","VDR/CCND1/CAV1/PPARA/NR1H3/KCNN4/HIF1A/XDH/DDR1/APLN/ANO1/SLC22A4/EDN1/UPRT/CEL/FOSL2/PRICKLE1/PRKCE/GUCA1B/MED1/STAT5A/OAS2/SOCS2/ATG5","0.3524878575836192"
"GOBP_REGULATION_OF_INFLAMMATORY_RESPONSE","GOBP_REGULATION_OF_INFLAMMATORY_RESPONSE","283","0.3313428947013516","1.508080427847696","0.001248728711164123848093","0.042983491133578348442","0.0250022286544820671050","2152","tags=24%, list=16%, signal=20%","SAA1/FURIN/NT5E/TNC/RORA/MGLL/APP/IFI35/LDLR/CARD8/TRPV4/GBA1/PRMT2/MCPH1/LGALS1/MACIR/STAT3/SMPDL3B/GBP1/FANCD2/CASP4/CCN3/GRN/ZDHHC9/IL15/PPARA/NR1H3/IL22RA1/PTGER4/WNT5A/JAK2/GBP3/ZBP1/FBXL2/BIRC2/RICTOR/ASH1L/TNIP1/CST7/AHR/TLR3/TNFSF4/MGST2/APOE/PROC/UFL1/RHBDF2/FOXP1/ARNT/IL10/MVK/GSDMD/BIRC3/IL6ST/GPSM3/NMI/PRKAR1A/ADAM8/NFE2L1/SOD1/RIPK1/IL1B/DUSP10/CX3CL1/TREM2/SMAD3/TNFAIP3","0.4550598673872295"
"GOBP_REGULATION_OF_CALCIUM_ION_TRANSMEMBRANE_TRANSPORT","GOBP_REGULATION_OF_CALCIUM_ION_TRANSMEMBRANE_TRANSPORT","99","0.3784784934609559","1.507762327457866","0.010564133489791155406934","0.140714592785448039391","0.0818495271338193497446","1525","tags=20%, list=11%, signal=18%","CEMIP/CAMK2D/APP/PRNP/JPH2/CAV1/CALM2/UBASH3B/DMD/AKAP6/UCP2/RGS9/AKAP5/KCNN4/P2RX7/PML/ATP1B1/FKBP1A/ANK2/ASPH","0.3807304007227924"
"GOBP_REGULATION_OF_NEUROFIBRILLARY_TANGLE_ASSEMBLY","GOBP_REGULATION_OF_NEUROFIBRILLARY_TANGLE_ASSEMBLY","6","0.7436887970611766","1.507699852748019","0.039763017141224862860405","0.282758432406720494612","0.1644722379353926455803","1399","tags=50%, list=10%, signal=45%","CLU/DYRK1A/APOE","0.3217759180753611"
"GOBP_MESENCHYMAL_CELL_PROLIFERATION","GOBP_MESENCHYMAL_CELL_PROLIFERATION","37","0.4591640852642112","1.507164389004571","0.030029134313442965020791","0.243688941361493022209","0.1417466676579255957513","2511","tags=46%, list=18%, signal=38%","WNT11/MYCN/ZEB1/FGFR2/BMP4/MSX1/WNT5A/PRRX1/SOX9/TGFBR2/FGF9/NFIB/ARHGAP5/DCHS2/LMNA/CTNNB1/FOXF1","0.3524878575836192"
"GOBP_CEREBELLAR_PURKINJE_CELL_LAYER_DEVELOPMENT","GOBP_CEREBELLAR_PURKINJE_CELL_LAYER_DEVELOPMENT","28","0.4937687405850556","1.507069086358925","0.032185936131891586253762","0.250400971695626695102","0.1456508576788876907493","2902","tags=39%, list=21%, signal=31%","RORA/GBA1/RERE/ATP7A/SEZ6L2/DLL1/LDB1/NAGLU/FAIM2/SEZ6/HERC1","0.3217759180753611"
"GOBP_CRANIAL_NERVE_MORPHOGENESIS","GOBP_CRANIAL_NERVE_MORPHOGENESIS","22","0.5267277450847530","1.506799667610209","0.049056603773584908645411","0.310634797914164928478","0.1806870973172676198004","2099","tags=59%, list=15%, signal=50%","SEMA3A/EPHB2/HOXB2/GLI3/ATP8B1/PLXNA1/CITED2/KCNA2/MAFB/HOXB3/ADARB1/NRP2/PLXNA4","0.2820133500117251"
"GOBP_RESPONSE_TO_STEROID_HORMONE","GOBP_RESPONSE_TO_STEROID_HORMONE","248","0.3336081193958803","1.506771888296235","0.001281565758073058454436","0.043562924355367092788","0.0253392678646324129299","2222","tags=25%, list=16%, signal=21%","THBS1/SGK1/CPS1/PTGER2/FBXO32/CCND1/DAB2/ESRRB/TGFB2/DDRGK1/CAV1/IGFBP7/NR3C1/WBP2/GBA1/PRMT2/AR/ATP1A1/AKR1C3/PCNA/UCP2/PPARA/PAQR8/NR1H3/REST/IDH1/ABCA3/AXIN2/COL1A1/LATS1/CASP9/JAK2/EP300/UFL1/ALAD/FOXP1/GLB1/COMT/STRN3/NCOA2/EDN1/HMGA2/UCP3/IL10/ABHD2/NODAL/ZMIZ1/HSPA1A/NR3C2/AGL/CREBRF/SMARCA4/FOSL2/KMT2D/TRERF1/CFLAR/KANK2/HSPA1B/UBR5/TGFB3/PPARD","0.4550598673872295"
"GOBP_RNA_3_END_PROCESSING","GOBP_RNA_3_END_PROCESSING","92","-0.3672299623026218","-1.506145892100901","0.011158625141692019369644","0.143242151255630001394","0.0833197333256029404325","2655","tags=28%, list=19%, signal=23%","PNPT1/SSB/EXOSC5/NCBP2/INTS1/EXOSC4/LSM10/SUPV3L1/EXOSC2/DHX36/CPSF2/SSU72/CPSF6/NCBP1/INTS6/INTS8/RPRD1B/TENT4B/FBL/CPSF3/PAPOLA/HSD17B10/RPS21/DKC1/EXOSC8/CPSF4","0.3807304007227924"
"GOBP_REGULATION_OF_SPROUTING_ANGIOGENESIS","GOBP_REGULATION_OF_SPROUTING_ANGIOGENESIS","35","0.4662275586874995","1.506027968543745","0.024437964000787886637012","0.220234328247140315193","0.1281038111885645924826","3375","tags=49%, list=24%, signal=37%","THBS1/CEMIP2/GLUL/KLF2/ADAMTS9/CEACAM1/DLL1/JCAD/ADGRG6/IL10/CLIC3/PKM/TGM2/PIK3CB/FGF1/E2F2/JAK1","0.3524878575836192"
"GOBP_POSITIVE_REGULATION_OF_ODONTOGENESIS","GOBP_POSITIVE_REGULATION_OF_ODONTOGENESIS","5","0.7699781256681660","1.505975155516162","0.032954437656104410003799","0.252210833188921290660","0.1467036007133627473209","1613","tags=60%, list=12%, signal=53%","MSX1/NGFR/EDN1","0.3217759180753611"
"GOBP_BLOOD_VESSEL_REMODELING","GOBP_BLOOD_VESSEL_REMODELING","34","0.4656868213295199","1.505579434360156","0.026082743314142443208370","0.226060817053241713825","0.1314929078287192520946","1734","tags=29%, list=13%, signal=26%","EXT1/TGFB2/BMPR2/EPAS1/ATP7A/CEACAM1/CST3/ACE/FOXC1/NPR2","0.3524878575836192"
"GOBP_PROTEIN_LOCALIZATION_TO_PLASMA_MEMBRANE_RAFT","GOBP_PROTEIN_LOCALIZATION_TO_PLASMA_MEMBRANE_RAFT","4","0.8440289678307694","1.505532210363221","0.024982263407390813136910","0.221546006261147121474","0.1288667755909985168650","1375","tags=75%, list=10%, signal=68%","CAV1/FLOT2/ATP1B1","0.3524878575836192"
"GOBP_PLATELET_MORPHOGENESIS","GOBP_PLATELET_MORPHOGENESIS","22","0.5262302594017317","1.505376520132575","0.049056603773584908645411","0.310634797914164928478","0.1806870973172676198004","2119","tags=32%, list=15%, signal=27%","PTPRJ/NBEAL2/C1GALT1C1/CASP9/EP300/MYH9/ACTN1","0.2820133500117251"
"GOBP_SKIN_DEVELOPMENT","GOBP_SKIN_DEVELOPMENT","222","0.3413597059635257","1.504725015069830","0.001763588353738227473139","0.051235768852802981987","0.0298023351375769803007","2030","tags=25%, list=15%, signal=22%","KRT6A/EXT1/CDH11/DKK4/SLITRK5/CD109/KRT5/ITGB6/VDR/ITGB4/TGFB2/ITGA6/GBA1/KRT14/FOXQ1/AKR1C3/ATP7A/FGFR2/NF1/ITGA3/KRT75/UGCG/TFAP2C/ASAH1/COL1A1/WNT5A/JUP/LATS1/INTU/NGFR/CDH3/FRAS1/FLG/ABCA12/ASH1L/EDA/FLNB/WNT10A/DLX3/RIPK4/DLL1/SOX9/PLAAT4/COL5A2/LDB1/APCDD1/MAFB/MSX2/FZD6/FOXC1/SUFU/FLG2/FOSL2/SFN/AHDC1/BCL11B","0.4550598673872295"
"GOBP_TYPE_B_PANCREATIC_CELL_PROLIFERATION","GOBP_TYPE_B_PANCREATIC_CELL_PROLIFERATION","16","0.5573009527103088","1.504522375256123","0.049429657794676805371292","0.311733796043179800517","0.1813263521052765059327","529","tags=19%, list=4%, signal=18%","IGFBP3/SERPINB1/CCN3","0.2820133500117251"
"GOBP_EMBRYONIC_ORGAN_DEVELOPMENT","GOBP_EMBRYONIC_ORGAN_DEVELOPMENT","373","0.3210140631130242","1.504474199110950","0.000372734476407356109685","0.021149769548020527082","0.0123021969664098233116","2573","tags=28%, list=19%, signal=24%","ALDH1A3/NECTIN3/WNT11/GJA5/MYCN/STRA6/LRIG1/ADM/FOLR1/ESRRB/HYAL1/KITLG/CCN1/TGFB2/MED12/COL2A1/CTHRC1/EPHB2/PRDM1/KRT19/ACVR1/DLG1/HOXB8/TUBB2B/EPAS1/PTK7/HOXB2/ZEB1/INSIG2/FGFR2/NOTCH2/GLI3/FRS2/ARL13B/FBN3/REST/BMP4/PROX1/OSR2/MSX1/WNT5A/HIF1A/TBX3/SEC24B/CSF2/PRRX1/CITED2/SPARC/PDGFB/GJB5/C2CD3/CDC40/NCKAP1/NDRG4/DLL1/CC2D2A/SOX9/MMP14/LLGL2/TBC1D23/WDPCP/NKX3-2/HIPK1/CHST11/TGFBR2/FGF9/STK3/MAFB/EOMES/ARNT/FZD6/EDN1/ANKRD24/HOXB3/IL10/HOXB7/NODAL/VASH2/FOXC1/SATB2/SUFU/SOD1/PRICKLE1/STIL/PLXNA4/HSD17B7/HIPK2/NAGLU/SMAD3/OVOL2/BBS4/PCSK5/CTNNB1/BIRC6/TCAP/SPINT1/PBX2/FOXF1/NHERF1/RBPJ/GGNBP2/FBN1/HPN/CASP8/SIX4","0.4984931087665903"
"GOBP_REGULATION_OF_MUSCLE_HYPERTROPHY","GOBP_REGULATION_OF_MUSCLE_HYPERTROPHY","46","0.4377152982263255","1.504361452226240","0.045908564113845876097919","0.307850974257767640019","0.1790678292272304128474","2642","tags=37%, list=19%, signal=30%","CAMK2D/ATP2B4/ARRB1/AKAP6/TOMM70/PPARA/SLC9A1/ADRA1B/FOXP1/EDN1/IL6ST/LMNA/SMAD3/BECN1/TNFRSF1B/FOXO1/LMCD1","0.3217759180753611"
"GOBP_MESODERM_MORPHOGENESIS","GOBP_MESODERM_MORPHOGENESIS","59","0.4193221481019391","1.504076590454903","0.013552270792347973632497","0.161355974188128747926","0.0938560097150129418742","3416","tags=49%, list=25%, signal=37%","WNT11/WLS/ITGB4/ACVR1/BMPR2/NF2/FGFR2/ITGA3/BMP4/WNT5A/TBX3/NCKAP1/TBX19/EOMES/HMGA2/NODAL/FOXC1/PRKAR1A/AHDC1/SMAD3/PRKACA/FOXF1/FGFR1/SCX/NOG/BMP7/EXT2/ARMC5/EXOC4","0.3807304007227924"
"GOBP_TIGHT_JUNCTION_ORGANIZATION","GOBP_TIGHT_JUNCTION_ORGANIZATION","61","0.4165520440186000","1.503603076974995","0.025556653795104002091509","0.224991486683442848404","0.1308709099009612020215","2916","tags=36%, list=21%, signal=29%","EXT1/WNT11/EPHB2/DLG1/AFDN/ACTG1/SNAI2/MARVELD2/PATJ/POF1B/APC/OCEL1/F11R/IL1B/MYO1C/PDCD6IP/TGFB3/CLDN11/PRKACA/PLEC/SVEP1/ILDR1","0.3524878575836192"
"GOBP_POSITIVE_REGULATION_OF_NEURON_APOPTOTIC_PROCESS","GOBP_POSITIVE_REGULATION_OF_NEURON_APOPTOTIC_PROCESS","48","0.4392268897664920","1.503591288900613","0.018646253565484674497021","0.192096084604418709807","0.1117366250215650336219","2571","tags=33%, list=19%, signal=27%","APP/PRNP/TGFB2/NR3C1/CASP4/GRN/NF1/CASP10/CASP9/CASP7/PCSK9/RIPK1/CFLAR/CTNNB1/BCL2L11/CASP8","0.3524878575836192"
"GOBP_RESPONSE_TO_NEMATODE","GOBP_RESPONSE_TO_NEMATODE","4","0.8428792678842647","1.503481439160232","0.026208371742520136793431","0.226545428486916750055","0.1317747920022421803665","440","tags=50%, list=3%, signal=48%","PTGER2/RBBP9","0.3524878575836192"
"GOBP_REGULATION_OF_MONONUCLEAR_CELL_MIGRATION","GOBP_REGULATION_OF_MONONUCLEAR_CELL_MIGRATION","92","0.3882026577372671","1.503175725440294","0.009344017251377859101247","0.130762229858877421229","0.0760605312430662205969","2326","tags=30%, list=17%, signal=25%","THBS1/NEDD9/APP/PTPRJ/LGALS9/TRPV4/CCL2/CCN3/WNT5A/ADAM10/ECM1/ABL2/C3AR1/STK10/MMP14/RTN4/MTUS1/PLCB1/MSN/ADAM8/MED23/C5/CX3CL1/SPNS2/MIA3/TREM2/MMP28/RHOA","0.3807304007227924"
"GOBP_POSITIVE_REGULATION_OF_D_GLUCOSE_IMPORT","GOBP_POSITIVE_REGULATION_OF_D_GLUCOSE_IMPORT","30","-0.4638203634188047","-1.502429366830502","0.034571625333262794022016","0.258061371835033581679","0.1501066864359115182737","2789","tags=47%, list=20%, signal=37%","IRS2/ERFE/PTPN11/OPN3/APPL1/CLTCL1/PRKCI/CREBL2/FGF21/MEF2A/KLF15/CAPN10/IGF1/SLC1A2","0.3217759180753611"
"GOBP_RESPONSE_TO_MAGNESIUM_ION","GOBP_RESPONSE_TO_MAGNESIUM_ION","12","0.5905826291255052","1.502310692050756","0.046728971962616820678971","0.308056550411335894335","0.1791874068106670270240","169","tags=17%, list=1%, signal=16%","THBS1/CCND1","0.2878571172551493"
"GOBP_ORGAN_GROWTH","GOBP_ORGAN_GROWTH","126","0.3608817270622586","1.501005838163492","0.010059138164760896352878","0.136559851384408209585","0.0794328366377816258437","1929","tags=29%, list=14%, signal=25%","EXT1/LEPR/VGLL4/RUNX1/HEG1/TGFB2/FGF20/IL7/TGFBR3/AR/TENM4/AKAP6/TOMM70/FGFR2/PPARA/ACACB/PROX1/LATS1/ECM1/FES/NDRG4/DLL1/SOX9/SORBS2/FOXP1/TGFBR2/FGF9/STK3/MSX2/EDN1/FOXC1/SLC6A4/NPR2/FOSL2/PRKAR1A/SOD1","0.3807304007227924"
"GOBP_MITOCHONDRIAL_ATP_TRANSMEMBRANE_TRANSPORT","GOBP_MITOCHONDRIAL_ATP_TRANSMEMBRANE_TRANSPORT","4","0.8414781870309510","1.500982268593364","0.026514898932236147938157","0.227633228067176313081","0.1324075329248298737994","1331","tags=50%, list=10%, signal=45%","SLC25A24/SLC25A4","0.3524878575836192"
"GOBP_STOMACH_DEVELOPMENT","GOBP_STOMACH_DEVELOPMENT","4","0.8413700541889558","1.500789387207977","0.026514898932236147938157","0.227633228067176313081","0.1324075329248298737994","15","tags=25%, list=0%, signal=25%","EXT1","0.3524878575836192"
"GOBP_REGULATION_OF_FIBROBLAST_GROWTH_FACTOR_RECEPTOR_SIGNALING_PATHWAY","GOBP_REGULATION_OF_FIBROBLAST_GROWTH_FACTOR_RECEPTOR_SIGNALING_PATHWAY","26","0.4939098776501318","1.500728152161468","0.048148148148148148250947","0.309195402298850563483","0.1798498433541935170865","1263","tags=31%, list=9%, signal=28%","THBS1/NPTN/FGFBP1/WNT5A/NGFR/DSTYK/APLN/SHISA2","0.2820133500117251"
"GOBP_VASOCONSTRICTION","GOBP_VASOCONSTRICTION","52","0.4185608208790503","1.500448640915757","0.027186877116178457397533","0.230137865378559597351","0.1338644065547810457772","4146","tags=46%, list=30%, signal=32%","GJA5/ADM/KCNMB4/CAV1/BMPR2/EDN2/ADRA1B/HRH1/ACE/EDN1/SLC6A4/DOCK5/EDN3/RHOA/SVEP1/TACR1/ITGA9/FAAH/ARHGAP42/DBH/TBXA2R/ITGB1/ATP2B1/SMTNL1","0.3524878575836192"
"GOBP_MITOCHONDRIAL_CALCIUM_ION_TRANSMEMBRANE_TRANSPORT","GOBP_MITOCHONDRIAL_CALCIUM_ION_TRANSMEMBRANE_TRANSPORT","22","-0.4933540012139909","-1.500218636083027","0.038999083487754139520920","0.279073824378406554203","0.1623290101519686279286","1755","tags=36%, list=13%, signal=32%","ITPR1/LETM2/GHITM/HSPA9/BHLHA15/AFG3L2/PMPCB/MICU2","0.3217759180753611"
"GOBP_POSITIVE_REGULATION_OF_RNA_SPLICING","GOBP_POSITIVE_REGULATION_OF_RNA_SPLICING","33","-0.4544397338437748","-1.499107009647201","0.038018537020689253946859","0.273937137283002063448","0.1593411508157709932654","1830","tags=33%, list=13%, signal=29%","CLNS1A/SNW1/WDR77/UPF3B/DAZAP1/U2AF2/NCBP1/ERN1/TRA2B/UPF3A/ZPR1","0.3217759180753611"
"GOBP_NEGATIVE_REGULATION_OF_AMYLOID_FIBRIL_FORMATION","GOBP_NEGATIVE_REGULATION_OF_AMYLOID_FIBRIL_FORMATION","12","0.5888389490166583","1.497875158152788","0.048598130841121495171464","0.310165399208317593693","0.1804140619387023525277","198","tags=25%, list=1%, signal=25%","HSPG2/LDLR/CLU","0.2820133500117251"
"GOBP_POSITIVE_REGULATION_OF_TUMOR_NECROSIS_FACTOR_SUPERFAMILY_CYTOKINE_PRODUCTION","GOBP_POSITIVE_REGULATION_OF_TUMOR_NECROSIS_FACTOR_SUPERFAMILY_CYTOKINE_PRODUCTION","86","0.3920980504682197","1.497857080972093","0.013023965990286255969832","0.158182382922155639893","0.0920100253057628131304","2395","tags=30%, list=17%, signal=25%","THBS1/APP/IFIH1/PTPRJ/CLU/LGALS9/EPHB2/FCGR2A/OAS1/STAT3/WNT5A/ADAM10/PSMB9/JAK2/TLR3/CD14/HAVCR2/ARID5A/PSMB1/ADAM8/RIPK1/ZBTB20/SASH3/MAVS/IFNGR1/TMEM106A","0.3807304007227924"
"GOBP_ANTIGEN_PROCESSING_AND_PRESENTATION_OF_PEPTIDE_ANTIGEN_VIA_MHC_CLASS_I","GOBP_ANTIGEN_PROCESSING_AND_PRESENTATION_OF_PEPTIDE_ANTIGEN_VIA_MHC_CLASS_I","33","0.4733237954557369","1.497811910509688","0.047703180212014133221299","0.308056550411335894335","0.1791874068106670270240","3364","tags=39%, list=24%, signal=30%","MR1/LNPEP/TAPBP/ERAP1/ACE/MFSD6/HFE/B2M/ERAP2/CALR/SAR1B/ULBP3/RAET1E","0.2765005992544716"
"GOBP_POSITIVE_REGULATION_OF_RHO_PROTEIN_SIGNAL_TRANSDUCTION","GOBP_POSITIVE_REGULATION_OF_RHO_PROTEIN_SIGNAL_TRANSDUCTION","24","0.4988674611949555","1.497515892456174","0.047186932849364794650970","0.308056550411335894335","0.1791874068106670270240","2827","tags=46%, list=20%, signal=37%","ROBO1/ARHGEF3/ARRB1/PRAG1/AKAP13/F11R/SEMA4D/FERMT2/ARHGEF10/NET1/ABRA","0.2820133500117251"
"GOBP_POSITIVE_REGULATION_OF_REACTIVE_OXYGEN_SPECIES_METABOLIC_PROCESS","GOBP_POSITIVE_REGULATION_OF_REACTIVE_OXYGEN_SPECIES_METABOLIC_PROCESS","51","0.4270241176994647","1.497017503794462","0.015844207434365743802918","0.177240645479730091205","0.1030956543613653353386","2063","tags=25%, list=15%, signal=22%","THBS1/ITGB2/APP/SLC5A3/AKR1C3/FAS/AKR1C1/DCXR/PDGFB/TGFBR2/SOD1/RIPK1/CBR1","0.3524878575836192"
"GOBP_RETINAL_ROD_CELL_DIFFERENTIATION","GOBP_RETINAL_ROD_CELL_DIFFERENTIATION","12","0.5884206944658177","1.496811211716272","0.048598130841121495171464","0.310165399208317593693","0.1804140619387023525277","2863","tags=50%, list=21%, signal=40%","NTRK2/SOX9/BBS10/NAGLU/BBS4/NRL","0.2820133500117251"
"GOBP_POSITIVE_REGULATION_OF_MAPK_CASCADE","GOBP_POSITIVE_REGULATION_OF_MAPK_CASCADE","335","0.3230494099194726","1.496766051287619","0.000630324380175640024311","0.028322860878747663227","0.0164745725664508686770","2127","tags=26%, list=15%, signal=22%","THBS1/ROBO1/IGFBP3/PDGFC/APP/TRIM5/CCN2/PTPRJ/IGF1R/TGFB2/LGALS9/RASGRF1/FGF20/IQGAP3/TRPV4/SEMA3A/FZD7/AR/FZD10/MAP2K6/PJA2/ARRB1/WNT7A/DSC2/NKD1/FGFR2/NOTCH2/ARL6IP5/FRS2/NTRK2/DAB2IP/IL15/PTPN22/TGFA/BMP4/FGF3/DUSP19/CHI3L1/WNT5A/MAP3K3/IQGAP1/EGF/BCAR3/JAK2/ADRA1B/DSTYK/AKAP13/MAP4K2/MAP3K12/PDGFB/P2RX7/NDRG4/RASGRP1/TLR3/TPBG/BANK1/APOE/MINK1/JCAD/ABCA7/RELL1/MAP3K5/SHC1/PLCB1/FGF9/STK3/SLCO3A1/EDN1/CD44/HAVCR2/NODAL/IL6ST/NPNT/CAV2/ADAM8/SEMA4C/SOD1/TRAF6/CHRNA7/RIPK1/IL1B/CFLAR/CX3CL1/KSR2/TREM2/HIPK2","0.4772708153628621"
"GOBP_MRNA_3_END_PROCESSING","GOBP_MRNA_3_END_PROCESSING","44","-0.4202981044448331","-1.496701715632107","0.028718288636566283861251","0.237635554424210498903","0.1382255910690172451272","1967","tags=25%, list=14%, signal=22%","LSM10/DHX36/CPSF2/SSU72/CPSF6/NCBP1/RPRD1B/TENT4B/CPSF3/PAPOLA/CPSF4","0.3524878575836192"
"GOBP_POSITIVE_REGULATION_OF_G_PROTEIN_COUPLED_RECEPTOR_SIGNALING_PATHWAY","GOBP_POSITIVE_REGULATION_OF_G_PROTEIN_COUPLED_RECEPTOR_SIGNALING_PATHWAY","21","0.5343623961706356","1.496407864825169","0.032730435051416068015229","0.251285880950303575077","0.1461655832849381997374","2114","tags=33%, list=15%, signal=28%","APP/KLK6/HIF1A/EDN1/CAV2/CNTN2/TREM2","0.3217759180753611"
"GOBP_REGULATION_OF_MONOATOMIC_ION_TRANSMEMBRANE_TRANSPORT","GOBP_REGULATION_OF_MONOATOMIC_ION_TRANSMEMBRANE_TRANSPORT","191","0.3434290132737433","1.496375808607392","0.004849832416396845057027","0.094182708129118400397","0.0547833026550752361095","2126","tags=24%, list=15%, signal=20%","CEMIP/CAMK2D/APP/ATP2B4/UTRN/PRNP/JPH2/SCN5A/CAV1/GRIN2B/CALM2/KCNS3/DLG1/UBASH3B/FGF13/DMD/AKAP6/TCAF2/UCP2/RGS9/SCN1B/AKAP5/CACNA1D/KCNN4/TESC/FXYD5/P2RX7/PML/KCNIP3/NEDD4L/ATP1B1/FKBP1A/STIM1/ANK2/ASPH/EDN1/GRIN2D/CACNB3/PCSK9/SELENON/KCNS2/FKBP1C/CALHM1/CX3CL1/SLMAP","0.4070179189239539"
"GOBP_POSITIVE_REGULATION_OF_EPITHELIAL_CELL_DIFFERENTIATION_INVOLVED_IN_KIDNEY_DEVELOPMENT","GOBP_POSITIVE_REGULATION_OF_EPITHELIAL_CELL_DIFFERENTIATION_INVOLVED_IN_KIDNEY_DEVELOPMENT","4","0.8388520057604844","1.496297831632507","0.027741008072698875724926","0.232928256221979129714","0.1354874945837580280106","29","tags=25%, list=0%, signal=25%","CD24","0.3524878575836192"
"GOBP_NUCLEAR_RECEPTOR_MEDIATED_SIGNALING_PATHWAY","GOBP_NUCLEAR_RECEPTOR_MEDIATED_SIGNALING_PATHWAY","163","0.3514528297682972","1.496027207865072","0.004253885074726290044245","0.087523986679141768663","0.0509101208392602477826","3060","tags=33%, list=22%, signal=26%","VDR/DAB2/ESRRB/DDRGK1/NR3C1/CYP24A1/WBP2/PRMT2/AR/MN1/AKR1C3/PPARA/PAQR8/KLF2/SNAI2/FAM120B/LATS1/JAK2/CITED2/TGIF1/PML/EP300/UFL1/TRIM24/FOXP1/STRN3/NCOA2/HMGA2/ABHD2/NODAL/ZMIZ1/NR3C2/CREBRF/SMARCA4/KMT2D/TRERF1/KANK2/CYP26A1/UBR5/PPARD/RHOA/TADA3/KDM1A/DHRS3/KDM3A/ACTN4/MED1/NR1D1/CDK12/NCOA4/SP100/KDM4C/CALR","0.4070179189239539"
"GOBP_TRNA_WOBBLE_BASE_MODIFICATION","GOBP_TRNA_WOBBLE_BASE_MODIFICATION","27","-0.4714065551704322","-1.494838681420604","0.037417792643387168260993","0.271493934034886141848","0.1579200115679389726520","3977","tags=63%, list=29%, signal=45%","GTPBP3/QNG1/QTGAL/ALKBH8/MTO1/CTU2/QTRT2/ELP5/ELP2/ALKBH1/TRMU/MOCS3/URM1/QTRT1/CTU1/NAT10/SLC35F2","0.3217759180753611"
"GOBP_POSITIVE_REGULATION_OF_MAMMARY_GLAND_EPITHELIAL_CELL_PROLIFERATION","GOBP_POSITIVE_REGULATION_OF_MAMMARY_GLAND_EPITHELIAL_CELL_PROLIFERATION","6","0.7370185755267153","1.494177137245184","0.045311240788944537327687","0.305566891225723502590","0.1777392455145784533332","3283","tags=83%, list=24%, signal=64%","CCND1/IQGAP3/RTN4/ZNF703/RREB1","0.3217759180753611"
"GOBP_ACTIN_FILAMENT_ORGANIZATION","GOBP_ACTIN_FILAMENT_ORGANIZATION","397","0.3162436920281512","1.493388185872193","0.000465715022752732812471","0.024293918239316959762","0.0141310554986120596316","2423","tags=24%, list=18%, signal=20%","NEDD9/TPM1/DPYSL3/FSCN1/SSH2/RAC2/AMOT/CCN2/ARHGAP18/KANK4/CORO2A/SH3BP4/KANK1/IQGAP3/TRPV4/SORBS1/CDC42EP4/FMN1/DLG1/SYNPO/NF2/CDC42EP3/ARRB1/FHDC1/TLE6/DAAM2/GSN/SPTAN1/INF2/CORO6/PROX1/CNN3/ACTG1/VILL/PTGER4/ITGB5/FER/SLC9A1/LATS1/IQGAP1/CAP2/RHOBTB2/RHPN2/POF1B/JAK2/SPTBN1/TACSTD2/RAPGEF3/RICTOR/PLS3/SPTB/IQGAP2/CARMIL1/NCKAP1/ELMO3/RAC3/MYL9/PDLIM1/GMFG/F11R/ALMS1/SHROOM4/EZR/ARHGAP25/ARFGEF1/SHROOM2/WASHC2C/SHROOM3/GAS2L1/GAS2L3/KIRREL1/MYO19/SPATC1L/KANK2/MYO1C/CX3CL1/ACTN1/CD2AP/SMAD3/BLOC1S6/FHOD3/LUZP1/TGFB3/MARCKS/ESPN/FERMT2/MYO1E/BBS4/CCL24/SVIL/RHOA/TCAP/ARPC5/ARHGEF10","0.4984931087665903"
"GOBP_POSITIVE_REGULATION_OF_VIRAL_LIFE_CYCLE","GOBP_POSITIVE_REGULATION_OF_VIRAL_LIFE_CYCLE","20","0.5247929726606296","1.493002917741196","0.044964028776978415269383","0.304159445407279016571","0.1769205758057317279253","1385","tags=35%, list=10%, signal=32%","FURIN/LGALS9/TMPRSS2/LGALS1/KPNA2/TRIM21/TRIM38","0.2878571172551493"
"GOBP_AORTIC_VALVE_MORPHOGENESIS","GOBP_AORTIC_VALVE_MORPHOGENESIS","29","0.4810609266365304","1.492157293089891","0.044446925587028757176355","0.303115512242807416676","0.1763133506830211194583","1526","tags=28%, list=11%, signal=25%","ROBO1/CDH11/BMP4/SNAI2/AXIN2/SMAD6/SOX9/TGFBR2","0.3217759180753611"
"GOBP_SYNAPTIC_TRANSMISSION_GLUTAMATERGIC","GOBP_SYNAPTIC_TRANSMISSION_GLUTAMATERGIC","65","0.4019706735556361","1.491861341313653","0.019467152183997870479315","0.196648019905947879504","0.1143843514911428993486","1878","tags=25%, list=14%, signal=21%","EXT1/NR3C1/GRIN2B/OPHN1/PLPPR4/CCL2/NF1/NLGN1/GRM8/ALS2/UNC13B/NLGN2/NLGN3/GRIN2D/ABTB3/CACNG4","0.3524878575836192"
"GOBP_NEGATIVE_REGULATION_OF_PROSTAGLANDIN_BIOSYNTHETIC_PROCESS","GOBP_NEGATIVE_REGULATION_OF_PROSTAGLANDIN_BIOSYNTHETIC_PROCESS","2","-0.9775794183798971","-1.491858194633934","0.003116990272237214146950","0.071857101961560754244","0.0417971562176785230158","264","tags=50%, list=2%, signal=49%","PIBF1","0.4317076958033464"
"GOBP_ESTABLISHMENT_OF_RNA_LOCALIZATION","GOBP_ESTABLISHMENT_OF_RNA_LOCALIZATION","151","-0.3390439184405007","-1.491823843746124","0.003858992637667443912491","0.081713887834923157327","0.0475305577563813128061","3179","tags=30%, list=23%, signal=23%","YBX1/ERH/SEC13/SRSF1/NPIPA1/DDX39B/NRDE2/HSF1/WNK1/PNPT1/SSB/NCBP2/ALKBH5/LRPPRC/NUP205/PABPN1/HNRNPA2B1/NXT1/BORCS5/NUP88/ARC/POM121/SRSF7/UPF3B/FXR2/CPSF6/NCBP1/IGF2BP3/HHEX/NCBP3/PARP11/RBM33/RAE1/MAGOH/MAGOHB/THOC1/XPOT/NUP58/QKI/SEH1L/UPF3A/SMG5/NUP42/SEM1/PCID2","0.4317076958033464"
"GOBP_PROTEIN_TARGETING_TO_LYSOSOME","GOBP_PROTEIN_TARGETING_TO_LYSOSOME","32","0.4743994926701063","1.490653118345900","0.035158023254868352169833","0.261096853681092921917","0.1518723366702270927142","2956","tags=44%, list=21%, signal=34%","CLU/IGF2R/SORT1/GNPTAB/LAMP2/GNPTG/NAGPA/SNX16/ZFYVE16/BECN1/SCARB2/PIK3C3/AP3B1/NCOA4","0.3217759180753611"
"GOBP_LIPID_HOMEOSTASIS","GOBP_LIPID_HOMEOSTASIS","140","0.3545861491158117","1.489498012348001","0.008407183325932342243814","0.124869882405412274684","0.0726331265707615969518","2190","tags=24%, list=16%, signal=21%","FURIN/CD24/RORA/ITGB6/RAB30/PNPLA3/LDLR/CLN8/CAV1/NPC2/MED13/TTC39B/ACACB/NR1H3/ABCA3/AKR1C1/ACOX1/TLCD1/MYLIP/ACSM3/CERT1/ABCA12/ORMDL3/LIPA/APOE/RTN4/OSBPL10/HDAC9/PCSK9/NFE2L1/TREM2/ZBTB20/BLOC1S6/FITM2","0.3807304007227924"
"GOBP_NEGATIVE_REGULATION_OF_TRANSFORMING_GROWTH_FACTOR_BETA_RECEPTOR_SIGNALING_PATHWAY","GOBP_NEGATIVE_REGULATION_OF_TRANSFORMING_GROWTH_FACTOR_BETA_RECEPTOR_SIGNALING_PATHWAY","81","0.3892088692757043","1.489485668133922","0.018746145615641127135653","0.192628811377831804519","0.1120464964686712361353","2545","tags=36%, list=18%, signal=29%","IL17RD/CD109/BAMBI/VEPH1/TGFBR3/SMURF2/MTMR4/LTBP1/PPARA/TET1/PBLD/CDH3/SPRED1/SMAD6/FKBP1A/CHST11/HTRA1/SAP30/HSPA1A/GLG1/EID2/CAV2/SNX25/LDLRAD4/SAP130/OVOL2/BCL9L/SKI/FBN1","0.3524878575836192"
"GOBP_POSITIVE_REGULATION_OF_B_CELL_ACTIVATION","GOBP_POSITIVE_REGULATION_OF_B_CELL_ACTIVATION","62","-0.3911734834619150","-1.489456573848209","0.027123722493339517958244","0.230073682717714361745","0.1338270733945424173506","2789","tags=35%, list=20%, signal=28%","IRS2/BCL2/MAD2L2/SLC39A10/TIRAP/KMT5B/STAT5B/ADA/STAT6/PPP2R3C/PMS2/XBP1/NFATC2/SH3KBP1/TLR4/CLCF1/PAXIP1/CD81/PCID2/CARD11/CD74/SYK","0.3524878575836192"
"GOBP_REPLACEMENT_OSSIFICATION","GOBP_REPLACEMENT_OSSIFICATION","25","0.4954428991461390","1.489359481663651","0.046816479400749066996923","0.308056550411335894335","0.1791874068106670270240","1734","tags=36%, list=13%, signal=32%","EXT1/COL2A1/BMP4/CSGALNACT1/COL1A1/COL13A1/MMP14/FOXC1/NPR2","0.2878571172551493"
"GOBP_GAP_JUNCTION_MEDIATED_INTERCELLULAR_TRANSPORT","GOBP_GAP_JUNCTION_MEDIATED_INTERCELLULAR_TRANSPORT","4","-0.8195877971837273","-1.488884947469933","0.045027645666969984272754","0.304159445407279016571","0.1769205758057317279253","250","tags=50%, list=2%, signal=49%","GJA3/GJB2","0.3217759180753611"
"GOBP_SENSORY_PERCEPTION_OF_PAIN","GOBP_SENSORY_PERCEPTION_OF_PAIN","48","0.4346959347875254","1.488080616408779","0.021153257357200118404794","0.206222964007173770185","0.1199538139861453384105","2570","tags=35%, list=19%, signal=29%","MGLL/HOXB8/NIPSNAP1/POMK/CCL2/CCN3/NLGN2/KCNA2/P2RX7/ANO1/MMP24/COMT/GRIN2D/PHF24/MC1R/SLC45A4/MECP2","0.3524878575836192"
"GOBP_NEGATIVE_REGULATION_OF_ACTIN_FILAMENT_POLYMERIZATION","GOBP_NEGATIVE_REGULATION_OF_ACTIN_FILAMENT_POLYMERIZATION","52","0.4150946889855097","1.488023319123872","0.030528248149489532747847","0.245544480963169997612","0.1428259803004096606394","2304","tags=27%, list=17%, signal=23%","SSH2/KANK4/KANK1/GSN/SPTAN1/VILL/SPTBN1/SPTB/CARMIL1/ARFGEF1/WASHC2C/KANK2/BBS4/SVIL","0.3524878575836192"
"GOBP_CERAMIDE_METABOLIC_PROCESS","GOBP_CERAMIDE_METABOLIC_PROCESS","91","0.3781070822505492","1.487554402059428","0.014639970706610367853773","0.168470444952305092867","0.0979942874609684572151","2828","tags=35%, list=20%, signal=28%","SPTLC3/SGPL1/CLN8/CCN1/GBA1/GM2A/UGCG/PLPP3/ST6GALNAC3/ASAH1/B4GALT5/ACER2/CERT1/ABCA12/P2RX7/ORMDL3/GLB1/ST3GAL5/NEU1/ST3GAL1/CEL/HEXB/NEU3/PLA2G15/NAGLU/ITGB8/SMPD1/PLA2G6/SCARB2/PLPP2/SGMS1/LCT","0.3807304007227924"
"GOBP_POSITIVE_REGULATION_OF_AXONOGENESIS","GOBP_POSITIVE_REGULATION_OF_AXONOGENESIS","62","0.4112784454289358","1.487463054002009","0.022020040201454014333615","0.210191596767147576008","0.1222622505764208028500","1025","tags=18%, list=7%, signal=17%","ROBO1/TIAM1/EFNA5/TIAM2/BMPR2/PLXNB3/NTRK2/MAP6/MAP1B/FN1/PLXNC1","0.3524878575836192"
"GOBP_STEROL_HOMEOSTASIS","GOBP_STEROL_HOMEOSTASIS","70","0.4017334249834082","1.487395409004095","0.024553576939664766703997","0.220234328247140315193","0.1281038111885645924826","1887","tags=24%, list=14%, signal=21%","FURIN/CD24/RORA/LDLR/CAV1/NPC2/MED13/TTC39B/NR1H3/AKR1C1/ACOX1/MYLIP/ACSM3/APOE/HDAC9/PCSK9/NFE2L1","0.3524878575836192"
"GOBP_REGULATION_OF_KETONE_BIOSYNTHETIC_PROCESS","GOBP_REGULATION_OF_KETONE_BIOSYNTHETIC_PROCESS","17","0.5468940121425190","1.486867732191045","0.038458596080326971911045","0.276559191417242389299","0.1608663223474405545854","1019","tags=35%, list=7%, signal=33%","ADM/DAB2/AKR1C3/REST/SIRT5/DKK3","0.3217759180753611"
"GOBP_POSITIVE_REGULATION_OF_EPITHELIAL_CELL_MIGRATION","GOBP_POSITIVE_REGULATION_OF_EPITHELIAL_CELL_MIGRATION","39","0.4484900430536830","1.486429719733323","0.035365957435982010859110","0.262105049854629956751","0.1524587746396561527273","1976","tags=36%, list=14%, signal=31%","TGFB2/HAS2/BMPR2/CTSH/HIF1A/MAPRE2/RAB11A/DOCK1/SOX9/RTN4/TGFBR2/IQSEC1/DOCK5/ENPP2","0.3217759180753611"
"GOBP_NEGATIVE_REGULATION_OF_VASCULATURE_DEVELOPMENT","GOBP_NEGATIVE_REGULATION_OF_VASCULATURE_DEVELOPMENT","83","0.3832245809236459","1.486122797440055","0.024602271075997692723059","0.220328353668275273014","0.1281585030020155890895","1718","tags=23%, list=12%, signal=20%","THBS1/HSPG2/ATP2B4/AMOT/TGFB2/COL4A3/KLK3/ISM1/NF1/DAB2IP/KLF2/ADAMTS9/SPRED1/SPARC/PML/SEMA4A/SHC1/AGO1/FOXC1","0.3524878575836192"
"GOBP_REGULATION_OF_LAMELLIPODIUM_ASSEMBLY","GOBP_REGULATION_OF_LAMELLIPODIUM_ASSEMBLY","32","0.4728084378849493","1.485653722660200","0.035158023254868352169833","0.261096853681092921917","0.1518723366702270927142","1267","tags=22%, list=9%, signal=20%","FSCN1/AUTS2/RAC2/PLXNB3/PLCE1/FER/NCKAP1","0.3217759180753611"
"GOBP_RESPONSE_TO_CADMIUM_ION","GOBP_RESPONSE_TO_CADMIUM_ION","34","0.4593462752367038","1.485080259028755","0.032237421026654909661513","0.250400971695626695102","0.1456508576788876907493","2603","tags=32%, list=19%, signal=26%","MT1E/CAT/PRNP/MT1X/PCNA/MTF1/ALAD/SOD1/MT2A/MT1F/HMOX1","0.3217759180753611"
"GOBP_REGULATION_OF_WNT_PROTEIN_SECRETION","GOBP_REGULATION_OF_WNT_PROTEIN_SECRETION","4","0.8324496533090960","1.484877669286141","0.032321038111229306866168","0.250400971695626695102","0.1456508576788876907493","889","tags=50%, list=6%, signal=47%","WLS/PTPN23","0.3217759180753611"
"GOBP_REGULATION_OF_PRIMARY_MIRNA_PROCESSING","GOBP_REGULATION_OF_PRIMARY_MIRNA_PROCESSING","3","0.8745428639655154","1.484360919578977","0.032426479240937992887250","0.250400971695626695102","0.1456508576788876907493","706","tags=67%, list=5%, signal=63%","STAT3/BMP4","0.3217759180753611"
"GOBP_MOLTING_CYCLE_PROCESS","GOBP_MOLTING_CYCLE_PROCESS","80","0.3858022578112451","1.484192415041012","0.030339135280016329282438","0.245204315619729773523","0.1426281161559968535535","1605","tags=28%, list=12%, signal=24%","EXT1/DKK4/CD109/LRIG1/TGFB2/FOXQ1/ATP7A/FGFR2/NF1/TFAP2C/WNT5A/INTU/NGFR/CDH3/EDA/WNT10A/DLX3/SOX9/LDB1/APCDD1/MSX2/FZD6","0.3524878575836192"
"GOBP_POSTSYNAPTIC_DENSITY_PROTEIN_95_CLUSTERING","GOBP_POSTSYNAPTIC_DENSITY_PROTEIN_95_CLUSTERING","6","0.7320755176112670","1.484155945961011","0.046544180955855558867729","0.307850974257767640019","0.1790678292272304128474","1090","tags=33%, list=8%, signal=31%","NLGN1/NLGN2","0.3217759180753611"
"GOBP_BRANCHING_INVOLVED_IN_MAMMARY_GLAND_DUCT_MORPHOGENESIS","GOBP_BRANCHING_INVOLVED_IN_MAMMARY_GLAND_DUCT_MORPHOGENESIS","20","0.5216367161898808","1.484023567091593","0.046762589928057554655716","0.308056550411335894335","0.1791874068106670270240","1603","tags=40%, list=12%, signal=35%","VDR/AR/TFAP2C/WNT5A/TBX3/PML/DDR1/MSX2","0.2820133500117251"
"GOBP_REGULATION_OF_VIRAL_GENOME_REPLICATION","GOBP_REGULATION_OF_VIRAL_GENOME_REPLICATION","67","0.3973034083607958","1.483503829599079","0.034055152744130165465286","0.255936413751909619396","0.1488706610113979811327","2071","tags=34%, list=15%, signal=29%","IFIH1/APOBEC3G/OAS1/BST2/ZNFX1/MX1/IFIT1/PROX1/APOBEC3F/TOP2A/RNASEL/TRIM6/ISG20/TNIP1/TRIM38/APOBEC3H/PABPC1/HMGA2/ADARB1/PKN2/LTF/TARBP2/RAD23A","0.3217759180753611"
"GOBP_OLEFINIC_COMPOUND_METABOLIC_PROCESS","GOBP_OLEFINIC_COMPOUND_METABOLIC_PROCESS","94","0.3744081377889174","1.483397957998283","0.018329619627681276866626","0.191075793741521143820","0.1111431519281634583418","1019","tags=16%, list=7%, signal=15%","ALDH1A3/MGLL/ADM/DAB2/CTHRC1/FAAH2/CYP2J2/AKR1C3/EPHX1/CYP3A7/DHRS7/REST/STARD3/AKR1C1/DKK3","0.3524878575836192"
"GOBP_REGULATION_OF_CHOLESTEROL_EFFLUX","GOBP_REGULATION_OF_CHOLESTEROL_EFFLUX","31","0.4648947939353819","1.483199701250253","0.049847603844385621196800","0.313186113081118322476","0.1821711220786715601516","4122","tags=55%, list=30%, signal=39%","CAV1/TTC39B/NR1H3/ABCA3/EGF/ABCA12/APOE/ABCA7/TREM2/ABCA5/PTCH1/NAXE/NR1H2/MAPK3/ABCA2/SREBF2/LAMTOR1","0.3217759180753611"
"GOBP_PLACENTA_BLOOD_VESSEL_DEVELOPMENT","GOBP_PLACENTA_BLOOD_VESSEL_DEVELOPMENT","30","0.4691915004207198","1.482318871159209","0.046125461254612545869414","0.307850974257767640019","0.1790678292272304128474","3124","tags=37%, list=23%, signal=28%","CCN1/NOTCH2/LLGL2/VASH2/ITGB8/OVOL2/SPINT1/RBPJ/GGNBP2/WDR83/SOCS3","0.2878571172551493"
"GOBP_REGULATION_OF_GAP_JUNCTION_ASSEMBLY","GOBP_REGULATION_OF_GAP_JUNCTION_ASSEMBLY","6","0.7311163457334242","1.482211391592708","0.047777121600502105158714","0.308056550411335894335","0.1791874068106670270240","2013","tags=50%, list=15%, signal=43%","CAV1/ACE/IL1B","0.3217759180753611"
"GOBP_MAMMARY_GLAND_FORMATION","GOBP_MAMMARY_GLAND_FORMATION","4","0.8307975719081592","1.481930777819081","0.033529266677996272250084","0.253400587559886925071","0.1473956457297414535113","993","tags=75%, list=7%, signal=70%","GLI3/BMP4/TBX3","0.3217759180753611"
"GOBP_OTIC_VESICLE_FORMATION","GOBP_OTIC_VESICLE_FORMATION","6","0.7309249221381624","1.481823313504764","0.047777121600502105158714","0.308056550411335894335","0.1791874068106670270240","2399","tags=67%, list=17%, signal=55%","FGFR2/PROX1/SOX9/TCAP","0.3217759180753611"
"GOBP_NEGATIVE_REGULATION_OF_T_CELL_MEDIATED_CYTOTOXICITY","GOBP_NEGATIVE_REGULATION_OF_T_CELL_MEDIATED_CYTOTOXICITY","3","0.8729450175695671","1.481648896139804","0.033756784906421331837745","0.254331461385205515047","0.1479371075704458415867","935","tags=33%, list=7%, signal=31%","CEACAM1","0.3217759180753611"
"GOBP_REGULATION_OF_TRANSLATION","GOBP_REGULATION_OF_TRANSLATION","337","-0.3027849341898909","-1.481230365629219","0.000387024608798368894864","0.021790385532577932065","0.0126748243845933635660","2844","tags=31%, list=21%, signal=25%","ZNF598/OGT/CNOT6/PABPC1L/CNOT11/EIF1/NGDN/LSM14B/MSI1/LSM14A/SSB/ABCE1/ALKBH3/LARP6/NCBP2/PTCD3/ELP5/ELP2/EIF5AL1/MRPL13/EEF2K/EPRS1/EIF4G1/ALKBH5/OGFOD1/NCL/NIBAN1/PKP3/LRPPRC/EIF4E3/RPL26/GZMB/TCOF1/ALKBH1/MAP3K20/ITGA2/SMYD5/PIWIL4/MALSU1/EIF2S1/MSI2/RPS3/SESN2/EIF2B4/PRMT1/C1QBP/DHX36/SARS1/CDK5RAP1/YTHDF1/ZNF706/UPF3B/FXR2/PIWIL2/PPP1R15A/METTL3/EIF2A/NCBP1/IGF2BP3/NOLC1/EIF5A/SERP1/HHEX/SECISBP2/MTG1/EIF2B5/GIGYF1/ETF1/DDX3X/RIDA/FASTKD3/NAT10/ATF4/BZW2/RBM24/MAGOH/RBM3/EIF2AK1/MTG2/NSUN5/EIF6/EIF4EBP1/YBX3/INPP5E/DDX1/CNBP/PIWIL1/EIF2S2/QKI/KRT13/CAPRIN2/HTATIP2/PA2G4/TRAP1/UPF3A/PUS7/EIF4H/RPUSD4/EIF2S3/DNAJC3/SHMT2/EIF3B/RPS6KA3","0.4984931087665903"
"GOBP_NUCLEOBASE_METABOLIC_PROCESS","GOBP_NUCLEOBASE_METABOLIC_PROCESS","37","0.4510387429492693","1.480493691146080","0.039355368380968785979590","0.281060020207449634544","0.1634843216671731103151","1099","tags=19%, list=8%, signal=17%","DPYSL3/CPS1/DPYSL2/GMPR/DPYD/ALDH6A1/XDH","0.3217759180753611"
"GOBP_RESPONSE_TO_TYPE_III_INTERFERON","GOBP_RESPONSE_TO_TYPE_III_INTERFERON","6","0.7301230938406802","1.480197745914099","0.047777121600502105158714","0.308056550411335894335","0.1791874068106670270240","3719","tags=83%, list=27%, signal=61%","EPG5/IFNGR1/IL10RB/IFNGR2/IFNLR1","0.3217759180753611"
"GOBP_DTMP_CATABOLIC_PROCESS","GOBP_DTMP_CATABOLIC_PROCESS","4","-0.8147449982992893","-1.480087390469401","0.047956210477471894471080","0.308508376171725717807","0.1794502205253126203566","659","tags=50%, list=5%, signal=48%","NT5C3A/UPP1","0.3217759180753611"
"GOBP_INTRA_GOLGI_VESICLE_MEDIATED_TRANSPORT","GOBP_INTRA_GOLGI_VESICLE_MEDIATED_TRANSPORT","32","-0.4419352124917550","-1.479851070249645","0.047734507218812401163621","0.308056550411335894335","0.1791874068106670270240","3514","tags=41%, list=25%, signal=30%","COG6/COPB1/RAB6B/COPZ2/NAPG/COPG1/COPB2/GOSR2/GOLGA5/COPZ1/COG3/VTI1B/COG5","0.3217759180753611"
"GOBP_NUCLEAR_EXPORT","GOBP_NUCLEAR_EXPORT","165","-0.3302118784760706","-1.479701909680378","0.004899799436417004785960","0.094757500212778011939","0.0551176422521029163448","2899","tags=28%, list=21%, signal=22%","SDAD1/DDX39B/FRAT2/NRDE2/WNK1/SSB/PTPN11/CSE1L/NCBP2/ALKBH5/LSG1/SMURF1/PABPN1/EMD/HNRNPA2B1/NXT1/NUP88/NMD3/POM121/YWHAE/CPSF6/CAMK1/NCBP1/RANBP1/HHEX/NCBP3/CDKN2A/RBM33/GAS6/RAE1/DESI1/MAGOH/STRADB/EIF6/MAGOHB/HSPA9/THOC1/XPOT/CDKN1B/UBE2I/SMG5/NUP42/RBM10/SEM1/XPO4/PCID2","0.4070179189239539"
"GOBP_POSITIVE_REGULATION_OF_D_GLUCOSE_TRANSMEMBRANE_TRANSPORT","GOBP_POSITIVE_REGULATION_OF_D_GLUCOSE_TRANSMEMBRANE_TRANSPORT","37","-0.4423999529724641","-1.479376447839449","0.023373079187357655162049","0.215510600916797329107","0.1253561583641899235264","3237","tags=46%, list=23%, signal=35%","CLIP3/INSR/IRS2/ERFE/PTPN11/OPN3/APPL1/CLTCL1/PRKCI/CREBL2/FGF21/MEF2A/KLF15/CAPN10/C2CD5/IGF1/SLC1A2","0.3524878575836192"
"GOBP_NOTCH_SIGNALING_PATHWAY","GOBP_NOTCH_SIGNALING_PATHWAY","148","0.3495200349090225","1.478659204220543","0.007601086574071866386326","0.116623894083751053485","0.0678366784446738091408","1733","tags=21%, list=13%, signal=19%","ROBO1/CD46/APP/MAML2/TGFB2/KRT19/STAT3/ARRB1/NEURL1B/CCN3/PRAG1/NOTCH2/LFNG/RCAN2/ANXA4/DTX4/SNAI2/ADAM10/PERP/NCSTN/DLL1/SOX9/MMP14/NOTCH3/LLGL2/SORBS2/TGFBR2/SUSD5/ZMIZ1/FOXC1/IL6ST","0.4070179189239539"
"GOBP_EMBRYONIC_HEART_TUBE_DEVELOPMENT","GOBP_EMBRYONIC_HEART_TUBE_DEVELOPMENT","70","0.3993131554965623","1.478434497366145","0.026276615973345528870508","0.226545428486916750055","0.1317747920022421803665","2365","tags=34%, list=17%, signal=29%","GJA5/FOLR1/ACVR1/NOTCH2/ARL13B/WNT5A/HIF1A/TBX3/CITED2/C2CD3/NCKAP1/NDRG4/DLL1/TGFBR2/EDN1/NODAL/FOXC1/SUFU/STIL/PLXNA4/SMAD3/OVOL2/BBS4/CTNNB1","0.3524878575836192"
"GOBP_NEGATIVE_REGULATION_OF_CYTOKINE_PRODUCTION","GOBP_NEGATIVE_REGULATION_OF_CYTOKINE_PRODUCTION","219","0.3322667652606011","1.478381119958639","0.003389184720807175612428","0.076209438474373114580","0.0443287819606042257647","2226","tags=25%, list=16%, signal=21%","THBS1/FURIN/CD24/WNT11/SERPINB1/PRNP/TGFB2/LGALS9/CARD8/TNFRSF21/EPHB2/GBA1/OAS1/MACIR/STAT3/GBP1/BST2/ARRB1/MORC3/NPTN/IRF2/PPARA/HDAC7/PTPN22/KLF2/ANXA4/PTGER4/FN1/CEACAM1/JAK2/RNF128/PML/TNFSF4/DLL1/BANK1/CD83/HAVCR2/IL10/HDAC9/NMI/PTPRS/HFE/LTF/CHRNA7/REL/IL1B/CX3CL1/NAV3/TREM2/CD2AP/SMAD3/TNFAIP3/TGFB3/CRYBA1","0.4317076958033464"
"GOBP_DIGESTIVE_TRACT_MORPHOGENESIS","GOBP_DIGESTIVE_TRACT_MORPHOGENESIS","36","0.4508750823732711","1.476659707877606","0.029155322919100869205611","0.239001253229604526673","0.1390199777720307616757","2511","tags=42%, list=18%, signal=34%","WNT11/STRA6/SFRP5/FGFR2/GLI3/WNT5A/HIF1A/NCKAP1/NODAL/DACT1/NPR2/SMAD3/OVOL2/CTNNB1/FOXF1","0.3524878575836192"
"GOBP_NEGATIVE_REGULATION_OF_RESPONSE_TO_WOUNDING","GOBP_NEGATIVE_REGULATION_OF_RESPONSE_TO_WOUNDING","62","0.4080851490150141","1.475913918643768","0.023769952531468900580602","0.217432198030300560809","0.1264738947124147139256","2150","tags=32%, list=16%, signal=27%","THBS1/CD109/PROS1/KREMEN1/STAT3/UBASH3B/ANXA2/CEACAM1/PDGFB/PLAU/INPP5F/TSPAN8/APOE/PROC/KIAA0319/LRIG2/EDN1/PTPRS/SMAD3/VTN","0.3524878575836192"
"GOBP_REGULATION_OF_SCF_DEPENDENT_PROTEASOMAL_UBIQUITIN_DEPENDENT_PROTEIN_CATABOLIC_PROCESS","GOBP_REGULATION_OF_SCF_DEPENDENT_PROTEASOMAL_UBIQUITIN_DEPENDENT_PROTEIN_CATABOLIC_PROCESS","4","0.8266207986720709","1.474480480634998","0.035945727230014504205435","0.265859283983294669707","0.1546425018714819021870","1584","tags=50%, list=11%, signal=44%","FBXO32/STYX","0.3217759180753611"
"GOBP_OSTEOBLAST_PROLIFERATION","GOBP_OSTEOBLAST_PROLIFERATION","23","0.4973792552825782","1.473524630579617","0.048824593128390596230570","0.310541744198774061214","0.1806329707163798203862","2326","tags=39%, list=17%, signal=33%","CCN1/CTHRC1/MN1/ITGAV/FGFR2/OSR2/LTF/SMAD3/RHOA","0.2765005992544716"
"GOBP_NEURAL_CREST_CELL_DIFFERENTIATION","GOBP_NEURAL_CREST_CELL_DIFFERENTIATION","73","0.3944951612470560","1.473218708379300","0.018415663848978434946613","0.191349022224793108293","0.1113020808758483637391","3292","tags=44%, list=24%, signal=34%","EXT1/FOLR1/SEMA3A/ACVR1/SEMA4B/BMP4/SNAI2/FN1/HIF1A/CITED2/WNT10A/ARB2A/SOX9/SEMA4A/SEMA6B/EDN1/FOXC1/TAPT1/SEMA4C/SEMA4D/NRP2/OVOL2/EDN3/SEMA4G/EFNB1/RBX1/FBXL17/NRTN/SEMA3G/SEMA4F/BMP7/CDC42","0.3524878575836192"
"GOBP_ANTIMICROBIAL_HUMORAL_IMMUNE_RESPONSE_MEDIATED_BY_ANTIMICROBIAL_PEPTIDE","GOBP_ANTIMICROBIAL_HUMORAL_IMMUNE_RESPONSE_MEDIATED_BY_ANTIMICROBIAL_PEPTIDE","54","0.4190147577023542","1.472195639727441","0.026394823972117297666840","0.227139344205554399858","0.1321202552535337970685","761","tags=15%, list=5%, signal=14%","KRT6A/KLK7/APP/ADM/DEFA5/KLK3/CCL2/CCL28","0.3524878575836192"
"GOBP_NEGATIVE_REGULATION_OF_EXTRACELLULAR_MATRIX_DISASSEMBLY","GOBP_NEGATIVE_REGULATION_OF_EXTRACELLULAR_MATRIX_DISASSEMBLY","4","0.8251524561263558","1.471861332379811","0.038362191622340661989465","0.276139343660119163104","0.1606221092938511230130","955","tags=50%, list=7%, signal=47%","TIMP3/CST3","0.3217759180753611"
"GOBP_CALCIUM_ION_REGULATED_EXOCYTOSIS","GOBP_CALCIUM_ION_REGULATED_EXOCYTOSIS","50","0.4166618371232504","1.470758637530136","0.035895999652596245754754","0.265762125868304333043","0.1545859878624388228374","1947","tags=24%, list=14%, signal=21%","CADPS2/SNAP25/BAIAP3/SYT13/REST/HYAL3/UNC13B/RIMS2/ATP2A2/MYH9/SYT12/DOC2A","0.3217759180753611"
"GOBP_ATP_SYNTHESIS_COUPLED_ELECTRON_TRANSPORT","GOBP_ATP_SYNTHESIS_COUPLED_ELECTRON_TRANSPORT","90","-0.3591380527935122","-1.470075378037968","0.014890722553904292557725","0.169250888746489636105","0.0984482485906853221902","4858","tags=48%, list=35%, signal=31%","NDUFB1/NDUFA5/COX6A1/UQCR10/CDK1/UQCRQ/MT-CO3/SDHA/COX5B/NDUFC2/UQCC3/COX6C/COX4I1/UQCRHL/NDUFV2/NDUFA10/UQCRH/NDUFS3/NDUFB9/NDUFS6/BID/COX8A/MT-CO2/NDUFV1/SDHC/SDHB/CYC1/NDUFAB1/DGUOK/NDUFA11/NDUFA8/NDUFB2/MT-ND3/GHITM/COXFA4/COXFA4L2/COX5A/DLD/CHCHD2/SDHD/NDUFA9/CYCS/DNAJC15","0.3807304007227924"
"GOBP_RESPONSE_TO_HEPARIN","GOBP_RESPONSE_TO_HEPARIN","4","0.8240299201514389","1.469859014767571","0.038966308236755876903690","0.279073824378406554203","0.1623290101519686279286","1341","tags=75%, list=10%, signal=68%","EXT1/CDH1/SOX9","0.3217759180753611"
"GOBP_POLYSACCHARIDE_BIOSYNTHETIC_PROCESS","GOBP_POLYSACCHARIDE_BIOSYNTHETIC_PROCESS","47","0.4250220439257809","1.468841755862491","0.033350384832605044216347","0.252682143082909649312","0.1469777477736840531897","1780","tags=28%, list=13%, signal=24%","EXT1/CLTC/SORBS1/HAS2/PPP1R3B/GBE1/UGP2/EGF/PDGFB/AP2A1/ENPP1/EPM2AIP1/AGL","0.3217759180753611"
"GOBP_SKELETAL_SYSTEM_MORPHOGENESIS","GOBP_SKELETAL_SYSTEM_MORPHOGENESIS","180","0.3421077350666339","1.468328678258335","0.004996251397482593878396","0.095746105276823437191","0.0556926846511353601521","1896","tags=26%, list=14%, signal=22%","EXT1/MYCN/CCN2/SGPL1/HYAL1/TGFB2/MED12/COL2A1/TRPV4/HAS2/DLG1/HOXB8/BMPR2/WNT7A/HOXB2/ZEB1/INSIG2/FGFR2/GLI3/BMP4/OSR2/CSGALNACT1/AXIN2/COL1A1/COL13A1/MSX1/PRRX1/CITED2/PLEKHA1/P2RX7/SOX9/MMP14/NKX3-2/CHST11/TGFBR2/MSX2/HOXB3/HOXB7/NODAL/FOXC1/NPR2/SATB2/GLG1/SPEF2/FOSL2/LTF","0.4070179189239539"
"GOBP_NEPHRON_DEVELOPMENT","GOBP_NEPHRON_DEVELOPMENT","115","0.3633774948577202","1.468138826713924","0.011254272755499854577477","0.143468589075248731390","0.0834514455247013509087","2425","tags=28%, list=18%, signal=23%","EXT1/CD24/WNT11/KIF26B/COL4A4/LAMB2/COL4A3/DLG1/PLCE1/NOTCH2/GLI3/ITGA3/BMP4/IQGAP1/TACSTD2/PDGFB/DLL1/SOX9/NOTCH3/COMT/EDN1/HOXB7/FOXC1/WNT6/NPNT/DCHS2/CFLAR/CD2AP/MYO1E/CTNNB1/LZTS2/AQP11","0.3807304007227924"
"GOBP_VIRAL_LIFE_CYCLE","GOBP_VIRAL_LIFE_CYCLE","239","0.3249585691247219","1.466905018203733","0.004588630329484729222789","0.091864621201725837896","0.0534349398797128796734","2201","tags=26%, list=16%, signal=22%","NCAM1/NECTIN3/FURIN/CD46/ITGB6/IFIH1/TRIM5/LDLR/LGALS9/CAV1/TMPRSS2/SELPLG/DAG1/APOBEC3G/OAS1/CTSB/LGALS1/ITGAV/BST2/CCL2/ZNFX1/MX1/KPNA2/IFIT1/PROX1/APOBEC3F/ITGB5/SLC1A5/NECTIN2/TOP2A/TRIM62/RNASEL/TRIM21/TRIM6/FBXL2/PCBP2/TBC1D20/ISG20/TNIP1/PC/TRIM38/APOE/APOBEC3H/BICD1/PABPC1/LRSAM1/PIKFYVE/F11R/HMGA2/ADARB1/HSPA1A/MYH9/ATG16L1/CAV2/PKN2/LTF/TARBP2/RAD23A/HSPA1B/PDCD6IP/NECTIN4/VPS28","0.4070179189239539"
"GOBP_PROTEIN_OXIDATION","GOBP_PROTEIN_OXIDATION","4","0.8222275659807813","1.466644075041768","0.040174542019975188755776","0.284116551792677474175","0.1652622159137345780877","614","tags=50%, list=4%, signal=48%","LOXL2/SUMF1","0.3217759180753611"
"GOBP_POSITIVE_REGULATION_OF_CAMP_PKA_SIGNAL_TRANSDUCTION","GOBP_POSITIVE_REGULATION_OF_CAMP_PKA_SIGNAL_TRANSDUCTION","6","0.7234322096944872","1.466633140555200","0.048327137546468404427635","0.309523809523809534383","0.1800408681479845063311","2360","tags=67%, list=17%, signal=55%","APP/PJA2/SPATC1L/MC1R","0.2820133500117251"
"GOBP_RECEPTOR_CLUSTERING","GOBP_RECEPTOR_CLUSTERING","47","0.4238928873426127","1.464939482175825","0.033962301487490687001980","0.255614710573725201215","0.1486835357638269239366","1399","tags=23%, list=10%, signal=21%","ITGB2/DLG4/DAG1/LAMC1/DLG1/GSN/NLGN1/NLGN2/NME7/DLG3/APOE","0.3217759180753611"
"GOBP_MYOTUBE_DIFFERENTIATION","GOBP_MYOTUBE_DIFFERENTIATION","139","-0.3338591249836058","-1.464709782170563","0.007271705503917603660713","0.114974548866056708318","0.0668773029920187722652","2080","tags=24%, list=15%, signal=20%","RPL35/RPL36A/RBM38/BARX2/RCAN1/PPIF/ARRDC2/RPL3L/GDF15/CACNA1H/CDON/RPLP2/XBP1/BIN3/RPL27A/BHLHE41/BDNF/CNTNAP1/RBM24/NFATC2/COL6A1/LARGE1/KLF5/RPL8/BHLHA15/RPL41/IGF1/CD81/NACA/RPL21/SMO/RYR1/ATP11A","0.4070179189239539"
"GOBP_STEROID_BIOSYNTHETIC_PROCESS","GOBP_STEROID_BIOSYNTHETIC_PROCESS","121","0.3583078302129488","1.464579331680838","0.011975035996713123687130","0.149956355938150709406","0.0872251881008722085298","3376","tags=38%, list=24%, signal=29%","ADM/DAB2/TM7SF2/IGFBP7/NR3C1/CYB5R2/CYP24A1/HSD17B11/ATP1A1/AKR1C3/CYP3A7/INSIG2/LSS/REST/PROX1/SNAI2/ASAH1/STARD3/DKK3/MSMO1/ACLY/HMGCS1/LIPA/APOE/HMGCR/MVK/HSD3B7/SCP2/HSD17B7/ERLIN1/HSD17B8/PRKACA/SEC14L2/DDX20/CYB5R1/SQLE/SRD5A3/ERLIN2/MED1/NR1D1/FGF1/DHCR24/FDPS/SREBF1/PRKAA1/ARMC5","0.3807304007227924"
"GOBP_MYOBLAST_DIFFERENTIATION","GOBP_MYOBLAST_DIFFERENTIATION","81","0.3823700865904309","1.463313939786227","0.021894296526373011740896","0.210191596767147576008","0.1222622505764208028500","3071","tags=38%, list=22%, signal=30%","IGFBP3/MEGF10/MBNL3/LGALS1/EPAS1/FLOT2/REST/BMP4/TBX3/ARID1A/DLL1/SOX9/MAP3K5/PLCB1/ANKRD2/ARID1B/SMARCA4/PLEKHM3/ZFHX3/PRICKLE1/MBNL1/PPARD/TMEM182/HIF1AN/DPF3/RBPJ/ZFP36L1/PLEC/MAPK14/ARID2/PBRM1","0.3524878575836192"
"GOBP_POSITIVE_REGULATION_OF_GLUCOCORTICOID_SECRETION","GOBP_POSITIVE_REGULATION_OF_GLUCOCORTICOID_SECRETION","2","-0.9588620213721011","-1.463294068197461","0.011014823000354270407519","0.142505861276427697737","0.0828914551673953781119","74","tags=50%, list=1%, signal=50%","GAL","0.3807304007227924"
"GOBP_PROTEIN_LOCALIZATION_TO_ACTIN_CYTOSKELETON","GOBP_PROTEIN_LOCALIZATION_TO_ACTIN_CYTOSKELETON","4","0.8199540826018622","1.462588761080820","0.040778659172355229134421","0.286159808279049299173","0.1664507179298519434774","2480","tags=75%, list=18%, signal=62%","CTTNBP2NL/LUZP1/FILIP1L","0.3217759180753611"
"GOBP_NEGATIVE_REGULATION_OF_PROTEIN_SECRETION","GOBP_NEGATIVE_REGULATION_OF_PROTEIN_SECRETION","49","0.4210967867580742","1.462395687386911","0.047186932849364794650970","0.308056550411335894335","0.1791874068106670270240","1496","tags=22%, list=11%, signal=20%","ACVR1C/SYTL4/KLF7/RAB11FIP5/CCN3/UCP2/NR1H3/REST/APOE/RHBDF2/HMGCR","0.2820133500117251"
"GOBP_CELLULAR_RESPONSE_TO_HYPEROXIA","GOBP_CELLULAR_RESPONSE_TO_HYPEROXIA","4","0.8196307860941250","1.462012082643886","0.040778659172355229134421","0.286159808279049299173","0.1664507179298519434774","836","tags=75%, list=6%, signal=70%","CAV1/FAS/ATG7","0.3217759180753611"
"GOBP_BIOLOGICAL_PROCESS_INVOLVED_IN_INTERACTION_WITH_HOST","GOBP_BIOLOGICAL_PROCESS_INVOLVED_IN_INTERACTION_WITH_HOST","139","0.3514679574325805","1.461923847649023","0.010302820052965240560372","0.138061590488351537687","0.0803063539688770727798","997","tags=16%, list=7%, signal=15%","NCAM1/KRT6A/NECTIN3/FURIN/CD46/ITGB6/TRIM5/LDLR/LGALS9/CAV1/TMPRSS2/SELPLG/DAG1/CTSB/LGALS1/ITGAV/IFIT1/ITGB5/SLC1A5/NECTIN2/TRIM62/TRIM21","0.3807304007227924"
"GOBP_MACROMOLECULE_METHYLATION","GOBP_MACROMOLECULE_METHYLATION","125","-0.3381983380423726","-1.461778771783659","0.011307557007468296145225","0.143578298156017913900","0.0835152600602480227332","4082","tags=40%, list=29%, signal=28%","NSUN2/BCDIN3D/EEF1AKMT1/SLC25A26/GTPBP3/TRMT10B/TRMT44/TRMT5/TRMT61B/METTL2A/FAM98A/METTL5/ALKBH8/NOP58/TRMT13/METTL16/METTL6/MTO1/CAMKMT/SNU13/NTMT1/RNMT/NSUN6/LCMT1/NOP2/METTL22/SNRPE/LSM10/EMG1/PRMT1/SARS1/SNRPF/METTL3/EEF2KMT/DIMT1/FTSJ1/TRMT1/ETF1/MRM3/FBL/TFB2M/NSUN5/SNRPD1/HSD17B10/METTL2B/PRMT3/EEF1AKMT3/METTL1/BUD23/TRMT61A","0.3807304007227924"
"GOBP_NEURON_APOPTOTIC_PROCESS","GOBP_NEURON_APOPTOTIC_PROCESS","240","0.3274376792260608","1.461767172857557","0.002895402106130481618279","0.069175347029031858392","0.0402372584929915344532","2617","tags=28%, list=19%, signal=23%","TUBA1A/HSPG2/WFS1/APP/CCND1/PRNP/CLU/TGFB2/TNFRSF21/EGLN3/FGF20/NR3C1/GBA1/STAT3/CIT/CASP4/ATP7A/CCL2/GRN/NF1/NTRK2/UCP2/GBE1/FAS/PCDHGC3/CASP10/HIF1A/NCSTN/EPG5/CASP9/CPEB4/JAK2/NGFR/MAP3K12/OXR1/TRIM2/MAP3K5/IL10/CASP7/ADARB1/IL6ST/NPR2/PCSK9/BBS10/PPT1/UNC5B/ADAM8/SOD1/RIPK1/CFLAR/CX3CL1/TREM2/HIPK2/CD2AP/TGFB3/RHOA/CTNNB1/DRAXIN/SPG11/NTF3/FAIM2/TMBIM4/BCL2L11/MECP2/CASP8/SIX4/AXL/IL27RA","0.4317076958033464"
"GOBP_POSITIVE_REGULATION_OF_RECEPTOR_MEDIATED_ENDOCYTOSIS","GOBP_POSITIVE_REGULATION_OF_RECEPTOR_MEDIATED_ENDOCYTOSIS","39","0.4410436584727030","1.461750181096592","0.043092807782406018779486","0.296300753149802253983","0.1723494063738204296055","2597","tags=44%, list=19%, signal=36%","APP/DAB2/CLU/ARRB1/EGF/ANXA2/AP2A1/APLN/BICD1/PCSK9/PPT1/HFE/TBC1D5/B2M/VTN/NTF3/DTNBP1","0.3217759180753611"
"GOBP_T_TUBULE_ORGANIZATION","GOBP_T_TUBULE_ORGANIZATION","4","0.8189886951443979","1.460866756305998","0.041382776488431902151000","0.288725365644073861393","0.1679430269576876466608","1434","tags=50%, list=10%, signal=45%","ANK2/ATP2A2","0.3217759180753611"
"GOBP_REGULATION_OF_EPIDERMIS_DEVELOPMENT","GOBP_REGULATION_OF_EPIDERMIS_DEVELOPMENT","57","0.4062556195037950","1.460499577358241","0.030389048640291703440308","0.245204315619729773523","0.1426281161559968535535","2978","tags=40%, list=22%, signal=32%","MYCN/CD109/VDR/KLF7/BMP4/TFAP2C/ABCA12/DLL1/MYCL/PLAAT4/MSX2/FOXC1/SFN/OVOL2/PPARD/MACROH2A2/ZFP36L1/MED1/KRT36/TMEM79/PTCH1/AQP3/ESRP1","0.3524878575836192"
"GOBP_POSITIVE_REGULATION_OF_INTERLEUKIN_12_PRODUCTION","GOBP_POSITIVE_REGULATION_OF_INTERLEUKIN_12_PRODUCTION","31","-0.4486497969617725","-1.459869374409436","0.031916154303549673643126","0.249793708320901475251","0.1452976304898446202607","1660","tags=29%, list=12%, signal=26%","RIPK2/IRF8/IL23A/HSPD1/TLR4/IRF5/HMGB1/MDK/SYK","0.3217759180753611"
"GOBP_STEM_CELL_DIFFERENTIATION","GOBP_STEM_CELL_DIFFERENTIATION","192","0.3384443058048520","1.459858172287946","0.005573369241780868656166","0.101515890527536414845","0.0590487985060402578719","1970","tags=23%, list=14%, signal=20%","EXT1/FOLR1/MLLT3/LIN28A/ESRRB/SLC4A11/TGFB2/SEMA3A/ACVR1/STAT3/PHF19/JARID2/BMPR2/WNT7A/SEMA4B/FGFR2/SHC4/REST/BMP4/SNAI2/MSX1/FN1/HIF1A/TRIM6/CITED2/TACSTD2/ACE/WNT10A/ARB2A/SOX9/UFL1/SEMA4A/TGFBR2/SEMA6B/EOMES/MSX2/EDN1/HMGA2/PUM1/FOXC1/TAPT1/SEMA4C/SEMA4D/NRP2/PRICKLE1","0.4070179189239539"
"GOBP_CELLULAR_RESPONSE_TO_RETINOIC_ACID","GOBP_CELLULAR_RESPONSE_TO_RETINOIC_ACID","44","0.4231979219716033","1.458804792346978","0.033350384832605044216347","0.252682143082909649312","0.1469777477736840531897","1738","tags=27%, list=13%, signal=24%","WNT11/FZD7/FZD10/PTK7/FGFR2/COL1A1/WNT5A/TESC/ABL2/SOX9/SLC6A4/WNT6","0.3217759180753611"
"GOBP_REGULATION_OF_CELL_DIVISION","GOBP_REGULATION_OF_CELL_DIVISION","150","0.3460053716101748","1.458038427578731","0.009635977650018929738240","0.132800959529577766727","0.0772464001440617276106","2926","tags=33%, list=21%, signal=26%","SUSD2/PDGFC/CUL4B/CAT/MLLT3/ESRRB/TGFB2/CDC25B/CALM2/CIT/TLE6/FGFR2/TGFA/FGF3/INTU/PDGFB/RAB11A/DLL1/KIF23/KIF20A/KIF13A/KAT2B/RACGAP1/FGF9/KIF18B/DCAF11/PKN2/MYO19/IL1B/SFN/KIF20B/TGFB3/SH3GLB1/BBS4/SVIL/ASPM/RHOA/NUP62/BIRC6/TADA3/BECN1/ZNF16/PRKCE/PLK1/CDCA8/RBX1/PIK3C3/PTCH1/EFHC1","0.3807304007227924"
"GOBP_SEQUESTERING_OF_CALCIUM_ION","GOBP_SEQUESTERING_OF_CALCIUM_ION","91","0.3705497194211804","1.457822114904493","0.021300086007921596731318","0.206821557052853655101","0.1203019979005826717300","2236","tags=24%, list=16%, signal=20%","CEMIP/CAMK2D/JPH2/PLCB4/CALM2/UBASH3B/DMD/ANXA6/AKAP6/PLCE1/P2RX7/ERO1A/FKBP1A/ANK2/PLCB1/ASPH/SELENON/FKBP1C/CACNA1S/CX3CL1/PLCB3/PDE4D","0.3524878575836192"
"GOBP_MONONUCLEAR_CELL_MIGRATION","GOBP_MONONUCLEAR_CELL_MIGRATION","140","0.3470380920532135","1.457791145004581","0.011185147801519995658381","0.143242151255630001394","0.0833197333256029404325","2114","tags=26%, list=15%, signal=22%","THBS1/NEDD9/SAA1/EXT1/APP/PTPRJ/LGALS9/TRPV4/GBA1/CCL2/CCN3/CXCR1/EDN2/WNT5A/ADAM10/ECM1/PDGFB/CXCR2/ABL2/C3AR1/STK10/MMP14/RTN4/MTUS1/PLCB1/F11R/MSN/ADAM8/MED23/HSD3B7/C5/ARTN/CX3CL1/SPNS2/MIA3/TREM2","0.3807304007227924"
"GOBP_CALCIUM_ION_HOMEOSTASIS","GOBP_CALCIUM_ION_HOMEOSTASIS","217","0.3266644941325747","1.457705337277764","0.005452731857047563718277","0.100229164475927653988","0.0583003479239778479859","2271","tags=24%, list=16%, signal=20%","CEMIP/NT5E/CAMK2D/WFS1/ATP2B4/VDR/JPH2/CAV1/TRPV4/PLCB4/CALM2/UBASH3B/DMD/ANXA6/AKAP6/PLCE1/NPTN/MYH7B/EDN2/SV2A/WNT5A/MICU1/P2RX7/PML/ERO1A/ATP1B1/FKBP1A/APOE/STIM1/SLC24A1/ANK2/ATP2A2/TRIM24/PRKCB/PLCB1/ASPH/MCU/EDN1/CAV2/SELENON/HEXB/CHRNA7/FKBP1C/CACNA1S/CX3CL1/SLC24A3/TMEM165/PLCB3/PDE4D/CD40/EDN3","0.4070179189239539"
"GOBP_POSITIVE_REGULATION_OF_CELL_ADHESION","GOBP_POSITIVE_REGULATION_OF_CELL_ADHESION","359","0.3132632630266045","1.457363299500112","0.000942725379240464496020","0.036565474806045106249","0.0212690579068916772731","2380","tags=26%, list=17%, signal=22%","NEDD9/SAA1/ADAM19/TPM1/TNFRSF18/CD24/ITGB2/KIF26B/CD46/RUNX1/MEGF10/UTRN/DAB2/LAMB2/PTPRJ/HYAL1/CCN1/TGFB2/LGALS9/CD70/CAV1/DAG1/TNFSF9/IL7/LAMC1/HAS2/LGALS1/AFDN/ITGAV/CCL2/FOXA2/GLI3/FLOT2/IL15/PLPP3/FRMD5/CCL28/MALT1/WNT5A/JUP/PTPN23/FN1/GCNT1/JAK2/CITED2/PDGFB/MAGI1/ABL2/ARID1A/DOCK1/CARMIL1/RASGRP1/TNFSF4/RAC3/EP300/LDB1/ANKRD28/ZBTB1/TGFBR2/CD83/F11R/CD44/PRSS2/HAVCR2/IL10/NODAL/ZMIZ1/IL6ST/NPNT/ARID1B/SHB/NFAT5/SMARCA4/ADAM8/TRAF6/DOCK5/ZFHX3/IL1B/SFN/DUSP10/SOX12/KIFAP3/CSPG5/B2M/CX3CL1/SMAD3/HLA-DOB/VTN/ECM2/FERMT2/CDH13/SASH3/RHOA/CTNNB1/PTPRU","0.4772708153628621"
"GOBP_REGULATION_OF_NEURONAL_SYNAPTIC_PLASTICITY","GOBP_REGULATION_OF_NEURONAL_SYNAPTIC_PLASTICITY","49","0.4196326694646050","1.457311063416536","0.049001814882032666831346","0.310634797914164928478","0.1806870973172676198004","1692","tags=29%, list=12%, signal=25%","CAMK2D/APP/KCNJ10/DLG4/RASGRF1/EPHB2/GRIN2B/NPTN/NF1/MCTP1/RAB11A/APOE/GRIN2D/CAMK2G","0.2765005992544716"
"GOBP_WOUND_HEALING","GOBP_WOUND_HEALING","336","0.3134562734281049","1.456982223353221","0.000962757010592744087198","0.036997376549921169586","0.0215202824089476135727","2603","tags=28%, list=19%, signal=23%","PRSS56/THBS1/KRT6A/SAA1/EXT1/TPM1/CD109/SERPINA1/DST/ITGB6/SYTL4/PTPRJ/PROS1/TGFB2/CAV1/F13A1/KANK1/DAG1/EPHB2/FZD7/C1GALT1C1/UBASH3B/ITGAV/ANXA8/WNT7A/PTK7/FOXA2/NOTCH2/VCL/NF1/PPARA/ACTG1/PRRG4/AHNAK/ITGB5/WNT5A/PAFAH2/FN1/HIF1A/ANXA2/CEACAM1/JAK2/MCAM/PDGFB/DDR1/GNA13/PLAU/MYL9/TSPAN8/F3/APOE/PROC/MSX2/FZD6/EDN1/F11R/CD44/ENPP4/CASP7/ARFGEF1/DGKA/SLC6A4/IL6ST/NPR2/MYH9/MYOF/FKBP10/GNAQ/HPS4/CX3CL1/MIA3/ACTN1/SMAD3/VTN/TNFAIP3/BLOC1S6/TLN1/MRTFA/PPARD/DSP/CD40/FERMT2/MACF1/RHOA/SYT11/SMPD1/C6orf89/PRKCE/TMEM97/DTNBP1/AXL/FIBP/HMOX1","0.4772708153628621"
"GOBP_REGULATION_OF_AMPA_RECEPTOR_ACTIVITY","GOBP_REGULATION_OF_AMPA_RECEPTOR_ACTIVITY","24","-0.4808522424259243","-1.456059596139156","0.043756550441858006739171","0.299814930055862904901","0.1743934994016432538100","1738","tags=25%, list=13%, signal=22%","PSMD2/PSMD13/ADRM1/PSMC1/PSMC2/SEM1","0.3217759180753611"
"GOBP_LIPID_CATABOLIC_PROCESS","GOBP_LIPID_CATABOLIC_PROCESS","261","0.3241333913832916","1.455888607348796","0.002444535047708414760015","0.062501963778054794862","0.0363555483401003451394","2758","tags=32%, list=20%, signal=26%","MGLL/CPS1/SGPL1/DECR1/PNPLA3/LDLR/CYP24A1/HSD17B11/PLCB4/GBA1/FAAH2/CRAT/ACOXL/FUCA1/AKR1C3/SMPDL3B/PEX2/GM2A/PLCE1/SUMF1/SLC27A2/PPARA/PLPP3/ALDH3B1/ACACB/ACBD5/IDH1/SMPDL3A/ASAH1/ACER2/ACOX1/PAFAH2/PLD1/PLCD1/NCEH1/AIG1/LIPA/INPP5F/MGST2/APOE/PLAAT4/ENDOU/GLB1/PLCB1/HACL1/PLAAT3/ABHD2/EHHADH/NEU1/CEL/PPT1/HEXB/ENPP2/CYP4F3/ABHD15/IL1B/CYP26A1/SCP2/SLC25A17/NEU3/ECH1/PLA2G15/NAGLU/PEX13/NUDT7/ABHD12B/FITM2/HSD17B4/PPARD/PLCB3/PLBD2/ECI2/SMPD1/PRKACA/PRKCE/MCEE/PLA2G6/PLD2/SCARB2/SRD5A3/OXCT1/PLPP2/ETFB","0.4317076958033464"
"GOBP_MORPHOGENESIS_OF_A_BRANCHING_STRUCTURE","GOBP_MORPHOGENESIS_OF_A_BRANCHING_STRUCTURE","160","0.3416617417260990","1.453105907748644","0.010058730434124417071895","0.136559851384408209585","0.0794328366377816258437","1749","tags=26%, list=13%, signal=23%","EXT1/MYCN/ADM/VDR/DAG1/PRDM1/AR/ACVR1/DLG1/FGF13/RERE/FGFR2/GLI3/FRS2/CTSH/BMP4/PROX1/TFAP2C/SNAI2/COL13A1/WNT5A/EGF/PLXNA1/TBX3/TACSTD2/PML/DDR1/NTN4/GNA13/SOX9/MMP14/LLGL2/RTN4/TGFBR2/MSX2/EDN1/HMGA2/IL10/HOXB7/WNT6/NPNT","0.3807304007227924"
"GOBP_MEMBRANE_DEPOLARIZATION_DURING_SA_NODE_CELL_ACTION_POTENTIAL","GOBP_MEMBRANE_DEPOLARIZATION_DURING_SA_NODE_CELL_ACTION_POTENTIAL","4","0.8146330154626320","1.453097335695024","0.045537340619307829781004","0.306522432732189764604","0.1782950558176381872233","1417","tags=75%, list=10%, signal=67%","SCN5A/CACNA1D/ANK2","0.2878571172551493"
"GOBP_ELECTRON_TRANSPORT_CHAIN","GOBP_ELECTRON_TRANSPORT_CHAIN","113","-0.3445129107363359","-1.451472812097374","0.017716368832974234426292","0.188119863792239577771","0.1094237746851913078983","4127","tags=40%, list=30%, signal=28%","NDUFC2/UQCC3/COX6C/COX4I1/UQCRHL/ETFA/ENOX2/NDUFV2/NDUFA10/PUM2/UQCRH/NDUFS3/NDUFB9/NDUFS6/BID/COX8A/MT-CO2/NDUFV1/IMMP2L/SDHC/AIFM2/SDHB/CYC1/NDUFAB1/DGUOK/VPS54/NDUFA11/NDUFA8/NDUFB2/MT-ND3/GHITM/DHRS2/COXFA4/COXFA4L2/COX5A/DLD/CHCHD2/MYBBP1A/SDHD/HCCS/NDUFA9/CYCS/FDX1/DNAJC15/POR","0.3524878575836192"
"GOBP_POSITIVE_REGULATION_OF_MONOATOMIC_ION_TRANSPORT","GOBP_POSITIVE_REGULATION_OF_MONOATOMIC_ION_TRANSPORT","113","0.3562945304454612","1.450885913158162","0.023847943002729962008734","0.217871207583431120147","0.1267292536174129402582","1731","tags=22%, list=13%, signal=20%","CEMIP/WFS1/SCN3B/SCN5A/CAV1/DLG1/FGF13/AKAP6/CCL2/SCN1B/AKAP5/CACNA1D/KCNN4/TESC/FXYD5/PDGFB/P2RX7/KIF5B/ATP1B1/STIM1/ANK2/ASPH/EDN1/CACNB3/SLC6A4","0.3524878575836192"
"GOBP_RENAL_SYSTEM_PROCESS","GOBP_RENAL_SYSTEM_PROCESS","97","0.3613002512811565","1.450881366154963","0.027147617525689272249823","0.230073682717714361745","0.1338270733945424173506","2519","tags=28%, list=18%, signal=23%","SGK1/KCNMA1/GJA5/WFS1/ADM/HAS2/AKR1C3/GSN/ITGA3/BMP4/RHPN2/MCAM/PDGFB/COMT/EDN1/PRKAR1A/KIRREL1/CHRNA7/ABCG2/CD2AP/MYO1E/ADCY9/PRKACB/RHOA/PCSK5/PRKACA/NHERF1","0.3524878575836192"
"GOBP_OPTIC_NERVE_MORPHOGENESIS","GOBP_OPTIC_NERVE_MORPHOGENESIS","4","0.8133213085588655","1.450757585438286","0.047358834244080147413136","0.308056550411335894335","0.1791874068106670270240","1161","tags=75%, list=8%, signal=69%","EPHB2/GLI3/KCNA2","0.2820133500117251"
"GOBP_APPENDAGE_DEVELOPMENT","GOBP_APPENDAGE_DEVELOPMENT","159","0.3409105673024607","1.450728794593961","0.009399799696818584085478","0.131243126028207424127","0.0763402543569307451277","1626","tags=22%, list=12%, signal=20%","EXT1/GJA5/MYCN/TBC1D32/ITGB4/TGFB2/KREMEN1/COL2A1/ITGA6/BMPR2/WNT7A/FGFR2/NOTCH2/GLI3/ZNRF3/BMP4/OSR2/MSX1/WNT5A/DYNC2H1/TBX3/INTU/PRRX1/CREBBP/FRAS1/C2CD3/SOX9/WDPCP/KAT2B/CHST11/ASPH/FGF9/MSX2/FZD6/PLXNA2","0.3807304007227924"
"GOBP_MUSCLE_CONTRACTION","GOBP_MUSCLE_CONTRACTION","284","0.3191206015617676","1.449041636482306","0.003195972477498512567123","0.072994805358716025045","0.0424589247182467835473","2271","tags=23%, list=16%, signal=20%","TPM1/CAMK2D/KCNMA1/GJA5/SCN3B/ATP2B4/UTRN/JPH2/SCN5A/CAV1/TRPV4/CALM2/ATP1A1/DLG1/FGF13/SYNM/MAP2K6/DSC2/DMD/ANXA6/SMTN/DES/GSN/MYH7B/GAA/EDN2/SCN1B/SNTB1/CACNA1D/SLC9A1/JUP/ADRA1B/TNNT1/CERT1/MYL3/ABAT/NEDD4L/MYL9/ATP1B1/FKBP1A/ANK2/ATP2A2/GAMT/MYBPH/ASPH/ANKRD2/KCND3/EDN1/CACNB3/KCNJ5/NPNT/MYOF/SELENON/SOD1/DOCK5/RPL24/FKBP1C/CACNA1S/SLMAP/P2RX6/PDE4D/CHRND/DSP/GLRA1/EDN3","0.4317076958033464"
"GOBP_EPITHELIAL_CELL_DEVELOPMENT","GOBP_EPITHELIAL_CELL_DEVELOPMENT","173","0.3387402926665632","1.448681578178874","0.007342593066295552070577","0.114974548866056708318","0.0668773029920187722652","2290","tags=28%, list=17%, signal=24%","EFNA5/VIM/LAMB2/HEG1/PRDM1/AR/FASN/AFDN/WNT7A/NOTCH2/VCL/FRS2/TFCP2L1/BMP4/PROX1/TFAP2C/FER/WNT5A/MARVELD2/IQGAP1/HIF1A/POF1B/TJP3/TBC1D20/PDGFB/RAPGEF3/MAGI1/ABCA12/FLNB/DLL1/SOX9/PROC/NKX3-2/PLCB1/F11R/EZR/MSN/IL6ST/COL18A1/PTPRS/PPP1R12A/FOSL2/IL1B/SFN/BCL11B/LUZP1/HSD17B4/PDE4D/MYO1E","0.4070179189239539"
"GOBP_NEUROTRANSMITTER_SECRETION","GOBP_NEUROTRANSMITTER_SECRETION","119","0.3574289059658253","1.448467846899361","0.016127455854560737019687","0.178285710611376907453","0.1037035379159854248110","2155","tags=27%, list=16%, signal=23%","CADPS2/DYSF/KCNMB4/SNPH/SLC4A8/CPLX2/SNAP25/BAIAP3/WNT7A/SYT13/FBXL20/NF1/SYNJ1/SV2A/MCTP1/NLGN1/AP2B1/UNC13B/P2RX7/PIP5K1C/RIMS2/ATP2A2/PRKCB/STXBP5/GPR158/EFR3A/PPT1/SYT12/MYOF/DOC2A/CSPG5/BLOC1S6","0.3524878575836192"
"GOBP_NEGATIVE_REGULATION_OF_ENDOTHELIAL_CELL_MIGRATION","GOBP_NEGATIVE_REGULATION_OF_ENDOTHELIAL_CELL_MIGRATION","40","0.4422636160600005","1.448284190884602","0.049541284403669727520736","0.311800995341293962770","0.1813654399544149253831","1399","tags=18%, list=10%, signal=16%","THBS1/ATP2B4/DAB2IP/ADAMTS9/JUP/SPRED1/APOE","0.2765005992544716"
"GOBP_PERIPHERAL_NERVOUS_SYSTEM_DEVELOPMENT","GOBP_PERIPHERAL_NERVOUS_SYSTEM_DEVELOPMENT","72","0.3899668050106609","1.447656384250387","0.024712184884067667917096","0.220916901491752443176","0.1285008439070608743382","2435","tags=31%, list=18%, signal=25%","ETV1/RUNX1/NDRG1/LAMB2/ITGB4/PMP22/MED12/DAG1/NCMAP/NF1/NTRK2/CITED2/ADGRG6/SH3TC2/SOD1/ARTN/PLXNA4/ALDH3A2/SOS1/ARHGEF10/SKI/TBCE","0.3524878575836192"
"GOBP_POSITIVE_REGULATION_OF_DENDRITIC_SPINE_MAINTENANCE","GOBP_POSITIVE_REGULATION_OF_DENDRITIC_SPINE_MAINTENANCE","3","0.8528699296603217","1.447575465119537","0.044244039299650234076111","0.302299583662614890223","0.1758387491001877911412","1399","tags=67%, list=10%, signal=60%","NEDD9/APOE","0.3217759180753611"
"GOBP_REGULATION_OF_SYSTEMIC_ARTERIAL_BLOOD_PRESSURE_BY_NOREPINEPHRINE_EPINEPHRINE","GOBP_REGULATION_OF_SYSTEMIC_ARTERIAL_BLOOD_PRESSURE_BY_NOREPINEPHRINE_EPINEPHRINE","2","0.9670957381161330","1.447502805020570","0.006624748932513940813394","0.109784751247481798808","0.0638585508314076927272","24","tags=50%, list=0%, signal=50%","TPM1","0.4070179189239539"
"GOBP_PROTEIN_LOCALIZATION_TO_SYNAPSE","GOBP_PROTEIN_LOCALIZATION_TO_SYNAPSE","68","0.3905180703494192","1.445378761754035","0.030602093932079698496151","0.245575375914671989452","0.1428439509822075070833","1930","tags=26%, list=14%, signal=23%","HSPG2/GPC4/DLG4/DAG1/DLG1/WNT7A/STAU2/NLGN1/WNT5A/ADAM10/NLGN2/RAB11A/KIF5B/DLG3/KIF5C/ZDHHC12/RAB27B/TRAF6","0.3524878575836192"
"GOBP_REGULATION_OF_SYNAPTIC_PLASTICITY","GOBP_REGULATION_OF_SYNAPTIC_PLASTICITY","156","0.3425785410195963","1.445271490794638","0.013787905805830946714963","0.162831804663008422596","0.0947144567609618931447","2185","tags=24%, list=16%, signal=21%","CAMK2D/APP/KCNJ10/PRNP/DLG4/DAG1/RASGRF1/SORCS2/LZTS1/CPLX2/EPHB2/GRIN2B/CALM2/SNAP25/NPTN/NF1/NTRK2/MAP1B/AKAP5/STAU2/MCTP1/NCSTN/HRH1/ACE/RAB11A/APOE/SLC24A1/HMGCR/SQSTM1/GRIN2D/CAMK2G/SYT12/CHRNA7/CNTN2/CX3CL1/CD2AP/SHANK2/SYNGR1","0.3807304007227924"
"GOBP_REGULATION_OF_NEURON_APOPTOTIC_PROCESS","GOBP_REGULATION_OF_NEURON_APOPTOTIC_PROCESS","198","0.3285746389881470","1.445188178052102","0.004931617111445695672556","0.094757500212778011939","0.0551176422521029163448","2617","tags=29%, list=19%, signal=24%","HSPG2/WFS1/APP/CCND1/PRNP/CLU/TGFB2/EGLN3/FGF20/NR3C1/GBA1/STAT3/CASP4/ATP7A/CCL2/GRN/NF1/NTRK2/UCP2/GBE1/PCDHGC3/CASP10/HIF1A/CASP9/CPEB4/JAK2/MAP3K12/OXR1/TRIM2/IL10/CASP7/IL6ST/PCSK9/BBS10/PPT1/UNC5B/ADAM8/SOD1/RIPK1/CFLAR/CX3CL1/TREM2/HIPK2/CD2AP/TGFB3/RHOA/CTNNB1/DRAXIN/NTF3/FAIM2/TMBIM4/BCL2L11/MECP2/CASP8/SIX4/AXL/IL27RA","0.4070179189239539"
"GOBP_BODY_MORPHOGENESIS","GOBP_BODY_MORPHOGENESIS","41","0.4264255757869539","1.445171096982721","0.046554934823091247142468","0.307850974257767640019","0.1790678292272304128474","3623","tags=46%, list=26%, signal=34%","STRA6/SGPL1/TGFB2/COL1A1/MSX1/VPS13B/PLEKHA1/NCKAP1/EP300/ASPH/PRICKLE1/TGFB3/SKI/CRISPLD2/SCX/NOG/MYH3/RRAS/ZNF281","0.2878571172551493"
"GOBP_NEGATIVE_REGULATION_OF_PROTEIN_POLYMERIZATION","GOBP_NEGATIVE_REGULATION_OF_PROTEIN_POLYMERIZATION","63","0.3905234716722059","1.444624667389935","0.039787844956583828803787","0.282758432406720494612","0.1644722379353926455803","2304","tags=27%, list=17%, signal=23%","SSH2/KANK4/KANK1/MAP2/GSN/STMN1/SPTAN1/VILL/DYRK1A/SPTBN1/SPTB/CARMIL1/ARFGEF1/WASHC2C/KANK2/BBS4/SVIL","0.3217759180753611"
"GOBP_POSITIVE_REGULATION_OF_SMALL_GTPASE_MEDIATED_SIGNAL_TRANSDUCTION","GOBP_POSITIVE_REGULATION_OF_SMALL_GTPASE_MEDIATED_SIGNAL_TRANSDUCTION","68","0.3897851689578603","1.442666159735717","0.030602093932079698496151","0.245575375914671989452","0.1428439509822075070833","2827","tags=35%, list=20%, signal=28%","ROBO1/ARHGEF3/AUTS2/DAG1/RASGRF1/ITGAV/ARRB1/PRAG1/NOTCH2/WNT5A/MAPRE2/ALS2/AKAP13/RASGRP1/RTN4/F11R/SEMA4D/FERMT2/SOS1/ARHGEF10/NET1/TGM2/PIK3CB/ABRA","0.3524878575836192"
"GOBP_FORMATION_OF_PRIMARY_GERM_LAYER","GOBP_FORMATION_OF_PRIMARY_GERM_LAYER","95","0.3728050628939771","1.441312574010084","0.018484860517242435173912","0.191585544896500287182","0.1114396591358741694933","2150","tags=32%, list=16%, signal=27%","ITGB2/WNT11/WLS/ITGB4/FZD7/ACVR1/BMPR2/NF2/ITGAV/FGFR2/ITGA3/BMP4/ITGB5/WNT5A/FN1/MMP15/MMP14/COL5A2/TBX19/EOMES/KIF16B/HMGA2/NODAL/FOXC1/LAMA3/PRKAR1A/AHDC1/CDC73/SMAD3/VTN","0.3524878575836192"
"GOBP_INTERLEUKIN_12_PRODUCTION","GOBP_INTERLEUKIN_12_PRODUCTION","44","-0.4046022499495522","-1.440808024694745","0.042179445269493423542606","0.292876970355956722791","0.1703578929341842129741","1739","tags=32%, list=13%, signal=28%","C1QBP/RIPK2/ACP5/IRF8/IL23A/ARRB2/HSPD1/TLR4/IRF5/PIBF1/HMGB1/MDK/MEFV/SYK","0.3217759180753611"
"GOBP_POSITIVE_REGULATION_OF_INFLAMMATORY_RESPONSE","GOBP_POSITIVE_REGULATION_OF_INFLAMMATORY_RESPONSE","96","0.3681583332028308","1.440732446141143","0.017365105844170940219140","0.185747811113716548848","0.1080440216245428936004","2114","tags=30%, list=15%, signal=26%","APP/IFI35/LDLR/CARD8/TRPV4/LGALS1/STAT3/GBP1/CASP4/GRN/ZDHHC9/IL15/PTGER4/WNT5A/GBP3/ZBP1/TNIP1/TLR3/TNFSF4/MGST2/GSDMD/IL6ST/GPSM3/NMI/ADAM8/RIPK1/IL1B/CX3CL1/TREM2","0.3524878575836192"
"GOBP_REGULATION_OF_MONOATOMIC_ION_TRANSPORT","GOBP_REGULATION_OF_MONOATOMIC_ION_TRANSPORT","269","0.3189531281477045","1.440434220035770","0.002417068361779106753368","0.062252367062417206245","0.0362103652944425202787","2284","tags=23%, list=17%, signal=20%","CEMIP/CAMK2D/WFS1/APP/SCN3B/ATP2B4/UTRN/PRNP/JPH2/SCN5A/CAV1/GRIN2B/CALM2/ATP1A1/KCNS3/DLG1/UBASH3B/FGF13/DMD/OPRD1/AKAP6/CCL2/ATP8B1/TCAF2/UCP2/RGS9/SCN1B/AKAP5/CACNA1D/KCNN4/EGF/TESC/FXYD5/PDGFB/P2RX7/PML/KIF5B/KCNIP3/NEDD4L/ATP1B1/FKBP1A/STIM1/ANK2/ASPH/EDN1/GRIN2D/CAMK2G/CACNB3/SLC6A4/PCSK9/HFE/SELENON/KCNS2/FKBP1C/CALHM1/B2M/CX3CL1/TREM2/SLMAP/PDE4D/EDN3/RAB11B","0.4317076958033464"
"GOBP_REACTIVE_OXYGEN_SPECIES_METABOLIC_PROCESS","GOBP_REACTIVE_OXYGEN_SPECIES_METABOLIC_PROCESS","178","0.3351162854596118","1.439607170540384","0.007361030596546381914169","0.114974548866056708318","0.0668773029920187722652","2132","tags=23%, list=15%, signal=20%","THBS1/ITGB2/MYCN/APP/RAC2/SH3PXD2A/CAT/CCN2/CCN1/PRDX5/SLC5A3/AKR1C3/STAT3/NNT/ATP7A/NQO1/UCP2/PPARA/IFI6/FAS/AKR1C1/ACOX1/HIF1A/SIRT5/DCXR/PDGFB/BIRC2/P2RX7/LIPA/SHC1/TGFBR2/PIKFYVE/EDN1/ABCB7/SOD1/RIPK1/GPX3/CFLAR/CBR1/PLA2R1/NAGLU","0.4070179189239539"
"GOBP_MUSCLE_CELL_PROLIFERATION","GOBP_MUSCLE_CELL_PROLIFERATION","144","0.3426598072884081","1.439536007721692","0.013598124903568412427668","0.161355974188128747926","0.0938560097150129418742","3003","tags=32%, list=22%, signal=25%","THBS1/TPM1/IGFBP3/VGLL4/RUNX1/MEGF10/TGFB2/FGF20/TGFBR3/STAT3/BMPR2/TENM4/CCN3/FGFR2/BMP4/JAK2/PDGFB/APLN/FES/NDRG4/NOTCH3/APOE/FOXP1/FGF9/EDN1/IL10/FOXC1/SELENON/PRKAR1A/CFLAR/CX3CL1/TNFAIP3/TGFB3/PPARD/CDH13/CTNNB1/SKI/RBPJ/HMOX1/CTNNBIP1/MAPK14/ARID2/FGFR1/TACR1/MEF2D/FOXJ2","0.3807304007227924"
"GOBP_PHENOL_CONTAINING_COMPOUND_METABOLIC_PROCESS","GOBP_PHENOL_CONTAINING_COMPOUND_METABOLIC_PROCESS","68","0.3888849475595892","1.439334275787880","0.031184973502750241991510","0.247537117541502732498","0.1439850382094551572987","2582","tags=32%, list=19%, signal=26%","ITGB2/MAOA/TGFB2/SLC16A2/CTSB/EPAS1/ATP7A/CPQ/PNMT/WNT5A/TG/CDH3/ABAT/COMT/BTBD9/CTSK/OCA2/SULT1A2/MC1R/PMEL/HPN/RAPGEF2","0.3524878575836192"
"GOBP_CELLULAR_COMPONENT_ASSEMBLY_INVOLVED_IN_MORPHOGENESIS","GOBP_CELLULAR_COMPONENT_ASSEMBLY_INVOLVED_IN_MORPHOGENESIS","99","0.3612396155756805","1.439087010122441","0.021107503366534666883192","0.206116316143847122522","0.1198917800704701608350","3116","tags=35%, list=23%, signal=28%","TPM1/ITGB4/PMP22/KRT19/NCMAP/TENM4/TPPP/PROX1/CHN2/ACTG1/NECTIN2/VPS13B/CSRP2/TNNT1/AKAP13/TBC1D20/KNL1/CEP70/MYL9/MYBPH/POC1B/EDN1/OBSCN/PRKAR1A/CFLAR/FIG4/FHOD3/TCAP/SIX4/AGFG1/PLEC/KRT8/CNTN1/UGT8/GPC1","0.3524878575836192"
"GOBP_RNA_LOCALIZATION","GOBP_RNA_LOCALIZATION","193","-0.3153537078829509","-1.438777870782421","0.006181780732784554824311","0.106142490454407156797","0.0617399551853558478665","3201","tags=30%, list=23%, signal=23%","NOP58/YBX1/FERRY3/ERH/SEC13/SRSF1/RUVBL1/NPIPA1/DDX39B/NRDE2/HSF1/WNK1/HNRNPAB/PNPT1/SSB/NCBP2/CCT7/ALKBH5/LRPPRC/NUP205/PABPN1/HNRNPA2B1/NXT1/BORCS5/NUP88/ARC/DHX36/POM121/SRSF7/UPF3B/FXR2/CPSF6/NCBP1/IGF2BP3/HHEX/STAU1/NCBP3/PARP11/RBM33/RAE1/GATD1/PRPF6/FBL/MAGOH/MAGOHB/THOC1/XPOT/NUP58/CCT6A/QKI/SEH1L/DKC1/UPF3A/SMG5/NUP42/SEM1/PCID2","0.4070179189239539"
"GOBP_SNRNA_PROCESSING","GOBP_SNRNA_PROCESSING","37","-0.4299222014663843","-1.437651100501456","0.032348176697328097362050","0.250400971695626695102","0.1456508576788876907493","2613","tags=35%, list=19%, signal=29%","PPP2CA/EXOSC5/INTS1/EXOSC4/EXOSC2/INTS10/INTS6/INTS8/METTL4/INTS13/INTS15/DKC1/EXOSC8","0.3217759180753611"
"GOBP_POST_EMBRYONIC_DEVELOPMENT","GOBP_POST_EMBRYONIC_DEVELOPMENT","77","0.3764206236237225","1.437404900841936","0.023248002763101904832865","0.215209257839267337209","0.1251808759864873610290","3171","tags=31%, list=23%, signal=24%","SGPL1/HEG1/PRDM1/MORC3/FGFR2/IGF2R/BMP4/SELENOP/JAK2/PLEKHA1/ASH1L/LLGL2/CHST11/BCL11B/STK36/MYO1E/MMUT/TBCE/BCL2L11/MECP2/PPP1R13L/CCDC47/SZT2/IREB2","0.3524878575836192"
"GOBP_SYNAPTIC_VESICLE_TRANSPORT","GOBP_SYNAPTIC_VESICLE_TRANSPORT","43","0.4185100546810728","1.436426206674485","0.047297297297297299922825","0.308056550411335894335","0.1791874068106670270240","3440","tags=49%, list=25%, signal=37%","MAP2/TMEM230/MX1/SYNJ1/MX2/KIF5B/KIF5C/SLC2A4/KIF1B/BTBD8/BLOC1S6/CTNNB1/SPG11/DTNBP1/TRIM46/DNM3/DNM1/AP3B1/HTT/BLOC1S5/RAB27A","0.2712885546889530"
"GOBP_MORPHOGENESIS_OF_EMBRYONIC_EPITHELIUM","GOBP_MORPHOGENESIS_OF_EMBRYONIC_EPITHELIUM","126","0.3452070219720636","1.435810451177842","0.021641062753045933741980","0.208723471060055870696","0.1214082851665810314223","2662","tags=33%, list=19%, signal=27%","ALDH1A3/ADM/FOLR1/TGFB2/MED12/CTHRC1/AR/PTK7/FGFR2/BMP4/TGFB1I1/WNT5A/HIF1A/SEC24B/CITED2/TGIF1/NCKAP1/CC2D2A/SOX9/LLGL2/LRP2/STK3/FZD6/NODAL/WNT6/SUFU/SEMA4C/TRAF6/PRICKLE1/STIL/KIF20B/OVOL2/LUZP1/BBS4/PRKACB/CTNNB1/SPINT1/SKI/PRKACA/SIX4/CELSR1","0.3524878575836192"
"GOBP_MAINTENANCE_OF_LOCATION","GOBP_MAINTENANCE_OF_LOCATION","162","0.3394294992670729","1.435627046393822","0.008220981086069523505189","0.122605719975611815453","0.0713161300847191537144","3127","tags=30%, list=23%, signal=23%","CEMIP/CAMK2D/JPH2/CAV1/PLCB4/CALM2/UBASH3B/DMD/ANXA6/LTBP1/MORC3/AKAP6/INSIG2/PLCE1/GAA/VPS13C/EPG5/TAF8/P2RX7/PML/ERO1A/FKBP1A/APOE/ANK2/PLCB1/ASPH/SUFU/SELENON/VPS13D/FKBP1C/CACNA1S/CX3CL1/PLCB3/PDE4D/TOPORS/BBS4/ASPM/PRKACA/FBN1/PRKCE/CCDC88A/BARD1/DIAPH1/GOLPH3/SP100/KDELR3/CALR/ATG5","0.3807304007227924"
"GOBP_ADHERENS_JUNCTION_ORGANIZATION","GOBP_ADHERENS_JUNCTION_ORGANIZATION","44","0.4163322796911076","1.435138249244247","0.046125461254612545869414","0.307850974257767640019","0.1790678292272304128474","2785","tags=36%, list=20%, signal=29%","CDH11/CDH1/VCL/FER/ADAM10/PTPN23/CDH3/PIP5K1C/HIPK1/DSP/FERMT2/CDH13/DLG5/CTNNB1/ZNF703/PLEC","0.2878571172551493"
"GOBP_NEGATIVE_REGULATION_OF_SUPRAMOLECULAR_FIBER_ORGANIZATION","GOBP_NEGATIVE_REGULATION_OF_SUPRAMOLECULAR_FIBER_ORGANIZATION","139","0.3449373098905512","1.434759751519109","0.013267614923273343685572","0.159477642976229461169","0.0927634398652812525166","2304","tags=24%, list=17%, signal=21%","HSPG2/SSH2/LDLR/CLU/KANK4/KANK1/MAP2/FGF13/GSN/STMN1/SPTAN1/MAP1B/VILL/DYRK1A/RHPN2/SPTBN1/TACSTD2/SPTB/CARMIL1/APC/APOE/GMFG/F11R/ARFGEF1/WASHC2C/GAS2L1/WDR47/KANK2/NAV3/TREM2/BMERB1/CAMSAP2/BBS4/SVIL","0.3807304007227924"
"GOBP_NEGATIVE_REGULATION_OF_PROTEIN_CATABOLIC_PROCESS","GOBP_NEGATIVE_REGULATION_OF_PROTEIN_CATABOLIC_PROCESS","110","0.3554078414373859","1.433263686840929","0.015259176595593929373629","0.172359874982579652780","0.1002566541600886096397","2522","tags=25%, list=18%, signal=20%","TIMP3/FURIN/FBXO32/DDRGK1/OPHN1/NQO1/PSMF1/DAB2IP/SVIP/ANXA2/CST3/MGAT3/ALAD/LRIG2/HMGCR/TIMP2/RGP1/STYX/IL10/CSNK2A1/HFE/MARCHF7/SMAD3/MAP1A/PCSK5/AQP11/USP38","0.3807304007227924"
"GOBP_INTRACELLULAR_RECEPTOR_SIGNALING_PATHWAY","GOBP_INTRACELLULAR_RECEPTOR_SIGNALING_PATHWAY","342","0.3072719680294447","1.432290386988791","0.001283599989435079075442","0.043562924355367092788","0.0253392678646324129299","3548","tags=37%, list=26%, signal=28%","RORA/DDX60/IFIH1/VDR/DAB2/ESRRB/DDRGK1/CARD8/NR3C1/CYP24A1/WBP2/PRMT2/OAS1/AR/MN1/AKR1C3/STAT3/MAP2K6/IRF2/ZDHHC9/PPARA/SEC14L1/PTPN22/PAQR8/NR2F1/NR1H3/KLF2/SNAI2/SMPDL3A/FAM120B/LATS1/NAGK/EPG5/LAMP2/JAK2/CITED2/FBXL2/PCBP2/BIRC2/TGIF1/P2RX7/PML/HCFC2/AHR/TLR3/EP300/UFL1/TRIM24/RTN4/NEK7/FOXP1/TKFC/RAB7B/GRAMD4/STRN3/ZDHHC12/NCOA2/ARNT/HMGA2/HAVCR2/ABHD2/NODAL/ZMIZ1/PUM1/BIRC3/HSPA1A/NR3C2/PTPRS/CREBRF/PPT1/SMARCA4/KMT2D/TRERF1/TRAF6/KANK2/CYP26A1/TARBP2/HSPA1B/TREM2/TNFAIP3/ANKRD17/UBR5/PPARD/MAVS/RHOA/TSPAN6/TRIM65/WDFY1/TADA3/SCIMP/BECN1/KDM1A/DHRS3/LYPLAL1/KDM3A/ACTN4/DHX58/MED1/NR1D1/CDK12/ZC3HAV1/NR6A1/NCOA4/SP100/KDM4C/CALR/AARS2/YWHAH/TAF7/CARM1/SREBF1/SLC15A2/OASL/CNOT2/NR2C2/BRCC3/RIGI/PLPP1/NR1H2/RNF125/ENPP3/KCNK13/PIK3AP1/TRIM3/PAK1","0.4550598673872295"
"GOBP_ENDOTHELIUM_DEVELOPMENT","GOBP_ENDOTHELIUM_DEVELOPMENT","114","0.3522123620893016","1.432192548865517","0.026625547957887556876910","0.228115556453979073659","0.1326880891173437271302","2703","tags=34%, list=20%, signal=28%","GJA5/HEG1/FASN/ACVR1/AFDN/BMPR2/ZEB1/VCL/BMP4/PROX1/MARVELD2/CEACAM1/TJP3/RAPGEF3/MAGI1/LIPA/DLL1/PROC/FOXP1/PLCB1/EDN1/F11R/EZR/MSN/COL18A1/PTPRS/PPP1R12A/IL1B/CD2AP/NAGLU/BLOC1S6/PDE4D/RHOA/CTNNB1/RBPJ/SLC40A1/RAPGEF2/ABCC1/RAB1B","0.3524878575836192"
"GOBP_RNA_METHYLATION","GOBP_RNA_METHYLATION","86","-0.3584589520127610","-1.430483714657836","0.024010049244596782386241","0.218801741108540087621","0.1272705175155252610431","4082","tags=44%, list=29%, signal=31%","NSUN2/BCDIN3D/GTPBP3/TRMT10B/TRMT44/TRMT5/TRMT61B/METTL2A/METTL5/ALKBH8/NOP58/TRMT13/METTL16/METTL6/MTO1/SNU13/RNMT/NSUN6/NOP2/SNRPE/LSM10/EMG1/SARS1/SNRPF/METTL3/DIMT1/FTSJ1/TRMT1/MRM3/FBL/TFB2M/NSUN5/SNRPD1/HSD17B10/METTL2B/METTL1/BUD23/TRMT61A","0.3524878575836192"
"GOBP_DEVELOPMENTAL_GROWTH_INVOLVED_IN_MORPHOGENESIS","GOBP_DEVELOPMENTAL_GROWTH_INVOLVED_IN_MORPHOGENESIS","190","0.3289288538033746","1.430312111629328","0.010243726628207418249961","0.137523450093660792870","0.0799933335779911963703","2473","tags=29%, list=18%, signal=24%","ALCAM/EFNA5/WNT11/KIF26B/APP/AUTS2/LAMB2/CPNE8/MED12/CDH1/SEMA3A/MAP2/FGF13/BMPR2/PTK7/NKD1/FGFR2/VCL/BMP4/EDN2/DIP2B/MAP1B/TFAP2C/FLRT3/WNT5A/FN1/PLXNA1/DDR1/NEDD4L/RIMS2/SOX9/APOE/PPP2R3A/RTN4/KIAA0319/TGFBR2/SLC9A6/NLGN3/EDN1/NPR2/PTPRS/NRN1/SEMA4D/NRP2/PRICKLE1/PLXNA4/CD2AP/EDN3/MACF1/CTNNB1/DRAXIN/LZTS2/SPG11/SLIT3/RASAL1","0.3807304007227924"
"GOBP_CELL_SURFACE_RECEPTOR_SIGNALING_PATHWAY_VIA_STAT","GOBP_CELL_SURFACE_RECEPTOR_SIGNALING_PATHWAY_VIA_STAT","104","0.3582067939866653","1.429860830794089","0.018586388538247039514673","0.191751335160920799439","0.1115360944413928967478","3169","tags=35%, list=23%, signal=27%","TNFRSF18/LEPR/NLK/MGAT5/CAV1/IL7/EPHB2/STAT3/NF2/CCL2/IL15/FER/EGF/JAK2/CSF2/IFNAR1/EP300/HMGA2/IL10/LEPROT/IL6ST/NMI/NAGLU/CD40/IL10RB/GGNBP2/IL27RA/SOCS5/PIAS1/IL2RB/PARP9/STAT5A/NRTN/SOCS2/SOCS3/WDR48","0.3524878575836192"
"GOBP_GLYCINE_BIOSYNTHETIC_PROCESS","GOBP_GLYCINE_BIOSYNTHETIC_PROCESS","3","-0.8624119916120002","-1.429225588334819","0.030705269015950973493512","0.245608335752039552702","0.1428631227471932607642","1056","tags=67%, list=8%, signal=62%","RIDA/SHMT2","0.3524878575836192"
"GOBP_CEREBELLAR_CORTEX_DEVELOPMENT","GOBP_CEREBELLAR_CORTEX_DEVELOPMENT","51","0.4074894621197599","1.428534904987254","0.028150085850786984303928","0.234795286200247033115","0.1365734908393055613285","1492","tags=24%, list=11%, signal=21%","TUBA1A/RORA/GBA1/OPHN1/WNT7A/RERE/ATP7A/SEZ6L2/PROX1/DLL1/LDB1/COMT","0.3524878575836192"
"GOBP_BONE_DEVELOPMENT","GOBP_BONE_DEVELOPMENT","167","0.3335702077402432","1.427907332722866","0.014770043289449077614228","0.168470444952305092867","0.0979942874609684572151","2094","tags=28%, list=15%, signal=24%","EXT1/LEPR/PDGFC/ITGB6/NOTUM/COL2A1/TRPV4/HAS2/MCPH1/BMPR2/MAP2K6/INSIG2/FGFR2/NOTCH2/GLI3/BMP4/OSR2/CSGALNACT1/PTGER4/AXIN2/COL1A1/COL13A1/MSX1/ATP6AP1/BBX/ANXA2/ECM1/CITED2/AKAP13/PLS3/LIPA/SOX9/MMP14/FOXP1/TGFBR2/MSX2/FOXC1/NPR2/GLG1/FOSL2/SLC38A10/LTF/TAPT1/SEMA4D/FOXN3/ADAMTS7/SPNS2","0.3807304007227924"
"GOBP_EXTRATHYMIC_T_CELL_DIFFERENTIATION","GOBP_EXTRATHYMIC_T_CELL_DIFFERENTIATION","2","0.9536782772076889","1.427420189064615","0.012415595460101154848265","0.154395292049408244806","0.0898071862752735927682","643","tags=100%, list=5%, signal=95%","PRDM1/IL15","0.3807304007227924"
"GOBP_EXTRINSIC_APOPTOTIC_SIGNALING_PATHWAY","GOBP_EXTRINSIC_APOPTOTIC_SIGNALING_PATHWAY","197","0.3249846762989971","1.427245598272491","0.007269533044573706602465","0.114974548866056708318","0.0668773029920187722652","2603","tags=27%, list=19%, signal=22%","THBS1/TNFSF10/APP/IFI27/SRPX/TGFB2/COL2A1/CD70/CAV1/ITGA6/IL7/AR/ACVR1/ITGAV/NF1/DAB2IP/CTNNA1/SORT1/IFI6/BMP4/SNAI2/FAS/SGK3/JAK2/CSF2/NGFR/BIRC2/P2RX7/PML/TLR3/HIPK1/STK3/CASP7/BIRC3/HSPA1A/MLLT11/UNC5B/RIPK1/LMNA/IL1B/CFLAR/HSPA1B/CX3CL1/SMAD3/TNFAIP3/EYA3/BIRC6/FAIM2/PHIP/BCL2L11/CASP8/TNFRSF1B/HMOX1","0.4070179189239539"
"GOBP_MORPHOGENESIS_OF_A_POLARIZED_EPITHELIUM","GOBP_MORPHOGENESIS_OF_A_POLARIZED_EPITHELIUM","46","0.4152376401912871","1.427109132233643","0.047080979284369113557762","0.308056550411335894335","0.1791874068106670270240","2662","tags=41%, list=19%, signal=33%","CTHRC1/OPHN1/PTK7/ACTG1/WNT5A/MYO9A/SEC24B/INTU/DLG3/WDPCP/FZD6/EZR/MSN/SYNE4/RHOA/DLG5/FOXF1/NHERF1/CELSR1","0.2878571172551493"
"GOBP_SNRNA_METABOLIC_PROCESS","GOBP_SNRNA_METABOLIC_PROCESS","57","-0.3799401575703473","-1.426078241972878","0.033395853486392165776486","0.252682143082909649312","0.1469777477736840531897","2613","tags=30%, list=19%, signal=24%","PPP2CA/EXOSC5/CDK7/INTS1/SNAPC4/EXOSC4/EXOSC2/INTS10/INTS6/INTS8/METTL4/INTS13/INTS15/DKC1/USPL1/EXOSC8/ELL2","0.3217759180753611"
"GOBP_TOLL_LIKE_RECEPTOR_8_SIGNALING_PATHWAY","GOBP_TOLL_LIKE_RECEPTOR_8_SIGNALING_PATHWAY","3","-0.8604828152778906","-1.426028475808629","0.031383831667652614672015","0.248255750001625696832","0.1444030455097624066063","1093","tags=33%, list=8%, signal=31%","DDX3X","0.3217759180753611"
"GOBP_POSITIVE_REGULATION_OF_LEUKOCYTE_MIGRATION","GOBP_POSITIVE_REGULATION_OF_LEUKOCYTE_MIGRATION","95","0.3688251242625608","1.425925616685204","0.020850875055206205543890","0.204954895088310634632","0.1192162157077613915401","2331","tags=31%, list=17%, signal=26%","THBS1/NEDD9/TNFRSF18/APP/RAC2/PTPRJ/LGALS9/TRPV4/CCL2/EDN2/WNT5A/ADAM10/PERP/ABL2/C3AR1/MMP14/RTN4/MCU/EDN1/GPSM3/ADAM8/MED23/CX3CL1/MIA3/TREM2/EDN3/CCL24/RHOA/CAMK1D","0.3524878575836192"
"GOBP_POSITIVE_REGULATION_OF_LEUKOCYTE_CHEMOTAXIS","GOBP_POSITIVE_REGULATION_OF_LEUKOCYTE_CHEMOTAXIS","61","0.3950227891927471","1.425890209481094","0.043888292035399470436552","0.300352824490951963998","0.1747063767250852939217","1748","tags=26%, list=13%, signal=23%","THBS1/NEDD9/APP/RAC2/PTPRJ/LGALS9/TRPV4/CCL2/EDN2/WNT5A/ADAM10/PERP/C3AR1/MCU/EDN1/GPSM3","0.3217759180753611"
"GOBP_MITOTIC_CYTOKINESIS","GOBP_MITOTIC_CYTOKINESIS","97","0.3549442541468375","1.425357448657486","0.032220870907793103254946","0.250400971695626695102","0.1456508576788876907493","3867","tags=48%, list=28%, signal=35%","CUL4B/IQGAP3/CIT/MTMR4/STMN1/EXOC6B/MTMR3/IQGAP1/SPTBN1/SON/SNX18/RAB11A/IQGAP2/APC/KIF23/KIF20A/RACGAP1/DCAF11/CEP55/ANLN/UNC119/KIF20B/PDCD6IP/BBS4/RHOA/SNX33/NUP62/LZTS2/EXOC6/CUL7/PLK1/CDCA8/NUSAP1/RBX1/EFHC1/CHMP5/ESPL1/CHMP7/EXOC4/VPS4B/STAMBP/CHMP2A/MYH10/ZNF365/ZFYVE19/SEPTIN6/RTKN","0.3217759180753611"
"GOBP_REGULATION_OF_STEROL_TRANSPORT","GOBP_REGULATION_OF_STEROL_TRANSPORT","47","0.4124268086503449","1.425313642999001","0.040693401418757151055683","0.286159808279049299173","0.1664507179298519434774","2865","tags=36%, list=21%, signal=29%","FURIN/CAV1/TTC39B/NR1H3/ABCA3/EGF/ANXA2/ABCA12/APOE/ABCA7/PCSK9/SCP2/TREM2/TMEM97/ABCA5/SEC24A/PTCH1","0.3217759180753611"
"GOBP_APPENDAGE_MORPHOGENESIS","GOBP_APPENDAGE_MORPHOGENESIS","124","0.3454837719598208","1.425157462038750","0.027648988467416868441973","0.232424309304223059014","0.1351943635295981271938","1734","tags=24%, list=13%, signal=21%","EXT1/GJA5/MYCN/TBC1D32/TGFB2/COL2A1/WNT7A/FGFR2/NOTCH2/GLI3/BMP4/OSR2/MSX1/WNT5A/DYNC2H1/TBX3/INTU/PRRX1/CREBBP/FRAS1/C2CD3/SOX9/WDPCP/CHST11/ASPH/FGF9/MSX2/FZD6/PLXNA2/NPR2","0.3524878575836192"
"GOBP_DEVELOPMENTAL_CELL_GROWTH","GOBP_DEVELOPMENTAL_CELL_GROWTH","177","0.3315522868772411","1.424637695421596","0.009414521363168946652134","0.131243126028207424127","0.0763402543569307451277","2473","tags=30%, list=18%, signal=25%","EXT1/ALCAM/EFNA5/APP/AUTS2/LAMB2/CPNE8/CDH1/SEMA3A/PRMT2/MAP2/FGF13/BMPR2/AKAP6/TOMM70/VCL/PPARA/EDN2/DIP2B/MAP1B/FLRT3/WNT5A/FN1/PLXNA1/DDR1/NEDD4L/RIMS2/SOX9/APOE/SORBS2/RTN4/KIAA0319/FOXP1/TGFBR2/SLC9A6/NLGN3/EDN1/NPR2/PTPRS/KMT2D/NRN1/SEMA4D/NRP2/PRICKLE1/PLXNA4/CD2AP/EDN3/MACF1/CTNNB1/DRAXIN/SPG11/SLIT3/RASAL1","0.3807304007227924"
"GOBP_CALCIUM_MEDIATED_SIGNALING","GOBP_CALCIUM_MEDIATED_SIGNALING","152","0.3400270914883811","1.424201022964130","0.015510915653450042459016","0.174660124637221164656","0.1015946415201430669262","2725","tags=30%, list=20%, signal=25%","CAMK2D/APP/ATP2B4/PTPRJ/PRNP/JPH2/GRIN2B/CALM2/GBP1/RCAN3/DMD/AKAP6/CXCR1/PLCE1/MYH7B/RCAN2/EDN2/AKAP5/MCTP1/SLC9A1/P2RX7/CXCR2/HPCA/C3AR1/ATP1B1/FKBP1A/ANK2/ATP2A2/ASPH/MCU/EDN1/GRIN2D/NFAT5/PDK2/FKBP1C/EIF2AK3/KSR2/TREM2/CDH13/CXCR4/CCRL2/PRKACA/TMBIM4/LMCD1/TPRG1L/GRIK1","0.3807304007227924"
"GOBP_DNA_TEMPLATED_TRANSCRIPTION_ELONGATION","GOBP_DNA_TEMPLATED_TRANSCRIPTION_ELONGATION","160","-0.3204302105589341","-1.423833501070870","0.009543613492612483192867","0.132326749992998426997","0.0769705664471931755299","2957","tags=30%, list=21%, signal=24%","CCNT1/POLR2E/MED31/PWWP2B/ZC3H6/TOX4/MED21/NELFB/PPP2CA/NCBP2/SHH/ELP2/INTS1/MED8/AFF3/MED11/POLR2D/ELOA/CCAR2/POLR2M/POLR1H/POLR1B/POLR1C/INTS10/POLR2F/NCBP1/INTS6/POLR2H/INTS8/POLR1F/INTS13/POLR2J/ZNF326/SART3/TCEA3/ADRM1/EZH2/POLR1G/AXIN1/WDR43/INTS15/CDK13/MED4/MED22/POLR1D/GTF2F2/ELL2/PCID2","0.3807304007227924"
"GOBP_ACTIVATION_OF_PROTEIN_KINASE_ACTIVITY","GOBP_ACTIVATION_OF_PROTEIN_KINASE_ACTIVITY","39","-0.4146844620232844","-1.423328571749980","0.046687349746162690178330","0.308056550411335894335","0.1791874068106670270240","2679","tags=38%, list=19%, signal=31%","PILRB/TNFRSF10B/COPS8/ITGB1BP1/SESN2/RIPK3/TNFRSF1A/LTBR/GAS6/STRADB/PPIA/IGF1/PIBF1/PRKAR1B/TNFSF15","0.3217759180753611"
"GOBP_RESPIRATORY_GASEOUS_EXCHANGE_BY_RESPIRATORY_SYSTEM","GOBP_RESPIRATORY_GASEOUS_EXCHANGE_BY_RESPIRATORY_SYSTEM","59","0.3966514435227111","1.422758500768770","0.025474396225812483141038","0.224812320520141051272","0.1307666942296910606025","2940","tags=41%, list=21%, signal=32%","MAN2A1/ECEL1/DACH1/GAA/VANGL1/CCBE1/NLGN2/CHST11/NLGN3/MAFB/EDN1/UCP3/FTO/DCAF11/SELENON/CC2D1A/HIPK2/BLOC1S6/GLRA1/CFAP43/MECP2/SFTPB/AP3B1/GLS","0.3524878575836192"
"GOBP_REGULATION_OF_NERVOUS_SYSTEM_DEVELOPMENT","GOBP_REGULATION_OF_NERVOUS_SYSTEM_DEVELOPMENT","332","0.3074629302100896","1.421661668877975","0.002574739837409780775224","0.063176808915902826769","0.0367480858468935273065","1629","tags=19%, list=12%, signal=17%","ROBO1/CLSTN2/TIAM1/EFNA5/SLITRK5/MYCN/MAN2A1/ATXN1/LDLR/LIN28A/TIAM2/BHLHE40/CDH1/TNFRSF21/DAG1/EPHB2/DLG1/MAP2/NCMAP/FGF13/BMPR2/NF2/TENM4/WNT7A/PLXNB3/HES2/DAAM2/NPTN/GLI3/NF1/NTRK2/CTNNA1/REST/TPPP/DIP2B/MAP6/MAP1B/LRRN1/STAU2/FLRT3/NLGN1/WNT5A/FN1/HIF1A/ANXA2/TG/PLXNC1/NLGN2/TRAK2/CST7/WDR62/TPBG/DLL1/AMIGO2/UFL1/SEMA4A/RTN4/KIAA0319/PRUNE1/LRP2/NLGN3/HMGA2/HOXB3","0.4317076958033464"
"GOBP_NEGATIVE_REGULATION_OF_SMALL_MOLECULE_METABOLIC_PROCESS","GOBP_NEGATIVE_REGULATION_OF_SMALL_MOLECULE_METABOLIC_PROCESS","85","0.3708395698207745","1.421563679049368","0.022561038827203217654871","0.212254954665773293288","0.1234624449909961785288","1574","tags=20%, list=11%, signal=18%","LEPR/ATP2B4/MTCL2/AKR1C3/STAT3/INSIG2/PPARA/ACACB/REST/PROX1/SNAI2/CEACAM1/DKK3/SOX9/EP300/APOE/FMO4","0.3524878575836192"
"GOBP_MONOSACCHARIDE_CATABOLIC_PROCESS","GOBP_MONOSACCHARIDE_CATABOLIC_PROCESS","44","-0.3988534807081863","-1.420336381603014","0.049389444113367639288548","0.311733796043179800517","0.1813263521052765059327","1143","tags=16%, list=8%, signal=15%","ENO2/PFKFB2/TPI1/FUT4/FOXK1/GLB1L2/TKTL1","0.3217759180753611"
"GOBP_TAXIS","GOBP_TAXIS","283","0.3118926571034819","1.419554242112604","0.006454987951128289547231","0.108024372094573203884","0.0628345902144623463803","3082","tags=34%, list=22%, signal=27%","THBS1/NEDD9/SAA1/ROBO1/EFNA5/ITGB2/APP/RAC2/AMOT/PTPRJ/CCN1/TGFB2/LGALS9/TRPV4/SEMA3A/PTAFR/PLGRKT/TUBB2B/BMPR2/ITGAV/DUSP3/SEMA4B/CCL2/PLXNB3/CCN3/CXCR1/BMP4/EDN2/CCL28/FLRT3/FER/WNT5A/ADAM10/GAB1/PLD1/PERP/PDGFB/CXCR2/PIP5K1C/FES/C3AR1/TPBG/RAC3/PLAU/F3/S100A4/SEMA4A/MTUS1/MCU/PIKFYVE/SEMA6B/EDN1/IL10/GPSM3/ADAM8/CMTM7/SEMA4C/SEMA4D/HSD3B7/NRP2/C5/ARTN/ENPP2/IL1B/CX3CL1/PLXNA4/TREM2/SMAD3/MMP28/EDN3/CDH13/CCL24/RHOA/CAMK1D/CXCR4/SEMA4G/SLIT3/NTF3/CCRL2/PLA2G6/ABCC1/DAPK2/MEGF8/PLEC/PIK3CB/CKLF/GBF1/MAPK14/LYST/CXADR/C3/FGFR1/FGF1/SEMA3G/SEMA4F/CALR/ANO6","0.4070179189239539"
"GOBP_REGULATION_OF_NEUROTRANSMITTER_SECRETION","GOBP_REGULATION_OF_NEUROTRANSMITTER_SECRETION","65","0.3823922041826139","1.419198424585569","0.047801147227533459516113","0.308056550411335894335","0.1791874068106670270240","2069","tags=26%, list=15%, signal=22%","DYSF/KCNMB4/SLC4A8/BAIAP3/WNT7A/SYT13/FBXL20/NF1/MCTP1/NLGN1/RIMS2/ATP2A2/PRKCB/STXBP5/GPR158/MYOF/CSPG5","0.2878571172551493"
"GOBP_REGULATION_OF_SYSTEMIC_ARTERIAL_BLOOD_PRESSURE","GOBP_REGULATION_OF_SYSTEMIC_ARTERIAL_BLOOD_PRESSURE","65","0.3822376939695007","1.418624980230181","0.047801147227533459516113","0.308056550411335894335","0.1791874068106670270240","2358","tags=26%, list=17%, signal=22%","TPM1/GJA5/ADM/AR/KLK3/BMPR2/EDN2/PDGFB/ACE/KLK1/COMT/EDN1/PLCB3/EDN3/BBS4/RHOA/PCSK5","0.2878571172551493"
"GOBP_ENDODERM_DEVELOPMENT","GOBP_ENDODERM_DEVELOPMENT","63","0.3832980128282673","1.417896245575827","0.045862214934524345166800","0.307850974257767640019","0.1790678292272304128474","2150","tags=32%, list=16%, signal=27%","EXT1/ITGB2/MED12/LAMC1/ITGAV/BMP4/ITGB5/FN1/MMP15/NCKAP1/MMP14/COL5A2/EOMES/KIF16B/HMGA2/NODAL/LAMA3/CDC73/SMAD3/VTN","0.3217759180753611"
"GOBP_AMYLOID_PRECURSOR_PROTEIN_CATABOLIC_PROCESS","GOBP_AMYLOID_PRECURSOR_PROTEIN_CATABOLIC_PROCESS","53","0.4025500438221216","1.417561466937507","0.043247817882342734496781","0.296608971935274079446","0.1725286881479794198757","1456","tags=25%, list=11%, signal=22%","ADAM19/APP/PRNP/CLU/NTRK2/FLOT2/DYRK1A/ADAM10/NCSTN/FKBP1A/APOE/ABCA7/RTN4","0.3217759180753611"
"GOBP_REGENERATION","GOBP_REGENERATION","137","0.3385287565849263","1.416642197491339","0.016742781979041086032334","0.183136785412312375065","0.1065252650068832518393","2268","tags=29%, list=16%, signal=25%","TNC/RUNX1/FOLR1/CCND1/LAMB2/KREMEN1/DAG1/TGFBR3/FZD7/PTPRF/WNT7A/CCN3/GRN/PCNA/UCP2/IGF2R/CTNNA1/MAP1B/CPQ/KLK6/JAK2/PRRX1/SLC22A4/INPP5F/KIAA0319/LRIG2/CCNA2/NFIB/IL10/PTPRS/SELENON/MATN2/CFLAR/DUSP10/TARBP2/CSPG5/VTN/PPARD/TMEM182/NREP","0.3524878575836192"
"GOBP_MUSCLE_ORGAN_MORPHOGENESIS","GOBP_MUSCLE_ORGAN_MORPHOGENESIS","63","0.3828717753238678","1.416319507536534","0.046469652668117734928277","0.307850974257767640019","0.1790678292272304128474","2528","tags=27%, list=18%, signal=22%","TPM1/HEG1/TGFB2/TGFBR3/FGFR2/BMP4/PROX1/MYL3/FKBP1A/LRP2/ADARB1/FOXC1/NAGLU/UBE4B/DSP/TCAP/RBPJ","0.3217759180753611"
"GOBP_CELL_KILLING","GOBP_CELL_KILLING","125","0.3427010873849291","1.412261459734036","0.020121121890791869579740","0.201572663108553679079","0.1172488711508107017689","1283","tags=17%, list=9%, signal=15%","KRT6A/MR1/DEFA5/CLU/TGFB2/LGALS9/FCGR2A/GBP1/CTSH/APOL1/CADM1/MICA/CCL28/NECTIN2/CEACAM1/GBP3/PRF1/PCYOX1L/P2RX7/KIF5B/RASGRP1","0.3524878575836192"
"GOBP_CELLULAR_RESPONSE_TO_TYPE_II_INTERFERON","GOBP_CELLULAR_RESPONSE_TO_TYPE_II_INTERFERON","78","0.3717642610375860","1.412235552233545","0.041093963724981918961277","0.288094071944540230934","0.1675758220376679374919","3490","tags=44%, list=25%, signal=33%","VIM/LGALS9/CDC42EP4/GBP1/CCL2/GSN/NR1H3/ACTG1/WNT5A/JAK2/GBP3/SLC26A6/KIF5B/FLNB/STXBP4/RAB7B/EDN1/CD58/MYO1C/CIITA/IFNGR1/ABCC1/TXK/CRIPTO/MED1/PARP9/IFNGR2/SIRPA/SP100/CDC42/JAK1/ADAMTS13/NR1H2/STX8","0.3217759180753611"
"GOBP_RESPONSE_TO_BMP","GOBP_RESPONSE_TO_BMP","120","0.3448897340845814","1.411642896892243","0.018910193216613711830743","0.193171214250724865291","0.1123619962173718761500","2739","tags=30%, list=20%, signal=24%","EXT1/CCN1/BAMBI/GPR155/COL2A1/CAV1/TGFBR3/SMURF2/ACVR1/CRIM1/BMPR2/MTMR4/NOTCH2/ITGA3/BMP4/MSX1/WNT5A/SMAD6/TOB1/DLX3/SOX9/LRP2/HTRA1/MSX2/HFE/ADAMTS7/HIVEP1/HIPK2/SPINT1/SKI/RBPJ/FBN1/FKBP8/TMEM53/MEGF8/RBX1","0.3524878575836192"
"GOBP_POSITIVE_REGULATION_OF_PROTEIN_LOCALIZATION","GOBP_POSITIVE_REGULATION_OF_PROTEIN_LOCALIZATION","369","0.3040260107369963","1.407548373913877","0.001672251257326538365425","0.049686120536494453315","0.0289009504311097155382","3021","tags=32%, list=22%, signal=26%","NEDD9/EFNA5/APP/SYTL4/ATP2B4/WLS/PRNP/TGFB2/PRR5L/DDRGK1/CDH1/DAG1/SLC5A3/LAMC1/SORBS1/EPHB2/DLG1/NF2/BAIAP3/WNT7A/GLI3/ITGA3/BMP4/AKAP5/WNT5A/JUP/PTPN23/KCNN4/HIF1A/EGF/KAT7/AP2B1/JAK2/SEC24B/NGFR/SPTBN1/ACSL4/UNC13B/NLGN2/CREBBP/RAB11A/RAPGEF3/SLC2A2/ABCA12/P2RX7/MGAT3/PML/KIF5B/ABAT/ORMDL3/APC/EP300/PARD6A/APOE/ABCA7/RTN4/LRIG2/POFUT4/SQSTM1/GPR137B/ASPH/BICD1/MCU/PGRMC1/EDN1/EZR/CENPQ/MSN/AACS/ADAM8/IL1B/SFN/EIF2AK3/KIF20B/CDC50A/TREM2/CD2AP/SMAD3/UBR5/TGFB3/VPS28/PPARD/CTNND1/FERMT2/MAP1A/RIPOR1/PRKACB/MAVS/SNX33/NUP62/TPR/SYT11/NKD2/GOLPH3L/PRKACA/MYO18A/PRKCE/TMEM97/PLK1/PLA2G6/CCDC88A/PIAS1/OXCT1/SEC24A/RAB29/NR0B2/EFCAB7/HYAL2/PARP9/VSNL1/MAPK14/CHP1/MESD/GOLPH3/CTDSPL2/LAMB1/POFUT3/ZDHHC2","0.4550598673872295"
"GOBP_PROTEIN_TARGETING_TO_MITOCHONDRION","GOBP_PROTEIN_TARGETING_TO_MITOCHONDRION","72","-0.3650938138667498","-1.407519394653162","0.036330010885769987993843","0.267340292870666074165","0.1555039610471991018414","3903","tags=46%, list=28%, signal=33%","SAE1/ATP5IF1/HUWE1/MICALL2/GSK3A/USP36/GDAP1/UBE2J2/BID/IMMP2L/TIMM9/VPS11/TOMM5/BAP1/DNAJC19/TIMM8B/FZD5/TIMM10/IMMP1L/TIMM13/PMPCA/ATG13/PARL/CDKN2A/TIMM44/TOMM40/TIMM17B/ARIH2/TOMM34/TOMM7/FIS1/MIPEP/PMPCB","0.3217759180753611"
"GOBP_POSITIVE_REGULATION_OF_PROTEIN_LOCALIZATION_TO_PLASMA_MEMBRANE","GOBP_POSITIVE_REGULATION_OF_PROTEIN_LOCALIZATION_TO_PLASMA_MEMBRANE","53","0.3993229667704224","1.406197463506052","0.048019918995169094677600","0.308644842178684208900","0.1795295987754164934724","1653","tags=25%, list=12%, signal=22%","ATP2B4/PRNP/SORBS1/EPHB2/DLG1/ITGA3/AKAP5/SPTBN1/RAB11A/KIF5B/SQSTM1/PGRMC1/EZR","0.3217759180753611"
"GOBP_REGULATION_OF_ANIMAL_ORGAN_MORPHOGENESIS","GOBP_REGULATION_OF_ANIMAL_ORGAN_MORPHOGENESIS","62","0.3887458127606779","1.405969703266167","0.045060658578856153944070","0.304159445407279016571","0.1769205758057317279253","1667","tags=29%, list=12%, signal=26%","ROBO1/TNFRSF11B/AR/FRS2/BMP4/SNAI2/MSX1/WNT5A/SEC24B/NGFR/CITED2/TACSTD2/NTN4/WNT10A/SOX9/APCDD1/EDN1/HOXB7","0.2820133500117251"
"GOBP_REGULATION_OF_EPITHELIAL_CELL_MIGRATION","GOBP_REGULATION_OF_EPITHELIAL_CELL_MIGRATION","56","0.3989981044529044","1.405928552118383","0.037021888940592807826224","0.269699076605341592217","0.1568759959546838500533","2028","tags=34%, list=15%, signal=29%","TGFB2/HAS2/BMPR2/CTSH/DAB2IP/PTPRG/PTPN23/HIF1A/MAPRE2/TACSTD2/RAB11A/DOCK1/SOX9/RTN4/TGFBR2/IQSEC1/DOCK5/ENPP2/DUSP10","0.3217759180753611"
"GOBP_TELENCEPHALON_DEVELOPMENT","GOBP_TELENCEPHALON_DEVELOPMENT","223","0.3152857903074368","1.405344284547325","0.010822794376450747474983","0.141301036095139859183","0.0821906439052849518978","2443","tags=26%, list=18%, signal=22%","ALDH1A3/TUBA1A/EXT1/ROBO1/SLITRK5/ATP2B4/SLC2A1/SCN5A/SEMA3A/EPHB2/MCPH1/TUBB2B/FGF13/NF2/SRGAP2/GLI3/NF1/NTRK2/DAB2IP/ARL13B/BMP4/PROX1/TFAP2C/WNT5A/HIF1A/VPS13B/IGF2BP1/KCNA2/TUBB2A/WDR62/WDR37/RTN4/FOXP1/BTBD3/PLCB1/MBOAT7/NFIB/SEMA6B/EOMES/ZMIZ1/DNAH5/TACC1/PTPRS/ATG16L1/CNTN2/WDR47/BCL11B/PLXNA4/BMERB1/PEX13/BLOC1S6/BBS4/ASPM/RHOA/CTNNB1/DRAXIN/SKI/SLIT3","0.3807304007227924"
"GOBP_MUSCLE_HYPERTROPHY","GOBP_MUSCLE_HYPERTROPHY","64","0.3855479073966862","1.405225155573587","0.043145924857437456534370","0.296300753149802253983","0.1723494063738204296055","2642","tags=33%, list=19%, signal=27%","CAMK2D/ATP2B4/ARRB1/AKAP6/TOMM70/PPARA/SLC9A1/ADRA1B/INPP5F/ATP2A2/SORBS2/FOXP1/EDN1/IL6ST/LMNA/SMAD3/TCAP/BECN1/TNFRSF1B/FOXO1/LMCD1","0.3217759180753611"
"GOBP_NEGATIVE_REGULATION_OF_CELL_ADHESION","GOBP_NEGATIVE_REGULATION_OF_CELL_ADHESION","231","0.3143026560150320","1.404387254577179","0.008607618441892653585179","0.126042606337633755764","0.0733152654833702926984","2348","tags=26%, list=17%, signal=22%","THBS1/EFNA5/RUNX1/PRNP/LGALS9/CDH1/TNFRSF21/KANK1/TRPV4/TGFBI/EPHB2/FZD7/LGALS1/DLG1/UBASH3B/GBP1/NF2/DUSP3/PLXNB3/GLI3/NF1/PPARA/PTPN22/BMP4/CCL28/SNAI2/COL1A1/ACER2/SPOCK1/ADAM10/PSMB9/TMEM131L/CEACAM1/JAK2/FXYD5/PLXNC1/TACSTD2/ABCA12/MUC1/TNFSF4/MMP14/UFL1/MUC21/HAVCR2/IL10/CBLB/PSMB1/HFE/PRKAR1A/MARCHF7/SEMA4D/CX3CL1/CD164/MIA3/DAPL1/CDH13/LPXN/RHOA/DLG5","0.3807304007227924"
"GOBP_SPHINGOLIPID_METABOLIC_PROCESS","GOBP_SPHINGOLIPID_METABOLIC_PROCESS","140","0.3341010359283514","1.403446892044709","0.020315321757555359488689","0.202400798251199720568","0.1177305729308941867339","2828","tags=36%, list=20%, signal=29%","SPTLC3/SGPL1/CLN8/CCN1/GBA1/SMPDL3B/GM2A/TEX2/SUMF1/UGCG/PLPP3/ALDH3B1/SMPDL3A/ST6GALNAC3/ASAH1/B4GALT5/ACER2/CERT1/ABCA12/P2RX7/ORMDL3/GLB1/SERINC1/ST3GAL5/NEU1/ST3GAL1/CEL/PPT1/HEXB/ENPP2/ABCG2/NEU3/SPNS2/PLA2G15/NAGLU/ITGB8/ELOVL7/A4GALT/FUT2/SMPD1/PLA2G6/SCARB2/ABCC1/PSAPL1/PLPP2/SGMS1/SFTPB/ST8SIA1/HACD1/LCT","0.3524878575836192"
"GOBP_REGULATION_OF_NEURON_PROJECTION_DEVELOPMENT","GOBP_REGULATION_OF_NEURON_PROJECTION_DEVELOPMENT","352","0.3011154291254660","1.403446171173751","0.002994520931448891188503","0.070313975181532178960","0.0408995648964610367115","1479","tags=18%, list=11%, signal=17%","ROBO1/DPYSL3/TIAM1/EFNA5/VIM/DAB2/PMP22/TIAM2/KREMEN1/CDH1/KANK1/TRPV4/ITGA6/LZTS1/SEMA3A/EPHB2/SNAP25/MAP2/PTPRF/TUBB2B/FGF13/BMPR2/WNT7A/PTK7/DMD/PLXNB3/PRAG1/GRN/NPTN/NTRK2/DAB2IP/LZTS3/NR2F1/MARK1/PTPRG/DIP2B/MAP6/MAP1B/TANC2/SCN1B/STAU2/KLK6/NLGN1/NCKIPSD/SPOCK1/WNT5A/MYLIP/FN1/PLXNC1/PRRX1/AP2A1/ABL2/DDR1/TRAK2/FES/NDRG4/NEDD4L/EP300/INPP5F/APOE/RTN4/KIAA0319/LRIG2/KAT2B/ARHGAP33","0.4317076958033464"
"GOBP_NEGATIVE_REGULATION_OF_RESPONSE_TO_EXTERNAL_STIMULUS","GOBP_NEGATIVE_REGULATION_OF_RESPONSE_TO_EXTERNAL_STIMULUS","296","0.3059050093217602","1.402999704837078","0.003923158840367564972884","0.082591022195911953374","0.0480407609361554396865","2270","tags=25%, list=16%, signal=21%","THBS1/SAA1/ROBO1/FURIN/NT5E/RORA/CD109/LDLR/PROS1/KREMEN1/LGALS9/NT5C2/CARD8/GBA1/PRMT2/OAS1/MACIR/STAT3/SMPDL3B/UBASH3B/DUSP3/CCL2/CCN3/GRN/PPARA/NR1H3/MICA/DTX4/IL22RA1/PTGER4/NECTIN2/WNT5A/ANXA2/CEACAM1/TRIM21/PCBP2/PDGFB/ASH1L/CST7/AHR/PLAU/INPP5F/TRIM38/TSPAN8/APOE/PROC/RHBDF2/KIAA0319/LRIG2/ARNT/EDN1/HAVCR2/IL10/MVK/NMI/PTPRS/PRKAR1A/LTF/SOD1/C5/IL1B/SFN/DUSP10/TARBP2/CX3CL1/TREM2/SMAD3/VTN/TNFAIP3/NECTIN4/PPARD/EIF4E2/MMP28","0.4070179189239539"
"GOBP_EMBRYONIC_SKELETAL_SYSTEM_DEVELOPMENT","GOBP_EMBRYONIC_SKELETAL_SYSTEM_DEVELOPMENT","107","0.3469530799525506","1.401899095604243","0.020284462858600825485578","0.202370952942332149593","0.1177132127952492668399","1768","tags=25%, list=13%, signal=22%","EXT1/WNT11/MYCN/HYAL1/MED12/COL2A1/DLG1/HOXB8/HOXB2/ZEB1/FGFR2/GLI3/BMP4/OSR2/COL1A1/WNT5A/PRRX1/DLX3/MMP14/NKX3-2/CHST11/TGFBR2/FGF9/HOXB3/HOXB7/NODAL/SATB2","0.3524878575836192"
"GOBP_FOREBRAIN_DEVELOPMENT","GOBP_FOREBRAIN_DEVELOPMENT","307","0.3058542678834802","1.401400785279271","0.003824815071588645674222","0.081460111583747163433","0.0473829435982092359025","2600","tags=27%, list=19%, signal=23%","ALDH1A3/TUBA1A/EXT1/ROBO1/SLITRK5/ATP2B4/SLC2A1/CDH1/SCN5A/SEMA3A/EPHB2/OPHN1/MCPH1/TUBB2B/FGF13/NF2/WNT7A/ATP7A/SRGAP2/FGFR2/GLI3/NF1/FRS2/NTRK2/DAB2IP/ARL13B/BMP4/PROX1/TFAP2C/PGAP1/MSX1/WNT5A/HIF1A/DYNC2H1/VPS13B/PLXNA1/TBX3/IGF2BP1/KCNA2/TUBB2A/WDR62/RAC3/NOTCH3/WDR37/RTN4/FOXP1/BTBD3/PLCB1/MBOAT7/NFIB/LRP2/TBX19/SEMA6B/EOMES/HMGA2/ZMIZ1/DNAH5/TACC1/PTPRS/ATG16L1/NRP2/CNTN2/WDR47/BCL11B/STIL/B2M/PLXNA4/BMERB1/PEX13/BLOC1S6/METTL14/BBS4/ASPM/RHOA/CTNNB1/DNAJB1/DRAXIN/SKI/SLIT3/KDM1A/RBPJ/PHACTR1/RAPGEF2/AXL","0.4317076958033464"
"GOBP_EPITHELIAL_TUBE_MORPHOGENESIS","GOBP_EPITHELIAL_TUBE_MORPHOGENESIS","272","0.3085707821561736","1.400902285433533","0.006789734972356144780681","0.111569785303671217824","0.0648968524782002065265","2573","tags=29%, list=19%, signal=24%","EXT1/WNT11/MYCN/KIF26B/ADM/VDR/FOLR1/TGFB2/MED12/DAG1/CTHRC1/NR3C1/AR/ACVR1/DLG1/PTK7/FGFR2/NOTCH2/GLI3/CTSH/ARL13B/BMP4/PROX1/TFAP2C/WNT5A/HIF1A/EGF/PERP/TBX3/SEC24B/CITED2/TACSTD2/TGIF1/PML/DDR1/C2CD3/GNA13/NCKAP1/NDRG4/DLL1/CC2D2A/SOX9/MMP14/FOXP1/TGFBR2/LRP2/STK3/MSX2/FZD6/EDN1/HMGA2/HOXB7/NODAL/WNT6/NPNT/SUFU/SEMA4C/TRAF6/PRICKLE1/STIL/KIF20B/SMAD3/OVOL2/LUZP1/CTNND1/BBS4/PRKACB/RHOA/DLG5/CTNNB1/TCAP/SPINT1/LZTS2/SKI/PRKACA/FOXF1/RBPJ/SIX4","0.4070179189239539"
"GOBP_REGULATION_OF_B_CELL_ACTIVATION","GOBP_REGULATION_OF_B_CELL_ACTIVATION","98","-0.3354526425646810","-1.400656392326499","0.042047985599679829626929","0.292803949578595013037","0.1703154189023181053209","2560","tags=30%, list=18%, signal=24%","THEMIS2/MAD2L2/ID2/SLC39A10/CYLD/TIRAP/KMT5B/PAWR/STAT5B/ADA/STAT6/APLF/PPP2R3C/PMS2/XBP1/INHA/CDKN2A/NFATC2/LYN/SH3KBP1/TLR4/CLCF1/TBC1D10C/PAXIP1/CD81/PCID2/CARD11/CD74/SYK","0.3217759180753611"
"GOBP_SYNAPTIC_VESICLE_EXOCYTOSIS","GOBP_SYNAPTIC_VESICLE_EXOCYTOSIS","86","0.3666416701523734","1.400610947086764","0.042414355628058730829366","0.294180276139568652738","0.1711159874572025785255","2702","tags=33%, list=20%, signal=26%","CADPS2/SNPH/SLC4A8/CPLX2/SNAP25/WNT7A/SYT13/FBXL20/SYNJ1/SV2A/NLGN1/UNC13B/P2RX7/PIP5K1C/RIMS2/ATP2A2/PRKCB/STXBP5/EFR3A/SYT12/DOC2A/CSPG5/BLOC1S6/SYT11/STX11/DTNBP1/SNAP29/TPRG1L","0.2820133500117251"
"GOBP_GLIAL_CELL_DEVELOPMENT","GOBP_GLIAL_CELL_DEVELOPMENT","107","0.3464587043029348","1.399901520669384","0.020284462858600825485578","0.202370952942332149593","0.1177132127952492668399","2430","tags=31%, list=18%, signal=26%","VIM/APP/NDRG1/KCNJ10/LAMB2/LDLR/ITGB4/CLU/MED12/DAG1/NCMAP/TENM4/GRN/NF1/NTRK2/TPPP/B4GALT5/NCSTN/ANO1/DLL1/ADGRG6/SH3TC2/SOD1/CNTN2/IL1B/CSPG5/TREM2/NAGLU/ZNF488/IFNGR1/SOS1/ARHGEF10/SKI","0.3524878575836192"
"GOBP_REGULATION_OF_SUPRAMOLECULAR_FIBER_ORGANIZATION","GOBP_REGULATION_OF_SUPRAMOLECULAR_FIBER_ORGANIZATION","333","0.3040080965812408","1.399707363897537","0.003172257045418186080510","0.072681712684139698766","0.0422768079465896395863","2570","tags=25%, list=19%, signal=21%","HSPG2/TPM1/APP/SSH2/AMOT/CCN2/ARHGAP18/LDLR/CLU/KANK4/KANK1/TRPV4/CDC42EP4/DLG1/MAP2/SYNPO/FGF13/NF2/CDC42EP3/DAAM2/GSN/STMN1/SPTAN1/PROX1/MAP1B/ACTG1/VILL/PTGER4/DYRK1A/FER/SLC9A1/LATS1/RHPN2/SPTBN1/TACSTD2/AKAP13/RAPGEF3/RICTOR/SPTB/NME7/CARMIL1/FES/NCKAP1/PSRC1/APC/APOE/PRUNE1/GMFG/EDN1/F11R/ALMS1/ARFGEF1/HSPA1A/WASHC2C/GAS2L1/KIRREL1/CHRNA7/WDR47/KANK2/HSPA1B/CX3CL1/NAV3/TREM2/BMERB1/SMAD3/FHOD3/TGFB3/DCTN1/CAMSAP2/FERMT2/MAP1A/BBS4/CCL24/SVIL/RHOA/ARPC5/ARHGEF10/HAUS8/ARFIP1/WASHC3/PRKCE/CRYAB/MECP2","0.4317076958033464"
"GOBP_REGULATION_OF_NEURONAL_ACTION_POTENTIAL","GOBP_REGULATION_OF_NEURONAL_ACTION_POTENTIAL","2","0.9350299705336734","1.399508292490545","0.023522101440068159117214","0.215981065435164404365","0.1256298136944533350157","317","tags=50%, list=2%, signal=49%","GBA1","0.3524878575836192"
"GOBP_ACTIN_FILAMENT_BUNDLE_ORGANIZATION","GOBP_ACTIN_FILAMENT_BUNDLE_ORGANIZATION","151","0.3323666738893616","1.399046080409642","0.018142900242679432104564","0.190658908099126112035","0.1109006618493204032738","2326","tags=25%, list=17%, signal=21%","NEDD9/TPM1/DPYSL3/FSCN1/AMOT/CCN2/SORBS1/SYNPO/NF2/ARRB1/FHDC1/ACTG1/PTGER4/ITGB5/SLC9A1/RHPN2/TACSTD2/RAPGEF3/PLS3/CARMIL1/MYL9/PDLIM1/F11R/ALMS1/EZR/SHROOM2/CX3CL1/ACTN1/SMAD3/BLOC1S6/FHOD3/LUZP1/TGFB3/MARCKS/ESPN/FERMT2/BBS4/RHOA","0.3524878575836192"
"GOBP_PROTEIN_MODIFICATION_BY_SMALL_PROTEIN_REMOVAL","GOBP_PROTEIN_MODIFICATION_BY_SMALL_PROTEIN_REMOVAL","112","-0.3351297129108023","-1.398678966824773","0.019007388693624983899699","0.193891382137357098925","0.1127808966299800180755","3508","tags=37%, list=25%, signal=28%","MINDY4/USP44/SENP2/USP36/COPS3/SENP6/USP25/USP20/USP3/SPATA2/USP1/COPS8/USP4/OTULIN/BAP1/CYLD/USP21/OTULINL/USP39/ITCH/COPS7A/USP47/USP10/USP5/USP27X/UCHL1/OTUD7A/SENP3/USP42/USP28/OTUB1/DESI1/USP12/SENP5/USP9X/UCHL3/USP11/USPL1/COPS6/SHMT2/OTUD5","0.3524878575836192"
"GOBP_RECEPTOR_MEDIATED_ENDOCYTOSIS","GOBP_RECEPTOR_MEDIATED_ENDOCYTOSIS","210","0.3161722971298970","1.396702789143207","0.013617767067583224846472","0.161355974188128747926","0.0938560097150129418742","2887","tags=31%, list=21%, signal=25%","HSPG2/ITGB2/APP/ADM/FOLR1/DAB2/LDLR/CLU/DLG4/CAV1/CLTC/OPHN1/ARRB1/CXCR1/IGF2R/ARHGAP27/FNBP1L/EGF/ANXA2/CEACAM1/RAB15/AP2B1/AP2A1/CXCR2/HPCA/APLN/PIP5K1C/NEDD4L/DLL1/WDR54/INPP5F/APOE/CD14/BICD1/LRP2/NLGN3/PIKFYVE/VLDLR/EZR/IQSEC1/PCSK9/CBLB/PPT1/CAV2/HFE/ITSN1/CNTN2/TBC1D5/UNC119/B2M/PLA2R1/NEU3/VTN/CUBN/BMP2K/MRC2/NTF3/LMBRD1/DTNBP1/PLD2/SCARB2/LRRTM2/PIK3CB/HMMR/SYT17/DNM1","0.3807304007227924"
"GOBP_REGULATION_OF_LEUKOCYTE_MIGRATION","GOBP_REGULATION_OF_LEUKOCYTE_MIGRATION","144","0.3323937329409546","1.396407565556111","0.022008891410657146353591","0.210191596767147576008","0.1222622505764208028500","2331","tags=29%, list=17%, signal=25%","THBS1/NEDD9/TNFRSF18/APP/RAC2/PTPRJ/LGALS9/TRPV4/CCL2/CCN3/EDN2/CCL28/PTGER4/WNT5A/ADAM10/PERP/ECM1/GCNT1/ABL2/C3AR1/STK10/RAC3/MMP14/RTN4/MTUS1/PLCB1/MCU/EDN1/MSN/GPSM3/ADAM8/MED23/C5/CX3CL1/SPNS2/MIA3/TREM2/MMP28/EDN3/CCL24/RHOA/CAMK1D","0.3524878575836192"
"GOBP_CELLULAR_RESPONSE_TO_METAL_ION","GOBP_CELLULAR_RESPONSE_TO_METAL_ION","136","0.3347215007837487","1.396282798924401","0.027999656136373073794799","0.234017839491919038553","0.1361212730260087377943","2603","tags=28%, list=19%, signal=23%","TUBA1A/CAMK2D/APP/MT1E/KCNJ10/PRNP/CPNE8/DLG4/CDH1/SCN5A/MT1X/AKR1C3/SLC25A24/UCP2/MTF1/NLGN1/WNT5A/IQGAP1/NCSTN/CARF/MICU1/HPCA/ALAD/NEK7/ASPH/EDN1/HFE/NFE2L1/SOD1/EIF2AK3/B2M/GLRA1/MT2A/BECN1/RASAL1/SMPD1/MT1F/HMOX1","0.3524878575836192"
"GOBP_CELLULAR_RESPONSE_TO_CALCIUM_ION","GOBP_CELLULAR_RESPONSE_TO_CALCIUM_ION","64","0.3828513097295888","1.395396735282441","0.047787610619469025885486","0.308056550411335894335","0.1791874068106670270240","1613","tags=23%, list=12%, signal=21%","TUBA1A/CAMK2D/CPNE8/SCN5A/AKR1C3/SLC25A24/NLGN1/WNT5A/IQGAP1/NCSTN/CARF/MICU1/HPCA/ASPH/EDN1","0.2765005992544716"
"GOBP_OSSIFICATION","GOBP_OSSIFICATION","318","0.3020623571686882","1.394915186825520","0.002479678022256137821799","0.062534380123771979298","0.0363744039720276107763","2437","tags=26%, list=18%, signal=22%","EXT1/TNC/CDH11/WNT11/IGFBP3/RUNX1/CAT/NOTUM/VDR/CCN2/CCN1/BAMBI/KREMEN1/COL2A1/CLTC/CTHRC1/CYP24A1/FASN/ACVR1/MN1/CRIM1/BMPR2/MAP2K6/CCN3/FGFR2/GLI3/NF1/ZHX3/HDAC7/SORT1/REST/BMP4/OSR2/CSGALNACT1/SNAI2/AXIN2/COL1A1/COL13A1/WNT5A/TOB2/HIF1A/ECM1/INTU/SMAD6/MINPP1/TOB1/P2RX7/TENT5A/ENPP1/SOX9/MMP14/UFL1/FGF9/ADGRG6/MSX2/LIMD1/RRBP1/FOXC1/IL6ST/NPR2/NPNT/SATB2/SUFU/FOSL2/LTF/TAPT1/TRAF6/SEMA4D/PRICKLE1/EIF2AK3/ADAMTS7/ANKH/SMAD3/SLC24A3/HSD17B4/FERMT2/RHOA/BMP2K/CTNNB1/SUCO/MRC2/SKI/TMT1A","0.4317076958033464"
"GOBP_PROTEIN_LOCALIZATION_TO_LYSOSOME","GOBP_PROTEIN_LOCALIZATION_TO_LYSOSOME","53","0.3959104567984765","1.394180466573596","0.044964028776978415269383","0.304159445407279016571","0.1769205758057317279253","3133","tags=40%, list=23%, signal=31%","CLU/SH3BP4/IGF2R/SORT1/GNPTAB/LAMP2/RNF128/GNPTG/NAGPA/GLMP/SNX16/RTN4/GPR137B/ZFYVE16/BECN1/LMBRD1/SCARB2/PIK3C3/AP3B1/NCOA4/SZT2","0.2878571172551493"
"GOBP_REGULATION_OF_CALCIUM_ION_TRANSPORT","GOBP_REGULATION_OF_CALCIUM_ION_TRANSPORT","147","0.3380652190310052","1.392741379468099","0.019633362083443774148694","0.197776849947367744376","0.1150409586224696578682","1525","tags=18%, list=11%, signal=17%","CEMIP/CAMK2D/WFS1/APP/PRNP/JPH2/CAV1/CALM2/UBASH3B/DMD/OPRD1/AKAP6/CCL2/UCP2/RGS9/AKAP5/CACNA1D/KCNN4/EGF/PDGFB/P2RX7/PML/ATP1B1/FKBP1A/STIM1/ANK2/ASPH","0.3524878575836192"
"GOBP_STEROL_METABOLIC_PROCESS","GOBP_STEROL_METABOLIC_PROCESS","129","0.3362591536753704","1.392186897351232","0.024764881388371007969740","0.220916901491752443176","0.1285008439070608743382","3365","tags=36%, list=24%, signal=28%","LEPR/CAT/LDLR/CLN8/TM7SF2/CYB5R2/NPC2/GBA1/TTC39B/INSIG2/APOL1/LSS/STARD3/MSMO1/APOL2/ACLY/HMGCS1/LIPA/APOE/HMGCR/VLDLR/MVK/PCSK9/NFE2L1/SCP2/HSD17B7/ERLIN1/PPARD/CUBN/FMO5/SMPD1/PRKACA/SEC14L2/CYB5R1/SQLE/ABCA5/LIMA1/NR0B2/ERLIN2/ACADVL/FGF1/DHCR24/PIP4P1/FDPS/TSKU/SREBF1/PRKAA1","0.3524878575836192"
"GOBP_PROTEIN_TRANSMEMBRANE_TRANSPORT","GOBP_PROTEIN_TRANSMEMBRANE_TRANSPORT","76","-0.3531678237601159","-1.391994305100207","0.041358191677116691586935","0.288725365644073861393","0.1679430269576876466608","2548","tags=32%, list=18%, signal=26%","PEX1/SEC61B/PEX5L/DNAJC19/PEX6/BLOC1S3/CHCHD4/TMED10/SSR3/TIMM50/TIMM44/TOMM40/GRPEL1/TIMM17B/RTN2/HSPD1/SEC61A1/GRPEL2/C2CD5/USP9X/TOMM7/DNAJC15/SEC61G/PEX5","0.3217759180753611"
"GOBP_CARDIOCYTE_DIFFERENTIATION","GOBP_CARDIOCYTE_DIFFERENTIATION","114","0.3414893710951828","1.388589911773991","0.038559132113577580802666","0.277007889753624114704","0.1611273169318087616908","3292","tags=32%, list=24%, signal=25%","FOLR1/TGFB2/TGFBR3/FZD7/ACVR1/TENM4/AKAP6/TOMM70/FRS2/PPARA/REST/BMP4/PROX1/SLC9A1/TBX3/CITED2/AKAP13/DLL1/SORBS2/FOXP1/EOMES/EDN1/SGCB/PRICKLE1/LMNA/NAGLU/FHOD3/TCAP/RBPJ/PLEC/CXADR/SIK1/CALR/ATG5/SPRY1/BMP7/CDC42","0.3217759180753611"
"GOBP_SKIN_EPIDERMIS_DEVELOPMENT","GOBP_SKIN_EPIDERMIS_DEVELOPMENT","106","0.3491647596493197","1.388363050857040","0.026061881349769434185193","0.226060817053241713825","0.1314929078287192520946","1605","tags=25%, list=12%, signal=22%","EXT1/DKK4/CD109/TGFB2/GBA1/FOXQ1/ATP7A/FGFR2/NF1/UGCG/TFAP2C/WNT5A/INTU/NGFR/CDH3/FLG/ABCA12/EDA/WNT10A/DLX3/DLL1/SOX9/LDB1/APCDD1/MSX2/FZD6","0.3524878575836192"
"GOBP_CELLULAR_COMPONENT_DISASSEMBLY","GOBP_CELLULAR_COMPONENT_DISASSEMBLY","414","0.2938503896277471","1.386988987242815","0.003643878505152729676414","0.079154454096721671430","0.0460418106616038089185","3182","tags=28%, list=23%, signal=22%","NEDD9/TIMP3/FURIN/KLK7/FSCN1/ACVR1C/RAC2/IGF1R/TGFB2/VPS16/DDRGK1/PBXIP1/CLTC/TRPV4/LAMC1/STAT3/PEX2/FGF13/DUSP3/GSN/STMN1/SPTAN1/MAP1B/SYNJ1/SNAI2/VILL/FER/TOP2A/ADAM10/MAPRE2/CST3/EPG5/LAMP2/LTN1/MMP15/TRIM21/SPTBN1/PLXNC1/TRIM58/ARID1A/KIF5B/SPTB/DDR1/CARMIL1/APEH/PEX12/PLIN3/APC/MMP14/VTA1/C1QL1/UFL1/ATP2A2/PRKCB/ASPH/KIF18B/DNAJC17/PLAAT3/GCN1/HSPA2/NGEF/PRSS2/NSF/CTSK/IQSEC1/WASHC2C/SCAF8/SMARCA4/ADAM8/GAS2L1/PRICKLE1/WDR47/MAP4/IL1B/LIX1/CX3CL1/NAV3/LIX1L/TREM2/BMERB1/TGFB3/DCTN1/RUBCNL/CAMSAP2/EIF4E2/FYCO1/MAP1A/SVIL/MCTS1/UBQLN4/BECN1/PPP1R10/TCF25/HPN/PLK1/MAP1LC3B2/SNAP29/KIF2A/SNX14/LIMA1/TAOK1/PIK3C3/GBF1/EIF5A2/ARID2/C3/ASCC3/CHMP5/NES/ATXN7/MAP4K4/PLEK/RAB40A/MICAL1/ATG5/DYRK3/TTBK2","0.4317076958033464"
"GOBP_ALPHA_KETOGLUTARATE_TRANSPORT","GOBP_ALPHA_KETOGLUTARATE_TRANSPORT","2","0.9266618898589042","1.386983348193963","0.031099591258950315397769","0.247400143826677049175","0.1439053646406637521071","908","tags=50%, list=7%, signal=47%","SLC13A3","0.3524878575836192"
"GOBP_RESPONSE_TO_NUTRIENT","GOBP_RESPONSE_TO_NUTRIENT","118","0.3413784969871158","1.385761705405115","0.032142755394244992839248","0.250400971695626695102","0.1456508576788876907493","2242","tags=28%, list=16%, signal=24%","CAT/VDR/FOLR1/CCND1/CYP24A1/BCKDHB/FASN/MN1/AKR1C3/PPARA/MAP1B/CCL28/SNAI2/COL1A1/PLD1/MAF/FES/LIPA/SLC22A4/ALAD/TRIM24/KAT2B/MAFB/UCP3/BABAM2/SLC6A4/AGL/CDKN2B/PDK2/KANK2/CYP26A1/PPARD/CD40","0.3217759180753611"
"GOBP_REGULATION_OF_LEUKOCYTE_CHEMOTAXIS","GOBP_REGULATION_OF_LEUKOCYTE_CHEMOTAXIS","77","0.3627062972669138","1.385035188132655","0.046345811051693407145446","0.307850974257767640019","0.1790678292272304128474","1748","tags=23%, list=13%, signal=21%","THBS1/NEDD9/APP/RAC2/PTPRJ/LGALS9/TRPV4/CCL2/CCN3/EDN2/WNT5A/ADAM10/PERP/C3AR1/MTUS1/MCU/EDN1/GPSM3","0.2820133500117251"
"GOBP_PHOSPHATIDYLINOSITOL_3_KINASE_PROTEIN_KINASE_B_SIGNAL_TRANSDUCTION","GOBP_PHOSPHATIDYLINOSITOL_3_KINASE_PROTEIN_KINASE_B_SIGNAL_TRANSDUCTION","254","0.3097404365419374","1.384940173918054","0.007115662909994835590155","0.113729656939466863830","0.0661531860862515919131","2811","tags=29%, list=20%, signal=23%","THBS1/EFNA5/PDGFC/APP/CAT/MYORG/PTPRJ/LIN28A/IGF1R/PROS1/TGFB2/PRR5L/DAG1/DLG1/AKR1C3/STAT3/SFRP5/NF1/NTRK2/DAB2IP/PPARA/CHI3L1/FER/WNT5A/GAB1/FN1/EGF/CEACAM1/JAK2/FBXL2/PDGFB/RAPGEF3/RICTOR/PLEKHA1/PHLPP1/DDR1/PIP5K1C/RASGRP1/TPBG/BANK1/INPP5F/RTN4/LRP2/STK3/EDN1/ARFGEF1/UNC5B/ADAM8/OTUD3/SEMA4D/CEP55/SESN3/IL1B/CX3CL1/TREM2/CD2AP/PPARD/CRYBA1/CD40/FERMT2/NTF3/BECN1/NHERF1/CAVIN3/GAB2/AXL/ZFP36L1/CCDC88A/PIK3R3/HYAL2/PIK3CB/PIK3C3/SERPINE2","0.4070179189239539"
"GOBP_NEGATIVE_REGULATION_OF_MRNA_METABOLIC_PROCESS","GOBP_NEGATIVE_REGULATION_OF_MRNA_METABOLIC_PROCESS","108","-0.3254035275709596","-1.383797871912793","0.031476396962120616052072","0.248492468625958723427","0.1445407377496494838454","3489","tags=38%, list=25%, signal=29%","NPM1/PTBP1/DHX34/HNRNPA0/E2F1/PNN/YBX1/METTL16/SRSF1/FUS/TRAF2/NRDE2/HNRNPAB/PKP3/LRPPRC/TIRAP/SNRPE/NOCT/SRSF10/RBM38/AAR2/SNW1/C1QBP/SNRPF/SRSF7/RNPS1/U2AF2/IGF2BP3/SECISBP2/TENT4B/SLIRP/TRAF5/RBM24/ZC3H14/SNRPD1/SRSF6/YBX3/QKI/UPF3A/SAP18/RBM10","0.3217759180753611"
"GOBP_REGULATION_OF_CARBOHYDRATE_BIOSYNTHETIC_PROCESS","GOBP_REGULATION_OF_CARBOHYDRATE_BIOSYNTHETIC_PROCESS","79","0.3630826044771824","1.382503117500332","0.044827586206896551102030","0.304159445407279016571","0.1769205758057317279253","1474","tags=19%, list=11%, signal=17%","LEPR/CLTC/NR3C1/SORBS1/HAS2/MTCL2/PPARA/PPP1R3B/EGF/PDGFB/AP2A1/ENPP1/EP300/EPM2AIP1/KAT2B","0.2820133500117251"
"GOBP_T_CELL_SELECTION","GOBP_T_CELL_SELECTION","56","-0.3682578846559545","-1.381389266974911","0.046505441786910815815670","0.307850974257767640019","0.1790678292272304128474","1060","tags=20%, list=8%, signal=18%","IL23A/CD4/PSMA1/SPN/ZAP70/OPA1/IL6R/CTSL/CARD11/CD74/SYK","0.3217759180753611"
"GOBP_GRANULOCYTE_MIGRATION","GOBP_GRANULOCYTE_MIGRATION","82","0.3578829864027574","1.380475946637373","0.048586068384194915081853","0.310165399208317593693","0.1804140619387023525277","2331","tags=33%, list=17%, signal=28%","THBS1/SAA1/ITGB2/RAC2/PTPRJ/TGFB2/TRPV4/CCL2/CXCR1/EDN2/CCL28/PTGER4/PERP/CXCR2/PIP5K1C/C3AR1/RAC3/RTN4/MCU/PIKFYVE/EDN1/ADAM8/IL1B/CX3CL1/EDN3/CCL24/CAMK1D","0.3217759180753611"
"GOBP_REGULATION_OF_RNA_SPLICING","GOBP_REGULATION_OF_RNA_SPLICING","181","-0.3034305139273070","-1.380281600686298","0.016163400065320149973092","0.178411511663252642101","0.1037767126763648600773","3979","tags=39%, list=29%, signal=28%","RBM7/KHDRBS1/RBM11/PUF60/RRP1B/HNRNPL/SUPT3H/SRPK2/SRSF2/YTHDC1/HNRNPH1/SRSF3/NPM1/PTBP1/CCNL2/CLK1/SNRNP70/METTL16/PRPF19/SRSF1/FUS/RBPMS2/RBM25/CCNL1/RPS26/HNRNPH3/TRRAP/CDK11B/TADA2B/SRPK1/CCAR2/SNRPE/TAF10/SRSF10/RBM38/TAF9/AAR2/CLNS1A/SNW1/C1QBP/SNRPF/SRSF7/WDR77/UPF3B/DAZAP1/RNPS1/U2AF2/NCBP1/RPS13/RBM39/ILDR2/METTL4/RBM19/ZNF326/ERN1/TRA2B/RBM24/MAGOH/H1-2/SNRPD1/MBNL2/SRSF6/QKI/UPF3A/SAP18/PQBP1/ZPR1/RBM10/SUPT20H/ARGLU1","0.3524878575836192"
"GOBP_VESICLE_MEDIATED_TRANSPORT_IN_SYNAPSE","GOBP_VESICLE_MEDIATED_TRANSPORT_IN_SYNAPSE","205","0.3150283176388727","1.379171069592702","0.014651161499625342185538","0.168470444952305092867","0.0979942874609684572151","2887","tags=30%, list=21%, signal=24%","RAB3B/CADPS2/ATP8A1/SNPH/SLC4A8/CPLX2/OPHN1/CALM2/SNAP25/WNT7A/SYT13/MX1/FBXL20/SYNJ1/ACTG1/SV2A/NLGN1/ATP6AP1/PLD1/AP2B1/UNC13B/NLGN2/MX2/AP2A1/P2RX7/PLS3/HPCA/PIP5K1C/RIMS2/ATP2A2/PRKCB/ATP6V0A1/STXBP5/BTBD9/ARHGDIA/NLGN3/SLC2A4/BLTP1/IQSEC1/CBLB/EFR3A/SYT12/BTBD8/RAB27B/ITSN1/DOC2A/CSPG5/BLOC1S6/CTNNB1/SYT11/STX11/ATP6V1C1/DTNBP1/SNAP29/PLD2/DNM3/TPRG1L/ATP6V0D1/PIK3C3/SYT17/DNM1","0.3807304007227924"
"GOBP_RECEPTOR_INTERNALIZATION","GOBP_RECEPTOR_INTERNALIZATION","107","0.3412081210790172","1.378686006819467","0.048214285714285716466510","0.309222236595833921413","0.1798654520730589567723","2008","tags=23%, list=15%, signal=20%","ITGB2/APP/ADM/DLG4/CAV1/CLTC/OPHN1/ARRB1/CXCR1/EGF/ANXA2/CEACAM1/AP2B1/AP2A1/CXCR2/HPCA/APLN/NEDD4L/WDR54/EZR/IQSEC1/PCSK9/CBLB/CNTN2/TBC1D5","0.2765005992544716"
"GOBP_RETINA_DEVELOPMENT_IN_CAMERA_TYPE_EYE","GOBP_RETINA_DEVELOPMENT_IN_CAMERA_TYPE_EYE","120","0.3365661981360136","1.377574441853968","0.024773715473739837261702","0.220916901491752443176","0.1285008439070608743382","3024","tags=31%, list=22%, signal=24%","NECTIN3/MAN2A1/TBC1D32/ATP2B4/LAMB2/CLN8/TGFB2/PRDM1/BMPR2/GRN/NTRK2/PROX1/HIF1A/TGIF1/TMEM135/HPCA/DLL1/SOX9/HIPK1/NFIB/ARL6/BBS10/SMARCA4/RPL24/HIPK2/NAGLU/TOPORS/PDE6A/BBS4/SKI/DTNBP1/IRX5/MED1/NRL/SLC38A8/C3/TFAP2A","0.3524878575836192"
"GOBP_TUBE_FORMATION","GOBP_TUBE_FORMATION","130","0.3342902539483461","1.377117117743948","0.033110144750796877133325","0.252682143082909649312","0.1469777477736840531897","2662","tags=35%, list=19%, signal=28%","ADM/FOLR1/TGFB2/MED12/CTHRC1/PTK7/FGFR2/DAB2IP/BMP4/PROX1/WNT5A/HIF1A/EGF/SEC24B/CITED2/TGIF1/EDA/NCKAP1/CC2D2A/SOX9/NFIB/LRP2/STK3/FZD6/NODAL/WNT6/SUFU/SEMA4C/TRAF6/PRICKLE1/STIL/KIF20B/OVOL2/LUZP1/BBS4/PRKACB/CTNNB1/TCAP/SPINT1/SKI/PRKACA/BCL2L11/SIX4/TGM2/CELSR1","0.3217759180753611"
"GOBP_REGULATION_OF_RECEPTOR_SIGNALING_PATHWAY_VIA_STAT","GOBP_REGULATION_OF_RECEPTOR_SIGNALING_PATHWAY_VIA_STAT","59","0.3837493722099953","1.376479754182939","0.047706422018348626501449","0.308056550411335894335","0.1791874068106670270240","1698","tags=22%, list=12%, signal=19%","NLK/MGAT5/CAV1/IL7/EPHB2/NF2/EGF/JAK2/IFNAR1/EP300/HMGA2/IL10/LEPROT","0.2820133500117251"
"GOBP_OSTEOBLAST_DIFFERENTIATION","GOBP_OSTEOBLAST_DIFFERENTIATION","179","0.3175571498914987","1.374752542154682","0.019079714457020207490912","0.194225603808957369978","0.1129753035158391483161","2492","tags=28%, list=18%, signal=23%","TNC/WNT11/IGFBP3/CAT/CCN2/CCN1/BAMBI/CLTC/CTHRC1/CYP24A1/FASN/ACVR1/CRIM1/BMPR2/MAP2K6/FGFR2/GLI3/NF1/ZHX3/HDAC7/REST/BMP4/SNAI2/AXIN2/COL1A1/SMAD6/TOB1/TENT5A/SOX9/UFL1/FGF9/MSX2/LIMD1/RRBP1/IL6ST/NPNT/SATB2/SUFU/FOSL2/LTF/SEMA4D/SMAD3/HSD17B4/FERMT2/CTNNB1/SUCO/MRC2/SKI/TMT1A/PRKACA","0.3524878575836192"
"GOBP_REGULATION_OF_STEROID_METABOLIC_PROCESS","GOBP_REGULATION_OF_STEROID_METABOLIC_PROCESS","79","0.3609650140218537","1.374440006324029","0.044827586206896551102030","0.304159445407279016571","0.1769205758057317279253","1019","tags=19%, list=7%, signal=18%","RORA/ADM/DAB2/LDLR/IGFBP7/NR3C1/ATP1A1/AKR1C3/TTC39B/INSIG2/REST/PROX1/SNAI2/ASAH1/DKK3","0.2820133500117251"
"GOBP_ADENYLATE_CYCLASE_ACTIVATING_G_PROTEIN_COUPLED_RECEPTOR_SIGNALING_PATHWAY","GOBP_ADENYLATE_CYCLASE_ACTIVATING_G_PROTEIN_COUPLED_RECEPTOR_SIGNALING_PATHWAY","91","-0.3290014896636239","-1.371108268197636","0.042855922554411000902075","0.295452344389170395988","0.1718559120282852625827","974","tags=14%, list=7%, signal=13%","GNAL/ADGRG5/PDE10A/ADCY7/ADCY3/PRKX/VIPR1/PRKAR1B/GNAI1/GAL/ADGRG2/PDE2A/PDE3B","0.3217759180753611"
"GOBP_EPIDERMIS_DEVELOPMENT","GOBP_EPIDERMIS_DEVELOPMENT","280","0.3010176646430454","1.366712217165135","0.009525560755229499354524","0.132326749992998426997","0.0769705664471931755299","2978","tags=31%, list=22%, signal=25%","KRT6A/EXT1/LAMC2/DKK4/KLK7/MYCN/CD109/KRT5/VDR/CCN2/KLF7/TGFB2/GBA1/KRT14/FOXQ1/AKR1C3/ATP7A/PLOD1/FGFR2/NF1/KRT75/FLOT2/UGCG/PPARA/CST6/REST/BMP4/TFAP2C/ASAH1/WNT5A/LATS1/SEC24B/INTU/NGFR/CDH3/FLG/ABCA12/GJB5/EDA/FLNB/WNT10A/DLX3/DLL1/SOX9/MYCL/WDPCP/PLAAT4/ATP2A2/LDB1/APCDD1/MAFB/MSX2/FZD6/ANKRD24/FOXC1/LAMA3/FLG2/FOSL2/SOD1/SFN/BCL11B/NAGLU/ALDH3A2/OVOL2/PPARD/DSP/CTNNB1/SPINT1/SOS1/MACROH2A2/KRT31/NHERF1/RBPJ/PALLD/ZFP36L1/PLEC/MED1/KRT36/TMEM79/PTCH1/SVEP1/HRNR/AQP3/AP3B1/IRF6/FGFR1/ESRP1","0.3807304007227924"
"GOBP_STEROID_HORMONE_RECEPTOR_SIGNALING_PATHWAY","GOBP_STEROID_HORMONE_RECEPTOR_SIGNALING_PATHWAY","116","0.3337506271491094","1.365083582057343","0.039306478014098811257782","0.280987155331102023137","0.1634419383183273455362","3548","tags=37%, list=26%, signal=28%","DAB2/ESRRB/DDRGK1/NR3C1/WBP2/PRMT2/AR/PPARA/PAQR8/LATS1/JAK2/EP300/UFL1/FOXP1/STRN3/HMGA2/ABHD2/NODAL/ZMIZ1/NR3C2/CREBRF/SMARCA4/KMT2D/TRERF1/KANK2/UBR5/PPARD/RHOA/TADA3/KDM1A/KDM3A/MED1/NR1D1/CDK12/NCOA4/KDM4C/CALR/YWHAH/TAF7/CARM1/CNOT2/PLPP1/PAK1","0.3217759180753611"
"GOBP_RESPONSE_TO_VITAMIN","GOBP_RESPONSE_TO_VITAMIN","63","0.3688879302008053","1.364590459028298","0.049450549450549448338155","0.311733796043179800517","0.1813263521052765059327","2242","tags=30%, list=16%, signal=25%","CAT/VDR/FOLR1/CCND1/CYP24A1/MN1/MAP1B/SNAI2/COL1A1/FES/LIPA/SLC22A4/ALAD/TRIM24/BABAM2/KANK2/CYP26A1/PPARD/CD40","0.2765005992544716"
"GOBP_CARBOHYDRATE_DERIVATIVE_CATABOLIC_PROCESS","GOBP_CARBOHYDRATE_DERIVATIVE_CATABOLIC_PROCESS","215","0.3090227223155181","1.364391316010236","0.020546506599317802821414","0.204144018373249219733","0.1187445526458301148232","2492","tags=26%, list=18%, signal=21%","CEMIP/NT5E/APP/ALDOC/HYAL1/NT5C2/GBA1/FUCA1/CEMIP2/STAT3/GM2A/MAN2B1/GNS/SUMF1/UCP2/PPARA/FBXO2/MANBA/PFKFB4/CHI3L1/DPYD/SLC9A1/DHTKD1/NAGK/STT3B/HIF1A/CST3/HYAL3/ENTPD4/XDH/P2RX7/LIPA/EP300/MAN2B2/GLB1/ARNT/CD44/ENPP4/AMPD3/NEU1/UNG/HEXB/PGM1/NEU3/ENTPD5/NAGLU/ZBTB20/LYG1/PFKL/PDE4D/PKM/ITPA/PGAM1/SMPD1/PRKACA","0.3524878575836192"
"GOBP_REGULATION_OF_EXTRINSIC_APOPTOTIC_SIGNALING_PATHWAY","GOBP_REGULATION_OF_EXTRINSIC_APOPTOTIC_SIGNALING_PATHWAY","131","0.3293029945580628","1.361888442772517","0.042731688317833256551825","0.295299954569384348613","0.1717672713660583216910","2180","tags=24%, list=16%, signal=20%","THBS1/TNFSF10/APP/SRPX/TGFB2/COL2A1/CAV1/ITGA6/IL7/AR/ACVR1/ITGAV/NF1/CTNNA1/IFI6/BMP4/SNAI2/SGK3/CSF2/PML/STK3/HSPA1A/UNC5B/RIPK1/LMNA/IL1B/CFLAR/HSPA1B/CX3CL1/TNFAIP3/EYA3","0.3217759180753611"
"GOBP_REGULATION_OF_RESPONSE_TO_CYTOKINE_STIMULUS","GOBP_REGULATION_OF_RESPONSE_TO_CYTOKINE_STIMULUS","161","0.3174012254908676","1.360126240755721","0.026996876451173480032653","0.229599898905003513283","0.1335514873286880455083","2914","tags=29%, list=21%, signal=23%","EXT1/ROBO1/CD24/TNFRSF11B/IFIH1/CARD8/CAV1/IL7/OAS1/CASP4/NR1H3/ANXA4/RBM47/WNT5A/ADAM10/HIF1A/ECM1/TRIM6/LRRC70/ZBP1/TANK/NKIRAS1/HIPK1/EDN1/EZR/IL6ST/HSPA1A/CREBRF/RIPK1/IL1B/HSPA1B/TREM2/TNFAIP3/CD40/EIF4E2/MAVS/AGPAT1/CXCR4/SLIT3/CASP8/AXL/TXK/TLE5/MED1/PARP9/ADAR","0.3524878575836192"
"GOBP_VIRAL_PROCESS","GOBP_VIRAL_PROCESS","317","0.2962069268480478","1.357845902217705","0.007416312931693811935641","0.115341928956942521567","0.0670909971521065767730","2201","tags=23%, list=16%, signal=20%","NCAM1/NECTIN3/FURIN/MAN2A1/ST6GALNAC2/CD46/ITGB6/IFIH1/TRIM5/MGAT5/LDLR/LGALS9/CAV1/TMPRSS2/SELPLG/DAG1/APOBEC3G/OAS1/CTSB/LGALS1/ITGAV/BST2/CCL2/ZNFX1/MX1/KPNA2/IFIT1/PROX1/APOBEC3F/ST6GALNAC3/ITGB5/SLC1A5/NECTIN2/TOP2A/TRIM62/RNASEL/TRIM21/TRIM6/FBXL2/PCBP2/TBC1D20/ISG20/HCFC2/TNIP1/PC/MAN1B1/PARD6A/TRIM38/APOE/APOBEC3H/BICD1/PABPC1/LRSAM1/PIKFYVE/F11R/HMGA2/HCFC1/ADARB1/HSPA1A/MYH9/ST3GAL1/ATG16L1/CAV2/PKN2/LTF/TARBP2/RAD23A/HSPA1B/PARP10/PDCD6IP/NECTIN4/VPS28","0.4070179189239539"
"GOBP_POSITIVE_REGULATION_OF_PROTEOLYSIS","GOBP_POSITIVE_REGULATION_OF_PROTEOLYSIS","177","0.3157004834191537","1.356524527029646","0.022294238547179778126006","0.211387799697345613037","0.1229580465294537600096","2739","tags=27%, list=20%, signal=22%","FURIN/APP/DAB2/CLU/DDRGK1/CAV1/GBA1/PLGRKT/GRN/GSN/DAB2IP/AXIN2/TGFB1I1/EGF/ANXA2/PERP/CCBE1/TANK/TBC1D10A/MMP14/APOE/UFL1/ASPH/TMTC3/HSPA1A/MYH9/ADAM8/RNFT2/PRICKLE1/CNTN2/DDA1/IL1B/RAD23A/HSPA1B/TREM2/SNX33/NKD2/HPN/CASP8/PLK1/CDC20/TNFRSF1B/SOCS5/COP1/PIAS1/BAG6/RBX1","0.3524878575836192"
"GOBP_MEMBRANE_LIPID_METABOLIC_PROCESS","GOBP_MEMBRANE_LIPID_METABOLIC_PROCESS","185","0.3118706383379324","1.356470975747413","0.024258588076803509064883","0.219811852153592113268","0.1278580693092203068861","2828","tags=34%, list=20%, signal=27%","SPTLC3/SGPL1/CLN8/CCN1/GBA1/FUCA1/SMPDL3B/GM2A/PIGS/TEX2/SUMF1/UGCG/PLPP3/ALDH3B1/SMPDL3A/ST6GALNAC3/ASAH1/PGAP1/B4GALT5/ACER2/PIGK/PGAP3/CERT1/PIGP/ABCA12/P2RX7/ORMDL3/MGST2/GLB1/SERINC1/ST3GAL5/NEU1/ST3GAL1/CEL/PPT1/HEXB/ENPP2/ABCG2/AHDC1/NEU3/SPNS2/PLA2G15/NAGLU/ITGB8/ELOVL7/PIGM/A4GALT/PIGO/PIGN/FUT2/SMPD1/PIGV/PLA2G6/SCARB2/ABCC1/PSAPL1/PLPP2/SGMS1/SFTPB/ST8SIA1/HACD1/LCT","0.3524878575836192"
"GOBP_RESPONSE_TO_ACID_CHEMICAL","GOBP_RESPONSE_TO_ACID_CHEMICAL","104","0.3396967117959594","1.355973785814549","0.044520547945205476980668","0.303332776478449694935","0.1764397268789678341339","1778","tags=22%, list=13%, signal=19%","TUBA1A/CPS1/PDGFC/ATP2B4/PNPLA3/SH3BP4/ZEB1/TOMM70/NTRK2/PCNA/KLF2/COL1A1/CPEB4/UBR1/HPCA/EP300/COL5A2/UFL1/ALAD/EDN1/GRIN2D/COL18A1/RRAGB","0.2820133500117251"
"GOBP_SODIUM_ION_TRANSPORT","GOBP_SODIUM_ION_TRANSPORT","152","0.3237338975636106","1.355957097595013","0.037062225598938194903731","0.269722389303695520013","0.1568895562635239382399","1756","tags=20%, list=13%, signal=18%","CAMK2D/SGK1/SCN3B/ATP2B4/UTRN/SLC4A11/SCN5A/SLC4A8/SLC5A3/ATP1A1/DLG1/FGF13/DMD/SLC6A6/SLC9A2/SCN1B/SLC9A1/SLC13A3/TESC/FXYD5/P2RX7/NEDD4L/SLC22A4/ATP1B1/SLC24A1/SLC9A6/EDN1/SLC60A2/SHROOM2/SLC6A4/PCSK9","0.3217759180753611"
"GOBP_CELLULAR_RESPONSE_TO_OXYGEN_LEVELS","GOBP_CELLULAR_RESPONSE_TO_OXYGEN_LEVELS","139","0.3258249570089836","1.355262306954459","0.030230193484988447660822","0.245046758126641867070","0.1425364696106715678425","3056","tags=30%, list=22%, signal=24%","RORA/CCND1/NDRG1/CAV1/EGLN3/STAT3/EPAS1/OPRD1/FGFR2/NPEPPS/FAS/CPEB2/ATG7/ATP6AP1/SLC9A1/HIF1A/CPEB4/BNIP3L/CITED2/ERO1A/RTN4/CCNA2/ARNT/EDN1/SLC2A4/ADAM8/UCK2/LMNA/CFLAR/TREM2/HIPK2/PPARD/AK4/BECN1/PRKCE/FOXO1/ZFP36L1/ATP6V0D1/PIK3CB/AQP3/P4HB/ATP6V1A","0.3524878575836192"
"GOBP_TUMOR_NECROSIS_FACTOR_SUPERFAMILY_CYTOKINE_PRODUCTION","GOBP_TUMOR_NECROSIS_FACTOR_SUPERFAMILY_CYTOKINE_PRODUCTION","136","0.3245526159297741","1.353863537022786","0.042165714020358194269456","0.292876970355956722791","0.1703578929341842129741","2412","tags=26%, list=17%, signal=22%","THBS1/APP/IFIH1/PTPRJ/CLU/LGALS9/EPHB2/FCGR2A/OAS1/STAT3/PTPN22/WNT5A/ADAM10/PSMB9/JAK2/TLR3/CD14/FOXP1/HAVCR2/IL10/ARID5A/PSMB1/ADAM8/LTF/CHRNA7/RIPK1/CX3CL1/TREM2/ZBTB20/TNFAIP3/SASH3/MAVS/MC1R/IFNGR1/TMEM106A/SYT11","0.3217759180753611"
"GOBP_LIPID_LOCALIZATION","GOBP_LIPID_LOCALIZATION","329","0.2897680899233241","1.353366612387721","0.012248735624924785708734","0.152856644061561380843","0.0889122001353308266669","2114","tags=22%, list=15%, signal=19%","THBS1/FURIN/ATP8A1/ATP10D/STRA6/SLC2A1/ATP8B3/DAB2/LDLR/CLN8/CLU/CAV1/SERINC5/NPC2/APOL3/GM2A/ITGAV/PLPPR4/TTC39B/ATP8B1/APOL1/TEX2/SLC27A2/UCP2/ANO4/PPARA/ACACB/NR1H3/ABCA3/STARD3/AKR1C1/KCNN4/SLC13A3/VPS13C/EGF/ANXA2/CEACAM1/VPS13B/TMEM63B/ABCC3/ACSL4/GRAMD1C/CERT1/ACE/LRP10/ABCA12/APOL2/P2RX7/LIPA/PLIN3/APOE/ABCA7/NME4/COMT/VLDLR/SLCO3A1/EDN1/OSBPL10/UCP3/BLTP1/PCSK9/VPS13D/DBI/ABCG2/IL1B/SCP2/SLC25A17/CDC50A/PLA2R1/SPNS2/TREM2","0.3807304007227924"
"GOBP_NUCLEOBASE_CONTAINING_COMPOUND_TRANSPORT","GOBP_NUCLEOBASE_CONTAINING_COMPOUND_TRANSPORT","206","-0.2962848654639930","-1.349555358859999","0.017817019826270867610685","0.188362467246295933743","0.1095648899569088841055","2893","tags=25%, list=21%, signal=20%","NPIPA1/DDX39B/NRDE2/HSF1/WNK1/PNPT1/SSB/NCBP2/ALKBH5/LRPPRC/NUP205/SLC25A25/PABPN1/HNRNPA2B1/NXT1/BORCS5/SLC35B4/NUP88/SLC25A19/ARC/POM121/SRSF7/UPF3B/FXR2/CPSF6/NCBP1/SLC35D4/IGF2BP3/SLC35B3/SLC35H1/HHEX/NCBP3/PARP11/RBM33/RAE1/LRRC8D/MAGOH/SLC25A36/MAGOHB/THOC1/XPOT/NUP58/QKI/SEH1L/UPF3A/SMG5/SLC35A2/NUP42/SLC17A9/SEM1/PCID2/ABCC4","0.3524878575836192"
"GOBP_OXIDATIVE_PHOSPHORYLATION","GOBP_OXIDATIVE_PHOSPHORYLATION","133","-0.3093681484259505","-1.347239383832012","0.046252887725935151741474","0.307850974257767640019","0.1790678292272304128474","4858","tags=47%, list=35%, signal=31%","NDUFB1/NDUFA5/COX6A1/UQCR10/CDK1/MACROH2A1/ATP5F1A/UQCRQ/MT-ATP8/MT-CO3/SLC25A33/SDHA/COX5B/NDUFC2/UQCC3/COX6C/COX4I1/UQCRHL/ATP5F1D/ATP5IF1/NDUFV2/ATP5F1E/NDUFA10/UQCRH/SIRT3/NDUFS3/NDUFB9/NDUFS6/BID/COX8A/MT-CO2/NDUFV1/SDHC/SDHB/CYC1/NDUFAB1/FXN/DGUOK/ETFRF1/NDUFA11/PPIF/NDUFA8/MLXIPL/NDUFB2/MT-ND3/GHITM/DNAJC30/COXFA4/COXFA4L2/STOML2/COX5A/DLD/CHCHD2/SDHD/ATP5MG/NDUFB11/NDUFA9/ATP5MF/ATP5F1B/CYCS/DNAJC15/SHMT2","0.3217759180753611"
"GOBP_NUCLEAR_TRANSPORT","GOBP_NUCLEAR_TRANSPORT","310","-0.2815251843971622","-1.346791579176297","0.004347368869167153940247","0.089194746036048142002","0.0518819522649155775995","2650","tags=23%, list=19%, signal=19%","PRKCD/SSB/PTPN11/CSE1L/NCBP2/ANP32A/SHH/NUP62CL/ALKBH5/TNPO3/FERMT1/LSG1/NUP205/DMAP1/SMURF1/PABPN1/EMD/HNRNPA2B1/APPL1/NXT1/KPNA1/NUP88/NMD3/KPNA4/POM121/YWHAE/CPSF6/CABP1/KPNA3/CAMK1/NCBP1/RANBP1/XBP1/HHEX/NCBP3/SIX2/CDKN2A/RBM33/GAS6/RAE1/DESI1/MAGOH/STRADB/EIF6/MAGOHB/HSPA9/THOC1/XPOT/NUP58/CDKN1B/YWHAB/PHB2/NOS3/AXIN1/STK4/SEH1L/UBE2I/IPO8/SMG5/EI24/NUP42/ZPR1/RBM10/ING1/PKIG/UFM1/SMO/SEM1/XPO4/PCID2/IPO5/SYK","0.4070179189239539"
"GOBP_HORMONE_MEDIATED_SIGNALING_PATHWAY","GOBP_HORMONE_MEDIATED_SIGNALING_PATHWAY","170","0.3128387244412432","1.346333617452858","0.039725254687990194102376","0.282758432406720494612","0.1644722379353926455803","3060","tags=31%, list=22%, signal=24%","VDR/DAB2/ESRRB/DDRGK1/NR3C1/CYP24A1/WBP2/PRMT2/AR/MN1/AKR1C3/PPARA/PAQR8/NR1H3/KLF2/SNAI2/LATS1/JAK2/TGIF1/PML/EP300/UFL1/TRIM24/FOXP1/STRN3/HMGA2/ABHD2/NODAL/ZMIZ1/NR3C2/CREBRF/SMARCA4/KMT2D/TRERF1/GNAQ/KANK2/CYP26A1/UBR5/PPARD/RHOA/TADA3/KDM1A/DHRS3/KDM3A/ACTN4/MED1/NR1D1/CDK12/NCOA4/SP100/KDM4C/CALR","0.3217759180753611"
"GOBP_RHO_PROTEIN_SIGNAL_TRANSDUCTION","GOBP_RHO_PROTEIN_SIGNAL_TRANSDUCTION","121","0.3291282990260309","1.345308317538898","0.047038327526132406308790","0.308056550411335894335","0.1791874068106670270240","2674","tags=30%, list=19%, signal=24%","ROBO1/ARHGEF3/HEG1/SH3BP4/SRGAP1/KANK1/CDC42EP4/OPHN1/STARD8/CDC42EP3/ARRB1/PRAG1/ITGA3/ARHGAP27/NGFR/ARHGAP1/AKAP13/ABL2/GNA13/APOE/RACGAP1/ARHGDIA/F11R/ARHGAP5/SEMA4D/KANK2/ARHGEF28/SCAI/FERMT2/CDH13/RIPOR1/RHOA/ARHGEF10/NET1/CELSR1/CDC42SE2","0.2765005992544716"
"GOBP_VESICLE_LOCALIZATION","GOBP_VESICLE_LOCALIZATION","202","0.3065081368428779","1.345278767167541","0.020614994954648861030799","0.204351193165828171061","0.1188650601104147552789","3782","tags=37%, list=27%, signal=27%","CADPS2/SNAP25/MAP2/CCDC186/BAIAP3/TMEM230/MX1/FNBP1L/TANC2/SYNJ1/EXOC6B/STARD3/NLGN1/MLPH/UNC13B/NLGN2/MAP4K2/MX2/RAB11A/KIF5B/WIPI1/TRAK2/TFG/RASGRP1/KIF5C/TBC1D23/ARFGAP3/KIF13A/KIF16B/SLC2A4/KIF1B/SHROOM2/ARL6/BTBD8/KIFAP3/MYO1C/NAGLU/PDCD6IP/BLOC1S6/DCTN1/FYCO1/RAB11B/BBS4/CTNNB1/SYT11/SPG11/EXOC6/DTNBP1/SNAP29/TRIM46/DNM3/MYO5C/ACTN4/DYNC1I1/MYO5A/GBF1/DNM1/AP3B1/CADPS/USO1/SAR1B/TRAPPC10/HTT/BBS7/BLOC1S5/EXOC4/RAB27A/VPS4B/AP1M2/C17orf75/PINK1/TRAPPC13/CLASP2/CHMP2A/PTEN","0.3524878575836192"
"GOBP_STRESS_FIBER_ASSEMBLY","GOBP_STRESS_FIBER_ASSEMBLY","98","0.3376428755571076","1.344620705633818","0.046551724137931037306171","0.307850974257767640019","0.1790678292272304128474","2423","tags=29%, list=18%, signal=24%","TPM1/AMOT/CCN2/SORBS1/SYNPO/NF2/ARRB1/FHDC1/ACTG1/PTGER4/ITGB5/SLC9A1/RHPN2/TACSTD2/RAPGEF3/CARMIL1/MYL9/PDLIM1/F11R/ALMS1/SMAD3/FHOD3/LUZP1/TGFB3/FERMT2/BBS4/RHOA/ARHGEF10","0.2765005992544716"
"GOBP_TISSUE_HOMEOSTASIS","GOBP_TISSUE_HOMEOSTASIS","204","0.3060138789472702","1.344154607805534","0.022284985462388127996913","0.211387799697345613037","0.1229580465294537600096","2365","tags=25%, list=17%, signal=21%","TUBA1A/EXT1/NT5E/RAC2/SLC2A1/CCN2/CLN8/ESRRB/PRDX5/COL2A1/IL7/LAMC1/UBASH3B/TPP1/DMD/PLEKHM1/VCL/NF1/MTF1/ACTG1/PBLD/VPS13B/PERP/EPG5/TJP3/CDH3/FRAS1/P2RX7/LIPA/RAC3/SOX9/LDB1/GPR137B/POC1B/NFIB/F11R/FOXC1/CTSK/BBS10/FOSL2/ADAM8/SOD1/TRAF6/PRICKLE1/CD2AP/NAGLU/TNFAIP3/BBS4/CUBN/SASH3/PRRC1/CTNNB1","0.3524878575836192"
"GOBP_KERATINOCYTE_DIFFERENTIATION","GOBP_KERATINOCYTE_DIFFERENTIATION","108","0.3295578113682186","1.343626593006956","0.048903878583473864294362","0.310634797914164928478","0.1806870973172676198004","3044","tags=35%, list=22%, signal=28%","KRT6A/CD109/KRT5/VDR/KRT14/AKR1C3/KRT75/UGCG/TFAP2C/ASAH1/WNT5A/LATS1/INTU/CDH3/FLG/ABCA12/FLNB/PLAAT4/MAFB/MSX2/FOXC1/FOSL2/SFN/BCL11B/OVOL2/DSP/MACROH2A2/RBPJ/PALLD/ZFP36L1/PLEC/MED1/KRT36/TMEM79/HRNR/AQP3/IRF6/KRT16","0.2663506570885256"
"GOBP_POSITIVE_REGULATION_OF_NERVOUS_SYSTEM_DEVELOPMENT","GOBP_POSITIVE_REGULATION_OF_NERVOUS_SYSTEM_DEVELOPMENT","200","0.3076955043759692","1.343469557266037","0.024298618750197571725113","0.219811852153592113268","0.1278580693092203068861","1551","tags=17%, list=11%, signal=15%","ROBO1/CLSTN2/TIAM1/EFNA5/SLITRK5/MAN2A1/ATXN1/TIAM2/DAG1/EPHB2/BMPR2/TENM4/WNT7A/PLXNB3/NPTN/GLI3/NTRK2/MAP6/MAP1B/LRRN1/STAU2/FLRT3/NLGN1/FN1/HIF1A/PLXNC1/NLGN2/WDR62/TPBG/AMIGO2/UFL1/SEMA4A/LRP2/NLGN3","0.3524878575836192"
"GOBP_REGULATION_OF_SMALL_GTPASE_MEDIATED_SIGNAL_TRANSDUCTION","GOBP_REGULATION_OF_SMALL_GTPASE_MEDIATED_SIGNAL_TRANSDUCTION","284","0.2958085215965697","1.343187691806665","0.016958051726149205029603","0.183856160854928063486","0.1069437044781863799248","2674","tags=27%, list=19%, signal=22%","ROBO1/TIAM1/ARHGEF3/AUTS2/AMOT/ARHGAP18/HEG1/TIAM2/TGFB2/KALRN/KANK1/DAG1/RASGRF1/EPHB2/OPHN1/STARD8/PSD3/ITGAV/ARRB1/ARHGEF9/SRGAP2/PRAG1/ARHGEF17/NOTCH2/FGD5/NF1/ITGA3/DAB2IP/ARHGAP27/CHN2/WNT5A/MYO9A/DEF6/MAPRE2/PSD2/ALS2/ARHGAP1/AKAP13/ABL2/GNA13/RASGRP1/APOE/RTN4/RACGAP1/SQSTM1/ARHGDIA/SRGAP3/F11R/NGEF/RALGAPA2/ARHGAP5/ARHGAP25/ARFGEF1/OBSCN/IQSEC1/RALGPS1/ITSN1/SEMA4D/KANK2/FAM13A/CD2AP/ARHGEF28/SCAI/FERMT2/RIPOR1/NUP62/SGSM3/SOS1/ARHGEF10/RASAL1/NET1/SIPA1L3/TGM2/FGD3/TRIO/CDC42SE2","0.3524878575836192"
"GOBP_REGULATION_OF_RESPONSE_TO_WOUNDING","GOBP_REGULATION_OF_RESPONSE_TO_WOUNDING","120","0.3279869355782791","1.342459290971485","0.036691364461088893378360","0.268638487984766749506","0.1562590828445423740689","1796","tags=24%, list=13%, signal=21%","THBS1/CD109/PROS1/KREMEN1/CAV1/KANK1/EPHB2/STAT3/UBASH3B/PTPRF/FOXA2/GRN/ACTG1/ANXA2/CEACAM1/PDGFB/PLAU/INPP5F/TSPAN8/F3/APOE/PROC/KIAA0319/LRIG2/EDN1/ENPP4/IL10/ARFGEF1/PTPRS","0.3217759180753611"
"GOBP_REGULATION_OF_PATTERN_RECOGNITION_RECEPTOR_SIGNALING_PATHWAY","GOBP_REGULATION_OF_PATTERN_RECOGNITION_RECEPTOR_SIGNALING_PATHWAY","152","0.3205009849215479","1.342416066285345","0.039767451132874651054117","0.282758432406720494612","0.1644722379353926455803","2370","tags=29%, list=17%, signal=24%","DDX60/APP/IFI35/CARD8/SMPDL3B/PJA2/ZDHHC9/DAB2IP/SEC14L1/PTPN22/NR1H3/SMPDL3A/LATS1/NAGK/LAMP2/FBXL2/PCBP2/BIRC2/P2RX7/HCFC2/CD14/RTN4/NEK7/TKFC/SQSTM1/RAB7B/GRAMD4/ZDHHC12/PUM1/BIRC3/HSPA1A/ZNRF1/PTPRS/PPT1/LTF/TARBP2/HSPA1B/TREM2/TNFAIP3/ANKRD17/MAVS/TSPAN6/TRIM65/WDFY1","0.3217759180753611"
"GOBP_REGULATION_OF_PROTEIN_SECRETION","GOBP_REGULATION_OF_PROTEIN_SECRETION","196","0.3055249044736710","1.340336500585824","0.023981350105103202419166","0.218801741108540087621","0.1272705175155252610431","2750","tags=28%, list=20%, signal=23%","SAA1/EFNA5/GJA5/ACVR1C/SYTL4/WLS/KLF7/TGFB2/RAB11FIP5/SNAP25/BAIAP3/CCN3/FOXA2/UCP2/NR1H3/REST/PTPN23/KCNN4/HIF1A/JAK2/ACSL4/UNC13B/NLGN2/RAPGEF3/SLC2A2/ABCA12/P2RX7/ABAT/PARD6A/APOE/STXBP4/RHBDF2/POFUT4/HMGCR/MCU/IL6ST/AACS/ADAM8/IL1B/TREM2/CD2AP/TGFB3/PPARD/PFKL/PRKACB/ARFIP1/GOLPH3L/PRKACA/MYO18A/PRKCE/PLA2G6/FOXO1/OXCT1/SEC24A/NR0B2","0.3524878575836192"
"GOBP_INORGANIC_ANION_TRANSPORT","GOBP_INORGANIC_ANION_TRANSPORT","105","0.3372070007228293","1.339923861752145","0.049403747870528105790022","0.311733796043179800517","0.1813263521052765059327","2316","tags=26%, list=17%, signal=22%","SLC26A9/VDR/SLC1A3/SLC4A11/SLC4A8/SLC12A6/SLC26A2/TMC4/ANO10/ATP8B1/APOL1/UCP2/ANO4/TG/SLC26A6/OSTM1/ANO1/ENPP1/SLC12A7/RACGAP1/ANO8/CLCN4/CLIC3/ANKH/OCA2/GLRA1/SLC37A1","0.2663506570885256"
"GOBP_REGULATION_OF_AXONOGENESIS","GOBP_REGULATION_OF_AXONOGENESIS","116","0.3271560615892394","1.338110949066432","0.046192171213346046310111","0.307850974257767640019","0.1790678292272304128474","1458","tags=18%, list=11%, signal=16%","ROBO1/TIAM1/EFNA5/TIAM2/CDH1/EPHB2/MAP2/FGF13/BMPR2/WNT7A/PLXNB3/NTRK2/DIP2B/MAP6/MAP1B/WNT5A/FN1/PLXNC1/TRAK2/RTN4/KIAA0319","0.3217759180753611"
"GOBP_LEUKOCYTE_CHEMOTAXIS","GOBP_LEUKOCYTE_CHEMOTAXIS","137","0.3197333340405313","1.337988942256314","0.036945856031113555317802","0.269686183270329393746","0.1568684962820981187992","2397","tags=28%, list=17%, signal=23%","THBS1/NEDD9/SAA1/ITGB2/APP/RAC2/PTPRJ/TGFB2/LGALS9/TRPV4/CCL2/CCN3/CXCR1/EDN2/CCL28/WNT5A/ADAM10/PERP/PDGFB/CXCR2/PIP5K1C/C3AR1/MTUS1/MCU/PIKFYVE/EDN1/IL10/GPSM3/ADAM8/HSD3B7/C5/IL1B/CX3CL1/MMP28/EDN3/CCL24/CAMK1D/CXCR4","0.3217759180753611"
"GOBP_LEUKOCYTE_MIGRATION","GOBP_LEUKOCYTE_MIGRATION","241","0.3004897007827444","1.336530595572016","0.017152758014347006809697","0.184967835852775680516","0.1075903330267907881401","3082","tags=34%, list=22%, signal=27%","THBS1/NEDD9/SAA1/EXT1/TNFRSF18/ITGB2/APP/RAC2/PTPRJ/TGFB2/LGALS9/SELPLG/TRPV4/ITGA6/GBA1/CCL2/CCN3/CXCR1/ITGA3/EDN2/CCL28/PTGER4/FER/WNT5A/ADAM10/PERP/ECM1/GCNT1/PDGFB/CXCR2/ABL2/PIP5K1C/C3AR1/STK10/RAC3/MMP14/RTN4/MTUS1/PLCB1/MCU/PIKFYVE/EDN1/F11R/IL10/MSN/GPSM3/MYH9/ADAM8/MED23/HSD3B7/C5/ARTN/IL1B/CX3CL1/SPNS2/MIA3/TREM2/MMP28/EDN3/CCL24/RHOA/CAMK1D/CXCR4/SOS1/CHST2/HMOX1/IL27RA/ABCC1/DAPK2/PLEC/CKLF/GBF1/LYST/SIRPA/CXADR/C3/GOLPH3/TACR1/P4HB/CALR/ANO6","0.3524878575836192"
"GOBP_CEREBRAL_CORTEX_DEVELOPMENT","GOBP_CEREBRAL_CORTEX_DEVELOPMENT","106","0.3356160980429899","1.334490314153353","0.045493967116938295591755","0.306514548395475705522","0.1782904697315824960047","2572","tags=31%, list=19%, signal=26%","TUBA1A/ROBO1/SLC2A1/MCPH1/TUBB2B/FGF13/SRGAP2/GLI3/NF1/NTRK2/DAB2IP/TFAP2C/HIF1A/KCNA2/TUBB2A/WDR62/RTN4/BTBD3/PLCB1/MBOAT7/EOMES/ZMIZ1/TACC1/PTPRS/WDR47/BMERB1/PEX13/BBS4/ASPM/RHOA/CTNNB1/KDM1A/PHACTR1","0.3217759180753611"
"GOBP_IMPORT_ACROSS_PLASMA_MEMBRANE","GOBP_IMPORT_ACROSS_PLASMA_MEMBRANE","159","0.3131890339495419","1.332761120597820","0.036511198901335750743868","0.268068030695794323748","0.1559272646696951702960","1756","tags=23%, list=13%, signal=20%","THBS1/ATP2B4/SLC1A3/SLC2A1/KCNJ10/CLN8/PRNP/SLC16A2/TRPV4/SLC5A3/SLC12A6/ATP1A1/DLG1/SLC6A6/ARL6IP5/SLC9A2/AKAP5/SLC1A5/CACNA1D/SLC9A1/KCNN4/SLC39A11/SLC36A1/FXYD5/SLC2A3/NEDD4L/SLC22A4/ATP1B1/SLC24A1/ANK2/SLC12A7/SLC9A6/LRP2/SLC60A2/KCNJ5/PCSK9","0.3217759180753611"
"GOBP_REGULATION_OF_PROTEOLYSIS","GOBP_REGULATION_OF_PROTEOLYSIS","362","0.2827964214689266","1.322124394248039","0.010454205971933513974470","0.139832224630116241926","0.0813362796102880397653","2816","tags=25%, list=20%, signal=21%","THBS1/TIMP3/FURIN/RUNX1/SERPINB1/APP/FBXO32/DAB2/CLN8/PRNP/CLU/DDRGK1/CAV1/GBA1/OPHN1/PLGRKT/GRN/GSN/PSMF1/DAB2IP/NR1H3/SVIP/AXIN2/TGFB1I1/LATS1/EGF/ANXA2/PERP/ECM1/CST3/CCBE1/TANK/PML/C2CD3/PSME1/TBC1D10A/MMP14/PLAU/APOE/UFL1/ALAD/LRIG2/ASPH/TIMP2/STYX/IL10/CSNK2A1/TMTC3/HSPA1A/GLG1/SUFU/MYH9/PSMB1/HFE/ADAM8/PRMT6/NFE2L1/RNFT2/MARCHF7/PRICKLE1/CNTN2/DDA1/IL1B/RAD23A/HSPA1B/TREM2/HIPK2/VTN/MAP1A/PRKACB/SNX33/UBQLN4/AQP11/NKD2/PRKACA/USP38/HPN/CASP8/PLK1/CDC20/TNFRSF1B/QRICH2/SOCS5/COP1/PIAS1/BAG6/RBX1/RHOBTB3/WDR20/SERPINE2/CTSZ","0.3807304007227924"
"GOBP_PROTEIN_PROCESSING","GOBP_PROTEIN_PROCESSING","186","0.3040348420089038","1.320205320606589","0.032391560641013311672154","0.250400971695626695102","0.1456508576788876907493","2865","tags=30%, list=21%, signal=24%","THBS1/ADAM19/FURIN/BACE2/ECEL1/RUNX1/PRNP/TMPRSS2/KLK3/PLGRKT/TMPRSS3/CASP4/GSN/GLI3/CTSH/KLK6/ADAM10/DYNC2H1/ANXA2/NCSTN/CASP9/CCBE1/ATG4A/ACE/P2RX7/C2CD3/KLK1/CSTL1/MMP14/PLAU/F3/ERO1B/MAFB/CASP7/PCSK9/GLG1/MYH9/ADAM8/CNTN2/ATG4C/NAGLU/PRKACB/PCSK5/CPM/NKD2/PRKACA/HPN/CASP8/CPD/FAM111A/PIK3C3/SERPINE2/CTSZ/SPRTN/PTCH1","0.3217759180753611"
"GOBP_ANTIMICROBIAL_PEPTIDE_BIOSYNTHETIC_PROCESS","GOBP_ANTIMICROBIAL_PEPTIDE_BIOSYNTHETIC_PROCESS","1","0.9955199075077679","1.316168346373499","0.010772962192558830502032","0.141247118092131973555","0.0821592813936730670399","63","tags=100%, list=0%, signal=100%","KLK7","0.3807304007227924"
"GOBP_MYELOID_LEUKOCYTE_MIGRATION","GOBP_MYELOID_LEUKOCYTE_MIGRATION","129","0.3176436357282673","1.315114556300901","0.046471600688468159279232","0.307850974257767640019","0.1790678292272304128474","2331","tags=28%, list=17%, signal=23%","THBS1/SAA1/ITGB2/APP/RAC2/PTPRJ/TGFB2/TRPV4/CCL2/CCN3/CXCR1/EDN2/CCL28/PTGER4/PERP/PDGFB/CXCR2/PIP5K1C/C3AR1/RAC3/MMP14/RTN4/MTUS1/PLCB1/MCU/PIKFYVE/EDN1/ADAM8/C5/IL1B/CX3CL1/TREM2/MMP28/EDN3/CCL24/CAMK1D","0.2765005992544716"
"GOBP_CALCIUM_ION_TRANSMEMBRANE_TRANSPORT","GOBP_CALCIUM_ION_TRANSMEMBRANE_TRANSPORT","225","0.2949497664218594","1.314555382410816","0.036822371860488679884416","0.269326170012818999489","0.1566590871916417881948","2263","tags=23%, list=16%, signal=19%","CEMIP/CAMK2D/TRPM6/APP/ATP2B4/PRNP/JPH2/CAV1/TRPV4/PLCB4/GRIN2B/CALM2/UBASH3B/ITGAV/DMD/AKAP6/ORAI3/PLCE1/UCP2/RGS9/AKAP5/CACNA1D/KCNN4/MICU1/P2RX7/PML/ERO1A/ATP1B1/FKBP1A/SLC24A1/ANK2/ATP2A2/PLCB1/ASPH/MCU/EDN1/GRIN2D/CACNB3/SELENON/CACNG4/CHRNA7/FKBP1C/CACNA1S/CALHM1/CX3CL1/SLC24A3/P2RX6/TMEM165/PLCB3/PDE4D/TMEM37","0.3217759180753611"
"GOBP_LEUKOCYTE_CELL_CELL_ADHESION","GOBP_LEUKOCYTE_CELL_CELL_ADHESION","301","0.2872466293078144","1.312435679773923","0.023018928025309637330764","0.215209257839267337209","0.1251808759864873610290","2161","tags=23%, list=16%, signal=20%","EXT1/CD24/NT5E/ITGB2/CD46/RUNX1/RAC2/PRNP/LGALS9/CD70/CAV1/TNFRSF21/SELPLG/TNFSF9/IL7/HAS2/LGALS1/DLG1/DUSP3/CCL2/GLI3/FLOT2/IL15/PPARA/PTPN22/BMP4/CCL28/MALT1/PSMB9/TMEM131L/GCNT1/JAK2/ABL2/ARID1A/TNIP1/RASGRP1/STK10/TNFSF4/EP300/UFL1/ZBTB1/TGFBR2/CD83/F11R/CD44/HAVCR2/IL10/EZR/ZMIZ1/MSN/IL6ST/ARID1B/CBLB/SHB/PSMB1/NFAT5/HFE/SMARCA4/PRKAR1A/ADAM8/MARCHF7/TRAF6/SEMA4D/IL1B/DUSP10/SOX12/B2M/MIA3/HLA-DOB/DAPL1","0.3524878575836192"
"GOBP_CELLULAR_RESPONSE_TO_CHEMICAL_STRESS","GOBP_CELLULAR_RESPONSE_TO_CHEMICAL_STRESS","268","0.2893155483677703","1.309085308462663","0.034211280860306725326581","0.256690633149181557382","0.1493093681831267061089","2152","tags=22%, list=16%, signal=19%","GPX2/TPM1/NLK/CAT/SLC2A1/SLC4A11/PRDX5/PRR5L/CAV1/TRPV4/SLC12A6/ATP1A1/PEX2/SLC25A24/FANCD2/ATP7A/NQO1/ARL6IP5/PCNA/ALDH3B1/KLF2/TET1/STAU2/FAS/ATG7/FER/HIF1A/TRIM21/MICU1/TP53INP1/PLEKHA1/OXR1/ABL2/MGAT3/PML/PEX12/ATP2A2/FOXP1/MAP3K5/KAT2B/PTPRK/ARNT/EDN1/SLC2A4/HSPA1A/NFAT5/SELENON/NFE2L1/PDK2/SOD1/RIPK1/GPX3/EIF2AK3/HSPA1B/PLA2R1/NAGLU/PEX13/TNFAIP3","0.3217759180753611"
"GOBP_AMINO_ACID_METABOLIC_PROCESS","GOBP_AMINO_ACID_METABOLIC_PROCESS","238","-0.2769466109303801","-1.307742462836901","0.031923525618690870575556","0.249793708320901475251","0.1452976304898446202607","2662","tags=27%, list=19%, signal=22%","PTS/TARS1/CRYM/ENOSF1/HARS1/GLUD1/THAP4/GCLM/ALDH18A1/MCRIP2/EPRS1/GATC/GLS2/CBS/GOT1/SLC38A1/CTH/SLC7A11/WARS1/PM20D1/NARS2/SARS1/FAH/PFAS/NARS1/FH/ASPG/EEF1E1/IARS1/AIMP2/PHGDH/DLD/RIDA/ATF4/MTRR/SEPHS2/MTHFD2L/UROC1/DLST/YARS1/GPT2/PSAT1/PLOD3/HIBADH/AGMAT/HSD17B10/NOS3/PCCA/CARS1/DPEP1/TH/ACAD8/ASNS/SMS/GARS1/MARS1/PSPH/ACAT1/ASS1/SHMT2/HNF4A/CARS2/ODC1/ABCC4","0.3217759180753611"
"GOBP_POSITIVE_REGULATION_OF_CELL_PROJECTION_ORGANIZATION","GOBP_POSITIVE_REGULATION_OF_CELL_PROJECTION_ORGANIZATION","292","0.2876865399218538","1.305160754679526","0.025242790563348025539847","0.223311069258948474703","0.1298934606623309839790","1399","tags=16%, list=10%, signal=15%","NEDD9/ROBO1/DPYSL3/TIAM1/EFNA5/FSCN1/AUTS2/RAC2/DLG4/TIAM2/ITGA6/CDC42EP4/EPHB2/TUBB2B/BMPR2/CDC42EP3/PTK7/DMD/PLEKHM1/PLXNB3/GRN/PLCE1/NPTN/NTRK2/DAB2IP/FNBP1L/MAP6/MAP1B/SCN1B/STAU2/RAB8B/NLGN1/NCKIPSD/WNT5A/FN1/PLXNC1/AP2A1/P2RX7/ABL2/DDR1/CARMIL1/FES/NCKAP1/NDRG4/APC/EP300/APOE","0.3524878575836192"
"GOBP_RESPONSE_TO_SUCROSE","GOBP_RESPONSE_TO_SUCROSE","1","0.9868487607486091","1.304704297482970","0.029384801365765853692347","0.240205277565438246601","0.1397203232059678335020","183","tags=100%, list=1%, signal=99%","PNPLA3","0.3524878575836192"
"GOBP_CYTOSKELETON_DEPENDENT_INTRACELLULAR_TRANSPORT","GOBP_CYTOSKELETON_DEPENDENT_INTRACELLULAR_TRANSPORT","206","0.2983317409655307","1.304256042731969","0.040257648953301125582804","0.284427338859752965039","0.1654429915815305851545","3550","tags=37%, list=26%, signal=28%","TUBA1A/APP/DST/CILK1/KIFBP/MAP2/CCDC186/TMEM230/FLOT2/FNBP1L/MAP6/MAP1B/TANC2/STAU2/DYNC1H1/HIF1A/DYNC2H1/INTU/TRIM58/KIF5B/NME7/ARMCX2/TRAK2/RASGRP1/KIF5C/APBA1/WDPCP/IFT70A/KIF13A/BICD1/KIF16B/KIF1B/ATG16L1/RAB27B/SOD1/FHIP1A/MYO19/PRICKLE1/PURA/KIFAP3/MYO1C/BLOC1S6/DCTN1/DYNC1I2/FYCO1/MAP1A/DYNC2LI1/IFT25/SPG11/HOOK2/DTNBP1/TRIM46/CCDC88A/MYO5C/ACTN4/DYNC1I1/TUBB/MYO5A/SYNE2/BBS12/AP3B1/ARL8B/ARMCX6/FHIP2A/HOOK1/ATG5/BORCS6/ARHGAP21/CDC42/HTT/BLOC1S5/DYNLL2/IFT70B/LCA5L/KXD1/CCDC88B/CLUAP1","0.2878571172551493"
"GOBP_POSITIVE_REGULATION_OF_CELL_CELL_ADHESION","GOBP_POSITIVE_REGULATION_OF_CELL_CELL_ADHESION","237","0.2930705542209256","1.303485976487804","0.031412231068634728636813","0.248255750001625696832","0.1444030455097624066063","2080","tags=23%, list=15%, signal=20%","ADAM19/CD24/ITGB2/KIF26B/CD46/RUNX1/MEGF10/LGALS9/CD70/CAV1/TNFSF9/IL7/HAS2/LGALS1/AFDN/CCL2/FOXA2/GLI3/FLOT2/IL15/PLPP3/MALT1/WNT5A/PTPN23/GCNT1/JAK2/CITED2/MAGI1/ABL2/ARID1A/RASGRP1/TNFSF4/EP300/ZBTB1/TGFBR2/CD83/F11R/CD44/HAVCR2/IL10/NODAL/ZMIZ1/IL6ST/ARID1B/SHB/NFAT5/SMARCA4/ADAM8/TRAF6/IL1B/DUSP10/SOX12/KIFAP3/B2M/CX3CL1","0.3217759180753611"
"GOBP_DISRUPTION_OF_CELLULAR_ANATOMICAL_STRUCTURE_IN_ANOTHER_ORGANISM","GOBP_DISRUPTION_OF_CELLULAR_ANATOMICAL_STRUCTURE_IN_ANOTHER_ORGANISM","1","0.9858371269600404","1.303366825112408","0.032442147097010154421781","0.250400971695626695102","0.1456508576788876907493","197","tags=100%, list=1%, signal=99%","DEFA5","0.3217759180753611"
"GOBP_IMMUNE_COMPLEX_CLEARANCE","GOBP_IMMUNE_COMPLEX_CLEARANCE","1","0.9857648674037142","1.303271291371654","0.032781852355800798759500","0.251285880950303575077","0.1461655832849381997374","198","tags=100%, list=1%, signal=99%","CLU","0.3217759180753611"
"GOBP_GLYCOPROTEIN_METABOLIC_PROCESS","GOBP_GLYCOPROTEIN_METABOLIC_PROCESS","310","0.2825561296726921","1.300830139399337","0.023139243238446339373526","0.215209257839267337209","0.1251808759864873610290","2479","tags=27%, list=18%, signal=23%","EXT1/BACE2/MAN2A1/GXYLT2/ST6GALNAC2/MGAT5/HYAL1/B3GNT2/COL2A1/C1GALT1C1/BMPR2/MAN2B1/CANT1/TET2/POMK/ATP7A/GALNT8/PLOD1/XYLT2/CHST15/GNS/LARGE2/FBXO2/CSGALNACT1/MANBA/TET1/ST6GALNAC3/B4GALT5/ACER2/GNPTAB/GALNT5/EXTL2/STT3B/HIF1A/ALG1L2/CST3/NCSTN/GCNT1/C1GALT1C1L/GNPTG/MGAT3/TNIP1/TRAK2/GALNT10/MAN1B1/MAN2B2/GALNT6/ABCA7/POFUT4/GLB1/PHLDA1/ALG10/GALNT7/PLCB1/TMEM59/CHST11/ST3GAL5/DSE/ARFGEF1/TMTC3/GLCE/SLC35B2/ST3GAL1/HEXB/B3GNT4/ADAMTS7/ENTPD5/ALG12/CHST14/NAGLU/ALG6/TMEM165/PPARD/GANC/AGA/HS3ST1/GFPT2/CTNNB1/TMEM106A/AQP11/MAGT1/GANAB/CHST2/FUT2","0.3524878575836192"
"GOBP_RESPONSE_TO_VIRUS","GOBP_RESPONSE_TO_VIRUS","332","0.2811445764868324","1.299969617576830","0.022157128611724644789982","0.210913794373468022059","0.1226823316170889272003","2947","tags=30%, list=21%, signal=24%","EXT1/DDX60/ITGB6/IFI27/IFIH1/TRIM5/HYAL1/CLU/LGALS9/NT5C2/CARD8/IFIT3/SENP7/SERINC5/NPC2/APOBEC3G/OAS1/GBP1/BST2/MORC3/ZNFX1/TOMM70/MX1/IFIT2/RNASE1/RTP4/IRF2/STMN1/IL15/PPARA/IFIT1/IFI6/MICA/APOBEC3F/PBLD/ATG7/HIF1A/RNASEL/EPG5/TRIM21/GBP3/TRIM6/PRF1/BNIP3L/HYAL3/ZBP1/PCBP2/MX2/IFNAR1/ISG20/TANK/PML/HCFC2/TLR3/TNFSF4/ZNF175/TRIM38/APOBEC3H/RAB2B/HMGA2/DDX60L/ADARB1/NMI/ATG16L1/TRAF6/IL1B/TARBP2/CD2AP/SMAD3/TNFAIP3/ITGB8/ZDHHC11/CD40/MARCHF2/MAVS/TRIM65/IFNGR1/CXCR4/IL10RB/BECN1/SMPD1/MOV10/IVNS1ABP/HYAL2/DHX58/VWCE/IRF9/GBF1/G3BP1/PARP9/SLC38A8/MAPK14/AKAP1/IFNGR2/LYST/ADAR/UBL7/ZC3HAV1/CXADR","0.3524878575836192"
"GOBP_DNA_TEMPLATED_TRANSCRIPTION_INITIATION","GOBP_DNA_TEMPLATED_TRANSCRIPTION_INITIATION","233","-0.2750692637732333","-1.297849139021968","0.041171382247006636789788","0.288358485303769729313","0.1677296234877690972453","2813","tags=28%, list=20%, signal=23%","GTF2E1/MED21/TTF1/TAF6/ELOC/GTF3C5/PPP2CA/CDK7/EGR1/TBPL1/NAT14/INTS1/MED8/MED11/RRN3/USP21/POLR2D/ELOA/POLR2M/TAF10/TAF1C/MYC/POLR1H/TAF13/CEBPA/TAF9/GTF2H1/RPS3/POLR1B/POLR3D/DHX36/NOC2L/POLR1C/INTS10/TAF1B/POLR3H/KDM5A/TAF3/POLR2F/POLR3K/INTS6/POLR2H/POLR3E/INTS8/POLR1F/XPA/INTS13/POLR2J/GTF3C2/WDR5/TFB2M/TFAM/TAF4B/POLR1G/ZNHIT1/CDK4/PAXIP1/INTS15/PRMT3/MED4/CRCP/MED22/POLR1D/HMGB1/GTF2F2","0.3217759180753611"
"GOBP_REGULATION_OF_ENDOCYTOSIS","GOBP_REGULATION_OF_ENDOCYTOSIS","231","0.2903484478453297","1.297353527679849","0.039853400670854681464572","0.282947457548795244797","0.1645821882837464333882","2601","tags=28%, list=19%, signal=23%","APP/DAB2/DYSF/PTPRJ/CLU/DLG4/CAV1/OPHN1/FCGR2A/STAT3/ITGAV/ARRB1/CCL2/RUFY2/IL15/NR1H3/ACTG1/MCTP1/NLGN1/WNT5A/EGF/ANXA2/AP2B1/AP2A1/ABL2/HPCA/APLN/NEDD4L/DLL1/WDR54/APOE/CD14/ABCA7/BTBD9/BICD1/LRSAM1/IQSEC1/PCSK9/CBLB/PPT1/HFE/PACSIN2/ITSN1/ZFYVE16/SOD1/TBC1D5/UNC119/B2M/NEU3/TREM2/VTN/VPS28/CDH13/CAMK1D/SNX33/BMP2K/SGSM3/SYT11/NTF3/SMPD1/PRKACA/MYO18A/DTNBP1/AXL/TGM2","0.3217759180753611"
"GOBP_PATTERN_SPECIFICATION_PROCESS","GOBP_PATTERN_SPECIFICATION_PROCESS","353","0.2786532024033438","1.296430845896594","0.014721712839109894060963","0.168470444952305092867","0.0979942874609684572151","2528","tags=26%, list=18%, signal=22%","EXT1/ROBO1/WNT11/TBC1D32/WLS/FOLR1/MLLT3/BHLHE40/MED12/AR/ACVR1/HOXB8/BMPR2/WNT7A/NKD1/HOXB2/ZEB1/FOXA2/HES2/FGFR2/DAAM2/NOTCH2/GLI3/FRS2/LFNG/ARL13B/BMP4/OSR2/DOP1B/AXIN2/PGAP1/MSX1/WNT5A/HIF1A/DYNC2H1/TBX3/INTU/CITED2/SMAD6/TGIF1/NME7/C2CD3/NCKAP1/NDRG4/APC/DLL1/CC2D2A/EP300/PPP2R3A/LDB1/NKX3-2/HIPK1/ASPH/TGFBR2/LRP2/MAFB/RNF2/EOMES/MSX2/EDN1/PLXNA2/HOXB3/BICC1/HOXB7/NODAL/DNAH5/FOXC1/WNT6/ARL6/SATB2/SUFU/SHROOM3/NRP2/PIERCE1/PRICKLE1/RNF111/STIL/HIPK2/SMAD3/OVOL2/BBS4/DYNC2LI1/PCSK5/CTNNB1/IFT25/TCAP/SKI/PBX2/EFNB1/FOXF1/RBPJ","0.3807304007227924"
"GOBP_ALCOHOL_METABOLIC_PROCESS","GOBP_ALCOHOL_METABOLIC_PROCESS","262","0.2869310214800998","1.295360591498765","0.040650406504065039747786","0.286159808279049299173","0.1664507179298519434774","2793","tags=27%, list=20%, signal=22%","ALDH1A3/LEPR/SPTLC3/CAT/DAB2/LDLR/CLN8/TM7SF2/NPC2/CYP24A1/GBA1/PTAFR/AKR1C3/TTC39B/CYP3A7/INSIG2/APOL1/LSS/DHRS7/PLPP3/ALDH3B1/REST/IDH1/INPP4B/SYNJ1/IDH3B/ASAH1/STARD3/AKR1C1/ACER2/DKK3/MSMO1/MINPP1/APOL2/ACLY/HMGCS1/ACSS2/LIPA/APOE/ISYNA1/TKFC/HMGCR/PLCB1/VLDLR/MVK/PCSK9/CEL/NFE2L1/SCP2/HSD17B7/ERLIN1/ALDH3A2/PPARD/CUBN/SULT1A2/FMO5/SMPD1/PRKACA/SEC14L2/GK5/MECP2/DHRS3/COQ2/SQLE/ABCA5/LIMA1/SRD5A3/PLPP2/DGAT1/NR0B2/ERLIN2","0.2878571172551493"
"GOBP_MUSCLE_CELL_DEVELOPMENT","GOBP_MUSCLE_CELL_DEVELOPMENT","143","0.3134775142901488","1.294010195674861","0.047368421052631580481229","0.308056550411335894335","0.1791874068106670270240","2573","tags=29%, list=19%, signal=24%","TPM1/MEGF10/ADM/MYORG/KRT19/DMD/AKAP6/TOMM70/PPARA/BMP4/PROX1/ACTG1/TBX3/CSRP2/TNNT1/AKAP13/MYL9/ANK2/ATP2A2/SORBS2/MYBPH/FOXP1/EDN1/HDAC9/SGCB/OBSCN/CAV2/SELENON/PRKAR1A/PRICKLE1/LMNA/CACNA1S/CFLAR/ACTN1/NAGLU/FHOD3/TMEM182/TCAP/SKI/SPG11/KDM1A/SIX4","0.2765005992544716"
"GOBP_EPIDERMAL_CELL_DIFFERENTIATION","GOBP_EPIDERMAL_CELL_DIFFERENTIATION","166","0.3019482522470154","1.285727934875820","0.042833607907743001530498","0.295452344389170395988","0.1718559120282852625827","2978","tags=32%, list=22%, signal=25%","KRT6A/MYCN/CD109/KRT5/VDR/KLF7/KRT14/AKR1C3/KRT75/UGCG/REST/BMP4/TFAP2C/ASAH1/WNT5A/LATS1/SEC24B/INTU/CDH3/FLG/ABCA12/FLNB/DLX3/DLL1/MYCL/WDPCP/PLAAT4/MAFB/MSX2/ANKRD24/FOXC1/FOSL2/SOD1/SFN/BCL11B/OVOL2/DSP/CTNNB1/MACROH2A2/NHERF1/RBPJ/PALLD/ZFP36L1/PLEC/MED1/KRT36/TMEM79/PTCH1/HRNR/AQP3/IRF6/FGFR1/ESRP1","0.2820133500117251"
"GOBP_ALPHA_AMINO_ACID_METABOLIC_PROCESS","GOBP_ALPHA_AMINO_ACID_METABOLIC_PROCESS","162","-0.2895880282762149","-1.279858347194591","0.037908019567181365505615","0.273452400274433848892","0.1590591935990375016541","1073","tags=17%, list=8%, signal=16%","DLD/RIDA/ATF4/MTRR/SEPHS2/MTHFD2L/UROC1/DLST/GPT2/PSAT1/PLOD3/HIBADH/AGMAT/HSD17B10/NOS3/DPEP1/TH/ACAD8/ASNS/SMS/PSPH/ACAT1/ASS1/SHMT2/HNF4A/ODC1/ABCC4","0.3217759180753611"
"GOBP_NEGATIVE_REGULATION_OF_DEFENSE_RESPONSE","GOBP_NEGATIVE_REGULATION_OF_DEFENSE_RESPONSE","214","0.2918374474565211","1.279385084390648","0.040467791831469999974669","0.285356866089287952715","0.1659836701471961162291","3163","tags=33%, list=23%, signal=26%","SAA1/FURIN/NT5E/RORA/LDLR/LGALS9/NT5C2/GBA1/PRMT2/OAS1/MACIR/STAT3/SMPDL3B/CCN3/GRN/PPARA/NR1H3/MICA/DTX4/IL22RA1/PTGER4/NECTIN2/CEACAM1/TRIM21/PCBP2/ASH1L/CST7/AHR/TRIM38/APOE/PROC/RHBDF2/ARNT/HAVCR2/IL10/MVK/NMI/PRKAR1A/SOD1/IL1B/SFN/DUSP10/TARBP2/CX3CL1/TREM2/SMAD3/TNFAIP3/NECTIN4/PPARD/EIF4E2/TRIM65/SYT11/IL10RB/FOXF1/USP38/TNFRSF1B/SOCS5/PPP1R13L/DHX58/PLK2/MAPK14/NR1D1/ADAR/SIRPA/IL1RAP/SOCS3/ATG5/MICB/IL37/MKRN2","0.3217759180753611"
"GOBP_DEFENSE_RESPONSE_TO_VIRUS","GOBP_DEFENSE_RESPONSE_TO_VIRUS","254","0.2840606776021770","1.270118453482497","0.039747252943254429702336","0.282758432406720494612","0.1644722379353926455803","1419","tags=19%, list=10%, signal=17%","DDX60/IFI27/IFIH1/TRIM5/NT5C2/CARD8/IFIT3/SENP7/SERINC5/APOBEC3G/OAS1/GBP1/BST2/MORC3/ZNFX1/TOMM70/MX1/IFIT2/RNASE1/RTP4/IRF2/IL15/PPARA/IFIT1/IFI6/MICA/APOBEC3F/PBLD/ATG7/RNASEL/EPG5/TRIM21/GBP3/TRIM6/PRF1/BNIP3L/ZBP1/PCBP2/MX2/ISG20/TANK/PML/HCFC2/TLR3/ZNF175/TRIM38/APOBEC3H/RAB2B","0.3217759180753611"
"GOBP_MYELOID_CELL_DIFFERENTIATION","GOBP_MYELOID_CELL_DIFFERENTIATION","384","0.2682992280292028","1.269851977536265","0.033268244021890915063100","0.252682143082909649312","0.1469777477736840531897","2164","tags=22%, list=16%, signal=19%","NEDD9/TNFRSF11B/RUNX1/CD109/APP/ITGB6/RAC2/SH3PXD2A/PTPRJ/LGALS9/NR3C1/NBEAL2/GBA1/TGFBR3/FASN/HOXB8/STAT3/UBASH3B/PKNOX1/EPAS1/TET2/NOTCH2/GLUL/NF1/UCP2/IL15/BMP4/KLF2/SLC1A5/PTBP3/ATP6AP1/TOB2/HIF1A/KAT7/ANXA2/CEACAM1/CASP9/JAK2/MITF/CSF2/TESC/CITED2/OSTM1/TRIM58/MAF/PML/FES/LIPA/TLR3/DLL1/EP300/UFL1/LDB1/FOXP1/RACGAP1/GPR137B/RAB7B/TGFBR2/MAFB/ARNT/HOXB7/IL6ST/ALAS2/HSPA1A/SMIM1/MYH9/FOSL2/PRMT6/NFE2L1/LTF/CDKN2B/TRAF6/RIPK1/IL1B/CFLAR/HSPA1B/B2M/CDC73/TREM2/ACTN1/HIPK2/NAGLU/ITGB8","0.3217759180753611"
"GOBP_DNA_REPLICATION","GOBP_DNA_REPLICATION","302","-0.2633722232416926","-1.268182098434710","0.030795873898957305814239","0.246062081549094507915","0.1431270532905202785834","2996","tags=25%, list=22%, signal=20%","RPA3/TOPBP1/POLE4/RUVBL1/UBE2V2/RCHY1/CAMSAP3/TTF1/ELOC/RAD50/USP1/GTPBP4/CIZ1/ACTL6A/MUS81/MAD2L2/TOP1MT/GRWD1/SAMHD1/TSPYL2/BRCA2/LIG3/EME2/FAAP20/GLI1/POLL/PTK6/WRNIP1/GEN1/UBE2B/BAZ1A/RECQL/CDC34/TOP1/CCNE1/USP10/ESCO1/SET/ING5/DDX11/METTL4/SLFN11/XRCC3/PRIM1/AIRIM/SSBP1/DBF4/SSRP1/WDR18/NOC3L/CHEK1/DNAJA3/MCM7/CDKN1B/TWNK/RFC2/RNASEH1/NFRKB/DNAJC2/EGFR/POLA1/PTMS/RFC3/RBBP8/POLD2/ZPR1/ORC5/TBRG1/LRWD1/EREG/RBBP7/OBI1/JADE3/CUL4A","0.3524878575836192"
"GOBP_MRNA_CATABOLIC_PROCESS","GOBP_MRNA_CATABOLIC_PROCESS","266","-0.2663360128566002","-1.267526716767597","0.032630965913491481733555","0.251285880950303575077","0.1461655832849381997374","3232","tags=31%, list=23%, signal=24%","DCP1B/POLR2G/PNN/YBX1/METTL16/DIS3L2/SRSF1/DDX6/FUS/TRAF2/PLEKHN1/LSM7/GTPBP2/ZCCHC7/NRDE2/CNOT6/CNOT11/HNRNPAB/LSM14B/PNPT1/PRKCD/SSB/EXOSC5/NCBP2/ZC3H12D/PAN2/ALKBH5/PKP3/ROCK2/MRTO4/LRPPRC/TIRAP/DXO/SNRPE/NOCT/EXOSC4/RBM38/LSM10/GTPBP1/LSM1/SUPV3L1/SNW1/DCPS/EXOSC2/ZC3H12C/DHX36/CPSF2/SNRPF/YTHDF1/UPF3B/FXR2/PIWIL2/METTL3/RNPS1/NCBP1/IGF2BP3/SECISBP2/SND1/TENT4B/SLIRP/RBM33/ETF1/ERN1/RIDA/FASTKD3/TRAF5/RBM24/ZC3H14/MAGOH/CPSF3/MAGOHB/PAN3/YBX3/PIWIL1/QKI/LSM5/UPF3A/SMG5/TBRG4/RBM10/EXOSC8/DIS3","0.3217759180753611"
"GOBP_REGULATION_OF_NEUROGENESIS","GOBP_REGULATION_OF_NEUROGENESIS","277","0.2808429583040423","1.266987912505330","0.036478105085046348687872","0.268068030695794323748","0.1559272646696951702960","2634","tags=25%, list=19%, signal=21%","ROBO1/TIAM1/EFNA5/MYCN/MAN2A1/ATXN1/LDLR/LIN28A/TIAM2/BHLHE40/CDH1/DAG1/EPHB2/MAP2/FGF13/BMPR2/NF2/TENM4/WNT7A/PLXNB3/HES2/DAAM2/NPTN/GLI3/NF1/NTRK2/CTNNA1/REST/DIP2B/MAP6/MAP1B/STAU2/WNT5A/FN1/HIF1A/ANXA2/PLXNC1/TRAK2/WDR62/DLL1/UFL1/RTN4/KIAA0319/PRUNE1/LRP2/HMGA2/HOXB3/IL6ST/PTPRS/SEMA4D/IL1B/DUSP10/B2M/CX3CL1/TREM2/ZNF488/ASPM/MACF1/CTNNB1/CXCR4/SPINT1/DRAXIN/SKI/KDM1A/CUL7/RAPGEF2/TNFRSF1B/TGM2/TRIM46","0.3217759180753611"
"GOBP_CANONICAL_NF_KAPPAB_SIGNAL_TRANSDUCTION","GOBP_CANONICAL_NF_KAPPAB_SIGNAL_TRANSDUCTION","277","0.2803766381651367","1.264884167469602","0.036995516401312669718671","0.269699076605341592217","0.1568759959546838500533","2395","tags=25%, list=17%, signal=21%","RORA/TNFSF10/TLE1/TRIM5/WLS/LGALS9/DDRGK1/CARD8/CAV1/TGFBR3/APOL3/PRMT2/LGALS1/STAT3/BST2/CANT1/FLOT2/DAB2IP/SECTM1/ANXA4/MALT1/PBLD/WNT5A/CASP10/MAP3K3/TRIM62/ECM1/AKAP13/CREBBP/TANK/BIRC2/EDA/TNIP1/TFG/TLR3/EP300/FKBP1A/TRIM38/S100A4/UFL1/PRKCB/NKIRAS1/SQSTM1/CXXC5/SLCO3A1/BIRC3/SLC35B2/NFAT5/ADAM8/LTF/CARD19/TRAF6/CHRNA7/REL/RIPK1/IL1B/CFLAR/CC2D1A/CX3CL1/TREM2/TNFAIP3/OPTN/ANKRD17/CD40/MAVS/RHOA/TSPAN6/NUP62/TMEM106A","0.3217759180753611"
"GOBP_ESTABLISHMENT_OF_PROTEIN_LOCALIZATION_TO_ORGANELLE","GOBP_ESTABLISHMENT_OF_PROTEIN_LOCALIZATION_TO_ORGANELLE","422","-0.2520366991639587","-1.263264851261623","0.023493359054628151078026","0.215981065435164404365","0.1256298136944533350157","2500","tags=22%, list=18%, signal=18%","VPS4A/SHH/HERPUD1/BAP1/SEC61B/PEX5L/DNAJC19/PEX6/TNPO3/M6PR/FERMT1/VPS37C/BRCA2/TIMM8B/MON1A/VPS54/DMAP1/GZMB/VPS41/FZD5/TIMM10/SMURF1/RAB10/APPL1/IMMP1L/LAMP3/RAB7A/KPNA1/NUP88/TIMM13/CHCHD4/KPNA4/POM121/VPS36/YWHAE/MOAP1/RYR2/CABP1/KPNA3/PMPCA/ATG13/PARL/VPS37D/XBP1/SSR3/ZFAND2A/TIMM50/SIX2/CDKN2A/TIMM44/TOMM40/AGK/GRPEL1/TIMM10B/TIMM17B/DDIT3/HSPD1/ARIH2/SEC61A1/NUP58/GRPEL2/USP9X/YWHAB/PHB2/NOS3/CCT6A/STK4/TOMM34/NABP2/TOMM7/FIS1/CHMP4B/IPO8/MAN1A1/EI24/RALA/ZPR1/LAMP1/ING1/PKIG/UFM1/MIPEP/DNAJC15/SMO/LRWD1/PMPCB/SEC61G/MVB12B/PEX5/IPO5/SYK","0.3524878575836192"
"GOBP_PROTEIN_LOCALIZATION_TO_MEMBRANE","GOBP_PROTEIN_LOCALIZATION_TO_MEMBRANE","375","0.2714649635065565","1.260753657773676","0.025772153157542547485814","0.225273882489681914754","0.1310351712099533660894","1820","tags=17%, list=13%, signal=15%","CD24/CAMK2D/ITGB2/SCN3B/ATP2B4/GPC4/DAB2/PRNP/DLG4/CDH1/CAV1/CLTC/DAG1/WDR72/SLC5A3/LAMC1/SORBS1/EPHB2/AR/DLG1/GBP1/FGF13/ARL6IP5/GSN/ITGA3/FLOT2/ARL13B/AKAP5/RAB8B/NLGN1/ATP6AP1/ADAM10/JUP/AP2B1/TESC/SPTBN1/NLGN2/RAB11A/ABCA12/KIF5B/NME7/KCNIP3/DLG3/ANO1/TPBG/MMP14/ATP1B1/ALDH7A1/APOE/ANK2/RHBDF2/KIF13A/SQSTM1/TMEM59/GPR158/PGRMC1/F11R/EZR/NSF/CAMK2G/CACNB3/ARL6/EFR3A/HYCC2","0.3524878575836192"
"GOBP_CALCIUM_ION_TRANSPORT","GOBP_CALCIUM_ION_TRANSPORT","284","0.2759139393533350","1.252851693849200","0.045667735776339708764215","0.307115523095884523919","0.1786400389843098568399","2263","tags=22%, list=16%, signal=19%","CEMIP/CAMK2D/TRPM6/WFS1/APP/ATP2B4/VDR/PRNP/JPH2/CAV1/TRPV4/PLCB4/GRIN2B/CALM2/UBASH3B/ITGAV/DMD/ANXA6/OPRD1/AKAP6/CCL2/ORAI3/PLCE1/UCP2/RGS9/AKAP5/CACNA1D/KCNN4/EGF/MICU1/PDGFB/BSPRY/P2RX7/PML/ERO1A/ATP1B1/FKBP1A/STIM1/SLC24A1/ANK2/ATP2A2/PRKCB/PLCB1/ASPH/MCU/EDN1/GRIN2D/CAMK2G/CACNB3/SELENON/CACNG4/CHRNA7/FKBP1C/CACNA1S/CALHM1/CX3CL1/SLC24A3/P2RX6/TMEM165/PLCB3/PDE4D/TMEM37","0.3217759180753611"
"GOBP_REGULATION_OF_CELLULAR_COMPONENT_SIZE","GOBP_REGULATION_OF_CELLULAR_COMPONENT_SIZE","300","0.2733243570532087","1.249728649932072","0.049105747038528921311062","0.310675122596546615661","0.1807105529953137168508","2425","tags=22%, list=18%, signal=18%","RAB3B/EFNA5/KCNMA1/SSH2/AMOT/ARHGAP18/CLN8/KANK4/GPRC5B/CDH1/KANK1/IQGAP3/TRPV4/CDC42EP4/SEMA3A/SLC12A6/DLG1/MAP2/FGF13/BMPR2/CDC42EP3/DNAJC16/WNT7A/DAAM2/GSN/SPTAN1/DIP2B/MAP1B/VILL/FER/WNT5A/KCNN4/LATS1/FN1/ALS2/SPTBN1/RICTOR/P2RX7/SPTB/CARMIL1/NCKAP1/APOE/RTN4/KIAA0319/SLC12A7/EDN1/EZR/ARHGAP5/ARFGEF1/MSN/WASHC2C/PTPRS/KIRREL1/SEMA4D/CNTN2/KANK2/PLXNA4/BBS4/CCL24/SVIL/MACF1/RHOA/ARPC5/DRAXIN/AQP11","0.3217759180753611"
"GOBP_REGULATION_OF_PROTEIN_CATABOLIC_PROCESS","GOBP_REGULATION_OF_PROTEIN_CATABOLIC_PROCESS","362","0.2664490958292962","1.245697691616490","0.036939123790702542426967","0.269686183270329393746","0.1568684962820981187992","2834","tags=25%, list=20%, signal=21%","TIMP3/FURIN/VGLL4/CUL4B/APP/FBXO32/DAB2/LDLR/CLU/DDRGK1/CDH1/CAV1/GBA1/OPHN1/NKD1/FBXL20/NQO1/PSMF1/DAB2IP/FBXO2/SVIP/AXIN2/ATG7/WNT5A/MYLIP/ANXA2/CST3/FBXL5/RNF128/MGAT3/PSME1/APC/SOX9/APOE/UFL1/ALAD/PPP2R3A/LRIG2/HMGCR/LRP2/TIMP2/RGP1/STYX/IL10/EZR/NSF/DACT1/MSN/CSNK2A1/TMTC3/PCSK9/HSPA1A/CBLB/CREBRF/PSMB1/HFE/ADAM8/NFE2L1/RNFT2/MARCHF7/PRICKLE1/DDA1/IL1B/RAD23A/HSPA1B/TREM2/SMAD3/TNFAIP3/VPS28/MAP1A/MARCHF2/SNX33/SGSM3/PCSK5/UBQLN4/AQP11/NKD2/PRKACA/USP38/PLK1/CDC20/TNFRSF1B/FOXO1/SOCS5/COP1/PIAS1/BAG6/RBX1/BARD1/SERPINE2/PLK2","0.3217759180753611"
"GOBP_REGULATION_OF_TRANSMEMBRANE_TRANSPORT","GOBP_REGULATION_OF_TRANSMEMBRANE_TRANSPORT","300","0.2686938659344551","1.228556525073708","0.048543689320388348773516","0.310165399208317593693","0.1804140619387023525277","2126","tags=20%, list=15%, signal=17%","CEMIP/THBS1/CAMK2D/APP/ATP2B4/UTRN/PRNP/JPH2/SCN5A/CAV1/SORBS1/GRIN2B/CALM2/KCNS3/DLG1/UBASH3B/FGF13/DMD/AKAP6/ARL6IP5/TCAF2/UCP2/RGS9/SCN1B/AKAP5/CACNA1D/KCNN4/RNASEL/TESC/FXYD5/SLC26A6/ASPSCR1/P2RX7/PML/HPCA/KCNIP3/NEDD4L/ENPP1/ATP1B1/FKBP1A/STXBP4/STIM1/ANK2/MINK1/PRKCB/ASPH/EDN1/CTTNBP2NL/GRIN2D/CACNB3/PCSK9/SELENON/CACNG4/KCNS2/FKBP1C/IL1B/CALHM1/CX3CL1/SLMAP","0.2616635217115731"
"GOBP_FATTY_ACID_METABOLIC_PROCESS","GOBP_FATTY_ACID_METABOLIC_PROCESS","320","0.2666260741617852","1.227264471018316","0.042121684867394697249221","0.292876970355956722791","0.1703578929341842129741","2325","tags=24%, list=17%, signal=20%","MGLL/SGPL1/DECR1/PNPLA3/PTGR1/CAV1/CTHRC1/SCD5/FAAH2/CRAT/ACOXL/FASN/CYP2J2/AKR1C3/PEX2/EPHX1/INSIG2/PANK2/ACAT2/SLC27A2/PPARA/PDP1/ACACB/NR1H3/EDN2/ACBD5/ASAH1/AKR1C1/ACOX1/CEACAM1/ACSM3/AIG1/ACSL4/MSMO1/ACSL6/ACLY/TMEM135/CYP2S1/ACSS2/LIPA/SOX9/APOE/KAT2B/COMT/SCD/FMO4/HACL1/EDN1/UCP3/ABHD2/PDPR/EHHADH/AACS/NFE2L1/PDK2/DBI/CYP4F3/IL1B/SCP2/CBR1/SLC25A17/ECH1/PLA2G15/PEX13/ERLIN1/NUDT7/ALDH3A2/ELOVL7/FADS1/HSD17B8/HSD17B4/PPARD/FADS2/UBR4/MMUT/ECI2","0.2765005992544716"
NA,NA,NA,NA,NA,NA,NA,NA,NA,NA,"",NA
NA,NA,NA,NA,NA,NA,NA,NA,NA,NA,"",NA
NA,NA,NA,NA,NA,NA,NA,NA,NA,NA,"",NA
NA,NA,NA,NA,NA,NA,NA,NA,NA,NA,"",NA
NA,NA,NA,NA,NA,NA,NA,NA,NA,NA,"",NA
NA,NA,NA,NA,NA,NA,NA,NA,NA,NA,"",NA
NA,NA,NA,NA,NA,NA,NA,NA,NA,NA,"",NA
NA,NA,NA,NA,NA,NA,NA,NA,NA,NA,"",NA
NA,NA,NA,NA,NA,NA,NA,NA,NA,NA,"",NA
NA,NA,NA,NA,NA,NA,NA,NA,NA,NA,"",NA
NA,NA,NA,NA,NA,NA,NA,NA,NA,NA,"",NA
NA,NA,NA,NA,NA,NA,NA,NA,NA,NA,"",NA
NA,NA,NA,NA,NA,NA,NA,NA,NA,NA,"",NA
