"TF","Best_Rank","Mean_Rank","Library_Count","Best_P_Value","Best_Adjusted_P_Value","Best_Combined_Score","Library","Top_Terms","Rank","Score","Method","Method_Rank","Method_Score","Method_P_Value","Method_Adjusted_P_Value","Method_Direction","CheA3_Library_Count","CheA3_Libraries","CheA3_Integrated_TopRank","CheA3_Integrated_Score","CheA3_Integrated_Library"
"SUZ12","1","42.25000000000000","4","0.0000000000000000000000000000000000000000000000000000000004543606442232341","0.000000000000000000000000000000000000000000000000000000341224843811649","397.011490240681496288744","ChEA_2022(rank=1, adjP=3.41e-55); ENCODE_and_ChEA_Consensus_TFs_from_ChIP-X(rank=1, adjP=1.8e-38); ENCODE_TF_ChIP-seq_2015(rank=2, adjP=0.00013); Transcription_Factor_PPIs(rank=165, adjP=0.998)","SUZ12 20075857 ChIP-Seq MESCs Mouse; SUZ12 CHEA; SUZ12 NT2-D1 hg19; SUZ12","1","397.011490240681496288744","enrichr","1","397.011490240681496288744","0.0000000000000000000000000000000000000000000000000000000004543606442232341","0.000000000000000000000000000000000000000000000000000000341224843811649","","0","",NA,NA,NA
"EZH2","1","76.80000000000000","5","0.0000000000000000000000000000002271902925375286002582718591479842268261175","0.000000000000000000000000000028436651615947329769799976363255670080158","234.769034209817931468933","ENCODE_TF_ChIP-seq_2015(rank=1, adjP=1.15e-19); ChEA_2022(rank=5, adjP=2.84e-29); ENCODE_and_ChEA_Consensus_TFs_from_ChIP-X(rank=9, adjP=0.00711); Transcription_Factor_PPIs(rank=107, adjP=0.998); TRRUST_Transcription_Factors_2019(rank=262, adjP=0.555)","EZH2 B cell hg19; EZH2 18974828 ChIP-Seq MESCs Mouse; EZH2 CHEA; EZH2; EZH2 human","2","234.769034209817931468933","enrichr","2","234.769034209817931468933","0.0000000000000000000000000000002271902925375286002582718591479842268261175","0.000000000000000000000000000028436651615947329769799976363255670080158","","0","",NA,NA,NA
"NR0B1","1","121.66666666666667","3","0.0000000085609279912397485937268349471228334746086829909472726285457611084","0.000000139766454813501045117781385225541601613485909183509647846221924","34.926380848737338169485","Transcription_Factor_PPIs(rank=1, adjP=0.998); ChEA_2022(rank=46, adjP=1.4e-07); TRRUST_Transcription_Factors_2019(rank=318, adjP=0.574)","NR0B1; NR0B1 18358816 ChIP-ChIP MESCs Mouse; NR0B1 mouse","3","34.926380848737338169485","enrichr","3","34.926380848737338169485","0.0000000085609279912397485937268349471228334746086829909472726285457611084","0.000000139766454813501045117781385225541601613485909183509647846221924","","4","Literature--ChIP-seq(rank=15); Enrichr--Queries(rank=186); ARCHS4--Coexpression(rank=191); GTEx--Coexpression(rank=1044)","349","0.09146000000000000","Literature ChIP-seq,0.09146"
"SP1","1","200.75000000000000","4","0.0000001160494946182238985647242860040073697547313713585026562213897705078","0.000046071649363434876811411455843625617490033619105815887451171875000","37.291219848167465045208","TRRUST_Transcription_Factors_2019(rank=1, adjP=4.61e-05); Transcription_Factor_PPIs(rank=12, adjP=0.998); ENCODE_and_ChEA_Consensus_TFs_from_ChIP-X(rank=99, adjP=1); ENCODE_TF_ChIP-seq_2015(rank=691, adjP=1)","SP1 human; SP1; SP1 ENCODE; SP1 A549 hg19","4","37.291219848167465045208","enrichr","4","37.291219848167465045208","0.0000001160494946182238985647242860040073697547313713585026562213897705078","0.000046071649363434876811411455843625617490033619105815887451171875000","","5","ENCODE--ChIP-seq(rank=87); ReMap--ChIP-seq(rank=198); GTEx--Coexpression(rank=807); Enrichr--Queries(rank=1206); ARCHS4--Coexpression(rank=1417)","1201","0.50219999999999998","GTEx Coexpression,0.5022"
"MTF2","2","2.00000000000000","1","0.0000000000000000000000000000000000000000000000481357403872023706246275821","0.000000000000000000000000000000000000000000018074970515394487981768848","320.127865668943172750005","ChEA_2022(rank=2, adjP=1.81e-44)","MTF2 20144788 ChIP-Seq MESCs Mouse","5","320.127865668943172750005","enrichr","5","320.127865668943172750005","0.0000000000000000000000000000000000000000000000481357403872023706246275821","0.000000000000000000000000000000000000000000018074970515394487981768848","","3","Literature--ChIP-seq(rank=1); ARCHS4--Coexpression(rank=1323); GTEx--Coexpression(rank=1324)","26","0.00609800000000000","Literature ChIP-seq,0.006098"
"ATF4","2","2.00000000000000","1","0.0000125299450721182924998065716382100731607351917773485183715820312500000","0.002487194096815481276357973072776985645759850740432739257812500000000","78.259231597910400068940","TRRUST_Transcription_Factors_2019(rank=2, adjP=0.00249)","ATF4 human","6","78.259231597910400068940","enrichr","6","78.259231597910400068940","0.0000125299450721182924998065716382100731607351917773485183715820312500000","0.002487194096815481276357973072776985645759850740432739257812500000000","","4","ReMap--ChIP-seq(rank=8); GTEx--Coexpression(rank=105); Enrichr--Queries(rank=1175); ARCHS4--Coexpression(rank=1559)","118","0.02694000000000000","ReMap ChIP-seq,0.02694"
"MEIS1","2","48.00000000000000","2","0.0000050433541844997567413439246153394890370691427960991859436035156250000","0.000039854514569394270946493807894484007192659191787242889404296875000","19.577757706352091560120","Transcription_Factor_PPIs(rank=2, adjP=0.998); ChEA_2022(rank=94, adjP=3.99e-05)","MEIS1; MEIS1 26253404 ChIP-Seq OPTIC CUPS Mouse","7","19.577757706352091560120","enrichr","7","19.577757706352091560120","0.0000050433541844997567413439246153394890370691427960991859436035156250000","0.000039854514569394270946493807894484007192659191787242889404296875000","","5","Enrichr--Queries(rank=16); Literature--ChIP-seq(rank=30); ReMap--ChIP-seq(rank=58); GTEx--Coexpression(rank=114); ARCHS4--Coexpression(rank=509)","51","0.01140000000000000","Enrichr Queries,0.0114"
"SOX2","2","94.75000000000000","4","0.0000000000000000000000000000086046271536864187397352176483857946102618584","0.000000000000000000000000000923153570345500404761108910989954169695325","175.825755713925303780343","ENCODE_and_ChEA_Consensus_TFs_from_ChIP-X(rank=2, adjP=1.67e-05); ChEA_2022(rank=7, adjP=9.23e-28); Transcription_Factor_PPIs(rank=131, adjP=0.998); TRRUST_Transcription_Factors_2019(rank=239, adjP=0.555)","SOX2 CHEA; SOX2 20726797 ChIP-Seq SW620 Human; SOX2; SOX2 human","8","175.825755713925303780343","enrichr","8","175.825755713925303780343","0.0000000000000000000000000000086046271536864187397352176483857946102618584","0.000000000000000000000000000923153570345500404761108910989954169695325","","5","Literature--ChIP-seq(rank=2); ReMap--ChIP-seq(rank=48); GTEx--Coexpression(rank=167); Enrichr--Queries(rank=269); ARCHS4--Coexpression(rank=326)","55","0.01220000000000000","Literature ChIP-seq,0.0122"
"WT1","3","11.00000000000000","2","0.0000000000000000143595783193029609288162289440358194297648984091115773043","0.000000000000000567581227252448763250227884633726746569561279719129399","74.951113453215398862994","TRRUST_Transcription_Factors_2019(rank=3, adjP=0.00552); ChEA_2022(rank=19, adjP=5.68e-16)","WT1 human; WT1 25993318 ChIP-Seq PODOCYTE Human","9","74.951113453215398862994","enrichr","9","74.951113453215398862994","0.0000000000000000143595783193029609288162289440358194297648984091115773043","0.000000000000000567581227252448763250227884633726746569561279719129399","","4","Literature--ChIP-seq(rank=4); Enrichr--Queries(rank=157); GTEx--Coexpression(rank=329); ARCHS4--Coexpression(rank=384)","105","0.02439000000000000","Literature ChIP-seq,0.02439"
"REST","3","42.60000000000000","5","0.0000000003513150013279705321372496440646875440205754159705975325778126717","0.000000006943093842034362210906579403364713432011967597645707428455353","47.585694422461862984619","ENCODE_TF_ChIP-seq_2015(rank=3, adjP=0.00478); ENCODE_and_ChEA_Consensus_TFs_from_ChIP-X(rank=4, adjP=4.22e-05); TRRUST_Transcription_Factors_2019(rank=6, adjP=0.0157); ChEA_2022(rank=38, adjP=6.94e-09); Transcription_Factor_PPIs(rank=162, adjP=0.998)","REST HCT116 hg19; REST CHEA; REST human; REST 21632747 ChIP-Seq MESCs Mouse; REST","10","47.585694422461862984619","enrichr","10","47.585694422461862984619","0.0000000003513150013279705321372496440646875440205754159705975325778126717","0.000000006943093842034362210906579403364713432011967597645707428455353","","6","ENCODE--ChIP-seq(rank=2); Literature--ChIP-seq(rank=9); GTEx--Coexpression(rank=27); ReMap--ChIP-seq(rank=49); ARCHS4--Coexpression(rank=770); Enrichr--Queries(rank=1076)","75","0.01680000000000000","GTEx Coexpression,0.0168"
"FOXA1","3","101.50000000000000","4","0.0009797695326179472682937010574732994427904486656188964843750000000000000","0.003589302043883310557731425305405537073966115713119506835937500000000","31.106701956488109317434","Transcription_Factor_PPIs(rank=3, adjP=0.998); ENCODE_and_ChEA_Consensus_TFs_from_ChIP-X(rank=37, adjP=1); ENCODE_TF_ChIP-seq_2015(rank=161, adjP=1); ChEA_2022(rank=205, adjP=0.00359)","FOXA1; FOXA1 ENCODE; FOXA1 ECC-1 hg19; FOXA1 27197147 Chip-Seq ENDOMETRIOID-ADENOCARCINOMA Human","11","31.106701956488109317434","enrichr","11","31.106701956488109317434","0.0009797695326179472682937010574732994427904486656188964843750000000000000","0.003589302043883310557731425305405537073966115713119506835937500000000","","6","ReMap--ChIP-seq(rank=37); ENCODE--ChIP-seq(rank=43); Literature--ChIP-seq(rank=63); ARCHS4--Coexpression(rank=367); Enrichr--Queries(rank=398); GTEx--Coexpression(rank=703)","451","0.12460000000000000","ReMap ChIP-seq,0.1246"
"NFE2L2","3","125.50000000000000","4","0.0000000021871738593728836027735815160984861327264638930500950664281845093","0.000000040062623619244785695440113325316300318945650360547006130218506","41.878292064034283725960","ENCODE_and_ChEA_Consensus_TFs_from_ChIP-X(rank=3, adjP=3.51e-05); ChEA_2022(rank=40, adjP=4.01e-08); Transcription_Factor_PPIs(rank=115, adjP=0.998); TRRUST_Transcription_Factors_2019(rank=344, adjP=0.639)","NFE2L2 CHEA; NFE2L2 20460467 ChIP-Seq MEFs Mouse; NFE2L2; NFE2L2 mouse","12","41.878292064034283725960","enrichr","12","41.878292064034283725960","0.0000000021871738593728836027735815160984861327264638930500950664281845093","0.000000040062623619244785695440113325316300318945650360547006130218506","","5","Literature--ChIP-seq(rank=10); ARCHS4--Coexpression(rank=194); ReMap--ChIP-seq(rank=205); GTEx--Coexpression(rank=610); Enrichr--Queries(rank=706)","251","0.06098000000000000","Literature ChIP-seq,0.06098"
"EGR2","4","4.00000000000000","1","0.0000556661545851381932411769404289714202604955062270164489746093750000000","0.005524865842574965858757796155487085343338549137115478515625000000000","126.998014393128741517103","TRRUST_Transcription_Factors_2019(rank=4, adjP=0.00552)","EGR2 mouse","13","126.998014393128741517103","enrichr","13","126.998014393128741517103","0.0000556661545851381932411769404289714202604955062270164489746093750000000","0.005524865842574965858757796155487085343338549137115478515625000000000","","3","GTEx--Coexpression(rank=83); ARCHS4--Coexpression(rank=249); Enrichr--Queries(rank=412)","219","0.05165000000000000","GTEx Coexpression,0.05165"
"CBX8","4","4.00000000000000","1","0.0000427153356881201641493880916122805047052679583430290222167968750000000","0.008703249646454481666668634431971440790221095085144042968750000000000","14.656905018749231572883","ENCODE_TF_ChIP-seq_2015(rank=4, adjP=0.0087)","CBX8 K562 hg19","14","14.656905018749231572883","enrichr","14","14.656905018749231572883","0.0000427153356881201641493880916122805047052679583430290222167968750000000","0.008703249646454481666668634431971440790221095085144042968750000000000","","0","",NA,NA,NA
"CBFB","4","4.00000000000000","1","0.0367258065713816986286310850573499919846653938293457031250000000000000000","0.997973466142412224400004561175592243671417236328125000000000000000000","9.827631756796057160841","Transcription_Factor_PPIs(rank=4, adjP=0.998)","CBFB","15","9.827631756796057160841","enrichr","15","9.827631756796057160841","0.0367258065713816986286310850573499919846653938293457031250000000000000000","0.997973466142412224400004561175592243671417236328125000000000000000000","","0","",NA,NA,NA
"CBX2","5","28.50000000000000","2","0.0000000463425117118431468231704224193523433683594703325070440769195556641","0.000000669292813376811467104116580573158756806151359342038631439208984","37.136643186615707179499","ENCODE_TF_ChIP-seq_2015(rank=5, adjP=0.022); ChEA_2022(rank=52, adjP=6.69e-07)","CBX2 K562 hg19; CBX2 27304074 Chip-Seq ESCs Mouse","16","37.136643186615707179499","enrichr","16","37.136643186615707179499","0.0000000463425117118431468231704224193523433683594703325070440769195556641","0.000000669292813376811467104116580573158756806151359342038631439208984","","5","ENCODE--ChIP-seq(rank=1); ReMap--ChIP-seq(rank=2); ARCHS4--Coexpression(rank=1204); Enrichr--Queries(rank=1212); GTEx--Coexpression(rank=1420)","29","0.00673400000000000","ReMap ChIP-seq,0.006734"
"SMAD4","5","33.25000000000000","4","0.0000000005176128895784591286499049100498955067184425615778309293091297150","0.000000009967366155728797422358748638732128810602262092288583517074585","37.996436741481346643923","ENCODE_and_ChEA_Consensus_TFs_from_ChIP-X(rank=5, adjP=0.000195); TRRUST_Transcription_Factors_2019(rank=23, adjP=0.0418); ChEA_2022(rank=39, adjP=9.97e-09); Transcription_Factor_PPIs(rank=66, adjP=0.998)","SMAD4 CHEA; SMAD4 human; SMAD4 21741376 ChIP-Seq HESCs Human; SMAD4","17","37.996436741481346643923","enrichr","17","37.996436741481346643923","0.0000000005176128895784591286499049100498955067184425615778309293091297150","0.000000009967366155728797422358748638732128810602262092288583517074585","","5","ReMap--ChIP-seq(rank=12); Literature--ChIP-seq(rank=17); GTEx--Coexpression(rank=1211); Enrichr--Queries(rank=1256); ARCHS4--Coexpression(rank=1350)","176","0.04040000000000000","ReMap ChIP-seq,0.0404"
"CEBPB","5","40.20000000000000","5","0.0000050433541844997567413439246153394890370691427960991859436035156250000","0.000039854514569394270946493807894484007192659191787242889404296875000","40.585124805918745494182","TRRUST_Transcription_Factors_2019(rank=5, adjP=0.00684); Transcription_Factor_PPIs(rank=27, adjP=0.998); ENCODE_and_ChEA_Consensus_TFs_from_ChIP-X(rank=34, adjP=1); ENCODE_TF_ChIP-seq_2015(rank=42, adjP=1); ChEA_2022(rank=93, adjP=3.99e-05)","CEBPB human; CEBPB; CEBPB ENCODE; CEBPB HCT116 hg19; CEBPB 26923725 Chip-Seq HEMOGENIC-ENDOTHELIUM Mouse","18","40.585124805918745494182","enrichr","18","40.585124805918745494182","0.0000050433541844997567413439246153394890370691427960991859436035156250000","0.000039854514569394270946493807894484007192659191787242889404296875000","","6","ENCODE--ChIP-seq(rank=20); Literature--ChIP-seq(rank=95); ReMap--ChIP-seq(rank=118); GTEx--Coexpression(rank=519); ARCHS4--Coexpression(rank=540); Enrichr--Queries(rank=620)","563","0.16950000000000001","ENCODE ChIP-seq,0.1695"
"CEBPA","5","162.66666666666666","3","0.0299117589336647116127210210834164172410964965820312500000000000000000000","0.063730415149387154016835665970575064420700073242187500000000000000000","5.721299461561699217782","Transcription_Factor_PPIs(rank=5, adjP=0.998); TRRUST_Transcription_Factors_2019(rank=131, adjP=0.429); ChEA_2022(rank=352, adjP=0.0637)","CEBPA; CEBPA mouse; CEBPA 26348894 ChIP-Seq LIVER Mouse","19","5.721299461561699217782","enrichr","19","5.721299461561699217782","0.0299117589336647116127210210834164172410964965820312500000000000000000000","0.063730415149387154016835665970575064420700073242187500000000000000000","","5","Literature--ChIP-seq(rank=94); ReMap--ChIP-seq(rank=120); ARCHS4--Coexpression(rank=382); Enrichr--Queries(rank=637); GTEx--Coexpression(rank=858)","711","0.23460000000000000","ARCHS4 Coexpression,0.2346"
"SMAD3","6","36.00000000000000","3","0.0000006648475323052678370448266044479002090383801260031759738922119140625","0.000006747304010287241269239102287036402572084625717252492904663085938","26.903880884556656383211","Transcription_Factor_PPIs(rank=6, adjP=0.998); TRRUST_Transcription_Factors_2019(rank=28, adjP=0.0842); ChEA_2022(rank=74, adjP=6.75e-06)","SMAD3; SMAD3 human; SMAD3 22036565 ChIP-Seq ESCs Mouse","20","26.903880884556656383211","enrichr","20","26.903880884556656383211","0.0000006648475323052678370448266044479002090383801260031759738922119140625","0.000006747304010287241269239102287036402572084625717252492904663085938","","5","Literature--ChIP-seq(rank=33); ReMap--ChIP-seq(rank=41); GTEx--Coexpression(rank=277); Enrichr--Queries(rank=590); ARCHS4--Coexpression(rank=984)","487","0.13800000000000001","ReMap ChIP-seq,0.138"
"AR","6","60.75000000000000","4","0.0000001567975170070888919661292789514694945296469086315482854843139648438","0.000001962582254538729748644630690446177823105244897305965423583984375","26.572429877134204900813","ENCODE_and_ChEA_Consensus_TFs_from_ChIP-X(rank=6, adjP=0.000498); TRRUST_Transcription_Factors_2019(rank=11, adjP=0.0188); ChEA_2022(rank=60, adjP=1.96e-06); Transcription_Factor_PPIs(rank=166, adjP=0.998)","AR CHEA; AR human; AR 22383394 ChIP-Seq PROSTATE CANCER Human; AR","21","26.572429877134204900813","enrichr","21","26.572429877134204900813","0.0000001567975170070888919661292789514694945296469086315482854843139648438","0.000001962582254538729748644630690446177823105244897305965423583984375","","5","Literature--ChIP-seq(rank=26); ReMap--ChIP-seq(rank=39); Enrichr--Queries(rank=45); ARCHS4--Coexpression(rank=549); GTEx--Coexpression(rank=636)","141","0.03205000000000000","Enrichr Queries,0.03205"
"RAD21","6","106.25000000000000","4","0.0003121660438362402535152073657087612446048296988010406494140625000000000","0.005083799913859457682285825086410113726742565631866455078125000000000","11.263304963867678765155","ENCODE_TF_ChIP-seq_2015(rank=6, adjP=0.0424); ENCODE_and_ChEA_Consensus_TFs_from_ChIP-X(rank=17, adjP=0.104); Transcription_Factor_PPIs(rank=186, adjP=0.998); ChEA_2022(rank=216, adjP=0.00508)","RAD21 HCT116 hg19; RAD21 ENCODE; RAD21; RAD21 21589869 ChIP-Seq MESCs Mouse","22","11.263304963867678765155","enrichr","22","11.263304963867678765155","0.0003121660438362402535152073657087612446048296988010406494140625000000000","0.005083799913859457682285825086410113726742565631866455078125000000000","","0","",NA,NA,NA
"RNF2","6","174.00000000000000","3","0.0000000000000000000000000000002271902925375286002582718591479842268261175","0.000000000000000000000000000028436651615947329769799976363255670080158","234.769034209817931468933","ChEA_2022(rank=6, adjP=2.84e-29); Transcription_Factor_PPIs(rank=178, adjP=0.998); ENCODE_TF_ChIP-seq_2015(rank=338, adjP=1)","RNF2 18974828 ChIP-Seq MESCs Mouse; RNF2; RNF2 K562 hg19","23","234.769034209817931468933","enrichr","23","234.769034209817931468933","0.0000000000000000000000000000002271902925375286002582718591479842268261175","0.000000000000000000000000000028436651615947329769799976363255670080158","","0","",NA,NA,NA
"IRF6","7","7.00000000000000","1","0.0677349909238699199320876687124837189912796020507812500000000000000000000","0.997973466142412224400004561175592243671417236328125000000000000000000","15.456766702839376037559","Transcription_Factor_PPIs(rank=7, adjP=0.998)","IRF6","24","15.456766702839376037559","enrichr","24","15.456766702839376037559","0.0677349909238699199320876687124837189912796020507812500000000000000000000","0.997973466142412224400004561175592243671417236328125000000000000000000","","3","ARCHS4--Coexpression(rank=123); GTEx--Coexpression(rank=392); Enrichr--Queries(rank=599)","298","0.07555000000000001","ARCHS4 Coexpression,0.07555"
"TP53","7","107.00000000000000","4","0.0000000000036414388963002764358811271977714083512844833734334315522573888","0.000000000097668593254339535913553106616157928679400335170157632092014","60.417040466258256969923","ENCODE_and_ChEA_Consensus_TFs_from_ChIP-X(rank=7, adjP=0.000509); ChEA_2022(rank=28, adjP=9.77e-11); Transcription_Factor_PPIs(rank=185, adjP=0.998); TRRUST_Transcription_Factors_2019(rank=208, adjP=0.554)","TP53 CHEA; TP53 20018659 ChIP-ChIP R1E Mouse; TP53; TP53 human","25","60.417040466258256969923","enrichr","25","60.417040466258256969923","0.0000000000036414388963002764358811271977714083512844833734334315522573888","0.000000000097668593254339535913553106616157928679400335170157632092014","","5","Literature--ChIP-seq(rank=5); ReMap--ChIP-seq(rank=251); Enrichr--Queries(rank=999); GTEx--Coexpression(rank=1323); ARCHS4--Coexpression(rank=1363)","133","0.03049000000000000","Literature ChIP-seq,0.03049"
"NCOR1","7","313.25000000000000","4","0.0002776049584283522874209038100445923191728070378303527832031250000000000","0.015744166928007983369264266571008192840963602066040039062500000000000","188.446402577687791790595","TRRUST_Transcription_Factors_2019(rank=7, adjP=0.0157); Transcription_Factor_PPIs(rank=110, adjP=0.998); ENCODE_TF_ChIP-seq_2015(rank=533, adjP=1); ChEA_2022(rank=603, adjP=0.842)","NCOR1 human; NCOR1; NCOR1 K562 hg19; NCOR1 26117541 ChIP-Seq K562 Human","26","188.446402577687791790595","enrichr","26","188.446402577687791790595","0.0002776049584283522874209038100445923191728070378303527832031250000000000","0.015744166928007983369264266571008192840963602066040039062500000000000","","0","",NA,NA,NA
"ZEB1","8","33.00000000000000","3","0.0004408693204127309443404736377658537094248458743095397949218750000000000","0.017864117614876329209749883375479839742183685302734375000000000000000","83.399060471271141636862","TRRUST_Transcription_Factors_2019(rank=8, adjP=0.0179); ENCODE_TF_ChIP-seq_2015(rank=44, adjP=1); ENCODE_and_ChEA_Consensus_TFs_from_ChIP-X(rank=47, adjP=1)","ZEB1 human; ZEB1 HepG2 hg19; ZEB1 ENCODE","27","83.399060471271141636862","enrichr","27","83.399060471271141636862","0.0004408693204127309443404736377658537094248458743095397949218750000000000","0.017864117614876329209749883375479839742183685302734375000000000000000","","5","ENCODE--ChIP-seq(rank=19); GTEx--Coexpression(rank=125); Enrichr--Queries(rank=156); ARCHS4--Coexpression(rank=160); ReMap--ChIP-seq(rank=231)","305","0.07778000000000000","GTEx Coexpression,0.07778"
"LMX1B","8","100.50000000000000","2","0.0677349909238699199320876687124837189912796020507812500000000000000000000","0.551624241114669344732135414233198389410972595214843750000000000000000","15.456766702839376037559","Transcription_Factor_PPIs(rank=8, adjP=0.998); TRRUST_Transcription_Factors_2019(rank=193, adjP=0.552)","LMX1B; LMX1B human","28","15.456766702839376037559","enrichr","28","15.456766702839376037559","0.0677349909238699199320876687124837189912796020507812500000000000000000000","0.551624241114669344732135414233198389410972595214843750000000000000000","","3","ARCHS4--Coexpression(rank=51); GTEx--Coexpression(rank=119); Enrichr--Queries(rank=189)","137","0.03133000000000000","ARCHS4 Coexpression,0.03133"
"TP63","8","149.25000000000000","4","0.0000000000046393800021311609419802518901986004709950273117158303648466244","0.000000000116139146053349993127369427278191638466808832674814766505733","44.822704643024131598850","ENCODE_and_ChEA_Consensus_TFs_from_ChIP-X(rank=8, adjP=0.00241); ChEA_2022(rank=30, adjP=1.16e-10); Transcription_Factor_PPIs(rank=204, adjP=0.998); TRRUST_Transcription_Factors_2019(rank=355, adjP=0.639)","TP63 CHEA; TP63 23658742 ChIP-Seq EP156T Human; TP63; TP63 human","29","44.822704643024131598850","enrichr","29","44.822704643024131598850","0.0000000000046393800021311609419802518901986004709950273117158303648466244","0.000000000116139146053349993127369427278191638466808832674814766505733","","5","Literature--ChIP-seq(rank=13); Enrichr--Queries(rank=40); ReMap--ChIP-seq(rank=134); ARCHS4--Coexpression(rank=143); GTEx--Coexpression(rank=401)","124","0.02849000000000000","Enrichr Queries,0.02849"
"ERG","9","81.75000000000000","4","0.0009520146296663764898249304735600162530317902565002441406250000000000000","0.003504720523918865987544890572280564811080694198608398437500000000000","15.456766702839376037559","Transcription_Factor_PPIs(rank=9, adjP=0.998); ENCODE_and_ChEA_Consensus_TFs_from_ChIP-X(rank=38, adjP=1); TRRUST_Transcription_Factors_2019(rank=76, adjP=0.318); ChEA_2022(rank=204, adjP=0.0035)","ERG; ERG CHEA; ERG mouse; ERG 21242973 ChIP-ChIP JURKAT Human","30","15.456766702839376037559","enrichr","30","15.456766702839376037559","0.0009520146296663764898249304735600162530317902565002441406250000000000000","0.003504720523918865987544890572280564811080694198608398437500000000000","","5","Literature--ChIP-seq(rank=48); GTEx--Coexpression(rank=128); ARCHS4--Coexpression(rank=165); ReMap--ChIP-seq(rank=199); Enrichr--Queries(rank=292)","310","0.07965000000000000","GTEx Coexpression,0.07965"
"SP3","10","60.50000000000000","2","0.0004499777736744667820667498148168306215666234493255615234375000000000000","0.017864117614876329209749883375479839742183685302734375000000000000000","22.070727212139292561233","TRRUST_Transcription_Factors_2019(rank=10, adjP=0.0179); Transcription_Factor_PPIs(rank=111, adjP=0.998)","SP3 human; SP3","31","22.070727212139292561233","enrichr","31","22.070727212139292561233","0.0004499777736744667820667498148168306215666234493255615234375000000000000","0.017864117614876329209749883375479839742183685302734375000000000000000","","3","GTEx--Coexpression(rank=1013); Enrichr--Queries(rank=1266); ARCHS4--Coexpression(rank=1537)","1392","0.63039999999999996","GTEx Coexpression,0.6304"
"STAT2","10","65.00000000000000","2","0.0010183213180237527147042886355166046996600925922393798828125000000000000","0.080183896087805350827437678162823431193828582763671875000000000000000","13.829974188115810918021","ENCODE_TF_ChIP-seq_2015(rank=10, adjP=0.0802); TRRUST_Transcription_Factors_2019(rank=120, adjP=0.395)","STAT2 K562 hg19; STAT2 human","32","13.829974188115810918021","enrichr","32","13.829974188115810918021","0.0010183213180237527147042886355166046996600925922393798828125000000000000","0.080183896087805350827437678162823431193828582763671875000000000000000","","5","ENCODE--ChIP-seq(rank=4); ReMap--ChIP-seq(rank=22); ARCHS4--Coexpression(rank=56); Enrichr--Queries(rank=346); GTEx--Coexpression(rank=1102)","149","0.03390000000000000","ENCODE ChIP-seq,0.0339"
"GATA1","10","71.40000000000001","5","0.0000008339680709391218228480782519163039268050852115266025066375732421875","0.000008240921332569480618019872042445683746336726471781730651855468750","23.304365788287451977112","ENCODE_and_ChEA_Consensus_TFs_from_ChIP-X(rank=10, adjP=0.00818); TRRUST_Transcription_Factors_2019(rank=37, adjP=0.13); ChEA_2022(rank=76, adjP=8.24e-06); ENCODE_TF_ChIP-seq_2015(rank=107, adjP=1); Transcription_Factor_PPIs(rank=127, adjP=0.998)","GATA1 CHEA; GATA1 human; GATA1 19941827 ChIP-Seq MEL Mouse; GATA1 K562 hg19; GATA1","33","23.304365788287451977112","enrichr","33","23.304365788287451977112","0.0000008339680709391218228480782519163039268050852115266025066375732421875","0.000008240921332569480618019872042445683746336726471781730651855468750","","6","Literature--ChIP-seq(rank=25); ENCODE--ChIP-seq(rank=37); ReMap--ChIP-seq(rank=181); ARCHS4--Coexpression(rank=526); GTEx--Coexpression(rank=667); Enrichr--Queries(rank=821)","524","0.15240000000000001","Literature ChIP-seq,0.1524"
"RUNX3","10","265.66666666666669","3","0.0677349909238699199320876687124837189912796020507812500000000000000000000","0.317836349765623527030555806049960665404796600341796875000000000000000","15.456766702839376037559","Transcription_Factor_PPIs(rank=10, adjP=0.998); TRRUST_Transcription_Factors_2019(rank=82, adjP=0.318); ENCODE_TF_ChIP-seq_2015(rank=705, adjP=1)","RUNX3; RUNX3 mouse; RUNX3 GM12878 hg19","34","15.456766702839376037559","enrichr","34","15.456766702839376037559","0.0677349909238699199320876687124837189912796020507812500000000000000000000","0.317836349765623527030555806049960665404796600341796875000000000000000","","5","ENCODE--ChIP-seq(rank=96); GTEx--Coexpression(rank=159); ReMap--ChIP-seq(rank=190); ARCHS4--Coexpression(rank=370); Enrichr--Queries(rank=421)","377","0.09894000000000000","GTEx Coexpression,0.09894"
"PRDM1","11","86.66666666666667","3","0.0390299773270700520177989290004916256293654441833496093750000000000000000","0.262625440658420472583856053461204282939434051513671875000000000000000","27.935737234091121194979","Transcription_Factor_PPIs(rank=11, adjP=0.998); TRRUST_Transcription_Factors_2019(rank=58, adjP=0.263); ENCODE_TF_ChIP-seq_2015(rank=191, adjP=1)","PRDM1; PRDM1 human; PRDM1 HeLa-S3 hg19","35","27.935737234091121194979","enrichr","35","27.935737234091121194979","0.0390299773270700520177989290004916256293654441833496093750000000000000000","0.262625440658420472583856053461204282939434051513671875000000000000000","","5","ENCODE--ChIP-seq(rank=42); ReMap--ChIP-seq(rank=54); Enrichr--Queries(rank=358); ARCHS4--Coexpression(rank=543); GTEx--Coexpression(rank=769)","594","0.18179999999999999","ReMap ChIP-seq,0.1818"
"HIF1A","12","85.33333333333333","3","0.0001045605377238847081980757658392633402399951592087745666503906250000000","0.000541551474694050268346434684474388632224872708320617675781250000000","24.061657024426839512898","TRRUST_Transcription_Factors_2019(rank=12, adjP=0.0188); Transcription_Factor_PPIs(rank=99, adjP=0.998); ChEA_2022(rank=145, adjP=0.000542)","HIF1A human; HIF1A; HIF1A 21447827 ChIP-Seq MCF-7 Human","36","24.061657024426839512898","enrichr","36","24.061657024426839512898","0.0001045605377238847081980757658392633402399951592087745666503906250000000","0.000541551474694050268346434684474388632224872708320617675781250000000","","5","Literature--ChIP-seq(rank=43); GTEx--Coexpression(rank=77); ReMap--ChIP-seq(rank=92); ARCHS4--Coexpression(rank=134); Enrichr--Queries(rank=927)","205","0.04792000000000000","GTEx Coexpression,0.04792"
"RELA","13","73.50000000000000","4","0.0000083663354703334624426231541649556788797781337052583694458007812500000","0.000058720728394583459523823482095750136977585498243570327758789062500","19.616441133832232424083","TRRUST_Transcription_Factors_2019(rank=13, adjP=0.0322); ENCODE_and_ChEA_Consensus_TFs_from_ChIP-X(rank=48, adjP=1); ChEA_2022(rank=107, adjP=5.87e-05); ENCODE_TF_ChIP-seq_2015(rank=126, adjP=1)","RELA human; RELA ENCODE; RELA 24523406 ChIP-Seq FIBROSARCOMA Human; RELA GM12878 hg19","37","19.616441133832232424083","enrichr","37","19.616441133832232424083","0.0000083663354703334624426231541649556788797781337052583694458007812500000","0.000058720728394583459523823482095750136977585498243570327758789062500","","6","Literature--ChIP-seq(rank=28); ENCODE--ChIP-seq(rank=32); ReMap--ChIP-seq(rank=234); GTEx--Coexpression(rank=517); Enrichr--Queries(rank=1012); ARCHS4--Coexpression(rank=1162)","567","0.17069999999999999","Literature ChIP-seq,0.1707"
"JARID2","13","75.50000000000000","2","0.0000000000000000000000560737717489280499623251643863641915655540910109230","0.000000000000000000003239338660264997403885591997229058677411367340538","152.888367487350450346639","ChEA_2022(rank=13, adjP=3.24e-21); Transcription_Factor_PPIs(rank=138, adjP=0.998)","JARID2 20064375 ChIP-Seq MESCs Mouse; JARID2","38","152.888367487350450346639","enrichr","38","152.888367487350450346639","0.0000000000000000000000560737717489280499623251643863641915655540910109230","0.000000000000000000003239338660264997403885591997229058677411367340538","","0","",NA,NA,NA
"NANOG","13","111.59999999999999","5","0.0000002495761321326975446794726575666656387397779326420277357101440429688","0.000003072650413633702026267773346757117280958482297137379646301269531","25.208102526615206784300","ENCODE_and_ChEA_Consensus_TFs_from_ChIP-X(rank=13, adjP=0.0399); ChEA_2022(rank=61, adjP=3.07e-06); TRRUST_Transcription_Factors_2019(rank=122, adjP=0.42); Transcription_Factor_PPIs(rank=141, adjP=0.998); ENCODE_TF_ChIP-seq_2015(rank=221, adjP=1)","NANOG CHEA; NANOG 16518401 ChIP-PET MESCs Mouse; NANOG human; NANOG; NANOG H1-hESC hg19","39","25.208102526615206784300","enrichr","39","25.208102526615206784300","0.0000002495761321326975446794726575666656387397779326420277357101440429688","0.000003072650413633702026267773346757117280958482297137379646301269531","","6","ReMap--ChIP-seq(rank=4); Literature--ChIP-seq(rank=14); ENCODE--ChIP-seq(rank=68); ARCHS4--Coexpression(rank=511); Enrichr--Queries(rank=562); GTEx--Coexpression(rank=939)","60","0.01347000000000000","ReMap ChIP-seq,0.01347"
"PHF8","13","233.00000000000000","3","0.0940279491716215637397979776324064005166292190551757812500000000000000000","0.249966533297296539251064473319274839013814926147460937500000000000000","7.188416387553182573811","Transcription_Factor_PPIs(rank=13, adjP=0.998); ENCODE_TF_ChIP-seq_2015(rank=236, adjP=1); ChEA_2022(rank=450, adjP=0.25)","PHF8; PHF8 H1-hESC hg19; PHF8 20622853 ChIP-Seq HELA Human","40","7.188416387553182573811","enrichr","40","7.188416387553182573811","0.0940279491716215637397979776324064005166292190551757812500000000000000000","0.249966533297296539251064473319274839013814926147460937500000000000000","","0","",NA,NA,NA
"KLF4","14","58.75000000000000","4","0.0000070867633980691315033506073872704433824765146709978580474853515625000","0.000051671449630581716284515730874815631068486254662275314331054687500","28.759699608418287652967","TRRUST_Transcription_Factors_2019(rank=14, adjP=0.0322); ENCODE_and_ChEA_Consensus_TFs_from_ChIP-X(rank=27, adjP=1); Transcription_Factor_PPIs(rank=91, adjP=0.998); ChEA_2022(rank=103, adjP=5.17e-05)","KLF4 human; KLF4 CHEA; KLF4; KLF4 19829295 ChIP-Seq ESCs Human","41","28.759699608418287652967","enrichr","41","28.759699608418287652967","0.0000070867633980691315033506073872704433824765146709978580474853515625000","0.000051671449630581716284515730874815631068486254662275314331054687500","","5","Literature--ChIP-seq(rank=46); ReMap--ChIP-seq(rank=145); GTEx--Coexpression(rank=283); Enrichr--Queries(rank=331); ARCHS4--Coexpression(rank=349)","579","0.17610000000000001","GTEx Coexpression,0.1761"
"TCF12","14","87.50000000000000","2","0.0034949368193464879286946889180853759171441197395324707031250000000000000","0.177133786336858889409739958864520303905010223388671875000000000000000","8.274252391155696884084","ENCODE_TF_ChIP-seq_2015(rank=14, adjP=0.177); Transcription_Factor_PPIs(rank=161, adjP=0.998)","TCF12 SK-N-SH hg19; TCF12","42","8.274252391155696884084","enrichr","42","8.274252391155696884084","0.0034949368193464879286946889180853759171441197395324707031250000000000000","0.177133786336858889409739958864520303905010223388671875000000000000000","","5","ENCODE--ChIP-seq(rank=3); ReMap--ChIP-seq(rank=102); ARCHS4--Coexpression(rank=306); GTEx--Coexpression(rank=740); Enrichr--Queries(rank=888)","110","0.02542000000000000","ENCODE ChIP-seq,0.02542"
"TCF3","14","120.20000000000000","5","0.0000000028951523974570840655545181808322441341374542389530688524246215820","0.000000050564173267215595728021415924957615573021030286327004432678223","35.178157896738234455825","ENCODE_and_ChEA_Consensus_TFs_from_ChIP-X(rank=14, adjP=0.0461); ChEA_2022(rank=43, adjP=5.06e-08); Transcription_Factor_PPIs(rank=89, adjP=0.998); ENCODE_TF_ChIP-seq_2015(rank=113, adjP=1); TRRUST_Transcription_Factors_2019(rank=342, adjP=0.633)","TCF3 CHEA; TCF3 18347094 ChIP-ChIP MESCs Mouse; TCF3; TCF3 myocyte mm9; TCF3 human","43","35.178157896738234455825","enrichr","43","35.178157896738234455825","0.0000000028951523974570840655545181808322441341374542389530688524246215820","0.000000050564173267215595728021415924957615573021030286327004432678223","","6","Literature--ChIP-seq(rank=8); ENCODE--ChIP-seq(rank=24); ReMap--ChIP-seq(rank=114); GTEx--Coexpression(rank=1207); Enrichr--Queries(rank=1248); ARCHS4--Coexpression(rank=1461)","207","0.04878000000000000","Literature ChIP-seq,0.04878"
"DMRT1","14","131.00000000000000","2","0.0030271106324687093065695098204059831914491951465606689453125000000000000","0.009166774536225809344447412740919389761984348297119140625000000000000","38.488911018624740734140","Transcription_Factor_PPIs(rank=14, adjP=0.998); ChEA_2022(rank=248, adjP=0.00917)","DMRT1; DMRT1 23473982 ChIP-Seq TESTES Mouse","44","38.488911018624740734140","enrichr","44","38.488911018624740734140","0.0030271106324687093065695098204059831914491951465606689453125000000000000","0.009166774536225809344447412740919389761984348297119140625000000000000","","4","Literature--ChIP-seq(rank=54); Enrichr--Queries(rank=490); ARCHS4--Coexpression(rank=821); GTEx--Coexpression(rank=1112)","908","0.32929999999999998","Literature ChIP-seq,0.3293"
"RING1B","15","15.00000000000000","1","0.0000000000000000001560860478731721080592526170181697773190111598561443046","0.000000000000000007814708130183479232626722171946782427474530584201977","100.425391238303632235329","ChEA_2022(rank=15, adjP=7.81e-18)","RING1B 27294783 Chip-Seq NPCs Mouse","45","100.425391238303632235329","enrichr","45","100.425391238303632235329","0.0000000000000000001560860478731721080592526170181697773190111598561443046","0.000000000000000007814708130183479232626722171946782427474530584201977","","0","",NA,NA,NA
"KLF7","15","15.00000000000000","1","0.1068827916929328547546163008519215509295463562011718750000000000000000000","0.997973466142412224400004561175592243671417236328125000000000000000000","38.488911018624740734140","Transcription_Factor_PPIs(rank=15, adjP=0.998)","KLF7","46","38.488911018624740734140","enrichr","46","38.488911018624740734140","0.1068827916929328547546163008519215509295463562011718750000000000000000000","0.997973466142412224400004561175592243671417236328125000000000000000000","","3","GTEx--Coexpression(rank=316); Enrichr--Queries(rank=334); ARCHS4--Coexpression(rank=364)","631","0.19660000000000000","GTEx Coexpression,0.1966"
"NFKB1","15","59.33333333333334","3","0.0000000000111193424181939824986937905852987871612586046055071165028493851","0.000000000253049277456475159405072252217518656569605894901542342267931","41.134119458452509832114","TRRUST_Transcription_Factors_2019(rank=15, adjP=0.0322); ChEA_2022(rank=33, adjP=2.53e-10); Transcription_Factor_PPIs(rank=130, adjP=0.998)","NFKB1 human; NFKB1 27076634 ChIP-Seq BEAS2B Human Lung Inflammation; NFKB1","47","41.134119458452509832114","enrichr","47","41.134119458452509832114","0.0000000000111193424181939824986937905852987871612586046055071165028493851","0.000000000253049277456475159405072252217518656569605894901542342267931","","4","ReMap--ChIP-seq(rank=214); ARCHS4--Coexpression(rank=541); Enrichr--Queries(rank=837); GTEx--Coexpression(rank=923)","913","0.33229999999999998","ARCHS4 Coexpression,0.3323"
"EP300","15","118.50000000000000","4","0.0000000000003069825623335101466671483406335644661486888873369593966344837","0.000000000009605996013019422354368672269946154628969536837246323557338","61.273274004529326930424","ENCODE_TF_ChIP-seq_2015(rank=15, adjP=0.177); ChEA_2022(rank=24, adjP=9.61e-12); Transcription_Factor_PPIs(rank=174, adjP=0.998); TRRUST_Transcription_Factors_2019(rank=261, adjP=0.555)","EP300 MCF-7 hg19; EP300 20729851 ChIP-Seq FORBRAIN MIDBRAIN LIMB HEART Mouse; EP300; EP300 human","48","61.273274004529326930424","enrichr","48","61.273274004529326930424","0.0000000000003069825623335101466671483406335644661486888873369593966344837","0.000000000009605996013019422354368672269946154628969536837246323557338","","0","",NA,NA,NA
"TRIM28","15","197.75000000000000","4","0.0000378293370726072322816208037821184007043484598398208618164062500000000","0.000215226001072182221689893522054148888855706900358200073242187500000","18.379088547137314435531","ENCODE_and_ChEA_Consensus_TFs_from_ChIP-X(rank=15, adjP=0.0812); ChEA_2022(rank=132, adjP=0.000215); Transcription_Factor_PPIs(rank=193, adjP=0.998); ENCODE_TF_ChIP-seq_2015(rank=451, adjP=1)","TRIM28 CHEA; TRIM28 17542650 ChIP-ChIP NTERA2 Human; TRIM28; TRIM28 HEK293 hg19","49","18.379088547137314435531","enrichr","49","18.379088547137314435531","0.0000378293370726072322816208037821184007043484598398208618164062500000000","0.000215226001072182221689893522054148888855706900358200073242187500000","","0","",NA,NA,NA
"JUN","16","76.00000000000000","4","0.0013932399310270561238606079612623034336138516664505004882812500000000000","0.007790223840565588253603834800742333754897117614746093750000000000000","15.689522974244303199498","TRRUST_Transcription_Factors_2019(rank=16, adjP=0.0322); Transcription_Factor_PPIs(rank=22, adjP=0.998); ENCODE_TF_ChIP-seq_2015(rank=27, adjP=1); ChEA_2022(rank=239, adjP=0.00779)","JUN human; JUN; JUN HeLa-S3 hg19; JUN 26020271 ChIP-Seq SMOOTH MUSCLE Human","50","15.689522974244303199498","enrichr","50","15.689522974244303199498","0.0013932399310270561238606079612623034336138516664505004882812500000000000","0.007790223840565588253603834800742333754897117614746093750000000000000","","6","ENCODE--ChIP-seq(rank=9); ReMap--ChIP-seq(rank=43); Literature--ChIP-seq(rank=72); GTEx--Coexpression(rank=592); Enrichr--Queries(rank=649); ARCHS4--Coexpression(rank=917)","299","0.07627000000000000","ENCODE ChIP-seq,0.07627"
"GATA2","16","97.59999999999999","5","0.0013672885555765944189804406150301474553998559713363647460937500000000000","0.004820815517549402635932853655731378239579498767852783203125000000000","9.859134112871661415056","ENCODE_and_ChEA_Consensus_TFs_from_ChIP-X(rank=16, adjP=0.0912); Transcription_Factor_PPIs(rank=76, adjP=0.998); ENCODE_TF_ChIP-seq_2015(rank=80, adjP=1); TRRUST_Transcription_Factors_2019(rank=103, adjP=0.376); ChEA_2022(rank=213, adjP=0.00482)","GATA2 CHEA; GATA2; GATA2 endothelial cell of umbilical vein hg19; GATA2 mouse; GATA2 21186366 ChIP-Seq BM-HSCs Mouse","51","9.859134112871661415056","enrichr","51","9.859134112871661415056","0.0013672885555765944189804406150301474553998559713363647460937500000000000","0.004820815517549402635932853655731378239579498767852783203125000000000","","6","ENCODE--ChIP-seq(rank=23); Literature--ChIP-seq(rank=57); ReMap--ChIP-seq(rank=193); GTEx--Coexpression(rank=430); Enrichr--Queries(rank=471); ARCHS4--Coexpression(rank=807)","626","0.19489999999999999","ENCODE ChIP-seq,0.1949"
"NR2C2","16","127.00000000000000","3","0.1142828391658757269944146628404268994927406311035156250000000000000000000","0.997973466142412224400004561175592243671417236328125000000000000000000","4.984193257720139769162","Transcription_Factor_PPIs(rank=16, adjP=0.998); ENCODE_and_ChEA_Consensus_TFs_from_ChIP-X(rank=58, adjP=1); ENCODE_TF_ChIP-seq_2015(rank=307, adjP=1)","NR2C2; NR2C2 ENCODE; NR2C2 K562 hg19","52","4.984193257720139769162","enrichr","52","4.984193257720139769162","0.1142828391658757269944146628404268994927406311035156250000000000000000000","0.997973466142412224400004561175592243671417236328125000000000000000000","","5","ENCODE--ChIP-seq(rank=82); ReMap--ChIP-seq(rank=271); Enrichr--Queries(rank=1254); GTEx--Coexpression(rank=1433); ARCHS4--Coexpression(rank=1597)","1464","0.69489999999999996","ENCODE ChIP-seq,0.6949"
"NFIL3","17","17.00000000000000","1","0.0014577082668200470102343180300863423326518386602401733398437500000000000","0.032150565662642148490046878350767656229436397552490234375000000000000","75.130083381428917732592","TRRUST_Transcription_Factors_2019(rank=17, adjP=0.0322)","NFIL3 human","53","75.130083381428917732592","enrichr","53","75.130083381428917732592","0.0014577082668200470102343180300863423326518386602401733398437500000000000","0.032150565662642148490046878350767656229436397552490234375000000000000","","3","ARCHS4--Coexpression(rank=391); Enrichr--Queries(rank=553); GTEx--Coexpression(rank=970)","719","0.24020000000000000","ARCHS4 Coexpression,0.2402"
"HDAC2","17","53.25000000000000","4","0.0145888789559714838334203435010749672073870897293090820312500000000000000","0.140285513319228311024389199701545294374227523803710937500000000000000","16.580291751489856011403","Transcription_Factor_PPIs(rank=17, adjP=0.998); ENCODE_and_ChEA_Consensus_TFs_from_ChIP-X(rank=28, adjP=1); TRRUST_Transcription_Factors_2019(rank=39, adjP=0.14); ENCODE_TF_ChIP-seq_2015(rank=129, adjP=1)","HDAC2; HDAC2 ENCODE; HDAC2 human; HDAC2 HepG2 hg19","54","16.580291751489856011403","enrichr","54","16.580291751489856011403","0.0145888789559714838334203435010749672073870897293090820312500000000000000","0.140285513319228311024389199701545294374227523803710937500000000000000","","0","",NA,NA,NA
"NKX3-1","18","18.00000000000000","1","0.0014577082668200470102343180300863423326518386602401733398437500000000000","0.032150565662642148490046878350767656229436397552490234375000000000000","75.130083381428917732592","TRRUST_Transcription_Factors_2019(rank=18, adjP=0.0322)","NKX3-1 human","55","75.130083381428917732592","enrichr","55","75.130083381428917732592","0.0014577082668200470102343180300863423326518386602401733398437500000000000","0.032150565662642148490046878350767656229436397552490234375000000000000","","0","",NA,NA,NA
"STAT3","18","73.40000000000001","5","0.0000005677145956098193437886086608334945680098826414905488491058349609375","0.000005921578629207980958980717806072746611789625603705644607543945312","24.308388398723252521449","ENCODE_and_ChEA_Consensus_TFs_from_ChIP-X(rank=18, adjP=0.619); TRRUST_Transcription_Factors_2019(rank=20, adjP=0.0404); ChEA_2022(rank=72, adjP=5.92e-06); Transcription_Factor_PPIs(rank=104, adjP=0.998); ENCODE_TF_ChIP-seq_2015(rank=153, adjP=1)","STAT3 CHEA; STAT3 human; STAT3 24763339 ChIP-Seq IMN-ESCs Mouse; STAT3; STAT3 HeLa-S3 hg19","56","24.308388398723252521449","enrichr","56","24.308388398723252521449","0.0000005677145956098193437886086608334945680098826414905488491058349609375","0.000005921578629207980958980717806072746611789625603705644607543945312","","6","Literature--ChIP-seq(rank=27); ENCODE--ChIP-seq(rank=36); ReMap--ChIP-seq(rank=60); GTEx--Coexpression(rank=244); ARCHS4--Coexpression(rank=764); Enrichr--Queries(rank=852)","522","0.15179999999999999","GTEx Coexpression,0.1518"
"NR3C1","18","79.50000000000000","4","0.0000000000000000064655274776616112483304164108765934937864823495948934928","0.000000000000000269756174206881629930773510559195988290764742960695100","76.072109773442377900210","ChEA_2022(rank=18, adjP=2.7e-16); ENCODE_TF_ChIP-seq_2015(rank=38, adjP=1); TRRUST_Transcription_Factors_2019(rank=73, adjP=0.302); Transcription_Factor_PPIs(rank=189, adjP=0.998)","NR3C1 27076634 ChIP-Seq BEAS2B Human Lung Inflammation; NR3C1 ECC-1 hg19; NR3C1 human; NR3C1","57","76.072109773442377900210","enrichr","57","76.072109773442377900210","0.0000000000000000064655274776616112483304164108765934937864823495948934928","0.000000000000000269756174206881629930773510559195988290764742960695100","","6","ENCODE--ChIP-seq(rank=15); Literature--ChIP-seq(rank=38); ReMap--ChIP-seq(rank=197); ARCHS4--Coexpression(rank=631); Enrichr--Queries(rank=648); GTEx--Coexpression(rank=1176)","461","0.12709999999999999","ENCODE ChIP-seq,0.1271"
"EGR1","18","88.59999999999999","5","0.0000000822929452459388022875439176913314742733973616850562393665313720703","0.000001103607176423215876370645741055831479116022819653153419494628906","23.404360991429474125880","Transcription_Factor_PPIs(rank=18, adjP=0.998); TRRUST_Transcription_Factors_2019(rank=19, adjP=0.0338); ENCODE_and_ChEA_Consensus_TFs_from_ChIP-X(rank=45, adjP=1); ChEA_2022(rank=56, adjP=1.1e-06); ENCODE_TF_ChIP-seq_2015(rank=305, adjP=1)","EGR1; EGR1 mouse; EGR1 CHEA; EGR1 20690147 ChIP-Seq ERYTHROLEUKEMIA Human; EGR1 H1-hESC hg19","58","23.404360991429474125880","enrichr","58","23.404360991429474125880","0.0000000822929452459388022875439176913314742733973616850562393665313720703","0.000001103607176423215876370645741055831479116022819653153419494628906","","6","Literature--ChIP-seq(rank=36); ENCODE--ChIP-seq(rank=75); ReMap--ChIP-seq(rank=209); Enrichr--Queries(rank=402); GTEx--Coexpression(rank=678); ARCHS4--Coexpression(rank=866)","679","0.21950000000000000","Literature ChIP-seq,0.2195"
"IRF8","19","105.33333333333333","3","0.0005817249185155621551621130116416225064313039183616638183593750000000000","0.002374322901115148102407781394163066579494625329971313476562500000000","18.778058913129957119281","ENCODE_and_ChEA_Consensus_TFs_from_ChIP-X(rank=19, adjP=0.659); TRRUST_Transcription_Factors_2019(rank=113, adjP=0.395); ChEA_2022(rank=184, adjP=0.00237)","IRF8 CHEA; IRF8 human; IRF8 22096565 ChIP-ChIP GC-B Human","59","18.778058913129957119281","enrichr","59","18.778058913129957119281","0.0005817249185155621551621130116416225064313039183616638183593750000000000","0.002374322901115148102407781394163066579494625329971313476562500000000","","4","Literature--ChIP-seq(rank=107); GTEx--Coexpression(rank=295); Enrichr--Queries(rank=458); ARCHS4--Coexpression(rank=533)","596","0.18360000000000001","GTEx Coexpression,0.1836"
"STAT1","19","111.50000000000000","4","0.0026410197199347477600706035616440203739330172538757324218750000000000000","0.008195891775499978756935881563094881130382418632507324218750000000000","13.276591758676854482246","ENCODE_TF_ChIP-seq_2015(rank=19, adjP=0.633); TRRUST_Transcription_Factors_2019(rank=29, adjP=0.0842); Transcription_Factor_PPIs(rank=156, adjP=0.998); ChEA_2022(rank=242, adjP=0.0082)","STAT1 K562 hg19; STAT1 human; STAT1; STAT1 17558387 ChIP-Seq HELA Human","60","13.276591758676854482246","enrichr","60","13.276591758676854482246","0.0026410197199347477600706035616440203739330172538757324218750000000000000","0.008195891775499978756935881563094881130382418632507324218750000000000","","6","ENCODE--ChIP-seq(rank=7); ReMap--ChIP-seq(rank=16); ARCHS4--Coexpression(rank=95); Literature--ChIP-seq(rank=136); Enrichr--Queries(rank=270); GTEx--Coexpression(rank=1038)","224","0.05387000000000000","ReMap ChIP-seq,0.05387"
"KDM5B","19","307.33333333333331","3","0.1313236570584156714946999500170932151377201080322265625000000000000000000","0.997973466142412224400004561175592243671417236328125000000000000000000","3.684212677293439597292","Transcription_Factor_PPIs(rank=19, adjP=0.998); ENCODE_TF_ChIP-seq_2015(rank=198, adjP=1); ChEA_2022(rank=705, adjP=1)","KDM5B; KDM5B H1-hESC hg19; KDM5B 21448134 ChIP-Seq MESCs Mouse","61","3.684212677293439597292","enrichr","61","3.684212677293439597292","0.1313236570584156714946999500170932151377201080322265625000000000000000000","0.997973466142412224400004561175592243671417236328125000000000000000000","","5","ENCODE--ChIP-seq(rank=48); ReMap--ChIP-seq(rank=122); Literature--ChIP-seq(rank=152); ARCHS4--Coexpression(rank=253); GTEx--Coexpression(rank=1261)","533","0.15540000000000001","ARCHS4 Coexpression,0.1554"
"ESR1","20","64.80000000000000","5","0.0000000000000025959525941024555923644752371282147276787175514678462917573","0.000000000000097478019908547236799468674114753034070052044313126060615","77.862083992030520107619","ChEA_2022(rank=20, adjP=9.75e-14); ENCODE_TF_ChIP-seq_2015(rank=21, adjP=0.958); ENCODE_and_ChEA_Consensus_TFs_from_ChIP-X(rank=25, adjP=1); TRRUST_Transcription_Factors_2019(rank=47, adjP=0.162); Transcription_Factor_PPIs(rank=211, adjP=0.998)","ESR1 22446102 ChIP-Seq UTERUS Mouse; ESR1 ECC-1 hg19; ESR1 CHEA; ESR1 mouse; ESR1","62","77.862083992030520107619","enrichr","62","77.862083992030520107619","0.0000000000000025959525941024555923644752371282147276787175514678462917573","0.000000000000097478019908547236799468674114753034070052044313126060615","","6","Literature--ChIP-seq(rank=3); ENCODE--ChIP-seq(rank=5); ReMap--ChIP-seq(rank=31); GTEx--Coexpression(rank=251); Enrichr--Queries(rank=362); ARCHS4--Coexpression(rank=380)","79","0.01829000000000000","Literature ChIP-seq,0.01829"
"POU5F1","20","140.75000000000000","4","0.0000004584485425097187362428251093671160987241819384507834911346435546875","0.000004958532100913216733161382326899868644431990105658769607543945312","24.242051309458521046736","ENCODE_and_ChEA_Consensus_TFs_from_ChIP-X(rank=20, adjP=0.659); ChEA_2022(rank=69, adjP=4.96e-06); Transcription_Factor_PPIs(rank=208, adjP=0.998); TRRUST_Transcription_Factors_2019(rank=266, adjP=0.555)","POU5F1 CHEA; POU5F1 18347094 ChIP-ChIP MESCs Mouse; POU5F1; POU5F1 human","63","24.242051309458521046736","enrichr","63","24.242051309458521046736","0.0000004584485425097187362428251093671160987241819384507834911346435546875","0.000004958532100913216733161382326899868644431990105658769607543945312","","5","Literature--ChIP-seq(rank=20); ReMap--ChIP-seq(rank=61); GTEx--Coexpression(rank=222); ARCHS4--Coexpression(rank=694); Enrichr--Queries(rank=712)","440","0.12200000000000000","Literature ChIP-seq,0.122"
"PDX1","20","324.66666666666669","3","0.1335192381364272984356489359925035387277603149414062500000000000000000000","0.555235621645095767107136452978011220693588256835937500000000000000000","4.337090711825771549570","Transcription_Factor_PPIs(rank=20, adjP=0.998); TRRUST_Transcription_Factors_2019(rank=280, adjP=0.555); ChEA_2022(rank=674, adjP=1)","PDX1; PDX1 mouse; PDX1 19855005 ChIP-ChIP MIN6 Mouse","64","4.337090711825771549570","enrichr","64","4.337090711825771549570","0.1335192381364272984356489359925035387277603149414062500000000000000000000","0.555235621645095767107136452978011220693588256835937500000000000000000","","5","ReMap--ChIP-seq(rank=83); Literature--ChIP-seq(rank=148); ARCHS4--Coexpression(rank=218); Enrichr--Queries(rank=378); GTEx--Coexpression(rank=506)","477","0.13389999999999999","ARCHS4 Coexpression,0.1339"
"SOX10","21","21.00000000000000","1","0.0021914906818325309047212900992462891736067831516265869140625000000000000","0.040369646327964588128356382412675884552299976348876953125000000000000","60.373769676525455452065","TRRUST_Transcription_Factors_2019(rank=21, adjP=0.0404)","SOX10 human","65","60.373769676525455452065","enrichr","65","60.373769676525455452065","0.0021914906818325309047212900992462891736067831516265869140625000000000000","0.040369646327964588128356382412675884552299976348876953125000000000000","","4","GTEx--Coexpression(rank=8); ReMap--ChIP-seq(rank=47); ARCHS4--Coexpression(rank=299); Enrichr--Queries(rank=395)","22","0.00497800000000000","GTEx Coexpression,0.004978"
"CTCF","21","101.20000000000000","5","0.0003006119584499373077572659251899267474072985351085662841796875000000000","0.001393577659233969289961918569531462708255276083946228027343750000000","12.348209831783735879185","ENCODE_and_ChEA_Consensus_TFs_from_ChIP-X(rank=21, adjP=0.659); ENCODE_TF_ChIP-seq_2015(rank=41, adjP=1); TRRUST_Transcription_Factors_2019(rank=90, adjP=0.33); ChEA_2022(rank=162, adjP=0.00139); Transcription_Factor_PPIs(rank=192, adjP=0.998)","CTCF ENCODE; CTCF ECC-1 hg19; CTCF human; CTCF 18555785 ChIP-Seq MESCs Mouse; CTCF","66","12.348209831783735879185","enrichr","66","12.348209831783735879185","0.0003006119584499373077572659251899267474072985351085662841796875000000000","0.001393577659233969289961918569531462708255276083946228027343750000000","","6","ENCODE--ChIP-seq(rank=10); ReMap--ChIP-seq(rank=35); Literature--ChIP-seq(rank=49); Enrichr--Queries(rank=1393); GTEx--Coexpression(rank=1561); ARCHS4--Coexpression(rank=1606)","327","0.08475000000000001","ENCODE ChIP-seq,0.08475"
"BATF","21","113.00000000000000","2","0.1383128189208150671252184338300139643251895904541015625000000000000000000","0.997973466142412224400004561175592243671417236328125000000000000000000","6.813287489586405065722","Transcription_Factor_PPIs(rank=21, adjP=0.998); ENCODE_TF_ChIP-seq_2015(rank=205, adjP=1)","BATF; BATF GM12878 hg19","67","6.813287489586405065722","enrichr","67","6.813287489586405065722","0.1383128189208150671252184338300139643251895904541015625000000000000000000","0.997973466142412224400004561175592243671417236328125000000000000000000","","5","ENCODE--ChIP-seq(rank=59); ReMap--ChIP-seq(rank=188); ARCHS4--Coexpression(rank=245); Enrichr--Queries(rank=342); GTEx--Coexpression(rank=468)","518","0.15049999999999999","ARCHS4 Coexpression,0.1505"
"SMC3","22","44.00000000000000","4","0.0000000210466812931541498051873039214915150907359020493458956480026245117","0.000000322572605125689560550924280674101041199719475116580724716186523","30.967417534620160779468","ENCODE_and_ChEA_Consensus_TFs_from_ChIP-X(rank=22, adjP=0.886); ENCODE_TF_ChIP-seq_2015(rank=22, adjP=1); ChEA_2022(rank=49, adjP=3.23e-07); Transcription_Factor_PPIs(rank=83, adjP=0.998)","SMC3 ENCODE; SMC3 SK-N-SH hg19; SMC3 22415368 ChIP-Seq MEFs Mouse; SMC3","68","30.967417534620160779468","enrichr","68","30.967417534620160779468","0.0000000210466812931541498051873039214915150907359020493458956480026245117","0.000000322572605125689560550924280674101041199719475116580724716186523","","0","",NA,NA,NA
"BMI1","22","111.00000000000000","2","0.0000000000001187471577130574302301551223614830277695332549914297715076827","0.000000000004053596156477552637373257021614707772128038953951545408927","72.879235588791559052879","ChEA_2022(rank=22, adjP=4.05e-12); Transcription_Factor_PPIs(rank=200, adjP=0.998)","BMI1 23680149 ChIP-Seq NPCS Mouse; BMI1","69","72.879235588791559052879","enrichr","69","72.879235588791559052879","0.0000000000001187471577130574302301551223614830277695332549914297715076827","0.000000000004053596156477552637373257021614707772128038953951545408927","","0","",NA,NA,NA
"VDR","23","86.25000000000000","4","0.0003205438103285116044002811541702158137923106551170349121093750000000000","0.001450171093715133408680317828043371264357119798660278320312500000000","16.951633046796825254887","ENCODE_and_ChEA_Consensus_TFs_from_ChIP-X(rank=23, adjP=1); TRRUST_Transcription_Factors_2019(rank=31, adjP=0.0905); Transcription_Factor_PPIs(rank=125, adjP=0.998); ChEA_2022(rank=166, adjP=0.00145)","VDR CHEA; VDR human; VDR; VDR 24787735 ChIP-Seq THP-1 Human","70","16.951633046796825254887","enrichr","70","16.951633046796825254887","0.0003205438103285116044002811541702158137923106551170349121093750000000000","0.001450171093715133408680317828043371264357119798660278320312500000000","","5","Literature--ChIP-seq(rank=44); ReMap--ChIP-seq(rank=155); Enrichr--Queries(rank=335); ARCHS4--Coexpression(rank=365); GTEx--Coexpression(rank=773)","688","0.22420000000000001","ARCHS4 Coexpression,0.2242"
"SPI1","23","100.20000000000000","5","0.0024150376589188856865653143302097305422648787498474121093750000000000000","0.007652714269401195493203182707020459929481148719787597656250000000000","8.250896574734039035093","Transcription_Factor_PPIs(rank=23, adjP=0.998); ENCODE_and_ChEA_Consensus_TFs_from_ChIP-X(rank=55, adjP=1); TRRUST_Transcription_Factors_2019(rank=70, adjP=0.299); ENCODE_TF_ChIP-seq_2015(rank=116, adjP=1); ChEA_2022(rank=237, adjP=0.00765)","SPI1; SPI1 CHEA; SPI1 human; SPI1 GM12891 hg19; SPI1 26923725 Chip-Seq HPCs Mouse","71","8.250896574734039035093","enrichr","71","8.250896574734039035093","0.0024150376589188856865653143302097305422648787498474121093750000000000000","0.007652714269401195493203182707020459929481148719787597656250000000000","","6","ReMap--ChIP-seq(rank=34); ENCODE--ChIP-seq(rank=38); Literature--ChIP-seq(rank=98); GTEx--Coexpression(rank=233); ARCHS4--Coexpression(rank=288); Enrichr--Queries(rank=615)","414","0.11450000000000000","ReMap ChIP-seq,0.1145"
"MYOD1","24","69.66666666666667","3","0.1385031033376496467646177279675612226128578186035156250000000000000000000","0.422967169423437761022199765648110769689083099365234375000000000000000","3.785874485388450061407","ENCODE_and_ChEA_Consensus_TFs_from_ChIP-X(rank=24, adjP=1); ENCODE_TF_ChIP-seq_2015(rank=55, adjP=1); TRRUST_Transcription_Factors_2019(rank=130, adjP=0.423)","MYOD1 ENCODE; MYOD1 C2C12 mm9; MYOD1 mouse","72","3.785874485388450061407","enrichr","72","3.785874485388450061407","0.1385031033376496467646177279675612226128578186035156250000000000000000000","0.422967169423437761022199765648110769689083099365234375000000000000000","","5","ENCODE--ChIP-seq(rank=12); ReMap--ChIP-seq(rank=19); ARCHS4--Coexpression(rank=277); Enrichr--Queries(rank=733); GTEx--Coexpression(rank=844)","262","0.06397000000000000","ReMap ChIP-seq,0.06397"
"NFIC","24","79.25000000000000","4","0.0443494732878759248539957127377419965341687202453613281250000000000000000","0.395141243137295539167297420135582797229290008544921875000000000000000","8.132214913866203431780","ENCODE_TF_ChIP-seq_2015(rank=24, adjP=1); ENCODE_and_ChEA_Consensus_TFs_from_ChIP-X(rank=51, adjP=1); TRRUST_Transcription_Factors_2019(rank=116, adjP=0.395); Transcription_Factor_PPIs(rank=126, adjP=0.998)","NFIC SK-N-SH hg19; NFIC ENCODE; NFIC mouse; NFIC","73","8.132214913866203431780","enrichr","73","8.132214913866203431780","0.0443494732878759248539957127377419965341687202453613281250000000000000000","0.395141243137295539167297420135582797229290008544921875000000000000000","","5","ENCODE--ChIP-seq(rank=6); ReMap--ChIP-seq(rank=73); Enrichr--Queries(rank=738); GTEx--Coexpression(rank=881); ARCHS4--Coexpression(rank=903)","216","0.05085000000000000","ENCODE ChIP-seq,0.05085"
"KDM5A","24","466.33333333333331","3","0.1557191712225995394724975540157174691557884216308593750000000000000000000","0.997973466142412224400004561175592243671417236328125000000000000000000","4.368276790892835492741","Transcription_Factor_PPIs(rank=24, adjP=0.998); ENCODE_TF_ChIP-seq_2015(rank=626, adjP=1); ChEA_2022(rank=749, adjP=1)","KDM5A; KDM5A H1-hESC hg19; KDM5A 27292631 Chip-Seq BREAST Human","74","4.368276790892835492741","enrichr","74","4.368276790892835492741","0.1557191712225995394724975540157174691557884216308593750000000000000000000","0.997973466142412224400004561175592243671417236328125000000000000000000","","0","",NA,NA,NA
"VHL","25","25.00000000000000","1","0.0038506528639102237214497659323342304560355842113494873046875000000000000","0.061148367478894377624598632792185526341199874877929687500000000000000","31.991759414180986453857","TRRUST_Transcription_Factors_2019(rank=25, adjP=0.0611)","VHL human","75","31.991759414180986453857","enrichr","75","31.991759414180986453857","0.0038506528639102237214497659323342304560355842113494873046875000000000000","0.061148367478894377624598632792185526341199874877929687500000000000000","","0","",NA,NA,NA
"POLR2A","25","117.50000000000000","2","0.0450486891838512426566865087806945666670799255371093750000000000000000000","0.997973466142412224400004561175592243671417236328125000000000000000000","3.682363100294406610402","ENCODE_TF_ChIP-seq_2015(rank=25, adjP=1); Transcription_Factor_PPIs(rank=210, adjP=0.998)","POLR2A cerebellum mm9; POLR2A","76","3.682363100294406610402","enrichr","76","3.682363100294406610402","0.0450486891838512426566865087806945666670799255371093750000000000000000000","0.997973466142412224400004561175592243671417236328125000000000000000000","","0","",NA,NA,NA
"CCNT2","25","236.00000000000000","2","0.1577732902508095780280683584351208992302417755126953125000000000000000000","0.997973466142412224400004561175592243671417236328125000000000000000000","5.781420608186871312739","Transcription_Factor_PPIs(rank=25, adjP=0.998); ENCODE_TF_ChIP-seq_2015(rank=447, adjP=1)","CCNT2; CCNT2 K562 hg19","77","5.781420608186871312739","enrichr","77","5.781420608186871312739","0.1577732902508095780280683584351208992302417755126953125000000000000000000","0.997973466142412224400004561175592243671417236328125000000000000000000","","0","",NA,NA,NA
"BACH1","26","110.00000000000000","3","0.0000000000006449213107760161508456040698031803618103449671217219929530984","0.000000000018628304015107230471656340890512380727844776728829856438097","61.775633162997309000275","ChEA_2022(rank=26, adjP=1.86e-11); Transcription_Factor_PPIs(rank=148, adjP=0.998); ENCODE_TF_ChIP-seq_2015(rank=156, adjP=1)","BACH1 22875853 ChIP-PCR HELA AND SCP4 Human; BACH1; BACH1 H1-hESC hg19","78","61.775633162997309000275","enrichr","78","61.775633162997309000275","0.0000000000006449213107760161508456040698031803618103449671217219929530984","0.000000000018628304015107230471656340890512380727844776728829856438097","","6","Literature--ChIP-seq(rank=7); ENCODE--ChIP-seq(rank=35); ReMap--ChIP-seq(rank=105); ARCHS4--Coexpression(rank=412); Enrichr--Queries(rank=828); GTEx--Coexpression(rank=1388)","185","0.04268000000000000","Literature ChIP-seq,0.04268"
"SALL4","26","134.00000000000000","4","0.0049005216014057382742374890938208409352228045463562011718750000000000000","0.029119219362537387268963229303153639193624258041381835937500000000000","68.774221513074621725536","TRRUST_Transcription_Factors_2019(rank=26, adjP=0.0748); ENCODE_and_ChEA_Consensus_TFs_from_ChIP-X(rank=26, adjP=1); Transcription_Factor_PPIs(rank=183, adjP=0.998); ChEA_2022(rank=301, adjP=0.0291)","SALL4 human; SALL4 CHEA; SALL4; SALL4 28974232 ChIP-Seq Mouse BoneMarrow Leukemia","79","68.774221513074621725536","enrichr","79","68.774221513074621725536","0.0049005216014057382742374890938208409352228045463562011718750000000000000","0.029119219362537387268963229303153639193624258041381835937500000000000","","4","Literature--ChIP-seq(rank=82); Enrichr--Queries(rank=238); ARCHS4--Coexpression(rank=577); GTEx--Coexpression(rank=832)","564","0.16950000000000001","Enrichr Queries,0.1695"
"POU2F2","26","364.66666666666669","3","0.1577732902508095780280683584351208992302417755126953125000000000000000000","0.673550333412396895482743275351822376251220703125000000000000000000000","5.781420608186871312739","Transcription_Factor_PPIs(rank=26, adjP=0.998); TRRUST_Transcription_Factors_2019(rank=364, adjP=0.674); ENCODE_TF_ChIP-seq_2015(rank=704, adjP=1)","POU2F2; POU2F2 mouse; POU2F2 GM12891 hg19","80","5.781420608186871312739","enrichr","80","5.781420608186871312739","0.1577732902508095780280683584351208992302417755126953125000000000000000000","0.673550333412396895482743275351822376251220703125000000000000000000000","","5","ENCODE--ChIP-seq(rank=115); ReMap--ChIP-seq(rank=274); ARCHS4--Coexpression(rank=314); Enrichr--Queries(rank=420); GTEx--Coexpression(rank=551)","621","0.19289999999999999","ARCHS4 Coexpression,0.1929"
"RUNX2","27","60.50000000000000","2","0.0000000000024727513072230177314650426460887467066535050363995651423465461","0.000000000068779119693499536219903566519080903227112422371192224090919","46.855009456234661513463","ChEA_2022(rank=27, adjP=6.88e-11); TRRUST_Transcription_Factors_2019(rank=94, adjP=0.33)","RUNX2 22187159 ChIP-Seq PCA Human; RUNX2 human","81","46.855009456234661513463","enrichr","81","46.855009456234661513463","0.0000000000024727513072230177314650426460887467066535050363995651423465461","0.000000000068779119693499536219903566519080903227112422371192224090919","","5","ReMap--ChIP-seq(rank=5); Literature--ChIP-seq(rank=12); GTEx--Coexpression(rank=26); Enrichr--Queries(rank=65); ARCHS4--Coexpression(rank=208)","72","0.01618000000000000","GTEx Coexpression,0.01618"
"BHLHE40","28","189.33333333333334","3","0.1692879857881913474582091794218285940587520599365234375000000000000000000","0.997973466142412224400004561175592243671417236328125000000000000000000","3.990427767643845324841","Transcription_Factor_PPIs(rank=28, adjP=0.998); ENCODE_and_ChEA_Consensus_TFs_from_ChIP-X(rank=62, adjP=1); ENCODE_TF_ChIP-seq_2015(rank=478, adjP=1)","BHLHE40; BHLHE40 ENCODE; BHLHE40 HepG2 hg19","82","3.990427767643845324841","enrichr","82","3.990427767643845324841","0.1692879857881913474582091794218285940587520599365234375000000000000000000","0.997973466142412224400004561175592243671417236328125000000000000000000","","4","ENCODE--ChIP-seq(rank=85); ReMap--ChIP-seq(rank=165); GTEx--Coexpression(rank=820); ARCHS4--Coexpression(rank=825)","1209","0.50680000000000003","ARCHS4 Coexpression,0.5068"
"EED","29","78.50000000000000","2","0.0000000000042909536707551289258045357807599913318660767025392033247044310","0.000000000111120903680589691275503052963482489984281542660937702748924","67.766736398732604129691","ChEA_2022(rank=29, adjP=1.11e-10); Transcription_Factor_PPIs(rank=128, adjP=0.998)","EED 16625203 ChIP-ChIP MESCs Mouse; EED","83","67.766736398732604129691","enrichr","83","67.766736398732604129691","0.0000000000042909536707551289258045357807599913318660767025392033247044310","0.000000000111120903680589691275503052963482489984281542660937702748924","","0","",NA,NA,NA
"GATA3","29","126.00000000000000","4","0.0041362117810516694019207228905088413739576935768127441406250000000000000","0.011856087967823676632139751063732546754181385040283203125000000000000","7.288997189220056682757","Transcription_Factor_PPIs(rank=29, adjP=0.998); ENCODE_TF_ChIP-seq_2015(rank=45, adjP=1); TRRUST_Transcription_Factors_2019(rank=168, adjP=0.552); ChEA_2022(rank=262, adjP=0.0119)","GATA3; GATA3 SK-N-SH hg19; GATA3 mouse; GATA3 24758297 ChIP-Seq MCF-7 Human","84","7.288997189220056682757","enrichr","84","7.288997189220056682757","0.0041362117810516694019207228905088413739576935768127441406250000000000000","0.011856087967823676632139751063732546754181385040283203125000000000000","","6","ENCODE--ChIP-seq(rank=8); ReMap--ChIP-seq(rank=18); Literature--ChIP-seq(rank=73); Enrichr--Queries(rank=241); GTEx--Coexpression(rank=408); ARCHS4--Coexpression(rank=434)","250","0.06061000000000000","ReMap ChIP-seq,0.06061"
"PPARD","30","142.25000000000000","4","0.0036192371815904141214847999918902132776565849781036376953125000000000000","0.010700972926670873283661045149983692681416869163513183593750000000000","8.132214913866203431780","ENCODE_and_ChEA_Consensus_TFs_from_ChIP-X(rank=30, adjP=1); TRRUST_Transcription_Factors_2019(rank=117, adjP=0.395); Transcription_Factor_PPIs(rank=168, adjP=0.998); ChEA_2022(rank=254, adjP=0.0107)","PPARD CHEA; PPARD mouse; PPARD; PPARD 21283829 ChIP-Seq MYOFIBROBLAST Human","85","8.132214913866203431780","enrichr","85","8.132214913866203431780","0.0036192371815904141214847999918902132776565849781036376953125000000000000","0.010700972926670873283661045149983692681416869163513183593750000000000","","4","Literature--ChIP-seq(rank=77); Enrichr--Queries(rank=629); GTEx--Coexpression(rank=971); ARCHS4--Coexpression(rank=1175)","1118","0.44800000000000001","Enrichr Queries,0.448"
"SREBF1","30","168.00000000000000","3","0.1777383486334737083822687964129727333784103393554687500000000000000000000","0.554408016325561803228083590511232614517211914062500000000000000000000","2.835495729840154854884","Transcription_Factor_PPIs(rank=30, adjP=0.998); TRRUST_Transcription_Factors_2019(rank=217, adjP=0.554); ENCODE_TF_ChIP-seq_2015(rank=257, adjP=1)","SREBF1; SREBF1 mouse; SREBF1 HepG2 hg19","86","2.835495729840154854884","enrichr","86","2.835495729840154854884","0.1777383486334737083822687964129727333784103393554687500000000000000000000","0.554408016325561803228083590511232614517211914062500000000000000000000","","6","ENCODE--ChIP-seq(rank=73); Literature--ChIP-seq(rank=142); ReMap--ChIP-seq(rank=254); GTEx--Coexpression(rank=594); Enrichr--Queries(rank=809); ARCHS4--Coexpression(rank=1424)","976","0.36959999999999998","GTEx Coexpression,0.3696"
"ATF2","30","206.75000000000000","4","0.0071923813646589986048329734558137715794146060943603515625000000000000000","0.090494689899458746751292892440687865018844604492187500000000000000000","19.665652311167693966354","TRRUST_Transcription_Factors_2019(rank=30, adjP=0.0905); Transcription_Factor_PPIs(rank=39, adjP=0.998); ENCODE_and_ChEA_Consensus_TFs_from_ChIP-X(rank=75, adjP=1); ENCODE_TF_ChIP-seq_2015(rank=683, adjP=1)","ATF2 human; ATF2; ATF2 ENCODE; ATF2 H1-hESC hg19","87","19.665652311167693966354","enrichr","87","19.665652311167693966354","0.0071923813646589986048329734558137715794146060943603515625000000000000000","0.090494689899458746751292892440687865018844604492187500000000000000000","","5","ENCODE--ChIP-seq(rank=112); ReMap--ChIP-seq(rank=270); GTEx--Coexpression(rank=1137); ARCHS4--Coexpression(rank=1281); Enrichr--Queries(rank=1320)","1477","0.70750000000000002","GTEx Coexpression,0.7075"
"ZNF217","31","97.00000000000000","3","0.0000000000072116012532796099762277711785994898253254747899632093321997672","0.000000000174706856168160833967474982563849571909342373032814066391438","52.688559018801385036568","ChEA_2022(rank=31, adjP=1.75e-10); Transcription_Factor_PPIs(rank=94, adjP=0.998); ENCODE_TF_ChIP-seq_2015(rank=166, adjP=1)","ZNF217 24962896 ChIP-Seq MCF-7 Human; ZNF217; ZNF217 MCF-7 hg19","88","52.688559018801385036568","enrichr","88","52.688559018801385036568","0.0000000000072116012532796099762277711785994898253254747899632093321997672","0.000000000174706856168160833967474982563849571909342373032814066391438","","6","Literature--ChIP-seq(rank=6); ENCODE--ChIP-seq(rank=33); ReMap--ChIP-seq(rank=94); GTEx--Coexpression(rank=910); Enrichr--Queries(rank=1044); ARCHS4--Coexpression(rank=1081)","160","0.03659000000000000","Literature ChIP-seq,0.03659"
"FOXP2","31","162.25000000000000","4","0.0493526155694760382264263398610637523233890533447265625000000000000000000","0.097536353401780323535419370273302774876356124877929687500000000000000","4.288964084908323037837","ENCODE_and_ChEA_Consensus_TFs_from_ChIP-X(rank=31, adjP=1); ENCODE_TF_ChIP-seq_2015(rank=50, adjP=1); TRRUST_Transcription_Factors_2019(rank=188, adjP=0.552); ChEA_2022(rank=380, adjP=0.0975)","FOXP2 ENCODE; FOXP2 PFSK-1 hg19; FOXP2 human; FOXP2 23625967 ChIP-Seq PFSK-1 AND SK-N-MC Human","89","4.288964084908323037837","enrichr","89","4.288964084908323037837","0.0493526155694760382264263398610637523233890533447265625000000000000000000","0.097536353401780323535419370273302774876356124877929687500000000000000","","6","ENCODE--ChIP-seq(rank=25); Enrichr--Queries(rank=52); GTEx--Coexpression(rank=88); Literature--ChIP-seq(rank=99); ReMap--ChIP-seq(rank=142); ARCHS4--Coexpression(rank=425)","163","0.03704000000000000","Enrichr Queries,0.03704"
"HTT","31","275.50000000000000","2","0.1873615212759159875943737461057025939226150512695312500000000000000000000","0.453738564311061798317581406081444583833217620849609375000000000000000","2.118132435501371091391","Transcription_Factor_PPIs(rank=31, adjP=0.998); ChEA_2022(rank=520, adjP=0.454)","HTT; HTT 18923047 ChIP-ChIP STHdh Human","90","2.118132435501371091391","enrichr","90","2.118132435501371091391","0.1873615212759159875943737461057025939226150512695312500000000000000000000","0.453738564311061798317581406081444583833217620849609375000000000000000","","0","",NA,NA,NA
"IRF9","32","32.00000000000000","1","0.0075222286314411525645629019720672658877447247505187988281250000000000000","0.090494689899458746751292892440687865018844604492187500000000000000000","50.583621245887364636928","TRRUST_Transcription_Factors_2019(rank=32, adjP=0.0905)","IRF9 human","91","50.583621245887364636928","enrichr","91","50.583621245887364636928","0.0075222286314411525645629019720672658877447247505187988281250000000000000","0.090494689899458746751292892440687865018844604492187500000000000000000","","4","GTEx--Coexpression(rank=31); ARCHS4--Coexpression(rank=84); ReMap--ChIP-seq(rank=147); Enrichr--Queries(rank=170)","83","0.01929000000000000","GTEx Coexpression,0.01929"
"YAP1","32","54.50000000000000","2","0.0000000000092462802755869906823157809750522305621001084574572814744897187","0.000000000216998640217682236548083480878669915964396253116319712717086","47.461962386127886759368","ChEA_2022(rank=32, adjP=2.17e-10); Transcription_Factor_PPIs(rank=77, adjP=0.998)","YAP1 20516196 ChIP-Seq MESCs Mouse; YAP1","92","47.461962386127886759368","enrichr","92","47.461962386127886759368","0.0000000000092462802755869906823157809750522305621001084574572814744897187","0.000000000216998640217682236548083480878669915964396253116319712717086","","0","",NA,NA,NA
"AHR","32","84.66666666666667","3","0.0000133001388667570620566319231081742202604800695553421974182128906250000","0.000088392958309155286538393025974613692596904002130031585693359375000","21.710264956981983885953","Transcription_Factor_PPIs(rank=32, adjP=0.998); TRRUST_Transcription_Factors_2019(rank=109, adjP=0.395); ChEA_2022(rank=113, adjP=8.84e-05)","AHR; AHR human; AHR 22903824 ChIP-Seq MCF-7 Human","93","21.710264956981983885953","enrichr","93","21.710264956981983885953","0.0000133001388667570620566319231081742202604800695553421974182128906250000","0.000088392958309155286538393025974613692596904002130031585693359375000","","5","Literature--ChIP-seq(rank=23); ReMap--ChIP-seq(rank=46); GTEx--Coexpression(rank=200); Enrichr--Queries(rank=304); ARCHS4--Coexpression(rank=636)","450","0.12450000000000000","GTEx Coexpression,0.1245"
"KLF8","33","33.00000000000000","1","0.0075222286314411525645629019720672658877447247505187988281250000000000000","0.090494689899458746751292892440687865018844604492187500000000000000000","50.583621245887364636928","TRRUST_Transcription_Factors_2019(rank=33, adjP=0.0905)","KLF8 human","94","50.583621245887364636928","enrichr","94","50.583621245887364636928","0.0075222286314411525645629019720672658877447247505187988281250000000000000","0.090494689899458746751292892440687865018844604492187500000000000000000","","3","Enrichr--Queries(rank=81); GTEx--Coexpression(rank=465); ARCHS4--Coexpression(rank=610)","241","0.05769000000000000","Enrichr Queries,0.05769"
"PRDM14","33","46.00000000000000","2","0.0000001290595515562284358317986622879947056219407386379316449165344238281","0.000001642774969808942839757785227272623984617894166149199008941650391","27.065405839295806345035","Transcription_Factor_PPIs(rank=33, adjP=0.998); ChEA_2022(rank=59, adjP=1.64e-06)","PRDM14; PRDM14 21183938 ChIP-Seq MESCs Mouse","95","27.065405839295806345035","enrichr","95","27.065405839295806345035","0.0000001290595515562284358317986622879947056219407386379316449165344238281","0.000001642774969808942839757785227272623984617894166149199008941650391","","5","ReMap--ChIP-seq(rank=6); Literature--ChIP-seq(rank=16); ARCHS4--Coexpression(rank=464); Enrichr--Queries(rank=533); GTEx--Coexpression(rank=964)","86","0.02020000000000000","ReMap ChIP-seq,0.0202"
"CBX3","33","106.00000000000000","3","0.6568980889365108044586349933524616062641143798828125000000000000000000000","0.997973466142412224400004561175592243671417236328125000000000000000000","0.375275646488479663887","ENCODE_and_ChEA_Consensus_TFs_from_ChIP-X(rank=33, adjP=1); ENCODE_TF_ChIP-seq_2015(rank=97, adjP=1); Transcription_Factor_PPIs(rank=188, adjP=0.998)","CBX3 ENCODE; CBX3 HCT116 hg19; CBX3","96","0.375275646488479663887","enrichr","96","0.375275646488479663887","0.6568980889365108044586349933524616062641143798828125000000000000000000000","0.997973466142412224400004561175592243671417236328125000000000000000000","","0","",NA,NA,NA
"TEAD4","34","75.50000000000000","2","0.0000180690474766446411826557177926488861885445658117532730102539062500000","0.000115981663717607945971246885541461324464762583374977111816406250000","16.542159325952255244374","ENCODE_TF_ChIP-seq_2015(rank=34, adjP=1); ChEA_2022(rank=117, adjP=0.000116)","TEAD4 SK-N-SH hg19; TEAD4 22529382 ChIP-Seq TROPHECTODERM Mouse","97","16.542159325952255244374","enrichr","97","16.542159325952255244374","0.0000180690474766446411826557177926488861885445658117532730102539062500000","0.000115981663717607945971246885541461324464762583374977111816406250000","","6","ENCODE--ChIP-seq(rank=11); Literature--ChIP-seq(rank=37); ReMap--ChIP-seq(rank=106); Enrichr--Queries(rank=740); GTEx--Coexpression(rank=905); ARCHS4--Coexpression(rank=1356)","357","0.09322000000000000","ENCODE ChIP-seq,0.09322"
"PHC1","34","84.00000000000000","2","0.0000000000266865170470344132952122362973393582610825980339086527237668633","0.000000000589458067715377538244305042957954174354107124145230045542121","58.940448858758855976703","ChEA_2022(rank=34, adjP=5.89e-10); Transcription_Factor_PPIs(rank=134, adjP=0.998)","PHC1 16625203 ChIP-ChIP MESCs Mouse; PHC1","98","58.940448858758855976703","enrichr","98","58.940448858758855976703","0.0000000000266865170470344132952122362973393582610825980339086527237668633","0.000000000589458067715377538244305042957954174354107124145230045542121","","0","",NA,NA,NA
"CEBPD","34","114.00000000000000","5","0.0000000077488122452762239539304303941220919416110746169579215347766876221","0.000000129319066582276596106648551554041404187955777160823345184326172","34.272238654414771019674","Transcription_Factor_PPIs(rank=34, adjP=0.998); ChEA_2022(rank=45, adjP=1.29e-07); ENCODE_and_ChEA_Consensus_TFs_from_ChIP-X(rank=69, adjP=1); TRRUST_Transcription_Factors_2019(rank=166, adjP=0.552); ENCODE_TF_ChIP-seq_2015(rank=256, adjP=1)","CEBPD; CEBPD 21427703 ChIP-Seq 3T3-L1 Mouse; CEBPD ENCODE; CEBPD human; CEBPD K562 hg19","99","34.272238654414771019674","enrichr","99","34.272238654414771019674","0.0000000077488122452762239539304303941220919416110746169579215347766876221","0.000000129319066582276596106648551554041404187955777160823345184326172","","5","Literature--ChIP-seq(rank=61); ENCODE--ChIP-seq(rank=72); ReMap--ChIP-seq(rank=277); ARCHS4--Coexpression(rank=294); GTEx--Coexpression(rank=722)","590","0.18060000000000001","ARCHS4 Coexpression,0.1806"
"FOXO1","34","142.00000000000000","2","0.0031604890055236681614680982477239012951031327247619628906250000000000000","0.009494108972593104378567829826351953670382499694824218750000000000000","21.498069377313520078587","TRRUST_Transcription_Factors_2019(rank=34, adjP=0.0998); ChEA_2022(rank=250, adjP=0.00949)","FOXO1 human; FOXO1 25302145 ChIP-Seq T-LYMPHOCYTE Mouse","100","21.498069377313520078587","enrichr","100","21.498069377313520078587","0.0031604890055236681614680982477239012951031327247619628906250000000000000","0.009494108972593104378567829826351953670382499694824218750000000000000","","5","Literature--ChIP-seq(rank=58); ReMap--ChIP-seq(rank=99); ARCHS4--Coexpression(rank=562); Enrichr--Queries(rank=591); GTEx--Coexpression(rank=717)","914","0.33329999999999999","ReMap ChIP-seq,0.3333"
"CJUN","35","35.00000000000000","1","0.0000000000999491233086411123941791617283024982965056182138141593895852566","0.000000002144622617279700410373300653631492562745108898525359109044075","43.493561221677133232788","ChEA_2022(rank=35, adjP=2.14e-09)","CJUN 26792858 Chip-Seq BT549 Human","101","43.493561221677133232788","enrichr","101","43.493561221677133232788","0.0000000000999491233086411123941791617283024982965056182138141593895852566","0.000000002144622617279700410373300653631492562745108898525359109044075","","0","",NA,NA,NA
"FOSL2","35","39.50000000000000","2","0.1411223259008228259059336551217711530625820159912109375000000000000000000","0.999995201574610415029553678323281928896903991699218750000000000000000","2.543498254894589916120","ENCODE_TF_ChIP-seq_2015(rank=35, adjP=1); ENCODE_and_ChEA_Consensus_TFs_from_ChIP-X(rank=44, adjP=1)","FOSL2 MCF-7 hg19; FOSL2 ENCODE","102","2.543498254894589916120","enrichr","102","2.543498254894589916120","0.1411223259008228259059336551217711530625820159912109375000000000000000000","0.999995201574610415029553678323281928896903991699218750000000000000000","","5","ENCODE--ChIP-seq(rank=17); ReMap--ChIP-seq(rank=69); Enrichr--Queries(rank=604); GTEx--Coexpression(rank=658); ARCHS4--Coexpression(rank=1068)","507","0.14410000000000001","ENCODE ChIP-seq,0.1441"
"SMAD1","35","90.00000000000000","3","0.0007186369753314719808351407337454475054983049631118774414062500000000000","0.002810918585801747311692100339541866560466587543487548828125000000000","21.498069377313520078587","TRRUST_Transcription_Factors_2019(rank=35, adjP=0.0998); Transcription_Factor_PPIs(rank=43, adjP=0.998); ChEA_2022(rank=192, adjP=0.00281)","SMAD1 mouse; SMAD1; SMAD1 18555785 Chip-Seq ESCs Mouse","103","21.498069377313520078587","enrichr","103","21.498069377313520078587","0.0007186369753314719808351407337454475054983049631118774414062500000000000","0.002810918585801747311692100339541866560466587543487548828125000000000","","5","Literature--ChIP-seq(rank=91); ReMap--ChIP-seq(rank=200); ARCHS4--Coexpression(rank=500); Enrichr--Queries(rank=546); GTEx--Coexpression(rank=1364)","863","0.30709999999999998","ARCHS4 Coexpression,0.3071"
"FOXA2","35","142.00000000000000","5","0.0000173094712862205151371244177260777519222756382077932357788085937500000","0.000112063904620272503814305820046826056568534113466739654541015625000","15.711419455734493055843","ENCODE_and_ChEA_Consensus_TFs_from_ChIP-X(rank=35, adjP=1); ENCODE_TF_ChIP-seq_2015(rank=93, adjP=1); Transcription_Factor_PPIs(rank=100, adjP=0.998); ChEA_2022(rank=116, adjP=0.000112); TRRUST_Transcription_Factors_2019(rank=366, adjP=0.691)","FOXA2 ENCODE; FOXA2 HepG2 hg19; FOXA2; FOXA2 19822575 ChIP-Seq HepG2 Human; FOXA2 human","104","15.711419455734493055843","enrichr","104","15.711419455734493055843","0.0000173094712862205151371244177260777519222756382077932357788085937500000","0.000112063904620272503814305820046826056568534113466739654541015625000","","6","Literature--ChIP-seq(rank=35); ENCODE--ChIP-seq(rank=40); ReMap--ChIP-seq(rank=77); Enrichr--Queries(rank=457); ARCHS4--Coexpression(rank=583); GTEx--Coexpression(rank=845)","662","0.21340000000000001","Literature ChIP-seq,0.2134"
"IRF4","35","301.75000000000000","4","0.0464428065242683124624889501319557894021272659301757812500000000000000000","0.092271290210914055918145493251358857378363609313964843750000000000000","8.132214913866203431780","Transcription_Factor_PPIs(rank=35, adjP=0.998); TRRUST_Transcription_Factors_2019(rank=112, adjP=0.395); ChEA_2022(rank=378, adjP=0.0923); ENCODE_TF_ChIP-seq_2015(rank=682, adjP=1)","IRF4; IRF4 mouse; IRF4 20064451 ChIP-Seq CD4+T Mouse; IRF4 GM12878 hg19","105","8.132214913866203431780","enrichr","105","8.132214913866203431780","0.0464428065242683124624889501319557894021272659301757812500000000000000000","0.092271290210914055918145493251358857378363609313964843750000000000000","","5","ENCODE--ChIP-seq(rank=90); ReMap--ChIP-seq(rank=138); ARCHS4--Coexpression(rank=438); Enrichr--Queries(rank=722); GTEx--Coexpression(rank=1076)","783","0.26900000000000002","ARCHS4 Coexpression,0.269"
"ZKSCAN1","36","46.50000000000000","2","0.4067345073728602100615603376354556530714035034179687500000000000000000000","0.999995201574610415029553678323281928896903991699218750000000000000000","0.984520625172445429385","ENCODE_and_ChEA_Consensus_TFs_from_ChIP-X(rank=36, adjP=1); ENCODE_TF_ChIP-seq_2015(rank=57, adjP=1)","ZKSCAN1 ENCODE; ZKSCAN1 MEL cell line mm9","106","0.984520625172445429385","enrichr","106","0.984520625172445429385","0.4067345073728602100615603376354556530714035034179687500000000000000000000","0.999995201574610415029553678323281928896903991699218750000000000000000","","5","ENCODE--ChIP-seq(rank=22); ReMap--ChIP-seq(rank=129); ARCHS4--Coexpression(rank=528); GTEx--Coexpression(rank=814); Enrichr--Queries(rank=1107)","606","0.18640000000000001","ENCODE ChIP-seq,0.1864"
"NCOA1","36","75.50000000000000","2","0.1194381591346989207602646843042748514562845230102539062500000000000000000","0.395141243137295539167297420135582797229290008544921875000000000000000","8.132214913866203431780","Transcription_Factor_PPIs(rank=36, adjP=0.998); TRRUST_Transcription_Factors_2019(rank=115, adjP=0.395)","NCOA1; NCOA1 mouse","107","8.132214913866203431780","enrichr","107","8.132214913866203431780","0.1194381591346989207602646843042748514562845230102539062500000000000000000","0.395141243137295539167297420135582797229290008544921875000000000000000","","4","ReMap--ChIP-seq(rank=167); ARCHS4--Coexpression(rank=522); GTEx--Coexpression(rank=542); Enrichr--Queries(rank=785)","889","0.32060000000000000","ARCHS4 Coexpression,0.3206"
"LEF1","36","98.50000000000000","2","0.0000000001528538225029370991325775111320983863649747291901803691871464252","0.000000003188700574991825943629437155953272597930236997854080982506275","38.962924135036644202046","ChEA_2022(rank=36, adjP=3.19e-09); TRRUST_Transcription_Factors_2019(rank=161, adjP=0.519)","LEF1 29337183 ChIP-Seq mESC Mouse Stem; LEF1 human","108","38.962924135036644202046","enrichr","108","38.962924135036644202046","0.0000000001528538225029370991325775111320983863649747291901803691871464252","0.000000003188700574991825943629437155953272597930236997854080982506275","","4","ReMap--ChIP-seq(rank=71); Enrichr--Queries(rank=206); ARCHS4--Coexpression(rank=237); GTEx--Coexpression(rank=322)","509","0.14560000000000001","ARCHS4 Coexpression,0.1456"
"SP2","36","166.75000000000000","4","0.0108262064518982459304652365972287952899932861328125000000000000000000000","0.119388998927877923450502350988244870677590370178222656250000000000000","39.012188946612681661463","TRRUST_Transcription_Factors_2019(rank=36, adjP=0.119); Transcription_Factor_PPIs(rank=55, adjP=0.998); ENCODE_and_ChEA_Consensus_TFs_from_ChIP-X(rank=92, adjP=1); ENCODE_TF_ChIP-seq_2015(rank=484, adjP=1)","SP2 mouse; SP2; SP2 ENCODE; SP2 K562 hg19","109","39.012188946612681661463","enrichr","109","39.012188946612681661463","0.0108262064518982459304652365972287952899932861328125000000000000000000000","0.119388998927877923450502350988244870677590370178222656250000000000000","","5","ENCODE--ChIP-seq(rank=105); ReMap--ChIP-seq(rank=281); GTEx--Coexpression(rank=608); ARCHS4--Coexpression(rank=824); Enrichr--Queries(rank=1152)","996","0.37830000000000003","GTEx Coexpression,0.3783"
"JUND","36","169.00000000000000","4","0.0004376577725486215249793564563418613033718429505825042724609375000000000","0.001896809582955503482859516140024425112642347812652587890625000000000","11.040589336239776230286","ENCODE_TF_ChIP-seq_2015(rank=36, adjP=1); Transcription_Factor_PPIs(rank=123, adjP=0.998); ChEA_2022(rank=172, adjP=0.0019); TRRUST_Transcription_Factors_2019(rank=345, adjP=0.639)","JUND HCT116 hg19; JUND; JUND 26020271 ChIP-Seq SMOOTH MUSCLE Human; JUND human","110","11.040589336239776230286","enrichr","110","11.040589336239776230286","0.0004376577725486215249793564563418613033718429505825042724609375000000000","0.001896809582955503482859516140024425112642347812652587890625000000000","","6","ENCODE--ChIP-seq(rank=14); Literature--ChIP-seq(rank=65); ReMap--ChIP-seq(rank=143); Enrichr--Queries(rank=1051); ARCHS4--Coexpression(rank=1112); GTEx--Coexpression(rank=1184)","429","0.11860000000000000","ENCODE ChIP-seq,0.1186"
"P300","37","37.00000000000000","1","0.0000000002035667958753371994560411522510448220635304039660695707425475121","0.000000004131855775739948767321354285717363574725879971083486452698708","41.562746862829854421761","ChEA_2022(rank=37, adjP=4.13e-09)","P300 19829295 ChIP-Seq ESCs Human","111","41.562746862829854421761","enrichr","111","41.562746862829854421761","0.0000000002035667958753371994560411522510448220635304039660695707425475121","0.000000004131855775739948767321354285717363574725879971083486452698708","","0","",NA,NA,NA
"PAX5","37","132.66666666666666","3","0.2185141978664444095681318458446185104548931121826171875000000000000000000","0.554408016325561803228083590511232614517211914062500000000000000000000","3.740763026825564274702","Transcription_Factor_PPIs(rank=37, adjP=0.998); ENCODE_TF_ChIP-seq_2015(rank=141, adjP=1); TRRUST_Transcription_Factors_2019(rank=220, adjP=0.554)","PAX5; PAX5 GM12892 hg19; PAX5 human","112","3.740763026825564274702","enrichr","112","3.740763026825564274702","0.2185141978664444095681318458446185104548931121826171875000000000000000000","0.554408016325561803228083590511232614517211914062500000000000000000000","","5","ENCODE--ChIP-seq(rank=49); ReMap--ChIP-seq(rank=247); Enrichr--Queries(rank=597); ARCHS4--Coexpression(rank=637); GTEx--Coexpression(rank=921)","1019","0.39129999999999998","ARCHS4 Coexpression,0.3913"
"SALL1","38","38.00000000000000","1","0.2185141978664444095681318458446185104548931121826171875000000000000000000","0.997973466142412224400004561175592243671417236328125000000000000000000","3.740763026825564274702","Transcription_Factor_PPIs(rank=38, adjP=0.998)","SALL1","113","3.740763026825564274702","enrichr","113","3.740763026825564274702","0.2185141978664444095681318458446185104548931121826171875000000000000000000","0.997973466142412224400004561175592243671417236328125000000000000000000","","4","ARCHS4--Coexpression(rank=71); Enrichr--Queries(rank=114); GTEx--Coexpression(rank=152); Literature--ChIP-seq(rank=162)","189","0.04361000000000000","ARCHS4 Coexpression,0.04361"
"MITF","38","91.00000000000000","3","0.0000002564989028578737923566718218820748020903010910842567682266235351562","0.000003106946387842954147200449921406573139393003657460212707519531250","21.608634418165841850623","TRRUST_Transcription_Factors_2019(rank=38, adjP=0.13); ChEA_2022(rank=62, adjP=3.11e-06); Transcription_Factor_PPIs(rank=173, adjP=0.998)","MITF human; MITF 21258399 ChIP-Seq MELANOMA Human; MITF","114","21.608634418165841850623","enrichr","114","21.608634418165841850623","0.0000002564989028578737923566718218820748020903010910842567682266235351562","0.000003106946387842954147200449921406573139393003657460212707519531250","","5","Literature--ChIP-seq(rank=40); Enrichr--Queries(rank=88); ReMap--ChIP-seq(rank=90); ARCHS4--Coexpression(rank=376); GTEx--Coexpression(rank=726)","258","0.06268000000000000","Enrichr Queries,0.06268"
"ZC3H11A","39","39.00000000000000","2","0.1761043913631901158822756769950501620769500732421875000000000000000000000","0.999995201574610415029553678323281928896903991699218750000000000000000","1.993819671070154342374","ENCODE_TF_ChIP-seq_2015(rank=39, adjP=1); ENCODE_and_ChEA_Consensus_TFs_from_ChIP-X(rank=39, adjP=1)","ZC3H11A ES-E14 mm9; ZC3H11A ENCODE","115","1.993819671070154342374","enrichr","115","1.993819671070154342374","0.1761043913631901158822756769950501620769500732421875000000000000000000000","0.999995201574610415029553678323281928896903991699218750000000000000000","","0","",NA,NA,NA
"FOSL1","40","126.33333333333333","3","0.0054082124128539280430438829228023678297176957130432128906250000000000000","0.014947523966202995102103834312856633914634585380554199218750000000000","20.280803177309529417016","ENCODE_TF_ChIP-seq_2015(rank=40, adjP=1); TRRUST_Transcription_Factors_2019(rank=68, adjP=0.299); ChEA_2022(rank=271, adjP=0.0149)","FOSL1 HCT116 hg19; FOSL1 mouse; FOSL1 28411283 ChIP-Seq MDA231-LM2-4175 Human BreastCancer","116","20.280803177309529417016","enrichr","116","20.280803177309529417016","0.0054082124128539280430438829228023678297176957130432128906250000000000000","0.014947523966202995102103834312856633914634585380554199218750000000000","","5","ENCODE--ChIP-seq(rank=16); ReMap--ChIP-seq(rank=24); ARCHS4--Coexpression(rank=609); GTEx--Coexpression(rank=648); Enrichr--Queries(rank=653)","313","0.08081000000000001","ReMap ChIP-seq,0.08081"
"IRF1","40","172.80000000000001","5","0.0003476278347743221334639751596284895640565082430839538574218750000000000","0.001563284454583928296741990315865677985129877924919128417968750000000","27.207402720733217194038","Transcription_Factor_PPIs(rank=40, adjP=0.998); ENCODE_and_ChEA_Consensus_TFs_from_ChIP-X(rank=40, adjP=1); ChEA_2022(rank=167, adjP=0.00156); TRRUST_Transcription_Factors_2019(rank=215, adjP=0.554); ENCODE_TF_ChIP-seq_2015(rank=402, adjP=1)","IRF1; IRF1 ENCODE; IRF1 21803131 ChIP-Seq PrimaryMonocytes Human Connective; IRF1 human; IRF1 K562 hg19","117","27.207402720733217194038","enrichr","117","27.207402720733217194038","0.0003476278347743221334639751596284895640565082430839538574218750000000000","0.001563284454583928296741990315865677985129877924919128417968750000000","","6","Literature--ChIP-seq(rank=60); ReMap--ChIP-seq(rank=74); ENCODE--ChIP-seq(rank=93); ARCHS4--Coexpression(rank=104); Enrichr--Queries(rank=185); GTEx--Coexpression(rank=194)","261","0.06388000000000001","ARCHS4 Coexpression,0.06388"
"MYB","40","214.25000000000000","4","0.0146274344460169437864838215546114952303469181060791015625000000000000000","0.140285513319228311024389199701545294374227523803710937500000000000000","14.117352251821319697456","TRRUST_Transcription_Factors_2019(rank=40, adjP=0.14); Transcription_Factor_PPIs(rank=120, adjP=0.998); ENCODE_TF_ChIP-seq_2015(rank=243, adjP=1); ChEA_2022(rank=454, adjP=0.255)","MYB human; MYB; MYB MEL cell line mm9; MYB 26560356 Chip-Seq TH2 Human","118","14.117352251821319697456","enrichr","118","14.117352251821319697456","0.0146274344460169437864838215546114952303469181060791015625000000000000000","0.140285513319228311024389199701545294374227523803710937500000000000000","","6","ENCODE--ChIP-seq(rank=62); ReMap--ChIP-seq(rank=82); Literature--ChIP-seq(rank=125); GTEx--Coexpression(rank=509); ARCHS4--Coexpression(rank=629); Enrichr--Queries(rank=954)","800","0.27610000000000001","ReMap ChIP-seq,0.2761"
"NRF2","41","41.00000000000000","1","0.0000000021871738593728836027735815160984861327264638930500950664281845093","0.000000040062623619244785695440113325316300318945650360547006130218506","41.878292064034283725960","ChEA_2022(rank=41, adjP=4.01e-08)","NRF2 20460467 ChIP-Seq MEFs Mouse","119","41.878292064034283725960","enrichr","119","41.878292064034283725960","0.0000000021871738593728836027735815160984861327264638930500950664281845093","0.000000040062623619244785695440113325316300318945650360547006130218506","","0","",NA,NA,NA
"RFX5","41","52.00000000000000","3","0.2392166614231261145828710823479923419654369354248046875000000000000000000","0.997973466142412224400004561175592243671417236328125000000000000000000","3.283410820732696855373","Transcription_Factor_PPIs(rank=41, adjP=0.998); ENCODE_and_ChEA_Consensus_TFs_from_ChIP-X(rank=43, adjP=1); ENCODE_TF_ChIP-seq_2015(rank=72, adjP=1)","RFX5; RFX5 ENCODE; RFX5 IMR-90 hg19","120","3.283410820732696855373","enrichr","120","3.283410820732696855373","0.2392166614231261145828710823479923419654369354248046875000000000000000000","0.997973466142412224400004561175592243671417236328125000000000000000000","","5","ENCODE--ChIP-seq(rank=31); ReMap--ChIP-seq(rank=139); GTEx--Coexpression(rank=732); Enrichr--Queries(rank=843); ARCHS4--Coexpression(rank=1303)","772","0.26269999999999999","ENCODE ChIP-seq,0.2627"
"HNF4A","41","249.80000000000001","5","0.3171610763793586418302083984599448740482330322265625000000000000000000000","0.554408016325561803228083590511232614517211914062500000000000000000000","1.797195008451448305919","ENCODE_and_ChEA_Consensus_TFs_from_ChIP-X(rank=41, adjP=1); Transcription_Factor_PPIs(rank=132, adjP=0.998); TRRUST_Transcription_Factors_2019(rank=216, adjP=0.554); ENCODE_TF_ChIP-seq_2015(rank=281, adjP=1); ChEA_2022(rank=579, adjP=0.709)","HNF4A ENCODE; HNF4A; HNF4A mouse; HNF4A HepG2 hg19; HNF4A 19761587 ChIP-ChIP CACO-2 Human","121","1.797195008451448305919","enrichr","121","1.797195008451448305919","0.3171610763793586418302083984599448740482330322265625000000000000000000000","0.554408016325561803228083590511232614517211914062500000000000000000000","","6","ENCODE--ChIP-seq(rank=57); ReMap--ChIP-seq(rank=70); Literature--ChIP-seq(rank=84); ARCHS4--Coexpression(rank=317); Enrichr--Queries(rank=651); GTEx--Coexpression(rank=664)","625","0.19470000000000001","ARCHS4 Coexpression,0.1947"
"FOXM1","42","89.75000000000000","4","0.0000000025038303398347569120972501692957284946672302794468123465776443481","0.000000044770871076569091340857311925663375440365143731469288468360901","35.601365639358945713866","ChEA_2022(rank=42, adjP=4.48e-08); ENCODE_and_ChEA_Consensus_TFs_from_ChIP-X(rank=52, adjP=1); ENCODE_TF_ChIP-seq_2015(rank=98, adjP=1); TRRUST_Transcription_Factors_2019(rank=167, adjP=0.552)","FOXM1 26456572 ChIP-Seq MCF-7 Human; FOXM1 ENCODE; FOXM1 MCF-7 hg19; FOXM1 human","122","35.601365639358945713866","enrichr","122","35.601365639358945713866","0.0000000025038303398347569120972501692957284946672302794468123465776443481","0.000000044770871076569091340857311925663375440365143731469288468360901","","6","Literature--ChIP-seq(rank=19); ENCODE--ChIP-seq(rank=46); ReMap--ChIP-seq(rank=279); Enrichr--Queries(rank=1385); ARCHS4--Coexpression(rank=1454); GTEx--Coexpression(rank=1592)","420","0.11590000000000000","Literature ChIP-seq,0.1159"
"RUNX1","42","101.75000000000000","4","0.0035268101712961127253143089887998939957469701766967773437500000000000000","0.010510454121600712809603273001357592875137925148010253906250000000000","11.764408516856335040757","ENCODE_and_ChEA_Consensus_TFs_from_ChIP-X(rank=42, adjP=1); TRRUST_Transcription_Factors_2019(rank=49, adjP=0.17); Transcription_Factor_PPIs(rank=64, adjP=0.998); ChEA_2022(rank=252, adjP=0.0105)","RUNX1 CHEA; RUNX1 human; RUNX1; RUNX1 27457419 Chip-Seq LIVER Mouse","123","11.764408516856335040757","enrichr","123","11.764408516856335040757","0.0035268101712961127253143089887998939957469701766967773437500000000000000","0.010510454121600712809603273001357592875137925148010253906250000000000","","5","Literature--ChIP-seq(rank=78); ReMap--ChIP-seq(rank=84); Enrichr--Queries(rank=321); GTEx--Coexpression(rank=510); ARCHS4--Coexpression(rank=946)","695","0.22860000000000000","Enrichr Queries,0.2286"
"TFAP2A","42","172.50000000000000","4","0.0022003008540439341830796671217740367865189909934997558593750000000000000","0.007167548906837396122115890761961054522544145584106445312500000000000","31.106701956488109317434","TRRUST_Transcription_Factors_2019(rank=42, adjP=0.14); Transcription_Factor_PPIs(rank=179, adjP=0.998); ChEA_2022(rank=230, adjP=0.00717); ENCODE_TF_ChIP-seq_2015(rank=239, adjP=1)","TFAP2A mouse; TFAP2A; TFAP2A 17053090 ChIP-ChIP MCF-7 Human; TFAP2A HeLa-S3 hg19","124","31.106701956488109317434","enrichr","124","31.106701956488109317434","0.0022003008540439341830796671217740367865189909934997558593750000000000000","0.007167548906837396122115890761961054522544145584106445312500000000000","","6","ENCODE--ChIP-seq(rank=60); Literature--ChIP-seq(rank=68); ReMap--ChIP-seq(rank=219); Enrichr--Queries(rank=274); GTEx--Coexpression(rank=335); ARCHS4--Coexpression(rank=632)","628","0.19520000000000001","Enrichr Queries,0.1952"
"ZNF143","42","185.00000000000000","2","0.2461905880456233541853094948237412609159946441650390625000000000000000000","0.997973466142412224400004561175592243671417236328125000000000000000000","6.030730128632856512638","Transcription_Factor_PPIs(rank=42, adjP=0.998); ENCODE_TF_ChIP-seq_2015(rank=328, adjP=1)","ZNF143; ZNF143 H1-hESC hg19","125","6.030730128632856512638","enrichr","125","6.030730128632856512638","0.2461905880456233541853094948237412609159946441650390625000000000000000000","0.997973466142412224400004561175592243671417236328125000000000000000000","","5","ENCODE--ChIP-seq(rank=69); ReMap--ChIP-seq(rank=212); GTEx--Coexpression(rank=1094); Enrichr--Queries(rank=1171); ARCHS4--Coexpression(rank=1432)","1328","0.58470000000000000","ENCODE ChIP-seq,0.5847"
"RXRA","43","278.50000000000000","4","0.2344006773742872140608994868671288713812828063964843750000000000000000000","0.620675091110051257992097362148342654109001159667968750000000000000000","1.938552429025533596629","ENCODE_TF_ChIP-seq_2015(rank=43, adjP=1); Transcription_Factor_PPIs(rank=140, adjP=0.998); TRRUST_Transcription_Factors_2019(rank=374, adjP=0.715); ChEA_2022(rank=557, adjP=0.621)","RXRA SK-N-SH hg19; RXRA; RXRA human; RXRA 24833708 ChIP-Seq LIVER Mouse","126","1.938552429025533596629","enrichr","126","1.938552429025533596629","0.2344006773742872140608994868671288713812828063964843750000000000000000000","0.620675091110051257992097362148342654109001159667968750000000000000000","","6","ENCODE--ChIP-seq(rank=21); Literature--ChIP-seq(rank=122); ReMap--ChIP-seq(rank=268); ARCHS4--Coexpression(rank=747); GTEx--Coexpression(rank=747); Enrichr--Queries(rank=782)","582","0.17799999999999999","ENCODE ChIP-seq,0.178"
"XRCC4","44","44.00000000000000","1","0.2713868721984124543489258485351456329226493835449218750000000000000000000","0.997973466142412224400004561175592243671417236328125000000000000000000","2.245597179524122743999","Transcription_Factor_PPIs(rank=44, adjP=0.998)","XRCC4","127","2.245597179524122743999","enrichr","127","2.245597179524122743999","0.2713868721984124543489258485351456329226493835449218750000000000000000000","0.997973466142412224400004561175592243671417236328125000000000000000000","","0","",NA,NA,NA
"MYC","44","142.19999999999999","5","0.0000632954159985708733962561645114419661695137619972229003906250000000000","0.000352110054925383131677052439556518947938457131385803222656250000000","14.269926632789033504878","TRRUST_Transcription_Factors_2019(rank=44, adjP=0.153); ENCODE_and_ChEA_Consensus_TFs_from_ChIP-X(rank=86, adjP=1); ChEA_2022(rank=135, adjP=0.000352); Transcription_Factor_PPIs(rank=184, adjP=0.998); ENCODE_TF_ChIP-seq_2015(rank=262, adjP=1)","MYC mouse; MYC ENCODE; MYC 19915707 ChIP-ChIP AK7 Human; MYC; MYC H1-hESC hg19","128","14.269926632789033504878","enrichr","128","14.269926632789033504878","0.0000632954159985708733962561645114419661695137619972229003906250000000000","0.000352110054925383131677052439556518947938457131385803222656250000000","","6","Literature--ChIP-seq(rank=34); ENCODE--ChIP-seq(rank=45); ReMap--ChIP-seq(rank=235); GTEx--Coexpression(rank=712); Enrichr--Queries(rank=795); ARCHS4--Coexpression(rank=1020)","652","0.20730000000000001","Literature ChIP-seq,0.2073"
"XBP1","45","45.00000000000000","1","0.0181239124071901729073896802901799674145877361297607421875000000000000000","0.159893182792322202656620788729924242943525314331054687500000000000000","18.445720301096034887678","TRRUST_Transcription_Factors_2019(rank=45, adjP=0.16)","XBP1 human","129","18.445720301096034887678","enrichr","129","18.445720301096034887678","0.0181239124071901729073896802901799674145877361297607421875000000000000000","0.159893182792322202656620788729924242943525314331054687500000000000000","","4","ReMap--ChIP-seq(rank=192); ARCHS4--Coexpression(rank=430); GTEx--Coexpression(rank=661); Enrichr--Queries(rank=1033)","774","0.26410000000000000","ARCHS4 Coexpression,0.2641"
"GFI1B","45","373.00000000000000","2","0.2762157344023210558958680849173106253147125244140625000000000000000000000","0.997973466142412224400004561175592243671417236328125000000000000000000","1.796862928495308819876","Transcription_Factor_PPIs(rank=45, adjP=0.998); ChEA_2022(rank=701, adjP=1)","GFI1B; GFI1B 20887958 ChIP-Seq HPC-7 Mouse","130","1.796862928495308819876","enrichr","130","1.796862928495308819876","0.2762157344023210558958680849173106253147125244140625000000000000000000000","0.997973466142412224400004561175592243671417236328125000000000000000000","","5","ReMap--ChIP-seq(rank=137); Literature--ChIP-seq(rank=153); ARCHS4--Coexpression(rank=330); GTEx--Coexpression(rank=501); Enrichr--Queries(rank=746)","644","0.20269999999999999","ARCHS4 Coexpression,0.2027"
"EMX2","46","46.00000000000000","1","0.2876227151403943360641335402760887518525123596191406250000000000000000000","0.997973466142412224400004561175592243671417236328125000000000000000000","4.288964084908323926015","Transcription_Factor_PPIs(rank=46, adjP=0.998)","EMX2","131","4.288964084908323926015","enrichr","131","4.288964084908323926015","0.2876227151403943360641335402760887518525123596191406250000000000000000000","0.997973466142412224400004561175592243671417236328125000000000000000000","","3","Enrichr--Queries(rank=179); ARCHS4--Coexpression(rank=420); GTEx--Coexpression(rank=492)","462","0.12750000000000000","Enrichr Queries,0.1275"
"PPARG","46","87.75000000000000","4","0.0000003324280942825404796503690856013246701650132308714091777801513671875","0.000003840823058556737107230912714461723567183071281760931015014648438","25.577440604809300594980","TRRUST_Transcription_Factors_2019(rank=46, adjP=0.162); ENCODE_and_ChEA_Consensus_TFs_from_ChIP-X(rank=49, adjP=1); ChEA_2022(rank=65, adjP=3.84e-06); Transcription_Factor_PPIs(rank=191, adjP=0.998)","PPARG mouse; PPARG CHEA; PPARG 20176806 ChIP-Seq 3T3-L1 Mouse; PPARG","132","25.577440604809300594980","enrichr","132","25.577440604809300594980","0.0000003324280942825404796503690856013246701650132308714091777801513671875","0.000003840823058556737107230912714461723567183071281760931015014648438","","5","ReMap--ChIP-seq(rank=38); Literature--ChIP-seq(rank=85); Enrichr--Queries(rank=255); GTEx--Coexpression(rank=363); ARCHS4--Coexpression(rank=553)","463","0.12790000000000001","ReMap ChIP-seq,0.1279"
"NELFE","46","137.00000000000000","2","0.9755296311027510380853300375747494399547576904296875000000000000000000000","0.999995201574610415029553678323281928896903991699218750000000000000000","0.013064598751871991933","ENCODE_and_ChEA_Consensus_TFs_from_ChIP-X(rank=46, adjP=1); ENCODE_TF_ChIP-seq_2015(rank=228, adjP=1)","NELFE ENCODE; NELFE K562 hg19","133","0.013064598751871991933","enrichr","133","0.013064598751871991933","0.9755296311027510380853300375747494399547576904296875000000000000000000000","0.999995201574610415029553678323281928896903991699218750000000000000000","","0","",NA,NA,NA
"OLIG2","47","47.00000000000000","1","0.0000000195975609392644060103789765883014473146772616019006818532943725586","0.000000313144005646544040139553442131381544299983943346887826919555664","30.950409388278703914921","ChEA_2022(rank=47, adjP=3.13e-07)","OLIG2 26023283 ChIP-Seq AINV15 Mouse","134","30.950409388278703914921","enrichr","134","30.950409388278703914921","0.0000000195975609392644060103789765883014473146772616019006818532943725586","0.000000313144005646544040139553442131381544299983943346887826919555664","","4","Literature--ChIP-seq(rank=18); ARCHS4--Coexpression(rank=76); GTEx--Coexpression(rank=215); Enrichr--Queries(rank=294)","199","0.04668000000000000","ARCHS4 Coexpression,0.04668"
"HOXB4","47","383.00000000000000","2","0.2876227151403943360641335402760887518525123596191406250000000000000000000","0.997973466142412224400004561175592243671417236328125000000000000000000","4.288964084908323926015","Transcription_Factor_PPIs(rank=47, adjP=0.998); ChEA_2022(rank=719, adjP=1)","HOXB4; HOXB4 20404135 ChIP-ChIP EML Mouse","135","4.288964084908323926015","enrichr","135","4.288964084908323926015","0.2876227151403943360641335402760887518525123596191406250000000000000000000","0.997973466142412224400004561175592243671417236328125000000000000000000","","4","Enrichr--Queries(rank=141); GTEx--Coexpression(rank=156); Literature--ChIP-seq(rank=156); ARCHS4--Coexpression(rank=1182)","370","0.09708000000000000","GTEx Coexpression,0.09708"
"GF1","48","48.00000000000000","1","0.0000000203561237113034348082731694743255368429402096808189526200294494629","0.000000318488518899768172190260047058063541669525875477120280265808105","33.669045120142989446776","ChEA_2022(rank=48, adjP=3.18e-07)","GF1 26923725 Chip-Seq HPCs Mouse","136","33.669045120142989446776","enrichr","136","33.669045120142989446776","0.0000000203561237113034348082731694743255368429402096808189526200294494629","0.000000318488518899768172190260047058063541669525875477120280265808105","","0","",NA,NA,NA
"SOX9","48","104.00000000000000","2","0.0002301743879340270874846868798258014976454433053731918334960937500000000","0.001080381033365340054386294355026620905846357345581054687500000000000","14.133718996629715647373","TRRUST_Transcription_Factors_2019(rank=48, adjP=0.162); ChEA_2022(rank=160, adjP=0.00108)","SOX9 mouse; SOX9 26525672 Chip-Seq Limbbuds Mouse","137","14.133718996629715647373","enrichr","137","14.133718996629715647373","0.0002301743879340270874846868798258014976454433053731918334960937500000000","0.001080381033365340054386294355026620905846357345581054687500000000000","","5","Literature--ChIP-seq(rank=53); ARCHS4--Coexpression(rank=83); Enrichr--Queries(rank=160); ReMap--ChIP-seq(rank=194); GTEx--Coexpression(rank=216)","217","0.05098000000000000","ARCHS4 Coexpression,0.05098"
"SIX5","48","211.66666666666666","3","0.2876227151403943360641335402760887518525123596191406250000000000000000000","0.997973466142412224400004561175592243671417236328125000000000000000000","4.288964084908323926015","Transcription_Factor_PPIs(rank=48, adjP=0.998); ENCODE_and_ChEA_Consensus_TFs_from_ChIP-X(rank=91, adjP=1); ENCODE_TF_ChIP-seq_2015(rank=496, adjP=1)","SIX5; SIX5 ENCODE; SIX5 K562 hg19","138","4.288964084908323926015","enrichr","138","4.288964084908323926015","0.2876227151403943360641335402760887518525123596191406250000000000000000000","0.997973466142412224400004561175592243671417236328125000000000000000000","","5","ENCODE--ChIP-seq(rank=107); ReMap--ChIP-seq(rank=282); GTEx--Coexpression(rank=684); Enrichr--Queries(rank=763); ARCHS4--Coexpression(rank=1365)","1074","0.42559999999999998","GTEx Coexpression,0.4256"
"SMARCC1","49","185.00000000000000","2","0.2897517775827782582354075202601961791515350341796875000000000000000000000","0.997973466142412224400004561175592243671417236328125000000000000000000","1.610566230762627615292","Transcription_Factor_PPIs(rank=49, adjP=0.998); ENCODE_TF_ChIP-seq_2015(rank=321, adjP=1)","SMARCC1; SMARCC1 HeLa-S3 hg19","139","1.610566230762627615292","enrichr","139","1.610566230762627615292","0.2897517775827782582354075202601961791515350341796875000000000000000000000","0.997973466142412224400004561175592243671417236328125000000000000000000","","0","",NA,NA,NA
"LMO2","50","86.00000000000000","2","0.0000000237309394696531502060382964750320788915871617064112797379493713379","0.000000356438710834190299749606309007154969492603413527831435203552246","31.350486969604347109453","ChEA_2022(rank=50, adjP=3.56e-07); Transcription_Factor_PPIs(rank=122, adjP=0.998)","LMO2 26923725 Chip-Seq HEMANGIOBLAST Mouse; LMO2","140","31.350486969604347109453","enrichr","140","31.350486969604347109453","0.0000000237309394696531502060382964750320788915871617064112797379493713379","0.000000356438710834190299749606309007154969492603413527831435203552246","","0","",NA,NA,NA
"ETS1","50","146.00000000000000","5","0.0242529800979786082371081334940754459239542484283447265625000000000000000","0.053413454702586300737454649834035080857574939727783203125000000000000","7.359834270355666951957","ENCODE_and_ChEA_Consensus_TFs_from_ChIP-X(rank=50, adjP=1); TRRUST_Transcription_Factors_2019(rank=63, adjP=0.265); Transcription_Factor_PPIs(rank=86, adjP=0.998); ENCODE_TF_ChIP-seq_2015(rank=190, adjP=1); ChEA_2022(rank=341, adjP=0.0534)","ETS1 ENCODE; ETS1 mouse; ETS1; ETS1 MEL cell line mm9; ETS1 21867929 ChIP-Seq TH2 Mouse","141","7.359834270355666951957","enrichr","141","7.359834270355666951957","0.0242529800979786082371081334940754459239542484283447265625000000000000000","0.053413454702586300737454649834035080857574939727783203125000000000000","","6","ENCODE--ChIP-seq(rank=30); Literature--ChIP-seq(rank=161); ReMap--ChIP-seq(rank=163); GTEx--Coexpression(rank=221); Enrichr--Queries(rank=275); ARCHS4--Coexpression(rank=308)","485","0.13750000000000001","GTEx Coexpression,0.1375"
"SMARCB1","50","285.50000000000000","2","0.3060120558074639895984603299439186230301856994628906250000000000000000000","0.997973466142412224400004561175592243671417236328125000000000000000000","1.510905370112079371125","Transcription_Factor_PPIs(rank=50, adjP=0.998); ENCODE_TF_ChIP-seq_2015(rank=521, adjP=1)","SMARCB1; SMARCB1 HeLa-S3 hg19","142","1.510905370112079371125","enrichr","142","1.510905370112079371125","0.3060120558074639895984603299439186230301856994628906250000000000000000000","0.997973466142412224400004561175592243671417236328125000000000000000000","","0","",NA,NA,NA
"CDX2","51","51.50000000000000","2","0.0000000366634221385232166251677457090990541743735775526147335767745971680","0.000000539886863255508654830508354777185431316866015549749135971069336","29.442909587029223672516","ChEA_2022(rank=51, adjP=5.4e-07); TRRUST_Transcription_Factors_2019(rank=52, adjP=0.222)","CDX2 22108803 ChIP-Seq LS180 Human; CDX2 human","143","29.442909587029223672516","enrichr","143","29.442909587029223672516","0.0000000366634221385232166251677457090990541743735775526147335767745971680","0.000000539886863255508654830508354777185431316866015549749135971069336","","5","Literature--ChIP-seq(rank=31); ReMap--ChIP-seq(rank=59); ARCHS4--Coexpression(rank=159); GTEx--Coexpression(rank=336); Enrichr--Queries(rank=693)","373","0.09767000000000001","ARCHS4 Coexpression,0.09767"
"CREB1","51","238.40000000000001","5","0.0039038683160167232145953963851070511736907064914703369140625000000000000","0.011382291746143248858946783741430408554151654243469238281250000000000","7.381670395435513398752","Transcription_Factor_PPIs(rank=51, adjP=0.998); ENCODE_and_ChEA_Consensus_TFs_from_ChIP-X(rank=79, adjP=1); TRRUST_Transcription_Factors_2019(rank=121, adjP=0.398); ChEA_2022(rank=257, adjP=0.0114); ENCODE_TF_ChIP-seq_2015(rank=684, adjP=1)","CREB1; CREB1 ENCODE; CREB1 human; CREB1 26743006 Chip-Seq LNCaP-abl Human; CREB1 K562 hg19","144","7.381670395435513398752","enrichr","144","7.381670395435513398752","0.0039038683160167232145953963851070511736907064914703369140625000000000000","0.011382291746143248858946783741430408554151654243469238281250000000000","","6","ENCODE--ChIP-seq(rank=88); Literature--ChIP-seq(rank=143); ReMap--ChIP-seq(rank=226); Enrichr--Queries(rank=1251); GTEx--Coexpression(rank=1304); ARCHS4--Coexpression(rank=1431)","1515","0.74580000000000002","ENCODE ChIP-seq,0.7458"
"HNF1A","52","277.66666666666669","3","0.1692879857881913474582091794218285940587520599365234375000000000000000000","0.469981331174209537859809415749623440206050872802734375000000000000000","3.990427767643845324841","Transcription_Factor_PPIs(rank=52, adjP=0.998); TRRUST_Transcription_Factors_2019(rank=142, adjP=0.47); ChEA_2022(rank=639, adjP=1)","HNF1A; HNF1A human; HNF1A 26855178 ChIP-Seq Caco2 Human Colon Adenocarcinoma","145","3.990427767643845324841","enrichr","145","3.990427767643845324841","0.1692879857881913474582091794218285940587520599365234375000000000000000000","0.469981331174209537859809415749623440206050872802734375000000000000000","","3","ARCHS4--Coexpression(rank=396); GTEx--Coexpression(rank=618); Enrichr--Queries(rank=767)","729","0.24320000000000000","ARCHS4 Coexpression,0.2432"
"ISL1","53","53.00000000000000","1","0.0000000508042065629017295796886438501160920822030675481073558330535888672","0.000000719886021296965822224476171109497357747386558912694454193115234","30.160651417675481411607","ChEA_2022(rank=53, adjP=7.2e-07)","ISL1 27105846 Chip-Seq CPCs Mouse","146","30.160651417675481411607","enrichr","146","30.160651417675481411607","0.0000000508042065629017295796886438501160920822030675481073558330535888672","0.000000719886021296965822224476171109497357747386558912694454193115234","","3","Enrichr--Queries(rank=108); GTEx--Coexpression(rank=178); ARCHS4--Coexpression(rank=315)","302","0.07692000000000000","Enrichr Queries,0.07692"
"FLI1","53","173.80000000000001","5","0.0000058925594507656858041418079796613938015070743858814239501953125000000","0.000045156246403316681521135367294306206531473435461521148681640625000","19.181309638887523050244","Transcription_Factor_PPIs(rank=53, adjP=0.998); ENCODE_and_ChEA_Consensus_TFs_from_ChIP-X(rank=93, adjP=1); ChEA_2022(rank=97, adjP=4.52e-05); TRRUST_Transcription_Factors_2019(rank=138, adjP=0.444); ENCODE_TF_ChIP-seq_2015(rank=488, adjP=1)","FLI1; FLI1 ENCODE; FLI1 21867929 ChIP-Seq TH2 Mouse; FLI1 mouse; FLI1 megakaryocyte mm9","147","19.181309638887523050244","enrichr","147","19.181309638887523050244","0.0000058925594507656858041418079796613938015070743858814239501953125000000","0.000045156246403316681521135367294306206531473435461521148681640625000","","6","ENCODE--ChIP-seq(rank=109); ReMap--ChIP-seq(rank=123); Literature--ChIP-seq(rank=147); ARCHS4--Coexpression(rank=174); GTEx--Coexpression(rank=227); Enrichr--Queries(rank=354)","397","0.10690000000000000","ARCHS4 Coexpression,0.1069"
"PAX3-FKHR","54","54.00000000000000","1","0.0000000590820909490307768834921233868512358000657513912301510572433471680","0.000000821678709309668851586800578795655169983547239098697900772094727","32.405429445711241953632","ChEA_2022(rank=54, adjP=8.22e-07)","PAX3-FKHR 20663909 ChIP-Seq RHABDOMYOSARCOMA Human","148","32.405429445711241953632","enrichr","148","32.405429445711241953632","0.0000000590820909490307768834921233868512358000657513912301510572433471680","0.000000821678709309668851586800578795655169983547239098697900772094727","","0","",NA,NA,NA
"STAT5A","54","91.00000000000000","5","0.0001658068683944006365457018992159987647028174251317977905273437500000000","0.000808577650416850146619651695800712332129478454589843750000000000000","12.326943080975727440318","ENCODE_and_ChEA_Consensus_TFs_from_ChIP-X(rank=54, adjP=1); TRRUST_Transcription_Factors_2019(rank=64, adjP=0.28); ENCODE_TF_ChIP-seq_2015(rank=75, adjP=1); Transcription_Factor_PPIs(rank=108, adjP=0.998); ChEA_2022(rank=154, adjP=0.000809)","STAT5A ENCODE; STAT5A mouse; STAT5A K562 hg19; STAT5A; STAT5A 24692510 ChIP-Seq Epithelium Mouse Mammary","149","12.326943080975727440318","enrichr","149","12.326943080975727440318","0.0001658068683944006365457018992159987647028174251317977905273437500000000","0.000808577650416850146619651695800712332129478454589843750000000000000","","6","ENCODE--ChIP-seq(rank=34); Literature--ChIP-seq(rank=70); ReMap--ChIP-seq(rank=272); ARCHS4--Coexpression(rank=395); Enrichr--Queries(rank=414); GTEx--Coexpression(rank=774)","727","0.24260000000000001","ARCHS4 Coexpression,0.2426"
"HMGN3","54","186.50000000000000","2","0.3267795360709860319481379065109649673104286193847656250000000000000000000","0.997973466142412224400004561175592243671417236328125000000000000000000","3.207875212978674728248","Transcription_Factor_PPIs(rank=54, adjP=0.998); ENCODE_TF_ChIP-seq_2015(rank=319, adjP=1)","HMGN3; HMGN3 K562 hg19","150","3.207875212978674728248","enrichr","150","3.207875212978674728248","0.3267795360709860319481379065109649673104286193847656250000000000000000000","0.997973466142412224400004561175592243671417236328125000000000000000000","","4","ENCODE--ChIP-seq(rank=66); ReMap--ChIP-seq(rank=244); GTEx--Coexpression(rank=1300); ARCHS4--Coexpression(rank=1575)","1278","0.55930000000000002","ENCODE ChIP-seq,0.5593"
"GTF2IRD1","55","55.00000000000000","1","0.0390299773270700520177989290004916256293654441833496093750000000000000000","0.262625440658420472583856053461204282939434051513671875000000000000000","27.935737234091121194979","TRRUST_Transcription_Factors_2019(rank=55, adjP=0.263)","GTF2IRD1 mouse","151","27.935737234091121194979","enrichr","151","27.935737234091121194979","0.0390299773270700520177989290004916256293654441833496093750000000000000000","0.262625440658420472583856053461204282939434051513671875000000000000000","","2","ARCHS4--Coexpression(rank=472); GTEx--Coexpression(rank=826)","829","0.28989999999999999","ARCHS4 Coexpression,0.2899"
"MEF2D","56","56.00000000000000","1","0.0390299773270700520177989290004916256293654441833496093750000000000000000","0.262625440658420472583856053461204282939434051513671875000000000000000","27.935737234091121194979","TRRUST_Transcription_Factors_2019(rank=56, adjP=0.263)","MEF2D human","152","27.935737234091121194979","enrichr","152","27.935737234091121194979","0.0390299773270700520177989290004916256293654441833496093750000000000000000","0.262625440658420472583856053461204282939434051513671875000000000000000","","3","GTEx--Coexpression(rank=447); Enrichr--Queries(rank=990); ARCHS4--Coexpression(rank=1285)","804","0.27820000000000000","GTEx Coexpression,0.2782"
"ZBTB7A","56","93.66666666666667","3","0.3985389773328435469856856343540130183100700378417968750000000000000000000","0.997973466142412224400004561175592243671417236328125000000000000000000","0.949132290174435011565","ENCODE_TF_ChIP-seq_2015(rank=56, adjP=1); ENCODE_and_ChEA_Consensus_TFs_from_ChIP-X(rank=80, adjP=1); Transcription_Factor_PPIs(rank=145, adjP=0.998)","ZBTB7A ECC-1 hg19; ZBTB7A ENCODE; ZBTB7A","153","0.949132290174435011565","enrichr","153","0.949132290174435011565","0.3985389773328435469856856343540130183100700378417968750000000000000000000","0.997973466142412224400004561175592243671417236328125000000000000000000","","5","ENCODE--ChIP-seq(rank=13); ReMap--ChIP-seq(rank=28); GTEx--Coexpression(rank=816); ARCHS4--Coexpression(rank=904); Enrichr--Queries(rank=1061)","361","0.09428000000000000","ReMap ChIP-seq,0.09428"
"TBX3","56","163.66666666666666","3","0.0000428442338972507346067479516715792442482779733836650848388671875000000","0.000241924959825829191673030038600700208917260169982910156250000000000","17.493401115637251308499","Transcription_Factor_PPIs(rank=56, adjP=0.998); ChEA_2022(rank=133, adjP=0.000242); TRRUST_Transcription_Factors_2019(rank=302, adjP=0.562)","TBX3; TBX3 20139965 ChIP-Seq MESCs Mouse; TBX3 mouse","154","17.493401115637251308499","enrichr","154","17.493401115637251308499","0.0000428442338972507346067479516715792442482779733836650848388671875000000","0.000241924959825829191673030038600700208917260169982910156250000000000","","4","Literature--ChIP-seq(rank=24); Enrichr--Queries(rank=197); ARCHS4--Coexpression(rank=235); GTEx--Coexpression(rank=586)","493","0.14030000000000001","Enrichr Queries,0.1403"
"NEUROG2","57","57.00000000000000","1","0.0390299773270700520177989290004916256293654441833496093750000000000000000","0.262625440658420472583856053461204282939434051513671875000000000000000","27.935737234091121194979","TRRUST_Transcription_Factors_2019(rank=57, adjP=0.263)","NEUROG2 mouse","155","27.935737234091121194979","enrichr","155","27.935737234091121194979","0.0390299773270700520177989290004916256293654441833496093750000000000000000","0.262625440658420472583856053461204282939434051513671875000000000000000","","3","ARCHS4--Coexpression(rank=267); Enrichr--Queries(rank=529); GTEx--Coexpression(rank=1142)","550","0.16400000000000001","ARCHS4 Coexpression,0.164"
"MEF2A","57","166.75000000000000","4","0.0023666020541078859086570052028264399268664419651031494140625000000000000","0.007627974861094518645165951653552838251926004886627197265625000000000","9.338199427460606827367","Transcription_Factor_PPIs(rank=57, adjP=0.998); ENCODE_TF_ChIP-seq_2015(rank=148, adjP=1); TRRUST_Transcription_Factors_2019(rank=229, adjP=0.554); ChEA_2022(rank=233, adjP=0.00763)","MEF2A; MEF2A K562 hg19; MEF2A mouse; MEF2A 21415370 ChIP-Seq HL-1 Mouse","156","9.338199427460606827367","enrichr","156","9.338199427460606827367","0.0023666020541078859086570052028264399268664419651031494140625000000000000","0.007627974861094518645165951653552838251926004886627197265625000000000","","6","ENCODE--ChIP-seq(rank=51); Literature--ChIP-seq(rank=62); ReMap--ChIP-seq(rank=187); ARCHS4--Coexpression(rank=406); GTEx--Coexpression(rank=655); Enrichr--Queries(rank=776)","743","0.24940000000000001","ARCHS4 Coexpression,0.2494"
"RCOR1","57","192.00000000000000","4","0.1926452459574164999267509301716927438974380493164062500000000000000000000","0.308809289505698414401990703481715172529220581054687500000000000000000","1.858951092298910312550","ENCODE_and_ChEA_Consensus_TFs_from_ChIP-X(rank=57, adjP=1); ENCODE_TF_ChIP-seq_2015(rank=68, adjP=1); Transcription_Factor_PPIs(rank=175, adjP=0.998); ChEA_2022(rank=468, adjP=0.309)","RCOR1 ENCODE; RCOR1 IMR-90 hg19; RCOR1; RCOR1 19997604 ChIP-ChIP NEURONS Mouse","157","1.858951092298910312550","enrichr","157","1.858951092298910312550","0.1926452459574164999267509301716927438974380493164062500000000000000000000","0.308809289505698414401990703481715172529220581054687500000000000000000","","0","",NA,NA,NA
"EGFP-FOS","58","58.00000000000000","1","0.4295919150607380165851623132766690105199813842773437500000000000000000000","0.999995201574610415029553678323281928896903991699218750000000000000000","0.863963000382776291630","ENCODE_TF_ChIP-seq_2015(rank=58, adjP=1)","eGFP-FOS K562 hg19","158","0.863963000382776291630","enrichr","158","0.863963000382776291630","0.4295919150607380165851623132766690105199813842773437500000000000000000000","0.999995201574610415029553678323281928896903991699218750000000000000000","","0","",NA,NA,NA
"TAL1","58","147.75000000000000","4","0.0000001118106897832764112842365844535663654824020341038703918457031250000","0.000001447755655642077764406246837003422456291445996612310409545898438","29.618464890888667184754","ChEA_2022(rank=58, adjP=1.45e-06); Transcription_Factor_PPIs(rank=84, adjP=0.998); ENCODE_TF_ChIP-seq_2015(rank=150, adjP=1); TRRUST_Transcription_Factors_2019(rank=299, adjP=0.562)","TAL1 26923725 Chip-Seq HEMANGIOBLAST Mouse; TAL1; TAL1 G1E mm9; TAL1 human","159","29.618464890888667184754","enrichr","159","29.618464890888667184754","0.0000001118106897832764112842365844535663654824020341038703918457031250000","0.000001447755655642077764406246837003422456291445996612310409545898438","","6","ENCODE--ChIP-seq(rank=29); Literature--ChIP-seq(rank=55); ReMap--ChIP-seq(rank=85); ARCHS4--Coexpression(rank=309); GTEx--Coexpression(rank=359); Enrichr--Queries(rank=559)","614","0.18980000000000000","ARCHS4 Coexpression,0.1898"
"GTF2B","58","348.50000000000000","2","0.3344862492986209745460257636295864358544349670410156250000000000000000000","0.997973466142412224400004561175592243671417236328125000000000000000000","1.414363937043495056400","Transcription_Factor_PPIs(rank=58, adjP=0.998); ENCODE_TF_ChIP-seq_2015(rank=639, adjP=1)","GTF2B; GTF2B K562 hg19","160","1.414363937043495056400","enrichr","160","1.414363937043495056400","0.3344862492986209745460257636295864358544349670410156250000000000000000000","0.997973466142412224400004561175592243671417236328125000000000000000000","","4","ENCODE--ChIP-seq(rank=108); ReMap--ChIP-seq(rank=260); GTEx--Coexpression(rank=1025); ARCHS4--Coexpression(rank=1229)","1403","0.63780000000000003","GTEx Coexpression,0.6378"
"BRF1","59","59.00000000000000","1","0.3426967558666821345170205859176348894834518432617187500000000000000000000","0.997973466142412224400004561175592243671417236328125000000000000000000","1.843194057028633592310","Transcription_Factor_PPIs(rank=59, adjP=0.998)","BRF1","161","1.843194057028633592310","enrichr","161","1.843194057028633592310","0.3426967558666821345170205859176348894834518432617187500000000000000000000","0.997973466142412224400004561175592243671417236328125000000000000000000","","0","",NA,NA,NA
"SOX17","59","226.50000000000000","2","0.0390299773270700520177989290004916256293654441833496093750000000000000000","0.119711045945797109335551056119584245607256889343261718750000000000000","27.935737234091121194979","TRRUST_Transcription_Factors_2019(rank=59, adjP=0.263); ChEA_2022(rank=394, adjP=0.12)","SOX17 human; SOX17 20123909 ChIP-Seq XEN Mouse","162","27.935737234091121194979","enrichr","162","27.935737234091121194979","0.0390299773270700520177989290004916256293654441833496093750000000000000000","0.119711045945797109335551056119584245607256889343261718750000000000000","","4","Literature--ChIP-seq(rank=87); GTEx--Coexpression(rank=270); Enrichr--Queries(rank=370); ARCHS4--Coexpression(rank=374)","558","0.16800000000000001","GTEx Coexpression,0.168"
"BCL3","59","247.50000000000000","4","0.0458784909745878696774035176986217265948653221130371093750000000000000000","0.280211706414021322064655805661459453403949737548828125000000000000000","13.278134910096143883607","ENCODE_and_ChEA_Consensus_TFs_from_ChIP-X(rank=59, adjP=1); TRRUST_Transcription_Factors_2019(rank=65, adjP=0.28); ENCODE_TF_ChIP-seq_2015(rank=183, adjP=1); ChEA_2022(rank=683, adjP=1)","BCL3 ENCODE; BCL3 mouse; BCL3 GM12878 hg19; BCL3 23251550 ChIP-Seq MUSCLE Mouse","163","13.278134910096143883607","enrichr","163","13.278134910096143883607","0.0458784909745878696774035176986217265948653221130371093750000000000000000","0.280211706414021322064655805661459453403949737548828125000000000000000","","0","",NA,NA,NA
"NR2F2","60","125.33333333333333","3","0.2808087873247235299878354908287292346358299255371093750000000000000000000","0.551624241114669344732135414233198389410972595214843750000000000000000","2.572171754280315081331","Transcription_Factor_PPIs(rank=60, adjP=0.998); ENCODE_TF_ChIP-seq_2015(rank=138, adjP=1); TRRUST_Transcription_Factors_2019(rank=178, adjP=0.552)","NR2F2; NR2F2 HepG2 hg19; NR2F2 mouse","164","2.572171754280315081331","enrichr","164","2.572171754280315081331","0.2808087873247235299878354908287292346358299255371093750000000000000000000","0.551624241114669344732135414233198389410972595214843750000000000000000","","5","ENCODE--ChIP-seq(rank=55); Enrichr--Queries(rank=77); ARCHS4--Coexpression(rank=110); ReMap--ChIP-seq(rank=233); GTEx--Coexpression(rank=446)","229","0.05484000000000000","Enrichr Queries,0.05484"
"HDAC1","60","159.50000000000000","2","0.0404203386509568579620932382567843887954950332641601562500000000000000000","0.263063515482456933280985822420916520059108734130859375000000000000000","7.034787620675277963755","TRRUST_Transcription_Factors_2019(rank=60, adjP=0.263); ENCODE_TF_ChIP-seq_2015(rank=259, adjP=1)","HDAC1 human; HDAC1 K562 hg19","165","7.034787620675277963755","enrichr","165","7.034787620675277963755","0.0404203386509568579620932382567843887954950332641601562500000000000000000","0.263063515482456933280985822420916520059108734130859375000000000000000","","0","",NA,NA,NA
"SRF","60","263.80000000000001","5","0.4027905769113037104389718479069415479898452758789062500000000000000000000","0.555235621645095767107136452978011220693588256835937500000000000000000","1.360746100956930604298","ENCODE_and_ChEA_Consensus_TFs_from_ChIP-X(rank=60, adjP=1); Transcription_Factor_PPIs(rank=102, adjP=0.998); ENCODE_TF_ChIP-seq_2015(rank=245, adjP=1); TRRUST_Transcription_Factors_2019(rank=287, adjP=0.555); ChEA_2022(rank=625, adjP=0.988)","SRF ENCODE; SRF; SRF HCT116 hg19; SRF human; SRF 21415370 ChIP-Seq HL-1 Mouse","166","1.360746100956930604298","enrichr","166","1.360746100956930604298","0.4027905769113037104389718479069415479898452758789062500000000000000000000","0.555235621645095767107136452978011220693588256835937500000000000000000","","6","GTEx--Coexpression(rank=52); ENCODE--ChIP-seq(rank=70); Literature--ChIP-seq(rank=137); ReMap--ChIP-seq(rank=286); Enrichr--Queries(rank=955); ARCHS4--Coexpression(rank=1569)","142","0.03236000000000000","GTEx Coexpression,0.03236"
"SIN3B","61","245.00000000000000","2","0.1130962845335794497714232420548796653747558593750000000000000000000000000","0.197984404859483015259868921020824927836656570434570312500000000000000","2.412398424948672293056","Transcription_Factor_PPIs(rank=61, adjP=0.998); ChEA_2022(rank=429, adjP=0.198)","SIN3B; SIN3B 21632747 ChIP-Seq MESCs Mouse","167","2.412398424948672293056","enrichr","167","2.412398424948672293056","0.1130962845335794497714232420548796653747558593750000000000000000000000000","0.197984404859483015259868921020824927836656570434570312500000000000000","","0","",NA,NA,NA
"TRP53","62","62.00000000000000","1","0.0420142516916894026568485287498333491384983062744140625000000000000000000","0.265369233317154840090523748585837893187999725341796875000000000000000","5.410295850094827940779","TRRUST_Transcription_Factors_2019(rank=62, adjP=0.265)","TRP53 mouse","168","5.410295850094827940779","enrichr","168","5.410295850094827940779","0.0420142516916894026568485287498333491384983062744140625000000000000000000","0.265369233317154840090523748585837893187999725341796875000000000000000","","0","",NA,NA,NA
"CREM","62","357.00000000000000","3","0.3630393101131379474111326999263837933540344238281250000000000000000000000","0.555235621645095767107136452978011220693588256835937500000000000000000","1.453379793608049697085","Transcription_Factor_PPIs(rank=62, adjP=0.998); TRRUST_Transcription_Factors_2019(rank=285, adjP=0.555); ChEA_2022(rank=724, adjP=1)","CREM; CREM human; CREM 20920259 ChIP-Seq GC1-SPG Mouse","169","1.453379793608049697085","enrichr","169","1.453379793608049697085","0.3630393101131379474111326999263837933540344238281250000000000000000000000","0.555235621645095767107136452978011220693588256835937500000000000000000","","5","Literature--ChIP-seq(rank=157); ReMap--ChIP-seq(rank=245); Enrichr--Queries(rank=737); ARCHS4--Coexpression(rank=1022); GTEx--Coexpression(rank=1455)","1233","0.52490000000000003","Enrichr Queries,0.5249"
"TCF4","63","116.00000000000000","3","0.0000003164944187214053442448247806945138549394869187381118535995483398438","0.000003772814419996433050552651217168786956790427211672067642211914062","22.209749312174398738762","ChEA_2022(rank=63, adjP=3.77e-06); TRRUST_Transcription_Factors_2019(rank=136, adjP=0.444); Transcription_Factor_PPIs(rank=149, adjP=0.998)","TCF4 23295773 ChIP-Seq U87 Human; TCF4 human; TCF4","170","22.209749312174398738762","enrichr","170","22.209749312174398738762","0.0000003164944187214053442448247806945138549394869187381118535995483398438","0.000003772814419996433050552651217168786956790427211672067642211914062","","5","ReMap--ChIP-seq(rank=20); Literature--ChIP-seq(rank=29); Enrichr--Queries(rank=99); ARCHS4--Coexpression(rank=171); GTEx--Coexpression(rank=792)","275","0.06734000000000000","ReMap ChIP-seq,0.06734"
"ZNF384","63","162.00000000000000","2","0.9975939501438277901002038561273366212844848632812500000000000000000000000","0.999995201574610415029553678323281928896903991699218750000000000000000","0.001767302550014480467","ENCODE_and_ChEA_Consensus_TFs_from_ChIP-X(rank=63, adjP=1); ENCODE_TF_ChIP-seq_2015(rank=261, adjP=1)","ZNF384 ENCODE; ZNF384 ES-E14 mm9","171","0.001767302550014480467","enrichr","171","0.001767302550014480467","0.9975939501438277901002038561273366212844848632812500000000000000000000000","0.999995201574610415029553678323281928896903991699218750000000000000000","","5","ENCODE--ChIP-seq(rank=39); ReMap--ChIP-seq(rank=162); GTEx--Coexpression(rank=1022); Enrichr--Queries(rank=1336); ARCHS4--Coexpression(rank=1551)","911","0.33050000000000002","ENCODE ChIP-seq,0.3305"
"PADI4","63","362.00000000000000","2","0.3637858946586324249139465791813563555479049682617187500000000000000000000","0.997973466142412224400004561175592243671417236328125000000000000000000","2.485742885067020679912","Transcription_Factor_PPIs(rank=63, adjP=0.998); ChEA_2022(rank=661, adjP=1)","PADI4; PADI4 21655091 ChIP-ChIP MCF-7 Human","172","2.485742885067020679912","enrichr","172","2.485742885067020679912","0.3637858946586324249139465791813563555479049682617187500000000000000000000","0.997973466142412224400004561175592243671417236328125000000000000000000","","0","",NA,NA,NA
"IKZF1","64","192.50000000000000","4","0.0423181641610474792991603010250400984659790992736816406250000000000000000","0.085889909647752241128593198027374455705285072326660156250000000000000","5.804832363130072003798","ENCODE_TF_ChIP-seq_2015(rank=64, adjP=1); TRRUST_Transcription_Factors_2019(rank=164, adjP=0.529); Transcription_Factor_PPIs(rank=172, adjP=0.998); ChEA_2022(rank=370, adjP=0.0859)","IKZF1 GM12878 hg19; IKZF1 mouse; IKZF1; IKZF1 21737484 ChIP-ChIP HCT116 Human","173","5.804832363130072003798","enrichr","173","5.804832363130072003798","0.0423181641610474792991603010250400984659790992736816406250000000000000000","0.085889909647752241128593198027374455705285072326660156250000000000000","","6","ENCODE--ChIP-seq(rank=18); ReMap--ChIP-seq(rank=30); Literature--ChIP-seq(rank=89); ARCHS4--Coexpression(rank=167); GTEx--Coexpression(rank=192); Enrichr--Queries(rank=518)","383","0.10100000000000001","ReMap ChIP-seq,0.101"
"CHD1","64","286.25000000000000","4","0.9672018854414956567921990426839329302310943603515625000000000000000000000","0.997973466142412224400004561175592243671417236328125000000000000000000","0.026924798029905279428","ENCODE_and_ChEA_Consensus_TFs_from_ChIP-X(rank=64, adjP=1); Transcription_Factor_PPIs(rank=198, adjP=0.998); ENCODE_TF_ChIP-seq_2015(rank=220, adjP=1); ChEA_2022(rank=663, adjP=1)","CHD1 ENCODE; CHD1; CHD1 H1-hESC hg19; CHD1 26751641 Chip-Seq LNCaP Human","174","0.026924798029905279428","enrichr","174","0.026924798029905279428","0.9672018854414956567921990426839329302310943603515625000000000000000000000","0.997973466142412224400004561175592243671417236328125000000000000000000","","0","",NA,NA,NA
"SMAD2","65","86.50000000000000","2","0.0000100639761304175357153976172464027172281930688768625259399414062500000","0.000069339872238014367642616742060113210754934698343276977539062500000","18.087116887137028697907","Transcription_Factor_PPIs(rank=65, adjP=0.998); ChEA_2022(rank=108, adjP=6.93e-05)","SMAD2; SMAD2 18955504 ChIP-ChIP HaCaT Human","175","18.087116887137028697907","enrichr","175","18.087116887137028697907","0.0000100639761304175357153976172464027172281930688768625259399414062500000","0.000069339872238014367642616742060113210754934698343276977539062500000","","0","",NA,NA,NA
"TCF7L2","65","205.80000000000001","5","0.0427734037393599914045339005497226025909185409545898437500000000000000000","0.085889909647752241128593198027374455705285072326660156250000000000000","4.089821986738464865141","ENCODE_and_ChEA_Consensus_TFs_from_ChIP-X(rank=65, adjP=1); ENCODE_TF_ChIP-seq_2015(rank=101, adjP=1); Transcription_Factor_PPIs(rank=163, adjP=0.998); TRRUST_Transcription_Factors_2019(rank=326, adjP=0.6); ChEA_2022(rank=374, adjP=0.0859)","TCF7L2 ENCODE; TCF7L2 HEK293 hg19; TCF7L2; TCF7L2 human; TCF7L2 21901280 ChIP-Seq H4IIE Rat","176","4.089821986738464865141","enrichr","176","4.089821986738464865141","0.0427734037393599914045339005497226025909185409545898437500000000000000000","0.085889909647752241128593198027374455705285072326660156250000000000000","","6","ENCODE--ChIP-seq(rank=27); Literature--ChIP-seq(rank=66); ReMap--ChIP-seq(rank=78); Enrichr--Queries(rank=587); GTEx--Coexpression(rank=637); ARCHS4--Coexpression(rank=779)","696","0.22880000000000000","ENCODE ChIP-seq,0.2288"
"KDM2B","66","66.00000000000000","1","0.0000004066150190532311581114279300241953762906632618978619575500488281250","0.000004615006501402856959562649025174962957862589973956346511840820312","25.061701416525998808993","ChEA_2022(rank=66, adjP=4.62e-06)","KDM2B 26808549 Chip-Seq REH Human","177","25.061701416525998808993","enrichr","177","25.061701416525998808993","0.0000004066150190532311581114279300241953762906632618978619575500488281250","0.000004615006501402856959562649025174962957862589973956346511840820312","","2","GTEx--Coexpression(rank=719); ARCHS4--Coexpression(rank=1247)","1116","0.44740000000000002","GTEx Coexpression,0.4474"
"ZNF263","66","313.50000000000000","2","0.4702853117025609930301754957326920703053474426269531250000000000000000000","0.629418974169214218150614215119276195764541625976562500000000000000000","0.865384878142126945377","ENCODE_TF_ChIP-seq_2015(rank=66, adjP=1); ChEA_2022(rank=561, adjP=0.629)","ZNF263 K562 hg19; ZNF263 19887448 ChIP-Seq K562 Human","178","0.865384878142126945377","enrichr","178","0.865384878142126945377","0.4702853117025609930301754957326920703053474426269531250000000000000000000","0.629418974169214218150614215119276195764541625976562500000000000000000","","6","ENCODE--ChIP-seq(rank=26); ReMap--ChIP-seq(rank=107); Literature--ChIP-seq(rank=124); Enrichr--Queries(rank=1114); GTEx--Coexpression(rank=1476); ARCHS4--Coexpression(rank=1622)","681","0.22030000000000000","ENCODE ChIP-seq,0.2203"
"NR1I2","67","122.50000000000000","2","0.0004948653183580037362432335612538736313581466674804687500000000000000000","0.002087886820712701093499807925013556086923927068710327148437500000000","12.756697186236502616907","TRRUST_Transcription_Factors_2019(rank=67, adjP=0.299); ChEA_2022(rank=178, adjP=0.00209)","NR1I2 human; NR1I2 20693526 ChIP-Seq LIVER Mouse","179","12.756697186236502616907","enrichr","179","12.756697186236502616907","0.0004948653183580037362432335612538736313581466674804687500000000000000000","0.002087886820712701093499807925013556086923927068710327148437500000000","","4","Literature--ChIP-seq(rank=47); ARCHS4--Coexpression(rank=441); Enrichr--Queries(rank=556); GTEx--Coexpression(rank=729)","786","0.27089999999999997","ARCHS4 Coexpression,0.2709"
"E2F1","67","244.40000000000001","5","0.0036494691722748374279605698689010750968009233474731445312500000000000000","0.010748044503444714736772880314674694091081619262695312500000000000000","7.643643781815711690797","ENCODE_and_ChEA_Consensus_TFs_from_ChIP-X(rank=67, adjP=1); TRRUST_Transcription_Factors_2019(rank=123, adjP=0.42); Transcription_Factor_PPIs(rank=195, adjP=0.998); ChEA_2022(rank=255, adjP=0.0107); ENCODE_TF_ChIP-seq_2015(rank=582, adjP=1)","E2F1 CHEA; E2F1 mouse; E2F1; E2F1 17053090 ChIP-ChIP MCF-7 Human; E2F1 HeLa-S3 hg19","180","7.643643781815711690797","enrichr","180","7.643643781815711690797","0.0036494691722748374279605698689010750968009233474731445312500000000000000","0.010748044503444714736772880314674694091081619262695312500000000000000","","6","Literature--ChIP-seq(rank=79); ENCODE--ChIP-seq(rank=106); ReMap--ChIP-seq(rank=261); Enrichr--Queries(rank=1352); GTEx--Coexpression(rank=1355); ARCHS4--Coexpression(rank=1568)","1168","0.48170000000000002","Literature ChIP-seq,0.4817"
"E2F4","67","293.00000000000000","5","0.3733748032980561681881681579397991299629211425781250000000000000000000000","0.562064470221710354991273561608977615833282470703125000000000000000000","1.605424694268714480572","Transcription_Factor_PPIs(rank=67, adjP=0.998); ENCODE_and_ChEA_Consensus_TFs_from_ChIP-X(rank=98, adjP=1); TRRUST_Transcription_Factors_2019(rank=294, adjP=0.562); ENCODE_TF_ChIP-seq_2015(rank=300, adjP=1); ChEA_2022(rank=706, adjP=1)","E2F4; E2F4 ENCODE; E2F4 mouse; E2F4 MCF 10A hg19; E2F4 21247883 ChIP-Seq LYMPHOBLASTOID Human","181","1.605424694268714480572","enrichr","181","1.605424694268714480572","0.3733748032980561681881681579397991299629211425781250000000000000000000000","0.562064470221710354991273561608977615833282470703125000000000000000000","","6","ENCODE--ChIP-seq(rank=65); Literature--ChIP-seq(rank=154); ReMap--ChIP-seq(rank=257); GTEx--Coexpression(rank=685); Enrichr--Queries(rank=1310); ARCHS4--Coexpression(rank=1556)","1075","0.42630000000000001","GTEx Coexpression,0.4263"
"SMAD","68","68.00000000000000","1","0.0000004260048490296398965568650234886360905761648609768599271774291992188","0.000004704847670900877731122325525747740471160796005278825759887695312","63.967045678517123974416","ChEA_2022(rank=68, adjP=4.7e-06)","SMAD 19615063 ChIP-ChIP OVARY Human","182","63.967045678517123974416","enrichr","182","63.967045678517123974416","0.0000004260048490296398965568650234886360905761648609768599271774291992188","0.000004704847670900877731122325525747740471160796005278825759887695312","","0","",NA,NA,NA
"ZMIZ1","68","324.50000000000000","2","0.9999882371461774610565953480545431375503540039062500000000000000000000000","0.999995201574610415029553678323281928896903991699218750000000000000000","0.000005314542095914587","ENCODE_and_ChEA_Consensus_TFs_from_ChIP-X(rank=68, adjP=1); ENCODE_TF_ChIP-seq_2015(rank=581, adjP=1)","ZMIZ1 ENCODE; ZMIZ1 K562 hg19","183","0.000005314542095914587","enrichr","183","0.000005314542095914587","0.9999882371461774610565953480545431375503540039062500000000000000000000000","0.999995201574610415029553678323281928896903991699218750000000000000000","","0","",NA,NA,NA
"MTA3","68","428.00000000000000","2","0.3782446888492527747871463361661881208419799804687500000000000000000000000","0.997973466142412224400004561175592243671417236328125000000000000000000","1.356764965109340304039","Transcription_Factor_PPIs(rank=68, adjP=0.998); ENCODE_TF_ChIP-seq_2015(rank=788, adjP=1)","MTA3; MTA3 GM12878 hg19","184","1.356764965109340304039","enrichr","184","1.356764965109340304039","0.3782446888492527747871463361661881208419799804687500000000000000000000000","0.997973466142412224400004561175592243671417236328125000000000000000000","","0","",NA,NA,NA
"NR3C2","69","83.50000000000000","2","0.0000058925594507656858041418079796613938015070743858814239501953125000000","0.000045156246403316681521135367294306206531473435461521148681640625000","20.280803177309529417016","TRRUST_Transcription_Factors_2019(rank=69, adjP=0.299); ChEA_2022(rank=98, adjP=4.52e-05)","NR3C2 mouse; NR3C2 34362910 ChIP-Seq WistarRat Hippocampus","185","20.280803177309529417016","enrichr","185","20.280803177309529417016","0.0000058925594507656858041418079796613938015070743858814239501953125000000","0.000045156246403316681521135367294306206531473435461521148681640625000","","3","Enrichr--Queries(rank=20); ARCHS4--Coexpression(rank=344); GTEx--Coexpression(rank=801)","65","0.01425000000000000","Enrichr Queries,0.01425"
"CIITA","69","369.33333333333331","3","0.3933714826519078555655539730651071295142173767089843750000000000000000000","0.833109235933264913320783762173959985375404357910156250000000000000000","1.267709997003138022720","Transcription_Factor_PPIs(rank=69, adjP=0.998); TRRUST_Transcription_Factors_2019(rank=392, adjP=0.833); ChEA_2022(rank=647, adjP=1)","CIITA; CIITA human; CIITA 18437201 ChIP-ChIP Raji B And iDC Human","186","1.267709997003138022720","enrichr","186","1.267709997003138022720","0.3933714826519078555655539730651071295142173767089843750000000000000000000","0.833109235933264913320783762173959985375404357910156250000000000000000","","0","",NA,NA,NA
"UBTF","70","180.66666666666666","3","0.6588153054165316602208690710540395230054855346679687500000000000000000000","0.997973466142412224400004561175592243671417236328125000000000000000000","0.371102328215462295979","ENCODE_and_ChEA_Consensus_TFs_from_ChIP-X(rank=70, adjP=1); Transcription_Factor_PPIs(rank=116, adjP=0.998); ENCODE_TF_ChIP-seq_2015(rank=356, adjP=1)","UBTF ENCODE; UBTF; UBTF K562 hg19","187","0.371102328215462295979","enrichr","187","0.371102328215462295979","0.6588153054165316602208690710540395230054855346679687500000000000000000000","0.997973466142412224400004561175592243671417236328125000000000000000000","","0","",NA,NA,NA
"NFYB","70","238.00000000000000","5","0.0716563779328088928943785163028223905712366104125976562500000000000000000","0.134534849568848730028136628789070528000593185424804687500000000000000","3.110315201898093739885","Transcription_Factor_PPIs(rank=70, adjP=0.998); ENCODE_and_ChEA_Consensus_TFs_from_ChIP-X(rank=71, adjP=1); ENCODE_TF_ChIP-seq_2015(rank=311, adjP=1); TRRUST_Transcription_Factors_2019(rank=338, adjP=0.633); ChEA_2022(rank=400, adjP=0.135)","NFYB; NFYB ENCODE; NFYB K562 hg19; NFYB human; NFYB 21822215 ChIP-Seq K562 Human","188","3.110315201898093739885","enrichr","188","3.110315201898093739885","0.0716563779328088928943785163028223905712366104125976562500000000000000000","0.134534849568848730028136628789070528000593185424804687500000000000000","","5","ENCODE--ChIP-seq(rank=74); ReMap--ChIP-seq(rank=201); GTEx--Coexpression(rank=933); Enrichr--Queries(rank=1290); ARCHS4--Coexpression(rank=1486)","1319","0.58060000000000000","GTEx Coexpression,0.5806"
"MAFK","71","71.00000000000000","1","0.6278574103664706917982130107702687382698059082031250000000000000000000000","0.999995201574610415029553678323281928896903991699218750000000000000000","0.434766713821843564514","ENCODE_TF_ChIP-seq_2015(rank=71, adjP=1)","MAFK GM12878 hg19","189","0.434766713821843564514","enrichr","189","0.434766713821843564514","0.6278574103664706917982130107702687382698059082031250000000000000000000000","0.999995201574610415029553678323281928896903991699218750000000000000000","","5","ENCODE--ChIP-seq(rank=28); ReMap--ChIP-seq(rank=29); GTEx--Coexpression(rank=332); Enrichr--Queries(rank=810); ARCHS4--Coexpression(rank=1447)","372","0.09764000000000000","ReMap ChIP-seq,0.09764"
"SMARCA4","71","108.00000000000000","3","0.0000005041413139353884477510733125305009139083267655223608016967773437500","0.000005332536996696854143893556932098931611108127981424331665039062500","22.777913960748879418361","ChEA_2022(rank=71, adjP=5.33e-06); Transcription_Factor_PPIs(rank=73, adjP=0.998); TRRUST_Transcription_Factors_2019(rank=180, adjP=0.552)","SMARCA4 23332759 ChIP-Seq OLIGODENDROCYTES Mouse; SMARCA4; SMARCA4 mouse","190","22.777913960748879418361","enrichr","190","22.777913960748879418361","0.0000005041413139353884477510733125305009139083267655223608016967773437500","0.000005332536996696854143893556932098931611108127981424331665039062500","","0","",NA,NA,NA
"NFYA","71","261.60000000000002","5","0.1096595115877854464958573998956126160919666290283203125000000000000000000","0.192867197195379064256215428940777201205492019653320312500000000000000","2.545370829285267699760","Transcription_Factor_PPIs(rank=71, adjP=0.998); ENCODE_and_ChEA_Consensus_TFs_from_ChIP-X(rank=78, adjP=1); TRRUST_Transcription_Factors_2019(rank=212, adjP=0.554); ChEA_2022(rank=427, adjP=0.193); ENCODE_TF_ChIP-seq_2015(rank=520, adjP=1)","NFYA; NFYA ENCODE; NFYA human; NFYA 21822215 ChIP-Seq K562 Human; NFYA K562 hg19","191","2.545370829285267699760","enrichr","191","2.545370829285267699760","0.1096595115877854464958573998956126160919666290283203125000000000000000000","0.192867197195379064256215428940777201205492019653320312500000000000000","","5","ENCODE--ChIP-seq(rank=91); ReMap--ChIP-seq(rank=186); Enrichr--Queries(rank=1155); GTEx--Coexpression(rank=1273); ARCHS4--Coexpression(rank=1602)","1385","0.62629999999999997","ReMap ChIP-seq,0.6263"
"TAF1","72","140.33333333333334","3","0.6010208785887064530939483120164368301630020141601562500000000000000000000","0.997973466142412224400004561175592243671417236328125000000000000000000","0.486264256766341440574","ENCODE_and_ChEA_Consensus_TFs_from_ChIP-X(rank=72, adjP=1); Transcription_Factor_PPIs(rank=105, adjP=0.998); ENCODE_TF_ChIP-seq_2015(rank=244, adjP=1)","TAF1 ENCODE; TAF1; TAF1 H1-hESC hg19","192","0.486264256766341440574","enrichr","192","0.486264256766341440574","0.6010208785887064530939483120164368301630020141601562500000000000000000000","0.997973466142412224400004561175592243671417236328125000000000000000000","","0","",NA,NA,NA
"USF1","72","152.25000000000000","4","0.2856174642906244010021055146353319287300109863281250000000000000000000000","0.551624241114669344732135414233198389410972595214843750000000000000000","1.798422677866531538271","Transcription_Factor_PPIs(rank=72, adjP=0.998); ENCODE_and_ChEA_Consensus_TFs_from_ChIP-X(rank=87, adjP=1); TRRUST_Transcription_Factors_2019(rank=182, adjP=0.552); ENCODE_TF_ChIP-seq_2015(rank=268, adjP=1)","USF1; USF1 ENCODE; USF1 human; USF1 H1-hESC hg19","193","1.798422677866531538271","enrichr","193","1.798422677866531538271","0.2856174642906244010021055146353319287300109863281250000000000000000000000","0.551624241114669344732135414233198389410972595214843750000000000000000","","5","ENCODE--ChIP-seq(rank=54); ReMap--ChIP-seq(rank=179); GTEx--Coexpression(rank=296); ARCHS4--Coexpression(rank=688); Enrichr--Queries(rank=1110)","597","0.18420000000000000","GTEx Coexpression,0.1842"
"ATF3","72","235.25000000000000","4","0.0000128222793009618634205029966133260188598796958103775978088378906250000","0.000086519724881595723507514417160990660704555921256542205810546875000","17.390846870980173122234","TRRUST_Transcription_Factors_2019(rank=72, adjP=0.299); Transcription_Factor_PPIs(rank=81, adjP=0.998); ChEA_2022(rank=111, adjP=8.65e-05); ENCODE_TF_ChIP-seq_2015(rank=677, adjP=1)","ATF3 human; ATF3; ATF3 27146783 Chip-Seq COLON Human; ATF3 A549 hg19","194","17.390846870980173122234","enrichr","194","17.390846870980173122234","0.0000128222793009618634205029966133260188598796958103775978088378906250000","0.000086519724881595723507514417160990660704555921256542205810546875000","","6","Literature--ChIP-seq(rank=108); ENCODE--ChIP-seq(rank=110); ReMap--ChIP-seq(rank=130); ARCHS4--Coexpression(rank=186); Enrichr--Queries(rank=418); GTEx--Coexpression(rank=947)","413","0.11430000000000001","ARCHS4 Coexpression,0.1143"
"HAND2","73","73.00000000000000","1","0.0000006307774519361969349197849163402018746182875474914908409118652343750","0.000006489231046631287537528650494200732623539806809276342391967773438","20.806131179759155713782","ChEA_2022(rank=73, adjP=6.49e-06)","HAND2 30127528 ChIP-Seq KELLY Human Brain Neuroblastoma","195","20.806131179759155713782","enrichr","195","20.806131179759155713782","0.0000006307774519361969349197849163402018746182875474914908409118652343750","0.000006489231046631287537528650494200732623539806809276342391967773438","","3","Enrichr--Queries(rank=91); GTEx--Coexpression(rank=106); ARCHS4--Coexpression(rank=387)","265","0.06481000000000001","Enrichr Queries,0.06481"
"E2F6","73","136.33333333333334","3","0.4785409643867005180517537610285216942429542541503906250000000000000000000","0.997973466142412224400004561175592243671417236328125000000000000000000","0.939288434928096105381","ENCODE_and_ChEA_Consensus_TFs_from_ChIP-X(rank=73, adjP=1); Transcription_Factor_PPIs(rank=82, adjP=0.998); ENCODE_TF_ChIP-seq_2015(rank=254, adjP=1)","E2F6 ENCODE; E2F6; E2F6 H1-hESC hg19","196","0.939288434928096105381","enrichr","196","0.939288434928096105381","0.4785409643867005180517537610285216942429542541503906250000000000000000000","0.997973466142412224400004561175592243671417236328125000000000000000000","","5","ENCODE--ChIP-seq(rank=53); ReMap--ChIP-seq(rank=171); ARCHS4--Coexpression(rank=800); Enrichr--Queries(rank=1002); GTEx--Coexpression(rank=1050)","1122","0.44919999999999999","ENCODE ChIP-seq,0.4492"
"LYL1","74","241.50000000000000","2","0.0811116771047447199238789039554831106215715408325195312500000000000000000","0.148704306188286977663537413718586321920156478881835937500000000000000","3.065946708097823325545","Transcription_Factor_PPIs(rank=74, adjP=0.998); ChEA_2022(rank=409, adjP=0.149)","LYL1; LYL1 30185409 ChIP-Seq K562 Mouse BoneMarrow Leukemia","197","3.065946708097823325545","enrichr","197","3.065946708097823325545","0.0811116771047447199238789039554831106215715408325195312500000000000000000","0.148704306188286977663537413718586321920156478881835937500000000000000","","5","ReMap--ChIP-seq(rank=66); Literature--ChIP-seq(rank=97); ARCHS4--Coexpression(rank=239); GTEx--Coexpression(rank=504); Enrichr--Queries(rank=570)","512","0.14680000000000001","ARCHS4 Coexpression,0.1468"
"ESR2","74","246.66666666666666","3","0.0632457435144417184913478990893054287880659103393554687500000000000000000","0.273576973047677418637846358251408673822879791259765625000000000000000","10.194576253658835796045","TRRUST_Transcription_Factors_2019(rank=74, adjP=0.318); Transcription_Factor_PPIs(rank=206, adjP=0.998); ChEA_2022(rank=460, adjP=0.274)","ESR2 mouse; ESR2; ESR2 21235772 ChIP-Seq MCF-7 Human","198","10.194576253658835796045","enrichr","198","10.194576253658835796045","0.0632457435144417184913478990893054287880659103393554687500000000000000000","0.273576973047677418637846358251408673822879791259765625000000000000000","","5","ReMap--ChIP-seq(rank=51); Literature--ChIP-seq(rank=83); Enrichr--Queries(rank=632); ARCHS4--Coexpression(rank=650); GTEx--Coexpression(rank=1047)","569","0.17169999999999999","ReMap ChIP-seq,0.1717"
"BRCA1","74","278.75000000000000","4","0.3831603961376791045445600047969492152333259582519531250000000000000000000","0.555235621645095767107136452978011220693588256835937500000000000000000","1.246207725813201383502","ENCODE_and_ChEA_Consensus_TFs_from_ChIP-X(rank=74, adjP=1); Transcription_Factor_PPIs(rank=209, adjP=0.998); TRRUST_Transcription_Factors_2019(rank=267, adjP=0.555); ENCODE_TF_ChIP-seq_2015(rank=565, adjP=1)","BRCA1 ENCODE; BRCA1; BRCA1 human; BRCA1 H1-hESC hg19","199","1.246207725813201383502","enrichr","199","1.246207725813201383502","0.3831603961376791045445600047969492152333259582519531250000000000000000000","0.555235621645095767107136452978011220693588256835937500000000000000000","","0","",NA,NA,NA
"NR1H3","75","216.50000000000000","2","0.0316956878490960020089417525923636276274919509887695312500000000000000000","0.066490116130366164193254974179581040516495704650878906250000000000000","10.194576253658835796045","TRRUST_Transcription_Factors_2019(rank=75, adjP=0.318); ChEA_2022(rank=358, adjP=0.0665)","NR1H3 mouse; NR1H3 23393188 ChIP-Seq ATHEROSCLEROTIC-FOAM Human","200","10.194576253658835796045","enrichr","200","10.194576253658835796045","0.0316956878490960020089417525923636276274919509887695312500000000000000000","0.066490116130366164193254974179581040516495704650878906250000000000000","","5","Literature--ChIP-seq(rank=81); Enrichr--Queries(rank=202); ReMap--ChIP-seq(rank=222); ARCHS4--Coexpression(rank=357); GTEx--Coexpression(rank=487)","506","0.14390000000000000","Enrichr Queries,0.1439"
"NRF1","75","233.25000000000000","4","0.3426967558666821345170205859176348894834518432617187500000000000000000000","0.555235621645095767107136452978011220693588256835937500000000000000000","1.843194057028633592310","Transcription_Factor_PPIs(rank=75, adjP=0.998); ENCODE_and_ChEA_Consensus_TFs_from_ChIP-X(rank=84, adjP=1); TRRUST_Transcription_Factors_2019(rank=238, adjP=0.555); ENCODE_TF_ChIP-seq_2015(rank=536, adjP=1)","NRF1; NRF1 ENCODE; NRF1 mouse; NRF1 SK-N-SH hg19","201","1.843194057028633592310","enrichr","201","1.843194057028633592310","0.3426967558666821345170205859176348894834518432617187500000000000000000000","0.555235621645095767107136452978011220693588256835937500000000000000000","","5","ENCODE--ChIP-seq(rank=92); ReMap--ChIP-seq(rank=253); ARCHS4--Coexpression(rank=459); GTEx--Coexpression(rank=1157); Enrichr--Queries(rank=1283)","813","0.28189999999999998","ARCHS4 Coexpression,0.2819"
"YY1","76","298.80000000000001","5","0.1831809521027891463074155353751848451793193817138671875000000000000000000","0.488072738153068952371427258185576647520065307617187500000000000000000","3.654148011321487476977","ENCODE_and_ChEA_Consensus_TFs_from_ChIP-X(rank=76, adjP=1); TRRUST_Transcription_Factors_2019(rank=149, adjP=0.488); Transcription_Factor_PPIs(rank=205, adjP=0.998); ENCODE_TF_ChIP-seq_2015(rank=443, adjP=1); ChEA_2022(rank=621, adjP=0.974)","YY1 ENCODE; YY1 mouse; YY1; YY1 SK-N-SH hg19; YY1 22570637 ChIP-Seq MALME-3M Human","202","3.654148011321487476977","enrichr","202","3.654148011321487476977","0.1831809521027891463074155353751848451793193817138671875000000000000000000","0.488072738153068952371427258185576647520065307617187500000000000000000","","6","ENCODE--ChIP-seq(rank=101); Literature--ChIP-seq(rank=144); ReMap--ChIP-seq(rank=262); GTEx--Coexpression(rank=602); Enrichr--Queries(rank=1299); ARCHS4--Coexpression(rank=1471)","988","0.37459999999999999","GTEx Coexpression,0.3746"
"HES1","77","77.00000000000000","1","0.0677349909238699199320876687124837189912796020507812500000000000000000000","0.317836349765623527030555806049960665404796600341796875000000000000000","15.456766702839376037559","TRRUST_Transcription_Factors_2019(rank=77, adjP=0.318)","HES1 human","203","15.456766702839376037559","enrichr","203","15.456766702839376037559","0.0677349909238699199320876687124837189912796020507812500000000000000000000","0.317836349765623527030555806049960665404796600341796875000000000000000","","4","ReMap--ChIP-seq(rank=89); GTEx--Coexpression(rank=230); Enrichr--Queries(rank=541); ARCHS4--Coexpression(rank=1238)","502","0.14310000000000000","GTEx Coexpression,0.1431"
"ELF1","77","345.25000000000000","4","0.8087755235954577903711992803437169641256332397460937500000000000000000000","0.975282564236840454618970852607162669301033020019531250000000000000000","0.185988414806058738327","ENCODE_and_ChEA_Consensus_TFs_from_ChIP-X(rank=77, adjP=1); Transcription_Factor_PPIs(rank=176, adjP=0.998); ENCODE_TF_ChIP-seq_2015(rank=506, adjP=1); ChEA_2022(rank=622, adjP=0.975)","ELF1 ENCODE; ELF1; ELF1 SK-N-SH hg19; ELF1 20517297 ChIP-Seq JURKAT Human","204","0.185988414806058738327","enrichr","204","0.185988414806058738327","0.8087755235954577903711992803437169641256332397460937500000000000000000000","0.975282564236840454618970852607162669301033020019531250000000000000000","","5","ENCODE--ChIP-seq(rank=104); Literature--ChIP-seq(rank=141); ARCHS4--Coexpression(rank=219); ReMap--ChIP-seq(rank=255); GTEx--Coexpression(rank=721)","479","0.13450000000000001","ARCHS4 Coexpression,0.1345"
"HMGA2","78","78.00000000000000","1","0.0677349909238699199320876687124837189912796020507812500000000000000000000","0.317836349765623527030555806049960665404796600341796875000000000000000","15.456766702839376037559","TRRUST_Transcription_Factors_2019(rank=78, adjP=0.318)","HMGA2 mouse","205","15.456766702839376037559","enrichr","205","15.456766702839376037559","0.0677349909238699199320876687124837189912796020507812500000000000000000000","0.317836349765623527030555806049960665404796600341796875000000000000000","","3","Enrichr--Queries(rank=159); GTEx--Coexpression(rank=214); ARCHS4--Coexpression(rank=236)","410","0.11320000000000000","Enrichr Queries,0.1132"
"NOD2","78","78.00000000000000","1","0.4527335913585894822119826130801811814308166503906250000000000000000000000","0.997973466142412224400004561175592243671417236328125000000000000000000","0.973986015699084051178","Transcription_Factor_PPIs(rank=78, adjP=0.998)","NOD2","206","0.973986015699084051178","enrichr","206","0.973986015699084051178","0.4527335913585894822119826130801811814308166503906250000000000000000000000","0.997973466142412224400004561175592243671417236328125000000000000000000","","0","",NA,NA,NA
"RCOR3","78","90.50000000000000","2","0.0000009691163405635055523660572815436431426405761158093810081481933593750","0.000009330850920040926666410192880096730050354381091892719268798828125","21.426163362255497446540","ChEA_2022(rank=78, adjP=9.33e-06); Transcription_Factor_PPIs(rank=103, adjP=0.998)","RCOR3 21632747 ChIP-Seq MESCs Mouse; RCOR3","207","21.426163362255497446540","enrichr","207","21.426163362255497446540","0.0000009691163405635055523660572815436431426405761158093810081481933593750","0.000009330850920040926666410192880096730050354381091892719268798828125","","0","",NA,NA,NA
"PCGF2","79","197.50000000000000","2","0.0159930415224979541322092302380042383447289466857910156250000000000000000","0.037972748122965097050673932699282886460423469543457031250000000000000","6.571020844612157851827","Transcription_Factor_PPIs(rank=79, adjP=0.998); ChEA_2022(rank=316, adjP=0.038)","PCGF2; PCGF2 27294783 Chip-Seq NPCs Mouse","208","6.571020844612157851827","enrichr","208","6.571020844612157851827","0.0159930415224979541322092302380042383447289466857910156250000000000000000","0.037972748122965097050673932699282886460423469543457031250000000000000","","2","ReMap--ChIP-seq(rank=1); ARCHS4--Coexpression(rank=527)","14","0.00336700000000000","ReMap ChIP-seq,0.003367"
"MAF","79","253.50000000000000","2","0.0677349909238699199320876687124837189912796020507812500000000000000000000","0.192999901254668926320334776391973719000816345214843750000000000000000","15.456766702839376037559","TRRUST_Transcription_Factors_2019(rank=79, adjP=0.318); ChEA_2022(rank=428, adjP=0.193)","MAF mouse; MAF 26560356 Chip-Seq TH1 Human","209","15.456766702839376037559","enrichr","209","15.456766702839376037559","0.0677349909238699199320876687124837189912796020507812500000000000000000000","0.192999901254668926320334776391973719000816345214843750000000000000000","","4","ReMap--ChIP-seq(rank=154); Enrichr--Queries(rank=190); GTEx--Coexpression(rank=236); ARCHS4--Coexpression(rank=844)","480","0.13530000000000000","Enrichr Queries,0.1353"
"SCL","80","80.00000000000000","1","0.0000011894017132702693303786430079060920661504496820271015167236328125000","0.000011165508583324658812879932867634380500021507032215595245361328125","22.484396794766738025828","ChEA_2022(rank=80, adjP=1.12e-05)","SCL 21571218 ChIP-Seq MEGAKARYOCYTES Human","210","22.484396794766738025828","enrichr","210","22.484396794766738025828","0.0000011894017132702693303786430079060920661504496820271015167236328125000","0.000011165508583324658812879932867634380500021507032215595245361328125","","0","",NA,NA,NA
"ONECUT1","80","80.00000000000000","1","0.0677349909238699199320876687124837189912796020507812500000000000000000000","0.317836349765623527030555806049960665404796600341796875000000000000000","15.456766702839376037559","TRRUST_Transcription_Factors_2019(rank=80, adjP=0.318)","ONECUT1 mouse","211","15.456766702839376037559","enrichr","211","15.456766702839376037559","0.0677349909238699199320876687124837189912796020507812500000000000000000000","0.317836349765623527030555806049960665404796600341796875000000000000000","","4","ReMap--ChIP-seq(rank=42); ARCHS4--Coexpression(rank=290); GTEx--Coexpression(rank=629); Enrichr--Queries(rank=698)","496","0.14140000000000000","ReMap ChIP-seq,0.1414"
"STAT4","80","285.00000000000000","2","0.2352856033130133195374611432271194644272327423095703125000000000000000000","0.360513505108622234196502631675684824585914611816406250000000000000000","1.607926862623224595339","Transcription_Factor_PPIs(rank=80, adjP=0.998); ChEA_2022(rank=490, adjP=0.361)","STAT4; STAT4 19710469 ChIP-ChIP TH1 Mouse","212","1.607926862623224595339","enrichr","212","1.607926862623224595339","0.2352856033130133195374611432271194644272327423095703125000000000000000000","0.360513505108622234196502631675684824585914611816406250000000000000000","","4","Literature--ChIP-seq(rank=117); Enrichr--Queries(rank=510); ARCHS4--Coexpression(rank=594); GTEx--Coexpression(rank=671)","966","0.36320000000000002","Enrichr Queries,0.3632"
"MBD3","81","81.00000000000000","1","0.0000012056815655982427407962422408194136380643612938001751899719238281250","0.000011178603157583720387798636997089829492324497550725936889648437500","19.491207390643253916096","ChEA_2022(rank=81, adjP=1.12e-05)","MBD3 35695185 ChIP-Seq nicBasalRootGanglia Mouse Embryo","213","19.491207390643253916096","enrichr","213","19.491207390643253916096","0.0000012056815655982427407962422408194136380643612938001751899719238281250","0.000011178603157583720387798636997089829492324497550725936889648437500","","4","ReMap--ChIP-seq(rank=11); GTEx--Coexpression(rank=654); Enrichr--Queries(rank=1377); ARCHS4--Coexpression(rank=1435)","164","0.03704000000000000","ReMap ChIP-seq,0.03704"
"PAX8","81","81.00000000000000","1","0.0677349909238699199320876687124837189912796020507812500000000000000000000","0.317836349765623527030555806049960665404796600341796875000000000000000","15.456766702839376037559","TRRUST_Transcription_Factors_2019(rank=81, adjP=0.318)","PAX8 human","214","15.456766702839376037559","enrichr","214","15.456766702839376037559","0.0677349909238699199320876687124837189912796020507812500000000000000000000","0.317836349765623527030555806049960665404796600341796875000000000000000","","4","ReMap--ChIP-seq(rank=68); ARCHS4--Coexpression(rank=234); GTEx--Coexpression(rank=299); Enrichr--Queries(rank=373)","504","0.14369999999999999","ARCHS4 Coexpression,0.1437"
"GABPA","81","295.00000000000000","3","0.7992469065844453046665307738294359296560287475585937500000000000000000000","0.968120043298255517072448128601536154747009277343750000000000000000000","0.179953656619969121211","ENCODE_and_ChEA_Consensus_TFs_from_ChIP-X(rank=81, adjP=1); ENCODE_TF_ChIP-seq_2015(rank=184, adjP=1); ChEA_2022(rank=620, adjP=0.968)","GABPA ENCODE; GABPA MEL cell line mm9; GABPA 29892750 ChIP-Seq EML Mouse BoneMarrow","215","0.179953656619969121211","enrichr","215","0.179953656619969121211","0.7992469065844453046665307738294359296560287475585937500000000000000000000","0.968120043298255517072448128601536154747009277343750000000000000000000","","6","Literature--ChIP-seq(rank=11); ENCODE--ChIP-seq(rank=61); ReMap--ChIP-seq(rank=242); GTEx--Coexpression(rank=993); Enrichr--Queries(rank=1380); ARCHS4--Coexpression(rank=1582)","273","0.06707000000000000","Literature ChIP-seq,0.06707"
"STAT6","82","128.33333333333334","3","0.0000012496580230781027471881252516316962442033400293439626693725585937500","0.000011445038723556772198327972922538009470372344367206096649169921875","33.452925305720015103361","ChEA_2022(rank=82, adjP=1.14e-05); Transcription_Factor_PPIs(rank=85, adjP=0.998); TRRUST_Transcription_Factors_2019(rank=218, adjP=0.554)","STAT6 20620947 ChIP-Seq CD4 POS T Human; STAT6; STAT6 human","216","33.452925305720015103361","enrichr","216","33.452925305720015103361","0.0000012496580230781027471881252516316962442033400293439626693725585937500","0.000011445038723556772198327972922538009470372344367206096649169921875","","4","Literature--ChIP-seq(rank=22); ARCHS4--Coexpression(rank=346); Enrichr--Queries(rank=512); GTEx--Coexpression(rank=615)","478","0.13410000000000000","Literature ChIP-seq,0.1341"
"MAX","82","221.50000000000000","4","0.3267795360709860874592891377687919884920120239257812500000000000000000000","0.554408016325561803228083590511232614517211914062500000000000000000000","3.207875212978674728248","ENCODE_and_ChEA_Consensus_TFs_from_ChIP-X(rank=82, adjP=1); Transcription_Factor_PPIs(rank=194, adjP=0.998); TRRUST_Transcription_Factors_2019(rank=228, adjP=0.554); ENCODE_TF_ChIP-seq_2015(rank=382, adjP=1)","MAX ENCODE; MAX; MAX mouse; MAX GM12878 hg19","217","3.207875212978674728248","enrichr","217","3.207875212978674728248","0.3267795360709860874592891377687919884920120239257812500000000000000000000","0.554408016325561803228083590511232614517211914062500000000000000000000","","5","ENCODE--ChIP-seq(rank=79); ReMap--ChIP-seq(rank=169); ARCHS4--Coexpression(rank=449); GTEx--Coexpression(rank=514); Enrichr--Queries(rank=1158)","799","0.27579999999999999","ARCHS4 Coexpression,0.2758"
"SP4","83","410.00000000000000","2","0.0677349909238699199320876687124837189912796020507812500000000000000000000","0.317836349765623527030555806049960665404796600341796875000000000000000","15.456766702839376037559","TRRUST_Transcription_Factors_2019(rank=83, adjP=0.318); ENCODE_TF_ChIP-seq_2015(rank=737, adjP=1)","SP4 mouse; SP4 H1-hESC hg19","218","15.456766702839376037559","enrichr","218","15.456766702839376037559","0.0677349909238699199320876687124837189912796020507812500000000000000000000","0.317836349765623527030555806049960665404796600341796875000000000000000","","5","ENCODE--ChIP-seq(rank=118); ReMap--ChIP-seq(rank=258); Enrichr--Queries(rank=882); GTEx--Coexpression(rank=1209); ARCHS4--Coexpression(rank=1348)","1387","0.62819999999999998","Enrichr Queries,0.6282"
"PIAS1","84","141.50000000000000","2","0.0000014589255916937145798683390582328733842132351128384470939636230468750","0.000013043489516214037827047771134214571020493167452514171600341796875","27.479393273607310987927","ChEA_2022(rank=84, adjP=1.3e-05); TRRUST_Transcription_Factors_2019(rank=199, adjP=0.552)","PIAS1 25552417 ChIP-Seq VCAP Human; PIAS1 human","219","27.479393273607310987927","enrichr","219","27.479393273607310987927","0.0000014589255916937145798683390582328733842132351128384470939636230468750","0.000013043489516214037827047771134214571020493167452514171600341796875","","0","",NA,NA,NA
"STAT5B","84","171.66666666666666","3","0.0067527960636180311276843823975468694698065519332885742187500000000000000","0.018047508340843922830520895672634651418775320053100585937500000000000","15.456766702839376037559","TRRUST_Transcription_Factors_2019(rank=84, adjP=0.318); Transcription_Factor_PPIs(rank=150, adjP=0.998); ChEA_2022(rank=281, adjP=0.018)","STAT5B human; STAT5B; STAT5B 24692510 ChIP-Seq Epithelium Mouse Mammary","220","15.456766702839376037559","enrichr","220","15.456766702839376037559","0.0067527960636180311276843823975468694698065519332885742187500000000000000","0.018047508340843922830520895672634651418775320053100585937500000000000","","4","ReMap--ChIP-seq(rank=182); GTEx--Coexpression(rank=409); ARCHS4--Coexpression(rank=414); Enrichr--Queries(rank=967)","752","0.25430000000000003","ARCHS4 Coexpression,0.2543"
"PML","85","296.75000000000000","4","0.2808087873247235299878354908287292346358299255371093750000000000000000000","0.551624241114669344732135414233198389410972595214843750000000000000000","2.572171754280315081331","ENCODE_and_ChEA_Consensus_TFs_from_ChIP-X(rank=85, adjP=1); TRRUST_Transcription_Factors_2019(rank=179, adjP=0.552); Transcription_Factor_PPIs(rank=180, adjP=0.998); ENCODE_TF_ChIP-seq_2015(rank=743, adjP=1)","PML ENCODE; PML human; PML; PML K562 hg19","221","2.572171754280315081331","enrichr","221","2.572171754280315081331","0.2808087873247235299878354908287292346358299255371093750000000000000000000","0.551624241114669344732135414233198389410972595214843750000000000000000","","0","",NA,NA,NA
"SA1","86","86.00000000000000","1","0.0000017342866336896404241916386235189406761492136865854263305664062500000","0.000015144758859313013594572253084358237629203358665108680725097656250","21.510105556253130032474","ChEA_2022(rank=86, adjP=1.51e-05)","SA1 22415368 ChIP-Seq MEFs Mouse","222","21.510105556253130032474","enrichr","222","21.510105556253130032474","0.0000017342866336896404241916386235189406761492136865854263305664062500000","0.000015144758859313013594572253084358237629203358665108680725097656250","","0","",NA,NA,NA
"SNAI1","86","86.00000000000000","1","0.0722688391533401336408459769700129982084035873413085937500000000000000000","0.325209661753878831458308695800951682031154632568359375000000000000000","7.246624960768769163622","TRRUST_Transcription_Factors_2019(rank=86, adjP=0.325)","SNAI1 mouse","223","7.246624960768769163622","enrichr","223","7.246624960768769163622","0.0722688391533401336408459769700129982084035873413085937500000000000000000","0.325209661753878831458308695800951682031154632568359375000000000000000","","3","GTEx--Coexpression(rank=267); Enrichr--Queries(rank=322); ARCHS4--Coexpression(rank=820)","554","0.16610000000000000","GTEx Coexpression,0.1661"
"FOXO3","87","114.50000000000000","2","0.0000911235186464369158534926107506635162280872464179992675781250000000000","0.000481927904954042795552388023239132053276989609003067016601562500000","16.926439719060908828396","TRRUST_Transcription_Factors_2019(rank=87, adjP=0.325); ChEA_2022(rank=142, adjP=0.000482)","FOXO3 human; FOXO3 23340844 ChIP-Seq DLD1 Human","224","16.926439719060908828396","enrichr","224","16.926439719060908828396","0.0000911235186464369158534926107506635162280872464179992675781250000000000","0.000481927904954042795552388023239132053276989609003067016601562500000","","4","Literature--ChIP-seq(rank=42); GTEx--Coexpression(rank=922); Enrichr--Queries(rank=928); ARCHS4--Coexpression(rank=951)","757","0.25609999999999999","Literature ChIP-seq,0.2561"
"MXI1","87","219.50000000000000","2","0.4925717681605546460765765459655085578560829162597656250000000000000000000","0.997973466142412224400004561175592243671417236328125000000000000000000","1.107492496114906188609","Transcription_Factor_PPIs(rank=87, adjP=0.998); ENCODE_TF_ChIP-seq_2015(rank=352, adjP=1)","MXI1; MXI1 H1-hESC hg19","225","1.107492496114906188609","enrichr","225","1.107492496114906188609","0.4925717681605546460765765459655085578560829162597656250000000000000000000","0.997973466142412224400004561175592243671417236328125000000000000000000","","5","ENCODE--ChIP-seq(rank=76); ReMap--ChIP-seq(rank=276); GTEx--Coexpression(rank=424); ARCHS4--Coexpression(rank=514); Enrichr--Queries(rank=796)","773","0.26379999999999998","GTEx Coexpression,0.2638"
"GLI2","88","88.00000000000000","1","0.0729059443226579839691936513190739788115024566650390625000000000000000000","0.325209661753878831458308695800951682031154632568359375000000000000000","9.024561723739155993940","TRRUST_Transcription_Factors_2019(rank=88, adjP=0.325)","GLI2 human","226","9.024561723739155993940","enrichr","226","9.024561723739155993940","0.0729059443226579839691936513190739788115024566650390625000000000000000000","0.325209661753878831458308695800951682031154632568359375000000000000000","","3","Enrichr--Queries(rank=8); ARCHS4--Coexpression(rank=92); GTEx--Coexpression(rank=174)","25","0.00569800000000000","Enrichr Queries,0.005698"
"ARNT","88","155.00000000000000","2","0.0000026320753333905897149787474209592375018473831005394458770751953125000","0.000022462370174731050297438003648942128620547009631991386413574218750","23.526202776126893922992","ChEA_2022(rank=88, adjP=2.25e-05); TRRUST_Transcription_Factors_2019(rank=222, adjP=0.554)","ARNT 22903824 ChIP-Seq MCF-7 Human; ARNT mouse","227","23.526202776126893922992","enrichr","227","23.526202776126893922992","0.0000026320753333905897149787474209592375018473831005394458770751953125000","0.000022462370174731050297438003648942128620547009631991386413574218750","","5","Literature--ChIP-seq(rank=21); ReMap--ChIP-seq(rank=127); GTEx--Coexpression(rank=768); Enrichr--Queries(rank=1127); ARCHS4--Coexpression(rank=1128)","464","0.12800000000000000","Literature ChIP-seq,0.128"
"PBX3","88","184.00000000000000","3","0.6584722788812685800863278018368873745203018188476562500000000000000000000","0.997973466142412224400004561175592243671417236328125000000000000000000","0.399207540017298190271","ENCODE_and_ChEA_Consensus_TFs_from_ChIP-X(rank=88, adjP=1); Transcription_Factor_PPIs(rank=114, adjP=0.998); ENCODE_TF_ChIP-seq_2015(rank=350, adjP=1)","PBX3 ENCODE; PBX3; PBX3 SK-N-SH hg19","228","0.399207540017298190271","enrichr","228","0.399207540017298190271","0.6584722788812685800863278018368873745203018188476562500000000000000000000","0.997973466142412224400004561175592243671417236328125000000000000000000","","5","ENCODE--ChIP-seq(rank=78); ARCHS4--Coexpression(rank=137); Enrichr--Queries(rank=215); ReMap--ChIP-seq(rank=267); GTEx--Coexpression(rank=601)","324","0.08415000000000000","ARCHS4 Coexpression,0.08415"
"JUNB","88","218.50000000000000","2","0.4956288392723299796038816111831692978739738464355468750000000000000000000","0.639401905992612484830317498563090339303016662597656250000000000000000","0.805082314006054344802","Transcription_Factor_PPIs(rank=88, adjP=0.998); TRRUST_Transcription_Factors_2019(rank=349, adjP=0.639)","JUNB; JUNB human","229","0.805082314006054344802","enrichr","229","0.805082314006054344802","0.4956288392723299796038816111831692978739738464355468750000000000000000000","0.639401905992612484830317498563090339303016662597656250000000000000000","","4","ReMap--ChIP-seq(rank=191); ARCHS4--Coexpression(rank=266); Enrichr--Queries(rank=774); GTEx--Coexpression(rank=928)","548","0.16339999999999999","ARCHS4 Coexpression,0.1634"
"UBF1/2","89","89.00000000000000","1","0.0000032152548115458424605865063450327312466470175422728061676025390625000","0.000027130970376077844072228856253659046160464640706777572631835937500","20.182854436852096569055","ChEA_2022(rank=89, adjP=2.71e-05)","UBF1/2 26484160 Chip-Seq FIBROBLAST Human","230","20.182854436852096569055","enrichr","230","20.182854436852096569055","0.0000032152548115458424605865063450327312466470175422728061676025390625000","0.000027130970376077844072228856253659046160464640706777572631835937500","","0","",NA,NA,NA
"RBPJ","89","309.00000000000000","2","0.0729059443226579839691936513190739788115024566650390625000000000000000000","0.325209661753878831458308695800951682031154632568359375000000000000000","9.024561723739155993940","TRRUST_Transcription_Factors_2019(rank=89, adjP=0.325); ChEA_2022(rank=529, adjP=0.472)","RBPJ mouse; RBPJ 21746931 ChIP-Seq IB4 Human","231","9.024561723739155993940","enrichr","231","9.024561723739155993940","0.0729059443226579839691936513190739788115024566650390625000000000000000000","0.325209661753878831458308695800951682031154632568359375000000000000000","","5","Literature--ChIP-seq(rank=130); ReMap--ChIP-seq(rank=203); Enrichr--Queries(rank=883); GTEx--Coexpression(rank=940); ARCHS4--Coexpression(rank=1272)","1329","0.58489999999999998","GTEx Coexpression,0.5849"
"SIN3A","90","254.19999999999999","5","0.3267795360709860874592891377687919884920120239257812500000000000000000000","0.473851525087600755625771853374317288398742675781250000000000000000000","3.207875212978674728248","ENCODE_and_ChEA_Consensus_TFs_from_ChIP-X(rank=90, adjP=1); Transcription_Factor_PPIs(rank=129, adjP=0.998); TRRUST_Transcription_Factors_2019(rank=232, adjP=0.554); ENCODE_TF_ChIP-seq_2015(rank=290, adjP=1); ChEA_2022(rank=530, adjP=0.474)","SIN3A ENCODE; SIN3A; SIN3A mouse; SIN3A HCT116 hg19; SIN3A 21632747 ChIP-Seq MESCs Mouse","232","3.207875212978674728248","enrichr","232","3.207875212978674728248","0.3267795360709860874592891377687919884920120239257812500000000000000000000","0.473851525087600755625771853374317288398742675781250000000000000000000","","0","",NA,NA,NA
"ELK1","90","410.00000000000000","4","0.5095508458855354527727854474505875259637832641601562500000000000000000000","0.715082524515835316059053639037301763892173767089843750000000000000000","0.756457733264384590832","Transcription_Factor_PPIs(rank=90, adjP=0.998); TRRUST_Transcription_Factors_2019(rank=371, adjP=0.715); ENCODE_TF_ChIP-seq_2015(rank=560, adjP=1); ChEA_2022(rank=619, adjP=0.958)","ELK1; ELK1 human; ELK1 HeLa-S3 hg19; ELK1 22589737 ChIP-Seq MCF10A Human","233","0.756457733264384590832","enrichr","233","0.756457733264384590832","0.5095508458855354527727854474505875259637832641601562500000000000000000000","0.715082524515835316059053639037301763892173767089843750000000000000000","","5","GTEx--Coexpression(rank=59); ENCODE--ChIP-seq(rank=100); Literature--ChIP-seq(rank=138); ReMap--ChIP-seq(rank=284); ARCHS4--Coexpression(rank=1552)","161","0.03671000000000000","GTEx Coexpression,0.03671"
"YBX1","91","91.00000000000000","1","0.0799260109302519367036055086828127969056367874145507812500000000000000000","0.330157238842596401084961144078988581895828247070312500000000000000000","6.700469692310288216675","TRRUST_Transcription_Factors_2019(rank=91, adjP=0.33)","YBX1 human","234","6.700469692310288216675","enrichr","234","6.700469692310288216675","0.0799260109302519367036055086828127969056367874145507812500000000000000000","0.330157238842596401084961144078988581895828247070312500000000000000000","","3","Enrichr--Queries(rank=1398); ARCHS4--Coexpression(rank=1521); GTEx--Coexpression(rank=1524)","1624","0.93430000000000002","ARCHS4 Coexpression,0.9343"
"SMARCC2","91","127.50000000000000","2","0.8009894476473741198319089562573935836553573608398437500000000000000000000","0.997973466142412224400004561175592243671417236328125000000000000000000","0.194777075738200355914","ENCODE_TF_ChIP-seq_2015(rank=91, adjP=1); Transcription_Factor_PPIs(rank=164, adjP=0.998)","SMARCC2 HeLa-S3 hg19; SMARCC2","235","0.194777075738200355914","enrichr","235","0.194777075738200355914","0.8009894476473741198319089562573935836553573608398437500000000000000000000","0.997973466142412224400004561175592243671417236328125000000000000000000","","0","",NA,NA,NA
"TCF3/E2A","92","92.00000000000000","1","0.0000042548978853626304429689022890137550803046906366944313049316406250000","0.000034732916433775368615210349387822930111724417656660079956054687500","19.819575208372175012528","ChEA_2022(rank=92, adjP=3.47e-05)","TCF3/E2A 22897851 ChIP-Seq JUKARTE6-1 Human","236","19.819575208372175012528","enrichr","236","19.819575208372175012528","0.0000042548978853626304429689022890137550803046906366944313049316406250000","0.000034732916433775368615210349387822930111724417656660079956054687500","","0","",NA,NA,NA
"GATA4","92","114.00000000000000","3","0.0000357890474850031586667373217913734606554498896002769470214843750000000","0.000205172325658300585280238714780409736704314127564430236816406250000","15.499867172302039364240","TRRUST_Transcription_Factors_2019(rank=92, adjP=0.33); Transcription_Factor_PPIs(rank=119, adjP=0.998); ChEA_2022(rank=131, adjP=0.000205)","GATA4 human; GATA4; GATA4 25053715 ChIP-Seq YYC3 Human","237","15.499867172302039364240","enrichr","237","15.499867172302039364240","0.0000357890474850031586667373217913734606554498896002769470214843750000000","0.000205172325658300585280238714780409736704314127564430236816406250000","","5","Literature--ChIP-seq(rank=50); ReMap--ChIP-seq(rank=128); ARCHS4--Coexpression(rank=183); Enrichr--Queries(rank=353); GTEx--Coexpression(rank=493)","408","0.11240000000000000","ARCHS4 Coexpression,0.1124"
"NACC1","92","213.00000000000000","2","0.0219619106925724658085918861161189852282404899597167968750000000000000000","0.049381421946472825457163935425342060625553131103515625000000000000000","5.449404791743353904110","Transcription_Factor_PPIs(rank=92, adjP=0.998); ChEA_2022(rank=334, adjP=0.0494)","NACC1; NACC1 18358816 ChIP-ChIP MESCs Mouse","238","5.449404791743353904110","enrichr","238","5.449404791743353904110","0.0219619106925724658085918861161189852282404899597167968750000000000000000","0.049381421946472825457163935425342060625553131103515625000000000000000","","0","",NA,NA,NA
"CTNNB1","93","133.66666666666666","3","0.0000645917301226742662312654830181202214589575305581092834472656250000000","0.000356679333250944192394010778812685202865395694971084594726562500000","29.533408837795413148797","Transcription_Factor_PPIs(rank=93, adjP=0.998); ChEA_2022(rank=136, adjP=0.000357); TRRUST_Transcription_Factors_2019(rank=172, adjP=0.552)","CTNNB1; CTNNB1 24651522 ChIP-Seq LGR5+ INTESTINAL STEM Human; CTNNB1 mouse","239","29.533408837795413148797","enrichr","239","29.533408837795413148797","0.0000645917301226742662312654830181202214589575305581092834472656250000000","0.000356679333250944192394010778812685202865395694971084594726562500000","","0","",NA,NA,NA
"USF2","94","259.75000000000000","4","0.4815114203114123636595422794925980269908905029296875000000000000000000000","0.595514124185765436614303780515911057591438293457031250000000000000000","0.857322489502421736240","ENCODE_and_ChEA_Consensus_TFs_from_ChIP-X(rank=94, adjP=1); Transcription_Factor_PPIs(rank=135, adjP=0.998); TRRUST_Transcription_Factors_2019(rank=321, adjP=0.596); ENCODE_TF_ChIP-seq_2015(rank=489, adjP=1)","USF2 ENCODE; USF2; USF2 human; USF2 MEL cell line mm9","240","0.857322489502421736240","enrichr","240","0.857322489502421736240","0.4815114203114123636595422794925980269908905029296875000000000000000000000","0.595514124185765436614303780515911057591438293457031250000000000000000","","5","ENCODE--ChIP-seq(rank=86); ReMap--ChIP-seq(rank=108); GTEx--Coexpression(rank=528); ARCHS4--Coexpression(rank=1113); Enrichr--Queries(rank=1204)","906","0.32860000000000000","GTEx Coexpression,0.3286"
"DNMT3A","95","95.00000000000000","1","0.0839946627785950611366772022847726475447416305541992187500000000000000000","0.330157238842596401084961144078988581895828247070312500000000000000000","12.189211140895752194524","TRRUST_Transcription_Factors_2019(rank=95, adjP=0.33)","DNMT3A human","241","12.189211140895752194524","enrichr","241","12.189211140895752194524","0.0839946627785950611366772022847726475447416305541992187500000000000000000","0.330157238842596401084961144078988581895828247070312500000000000000000","","0","",NA,NA,NA
"MEF2C","95","120.00000000000000","2","0.5232679336555641214090428547933697700500488281250000000000000000000000000","0.997973466142412224400004561175592243671417236328125000000000000000000","0.711155419027151292077","Transcription_Factor_PPIs(rank=95, adjP=0.998); ENCODE_TF_ChIP-seq_2015(rank=145, adjP=1)","MEF2C; MEF2C GM12878 hg19","242","0.711155419027151292077","enrichr","242","0.711155419027151292077","0.5232679336555641214090428547933697700500488281250000000000000000000000000","0.997973466142412224400004561175592243671417236328125000000000000000000","","5","ARCHS4--Coexpression(rank=40); ENCODE--ChIP-seq(rank=56); Enrichr--Queries(rank=74); ReMap--ChIP-seq(rank=220); GTEx--Coexpression(rank=690)","106","0.02457000000000000","ARCHS4 Coexpression,0.02457"
"SRY","95","149.00000000000000","2","0.0000050579990965845863579836670653744334913426428101956844329833984375000","0.000039854514569394270946493807894484007192659191787242889404296875000","17.802736016307218136490","ChEA_2022(rank=95, adjP=3.99e-05); TRRUST_Transcription_Factors_2019(rank=203, adjP=0.552)","SRY 25088423 ChIP-ChIP EMBRYONIC GONADS Mouse; SRY human","243","17.802736016307218136490","enrichr","243","17.802736016307218136490","0.0000050579990965845863579836670653744334913426428101956844329833984375000","0.000039854514569394270946493807894484007192659191787242889404296875000","","4","Literature--ChIP-seq(rank=32); GTEx--Coexpression(rank=391); Enrichr--Queries(rank=791); ARCHS4--Coexpression(rank=1075)","627","0.19510000000000000","Literature ChIP-seq,0.1951"
"BCLAF1","95","339.00000000000000","3","0.9529278269647440957612616330152377486228942871093750000000000000000000000","0.997973466142412224400004561175592243671417236328125000000000000000000","0.015616339376181613552","ENCODE_and_ChEA_Consensus_TFs_from_ChIP-X(rank=95, adjP=1); Transcription_Factor_PPIs(rank=187, adjP=0.998); ENCODE_TF_ChIP-seq_2015(rank=735, adjP=1)","BCLAF1 ENCODE; BCLAF1; BCLAF1 GM12878 hg19","244","0.015616339376181613552","enrichr","244","0.015616339376181613552","0.9529278269647440957612616330152377486228942871093750000000000000000000000","0.997973466142412224400004561175592243671417236328125000000000000000000","","0","",NA,NA,NA
"FOS","96","135.75000000000000","4","0.0916929459293379656159572732576634734869003295898437500000000000000000000","0.356883328764187879311720053010503761470317840576171875000000000000000","4.847800469473397377840","ENCODE_and_ChEA_Consensus_TFs_from_ChIP-X(rank=96, adjP=1); Transcription_Factor_PPIs(rank=97, adjP=0.998); TRRUST_Transcription_Factors_2019(rank=102, adjP=0.357); ENCODE_TF_ChIP-seq_2015(rank=248, adjP=1)","FOS ENCODE; FOS; FOS human; FOS endothelial cell of umbilical vein hg19","245","4.847800469473397377840","enrichr","245","4.847800469473397377840","0.0916929459293379656159572732576634734869003295898437500000000000000000000","0.356883328764187879311720053010503761470317840576171875000000000000000","","5","ReMap--ChIP-seq(rank=15); ENCODE--ChIP-seq(rank=58); Enrichr--Queries(rank=603); GTEx--Coexpression(rank=754); ARCHS4--Coexpression(rank=970)","214","0.05051000000000000","ReMap ChIP-seq,0.05051"
"GATA6","96","234.50000000000000","2","0.0427146011279867995891201815084059489890933036804199218750000000000000000","0.085889909647752241128593198027374455705285072326660156250000000000000","12.189211140895752194524","TRRUST_Transcription_Factors_2019(rank=96, adjP=0.33); ChEA_2022(rank=373, adjP=0.0859)","GATA6 human; GATA6 25053715 ChIP-Seq YYC3 Human","246","12.189211140895752194524","enrichr","246","12.189211140895752194524","0.0427146011279867995891201815084059489890933036804199218750000000000000000","0.085889909647752241128593198027374455705285072326660156250000000000000","","5","ReMap--ChIP-seq(rank=32); Enrichr--Queries(rank=98); Literature--ChIP-seq(rank=102); ARCHS4--Coexpression(rank=225); GTEx--Coexpression(rank=420)","282","0.06980000000000000","Enrichr Queries,0.0698"
"ATF1","96","294.00000000000000","3","0.3830248695690005589220561432739486917853355407714843750000000000000000000","0.555235621645095767107136452978011220693588256835937500000000000000000","1.501395003689134366454","Transcription_Factor_PPIs(rank=96, adjP=0.998); TRRUST_Transcription_Factors_2019(rank=263, adjP=0.555); ENCODE_TF_ChIP-seq_2015(rank=523, adjP=1)","ATF1; ATF1 human; ATF1 K562 hg19","247","1.501395003689134366454","enrichr","247","1.501395003689134366454","0.3830248695690005589220561432739486917853355407714843750000000000000000000","0.555235621645095767107136452978011220693588256835937500000000000000000","","5","ENCODE--ChIP-seq(rank=89); ReMap--ChIP-seq(rank=178); ARCHS4--Coexpression(rank=466); GTEx--Coexpression(rank=1210); Enrichr--Queries(rank=1324)","822","0.28620000000000001","ARCHS4 Coexpression,0.2862"
"GLI3","97","97.00000000000000","1","0.0839946627785950611366772022847726475447416305541992187500000000000000000","0.330157238842596401084961144078988581895828247070312500000000000000000","12.189211140895752194524","TRRUST_Transcription_Factors_2019(rank=97, adjP=0.33)","GLI3 mouse","248","12.189211140895752194524","enrichr","248","12.189211140895752194524","0.0839946627785950611366772022847726475447416305541992187500000000000000000","0.330157238842596401084961144078988581895828247070312500000000000000000","","3","Enrichr--Queries(rank=1); ARCHS4--Coexpression(rank=28); GTEx--Coexpression(rank=139)","3","0.00071230000000000","Enrichr Queries,7.123E-4"
"ZBTB33","97","261.66666666666669","3","0.2876227151403943360641335402760887518525123596191406250000000000000000000","0.551624241114669344732135414233198389410972595214843750000000000000000","4.288964084908323037837","ENCODE_and_ChEA_Consensus_TFs_from_ChIP-X(rank=97, adjP=1); TRRUST_Transcription_Factors_2019(rank=206, adjP=0.552); ENCODE_TF_ChIP-seq_2015(rank=482, adjP=1)","ZBTB33 ENCODE; ZBTB33 mouse; ZBTB33 A549 hg19","249","4.288964084908323037837","enrichr","249","4.288964084908323037837","0.2876227151403943360641335402760887518525123596191406250000000000000000000","0.551624241114669344732135414233198389410972595214843750000000000000000","","5","ENCODE--ChIP-seq(rank=95); ReMap--ChIP-seq(rank=259); GTEx--Coexpression(rank=497); Enrichr--Queries(rank=1308); ARCHS4--Coexpression(rank=1448)","866","0.30930000000000002","GTEx Coexpression,0.3093"
"MAFA","98","98.00000000000000","1","0.0839946627785950611366772022847726475447416305541992187500000000000000000","0.330157238842596401084961144078988581895828247070312500000000000000000","12.189211140895752194524","TRRUST_Transcription_Factors_2019(rank=98, adjP=0.33)","MAFA mouse","250","12.189211140895752194524","enrichr","250","12.189211140895752194524","0.0839946627785950611366772022847726475447416305541992187500000000000000000","0.330157238842596401084961144078988581895828247070312500000000000000000","","3","Enrichr--Queries(rank=195); ARCHS4--Coexpression(rank=196); GTEx--Coexpression(rank=897)","434","0.12039999999999999","ARCHS4 Coexpression,0.1204"
"ESRRA","98","164.00000000000000","3","0.3987597904996321718229523867194075137376785278320312500000000000000000000","0.555235621645095767107136452978011220693588256835937500000000000000000","1.977476092009768926516","Transcription_Factor_PPIs(rank=98, adjP=0.998); ENCODE_TF_ChIP-seq_2015(rank=122, adjP=1); TRRUST_Transcription_Factors_2019(rank=272, adjP=0.555)","ESRRA; ESRRA HepG2 hg19; ESRRA human","251","1.977476092009768926516","enrichr","251","1.977476092009768926516","0.3987597904996321718229523867194075137376785278320312500000000000000000000","0.555235621645095767107136452978011220693588256835937500000000000000000","","5","ENCODE--ChIP-seq(rank=52); ReMap--ChIP-seq(rank=160); Enrichr--Queries(rank=1163); GTEx--Coexpression(rank=1291); ARCHS4--Coexpression(rank=1340)","1100","0.44069999999999998","ENCODE ChIP-seq,0.4407"
"MYCN","99","223.00000000000000","2","0.0286134091681302625553851015638429089449346065521240234375000000000000000","0.061927003703936125966755810168251628056168556213378906250000000000000","12.189211140895752194524","TRRUST_Transcription_Factors_2019(rank=99, adjP=0.33); ChEA_2022(rank=347, adjP=0.0619)","MYCN mouse; MYCN 27167114 Chip-Seq NEUROBLASTOMA Human","252","12.189211140895752194524","enrichr","252","12.189211140895752194524","0.0286134091681302625553851015638429089449346065521240234375000000000000000","0.061927003703936125966755810168251628056168556213378906250000000000000","","5","GTEx--Coexpression(rank=4); Literature--ChIP-seq(rank=114); ReMap--ChIP-seq(rank=223); Enrichr--Queries(rank=497); ARCHS4--Coexpression(rank=969)","11","0.00248900000000000","GTEx Coexpression,0.002489"
"IRF3","100","257.00000000000000","4","0.1979783459728662875498628181958338245749473571777343750000000000000000000","0.497451919944480625002114493327098898589611053466796875000000000000000","4.290156343814716777274","ENCODE_and_ChEA_Consensus_TFs_from_ChIP-X(rank=100, adjP=1); TRRUST_Transcription_Factors_2019(rank=155, adjP=0.497); Transcription_Factor_PPIs(rank=177, adjP=0.998); ENCODE_TF_ChIP-seq_2015(rank=596, adjP=1)","IRF3 ENCODE; IRF3 human; IRF3; IRF3 GM12878 hg19","253","4.290156343814716777274","enrichr","253","4.290156343814716777274","0.1979783459728662875498628181958338245749473571777343750000000000000000000","0.497451919944480625002114493327098898589611053466796875000000000000000","","5","ENCODE--ChIP-seq(rank=103); ReMap--ChIP-seq(rank=285); ARCHS4--Coexpression(rank=732); GTEx--Coexpression(rank=1170); Enrichr--Queries(rank=1253)","1123","0.44960000000000000","ARCHS4 Coexpression,0.4496"
"ZNF148","101","101.00000000000000","1","0.0839946627785950611366772022847726475447416305541992187500000000000000000","0.330157238842596401084961144078988581895828247070312500000000000000000","12.189211140895752194524","TRRUST_Transcription_Factors_2019(rank=101, adjP=0.33)","ZNF148 human","254","12.189211140895752194524","enrichr","254","12.189211140895752194524","0.0839946627785950611366772022847726475447416305541992187500000000000000000","0.330157238842596401084961144078988581895828247070312500000000000000000","","3","GTEx--Coexpression(rank=1160); Enrichr--Queries(rank=1335); ARCHS4--Coexpression(rank=1386)","1491","0.72180000000000000","GTEx Coexpression,0.7218"
"TAF7","101","325.33333333333331","3","0.7688450046258038517166255587653722614049911499023437500000000000000000000","0.997973466142412224400004561175592243671417236328125000000000000000000","0.188233459269760344812","ENCODE_and_ChEA_Consensus_TFs_from_ChIP-X(rank=101, adjP=1); Transcription_Factor_PPIs(rank=137, adjP=0.998); ENCODE_TF_ChIP-seq_2015(rank=738, adjP=1)","TAF7 ENCODE; TAF7; TAF7 H1-hESC hg19","255","0.188233459269760344812","enrichr","255","0.188233459269760344812","0.7688450046258038517166255587653722614049911499023437500000000000000000000","0.997973466142412224400004561175592243671417236328125000000000000000000","","0","",NA,NA,NA
"SIRT6","101","368.50000000000000","2","0.5717573718573738528192507146741263568401336669921875000000000000000000000","0.997973466142412224400004561175592243671417236328125000000000000000000","0.686872164856587086312","Transcription_Factor_PPIs(rank=101, adjP=0.998); ENCODE_TF_ChIP-seq_2015(rank=636, adjP=1)","SIRT6; SIRT6 H1-hESC hg19","256","0.686872164856587086312","enrichr","256","0.686872164856587086312","0.5717573718573738528192507146741263568401336669921875000000000000000000000","0.997973466142412224400004561175592243671417236328125000000000000000000","","0","",NA,NA,NA
"ZZZ3","102","110.00000000000000","2","0.6772570005490025080163718484982382506132125854492187500000000000000000000","0.997973466142412224400004561175592243671417236328125000000000000000000","0.352717842923370661357","ENCODE_TF_ChIP-seq_2015(rank=102, adjP=1); Transcription_Factor_PPIs(rank=118, adjP=0.998)","ZZZ3 HeLa-S3 hg19; ZZZ3","257","0.352717842923370661357","enrichr","257","0.352717842923370661357","0.6772570005490025080163718484982382506132125854492187500000000000000000000","0.997973466142412224400004561175592243671417236328125000000000000000000","","5","ReMap--ChIP-seq(rank=33); ENCODE--ChIP-seq(rank=47); GTEx--Coexpression(rank=1114); Enrichr--Queries(rank=1348); ARCHS4--Coexpression(rank=1375)","405","0.11110000000000000","ReMap ChIP-seq,0.1111"
"NFKB2","104","104.00000000000000","1","0.1012830229931492020956085298166726715862751007080078125000000000000000000","0.375788412413834094216724679426988586783409118652343750000000000000000","9.859134112871661415056","TRRUST_Transcription_Factors_2019(rank=104, adjP=0.376)","NFKB2 mouse","258","9.859134112871661415056","enrichr","258","9.859134112871661415056","0.1012830229931492020956085298166726715862751007080078125000000000000000000","0.375788412413834094216724679426988586783409118652343750000000000000000","","4","ReMap--ChIP-seq(rank=50); Enrichr--Queries(rank=552); GTEx--Coexpression(rank=564); ARCHS4--Coexpression(rank=763)","559","0.16839999999999999","ReMap ChIP-seq,0.1684"
"SMC1","105","105.00000000000000","1","0.0000083248047149402864630738513307406378771702293306589126586914062500000","0.000058720728394583459523823482095750136977585498243570327758789062500","18.310258530289239331523","ChEA_2022(rank=105, adjP=5.87e-05)","SMC1 22415368 ChIP-Seq MEFs Mouse","259","18.310258530289239331523","enrichr","259","18.310258530289239331523","0.0000083248047149402864630738513307406378771702293306589126586914062500000","0.000058720728394583459523823482095750136977585498243570327758789062500","","0","",NA,NA,NA
"NR4A1","105","147.50000000000000","2","0.1012830229931492020956085298166726715862751007080078125000000000000000000","0.375788412413834094216724679426988586783409118652343750000000000000000","9.859134112871661415056","TRRUST_Transcription_Factors_2019(rank=105, adjP=0.376); Transcription_Factor_PPIs(rank=190, adjP=0.998)","NR4A1 mouse; NR4A1","260","9.859134112871661415056","enrichr","260","9.859134112871661415056","0.1012830229931492020956085298166726715862751007080078125000000000000000000","0.375788412413834094216724679426988586783409118652343750000000000000000","","4","ReMap--ChIP-seq(rank=211); ARCHS4--Coexpression(rank=460); GTEx--Coexpression(rank=529); Enrichr--Queries(rank=680)","815","0.28260000000000002","ARCHS4 Coexpression,0.2826"
"SIRT3","106","106.00000000000000","1","0.6035285607916897054892046980967279523611068725585937500000000000000000000","0.997973466142412224400004561175592243671417236328125000000000000000000","0.482370433174081958416","Transcription_Factor_PPIs(rank=106, adjP=0.998)","SIRT3","261","0.482370433174081958416","enrichr","261","0.482370433174081958416","0.6035285607916897054892046980967279523611068725585937500000000000000000000","0.997973466142412224400004561175592243671417236328125000000000000000000","","0","",NA,NA,NA
"SPDEF","107","107.00000000000000","1","0.1012830229931492020956085298166726715862751007080078125000000000000000000","0.375788412413834094216724679426988586783409118652343750000000000000000","9.859134112871661415056","TRRUST_Transcription_Factors_2019(rank=107, adjP=0.376)","SPDEF human","262","9.859134112871661415056","enrichr","262","9.859134112871661415056","0.1012830229931492020956085298166726715862751007080078125000000000000000000","0.375788412413834094216724679426988586783409118652343750000000000000000","","3","Enrichr--Queries(rank=473); GTEx--Coexpression(rank=534); ARCHS4--Coexpression(rank=819)","912","0.33229999999999998","GTEx Coexpression,0.3323"
"CTBP2","108","219.50000000000000","2","0.0216041800825907716332441310669310041703283786773681640625000000000000000","0.048887863229268260778503929486760171130299568176269531250000000000000","5.199490094122941385990","ENCODE_TF_ChIP-seq_2015(rank=108, adjP=1); ChEA_2022(rank=331, adjP=0.0489)","CTBP2 H1-hESC hg19; CTBP2 25329375 ChIP-Seq LNCAP Human","263","5.199490094122941385990","enrichr","263","5.199490094122941385990","0.0216041800825907716332441310669310041703283786773681640625000000000000000","0.048887863229268260778503929486760171130299568176269531250000000000000","","0","",NA,NA,NA
"PPARA","108","354.50000000000000","2","0.1065842869628554206995474373798060696572065353393554687500000000000000000","0.391795943743088903588045468495693057775497436523437500000000000000000","4.706841054769971499638","TRRUST_Transcription_Factors_2019(rank=108, adjP=0.392); ChEA_2022(rank=601, adjP=0.831)","PPARA mouse; PPARA 22158963 ChIP-Seq LIVER Mouse","264","4.706841054769971499638","enrichr","264","4.706841054769971499638","0.1065842869628554206995474373798060696572065353393554687500000000000000000","0.391795943743088903588045468495693057775497436523437500000000000000000","","3","Enrichr--Queries(rank=468); ARCHS4--Coexpression(rank=507); GTEx--Coexpression(rank=839)","871","0.31140000000000001","ARCHS4 Coexpression,0.3114"
"RBM15","109","109.00000000000000","1","0.6175625223227012572380090205115266144275665283203125000000000000000000000","0.997973466142412224400004561175592243671417236328125000000000000000000","0.518106626352918597789","Transcription_Factor_PPIs(rank=109, adjP=0.998)","RBM15","265","0.518106626352918597789","enrichr","265","0.518106626352918597789","0.6175625223227012572380090205115266144275665283203125000000000000000000000","0.997973466142412224400004561175592243671417236328125000000000000000000","","0","",NA,NA,NA
"PBX","110","110.00000000000000","1","0.0000126586724620547224360103677476274697255576029419898986816406250000000","0.000086424209263664500163711068569938333894242532551288604736328125000","17.688244283882614382719","ChEA_2022(rank=110, adjP=8.64e-05)","PBX 27287812 Chip-Seq EMBYONIC-LIMB Mouse","266","17.688244283882614382719","enrichr","266","17.688244283882614382719","0.0000126586724620547224360103677476274697255576029419898986816406250000000","0.000086424209263664500163711068569938333894242532551288604736328125000","","0","",NA,NA,NA
"ETV4","110","110.00000000000000","1","0.1173257746925577965635412169831397477537393569946289062500000000000000000","0.395141243137295539167297420135582797229290008544921875000000000000000","5.828903905604067681168","TRRUST_Transcription_Factors_2019(rank=110, adjP=0.395)","ETV4 human","267","5.828903905604067681168","enrichr","267","5.828903905604067681168","0.1173257746925577965635412169831397477537393569946289062500000000000000000","0.395141243137295539167297420135582797229290008544921875000000000000000","","4","ReMap--ChIP-seq(rank=241); Enrichr--Queries(rank=444); ARCHS4--Coexpression(rank=1124); GTEx--Coexpression(rank=1259)","877","0.31619999999999998","Enrichr Queries,0.3162"
"REL","111","111.00000000000000","1","0.1173257746925577965635412169831397477537393569946289062500000000000000000","0.395141243137295539167297420135582797229290008544921875000000000000000","5.828903905604067681168","TRRUST_Transcription_Factors_2019(rank=111, adjP=0.395)","REL human","268","5.828903905604067681168","enrichr","268","5.828903905604067681168","0.1173257746925577965635412169831397477537393569946289062500000000000000000","0.395141243137295539167297420135582797229290008544921875000000000000000","","3","GTEx--Coexpression(rank=657); Enrichr--Queries(rank=817); ARCHS4--Coexpression(rank=870)","1050","0.40880000000000000","GTEx Coexpression,0.4088"
"ZBTB7B","112","112.00000000000000","1","0.6385952702635045996615303920407313853502273559570312500000000000000000000","0.997973466142412224400004561175592243671417236328125000000000000000000","0.453722249369625574289","Transcription_Factor_PPIs(rank=112, adjP=0.998)","ZBTB7B","269","0.453722249369625574289","enrichr","269","0.453722249369625574289","0.6385952702635045996615303920407313853502273559570312500000000000000000000","0.997973466142412224400004561175592243671417236328125000000000000000000","","3","GTEx--Coexpression(rank=625); ARCHS4--Coexpression(rank=639); Enrichr--Queries(rank=992)","1013","0.38890000000000002","GTEx Coexpression,0.3889"
"BCL11A","113","142.00000000000000","2","0.6584722788812685800863278018368873745203018188476562500000000000000000000","0.997973466142412224400004561175592243671417236328125000000000000000000","0.399207540017298190271","Transcription_Factor_PPIs(rank=113, adjP=0.998); ENCODE_TF_ChIP-seq_2015(rank=171, adjP=1)","BCL11A; BCL11A H1-hESC hg19","270","0.399207540017298190271","enrichr","270","0.399207540017298190271","0.6584722788812685800863278018368873745203018188476562500000000000000000000","0.997973466142412224400004561175592243671417236328125000000000000000000","","5","ENCODE--ChIP-seq(rank=50); Enrichr--Queries(rank=178); ReMap--ChIP-seq(rank=224); ARCHS4--Coexpression(rank=508); GTEx--Coexpression(rank=567)","459","0.12680000000000000","Enrichr Queries,0.1268"
"LDB1","114","281.50000000000000","2","0.1194381591346989207602646843042748514562845230102539062500000000000000000","0.249958451645678814134754475162480957806110382080078125000000000000000","8.132214913866203431780","TRRUST_Transcription_Factors_2019(rank=114, adjP=0.395); ChEA_2022(rank=449, adjP=0.25)","LDB1 mouse; LDB1 21186366 ChIP-Seq BM-HSCs Mouse","271","8.132214913866203431780","enrichr","271","8.132214913866203431780","0.1194381591346989207602646843042748514562845230102539062500000000000000000","0.249958451645678814134754475162480957806110382080078125000000000000000","","0","",NA,NA,NA
"SREBF2","117","248.66666666666666","3","0.4925717681605546460765765459655085578560829162597656250000000000000000000","0.599849668588160134241604737326269969344139099121093750000000000000000","1.107492496114906188609","Transcription_Factor_PPIs(rank=117, adjP=0.998); ENCODE_TF_ChIP-seq_2015(rank=304, adjP=1); TRRUST_Transcription_Factors_2019(rank=325, adjP=0.6)","SREBF2; SREBF2 GM12878 hg19; SREBF2 mouse","272","1.107492496114906188609","enrichr","272","1.107492496114906188609","0.4925717681605546460765765459655085578560829162597656250000000000000000000","0.599849668588160134241604737326269969344139099121093750000000000000000","","6","ENCODE--ChIP-seq(rank=80); Literature--ChIP-seq(rank=103); GTEx--Coexpression(rank=111); ReMap--ChIP-seq(rank=229); Enrichr--Queries(rank=932); ARCHS4--Coexpression(rank=1315)","279","0.06907000000000001","GTEx Coexpression,0.06907"
"RUNX","119","119.00000000000000","1","0.0000208747002006067010034320863276491309079574421048164367675781250000000","0.000131738654207190053046366839950565008621197193861007690429687500000","21.309613312625309333725","ChEA_2022(rank=119, adjP=0.000132)","RUNX 20019798 ChIP-Seq JUKART Human","273","21.309613312625309333725","enrichr","273","21.309613312625309333725","0.0000208747002006067010034320863276491309079574421048164367675781250000000","0.000131738654207190053046366839950565008621197193861007690429687500000","","0","",NA,NA,NA
"ZFP281","120","120.00000000000000","1","0.0000216123707269917305923839778714068415865767747163772583007812500000000","0.000135257420133089975621334954958285834436537697911262512207031250000","16.371073153391982657467","ChEA_2022(rank=120, adjP=0.000135)","ZFP281 27345836 Chip-Seq ESCs Mouse","274","16.371073153391982657467","enrichr","274","16.371073153391982657467","0.0000216123707269917305923839778714068415865767747163772583007812500000000","0.000135257420133089975621334954958285834436537697911262512207031250000","","0","",NA,NA,NA
"PPARGC1A","121","201.00000000000000","2","0.3987597904996321718229523867194075137376785278320312500000000000000000000","0.555235621645095767107136452978011220693588256835937500000000000000000","1.977476092009768926516","Transcription_Factor_PPIs(rank=121, adjP=0.998); TRRUST_Transcription_Factors_2019(rank=281, adjP=0.555)","PPARGC1A; PPARGC1A human","275","1.977476092009768926516","enrichr","275","1.977476092009768926516","0.3987597904996321718229523867194075137376785278320312500000000000000000000","0.555235621645095767107136452978011220693588256835937500000000000000000","","0","",NA,NA,NA
"GF1B","123","123.00000000000000","1","0.0000245653831213830879773470095006615565580432303249835968017578125000000","0.000149988640033810633226882269575241934944642707705497741699218750000","16.853417323754317891371","ChEA_2022(rank=123, adjP=0.00015)","GF1B 26923725 Chip-Seq HPCs Mouse","276","16.853417323754317891371","enrichr","276","16.853417323754317891371","0.0000245653831213830879773470095006615565580432303249835968017578125000000","0.000149988640033810633226882269575241934944642707705497741699218750000","","0","",NA,NA,NA
"TOP2B","124","124.00000000000000","1","0.0000257412857733057859766639952070477193046826869249343872070312500000000","0.000155900851739940589065283593761535030353115871548652648925781250000","16.162696841359274202432","ChEA_2022(rank=124, adjP=0.000156)","TOP2B 26459242 ChIP-Seq MCF-7 Human","277","16.162696841359274202432","enrichr","277","16.162696841359274202432","0.0000257412857733057859766639952070477193046826869249343872070312500000000","0.000155900851739940589065283593761535030353115871548652648925781250000","","0","",NA,NA,NA
"APC","124","124.00000000000000","1","0.1383128189208150671252184338300139643251895904541015625000000000000000000","0.422967169423437761022199765648110769689083099365234375000000000000000","6.813287489586405065722","TRRUST_Transcription_Factors_2019(rank=124, adjP=0.423)","APC human","278","6.813287489586405065722","enrichr","278","6.813287489586405065722","0.1383128189208150671252184338300139643251895904541015625000000000000000000","0.422967169423437761022199765648110769689083099365234375000000000000000","","0","",NA,NA,NA
"CCND1","124","373.50000000000000","2","0.7142815109415614482912815219606272876262664794921875000000000000000000000","0.975282564236840454618970852607162669301033020019531250000000000000000","0.280662205346895843316","Transcription_Factor_PPIs(rank=124, adjP=0.998); ChEA_2022(rank=623, adjP=0.975)","CCND1; CCND1 20090754 ChIP-ChIP RETINA Mouse","279","0.280662205346895843316","enrichr","279","0.280662205346895843316","0.7142815109415614482912815219606272876262664794921875000000000000000000000","0.975282564236840454618970852607162669301033020019531250000000000000000","","0","",NA,NA,NA
"ARNTL","125","125.00000000000000","1","0.1383128189208150671252184338300139643251895904541015625000000000000000000","0.422967169423437761022199765648110769689083099365234375000000000000000","6.813287489586405065722","TRRUST_Transcription_Factors_2019(rank=125, adjP=0.423)","ARNTL mouse","280","6.813287489586405065722","enrichr","280","6.813287489586405065722","0.1383128189208150671252184338300139643251895904541015625000000000000000000","0.422967169423437761022199765648110769689083099365234375000000000000000","","4","ARCHS4--Coexpression(rank=88); ReMap--ChIP-seq(rank=152); Enrichr--Queries(rank=619); GTEx--Coexpression(rank=1121)","225","0.05405000000000000","ARCHS4 Coexpression,0.05405"
"SOX11","126","126.00000000000000","1","0.0000269932867962459219690271594593866666400572285056114196777343750000000","0.000160888558603021350826289825874937378102913498878479003906250000000","18.525226880736088475032","ChEA_2022(rank=126, adjP=0.000161)","SOX11 23321250 ChIP-ChIP Z138-A519-JVM2 Human","281","18.525226880736088475032","enrichr","281","18.525226880736088475032","0.0000269932867962459219690271594593866666400572285056114196777343750000000","0.000160888558603021350826289825874937378102913498878479003906250000000","","5","Literature--ChIP-seq(rank=41); ReMap--ChIP-seq(rank=117); Enrichr--Queries(rank=132); ARCHS4--Coexpression(rank=187); GTEx--Coexpression(rank=362)","360","0.09402000000000001","Enrichr Queries,0.09402"
"CREB5","126","126.00000000000000","1","0.1383128189208150671252184338300139643251895904541015625000000000000000000","0.422967169423437761022199765648110769689083099365234375000000000000000","6.813287489586405065722","TRRUST_Transcription_Factors_2019(rank=126, adjP=0.423)","CREB5 human","282","6.813287489586405065722","enrichr","282","6.813287489586405065722","0.1383128189208150671252184338300139643251895904541015625000000000000000000","0.422967169423437761022199765648110769689083099365234375000000000000000","","3","Enrichr--Queries(rank=93); GTEx--Coexpression(rank=394); ARCHS4--Coexpression(rank=422)","268","0.06623999999999999","Enrichr Queries,0.06624"
"OCT4","127","127.00000000000000","1","0.0000284903589845427485127173083956364507685066200792789459228515625000000","0.000168474485018831466980049338388880642014555633068084716796875000000","16.073775303384209678370","ChEA_2022(rank=127, adjP=0.000168)","OCT4 21477851 ChIP-Seq ESCs Mouse","283","16.073775303384209678370","enrichr","283","16.073775303384209678370","0.0000284903589845427485127173083956364507685066200792789459228515625000000","0.000168474485018831466980049338388880642014555633068084716796875000000","","0","",NA,NA,NA
"NR4A2","127","246.33333333333334","3","0.1383128189208150671252184338300139643251895904541015625000000000000000000","0.272409108273111488784934408613480627536773681640625000000000000000000","6.813287489586405065722","TRRUST_Transcription_Factors_2019(rank=127, adjP=0.423); Transcription_Factor_PPIs(rank=153, adjP=0.998); ChEA_2022(rank=459, adjP=0.272)","NR4A2 mouse; NR4A2; NR4A2 19515692 ChIP-ChIP MN9D Mouse","284","6.813287489586405065722","enrichr","284","6.813287489586405065722","0.1383128189208150671252184338300139643251895904541015625000000000000000000","0.272409108273111488784934408613480627536773681640625000000000000000000","","4","GTEx--Coexpression(rank=57); Literature--ChIP-seq(rank=110); Enrichr--Queries(rank=415); ARCHS4--Coexpression(rank=822)","154","0.03547000000000000","GTEx Coexpression,0.03547"
"MNX1","128","128.00000000000000","1","0.0000290272890802076188767992526162942112932796590030193328857421875000000","0.000170308547650280494830180022525212280015693977475166320800781250000","16.009574468433061866790","ChEA_2022(rank=128, adjP=0.00017)","MNX1 26342078 ChIP-Seq MIN6-4N Mouse","285","16.009574468433061866790","enrichr","285","16.009574468433061866790","0.0000290272890802076188767992526162942112932796590030193328857421875000000","0.000170308547650280494830180022525212280015693977475166320800781250000","","4","Literature--ChIP-seq(rank=39); GTEx--Coexpression(rank=563); Enrichr--Queries(rank=575); ARCHS4--Coexpression(rank=877)","715","0.23780000000000001","Literature ChIP-seq,0.2378"
"OTX2","128","128.00000000000000","1","0.1383128189208150671252184338300139643251895904541015625000000000000000000","0.422967169423437761022199765648110769689083099365234375000000000000000","6.813287489586405065722","TRRUST_Transcription_Factors_2019(rank=128, adjP=0.423)","OTX2 human","286","6.813287489586405065722","enrichr","286","6.813287489586405065722","0.1383128189208150671252184338300139643251895904541015625000000000000000000","0.422967169423437761022199765648110769689083099365234375000000000000000","","4","ReMap--ChIP-seq(rank=72); GTEx--Coexpression(rank=248); Enrichr--Queries(rank=573); ARCHS4--Coexpression(rank=1053)","529","0.15429999999999999","GTEx Coexpression,0.1543"
"TBX2","129","206.50000000000000","2","0.0000316756937200732860372351384903311100060818716883659362792968750000000","0.000183973344829211038183383597477416060428367927670478820800781250000","14.837947891829280422371","ChEA_2022(rank=129, adjP=0.000184); TRRUST_Transcription_Factors_2019(rank=284, adjP=0.555)","TBX2 33478486 ChIP-Seq IMR90 Human Lung; TBX2 mouse","287","14.837947891829280422371","enrichr","287","14.837947891829280422371","0.0000316756937200732860372351384903311100060818716883659362792968750000000","0.000183973344829211038183383597477416060428367927670478820800781250000","","3","Enrichr--Queries(rank=277); GTEx--Coexpression(rank=326); ARCHS4--Coexpression(rank=1139)","632","0.19730000000000000","Enrichr Queries,0.1973"
"SMAD2/3","130","130.00000000000000","1","0.0000318462514351497050679902500736062620489974506199359893798828125000000","0.000183973344829211038183383597477416060428367927670478820800781250000","15.775773290310086238719","ChEA_2022(rank=130, adjP=0.000184)","SMAD2/3 21741376 ChIP-Seq EPCs Human","288","15.775773290310086238719","enrichr","288","15.775773290310086238719","0.0000318462514351497050679902500736062620489974506199359893798828125000000","0.000183973344829211038183383597477416060428367927670478820800781250000","","0","",NA,NA,NA
"HDAC3","132","132.00000000000000","1","0.1425111578565036452026504321111133322119712829589843750000000000000000000","0.428613103553272367651771901364554651081562042236328125000000000000000","4.794651258139374760958","TRRUST_Transcription_Factors_2019(rank=132, adjP=0.429)","HDAC3 human","289","4.794651258139374760958","enrichr","289","4.794651258139374760958","0.1425111578565036452026504321111133322119712829589843750000000000000000000","0.428613103553272367651771901364554651081562042236328125000000000000000","","0","",NA,NA,NA
"BCOR","133","354.00000000000000","2","0.5372965627330964499819287993886973708868026733398437500000000000000000000","0.701756032369661775227598354831570759415626525878906250000000000000000","0.617606097515643326368","Transcription_Factor_PPIs(rank=133, adjP=0.998); ChEA_2022(rank=575, adjP=0.702)","BCOR; BCOR 27268052 Chip-Seq Bcells Human","290","0.617606097515643326368","enrichr","290","0.617606097515643326368","0.5372965627330964499819287993886973708868026733398437500000000000000000000","0.701756032369661775227598354831570759415626525878906250000000000000000","","0","",NA,NA,NA
"CREBBP","135","325.00000000000000","2","0.1557191712225995672280731696446309797465801239013671875000000000000000000","0.444226923613981639071823792619397863745689392089843750000000000000000","4.368276790892835492741","TRRUST_Transcription_Factors_2019(rank=135, adjP=0.444); ENCODE_TF_ChIP-seq_2015(rank=515, adjP=1)","CREBBP human; CREBBP K562 hg19","291","4.368276790892835492741","enrichr","291","4.368276790892835492741","0.1557191712225995672280731696446309797465801239013671875000000000000000000","0.444226923613981639071823792619397863745689392089843750000000000000000","","0","",NA,NA,NA
"NFATC1","136","336.00000000000000","3","0.1776983599652303402738340309952036477625370025634765625000000000000000000","0.479906455144193500039762056985637173056602478027343750000000000000000","4.958054780619642443185","Transcription_Factor_PPIs(rank=136, adjP=0.998); TRRUST_Transcription_Factors_2019(rank=146, adjP=0.48); ENCODE_TF_ChIP-seq_2015(rank=726, adjP=1)","NFATC1; NFATC1 mouse; NFATC1 GM12878 hg19","292","4.958054780619642443185","enrichr","292","4.958054780619642443185","0.1776983599652303402738340309952036477625370025634765625000000000000000000","0.479906455144193500039762056985637173056602478027343750000000000000000","","5","ENCODE--ChIP-seq(rank=117); ReMap--ChIP-seq(rank=287); Enrichr--Queries(rank=434); ARCHS4--Coexpression(rank=542); GTEx--Coexpression(rank=710)","865","0.30909999999999999","Enrichr Queries,0.3091"
"KLF5","139","209.00000000000000","3","0.0211851958082172990571745430088412831537425518035888671875000000000000000","0.048212369854458127227392338909339741803705692291259765625000000000000","5.781420608186871312739","TRRUST_Transcription_Factors_2019(rank=139, adjP=0.444); Transcription_Factor_PPIs(rank=158, adjP=0.998); ChEA_2022(rank=330, adjP=0.0482)","KLF5 human; KLF5; KLF5 25053715 ChIP-Seq YYC3 Human","293","5.781420608186871312739","enrichr","293","5.781420608186871312739","0.0211851958082172990571745430088412831537425518035888671875000000000000000","0.048212369854458127227392338909339741803705692291259765625000000000000","","5","Literature--ChIP-seq(rank=93); ARCHS4--Coexpression(rank=101); ReMap--ChIP-seq(rank=136); Enrichr--Queries(rank=408); GTEx--Coexpression(rank=571)","256","0.06204000000000000","ARCHS4 Coexpression,0.06204"
"KDM6A","139","430.50000000000000","2","0.7701652650254902088278186056413687765598297119140625000000000000000000000","0.997973466142412224400004561175592243671417236328125000000000000000000","0.179579976992943229908","Transcription_Factor_PPIs(rank=139, adjP=0.998); ChEA_2022(rank=722, adjP=1)","KDM6A; KDM6A 18722178 ChIP-ChIP U937 AND SAOS2 Human","294","0.179579976992943229908","enrichr","294","0.179579976992943229908","0.7701652650254902088278186056413687765598297119140625000000000000000000000","0.997973466142412224400004561175592243671417236328125000000000000000000","","0","",NA,NA,NA
"BRD4","140","140.00000000000000","1","0.0000751158174373677288209946723007703894836595281958580017089843750000000","0.000402942706396165186907842858943240571534261107444763183593750000000","13.916287712799750408976","ChEA_2022(rank=140, adjP=0.000403)","BRD4 25478319 ChIP-Seq HGPS Human","295","13.916287712799750408976","enrichr","295","13.916287712799750408976","0.0000751158174373677288209946723007703894836595281958580017089843750000000","0.000402942706396165186907842858943240571534261107444763183593750000000","","0","",NA,NA,NA
"SMARCD1","141","141.00000000000000","1","0.0000903375077683315173826539279389180592261254787445068359375000000000000","0.000481159349886645527471368266603235497314017266035079956054687500000","13.693065586216588869206","ChEA_2022(rank=141, adjP=0.000481)","SMARCD1 25818293 ChIP-Seq ESCs Mouse","296","13.693065586216588869206","enrichr","296","13.693065586216588869206","0.0000903375077683315173826539279389180592261254787445068359375000000000000","0.000481159349886645527471368266603235497314017266035079956054687500000","","0","",NA,NA,NA
"TBP","142","375.75000000000000","4","0.5717573718573738528192507146741263568401336669921875000000000000000000000","0.639401905992612484830317498563090339303016662597656250000000000000000","0.686872164856586975290","Transcription_Factor_PPIs(rank=142, adjP=0.998); TRRUST_Transcription_Factors_2019(rank=354, adjP=0.639); ENCODE_TF_ChIP-seq_2015(rank=362, adjP=1); ChEA_2022(rank=645, adjP=1)","TBP; TBP human; TBP H1-hESC hg19; TBP 23326641 ChIP-Seq C3H10T1-2 Mouse","297","0.686872164856586975290","enrichr","297","0.686872164856586975290","0.5717573718573738528192507146741263568401336669921875000000000000000000000","0.639401905992612484830317498563090339303016662597656250000000000000000","","5","ENCODE--ChIP-seq(rank=77); Literature--ChIP-seq(rank=146); ReMap--ChIP-seq(rank=248); ARCHS4--Coexpression(rank=1379); GTEx--Coexpression(rank=1440)","1421","0.65249999999999997","ENCODE ChIP-seq,0.6525"
"HNF4G","143","143.00000000000000","1","0.9238971074552781992395011911867186427116394042968750000000000000000000000","0.999995201574610415029553678323281928896903991699218750000000000000000","0.060693744228341880986","ENCODE_TF_ChIP-seq_2015(rank=143, adjP=1)","HNF4G HepG2 hg19","298","0.060693744228341880986","enrichr","298","0.060693744228341880986","0.9238971074552781992395011911867186427116394042968750000000000000000000000","0.999995201574610415029553678323281928896903991699218750000000000000000","","5","ENCODE--ChIP-seq(rank=41); ReMap--ChIP-seq(rank=104); ARCHS4--Coexpression(rank=179); Enrichr--Queries(rank=247); GTEx--Coexpression(rank=383)","402","0.11000000000000000","ARCHS4 Coexpression,0.11"
"RARA","143","321.33333333333331","3","0.1692879857881913474582091794218285940587520599365234375000000000000000000","0.469981331174209537859809415749623440206050872802734375000000000000000","3.990427767643845324841","TRRUST_Transcription_Factors_2019(rank=143, adjP=0.47); Transcription_Factor_PPIs(rank=203, adjP=0.998); ChEA_2022(rank=618, adjP=0.947)","RARA human; RARA; RARA 24833708 ChIP-Seq LIVER Mouse","299","3.990427767643845324841","enrichr","299","3.990427767643845324841","0.1692879857881913474582091794218285940587520599365234375000000000000000000","0.469981331174209537859809415749623440206050872802734375000000000000000","","5","ReMap--ChIP-seq(rank=75); Literature--ChIP-seq(rank=133); GTEx--Coexpression(rank=297); ARCHS4--Coexpression(rank=433); Enrichr--Queries(rank=951)","600","0.18479999999999999","GTEx Coexpression,0.1848"
"NOTCH1","143","368.50000000000000","2","0.6148550075755843113967102908645756542682647705078125000000000000000000000","0.776296040317821733900416347751161083579063415527343750000000000000000","0.459795091973205893865","Transcription_Factor_PPIs(rank=143, adjP=0.998); ChEA_2022(rank=594, adjP=0.776)","NOTCH1; NOTCH1 21737748 ChIP-Seq TLL Human","300","0.459795091973205893865","enrichr","300","0.459795091973205893865","0.6148550075755843113967102908645756542682647705078125000000000000000000000","0.776296040317821733900416347751161083579063415527343750000000000000000","","0","",NA,NA,NA
"BCAT","144","144.00000000000000","1","0.0001020016449407289160257461535508127781213261187076568603515625000000000","0.000531966912156163463341884689583594081341288983821868896484375000000","17.430339786839500249016","ChEA_2022(rank=144, adjP=0.000532)","BCAT 22108803 ChIP-Seq LS180 Human","301","17.430339786839500249016","enrichr","301","17.430339786839500249016","0.0001020016449407289160257461535508127781213261187076568603515625000000000","0.000531966912156163463341884689583594081341288983821868896484375000000","","0","",NA,NA,NA
"NFE2","144","189.66666666666666","3","0.0022772787401513852612033872446772875264286994934082031250000000000000000","0.007371708335576252803245100864160122000612318515777587890625000000000","9.306448357177961483444","Transcription_Factor_PPIs(rank=144, adjP=0.998); ENCODE_TF_ChIP-seq_2015(rank=193, adjP=1); ChEA_2022(rank=232, adjP=0.00737)","NFE2; NFE2 K562 hg19; NFE2 27457419 Chip-Seq LIVER Mouse","302","9.306448357177961483444","enrichr","302","9.306448357177961483444","0.0022772787401513852612033872446772875264286994934082031250000000000000000","0.007371708335576252803245100864160122000612318515777587890625000000000","","5","ENCODE--ChIP-seq(rank=63); ReMap--ChIP-seq(rank=173); Enrichr--Queries(rank=287); GTEx--Coexpression(rank=348); ARCHS4--Coexpression(rank=390)","647","0.20440000000000000","Enrichr Queries,0.2044"
"CLOCK","145","327.00000000000000","2","0.1776983599652303402738340309952036477625370025634765625000000000000000000","0.409259566467014557211712144635384902358055114746093750000000000000000","4.958054780619642443185","TRRUST_Transcription_Factors_2019(rank=145, adjP=0.48); ChEA_2022(rank=509, adjP=0.409)","CLOCK human; CLOCK 20551151 ChIP-Seq 293T Human","303","4.958054780619642443185","enrichr","303","4.958054780619642443185","0.1776983599652303402738340309952036477625370025634765625000000000000000000","0.409259566467014557211712144635384902358055114746093750000000000000000","","5","ReMap--ChIP-seq(rank=23); Literature--ChIP-seq(rank=105); ARCHS4--Coexpression(rank=1219); GTEx--Coexpression(rank=1227); Enrichr--Queries(rank=1280)","304","0.07743999999999999","ReMap ChIP-seq,0.07744"
"E2F2","146","376.50000000000000","2","0.7117861811842567387742519713356159627437591552734375000000000000000000000","0.877984770317314477949821593938395380973815917968750000000000000000000","0.278375373126108771604","Transcription_Factor_PPIs(rank=146, adjP=0.998); ChEA_2022(rank=607, adjP=0.878)","E2F2; E2F2 33952803 ChIP-Seq Patient Human Synovium","304","0.278375373126108771604","enrichr","304","0.278375373126108771604","0.7117861811842567387742519713356159627437591552734375000000000000000000000","0.877984770317314477949821593938395380973815917968750000000000000000000","","3","GTEx--Coexpression(rank=666); ARCHS4--Coexpression(rank=1300); Enrichr--Queries(rank=1337)","1058","0.41439999999999999","GTEx Coexpression,0.4144"
"LMO4","147","147.00000000000000","1","0.8167278547703499258503256896801758557558059692382812500000000000000000000","0.997973466142412224400004561175592243671417236328125000000000000000000","0.119986935356285059906","Transcription_Factor_PPIs(rank=147, adjP=0.998)","LMO4","305","0.119986935356285059906","enrichr","305","0.119986935356285059906","0.8167278547703499258503256896801758557558059692382812500000000000000000000","0.997973466142412224400004561175592243671417236328125000000000000000000","","0","",NA,NA,NA
"PGR","147","400.00000000000000","2","0.1776983599652303402738340309952036477625370025634765625000000000000000000","0.479906455144193500039762056985637173056602478027343750000000000000000","4.958054780619642443185","TRRUST_Transcription_Factors_2019(rank=147, adjP=0.48); ChEA_2022(rank=653, adjP=1)","PGR mouse; PGR 26153859 ChIP-Seq MCF-7 Human BreastCancer","306","4.958054780619642443185","enrichr","306","4.958054780619642443185","0.1776983599652303402738340309952036477625370025634765625000000000000000000","0.479906455144193500039762056985637173056602478027343750000000000000000","","4","GTEx--Coexpression(rank=9); ReMap--ChIP-seq(rank=93); Enrichr--Queries(rank=240); ARCHS4--Coexpression(rank=336)","24","0.00560000000000000","GTEx Coexpression,0.0056"
"PPAR","148","148.00000000000000","1","0.0001268821336120719907736981157952982357528526335954666137695312500000000","0.000643841096909906346335006332992634270340204238891601562500000000000","14.471936102792316347632","ChEA_2022(rank=148, adjP=0.000644)","PPAR 26484153 Chip-Seq NCI-H1993 Human","307","14.471936102792316347632","enrichr","307","14.471936102792316347632","0.0001268821336120719907736981157952982357528526335954666137695312500000000","0.000643841096909906346335006332992634270340204238891601562500000000000","","0","",NA,NA,NA
"CCNE1","151","151.00000000000000","1","0.8355084704680658669317949716059956699609756469726562500000000000000000000","0.997973466142412224400004561175592243671417236328125000000000000000000","0.117201509401315615011","Transcription_Factor_PPIs(rank=151, adjP=0.998)","CCNE1","308","0.117201509401315615011","enrichr","308","0.117201509401315615011","0.8355084704680658669317949716059956699609756469726562500000000000000000000","0.997973466142412224400004561175592243671417236328125000000000000000000","","0","",NA,NA,NA
"TARDBP","152","152.00000000000000","1","0.8425420943305654830624007445294409990310668945312500000000000000000000000","0.997973466142412224400004561175592243671417236328125000000000000000000","0.103266442631063687374","Transcription_Factor_PPIs(rank=152, adjP=0.998)","TARDBP","309","0.103266442631063687374","enrichr","309","0.103266442631063687374","0.8425420943305654830624007445294409990310668945312500000000000000000000000","0.997973466142412224400004561175592243671417236328125000000000000000000","","0","",NA,NA,NA
"HOXA10","154","154.00000000000000","1","0.1979783459728662875498628181958338245749473571777343750000000000000000000","0.497451919944480625002114493327098898589611053466796875000000000000000","4.290156343814716777274","TRRUST_Transcription_Factors_2019(rank=154, adjP=0.497)","HOXA10 human","310","4.290156343814716777274","enrichr","310","4.290156343814716777274","0.1979783459728662875498628181958338245749473571777343750000000000000000000","0.497451919944480625002114493327098898589611053466796875000000000000000","","3","Enrichr--Queries(rank=278); ARCHS4--Coexpression(rank=339); GTEx--Coexpression(rank=699)","634","0.19800000000000001","Enrichr Queries,0.198"
"ESRRB","154","159.50000000000000","2","0.0003102454206721876311253494051811685494612902402877807617187500000000000","0.001412086732877654727397187528481481422204524278640747070312500000000","11.726694646149397271984","Transcription_Factor_PPIs(rank=154, adjP=0.998); ChEA_2022(rank=165, adjP=0.00141)","ESRRB; ESRRB 18555785 Chip-Seq ESCs Mouse","311","11.726694646149397271984","enrichr","311","11.726694646149397271984","0.0003102454206721876311253494051811685494612902402877807617187500000000000","0.001412086732877654727397187528481481422204524278640747070312500000000","","4","Literature--ChIP-seq(rank=113); Enrichr--Queries(rank=392); GTEx--Coexpression(rank=1136); ARCHS4--Coexpression(rank=1199)","806","0.27920000000000000","Enrichr Queries,0.2792"
"SOX6","155","155.00000000000000","1","0.0001702081134398827932420472652808030034066177904605865478515625000000000","0.000824685762537754425346991915546368545619770884513854980468750000000","12.787343916364829254917","ChEA_2022(rank=155, adjP=0.000825)","SOX6 21985497 ChIP-Seq MYOTUBES Mouse","312","12.787343916364829254917","enrichr","312","12.787343916364829254917","0.0001702081134398827932420472652808030034066177904605865478515625000000000","0.000824685762537754425346991915546368545619770884513854980468750000000","","4","Enrichr--Queries(rank=140); ReMap--ChIP-seq(rank=175); ARCHS4--Coexpression(rank=615); GTEx--Coexpression(rank=1004)","381","0.09972000000000000","Enrichr Queries,0.09972"
"BRF2","155","155.00000000000000","1","0.8492598060807150517348418361507356166839599609375000000000000000000000000","0.997973466142412224400004561175592243671417236328125000000000000000000","0.096776793454430201646","Transcription_Factor_PPIs(rank=155, adjP=0.998)","BRF2","313","0.096776793454430201646","enrichr","313","0.096776793454430201646","0.8492598060807150517348418361507356166839599609375000000000000000000000000","0.997973466142412224400004561175592243671417236328125000000000000000000","","3","ReMap--ChIP-seq(rank=228); GTEx--Coexpression(rank=1190); ARCHS4--Coexpression(rank=1572)","1510","0.74050000000000005","GTEx Coexpression,0.7405"
"CRX","156","156.00000000000000","1","0.0001870977771564713120888007180653289651672821491956710815429687500000000","0.000900707888746858273930351312941411379142664372920989990234375000000","12.633144442236332594121","ChEA_2022(rank=156, adjP=0.000901)","CRX 20693478 ChIP-Seq RETINA Mouse","314","12.633144442236332594121","enrichr","314","12.633144442236332594121","0.0001870977771564713120888007180653289651672821491956710815429687500000000","0.000900707888746858273930351312941411379142664372920989990234375000000","","4","Literature--ChIP-seq(rank=128); Enrichr--Queries(rank=734); ARCHS4--Coexpression(rank=908); GTEx--Coexpression(rank=978)","1228","0.52280000000000004","Enrichr Queries,0.5228"
"SATB1","157","157.00000000000000","1","0.1979783459728662875498628181958338245749473571777343750000000000000000000","0.497451919944480625002114493327098898589611053466796875000000000000000","4.290156343814716777274","TRRUST_Transcription_Factors_2019(rank=157, adjP=0.497)","SATB1 human","315","4.290156343814716777274","enrichr","315","4.290156343814716777274","0.1979783459728662875498628181958338245749473571777343750000000000000000000","0.497451919944480625002114493327098898589611053466796875000000000000000","","4","ReMap--ChIP-seq(rank=146); Enrichr--Queries(rank=229); ARCHS4--Coexpression(rank=473); GTEx--Coexpression(rank=676)","547","0.16309999999999999","Enrichr Queries,0.1631"
"ETS2","157","295.00000000000000","3","0.2562752000693490073146563190675806254148483276367187500000000000000000000","0.551624241114669344732135414233198389410972595214843750000000000000000","2.425210079061289381031","Transcription_Factor_PPIs(rank=157, adjP=0.998); TRRUST_Transcription_Factors_2019(rank=173, adjP=0.552); ChEA_2022(rank=555, adjP=0.609)","ETS2; ETS2 human; ETS2 20176728 ChIP-ChIP TROPHOBLAST STEM CELLS Mouse","316","2.425210079061289381031","enrichr","316","2.425210079061289381031","0.2562752000693490073146563190675806254148483276367187500000000000000000000","0.551624241114669344732135414233198389410972595214843750000000000000000","","4","Literature--ChIP-seq(rank=129); ARCHS4--Coexpression(rank=295); Enrichr--Queries(rank=437); GTEx--Coexpression(rank=731)","593","0.18120000000000000","ARCHS4 Coexpression,0.1812"
"SF1","158","158.00000000000000","1","0.1979783459728662875498628181958338245749473571777343750000000000000000000","0.497451919944480625002114493327098898589611053466796875000000000000000","4.290156343814716777274","TRRUST_Transcription_Factors_2019(rank=158, adjP=0.497)","SF1 mouse","317","4.290156343814716777274","enrichr","317","4.290156343814716777274","0.1979783459728662875498628181958338245749473571777343750000000000000000000","0.497451919944480625002114493327098898589611053466796875000000000000000","","0","",NA,NA,NA
"HCFC1","159","472.66666666666669","3","0.8636181024506347503333358872623648494482040405273437500000000000000000000","0.997973466142412224400004561175592243671417236328125000000000000000000","0.089906004129038277761","Transcription_Factor_PPIs(rank=159, adjP=0.998); ENCODE_TF_ChIP-seq_2015(rank=566, adjP=1); ChEA_2022(rank=693, adjP=1)","HCFC1; HCFC1 ES-E14 mm9; HCFC1 20581084 ChIP-Seq MESCs Mouse","318","0.089906004129038277761","enrichr","318","0.089906004129038277761","0.8636181024506347503333358872623648494482040405273437500000000000000000000","0.997973466142412224400004561175592243671417236328125000000000000000000","","0","",NA,NA,NA
"TBL1XR1","160","292.50000000000000","2","0.8695091209660577025175598464556969702243804931640625000000000000000000000","0.997973466142412224400004561175592243671417236328125000000000000000000","0.068643401159011921409","Transcription_Factor_PPIs(rank=160, adjP=0.998); ENCODE_TF_ChIP-seq_2015(rank=425, adjP=1)","TBL1XR1; TBL1XR1 K562 hg19","319","0.068643401159011921409","enrichr","319","0.068643401159011921409","0.8695091209660577025175598464556969702243804931640625000000000000000000000","0.997973466142412224400004561175592243671417236328125000000000000000000","","0","",NA,NA,NA
"FOXH1","161","161.00000000000000","1","0.0002783084829762202212430355352523747569648548960685729980468750000000000","0.001298196712516405627521609567054383660433813929557800292968750000000","11.814108500860593053972","ChEA_2022(rank=161, adjP=0.0013)","FOXH1 21741376 ChIP-Seq EPCs Human","320","11.814108500860593053972","enrichr","320","11.814108500860593053972","0.0002783084829762202212430355352523747569648548960685729980468750000000000","0.001298196712516405627521609567054383660433813929557800292968750000000","","3","GTEx--Coexpression(rank=226); ARCHS4--Coexpression(rank=428); Enrichr--Queries(rank=780)","494","0.14060000000000000","GTEx Coexpression,0.1406"
"TWIST1","162","162.00000000000000","1","0.2117958328338211126951051710420870222151279449462890625000000000000000000","0.519030528611277630623987988656153902411460876464843750000000000000000","3.084275126418271284479","TRRUST_Transcription_Factors_2019(rank=162, adjP=0.519)","TWIST1 mouse","321","3.084275126418271284479","enrichr","321","3.084275126418271284479","0.2117958328338211126951051710420870222151279449462890625000000000000000000","0.519030528611277630623987988656153902411460876464843750000000000000000","","4","ARCHS4--Coexpression(rank=10); GTEx--Coexpression(rank=29); ReMap--ChIP-seq(rank=44); Enrichr--Queries(rank=53)","27","0.00614300000000000","ARCHS4 Coexpression,0.006143"
"P53","163","163.00000000000000","1","0.0003048353235356180464948883113152078294660896062850952148437500000000000","0.001404098219891764410399703777443392027635127305984497070312500000000","11.739943579366258319396","ChEA_2022(rank=163, adjP=0.0014)","P53 22387025 ChIP-Seq ESCs Mouse","322","11.739943579366258319396","enrichr","322","11.739943579366258319396","0.0003048353235356180464948883113152078294660896062850952148437500000000000","0.001404098219891764410399703777443392027635127305984497070312500000000","","0","",NA,NA,NA
"GTF2I","163","163.00000000000000","1","0.2185141978664444373237074614735320210456848144531250000000000000000000000","0.528964247274258725362017230509081855416297912597656250000000000000000","3.740763026825564274702","TRRUST_Transcription_Factors_2019(rank=163, adjP=0.529)","GTF2I mouse","323","3.740763026825564274702","enrichr","323","3.740763026825564274702","0.2185141978664444373237074614735320210456848144531250000000000000000000000","0.528964247274258725362017230509081855416297912597656250000000000000000","","1","ARCHS4--Coexpression(rank=1566)","1631","0.96189999999999998","ARCHS4 Coexpression,0.9619"
"DROSHA","164","164.00000000000000","1","0.0003066206498831546304814632541990704339696094393730163574218750000000000","0.001404098219891764410399703777443392027635127305984497070312500000000","15.346278282006172943852","ChEA_2022(rank=164, adjP=0.0014)","DROSHA 22980978 ChIP-Seq HELA Human","324","15.346278282006172943852","enrichr","324","15.346278282006172943852","0.0003066206498831546304814632541990704339696094393730163574218750000000000","0.001404098219891764410399703777443392027635127305984497070312500000000","","0","",NA,NA,NA
"CDKN1B","167","167.00000000000000","1","0.8917020298885799389765338673896621912717819213867187500000000000000000000","0.997973466142412224400004561175592243671417236328125000000000000000000","0.065577188102500807987","Transcription_Factor_PPIs(rank=167, adjP=0.998)","CDKN1B","325","0.065577188102500807987","enrichr","325","0.065577188102500807987","0.8917020298885799389765338673896621912717819213867187500000000000000000000","0.997973466142412224400004561175592243671417236328125000000000000000000","","0","",NA,NA,NA
"RARG","169","191.50000000000000","2","0.0013912595494206664564068587353062866895925253629684448242187500000000000","0.004882410848667852361348895584569618222303688526153564453125000000000","12.426571665758588736139","Transcription_Factor_PPIs(rank=169, adjP=0.998); ChEA_2022(rank=214, adjP=0.00488)","RARG; RARG 19884340 ChIP-ChIP MEFs Mouse","326","12.426571665758588736139","enrichr","326","12.426571665758588736139","0.0013912595494206664564068587353062866895925253629684448242187500000000000","0.004882410848667852361348895584569618222303688526153564453125000000000","","4","Literature--ChIP-seq(rank=51); Enrichr--Queries(rank=409); GTEx--Coexpression(rank=500); ARCHS4--Coexpression(rank=1141)","832","0.29130000000000000","Enrichr Queries,0.2913"
"GLI1","170","279.66666666666669","3","0.0921476111404646996971834482792473863810300827026367187500000000000000000","0.165954091046736279535522839978511910885572433471679687500000000000000","5.270457119440257187648","Transcription_Factor_PPIs(rank=170, adjP=0.998); TRRUST_Transcription_Factors_2019(rank=252, adjP=0.555); ChEA_2022(rank=417, adjP=0.166)","GLI1; GLI1 mouse; GLI1 17442700 ChIP-ChIP MESCs Mouse","327","5.270457119440257187648","enrichr","327","5.270457119440257187648","0.0921476111404646996971834482792473863810300827026367187500000000000000000","0.165954091046736279535522839978511910885572433471679687500000000000000","","4","GTEx--Coexpression(rank=3); Literature--ChIP-seq(rank=88); Enrichr--Queries(rank=109); ARCHS4--Coexpression(rank=691)","8","0.00186700000000000","GTEx Coexpression,0.001867"
"RB1","171","171.00000000000000","1","0.2412852417793154846670233837357955053448677062988281250000000000000000000","0.551624241114669344732135414233198389410972595214843750000000000000000","2.623159062454587520108","TRRUST_Transcription_Factors_2019(rank=171, adjP=0.552)","RB1 human","328","2.623159062454587520108","enrichr","328","2.623159062454587520108","0.2412852417793154846670233837357955053448677062988281250000000000000000000","0.551624241114669344732135414233198389410972595214843750000000000000000","","0","",NA,NA,NA
"SETDB1","171","271.33333333333331","3","0.0004136785381495350312139325232863029668806120753288269042968750000000000","0.001816798726025152001251061761877281242050230503082275390625000000000","11.076898270352621977963","ChEA_2022(rank=171, adjP=0.00182); Transcription_Factor_PPIs(rank=207, adjP=0.998); ENCODE_TF_ChIP-seq_2015(rank=436, adjP=1)","SETDB1 19884257 ChIP-Seq MESCs Mouse; SETDB1; SETDB1 K562 hg19","329","11.076898270352621977963","enrichr","329","11.076898270352621977963","0.0004136785381495350312139325232863029668806120753288269042968750000000000","0.001816798726025152001251061761877281242050230503082275390625000000000","","6","Literature--ChIP-seq(rank=45); ENCODE--ChIP-seq(rank=99); ReMap--ChIP-seq(rank=221); Enrichr--Queries(rank=1268); GTEx--Coexpression(rank=1325); ARCHS4--Coexpression(rank=1612)","793","0.27439999999999998","Literature ChIP-seq,0.2744"
"PAX3","171","271.50000000000000","2","0.6772570005490025080163718484982382506132125854492187500000000000000000000","0.715082524515835316059053639037301763892173767089843750000000000000000","0.352717842923370661357","Transcription_Factor_PPIs(rank=171, adjP=0.998); TRRUST_Transcription_Factors_2019(rank=372, adjP=0.715)","PAX3; PAX3 mouse","330","0.352717842923370661357","enrichr","330","0.352717842923370661357","0.6772570005490025080163718484982382506132125854492187500000000000000000000","0.715082524515835316059053639037301763892173767089843750000000000000000","","3","ARCHS4--Coexpression(rank=136); Enrichr--Queries(rank=221); GTEx--Coexpression(rank=1042)","322","0.08354000000000000","ARCHS4 Coexpression,0.08354"
"TBX20","173","173.00000000000000","1","0.0004394738581015412244232254401765658258227631449699401855468750000000000","0.001896809582955503482859516140024425112642347812652587890625000000000","11.017255112433907981995","ChEA_2022(rank=173, adjP=0.0019)","TBX20 22080862 ChIP-Seq HEART Mouse","331","11.017255112433907981995","enrichr","331","11.017255112433907981995","0.0004394738581015412244232254401765658258227631449699401855468750000000000","0.001896809582955503482859516140024425112642347812652587890625000000000","","3","ARCHS4--Coexpression(rank=96); Enrichr--Queries(rank=204); GTEx--Coexpression(rank=631)","245","0.05897000000000000","ARCHS4 Coexpression,0.05897"
"DDIT3","175","175.00000000000000","1","0.2600055025820490195442857839225325733423233032226562500000000000000000000","0.551624241114669344732135414233198389410972595214843750000000000000000","2.898710821347761257272","TRRUST_Transcription_Factors_2019(rank=175, adjP=0.552)","DDIT3 human","332","2.898710821347761257272","enrichr","332","2.898710821347761257272","0.2600055025820490195442857839225325733423233032226562500000000000000000000","0.551624241114669344732135414233198389410972595214843750000000000000000","","3","Enrichr--Queries(rank=557); GTEx--Coexpression(rank=1081); ARCHS4--Coexpression(rank=1233)","1025","0.39670000000000000","Enrichr Queries,0.3967"
"TCFCP2L1","177","177.00000000000000","1","0.0004728489403080158551447020887081862383638508617877960205078125000000000","0.002006268667634574214692078086841320327948778867721557617187500000000","10.969326176464626598772","ChEA_2022(rank=177, adjP=0.00201)","TCFCP2L1 18555785 Chip-Seq ESCs Mouse","333","10.969326176464626598772","enrichr","333","10.969326176464626598772","0.0004728489403080158551447020887081862383638508617877960205078125000000000","0.002006268667634574214692078086841320327948778867721557617187500000000","","0","",NA,NA,NA
"NFKBIA","177","177.00000000000000","1","0.2808087873247235299878354908287292346358299255371093750000000000000000000","0.551624241114669344732135414233198389410972595214843750000000000000000","2.572171754280315081331","TRRUST_Transcription_Factors_2019(rank=177, adjP=0.552)","NFKBIA human","334","2.572171754280315081331","enrichr","334","2.572171754280315081331","0.2808087873247235299878354908287292346358299255371093750000000000000000000","0.551624241114669344732135414233198389410972595214843750000000000000000","","0","",NA,NA,NA
"MYBL2","181","447.00000000000000","4","0.3637858946586324804250978104391833767294883728027343750000000000000000000","0.555235621645095767107136452978011220693588256835937500000000000000000","2.485742885067020679912","Transcription_Factor_PPIs(rank=181, adjP=0.998); TRRUST_Transcription_Factors_2019(rank=256, adjP=0.555); ChEA_2022(rank=632, adjP=1); ENCODE_TF_ChIP-seq_2015(rank=719, adjP=1)","MYBL2; MYBL2 human; MYBL2 22936984 ChIP-ChIP MESCs Mouse; MYBL2 HepG2 hg19","335","2.485742885067020679912","enrichr","335","2.485742885067020679912","0.3637858946586324804250978104391833767294883728027343750000000000000000000","0.555235621645095767107136452978011220693588256835937500000000000000000","","6","ENCODE--ChIP-seq(rank=116); Literature--ChIP-seq(rank=140); ReMap--ChIP-seq(rank=232); GTEx--Coexpression(rank=1345); Enrichr--Queries(rank=1401); ARCHS4--Coexpression(rank=1520)","1539","0.78110000000000002","ReMap ChIP-seq,0.7811"
"HSF1","182","359.25000000000000","4","0.8159620237238661699663566650997381657361984252929687500000000000000000000","0.833109235933264913320783762173959985375404357910156250000000000000000","0.174652017964457867416","Transcription_Factor_PPIs(rank=182, adjP=0.998); ENCODE_TF_ChIP-seq_2015(rank=237, adjP=1); TRRUST_Transcription_Factors_2019(rank=394, adjP=0.833); ChEA_2022(rank=624, adjP=0.982)","HSF1; HSF1 HepG2 hg19; HSF1 human; HSF1 23293686 ChIP-Seq STHDH STRIATAL Mouse","336","0.174652017964457867416","enrichr","336","0.174652017964457867416","0.8159620237238661699663566650997381657361984252929687500000000000000000000","0.833109235933264913320783762173959985375404357910156250000000000000000","","5","ENCODE--ChIP-seq(rank=71); Literature--ChIP-seq(rank=134); ReMap--ChIP-seq(rank=151); ARCHS4--Coexpression(rank=1550); GTEx--Coexpression(rank=1585)","1211","0.50839999999999996","ReMap ChIP-seq,0.5084"
"EHMT2","183","183.00000000000000","1","0.2876227151403943360641335402760887518525123596191406250000000000000000000","0.551624241114669344732135414233198389410972595214843750000000000000000","4.288964084908323037837","TRRUST_Transcription_Factors_2019(rank=183, adjP=0.552)","EHMT2 mouse","337","4.288964084908323037837","enrichr","337","4.288964084908323037837","0.2876227151403943360641335402760887518525123596191406250000000000000000000","0.551624241114669344732135414233198389410972595214843750000000000000000","","0","",NA,NA,NA
"ETV2","184","329.00000000000000","2","0.1984842023586827763903528420996735803782939910888671875000000000000000000","0.313997645937869995780289400499896146357059478759765625000000000000000","4.288964084908323037837","TRRUST_Transcription_Factors_2019(rank=184, adjP=0.552); ChEA_2022(rank=474, adjP=0.314)","ETV2 mouse; ETV2 25802403 ChIP-Seq MESCs Mouse","338","4.288964084908323037837","enrichr","338","4.288964084908323037837","0.1984842023586827763903528420996735803782939910888671875000000000000000000","0.313997645937869995780289400499896146357059478759765625000000000000000","","4","Literature--ChIP-seq(rank=104); Enrichr--Queries(rank=701); ARCHS4--Coexpression(rank=1306); GTEx--Coexpression(rank=1332)","1196","0.49930000000000002","Enrichr Queries,0.4993"
"ETV5","185","185.00000000000000","1","0.2876227151403943360641335402760887518525123596191406250000000000000000000","0.551624241114669344732135414233198389410972595214843750000000000000000","4.288964084908323037837","TRRUST_Transcription_Factors_2019(rank=185, adjP=0.552)","ETV5 mouse","339","4.288964084908323037837","enrichr","339","4.288964084908323037837","0.2876227151403943360641335402760887518525123596191406250000000000000000000","0.551624241114669344732135414233198389410972595214843750000000000000000","","3","GTEx--Coexpression(rank=165); Enrichr--Queries(rank=225); ARCHS4--Coexpression(rank=429)","387","0.10270000000000000","GTEx Coexpression,0.1027"
"FOXO4","186","186.00000000000000","1","0.2876227151403943360641335402760887518525123596191406250000000000000000000","0.551624241114669344732135414233198389410972595214843750000000000000000","4.288964084908323037837","TRRUST_Transcription_Factors_2019(rank=186, adjP=0.552)","FOXO4 human","340","4.288964084908323037837","enrichr","340","4.288964084908323037837","0.2876227151403943360641335402760887518525123596191406250000000000000000000","0.551624241114669344732135414233198389410972595214843750000000000000000","","3","GTEx--Coexpression(rank=312); ARCHS4--Coexpression(rank=570); Enrichr--Queries(rank=709)","624","0.19420000000000001","GTEx Coexpression,0.1942"
"CUX1","187","299.00000000000000","3","0.0006433839827181559584134973306390747893601655960083007812500000000000000","0.002576031870783972166361053268701652996242046356201171875000000000000","10.294117778756708858623","ChEA_2022(rank=187, adjP=0.00258); TRRUST_Transcription_Factors_2019(rank=329, adjP=0.619); ENCODE_TF_ChIP-seq_2015(rank=381, adjP=1)","CUX1 19635798 ChIP-ChIP MULTIPLE CANCER TYPES Human; CUX1 mouse; CUX1 GM12878 hg19","341","10.294117778756708858623","enrichr","341","10.294117778756708858623","0.0006433839827181559584134973306390747893601655960083007812500000000000000","0.002576031870783972166361053268701652996242046356201171875000000000000","","6","ENCODE--ChIP-seq(rank=84); Literature--ChIP-seq(rank=92); ReMap--ChIP-seq(rank=150); GTEx--Coexpression(rank=578); Enrichr--Queries(rank=959); ARCHS4--Coexpression(rank=1134)","959","0.35970000000000002","GTEx Coexpression,0.3597"
"FOXP1","187","381.50000000000000","2","0.2876227151403943360641335402760887518525123596191406250000000000000000000","0.551624241114669344732135414233198389410972595214843750000000000000000","4.288964084908323037837","TRRUST_Transcription_Factors_2019(rank=187, adjP=0.552); ChEA_2022(rank=576, adjP=0.706)","FOXP1 mouse; FOXP1 21924763 ChIP-Seq HESCs Human","342","4.288964084908323037837","enrichr","342","4.288964084908323037837","0.2876227151403943360641335402760887518525123596191406250000000000000000000","0.551624241114669344732135414233198389410972595214843750000000000000000","","5","GTEx--Coexpression(rank=60); Literature--ChIP-seq(rank=123); ReMap--ChIP-seq(rank=210); ARCHS4--Coexpression(rank=503); Enrichr--Queries(rank=681)","165","0.03734000000000000","GTEx Coexpression,0.03734"
"EGFP-NR4A1","188","188.00000000000000","1","0.9731336702256859760851170904061291366815567016601562500000000000000000000","0.999995201574610415029553678323281928896903991699218750000000000000000","0.020936213098434432872","ENCODE_TF_ChIP-seq_2015(rank=188, adjP=1)","eGFP-NR4A1 K562 hg19","343","0.020936213098434432872","enrichr","343","0.020936213098434432872","0.9731336702256859760851170904061291366815567016601562500000000000000000000","0.999995201574610415029553678323281928896903991699218750000000000000000","","0","",NA,NA,NA
"CHD7","188","257.00000000000000","2","0.0006448655016077052418502213448903148673707619309425354003906250000000000","0.002576031870783972166361053268701652996242046356201171875000000000000","19.539079489165349201585","ChEA_2022(rank=188, adjP=0.00258); ENCODE_TF_ChIP-seq_2015(rank=326, adjP=1)","CHD7 19251738 ChIP-ChIP MESCs Mouse; CHD7 H1-hESC hg19","344","19.539079489165349201585","enrichr","344","19.539079489165349201585","0.0006448655016077052418502213448903148673707619309425354003906250000000000","0.002576031870783972166361053268701652996242046356201171875000000000000","","0","",NA,NA,NA
"HDGF","189","189.00000000000000","1","0.2876227151403943360641335402760887518525123596191406250000000000000000000","0.551624241114669344732135414233198389410972595214843750000000000000000","4.288964084908323037837","TRRUST_Transcription_Factors_2019(rank=189, adjP=0.552)","HDGF human","345","4.288964084908323037837","enrichr","345","4.288964084908323037837","0.2876227151403943360641335402760887518525123596191406250000000000000000000","0.551624241114669344732135414233198389410972595214843750000000000000000","","0","",NA,NA,NA
"HOXA9","191","191.00000000000000","1","0.2876227151403943360641335402760887518525123596191406250000000000000000000","0.551624241114669344732135414233198389410972595214843750000000000000000","4.288964084908323037837","TRRUST_Transcription_Factors_2019(rank=191, adjP=0.552)","HOXA9 mouse","346","4.288964084908323037837","enrichr","346","4.288964084908323037837","0.2876227151403943360641335402760887518525123596191406250000000000000000000","0.551624241114669344732135414233198389410972595214843750000000000000000","","4","ReMap--ChIP-seq(rank=195); GTEx--Coexpression(rank=201); Enrichr--Queries(rank=264); ARCHS4--Coexpression(rank=331)","454","0.12509999999999999","GTEx Coexpression,0.1251"
"KAT5","192","192.00000000000000","1","0.2876227151403943360641335402760887518525123596191406250000000000000000000","0.551624241114669344732135414233198389410972595214843750000000000000000","4.288964084908323037837","TRRUST_Transcription_Factors_2019(rank=192, adjP=0.552)","KAT5 mouse","347","4.288964084908323037837","enrichr","347","4.288964084908323037837","0.2876227151403943360641335402760887518525123596191406250000000000000000000","0.551624241114669344732135414233198389410972595214843750000000000000000","","0","",NA,NA,NA
"SOX3","194","194.00000000000000","1","0.0007645813348563692667808622260849915619473904371261596679687500000000000","0.002959796816892440625423876809918510843999683856964111328125000000000","10.093656285211629608511","ChEA_2022(rank=194, adjP=0.00296)","SOX3 22085726 ChIP-Seq NPCs Mouse","348","10.093656285211629608511","enrichr","348","10.093656285211629608511","0.0007645813348563692667808622260849915619473904371261596679687500000000000","0.002959796816892440625423876809918510843999683856964111328125000000000","","3","Enrichr--Queries(rank=177); ARCHS4--Coexpression(rank=485); GTEx--Coexpression(rank=681)","456","0.12609999999999999","Enrichr Queries,0.1261"
"KLF1","195","195.00000000000000","1","0.0008227995247157871309615084776112325926078483462333679199218750000000000","0.003168833041341314726152544878345906909089535474777221679687500000000","10.961242544509403273878","ChEA_2022(rank=195, adjP=0.00317)","KLF1 20508144 ChIP-Seq FETAL-LIVER-ERYTHROID Mouse","349","10.961242544509403273878","enrichr","349","10.961242544509403273878","0.0008227995247157871309615084776112325926078483462333679199218750000000000","0.003168833041341314726152544878345906909089535474777221679687500000000","","5","Literature--ChIP-seq(rank=52); ReMap--ChIP-seq(rank=180); Enrichr--Queries(rank=684); ARCHS4--Coexpression(rank=887); GTEx--Coexpression(rank=924)","880","0.31709999999999999","Literature ChIP-seq,0.3171"
"MBD1","195","195.00000000000000","1","0.2876227151403943360641335402760887518525123596191406250000000000000000000","0.551624241114669344732135414233198389410972595214843750000000000000000","4.288964084908323037837","TRRUST_Transcription_Factors_2019(rank=195, adjP=0.552)","MBD1 human","350","4.288964084908323037837","enrichr","350","4.288964084908323037837","0.2876227151403943360641335402760887518525123596191406250000000000000000000","0.551624241114669344732135414233198389410972595214843750000000000000000","","3","Enrichr--Queries(rank=1082); GTEx--Coexpression(rank=1418); ARCHS4--Coexpression(rank=1586)","1531","0.77070000000000005","Enrichr Queries,0.7707"
"MSX1","196","196.00000000000000","1","0.2876227151403943360641335402760887518525123596191406250000000000000000000","0.551624241114669344732135414233198389410972595214843750000000000000000","4.288964084908323037837","TRRUST_Transcription_Factors_2019(rank=196, adjP=0.552)","MSX1 human","351","4.288964084908323037837","enrichr","351","4.288964084908323037837","0.2876227151403943360641335402760887518525123596191406250000000000000000000","0.551624241114669344732135414233198389410972595214843750000000000000000","","3","Enrichr--Queries(rank=158); GTEx--Coexpression(rank=250); ARCHS4--Coexpression(rank=1202)","409","0.11250000000000000","Enrichr Queries,0.1125"
"FOXP3","196","277.66666666666669","3","0.0154691581857279627371104524513611977454274892807006835937500000000000000","0.036880437452322917257774292920657899230718612670898437500000000000000","9.015213515747968031633","Transcription_Factor_PPIs(rank=196, adjP=0.998); ChEA_2022(rank=315, adjP=0.0369); TRRUST_Transcription_Factors_2019(rank=322, adjP=0.6)","FOXP3; FOXP3 17237761 ChIP-ChIP TREG Mouse; FOXP3 mouse","352","9.015213515747968031633","enrichr","352","9.015213515747968031633","0.0154691581857279627371104524513611977454274892807006835937500000000000000","0.036880437452322917257774292920657899230718612670898437500000000000000","","4","Literature--ChIP-seq(rank=80); ARCHS4--Coexpression(rank=264); GTEx--Coexpression(rank=475); Enrichr--Queries(rank=819)","545","0.16220000000000001","ARCHS4 Coexpression,0.1622"
"EBF1","196","317.50000000000000","2","0.0008304756758807988175491443527675983204971998929977416992187500000000000","0.003182077717277955949959356019007827853783965110778808593750000000000","10.008668265390378238067","ChEA_2022(rank=196, adjP=0.00318); ENCODE_TF_ChIP-seq_2015(rank=439, adjP=1)","EBF1 22473956 ChIP-Seq LYMPHODE Mouse; EBF1 GM12878 hg19","353","10.008668265390378238067","enrichr","353","10.008668265390378238067","0.0008304756758807988175491443527675983204971998929977416992187500000000000","0.003182077717277955949959356019007827853783965110778808593750000000000","","5","Enrichr--Queries(rank=61); ENCODE--ChIP-seq(rank=94); ARCHS4--Coexpression(rank=175); ReMap--ChIP-seq(rank=204); GTEx--Coexpression(rank=423)","188","0.04345000000000000","Enrichr Queries,0.04345"
"UPF1","197","197.00000000000000","1","0.9739115748107514125564421192393638193607330322265625000000000000000000000","0.997973466142412224400004561175592243671417236328125000000000000000000","0.009440628936042510383","Transcription_Factor_PPIs(rank=197, adjP=0.998)","UPF1","354","0.009440628936042510383","enrichr","354","0.009440628936042510383","0.9739115748107514125564421192393638193607330322265625000000000000000000000","0.997973466142412224400004561175592243671417236328125000000000000000000","","0","",NA,NA,NA
"PAX2","198","198.00000000000000","1","0.2876227151403943360641335402760887518525123596191406250000000000000000000","0.551624241114669344732135414233198389410972595214843750000000000000000","4.288964084908323037837","TRRUST_Transcription_Factors_2019(rank=198, adjP=0.552)","PAX2 human","355","4.288964084908323037837","enrichr","355","4.288964084908323037837","0.2876227151403943360641335402760887518525123596191406250000000000000000000","0.551624241114669344732135414233198389410972595214843750000000000000000","","3","Enrichr--Queries(rank=534); GTEx--Coexpression(rank=662); ARCHS4--Coexpression(rank=833)","1001","0.38030000000000003","Enrichr Queries,0.3803"
"AIRE","199","199.00000000000000","1","0.9787145021731904481754327207454480230808258056640625000000000000000000000","0.997973466142412224400004561175592243671417236328125000000000000000000","0.005508239900872343581","Transcription_Factor_PPIs(rank=199, adjP=0.998)","AIRE","356","0.005508239900872343581","enrichr","356","0.005508239900872343581","0.9787145021731904481754327207454480230808258056640625000000000000000000000","0.997973466142412224400004561175592243671417236328125000000000000000000","","3","Enrichr--Queries(rank=429); GTEx--Coexpression(rank=431); ARCHS4--Coexpression(rank=875)","781","0.26819999999999999","GTEx Coexpression,0.2682"
"POU3F1","200","294.00000000000000","2","0.0555359053326022825136654148536763386800885200500488281250000000000000000","0.107493466249444127869061560431873658671975135803222656250000000000000","4.288964084908323037837","TRRUST_Transcription_Factors_2019(rank=200, adjP=0.552); ChEA_2022(rank=388, adjP=0.107)","POU3F1 mouse; POU3F1 26484290 ChIP-Seq ESCss Mouse","357","4.288964084908323037837","enrichr","357","4.288964084908323037837","0.0555359053326022825136654148536763386800885200500488281250000000000000000","0.107493466249444127869061560431873658671975135803222656250000000000000","","4","Literature--ChIP-seq(rank=96); ARCHS4--Coexpression(rank=203); Enrichr--Queries(rank=230); GTEx--Coexpression(rank=300)","453","0.12470000000000001","ARCHS4 Coexpression,0.1247"
"RBL1","201","201.00000000000000","1","0.2876227151403943360641335402760887518525123596191406250000000000000000000","0.551624241114669344732135414233198389410972595214843750000000000000000","4.288964084908323037837","TRRUST_Transcription_Factors_2019(rank=201, adjP=0.552)","RBL1 mouse","358","4.288964084908323037837","enrichr","358","4.288964084908323037837","0.2876227151403943360641335402760887518525123596191406250000000000000000000","0.551624241114669344732135414233198389410972595214843750000000000000000","","0","",NA,NA,NA
"EPAS1","201","265.50000000000000","2","0.5204716266078630582114783464930951595306396484375000000000000000000000000","0.618644418453058730911209295300068333745002746582031250000000000000000","0.936163704514780481425","Transcription_Factor_PPIs(rank=201, adjP=0.998); TRRUST_Transcription_Factors_2019(rank=330, adjP=0.619)","EPAS1; EPAS1 mouse","359","0.936163704514780481425","enrichr","359","0.936163704514780481425","0.5204716266078630582114783464930951595306396484375000000000000000000000000","0.618644418453058730911209295300068333745002746582031250000000000000000","","4","ReMap--ChIP-seq(rank=126); GTEx--Coexpression(rank=153); ARCHS4--Coexpression(rank=215); Enrichr--Queries(rank=297)","363","0.09521000000000000","GTEx Coexpression,0.09521"
"SFPQ","202","202.00000000000000","1","0.2876227151403943360641335402760887518525123596191406250000000000000000000","0.551624241114669344732135414233198389410972595214843750000000000000000","4.288964084908323037837","TRRUST_Transcription_Factors_2019(rank=202, adjP=0.552)","SFPQ human","360","4.288964084908323037837","enrichr","360","4.288964084908323037837","0.2876227151403943360641335402760887518525123596191406250000000000000000000","0.551624241114669344732135414233198389410972595214843750000000000000000","","0","",NA,NA,NA
"RBBP5","202","202.00000000000000","1","0.9796849126345433811380303268379066139459609985351562500000000000000000000","0.999995201574610415029553678323281928896903991699218750000000000000000","0.016492530388640746358","ENCODE_TF_ChIP-seq_2015(rank=202, adjP=1)","RBBP5 H1-hESC hg19","361","0.016492530388640746358","enrichr","361","0.016492530388640746358","0.9796849126345433811380303268379066139459609985351562500000000000000000000","0.999995201574610415029553678323281928896903991699218750000000000000000","","0","",NA,NA,NA
"KAT2A","202","432.00000000000000","2","0.9831238333116376626463761567720212042331695556640625000000000000000000000","0.997973466142412224400004561175592243671417236328125000000000000000000","0.005554742833882232028","Transcription_Factor_PPIs(rank=202, adjP=0.998); ENCODE_TF_ChIP-seq_2015(rank=662, adjP=1)","KAT2A; KAT2A CH12.LX mm9","362","0.005554742833882232028","enrichr","362","0.005554742833882232028","0.9831238333116376626463761567720212042331695556640625000000000000000000000","0.997973466142412224400004561175592243671417236328125000000000000000000","","0","",NA,NA,NA
"ELK4","202","436.00000000000000","2","0.0009426752121308985907927047165344447421375662088394165039062500000000000","0.003504698437179728284091018153389995859470218420028686523437500000000","13.080894235610193376829","ChEA_2022(rank=202, adjP=0.0035); ENCODE_TF_ChIP-seq_2015(rank=670, adjP=1)","ELK4 26923725 Chip-Seq MESODERM Mouse; ELK4 HEK293 hg19","363","13.080894235610193376829","enrichr","363","13.080894235610193376829","0.0009426752121308985907927047165344447421375662088394165039062500000000000","0.003504698437179728284091018153389995859470218420028686523437500000000","","5","ENCODE--ChIP-seq(rank=111); ReMap--ChIP-seq(rank=266); GTEx--Coexpression(rank=817); Enrichr--Queries(rank=1186); ARCHS4--Coexpression(rank=1226)","1210","0.50839999999999996","GTEx Coexpression,0.5084"
"EVI1","203","203.00000000000000","1","0.0009506741546651603300133182017361832549795508384704589843750000000000000","0.003504720523918865987544890572280564811080694198608398437500000000000","10.402336789711085884846","ChEA_2022(rank=203, adjP=0.0035)","EVI1 22308434 ChIP-Seq SKOV3 Human Ovary OvarianCancer","364","10.402336789711085884846","enrichr","364","10.402336789711085884846","0.0009506741546651603300133182017361832549795508384704589843750000000000000","0.003504720523918865987544890572280564811080694198608398437500000000000","","0","",NA,NA,NA
"TCF21","204","225.50000000000000","2","0.0030108268193629011792722405260747109423391520977020263671875000000000000","0.009154376280734972254338188690780953038483858108520507812500000000000","7.791914590969805765042","TRRUST_Transcription_Factors_2019(rank=204, adjP=0.552); ChEA_2022(rank=247, adjP=0.00915)","TCF21 mouse; TCF21 26020271 ChIP-Seq SMOOTH MUSCLE Human","365","7.791914590969805765042","enrichr","365","7.791914590969805765042","0.0030108268193629011792722405260747109423391520977020263671875000000000000","0.009154376280734972254338188690780953038483858108520507812500000000000","","4","ARCHS4--Coexpression(rank=47); Literature--ChIP-seq(rank=76); Enrichr--Queries(rank=320); GTEx--Coexpression(rank=349)","126","0.02887000000000000","ARCHS4 Coexpression,0.02887"
"WWTR1","205","205.00000000000000","1","0.2876227151403943360641335402760887518525123596191406250000000000000000000","0.551624241114669344732135414233198389410972595214843750000000000000000","4.288964084908323037837","TRRUST_Transcription_Factors_2019(rank=205, adjP=0.552)","WWTR1 human","366","4.288964084908323037837","enrichr","366","4.288964084908323037837","0.2876227151403943360641335402760887518525123596191406250000000000000000000","0.551624241114669344732135414233198389410972595214843750000000000000000","","0","",NA,NA,NA
"NFI","207","207.00000000000000","1","0.0010966125772697734967742189127193341846577823162078857421875000000000000","0.003978531620915944089222904267444391734898090362548828125000000000000","9.499817658319200219807","ChEA_2022(rank=207, adjP=0.00398)","NFI 21473784 ChIP-Seq ESCs Mouse","367","9.499817658319200219807","enrichr","367","9.499817658319200219807","0.0010966125772697734967742189127193341846577823162078857421875000000000000","0.003978531620915944089222904267444391734898090362548828125000000000000","","0","",NA,NA,NA
"ZEB2","207","207.00000000000000","1","0.2876227151403943360641335402760887518525123596191406250000000000000000000","0.551624241114669344732135414233198389410972595214843750000000000000000","4.288964084908323037837","TRRUST_Transcription_Factors_2019(rank=207, adjP=0.552)","ZEB2 human","368","4.288964084908323037837","enrichr","368","4.288964084908323037837","0.2876227151403943360641335402760887518525123596191406250000000000000000000","0.551624241114669344732135414233198389410972595214843750000000000000000","","4","Enrichr--Queries(rank=95); ReMap--ChIP-seq(rank=97); GTEx--Coexpression(rank=262); ARCHS4--Coexpression(rank=584)","276","0.06766000000000000","Enrichr Queries,0.06766"
"KLF6","209","389.00000000000000","2","0.3015622128492145281875025375484256073832511901855468750000000000000000000","0.554408016325561803228083590511232614517211914062500000000000000000000","2.292772482283360169220","TRRUST_Transcription_Factors_2019(rank=209, adjP=0.554); ChEA_2022(rank=569, adjP=0.655)","KLF6 human; KLF6 26769127 Chip-Seq PDAC-Cell Line Human","369","2.292772482283360169220","enrichr","369","2.292772482283360169220","0.3015622128492145281875025375484256073832511901855468750000000000000000000","0.554408016325561803228083590511232614517211914062500000000000000000000","","4","ReMap--ChIP-seq(rank=14); ARCHS4--Coexpression(rank=251); Enrichr--Queries(rank=650); GTEx--Coexpression(rank=1140)","200","0.04714000000000000","ReMap ChIP-seq,0.04714"
"MSX2","210","210.00000000000000","1","0.3015622128492145281875025375484256073832511901855468750000000000000000000","0.554408016325561803228083590511232614517211914062500000000000000000000","2.292772482283360169220","TRRUST_Transcription_Factors_2019(rank=210, adjP=0.554)","MSX2 mouse","370","2.292772482283360169220","enrichr","370","2.292772482283360169220","0.3015622128492145281875025375484256073832511901855468750000000000000000000","0.554408016325561803228083590511232614517211914062500000000000000000000","","3","Enrichr--Queries(rank=23); GTEx--Coexpression(rank=319); ARCHS4--Coexpression(rank=888)","73","0.01638000000000000","Enrichr Queries,0.01638"
"POLR3A","210","210.00000000000000","1","0.9823735449733432822938539175083860754966735839843750000000000000000000000","0.999995201574610415029553678323281928896903991699218750000000000000000","0.008133896202814586140","ENCODE_TF_ChIP-seq_2015(rank=210, adjP=1)","POLR3A K562 hg19","371","0.008133896202814586140","enrichr","371","0.008133896202814586140","0.9823735449733432822938539175083860754966735839843750000000000000000000000","0.999995201574610415029553678323281928896903991699218750000000000000000","","0","",NA,NA,NA
"ILF3","212","461.50000000000000","2","0.9974669515168468336696605547331273555755615234375000000000000000000000000","0.997973466142412224400004561175592243671417236328125000000000000000000","0.001043376957143730748","Transcription_Factor_PPIs(rank=212, adjP=0.998); ChEA_2022(rank=711, adjP=1)","ILF3; ILF3 29590119 ChIP-Seq K562 Human BoneMarrow Leukemia","372","0.001043376957143730748","enrichr","372","0.001043376957143730748","0.9974669515168468336696605547331273555755615234375000000000000000000000000","0.997973466142412224400004561175592243671417236328125000000000000000000","","0","",NA,NA,NA
"NR1H4","213","213.00000000000000","1","0.3015622128492145281875025375484256073832511901855468750000000000000000000","0.554408016325561803228083590511232614517211914062500000000000000000000","2.292772482283360169220","TRRUST_Transcription_Factors_2019(rank=213, adjP=0.554)","NR1H4 human","373","2.292772482283360169220","enrichr","373","2.292772482283360169220","0.3015622128492145281875025375484256073832511901855468750000000000000000000","0.554408016325561803228083590511232614517211914062500000000000000000000","","3","Enrichr--Queries(rank=501); GTEx--Coexpression(rank=622); ARCHS4--Coexpression(rank=762)","953","0.35680000000000001","Enrichr Queries,0.3568"
"ILF2","213","213.00000000000000","1","0.9979734661424121133777020986599382013082504272460937500000000000000000000","0.997973466142412224400004561175592243671417236328125000000000000000000","0.000574291333285241413","Transcription_Factor_PPIs(rank=213, adjP=0.998)","ILF2","374","0.000574291333285241413","enrichr","374","0.000574291333285241413","0.9979734661424121133777020986599382013082504272460937500000000000000000000","0.997973466142412224400004561175592243671417236328125000000000000000000","","0","",NA,NA,NA
"POU2F1","214","374.00000000000000","2","0.3015622128492145281875025375484256073832511901855468750000000000000000000","0.505812647454576325145580995013006031513214111328125000000000000000000","2.292772482283360169220","TRRUST_Transcription_Factors_2019(rank=214, adjP=0.554); ChEA_2022(rank=534, adjP=0.506)","POU2F1 mouse; POU2F1 35413990 ChIP-Seq Human ARnegCRProstateCancer","375","2.292772482283360169220","enrichr","375","2.292772482283360169220","0.3015622128492145281875025375484256073832511901855468750000000000000000000","0.505812647454576325145580995013006031513214111328125000000000000000000","","4","ReMap--ChIP-seq(rank=280); ARCHS4--Coexpression(rank=490); GTEx--Coexpression(rank=616); Enrichr--Queries(rank=1039)","849","0.30099999999999999","ARCHS4 Coexpression,0.301"
"RXR","215","215.00000000000000","1","0.0013985089890184705489761807228887846576981246471405029296875000000000000","0.004885024422106380194430474972477895789779722690582275390625000000000","11.507555383529030734735","ChEA_2022(rank=215, adjP=0.00489)","RXR 22108803 ChIP-Seq LS180 Human","376","11.507555383529030734735","enrichr","376","11.507555383529030734735","0.0013985089890184705489761807228887846576981246471405029296875000000000000","0.004885024422106380194430474972477895789779722690582275390625000000000","","0","",NA,NA,NA
"NFATC2","219","219.00000000000000","1","0.3222084875807567638794637332466663792729377746582031250000000000000000000","0.554408016325561803228083590511232614517211914062500000000000000000000","2.052001265752791958619","TRRUST_Transcription_Factors_2019(rank=219, adjP=0.554)","NFATC2 mouse","377","2.052001265752791958619","enrichr","377","2.052001265752791958619","0.3222084875807567638794637332466663792729377746582031250000000000000000000","0.554408016325561803228083590511232614517211914062500000000000000000000","","3","ARCHS4--Coexpression(rank=135); Enrichr--Queries(rank=222); GTEx--Coexpression(rank=280)","319","0.08291999999999999","ARCHS4 Coexpression,0.08292"
"MYOG","219","277.50000000000000","2","0.5468387853759701933142878260696306824684143066406250000000000000000000000","0.632930022723790397520815531606785953044891357421875000000000000000000","0.798712366348288904661","ENCODE_TF_ChIP-seq_2015(rank=219, adjP=1); TRRUST_Transcription_Factors_2019(rank=336, adjP=0.633)","MYOG C2C12 mm9; MYOG mouse","378","0.798712366348288904661","enrichr","378","0.798712366348288904661","0.5468387853759701933142878260696306824684143066406250000000000000000000000","0.632930022723790397520815531606785953044891357421875000000000000000000","","4","ENCODE--ChIP-seq(rank=64); ARCHS4--Coexpression(rank=487); Enrichr--Queries(rank=801); GTEx--Coexpression(rank=918)","845","0.29909999999999992","ARCHS4 Coexpression,0.2991"
"APEX1","221","221.00000000000000","1","0.3267795360709860874592891377687919884920120239257812500000000000000000000","0.554408016325561803228083590511232614517211914062500000000000000000000","3.207875212978674728248","TRRUST_Transcription_Factors_2019(rank=221, adjP=0.554)","APEX1 human","379","3.207875212978674728248","enrichr","379","3.207875212978674728248","0.3267795360709860874592891377687919884920120239257812500000000000000000000","0.554408016325561803228083590511232614517211914062500000000000000000000","","0","",NA,NA,NA
"ZFP57","223","223.00000000000000","1","0.0018880600384324913460637462847557799250353127717971801757812500000000000","0.006343890131286144748457012099152052542194724082946777343750000000000","9.646654676882228329760","ChEA_2022(rank=223, adjP=0.00634)","ZFP57 27257070 Chip-Seq ESCs Mouse","380","9.646654676882228329760","enrichr","380","9.646654676882228329760","0.0018880600384324913460637462847557799250353127717971801757812500000000000","0.006343890131286144748457012099152052542194724082946777343750000000000","","3","Enrichr--Queries(rank=267); GTEx--Coexpression(rank=271); ARCHS4--Coexpression(rank=643)","560","0.16860000000000000","GTEx Coexpression,0.1686"
"CEBPE","223","223.00000000000000","1","0.3267795360709860874592891377687919884920120239257812500000000000000000000","0.554408016325561803228083590511232614517211914062500000000000000000000","3.207875212978674728248","TRRUST_Transcription_Factors_2019(rank=223, adjP=0.554)","CEBPE human","381","3.207875212978674728248","enrichr","381","3.207875212978674728248","0.3267795360709860874592891377687919884920120239257812500000000000000000000","0.554408016325561803228083590511232614517211914062500000000000000000000","","3","GTEx--Coexpression(rank=449); ARCHS4--Coexpression(rank=697); Enrichr--Queries(rank=844)","807","0.27939999999999998","GTEx Coexpression,0.2794"
"NMYC","225","225.00000000000000","1","0.0019011920053245898436927729946432918950449675321578979492187500000000000","0.006345756426661187422910703759271200397051870822906494140625000000000","8.616508101291129761989","ChEA_2022(rank=225, adjP=0.00635)","NMYC 18555785 Chip-Seq ESCs Mouse","382","8.616508101291129761989","enrichr","382","8.616508101291129761989","0.0019011920053245898436927729946432918950449675321578979492187500000000000","0.006345756426661187422910703759271200397051870822906494140625000000000","","0","",NA,NA,NA
"DACH1","225","484.50000000000000","2","0.3267795360709860874592891377687919884920120239257812500000000000000000000","0.554408016325561803228083590511232614517211914062500000000000000000000","3.207875212978674728248","TRRUST_Transcription_Factors_2019(rank=225, adjP=0.554); ChEA_2022(rank=744, adjP=1)","DACH1 mouse; DACH1 20351289 ChIP-Seq MDA-MB-231 Human","383","3.207875212978674728248","enrichr","383","3.207875212978674728248","0.3267795360709860874592891377687919884920120239257812500000000000000000000","0.554408016325561803228083590511232614517211914062500000000000000000000","","3","Enrichr--Queries(rank=48); ARCHS4--Coexpression(rank=144); Literature--ChIP-seq(rank=160)","150","0.03419000000000000","Enrichr Queries,0.03419"
"DPY","226","226.00000000000000","1","0.0019311523888726101101653842562200225074775516986846923828125000000000000","0.006417236478067833357896709856049710651859641075134277343750000000000","8.543397651100729461859","ChEA_2022(rank=226, adjP=0.00642)","DPY 21335234 ChIP-Seq ESCs Mouse","384","8.543397651100729461859","enrichr","384","8.543397651100729461859","0.0019311523888726101101653842562200225074775516986846923828125000000000000","0.006417236478067833357896709856049710651859641075134277343750000000000","","0","",NA,NA,NA
"E2F3","226","226.00000000000000","1","0.3267795360709860874592891377687919884920120239257812500000000000000000000","0.554408016325561803228083590511232614517211914062500000000000000000000","3.207875212978674728248","TRRUST_Transcription_Factors_2019(rank=226, adjP=0.554)","E2F3 mouse","385","3.207875212978674728248","enrichr","385","3.207875212978674728248","0.3267795360709860874592891377687919884920120239257812500000000000000000000","0.554408016325561803228083590511232614517211914062500000000000000000000","","3","GTEx--Coexpression(rank=805); Enrichr--Queries(rank=1262); ARCHS4--Coexpression(rank=1501)","1197","0.50090000000000001","GTEx Coexpression,0.5009"
"MAZ","226","240.50000000000000","2","0.3637858946586324804250978104391833767294883728027343750000000000000000000","0.555235621645095767107136452978011220693588256835937500000000000000000","2.485742885067020679912","ENCODE_TF_ChIP-seq_2015(rank=226, adjP=1); TRRUST_Transcription_Factors_2019(rank=255, adjP=0.555)","MAZ K562 hg19; MAZ human","386","2.485742885067020679912","enrichr","386","2.485742885067020679912","0.3637858946586324804250978104391833767294883728027343750000000000000000000","0.555235621645095767107136452978011220693588256835937500000000000000000","","5","ENCODE--ChIP-seq(rank=44); ReMap--ChIP-seq(rank=172); GTEx--Coexpression(rank=1130); Enrichr--Queries(rank=1357); ARCHS4--Coexpression(rank=1511)","985","0.37290000000000001","ENCODE ChIP-seq,0.3729"
"TFAP4","233","233.00000000000000","1","0.3267795360709860874592891377687919884920120239257812500000000000000000000","0.554408016325561803228083590511232614517211914062500000000000000000000","3.207875212978674728248","TRRUST_Transcription_Factors_2019(rank=233, adjP=0.554)","TFAP4 human","387","3.207875212978674728248","enrichr","387","3.207875212978674728248","0.3267795360709860874592891377687919884920120239257812500000000000000000000","0.554408016325561803228083590511232614517211914062500000000000000000000","","4","ReMap--ChIP-seq(rank=164); ARCHS4--Coexpression(rank=379); GTEx--Coexpression(rank=1196); Enrichr--Queries(rank=1276)","706","0.23280000000000001","ARCHS4 Coexpression,0.2328"
"TET1","236","236.00000000000000","1","0.0024128962193213318067341877082299106405116617679595947265625000000000000","0.007652714269401195493203182707020459929481148719787597656250000000000","8.153405748579583445235","ChEA_2022(rank=236, adjP=0.00765)","TET1 21490601 ChIP-Seq MESCs Mouse","388","8.153405748579583445235","enrichr","388","8.153405748579583445235","0.0024128962193213318067341877082299106405116617679595947265625000000000000","0.007652714269401195493203182707020459929481148719787597656250000000000","","3","Literature--ChIP-seq(rank=64); ARCHS4--Coexpression(rank=674); GTEx--Coexpression(rank=757)","1016","0.39019999999999999","Literature ChIP-seq,0.3902"
"SMRT","241","241.00000000000000","1","0.0025645295540318926996725679146038601174950599670410156250000000000000000","0.007991542303228018132021936992259725229814648628234863281250000000000","8.053487942151988931982","ChEA_2022(rank=241, adjP=0.00799)","SMRT 27268052 Chip-Seq Bcells Human","389","8.053487942151988931982","enrichr","389","8.053487942151988931982","0.0025645295540318926996725679146038601174950599670410156250000000000000000","0.007991542303228018132021936992259725229814648628234863281250000000000","","0","",NA,NA,NA
"TFAP2C","243","310.33333333333331","3","0.0027212418135711510976115778959183444385416805744171142578125000000000000","0.008380053566001155820885948344312055269256234169006347656250000000000","8.470263383014279057193","ChEA_2022(rank=243, adjP=0.00838); TRRUST_Transcription_Factors_2019(rank=303, adjP=0.562); ENCODE_TF_ChIP-seq_2015(rank=385, adjP=1)","TFAP2C 20629094 ChIP-Seq MCF-7 Human; TFAP2C human; TFAP2C HeLa-S3 hg19","390","8.470263383014279057193","enrichr","390","8.470263383014279057193","0.0027212418135711510976115778959183444385416805744171142578125000000000000","0.008380053566001155820885948344312055269256234169006347656250000000000","","6","Literature--ChIP-seq(rank=56); ENCODE--ChIP-seq(rank=83); ReMap--ChIP-seq(rank=135); Enrichr--Queries(rank=191); GTEx--Coexpression(rank=339); ARCHS4--Coexpression(rank=743)","481","0.13600000000000001","Enrichr Queries,0.136"
"NR5A1","245","245.00000000000000","1","0.3629820646731069522239465641177957877516746520996093750000000000000000000","0.555235621645095767107136452978011220693588256835937500000000000000000","1.661069324472896013845","TRRUST_Transcription_Factors_2019(rank=245, adjP=0.555)","NR5A1 mouse","391","1.661069324472896013845","enrichr","391","1.661069324472896013845","0.3629820646731069522239465641177957877516746520996093750000000000000000000","0.555235621645095767107136452978011220693588256835937500000000000000000","","3","GTEx--Coexpression(rank=428); ARCHS4--Coexpression(rank=457); Enrichr--Queries(rank=1046)","777","0.26629999999999998","GTEx Coexpression,0.2663"
"TRP63","245","275.00000000000000","2","0.0029650158458679560721793500022158696083351969718933105468750000000000000","0.009080389596278224187408945056176889920607209205627441406250000000000","15.244297480871951577797","ChEA_2022(rank=245, adjP=0.00908); TRRUST_Transcription_Factors_2019(rank=305, adjP=0.562)","TRP63 18441228 ChIP-ChIP KERATINOCYTES Mouse; TRP63 mouse","392","15.244297480871951577797","enrichr","392","15.244297480871951577797","0.0029650158458679560721793500022158696083351969718933105468750000000000000","0.009080389596278224187408945056176889920607209205627441406250000000000","","0","",NA,NA,NA
"CMYC","246","246.00000000000000","1","0.0029744019183547860951666308437779662199318408966064453125000000000000000","0.009080389596278224187408945056176889920607209205627441406250000000000","7.893079065918078285335","ChEA_2022(rank=246, adjP=0.00908)","CMYC 18555785 Chip-Seq ESCs Mouse","393","7.893079065918078285335","enrichr","393","7.893079065918078285335","0.0029744019183547860951666308437779662199318408966064453125000000000000000","0.009080389596278224187408945056176889920607209205627441406250000000000","","0","",NA,NA,NA
"CDX1","247","247.00000000000000","1","0.3637858946586324804250978104391833767294883728027343750000000000000000000","0.555235621645095767107136452978011220693588256835937500000000000000000","2.485742885067020679912","TRRUST_Transcription_Factors_2019(rank=247, adjP=0.555)","CDX1 human","394","2.485742885067020679912","enrichr","394","2.485742885067020679912","0.3637858946586324804250978104391833767294883728027343750000000000000000000","0.555235621645095767107136452978011220693588256835937500000000000000000","","3","ARCHS4--Coexpression(rank=142); GTEx--Coexpression(rank=346); Enrichr--Queries(rank=550)","334","0.08722000000000001","ARCHS4 Coexpression,0.08722"
"DMTF1","248","248.00000000000000","1","0.3637858946586324804250978104391833767294883728027343750000000000000000000","0.555235621645095767107136452978011220693588256835937500000000000000000","2.485742885067020679912","TRRUST_Transcription_Factors_2019(rank=248, adjP=0.555)","DMTF1 mouse","395","2.485742885067020679912","enrichr","395","2.485742885067020679912","0.3637858946586324804250978104391833767294883728027343750000000000000000000","0.555235621645095767107136452978011220693588256835937500000000000000000","","3","Enrichr--Queries(rank=923); GTEx--Coexpression(rank=1171); ARCHS4--Coexpression(rank=1352)","1426","0.65739999999999998","Enrichr Queries,0.6574"
"FOXD3","249","249.00000000000000","1","0.3637858946586324804250978104391833767294883728027343750000000000000000000","0.555235621645095767107136452978011220693588256835937500000000000000000","2.485742885067020679912","TRRUST_Transcription_Factors_2019(rank=249, adjP=0.555)","FOXD3 human","396","2.485742885067020679912","enrichr","396","2.485742885067020679912","0.3637858946586324804250978104391833767294883728027343750000000000000000000","0.555235621645095767107136452978011220693588256835937500000000000000000","","3","GTEx--Coexpression(rank=15); Enrichr--Queries(rank=344); ARCHS4--Coexpression(rank=690)","41","0.00933400000000000","GTEx Coexpression,0.009334"
"FOXF2","250","250.00000000000000","1","0.3637858946586324804250978104391833767294883728027343750000000000000000000","0.555235621645095767107136452978011220693588256835937500000000000000000","2.485742885067020679912","TRRUST_Transcription_Factors_2019(rank=250, adjP=0.555)","FOXF2 human","397","2.485742885067020679912","enrichr","397","2.485742885067020679912","0.3637858946586324804250978104391833767294883728027343750000000000000000000","0.555235621645095767107136452978011220693588256835937500000000000000000","","3","Enrichr--Queries(rank=80); GTEx--Coexpression(rank=120); ARCHS4--Coexpression(rank=476)","237","0.05698000000000000","Enrichr Queries,0.05698"
"FOXG1","251","251.00000000000000","1","0.3637858946586324804250978104391833767294883728027343750000000000000000000","0.555235621645095767107136452978011220693588256835937500000000000000000","2.485742885067020679912","TRRUST_Transcription_Factors_2019(rank=251, adjP=0.555)","FOXG1 mouse","398","2.485742885067020679912","enrichr","398","2.485742885067020679912","0.3637858946586324804250978104391833767294883728027343750000000000000000000","0.555235621645095767107136452978011220693588256835937500000000000000000","","3","GTEx--Coexpression(rank=97); ARCHS4--Coexpression(rank=168); Enrichr--Queries(rank=319)","249","0.06036000000000000","GTEx Coexpression,0.06036"
"HDAC5","253","253.00000000000000","1","0.3637858946586324804250978104391833767294883728027343750000000000000000000","0.555235621645095767107136452978011220693588256835937500000000000000000","2.485742885067020679912","TRRUST_Transcription_Factors_2019(rank=253, adjP=0.555)","HDAC5 human","399","2.485742885067020679912","enrichr","399","2.485742885067020679912","0.3637858946586324804250978104391833767294883728027343750000000000000000000","0.555235621645095767107136452978011220693588256835937500000000000000000","","0","",NA,NA,NA
"IRF2","254","254.00000000000000","1","0.3637858946586324804250978104391833767294883728027343750000000000000000000","0.555235621645095767107136452978011220693588256835937500000000000000000","2.485742885067020679912","TRRUST_Transcription_Factors_2019(rank=254, adjP=0.555)","IRF2 human","400","2.485742885067020679912","enrichr","400","2.485742885067020679912","0.3637858946586324804250978104391833767294883728027343750000000000000000000","0.555235621645095767107136452978011220693588256835937500000000000000000","","4","ARCHS4--Coexpression(rank=73); ReMap--ChIP-seq(rank=225); GTEx--Coexpression(rank=417); Enrichr--Queries(rank=564)","194","0.04484000000000000","ARCHS4 Coexpression,0.04484"
"HOXD13","256","256.00000000000000","1","0.0037879181892549185217689000637619756162166595458984375000000000000000000","0.011112213125509542988034183963463874533772468566894531250000000000000","12.680084509699145911554","ChEA_2022(rank=256, adjP=0.0111)","HOXD13 18407260 ChIP-ChIP DEVELOPING-LIMBS Mouse","401","12.680084509699145911554","enrichr","401","12.680084509699145911554","0.0037879181892549185217689000637619756162166595458984375000000000000000000","0.011112213125509542988034183963463874533772468566894531250000000000000","","4","Literature--ChIP-seq(rank=59); GTEx--Coexpression(rank=157); Enrichr--Queries(rank=261); ARCHS4--Coexpression(rank=1072)","374","0.09770000000000000","GTEx Coexpression,0.0977"
"NR0B2","257","257.00000000000000","1","0.3637858946586324804250978104391833767294883728027343750000000000000000000","0.555235621645095767107136452978011220693588256835937500000000000000000","2.485742885067020679912","TRRUST_Transcription_Factors_2019(rank=257, adjP=0.555)","NR0B2 human","402","2.485742885067020679912","enrichr","402","2.485742885067020679912","0.3637858946586324804250978104391833767294883728027343750000000000000000000","0.555235621645095767107136452978011220693588256835937500000000000000000","","0","",NA,NA,NA
"CHD4","258","337.50000000000000","2","0.0039102946344939520928463139171071816235780715942382812500000000000000000","0.011382291746143248858946783741430408554151654243469238281250000000000","7.164415183769146544535","ChEA_2022(rank=258, adjP=0.0114); ENCODE_TF_ChIP-seq_2015(rank=417, adjP=1)","CHD4 35695185 ChIP-Seq nicBasalRootGanglia Mouse Embryo; CHD4 K562 hg19","403","7.164415183769146544535","enrichr","403","7.164415183769146544535","0.0039102946344939520928463139171071816235780715942382812500000000000000000","0.011382291746143248858946783741430408554151654243469238281250000000000","","0","",NA,NA,NA
"SOX4","258","399.00000000000000","2","0.3637858946586324804250978104391833767294883728027343750000000000000000000","0.527100921924217757918995630461722612380981445312500000000000000000000","2.485742885067020679912","TRRUST_Transcription_Factors_2019(rank=258, adjP=0.555); ChEA_2022(rank=540, adjP=0.527)","SOX4 human; SOX4 29892750 ChIP-Seq EML Mouse BoneMarrow","404","2.485742885067020679912","enrichr","404","2.485742885067020679912","0.3637858946586324804250978104391833767294883728027343750000000000000000000","0.527100921924217757918995630461722612380981445312500000000000000000000","","3","ARCHS4--Coexpression(rank=455); Enrichr--Queries(rank=677); GTEx--Coexpression(rank=782)","808","0.27950000000000003","ARCHS4 Coexpression,0.2795"
"TBX1","259","259.00000000000000","1","0.3637858946586324804250978104391833767294883728027343750000000000000000000","0.555235621645095767107136452978011220693588256835937500000000000000000","2.485742885067020679912","TRRUST_Transcription_Factors_2019(rank=259, adjP=0.555)","TBX1 mouse","405","2.485742885067020679912","enrichr","405","2.485742885067020679912","0.3637858946586324804250978104391833767294883728027343750000000000000000000","0.555235621645095767107136452978011220693588256835937500000000000000000","","3","Enrichr--Queries(rank=147); GTEx--Coexpression(rank=875); ARCHS4--Coexpression(rank=898)","392","0.10470000000000000","Enrichr Queries,0.1047"
"TBL1","260","260.00000000000000","1","0.0040422657795976171118956798977706057485193014144897460937500000000000000","0.011675929232606963026341873046476393938064575195312500000000000000000","7.352559916004832274439","ChEA_2022(rank=260, adjP=0.0117)","TBL1 22424771 ChIP-Seq 293T Human","406","7.352559916004832274439","enrichr","406","7.352559916004832274439","0.0040422657795976171118956798977706057485193014144897460937500000000000000","0.011675929232606963026341873046476393938064575195312500000000000000000","","0","",NA,NA,NA
"ZIC3","264","264.00000000000000","1","0.0045476947475661345585140615810360031900927424430847167968750000000000000","0.012936813467508214564594126727570255752652883529663085937500000000000","10.014647669314918232431","ChEA_2022(rank=264, adjP=0.0129)","ZIC3 20872845 ChIP-ChIP MESCs Mouse","407","10.014647669314918232431","enrichr","407","10.014647669314918232431","0.0045476947475661345585140615810360031900927424430847167968750000000000000","0.012936813467508214564594126727570255752652883529663085937500000000000","","4","Literature--ChIP-seq(rank=69); GTEx--Coexpression(rank=116); Enrichr--Queries(rank=133); ARCHS4--Coexpression(rank=280)","290","0.07217999999999999","GTEx Coexpression,0.07218"
"MTA1","264","264.00000000000000","1","0.3830248695690005589220561432739486917853355407714843750000000000000000000","0.555235621645095767107136452978011220693588256835937500000000000000000","1.501395003689134366454","TRRUST_Transcription_Factors_2019(rank=264, adjP=0.555)","MTA1 human","408","1.501395003689134366454","enrichr","408","1.501395003689134366454","0.3830248695690005589220561432739486917853355407714843750000000000000000000","0.555235621645095767107136452978011220693588256835937500000000000000000","","0","",NA,NA,NA
"PITX2","265","265.00000000000000","1","0.3830248695690005589220561432739486917853355407714843750000000000000000000","0.555235621645095767107136452978011220693588256835937500000000000000000","1.501395003689134366454","TRRUST_Transcription_Factors_2019(rank=265, adjP=0.555)","PITX2 mouse","409","1.501395003689134366454","enrichr","409","1.501395003689134366454","0.3830248695690005589220561432739486917853355407714843750000000000000000000","0.555235621645095767107136452978011220693588256835937500000000000000000","","3","Enrichr--Queries(rank=54); ARCHS4--Coexpression(rank=126); GTEx--Coexpression(rank=930)","168","0.03846000000000000","Enrichr Queries,0.03846"
"PU1","268","268.00000000000000","1","0.0051336587033148327330334126372690661810338497161865234375000000000000000","0.014338688602408588765313446344862313708290457725524902343750000000000","7.013314038010489248620","ChEA_2022(rank=268, adjP=0.0143)","PU1 27457419 Chip-Seq LIVER Mouse","410","7.013314038010489248620","enrichr","410","7.013314038010489248620","0.0051336587033148327330334126372690661810338497161865234375000000000000000","0.014338688602408588765313446344862313708290457725524902343750000000000","","0","",NA,NA,NA
"BTF3","268","268.00000000000000","1","0.3987597904996321718229523867194075137376785278320312500000000000000000000","0.555235621645095767107136452978011220693588256835937500000000000000000","1.977476092009768926516","TRRUST_Transcription_Factors_2019(rank=268, adjP=0.555)","BTF3 human","411","1.977476092009768926516","enrichr","411","1.977476092009768926516","0.3987597904996321718229523867194075137376785278320312500000000000000000000","0.555235621645095767107136452978011220693588256835937500000000000000000","","0","",NA,NA,NA
"PHOX2B","269","269.00000000000000","1","0.0051359616964685847126381723626309394603595137596130371093750000000000000","0.014338688602408588765313446344862313708290457725524902343750000000000","7.678366969159064581163","ChEA_2022(rank=269, adjP=0.0143)","PHOX2B 30127528 ChIP-Seq BE2C Human Brain Neuroblastoma","412","7.678366969159064581163","enrichr","412","7.678366969159064581163","0.0051359616964685847126381723626309394603595137596130371093750000000000000","0.014338688602408588765313446344862313708290457725524902343750000000000","","3","ARCHS4--Coexpression(rank=120); GTEx--Coexpression(rank=385); Enrichr--Queries(rank=793)","296","0.07371000000000000","ARCHS4 Coexpression,0.07371"
"DLX5","269","269.00000000000000","1","0.3987597904996321718229523867194075137376785278320312500000000000000000000","0.555235621645095767107136452978011220693588256835937500000000000000000","1.977476092009768926516","TRRUST_Transcription_Factors_2019(rank=269, adjP=0.555)","DLX5 mouse","413","1.977476092009768926516","enrichr","413","1.977476092009768926516","0.3987597904996321718229523867194075137376785278320312500000000000000000000","0.555235621645095767107136452978011220693588256835937500000000000000000","","3","GTEx--Coexpression(rank=302); Enrichr--Queries(rank=352); ARCHS4--Coexpression(rank=574)","608","0.18790000000000001","GTEx Coexpression,0.1879"
"EGFP-JUND","271","271.00000000000000","1","0.9983099310442989926528412070183549076318740844726562500000000000000000000","0.999995201574610415029553678323281928896903991699218750000000000000000","0.001224260759783731174","ENCODE_TF_ChIP-seq_2015(rank=271, adjP=1)","eGFP-JUND K562 hg19","414","0.001224260759783731174","enrichr","414","0.001224260759783731174","0.9983099310442989926528412070183549076318740844726562500000000000000000000","0.999995201574610415029553678323281928896903991699218750000000000000000","","0","",NA,NA,NA
"ELF3","271","318.00000000000000","2","0.0374057788716053024602459231573448050767183303833007812500000000000000000","0.076963671048152312859080836915381951257586479187011718750000000000000","3.990910586849885532956","TRRUST_Transcription_Factors_2019(rank=271, adjP=0.555); ChEA_2022(rank=365, adjP=0.077)","ELF3 human; ELF3 26769127 Chip-Seq PDAC-Cell Line Human","415","3.990910586849885532956","enrichr","415","3.990910586849885532956","0.0374057788716053024602459231573448050767183303833007812500000000000000000","0.076963671048152312859080836915381951257586479187011718750000000000000","","4","ReMap--ChIP-seq(rank=40); ARCHS4--Coexpression(rank=200); GTEx--Coexpression(rank=344); Enrichr--Queries(rank=411)","445","0.12290000000000000","ARCHS4 Coexpression,0.1229"
"NEUROD2","273","273.00000000000000","1","0.0054956662382978334682737120431283983634784817695617675781250000000000000","0.015118114816709422518203886909304856089875102043151855468750000000000","6.921971075249699900667","ChEA_2022(rank=273, adjP=0.0151)","NEUROD2 26341353 ChIP-Seq CORTEX Mouse","416","6.921971075249699900667","enrichr","416","6.921971075249699900667","0.0054956662382978334682737120431283983634784817695617675781250000000000000","0.015118114816709422518203886909304856089875102043151855468750000000000","","4","GTEx--Coexpression(rank=18); Literature--ChIP-seq(rank=71); Enrichr--Queries(rank=436); ARCHS4--Coexpression(rank=766)","50","0.01120000000000000","GTEx Coexpression,0.0112"
"EWSR1","273","273.00000000000000","1","0.3987597904996321718229523867194075137376785278320312500000000000000000000","0.555235621645095767107136452978011220693588256835937500000000000000000","1.977476092009768926516","TRRUST_Transcription_Factors_2019(rank=273, adjP=0.555)","EWSR1 human","417","1.977476092009768926516","enrichr","417","1.977476092009768926516","0.3987597904996321718229523867194075137376785278320312500000000000000000000","0.555235621645095767107136452978011220693588256835937500000000000000000","","0","",NA,NA,NA
"HIPK2","275","275.00000000000000","1","0.3987597904996321718229523867194075137376785278320312500000000000000000000","0.555235621645095767107136452978011220693588256835937500000000000000000","1.977476092009768926516","TRRUST_Transcription_Factors_2019(rank=275, adjP=0.555)","HIPK2 human","418","1.977476092009768926516","enrichr","418","1.977476092009768926516","0.3987597904996321718229523867194075137376785278320312500000000000000000000","0.555235621645095767107136452978011220693588256835937500000000000000000","","0","",NA,NA,NA
"MEN1","277","277.00000000000000","1","0.3987597904996321718229523867194075137376785278320312500000000000000000000","0.555235621645095767107136452978011220693588256835937500000000000000000","1.977476092009768926516","TRRUST_Transcription_Factors_2019(rank=277, adjP=0.555)","MEN1 mouse","419","1.977476092009768926516","enrichr","419","1.977476092009768926516","0.3987597904996321718229523867194075137376785278320312500000000000000000000","0.555235621645095767107136452978011220693588256835937500000000000000000","","0","",NA,NA,NA
"PU.1","278","278.00000000000000","1","0.0059687416817686836725820320737057045334950089454650878906250000000000000","0.016124190658303162032582989127149630803614854812622070312500000000000","6.798393800792132068977","ChEA_2022(rank=278, adjP=0.0161)","PU.1 20176806 ChIP-Seq MACROPHAGES Mouse","420","6.798393800792132068977","enrichr","420","6.798393800792132068977","0.0059687416817686836725820320737057045334950089454650878906250000000000000","0.016124190658303162032582989127149630803614854812622070312500000000000","","0","",NA,NA,NA
"NCOA3","278","278.00000000000000","1","0.3987597904996321718229523867194075137376785278320312500000000000000000000","0.555235621645095767107136452978011220693588256835937500000000000000000","1.977476092009768926516","TRRUST_Transcription_Factors_2019(rank=278, adjP=0.555)","NCOA3 mouse","421","1.977476092009768926516","enrichr","421","1.977476092009768926516","0.3987597904996321718229523867194075137376785278320312500000000000000000000","0.555235621645095767107136452978011220693588256835937500000000000000000","","4","ReMap--ChIP-seq(rank=161); ARCHS4--Coexpression(rank=619); Enrichr--Queries(rank=1020); GTEx--Coexpression(rank=1024)","1000","0.38019999999999998","ARCHS4 Coexpression,0.3802"
"NKX2-5","279","417.50000000000000","2","0.3987597904996321718229523867194075137376785278320312500000000000000000000","0.555235621645095767107136452978011220693588256835937500000000000000000","1.977476092009768926516","TRRUST_Transcription_Factors_2019(rank=279, adjP=0.555); ChEA_2022(rank=556, adjP=0.615)","NKX2-5 human; NKX2-5 21415370 ChIP-Seq HL-1 Mouse","422","1.977476092009768926516","enrichr","422","1.977476092009768926516","0.3987597904996321718229523867194075137376785278320312500000000000000000000","0.555235621645095767107136452978011220693588256835937500000000000000000","","0","",NA,NA,NA
"SMAD7","282","282.00000000000000","1","0.3987597904996321718229523867194075137376785278320312500000000000000000000","0.555235621645095767107136452978011220693588256835937500000000000000000","1.977476092009768926516","TRRUST_Transcription_Factors_2019(rank=282, adjP=0.555)","SMAD7 human","423","1.977476092009768926516","enrichr","423","1.977476092009768926516","0.3987597904996321718229523867194075137376785278320312500000000000000000000","0.555235621645095767107136452978011220693588256835937500000000000000000","","0","",NA,NA,NA
"POLR2APHOSPHOS5","282","282.00000000000000","1","0.9989780233567520095760983167565427720546722412109375000000000000000000000","0.999995201574610415029553678323281928896903991699218750000000000000000","0.000696059230486819149","ENCODE_TF_ChIP-seq_2015(rank=282, adjP=1)","POLR2AphosphoS5 HCT116 hg19","424","0.000696059230486819149","enrichr","424","0.000696059230486819149","0.9989780233567520095760983167565427720546722412109375000000000000000000000","0.999995201574610415029553678323281928896903991699218750000000000000000","","0","",NA,NA,NA
"OCT1","283","283.00000000000000","1","0.0069063652400771675943236260764024336822330951690673828125000000000000000","0.018327492209533398359599942750719492323696613311767578125000000000000","6.508932804927545667795","ChEA_2022(rank=283, adjP=0.0183)","OCT1 27270436 Chip-Seq PROSTATE Human","425","6.508932804927545667795","enrichr","425","6.508932804927545667795","0.0069063652400771675943236260764024336822330951690673828125000000000000000","0.018327492209533398359599942750719492323696613311767578125000000000000","","0","",NA,NA,NA
"LXR","287","287.00000000000000","1","0.0073465957437222643641727692909171310020610690116882324218750000000000000","0.019198509020395042312667754913491080515086650848388671875000000000000","6.419619641086642403138","ChEA_2022(rank=287, adjP=0.0192)","LXR 22158963 ChIP-Seq LIVER Mouse","426","6.419619641086642403138","enrichr","426","6.419619641086642403138","0.0073465957437222643641727692909171310020610690116882324218750000000000000","0.019198509020395042312667754913491080515086650848388671875000000000000","","0","",NA,NA,NA
"LUZP1","288","288.00000000000000","1","0.0073624109159437694030470034078916796715930104255676269531250000000000000","0.019198509020395042312667754913491080515086650848388671875000000000000","6.463677086306788055481","ChEA_2022(rank=288, adjP=0.0192)","LUZP1 20508642 ChIP-Seq ESCs Mouse","427","6.463677086306788055481","enrichr","427","6.463677086306788055481","0.0073624109159437694030470034078916796715930104255676269531250000000000000","0.019198509020395042312667754913491080515086650848388671875000000000000","","0","",NA,NA,NA
"TWIST2","288","288.00000000000000","1","0.4027905769113037104389718479069415479898452758789062500000000000000000000","0.555235621645095767107136452978011220693588256835937500000000000000000","1.360746100956930604298","TRRUST_Transcription_Factors_2019(rank=288, adjP=0.555)","TWIST2 human","428","1.360746100956930604298","enrichr","428","1.360746100956930604298","0.4027905769113037104389718479069415479898452758789062500000000000000000000","0.555235621645095767107136452978011220693588256835937500000000000000000","","2","ARCHS4--Coexpression(rank=12); GTEx--Coexpression(rank=13)","33","0.00737100000000000","ARCHS4 Coexpression,0.007371"
"PAX6","292","419.00000000000000","2","0.3988480759575941392292008913500467315316200256347656250000000000000000000","0.548598727187093682111651560262544080615043640136718750000000000000000","1.109510719221396435330","TRRUST_Transcription_Factors_2019(rank=292, adjP=0.562); ChEA_2022(rank=546, adjP=0.549)","PAX6 mouse; PAX6 23342162 ChIP-ChIP BETA-FORBRAIN-LENS Mouse","429","1.109510719221396435330","enrichr","429","1.109510719221396435330","0.3988480759575941392292008913500467315316200256347656250000000000000000000","0.548598727187093682111651560262544080615043640136718750000000000000000","","5","GTEx--Coexpression(rank=40); Enrichr--Queries(rank=60); Literature--ChIP-seq(rank=121); ReMap--ChIP-seq(rank=264); ARCHS4--Coexpression(rank=386)","107","0.02489000000000000","GTEx Coexpression,0.02489"
"PU","293","293.00000000000000","1","0.0090223191494377633775636482482696010265499353408813476562500000000000000","0.023125466488831965261585565940549713559448719024658203125000000000000","6.106618087360539348651","ChEA_2022(rank=293, adjP=0.0231)","PU 27001747 Chip-Seq BMDM Mouse","430","6.106618087360539348651","enrichr","430","6.106618087360539348651","0.0090223191494377633775636482482696010265499353408813476562500000000000000","0.023125466488831965261585565940549713559448719024658203125000000000000","","0","",NA,NA,NA
"ABL1","293","293.00000000000000","1","0.4318127542005583130446666473289951682090759277343750000000000000000000000","0.562064470221710354991273561608977615833282470703125000000000000000000","1.605424694268714480572","TRRUST_Transcription_Factors_2019(rank=293, adjP=0.562)","ABL1 human","431","1.605424694268714480572","enrichr","431","1.605424694268714480572","0.4318127542005583130446666473289951682090759277343750000000000000000000000","0.562064470221710354991273561608977615833282470703125000000000000000000","","0","",NA,NA,NA
"EOMES","295","295.00000000000000","1","0.0099745462719628939785021515262997127138078212738037109375000000000000000","0.025392827966929241295668262523577141109853982925415039062500000000000","6.472347636718398078415","ChEA_2022(rank=295, adjP=0.0254)","EOMES 21245162 ChIP-Seq HESCs Human","432","6.472347636718398078415","enrichr","432","6.472347636718398078415","0.0099745462719628939785021515262997127138078212738037109375000000000000000","0.025392827966929241295668262523577141109853982925415039062500000000000","","5","ReMap--ChIP-seq(rank=13); Literature--ChIP-seq(rank=67); ARCHS4--Coexpression(rank=204); Enrichr--Queries(rank=404); GTEx--Coexpression(rank=512)","190","0.04377000000000000","ReMap ChIP-seq,0.04377"
"MYF5","295","295.00000000000000","1","0.4318127542005583130446666473289951682090759277343750000000000000000000000","0.562064470221710354991273561608977615833282470703125000000000000000000","1.605424694268714480572","TRRUST_Transcription_Factors_2019(rank=295, adjP=0.562)","MYF5 mouse","433","1.605424694268714480572","enrichr","433","1.605424694268714480572","0.4318127542005583130446666473289951682090759277343750000000000000000000000","0.562064470221710354991273561608977615833282470703125000000000000000000","","3","ARCHS4--Coexpression(rank=199); Enrichr--Queries(rank=647); GTEx--Coexpression(rank=883)","442","0.12220000000000000","ARCHS4 Coexpression,0.1222"
"NFIB","297","297.00000000000000","1","0.0106525942224170531297255948288693616632372140884399414062500000000000000","0.026936357781263343263988829789923329371958971023559570312500000000000","7.031465582627640209523","ChEA_2022(rank=297, adjP=0.0269)","NFIB 24661679 ChIP-Seq LUNG Mouse","434","7.031465582627640209523","enrichr","434","7.031465582627640209523","0.0106525942224170531297255948288693616632372140884399414062500000000000000","0.026936357781263343263988829789923329371958971023559570312500000000000","","4","Literature--ChIP-seq(rank=74); Enrichr--Queries(rank=130); ARCHS4--Coexpression(rank=189); GTEx--Coexpression(rank=697)","354","0.09259000000000001","Enrichr Queries,0.09259"
"SMAD5","297","297.00000000000000","1","0.4318127542005583130446666473289951682090759277343750000000000000000000000","0.562064470221710354991273561608977615833282470703125000000000000000000","1.605424694268714480572","TRRUST_Transcription_Factors_2019(rank=297, adjP=0.562)","SMAD5 mouse","435","1.605424694268714480572","enrichr","435","1.605424694268714480572","0.4318127542005583130446666473289951682090759277343750000000000000000000000","0.562064470221710354991273561608977615833282470703125000000000000000000","","4","ReMap--ChIP-seq(rank=288); ARCHS4--Coexpression(rank=598); GTEx--Coexpression(rank=1178); Enrichr--Queries(rank=1201)","972","0.36730000000000002","ARCHS4 Coexpression,0.3673"
"ZFX","298","298.00000000000000","1","0.0108895780344763735969504381273509352467954158782958984375000000000000000","0.027443198335207218130360473651307984255254268646240234375000000000000","5.857346264066985774832","ChEA_2022(rank=298, adjP=0.0274)","ZFX 18555785 Chip-Seq ESCs Mouse","436","5.857346264066985774832","enrichr","436","5.857346264066985774832","0.0108895780344763735969504381273509352467954158782958984375000000000000000","0.027443198335207218130360473651307984255254268646240234375000000000000","","5","Literature--ChIP-seq(rank=158); ReMap--ChIP-seq(rank=278); Enrichr--Queries(rank=1353); GTEx--Coexpression(rank=1353); ARCHS4--Coexpression(rank=1526)","1579","0.84189999999999998","GTEx Coexpression,0.8419"
"SNAI2","298","298.00000000000000","1","0.4318127542005583130446666473289951682090759277343750000000000000000000000","0.562064470221710354991273561608977615833282470703125000000000000000000","1.605424694268714480572","TRRUST_Transcription_Factors_2019(rank=298, adjP=0.562)","SNAI2 mouse","437","1.605424694268714480572","enrichr","437","1.605424694268714480572","0.4318127542005583130446666473289951682090759277343750000000000000000000000","0.562064470221710354991273561608977615833282470703125000000000000000000","","4","ARCHS4--Coexpression(rank=17); Enrichr--Queries(rank=46); ReMap--ChIP-seq(rank=103); GTEx--Coexpression(rank=257)","46","0.01044000000000000","ARCHS4 Coexpression,0.01044"
"TBX21","301","301.00000000000000","1","0.4318127542005583130446666473289951682090759277343750000000000000000000000","0.562064470221710354991273561608977615833282470703125000000000000000000","1.605424694268714480572","TRRUST_Transcription_Factors_2019(rank=301, adjP=0.562)","TBX21 mouse","438","1.605424694268714480572","enrichr","438","1.605424694268714480572","0.4318127542005583130446666473289951682090759277343750000000000000000000000","0.562064470221710354991273561608977615833282470703125000000000000000000","","4","ReMap--ChIP-seq(rank=76); GTEx--Coexpression(rank=242); ARCHS4--Coexpression(rank=268); Enrichr--Queries(rank=525)","519","0.15060000000000001","GTEx Coexpression,0.1506"
"TFDP1","304","304.00000000000000","1","0.4318127542005583130446666473289951682090759277343750000000000000000000000","0.562064470221710354991273561608977615833282470703125000000000000000000","1.605424694268714480572","TRRUST_Transcription_Factors_2019(rank=304, adjP=0.562)","TFDP1 human","439","1.605424694268714480572","enrichr","439","1.605424694268714480572","0.4318127542005583130446666473289951682090759277343750000000000000000000000","0.562064470221710354991273561608977615833282470703125000000000000000000","","4","ReMap--ChIP-seq(rank=289); Enrichr--Queries(rank=1347); ARCHS4--Coexpression(rank=1595); GTEx--Coexpression(rank=1605)","1630","0.95940000000000003","Enrichr Queries,0.9594"
"RARB","306","306.00000000000000","1","0.0130750048463846111485020529130451905075460672378540039062500000000000000","0.032077839521675609313344779138787998817861080169677734375000000000000","5.531467664853725985097","ChEA_2022(rank=306, adjP=0.0321)","RARB 27405468 Chip-Seq BRAIN Mouse","440","5.531467664853725985097","enrichr","440","5.531467664853725985097","0.0130750048463846111485020529130451905075460672378540039062500000000000000","0.032077839521675609313344779138787998817861080169677734375000000000000","","4","Enrichr--Queries(rank=44); GTEx--Coexpression(rank=104); ARCHS4--Coexpression(rank=112); Literature--ChIP-seq(rank=120)","138","0.03134000000000000","Enrichr Queries,0.03134"
"GTF3C2","308","467.50000000000000","2","0.8347417590021892763729738362599164247512817382812500000000000000000000000","0.999826253605492265563725595711730420589447021484375000000000000000000","0.160034298958593335094","ENCODE_TF_ChIP-seq_2015(rank=308, adjP=1); ChEA_2022(rank=627, adjP=1)","GTF3C2 K562 hg19; GTF3C2 35216376 ChIP-Seq H9 Human BoneMarrow Lymphoma","441","0.160034298958593335094","enrichr","441","0.160034298958593335094","0.8347417590021892763729738362599164247512817382812500000000000000000000000","0.999826253605492265563725595711730420589447021484375000000000000000000","","0","",NA,NA,NA
"CITED2","309","309.00000000000000","1","0.4630502014924418596741872988786781206727027893066406250000000000000000000","0.574471656226560600799757594359107315540313720703125000000000000000000","1.324640712349473004039","TRRUST_Transcription_Factors_2019(rank=309, adjP=0.574)","CITED2 mouse","442","1.324640712349473004039","enrichr","442","1.324640712349473004039","0.4630502014924418596741872988786781206727027893066406250000000000000000000","0.574471656226560600799757594359107315540313720703125000000000000000000","","0","",NA,NA,NA
"NERF2","310","310.00000000000000","1","0.0136877700732543610556701807468016340862959623336791992187500000000000000","0.033159726854883948832242168691664119251072406768798828125000000000000","5.779415507719504851991","ChEA_2022(rank=310, adjP=0.0332)","Nerf2 26677805 Chip-Seq MACROPHAGESS Mouse","443","5.779415507719504851991","enrichr","443","5.779415507719504851991","0.0136877700732543610556701807468016340862959623336791992187500000000000000","0.033159726854883948832242168691664119251072406768798828125000000000000","","0","",NA,NA,NA
"ID1","310","310.00000000000000","1","0.4630502014924418596741872988786781206727027893066406250000000000000000000","0.574471656226560600799757594359107315540313720703125000000000000000000","1.324640712349473004039","TRRUST_Transcription_Factors_2019(rank=310, adjP=0.574)","ID1 mouse","444","1.324640712349473004039","enrichr","444","1.324640712349473004039","0.4630502014924418596741872988786781206727027893066406250000000000000000000","0.574471656226560600799757594359107315540313720703125000000000000000000","","0","",NA,NA,NA
"ESET","311","311.00000000000000","1","0.0143167938785508826182724106956811738200485706329345703125000000000000000","0.034572064960745024775334854894026648253202438354492187500000000000000","5.490580964643397621217","ChEA_2022(rank=311, adjP=0.0346)","ESET 19884257 ChIP-Seq ESCs Mouse","445","5.490580964643397621217","enrichr","445","5.490580964643397621217","0.0143167938785508826182724106956811738200485706329345703125000000000000000","0.034572064960745024775334854894026648253202438354492187500000000000000","","0","",NA,NA,NA
"KLF2","312","417.50000000000000","2","0.3246480650466698203437942993332399055361747741699218750000000000000000000","0.464401327333426650056935613974928855895996093750000000000000000000000","1.471389062465735753094","TRRUST_Transcription_Factors_2019(rank=312, adjP=0.574); ChEA_2022(rank=523, adjP=0.464)","KLF2 human; KLF2 18264089 ChIP-ChIP MESCs Mouse","446","1.471389062465735753094","enrichr","446","1.471389062465735753094","0.3246480650466698203437942993332399055361747741699218750000000000000000000","0.464401327333426650056935613974928855895996093750000000000000000000000","","4","Literature--ChIP-seq(rank=118); GTEx--Coexpression(rank=375); ARCHS4--Coexpression(rank=385); Enrichr--Queries(rank=477)","708","0.23340000000000000","GTEx Coexpression,0.2334"
"DNAJC2","313","313.00000000000000","1","0.0149269695306723168548579394609987502917647361755371093750000000000000000","0.035815188873913453293518216469237813726067543029785156250000000000000","5.852444945076960891583","ChEA_2022(rank=313, adjP=0.0358)","DNAJC2 21179169 ChIP-ChIP NT2 Human","447","5.852444945076960891583","enrichr","447","5.852444945076960891583","0.0149269695306723168548579394609987502917647361755371093750000000000000000","0.035815188873913453293518216469237813726067543029785156250000000000000","","0","",NA,NA,NA
"MECP2","314","314.00000000000000","1","0.4630502014924418596741872988786781206727027893066406250000000000000000000","0.574471656226560600799757594359107315540313720703125000000000000000000","1.324640712349473004039","TRRUST_Transcription_Factors_2019(rank=314, adjP=0.574)","MECP2 human","448","1.324640712349473004039","enrichr","448","1.324640712349473004039","0.4630502014924418596741872988786781206727027893066406250000000000000000000","0.574471656226560600799757594359107315540313720703125000000000000000000","","3","ARCHS4--Coexpression(rank=782); GTEx--Coexpression(rank=985); Enrichr--Queries(rank=987)","1164","0.48030000000000000","ARCHS4 Coexpression,0.4803"
"NEUROD1","316","316.00000000000000","1","0.4630502014924418596741872988786781206727027893066406250000000000000000000","0.574471656226560600799757594359107315540313720703125000000000000000000","1.324640712349473004039","TRRUST_Transcription_Factors_2019(rank=316, adjP=0.574)","NEUROD1 mouse","449","1.324640712349473004039","enrichr","449","1.324640712349473004039","0.4630502014924418596741872988786781206727027893066406250000000000000000000","0.574471656226560600799757594359107315540313720703125000000000000000000","","4","ReMap--ChIP-seq(rank=79); GTEx--Coexpression(rank=87); ARCHS4--Coexpression(rank=397); Enrichr--Queries(rank=499)","227","0.05414000000000000","GTEx Coexpression,0.05414"
"PBX1","317","317.00000000000000","1","0.0160284436151530464143011300848229438997805118560791015625000000000000000","0.037972748122965097050673932699282886460423469543457031250000000000000","5.219587837172188216073","ChEA_2022(rank=317, adjP=0.038)","PBX1 22567123 ChIP-ChIP OVCAR3 Human","450","5.219587837172188216073","enrichr","450","5.219587837172188216073","0.0160284436151530464143011300848229438997805118560791015625000000000000000","0.037972748122965097050673932699282886460423469543457031250000000000000","","4","ARCHS4--Coexpression(rank=11); GTEx--Coexpression(rank=23); Enrichr--Queries(rank=62); Literature--ChIP-seq(rank=90)","30","0.00675700000000000","ARCHS4 Coexpression,0.006757"
"NKX2-1","317","317.00000000000000","1","0.4630502014924418596741872988786781206727027893066406250000000000000000000","0.574471656226560600799757594359107315540313720703125000000000000000000","1.324640712349473004039","TRRUST_Transcription_Factors_2019(rank=317, adjP=0.574)","NKX2-1 mouse","451","1.324640712349473004039","enrichr","451","1.324640712349473004039","0.4630502014924418596741872988786781206727027893066406250000000000000000000","0.574471656226560600799757594359107315540313720703125000000000000000000","","0","",NA,NA,NA
"P63","320","320.00000000000000","1","0.0169889263301051633703320220547539065591990947723388671875000000000000000","0.039870886480965581077917647689901059493422508239746093750000000000000","5.137981084512121654484","ChEA_2022(rank=320, adjP=0.0399)","P63 26484246 Chip-Seq KERATINOCYTES Human","452","5.137981084512121654484","enrichr","452","5.137981084512121654484","0.0169889263301051633703320220547539065591990947723388671875000000000000000","0.039870886480965581077917647689901059493422508239746093750000000000000","","0","",NA,NA,NA
"POU1F1","320","320.00000000000000","1","0.4630502014924418596741872988786781206727027893066406250000000000000000000","0.574471656226560600799757594359107315540313720703125000000000000000000","1.324640712349473004039","TRRUST_Transcription_Factors_2019(rank=320, adjP=0.574)","POU1F1 human","453","1.324640712349473004039","enrichr","453","1.324640712349473004039","0.4630502014924418596741872988786781206727027893066406250000000000000000000","0.574471656226560600799757594359107315540313720703125000000000000000000","","3","GTEx--Coexpression(rank=696); Enrichr--Queries(rank=705); ARCHS4--Coexpression(rank=907)","1087","0.43309999999999998","GTEx Coexpression,0.4331"
"TAF2","321","321.00000000000000","1","0.0173320476989574749626665806090386467985808849334716796875000000000000000","0.040549432467031354399011888745008036494255065917968750000000000000000","5.118643001359028055219","ChEA_2022(rank=321, adjP=0.0405)","TAF2 19829295 ChIP-Seq ESCs Human","454","5.118643001359028055219","enrichr","454","5.118643001359028055219","0.0173320476989574749626665806090386467985808849334716796875000000000000000","0.040549432467031354399011888745008036494255065917968750000000000000000","","0","",NA,NA,NA
"SAP30","327","327.00000000000000","1","0.9998960640196890015118924566195346415042877197265625000000000000000000000","0.999995201574610415029553678323281928896903991699218750000000000000000","0.000068136893063592072","ENCODE_TF_ChIP-seq_2015(rank=327, adjP=1)","SAP30 K562 hg19","455","0.000068136893063592072","enrichr","455","0.000068136893063592072","0.9998960640196890015118924566195346415042877197265625000000000000000000000","0.999995201574610415029553678323281928896903991699218750000000000000000","","0","",NA,NA,NA
"DNMT1","328","328.00000000000000","1","0.5141518844745068816948219136975239962339401245117187500000000000000000000","0.618644418453058730911209295300068333745002746582031250000000000000000","0.789258755840135162174","TRRUST_Transcription_Factors_2019(rank=328, adjP=0.619)","DNMT1 human","456","0.789258755840135162174","enrichr","456","0.789258755840135162174","0.5141518844745068816948219136975239962339401245117187500000000000000000000","0.618644418453058730911209295300068333745002746582031250000000000000000","","2","ARCHS4--Coexpression(rank=1360); GTEx--Coexpression(rank=1591)","1572","0.83540000000000003","ARCHS4 Coexpression,0.8354"
"KAT2B","331","486.00000000000000","2","0.5204716266078630582114783464930951595306396484375000000000000000000000000","0.618644418453058730911209295300068333745002746582031250000000000000000","0.936163704514780481425","TRRUST_Transcription_Factors_2019(rank=331, adjP=0.619); ENCODE_TF_ChIP-seq_2015(rank=641, adjP=1)","KAT2B human; KAT2B K562 hg19","457","0.936163704514780481425","enrichr","457","0.936163704514780481425","0.5204716266078630582114783464930951595306396484375000000000000000000000000","0.618644418453058730911209295300068333745002746582031250000000000000000","","0","",NA,NA,NA
"ERA","332","332.00000000000000","1","0.0216122111745899563028938672459844383411109447479248046875000000000000000","0.048887863229268260778503929486760171130299568176269531250000000000000","5.171206857862185479746","ChEA_2022(rank=332, adjP=0.0489)","ERA 27197147 Chip-Seq ENDOMETRIOID-ADENOCARCINOMA Human","458","5.171206857862185479746","enrichr","458","5.171206857862185479746","0.0216122111745899563028938672459844383411109447479248046875000000000000000","0.048887863229268260778503929486760171130299568176269531250000000000000","","0","",NA,NA,NA
"NFYC","333","333.00000000000000","1","0.5204716266078630582114783464930951595306396484375000000000000000000000000","0.618644418453058730911209295300068333745002746582031250000000000000000","0.936163704514780481425","TRRUST_Transcription_Factors_2019(rank=333, adjP=0.619)","NFYC human","459","0.936163704514780481425","enrichr","459","0.936163704514780481425","0.5204716266078630582114783464930951595306396484375000000000000000000000000","0.618644418453058730911209295300068333745002746582031250000000000000000","","3","ARCHS4--Coexpression(rank=423); GTEx--Coexpression(rank=674); Enrichr--Queries(rank=1315)","765","0.25979999999999998","ARCHS4 Coexpression,0.2598"
"TP73","334","334.00000000000000","1","0.5204716266078630582114783464930951595306396484375000000000000000000000000","0.618644418453058730911209295300068333745002746582031250000000000000000","0.936163704514780481425","TRRUST_Transcription_Factors_2019(rank=334, adjP=0.619)","TP73 human","460","0.936163704514780481425","enrichr","460","0.936163704514780481425","0.5204716266078630582114783464930951595306396484375000000000000000000000000","0.618644418453058730911209295300068333745002746582031250000000000000000","","3","GTEx--Coexpression(rank=540); ARCHS4--Coexpression(rank=753); Enrichr--Queries(rank=900)","920","0.33600000000000002","GTEx Coexpression,0.336"
"ATF6","335","335.00000000000000","1","0.5468387853759701933142878260696306824684143066406250000000000000000000000","0.632930022723790397520815531606785953044891357421875000000000000000000","0.798712366348288904661","TRRUST_Transcription_Factors_2019(rank=335, adjP=0.633)","ATF6 human","461","0.798712366348288904661","enrichr","461","0.798712366348288904661","0.5468387853759701933142878260696306824684143066406250000000000000000000000","0.632930022723790397520815531606785953044891357421875000000000000000000","","3","ARCHS4--Coexpression(rank=749); GTEx--Coexpression(rank=760); Enrichr--Queries(rank=937)","1139","0.46010000000000001","ARCHS4 Coexpression,0.4601"
"NF1","337","337.00000000000000","1","0.5468387853759701933142878260696306824684143066406250000000000000000000000","0.632930022723790397520815531606785953044891357421875000000000000000000","0.798712366348288904661","TRRUST_Transcription_Factors_2019(rank=337, adjP=0.633)","NF1 human","462","0.798712366348288904661","enrichr","462","0.798712366348288904661","0.5468387853759701933142878260696306824684143066406250000000000000000000000","0.632930022723790397520815531606785953044891357421875000000000000000000","","0","",NA,NA,NA
"KDM1A","337","337.00000000000000","1","0.9999320697302572780174045874446164816617965698242187500000000000000000000","0.999995201574610415029553678323281928896903991699218750000000000000000","0.000043877717722288448","ENCODE_TF_ChIP-seq_2015(rank=337, adjP=1)","KDM1A K562 hg19","463","0.000043877717722288448","enrichr","463","0.000043877717722288448","0.9999320697302572780174045874446164816617965698242187500000000000000000000","0.999995201574610415029553678323281928896903991699218750000000000000000","","0","",NA,NA,NA
"RACK7","338","338.00000000000000","1","0.0226945794360424064894932172364860889501869678497314453125000000000000000","0.050320629178723513819093682286620605736970901489257812500000000000000","4.701449578110566740463","ChEA_2022(rank=338, adjP=0.0503)","RACK7 27058665 Chip-Seq MCF-7 Human","464","4.701449578110566740463","enrichr","464","4.701449578110566740463","0.0226945794360424064894932172364860889501869678497314453125000000000000000","0.050320629178723513819093682286620605736970901489257812500000000000000","","0","",NA,NA,NA
"POU2AF1","339","339.00000000000000","1","0.5468387853759701933142878260696306824684143066406250000000000000000000000","0.632930022723790397520815531606785953044891357421875000000000000000000","0.798712366348288904661","TRRUST_Transcription_Factors_2019(rank=339, adjP=0.633)","POU2AF1 mouse","465","0.798712366348288904661","enrichr","465","0.798712366348288904661","0.5468387853759701933142878260696306824684143066406250000000000000000000000","0.632930022723790397520815531606785953044891357421875000000000000000000","","2","GTEx--Coexpression(rank=980); ARCHS4--Coexpression(rank=999)","1365","0.60980000000000001","GTEx Coexpression,0.6098"
"SIX1","340","340.00000000000000","1","0.5468387853759701933142878260696306824684143066406250000000000000000000000","0.632930022723790397520815531606785953044891357421875000000000000000000","0.798712366348288904661","TRRUST_Transcription_Factors_2019(rank=340, adjP=0.633)","SIX1 mouse","466","0.798712366348288904661","enrichr","466","0.798712366348288904661","0.5468387853759701933142878260696306824684143066406250000000000000000000000","0.632930022723790397520815531606785953044891357421875000000000000000000","","3","Enrichr--Queries(rank=55); ARCHS4--Coexpression(rank=221); GTEx--Coexpression(rank=863)","171","0.03917000000000000","Enrichr Queries,0.03917"
"E2A","343","343.00000000000000","1","0.0254782444055256032666711973888595821335911750793457031250000000000000000","0.055784727546792207963921583768751588650047779083251953125000000000000","4.554510559109721690163","ChEA_2022(rank=343, adjP=0.0558)","E2A 27217539 Chip-Seq RAMOS-Cell Line Human","467","4.554510559109721690163","enrichr","467","4.554510559109721690163","0.0254782444055256032666711973888595821335911750793457031250000000000000000","0.055784727546792207963921583768751588650047779083251953125000000000000","","0","",NA,NA,NA
"STAT5","345","345.00000000000000","1","0.0269119726323827877789707230249405256472527980804443359375000000000000000","0.058582294049041958028389842638716800138354301452636718750000000000000","4.762458405624754753660","ChEA_2022(rank=345, adjP=0.0586)","STAT5 23275557 ChIP-Seq MAMMARY-EPITHELIUM Mouse","468","4.762458405624754753660","enrichr","468","4.762458405624754753660","0.0269119726323827877789707230249405256472527980804443359375000000000000000","0.058582294049041958028389842638716800138354301452636718750000000000000","","0","",NA,NA,NA
"SMC4","348","348.00000000000000","1","0.0287146168204371853016620974585748626850545406341552734375000000000000000","0.061967463310771034312729454995860578492283821105957031250000000000000","4.397746210800246302597","ChEA_2022(rank=348, adjP=0.062)","SMC4 20622854 ChIP-Seq HELA Human","469","4.397746210800246302597","enrichr","469","4.397746210800246302597","0.0287146168204371853016620974585748626850545406341552734375000000000000000","0.061967463310771034312729454995860578492283821105957031250000000000000","","0","",NA,NA,NA
"MAFF","351","351.00000000000000","1","0.9999700445440862228707601389032788574695587158203125000000000000000000000","0.999995201574610415029553678323281928896903991699218750000000000000000","0.000018774155954764938","ENCODE_TF_ChIP-seq_2015(rank=351, adjP=1)","MAFF K562 hg19","470","0.000018774155954764938","enrichr","470","0.000018774155954764938","0.9999700445440862228707601389032788574695587158203125000000000000000000000","0.999995201574610415029553678323281928896903991699218750000000000000000","","5","ENCODE--ChIP-seq(rank=67); ReMap--ChIP-seq(rank=144); Enrichr--Queries(rank=410); GTEx--Coexpression(rank=686); ARCHS4--Coexpression(rank=902)","834","0.29199999999999998","Enrichr Queries,0.292"
"PTTG1","352","352.00000000000000","1","0.5717573718573738528192507146741263568401336669921875000000000000000000000","0.639401905992612484830317498563090339303016662597656250000000000000000","0.686872164856586975290","TRRUST_Transcription_Factors_2019(rank=352, adjP=0.639)","PTTG1 human","471","0.686872164856586975290","enrichr","471","0.686872164856586975290","0.5717573718573738528192507146741263568401336669921875000000000000000000000","0.639401905992612484830317498563090339303016662597656250000000000000000","","0","",NA,NA,NA
"RFX1","353","353.00000000000000","1","0.5717573718573738528192507146741263568401336669921875000000000000000000000","0.639401905992612484830317498563090339303016662597656250000000000000000","0.686872164856586975290","TRRUST_Transcription_Factors_2019(rank=353, adjP=0.639)","RFX1 human","472","0.686872164856586975290","enrichr","472","0.686872164856586975290","0.5717573718573738528192507146741263568401336669921875000000000000000000000","0.639401905992612484830317498563090339303016662597656250000000000000000","","4","ReMap--ChIP-seq(rank=240); ARCHS4--Coexpression(rank=1012); Enrichr--Queries(rank=1229); GTEx--Coexpression(rank=1243)","1378","0.62160000000000004","ARCHS4 Coexpression,0.6216"
"THRA","354","354.00000000000000","1","0.0302261749220382076874802379506945726461708545684814453125000000000000000","0.064123890865679905592955378779151942580938339233398437500000000000000","6.419708049273540773072","ChEA_2022(rank=354, adjP=0.0641)","THRA 23701648 ChIP-Seq CEREBELLUM Mouse","473","6.419708049273540773072","enrichr","473","6.419708049273540773072","0.0302261749220382076874802379506945726461708545684814453125000000000000000","0.064123890865679905592955378779151942580938339233398437500000000000000","","4","ARCHS4--Coexpression(rank=43); Literature--ChIP-seq(rank=75); GTEx--Coexpression(rank=254); Enrichr--Queries(rank=433)","116","0.02641000000000000","ARCHS4 Coexpression,0.02641"
"ARID1A","355","355.00000000000000","1","0.0305943837936914070363414452913275454193353652954101562500000000000000000","0.064540399519837740593963815172173781320452690124511718750000000000000","6.761319750652298843363","ChEA_2022(rank=355, adjP=0.0645)","ARID1A 32646524 ChIP-Seq H9 Human BoneMarrow Lymphoma","474","6.761319750652298843363","enrichr","474","6.761319750652298843363","0.0305943837936914070363414452913275454193353652954101562500000000000000000","0.064540399519837740593963815172173781320452690124511718750000000000000","","0","",NA,NA,NA
"ER","357","357.00000000000000","1","0.0313124884691870081221409805039002094417810440063476562500000000000000000","0.065870248852547441664739835687214508652687072753906250000000000000000","4.672889339250114737467","ChEA_2022(rank=357, adjP=0.0659)","ER 23166858 ChIP-Seq MCF-7 Human","475","4.672889339250114737467","enrichr","475","4.672889339250114737467","0.0313124884691870081221409805039002094417810440063476562500000000000000000","0.065870248852547441664739835687214508652687072753906250000000000000000","","0","",NA,NA,NA
"PITX1","358","428.50000000000000","2","0.2501568378186463381673831918305950239300727844238281250000000000000000000","0.376488547498604220198359371352125890552997589111328125000000000000000","1.891300994317114625431","TRRUST_Transcription_Factors_2019(rank=358, adjP=0.658); ChEA_2022(rank=499, adjP=0.376)","PITX1 human; PITX1 30713093 ChIP-Seq Epithelial Human Tongue SCC","476","1.891300994317114625431","enrichr","476","1.891300994317114625431","0.2501568378186463381673831918305950239300727844238281250000000000000000000","0.376488547498604220198359371352125890552997589111328125000000000000000","","3","Enrichr--Queries(rank=306); GTEx--Coexpression(rank=718); ARCHS4--Coexpression(rank=949)","673","0.21790000000000001","Enrichr Queries,0.2179"
"AF4","361","361.00000000000000","1","0.0349335865708424522790842559061275096610188484191894531250000000000000000","0.072673472339896599825337375477829482406377792358398437500000000000000","4.531955584201280196055","ChEA_2022(rank=361, adjP=0.0727)","AF4 28076791 ChIP-Seq SEM Human Blood Leukemia","477","4.531955584201280196055","enrichr","477","4.531955584201280196055","0.0349335865708424522790842559061275096610188484191894531250000000000000000","0.072673472339896599825337375477829482406377792358398437500000000000000","","0","",NA,NA,NA
"BCL6","361","386.00000000000000","2","0.0818485244728404393033116548394900746643543243408203125000000000000000000","0.149557766129204794403051437257090583443641662597656250000000000000000","2.929936821318209094756","TRRUST_Transcription_Factors_2019(rank=361, adjP=0.674); ChEA_2022(rank=411, adjP=0.15)","BCL6 human; BCL6 25482012 ChIP-Seq CML-JURL-MK1 Human","478","2.929936821318209094756","enrichr","478","2.929936821318209094756","0.0818485244728404393033116548394900746643543243408203125000000000000000000","0.149557766129204794403051437257090583443641662597656250000000000000000","","5","ReMap--ChIP-seq(rank=109); Literature--ChIP-seq(rank=112); Enrichr--Queries(rank=367); ARCHS4--Coexpression(rank=439); GTEx--Coexpression(rank=457)","767","0.26140000000000002","Enrichr Queries,0.2614"
"CSB","362","362.00000000000000","1","0.0365242455631672249816155328971944982185959815979003906250000000000000000","0.075772675187675622709981837488157907500863075256347656250000000000000","4.042469005276174698338","ChEA_2022(rank=362, adjP=0.0758)","CSB 26484114 Chip-Seq FIBROBLAST Human","479","4.042469005276174698338","enrichr","479","4.042469005276174698338","0.0365242455631672249816155328971944982185959815979003906250000000000000000","0.075772675187675622709981837488157907500863075256347656250000000000000","","0","",NA,NA,NA
"HMGA1","362","362.00000000000000","1","0.6175625223227014792826139455428346991539001464843750000000000000000000000","0.673550333412396895482743275351822376251220703125000000000000000000000","0.518106626352918597789","TRRUST_Transcription_Factors_2019(rank=362, adjP=0.674)","HMGA1 human","480","0.518106626352918597789","enrichr","480","0.518106626352918597789","0.6175625223227014792826139455428346991539001464843750000000000000000000000","0.673550333412396895482743275351822376251220703125000000000000000000000","","3","ARCHS4--Coexpression(rank=1257); Enrichr--Queries(rank=1267); GTEx--Coexpression(rank=1562)","1533","0.77210000000000001","ARCHS4 Coexpression,0.7721"
"HDAC9","367","367.00000000000000","1","0.6385952702635044886392279295250773429870605468750000000000000000000000000","0.690796518513927426674570142495213076472282409667968750000000000000000","0.453722249369625574289","TRRUST_Transcription_Factors_2019(rank=367, adjP=0.691)","HDAC9 human","481","0.453722249369625574289","enrichr","481","0.453722249369625574289","0.6385952702635044886392279295250773429870605468750000000000000000000000000","0.690796518513927426674570142495213076472282409667968750000000000000000","","0","",NA,NA,NA
"KDM4A","369","369.00000000000000","1","0.9999849668084639375820188433863222599029541015625000000000000000000000000","0.999995201574610415029553678323281928896903991699218750000000000000000","0.000009135251004502893","ENCODE_TF_ChIP-seq_2015(rank=369, adjP=1)","KDM4A H1-hESC hg19","482","0.000009135251004502893","enrichr","482","0.000009135251004502893","0.9999849668084639375820188433863222599029541015625000000000000000000000000","0.999995201574610415029553678323281928896903991699218750000000000000000","","0","",NA,NA,NA
"TRP73","370","370.00000000000000","1","0.6584722788812686911086302643525414168834686279296875000000000000000000000","0.706522958691523372820597614918369799852371215820312500000000000000000","0.399207540017298134760","TRRUST_Transcription_Factors_2019(rank=370, adjP=0.707)","TRP73 mouse","483","0.399207540017298134760","enrichr","483","0.399207540017298134760","0.6584722788812686911086302643525414168834686279296875000000000000000000000","0.706522958691523372820597614918369799852371215820312500000000000000000","","0","",NA,NA,NA
"RELB","371","371.00000000000000","1","0.0425422560906340146980042504765151534229516983032226562500000000000000000","0.085889909647752241128593198027374455705285072326660156250000000000000","5.631614551016236092096","ChEA_2022(rank=371, adjP=0.0859)","RELB 30642670 ChIP-Seq CTB1 Human Placenta Inflammation","484","5.631614551016236092096","enrichr","484","5.631614551016236092096","0.0425422560906340146980042504765151534229516983032226562500000000000000000","0.085889909647752241128593198027374455705285072326660156250000000000000","","4","ReMap--ChIP-seq(rank=133); Enrichr--Queries(rank=279); ARCHS4--Coexpression(rank=477); GTEx--Coexpression(rank=526)","636","0.19869999999999999","Enrichr Queries,0.1987"
"RAC3","376","376.00000000000000","1","0.0454178399983816219465104779828834580257534980773925781250000000000000000","0.090714887869107946327673630548815708607435226440429687500000000000000","3.743457850125913033423","ChEA_2022(rank=376, adjP=0.0907)","RAC3 21632823 ChIP-Seq H3396 Human","485","3.743457850125913033423","enrichr","485","3.743457850125913033423","0.0454178399983816219465104779828834580257534980773925781250000000000000000","0.090714887869107946327673630548815708607435226440429687500000000000000","","0","",NA,NA,NA
"CBP","377","377.00000000000000","1","0.0464428065242683124624889501319557894021272659301757812500000000000000000","0.092271290210914055918145493251358857378363609313964843750000000000000","3.968648486284008569669","ChEA_2022(rank=377, adjP=0.0923)","CBP 20019798 ChIP-Seq JUKART Human","486","3.968648486284008569669","enrichr","486","3.968648486284008569669","0.0464428065242683124624889501319557894021272659301757812500000000000000000","0.092271290210914055918145493251358857378363609313964843750000000000000","","0","",NA,NA,NA
"ATM","379","379.00000000000000","1","0.7117861811842566277519495088199619203805923461914062500000000000000000000","0.745591329631002275313278460089350119233131408691406250000000000000000","0.278375373126108716093","TRRUST_Transcription_Factors_2019(rank=379, adjP=0.746)","ATM human","487","0.278375373126108716093","enrichr","487","0.278375373126108716093","0.7117861811842566277519495088199619203805923461914062500000000000000000000","0.745591329631002275313278460089350119233131408691406250000000000000000","","0","",NA,NA,NA
"HDAC4","382","382.00000000000000","1","0.7426241802354337506741899233020376414060592651367187500000000000000000000","0.771784815584992678338949190219864249229431152343750000000000000000000","0.222437451332279850780","TRRUST_Transcription_Factors_2019(rank=382, adjP=0.772)","HDAC4 human","488","0.222437451332279850780","enrichr","488","0.222437451332279850780","0.7426241802354337506741899233020376414060592651367187500000000000000000000","0.771784815584992678338949190219864249229431152343750000000000000000000","","0","",NA,NA,NA
"SIRT1","383","383.00000000000000","1","0.7488394548385630677955759892938658595085144042968750000000000000000000000","0.776212176425351230157900772610446438193321228027343750000000000000000","0.216140627728159673282","TRRUST_Transcription_Factors_2019(rank=383, adjP=0.776)","SIRT1 human","489","0.216140627728159673282","enrichr","489","0.216140627728159673282","0.7488394548385630677955759892938658595085144042968750000000000000000000000","0.776212176425351230157900772610446438193321228027343750000000000000000","","0","",NA,NA,NA
"ELK3","385","385.00000000000000","1","0.0528392362141493002192227379509859019890427589416503906250000000000000000","0.103070821809937956947678117103350814431905746459960937500000000000000","3.510649626468994810580","ChEA_2022(rank=385, adjP=0.103)","ELK3 25401928 ChIP-Seq HUVEC Human","490","3.510649626468994810580","enrichr","490","3.510649626468994810580","0.0528392362141493002192227379509859019890427589416503906250000000000000000","0.103070821809937956947678117103350814431905746459960937500000000000000","","4","GTEx--Coexpression(rank=72); Literature--ChIP-seq(rank=106); ARCHS4--Coexpression(rank=284); Enrichr--Queries(rank=328)","193","0.04480000000000000","GTEx Coexpression,0.0448"
"PARP1","386","386.00000000000000","1","0.7567838939508748641316060457029379904270172119140625000000000000000000000","0.778350274348438841975905688741477206349372863769531250000000000000000","0.199627959316121122990","TRRUST_Transcription_Factors_2019(rank=386, adjP=0.778)","PARP1 human","491","0.199627959316121122990","enrichr","491","0.199627959316121122990","0.7567838939508748641316060457029379904270172119140625000000000000000000000","0.778350274348438841975905688741477206349372863769531250000000000000000","","0","",NA,NA,NA
"GTF2F1","392","392.00000000000000","1","0.9999916931848963352891246358922217041254043579101562500000000000000000000","0.999995201574610415029553678323281928896903991699218750000000000000000","0.000004812111954582798","ENCODE_TF_ChIP-seq_2015(rank=392, adjP=1)","GTF2F1 H1-hESC hg19","492","0.000004812111954582798","enrichr","492","0.000004812111954582798","0.9999916931848963352891246358922217041254043579101562500000000000000000000","0.999995201574610415029553678323281928896903991699218750000000000000000","","0","",NA,NA,NA
"TBX4","402","402.00000000000000","1","0.0734703936594376244562099032009427901357412338256835937500000000000000000","0.137254392134919550594318593539355788379907608032226562500000000000000","3.907042986704003961762","ChEA_2022(rank=402, adjP=0.137)","TBX4 33478486 ChIP-Seq IMR90 Human Lung","493","3.907042986704003961762","enrichr","493","3.907042986704003961762","0.0734703936594376244562099032009427901357412338256835937500000000000000000","0.137254392134919550594318593539355788379907608032226562500000000000000","","3","GTEx--Coexpression(rank=142); Enrichr--Queries(rank=578); ARCHS4--Coexpression(rank=890)","339","0.08835999999999999","GTEx Coexpression,0.08836"
"ZFP322A","403","403.00000000000000","1","0.0741453473324016620882304096085135824978351593017578125000000000000000000","0.138046610179253931294240942406759131699800491333007812500000000000000","5.237089367171588349947","ChEA_2022(rank=403, adjP=0.138)","ZFP322A 24550733 ChIP-Seq MESCs Mouse","494","5.237089367171588349947","enrichr","494","5.237089367171588349947","0.0741453473324016620882304096085135824978351593017578125000000000000000000","0.138046610179253931294240942406759131699800491333007812500000000000000","","0","",NA,NA,NA
"KAP1","405","405.00000000000000","1","0.0747249771782267507846952980798960197716951370239257812500000000000000000","0.138564093483575956344822088794899173080921173095703125000000000000000","3.073372324969023239305","ChEA_2022(rank=405, adjP=0.139)","KAP1 27257070 Chip-Seq ESCs Mouse","495","3.073372324969023239305","enrichr","495","3.073372324969023239305","0.0747249771782267507846952980798960197716951370239257812500000000000000000","0.138564093483575956344822088794899173080921173095703125000000000000000","","0","",NA,NA,NA
"CDKN2AIP","410","410.00000000000000","1","0.0811834427925401530545812534001015592366456985473632812500000000000000000","0.148704306188286977663537413718586321920156478881835937500000000000000","4.483655271738031800055","ChEA_2022(rank=410, adjP=0.149)","CDKN2AIP 20523734 ChIP-Seq CORTICAL Neurons","496","4.483655271738031800055","enrichr","496","4.483655271738031800055","0.0811834427925401530545812534001015592366456985473632812500000000000000000","0.148704306188286977663537413718586321920156478881835937500000000000000","","0","",NA,NA,NA
"POLR2APHOSPHOS2","414","414.00000000000000","1","0.9999923070859734197668444721784908324480056762695312500000000000000000000","0.999995201574610415029553678323281928896903991699218750000000000000000","0.000003810341566402953","ENCODE_TF_ChIP-seq_2015(rank=414, adjP=1)","POLR2AphosphoS2 K562 hg19","497","0.000003810341566402953","enrichr","497","0.000003810341566402953","0.9999923070859734197668444721784908324480056762695312500000000000000000000","0.999995201574610415029553678323281928896903991699218750000000000000000","","0","",NA,NA,NA
"BCL11B","419","419.00000000000000","1","0.0963823164449920666285720471933018416166305541992187500000000000000000000","0.172752075537444121922092676868487615138292312622070312500000000000000","5.760223118835988032060","ChEA_2022(rank=419, adjP=0.173)","BCL11B 21912641 ChIP-Seq STHDH STRIUM Mouse","498","5.760223118835988032060","enrichr","498","5.760223118835988032060","0.0963823164449920666285720471933018416166305541992187500000000000000000000","0.172752075537444121922092676868487615138292312622070312500000000000000","","4","Literature--ChIP-seq(rank=86); Enrichr--Queries(rank=196); ARCHS4--Coexpression(rank=338); GTEx--Coexpression(rank=455)","490","0.13960000000000000","Enrichr Queries,0.1396"
"JARID1B-DAIN","423","423.00000000000000","1","0.1026474322257301396987827502016443759202957153320312500000000000000000000","0.182241658632442737886236727717914618551731109619140625000000000000000","2.644701726299401034481","ChEA_2022(rank=423, adjP=0.182)","JARID1B-DAIN 22020125 ChIP-Seq ESCs Mouse","499","2.644701726299401034481","enrichr","499","2.644701726299401034481","0.1026474322257301396987827502016443759202957153320312500000000000000000000","0.182241658632442737886236727717914618551731109619140625000000000000000","","0","",NA,NA,NA
"GBX2","425","425.00000000000000","1","0.1045786050965989422145696607913123443722724914550781250000000000000000000","0.184796546888342960723861096994369290769100189208984375000000000000000","3.323990219413778035573","ChEA_2022(rank=425, adjP=0.185)","GBX2 23144817 ChIP-Seq PC3 Human","500","3.323990219413778035573","enrichr","500","3.323990219413778035573","0.1045786050965989422145696607913123443722724914550781250000000000000000000","0.184796546888342960723861096994369290769100189208984375000000000000000","","4","Literature--ChIP-seq(rank=101); Enrichr--Queries(rank=124); GTEx--Coexpression(rank=208); ARCHS4--Coexpression(rank=256)","338","0.08832000000000000","Enrichr Queries,0.08832"
"SREBP2","434","434.00000000000000","1","0.1195588016894362226594239473342895507812500000000000000000000000000000000","0.206886313522503473283364883172907866537570953369140625000000000000000","2.556483506667406757629","ChEA_2022(rank=434, adjP=0.207)","SREBP2 21459322 ChIP-Seq LIVER Mouse","501","2.556483506667406757629","enrichr","501","2.556483506667406757629","0.1195588016894362226594239473342895507812500000000000000000000000000000000","0.206886313522503473283364883172907866537570953369140625000000000000000","","0","",NA,NA,NA
"NCOR","436","436.00000000000000","1","0.1225969530260705014912403498783532995730638504028320312500000000000000000","0.211170439730685666201992489732219837605953216552734375000000000000000","2.400444930140296140308","ChEA_2022(rank=436, adjP=0.211)","NCOR 22424771 ChIP-Seq 293T Human","502","2.400444930140296140308","enrichr","502","2.400444930140296140308","0.1225969530260705014912403498783532995730638504028320312500000000000000000","0.211170439730685666201992489732219837605953216552734375000000000000000","","0","",NA,NA,NA
"ELF5","461","461.00000000000000","1","0.1692100805217323367113380072623840533196926116943359375000000000000000000","0.275654599721954163271675497526302933692932128906250000000000000000000","2.061076718864023327171","ChEA_2022(rank=461, adjP=0.276)","ELF5 23300383 ChIP-Seq T47D Human","503","2.061076718864023327171","enrichr","503","2.061076718864023327171","0.1692100805217323367113380072623840533196926116943359375000000000000000000","0.275654599721954163271675497526302933692932128906250000000000000000000","","5","Literature--ChIP-seq(rank=109); Enrichr--Queries(rank=153); ReMap--ChIP-seq(rank=215); ARCHS4--Coexpression(rank=260); GTEx--Coexpression(rank=357)","401","0.10900000000000000","Enrichr Queries,0.109"
"CTCFL","461","461.00000000000000","1","0.9999928859843375539284693331865128129720687866210937500000000000000000000","0.999995201574610415029553678323281928896903991699218750000000000000000","0.000004061368947240848","ENCODE_TF_ChIP-seq_2015(rank=461, adjP=1)","CTCFL K562 hg19","504","0.000004061368947240848","enrichr","504","0.000004061368947240848","0.9999928859843375539284693331865128129720687866210937500000000000000000000","0.999995201574610415029553678323281928896903991699218750000000000000000","","5","ReMap--ChIP-seq(rank=56); ENCODE--ChIP-seq(rank=81); ARCHS4--Coexpression(rank=454); Enrichr--Queries(rank=582); GTEx--Coexpression(rank=1017)","610","0.18859999999999999","ReMap ChIP-seq,0.1886"
"EWS-ERG","463","463.00000000000000","1","0.1786739155953542268484568467101780697703361511230468750000000000000000000","0.289814493762658498265949447159073315560817718505859375000000000000000","1.992456889890758864325","ChEA_2022(rank=463, adjP=0.29)","EWS-ERG 20517297 ChIP-Seq CADO-ES1 Human","505","1.992456889890758864325","enrichr","505","1.992456889890758864325","0.1786739155953542268484568467101780697703361511230468750000000000000000000","0.289814493762658498265949447159073315560817718505859375000000000000000","","0","",NA,NA,NA
"PCGF4","464","464.00000000000000","1","0.1816808703771838062746013520154519937932491302490234375000000000000000000","0.294056753563070982782079454409540630877017974853515625000000000000000","1.896423135515536095852","ChEA_2022(rank=464, adjP=0.294)","PCGF4 22325352 ChIP-Seq 293T-Rex Human","506","1.896423135515536095852","enrichr","506","1.896423135515536095852","0.1816808703771838062746013520154519937932491302490234375000000000000000000","0.294056753563070982782079454409540630877017974853515625000000000000000","","0","",NA,NA,NA
"CTBP1","467","467.00000000000000","1","0.1866440087898988409165212942752987146377563476562500000000000000000000000","0.300149144756346908380351123923901468515396118164062500000000000000000","1.925312049667665670327","ChEA_2022(rank=467, adjP=0.3)","CTBP1 25329375 ChIP-Seq LNCAP Human","507","1.925312049667665670327","enrichr","507","1.925312049667665670327","0.1866440087898988409165212942752987146377563476562500000000000000000000000","0.300149144756346908380351123923901468515396118164062500000000000000000","","0","",NA,NA,NA
"CHD2","471","471.00000000000000","1","0.9999930165895497546912906727811787277460098266601562500000000000000000000","0.999995201574610415029553678323281928896903991699218750000000000000000","0.000003849110652156923","ENCODE_TF_ChIP-seq_2015(rank=471, adjP=1)","CHD2 H1-hESC hg19","508","0.000003849110652156923","enrichr","508","0.000003849110652156923","0.9999930165895497546912906727811787277460098266601562500000000000000000000","0.999995201574610415029553678323281928896903991699218750000000000000000","","0","",NA,NA,NA
"UTX","472","472.00000000000000","1","0.1980782294516903185854772573293303139507770538330078125000000000000000000","0.313997645937869995780289400499896146357059478759765625000000000000000","1.787169331518958514948","ChEA_2022(rank=472, adjP=0.314)","UTX 26944678 Chip-Seq JUKART Human","509","1.787169331518958514948","enrichr","509","1.787169331518958514948","0.1980782294516903185854772573293303139507770538330078125000000000000000000","0.313997645937869995780289400499896146357059478759765625000000000000000","","0","",NA,NA,NA
"EBNA1","476","476.00000000000000","1","0.2018290238693696558858192702246014960110187530517578125000000000000000000","0.318431926314908853026253154894220642745494842529296875000000000000000","1.767316056101929877542","ChEA_2022(rank=476, adjP=0.318)","EBNA1 20929547 Chip-Seq RAJI-cells Human","510","1.767316056101929877542","enrichr","510","1.767316056101929877542","0.2018290238693696558858192702246014960110187530517578125000000000000000000","0.318431926314908853026253154894220642745494842529296875000000000000000","","0","",NA,NA,NA
"RCOR2","479","479.00000000000000","1","0.2077372299057896609664197740130475722253322601318359375000000000000000000","0.325700750854380272070187629651627503335475921630859375000000000000000","1.951293600008122908207","ChEA_2022(rank=479, adjP=0.326)","RCOR2 21632747 ChIP-Seq MESCs Mouse","511","1.951293600008122908207","enrichr","511","1.951293600008122908207","0.2077372299057896609664197740130475722253322601318359375000000000000000000","0.325700750854380272070187629651627503335475921630859375000000000000000","","0","",NA,NA,NA
"FOXI1","480","480.00000000000000","1","0.2097994704287203804327077705238480120897293090820312500000000000000000000","0.328248754774935591616014107785304076969623565673828125000000000000000","2.010380163611027004578","ChEA_2022(rank=480, adjP=0.328)","FOXI1 33610681 ChIP-Seq GES1 Human Gastric Carcinoma","512","2.010380163611027004578","enrichr","512","2.010380163611027004578","0.2097994704287203804327077705238480120897293090820312500000000000000000000","0.328248754774935591616014107785304076969623565673828125000000000000000","","3","Enrichr--Queries(rank=316); GTEx--Coexpression(rank=515); ARCHS4--Coexpression(rank=959)","689","0.22509999999999999","Enrichr Queries,0.2251"
"TAF15","484","484.00000000000000","1","0.2183815056320260183930770381266484037041664123535156250000000000000000000","0.338852294895974459620902052847668528556823730468750000000000000000000","1.983238623809180589674","ChEA_2022(rank=484, adjP=0.339)","TAF15 26573619 Chip-Seq HEK293 Human","513","1.983238623809180589674","enrichr","513","1.983238623809180589674","0.2183815056320260183930770381266484037041664123535156250000000000000000000","0.338852294895974459620902052847668528556823730468750000000000000000000","","0","",NA,NA,NA
"EWS-FLI1","487","487.00000000000000","1","0.2220447331330471507637724926098599098622798919677734375000000000000000000","0.342413951915643610668382734729675576090812683105468750000000000000000","1.771931511866155606327","ChEA_2022(rank=487, adjP=0.342)","EWS-FLI1 20517297 ChIP-Seq SK-N-MC Human","514","1.771931511866155606327","enrichr","514","1.771931511866155606327","0.2220447331330471507637724926098599098622798919677734375000000000000000000","0.342413951915643610668382734729675576090812683105468750000000000000000","","0","",NA,NA,NA
"E4F1","494","494.00000000000000","1","0.2392166614231261700940223136058193631470203399658203125000000000000000000","0.363667434673619005547351434870506636798381805419921875000000000000000","3.283410820732697743551","ChEA_2022(rank=494, adjP=0.364)","E4F1 26484288 ChIP-Seq MOUSE EMBRYONIC FIBROBLAST Mouse","515","3.283410820732697743551","enrichr","515","3.283410820732697743551","0.2392166614231261700940223136058193631470203399658203125000000000000000000","0.363667434673619005547351434870506636798381805419921875000000000000000","","4","Literature--ChIP-seq(rank=111); Enrichr--Queries(rank=1321); ARCHS4--Coexpression(rank=1472); GTEx--Coexpression(rank=1607)","1446","0.67679999999999985","Literature ChIP-seq,0.6768"
"HDAC6","501","501.00000000000000","1","0.9999932413355024918288904700602870434522628784179687500000000000000000000","0.999995201574610415029553678323281928896903991699218750000000000000000","0.000003536911381491001","ENCODE_TF_ChIP-seq_2015(rank=501, adjP=1)","HDAC6 H1-hESC hg19","516","0.000003536911381491001","enrichr","516","0.000003536911381491001","0.9999932413355024918288904700602870434522628784179687500000000000000000000","0.999995201574610415029553678323281928896903991699218750000000000000000","","0","",NA,NA,NA
"TCF7","503","503.00000000000000","1","0.2581958018681712596631427913962397724390029907226562500000000000000000000","0.385497111735579989222344465815695002675056457519531250000000000000000","1.462049185585964972134","ChEA_2022(rank=503, adjP=0.385)","TCF7 22412390 ChIP-Seq EML Mouse","517","1.462049185585964972134","enrichr","517","1.462049185585964972134","0.2581958018681712596631427913962397724390029907226562500000000000000000000","0.385497111735579989222344465815695002675056457519531250000000000000000","","5","Literature--ChIP-seq(rank=100); ARCHS4--Coexpression(rank=148); ReMap--ChIP-seq(rank=230); GTEx--Coexpression(rank=237); Enrichr--Queries(rank=611)","346","0.09091000000000000","ARCHS4 Coexpression,0.09091"
"EWS","506","506.00000000000000","1","0.2686476076186941064349866792326793074607849121093750000000000000000000000","0.397981892150604643632050283486023545265197753906250000000000000000000","1.473638259286986773589","ChEA_2022(rank=506, adjP=0.398)","EWS 26573619 Chip-Seq HEK293 Human","518","1.473638259286986773589","enrichr","518","1.473638259286986773589","0.2686476076186941064349866792326793074607849121093750000000000000000000000","0.397981892150604643632050283486023545265197753906250000000000000000000","","0","",NA,NA,NA
"MECOM","515","515.00000000000000","1","0.2922246194840104616119447200617287307977676391601562500000000000000000000","0.426137260645615245646666835455107502639293670654296875000000000000000","1.316484670719070937395","ChEA_2022(rank=515, adjP=0.426)","MECOM 23826213 ChIP-Seq KASUMI Mouse","519","1.316484670719070937395","enrichr","519","1.316484670719070937395","0.2922246194840104616119447200617287307977676391601562500000000000000000000","0.426137260645615245646666835455107502639293670654296875000000000000000","","3","Literature--ChIP-seq(rank=115); GTEx--Coexpression(rank=220); ARCHS4--Coexpression(rank=828)","483","0.13689999999999999","GTEx Coexpression,0.1369"
"HA-E2F1","524","524.00000000000000","1","0.9999932740774395423244413905194960534572601318359375000000000000000000000","0.999995201574610415029553678323281928896903991699218750000000000000000","0.000003334051532132750","ENCODE_TF_ChIP-seq_2015(rank=524, adjP=1)","HA-E2F1 HeLa-S3 hg19","520","0.000003334051532132750","enrichr","520","0.000003334051532132750","0.9999932740774395423244413905194960534572601318359375000000000000000000000","0.999995201574610415029553678323281928896903991699218750000000000000000","","0","",NA,NA,NA
"EGFP-HDAC8","525","525.00000000000000","1","0.9999932764439782850729443453019484877586364746093750000000000000000000000","0.999995201574610415029553678323281928896903991699218750000000000000000","0.000003271363219497870","ENCODE_TF_ChIP-seq_2015(rank=525, adjP=1)","eGFP-HDAC8 K562 hg19","521","0.000003271363219497870","enrichr","521","0.000003271363219497870","0.9999932764439782850729443453019484877586364746093750000000000000000000000","0.999995201574610415029553678323281928896903991699218750000000000000000","","0","",NA,NA,NA
"GRHL2","532","532.00000000000000","1","0.3557590881700654628083668740146094933152198791503906250000000000000000000","0.502208787999472217045138222601963207125663757324218750000000000000000","1.104914297602420436561","ChEA_2022(rank=532, adjP=0.502)","GRHL2 25758223 ChIP-Seq PLACENTA Mouse","522","1.104914297602420436561","enrichr","522","1.104914297602420436561","0.3557590881700654628083668740146094933152198791503906250000000000000000000","0.502208787999472217045138222601963207125663757324218750000000000000000","","5","Literature--ChIP-seq(rank=119); ReMap--ChIP-seq(rank=121); ARCHS4--Coexpression(rank=195); Enrichr--Queries(rank=596); GTEx--Coexpression(rank=660)","431","0.11980000000000000","ARCHS4 Coexpression,0.1198"
"EGFP-GATA2","532","532.00000000000000","1","0.9999932775937064866056402934191282838582992553710937500000000000000000000","0.999995201574610415029553678323281928896903991699218750000000000000000","0.000003209483770611969","ENCODE_TF_ChIP-seq_2015(rank=532, adjP=1)","eGFP-GATA2 K562 hg19","523","0.000003209483770611969","enrichr","523","0.000003209483770611969","0.9999932775937064866056402934191282838582992553710937500000000000000000000","0.999995201574610415029553678323281928896903991699218750000000000000000","","0","",NA,NA,NA
"TCF12/HEB","535","535.00000000000000","1","0.3622862423161575806673795341339427977800369262695312500000000000000000000","0.508555080335391096468811156228184700012207031250000000000000000000000","1.061789525951011059490","ChEA_2022(rank=535, adjP=0.509)","TCF12/HEB 22897851 ChIP-Seq JUKARTE6-1 Human","524","1.061789525951011059490","enrichr","524","1.061789525951011059490","0.3622862423161575806673795341339427977800369262695312500000000000000000000","0.508555080335391096468811156228184700012207031250000000000000000000000","","0","",NA,NA,NA
"P68","536","536.00000000000000","1","0.3644512642410118186120371319702826440334320068359375000000000000000000000","0.510639737770521850990235179779119789600372314453125000000000000000000","1.055123153979165007144","ChEA_2022(rank=536, adjP=0.511)","P68 20966046 ChIP-Seq HELA Human","525","1.055123153979165007144","enrichr","525","1.055123153979165007144","0.3644512642410118186120371319702826440334320068359375000000000000000000000","0.510639737770521850990235179779119789600372314453125000000000000000000","","0","",NA,NA,NA
"ENL","537","537.00000000000000","1","0.3661999444226383126910207010951125994324684143066406250000000000000000000","0.512134372926259184843900129635585471987724304199218750000000000000000","1.050353776908493408371","ChEA_2022(rank=537, adjP=0.512)","ENL 26711339 ChIP-Seq SEM Human Blood Leukemia","526","1.050353776908493408371","enrichr","526","1.050353776908493408371","0.3661999444226383126910207010951125994324684143066406250000000000000000000","0.512134372926259184843900129635585471987724304199218750000000000000000","","0","",NA,NA,NA
"CDH4","538","538.00000000000000","1","0.3682717652277877617983392610767623409628868103027343750000000000000000000","0.514074527297525230018493402894819155335426330566406250000000000000000","1.063124068507649733206","ChEA_2022(rank=538, adjP=0.514)","CDH4 35650610 ChIP-Seq mESC Mouse Stem Autism","527","1.063124068507649733206","enrichr","527","1.063124068507649733206","0.3682717652277877617983392610767623409628868103027343750000000000000000000","0.514074527297525230018493402894819155335426330566406250000000000000000","","0","",NA,NA,NA
"HNFA","539","539.00000000000000","1","0.3692446306101282993417100897204363718628883361816406250000000000000000000","0.514476284950290185804533393820747733116149902343750000000000000000000","1.039944960451246291910","ChEA_2022(rank=539, adjP=0.514)","HNFA 21074721 ChIP-Seq CACO-2 Human","528","1.039944960451246291910","enrichr","528","1.039944960451246291910","0.3692446306101282993417100897204363718628883361816406250000000000000000000","0.514476284950290185804533393820747733116149902343750000000000000000000","","0","",NA,NA,NA
"ADNP","541","541.00000000000000","1","0.3807521920471516052586480327590834349393844604492187500000000000000000000","0.528548791547894247777605869487160816788673400878906250000000000000000","1.042218548642145137251","ChEA_2022(rank=541, adjP=0.529)","ADNP 35650610 ChIP-Seq mESC Mouse Stem Autism","529","1.042218548642145137251","enrichr","529","1.042218548642145137251","0.3807521920471516052586480327590834349393844604492187500000000000000000000","0.528548791547894247777605869487160816788673400878906250000000000000000","","4","ReMap--ChIP-seq(rank=52); ARCHS4--Coexpression(rank=1163); Enrichr--Queries(rank=1345); GTEx--Coexpression(rank=1382)","575","0.17510000000000001","ReMap ChIP-seq,0.1751"
"HOXB7","547","547.00000000000000","1","0.4007401145160704447611976775078801438212394714355468750000000000000000000","0.550193466182026802435700574278598651289939880371093750000000000000000","0.945723808150895961511","ChEA_2022(rank=547, adjP=0.55)","HOXB7 26014856 ChIP-Seq BT474 Human","530","0.945723808150895961511","enrichr","530","0.945723808150895961511","0.4007401145160704447611976775078801438212394714355468750000000000000000000","0.550193466182026802435700574278598651289939880371093750000000000000000","","5","ReMap--ChIP-seq(rank=98); Literature--ChIP-seq(rank=127); Enrichr--Queries(rank=161); GTEx--Coexpression(rank=352); ARCHS4--Coexpression(rank=601)","416","0.11470000000000000","Enrichr Queries,0.1147"
"ARID3A","551","551.00000000000000","1","0.9999932785684971792150577130087185651063919067382812500000000000000000000","0.999995201574610415029553678323281928896903991699218750000000000000000","0.000002965607347963898","ENCODE_TF_ChIP-seq_2015(rank=551, adjP=1)","ARID3A HepG2 hg19","531","0.000002965607347963898","enrichr","531","0.000002965607347963898","0.9999932785684971792150577130087185651063919067382812500000000000000000000","0.999995201574610415029553678323281928896903991699218750000000000000000","","5","ENCODE--ChIP-seq(rank=97); ReMap--ChIP-seq(rank=269); GTEx--Coexpression(rank=516); ARCHS4--Coexpression(rank=692); Enrichr--Queries(rank=836)","890","0.32110000000000000","GTEx Coexpression,0.3211"
"EGFP-JUNB","553","553.00000000000000","1","0.9999932785684971792150577130087185651063919067382812500000000000000000000","0.999995201574610415029553678323281928896903991699218750000000000000000","0.000002965607347963898","ENCODE_TF_ChIP-seq_2015(rank=553, adjP=1)","eGFP-JUNB K562 hg19","532","0.000002965607347963898","enrichr","532","0.000002965607347963898","0.9999932785684971792150577130087185651063919067382812500000000000000000000","0.999995201574610415029553678323281928896903991699218750000000000000000","","0","",NA,NA,NA
"TCFAP2C","559","559.00000000000000","1","0.4661610456083836173668544233805732801556587219238281250000000000000000000","0.626273605101781649651115913002286106348037719726562500000000000000000","0.773120196909210188885","ChEA_2022(rank=559, adjP=0.626)","TCFAP2C 20176728 ChIP-ChIP TROPHOBLAST STEM CELLS Mouse","533","0.773120196909210188885","enrichr","533","0.773120196909210188885","0.4661610456083836173668544233805732801556587219238281250000000000000000000","0.626273605101781649651115913002286106348037719726562500000000000000000","","0","",NA,NA,NA
"WRNIP1","563","563.00000000000000","1","0.9999932785917768907069103079265914857387542724609375000000000000000000000","0.999995201574610415029553678323281928896903991699218750000000000000000","0.000002905199789018268","ENCODE_TF_ChIP-seq_2015(rank=563, adjP=1)","WRNIP1 GM12878 hg19","534","0.000002905199789018268","enrichr","534","0.000002905199789018268","0.9999932785917768907069103079265914857387542724609375000000000000000000000","0.999995201574610415029553678323281928896903991699218750000000000000000","","0","",NA,NA,NA
"ETV1","565","565.00000000000000","1","0.4833257123254110498855595778877614066004753112792968750000000000000000000","0.642438247710412801971813223644858226180076599121093750000000000000000","0.734154397638398514836","ChEA_2022(rank=565, adjP=0.642)","ETV1 20927104 ChIP-Seq GIST48 Human","535","0.734154397638398514836","enrichr","535","0.734154397638398514836","0.4833257123254110498855595778877614066004753112792968750000000000000000000","0.642438247710412801971813223644858226180076599121093750000000000000000","","4","Enrichr--Queries(rank=41); GTEx--Coexpression(rank=85); ARCHS4--Coexpression(rank=130); ReMap--ChIP-seq(rank=213)","127","0.02920000000000000","Enrichr Queries,0.0292"
"WDR5","566","566.00000000000000","1","0.4919832025592665858404473055998096242547035217285156250000000000000000000","0.652284762767636250302416556223761290311813354492187500000000000000000","0.720490286711862881752","ChEA_2022(rank=566, adjP=0.652)","WDR5 24793694 ChIP-Seq LNCAP Human","536","0.720490286711862881752","enrichr","536","0.720490286711862881752","0.4919832025592665858404473055998096242547035217285156250000000000000000000","0.652284762767636250302416556223761290311813354492187500000000000000000","","0","",NA,NA,NA
"POU3F2","567","567.00000000000000","1","0.4925181895620230898558133958431426435708999633789062500000000000000000000","0.652284762767636250302416556223761290311813354492187500000000000000000","0.713995950821458946756","ChEA_2022(rank=567, adjP=0.652)","POU3F2 20337985 ChIP-ChIP 501MEL Human","537","0.713995950821458946756","enrichr","537","0.713995950821458946756","0.4925181895620230898558133958431426435708999633789062500000000000000000000","0.652284762767636250302416556223761290311813354492187500000000000000000","","4","ARCHS4--Coexpression(rank=55); Literature--ChIP-seq(rank=126); GTEx--Coexpression(rank=205); Enrichr--Queries(rank=315)","148","0.03378000000000000","ARCHS4 Coexpression,0.03378"
"CNOT3","568","568.00000000000000","1","0.4933392080586114225582150538684800267219543457031250000000000000000000000","0.652284762767636250302416556223761290311813354492187500000000000000000","0.713061519086168438264","ChEA_2022(rank=568, adjP=0.652)","CNOT3 19339689 ChIP-ChIP MESCs Mouse","538","0.713061519086168438264","enrichr","538","0.713061519086168438264","0.4933392080586114225582150538684800267219543457031250000000000000000000000","0.652284762767636250302416556223761290311813354492187500000000000000000","","0","",NA,NA,NA
"WHSC1","572","572.00000000000000","1","0.9999932786018238539682556620391551405191421508789062500000000000000000000","0.999995201574610415029553678323281928896903991699218750000000000000000","0.000002844979107061844","ENCODE_TF_ChIP-seq_2015(rank=572, adjP=1)","WHSC1 K562 hg19","539","0.000002844979107061844","enrichr","539","0.000002844979107061844","0.9999932786018238539682556620391551405191421508789062500000000000000000000","0.999995201574610415029553678323281928896903991699218750000000000000000","","0","",NA,NA,NA
"AUTS2","580","580.00000000000000","1","0.5513970754937569385134565891348756849765777587890625000000000000000000000","0.713964144303123493529028564807958900928497314453125000000000000000000","0.588594544970799882222","ChEA_2022(rank=580, adjP=0.714)","AUTS2 25519132 ChIP-Seq 293T-REX Human","540","0.588594544970799882222","enrichr","540","0.588594544970799882222","0.5513970754937569385134565891348756849765777587890625000000000000000000000","0.713964144303123493529028564807958900928497314453125000000000000000000","","0","",NA,NA,NA
"ZNF274","589","696.00000000000000","2","0.5920674549141462517098943862947635352611541748046875000000000000000000000","0.754911135213113704267584580520633608102798461914062500000000000000000","0.504881568147815595893","ChEA_2022(rank=589, adjP=0.755); ENCODE_TF_ChIP-seq_2015(rank=803, adjP=1)","ZNF274 21170338 ChIP-Seq K562 Hela; ZNF274 K562 hg19","541","0.504881568147815595893","enrichr","541","0.504881568147815595893","0.5920674549141462517098943862947635352611541748046875000000000000000000000","0.754911135213113704267584580520633608102798461914062500000000000000000","","6","ENCODE--ChIP-seq(rank=102); Literature--ChIP-seq(rank=131); ReMap--ChIP-seq(rank=218); ARCHS4--Coexpression(rank=760); GTEx--Coexpression(rank=827); Enrichr--Queries(rank=860)","1145","0.46679999999999999","ARCHS4 Coexpression,0.4668"
"ZNF652","590","590.00000000000000","1","0.5940666347135097336007447665906511247158050537109375000000000000000000000","0.756176343508213277821994324767729267477989196777343750000000000000000","0.503081586339188313595","ChEA_2022(rank=590, adjP=0.756)","ZNF652 21678463 ChIP-ChIP ZR75-1 Human","542","0.503081586339188313595","enrichr","542","0.503081586339188313595","0.5940666347135097336007447665906511247158050537109375000000000000000000000","0.756176343508213277821994324767729267477989196777343750000000000000000","","4","Literature--ChIP-seq(rank=116); GTEx--Coexpression(rank=766); Enrichr--Queries(rank=1031); ARCHS4--Coexpression(rank=1080)","1157","0.47670000000000001","GTEx Coexpression,0.4767"
"TDRD3","595","595.00000000000000","1","0.6150414700254384081645753212796989828348159790039062500000000000000000000","0.776296040317821733900416347751161083579063415527343750000000000000000","0.464912474279740917105","ChEA_2022(rank=595, adjP=0.776)","TDRD3 21172665 ChIP-Seq MCF-7 Human","543","0.464912474279740917105","enrichr","543","0.464912474279740917105","0.6150414700254384081645753212796989828348159790039062500000000000000000000","0.776296040317821733900416347751161083579063415527343750000000000000000","","0","",NA,NA,NA
"HOXB13","596","596.00000000000000","1","0.6247144848578436437946947989985346794128417968750000000000000000000000000","0.787182178067517335229297259502345696091651916503906250000000000000000","0.455116560261176250624","ChEA_2022(rank=596, adjP=0.787)","HOXB13 26457646 ChIP-Seq LNCaP Human Prostate Carcinoma","544","0.455116560261176250624","enrichr","544","0.455116560261176250624","0.6247144848578436437946947989985346794128417968750000000000000000000000000","0.787182178067517335229297259502345696091651916503906250000000000000000","","4","ReMap--ChIP-seq(rank=87); Enrichr--Queries(rank=345); ARCHS4--Coexpression(rank=627); GTEx--Coexpression(rank=635)","733","0.24570000000000000","Enrichr Queries,0.2457"
"PKCTHETA","602","602.00000000000000","1","0.6709594879514769738548807254119310528039932250976562500000000000000000000","0.837027533972690140906536271359072998166084289550781250000000000000000","0.368005002588328855584","ChEA_2022(rank=602, adjP=0.837)","PKCTHETA 26484144 Chip-Seq BREAST Human","545","0.368005002588328855584","enrichr","545","0.368005002588328855584","0.6709594879514769738548807254119310528039932250976562500000000000000000000","0.837027533972690140906536271359072998166084289550781250000000000000000","","0","",NA,NA,NA
"ZFP42","611","611.00000000000000","1","0.7179693854713864453742644400335848331451416015625000000000000000000000000","0.882479555628496337149613282235804945230484008789062500000000000000000","0.307195118351427376435","ChEA_2022(rank=611, adjP=0.882)","ZFP42 18358816 ChIP-ChIP MESCs Mouse","546","0.307195118351427376435","enrichr","546","0.307195118351427376435","0.7179693854713864453742644400335848331451416015625000000000000000000000000","0.882479555628496337149613282235804945230484008789062500000000000000000","","4","Literature--ChIP-seq(rank=139); Enrichr--Queries(rank=638); ARCHS4--Coexpression(rank=680); GTEx--Coexpression(rank=1381)","1065","0.41770000000000002","ARCHS4 Coexpression,0.4177"
"HOXA2","613","613.00000000000000","1","0.7276408943634031789571281478856690227985382080078125000000000000000000000","0.891005116859267753959272795327706262469291687011718750000000000000000","0.248490366640735538262","ChEA_2022(rank=613, adjP=0.891)","HOXA2 22223247 ChIP-Seq E11.5 EMBRYO Mouse","547","0.248490366640735538262","enrichr","547","0.248490366640735538262","0.7276408943634031789571281478856690227985382080078125000000000000000000000","0.891005116859267753959272795327706262469291687011718750000000000000000","","4","Literature--ChIP-seq(rank=135); GTEx--Coexpression(rank=171); Enrichr--Queries(rank=209); ARCHS4--Coexpression(rank=383)","395","0.10639999999999999","GTEx Coexpression,0.1064"
"TBX5","617","617.00000000000000","1","0.7639924061523301057619050880020949989557266235351562500000000000000000000","0.929916202626256960250827887648483738303184509277343750000000000000000","0.248587795882398876479","ChEA_2022(rank=617, adjP=0.93)","TBX5 21415370 ChIP-Seq HL-1 Mouse","548","0.248587795882398876479","enrichr","548","0.248587795882398876479","0.7639924061523301057619050880020949989557266235351562500000000000000000000","0.929916202626256960250827887648483738303184509277343750000000000000000","","4","ARCHS4--Coexpression(rank=45); Literature--ChIP-seq(rank=132); Enrichr--Queries(rank=594); GTEx--Coexpression(rank=652)","121","0.02764000000000000","ARCHS4 Coexpression,0.02764"
"EBNA2","626","626.00000000000000","1","0.8246380654875630211719794715463649481534957885742187500000000000000000000","0.989302215944344975895319294068031013011932373046875000000000000000000","0.170654148361882113116","ChEA_2022(rank=626, adjP=0.989)","EBNA2 21746931 ChIP-Seq IB4-LCL Human","549","0.170654148361882113116","enrichr","549","0.170654148361882113116","0.8246380654875630211719794715463649481534957885742187500000000000000000000","0.989302215944344975895319294068031013011932373046875000000000000000000","","0","",NA,NA,NA
"IGF1R","634","634.00000000000000","1","0.8529223393787054297021654747368302196264266967773437500000000000000000000","0.999995076498318979929535998962819576263427734375000000000000000000000","0.099937269936976422247","ChEA_2022(rank=634, adjP=1)","IGF1R 20145208 ChIP-Seq DFB Human","550","0.099937269936976422247","enrichr","550","0.099937269936976422247","0.8529223393787054297021654747368302196264266967773437500000000000000000000","0.999995076498318979929535998962819576263427734375000000000000000000000","","0","",NA,NA,NA
"FUS","635","635.00000000000000","1","0.8605734684763476360913614371384028345346450805664062500000000000000000000","0.999995076498318979929535998962819576263427734375000000000000000000000","0.119435641424457603121","ChEA_2022(rank=635, adjP=1)","FUS 26573619 Chip-Seq HEK293 Human","551","0.119435641424457603121","enrichr","551","0.119435641424457603121","0.8605734684763476360913614371384028345346450805664062500000000000000000000","0.999995076498318979929535998962819576263427734375000000000000000000000","","0","",NA,NA,NA
"NUCKS1","636","636.00000000000000","1","0.8625322255159455497874887441867031157016754150390625000000000000000000000","0.999995076498318979929535998962819576263427734375000000000000000000000","0.120918849036155198751","ChEA_2022(rank=636, adjP=1)","NUCKS1 24931609 ChIP-Seq HEPATOCYTES Mouse","552","0.120918849036155198751","enrichr","552","0.120918849036155198751","0.8625322255159455497874887441867031157016754150390625000000000000000000000","0.999995076498318979929535998962819576263427734375000000000000000000000","","0","",NA,NA,NA
"TAF7L","640","640.00000000000000","1","0.8712535766296605199698888100101612508296966552734375000000000000000000000","0.999995076498318979929535998962819576263427734375000000000000000000000","0.111418089460636193788","ChEA_2022(rank=640, adjP=1)","TAF7L 23326641 ChIP-Seq C3H10T1-2 Mouse","553","0.111418089460636193788","enrichr","553","0.111418089460636193788","0.8712535766296605199698888100101612508296966552734375000000000000000000000","0.999995076498318979929535998962819576263427734375000000000000000000000","","0","",NA,NA,NA
"ASH2L","649","649.00000000000000","1","0.9113383728014424756125322346633765846490859985351562500000000000000000000","0.999995076498318979929535998962819576263427734375000000000000000000000","0.081981610177011762786","ChEA_2022(rank=649, adjP=1)","ASH2L 23239880 ChIP-Seq MESCs Mouse","554","0.081981610177011762786","enrichr","554","0.081981610177011762786","0.9113383728014424756125322346633765846490859985351562500000000000000000000","0.999995076498318979929535998962819576263427734375000000000000000000000","","0","",NA,NA,NA
"SREBP1","657","657.00000000000000","1","0.9524000521095645765967674378771334886550903320312500000000000000000000000","0.999995076498318979929535998962819576263427734375000000000000000000000","0.035178077793145627605","ChEA_2022(rank=657, adjP=1)","SREBP1 19666523 ChIP-Seq LIVER Mouse","555","0.035178077793145627605","enrichr","555","0.035178077793145627605","0.9524000521095645765967674378771334886550903320312500000000000000000000000","0.999995076498318979929535998962819576263427734375000000000000000000000","","0","",NA,NA,NA
"PRDM16","671","671.00000000000000","1","0.9751368143526796261610911642492283135652542114257812500000000000000000000","0.999995076498318979929535998962819576263427734375000000000000000000000","0.008898450766271272586","ChEA_2022(rank=671, adjP=1)","PRDM16 22522345 ChIP-ChIP PALATE MESENCHYMAL Mouse","556","0.008898450766271272586","enrichr","556","0.008898450766271272586","0.9751368143526796261610911642492283135652542114257812500000000000000000000","0.999995076498318979929535998962819576263427734375000000000000000000000","","4","GTEx--Coexpression(rank=30); Enrichr--Queries(rank=107); Literature--ChIP-seq(rank=145); ARCHS4--Coexpression(rank=539)","82","0.01867000000000000","GTEx Coexpression,0.01867"
"MYBL1","673","673.00000000000000","1","0.9795042034915271145223414350766688585281372070312500000000000000000000000","0.999995076498318979929535998962819576263427734375000000000000000000000","0.007027708379017027530","ChEA_2022(rank=673, adjP=1)","MYBL1 21750041 ChIP-ChIP SPERMATOCYTES Mouse","557","0.007027708379017027530","enrichr","557","0.007027708379017027530","0.9795042034915271145223414350766688585281372070312500000000000000000000000","0.999995076498318979929535998962819576263427734375000000000000000000000","","4","Literature--ChIP-seq(rank=149); GTEx--Coexpression(rank=238); ARCHS4--Coexpression(rank=551); Enrichr--Queries(rank=1221)","515","0.14810000000000001","GTEx Coexpression,0.1481"
"TFEB","688","688.00000000000000","1","0.9953555911384993626356276763544883579015731811523437500000000000000000000","0.999995076498318979929535998962819576263427734375000000000000000000000","0.002816452296729436266","ChEA_2022(rank=688, adjP=1)","TFEB 21752829 ChIP-Seq HELA Human","558","0.002816452296729436266","enrichr","558","0.002816452296729436266","0.9953555911384993626356276763544883579015731811523437500000000000000000000","0.999995076498318979929535998962819576263427734375000000000000000000000","","4","Literature--ChIP-seq(rank=151); GTEx--Coexpression(rank=303); ARCHS4--Coexpression(rank=398); Enrichr--Queries(rank=981)","609","0.18859999999999999","GTEx Coexpression,0.1886"
"MBD4","694","694.00000000000000","1","0.9999934358369059195226213887508492916822433471679687500000000000000000000","0.999995201574610415029553678323281928896903991699218750000000000000000","0.000001772976105459579","ENCODE_TF_ChIP-seq_2015(rank=694, adjP=1)","MBD4 HepG2 hg19","559","0.000001772976105459579","enrichr","559","0.000001772976105459579","0.9999934358369059195226213887508492916822433471679687500000000000000000000","0.999995201574610415029553678323281928896903991699218750000000000000000","","5","ENCODE--ChIP-seq(rank=113); ReMap--ChIP-seq(rank=273); GTEx--Coexpression(rank=489); ARCHS4--Coexpression(rank=796); Enrichr--Queries(rank=1287)","856","0.30430000000000001","GTEx Coexpression,0.3043"
"PRDM5","696","696.00000000000000","1","0.9974727815200227221126283438934478908777236938476562500000000000000000000","0.999995076498318979929535998962819576263427734375000000000000000000000","0.001575303339021017976","ChEA_2022(rank=696, adjP=1)","PRDM5 23873026 ChIP-Seq MEFs Mouse","560","0.001575303339021017976","enrichr","560","0.001575303339021017976","0.9974727815200227221126283438934478908777236938476562500000000000000000000","0.999995076498318979929535998962819576263427734375000000000000000000000","","4","Enrichr--Queries(rank=11); Literature--ChIP-seq(rank=150); GTEx--Coexpression(rank=265); ARCHS4--Coexpression(rank=715)","35","0.00783500000000000","Enrichr Queries,0.007835"
"THAP1","696","696.00000000000000","1","0.9999934655750638556881426666222978383302688598632812500000000000000000000","0.999995201574610415029553678323281928896903991699218750000000000000000","0.000001552770876422165","ENCODE_TF_ChIP-seq_2015(rank=696, adjP=1)","THAP1 K562 hg19","561","0.000001552770876422165","enrichr","561","0.000001552770876422165","0.9999934655750638556881426666222978383302688598632812500000000000000000000","0.999995201574610415029553678323281928896903991699218750000000000000000","","5","ENCODE--ChIP-seq(rank=114); ReMap--ChIP-seq(rank=237); Enrichr--Queries(rank=1263); GTEx--Coexpression(rank=1508); ARCHS4--Coexpression(rank=1519)","1552","0.79800000000000004","ReMap ChIP-seq,0.798"
"DCP1A","698","698.00000000000000","1","0.9983232554116308055114359376602806150913238525390625000000000000000000000","0.999995076498318979929535998962819576263427734375000000000000000000000","0.000923323888570632420","ChEA_2022(rank=698, adjP=1)","DCP1A 22483619 ChIP-Seq HELA Human","562","0.000923323888570632420","enrichr","562","0.000923323888570632420","0.9983232554116308055114359376602806150913238525390625000000000000000000000","0.999995076498318979929535998962819576263427734375000000000000000000000","","0","",NA,NA,NA
"EKLF","700","700.00000000000000","1","0.9986390419760076131439063829020597040653228759765625000000000000000000000","0.999995076498318979929535998962819576263427734375000000000000000000000","0.000857733450752553510","ChEA_2022(rank=700, adjP=1)","EKLF 21900194 ChIP-Seq ERYTHROCYTE Mouse","563","0.000857733450752553510","enrichr","563","0.000857733450752553510","0.9986390419760076131439063829020597040653228759765625000000000000000000000","0.999995076498318979929535998962819576263427734375000000000000000000000","","0","",NA,NA,NA
"TTF2","704","704.00000000000000","1","0.9994605715116370303618964499037247151136398315429687500000000000000000000","0.999995076498318979929535998962819576263427734375000000000000000000000","0.000339820405090953033","ChEA_2022(rank=704, adjP=1)","TTF2 22483619 ChIP-Seq HELA Human","564","0.000339820405090953033","enrichr","564","0.000339820405090953033","0.9994605715116370303618964499037247151136398315429687500000000000000000000","0.999995076498318979929535998962819576263427734375000000000000000000000","","0","",NA,NA,NA
"ASXL1","708","708.00000000000000","1","0.9998674248909155126696646220807451754808425903320312500000000000000000000","0.999995076498318979929535998962819576263427734375000000000000000000000","0.000058159612338067686","ChEA_2022(rank=708, adjP=1)","ASXL1 24218140 ChIP-Seq BMDM Mouse","565","0.000058159612338067686","enrichr","565","0.000058159612338067686","0.9998674248909155126696646220807451754808425903320312500000000000000000000","0.999995076498318979929535998962819576263427734375000000000000000000000","","0","",NA,NA,NA
"SFPI1","709","709.00000000000000","1","0.9999179965883731036058179597603157162666320800781250000000000000000000000","0.999995076498318979929535998962819576263427734375000000000000000000000","0.000052450328837950502","ChEA_2022(rank=709, adjP=1)","SFPI1 20887958 ChIP-Seq HPC-7 Mouse","566","0.000052450328837950502","enrichr","566","0.000052450328837950502","0.9999179965883731036058179597603157162666320800781250000000000000000000000","0.999995076498318979929535998962819576263427734375000000000000000000000","","0","",NA,NA,NA
"ZBTB16","715","715.00000000000000","1","0.9999757973488686557672622257086914032697677612304687500000000000000000000","0.999995076498318979929535998962819576263427734375000000000000000000000","0.000008898245179924088","ChEA_2022(rank=715, adjP=1)","ZBTB16 27035670 ChIP-Seq hESC Human Endometrial","567","0.000008898245179924088","enrichr","567","0.000008898245179924088","0.9999757973488686557672622257086914032697677612304687500000000000000000000","0.999995076498318979929535998962819576263427734375000000000000000000000","","4","ReMap--ChIP-seq(rank=292); Enrichr--Queries(rank=349); ARCHS4--Coexpression(rank=388); GTEx--Coexpression(rank=539)","716","0.23830000000000001","ARCHS4 Coexpression,0.2383"
"THAP11","718","718.00000000000000","1","0.9999839230957353608530979727220255881547927856445312500000000000000000000","0.999995076498318979929535998962819576263427734375000000000000000000000","0.000005759884450834149","ChEA_2022(rank=718, adjP=1)","THAP11 20581084 ChIP-Seq MESCs Mouse","568","0.000005759884450834149","enrichr","568","0.000005759884450834149","0.9999839230957353608530979727220255881547927856445312500000000000000000000","0.999995076498318979929535998962819576263427734375000000000000000000000","","5","ReMap--ChIP-seq(rank=110); Literature--ChIP-seq(rank=155); ARCHS4--Coexpression(rank=1038); GTEx--Coexpression(rank=1231); Enrichr--Queries(rank=1375)","978","0.37040000000000001","ReMap ChIP-seq,0.3704"
"XRN2","723","723.00000000000000","1","0.9999919266524446292976335826097056269645690917968750000000000000000000000","0.999995076498318979929535998962819576263427734375000000000000000000000","0.000004055229224231907","ChEA_2022(rank=723, adjP=1)","XRN2 22483619 ChIP-Seq HELA Human","569","0.000004055229224231907","enrichr","569","0.000004055229224231907","0.9999919266524446292976335826097056269645690917968750000000000000000000000","0.999995076498318979929535998962819576263427734375000000000000000000000","","0","",NA,NA,NA
"GABP","737","737.00000000000000","1","0.9999931617175976672484694063314236700534820556640625000000000000000000000","0.999995076498318979929535998962819576263427734375000000000000000000000","0.000001673886268097165","ChEA_2022(rank=737, adjP=1)","GABP 19822575 ChIP-Seq HepG2 Human","570","0.000001673886268097165","enrichr","570","0.000001673886268097165","0.9999931617175976672484694063314236700534820556640625000000000000000000000","0.999995076498318979929535998962819576263427734375000000000000000000000","","0","",NA,NA,NA
"HOXC9","740","740.00000000000000","1","0.9999934993934517235558701031550299376249313354492187500000000000000000000","0.999995076498318979929535998962819576263427734375000000000000000000000","0.000003230135212926090","ChEA_2022(rank=740, adjP=1)","HOXC9 25013753 ChIP-Seq NEUROBLASTOMA BE2-C Human","571","0.000003230135212926090","enrichr","571","0.000003230135212926090","0.9999934993934517235558701031550299376249313354492187500000000000000000000","0.999995076498318979929535998962819576263427734375000000000000000000000","","4","Enrichr--Queries(rank=110); Literature--ChIP-seq(rank=159); GTEx--Coexpression(rank=861); ARCHS4--Coexpression(rank=1065)","306","0.07835000000000000","Enrichr Queries,0.07835"
"JARID1A","741","741.00000000000000","1","0.9999935378024632504079249883943703025579452514648437500000000000000000000","0.999995076498318979929535998962819576263427734375000000000000000000000","0.000001487624210416701","ChEA_2022(rank=741, adjP=1)","JARID1A 20064375 ChIP-Seq MESCs Mouse","572","0.000001487624210416701","enrichr","572","0.000001487624210416701","0.9999935378024632504079249883943703025579452514648437500000000000000000000","0.999995076498318979929535998962819576263427734375000000000000000000000","","0","",NA,NA,NA
"EST1","742","742.00000000000000","1","0.9999935780837548859878438634041231125593185424804687500000000000000000000","0.999995076498318979929535998962819576263427734375000000000000000000000","0.000002029266698810444","ChEA_2022(rank=742, adjP=1)","EST1 17652178 ChIP-ChIP JURKAT Human","573","0.000002029266698810444","enrichr","573","0.000002029266698810444","0.9999935780837548859878438634041231125593185424804687500000000000000000000","0.999995076498318979929535998962819576263427734375000000000000000000000","","0","",NA,NA,NA
"NELFA","745","745.00000000000000","1","0.9999937769012905430798809902626089751720428466796875000000000000000000000","0.999995076498318979929535998962819576263427734375000000000000000000000","0.000002521988941349264","ChEA_2022(rank=745, adjP=1)","NELFA 20434984 ChIP-Seq ESCs Mouse","574","0.000002521988941349264","enrichr","574","0.000002521988941349264","0.9999937769012905430798809902626089751720428466796875000000000000000000000","0.999995076498318979929535998962819576263427734375000000000000000000000","","0","",NA,NA,NA
"SUPT20H","789","789.00000000000000","1","0.9999941478269007699708481595735065639019012451171875000000000000000000000","0.999995201574610415029553678323281928896903991699218750000000000000000","0.000002281575925562889","ENCODE_TF_ChIP-seq_2015(rank=789, adjP=1)","SUPT20H GM12878 hg19","575","0.000002281575925562889","enrichr","575","0.000002281575925562889","0.9999941478269007699708481595735065639019012451171875000000000000000000000","0.999995201574610415029553678323281928896903991699218750000000000000000","","0","",NA,NA,NA
"CEBPZ","809","809.00000000000000","1","0.9999945394658019681699556713283527642488479614257812500000000000000000000","0.999995201574610415029553678323281928896903991699218750000000000000000","0.000001821966209443780","ENCODE_TF_ChIP-seq_2015(rank=809, adjP=1)","CEBPZ HepG2 hg19","576","0.000001821966209443780","enrichr","576","0.000001821966209443780","0.9999945394658019681699556713283527642488479614257812500000000000000000000","0.999995201574610415029553678323281928896903991699218750000000000000000","","5","ENCODE--ChIP-seq(rank=98); ReMap--ChIP-seq(rank=293); Enrichr--Queries(rank=1404); ARCHS4--Coexpression(rank=1413); GTEx--Coexpression(rank=1520)","1569","0.83050000000000002","ENCODE ChIP-seq,0.8305"
