"TF","Term","Overlap","P.value","Adjusted.P.value","Old.P.value","Old.Adjusted.P.value","Odds.Ratio","Combined.Score","Genes"
"SUZ12","SUZ12 20075857 ChIP-Seq MESCs Mouse","472/3611","0.00000000000000000000000000000000000000000000001862712195662062","0.00000000000000000000000000000000000000000001406347707724857","0","0","2.4740790650855415","266.209585689259199625667","TES;SERPINE2;FRMPD1;COL12A1;STMN3;ENO2;FGFRL1;GLDN;ZFYVE28;GCSH;HTR6;GPR176;HTR7;DPYSL3;LIPG;HOXA1;CACNA2D1;FIBCD1;DKK1;CLDN3;ADCY9;RUFY4;PARD3;MAML3;NGEF;COL13A1;GATA6;IL20RA;PDGFB;ENDOD1;LYPD3;PDGFC;HOXC4;ST3GAL6;PROM2;ABCA2;NGFR;AFAP1L2;ST14;COL24A1;ABCA3;MCAM;PBX3;NR2F2;GRIN2C;L1CAM;FHDC1;GPR137C;PCDHGA10;GJB2;DCHS1;PRRT4;PAM;RET;KCNC3;KCNC4;BHLHE41;LRRC3;HOXC13;AREG;HOXC11;PRSS23;SHD;LFNG;MRC2;TIMP2;TIMP3;RSPO1;FGFBP3;SLC18A2;DENND2D;TIGD5;CHST7;GPR37;PLLP;TESC;F3;DUSP6;DUSP7;MMP14;ZEB1;MMP16;OAF;MMP17;PLSCR4;PPARG;KIFC3;PPARA;CHST2;MGLL;HBEGF;SAMD5;GRAMD1B;NFIX;SYNPO2;PELI2;SNX33;PTGS2;APOLD1;ADCY5;PSMB6;GLRA1;GPR153;HAS3;MICALL2;CSMD3;MBNL3;P4HTM;IL12RB2;GSN;BRF1;KCNB1;WNT7B;BMP8A;WNT7A;DHRS3;PSMB9;GATM;SLCO3A1;SARM1;RIMBP3;NOTUM;CRLF1;LIMS2;TMEM229B;KCNG3;CSF1;IRS1;CHRM4;IRS2;IL1RAP;ALDH1L2;FGF2;FAM107B;NRBP2;FGF9;GRB14;MAP3K5;KCNH2;LAG3;IGFBP3;VASH2;VASH1;FOXP2;LEMD1;SLC9A2;DISP2;OLFM1;CACNB2;FRMD5;OLFM2;CACNB3;CACNB4;CLIP4;TNIK;NPTXR;SHC4;RTN4R;SHC2;CUL7;TACSTD2;CHRD;FOXO6;ILDR2;LIN7A;GLIS1;NPAS2;GLIS2;SAV1;TMEM25;AP1M2;MAP2K6;KCNF1;TMEM120B;HTR1B;CYBRD1;ABHD15;CDK3;RCAN2;BCL2;RNF182;SP5;CSPG5;LHX5;SLC26A4;NES;CNTNAP2;CPM;CNTNAP1;ITGB4;ONECUT3;ONECUT1;RASGRF1;DYSF;FHL2;TSPAN12;THBD;ADAMTS2;ATP7B;CNGA1;PMEPA1;CCIN;PRKG1;ADAMTS7;CCDC38;AMN;ITGA3;TRPC1;ITGA1;KCNAB3;PARD3B;C1QL1;ARL4C;RTN4RL1;SMPDL3A;ST6GALNAC5;ITGA9;CCDC40;SMARCD3;CEBPD;SEMA3D;SEMA3B;PPM1H;ZBTB42;PRR5L;AP3M2;MGAT5B;MAL2;SLC25A21;PCDH1;TRIM44;TBX1;SLC12A5;KCNJ11;IRX3;PLCL2;DONSON;MBOAT1;SYT13;FBXL16;KLF7;FRAS1;KCP;TLL2;PIK3AP1;ICAM5;ANTXR2;ZDHHC2;TRIM29;SOX8;SOX9;CCDC92;SCN1B;IL15RA;PAQR5;ACSL6;KRT8;HNF1B;EBF4;VWA5B2;MAPK8IP2;OVOL1;ANK1;EREG;FNDC4;CYP2U1;KCNQ1;KCNQ4;TRIM15;KCTD12;RIN1;SPATA18;TRIM10;ZFPM1;TRANK1;TWIST1;TMTC1;C2CD4C;PPL;ARSJ;ST8SIA6;TSPAN2;FAM43A;STXBP6;TRPM6;ATP6V1C2;RTBDN;SLC10A4;NTNG2;EGR3;PTPRN2;LIF;DCLK1;ID2;NMU;ID3;COL9A3;COL9A2;MKX;CCNJL;TMEM151A;FKBP10;NRP2;SYNM;CITED4;OTUD7A;GRIK4;N4BP2L1;GRIK2;SLC22A17;DNER;CTSH;ZHX2;HEG1;IZUMO1;NOG;ANO8;KREMEN2;TUBG2;TMEM150C;IL17RC;IL17RB;ZDHHC14;RNF144B;VSNL1;MDFIC;FAM20C;FJX1;CD44;PTGER4;PAPLN;ZDHHC23;CXCR4;PRICKLE1;AKAP5;CAMKK1;TYMP;STAMBPL1;HSF4;SUSD4;RIBC2;MPZL2;CD72;DMRT1;RFTN1;PCDHB14;PNMA2;KAZALD1;GRHL2;GRIN1;KRT18;LBX2;FKBP1B;MAMLD1;RAMP1;FHOD3;LOXL4;GALNT10;CLGN;NR3C2;GRIP1;SYDE1;PLAU;EOMES;KIRREL2;MSX2;LMO4;TMOD2;ADAM11;GRIP2;GPRIN3;STEAP1;EMID1;NXPH3;NPR3;SLC1A1;ALOX15;TMEM59L;CACNA1D;LTBP2;PLD1;CPLX1;LTBP1;FBLN5;ZFP36L1;DPP4;EFNB2;CACNA1I;WNT6;SCUBE1;TMEM125;CASKIN1;RHPN1;SYT1;CRIM1;BMP7;POU2F3;SYT7;LRP1B;BMP4;PYY;BMP2;GNAL;EFNA2;ATG16L2;DLG5;CNTN1;DEGS2;DOCK4;DOCK3;MAST4;LAMC3;TTC22;DOCK8;MAST1;TNFAIP2;SIX1;LYL1;DBP;GRM7;RASGEF1C;BDKRB2;SPEG;GALNT9;DACT1;ABCC3;CAMK1D;TBC1D8;NAV2;AXIN2;MYRIP;SYNGR3;WNT16;SSTR5;EPN3;VCAN;VGF;CHDH;RNF207;TRNP1;ZMYND10;NAT8L;CAMK2D;LAMA2;LAMA4;LAMA3;DLL1;THBS4;GNG4;SPOCK2;ATOH8;NRIP1;MAN1C1;KLRG2;LRIG1;CHSY3;SLIT2;GALNT3;LGI3;EYA4;MAPK15;SGPP2;EEPD1;MAPK11;DES;PDE10A;FAM131B;CHPT1;SPRY1;LTBR;SSBP2;SNTB1"
"MTF2","MTF2 20144788 ChIP-Seq MESCs Mouse","321/2488","0.00000000000000000000000000003349811013815698512349693216303263","0.00000000000000000000000001264553657715426383192495730304055","0","0","2.2317506551567932","146.327105766643938977722","SERPINE2;FRMPD1;COL12A1;ICAM5;ANTXR2;ZDHHC2;GLDN;ZFYVE28;HTR6;GPR176;HTR7;LIPG;HOXA1;SOX8;SOX9;ACAD11;CCDC92;TNS4;SCN1B;IL15RA;PAQR5;DAPK1;CACNA2D1;FIBCD1;KRT8;HNF1B;EBF4;OVOL1;ANK1;DKK1;EREG;CLDN3;FNDC4;ADCY9;RUFY4;KCNQ4;KCTD12;ZFPM1;NGEF;SLC45A3;COL13A1;FICD;GATA6;IL20RA;PDGFB;ENDOD1;TWIST1;TMTC1;PPL;BLOC1S1;HOXC4;HIVEP3;ST8SIA6;ST3GAL6;STXBP6;TRPM6;ATP6V1C2;SLC10A4;NGFR;NTNG2;AFAP1L2;EGR3;COL24A1;MCAM;PBX3;NR2F2;GRIN2C;FHDC1;DCLK1;PCDHGA10;GJB2;ID2;ID3;COL9A3;MKX;TMEM151A;RET;NRP2;KCNC4;CITED4;OTUD7A;N4BP2L1;HOXC13;GRIK2;AREG;HOXC11;PRSS23;LFNG;MRC2;SLC22A17;DNER;TIMP2;RSPO1;FGFBP3;DENND2D;ZHX2;TIGD5;CHST7;GPR37;PLLP;TESC;HEG1;NOG;KREMEN2;CBFA2T3;ZDHHC14;DUSP7;MMP14;ZEB1;MDFIC;OAF;B3GNT5;MMP17;PLSCR4;PPARG;FJX1;CHST2;MGLL;HBEGF;SAMD5;PTGER4;GRAMD1B;NFIX;PELI2;ZDHHC23;CXCR4;SNX33;PRICKLE1;CAMKK1;APOLD1;ADCY5;GLRA1;STAMBPL1;HAS3;HSF4;SUSD4;CSMD3;GSN;DMRT1;KCNB1;WNT7B;RFTN1;WNT7A;PNMA2;KAZALD1;DHRS3;PSMB9;GATM;KRT18;LBX2;SLCO3A1;RIMBP3;NOTUM;MAMLD1;RAMP1;CRLF1;FHOD3;KCNG3;SLC27A1;CSF1;IRS1;RORC;FGF2;KLHL30;GALNT10;CLGN;NR3C2;GRIP1;FGF9;GRB14;MAP3K5;EOMES;MSX2;IGFBP3;TMOD2;ADAM11;VASH2;VASH1;FOXP2;LEMD1;SLC9A2;OLFM1;CACNB2;OLFM2;CACNB4;CLIP4;GEMIN7;NPTXR;EMID1;SHC4;RTN4R;SHC2;NPR3;SLC1A1;TMEM59L;TACSTD2;CHRD;FOXO6;LIN7A;CACNA1D;LTBP2;GLIS1;NPAS2;FBLN5;SAV1;ZFP36L1;DPP4;EFNB2;CACNA1I;WNT6;SCUBE1;CASKIN1;KCNF1;CRIM1;HTR1B;CYBRD1;CORO2B;BMP7;POU2F3;SYT7;LRP1B;BMP4;BMP2;GNAL;BCL2;SP5;LHX5;DEGS2;SLC26A4;NES;CPM;CNTNAP1;DOCK3;ITGB4;ONECUT3;LAMC3;DOCK8;ONECUT1;RASGRF1;DYSF;FHL2;TNFAIP2;HMGB3;SIX1;TSPAN12;RND3;LYL1;THBD;ADAMTS2;GRM7;RASGEF1C;PMEPA1;SPEG;CCIN;PRKG1;DACT1;ADAMTS7;ABCC3;AMN;CAMK1D;ITGA3;ITGA1;TNFRSF19;NAV2;AXIN2;MYRIP;KCNAB3;WNT16;PARD3B;C1QL1;ARL4C;VCAN;VGF;RTN4RL1;NAT8L;ST6GALNAC5;ITGA9;CAMK2D;SMARCD3;CEBPD;SEMA3D;PPM1H;DLL1;THBS4;ABLIM3;GNG4;SPOCK2;ATOH8;NRIP1;MAN1C1;KLRG2;LRIG1;MAL2;SLC25A21;CHSY3;SLIT2;PCDH1;TRIM44;TBX1;SLC12A5;GALNT3;KCNJ11;IRX3;LGI3;EYA4;PLCL2;DONSON;MBOAT1;MAPK15;SGPP2;FRAS1;DES;PDE10A;TLL2;CHPT1;SPRY1;VIM;LTBR;PIK3AP1;SSBP2;SNTB1"
"SOX2","SOX2 20726797 ChIP-Seq SW620 Human","262/1931","0.00000000000000000000000000920050915501188288714509969435374366","0.00000000000000000000000231546147067799046920099832433451826","0","0","2.3116670603713549","138.585685530510488661093","EHF;IL1RN;SERPINE1;STMN3;ANTXR2;ZDHHC2;ENO3;IFIT2;TRIM29;DPYSL3;LIPG;RASSF6;HOMER3;SOX8;CHAC1;ACAD11;CCDC92;SPA17;TNS4;PRKACB;TNS3;IL15RA;ST6GAL1;ARL14;PAQR5;DAPK1;SERPINF1;FIBCD1;ACSL5;WDR72;OVOL1;EREG;SULT2B1;INPP4B;DEPDC1B;CLDN3;IFI27;LACTB2;KCNQ1;PARD3;DDIT4;FEZ2;MALL;KCTD12;MAML3;ATF5;CLOCK;CFB;GATA6;IL20RA;PIK3R1;PPL;ARSJ;PDGFC;ZBED2;FAM43A;S100A14;STXBP6;PCK2;FDFT1;PROM2;VASP;NGFR;ST14;RABGAP1L;EGR3;PTPRN2;PBX3;NR2F2;NMI;L1CAM;ELL3;GJB2;PPFIBP2;ID2;COL9A3;MKX;ITM2C;FANK1;NRP2;SERPINA1;SLC44A2;CETN2;TGFB1I1;HNF4G;HOXC13;KRT20;SIPA1L2;AREG;PRSS23;SIPA1L3;SCML1;PBK;TIMP2;CTSH;DLGAP1;ANXA9;SLC18A2;DENND2D;PSENEN;FGFBP1;GPR37;PLLP;TESC;HEG1;MMEL1;TMC5;SERPINB5;VSNL1;PPARG;PPARA;FJX1;CD44;MGLL;HBEGF;SAMD9;TMPRSS4;PTGS2;CRIP1;CHN1;HAS3;GCNT3;APOL1;CA12;GSN;PLEKHA6;DHRS2;GRHL2;DHRS3;PSMB9;TMEM154;CENPF;AADAC;FABP5;AXL;FKBP1B;NOTUM;FRK;LIMS2;FHOD3;ANKRD37;IRS1;LOXL4;PRDM1;GALNT10;NRBP2;DOCK11;GRB14;PLAU;PAPOLA;NEK2;TGM2;KRT6A;PIAS3;RNF43;S100A2;LMO4;ANXA10;LEMD1;ZNF91;FANCD2;TMEM139;S100A3;GEMIN7;TNIK;STEAP1;SCG2;ABCG1;FAIM;RTN4R;ZNF550;GPR87;SLC1A1;TACSTD2;DAPP1;GLIS2;DPP4;SDCBP;TMEM125;SOCS6;AP1M2;FAM83B;MAP2K6;SYT1;KLRC4;CRIM1;CYBRD1;BMP7;BMP4;DIAPH1;BMP2;NAT1;BAMBI;DLG4;LCN2;PIR;SP5;CSPG5;DEGS2;NES;DOCK4;FHL1;TNFAIP2;SIX1;SLC2A3;MSLN;TSPAN12;RND3;PITPNC1;KIAA1549;HEPH;CA2;SCRN2;CASP4;TMEM107;ABCC3;MMP7;CCDC34;ITGA3;PDE4D;TNFRSF19;AMT;NAV2;ETV6;EPN3;ELF3;OAS1;PALLD;IRF1;HKDC1;COL6A1;MNS1;AGPAT5;CAMK2D;CEBPD;LAMA3;THSD4;AP3M2;POLD4;SRR;SH3TC2;ABLIM3;GNG4;OXCT1;NRIP1;MAL2;SNCG;PDLIM5;WASF3;GALNT3;PLCL2;FBXL16;GDAP1;SGPP2;SBK1;PSAT1;LNX1;SPRY2;VIM;PIK3AP1;SSBP2;FOLR1"
"SUZ12","SUZ12 18692474 ChIP-Seq MESCs Mouse","216/1531","0.00000000000000000000000445449694440210260122627219401677619987","0.00000000000000000000084078629825589692291946649457521767496","0","0","2.3743952145345784","127.666786047135474291281","COL12A1;ANTXR2;GLDN;ZFYVE28;HTR6;GPR176;HTR7;LIPG;HOXA1;SOX8;SOX9;IL15RA;CACNA2D1;FIBCD1;EBF4;MAPK8IP2;OVOL1;ANK1;DKK1;RUFY4;KCNQ4;ZFPM1;NGEF;COL13A1;GATA6;IL20RA;TWIST1;TMTC1;PPL;HOXC4;HIVEP3;ST8SIA6;TSPAN2;ST3GAL6;STXBP6;ATP6V1C2;PROM2;ABCA1;SLC10A4;NGFR;EGR3;PBX3;NR2F2;GRIN2C;PCDHGA10;GJB2;ID3;MKX;PAM;RET;NRP2;KCNC4;CITED4;GRIK4;HOXC13;GRIK2;AREG;HOXC11;PRSS23;LFNG;MRC2;DLGAP1;RSPO1;SLC18A2;ZHX2;TIGD5;GPR37;PLLP;TESC;NOG;IL17RB;ZDHHC14;MMP16;OAF;MMP17;FJX1;CHST2;MGLL;PTGER4;GRAMD1B;NFIX;PELI2;CXCR4;PRICKLE1;PTGS2;CAMKK1;ADCY5;GLRA1;FGD6;HAS3;HSF4;GSN;DMRT1;WNT7B;RFTN1;BMP8A;WNT7A;KAZALD1;GRHL2;PSMB9;GRIN1;GATM;LBX2;SLCO3A1;CRLF1;KCNG3;CSF1;IRS1;LOXL4;FGF2;CLGN;GRIP1;FGF9;GRB14;MAP3K5;EOMES;MSX2;TMOD2;NPY1R;VASH1;FOXP2;LEMD1;SLC9A2;CACNB2;OLFM2;CACNB3;CACNB4;NPTXR;NPR3;SLC1A1;ALOX15;TACSTD2;CHRD;LIN7A;CACNA1D;LTBP2;CPLX1;GLIS1;NPAS2;DPP4;EFNB2;CACNA1I;WNT6;KCNF1;HTR1B;BMP7;LRP1B;BMP4;BMP2;GNAL;BCL2;SP5;CSPG5;LHX5;SLC26A4;NES;CNTNAP1;DOCK3;ITGB4;ONECUT3;DOCK8;ONECUT1;RASGRF1;MAST1;DYSF;FHL2;TNFAIP2;SIX1;TSPAN12;ADAMTS2;ATP7B;GRM7;RASGEF1C;PRKG1;ADAMTS7;AMN;CAMK1D;TRPC1;ITGA1;TNFRSF19;MYRIP;WNT16;PARD3B;C1QL1;VGF;RTN4RL1;CHDH;NAT8L;ST6GALNAC5;CAMK2D;SMARCD3;SEMA3D;LAMA4;PPM1H;DLL1;GNG4;SPOCK2;ATOH8;SLC25A21;SLIT2;PCDH1;TBX1;SLC12A5;GALNT3;IRX3;LGI3;EYA4;PLCL2;SGPP2;FRAS1;DES;PDE10A;ST7;TLL2;PIK3AP1;SNTB1"
"SUZ12","SUZ12 18974828 ChIP-Seq MESCs Mouse","217/1564","0.00000000000000000000003045519515140576333240600522265006008724","0.00000000000000000000459873446786226942271484595068459087553","0","0","2.3263521268803804","120.611553692765994583169","SERPINE2;COL12A1;ICAM5;ANTXR2;GLDN;ZFYVE28;HTR6;GPR176;HTR7;LIPG;HOXA1;SOX9;IL15RA;CACNA2D1;FIBCD1;EBF4;OVOL1;DKK1;CLDN3;KCNQ1;KCNQ4;KCTD12;ZFPM1;NGEF;COL13A1;GATA6;IL20RA;PDGFB;ENDOD1;TWIST1;TMTC1;ARSJ;HOXC4;HIVEP3;ST8SIA6;TSPAN2;ST3GAL6;STXBP6;TRPM6;ATP6V1C2;PROM2;EGR3;PBX3;NR2F2;NMI;GRIN2C;GJB2;ID3;MKX;RET;NRP2;TGFB1I1;KCNC4;HOXC13;GRIK2;HOXC11;PRSS23;LFNG;MRC2;TIMP2;RSPO1;FGFBP3;ZHX2;TIGD5;CHST7;GPR37;PLLP;TESC;NOG;KREMEN2;ZDHHC14;MMP16;VSNL1;OAF;MMP17;PPARA;FJX1;CHST2;CD44;PTGER4;GRAMD1B;NFIX;PELI2;CXCR4;PRICKLE1;CAMKK1;ADCY5;HAS3;HSF4;DMRT1;WNT7B;RFTN1;WNT7A;KAZALD1;GRHL2;DHRS3;GATM;LBX2;SLCO3A1;CRLF1;SPC25;FHOD3;KCNG3;CSF1;IRS1;FGF2;DOCK11;CCND1;FGF9;GRB14;PLAU;MPZ;MAP3K5;EOMES;MSX2;IGFBP3;VASH2;VASH1;SLC9A2;GPRIN3;CACNB2;OLFM2;CACNB3;CACNB4;NPTXR;SHC4;NPR3;ALOX15;TACSTD2;CHRD;FOXO6;LIN7A;CACNA1D;LTBP2;LTBP1;GLIS1;NPAS2;FBLN5;DPP4;EFNB2;CACNA1I;WNT6;SCUBE1;KCNF1;HTR1B;BMP7;LRP1B;BMP4;BMP2;GNAL;BCL2;SP5;LHX5;DEGS2;SLC26A4;NES;CNTNAP1;DOCK3;ONECUT3;DOCK8;ONECUT1;RASGRF1;DYSF;FHL2;TNFAIP2;SIX1;TSPAN12;THBD;ADAMTS2;ATP7B;GRM7;PRKG1;ADAMTS7;MMP7;CAMK1D;TRPC1;USP44;TNFRSF19;AXIN2;MYRIP;KCNAB3;WNT16;PARD3B;SSTR5;C1QL1;VCAN;RTN4RL1;NAT8L;SMPDL3A;ST6GALNAC5;CAMK2D;SMARCD3;CEBPD;SEMA3D;PPM1H;DLL1;GNG4;ATOH8;KLRG2;MAL2;SLC25A21;SLIT2;PCDH1;TBX1;GALNT3;IRX3;EYA4;PLCL2;MBOAT1;SGPP2;MAPK11;FRAS1;PDE10A;VIM;LTBR;PIK3AP1;SNTB1"
"RNF2","RNF2 18974828 ChIP-Seq MESCs Mouse","153/1066","0.00000000000000000902953770992418742015512052461731263965051612","0.00000000000000097390013871325158858751643280835397094715941","0","0","2.3546372221071015","92.410164241581483679511","KCNG3;RAB3A;IRS1;COL12A1;ANTXR2;GRIP1;HTR6;GPR176;FGF9;GRB14;PLAU;LIPG;SOX8;SOX9;STK32A;EOMES;IL15RA;MSX2;FIBCD1;ADAM11;VASH2;EBF4;OVOL1;FOXP2;SLC9A2;CACNB2;OLFM2;CLDN3;ADCY9;CACNB4;KCNQ1;KCTD12;ZFPM1;NGEF;EMID1;SHC4;PXT1;RTN4R;NOTCH1;COL13A1;NPR3;GATA6;PDGFB;TACSTD2;CHRD;FOXO6;LIN7A;TMTC1;LTBP2;GLIS1;NPAS2;EFNB2;CACNA1I;WNT6;CASKIN1;HOXC4;ST8SIA6;STXBP6;FDPS;EGR3;ABCA3;MCAM;PBX3;HTR1B;NR2F2;GRIN2C;BMP7;BMP4;BMP2;GNAL;BCL2;SP5;ID3;LHX5;MKX;NES;RET;CNTNAP1;NRP2;ONECUT3;KCNC4;ONECUT1;RASGRF1;CITED4;TNFAIP2;SIX1;HOXC13;HOXC11;PRSS23;LFNG;ZCWPW1;THBD;ADAMTS2;GRM7;RSPO1;PRKG1;ADAMTS7;ZHX2;CHST7;CAMK1D;PLLP;TESC;USP44;NOG;KREMEN2;TUBG2;MYRIP;ZDHHC14;C1QL1;VCAN;MMP16;VGF;RTN4RL1;NAT8L;FJX1;CHST2;MGLL;PTGER4;GRAMD1B;CAMK2D;NFIX;SMARCD3;PPM1H;CXCR4;PRICKLE1;DLL1;CAMKK1;ADCY5;ATOH8;HSF4;KLRG2;LRIG1;SLIT2;PCDH1;TBX1;GALNT3;DMRT1;WNT7B;IRX3;RFTN1;EYA4;WNT7A;KAZALD1;GRHL2;SGPP2;DHRS3;MAPK11;FRAS1;LBX2;PDE10A;SSBP2;CRLF1;SNTB1"
"EZH2","EZH2 18974828 ChIP-Seq MESCs Mouse","153/1066","0.00000000000000000902953770992418742015512052461731263965051612","0.00000000000000097390013871325158858751643280835397094715941","0","0","2.3546372221071015","92.410164241581483679511","KCNG3;RAB3A;IRS1;COL12A1;ANTXR2;GRIP1;HTR6;GPR176;FGF9;GRB14;PLAU;LIPG;SOX8;SOX9;STK32A;EOMES;IL15RA;MSX2;FIBCD1;ADAM11;VASH2;EBF4;OVOL1;FOXP2;SLC9A2;CACNB2;OLFM2;CLDN3;ADCY9;CACNB4;KCNQ1;KCTD12;ZFPM1;NGEF;EMID1;SHC4;PXT1;RTN4R;NOTCH1;COL13A1;NPR3;GATA6;PDGFB;TACSTD2;CHRD;FOXO6;LIN7A;TMTC1;LTBP2;GLIS1;NPAS2;EFNB2;CACNA1I;WNT6;CASKIN1;HOXC4;ST8SIA6;STXBP6;FDPS;EGR3;ABCA3;MCAM;PBX3;HTR1B;NR2F2;GRIN2C;BMP7;BMP4;BMP2;GNAL;BCL2;SP5;ID3;LHX5;MKX;NES;RET;CNTNAP1;NRP2;ONECUT3;KCNC4;ONECUT1;RASGRF1;CITED4;TNFAIP2;SIX1;HOXC13;HOXC11;PRSS23;LFNG;ZCWPW1;THBD;ADAMTS2;GRM7;RSPO1;PRKG1;ADAMTS7;ZHX2;CHST7;CAMK1D;PLLP;TESC;USP44;NOG;KREMEN2;TUBG2;MYRIP;ZDHHC14;C1QL1;VCAN;MMP16;VGF;RTN4RL1;NAT8L;FJX1;CHST2;MGLL;PTGER4;GRAMD1B;CAMK2D;NFIX;SMARCD3;PPM1H;CXCR4;PRICKLE1;DLL1;CAMKK1;ADCY5;ATOH8;HSF4;KLRG2;LRIG1;SLIT2;PCDH1;TBX1;GALNT3;DMRT1;WNT7B;IRX3;RFTN1;EYA4;WNT7A;KAZALD1;GRHL2;SGPP2;DHRS3;MAPK11;FRAS1;LBX2;PDE10A;SSBP2;CRLF1;SNTB1"
"NR3C1","NR3C1 27076634 ChIP-Seq BEAS2B Human Lung Inflammation","335/3084","0.00000000000000001353587388347203022551349937900184530205848961","0.00000000000000127744809775267316183718557248337715117182754","0","0","1.7939608996039114","69.679572903773276948414","EHF;TES;SERPINE2;TRAF3IP2;COL12A1;SERPINE1;ANTXR2;BACH1;GPR176;HTR7;TRIM29;FTH1;RASSF6;PXDC1;RTTN;CHAC1;SOX9;TNS4;TNS3;SAMD11;PRKCG;ARSA;KCTD19;DAPK1;SERPINF1;FIBCD1;STARD9;KRT8;WDR72;HSPG2;DKK1;SYTL3;CYP27A1;ADCY9;LACTB2;PARD3;DDIT4;KCNQ4;KCTD12;CFB;SKAP2;GPM6A;EXD3;SLC45A1;PIK3R1;PPL;ADAMTS10;C3;POU5F1B;CHST12;ARSJ;ZNF704;LCN12;PDGFC;ZBED2;HIVEP3;ST3GAL6;ARSG;STXBP6;KCNN4;DECR1;S100A10;ABCA1;TNFSF18;ST14;RABGAP1L;EGR3;IQSEC1;MCAM;LIF;NR2F2;NR1D1;FHDC1;PBX1;NFATC4;PPFIBP1;FASN;ITGBL1;PAM;DHRS13;COL18A1;NRP2;SERPINA1;BHLHE41;GRIK4;KRT20;SIPA1L2;AREG;PRSS23;SIPA1L3;MYPN;GLI2;MRC2;TRIM8;JPH2;DNER;ANKRD1;TIMP3;DLGAP1;TMC1;FGFBP1;ZHX2;SYK;PLLP;GAA;HEG1;NOG;F3;CBFA2T3;DUSP6;ZDHHC14;RNF144B;FAM222A;MMP14;PLCB4;ZEB1;BANK1;FAM20C;KIFC3;FJX1;CD44;HBEGF;ZNF474;PTGER4;NFIX;PAPLN;CXCR4;PRICKLE1;UQCR10;CHN1;HAS3;STAT4;APOL3;IL12RB2;CA12;NQO1;GSN;BRF1;KCNB1;RFTN1;ADAM32;AKR1C2;PLEKHA6;SEPTIN4;PLEKHA7;MPP7;SH3RF2;SLCO3A1;KRT16;RPA3;TRMT6;SARM1;NOTUM;IL18R1;CDKN3;FHOD3;ALDH1L1;CSF1;IRS1;IRS2;ARHGAP39;IL1RAP;PRDM1;PLB1;GALNT10;CLGN;NR3C2;FAM107B;RGS4;GRIP1;ARHGAP42;HEPHL1;CCND1;PLAU;PAPOLA;MB21D2;STK32A;MAP3K5;TGM2;KRT6A;KCNH2;EOMES;RNF43;MLIP;MSX2;IGFBP3;MITF;ANXA10;FOXP1;CACNB2;OXA1L;FRMD5;OLFM2;FSCN2;TNIK;ZNF675;SCG2;FAIM;NXPH3;INSIG2;GPR87;ARHGEF28;INSIG1;NPR3;TACSTD2;LTBP2;PLD1;LTBP1;NPAS2;PSORS1C1;SAV1;ZFP36L1;DPP4;EFNB2;SOCS3;CACNA1I;SOCS6;KCNF1;GGT7;CRIM1;CORO2B;BMP4;BMP2;GNAL;DLG5;BCL2;AMOTL2;BCL2L1;CNTNAP2;CALCOCO1;COLGALT2;DOCK4;CXCL8;MAST4;ITGB4;MTCL1;ONECUT3;ONECUT1;MAST1;DYSF;FHL2;TNFAIP2;SLC2A1;TNFAIP3;SIX1;DBI;HMGB1;OPLAH;RND3;ADAMTS2;GRM7;BDKRB2;PMEPA1;SPEG;HORMAD2;DACT1;ADAMTS7;ABCC3;KLF11;MMP7;RASA4B;ITGA3;PDE4D;ITGA1;TNFRSF19;TBC1D8;AXIN2;MYRIP;PARD3B;ETV6;C1QL1;ELF3;NAV3;RTN4RL1;IRF1;COL6A2;C1D;TRNP1;MCM5;NAT8L;ST6GALNAC5;TRIM55;CCDC40;RBMS3;AGPAT5;RBM47;CAMK2D;CEBPD;MTFP1;SEMA3D;LAMA4;LAMA3;POMP;PPM1H;U2AF1;PRR5L;HMGCR;LIN9;PPM1F;THSD4;THBS4;TTN;ABLIM2;SH3TC2;ABLIM3;GNG4;CCL5;SPOCK2;MGAT5B;NRIP1;PCED1B;LRIG1;PDLIM5;WASF3;TBX1;TRIM40;IRX3;KCNIP3;EYA4;TMED7-TICAM2;PLCL2;ZNF804A;MERTK;FBXL13;SGPP2;KLF7;PSAT1;SIMC1;ST7;SPRY2;SPRY1;LTBR;PIK3AP1;SSBP2;SNTB1"
"RNF2","RNF2 27304074 Chip-Seq ESCs Mouse","161/1205","0.00000000000000096663290262554401912226531511173365974437889959","0.00000000000008108976016469842129219177127030164505081411691","0","0","2.1645555555555553","74.834557725322582655281","SH3GL3;IRS1;PRDM1;GRIP1;FGF9;LIPG;SOX8;SOX9;MAP3K5;EOMES;MSX2;LMO4;CACNA2D1;IGFBP3;FIBCD1;ADAM11;VASH2;HNF1B;VWA5B2;SRCIN1;ANK1;FOXP2;SLC9A2;CACNB2;OLFM2;CACNB3;ADCY9;OBSCN;KCNQ4;KCTD12;MAML3;NPTXR;ZFPM1;SLC45A3;COL13A1;INSIG1;NPR3;GATA6;TACSTD2;CHRD;FOXO6;ILDR2;TWIST1;LIN7A;CACNA1D;LTBP2;C2CD4C;PPL;NPAS2;ZFP36L1;EFNB2;SOCS3;WNT6;SCUBE1;HOXC4;ST8SIA6;STXBP6;KCNF1;EGR3;ABCA3;CRIM1;NR2F2;GRIN2C;BMP7;ABHD15;BMP4;BMP2;GJB2;GNAL;ID2;CDK3;BCL2;ID3;DCHS1;LHX5;MKX;SLC26A4;TMEM151A;NRP2;CALCOCO1;GAL3ST1;DOCK3;MAST4;ONECUT3;KCNC4;ONECUT1;RASGRF1;BHLHE41;DYSF;TNFAIP2;SIX1;HOXC13;LFNG;MRC2;LYL1;ZCWPW1;JPH2;SPEG;RSPO1;PRKG1;DACT1;ADAMTS7;TIGD5;AMN;GPR37;TESC;NOG;NAV2;AXIN2;MYRIP;ZDHHC14;PARD3B;C1QL1;ARL4C;TOX2;VCAN;VGF;MDFIC;RTN4RL1;RNF207;FAM20C;PPARG;NAT8L;FJX1;CHST2;CRB2;SAMD5;PTGER4;NFIX;PELI2;PPM1H;ZDHHC23;ZBTB42;CXCR4;PRICKLE1;DLL1;ADCY5;SPOCK2;ATOH8;MAN1C1;CHSY3;SLIT2;PCDH1;DMRT1;WNT7B;IRX3;RFTN1;EYA4;WNT7A;KAZALD1;MAPK15;SGPP2;FRAS1;KRT18;LBX2;DES;SARM1;NOTUM;SSBP2;CRLF1;SNTB1"
"EZH2","EZH2 27294783 Chip-Seq ESCs Mouse","200/1649","0.00000000000000615217656850931670277841336121159065001878958612","0.00000000000046448933092245343157015374451778203478136131110","0","0","1.9535668837359861","63.924557865396749889442","SERPINE2;ICAM5;SPATA20;FGFRL1;HTR7;HOXA1;SOX8;SOX9;ST6GAL1;HNF1B;MYO7A;VWA5B2;MAPK8IP2;ANK1;DDIT4;KCNQ4;MAML3;SPATA18;ZFPM1;SLC45A3;COL13A1;GATA6;PDGFB;TWIST1;LYPD3;HOXC4;ST3GAL6;STXBP6;RTBDN;SLC10A4;NTNG2;EGR3;IQSEC1;NR2F2;GRIN2C;GJB2;ID2;MKX;TMEM151A;NRP2;TGFB1I1;KCNC4;CITED4;LRRC3;N4BP2L1;HOXC13;GRIK2;HOXC11;LFNG;MRC2;JPH2;DNER;TIMP2;TIMP3;RSPO1;ZHX2;GPR37;NOG;ANO8;KREMEN2;NME5;F3;ZDHHC14;TOX2;VSNL1;PPARA;CHST2;CRB2;PTGER4;NFIX;PELI2;CXCR4;PRICKLE1;CAMKK1;ADCY5;HSF4;SUSD4;CSMD3;CD72;KCNB1;WNT7B;KAZALD1;GRHL2;COL3A1;LBX2;SARM1;MAMLD1;RAMP1;CRLF1;LIMS2;RAB3A;IRS1;CHRM4;IL1RAP;KLHL30;GRIP1;NRBP2;FGF9;MAP3K5;EOMES;LMO4;IGFBP3;TMOD2;ADAM11;VASH2;FOXP2;SLC9A2;OLFM1;CACNB3;OBSCN;TNIK;EMID1;FAIM;GNAZ;ALOX15;TMEM59L;TACSTD2;CHRD;FOXO6;LIN7A;CACNA1D;NPAS2;FBLN5;EFNB2;CACNA1I;WNT6;TMEM125;KCNF1;TMEM132A;CRIM1;BMP7;SYT7;EFNA2;DLG4;CDK3;NOXA1;BCL2;SP5;LHX5;NES;CNTNAP1;CALCOCO1;GAL3ST1;MAST4;ITGB4;ONECUT3;ONECUT1;MAST1;DYSF;FHL2;TNFAIP2;SIX1;TSPAN12;USE1;LYL1;THBD;ADAMTS2;GRM7;RASGEF1C;SPEG;DACT1;ABCC3;AMN;USP44;MYRIP;PARD3B;C1QL1;EPN3;VGF;RTN4RL1;RNF207;NAT8L;SMPDL3A;ST6GALNAC5;RBM47;PPM1H;DLL1;THSD4;AP3M2;GNG4;SPOCK2;MAN1C1;KLRG2;SLIT2;PCDH1;TBX1;SLC12A5;IRX3;LGI3;EYA4;SYT13;MEIS3;MAPK15;SGPP2;MAPK11;SBK1;DES;PDE10A;FAM131B;SNTB1"
"BACH1","BACH1 22875853 ChIP-PCR HELA AND SCP4 Human","150/1127","0.00000000000001435552820096305590083352404545805985520436597047","0.00000000000098531125379337343133728816595390091748196681465","0","0","2.1443234033849108","68.349539284939069716529","ALDH1L1;EHF;DGKE;CSF1;HFE;IRS2;IL1RAP;ABCA12;BACH1;FGF2;CDH1;MPZ;HOXA1;OIP5;HLA-DOA;SCN1B;MAP3K5;TGM2;ST6GAL1;SLC15A1;IGFBP3;ADAM11;MITF;MYO7A;VASH1;ANK1;OLFM1;CLDN3;ADCY9;TRIM15;NPTXR;SCG2;GNAZ;SPTBN4;SLC26A1;DHX9;EBI3;ALOX15;CLCNKB;CHRNA9;PIK3R1;PLD1;SLC6A20;PPL;KIAA0040;ACAT2;FUT3;EFNB2;HMOX1;NCKAP1L;TRPM6;AP1M2;ABCA1;EGR3;SYT1;KLRC4;PBX1;CXCL11;BMP2;PPFIBP2;PAH;ITGA10;CNTN1;BCL2;ITGBL1;LHX5;NF2;RET;CNTNAP2;CPM;GAL3ST1;FHL1;TNFAIP3;DBI;SIPA1L3;PITPNC1;RYR3;OSBPL10;LFNG;THBD;GRM7;HEPH;MCF2L;ITGAX;CNGA1;BDKRB2;TIMP3;UTY;TK1;CCR3;CD33;DACT1;ZNF365;DENND2D;KCND1;PLA2G4C;DENND2A;TBC1D8;TEX14;NAV2;MYRIP;DUSP6;DUSP7;PLCB4;VSNL1;TFEC;COL6A1;CHI3L2;PPARG;TAX1BP3;PPARA;PLCB2;CD44;PCNA;CEBPD;IDUA;SYNPO2;RGS16;PELI2;LAMA3;CXCR4;PTGS2;PPM1F;TTN;HLA-DMB;OXCT1;CCL5;TRA2A;ZNF467;GABRE;AOC3;NQO1;KCNB1;USP9Y;WNT7B;PNMA2;GDAP1;DHRS3;SLC25A37;CENPF;COL3A1;GATM;FRAS1;FABP5;MYO15B;MYO15A;SARM1;TLL2;SPRY1;PTPN7"
"ZNF217","ZNF217 24962896 ChIP-Seq MCF-7 Human","165/1289","0.00000000000002000476301286385452780971134734612839828154194632","0.00000000000125863300622601739492336431723107796122086698976","0","0","2.0576342516693988","64.903558017442975369704","EHF;TES;MAML2;TRAF3IP2;IRS1;PRDM1;IKZF2;ABCA12;SLC4A3;GLDN;GALNT10;GRIP1;CCND1;CDH1;SALL4;HMCN1;SOX9;TNS3;TMPO;TGM2;RNF43;MSX2;PAQR5;DAPK1;IGFBP3;KRT8;WDR72;MITF;VASH1;DKK1;FOXP1;SLC9A2;KIAA1217;SULT2B1;INPP4B;DEPDC1B;SPATA17;PARD3;SPATA13;MAML3;TNIK;SCG2;SLC45A1;INSIG2;INSIG1;CACNA1D;PIK3R1;PLD1;PPL;LTBP1;NPAS2;POU5F1B;EFNB2;CHST12;ZNF704;ZBBX;HIVEP3;ST8SIA6;TSPAN2;FAM43A;ARSG;FAM83B;S100A10;ABCA1;PTPRN2;SYT1;IQSEC1;CRIM1;LIF;NR2F2;PBX1;DCLK1;LRP1B;GNAL;BAMBI;ID2;DLG5;SPIRE2;AMOTL2;NF2;PAM;CPEB4;BCL2L1;MIPEP;COL18A1;CALCOCO1;DOCK4;MAST4;CITED2;ONECUT1;CITED4;DYSF;GRIK2;SIPA1L2;AREG;RND3;PRSS23;PITPNC1;OSBPL10;LFNG;MRC2;DLGAP1;ANXA9;TMC1;ABCC3;ZHX2;CAMK1D;SYK;HEG1;PDE4D;TBC1D8;NAV2;AXIN2;CBFA2T3;DUSP6;PARD3B;ARL4C;PLCB4;ZEB1;MMP16;ELF3;BANK1;PALLD;C1D;FAM20C;PPARG;ALDOA;MGLL;RBMS3;PRIM2;SEMA3D;TMPRSS4;GCNT1;PPM1H;CXCR4;PRICKLE1;THSD4;ADCY5;ABLIM3;NRIP1;STAT4;LRIG1;MAL2;SLC25A21;CSMD3;CA12;TM4SF18;HNRNPA3;GSN;RFTN1;ZNF804A;PLEKHA6;MERTK;GRHL2;PLEKHA7;MPP7;SH3RF2;EEPD1;TFAP4;FRAS1;KRT18;SLCO3A1;RPA3;SSBP2;SNTB1"
"SUZ12","SUZ12 18692474 ChIP-Seq MEFs Mouse","138/1019","0.00000000000004707507196478004625254310439234412811023095316032","0.00000000000273397533333914880170076551665695043869322433672","0","0","2.1789350636149560","66.865051748011921972648","CSF1;IRS1;COL12A1;LOXL4;FGF2;CLGN;HTR6;HTR7;FGF9;GRB14;LIPG;HOXA1;SOX8;SOX9;MAP3K5;EOMES;IL15RA;MSX2;CACNA2D1;TMOD2;NPY1R;MAPK8IP2;OVOL1;ANK1;DKK1;CACNB2;CACNB3;CACNB4;KCNQ4;ZFPM1;NGEF;COL13A1;NPR3;SLC1A1;ALOX15;GATA6;TACSTD2;CHRD;TWIST1;CACNA1D;LTBP2;PPL;CPLX1;NPAS2;DPP4;EFNB2;WNT6;HOXC4;HIVEP3;TSPAN2;ST3GAL6;ATP6V1C2;ABCA1;NGFR;EGR3;PBX3;HTR1B;NR2F2;GRIN2C;BMP7;BMP4;BMP2;GJB2;GNAL;BCL2;SP5;ID3;CSPG5;LHX5;SLC26A4;PAM;NES;RET;CNTNAP1;NRP2;ONECUT1;RASGRF1;MAST1;CITED4;DYSF;FHL2;TNFAIP2;SIX1;HOXC13;GRIK2;AREG;LFNG;MRC2;ATP7B;PRKG1;GPR37;PLLP;TESC;TRPC1;TNFRSF19;NOG;IL17RB;C1QL1;MMP16;MMP17;FJX1;CHST2;ST6GALNAC5;MGLL;PTGER4;NFIX;SMARCD3;LAMA4;CXCR4;PTGS2;DLL1;CAMKK1;GLRA1;FGD6;GNG4;ATOH8;HAS3;HSF4;SLIT2;TBX1;SLC12A5;GALNT3;DMRT1;WNT7B;IRX3;EYA4;BMP8A;WNT7A;PSMB9;GRIN1;GATM;LBX2;DES;PDE10A;ST7;TLL2;CRLF1;SNTB1"
"SUZ12","SUZ12 18555785 ChIP-Seq MESCs Mouse","122/866","0.00000000000009682257195060345047155919073420527373708376062122","0.00000000000522150298733611365331032930095000522182496771606","0","0","2.2701289655229946","68.026449047042788720319","SERPINE2;CSF1;IRS1;COL12A1;GLDN;HTR6;GPR176;HTR7;GRB14;LIPG;HOXA1;SOX9;SCN1B;MSX2;IGFBP3;FIBCD1;VASH2;OVOL1;DKK1;FOXP2;SLC9A2;CACNB2;ADCY9;CACNB4;KCNQ1;KCNQ4;ZFPM1;NGEF;SHC4;RTN4R;COL13A1;NPR3;TMEM59L;GATA6;TACSTD2;CHRD;FOXO6;LIN7A;TMTC1;LTBP2;NPAS2;EFNB2;WNT6;STXBP6;ATP6V1C2;KCNF1;EGR3;CRIM1;NR2F2;GRIN2C;PCDHGA10;BMP2;GJB2;BCL2;ID3;COL9A3;LHX5;SLC26A4;NES;RET;NRP2;ONECUT3;TTC22;KCNC4;ONECUT1;RASGRF1;CITED4;FHL2;TNFAIP2;SIX1;HOXC13;TSPAN12;HOXC11;LYL1;THBD;GRM7;RSPO1;SLC18A2;ADAMTS7;GPR37;TESC;NOG;MYRIP;ZDHHC14;DUSP7;SSTR5;C1QL1;ARL4C;RTN4RL1;CHST2;CD44;CAMK2D;PELI2;PPM1H;CXCR4;PRICKLE1;ABLIM3;GNG4;SPOCK2;ATOH8;SLC25A21;TBX1;CD72;KCNB1;IRX3;EYA4;PLCL2;WNT7A;SYT13;GRHL2;SGPP2;DHRS3;PSMB9;GATM;FRAS1;DES;PDE10A;SLCO3A1;TLL2;SSBP2;CRLF1;SNTB1"
"AR","AR 19668381 ChIP-Seq PC3 Human","295/2803","0.00000000000014015584167348270583281729890912123716035890541587","0.00000000000705451069756529685833192684466505029735466925089","0","0","1.6948971177536545","50.162211429848724719704","EHF;MAML2;FRMPD1;COL12A1;SPATA20;IKZF2;ENO2;ZDHHC2;ZFYVE28;LIPE;HTR6;RPS6KA1;PSMD1;SOX8;CCNL2;HMCN1;SOX9;ACAD11;TNS3;SCN1B;SAMD11;ST6GAL1;ARL14;DAPK1;FIBCD1;ACSL6;MYO7A;MAPK8IP2;ANK1;EREG;SULT2B1;AZGP1;CLDN3;SPATA17;KCNQ1;PARD3;KCTD12;MAML3;ZFPM1;GPM6A;IL20RA;PDGFB;TMTC1;PIK3R1;LDHB;LDHA;MAP6;HIVEP3;ARSG;STXBP6;TNFSF18;NTNG2;RABGAP1L;GPR15;PTPRN2;FOXF1;IQSEC1;NR2F2;NR1D1;PBX1;MSRA;PPFIBP2;ID2;PAH;ITGBL1;PAM;CD22;CCNJL;ITM2C;RET;COL18A1;SERPINA1;ZNF250;CITED4;OTUD7A;LRRC3;GRIK4;HOXC13;SIPA1L3;MYPN;RYR3;GLI2;MRC2;AIFM1;SEC61G;DNER;DLGAP1;ZNF365;TMC1;SYK;TMC6;CBFA2T3;COMMD4;ZDHHC14;DUSP7;MMP16;PSMA1;MDFIC;OAF;PLSCR4;TFEC;PPARG;PPARA;EEF1E1;FJX1;MGLL;ENG;CRB2;PELI2;AOAH;ADCY5;CSMD3;MBNL3;MAP4K5;APOL3;RIBC2;ZNF585A;ZNF221;USP9Y;WNT7B;RFTN1;SAMD4A;AKR1C2;PLEKHA7;DHRS3;MPP7;TARBP1;TMEM154;SH3RF2;TFAP4;FABP5;SLCO3A1;MORN2;ZNF219;FRK;FHOD3;KCNG3;CSF1;CTNND1;RORC;IRS2;ALDH1L2;PLB1;NR3C2;FAM107B;CCND1;FGF9;CDH1;PAPOLA;NRTN;ENPP3;MAP3K5;TGM2;KCNH2;MAGI1;PIAS3;SLC15A1;MSX2;LMO4;NPY1R;CASK;MITF;FOXP2;LEMD1;FOXP1;OLFM1;CACNB2;FRMD5;OBSCN;COL4A5;FKBP9;SNRPF;TNIK;SCG2;EMID1;FAIM;FBN3;BRSK1;SLC26A1;NXPH3;INSIG2;GPR87;SLC1A1;LIN7A;KLHL13;PLD1;GLIS1;NPAS2;GLIS2;SOCS3;NPHP1;FAM83B;MAP2K6;SYT1;TMEM132B;CRIM1;ZBTB12;LSM5;CORO2B;SYT7;LRP1B;NR4A1;GNAL;BAMBI;DLG5;CNTN1;BCL2;PIR;LHX5;SLC26A3;BCL2L1;MIPEP;CNTNAP2;TTC22;ONECUT1;RASGRF1;DYSF;SLC2A1;DUSP18;OPLAH;PITPNC1;THBD;ADAMTS2;GRM7;SIX4;RASGEF1C;MCF2L;TIMM17B;HORMAD2;GALNT9;PRKG1;SH3D19;CCDC38;ABCC3;ACTR2;MMP7;TRPC1;PDE4D;NDUFC2;NAV2;MYRIP;PARD3B;ETV6;ARL4C;EPN3;ELF3;NAV3;PALLD;IRF1;C1D;IL1RAPL1;COL6A1;CDH15;ST6GALNAC5;RBMS3;DNAH1;CAMK2D;SMARCD3;LAMA2;LAMA4;RGS16;LAMA3;SLC5A11;DLL1;THSD4;TTN;ABLIM2;ABLIM3;OXCT1;MGAT5B;ATOH8;MAN1C1;SLC25A21;EPS8L3;SLIT2;PCDH1;PDLIM5;TBX1;IRX3;FBXL16;SORL1;MAPK15;SGPP2;MAPK11;SBK1;FRAS1;DES;PDE10A;PSAT1;NOVA2;ST7;SARDH;SLC25A34;SSBP2;SNTB1"
"JARID2","JARID2 20064375 ChIP-Seq MESCs Mouse","128/951","0.00000000000066010830644560118718589971894212824925825960908909","0.00000000003114886071040180449941081772147091592806145143868","0","0","2.1536401337615270","60.401793363584083351725","KCNG3;CSF1;COL12A1;HTR6;GPR176;HTR7;FGF9;MACROD1;SOX9;CCDC92;EOMES;MSX2;LMO4;CACNA2D1;FIBCD1;VASH2;OVOL1;ANK1;SLC9A2;CACNB2;CACNB4;KCTD12;MAML3;NPTXR;ZFPM1;RTN4R;NPR3;TMEM59L;GATA6;TACSTD2;FOXO6;TWIST1;LIN7A;TMTC1;GLIS1;NPAS2;CACNA1I;WNT6;HIVEP3;ST8SIA6;ST3GAL6;STXBP6;NTNG2;EGR3;HTR1B;NR2F2;FHDC1;BMP7;BMP2;GJB2;GNAL;BCL2;SP5;LHX5;SLC26A4;NES;RET;NRP2;GAL3ST1;ONECUT3;DOCK8;KCNC4;ONECUT1;RASGRF1;OTUD7A;TNFAIP2;HOXC11;LFNG;LYL1;JPH2;ADAMTS2;RASGEF1C;SPEG;RSPO1;PRKG1;ZHX2;AMN;CHST7;TESC;NOG;MYRIP;CBFA2T3;ZDHHC14;PARD3B;C1QL1;RTN4RL1;PPARG;NAT8L;FJX1;PLCB2;CHST2;SAMD5;PTGER4;NFIX;SMARCD3;SEMA3D;PELI2;PPM1H;CXCR4;PRICKLE1;DLL1;ADCY5;ATOH8;HAS3;HSF4;MAN1C1;KLRG2;SLC25A21;CHSY3;SLIT2;PCDH1;TBX1;GALNT3;WNT7B;IRX3;RFTN1;EYA4;PLCL2;WNT7A;KAZALD1;FRAS1;PDE10A;SLCO3A1;SARM1;SSBP2;MAMLD1;CRLF1;SNTB1"
"RING1B","RING1B 27294783 Chip-Seq NPCs Mouse","189/1632","0.00000000000285273940568739851881417816225969269353437973713028","0.00000000012669519125258741509364775037550007036335486532153","0","0","1.8377527722863241","48.852506681359237461493","DGKE;SPARC;MAML2;SERPINE2;IRS1;RORC;IRS2;PRDM1;IKZF2;SLC4A3;ENO3;BZW1;GALNT10;HTR6;HERC3;CCND1;FGF9;SALL4;LIPG;MACROD1;HOXA1;HMCN1;SOX9;PPFIA4;TNS3;CDK5RAP3;MAP3K5;TGM2;EOMES;RNF43;MSX2;CACNA2D1;IGFBP3;FIBCD1;ADAM11;VASH2;HNF1B;VASH1;SRCIN1;FOXP2;LEMD1;SLC9A2;CACNB2;FRMD5;CACNB3;DDIT4;KCNQ4;CTXN1;ZFPM1;SKAP2;EPHA2;FAIM;SLC45A3;NXPH3;INSIG2;NPR3;SLC1A1;TMEM59L;GATA6;PDGFB;FOXO6;ILDR2;TWIST1;TMTC1;NPAS2;GLIS2;ZFP36L1;SOCS3;WNT6;CHST12;SEC14L5;HOXC4;AP1M2;ATP6V1C2;NGFR;EGR3;ACBD4;SYT1;IL31RA;PBX3;NR2F2;NR1D1;GRIN2C;BMP7;PBX1;BMP4;NR4A1;BMP2;EFNA2;FASN;ID2;BCL2;SP5;ID3;LHX5;SLC26A4;PRRT4;COL18A1;NRP2;DOCK4;MAST4;ONECUT3;DOCK8;ONECUT1;RASGRF1;CITED4;BHLHE41;LRRC3;TNFAIP3;SIX1;DBI;HOXC13;HOXC11;RND3;GLI2;TRIM8;LYL1;ADAMTS2;SCRN2;FGFBP3;PRKG1;EIF5A;CNTD1;CHST7;ITGA3;GAA;TESC;PLEKHG5;USP44;TNFRSF19;NOG;TBC1D8;TEX14;TMC6;AXIN2;KCNAB3;WNT16;PARD3B;C1QL1;TOX2;VGF;OAF;RTN4RL1;EHHADH;RNF207;C1D;FJX1;MGLL;SAMD5;CAMK2D;NFIX;SMARCD3;PELI2;GCNT1;PPM1H;ZDHHC23;ZBTB42;LIN9;DLL1;ADCY5;SRR;GCNT2;CSMD3;SLIT2;PCDH1;PDLIM5;MBNL3;LEKR1;TBX1;CDRT4;KCNB1;WNT7B;EYA4;MERTK;HSPE1;SORL1;KAZALD1;GRHL2;SGPP2;PDE10A;FABP5;SLCO3A1;PIK3IP1;PSMC1;SARM1;RIMBP3;SPRY1;MAMLD1;NUP37"
"SUZ12","SUZ12 27294783 Chip-Seq ESCs Mouse","191/1657","0.00000000000327337924110706676345232796343182269044672083602165","0.00000000013730007372421308300289497922590676443066470824306","0","0","1.8286029789993961","48.357768313986490227308","SERPINE2;IRS1;CHRM4;ICAM5;SPATA20;ENO2;ALDH1L2;KLHL30;GRIP1;NRBP2;FGF9;NRTN;SOX8;HMCN1;SOX9;MAP3K5;KCNH2;IL15RA;ST6GAL1;MSX2;LMO4;IGFBP3;ADAM11;VASH2;HNF1B;MYO7A;VASH1;MAPK8IP2;OVOL1;FOXP2;SLC9A2;CYP27A1;CACNB3;DDIT4;KCNQ4;KCTD12;MAML3;EMID1;GNAZ;NXPH3;NPR3;TMEM59L;GATA6;IL20RA;TACSTD2;CHRD;ILDR2;TWIST1;LYPD3;LIN7A;CACNA1D;C2CD4C;GLIS1;NPAS2;WNT6;TMEM125;HOXC4;STXBP6;KCNN4;RTBDN;SLC10A4;KCNF1;EGR3;PTPRN2;SYT1;CYBRD1;NR2F2;GRIN2C;FHDC1;CORO2B;BMP7;PBX1;NFATC4;ABHD15;GJB2;EFNA2;DLG4;ID2;CDK3;BCL2;RNF182;SP5;ID3;CSPG5;LHX5;MKX;SLC26A4;PAM;TMEM151A;CNTNAP1;NRP2;DOCK4;MAST4;ONECUT3;KCNC3;TGFB1I1;ONECUT1;MAST1;FHL2;TNFAIP2;SIX1;HOXC13;GRIK2;TSPAN12;HOXC11;SHD;LFNG;MRC2;LYL1;THBD;ADAMTS2;GRM7;SLC22A17;RASGEF1C;SEC61G;DNER;BDKRB2;DLGAP1;RSPO1;DACT1;ADAMTS7;ZHX2;TIGD5;AMN;USP44;TNFRSF19;NOG;ANO8;KREMEN2;KCNAB3;CBFA2T3;PARD3B;ARL4C;EPN3;TOX2;VCAN;VSNL1;VGF;RTN4RL1;RNF207;TRNP1;MNS1;PPARA;FJX1;SMPDL3A;PTGER4;RBM47;SMARCD3;RGS16;PAPLN;PPM1H;ZDHHC23;CXCR4;PRICKLE1;DLL1;AP3M2;GLRA1;GPR153;SPOCK2;MGAT5B;MAN1C1;SUSD4;CHSY3;CSMD3;SLIT2;PCDH1;SLC12A5;KCNJ11;KCNB1;WNT7B;IRX3;PCDHB14;FBXL16;KAZALD1;MAPK15;GRHL2;SGPP2;MAPK11;KRT18;PDE10A;FABP5;FAM131B;SARM1;TLL2;NOTUM;PIK3AP1;SSBP2;RAMP1;LIMS2;SNTB1;GRINA"
"NFKB1","NFKB1 27076634 ChIP-Seq BEAS2B Human Lung Inflammation","371/3823","0.00000000000457610583040978421746497097023767736991006760405298","0.00000000017633153230822456243092325553787963129948046514528","0","0","1.5642623562706124","40.843160324839175245870","EHF;MAML2;SERPINE2;ARL6IP1;TRAF3IP2;COL12A1;SERPINE1;ZDHHC8;IKZF2;CCT6B;HERC3;HTR7;TRIM29;FTH1;LIPG;RASSF6;PXDC1;RTTN;HMCN1;SOX9;PRKACB;TNS3;TNS2;ARSA;KCTD19;ARL14;NHLRC3;PAQR5;DAPK1;CACNA2D1;ACSL5;HNF1B;WDR72;EBF4;SYTL3;CPED1;KIAA1217;INPP4B;PARD3;DDIT4;SPATA13;KCTD12;RIN1;CFB;SMIM3;GPM6A;SLC45A1;EBI3;PDGFB;TWIST1;TMTC1;PIK3R1;PPL;POU5F1B;LDHA;ARSJ;ZNF704;PDGFC;ZBED2;GAR1;HMOX1;HIVEP3;ST8SIA6;TSPAN2;ST3GAL6;ARSG;STXBP6;TRPM6;ABCA1;TNFSF18;NTNG2;RABGAP1L;FOXF1;IQSEC1;PBX3;LIF;NR2F2;SNF8;PBX1;DCLK1;GPR137C;NFATC4;BST1;MSRA;PPFIBP2;ITGBL1;PLCH1;ANP32B;CCNJL;CPEB4;FANK1;NRP2;SYNM;SERPINA1;CITED2;BHLHE41;HNF4G;OTUD7A;HOXC13;GRIK2;SIPA1L2;AREG;RYR3;GLI2;SERPINA5;TRIM8;JPH2;SEC61G;NUF2;TIMP3;DLGAP1;FGFBP3;SLC18A2;AASS;CCR3;ZNF365;TMC1;GPR39;ZHX2;CNTD1;GPR37;SYK;PLLP;TESC;HEG1;DENND2A;TEX14;ANO4;F3;CBFA2T3;DUSP6;FAM222A;MMP14;TOX2;PLCB4;ZEB1;MMP16;MDFIC;BANK1;TFEC;FAM20C;PPARA;ALDOA;FJX1;CD44;MGLL;SAMD5;WDR27;PTGER4;PRIM2;PCNA;SAMD9;SLC20A1;ZDHHC23;PRICKLE1;AOAH;PTGS2;ADCY5;GLRA1;CHN1;HAS3;STAT4;SUSD4;ZNF469;CSMD3;PTCHD4;CA12;KCNB1;RFTN1;SAMD4A;AKR1C2;PNMA2;SEPTIN4;GRHL2;PLEKHA7;DHRS3;MPP7;PSMB9;DHRS4;SH3RF2;CENPF;NOL4L;FABP5;SLCO3A1;NOTUM;LIMS2;IL18R1;FHOD3;ALDH1L1;SLC27A1;CSF1;RORC;IRS2;PRDM1;PLB1;NR3C2;FAM107B;GRIP1;ARHGAP42;HEPHL1;GRB14;PLAU;ZNF84;PAPOLA;MB21D2;MAP3K5;TGM2;KRT6A;EOMES;MLIP;RALGAPA1;IGFBP3;ANXA10;LMO7;SRCIN1;FOXP1;SLC9A2;GPRIN3;CACNB2;OXA1L;FRMD5;ZNF91;OBSCN;CLIP4;S100A3;SNRPF;TNIK;SCG2;EMID1;ABCG1;SHC4;NXPH3;INSIG2;ARHGEF28;NPR3;CACNA1D;LTBP2;PLD1;LTBP1;NPAS2;FBLN5;ZFP36L1;DPP4;EFNB2;CTIF;SOCS3;SDCBP;ADGRG5;ZBBX;ADGRG6;THEM6;SOCS6;MAP2K6;GGT7;SYT1;TMEM132B;GLMN;CRIM1;HTR1B;CORO2B;BMP7;LRP1B;BMP4;CXCL10;BMP2;GNAL;NAT1;BCL2;AMOTL2;TMEM19;NES;CNTNAP2;CPM;DOCK4;CXCL8;MAST4;MTCL1;ONECUT3;RASGRF1;DYSF;FHL2;TNFAIP2;SLC2A1;TNFAIP3;EFCAB11;OPLAH;RND3;ADAMTS2;GRM7;CA2;CASP4;BDKRB2;PDE4B;CPXM1;HORMAD2;SPDL1;PRKG1;DACT1;SH3D19;CCDC38;ABCC3;EIF5B;KLF11;AMN;HMGCS1;TRPC1;PDE4D;ITGA1;TBC1D8;NAV2;AXIN2;PARD3B;ETV6;ARL4C;VCAN;ELF3;NAV3;PALLD;IRF1;C1D;TRNP1;ST6GALNAC5;ITGA9;CCDC40;RBMS3;AGPAT5;LAMA2;SEMA3D;FGL1;DNAH6;LAMA3;POMP;PPM1H;HMGCR;THSD4;CRYZ;ABLIM2;SH3TC2;ABLIM3;OXCT1;CCL5;MGAT5B;ATOH8;NRIP1;LRIG1;CHSY3;EPS8L3;SLIT2;PDLIM5;TRIM44;WASF3;CDRT4;IRX3;MACC1;EYA4;ZNF804A;SORL1;SGPP2;SLC25A37;KLF7;PDE10A;PSAT1;NOVA2;CTH;ST7;LNX1;SPRY2;SPRY1;EIF3C;SSBP2;SNTB1"
"WT1","WT1 25993318 ChIP-Seq PODOCYTE Human","297/2909","0.00000000000467103396842979003284856139831271188561645502090869","0.00000000017633153230822456243092325553787963129948046514528","0","0","1.6307722815014805","42.546262826312528204653","IL1RN;LRR1;PLEKHB1;IKZF2;SLC4A3;ANTXR2;ZDHHC2;BACH1;TRIM29;LIPG;RPS6KA1;SOX8;HMCN1;ACAD11;CCDC92;SPA17;TNS3;TMPO;ST6GAL1;DAPK1;OVOL1;CPED1;BCAM;DEPDC1B;PARD3;FEZ2;SPATA13;ADPRH;KCTD12;MAML3;ZFPM1;NGEF;SKAP2;EPHA2;SPTBN4;COL13A1;GIPR;GATA6;TRANK1;CD99L2;PIK3R1;LDHB;LDHA;PDGFC;HMOX1;HOXC4;MAP6;HIVEP3;TSPAN2;ST3GAL6;STXBP6;TRPM6;FDFT1;AFAP1L2;EGR3;PTPRN2;MCAM;PBX3;LIF;AMMECR1;PARP16;NR2F2;NR1D1;PBX1;NFATC4;MSRA;GJB2;PPFIBP2;PPP1R1A;FASN;PAH;NOSTRIN;DCHS1;ARMC12;PLCH1;PAM;CCNJL;COL18A1;NRP2;CITED2;OTUD7A;GRIK4;ECSIT;HOXC11;PRSS23;OSBPL10;GLI2;LFNG;MRC2;TRIM8;SLC22A17;DNER;TIMP3;DLGAP1;RSPO1;FGFBP1;ZHX2;DENND2A;NOG;TMC6;KREMEN2;TMEM150C;CBFA2T3;DUSP6;ZDHHC14;RNF144B;FAM222A;TOX2;PLCB4;ZEB1;OAF;EEF1E1;ALDOA;FJX1;MGLL;CRB2;SAMD5;PTGER4;GRAMD1B;PRIM2;PELI2;PAPLN;CXCR4;PRICKLE1;UQCR10;ADCY5;FGD2;MICALL2;GCNT2;P4HTM;CENPW;GSN;WNT7B;KAZALD1;DHRS2;GRHL2;PLEKHA7;DHRS4;TTLL7;FABP5;SLCO3A1;AXL;SGSM2;SARM1;RAMP1;FHOD3;RAB3A;IRS1;RORC;IL1RAP;PRDM1;GALNT10;FGF9;SALL4;MACROD1;HMGN2;MAP3K5;TGM2;KCNH2;MAGI1;PIAS3;LMO4;TMOD2;APLP1;ANXA10;VASH1;MOB3B;FOXP1;OLFM1;CACNB3;CACNB4;SLC9A9;TNIK;NPTXR;SCG2;ABCG1;NOTCH1;NXPH3;INSIG2;ARHGEF28;NPR3;FOXO6;ILDR2;LTBP2;PLD1;LTBP1;GLIS1;PLD3;ZFP36L1;EFNB2;CTIF;SOCS3;CACNA1I;ASIC4;SCUBE1;NPHP1;MAP2K6;TMEM120B;FDPS;SRD5A3;CRIM1;ZBTB12;CORO2B;BMP7;POU2F3;BMP4;PAN2;DLG4;DLG5;CNTN1;BCL2;RNF182;SPIRE2;SP5;LHX5;NF2;TMEM19;NES;BCL2L1;MAP3K12;CNTNAP1;CALCOCO1;MAST4;TTC22;DOCK8;ONECUT1;MAST1;DYSF;SLC2A1;PITPNC1;ADAMTS2;DBP;RASGEF1C;PMEPA1;SPEG;SPDL1;ABCC3;CAMK1D;ITGA3;PDE4D;TNFRSF19;TBC1D8;NAV2;AXIN2;PARD3B;ETV6;C1QL1;ARL4C;EPN3;VCAN;RTN4RL1;PALLD;C1D;MNS1;ITGA9;RBMS3;LAMA5;DNAH2;SMARCD3;LAMA4;POMP;PPM1H;PRR5L;DLL1;PPM1F;THSD4;ABLIM3;OXCT1;MGAT5B;ATOH8;NRIP1;PCED1B;MAN1C1;LRIG1;SNCG;LEKR1;CMTM7;HNRNPA3;TXNRD2;IRX3;KCNIP3;FBXL16;MERTK;FMNL3;SLC25A37;KLF7;FRAS1;DES;PDE10A;PIK3IP1;PSAT1;LNX1;PI15;SPRY2;SPRY1;PTPN7;SNTB1"
"JARID2","JARID2 20075857 ChIP-Seq MESCs Mouse","135/1055","0.00000000000616464497249786499804216704498324469908149270125364","0.00000000022163366448742319085914863413197279512489856756474","0","0","2.0319229589750578","52.448382637700689201665","KCNG3;IRS1;CHRM4;NR3C2;HTR6;FGF9;SOX8;SOX9;MAP3K5;EOMES;IL15RA;MSX2;LMO4;FIBCD1;VASH2;HNF1B;VWA5B2;OVOL1;FOXP2;SLC9A2;CACNB2;CLDN3;CACNB4;KCNQ4;KCTD12;MAML3;NPTXR;SPATA18;NGEF;SHC4;NXPH3;NPR3;TMEM59L;GATA6;TRANK1;TWIST1;LIN7A;TMTC1;LTBP2;PPL;GLIS1;NPAS2;CACNA1I;WNT6;TMEM125;ST8SIA6;ST3GAL6;TMEM120B;NTNG2;EGR3;PBX3;HTR1B;NR2F2;GRIN2C;FHDC1;BMP7;ABHD15;PCDHGA10;BMP2;GNAL;BCL2;SP5;LHX5;MKX;SLC26A4;NES;TMEM151A;RET;FKBP10;CPM;NRP2;ONECUT3;KCNC4;ONECUT1;RASGRF1;BHLHE41;TNFAIP2;SIX1;HOXC11;MRC2;THBD;ADAMTS2;GRM7;SPEG;RSPO1;ZHX2;AMN;TESC;ITGA1;NOG;NDUFC2;MYRIP;WNT16;ZDHHC14;C1QL1;RTN4RL1;PPARG;NAT8L;FJX1;CHST2;ST6GALNAC5;MGLL;SAMD5;PTGER4;GRAMD1B;NFIX;PPM1H;ZBTB42;CXCR4;DLL1;ADCY5;TYMP;GNG4;SPOCK2;ATOH8;HSF4;SLC25A21;SLIT2;PCDH1;TBX1;GALNT3;WNT7B;IRX3;RFTN1;EYA4;WNT7A;KAZALD1;MAPK15;FRAS1;PDE10A;SLCO3A1;FAM131B;CRLF1;SNTB1;TMEM229B"
"EGR1","EGR1 20690147 ChIP-Seq ERYTHROLEUKEMIA Human","455/4931","0.00000000001478295980953935270990209441209473593958900750067187","0.00000000050732430255464597916115116512780075508359800551261","0","0","1.5006615945199129","37.422817487810668524162","MAML2;FRMPD1;SERPINE1;STMN3;ABCA12;ENO2;BACH1;FGFRL1;GLDN;ZFYVE28;GCSH;DPYSL3;HOMER3;SAMD11;PRKCG;DAPK1;CACNA2D1;FIBCD1;HSPG2;KIAA1217;SULT2B1;BCAM;CLDN3;ADCY9;PARD3;FEZ2;MAML3;CFB;CLCNKB;GATA6;PDGFB;LYPD3;PRDM10;ADAMTS10;GABARAP;KIAA0040;C3;PRDX1;S100A10;ABCA2;NGFR;ST14;ABCA3;MCAM;CYP4F3;IL31RA;PBX3;NR2F2;GRIN2C;GP6;ELL3;PPFIBP2;FASN;DCHS1;PLCH1;PLCH2;DENND1C;FANK1;RET;SERPINA1;ZNF250;KCNC3;TGFB1I1;KCNC4;LRRC3;GLI2;SERPINA5;LFNG;MRC2;AIFM3;TIMP2;DLGAP1;RSPO1;DENND2C;ZNF480;TESC;DENND2A;TMC8;TEX14;TMC6;F3;DUSP6;MRPL51;TUBB2A;OAF;MMP17;PPARG;KIFC3;MGLL;HBEGF;CRB2;WDR27;ZNF595;CLDND1;NFIX;IDUA;PELI2;AOAH;ADCY5;FGD2;GPR153;HAS3;GCNT2;ZNF467;GSN;BRF1;KCNB1;WNT7B;BMP8A;WNT7A;DHRS3;TTLL7;FABP5;ZNF219;SARM1;NOTUM;CRLF1;LIMS2;SLC27A1;ANKRD37;DGKE;CSF1;CHRM4;RORC;IRS2;BZW1;NRBP2;EFEMP2;GRB14;CDH1;HLA-DOA;HMGN2;STK32A;KCNH2;RNF43;VASH2;FOXP1;SLC9A2;DISP2;OLFM1;OLFM2;CACNB3;CACNB4;OBSCN;S100A4;S100A3;TNIK;RTN4R;BRSK1;CUL7;NOTCH1;SLC26A1;FBLIM1;INSIG2;INSIG1;KRCC1;GLIS1;NPAS2;TMEM25;SOCS3;CPA4;ZNF783;KCNF1;TMEM132B;CYBRD1;ZBTB12;LSM5;CORO2B;NOXA1;LCN2;BCL2;RNF182;SPIRE2;NES;BCL2L1;MAP3K12;CNTNAP2;CPM;CNTNAP1;ITGB4;RASGRF1;DYSF;MSLN;TSPAN12;ADAMTS2;SCRN2;EIF5A;ACTR2;HSP90AA1;AMN;HMGCS1;PLEKHG5;C1QL1;ITGA9;PRKAA2;SMARCD3;SEMA3B;U2AF1;PPM1F;THSD4;AP3M2;ABLIM2;MGAT5B;ZNF747;FSD1;PCDH1;TRIM44;TBX1;SLC12A5;KCNJ11;TXNRD2;IRX3;KCNIP3;CYP51A1;DONSON;FBXL16;FBXL13;SORL1;KLF8;SLC25A37;NOVA2;ST7;TLL2;SLC25A34;ICAM5;ZDHHC8;ANTXR2;ZDHHC2;HERC3;TRIM29;RPS6KA1;SOX8;SOX9;CCDC92;PTGDS;TNS3;TMPO;IL15RA;CCDC78;PAQR5;KRT8;MYO7A;MAPK8IP2;OVOL1;ANK1;FNDC4;KCNQ1;CSNK2B;SPATA13;KCNQ4;TRIM15;KCTD12;RIN1;CTXN1;ZFPM1;EPHA2;SPTBN4;DHX9;GIPR;EBI3;TWIST1;TMTC1;TXN;PPL;SYNGR1;ZNF704;LCN12;MAP6;HIVEP3;ST8SIA6;FADD;KCNN4;TRPM6;ATP6V1C2;RTBDN;VASP;NTNG2;RABGAP1L;EGR3;YES1;PTPRN2;FOXF1;IQSEC1;SIAH1;LIF;MSRA;STAG3;ID2;ANP32E;ANP32B;RCOR2;DHRS13;FKBP10;COL18A1;CITED2;SLC44A2;OTUD7A;GRIK4;SECTM1;SIPA1L3;RYR3;HNF4A;TMED4;LYNX1;ZHX2;GAA;NOG;MMEL1;KREMEN2;CBFA2T3;RENBP;ZDHHC14;MDFIC;BANK1;FAM20C;FJX1;CXCR4;CRIP1;CAMKK1;HSF4;SUSD4;DNAJC5G;ZNF585B;CA11;CGREF1;NQO1;RFTN1;PLEKHA6;KAZALD1;PLEKHA7;GRIN1;PER3;TFAP4;KRT18;AXL;RPA3;TCEA3;GRINA;FHOD3;SH3GL3;OGDHL;GALNT10;DOCK11;SYDE1;CCND1;PALM;NRTN;PPFIA4;TGM2;KIRREL2;LMO4;APLP1;ADAM11;SCNN1D;DPEP1;GEMIN7;MZF1;EMID1;ABCG1;FAIM;FBN3;GNAZ;IDI1;NXPH3;NPR3;CACNA1D;KLHL13;CPLX1;PLD3;ZFP36L1;DPP4;CACNA1I;SDCBP;EBP;SCUBE1;CASKIN1;RHPN1;ACBD7;CRIM1;BMP7;POU2F3;SYT7;NR4A1;GNAL;EFNA2;DLG4;DLG5;DEGS2;GPSM1;DOCK4;LAMC3;TTC22;MAST1;TNFAIP2;SLC2A1;TNFAIP3;SIX1;OPLAH;RND3;SGSH;LYL1;DBP;BCL7A;RASGEF1C;MCF2L;BDKRB2;MYBL2;ABCD1;GALNT9;ABCC3;KLF11;CAMK1D;USP44;GLRX2;NAV2;AXIN2;MYRIP;SYNGR3;WNT16;ETV6;SSTR5;EPN3;VGF;PALLD;CHDH;COL6A2;COL6A1;MVD;CDH15;NAT8L;LAMA5;DNAH1;RGS16;HMGCR;DLL1;GNG4;TRA2A;MAN1C1;REPS2;SLIT2;MUC4;HES4;LGI3;HAGHL;ZNF804A;MEIS3;MAPK15;FMNL3;MAPK11;SBK1;PDE10A;MYO15A;SPRY2;SSBP2;SNTB1"
"RING1B","RING1B 27294783 Chip-Seq ESCs Mouse","187/1651","0.00000000002643335673241402719441169062798881054035526894097075","0.00000000086770366665098219436471805809615344406982018199415","0","0","1.7871034456587735","43.527396339524635493490","SERPINE2;IRS1;IRS2;ICAM5;PRDM1;IKZF2;SLC4A3;ENO3;KLHL30;GALNT10;TXNDC17;NR3C2;GRIP1;NRBP2;HTR6;GPR176;HTR7;CCND1;FGF9;PAPOLA;HOXA1;SOX9;CDK5RAP3;MAP3K5;EOMES;ARSA;SLC15A1;MSX2;DAPK1;LMO4;IGFBP3;VASH2;KRT8;HNF1B;VWA5B2;FOXP2;LEMD1;SLC9A2;CACNB3;CLDN3;OBSCN;DDIT4;KCTD12;MAML3;SNRPF;TNIK;EMID1;SHC2;SLC45A3;COL13A1;NXPH3;NPR3;TMEM59L;CLCNKB;GATA6;PDGFB;TACSTD2;CHRD;DAPP1;ILDR2;TWIST1;LIN7A;AGAP3;NPAS2;ZFP36L1;SOCS3;WNT6;CHST12;FAM43A;KCNN4;CPA4;NGFR;EGR3;ACBD4;SYT1;DNASE2B;IL31RA;PBX3;NR2F2;NR1D1;FHDC1;BMP7;PBX1;LRP1B;NFATC4;ABHD15;PCDHGA10;BMP4;BST1;GJB2;ID2;CNTN1;BCL2;RNF182;ANP32E;SP5;ID3;LHX5;MKX;ANP32B;SLC26A4;PAM;NES;TMEM151A;DHRS13;NRP2;ONECUT3;KCNC3;ONECUT1;RASGRF1;FHL2;TNFAIP2;SLC2A1;LRRC3;SIX1;GRIK2;PITPNC1;GLI2;LFNG;LYL1;THBD;ADAMTS2;RASGEF1C;TIMP3;MYBL2;EIF5A;ZHX2;AMN;GPR37;CAMK1D;GAA;USP44;ITGA1;NOG;TBC1D8;TMC8;TEX14;GLRX2;KCNAB3;WNT16;DUSP6;PARD3B;C1QL1;ARL4C;VCAN;VGF;FAM20C;NAT8L;FJX1;CCDC40;SAMD5;PTGER4;RBM47;SMARCD3;CEBPD;PELI2;PPM1H;HSD17B14;ZBTB42;CXCR4;DLL1;SPOCK2;HSF4;SUSD4;CSMD3;SLIT2;TBX1;KCNB1;WNT7B;IRX3;EYA4;MBOAT1;PNMA2;KAZALD1;MAPK15;SGPP2;MAPK11;KRT18;DES;PIK3IP1;PSMC1;RIMBP3;SPRY1;VIM;SLC25A34;SSBP2;CRLF1"
"KDM2B","KDM2B 26808549 Chip-Seq K562 Human","187/1673","0.00000000008146298948630873200660145027005303204614694578822309","0.00000000256268987759012865909261221983306278104919329052791","0","0","1.7583838043965905","40.848789641679438489064","TES;CSF1;FRMPD1;CHRM4;ZDHHC8;PRDM1;FGFRL1;ZFYVE28;NRBP2;HTR6;CCND1;FGF9;TRIM29;PLAU;PALM;RPS6KA1;SOX8;CHAC1;HMGN2;PRKACB;LZTS1;SAMD11;KCNH2;IL15RA;ST6GAL1;PAQR5;LMO4;FIBCD1;ADAM11;VASH2;HNF1B;EBF4;HSPG2;SRCIN1;SYTL3;SLC9A2;ACAP3;OLFM2;ADCY9;OBSCN;SCNN1D;DDIT4;KCNQ4;MAML3;ZFPM1;ABCG1;EPHA2;RTN4R;FBN3;GNAZ;SHC2;SLC26A1;FBLIM1;SLC45A1;NXPH3;INSIG1;TMEM59L;GATA6;PDGFB;CHRD;ILDR2;PIK3R1;C2CD4C;PPL;GLIS1;GLIS2;SOCS3;PRDX1;LCN12;CASKIN1;RHPN1;SFN;HIVEP3;ST8SIA6;FAM43A;CHST14;S100A10;RTBDN;ACBD7;NGFR;TMEM120B;NTNG2;SYT3;EGR3;IQSEC1;LIF;L1CAM;FHDC1;SYT7;ABHD15;PARP10;NR4A1;PYY;PPFIBP2;GNAL;EFNA2;ATG16L2;BAMBI;ID2;CDK3;DLG5;ID3;LHX5;RCOR2;PAM;COL18A1;CALCOCO1;ITGB4;ONECUT3;LAMC3;TTC22;KCNC3;KCNC4;CITED4;BHLHE41;DYSF;SLC2A1;HOXC13;GLI2;LFNG;MRC2;LYL1;AIFM3;MCF2L;TIMP2;CPXM1;SLC18A2;GALNT9;CAMK1D;TESC;PLEKHG5;HEG1;KREMEN2;AXIN2;WNT16;CBFA2T3;TUBB2A;VSNL1;ELF3;VGF;MMP17;COL6A1;TRNP1;FAM20C;CDH15;NAT8L;FJX1;PLCB2;SAMD5;PTGER4;LAMA5;RBM47;NFIX;SMARCD3;FGL1;RGS16;PELI2;CXCR4;PRICKLE1;LIN9;DLL1;PPM1F;AP3M2;TMEM201;GPR153;MAN1C1;ZNF469;ZNF467;PCDH1;HES4;TBX1;WNT7B;MACC1;HAGHL;BMP8A;FBXL16;TARBP1;TTLL7;SLC25A37;SBK1;KCP;TLL2;CHPT1;VIM;SSBP2;CRLF1;GRINA"
"LEF1","LEF1 29337183 ChIP-Seq mESC Mouse Stem","243/2335","0.00000000011138836216267199560660906826805986204187437493828838","0.00000000336392853731269418718647202062085183049688907885866","0","0","1.6406151778464602","37.599615795823893904526","EHF;MAML2;ABCA12;BACH1;TRIM29;FTH1;LIPG;RASSF6;PSMD1;PXDC1;ACAD11;TNS3;TMPO;ST6GAL1;NHLRC3;PAQR5;KRT8;ACSL5;WDR72;EBF4;MAPK8IP2;ANK1;EREG;SULT2B1;DEPDC1B;ADCY9;PARD3;DDIT4;SPATA13;MAML3;RIN1;EPHA2;SMIM3;COL13A1;GATA6;ENDOD1;TMTC1;AGAP3;PRDM10;PPL;SYNGR1;RDH12;SFN;ST8SIA6;TSPAN2;ARSG;S100A14;TNFSF18;AFAP1L2;ST14;RABGAP1L;GPR15;EGR3;IQSEC1;FHDC1;PBX1;NFATC4;PPFIBP1;GJB2;PPFIBP2;ID2;ID3;CPEB4;ITM2C;NRP2;CITED2;SLC44A2;OTUD7A;GRIK4;KRT23;HOXC13;KRT20;SIPA1L2;SIPA1L3;GLI2;TIMP3;DLGAP1;TK1;RBBP8NL;DENND2D;DENND2C;ZHX2;TESC;TMC8;TEX14;KRT32;NME5;ANO4;F3;CBFA2T3;SERPINB5;DUSP7;RNF144B;FJX1;CD44;MGLL;CRB2;WDR27;GCNT1;SNX33;PRICKLE1;APOLD1;FGD6;PSMB3;MICALL2;GCNT2;GABRE;MAP4K5;IL12RB2;MPZL2;CGREF1;PTGES3;PLEKHA6;GRHL2;PLEKHA7;DHRS3;MPP7;TMEM154;SH3RF2;TFAP4;FABP5;TMEM229B;FHOD3;ALDH1L1;CSF1;CTNND1;IRS2;IL1RAP;PRDM1;ALDH1L2;FGF2;PLB1;FAM107B;ARHGAP42;CCND1;CDH1;MACROD1;NEK2;KPNA2;SLC25A45;MB21D2;MAP3K5;RNF43;S100A2;MSX2;LMO4;MITF;LMO7;MOB3B;FOXP1;FRMD5;CACNB4;CLIP4;DPEP1;GEMIN7;FKBP9;TNIK;ABCG1;GNAZ;NOTCH1;GPR87;ARHGEF28;TACSTD2;CACNA1D;PLD1;LTBP1;NPAS2;ZFP36L1;DPP4;EFNB2;CTIF;MAP2K6;PSAPL1;CRIM1;CYBRD1;BMP7;POU2F3;BMP4;NR4A1;BAMBI;TBCE;BCL2;AMOTL2;MIPEP;OSCP1;DOCK4;MAST4;MTCL1;DOCK8;HSPB8;SLC2A1;RND3;THBD;GRM7;TMEM107;BDKRB2;PDE4B;MAN2C1;EIF5A;HSP90AA1;CAMK1D;CCDC34;PDE4D;USP44;TNFRSF19;PLA2G4C;TBC1D8;NAV2;ETV6;EPN3;PALLD;EHHADH;IL1RAPL1;MVD;SMPDL3A;RBMS3;LAMA5;RBM47;DNAH2;LAMA3;PRR5L;DLL1;PPM1F;AP3M2;TNKS2;OXCT1;NRIP1;MAN1C1;LRIG1;PCDH1;TRIM44;LEKR1;CDRT4;HNRNPA3;MBOAT1;MERTK;SORL1;EEPD1;KLF7;FRAS1;PDE10A;VIM;SNTB1"
"SMC1","SMC1 22415368 ChIP-Seq MEFs Mouse","178/1583","0.00000000015462059541442262372415745511191947567097848548201000","0.00000000448994421299573493010960379681270615570554127771175","0","0","1.7656510031084671","39.886138741870965418457","FHOD3;RAB3A;SPARC;CSF1;TRAF3IP2;IRS1;CHRM4;PLEKHB1;COL12A1;CTNND1;NUDT1;ICAM5;PRDM1;IKZF2;FGFRL1;GALNT10;FAM107B;CCT6B;IFIT2;CCND1;LIPG;DHX58;PALM;SOX8;SOX9;SLC25A45;SPA17;STK32A;PPFIA4;CDK5RAP3;MAP3K5;TMPO;RAG1;RNF43;DAPK1;LMO4;IGFBP3;SRCIN1;LEMD1;OLFM1;RUFY4;LACTB2;DDIT4;S100A3;KCTD12;ATF5;NPTXR;RIN1;STEAP1;NPR3;GATA6;TWIST1;PIK3R1;PLD1;KRCC1;GLIS1;FBLN5;GLIS2;SOCS3;CACNA1I;SYNGR1;SCUBE1;RNF215;BLOC1S1;LCN12;PDGFC;ABCA2;NGFR;KCNF1;GGT7;EGR3;ACBD4;CRIM1;LIF;NR2F2;SNF8;NR1D1;GRIN2C;NFATC4;PCDHGA10;MSRA;BMP2;FMC1;BCL2;ID3;AMOTL2;COL9A2;PAM;NES;BCL2L1;MIPEP;NRP2;DOCK4;CITED2;FHL2;SLC2A1;GRIK4;TNFAIP3;SIX1;SLC2A3;RND3;PRSS23;PITPNC1;GLI2;TRIM8;LYL1;THBD;JPH2;RASGEF1C;NUF2;TIMP3;SPEG;MAN2C1;FGFBP3;DACT1;TMED4;EIF5B;ZHX2;AMN;ITGA3;GAA;ITGA1;NOG;WNT16;F3;DUSP6;DUSP7;ETV6;ARL4C;VCAN;ELF3;MMP17;MVD;EEF1E1;FJX1;PLCB2;CRB2;SAMD5;SMARCD1;CAMK2D;CEBPD;ATL1;RGS16;SEMA3B;HSD17B14;PDXP;PRR5L;DLL1;APOLD1;POLD4;GPR153;ABLIM2;DDT;ATOH8;NRIP1;MAN1C1;PCDH1;TRIM40;WNT7B;IRX3;RFTN1;EYA4;KAZALD1;KLF7;COL3A1;PSMC6;PIK3IP1;HNRNPA2B1;RAB13;RIMBP3;TLL2;SPRY2;SPRY1;VIM;NOTUM;SLC25A34;SSBP2;RAMP1"
"PPAR","PPAR 26484153 Chip-Seq NCI-H1993 Human","120/945","0.00000000016390300205222323228980302181541665526576245781598118","0.00000000458321357590476047425662214007333061793758588464698","0","0","2.0014365185550314","45.095859899620307942314","FHOD3;EHF;TES;MAML2;IRS1;COL12A1;SERPINE1;CPOX;OGDHL;IRS2;IL1RAP;IKZF2;GALNT10;ZFYVE28;GCSH;GRB14;CDH1;SALL4;LIPG;NEK2;HOMER3;CHAC1;SOX9;TNS3;MAP3K5;TGM2;IGFBP3;KRT8;ACSL5;DKK1;GPRIN3;INPP4B;TMEM139;DDIT4;SLC45A1;GPR87;GATA6;CHRNA9;LTBP1;NPAS2;ZFP36L1;POU5F1B;PDGFC;ZBBX;SOCS6;KCNN4;TRPM6;ABCA1;TNFSF18;AFAP1L2;SIAH1;CRIM1;LIF;NR2F2;PBX1;PPFIBP2;CDK3;CHMP2B;BCL2;SPIRE2;AMOTL2;BCL2L1;NRP2;CALCOCO1;MAST4;CITED2;FHL1;BHLHE41;FHL2;TNFAIP2;TNFAIP3;HOXC13;KRT20;AREG;RND3;MYPN;TIMP3;FGFBP3;ABCC3;ZHX2;SYK;PLLP;HEG1;USP44;NOG;TMC5;F3;DUSP6;TOX2;MMP16;ELF3;NAV3;HKDC1;KIFC3;TRIM55;HBEGF;PTGER4;RBM47;SLC20A1;LAMA4;POMP;THSD4;STAMBPL1;SH3TC2;SPOCK2;NRIP1;HAS3;TM4SF18;PLEKHA6;PNMA2;GRHL2;PLEKHA7;MPP7;TMEM154;TTLL7;EEPD1;KLF7;RPA3;SARDH;SNTB1"
"KDM2B","KDM2B 26808549 Chip-Seq SUP-B15 Human","185/1666","0.00000000017994362022470448925671287976541575653888216379527876","0.00000000485205118820185341956318511515318381288608406975982","0","0","1.7431125964225489","39.112618524675951903191","CSF1;ARL6IP1;SERPINE1;RORC;IRS2;ZFYVE28;EFEMP2;HERC3;HTR7;CCND1;FGF9;PLAU;FTH1;PALM;MACROD1;CHAC1;HMGN2;LZTS1;SAMD11;IL15RA;LMO4;FIBCD1;ADAM11;VASH2;MYO7A;EBF4;VWA5B2;HSPG2;ANK1;FOXP1;CACNB2;CACNB3;PPP1R3E;PARD3;DDIT4;KCNQ4;GEMIN7;MAML3;CLOCK;ZFPM1;EMID1;EPHA2;EXD3;SLC45A3;NOTCH1;NXPH3;TMEM59L;PDGFB;AGAP3;GLIS2;EFNB2;SOCS3;SYNGR1;LDHA;SCUBE1;CHST12;ZNF704;HMOX1;SFN;ST8SIA6;FAM43A;FDFT1;VASP;NGFR;NTNG2;CDK18;SYT3;AFAP1L2;EGR3;NEK5;IQSEC1;MCAM;TMEM132A;SIAH1;NR1D1;CORO2B;GPR137C;BMP4;PARP10;NR4A1;GJB2;ID2;BCL2;ID3;COL9A2;PLCH2;PRRT4;RCOR2;ITM2C;NRP2;CALCOCO1;ONECUT3;CITED2;KCNC4;RASGRF1;CITED4;BHLHE41;TNFAIP2;SLC2A1;SECTM1;TNFAIP3;PITPNC1;LFNG;TRIM8;LYL1;BCL7A;TIMP2;PMEPA1;CPXM1;FGFBP3;GALNT9;HSP90AA1;ZHX2;ITGA3;TESC;NOG;TBC1D8;TMC8;TMC6;AXIN2;CBFA2T3;IL17RC;DUSP6;ZDHHC14;ETV6;MMP14;TUBB2A;VGF;KIFC2;BANK1;IRF1;MMP17;TRNP1;PPARA;ALDOA;PLCB2;CHST2;TRIM55;ENG;CAMK2D;NFIX;SMARCD3;ATL1;RGS16;SEMA3B;CXCR4;SNX33;LIN9;CRIP1;PPM1F;CAMKK1;APOLD1;AP3M2;ABLIM2;SPOCK2;MGAT5B;ATOH8;HAS3;MAN1C1;IL21R;SUSD4;MAP4K5;MUC4;CMTM7;GSN;WNT7B;PTGES3;PLEKHA6;SORL1;KAZALD1;GRHL2;DHRS3;TARBP1;GRIN1;MAPK11;TFAP4;PIK3IP1;ZNF219;RAB13;SARDH;TLL2;CHPT1;SPRY1;VIM;NOTUM"
"SMC3","SMC3 22415368 ChIP-Seq MEFs Mouse","171/1546","0.00000000131305073949432455428207642780151845340874672274367185","0.00000003418459683855914525509281007807638186335452701314352","0","0","1.7264480938416422","35.307439072884207575953","FHOD3;CSF1;IRS1;PLEKHB1;COL12A1;CTNND1;SPATA20;PRDM1;IKZF2;KLHL30;IFIT2;HTR6;CCND1;GRB14;LIPG;DHX58;PALM;NEK2;SOX9;PPFIA4;SCN1B;CDK5RAP3;TMPO;TGM2;RNF43;IGFBP3;MYO7A;EBF4;HSPG2;CYP2U1;RUFY4;LACTB2;SNRPF;NPTXR;RIN1;STEAP1;FICD;GPR87;NPR3;GATA6;LTBP2;PIK3R1;MRO;GLIS1;GLIS2;ZFP36L1;EFNB2;SOCS3;CACNA1I;SYNGR1;SCUBE1;RNF215;PRDX1;LCN12;FAM43A;FADD;AP1M2;NGFR;GGT7;EGR3;ACBD4;AMBP;CRIM1;GRIN2C;NFATC4;PARP10;GJB2;FMC1;BAMBI;ID2;CDK3;BCL2;ID3;AMOTL2;NES;CNTNAP1;NRP2;SYNM;DDX46;MAST4;CITED2;TGFB1I1;GRIK4;TNFAIP3;SLC2A3;RND3;PITPNC1;TRIM8;LYL1;THBD;JPH2;ADAMTS2;RASGEF1C;SCRN2;TMEM107;TIMP2;TIMP3;CCIN;ANXA9;FGFBP3;DACT1;EIF5B;AMN;ITGA3;PLEKHG5;DENND2A;NOG;AXIN2;F3;IL17RC;DUSP6;COMMD4;ARL4C;VCAN;PSMA1;ELF3;VGF;RTN4RL1;COL6A2;MMP17;COL6A1;TRNP1;EEF1E1;FJX1;PLCB2;CRB2;SAMD5;SMARCD1;SMARCD3;CEBPD;SEMA3D;RGS16;HSD17B14;PRR5L;PRICKLE1;DLL1;POLD4;FGD6;GPR153;ABLIM2;ABLIM3;OXCT1;MGAT5B;ATOH8;STAT4;MAN1C1;DNAJC5G;SLIT2;PCDH1;PDLIM5;TAF15;BRF1;KCNJ11;WNT7B;RFTN1;WNT7A;MERTK;FBXL13;DHRS3;COL3A1;FABP5;SLCO3A1;PIK3IP1;RAB13;RIMBP3;SPRY2;SPRY1;PTPN7;VIM;NOTUM;RAMP1"
"ZFP281","ZFP281 27345836 Chip-Seq ESCs Mouse","179/1646","0.00000000190393431555687696246853723893843052250574032768781763","0.00000004791568027484807732209177826010471079598573851399124","0","0","1.6957690400941934","34.049928881959765192278","SPARC;FRMPD1;PLEKHB1;SERPINE1;OGDHL;SPATA20;SLC4A3;BZW1;ZFYVE28;GCSH;GRIP1;CCND1;FGF9;PALM;PAPOLA;SOX9;TMPO;TGM2;ARSA;IL15RA;MSX2;ACSL5;HSPG2;LEMD1;SLC9A2;CACNB3;EID3;OBSCN;LACTB2;DDIT4;SPATA13;KCTD12;MAML3;TNIK;RIN1;EPHA2;SHC4;SHC2;SLC45A3;COL13A1;FBLIM1;DHX9;NXPH3;NPR3;PDGFB;FOXO6;ILDR2;CACNA1D;LTBP2;PIK3R1;NPAS2;GLIS2;SAV1;ZFP36L1;EFNB2;SOCS3;CACNA1I;WNT6;CCNB1;LDHA;CHST12;PDGFC;CASKIN1;HOXC4;SFN;HIVEP3;FAM43A;ARSG;ABCA1;CDK18;EGR3;LIF;ZBTB12;NR2F2;NR1D1;GRIN2C;NFATC4;BMP4;NR4A1;LIN28A;FASN;ID2;NOSTRIN;CNTN1;BCL2;SP5;DCHS1;NF2;TMEM19;RCOR2;CNTNAP2;CNTNAP1;NRP2;ONECUT3;CITED2;CITED4;DYSF;GPT;DBI;DUSP18;OPLAH;HOXC11;RND3;PCSK4;PITPNC1;OSBPL10;GLI2;LFNG;MRC2;TRIM8;DBP;NUF2;TMEM107;SPEG;MYBL2;GALNT9;ACTR2;HSP90AA1;ZHX2;AMN;CAMK1D;GPR35;PLEKHG5;TMC8;TEX14;TMC6;TUBG2;TMC5;KCNAB3;DUSP6;ARL4C;RNF144B;MMP14;VCAN;ZEB1;RTN4RL1;IRF1;COL6A2;RNF207;MMP17;HBEGF;AGPAT5;PTGER4;LAMA5;SMARCD1;SLC20A1;LAMA4;ZDHHC23;CXCR4;U2AF1;LIN9;CRIP1;ADCY5;SRR;TNKS2;HAS3;SUSD4;CHSY3;PCDH1;SLC12A5;KCNB1;IRX3;PTGES3;EYA4;FBXL16;HSPE1;KAZALD1;MAPK15;SGPP2;FMNL3;SLC25A37;KLF7;KRT18;NOVA2;SGSM2;TCEA3;SSBP2;FOLR1;CRLF1"
"SMAD4","SMAD4 21741376 ChIP-Seq HESCs Human","196/1862","0.00000000411332933565550541453971006766385243302863727876683697","0.00000009842194198479035298435393204138921241508342063752934","0","0","1.6386347131445171","31.640451880538801532339","EHF;TRAF3IP2;ABCA12;GRPR;CCT6B;HTR6;TRIM29;CCDC92;TNS4;CDK5RAP3;SAMD11;ST6GAL1;NHLRC3;PAQR5;DAPK1;HNF1B;ESCO2;SYTL3;CYP27A1;INPP4B;PARD3;DDIT4;ZFPM1;EPHA2;PXT1;GATA6;IL20RA;TMTC1;SLC6A20;C3;LDHA;ZBED2;TSPAN2;FAM43A;ARSG;DECR1;PCK2;S100A10;AFAP1L2;IQSEC1;MCAM;PBX3;HNRNPM;ID2;ID3;PLCH1;CPEB4;COL18A1;NRP2;SYNM;KCNC4;SIPA1L2;RYR3;MMP20;MRC2;AIFM1;HNF4A;NUF2;PBK;TMC1;GPR39;ZHX2;GPR37;PLLP;TESC;NOG;TMC5;ANO4;DUSP6;TOX2;CKS2;CLDN18;KIFC3;WDR27;NFIX;SLC20A1;TMPRSS4;GCNT1;CXCR4;AOAH;APOLD1;FGD6;STAT4;GCNT2;P4HTM;CA12;KCNB1;PLEKHA6;PLEKHA7;DHRS3;GATM;IL18R1;CDKN3;FHOD3;CSF1;CTNND1;LOXL4;IRS2;PRDM1;PLB1;GALNT10;FAM107B;GRIP1;NEK2;PPFIA4;LZTS1;EOMES;MAGI1;S100A2;MSX2;ADAM11;VASH1;FOXP2;OLFM1;CLIP4;GEMIN7;SNRPF;TNIK;ABCG1;NOTCH1;INSIG2;SLC1A1;CACNA1D;LTBP2;FBLN5;TMEM25;SDCBP;SCUBE1;MAP2K6;KCNF1;TNFRSF9;TMEM132B;CRIM1;CORO2B;BMP7;POU2F3;BMP2;GNAL;BAMBI;CDK3;RCAN2;DLG5;LHX5;DEGS2;BCL2L1;CNTNAP2;DOCK3;LAMC3;DOCK8;HSPB8;RASGRF1;HMGB3;SLC2A3;PITPNC1;PMEPA1;ABCC3;CAMK1D;CCDC34;PDE4D;TNFRSF19;NAV2;AXIN2;ETV6;RTN4RL1;PALLD;EHHADH;C1D;ITGA9;PRPS1;SMARCD1;SMARCD3;LAMA2;LAMA3;PPM1H;HSD17B14;HMGCR;ABLIM2;SH3TC2;GNG4;NRIP1;MAN1C1;REPS2;SLC25A21;PCDH1;PDLIM5;LEKR1;CMTM7;IRX3;FMNL3;EEPD1;KLF7;FRAS1;PDE10A;LNX1;SPRY2;SPRY1"
"TP63","TP63 30713093 ChIP-Seq Epithelial Human Tongue SCC","216/2100","0.00000000417152601789839878202962458481756202743895300955045968","0.00000009842194198479035298435393204138921241508342063752934","0","0","1.6026970124990003","30.924013079263328762636","IL1RN;TRAF3IP2;PLEKHB1;COL12A1;SERPINE1;STMN3;ICAM5;CCT6B;TRIM29;RPS6KA1;HOMER3;RTTN;CHAC1;H4C1;SPA17;TNS4;TNS3;KRT8;ACSL5;INSYN1;WDR72;VWA5B2;OVOL1;KIAA1217;INPP4B;BCAM;IFI27;MALL;RIN1;ZFPM1;SKAP2;EPHA2;COL13A1;AGAP3;BLOC1S1;BLOC1S2;SEC14L5;HOXC4;SFN;S100A14;KCNN4;TRPM6;PCK2;PROM2;AFAP1L2;RABGAP1L;EGR3;YES1;MCAM;PARP16;ELL3;NFATC4;PARP10;MSRA;PPFIBP1;GJB2;PPFIBP2;PRXL2A;RCOR2;COL18A1;CITED2;SLC44A2;KCNC3;BHLHE41;SECTM1;GPT;VSIR;OSBPL10;TRIM8;AIFM3;TRIM6;CTSH;BMERB1;ANXA9;CCR3;RBBP8NL;SYK;HEG1;BTN3A3;TMC6;KREMEN2;DUSP6;SERPINB5;RNF144B;TOX2;PSMA1;VSNL1;B3GNT5;HBEGF;PRKN;WDR27;PRIM2;PCNA;NFIX;SAMD9;IDUA;SLC20A1;PTAFR;TMPRSS4;PTGS2;AKAP3;CAMKK1;FGD2;PSMB6;CHN1;MICALL2;GCNT2;PTCHD4;MBNL3;P4HTM;RIBC2;MPZL2;CENPW;WNT7B;PTGES3;GRHL2;DHRS3;TMEM154;SH3RF2;FABP5;AXL;ZNF219;FRK;LIMS2;FHOD3;ALDH1L1;SLC27A1;ANKRD37;LOXL4;IL1RAP;PRDM1;PLB1;PTTG1;ZNF84;SLC25A45;KRT6A;PIAS3;RNF43;CCDC154;S100A2;MAT1A;GRIP2;FOXP1;SGO2;OLFM2;COL4A6;DPEP1;COL4A5;S100A3;ZNF675;FBLIM1;NPR3;TMEM59L;DAPP1;CACNA1D;INAVA;PSORS1C1;CTIF;ADGRG5;ZBBX;FAM83B;FDPS;SYT1;AMBP;POU2F3;BMP4;CXCL11;ATG16L2;CDK3;DLG5;LCN2;CRYBG2;MAST4;ITGB4;HSPB8;RASGRF1;HMGB1;THBD;SDR16C5;TMEM107;BDKRB2;PMEPA1;SPDL1;ACTR2;MMP7;CCDC34;PLEKHG5;PDE4D;NAV2;AXIN2;WNT16;SSTR5;ARL4C;EPN3;ELF3;PALLD;HKDC1;C1D;MTFP1;RGS16;LAMA3;SEMA3B;DEPP1;ABLIM2;SH3TC2;MGAT5B;HNRNPA1;PCDH1;TXNRD2;KLF7;PSAT1;CTH;VIM;LTBR;SLC25A34;NECTIN4"
"BMI1","BMI1 23680149 ChIP-Seq NPCS Mouse","107/860","0.00000000527026997121105022666060724799950987229379961718223058","0.00000012057738873528310927190742695563896447197294037323445","0","0","1.9436079811632816","37.047469834392430243497","KCNG3;PRDM1;CLGN;NR3C2;HTR7;CCND1;FGF9;SALL4;LIPG;HOXA1;RTTN;MAP3K5;EOMES;RNF43;KIRREL2;MSX2;CACNA2D1;HNF1B;VWA5B2;OVOL1;DKK1;FOXP2;LEMD1;SLC9A2;CACNB2;CLDN3;MAML3;SPATA18;FAIM;SLC45A3;NPR3;ALOX15;TMEM59L;GATA6;IL20RA;TRANK1;TWIST1;CACNA1D;ZFP36L1;WNT6;HOXC4;ARSG;ACBD7;NGFR;NR2F2;SNF8;GJB2;GNAL;LIN28A;BAMBI;BCL2;LHX5;MKX;SLC26A4;PRRT4;CPM;ONECUT3;DOCK8;KCNC4;ONECUT1;RASGRF1;BHLHE41;FHL2;SIX1;HOXC13;HOXC11;SIX4;RSPO1;FGFBP3;PRKG1;LRRCC1;GPR37;ITGA3;TRPC1;NOG;CBFA2T3;DUSP6;C1QL1;VGF;B3GNT5;TRNP1;PTGER4;CEBPD;SEMA3D;RGS16;CXCR4;ADCY5;ATOH8;CHN1;GCNT2;CSMD3;SLIT2;MBNL3;MPZL3;IL12RB2;MPZL2;TBX1;GALNT3;DMRT1;IRX3;EYA4;PNMA2;SGPP2;DHRS3;LBX2;NOTUM;CRLF1"
"CEBPD","CEBPD 21427703 ChIP-Seq 3T3-L1 Mouse","151/1349","0.00000000614859226326660644479433261979858804657794735248899087","0.00000013653491643430260214618502181971315678765677148476243","0","0","1.7396991016773988","32.892565168575771394899","TES;SPARC;SERPINE2;TRAF3IP2;IRS1;COL12A1;IRS2;IL1RAP;PRDM1;GRPR;ANTXR2;FGF2;NR3C2;GRB14;FTH1;RASSF6;NEK2;HOXA1;ENPP3;SOX9;KPNA2;TNS3;TGM2;MAGI1;SLC15A2;NHLRC3;DAPK1;LMO4;CACNA2D1;IGFBP3;CASK;SYTL3;GPRIN3;SLPI;HAT1;COL4A6;S100A4;MAML3;ABCG1;INSIG2;INSIG1;TWIST1;LIN7A;PIK3R1;PLD1;PPL;LTBP1;FBLN5;SAV1;ZFP36L1;EFNB2;SOCS3;CHST12;ARSJ;PRDX1;PDGFC;FAM43A;CPA4;ABCA1;AFAP1L2;PTPRN2;SYT1;IQSEC1;CRIM1;PARP16;NR2F2;PBX1;DCLK1;PPFIBP1;DLG5;ID3;MKX;CPM;NRP2;DOCK4;MAST4;CITED2;DYSF;TNFAIP3;GRIK2;HMGB1;RND3;PRSS23;TRIM8;ZCWPW1;THBD;SEC61G;NUF2;TMEM107;TIMP3;GALNT9;PRKG1;TMC1;CCDC34;IZUMO1;USP44;DENND2A;TEX14;WNT16;DUSP6;ETV6;VAMP8;VCAN;PLCB4;ZEB1;MDFIC;PALLD;COL6A2;FAM20C;PPARG;EEF1E1;RBMS3;NFIX;LAMA4;PELI2;GCNT1;SNX33;PRICKLE1;HMGCR;PTGS2;PPM1F;THSD4;GPR153;STAMBPL1;TNKS2;ATOH8;TRA2A;LRIG1;ROMO1;CSMD3;SLIT2;PDLIM5;GABRE;MAP4K5;TRIM44;EYA4;PLCL2;SORL1;EEPD1;COL3A1;EPGN;PSMC6;SLCO3A1;PSMC2;ST7;HNRNPA2B1;LNX1;TLL2;SPRY2;VIM;FRK"
"FOXM1","FOXM1 26456572 ChIP-Seq MCF-7 Human","172/1595","0.00000000764290489167108910433023270499311441206202744069742039","0.00000016486837694890494314171631041326948619030190457124263","0","0","1.6746395688949616","31.298156268880337194105","EHF;TES;MAML2;ARL6IP1;OGDHL;IRS2;ZDHHC8;ABCA12;BZW1;GLDN;GALNT10;HERC3;HTR7;HMGN5;HEPHL1;CCND1;GRB14;SALL4;HOMER3;HMCN1;SOX9;KPNA2;ACAD11;TMPO;MAGI1;RNF43;MSX2;DAPK1;IGFBP3;KRT8;MITF;LMO7;DKK1;LEMD1;EREG;INPP4B;DEPDC1B;ADCY9;FEZ2;CLIP4;MALL;MAML3;TNIK;INSIG2;INSIG1;ALOX15;CHRD;TMTC1;PIK3R1;PLD1;AK7;LTBP1;DPP4;ARSJ;ZBBX;HIVEP3;ST8SIA6;FAM43A;FAM83B;S100A10;ABCA1;EGR3;XRCC4;DNASE2B;IL31RA;CRIM1;NR2F2;LSM5;LRP1B;NFATC4;BAMBI;DLG5;ANP32E;AMOTL2;COL9A2;MKX;NF2;CPEB4;CALCOCO1;DOCK4;MAST4;SLC2A1;SIX1;TSPAN12;KRT20;AREG;MYPN;PITPNC1;GLI2;BCL7A;SEC61G;MCF2L;NUF2;PDE4B;PMEPA1;ZNF365;LRRCC1;ZHX2;CHST7;SYK;CCDC34;HEG1;USP44;TNFRSF19;TBC1D8;NAV2;AXIN2;MYRIP;TMEM150C;CBFA2T3;DUSP6;ARL4C;VCAN;PLCB4;MMP16;ELF3;MDFIC;BANK1;RTN4RL1;B3GNT5;RNF207;C1D;FAM20C;PPARG;ITGA9;PTGER4;PRIM2;RBM47;SEMA3D;RGS16;PELI2;TMPRSS4;SEMA3B;PPM1H;CXCR4;APOLD1;THSD4;ADCY5;FGD2;ABLIM3;NRIP1;STAT4;GCNT2;KLRG2;LRIG1;MAL2;CHSY3;CSMD3;MBNL3;MPZL3;NQO1;TM4SF18;HNRNPA3;GALNT3;RFTN1;ZNF804A;DHRS2;GRHL2;SGPP2;MPP7;TARBP1;EEPD1;CENPF;NUDT7;KRT18;RPA3;PSMC2;HNRNPA2B1;RAB13;SSBP2;SNTB1;TMEM229B"
"EP300","EP300 20729851 ChIP-Seq FORBRAIN MIDBRAIN LIMB HEART Mouse","147/1313","0.00000000984846953157921536597320958045589933682606442744145170","0.00000020654429156506414603681554345571136366288556018844247","0","0","1.7377794092103265","32.037613901869420374169","SPARC;CSF1;TRAF3IP2;IRS2;PRDM1;PLB1;CCND1;FGF9;DPYSL3;LIPG;PAPOLA;SOX9;KPNA2;TNS4;TNS3;TMPO;TGM2;KCNH2;MAGI1;RNF43;LAG3;MSX2;LMO4;KRT8;VASH1;HSPG2;ANK1;FOXP2;LEMD1;FOXP1;KCNQ1;DDIT4;FEZ2;FSCN2;MAML3;EPHA2;SHC4;RTN4R;SLC45A3;NOTCH1;TWIST1;MRO;PRDM10;ADAMTS10;GLIS1;GLIS2;ZFP36L1;EFNB2;CPA4;VASP;NGFR;ANKRD24;MCAM;PBX3;LIF;NR2F2;CORO2B;BMP7;PBX1;BMP4;NR4A1;PPFIBP1;DLG4;FASN;ID2;DLG5;NOSTRIN;ID3;CSPG5;AMOTL2;ANP32B;RCOR2;PAM;NES;CPEB4;BCL2L1;GPSM1;CNTNAP2;CPM;COL18A1;MAST4;CITED2;KCNC3;CITED4;DYSF;SLC2A1;TSPAN12;SIPA1L2;HOXC11;RND3;PITPNC1;RYR3;GLI2;TRIM8;MCF2L;TMEM107;PBK;TIMP2;ANKRD1;TIMP3;CCIN;SLC18A2;PRKG1;DACT1;DENND2C;AMN;HEG1;TNFRSF19;NOG;NDUFC2;AXIN2;F3;DUSP6;VCAN;PLCB4;MMP16;OAF;COL6A1;TRIM55;LAMA5;GRAMD1B;LAMA4;SEMA3B;CXCR4;PRICKLE1;CRIP1;DLL1;PPM1F;CAMKK1;AP3M2;STAMBPL1;MICALL2;GCNT2;LRIG1;WNT7B;PLEKHA6;DHRS3;SLC25A37;MAPK11;KLF7;FRAS1;DES;PDE10A;PSMC2;PCYOX1L;SPRY2;VIM"
"TP53","TP53 23651856 ChIP-Seq MEFs Mouse","248/2541","0.00000002936349234002892359151186429423729951082577827037312090","0.00000059917396531680643689842837018577625940451980568468571","0","0","1.5154755266598894","26.283670545551178321375","SERPINE2;COL12A1;ANTXR2;IFIT2;ZFYVE28;GPR176;HTR7;RINL;RPS6KA1;HOXA1;ACAD11;TNS3;CCDC78;DAPK1;SERPINF1;MYO7A;VWA5B2;HSPG2;ANK1;INPP4B;NUP210L;CYP2U1;KCNQ1;DDIT4;ADPRH;MAML3;RIN1;SPATA18;CTXN1;EPHA2;GIPR;SLC45A1;CLCNKB;PDGFB;IL20RB;SYNGR1;ARSJ;BLOC1S2;PDGFC;SEC14L5;HIVEP3;FAM43A;CHST14;FADD;KCNN4;NGFR;NTNG2;AFAP1L2;ST14;RABGAP1L;PTPRN2;COL24A1;IQSEC1;LIF;DCLK1;PCDHGA10;BST1;MSRA;TCN2;NMU;DCHS1;COL9A3;PLCH1;PAM;CCNJL;RET;FKBP10;COL18A1;BHLHE41;HNF4G;OTUD7A;GRIK4;N4BP2L1;PRSS23;SIPA1L3;GLI2;JPH2;NUF2;TIMP3;FGFBP3;TMED4;TMC1;DENND2C;FGFBP1;ANO8;TMC8;TMC6;ANO4;MMP14;TOX2;PLCB4;VSNL1;FAM20C;CD44;MGLL;ENG;SAMD5;GRAMD1B;NFIX;CAMKK1;ADCY5;FGD2;PSMB3;MICALL2;GCNT2;CSMD3;MAP4K5;CGREF1;WNT7B;RFTN1;PLEKHA6;GRHL2;DHRS3;MPP7;TARBP1;FABP5;SLCO3A1;AXL;SGSM2;MAMLD1;SPC25;SH3GL3;ALDH1L1;CSF1;LOXL4;GALNT10;GRIP1;EFEMP2;MACROD1;SLC25A45;PPFIA4;MAGI1;FOXP2;GRIP2;LEMD1;FOXP1;OLFM1;FRMD5;CACNB3;COL4A6;COL4A5;S100A4;FSCN2;FKBP9;TNIK;RTN4R;CUL7;NOTCH1;TMEM59L;CACNA1D;LTBP2;PLD1;LTBP1;GLIS1;NPAS2;PLD3;FBLN5;ZFP36L1;BCL2L12;SOCS3;SDCBP;SCUBE1;TMEM120B;ACBD4;PSAPL1;CRIM1;CORO2B;BMP7;CXCL10;NR4A1;PYY;CXCL11;DLG5;PIR;NF2;TMEM19;NES;BCL2L1;ARHGAP11A;GPSM1;CNTNAP2;GAL3ST1;DDX46;MAST4;ITGB4;ONECUT3;LAMC3;HSPB8;DYSF;FHL2;SLC2A1;RND3;USE1;ADAMTS2;DBP;BCL7A;SCRN2;PMEPA1;CCIN;MAN2C1;GALNT9;PRKG1;EIF5B;CAMK1D;TBC1D8;NDUFC2;GLRX2;NAV2;SYNGR3;PARD3B;PALLD;ITGA9;RBMS3;AGPAT5;LAMA5;RBM47;CAMK2D;SMARCD3;LAMA2;PPM1H;SLC5A11;ZBTB42;PPM1F;THBS4;AURKA;SRR;TNKS2;MAN1C1;IL21R;KLRG2;SNCG;PDLIM5;TRIM44;POLR2L;CMTM7;TXNRD2;EYA4;HAGHL;SYT13;MERTK;FBXL13;SORL1;KLF7;SARDH;TLL2;PTPN7;SSBP2;SNTB1"
"ZFP281","ZFP281 18757296 ChIP-ChIP E14 Mouse","158/1466","0.00000003491573922339434460938506553200066928610567629220895469","0.00000067883124197942451419959114522484355802589561790227890","0","0","1.6659698680353696","28.605249286837942435113","SLC27A1;SPARC;PLEKHB1;SERPINE1;RORC;STMN3;ENO2;SLC4A3;GRIP1;HTR6;CCND1;CDH1;SALL4;PALM;RPS6KA1;NRTN;HOXA1;CCNL2;HMGN2;KCNH2;MAGI1;PIAS3;MSX2;CASK;ACSL5;MYO7A;MAPK8IP2;BCAM;CACNB3;CLDN3;DDIT4;GEMIN7;RIN1;CTXN1;EPHA2;SHC4;SLC45A3;SLC26A1;FBLIM1;NXPH3;CHRD;FOXO6;CD99L2;PIK3R1;ADAMTS10;ZFP36L1;SOCS3;LDHB;LDHA;PDGFC;SFN;VASP;SYT3;EGR3;MCAM;LIF;BMP7;PBX1;NFATC4;BMP4;MSRA;NR4A1;PPFIBP1;FASN;ID2;LRFN1;NMU;NOSTRIN;ID3;LHX5;MKX;RCOR2;MAP3K12;ITM2C;FKBP10;COL18A1;ONECUT3;CITED2;KCNC3;MAST1;SLC2A3;PITPNC1;MRC2;TRIM8;ATP7B;DBP;BCL7A;SIX4;MCF2L;TIMP3;SPEG;CPXM1;MYBL2;ANXA9;EIF5A;PSENEN;HSP90AA1;KCND1;CAMK1D;GPR35;ITGA3;PLLP;TESC;TNNC1;PLEKHG5;NOG;SYNGR3;RENBP;DUSP6;ETV6;VAMP8;ARL4C;EPN3;MMP14;VSNL1;VGF;MDFIC;IRF1;COL6A2;MMP17;FJX1;PLCB2;CHST2;PTGER4;SMARCD1;CAMK2D;SLC5A11;PTGS2;CRIP1;DLL1;FGD2;STAMBPL1;HAS3;GCNT2;SUSD4;PCDH1;APBB3;SLC12A5;TAF15;DMRT1;KCNB1;IRX3;GRHL2;MAPK11;SBK1;FRAS1;DES;FABP5;PSMC1;NOVA2;TCEA3;RAB13;SPRY2;PTPN7;VIM;FOLR1;CRLF1;GRINA"
"SMAD4","SMAD4 21799915 ChIP-Seq A2780 Human","217/2167","0.00000003506545488370537349250832532925048479199858775245957077","0.00000067883124197942451419959114522484355802589561790227890","0","0","1.5507722372546493","26.620632805655592534322","TES;MAML2;TRAF3IP2;FRMPD1;COL12A1;IKZF2;ABCA12;GRPR;HTR7;HMCN1;SOX9;TNS4;DAPK1;SYTL5;KIAA1217;INPP4B;SPATA17;ADCY9;NUP210L;RUFY4;PARD3;SPATA18;SKAP2;DHX9;GATA6;ENDOD1;PIK3R1;LDHB;RDH12;HIVEP3;PROM2;S100A10;SLC10A4;TNFSF18;AFAP1L2;RABGAP1L;PTPRN2;COL24A1;DNASE2B;MEIG1;SIAH1;AMMECR1;PBX1;DCLK1;MSRA;DCHS1;MKX;CPEB4;FANK1;NRP2;KCNC3;KCNC4;HNF4G;GRIK4;SIPA1L2;AREG;NUF2;TIMP3;DLGAP1;GPR39;DENND2C;ZHX2;TNNC1;NOG;TEX14;GAB3;TMEM150C;DUSP6;RNF144B;PLCB4;ZEB1;B3GNT5;PLSCR4;ZNF595;PRIM2;PCNA;SLC20A1;PELI2;PRICKLE1;AOAH;PTGS2;GLRA1;FGD6;CHN1;SUSD4;IL12RB2;TM4SF18;SAMD4A;PLEKHA6;DHRS2;GRHL2;PLEKHA7;TMEM154;TTLL7;SH3RF2;CENPF;COL3A1;RPA3;HNRNPA2B1;IRS1;OGDHL;BZW1;RGS4;DOCK11;GRB14;SALL4;STK32A;PPFIA4;MAP3K5;MAGI1;AKR1E2;VASH2;CASK;MITF;FOXP2;FOXP1;SLC9A2;GPRIN3;CACNB2;OXA1L;CACNB3;CACNB4;FANCD2;SLC9A9;COL4A6;FKBP9;TNIK;SCG2;INSIG2;GPR87;SLC1A1;TACSTD2;ILDR2;LIN7A;CACNA1D;KRCC1;LTBP1;GLIS1;ZFP36L1;TMEM125;ZBBX;CPA4;KCNF1;SYT1;TMEM132B;ANKHD1;LRP1B;BMP4;BMP2;GNAL;BAMBI;CNTN1;PIR;AMOTL2;NF2;SLC26A4;NES;OSCP1;CNTNAP2;DOCK3;MAST4;DOCK8;HSPB8;FHL1;FHL2;RND3;PITPNC1;SDR16C5;KIAA1549;ADAMTS2;GRM7;TMEM107;PDE4B;PRKG1;SH3D19;CAMK1D;PDE4D;AXIN2;MYRIP;PARD3B;ETV6;ARL4C;VCAN;PALLD;IL1RAPL1;CHI3L2;ST6GALNAC5;ITGA9;RBMS3;PRKAA2;PPM1H;THSD4;THBS4;TTN;AP3M2;SRR;OXCT1;NRIP1;REPS2;SLC25A21;CHSY3;WASF3;LEKR1;GALNT3;IRX3;EYA4;ZNF804A;FBXL13;GDAP1;FMNL3;KLF7;FRAS1;PDE10A;CTH;ST7;SSBP2;SNTB1"
"ESR2","ESR2 21235772 ChIP-Seq MCF-7 Human","56/370","0.00000004800424576789101237756648911554624437059146657702513039","0.00000090608013886894277342696438909408485073981864843517542","0","0","2.4053399769666486","40.534732469178926805853","RET;GPSM1;IRS1;DOCK8;HSPB8;SLC2A1;IRS2;HOXC13;MYPN;PITPNC1;ZCWPW1;CDH1;PALM;ANKRD1;BDKRB2;SOX9;CCDC92;TNS3;ZNF365;TGM2;DENND2D;DENND2C;PIAS3;HEG1;MITF;NAV2;IL17RB;SULT2B1;SLC9A2;BCAM;ELF3;TAX1BP3;EPHA2;PRPS1;INSIG2;SEMA3B;PPL;DLL1;SDCBP;SOCS3;NRIP1;LRIG1;ATP6V1C2;CA12;AFAP1L2;WNT7B;MBOAT1;AKR1C2;DHRS2;BMP7;DHRS3;PPFIBP2;ATG16L2;BCL2;SPIRE2;CHPT1"
"TET1","TET1 21490601 ChIP-Seq MESCs Mouse","170/1618","0.00000005832614658270133666661546407647409573371533042518422008","0.00000107405465048632951777685291816499812966867466457188129","0","0","1.6216037236055401","27.011402453843491144880","ANKRD37;FRMPD1;SERPINE1;CPOX;STMN3;PRDM1;ZDHHC2;GLDN;ZFYVE28;PTTG1;NEK2;HOXA1;SOX8;ACAD11;CCDC92;MAGI1;ARSA;ST6GAL1;KIRREL2;NHLRC3;LMO4;TMOD2;ADAM11;MITF;ESCO2;DISP2;ACAP3;BCAM;DEPDC1B;CLDN3;CACNB4;CYP2U1;FANCD2;PPP1R3E;SPATA13;MALL;JTB;KCNQ4;MAML3;RIN1;STEAP1;EMID1;ABCG1;SKAP2;EPHA2;FAIM;CUL7;SLC45A3;NOTCH1;FBLIM1;PDGFB;LYPD3;TMTC1;PIK3R1;C2CD4C;LTBP1;TMEM25;SOCS3;SCUBE1;TMEM125;PRDX1;GAR1;ST3GAL6;FAM43A;CHST14;VASP;EGR3;ABCA3;SRD5A3;TMEM132A;HTR1B;FHDC1;BMP7;ANKHD1;SYT7;ABHD15;PPFIBP1;GJB2;EFNA2;NOXA1;RNF182;AMOTL2;LHX5;NES;MIPEP;CNTNAP2;CPM;COL18A1;CNTNAP1;CALCOCO1;TTC24;LAMC3;CITED2;SLC44A2;TGFB1I1;HSPB8;LRRC3;HOXC13;GRIK2;DUSP18;OPLAH;PBK;TIMP2;BDKRB2;SPEG;SLC18A2;CCDC38;ABCC3;AMN;CAMK1D;GPR35;GAA;DENND2A;NDUFC2;TMC6;KREMEN2;MYRIP;TMC5;CBFA2T3;IL17RC;DUSP7;ETV6;VAMP8;IRF1;KIFC3;NAT8L;ALDOA;CHST2;MGLL;GRAMD1B;CAMK2D;NFIX;SMARCD3;PPM1H;PRICKLE1;FGD6;GPR153;GNG4;MAN1C1;GCNT2;KLRG2;PCDH1;APBB3;SLC12A5;BRF1;KCNB1;TXNRD2;IRX3;KCNIP3;LGI3;EYA4;DONSON;SYT13;FBXL16;MERTK;MEIS3;KAZALD1;SGPP2;PSMB9;CENPF;KRT18;AXL;NOVA2;SGSM2;KCP;SPRY1;SSBP2;RAMP1;SNTB1;TMEM229B"
"SOX9","SOX9 25088423 ChIP-ChIP EMBRYONIC GONADS Mouse","170/1619","0.00000006083791830230068440867269644045656207254069158807396889","0.00000109363400757707169830268683491381054295743524562567472","0","0","1.6203900658933417","26.922866154778230196598","EHF;RAB3A;SPARC;SERPINE2;CHRM4;COL12A1;NUDT1;ICAM5;ZDHHC8;GALNT10;TXNDC17;LIPE;EFEMP2;CCND1;PALM;RPS6KA1;NRTN;HOMER3;SOX8;ACAD11;HMGN2;PTGDS;KCNH2;IL15RA;IK;KIRREL2;WDR72;MYO7A;MAPK8IP2;FOXP2;OLFM1;CACNB3;EID3;FANCD2;FEZ2;CSNK2B;RIN1;CTXN1;EMID1;GNAZ;IDI1;COL13A1;DHX9;NPR3;GATA6;PDGFB;CD99L2;ADAMTS10;TMEM25;SOCS3;TMEM125;BLOC1S1;LCN12;HMOX1;HOXC4;ST8SIA6;TSPAN2;STXBP6;PCK2;AFAP1L2;RABGAP1L;ACBD4;COL24A1;SYT1;ANKRD24;LIF;NR2F2;NR1D1;GRIN2C;BMP7;POU2F3;ELL3;BMP4;GNAL;EFNA2;PPP1R1A;BAMBI;FASN;ID2;LCN2;AMOTL2;MKX;PLCH2;ITM2C;MIPEP;GPSM1;CNTNAP2;CALCOCO1;DOCK4;KCNC3;HSPB8;TNFAIP2;SLC2A1;TNFAIP3;SIX1;HMGB1;PRSS23;SHD;OSBPL10;THBD;AIFM3;ADAMTS2;DBP;HNF4A;MCF2L;SCRN2;SPEG;DLGAP1;MAN2C1;FGFBP3;ABCD1;GALNT9;EIF5A;CCDC38;EIF5B;TIGD5;KCND1;GPR35;IZUMO1;TRPT1;GAB3;TMC6;KREMEN2;DUSP6;SSTR5;TUBB2A;ELF3;VGF;EHHADH;RNF207;CDH15;PPARA;NAT8L;ALDOA;FJX1;ARHGEF6;CCDC40;CAMK2D;TUBAL3;NDUFB3;SEMA3B;SLC5A11;CRIP1;POLD4;FGD6;ABLIM2;ABLIM3;OXCT1;ATOH8;MICALL2;HSF4;PCDH1;MBNL3;WASF3;TBX1;SLC12A5;CD72;F10;KCNJ11;WNT7B;KCNIP3;PLEKHA6;MERTK;TMEM154;KRT18;CTH;SARDH;PI15;SLC25A34;GRINA"
"FOSL1","FOSL1 28411283 ChIP-Seq MDA231-LM2-4175 Human BreastCancer","137/1238","0.00000006614232339606779326956028557463196371202229784103110433","0.00000116133614334956237762062816049057900613661331590265036","0","0","1.7080633133572021","28.236775220696330279679","IRS1;COL12A1;LOXL4;MSANTD4;ANTXR2;ENO3;FAM107B;RGS4;FGF9;PLAU;PSMD2;HOMER3;CCN2;ENPP3;SLC25A45;MAGI1;IL15RA;S100A2;ARL14;KRT8;MITF;VWA5B2;ANK1;SYTL3;KIAA1217;ACAP3;DDIT4;S100A3;GEMIN7;TNIK;RIN1;NGEF;ABCG1;PXT1;EXD3;GIPR;INSIG1;CHRNA9;IL20RB;PRDM10;LTBP1;GABARAP;GLIS1;SFN;HIVEP3;ST3GAL6;FAM43A;KCNN4;CPA4;PROM2;S100A10;VASP;AFAP1L2;MCAM;TMEM132A;NR2F2;NR1D1;CCDC9B;DCLK1;GNAL;NOXA1;CNTN1;ITGBL1;MELTF;PAM;MIPEP;DHRS13;DOCK4;CXCL8;BHLHE41;GRIK4;TNFAIP3;ECSIT;LFNG;THBD;TRIM6;DNER;CASP4;TIMP2;ANKRD1;BMERB1;MAN2C1;GALNT9;SH3D19;TMC1;GPR39;HSP90AA1;ADGRV1;PLEKHG5;HEG1;PDE4D;F3;DUSP6;COMMD4;ZEB1;OAF;PALLD;PPARG;TAX1BP3;KIFC3;HNRNPH3;ALDOA;CD44;MGLL;ARHGEF6;SEMA3B;CAMKK1;AP3M2;POLD4;SH3TC2;OXCT1;MGAT5B;MICALL2;STAT4;MAP4K5;P4HTM;LEKR1;GSN;TXNRD2;AHNAK2;ZNF804A;PLEKHA7;DHRS3;TMEM154;SH3RF2;NOL4L;LBX2;KRT16;ZNF219;HNRNPA2B1;TCEA3;RAB13;NEURL1;LNX1;SPRY1;VIM;MAMLD1"
"LMO2","LMO2 26923725 Chip-Seq HEMOGENIC-ENDOTHELIUM Mouse","161/1517","0.00000007100529563768267053815240030106847868296426895540207624","0.00000119798264402609596692708075066358119897813594434410334","0","0","1.6368808259587020","26.943895457242817315091","SH3GL3;TES;MAML2;FRMPD1;IRS2;PRDM1;ABCA12;GRPR;GALNT10;GRIP1;HTR6;HTR7;TRIM29;DPYSL3;RPS6KA1;PSMD1;RTTN;ENPP3;HMCN1;KPNA2;TNS4;PRKACB;ST6GAL1;SLC15A1;MSX2;DAPK1;VASH2;ANXA10;MYO7A;ANK1;INPP4B;FRMD5;ADCY9;FANCD2;DDIT4;FEZ2;FSCN2;TNIK;ZFPM1;SKAP2;IDI1;COL13A1;SLC45A1;SLC1A1;GATA6;CACNA1D;MRO;PLD1;LTBP1;SAV1;EFNB2;SOCS3;CACNA1I;ARSJ;PDGFC;HIVEP3;FAM43A;SOCS6;KCNF1;AFAP1L2;YES1;AMBP;ANKRD24;NEK5;IQSEC1;GLMN;LSM5;CORO2B;BMP7;ABHD15;MSRA;PYY;BMP2;NAT1;PAH;CDK3;NOSTRIN;RNF182;SPIRE2;SP5;ID3;COL9A3;DEGS2;NES;SLC26A3;NRP2;SYNM;ONECUT3;LAMC3;TGFB1I1;HSPB8;DYSF;SIX1;N4BP2L1;GPT;MSLN;SIPA1L3;TRIM8;NUF2;ANKRD1;CTSH;DLGAP1;RSPO1;MAN2C1;PRKG1;GPR39;HSP90AA1;AMN;TESC;USP44;TNFRSF19;BTN3A3;NAV2;TMC5;ANO4;PARD3B;ARL4C;VCAN;MRPL51;MDFIC;BANK1;PALLD;SDHAF1;CHST2;CD44;MGLL;GRAMD1B;RBM47;CAMK2D;PPM1H;PRICKLE1;HMGCR;THSD4;CRYZ;ABLIM2;SH3TC2;SPOCK2;MGAT5B;NRIP1;MICALL2;MAN1C1;SUSD4;SLC25A21;AOC3;TAF15;F10;TXNRD2;IRX3;KCNIP3;PLEKHA6;SYT13;FBXL13;TTLL7;EEPD1;CENPF;PER3;ST7;SARDH;SPRY2;SSBP2;CDKN3"
"CJUN","CJUN 26792858 Chip-Seq BT549 Human","165/1564","0.00000007140293904791299895414496490611555579164360096910968423","0.00000119798264402609596692708075066358119897813594434410334","0","0","1.6271367876848517","26.774416743584747990781","EHF;TES;SPARC;SERPINE2;TRAF3IP2;SERPINE1;CTNND1;ABCA12;ANTXR2;KLHL30;PLB1;FGFRL1;GALNT10;IFIT2;ZFYVE28;RGS4;GCSH;GRIP1;DOCK11;NRTN;HMCN1;SOX9;SLC25A45;HMGN2;TNS4;TMPO;EOMES;IL15RA;S100A2;KIAA1217;ADCY9;OBSCN;MALL;COL4A6;KCTD12;SCG2;EPHA2;COL13A1;GPR87;GATA6;CHRNA9;IL20RB;TMTC1;LTBP2;TXN;PLD1;SLC6A20;PPL;LTBP1;GLIS1;FBLN5;ZFP36L1;POU5F1B;DPP4;SOCS3;C5;ARSJ;ZNF704;PDGFC;ZNF426;HMOX1;HIVEP3;ST3GAL6;FAM83B;CPA4;S100A10;KCNF1;CDK18;AFAP1L2;IL31RA;PBX3;LIF;HTR1B;CYBRD1;FHDC1;DCLK1;LRP1B;BST1;MSRA;RCAN2;RNF182;AMOTL2;COL18A1;SYNM;SERPINA1;CITED2;FHL1;SECTM1;DBI;KRT20;SIPA1L2;RND3;MYPN;RYR3;LYL1;SDR16C5;HNF4A;TMEM107;PBK;BDKRB2;PMEPA1;FGFBP3;ZNF365;SH3D19;GPR39;CAMK1D;ITGA3;PLLP;PLEKHG5;TBC1D8;TEX14;AXIN2;TOX2;VCAN;PLCB4;RTN4RL1;B3GNT5;EHHADH;PLSCR4;CHI3L2;PPARG;TRIM55;CD44;CRB2;SAMD5;AGPAT5;PTGER4;LAMA5;CAMK2D;NFIX;CEBPD;SEMA3D;LAMA4;PAPLN;HMGCR;GLRA1;ATOH8;HAS3;MAL2;CHSY3;PDLIM5;HES4;CDRT4;NQO1;TM4SF18;GSN;KCNB1;AHNAK2;PLCL2;ADAM32;AKR1C2;MERTK;GRHL2;PLEKHA7;TARBP1;SLC25A37;SH3RF2;EEPD1;EPGN;ZNF219;LNX1;PI15;VIM;SNTB1;CDKN3"
"MITF","MITF 21258399 ChIP-Seq MELANOMA Human","408/4614","0.00000007641016453899072167159746762910010886571399169042706490","0.00000125412335275952151925516354219469761233085591811686754","0","0","1.3910394351894388","22.795172027702673034355","TES;MAML2;SERPINE1;ENO2;BACH1;FGFRL1;ZFYVE28;GPR176;LIPG;PRKACB;DAPK1;SERPINF1;FIBCD1;STARD9;HSPG2;EID3;ADCY9;PARD3;DDIT4;MAML3;SKAP2;EXD3;COL13A1;GATA6;ENDOD1;LYPD3;PRDM10;GABARAP;KIAA0040;LDHA;BLOC1S1;PRDX1;GAR1;HMOX1;SFN;ST3GAL6;ST14;GPR15;MCAM;NR1D1;GRIN2C;GP6;NFATC4;PPFIBP1;GJB2;PPFIBP2;TCN2;FASN;FANK1;LRRC39;BHLHE41;HOXC13;ECSIT;MMP20;OSBPL10;GLI2;LFNG;MRC2;TRIM8;TUBA1B;TIMP2;TIMP3;DLGAP1;ANXA9;FGFBP3;TMC1;DENND2D;DENND2A;TEX14;TMC6;DUSP6;DUSP7;MMP14;PLCB4;TUBB2A;PSMA1;OAF;MMP17;CKS2;KIFC3;PPARA;MGLL;HBEGF;CRB2;NFIX;SYNPO2;PELI2;PTAFR;APOLD1;FGD6;PSMB3;CHN1;GCNT2;ZNF469;CSMD3;IL12RB2;GSN;BRF1;KCNB1;WNT7B;SAMD4A;DHRS2;DHRS3;TARBP1;DHRS4;TTLL7;SLCO3A1;ZNF219;TRMT6;NOTUM;TMEM229B;KCNG3;SLC27A1;ANKRD37;RAB3A;IRS1;CTNND1;IRS2;IL1RAP;NRBP2;EFEMP2;CDH1;MACROD1;PAPOLA;KPNA2;HMGN2;STK32A;LZTS1;RNF43;LAG3;SLC15A1;S100A2;MITF;SRCIN1;FOXP2;ACAP3;FRMD5;OBSCN;FKBP9;SNRPF;TNIK;NPTXR;SHC4;RTN4R;NOTCH1;SLC26A1;INSIG1;AK7;GLIS1;NPAS2;SOCS3;TMEM120B;ZBTB12;LSM5;CORO2B;BCL2;PIR;NF2;TMEM19;NES;BCL2L1;MAP3K12;MIPEP;CPM;RASGRF1;DYSF;FHL2;KIAA1549;TTC23L;SH3D19;EIF5B;HSP90AA1;HMGCS1;TNFRSF19;SMPDL3A;ITGA9;SEMA3B;PPM1H;HSD17B14;PRR5L;PPM1F;AP3M2;ABLIM2;MGAT5B;ZNF747;PCDH1;WASF3;CDRT4;TXNRD2;KCNIP3;MACC1;MBOAT1;SYT13;MERTK;FBXL13;SLC25A37;KLF7;ST7;PI15;TLL2;TRAF3IP2;PLEKHB1;NUDT1;SPATA20;ZDHHC8;HERC5;FTH1;DHX58;RPS6KA1;CHAC1;HMCN1;PTGDS;TNS3;ARSA;ST6GAL1;ACSL6;ESCO2;INPP4B;IFI27;THAP8;CYP2U1;LACTB2;KCNQ1;PNLDC1;PPP1R3E;SPATA13;MALL;ZFPM1;GPM6A;DHX9;TWIST1;CD99L2;C2CD4C;TXN;PPL;SYNGR1;ZNF704;HIVEP3;FAM43A;ARSG;FADD;STXBP6;VASP;RABGAP1L;PTPRN2;IQSEC1;SIAH1;PARP16;DCLK1;MSRA;ID2;ID3;COL9A3;ANP32B;CD22;DHRS13;COL18A1;NRP2;SYNM;CITED2;CITED4;KRT23;GRIK2;SIPA1L2;SIPA1L3;HNF4A;DNER;SYK;GAA;HEG1;NOG;ANO8;KREMEN2;TMEM150C;CBFA2T3;RENBP;COMMD4;ZDHHC14;RNF144B;CLDN18;FAM20C;TAX1BP3;HNRNPH3;ALDOA;FJX1;CD44;PRIM2;SLC20A1;CAMKK1;STAMBPL1;HSF4;APBB3;RIBC2;CA12;NQO1;GRHL2;PLEKHA7;PER3;TFAP4;LBX2;RPA3;MAMLD1;RAMP1;GRINA;CPOX;LOXL4;PLB1;GALNT10;NR3C2;CCND1;PLAU;MPZ;ZNF84;TGM2;ADAM11;CASK;GPRIN3;OXA1L;SCNN1D;DPEP1;GEMIN7;MZF1;GNAZ;CACNA1D;LTBP2;PLD1;PLD3;ZFP36L1;SDCBP;CCNB1;SCUBE1;BMP7;NR4A1;PYY;GNAL;CHMP2B;CNTN1;AMOTL2;DOCK4;DOCK3;MAST4;LAMC3;MAST1;TNFAIP2;SLC2A1;TNFAIP3;DBI;USE1;PITPNC1;DBP;BCL7A;MCF2L;PDE4B;CPXM1;HORMAD2;MYBL2;ABCD1;GALNT9;DACT1;KLF11;PDE4D;PLA2G4C;TBC1D8;NAV2;MYRIP;ETV6;ELF3;VGF;EHHADH;HKDC1;RNF207;TRNP1;CHI3L2;CDH15;NAT8L;AGPAT5;LAMA5;CAMK2D;LAMA2;LAMA3;PDXP;TMEM201;SH3TC2;TNKS2;GNG4;OXCT1;SPOCK2;ATOH8;NRIP1;MAN1C1;KLRG2;LRIG1;REPS2;CHSY3;EPS8L3;PDLIM5;LEKR1;CMTM7;LGI3;EYA4;HAGHL;EEPD1;SBK1;PIK3IP1;SPRY2;CHPT1;LTBR;SNTB1"
"RUNX1","RUNX1 27514584 Chip-Seq MCF-7 Human","165/1568","0.00000008462435015060308303903332085085797764634207851486280560","0.00000135939115667458144284221628617093102775470470078289509","0","0","1.6221202216301001","26.416298833632719578191","FHOD3;ALDH1L1;KCNG3;EHF;LOXL4;OGDHL;PRDM1;SLC4A3;GLDN;GCSH;GOLGA6L9;HEPHL1;CCND1;GRB14;CDH1;SALL4;SOX8;HMCN1;SOX9;KPNA2;TNS3;EOMES;RNF43;FIBCD1;AKR1E2;KRT8;OLFM1;AZGP1;ADCY9;DDIT4;CLOCK;EMID1;EPHA2;IDI1;EXD3;NOTCH1;SLC45A1;NXPH3;GPR87;NPR3;SLC1A1;LYPD3;CD99L2;PPL;ABO;ZFP36L1;CHST12;NPHP1;RHPN1;TSPAN2;FADD;FDFT1;ABCA1;FDPS;EGR3;LSM5;BMP7;SYT7;ELL3;NFATC4;PARP10;FASN;ID2;NMU;ANP32E;HLA-DRA;AMOTL2;DEGS2;TMEM19;CD22;ITM2C;ARHGAP11A;FANK1;RET;DHRS13;COL18A1;ITGB4;SLC44A2;HSPB8;HNF4G;GRIK4;SIX1;RND3;PRSS23;SIPA1L3;PITPNC1;GLI2;LFNG;MRC2;LYL1;KIAA1549;CA2;MCF2L;NUF2;BDKRB2;PMEPA1;CTSH;FGFBP3;GPR39;DENND2C;HSP90AA1;PLLP;HEG1;TNFRSF19;TBC1D8;NDUFC2;MMEL1;AXIN2;CBFA2T3;IL17RC;DUSP6;COMMD4;ARL4C;EPN3;ELF3;RTN4RL1;COL6A2;MMP17;FAM20C;PPARG;KIFC3;ALDOA;PLCB2;PTGER4;RBM47;SEMA3D;SLC20A1;RGS16;NDUFB3;TMPRSS4;SEMA3B;DLL1;THSD4;ADCY5;FGD2;ABLIM3;NRIP1;MICALL2;IL21R;EPS8L3;HNRNPA1;PCDH1;ZNF221;TBX1;KCNB1;IRX3;MACC1;CYP51A1;FBXL16;SORL1;KAZALD1;MAPK15;DHRS2;GRHL2;DHRS3;TFAP4;SBK1;KRT18;MYO15B;ZNF219;TCEA3;SPRY1;EIF3C;CDKN3;TMEM229B"
"EED","EED 16625203 ChIP-ChIP MESCs Mouse","81/628","0.00000008810609250301550311937343181942217107405213027959689498","0.00000138583541332868114021742173697093747364306182134896517","0","0","2.0087723880084121","32.631953327333029335477","CNTNAP1;NRP2;SERPINE2;ONECUT3;COL12A1;KCNC4;ONECUT1;RASGRF1;FHL2;SIX1;GRIK2;MRC2;THBD;HTR6;ADAMTS2;HTR7;ATP7B;FGF9;GRM7;HOXA1;RSPO1;SOX9;MAP3K5;PSENEN;EOMES;IL15RA;TIGD5;CHST7;CAMK1D;MSX2;TESC;NOG;EBF4;OVOL1;WNT16;DKK1;FOXP2;DUSP7;CLDN3;RTN4RL1;ZFPM1;CHST2;ST6GALNAC5;PTGER4;NFIX;SMARCD3;SEMA3D;GATA6;CHRD;TACSTD2;CXCR4;LTBP2;DLL1;NPAS2;CAMKK1;EFNB2;SCUBE1;ATOH8;HSF4;HOXC4;SLC25A21;STXBP6;SLIT2;PCDH1;KCNF1;EGR3;IRX3;BMP8A;WNT7A;HTR1B;NR2F2;KAZALD1;BMP7;PCDHGA10;BMP4;GATM;FRAS1;GNAL;STAG3;ID3;LHX5"
"SUZ12","SUZ12 16625203 ChIP-ChIP MESCs Mouse","110/944","0.00000010887991799958021564749283821571523844795592594891786575","0.00000167763955285067449632900246636602048511122120544314384","0","0","1.7999896777428173","28.859270920155832840237","SERPINE2;COL12A1;PRDM1;ENO2;ANTXR2;FGFRL1;HTR6;CHCHD2;HTR7;FGF9;HOXA1;SOX8;SOX9;MAP3K5;EOMES;IL15RA;MSX2;TMOD2;EBF4;OVOL1;DKK1;CACNB3;FNDC4;ADCY9;SLC9A9;ZFPM1;RTN4R;NPR3;ALOX15;GATA6;TACSTD2;CHRD;LTBP2;NPAS2;EFNB2;WNT6;SCUBE1;CASKIN1;HOXC4;HIVEP3;ST8SIA6;STXBP6;KCNF1;ST14;EGR3;HTR1B;NR2F2;GRIN2C;BMP7;PCDHGA10;BMP4;GJB2;GNAL;ID3;LHX5;CNTNAP1;NRP2;ONECUT3;KCNC4;ONECUT1;RASGRF1;MAST1;FHL2;TNFAIP2;SIX1;GRIK2;MRC2;THBD;ADAMTS2;GRM7;BDKRB2;RSPO1;DACT1;CAMK1D;TESC;TNFRSF19;NOG;KREMEN2;WNT16;DUSP7;C1QL1;MMP16;RTN4RL1;MMP17;PPARA;FJX1;CHST2;PTGER4;CAMK2D;NFIX;SEMA3D;PELI2;CXCR4;DLL1;CAMKK1;ATOH8;HSF4;MAN1C1;SLC25A21;SLIT2;PCDH1;TRIM44;GALNT3;IRX3;BMP8A;WNT7A;KAZALD1;FRAS1;SLCO3A1;PIK3AP1"
"UBF1/2","UBF1/2 26484160 Chip-Seq HMEC-DERIVED Human","171/1650","0.00000013447084397533485397866002530181672725007047120016068220","0.00000203050974402755616537584633374269316163918119855225086","0","0","1.5953510436432641","25.241514087430047652560","SLC27A1;MAML2;TRAF3IP2;LOXL4;NRBP2;HTR7;CCND1;FGF9;TRIM29;PLAU;FTH1;RPS6KA1;NEK2;TNS4;LZTS1;SAMD11;KRT6A;PRKCG;PIAS3;RNF43;IL15RA;S100A2;LMO4;FIBCD1;ADAM11;EBF4;HSPG2;KIAA1217;ACAP3;OBSCN;SLPI;SCNN1D;PARD3;DDIT4;SNRPG;JTB;KCNQ4;S100A4;S100A3;MAML3;ZFPM1;EPHA2;BRSK1;FBLIM1;ALOX15;TMEM59L;GATA6;PDGFB;TACSTD2;LYPD3;LIN7A;TMTC1;C2CD4C;PPL;GLIS1;NPAS2;C3;SYNGR1;LDHA;RDH12;BLOC1S1;PRDX1;HOXC4;HIVEP3;TSPAN2;S100A14;FADD;KCNN4;S100A10;NGFR;COL24A1;TNFRSF9;MEIG1;TMEM132A;NR2F2;NFATC4;NR4A1;PPFIBP1;LIN28A;DLG4;FASN;NOXA1;TBCE;CNTN1;ANP32E;ID3;COL9A3;COL9A2;MKX;RCOR2;ARHGAP11A;SERPINA1;ONECUT3;TTC22;KCNC4;CITED4;BHLHE41;SECTM1;HMGB3;HMGB1;ECSIT;HOXC11;MRC2;DBP;SIX4;TMEM107;PDE4B;ANXA9;ABCD1;EIF5A;ABCC3;AMN;CHST7;PLEKHG5;HEG1;TBC1D8;AMT;TMC8;KRT34;AXIN2;F3;DUSP7;C1QL1;ARL4C;MMP14;VCAN;B3GNT8;HKDC1;RNF207;MMP17;TRNP1;FJX1;SMPDL3A;CD44;PRKAA2;DNAH2;SEMA3B;ZBTB42;SNX33;CAMKK1;APOLD1;TYMP;POLD4;TMEM201;GPR153;TNKS2;GNG4;SPOCK2;MGAT5B;MAN1C1;SNCG;ZNF469;POLR2L;HES4;CD72;WNT7B;IRX3;KCNIP3;BMP8A;KAZALD1;PLEKHA7;TARBP1;FMNL3;SH3RF2;PER3;PIK3IP1;ZNF219;TCEA3;RIMBP3;SPRY1;VIM"
"FOXA2","FOXA2 19822575 ChIP-Seq HepG2 Human","245/2553","0.00000015321925931893204863028343405695341772343454067595303059","0.00000226824589776066067113146490497044283074501436203718185","0","0","1.4822204666593339","23.258108114853875747485","MAML2;PLEKHB1;SERPINE1;ZDHHC8;FTH1;DHX58;PSMD1;CCNL2;CHAC1;SOX9;TNS3;SCN1B;IL15RA;ST6GAL1;DAPK1;SERPINF1;FIBCD1;ACSL6;ACSL5;HNF1B;MYO7A;EBF4;HSPG2;DKK1;SYTL3;KIAA1217;SULT2B1;CYP27A1;INPP4B;DEPDC1B;CLDN3;KCNQ1;PARD3;DDIT4;SPATA13;MAML3;RIN1;ZFPM1;NGEF;EPHA2;GATA6;TXN;PRDM10;C3;CHST12;PRDX1;PDGFC;ARSG;STXBP6;FDFT1;ABCA1;RABGAP1L;PTPRN2;XRCC4;IQSEC1;CYP4F3;NR2F2;NR1D1;FHDC1;HNRNPM;PPFIBP1;PPFIBP2;PPP1R1A;FASN;PAH;ID3;COL9A3;CPEB4;ITM2C;FANK1;COL18A1;NRP2;SERPINA1;ZNF250;CITED2;SLC44A2;LRRC3;MYPN;OSBPL10;GLI2;SERPINA5;JPH2;HNF4A;ANKRD1;CTSH;DLGAP1;TK1;GPR39;PLLP;TESC;HEG1;NBPF10;TEX14;TMC5;CBFA2T3;IL17RC;DUSP6;ZDHHC14;RNF144B;PSMA1;VSNL1;BANK1;PPARG;KIFC3;CD44;GRAMD1B;PRIM2;NFIX;PELI2;PTAFR;APOLD1;ADCY5;FGD2;MICALL2;GCNT2;ZNF585B;MAP4K5;MPZL3;ZNF585A;GSN;F10;RFTN1;SAMD4A;AKR1C2;PLEKHA6;DHRS2;DHRS3;DHRS4;NUDT7;GATM;KRT18;RPA3;FRK;DGKE;IRS1;CTNND1;CPOX;LOXL4;IL1RAP;GALNT10;FAM107B;CCND1;FGF9;CDH1;MACROD1;PAPOLA;NEK2;KPNA2;SLC25A45;TGM2;RNF43;MAT1A;FOXP2;FOXP1;ACAP3;CACNB4;TNIK;FBN3;IDI1;INSIG2;NPR3;PLD1;AK7;GLIS1;FAM83B;ACBD7;SYT1;AMBP;CRIM1;BMP7;PYY;CDK3;ITGA10;DLG5;TBCE;BCL2;SPIRE2;SP5;NF2;BCL2L1;MIPEP;DOCK4;MAST4;TNFAIP3;SIX1;PITPNC1;ATP7B;MAN2C1;PRKG1;ABCC3;HSP90AA1;CAMK1D;ITGA3;PDE4D;TNFRSF19;TBC1D8;NDUFC2;NAV2;AXIN2;MYRIP;SYNGR3;PARD3B;ETV6;EPN3;PALLD;CHDH;IL1RAPL1;CHI3L2;CDH15;CCDC40;AGPAT5;RBM47;FGL1;LAMA3;PPM1H;HMGCR;DLL1;THSD4;THBS4;ABLIM2;GNG4;SPOCK2;MGAT5B;LRIG1;MAL2;SLC25A21;PDLIM5;TRIM44;TRIM40;KCNJ11;TXNRD2;MERTK;SORL1;EEPD1;KLF7;SBK1;FRAS1;PIK3IP1;PSAT1;ST7;LNX1;CHPT1;SPRY1;PIK3AP1;SNTB1"
"HAND2","HAND2 30127528 ChIP-Seq KELLY Human Brain Neuroblastoma","310/3383","0.00000021345832754417869894741726071590859348248159221839159727","0.00000309925071722797931033570144332411899767976137809455395","0","0","1.4216463866088664","21.836238587770484542716","SPARC;TRAF3IP2;SERPINE1;STMN3;ABCA12;ANTXR2;ZDHHC2;ADGRA2;TRIM29;DPYSL3;CHAC1;PRKACB;TNS3;CDK5RAP3;SAMD11;SRRM3;CACNA2D1;SERPINF1;ACSL6;KRT8;MYO7A;VWA5B2;MAPK8IP2;ANK1;DKK1;KIAA1217;ADGRB2;RUFY4;KCNQ1;PPP1R3E;DDIT4;SPATA13;MAML3;SPATA18;GPM6A;SPTBN4;SLC45A3;GIPR;PDGFB;TWIST1;TMTC1;AGAP3;PIK3R1;SYNGR1;LDHA;RNF215;CHST12;ZNF704;HOXC4;MAP6;HIVEP3;ST3GAL6;FAM43A;ARSG;GTF2IRD2B;SULT1A2;PCK2;RTBDN;SLC10A4;VASP;ABCA2;NTNG2;RABGAP1L;GPR15;H4C9;COL24A1;MCAM;PBX3;PARP16;L1CAM;CCDC9B;NFATC4;PPFIBP2;PRXL2A;ID2;ID3;COL9A3;PLCH2;ANP32B;PRRT4;RCOR2;PAM;CPEB4;ITM2C;TMEM151A;FANK1;FKBP10;NRP2;SLC44A2;KCNC3;TGFB1I1;KCNC4;GRIK4;SECTM1;GPT;ECSIT;MYPN;SHD;LFNG;MRC2;TRIM8;HNF4A;TIMP2;GAA;TMC6;KREMEN2;KRT32;TUBG2;CBFA2T3;DUSP6;ZDHHC14;TEX19;MTSS2;TOX2;PLCB4;ZEB1;B3GNT8;VSNL1;SDHAF1;FAM20C;KIFC3;ALDOA;PLCB2;ENG;ZNF595;GRAMD1B;SYNPO2;CAMKK1;FGD2;GLRA1;STAMBPL1;CHN1;MICALL2;PTCHD4;APOL1;MBNL3;APBB3;CGREF1;CD72;KCNB1;WNT7B;RFTN1;PLEKHA6;SEPTIN6;PNMA2;KAZALD1;PLEKHA7;DHRS3;PSMC6;NOL4L;TFAP4;LBX2;TRIML2;RPA3;ZNF219;TCEA3;RAMP1;CCL26;SLC27A1;MSMO1;ARHGAP39;KLHL30;PLB1;CLGN;RGS4;DOCK11;EFEMP2;CCND1;ARHGAP40;NEK2;SLC25A45;LARGE1;PPFIA4;LZTS1;KCNH2;PIAS3;LAG3;S100A2;APLP1;ADAM11;VASH2;CASK;MITF;SRCIN1;FOXP1;GPRIN3;ACAP3;FRMD5;CACNB3;OBSCN;CLIP4;S100A4;S100A3;FKBP9;NPTXR;ABCG1;RTN4R;IDI1;FBLIM1;ARHGEF28;INSIG1;CHRNA9;CACNA1D;KLHL13;AK7;NPAS2;PLD3;EFNB2;WNT6;CCNB1;ASIC4;ANTKMT;NPHP1;FDPS;ACBD4;CORO2B;BMP7;SYT7;DIAPH1;NR4A1;PYY;ATG16L2;DLG5;NOXA1;TBCE;CNTN1;MELTF;NES;ARHGAP11A;GPSM1;DOCK4;MAST4;MTCL1;FHL2;TNFAIP2;PITPNC1;SGSH;LYL1;KIAA1549;BCL7A;MCF2L;CASP4;CNGA1;BDKRB2;PDE4B;SPEG;MYBL2;ABCD1;DACT1;CCDC34;PLEKHG5;PDE4D;TNFRSF19;AMT;NAV2;AXIN2;MYRIP;EPN1;EPN3;H2BC13;VGF;OAS1;PALLD;IRF1;RNF207;CDH15;ST6GALNAC5;TRIM55;ITGA9;RBMS3;LAMA5;DNAH2;MTFP1;SEMA3D;FGL1;RGS16;PDXP;HMGCR;DEPP1;THSD4;TMEM201;ABLIM2;SH3TC2;OXCT1;LRIG1;EPS8L3;MUC4;CDRT4;AHNAK2;PLCL2;HAGHL;ZNF804A;MEIS3;SORL1;FMNL3;ADGRD1;EEPD1;KLF7;FRAS1;MYO15A;PSAT1;ST7;NEURL1;SARDH;KCP;SPRY2;PTPN7;PIK3AP1;SLC25A34;SSBP2"
"TCF4","TCF4 22108803 ChIP-Seq LS180 Human","164/1579","0.00000021799229846987432857462923304486812625668790133204311132","0.00000310536198763688895983022149327457128720197943039238453","0","0","1.5962187695699359","24.484090204244811417311","FHOD3;ALDH1L1;EHF;TES;CSF1;CTNND1;PRDM1;PLB1;FGFRL1;NR3C2;HTR6;HMGN5;RASSF6;HOXA1;SOX9;TNS3;EOMES;ST6GAL1;AKR1E2;ACSL6;ACSL5;MYO7A;VWA5B2;HSPG2;SYTL3;GPRIN3;OLFM1;CACNB2;INPP4B;ZNF91;DEPDC1B;KCNQ1;HAT1;GEMIN7;MAML3;ZNF675;ZFPM1;ABCG1;SHC4;COL13A1;DHX9;INSIG2;IL20RA;DAPP1;KLHL13;SLC6A20;ADAMTS10;NPAS2;SAV1;POU5F1B;LDHB;ARSJ;ZNF704;PDGFC;ZBBX;ZBED2;ARHGEF35;ST14;EGR3;SRD5A3;FHDC1;PBX1;BMP4;BST1;PPFIBP1;PPFIBP2;ATG16L2;NOSTRIN;ANP32E;CSPG5;PLCH1;RCOR2;ITM2C;FANK1;RET;CNTNAP2;MAST4;ITGB4;CITED2;OTUD7A;TNFAIP2;TNFAIP3;DBI;GRIK2;SIPA1L2;AREG;RND3;ORM2;GLI2;MRC2;CA2;MCF2L;DNER;TIMP2;MYBL2;TTC23L;TMED4;ACTR2;FGFBP1;GAA;ANO8;TEX14;BTN3A3;MYRIP;PARD3B;ETV6;ARL4C;RNF144B;VCAN;PLCB4;MMP16;PSMA1;NAV3;CLDN18;FAM20C;PPARG;MCM5;NAT8L;SMPDL3A;CD44;ITGA9;ARHGEF6;SAMD5;PRPS1;GRAMD1B;CAMK2D;NFIX;CEBPD;SEMA3D;DNAH6;PAPLN;SNX33;AOAH;THSD4;CRYZ;POLD4;GNG4;MGAT5B;HAS3;GCNT2;SUSD4;LRIG1;SNCG;CHSY3;CSMD3;PCDH1;PDLIM5;WASF3;IRX3;EYA4;TMED7-TICAM2;AKR1C3;ZNF804A;ADAM32;GRHL2;SGPP2;EEPD1;SBK1;AADAC;CTH;SARDH;RIMBP3;LIMS2;CDKN3"
"MBD3","MBD3 35695185 ChIP-Seq nicBasalRootGanglia Mouse Embryo","331/3656","0.00000023691474689222801075928325625907788776203233283013105392","0.00000331241914636355801231310316823375217154534766450524330","0","0","1.4069573934837092","21.463930641440242652607","PATJ;SERPINE2;ZDHHC8;SLC4A3;ANTXR2;ZDHHC2;BACH1;GLDN;IFIT2;HERC3;HTR7;DPYSL3;LIPG;HOMER3;SOX8;CHAC1;PRKACB;TNS3;SCN1B;TNS2;IL15RA;DAPK1;CACNA2D1;FIBCD1;INSYN1;EBF4;VWA5B2;MAPK8IP2;HSPG2;ANK1;INPP4B;FNDC4;LACTB2;PARD3;ADPRH;MAML3;CLOCK;NGEF;SKAP2;CFAP61;SPTBN4;SLC45A3;ENDOD1;TRANK1;TMTC1;SYNGR1;LDHA;MAP6;HIVEP3;ST8SIA6;TSPAN2;ST3GAL6;FAM43A;CHST14;STXBP6;FDFT1;RTBDN;SLC10A4;VASP;XRCC6;CARMIL3;PTPRN2;XRCC4;IQSEC1;ABCA3;PBX3;PARP16;CCDC9B;FHDC1;PBX1;NFATC4;MSRA;PPFIBP1;FASN;ANP32E;CREBRF;PLCH2;PRRT4;RCOR2;PAM;CCNJL;ITM2C;RET;DHRS13;NRP2;SYNM;BHLHE41;LRRC3;GRIK2;ECSIT;SIPA1L2;PRSS23;SHD;RYR3;OSBPL10;GLI2;LFNG;TUBA1B;SLC22A17;TIMP3;DLGAP1;ZHX2;GAA;TESC;HEG1;DENND2A;NOG;ANO8;ANO4;F3;TMEM150C;CBFA2T3;ZDHHC14;RNF144B;FAM222A;TOX2;ZEB1;MMP16;KIFC2;OAF;B3GNT5;MMP17;FAM20C;KIFC3;HNRNPH3;PPARA;CHST2;MGLL;HBEGF;SAMD5;PRKN;PTGER4;SLC20A1;PELI2;PRICKLE1;ADCY5;GPR153;STAMBPL1;HAS3;MICALL2;SUSD4;MARCHF9;MAP4K5;APBB3;TIGAR;KCNB1;WNT7B;RFTN1;WNT7A;PNMA2;PLEKHA7;NOL4L;PER3;SLCO3A1;SARM1;MAMLD1;GRINA;TMEM229B;FHOD3;SH3GL3;SLC27A1;ANKRD37;DGKE;MSMO1;OGDHL;ARHGAP39;IL1RAP;FGF2;GRIP1;NRBP2;SYDE1;FGF9;GRB14;PLAU;SALL4;HMGN2;LZTS1;MAP3K5;MAGI1;RALGAPA1;LMO4;IGFBP3;APLP1;ADAM11;VASH2;VASH1;SRCIN1;FOXP2;MOB3B;FOXP1;SLC9A2;DISP2;OLFM1;OXA1L;CACNB4;HAT1;CLIP4;TNIK;ABCG1;RTN4R;BRSK1;NOTCH1;FBLIM1;INSIG2;ARHGEF28;SLC1A1;CHRD;FOXO6;LIN7A;HIGD1A;PLD1;CPLX1;GLIS1;NPAS2;GLIS2;SAV1;TMEM25;DPP4;EFNB2;SCUBE1;ADGRG6;SOCS6;MAP2K6;TMEM120B;GGT7;SYT3;SYT1;GLMN;CRIM1;ZBTB12;CORO2B;ANKHD1;SYT7;NR4A1;BMP2;EFNA2;LIN28A;FMC1;BAMBI;LRFN1;RCAN2;DLG5;SPIRE2;CSPG5;AMOTL2;BCL2L1;MAP3K12;GPSM1;CNTNAP2;DRAXIN;DOCK3;MAST4;MTCL1;FHL1;MAST1;FHL2;SLC2A3;TSPAN12;ATP7B;BCL7A;RASGEF1C;PDE4B;PMEPA1;SPEG;GALNT9;ARMH1;DACT1;SH3D19;EIF5B;AMN;ADGRV1;HMGCS1;ITGA3;PDE4D;TBC1D8;GLRX2;AXIN2;MYRIP;WNT16;PARD3B;ETV6;ARL4C;VCAN;PALLD;IRF1;TRNP1;MVD;NAT8L;ST6GALNAC5;LAMA5;SMARCD1;NDUFB8;CAMK2D;SMARCD3;LAMA3;PDXP;HMGCR;DLL1;AP3M2;POLD4;GNG4;OXCT1;SPOCK2;MGAT5B;PCED1A;ATOH8;NRIP1;LRIG1;CHSY3;SLIT2;PCDH1;PDLIM5;TRIM44;WASF3;LEKR1;SLC12A5;LGI3;EYA4;PLCL2;DONSON;MERTK;SGPP2;MAPK11;KLF7;FRAS1;PDE10A;SIMC1;ST7;KCP;SPRY1;SSBP2"
"KDM2B","KDM2B 26808549 Chip-Seq DND41 Human","170/1657","0.00000028590249548724308712298216965386199461818250711075961590","0.00000392466152896124610558381204383771034827077528461813927","0","0","1.5754806496485525","23.738735883229637124714","DGKE;ARL6IP1;CHRM4;STMN3;SPATA20;ENO2;ENO3;TXNDC17;ZFYVE28;EFEMP2;FGF9;PLAU;RPS6KA1;MACROD1;PSMD1;NRTN;CCNL2;CHAC1;KPNA2;CCDC92;HMGN2;PRKACB;TNS3;SAMD11;KCNH2;IL15RA;LMO4;STARD9;ADAM11;VWA5B2;SRCIN1;FOXP1;DISP2;ACAP3;CACNB3;ADCY9;OBSCN;PNLDC1;PPP1R3E;DDIT4;MAML3;CLOCK;ZFPM1;EMID1;EPHA2;GIPR;ILDR2;LYPD3;PIK3R1;GLIS2;SOCS3;CACNA1I;SYNGR1;LDHA;CHST12;ZNF704;PRDX1;SFN;KCNN4;MCAM;CYP4F3;SIAH1;CYBRD1;PARP16;FHDC1;BMP7;SYT7;PARP10;HNRNPM;NR4A1;TCN2;FASN;ID2;LRFN1;DLG5;ANP32E;ID3;COL9A3;AMOTL2;COL9A2;ANP32B;RCOR2;GAL3ST1;KCNC3;TGFB1I1;KCNC4;BHLHE41;SLC2A1;GRIK4;HMGB1;LFNG;TRIM8;LYL1;ADAMTS2;DBP;BCL7A;MCF2L;MYBL2;FGFBP3;GALNT9;DENND2D;TESC;PLEKHG5;HEG1;TMC8;TMC6;MMEL1;AXIN2;F3;CBFA2T3;IL17RC;EPN1;DUSP7;ETV6;TUBB2A;ZEB1;PSMA1;VGF;CDH15;PPARA;ALDOA;PLCB2;TRIM55;CD44;PTGER4;GRAMD1B;SMARCD3;RGS16;PELI2;PPM1H;CXCR4;PRR5L;SNX33;LIN9;CRIP1;DLL1;CAMKK1;APOLD1;AP3M2;TMEM201;TNKS2;GNG4;SPOCK2;HAS3;MAN1C1;ZNF469;ZNF467;MAP4K5;HES4;TBX1;IRX3;RFTN1;BMP8A;KAZALD1;PLEKHA7;DHRS3;MPP7;TARBP1;GRIN1;MAPK11;TFAP4;SBK1;MYO15B;PSMC1;TLL2;SPRY2;SPRY1;VIM;IL18R1;TMEM229B"
"SOX2","SOX2 21211035 ChIP-Seq LN229 Gbm","253/2673","0.00000029312799842540352614019319964222543006826526834629476070","0.00000395199355019963648058762065162774490545416483655571938","0","0","1.4597542785366620","21.958582140637449953147","MAML2;TRAF3IP2;FRMPD1;PLEKHB1;COL12A1;STMN3;ZDHHC8;ABCA12;SLC4A3;ZDHHC2;LIPE;HTR7;HOXA1;RTTN;HMCN1;SOX9;TNS3;SAMD11;PAQR5;DAPK1;CACNA2D1;ACSL6;ACSL5;WDR72;MAPK8IP2;SYTL3;INPP4B;DEPDC1B;KCNQ1;KCNQ4;TRIM15;MAML3;SPATA18;ZFPM1;NGEF;SKAP2;PDGFB;TMTC1;ARSJ;TSPAN2;ST3GAL6;FAM43A;STXBP6;DECR1;PROM2;S100A10;TNFSF18;RABGAP1L;EGR3;PTPRN2;XRCC4;IQSEC1;PBX3;NR2F2;PBX1;ID2;PLCH1;PAM;ITM2C;WDR49;NRP2;CITED2;SLC44A2;HNF4G;LRRC3;SECTM1;GRIK2;SIPA1L2;RYR3;OSBPL10;GLI2;ZCWPW1;AIFM1;SEC61G;NUF2;TIMP2;DLGAP1;TK1;CCR3;LRRCC1;GPR39;ZHX2;SYK;NOG;TMC8;TEX14;MMEL1;SERPINB5;ZDHHC14;PLCB4;VSNL1;BANK1;FAM20C;PPARA;CD44;MGLL;CRB2;WDR27;ZNF595;PTGER4;SYNPO2;CXCR4;DCST2;PSMB3;CSMD3;APOL3;WNT7B;WNT7A;PNMA2;GRHL2;TARBP1;TTLL7;TFAP4;AADAC;FABP5;SLCO3A1;AXL;PSMC2;FRK;FHOD3;SH3GL3;IRS1;OGDHL;IRS2;IL1RAP;NR3C2;CCND1;FGF9;SALL4;NEK2;HMGN2;KCNH2;EOMES;MAGI1;SLC15A2;S100A2;MSX2;LMO4;IGFBP3;CASK;ANXA10;FOXP2;FOXP1;GPRIN3;OLFM1;CACNB2;FRMD5;OLFM2;CACNB4;OBSCN;HAT1;COL4A6;DPEP1;COL4A5;ABCG1;SHC4;INSIG2;INSIG1;TACSTD2;CACNA1D;AK7;LTBP1;GLIS1;CACNA1I;CPA4;KCNF1;ACBD4;SYT1;TMEM132B;CRIM1;CORO2B;BMP7;POU2F3;LRP1B;BMP2;GNAL;NAT1;BAMBI;DLG5;NOXA1;TBCE;LCN2;BCL2;SPIRE2;LHX5;SLC26A3;BCL2L1;MIPEP;GPSM1;CNTNAP2;CPM;CALCOCO1;DOCK4;LAMC3;ONECUT1;RASGRF1;FHL2;SLC2A1;TNFAIP3;DUSP18;GRM7;BDKRB2;PDE4B;PRKG1;EIF5B;CAMK1D;CCDC34;PDE4D;TNFRSF19;TBC1D8;NAV2;AXIN2;PARD3B;ETV6;SSTR5;ARL4C;EPN3;NAV3;PALLD;C1D;CDH15;RBMS3;SMARCD3;LAMA2;CEBPD;SEMA3D;SLC5A11;U2AF1;HMGCR;LIN9;TTN;ABLIM2;SH3TC2;TNKS2;ABLIM3;MGAT5B;LRIG1;MAL2;PDLIM5;CDRT4;SLC12A5;ZNF804A;SYT13;MERTK;FMNL3;DES;MYO15A;PSAT1;CTH;ST7;SPRY2;SPRY1;SNTB1"
"GATA1","GATA1 21571218 ChIP-Seq MEGAKARYOCYTES Human","209/2132","0.00000032921594481563177826203268373783661360221231007017195225","0.00000436066733922459652929640161467261805228190496563911438","0","0","1.5069328896283971","22.493312038505408168021","MAML2;COL12A1;ICAM5;ANTXR2;ENO3;CCT6B;IFIT2;ZFYVE28;FTH1;DPYSL3;RASSF6;RPS6KA1;TNS3;IL15RA;ST6GAL1;PAQR5;DAPK1;FIBCD1;ACSL5;EBF4;HSPG2;ANK1;DKK1;EREG;KIAA1217;INPP4B;DEPDC1B;KCNQ1;PARD3;DDIT4;KCNQ4;MAML3;ZFPM1;GATA6;ENDOD1;TRANK1;PIK3R1;LDHB;C5;CHST12;ZNF704;HIVEP3;STXBP6;GTF2IRD2B;PCK2;SLC10A4;NTNG2;RABGAP1L;EGR3;PTPRN2;COL24A1;FOXF1;LIF;SNF8;DCLK1;ID2;ANP32E;ID3;ANP32B;PAM;CCNJL;TMEM151A;FANK1;CITED2;SLC44A2;RYR3;HNF4A;DNER;ANKRD1;DLGAP1;SLC18A2;CCR3;GPR39;KCND1;SYK;PLLP;CBFA2T3;DUSP7;B3GNT8;CKS2;ALDOA;PLCB2;MGLL;ARHGEF6;ENG;ZNF474;PRIM2;NFIX;SLC20A1;PTAFR;SNX33;AOAH;AKAP5;PTGS2;CRIP1;FGD6;GCNT2;ZNF469;CSMD3;GSN;SAMD4A;PLEKHA6;DHRS2;DHRS3;TARBP1;CENPF;EPGN;GATM;PSMC6;PER3;ZNF219;TCEA3;RAMP1;IL18R1;SH3GL3;IRS1;CTNND1;CPOX;OGDHL;IL1RAP;GALNT10;NR3C2;CCND1;PTTG1;CDH1;MACROD1;HMGN2;MAP3K5;KCNH2;AKR1E2;ADAM11;CASK;MITF;FOXP1;CACNB2;ZNF91;OBSCN;SLC9A9;TNIK;EMID1;RTN4R;BRSK1;NOTCH1;COX16;INSIG1;NPR3;ILDR2;CACNA1D;LTBP1;PLD3;SOCS3;SCUBE1;TMEM120B;TMEM132B;CORO2B;PYY;BCL2;SLC26A3;MIPEP;OSCP1;CNTNAP2;LAMC3;DYSF;FHL2;DUSP19;SLC2A1;SLC2A3;PITPNC1;TMEM107;CPXM1;GALNT9;PRKG1;ABCC3;KLF11;CAMK1D;PDE4D;NDUFC2;NAV2;PARD3B;ETV6;ELF3;PALLD;C1D;ITGA9;RBMS3;AGPAT5;DNAH1;TUBAL3;PPM1H;HSD17B14;SH3TC2;MGAT5B;PCDH1;WASF3;TBX1;CDRT4;TXNRD2;EYA4;CYP51A1;PLCL2;MBOAT1;FBXL13;SLC25A37;KLF7;FRAS1;PDE10A;CHPT1;SPRY1;SSBP2"
"TBX2","TBX2 33478486 ChIP-Seq IMR90 Human Lung","227/2354","0.00000033614685648004579098297350987778475683853685040958225727","0.00000437570476969714806020133809894012699714949121698737144","0","0","1.4838474758256142","22.117811583942074804554","ARL6IP1;COL12A1;ZDHHC8;MSANTD4;SLC4A3;ZFYVE28;HTR6;HTR7;TRIM29;DPYSL3;HOMER3;PXDC1;CHAC1;PTGDS;SAMD11;TMPO;CCDC78;KRT8;MYO7A;P3H3;MAPK8IP2;OVOL1;ANK1;KIAA1217;CLDN3;ADGRB2;KCNQ1;PNLDC1;DDIT4;RIN1;CLOCK;CTXN1;ZFPM1;NGEF;GPM6A;EXD3;SLC45A1;GATA6;TWIST1;AGAP3;C2CD4C;PPL;ADAMTS10;ABO;SYNGR1;PRDX1;MAP6;ST3GAL6;PRR22;DECR1;ABCA1;VASP;ABCA2;AFAP1L2;FOXF1;IQSEC1;PBX3;L1CAM;ELL3;NFATC4;PARP10;FASN;COL9A2;RET;COL18A1;CITED2;CETN2;BHLHE41;GPT;SHD;MRC2;TRIM8;AIFM3;AIFM1;RSPO1;RBBP8NL;TMED4;GPR39;SYK;GPR35;TESC;TMC6;KREMEN2;TMC5;ANO4;F3;CBFA2T3;DUSP6;SERPINB5;DUSP7;TEX19;TOX2;PLCB4;MMP17;SDHAF1;CLDN18;PPARG;KIFC3;PLCB2;ARHGEF6;CRB2;WDR27;PAPLN;STAMBPL1;HAS3;MICALL2;ZNF469;MBNL3;MISP;F10;WNT7B;RFTN1;SAMD4A;SEPTIN6;PNMA2;KAZALD1;GRHL2;DHRS3;TTLL7;KRT18;TCEA3;IL18R1;CDKN3;SH3GL3;IRS1;CCER2;GALNT10;NR3C2;CCND1;ARHGAP40;PLAU;CDH1;SALL4;PALM;PAPOLA;PPFIA4;KCNH2;CCDC154;LMO4;ADAM11;LMO7;ACAP3;OLFM1;CACNB3;CACNB4;OBSCN;SCNN1D;DPEP1;FSCN2;EMID1;ABCG1;SHC4;ZNF550;IDI1;NOTCH1;NPR3;ALOX15;PLD1;NPAS2;EFNB2;SOCS3;ASIC4;SCUBE1;AP1M2;GGT7;PSAPL1;SYT1;TMEM132A;HTR1B;CYBRD1;BMP4;CDK3;LRFN1;RCAN2;SPIRE2;BCL2L1;GPSM1;DOCK4;ITGB4;LAMC3;ONECUT1;DYSF;SIX1;MSLN;TSPAN12;RASGEF1C;SPEG;SPX;ABCD1;GALNT9;ADAMTS7;PLEKHG5;GLRX2;AXIN2;SSTR5;C1QL1;EPN3;RTN4RL1;COL6A2;COL6A1;MVD;ST6GALNAC5;LAMA2;MTFP1;RGS16;POMP;LIN9;ABLIM2;MAN1C1;LRIG1;MAL2;SLIT2;PCDH1;TBX1;GALNT3;MERTK;MEIS3;ADGRD1;MAPK11;MYO15B;PSAT1;SARDH;TLL2;SPRY2;LTBR;SLC25A34;SSBP2"
"TAL1","TAL1 26923725 Chip-Seq HEMANGIOBLAST Mouse","119/1070","0.00000039528554185188402336396202782498043859504832653328776360","0.00000505831498471478702659825249510205935621343087404966354","0","0","1.7082572361503128","25.185959513370743678706","FHOD3;SH3GL3;IRS1;FRMPD1;CTNND1;NUDT1;CPOX;IRS2;IKZF2;SLC4A3;GALNT10;GRIP1;HTR7;HMGN5;FGF9;TRIM29;FTH1;DPYSL3;RPS6KA1;PSMD1;RTTN;PRKACB;MAGI1;DAPK1;VASH2;LEMD1;FRMD5;OLFM2;DDIT4;KCTD12;MAML3;ZFPM1;PXT1;GATA6;CACNA1D;LTBP2;MRO;ZFP36L1;EFNB2;CACNA1I;PDGFC;ST3GAL6;STXBP6;SOCS6;ABCA1;AFAP1L2;PTPRN2;PSAPL1;AMBP;ANKRD24;NR2F2;CORO2B;PBX1;SYT7;BMP4;MSRA;BMP2;BAMBI;RCAN2;SPIRE2;DEGS2;SLC26A3;MIPEP;CNTNAP2;CPM;SYNM;ONECUT3;DYSF;GPT;RYR3;HEPH;ANKRD1;DLGAP1;RSPO1;MAN2C1;PRKG1;GPR39;ACTR2;TESC;USP44;NME5;ANO4;PARD3B;ARL4C;ZEB1;BANK1;PALLD;CD44;CRB2;PTGER4;RBM47;PELI2;GCNT1;HMGCR;THSD4;CRYZ;GLRA1;ABLIM2;MGAT5B;NRIP1;MICALL2;PCDH1;AOC3;HNRNPA3;TAF15;F10;KCNIP3;RFTN1;EYA4;FBXL13;PLEKHA7;TTLL7;EEPD1;KLF7;FRAS1;SLCO3A1;SPRY2;EIF3C;CDKN3"
"KLF6","KLF6 26769127 Chip-Seq PDAC-Cell Line Human","170/1666","0.00000040619712838798580594370916420354777898182874196209013462","0.00000511131386554882090176741768483559269498073263093829155","0","0","1.5651783752106072","23.033833703452444297000","EHF;RAB3A;MAML2;IRS1;CTNND1;LOXL4;BZW1;FGFRL1;EFEMP2;GPR176;CCND1;PLAU;FTH1;NEK2;CCNL2;TGM2;IL15RA;S100A2;LMO4;STARD9;AKR1E2;KRT8;ACSL5;MYO7A;HSPG2;DKK1;ACAP3;OLFM2;BCAM;EID3;IFI27;SCNN1D;PPP1R3E;PARD3;DDIT4;CLIP4;JTB;S100A4;CLOCK;PXT1;SHC2;SLC45A3;NOTCH1;COL13A1;CLCNKB;PDGFB;TACSTD2;ENDOD1;CHRNA9;LYPD3;LTBP1;KIAA0040;SAV1;ZFP36L1;SOCS3;LDHA;TMEM125;ARSJ;HIVEP3;ST8SIA6;S100A14;SOCS6;CPA4;S100A10;TNFSF18;VASP;FDPS;ST14;TNFRSF9;MCAM;CRIM1;LIF;NR1D1;ELL3;NFATC4;BMP4;NR4A1;TCN2;FASN;ITGA10;NOSTRIN;ANP32E;ID3;COL9A2;RCOR2;OSCP1;COL18A1;TTC22;HSPB8;RASGRF1;CITED4;BHLHE41;FHL2;TNFAIP2;SLC2A1;HMGB1;RND3;PRSS23;PITPNC1;TRIM8;DBP;SIX4;TMEM107;PRKG1;EIF5A;FGFBP1;MMP7;ITGA3;PLEKHG5;NOG;GLRX2;WNT16;F3;DUSP6;SERPINB5;TOX2;TUBB2A;ELF3;B3GNT5;HKDC1;RNF207;TRNP1;FJX1;TRIM55;MGLL;LAMA5;PRKAA2;IDUA;SLC20A1;RGS16;TMPRSS4;PAPLN;ZBTB42;CXCR4;SNX33;LIN9;CRIP1;CRYZ;POLD4;PSMB3;HAS3;SNCG;PCDH1;MUC4;TRIM44;MPZL2;HES4;WNT7B;IRX3;KCNIP3;PTGES3;AHNAK2;GRHL2;PLEKHA7;DHRS3;TARBP1;KLF7;CENPF;PER3;KRT18;PIK3IP1;PSMC1;CTH;TLL2;SPRY2;SPRY1;VIM;PIK3AP1;RAMP1;TMEM229B"
"AR","AR 22383394 ChIP-Seq PROSTATE CANCER Human","159/1540","0.00000049275839580666889029012282461006400069436494959518313408","0.00000609889489891860731750816357332745099029125412926077843","0","0","1.5824482421174637","22.982286451394038806484","ALDH1L1;EHF;MAML2;CTNND1;IRS2;IL1RAP;PRDM1;IKZF2;ANTXR2;GLDN;NR3C2;CCT6B;HERC3;HTR7;CDH1;RASSF6;HOXA1;HMCN1;SOX9;PRKACB;TNS3;MAP3K5;MAGI1;PAQR5;DAPK1;LMO4;CACNA2D1;IGFBP3;WDR72;LMO7;VASH1;FOXP2;SLC9A2;GPRIN3;LACTB2;PARD3;DDIT4;SLC9A9;SPATA13;COL4A5;MAML3;TNIK;CLOCK;INSIG2;SLC1A1;GATA6;TMTC1;KIAA0040;ZFP36L1;POU5F1B;DPP4;MAP6;FAM43A;STXBP6;SOCS6;ABCA1;NTNG2;AFAP1L2;COL24A1;DNASE2B;IL31RA;CRIM1;NR2F2;FHDC1;PBX1;LRP1B;PPFIBP1;PPFIBP2;DLG5;CHMP2B;TBCE;SLC26A3;BCL2L1;CNTNAP2;MAST4;DOCK8;HNF4G;TNFAIP2;DUSP19;TNFAIP3;GRIK2;AREG;RND3;PITPNC1;RYR3;MMP20;SIX4;ANKRD1;PDE4B;PRKG1;DACT1;ZNF365;SH3D19;GPR37;MMP7;SYK;PDE4D;TBC1D8;TEX14;TMC6;GLRX2;NAV2;MYRIP;TMC5;ANO4;EPN1;ETV6;ARL4C;VCAN;PLCB4;MMP16;MDFIC;PALLD;IL1RAPL1;TFEC;FAM20C;PPARG;RBMS3;PTGER4;RBM47;PRKAA2;SLC20A1;PELI2;DNAH6;PPM1H;PRICKLE1;AOAH;AKAP5;THSD4;HLA-DMB;SH3TC2;OXCT1;NRIP1;SUSD4;LRIG1;CHSY3;LEKR1;CA12;TM4SF18;GALNT3;MACC1;MBOAT1;ZNF804A;SYT13;MERTK;TTLL7;CENPE;SLC25A37;KLF7;CENPF;SBK1;PDE10A;FABP5;PSAT1;RPA3;TLL2;SPRY2;PIK3AP1;RAMP1"
"OLIG2","OLIG2 26023283 ChIP-Seq AINV15 Mouse","163/1588","0.00000050235735683540143529739706307335467272423557005822658539","0.00000611741620017303398295065858247809842396236490458250046","0","0","1.5731736392262707","22.817238261440724755857","FHOD3;SPARC;CSF1;IRS1;PLEKHB1;RORC;STMN3;IL1RAP;BACH1;FGFRL1;DOCK11;HEPHL1;CCND1;PLAU;NRTN;HOXA1;OIP5;SOX9;KPNA2;HMGN2;PTGDS;RAG1;EOMES;MAGI1;LAG3;KIRREL2;IGFBP3;ACSL6;KRT8;EBF4;HSPG2;FOXP2;LEMD1;EREG;CYP27A1;CACNB2;FRMD5;OLFM2;CLDN3;CYP2U1;ZFPM1;EMID1;SKAP2;SHC2;SLC45A3;NOTCH1;SLC1A1;AGAP3;MRO;HIGD1A;PRDM10;PPL;ADAMTS10;GLIS2;EFNB2;SOCS3;LDHA;SCUBE1;RNF215;CHST12;GAR1;HOXC4;HIVEP3;AP1M2;MAP2K6;ABCA2;NGFR;TNFRSF9;PARP16;FHDC1;CORO2B;BMP7;PPFIBP1;LIN28A;ATG16L2;ID2;DLG5;NOSTRIN;ID3;CSPG5;LHX5;RCOR2;NES;SLC26A3;NRP2;DOCK4;ONECUT3;ONECUT1;FHL2;GRIK2;MSLN;PITPNC1;RYR3;GLI2;LFNG;MRC2;TRIM8;BCL7A;MCF2L;TMEM107;TIMP3;TK1;SLC18A2;GALNT9;PRKG1;EIF5B;KCND1;CAMK1D;TBC1D8;TMC8;TMC5;F3;DUSP6;DUSP7;ARL4C;MRPL51;TUBB2A;CKS2;FAM20C;MNS1;FJX1;CHST2;ST6GALNAC5;CCDC40;CRB2;LAMA5;RGS16;PELI2;SEMA3B;PAPLN;ZDHHC23;CXCR4;U2AF1;PRICKLE1;DLL1;THSD4;FGD2;AP3M2;GNG4;SPOCK2;ATOH8;NRIP1;GCNT2;MAP4K5;LEKR1;KCNJ11;SYT13;FBXL16;MEIS3;PLEKHA7;DHRS3;TTLL7;SBK1;FABP5;PSMC2;ST7;PCYOX1L;SARM1;RIMBP3;KCP;VIM;NOTUM;MAMLD1"
"CREB1","CREB1 26743006 Chip-Seq LNCaP-abl Human","166/1626","0.00000054843230304374330696465722131960340846035251161083579063","0.00000647372862816808144619277684550517903971922351047396660","0","0","1.5642922374429225","22.551152861405302729736","KCNG3;IRS1;SPATA20;KLHL30;GALNT10;EFEMP2;CCND1;GRB14;ARHGAP40;FTH1;PSMD1;NRTN;HOMER3;HMGN2;TNS4;SAMD11;KCNH2;PIAS3;LAG3;S100A2;LMO4;TMOD2;APLP1;KRT8;KIAA1217;ACAP3;CACNB2;OLFM2;CACNB3;CLDN3;NUP210L;IFI27;PARD3;ADPRH;MALL;KCNQ4;DPEP1;FSCN2;CLOCK;CTXN1;ZFPM1;EPHA2;ZNF550;SPTBN4;SHC2;SLC45A3;FICD;INSIG1;CHRNA9;LYPD3;LTBP2;PIK3R1;TXN;SAV1;EFNB2;SOCS3;LDHA;TMEM125;BLOC1S2;HOXC4;SFN;PROM2;RTBDN;VASP;ACBD7;SYT3;AFAP1L2;EGR3;MCAM;SIAH1;PBX3;CRIM1;NR1D1;PBX1;ELL3;GPR137C;DLG4;ID2;BCL2;ID3;COL9A2;MKX;ANP32B;CCNJL;DDX3Y;FANK1;OSCP1;SYNM;DOCK3;KCNC3;KCNC4;RASGRF1;MAST1;BHLHE41;TNFAIP2;SLC2A1;SECTM1;HOXC13;HMGB1;PITPNC1;TRIM8;TUBA1B;TRIM6;BCL7A;SIX4;SLC22A17;RASGEF1C;TMEM107;ANKRD1;CCIN;UTY;FGFBP3;GALNT9;ZNF365;DENND2D;LYNX1;PLEKHG5;HEG1;DENND2A;NBPF10;NDUFC2;GLRX2;SYNGR3;ZDHHC14;DUSP7;ETV6;EPN3;RNF207;TRNP1;ALDOA;TRIM55;CD44;RBM47;DNAH2;SNX33;THBS4;TMEM201;GPR153;MICALL2;MAN1C1;MAL2;HNRNPA1;PDLIM5;HES4;CA11;KCNJ11;WNT7B;HAGHL;BMP8A;AKR1C3;PLEKHA6;KAZALD1;DHRS3;TARBP1;TTLL7;MAPK11;PER3;KRT18;SLCO3A1;PIK3IP1;CTH;SARM1;SPRY2;SPRY1;VIM;RAMP1"
"SOX9","SOX9 24532713 ChIP-Seq HFSC Mouse","130/1203","0.00000054876640026855256393234537906633541126666386844590306282","0.00000647372862816808144619277684550517903971922351047396660","0","0","1.6566449353334600","23.881519110763765212369","ALDH1L1;SLC27A1;SPARC;OGDHL;IL1RAP;BACH1;PLB1;ARHGAP42;TRIM29;CDH1;HMCN1;ACAD11;TNS4;TNS3;KRT6A;LMO4;MITF;LMO7;ANK1;CYP27A1;BCAM;DEPDC1B;CACNB4;KCNQ1;PARD3;SLC9A9;CSNK2B;S100A4;S100A3;TNIK;EMID1;EPHA2;SHC4;GNAZ;PDGFB;IL20RB;FOXO6;TMTC1;AGAP3;PLD1;PPL;NPAS2;EFNB2;CTIF;CHST12;PRDX1;HIVEP3;ATP6V1C2;ABCA1;GPR15;PSAPL1;COL24A1;IQSEC1;IL31RA;PBX3;CRIM1;CORO2B;POU2F3;PBX1;ANKHD1;MSRA;PPFIBP1;PPFIBP2;BAMBI;ID2;NMU;PIR;BCL2L1;FANK1;CNTNAP2;COL18A1;MAST4;CITED2;DOCK8;HSPB8;KCNC4;SLC2A1;GRIK4;KRT20;OPLAH;TIMP2;PDE4B;TK1;DENND2C;HSP90AA1;ZHX2;PDE4D;USP44;ITGA1;PLA2G4C;TBC1D8;NAV2;KRT32;ANO4;DUSP6;SERPINB5;ETV6;RNF144B;VSNL1;PALLD;CHDH;IRF1;TRNP1;KIFC3;CD44;RBMS3;SAMD5;NFIX;LAMA2;MTFP1;LAMA3;PAPLN;PPM1H;PRSS51;FGD6;ABLIM3;PSMB3;GCNT2;KLRG2;EPS8L3;PCDH1;PDLIM5;GSN;PTGES3;PLEKHA6;MERTK;GRHL2;MPP7;SH3RF2;CTH"
"GF1","GF1 26923725 Chip-Seq HPCs Mouse","120/1089","0.00000056974088946170147377238849109581941831947915488854050636","0.00000661775956220899356098174431961567165672022383660078049","0","0","1.6901962383061586","24.301783760203576889580","SH3GL3;ALDH1L1;KCNG3;CSF1;FRMPD1;IRS2;IKZF2;GRIP1;HTR7;HMGN5;TRIM29;DPYSL3;PSMD1;PTGDS;TNS4;ST6GAL1;NPY1R;LEMD1;INPP4B;FRMD5;ADCY9;DDIT4;FSCN2;MAML3;SPATA18;SKAP2;RTN4R;GATA6;CACNA1D;PIK3R1;MRO;EFNB2;SOCS3;CCNB1;PDGFC;NCKAP1L;STXBP6;SOCS6;ABCA1;SLC10A4;AFAP1L2;YES1;PTPRN2;PSAPL1;AMBP;HTR1B;NR2F2;FHDC1;BMP7;PBX1;MSRA;BMP2;NAT1;BAMBI;PAH;NOSTRIN;CSPG5;NES;SLC26A3;FANK1;CPM;SYNM;MAST4;ITGB4;ONECUT3;TGFB1I1;DOCK8;GPT;HOXC13;JPH2;HNF4A;NUF2;DLGAP1;MAN2C1;TTC23L;DACT1;SH3D19;ACTR2;HSP90AA1;AMN;ZDHHC14;RNF144B;PALLD;CKS2;FAM20C;RBM47;GCNT1;NDUFB2;PRICKLE1;HMGCR;THSD4;CRYZ;TMEM201;GPR153;ABLIM2;SPOCK2;MICALL2;STAT4;GCNT2;TRIM44;AOC3;TAF15;F10;IRX3;KCNIP3;EYA4;SYT13;FBXL16;FBXL13;MEIS3;GRHL2;PLEKHA7;TMEM154;TTLL7;CENPF;SLCO3A1;RIMBP3;VIM;EIF3C;CDKN3"
"EZH2","EZH2 27304074 Chip-Seq ESCs Mouse","87/722","0.00000059797867991613652638124062205227104982441233005374670029","0.00000684051368691944057656229363773014995331323007121682167","0","0","1.8578847206032780","26.622950626977878840762","SH3GL3;NRP2;GAL3ST1;MAST4;IRS1;ONECUT3;CITED2;COL12A1;KCNC4;ONECUT1;RASGRF1;BHLHE41;DYSF;TNFAIP2;SIX1;HOXC13;HOXC11;LYL1;GPR176;HTR6;JPH2;ADAMTS2;FGF9;PDE4B;SPEG;SOX9;AMN;CACNA2D1;NOG;HNF1B;AXIN2;VWA5B2;FOXP2;C1QL1;CACNB2;OLFM2;TOX2;OBSCN;RTN4RL1;PPARG;MAML3;KCTD12;NPTXR;CHST2;SAMD5;PTGER4;NFIX;GCNT1;NPR3;GATA6;TACSTD2;TRANK1;TWIST1;CXCR4;LYPD3;LIN7A;CACNA1D;DLL1;NPAS2;ADCY5;EFNB2;CACNA1I;WNT6;TMEM125;ATOH8;MAN1C1;SLIT2;PCDH1;SLC10A4;EGR3;WNT7B;IRX3;HTR1B;NR2F2;GRIN2C;GRHL2;BMP7;MAPK15;SGPP2;LRP1B;GRIN1;LBX2;GNAL;PDE10A;FAM131B;LHX5;NES"
"RNF2","RNF2 16625203 ChIP-ChIP MESCs Mouse","99/854","0.00000061141325094860043365906608625603979589868686161935329437","0.00000688980603680885543706842108480081776633596746250987053","0","0","1.7823917783879826","25.501557455143913699658","KCNG3;SERPINE2;COL12A1;PRDM1;HTR6;FGF9;GRB14;HOXA1;SOX9;MAP3K5;EOMES;IL15RA;ST6GAL1;MSX2;EBF4;OVOL1;DKK1;CACNB2;CACNB3;ADCY9;CLOCK;ZFPM1;NPR3;GATA6;TACSTD2;GABARAP;NPAS2;EFNB2;WNT6;SCUBE1;HOXC4;HIVEP3;ST8SIA6;STXBP6;ABCA1;KCNF1;EGR3;HTR1B;NR2F2;BMP7;PCDHGA10;BMP4;GNAL;BAMBI;ID3;LHX5;NES;CNTNAP1;NRP2;ONECUT3;KCNC4;ONECUT1;RASGRF1;CITED4;SIX1;HOXC13;GRIK2;MRC2;ZCWPW1;THBD;ATP7B;GRM7;RSPO1;DACT1;TIGD5;CHST7;CAMK1D;TESC;TNFRSF19;GLRX2;WNT16;DUSP6;DUSP7;MMP16;RTN4RL1;PLSCR4;CHST2;WDR27;PTGER4;CAMK2D;NFIX;PELI2;CXCR4;DLL1;ATOH8;HSF4;LRIG1;SLIT2;PCDH1;GALNT3;DMRT1;IRX3;ADAM32;WNT7A;SGPP2;GATM;FRAS1;SLCO3A1;SYCP3"
"SA1","SA1 22415368 ChIP-Seq MEFs Mouse","159/1549","0.00000070377291512943176374781165116623071753565454855561256409","0.00000781394927827530951251668728252397500000370200723409653","0","0","1.5713798928907992","22.261440532136496983640","RAB3A;TRAF3IP2;IRS1;PLEKHB1;COL12A1;IKZF2;IFIT2;CCND1;PSMD1;NEK2;SOX9;CDK5RAP3;TMPO;TGM2;PIAS3;RNF43;LMO4;CACNA2D1;IGFBP3;FIBCD1;OLFM1;DEPDC1B;RUFY4;LACTB2;RIN1;SCG2;RTN4R;IDI1;COL13A1;NPR3;GATA6;TRANK1;LTBP2;PIK3R1;LTBP1;FBLN5;EFNB2;CACNA1I;SYNGR1;SCUBE1;LCN12;PDGFC;SEC14L5;FAM43A;S100A14;FADD;ABCA1;NGFR;KCNF1;CDK18;GGT7;EGR3;ACBD4;CRIM1;HTR1B;SNF8;GRIN2C;FHDC1;PBX1;MSRA;ID2;BCL2;MKX;CNTNAP1;NRP2;LAMC3;CITED2;KCNC4;GRIK4;SLC2A3;RND3;PITPNC1;GLI2;LYL1;THBD;ADAMTS2;RASGEF1C;NUF2;DNER;TMEM107;TIMP3;SPEG;CCIN;MAN2C1;DACT1;TMED4;ZHX2;AMN;ITGA3;PLEKHG5;NOG;TMC8;DUSP6;ETV6;ARL4C;MMP14;VCAN;ZEB1;PSMA1;ELF3;RTN4RL1;COL6A2;MMP17;COL6A1;MVD;KIFC3;FJX1;PLCB2;CHST2;RBMS3;SAMD5;CAMK2D;CEBPD;SEMA3D;SYNPO2;RGS16;SEMA3B;PRR5L;PTGS2;DLL1;APOLD1;CRYZ;AP3M2;FGD6;ABLIM3;MGAT5B;NRIP1;MAN1C1;LRIG1;SNCG;DNAJC5G;CSMD3;SLIT2;PCDH1;MAP4K5;TRIM40;BRF1;WNT7B;RFTN1;EYA4;ADAM32;DHRS2;DHRS4;KLF7;COL3A1;EPGN;SLCO3A1;FAM131B;RAB13;RIMBP3;TLL2;SPRY2;SPRY1;VIM;NOTUM;SSBP2;RAMP1;GRINA;SPC25"
"LXR","LXR 22292898 ChIP-Seq THP-1 Human","164/1614","0.00000086615725227853122629543018359821182627911184681579470634","0.00000947751776043900060061356965812606745203083846718072891","0","0","1.5545148356054530","21.699782498684680120959","KCNG3;IL1RN;TES;CSF1;CHRM4;RORC;ARHGAP39;ICAM5;SLC4A3;FGFRL1;GLDN;NRBP2;ARHGAP40;TRIM29;RPS6KA1;KPNA2;PTGDS;PPFIA4;SAMD11;MAP3K5;KCNH2;CCDC154;FIBCD1;ADAM11;MYO7A;VASH1;OVOL1;SRCIN1;DISP2;ADCY9;OBSCN;KCNQ1;S100A3;RIN1;ZFPM1;EMID1;SKAP2;RTN4R;GNAZ;CUL7;SLC45A3;NOTCH1;FICD;NXPH3;INSIG1;NPR3;CHRD;TWIST1;LYPD3;AGAP3;TXN;GLIS1;TMEM25;EFNB2;WNT6;LDHA;TMEM125;RNF215;LCN12;CHST14;FADD;PROM2;ABCA1;SLC10A4;KCNF1;CDK18;EGR3;PSAPL1;TMEM132A;LIF;NR1D1;GRIN2C;GP6;ANKHD1;SYT7;PARP10;GJB2;FASN;CDK3;CHMP2B;DCHS1;COL9A3;PLCH2;NES;CD22;SERPINA1;GAL3ST1;TTC22;KCNC4;TNFAIP2;LRRC3;DUSP18;OPLAH;GLI2;LFNG;THBD;RASGEF1C;TIMP2;PMEPA1;SPEG;ABCD1;DLGAP5;GALNT9;TMED4;ABCC3;TIGD5;AMN;ITGA3;PLEKHG5;HEG1;TBC1D8;TMC8;NDUFC2;TRPT1;TMC6;KREMEN2;AXIN2;CBFA2T3;EPN1;DUSP7;ARL4C;MMP14;TOX2;OAF;B3GNT5;FAM20C;KIFC3;NAT8L;ALDOA;SMPDL3A;ENG;CRB2;GRAMD1B;CAMK2D;NFIX;TMPRSS4;SEMA3B;SNX33;CRIP1;THSD4;DCST2;AP3M2;GNG4;IL21R;PCDH1;MUC4;POLR2L;TBX1;HNRNPA3;CD72;KCNJ11;KCNB1;WNT7B;BMP8A;DONSON;MAPK15;GRIN1;RAB13;PTPN7;NOTUM;SLC25A34;FOLR1;LIMS2;GRINA"
"ESR1","ESR1 22446102 ChIP-Seq UTERUS Mouse","127/1183","0.00000105809904252279402656782870961738041160060674883425235748","0.00001141235395863870884616050188631319883825199212878942490","0","0","1.6422187706504294","22.595348196761726455861","MAML2;SERPINE2;TRAF3IP2;PRDM1;IKZF2;ANTXR2;FGF2;FGF9;DPYSL3;KPNA2;TNS3;MAP3K5;KCNH2;MAGI1;DAPK1;CACNA2D1;IGFBP3;KRT8;ACSL5;MITF;SYTL5;LEMD1;FOXP1;GPRIN3;CYP27A1;PARD3;FEZ2;COL4A6;MAML3;ZFPM1;SKAP2;FAIM;SLC45A1;NXPH3;CACNA1D;PLD1;LTBP1;GLIS1;NPAS2;ZFP36L1;SCUBE1;ARSG;STXBP6;MAP2K6;AFAP1L2;EGR3;SYT1;PARP16;CORO2B;BMP7;PBX1;DCLK1;BMP4;PPFIBP1;ID2;RCAN2;TBCE;BCL2;RNF182;ID3;AMOTL2;ITM2C;RET;CNTNAP1;MAST4;ONECUT3;RASGRF1;FHL2;GRIK4;PRSS23;SIPA1L3;RYR3;GLI2;MRC2;THBD;ADAMTS2;HNF4A;DNER;TIMP3;DLGAP1;RSPO1;ABCC3;GPR39;PDE4D;DENND2A;NOG;MYRIP;F3;RNF144B;PSMA1;NAV3;MDFIC;OAF;PALLD;COL6A2;PLSCR4;COL6A1;KIFC3;ITGA9;ENG;HBEGF;RBMS3;LAMA5;GRAMD1B;CAMK2D;SMARCD3;LAMA4;PELI2;PPM1H;PRICKLE1;THSD4;THBS4;ADCY5;STAMBPL1;TNKS2;NRIP1;LRIG1;CDRT4;RFTN1;PLEKHA7;COL3A1;NUDT7;PDE10A;LNX1;PI15;SPRY2;CDKN3"
"ZFP57","ZFP57 27257070 Chip-Seq ESCs Mouse","88/744","0.00000113395760858232162786264282661186086897942004725337028503","0.00001185176533424027148666980019386940625736315269023180008","0","0","1.8183267887100640","24.892524136264302825339","NRP2;IRS1;CITED2;RASGRF1;HNF4G;TNFAIP3;GRIK2;IKZF2;RND3;USE1;PLB1;DPYSL3;DNER;HMCN1;MAP3K5;RAG1;DACT1;TMC1;ACTR2;CCDC34;DAPK1;LMO4;TRPC1;PDE4D;ITGA1;ANXA10;LMO7;VASH1;WNT16;TMEM150C;PARD3B;INPP4B;FRMD5;VCAN;SPATA17;MMP16;MDFIC;NAV3;PARD3;KCTD12;CDH15;STEAP1;SCG2;RBMS3;PTGER4;GPM6A;CAMK2D;SYNPO2;GCNT1;NDUFB3;CXCR4;PRR5L;TMTC1;PLD1;ZFP36L1;EFNB2;SLC25A21;STXBP6;SLIT2;SOCS6;HNRNPA3;YES1;XRCC4;SYT1;USP9Y;GLMN;PBX3;CYBRD1;NR2F2;DHRS2;SORL1;GRHL2;PBX1;LRP1B;TTLL7;MSRA;CXCL11;BMP2;GNAL;NAT1;CTH;BCL2;PI15;ITGBL1;SPRY2;PLCH1;SLC26A4;SNTB1"
"SCL","SCL 21571218 ChIP-Seq MEGAKARYOCYTES Human","152/1478","0.00000113604884591700914893614739187288620314575382508337497711","0.00001185176533424027148666980019386940625736315269023180008","0","0","1.5717758234227888","21.514395547214828496863","ALDH1L1;IL1RN;CSF1;CPOX;IRS2;IL1RAP;ICAM5;GALNT10;ZFYVE28;GRIP1;CHCHD2;PTTG1;FTH1;RTTN;SPA17;PTGDS;TNS3;MAP3K5;TMPO;ARSA;RNF43;ST6GAL1;DAPK1;ACSL6;MITF;MYO7A;VASH1;EBF4;VWA5B2;ANK1;OLFM1;DEPDC1B;CLDN3;OBSCN;RUFY4;KCNQ1;PARD3;DDIT4;SLC9A9;KCNQ4;TNIK;NGEF;ABCG1;SHC2;SLC45A3;INSIG1;PDGFB;DAPP1;AGAP3;PIK3R1;MRO;AK7;LTBP1;SAV1;EFNB2;CCNB1;LCN12;RHPN1;CPA4;NGFR;EGR3;PSAPL1;COL24A1;TMEM132B;LIF;MSRA;PPFIBP2;NAT1;CCNJL;CPEB4;CNTNAP2;COL18A1;NRP2;SYNM;DOCK4;DOCK3;LAMC3;HSPB8;CITED4;OTUD7A;SLC2A1;GRIK4;SLC2A3;OPLAH;AREG;PITPNC1;RYR3;LFNG;ADAMTS2;HEPH;RASGEF1C;TIMP2;DLGAP1;MYBL2;CD33;GALNT9;PRKG1;ZNF365;ABCC3;CAMK1D;SYK;TESC;PDE4D;TNFRSF19;MMEL1;NAV2;CBFA2T3;RENBP;DUSP6;DUSP7;ETV6;COL6A2;COL6A1;NAT8L;TRIM55;MGLL;ZNF474;AGPAT5;GRAMD1B;DNAH1;NFIX;LAMA2;DNAH6;PPM1H;CXCR4;PTGS2;ADCY5;FGD6;CCL5;MGAT5B;MAN1C1;EPS8L3;MUC4;WASF3;CA12;CMTM7;CDRT4;TM4SF18;TAF15;BRF1;WNT7B;SORL1;MPP7;FMNL3;EEPD1;KLF7;NUDT7;SLCO3A1;ST7;LNX1;SPRY1;PIK3AP1"
"RELA","RELA 24523406 ChIP-Seq FIBROSARCOMA Human","120/1104","0.00000114593227735038406529637089459328080920386128127574920654","0.00001185176533424027148666980019386940625736315269023180008","0","0","1.6630141127127771","22.748855708162651012572","IL1RN;MAML2;SERPINE2;CSF1;SERPINE1;PRDM1;ENO2;BACH1;ENO3;EFEMP2;CCND1;PLAU;FTH1;LIPG;SOX9;SLC25A45;PTGDS;RAG1;TGM2;IL15RA;ST6GAL1;S100A2;ARL14;NPY1R;ESCO2;HSPG2;SRCIN1;SULT2B1;SLPI;PARD3;S100A4;TRIM15;S100A3;MZF1;CFB;DHX9;EBI3;PDGFB;TWIST1;ZFP36L1;C3;DPP4;SDCBP;BLOC1S1;ZBBX;HMOX1;S100A10;ABCA1;SYT1;TNFRSF9;SIAH1;BMP4;PAN2;CXCL10;NR4A1;CXCL11;BMP2;GNAL;TCN2;ATG16L2;DLG4;LCN2;BCL2;ITGBL1;AMOTL2;BCL2L1;SERPINA1;TNFAIP2;TNFAIP3;LFNG;TRIM8;SIX4;HNF4A;SCRN2;CASP4;BDKRB2;TIMM17B;TTC23L;HSP90AA1;ZHX2;HMGCS1;PLLP;TRPC1;IZUMO1;PDE4D;PLA2G4C;NAV2;F3;DUSP6;ELF3;CHDH;IRF1;TFEC;TRIM55;CD44;MGLL;ENG;PTGER4;RBM47;CEBPD;PTAFR;GCNT1;PTGS2;CCL5;GCNT3;ZNF467;PCDH1;TRIM44;NQO1;GSN;RFTN1;PSMB9;GRIN1;SLC25A37;KRT18;PDE10A;ST7;VIM;PIK3AP1;IL18R1"
"TP63","TP63 17297297 ChIP-ChIP HaCaT Human","12/34","0.00000184761668549177564502229362264351664180139778181910514832","0.00001885068375062555026439210792421619089509476907551288605","0","0","7.2390668659432063","95.567366683665156301686","NOTCH1;SMARCD3;S100A2;ITGB4;ITGA3;IGFBP3;SERPINF1;FASN;DDIT4;SFN;BMP7;SERPINB5"
"PHC1","PHC1 16625203 ChIP-ChIP MESCs Mouse","83/700","0.00000207755685727448093108203283629897839546174509450793266296","0.00002091407236322977464975693406845635990976006723940372467","0","0","1.8205024311183144","23.820032623789458625652","CALCOCO1;CNTNAP1;NRP2;SERPINE2;ONECUT3;COL12A1;KCNC4;ONECUT1;RASGRF1;CITED4;SIX1;HOXC13;GRIK2;THBD;GRIP1;HTR6;ADAMTS2;HTR7;ATP7B;FGF9;CCND1;LIPG;HOXA1;SOX9;EOMES;IL15RA;TIGD5;ST6GAL1;KIRREL1;CHST7;MSX2;TESC;KREMEN2;OVOL1;WNT16;FOXP2;ZDHHC14;CACNB2;CACNB3;CLDN3;MMP16;RTN4RL1;CLOCK;ZFPM1;CHST2;CD44;PTGER4;CAMK2D;NFIX;PELI2;NDUFB3;NPR3;GATA6;CHRD;TACSTD2;CXCR4;DLL1;NPAS2;EFNB2;ATOH8;HSF4;HOXC4;STXBP6;SLIT2;PCDH1;EGR3;DMRT1;IRX3;HTR1B;NR2F2;MERTK;KAZALD1;BMP7;SGPP2;PCDHGA10;BMP4;GJB2;FRAS1;GNAL;ID3;LHX5;SPRY1;NES"
"ISL1","ISL1 27105846 Chip-Seq CPCs Mouse","135/1293","0.00000214944543479955630125655466344802846379025140777230262756","0.00002135304346412717147385071370102593846240779384970664978","0","0","1.5925637922913249","20.783436351673323372324","CSF1;TRAF3IP2;IRS1;FRMPD1;CTNND1;ZDHHC8;PRDM1;IKZF2;FAM107B;CCND1;FGF9;SALL4;HMCN1;TNS3;MSX2;LMO4;KRT8;ACSL5;LMO7;SRCIN1;FOXP1;ACAP3;BCAM;CLDN3;DDIT4;CLIP4;MAML3;ZFPM1;SLC45A1;INSIG1;GATA6;AGAP3;ZFP36L1;EFNB2;ABCA1;RTBDN;VASP;RABGAP1L;PSAPL1;SYT1;HTR1B;NR2F2;BMP7;ANKHD1;NFATC4;BMP4;PAN2;BMP2;PPFIBP2;LIN28A;ATG16L2;BAMBI;ID2;LRFN1;NOSTRIN;SP5;ID3;LHX5;CCNJL;ARHGAP11A;CNTNAP2;CPM;COL18A1;NRP2;SYNM;CITED2;FHL2;SIX1;SLC2A3;TSPAN12;SIPA1L2;PRSS23;GLI2;DBP;AIFM1;HEPH;MCF2L;NUF2;DNER;DLGAP1;HSP90AA1;TESC;PDE4D;ITGA1;AXIN2;DUSP6;PARD3B;ETV6;RNF144B;TOX2;VCAN;PSMA1;NAV3;OAF;PPARG;NAT8L;ST6GALNAC5;CRB2;PTGER4;GRAMD1B;CAMK2D;CLDND1;SMARCD3;NDUFB3;PPM1H;CXCR4;PRICKLE1;AKAP5;TTN;MGAT5B;ATOH8;NRIP1;LRIG1;SLC25A21;CHSY3;CSMD3;TBX1;CMTM7;SLC12A5;DMRT1;IRX3;EYA4;MBOAT1;PLEKHA6;MEIS3;PLEKHA7;EEPD1;SBK1;PIK3IP1;PSMC1;LNX1;SPRY1;SSBP2;CDKN3;CCL26"
"SOX2","SOX2 18555785 Chip-Seq ESCs Mouse","153/1508","0.00000228386671067590307497466133035413093921306426636874675751","0.00002239375800727671172139776611942352246842347085475921631","0","0","1.5468834147800938","20.093459647881651619628","EHF;IL1RN;SERPINE2;IRS1;CHRM4;IKZF2;ABCA12;SLC4A3;BZW1;FAM107B;RGS4;GPR176;GRB14;ARHGAP40;MPZ;SALL4;PSMD1;NEK2;OIP5;CHAC1;HMCN1;PPFIA4;RAG1;TGM2;IL15RA;FIBCD1;VASH2;EBF4;LEMD1;SLC9A2;CYP27A1;OLFM1;CACNB2;FRMD5;SPATA17;CACNB4;RUFY4;LACTB2;HAT1;MALL;SCG2;NGEF;SLC45A3;NOTCH1;DHX9;INSIG2;FOXO6;DAPP1;ILDR2;GLIS1;NPAS2;DPP4;WNT6;ARSJ;PDGFC;ST8SIA6;TSPAN2;CHST14;PROM2;TNFSF18;NTNG2;CDK18;GGT7;RABGAP1L;PBX3;CYBRD1;BMP7;PBX1;DCLK1;LRP1B;BMP2;NOXA1;NOSTRIN;BCL2;SP5;PAM;BCL2L1;ITM2C;ARHGAP11A;NRP2;KCNC4;FHL2;SLC2A1;DBI;RND3;RYR3;GLI2;JPH2;NUF2;DNER;PMEPA1;SPEG;CPXM1;LRRCC1;GPR39;EIF5B;CAMK1D;CCDC34;GPR35;TBC1D8;GLRX2;F3;SERPINB5;PARD3B;ARL4C;TOX2;PLCB4;ELF3;FAM20C;FJX1;ST6GALNAC5;CD44;CRB2;PRIM2;PRKAA2;SLC20A1;SYNPO2;RGS16;NDUFB3;CXCR4;PRR5L;LIN9;PTGS2;CRYZ;TTN;CHN1;STAT4;SUSD4;PDLIM5;TRIM44;HNRNPA3;SLC12A5;GSN;GALNT3;KCNB1;KCNIP3;PLEKHA6;SYT13;HSPE1;GDAP1;SGPP2;TTLL7;KLF7;CENPF;COL3A1;GATM;DES;FABP5;SARDH;PI15;PTPN7;RAMP1;IL18R1"
"RACK7","RACK7 27058665 Chip-Seq MCF-7 Human","167/1679","0.00000251792794237969818295819375564281727974957902915775775909","0.00002437225123713682083614016915529276730012497864663600922","0","0","1.5161978555266336","19.546935315610131311814","FGFRL1;CCND1;ARHGAP40;NEK2;SAMD11;KCNH2;PIAS3;IL15RA;S100A2;MSX2;FIBCD1;KRT8;HNF1B;MAPK8IP2;OVOL1;HSPG2;SRCIN1;FOXP1;SULT2B1;CLDN3;PPP1R3E;DDIT4;SPATA13;JTB;KCNQ4;S100A4;S100A3;MAML3;MZF1;EPHA2;IDI1;NOTCH1;DHX9;INSIG1;NPR3;ALOX15;PDGFB;KIAA0040;GLIS2;SAV1;ZFP36L1;SOCS3;SYNGR1;LDHA;TMEM125;BLOC1S2;PRDX1;LCN12;SEC14L5;HOXC4;SFN;HIVEP3;ST8SIA6;S100A14;FADD;PCK2;S100A10;VASP;FDPS;CDK18;EGR3;ANKRD24;FOXF1;ABCA3;TNFRSF9;MCAM;CRIM1;NR2F2;BMP7;SYT7;NFATC4;NR4A1;TCN2;ATG16L2;BAMBI;FASN;ID2;DLG5;BCL2;ANP32E;ID3;COL9A3;COL9A2;MKX;RCOR2;BCL2L1;RET;OSCP1;COL18A1;CITED2;HSPB8;SLC2A1;SECTM1;N4BP2L1;SLC2A3;ECSIT;OPLAH;HOXC11;PITPNC1;TRIM8;DBP;SIX4;NUF2;SCRN2;TIMP2;PDE4B;ANXA9;CAMK1D;GAA;PLEKHG5;TBC1D8;TMC8;GLRX2;KRT32;DUSP6;VCAN;PLCB4;ELF3;VGF;RTN4RL1;IRF1;HKDC1;RNF207;MMP17;HNRNPH3;FJX1;CD44;RGS16;TMPRSS4;SEMA3B;SLC5A11;SNX33;LIN9;CAMKK1;POLD4;HAS3;MICALL2;HNRNPA1;PCDH1;WASF3;HES4;CGREF1;NQO1;GSN;KCNJ11;KCNB1;IRX3;HAGHL;FBXL16;KAZALD1;MAPK15;GRHL2;PLEKHA7;DHRS3;CENPF;MYO15B;PIK3IP1;PSMC1;CTH;ZNF219;RAB13;LNX1;SPRY2;SPRY1;VIM;RAMP1;TMEM229B"
"ESR1","ESR1 26153859 ChIP-Seq MCF-7 Human BreastCancer","319/3597","0.00000291130777784398714640081567983642685248923953622579574585","0.00002782325787686341895350514152873699913470773026347160339","0","0","1.3644657914792142","17.392720144465183551574","EHF;PATJ;IL1RN;TES;ARL6IP1;LRR1;COL12A1;SERPINE1;STMN3;SPATA20;IKZF2;FGFRL1;GLDN;HERC5;GCSH;TRIM29;CCN2;H4C1;HMCN1;TNS2;TMPO;IL15RA;SRRM3;NHLRC3;DAPK1;FIBCD1;KRT8;MYO7A;VWA5B2;SYTL5;OVOL1;KIAA1217;SULT2B1;INPP4B;DEPDC1B;AZGP1;CLDN3;SPATA17;THAP8;CYP2U1;PPP1R3E;DDIT4;SPATA13;ADPRH;RUBCNL;JTB;CLPSL2;MAML3;RIN1;CFAP61;SPTBN4;SLC45A3;PPP1R35;SMIM1;IL20RA;PDGFB;LYPD3;AGAP3;PIK3R1;PRDM10;PPL;SYNGR1;LDHA;CRACR2B;SEC14L5;GAR1;ARSG;S100A14;FADD;KCNN4;SULT1A2;DECR1;PROM2;S100A10;RTBDN;ABCA2;CDK18;AFAP1L2;CARMIL3;IQSEC1;ABCA3;CYP4F3;NR2F2;NR1D1;NMI;PBX1;NFATC4;PARP10;PAH;ANP32E;CREBRF;PAM;NRP2;SERPINA1;CITED2;SLC44A2;TGFB1I1;CITED4;HNF4G;KRT23;GPT;ECSIT;HOXC11;PRSS23;OSBPL10;MRC2;ZCWPW1;TUBA1B;NUF2;TIMP2;ANKRD1;CTSH;ANXA9;CCR3;RBBP8NL;DENND2D;GPR39;LYNX1;ZHX2;SYK;PLLP;NBPF10;TMC8;TEX14;TMC6;KREMEN2;TMC5;IL17RC;DUSP6;PLCB4;MMP16;MMP17;SDHAF1;CKS2;TAX1BP3;KIFC3;ALDOA;MGLL;WDR27;PTGER4;PCNA;TMPRSS4;GCNT1;PAPLN;PRICKLE1;RIDA;GCNT2;MAP4K5;MISP;CA12;CGREF1;NQO1;KCNB1;PTGES3;RFTN1;PLEKHA6;SEPTIN6;SEPTIN4;KAZALD1;GRHL2;DHRS3;ATP5F1E;MPP7;PSMB9;SH3RF2;NUDT7;MORN2;ZNF219;TCEA3;CDKN3;GRINA;KCNG3;DGKE;RORC;MSMO1;BZW1;FAM107B;NRBP2;CCND1;CDH1;SALL4;MACROD1;PAPOLA;NEK2;ENPP3;KPNA2;SLC25A45;PPFIA4;KCNH2;PIAS3;MSX2;FOXP1;SLC9A2;ACAP3;CACNB2;OXA1L;FRMD5;CACNB3;CLIP4;GEMIN7;BRSK1;CUL7;SLC26A1;COX16;MINDY1;NPR3;TACSTD2;LIN7A;KLHL13;PLD1;INAVA;ZFP36L1;TMEM25;SDCBP;ANTKMT;ADGRG6;RHPN1;THEM6;FAM83B;KCNF1;ACBD4;PSAPL1;NEK5;SRD5A3;POU2F3;PAN2;DIAPH1;NR4A1;ATG16L2;DLG4;DLG5;NOXA1;SPIRE2;AMOTL2;MIPEP;GPSM1;CPM;CRYBG2;CRYBG1;CXCL8;DDX46;ITGB4;DOCK8;HSPB8;ONECUT1;TNFAIP2;DUSP18;OPLAH;PITPNC1;SDR16C5;ATP7B;DBP;SIX4;CA2;MCF2L;TMEM107;CNGA1;BDKRB2;PMEPA1;SPEG;MAN2C1;TTC23L;ABCC3;ADGRV1;HMGCS1;PLEKHG5;AXIN2;WNT16;EPN3;ADGRF3;ELF3;VGF;PALLD;CHDH;IRF1;RNF207;SMPDL3A;LAMA5;SMARCD1;RBM47;CAMK2D;MTFP1;RGS16;NDUFB3;LAMA3;SEMA3B;PPM1H;U2AF1;HMGCR;DEPP1;POLD4;ABLIM2;NRIP1;KLRG2;MAL2;TRIM44;LEKR1;HES4;SLC12A5;GALNT3;TXNRD2;MACC1;TMED7-TICAM2;CYP51A1;HAGHL;DONSON;MBOAT1;FBXL16;FBXL13;ADGRD1;KLF7;MYO15B;TLL2;CHPT1;LTBR;PIK3AP1;NECTIN4;SSBP2;FOLR1"
"TCF4","TCF4 23295773 ChIP-Seq U87 Human","286/3177","0.00000337585763936421814578850604526838452557058189995586872101","0.00003185965647149980814207409496319201025471556931734085083","0","0","1.3804152350205618","17.391659876134042406193","EHF;MAML2;FRMPD1;SPATA20;IKZF2;ABCA12;SLC4A3;ZFYVE28;HOMER3;RTTN;CCNL2;SPA17;TNS3;PRKCG;IL15RA;KCTD19;DAPK1;CACNA2D1;MYO7A;DKK1;EREG;KIAA1217;INPP4B;AZGP1;SPATA17;RUFY4;KCNQ1;KCNQ4;CLOCK;ZFPM1;SKAP2;EPHA2;GPM6A;EXD3;COL13A1;ENDOD1;IL20RB;LYPD3;TMTC1;AGAP3;SYNGR1;ARSJ;ZNF704;PDGFC;SFN;ST3GAL6;ARSG;STXBP6;EGR3;YES1;PTPRN2;COL24A1;IQSEC1;IL31RA;PBX3;PARP16;NR2F2;GP6;DCLK1;MSRA;PPFIBP1;PAH;PAM;CPEB4;FANK1;WDR49;NRP2;OTUD7A;HOXC13;RYR3;OSBPL10;HNF4A;TIMP2;ANKRD1;DLGAP1;DLGAP5;SLC18A2;AASS;CCR3;CD33;ZNF365;TMC1;FGFBP1;GPR37;SYK;PLLP;HEG1;CBFA2T3;IL17RC;ZDHHC14;PLCB4;MMP16;PSMA1;MDFIC;PPARA;CHST2;HBEGF;ZNF595;PRIM2;NFIX;SAMD9;ATL1;PELI2;PTAFR;CXCR4;PRICKLE1;AOAH;CAMKK1;ADCY5;HLA-DMB;MICALL2;CSMD3;ZNF221;DMRT1;RFTN1;SAMD4A;WNT7A;PLEKHA7;MPP7;TMEM154;TTLL7;CENPF;NUDT7;FABP5;SLCO3A1;TRIML2;PSMC1;SGSM2;RAMP1;FRK;CCL26;FHOD3;DGKE;IRS1;IRS2;IL1RAP;ALDH1L2;PLB1;GALNT10;NR3C2;FAM107B;GRIP1;CCND1;CDH1;SALL4;NRTN;KPNA2;MAP3K5;KCNH2;MAGI1;MSX2;NPY1R;CASK;MITF;LMO7;MAT1A;FOXP1;CACNB2;FRMD5;ZNF91;CACNB4;SLC9A9;TNIK;MZF1;SHC2;NOTCH1;TACSTD2;CACNA1D;HIGD1A;CPLX1;LTBP1;GLIS1;CACNA1I;ZBBX;NPHP1;BCL2L15;TNFRSF9;SRD5A3;CRIM1;LSM5;CORO2B;BMP7;ANKHD1;LRP1B;PAN2;PYY;GNAL;NAT1;LRFN1;RCAN2;LCN2;BCL2;PIR;HLA-DRA;DEGS2;CNTNAP2;CPM;DOCK3;MAST4;ITGB4;ONECUT3;LAMC3;DOCK8;MAST1;FHL2;TNFAIP2;SLC2A1;SIX1;DUSP18;TSPAN12;RND3;ADAMTS2;BCL7A;GRM7;BDKRB2;PDE4B;SPEG;HORMAD2;GALNT9;PRKG1;DACT1;SH3D19;EIF5B;CAMK1D;PDE4D;ITGA1;TBC1D8;NAV2;MYRIP;PARD3B;ETV6;VCAN;IRF1;C1D;IL1RAPL1;MCM5;SMPDL3A;ST6GALNAC5;ITGA9;CCDC40;RBMS3;RBM47;CAMK2D;LAMA2;LAMA4;LAMA3;PPM1H;PRR5L;LIN9;THSD4;CRYZ;TTN;ABLIM2;SH3TC2;TNKS2;CCL5;MGAT5B;NRIP1;LRIG1;MAL2;CHSY3;TRIM44;SLC12A5;GALNT3;MACC1;EYA4;PLCL2;MBOAT1;ZNF804A;SYT13;MERTK;FBXL13;GDAP1;SLC25A37;KLF7;DES;PDE10A;PSAT1;FAM131B;CTH;ST7;LNX1;SPRY2;SPRY1;SSBP2;NUP37"
"CTCF","CTCF 31629814 ChIP-Seq Hepatocytes Mouse Tyrosinemia","278/3086","0.00000457383399158766754116897321202905857262521749362349510193","0.00004235668815762322380377019603869825914443936198949813843","0","0","1.3789620124571580","16.954556862960146190744","PATJ;SERPINE2;FRMPD1;ZDHHC2;BACH1;GLDN;IFIT2;ZFYVE28;RINL;DPYSL3;RPS6KA1;HOMER3;PXDC1;TNS3;CDK5RAP3;TNS2;TMPO;SRRM3;ST6GAL1;DAPK1;CACNA2D1;KRT8;SULT2B1;DEPDC1B;PARD3;CSNK2B;ADPRH;RUBCNL;JTB;ATF5;SPATA18;PLPP3;ZFPM1;NGEF;SPTBN4;DHX9;SMIM1;GATA6;TMTC1;AGAP3;C2CD4C;PPL;SYNGR1;LDHA;RNF215;PRDX1;PDGFC;SFN;TSPAN2;ST3GAL6;FAM43A;STXBP6;DECR1;ABCA2;NTNG2;XRCC6;AFAP1L2;ST14;YES1;IQSEC1;ABCA3;MCAM;LIF;AMMECR1;PARP16;FHDC1;FASN;MKX;ANP32B;PAM;CCNJL;DHRS13;SYNM;SLC44A2;GRIK4;GPT;ORM2;VSIR;OSBPL10;GLI2;LFNG;ZCWPW1;TUBA1B;AIFM3;HNF4A;TIMP2;CTSH;DLGAP1;LRRCC1;TMED4;DENND2D;GPR39;GAA;TESC;HEG1;PGGHG;NME5;TUBG2;F3;DUSP6;VAMP8;FAM222A;TUBB2A;OAF;MMP17;PPARG;HNRNPH3;PPARA;EEF1E1;MGLL;HBEGF;ATL1;PELI2;SNX33;PRICKLE1;AKAP5;FGD6;HAS3;HSF4;MBNL3;KCNB1;PCDHB14;PNMA2;MPP7;TARBP1;DHRS4;PSMC6;PER3;TFAP4;SLCO3A1;PSMC2;HNRNPA2B1;TRMT6;PCYOX1L;NOTUM;MAMLD1;CRLF1;TMEM229B;FHOD3;CPOX;ARHGAP39;IL1RAP;PRDM1;GALNT10;GRIP1;NRBP2;SYDE1;EFEMP2;GRB14;PALM;MACROD1;NEK2;ENPP3;MB21D2;TGM2;RNF43;CASK;MITF;VASH1;MOB3B;FOXP1;SLC9A2;GPRIN3;OLFM1;CACNB4;NPTXR;STEAP1;FAIM;GNAZ;CUL7;MINDY1;NXPH3;INSIG2;ARHGEF28;SLC1A1;CHRD;ILDR2;LIN7A;HIGD1A;PLD1;CPLX1;SAV1;SCUBE1;ZMAT1;ADGRG6;CASKIN1;THEM6;SOCS6;FAM83B;ACBD4;SRD5A3;ZBTB12;CORO2B;POU2F3;SYT7;ABHD15;DIAPH1;BMP2;ATG16L2;FMC1;BAMBI;ITGA10;TBCE;PIR;MELTF;NF2;BCL2L1;MIPEP;GPSM1;CPM;TTC24;DDX46;ITGB4;MTCL1;LAMC3;DOCK8;MAST1;DYSF;FHL2;SLC2A1;TNFAIP3;TSPAN12;RND3;ADAMTS2;RASGEF1C;MCF2L;SCRN2;PMEPA1;TIMM17B;MYBL2;CFAP43;ARFGEF3;ADAMTS7;EIF5A;EIF5B;CAMK1D;PDE4D;GLRX2;NAV2;AXIN2;EPN1;PARD3B;C1QL1;IRF1;METTL26;ITGA9;AGPAT5;CAMK2D;PRKAA2;LAMA3;HSD17B14;U2AF1;PRR5L;LIN9;PPM1F;CRYZ;TMEM201;ABLIM2;ABLIM3;OXCT1;MGAT5B;PCED1A;REPS2;CHSY3;SLIT2;PDLIM5;TBX1;KCNJ11;KCNIP3;LGI3;SYT13;FBXL16;SORL1;FMNL3;SBK1;PDE10A;PIK3AP1;SNTB1"
"NRF2","NRF2 31884422 ChIP-Seq A549 Human Lung Carcinoma","156/1563","0.00000460032904493391283235999636436197590683150338008999824524","0.00004235668815762322380377019603869825914443936198949813843","0","0","1.5179605671132104","18.654798371501801312888","TES;COL12A1;CPOX;LOXL4;BACH1;PLB1;GPR176;ARHGAP42;FTH1;NRTN;CCNL2;SOX9;PRKACB;TNS3;CDK5RAP3;TGM2;KCNH2;EOMES;MSX2;PAQR5;IGFBP3;ANXA10;HSPG2;SRCIN1;ANK1;EREG;GPRIN3;ZNF91;BCAM;RUFY4;PARD3;CLIP4;MALL;SNRPG;COL4A6;MAML3;SCG2;EPHA2;SPTBN4;FBLIM1;DHX9;SLC45A1;NXPH3;ARHGEF28;NPR3;PIK3R1;MRO;TXN;NPAS2;SAV1;ZFP36L1;POU5F1B;PRDX1;HMOX1;SFN;ST3GAL6;SOCS6;MAP2K6;TNFSF18;SYT1;AMBP;CYP4F3;LIF;LRP1B;NR4A1;GNAL;ATG16L2;BAMBI;FASN;DLG5;CNTN1;PIR;ITGBL1;AMOTL2;SLC26A4;NES;CCNJL;NRP2;SYNM;MAST4;ITGB4;OTUD7A;DUSP19;LRRC3;TNFAIP3;GRIK2;RND3;PRSS23;GLI2;RASGEF1C;TMEM107;HORMAD2;SLC18A2;CCR3;GALNT9;TTC23L;TMC1;ABCC3;HSP90AA1;MMP7;GPR35;PDE4D;USP44;TBC1D8;KRT32;ZDHHC14;ARL4C;ELF3;NAV3;MDFIC;MMP17;MCM5;KIFC3;HNRNPH3;ALDOA;FJX1;CD44;CCDC40;RBMS3;GRAMD1B;SMARCD1;CAMK2D;LAMA2;CEBPD;PELI2;LAMA3;PPM1H;SLC5A11;PTGS2;THSD4;FGD2;FGD6;SH3TC2;GCNT2;LRIG1;GCNT3;ZNF469;EPS8L3;WASF3;CA12;NQO1;GALNT3;KCNJ11;PTGES3;EYA4;AKR1C3;AKR1C2;EEPD1;CENPF;AADAC;SLCO3A1;MYO15A;TCEA3;FRK;IL18R1;CDKN3"
"TP63","TP63 23658742 ChIP-Seq EP156T Human","266/2937","0.00000516190025330920815034140697319386958952236454933881759644","0.00004695463483431869711366701825028258099337108433246612549","0","0","1.3844929936451520","16.855102605768983892176","EHF;TES;MAML2;SERPINE1;SPATA20;IKZF2;ABCA12;SLC4A3;ANTXR2;BACH1;HERC3;HTR7;TRIM29;FTH1;LIPG;RASSF6;ST6GAL1;SERPINF1;KRT8;HSPG2;ANK1;DKK1;SYTL3;EREG;SPATA17;ADCY9;PARD3;MALL;KCTD12;RIN1;SPATA18;ZFPM1;SKAP2;EPHA2;GPM6A;SLC45A3;SLC45A1;GATA6;TRANK1;IL20RB;CD99L2;AGAP3;PIK3R1;TXN;ABO;POU5F1B;ARSJ;ZBED2;SFN;TSPAN2;ST3GAL6;FAM43A;CHST14;S100A14;FADD;PROM2;TNFSF18;VASP;NGFR;RABGAP1L;EGR3;CYP4F3;IL31RA;FHDC1;MSRA;PPFIBP1;FASN;ID2;ID3;CPEB4;FANK1;RET;NRP2;SERPINA1;KCNC4;CITED4;GRIK4;N4BP2L1;HOXC13;GRIK2;ORM2;SIPA1L3;LFNG;MRC2;AIFM1;SEC61G;DNER;ANKRD1;TIMP3;DLGAP1;AASS;CCR3;ZNF365;TMC1;ZHX2;CHST7;GPR37;SYK;GAA;ANO4;F3;DUSP6;DUSP7;RNF144B;MMP14;TOX2;PLCB4;ZEB1;MMP16;VSNL1;B3GNT5;PPARA;CD44;HBEGF;ZNF474;WDR27;PTGER4;SAMD9;PTAFR;TMPRSS4;SNX33;PTGS2;FGD2;GPR153;HAS3;STAT4;SUSD4;GCNT3;P4HTM;IL12RB2;MPZL2;CA12;RFTN1;WNT7A;PNMA2;DHRS2;GRHL2;TMEM154;EPGN;FABP5;SLCO3A1;TRIML2;RPA3;CDKN3;GRINA;SH3GL3;CSF1;IRS2;PRDM1;PLB1;GALNT10;NRBP2;CCND1;FGF9;PTTG1;CDH1;LZTS1;TGM2;KCNH2;EOMES;MAGI1;SLC15A1;MSX2;LMO4;TMOD2;ANXA10;LMO7;GRIP2;DISP2;HAT1;SLC9A9;DPEP1;TNIK;SCG2;ABCG1;FAIM;FBN3;NOTCH1;NXPH3;INSIG2;GPR87;INSIG1;TACSTD2;KLHL13;PLD1;LTBP1;NPAS2;DPP4;EFNB2;NPHP1;CASKIN1;FAM83B;PSAPL1;AMBP;TMEM132B;SRD5A3;CYBRD1;LSM5;CORO2B;BMP7;BMP4;GNAL;LIN28A;CNTN1;RNF182;AMOTL2;NF2;TMEM19;BCL2L1;CPM;MAST4;FHL2;SLC2A1;TNFAIP3;TSPAN12;RND3;PITPNC1;RASGEF1C;BDKRB2;HORMAD2;KLF11;CCDC34;PLEKHG5;TBC1D8;ETV6;ARL4C;EPN3;RTN4RL1;PALLD;C1D;MCM5;NAT8L;RBMS3;SMARCD1;RBM47;CEBPD;RGS16;LAMA3;SLC5A11;HMGCR;TMEM201;SH3TC2;ABLIM3;GNG4;TRA2A;KLRG2;LRIG1;SNCG;CHSY3;PCDH1;PDLIM5;LEKR1;GALNT3;KCNIP3;CYP51A1;ZNF804A;MERTK;SORL1;GDAP1;FRAS1;PIK3IP1;PSAT1;LNX1;TLL2;SSBP2;SNTB1"
"PPARD","PPARD 21283829 ChIP-Seq MYOFIBROBLAST Human","251/2749","0.00000561849943205116431299518328645881126703898189589381217957","0.00005049960799045986317365453110994621965801343321800231934","0","0","1.3938188481819940","16.850497607839674429897","MAML2;TRAF3IP2;PLEKHB1;SERPINE1;STMN3;ABCA12;SLC4A3;ENO3;IFIT2;LIPE;GPR176;HTR7;PSMD2;FTH1;LIPG;PRKACB;TNS3;PAQR5;DAPK1;SERPINF1;FIBCD1;ACSL5;HNF1B;HSPG2;DKK1;SLPI;DDIT4;SKAP2;GPM6A;SPTBN4;SLC45A1;IL20RB;TWIST1;CD99L2;POU5F1B;CHST12;ARSJ;PRDX1;HMOX1;HIVEP3;ST8SIA6;FAM43A;ABCA1;AFAP1L2;ST14;RABGAP1L;YES1;PTPRN2;COL24A1;FOXF1;SIAH1;AMMECR1;PBX1;HNRNPM;TCN2;STAG3;ID2;ID3;COL9A3;COL9A2;PAM;ITM2C;COL18A1;NRP2;ZNF250;CITED2;KCNC4;HNF4G;HOXC11;RYR3;GLI2;MRC2;TRIM8;AIFM3;RSPO1;SLC18A2;CD33;ZNF365;LRRCC1;EIF5AL1;ZHX2;GAA;ZDHHC14;PLCB4;ZEB1;MMP16;B3GNT5;TFEC;PPARG;KIFC3;ALDOA;CD44;ENG;CRB2;SAMD5;PCNA;CLDND1;SLC20A1;PTAFR;GCNT1;CXCR4;PRICKLE1;AOAH;AKAP5;PSMB6;FGD6;HSF4;CSMD3;APOL3;RIBC2;CA12;CGREF1;CENPW;WNT7B;PLEKHA7;DHRS3;TMEM154;TFAP4;KRT18;FABP5;SLCO3A1;TCEA3;GRINA;FHOD3;SH3GL3;IRS1;IRS2;IL1RAP;PRDM1;CLGN;DOCK11;CHCHD2;CCND1;SALL4;MACROD1;NEK2;STK32A;LZTS1;TGM2;KCNH2;MAGI1;PIAS3;IK;CCDC154;SLC15A2;S100A2;IGFBP3;CASK;SRCIN1;FOXP2;GRIP2;CACNB4;TNIK;SCG2;SHC4;GPR87;INSIG1;LIN7A;MRO;PLD1;NPAS2;GLIS2;ZFP36L1;EFNB2;SOCS3;WNT6;ZBBX;RHPN1;SOCS6;FAM83B;CPA4;MAP2K6;SYT1;AMBP;SRD5A3;HTR1B;LSM5;CORO2B;POU2F3;DIAPH1;NR4A1;GNAL;LIN28A;DLG5;TBCE;BCL2;CSPG5;AMOTL2;DEGS2;CNTNAP2;DYSF;TNFAIP2;SLC2A1;DBI;RND3;ADAMTS2;GRM7;CPXM1;DACT1;ABCC3;KLF11;HSP90AA1;AMN;CCDC34;PLEKHG5;PDE4D;TNFRSF19;TBC1D8;NDUFC2;PARD3B;ETV6;ARL4C;NAV3;COL6A2;HKDC1;IL1RAPL1;COL6A1;TRIM55;AGPAT5;CAMK2D;DNAH2;SMARCD3;CEBPD;SEMA3D;LAMA4;HSD17B14;ZBTB42;HMGCR;THBS4;TTN;TMEM201;OXCT1;ATOH8;REPS2;MAL2;LEKR1;EYA4;AHNAK2;ZNF804A;SORL1;PIK3IP1;PSAT1;ZNF615;SARDH;SPRY2;SPRY1;VIM;LTBR;PIK3AP1;SNTB1;NUP37"
"CTCF","CTCF 33576154 ChIP-Seq Human PerigastricLN ProstateCancer","217/2328","0.00000711525086377698378346020463558474489218497183173894882202","0.00006282632099540748490604236131673587806290015578269958496","0","0","1.4186382726834870","16.815502575779998295502","ARL6IP1;COL12A1;SPATA20;BACH1;HERC5;DPYSL3;PSMD1;CDK5RAP3;TNS2;TMPO;ARSA;SRRM3;CACNA2D1;KRT8;MYO7A;SYTL3;CPED1;ADGRB2;LACTB2;PPP1R3E;DDIT4;CLOCK;CTXN1;SPTBN4;COL13A1;TMTC1;PIK3R1;RNF215;SEC14L5;GAR1;ARSG;ZNF268;TRPM6;DECR1;FDFT1;ABCA1;RTBDN;VASP;ABCA2;NGFR;CDK18;AFAP1L2;ABCA3;PARP16;GRIN2C;NFATC4;PPFIBP2;FASN;ANP32E;ARMC12;PLCH1;ANP32B;RET;DHRS13;SYNM;ZNF250;CITED2;HNF4G;GRIK4;TUBA1B;DNER;GAA;NOG;TMC8;CBFA2T3;DUSP7;MTSS2;FAM222A;MRPL51;KIFC2;MMP17;KIFC3;FJX1;CHST2;HBEGF;SAMD5;PRIM2;PCNA;IDUA;PRICKLE1;STAMBPL1;HAS3;CSMD3;MAP4K5;P4HTM;CA11;CD72;KCNB1;WNT7B;PLEKHA6;KAZALD1;DHRS2;PSMB9;SH3RF2;ZNF219;NOTUM;RAMP1;LIMS2;SLC27A1;IRS1;RORC;MSMO1;IRS2;ARHGAP39;PLB1;NRBP2;CDH1;OIP5;ENPP3;SLC25A45;MAP3K5;TGM2;EOMES;RNF43;IGFBP3;ADAM11;NPY1R;SRCIN1;MOB3B;OLFM1;OLFM2;CACNB3;STEAP1;FAIM;RTN4R;BRSK1;NXPH3;LTBP2;MRO;GLIS2;ZFP36L1;EFNB2;SOCS3;ZBBX;ZNF783;ACBD4;ANKRD24;NEK5;SRD5A3;LSM5;POU2F3;SYT7;PAN2;DIAPH1;NR4A1;NAT1;ATG16L2;CDK3;ITGA10;PIR;ADSS1;MELTF;NES;BCL2L1;MIPEP;DOCK4;DOCK3;MAST1;FHL2;TNFAIP3;EFCAB11;RND3;PITPNC1;KIAA1549;HEPH;CA2;SCRN2;PMEPA1;SPEG;SPDL1;MAN2C1;EIF5B;HMGCS1;PLEKHG5;ITGA1;PLA2G4C;TBC1D8;AXIN2;ELF3;RNF207;ZMYND10;ITGA9;RBMS3;CEBPD;SEMA3D;FGL1;SEMA3B;HSD17B14;U2AF1;PPM1F;CRYZ;TTN;AP3M2;ABLIM3;MGAT5B;MAN1C1;LRIG1;POLR2L;H2AZ1;TBX1;TAF15;KCNJ11;AHNAK2;CYP51A1;PLCL2;MERTK;SORL1;FMNL3;SLC25A37;ADGRD1;MAPK11;MYO15B;TAFA3;ST7;RAB13;TLL2;SPRY1"
"NR1H3","NR1H3 23393188 ChIP-Seq ATHEROSCLEROTIC-FOAM Human","66/537","0.00000715637563656297189944614431378333563316118670627474784851","0.00006282632099540748490604236131673587806290015578269958496","0","0","1.8876044799090761","22.363407102388840996809","IL1RN;SERPINE2;DDX46;CITED2;CITED4;SLC2A1;TNFAIP3;IRS2;DBI;SLC2A3;SIPA1L2;GLDN;THBD;LYL1;TUBA1B;PTTG1;SEC61G;TK1;ABCD1;TMED4;TGM2;DENND2D;TIGD5;MMP7;TBC1D8;TMC6;SYTL3;EPN1;DUSP7;CACNB3;CLIP4;CKS2;FAM20C;S100A4;SMPDL3A;ABCG1;WDR27;AGPAT5;DNAH1;NFIX;NOTCH1;RGS16;EBI3;PPM1H;PLD1;DLL1;CRYZ;AP3M2;LDHA;HLA-DMB;CCL5;NRIP1;ABCA1;CDRT4;IQSEC1;MERTK;SORL1;DHRS3;EEPD1;GATM;BMP2;FASN;SGSM2;COL9A2;BCL2L1;NUP37"
"SRY","SRY 25088423 ChIP-ChIP EMBRYONIC GONADS Mouse","239/2614","0.00000901340044860703368018346737233770227248896844685077667236","0.00007821973952526794550150351925665859198488760739564895630","0","0","1.3921846596012215","16.172728177089407353151","SERPINE1;NUDT1;ICAM5;ZDHHC8;ENO2;GRPR;ANTXR2;ZDHHC2;BACH1;TXNDC17;TRIM29;PSMD2;DPYSL3;DHX58;SOX8;PTGDS;TNS4;SCN1B;CDK5RAP3;ARSA;IL15RA;SERPINF1;ACSL6;MYO7A;ANK1;SYTL3;CYP27A1;BCAM;CLDN3;LACTB2;KCNQ1;FEZ2;MAML3;RIN1;CLOCK;CTXN1;ZFPM1;DHX9;CLCNKB;IL20RA;PDGFB;IL20RB;LYPD3;AGAP3;ADAMTS10;LDHA;RNF215;LCN12;GAR1;SFN;ST8SIA6;S100A14;STXBP6;KCNN4;TRPM6;PROM2;NGFR;CDK18;ABCA3;MCAM;LIF;NR2F2;L1CAM;FHDC1;ELL3;NFATC4;PPP1R1A;STAG3;CD22;RET;BHLHE41;LRRC3;GRIK4;GPT;SHD;ZCWPW1;AIFM3;TRIM6;HNF4A;SEC61G;DNER;TIMP2;TIMP3;DLGAP1;FGFBP3;SLC18A2;DENND2D;ZHX2;KCND1;GAA;IZUMO1;KREMEN2;DUSP6;SERPINB5;ZDHHC14;RNF144B;MMP14;TUBB2A;B3GNT8;KIFC2;TMSB15A;SDHAF1;CLDN18;FAM20C;PPARA;MGLL;ENG;SLC20A1;PAPLN;SNX33;CRIP1;AKAP3;ADCY5;FGD2;MICALL2;HSF4;GCNT2;MBNL3;GSN;WNT7B;WNT7A;PLEKHA6;TMEM154;SH3RF2;PSMC6;SLCO3A1;KRT16;RPA3;MORN2;RAMP1;CRLF1;IL18R1;TMEM229B;IRS1;CHRM4;FGF2;EFEMP2;CHCHD2;FGF9;PLAU;NRTN;KCNH2;LAG3;ADAM11;SRCIN1;GPRIN3;FRMD5;CACNB3;DPEP1;FSCN2;GNAZ;FBLIM1;NXPH3;INSIG2;INSIG1;NPR3;ALOX15;TMEM59L;CHRD;CPLX1;LTBP1;TMEM25;WNT6;TMEM125;TMEM120B;FDPS;SYT3;AMBP;GLMN;BMP7;POU2F3;SYT7;NR4A1;BMP2;BAMBI;LRFN1;RCAN2;LCN2;AMOTL2;LHX5;MIPEP;DOCK3;ONECUT3;TTC22;HSPB8;ONECUT1;DYSF;SLC2A1;MSLN;OPLAH;LYL1;THBD;ADAMTS2;DBP;BCL7A;SIX4;SCRN2;CPXM1;MAN2C1;PRKG1;ADAMTS7;CCDC38;AMN;HMGCS1;PLEKHG5;ELF3;VGF;IRF1;COL6A2;RNF207;ZMYND10;CDH15;RBMS3;CAMK2D;TUBAL3;MTFP1;SEMA3B;POMP;THSD4;POLD4;SH3TC2;SPOCK2;IL21R;KLRG2;EPS8L3;HNRNPA1;SLC12A5;KCNJ11;TXNRD2;IRX3;LGI3;EYA4;SYT13;NOVA2;FAM131B;SARDH;KCP;LTBR;SLC25A34"
"LMO2","LMO2 26923725 Chip-Seq HEMANGIOBLAST Mouse","141/1404","0.00001000242820121118337835068590191411885825800709426403045654","0.00008570908449187783831584724891783366729214321821928024292","0","0","1.5230366394224475","17.534237531041203084214","FHOD3;SH3GL3;ALDH1L1;IRS1;FRMPD1;CTNND1;IRS2;IKZF2;SLC4A3;PLB1;GALNT10;GRIP1;HTR6;HTR7;HMGN5;FGF9;TRIM29;DPYSL3;PSMD1;RTTN;HMCN1;TNS3;MAGI1;DAPK1;VASH2;CASK;LMO7;SRCIN1;LEMD1;OLFM1;FRMD5;OLFM2;DDIT4;FSCN2;MAML3;ZFPM1;SKAP2;PXT1;GATA6;CACNA1D;LTBP2;MRO;NPAS2;ZFP36L1;EFNB2;SOCS3;CACNA1I;CCNB1;ST3GAL6;FAM43A;STXBP6;SOCS6;ABCA1;AFAP1L2;PTPRN2;PSAPL1;SYT1;ANKRD24;IQSEC1;GLMN;NR2F2;CORO2B;PBX1;SYT7;BMP4;MSRA;PYY;BMP2;BAMBI;PAH;CDK3;RCAN2;SPIRE2;SP5;COL9A3;DEGS2;NES;SLC26A3;NRP2;ONECUT3;CITED2;TGFB1I1;HSPB8;GRIK4;N4BP2L1;GPT;TSPAN12;RND3;RYR3;HEPH;ANKRD1;DLGAP1;MAN2C1;GPR39;HSP90AA1;ZHX2;TESC;NME5;TMC5;F3;ZDHHC14;PARD3B;ARL4C;ZEB1;VSNL1;BANK1;PALLD;CDH15;CHST2;CD44;CRB2;RBM47;CAMK2D;LAMA4;GCNT1;CXCR4;PRICKLE1;HMGCR;PTGS2;THSD4;CRYZ;GLRA1;ABLIM2;SH3TC2;MGAT5B;NRIP1;MICALL2;LEKR1;AOC3;HNRNPA3;TAF15;F10;KCNIP3;EYA4;FBXL13;PLEKHA7;TTLL7;FRAS1;SLCO3A1;PSAT1;CDKN3"
"SMAD2","SMAD2 18955504 ChIP-ChIP HaCaT Human","150/1513","0.00001021697695929669672107106825897915314271813258528709411621","0.00008570908449187783831584724891783366729214321821928024292","0","0","1.5033661228002091","17.275871385123064527534","KCNG3;EHF;IL1RN;TES;MAML2;TRAF3IP2;COL12A1;SERPINE1;CTNND1;CPOX;LOXL4;ANTXR2;BACH1;ENO3;PLB1;FAM107B;PLAU;SALL4;RTTN;OIP5;SLC25A45;HMGN2;TGM2;KRT6A;KCNH2;MAGI1;S100A2;ARL14;LMO4;IGFBP3;KRT8;MITF;OVOL1;EREG;CLDN3;EID3;DDIT4;RIN1;SKAP2;EPHA2;IDI1;INSIG2;GPR87;TACSTD2;CHRNA9;DAPP1;LYPD3;LTBP2;TXN;PLD1;PRDM10;KIAA0040;SAV1;ZFP36L1;LDHA;BLOC1S2;PRDX1;ZBED2;HOXC4;SFN;FADD;SOCS6;KCNN4;GTF2IRD2B;CPA4;PCK2;S100A10;TNFSF18;AFAP1L2;RABGAP1L;CRIM1;LIF;NR1D1;PCDHGA10;ATG16L2;DLG4;CDK3;ID3;ITGBL1;AMOTL2;ARHGAP11A;FANK1;COL18A1;HSPB8;RASGRF1;FHL2;PRSS23;GLI2;TRIM8;THBD;TRIM6;AIFM1;ANKRD1;DLGAP1;DACT1;ZNF365;GPR39;DENND2C;HSP90AA1;SYK;ITGA3;PDE4D;GLRX2;NAV2;F3;DUSP6;SERPINB5;RNF144B;TUBB2A;VSNL1;B3GNT5;TAX1BP3;KIFC3;TRIM55;CD44;HBEGF;RBMS3;LAMA5;SMARCD3;SAMD9;SLC20A1;TMPRSS4;NDUFB2;CAMKK1;FGD2;DCST2;POLD4;MICALL2;MAL2;SNCG;PCDH1;MPZL2;GSN;MBOAT1;AKR1C2;HSPE1;GRHL2;DHRS3;SH3RF2;KLF7;PDE10A;MYO15A;KRT16;PSMC2;ST7;HNRNPA2B1;RIMBP3;VIM;FRK;NUP37"
"SMAD3","SMAD3 18955504 ChIP-ChIP HaCaT Human","150/1513","0.00001021697695929669672107106825897915314271813258528709411621","0.00008570908449187783831584724891783366729214321821928024292","0","0","1.5033661228002091","17.275871385123064527534","KCNG3;EHF;IL1RN;TES;MAML2;TRAF3IP2;COL12A1;SERPINE1;CTNND1;CPOX;LOXL4;ANTXR2;BACH1;ENO3;PLB1;FAM107B;PLAU;SALL4;RTTN;OIP5;SLC25A45;HMGN2;TGM2;KRT6A;KCNH2;MAGI1;S100A2;ARL14;LMO4;IGFBP3;KRT8;MITF;OVOL1;EREG;CLDN3;EID3;DDIT4;RIN1;SKAP2;EPHA2;IDI1;INSIG2;GPR87;TACSTD2;CHRNA9;DAPP1;LYPD3;LTBP2;TXN;PLD1;PRDM10;KIAA0040;SAV1;ZFP36L1;LDHA;BLOC1S2;PRDX1;ZBED2;HOXC4;SFN;FADD;SOCS6;KCNN4;GTF2IRD2B;CPA4;PCK2;S100A10;TNFSF18;AFAP1L2;RABGAP1L;CRIM1;LIF;NR1D1;PCDHGA10;ATG16L2;DLG4;CDK3;ID3;ITGBL1;AMOTL2;ARHGAP11A;FANK1;COL18A1;HSPB8;RASGRF1;FHL2;PRSS23;GLI2;TRIM8;THBD;TRIM6;AIFM1;ANKRD1;DLGAP1;DACT1;ZNF365;GPR39;DENND2C;HSP90AA1;SYK;ITGA3;PDE4D;GLRX2;NAV2;F3;DUSP6;SERPINB5;RNF144B;TUBB2A;VSNL1;B3GNT5;TAX1BP3;KIFC3;TRIM55;CD44;HBEGF;RBMS3;LAMA5;SMARCD3;SAMD9;SLC20A1;TMPRSS4;NDUFB2;CAMKK1;FGD2;DCST2;POLD4;MICALL2;MAL2;SNCG;PCDH1;MPZL2;GSN;MBOAT1;AKR1C2;HSPE1;GRHL2;DHRS3;SH3RF2;KLF7;PDE10A;MYO15A;KRT16;PSMC2;ST7;HNRNPA2B1;RIMBP3;VIM;FRK;NUP37"
"SMAD3","SMAD3 22036565 ChIP-Seq ESCs Mouse","93/844","0.00001108727517117459250475374615829693425439472775906324386597","0.00009182858520453510164406607518827740932465530931949615479","0","0","1.6759990220424359","19.122666972039638721981","FHOD3;NRP2;MAML2;HSPB8;ONECUT1;MAST1;SLC2A1;GRIK4;SIPA1L2;SIPA1L3;PITPNC1;GLI2;LFNG;CDH1;MCF2L;PMEPA1;TIMP3;DLGAP1;MYBL2;ENPP3;ACAD11;TNS3;PRKG1;TGM2;MAGI1;DENND2C;HSP90AA1;SLC15A1;KIRREL2;CAMK1D;DAPK1;PDE4D;TBC1D8;ACSL5;NAV2;HSPG2;LEMD1;FOXP1;PARD3B;VCAN;BANK1;KCNQ1;DDIT4;MALL;KCNQ4;GEMIN7;ABCG1;ITGA9;EPHA2;LAMA5;SMARCD1;NOTCH1;COL13A1;FBLIM1;SEMA3B;SLC5A11;CPLX1;DLL1;ADCY5;TTN;ZFP36L1;AP3M2;SOCS3;LDHB;ABLIM2;MGAT5B;PDGFC;NRIP1;HAS3;GCNT2;REPS2;HIVEP3;ST8SIA6;LEKR1;NTNG2;SYT3;TXNRD2;PBX3;SORL1;POU2F3;LRP1B;NFATC4;PCDHGA10;MSRA;PPFIBP2;TRIML2;DLG5;TCEA3;NF2;RCOR2;PAM;NES;BCL2L1"
"AHR","AHR 22903824 ChIP-Seq MCF-7 Human","69/577","0.00001129801990645337192280001775701592237055592704564332962036","0.00009182858520453510164406607518827740932465530931949615479","0","0","1.8300177781428588","20.845518539872330165963","OSCP1;COL18A1;ALDH1L1;TES;CITED2;SLC44A2;ONECUT1;GRIK2;PRDM1;SLC4A3;SIPA1L2;AREG;SIPA1L3;RND3;GLDN;PITPNC1;KIAA1549;GRB14;CCND1;TNS3;TTC23L;SYK;MSX2;TBC1D8;LMO7;ANO4;TMEM150C;FOXP1;ARL4C;FRMD5;ELF3;DDIT4;PPARG;S100A4;TRIM55;CRB2;SHC4;PRPS1;INSIG1;SEMA3B;LIN7A;CD99L2;CACNA1D;PIK3R1;DLL1;FGD2;ABLIM3;NRIP1;KCNF1;TMEM120B;PTPRN2;NR2F2;DHRS2;SORL1;GRHL2;POU2F3;PLEKHA7;LRP1B;TTLL7;SH3RF2;NUDT7;KRT18;BCL2;RNF182;SPIRE2;MKX;SSBP2;CPEB4;CCNJL"
"TCF3","TCF3 18347094 ChIP-ChIP MESCs Mouse","158/1613","0.00001131133566095598064638744206789056079287547618150711059570","0.00009182858520453510164406607518827740932465530931949615479","0","0","1.4849156526055680","16.912751499206880367865","KCNG3;EHF;DGKE;SPARC;NUDT1;STMN3;IRS2;SLC4A3;ALDH1L2;BACH1;ZFYVE28;DOCK11;CDH1;SALL4;NEK2;ENPP3;PRKACB;TNS3;TGM2;EOMES;MAGI1;ARSA;ST6GAL1;SLC15A1;KIRREL2;MSX2;LMO4;CACNA2D1;ACSL6;KRT8;DKK1;FOXP1;SLC9A2;CLDN3;SLPI;LACTB2;DDIT4;SLC9A9;GEMIN7;EPHA2;SHC4;SLC45A3;NOTCH1;COL13A1;FBLIM1;DHX9;NXPH3;NPR3;GATA6;IL20RA;FOXO6;ZFP36L1;SOCS3;LDHB;SYNGR1;PDGFC;HOXC4;HIVEP3;ATP6V1C2;DECR1;S100A10;RABGAP1L;ACBD4;NEK5;MCAM;HTR1B;NR2F2;CORO2B;POU2F3;BMP4;NR4A1;RNF182;SPIRE2;ID3;AMOTL2;NES;CCNJL;BCL2L1;COL18A1;TTC24;LAMC3;HSPB8;ONECUT1;SLC2A1;GRIK4;TNFAIP3;SLC2A3;HOXC11;PITPNC1;TRIM8;SIX4;SEC61G;MCF2L;CNGA1;ANKRD1;HORMAD2;MYBL2;DACT1;CCDC38;DENND2C;FGFBP1;HSP90AA1;PLLP;HEG1;USP44;ITGA1;TNFRSF19;NOG;AMT;TMC8;TEX14;TMC6;GLRX2;TUBG2;AXIN2;TMC5;DUSP6;ZDHHC14;ETV6;MDFIC;TAX1BP3;KIFC3;CHST2;ITGA9;LAMA5;SMARCD1;PRIM2;SLC5A11;HMGCR;DLL1;THSD4;AURKA;TTN;MGAT5B;ATOH8;NRIP1;HAS3;STAT4;GCNT2;SUSD4;SLC25A21;WASF3;AOC3;BMP8A;FBXL13;GRHL2;SGPP2;PLEKHA7;DHRS3;KLF8;SBK1;LBX2;TCEA3;PCYOX1L;TLL2;SPRY2;SPRY1;VIM"
"AR","AR 21909140 ChIP-Seq LNCAP Human","36/238","0.00001168151017870053537796391079917057709280925337225198745728","0.00009382489558424366197456750748884246604575309902429580688","0","0","2.3831935193519351","27.067128243420643940453","MIPEP;EHF;CITED2;TMEM59L;LAMA3;IRS2;DBI;ACAT2;FAM107B;EFNB2;HERC3;PBK;LRIG1;HMOX1;NEK2;TMPO;ABCA1;AFAP1L2;CCDC34;TNFRSF19;GLRX2;GRHL2;DHRS3;DEPDC1B;PPFIBP1;PPFIBP2;PLCB4;KRT18;PSMC6;PSMA1;MALL;HAT1;ST7;SPRY1;SMPDL3A;BCL2L1"
"LXR","LXR 22158963 ChIP-Seq LIVER Mouse","155/1578","0.00001189777932860831641682496789824696747928101103752851486206","0.00009455603571683449961281231477272513075149618089199066162","0","0","1.4886968412477453","16.880569867574578779568","ALDH1L1;RORC;CPOX;IRS2;BACH1;GALNT10;FAM107B;CCND1;GRB14;MPZ;LIPG;RASSF6;MACROD1;NEK2;CHAC1;SLC25A45;PTGDS;TMPO;TGM2;IL15RA;ST6GAL1;DAPK1;LMO4;ADAM11;ACSL5;HNF1B;MAT1A;CYP27A1;AZGP1;CLDN3;EID3;ADCY9;CYP2U1;FEZ2;SPATA13;SNRPG;DPEP1;ABCG1;EPHA2;SLC45A3;SLC45A1;INSIG2;INSIG1;ILDR2;LIN7A;PIK3R1;PPL;NPAS2;FBLN5;ZFP36L1;C3;LDHA;HOXC4;FAM43A;TRPM6;S100A10;MAP2K6;ABCA1;EGR3;AMBP;DNASE2B;PARP16;NR1D1;PBX1;PPFIBP1;CXCL11;FASN;ID2;PAH;CDK3;AMOTL2;CPEB4;BCL2L1;MIPEP;CPM;COL18A1;NRP2;ONECUT1;DYSF;FHL2;LRRC3;N4BP2L1;GPT;DBI;HMGB1;KRT20;AREG;SERPINA5;LYL1;DBP;TK1;AASS;TTC23L;DACT1;ADAMTS7;CCDC38;ABCC3;GPR39;ZHX2;CCDC34;TNFRSF19;TBC1D8;TEX14;NAV2;MYRIP;TMC5;F3;CBFA2T3;DUSP6;ZDHHC14;RNF144B;PSMA1;OAF;CHDH;EHHADH;FAM20C;PPARG;KIFC3;PPARA;MGLL;NDUFB8;RBM47;PRKAA2;FGL1;TMPRSS4;SNX33;HMGCR;UQCR10;FGD2;TNKS2;ABLIM3;GCNT2;LRIG1;GCNT3;PCDH1;LEKR1;CDRT4;HNRNPA3;TXNRD2;PLCL2;PLEKHA6;DHRS3;DHRS4;TMEM154;SLC25A37;SH3RF2;EEPD1;NUDT7;KRT18;FABP5;CTH;SGSM2;SARDH;LTBR;PIK3AP1"
"PRDM14","PRDM14 21183938 ChIP-Seq MESCs Mouse","150/1520","0.00001304330361116081152207581833613048161168990191072225570679","0.00010258014819194180133193894377541255380492657423019409180","0","0","1.4950768999230133","16.815482266819724799234","SPARC;FRMPD1;CHRM4;CTNND1;LOXL4;OGDHL;PRDM1;ENO2;SLC4A3;CCND1;CDH1;SALL4;DHX58;RPS6KA1;MACROD1;HOXA1;SOX9;TNS3;EOMES;MAGI1;SRRM3;MSX2;PAQR5;CACNA2D1;IGFBP3;TMOD2;EBF4;OVOL1;HSPG2;LEMD1;FOXP1;INPP4B;FRMD5;BCAM;DEPDC1B;RUFY4;LACTB2;PARD3;DDIT4;SLC9A9;ADPRH;RIN1;ABCG1;SKAP2;EPHA2;NOTCH1;COL13A1;INSIG2;DAPP1;KRCC1;AK7;ZFP36L1;SOCS3;SYNGR1;LDHA;FAM43A;S100A14;FADD;FAM83B;NGFR;TMEM120B;SYT3;XRCC4;LIF;ZBTB12;PARP16;BMP7;POU2F3;LRP1B;NFATC4;BMP4;BST1;NR4A1;LIN28A;PPP1R1A;BAMBI;LRFN1;NMU;CHMP2B;PIR;SPIRE2;ID3;CSPG5;AMOTL2;CCNJL;FANK1;COL18A1;NRP2;MAST4;ONECUT3;HSPB8;DYSF;TNFAIP2;HMGB3;SLC2A3;GRIK2;SIPA1L2;OPLAH;PITPNC1;MMP20;GLI2;TRIM6;AIFM1;BDKRB2;TIMP3;GALNT9;DACT1;GPR39;FGFBP1;CHST7;CAMK1D;TESC;DENND2A;NOG;NAV2;TMC5;CBFA2T3;DUSP6;ARL4C;VCAN;MRPL51;MDFIC;HKDC1;CCDC40;SMARCD1;SEMA3D;POMP;PRR5L;PRICKLE1;HMGCR;CRIP1;APOLD1;FGD2;ABLIM3;MGAT5B;HAS3;LRIG1;CSMD3;TRIM44;LEKR1;IRX3;SYT13;KLF7;SBK1;PIK3IP1;NOVA2;TCEA3;PCYOX1L;SPRY2;FRK"
"ESR1","ESR1 26153859 ChIP-Seq T47D Human Breast Carcinoma","144/1452","0.00001530880688901447978758803281085221215107594616711139678955","0.00011915617733201991346441567243275017062842380255460739136","0","0","1.5015749114791137","16.648084595415230779736","EHF;PATJ;LRR1;COL12A1;RORC;SPATA20;GALNT10;FAM107B;CCT6B;HERC5;GCSH;ARHGAP40;TRIM29;PALM;MACROD1;KPNA2;SLC25A45;HMGN2;TNS3;TNS2;SRRM3;IK;S100A2;MSX2;KRT8;MAT1A;VWA5B2;OVOL1;SRCIN1;ANK1;KIAA1217;CACNB3;CLDN3;S100A4;CLPSL2;CFAP61;IDI1;SLC45A3;SLC26A1;MINDY1;NPR3;PDGFB;CHRD;CACNA1D;PIK3R1;PRDM10;AK7;LTBP1;INAVA;FBLN5;ZFP36L1;LCN12;RHPN1;FAM43A;THEM6;ARSG;CHST14;FADD;ATP5MG;DECR1;S100A10;TMEM120B;CDK18;AMBP;ABCA3;MCAM;TMEM132A;NR2F2;NR1D1;POU2F3;SYT7;NR4A1;PPFIBP2;DLG5;SPIRE2;AMOTL2;MELTF;RCOR2;PAM;DHRS13;CPM;COL18A1;SERPINA1;DDX46;CITED2;GRIK4;SECTM1;KRT23;ECSIT;OPLAH;JPH2;TUBA1B;NUF2;PMEPA1;ANXA9;MAN2C1;CCR3;RBBP8NL;ARFGEF3;TMC1;PLEKHG5;TMC6;DUSP6;EPN3;RNF144B;ELF3;CHDH;ALDOA;TRIM55;ARHGEF6;CCDC40;LAMA5;GRAMD1B;SMARCD1;RBM47;SEMA3B;ZBTB42;CAMKK1;THSD4;PSMB6;POLD4;PSMB3;TRA2A;MICALL2;MAL2;PCDH1;APBB3;TRIM44;NQO1;BRF1;F10;MACC1;SAMD4A;PLEKHA6;KAZALD1;GRHL2;DHRS3;MPP7;SH3RF2;EEPD1;KRT18;SPRY2;CHPT1;PIK3AP1"
"TCFCP2L1","TCFCP2L1 18555785 Chip-Seq ESCs Mouse","149/1513","0.00001556553383926349915975483051422401103991433046758174896240","0.00011991814335350960433936723381620481632126029580831527710","0","0","1.4909798485855437","16.505820037495134045002","EHF;SERPINE2;IRS1;CHRM4;CTNND1;IKZF2;ABCA12;SLC4A3;BZW1;FAM107B;RGS4;GPR176;GRB14;ARHGAP40;MPZ;SALL4;RPS6KA1;NEK2;CHAC1;HMCN1;PRKACB;PPFIA4;TGM2;NHLRC3;LMO4;VASH2;EBF4;LEMD1;SLC9A2;OLFM1;CACNB2;FRMD5;SPATA17;CACNB4;LACTB2;MALL;MAML3;TNIK;SCG2;NGEF;SLC45A3;DHX9;SLC45A1;INSIG2;ILDR2;PLD1;GLIS1;NPAS2;ABO;DPP4;ARSJ;HIVEP3;ST8SIA6;TSPAN2;CHST14;TNFSF18;NTNG2;CDK18;RABGAP1L;PSAPL1;COL24A1;PBX3;FHDC1;BMP7;PBX1;DCLK1;LRP1B;BMP2;NOSTRIN;BCL2;SP5;PAM;BCL2L1;ITM2C;ARHGAP11A;NRP2;FHL2;HNF4G;DBI;RND3;RYR3;GLI2;JPH2;NUF2;DNER;PDE4B;PMEPA1;CPXM1;GPR39;EIF5B;CAMK1D;CCDC34;TBC1D8;GLRX2;F3;SERPINB5;PARD3B;ARL4C;TOX2;PLCB4;MMP16;ELF3;BANK1;FJX1;ST6GALNAC5;CD44;CRB2;PRIM2;CAMK2D;PRKAA2;SLC20A1;SYNPO2;RGS16;NDUFB3;CXCR4;PRR5L;LIN9;PTGS2;CRYZ;TTN;CHN1;MICALL2;STAT4;SUSD4;PDLIM5;TRIM44;HNRNPA3;GALNT3;KCNB1;KCNIP3;PLEKHA6;SYT13;MERTK;HSPE1;GDAP1;SGPP2;TMEM154;TTLL7;KLF7;CENPF;COL3A1;GATM;CTH;ST7;SARDH;PI15;SPRY1;PTPN7;VIM"
"ATF3","ATF3 27146783 Chip-Seq COLON Human","158/1628","0.00001865534217326617196864094183617055477952817454934120178223","0.00014227053879612081553097946429176090532564558088779449463","0","0","1.4684767442491762","15.990798365973152073138","COL12A1;LOXL4;ALDH1L2;BACH1;FGF2;CHCHD2;HTR7;HEPHL1;PLAU;LIPG;CHAC1;PRKACB;LZTS1;CDK5RAP3;KRT6A;MAGI1;RNF43;IL15RA;S100A2;IGFBP3;FIBCD1;HSPG2;SULT2B1;ACAP3;OLFM2;OBSCN;FANCD2;DDIT4;HAT1;CLIP4;MALL;SNRPF;TNIK;ZFPM1;EPHA2;FICD;INSIG1;EBI3;PDGFB;CHRNA9;DAPP1;GABARAP;SAV1;FUT3;LDHA;TMEM125;RDH12;BLOC1S2;LCN12;SFN;FAM43A;S100A14;SOCS6;GTF2IRD2B;CPA4;PCK2;S100A10;RTBDN;VASP;ST14;MCAM;KLRC4;SIAH1;IL31RA;NR2F2;NR1D1;GPR137C;NFATC4;ABHD15;TCN2;FASN;ID2;NOXA1;NMU;ID3;ITGBL1;AMOTL2;ITM2C;DOCK3;KCNC4;BHLHE41;FHL2;SECTM1;TNFAIP3;ECSIT;PRSS23;PITPNC1;TRIM8;SDR16C5;TUBA1B;HNF4A;DNER;TMEM107;ANXA9;KLF11;ZHX2;HMGCS1;PLEKHG5;NOG;KRT32;AXIN2;TMC5;IL17RC;EPN3;VGF;RTN4RL1;HKDC1;IL1RAPL1;TRNP1;CHI3L2;FAM20C;TAX1BP3;KIFC3;EEF1E1;ALDOA;TRIM55;HBEGF;CRB2;AGPAT5;CAMK2D;PRKAA2;SYNPO2;SEMA3B;PAPLN;CAMKK1;APOLD1;POLD4;MICALL2;STAT4;LRIG1;MAL2;SNCG;LEKR1;HES4;HNRNPA3;TXNRD2;AHNAK2;BMP8A;PLEKHA6;KAZALD1;PLEKHA7;DHRS3;TARBP1;SH3RF2;MAPK11;TFAP4;FRAS1;KRT18;FABP5;PIK3IP1;KRT16;CTH;ZNF219;SPRY1;VIM;NOTUM;RAMP1;SNTB1"
"GATA3","GATA3 24758297 ChIP-Seq MCF-7 Human","158/1629","0.00001927753421160451660198303924786955576564650982618331909180","0.00014554538329761409695684015730421378975734114646911621094","0","0","1.4673927373759130","15.930852221076952091039","KCNG3;IL1RN;TES;SPARC;IRS1;COL12A1;RORC;CPOX;IKZF2;ABCA12;DOCK11;GRB14;ARHGAP40;CDH1;FTH1;MACROD1;HOXA1;HMCN1;SOX9;KPNA2;ACAD11;MAGI1;RNF43;LAG3;MSX2;PAQR5;DAPK1;IGFBP3;KRT8;NPY1R;MAT1A;DKK1;KIAA1217;SULT2B1;SPATA17;ADCY9;DDIT4;HAT1;CLIP4;MAML3;CTXN1;CFB;INSIG2;GPR87;INSIG1;TACSTD2;CHRD;PIK3R1;PLD1;LTBP1;EFNB2;WNT6;SDCBP;EBP;CHST12;ZBED2;ST8SIA6;FAM43A;KCNN4;FAM83B;DECR1;PCK2;FDFT1;S100A10;CDK18;CRIM1;NR2F2;NMI;LSM5;BMP7;BMP4;ATG16L2;DLG4;FASN;SPIRE2;ANP32E;ID3;COL9A3;DEGS2;CPEB4;MAP3K12;ITM2C;CITED2;SLC44A2;KCNC3;KCNC4;CITED4;SLC2A3;PRSS23;LFNG;TRIM8;JPH2;RASGEF1C;SCRN2;TMEM107;ANKRD1;BDKRB2;ANXA9;TTC23L;TMED4;TMC1;ABCC3;GPR39;ZHX2;PLLP;USP44;TBC1D8;BTN3A3;GLRX2;KRT32;PARD3B;VAMP8;PSMA4;B3GNT8;ELF3;IRF1;CKS2;ALDOA;SMPDL3A;TRIM55;MGLL;ARHGEF6;HBEGF;PRPS1;ATL1;RGS16;SEMA3B;PPM1H;SLC5A11;HMGCR;AKAP5;PTGS2;CRIP1;THSD4;ADCY5;POLD4;ABLIM3;CHN1;CSMD3;HES4;CA12;NQO1;GALNT3;MACC1;WNT7A;PLEKHA6;GRHL2;MPP7;TMEM154;SH3RF2;KLF7;PSMC6;KRT18;HNRNPA2B1;CHPT1;PTPN7;GRINA;TMEM229B"
"TP53","TP53 18474530 ChIP-ChIP U2OS Human","78/687","0.00002023773855403391191748116439974580771377077326178550720215","0.00015128210503262973511857947261916024217498488724231719971","0","0","1.7275747508305648","18.671561311228909829651","EHF;DGKE;NRP2;TES;RAB3A;CITED2;FHL2;SLC2A1;GRIK2;PRDM1;ABCA12;TSPAN12;FGF2;RYR3;PLB1;CCND1;TRIM29;LIPG;PAPOLA;LZTS1;DENND2D;SLC15A1;S100A2;DAPK1;DKK1;FOXP1;PARD3B;ADCY9;DDIT4;SPATA18;ST6GALNAC5;TRIM55;EPHA2;NOTCH1;PCNA;LAMA2;INSIG2;GPR87;RGS16;CXCR4;LTBP1;DLL1;KIAA0040;THSD4;BLOC1S2;ARSJ;PDGFC;CASKIN1;GCNT2;IL21R;GCNT3;KCNN4;S100A10;MAP2K6;CMTM7;FOXF1;CYP4F3;CYP51A1;BMP8A;WNT7A;DHRS2;BMP7;DHRS3;MPP7;CENPE;PPFIBP1;BMP2;FABP5;PSAT1;AXL;ID2;ZNF219;RNF182;ID3;NF2;SNTB1;CPEB4;MAP3K12"
"PPARG","PPARG 20887899 ChIP-Seq 3T3-L1 Mouse","249/2774","0.00002116846476720544916274614755113958608490065671503543853760","0.00015631498443828580730517729957540495888679288327693939209","0","0","1.3632814710042434","14.672995738643972885029","TES;SPARC;MAML2;TRAF3IP2;COL12A1;SERPINE1;NUDT1;ENO2;ANTXR2;BACH1;CCT6B;ZFYVE28;GCSH;LIPE;HTR7;FTH1;HOXA1;RTTN;CCNL2;TNS3;DAPK1;KRT8;ACSL5;HSPG2;ADCY9;CYP2U1;RUFY4;LACTB2;PARD3;DDIT4;KCNQ4;KCTD12;SPATA18;PXT1;GPM6A;SLC45A1;GATA6;ENDOD1;TWIST1;PIK3R1;SYNGR1;LDHA;CHST12;ARSJ;PDGFC;HMOX1;HIVEP3;FAM43A;S100A10;CDK18;AFAP1L2;RABGAP1L;IQSEC1;PARP16;NR2F2;NR1D1;PBX1;TCN2;PAH;NMU;ID3;FANK1;RET;FKBP10;CITED2;LRRC39;N4BP2L1;SIPA1L2;PCSK4;OSBPL10;GLI2;TRIM8;ZCWPW1;TRIM6;NUF2;TIMP3;PSENEN;TIGD5;HEG1;DENND2A;TEX14;F3;IL17RC;DUSP6;VAMP8;RNF144B;PLCB4;MDFIC;OAF;FAM20C;PPARG;TAX1BP3;KIFC3;EEF1E1;MGLL;WDR27;GRAMD1B;NFIX;SLC20A1;SYNPO2;PRICKLE1;ADCY5;FGD6;STAMBPL1;PSMB3;STAT4;GCNT2;AOC3;NQO1;GSN;BMP8A;KAZALD1;DHRS3;MPP7;TTLL7;COL3A1;PSMC5;EPGN;FABP5;AXL;PSMC1;PSMC2;HNRNPA2B1;LIMS2;CCL26;ALDH1L1;DGKE;IRS1;CTNND1;IRS2;PRDM1;BZW1;FGF2;FAM107B;EFEMP2;HMGN5;ARHGAP40;PALM;PAPOLA;NEK2;PPFIA4;TGM2;MAGI1;SLC15A1;LMO4;FOXP1;HAT1;S100A3;TNIK;ABCG1;IDI1;INSIG1;NPR3;LIN7A;LTBP2;ZFP36L1;EFNB2;ANKRD24;SRD5A3;CRIM1;CORO2B;BMP7;NAT1;FMC1;BAMBI;CDK3;AMOTL2;BCL2L1;ARHGAP11A;CNTNAP2;CPM;MAST4;ONECUT3;DOCK8;HSPB8;MAST1;DYSF;FHL2;SLC2A1;TNFAIP3;SIX1;DBI;HMGB1;TSPAN12;RND3;ADAMTS2;MCF2L;PDE4B;PMEPA1;ABCD1;GALNT9;ADAMTS7;EIF5B;KLF11;CAMK1D;ITGA3;NDUFC2;MYRIP;ETV6;NAV3;VGF;RTN4RL1;PALLD;COL6A2;EHHADH;COL6A1;NAT8L;RBMS3;RBM47;CAMK2D;LAMA2;SEMA3D;LAMA4;FGL1;RGS16;NDUFB3;POMP;NDUFB2;PPM1H;PRR5L;LIN9;POLD4;SH3TC2;TNKS2;ATOH8;TRA2A;NRIP1;MAN1C1;LRIG1;PCDH1;PDLIM5;TRIM44;LEKR1;HNRNPA3;TAF15;IRX3;MBOAT1;SYT13;KLF7;PSAT1;CTH;RAB13;LNX1;SARDH;SPRY2;VIM;PIK3AP1;SSBP2;FOLR1"
"TBX3","TBX3 20139965 ChIP-Seq ESCs Mouse","85/767","0.00002144669272874609106181546802627480019509675912559032440186","0.00015631498443828580730517729957540495888679288327693939209","0","0","1.6831152718249494","18.093388369701695950198","COL18A1;CALCOCO1;FRMPD1;HSPB8;PRDM1;SIPA1L2;ZDHHC2;SIPA1L3;RND3;GALNT10;GLI2;ADAMTS2;SALL4;HNF4A;MCF2L;RPS6KA1;BDKRB2;HOMER3;MYBL2;SOX9;PRKG1;CD33;DACT1;MAGI1;EOMES;DENND2C;ZHX2;HEG1;IZUMO1;PDE4D;ITGA1;TNFRSF19;ACSL5;ANXA10;AXIN2;OVOL1;WNT16;DKK1;ANK1;LEMD1;ZDHHC14;ARL4C;OLFM1;INPP4B;PALLD;DDIT4;SLC9A9;COL4A6;MCM5;ATF5;ITGA9;COL13A1;FBLIM1;GCNT1;TMTC1;PLD1;PRDM10;LTBP1;PPM1F;THSD4;GLIS2;HAS3;LRIG1;CSMD3;SYT3;YES1;DMRT1;PLCL2;AMMECR1;PLEKHA6;NR1D1;NR2F2;GRHL2;SYT7;NFATC4;BMP4;KLF7;MSRA;DLG4;ID2;CNTN1;CSPG5;ID3;NF2;TMEM19"
"CTNNB1","CTNNB1 20460455 ChIP-Seq HCT116 Human","90/824","0.00002153213030673076125269538305673222566838376224040985107422","0.00015631498443828580730517729957540495888679288327693939209","0","0","1.6573089910005423","17.809383260497575918180","EHF;MAST4;IRS1;CTNND1;DYSF;SECTM1;SPATA20;SIPA1L2;PITPNC1;MMP20;FAM107B;TRIM8;GRM7;PDE4B;DLGAP1;HMGN2;PRKACB;PPFIA4;ZNF365;MAGI1;ABCC3;RNF43;IK;ZHX2;CCDC78;NHLRC3;PAQR5;TESC;ACSL5;NAV2;AXIN2;ANO4;WNT16;CBFA2T3;EPN1;SYTL3;PARD3B;ETV6;SULT2B1;INPP4B;FRMD5;TOX2;PSMA1;NAV3;PALLD;PARD3;MALL;PPARG;ZMYND10;TNIK;GNAZ;CAMK2D;PRKAA2;LAMA2;LAMA4;SLC1A1;PPM1H;ILDR2;LIN9;TTN;C5;ABLIM2;ZNF704;PDGFC;ATOH8;IL21R;ST3GAL6;ARSG;MAP2K6;POLR2L;CMTM7;AFAP1L2;PTPRN2;SYT1;ANKRD24;NR2F2;PBX1;DHRS3;MPP7;MSRA;EEPD1;NR4A1;FRAS1;BCL2;SP5;AMOTL2;PLCH1;PAM;FRK;SNTB1"
"EP300","EP300 21415370 ChIP-Seq HL-1 Mouse","70/600","0.00002224770809032240525366860839362459500989643856883049011230","0.00015997161531612776562416566861202227300964295864105224609","0","0","1.7786360502581853","19.055011016084030472939","FHOD3;NRP2;CSF1;GRIK4;TNFAIP3;SIPA1L2;SIPA1L3;RND3;OSBPL10;MCF2L;DPYSL3;RASSF6;ANKRD1;PDE4B;HOXA1;HMCN1;TNS3;MAGI1;GPR39;IGFBP3;HEG1;PDE4D;TBC1D8;ANXA10;LMO7;AXIN2;WNT16;ANK1;FOXP1;PARD3B;ETV6;ARL4C;CACNB2;MDFIC;VSNL1;PARD3;FEZ2;PPARG;RBMS3;PRIM2;PRKAA2;PCNA;INSIG1;GCNT1;NPR3;CACNA1D;LTBP1;CHST12;CASKIN1;GCNT2;LRIG1;STXBP6;SLIT2;PDLIM5;TRIM44;RABGAP1L;XRCC4;RFTN1;PLEKHA6;GRIN2C;KLF7;FRAS1;SLCO3A1;BAMBI;RCAN2;ID2;NOXA1;PAM;FOLR1;BCL2L1"
"TFAP2C","TFAP2C 20629094 ChIP-Seq MCF-7 Human","108/1034","0.00002301869273874744057490314419478494301074533723294734954834","0.00016395389639390869256432847755888815299840644001960754395","0","0","1.5810034660005403","16.883858450140635909520","KCNG3;SPARC;KLHL30;FAM107B;PLAU;FAM186B;MACROD1;SLC25A45;TNS3;MAGI1;RNF43;ST6GAL1;PAQR5;SERPINF1;LMO7;KIAA1217;OLFM1;ADCY9;MZF1;ZFPM1;GIPR;NPR3;DAPP1;LYPD3;LIN7A;LTBP2;AGAP3;PLD1;ZNF704;HIVEP3;ST8SIA6;ARSG;ATP6V1C2;PROM2;VASP;NGFR;CDK18;PTPRN2;AMMECR1;NR2F2;POU2F3;DCLK1;ANKHD1;LRP1B;PPFIBP2;FASN;DLG5;DCHS1;MKX;MAP3K12;RET;COL18A1;MAST4;ITGB4;FHL2;KRT23;SIPA1L3;KIAA1549;CA2;HNF4A;RASGEF1C;MCF2L;PBK;PMEPA1;TTC23L;TMC1;ABCC3;KLF11;HSP90AA1;ZHX2;CAMK1D;ITGA3;PDE4D;TNFRSF19;TBC1D8;PARD3B;PLCB4;ELF3;CKS2;CDH15;ALDOA;LAMA5;GRAMD1B;PRIM2;CAMK2D;SLC20A1;TMPRSS4;SEMA3B;ADCY5;MICALL2;MAL2;SLC25A21;CSMD3;DMRT1;KCNIP3;LGI3;RFTN1;PLEKHA6;FBXL16;PLEKHA7;EEPD1;TFAP4;FRAS1;NOVA2;LNX1;SARM1;CHPT1;TMEM229B"
"PBX","PBX 27287812 Chip-Seq EMBYONIC-LIMB Mouse","146/1490","0.00002460131659174868054540917527983623358522891066968441009521","0.00017299438913570379383610742252130876295268535614013671875","0","0","1.4809017974778844","15.716382198422520488634","SERPINE1;RORC;FGF2;FGFRL1;NR3C2;IFIT2;HTR6;RINL;HMGN5;HEPHL1;CCND1;FAM186B;DPYSL3;LIPG;MACROD1;NEK2;HOMER3;SOX9;PTGDS;PPFIA4;SCN1B;KCNH2;KCTD19;KIRREL2;DAPK1;SERPINF1;IGFBP3;FIBCD1;OBSCN;CYP2U1;PNLDC1;PARD3;SLC9A9;MALL;KCNQ4;ABCG1;GNAZ;SHC2;GIPR;SLC45A1;IL20RB;MRO;PLD1;DPP4;CACNA1I;RDH12;LCN12;HOXC4;AP1M2;CPA4;SLC10A4;SYT3;PSAPL1;AMBP;BMP7;PBX1;ANKHD1;GPR137C;PAN2;PARP10;NMU;LCN2;ANP32E;COL9A3;PLCH1;LHX5;PLCH2;NF2;RCOR2;SLC26A3;COL18A1;NRP2;TTC22;SLC44A2;SIX1;SIPA1L2;GLI2;LFNG;AIFM3;SIX4;MCF2L;ANKRD1;PMEPA1;TIMP3;DLGAP1;RSPO1;CD33;GALNT9;TTC23L;ABCC3;DENND2C;GPR35;TUBG2;DUSP6;C1QL1;VAMP8;EPN3;VCAN;ZEB1;MMP16;NAV3;HKDC1;MMP17;SDHAF1;IL1RAPL1;MVD;CDH15;PLCB2;ST6GALNAC5;TRIM55;ITGA9;SAMD5;PTGER4;SMARCD1;LAMA2;SYNPO2;FGL1;PAPLN;PPM1H;SLC5A11;HSD17B14;PRICKLE1;UQCR10;THSD4;THBS4;FGD2;TTN;CCL5;MGAT5B;KLRG2;TRIM44;GSN;BRF1;KCNJ11;DMRT1;DONSON;SYT13;FBXL16;PLEKHA7;TARBP1;TMEM154;SH3RF2;EEPD1;PSMC1;VIM;GRINA"
"TBX3","TBX3 20139965 ChIP-Seq MESCs Mouse","85/770","0.00002474621725384901853284601302984668791395961306989192962646","0.00017299438913570379383610742252130876295268535614013671875","0","0","1.6754632229084785","17.771366844399107520758","COL18A1;CALCOCO1;FRMPD1;HSPB8;PRDM1;SIPA1L2;ZDHHC2;RND3;SIPA1L3;GALNT10;GLI2;ADAMTS2;HNF4A;SALL4;MCF2L;RPS6KA1;BDKRB2;MYBL2;HOMER3;SOX9;CD33;PRKG1;DACT1;EOMES;MAGI1;DENND2C;ZHX2;HEG1;IZUMO1;PDE4D;ITGA1;TNFRSF19;ACSL5;ANXA10;AXIN2;OVOL1;WNT16;ANK1;DKK1;LEMD1;ZDHHC14;ARL4C;OLFM1;INPP4B;PALLD;DDIT4;SLC9A9;COL4A6;MCM5;ATF5;ITGA9;COL13A1;FBLIM1;GCNT1;TMTC1;PLD1;PRDM10;LTBP1;PPM1F;THSD4;GLIS2;HAS3;LRIG1;CSMD3;SYT3;YES1;DMRT1;PLCL2;PLEKHA6;AMMECR1;NR2F2;NR1D1;GRHL2;SYT7;NFATC4;BMP4;MSRA;KLF7;DLG4;ID2;CNTN1;ID3;CSPG5;NF2;TMEM19"
"FOXM1","FOXM1 32153563 ChIP-Seq SKOV3 Human Ovary OvarianCancer","26/154","0.00002774032000187064250893050065815970128824119456112384796143","0.00019214625322396639917413296849701964674750342965126037598","0","0","2.7075022563176896","28.408802091695683600392","CALCOCO1;NRP2;CAMK2D;SPARC;CEBPD;ITGB4;LAMA3;FGF2;C3;THBD;PLAU;CA2;KCNN4;TGM2;FGFBP1;ITGA3;CRIM1;IFI27;SLPI;OAS1;AXL;CTH;LCN2;FKBP9;CFB;CDKN3"
"POU5F1","POU5F1 18347094 ChIP-ChIP MESCs Mouse","151/1555","0.00002817503913433864323940560014936096422388800419867038726807","0.00019338322314932431065376272627531761827412992715835571289","0","0","1.4668605571383349","15.368406764803491881821","EHF;DGKE;SPARC;TRAF3IP2;IRS1;NUDT1;IKZF2;BACH1;ENO3;GRIP1;FGF9;CDH1;SALL4;LIPG;NEK2;ENPP3;SOX9;HMGN2;TNS3;TGM2;EOMES;MAGI1;ARSA;SLC15A1;KIRREL2;LMO4;CACNA2D1;ACSL6;DKK1;LEMD1;FOXP1;SLC9A2;CLDN3;CACNB4;LACTB2;PARD3;DDIT4;SLC9A9;COL4A6;COL4A5;GEMIN7;EPHA2;NOTCH1;FBLIM1;NXPH3;EBI3;IL20RA;CACNA1D;GABARAP;FBLN5;ZFP36L1;SOCS3;SYNGR1;PRDX1;PDGFC;HIVEP3;RABGAP1L;ACBD4;HTR1B;POU2F3;BMP4;GJB2;FASN;ID2;CDK3;NMU;BCL2;RNF182;ID3;LAMC3;CITED2;FHL1;ONECUT1;CITED4;DYSF;GRIK4;HMGB3;MSLN;TSPAN12;RND3;PITPNC1;TRIM8;ZCWPW1;MCF2L;PBK;CNGA1;DLGAP1;HORMAD2;MYBL2;RSPO1;MAN2C1;DACT1;EIF5A;DENND2C;FGFBP1;HSP90AA1;CAMK1D;ITGA3;PLLP;PLEKHG5;HEG1;USP44;ITGA1;TNFRSF19;GLRX2;AXIN2;TMC5;KCNAB3;RENBP;DUSP6;ZDHHC14;MMP14;MDFIC;KIFC3;FJX1;AGPAT5;LAMA5;GRAMD1B;SMARCD1;PRKAA2;IDUA;SEMA3D;RGS16;NDUFB3;SLC5A11;CXCR4;HMGCR;DLL1;ADCY5;TTN;MGAT5B;NRIP1;HAS3;STAT4;GCNT2;SLC25A21;PDLIM5;AOC3;TRIM40;FBXL13;PLEKHA7;DHRS3;KLF8;KLF7;PSMC5;NUDT7;ST7;TCEA3;TLL2;SPRY2;LTBR"
"STAT5A","STAT5A 24692510 ChIP-Seq Epithelium Mouse Mammary","185/1977","0.00002992228059541611999297763824223750361852580681443214416504","0.00020287537955543817050005350743901999521767720580101013184","0","0","1.4144088826905150","14.733766052137267976718","SLC27A1;EHF;RAB3A;SPARC;SERPINE1;CTNND1;RORC;IKZF2;PLB1;GCSH;LIPE;HERC3;ARHGAP42;HEPHL1;FTH1;LIPG;DHX58;RPS6KA1;MACROD1;PAPOLA;ENPP3;TNS4;TNS3;KRT6A;RNF43;IL15RA;SLC15A2;NHLRC3;LMO4;MITF;MOB3B;GPRIN3;INPP4B;SLPI;FEZ2;SLC9A9;TRIM15;FSCN2;MAML3;TNIK;SLC45A3;NOTCH1;ARHGEF28;PDGFB;DAPP1;CD99L2;PIK3R1;PLD1;GABARAP;NPAS2;INAVA;GLIS2;SAV1;ZFP36L1;C3;FAM221A;SOCS3;LDHA;CRACR2B;HIVEP3;NCKAP1L;STXBP6;BCL2L15;ATP6V1C2;PROM2;TNFSF18;RABGAP1L;COL24A1;ANKRD24;MEIG1;SRD5A3;TMEM132A;PARP16;SNF8;NMI;PBX1;DCLK1;PAN2;BST1;MAP3K15;TCN2;ID2;DLG5;NOXA1;LCN2;PIR;CREBRF;AMOTL2;RCOR2;ITM2C;ARHGAP11A;DHRS13;NRP2;DOCK4;TTC22;SLC44A2;DOCK8;KCNC4;CITED4;SLC2A1;SIPA1L2;OPLAH;SIPA1L3;OSBPL10;LFNG;THBD;SDR16C5;TRIM6;DBP;SEC61G;CASP4;PBK;PDE4B;CTSH;MYBL2;TK1;MAN2C1;RBBP8NL;ARMH1;EIF5A;GPR39;FGFBP1;SYK;GPR35;TNNC1;ITGA1;TNFRSF19;TBC1D8;TEX14;NAV2;NME5;SERPINB5;ETV6;RNF144B;ELF3;NAV3;MDFIC;CHDH;IRF1;EHHADH;CLDN18;PPARG;MVD;KIFC3;EEF1E1;PLCB2;TRIM55;HBEGF;GRAMD1B;RBM47;CAMK2D;PRKAA2;NFIX;CEBPD;MTFP1;SLC20A1;LAMA4;PTAFR;TMPRSS4;GCNT1;PRICKLE1;FGD2;TTN;STAMBPL1;TNKS2;OXCT1;PCED1B;MICALL2;GCNT2;PCDH1;CD72;GSN;GALNT3;KCNIP3;PLEKHA6;GRHL2;NUDT7;PSMC6;NOL4L;PER3;TFAP4;FOLR1;FRK;IL18R1;SNTB1"
"TCF3","TCF3 18467660 ChIP-ChIP MESCs Mouse","103/982","0.00003009542054332327475009607742340023150973138399422168731689","0.00020287537955543817050005350743901999521767720580101013184","0","0","1.5865697397306502","16.517995775871646912947","FHOD3;CSF1;ZDHHC2;FGFRL1;GALNT10;GPR176;HTR7;FGF9;PLAU;CCNL2;MAP3K5;KCNH2;EOMES;LMO4;CACNA2D1;IGFBP3;CASK;SLC9A2;OLFM1;CACNB2;CLDN3;FNDC4;ADCY9;PARD3;KCTD12;GEMIN7;NPTXR;CLOCK;CTXN1;GNAZ;BRSK1;FBLIM1;NPR3;ENDOD1;FOXO6;KLHL13;HIGD1A;NPAS2;SAV1;ZFP36L1;WNT6;PDGFC;TSPAN2;PBX3;AMMECR1;NR2F2;BMP7;POU2F3;LRP1B;BMP2;GJB2;FASN;AMOTL2;RET;GPSM1;NRP2;ONECUT3;DOCK8;KCNC4;ONECUT1;CITED4;HMGB3;SIX1;TRIM8;BCL7A;TIMP2;RSPO1;PRKG1;DACT1;DENND2C;HSP90AA1;TESC;AXIN2;MYRIP;KIFC3;CDH15;HBEGF;PELI2;SLC5A11;DLL1;ADCY5;ABLIM2;OXCT1;NRIP1;HAS3;MAN1C1;LRIG1;MAP4K5;TRIM44;TBX1;DMRT1;KCNB1;PTGES3;PLCL2;BMP8A;DONSON;DHRS4;SBK1;FKBP1B;TCEA3;SPRY2;SPRY1;SNTB1"
"MNX1","MNX1 26342078 ChIP-Seq MIN6-4N Mouse","149/1533","0.00003051285601009408841866044070911812013946473598480224609375","0.00020386908219133663172813186736931356790591962635517120361","0","0","1.4677277328398817","15.260497223052995607873","SLC27A1;SPARC;SERPINE2;TRAF3IP2;STMN3;ZDHHC8;IKZF2;FGF2;GRIP1;NRBP2;SYDE1;FGF9;FAM186B;PSMD1;NRTN;HOMER3;SOX9;PTGDS;TNS3;MAP3K5;TMPO;EOMES;MAGI1;SRRM3;CCDC154;NHLRC3;DAPK1;RALGAPA1;CACNA2D1;SERPINF1;IGFBP3;FIBCD1;VASH2;VASH1;OVOL1;LEMD1;FRMD5;EID3;OBSCN;CYP2U1;LACTB2;CLIP4;PXT1;GNAZ;CUL7;SLC45A3;COL13A1;ALOX15;TWIST1;C2CD4C;NPAS2;SOCS3;CACNA1I;ARSG;FDFT1;MAP2K6;VASP;EGR3;PTPRN2;SYT1;IQSEC1;GLMN;IL31RA;CYBRD1;NR1D1;PBX1;GPR137C;PARP10;BMP2;ID3;RCOR2;FKBP10;COL18A1;NRP2;ITGB4;ONECUT3;LAMC3;CITED2;ONECUT1;CITED4;SLC2A1;HOXC13;OPLAH;GLI2;ADAMTS2;RASGEF1C;SCRN2;DNER;BDKRB2;PMEPA1;DLGAP1;CPXM1;HORMAD2;EIF5B;HSP90AA1;AMN;CCDC34;ITGA3;USP44;ANO8;GLRX2;KREMEN2;TUBG2;AXIN2;VSNL1;RTN4RL1;CHDH;COL6A2;COL6A1;NAT8L;FJX1;HBEGF;CCDC40;SMARCD1;TUBAL3;HSD17B14;PDXP;PRICKLE1;ADCY5;AP3M2;FGD6;TNKS2;CCL5;SPOCK2;MGAT5B;MAN1C1;CSMD3;TBX1;TRIM40;WNT7B;PTGES3;LGI3;EYA4;PLCL2;HAGHL;PLEKHA6;DHRS2;CENPF;DES;PDE10A;PIK3IP1;KRT16;SPRY2;CHPT1;PTPN7;SYCP3;SSBP2;FRK;SNTB1"
"NANOG","NANOG 18555785 Chip-Seq ESCs Mouse","148/1522","0.00003174967859411502658006573596161103978374740108847618103027","0.00021027199419786703768822655469250548776471987366676330566","0","0","1.4681778211116758","15.206839643880323720282","EHF;SERPINE2;IRS1;CHRM4;CTNND1;IKZF2;ABCA12;SLC4A3;BZW1;KLHL30;FAM107B;RGS4;GPR176;GRB14;MPZ;SALL4;NEK2;CHAC1;HMCN1;PRKACB;PPFIA4;TGM2;IL15RA;NHLRC3;LMO4;VASH2;EBF4;LEMD1;SLC9A2;CYP27A1;OLFM1;CACNB2;FRMD5;SPATA17;CACNB4;RUFY4;LACTB2;MAML3;TNIK;SCG2;NGEF;SLC45A3;NOTCH1;DHX9;INSIG2;ILDR2;PLD1;GLIS1;NPAS2;ABO;DPP4;ARSJ;PDGFC;NPHP1;ST8SIA6;TSPAN2;CHST14;SLC10A4;TNFSF18;CDK18;RABGAP1L;COL24A1;PBX3;NR2F2;FHDC1;BMP7;PBX1;LRP1B;BMP2;NOSTRIN;BCL2;SP5;PAM;ITM2C;ARHGAP11A;NRP2;DYSF;FHL2;DBI;RND3;RYR3;GLI2;JPH2;NUF2;DNER;PDE4B;PMEPA1;SPEG;CPXM1;GPR39;EIF5B;CAMK1D;CCDC34;TBC1D8;GLRX2;TMEM150C;SERPINB5;PARD3B;ARL4C;TOX2;PLCB4;MMP16;ELF3;BANK1;FJX1;ST6GALNAC5;CD44;CRB2;PRIM2;CAMK2D;PRKAA2;SLC20A1;SYNPO2;RGS16;NDUFB3;CXCR4;PRR5L;LIN9;PTGS2;CRYZ;TTN;CHN1;STAT4;SUSD4;TRIM44;LEKR1;HNRNPA3;GALNT3;KCNB1;PLEKHA6;SYT13;MERTK;HSPE1;GDAP1;SGPP2;TMEM154;CENPE;KLF7;CENPF;COL3A1;GATM;FABP5;CTH;SARDH;PI15;PTPN7;VIM;IL18R1"
"CDX2","CDX2 20551321 ChIP-Seq CACO-2 Human","47/360","0.00003255737524973281022105248139197897216945420950651168823242","0.00021270242309007344420207497037722532695624977350234985352","0","0","2.0119644346172225","20.788635865645197497997","RTN4R;SPARC;COL13A1;CITED2;FGL1;PLEKHB1;TMPRSS4;GATA6;GRIK4;TNFAIP3;PIK3R1;HOXC11;SIPA1L3;PLB1;DPP4;CCND1;HNF4A;SALL4;DPYSL3;MAN1C1;HOXC4;DLGAP1;SLIT2;CDK5RAP3;TGM2;ABCC3;GPR39;ST14;PTPRN2;KRT8;NR2F2;AXIN2;NAV2;ANK1;KAZALD1;DUSP6;DHRS3;FOXP1;SULT2B1;ELF3;DLG5;HKDC1;DDIT4;MALL;SPRY2;SPRY1;BCL2L1"
"SMAD3","SMAD3 21741376 ChIP-Seq HESCs Human","103/984","0.00003268010738867353434395496281084092515811789780855178833008","0.00021270242309007344420207497037722532695624977350234985352","0","0","1.5827892268654955","16.348224733275937836652","FHOD3;EHF;CTNND1;OGDHL;PRDM1;GRPR;GALNT10;CCT6B;GRIP1;TRIM29;PAPOLA;HMCN1;PPFIA4;LZTS1;EOMES;MAGI1;S100A2;HNF1B;VASH1;FOXP2;DDIT4;CLIP4;GEMIN7;SNRPF;TNIK;EPHA2;PXT1;NOTCH1;SLC1A1;GATA6;IL20RA;CACNA1D;TMTC1;LTBP2;SLC6A20;SOCS6;MAP2K6;KCNF1;TMEM132B;MEIG1;CORO2B;BMP7;DCLK1;HNRNPM;BMP2;PLCH1;CPEB4;BCL2L1;CNTNAP2;SYNM;LAMC3;DOCK8;HSPB8;SIPA1L2;RYR3;MMP20;MRC2;HNF4A;ANKRD1;PDE4B;PMEPA1;TMC1;GPR39;ZHX2;CCDC34;TESC;PDE4D;AXIN2;TMC5;ETV6;TOX2;NAV3;RTN4RL1;PALLD;EHHADH;C1D;CLDN18;HNRNPH3;ITGA9;SLC20A1;LAMA3;GCNT1;PPM1H;CXCR4;APOLD1;GNG4;NRIP1;STAT4;GCNT2;LRIG1;REPS2;PCDH1;KCNB1;MACC1;PLEKHA7;DHRS3;TARBP1;KLF7;PDE10A;LNX1;SPRY2;IL18R1;CDKN3"
"P300","P300 18555785 Chip-Seq ESCs Mouse","146/1499","0.00003324844720778978606661249739495644917042227461934089660645","0.00021455194565710503096234162967448355630040168762207031250","0","0","1.4702832820638665","15.160829727639283603935","EHF;SERPINE2;IRS1;CHRM4;IKZF2;ABCA12;SLC4A3;BZW1;FAM107B;RGS4;GPR176;GRB14;ARHGAP40;MPZ;SALL4;PSMD1;NEK2;OIP5;CHAC1;HMCN1;PPFIA4;TGM2;IL15RA;LMO4;VASH2;EBF4;LEMD1;SLC9A2;CYP27A1;OLFM1;CACNB2;FRMD5;SPATA17;CACNB4;RUFY4;LACTB2;MALL;TNIK;SCG2;NGEF;SHC4;SLC45A3;DHX9;INSIG2;FOXO6;ILDR2;NPAS2;ABO;ARSJ;NPHP1;ST8SIA6;TSPAN2;CHST14;PROM2;ABCA1;TNFSF18;CDK18;GGT7;RABGAP1L;MEIG1;PBX3;BMP7;PBX1;DCLK1;ELL3;LRP1B;BMP2;NOXA1;BCL2;SP5;PAM;BCL2L1;ITM2C;ARHGAP11A;NRP2;HSPB8;FHL2;HNF4G;DBI;RND3;RYR3;GLI2;THBD;NUF2;DNER;PMEPA1;SPEG;CPXM1;MYBL2;GPR39;EIF5B;CAMK1D;CCDC34;GPR35;TBC1D8;GLRX2;F3;SERPINB5;PARD3B;ARL4C;TOX2;PLCB4;ELF3;FJX1;CD44;CRB2;PRIM2;CAMK2D;SLC20A1;RGS16;NDUFB3;CXCR4;PRR5L;LIN9;PTGS2;CRYZ;STAT4;SUSD4;EPS8L3;TRIM44;HNRNPA3;SLC12A5;GSN;GALNT3;KCNB1;KCNIP3;PLEKHA6;SYT13;MERTK;HSPE1;GDAP1;SGPP2;TMEM154;KLF7;CENPF;COL3A1;GATM;DES;CTH;TRMT6;SARDH;PI15;PTPN7;VIM;RAMP1;IL18R1"
"CEBPB","CEBPB 20176806 ChIP-Seq THIOMACROPHAGE Mouse","120/1189","0.00003809580224656580982279738267770596849004505202174186706543","0.00024374856522167107379314709980633324448717758059501647949","0","0","1.5233910522513563","15.501123152900536439347","SH3GL3;ENO3;GALNT10;EFEMP2;SLC25A45;TMPO;IL15RA;ST6GAL1;LMO4;VASH2;ANK1;GRIP2;INPP4B;AZGP1;ADCY9;RUFY4;S100A4;FSCN2;ZFPM1;NGEF;NOTCH1;FBLIM1;CHRNA9;IL20RB;C2CD4C;PLD1;GABARAP;NPAS2;SDCBP;CCNB1;CHST12;SEC14L5;GAR1;NCKAP1L;STXBP6;ABCA2;GSTM2;ACBD4;AMBP;MCAM;GPR137C;ABHD15;EFNA2;LIN28A;TCN2;ANP32E;CPEB4;BCL2L1;RET;GPSM1;DHRS13;TTC24;DOCK8;BHLHE41;TNFAIP3;GPT;HMGB1;PRSS23;ORM2;SIPA1L3;SHD;SGSH;LFNG;TRIM8;THBD;JPH2;TUBA1B;CASP4;ANXA9;FGFBP3;CCR3;ADAMTS7;ABCC3;ZHX2;TNNC1;TBC1D8;AMT;TMC8;TEX14;KCNAB3;CBFA2T3;SERPINB5;ETV6;MDFIC;RTN4RL1;CDH15;AGPAT5;SMARCD1;RBM47;SLC20A1;GCNT1;SEMA3B;PAPLN;PDXP;PSMB6;POLD4;STAMBPL1;OXCT1;TRA2A;STAT4;MAN1C1;GCNT2;GCNT3;ROMO1;MAP4K5;MPZL2;CGREF1;TAF15;GSN;F10;MERTK;DHRS2;FABP5;ST7;PI15;CHPT1;VIM;CDKN3;GRINA;TMEM229B"
"KLF4","KLF4 26769127 Chip-Seq PDAC-Cell Line Human","160/1678","0.00004196318220974383907204835475468485128658358007669448852539","0.00026623699637274450026380723244301407248713076114654541016","0","0","1.4383012693929178","14.496232804345256184320","RAB3A;MAML2;IRS1;SERPINE1;CTNND1;LOXL4;ICAM5;BACH1;HTR7;PLAU;SALL4;LIPG;NEK2;SOX9;SLC25A45;PRKACB;KRT6A;IL15RA;S100A2;IGFBP3;AKR1E2;APLP1;KRT8;ACSL5;HSPG2;ACAP3;BCAM;DEPDC1B;SCNN1D;PPP1R3E;PARD3;DDIT4;CLIP4;S100A4;KCTD12;MAML3;RIN1;EPHA2;SLC45A3;FBLIM1;DHX9;INSIG1;CLCNKB;GATA6;TACSTD2;LYPD3;PPL;SAV1;EFNB2;LDHA;PRDX1;SEC14L5;SFN;HIVEP3;ST8SIA6;TSPAN2;ST3GAL6;FADD;PCK2;TNFSF18;CDK18;ST14;TNFRSF9;NR2F2;NMI;CORO2B;PBX1;NFATC4;BAMBI;ANP32E;ID3;ITGBL1;COL9A3;COL9A2;RCOR2;COL18A1;NRP2;SERPINA1;ITGB4;TTC22;HSPB8;KCNC4;RASGRF1;CITED4;BHLHE41;SLC2A1;SIX1;TRIM8;SDR16C5;BCL7A;SIX4;ANKRD1;ABCD1;DLGAP5;EIF5A;ZHX2;CAMK1D;TESC;PLEKHG5;TBC1D8;GLRX2;KRT32;AXIN2;F3;VAMP8;ARL4C;MMP14;TOX2;VCAN;ELF3;OAS1;IRF1;HKDC1;RNF207;TRNP1;FJX1;RBM47;PRKAA2;PAPLN;SLC5A11;ZBTB42;SNX33;LIN9;PTGS2;CAMKK1;CRYZ;POLD4;GPR153;SPOCK2;NRIP1;HAS3;MAN1C1;SNCG;EPS8L3;PCDH1;MUC4;HES4;TM4SF18;KCNJ11;EYA4;AHNAK2;AKR1C3;ZNF804A;SORL1;KAZALD1;SGPP2;PLEKHA7;DHRS3;PER3;TFAP4;KRT18;MYO15B;TCEA3;RAB13;TLL2;SPRY2;CHPT1;SPRY1;PIK3AP1;FOLR1"
"STAT3","STAT3 18555785 Chip-Seq ESCs Mouse","145/1495","0.00004354980914496360278878248073475276669341837987303733825684","0.00027400088253706262773554125367070355423493310809135437012","0","0","1.4625563161898074","14.686413164220148530603","EHF;SERPINE2;CSF1;IRS1;CHRM4;IKZF2;ABCA12;SLC4A3;BZW1;KLHL30;FAM107B;RGS4;GPR176;ARHGAP40;MPZ;SALL4;PSMD1;NEK2;CHAC1;HMCN1;PPFIA4;TGM2;IL15RA;VASH2;EBF4;LEMD1;SLC9A2;CYP27A1;OLFM1;CACNB2;FRMD5;SPATA17;CACNB4;SLPI;LACTB2;MALL;MAML3;SCG2;NGEF;SLC45A3;NOTCH1;DHX9;SLC45A1;INSIG2;DAPP1;ILDR2;NPAS2;ABO;DPP4;NPHP1;ST8SIA6;PROM2;TNFSF18;CDK18;GGT7;RABGAP1L;COL24A1;PBX3;CYBRD1;BMP7;PBX1;LRP1B;BMP2;NOXA1;NOSTRIN;BCL2;SP5;PAM;BCL2L1;ITM2C;ARHGAP11A;NRP2;LAMC3;KCNC4;FHL2;SLC2A1;DBI;RND3;RYR3;GLI2;JPH2;NUF2;DNER;SPEG;CPXM1;SH3D19;DENND2D;GPR39;EIF5B;CAMK1D;CCDC34;GPR35;TBC1D8;GLRX2;F3;SERPINB5;PARD3B;ARL4C;TOX2;PLCB4;ELF3;FJX1;TRIM55;CD44;CRB2;PRIM2;SLC20A1;RGS16;NDUFB3;CXCR4;PRR5L;LIN9;PTGS2;TTN;CHN1;STAT4;SUSD4;EPS8L3;PDLIM5;TRIM44;HNRNPA3;GSN;GALNT3;KCNB1;KCNIP3;PLEKHA6;SYT13;MERTK;HSPE1;GDAP1;SGPP2;TTLL7;KLF7;CENPF;COL3A1;GATM;DES;FABP5;CTH;TRMT6;SARDH;PI15;PTPN7;RAMP1;IL18R1"
"GATA2","GATA2 19941826 ChIP-Seq K562 Human","155/1618","0.00004410985031518087752609030838257808682101313024759292602539","0.00027523088419802946985592839723722136113792657852172851562","0","0","1.4446201636111122","14.487846333296008793923","KCNG3;EHF;TES;MAML2;CSF1;ARL6IP1;CPOX;LOXL4;ICAM5;PRDM1;GALNT10;CCT6B;ZFYVE28;GRIP1;CHCHD2;RINL;HEPHL1;CDH1;FTH1;NEK2;HMCN1;HMGN2;PPFIA4;MAP3K5;TGM2;KCNH2;MAGI1;IL15RA;ST6GAL1;DAPK1;ADAM11;ACSL6;KRT8;CASK;MITF;MAT1A;HSPG2;ANK1;SLC9A2;SULT2B1;OXA1L;OLFM2;CLDN3;OBSCN;NUP210L;DDIT4;KCNQ4;COL4A5;TNIK;ZFPM1;EMID1;CFB;EPHA2;SLC45A3;FICD;DHX9;SLC45A1;CLCNKB;GATA6;ENDOD1;CHRNA9;DAPP1;PIK3R1;MRO;KRCC1;LTBP1;ZFP36L1;CACNA1I;EBP;CHST12;ST8SIA6;STXBP6;TNFSF18;TMEM120B;RABGAP1L;IQSEC1;NR2F2;L1CAM;GP6;CDK3;DLG5;NOSTRIN;RNF182;SP5;CPEB4;BCL2L1;DHRS13;COL18A1;CNTNAP1;SLC44A2;DOCK8;CITED4;FHL2;SLC2A1;SECTM1;TNFAIP3;PITPNC1;LYL1;ATP7B;HEPH;TMEM107;TIMP3;MYBL2;GPR39;ZHX2;HMGCS1;GPR35;PLLP;TESC;TEX14;TMC6;NAV2;TMC5;F3;CBFA2T3;DUSP6;EPN1;ZDHHC14;PARD3B;PLCB4;B3GNT8;ELF3;C1D;CHST2;ENG;CRB2;ZNF474;SAMD9;SLC20A1;PTAFR;PPM1H;CRIP1;FGD2;POLD4;FGD6;MICALL2;GCNT2;MPZL3;IL12RB2;CDRT4;SAMD4A;MBOAT1;FBXL13;PLEKHA7;DHRS3;TARBP1;TTLL7;SLC25A37;ST7;CHPT1;SPRY1;PTPN7;PIK3AP1;IL18R1;CCL26"
"ELF3","ELF3 26769127 Chip-Seq PDAC-Cell Line Human","160/1680","0.00004463449790702114815862250329914218127669300884008407592773","0.00027622168786722107926973057701047764567192643880844116211","0","0","1.4362404812991711","14.386825931259579647303","EHF;CTNND1;LOXL4;IKZF2;GALNT10;IFIT2;HTR7;HMCN1;HMGN2;TNS4;MAP3K5;PIAS3;IL15RA;SLC15A1;S100A2;LMO4;AKR1E2;KRT8;ACSL5;LMO7;HSPG2;DKK1;KIAA1217;FRMD5;ZNF91;DEPDC1B;IFI27;PARD3;DDIT4;CLIP4;MALL;JTB;S100A4;EPHA2;SLC45A3;COL13A1;FBLIM1;TACSTD2;LIN7A;MRO;PPL;C3;EFNB2;TMEM125;BLOC1S2;PRDX1;SEC14L5;SFN;HIVEP3;ST8SIA6;S100A14;BCL2L15;CPA4;FDFT1;MAP2K6;TNFSF18;VASP;SYT1;MCAM;TMEM132A;CRIM1;PBX1;SYT7;ELL3;ABHD15;BMP2;TCN2;ATG16L2;BAMBI;ID2;TBCE;ANP32E;ID3;COL9A2;ANP32B;NES;FANK1;OSCP1;COL18A1;NRP2;SERPINA1;ITGB4;TTC22;TGFB1I1;KCNC4;CITED4;SLC2A1;SIX1;N4BP2L1;HOXC11;PRSS23;RYR3;TRIM8;BCL7A;NUF2;PMEPA1;ANXA9;ABCD1;SLC18A2;ZNF365;DENND2D;GPR39;MMP7;CAMK1D;TESC;PLEKHG5;TBC1D8;TMC8;GLRX2;F3;DUSP6;ETV6;OAS1;OAF;RNF207;KIFC3;HNRNPH3;ALDOA;LAMA5;DNAH1;PRKAA2;TMPRSS4;PPM1H;SLC5A11;PRICKLE1;PTGS2;ADCY5;POLD4;FGD6;STAMBPL1;SH3TC2;TNKS2;PSMB3;SNCG;CHSY3;EPS8L3;APOL1;ZNF461;TXNRD2;AKR1C3;ZNF804A;SYT13;SORL1;KAZALD1;DHRS3;TARBP1;KLF7;CENPF;PER3;TFAP4;FRAS1;KRT18;AADAC;PIK3IP1;CTH;TCEA3;TLL2;VIM;RAMP1;FOLR1"
"RAD21","RAD21 21589869 ChIP-Seq MESCs Mouse","149/1546","0.00004653308456332769764288506686433777304046088829636573791504","0.00028562990931148301600173144976224648416973650455474853516","0","0","1.4529708782800363","14.493888695194300453295","FHOD3;DGKE;RAB3A;PLEKHB1;PRDM1;ENO2;IFIT2;NRBP2;CCND1;DPYSL3;DHX58;MACROD1;NEK2;SOX9;SLC25A45;STK32A;CDK5RAP3;ARSA;RNF43;LAG3;ST6GAL1;NHLRC3;SERPINF1;IGFBP3;FIBCD1;VASH2;NPY1R;ANXA10;EBF4;OLFM1;SPATA17;CYP2U1;RUFY4;TMEM139;MZF1;CFB;SKAP2;COL13A1;FICD;FBLIM1;GIPR;SLC45A1;CLCNKB;IL20RA;TRANK1;IL20RB;MRO;PLD1;SAV1;SOCS3;CACNA1I;RNF215;PDGFC;SEC14L5;FAM43A;S100A14;STXBP6;CDK18;ST14;ACBD4;HTR1B;NFATC4;BMP2;PPP1R1A;FMC1;ID2;CDK3;NOSTRIN;ITGBL1;AMOTL2;PRRT4;NES;CNTNAP2;CNTNAP1;NRP2;TTC24;CITED2;HSPB8;SLC2A1;SGSH;JPH2;TUBA1B;ATP7B;RASGEF1C;SCRN2;TMEM107;ANKRD1;PMEPA1;CCIN;CPXM1;TTC23L;DACT1;TMED4;ABCC3;LYNX1;ITGA3;TRPC1;DENND2A;NOG;ANO8;TMC8;AXIN2;B3GNT8;KIFC2;OAF;RTN4RL1;PALLD;SDHAF1;MCM5;KIFC3;FJX1;CHST2;CRB2;PTGER4;PRKAA2;NFIX;CEBPD;IDUA;FGL1;RGS16;SEMA3B;PDXP;PRICKLE1;THBS4;GLRA1;POLD4;TMEM201;ABLIM2;STAT4;SNCG;CGREF1;NQO1;TAF15;KCNJ11;IRX3;KCNIP3;MERTK;DHRS3;SLC25A37;COL3A1;FABP5;AXL;SGSM2;RIMBP3;TLL2;PTPN7;VIM;NOTUM;SNTB1"
"GATA2","GATA2 21571218 ChIP-Seq MEGAKARYOCYTES Human","96/911","0.00004695478409858973853959612787534183553361799567937850952148","0.00028589404834221979158012660882093314285157248377799987793","0","0","1.5921099162565024","15.867485593135773669360","FANK1;COL18A1;ONECUT3;CHRM4;SERPINE1;DYSF;CPOX;DBI;SLC2A3;ICAM5;PLB1;GALNT10;CLGN;IFIT2;SGSH;LFNG;KIAA1549;PSMD2;RPS6KA1;TMEM107;MACROD1;DLGAP1;SOX8;HMGN2;TNS4;AASS;TTC23L;MAP3K5;TMC1;GPR39;ACTR2;ARSA;HSP90AA1;IGFBP3;NBPF10;ADAM11;ACSL6;MMEL1;NAV2;DUSP7;CACNB2;OLFM2;OBSCN;SCNN1D;KCNQ1;DDIT4;PLCB2;ZFPM1;CD44;MGLL;ABCG1;ITGA9;EPHA2;ZNF595;EXD3;SEMA3D;SLC20A1;INSIG1;PTAFR;GATA6;TRANK1;CHRNA9;AGAP3;CRIP1;AK7;DLL1;SOCS3;ABLIM2;RHPN1;GAR1;GCNT2;ST8SIA6;PCDH1;GTF2IRD2B;PCK2;RTBDN;AFAP1L2;PTPRN2;TXNRD2;CYP51A1;PNMA2;GDAP1;PBX1;PPFIBP2;LBX2;DLG4;ZNF219;ID3;DCHS1;CHPT1;PLCH2;NF2;PIK3AP1;CDKN3;CPEB4;TMEM229B"
"SA1","SA1 27219007 Chip-Seq Bcells Human","156/1633","0.00004797364428368784569590640987080121249164221808314323425293","0.00028976081147347458773222417249826321494765579700469970703","0","0","1.4401281805749244","14.321871374115337616217","MAML2;CSF1;CHRM4;PLEKHB1;CTNND1;RORC;ENO2;HTR6;EFEMP2;PLAU;PALM;MACROD1;NRTN;CHAC1;SOX9;HMGN2;PPFIA4;SAMD11;KRT6A;PIAS3;IL15RA;LAG3;S100A2;KRT8;MYO7A;HSPG2;GRIP2;ACAP3;CACNB2;EID3;OBSCN;NUP210L;IFI27;SCNN1D;KCNQ1;JTB;KCNQ4;S100A4;S100A3;SHC4;CUL7;SLC45A3;COX16;FICD;FBLIM1;CLCNKB;TACSTD2;ILDR2;LIN7A;TMTC1;AK7;ACAT2;WNT6;TMEM125;PRDX1;SEC14L5;HOXC4;SFN;HIVEP3;NCKAP1L;S100A14;SULT1A2;BCL2L15;PCK2;S100A10;FDPS;GSTM2;ACBD4;TNFRSF9;MEIG1;CYP4F3;GLMN;TMEM132A;PBX1;SYT7;NFATC4;PAN2;LIN28A;TBCE;SPIRE2;ID3;DCHS1;COL9A2;PLCH2;RCOR2;NES;DHRS13;TTC24;SERPINA1;TTC22;TGFB1I1;KCNC4;RASGRF1;CITED4;SLC2A1;N4BP2L1;HMGB1;HOXC11;GLI2;MRC2;SIX4;BDKRB2;ANXA9;RSPO1;SLC18A2;GALNT9;DENND2D;ABCC3;AMN;CAMK1D;PLEKHG5;NBPF10;NDUFC2;TRPT1;MMEL1;GLRX2;CBFA2T3;DUSP6;SSTR5;C1QL1;OAS1;HKDC1;RNF207;MMP17;TRNP1;CDH15;FJX1;LAMA5;GRAMD1B;SMARCD1;PRKAA2;PTAFR;TMPRSS4;PAPLN;PTGS2;PSMB6;TMEM201;GNG4;MAN1C1;ZNF469;EPS8L3;PCDH1;APOL1;IL12RB2;HES4;ZNF461;F10;PLCL2;BMP8A;PLEKHA6;DHRS3;PER3;TCEA3;LTBR;SLC25A34;TMEM229B"
"TP63","TP63 22573176 ChIP-Seq HFKS Human","288/3315","0.00005074588417127878401616941639318270063085947185754776000977","0.00030407255991520221400162271585543294349918141961097717285","0","0","1.3184562446441510","13.037791954514643677498","IL1RN;SPARC;MAML2;TRAF3IP2;FRMPD1;SPATA20;SLC4A3;TXNDC17;IFIT2;HERC3;HTR7;TRIM29;LIPG;DHX58;RPS6KA1;HOMER3;RTTN;CCNL2;SPA17;SRRM3;PAQR5;SERPINF1;KRT8;HNF1B;OVOL1;INPP4B;DEPDC1B;RUFY4;KCNQ1;KCTD12;MAML3;CTXN1;ZFPM1;PXT1;EXD3;SLC45A1;IL20RA;IL20RB;LYPD3;CD99L2;AGAP3;POU5F1B;SYNGR1;RNF215;ZNF704;SEC14L5;HOXC4;MAP6;SFN;TSPAN2;CHST14;S100A14;PRR22;ATP6V1C2;PROM2;S100A10;ABCA1;NGFR;CDK18;XRCC6;RABGAP1L;IQSEC1;IL31RA;PBX3;PBX1;NFATC4;PCDHGA10;MSRA;HNRNPM;PPFIBP2;COL9A2;RET;DHRS13;FKBP10;COL18A1;TGFB1I1;OTUD7A;N4BP2L1;HOXC13;SIPA1L3;OSBPL10;GLI2;LFNG;TRIM8;AIFM3;AIFM1;SLC22A17;HNF4A;CTSH;TIMP3;DLGAP1;TK1;FGFBP1;LYNX1;SYK;TNNC1;HEG1;IZUMO1;DENND2A;TMC8;KRT34;BTN3A3;KREMEN2;TUBG2;ANO4;F3;CBFA2T3;TEX19;RNF144B;MMP14;VSNL1;OAF;KIFC3;PPARA;FJX1;CD44;CRB2;SAMD5;PTGER4;NFIX;SLC20A1;SYNPO2;PTAFR;TMPRSS4;UQCR10;PTGS2;CRIP1;CAMKK1;TYMP;FGD6;GPR153;HAS3;STAT4;IL12RB2;RIBC2;CA12;KCNB1;WNT7B;RFTN1;SAMD4A;PLEKHA6;GRHL2;PLEKHA7;MPP7;TMEM154;TTLL7;SH3RF2;FABP5;SLCO3A1;FKBP1B;SARM1;GRINA;CSF1;CTNND1;KLHL30;GALNT10;FGF9;PTTG1;CDH1;MACROD1;LZTS1;TGM2;KCNH2;MAGI1;RNF43;AKR1E2;TMOD2;LMO7;MAT1A;SRCIN1;FOXP2;DISP2;OLFM2;CACNB4;OBSCN;DPEP1;FKBP9;ABCG1;FAIM;RTN4R;BRSK1;IDI1;SLC26A1;FBLIM1;TACSTD2;DAPP1;CACNA1D;LTBP2;KRCC1;GLIS1;PLD3;GLIS2;SAV1;EFNB2;SOCS3;CACNA1I;WNT6;CASKIN1;RHPN1;AP1M2;TMEM120B;ARHGEF35;AMBP;SRD5A3;CORO2B;SYT7;LRP1B;ABHD15;NOXA1;SPIRE2;DEGS2;TMEM19;MAP3K12;ARHGAP11A;CNTNAP1;CALCOCO1;DOCK3;ITGB4;ONECUT3;DOCK8;RASGRF1;DYSF;TNFAIP2;DBI;PITPNC1;BCL7A;MCF2L;BDKRB2;PMEPA1;TIMM17B;SPEG;MAN2C1;ABCD1;ABCC3;KLF11;CAMK1D;CCDC34;ITGA3;PLEKHG5;TNFRSF19;NDUFC2;WNT16;EPN3;ELF3;OAS1;IRF1;MCM5;CDH15;SMPDL3A;ITGA9;LAMA5;DNAH1;DNAH2;LAMA4;RGS16;SEMA3B;SLC5A11;PDXP;PRR5L;LIN9;AURKA;AP3M2;TMEM201;TNKS2;ABLIM3;KLRG2;LRIG1;SNCG;SLIT2;HNRNPA1;WASF3;LEKR1;TBX1;TAF15;GALNT3;TXNRD2;KCNIP3;MACC1;AHNAK2;FBXL16;MAPK15;KLF8;FMNL3;FRAS1;LNX1;TLL2;SLC25A34;FOLR1"
"PPARA","PPARA 22158963 ChIP-Seq LIVER Mouse","149/1552","0.00005631145000431931344278546625048420537495985627174377441406","0.00033476491931701637429219520214473959640599787235260009766","0","0","1.4462522577271029","14.151018163008412642512","ALDH1L1;IL1RN;TRAF3IP2;COL12A1;RORC;IRS2;GALNT10;TXNDC17;FAM107B;LIPE;GRB14;LIPG;RASSF6;RPS6KA1;NEK2;SLC25A45;PTGDS;MAP3K5;ARSA;IL15RA;LAG3;DAPK1;SERPINF1;KRT8;ACSL5;MAT1A;GPRIN3;CYP27A1;AZGP1;CLDN3;EID3;SPATA17;ADCY9;CYP2U1;LACTB2;SPATA13;DPEP1;NGEF;CFB;NOTCH1;INSIG2;GATA6;LIN7A;PPL;GABARAP;NPAS2;ZFP36L1;C3;TMEM25;DPP4;SOCS3;LDHA;CHST12;HMOX1;ARSG;DECR1;S100A10;CDK18;ACBD4;AMBP;IQSEC1;DNASE2B;MEIG1;NR1D1;ABHD15;CXCL11;GJB2;FASN;ID2;CDK3;ID3;AMOTL2;PLCH2;TMEM19;BCL2L1;ARHGAP11A;COL18A1;DOCK4;CITED2;CITED4;TNFAIP2;LRRC3;TNFAIP3;KRT23;N4BP2L1;GPT;DBI;OPLAH;USE1;ORM2;PCSK4;SERPINA5;LYL1;AIFM3;NUF2;TMEM107;CTSH;TK1;TMED4;TMC1;ABCC3;KLF11;TNFRSF19;IL17RC;ETV6;MMP14;TUBB2A;OAF;RTN4RL1;CHDH;IRF1;EHHADH;CKS2;FAM20C;PPARA;NAT8L;LAMA5;RBM47;FGL1;TMPRSS4;CRIP1;TTN;TYMP;PSMB6;SRR;TNKS2;ABLIM3;PSMB3;DDT;HSF4;GCNT2;MAL2;PCDH1;PDLIM5;TAF15;PLEKHA6;HSPE1;DHRS3;SLC25A37;NUDT7;SBK1;KRT18;CTH;SGSM2;CHPT1;LTBR;PIK3AP1;LIMS2;SNTB1"
"ARNT","ARNT 22903824 ChIP-Seq MCF-7 Human","90/846","0.00005737077210298727989205500032987572467391146346926689147949","0.00033789242835645947118927701069424074376001954078674316406","0","0","1.6070977974838687","15.694877846724180514570","OSCP1;COL18A1;ALDH1L1;TES;SPARC;IRS1;CITED2;SLC44A2;ONECUT1;GRIK2;PRDM1;SLC4A3;SIPA1L2;AREG;RND3;SIPA1L3;PITPNC1;GLDN;GALNT10;SERPINA5;FAM107B;KIAA1549;HTR7;CCND1;GRB14;SALL4;TNS3;TTC23L;RNF43;SYK;MSX2;TBC1D8;LMO7;ANO4;TMEM150C;CBFA2T3;FOXP1;ARL4C;FRMD5;ELF3;DDIT4;IL1RAPL1;PPARG;S100A4;TRIM55;CRB2;SHC4;PRPS1;INSIG1;SEMA3B;LIN7A;CACNA1D;CD99L2;PIK3R1;KLHL13;MRO;DLL1;FGD2;ABLIM3;NRIP1;ARSG;STXBP6;KCNF1;TMEM120B;RABGAP1L;SLC12A5;PTPRN2;NR2F2;SORL1;BMP7;DHRS2;GRHL2;POU2F3;DCLK1;PLEKHA7;LRP1B;TTLL7;SH3RF2;NUDT7;KRT18;PSAT1;DLG5;BCL2;RNF182;SPIRE2;MKX;SSBP2;CCNJL;CPEB4;TMEM229B"
"GATA4","GATA4 25053715 ChIP-Seq YYC3 Human","153/1602","0.00005773261358673281658281453698755569803324760869145393371582","0.00033789242835645947118927701069424074376001954078674316406","0","0","1.4386436125566560","14.040713258262369933504","SH3GL3;TES;MAML2;TRAF3IP2;IRS2;ARHGAP39;IL1RAP;IKZF2;ABCA12;ENO3;DOCK11;HEPHL1;CDH1;SALL4;FTH1;RASSF6;NEK2;SOX9;SLC25A45;ACAD11;TNS3;TMPO;RNF43;IL15RA;ARL14;DAPK1;RALGAPA1;IGFBP3;KRT8;ACSL5;ANXA10;LMO7;HSPG2;DKK1;KIAA1217;SULT2B1;EID3;NUP210L;LACTB2;KCNQ1;PNLDC1;PARD3;DDIT4;MAML3;ZNF550;COX16;INSIG2;INSIG1;NPR3;GATA6;PDGFB;KLHL13;CPLX1;ABO;SAV1;POU5F1B;DPP4;EFNB2;EBP;ZNF704;PDGFC;SEC14L5;NPHP1;ZBED2;GTF2IRD2B;FAM83B;ATP6V1C2;PCK2;S100A10;FDPS;XRCC6;PTPRN2;PSAPL1;CRIM1;PARP16;FHDC1;BMP7;PBX1;BAMBI;CDK3;CHMP2B;NOSTRIN;SPIRE2;SP5;DEGS2;CPEB4;FANK1;NRP2;CITED4;SLC2A1;TNFAIP3;SIX1;DBI;PRSS23;HNF4A;SCRN2;TMEM107;ANKRD1;CTSH;TTC23L;DACT1;TMED4;FGFBP1;CCDC34;PLLP;HEG1;NAV2;F3;DUSP6;EPN1;PSMA1;ELF3;HKDC1;TRNP1;TAX1BP3;CD44;PTGER4;PRPS1;PCNA;CLDND1;LAMA2;PTAFR;DNAH6;GCNT1;PRICKLE1;CRIP1;THSD4;POLD4;ABLIM3;OXCT1;SPOCK2;ZNF747;MICALL2;MAL2;PDLIM5;MBNL3;MAP4K5;NQO1;TM4SF18;TRIM40;MACC1;HSPE1;PLEKHA7;DHRS3;SH3RF2;KRT18;FAM131B;ZNF219;SARM1;TLL2;CHPT1;SPRY1;TMEM229B"
"REST","REST 21632747 ChIP-Seq MESCs Mouse","166/1765","0.00006158121150670621123546927266900752329092938452959060668945","0.00035764472836587066174526827744273305142996832728385925293","0","0","1.4167187825724412","13.735306406158278136331","FHOD3;TRAF3IP2;AMY2B;CHRM4;LOXL4;STMN3;OGDHL;GLDN;GALNT10;GRIP1;HTR6;ARHGAP42;HTR7;RPS6KA1;PAPOLA;TNS3;TMPO;PIAS3;SRRM3;DAPK1;LMO4;APLP1;ACSL6;MAPK8IP2;SRCIN1;ANK1;GRIP2;LEMD1;FOXP1;DISP2;ACAP3;OLFM1;EID3;CACNB4;OBSCN;SLC9A9;NPTXR;SPATA18;ZFPM1;SCG2;RTN4R;FICD;NXPH3;SLC1A1;IL20RA;CHRD;TRANK1;FOXO6;CACNA1D;AGAP3;KRCC1;CTIF;CACNA1I;SEC14L5;HOXC4;SFN;HIVEP3;STXBP6;PROM2;RTBDN;SYT3;PTPRN2;PSAPL1;SYT1;IQSEC1;TMEM132B;PBX3;NR2F2;GRIN2C;L1CAM;LSM5;ANKHD1;SYT7;BST1;MSRA;NR4A1;CXCL11;EFNA2;LIN28A;PAH;SPIRE2;ID3;DCHS1;LHX5;COL9A2;PLCH2;NF2;SLC26A3;ARHGAP11A;CNTNAP2;COL18A1;TTC22;KCNC3;ONECUT1;DYSF;HNF4G;OTUD7A;GRIK4;GRIK2;USE1;SIPA1L3;RYR3;GLI2;ATP7B;HNF4A;RASGEF1C;DLGAP1;CPXM1;GALNT9;TMC1;AMN;DENND2A;NAV2;KREMEN2;TMEM150C;ARL4C;MMP16;NAV3;VGF;OAF;HKDC1;C1D;KIFC3;ST6GALNAC5;AGPAT5;SMARCD1;SMARCD3;ATL1;NDUFB3;PAPLN;PPM1H;SLC5A11;U2AF1;PRR5L;SNX33;FGD2;GLRA1;ABLIM3;GNG4;MGAT5B;SLC25A21;CSMD3;PCDH1;P4HTM;RPL17;TRIM44;WASF3;HNRNPA3;SLC12A5;WNT7B;HAGHL;ADAM32;PNMA2;FBXL16;MEIS3;KAZALD1;GDAP1;DHRS3;TMEM154;KLF7;SBK1;NOVA2;TCEA3;TLL2;PIK3AP1;TMEM229B"
"ETS1","ETS1 21867929 ChIP-Seq TH2 Mouse","143/1483","0.00006516955548411383798961676871996928639418911188840866088867","0.00037559552969851866090558734079252189985709264874458312988","0","0","1.4516967606761146","13.992205559392937530561","KCNG3;EHF;ANKRD37;TES;CHRM4;COL12A1;CPOX;IRS2;IKZF2;ENO3;BZW1;IFIT2;GCSH;EFEMP2;PALM;HMCN1;KPNA2;SLC25A45;HMGN2;PTGDS;PRKACB;PIAS3;IL15RA;KRT8;MYO7A;VWA5B2;FOXP2;LEMD1;DISP2;INPP4B;CACNB3;NUP210L;EMID1;EPHA2;SHC4;GNAZ;IDI1;IL20RB;MRO;KRCC1;ABO;GLIS2;SOCS3;SDCBP;SFN;HIVEP3;CHST14;AP1M2;CPA4;KCNF1;GLMN;PBX3;LIF;AMMECR1;NR1D1;CORO2B;ABHD15;PAN2;NR4A1;MAP3K15;NAT1;LRFN1;NOXA1;PIR;LHX5;PLCH2;NF2;RCOR2;MAP3K12;ITM2C;TMEM151A;DHRS13;CALCOCO1;DOCK3;DDX46;MAST4;ITGB4;SLC44A2;CITED4;GPT;DUSP18;MYPN;SHD;PCSK4;SERPINA5;LFNG;TRIM8;TUBA1B;RASGEF1C;SEC61G;DLGAP1;CCIN;HORMAD2;CCR3;LRRCC1;ACTR2;HSP90AA1;MMP7;GAA;PLEKHG5;USP44;DENND2A;TMC8;KCNAB3;DUSP6;TOX2;MDFIC;TRNP1;TAX1BP3;MVD;PLCB2;SAMD5;AGPAT5;CAMK2D;SEMA3D;PDXP;PRR5L;PRICKLE1;PPM1F;ADCY5;FGD2;PSMB6;POLD4;TMEM201;TNKS2;PSMB3;CCL5;NRIP1;STAT4;MAP4K5;EYA4;FBXL16;DHRS2;SGPP2;TTLL7;CENPF;FRAS1;PDE10A;PIK3IP1;PSMC1;FAM131B;PCYOX1L;SNTB1"
"ESRRB","ESRRB 18555785 Chip-Seq ESCs Mouse","144/1496","0.00006673826604892224253259142008332105433510150760412216186523","0.00038172265808285072048733344018955904175527393817901611328","0","0","1.4490082802874984","13.931826375895699499097","EHF;SERPINE2;IRS1;CHRM4;IKZF2;ABCA12;SLC4A3;BZW1;FAM107B;RGS4;GPR176;GRB14;ARHGAP40;MPZ;SALL4;PSMD1;NEK2;OIP5;CHAC1;HMCN1;PPFIA4;TGM2;IL15RA;ARL14;VASH2;EBF4;LEMD1;SLC9A2;DISP2;CYP27A1;OLFM1;CACNB2;FRMD5;SPATA17;CACNB4;SLPI;RUFY4;LACTB2;MALL;MAML3;SCG2;NGEF;EPHA2;SLC45A3;NOTCH1;DHX9;INSIG2;ILDR2;NPAS2;ABO;WNT6;NPHP1;ST8SIA6;CHST14;TNFSF18;NTNG2;CDK18;GGT7;RABGAP1L;PBX3;CYBRD1;FHDC1;BMP7;PBX1;BMP2;NOXA1;NOSTRIN;BCL2;PAM;BCL2L1;ITM2C;ARHGAP11A;GPSM1;NRP2;LAMC3;KCNC4;FHL2;SLC2A1;DBI;RND3;RYR3;GLI2;JPH2;HNF4A;NUF2;DNER;SPEG;CPXM1;MYBL2;GPR39;EIF5B;CAMK1D;CCDC34;GPR35;TBC1D8;GLRX2;F3;SERPINB5;PARD3B;ARL4C;TOX2;PLCB4;ELF3;FJX1;ST6GALNAC5;CD44;CRB2;PRIM2;SLC20A1;RGS16;NDUFB3;CXCR4;PRR5L;LIN9;PTGS2;CRYZ;STAT4;MAN1C1;SUSD4;ROMO1;EPS8L3;TRIM44;SLC12A5;GSN;GALNT3;KCNB1;PLEKHA6;SYT13;MERTK;HSPE1;GDAP1;SGPP2;KLF7;CENPF;COL3A1;GATM;DES;SARDH;PI15;SPRY1;PTPN7;VIM;RAMP1;IL18R1"
"CHD4","CHD4 35695185 ChIP-Seq nicBasalRootGanglia Mouse Embryo","194/2119","0.00006737981264917631109637174979809515207307413220405578613281","0.00038249442518893320272152513972230281069641932845115661621","0","0","1.3799383196918118","13.254535389147260815434","SERPINE2;NUDT1;SLC4A3;ZDHHC2;IFIT2;HTR6;HTR7;FTH1;DPYSL3;RPS6KA1;HOMER3;CHAC1;TNS3;TMPO;INSYN1;MAPK8IP2;ANK1;FNDC4;PARD3;DDIT4;JTB;KCTD12;MAML3;NGEF;SKAP2;SLC45A3;ADAMTS10;FAM221A;SYNGR1;CHST12;TSPAN2;DECR1;RTBDN;CARMIL3;PTPRN2;IQSEC1;ABCA3;PBX3;SNF8;CCDC9B;NFATC4;B4GAT1;FASN;ITGBL1;PRRT4;RCOR2;DHRS13;LRRC3;GRIK4;GRIK2;SHD;RYR3;OSBPL10;GLI2;LFNG;TRIM8;TIMP3;DLGAP1;DLGAP5;GAA;DENND2A;NOG;ANO8;TEX14;TMEM150C;CBFA2T3;ZDHHC14;DUSP7;MTSS2;TOX2;PLCB4;MMP16;MMP17;PPARG;TAX1BP3;CD44;SAMD5;PELI2;SNX33;PRICKLE1;ADCY5;PSMB3;MARCHF9;MAP4K5;BRF1;PLEKHA6;DHRS4;NOL4L;TFAP4;SLCO3A1;TMEM229B;SH3GL3;SLC27A1;DGKE;RAB3A;IRS1;GALNT10;FAM107B;EFEMP2;GRB14;SALL4;LZTS1;MAP3K5;MAGI1;VASH1;SRCIN1;FOXP2;LEMD1;MOB3B;OLFM2;CACNB4;HAT1;FKBP9;TNIK;EMID1;BRSK1;NOTCH1;MINDY1;NXPH3;CHRD;FOXO6;PLD1;KRCC1;INAVA;GLIS2;EFNB2;SCUBE1;SOCS6;MAP2K6;SYT3;SYT1;CRIM1;ZBTB12;ANKHD1;SYT7;LRP1B;NR4A1;EFNA2;FMC1;LRFN1;RCAN2;DLG5;RNF182;AMOTL2;MAP3K12;GPSM1;DRAXIN;COLGALT2;DOCK3;MTCL1;FHL2;SLC2A3;TSPAN12;PITPNC1;ATP7B;GRM7;ACP4;SPEG;DACT1;SH3D19;EIF5B;KLF11;PDE4D;TBC1D8;AXIN2;MYRIP;WNT16;NAT8L;NDUFB8;DNAH2;SMARCD3;MTFP1;PPM1H;DLL1;AP3M2;ABLIM3;GNG4;SPOCK2;PCED1A;NRIP1;LRIG1;CHSY3;PCDH1;WASF3;SLC12A5;KCNIP3;PLCL2;DONSON;PDE10A;PSAT1;NOVA2;ST7;EIF3C;SNTB1"
"KLF4","KLF4 19030024 ChIP-ChIP MESCs Mouse","116/1157","0.00006799241131174618669400638859556806892214808613061904907227","0.00038309157119677890359493721561534584907349199056625366211","0","0","1.5099588678839400","14.489738122138739129241","FHOD3;SERPINE2;IFIT2;CHCHD2;CCND1;FTH1;HOXA1;SOX9;HMGN2;EOMES;ST6GAL1;KIRREL2;MSX2;LMO4;WDR72;DKK1;LEMD1;DISP2;THAP8;LACTB2;KCNQ1;HAT1;COL4A6;COL4A5;NPTXR;NOTCH1;INSIG1;NPR3;EBI3;TMEM59L;GATA6;TACSTD2;GABARAP;NPAS2;ZFP36L1;EFNB2;WNT6;LDHB;CCNB1;LDHA;PRDX1;PDGFC;S100A14;DECR1;SLC10A4;VASP;FDPS;EGR3;NR2F2;NFATC4;PCDHGA10;BMP2;GNAL;TCN2;ID2;CSPG5;LHX5;MKX;ANP32B;COL18A1;NRP2;ONECUT3;CITED2;KCNC3;DOCK8;KCNC4;ONECUT1;MAST1;SIX1;SLC2A3;HOXC13;ZCWPW1;TUBA1B;AIFM1;NUF2;MYBL2;ANXA9;PRKG1;EIF5A;EIF5B;CAMK1D;USP44;TMC8;TMC6;NME5;MMP16;VGF;RNF207;COL6A1;MVD;ALDOA;FJX1;PTGER4;PCNA;PPM1H;CXCR4;CRIP1;DLL1;ABLIM2;HAS3;SLIT2;PDLIM5;RPL17;TBX1;WNT7B;IRX3;PTGES3;GRHL2;PSMC5;LBX2;PDE10A;FABP5;CTH;SPRY2;VIM;CRLF1"
"CEBPB","CEBPB 26923725 Chip-Seq HEMOGENIC-ENDOTHELIUM Mouse","141/1461","0.00007058420720411074907388315757827967900084331631660461425781","0.00039474871436373049158469195063503320852760225534439086914","0","0","1.4524749463135289","13.883778271652355229548","SH3GL3;TRAF3IP2;IRS1;LOXL4;IKZF2;SLC4A3;GLDN;FAM107B;GRIP1;HTR7;HMGN5;TRIM29;PSMD1;HOMER3;HMCN1;PTGDS;PRKACB;TNS3;TGM2;PIAS3;SLC15A1;ARL14;CASK;HNF1B;ANXA10;HSPG2;SRCIN1;LEMD1;FOXP1;OLFM2;DEPDC1B;NUP210L;FANCD2;SPATA13;MAML3;TNIK;ZFPM1;NGEF;ABCG1;PXT1;SLC45A3;COL13A1;SLC45A1;HIGD1A;LTBP1;EFNB2;ST3GAL6;FAM43A;ABCA1;GSTM2;AFAP1L2;ST14;SYT1;AMBP;ANKRD24;NEK5;GLMN;CORO2B;BMP7;PBX1;ANKHD1;ABHD15;MSRA;NAT1;SPIRE2;ANP32B;SLC26A3;ITM2C;MIPEP;FANK1;CALCOCO1;ONECUT3;RASGRF1;TNFAIP3;SIPA1L2;TRIM8;ADAMTS2;MCF2L;NUF2;ANKRD1;DLGAP1;ANXA9;CCR3;DACT1;TMC1;ACTR2;TESC;PDE4D;USP44;TNFRSF19;TUBG2;F3;TMEM150C;ZDHHC14;ETV6;VCAN;PLCB4;CKS2;FAM20C;PPARG;CDH15;PLCB2;CAMK2D;ATL1;GCNT1;PRICKLE1;PTGS2;PPM1F;APOLD1;STAMBPL1;SPOCK2;MGAT5B;NRIP1;MAN1C1;GCNT2;SUSD4;LRIG1;MAP4K5;TRIM44;LEKR1;CMTM7;GSN;KCNB1;IRX3;RFTN1;SYT13;KAZALD1;GRHL2;GDAP1;CENPF;PSMC5;GATM;FRAS1;CTH;ST7;LNX1;VIM;EIF3C;SSBP2;FRK;CDKN3"
"MEIS1","MEIS1 26923725 Chip-Seq HEMOGENIC-ENDOTHELIUM Mouse","94/899","0.00007511227857069965169450193043232388845353852957487106323242","0.00041698360530057528971353830726798150863032788038253784180","0","0","1.5767965024972057","14.974089796738004665144","FHOD3;FANK1;CNTNAP2;CPM;NRP2;TES;ONECUT3;DOCK8;HNF4G;TNFAIP2;GRIK4;SLC4A3;RYR3;FAM107B;GRIP1;HTR7;HMGN5;GRM7;FGF9;ARHGAP40;SIX4;MCF2L;DPYSL3;NUF2;SCRN2;PAPOLA;PSMD1;DLGAP1;TNS3;SLC15A1;GAA;IGFBP3;TMOD2;ACSL6;NAV2;MAPK8IP2;DUSP6;FOXP1;ETV6;INPP4B;CLIP4;MALL;FAM20C;MVD;S100A3;MAML3;TNIK;SPATA18;ZFPM1;ST6GALNAC5;RBMS3;CRB2;GPM6A;PRIM2;SLC45A1;NXPH3;AGAP3;PIK3R1;PLD1;ADAMTS10;ADCY5;TTN;SYNGR1;ABLIM2;CHN1;NRIP1;LRIG1;NCKAP1L;TBX1;HNRNPA3;ANKRD24;DMRT1;IQSEC1;IRX3;PTGES3;CRIM1;CYBRD1;CORO2B;SORL1;PBX1;ANKHD1;BMP4;BMP2;FRAS1;KRT18;SLCO3A1;PSAT1;BAMBI;LRFN1;DLG5;PSMC2;ID3;RAMP1;CPEB4"
"RARB","RARB 27405468 Chip-Seq BRAIN Mouse","153/1611","0.00007613197075471636468893543714386851206654682755470275878906","0.00041955940087453177022788763927962918387493118643760681152","0","0","1.4290123456790125","13.551384473107120243185","ANKRD37;CHRM4;PLEKHB1;SERPINE1;CTNND1;NUDT1;IRS2;ENO2;SLC4A3;NR3C2;ZFYVE28;RGS4;FGF9;GRB14;MPZ;FTH1;PALM;SOX8;CCNL2;PRKACB;LZTS1;MAP3K5;KCNH2;SRRM3;LAG3;APLP1;ACSL6;GPRIN3;CACNB2;EID3;LACTB2;PPP1R3E;DDIT4;S100A3;TNIK;RIN1;IDI1;NXPH3;INSIG2;FOXO6;CACNA1D;PIK3R1;CPLX1;ACAT2;NPAS2;PLD3;ZFP36L1;CACNA1I;LDHB;TMEM125;ZMAT1;SEC14L5;SFN;ST8SIA6;KCNN4;CPA4;KCNF1;NTNG2;EGR3;PTPRN2;ACBD4;XRCC4;HTR1B;NR1D1;CORO2B;PBX1;DCLK1;GNAL;PPP1R1A;NMU;CSPG5;COL9A3;PRRT4;RCOR2;CPEB4;BCL2L1;MAP3K12;CNTNAP2;CNTNAP1;CALCOCO1;TTC22;CITED2;SLC44A2;KCNC3;LRRC3;HMGB1;MSLN;SIPA1L2;RND3;PITPNC1;RYR3;TUBA1B;ADAMTS2;DBP;BCL7A;SLC22A17;PMEPA1;HSP90AA1;LYNX1;MMEL1;NAV2;DUSP6;RTN4RL1;PALLD;EHHADH;TRNP1;FJX1;ITGA9;RBMS3;CRB2;SAMD5;SMARCD1;SMARCD3;SLC20A1;TMPRSS4;PPM1H;PDXP;SNX33;PRICKLE1;AKAP5;DLL1;CAMKK1;ADCY5;TMEM201;STAMBPL1;PSMB3;DDT;SPOCK2;MGAT5B;CHN1;HAS3;GCNT2;SUSD4;MAL2;EPS8L3;PCDH1;MAP4K5;LEKR1;TBX1;SLC12A5;KCNB1;KCNIP3;PLEKHA6;SYT13;FBXL16;SGPP2;GRIN1;SBK1;PDE10A;FABP5;SPRY2;SSBP2;RAMP1"
"SMARCA4","SMARCA4 23332759 ChIP-Seq OLIGODENDROCYTES Mouse","191/2089","0.00008320138886453038449316638169861448659503366798162460327148","0.00045519600429507557680722240611714823899092152714729309082","0","0","1.3767645839451363","12.933665897721459359104","EHF;SERPINE2;TRAF3IP2;IRS1;CTNND1;ARHGAP39;IL1RAP;IKZF2;SLC4A3;ZDHHC2;BACH1;BZW1;PLB1;FGFRL1;GALNT10;TXNDC17;FAM107B;GRIP1;NRBP2;HTR7;GRB14;TRIM29;DPYSL3;RTTN;CHAC1;MB21D2;STK32A;PRKACB;LZTS1;MAGI1;ST6GAL1;PAQR5;DAPK1;LMO4;IGFBP3;TMOD2;CASK;WDR72;MITF;LMO7;MYO7A;FOXP1;OXA1L;AZGP1;PARD3;SPATA13;FKBP9;TNIK;EMID1;FAIM;GNAZ;SLC45A1;GPR87;SLC1A1;CHRD;TRANK1;IL20RB;LIN7A;CACNA1D;PLD1;LTBP1;ZFP36L1;CTIF;ARSJ;PDGFC;HMOX1;HIVEP3;TSPAN2;ST3GAL6;STXBP6;MAP2K6;ABCA1;ACBD7;RABGAP1L;EGR3;PTPRN2;XRCC4;SYT1;TMEM132B;MEIG1;PBX3;HTR1B;NR2F2;FHDC1;DCLK1;LRP1B;BMP4;PPFIBP1;CXCL11;BMP2;LIN28A;ID2;CNTN1;BCL2;CSPG5;NF2;NES;CPEB4;BCL2L1;FANK1;NRP2;CITED2;DOCK8;DUSP19;GRIK2;TSPAN12;SIPA1L2;RND3;PRSS23;SDR16C5;GRM7;SEC61G;ANKRD1;PDE4B;TIMP3;HORMAD2;TMC1;FGFBP1;GPR37;MMP7;SYK;PDE4D;ITGA1;TNFRSF19;AMT;NDUFC2;NAV2;AXIN2;ANO4;F3;DUSP6;ZDHHC14;PARD3B;ETV6;VAMP8;RNF144B;PLCB4;ZEB1;MMP16;NAV3;EHHADH;PLSCR4;C1D;TFEC;CLDN18;SAMD5;PRIM2;CAMK2D;PRKAA2;SEMA3D;ATL1;SYNPO2;FGL1;PELI2;GCNT1;SLC5A11;PRR5L;AOAH;CRYZ;ADCY5;OXCT1;ATOH8;NRIP1;MAP4K5;TRIM44;CMTM7;GSN;GALNT3;DMRT1;IRX3;PTGES3;BMP8A;SAMD4A;GRHL2;KLF7;COL3A1;GATM;KRT18;SLCO3A1;TRIML2;PSAT1;CTH;ST7;HNRNPA2B1;LNX1;SPRY2;SPRY1;VIM;PIK3AP1;RAMP1;SNTB1"
"OCT4","OCT4 18692474 ChIP-Seq MEFs Mouse","156/1655","0.00009357322354289783602945135276840460392122622579336166381836","0.00050825743722940905974100322950448571646120399236679077148","0","0","1.4171678861604948","13.146735271715327186826","EHF;DGKE;SPARC;CHRM4;PLEKHB1;NUDT1;LOXL4;STMN3;BACH1;CHCHD2;CCND1;CDH1;LIPG;RPS6KA1;NEK2;HOXA1;KPNA2;PRKACB;TGM2;MAGI1;ARSA;LAG3;ST6GAL1;SLC15A1;MSX2;CACNA2D1;APLP1;MAPK8IP2;ANK1;DKK1;CACNB3;CLDN3;FNDC4;CACNB4;ADPRH;JTB;CFB;ABCG1;NOTCH1;DHX9;EBI3;ALOX15;DAPP1;KLHL13;CPLX1;GABARAP;PLD3;ZFP36L1;DPP4;EFNB2;SOCS3;LDHB;SYNGR1;PRDX1;PDGFC;NPHP1;SFN;HIVEP3;FDFT1;NGFR;SYT3;ST14;RABGAP1L;EGR3;YES1;ACBD4;PBX3;LIF;POU2F3;SYT7;BST1;PPFIBP2;EFNA2;STAG3;FASN;ID2;NMU;LCN2;BCL2;ID3;AMOTL2;LHX5;COL9A2;NF2;NES;CD22;MAP3K12;CNTNAP2;LAMC3;CITED2;KCNC3;ONECUT1;DYSF;HNF4G;SLC2A1;HMGB3;SLC2A3;HOXC13;MSLN;MMP20;GLI2;LFNG;THBD;JPH2;SIX4;SEC61G;MCF2L;NUF2;PBK;MYBL2;FGFBP1;HSP90AA1;SYK;TNFRSF19;MMEL1;SYNGR3;COMMD4;MRPL51;PLCB4;PSMA1;ELF3;IRF1;CKS2;MCM5;KIFC3;HBEGF;PRPS1;LAMA5;PRIM2;NDUFB8;CEBPD;IDUA;RGS16;POMP;PDXP;HMGCR;DLL1;TTN;AP3M2;PSMB3;GNG4;HAS3;STAT4;GCNT2;AOC3;SLC12A5;KCNIP3;DHRS4;FMNL3;PSMC1;ST7;TCEA3;LNX1;SPRY2;SPRY1;LTBR"
"CDX2","CDX2 22108803 ChIP-Seq LS180 Human","153/1619","0.00009691461205820658107203124931317006485187448561191558837891","0.00052264665788532833727575432902767715859226882457733154297","0","0","1.4205504959256663","13.128273469713192866948","EHF;TES;ARL6IP1;CTNND1;IRS2;PLB1;CLGN;NR3C2;GRIP1;HTR6;GPR176;CCND1;FAM186B;PALM;HOXA1;HMCN1;PRKACB;ARL14;STARD9;ACSL5;MYO7A;VASH1;DKK1;SYTL3;CYP27A1;CACNB2;ZNF91;DEPDC1B;AZGP1;CYP2U1;HAT1;ZNF675;ABCG1;SHC2;FICD;DHX9;SLC45A1;SLC1A1;EBI3;CLCNKB;GATA6;IL20RA;DAPP1;ILDR2;CACNA1D;TMTC1;LTBP2;PIK3R1;HIGD1A;PLD1;SLC6A20;LTBP1;GLIS1;SAV1;C5;RNF215;MAP6;ST8SIA6;FAM83B;ARHGEF35;TNFRSF9;FHDC1;CORO2B;PPFIBP1;LIN28A;BAMBI;RCAN2;NOSTRIN;ANP32E;SLC26A4;PAM;SLC26A3;BCL2L1;FANK1;CPM;CNTNAP1;SERPINA1;ITGB4;SLC44A2;KCNC3;HSPB8;BHLHE41;HNF4G;TNFAIP3;SIX1;AREG;RND3;OSBPL10;SERPINA5;MRC2;CA2;PMEPA1;FGFBP3;DACT1;ADAMTS7;ACTR2;HSP90AA1;SYK;CCDC34;ITGA3;HEG1;PLA2G4C;TEX14;WNT16;RNF144B;TOX2;MMP16;BANK1;IRF1;TFEC;CHI3L2;PPARG;SMPDL3A;CHST2;ST6GALNAC5;CD44;CAMK2D;LAMA2;FGL1;RGS16;DNAH6;PPM1H;ZDHHC23;PRR5L;AOAH;APOLD1;SRR;ABLIM2;STAMBPL1;OXCT1;STAT4;GCNT2;MAL2;IL12RB2;MACC1;ADAM32;AKR1C2;PLEKHA6;SYT13;GRHL2;TTLL7;FMNL3;SH3RF2;PSMC5;EPGN;AADAC;FABP5;PSMC1;TCEA3;TRMT6;SNTB1;CDKN3;CCL26"
"CTCF","CTCF 21964334 Chip-Seq Bcells Human","155/1646","0.00010349315360987299721243215522292757668765261769294738769531","0.00055416546791102212071722377118021540809422731399536132812","0","0","1.4151736320256998","12.985640459395941803677","KCNG3;EHF;IRS1;CHRM4;COL12A1;ZDHHC8;IKZF2;KLHL30;CLGN;RGS4;CCND1;SALL4;HOMER3;SOX9;ACAD11;HMGN2;CDK5RAP3;KCNH2;RNF43;S100A2;LMO4;IGFBP3;FIBCD1;MAT1A;VWA5B2;SRCIN1;FOXP1;ACAP3;OLFM2;BCAM;NUP210L;PPP1R3E;DDIT4;DPEP1;MAML3;CTXN1;PXT1;SPTBN4;COL13A1;LTBP2;GLIS2;ZFP36L1;EFNB2;RDH12;PRDX1;SEC14L5;CASKIN1;SFN;FAM43A;S100A14;DECR1;S100A10;ABCA1;RTBDN;VASP;ABCA2;KCNF1;FDPS;ACBD4;NEK5;KLRC4;SRD5A3;CRIM1;AMMECR1;NR2F2;GRIN2C;ELL3;NFATC4;ABHD15;PPFIBP2;ATG16L2;BAMBI;CDK3;ITGA10;COL9A2;RCOR2;NES;BCL2L1;ITM2C;RET;ZNF250;SLC2A3;PRSS23;PITPNC1;LYL1;ZCWPW1;THBD;JPH2;TUBA1B;SEC61G;SCRN2;CASP4;SPEG;ANXA9;FGFBP3;ADAMTS7;DENND2C;CAMK1D;PLEKHG5;NOG;TBC1D8;GAB3;DUSP7;ELF3;KIFC2;HKDC1;RNF207;ZMYND10;CDH15;ALDOA;FJX1;PLCB2;HBEGF;SMARCD1;PRIM2;SAMD9;PPM1H;PDXP;PTGS2;CRYZ;TTN;AP3M2;POLD4;TMEM201;FGD6;MGAT5B;ZNF747;MAN1C1;LRIG1;SNCG;ROMO1;CSMD3;PCDH1;P4HTM;TBX1;SLC12A5;CD72;KCNJ11;WNT7B;AHNAK2;AKR1C3;KAZALD1;DHRS3;FMNL3;SLCO3A1;ZNF219;HNRNPA2B1;RAB13;SARM1;TLL2;SPRY2;PTPN7;VIM;PIK3AP1;RAMP1"
"NFIB","NFIB 24661679 ChIP-Seq LUNG Mouse","54/453","0.00010724426879209371767445735379453708446817472577095031738281","0.00057020720378894902431038405055119255848694592714309692383","0","0","1.8141521822241675","16.582079217728637132723","DHRS13;EHF;ANKRD37;NRP2;SYNM;CSF1;CHRM4;NUDT1;JPH2;CCIN;TMPO;TMC1;ST6GAL1;DAPK1;CACNA2D1;ANO8;AXIN2;SYTL3;DUSP6;GPRIN3;ADCY9;MAML3;HNRNPH3;NPTXR;CLOCK;CFB;RBM47;COL13A1;SLC45A1;INSIG1;PRICKLE1;NPAS2;FBLN5;ZFP36L1;TMEM125;GNG4;PDGFC;ATOH8;MICALL2;FAM43A;CSMD3;SLC10A4;CDRT4;WNT7A;PLEKHA6;CORO2B;SGPP2;TARBP1;MAPK11;ATG16L2;RNF182;LNX1;AMOTL2;SSBP2"
"PGR","PGR 26153859 ChIP-Seq MCF-7 Human BreastCancer","86/816","0.00011531198843490043752513241059887150186114013195037841796875","0.00060881504383461417916761915236634195025544613599777221680","0","0","1.5878769707934868","14.398660613453435175302","DHRS13;SERPINA1;ZNF250;CSF1;ARL6IP1;ITGB4;LRR1;TGFB1I1;ONECUT1;RASGRF1;RORC;GPT;DBI;PITPNC1;MRC2;ZCWPW1;NRBP2;SIX4;HNF4A;NUF2;PAPOLA;PMEPA1;ANXA9;H4C1;KPNA2;RBBP8NL;TNS2;ADAMTS7;LYNX1;S100A2;CCDC78;FIBCD1;KRT8;MYO7A;AXIN2;CBFA2T3;OXA1L;CACNB3;VGF;KIFC2;FAM20C;FKBP9;CDH15;MZF1;METTL26;SLC45A3;CLDND1;SMARCD3;RGS16;EBI3;AGAP3;TXN;CRIP1;INAVA;FGD2;RIDA;PSMB3;ANTKMT;RHPN1;KCNN4;MUC4;DECR1;ABCA2;FDPS;CDK18;GSTM2;CARMIL3;IQSEC1;ABCA3;TMEM132A;AHNAK2;MAPK15;SYT7;DHRS4;PARP10;ADGRD1;NR4A1;B4GAT1;MYO15B;ATG16L2;FMC1;HNRNPA2B1;RAB13;COL9A3;TMEM19;GRINA"
"FOXM1","FOXM1 26100407 CHIP-SEQ Hek293 Flp-In Human","149/1577","0.00012135301377588004242535218990539647165860515087842941284180","0.00063190249064289268337429872346433512575458735227584838867","0","0","1.4188657237855522","12.793638093320065962644","FHOD3;SH3GL3;TES;MAML2;TRAF3IP2;IRS1;IKZF2;SLC4A3;BZW1;NR3C2;GRIP1;HEPHL1;FGF9;NEK2;SOX9;KPNA2;HMGN2;CDK5RAP3;SAMD11;MAP3K5;TMPO;RNF43;ARL14;MSX2;LMO4;CACNA2D1;KRT8;HNF1B;MITF;LMO7;SRCIN1;ANK1;FOXP1;CYP27A1;ACAP3;DDIT4;GEMIN7;MAML3;TRIM10;ZNF391;SLC1A1;CHRD;LYPD3;TMTC1;PIK3R1;MRO;KRCC1;PRDM10;SAV1;EFNB2;SOCS3;WNT6;RNF215;PRDX1;NPHP1;SOCS6;FAM83B;S100A10;MAP2K6;RABGAP1L;XRCC4;TMEM132B;PBX3;PARP16;NR2F2;LSM5;CORO2B;PBX1;DCLK1;NFATC4;GNAL;ID2;NOSTRIN;ANP32E;ID3;MKX;NRP2;CALCOCO1;MAST4;CITED2;KCNC4;BHLHE41;SLC2A1;SECTM1;SIX1;SLC2A3;SIPA1L3;PITPNC1;GLI2;TUBA1B;MCF2L;TMEM107;PRKG1;TTC23L;DACT1;GPR39;PLLP;PLEKHG5;PLA2G4C;TBC1D8;TEX14;NAV2;WNT16;DUSP6;ZDHHC14;TUBB2A;ELF3;MDFIC;RNF207;COL6A1;CHI3L2;ALDOA;PLCB2;RBMS3;SMARCD1;CAMK2D;DNAH2;LAMA4;FGL1;RGS16;PTAFR;LAMA3;POMP;PPM1H;PRICKLE1;CAMKK1;THSD4;OXCT1;MGAT5B;TRA2A;GCNT2;SLIT2;HES4;HNRNPA3;TAF15;CYP51A1;PLCL2;SGPP2;TARBP1;TFAP4;PDE10A;PIK3IP1;ZNF219;RAB13;PCYOX1L;SPRY1;VIM;SSBP2;SNTB1"
"GATA6","GATA6 25053715 ChIP-Seq YYC3 Human","154/1639","0.00012135875648108535983932254609385381627362221479415893554688","0.00063190249064289268337429872346433512575458735227584838867","0","0","1.4110963787972539","12.723516635906854332916","SH3GL3;KCNG3;EHF;MAML2;CSF1;IRS1;ENO2;ZDHHC2;ENO3;BZW1;HTR6;PLAU;FTH1;SOX9;PRKACB;TMPO;RNF43;SLC15A2;S100A2;ARL14;MSX2;RALGAPA1;LMO4;IGFBP3;KRT8;HNF1B;LMO7;SRCIN1;DKK1;FOXP1;SLC9A2;KIAA1217;SULT2B1;FRMD5;EID3;NUP210L;KCNQ1;PPP1R3E;PARD3;DDIT4;GEMIN7;ZFPM1;SPTBN4;SLC45A3;DHX9;INSIG2;ALOX15;GATA6;IL20RA;PDGFB;DAPP1;PLD1;EFNB2;LDHA;TMEM125;RDH12;HOXC4;SFN;ST3GAL6;BCL2L15;PCK2;S100A10;TMEM120B;FDPS;CDK18;RABGAP1L;MEIG1;NR2F2;NR1D1;PBX1;ABHD15;PAN2;LIN28A;BAMBI;FASN;CDK3;TBCE;NOSTRIN;ANP32E;ID3;DEGS2;ANP32B;CPEB4;BCL2L1;CALCOCO1;CITED4;SLC2A1;SIX1;RND3;PCSK4;CA2;HNF4A;NUF2;CASP4;ABCD1;DLGAP5;DENND2D;CAMK1D;CCDC34;ITGA3;PLLP;TNNC1;ANO8;NDUFC2;TMC6;GLRX2;NAV2;TMC5;ARL4C;EPN3;PLCB4;VSNL1;ELF3;HKDC1;RNF207;TRNP1;PPARG;KIFC3;SAMD5;RBM47;GCNT1;PPM1H;PRICKLE1;AKAP5;LIN9;POLD4;STAMBPL1;PSMB3;GCNT2;LRIG1;EPS8L3;PCDH1;MBNL3;HES4;NQO1;HNRNPA3;F10;MACC1;AKR1C3;ADAM32;PLEKHA6;PNMA2;HSPE1;GRHL2;SGPP2;PLEKHA7;DHRS3;SH3RF2;PER3;KRT18;SLCO3A1;CHPT1;VIM;TMEM229B"
"WT1","WT1 20215353 ChIP-ChIP NEPHRON PROGENITOR Mouse","127/1307","0.00012237895943747423787260897309892015982768498361110687255859","0.00063285009846091120483402292506980302277952432632446289062","0","0","1.4592527324568352","13.145514953872085683884","SLC27A1;RAB3A;IRS1;COL12A1;RORC;ICAM5;IKZF2;SLC4A3;ANTXR2;ZDHHC2;DOCK11;GPR176;GRB14;PALM;CCDC92;SPA17;MAGI1;PIAS3;LMO4;CACNA2D1;ADAM11;OVOL1;DKK1;SLC9A2;BCAM;CACNB3;RUFY4;ADPRH;COL4A5;CLOCK;SKAP2;BRSK1;SLC45A3;NOTCH1;COL13A1;FBLIM1;NXPH3;PDGFB;CHRD;TWIST1;PIK3R1;NPAS2;ZFP36L1;SOCS3;LDHB;SDCBP;PDGFC;ST3GAL6;VASP;EGR3;MCAM;TMEM132A;CRIM1;NR2F2;L1CAM;BMP7;PBX1;NFATC4;BMP4;NR4A1;PPFIBP1;PPP1R1A;FASN;ANP32B;TMEM19;NES;MAP3K12;COL18A1;CALCOCO1;DOCK4;HSPB8;RASGRF1;SLC2A1;LRRC3;DBI;RND3;PITPNC1;LFNG;MRC2;TRIM8;DBP;GRM7;SIX4;SLC22A17;RSPO1;EIF5A;ZHX2;ITGA3;TMC6;KREMEN2;AXIN2;DUSP6;DUSP7;ETV6;VAMP8;EPN3;MMP14;B3GNT8;VGF;OAF;TAX1BP3;ALDOA;FJX1;ST6GALNAC5;RBMS3;POMP;DLL1;POLD4;SH3TC2;OXCT1;ATOH8;SUSD4;MBNL3;CD72;IRX3;EYA4;MERTK;DHRS3;SLC25A37;SH3RF2;LBX2;DES;PDE10A;SLCO3A1;AXL;SPRY2;GRINA"
"KLF5","KLF5 25053715 ChIP-Seq YYC3 Human","150/1591","0.00012731769179888041622523975338054924577591009438037872314453","0.00065391059393302532545821925680229469435289502143859863281","0","0","1.4155514745740605","12.695833574051963665852","EHF;SPARC;PLEKHB1;COL12A1;CPOX;IRS2;ABCA12;ALDH1L2;ENO3;EFEMP2;HEPHL1;CDH1;DPYSL3;RPS6KA1;RTTN;CHAC1;HMCN1;TNS3;CDK5RAP3;TGM2;SLC15A1;S100A2;MSX2;PAQR5;DAPK1;KRT8;ANXA10;LMO7;HSPG2;SRCIN1;SLC9A2;INPP4B;ADCY9;SLPI;PPP1R3E;EPHA2;FAIM;NOTCH1;INSIG1;GATA6;IL20RA;ENDOD1;TWIST1;PIK3R1;TXN;PPL;ABO;GLIS2;ZFP36L1;EFNB2;SOCS3;PRDX1;SFN;ST3GAL6;STXBP6;S100A10;VASP;FDPS;ST14;PSAPL1;SYT1;NR2F2;NR1D1;FHDC1;SYT7;BMP2;PPFIBP2;ATG16L2;ID2;SPIRE2;ITGBL1;ANP32B;TMEM19;CPEB4;BCL2L1;GPSM1;NRP2;ITGB4;ONECUT3;CITED2;KCNC4;MAST1;SLC2A1;HOXC13;HOXC11;USE1;LFNG;ZCWPW1;JPH2;TIMP2;HORMAD2;MAN2C1;LRRCC1;EIF5A;ABCC3;CHST7;SYK;ITGA3;TNFRSF19;AXIN2;MYRIP;ZDHHC14;PARD3B;PLCB4;TUBB2A;VSNL1;ELF3;KIFC2;MDFIC;PALLD;CLDN18;TAX1BP3;TRIM55;SAMD5;LAMA5;RBM47;CLDND1;CEBPD;LAMA3;GCNT1;CXCR4;CRIP1;SRR;MGAT5B;LRIG1;EPS8L3;PCDH1;APOL1;APOL3;NQO1;PTGES3;EYA4;PLCL2;DONSON;MBOAT1;HSPE1;SORL1;GRHL2;GDAP1;TMEM154;MAPK11;PER3;KRT18;SLCO3A1;PSAT1;PI15;VIM;SLC25A34;SSBP2;CDKN3"
"OLIG2","OLIG2 23332759 ChIP-Seq OLIGODENDROCYTES Mouse","157/1679","0.00013123271964657356753597428067337204993236809968948364257812","0.00066946421171056112297409468325781745079439133405685424805","0","0","1.4039274060195286","12.549058924217899146925","ARL6IP1;IRS1;CPOX;ARHGAP39;IL1RAP;SLC4A3;ZDHHC2;BACH1;BZW1;PLB1;GLDN;NR3C2;FAM107B;GRIP1;HTR7;GRB14;CDH1;DPYSL3;PALM;PAPOLA;RTTN;CHAC1;MB21D2;STK32A;PRKACB;LZTS1;TMPO;ST6GAL1;PAQR5;DAPK1;LMO4;CASK;MITF;LMO7;SYTL3;DISP2;CACNB2;INPP4B;SPATA13;CLIP4;TNIK;IDI1;SLC45A1;SLC1A1;GATA6;CHRD;TRANK1;CACNA1D;PIK3R1;AK7;ZFP36L1;EFNB2;ARSJ;SEC14L5;HIVEP3;FAM43A;MAP2K6;RABGAP1L;PSAPL1;XRCC4;SYT1;PBX3;CRIM1;HTR1B;NR2F2;FHDC1;PBX1;DCLK1;LRP1B;BMP4;PPFIBP1;CXCL11;BMP2;LIN28A;ID2;BCL2;DCHS1;PLCH1;PAM;CPEB4;CPM;CITED2;HNF4G;GRIK2;TSPAN12;RND3;PRSS23;SIPA1L3;GLI2;GRM7;RASGEF1C;SEC61G;PDE4B;SLC18A2;GALNT9;ADAMTS7;TMC1;ACTR2;GPR37;PDE4D;ITGA1;ANO4;PARD3B;RNF144B;PLCB4;ZEB1;NAV3;MDFIC;EHHADH;PLSCR4;TFEC;EEF1E1;CD44;CRB2;SAMD5;PRPS1;PRIM2;CAMK2D;SYNPO2;PTAFR;NDUFB2;PRR5L;ADCY5;ABLIM2;ABLIM3;OXCT1;ATOH8;SLIT2;PDLIM5;CMTM7;GALNT3;BRF1;DMRT1;WNT7B;BMP8A;SAMD4A;SYT13;SORL1;DHRS4;EEPD1;KLF7;CENPF;GATM;KRT18;SLCO3A1;TRIML2;PSAT1;CTH;ST7;HNRNPA2B1;LNX1;SPRY2;SPRY1;VIM;PIK3AP1;SNTB1;SPC25"
"CTCF","CTCF 33576154 ChIP-Seq Human HilarLN ProstateCancer","310/3649","0.00013301646669107116587385530870335514919133856892585754394531","0.00067400961309905193206970519526066709659062325954437255859","0","0","1.2859610052556432","11.477250359660256862071","TES;ARL6IP1;LRR1;SPATA20;ZDHHC2;BACH1;HERC3;HTR7;PSMD2;DPYSL3;PSMD1;HOMER3;CCN2;CDK5RAP3;TNS2;ARSA;SRRM3;KRT8;MYO7A;P3H3;CPED1;BCAM;CLDN3;RUFY4;LACTB2;PPP1R3E;DDIT4;SPATA13;JTB;KCTD12;RIN1;CTXN1;SKAP2;SPTBN4;COL13A1;IL20RA;TMTC1;PIK3R1;RNF215;BLOC1S2;SEC14L5;FAM43A;ARSG;GTF2IRD2B;ZNF268;DECR1;PCK2;FDFT1;ABCA1;RTBDN;VASP;ABCA2;NGFR;CDK18;AFAP1L2;CARMIL2;ABCA3;PARP16;NR1D1;GRIN2C;CCDC9B;ELL3;NFATC4;PARP10;HNRNPM;PPFIBP2;ID2;CREBRF;ARMC12;ANP32B;ITM2C;RET;DHRS13;FKBP10;NRP2;SYNM;ZNF250;CITED2;TGFB1I1;GRIK4;GLI2;ZCWPW1;TUBA1B;NUF2;DNER;ELOA;FGFBP3;AASS;ZHX2;GAA;NOG;PGGHG;TMC8;KREMEN2;TMEM150C;CBFA2T3;MTSS2;FAM222A;MRPL51;TUBB2A;PSMA1;KIFC2;MMP17;CKS2;KIFC3;FJX1;HBEGF;CRB2;SAMD5;PRIM2;PCNA;CLDND1;GCNT1;PRICKLE1;TYMP;RIDA;FGD6;STAMBPL1;CSMD3;MAP4K5;P4HTM;CA11;TIGAR;CD72;KCNB1;WNT7B;PTGES3;AKR1C3;PLEKHA6;KAZALD1;DHRS2;GRHL2;MPP7;PSMB9;TARBP1;DHRS4;SH3RF2;NOL4L;TFAP4;FABP5;SLCO3A1;ZNF219;NOTUM;LIMS2;SLC27A1;IRS1;RORC;IRS2;ARHGAP39;IL1RAP;SSC4D;PLB1;NR3C2;FGF9;SALL4;PALM;PAPOLA;OIP5;ENPP3;SLC25A45;LARGE1;MAP3K5;TGM2;MAGI1;RNF43;KIRREL1;IGFBP3;ADAM11;NPY1R;SRCIN1;MOB3B;OLFM1;FRMD5;OLFM2;CACNB3;FSCN2;STEAP1;EMID1;FAIM;RTN4R;BRSK1;CUL7;NXPH3;INSIG1;LTBP2;MRO;KRCC1;LTBP1;ACAT2;GLIS2;EFNB2;SOCS3;ANTKMT;ZBBX;CASKIN1;ZNF783;ATP5ME;GGT7;ACBD4;ANKRD24;NEK5;SRD5A3;POU2F3;SYT7;PAN2;DIAPH1;NR4A1;NAT1;ATG16L2;BAMBI;CDK3;ITGA10;NOXA1;ADSS1;MELTF;NES;BCL2L1;MIPEP;DOCK4;DOCK3;DDX46;ITGB4;ONECUT1;MAST1;FHL2;TNFAIP3;HMGB1;EFCAB11;TSPAN12;RND3;USE1;PITPNC1;LYL1;KIAA1549;CA2;RASGEF1C;SCRN2;PMEPA1;SPEG;SPDL1;MAN2C1;DACT1;ADAMTS7;EIF5B;HSP90AA1;PLEKHG5;ITGA1;TNFRSF19;PLA2G4C;TBC1D8;AXIN2;H2BC14;ELF3;COL6A2;RNF207;ZMYND10;METTL26;SMPDL3A;ITGA9;CCDC40;RBMS3;SMARCD1;CAMK2D;CEBPD;MTFP1;SEMA3D;SEMA3B;HSD17B14;U2AF1;HMGCR;DEPP1;PPM1F;AP3M2;TMEM201;ABLIM3;MGAT5B;NRIP1;LRIG1;SNCG;SLIT2;HNRNPA1;PCDH1;PDLIM5;MUC4;HES4;H2AZ1;TBX1;SLC12A5;TAF15;KCNJ11;KCNIP3;AHNAK2;CYP51A1;PLCL2;MERTK;FBXL13;SORL1;FMNL3;ADGRD1;EEPD1;MAPK11;KLF7;MYO15B;TAFA3;ST7;RAB13;TLL2;SPRY2;LTBR;SSBP2"
"YAP1","YAP1 20516196 ChIP-Seq MESCs Mouse","172/1868","0.00013637677944698667342748876762925647199153900146484375000000","0.00068642978988316626347970794697062046907376497983932495117","0","0","1.3827321942528210","12.306439682868662188753","SH3GL3;MAML2;IRS1;PLEKHB1;SLC4A3;ANTXR2;CLGN;NR3C2;CCT6B;ZFYVE28;GRIP1;CCND1;TRIM29;CDH1;FTH1;DPYSL3;PALM;RPS6KA1;SOX9;TNS3;TMPO;MAGI1;RNF43;SLC15A2;MSX2;DAPK1;CACNA2D1;IGFBP3;KRT8;NPY1R;MITF;ANK1;EREG;GPRIN3;OLFM1;INPP4B;CLDN3;RUFY4;KCNQ1;PNLDC1;PARD3;SLC9A9;COL4A6;COL4A5;MAML3;ZFPM1;EMID1;SKAP2;TACSTD2;CHRNA9;CACNA1D;PIK3R1;PLD1;FBLN5;ZFP36L1;PRDX1;HOXC4;HIVEP3;ARSG;STXBP6;SOCS6;MAP2K6;ST14;IQSEC1;LIF;AMMECR1;NR2F2;SNF8;NR1D1;BMP7;DCLK1;BMP4;MSRA;PYY;PPFIBP1;GNAL;NAT1;ID2;CHMP2B;TBCE;ANP32E;PLCH1;LHX5;CNTNAP2;COL18A1;CALCOCO1;DDX46;ONECUT3;CITED2;DOCK8;FHL1;RASGRF1;DYSF;SLC2A1;TNFAIP3;SLC2A3;SIPA1L2;PITPNC1;OSBPL10;GLI2;MRC2;ADAMTS2;GRM7;RASGEF1C;SEC61G;PBK;PDE4B;DLGAP1;HORMAD2;PRKG1;EIF5A;ACTR2;ZHX2;CAMK1D;SYK;IZUMO1;PDE4D;USP44;TEX14;NAV2;AXIN2;ANO4;CBFA2T3;PARD3B;ETV6;ARL4C;NAV3;PALLD;RNF207;PPARG;MCM5;KIFC3;PPARA;EEF1E1;ALDOA;CHST2;RBMS3;PRIM2;NFIX;LAMA2;FGL1;PPM1H;PRICKLE1;AOAH;LIN9;CRIP1;THSD4;GLRA1;FGD6;MGAT5B;NRIP1;MICALL2;MAN1C1;LRIG1;CSMD3;SLIT2;TRIM44;WASF3;DMRT1;USP9Y;WNT7B;IRX3;CENPE;NUDT7;PDE10A;FABP5;PIK3IP1;HNRNPA2B1;LNX1;SPRY2;EIF3C;SSBP2"
"P300","P300 19829295 ChIP-Seq ESCs Human","150/1594","0.00013911276889864128219163885713527406551293097436428070068359","0.00069221458896831240380914662679856519389431923627853393555","0","0","1.4123634454473759","12.542106118982559337383","STMN3;PRDM1;GRPR;SLC4A3;GLDN;HTR7;FGF9;TRIM29;DPYSL3;LIPG;RASSF6;PAPOLA;STK32A;LZTS1;TNS3;MAGI1;SLC15A1;SLC15A2;MSX2;LMO4;CACNA2D1;IGFBP3;WDR72;MITF;ANXA10;MYO7A;KIAA1217;FRMD5;SLC9A9;KCTD12;MAML3;SNRPF;SKAP2;SLC45A1;INSIG2;IL20RA;PIK3R1;LTBP1;ARL17B;POU5F1B;EFNB2;PDGFC;HMOX1;ST3GAL6;FAM43A;S100A10;MAP2K6;ABCA1;ARHGEF35;SYT1;TNFRSF9;CRIM1;HTR1B;NR2F2;FHDC1;CORO2B;DCDC1;BMP2;PPFIBP2;GNAL;BAMBI;ID2;CNTN1;CNTNAP2;FKBP10;DOCK3;MAST4;CITED2;HNF4G;N4BP2L1;GRIK2;HMGB1;RND3;PRSS23;MYPN;RYR3;SDR16C5;SEC61G;ANKRD1;DLGAP1;AASS;ACTR2;ZHX2;GPR37;CCDC34;TESC;USP44;NAV2;ANO4;DUSP6;PARD3B;ARL4C;RNF144B;VCAN;MMP16;NAV3;MDFIC;B3GNT5;C1D;IL1RAPL1;TFEC;MNS1;ST6GALNAC5;RBMS3;SAMD5;PRIM2;CAMK2D;LAMA2;SEMA3D;LAMA4;PELI2;CXCR4;PRICKLE1;AOAH;CRYZ;AP3M2;GLRA1;GCNT2;LRIG1;REPS2;CHSY3;EPS8L3;SLIT2;PCDH1;MBNL3;MUC4;LEKR1;IL12RB2;NQO1;CENPW;MACC1;PLCL2;SAMD4A;GRHL2;PLEKHA7;EEPD1;KLF7;NUDT7;FRAS1;PSAT1;MORN2;ST7;TCEA3;LNX1;TLL2;SPRY2;VIM;SSBP2;SNTB1;CDKN3"
"CDH4","CDH4 35650610 ChIP-Seq mESC Mouse Stem Autism","82/774","0.00013935975830885229402762715000818616317701525986194610595703","0.00069221458896831240380914662679856519389431923627853393555","0","0","1.5957432464759025","14.167729465748749362319","SLC27A1;NRP2;SPARC;PLEKHB1;SLC4A3;SIPA1L2;SIPA1L3;PITPNC1;CCT6B;LFNG;TRIM8;SEC61G;MCF2L;MACROD1;PMEPA1;MYBL2;HMCN1;MB21D2;TNS3;CCDC38;CHST7;PLEKHG5;KRT8;TMC8;ACSL5;MAPK8IP2;DUSP6;FAM222A;PSMA1;PALLD;KCNQ1;SDHAF1;SPATA13;CLIP4;EMID1;SKAP2;EPHA2;CCDC40;RBMS3;CUL7;DHX9;NXPH3;SYNPO2;CHRD;DAPP1;PIK3R1;C2CD4C;LTBP1;ADAMTS10;NPAS2;GLIS2;FGD2;ZFP36L1;GLRA1;SOCS3;ABLIM2;TNKS2;SEC14L5;GAR1;FAM43A;STXBP6;H2AZ1;NTNG2;CDRT4;CARMIL3;PNMA2;HSPE1;BMP7;MAPK15;GDAP1;SYT7;DHRS4;KLF8;ADGRD1;PPFIBP2;NOL4L;FABP5;SPRY2;DEGS2;FRK;BCL2L1;MAP3K12"
"CTCF","CTCF 27219007 Chip-Seq Bcells Human","153/1633","0.00014635894031436247689215157663511490682139992713928222656250","0.00072025685189712495594405172738561304868198931217193603516","0","0","1.4059623813002191","12.413872379728463357651","FHOD3;KCNG3;IRS1;CHRM4;RORC;LOXL4;STMN3;OGDHL;SPATA20;HTR6;FAM186B;DHX58;NRTN;HMCN1;SOX9;HMGN2;PRKACB;PPFIA4;SAMD11;PIAS3;CCDC154;LMO4;APLP1;VASH1;HSPG2;GRIP2;ACAP3;CACNB2;OBSCN;SCNN1D;DDIT4;KCNQ4;DPEP1;KCTD12;MAML3;CTXN1;ZFPM1;EPHA2;NOTCH1;COL13A1;FBLIM1;SLC45A1;TMEM59L;CLCNKB;PPL;ADAMTS10;GLIS2;TMEM25;EFNB2;TMEM125;SEC14L5;CASKIN1;HOXC4;MAP6;SFN;HIVEP3;KCNF1;FDPS;ST14;ACBD4;TNFRSF9;MCAM;TMEM132A;POU2F3;DCLK1;SYT7;NFATC4;ABHD15;PCDHGA10;BMP4;PPP1R1A;TCN2;DLG4;COL9A2;MKX;PLCH2;NES;RET;ITGB4;TTC22;TGFB1I1;HSPB8;KCNC4;ONECUT1;BHLHE41;TNFAIP2;SLC2A1;GRIK4;ECSIT;MSLN;USE1;RYR3;LYL1;SIX4;CTSH;FGFBP3;EIF5AL1;KLF11;ZHX2;CAMK1D;PLEKHG5;NBPF10;TMC8;TRPT1;MMEL1;CBFA2T3;IL17RC;EPN3;ELF3;OAF;RTN4RL1;B3GNT5;COL6A2;HKDC1;RNF207;MMP17;SDHAF1;TRNP1;ST6GALNAC5;CCDC40;SNX33;PTGS2;DCST2;POLD4;TMEM201;GPR153;ZNF747;HAS3;MAN1C1;SNCG;HES4;ZNF461;SLC12A5;CD72;F10;KCNJ11;KCNIP3;BMP8A;PLEKHA6;SYT13;PLEKHA7;DHRS3;MAPK11;TFAP4;KRT18;MYO15A;NOVA2;ZNF219;RAB13;SPRY2;PTPN7;VIM;SLC25A34"
"ERA","ERA 27197147 Chip-Seq ENDOMETRIOID-ADENOCARCINOMA Human","86/822","0.00014786136761687538958807974776021865181974135339260101318359","0.00072025685189712495594405172738561304868198931217193603516","0","0","1.5744031993437244","13.885032474355140763578","CPM;COL18A1;EHF;SERPINA1;GAL3ST1;IRS1;HSPB8;RASGRF1;CITED4;BHLHE41;FHL2;OGDHL;NR3C2;ZFYVE28;LFNG;TRIM6;PAPOLA;NEK2;HOMER3;HMCN1;SLC25A45;TNS4;TNS3;TGM2;MAGI1;GPR37;MSX2;TEX14;WDR72;MITF;ANXA10;DUSP6;SYTL3;INPP4B;ELF3;RTN4RL1;PALLD;C1D;MAML3;SPATA18;SCG2;CD44;SHC2;RBM47;SLC45A1;LAMA4;GCNT1;CHRNA9;PRR5L;PIK3R1;PRICKLE1;KIAA0040;ADCY5;FGD2;ZFP36L1;GNG4;PDGFC;NRIP1;LRIG1;REPS2;FADD;STXBP6;GTF2IRD2B;CA12;CMTM7;TMEM120B;EGR3;AMBP;IQSEC1;ABCA3;SRD5A3;SIAH1;MBOAT1;CRIM1;LIF;GRHL2;DHRS3;EEPD1;FRAS1;BAMBI;DLG5;ITGBL1;DEGS2;CD22;CPEB4;TMEM229B"
"AR","AR 35650195 ChIP-Seq DSRCT Human Mesenchymal Sarcoma","94/916","0.00014786730072060180730085521272343385135172866284847259521484","0.00072025685189712495594405172738561304868198931217193603516","0","0","1.5427102442881502","13.605462940553740835981","DENND1C;GPSM1;MAST4;CHRM4;CTSV;SLC4A3;ENO3;PITPNC1;RYR3;TXNDC17;HTR6;JPH2;HERC3;GRM7;CA2;SLC22A17;RASGEF1C;SEC61G;ITGAX;MYBL2;PXDC1;CHAC1;HMCN1;GALNT9;TNS2;DACT1;KCNH2;PIAS3;HSP90AA1;KCND1;CCDC34;STARD9;ADAM11;ACSL6;KRT8;KREMEN2;ANK1;ZDHHC14;FOXP1;OLFM1;CACNB2;MMP14;TOX2;OBSCN;SLPI;RIN1;ITGA9;FAIM;PTGER4;IDI1;EXD3;TUBAL3;CEBPD;MTFP1;PPM1H;CXCR4;SNX33;PIK3R1;TXN;AKAP5;INAVA;ZFP36L1;PSMB6;WNT6;CRACR2B;MGAT5B;SUSD4;EPS8L3;PTCHD4;APOL3;RTBDN;NTNG2;CDK18;FOXF1;IQSEC1;MEIG1;RFTN1;AHNAK2;MBOAT1;PLEKHA6;ZBTB12;NR1D1;CORO2B;DHRS2;GRIN1;BMP2;ATG16L2;PSMC1;BCL2;RNF182;TLL2;DEGS2;SLC25A34;FOLR1"
"KLF4","KLF4 18555785 Chip-Seq ESCs Mouse","141/1486","0.00015386996616258187824295700085741600560140796005725860595703","0.00073429881604060030959868488054098634165711700916290283203","0","0","1.4234136346339608","12.496721489762460777229","EHF;SERPINE2;CSF1;IRS1;CTNND1;IKZF2;ABCA12;SLC4A3;BZW1;KLHL30;RGS4;GPR176;GRB14;ARHGAP40;MPZ;SALL4;PSMD1;NEK2;OIP5;CHAC1;HMCN1;PRKACB;PPFIA4;RAG1;TGM2;IL15RA;NHLRC3;VASH2;EBF4;LEMD1;SLC9A2;DISP2;CYP27A1;OLFM1;CACNB2;FRMD5;SPATA17;CACNB4;SLPI;CYP2U1;RUFY4;LACTB2;HAT1;MALL;MAML3;SCG2;NGEF;SHC4;SLC45A3;NOTCH1;DHX9;INSIG2;ILDR2;NPAS2;ABO;WNT6;ST8SIA6;CHST14;TNFSF18;NTNG2;CDK18;GGT7;RABGAP1L;COL24A1;MEIG1;PBX3;NMI;BMP7;PBX1;NOXA1;BCL2;PAM;BCL2L1;ITM2C;ARHGAP11A;GPSM1;NRP2;FHL2;DBI;RYR3;GLI2;JPH2;NUF2;DNER;PMEPA1;SPEG;CPXM1;MYBL2;SH3D19;GPR39;EIF5B;CCDC34;GPR35;TBC1D8;GLRX2;F3;SERPINB5;PARD3B;ARL4C;TOX2;PLCB4;ELF3;FJX1;ST6GALNAC5;CD44;CRB2;LAMA5;PRIM2;SLC20A1;RGS16;NDUFB3;CXCR4;PRR5L;LIN9;PTGS2;STAT4;SUSD4;ROMO1;TRIM44;SLC12A5;KCNB1;KCNIP3;PLEKHA6;SYT13;MERTK;HSPE1;GDAP1;SGPP2;KLF7;CENPF;COL3A1;GATM;DES;CTH;SARDH;PI15;SPRY1;PTPN7;VIM;RAMP1;IL18R1"
"NR3C1","NR3C1 23031785 ChIP-Seq PC12 Mouse","78/730","0.00015389684853714353596557118386556339828530326485633850097656","0.00073429881604060030959868488054098634165711700916290283203","0","0","1.6097805126128155","14.132630141605623919077","RET;SH3GL3;IRS1;CITED2;ONECUT1;RASGRF1;N4BP2L1;FGF2;PLAU;MCF2L;DPYSL3;ANKRD1;PDE4B;LZTS1;KCNH2;TNNC1;ITGA1;KRT8;AXIN2;F3;DUSP6;FOXP1;DISP2;OLFM1;PLCB4;ZEB1;NAV3;DDIT4;PLSCR4;SCG2;FAIM;SHC4;SMARCD1;CAMK2D;NFIX;INSIG2;IL20RA;CHRD;TWIST1;PIK3R1;ZFP36L1;DPP4;SCUBE1;PDGFC;CHN1;NPHP1;ATOH8;HOXC4;FAM43A;SLIT2;PDLIM5;NGFR;RABGAP1L;SYT1;DNASE2B;MCAM;TMEM132B;PLCL2;NR2F2;SYT13;FHDC1;SORL1;PLEKHA7;LRP1B;KLF7;PPFIBP2;SBK1;PIK3IP1;BAMBI;PAH;CTH;ID2;ST7;LCN2;ID3;NF2;FRK;BCL2L1"
"NFE2L2","NFE2L2 20460467 ChIP-Seq MEFs Mouse","90/870","0.00015464041291451052296049284429102499416330829262733459472656","0.00073429881604060030959868488054098634165711700916290283203","0","0","1.5555523205031154","13.649050807732155732310","EHF;MAML2;IRS1;CITED2;HFE;SERPINE1;CTNND1;IRS2;ABCA12;SIPA1L2;AREG;RND3;GLI2;RGS4;MRC2;HERC3;HTR7;GRB14;SIX4;FTH1;RASSF6;DLGAP1;PRKG1;CAMK1D;DAPK1;CACNA2D1;SERPINF1;IGFBP3;IZUMO1;LMO7;TMC6;AXIN2;VWA5B2;F3;GRIP2;FOXP1;VCAN;CLDN3;SLPI;MDFIC;FJX1;SAMD5;LAMA2;FBLIM1;INSIG2;SYNPO2;LAMA4;PELI2;NDUFB3;GCNT1;PPM1H;DAPP1;TWIST1;CACNA1D;PTGS2;CRYZ;EFNB2;SOCS3;PRDX1;PDGFC;HMOX1;TSPAN2;FAM43A;CSMD3;EPS8L3;FDFT1;KCNF1;NQO1;GSTM2;YES1;EYA4;BMP8A;CRIM1;NR2F2;PBX1;BMP4;SH3RF2;ATG16L2;FAM131B;PAH;RCAN2;ST7;TBCE;CNTN1;LNX1;PI15;CHPT1;PAM;FRK;CDKN3"
"NRF2","NRF2 20460467 ChIP-Seq MEFs Mouse","90/870","0.00015464041291451052296049284429102499416330829262733459472656","0.00073429881604060030959868488054098634165711700916290283203","0","0","1.5555523205031154","13.649050807732155732310","EHF;MAML2;IRS1;CITED2;HFE;SERPINE1;CTNND1;IRS2;ABCA12;SIPA1L2;AREG;RND3;GLI2;RGS4;MRC2;HERC3;HTR7;GRB14;SIX4;FTH1;RASSF6;DLGAP1;PRKG1;CAMK1D;DAPK1;CACNA2D1;SERPINF1;IGFBP3;IZUMO1;LMO7;TMC6;AXIN2;VWA5B2;F3;GRIP2;FOXP1;VCAN;CLDN3;SLPI;MDFIC;FJX1;SAMD5;LAMA2;FBLIM1;INSIG2;SYNPO2;LAMA4;PELI2;NDUFB3;GCNT1;PPM1H;DAPP1;TWIST1;CACNA1D;PTGS2;CRYZ;EFNB2;SOCS3;PRDX1;PDGFC;HMOX1;TSPAN2;FAM43A;CSMD3;EPS8L3;FDFT1;KCNF1;NQO1;GSTM2;YES1;EYA4;BMP8A;CRIM1;NR2F2;PBX1;BMP4;SH3RF2;ATG16L2;FAM131B;PAH;RCAN2;ST7;TBCE;CNTN1;LNX1;PI15;CHPT1;PAM;FRK;CDKN3"
"PAX3-FKHR","PAX3-FKHR 20663909 ChIP-Seq RHABDOMYOSARCOMA Human","94/918","0.00015974900733820520293444744641675470120389945805072784423828","0.00075381562837715577508890252289575073518790304660797119141","0","0","1.5387925632689770","13.451980985776900823225","NRP2;TES;IRS1;CITED2;DOCK8;FHL2;OTUD7A;TNFAIP3;GRIK2;ANTXR2;PRSS23;RYR3;GRIP1;PBK;PSMD1;HMCN1;STK32A;TNS3;PRKG1;DACT1;ZNF365;TMC1;MAGI1;ZHX2;MSX2;DAPK1;LMO4;PDE4D;NOG;VASH2;ANXA10;NAV2;HSPG2;CBFA2T3;ZDHHC14;PARD3B;ARL4C;KIAA1217;CACNB2;INPP4B;TOX2;ADCY9;ZEB1;NAV3;PARD3;EHHADH;PPARG;MAML3;PPARA;SCG2;RBMS3;PRIM2;CAMK2D;SLC45A1;SEMA3D;ALOX15;PPM1H;IL20RB;CXCR4;TMTC1;PIK3R1;KLHL13;THSD4;TTN;EFNB2;ZNF704;PDGFC;CSMD3;STXBP6;MAP2K6;XRCC4;FOXF1;EYA4;ZNF804A;PCDHB14;NR2F2;GP6;BMP7;SGPP2;DCLK1;SYT7;LRP1B;NFATC4;KLF7;BMP2;GNAL;PDE10A;ITGA10;DLG5;CHMP2B;NOSTRIN;LNX1;ITGBL1;SPRY1"
"POU5F1","POU5F1 16518401 ChIP-PET MESCs Mouse","87/836","0.00016235772246039979066489777892456913832575082778930664062500","0.00076136695936398655557009185201877699000760912895202636719","0","0","1.5651079586477841","13.656675808495856827562","COL18A1;SLC27A1;HSPB8;ONECUT1;MAST1;DYSF;HNF4G;SIX1;SLC2A3;IL1RAP;ZDHHC8;JPH2;ADAMTS2;SIX4;CDH1;PSMD2;SEC61G;DLGAP1;MYBL2;PRKG1;MAP3K5;EOMES;CAMK1D;SYK;IGFBP3;PDE4D;TNFRSF19;APLP1;TBC1D8;MITF;HSPG2;DKK1;SYTL3;EPN3;CLDN3;MMP16;KIFC2;PARD3;DDIT4;SLC9A9;CSNK2B;CLOCK;RBMS3;NFIX;NDUFB3;SEMA3B;EBI3;CHRD;CACNA1D;PIK3R1;DLL1;ADCY5;FGD2;ZFP36L1;BLOC1S1;SPOCK2;PDGFC;ATOH8;LRIG1;PDLIM5;PCK2;TBX1;YES1;TXNRD2;MEIG1;PLCL2;PBX3;LIF;SYT13;GRIN2C;BMP7;MAPK15;BST1;PYY;PPFIBP2;FASN;LRFN1;CTH;PSMC2;ST7;TCEA3;SPRY2;LHX5;RCOR2;PAM;NES;CRLF1"
"DPY","DPY 21335234 ChIP-Seq ESCs Mouse","148/1575","0.00016501371541987027769839146973396282191970385611057281494141","0.00076904540211112379713420672544543776893988251686096191406","0","0","1.4092962274337084","12.274240074430995406374","KCNG3;SLC27A1;SERPINE2;PLEKHB1;STMN3;SPATA20;ZDHHC8;ENO2;BZW1;KLHL30;TXNDC17;ZFYVE28;HERC3;MACROD1;NEK2;HMCN1;PPFIA4;MAP3K5;KCNH2;EOMES;LAG3;MSX2;IGFBP3;OVOL1;RUFY4;LACTB2;DDIT4;HAT1;KCTD12;MAML3;FKBP9;ZFPM1;SKAP2;SLC45A3;SLC26A1;DHX9;GIPR;SLC45A1;NXPH3;INSIG2;NPR3;IL20RA;DAPP1;TWIST1;PIK3R1;C2CD4C;NPAS2;ZFP36L1;TMEM125;BLOC1S1;HMOX1;AP1M2;PCK2;EGR3;PTPRN2;SYT1;ANKRD24;PBX3;CRIM1;PARP16;GRIN2C;GPR137C;BMP4;ATG16L2;DLG4;ID2;DLG5;BCL2;ANP32B;SLC26A4;PAM;NES;CCNJL;CPEB4;MAP3K12;ITM2C;FANK1;FKBP10;NRP2;DOCK4;CITED2;TGFB1I1;KCNC4;TNFAIP3;SIX1;DBI;RND3;ORM2;SHD;MMP20;LYL1;THBD;TUBA1B;SEC61G;DLGAP1;TK1;ZHX2;CCDC34;TESC;USP44;TBC1D8;GLRX2;SYNGR3;ARL4C;VSNL1;B3GNT5;COL6A2;FJX1;CRB2;SAMD5;SMARCD1;PAPLN;HSD17B14;CXCR4;PRR5L;LIN9;PTGS2;DLL1;PPM1F;APOLD1;ADCY5;FGD2;TTN;PSMB6;AP3M2;SH3TC2;NRIP1;STAT4;SUSD4;PCDH1;PDLIM5;PTGES3;PCDHB14;KAZALD1;GDAP1;MAPK11;KLF7;PER3;LBX2;PIK3IP1;PSMC1;SGSM2;RIMBP3;SPRY2;SPRY1;SYCP3;FOLR1;CDKN3"
"CTCF","CTCF 18555785 ChIP-Seq MESCs Mouse","111/1123","0.00017116561140415761346940393128335244909976609051227569580078","0.00079282231049165017861685145206251945637632161378860473633","0","0","1.4830092733353604","12.861959957414059729786","FHOD3;SPATA20;GRPR;HTR7;DPYSL3;PALM;RPS6KA1;PSMD1;HOMER3;SOX8;SLC25A45;TGM2;KCTD19;IGFBP3;NPY1R;MYO7A;OLFM1;DEPDC1B;RUFY4;CSNK2B;RIN1;STEAP1;ABCG1;GATA6;IL20RA;FOXO6;LTBP2;PPL;LTBP1;SOCS3;SYNGR1;ABCA2;KCNF1;AFAP1L2;ABCA3;CORO2B;SYT7;PCDHGA10;PPFIBP2;BAMBI;ITGA10;NOXA1;PIR;ANP32B;RCOR2;NES;BCL2L1;MIPEP;DHRS13;CNTNAP1;DDX46;LAMC3;CITED2;MAST1;SLC2A1;GRIK4;TNFAIP3;SLC2A3;RND3;GLI2;BCL7A;RASGEF1C;NUF2;SCRN2;DNER;CTSH;CCIN;ABCD1;TMED4;EIF5A;EIF5B;CHST7;CAMK1D;GAA;PLEKHG5;KREMEN2;TEX19;C1QL1;PSMA1;ELF3;COL6A2;RNF207;MMP17;MCM5;ITGA9;SMARCD1;CEBPD;IDUA;SEMA3D;GCNT1;PPM1H;HSD17B14;CXCR4;CRYZ;ABLIM3;OXCT1;DDT;MGAT5B;TAF15;KCNJ11;WNT7A;PCDHB14;MERTK;DHRS4;FMNL3;SLC25A37;PSMC6;SLCO3A1;RAB13;PTPN7;RAMP1"
"P63","P63 26484246 Chip-Seq KERATINOCYTES Human","152/1627","0.00017624107297442090781618151407172945255297236144542694091797","0.00081135372009565737399378049232723242312204092741012573242","0","0","1.4008039740983562","12.108070151243223833148","SLC27A1;IL1RN;CSF1;PLEKHB1;SERPINE1;LOXL4;ABCA12;KLHL30;HEPHL1;PTTG1;TRIM29;CDH1;MPZ;LIPG;DHX58;RPS6KA1;HOMER3;CHAC1;SLC25A45;PRKACB;PIAS3;RNF43;S100A2;SERPINF1;ACSL6;KRT8;MAT1A;VWA5B2;OVOL1;HSPG2;FOXP2;ACAP3;ZNF91;PPP1R3E;DDIT4;SLC9A9;KCTD12;RIN1;SPATA18;ZFPM1;EPHA2;FBLIM1;GPR87;IL20RB;CACNA1D;LTBP2;KIAA0040;ZFP36L1;ARL17B;CHST12;BLOC1S2;ZBBX;ZBED2;SFN;S100A14;KCNN4;CPA4;PCK2;PROM2;TNFSF18;TMEM120B;ARHGEF35;ST14;YES1;BMP7;ANKHD1;PARP10;GJB2;ID2;CDK3;NOXA1;ID3;LHX5;COL9A2;TMEM19;OSCP1;DHRS13;ITGB4;LAMC3;CITED2;CITED4;BHLHE41;TNFAIP2;GPT;HOXC13;DUSP18;MSLN;SIPA1L3;OSBPL10;TRIM8;TMEM107;BDKRB2;PMEPA1;ANXA9;MAN2C1;DENND2C;CCDC34;PLEKHG5;AMT;BTN3A3;MMEL1;KRT32;AXIN2;ARL4C;EPN3;MMP14;B3GNT8;VSNL1;PALLD;C1D;TAX1BP3;TRIM55;SAMD5;SMARCD1;SAMD9;SLC20A1;RGS16;PTAFR;TMPRSS4;SEMA3B;CRIP1;THSD4;GPR153;SH3TC2;TNKS2;MICALL2;KLRG2;SNCG;PDLIM5;GABRE;MPZL2;HES4;CA12;CA11;LGI3;AHNAK2;SAMD4A;AKR1C3;MERTK;GRHL2;DHRS3;MPP7;KLF7;TFAP4;AADAC;TRIML2;PIK3IP1;AXL;KRT16;RIMBP3;LTBR;SLC25A34"
"DROSHA","DROSHA 22980978 ChIP-Seq HELA Human","49/409","0.00019447640230570831828930955520462475760723464190959930419922","0.00088987687115642298898987583299913239898160099983215332031","0","0","1.8217103116332192","15.566878457955732883988","RET;CNTNAP2;CPM;COL18A1;DYSF;OTUD7A;SERPINA5;ZFYVE28;JPH2;MCF2L;MACROD1;PDE4B;DLGAP1;TEX14;MYO7A;ANO4;MOB3B;BCAM;OBSCN;PALLD;KCNQ1;COL6A2;SLC9A9;MGLL;ABCG1;EPHA2;SAMD5;SPTBN4;FBN3;SHC2;COL13A1;GLRA1;CACNA1I;OXCT1;SUSD4;HIVEP3;MUC4;IL12RB2;RTBDN;ANKRD24;KCNB1;WNT7B;TMEM132B;PBX1;DHRS3;DCLK1;SLCO3A1;PSAT1;AXL"
"GATA1","GATA1 19941827 ChIP-Seq MEL86 Mouse","143/1519","0.00019689004604987072450349161467642034040181897580623626708984","0.00089549388414248429560182707120929990196600556373596191406","0","0","1.4107657866260730","12.037874182959512836533","KCNG3;EHF;MAML2;SERPINE2;ARL6IP1;IRS1;CHRM4;SERPINE1;STMN3;IRS2;ICAM5;GALNT10;ZFYVE28;HTR6;HMGN5;ARHGAP40;FTH1;DHX58;MACROD1;SOX8;HMCN1;PPFIA4;CDK5RAP3;PIAS3;SLC15A1;ACSL6;ACSL5;MITF;EBF4;OLFM2;ADCY9;NUP210L;PARD3;DPEP1;FSCN2;MAML3;ZFPM1;SCG2;SKAP2;GNAZ;GPM6A;DHX9;INSIG1;ENDOD1;GLIS1;NPHP1;RHPN1;HOXC4;SFN;ARSG;AP1M2;MAP2K6;ABCA1;SLC10A4;AFAP1L2;COL24A1;IQSEC1;LIF;FHDC1;GP6;BMP7;POU2F3;HNRNPM;GNAL;EFNA2;RCAN2;BCL2;ANP32E;RCOR2;CPEB4;CNTNAP1;DOCK3;SLC44A2;DOCK8;CITED4;TNFAIP2;SLC2A3;ECSIT;SIPA1L2;PRSS23;SIPA1L3;MYPN;SHD;PITPNC1;MRC2;TRIM8;BCL7A;TIMP2;CCIN;ANXA9;SLC18A2;CCR3;TTC23L;ADAMTS7;KLF11;AMN;GPR35;PDE4D;AMT;TMC8;AXIN2;CBFA2T3;COMMD4;SSTR5;C1QL1;KIFC3;ST6GALNAC5;CRB2;NDUFB3;TMPRSS4;LAMA3;GCNT1;PAPLN;POMP;ZDHHC23;PDXP;HMGCR;APOLD1;THSD4;GLRA1;TMEM201;SH3TC2;ABLIM3;GNG4;ATOH8;MAN1C1;GCNT2;PCDH1;WASF3;CDRT4;GSN;KCNB1;WNT7B;DONSON;SYT13;GRHL2;TARBP1;TMEM154;DES;PSAT1;FAM131B;LNX1;SPRY1"
"BRD4","BRD4 25478319 ChIP-Seq HGPS Human","163/1770","0.00020535700014681374653280343522965267766267061233520507812500","0.00092841038988529577067471132423293056490365415811538696289","0","0","1.3802125716018061","11.719054563001616742213","EHF;TES;LRR1;COL12A1;PRDM1;ZDHHC2;BACH1;BZW1;FGF2;PLB1;FGFRL1;GALNT10;TXNDC17;RGS4;CCND1;PTTG1;DPYSL3;PSMD1;PXDC1;SOX9;ACAD11;TNS4;CDK5RAP3;IGFBP3;KRT8;HNF1B;HSPG2;ANK1;GRIP2;FOXP1;CACNB3;EID3;ADCY9;FEZ2;CLIP4;JTB;FKBP9;SNRPF;TNIK;STEAP1;SHC4;COL13A1;DHX9;ARHGEF28;ZNF391;CHRD;IL20RB;LTBP2;PIK3R1;PPL;LTBP1;ZFP36L1;DPP4;SOCS3;SDCBP;ZMAT1;PDGFC;HMOX1;SOCS6;S100A10;MAP2K6;ABCA1;NGFR;RABGAP1L;PBX3;CRIM1;HTR1B;NR2F2;NR1D1;BMP7;DCLK1;NFATC4;PPFIBP1;ID3;ITGBL1;AMOTL2;MKX;NF2;CPEB4;BCL2L1;ARHGAP11A;FANK1;CPM;COL18A1;SYNM;DOCK4;TGFB1I1;HSPB8;KCNC4;SLC2A3;GRIK2;HMGB1;AREG;RND3;GLI2;TRIM8;ADAMTS2;PDE4B;TIMP3;DLGAP1;CCIN;TTC23L;CCDC34;ITGA3;PLLP;HEG1;TNFRSF19;DENND2A;NAV2;MSS51;ETV6;ARL4C;RNF144B;TOX2;MMP16;NAV3;MDFIC;PALLD;IRF1;COL6A2;C1D;COL6A1;FAM20C;KIFC3;EEF1E1;CD44;MGLL;RBMS3;WDR27;PTGER4;PRPS1;SMARCD1;NFIX;SEMA3D;GCNT1;SNX33;CRYZ;STAMBPL1;SH3TC2;TNKS2;ABLIM3;CHN1;NRIP1;MAN1C1;ZNF469;SLIT2;PCDH1;PDLIM5;P4HTM;LEKR1;CA12;CDRT4;TM4SF18;IRX3;KCNIP3;EYA4;CYP51A1;DONSON;GRHL2;TARBP1;KLF7;PSAT1;SPRY2"
"FLI1","FLI1 21867929 ChIP-Seq TH2 Mouse","141/1496","0.00020750574369189997295595540016677205130690708756446838378906","0.00093254069337728835113049408178653720824513584375381469727","0","0","1.4120893744370515","11.975014298630750175789","SPARC;TRAF3IP2;PRDM1;ALDH1L2;BACH1;GALNT10;CCT6B;GRIP1;SYDE1;FGF9;PALM;PAPOLA;ENPP3;SOX9;TNS3;MAP3K5;TMPO;MSX2;DAPK1;RALGAPA1;IGFBP3;HNF1B;LMO7;VASH1;SRCIN1;DEPDC1B;EID3;OBSCN;DDIT4;SPATA13;SNRPF;EMID1;GNAZ;SHC2;COL13A1;NXPH3;NPR3;IL20RA;TWIST1;LIN7A;CACNA1D;PIK3R1;C2CD4C;LTBP1;ZFP36L1;SOCS3;ARSG;STXBP6;MAP2K6;KCNF1;PTPRN2;XRCC4;SYT1;LIF;ABHD15;EFNA2;ID2;PAH;CNTN1;RNF182;NF2;TMEM19;SLC26A3;CPEB4;MIPEP;CPM;COL18A1;DOCK4;MAST4;ONECUT3;CITED2;LRRC3;TNFAIP3;SIX1;GRIK2;MYPN;PCSK4;PITPNC1;MRC2;ADAMTS2;RASGEF1C;SEC61G;TIMP3;HORMAD2;DACT1;CCDC38;ACTR2;KLF11;USP44;ITGA1;NOG;TEX14;TMC6;AXIN2;ANO4;DUSP6;RNF144B;VCAN;VSNL1;NAV3;RTN4RL1;CHDH;IRF1;COL6A2;HKDC1;C1D;COL6A1;HNRNPH3;EEF1E1;SMPDL3A;SAMD5;PTGER4;LAMA2;ATL1;LAMA4;PPM1H;HMGCR;AOAH;UQCR10;ADCY5;GLRA1;FGD6;GNG4;DDT;SPOCK2;MGAT5B;SLC25A21;CSMD3;MAP4K5;CDRT4;WNT7B;EYA4;MBOAT1;DHRS2;PSMC1;CHPT1;SYCP3;SSBP2;FRK;CDKN3;NUP37"
"STAT3","STAT3 24763339 ChIP-Seq IMN-ESCs Mouse","133/1398","0.00021269891344617575658186570120022906849044375121593475341797","0.00094822494444830038914234782154721870028879493474960327148","0","0","1.4252086078173034","12.051040856557127867177","FHOD3;KCNG3;EHF;MAML2;TRAF3IP2;SLC4A3;HTR6;FGF9;CDH1;SALL4;LIPG;TNS4;TNS3;TMPO;SRRM3;DAPK1;LMO4;IGFBP3;KRT8;ACSL5;ANXA10;LMO7;OVOL1;INPP4B;FRMD5;BCAM;DEPDC1B;FANCD2;KCTD12;NPR3;CHRD;TWIST1;TMTC1;LTBP1;ADAMTS10;ZFP36L1;EFNB2;TMEM125;PDGFC;ST8SIA6;FAM43A;STXBP6;SLC10A4;NGFR;ST14;PTPRN2;PBX3;PARP16;NR2F2;CORO2B;LRP1B;NFATC4;MSRA;PPFIBP2;BAMBI;ID2;RCAN2;NOSTRIN;ID3;AMOTL2;LHX5;COL9A2;NF2;TMEM19;RCOR2;BCL2L1;CNTNAP2;CPM;COL18A1;NRP2;CALCOCO1;CITED2;HNF4G;GRIK4;TNFAIP3;SLC2A3;SIPA1L2;RND3;PITPNC1;GLI2;MRC2;TUBA1B;MCF2L;PBK;PMEPA1;TIMP3;CCIN;TTC23L;TMC1;ACTR2;HSP90AA1;TNFRSF19;GLRX2;C1QL1;ARL4C;RNF144B;MDFIC;EEF1E1;RBMS3;AGPAT5;PRPS1;SEMA3D;GCNT1;ZDHHC23;LIN9;MGAT5B;NRIP1;HAS3;MICALL2;MAN1C1;GCNT2;LRIG1;SLC25A21;CHSY3;CSMD3;PCDH1;LEKR1;HNRNPA3;GSN;DMRT1;IRX3;SORL1;MAPK15;GDAP1;KLF7;NUDT7;SLCO3A1;TRIML2;PIK3IP1;SPRY2;CHPT1;SPRY1;CDKN3"
"CTNNB1","CTNNB1 24651522 ChIP-Seq LGR5+ INTESTINAL STEM Human","21/127","0.00021350760338571000865152960113135804931516759097576141357422","0.00094822494444830038914234782154721870028879493474960327148","0","0","2.6343355504275823","22.264977607223567446226","SYK;TNNC1;TNFRSF19;KRT23;CXCR4;AXIN2;KRT20;BMP7;DOCK11;WNT6;FRAS1;FGF9;IFI27;ID2;ANKRD1;LRIG1;SP5;CPXM1;S100A3;TNIK;NOTUM"
"OCT4","OCT4 18555785 Chip-Seq ESCs Mouse","140/1492","0.00026542752512441638136977961615059484756784513592720031738281","0.00116510338063333909915109121158138805185444653034210205078","0","0","1.4043245080284359","11.563444950213076722889","EHF;SERPINE2;CSF1;IRS1;CHRM4;CTNND1;IKZF2;ABCA12;SLC4A3;BZW1;KLHL30;FAM107B;RGS4;HTR6;GPR176;ARHGAP40;MPZ;SALL4;NEK2;OIP5;CHAC1;HMCN1;PPFIA4;TGM2;IL15RA;VASH2;EBF4;LEMD1;SLC9A2;DISP2;CYP27A1;OLFM1;CACNB2;FRMD5;SPATA17;NUP210L;RUFY4;LACTB2;MALL;TNIK;SCG2;NGEF;SLC45A3;DHX9;INSIG2;ILDR2;NPAS2;WNT6;ST8SIA6;CHST14;PROM2;TNFSF18;NTNG2;CDK18;GGT7;RABGAP1L;MEIG1;NMI;BMP7;PBX1;LRP1B;BMP2;NOXA1;BCL2;SP5;PAM;BCL2L1;ITM2C;ARHGAP11A;NRP2;FHL2;SLC2A1;DBI;RND3;RYR3;GLI2;HNF4A;NUF2;DNER;PDE4B;PMEPA1;SPEG;CPXM1;MYBL2;GPR39;EIF5B;CAMK1D;CCDC34;TBC1D8;GLRX2;F3;SERPINB5;PARD3B;ARL4C;TOX2;PLCB4;ELF3;FJX1;TRIM55;CD44;CRB2;PRIM2;SLC20A1;RGS16;NDUFB3;CXCR4;PRR5L;LIN9;PTGS2;TTN;CHN1;STAT4;SUSD4;PDLIM5;TRIM44;HNRNPA3;SLC12A5;GSN;GALNT3;KCNB1;KCNIP3;PLEKHA6;SYT13;MERTK;HSPE1;GDAP1;SGPP2;TTLL7;KLF7;CENPF;COL3A1;GATM;DES;CTH;SARDH;PI15;PTPN7;VIM;RAMP1;IL18R1"
"CRX","CRX 20693478 ChIP-Seq RETINA Mouse","140/1492","0.00026542752512441638136977961615059484756784513592720031738281","0.00116510338063333909915109121158138805185444653034210205078","0","0","1.4043245080284359","11.563444950213076722889","SPARC;SERPINE2;TRAF3IP2;IRS1;PRDM1;IKZF2;ABCA12;SLC4A3;ALDH1L2;BZW1;KLHL30;RGS4;MPZ;PSMD1;NEK2;ENPP3;HMCN1;TNS4;PPFIA4;TNS3;MAP3K5;TMPO;IGFBP3;VASH2;SRCIN1;LEMD1;SLC9A2;CYP27A1;SPATA17;OBSCN;RUFY4;LACTB2;DDIT4;SNRPF;SCG2;NGEF;EMID1;GNAZ;SLC45A3;COL13A1;DHX9;NXPH3;INSIG2;IL20RA;ILDR2;C2CD4C;NPAS2;WNT6;TNFSF18;NGFR;KCNF1;CDK18;RABGAP1L;ANKRD24;LIF;PBX1;EFNA2;PAH;BCL2;TMEM19;PAM;SLC26A3;CPEB4;ITM2C;CPM;NRP2;GAL3ST1;ONECUT3;CITED2;FHL2;TNFAIP3;SIX1;DBI;GRIK2;DUSP18;MYPN;GLI2;MRC2;ADAMTS2;RASGEF1C;SEC61G;NUF2;DNER;TIMP3;SPEG;CCDC38;ABCC3;GPR39;ACTR2;EIF5B;GPR35;USP44;NOG;TBC1D8;GLRX2;AXIN2;ANO4;DUSP6;SERPINB5;PARD3B;ARL4C;ELF3;COL6A2;COL6A1;SMPDL3A;SAMD5;PRIM2;LAMA2;LAMA4;RGS16;NDUFB3;PPM1H;CXCR4;UQCR10;LIN9;PTGS2;FGD6;SPOCK2;STAT4;SUSD4;CDRT4;TAF15;EYA4;PLEKHA6;HSPE1;GDAP1;SGPP2;KLF7;CENPF;COL3A1;DES;PIK3IP1;SGSM2;PI15;CHPT1;SYCP3;RAMP1;FRK;IL18R1;NUP37"
"STAT5","STAT5 23275557 ChIP-Seq MAMMARY-EPITHELIUM Mouse","91/897","0.00027774480343236557493974414612125656276475638151168823242188","0.00121212327509500608288539602597211342072114348411560058594","0","0","1.5210288367546432","12.455412861965283966015","ARHGAP11A;DHRS13;SLC27A1;SPARC;TTC22;SERPINE1;CITED4;RORC;IKZF2;SIPA1L2;OPLAH;SIPA1L3;THBD;HERC3;TRIM6;DBP;HEPHL1;SEC61G;DHX58;CASP4;PBK;PAPOLA;CTSH;MYBL2;ENPP3;EIF5A;IL15RA;FGFBP1;SLC15A2;LMO4;TNNC1;ITGA1;TNFRSF19;TBC1D8;SERPINB5;IL17RB;ETV6;GPRIN3;INPP4B;ELF3;NAV3;MDFIC;CHDH;IRF1;EHHADH;FEZ2;TRIM15;TNIK;EEF1E1;PLCB2;NGEF;TRIM55;GRAMD1B;RBM47;CEBPD;MTFP1;LAMA4;PTAFR;PIK3R1;GABARAP;NPAS2;ZFP36L1;SOCS3;STAMBPL1;TNKS2;STXBP6;PCDH1;PROM2;CD72;COL24A1;GALNT3;KCNIP3;SRD5A3;PLEKHA6;PARP16;SNF8;NMI;GRHL2;DCLK1;PAN2;NUDT7;PSMC6;PER3;TCN2;ID2;PSMC2;LCN2;PIR;FRK;IL18R1;SNTB1"
"SETDB1","SETDB1 19884257 ChIP-Seq MESCs Mouse","151/1634","0.00030472964083615709145538841262634832673938944935798645019531","0.00132224643006493463096018281532906257780268788337707519531","0","0","1.3823363195581673","11.191513168298772740172","ANKRD37;TES;ARL6IP1;TRAF3IP2;IRS1;CTNND1;NUDT1;SLC4A3;BACH1;BZW1;GALNT10;CLGN;CCT6B;GRIP1;GPR176;CDH1;RTTN;SOX9;LZTS1;TNS3;TMPO;EOMES;SLC15A1;MSX2;LMO4;SERPINF1;APLP1;MITF;ANXA10;EBF4;SYTL3;LEMD1;GPRIN3;DISP2;OXA1L;FRMD5;CACNB3;SLPI;KCNQ4;DPEP1;FSCN2;MAML3;SKAP2;EPHA2;GNAZ;GPM6A;IDI1;GIPR;NXPH3;NPR3;ALOX15;GATA6;TACSTD2;IL20RB;DAPP1;LTBP2;ABO;ZFP36L1;WNT6;SDCBP;SYNGR1;SCUBE1;TSPAN2;S100A14;NTNG2;AFAP1L2;EGR3;ACBD4;IQSEC1;ABCA3;LIF;HTR1B;NR2F2;SNF8;NFATC4;STAG3;ATG16L2;BAMBI;ID2;PAH;SP5;ITGBL1;LHX5;NES;ITM2C;DHRS13;COL18A1;SYNM;CALCOCO1;ONECUT3;LRRC39;RASGRF1;TNFAIP3;HOXC11;GLI2;LYL1;ZCWPW1;JPH2;NUF2;SCRN2;CTSH;CPXM1;FGFBP3;PRKG1;DACT1;ADAMTS7;TMC1;ACTR2;ITGA3;TRPC1;PLA2G4C;TRPT1;KCNAB3;COMMD4;ZDHHC14;ARL4C;ZEB1;PALLD;CDH15;PLCB2;SMPDL3A;CHST2;TRIM55;AGPAT5;LAMA5;NFIX;NDUFB3;THSD4;FGD2;TMEM201;SPOCK2;TRA2A;SNCG;EPS8L3;TRIM44;TBX1;IRX3;MBOAT1;PCDHB14;HSPE1;KAZALD1;DHRS2;CENPE;CENPF;TCEA3;TRMT6;PCYOX1L;RIMBP3;SPRY2;NOTUM;CCL26"
"NR1I2","NR1I2 20693526 ChIP-Seq LIVER Mouse","68/631","0.00031395742542598178547591514231385190214496105909347534179688","0.00135450203540923570615095439251263087498955428600311279297","0","0","1.6211525057895091","13.076626537361036639595","COL18A1;COL12A1;SERPINE1;DYSF;CPOX;IRS2;ENO2;AREG;ORM2;MYPN;PITPNC1;GRB14;CCND1;BCL7A;GRM7;CDH1;MPZ;ANXA9;SLC25A45;PTGDS;MAP3K5;ABCC3;ZHX2;CAMK1D;GAA;DENND2A;MAT1A;IL17RB;EPN1;FOXP1;PARD3B;ETV6;GPRIN3;ADCY9;PARD3;CHDH;SPATA13;MZF1;ZFPM1;MGLL;CCDC40;EPHA2;SMARCD1;SLC45A3;INSIG2;LAMA3;PPM1H;HMGCR;FGD6;ABLIM3;PSMB3;ATOH8;MAL2;HIVEP3;MAP4K5;PDLIM5;GSTM2;F10;AMBP;TXNRD2;SLC25A37;FRAS1;LBX2;PDE10A;FASN;ID2;PLCH2;PIK3AP1"
"RCOR3","RCOR3 21632747 ChIP-Seq MESCs Mouse","191/2142","0.00031953793386550266922285779003232164541259407997131347656250","0.00137074511402530984684189352407202022732235491275787353516","0","0","1.3351110401559521","10.745820862375431659075","ANKRD37;CHRM4;NUDT1;LOXL4;STMN3;OGDHL;IKZF2;SLC4A3;BACH1;BZW1;GALNT10;FAM107B;GRIP1;HTR7;CCND1;FGF9;PLAU;SALL4;RPS6KA1;PAPOLA;NRTN;HOMER3;HOXA1;TNS3;KCNH2;SRRM3;LAG3;KIRREL2;ACSL6;LMO7;MAPK8IP2;OVOL1;HSPG2;ANK1;FOXP1;DISP2;OXA1L;BCAM;CACNB3;CLDN3;EID3;DDIT4;SNRPF;TNIK;NPTXR;RIN1;SPATA18;ZFPM1;SCG2;EPHA2;COL13A1;FICD;NXPH3;CHRD;FOXO6;ILDR2;PLD1;CTIF;SOCS3;CACNA1I;WNT6;SCUBE1;ST3GAL6;FAM43A;PROM2;RTBDN;NGFR;TMEM120B;SYT3;PTPRN2;ACBD4;SYT1;AMBP;ANKRD24;IQSEC1;TMEM132B;IL31RA;PBX3;LIF;CYBRD1;NR1D1;GRIN2C;L1CAM;BMP7;SYT7;GPR137C;NFATC4;PARP10;NR4A1;PPFIBP2;LIN28A;PPP1R1A;ID2;PAH;RCAN2;DLG5;ID3;DCHS1;LHX5;MKX;DEGS2;PLCH2;RCOR2;ARHGAP11A;TMEM151A;FANK1;CPM;COL18A1;TTC22;KCNC3;DYSF;HNF4G;SLC2A1;SLC2A3;RND3;SIPA1L3;PITPNC1;GLI2;LFNG;BCL7A;BDKRB2;PMEPA1;TIMP3;TK1;GALNT9;DACT1;ACTR2;DENND2C;HSP90AA1;LYNX1;GAA;TESC;PLEKHG5;HEG1;TNFRSF19;NAV2;TMEM150C;SSTR5;RNF144B;ZEB1;VGF;ALDOA;ST6GALNAC5;ITGA9;CCDC40;AGPAT5;SMARCD1;NDUFB8;LAMA2;SEMA3D;ATL1;PAPLN;SLC5A11;HSD17B14;PPM1F;ADCY5;FGD2;GLRA1;TMEM201;GNG4;SPOCK2;MGAT5B;HAS3;STAT4;MAN1C1;LRIG1;SNCG;ROMO1;PCDH1;TRIM44;HNRNPA3;SLC12A5;DMRT1;WNT7B;MBOAT1;FBXL16;MEIS3;GDAP1;CENPF;SBK1;SLCO3A1;PIK3IP1;NOVA2;SGSM2;TCEA3;TRMT6;SPRY2;VIM;NOTUM;PIK3AP1;CCL26"
"NR3C2","NR3C2 34362910 ChIP-Seq WistarRat Hippocampus Stress","97/974","0.00033761658490735828004949969916026475402759388089179992675781","0.00144011594127150003782911191763105307472869753837585449219","0","0","1.4908858030958592","11.917544264437868406503","TRAF3IP2;ARHGAP39;ICAM5;FGF2;TXNDC17;PALM;NEK2;CCDC92;HMGN2;TNS2;MAP3K5;TGM2;KCTD19;HNF1B;LMO7;OBSCN;ADGRB2;KCNQ1;PARD3;SLC9A9;ADGRB1;GEMIN7;FKBP9;TNIK;MZF1;CTXN1;ARHGEF28;TMEM59L;PDGFB;CACNA1D;PPL;CACNA1I;SDCBP;NPHP1;GAR1;MAP6;RABGAP1L;SYT1;MEIG1;NR2F2;CORO2B;SYT7;LRP1B;MSRA;GNAL;RCAN2;NF2;SLC26A4;BCL2L1;FANK1;OSCP1;SYNM;MAST4;DOCK8;LRRC39;OTUD7A;EFCAB11;SIPA1L3;GLI2;ADAMTS2;TIMP3;DLGAP1;SPX;GALNT9;ACTR2;ADGRV1;CAMK1D;TESC;PLEKHG5;NAV2;AXIN2;MYRIP;F3;DUSP6;PARD3B;RNF144B;BANK1;PALLD;PPARA;SMARCD1;DNAH2;LAMA2;PPM1H;APOLD1;ATOH8;MAN1C1;LRIG1;PTCHD4;PCDH1;LEKR1;FBXL13;PLEKHA7;AXL;ST7;SGSM2;SARDH;CDKN3"
"POU5F1","POU5F1 18692474 ChIP-Seq MESCs Mouse","258/3012","0.00034090806629311586322533811355128818831872195005416870117188","0.00144381337569909158277670080394727847306057810783386230469","0","0","1.2866029133056325","10.272106062667564430058","EHF;SPARC;TRAF3IP2;PLEKHB1;NUDT1;STMN3;BACH1;LIPG;RPS6KA1;PSMD1;HOXA1;RTTN;CHAC1;ACAD11;PRKACB;TNS3;ARSA;ST6GAL1;CACNA2D1;ACSL6;EBF4;MAPK8IP2;ANK1;DKK1;CYP27A1;CLDN3;FNDC4;LACTB2;DDIT4;ADPRH;JTB;CFB;DHX9;SLC45A1;EBI3;IL20RA;LYPD3;GABARAP;LDHB;SYNGR1;PRDX1;PDGFC;SFN;HIVEP3;FDFT1;NGFR;ST14;RABGAP1L;EGR3;YES1;MCAM;MEIG1;PBX3;LIF;PARP16;NFATC4;BST1;PPFIBP2;STAG3;FASN;ID2;NMU;ID3;COL9A2;RCOR2;CD22;DHRS13;CITED2;SLC44A2;KCNC3;HNF4G;GRIK4;HOXC13;MMP20;GLI2;LFNG;TRIM8;ZCWPW1;JPH2;SEC61G;NUF2;PBK;DENND2C;FGFBP1;CNTD1;SYK;PLLP;HEG1;TEX14;MMEL1;TUBG2;TMC5;IL17RC;DUSP6;COMMD4;TEX19;MRPL51;PLCB4;PSMA1;CKS2;KIFC3;HBEGF;WDR27;PRIM2;IDUA;STAMBPL1;PSMB3;CHN1;HAS3;STAT4;GCNT2;AOC3;GSN;GRHL2;PLEKHA7;DHRS4;SH3RF2;PSMC1;TCEA3;FHOD3;DGKE;CHRM4;LOXL4;CHCHD2;CCND1;CDH1;SALL4;NEK2;ENPP3;KPNA2;TGM2;MAGI1;PIAS3;LAG3;SLC15A1;KIRREL2;MSX2;APLP1;LEMD1;FOXP1;SLC9A2;CACNB3;CACNB4;TMEM139;HAT1;SLC9A9;SNRPG;GEMIN7;ABCG1;SHC4;NOTCH1;SLC26A1;FBLIM1;ALOX15;DAPP1;KLHL13;CPLX1;PLD3;GLIS2;ZFP36L1;BCL2L12;DPP4;EFNB2;SOCS3;NPHP1;SYT3;ACBD4;ANKRD24;POU2F3;SYT7;EFNA2;CDK3;TBCE;LCN2;BCL2;RNF182;SPIRE2;AMOTL2;LHX5;NF2;NES;MAP3K12;ARHGAP11A;CNTNAP2;TTC24;DDX46;LAMC3;ONECUT1;DYSF;SLC2A1;HMGB3;SLC2A3;MSLN;RND3;PITPNC1;THBD;SIX4;MCF2L;SCRN2;HORMAD2;MYBL2;MAN2C1;HSP90AA1;CAMK1D;PLEKHG5;USP44;ITGA1;TNFRSF19;AMT;GLRX2;SYNGR3;ARL4C;ELF3;VGF;RTN4RL1;IRF1;MCM5;ZMYND10;ITGA9;PRPS1;LAMA5;SMARCD1;NDUFB8;CAMK2D;CEBPD;RGS16;POMP;NDUFB2;SLC5A11;PDXP;HMGCR;DLL1;PPM1F;TTN;AP3M2;GNG4;MGAT5B;TRA2A;NRIP1;PCDH1;MUC4;TRIM44;TRIM40;SLC12A5;KCNIP3;FBXL13;MAPK15;KLF8;FMNL3;SBK1;PSAT1;CTH;ST7;RAB13;LNX1;SPRY2;SPRY1;LTBR"
"REST","REST 18959480 ChIP-ChIP MESCs Mouse","156/1701","0.00034230807185448659715060193420299583522137254476547241210938","0.00144381337569909158277670080394727847306057810783386230469","0","0","1.3712729663868797","10.942483237574833765393","SH3GL3;CHRM4;STMN3;SPATA20;PRDM1;ZDHHC2;BACH1;GALNT10;ZFYVE28;GRIP1;HTR6;FGF9;GRB14;TRIM29;PAPOLA;RTTN;ENPP3;ACAD11;HMGN2;TMPO;MAGI1;ST6GAL1;KIRREL1;MSX2;DAPK1;APLP1;ADAM11;ACSL6;WDR72;VASH1;EBF4;MAPK8IP2;ANK1;GRIP2;LEMD1;DISP2;OLFM1;ADCY9;PARD3;SLC9A9;NPTXR;ZFPM1;RTN4R;GPM6A;COL13A1;EBI3;TACSTD2;CHRD;FOXO6;CACNA1D;PIK3R1;PPL;CPLX1;SCUBE1;PDGFC;RHPN1;NCKAP1L;KCNN4;PROM2;SYT3;RABGAP1L;PTPRN2;SYT1;IQSEC1;PBX3;NR1D1;GRIN2C;L1CAM;BMP7;LRP1B;PCDHGA10;CXCL10;MSRA;NR4A1;BMP2;EFNA2;PAH;LRFN1;BCL2;SPIRE2;ANP32E;LHX5;DEGS2;NF2;SLC26A4;DDX3Y;CNTNAP2;FKBP10;DOCK4;LAMC3;TTC22;CITED2;ONECUT1;MAST1;DYSF;SLC2A1;GRIK4;GRIK2;HMGB1;JPH2;ADAMTS2;ATP7B;HNF4A;DNER;ANKRD1;BDKRB2;DLGAP1;UTY;MAN2C1;GALNT9;PRKG1;TMED4;TMC1;PDE4D;DENND2A;GAB3;AXIN2;MYRIP;HKDC1;ST6GALNAC5;RBMS3;SMARCD3;NDUFB3;SLC5A11;CRYZ;ADCY5;FGD2;GLRA1;GPR153;ABLIM2;GNG4;MGAT5B;SLC25A21;SLIT2;PCDH1;TRIM44;WASF3;SLC12A5;DMRT1;KCNB1;USP9Y;WNT7B;HAGHL;SYT13;PNMA2;SORL1;KAZALD1;GDAP1;GRIN1;MAPK11;KLF7;SBK1;LBX2;ST7;TLL2;PIK3AP1"
"SALL4","SALL4 18804426 ChIP-ChIP MESCs Mouse","79/761","0.00034580654319001026715529878430288590607233345508575439453125","0.00145046633393587642846256358097889460623264312744140625000","0","0","1.5572607064542547","12.410793299351519536344","RET;CITED2;DOCK8;HMGB3;PRDM1;TRIM8;HTR7;FGF9;CDH1;SALL4;MYBL2;RSPO1;ENPP3;PRKG1;KCNH2;CCDC38;DENND2C;ARSA;FGFBP1;PLLP;LMO4;CACNA2D1;TESC;IGFBP3;PLEKHG5;USP44;AXIN2;MYRIP;DKK1;DUSP6;CACNB2;OLFM1;CACNB4;LACTB2;PARD3;KIFC3;KCTD12;GEMIN7;NPTXR;CLOCK;PRPS1;SMARCD1;FBLIM1;SLC20A1;NXPH3;RGS16;ENDOD1;SLC5A11;CXCR4;HMGCR;DLL1;ZFP36L1;LDHB;PDGFC;NRIP1;GCNT2;STAT4;HMOX1;HIVEP3;MAP4K5;PDLIM5;TRIM44;S100A10;NQO1;KCNB1;MCAM;PTGES3;DONSON;POU2F3;DHRS3;BMP4;FASN;ID2;TCEA3;SPIRE2;SPRY2;AMOTL2;SPRY1;VIM"
"IRF1","IRF1 21803131 ChIP-Seq PrimaryMonocytes Human Connective","15/79","0.00036602109796933914118849395791244205611292272806167602539062","0.00152677308821464689098101885633695928845554590225219726562","0","0","3.1101696812320916","24.610211555438826991349","PRIM2;ZHX2;SAMD9;TRANK1;ACSL5;N4BP2L1;IFIT2;PSMB9;PARP10;PDE4B;TSPAN2;APOL1;PIK3AP1;APOL3;GRINA"
"SUZ12","SUZ12 18555785 Chip-Seq ESCs Mouse","139/1491","0.00036862563070511658027891832567490837391233071684837341308594","0.00152918874276023646421873714018602186115458607673645019531","0","0","1.3931974759033905","11.014241659922184624065","EHF;SERPINE2;IRS1;CTNND1;IKZF2;ABCA12;SLC4A3;BZW1;KLHL30;FAM107B;RGS4;GPR176;GRB14;ARHGAP40;MPZ;SALL4;NEK2;OIP5;CHAC1;HMCN1;PPFIA4;TGM2;IL15RA;LMO4;VASH2;EBF4;LEMD1;SLC9A2;CYP27A1;OLFM1;CACNB2;FRMD5;SPATA17;CACNB4;SLPI;LACTB2;MALL;TNIK;SCG2;NGEF;SHC4;SLC45A3;DHX9;SLC45A1;INSIG2;ILDR2;PLD1;NPAS2;ABO;DPP4;WNT6;PDGFC;ZBBX;ST8SIA6;CHST14;TNFSF18;NTNG2;CDK18;GGT7;RABGAP1L;BMP7;PBX1;BMP2;NOXA1;BCL2;SP5;PAM;BCL2L1;ITM2C;ARHGAP11A;NRP2;KCNC4;FHL2;DBI;RND3;RYR3;GLI2;JPH2;NUF2;DNER;PMEPA1;CPXM1;GPR39;EIF5B;CAMK1D;CCDC34;GPR35;TBC1D8;GLRX2;SERPINB5;PARD3B;ARL4C;TOX2;PLCB4;ELF3;FJX1;ST6GALNAC5;CD44;CRB2;LAMA5;PRIM2;CAMK2D;SLC20A1;RGS16;NDUFB3;CXCR4;PRR5L;LIN9;PTGS2;CRYZ;TTN;STAT4;SUSD4;EPS8L3;TRIM44;HNRNPA3;GSN;GALNT3;KCNB1;KCNIP3;PLEKHA6;MERTK;HSPE1;GDAP1;SGPP2;KLF7;CENPF;COL3A1;GATM;DES;FABP5;CTH;PSMC2;SARDH;PI15;PTPN7;VIM;RAMP1;IL18R1"
"TAL1","TAL1 26923725 Chip-Seq HPCs Mouse","133/1420","0.00040859811096319201099980045199799860711209475994110107421875","0.00168574630479349698436442039906069112475961446762084960938","0","0","1.3990671126821359","10.916610785193105570556","CPOX;IRS2;IKZF2;ABCA12;ALDH1L2;TRIM29;FTH1;RPS6KA1;PSMD1;PRKACB;ST6GAL1;MSX2;DAPK1;TMOD2;NPY1R;CASK;SRCIN1;DKK1;FOXP2;FRMD5;DEPDC1B;ADCY9;NUP210L;DDIT4;FEZ2;DPEP1;FSCN2;SPATA18;EMID1;GPM6A;INSIG2;NPR3;ALOX15;FOXO6;TWIST1;CACNA1D;MRO;FBLN5;DPP4;SOCS3;CCNB1;BLOC1S2;ST3GAL6;SOCS6;FAM83B;ABCA1;AFAP1L2;YES1;PTPRN2;PSAPL1;ANKRD24;IQSEC1;GLMN;CORO2B;MSRA;BMP2;CDK3;CNTN1;ITGBL1;PLCH1;NES;SLC26A3;MIPEP;CPM;SYNM;MAST4;ITGB4;ONECUT3;BHLHE41;GRIK2;RND3;JPH2;MAN2C1;CCR3;PRKG1;TTC23L;SH3D19;ACTR2;HSP90AA1;ZHX2;AMN;GPR37;CCDC34;PLLP;TESC;ITGA1;TNFRSF19;DUSP6;SERPINB5;ZDHHC14;PARD3B;VCAN;ZEB1;PALLD;MMP17;PLSCR4;CKS2;MNS1;CD44;RBM47;LAMA2;SEMA3D;ATL1;FGL1;CRYZ;STAMBPL1;SH3TC2;NRIP1;MICALL2;GCNT2;REPS2;CHSY3;CSMD3;PDLIM5;AOC3;NQO1;HNRNPA3;TAF15;F10;KCNIP3;EYA4;ADAM32;FBXL16;FBXL13;PLEKHA7;TARBP1;EEPD1;CENPF;COL3A1;PDE10A;RIMBP3;EIF3C;SSBP2"
"STAT3","STAT3 18555785 ChIP-Seq MESCs Mouse","138/1485","0.00044234182343556448409327419568626282853074371814727783203125","0.00181504389507527834346500839046711917035281658172607421875","0","0","1.3876205655580962","10.717187000145615982660","FHOD3;EHF;MAML2;TRAF3IP2;CHRM4;SERPINE1;CTNND1;PRDM1;ENO2;SLC4A3;EFEMP2;FGF9;PSMD2;LIPG;RPS6KA1;NEK2;TNS3;TMPO;ARSA;ST6GAL1;IGFBP3;ADAM11;MITF;ANXA10;LMO7;OLFM1;FEZ2;SLC9A9;COL4A6;ZFPM1;EMID1;SKAP2;EPHA2;GPM6A;NOTCH1;COL13A1;FICD;CLCNKB;GATA6;PDGFB;AGAP3;PIK3R1;PLD1;KRCC1;GLIS2;ZFP36L1;SOCS3;LDHB;PDGFC;FAM43A;NGFR;CDK18;RABGAP1L;YES1;PSAPL1;COL24A1;CRIM1;NMI;FHDC1;PBX1;ELL3;LRP1B;EFNA2;PPP1R1A;NAT1;FASN;ID2;ANP32E;DEGS2;NF2;FANK1;CNTNAP2;NRP2;CALCOCO1;DOCK4;MAST4;ITGB4;CITED2;OTUD7A;SLC2A3;OPLAH;RND3;PRSS23;SIPA1L3;PITPNC1;MMP20;SGSH;TRIM8;BCL7A;SEC61G;MCF2L;TIMP3;SPEG;DLGAP1;CCIN;GALNT9;EIF5A;ZHX2;CHST7;CAMK1D;HEG1;PDE4D;CBFA2T3;DUSP6;PARD3B;ETV6;BANK1;C1D;CHST2;RBMS3;WDR27;RBM47;PRKAA2;SMARCD3;SEMA3D;PPM1H;TMEM201;ABLIM2;HAS3;MICALL2;STAT4;GCNT2;PCDH1;MBNL3;WASF3;NQO1;HNRNPA3;DMRT1;IRX3;PLCL2;SYT13;GDAP1;SLCO3A1;KRT16;HNRNPA2B1;SGSM2;SSBP2;FRK"
"NANOG","NANOG 18692474 ChIP-Seq MESCs Mouse","192/2172","0.00047999155747348028026866284534435180830769240856170654296875","0.00195888446428366244309038357584995537763461470603942871094","0","0","1.3212220647823600","10.096438200340795532384","KCNG3;EHF;DGKE;TRAF3IP2;NUDT1;LOXL4;ZDHHC8;BACH1;BZW1;ZFYVE28;CHCHD2;HTR7;CDH1;SALL4;HOXA1;RTTN;ENPP3;TNS3;MAP3K5;TGM2;EOMES;ARSA;LAG3;ST6GAL1;KIRREL1;SLC15A1;KIRREL2;MSX2;DAPK1;LMO4;CACNA2D1;KRT8;MYO7A;EBF4;DKK1;LEMD1;FOXP1;SLC9A2;CLDN3;EID3;LACTB2;TMEM139;DDIT4;FEZ2;HAT1;SLC9A9;GEMIN7;RIN1;ABCG1;EPHA2;SHC4;NOTCH1;SLC26A1;SLC45A1;GPR87;IL20RA;DAPP1;KLHL13;PRDM10;CPLX1;LTBP1;ZFP36L1;DPP4;EFNB2;SOCS3;CACNA1I;LDHB;LDHA;PRDX1;PDGFC;SFN;HIVEP3;FDFT1;S100A10;SYT3;ST14;RABGAP1L;YES1;ACBD4;MCAM;ZBTB12;PARP16;CORO2B;POU2F3;PBX1;PCDHGA10;BMP4;BST1;PPP1R1A;ID2;PIR;SPIRE2;ID3;CSPG5;AMOTL2;COL9A2;NF2;TMEM19;RCOR2;PAM;NES;CCNJL;NRP2;GAL3ST1;DOCK3;LAMC3;DOCK8;ONECUT1;SLC2A1;HMGB3;SLC2A3;HOXC13;HMGB1;MSLN;RND3;PRSS23;PITPNC1;MMP20;GLI2;LFNG;TRIM8;DBP;SEC61G;MCF2L;PBK;ANKRD1;MYBL2;CCDC38;DENND2C;FGFBP1;HSP90AA1;HEG1;IZUMO1;ITGA1;TNFRSF19;AMT;TEX14;GLRX2;WNT16;DUSP6;COMMD4;ETV6;MRPL51;MDFIC;IRF1;KIFC3;ITGA9;WDR27;PRPS1;LAMA5;PRKAA2;IDUA;RGS16;POMP;SLC5A11;ZDHHC23;CXCR4;HMGCR;DLL1;THSD4;AURKA;TTN;AP3M2;GPR153;STAMBPL1;MGAT5B;HAS3;STAT4;GCNT2;LRIG1;SLIT2;MUC4;TRIM44;WASF3;NQO1;GSN;F10;WNT7B;PTGES3;FBXL13;GRHL2;PLEKHA7;DHRS3;SH3RF2;PER3;SBK1;CTH;TCEA3;SPRY2;CHPT1;VIM;CRLF1"
"KDM2B","KDM2B 26808549 Chip-Seq SIL-ALL Human","151/1652","0.00049509675566268465229241568792417638178449124097824096679688","0.00200966693830820957236693580227893107803538441658020019531","0","0","1.3643221978998128","10.383525193403155384431","STMN3;SPATA20;PRDM1;ENO2;ZFYVE28;EFEMP2;FGF9;FTH1;RPS6KA1;NRTN;CCNL2;CHAC1;TNS4;PRKACB;SAMD11;TMPO;KCNH2;PIAS3;ARSA;CCDC78;TMOD2;APLP1;VWA5B2;SRCIN1;SYTL3;DISP2;ACAP3;CACNB3;PPP1R3E;SPATA13;JTB;MAML3;SNRPF;TNIK;NPTXR;ZFPM1;SCG2;EMID1;ABCG1;EPHA2;ZNF550;IDI1;NXPH3;PDGFB;ILDR2;GLIS2;SOCS3;SYNGR1;LDHA;CHST12;ZNF704;NPHP1;RHPN1;HOXC4;SFN;HIVEP3;FADD;S100A10;KCNF1;MCAM;MEIG1;NFATC4;PARP10;MSRA;NR4A1;ATG16L2;BAMBI;ID2;ANP32E;ID3;AMOTL2;COL9A2;DEGS2;ANP32B;RCOR2;BCL2L1;ITM2C;COL18A1;TGFB1I1;KCNC4;TNFAIP2;SLC2A1;HMGB1;RYR3;LFNG;TRIM8;LYL1;BCL7A;NUF2;MYBL2;MAN2C1;FGFBP3;DENND2D;CAMK1D;PLLP;TESC;PLEKHG5;ITGA1;TMC8;TMC6;MMEL1;KREMEN2;SYNGR3;CBFA2T3;DUSP6;ARL4C;TUBB2A;VGF;RTN4RL1;IRF1;SDHAF1;COL6A1;KIFC3;ALDOA;PLCB2;CHST2;TRIM55;CD44;LAMA5;SMARCD3;SLC20A1;RGS16;CXCR4;LIN9;CRIP1;CAMKK1;AP3M2;TMEM201;FGD6;GPR153;TNKS2;HAS3;HSF4;MAN1C1;HES4;WNT7B;IRX3;PTGES3;RFTN1;HAGHL;KAZALD1;DHRS3;TARBP1;GRIN1;TFAP4;AXL;SPRY2;CHPT1;SPRY1;VIM;NOTUM"
"SETDB1","SETDB1 19884255 ChIP-Seq MESCs Mouse","137/1478","0.00051541661963851040980516549083745303505565971136093139648438","0.00208096014880788980974668511692016181768849492073059082031","0","0","1.3831239603051684","10.470988370425924784968","DGKE;ARL6IP1;CHRM4;OGDHL;IRS2;ICAM5;ENO3;GLDN;LIPE;EFEMP2;TRIM29;HOXA1;KPNA2;TNS3;SCN1B;CDK5RAP3;PIAS3;IGFBP3;APLP1;MITF;EBF4;OVOL1;ANK1;LEMD1;OLFM1;DEPDC1B;FANCD2;CSNK2B;DPEP1;TRIM15;KCTD12;GEMIN7;ATF5;CTXN1;TRIM10;CUL7;ALOX15;PDGFB;FOXO6;CACNA1D;CD99L2;PIK3R1;MRO;ADAMTS10;WNT6;SYNGR1;CHST12;TSPAN2;ACBD7;ANKRD24;MCAM;MEIG1;PBX3;AMMECR1;ZBTB12;SNF8;PCDHGA10;GJB2;PPFIBP2;GNAL;STAG3;FASN;ID2;ANP32E;ID3;NF2;ANP32B;BCL2L1;MAP3K12;FKBP10;CALCOCO1;TTC24;LAMC3;KCNC4;ONECUT1;RASGRF1;DYSF;DBI;SLC2A3;HMGB1;MSLN;OPLAH;ZCWPW1;TRIM6;DBP;BCL7A;SPEG;CCIN;HORMAD2;MYBL2;TK1;EIF5A;ACTR2;DENND2C;CHST7;TESC;KREMEN2;EPN1;TEX19;VGF;PLSCR4;KIFC3;MNS1;ALDOA;SMARCD1;SLC20A1;LAMA4;GCNT1;PPM1H;CRIP1;APOLD1;PSMB6;FGD6;GPR153;ABLIM2;GNG4;OXCT1;HSF4;SUSD4;MAP4K5;TRIM44;AOC3;WNT7B;IRX3;PTGES3;EYA4;FBXL13;HSPE1;KAZALD1;PSMB9;DHRS4;MAPK11;PSMC6;RPA3;TCEA3;SPRY2;SPRY1"
"EBF1","EBF1 22473956 ChIP-Seq LYMPHODE Mouse","139/1505","0.00054480631498548376910606716450047315447591245174407958984375","0.00218791897773425647252820702703957067569717764854431152344","0","0","1.3777987651592585","10.354268235908874018492","EHF;IL1RN;SERPINE2;IRS1;CHRM4;CTNND1;IKZF2;ABCA12;SLC4A3;ANTXR2;BZW1;FGF2;KLHL30;FAM107B;RGS4;GPR176;GRB14;MPZ;SALL4;PSMD1;NEK2;CHAC1;HMCN1;PPFIA4;IL15RA;VASH2;LEMD1;SLC9A2;CYP27A1;OLFM1;CACNB2;FRMD5;SPATA17;CACNB4;RUFY4;LACTB2;HAT1;SCG2;NGEF;SHC4;SLC45A3;NOTCH1;DHX9;INSIG2;ILDR2;PLD1;NPAS2;ABO;DPP4;WNT6;LCN12;PDGFC;HIVEP3;ST8SIA6;TSPAN2;CHST14;TNFSF18;ACBD7;NTNG2;CDK18;RABGAP1L;COL24A1;MEIG1;PBX3;CYBRD1;NMI;PBX1;LRP1B;BMP2;NOXA1;NOSTRIN;BCL2;SP5;PLCH1;PAM;BCL2L1;ITM2C;ARHGAP11A;GPSM1;NRP2;LAMC3;KCNC4;FHL2;DBI;RND3;RYR3;GLI2;JPH2;NUF2;DNER;SPEG;GPR39;EIF5B;CAMK1D;CCDC34;GPR35;TBC1D8;GLRX2;SERPINB5;PARD3B;ARL4C;PLCB4;ELF3;FJX1;CD44;CRB2;PRIM2;SLC20A1;RGS16;NDUFB3;CXCR4;PRR5L;LIN9;PTGS2;TTN;CHN1;STAT4;SUSD4;HNRNPA3;GSN;GALNT3;KCNIP3;PLEKHA6;SYT13;HSPE1;GDAP1;SGPP2;KLF7;CENPF;COL3A1;GATM;DES;FABP5;SARDH;PI15;VIM;RAMP1;IL18R1;SPC25"
"AR","AR 25329375 ChIP-Seq VCAP Human","137/1481","0.00056004693386260619332450705343262598034925758838653564453125","0.00223722452416014660689369542012627789517864584922790527344","0","0","1.3797965958361369","10.331213168207467489879","EHF;IRS1;FRMPD1;HFE;COL12A1;IRS2;PRDM1;SLC4A3;PLB1;FAM107B;HERC5;NRBP2;HTR6;CCND1;GRB14;TRIM29;FTH1;PAPOLA;SOX9;SLC25A45;CCDC92;PRKACB;TNS3;PIAS3;RNF43;IGFBP3;NPY1R;LMO7;OVOL1;DKK1;SYTL3;KIAA1217;OLFM1;KCNQ1;MAML3;PXT1;NOTCH1;COX16;FICD;SLC45A1;INSIG1;DAPP1;TMTC1;LTBP2;PIK3R1;ZFP36L1;POU5F1B;EFNB2;ZNF704;ST3GAL6;SOCS6;RABGAP1L;PTPRN2;SYT1;PBX3;CRIM1;SNF8;BMP7;LRP1B;MSRA;PPFIBP2;PAH;PLCH1;RCOR2;CNTNAP2;NRP2;CITED2;KCNC3;RASGRF1;MAST1;DYSF;SLC2A1;GRIK4;TNFAIP3;GRIK2;TSPAN12;RND3;OSBPL10;GLI2;GRM7;CA2;DNER;TIMP2;PRKG1;DACT1;LRRCC1;TMC1;MMP7;TESC;TEX14;TMC6;MMEL1;F3;DUSP6;ETV6;PSMA1;MDFIC;PALLD;EHHADH;SMPDL3A;ST6GALNAC5;RBMS3;PTGER4;GRAMD1B;PRIM2;CEBPD;PPM1H;U2AF1;AKAP3;THSD4;ADCY5;FGD2;AP3M2;POLD4;FGD6;OXCT1;MAL2;SLIT2;LEKR1;CA12;CDRT4;GALNT3;RFTN1;ZNF804A;WNT7A;GRHL2;GDAP1;SGPP2;COL3A1;FRAS1;FABP5;PSAT1;ST7;PI15;VIM;SYCP3;SNTB1"
"NR3C2","NR3C2 34362910 ChIP-Seq WistarRat Hippocampus","138/1496","0.00059972439758631146834028102787783609528560191392898559570312","0.00238311536935613237087050464424464735202491283416748046875","0","0","1.3755025353813832","10.204908805513584368896","SH3GL3;SLC27A1;SPARC;MSMO1;ARHGAP39;FGF2;TXNDC17;PALM;NEK2;CCDC92;HMGN2;STK32A;TNS2;MAP3K5;TMPO;TGM2;PRKCG;SLC15A2;APLP1;VWA5B2;LEMD1;MOB3B;FOXP1;EREG;SULT2B1;DISP2;OLFM2;DEPDC1B;OBSCN;ADGRB2;KCNQ1;PARD3;FEZ2;SLC9A9;SNRPF;TNIK;MZF1;CTXN1;CFAP61;ARHGEF28;NPR3;TMEM59L;PDGFB;FOXO6;CD99L2;ADAMTS10;PLD3;SDCBP;NPHP1;CASKIN1;RHPN1;GAR1;MAP6;CDK18;RABGAP1L;PTPRN2;XRCC4;SYT1;IQSEC1;TNFRSF9;MEIG1;NR2F2;NR1D1;CORO2B;DCLK1;SYT7;MSRA;DIAPH1;GNAL;FASN;RCAN2;ITGBL1;SLC26A4;BCL2L1;FANK1;OSCP1;NRP2;SYNM;DOCK4;DOCK8;FHL1;OTUD7A;DUSP18;SIPA1L3;GLI2;ADAMTS2;MCF2L;TMEM107;TIMP3;SPEG;DLGAP1;SPDL1;ARFGEF3;ZHX2;ADGRV1;CAMK1D;CCDC34;TESC;PLEKHG5;PDE4D;NAV2;KRT32;AXIN2;MYRIP;CBFA2T3;DUSP6;ZDHHC14;PARD3B;NAV3;RTN4RL1;MMP17;PPARG;SMARCD1;DNAH2;LAMA2;PPM1H;HMGCR;FGD6;ABLIM3;ATOH8;CHN1;PCED1B;MAN1C1;IL21R;SUSD4;PTCHD4;PCDH1;LEKR1;NQO1;LGI3;MERTK;PLEKHA7;PER3;AXL;MORN2;ST7;NEURL1;LIMS2"
"TP53","TP53 20018659 ChIP-ChIP R1E Mouse","90/909","0.00065977420803057932382346129074335294717457145452499389648438","0.00260800799509469834192021409080552984960377216339111328125","0","0","1.4782341050319854","10.826014346820063138921","COL18A1;KCNG3;SERPINE2;TRAF3IP2;ITGB4;ONECUT3;HSPB8;ONECUT1;RASGRF1;COL12A1;SIX1;HOXC13;HOXC11;PITPNC1;JPH2;FGF9;SIX4;SCRN2;ITGAX;HOXA1;SOX9;ACAD11;PRKG1;EOMES;IL15RA;ZHX2;MSX2;TNFRSF19;NOG;TMC8;KREMEN2;OVOL1;WNT16;C1QL1;OLFM1;CACNB3;VGF;RTN4RL1;DDIT4;RIN1;CHST2;ENG;AGPAT5;PTGER4;COL13A1;SLC45A1;PELI2;NPR3;PAPLN;TMEM59L;GATA6;TWIST1;CXCR4;ZFP36L1;MGAT5B;HSF4;GCNT2;SUSD4;SLC25A21;SLIT2;PCDH1;TBX1;NTNG2;ST14;EGR3;DMRT1;WNT7B;IRX3;EYA4;PBX3;CRIM1;LIF;NR2F2;GRHL2;SGPP2;PCDHGA10;BMP2;GJB2;GNAL;SBK1;KRT18;PDE10A;AXL;BCL2;LHX5;MKX;VIM;CRLF1;GRINA;MAP3K12"
"TRIM28","TRIM28 21343339 ChIP-Seq HEK293 Human","14/75","0.00067926703191046949262960064075400623551104217767715454101562","0.00267107608902293972019670320605655433610081672668457031250","0","0","3.0438996913761338","22.203714839645641632160","CA12;SMARCD3;IGFBP3;INSIG1;IRX3;ORM2;PRSS23;CRIP1;OLFM1;GNG4;ANKRD1;PBK;KCTD12;SPATA18"
"EBF1","EBF1 22473956 ChIP-Seq BONE MARROW Mouse","138/1502","0.00070555232871237722001162007146035648474935442209243774414062","0.00276006221853805589969144129725009406683966517448425292969","0","0","1.3689750813765711","9.934008222810920329948","EHF;SERPINE2;IRS1;CHRM4;CTNND1;IKZF2;ABCA12;SLC4A3;BZW1;KLHL30;FAM107B;RGS4;GPR176;GRB14;MPZ;SALL4;PSMD1;NEK2;HMCN1;PPFIA4;NHLRC3;LMO4;EBF4;LEMD1;SLC9A2;CYP27A1;OLFM1;CACNB2;SPATA17;CACNB4;RUFY4;LACTB2;TNIK;SCG2;NGEF;SLC45A3;NOTCH1;DHX9;INSIG2;FOXO6;ILDR2;PLD1;NPAS2;ABO;DPP4;WNT6;ZBBX;HIVEP3;ST8SIA6;TSPAN2;CHST14;TNFSF18;NTNG2;CDK18;RABGAP1L;PBX3;CYBRD1;BMP7;PBX1;DCLK1;LRP1B;BMP2;NOSTRIN;BCL2;SP5;PLCH1;PAM;ITM2C;ARHGAP11A;NRP2;LAMC3;FHL2;HNF4G;DBI;RND3;RYR3;GLI2;JPH2;NUF2;DNER;PMEPA1;SPEG;GPR39;EIF5B;CAMK1D;CCDC34;GPR35;TBC1D8;GLRX2;SERPINB5;PARD3B;ARL4C;TOX2;PLCB4;MMP16;ELF3;FJX1;ST6GALNAC5;CD44;ENG;CRB2;PRIM2;RGS16;NDUFB3;CXCR4;PRR5L;PTGS2;TTN;CHN1;MICALL2;STAT4;SUSD4;PDLIM5;TRIM44;LEKR1;HNRNPA3;GSN;GALNT3;KCNB1;PLEKHA6;SYT13;MERTK;HSPE1;GDAP1;SGPP2;KLF7;CENPF;COL3A1;GATM;DES;FABP5;LNX1;SARDH;PI15;SPRY1;VIM;RAMP1;IL18R1"
"SOX6","SOX6 21985497 ChIP-Seq MYOTUBES Mouse","138/1504","0.00074441932022244194921967164191300980746746063232421875000000","0.00289709580808218420538979742673291184473782777786254882812","0","0","1.3668120060865434","9.845018508100373821890","SPARC;SERPINE2;TRAF3IP2;IRS1;PRDM1;IKZF2;ABCA12;SLC4A3;ALDH1L2;BZW1;KLHL30;RGS4;GRIP1;SYDE1;MPZ;PSMD1;NEK2;ENPP3;HMCN1;PPFIA4;MAP3K5;TMPO;RNF43;IGFBP3;ADAM11;VASH2;ACSL6;SRCIN1;LEMD1;SLC9A2;CYP27A1;EID3;SPATA17;RUFY4;LACTB2;DDIT4;SNRPF;SCG2;NGEF;EMID1;GNAZ;SHC2;SLC45A3;COL13A1;DHX9;NXPH3;INSIG2;IL20RA;ILDR2;LIN7A;C2CD4C;NPAS2;WNT6;TNFSF18;CDK18;RABGAP1L;SYT1;ANKRD24;LIF;PBX1;TCN2;PAH;BCL2;TMEM19;PAM;ITM2C;CPM;COL18A1;NRP2;GAL3ST1;ITGB4;CITED2;FHL2;LRRC3;TNFAIP3;DBI;GRIK2;MYPN;GLI2;ADAMTS2;RASGEF1C;NUF2;DNER;TIMP3;SPEG;HORMAD2;GPR39;EIF5B;GPR35;USP44;TBC1D8;GLRX2;ANO4;DUSP6;SERPINB5;PARD3B;ARL4C;ELF3;NAV3;COL6A2;HKDC1;C1D;COL6A1;HNRNPH3;SMPDL3A;SAMD5;PRIM2;LAMA2;LAMA4;RGS16;NDUFB3;CXCR4;LIN9;PTGS2;FGD6;GNG4;SPOCK2;STAT4;SUSD4;CDRT4;EYA4;PLEKHA6;HSPE1;GDAP1;SGPP2;KLF7;CENPF;COL3A1;DES;PIK3IP1;PI15;CHPT1;PTPN7;SYCP3;RAMP1;FRK;IL18R1;NUP37"
"SIN3B","SIN3B 21632747 ChIP-Seq MESCs Mouse","279/3329","0.00075275872332946291379945913391225076338741928339004516601562","0.00291452736468586926649182444748475973028689622879028320312","0","0","1.2556858599316456","9.030598625580699589932","SERPINE1;STMN3;SPATA20;SLC4A3;TXNDC17;ZFYVE28;GCSH;GPR176;HTR7;RPS6KA1;HOXA1;SOX8;CCNL2;SOX9;TNS3;CDK5RAP3;TMPO;SRRM3;PAQR5;ACSL6;MAPK8IP2;HSPG2;ANK1;BCAM;CLDN3;FNDC4;RUFY4;DDIT4;SPATA13;JTB;RIN1;ZFPM1;EPHA2;SLC45A3;FICD;GATA6;PDGFB;GABARAP;BLOC1S1;BLOC1S2;HMOX1;HIVEP3;FAM43A;FADD;PROM2;RTBDN;AFAP1L2;EGR3;PTPRN2;ABCA3;PBX3;NR2F2;NR1D1;L1CAM;PBX1;NFATC4;PARP10;HNRNPM;TCN2;ID2;PAH;ITGBL1;DCHS1;PRRT4;RCOR2;FANK1;DHRS13;NRP2;CITED2;KCNC3;HOXC13;ECSIT;SIPA1L3;MYPN;OSBPL10;GLI2;LFNG;TRIM8;HNF4A;PBK;TIMP2;DLGAP1;TMED4;DENND2C;GAA;TMC8;MMEL1;TUBG2;TMEM150C;COMMD4;ZDHHC14;DUSP7;RNF144B;PSMA4;TUBB2A;PSMA1;CKS2;KIFC3;EEF1E1;ALDOA;PLCB2;CHST2;CRB2;NFIX;ATL1;SNX33;PRICKLE1;CRIP1;CAMKK1;FGD2;TYMP;GLRA1;HAS3;HSF4;GCNT2;RIBC2;AOC3;CENPW;DMRT1;WNT7B;ADAM32;TARBP1;TMEM154;KRT18;MORN2;PSMC2;RIMBP3;CCL26;SLC27A1;ANKRD37;RAB3A;RORC;LOXL4;OGDHL;ARHGAP39;GALNT10;GRIP1;NRBP2;FGF9;CDH1;SALL4;PAPOLA;NEK2;ENPP3;HMGN2;LZTS1;KCNH2;EOMES;MSX2;LMO4;TMOD2;APLP1;ANXA10;LEMD1;DISP2;ACAP3;OXA1L;CACNB3;FANCD2;SLC9A9;SNRPG;SNRPF;NPTXR;MZF1;SCG2;ABCG1;GNAZ;BRSK1;CUL7;NOTCH1;FBLIM1;NXPH3;INSIG2;INSIG1;SLC1A1;CHRD;ILDR2;HIGD1A;AK7;CTIF;SOCS3;CACNA1I;WNT6;SDCBP;CCNB1;RHPN1;MAP2K6;ACBD7;TMEM120B;SYT3;ANKRD24;TNFRSF9;TMEM132B;LSM5;BMP7;ANKHD1;SYT7;NR4A1;EFNA2;LIN28A;DLG4;SPIRE2;LHX5;NF2;NES;ARHGAP11A;MIPEP;OSCP1;GPSM1;CPM;CALCOCO1;GAL3ST1;ONECUT3;TTC22;DOCK8;HSPB8;ONECUT1;RASGRF1;MAST1;SLC2A1;SIX1;DUSP18;USE1;PITPNC1;MCF2L;SCRN2;TMEM107;CCIN;MAN2C1;GALNT9;EIF5A;HSP90AA1;CCDC34;ARL4C;VGF;RTN4RL1;C1D;ZMYND10;NAT8L;ST6GALNAC5;CCDC40;AGPAT5;SMARCD1;NDUFB3;PPM1H;SLC5A11;PRR5L;DLL1;PPM1F;CRYZ;AP3M2;OXCT1;DDT;TRA2A;NRIP1;LRIG1;SLC25A21;ROMO1;PCDH1;LEKR1;TBX1;SLC12A5;TXNRD2;IRX3;FBXL16;HSPE1;MEIS3;MAPK15;GDAP1;SGPP2;KLF7;SBK1;PIK3IP1;NOVA2;SPRY1;VIM;PIK3AP1;SSBP2;SNTB1"
"JUN","JUN 21703547 ChIP-Seq K562 Human","114/1206","0.00075987433935808602111089404829158411303069442510604858398438","0.00292706697048650483009013534285713831195607781410217285156","0","0","1.4083345336236623","10.115162073751308824399","FHOD3;COL12A1;SERPINE1;NUDT1;LOXL4;ANTXR2;NR3C2;CHCHD2;CCND1;PLAU;DPYSL3;PALM;HOMER3;SLC25A45;STK32A;TNS4;MSX2;DAPK1;NPY1R;ANXA10;OXA1L;DEPDC1B;FANCD2;FEZ2;SNRPF;ZFPM1;FAIM;GNAZ;IDI1;SLC26A1;NPR3;GATA6;TMTC1;PIK3R1;CPLX1;LTBP1;SAV1;EFNB2;CHST12;ARSJ;ATP6V1C2;SLC10A4;KCNF1;NTNG2;SYT1;TMEM132B;CRIM1;HTR1B;GP6;PPFIBP1;GNAL;ID2;CSPG5;CPEB4;FANK1;RET;CNTNAP2;HSPB8;KCNC4;HNF4G;LFNG;ADAMTS2;PDE4B;ABCD1;SH3D19;CCDC38;GPR39;ACTR2;HSP90AA1;GPR37;CAMK1D;PDE4D;USP44;NBPF10;AMT;AXIN2;MMP14;TUBB2A;MMP16;NAV3;VGF;PALLD;C1D;CLDN18;MVD;CD44;ZNF474;PTGER4;PCNA;CLDND1;CEBPD;IDUA;PTGS2;PPM1F;APOLD1;ABLIM2;IL21R;LRIG1;SLIT2;MAP4K5;WASF3;TBX1;TXNRD2;IRX3;RFTN1;PLCL2;BMP8A;TMEM154;KLF7;SBK1;SLCO3A1;RPA3;RAMP1;CRLF1"
"AR","AR 35413990 ChIP-Seq Human ARposCRProstateCancer","63/594","0.00077505965260936230971228200203881897323299199342727661132812","0.00297040628284298740061086796515610330970957875251770019531","0","0","1.5893728310617110","11.383995049364248330903","DHRS13;DOCK4;TES;CXCL8;DDX46;CITED2;KCNC4;HNF4G;PRDM1;KRT20;GLI2;FAM107B;ARHGAP42;PALM;TIMP2;ANKRD1;RTTN;ENPP3;SLC25A45;TNS2;KRT6A;KCNH2;EIF5B;MLIP;ARL14;MITF;ANO4;ANK1;FOXP1;B3GNT5;RUBCNL;CLPSL2;MAML3;TNIK;SMIM3;ATL1;EBI3;PAPLN;PRR5L;MRO;CAMKK1;PSORS1C1;ADCY5;NRIP1;SFN;HIVEP3;PTCHD4;BCL2L15;TNFSF18;WNT7B;CYP51A1;SIAH1;SAMD4A;SEPTIN4;CCDC9B;DCLK1;PLEKHA7;BMP2;PCYOX1L;LCN2;COL9A3;SLC26A4;FRK"
"NEUROD2","NEUROD2 26341353 ChIP-Seq CORTEX Mouse","136/1481","0.00078720279782431201633791095773062806983944028615951538085938","0.00300170763816846267874050013801934255752712488174438476562","0","0","1.3675539033457249","9.773941468473392291116","ALDH1L1;KCNG3;IRS1;IRS2;ZDHHC8;BACH1;FAM107B;TRIM29;PLAU;DHX58;RASSF6;RPS6KA1;MACROD1;NRTN;HMGN2;TNS3;SRRM3;SLC15A2;LMO4;FIBCD1;ADAM11;ACSL6;ANK1;LEMD1;CLDN3;ADCY9;OBSCN;LACTB2;TRIM15;FSCN2;KCTD12;SNRPF;CTXN1;NGEF;CFB;EPHA2;PXT1;IDI1;SHC2;SLC45A3;COL13A1;IL20RA;CHRD;DAPP1;TMTC1;LTBP2;PPL;NPAS2;GLIS2;BCL2L12;EFNB2;SOCS3;SCUBE1;GAR1;FAM43A;RTBDN;TMEM120B;XRCC6;IL31RA;PBX3;FHDC1;ELL3;HNRNPM;NR4A1;PYY;TCN2;DLG5;NOSTRIN;SP5;NF2;SLC26A4;RCOR2;CPEB4;GPSM1;DHRS13;NRP2;SYNM;ONECUT3;TTC22;BHLHE41;TNFAIP2;HOXC13;PITPNC1;OSBPL10;SGSH;LFNG;TUBA1B;ATP7B;RASGEF1C;SCRN2;PBK;SPEG;RSPO1;DACT1;ACTR2;KLF11;HSP90AA1;AMN;TNNC1;HEG1;PDE4D;USP44;TBC1D8;KRT32;F3;SERPINB5;ZDHHC14;SSTR5;RNF144B;ZEB1;B3GNT5;COL6A1;ZMYND10;PPARA;NAT8L;WDR27;NDUFB2;PDXP;HMGCR;ADCY5;PSMB3;DDT;NRIP1;AOC3;TRIM40;PLCL2;HAGHL;WNT7A;FBXL16;PDE10A;FABP5;NOVA2;HNRNPA2B1;RIMBP3;NOTUM;SPC25"
"SPI1","SPI1 26923725 Chip-Seq MACROPHAGESS Mouse","135/1469","0.00079863625480838633385882729953664238564670085906982421875000","0.00303000187125794821427215985920611274195834994316101074219","0","0","1.3684918904184271","9.760912054088507261440","EHF;MAML2;SERPINE2;ENO2;BZW1;FAM107B;HTR7;PLAU;RPS6KA1;MACROD1;PSMD1;NRTN;CCNL2;CHAC1;SLC25A45;SPA17;TNS4;EOMES;CCDC154;SLC15A1;RALGAPA1;HNF1B;ANXA10;SYTL5;OVOL1;INPP4B;FNDC4;NUP210L;RIN1;ZFPM1;PXT1;NOTCH1;GIPR;SLC45A1;ALOX15;TMEM59L;CACNA1D;GABARAP;SOCS3;WNT6;RNF215;GAR1;ST3GAL6;FAM43A;PSAPL1;SYT1;NEK5;ABCA3;TMEM132A;CRIM1;ZBTB12;SNF8;PBX1;ELL3;PPP1R1A;DLG4;FASN;DLG5;NOSTRIN;PIR;SPIRE2;MKX;SLC26A4;ARHGAP11A;NRP2;GAL3ST1;ONECUT3;LAMC3;OTUD7A;GPT;HOXC13;ECSIT;LFNG;TUBA1B;ADAMTS2;TTC23L;ADAMTS7;SH3D19;TMED4;HSP90AA1;CAMK1D;PDE4D;TNFRSF19;DENND2A;TBC1D8;TMC6;MYRIP;DUSP6;ZDHHC14;DUSP7;ETV6;VAMP8;ARL4C;MMP14;ZEB1;ELF3;BANK1;SDHAF1;TAX1BP3;HNRNPH3;LAMA5;SMARCD1;CEBPD;SNX33;APOLD1;FGD2;PSMB6;TRA2A;CHN1;HAS3;HSF4;IL21R;SUSD4;REPS2;EPS8L3;MPZL3;CMTM7;CD72;F10;KCNB1;RFTN1;MBOAT1;PLEKHA6;SORL1;KAZALD1;DHRS2;GRIN1;CENPF;KRT18;PDE10A;FABP5;RIMBP3;NOTUM;IL18R1;TMEM229B"
"CEBPD","CEBPD 23245923 ChIP-Seq MEFs Mouse","47/413","0.00081275602889724417147998547505949318292550742626190185546875","0.00303599024711027898337789565630373544991016387939453125000","0","0","1.7156246494559555","12.206805911848194412528","PTGER4;COL18A1;CAMK2D;MAML2;ARL6IP1;CITED2;AMY2B;LAMC3;DOCK8;COL12A1;GCNT1;IRS2;IKZF2;BACH1;FAM107B;EFNB2;GRB14;SH3TC2;PLAU;MCF2L;GCNT2;CSMD3;PDLIM5;TRPM6;PRKG1;DENND2D;MAGI1;YES1;NHLRC3;IRX3;HEG1;EYA4;PBX3;LMO7;NR2F2;AXIN2;FOXP1;PARD3B;TTLL7;ADCY9;MMP16;BANK1;PALLD;PARD3;CTH;SNTB1;BCL2L1"
"GATA2","GATA2 21186366 ChIP-Seq BM-HSCs Mouse","137/1495","0.00081836942369164101390710541750195261556655168533325195312500","0.00303599024711027898337789565630373544991016387939453125000","0","0","1.3644632770974030","9.698873370501068791327","DGKE;SPARC;TRAF3IP2;PRDM1;ALDH1L2;GALNT10;CCT6B;GRIP1;SYDE1;PTTG1;PALM;PAPOLA;ENPP3;KPNA2;TNS4;TNS3;MAP3K5;TMPO;DAPK1;RALGAPA1;IGFBP3;ADAM11;ACSL6;HNF1B;VASH1;SRCIN1;EID3;OBSCN;DDIT4;SNRPF;EMID1;GNAZ;SHC2;COL13A1;NXPH3;IL20RA;CHRD;TWIST1;LIN7A;LTBP2;C2CD4C;FBLN5;SAV1;ZFP36L1;SOCS3;ARSG;STXBP6;MAP2K6;NGFR;KCNF1;SYT1;LIF;GRIN2C;ABHD15;PAN2;EFNA2;FASN;ID2;PAH;NF2;SLC26A4;TMEM19;SLC26A3;CCNJL;CPEB4;CPM;COL18A1;DOCK4;GAL3ST1;ONECUT3;CITED2;LRRC3;TNFAIP3;GRIK2;MYPN;PCSK4;PITPNC1;MRC2;ADAMTS2;SIX4;RASGEF1C;SEC61G;TIMP3;HORMAD2;DACT1;CCDC38;ACTR2;KLF11;USP44;NOG;TEX14;TMC6;AXIN2;ANO4;DUSP6;C1QL1;RNF144B;VSNL1;NAV3;RTN4RL1;IRF1;COL6A2;HKDC1;C1D;COL6A1;HNRNPH3;SMPDL3A;SAMD5;LAMA2;ATL1;LAMA4;PPM1H;HMGCR;AOAH;UQCR10;CAMKK1;GLRA1;FGD6;GNG4;DDT;SPOCK2;MGAT5B;CSMD3;MAP4K5;CDRT4;TAF15;PTGES3;EYA4;MBOAT1;PIK3IP1;PSMC1;CHPT1;SYCP3;SSBP2;FRK;CDKN3;NUP37"
"KLF5","KLF5 18264089 ChIP-ChIP MESCs Mouse","15/85","0.00082032054359006221101041633758654825214762240648269653320312","0.00303599024711027898337789565630373544991016387939453125000","0","0","2.8426627097830535","20.199436424003550882844","NRP2;DMRT1;DENND2A;SIX1;SLC2A3;TEX14;PRDM1;BMP7;BMP4;SOCS3;MSRA;SIX4;RPS6KA1;SNCG;DLGAP1"
"KLF2","KLF2 18264089 ChIP-ChIP MESCs Mouse","15/85","0.00082032054359006221101041633758654825214762240648269653320312","0.00303599024711027898337789565630373544991016387939453125000","0","0","2.8426627097830535","20.199436424003550882844","NRP2;DMRT1;DENND2A;SIX1;SLC2A3;TEX14;PRDM1;BMP7;BMP4;SOCS3;MSRA;SIX4;RPS6KA1;SNCG;DLGAP1"
"KLF4","KLF4 18264089 ChIP-ChIP MESCs Mouse","15/85","0.00082032054359006221101041633758654825214762240648269653320312","0.00303599024711027898337789565630373544991016387939453125000","0","0","2.8426627097830535","20.199436424003550882844","NRP2;DMRT1;DENND2A;SIX1;SLC2A3;TEX14;PRDM1;BMP7;BMP4;SOCS3;MSRA;SIX4;RPS6KA1;SNCG;DLGAP1"
"KDM2B","KDM2B 26808549 Chip-Seq JURKAT Human","150/1660","0.00084296952148618783592914915914207085734233260154724121093750","0.00310459506693693595286154263135358633007854223251342773438","0","0","1.3454317240075415","9.523745763882047299376","DGKE;IRS1;CHRM4;IRS2;SPATA20;PRDM1;CLGN;NR3C2;ZFYVE28;CCND1;FGF9;PLAU;PSMD1;NRTN;HMGN2;CDK5RAP3;SAMD11;TMPO;KCNH2;PIAS3;ARSA;CCDC78;LMO4;APLP1;FOXP1;DISP2;CACNB3;PPP1R3E;PARD3;DDIT4;DPEP1;MAML3;EPHA2;ZNF550;NOTCH1;SLC45A1;TMEM59L;IL20RA;PDGFB;GLIS2;ZFP36L1;EFNB2;CACNA1I;LDHA;PRDX1;SFN;HIVEP3;ST8SIA6;FADD;S100A10;EGR3;MEIG1;GRIN2C;FHDC1;GP6;NFATC4;BMP4;PARP10;HNRNPM;DIAPH1;GJB2;ATG16L2;BAMBI;ID2;ANP32E;ID3;ANP32B;SYNM;ITGB4;KCNC3;KCNC4;BHLHE41;SLC2A1;SIX1;HMGB1;LFNG;MRC2;TRIM8;LYL1;DBP;BCL7A;SIX4;PMEPA1;FGFBP3;DENND2D;CAMK1D;ITGA3;PLEKHG5;HEG1;ITGA1;NOG;TMC8;TMC6;MMEL1;KREMEN2;AXIN2;DUSP6;ZDHHC14;ETV6;C1QL1;ARL4C;TOX2;VGF;IRF1;MMP17;SDHAF1;COL6A1;TRNP1;ALDOA;FJX1;TRIM55;ZNF595;SMARCD3;RGS16;PELI2;PTAFR;SEMA3B;CXCR4;DLL1;APOLD1;AP3M2;TMEM201;TNKS2;GNG4;ATOH8;HAS3;STAT4;MAN1C1;SUSD4;LRIG1;WASF3;HES4;KCNB1;WNT7B;KAZALD1;DHRS3;GRIN1;MAPK11;TFAP4;MYO15B;PIK3IP1;CTH;SPRY2;CHPT1;SPRY1;VIM;NOTUM;SSBP2;IL18R1;SNTB1"
"ESR1","ESR1 21235772 ChIP-Seq MCF-7 Human","27/200","0.00087303608967968121014335824980889810831286013126373291015625","0.00319971964906873426390254699924753367668017745018005371094","0","0","2.0767148919108558","14.627411249917990687663","RET;HSPB8;SLC2A1;IRS2;HOXC13;PPL;DLL1;SALL4;NRIP1;SLIT2;TNS3;ZNF365;ABCA1;CA12;DENND2C;AFAP1L2;NAV2;DHRS2;BMP7;IL17RB;DHRS3;ELF3;RNF207;MALL;SPIRE2;CD44;EPHA2"
"MEIS1","MEIS1 26253404 ChIP-Seq OPTIC CUPS Mouse","134/1461","0.00090193337323230394868278647635406741756014525890350341796875","0.00328966037096806553433059328028775780694559216499328613281","0","0","1.3650045232473671","9.570005634349609380251","ALDH1L1;MAML2;TRAF3IP2;IRS1;COL12A1;PRDM1;GALNT10;FGF9;CDH1;DPYSL3;LIPG;RASSF6;SOX8;ENPP3;SOX9;STK32A;TNS4;TMPO;MSX2;DAPK1;CACNA2D1;VASH2;MITF;MYO7A;VASH1;DKK1;SYTL3;FOXP1;CACNB2;INPP4B;FRMD5;DEPDC1B;CACNB4;PARD3;HAT1;SLC9A9;KCTD12;MAML3;ZFPM1;SCG2;SKAP2;GPM6A;NPR3;SLC1A1;ALOX15;ENDOD1;CHRD;TRANK1;LIN7A;LTBP1;SAV1;EFNB2;ST8SIA6;FADD;STXBP6;SOCS6;RTBDN;TNFSF18;CDK18;SYT1;IL31RA;SYT7;MSRA;HNRNPM;DLG5;CHMP2B;CNTN1;PLCH1;SLC26A4;PAM;BCL2L1;CPM;NRP2;DOCK4;RASGRF1;TNFAIP3;SIX1;MSLN;TSPAN12;PRSS23;SIPA1L3;RYR3;OSBPL10;ANKRD1;DLGAP1;DACT1;ACTR2;CAMK1D;CCDC34;IZUMO1;TEX14;GLRX2;MYRIP;DUSP6;ARL4C;VCAN;PSMA4;MMP16;PSMA1;NAV3;BANK1;EHHADH;C1D;MVD;EEF1E1;ST6GALNAC5;ITGA9;ARHGEF6;CRB2;ATL1;FGL1;PELI2;PTAFR;CXCR4;CRYZ;CHN1;NRIP1;GCNT3;MAL2;SLIT2;PDLIM5;LEKR1;CMTM7;USP9Y;MBOAT1;CENPF;EPGN;FRAS1;PDE10A;SLCO3A1;TRIML2;VIM;SNTB1;CDKN3"
"ATF3","ATF3 23680149 ChIP-Seq GBM1-GSC Human","149/1652","0.00094765920591546339273730792385208587802480906248092651367188","0.00343982067531814874120077440977638616459444165229797363281","0","0","1.3421724960011303","9.343554779233224749646","SLC27A1;SERPINE1;CTNND1;IRS2;IFIT2;HERC5;RGS4;CHCHD2;HEPHL1;PTTG1;PLAU;PSMD2;CHAC1;SOX9;SLC25A45;TNS4;CDK5RAP3;TGM2;S100A2;ARL14;IGFBP3;KRT8;MYO7A;HSPG2;DKK1;ADCY9;HAT1;CLIP4;SNRPG;S100A4;RIN1;ABCG1;EPHA2;SHC4;SPTBN4;FBLIM1;ENDOD1;CHRNA9;TWIST1;GABARAP;KIAA0040;GLIS1;SAV1;ZFP36L1;EFNB2;LDHA;ZMAT1;BLOC1S1;PRDX1;ZBED2;GAR1;FAM43A;FADD;KCNN4;GTF2IRD2B;CPA4;S100A10;TMEM120B;IQSEC1;TNFRSF9;SIAH1;IL31RA;NR1D1;CORO2B;PCDHGA10;RCAN2;DLG5;RNF182;ID3;AMOTL2;NF2;BCL2L1;NRP2;ZNF250;CITED2;HSPB8;FHL1;FHL2;SLC2A1;ECSIT;AREG;SIPA1L3;LFNG;SDR16C5;JPH2;HNF4A;NUF2;ANKRD1;PDE4B;PMEPA1;FGFBP3;LRRCC1;ABCC3;CHST7;HMGCS1;ITGA3;PLEKHG5;HEG1;TNFRSF19;PLA2G4C;DENND2A;TBC1D8;GAB3;F3;DUSP6;DUSP7;PSMA1;B3GNT5;COL6A2;HKDC1;TRNP1;CKS2;HNRNPH3;TRIM55;LAMA5;PCNA;DNAH2;CLDND1;SYNPO2;SEMA3B;PRR5L;PRICKLE1;APOLD1;AURKA;AP3M2;PSMB3;MGAT5B;SUSD4;HNRNPA1;APBB3;CMTM7;TAF15;GSN;TXNRD2;MACC1;SORL1;DHRS3;TMEM154;EEPD1;FABP5;AXL;KRT16;CTH;TCEA3;LNX1;SPRY2;SPRY1;VIM;CCL26"
"CDX2","CDX2 21402776 ChIP-Seq INTESTINAL-VILLUS Mouse","138/1514","0.00096938196740907760402816695233241262030787765979766845703125","0.00350183437987489770693017021585546899586915969848632812500","0","0","1.3560909497798646","9.409714177384715938501","SERPINE2;TRAF3IP2;IRS1;PRDM1;IKZF2;ABCA12;SLC4A3;ALDH1L2;BZW1;KLHL30;GALNT10;RGS4;GRIP1;MPZ;PSMD1;NEK2;ENPP3;HMCN1;PPFIA4;TNS3;MAP3K5;TMPO;VASH2;HNF1B;VASH1;LEMD1;SLC9A2;CYP27A1;DEPDC1B;EID3;SPATA17;RUFY4;LACTB2;DDIT4;SCG2;NGEF;GNAZ;SLC45A3;COL13A1;DHX9;INSIG2;IL20RA;ILDR2;LIN7A;LTBP2;NPAS2;WNT6;STXBP6;TNFSF18;CDK18;RABGAP1L;PTPRN2;SYT1;ANKRD24;LIF;PBX1;ABHD15;PAH;BCL2;NF2;TMEM19;PAM;CPEB4;ITM2C;CPM;COL18A1;NRP2;DOCK4;CITED2;FHL2;LRRC3;TNFAIP3;DBI;GRIK2;MYPN;GLI2;MRC2;ADAMTS2;NUF2;DNER;TIMP3;SPEG;HORMAD2;DACT1;ABCC3;GPR39;ACTR2;EIF5B;GPR35;USP44;TBC1D8;TEX14;GLRX2;ANO4;DUSP6;SERPINB5;PARD3B;ARL4C;ELF3;NAV3;IRF1;COL6A2;COL6A1;SMPDL3A;SAMD5;PRIM2;LAMA2;ATL1;LAMA4;RGS16;NDUFB3;PPM1H;CXCR4;LIN9;PTGS2;GLRA1;FGD6;DDT;SPOCK2;MGAT5B;STAT4;SUSD4;EYA4;PLEKHA6;HSPE1;GDAP1;SGPP2;KLF7;CENPF;COL3A1;DES;PI15;CHPT1;PTPN7;SYCP3;RAMP1;FRK;IL18R1"
"EZH2","EZH2 23942234 ChIP-Seq MYOBLASTS AND MYOTUBES Mouse","78/777","0.00100252071410048058767994216822216912987641990184783935546875","0.00360430066259934686959121030724872980499640107154846191406","0","0","1.4976061611969516","10.341326578790933865548","ALDH1L1;TES;RAB3A;CSF1;ITGB4;ONECUT3;KCNC4;MAST1;ZFYVE28;HTR7;BCL7A;FGF9;SALL4;GALNT9;SRRM3;TIGD5;TESC;FIBCD1;ADAM11;TEX14;HNF1B;MITF;KREMEN2;VWA5B2;OVOL1;SRCIN1;CBFA2T3;LEMD1;ZDHHC14;DISP2;CACNB2;CACNB3;B3GNT8;CYP2U1;HKDC1;IL1RAPL1;SPATA13;PPARA;NAT8L;FJX1;PLCB2;ZFPM1;LAMA5;SLC45A3;NFIX;INSIG2;PDGFB;LTBP1;GLIS1;ADCY5;FGD2;CACNA1I;WNT6;ABLIM2;CHST12;MGAT5B;MICALL2;FAM43A;PCK2;RTBDN;ABCA2;WNT7B;TMEM132A;WNT7A;DHRS3;PSMB9;GRIN1;CENPE;MAPK11;HNRNPM;NR4A1;TFAP4;EFNA2;LIN28A;CTH;LHX5;NOTUM;CCNJL"
"CTCF","CTCF 18555785 Chip-Seq ESCs Mouse","136/1492","0.00105296811815487048255568502952428389107808470726013183593750","0.00375798439516687298594943555940517398994415998458862304688","0","0","1.3555948869223204","9.294151477673121775069","EHF;SERPINE2;CSF1;IRS1;CHRM4;CTNND1;IKZF2;ABCA12;SLC4A3;BZW1;KLHL30;RGS4;GPR176;ARHGAP40;MPZ;SALL4;PSMD1;NEK2;OIP5;CHAC1;HMCN1;PPFIA4;TGM2;IL15RA;FIBCD1;VASH2;EBF4;LEMD1;SLC9A2;CYP27A1;OLFM1;CACNB2;FRMD5;SPATA17;LACTB2;MALL;MAML3;TNIK;SCG2;NGEF;SHC4;SLC45A3;NOTCH1;DHX9;INSIG2;DAPP1;ILDR2;GLIS1;NPAS2;WNT6;TMEM125;NPHP1;ST8SIA6;CHST14;PROM2;S100A10;TNFSF18;NTNG2;CDK18;GGT7;RABGAP1L;NMI;BMP7;PBX1;BMP2;NOXA1;BCL2;COL9A3;PAM;BCL2L1;ITM2C;ARHGAP11A;NRP2;LAMC3;CITED4;FHL2;DBI;RND3;RYR3;GLI2;THBD;NUF2;DNER;PMEPA1;SPEG;CPXM1;SH3D19;DENND2D;GPR39;EIF5B;CCDC34;TBC1D8;GLRX2;SERPINB5;PARD3B;ARL4C;TOX2;PLCB4;ELF3;FJX1;CD44;PRIM2;CAMK2D;PRKAA2;SLC20A1;RGS16;NDUFB3;CXCR4;PRR5L;LIN9;PTGS2;ATOH8;STAT4;MAN1C1;SUSD4;TRIM44;SLC12A5;GSN;KCNB1;KCNIP3;PLEKHA6;SYT13;GDAP1;SGPP2;TMEM154;KLF7;CENPF;COL3A1;GATM;DES;FABP5;SARDH;PI15;PTPN7;RAMP1;IL18R1"
"CUX1","CUX1 19635798 ChIP-ChIP MULTIPLE CANCER TYPES Human","150/1669","0.00105522210831175775741508360283660294953733682632446289062500","0.00375798439516687298594943555940517398994415998458862304688","0","0","1.3367553155666605","9.162126286608035741210","EHF;MAML2;PLEKHB1;COL12A1;LOXL4;ABCA12;ENO2;ANTXR2;ZDHHC2;ENO3;BZW1;CCT6B;IFIT2;HTR7;FGF9;MPZ;SALL4;HOMER3;RTTN;OIP5;SOX8;MAP3K5;MITF;CACNB2;OLFM2;SLPI;FANCD2;PNLDC1;HAT1;CSNK2B;JTB;ATF5;RIN1;ZFPM1;GIPR;NXPH3;GPR87;NPR3;CLCNKB;GATA6;CD99L2;PIK3R1;TXN;LTBP1;FBLN5;PSORS1C1;FUT3;BCL2L12;WNT6;EBP;PRDX1;HIVEP3;AP1M2;CPA4;FDFT1;ST14;YES1;XRCC4;AMBP;KLRC4;GLMN;CRIM1;L1CAM;LSM5;SYT7;STAG3;ANP32E;ID3;ITGBL1;AMOTL2;PAM;CD22;MAP3K12;ARHGAP11A;DUSP19;SLC2A1;TNFAIP3;SIX1;SLC2A3;GRIK2;DUSP18;CGB2;HOXC11;OSBPL10;ATP7B;SIX4;HNF4A;TIMP3;DLGAP1;MAN2C1;SLC18A2;DACT1;GPR39;ZHX2;TNNC1;PDE4D;TNFRSF19;AXIN2;EPN1;PSMA1;VSNL1;ELF3;TFEC;PPARG;KIFC3;MNS1;EEF1E1;ENG;RBMS3;PRPS1;FGL1;PRICKLE1;HMGCR;CAMKK1;ADCY5;AP3M2;POLD4;HLA-DMB;TNKS2;PSMB3;DDT;GCNT2;IL21R;LRIG1;MAL2;APOL1;MAP4K5;RPL17;APBB3;TRIM44;APOL3;POLR2L;SLC12A5;TAF15;GSN;BRF1;EYA4;CYP51A1;PSMB9;CENPF;PDE10A;FABP5;PSAT1;RPA3;CTH;SPRY1;VIM;RAMP1;CRLF1;NUP37"
"TCF7","TCF7 22412390 ChIP-Seq EML Mouse","147/1635","0.00116623831483138036373137236267893968033604323863983154296875","0.00413384942581076098716552635892185207922011613845825195312","0","0","1.3365611601674152","9.027096418547774447916","DGKE;CHRM4;ICAM5;SPATA20;IKZF2;BACH1;RINL;CCND1;TNS4;TMPO;SRRM3;LAG3;LMO4;FIBCD1;SRCIN1;GRIP2;SULT2B1;ACAP3;ADCY9;PPP1R3E;KCTD12;MAML3;NPTXR;ZFPM1;EMID1;EPHA2;RTN4R;GNAZ;SLC45A3;NOTCH1;DHX9;INSIG2;TMEM59L;PDGFB;GLIS2;ZFP36L1;DPP4;SOCS3;WNT6;SYNGR1;EBP;SCUBE1;TMEM125;CHST12;HMOX1;SFN;KCNN4;ABCA2;NTNG2;CDK18;GSTM2;EGR3;ANKRD24;ABCA3;PBX3;PARP16;CORO2B;ANKHD1;MSRA;NR4A1;CXCL11;ATG16L2;ID2;NOXA1;ANP32E;COL9A3;ANP32B;RCOR2;MAP3K12;LAMC3;CITED2;TNFAIP3;SIX1;GPT;HMGB1;OPLAH;SIPA1L3;PITPNC1;SGSH;LFNG;TRIM8;LYL1;TUBA1B;DBP;BCL7A;SIX4;SCRN2;PMEPA1;SPEG;CCIN;FGFBP3;DENND2C;KLF11;HSP90AA1;ZHX2;GAA;TESC;PLEKHG5;PDE4D;USP44;TBC1D8;TMC6;AXIN2;DUSP6;DUSP7;ETV6;VAMP8;TOX2;TUBB2A;ELF3;VGF;EHHADH;TRNP1;HNRNPH3;NAT8L;ALDOA;TRIM55;PTGER4;CEBPD;SLC20A1;SEMA3B;POMP;ZBTB42;CXCR4;AKAP5;PPM1F;SH3TC2;ATOH8;NRIP1;MICALL2;MAN1C1;GCNT2;PDLIM5;CMTM7;SLC12A5;BRF1;WNT7B;KAZALD1;GRIN1;MAPK11;KLF7;SBK1;PIK3IP1;AXL;HNRNPA2B1;RIMBP3;SSBP2"
"SOX2","SOX2 27498859 Chip-Seq STOMACH Mouse","142/1573","0.00120551810100548092985484061046008719131350517272949218750000","0.00425311292644457022982251714893209282308816909790039062500","0","0","1.3416948476793549","9.017324242424443525579","SLC27A1;RAB3A;TRAF3IP2;CTNND1;RORC;IRS2;PRDM1;GALNT10;CCND1;CDH1;LIPG;RPS6KA1;ENPP3;SPA17;PTGDS;TNS4;LAG3;ARL14;NHLRC3;PAQR5;LMO4;KRT8;ACSL5;ANXA10;OVOL1;HSPG2;FOXP1;SLC9A2;GPRIN3;CYP27A1;ADCY9;MALL;MAML3;NGEF;NOTCH1;FBLIM1;INSIG2;GATA6;FOXO6;PRDM10;SYNGR1;LDHA;SEC14L5;HMOX1;STXBP6;FAM83B;FDFT1;MAP2K6;CDK18;PSAPL1;NEK5;IQSEC1;AMMECR1;NR1D1;FMC1;ID2;NMU;TBCE;SPIRE2;LHX5;DEGS2;TMEM19;BCL2L1;MAP3K12;ARHGAP11A;FANK1;DOCK4;RASGRF1;CITED4;FHL2;HNF4G;KRT23;HMGB1;RND3;PITPNC1;OSBPL10;TRIM8;LYL1;MCF2L;DNER;CTSH;CCIN;TK1;TMED4;GPR39;ACTR2;HSP90AA1;CCDC34;ITGA3;PLLP;PLEKHG5;ITGA1;DENND2A;TMC6;TMC5;F3;DUSP6;EPN1;PARD3B;ETV6;TUBB2A;ELF3;CHDH;IRF1;CKS2;CLDN18;TAX1BP3;HNRNPH3;CCDC40;PRPS1;NFIX;ATL1;SEMA3B;SNX33;UQCR10;DLL1;THSD4;FGD6;TNKS2;ATOH8;MICALL2;STAT4;LRIG1;GCNT3;PCDH1;PDLIM5;MUC4;CMTM7;NQO1;HNRNPA3;TAF15;GSN;BRF1;MBOAT1;PLEKHA6;SGPP2;DHRS3;MPP7;KLF7;KRT18;AXL;PCYOX1L"
"KLF1","KLF1 20508144 ChIP-Seq FETAL-LIVER-ERYTHROID Mouse","85/868","0.00127658935278400368154572142032066039973869919776916503906250","0.00446215259885149404667226136211866105441004037857055664062","0","0","1.4577397910731245","9.713741409870975118679","CNTNAP2;ALDH1L1;CITED2;FHL2;HNF4G;SLC2A1;SIX1;PRDM1;HMGB1;BACH1;PITPNC1;SEC61G;LIPG;HORMAD2;TGM2;EOMES;DENND2C;AMN;CAMK1D;IZUMO1;TMOD2;NOG;ACSL6;TMC8;NAV2;F3;ANK1;EPN1;ZDHHC14;RNF144B;BCAM;DEPDC1B;TUBB2A;CACNB4;NAV3;FEZ2;SPATA13;COL4A6;MAML3;STEAP1;TRIM10;SMPDL3A;TRIM55;PXT1;PTGER4;SLC26A1;SLC45A1;INSIG1;GCNT1;CACNA1D;CD99L2;PRICKLE1;UQCR10;CRIP1;CPLX1;PLD3;APOLD1;CRYZ;ABLIM2;SH3TC2;NRIP1;HIVEP3;MAP4K5;TRPM6;WASF3;PCK2;VASP;SYT1;ABCA3;WNT7B;PBX3;PARP16;NR2F2;FHDC1;MEIS3;POU2F3;PBX1;LRP1B;GRIN1;TMEM154;FRAS1;PDE10A;PI15;GRINA;CPEB4"
"ESR1","ESR1 30970003 ChIP-Seq MCF-7 Human BreastCancer","85/868","0.00127658935278400368154572142032066039973869919776916503906250","0.00446215259885149404667226136211866105441004037857055664062","0","0","1.4577397910731245","9.713741409870975118679","GPSM1;CPM;COL18A1;EHF;PATJ;CALCOCO1;TES;TRAF3IP2;FHL1;LOXL4;MSMO1;ECSIT;RND3;PRSS23;TRIM29;CDH1;MCF2L;PALM;CTSH;HMCN1;MAN2C1;LARGE1;CCR3;GALNT9;ABCC3;SERPINF1;AMT;MAT1A;NAV2;WNT16;FOXP1;ETV6;MTSS2;SLC9A2;KIAA1217;SULT2B1;INPP4B;FRMD5;VCAN;ADCY9;PALLD;CHDH;IRF1;PARD3;CCDC40;FAIM;BRSK1;SPTBN4;CLDND1;SLC26A1;IDUA;LAMA4;SMIM1;NPR3;SEMA3B;FOXO6;CACNA1D;THSD4;C3;ABLIM2;SPOCK2;NRIP1;PCED1B;LRIG1;HOXC4;HIVEP3;ATP6V1C2;CA12;CA11;CARMIL3;PTPRN2;ABCA3;FHDC1;POU2F3;DCLK1;DHRS3;ADGRD1;PPFIBP2;PAH;SPRY2;CHPT1;COL9A2;PAM;CD22;TMEM229B"
"E2A","E2A 27217539 Chip-Seq RAMOS-Cell Line Human","144/1603","0.00135377525187608681485340600403333155554719269275665283203125","0.00468488739552731965620768761482395348139107227325439453125","0","0","1.3344058839535571","8.813561520051075959259","RAB3A;TRAF3IP2;IRS1;STMN3;ARHGAP39;PRDM1;FGFRL1;FAM107B;GCSH;GRIP1;RASSF6;RPS6KA1;NEK2;NRTN;CHAC1;HMGN2;LZTS1;RNF43;CCDC78;SERPINF1;VASH2;SRCIN1;GPRIN3;CYP27A1;CACNB3;SCNN1D;CYP2U1;LACTB2;PARD3;DDIT4;GEMIN7;MAML3;ZFPM1;ABCG1;GNAZ;NOTCH1;COL13A1;FICD;NXPH3;TRANK1;CHRNA9;IL20RB;PRDM10;CPLX1;KIAA0040;GLIS2;SAV1;SOCS3;CCNB1;CHST12;PRDX1;RHPN1;HMOX1;SFN;KCNN4;AP1M2;ABCA1;ACBD7;ST14;PTPRN2;ACBD4;MCAM;PARP16;BMP7;ELL3;NFATC4;ABHD15;PARP10;FASN;ID3;PLCH2;NES;CPEB4;BCL2L1;MAP3K12;KCNC4;RASGRF1;SLC2A1;SECTM1;HMGB1;USE1;RYR3;LFNG;TRIM8;LYL1;BCL7A;PMEPA1;CPXM1;MYBL2;ABCD1;ZHX2;AMN;SYK;GPR35;MMEL1;KREMEN2;CBFA2T3;TEX19;RNF144B;TUBB2A;ZEB1;NAV3;VGF;SDHAF1;CKS2;HNRNPH3;ZNF595;LAMA5;DNAH1;SLC20A1;RGS16;PTAFR;GCNT1;CXCR4;U2AF1;PPM1F;ABLIM2;MGAT5B;IL21R;LRIG1;ZNF585B;MUC4;TRIM44;CMTM7;CD72;KCNJ11;TXNRD2;RFTN1;PLCL2;MBOAT1;SORL1;KAZALD1;TMEM154;FMNL3;EEPD1;PIK3IP1;SARDH;PCYOX1L;SPRY1;NOTUM;SYCP3;PIK3AP1;SSBP2;SNTB1"
"SOX3","SOX3 22085726 ChIP-Seq NPCs Mouse","141/1565","0.00135437572630887036184699212526538758538663387298583984375000","0.00468488739552731965620768761482395348139107227325439453125","0","0","1.3382868486242590","8.838601268160283908060","FHOD3;SPARC;CSF1;COL12A1;ENO3;BZW1;GALNT10;FAM107B;SYDE1;HERC3;CCND1;MPZ;SALL4;FTH1;CCNL2;HMGN2;EOMES;MAGI1;ARSA;CACNA2D1;VASH2;HSPG2;ANK1;DKK1;LEMD1;CLDN3;ADCY9;KCNQ1;DDIT4;COL4A6;NPTXR;MZF1;EMID1;SHC2;CUL7;SLC1A1;CLCNKB;IL20RA;PDGFB;MRO;CPLX1;ADAMTS10;SAV1;WNT6;SCUBE1;RNF215;RHPN1;HOXC4;ST8SIA6;ABCA1;SLC10A4;ABCA2;AMBP;CXCL10;DLG4;ID2;CDK3;LRFN1;CHMP2B;SPIRE2;DCHS1;AMOTL2;NF2;NES;CPEB4;ARHGAP11A;CNTNAP2;DHRS13;MAST4;CITED2;HMGB3;HOXC13;PITPNC1;OSBPL10;GLI2;LFNG;MRC2;TRIM8;BCL7A;SIX4;SLC22A17;TMEM107;TMED4;TRPC1;ANO8;NME5;KCNAB3;CBFA2T3;ZDHHC14;PARD3B;ETV6;C1QL1;TUBB2A;OAF;RTN4RL1;PALLD;IL1RAPL1;COL6A1;CKS2;FAM20C;MGLL;CRB2;WDR27;NDUFB8;CAMK2D;SMARCD3;IDUA;SLC20A1;PELI2;PPM1H;CXCR4;PRICKLE1;AKAP5;DLL1;THSD4;ABLIM2;DDT;HSF4;SUSD4;WASF3;AOC3;F10;DMRT1;IRX3;HAGHL;SORL1;KAZALD1;GRHL2;DHRS4;SLC25A37;GATM;FRAS1;LBX2;CTH;RIMBP3;CHPT1;SPRY1;VIM;NOTUM;FOLR1;LIMS2"
"TP53","TP53 16413492 ChIP-PET HCT116 Human","33/269","0.00135892760214633518886517826729232183424755930900573730468750","0.00468488739552731965620768761482395348139107227325439453125","0","0","1.8623434847851219","12.293440000014044244381","FANK1;EHF;CAMK2D;PCNA;NOTCH1;LAMA2;INSIG2;PRDM1;PTGS2;BACH1;FGF2;LTBP1;TRIM29;CHST12;PDGFC;SLC25A21;LZTS1;ZNF365;MAP2K6;CA12;GPR39;RABGAP1L;GSN;S100A2;CYP4F3;ANK1;DHRS2;PPFIBP1;ADCY9;NAV3;DDIT4;NMU;VIM"
"OCT4","OCT4 21477851 ChIP-Seq ESCs Mouse","137/1517","0.00144581218260951701280736525490056010312400758266448974609375","0.00496176453577356919161234216630873561371117830276489257812","0","0","1.3409966327668190","8.768889694074573526450","SPARC;SERPINE2;TRAF3IP2;IRS1;PRDM1;IKZF2;ABCA12;SLC4A3;ALDH1L2;BZW1;KLHL30;RGS4;GRIP1;MPZ;PALM;PSMD1;NEK2;ENPP3;HMCN1;SOX9;PPFIA4;TNS3;MAP3K5;TMPO;IGFBP3;VASH2;HNF1B;LEMD1;SLC9A2;CYP27A1;EID3;SPATA17;OBSCN;RUFY4;LACTB2;DDIT4;SNRPF;SCG2;NGEF;EMID1;GNAZ;SLC45A3;COL13A1;DHX9;INSIG2;IL20RA;ILDR2;LIN7A;LTBP2;NPAS2;SOCS3;WNT6;TNFSF18;CDK18;RABGAP1L;SYT1;LIF;PBX1;EFNA2;PAH;BCL2;PAM;CPEB4;ITM2C;CPM;COL18A1;NRP2;ONECUT3;CITED2;FHL2;LRRC3;TNFAIP3;DBI;MYPN;PITPNC1;GLI2;ADAMTS2;SEC61G;NUF2;DNER;TIMP3;SPEG;HORMAD2;CCDC38;ABCC3;GPR39;ACTR2;EIF5B;GPR35;USP44;TBC1D8;GLRX2;AXIN2;ANO4;DUSP6;SERPINB5;PARD3B;C1QL1;ARL4C;ELF3;COL6A2;HKDC1;COL6A1;SMPDL3A;SAMD5;PRIM2;LAMA2;LAMA4;RGS16;NDUFB3;CXCR4;UQCR10;LIN9;PTGS2;GLRA1;FGD6;SPOCK2;STAT4;SUSD4;CDRT4;EYA4;PLEKHA6;HSPE1;GDAP1;SGPP2;KLF7;CENPF;COL3A1;DES;PIK3IP1;SGSM2;PI15;CHPT1;SYCP3;RAMP1;FRK;IL18R1"
"NANOG","NANOG 16518401 ChIP-PET MESCs Mouse","148/1657","0.00146299925781875634483997217216710851062089204788208007812500","0.00499802913870208559421470795314235147088766098022460937500","0","0","1.3263464869269472","8.657417209356990994706","DGKE;SPARC;TRAF3IP2;PLEKHB1;PRDM1;ANTXR2;EFEMP2;SALL4;RPS6KA1;HOXA1;RTTN;STK32A;MAP3K5;EOMES;KIRREL1;SLC15A1;MSX2;CACNA2D1;NPY1R;OVOL1;DKK1;FOXP1;OXA1L;CLDN3;DDIT4;SLC9A9;COL4A6;RIN1;CLOCK;SCG2;CUL7;COL13A1;DHX9;NPR3;CHRD;CHRNA9;KLHL13;PLD1;ADAMTS10;FBLN5;ZFP36L1;SOCS3;SYNGR1;EBP;PRDX1;PDGFC;FADD;CPA4;RABGAP1L;PTPRN2;ACBD4;SYT1;DNASE2B;PBX3;LIF;AMMECR1;SYT7;LRP1B;NFATC4;BMP4;GNAL;PPP1R1A;TCN2;FASN;PAH;RCOR2;BCL2L1;CPM;COL18A1;NRP2;DOCK4;CITED2;HSPB8;HMGB3;SIX1;SLC2A3;GRIK2;MMP20;TRIM8;BCL7A;SIX4;SEC61G;DNER;ANKRD1;TIMM17B;DLGAP1;HORMAD2;MYBL2;MAN2C1;PRKG1;DACT1;ADAMTS7;ACTR2;EIF5B;FGFBP1;ZHX2;CHST7;KCND1;CAMK1D;SYK;PDE4D;TNFRSF19;TEX14;KREMEN2;NME5;COMMD4;TEX19;MMP14;IRF1;C1D;ZMYND10;KIFC3;FJX1;ITGA9;RBMS3;SLC20A1;SEMA3B;ZDHHC23;HMGCR;AOAH;AURKA;CRYZ;ADCY5;FGD2;SPOCK2;HSF4;MAN1C1;LRIG1;SNCG;CSMD3;TRIM44;DMRT1;KCNB1;EYA4;PLCL2;BMP8A;DONSON;PLEKHA6;SYT13;GDAP1;PLEKHA7;KLF7;COL3A1;CTH;PSMC2;TCEA3;SPRY2;GRINA"
"SMARCD1","SMARCD1 25818293 ChIP-Seq ESCs Mouse","150/1683","0.00148205169232245984912987868398204227560199797153472900390625","0.00504031093560115828200451915108715184032917022705078125000","0","0","1.3234611737648032","8.621460012569123421144","COL12A1;CTNND1;STMN3;IL1RAP;ABCA12;GRPR;FAM107B;ZFYVE28;HTR7;RINL;TRIM29;DPYSL3;HOMER3;RTTN;OIP5;MB21D2;LZTS1;MAGI1;DAPK1;CACNA2D1;ACSL5;ANK1;FOXP2;FOXP1;CACNB2;FRMD5;SPATA17;CACNB4;FANCD2;KCNQ1;SPATA13;COL4A6;COL4A5;MAML3;FKBP9;TNIK;GPM6A;INSIG2;SLC1A1;TMEM59L;TRANK1;TMTC1;PRDM10;LTBP1;CTIF;ST8SIA6;ARSG;KCNN4;BCL2L15;ATP6V1C2;GSTM2;PTPRN2;COL24A1;SYT1;MCAM;TMEM132B;NMI;GRIN2C;CORO2B;PBX1;ANKHD1;LRP1B;MSRA;PPFIBP1;CXCL11;MAP3K15;PPFIBP2;GNAL;ITGA10;RCAN2;BCL2;ITGBL1;AMOTL2;PLCH2;MIPEP;FANK1;RET;CNTNAP2;CPM;MAST4;OTUD7A;DUSP19;GRIK4;PRSS23;PITPNC1;GLI2;MRC2;LYL1;GRM7;HEPH;NUF2;HORMAD2;MYBL2;UTY;AASS;PRKG1;TTC23L;GPR39;GPR37;IZUMO1;PDE4D;USP44;TNFRSF19;NAV2;MYRIP;ANO4;ZDHHC14;PARD3B;ETV6;PLCB4;ZEB1;IL1RAPL1;CD44;RBMS3;RBM47;PRKAA2;NFIX;LAMA2;FGL1;PPM1H;THSD4;ADCY5;TTN;SRR;TNKS2;PCED1B;SUSD4;LRIG1;REPS2;CHSY3;CSMD3;EPS8L3;SLIT2;LEKR1;CDRT4;GALNT3;USP9Y;PLCL2;MBOAT1;ADAM32;PCDHB14;GRHL2;MPP7;FRAS1;SLCO3A1;RPA3;ST7;TLL2;VIM;CRLF1"
"PPARG","PPARG 20176806 ChIP-Seq 3T3-L1 Mouse","125/1369","0.00157171802908535190868022368704259861260652542114257812500000","0.00532128749757596747338439513441699091345071792602539062500","0","0","1.3552610852465083","8.749004450145223543700","SH3GL3;ALDH1L1;KCNG3;IRS1;COL12A1;NUDT1;IRS2;PRDM1;ENO2;PLB1;NR3C2;FAM107B;ZFYVE28;DOCK11;PLAU;FTH1;HOMER3;HOXA1;HMCN1;KPNA2;MAGI1;SRRM3;DAPK1;LMO4;KRT8;LMO7;FOXP1;INPP4B;OLFM2;AZGP1;PARD3;KCTD12;SKAP2;RTN4R;INSIG1;GATA6;PIK3R1;PLD1;NPAS2;FAM43A;S100A14;CPA4;DECR1;ABCA1;AFAP1L2;IQSEC1;CRIM1;FHDC1;POU2F3;PBX1;MSRA;FMC1;LCN2;BCL2;SP5;AMOTL2;PLCH1;LHX5;DEGS2;PLCH2;RCOR2;CPEB4;BCL2L1;MAP3K12;CNTNAP2;NRP2;CALCOCO1;CITED2;DYSF;TNFAIP3;GPT;OPLAH;GLI2;TRIM8;JPH2;TIMP2;CTSH;ADAMTS7;GPR39;CAMK1D;TESC;DENND2A;ETV6;PLCB4;ZEB1;NAV3;RTN4RL1;COL6A2;COL6A1;PPARG;TAX1BP3;CDH15;MGLL;PRKAA2;LAMA4;PRR5L;PRICKLE1;AKAP5;ADCY5;SH3TC2;ATOH8;NRIP1;LRIG1;PCDH1;MBNL3;HNRNPA3;CD72;GSN;IRX3;EYA4;DONSON;SYT13;DHRS3;MPP7;TMEM154;KLF7;CENPF;EPGN;KRT18;FABP5;SLCO3A1;PSAT1;HNRNPA2B1;PIK3AP1;SNTB1"
"CEBPB","CEBPB 26923725 Chip-Seq MESODERM Mouse","80/814","0.00158465956186054006231411772631645362707786262035369873046875","0.00534115164823530282067753915953289833851158618927001953125","0","0","1.4620954517817626","9.426693281816827862940","MIPEP;FANK1;CNTNAP2;SH3GL3;TRAF3IP2;IRS1;RASGRF1;COL12A1;DYSF;LOXL4;PRDM1;SIPA1L2;AREG;RND3;ADAMTS2;GRB14;TRIM29;CDH1;NUF2;PTGDS;PRKACB;DACT1;MAGI1;ACTR2;CAMK1D;MSX2;LMO4;TESC;PDE4D;CASK;TUBG2;TMEM150C;OLFM2;DEPDC1B;PLCB4;NUP210L;COL6A2;EHHADH;FAM20C;KCTD12;MAML3;CDH15;ZFPM1;CRB2;PXT1;COL13A1;GCNT1;HIGD1A;PPL;AKAP3;PPM1F;APOLD1;TTN;ZFP36L1;EFNB2;MGAT5B;NRIP1;HSF4;SUSD4;LRIG1;HOXC4;ST3GAL6;MAP2K6;CMTM7;GSTM2;GGT7;ST14;YES1;GSN;AMBP;IRX3;PNMA2;GRHL2;ANKHD1;TMEM154;CENPF;BMP2;ID2;FRK;CPEB4"
"CTCF","CTCF 27219007 Chip-Seq ERYTHROID Human","148/1663","0.00168833176986363697920368043270400448818691074848175048828125","0.00566529104998687079580710346249361464288085699081420898438","0","0","1.3206295451397871","8.430917975121282381679","RAB3A;MAML2;CSF1;IRS1;CHRM4;IRS2;ZDHHC8;NRBP2;HTR6;EFEMP2;RINL;CCND1;FGF9;PLAU;CDH1;FTH1;RPS6KA1;SOX8;CCNL2;HMCN1;HMGN2;PTGDS;PRKACB;PIAS3;IL15RA;LAG3;LMO4;FIBCD1;MYO7A;SRCIN1;ACAP3;OBSCN;RUFY4;DDIT4;DPEP1;S100A4;MAML3;ZFPM1;EMID1;EPHA2;SLC45A3;COL13A1;DHX9;LYPD3;LTBP2;MRO;PRDM10;GABARAP;EFNB2;LDHA;PRDX1;CASKIN1;MAP6;SFN;CHST14;S100A14;KCNN4;S100A10;RTBDN;ANKRD24;TNFRSF9;CRIM1;CYBRD1;NR1D1;CORO2B;SYT7;NFATC4;NR4A1;BAMBI;CDK3;BCL2;ANP32E;ID3;COL9A2;DEGS2;RCOR2;BCL2L1;RET;OSCP1;KCNC4;RASGRF1;MAST1;CITED4;BHLHE41;SLC2A3;HMGB1;ECSIT;PRSS23;SHD;THBD;TUBA1B;SIX4;MCF2L;SCRN2;DENND2D;CAMK1D;GAA;TESC;PLEKHG5;GLRX2;KREMEN2;SYNGR3;DUSP6;EPN1;SSTR5;C1QL1;EPN3;ELF3;HKDC1;RNF207;MMP17;TRNP1;PLCB2;ITGA9;IDUA;PTAFR;CXCR4;SNX33;LIN9;APOLD1;POLD4;GPR153;TNKS2;GNG4;HAS3;MICALL2;MAN1C1;SNCG;PCDH1;IL12RB2;HES4;TM4SF18;KCNJ11;WNT7B;AKR1C3;KAZALD1;PLEKHA7;DHRS3;TTLL7;MAPK11;TFAP4;FRAS1;MYO15B;ZNF219;RAB13;TLL2;SPRY2;VIM"
"POU2F1","POU2F1 35413990 ChIP-Seq Human ARposCRProstateCancer","73/732","0.00170604121221498380468750699634483680711127817630767822265625","0.00569938546558545512665805432561683119274675846099853515625","0","0","1.4844364904926839","9.461174241642549276321","SH3GL3;CALCOCO1;COL12A1;FHL2;HMGB3;EFCAB12;PRDM1;H2AC15;IKZF2;ZCWPW1;GRIP1;LIPG;ANKRD1;PDE4B;MAN2C1;LARGE1;SLC25A45;CFAP43;TNS2;ST6GAL1;ZHX2;DENND2A;TMOD2;HNF1B;LMO7;CBFA2T3;DUSP6;TEX19;FOXP1;INPP4B;H2BC14;MDFIC;ELF3;SPATA13;COL4A6;CHI3L2;TRIM55;RBMS3;RBM47;LAMA3;CXCR4;PRICKLE1;LIN9;PRDM10;APOLD1;SAV1;LDHA;ZBED2;BCL2L15;CPA4;TNFSF18;AFAP1L2;GSN;ACBD4;TAF15;H2BC4;LSM5;PAN2;CENPE;DIAPH1;PPFIBP1;FMC1;ID2;RAB13;ST7;ANP32E;CREBRF;CNTN1;PIK3AP1;PAM;FRK;CPEB4;BCL2L1"
"CMYC","CMYC 18555785 Chip-Seq ESCs Mouse","135/1499","0.00173531132637894992300220398107057917513884603977203369140625","0.00576505541562895382906583918725118564907461404800415039062","0","0","1.3360661294919056","8.492795796282852194281","EHF;SERPINE2;IRS1;CHRM4;CTNND1;IKZF2;ABCA12;SLC4A3;BZW1;FAM107B;RGS4;GPR176;GRB14;ARHGAP40;MPZ;SALL4;NEK2;CHAC1;HMCN1;PPFIA4;TGM2;IL15RA;LMO4;VASH2;EBF4;LEMD1;SLC9A2;CYP27A1;OLFM1;CACNB2;FRMD5;SPATA17;CACNB4;NUP210L;LACTB2;MALL;MAML3;STEAP1;SCG2;NGEF;SLC45A3;NOTCH1;DHX9;INSIG2;DAPP1;ILDR2;NPAS2;ABO;DPP4;WNT6;ST8SIA6;CHST14;TNFSF18;NTNG2;CDK18;GGT7;RABGAP1L;PBX3;BMP7;PBX1;LRP1B;BMP2;NOXA1;BCL2;SP5;PAM;BCL2L1;ITM2C;ARHGAP11A;NRP2;KCNC4;FHL2;HNF4G;SLC2A1;DBI;RND3;RYR3;GLI2;JPH2;NUF2;DNER;PMEPA1;SPEG;CPXM1;GPR39;EIF5B;CAMK1D;CCDC34;TBC1D8;GLRX2;SERPINB5;PARD3B;ARL4C;TOX2;PLCB4;ELF3;BANK1;FJX1;ST6GALNAC5;CD44;CRB2;PRIM2;SLC20A1;RGS16;NDUFB3;CXCR4;PRR5L;LIN9;PTGS2;STAT4;SUSD4;TRIM44;GALNT3;KCNB1;KCNIP3;PLEKHA6;SYT13;MERTK;HSPE1;GDAP1;SGPP2;TMEM154;TTLL7;KLF7;CENPF;COL3A1;GATM;DES;FABP5;SARDH;PI15;SPRY1;PTPN7;VIM;IL18R1"
"TCF4","TCF4 18268006 ChIP-ChIP LS174T Human","42/372","0.00174097037717006806849251443480852685752324759960174560546875","0.00576505541562895382906583918725118564907461404800415039062","0","0","1.6974965137127300","10.784726045345173872647","NRP2;SLC45A1;IRS1;TACSTD2;LIN9;ABCA12;SLC4A3;SLC6A20;SIPA1L2;LTBP1;RND3;KIAA0040;PLB1;NPAS2;GLI2;DPP4;HTR6;GRM7;STAT4;SFN;TSPAN2;NEK2;HMCN1;LMO4;CRIM1;ZNF804A;MYRIP;MERTK;DHRS3;TTLL7;SLC9A2;CENPF;VSNL1;RUFY4;ID2;CTH;FEZ2;MALL;SNRPG;SP5;SCG2;EPHA2"
"NANOG","NANOG 18347094 ChIP-ChIP MESCs Mouse","127/1399","0.00178166368740362963084267189373122164397500455379486083984375","0.00587404403488969543978281961926768417470157146453857421875","0","0","1.3465554526930386","8.523975688855946586386","KCNG3;EHF;DGKE;SPARC;NUDT1;LOXL4;STMN3;BACH1;CDH1;SALL4;DPYSL3;NRTN;CCNL2;ENPP3;TNS3;TGM2;MAGI1;ARSA;SLC15A1;KIRREL2;MSX2;CACNA2D1;KRT8;MYO7A;DKK1;FOXP1;SLC9A2;CLDN3;DDIT4;FEZ2;SLC9A9;GEMIN7;ZFPM1;SHC4;NOTCH1;FBLIM1;DHX9;NXPH3;GPR87;SLC1A1;IL20RA;PIK3R1;ZFP36L1;SOCS3;LDHB;PDGFC;RABGAP1L;MCAM;HTR1B;POU2F3;ELL3;BMP4;PPP1R1A;FASN;SPIRE2;AMOTL2;COL18A1;CNTNAP1;LAMC3;CITED2;KCNC4;ONECUT1;CITED4;DUSP19;MSLN;PITPNC1;TRIM8;DBP;SEC61G;MCF2L;CNGA1;DLGAP1;HORMAD2;MYBL2;DACT1;EIF5A;CCDC38;DENND2C;FGFBP1;HSP90AA1;TIGD5;PLLP;HEG1;IZUMO1;ITGA1;TNFRSF19;TMC8;TMC6;AXIN2;DUSP6;ZDHHC14;VGF;PALLD;CKS2;KIFC3;ITGA9;AGPAT5;PRPS1;LAMA5;IDUA;SEMA3D;RGS16;SLC5A11;HMGCR;DLL1;AURKA;ADCY5;TTN;GPR153;NRIP1;HAS3;STAT4;SLIT2;NQO1;FBXL13;PLEKHA7;DHRS3;MPP7;SBK1;LBX2;RPA3;TCEA3;LNX1;SPRY2;CHPT1;SPRY1;VIM"
"TCF3","TCF3 18692474 ChIP-Seq MESCs Mouse","93/976","0.00179115845970089274628855857685039154603146016597747802734375","0.00587967233510510410565697014817487797699868679046630859375","0","0","1.4149050433324111","8.949122557513296882803","DGKE;CITED2;HSPB8;ONECUT1;NUDT1;HMGB3;BACH1;MMP20;GLI2;GRIP1;CHCHD2;CCND1;CDH1;SALL4;MCF2L;PBK;ANKRD1;MYBL2;HOXA1;ENPP3;PRKACB;EOMES;MAGI1;CCDC38;DENND2C;HSP90AA1;SLC15A1;KIRREL2;HEG1;TNFRSF19;AMT;CASK;GLRX2;EBF4;AXIN2;DKK1;DUSP6;LEMD1;FOXP1;SLC9A2;CLDN3;MRPL51;SLPI;LACTB2;DDIT4;SLC9A9;DPEP1;KIFC3;ABCG1;ITGA9;HBEGF;LAMA5;SMARCD1;SMARCD3;NXPH3;POMP;SLC5A11;ZDHHC23;DAPP1;HMGCR;DLL1;AURKA;ZFP36L1;SOCS3;LDHB;PDGFC;NRIP1;HAS3;STAT4;GCNT2;RPL17;WASF3;TRIM40;RABGAP1L;YES1;GSN;FBXL13;GRHL2;POU2F3;KLF8;BST1;PSAT1;TCEA3;RNF182;SPIRE2;SP5;ID3;SPRY2;AMOTL2;VIM;RCOR2;NES;CCNJL"
"AR","AR 27270436 ChIP-Seq VCaP Human Prostate Carcinoma","293/3565","0.00180862275889967440319072711218950644251890480518341064453125","0.00591129949337339428983018052576881018467247486114501953125","0","0","1.2268352170090671","7.747697040206468876988","EHF;PATJ;TES;MAML2;TRAF3IP2;IKZF2;H2AC15;ANTXR2;BACH1;FGFRL1;IFIT2;HERC5;HERC3;RINL;DPYSL3;LIPG;RASSF6;RTTN;SOX9;PRKACB;TNS3;TNS2;TMPO;ST6GAL1;KRT8;ACSL5;SYTL5;HSPG2;ANK1;KIAA1217;CYP27A1;DEPDC1B;CLDN3;NUP210L;CYP2U1;LACTB2;DDIT4;ADPRH;JTB;KCNQ4;ATF5;SKAP2;SMIM3;PPP1R35;GATA6;IL20RA;PDGFB;IL20RB;TMTC1;PIK3R1;GABARAP;LDHB;LDHA;CRACR2B;RDH12;ZNF701;HOXC4;ST3GAL6;TRPM6;DECR1;S100A10;TNFSF18;NTNG2;ST14;GPR15;DNASE2B;ABCA3;MEIG1;SIAH1;PBX3;AMMECR1;CCDC9B;NFATC4;PPFIBP1;PPFIBP2;PRXL2A;ID2;NOSTRIN;ID3;CITED2;CITED4;BHLHE41;HNF4G;SECTM1;SIPA1L3;MYPN;MMP20;OSBPL10;GLI2;TRIM8;NUF2;ELOA;PHF24;SLC18A2;RBBP8NL;TMC1;ZHX2;GPR37;ANO4;F3;TMEM150C;IL17RC;DUSP6;ZDHHC14;PSMA4;PLCB4;PSMA1;B3GNT5;CKS2;HNRNPH3;PLCB2;CHST2;MGLL;PTGER4;ZNF350;SLC20A1;ATL1;PELI2;PRICKLE1;AKAP5;ADCY5;RIDA;GPR153;STAMBPL1;MAP4K5;CA12;CGREF1;TM4SF18;DMRT1;SAMD4A;PLEKHA6;KAZALD1;GRHL2;DHRS3;PSMB9;TMEM154;CENPF;NOL4L;TFAP4;PSMC2;ZNF219;FKBP1B;HNRNPA2B1;RAMP1;FRK;FHOD3;SH3GL3;ANKRD37;IRS1;RORC;MSMO1;ARHGAP39;PRDM1;SSC4D;BZW1;FGF2;KLHL30;PLB1;GALNT10;CLGN;FAM107B;GRIP1;DOCK11;GRB14;PLAU;PALM;MACROD1;PAPOLA;ENPP3;SLC25A45;MB21D2;MAP3K5;TGM2;KCNH2;MAGI1;PIAS3;RNF43;MLIP;SLC15A2;MITF;ANXA10;LMO7;MAT1A;FOXP1;SLC9A2;OLFM1;TNIK;STEAP1;FAIM;ZNF550;COX16;NPR3;TACSTD2;LIN7A;MRO;PLD1;NPAS2;SAV1;TMEM25;CTIF;SDCBP;TMEM125;ATP5MG;CRIM1;CORO2B;BMP7;SYT7;SEM1;DIAPH1;NR4A1;CXCL11;MAP3K15;GNAL;NAT1;ATG16L2;FMC1;CDK3;DLG5;TBCE;AMOTL2;NF2;BCL2L1;DOCK4;CRYBG1;CXCL8;MAST4;DUSP19;SLC2A3;HMGB1;TSPAN12;RND3;ATP7B;ACP4;BDKRB2;PDE4B;PMEPA1;MAN2C1;ARFGEF3;SH3D19;ITGA3;PDE4D;TNFRSF19;EPN1;PARD3B;ETV6;SSTR5;EPN3;ELF3;VGF;PALLD;CHDH;IL1RAPL1;CHI3L2;SMPDL3A;ST6GALNAC5;ITGA9;RBMS3;PRPS1;RBM47;CAMK2D;PRKAA2;CEBPD;LAMA4;FGL1;DNAH6;LAMA3;POMP;PPM1H;HMGCR;TMEM201;ATOH8;NRIP1;MAN1C1;PCDH1;TRIM44;LEKR1;CMTM7;TAF15;LGI3;AHNAK2;CYP51A1;MERTK;SORL1;SLC25A37;EEPD1;KLF7;ST7;ZNF615;LNX1;CHPT1;SPRY1;PIK3AP1;SSBP2"
"OCT1","OCT1 27270436 Chip-Seq PROSTATE Human","142/1591","0.00187483987154908431083111253201423096470534801483154296875000","0.00610131078887740912336523635417506739031523466110229492188","0","0","1.3236377795941985","8.311428735190252936604","EHF;SPARC;IRS2;BACH1;CCT6B;GRIP1;HTR6;RASSF6;RPS6KA1;MACROD1;SLC25A45;PRKACB;TMPO;RAG1;ST6GAL1;SLC15A1;SLC15A2;MSX2;PAQR5;CACNA2D1;NPY1R;MITF;OVOL1;ANK1;SYTL3;TRIM15;NGEF;ABCG1;GNAZ;FICD;DHX9;PIK3R1;PLD1;GLIS1;FUT3;ZFP36L1;POU5F1B;DPP4;CACNA1I;C5;ARSJ;ZNF704;ZNF701;SLC10A4;SYT3;YES1;PTPRN2;AMBP;IQSEC1;MEIG1;CYP4F3;PBX3;CRIM1;BMP7;LRP1B;DIAPH1;NR4A1;PPFIBP1;ATG16L2;ID2;PAH;CNTN1;PLCH1;RCOR2;CPEB4;TMEM151A;CNTNAP1;SYNM;GAL3ST1;DDX46;ITGB4;LAMC3;KCNC3;BHLHE41;TNFAIP2;LRRC3;GRIK4;TSPAN12;OPLAH;USE1;MMP20;OSBPL10;GLI2;TRIM8;ZCWPW1;JPH2;HNF4A;RASGEF1C;TTC23L;ZNF365;ACTR2;ZHX2;GPR35;ZNF480;HEG1;PLA2G4C;DENND2A;NOG;KRT32;TMC5;ETV6;C1QL1;TFEC;FAM20C;PPARA;FJX1;SMPDL3A;ST6GALNAC5;RBMS3;ZNF595;LAMA5;PRIM2;PRKAA2;NFIX;PPM1H;AOAH;POLD4;MGAT5B;MAN1C1;MAL2;PCDH1;APOL1;APOL3;CDRT4;BMP8A;DONSON;MBOAT1;ADAM32;WNT7A;FBXL13;GRHL2;TARBP1;KRT16;PSMC1;NOVA2;ST7;SGSM2;TCEA3;SARM1;PI15;VIM;CDKN3"
"TAL1","TAL1 21186366 ChIP-Seq BM-HSCs Mouse","133/1477","0.00188435370986778810177553200588818071992136538028717041015625","0.00610595300836987153747514867063728161156177520751953125000","0","0","1.3353180425143454","8.378012905360526119125","TRAF3IP2;PRDM1;ALDH1L2;GALNT10;CCT6B;GRIP1;SYDE1;PALM;ENPP3;SOX9;TNS3;MAP3K5;TMPO;SLC15A1;DAPK1;RALGAPA1;SERPINF1;IGFBP3;ACSL6;HNF1B;VASH1;SRCIN1;DEPDC1B;EID3;ADCY9;OBSCN;DDIT4;KCTD12;SNRPF;EMID1;GNAZ;COL13A1;NXPH3;IL20RA;TWIST1;LIN7A;PIK3R1;C2CD4C;FBLN5;SAV1;ZFP36L1;FAM43A;ARSG;STXBP6;MAP2K6;KCNF1;PTPRN2;XRCC4;SYT1;LIF;BMP4;EFNA2;ID2;PAH;RNF182;NF2;SLC26A3;CCNJL;CPEB4;MIPEP;CPM;COL18A1;DOCK4;MAST4;ONECUT3;CITED2;LRRC3;TNFAIP3;GRIK2;MYPN;PCSK4;PITPNC1;MRC2;ADAMTS2;RASGEF1C;SEC61G;BDKRB2;TIMP3;HORMAD2;DACT1;CCDC38;ABCC3;ACTR2;USP44;TNFRSF19;NOG;TEX14;TMC6;AXIN2;ANO4;DUSP6;RNF144B;VCAN;VSNL1;NAV3;RTN4RL1;IRF1;COL6A2;HKDC1;C1D;COL6A1;HNRNPH3;SMPDL3A;SAMD5;PTGER4;LAMA2;CEBPD;LAMA4;PPM1H;PRICKLE1;HMGCR;AOAH;UQCR10;THBS4;GLRA1;FGD6;GNG4;DDT;SPOCK2;MGAT5B;NRIP1;GCNT2;MAL2;SLC25A21;CDRT4;PTGES3;EYA4;MBOAT1;CHPT1;SYCP3;SSBP2;FRK;NUP37"
"E2F1","E2F1 18555785 Chip-Seq ESCs Mouse","137/1528","0.00189871864301232999051871619400344570749439299106597900390625","0.00612620758749704737156083211857549031265079975128173828125","0","0","1.3295416712280224","8.331673952823997808537","EHF;SERPINE2;IRS1;CHRM4;CTNND1;IKZF2;ABCA12;SLC4A3;BZW1;FAM107B;RGS4;GPR176;GRB14;MPZ;SALL4;RPS6KA1;NEK2;CHAC1;HMCN1;PPFIA4;TGM2;IL15RA;LMO4;VASH2;EBF4;LEMD1;SLC9A2;CYP27A1;OLFM1;CACNB2;FRMD5;SPATA17;CACNB4;RUFY4;LACTB2;MALL;MAML3;TNIK;SCG2;NGEF;SLC45A3;DHX9;SLC45A1;INSIG2;ILDR2;NPAS2;ABO;DPP4;ST8SIA6;TNFSF18;NTNG2;CDK18;RABGAP1L;AMBP;PBX3;BMP7;PBX1;DCLK1;LRP1B;BMP2;NOSTRIN;BCL2;SP5;PAM;ITM2C;ARHGAP11A;NRP2;KCNC4;FHL2;DBI;RND3;RYR3;GLI2;JPH2;NUF2;DNER;PDE4B;SPEG;CPXM1;GPR39;EIF5B;CAMK1D;CCDC34;TBC1D8;GLRX2;F3;SERPINB5;PARD3B;ARL4C;TOX2;PLCB4;ELF3;FJX1;ST6GALNAC5;TRIM55;CD44;CRB2;PRIM2;CAMK2D;PRKAA2;SLC20A1;RGS16;NDUFB3;CXCR4;PRR5L;LIN9;PTGS2;TTN;TMEM201;STAT4;SUSD4;PDLIM5;TRIM44;WASF3;LEKR1;HNRNPA3;GALNT3;KCNB1;KCNIP3;PLEKHA6;SYT13;MERTK;HSPE1;GDAP1;SGPP2;TMEM154;TTLL7;KLF7;CENPF;COL3A1;GATM;CTH;SARDH;PI15;PTPN7;VIM;IL18R1"
"POU5F1","POU5F1 18700969 ChIP-ChIP MESCs Mouse","38/330","0.00198604666092672956997922106836540478980168700218200683593750","0.00634537412473774615345734062543670006562024354934692382812","0","0","1.7342435821967694","10.789785858479387314901","PRPS1;SMARCD1;NDUFB3;SLC2A1;STMN3;DLL1;PLD3;DPP4;SRR;CCND1;SALL4;LIPG;PDGFC;GCNT2;STAT4;TIMM17B;MAP2K6;NGFR;CAMK1D;MSX2;TNFRSF19;TMC6;DUSP6;NFATC4;TEX19;PCDHGA10;SBK1;ELF3;LACTB2;PSAT1;FASN;ID2;TCEA3;ID3;SPRY2;PPARG;GEMIN7;EPHA2"
"RUNX1","RUNX1 26923725 Chip-Seq HPCs Mouse","64/629","0.00198666401252097423943410170465995179256424307823181152343750","0.00634537412473774615345734062543670006562024354934692382812","0","0","1.5157064863906025","9.429662372835593942000","FANK1;RET;ONECUT3;IRS2;N4BP2L1;GCSH;GRIP1;JPH2;HMGN5;TRIM29;DLGAP1;TNS4;LZTS1;SH3D19;TMPO;AMT;NPY1R;TUBG2;SRCIN1;VAMP8;INPP4B;ADCY9;FEZ2;SLC9A9;C1D;CKS2;FAM20C;TAX1BP3;ZFPM1;SKAP2;CRB2;NOTCH1;TMPRSS4;APOLD1;PPM1F;GLIS2;ABLIM2;MGAT5B;LRIG1;NCKAP1L;FAM43A;ROMO1;SLIT2;SLC12A5;F10;AMBP;IRX3;EYA4;DHRS2;CORO2B;PBX1;PARP10;PYY;GATM;FRAS1;LIN28A;NAT1;BAMBI;FASN;FAM131B;SPIRE2;AMOTL2;VIM;FRK"
"VDR","VDR 21846776 ChIP-Seq THP-1 Human","65/641","0.00199824110143311754056449913719006872270256280899047851562500","0.00634537412473774615345734062543670006562024354934692382812","0","0","1.5101909464256231","9.386573606523160862025","RET;CITED2;DOCK8;CITED4;SLC2A1;IRS2;USE1;PLB1;THBD;LYL1;CA2;ZNF84;RPS6KA1;LZTS1;TNS3;MAP3K5;TMPO;HMGCS1;SYK;TESC;TMC6;RENBP;DUSP7;FOXP1;ADCY9;B3GNT8;IFI27;MMP17;KCNQ4;FAM20C;GEMIN7;ATF5;ALDOA;MZF1;PLCB2;PTGER4;NOTCH1;COL13A1;CEBPD;INSIG1;TMTC1;HMGCR;PPM1F;GLIS2;TYMP;AP3M2;NRIP1;FAM43A;HIVEP3;APOL1;TNFSF18;ABCA2;ST14;GSN;PTPRN2;IRX3;PBX3;CORO2B;GRHL2;TARBP1;PAN2;MAPK11;FASN;BCL2;PTPN7"
"SCL","SCL 19346495 ChIP-Seq HPC-7 Human","26/201","0.00200026363137428310479126736254329443909227848052978515625000","0.00634537412473774615345734062543670006562024354934692382812","0","0","1.9753027333677151","12.275472004894689703747","NFIX;MAML2;IL20RA;PIK3R1;LYL1;GCNT2;MICALL2;MAN1C1;HOMER3;DLGAP1;NRTN;SPA17;PRKACB;MAP3K5;CDRT4;PDE4D;FHDC1;CBFA2T3;GRHL2;VAMP8;DEPDC1B;TOX2;MAML3;KIFC3;ZFPM1;SKAP2"
"PPARG","PPARG 19300518 ChIP-PET 3T3-L1 Mouse","25/191","0.00205174731760424979010171142590479576028883457183837890625000","0.00648146119159501415268875845754337206017225980758666992188","0","0","2.0018385229228604","12.389505732763611334235","TES;HSPB8;PDXP;DBI;ENO2;ENO3;ORM2;FGFRL1;ACAT2;C3;EFNB2;LIPE;THBD;TRIM29;SNCG;HOMER3;ABCA2;ACBD4;PBX3;FASN;PPARG;CHPT1;RIN1;ALDOA;CHST2"
"SMAD1","SMAD1 26771354 ChIP-Seq mESC Mouse Stem","94/994","0.00212914789023333677134286467946822085650637745857238769531250","0.00669794440469237244151212706810838426463305950164794921875","0","0","1.4028229140302031","8.630213464657161992477","OSCP1;NRP2;ANKRD37;TRAF3IP2;SERPINE1;ARHGAP39;SLC2A3;EFCAB12;PRDM1;SSC4D;SIPA1L2;BACH1;TRIM8;TUBA1B;TRIM6;ADGRA2;SCRN2;RPS6KA1;PBK;CCN2;ENPP3;TNS3;ADAMTS7;EIF5A;ARSA;ST6GAL1;LYNX1;SLC15A1;SYK;PLEKHG5;PDE4D;HSPG2;DUSP6;MOB3B;FOXP1;CPED1;RNF144B;VCAN;B3GNT5;JTB;FSCN2;GEMIN7;KIFC3;EEF1E1;PLPP3;ITGA9;SHC4;LAMA5;SPTBN4;CLDND1;IDUA;ARHGEF28;DAPP1;PRR5L;PRICKLE1;ADAMTS10;INAVA;ZFP36L1;CHN1;HAS3;HMOX1;MAP6;SLC25A21;CSMD3;PDLIM5;MPZL3;WASF3;NGFR;CDK18;AFAP1L2;RABGAP1L;BRF1;TMEM132B;BMP8A;PARP16;NR2F2;MERTK;MPP7;NFATC4;TMEM154;BMP4;PPFIBP2;SBK1;TRIML2;AXL;BAMBI;CDK3;DLG5;SPIRE2;ID3;COL9A3;AMOTL2;VIM;NF2"
"CTCF","CTCF 26484167 Chip-Seq Bcells Mouse","136/1521","0.00218031817156339423335875693510388373397290706634521484375000","0.00683045734244963707176845346680238435510545969009399414062","0","0","1.3249771359807461","8.119836795694489239850","KCNG3;IRS1;PLEKHB1;COL12A1;SPATA20;PRDM1;IKZF2;ALDH1L2;CCT6B;IFIT2;CCND1;PTTG1;PSMD2;DHX58;PALM;SLC25A45;PPFIA4;CDK5RAP3;TMPO;IGFBP3;SRCIN1;CYP27A1;OLFM1;DEPDC1B;CACNB3;SLPI;RUFY4;DDIT4;KCTD12;RIN1;COL13A1;DHX9;FOXO6;LIN7A;LTBP2;PIK3R1;FBLN5;TMEM25;CACNA1I;SCUBE1;RNF215;LCN12;SEC14L5;FAM43A;S100A14;FADD;AP1M2;BCL2L15;PROM2;ABCA1;ABCA2;NGFR;CDK18;GGT7;ACBD4;ABCA3;CYBRD1;SNF8;MSRA;BMP2;FMC1;BAMBI;ITGA10;NOXA1;BCL2;COL9A2;RCOR2;NES;ITM2C;NRP2;LAMC3;CITED2;KCNC4;AIFM3;NUF2;SCRN2;DNER;TIMP2;SPEG;CCIN;FGFBP3;TMED4;EIF5A;AMN;GAA;TNFRSF19;GAB3;IL17RC;PSMA1;ELF3;KIFC2;RTN4RL1;EHHADH;COL6A1;KIFC3;FJX1;SMARCD3;CEBPD;IDUA;RGS16;SEMA3B;CXCR4;PDXP;APOLD1;CRYZ;AP3M2;POLD4;SRR;FGD6;GPR153;ABLIM2;DDT;MGAT5B;ATOH8;NRIP1;MAN1C1;SNCG;PCDH1;MAP4K5;CGREF1;TRIM40;WNT7B;RFTN1;WNT7A;DHRS3;DHRS4;SLC25A37;COL3A1;PSMC6;RAB13;RIMBP3;VIM;NOTUM;PIK3AP1;RAMP1;GRINA"
"PU1","PU1 27457419 Chip-Seq LIVER Mouse","135/1510","0.00227185470847202997460301254761816380778327584266662597656250","0.00708781117725777905225204023054175195284187793731689453125","0","0","1.3245312054716445","8.062631689092381037653","EHF;SERPINE2;IRS1;CHRM4;CTNND1;IKZF2;ABCA12;SLC4A3;BZW1;KLHL30;FAM107B;RGS4;GPR176;ARHGAP40;MPZ;SALL4;PSMD1;NEK2;CHAC1;HMCN1;PPFIA4;TGM2;IL15RA;FIBCD1;VASH2;LEMD1;SLC9A2;CYP27A1;OLFM1;CACNB2;SPATA17;CACNB4;RUFY4;LACTB2;MALL;SCG2;NGEF;SLC45A3;NOTCH1;DHX9;INSIG2;ILDR2;NPAS2;ABO;DPP4;WNT6;ST8SIA6;CHST14;TNFSF18;NTNG2;CDK18;GGT7;RABGAP1L;COL24A1;PBX3;CYBRD1;NMI;BMP7;PBX1;BMP2;NOXA1;NOSTRIN;BCL2;SP5;PLCH1;PAM;ITM2C;ARHGAP11A;NRP2;LAMC3;FHL2;DBI;RND3;RYR3;GLI2;NUF2;DNER;PMEPA1;SPEG;CPXM1;GPR39;EIF5B;CAMK1D;CCDC34;GPR35;TBC1D8;GLRX2;F3;SERPINB5;PARD3B;ARL4C;TOX2;PLCB4;ELF3;ST6GALNAC5;CD44;CRB2;PRIM2;SLC20A1;RGS16;PTAFR;NDUFB3;CXCR4;PRR5L;LIN9;PTGS2;TTN;STAT4;SUSD4;EPS8L3;TRIM44;HNRNPA3;SLC12A5;GSN;GALNT3;KCNB1;KCNIP3;PLEKHA6;SYT13;HSPE1;GDAP1;SGPP2;DHRS3;KLF7;CENPF;COL3A1;GATM;DES;SARDH;PI15;SPRY1;PTPN7;RAMP1;IL18R1;SPC25"
"JUN","JUN 26020271 ChIP-Seq SMOOTH MUSCLE Human","141/1587","0.00230693124185112714494283459032430982915684580802917480468750","0.00716762587488724723511213099413907912094146013259887695312","0","0","1.3162364818505570","7.991973508630589861923","SLC27A1;SPARC;CSF1;COL12A1;SERPINE1;ANTXR2;FGF2;GPR176;HTR7;HEPHL1;HMCN1;SLC25A45;PPFIA4;KCTD19;S100A2;ARL14;LMO4;CACNA2D1;IGFBP3;ANXA10;MYO7A;DKK1;KIAA1217;IFI27;CLIP4;MALL;RIN1;TRIM10;SCG2;ABCG1;EPHA2;SHC4;INSIG1;CHRNA9;TMTC1;LTBP2;PLD1;PPL;GLIS1;ZFP36L1;DPP4;CACNA1I;SDCBP;BLOC1S1;ZNF701;HMOX1;SFN;HIVEP3;FADD;SOCS6;KCNN4;PROM2;TNFSF18;NGFR;TMEM120B;XRCC6;ST14;COL24A1;SRD5A3;IL31RA;HTR1B;ZBTB12;PARP16;NR2F2;NR1D1;BST1;CDK3;ITGBL1;PAM;FANK1;DHRS13;HSPB8;MAST1;CITED4;FHL2;TNFAIP2;SLC2A1;TNFAIP3;KRT23;ECSIT;SIPA1L2;USE1;RYR3;LFNG;HNF4A;TIMP2;PMEPA1;HORMAD2;FGFBP3;TTC23L;SH3D19;TMC1;ZHX2;CAMK1D;HEG1;PLA2G4C;NBPF10;NAV2;TUBG2;AXIN2;F3;EPN1;OAF;B3GNT5;COL6A2;PLSCR4;COL6A1;FJX1;CHST2;TRIM55;PTGER4;RBM47;SLC20A1;SLC5A11;PPM1F;CAMKK1;AP3M2;POLD4;TNKS2;OXCT1;MGAT5B;PDLIM5;GABRE;MPZL3;LEKR1;HES4;CA12;TM4SF18;GSN;KCNB1;WNT7B;AHNAK2;SYT13;MPP7;SH3RF2;AXL;RAB13;LNX1;PI15;VIM;FRK"
"P53","P53 22387025 ChIP-Seq ESCs Mouse","135/1511","0.00232726607314393983336198168387909390730783343315124511718750","0.00720117166075276513709235715055001492146402597427368164062","0","0","1.3234917210395860","8.024411116399189580761","EHF;SERPINE2;IRS1;CHRM4;CTNND1;IKZF2;ABCA12;SLC4A3;BZW1;KLHL30;FAM107B;RGS4;GPR176;GRB14;MPZ;SALL4;PSMD1;NEK2;CHAC1;HMCN1;PPFIA4;TGM2;NHLRC3;LMO4;VASH2;LEMD1;SLC9A2;CYP27A1;OLFM1;CACNB2;FRMD5;SPATA17;CACNB4;RUFY4;LACTB2;MAML3;TNIK;SCG2;NGEF;SLC45A3;NOTCH1;DHX9;INSIG2;ILDR2;GLIS1;NPAS2;ABO;DPP4;WNT6;ARSJ;PDGFC;ZBBX;HIVEP3;ST8SIA6;TNFSF18;NTNG2;CDK18;RABGAP1L;COL24A1;PBX3;CYBRD1;BMP7;PBX1;DCLK1;LRP1B;BMP2;NOSTRIN;BCL2;SP5;PAM;ITM2C;ARHGAP11A;NRP2;FHL2;HNF4G;DBI;RND3;RYR3;GLI2;JPH2;NUF2;DNER;PMEPA1;SPEG;GPR39;EIF5B;CAMK1D;CCDC34;GPR35;TBC1D8;GLRX2;SERPINB5;PARD3B;ARL4C;TOX2;PLCB4;ELF3;BANK1;CD44;CRB2;PRIM2;CAMK2D;SLC20A1;SYNPO2;RGS16;NDUFB3;CXCR4;PRR5L;LIN9;PTGS2;TTN;CHN1;STAT4;SUSD4;TRIM44;LEKR1;HNRNPA3;GALNT3;PLEKHA6;SYT13;HSPE1;GDAP1;SGPP2;TMEM154;TTLL7;KLF7;CENPF;COL3A1;DES;SARDH;PI15;PTPN7;VIM;RAMP1;IL18R1"
"TOP2B","TOP2B 26459242 ChIP-Seq MCF-7 Human","140/1575","0.00234781131031742496331760072791894344845786690711975097656250","0.00723509199710063635041512597467772138770669698715209960938","0","0","1.3167277542169600","7.971827634421537744913","TES;TRAF3IP2;PLEKHB1;CTNND1;PRDM1;SLC4A3;ALDH1L2;ZDHHC2;BACH1;KLHL30;GALNT10;HMCN1;TNS3;KCNH2;EOMES;MAGI1;MSX2;RALGAPA1;LMO4;FIBCD1;TMOD2;CASK;ANXA10;DKK1;FOXP2;EREG;SLC9A2;ZNF91;SPATA17;THAP8;PARD3;HAT1;CLIP4;MAML3;SNRPF;STEAP1;FAIM;INSIG1;TRANK1;IL20RB;PIK3R1;KRCC1;PPL;KIAA0040;FBLN5;POU5F1B;ZNF704;ZBBX;ST3GAL6;FAM43A;FADD;FDFT1;MAP2K6;SLC10A4;NGFR;EGR3;TMEM132B;HTR1B;NR2F2;LSM5;CORO2B;NFATC4;LCN2;MKX;CCNJL;CNTNAP2;DOCK4;HSPB8;DYSF;HNF4G;SLC2A1;TNFAIP3;TSPAN12;RND3;JPH2;KIAA1549;GRM7;SIX4;CPXM1;AASS;DACT1;DENND2D;GPR37;CAMK1D;SYK;TESC;TBC1D8;KREMEN2;ANO4;TMEM150C;PARD3B;VCAN;PLCB4;NAV3;MDFIC;PALLD;C1D;TFEC;FAM20C;PPARG;CHST2;SAMD5;ZNF474;AGPAT5;PRIM2;DNAH1;RBM47;SMARCD3;SAMD9;LAMA2;SEMA3D;SLC20A1;TMPRSS4;SLC5A11;SNX33;THSD4;GLRA1;NRIP1;KLRG2;REPS2;CSMD3;SLIT2;MBNL3;IL12RB2;CENPW;GALNT3;DMRT1;IRX3;PLCL2;DONSON;MBOAT1;ZNF804A;PLEKHA7;MPP7;TARBP1;KLF7;PSAT1;ST7;SSBP2;SNTB1"
"GF1B","GF1B 26923725 Chip-Seq HPCs Mouse","117/1284","0.00235832553291989016619467633972817566245794296264648437500000","0.00723795031444925563574033233749105420429259538650512695312","0","0","1.3498289514985120","8.166199823013707614905","ALDH1L1;KCNG3;TRAF3IP2;IRS2;GRIP1;HTR7;HMGN5;DPYSL3;SPA17;TNS4;TMPO;ST6GAL1;ARL14;NPY1R;CASK;SRCIN1;GPRIN3;CYP27A1;INPP4B;ADCY9;DDIT4;KCTD12;MAML3;FKBP9;SPATA18;ZFPM1;EMID1;SKAP2;SLC45A1;NXPH3;GATA6;CACNA1D;MRO;EFNB2;SOCS3;CCNB1;EBP;BLOC1S2;PDGFC;NCKAP1L;ST3GAL6;AFAP1L2;AMBP;NEK5;LIF;FHDC1;PBX1;MSRA;HNRNPM;NAT1;BAMBI;SPIRE2;ID3;BCL2L1;FANK1;CPM;NRP2;MAST4;ITGB4;SLC44A2;DOCK8;DUSP19;HOXC13;HMGB1;RND3;SIPA1L3;HNF4A;NUF2;DNER;DLGAP1;TTC23L;DACT1;SH3D19;TNFRSF19;BTN3A3;C1QL1;RNF144B;VCAN;VSNL1;PALLD;CKS2;FAM20C;CDH15;CD44;GRAMD1B;RBM47;PELI2;PRICKLE1;HMGCR;PTGS2;CRYZ;TMEM201;GPR153;TRA2A;NRIP1;MICALL2;GCNT2;SUSD4;CSMD3;MAP4K5;TRIM44;TAF15;GSN;WNT7B;EYA4;ADAM32;SYT13;MEIS3;PLEKHA7;TMEM154;KLF7;SLCO3A1;NOVA2;FKBP1B;VIM;FRK;TMEM229B"
"TBX20","TBX20 22080862 ChIP-Seq HEART Mouse","141/1589","0.00241774014824373915250044220215386303607374429702758789062500","0.00736045891904847995879102029448404209688305854797363281250","0","0","1.3142651281158917","7.918344881770677190502","ALDH1L1;SLC27A1;EHF;TES;PLEKHB1;LOXL4;SLC4A3;BACH1;HERC5;CDH1;RASSF6;NRTN;HMCN1;MAP3K5;TGM2;KCNH2;IL15RA;ST6GAL1;MITF;FOXP1;SLC9A2;OLFM1;DEPDC1B;KCNQ1;DDIT4;ZFPM1;EPHA2;SLC45A3;NOTCH1;GATA6;PDGFB;CPLX1;GABARAP;NPAS2;ZFP36L1;EFNB2;SCUBE1;HIVEP3;FAM43A;S100A14;FADD;CPA4;CDK18;SYT3;ST14;RABGAP1L;EGR3;PSAPL1;IQSEC1;ABCA3;MCAM;SRD5A3;CRIM1;PARP16;NR2F2;CORO2B;BMP4;HNRNPM;MAP3K15;EFNA2;RCAN2;DLG5;ID3;CSPG5;PLCH2;SLC26A4;CPEB4;FKBP10;CPM;CNTNAP1;MAST4;SLC44A2;BHLHE41;SLC2A1;LRRC3;GRIK4;SIX1;MYPN;GLI2;MRC2;TRIM8;JPH2;DNER;ANKRD1;BDKRB2;CTSH;MYBL2;EIF5A;GPR39;LYNX1;ITGA3;NAV2;MYRIP;ANO4;F3;CBFA2T3;DUSP6;C1QL1;PLCB4;PSMA1;PALLD;HKDC1;PPARG;CDH15;PPARA;NAT8L;CCDC40;LAMA5;GRAMD1B;SMARCD1;PRKAA2;SEMA3D;PELI2;GCNT1;ZBTB42;PDXP;SNX33;GPR153;ATOH8;TRA2A;HAS3;LRIG1;CSMD3;PCDH1;PDLIM5;WASF3;GSN;KCNJ11;KCNB1;PLEKHA6;FBXL16;DHRS2;MPP7;TMEM154;CENPF;SLCO3A1;ST7;HNRNPA2B1;SGSM2;SARDH;VIM"
"TBX20","TBX20 22328084 ChIP-Seq HEART Mouse","141/1589","0.00241774014824373915250044220215386303607374429702758789062500","0.00736045891904847995879102029448404209688305854797363281250","0","0","1.3142651281158917","7.918344881770677190502","ALDH1L1;SLC27A1;EHF;TES;PLEKHB1;LOXL4;SLC4A3;BACH1;HERC5;CDH1;RASSF6;NRTN;HMCN1;MAP3K5;TGM2;KCNH2;IL15RA;ST6GAL1;MITF;FOXP1;SLC9A2;OLFM1;DEPDC1B;KCNQ1;DDIT4;ZFPM1;EPHA2;SLC45A3;NOTCH1;GATA6;PDGFB;CPLX1;GABARAP;NPAS2;ZFP36L1;EFNB2;SCUBE1;HIVEP3;FAM43A;S100A14;FADD;CPA4;CDK18;SYT3;ST14;RABGAP1L;EGR3;PSAPL1;IQSEC1;ABCA3;MCAM;SRD5A3;CRIM1;PARP16;NR2F2;CORO2B;BMP4;HNRNPM;MAP3K15;EFNA2;RCAN2;DLG5;ID3;CSPG5;PLCH2;SLC26A4;CPEB4;FKBP10;CPM;CNTNAP1;MAST4;SLC44A2;BHLHE41;SLC2A1;LRRC3;GRIK4;SIX1;MYPN;GLI2;MRC2;TRIM8;JPH2;DNER;ANKRD1;BDKRB2;CTSH;MYBL2;EIF5A;GPR39;LYNX1;ITGA3;NAV2;MYRIP;ANO4;F3;CBFA2T3;DUSP6;C1QL1;PLCB4;PSMA1;PALLD;HKDC1;PPARG;CDH15;PPARA;NAT8L;CCDC40;LAMA5;GRAMD1B;SMARCD1;PRKAA2;SEMA3D;PELI2;GCNT1;ZBTB42;PDXP;SNX33;GPR153;ATOH8;TRA2A;HAS3;LRIG1;CSMD3;PCDH1;PDLIM5;WASF3;GSN;KCNJ11;KCNB1;PLEKHA6;FBXL16;DHRS2;MPP7;TMEM154;CENPF;SLCO3A1;ST7;HNRNPA2B1;SGSM2;SARDH;VIM"
"SOX9","SOX9 26525672 Chip-Seq HEART Mouse","118/1299","0.00251078770993074310013959404841443756595253944396972656250000","0.00758706329498298921720778054123002220876514911651611328125","0","0","1.3451863843152048","8.053844426410732282307","SERPINE2;IKZF2;ENO3;BZW1;GALNT10;CCT6B;GRIP1;MACROD1;PSMD1;CCNL2;HMCN1;TNS3;CDK5RAP3;TGM2;SLC15A1;NHLRC3;LMO4;ADAM11;LEMD1;OLFM1;OXA1L;SPATA17;MAML3;IDI1;SLC45A1;TWIST1;PLD1;GLIS2;CACNA1I;SDCBP;SCUBE1;ARSJ;ZBBX;SOCS6;FDFT1;KCNF1;RABGAP1L;XRCC4;DNASE2B;IL31RA;CRIM1;SNF8;FHDC1;ANKHD1;LRP1B;GPR137C;NFATC4;PAN2;MSRA;BAMBI;ID2;DLG5;CNTN1;ANP32E;ID3;PLCH1;NF2;PAM;TMEM151A;DOCK4;MAST4;CITED2;DBI;GRIK2;PITPNC1;SEC61G;TIMP2;PDE4B;DLGAP1;TK1;SLC18A2;PRKG1;TIGD5;PDE4D;ITGA1;TNFRSF19;TBC1D8;TEX14;AXIN2;DUSP6;ZDHHC14;PARD3B;ARL4C;NAV3;RTN4RL1;C1D;TRIM55;CD44;PTGER4;CLDND1;LAMA2;LAMA4;NDUFB3;CXCR4;UQCR10;ADCY5;STAT4;CSMD3;HNRNPA1;PDLIM5;LEKR1;HNRNPA3;TAF15;EYA4;PLCL2;GDAP1;TTLL7;CENPE;CENPF;EPGN;CTH;LNX1;SARDH;PI15;SPRY2;VIM;SSBP2;SNTB1"
"TET1","TET1 21451524 ChIP-Seq MESCs Mouse","126/1400","0.00251227261423277777735441063100552128162235021591186523437500","0.00758706329498298921720778054123002220876514911651611328125","0","0","1.3326634455039124","7.978079686604548470541","TES;CHRM4;SERPINE1;CPOX;LOXL4;ENO2;ENO3;GLDN;FAM107B;NRBP2;HTR6;EFEMP2;MACROD1;HOXA1;CHAC1;SLC25A45;HMGN2;PTGDS;TNS4;TMPO;RAG1;EOMES;ARSA;FIBCD1;MAPK8IP2;SRCIN1;FOXP2;INPP4B;AZGP1;MALL;RIN1;CTXN1;SKAP2;BRSK1;CUL7;COL13A1;TMEM59L;GATA6;AGAP3;KRCC1;GLIS2;CACNA1I;SYNGR1;RNF215;RHPN1;GAR1;HOXC4;ATP6V1C2;RTBDN;ACBD7;GGT7;LIF;CYBRD1;ZBTB12;CORO2B;ABHD15;PAN2;LIN28A;BAMBI;DLG4;FASN;LRFN1;LHX5;PRRT4;RCOR2;BCL2L1;FANK1;OSCP1;CPM;COL18A1;GAL3ST1;DDX46;LAMC3;GPT;DUSP18;HOXC11;MYPN;PCSK4;SGSH;LFNG;TRIM8;JPH2;TUBA1B;AIFM3;SLC22A17;ANXA9;RSPO1;TK1;EIF5A;LYNX1;ZHX2;AMN;ITGA3;KREMEN2;KCNAB3;WNT16;ZEB1;MMP16;MDFIC;C1D;FAM20C;AGPAT5;SMARCD1;PCNA;POMP;ADCY5;AP3M2;POLD4;OXCT1;GCNT2;MAP4K5;MUC4;CGREF1;SLC12A5;WNT7B;PTGES3;SYT13;MAPK15;MAPK11;SBK1;DES;PIK3IP1;SPRY1;PIK3AP1;SLC25A34;LIMS2"
"RUNX2","RUNX2 22187159 ChIP-Seq PCA Human","228/2722","0.00254986614762502724479409366153959126677364110946655273437500","0.00766991610142189490090247616649321571458131074905395507812","0","0","1.2437830505809040","7.427517168949526293886","EHF;SPARC;SERPINE2;COL12A1;ABCA12;GRPR;SLC4A3;FGFRL1;TXNDC17;CCT6B;ZFYVE28;GPR176;DPYSL3;HOXA1;SOX8;SOX9;TNS3;KCTD19;NHLRC3;DAPK1;ACSL6;HNF1B;WDR72;EBF4;INPP4B;SPATA17;PARD3;SPATA13;KCTD12;MAML3;SPATA18;NGEF;GATA6;IL20RA;IL20RB;CD99L2;PRDM10;KIAA0040;POU5F1B;RNF215;CHST12;ARSJ;ZNF704;GAR1;TSPAN2;FADD;STXBP6;ABCA1;PTPRN2;FOXF1;IQSEC1;PBX3;GRIN2C;FHDC1;DCLK1;PPFIBP2;ID2;PAH;NOSTRIN;COL9A3;MKX;RCOR2;ITM2C;SERPINA1;CITED2;SLC44A2;BHLHE41;SIPA1L3;OSBPL10;GLI2;SERPINA5;LFNG;NUF2;DNER;TMC1;ZHX2;SYK;F3;DUSP6;RNF144B;TOX2;PLCB4;CKS2;FAM20C;PPARG;FJX1;SAMD5;WDR27;ZNF595;PTGER4;SLC20A1;TMPRSS4;PAPLN;CXCR4;PRICKLE1;FGD2;PSMB6;STAT4;ZNF469;APOL3;IL12RB2;ZNF461;CENPW;GSN;SAMD4A;PNMA2;GRHL2;TARBP1;TMEM154;CENPE;EPGN;NUDT7;RPA3;RAMP1;IRS1;LOXL4;IRS2;PRDM1;NR3C2;FAM107B;RGS4;GRIP1;GOLGA6L9;FGF9;GRB14;SALL4;PAPOLA;LZTS1;MAGI1;LAG3;SLC15A1;CASK;MITF;LMO7;GRIP2;OLFM1;HAT1;CLIP4;COL4A6;COL4A5;SNRPF;ABCG1;INSIG2;SLC1A1;TMEM59L;CHRNA9;KLHL13;CPLX1;SOCS6;KCNF1;PSAPL1;AMBP;CORO2B;LRP1B;BMP4;GNAL;EFNA2;RCAN2;DLG5;LHX5;CPM;TTC24;MAST4;DOCK8;DYSF;FHL2;TNFAIP3;SIX1;MSLN;OPLAH;RND3;ATP7B;MCF2L;CCIN;TTC23L;SH3D19;ACTR2;EIF5B;CAMK1D;TRPC1;MYRIP;PARD3B;ARL4C;VCAN;PALLD;ITGA9;AGPAT5;PRPS1;RBM47;CAMK2D;PRKAA2;LAMA2;CEBPD;SEMA3D;LAMA4;PPM1H;PRR5L;DLL1;AP3M2;POLD4;SRR;ABLIM2;MGAT5B;ATOH8;NRIP1;MAN1C1;KLRG2;LRIG1;MAL2;SLC25A21;SLIT2;MUC4;WASF3;LEKR1;IRX3;PLCL2;DONSON;MBOAT1;ZNF804A;SYT13;FMNL3;KLF7;ZNF615;LNX1;PI15;TLL2;SPRY2;SPRY1"
"LMO2","LMO2 26923725 Chip-Seq MACROPHAGESS Mouse","39/346","0.00256204122877928862703211798645952512742951512336730957031250","0.00767595685606493188801735527704295236617326736450195312500","0","0","1.6927617021680703","10.100626103104476172234","GRAMD1B;HSPB8;IRS2;CACNA1D;PRICKLE1;SIPA1L3;NR3C2;TMEM25;CACNA1I;HMGN5;ABLIM2;MGAT5B;PDGFC;NUF2;HIVEP3;DLGAP1;HMGN2;SLC18A2;LEKR1;ABCA1;IL15RA;SLC15A1;ARL14;CCDC34;DAPK1;IQSEC1;NEK5;GLMN;HNF1B;FBXL13;TTLL7;INPP4B;NR4A1;SLCO3A1;NAT1;FANCD2;STEAP1;NES;ST6GALNAC5"
"TAL1","TAL1 20566737 ChIP-Seq PRIMARY FETAL LIVER ERYTHROID Mouse","133/1492","0.00271464901798553360362520336934721854049712419509887695312500","0.00810102770189358861729900240788992960005998611450195312500","0","0","1.3194307698862622","7.796638610549336156907","KCNG3;TES;ARL6IP1;CPOX;IRS2;IL1RAP;PRDM1;IKZF2;BACH1;BZW1;FGF2;GALNT10;HTR6;FTH1;MACROD1;PAPOLA;NEK2;HOMER3;HMCN1;LZTS1;TNS3;CDK5RAP3;TMPO;SLC15A1;DAPK1;VWA5B2;OLFM1;OLFM2;DEPDC1B;CLDN3;DDIT4;FEZ2;ZFPM1;ABCG1;RTN4R;SLC45A3;INSIG1;PDGFB;DAPP1;PIK3R1;LTBP1;GLIS1;ZFP36L1;EFNB2;SYNGR1;ST3GAL6;ARSG;CHST14;KCNN4;AP1M2;FDFT1;PROM2;ABCA1;TMEM120B;NEK5;IQSEC1;LIF;ZBTB12;PARP16;FHDC1;PBX1;ANKHD1;BMP4;BMP2;STAG3;NOXA1;GPSM1;COL18A1;NRP2;CITED2;FHL1;CITED4;HNF4G;TNFAIP2;SLC2A1;N4BP2L1;SLC2A3;HMGB1;USE1;ORM2;PITPNC1;MRC2;TRIM8;LYL1;JPH2;TMEM107;TK1;EIF5A;KLF11;HSP90AA1;SYK;TMC6;NAV2;KCNAB3;CBFA2T3;ZDHHC14;TOX2;VCAN;TUBB2A;RTN4RL1;EHHADH;EEF1E1;PLCB2;ST6GALNAC5;TRIM55;CD44;MGLL;WDR27;PTGER4;LAMA5;PRIM2;GCNT1;THSD4;FGD6;GPR153;CHN1;NRIP1;LRIG1;REPS2;TRIM44;KCNB1;RFTN1;PLCL2;PLEKHA6;SYT13;KAZALD1;DHRS3;DHRS4;TMEM154;KLF7;HNRNPA2B1;SPRY1;GRINA"
"FOXA1","FOXA1 27197147 Chip-Seq ENDOMETRIOID-ADENOCARCINOMA Human","49/462","0.00282106564886596853855560418367076636059209704399108886718750","0.00838545104288900174094312234274184447713196277618408203125","0","0","1.5833146668657756","9.295071327475429967535","TTC24;COL12A1;KRT23;IRS2;IKZF2;AREG;GALNT10;LFNG;LYL1;RASSF6;CTSH;HMCN1;SOX9;TGM2;RNF43;TBC1D8;ACSL5;WDR72;TEX14;DUSP6;EREG;SLC9A2;TUBB2A;ELF3;SPATA13;MAML3;NFIX;SLC45A1;CHRNA9;KIAA0040;POLD4;NRIP1;REPS2;GCNT3;STXBP6;TNFSF18;SRD5A3;FHDC1;DHRS2;SORL1;GRHL2;DHRS3;EEPD1;BMP2;KRT18;ANP32E;ITGBL1;PIK3AP1;SNTB1"
"MYC","MYC 27129775 Chip-Seq CORNEA Mouse","137/1547","0.00298454528321705301469046744955448957625776529312133789062500","0.00883659485815244984119321003390723490156233310699462890625","0","0","1.3101768039458008","7.617771312325454680092","KCNG3;EHF;MAML2;TRAF3IP2;COL12A1;CPOX;LOXL4;ABCA12;ENO2;SLC4A3;FGFRL1;SYDE1;EFEMP2;RINL;FGF9;GRB14;TRIM29;LIPG;PALM;PAPOLA;NRTN;HOXA1;RTTN;PTGDS;CDK5RAP3;ARSA;ST6GAL1;KIRREL2;NPY1R;FRMD5;CACNB3;CLDN3;OBSCN;HAT1;KCTD12;GNAZ;SLC45A3;FICD;NXPH3;GLIS2;ZFP36L1;C3;SOCS3;CACNA1I;WNT6;TMEM125;HOXC4;HIVEP3;AP1M2;MAP2K6;AMBP;CRIM1;GRIN2C;PBX1;DCLK1;BMP4;BST1;PYY;DLG4;BCL2;DCHS1;COL9A3;COL9A2;NF2;ITM2C;DDX3Y;DENND1C;RET;CPM;GAL3ST1;DDX46;ONECUT3;SIX1;HOXC13;DUSP18;SIPA1L2;OPLAH;HOXC11;RND3;PITPNC1;LFNG;MRC2;ADAMTS2;PBK;PDE4B;DACT1;GPR39;EIF5B;TESC;TNNC1;HEG1;NOG;KRT34;AXIN2;TMC5;PARD3B;ETV6;VCAN;ZEB1;MDFIC;TMSB15A;CD44;SMARCD1;LAMA4;PELI2;GCNT1;PAPLN;POMP;NDUFB2;PPM1H;PRR5L;HMGCR;ADCY5;SH3TC2;ABLIM3;MGAT5B;ATOH8;MAN1C1;SNCG;PCDH1;CMTM7;CDRT4;TAF15;KCNB1;WNT7A;PNMA2;FBXL16;KAZALD1;MAPK15;GRHL2;TARBP1;KLF7;CENPF;KRT18;PIK3IP1;CHPT1;CDKN3"
"P300","P300 27058665 Chip-Seq ZR-75-30cells Human","148/1689","0.00306474597727800961502464538455114961834624409675598144531250","0.00903860630017538045632985443944562575779855251312255859375","0","0","1.2963705689254852","7.503121382012013285134","EHF;TES;MAML2;SERPINE2;CSF1;LOXL4;IRS2;ALDH1L2;NR3C2;RGS4;CCND1;ARHGAP40;PLAU;FTH1;CCNL2;HMCN1;HMGN2;LZTS1;IL15RA;S100A2;LMO4;APLP1;KRT8;HSPG2;KIAA1217;SULT2B1;ACAP3;ZNF91;CACNB3;PARD3;CLIP4;S100A4;EPHA2;COL13A1;DHX9;ENDOD1;ILDR2;AGAP3;PRDM10;GLIS1;NPAS2;SAV1;EFNB2;WNT6;BLOC1S1;PRDX1;SEC14L5;SFN;HIVEP3;SOCS6;BCL2L15;ABCA1;TNFSF18;VASP;FDPS;CDK18;NEK5;FOXF1;MCAM;KLRC4;CRIM1;NFATC4;BMP4;BMP2;LIN28A;BAMBI;ITGA10;DLG5;ID3;ITGBL1;COL9A2;NF2;RCOR2;NES;OSCP1;NRP2;SERPINA1;HSPB8;CITED4;BHLHE41;FHL2;SLC2A1;SIX1;SLC2A3;GRIK2;HMGB1;RND3;PRSS23;MRC2;TRIM8;SDR16C5;NUF2;TIMP2;PDE4B;PMEPA1;MYBL2;ANXA9;PRKG1;CCDC34;PLEKHG5;TBC1D8;TMC6;KREMEN2;KRT32;TUBG2;F3;ETV6;ARL4C;MMP14;OAF;HKDC1;MMP17;TRNP1;CHI3L2;FAM20C;ZMYND10;FJX1;ST6GALNAC5;CD44;MGLL;NDUFB8;DNAH1;PRKAA2;DNAH2;PELI2;LIN9;TMEM201;GPR153;STAMBPL1;MGAT5B;MAN1C1;HNRNPA1;WASF3;HES4;KCNB1;PTGES3;AHNAK2;HAGHL;KAZALD1;DHRS3;TARBP1;TTLL7;TFAP4;LNX1;SARM1;PI15;SPRY2;TMEM229B"
"ERG","ERG 21242973 ChIP-ChIP JURKAT Human","33/283","0.00310251018168370470279304740301995479967445135116577148437500","0.00909675623647277810379652152050766744650900363922119140625","0","0","1.7567111756168361","10.145962266916123795113","IRS1;NPR3;TACSTD2;TWIST1;FGF2;FGFRL1;OSBPL10;NRBP2;CCND1;CDH1;MICALL2;SUSD4;RHPN1;FAM43A;TSPAN2;SLC25A21;SAMD11;TBX1;IRX3;EYA4;MYRIP;GRIN2C;MERTK;ELL3;DUSP7;SSTR5;GJB2;TOX2;KIFC2;DEGS2;LTBR;CHST2;ST6GALNAC5"
"ZFX","ZFX 18555785 Chip-Seq ESCs Mouse","132/1485","0.00310942376687438348792369424700154922902584075927734375000000","0.00909675623647277810379652152050766744650900363922119140625","0","0","1.3147466580217011","7.590450354140193311991","EHF;SERPINE2;IRS1;IKZF2;ABCA12;SLC4A3;BZW1;RGS4;GPR176;GRB14;MPZ;SALL4;RPS6KA1;PSMD1;NEK2;OIP5;CHAC1;HMCN1;PPFIA4;RAG1;TGM2;IL15RA;VASH2;EBF4;LEMD1;SLC9A2;CYP27A1;OLFM1;CACNB2;FRMD5;SPATA17;LACTB2;MALL;MAML3;SCG2;NGEF;SLC45A3;NOTCH1;DHX9;INSIG2;ILDR2;PLD1;NPAS2;DPP4;WNT6;NPHP1;ST8SIA6;CHST14;PROM2;TNFSF18;NTNG2;CDK18;GGT7;RABGAP1L;PBX3;NMI;BMP7;PBX1;ELL3;LRP1B;BMP2;BCL2;SP5;PLCH1;PAM;BCL2L1;ITM2C;ARHGAP11A;NRP2;FHL2;DBI;RND3;RYR3;GLI2;JPH2;NUF2;DNER;PMEPA1;SPEG;CPXM1;GPR39;EIF5B;CAMK1D;CCDC34;GPR35;TBC1D8;GLRX2;SERPINB5;PARD3B;ARL4C;TOX2;PLCB4;ELF3;FJX1;CD44;ENG;CRB2;PRIM2;SLC20A1;SYNPO2;RGS16;NDUFB3;CXCR4;PRR5L;LIN9;PTGS2;AURKA;TTN;TMEM201;STAT4;SUSD4;TRIM44;KCNB1;KCNIP3;PLEKHA6;SYT13;MERTK;HSPE1;GDAP1;SGPP2;DHRS3;KLF7;CENPF;COL3A1;GATM;DES;SARDH;PI15;PTPN7;VIM;RAMP1;IL18R1"
"EZH2","EZH2 27294783 Chip-Seq NPCs Mouse","96/1032","0.00312923085246895500699526593280097586102783679962158203125000","0.00909675623647277810379652152050766744650900363922119140625","0","0","1.3768548308472264","7.940277803374853782259","COL18A1;NRP2;SERPINE2;TRAF3IP2;IRS1;CITED2;FHL2;TNFAIP3;GRIK2;PRDM1;IKZF2;ABCA12;SLC4A3;ALDH1L2;BZW1;KLHL30;GLI2;RGS4;MPZ;NUF2;DNER;PSMD1;TIMP3;SPEG;NEK2;ENPP3;HMCN1;PPFIA4;MAP3K5;TMPO;GPR39;EIF5B;USP44;TBC1D8;GLRX2;ANO4;DUSP6;SERPINB5;LEMD1;PARD3B;SLC9A2;ARL4C;CYP27A1;SPATA17;ELF3;RUFY4;LACTB2;DDIT4;COL6A1;SMPDL3A;SCG2;NGEF;SAMD5;GNAZ;PRIM2;SLC45A3;COL13A1;LAMA2;DHX9;INSIG2;LAMA4;RGS16;NDUFB3;IL20RA;ILDR2;CXCR4;LIN9;PTGS2;NPAS2;WNT6;FGD6;SPOCK2;STAT4;SUSD4;TNFSF18;CDK18;RABGAP1L;ANKRD24;EYA4;PLEKHA6;HSPE1;GDAP1;SGPP2;PBX1;KLF7;CENPF;COL3A1;DES;PAH;BCL2;PI15;RAMP1;PAM;FRK;IL18R1;ITM2C"
"ELK4","ELK4 26923725 Chip-Seq MESODERM Mouse","39/350","0.00313265777679857301135646352463481889571994543075561523437500","0.00909675623647277810379652152050766744650900363922119140625","0","0","1.6706242441855017","9.632608065974556765809","PXT1;NOTCH1;SLC45A1;SLC44A2;FBLIM1;GPT;LTBP1;EFNB2;GLRA1;SOCS3;GPR153;SALL4;RASSF6;PDGFC;NUF2;IL21R;TSPAN2;TGM2;ABCC3;PSAPL1;TAF15;TMEM132A;LIF;PBX3;HSPG2;PBX1;DUSP6;LEMD1;INPP4B;EEPD1;NAT1;NOVA2;CHMP2B;IL1RAPL1;FSCN2;NF2;FJX1;CFB;SKAP2"
"SPI1","SPI1 26923725 Chip-Seq HPCs Mouse","131/1473","0.00316377958819838087101139478818367933854460716247558593750000","0.00915192946011409054485330472061832551844418048858642578125","0","0","1.3152925903502235","7.570808226983260169618","SH3GL3;ALDH1L1;HFE;ALDH1L2;BZW1;GRIP1;HTR7;SALL4;CCNL2;HMCN1;SLC25A45;TNS4;LZTS1;TNS3;EOMES;ST6GAL1;FIBCD1;VWA5B2;LEMD1;INPP4B;NUP210L;LACTB2;FSCN2;TNIK;RIN1;EMID1;SLC45A3;NOTCH1;COL13A1;GIPR;IL20RB;CACNA1D;GLIS2;SOCS3;WNT6;GAR1;HMOX1;FAM43A;MAP2K6;TMEM120B;AFAP1L2;AMBP;NEK5;TNFRSF9;TMEM132A;CYBRD1;ZBTB12;GRIN2C;PBX1;HNRNPM;GJB2;LIN28A;PPP1R1A;CDK3;SPIRE2;COL9A3;AMOTL2;SLC26A3;CCNJL;BCL2L1;ITM2C;NRP2;SYNM;LAMC3;TTC22;KCNC4;LRRC39;MAST1;LRRC3;N4BP2L1;HMGB1;JPH2;TUBA1B;TRIM6;TIMP2;SPEG;HORMAD2;SLC18A2;CCR3;GALNT9;ITGA3;PDE4D;TNFRSF19;DENND2A;BTN3A3;TMC6;GLRX2;TUBG2;ANO4;TMEM150C;DUSP6;ETV6;RNF144B;MRPL51;TUBB2A;VGF;PALLD;B3GNT5;MMP17;CKS2;HBEGF;CLDND1;CEBPD;PAPLN;U2AF1;UQCR10;GLRA1;POLD4;TMEM201;ABLIM3;NRIP1;MICALL2;REPS2;ROMO1;FSD1;MAP4K5;MPZL3;P4HTM;CDRT4;TAF15;RFTN1;BMP8A;PLEKHA6;PSMC5;CTH;PSMC2;FKBP1B;NOTUM;FRK;LIMS2;TMEM229B"
"PPARG","PPARG 20176806 ChIP-Seq MACROPHAGES Mouse","100/1083","0.00323684313045170986289367220933854696340858936309814453125000","0.00932754413546198722639868350370306870900094509124755859375","0","0","1.3661691936063345","7.832462156659972585260","KCNG3;SERPINE2;CTNND1;IRS2;PRDM1;FTH1;HMCN1;PPFIA4;TNS3;CDK5RAP3;IL15RA;DAPK1;LMO4;FOXP1;EID3;PARD3;SPATA13;COL4A6;COL4A5;KCTD12;TNIK;INSIG1;ALOX15;LYPD3;PIK3R1;PLD1;ADAMTS10;NPAS2;FBLN5;ZFP36L1;SOCS3;SDCBP;PDGFC;HIVEP3;SOCS6;MAP2K6;ABCA1;IQSEC1;MCAM;MSRA;ID2;PAH;BCL2;ANP32E;AMOTL2;PAM;DOCK3;MAST4;DOCK8;ONECUT1;RASGRF1;BHLHE41;TNFAIP3;OPLAH;RND3;PRSS23;DNER;TIMP2;TIMP3;DLGAP1;CCR3;TMC1;EIF5A;TNNC1;AMT;DUSP6;ETV6;C1QL1;RNF144B;VCAN;PPARG;CD44;PTGER4;PRKAA2;SLC20A1;NDUFB3;TMPRSS4;GCNT1;CXCR4;PRR5L;AOAH;PSMB6;POLD4;MAN1C1;GCNT2;P4HTM;LEKR1;HNRNPA3;SORL1;DHRS3;TMEM154;EEPD1;KLF7;FABP5;SLCO3A1;LNX1;SARDH;VIM;SYCP3;PIK3AP1"
"RUNX1","RUNX1 27457419 Chip-Seq LIVER Mouse","131/1475","0.00331633907832975258558882991621885594213381409645080566406250","0.00952028898912153122291446294411798589862883090972900390625","0","0","1.3131830124627977","7.496822347228815353049","IL1RN;SERPINE2;IRS1;CHRM4;CTNND1;IKZF2;ABCA12;SLC4A3;BZW1;KLHL30;FAM107B;RGS4;GRB14;MPZ;SALL4;PSMD1;NEK2;OIP5;CHAC1;HMCN1;PPFIA4;TGM2;IL15RA;FIBCD1;VASH2;LEMD1;SLC9A2;CYP27A1;OLFM1;CACNB2;FRMD5;CACNB4;SLPI;RUFY4;LACTB2;MAML3;TNIK;SCG2;NGEF;SHC4;SLC45A3;NOTCH1;DHX9;INSIG2;ILDR2;NPAS2;DPP4;WNT6;ST8SIA6;CHST14;PROM2;TNFSF18;ACBD7;CDK18;GGT7;RABGAP1L;MEIG1;PBX3;CYBRD1;NMI;BMP7;PBX1;LRP1B;BMP2;BCL2;SP5;PAM;ITM2C;NRP2;LAMC3;FHL2;DUSP19;DBI;RND3;GLI2;THBD;JPH2;HNF4A;NUF2;DNER;SPEG;GPR39;EIF5B;CAMK1D;GPR35;TBC1D8;GLRX2;SERPINB5;PARD3B;ARL4C;TOX2;PLCB4;ELF3;BANK1;ENG;CRB2;PRIM2;SLC20A1;RGS16;NDUFB3;CXCR4;PRR5L;LIN9;PTGS2;TTN;CHN1;STAT4;SUSD4;TRIM44;HNRNPA3;SLC12A5;GSN;GALNT3;KCNB1;KCNIP3;PLEKHA6;SYT13;MERTK;HSPE1;GDAP1;SGPP2;KLF7;CENPF;COL3A1;DES;TRMT6;SARDH;PI15;RAMP1;IL18R1;SPC25"
"SREBP2","SREBP2 21459322 ChIP-Seq LIVER Mouse","77/801","0.00342221417055780380289675690619333181530237197875976562500000","0.00978701401049674943322109754717530449852347373962402343750","0","0","1.4242930330414902","8.086377432774451534669","TMEM151A;COL18A1;SLC44A2;IRS2;ICAM5;TSPAN12;FGF2;TNS4;TNS3;ACTR2;EIF5B;ARSA;ZHX2;CCDC154;GPR35;TRPT1;OVOL1;SRCIN1;IL17RC;FOXP2;VAMP8;ACAP3;ZEB1;B3GNT8;VSNL1;KIFC2;MDFIC;C1D;CSNK2B;CDH15;PPARA;CLOCK;CTXN1;AGPAT5;IDI1;SMARCD3;SLC20A1;SEMA3B;GATA6;CACNA1D;PRICKLE1;C2CD4C;UQCR10;PPL;DLL1;ADCY5;FGD2;EFNB2;SDCBP;RNF215;PSMB3;BLOC1S1;ATOH8;HSF4;GCNT3;ROMO1;PCDH1;DECR1;GGT7;TXNRD2;TMEM132B;TMEM132A;MPP7;PAN2;KLF8;PIK3IP1;BAMBI;RPA3;TCEA3;SARDH;RNF182;KCP;NOTUM;NF2;LTBR;SLC25A34;CPEB4"
"RUNX1","RUNX1 30185409 ChIP-Seq K562 Mouse BoneMarrow Leukemia","34/296","0.00345349319207303995238333982342737726867198944091796875000000","0.00983919758496281174342534825427719624713063240051269531250","0","0","1.7271699180096127","9.790236491359488368857","CRB2;ZNF595;COL18A1;SLC2A1;ZFP36L1;ASIC4;HEPHL1;HIVEP3;TMPO;TGM2;KCNH2;TBX1;TMEM120B;MACC1;PLCL2;ACSL6;NR2F2;GP6;HSPG2;CBFA2T3;F3;DHRS3;TARBP1;CPED1;SLC9A2;DIAPH1;LIN28A;FKBP1B;C1D;ST7;SPRY1;CCNJL;CPEB4;SPC25"
"NCOR1","NCOR1 26117541 ChIP-Seq K562 Human","143/1631","0.00351538422906756383226611895054247725056484341621398925781250","0.00997787628927071686135708006304412265308201313018798828125","0","0","1.2960905964858722","7.323697882261334335396","RAB3A;CSF1;ICAM5;ZDHHC8;PRDM1;BACH1;PLB1;FGFRL1;CDH1;FTH1;NRTN;CCDC92;HMGN2;IL15RA;ST6GAL1;S100A2;DAPK1;LMO4;FIBCD1;ACAP3;OXA1L;THAP8;MZF1;EMID1;EPHA2;RTN4R;GNAZ;SPTBN4;IDI1;CUL7;SLC26A1;COL13A1;NXPH3;INSIG1;EBI3;ENDOD1;TRANK1;HIGD1A;KIAA0040;ABO;LDHA;GAR1;HMOX1;CHST14;FADD;KCNN4;DECR1;FDFT1;RTBDN;VASP;TMEM120B;EGR3;PTPRN2;SIAH1;PARP16;L1CAM;FHDC1;ANKHD1;LIN28A;NOSTRIN;LCN2;PIR;RNF182;ANP32E;ANP32B;RCOR2;FANK1;COL18A1;ZNF250;LAMC3;KCNC3;SLC2A1;SECTM1;HMGB1;PITPNC1;TRIM8;LYL1;TUBA1B;KIAA1549;AIFM3;DBP;NUF2;MYBL2;MAN2C1;ABCD1;DLGAP5;ABCC3;HSP90AA1;TIGD5;PLEKHG5;DENND2A;ANO8;KREMEN2;CBFA2T3;VCAN;TUBB2A;ELF3;VGF;IRF1;HKDC1;TRNP1;KIFC3;ALDOA;CHST2;ENG;RBMS3;CRB2;AGPAT5;ZNF595;LAMA5;NFIX;TUBAL3;IDUA;SLC20A1;RGS16;PTAFR;GCNT1;PPM1H;LIN9;PTGS2;CRIP1;PPM1F;POLD4;SPOCK2;MICALL2;HSF4;MUC4;POLR2L;HES4;TBX1;HNRNPA3;TXNRD2;MACC1;PTGES3;FBXL13;KAZALD1;DHRS3;SLC25A37;AXL;CHPT1;VIM;NOTUM;SPC25"
"ESR1","ESR1 20056654 ChIP-Seq MCF-7 Human BreastCancer","79/827","0.00359415347731305030026804914200511120725423097610473632812500","0.01016324297891892450285133975285134511068463325500488281250","0","0","1.4146221756515871","7.962125640458145525713","GPSM1;CPM;COL18A1;TES;SERPINA1;HSPB8;STMN3;ECSIT;SERPINA5;ZFYVE28;MCF2L;ANXA9;MAN2C1;KPNA2;SLC25A45;CCR3;KCNH2;DENND2D;ABCC3;GAA;KRT8;MITF;MAT1A;WNT16;CBFA2T3;IL17RB;FOXP1;SLC9A2;SULT2B1;INPP4B;OXA1L;FRMD5;VCAN;KCNQ1;PARD3;HNRNPH3;ALDOA;CCDC40;SPTBN4;MINDY1;GIPR;RGS16;NPR3;SEMA3B;GATA6;CACNA1D;AKAP5;LTBP1;FGD2;PRDX1;NRIP1;ARSG;FAM83B;DECR1;S100A10;ABCA1;CA12;CDK18;CGREF1;CARMIL3;ABCA3;CYP4F3;SRD5A3;HAGHL;MBOAT1;BMP7;DCLK1;DHRS3;BMP4;ADGRD1;ATG16L2;DLG5;SPIRE2;AMOTL2;CHPT1;VIM;NOTUM;PAM;CD22"
"POU5F1","POU5F1 16153702 ChIP-ChIP HESCs Human","46/433","0.00361157103823799311911879605929698300315067172050476074218750","0.01017438855921523957470675725289765978232026100158691406250","0","0","1.5850148129217896","8.913508973023251513723","WDR49;PRPS1;NFIX;LAMA4;COL12A1;ONECUT1;GATA6;SIX1;CD99L2;MRO;FGF2;DLL1;ZFP36L1;CDH1;CA2;DPYSL3;TRA2A;GCNT2;ANKRD1;HOXC4;CSMD3;MAN2C1;EOMES;ZHX2;DMRT1;GALNT3;CACNA2D1;USP44;TEX14;NR2F2;DKK1;BMP7;POU2F3;DUSP6;DHRS3;ANKHD1;KLF7;OLFM2;PDE10A;MMP16;BAMBI;PARD3;ID2;IL1RAPL1;LHX5;SSBP2"
"CEBPB","CEBPB 20176806 ChIP-Seq MACROPHAGES Mouse","132/1492","0.00366113238916680565349093257054846617393195629119873046875000","0.01027566897331203682464106918814650271087884902954101562500","0","0","1.3074483741893943","7.334762869484493741368","KCNG3;CHRM4;IRS2;PRDM1;GALNT10;GPR176;CHCHD2;RINL;MPZ;FTH1;FAM186B;PSMD1;ENPP3;CCDC92;TNS3;RNF43;IL15RA;ST6GAL1;VWA5B2;ANK1;FOXP1;INPP4B;RUFY4;KCNQ4;S100A4;FSCN2;FAIM;SHC2;NOTCH1;CHRNA9;LYPD3;PLD1;NPAS2;ABO;GLIS2;SYNGR1;CHST12;SEC14L5;SFN;S100A14;SOCS6;ABCA1;ABCA2;GSTM2;ACBD4;MCAM;IL31RA;ABHD15;PYY;EFNA2;LIN28A;TCN2;LCN2;ANP32E;DCHS1;DDX3Y;GPSM1;TTC24;DOCK3;TGFB1I1;DOCK8;BHLHE41;LRRC3;GPT;MSLN;SIPA1L2;PRSS23;ORM2;LFNG;TRIM8;CASP4;TMEM107;TIMP2;CCIN;FGFBP3;CCR3;ADAMTS7;TMED4;EIF5A;ACTR2;ZHX2;CAMK1D;TNNC1;TBC1D8;AMT;TMC8;TEX14;BTN3A3;TMC6;KCNAB3;CBFA2T3;SERPINB5;ETV6;EPN3;RTN4RL1;HKDC1;PPARG;CDH15;PLCB2;ST6GALNAC5;CD44;PTGER4;SMARCD1;PRKAA2;SLC20A1;PAPLN;PDXP;UQCR10;DLL1;STAMBPL1;STAT4;GCNT3;ROMO1;APBB3;MPZL2;TAF15;GSN;F10;KCNB1;MERTK;GDAP1;MPP7;TMEM154;FMNL3;FABP5;SLCO3A1;ST7;PI15;VIM;RAMP1;SNTB1;GRINA"
"STAT3","STAT3 23295773 ChIP-Seq U87 Human","220/2637","0.00368389975015616421075148601005366799654439091682434082031250","0.01030127522728853384226255229805246926844120025634765625000","0","0","1.2359417462439819","6.925949807828766680018","MAML2;SERPINE2;ARL6IP1;TRAF3IP2;IKZF2;ABCA12;GLDN;CCT6B;GPR176;HTR7;LIPG;RASSF6;RPS6KA1;PSMD1;RTTN;PRKACB;TNS3;ST6GAL1;DAPK1;CACNA2D1;KRT8;HNF1B;ANK1;KIAA1217;INPP4B;SPATA17;ADCY9;PARD3;DDIT4;FEZ2;MAML3;CLOCK;SKAP2;EXD3;COL13A1;FICD;TMTC1;AGAP3;PDGFC;SEC14L5;HIVEP3;ST8SIA6;ARSG;STXBP6;ABCA1;PTPRN2;IQSEC1;SIAH1;IL31RA;NMI;FHDC1;DCLK1;MSRA;PPFIBP1;ID2;ANP32B;NRP2;SERPINA1;KCNC3;RYR3;OSBPL10;LFNG;ZCWPW1;HNF4A;DNER;DLGAP1;AASS;CCR3;CD33;ZNF365;TMED4;DENND2C;GPR37;TESC;DENND2A;NOG;TEX14;MMEL1;TMC5;ANO4;ZDHHC14;TOX2;MDFIC;TFEC;CLDN18;EEF1E1;FJX1;MGLL;WDR27;ZNF595;PRIM2;CLDND1;PELI2;TMPRSS4;ZDHHC23;CAMKK1;STAMBPL1;STAT4;CSMD3;IL12RB2;ZNF221;AOC3;GSN;KCNB1;SAMD4A;WNT7A;DHRS2;PLEKHA7;CENPF;SLCO3A1;ZNF214;SPC25;FHOD3;SH3GL3;OGDHL;IL1RAP;ALDH1L2;GALNT10;NR3C2;GRIP1;ENPP3;STK32A;RAG1;TGM2;MAGI1;TMOD2;ANXA10;LMO7;FOXP1;CACNB4;TNIK;ZNF675;SHC4;NXPH3;CACNA1D;PLD1;AK7;LTBP1;GLIS1;NPAS2;MAP2K6;ZNF783;TMEM120B;TNFRSF9;TMEM132B;CYBRD1;CORO2B;DCDC1;LRP1B;DIAPH1;NAT1;RCAN2;DLG5;CNTN1;SP5;SLC26A3;BCL2L1;CNTNAP2;DOCK4;DOCK3;MAST4;TTC22;DOCK8;DYSF;DUSP19;SIX1;PITPNC1;GRM7;PDE4B;SPEG;PRKG1;SH3D19;EIF5B;ITGA3;PDE4D;NAV2;MYRIP;PARD3B;ETV6;RTN4RL1;EHHADH;C1D;IL1RAPL1;COL6A1;MNS1;ST6GALNAC5;ITGA9;RBMS3;PRKAA2;DNAH2;LAMA2;LAMA4;LAMA3;PRR5L;HMGCR;PPM1F;THSD4;TNKS2;OXCT1;SPOCK2;MAN1C1;IL21R;KLRG2;SLIT2;TRIM44;LEKR1;SLC12A5;KCNIP3;EYA4;AHNAK2;PLCL2;ZNF804A;FBXL13;SGPP2;KLF7;MYO15A;ST7;VIM;SYCP3;SSBP2"
"FOXA1","FOXA1 33576154 ChIP-Seq Human HilarLN ProstateCancer","75/781","0.00393528194996541937078493589297067956067621707916259765625000","0.01096360838459000362765660696595659828744828701019287109375","0","0","1.4219701531780631","7.874547562519864207786","DOCK4;CXCL8;ZNF250;CITED2;SPATA20;SSC4D;TSPAN12;GALNT10;GLI2;FAM107B;GRIP1;TUBA1B;ATP7B;ZNF84;TNS4;AASS;SH3D19;TMC1;HSP90AA1;SLC15A2;PDE4D;KRT8;ACSL5;LMO7;SYTL5;ANK1;PLAAT4;DUSP6;FOXP2;FOXP1;CYP27A1;RNF144B;PLCB4;ELF3;PPARG;MAML3;MGLL;ATL1;SYNPO2;PELI2;IL20RA;PDGFB;ZBTB42;HMGCR;PLD1;LTBP1;FBLN5;AP3M2;OXCT1;ADGRG6;ATOH8;REPS2;HOXC4;MAL2;ST3GAL6;FAM43A;MAP4K5;WASF3;FDFT1;RABGAP1L;DNASE2B;TXNRD2;GRHL2;DHRS3;NFATC4;KLF7;NR4A1;MYO15B;DLG5;ZNF219;FKBP1B;ANP32E;SPRY1;LTBR;PIK3AP1"
"BCAT","BCAT 22108803 ChIP-Seq LS180 Human","50/482","0.00400517573935638311610762940517815877683460712432861328125000","0.01111730765887525632096277661275962600484490394592285156250","0","0","1.5440886330856940","8.523628382715648044154","FHOD3;OTUD7A;DBI;ORM2;FGFRL1;PLB1;MRC2;TNS3;MSX2;LMO4;HEG1;ACSL6;ANO8;ACSL5;TEX14;TMC5;ARL4C;GPRIN3;CACNB2;ZNF91;PLCB4;PARD3;KCNQ1;HAT1;SLC9A9;PPARG;MCM5;ZNF675;ZFPM1;ITGA9;SAMD5;SHC2;NOTCH1;LAMA2;DNAH6;IL20RA;SLC6A20;ZFP36L1;POU5F1B;LDHB;MGAT5B;EPS8L3;PDLIM5;WASF3;TMEM132B;CRIM1;PBX1;ANP32E;SSBP2;CDKN3"
"FLI1","FLI1 26923725 Chip-Seq HEMOGENIC-ENDOTHELIUM Mouse","128/1446","0.00411478398601951029373013923873259045649319887161254882812500","0.01136840210787373565970437283567662234418094158172607421875","0","0","1.3073304813618498","7.181387195205989115721","FHOD3;CSF1;IRS2;SPATA20;BACH1;BZW1;HTR7;TRIM29;FAM186B;PSMD1;CCNL2;CHAC1;CCDC92;CDK5RAP3;TGM2;LAG3;ST6GAL1;SERPINF1;ADAM11;ACSL6;HSPG2;SRCIN1;LEMD1;INPP4B;FNDC4;FANCD2;PPP1R3E;ADPRH;TRIM15;FSCN2;EMID1;GIPR;GATA6;CACNA1D;HIGD1A;PLD1;GABARAP;TMEM25;EFNB2;SOCS3;CACNA1I;PDGFC;GAR1;FAM43A;PROM2;TMEM120B;AFAP1L2;SYT1;IL31RA;PARP10;MSRA;HNRNPM;PYY;GNAL;PPP1R1A;CDK3;LRFN1;NOXA1;LCN2;DCHS1;MKX;RCOR2;FANK1;CPM;TTC24;TNFAIP2;GRIK4;GPT;MYPN;OSBPL10;TUBA1B;ATP7B;RASGEF1C;ANXA9;RSPO1;TTC23L;ADAMTS7;SH3D19;CNTD1;GAA;USP44;F3;EPN1;RNF144B;MRPL51;B3GNT5;C1D;MCM5;HNRNPH3;NAT8L;CD44;HBEGF;AGPAT5;GRAMD1B;CEBPD;NDUFB2;HMGCR;APOLD1;GLRA1;TRA2A;NRIP1;MICALL2;MAN1C1;GCNT2;SLIT2;PCDH1;AOC3;CMTM7;F10;KCNB1;TXNRD2;RFTN1;HAGHL;BMP8A;DONSON;FBXL16;KAZALD1;GRIN1;FRAS1;LBX2;NOVA2;RIMBP3;KCP;NOTUM;EIF3C;FOLR1;FRK;GRINA"
"NMYC","NMYC 18555785 Chip-Seq ESCs Mouse","133/1510","0.00412575122855285327666541306257386167999356985092163085937500","0.01136840210787373565970437283567662234418094158172607421875","0","0","1.3008229316185989","7.142177619636837171413","EHF;SERPINE2;CSF1;IRS1;CHRM4;IKZF2;ABCA12;SLC4A3;BZW1;KLHL30;FAM107B;RGS4;GPR176;GRB14;ARHGAP40;MPZ;SALL4;PSMD1;NEK2;OIP5;CHAC1;HMCN1;PPFIA4;TGM2;IL15RA;LMO4;VASH2;EBF4;LEMD1;SLC9A2;CYP27A1;OLFM1;CACNB2;FRMD5;SPATA17;CACNB4;LACTB2;MALL;TNIK;SCG2;NGEF;SHC4;SLC45A3;NOTCH1;DHX9;SLC45A1;INSIG2;ILDR2;PLD1;NPAS2;ABO;DPP4;WNT6;NPHP1;ST8SIA6;CHST14;TNFSF18;NTNG2;CDK18;GGT7;RABGAP1L;TNFRSF9;BMP7;PBX1;DCLK1;BMP2;NOXA1;NOSTRIN;BCL2;PAM;BCL2L1;ITM2C;ARHGAP11A;NRP2;FHL2;SLC2A1;DBI;RND3;RYR3;GLI2;NUF2;DNER;PMEPA1;SPEG;CPXM1;GPR39;EIF5B;CAMK1D;CCDC34;GPR35;TBC1D8;GLRX2;F3;SERPINB5;PARD3B;ARL4C;TOX2;PLCB4;ELF3;FJX1;CD44;PRIM2;SLC20A1;RGS16;NDUFB3;CXCR4;PRR5L;LIN9;PTGS2;CHN1;STAT4;SUSD4;TRIM44;HNRNPA3;GALNT3;KCNB1;PLEKHA6;MERTK;HSPE1;GDAP1;SGPP2;KLF7;CENPF;COL3A1;GATM;DES;SARDH;PI15;PTPN7;VIM;RAMP1;IL18R1;SPC25"
"ENL","ENL 26711339 ChIP-Seq SEM Human Blood Leukemia","134/1523","0.00414463375185938464467794162260361190419644117355346679687500","0.01137890357328667431668911547149036778137087821960449218750","0","0","1.2993917416912051","7.128386240209660051903","FHOD3;TRAF3IP2;IRS1;IKZF2;ABCA12;ZDHHC2;BACH1;BZW1;FAM107B;DOCK11;GPR176;PTTG1;RPS6KA1;OIP5;ACAD11;PRKACB;MAP3K5;TMPO;ST6GAL1;LMO4;ADAM11;FOXP1;ZNF91;DEPDC1B;ADCY9;CACNB4;KCNQ1;HAT1;SNRPG;FAIM;RTN4R;IDI1;DHX9;TWIST1;PIK3R1;PLD1;PRDM10;FBLN5;SAV1;ZFP36L1;SDCBP;HIVEP3;FAM43A;SOCS6;DECR1;FDFT1;RABGAP1L;XRCC4;SYT1;GLMN;PBX3;AMMECR1;PBX1;DIAPH1;PPFIBP1;STAG3;ID2;BCL2;ANP32E;ID3;BCL2L1;ARHGAP11A;FANK1;CITED2;FHL1;BHLHE41;DUSP19;HMGB1;SIPA1L3;PITPNC1;RYR3;MRC2;TRIM8;TUBA1B;BCL7A;TMEM107;DLGAP1;FGFBP3;AASS;ZNF365;ZHX2;CAMK1D;SYK;NOG;TBC1D8;NDUFC2;BTN3A3;TMC6;ETV6;MMP14;PSMA4;PSMA1;MDFIC;BANK1;PALLD;IRF1;C1D;CKS2;ARHGEF6;AGPAT5;ZNF595;PTGER4;CAMK2D;PCNA;SLC20A1;PELI2;PPM1H;U2AF1;PRICKLE1;HMGCR;LIN9;APOLD1;STAMBPL1;TNKS2;MBNL3;MUC4;CD72;GSN;PTGES3;CYP51A1;PLCL2;MBOAT1;ZNF804A;SEPTIN6;KAZALD1;TMEM154;FMNL3;KLF7;PER3;SPRY2;CHPT1;PIK3AP1;SSBP2;CDKN3"
"RUNX1","RUNX1 21571218 ChIP-Seq MEGAKARYOCYTES Human","334/4172","0.00427533094367671655938734076585205912124365568161010742187500","0.01169519877708666971694029257378133479505777359008789062500","0","0","1.1919204088712638","6.501799207758110377142","SPARC;SERPINE2;PLEKHB1;SERPINE1;STMN3;BACH1;TXNDC17;ZFYVE28;HERC5;RINL;FTH1;RPS6KA1;RTTN;SOX8;SPA17;PTGDS;TNS3;CDK5RAP3;TMPO;ARSA;ST6GAL1;PAQR5;DAPK1;FIBCD1;ACSL5;MYO7A;OVOL1;HSPG2;ANK1;SYTL3;KIAA1217;INPP4B;BCAM;AZGP1;LACTB2;KCNQ1;PARD3;DDIT4;SPATA13;KCNQ4;MAML3;RIN1;CTXN1;ZFPM1;NGEF;EPHA2;PXT1;SPTBN4;EXD3;GIPR;PDGFB;PIK3R1;PRDM10;ADAMTS10;KIAA0040;ABO;C3;LDHB;CHST12;PRDX1;LCN12;PDGFC;GAR1;HIVEP3;ST8SIA6;FADD;VASP;NGFR;ST14;RABGAP1L;EGR3;PTPRN2;COL24A1;XRCC4;IQSEC1;ABCA3;LIF;NR1D1;GP6;PBX1;DCLK1;ELL3;NFATC4;BST1;MSRA;GJB2;ID2;ANP32E;ID3;COL9A2;ANP32B;RCOR2;CPEB4;DHRS13;COL18A1;CITED2;KCNC3;CITED4;GRIK4;SIPA1L3;RYR3;LFNG;TRIM8;ZCWPW1;TUBA1B;HNF4A;NUF2;TIMP2;DLGAP1;FGFBP3;DENND2D;LYNX1;ZHX2;TIGD5;SYK;GPR35;PLLP;TESC;DENND2A;NOG;NBPF10;TMC8;TEX14;GAB3;MMEL1;CBFA2T3;DUSP6;PSMA4;TUBB2A;PSMA1;BANK1;SDHAF1;CKS2;FAM20C;ALDOA;PLCB2;CD44;HBEGF;CRB2;WDR27;GRAMD1B;PCNA;CLDND1;NFIX;SYNPO2;PELI2;GCNT1;PRICKLE1;AOAH;APOLD1;FGD2;GCNT2;ZNF469;ZNF585B;MPZL3;P4HTM;APBB3;ZNF221;CD72;GSN;DMRT1;WNT7B;SAMD4A;PLEKHA6;GRHL2;DHRS3;MPP7;GRIN1;DHRS4;CENPF;PSMC5;TFAP4;KRT16;RPA3;FKBP1B;TCEA3;TRMT6;RAMP1;TMEM229B;IRS1;CTNND1;OGDHL;IRS2;BZW1;FAM107B;GRIP1;CHCHD2;PTTG1;NRTN;OIP5;SLC25A45;TGM2;KCNH2;PIAS3;IK;MITF;VASH1;ACAP3;CACNB2;S100A4;GEMIN7;TNIK;MZF1;EMID1;ABCG1;SHC4;RTN4R;ZNF550;IDI1;NOTCH1;NXPH3;INSIG2;INSIG1;CHRD;AK7;CPLX1;ACAT2;GLIS1;PLD3;TMEM25;EFNB2;SOCS3;CACNA1I;SCUBE1;ZNF426;KCNF1;TMEM120B;ACBD4;TNFRSF9;SYT7;DIAPH1;NR4A1;GNAL;ATG16L2;DLG4;LRFN1;SPIRE2;SP5;CSPG5;DEGS2;NF2;NES;OSCP1;CNTNAP2;CALCOCO1;DOCK4;LAMC3;RASGRF1;MAST1;DYSF;FHL2;DUSP19;SLC2A1;TNFAIP3;DBI;SLC2A3;HMGB1;PITPNC1;LYL1;THBD;KIAA1549;DBP;MCF2L;CCIN;GALNT9;PRKG1;CCDC38;KLF11;CAMK1D;TRPC1;PDE4D;ITGA1;TNFRSF19;TBC1D8;NDUFC2;NAV2;PARD3B;ETV6;ARL4C;NAV3;PALLD;IRF1;COL6A2;COL6A1;CHI3L2;MVD;ZMYND10;MNS1;TRIM55;AGPAT5;PRPS1;CAMK2D;DNAH2;TUBAL3;CEBPD;SEMA3D;POMP;PPM1H;U2AF1;PRR5L;LIN9;THSD4;AP3M2;TMEM201;ABLIM2;SH3TC2;GNG4;ATOH8;NRIP1;MAN1C1;IL21R;PCDH1;PDLIM5;MUC4;WASF3;LEKR1;HNRNPA3;TAF15;TXNRD2;TMED7-TICAM2;CYP51A1;PLCL2;MEIS3;SORL1;EEPD1;CTH;ST7;LNX1;KCP;TLL2;SPRY1;VIM;PIK3AP1;SSBP2"
"SMAD","SMAD 19615063 ChIP-ChIP OVARY Human","15/100","0.00429682510412130336946434638889513735193759202957153320312500","0.01171156300942810188359111123190814396366477012634277343750","0","0","2.3391201752907467","12.747921633787850481667","CAMK2D;LAMA4;LTBP2;PRDM1;DKK1;GLIS1;RGS4;THBD;SYNGR1;NAV3;OAS1;PIR;GCNT2;SSBP2;APOL3"
"TCF21","TCF21 26020271 ChIP-Seq SMOOTH MUSCLE Human","142/1629","0.00446056952902827621304515659517164749559015035629272460937500","0.01211413667056240352215557010140400961972773075103759765625","0","0","1.2869529089248930","6.965605367055601071513","FHOD3;EHF;RAB3A;CSF1;SERPINE1;NUDT1;LOXL4;BACH1;IFIT2;GPR176;HMGN5;PLAU;FTH1;DHX58;PAPOLA;HMGN2;TNS4;TGM2;S100A2;SERPINF1;IGFBP3;ACSL5;HSPG2;SYTL3;CACNB2;CACNB3;NUP210L;CYP2U1;DDIT4;KCTD12;ATF5;ABCG1;SPTBN4;FBLIM1;INSIG1;LTBP2;PLD1;PRDM10;PPL;LTBP1;FBLN5;GLIS2;C3;TMEM25;DPP4;SOCS3;TMEM125;BLOC1S1;PDGFC;HMOX1;ST3GAL6;S100A10;TMEM120B;CDK18;ST14;COL24A1;LIF;PARP16;NR2F2;NFATC4;NR4A1;PPFIBP1;PPP1R1A;ID2;CDK3;ID3;ITGBL1;DCHS1;PLCH1;COL9A2;DHRS13;NRP2;GAL3ST1;MAST4;HSPB8;LRRC39;BHLHE41;FHL2;SLC2A1;SECTM1;TNFAIP3;RND3;PRSS23;MRC2;TRIM8;THBD;ADAMTS2;DBP;TIMP2;BDKRB2;PDE4B;CCIN;DACT1;TMC1;DENND2D;GPR39;ZHX2;CNTD1;CHST7;HEG1;ITGA1;DENND2A;CBFA2T3;IL17RC;PARD3B;MMP14;TUBB2A;IRF1;COL6A1;FAM20C;FJX1;TRIM55;ITGA9;PTGER4;LAMA5;PRIM2;LAMA4;DNAH6;GCNT1;PAPLN;SLC5A11;SNX33;CRIP1;ATOH8;ZNF747;SLIT2;APBB3;CMTM7;GSN;WNT7B;MACC1;PTGES3;BMP8A;MPP7;COL3A1;TFAP4;LBX2;PDE10A;RAB13;NOTUM;SYCP3;SNTB1"
"TCF3/E2A","TCF3/E2A 22897851 ChIP-Seq JUKARTE6-1 Human","132/1501","0.00449558121265926282500435817723882792051881551742553710937500","0.01216546170450803938944961402057742816396057605743408203125","0","0","1.2981745348670519","7.016192393628788437354","EHF;TES;IRS2;PRDM1;GRPR;NR3C2;FAM107B;GRIP1;HTR7;MACROD1;NEK2;HOMER3;HMCN1;SOX9;PPFIA4;LZTS1;MAP3K5;TMPO;SRRM3;NHLRC3;LMO4;IGFBP3;ACSL6;HNF1B;WDR72;MITF;LMO7;SRCIN1;DKK1;FOXP1;EREG;DEPDC1B;OBSCN;SLC9A9;KCTD12;SHC2;GATA6;TACSTD2;LTBP2;PIK3R1;MRO;CPLX1;SCUBE1;ARSJ;MAP6;HIVEP3;SOCS6;TMEM120B;RABGAP1L;PTPRN2;COL24A1;IQSEC1;TMEM132B;CRIM1;FHDC1;BMP7;DIAPH1;PAH;RCAN2;RCOR2;NES;FANK1;SYNM;MAST4;RASGRF1;TNFAIP3;SIX1;GRIK2;AREG;TRIM8;JPH2;MCF2L;ANKRD1;TMC1;ACTR2;GPR37;SYK;TRPC1;ITGA1;PLA2G4C;NOG;PARD3B;ETV6;ZEB1;ELF3;NAV3;RTN4RL1;IRF1;EHHADH;C1D;MNS1;EEF1E1;CHST2;TRIM55;CD44;ITGA9;HBEGF;ZNF474;WDR27;ZNF595;PTGER4;PRIM2;NFIX;SAMD9;CEBPD;PRICKLE1;AOAH;FGD2;TMEM201;HLA-DMB;MICALL2;LRIG1;CSMD3;SLIT2;P4HTM;MUC4;NQO1;IRX3;PLCL2;SAMD4A;ADAM32;DHRS2;GRHL2;GDAP1;TTLL7;EEPD1;FABP5;ST7;TCEA3;SPRY1;SSBP2;SNTB1"
"EVI1","EVI1 22308434 ChIP-Seq SKOV3 Human Ovary OvarianCancer","93/1010","0.00478777256115944273295870203810409293510019779205322265625000","0.01290988672741207043959121847365167923271656036376953125000","0","0","1.3598277685200968","7.263778385022141570460","NRP2;FHL1;FHL2;DUSP19;DBI;SPATA20;PRDM1;HMGB1;IKZF2;RND3;USE1;MYPN;MILR1;MRC2;PLAU;RASSF6;HMGN2;TNS2;GPR39;ACTR2;EIF5B;FGFBP1;ARL14;ITGA1;KRT8;MOB3B;TEX19;SSTR5;KIAA1217;ADGRF3;INPP4B;ZNF91;ZEB1;SCNN1D;PALLD;RNF207;SNRPG;S100A4;ZNF675;SMPDL3A;TRIM55;ABCG1;CCDC40;FAIM;CFAP61;ZNF474;ZNF595;RTN4R;SPTBN4;RBM47;CUL7;MINDY1;DNAH6;LAMA3;IL20RB;THSD4;GLRA1;POLD4;LDHB;HLA-DMB;ZNF704;MGAT5B;ZNF426;GCNT3;CHSY3;HNRNPA1;P4HTM;RPL17;DECR1;MPZL2;ATP5ME;CA11;GSTM2;SYT1;TXNRD2;IRX3;AHNAK2;AKR1C3;NR2F2;CCDC9B;MEIS3;PLEKHA7;TMEM154;PCDHGA10;SEM1;KLF7;LBX2;RCAN2;SPRY2;VIM;SSBP2;PAM;BCL2L1"
"KDM2B","KDM2B 26808549 Chip-Seq REH Human","123/1389","0.00481496826736772538107844709998062171507626771926879882812500","0.01293701438385278824905189054561560624279081821441650390625","0","0","1.3067082953107061","6.972629208374867104681","CHRM4;IRS2;ANTXR2;BACH1;KLHL30;GALNT10;FAM107B;GRIP1;NRBP2;HTR7;GRB14;STK32A;TNS3;TMPO;MAGI1;IL15RA;LMO4;SERPINF1;WDR72;LMO7;SYTL3;ADCY9;OBSCN;FEZ2;SPATA13;CLIP4;ABCG1;GPM6A;NOTCH1;INSIG1;DAPP1;TWIST1;PIK3R1;LTBP1;CACNA1I;SDCBP;CHST12;ARSJ;FAM43A;CHST14;STXBP6;CPA4;PSAPL1;SYT1;ANKRD24;SRD5A3;GLMN;IL31RA;CRIM1;SYT7;MSRA;STAG3;BAMBI;DLG4;RCAN2;NOSTRIN;BCL2;AMOTL2;PLCH2;ITM2C;COL18A1;GAL3ST1;CITED2;KCNC4;ONECUT1;HMGB1;TSPAN12;OPLAH;AREG;RYR3;OSBPL10;LFNG;ADAMTS2;GRM7;ANKRD1;HORMAD2;TK1;PRKG1;GPR35;TBC1D8;GLRX2;DUSP6;SERPINB5;PARD3B;MMP16;BANK1;RTN4RL1;C1D;FAM20C;TAX1BP3;ST6GALNAC5;RBMS3;AGPAT5;PRIM2;CAMK2D;LAMA2;CEBPD;GCNT1;PRICKLE1;AOAH;STAMBPL1;SLC25A21;CHSY3;CSMD3;TRIM40;MACC1;EYA4;ADAM32;WNT7A;PNMA2;DHRS2;GDAP1;SGPP2;DHRS4;FMNL3;SLC25A37;COL3A1;PDE10A;FABP5;PIK3IP1;TLL2;SPRY2;SPRY1"
"TAL1","TAL1 30185409 ChIP-Seq HPC Mouse BoneMarrow Leukemia","182/2154","0.00498854421158061514529613589274958940222859382629394531250000","0.01335585418348710778913002172885171603411436080932617187500","0","0","1.2478581343033552","6.614410743987309437841","PLEKHB1;COL12A1;CPOX;IRS2;ABCA12;ZDHHC2;FGF2;GALNT10;NR3C2;CCT6B;GCSH;HERC3;HTR7;FTH1;PAPOLA;NRTN;HOMER3;RTTN;HMCN1;PRKACB;PPFIA4;TGM2;MAGI1;ARSA;ST6GAL1;RALGAPA1;CACNA2D1;STARD9;APLP1;WDR72;ANXA10;ANK1;DKK1;SYTL3;GPRIN3;INPP4B;DEPDC1B;SPATA17;ADCY9;PARD3;KCNQ4;TRIM15;TNIK;CLOCK;ZFPM1;SKAP2;GPM6A;NOTCH1;DHX9;SLC45A1;ARHGEF28;SMIM1;GATA6;IL20RA;IL20RB;DAPP1;TWIST1;LIN7A;PIK3R1;ACAT2;FBLN5;EFNB2;FAM221A;ASIC4;ST3GAL6;STXBP6;SOCS6;FAM83B;ABCA1;PSAPL1;XRCC4;SYT1;IQSEC1;TMEM132B;SRD5A3;GLMN;IL31RA;PBX3;CRIM1;GP6;POU2F3;LRP1B;GPR137C;HNRNPM;DLG5;PRRT4;CPEB4;MIPEP;WDR49;CNTNAP2;COL18A1;CNTNAP1;DOCK3;CITED2;SLC44A2;DOCK8;ONECUT1;BHLHE41;TNFAIP2;DUSP19;AREG;PRSS23;RYR3;TRIM8;LYL1;JPH2;HEPH;RASGEF1C;SEC61G;TIMP2;PDE4B;DLGAP1;HORMAD2;DACT1;GPR39;ACTR2;CHST7;GPR37;CCDC34;ITGA3;TRPC1;PDE4D;ZDHHC14;VCAN;ZEB1;NAV3;MDFIC;BANK1;TFEC;CLDN18;ST6GALNAC5;TRIM55;MGLL;RBMS3;CAMK2D;PRKAA2;ARL14EPL;SEMA3D;SLC20A1;LAMA3;GCNT1;POMP;PRR5L;HMGCR;AKAP5;PTGS2;PPM1F;GLRA1;ATOH8;CHN1;NRIP1;MICALL2;STAT4;MAN1C1;SUSD4;CHSY3;CSMD3;PTCHD4;GABRE;MAP4K5;MUC4;IL12RB2;CDRT4;NQO1;HNRNPA3;CENPW;MACC1;RFTN1;PLCL2;DONSON;ADAM32;DHRS3;DHRS4;KLF7;COL3A1;EPGN;NUDT7;AADAC;MYO15B;VIM;FRK;SPC25"
"PU.1","PU.1 20176806 ChIP-Seq MACROPHAGES Mouse","129/1469","0.00519265336312061537293871538167877588421106338500976562500000","0.01385319183447372357043114732277899747714400291442871093750","0","0","1.2952714974270612","6.813789270007135634444","SH3GL3;EHF;SPARC;CHRM4;COL12A1;ALDH1L2;ENO3;GALNT10;GPR176;CHCHD2;MPZ;PALM;ENPP3;HMCN1;CCDC92;TNS3;PIAS3;IL15RA;LAG3;MITF;MYO7A;ANK1;OLFM1;INPP4B;AZGP1;CLDN3;NUP210L;RUFY4;FANCD2;S100A4;FSCN2;NGEF;FAIM;SHC4;RTN4R;NOTCH1;INSIG2;INSIG1;PDGFB;CHRNA9;ILDR2;C2CD4C;PLD1;NPAS2;FBLN5;GLIS2;CHST12;RHPN1;HIVEP3;NCKAP1L;ABCA1;ABCA2;IL31RA;PBX3;ABHD15;PAN2;NR4A1;BAMBI;ANP32E;PRRT4;CPEB4;MAP3K12;RET;DHRS13;TNFAIP3;GPT;SLC2A3;OPLAH;PRSS23;SHD;TRIM8;HNF4A;CASP4;TIMP2;CCIN;CPXM1;RSPO1;CCR3;ADAMTS7;EIF5A;CCDC38;ACTR2;CAMK1D;TNNC1;TBC1D8;AMT;BTN3A3;KCNAB3;F3;SERPINB5;DUSP7;ETV6;SSTR5;VAMP8;EPN3;TUBB2A;MDFIC;B3GNT5;TAX1BP3;CDH15;PLCB2;CD44;AGPAT5;PTGER4;PDXP;LIN9;PPM1F;PSMB6;TMEM201;STAMBPL1;PSMB3;DDT;MPZL3;SLC12A5;GALNT3;F10;KCNB1;PTGES3;MBOAT1;SORL1;DHRS3;EEPD1;FAM131B;PI15;RIMBP3;VIM;SYCP3;SNTB1;CDKN3"
"SMAD1","SMAD1 18555785 Chip-Seq ESCs Mouse","130/1483","0.00533167967574088574878032886772416532039642333984375000000000","0.01417400758867735401091980662613423191942274570465087890625","0","0","1.2928046674548077","6.766654629976968315930","EHF;SERPINE2;IRS1;IKZF2;ABCA12;SLC4A3;BZW1;KLHL30;RGS4;GPR176;MPZ;SALL4;PSMD1;NEK2;CHAC1;HMCN1;PTGDS;PPFIA4;RAG1;TGM2;IL15RA;FIBCD1;VASH2;LEMD1;SLC9A2;DISP2;CYP27A1;FRMD5;SPATA17;CACNB4;RUFY4;LACTB2;MALL;SCG2;NGEF;SHC4;SLC45A3;NOTCH1;DHX9;INSIG2;ILDR2;NPAS2;DPP4;WNT6;NPHP1;ST8SIA6;CHST14;TNFSF18;ACBD7;ABCA2;NTNG2;CDK18;GGT7;RABGAP1L;PBX3;CYBRD1;NMI;PBX1;ELL3;LRP1B;BMP2;NOXA1;BCL2;PLCH2;PAM;ITM2C;ARHGAP11A;NRP2;LAMC3;FHL2;DBI;RND3;RYR3;GLI2;THBD;NUF2;DNER;PMEPA1;SPEG;CPXM1;MYBL2;GPR39;EIF5B;CAMK1D;CCDC34;GPR35;TBC1D8;GLRX2;SERPINB5;PARD3B;ARL4C;TOX2;PLCB4;ELF3;FJX1;CD44;ENG;LAMA5;PRIM2;PCNA;SLC20A1;RGS16;NDUFB3;CXCR4;PRR5L;LIN9;PTGS2;STAT4;SUSD4;ROMO1;TRIM44;HNRNPA3;KCNIP3;BMP8A;PLEKHA6;HSPE1;GDAP1;SGPP2;TTLL7;KLF7;CENPF;COL3A1;GATM;DES;TRMT6;PI15;PTPN7;VIM;RAMP1;IL18R1"
"KLF4","KLF4 25985364 ChIP-Seq ATHEROSCLEROSIS LESION Mouse","81/865","0.00537398372847089529635855598144189571030437946319580078125000","0.01418656543704729412758158701990396366454660892486572265625","0","0","1.3831181908853769","7.228432644249092930977","FANK1;NRP2;IRS1;COL12A1;HNF4G;GPT;GRPR;ALDH1L2;RND3;BZW1;OSBPL10;RGS4;DOCK11;ADAMTS2;HMGN5;GRB14;PSMD2;NUF2;DNER;DLGAP1;HMCN1;TNS4;CCR3;ABCC3;CAMK1D;ARL14;ITGA3;CACNA2D1;USP44;NOG;ACSL6;CASK;KRT32;ANO4;F3;SYTL3;GPRIN3;OLFM1;RTN4RL1;FEZ2;JTB;STEAP1;EMID1;ITGA9;COL13A1;FBLIM1;FGL1;GATA6;CHRD;PRDM10;LTBP1;ADAMTS10;ZFP36L1;GLRA1;MGAT5B;PDGFC;TRA2A;CSMD3;ARSG;IL12RB2;HNRNPA3;EGR3;PSAPL1;ANKRD24;USP9Y;CRIM1;HTR1B;CORO2B;LRP1B;TTLL7;SH3RF2;EEPD1;COL3A1;SLCO3A1;DLG4;SGSM2;TLL2;LHX5;SPRY1;VIM;FRK"
"NANOG","NANOG 18358816 ChIP-ChIP MESCs Mouse","81/865","0.00537398372847089529635855598144189571030437946319580078125000","0.01418656543704729412758158701990396366454660892486572265625","0","0","1.3831181908853769","7.228432644249092930977","COL18A1;DGKE;SPARC;CITED2;HNF4G;KRT23;MSLN;TRIM8;SALL4;FTH1;SEC61G;DPYSL3;ANKRD1;TIMM17B;MYBL2;ENPP3;ADAMTS7;CCDC38;ARSA;DENND2C;FGFBP1;HSP90AA1;CNTD1;SLC15A1;MSX2;DAPK1;LMO4;CACNA2D1;USP44;ITGA1;TNFRSF19;AMT;GLRX2;DKK1;DUSP6;ZDHHC14;SLC9A2;EID3;CYP2U1;CKS2;KIFC3;MZF1;SHC4;PRPS1;IDUA;SLC20A1;RGS16;IL20RA;NDUFB2;SLC5A11;DAPP1;HMGCR;DLL1;AURKA;ZFP36L1;SOCS3;LDHB;STAMBPL1;PSMB3;PDGFC;HAS3;HSF4;SLC25A21;TRIM44;WASF3;NQO1;SYT3;KCNB1;HTR1B;DHRS3;BMP4;PPP1R1A;PSAT1;ID2;TCEA3;NOSTRIN;RNF182;SPIRE2;SPRY2;LHX5;VIM"
"CTCF","CTCF 21964334 ChIP-Seq BJAB-B Human","142/1638","0.00540831987284033036816888184716844989452511072158813476562500","0.01422746168639180998349846873907154076732695102691650390625","0","0","1.2785373551956780","6.673730758286908759658","CHRM4;IKZF2;KLHL30;RGS4;CCND1;FGF9;PSMD1;SLC25A45;HMGN2;CDK5RAP3;MAP3K5;RAG1;KCNH2;PIAS3;ST6GAL1;S100A2;LMO4;IGFBP3;FIBCD1;VASH2;MYO7A;VWA5B2;ACAP3;OLFM2;BCAM;PPP1R3E;DDIT4;CTXN1;ZFPM1;COL13A1;FICD;INSIG1;ENDOD1;DAPP1;LTBP2;GLIS2;EFNB2;SOCS3;SCUBE1;SFN;FAM43A;S100A14;ZNF268;DECR1;S100A10;ABCA1;RTBDN;ABCA2;FDPS;ACBD4;NEK5;MCAM;KLRC4;ZBTB12;GRIN2C;ELL3;NFATC4;BMP2;PPFIBP2;NAT1;TCN2;ATG16L2;ITGA10;TBCE;ANP32E;COL9A2;RCOR2;NES;BCL2L1;MIPEP;CPM;NRP2;TNFAIP3;KRT23;PITPNC1;RYR3;TRIM8;LYL1;THBD;JPH2;TUBA1B;SEC61G;SCRN2;DNER;SPEG;ANXA9;FGFBP3;LYNX1;AMN;PLEKHG5;NOG;NBPF10;TRPT1;GAB3;KREMEN2;SERPINB5;ELF3;KIFC2;RNF207;TFEC;ZMYND10;PLCB2;SMPDL3A;SMARCD1;PRIM2;RGS16;HSD17B14;ZBTB42;PDXP;CRYZ;POLD4;TMEM201;MGAT5B;ATOH8;TRA2A;MAN1C1;LRIG1;SNCG;PCDH1;P4HTM;TBX1;KCNJ11;KCNB1;WNT7B;AKR1C3;MERTK;SORL1;KAZALD1;DHRS3;CENPF;NUDT7;MYO15B;ZNF219;HNRNPA2B1;RAB13;TLL2;PTPN7;VIM;NOTUM;PIK3AP1;RAMP1;SNTB1"
"CEBPB","CEBPB 20513432 ChIP-Seq MACROPHAGES Mouse","130/1484","0.00545129617152377479033509288797176850493997335433959960937500","0.01429072433854322934920766385857859859243035316467285156250","0","0","1.2917749127401159","6.732604081968515785661","KCNG3;TES;PRDM1;CHCHD2;PTTG1;TRIM29;MPZ;DHX58;PALM;ENPP3;SLC25A45;CCDC92;PPFIA4;IL15RA;LAG3;ARL14;FOXP1;EID3;CACNB4;CYP2U1;RUFY4;FSCN2;NGEF;GNAZ;IDI1;SHC2;NOTCH1;COX16;INSIG2;INSIG1;CHRNA9;ILDR2;LTBP2;PLD1;NPAS2;FBLN5;GLIS2;TMEM25;SDCBP;SYNGR1;SEC14L5;NCKAP1L;SOCS6;AP1M2;ABCA1;ACBD4;IL31RA;GRIN2C;FHDC1;ABHD15;PAN2;NR4A1;EFNA2;LIN28A;ID2;LCN2;SPIRE2;ANP32E;TMEM19;PAM;CPEB4;CNTNAP1;TTC24;DOCK8;BHLHE41;LRRC3;TNFAIP3;SIX1;DUSP18;OPLAH;PRSS23;SHD;GLI2;TRIM8;JPH2;SLC22A17;CASP4;CPXM1;HORMAD2;UTY;RSPO1;FGFBP3;TMED4;ACTR2;TNFRSF19;TBC1D8;AMT;TMC8;TEX14;TMC6;KCNAB3;F3;SERPINB5;ETV6;TUBB2A;MDFIC;B3GNT5;HKDC1;TAX1BP3;PLCB2;ST6GALNAC5;CD44;MGLL;SLC20A1;ATL1;GCNT1;PAPLN;POMP;PDXP;UQCR10;TMEM201;STAMBPL1;STAT4;LEKR1;TAF15;F10;PTGES3;MERTK;DHRS2;DHRS3;FMNL3;EEPD1;ST7;SARDH;PI15;VIM;RAMP1;SNTB1;CDKN3;GRINA"
"CEBPB","CEBPB 22108803 ChIP-Seq LS180 Human","136/1565","0.00593159476914048491152930964176448469515889883041381835937500","0.01549603477751233804315944553309236653149127960205078125000","0","0","1.2808957312806155","6.567744405506041438514","EHF;RAB3A;PRDM1;ANTXR2;PLB1;GRB14;FTH1;PALM;HOXA1;OIP5;LZTS1;SLC15A2;ACSL5;SYTL3;FOXP1;EREG;ACAP3;OXA1L;ZNF91;CACNB3;AZGP1;ADCY9;SNRPG;TNIK;ZNF675;IDI1;SLC45A3;SLC26A1;FBLIM1;DHX9;GPR87;EBI3;ALOX15;IL20RA;TACSTD2;DAPP1;ILDR2;LYPD3;AGAP3;HIGD1A;SLC6A20;FUT3;C3;POU5F1B;RNF215;ARSJ;LCN12;RHPN1;ZNF426;HIVEP3;FAM43A;PRR22;AP1M2;SULT1A2;SLC10A4;TNFRSF9;PARP16;NMI;ANKHD1;SYT7;LRP1B;BMP4;HNRNPM;PYY;PPFIBP1;LIN28A;NOSTRIN;LCN2;ITGBL1;DCHS1;LHX5;PLCH2;SLC26A3;GAL3ST1;DDX46;SLC44A2;KCNC3;BHLHE41;FHL2;HOXC13;KRT20;SERPINA5;JPH2;KIAA1549;HNF4A;ITGAX;CTSH;RSPO1;SLC18A2;DACT1;DENND2D;ACTR2;HSP90AA1;CHST7;CCDC34;HEG1;TBC1D8;TEX14;KRT32;ZDHHC14;VCAN;MDFIC;IRF1;TAX1BP3;CD44;ITGA9;LAMA5;DNAH1;DNAH2;FGL1;PELI2;PTAFR;PPM1H;TTN;GPR153;ABLIM2;STAMBPL1;STAT4;IL21R;PCDH1;MUC4;IL12RB2;CMTM7;CDRT4;CA11;ADAM32;AKR1C2;SH3RF2;EPGN;ZNF615;SGSM2;TCEA3;CHPT1;SNTB1;GRINA;CCL26"
"GATA3","GATA3 27048872 Chip-Seq THYMUS Human","140/1617","0.00598527272148982689842222626452894473914057016372680664062500","0.01558234794732696326668985875585349276661872863769531250000","0","0","1.2761530458906485","6.531929862854024548824","SH3GL3;IL1RN;ARL6IP1;PLEKHB1;COL12A1;RORC;CPOX;LOXL4;IL1RAP;ICAM5;IKZF2;ALDH1L2;DOCK11;PLAU;FTH1;NEK2;CDK5RAP3;MAP3K5;RAG1;RNF43;ST6GAL1;ARL14;PAQR5;IGFBP3;STARD9;KRT8;EBF4;OVOL1;SRCIN1;FOXP1;NUP210L;FANCD2;KCNQ1;DDIT4;SLC9A9;KCNQ4;DPEP1;MAML3;ZFPM1;EPHA2;RTN4R;NOTCH1;COX16;INSIG1;GATA6;CD99L2;PIK3R1;SLC6A20;KRCC1;GABARAP;ZFP36L1;WNT6;LDHB;C5;SYNGR1;EBP;RNF215;CHST12;ZNF704;NPHP1;SFN;HIVEP3;ARSG;FDPS;DLG4;ID2;BCL2;NF2;CCNJL;CPEB4;MAP3K12;ITM2C;COL18A1;SLC44A2;KCNC3;BHLHE41;SIX1;HOXC13;ECSIT;PITPNC1;LFNG;MCF2L;TMEM107;ITGAX;ANKRD1;CTSH;TMED4;EIF5A;DENND2D;FGFBP1;TNFRSF19;BTN3A3;MMEL1;AXIN2;DUSP6;COMMD4;TOX2;PSMA4;ZEB1;B3GNT8;OAS1;HKDC1;MGLL;ARHGEF6;ENG;HBEGF;RBMS3;SMARCD3;ATL1;RGS16;PELI2;LAMA3;AKAP5;CRIP1;DLL1;THBS4;AP3M2;CCL5;TRA2A;HAS3;IL21R;MAP4K5;APOL3;HES4;ZNF221;CA12;PLEKHA6;SORL1;GDAP1;TMEM154;TTLL7;PIK3IP1;RPA3;FKBP1B;SPRY1;PTPN7;VIM;MAMLD1;IL18R1;TMEM229B"
"SPI1","SPI1 23127762 ChIP-Seq K562 Human","104/1157","0.00601338370266706490757657732615371060092002153396606445312500","0.01560173434884410369194451817520530312322080135345458984375","0","0","1.3251343667053943","6.776429291842868352092","SPARC;FRMPD1;FAM107B;DOCK11;RPS6KA1;RTTN;HMCN1;SLC25A45;CDK5RAP3;MAP3K5;TGM2;IK;ST6GAL1;DAPK1;FIBCD1;TMOD2;HSPG2;ANK1;SYTL3;SLC9A2;CACNB2;KCNQ1;FKBP9;TNIK;ZNF675;ZFPM1;ABCG1;NOTCH1;TRANK1;CACNA1D;KIAA0040;EFNB2;SCUBE1;RDH12;HIVEP3;NCKAP1L;ARSG;DECR1;PCK2;VASP;PTPRN2;IQSEC1;GP6;LSM5;PARP10;PPFIBP2;GNAL;NAT1;ATG16L2;ID3;DCHS1;BCL2L1;NRP2;DOCK8;SLC2A1;SIPA1L3;TRIM8;KIAA1549;AIFM1;PBK;TIMP2;TIMP3;DLGAP1;MAN2C1;CD33;ACTR2;ZHX2;TRPT1;GAB3;NAV2;TMC5;ANO4;ZDHHC14;TOX2;OAF;IRF1;KIFC3;CDH15;ALDOA;CHST2;ARHGEF6;ENG;PRIM2;RBM47;CAMK2D;PTAFR;PPM1F;FGD2;POLD4;FGD6;PSMB3;MAN1C1;EPS8L3;RPL17;MERTK;FBXL13;PLEKHA7;DHRS4;KLF7;FRAS1;KRT18;FAM131B;ZNF219;TCEA3"
"PRDM14","PRDM14 20953172 ChIP-Seq ESCs Human","121/1374","0.00613197838150652489025427271940316131804138422012329101562500","0.01583483452104772135071719674215273698791861534118652343750","0","0","1.2977573204154988","6.611084453339233668601","KCNG3;EHF;SERPINE2;IRS1;PLEKHB1;IRS2;IKZF2;FGF2;NR3C2;GRIP1;FAM186B;SOX9;KPNA2;PRKACB;LZTS1;EOMES;SRRM3;MSX2;ACSL6;LMO7;MYO7A;SRCIN1;DKK1;SYTL3;CACNB2;INPP4B;OLFM2;OBSCN;PARD3;SLC9A9;CLIP4;KCTD12;MAML3;TNIK;NGEF;EPHA2;SLC45A1;SLC1A1;CHRD;LIN7A;PIK3R1;LTBP1;NPAS2;FBLN5;ZFP36L1;SCUBE1;ARSJ;HIVEP3;FADD;STXBP6;SOCS6;SLC10A4;TMEM120B;IQSEC1;TMEM132B;GLMN;NR2F2;BMP7;PBX1;SYT7;MSRA;DIAPH1;GNAL;ATG16L2;ITGBL1;RET;DOCK4;TNFAIP3;SIPA1L2;SERPINA5;TRIM8;JPH2;HNF4A;TIMP2;CTSH;MYBL2;RSPO1;SLC18A2;ACTR2;CCDC34;PLA2G4C;TUBG2;PARD3B;ETV6;ARL4C;TOX2;ELF3;NAV3;PALLD;IRF1;EHHADH;C1D;CHST2;TRIM55;CD44;RBMS3;ZNF474;AGPAT5;CAMK2D;PRR5L;THBS4;FGD2;SH3TC2;SPOCK2;ATOH8;ZNF747;MICALL2;LRIG1;MUC4;AHNAK2;PLCL2;DHRS2;TTLL7;FMNL3;SLCO3A1;CTH;TCEA3;SPRY1;SSBP2;FOLR1;SNTB1"
"NANOG","NANOG 16153702 ChIP-ChIP HESCs Human","96/1057","0.00614517419161189799858835414170243893750011920928955078125000","0.01583483452104772135071719674215273698791861534118652343750","0","0","1.3391373846159933","6.819005660294667592325","ARHGAP11A;WDR49;SERPINA1;SPARC;CITED2;ONECUT1;COL12A1;SIX1;FGF2;RYR3;NR3C2;CCT6B;RGS4;TRIM6;ATP7B;SCML1;CA2;CDH1;DPYSL3;ANKRD1;HOXA1;OIP5;ENPP3;MAN2C1;TMC1;EOMES;PSENEN;SLC15A2;CACNA2D1;IGFBP3;USP44;AXIN2;DKK1;DUSP6;ZDHHC14;SLC9A2;KIAA1217;OXA1L;MRPL51;PSMA1;THAP8;IL1RAPL1;CKS2;COL4A6;FAM20C;COL4A5;GEMIN7;EEF1E1;SMPDL3A;PCNA;NFIX;LAMA4;NDUFB3;SLC1A1;GATA6;TWIST1;CD99L2;KLHL13;PTGS2;ACAT2;NPAS2;SAV1;CRYZ;ZFP36L1;SOCS3;GCNT2;HOXC4;CSMD3;RPL17;FDPS;GALNT3;DMRT1;LSM5;BMP7;PBX1;DHRS3;SH3RF2;KLF7;PPFIBP1;BMP2;KRT18;PDE10A;BAMBI;ID2;PAH;PSMC2;FKBP1B;NMU;SPIRE2;LHX5;SPRY1;VIM;ANP32B;LTBR;SSBP2;MAP3K12"
"CDX2","CDX2 19796622 ChIP-Seq MESCs Mouse","29/252","0.00639323543242838795291893561056895123329013586044311523437500","0.01641800255606610040026716035299614304676651954650878906250","0","0","1.7282225668914226","8.731870116406570403456","TES;LAMA2;HSPB8;PELI2;GATA6;KRT20;PLD1;ZDHHC2;FGF2;THBS4;OXCT1;GCNT2;MAN1C1;HOXC4;SPEG;ST8SIA6;MBNL3;TRPM6;MSX2;LMO4;CACNA2D1;KRT8;PBX3;OLFM1;FABP5;NAT1;NAV3;PAM;SMPDL3A"
"SMAD1","SMAD1 18555785 ChIP-Seq MESCs Mouse","45/436","0.00667357850356905223099257540297912782989442348480224609375000","0.01707983650913435375029436613658617716282606124877929687500","0","0","1.5332349758287680","7.680892486988258660574","FKBP10;EHF;DGKE;FBLIM1;SLC20A1;NXPH3;SLC2A1;SIX1;SLC2A3;ICAM5;BACH1;PPM1F;GLI2;MMP20;OSBPL10;ZFP36L1;GCSH;SOCS3;PSMB3;SALL4;PDGFC;HSF4;MYBL2;ENPP3;SLC25A45;PIAS3;ACTR2;ARSA;SLC15A1;HSP90AA1;GSN;LEMD1;IL17RB;TMEM154;CLDN3;MRPL51;TUBB2A;DDIT4;SLC9A9;CSPG5;ID3;KIFC3;GEMIN7;RCOR2;ITGA9"
"JARID1B-DAIN","JARID1B-DAIN 22020125 ChIP-Seq ESCs Mouse","128/1470","0.00703889492946258021888183975534047931432723999023437500000000","0.01787306111651565734832480814020527759566903114318847656250","0","0","1.2821663087050308","6.354806121664461571186","IRS1;LOXL4;STMN3;OGDHL;ZDHHC8;PRDM1;GRPR;FGF2;GALNT10;TXNDC17;FAM107B;GRIP1;EFEMP2;RINL;ACAD11;KRT6A;ST6GAL1;MSX2;DAPK1;CACNA2D1;IGFBP3;VASH1;GRIP2;PPP1R3E;FSCN2;FKBP9;SHC4;NOTCH1;GPR87;CLCNKB;TWIST1;TMTC1;NPAS2;BCL2L12;LDHA;TMEM125;CASKIN1;GAR1;HOXC4;ST8SIA6;AP1M2;ATP6V1C2;PCK2;VASP;EGR3;DNASE2B;HTR1B;NFATC4;PPFIBP1;DLG4;PIR;CSPG5;DCHS1;PRRT4;RET;LAMC3;TTC22;SLC44A2;MAST1;BHLHE41;N4BP2L1;GPT;HOXC13;ECSIT;MSLN;ORM2;SHD;PITPNC1;SGSH;LFNG;MRC2;THBD;GRM7;SIX4;DNER;PMEPA1;ADAMTS7;AMN;CAMK1D;GAA;TESC;TRPC1;MMEL1;MYRIP;RENBP;C1QL1;VAMP8;PLCB4;MMP16;RTN4RL1;RNF207;CLDN18;FAM20C;ALDOA;CHST2;ARHGEF6;ENG;HBEGF;CRB2;SMARCD1;NFIX;TUBAL3;IDUA;RGS16;NDUFB3;SEMA3B;PAPLN;AKAP3;TTN;GLRA1;GPR153;GCNT2;DNAJC5G;IRX3;EYA4;PLCL2;MEIS3;SGPP2;NUDT7;PIK3IP1;ST7;FKBP1B;PCYOX1L;SARM1;EIF3C;RAMP1;CRLF1;SPC25"
"FOXO1","FOXO1 25302145 ChIP-Seq T-LYMPHOCYTE Mouse","138/1599","0.00704832012574395806031590794304975133854895830154418945312500","0.01787306111651565734832480814020527759566903114318847656250","0","0","1.2708875378860589","6.297204502669122128111","FHOD3;KCNG3;TES;IRS2;PRDM1;SLC4A3;BZW1;FAM107B;DOCK11;FGF9;DPYSL3;HMCN1;SLC25A45;PRKACB;MAP3K5;TGM2;ST6GAL1;SLC15A1;ARL14;NHLRC3;SRCIN1;GPRIN3;INPP4B;FRMD5;DEPDC1B;EID3;CYP2U1;DDIT4;JTB;S100A3;MAML3;ABCG1;SKAP2;FICD;SLC45A1;IL20RA;CHRD;CHRNA9;IL20RB;PIK3R1;PRDM10;NPAS2;ZFP36L1;SOCS3;CHST12;HIVEP3;ST8SIA6;FADD;KCNN4;AP1M2;PROM2;S100A10;ABCA1;ANKRD24;PBX3;NR1D1;MSRA;HNRNPM;NR4A1;PPFIBP2;STAG3;ATG16L2;ID2;SYNM;CITED2;DOCK8;BHLHE41;TNFAIP3;N4BP2L1;HMGB1;PITPNC1;LFNG;TRIM8;LYL1;NUF2;CNGA1;CPXM1;GALNT9;PRKG1;SH3D19;DENND2D;EIF5B;CAMK1D;GAB3;NAV2;MYRIP;DUSP6;DUSP7;ARL4C;TOX2;VCAN;ZEB1;PSMA1;IRF1;MMP17;ENG;SAMD5;CAMK2D;SLC20A1;SLC5A11;HSD17B14;ZBTB42;CXCR4;PRR5L;FGD2;AP3M2;POLD4;ABLIM2;CCL5;SPOCK2;STAT4;MAN1C1;IL21R;LRIG1;EPS8L3;TRIM44;LEKR1;IL12RB2;HNRNPA3;GSN;IRX3;PLCL2;MEIS3;KAZALD1;PLEKHA7;TMEM154;FMNL3;KLF7;PER3;SBK1;FABP5;PIK3IP1;PIK3AP1;SSBP2;MAMLD1;RAMP1;IL18R1;SNTB1"
"NR3C1","NR3C1 21868756 ChIP-Seq MCF10A Human","82/887","0.00705453273208167704055870927959404070861637592315673828125000","0.01787306111651565734832480814020527759566903114318847656250","0","0","1.3630834373203595","6.752831112482921227524","SH3GL3;NRP2;EHF;TES;CITED2;RASGRF1;DYSF;SLC2A1;GRIK4;IRS2;IKZF2;OPLAH;PLB1;RYR3;NR3C2;GLI2;JPH2;ADAMTS2;SIX4;ANKRD1;BDKRB2;HMGN2;TNS3;DACT1;ZHX2;CAMK1D;SYK;NHLRC3;GPR35;IGFBP3;TRPC1;ACSL5;LMO7;F3;DKK1;FOXP1;VAMP8;ARL4C;OLFM1;TOX2;EID3;SPATA17;PLCB4;C1D;KCTD12;NPTXR;EPHA2;ZNF474;AGPAT5;PRPS1;GPM6A;SLC1A1;ILDR2;TMTC1;SOCS3;SH3TC2;ABLIM3;PDGFC;ATOH8;REPS2;GCNT3;APOL3;GSN;WNT7B;SAMD4A;ZNF804A;ADAM32;SORL1;GRHL2;ABHD15;BMP4;EEPD1;CENPF;PSAT1;DLG5;ZNF615;SARDH;SPRY2;DEGS2;SLC26A3;CDKN3;CPEB4"
"MYC","MYC 22102868 ChIP-Seq BL Human","56/569","0.00723064998901961231841939437003929924685508012771606445312500","0.01825799579167159542025800078590691555291414260864257812500","0","0","1.4562424922494841","7.178440106279622590080","CALCOCO1;ZNF250;TRAF3IP2;IRS1;SLC2A1;BACH1;PITPNC1;LYL1;TUBA1B;RINL;BCL7A;MYBL2;CHAC1;HLA-DOA;KPNA2;EIF5B;AMN;ZHX2;CAMK1D;SYK;TMC8;KREMEN2;CBFA2T3;ZDHHC14;TEX19;ETV6;DDIT4;JTB;ZFPM1;ENG;GNAZ;RGS16;GLIS2;AP3M2;IL21R;LRIG1;AP1M2;PCK2;ST14;TXNRD2;IQSEC1;PTGES3;RFTN1;ZNF804A;NR1D1;HSPE1;CORO2B;TARBP1;TFAP4;ATG16L2;FASN;PTPN7;ANP32B;PIK3AP1;CD22;GRINA"
"GATA1","GATA1 19941826 ChIP-Seq K562 Human","63/654","0.00728822250839874369310322776982502546161413192749023437500000","0.01832597823154720473315393292068620212376117706298828125000","0","0","1.4232704213047342","7.004619099978961926922","COL18A1;DHRS13;KCNG3;CNTNAP1;ARL6IP1;SLC44A2;SLC2A1;CPOX;TNFAIP3;ZFYVE28;LYL1;TUBA1B;RINL;HEPHL1;FTH1;TMEM107;HMGN2;PPFIA4;TGM2;KCNH2;ST6GAL1;HMGCS1;PLLP;TESC;ACSL6;TMC5;HSPG2;ANK1;CBFA2T3;ELF3;DDIT4;KCNQ4;TNIK;ZFPM1;CHST2;EPHA2;SLC45A3;DHX9;SLC45A1;SLC20A1;INSIG1;GATA6;DAPP1;PIK3R1;CRIP1;LTBP1;CACNA1I;ST8SIA6;TMEM120B;FDPS;IQSEC1;SAMD4A;MBOAT1;NR2F2;GP6;PLEKHA7;TTLL7;SLC25A37;PYY;RNF182;CHPT1;SPRY1;CPEB4"
"ESET","ESET 19884257 ChIP-Seq ESCs Mouse","120/1369","0.00730611847376915098106753276852032286114990711212158203125000","0.01832597823154720473315393292068620212376117706298828125000","0","0","1.2904514161290304","6.347786179283423813047","TES;MAML2;CTNND1;SLC4A3;ANTXR2;ENO3;BZW1;GALNT10;CCT6B;RASSF6;HOXA1;RTTN;TNS3;TMPO;PIAS3;KCTD19;ARL14;SERPINF1;MITF;VASH1;GPRIN3;CYP27A1;OLFM2;CACNB3;KCTD12;SKAP2;IDI1;SLC45A1;NXPH3;NPR3;ALOX15;GATA6;TACSTD2;CHRD;TRANK1;ADAMTS10;ABO;SAV1;WNT6;LDHB;SDCBP;SCUBE1;TMEM125;CHST12;GAR1;NTNG2;CDK18;AFAP1L2;IQSEC1;IL31RA;LIF;BMP7;MSRA;BAMBI;FASN;SP5;DEGS2;PAM;DHRS13;CALCOCO1;RASGRF1;LRRC3;TNFAIP3;N4BP2L1;HOXC11;PRSS23;GLI2;MRC2;LYL1;CTSH;CCIN;FGFBP3;DLGAP5;TTC23L;TMC1;ACTR2;NAV2;MYRIP;TMEM150C;ZDHHC14;VAMP8;ARL4C;EPN3;MMP14;TOX2;ZEB1;IRF1;PLSCR4;SMPDL3A;TRIM55;ITGA9;ENG;CRB2;AGPAT5;SLC20A1;PELI2;PTAFR;NDUFB3;PPM1F;THSD4;TMEM201;SPOCK2;TRA2A;IL21R;SUSD4;FSD1;MBNL3;TRIM44;WASF3;NQO1;CD72;KCNB1;SORL1;DHRS2;TARBP1;KLF7;DES;KRT16;FAM131B;RAB13"
"UBF1/2","UBF1/2 26484160 Chip-Seq HMECs Human","139/1614","0.00735545085875090841331935820335274911485612392425537109375000","0.01838862714687727190066013349678541999310255050659179687500","0","0","1.2679064065664640","6.228353918966856639372","SERPINE2;CSF1;IRS1;PLEKHB1;IRS2;ARHGAP39;FGF2;LIPE;DOCK11;PLAU;PSMD2;FTH1;RPS6KA1;HOXA1;SOX9;SLC25A45;HMGN2;TNS4;PRKACB;KRT6A;ARSA;IL15RA;S100A2;STARD9;FOXP1;SULT2B1;ACAP3;OXA1L;CACNB3;SCNN1D;DDIT4;JTB;S100A4;FSCN2;KCTD12;SKAP2;EPHA2;NOTCH1;FBLIM1;TACSTD2;ENDOD1;TMTC1;PRDM10;KIAA0040;GLIS1;NPAS2;ZFP36L1;C3;TMEM25;EFNB2;SOCS3;CACNA1I;LDHB;LDHA;PRDX1;RHPN1;HOXC4;MAP6;SFN;FAM43A;CHST14;KCNN4;GTF2IRD2B;S100A10;ABCA1;ARHGEF35;EGR3;FOXF1;CYBRD1;NR2F2;FHDC1;PYY;TCN2;DLG5;ANP32E;TMEM19;ITGB4;BHLHE41;TNFAIP2;TNFAIP3;SIX1;RND3;TRIM8;SIX4;HNF4A;RASGEF1C;NUF2;PDE4B;FGFBP3;ZNF365;MMP7;ITGA3;HEG1;NBPF10;NDUFC2;MMEL1;GLRX2;F3;DUSP6;ARL4C;MMP14;VCAN;PSMA1;PALLD;IRF1;B3GNT5;HKDC1;RNF207;KIFC3;NAT8L;FJX1;CRB2;CAMK2D;SLC20A1;PAPLN;PPM1H;PDXP;PRICKLE1;LIN9;APOLD1;CRYZ;AP3M2;TMEM201;STAMBPL1;GCNT2;RPL17;CMTM7;CDRT4;WNT7B;RFTN1;MBOAT1;KAZALD1;PLEKHA7;DHRS3;TMEM154;AXL;SPRY2;VIM;LTBR"
"JUN","JUN 26020271 ChIP-Seq HCASMC Human CoronaryArtery","50/498","0.00745580026461223430850333571129340270999819040298461914062500","0.01857798415769714925338540467691927915439009666442871093750","0","0","1.4876305500157447","7.287549481957506181118","CXCL8;HSPB8;MAST1;BMERB1;SLC25A45;S100A2;HMGCS1;DAPK1;HEG1;PLA2G4C;AXIN2;F3;KIAA1217;SULT2B1;INPP4B;FRMD5;CLIP4;TNIK;RIN1;NGEF;ABCG1;SHC4;SLC5A11;CHRNA9;GLIS1;CAMKK1;AP3M2;POLD4;OXCT1;MGAT5B;CHN1;MICALL2;IL21R;HIVEP3;KCNN4;LEKR1;PROM2;HES4;GSN;IL31RA;AKR1C3;NR1D1;PLEKHA7;PPFIBP2;LBX2;GNAL;RAB13;ITGBL1;MELTF;VIM"
"GATA3","GATA3 21867929 ChIP-Seq CD8 Mouse","122/1397","0.00769467877346971963065103139456368808168917894363403320312500","0.01911013971700539076925551285057736095041036605834960937500","0","0","1.2852693226243177","6.255696594908917163025","KCNG3;RAB3A;HFE;OGDHL;PLB1;FAM107B;GRIP1;CHCHD2;FGF9;MACROD1;PTGDS;EOMES;FIBCD1;ADAM11;VASH2;NPY1R;HNF1B;VWA5B2;FOXP2;DISP2;CACNB3;ADCY9;CYP2U1;TMEM139;JTB;NGEF;ABCG1;GNAZ;GPM6A;NOTCH1;SLC45A1;INSIG2;TACSTD2;CD99L2;MRO;C2CD4C;HIGD1A;FBLN5;ST3GAL6;ATP6V1C2;ABCA1;SLC10A4;GGT7;AFAP1L2;EGR3;PTPRN2;AMBP;MEIG1;LIF;SNF8;ABHD15;MSRA;PPP1R1A;STAG3;CDK3;LRFN1;NOSTRIN;LCN2;DCHS1;COL9A2;ANP32B;NES;ITM2C;MIPEP;ONECUT3;CETN2;RASGRF1;LRRC3;DUSP18;GLI2;SERPINA5;MRC2;LYL1;TUBA1B;CNGA1;PDE4B;CCIN;RSPO1;TK1;MAN2C1;FGFBP3;SLC18A2;GALNT9;ADAMTS7;ABCC3;TRPC1;AMT;GAB3;TMC6;TMC5;ANO4;DUSP7;PARD3B;MMP14;VGF;BANK1;PPARG;CDH15;RBMS3;CLDND1;PPM1H;ZDHHC23;DLL1;CAMKK1;TYMP;POLD4;CCL5;FSD1;PCDH1;KCNB1;WNT7B;PTGES3;MBOAT1;MEIS3;PSMB9;GRIN1;PSMC6;PDE10A;FAM131B;TCEA3;PIK3AP1;NUP37"
"TBL1","TBL1 22424771 ChIP-Seq 293T Human","136/1579","0.00795428253906389597094328536286411690525710582733154296875000","0.01969010923604341475878776179797569056972861289978027343750","0","0","1.2674335874335874","6.126830756867779115282","MAML2;CSF1;FAM107B;RGS4;HTR6;HTR7;CCND1;FGF9;TRIM29;RPS6KA1;NEK2;CCNL2;HMCN1;HMGN2;PRKACB;SAMD11;SLC15A1;LMO4;AKR1E2;LMO7;HSPG2;DKK1;KIAA1217;ACAP3;CACNB2;SPATA17;OBSCN;NUP210L;SCNN1D;KCNQ1;PARD3;KCNQ4;EPHA2;COL13A1;FICD;FBLIM1;DHX9;SLC45A1;CLCNKB;TACSTD2;TMTC1;KIAA0040;GLIS1;TMEM125;HIVEP3;ST8SIA6;TSPAN2;S100A10;TNFSF18;AFAP1L2;RABGAP1L;COL24A1;TNFRSF9;GLMN;PBX1;PPFIBP2;ATG16L2;BAMBI;DLG5;TBCE;CNTN1;ANP32E;ID3;COL9A2;MKX;PLCH2;FANK1;RET;OSCP1;CPM;HSPB8;KCNC4;LRRC39;CITED4;SLC2A1;GRIK4;SIPA1L2;MYPN;NUF2;ANKRD1;PDE4B;RSPO1;PRKG1;ZNF365;DENND2C;CAMK1D;CCDC34;PLEKHG5;NBPF10;MMEL1;NAV2;F3;ZEB1;ELF3;RNF207;ST6GALNAC5;CD44;GRAMD1B;PRKAA2;PTAFR;PPM1H;PRR5L;PRICKLE1;LIN9;PTGS2;CRYZ;TMEM201;GPR153;TNKS2;GNG4;SPOCK2;MAN1C1;SUSD4;EPS8L3;TRIM44;WASF3;IL12RB2;HES4;BMP8A;SAMD4A;PLEKHA6;SYT13;SORL1;PLEKHA7;DHRS3;MPP7;TARBP1;TTLL7;CENPF;PER3;SBK1;CTH;TCEA3;TLL2;VIM;SLC25A34"
"KLF4","KLF4 19829295 ChIP-Seq ESCs Human","137/1593","0.00812860151956791392169332510775348055176436901092529296875000","0.02000640497374450363365916416569234570488333702087402343750","0","0","1.2653864483240465","6.089503207989618971396","SH3GL3;LOXL4;ICAM5;FGFRL1;ZFYVE28;DOCK11;SYDE1;HTR7;GOLGA6L9;PTTG1;PLAU;HOXA1;KPNA2;SAMD11;TGM2;KCNH2;IL15RA;CCDC154;NHLRC3;KRT8;HNF1B;OVOL1;CYP27A1;OLFM1;ADCY9;FEZ2;SCG2;ABCG1;SHC2;NOTCH1;FICD;SLC45A1;GATA6;TMTC1;PIK3R1;C2CD4C;PLD1;CPLX1;SAV1;ARL17B;LDHB;SEC14L5;HMOX1;ST8SIA6;FADD;PRR22;TNFSF18;IQSEC1;TNFRSF9;TMEM132B;SIAH1;PBX1;ANKHD1;SYT7;DIAPH1;NR4A1;PPFIBP2;EFNA2;CSPG5;DEGS2;SLC26A3;ARHGAP11A;DENND1C;RET;CNTNAP1;SYNM;ONECUT3;CITED2;MAST1;DYSF;FHL2;TNFAIP2;SIPA1L2;USE1;MRC2;LYL1;BCL7A;MCF2L;PBK;TIMP2;PMEPA1;MAN2C1;FGFBP3;SLC18A2;PRKG1;ACTR2;HSP90AA1;CAMK1D;GPR35;ZNF480;TESC;HEG1;TMC6;MMEL1;TMC5;SSTR5;RNF144B;MRPL51;RTN4RL1;CHDH;B3GNT5;MGLL;PRPS1;TUBAL3;U2AF1;PRR5L;HMGCR;LIN9;AP3M2;ABLIM3;CCL5;ATOH8;MICALL2;MAN1C1;GCNT3;WASF3;IL12RB2;RIBC2;CGREF1;RFTN1;EYA4;HAGHL;BMP8A;ADAM32;WNT7A;PLEKHA7;MPP7;GRIN1;CENPE;NUDT7;PDE10A;AADAC;KRT16;NOVA2;TCEA3;SARDH;SSBP2"
"CREB1","CREB1 26743006 Chip-Seq LNCaP Human","141/1645","0.00815626752612972315270578604895490570925176143646240234375000","0.02000640497374450363365916416569234570488333702087402343750","0","0","1.2611958661417322","6.065051351092679787769","CHRM4;RORC;ICAM5;SPATA20;NRTN;HMGN2;PRKACB;SAMD11;KCNH2;ARSA;S100A2;HSPG2;SLC9A2;ACAP3;CACNB2;OLFM2;CACNB3;ADCY9;THAP8;SCNN1D;PPP1R3E;DDIT4;KCNQ4;S100A4;MAML3;CTXN1;ZFPM1;SPTBN4;SHC2;DHX9;INSIG1;PDGFB;PIK3R1;PRDM10;GLIS1;SAV1;BCL2L12;EFNB2;LDHA;TMEM125;PRDX1;LCN12;RTBDN;VASP;ACBD7;FDPS;SYT3;EGR3;NR1D1;LSM5;PBX1;GPR137C;NFATC4;LIN28A;DLG4;ID2;SPIRE2;HLA-DRA;ID3;AMOTL2;COL9A2;MKX;PLCH2;ANP32B;PAM;CCNJL;BCL2L1;TMEM151A;DDX3Y;FANK1;OSCP1;ITGB4;CITED2;KCNC3;TNFAIP2;SECTM1;GPT;GRIK2;HMGB1;TRIM8;TUBA1B;SIX4;MCF2L;DNER;TMEM107;PDE4B;TK1;FGFBP3;GALNT9;ZNF365;SYNGR3;ZDHHC14;DUSP7;ELF3;COL6A1;DNAH2;IDUA;SLC5A11;SNX33;CRIP1;CAMKK1;TYMP;TMEM201;GPR153;STAMBPL1;PSMB3;GNG4;OXCT1;NRIP1;MICALL2;MAN1C1;LRIG1;HNRNPA1;HES4;CA11;CD72;KCNJ11;KCNB1;TXNRD2;AHNAK2;HAGHL;BMP8A;AKR1C3;PLEKHA6;KAZALD1;MAPK15;FMNL3;MAPK11;PER3;TFAP4;MYO15B;PIK3IP1;CTH;ZNF219;SARM1;SPRY2;SPRY1;VIM;NOTUM;RAMP1;CCL26"
"STAT1","STAT1 19122651 ChIP-Seq HeLaS3 Human CervicalCancer","276/3434","0.00816155328730239389145584283369316835887730121612548828125000","0.02000640497374450363365916416569234570488333702087402343750","0","0","1.1882153707945418","5.713320651716192521974","PATJ;ARL6IP1;TRAF3IP2;LRR1;COL12A1;ICAM5;IKZF2;H2AC15;HERC5;GCSH;GPR176;TRIM29;RTTN;CHAC1;SPA17;TNS3;TNS2;ST6GAL1;ARL14;NHLRC3;CACNA2D1;KRT8;DKK1;DEPDC1B;IFI27;SLPI;PARD3;DDIT4;CSNK2B;JTB;RIN1;CLOCK;CTXN1;CFB;SKAP2;CFAP61;PDGFB;TMTC1;TXN;GABARAP;KIAA0040;C3;LDHA;BLOC1S1;PRDX1;HOXC4;ARSG;ZNF268;TNFSF18;H4C9;ABCA3;MEIG1;SIAH1;NR1D1;NMI;NFATC4;PPFIBP1;PPFIBP2;ID2;ANP32E;CREBRF;ID3;DHRS13;SYNM;CITED2;CITED4;SECTM1;SIPA1L3;MYPN;VSIR;OSBPL10;GLI2;LFNG;JPH2;AIFM1;SEC61G;NUF2;PBK;ANKRD1;BMERB1;FGFBP3;CCR3;GPR37;GAA;ANO8;TMC6;TMC5;DUSP6;SERPINB5;TEX19;RNF144B;MRPL51;PSMA4;ZEB1;PSMA1;OAF;B3GNT5;PLSCR4;PPARG;KIFC3;HNRNPH3;ALDOA;ENG;HBEGF;PTGER4;PRIM2;SAMD9;SLC20A1;GCNT1;PTGS2;TYMP;STAMBPL1;PSMB3;CHN1;HAS3;GCNT2;GCNT3;MBNL3;RPL17;APBB3;IL12RB2;ZNF585A;MPZL2;ZNF221;CA11;NQO1;GSN;PTGES3;RFTN1;AKR1C3;KAZALD1;DHRS3;ATP5F1E;PSMB9;CENPE;SH3RF2;EPGN;PSMC6;RPA3;PSMC2;ZNF219;CSF1;CTNND1;CPOX;OGDHL;IL1RAP;PRDM1;SSC4D;BZW1;SYDE1;CHCHD2;HMGN5;PTTG1;SALL4;PAPOLA;NEK2;SLC25A45;MAP3K5;TGM2;PIAS3;MSX2;LMO4;MITF;LMO7;FOXP2;MOB3B;ACAP3;OLFM1;SGO2;FRMD5;TMEM139;HAT1;S100A3;ABCG1;IDI1;CUL7;NOTCH1;COX16;GPR87;ARHGEF28;INSIG1;PLD1;FBLN5;PSORS1C1;SAV1;SOCS3;ANTKMT;THEM6;ATP5MG;FAM83B;CPA4;MAP2K6;FDPS;ACBD4;SYT1;LRP1B;DIAPH1;GNAL;ATG16L2;FMC1;BAMBI;NOXA1;CHMP2B;TBCE;BCL2;PIR;AMOTL2;NF2;TMEM19;ARHGAP11A;CNTNAP1;DDX46;MAST4;FHL1;DUSP19;SLC2A3;HMGB1;USE1;DBP;CASP4;TMEM107;CNGA1;PDE4B;PMEPA1;MAN2C1;EIF5A;CCDC38;HSP90AA1;PDE4D;TNFRSF19;GLRX2;ELF3;VGF;OAS1;PALLD;CHDH;IRF1;C1D;METTL26;CCDC40;PRPS1;LAMA5;SMARCD1;RBM47;SMARCD3;CEBPD;MTFP1;FGL1;LAMA3;SEMA3B;PPM1H;U2AF1;HMGCR;LIN9;DEPP1;AP3M2;ABLIM2;TNKS2;OXCT1;ZNF747;PDLIM5;TRIM44;TRIM40;TAF15;IRX3;EYA4;MBOAT1;PIK3IP1;PSAT1;CTH;ST7;RAB13;VIM;LTBR;SSBP2;SHFL"
"POU5F1","POU5F1 26923725 Chip-Seq MESODERM Mouse","42/406","0.00823591410353173222769207484361686510965228080749511718750000","0.02003252007740801560187193786077841650694608688354492187500","0","0","1.5360734955329549","7.372002135491241503473","CRB2;PXT1;EHF;NRP2;LAMC3;PRICKLE1;THSD4;TTN;MICALL2;MACROD1;MAN1C1;PMEPA1;FAM43A;HIVEP3;SOX9;PCDH1;GALNT9;TMPO;ST6GAL1;PTPRN2;COL24A1;TESC;IGFBP3;DENND2A;PBX3;NAV2;PBX1;GRIN1;TTLL7;INPP4B;RNF144B;NR4A1;GJB2;SLCO3A1;SLC9A9;NOXA1;SP5;KCNQ4;LHX5;PIK3AP1;ZFPM1;MGLL"
"TEAD4","TEAD4 26923725 Chip-Seq HEMANGIOBLAST Mouse","42/406","0.00823591410353173222769207484361686510965228080749511718750000","0.02003252007740801560187193786077841650694608688354492187500","0","0","1.5360734955329549","7.372002135491241503473","CRB2;PXT1;EHF;NRP2;LAMC3;PRICKLE1;THSD4;TTN;MICALL2;MACROD1;MAN1C1;PMEPA1;FAM43A;HIVEP3;SOX9;PCDH1;GALNT9;TMPO;ST6GAL1;PTPRN2;COL24A1;TESC;IGFBP3;DENND2A;PBX3;NAV2;PBX1;GRIN1;TTLL7;INPP4B;RNF144B;NR4A1;GJB2;SLCO3A1;SLC9A9;NOXA1;SP5;KCNQ4;LHX5;PIK3AP1;ZFPM1;MGLL"
"SOX9","SOX9 26525672 Chip-Seq Limbbuds Mouse","90/993","0.00825180628354157952308867152169113978743553161621093750000000","0.02003252007740801560187193786077841650694608688354492187500","0","0","1.3343862622949996","6.401482119346843191465","CPM;NRP2;SPARC;SERPINE2;IRS1;CITED2;FHL2;TNFAIP3;KRT23;GRIK2;DUSP18;ABCA12;SLC4A3;BZW1;PITPNC1;GALNT10;GLI2;GRIP1;MPZ;NUF2;DNER;TIMP2;TIMP3;HORMAD2;ENPP3;HMCN1;SOX9;TNS4;TNS3;CDK5RAP3;MAP3K5;TMPO;DACT1;ABCC3;USP44;NOG;ADAM11;TEX14;KRT32;AXIN2;ANO4;KCNAB3;DUSP6;PARD3B;SLC9A2;ARL4C;SPATA17;RTN4RL1;DDIT4;C1D;SAMD5;PRIM2;COL13A1;LAMA2;INSIG2;LAMA4;NDUFB3;PPM1H;CXCR4;NPAS2;FBLN5;ZFP36L1;PSMB6;PSMB3;SPOCK2;STAT4;SUSD4;SLC25A21;MAP2K6;NGFR;KCNF1;CDRT4;RABGAP1L;CENPW;TAF15;MACC1;EYA4;PBX1;PAN2;KLF7;CENPF;COL3A1;ID2;PAH;BCL2;NF2;SLC26A4;PAM;CPEB4;TMEM229B"
"SUZ12","SUZ12 27294783 Chip-Seq NPCs Mouse","63/658","0.00828172810602220005327112062332162167876958847045898437500000","0.02004072025656012875916012205834704218432307243347167968750","0","0","1.4133880258334788","6.775363301421544193204","NRP2;SERPINE2;IRS1;FHL2;DBI;ABCA12;SLC4A3;IKZF2;BZW1;GLI2;RGS4;NUF2;DNER;PSMD1;SPEG;HMCN1;PPFIA4;GPR39;EIF5B;GPR35;TBC1D8;GLRX2;SERPINB5;PARD3B;SLC9A2;ARL4C;CYP27A1;SPATA17;ELF3;RUFY4;LACTB2;SCG2;NGEF;PRIM2;SLC45A3;INSIG2;DHX9;RGS16;NDUFB3;ILDR2;CXCR4;PTGS2;NPAS2;WNT6;STAT4;SUSD4;TNFSF18;CDK18;RABGAP1L;PLEKHA6;HSPE1;GDAP1;SGPP2;PBX1;KLF7;COL3A1;DES;BCL2;PI15;PAM;RAMP1;IL18R1;ITM2C"
"SA1","SA1 27219007 Chip-Seq ERYTHROID Human","141/1646","0.00832144004320129263008176678795280167832970619201660156250000","0.02007248317130024342636041012610803591087460517883300781250","0","0","1.2602840923954273","6.035399641575277307481","SH3GL3;CSF1;OGDHL;IRS2;ENO2;CCND1;SALL4;RPS6KA1;SLC25A45;HMGN2;TNS4;RAG1;IL15RA;S100A2;APLP1;HNF1B;HSPG2;ACAP3;OLFM2;CACNB3;IFI27;SCNN1D;PNLDC1;DDIT4;SNRPG;JTB;KCNQ4;S100A4;S100A3;RIN1;EPHA2;TACSTD2;LYPD3;LIN7A;TMTC1;PIK3R1;C2CD4C;CPLX1;ADAMTS10;KIAA0040;EFNB2;LDHA;ZNF704;PRDX1;HOXC4;SFN;S100A14;PRR22;RTBDN;ACBD7;FDPS;CDK18;AFAP1L2;COL24A1;FOXF1;IQSEC1;MEIG1;TMEM132A;LIF;NFATC4;NR4A1;LIN28A;DLG4;FASN;TBCE;ANP32E;SP5;ITGBL1;COL9A2;DEGS2;NES;BCL2L1;MIPEP;RET;SERPINA1;TGFB1I1;KCNC4;RASGRF1;BHLHE41;SLC2A1;SLC2A3;ECSIT;TRIM8;LYL1;TUBA1B;HNF4A;MCF2L;TIMP2;BDKRB2;RSPO1;FGFBP3;PRKG1;ZHX2;PLEKHG5;TBC1D8;AMT;TMC8;NDUFC2;MMEL1;KREMEN2;KCNAB3;DUSP7;EPN3;VCAN;RNF207;MMP17;TRNP1;NAT8L;ALDOA;CHST2;RGS16;PDXP;SNX33;CRIP1;APOLD1;POLD4;TMEM201;GPR153;GNG4;SPOCK2;ATOH8;MAN1C1;SNCG;EPS8L3;IL12RB2;HES4;F10;KCNJ11;AHNAK2;BMP8A;DHRS3;PER3;MYO15B;MYO15A;PSMC1;NOVA2;TCEA3;SPRY2;VIM;PIK3AP1;SLC25A34"
"LUZP1","LUZP1 20508642 ChIP-Seq ESCs Mouse","128/1480","0.00870688681063311493979472999171775882132351398468017578125000","0.02083767504772704101667635256944777211174368858337402343750","0","0","1.2719449146093429","6.033650020012991888052","SPARC;TRAF3IP2;PRDM1;ALDH1L2;GALNT10;CCT6B;GRIP1;SYDE1;PTTG1;DHX58;PALM;PAPOLA;ENPP3;KPNA2;TNS4;TNS3;CDK5RAP3;MAP3K5;TMPO;RNF43;IGFBP3;ADAM11;ACSL6;HNF1B;SRCIN1;EID3;OBSCN;DDIT4;SNRPF;EMID1;GNAZ;SHC2;COL13A1;NXPH3;NPR3;ALOX15;IL20RA;LIN7A;LTBP2;C2CD4C;FBLN5;SAV1;ARSG;ATP6V1C2;MAP2K6;NGFR;SYT1;ANKRD24;LIF;GRIN2C;ABHD15;PAN2;EFNA2;DLG4;FASN;ID2;PAH;NF2;TMEM19;SLC26A3;CCNJL;CPEB4;DHRS13;CPM;COL18A1;GAL3ST1;ONECUT3;CITED2;LRRC3;TNFAIP3;SIX1;GRIK2;DUSP18;MYPN;PCSK4;PITPNC1;MRC2;ADAMTS2;RASGEF1C;SEC61G;TMEM107;TIMP3;HORMAD2;DACT1;CCDC38;ABCC3;ACTR2;USP44;NOG;TEX14;TMC6;AXIN2;ANO4;DUSP6;C1QL1;VSNL1;NAV3;RTN4RL1;IRF1;COL6A2;HKDC1;C1D;COL6A1;HNRNPH3;SMPDL3A;SAMD5;LAMA2;LAMA4;PAPLN;PPM1H;UQCR10;GLRA1;SRR;FGD6;DDT;SPOCK2;MGAT5B;MAP4K5;CDRT4;EYA4;MBOAT1;PIK3IP1;SGSM2;CHPT1;SYCP3;FRK;NUP37;TMEM229B"
"DNAJC2","DNAJC2 21179169 ChIP-ChIP NT2 Human","71/758","0.00871922340014602385849240562265549669973552227020263671875000","0.02083767504772704101667635256944777211174368858337402343750","0","0","1.3806969519216146","6.547575747307541327302","GPSM1;CNTNAP2;DHRS13;FKBP10;RASGRF1;ENO2;MSLN;MRC2;FGF9;CCND1;PTTG1;HNF4A;MACROD1;TIMP3;HOXA1;DLGAP1;NRTN;UTY;MAP3K5;MITF;AXIN2;CBFA2T3;EPN1;SSTR5;OLFM2;VGF;OAF;JTB;KIFC3;FSCN2;FJX1;RBMS3;PCNA;INSIG2;ZNF391;TMEM59L;LAMA3;LYPD3;PPL;ADAMTS10;BCL2L12;SOCS3;CCL5;APOL1;SOCS6;PCDH1;KCNN4;KCNF1;CDRT4;NQO1;SLC12A5;PTPRN2;TAF15;KCNJ11;FOXF1;IQSEC1;IRX3;KCNIP3;SAMD4A;NR1D1;FHDC1;GRHL2;MAPK15;DHRS3;PLEKHA7;NFATC4;KRT18;DES;CNTN1;RAMP1;CRLF1"
"CEBPA","CEBPA 20513432 ChIP-Seq MACROPHAGES Mouse","129/1493","0.00872383117188499368488407981203636154532432556152343750000000","0.02083767504772704101667635256944777211174368858337402343750","0","0","1.2707102858894417","6.025322874695515196208","KCNG3;TES;CPOX;PRDM1;ENO3;GCSH;EFEMP2;PTTG1;MPZ;FTH1;PALM;PSMD1;ENPP3;KPNA2;SLC25A45;CCDC92;PPFIA4;LAG3;ST6GAL1;ARL14;VWA5B2;ANK1;FOXP1;CACNB4;RUFY4;COL4A5;FSCN2;ZFPM1;NGEF;FAIM;NOTCH1;COX16;INSIG2;INSIG1;IL20RA;CHRNA9;ILDR2;C2CD4C;HIGD1A;PLD1;NPAS2;FBLN5;GLIS2;SDCBP;CCNB1;NCKAP1L;S100A14;SOCS6;AP1M2;ABCA1;IL31RA;GRIN2C;PAN2;NR4A1;PYY;EFNA2;TCN2;ID2;LCN2;ANP32E;PAM;CPEB4;DOCK8;BHLHE41;GPT;ORM2;SHD;PCSK4;GLI2;LFNG;TRIM8;TUBA1B;DLGAP1;CCIN;CPXM1;HORMAD2;UTY;ADAMTS7;EIF5A;ACTR2;PDE4D;TBC1D8;AMT;TMC8;TEX14;BTN3A3;TMC6;MYRIP;KCNAB3;CBFA2T3;SERPINB5;VAMP8;EPN3;RTN4RL1;PALLD;B3GNT5;HKDC1;TAX1BP3;PLCB2;ST6GALNAC5;RBM47;PRKAA2;ATL1;LAMA3;GCNT1;POMP;NDUFB2;UQCR10;DLL1;PSMB6;TMEM201;STAMBPL1;STAT4;APBB3;MPZL2;TAF15;MERTK;SORL1;DHRS2;DHRS3;MPP7;FMNL3;EEPD1;PI15;PIK3AP1;RAMP1;SNTB1;CDKN3;GRINA"
"SOX2","SOX2 30713093 ChIP-Seq Epithelial Human Tongue SCC","86/945","0.00874906356308539218114006530413462314754724502563476562500000","0.02083767504772704101667635256944777211174368858337402343750","0","0","1.3396709644826148","6.348444295298613759826","EHF;MAML2;TRAF3IP2;ITGB4;DUSP19;PRDM1;HMGB1;MSANTD4;RND3;USE1;CCT6B;TRIM29;DNER;RTTN;H4C1;SLC25A45;SPA17;KRT6A;TMC1;S100A2;PLEKHG5;PDE4D;KRT8;NAV2;DKK1;DUSP6;FOXP2;FOXP1;KIAA1217;CACNB4;PSMA1;IFI27;VSNL1;ELF3;PARD3;C1D;COL4A6;ZNF675;PTGER4;PRIM2;NFIX;SAMD9;COX16;TMPRSS4;LAMA3;CHRNA9;DAPP1;HMGCR;LTBP1;GABARAP;KIAA0040;ZFP36L1;GLRA1;GCNT2;ZNF426;CSMD3;PTCHD4;HNRNPA1;MPZL3;FAM83B;MPZL2;RABGAP1L;CENPW;GSN;H4C9;TXNRD2;LSM5;GRHL2;DHRS3;TMEM154;PAN2;SLC25A37;SH3RF2;KLF7;PPFIBP1;PPFIBP2;GNAL;FRAS1;ATG16L2;PRXL2A;CTH;LCN2;LNX1;ANP32E;NF2;NECTIN4"
"GATA1","GATA1 30185409 ChIP-Seq K562 Mouse BoneMarrow Leukemia","75/810","0.00934293825300467652150704367386424564756453037261962890625000","0.02218213327364317727363740573309769388288259506225585937500","0","0","1.3636502505193695","6.372521015405160582645","COL18A1;CNTNAP1;COLGALT2;IRS1;TNFAIP2;SLC2A1;LOXL4;SIPA1L3;GALNT10;MRC2;LYL1;CHCHD2;RINL;HEPHL1;NRTN;ANXA9;TMPO;TGM2;KCNH2;ST6GAL1;CAMK1D;TESC;PLEKHG5;AKR1E2;ACSL6;HSPG2;F3;ANK1;CBFA2T3;MSS51;TEX19;SLC9A2;CPED1;C1D;KCNQ4;CDH15;CHST2;CRB2;ZNF595;INSIG1;SMIM1;GATA6;ENDOD1;DAPP1;ZFP36L1;ASIC4;PCED1B;RHPN1;IL21R;HIVEP3;ST8SIA6;SOCS6;IL12RB2;TBX1;TMEM120B;IQSEC1;MACC1;PLCL2;LIF;NR2F2;L1CAM;GP6;DHRS3;TARBP1;TTLL7;LIN28A;NAT1;ST7;FKBP1B;SPRY1;DEGS2;ANP32B;CCNJL;SPC25;CPEB4"
"TRP63","TRP63 18441228 ChIP-ChIP KERATINOCYTES Mouse","14/99","0.00954766467346281240413663482513584312982857227325439453125000","0.02259713739330539844507583779886772390455007553100585937500","0","0","2.1816160680449701","10.147697020577364668270","EHF;IL1RN;HSPB8;LIF;EFNB2;PTTG1;ELF3;VSNL1;HMOX1;TIMP3;TK1;VIM;TMEM19;PRKG1"
"MYC","MYC 19915707 ChIP-ChIP AK7 Human","147/1732","0.00972663646035598454531179157811493496410548686981201171875000","0.02294878289865239992528778145697287982329726219177246093750","0","0","1.2476480453619774","5.780212572221455680221","SLC27A1;RAB3A;HFE;RORC;NUDT1;LOXL4;SPATA20;ZDHHC8;ENO2;ALDH1L2;BZW1;FGFRL1;CLGN;GPR176;CHCHD2;SALL4;RPS6KA1;CCNL2;PTGDS;PRKACB;TNS3;CDK5RAP3;RAG1;RNF43;IK;ARL14;STARD9;MITF;MYO7A;SULT2B1;CYP27A1;OBSCN;PNLDC1;PARD3;MALL;S100A3;FKBP9;ATF5;STEAP1;EPHA2;SHC2;COL13A1;DHX9;INSIG1;GATA6;PDGFB;ENDOD1;LTBP2;PIK3R1;PRDM10;LTBP1;GABARAP;WNT6;SDCBP;SCUBE1;BLOC1S2;SFN;CPA4;COL24A1;AMBP;TMEM132A;IL31RA;ZBTB12;SNF8;ELL3;CXCL11;GJB2;FASN;NOSTRIN;CNTN1;SPIRE2;ANP32E;LHX5;COL9A2;RCOR2;BCL2L1;COL18A1;ITGB4;SLC44A2;TGFB1I1;LRRC39;MAST1;HNF4G;TNFAIP3;SIPA1L2;PITPNC1;TRIM8;ADAMTS2;DBP;BCL7A;RASGEF1C;DNER;CASP4;PBK;CCIN;GALNT9;EIF5A;DENND2D;CCDC38;ACTR2;HSP90AA1;GPR37;MMP7;ITGA3;MMEL1;GLRX2;AXIN2;ARL4C;B3GNT8;VSNL1;MDFIC;HKDC1;COL6A1;EEF1E1;MGLL;ENG;PTGER4;SMARCD3;SLC20A1;PELI2;GCNT1;U2AF1;AOAH;DLL1;CRYZ;PSMB6;OXCT1;DDT;MGAT5B;GCNT2;SUSD4;TRIM44;RIBC2;CDRT4;GSN;WNT7B;PLEKHA6;GRHL2;PLEKHA7;PSMC5;PSMC6;PDE10A;PSAT1;PSMC2;SARDH;PI15;SYCP3"
"HNF1A","HNF1A 26855178 ChIP-Seq Caco2 Human Colon Adenocarcinoma","42/411","0.01006254203809682154502347373181692091748118400573730468750000","0.02364943996543915002983560214033786905929446220397949218750","0","0","1.5148437824772696","6.966668785394353413665","DOCK4;RBM47;SERPINA1;GAL3ST1;COX16;ARHGEF28;NDUFB3;TMPRSS4;DPP4;C5;HNF4A;RASSF6;HMOX1;GCNT3;NEK2;LARGE1;SLC25A45;MPZL2;GPR39;EIF5B;ZNF461;AMN;ADGRV1;H4C9;ACSL5;AMMECR1;CASK;LMO7;MAT1A;NAV2;VWA5B2;DUSP6;KIAA1217;SH3RF2;PPFIBP2;ELF3;PARD3;ID2;HKDC1;TFEC;KIFC3;FRK"
"SOX2","SOX2 18358816 ChIP-ChIP MESCs Mouse","57/591","0.01008625121704822061308171043947368161752820014953613281250000","0.02364943996543915002983560214033786905929446220397949218750","0","0","1.4233523641976331","6.542555925444868414331","ANKRD37;NRP2;SPARC;CITED2;ONECUT1;MSLN;TRIM8;SALL4;PBK;MYBL2;ENPP3;TMED4;CCDC38;DENND2C;ARSA;SLC15A1;MSX2;PLLP;LMO4;CACNA2D1;ITGA1;DKK1;ZDHHC14;SLC9A2;KIFC3;MZF1;ABCG1;PRPS1;PRIM2;NOTCH1;IDUA;SLC20A1;NXPH3;RGS16;NDUFB3;HMGCR;DLL1;ZFP36L1;LDHB;SOCS3;PSMB3;PDGFC;SLIT2;WASF3;NQO1;TAF15;BRF1;PLEKHA7;PCDHGA10;BMP4;FASN;TCEA3;PCYOX1L;RNF182;SPRY2;AMOTL2;VIM"
"MAF","MAF 26560356 Chip-Seq TH1 Human","139/1631","0.01033994088435073385734419559867092175409197807312011718750000","0.02416921166465883091811761573808325920253992080688476562500","0","0","1.2522146416106024","5.724801177006696661920","SLC27A1;DGKE;RAB3A;MAML2;CHRM4;RORC;PRDM1;BZW1;EFEMP2;PLAU;RPS6KA1;CHAC1;HMGN2;SCN1B;PIAS3;IL15RA;S100A2;CCDC78;STARD9;ACSL5;LMO7;MAPK8IP2;SRCIN1;SYTL3;KIAA1217;OLFM2;OBSCN;NUP210L;THAP8;DDIT4;CLIP4;KCNQ4;S100A4;ZFPM1;GNAZ;IDI1;DHX9;CPLX1;ZFP36L1;LDHA;BLOC1S1;PRDX1;GAR1;HOXC4;MAP6;SFN;HIVEP3;FAM43A;PCK2;S100A10;TMEM120B;TNFRSF9;MEIG1;PBX3;LIF;GRIN2C;L1CAM;SYT7;TCN2;ATG16L2;DLG4;ID2;ANP32E;ID3;COL9A2;RCOR2;RET;OSCP1;TTC22;SLC44A2;KCNC4;SLC2A1;HMGB1;ORM2;PITPNC1;LFNG;MRC2;TRIM8;LYL1;THBD;TUBA1B;KIAA1549;DBP;NUF2;TMEM107;CCIN;ANXA9;DACT1;LRRCC1;DENND2D;FGFBP1;AMN;NBPF10;TMC8;TRPT1;TMC6;DUSP6;DUSP7;ETV6;HKDC1;ALDOA;PTGER4;LAMA5;SMARCD1;SMARCD3;SEMA3B;POMP;CXCR4;U2AF1;AOAH;LIN9;CRIP1;PPM1F;APOLD1;TYMP;POLD4;TNKS2;ATOH8;ZNF747;MAN1C1;IL21R;P4HTM;IL12RB2;HES4;TBX1;NQO1;RFTN1;AHNAK2;SORL1;DHRS3;TFAP4;FABP5;PIK3IP1;CTH;ZNF219;PTPN7;VIM;SLC25A34;SNTB1"
"SMAD2/3","SMAD2/3 21741376 ChIP-Seq EPCs Human","134/1567","0.01053692088206702355546173777156582218594849109649658203125000","0.02448131470348288707405970399122452363371849060058593750000","0","0","1.2562721967538844","5.719643889620762422510","EHF;TES;MAML2;TRAF3IP2;IRS2;PRDM1;ABCA12;GRPR;SLC4A3;GALNT10;NR3C2;RGS4;GRB14;HOXA1;SOX9;CCDC92;SPA17;LZTS1;TNS3;EOMES;MSX2;NHLRC3;RALGAPA1;IGFBP3;CASK;ANXA10;LMO7;SRCIN1;FOXP2;INPP4B;EID3;KCNQ1;PARD3;CLIP4;MAML3;SPATA18;PXT1;FBN3;DHX9;INSIG1;SLC1A1;CLCNKB;GATA6;CACNA1D;TMTC1;PIK3R1;KLHL13;ZFP36L1;ARL17B;TMEM25;POU5F1B;HIVEP3;ST8SIA6;STXBP6;ABCA1;AFAP1L2;RABGAP1L;FOXF1;TNFRSF9;CRIM1;BMP7;PBX1;DCDC1;BMP2;GNAL;BAMBI;ID2;NOSTRIN;ANP32E;DEGS2;CPEB4;FKBP10;NRP2;DOCK3;MAST4;CITED2;HNF4G;HMGB1;SIPA1L2;SERPINA5;NUF2;ANKRD1;PDE4B;DACT1;CCDC38;ZHX2;GPR37;SYK;CCDC34;TESC;TNFRSF19;ETV6;TOX2;RTN4RL1;C1D;ITGA9;PRPS1;CAMK2D;PRKAA2;SEMA3D;LAMA4;PELI2;PPM1H;HMGCR;LIN9;ADCY5;ABLIM2;SPOCK2;ATOH8;NRIP1;HAS3;REPS2;PCDH1;MBNL3;CDRT4;NQO1;HNRNPA3;KCNB1;SYT13;SGPP2;PLEKHA7;DHRS3;GRIN1;TTLL7;SLC25A37;EEPD1;COL3A1;NUDT7;FRAS1;PDE10A;SLCO3A1;SPRY2;SPRY1;CDKN3"
"FOXA1","FOXA1 26769127 Chip-Seq PDAC-Cell Line Human","141/1658","0.01053831427633369205443258920240623410791158676147460937500000","0.02448131470348288707405970399122452363371849060058593750000","0","0","1.2494365692752480","5.688356953321493492126","EHF;DGKE;TRAF3IP2;IRS1;HFE;LOXL4;ZDHHC8;PRDM1;ANTXR2;FGFRL1;NR3C2;IFIT2;GPR176;HTR7;CCND1;LIPG;HMCN1;ACAD11;PIAS3;S100A2;NHLRC3;LMO4;NPY1R;ACSL5;LMO7;HSPG2;DKK1;FRMD5;NUP210L;THAP8;LACTB2;PARD3;DDIT4;CLIP4;RIN1;EPHA2;SHC4;IDI1;SLC45A3;DHX9;TACSTD2;PIK3R1;KRCC1;PRDM10;KIAA0040;SAV1;ZFP36L1;DPP4;BLOC1S2;ZBED2;HIVEP3;ST3GAL6;KCNN4;PCK2;S100A10;TNFSF18;VASP;FDPS;RABGAP1L;CRIM1;PARP16;PBX1;TCN2;ATG16L2;BAMBI;ITGA10;TBCE;BCL2;ANP32E;ID3;ITGBL1;DCHS1;AMOTL2;SERPINA1;GAL3ST1;MAST4;TTC22;HSPB8;RASGRF1;BHLHE41;SIX1;N4BP2L1;HMGB1;PRSS23;MYPN;TRIM8;THBD;TUBA1B;TRIM6;BCL7A;NUF2;ANKRD1;DENND2C;FGFBP1;CAMK1D;NOG;TBC1D8;GLRX2;NAV2;F3;NAV3;IRF1;RNF207;CHI3L2;HNRNPH3;PLCB2;PTGER4;PRKAA2;CEBPD;SLC20A1;PELI2;TMPRSS4;PAPLN;PPM1H;SLC5A11;PTGS2;CRYZ;FGD6;TNKS2;PSMB3;EPS8L3;PCDH1;PDLIM5;MAP4K5;MPZL3;TRIM44;MPZL2;KCNJ11;AHNAK2;MBOAT1;AKR1C3;KAZALD1;PLEKHA7;DHRS3;KLF7;CENPF;KRT18;ZNF219;ST7;PIK3AP1;RAMP1"
"SOX2","SOX2 18692474 ChIP-Seq MESCs Mouse","190/2302","0.01059332765391995598291963176507124444469809532165527343750000","0.02453362692855695637028645705868257209658622741699218750000","0","0","1.2140097225324498","5.520746777921844206105","EHF;DGKE;TRAF3IP2;CHRM4;NUDT1;STMN3;BACH1;NRBP2;CHCHD2;CDH1;SALL4;PSMD1;NRTN;HOXA1;RTTN;OIP5;ENPP3;TNS3;TGM2;MAGI1;PIAS3;ARSA;ST6GAL1;SLC15A1;KIRREL2;CACNA2D1;NPY1R;CASK;DKK1;LEMD1;FOXP1;SLC9A2;CACNB3;FNDC4;CACNB4;TMEM139;DDIT4;HAT1;SLC9A9;SNRPG;GEMIN7;CFB;ABCG1;SHC4;NOTCH1;SLC26A1;FBLIM1;DHX9;SLC45A1;NXPH3;EBI3;ALOX15;IL20RA;DAPP1;LYPD3;KLHL13;PRDM10;CPLX1;GABARAP;PLD3;ZFP36L1;DPP4;EFNB2;SOCS3;LDHB;SYNGR1;PDGFC;HMOX1;HIVEP3;FDFT1;NTNG2;SYT3;RABGAP1L;EGR3;YES1;ACBD4;MEIG1;ZBTB12;PARP16;CORO2B;POU2F3;SYT7;BST1;FASN;NMU;TBCE;BCL2;PIR;RNF182;SPIRE2;ID3;CSPG5;AMOTL2;LHX5;NF2;RCOR2;NES;CD22;CNTNAP2;DOCK8;ONECUT1;GRIK4;HMGB3;SLC2A3;HOXC13;HMGB1;MSLN;PITPNC1;MMP20;GLI2;LFNG;TRIM8;THBD;SIX4;MCF2L;PBK;ANKRD1;SPEG;MYBL2;GALNT9;TMED4;CCDC38;DENND2C;FGFBP1;HSP90AA1;SYK;CCDC34;HEG1;ITGA1;TNFRSF19;DENND2A;AMT;TEX14;MMEL1;GLRX2;TMC5;RENBP;DUSP6;COMMD4;ETV6;MRPL51;IRF1;MVD;ZMYND10;KIFC3;ITGA9;HBEGF;AGPAT5;WDR27;PRPS1;SMARCD1;NDUFB8;CEBPD;IDUA;RGS16;GCNT1;POMP;SLC5A11;CXCR4;HMGCR;CRIP1;DLL1;AURKA;TTN;STAMBPL1;MGAT5B;NRIP1;HAS3;STAT4;GCNT2;LRIG1;TRIM44;WASF3;CMTM7;NQO1;TRIM40;GSN;PNMA2;FBXL13;MAPK15;GRHL2;PLEKHA7;KLF7;PER3;CTH;ST7;TCEA3;SPRY2;VIM;LTBR"
"NFYB","NFYB 21822215 ChIP-Seq K562 Human","136/1594","0.01075291083340433953563497482264210702851414680480957031250000","0.02482705712299778863516586113746598130092024803161621093750","0","0","1.2532967535436672","5.680666277500550975788","CSF1;CHRM4;CTNND1;LOXL4;FAM107B;RGS4;HTR6;HTR7;CCND1;TRIM29;FTH1;RPS6KA1;NEK2;CCNL2;HMCN1;HMGN2;PRKACB;SAMD11;TMPO;IL15RA;SLC15A1;LMO4;AKR1E2;MYO7A;HSPG2;DKK1;KIAA1217;ACAP3;CACNB2;SPATA17;OBSCN;NUP210L;SCNN1D;KCNQ1;PARD3;SPATA13;KCNQ4;EPHA2;COL13A1;FBLIM1;DHX9;SLC45A1;CLCNKB;TACSTD2;ILDR2;KIAA0040;GLIS1;TMEM125;SFN;HIVEP3;ST8SIA6;TSPAN2;TNFSF18;AFAP1L2;RABGAP1L;COL24A1;DNASE2B;TNFRSF9;MEIG1;GLMN;PBX1;DCDC1;PPFIBP1;LIN28A;ATG16L2;BAMBI;TBCE;CNTN1;ANP32E;ID3;COL9A2;MKX;PLCH2;RET;OSCP1;TTC22;KCNC4;LRRC39;CITED4;BHLHE41;SLC2A1;GRIK4;SIPA1L2;PRSS23;MYPN;TRIM8;NUF2;ANKRD1;PDE4B;RSPO1;PRKG1;ZNF365;DENND2D;DENND2C;CAMK1D;CCDC34;PLEKHG5;NBPF10;MMEL1;F3;ETV6;ZEB1;ELF3;RNF207;TRNP1;CHI3L2;ST6GALNAC5;CD44;GRAMD1B;PRKAA2;PTAFR;PTGS2;CRYZ;TMEM201;GPR153;TNKS2;GNG4;SPOCK2;MAN1C1;SUSD4;EPS8L3;IL12RB2;HES4;BMP8A;SYT13;PLEKHA7;DHRS3;MPP7;TTLL7;CENPF;PER3;CTH;TCEA3;TLL2;VIM;SLC25A34"
"EWS","EWS 26573619 Chip-Seq HEK293 Human","62/656","0.01138028187248619170490737673162584542296826839447021484375000","0.02614510797605016159672608466735255206003785133361816406250","0","0","1.3923395057568519","6.231934914097476685413","ARL6IP1;TRAF3IP2;CITED2;DOCK8;FHL2;HNF4G;IRS2;ZDHHC8;GRIK2;HMGB1;TSPAN12;SIPA1L2;AREG;NR3C2;GRIP1;HMGN5;AIFM1;GRM7;CA2;TMEM107;SOX9;KPNA2;PRKG1;HSP90AA1;IGFBP3;VASH2;TEX14;LMO7;FOXP2;ARL4C;PLCB4;CACNB4;SPATA17;MMP16;NAV3;SLC9A9;TFEC;CLDN18;KCTD12;SAMD5;PRIM2;SEMA3D;PRR5L;THBS4;FGD6;GNG4;CHSY3;SLIT2;HES4;HNRNPA3;ARHGEF35;GLMN;SRD5A3;ZNF804A;ANKHD1;LRP1B;SLCO3A1;BAMBI;RPA3;HNRNPA2B1;ID3;CDKN3"
"SALL4","SALL4 18804426 ChIP-ChIP XEN Mouse","65/693","0.01139303380678212060383991399703518254682421684265136718750000","0.02614510797605016159672608466735255206003785133361816406250","0","0","1.3811446512904475","6.180281420320866914153","FANK1;RET;CITED2;DOCK8;LRRC39;SLC2A1;CPOX;SIX1;PRSS23;RGS4;THBD;SALL4;LIPG;ANKRD1;TIMP3;HOXA1;MYBL2;CCNL2;SPA17;KCNH2;RNF43;MSX2;ITGA3;DENND2A;ACSL5;MYRIP;F3;VAMP8;BCAM;ELF3;PARD3;B3GNT5;KIFC3;NPTXR;INSIG2;LAMA4;GCNT1;GATA6;CACNA1D;MRO;NPAS2;DPP4;EFNB2;SOCS3;PRDX1;GCNT2;HMOX1;STXBP6;CMTM7;AMBP;KCNB1;PLEKHA6;PARP16;HSPE1;DHRS3;MSRA;CXCL11;FASN;NOSTRIN;ID3;SPRY2;VIM;PAM;FOLR1;BCL2L1"
"NR0B1","NR0B1 18358816 ChIP-ChIP MESCs Mouse","106/1210","0.01148638806874183529438404605116375023499131202697753906250000","0.02627946361181844256438289164634625194594264030456542968750","0","0","1.2864470542506523","5.746034881064708166321","ALDH1L1;ANKRD37;DGKE;SPARC;CHRM4;STMN3;ZFYVE28;CDH1;MPZ;SALL4;NEK2;ENPP3;SCN1B;KCNH2;MAGI1;ARSA;SLC15A1;KIRREL2;MSX2;SLC9A2;BCAM;DDIT4;MALL;MZF1;ABCG1;EPHA2;SHC4;NOTCH1;NXPH3;GATA6;PDGFB;CPLX1;GLIS2;ZFP36L1;SOCS3;LDHB;PDGFC;HIVEP3;KCNF1;PARP16;CORO2B;POU2F3;ELL3;NFATC4;BMP4;MSRA;PPFIBP2;TCN2;ID2;NOSTRIN;RNF182;SPIRE2;ID3;LHX5;RCOR2;CITED2;SLC44A2;ONECUT1;SLC2A3;OPLAH;RND3;TRIM8;SEC61G;DNER;CNGA1;MYBL2;TK1;CCDC38;DENND2C;FGFBP1;PLEKHG5;USP44;AMT;TMC8;TRPT1;TMC6;GLRX2;SYNGR3;WNT16;DUSP6;C1QL1;MMP14;CKS2;KIFC3;PRPS1;IDUA;SLC20A1;SLC5A11;CXCR4;HMGCR;DLL1;PSMB3;HAS3;SNCG;SLIT2;PCDH1;RPL17;WASF3;BRF1;TXNRD2;DHRS3;TCEA3;SPRY2;CHPT1;VIM;FOLR1"
"RCOR2","RCOR2 21632747 ChIP-Seq MESCs Mouse","32/298","0.01170258827829098041695132792483491357415914535522460937500000","0.02669321495501416480200518321908020880073308944702148437500","0","0","1.5984558931774686","7.109844283450367008470","COL18A1;SMARCD1;CITED2;HSPB8;SLC2A1;STMN3;HMGB1;PLD1;CLGN;LDHB;CTIF;SCUBE1;CCND1;FGF9;HAS3;HOMER3;KCNH2;SRRM3;ACTR2;HSP90AA1;SYT1;ABCA3;PLA2G4C;NPY1R;TEX14;ANXA10;NAV2;FBXL16;MAPK8IP2;L1CAM;VIM;FRK"
"TCF7L2","TCF7L2 21901280 ChIP-Seq H4IIE Rat","74/807","0.01212358457142925262373100991908358992077410221099853515625000","0.02752656358638713718356427762046223506331443786621093750000","0","0","1.3482813123392254","5.949429604606859989246","TRAF3IP2;IRS1;DOCK8;ONECUT1;IRS2;MYPN;PLB1;TXNDC17;GLI2;FAM107B;CCT6B;CCND1;PDE4B;DLGAP1;EIF5A;MAGI1;ABCC3;RNF43;LMO4;CACNA2D1;PDE4D;TBC1D8;HNF1B;LMO7;MAT1A;AXIN2;DUSP6;PARD3B;ETV6;CYP27A1;AZGP1;MDFIC;PARD3;FAM20C;MVD;TNIK;MNS1;NPTXR;ALDOA;TRIM10;MGLL;SHC2;RBM47;NFIX;COX16;DHX9;INSIG2;IL20RB;DAPP1;CD99L2;AGAP3;PRICKLE1;HIGD1A;DLL1;PDGFC;SNCG;SYT1;MEIG1;RFTN1;PBX3;CRIM1;POU2F3;SGPP2;PBX1;GRIN1;PSMC6;PDE10A;ATG16L2;PAH;PSMC2;BCL2;PIR;AMOTL2;PIK3AP1"
"VDR","VDR 24763502 ChIP-Seq THP-1 Human","92/1034","0.01218034976056611533301587968480816925875842571258544921875000","0.02752656358638713718356427762046223506331443786621093750000","0","0","1.3066612582072568","5.759673060036720748656","RET;IRS1;CITED2;LRRC3;IRS2;PRDM1;USE1;SHD;PLB1;LYL1;TUBA1B;CA2;ZNF84;RPS6KA1;HOMER3;LZTS1;TNS3;TMPO;DENND2D;HSP90AA1;HMGCS1;MITF;F3;RENBP;FOXP2;EPN1;ZDHHC14;ETV6;INPP4B;ADCY9;OBSCN;IFI27;DDIT4;FAM20C;S100A4;KCTD12;GEMIN7;ALDOA;PLCB2;SCG2;ENG;RBMS3;PTGER4;PRPS1;IDI1;SLC45A3;NOTCH1;COL13A1;CEBPD;SLC20A1;INSIG1;PTAFR;CD99L2;PRICKLE1;HMGCR;CRIP1;KIAA0040;FGD2;POU5F1B;AP3M2;POLD4;PDGFC;NRIP1;LRIG1;HIVEP3;FAM43A;PCK2;FDFT1;ABCA2;GSN;IRX3;MACC1;PTGES3;PBX3;PLEKHA6;CORO2B;GRHL2;TARBP1;BMP4;PAN2;PARP10;SH3RF2;NUDT7;ATG16L2;FASN;ID2;LNX1;BCL2;PIK3AP1;SNTB1;CPEB4;MAP3K12"
"PPARD","PPARD 23208498 ChIP-Seq MDA-MB-231 Human","37/357","0.01220216983258562079561748703326884424313902854919433593750000","0.02752656358638713718356427762046223506331443786621093750000","0","0","1.5373749090247453","6.773891369152397423647","FHOD3;SPTBN4;DOCK4;CAMK2D;RBM47;GAL3ST1;MAML2;IRS1;IL1RAP;TRIM8;PSMB6;FTH1;PDE4B;SOX8;MYBL2;APOL1;TNS3;CPA4;ABCC3;KLF11;ST14;KCNJ11;PLLP;SIAH1;TBC1D8;ACSL5;MPP7;INPP4B;ZEB1;KRT18;PDE10A;SLCO3A1;DLG4;FSCN2;SCG2;CDKN3;SPC25"
"FOXO1","FOXO1 23066095 ChIP-Seq LIVER Mouse","30/276","0.01221377324693998824012286519291592412628233432769775390625000","0.02752656358638713718356427762046223506331443786621093750000","0","0","1.6198053725649495","7.135552064145548101237","NRP2;ALDH1L1;RBM47;NOTCH1;SLC45A1;GATA6;SLC4A3;SIPA1L2;PCSK4;SERPINA5;NR3C2;ZFP36L1;LDHB;RNF215;RASSF6;DNER;ATOH8;TNS4;PCDH1;MAP2K6;SRRM3;F10;MAT1A;NAV2;RNF144B;AZGP1;OAF;SARDH;ID3;MGLL"
"PCGF2","PCGF2 27294783 Chip-Seq NPCs Mouse","36/346","0.01256225288856487390387606239983142586424946784973144531250000","0.02822768134186452032574621284766180906444787979125976562500","0","0","1.5437982404692081","6.757295618167415085509","NRP2;SERPINE2;IRS1;INSIG2;NDUFB3;FHL2;CXCR4;ABCA12;IKZF2;SLC4A3;BZW1;GLI2;WNT6;DNER;STAT4;SPEG;GPR39;GPR35;PLEKHA6;HSPE1;SGPP2;SERPINB5;PARD3B;CYP27A1;SLC9A2;ARL4C;KLF7;COL3A1;DES;RUFY4;BCL2;PAM;RAMP1;SCG2;NGEF;ITM2C"
"STAT3","STAT3 19079543 ChIP-ChIP MESCs Mouse","63/672","0.01270473746963799582809784283199405763298273086547851562500000","0.02846313587411479842370631843095907242968678474426269531250","0","0","1.3798219584569733","6.023999559573258721912","DHRS13;NRP2;ITGB4;COL12A1;ONECUT1;GRIK4;HOXC13;PRDM1;SLC4A3;PRSS23;RND3;JPH2;SALL4;BDKRB2;NRTN;EOMES;DENND2C;LYNX1;KIRREL1;GPR35;PLLP;ITGA3;WDR72;KREMEN2;ARL4C;DEPDC1B;IRF1;STEAP1;SCG2;SHC4;GATA6;PDGFB;PRICKLE1;PLD1;KRCC1;PPM1F;ZFP36L1;TMEM25;SOCS3;WNT6;STAMBPL1;ATOH8;HIVEP3;PCDH1;SLC10A4;CMTM7;FDPS;ANKRD24;KCNB1;WNT7B;NR2F2;SNF8;KAZALD1;DHRS3;PLEKHA7;PCDHGA10;EPGN;FRAS1;AXL;NOXA1;LHX5;ANP32B;MKX"
"FOXA1","FOXA1 27270436 ChIP-Seq VCaP Human Prostate Carcinoma","266/3331","0.01277056853906016926913924436348679591901600360870361328125000","0.02852597410352197479510572009075985988602042198181152343750","0","0","1.1766554350071592","5.130937913853189868973","EHF;PATJ;TES;MAML2;SERPINE2;MSANTD4;IKZF2;ABCA12;H2AC15;ANTXR2;ZDHHC2;BACH1;HERC5;LIPE;HERC3;LIPG;RTTN;HMCN1;PRKACB;TNS2;TMPO;ARL14;DAPK1;CACNA2D1;KRT8;ACSL5;HNF1B;SYTL5;OVOL1;HSPG2;KIAA1217;SULT2B1;BCAM;DEPDC1B;SPATA17;NUP210L;THAP8;PARD3;DDIT4;SPATA13;MAML3;PLPP3;CLOCK;SKAP2;GATA6;PDGFB;AGAP3;PIK3R1;LDHB;RDH12;BLOC1S1;ZNF704;PRDX1;HOXC4;ST3GAL6;DECR1;FDFT1;S100A10;YES1;PTPRN2;IQSEC1;DNASE2B;SIAH1;PBX3;PARP16;NR2F2;NR1D1;NMI;CCDC9B;PBX1;NFATC4;PPFIBP1;PPFIBP2;PRXL2A;ID2;NOSTRIN;ANP32E;CPEB4;ZNF250;CITED2;BHLHE41;HNF4G;SECTM1;MYPN;OSBPL10;GLI2;TRIM8;ZCWPW1;TUBA1B;AIFM1;NUF2;DLGAP5;TMED4;TMC1;ZHX2;GPR37;SYK;ANO8;BTN3A3;TMC6;ANO4;DUSP6;PLCB4;PPARG;HNRNPH3;CD44;MGLL;PTGER4;PCNA;NFIX;SLC20A1;SYNPO2;PELI2;PRICKLE1;AKAP5;FGD2;STAMBPL1;ZNF585B;MAP4K5;MPZL3;RPL17;ZNF585A;CA12;CENPW;GSN;RFTN1;AKR1C3;KAZALD1;GRHL2;DHRS3;CENPF;NOL4L;FABP5;SLCO3A1;RPA3;PSMC2;ZNF219;HNRNPA2B1;TRMT6;RAMP1;FRK;FHOD3;SH3GL3;ANKRD37;DGKE;RAB3A;CTNND1;CPOX;IL1RAP;PRDM1;BZW1;PLB1;GALNT10;NR3C2;FAM107B;RGS4;GRIP1;SALL4;PALM;NEK2;ENPP3;HMGN2;MB21D2;KCNH2;MAGI1;RNF43;RALGAPA1;LMO4;IGFBP3;MITF;ANXA10;LMO7;MAT1A;FOXP2;FOXP1;SLC9A2;CACNB2;SGO2;CACNB4;GEMIN7;TNIK;STEAP1;ABCG1;ZNF550;SHC2;MINDY1;INSIG2;LIN7A;CACNA1D;PLD1;ZFP36L1;DPP4;ADGRG6;AMBP;BMP7;DIAPH1;NR4A1;FMC1;DLG5;AMOTL2;BCL2L1;CRYBG1;MAST4;DUSP19;SIX1;HMGB1;TSPAN12;RND3;PITPNC1;BCL7A;CNGA1;PDE4B;PMEPA1;UTY;CFAP43;ARFGEF3;SH3D19;HSP90AA1;ITGA3;PDE4D;GLRX2;NAV2;WNT16;EPN1;SSTR5;EPN3;ADGRF3;NAV3;PALLD;CHDH;MNS1;SMPDL3A;ST6GALNAC5;RBM47;CAMK2D;CEBPD;LAMA4;FGL1;LAMA3;PPM1H;ZBTB42;DEPP1;OXCT1;TRA2A;NRIP1;MAN1C1;LRIG1;MAL2;PCDH1;PDLIM5;TRIM44;H2AZ1;TAF15;GALNT3;CYP51A1;SLC25A37;KLF7;PIK3IP1;CTH;ST7;ZNF615;LNX1;CHPT1;SPRY1;PIK3AP1;SNTB1"
"TCF3","TCF3 18692474 ChIP-Seq MEFs Mouse","58/611","0.01291272553259415270532350916710129240527749061584472656250000","0.02871632510390682152534580495739646721631288528442382812500","0","0","1.3981227170483113","6.081193448849568916614","DGKE;CITED2;ONECUT1;NUDT1;HMGB3;BACH1;GLI2;MMP20;CHCHD2;CCND1;CDH1;MCF2L;PBK;HOXA1;MYBL2;PRKACB;MAGI1;EOMES;SLC15A1;HSP90AA1;TNFRSF19;CASK;AXIN2;GLRX2;DKK1;DUSP6;CLDN3;MRPL51;SLPI;DPEP1;KIFC3;ABCG1;HBEGF;LAMA5;SMARCD3;POMP;DAPP1;HMGCR;DLL1;ZFP36L1;AURKA;LDHB;SOCS3;PDGFC;GCNT2;HAS3;STAT4;RABGAP1L;YES1;POU2F3;BST1;TCEA3;SP5;ID3;SPRY2;AMOTL2;VIM;NES"
"CLOCK","CLOCK 20551151 ChIP-Seq 293T Human","39/382","0.01295455102983410732020441713530090055428445339202880859375000","0.02871632510390682152534580495739646721631288528442382812500","0","0","1.5121123001470476","6.572105971049669648210","COL18A1;IDI1;PRPS1;COL13A1;SLC44A2;SERPINE1;NPR3;RORC;DUSP19;HMGB3;PLD1;NPAS2;ZFP36L1;THBD;DBP;TIMP3;CDK5RAP3;S100A10;TGM2;ABCA1;ARSA;HSP90AA1;DAPK1;LMO4;PTGES3;ACSL5;NR2F2;HSPE1;DHRS3;NR4A1;MMP14;TUBB2A;PER3;DDIT4;COL6A1;BCL2;DPEP1;MVD;CLOCK"
"SOX2","SOX2 16153702 ChIP-ChIP HESCs Human","73/797","0.01296988988136718763677368571052284096367657184600830078125000","0.02871632510390682152534580495739646721631288528442382812500","0","0","1.3462670019572380","5.849698098512665644932","ARHGAP11A;WDR49;SH3GL3;SERPINA1;ONECUT1;MAST1;COL12A1;TNFAIP2;FGF2;RGS4;CCND1;HEPH;CA2;DPYSL3;ANKRD1;HOXA1;OIP5;MAN2C1;TMC1;EOMES;IK;SLC15A2;CACNA2D1;USP44;DKK1;DUSP6;ZDHHC14;FOXP1;SLC9A2;OXA1L;OLFM2;MMP16;SLC9A9;GEMIN7;NDUFB8;NFIX;NOTCH1;LAMA4;CD99L2;KLHL13;MRO;DLL1;SAV1;ZFP36L1;SOCS3;PRDX1;TRA2A;GCNT2;HMOX1;HOXC4;CSMD3;RTBDN;VASP;EGR3;TAF15;GALNT3;DMRT1;CRIM1;BMP7;GDAP1;ANKHD1;DHRS3;BMP2;PDE10A;BAMBI;CTH;PSMC2;NMU;LHX5;VIM;ANP32B;LTBR;MAP3K12"
"TEAD4","TEAD4 22529382 ChIP-Seq TROPHECTODERM Mouse","147/1748","0.01312462120411993227175884157986729405820369720458984375000000","0.02897394447108347925734506134176626801490783691406250000000","0","0","1.2340171095596897","5.347323559406150117468","FHOD3;SH3GL3;DGKE;TRAF3IP2;FRMPD1;CTNND1;ARHGAP39;PRDM1;IKZF2;NR3C2;FAM107B;GRIP1;FGF9;CCDC92;TNS4;TNS3;MAGI1;MSX2;RALGAPA1;CACNA2D1;ACSL5;HNF1B;WDR72;LMO7;SRCIN1;FOXP1;FRMD5;CACNB4;FEZ2;SPATA13;CLIP4;MAML3;FKBP9;TNIK;COL13A1;SLC45A1;GPR87;PDGFB;TRANK1;CACNA1D;PIK3R1;PLD1;AK7;PLD3;CHST12;ZBBX;SEC14L5;HMOX1;MAP2K6;ST14;RABGAP1L;NEK5;ABCA3;TMEM132B;IL31RA;NR2F2;PBX1;DCLK1;LRP1B;PPFIBP1;ID2;PAH;AMOTL2;LHX5;MKX;NF2;BCL2L1;FANK1;OSCP1;NRP2;DOCK4;MAST4;ITGB4;SLC44A2;RASGRF1;BHLHE41;DYSF;SIPA1L2;RND3;SIPA1L3;PCSK4;OSBPL10;GLI2;PDE4B;DLGAP1;SH3D19;ACTR2;CAMK1D;PDE4D;ITGA1;TEX14;NAV2;TUBG2;MYRIP;WNT16;PARD3B;ETV6;RNF144B;PLCB4;NAV3;PALLD;MMP17;PPARA;FJX1;ST6GALNAC5;ITGA9;RBMS3;AGPAT5;GRAMD1B;PRKAA2;ATL1;LAMA4;LAMA3;GCNT1;SLC5A11;PRICKLE1;THSD4;ABLIM2;CHN1;NRIP1;STAT4;MAN1C1;GCNT2;LRIG1;CHSY3;MAP4K5;RPL17;IL12RB2;CENPW;SLC12A5;RFTN1;PLCL2;BMP8A;PNMA2;FBXL13;SORL1;PLEKHA7;GRIN1;SH3RF2;SBK1;FRAS1;KRT18;PDE10A;SLCO3A1;SSBP2;MAMLD1;SNTB1"
"KLF5","KLF5 20875108 ChIP-Seq MESCs Mouse","135/1593","0.01356738649278222026695051027900262852199375629425048828125000","0.02977725814549585930945951872672594618052244186401367187500","0","0","1.2431063508649716","5.345464735699326119800","SPARC;PLEKHB1;OGDHL;ANTXR2;FGF2;CLGN;NR3C2;RGS4;TRIM29;LIPG;NRTN;MAGI1;DAPK1;HNF1B;VASH1;ZNF91;EID3;CACNB4;FANCD2;HAT1;ZNF675;BRSK1;SPTBN4;FICD;INSIG2;CACNA1D;TMTC1;PPL;LTBP1;ADAMTS10;DPP4;SEC14L5;MAP6;ST8SIA6;ARSG;FADD;KCNN4;FAM83B;DECR1;FDFT1;TNFSF18;VASP;KCNF1;MCAM;GLMN;CYBRD1;SNF8;GRIN2C;POU2F3;PBX1;ANKHD1;SYT7;BMP4;LIN28A;NMU;BCL2;HLA-DRA;LHX5;DEGS2;PRRT4;RCOR2;PAM;RET;ONECUT1;RASGRF1;DYSF;GRIK4;TNFAIP3;SIX1;PRSS23;MYPN;MMP20;KIAA1549;CA2;MCF2L;CTSH;TTC23L;ADAMTS7;SH3D19;TMC1;ITGA3;TNFRSF19;TBC1D8;TEX14;AXIN2;F3;IL17RC;DUSP6;SERPINB5;MDFIC;OAF;HKDC1;TFEC;CDH15;TRIM55;CD44;ITGA9;DNAH2;SYNPO2;LAMA4;PELI2;TMPRSS4;HMGCR;PTGS2;AKAP3;APOLD1;ADCY5;TTN;DCST2;SH3TC2;CCL5;MAL2;TRIM44;CA12;TRIM40;TAF15;GALNT3;MACC1;SAMD4A;AKR1C3;PNMA2;MEIS3;SORL1;DHRS3;TMEM154;EEPD1;MYO15B;NOVA2;ZNF219;ST7;TLL2;CHPT1;SPRY1;PIK3AP1;TMEM229B"
"TCF12/HEB","TCF12/HEB 22897851 ChIP-Seq JUKARTE6-1 Human","135/1593","0.01356738649278222026695051027900262852199375629425048828125000","0.02977725814549585930945951872672594618052244186401367187500","0","0","1.2431063508649716","5.345464735699326119800","FRMPD1;PLEKHB1;FGF2;GALNT10;GRIP1;NRBP2;HTR6;GRB14;FTH1;FAM186B;MACROD1;NEK2;PRKACB;LZTS1;RAG1;SRRM3;DAPK1;RALGAPA1;STARD9;KRT8;MITF;ESCO2;SRCIN1;EREG;OLFM2;DEPDC1B;OBSCN;PARD3;CSNK2B;KCNQ4;NGEF;EPHA2;FBN3;SHC2;SLC1A1;CHRD;TRANK1;LIN7A;CACNA1D;LTBP2;PIK3R1;CPLX1;NPAS2;FBLN5;SAV1;SOCS3;SCUBE1;FADD;PRR22;SLC10A4;TMEM120B;COL24A1;FOXF1;IQSEC1;MCAM;ZBTB12;BMP7;SYT7;ABHD15;DIAPH1;ATG16L2;NF2;RCOR2;PAM;NES;DENND1C;FANK1;RET;OSCP1;SLC44A2;HSPB8;RASGRF1;MAST1;TNFAIP2;TNFAIP3;SIX1;HOXC13;USE1;TRIM8;ANKRD1;BDKRB2;CPXM1;RSPO1;SLC18A2;DENND2D;ACTR2;TRPC1;GAB3;BTN3A3;F3;ETV6;ELF3;RTN4RL1;IRF1;TRNP1;MNS1;TRIM55;CD44;ITGA9;AGPAT5;ZNF595;PTGER4;CAMK2D;DNAH6;ZDHHC23;PRR5L;AOAH;THBS4;FGD2;ZNF747;MICALL2;MAN1C1;LRIG1;MUC4;APOL3;LEKR1;RIBC2;NQO1;RFTN1;PLCL2;SAMD4A;ADAM32;SYT13;MERTK;FMNL3;EPGN;NUDT7;FRAS1;FABP5;SLCO3A1;RPA3;TCEA3;RIMBP3;SSBP2;SNTB1"
"TP63","TP63 19390658 ChIP-ChIP HaCaT Human","20/167","0.01408260403184236238260940154987110872752964496612548828125000","0.03075080012765334797064653571396775078028440475463867187500","0","0","1.8038214566919504","7.689357162744495433060","EOMES;TIGD5;NOTCH1;MSX2;CITED2;ZNF480;TGFB1I1;HNF4G;TWIST1;SNF8;NFATC4;GRIP1;ZEB1;SALL4;ID2;IRF1;RAB13;HOXC4;ZNF426;CLOCK"
"SMAD4","SMAD4 21741376 ChIP-Seq ESCs Human","135/1595","0.01409241966114974618784483340050428523682057857513427734375000","0.03075080012765334797064653571396775078028440475463867187500","0","0","1.2412585348048266","5.290390640317328418973","SPARC;FRMPD1;LOXL4;CLGN;ZFYVE28;RGS4;HTR7;DPYSL3;HOXA1;LZTS1;SAMD11;EOMES;ST6GAL1;SLC15A1;S100A2;WDR72;MYO7A;OVOL1;FOXP1;ACAP3;OLFM1;ADCY9;OBSCN;HAT1;TRIM15;TNIK;ZFPM1;SCG2;SHC2;COL13A1;FICD;SLC1A1;CLCNKB;GATA6;TACSTD2;CHRNA9;LYPD3;PIK3R1;CPLX1;GLIS1;SAV1;CACNA1I;WNT6;SYNGR1;CHST12;ZNF704;PRDX1;SFN;FAM43A;FADD;PRR22;FDFT1;NTNG2;NEK5;IQSEC1;TNFRSF9;SIAH1;GP6;DCDC1;SYT7;ABHD15;NR4A1;GNAL;BAMBI;TBCE;MKX;FKBP10;CNTNAP1;ITGB4;KCNC3;OTUD7A;N4BP2L1;LFNG;TRIM8;TIMP2;CTSH;MYBL2;FGFBP3;GPR39;ACTR2;GPR37;CAMK1D;GPR35;ZNF480;TRPC1;DENND2A;TMC8;NAV2;KREMEN2;NME5;TUBG2;COMMD4;ARL4C;VCAN;MRPL51;PLCB4;TUBB2A;OAS1;B3GNT5;HKDC1;MCM5;SMPDL3A;CHST2;HBEGF;LAMA5;PRIM2;PCNA;NFIX;PTAFR;SEMA3B;LIN9;AP3M2;GCNT2;IL21R;ZNF469;CHSY3;PCDH1;LEKR1;HES4;CA12;NQO1;TAF15;PLCL2;BMP8A;KAZALD1;GRHL2;GRIN1;EEPD1;FRAS1;KRT18;SGSM2;TCEA3;VIM;SSBP2;RAMP1"
"PCGF2","PCGF2 27294783 Chip-Seq ESCs Mouse","39/385","0.01456532600098294459589620686301714158616960048675537109375000","0.03166050341148776703370515406277263537049293518066406250000","0","0","1.4987550346315239","6.338402162130372552440","PRIM2;NRP2;SERPINE2;IRS1;INSIG2;NDUFB3;FHL2;ABCA12;SLC4A3;IKZF2;BZW1;NPAS2;GLI2;DNER;STAT4;SPEG;GPR39;EIF5B;TBC1D8;HSPE1;GDAP1;SGPP2;SERPINB5;PARD3B;SLC9A2;ARL4C;CYP27A1;KLF7;COL3A1;DES;RUFY4;LACTB2;BCL2;PI15;PAM;SCG2;NGEF;IL18R1;ITM2C"
"AF4","AF4 28076791 ChIP-Seq SEM Human Blood Leukemia","61/652","0.01459318567840760423603985174167974037118256092071533203125000","0.03166050341148776703370515406277263537049293518066406250000","0","0","1.3760456226107665","5.816820872690464661048","FANK1;ARHGAP11A;ARL6IP1;TRAF3IP2;LAMC3;TNFAIP3;IRS2;SLC2A3;HMGB1;PITPNC1;FAM107B;BCL7A;RPS6KA1;MAP3K5;DENND2D;SYK;DAPK1;LMO4;ANO8;GAB3;ANK1;CBFA2T3;FOXP1;ETV6;ADCY9;BANK1;ARHGEF6;FAIM;PTGER4;PRIM2;EXD3;CAMK2D;SLC20A1;GCNT1;PELI2;SLC1A1;POMP;ENDOD1;CXCR4;PRDM10;PRDX1;ARSG;ABCA1;CMTM7;RABGAP1L;BRF1;GLMN;PBX3;DONSON;SORL1;DHRS3;TARBP1;FMNL3;SLC25A37;DIAPH1;PSMC2;BCL2;ANP32E;PIK3AP1;MAMLD1;BCL2L1"
"NANOG","NANOG 18692474 ChIP-Seq MEFs Mouse","130/1533","0.01497099597322578551361615950554551091045141220092773437500000","0.03238711163262311676369620272453175857663154602050781250000","0","0","1.2431151491478891","5.223123020826462514776","EHF;DGKE;NUDT1;LOXL4;ZDHHC8;BACH1;BZW1;CHCHD2;HTR7;CDH1;HOXA1;MAP3K5;TGM2;EOMES;ARSA;LAG3;ST6GAL1;SLC15A1;MSX2;DAPK1;LMO4;CACNA2D1;KRT8;MYO7A;DKK1;CLDN3;EID3;DDIT4;GEMIN7;ABCG1;EPHA2;NOTCH1;DAPP1;KLHL13;CPLX1;ZFP36L1;DPP4;EFNB2;SOCS3;LDHB;LDHA;PRDX1;PDGFC;SFN;HIVEP3;FDFT1;S100A10;SYT3;ST14;RABGAP1L;YES1;ACBD4;POU2F3;PBX1;BMP4;BST1;PPP1R1A;ID2;PIR;ID3;CSPG5;AMOTL2;COL9A2;NF2;TMEM19;PAM;NES;NRP2;GAL3ST1;LAMC3;DOCK8;ONECUT1;SLC2A1;HMGB3;SLC2A3;HOXC13;HMGB1;MSLN;RND3;PRSS23;PITPNC1;MMP20;GLI2;LFNG;DBP;SEC61G;MCF2L;PBK;MYBL2;FGFBP1;HSP90AA1;HEG1;IZUMO1;TNFRSF19;GLRX2;DUSP6;COMMD4;ETV6;MRPL51;MDFIC;IRF1;KIFC3;WDR27;PRPS1;LAMA5;IDUA;RGS16;POMP;CXCR4;HMGCR;DLL1;AURKA;TTN;AP3M2;STAMBPL1;HAS3;STAT4;GCNT2;LRIG1;SLIT2;NQO1;F10;WNT7B;PTGES3;DHRS3;PER3;TCEA3;SPRY2;VIM;CRLF1"
"PU","PU 27001747 Chip-Seq BMDM Mouse","133/1573","0.01522458676756464554524761467746429843828082084655761718750000","0.03277303315176271353292847265947784762829542160034179687500","0","0","1.2393589158407234","5.186523236302116757201","KCNG3;TRAF3IP2;PRDM1;IKZF2;ENO3;BZW1;GALNT10;FAM107B;GPR176;PLAU;FTH1;DHX58;PSMD1;NEK2;ENPP3;HMCN1;CCDC92;PPFIA4;TNS3;MAP3K5;TMPO;VASH2;KRT8;SLC9A2;CYP27A1;DEPDC1B;SPATA17;ADCY9;RUFY4;LACTB2;DDIT4;ADPRH;KCTD12;MAML3;NGEF;SLC45A3;COX16;DHX9;INSIG2;ILDR2;PIK3R1;LTBP1;NPAS2;ZFP36L1;WNT6;RHPN1;NCKAP1L;SOCS6;MAP2K6;TNFSF18;CDK18;RABGAP1L;NR1D1;PBX1;NFATC4;EFNA2;FASN;TBCE;BCL2;DEGS2;NF2;TMEM19;PAM;CPEB4;ITM2C;DHRS13;NRP2;CITED2;LRRC3;TNFAIP3;SIX1;DBI;PITPNC1;MRC2;DNER;TMEM107;SPEG;FGFBP3;EIF5A;ACTR2;EIF5B;GPR35;GAA;USP44;TBC1D8;TMC6;GLRX2;NME5;SYNGR3;TMEM150C;DUSP6;ARL4C;VCAN;RTN4RL1;IRF1;EHHADH;HNRNPH3;SMPDL3A;PRIM2;NDUFB3;GCNT1;PPM1H;CXCR4;PDXP;AOAH;LIN9;PTGS2;FGD2;PSMB6;FGD6;NRIP1;STAT4;GCNT2;PDLIM5;APBB3;BRF1;KCNIP3;PTGES3;RFTN1;HSPE1;GDAP1;MPP7;TMEM154;KLF7;CENPF;PIK3IP1;PSMC1;SARM1;RIMBP3;SPRY2;PTPN7;RAMP1;IL18R1"
"FOXA1","FOXA1 27270436 ChIP-Seq LNCaP Human Prostate Carcinoma","152/1822","0.01525866044977303680185709566785590141080319881439208984375000","0.03277303315176271353292847265947784762829542160034179687500","0","0","1.2231397411689726","5.115914113959965980882","FHOD3;EHF;PATJ;RORC;CPOX;SPATA20;PRDM1;ALDH1L2;ZDHHC2;PLB1;GLDN;GALNT10;CLGN;FAM107B;GRB14;MACROD1;NRTN;RTTN;OIP5;HMCN1;MB21D2;PRKACB;PPFIA4;TNS3;TNS2;RNF43;ARL14;NHLRC3;LMO4;KRT8;MITF;ANXA10;LMO7;SYTL5;FOXP2;FOXP1;KIAA1217;SULT2B1;CYP27A1;CACNB2;INPP4B;NUP210L;LACTB2;CLIP4;MAML3;PLPP3;CLOCK;ABCG1;SPTBN4;INSIG1;PDGFB;AGAP3;KLHL13;PLD1;LTBP1;C5;RDH12;ADGRG6;HOXC4;DECR1;FDFT1;TNFSF18;DNASE2B;SIAH1;PBX3;NR2F2;NFATC4;DIAPH1;NAT1;PRXL2A;CDK3;DLG5;NOSTRIN;ANP32E;AMOTL2;TMEM19;CPEB4;CXCL8;ZNF250;MAST4;CITED2;LRRC3;SECTM1;MYPN;OSBPL10;TRIM8;TUBA1B;PMEPA1;SPDL1;MAN2C1;CFAP43;TMC1;HSP90AA1;ADGRV1;MMP7;HEG1;PDE4D;TNFRSF19;BTN3A3;TMC6;ANO4;DUSP6;EPN1;SSTR5;ADGRF3;PLCB4;NAV3;BANK1;IRF1;KIFC3;HNRNPH3;EEF1E1;PRPS1;RBM47;PCNA;NFIX;ATL1;FGL1;RGS16;PELI2;DNAH6;PPM1H;ZBTB42;PRICKLE1;HMGCR;AKAP5;DEPP1;MICALL2;GCNT3;ZNF585B;MBNL3;MPZL3;P4HTM;TRIM44;ZNF585A;TM4SF18;GALNT3;WNT7B;RFTN1;FBXL16;DHRS3;TMEM154;SLC25A37;CENPF;MYO15B;PIK3IP1;RPA3;ST7;SPRY1;PIK3AP1;SSBP2;RAMP1"
"SOX2","SOX2 22085726 ChIP-Seq NPCs Mouse","122/1430","0.01527961280717943758078458671434418647550046443939208984375000","0.03277303315176271353292847265947784762829542160034179687500","0","0","1.2504549196565624","5.228446920631625083331","IL1RN;CHRM4;HFE;CPOX;ENO3;BZW1;NR3C2;FAM107B;IFIT2;DOCK11;CHCHD2;HTR7;HMGN5;ARHGAP40;MPZ;FTH1;PALM;KPNA2;PTGDS;SCN1B;MAP3K5;SERPINF1;MITF;MAT1A;SRCIN1;OXA1L;BCAM;CACNB3;CLDN3;CACNB4;HAT1;ADPRH;COL4A5;MAML3;ZFPM1;NGEF;BRSK1;SLC26A1;GIPR;SLC1A1;CACNA1D;CD99L2;AGAP3;KRCC1;ZFP36L1;BCL2L12;EFNB2;CACNA1I;CCNB1;LDHA;SEC14L5;NPHP1;ST3GAL6;DECR1;PCK2;ABCA1;RTBDN;NGFR;KCNF1;RABGAP1L;ABCA3;TNFRSF9;TMEM132A;IL31RA;NR2F2;ELL3;PAN2;NAT1;NMU;BCL2;ITM2C;ARHGAP11A;TMEM151A;GPSM1;NRP2;CALCOCO1;GAL3ST1;TTC22;CITED2;SLC2A1;KRT23;MSLN;SIPA1L2;USE1;PCSK4;LYL1;SEC61G;ITGAX;ABCD1;SLC18A2;FGFBP1;PLLP;PLEKHG5;EPN1;VCAN;NAV3;PALLD;PPM1H;HSD17B14;PRR5L;AKAP3;TTN;MAN1C1;FSD1;PCDH1;APBB3;WASF3;TRIM40;PTGES3;BMP8A;SORL1;CENPE;PSMC5;LBX2;NOVA2;FAM131B;MORN2;CTH;TLL2;SPRY2;NOTUM;CRLF1"
"MEF2A","MEF2A 21415370 ChIP-Seq HL-1 Mouse","64/691","0.01538026045883565152971872436182820820249617099761962890625000","0.03289545792187228978598056983173592016100883483886718750000","0","0","1.3611297596762373","5.682268091251879482684","NRP2;MAST4;IRS1;COL12A1;DYSF;FHL2;DBI;SIPA1L2;PRSS23;IFIT2;CHCHD2;PLAU;NUF2;TMEM107;ANKRD1;PSMD1;HMCN1;KCNH2;MAGI1;PIAS3;KLF11;CACNA2D1;ANXA10;IL17RC;FOXP1;CACNB2;PALLD;PARD3;DPEP1;STEAP1;ZFPM1;TRIM55;RBMS3;PRIM2;SMARCD3;INSIG2;POMP;DAPP1;LTBP1;GABARAP;GLIS2;TTN;AP3M2;ABLIM2;PSMB3;CASKIN1;TRA2A;STXBP6;PDLIM5;NQO1;RABGAP1L;XRCC4;ABCA3;PLEKHA6;LSM5;PBX1;DHRS3;KLF7;BAMBI;RCAN2;PSMC2;SPIRE2;SLC26A4;PAM"
"RUNX2","RUNX2 24764292 ChIP-Seq MC3T3 Mouse","135/1600","0.01548013593143458474510332223417208297178149223327636718750000","0.03301554414755115962609721691478625871241092681884765625000","0","0","1.2366610675425551","5.154647730545722339457","SPARC;IRS1;CHRM4;SERPINE1;ABCA12;KLHL30;GALNT10;IFIT2;GPR176;CCND1;FTH1;MACROD1;HOXA1;SOX9;ACAD11;TNS3;SCN1B;TMPO;TGM2;ST6GAL1;KRT8;MYO7A;HSPG2;FOXP1;GPRIN3;OXA1L;CACNB3;PNLDC1;SPATA13;MALL;RIN1;NOTCH1;INSIG1;TACSTD2;AGAP3;LTBP1;GLIS2;SAV1;ZFP36L1;SOCS3;LDHA;CHST12;PDGFC;TRPM6;CPA4;ABCA2;AFAP1L2;ACBD4;LIF;NR1D1;NMI;NFATC4;PPFIBP1;ATG16L2;FMC1;DLG4;ID2;ID3;AMOTL2;NF2;ANP32B;RCOR2;GPSM1;FKBP10;NRP2;HSPB8;RASGRF1;DYSF;FHL2;SIX1;RND3;PITPNC1;LFNG;MRC2;TRIM8;TMEM107;TIMP2;ANKRD1;EIF5A;ACTR2;EIF5B;HSP90AA1;TIGD5;USP44;ANO8;TEX14;WNT16;SSTR5;MMP14;PLCB4;MMP16;IRF1;COL6A2;CKS2;CHST2;ENG;GRAMD1B;CAMK2D;PRKAA2;PCNA;CEBPD;SLC20A1;GCNT1;PAPLN;HSD17B14;PRR5L;UQCR10;PPM1F;FGD2;AP3M2;LEKR1;CDRT4;NQO1;GSN;BRF1;TXNRD2;PLCL2;BMP8A;ADAM32;FBXL16;SLC25A37;SH3RF2;KLF7;COL3A1;EPGN;PIK3IP1;AXL;PSMC2;ST7;KCP;VIM;NOTUM;LTBR;EIF3C;SSBP2"
"ZIC3","ZIC3 20872845 ChIP-ChIP MESCs Mouse","28/259","0.01611772797643997584549069301829149480909109115600585937500000","0.03427854823158360542123546110815368592739105224609375000000","0","0","1.6089747803413748","6.641583210826891736644","AGPAT5;SMARCD1;ARL6IP1;DLL1;ZFP36L1;LDHB;SALL4;PDGFC;ENPP3;CCDC38;DENND2C;FGFBP1;CACNA2D1;ITGA1;DKK1;PPP1R1A;BAMBI;RTN4RL1;IRF1;DDIT4;NOSTRIN;RNF182;SPRY2;KCTD12;VIM;CHST2;FAIM;ITGA9"
"STAT5B","STAT5B 24692510 ChIP-Seq Epithelium Mouse Mammary","47/484","0.01626256296763712444475302731916599441319704055786132812500000","0.03448942427125288590072926808716147206723690032958984375000","0","0","1.4312863633008317","5.895310463747300389059","SLC44A2;SLC20A1;DOCK8;PTAFR;CITED4;TMPRSS4;PRICKLE1;IKZF2;SIPA1L2;NPAS2;INAVA;SAV1;TTN;LFNG;LIPE;SOCS3;HEPHL1;STAMBPL1;OXCT1;GCNT2;PCDH1;RBBP8NL;BCL2L15;ATP6V1C2;EIF5A;RNF43;RABGAP1L;SLC15A2;H4C9;NHLRC3;SYK;MEIG1;SRD5A3;TBC1D8;NMI;GRHL2;ETV6;PAN2;NUDT7;MDFIC;NAV3;DLG5;TRIM15;MVD;PLCB2;FRK;TRIM55"
"RXRA","RXRA 24833708 ChIP-Seq LIVER Mouse","122/1434","0.01652476153500131994533717261219862848520278930664062500000000","0.03494732481491875930590396137631614692509174346923828125000","0","0","1.2463539991295955","5.113659994963085431152","KCNG3;IRS1;CHRM4;HFE;ZDHHC8;ENO2;SLC4A3;NRBP2;ARHGAP40;PSMD2;LIPG;NEK2;CCNL2;SLC25A45;CCDC92;PPFIA4;CDK5RAP3;ST6GAL1;CCDC78;FOXP1;CYP27A1;CLDN3;RUFY4;DDIT4;ADPRH;FSCN2;MZF1;STEAP1;NGEF;CFB;EPHA2;GPR87;TRANK1;LYPD3;PLD1;PPL;TMEM25;SOCS3;WNT6;RNF215;GAR1;NCKAP1L;FAM43A;PROM2;NGFR;GSTM2;RABGAP1L;PTPRN2;SYT1;ANKRD24;NEK5;NR1D1;SYT7;PAN2;CXCL10;BST1;BAMBI;FASN;CHMP2B;TMEM19;RCOR2;CPEB4;ITM2C;CPM;COL18A1;NRP2;DDX46;ONECUT3;LRRC39;HNF4G;TNFAIP2;GRIK4;HOXC13;TSPAN12;SHD;SGSH;THBD;ADAMTS2;ATP7B;RASGEF1C;TIMP2;HORMAD2;DLGAP5;HSP90AA1;CAMK1D;GAA;HEG1;USP44;NOG;TBC1D8;TMC5;ZDHHC14;DUSP7;RNF144B;TOX2;SDHAF1;NAT8L;PLCB2;MGLL;HBEGF;WDR27;PTGER4;RBM47;CEBPD;PAPLN;ABLIM3;LRIG1;DNAJC5G;FSD1;PCDH1;CMTM7;SLC12A5;MAPK15;DHRS2;GRHL2;CENPF;PDE10A;TCEA3;TRMT6;RIMBP3;EIF3C;TMEM229B"
"NFE2L2","NFE2L2 22581777 ChIP-Seq LYMPHOBLASTOID Human","42/425","0.01702906753593386515732710506654257187619805335998535156250000","0.03591325695427393521752534866209316533058881759643554687500","0","0","1.4583494651238635","5.939614614610603027245","CAMK2D;RBM47;TES;SPARC;MAML2;MTFP1;ONECUT3;POMP;SLC2A1;TNFAIP2;ILDR2;GRIK4;TNFAIP3;GRPR;FGD2;CTIF;HEPH;FTH1;SCRN2;DLGAP1;DLGAP5;ZNF365;TMC1;MMP7;AMBP;SYT1;WNT7B;CRIM1;NR1D1;NR2F2;CORO2B;ETV6;KIAA1217;BMP4;ACAP3;INPP4B;FRMD5;B3GNT5;IRF1;ALDOA;MGLL;RBMS3"
"IRF4","IRF4 20064451 ChIP-Seq CD4+T Mouse","72/795","0.01713687799434720701596823744239372899755835533142089843750000","0.03593984134925595069764980848958657588809728622436523437500","0","0","1.3287428842357738","5.403362874999938725296","HSPB8;ONECUT1;DYSF;GRIK4;PRSS23;PLB1;RGS4;HTR7;GRB14;NUF2;TMEM107;ANKRD1;NRTN;RTTN;DAPK1;LMO4;TESC;AKR1E2;NBPF10;HNF1B;NAV2;VASH1;GRIP2;MMP16;NAV3;BANK1;C1D;SPATA13;FSCN2;FJX1;MGLL;HBEGF;DNAH1;COX16;LAMA2;DHX9;NXPH3;AGAP3;FUT3;DPP4;C5;ABLIM2;STAMBPL1;MAL2;ST8SIA6;CSMD3;FSD1;SOCS6;PDLIM5;GTF2IRD2B;FAM83B;TNFSF18;KCNF1;GALNT3;SAMD4A;PNMA2;NMI;PLEKHA7;ANKHD1;MSRA;DIAPH1;FABP5;ID2;PAH;DLG5;BCL2;TLL2;SPRY1;VIM;SYCP3;CDKN3;MAP3K12"
"CBP","CBP 20019798 ChIP-Seq JUKART Human","72/795","0.01713687799434720701596823744239372899755835533142089843750000","0.03593984134925595069764980848958657588809728622436523437500","0","0","1.3287428842357738","5.403362874999938725296","HSPB8;ONECUT1;DYSF;GRIK4;PRSS23;PLB1;RGS4;HTR7;GRB14;NUF2;TMEM107;ANKRD1;NRTN;RTTN;DAPK1;LMO4;TESC;AKR1E2;NBPF10;HNF1B;NAV2;VASH1;GRIP2;MMP16;NAV3;BANK1;C1D;SPATA13;FSCN2;FJX1;MGLL;HBEGF;DNAH1;COX16;LAMA2;DHX9;NXPH3;AGAP3;FUT3;DPP4;C5;ABLIM2;STAMBPL1;MAL2;ST8SIA6;CSMD3;FSD1;SOCS6;PDLIM5;GTF2IRD2B;FAM83B;TNFSF18;KCNF1;GALNT3;SAMD4A;PNMA2;NMI;PLEKHA7;ANKHD1;MSRA;DIAPH1;FABP5;ID2;PAH;DLG5;BCL2;TLL2;SPRY1;VIM;SYCP3;CDKN3;MAP3K12"
"CBX2","CBX2 27304074 Chip-Seq ESCs Mouse","57/609","0.01763605322761608792947463086875359294936060905456542968750000","0.03688426644556826866638843398504832293838262557983398437500","0","0","1.3755659559437416","5.554273963446536122035","ONECUT3;CITED2;ONECUT1;RASGRF1;SIX1;HOXC13;HOXC11;LYL1;FGF9;NUF2;DNER;PMEPA1;SOX9;EOMES;ARL14;MSX2;NOG;HNF1B;AXIN2;C1QL1;TOX2;RTN4RL1;MAML3;IDI1;CAMK2D;NFIX;SEMA3D;INSIG1;GATA6;TRANK1;TWIST1;KLHL13;NPAS2;ADCY5;EFNB2;WNT6;ZBBX;MICALL2;HOXC4;CSMD3;TBX1;EGR3;WNT7B;IRX3;PLEKHA6;NR2F2;GRHL2;BMP7;SGPP2;LRP1B;PDE10A;SLCO3A1;ID2;SP5;ITGBL1;LHX5;CRLF1"
"GATA1","GATA1 26923725 Chip-Seq HPCs Mouse","19/160","0.01781021573834823401583093982480932027101516723632812500000000","0.03714561569738374785520917953363095875829458236694335937500","0","0","1.7858482106464495","7.193366355264998013297","FANK1;AOC3;GAL3ST1;NXPH3;ONECUT3;CPOX;IRS2;PBX1;ZDHHC14;GRIP1;SOCS3;BMP2;JPH2;HMGN5;PSAT1;RASGEF1C;NUF2;ZFPM1;SLC26A3"
"NR3C1","NR3C1 34362910 ChIP-Seq WistarRat Hippocampus Stress","65/709","0.01793975030625560851404998174984939396381378173828125000000000","0.03731270380502198918959422258012637030333280563354492187500","0","0","1.3456307162699694","5.410426322092069639780","GPSM1;FKBP10;LRRC39;OTUD7A;ARHGAP39;DBI;FGF2;SIPA1L3;GALNT10;PLB1;FAM107B;LIPE;ADAMTS2;MCF2L;TIMP3;DLGAP1;TNS3;TNS2;MAP3K5;TMPO;TGM2;RNF43;SLC15A2;ADGRV1;CAMK1D;TESC;ITGA1;TBC1D8;MYRIP;NAV2;F3;FOXP1;PARD3;SLC9A9;PPARA;SMARCD1;PDGFB;PPM1H;IL20RB;ADAMTS10;APOLD1;CACNA1I;SCUBE1;ADGRG6;NPHP1;ATOH8;GCNT2;MAN1C1;PTCHD4;FAM83B;MAP2K6;SYT1;LGI3;MERTK;CORO2B;POU2F3;SGPP2;SYT7;AXL;RCAN2;ST7;LCN2;LIMS2;CDKN3;BCL2L1"
"NR3C1","NR3C1 34362910 ChIP-Seq WistarRat Hippocampus","60/647","0.01807355048749312992351079287800530437380075454711914062500000","0.03748772147817943517500438588285760488361120223999023437500","0","0","1.3620045470766182","5.466140623761863714947","GPSM1;FKBP10;OTUD7A;ARHGAP39;FGF2;SIPA1L3;GALNT10;PLB1;FAM107B;LIPE;ADAMTS2;PALM;PDE4B;TIMP3;DLGAP1;TNS3;TNS2;TMPO;RNF43;SLC15A2;CAMK1D;TESC;ITGA1;TMOD2;TBC1D8;LMO7;MYRIP;NAV2;F3;CYP2U1;PARD3;SLC9A9;TNIK;PPARA;SMARCD1;CAMK2D;PDGFB;PPM1H;ADAMTS10;APOLD1;SCUBE1;ATOH8;LRIG1;MAN1C1;PTCHD4;SYT1;LGI3;MERTK;CORO2B;POU2F3;SGPP2;SYT7;AXL;RCAN2;ST7;LCN2;SLC26A4;LIMS2;CDKN3;BCL2L1"
"SMC4","SMC4 20622854 ChIP-Seq HELA Human","130/1544","0.01840953242375379869666396359662030590698122978210449218750000","0.03807999172584690394938178314987453632056713104248046875000","0","0","1.2326550487099563","4.924317237602512165040","SH3GL3;CSF1;PLEKHB1;ARHGAP39;GOLGA6L9;SALL4;SOX8;SOX9;CDK5RAP3;SAMD11;TGM2;KRT6A;PIAS3;S100A2;ARL14;ACSL6;SRCIN1;GRIP2;OLFM1;AZGP1;ADCY9;RUFY4;RIN1;SHC4;GNAZ;NOTCH1;NPR3;PPL;GLIS2;SOCS3;SCUBE1;SEC14L5;FADD;AP1M2;S100A10;NTNG2;PBX3;GRIN2C;CORO2B;BMP7;SYT7;LIN28A;CDK3;LCN2;ID3;CSPG5;COL9A3;PLCH2;RCOR2;TMEM151A;FANK1;FKBP10;SYNM;DOCK4;ITGB4;TTC22;KCNC3;KRT23;HOXC13;MSLN;OPLAH;LFNG;LYL1;ZCWPW1;JPH2;KIAA1549;MCF2L;SCRN2;ITGAX;TIMP2;ANKRD1;CTSH;CCIN;MYBL2;MAN2C1;TTC23L;LYNX1;HMGCS1;BTN3A3;MMEL1;KREMEN2;F3;IL17RC;DUSP7;SSTR5;C1QL1;KIFC2;CHDH;FAM20C;ENG;CRB2;ZNF595;PTGER4;LAMA5;NFIX;SNX33;DLL1;CAMKK1;SRR;TMEM201;GPR153;PSMB3;GNG4;OXCT1;CCL5;MGAT5B;ZNF747;APOL1;P4HTM;MUC4;RIBC2;TBX1;CDRT4;NQO1;GSN;TXNRD2;WNT7A;PLEKHA6;SYT13;KAZALD1;FMNL3;FRAS1;MYO15A;NOVA2;FAM131B;ZNF615;SGSM2;TCEA3;SARDH;LTBR"
"RELB","RELB 30642670 ChIP-Seq CTB1 Human Placenta Inflammation","17/139","0.01855750350797330527896633611817378550767898559570312500000000","0.03828118893038209152868134310665482189506292343139648437500","0","0","1.8459616153538585","7.359629420090061380222","SMIM3;ANKRD37;CXCL8;INSIG1;TNFAIP3;CXCR4;SLC2A3;PRDM1;PTGS2;KAZALD1;SOCS3;MMP14;DDIT4;ZMYND10;CD44;CHST2;HBEGF"
"GATA3","GATA3 21878914 ChIP-Seq MCF-7 Human","132/1574","0.01974460572980202971438146164473437238484621047973632812500000","0.04061901178746739338176752198705798946321010589599609375000","0","0","1.2272308788397663","4.816727737349341786910","EHF;IL1RN;SERPINE2;COL12A1;IRS2;ICAM5;EFEMP2;GRB14;PLAU;PSMD2;FAM186B;HOXA1;ACAD11;MAP3K5;KCNH2;KCTD19;SLC15A2;HNF1B;VASH1;VWA5B2;DKK1;OXA1L;CACNB3;AZGP1;IFI27;KCNQ4;FBN3;NXPH3;SLC1A1;CLCNKB;CHRD;TRANK1;CACNA1D;PIK3R1;PLD1;GLIS1;FBLN5;EFNB2;BLOC1S2;GAR1;HIVEP3;NCKAP1L;ST3GAL6;AP1M2;FAM83B;CPA4;TMEM120B;NTNG2;CDK18;ARHGEF35;SYT3;FOXF1;IQSEC1;DNASE2B;TNFRSF9;TMEM132A;IL31RA;PPFIBP1;STAG3;DLG5;CNTN1;RNF182;ANP32E;SLC26A3;CD22;FANK1;CPM;SERPINA1;GAL3ST1;ITGB4;CITED2;SLC44A2;OTUD7A;SLC2A3;RYR3;TRIM6;DBP;BCL7A;SCRN2;TMEM107;ITGAX;RSPO1;TMED4;ACTR2;EIF5B;DENND2C;KLF11;HMGCS1;ZNF480;TEX14;BTN3A3;KRT32;WNT16;ETV6;PSMA4;PALLD;TFEC;PPARG;EEF1E1;HBEGF;DNAH1;DNAH2;CLDND1;ZNF350;SEMA3D;FGL1;SLC5A11;HSD17B14;CAMKK1;APOLD1;ADCY5;DCST2;MAL2;SLC25A21;DNAJC5G;EPS8L3;MPZL3;LEKR1;ZNF585A;CA11;SLC12A5;SAMD4A;PNMA2;KAZALD1;GRHL2;GDAP1;TARBP1;MORN2;TLL2;CHPT1;MAMLD1;CCL26"
"PIAS1","PIAS1 25552417 ChIP-Seq VCAP Human","55/589","0.02027106522502422972231705955437064403668045997619628906250000","0.04158873436112308502599077542072336655110120773315429687500","0","0","1.3713844972545379","5.346425798973161391814","CALCOCO1;MAML2;IRS1;CITED2;GRIK4;IRS2;PRDM1;ABCA12;SLC4A3;TSPAN12;SIPA1L3;RND3;NR3C2;GRM7;CA2;LIPG;HMCN1;TNS3;LRRCC1;TGM2;MAGI1;MSX2;IGFBP3;WNT16;NUP210L;PALLD;PPARA;RBMS3;RBM47;CEBPD;SLC45A1;TMTC1;PIK3R1;PRICKLE1;MRO;PLD1;DCST2;POU5F1B;MAL2;SOCS6;CDRT4;IRX3;MBOAT1;ZNF804A;SORL1;GRHL2;GDAP1;FABP5;PSAT1;BAMBI;PI15;SPRY2;PIK3AP1;RCOR2;SNTB1"
"NACC1","NACC1 18358816 ChIP-ChIP MESCs Mouse","52/554","0.02154899426830847106173472127466084202751517295837402343750000","0.04409076063027884961886826431509689427912235260009765625000","0","0","1.3786267732601605","5.290378407645319747132","COL18A1;DGKE;CITED2;SLC44A2;SLC2A3;MSLN;TRIM8;SALL4;NRTN;MYBL2;ENPP3;CCDC38;DENND2C;ARSA;FGFBP1;PLLP;PLEKHG5;USP44;TNFRSF19;AMT;NPY1R;DKK1;DUSP6;EID3;MZF1;AGPAT5;SLC20A1;NXPH3;SLC5A11;CXCR4;DLL1;ZFP36L1;DPP4;LDHB;CCL5;PDGFC;GCNT2;SUSD4;SLIT2;NQO1;ACBD4;DHRS3;NFATC4;BMP4;NR4A1;PSAT1;ST7;TCEA3;ID3;SPRY2;AMOTL2;RCOR2"
"GATA2","GATA2 26923725 Chip-Seq HEMANGIOBLAST Mouse","10/69","0.02234545929440578254654425904845993500202894210815429687500000","0.04559681558723342048589088904009258840233087539672851562500","0","0","2.2417401613859349","8.521150581735067675027","EFNB2;GPM6A;HMGN5;PRDX1;LRRC39;SLC9A9;EPS8L3;SPATA18;PRKG1;FRK"
"PPARD","PPARD 23176727 ChIP-Seq KERATINOCYTES Mouse","19/164","0.02250094036580518527812522222575353225693106651306152343750000","0.04579032338593777562429920635622693225741386413574218750000","0","0","1.7362068965517241","6.587513041113083112066","CGREF1;SLC45A3;MCAM;FHL1;DBI;PRICKLE1;MEIS3;FBLN5;SYNGR1;ADAMTS2;TMEM125;GPR153;CCND1;VSNL1;OXCT1;COL6A2;BDKRB2;CHAC1;PCK2"
"STAT3","STAT3 22323479 ChIP-Seq MACROPHAGE Mouse","6/32","0.02266412900944177535866863593128073262050747871398925781250000","0.04599843387668962890746371385830570943653583526611328125000","0","0","3.0489460717218724","11.546272867138641871065","PSMB6;SOCS3;PDE4D;DUSP18;PIK3R1;CRIP1"
"TRIM28","TRIM28 17542650 ChIP-ChIP NTERA2 Human","61/668","0.02290783415116422541690788250434707151725888252258300781250000","0.04636840424699460033730602503965201321989297866821289062500","0","0","1.3385831960461283","5.054860031274306386706","RET;IRS1;HSPB8;SIX1;IRS2;PRDM1;GRPR;FGF2;FGF9;GRB14;ZNF84;SOX8;SOX9;LZTS1;AASS;EOMES;GPR39;CHST7;DAPK1;NPY1R;MYO7A;FOXP1;EREG;ETV6;ZNF91;VGF;KCNQ1;MCM5;MGLL;CD44;ATL1;LTBP2;AOAH;AKAP3;DLL1;FBLN5;ADCY5;DPP4;EFNB2;LDHB;WNT6;KCNF1;ST14;SYT3;FOXF1;USP9Y;WNT7A;NMI;PNMA2;BMP7;SGPP2;DHRS3;BMP4;BST1;MSRA;STAG3;BAMBI;ID2;LHX5;SSBP2;RAMP1"
"GATA3","GATA3 26560356 Chip-Seq TH2 Human","132/1583","0.02318556338392260829373014985321788117289543151855468750000000","0.04680508116273146557162476710800547152757644653320312500000","0","0","1.2189786882304350","4.588510615791044244816","SH3GL3;DGKE;IL1RN;ARL6IP1;PLEKHB1;COL12A1;OGDHL;IL1RAP;PRDM1;ALDH1L2;SYDE1;HTR7;PLAU;SALL4;PALM;ENPP3;SLC25A45;MAP3K5;RNF43;ST6GAL1;PAQR5;LMO7;MAT1A;OVOL1;FOXP1;AZGP1;NUP210L;SLC9A9;SNRPG;FSCN2;ZFPM1;NOTCH1;GPR87;INSIG1;GATA6;TMTC1;PIK3R1;HIGD1A;SAV1;C3;SOCS3;CACNA1I;SDCBP;CCNB1;EBP;HIVEP3;FAM43A;GTF2IRD2B;FDFT1;MAP2K6;FDPS;GPR15;IL31RA;DCDC1;STAG3;DLG4;FASN;ID2;MKX;NF2;TMEM19;ARHGAP11A;FANK1;OSCP1;ZNF250;CITED2;KCNC3;LRRC39;TNFAIP3;KRT23;N4BP2L1;SLC2A3;HMGB1;TMEM107;ITGAX;PDE4B;CPXM1;CCR3;EIF5AL1;DENND2D;ZHX2;CHST7;TNFRSF19;NBPF10;BTN3A3;EPN1;ARL4C;PSMA4;PSMA1;OAS1;COL6A2;CKS2;MCM5;CDH15;MNS1;EEF1E1;PLCB2;CHST2;ST6GALNAC5;CD44;MGLL;HBEGF;DNAH2;CLDND1;RGS16;PELI2;PTAFR;DNAH6;AKAP5;CRIP1;AP3M2;POLD4;ABLIM2;TNKS2;OXCT1;STAT4;GCNT2;IL21R;LRIG1;MAP4K5;MPZL2;GSN;MBOAT1;SORL1;DHRS3;EPGN;PSMC6;SLCO3A1;PTPN7;FOLR1;IL18R1;TMEM229B"
"RNF2","RNF2 27304074 Chip-Seq NSC Mouse","70/782","0.02336748972091420156749208558721875306218862533569335937500000","0.04704654597144058980617842280480545014142990112304687500000","0","0","1.3106414800291579","4.923306173250618478221","NRP2;SYNM;CITED2;FHL1;ONECUT1;RASGRF1;SIX1;SLC2A3;HOXC13;GRIK2;ZCWPW1;DOCK11;FGF9;PDE4B;MAP3K5;ADAMTS7;EOMES;CHST7;GPR37;CAMK1D;MSX2;VASH2;TEX14;HNF1B;AXIN2;TMC5;WNT16;FOXP2;ZDHHC14;SLC9A2;ARL4C;MDFIC;PPP1R3E;SPATA18;NAT8L;STEAP1;GNAZ;GPM6A;INSIG2;GATA6;PPM1H;CXCR4;EFNB2;ZBBX;ATOH8;KLRG2;HOXC4;STXBP6;TRIM44;DMRT1;EYA4;IL31RA;NR2F2;SORL1;DHRS3;TTLL7;NR4A1;MAP3K15;GNAL;PDE10A;STAG3;PIK3IP1;SP5;SPRY2;LHX5;ANP32B;SLC26A4;PRRT4;PAM;CRLF1"
"P53","P53 21459846 ChIP-Seq SAOS-2 Human","132/1584","0.02359648342638054688280568882419174769893288612365722656250000","0.04735679604765476863326156831135449465364217758178710937500","0","0","1.2180680929703604","4.563684060073328829787","FHOD3;ALDH1L1;RAB3A;IRS2;ENO2;HEPHL1;SOX9;ACAD11;HMGN2;TNS3;SAMD11;ST6GAL1;S100A2;LMO4;SLC9A2;CYP27A1;BCAM;ADCY9;SCNN1D;FANCD2;CSNK2B;EMID1;ABCG1;GPM6A;SPTBN4;SLC26A1;NPR3;ALOX15;ILDR2;PIK3R1;PLD1;PSORS1C1;RDH12;ARSJ;LCN12;ZBED2;ZNF426;SFN;BCL2L15;S100A10;VASP;TNFRSF9;AMMECR1;ZBTB12;PARP16;NR2F2;NR1D1;LSM5;CORO2B;SYT7;LRP1B;LCN2;ID3;RCOR2;COL18A1;SERPINA1;DOCK3;CITED2;MAST1;GRIK4;GPT;DBI;HOXC11;ORM2;LYL1;GRM7;HNF4A;MCF2L;PMEPA1;HORMAD2;ANXA9;ZNF365;TIGD5;GPR37;HMGCS1;ZNF480;PLLP;TRPC1;USP44;KRT34;KRT32;NME5;WNT16;TMEM150C;DUSP6;COMMD4;ETV6;RNF144B;MDFIC;B3GNT5;SDHAF1;TRNP1;MCM5;CHST2;MGLL;AGPAT5;RBM47;NFIX;TUBAL3;LIN9;TTN;AP3M2;POLD4;GPR153;ABLIM2;ABLIM3;ATOH8;TRA2A;CHN1;STAT4;HSF4;ZNF469;CSMD3;P4HTM;HES4;CA12;NQO1;HNRNPA3;GSN;KCNB1;BMP8A;ADAM32;PNMA2;PSMB9;NUDT7;SGSM2;TCEA3;LNX1;TLL2;MAMLD1;FOLR1;FRK"
"GATA1","GATA1 19941827 ChIP-Seq MEL Mouse","122/1453","0.02364703590723953030572346278859185986220836639404296875000000","0.04735679604765476863326156831135449465364217758178710937500","0","0","1.2272112348666022","4.595313949470258840790","FHOD3;EHF;FRMPD1;CHRM4;ICAM5;BACH1;GALNT10;CLGN;ZFYVE28;RPS6KA1;MACROD1;NRTN;MAP3K5;TGM2;PIAS3;RNF43;FIBCD1;ACSL5;MITF;ANK1;SYTL3;DISP2;FRMD5;DEPDC1B;ADCY9;PARD3;TMEM139;S100A4;TRIM15;S100A3;GEMIN7;MAML3;TRIM10;ZFPM1;EPHA2;GNAZ;NOTCH1;INSIG1;ENDOD1;CHRNA9;DAPP1;LTBP1;GLIS1;ST3GAL6;ARSG;KCNN4;AP1M2;MAP2K6;ABCA1;TMEM120B;FDPS;PTPRN2;FHDC1;POU2F3;PBX1;GNAL;TBCE;BCL2;ANP32E;BCL2L1;FKBP10;COL18A1;SLC44A2;DOCK8;TNFAIP2;N4BP2L1;SLC2A3;ECSIT;SIPA1L2;SIPA1L3;PITPNC1;LYL1;ZCWPW1;RASGEF1C;SCRN2;DLGAP1;ANXA9;TK1;SLC18A2;CCR3;PSENEN;DENND2C;KCND1;PLEKHG5;PDE4D;TBC1D8;NAV2;CBFA2T3;VAMP8;RNF144B;MMP14;TOX2;OAF;HKDC1;PLCB2;ST6GALNAC5;NFIX;GCNT1;AKAP5;CRIP1;APOLD1;THSD4;GLRA1;SH3TC2;NRIP1;MICALL2;SLC25A21;MPZL2;BRF1;KCNB1;TXNRD2;RFTN1;PLEKHA6;GRHL2;TMEM154;SBK1;LBX2;PDE10A;SLCO3A1;PSAT1;RAB13;RAMP1"
"NUCKS1","NUCKS1 24931609 ChIP-Seq HEPATOCYTES Mouse","53/570","0.02399235763132777018991070860920444829389452934265136718750000","0.04792124341707001966561563222057884559035301208496093750000","0","0","1.3642431269103783","5.088654054613579447164","COL18A1;DOCK4;CSF1;IRS1;CITED2;BHLHE41;SLC2A1;TNFAIP3;IRS2;CCND1;FTH1;HNF4A;KPNA2;MAP3K5;PIAS3;ACTR2;HSP90AA1;ITGA3;LMO4;ITGA1;KRT8;MITF;AXIN2;F3;DUSP6;EPN1;MMP14;MDFIC;PARD3;IRF1;DDIT4;KIFC3;ALDOA;CAMK2D;PCNA;CEBPD;PIK3R1;PLD1;ZFP36L1;SOCS3;LDHA;CCNB1;NRIP1;LRIG1;HMOX1;HNRNPA1;VASP;XRCC6;PBX3;BMP7;BAMBI;ID2;MAP3K12"
"CTBP1","CTBP1 25329375 ChIP-Seq LNCAP Human","78/885","0.02417558444004927475923238944233162328600883483886718750000000","0.04815980541487388522092771836469182744622230529785156250000","0","0","1.2893520777964007","4.799499727256992365199","FANK1;OSCP1;CNTNAP2;SLC27A1;MAST4;MAML2;COL12A1;CTNND1;HNF4G;HOXC13;DUSP18;USE1;GRM7;FGF9;TRIM29;SALL4;SEC61G;NUF2;BDKRB2;DLGAP1;HORMAD2;SOX9;TMPO;LRRCC1;ZHX2;AMN;SYK;LMO4;AKR1E2;NBPF10;MITF;MMEL1;PLCB4;TNIK;ZNF595;PRIM2;SAMD9;COX16;IL20RB;CXCR4;LTBP2;PIK3R1;PRICKLE1;ADAMTS10;KIAA0040;PPM1F;PLD3;ZFP36L1;CACNA1I;OXCT1;LCN12;FAM43A;CHSY3;CSMD3;SLIT2;TRPM6;APOL3;PROM2;TBX1;NQO1;DMRT1;TMEM132B;IRX3;PLCL2;IL31RA;NR2F2;SYT13;LSM5;BMP7;DHRS2;GDAP1;PBX1;BMP4;GNAL;PAH;CNTN1;SARDH;LHX5"
"JUND","JUND 26020271 ChIP-Seq SMOOTH MUSCLE Human","131/1573","0.02449776400426664779708119112910935655236244201660156250000000","0.04867318900847715512636426637982367537915706634521484375000","0","0","1.2169821645284329","4.513997910339133667890","SLC27A1;IL1RN;TES;COL12A1;SERPINE1;IL1RAP;ANTXR2;ZDHHC2;FGF2;GPR176;HTR7;FGF9;FTH1;SLC25A45;PPFIA4;KCTD19;S100A2;ARL14;LMO4;ANXA10;LMO7;DKK1;CLDN3;SPATA13;CLIP4;MALL;RIN1;SCG2;EPHA2;SHC4;INSIG1;CHRNA9;TMTC1;LTBP2;PLD1;PPL;ZFP36L1;CACNA1I;LDHA;BLOC1S1;HMOX1;SFN;HIVEP3;FADD;SOCS6;KCNN4;ST14;GPR15;COL24A1;SRD5A3;IL31RA;HTR1B;ZBTB12;PARP16;NR2F2;NR1D1;POU2F3;GPR137C;BST1;CDK3;ITGBL1;DCHS1;PAM;FANK1;DHRS13;CITED2;HSPB8;MAST1;CITED4;FHL2;SLC2A1;TNFAIP3;ECSIT;SIPA1L2;TRIM8;HNF4A;TIMP2;PMEPA1;HORMAD2;FGFBP3;SH3D19;TMC1;ZHX2;HMGCS1;ITGA3;TESC;HEG1;PLA2G4C;TUBG2;F3;PLCB4;OAF;B3GNT5;FJX1;TRIM55;PTGER4;CAMK2D;SAMD9;SLC5A11;PPM1F;TNKS2;ABLIM3;OXCT1;MGAT5B;PDLIM5;GABRE;MAP4K5;MPZL3;LEKR1;HES4;CA12;TM4SF18;TAF15;GSN;WNT7B;AHNAK2;SYT13;MPP7;TTLL7;CENPE;SH3RF2;PDE10A;AXL;RPA3;ZNF219;RAB13;LNX1;PI15;VIM;FRK;CCL26"
"PU.1","PU.1 20513432 ChIP-Seq MACROPHAGES Mouse","126/1509","0.02522486187725267101078507891998015111312270164489746093750000","0.04998627484862405712107147337519563734531402587890625000000","0","0","1.2199025971285566","4.489150294551710551616","SH3GL3;EHF;SPARC;CPOX;ALDH1L2;ENO3;GALNT10;EFEMP2;PTTG1;MPZ;SLC25A45;CCDC92;TNS3;CDK5RAP3;PIAS3;LAG3;ST6GAL1;DAPK1;VWA5B2;ANK1;AZGP1;EID3;SLPI;RUFY4;FANCD2;FSCN2;RIN1;NGEF;SHC4;SHC2;INSIG1;ILDR2;LYPD3;PLD1;NPAS2;FBLN5;GLIS2;SOCS3;SDCBP;HIVEP3;NCKAP1L;S100A14;ABCA1;ABCA2;IL31RA;ABHD15;PAN2;EFNA2;TCN2;ID2;PAH;LCN2;ANP32E;NF2;PRRT4;PAM;CPEB4;MAP3K12;ITM2C;RET;FKBP10;COL18A1;CNTNAP1;LRRC3;TNFAIP3;GPT;SIPA1L2;OPLAH;PRSS23;SHD;PCSK4;TRIM8;TUBA1B;SLC22A17;SEC61G;TIMP2;CCIN;FGFBP3;CCDC38;ACTR2;DENND2C;TNNC1;TBC1D8;AMT;TMC8;TEX14;KCNAB3;CBFA2T3;SERPINB5;DUSP7;ETV6;C1QL1;TUBB2A;MDFIC;RTN4RL1;PALLD;HKDC1;C1D;CDH15;AGPAT5;PTGER4;SMARCD1;SLC20A1;GCNT1;PAPLN;UQCR10;FGD2;PSMB6;PSMB3;STAT4;MUC4;SLC12A5;F10;PTGES3;SORL1;DHRS3;MPP7;PSMC5;SLCO3A1;PIK3IP1;FAM131B;PI15;RIMBP3;VIM;SNTB1;CDKN3"
"GRHL2","GRHL2 25758223 ChIP-Seq PLACENTA Mouse","70/788","0.02706796112409844481949683370203274535015225410461425781250000","0.05349819541543016782059183356068388093262910842895507812500","0","0","1.2992528338100491","4.689529020891587407505","FANK1;SYNM;MAST4;RASGRF1;BHLHE41;GRIK4;DBI;PRSS23;CHCHD2;HTR7;GOLGA6L9;FTH1;MCF2L;CNGA1;RTTN;CDK5RAP3;DACT1;ADAMTS7;EOMES;ITGA3;TRPC1;ADAM11;GLRX2;NME5;GRIP2;KIAA1217;OLFM2;SPATA13;S100A3;ALDOA;TRIM10;FJX1;SAMD5;CEBPD;NPR3;IL20RB;LYPD3;TXN;PPL;ARL17B;PRDX1;MGAT5B;SEC14L5;MAL2;CSMD3;PCDH1;ZNF585A;NGFR;KCNF1;ZNF461;GALNT3;F10;MCAM;MACC1;SIAH1;SAMD4A;CYBRD1;NR2F2;ANKHD1;CENPE;NR4A1;MYO15B;NOVA2;PAH;SPRY1;VIM;PRRT4;PAM;SLC26A3;CDKN3"
"NFYA","NFYA 21822215 ChIP-Seq K562 Human","131/1579","0.02718063025593379575250985169532214058563113212585449218750000","0.05358061577866844726880657390211126767098903656005859375000","0","0","1.2115153444406077","4.367816522166000581251","EHF;CSF1;CHRM4;CTNND1;FAM107B;RGS4;GRIP1;HTR6;HTR7;CCND1;FTH1;RPS6KA1;NEK2;CCNL2;HMCN1;HMGN2;PRKACB;SAMD11;LMO4;AKR1E2;HSPG2;DKK1;ACAP3;CACNB2;SPATA17;OBSCN;NUP210L;SCNN1D;KCNQ1;PARD3;KCNQ4;EPHA2;SLC45A3;COL13A1;FBLIM1;DHX9;SLC45A1;CLCNKB;TACSTD2;KIAA0040;GLIS1;TMEM125;PRDX1;SFN;HIVEP3;ST8SIA6;TSPAN2;TNFSF18;AFAP1L2;RABGAP1L;COL24A1;SYT1;DNASE2B;TNFRSF9;GLMN;PBX1;PPFIBP1;PPFIBP2;LIN28A;BAMBI;PAH;DLG5;CNTN1;ANP32E;ID3;COL9A2;MKX;PLCH2;FANK1;RET;OSCP1;HSPB8;KCNC4;LRRC39;CITED4;SLC2A1;GRIK4;SIPA1L2;PRSS23;MRC2;NUF2;ANKRD1;PDE4B;RSPO1;PRKG1;ZNF365;CAMK1D;CCDC34;PLEKHG5;NOG;NBPF10;MMEL1;F3;DUSP6;ETV6;ZEB1;ELF3;RNF207;TRNP1;CHI3L2;ST6GALNAC5;CD44;PRKAA2;PELI2;PTAFR;PTGS2;CRYZ;TMEM201;GPR153;GNG4;MAN1C1;SUSD4;EPS8L3;TRIM44;IL12RB2;HES4;BMP8A;AKR1C3;PLEKHA6;SYT13;SORL1;DHRS3;MPP7;TTLL7;CENPF;PER3;CTH;TCEA3;VIM;PIK3AP1;SLC25A34"
"AR","AR 21915096 ChIP-Seq LNCaP-1F5 Human","134/1619","0.02740269507948141572417632971792045282199978828430175781250000","0.05387769475262622204114748569736548233777284622192382812500","0","0","1.2086070836266607","4.347497352069007447994","EHF;TES;CSF1;IRS1;IRS2;IL1RAP;PRDM1;GRPR;BACH1;BZW1;CLGN;HERC3;ARHGAP40;FTH1;ENPP3;CHAC1;MSX2;DAPK1;RALGAPA1;ACSL5;SYTL5;SRCIN1;CLDN3;NUP210L;LACTB2;DDIT4;ABCG1;SLC45A3;IL20RA;ENDOD1;CACNA1D;PRDM10;PPL;ZFP36L1;POU5F1B;DPP4;ZBED2;MAP6;ST3GAL6;SOCS6;FDFT1;ABCA1;NTNG2;NEK5;IQSEC1;DNASE2B;CRIM1;CORO2B;PPFIBP1;PPFIBP2;FASN;PAH;BCL2;RNF182;ANP32E;AMOTL2;PLCH1;SLC26A3;BCL2L1;SERPINA1;CITED2;KCNC4;BHLHE41;TNFAIP2;TNFAIP3;PITPNC1;MMP20;TRIM8;ANKRD1;PMEPA1;TK1;CD33;ABCC3;CNTD1;MMP7;PLLP;USP44;TNFRSF19;NDUFC2;TMC6;TMC5;TMEM150C;RNF144B;PLCB4;TUBB2A;TAX1BP3;SMPDL3A;ST6GALNAC5;CD44;ZNF474;PTGER4;PRPS1;CEBPD;SLC20A1;DNAH6;PPM1H;HMGCR;AKAP5;THSD4;DCST2;TMEM201;SH3TC2;TNKS2;SPOCK2;NRIP1;GCNT2;LRIG1;MAL2;SLIT2;MBNL3;MAP4K5;CA12;CMTM7;CDRT4;TM4SF18;GALNT3;KCNJ11;WNT7B;IRX3;ADAM32;MERTK;SORL1;GRHL2;GATM;FRAS1;PDE10A;KRT16;ST7;FKBP1B;CHPT1;PIK3AP1;SSBP2;RAMP1;FRK"
"ISL1","ISL1 30127528 ChIP-Seq BE2C Human Brain Neuroblastoma","69/776","0.02752417084659269583268859094005165388807654380798339843750000","0.05397597140046100222532388102081313263624906539916992187500","0","0","1.3004487802410218","4.672110265224922898142","DOCK4;TRAF3IP2;FHL2;ABCA12;ANTXR2;ZDHHC2;MYPN;SHD;CASP4;PDE4B;PPFIA4;PRKG1;SAMD11;TGM2;KCNH2;KCND1;MMP7;LMO4;PDE4D;USP44;TNFRSF19;CASK;LMO7;DUSP6;FOXP1;INPP4B;PLCB4;CLIP4;ST6GALNAC5;TRIM55;RBMS3;ARHGEF28;FGL1;CHRNA9;IL20RB;TMTC1;KLHL13;THSD4;EFNB2;SDCBP;SYNGR1;LDHA;STAMBPL1;SH3TC2;OXCT1;CHN1;LRIG1;HOXC4;ST3GAL6;MBNL3;SLC10A4;RFTN1;PBX3;PLEKHA6;SEPTIN6;L1CAM;CCDC9B;SORL1;PLEKHA7;ADGRD1;ID2;RPA3;ZNF219;ST7;CNTN1;PLCH2;SSBP2;PRRT4;PAM"
"MYCN","MYCN 27167114 Chip-Seq NEUROBLASTOMA Human","132/1594","0.02804212757145118847801334993619093438610434532165527343750000","0.05483478349557037445638485451127053238451480865478515625000","0","0","1.2090306530088808","4.321132793468590804764","CSF1;PLEKHB1;STMN3;FGF2;KLHL30;FGFRL1;HTR6;EFEMP2;HEPHL1;CCND1;DHX58;MACROD1;RTTN;SOX8;CCNL2;HMGN2;PTGDS;TNS4;PRKACB;SAMD11;PIAS3;IL15RA;CCDC154;LMO4;AKR1E2;LMO7;MYO7A;ACAP3;ADCY9;PPP1R3E;FSCN2;RIN1;ZFPM1;IDI1;NXPH3;TMEM59L;LIN7A;C2CD4C;CPLX1;DPP4;RDH12;CASKIN1;SFN;HIVEP3;FAM43A;PRR22;S100A10;NGFR;TMEM120B;GSTM2;EGR3;COL24A1;FOXF1;TMEM132A;NR1D1;NFATC4;PPFIBP2;EFNA2;PPP1R1A;BAMBI;FASN;PAH;SP5;ID3;COL9A3;PLCH2;TMEM19;RCOR2;NES;OSCP1;SYNM;ONECUT3;HSPB8;BHLHE41;HNF4G;SLC2A1;SECTM1;SLC2A3;HOXC11;PRSS23;PCSK4;MRC2;SIX4;ITGAX;TIMP2;PMEPA1;ABCC3;CAMK1D;TESC;PLEKHG5;TMC8;DUSP6;TEX19;ETV6;SSTR5;B3GNT8;VSNL1;VGF;RNF207;FJX1;LIN9;POLD4;GPR153;STAMBPL1;SPOCK2;ATOH8;ZNF747;MICALL2;HSF4;MAN1C1;ZNF469;DNAJC5G;HES4;CA12;KCNJ11;IRX3;MACC1;HAGHL;SAMD4A;AKR1C3;DHRS2;TTLL7;FMNL3;MAPK11;PER3;TFAP4;TCEA3;RAB13;RIMBP3;SPRY2;CRLF1;NUP37"
"GATA2","GATA2 21666600 ChIP-Seq HMVEC Human","54/588","0.02810736584474932131527680212457198649644851684570312500000000","0.05483478349557037445638485451127053238451480865478515625000","0","0","1.3454580079984766","4.805604129780214783807","SPARC;TRAF3IP2;MAST4;SERPINE1;DYSF;ENO3;LYL1;PLAU;ANKRD1;DLGAP1;SLC25A45;TGM2;MAGI1;GLRX2;NAV2;ANO4;HSPG2;CBFA2T3;ETV6;KIAA1217;RNF144B;B3GNT8;MDFIC;PLSCR4;ALDOA;ZFPM1;MGLL;ENG;INSIG1;LAMA4;GATA6;IL20RB;PIK3R1;AKAP5;PLD1;CRIP1;THSD4;DPP4;SDCBP;GCNT2;ST3GAL6;FADD;EPS8L3;TRPM6;IL12RB2;PCK2;NTNG2;SRD5A3;MERTK;PPFIBP2;KRT18;PIK3IP1;ITGBL1;MAMLD1"
"CEBPB","CEBPB 26923725 Chip-Seq MACROPHAGESS Mouse","121/1450","0.02836427852817659939210770403406058903783559799194335937500000","0.05519337703292095942408934661216335371136665344238281250000","0","0","1.2181800152822253","4.339918240496714041399","ALDH1L1;EHF;IRS2;BACH1;GLDN;FAM107B;NRBP2;SYDE1;FTH1;LIPG;RASSF6;RPS6KA1;PSMD1;CCNL2;SPA17;TNS4;PPFIA4;TNS3;PIAS3;NHLRC3;HNF1B;SRCIN1;OLFM2;NUP210L;ADPRH;CFB;PXT1;IDI1;NOTCH1;FBLIM1;CLCNKB;TRANK1;FOXO6;CACNA1D;KRCC1;PPL;EFNB2;SOCS3;CACNA1I;SFN;RTBDN;GSTM2;GLMN;SNF8;POU2F3;BST1;MSRA;BMP2;GNAL;LIN28A;PPP1R1A;NAT1;CDK3;SPIRE2;AMOTL2;MKX;RCOR2;SLC26A3;ITM2C;NRP2;LAMC3;DOCK8;LRRC39;FHL2;TNFAIP2;OPLAH;CASP4;CPXM1;RSPO1;CCR3;TTC23L;TMC1;TESC;PDE4D;AMT;TMEM150C;IL17RC;DUSP6;ETV6;ARL4C;VCAN;OAF;MMP17;C1D;CKS2;PPARG;HNRNPH3;FJX1;PLCB2;MGLL;AGPAT5;RBM47;CLDND1;PELI2;POMP;ZDHHC23;PTGS2;THSD4;POLD4;SH3TC2;ABLIM3;NRIP1;HAS3;LRIG1;PCDH1;CMTM7;SLC12A5;CD72;F10;RFTN1;HAGHL;MBOAT1;SGPP2;MPP7;GRIN1;LNX1;RIMBP3;NOTUM;EIF3C;SLC25A34;CRLF1"
"GBX2","GBX2 23144817 ChIP-Seq PC3 Human","21/191","0.02870117955032167739171100606654363218694925308227539062500000","0.05570537419149836771969930282466521020978689193725585937500","0","0","1.6368980110029625","5.812325379261080726678","WDR49;ABCC3;ZNF350;LAMA2;IL1RAP;MYRIP;LIN9;FBLN5;RYR3;PARD3B;OLFM2;GRB14;MMP16;PARD3;RPA3;CNTN1;PI15;MAL2;CSMD3;MAP4K5;PRKG1"
"UBF1/2","UBF1/2 26484160 Chip-Seq FIBROBLAST Human","131/1583","0.02909799975952644113252887336784624494612216949462890625000000","0.05633074312421143536866452450340148061513900756835937500000","0","0","1.2078958978994490","4.272431481429285859974","MAML2;FRMPD1;CTNND1;NR3C2;HTR7;GOLGA6L9;LIPG;RASSF6;RTTN;OIP5;HMCN1;SOX9;EOMES;RNF43;DAPK1;LMO4;CACNA2D1;ACSL6;DKK1;GRIP2;KIAA1217;ADPRH;CLIP4;MAML3;EPHA2;CUL7;FBLIM1;EBI3;GATA6;ENDOD1;IL20RB;LIN7A;PIK3R1;LTBP1;GABARAP;SAV1;CCNB1;ZMAT1;ZNF704;ST8SIA6;SOCS6;KCNN4;GTF2IRD2B;PRR22;TRPM6;FAM83B;S100A10;MAP2K6;TNFSF18;SYT1;CRIM1;NR2F2;SNF8;NMI;FHDC1;POU2F3;PBX1;MSRA;BAMBI;PAH;CHMP2B;RNF182;LHX5;TMEM19;SYNM;DOCK3;MAST4;ONECUT1;DYSF;OTUD7A;GRIK4;SECTM1;AREG;HOXC11;RND3;PRSS23;MMP20;ANKRD1;DACT1;TMC1;ZHX2;CAMK1D;ITGA1;DENND2A;MYRIP;TMC5;DUSP6;TUBB2A;MMP16;OAF;BANK1;C1D;EEF1E1;ALDOA;MGLL;ITGA9;RBMS3;SAMD5;SMARCD1;CAMK2D;CEBPD;SEMA3D;RGS16;CXCR4;PTGS2;SH3TC2;TNKS2;MGAT5B;ZNF469;SLIT2;LEKR1;CMTM7;CA11;CYP51A1;PLCL2;BMP8A;SAMD4A;PNMA2;PLEKHA7;DHRS3;TTLL7;AADAC;FABP5;PSAT1;NOVA2;CTH;LNX1;NOTUM;ZNF214;SSBP2;SNTB1"
"ELK3","ELK3 25401928 ChIP-Seq HUVEC Human","139/1689","0.02928581114712410990441604496936633950099349021911621093750000","0.05654932842986880314750663956147036515176296234130859375000","0","0","1.2012685128829377","4.241261247456675320677","DGKE;RAB3A;IRS1;CHRM4;SERPINE1;NUDT1;ICAM5;BACH1;KLHL30;FAM107B;ZFYVE28;SYDE1;EFEMP2;CCND1;PLAU;FTH1;MACROD1;HOXA1;SLC25A45;ACAD11;PRKACB;TGM2;LAG3;S100A2;HSPG2;ACAP3;PPP1R3E;DDIT4;MALL;DPEP1;MAML3;TNIK;RIN1;ZNF550;SLC45A3;NOTCH1;FBLIM1;DHX9;GIPR;PDGFB;LTBP2;AGAP3;PRDM10;AK7;ZFP36L1;LDHA;BLOC1S2;PRDX1;SEC14L5;SFN;PCK2;FDFT1;S100A10;VASP;FDPS;MCAM;PBX3;CRIM1;NR1D1;LSM5;CORO2B;SYT7;NFATC4;ABHD15;BMP4;PAN2;BMP2;ATG16L2;DLG4;TBCE;ID3;LHX5;RCOR2;NRP2;SLC44A2;FHL2;SLC2A1;TNFAIP3;RND3;LFNG;MRC2;TRIM8;LYL1;TUBA1B;DBP;CASP4;TIMP2;FGFBP3;PRKG1;ADAMTS7;EIF5A;ABCC3;GPR37;PLEKHG5;IL17RC;DUSP6;DUSP7;ETV6;OAF;IRF1;RNF207;HNRNPH3;ALDOA;SMPDL3A;TRIM55;CD44;WDR27;PTGER4;LAMA5;SMARCD3;SEMA3B;SNX33;CRIP1;PPM1F;CAMKK1;POLD4;TMEM201;TNKS2;ABLIM3;HAS3;MICALL2;SNCG;SLIT2;HNRNPA1;ZNF585B;APOL3;AHNAK2;PNMA2;KAZALD1;PLEKHA7;SLC25A37;PSMC6;TFAP4;KRT18;MYO15B;AXL;FKBP1B;SPRY2;VIM"
"RXR","RXR 22158963 ChIP-Seq LIVER Mouse","128/1546","0.03037746293983774673042042024917464004829525947570800781250000","0.05850761357035075965749015836081525776535272598266601562500","0","0","1.2080994055935983","4.221164918314116221154","ALDH1L1;CSF1;PLEKHB1;SERPINE1;RORC;CPOX;IRS2;LIPE;CHCHD2;CCND1;CDH1;LIPG;CHAC1;PTGDS;MAP3K5;ARSA;IL15RA;DAPK1;ADAM11;ACSL5;MAT1A;GPRIN3;CYP27A1;AZGP1;CLDN3;SPATA17;ADCY9;LACTB2;PPP1R3E;ATF5;CFB;SLC45A3;NOTCH1;COX16;INSIG2;INSIG1;PIK3R1;PPL;NPAS2;C3;TMEM25;SOCS3;LDHA;ARSG;DECR1;S100A10;ABCA1;FDPS;GSTM2;ACBD4;AMBP;ZBTB12;PARP16;NR1D1;ABHD15;CXCL10;GJB2;TCN2;FASN;PAH;CDK3;NOSTRIN;ID3;PLCH2;CPEB4;BCL2L1;COL18A1;ONECUT1;TNFAIP2;LRRC3;N4BP2L1;GPT;DBI;AREG;SHD;PCSK4;PITPNC1;SERPINA5;DBP;TK1;AASS;ADAMTS7;CCDC38;ABCC3;KLF11;GAA;TNFRSF19;DUSP6;EPN1;ZDHHC14;ETV6;TUBB2A;OAF;RTN4RL1;CHDH;EHHADH;SDHAF1;CDH15;PPARA;MGLL;SLC20A1;FGL1;HMGCR;TYMP;ABLIM3;ATOH8;MAL2;PDLIM5;MUC4;LEKR1;MPZL2;F10;DHRS3;PSMB9;EEPD1;NUDT7;SBK1;KRT18;FABP5;CTH;SGSM2;SARDH;KCP;CHPT1;NOTUM;LTBR;PIK3AP1;LIMS2"
"TAF7L","TAF7L 23326641 ChIP-Seq C3H10T1-2 Mouse","51/554","0.03091724993808738289335913407285261200740933418273925781250000","0.05939573461388288067031027139819343574345111846923828125000","0","0","1.3483598409542743","4.687493434411472925660","FKBP10;SLC27A1;CALCOCO1;SPARC;ARL6IP1;CITED2;SERPINE1;RORC;NUDT1;TNFAIP2;IRS2;DBI;ORM2;PCSK4;LIPE;CHCHD2;RASSF6;CCNL2;GALNT9;KLF11;IK;SERPINF1;PDE4D;NDUFC2;MDFIC;DDIT4;ALDOA;CLOCK;CAMK2D;CD99L2;SAV1;SH3TC2;MAP4K5;APBB3;S100A10;DECR1;AOC3;ACBD4;TAF15;PARP16;NR1D1;HSPE1;MSRA;FABP5;PPP1R1A;LCN2;AMOTL2;VIM;SLC25A34;SSBP2;MAP3K12"
"SMAD3","SMAD3 30307970 ChIP-Seq HCASMC Human CoronaryArtery","144/1759","0.03114097945521377558408815389157098252326250076293945312500000","0.05967370428600608789349024618786643259227275848388671875000","0","0","1.1945313397240256","4.144104747848862402293","PATJ;ANKRD37;DGKE;OGDHL;ARHGAP39;IL1RAP;GALNT10;FAM107B;ARHGAP42;HOMER3;PXDC1;SAMD11;SRRM3;IGFBP3;CASK;INSYN1;LMO7;EBF4;ANK1;DKK1;ACAP3;OLFM1;FRMD5;ADCY9;FANCD2;PPP1R3E;CLIP4;FKBP9;RIN1;SPTBN4;SHC2;DHX9;SLC1A1;ENDOD1;CHRD;TWIST1;CACNA1D;LTBP2;AGAP3;PIK3R1;TXN;PLD1;TMEM25;DPP4;SDCBP;LDHA;ZMAT1;CHST12;LCN12;ANTKMT;ADGRG6;CASKIN1;MAP6;ARSG;SOCS6;GTF2IRD2B;S100A10;ZNF783;RABGAP1L;ABCA3;SRD5A3;ABHD15;CXCL10;EFNA2;DLG4;FASN;NMU;FNDC10;PLCH1;PAM;CCNJL;TMEM151A;DHRS13;COLGALT2;ONECUT3;KCNC4;TNFAIP2;GRIK4;LFNG;RASGEF1C;SEC61G;TIMP2;PMEPA1;KLF11;CAMK1D;RASA4B;GAA;HEG1;NBPF10;DUSP7;PARD3B;MTSS2;TUBB2A;ZEB1;MDFIC;C1QTNF12;RNF207;TRNP1;FAM20C;NAT8L;ALDOA;ITGA9;SAMD5;PRKN;LAMA5;NFIX;CEBPD;MTFP1;POMP;PDXP;PRICKLE1;ADCY5;TTN;TMEM201;GNG4;IL21R;SUSD4;LRIG1;CSMD3;SLIT2;APBB3;SLC22A31;WASF3;POLR2L;HES4;TIGAR;CD72;GALNT3;PTGES3;RFTN1;TMED7-TICAM2;AHNAK2;ADAM32;FBXL16;DHRS3;TARBP1;FMNL3;SLC25A37;EEPD1;MAPK11;EPGN;NOL4L;NEURL1;SARM1"
"RUNX","RUNX 20019798 ChIP-Seq JUKART Human","47/505","0.03154556324002846107168451794677821453660726547241210937500000","0.06007454132183469297512345974610070697963237762451171875000","0","0","1.3640797679570746","4.714699356694476151119","CRB2;WDR27;ZNF595;CAMK2D;RGS16;PTAFR;POMP;CHRNA9;CXCR4;TNFAIP3;PIK3R1;IKZF2;SIPA1L2;KIAA0040;THBS4;ZFYVE28;CCND1;BCL7A;MCF2L;CHN1;IL21R;HIVEP3;ST8SIA6;TSPAN2;EPS8L3;TNS4;LZTS1;TNFSF18;CAMK1D;IQSEC1;ACSL6;LIF;CRIM1;DUSP6;FOXP1;ARL4C;DIAPH1;TOX2;DDIT4;CHI3L2;SP5;MAML3;MNS1;SSBP2;CD44;SNTB1;EPHA2"
"EOMES","EOMES 21245162 ChIP-Seq HESCs Human","72/820","0.03157824620046363606196138107407023198902606964111328125000000","0.06007454132183469297512345974610070697963237762451171875000","0","0","1.2825358536380809","4.431529214363293611711","MIPEP;DHRS13;KCNG3;CNTNAP1;NRP2;TES;PLEKHB1;TNFAIP2;HOXC11;PITPNC1;GCSH;JPH2;HEPH;PLAU;PDE4B;NEK2;SPA17;PPFIA4;DACT1;DENND2C;CAMK1D;NHLRC3;CCDC34;PLLP;TESC;IGFBP3;TNFRSF19;APLP1;TUBG2;DKK1;DUSP6;LEMD1;CACNB3;ELF3;FEZ2;EPHA2;RBMS3;PRKAA2;PCNA;COX16;LAMA2;PPL;AKAP3;CRYZ;PSMB6;SRR;FGD6;PSMB3;PRDX1;CHN1;FADD;PDLIM5;MAP4K5;CA12;CMTM7;CDRT4;AFAP1L2;IRX3;DCLK1;PLEKHA7;BMP4;GATM;PPFIBP2;PPP1R1A;AXL;ST7;SGSM2;TCEA3;COL9A2;FOLR1;NUP37;ITM2C"
"STAT6","STAT6 20620947 ChIP-Seq CD4 POS T Human","33/334","0.03158886477452764462992007565844687633216381072998046875000000","0.06007454132183469297512345974610070697963237762451171875000","0","0","1.4550048459657938","5.026969867089719379294","CAMK2D;TES;MAML2;LAMA2;CTNND1;TNFAIP3;IL1RAP;PRDM1;NPAS2;SGSH;DPP4;SOCS3;ARSJ;ZNF704;CHN1;STAT4;PDE4B;MAN1C1;MPZL3;DLGAP5;DACT1;ST6GAL1;ZHX2;PTPRN2;PLLP;HEG1;SORL1;SYTL3;FOXP1;PARD3B;BCL2;SSBP2;CD44"
"TBP","TBP 23326641 ChIP-Seq C3H10T1-2 Mouse","55/607","0.03351931508275145937814087915285199414938688278198242187500000","0.06357239117480818768601835699882940389215946197509765625000","0","0","1.3253428134752685","4.500378372485790201551","CNTNAP1;RAB3A;CITED2;HSPB8;CTNND1;ENO3;RND3;LFNG;TRIM8;LIPE;ZCWPW1;DBP;MPZ;TMEM107;HOXA1;ARSA;LMO4;TNNC1;ESCO2;KCNAB3;MMP14;KIFC2;ATF5;SPATA18;ALDOA;CUL7;SMARCD3;INSIG2;HMGCR;AKAP3;GABARAP;ZFP36L1;PSMB3;NPHP1;SLIT2;APBB3;FDFT1;TBX1;GSN;ACBD4;ANKRD24;TXNRD2;NR1D1;NR2F2;KAZALD1;NFATC4;PSAT1;DLG4;PSMC2;HNRNPA2B1;SPRY2;AMOTL2;VIM;CPEB4;MAP3K12"
"EWS-FLI1","EWS-FLI1 20517297 ChIP-Seq SK-N-MC Human","44/470","0.03359653520364035139689207198898657225072383880615234375000000","0.06357239117480818768601835699882940389215946197509765625000","0","0","1.3723413389382870","4.656810241818503115496","DENND1C;ZNF595;AGPAT5;RBM47;RGS16;PELI2;ARL17B;ADAMTS2;FGF9;FAM186B;PBK;STAT4;BDKRB2;PDE4B;SPEG;HIVEP3;TSPAN2;SPA17;AASS;ZNF365;DECR1;LRRCC1;GPR39;ZHX2;MSX2;NEK5;KRT8;ADAM32;PNMA2;TMEM150C;ETV6;CENPF;FABP5;ATG16L2;PALLD;CTH;SDHAF1;PI15;SARDH;TNIK;SLC26A4;SLC26A3;MGLL;ARHGEF6"
"ESR1","ESR1 15608294 ChIP-ChIP MCF-7 Human","10/74","0.03448454905049855995224916682673210743814706802368164062500000","0.06508958633281602956799360981676727533340454101562500000000","0","0","2.0660465738758029","6.956882741324906582747","C3;NQO1;CNTNAP1;BRF1;SERPINE1;BCL2;LCN2;PLEKHA6;HOXC13;EIF3C"
"NFE2","NFE2 27457419 Chip-Seq LIVER Mouse","65/735","0.03485960460945983913072510063102527055889368057250976562500000","0.06563342014998049811502767170168226584792137145996093750000","0","0","1.2915382227051959","4.334953221318524896333","NRP2;SERPINE2;IRS1;FHL2;DBI;ABCA12;SLC4A3;IKZF2;BZW1;KLHL30;GLI2;RGS4;NUF2;DNER;PSMD1;SPEG;NEK2;HMCN1;GPR39;EIF5B;VASH2;TBC1D8;SERPINB5;PARD3B;SLC9A2;ARL4C;CYP27A1;SPATA17;ELF3;RUFY4;LACTB2;SCG2;NGEF;PRIM2;SLC45A3;INSIG2;DHX9;RGS16;NDUFB3;ILDR2;CXCR4;LIN9;PTGS2;NPAS2;WNT6;STAT4;SUSD4;TNFSF18;CDK18;RABGAP1L;PLEKHA6;HSPE1;GDAP1;SGPP2;PBX1;KLF7;CENPF;COL3A1;DES;BCL2;PI15;PAM;RAMP1;IL18R1;ITM2C"
"IRF8","IRF8 22096565 ChIP-ChIP GC-B Human","17/150","0.03568211295688127754344165509792219381779432296752929687500000","0.06701491363792379252206643514000461436808109283447265625000","0","0","1.6922794791857694","5.640546468401351098976","TBX1;PCNA;SAMD9;SECTM1;IFIT2;ETV6;DHRS4;PSMB9;POLD4;PPFIBP1;PPFIBP2;OAS1;BANK1;ITGA10;HLA-DRA;APOL1;APOL3"
"TAL1","TAL1 22897851 ChIP-Seq JUKARTE6-1 Human","129/1569","0.03577369950717128321837634530311333946883678436279296875000000","0.06702020627274024588970746663108002394437789916992187500000","0","0","1.1983343083723348","3.991103111006385706361","KCNG3;PLEKHB1;ARHGAP39;FGF2;GRIP1;GRB14;FAM186B;DPYSL3;MACROD1;KPNA2;ACAD11;PRKACB;LZTS1;RAG1;DAPK1;RALGAPA1;ACSL6;KRT8;LMO7;ESCO2;EREG;CACNB2;OLFM2;OBSCN;PARD3;HAT1;CSNK2B;KCNQ4;TRIM15;MAML3;ABCG1;SHC2;CHRD;LIN7A;PIK3R1;PPL;NPAS2;FBLN5;SAV1;ZFP36L1;SCUBE1;ARSG;PRR22;NGFR;TMEM120B;EGR3;GLMN;LIF;ZBTB12;BMP7;SYT7;ABHD15;DIAPH1;LIN28A;ATG16L2;NF2;NES;FANK1;RET;OSCP1;SYNM;SLC44A2;HSPB8;RASGRF1;TNFAIP2;LRRC3;TNFAIP3;SIX1;HOXC13;MYPN;SERPINA5;TRIM8;HNF4A;PBK;BDKRB2;CTSH;MYBL2;RSPO1;DLGAP5;SLC18A2;CCR3;DENND2D;TRPC1;NDUFC2;BTN3A3;ETV6;PSMA1;ELF3;RTN4RL1;IRF1;TRNP1;CKS2;MNS1;TRIM55;ITGA9;ZNF474;ZNF595;PTGER4;PRPS1;CAMK2D;SLC20A1;RGS16;POMP;PRR5L;AOAH;THBS4;FGD2;GPR153;SH3TC2;OXCT1;ZNF747;MICALL2;MAN1C1;LRIG1;P4HTM;MUC4;NQO1;SLC12A5;AHNAK2;PLCL2;ADAM32;SLC25A37;EEPD1;FRAS1;FABP5;TCEA3;SSBP2;FOLR1;SNTB1"
"NANOG","NANOG 18700969 ChIP-ChIP MESCs Mouse","21/196","0.03659590750632650546503299437972600571811199188232421875000000","0.06839086675068443976766019432034227065742015838623046875000","0","0","1.5896978417266188","5.258432505098284970302","NGFR;COL18A1;FGFBP1;MSX2;ITGA3;TNFRSF19;SLC2A3;DLL1;DUSP6;DPP4;SOCS3;STAG3;SALL4;STAT4;ID3;HOXA1;SLIT2;SYCP3;VIM;ABCG1;BCL2L1"
"CEBPB","CEBPB 26923725 Chip-Seq HEMANGIOBLAST Mouse","45/486","0.03739655427495107431479226534065674059092998504638671875000000","0.06971229997190483973490415792184649035334587097167968750000","0","0","1.3556637882092808","4.454950768070474964588","FANK1;SH3GL3;CAMK2D;IRS1;ONECUT1;PIK3R1;PTGS2;RND3;GLDN;APOLD1;THSD4;NR3C2;EFNB2;ADAMTS2;TRIM29;MGAT5B;SPOCK2;NUF2;NRIP1;SUSD4;LRIG1;DLGAP1;PTGDS;CMTM7;PIAS3;GSTM2;ST14;TESC;IRX3;ACSL6;CASK;PARP16;NR2F2;AXIN2;CBFA2T3;BMP7;SYT7;FOXP1;INPP4B;CENPF;PLCB4;NUP210L;FAM20C;MAML3;ZFPM1"
"TAF15","TAF15 26573619 Chip-Seq HEK293 Human","20/185","0.03748767389217663725808904473524307832121849060058593750000000","0.06971229997190483973490415792184649035334587097167968750000","0","0","1.6054724092107269","5.271958939960495804655","CNTNAP2;LMO4;DENND2A;ITGA1;LAMA3;PPM1H;CPOX;FAM107B;CRYZ;TTLL7;HMGN5;HTR7;ATG16L2;LNX1;SPRY2;CHPT1;KCTD12;SLIT2;SNTB1;S100A10"
"TBX5","TBX5 21415370 ChIP-Seq HL-1 Mouse","128/1561","0.03894948060185975113878242837017751298844814300537109375000000","0.07225272200099290553776398837726446799933910369873046875000","0","0","1.1944092564802813","3.876443108800684100856","SLC27A1;ANKRD37;ZDHHC8;ENO2;ANTXR2;CLGN;NR3C2;IFIT2;HERC5;LIPE;FGF9;MACROD1;HOMER3;CCNL2;KPNA2;TMPO;KCNH2;PIAS3;IK;LMO4;LMO7;DISP2;OLFM1;EID3;LACTB2;MALL;JTB;FKBP9;RIN1;STEAP1;NOTCH1;IL20RA;DAPP1;PIK3R1;AK7;GLIS1;CACNA1I;LDHA;CHST12;HMOX1;ARSG;STXBP6;AP1M2;ABCA1;NGFR;TMEM120B;XRCC6;ST14;PTPRN2;ACBD4;TMEM132A;LIF;PPFIBP1;ATG16L2;FASN;RCAN2;NMU;BCL2;SPIRE2;RCOR2;CCNJL;CPEB4;MAP3K12;ARHGAP11A;GPSM1;DHRS13;CPM;COL18A1;NRP2;CITED2;MAST1;DUSP19;USE1;PITPNC1;NUF2;TMEM107;CTSH;SH3D19;ACTR2;KLF11;GAA;PLEKHG5;TNFRSF19;TEX14;TMC6;GLRX2;AXIN2;F3;ZDHHC14;DUSP7;VSNL1;RTN4RL1;TAX1BP3;PPARA;NDUFB8;CLDND1;SLC20A1;SEMA3B;PAPLN;PPM1H;HSD17B14;U2AF1;THBS4;POLD4;STAMBPL1;OXCT1;HAS3;MAN1C1;MAP4K5;APBB3;CD72;GSN;F10;TXNRD2;BMP8A;DONSON;FBXL13;DHRS4;FMNL3;SLC25A37;GATM;PER3;KRT18;DES;AXL;TCEA3;RAB13;LTBR"
"SMARCA4","SMARCA4 20176728 ChIP-ChIP TSCs Mouse","72/830","0.03953579374852367323001089971512556076049804687500000000000000","0.07313158350531223650392576018930412828922271728515625000000","0","0","1.2649064694047658","4.086342135730842706209","GPSM1;ALDH1L1;EHF;DOCK4;SERPINE2;CITED2;SLC2A1;BACH1;PRSS23;LIPE;PLAU;CDH1;SLC22A17;FTH1;PSMD1;NEK2;DACT1;HSP90AA1;ST6GAL1;MSX2;DAPK1;KRT8;AXIN2;IL17RC;EPN1;ETV6;ARL4C;CYP27A1;BCAM;CLDN3;DDIT4;MMP17;PPARG;S100A3;EEF1E1;STEAP1;MGLL;EPHA2;ENG;HBEGF;SLC45A3;INSIG2;GCNT1;ENDOD1;ZFP36L1;PSMB6;LDHA;GCNT2;STXBP6;SOCS6;MAP4K5;MUC4;FDFT1;S100A10;KCNB1;TXNRD2;PLEKHA7;FMNL3;SH3RF2;KLF7;PPFIBP1;KRT18;KRT16;BAMBI;PSMC1;ID2;TBCE;PCYOX1L;SPIRE2;CSPG5;ANP32B;FOLR1"
"SMAD3","SMAD3 21741376 ChIP-Seq EPCs Human","106/1272","0.03961697702473206128548355309249018318951129913330078125000000","0.07313158350531223650392576018930412828922271728515625000000","0","0","1.2137234413096485","3.918503144322828646295","EHF;MAML2;IRS2;PRDM1;ABCA12;GRPR;SLC4A3;GALNT10;CCT6B;RGS4;GRB14;RASSF6;SOX9;LZTS1;TNS3;EOMES;MAGI1;MSX2;RALGAPA1;IGFBP3;MITF;ANXA10;LMO7;DKK1;FOXP2;EID3;CLIP4;KCTD12;MAML3;SPATA18;SLC1A1;CACNA1D;TMTC1;PIK3R1;ZFP36L1;POU5F1B;MAP2K6;ABCA1;AMBP;FOXF1;TNFRSF9;TMEM132B;CRIM1;NR2F2;BMP7;LRP1B;BMP2;NOSTRIN;ANP32E;LHX5;DEGS2;CPEB4;NRP2;DOCK3;CITED2;HNF4G;LRRC3;SIPA1L2;SHD;MCF2L;NUF2;ANKRD1;PDE4B;DACT1;CCDC38;ZHX2;SYK;CCDC34;TNFRSF19;MYRIP;ETV6;TOX2;PLCB4;RTN4RL1;C1D;TFEC;ITGA9;PRKAA2;SEMA3D;RGS16;PELI2;PPM1H;CRYZ;ADCY5;ATOH8;NRIP1;HAS3;LRIG1;REPS2;PCDH1;MBNL3;CA12;CDRT4;NQO1;MACC1;SYT13;PLEKHA7;GRIN1;TTLL7;SLC25A37;COL3A1;PDE10A;SLCO3A1;MYO15A;SPRY2;CDKN3"
"FOXO3","FOXO3 23340844 ChIP-Seq DLD1 Human","52/576","0.04002739230026149119812117760375258512794971466064453125000000","0.07370897850414007135277927318384172394871711730957031250000","0","0","1.3191390166770582","4.245241643292853694902","EHF;TES;IRS1;LFNG;HNF4A;DPYSL3;LIPG;RASSF6;ANKRD1;BDKRB2;MAN2C1;SLC25A45;CCDC92;TMC1;MAGI1;AXIN2;F3;EREG;ETV6;DEPDC1B;ELF3;MMP17;SPATA13;SMPDL3A;MGLL;RBM47;SLC1A1;CLCNKB;GATA6;CXCR4;CACNA1D;AGAP3;HIGD1A;PLD1;FGD6;GPR153;HIVEP3;STXBP6;MPZL3;PDLIM5;S100A10;TNFSF18;CRIM1;PNMA2;FHDC1;SORL1;SLC25A37;PIK3IP1;CDK3;DLG5;CPEB4;BCL2L1"
"FUS","FUS 26573619 Chip-Seq HEK293 Human","40/428","0.04207124300015034623623222387323039583861827850341796875000000","0.07728415684942460672779418473510304465889930725097656250000","0","0","1.3686300164677749","4.336354801801713954035","WDR49;PRIM2;SH3GL3;PRKAA2;SEMA3D;DHX9;U2AF1;AKAP5;KLHL30;HTR7;HMGN5;CSMD3;SOX9;STXBP6;SLIT2;FAM83B;HNRNPA3;COL24A1;SYT1;DAPK1;TRPC1;ZNF804A;TEX14;NR2F2;HSPE1;DUSP6;LRP1B;TARBP1;EREG;KIAA1217;CENPE;ADCY9;ATG16L2;ID2;IL1RAPL1;HNRNPA2B1;SPRY2;KCTD12;PAM;RBMS3"
"PITX1","PITX1 30713093 ChIP-Seq Epithelial Human Tongue SCC","13/109","0.04324924735085038801640777705870277713984251022338867187500000","0.07925529550944671042245204262144397944211959838867187500000","0","0","1.7913164639961849","5.626122769803640011332","TMC1;NFIX;LAMA3;NAV2;INAVA;DUSP6;GLI2;KIAA1217;GNAL;VSNL1;H4C1;NF2;KRT6A"
"RARB","RARB 24833708 ChIP-Seq LIVER Mouse","117/1424","0.04473509940569225101780759246139496099203824996948242187500000","0.08177966114115653439853304007556289434432983398437500000000","0","0","1.1955562072729291","3.714589386593989406293","IRS1;CPOX;IRS2;IL1RAP;BZW1;RGS4;NRBP2;TRIM29;PSMD2;LIPG;TNS4;PRKACB;TNS3;CDK5RAP3;PIAS3;RNF43;TMOD2;ACSL5;SRCIN1;INPP4B;OBSCN;NUP210L;RIN1;CFB;EPHA2;PXT1;IDI1;SHC2;GIPR;GPR87;GLIS2;EFNB2;SOCS3;WNT6;LDHB;SCUBE1;RNF215;GAR1;FAM43A;ARSG;MAP2K6;NGFR;TMEM120B;PTPRN2;ACBD4;PSAPL1;NEK5;TMEM132A;ELL3;PAN2;PARP10;HNRNPM;PYY;GJB2;GNAL;LIN28A;BAMBI;FASN;CDK3;LRFN1;NOXA1;BCL2L1;CPM;COL18A1;NRP2;ITGB4;ONECUT3;BHLHE41;TRIM8;TUBA1B;AIFM3;ADAMTS2;RASGEF1C;TIMP2;PMEPA1;ANXA9;TTC23L;GAA;TBC1D8;AMT;IL17RC;ZDHHC14;DUSP7;VAMP8;ARL4C;MRPL51;VGF;CHDH;SDHAF1;C1D;TRNP1;HNRNPH3;MNS1;PLCB2;HBEGF;CCDC40;PRIM2;CLDND1;CEBPD;DDT;TRA2A;NRIP1;GCNT2;LRIG1;CMTM7;HAGHL;BMP8A;FBXL16;MAPK15;LBX2;FABP5;TRMT6;PTPN7;NOTUM;EIF3C;GRINA;TMEM229B"
"CEBPA","CEBPA 26348894 ChIP-Seq LIVER Mouse","130/1597","0.04525538413189951481019335233213496394455432891845703125000000","0.08253095415358487063617332069043186493217945098876953125000","0","0","1.1844550977609412","3.666402142329807212207","IL1RN;ARL6IP1;PLEKHB1;IRS2;ANTXR2;CLGN;NR3C2;RGS4;EFEMP2;HTR7;RINL;TRIM29;DPYSL3;NRTN;HOXA1;OIP5;STK32A;KRT6A;EOMES;IL15RA;SRRM3;SLC15A2;HNF1B;MYO7A;VASH1;HSPG2;OLFM2;MAML3;FBN3;FBLIM1;IL20RB;ILDR2;LYPD3;AGAP3;ADAMTS10;FBLN5;PSORS1C1;GLIS2;FUT3;POU5F1B;DPP4;SEC14L5;MAP6;ST3GAL6;FADD;GTF2IRD2B;FAM83B;SLC10A4;TNFSF18;RABGAP1L;SYT1;DNASE2B;TMEM132A;CYBRD1;NR2F2;CORO2B;SYT7;BST1;HNRNPM;ATG16L2;ITGA10;ID3;ITGBL1;LHX5;MKX;DEGS2;FANK1;OSCP1;SYNM;LRRC39;ONECUT1;SECTM1;TNFAIP3;TRIM8;ZCWPW1;RSPO1;MAN2C1;FGFBP3;PRKG1;FGFBP1;MMP7;TRPC1;TBC1D8;NDUFC2;BTN3A3;GLRX2;NAV2;TEX19;C1QL1;OAS1;MGLL;HBEGF;DNAH1;SMARCD3;LAMA2;CEBPD;RGS16;LAMA3;SLC5A11;CXCR4;PRICKLE1;PTGS2;DCST2;AP3M2;HLA-DMB;STAMBPL1;TNKS2;CCL5;MAL2;DNAJC5G;CHSY3;ZNF467;MBNL3;MPZL3;RPL17;ZNF221;CMTM7;ZNF461;CENPW;F10;MACC1;BMP8A;SAMD4A;PCDHB14;TFAP4;MYO15B;VIM;IL18R1;SPC25;CCL26"
"CEBPB","CEBPB 21427703 ChIP-Seq 3T3-L1 Mouse","125/1531","0.04551647492859564603229216572799487039446830749511718750000000","0.08280708089419207273973455585291958414018154144287109375000","0","0","1.1879077448570778","3.670255908521268928268","SERPINE2;TRAF3IP2;IRS1;COL12A1;RORC;IL1RAP;ALDH1L2;BACH1;FGFRL1;NR3C2;HERC5;EFEMP2;HERC3;FTH1;FAM186B;NEK2;ENPP3;CHAC1;ARSA;PAQR5;IGFBP3;CASK;ACSL5;FOXP1;EREG;GPRIN3;CLDN3;SLPI;PARD3;TMEM139;HAT1;ADPRH;SNRPG;DPEP1;SNRPF;FAIM;IDI1;SHC2;NOTCH1;PPL;LTBP1;GLIS1;FBLN5;SAV1;EFNB2;WNT6;LDHB;ARSJ;PDGFC;HMOX1;SFN;FAM43A;S100A14;TRPM6;GSTM2;SRD5A3;NR2F2;CORO2B;DCLK1;NFATC4;PAN2;FMC1;SPIRE2;ID3;BCL2L1;COL18A1;NRP2;CITED2;RASGRF1;DYSF;FHL2;SLC2A1;TNFAIP3;DBI;SIPA1L2;RND3;ORM2;SIPA1L3;MRC2;TRIM8;THBD;SCRN2;TMEM107;PMEPA1;CD33;DACT1;CCDC34;ITGA1;ETV6;VAMP8;ARL4C;VCAN;COL6A2;PPARG;MVD;CD44;RBMS3;SLC20A1;GCNT1;SNX33;PRICKLE1;PTGS2;PSMB6;AP3M2;GPR153;ABLIM2;STAMBPL1;PSMB3;TRA2A;NRIP1;MICALL2;GCNT2;NQO1;MPP7;EEPD1;COL3A1;PSMC6;PER3;ST7;HNRNPA2B1;CHPT1;VIM;LTBR;EIF3C;IL18R1"
"HIF1A","HIF1A 21447827 ChIP-Seq MCF-7 Human","25/248","0.04562992387400165161803755609071231447160243988037109375000000","0.08281392433863281332673267343125189654529094696044921875000","0","0","1.4855473375652748","4.586169191186797000626","AGPAT5;DHRS13;ANKRD37;CITED2;INSIG2;PDGFB;SLC2A1;SLC2A3;PRDM1;BZW1;ZFP36L1;LDHA;SEC61G;ST8SIA6;GTF2IRD2B;S100A10;IGFBP3;PNMA2;BMP4;ELF3;DDIT4;SLC9A9;C1D;SPRY1;ALDOA"
"TBX2","TBX2 30127528 ChIP-Seq BE2C Human Brain Neuroblastoma","75/878","0.04815722964940467865080364617824670858681201934814453125000000","0.08719114720695571307818028117253561504185199737548828125000","0","0","1.2434191393054488","3.771643384934817877507","ANKRD37;CALCOCO1;TGFB1I1;PLEKHB1;CPOX;STMN3;IRS2;ABCA12;ZDHHC2;BACH1;SIPA1L3;SHD;FAM107B;LFNG;LYL1;CCND1;SAMD11;KCNH2;MAGI1;SRRM3;ST6GAL1;PLLP;CACNA2D1;IZUMO1;TNFRSF19;ESCO2;SRCIN1;CBFA2T3;DUSP6;FOXP1;FAM222A;DEPDC1B;PLCB4;KCNQ1;MAML3;ST6GALNAC5;TRIM55;RBMS3;ARHGEF28;FGL1;CHRNA9;TMTC1;UQCR10;EFNB2;ASIC4;STAMBPL1;OXCT1;LRIG1;FAM43A;ARSG;GTF2IRD2B;RTBDN;SLC10A4;ABCA2;CA11;ABCA3;HAGHL;PBX3;SEPTIN6;PNMA2;L1CAM;SORL1;PLEKHA7;SYT7;ADGRD1;NOL4L;TFAP4;FRAS1;ID2;RPA3;ST7;PIK3AP1;PRRT4;PAM;BCL2L1"
"TAL1","TAL1 30185409 ChIP-Seq K562 Mouse BoneMarrow Leukemia","81/957","0.04925461127461990690212800814151705708354711532592773437500000","0.08896466868980390518828471613232977688312530517578125000000","0","0","1.2314630754969615","3.707630269437582004599","COL18A1;CNTNAP1;COLGALT2;IRS1;TNFAIP2;SLC2A1;LOXL4;TNFAIP3;ICAM5;SIPA1L3;GALNT10;MRC2;TRIM8;LYL1;CHCHD2;RINL;HEPHL1;NRTN;ANXA9;TMPO;TGM2;KCNH2;ST6GAL1;CAMK1D;TESC;PLEKHG5;AKR1E2;ACSL6;HSPG2;F3;ANK1;CBFA2T3;MSS51;TEX19;SLC9A2;CPED1;C1D;KCNQ4;CDH15;CHST2;CRB2;ZNF595;GNAZ;INSIG1;SMIM1;GATA6;ENDOD1;DAPP1;ZFP36L1;CTIF;ASIC4;PCED1B;RHPN1;IL21R;HIVEP3;ST8SIA6;SOCS6;IL12RB2;TBX1;TMEM120B;IQSEC1;MACC1;PLCL2;LIF;NR2F2;L1CAM;GP6;DHRS3;TARBP1;TTLL7;DIAPH1;LIN28A;NAT1;ST7;FKBP1B;SPRY1;DEGS2;ANP32B;CCNJL;SPC25;CPEB4"
"FOXA1","FOXA1 33576154 ChIP-Seq Human Lung ProstateCancer","294/3825","0.04948123114223238611097954731121717486530542373657226562500000","0.08916069096034713592491272038387251086533069610595703125000","0","0","1.1224415440983515","3.374240948896373826216","EHF;TES;TRAF3IP2;SPATA20;IKZF2;ANTXR2;ZDHHC2;TXNDC17;HERC5;PSMD2;RASSF6;RPS6KA1;PSMD1;RTTN;SOX9;ACAD11;SPA17;PRKACB;TNS2;KRT8;ACSL5;ESCO2;SYTL5;ANK1;KIAA1217;SULT2B1;CYP27A1;INPP4B;BCAM;CLDN3;THAP8;LACTB2;PPP1R3E;DDIT4;MALL;MAML3;CLOCK;SKAP2;CFAP61;PXT1;SLC45A3;DHX9;PPP1R35;IL20RA;PDGFB;ENDOD1;TRANK1;PRDM10;PPL;KIAA0040;LDHA;CRACR2B;RDH12;PRDX1;GAR1;HOXC4;FAM43A;FADD;STXBP6;DECR1;FDFT1;S100A10;XRCC6;RABGAP1L;IQSEC1;DNASE2B;SIAH1;PARP16;NR2F2;NR1D1;NFATC4;MSRA;HNRNPM;PPFIBP2;PRXL2A;FASN;NOSTRIN;ANP32E;CREBRF;COL9A3;FKBP10;SERPINA1;ZNF250;CITED2;SLC44A2;CITED4;HNF4G;PRSS23;MYPN;PCSK4;MMP20;LFNG;TUBA1B;SCML1;SEC61G;NUF2;DNER;AASS;RBBP8NL;TMED4;TMC1;HEG1;NBPF10;TMC6;PLAAT4;IL17RC;DUSP6;DUSP7;RNF144B;FAM222A;PSMA4;PLCB4;TUBB2A;PSMA1;MDFIC;BANK1;B3GNT5;PLSCR4;CKS2;PPARG;TAX1BP3;HNRNPH3;ALDOA;HBEGF;WDR27;PTGER4;PCNA;CLDND1;ZNF350;SLC20A1;ATL1;PELI2;PAPLN;ZDHHC23;PRICKLE1;AKAP3;TYMP;PSMB6;GCNT2;ZNF585B;MPZL2;TIGAR;BRF1;H2BC4;KAZALD1;GRHL2;DHRS3;CENPF;TFAP4;PSMC2;ZNF219;FRK;CTNND1;RORC;CPOX;PRDM1;SSC4D;GALNT10;FAM107B;GRIP1;ZNF84;MACROD1;PAPOLA;NEK2;KPNA2;SLC25A45;MAP3K5;MAGI1;RNF43;MLIP;SLC15A2;LMO4;CASK;MITF;LMO7;FOXP2;FOXP1;SLC9A2;OXA1L;HAT1;FKBP9;SNRPF;MZF1;STEAP1;ABCG1;SHC2;SLC26A1;COX16;GPR87;ARHGEF28;TACSTD2;HIGD1A;PLD1;AK7;LTBP1;NPAS2;SAV1;ZFP36L1;EFNB2;SOCS3;SDCBP;ADGRG6;NPHP1;MAP2K6;ZBTB12;SYT7;BMP4;PAN2;SEM1;DIAPH1;NR4A1;GNAL;NAT1;DLG4;DLG5;CHMP2B;TBCE;LCN2;SPIRE2;BCL2L1;MIPEP;DOCK4;CXCL8;MAST4;DUSP19;HMGB1;MSLN;TSPAN12;DBP;HEPH;SIX4;SCRN2;CNGA1;PDE4B;PMEPA1;UTY;TTC23L;SH3D19;ABCC3;EIF5B;HSP90AA1;ADGRV1;PDE4D;TNFRSF19;GLRX2;AXIN2;MYRIP;EPN1;EPN3;ADGRF3;ELF3;IRF1;C1D;IL1RAPL1;MVD;METTL26;AGPAT5;RBM47;CAMK2D;CEBPD;PPM1H;ZBTB42;U2AF1;HMGCR;DEPP1;AP3M2;TNKS2;ATOH8;TRA2A;NRIP1;LRIG1;REPS2;TRIM44;WASF3;HNRNPA3;GALNT3;TXNRD2;MACC1;CYP51A1;DONSON;FBXL13;SORL1;SLC25A37;EEPD1;KLF7;FRAS1;MYO15B;PIK3IP1;ST7;LNX1;SPRY1;LTBR;PIK3AP1;SSBP2"
"SMAD3","SMAD3 21741376 ChIP-Seq ESCs Human","126/1552","0.05132680430254588088700984371826052665710449218750000000000000","0.09226604106767176405323738208608119748532772064208984375000","0","0","1.1801605535878978","3.504536522088524286289","TES;SERPINE2;IRS1;FRMPD1;LOXL4;IRS2;GRPR;CLGN;ZFYVE28;TRIM29;DPYSL3;PSMD1;NEK2;SOX9;LZTS1;TNS3;SAMD11;EOMES;SRRM3;SLC15A1;CACNA2D1;MYO7A;GRIP2;OLFM1;RUFY4;FEZ2;CLIP4;KCTD12;TNIK;SCG2;ABCG1;INSIG2;SLC1A1;ALOX15;GATA6;TACSTD2;CHRNA9;PIK3R1;GLIS2;ZFP36L1;ARL17B;SEC14L5;STXBP6;BCL2L15;NTNG2;AFAP1L2;FOXF1;TMEM132B;SIAH1;PBX3;CRIM1;CYBRD1;FHDC1;LSM5;BMP7;NR4A1;GNAL;BAMBI;ID2;TBCE;CNTN1;FKBP10;NRP2;DOCK4;DOCK3;MAST4;CITED2;OTUD7A;RND3;USE1;SHD;RYR3;GLI2;TRIM8;DLGAP1;CCIN;FGFBP3;AASS;ADAMTS7;LYNX1;ZHX2;PLLP;USP44;NAV2;KREMEN2;NME5;TUBG2;ZDHHC14;DUSP7;ETV6;ARL4C;VCAN;MDFIC;B3GNT5;HKDC1;FAM20C;MGLL;RBMS3;PRPS1;NFIX;SEMA3D;AOAH;AP3M2;GCNT2;LRIG1;PCDH1;MBNL3;APOL3;LEKR1;CDRT4;NQO1;SLC12A5;DMRT1;IRX3;GRHL2;TTLL7;EEPD1;COL3A1;FRAS1;KRT18;SGSM2;RIMBP3;SPRY2;SPRY1;SSBP2;SNTB1"
"TCFCP2L1","TCFCP2L1 18555785 ChIP-Seq MESCs Mouse","121/1486","0.05167764737425036003504175141642917878925800323486328125000000","0.09257854278066696140925273539323825389146804809570312500000","0","0","1.1835783854388506","3.506623123004938946679","SLC27A1;RAB3A;SERPINE1;ZDHHC2;CCND1;GRB14;PTTG1;RPS6KA1;NRTN;CCNL2;SPA17;MAP3K5;TMPO;KCTD19;SLC15A1;KIRREL2;FOXP2;BCAM;DEPDC1B;CLDN3;LACTB2;KCTD12;RIN1;CLOCK;ZFPM1;EMID1;SHC4;NOTCH1;ENDOD1;HIGD1A;KRCC1;SOCS3;PDGFC;SFN;GSTM2;ST14;SYT1;MCAM;LIF;HTR1B;CORO2B;SYT7;ELL3;PPFIBP1;PPFIBP2;BAMBI;ID3;AMOTL2;DEGS2;NF2;MAP3K12;MIPEP;FANK1;CALCOCO1;ONECUT3;CITED2;CETN2;DOCK8;HSPB8;KCNC4;KRT23;SIX1;DUSP18;MSLN;SIPA1L2;OPLAH;GLI2;SIX4;NUF2;PRKG1;EIF5A;ACTR2;AMN;CAMK1D;GAA;PLEKHG5;TRPC1;TNFRSF19;TMC6;IL17RC;RENBP;DUSP6;IL17RB;B3GNT8;ELF3;VGF;KIFC2;OAF;IRF1;ALDOA;CCDC40;PRPS1;LAMA5;CLDND1;IDUA;SLC20A1;PPM1H;LIN9;DLL1;PSMB6;ABLIM2;HAS3;GCNT2;SUSD4;PCDH1;PDLIM5;CMTM7;CDRT4;TAF15;KCNB1;KCNIP3;HAGHL;FBXL13;HSPE1;TMEM154;KLF8;FMNL3;SBK1;FKBP1B;SPRY2;CHPT1"
"STAT3","STAT3 1855785 ChIP-Seq MESCs Mouse","40/435","0.05174588748800193482857423532550456002354621887207031250000000","0.09257854278066696140925273539323825389146804809570312500000","0","0","1.3438587744324109","3.979717241648135228616","FHOD3;LAMA5;CSF1;ARL6IP1;SERPINE1;CHRD;U2AF1;OPLAH;KRCC1;GCSH;LDHB;ZCWPW1;SOCS3;TRIM6;EFEMP2;CCND1;PRDX1;SNCG;NRTN;MYBL2;EIF5A;SLC15A1;BRF1;PTGES3;PARP16;NR1D1;PNMA2;FBXL13;ETV6;SLC9A2;MRPL51;SBK1;FASN;IRF1;TCEA3;SPRY2;KIFC3;NF2;EEF1E1;SKAP2"
"SOX2","SOX2 18692474 ChIP-Seq MEFs Mouse","127/1566","0.05187648500985837102250641805767372716218233108520507812500000","0.09259278057315145638028752728132531046867370605468750000000","0","0","1.1788051584801664","3.487954411255760778232","EHF;DGKE;CHRM4;NUDT1;STMN3;BACH1;CHCHD2;CDH1;PSMD1;NRTN;HOXA1;OIP5;TGM2;MAGI1;ARSA;ST6GAL1;SLC15A1;CACNA2D1;NPY1R;CASK;DKK1;CACNB3;FNDC4;CACNB4;SNRPG;GEMIN7;CFB;ABCG1;NOTCH1;FBLIM1;DHX9;EBI3;ALOX15;DAPP1;LYPD3;KLHL13;CPLX1;GABARAP;PLD3;ZFP36L1;DPP4;EFNB2;SOCS3;LDHB;SYNGR1;PDGFC;HMOX1;HIVEP3;FDFT1;SYT3;RABGAP1L;EGR3;YES1;ACBD4;POU2F3;SYT7;BST1;FASN;NMU;TBCE;BCL2;PIR;ID3;CSPG5;AMOTL2;LHX5;NF2;NES;CD22;CNTNAP2;ONECUT1;HMGB3;SLC2A3;HOXC13;HMGB1;MSLN;PITPNC1;MMP20;GLI2;LFNG;THBD;SIX4;MCF2L;PBK;SPEG;MYBL2;FGFBP1;HSP90AA1;SYK;CCDC34;TNFRSF19;MMEL1;GLRX2;RENBP;DUSP6;COMMD4;ETV6;MRPL51;IRF1;KIFC3;HBEGF;AGPAT5;WDR27;PRPS1;NDUFB8;CEBPD;IDUA;RGS16;GCNT1;POMP;CXCR4;HMGCR;CRIP1;DLL1;AURKA;TTN;HAS3;STAT4;GCNT2;LRIG1;NQO1;PER3;ST7;TCEA3;SPRY2;VIM;LTBR"
"LYL1","LYL1 30185409 ChIP-Seq K562 Mouse BoneMarrow Leukemia","81/960","0.05220638627845893692258627538649307098239660263061523437500000","0.09296184349112379674551220887224189937114715576171875000000","0","0","1.2270522723190229","3.622933737677175969338","COL18A1;CNTNAP1;COLGALT2;IRS1;TNFAIP2;SLC2A1;LOXL4;TNFAIP3;ICAM5;SIPA1L3;GALNT10;MRC2;TRIM8;CHCHD2;RINL;HEPHL1;NRTN;ANXA9;TMPO;TGM2;KCNH2;ST6GAL1;CAMK1D;TESC;PLEKHG5;AKR1E2;ACSL6;HSPG2;F3;ANK1;CBFA2T3;MSS51;TEX19;SLC9A2;CPED1;C1D;KCNQ4;CDH15;CHST2;CRB2;ZNF595;GNAZ;INSIG1;SMIM1;GATA6;ENDOD1;DAPP1;PTGS2;ZFP36L1;CTIF;ASIC4;PCED1B;RHPN1;IL21R;HIVEP3;ST8SIA6;SOCS6;IL12RB2;TBX1;TMEM120B;IQSEC1;MACC1;PLCL2;LIF;NR2F2;L1CAM;GP6;DHRS3;TARBP1;TTLL7;DIAPH1;LIN28A;NAT1;ST7;FKBP1B;SPRY1;DEGS2;ANP32B;CCNJL;SPC25;CPEB4"
"MYB","MYB 21317192 ChIP-Seq ERMYB Mouse","66/767","0.05381135448247324065684793481523229274898767471313476562500000","0.09559428855121715473686094810545910149812698364257812500000","0","0","1.2521761265107203","3.659197711202786251761","MAML2;CSF1;CITED2;PLEKHB1;IL1RAP;HMGB1;BACH1;RND3;LFNG;THBD;DOCK11;GRB14;MCF2L;PALM;TMEM107;TK1;TNS3;CD33;IL15RA;HSP90AA1;MITF;DUSP6;VAMP8;VCAN;ADCY9;SLPI;BANK1;IRF1;SPATA13;FAM20C;SNRPF;KCTD12;MGLL;PRPS1;NOTCH1;PPM1H;CXCR4;AOAH;PLD1;FGD2;SAV1;ZFP36L1;SDCBP;BLOC1S2;CCL5;GCNT2;S100A10;IL12RB2;CMTM7;GSN;IQSEC1;SRD5A3;PLCL2;IL31RA;TMEM154;KLF7;SLC25A37;PPFIBP1;PDE10A;PIK3IP1;ST7;NOSTRIN;PCYOX1L;BCL2;ANP32E;RAMP1"
"GTF3C2","GTF3C2 35216376 ChIP-Seq H9 Human BoneMarrow Lymphoma","105/1277","0.05413866783623032252759088578386581502854824066162109375000000","0.09594998642336594052437703794566914439201354980468750000000","0","0","1.1947907792336760","3.484256757221225520027","IRS2;SSC4D;NR3C2;ADGRA2;CDH1;PALM;HMCN1;SPA17;TNS3;MAGI1;SRRM3;KCTD19;ST6GAL1;FIBCD1;STARD9;LMO7;EBF4;OVOL1;SRCIN1;OLFM2;ADGRB2;PPP1R3E;S100A4;MAML3;FKBP9;ZNF675;EMID1;MINDY1;INSIG1;ENDOD1;PPL;ABO;FBLN5;SEC14L5;HMOX1;ATP5MG;ATP5MF;DECR1;ABCA1;NTNG2;FDPS;GSTM2;SYT3;ANKRD24;CORO2B;POU2F3;ELL3;ABHD15;BST1;NR4A1;FMC1;ANP32E;MELTF;CPEB4;NRP2;SYNM;MAST4;ITGB4;DOCK8;DUSP18;CGB2;OSBPL10;KIAA1549;SEC61G;DNER;EIF5A;CNTD1;ITGA3;PLLP;NAV2;ANO4;ZDHHC14;MDFIC;MMP17;COL6A1;TRNP1;FAM20C;TAX1BP3;PCNA;PAPLN;PRICKLE1;TYMP;PSMB6;AP3M2;ABLIM2;PSMB3;MGAT5B;GCNT2;KLRG2;CMTM7;CA11;NQO1;GSN;DMRT1;KCNB1;WNT7B;H2BC4;MERTK;MEIS3;PLEKHA7;NOL4L;KRT18;SPRY1;CDKN3;TMEM229B"
"SIN3A","SIN3A 21632747 ChIP-Seq MESCs Mouse","78/923","0.05434323990207495791437963816861156374216079711914062500000000","0.09608699326947679753008202396813430823385715484619140625000","0","0","1.2287379537191991","3.578619488564308337430","MIPEP;NRP2;DOCK4;RAB3A;GAL3ST1;DOCK3;TTC22;KCNC3;STMN3;HOXC13;ICAM5;DUSP18;USE1;SIPA1L3;TXNDC17;GCSH;ARHGAP42;CDH1;MPZ;RPS6KA1;TMEM107;NEK2;CCIN;HOMER3;LAG3;CCDC34;TNFRSF19;APLP1;ANO8;TEX14;DISP2;ACAP3;DEPDC1B;ELF3;VGF;RTN4RL1;PALLD;DDIT4;SNRPG;JTB;MCM5;ZMYND10;RIN1;ALDOA;AGPAT5;SLC45A3;ATL1;INSIG1;PDGFB;LTBP2;HIGD1A;GABARAP;BCL2L12;AP3M2;GLRA1;LDHB;PRDX1;PDGFC;HMOX1;FAM43A;FADD;RPL17;PTPRN2;TXNRD2;NR1D1;FBXL16;ANKHD1;SYT7;GPR137C;NR4A1;PSMC6;LIN28A;PIK3IP1;NOVA2;SPIRE2;SPRY2;PIK3AP1;CPEB4"
"PHOX2B","PHOX2B 30127528 ChIP-Seq KELLY Human BrainNeuroblastoma","150/1877","0.05473973218355294989567738639379967935383319854736328125000000","0.09651801064378455474734863628327730111777782440185546875000","0","0","1.1614296793888363","3.374145397954368075233","PATJ;TES;AMY2B;HFE;MSANTD4;IKZF2;ABCA12;H2AC15;CLGN;GRIP1;CCND1;SALL4;NEK2;HMCN1;HLA-DOA;KPNA2;CCDC92;PRKACB;PPFIA4;SAMD11;TGM2;KCNH2;LMO4;CACNA2D1;SERPINF1;ANXA10;LMO7;SRCIN1;ANK1;GRIP2;LEMD1;FOXP1;CPED1;KIAA1217;SULT2B1;SPATA17;LACTB2;PARD3;ADPRH;TNIK;STEAP1;CLOCK;SCG2;SKAP2;GPM6A;ARHGEF28;CHRNA9;IL20RB;AGAP3;PIK3R1;KLHL13;C5;SYNGR1;HOXC4;SOCS6;GTF2IRD2B;SLC10A4;TNFSF18;NTNG2;FDPS;RABGAP1L;GPR15;COL24A1;SYT1;GLMN;SIAH1;PBX3;L1CAM;LSM5;PBX1;ANKHD1;PCDHGA10;SEM1;MSRA;DIAPH1;PPFIBP1;NAT1;PRXL2A;ID2;PAH;RNF182;ANP32E;DEGS2;PLCH2;PRRT4;PAM;WDR49;CNTNAP2;ONECUT1;GRIK2;TSPAN12;KRT20;SHD;LFNG;ATP7B;PDE4B;DLGAP1;PRKG1;SH3D19;MMP7;HEG1;TNFRSF19;WNT16;DUSP6;ADGRF3;H2BC13;PLCB4;EHHADH;CLDN18;PPARG;KIFC3;FJX1;RBMS3;ZNF595;CAMK2D;LAMA2;ARL14EPL;SEMA3D;FGL1;U2AF1;HMGCR;APOLD1;THBS4;TTN;GLRA1;RIDA;STAMBPL1;OXCT1;CHN1;LRIG1;CSMD3;PTCHD4;NQO1;TM4SF18;TAF15;MACC1;H2BC4;RFTN1;PLEKHA6;SEPTIN6;GDAP1;PLEKHA7;ADGRD1;RPA3;MORN2;ZNF219;ST7;HNRNPA2B1;VIM;RAMP1"
"OCT4","OCT4 19829295 ChIP-Seq ESCs Human","128/1583","0.05484268419362062912947308745970076415687799453735351562500000","0.09651801064378455474734863628327730111777782440185546875000","0","0","1.1748409681989966","3.410899898625725512602","SLC27A1;ICAM5;NRBP2;DOCK11;HTR6;HOXA1;KPNA2;STK32A;PPFIA4;LZTS1;CDK5RAP3;SAMD11;KRT6A;IL15RA;SLC15A1;ARL14;MYO7A;EBF4;OVOL1;EREG;ACAP3;OLFM1;CLDN3;CYP2U1;PARD3;FBN3;SHC2;NOTCH1;SLC26A1;TRANK1;CACNA1D;C2CD4C;CPLX1;NPAS2;C3;CACNA1I;LDHB;CHST12;ZNF701;HOXC4;SFN;PRR22;NTNG2;SYT3;PSAPL1;ANKRD24;IQSEC1;TNFRSF9;MEIG1;PBX3;NR1D1;GRIN2C;BMP7;DIAPH1;NR4A1;DEGS2;ANP32B;CCNJL;TMEM151A;NRP2;SYNM;DDX46;ITGB4;ONECUT3;MAST1;SIX1;SLC2A3;HOXC13;USE1;GLI2;LFNG;TRIM8;KIAA1549;ADAMTS2;MCF2L;TIMP2;CCIN;CPXM1;MYBL2;TTC23L;SH3D19;HSP90AA1;CAMK1D;SYK;ZNF480;GAA;PLA2G4C;MMEL1;KREMEN2;SYNGR3;EPN1;RNF144B;MRPL51;PSMA4;TUBB2A;OAS1;RTN4RL1;PPARG;EEF1E1;ITGA9;AGPAT5;TUBAL3;TMPRSS4;PPM1H;U2AF1;LIN9;THSD4;TMEM201;KLRG2;GCNT3;ZNF469;EPS8L3;P4HTM;WASF3;IL12RB2;CGREF1;BMP8A;FBXL16;GRHL2;PLEKHA7;EEPD1;PSMC5;PER3;SGSM2;TCEA3;LNX1;SSBP2;GRINA"
"TBX2","TBX2 35687133 ChIP-Seq MCF-7 Human BreastCancer","65/756","0.05604152287727637987702067334794264752417802810668945312500000","0.09839848784265968484330500132273300550878047943115234375000","0","0","1.2508198166621152","3.604440413656309516455","DGKE;IL1RN;SYNM;RAB3A;ZNF250;ONECUT1;MAST1;IL1RAP;CTSV;SSC4D;ALDH1L2;PITPNC1;GCSH;ZCWPW1;NRBP2;MACROD1;PMEPA1;MYBL2;TK1;ABCD1;LRRCC1;PIAS3;PLLP;GLRX2;CLDN3;KIFC2;PPP1R3E;DDIT4;ADGRB1;MVD;ALDOA;ZFPM1;PTGER4;IDI1;FICD;GCNT1;LAMA3;LTBP2;HMGCR;KIAA0040;ZFP36L1;LDHA;MICALL2;SFN;TSPAN2;THEM6;NQO1;TIGAR;RABGAP1L;TMEM132A;PARP16;MERTK;KAZALD1;POU2F3;ATP5F1E;NR4A1;EEPD1;PSMC5;KRT18;STAG3;MYO15B;NF2;DEGS2;LTBR;TMEM19"
"SALL4","SALL4 28974232 ChIP-Seq Mouse BoneMarrow Leukemia","33/352","0.05811475227793445885726697497375425882637500762939453125000000","0.10180194424556963939121345674720942042768001556396484375000","0","0","1.3715529753265605","3.902528693847080898394","SPTBN4;EHF;SLC45A3;GATA6;PDGFB;TRANK1;ZDHHC23;PPM1H;GRIK2;EFCAB12;FGFRL1;FAM221A;GPR153;SUSD4;SPEG;PCDH1;TBX1;NTNG2;NHLRC3;BRF1;FOXF1;WNT7B;USP44;KCNIP3;EYA4;PLCL2;BMP7;GPR137C;PCDHGA10;OLFM2;MDFIC;ID2;CSPG5"
"CTCF","CTCF 33576154 ChIP-Seq Human Liver ProstateCancer","282/3679","0.05993807916886666892208879175996116828173398971557617187500000","0.10475289299188504654747333688646904192864894866943359375000","0","0","1.1170550370996344","3.143888024129640523796","MAML2;ARL6IP1;SPATA20;MSANTD4;IKZF2;ZDHHC2;BACH1;FGFRL1;HERC3;PSMD2;FTH1;DPYSL3;PSMD1;HOMER3;CCDC92;SPA17;CDK5RAP3;SAMD11;ARSA;SRRM3;CACNA2D1;KRT8;MYO7A;CPED1;INPP4B;CLDN3;PPP1R3E;CTXN1;ZFPM1;SKAP2;PXT1;SPTBN4;PPP1R35;TWIST1;PIK3R1;KIAA0040;RNF215;BLOC1S1;ZNF704;LCN12;PDGFC;GTF2IRD2B;ZNF268;TRPM6;DECR1;PCK2;FDFT1;ABCA1;RTBDN;VASP;ABCA2;NGFR;CDK18;PTPRN2;IQSEC1;ABCA3;PARP16;GRIN2C;NFATC4;PARP10;MSRA;PPFIBP2;FASN;ARMC12;ANP32B;RET;DHRS13;SYNM;ZNF250;CITED2;SLC44A2;CITED4;GRIK4;GPT;ZCWPW1;TUBA1B;NUF2;DNER;ELOA;TMED4;ZHX2;GAA;TESC;NOG;NBPF10;TMC8;CBFA2T3;DUSP7;RNF144B;FAM222A;MRPL51;PSMA4;TUBB2A;PSMA1;KIFC2;OAF;CKS2;KIFC3;ALDOA;HBEGF;CRB2;SAMD5;PRKN;PRIM2;PCNA;CLDND1;PRICKLE1;AKAP5;RIDA;CSMD3;MAP4K5;P4HTM;CA11;TIGAR;CD72;KCNB1;WNT7B;PTGES3;SAMD4A;KAZALD1;DHRS2;GRHL2;ATP5F1E;MPP7;PSMB9;TARBP1;SH3RF2;PER3;TFAP4;FABP5;SLCO3A1;ZNF219;NOTUM;CDKN3;GRINA;SLC27A1;RAB3A;IRS1;RORC;ARHGAP39;IL1RAP;BZW1;PLB1;GALNT10;EFEMP2;ZNF84;PALM;PAPOLA;OIP5;ENPP3;SLC25A45;LARGE1;MAP3K5;TGM2;MAGI1;RNF43;IGFBP3;ADAM11;SRCIN1;OLFM1;OLFM2;CACNB3;STEAP1;FAIM;BRSK1;NXPH3;INSIG1;LTBP2;MRO;GLIS2;ZFP36L1;TMEM25;EFNB2;SOCS3;ANTKMT;ZBBX;ADGRG6;CASKIN1;RHPN1;ZNF783;GGT7;ACBD4;ANKRD24;NEK5;SRD5A3;LSM5;POU2F3;SYT7;PAN2;DIAPH1;NR4A1;MAP3K15;EFNA2;NAT1;ATG16L2;BAMBI;CDK3;NOXA1;SPIRE2;ADSS1;MELTF;NES;BCL2L1;MIPEP;DDX46;MAST1;FHL2;TNFAIP3;SIX1;PITPNC1;KIAA1549;DBP;CA2;RASGEF1C;SCRN2;CNGA1;PMEPA1;SPEG;MAN2C1;EIF5B;ADGRV1;HMGCS1;PLEKHG5;TNFRSF19;PLA2G4C;AXIN2;EPN3;H2BC13;VCAN;ELF3;CHDH;COL6A2;RNF207;METTL26;SMPDL3A;ITGA9;CCDC40;SMARCD1;CAMK2D;CEBPD;MTFP1;SEMA3D;FGL1;NDUFB3;SEMA3B;PPM1H;HSD17B14;ZBTB42;U2AF1;PPM1F;AP3M2;ABLIM3;MGAT5B;LRIG1;SLIT2;PCDH1;HES4;H2AZ1;TBX1;HNRNPA3;SLC12A5;TAF15;KCNJ11;KCNIP3;AHNAK2;CYP51A1;PLCL2;MERTK;SORL1;FMNL3;SLC25A37;ADGRD1;MAPK11;KLF7;SBK1;MYO15B;TAFA3;RAB13;TLL2;SPRY2;SPRY1;LTBR"
"RARG","RARG 19884340 ChIP-ChIP MEFs Mouse","30/317","0.06186745574120506435678024104163341689854860305786132812500000","0.10787512490672016007842159979190910235047340393066406250000","0","0","1.3853012637915765","3.854962320352318450034","IL1RN;NDUFB8;TRAF3IP2;PLEKHB1;MSLN;PPL;LTBP1;RND3;PITPNC1;FAM107B;GLIS2;LIPE;CCND1;FTH1;DPYSL3;TIMP3;NEK2;ANXA9;ARSA;CNTD1;ANKRD24;TNFRSF9;USP44;NR1D1;DUSP6;DHRS3;EREG;ITGBL1;S100A4;S100A3"
"FLI1","FLI1 27457419 Chip-Seq LIVER Mouse","28/294","0.06510590788212644586252508815960027277469635009765625000000000","0.11326027753687896437728710452574887312948703765869140625000","0","0","1.3946036457738706","3.809694539608799335184","PRIM2;NRP2;SERPINE2;IRS1;NDUFB3;FHL2;ABCA12;IKZF2;SLC4A3;BZW1;NPAS2;DNER;STAT4;EIF5B;TBC1D8;HSPE1;GDAP1;SGPP2;PARD3B;SLC9A2;KLF7;COL3A1;LACTB2;PI15;SCG2;NGEF;IL18R1;ITM2C"
"CHD7","CHD7 19251738 ChIP-ChIP MESCs Mouse","14/128","0.06740257999543390610153181796704302541911602020263671875000000","0.11698608711851171682027938913961406797170639038085937500000","0","0","1.6240942370241995","4.380299064320084312385","PRKCG;TES;DONSON;HMGB1;SLC4A3;BMP4;TRIM6;MDFIC;MCF2L;IRF1;ST7;TIMP3;HOXA1;STEAP1"
"VDR","VDR 24787735 ChIP-Seq THP-1 Human","57/663","0.06980608374853948527860580952619784511625766754150390625000000","0.12087980098657639949077946539546246640384197235107421875000","0","0","1.2492395103616714","3.325518192253467120167","RET;IRS1;CITED4;DYSF;SLC2A1;TNFAIP3;IRS2;PRDM1;SIPA1L2;RND3;USE1;PLB1;PITPNC1;PLAU;CA2;HOMER3;LZTS1;TNS3;KCTD19;HMGCS1;IGFBP3;FOXP2;ETV6;OBSCN;IFI27;FAM20C;ALDOA;RBMS3;PTGER4;CAMK2D;COL13A1;CEBPD;INSIG1;PTAFR;CXCR4;PRICKLE1;KIAA0040;POU5F1B;PDGFC;ZBBX;NRIP1;LRIG1;HIVEP3;ABCA1;KCNF1;IRX3;MACC1;CORO2B;GRHL2;TARBP1;PAN2;RCAN2;BCL2;LNX1;COL9A2;SNTB1;CPEB4"
"ERA","ERA 21632823 ChIP-Seq H3396 Human","126/1574","0.07097114200715094745053335145712480880320072174072265625000000","0.12235670953811977890168805060966406017541885375976562500000","0","0","1.1607401595115765","3.070717123411625504303","EHF;DGKE;SERPINE2;IRS2;IL1RAP;ZFYVE28;RGS4;LIPE;EFEMP2;GOLGA6L9;FTH1;RPS6KA1;PAPOLA;CDK5RAP3;SAMD11;KIRREL2;STARD9;VASH2;CASK;SRCIN1;ANK1;DKK1;EREG;DISP2;FNDC4;IFI27;SLPI;PPP1R3E;EMID1;BRSK1;SLC45A3;FICD;KRCC1;NPAS2;C3;SOCS3;SCUBE1;CHST12;BLOC1S2;PRDX1;CASKIN1;ST3GAL6;ARSG;PCK2;S100A10;VASP;PTPRN2;XRCC4;FOXF1;ABCA3;PAN2;BST1;NR4A1;LCN2;CNTN1;BCL2;RNF182;BCL2L1;TMEM151A;FANK1;DOCK4;DDX46;CITED2;TGFB1I1;KCNC4;FHL1;FHL2;TNFAIP2;SLC2A3;HOXC13;TSPAN12;KRT20;PCSK4;LFNG;SDR16C5;TUBA1B;KIAA1549;HEPH;RASGEF1C;DNER;PBK;CCIN;SLC18A2;DENND2D;KCND1;NBPF10;AMT;TRPT1;TEX14;KREMEN2;RNF144B;PSMA4;C1D;MNS1;PLCB2;TRIM55;ENG;ZNF474;NDUFB8;NFIX;SAMD9;IDUA;SEMA3B;SLC5A11;HSD17B14;PRICKLE1;AOAH;DLL1;OXCT1;ZNF747;MICALL2;STAT4;ROMO1;ZNF467;TBX1;GSN;F10;PLCL2;WNT7A;MEIS3;NUDT7;DES;MYO15B;TRIML2;PSMC1;SLC25A34"
"FOXA1","FOXA1 21915096 ChIP-Seq LNCaP-1F5 Human","131/1641","0.07098309771880326191073606878489954397082328796386718750000000","0.12235670953811977890168805060966406017541885375976562500000","0","0","1.1575688120860927","3.062132394886258435207","TES;TRAF3IP2;CTNND1;CPOX;IL1RAP;SPATA20;PRDM1;ZDHHC2;BACH1;KLHL30;CLGN;HERC5;RGS4;HERC3;ARHGAP40;FTH1;PSMD1;HMCN1;LAG3;DAPK1;RALGAPA1;LMO4;OVOL1;LEMD1;FOXP1;KIAA1217;NUP210L;LACTB2;ADPRH;SLC45A3;INSIG2;PDGFB;ENDOD1;CHRNA9;PLD1;TMEM125;RDH12;ZBBX;ST3GAL6;FAM43A;ATP6V1C2;DECR1;FDFT1;AMBP;IQSEC1;DNASE2B;PBX3;CRIM1;NR2F2;NMI;BMP7;NFATC4;HNRNPM;BAMBI;FASN;PAH;BCL2;ANP32E;SLC26A3;BCL2L1;SERPINA1;ZNF250;CITED2;KCNC4;CITED4;SLC2A1;TNFAIP3;SIX1;MMP20;LFNG;SDR16C5;SCML1;NUF2;PMEPA1;ANXA9;TK1;DLGAP5;HSP90AA1;ZHX2;MMP7;ITGA3;HEG1;USP44;TNFRSF19;GLRX2;DUSP6;EPN1;PLCB4;CHDH;IRF1;SMPDL3A;SAMD5;PTGER4;GRAMD1B;CAMK2D;PRKAA2;CEBPD;SLC20A1;PELI2;DNAH6;GCNT1;PPM1H;ZBTB42;PRICKLE1;AKAP5;PTGS2;THSD4;THBS4;TNKS2;REPS2;GCNT3;MAP4K5;MPZL3;CDRT4;TM4SF18;KCNJ11;AHNAK2;ZNF804A;GRHL2;DHRS3;SLC25A37;NUDT7;FRAS1;KRT18;SLCO3A1;PIK3IP1;PI15;SPRY1;PIK3AP1;RAMP1;FOLR1"
"GATA1","GATA1 30185409 ChIP-Seq HPC Mouse BoneMarrow Leukemia","73/874","0.07408690664753539434350670944695593789219856262207031250000000","0.12741597840293672483369391557062044739723205566406250000000","0","0","1.2116058215720631","3.153224094529635035400","FKBP10;CNTNAP1;ONECUT3;CITED2;SLC44A2;KCNC4;CITED4;BHLHE41;TNFAIP2;IRS2;DUSP18;RYR3;GALNT10;GCSH;TRIM8;RASGEF1C;ANKRD1;DLGAP1;NRTN;HOMER3;TMPO;TGM2;ABCC3;SYK;TESC;TBC1D8;MYO7A;AXIN2;ANK1;ZDHHC14;ADCY9;OBSCN;KCNQ1;CHDH;TRIM15;TNIK;ZFPM1;CHST2;MGLL;CRB2;AGPAT5;NFIX;ARHGEF28;SMIM1;LAMA3;GCNT1;DAPP1;AKAP5;AKAP3;THBS4;ZFP36L1;FAM221A;ASIC4;CHST12;MICALL2;RHPN1;MAN1C1;MUC4;ATP6V1C2;FDPS;GSN;TMEM132B;PTGES3;POU2F3;HNRNPM;LBX2;MYO15B;PIK3IP1;PSAT1;SARDH;DCHS1;CCNJL;CPEB4"
"VDR","VDR 23401126 ChIP-Seq LCL-AND-THP1 Human","21/213","0.07539902446040690209283496869829832576215267181396484375000000","0.12937787151728910584047582688071997836232185363769531250000","0","0","1.4476056654676259","3.742004105003231995141","PTGER4;RBM47;PTAFR;BMP8A;VASH2;CACNA1D;DCLK1;PLB1;MOB3B;AP3M2;PPFIBP2;SCUBE1;BCL2;IL21R;LRIG1;TSPAN2;DLGAP1;ARSG;ALDOA;ITM2C;BCL2L1"
"SOX4","SOX4 29892750 ChIP-Seq EML Mouse BoneMarrow","15/142","0.07607292840663124056099775316397426649928092956542968750000000","0.13020952834967663980236807219625916332006454467773437500000","0","0","1.5619994133971076","4.023808605130476223621","GPR35;FGL1;SEPTIN3;GLRX2;PLD1;TSPAN12;ABO;NPAS2;GRIP1;PER3;TFAP4;SIMC1;SP5;RIMBP3;TRIM55"
"HNF4A","HNF4A 19761587 ChIP-ChIP CACO-2 Human","65/771","0.07622862454378420693501539062708616256713867187500000000000000","0.13020952834967663980236807219625916332006454467773437500000","0","0","1.2232183071023577","3.148586229882557763204","FKBP10;GAL3ST1;CITED2;ANTXR2;GALNT10;MMP20;ZCWPW1;JPH2;NEK2;HMCN1;KPNA2;CDK5RAP3;KLF11;HMGCS1;ZNF480;DAPK1;NDUFC2;MYO7A;HSPG2;DUSP6;COMMD4;VAMP8;DISP2;CYP27A1;EHHADH;C1D;CSNK2B;SNRPF;ATF5;NPTXR;NGEF;SLC26A1;COL13A1;NDUFB3;TMPRSS4;PRDM10;CCNB1;LDHA;PSMB3;GNG4;BLOC1S1;BLOC1S2;SUSD4;ST3GAL6;EPS8L3;PCDH1;PDLIM5;ABCA2;TRIM40;F10;LIF;HSPE1;GRHL2;SYT7;DHRS3;MSRA;SH3RF2;CTH;ZNF615;NOSTRIN;SARDH;SPRY2;AMOTL2;NES;SLC26A3"
"PCGF4","PCGF4 22325352 ChIP-Seq 293T-Rex Human","127/1594","0.07781208662522112740056456914317095652222633361816406250000000","0.13261427855991411717262451475107809528708457946777343750000","0","0","1.1544179636318848","2.947758367311469118732","SERPINE2;CSF1;IRS1;IL1RAP;ABCA12;PLB1;RGS4;HTR6;RPS6KA1;NEK2;CCNL2;HMCN1;HMGN2;PRKACB;SAMD11;MAGI1;LMO4;ANXA10;HSPG2;GPRIN3;ACAP3;INPP4B;SPATA17;CACNB4;OBSCN;NUP210L;SCNN1D;FEZ2;SLC9A9;CLIP4;KCNQ4;SCG2;EPHA2;FBLIM1;DHX9;SLC45A1;INSIG2;CLCNKB;TACSTD2;ILDR2;LTBP1;KIAA0040;GLIS1;NPAS2;TMEM125;PRDX1;SFN;HIVEP3;TSPAN2;S100A10;TNFSF18;KCNF1;RABGAP1L;COL24A1;DNASE2B;TNFRSF9;GLMN;CRIM1;CYBRD1;PBX1;LRP1B;LIN28A;ID2;CHMP2B;TBCE;ANP32E;ID3;COL9A2;PLCH2;NES;OSCP1;TTC22;KCNC4;LRRC39;CITED4;DYSF;FHL2;SLC2A1;SIPA1L2;RND3;GLI2;NUF2;PDE4B;RSPO1;ACTR2;DENND2C;PLEKHG5;TBC1D8;MMEL1;F3;VSNL1;ELF3;CHDH;RNF207;C1D;TRNP1;CHI3L2;ST6GALNAC5;PRKAA2;PTAFR;DNAH6;CXCR4;LIN9;PTGS2;CRYZ;TMEM201;GPR153;GNG4;ATOH8;CHN1;MAN1C1;SUSD4;EPS8L3;IL12RB2;HES4;GALNT3;BMP8A;PLEKHA6;DHRS3;TARBP1;TTLL7;KLF7;CENPF;PER3;CTH;TCEA3;SLC25A34"
"ER","ER 23166858 ChIP-Seq MCF-7 Human","59/695","0.07941413501899098614789096473032259382307529449462890625000000","0.13503980166517612349075250222085742279887199401855468750000","0","0","1.2318426463473633","3.120354620096186692990","FANK1;DOCK4;SERPINA1;SERPINE1;GLDN;GRM7;SIX4;PMEPA1;DACT1;DENND2C;RNF43;ZHX2;MSX2;CACNA2D1;NOG;TMOD2;TEX14;VASH1;FOXP2;MMP16;FAM20C;PPARG;STEAP1;ZNF595;SHC4;PRIM2;SAMD9;SEMA3D;PAPLN;LTBP2;KIAA0040;GLIS1;ZFP36L1;POU5F1B;RDH12;FAM43A;TSPAN2;BCL2L15;DECR1;CDK18;NQO1;RABGAP1L;SYT1;TMEM132B;CYP51A1;PLCL2;RFTN1;PBX3;LSM5;GRHL2;BMP7;GRIN1;STAG3;ATG16L2;PSMC2;ANP32E;SLC26A4;SLC26A3;SNTB1"
"ZNF263","ZNF263 19887448 ChIP-Seq K562 Human","8/64","0.07994023954207181426045991656792466528713703155517578125000000","0.13562894573991959856762434810661943629384040832519531250000","0","0","1.8870787088891152","4.767658934476722620843","LAMA5;CACNB3;NFIX;ITGB4;OAF;EBI3;DHRS2;ENG"
"ESR1","ESR1 20079471 ChIP-ChIP T-47D Human","17/167","0.08126553612124681746919918623461853712797164916992187500000000","0.13756834029493575366487334576959256082773208618164062500000","0","0","1.4991056910569105","3.762805148183153480801","CA12;GAL3ST1;SERPINA1;FHL2;NBPF10;GRIK4;KRT23;CBFA2T3;RYR3;THSD4;ZFP36L1;BCAM;FGD6;KRT18;DLG5;ITGA10;TRIM55"
"PAX6","PAX6 23342162 ChIP-ChIP BETA-FORBRAIN-LENS Mouse","56/658","0.08263772591220561181124537597497692331671714782714843750000000","0.13957826188750613316535975627630250528454780578613281250000","0","0","1.2348408135244142","3.078814983218428391609","DDX3Y;CNTNAP1;NRP2;TTC24;COL12A1;SLC2A3;IKZF2;ALDH1L2;CCT6B;CCND1;MCF2L;NUF2;SCRN2;RASSF6;TMEM107;PMEPA1;OIP5;SLC25A45;RAG1;PSENEN;EIF5B;SLC15A1;KCTD19;KIRREL2;GAA;AMT;KRT34;SPATA17;ADPRH;SLC9A9;C1D;COL4A6;MCM5;ST6GALNAC5;BRSK1;TMPRSS4;PIK3R1;CRIP1;EFNB2;SH3TC2;MICALL2;CHSY3;MBNL3;NQO1;AFAP1L2;BRF1;LSM5;KAZALD1;PCDHGA10;BST1;GJB2;PSMC5;SLCO3A1;ID2;BCL2;SARDH"
"MAF","MAF 26560356 Chip-Seq TH2 Human","129/1627","0.08455027728937292152977533987723290920257568359375000000000000","0.14248986462829588139911152211425360292196273803710937500000","0","0","1.1480408615543554","2.836130389560767461887","ANKRD37;MAML2;ARL6IP1;IRS2;ICAM5;ZDHHC2;ENO3;EFEMP2;PLAU;FTH1;RPS6KA1;NRTN;CHAC1;PRKACB;SCN1B;MAP3K5;PIAS3;LAG3;ACSL5;LMO7;GPRIN3;ACAP3;NUP210L;KCNQ1;PPP1R3E;DDIT4;JTB;SHC4;ZNF550;FICD;DHX9;INSIG2;ALOX15;LYPD3;GABARAP;NPAS2;ZFP36L1;BCL2L12;DPP4;LDHA;PRDX1;HOXC4;SFN;HIVEP3;NCKAP1L;FAM43A;FADD;S100A10;VASP;FDPS;YES1;TNFRSF9;MEIG1;TMEM132A;LIF;SNF8;NR1D1;NFATC4;PPFIBP2;FASN;ITGA10;BCL2;ANP32E;ID3;ANP32B;TMEM19;FANK1;OSCP1;TTC22;KCNC3;KCNC4;CITED4;SLC2A1;GPT;SLC2A3;HMGB1;USE1;LFNG;TRIM8;LYL1;SEC61G;FGFBP3;DENND2D;ZHX2;PLEKHG5;TRPT1;AXIN2;SYNGR3;MRPL51;PSMA4;MDFIC;HKDC1;RNF207;CD44;HSD17B14;CXCR4;PDXP;SNX33;DLL1;CRYZ;AP3M2;POLD4;TMEM201;STAMBPL1;TNKS2;DDT;HSF4;MAN1C1;IL21R;ZNF467;MPZL3;HES4;AOC3;CD72;PTGES3;BMP8A;SORL1;KAZALD1;DHRS3;TARBP1;TTLL7;CENPF;CTH;TCEA3;RIMBP3;TLL2;PTPN7;SYCP3;SNTB1"
"FLI1","FLI1 21867929 ChIP-Seq CD8 Mouse","114/1426","0.08491216348147083425867975847722846083343029022216796875000000","0.14278103213476722732622192779672332108020782470703125000000","0","0","1.1574423622994905","2.854412508670506554154","EHF;ZDHHC2;IFIT2;GCSH;GPR176;PSMD2;TGM2;LAG3;SERPINF1;VASH2;ACSL6;ACSL5;HNF1B;EBF4;DISP2;INPP4B;EID3;NUP210L;LACTB2;FANCD2;FEZ2;SPATA13;KCTD12;RIN1;RTN4R;BRSK1;SHC2;FICD;FBLIM1;INSIG1;LYPD3;GLIS1;ABO;SOCS3;SYNGR1;RNF215;BLOC1S1;CHST12;LCN12;PDGFC;RHPN1;SFN;FDFT1;MAP2K6;KCNF1;AFAP1L2;GLMN;LIF;PARP16;PBX1;FMC1;DLG4;CHMP2B;ID3;LHX5;NF2;TMEM19;NES;SLC26A3;CPEB4;ITM2C;TMEM151A;DDX46;ITGB4;HSPB8;HNF4G;GPT;PRSS23;AIFM3;TMEM107;CPXM1;RSPO1;FGFBP3;SLC18A2;CD33;ADAMTS7;TMED4;DENND2A;AMT;TMC8;NDUFC2;BTN3A3;TMC6;DUSP6;SSTR5;ZEB1;RTN4RL1;COL6A2;C1D;KIFC3;AGPAT5;NDUFB8;SMARCD3;FGD2;ABLIM3;CCL5;REPS2;MAL2;PDLIM5;MUC4;RIBC2;CD72;BRF1;PLEKHA7;MPP7;DHRS4;PIK3IP1;PSMC1;SGSM2;CHPT1;SPRY1;VIM;CRLF1;CCL26"
"PHF8","PHF8 20622853 ChIP-Seq HELA Human","125/1574","0.08543307993437117275892234147249837405979633331298828125000000","0.14333772300100053320726090078096603974699974060058593750000","0","0","1.1497713336918152","2.828462661251055720868","CSF1;CHRM4;FAM107B;RGS4;HTR6;HTR7;MPZ;RPS6KA1;NEK2;CCNL2;HMCN1;HMGN2;PRKACB;SAMD11;S100A2;LMO4;AKR1E2;VASH2;HSPG2;DKK1;KIAA1217;ACAP3;CACNB2;SPATA17;OBSCN;NUP210L;SCNN1D;KCNQ4;EPHA2;COL13A1;FBLIM1;DHX9;SLC45A1;CLCNKB;TACSTD2;ILDR2;KIAA0040;GLIS1;TMEM125;PRDX1;SFN;HIVEP3;ST8SIA6;TSPAN2;BCL2L15;S100A10;TNFSF18;AFAP1L2;RABGAP1L;COL24A1;DNASE2B;TNFRSF9;GLMN;PBX1;LIN28A;BAMBI;ITGA10;TBCE;ANP32E;ID3;COL9A2;MKX;PLCH2;NES;FANK1;OSCP1;TTC22;KCNC4;LRRC39;CITED4;SLC2A1;SIPA1L2;TRIM8;NUF2;PDE4B;RSPO1;FGFBP3;SLC18A2;PRKG1;ZNF365;DENND2D;DENND2C;CAMK1D;CCDC34;PLEKHG5;USP44;NBPF10;MMEL1;F3;ZEB1;ELF3;RNF207;TRNP1;CHI3L2;ST6GALNAC5;CD44;GRAMD1B;PRKAA2;PTAFR;PRICKLE1;LIN9;PTGS2;CRYZ;TMEM201;GPR153;TNKS2;GNG4;MAN1C1;SUSD4;EPS8L3;IL12RB2;HES4;BMP8A;PLEKHA7;DHRS3;MPP7;TARBP1;TTLL7;CENPF;PER3;CTH;TCEA3;VIM;PIK3AP1;SLC25A34"
"ESR1","ESR1 22217937 ChIP-Seq MCF-7 Human BreastCancer","14/133","0.08630027319809183139476260748779168352484703063964843750000000","0.14447163251565262043207837905356427654623985290527343750000","0","0","1.5554339130068635","3.810692564410448124335","CA12;MSLN;KIAA0040;IL17RB;DHRS3;ZNF91;ELF3;PALLD;FASN;MAML3;LTBR;ALDOA;SCN1B;CD22"
"GATA3","GATA3 20176728 ChIP-ChIP TSCs Mouse","52/609","0.08770934680725928078715014635236002504825592041015625000000000","0.14650565672451495990991077178478008136153221130371093750000","0","0","1.2387184049946960","3.014702190087490407677","ARL6IP1;DYSF;CPOX;TNFAIP3;HOXC13;SPATA20;FGF2;GALNT10;FTH1;MYBL2;TNS4;RAG1;PIAS3;ARSA;CNTD1;ST6GAL1;DAPK1;PDE4D;MAPK8IP2;SYNGR3;DUSP6;CLDN3;PSMA1;ZFPM1;NGEF;ITGA9;SLC45A1;ENDOD1;GATA6;FOXO6;PDXP;DLL1;GABARAP;TTN;AURKA;PSMB6;BLOC1S1;OXCT1;REPS2;MAP2K6;FDPS;BRF1;AMBP;WNT7B;RFTN1;PLEKHA7;TMEM154;MSRA;SH3RF2;NR4A1;RAB13;ITGBL1"
"EOMES","EOMES 20176728 ChIP-ChIP TSCs Mouse","100/1243","0.09018652178612601710838703183981124311685562133789062500000000","0.15007109824868564151856276112084742635488510131835937500000","0","0","1.1642518750754935","2.801044816361501599289","ANKRD37;TES;SPARC;ARL6IP1;PLEKHB1;NRBP2;CCND1;PTTG1;CDH1;MPZ;FTH1;NEK2;TMPO;EOMES;PIAS3;DAPK1;CLDN3;SLPI;LACTB2;DDIT4;SNRPG;JTB;ZFPM1;NGEF;EPHA2;SLC45A3;NOTCH1;DHX9;INSIG2;ALOX15;TACSTD2;PPL;GABARAP;NPAS2;ZFP36L1;EFNB2;BLOC1S1;FDFT1;S100A10;MAP2K6;FDPS;SYT3;XRCC4;NR2F2;BMP4;MSRA;NR4A1;GNAL;ID2;TBCE;ANP32E;ANP32B;BCL2L1;COL18A1;CALCOCO1;DOCK4;CITED2;FHL2;SLC2A1;GRIK4;TNFAIP3;SLC2A3;DUSP18;PRSS23;SLC22A17;ACTR2;FGFBP1;HSP90AA1;PLEKHG5;NDUFC2;KREMEN2;DUSP6;DUSP7;ARL4C;PSMA1;MDFIC;IRF1;CKS2;EEF1E1;ENG;HBEGF;CAMK2D;RGS16;PSMB6;PSMB3;MAN1C1;GCNT2;PCDH1;PTGES3;RFTN1;WNT7A;SORL1;GRHL2;SH3RF2;KLF7;FABP5;PSMC1;PCYOX1L;SPRY2;FOLR1"
"BCL6","BCL6 25482012 ChIP-Seq CML-JURL-MK1 Human","127/1605","0.09024142861576593677153113048916566185653209686279296875000000","0.15007109824868564151856276112084742635488510131835937500000","0","0","1.1450900855327777","2.754247005504079748306","ARHGAP39;PRDM1;FGFRL1;ZFYVE28;GPR176;HTR7;SLC25A45;TNS3;SRRM3;SLC15A2;S100A2;MITF;MYO7A;GRIP2;GPRIN3;OLFM1;NUP210L;SLPI;PPP1R3E;TNIK;CLOCK;ABCG1;SKAP2;EPHA2;PXT1;SHC2;NOTCH1;FICD;GPR87;CLCNKB;TACSTD2;TRANK1;DAPP1;SLC6A20;PPL;ARSJ;ZNF704;SEC14L5;HOXC4;HIVEP3;ST8SIA6;AP1M2;ATP6V1C2;SLC10A4;NTNG2;GSTM2;YES1;FOXF1;IQSEC1;TNFRSF9;GP6;LSM5;DCDC1;ANKHD1;PARP10;NR4A1;GJB2;BAMBI;RNF182;COL9A2;CCNJL;ITM2C;ITGB4;ONECUT3;CITED2;KCNC4;MAST1;BHLHE41;TNFAIP2;SIX1;SLC2A3;LFNG;TRIM8;ZCWPW1;KIAA1549;SEC61G;ITGAX;PBK;MYBL2;FGFBP3;DACT1;ZHX2;PLLP;GAA;IZUMO1;DENND2A;KREMEN2;TUBG2;TMC5;SYNGR3;VCAN;TUBB2A;IRF1;MGLL;HBEGF;ZNF595;LAMA5;NFIX;SLC20A1;SYNPO2;PTAFR;SEMA3B;HSD17B14;PDXP;HMGCR;AOAH;DCST2;ATOH8;GCNT2;IL21R;PCDH1;P4HTM;MUC4;LEKR1;HES4;CMTM7;CDRT4;CA11;MACC1;TMED7-TICAM2;PLEKHA7;SLC25A37;FRAS1;KRT16;NOVA2;LTBR;RAMP1"
"CSB","CSB 26484114 Chip-Seq FIBROBLAST Human","126/1594","0.09321566505105526034835605742046027444303035736083984375000000","0.15459427584617838058456129601836437359452247619628906250000","0","0","1.1435903688546316","2.713556389280152636445","SPARC;MAML2;FRMPD1;CPOX;ENO2;ANTXR2;GALNT10;HEPHL1;ARHGAP40;FTH1;DPYSL3;TNS3;TGM2;PRKCG;MAGI1;ARSA;IGFBP3;MAT1A;LEMD1;FOXP1;SLC9A2;HAT1;SPATA18;COX16;INSIG2;CHRD;CHRNA9;TMTC1;LTBP2;KRCC1;PSORS1C1;ZFP36L1;POU5F1B;LDHB;PDGFC;ZBED2;ZNF426;ST3GAL6;CPA4;PCK2;FDFT1;S100A10;NGFR;GGT7;EGR3;TNFRSF9;KLRC4;CRIM1;HTR1B;NR1D1;FHDC1;BST1;PPFIBP1;NAT1;ID3;BCL2L1;TMEM151A;COL18A1;RASGRF1;MAST1;DYSF;FHL2;SLC2A1;KRT23;N4BP2L1;DBI;PRSS23;PITPNC1;GLI2;LFNG;MRC2;SLC22A17;TMEM107;SPEG;CCIN;MYBL2;MAN2C1;SH3D19;HMGCS1;ITGA3;HEG1;NBPF10;AMT;KRT34;AXIN2;DUSP6;ETV6;C1QL1;TOX2;FJX1;TRIM55;PRIM2;DNAH1;NFIX;CEBPD;SYNPO2;FGL1;PTAFR;GCNT1;CXCR4;THSD4;AURKA;ADCY5;POLD4;MAN1C1;MAL2;CSMD3;PDLIM5;SLC12A5;CD72;TAF15;KCNB1;SAMD4A;MBOAT1;ADAM32;PLEKHA6;TARBP1;TMEM154;PSMC6;MYO15A;ST7;TCEA3;LTBR;IL18R1;SNTB1;TMEM229B"
"ZFP281","ZFP281 18358816 ChIP-ChIP MESCs Mouse","37/419","0.09337084739848654224569912685183226130902767181396484375000000","0.15459427584617838058456129601836437359452247619628906250000","0","0","1.2834827042227761","3.043363524341152093200","FKBP10;DHX9;CITED2;SLC20A1;NXPH3;CHRD;DBI;DLL1;ZFP36L1;TRIM8;LDHB;ZCWPW1;SOCS3;CCND1;PSMB3;CHN1;SUSD4;MYBL2;PCDH1;PRKG1;ITGA3;IRX3;USP44;HTR1B;NR2F2;ARL4C;MAPK11;CACNB3;VGF;IRF1;TCEA3;SPRY2;AMOTL2;KIFC3;FOLR1;MAP3K12;ITM2C"
"Nerf2","Nerf2 26677805 Chip-Seq MACROPHAGESS Mouse","81/993","0.09401868970028268157612671984679764136672019958496093750000000","0.15490963835122667502375293224758934229612350463867187500000","0","0","1.1804486545310644","2.790889530774373739064","NRP2;DOCK4;SERPINE2;CITED2;DOCK8;RASGRF1;BHLHE41;TNFAIP2;SLC2A1;TNFAIP3;GRIK2;PRDM1;RND3;BACH1;BZW1;GLI2;CCT6B;ZFYVE28;HERC3;GPR176;GRM7;SIX4;FTH1;HOMER3;TNS3;TMC1;ABCC3;ST6GAL1;CAMK1D;ARL14;DAPK1;USP44;DENND2A;HNF1B;MITF;TMC6;NAV2;AXIN2;WNT16;DUSP6;OLFM1;MDFIC;HAT1;PPARG;CDH15;ALDOA;SMPDL3A;PTGER4;GRAMD1B;RBM47;SLC45A1;PTAFR;GCNT1;PPM1H;HMGCR;GLIS1;FGD6;PRDX1;IL21R;HMOX1;SFN;CSMD3;EPS8L3;SOCS6;FAM83B;NQO1;MACC1;PTGES3;IL31RA;PARP16;SORL1;FMNL3;BST1;PPFIBP2;ID2;TBCE;PIR;CHPT1;PIK3AP1;PAM;CPEB4"
"GATA3","GATA3 30127528 ChIP-Seq BE2C Human Brain Neuroblastoma","65/782","0.09402524589215435768529971483076224103569984436035156250000000","0.15490963835122667502375293224758934229612350463867187500000","0","0","1.2037111872359032","2.845804310363978739673","CALCOCO1;TRAF3IP2;MTCL1;FRMPD1;FHL2;CPOX;ABCA12;H2AC15;ANTXR2;SIPA1L3;SHD;FAM107B;RGS4;ARHGAP40;TRIM29;PDE4B;TGM2;PDE4D;TNFRSF19;ACSL6;ESCO2;ANO4;SULT2B1;PLCB4;B3GNT8;RUFY4;ZFPM1;ST6GALNAC5;ENG;CLDND1;INSIG1;FGL1;TMTC1;AGAP3;PIK3R1;KLHL13;HMGCR;AKAP5;UQCR10;CRIP1;EFNB2;ASIC4;ABLIM2;SH3TC2;OXCT1;CHN1;LRIG1;ST3GAL6;MBNL3;MAP2K6;CA12;SLC12A5;TXNRD2;PBX3;PLEKHA6;CORO2B;PLEKHA7;ADGRD1;ID2;ST7;PI15;VIM;PLCH2;PRRT4;PAM"
"MYC","MYC 20876797 ChIP-ChIP MEDULLOBLASTOMA Human","88/1086","0.09417685298438811802856918120596674270927906036376953125000000","0.15490963835122667502375293224758934229612350463867187500000","0","0","1.1724189118978698","2.769934468992215848004","CNTNAP1;CALCOCO1;DOCK8;MAST1;DYSF;TNFAIP3;SIX1;IRS2;HOXC13;ICAM5;TSPAN12;SLC4A3;HOXC11;NR3C2;LYL1;CHCHD2;CCND1;GRM7;GRB14;SALL4;SEC61G;RPS6KA1;NRTN;SOX8;LZTS1;ADAMTS7;ARL14;WDR72;ANXA10;LMO7;ANK1;FOXP2;FOXP1;CACNB2;OLFM2;ADCY9;PLCB4;PPARG;KCTD12;MAML3;SNRPF;STEAP1;ZNF675;ZFPM1;SCG2;ST6GALNAC5;CRB2;WDR27;PTGER4;PRKAA2;NFIX;NOTCH1;SEMA3D;INSIG1;PTAFR;TMTC1;PRICKLE1;MRO;RPS4Y1;DLL1;C5;STAMBPL1;ZNF704;ATOH8;CHN1;CSMD3;SLIT2;FDFT1;TNFSF18;PTPRN2;PNMA2;FBXL13;ANKHD1;SYT7;BMP4;FMNL3;NR4A1;BMP2;GATM;TFAP4;ID2;ST7;RAB13;BCL2;LTBR;SLC26A4;CDKN3;BCL2L1"
"FOXA1","FOXA1 25552417 ChIP-Seq VCAP Human","130/1650","0.09577131667179708540693638951779576018452644348144531250000000","0.15718987845044954387851987576141254976391792297363281250000","0","0","1.1396164591807387","2.673303226887972172676","SH3GL3;EHF;ANKRD37;SERPINE2;IRS1;SERPINE1;CPOX;IRS2;ZDHHC8;PRDM1;ANTXR2;BZW1;RGS4;SALL4;RASSF6;MACROD1;HMCN1;STK32A;KCNH2;PIAS3;RNF43;ST6GAL1;IGFBP3;HNF1B;MAT1A;HSPG2;FOXP1;SLC9A2;BCAM;DEPDC1B;NUP210L;IFI27;THAP8;CYP2U1;MAML3;ZNF550;INSIG2;PDGFB;ENDOD1;LTBP2;AGAP3;ZNF704;SEC14L5;HOXC4;ST3GAL6;FAM43A;STXBP6;TRPM6;DECR1;AMBP;IQSEC1;DNASE2B;SIAH1;PBX3;PARP16;NR2F2;NMI;BMP7;PBX1;CXCL11;PAH;CDK3;BCL2;ANP32E;BCL2L1;ZNF250;CITED2;FHL2;LRRC3;SLC2A3;TSPAN12;RND3;MYPN;THBD;TUBA1B;SCML1;BCL7A;ANKRD1;UTY;ANXA9;TMC1;LYNX1;GPR37;GLRX2;DUSP6;EPN1;ETV6;PLCB4;PALLD;ZMYND10;SMPDL3A;SAMD5;PTGER4;PRPS1;CEBPD;LAMA4;GCNT1;POMP;PPM1H;PRICKLE1;AKAP5;CHN1;LRIG1;HNRNPA1;ZNF585B;MBNL3;MPZL3;WASF3;LEKR1;CMTM7;GALNT3;KCNJ11;AHNAK2;MBOAT1;GRHL2;DHRS3;KLF7;NUDT7;KRT18;FABP5;SLCO3A1;ZNF615;FKBP1B;LNX1;SPRY2;SPRY1;PIK3AP1;RAMP1;FRK;SNTB1"
"KAP1","KAP1 22055183 ChIP-Seq ESCs Mouse","82/1009","0.09830458248037583779410653050945256836712360382080078125000000","0.16099774354161339173785449929710011929273605346679687500000","0","0","1.1755714161640218","2.726954952147077726465","OSCP1;IL1RN;TRAF3IP2;FRMPD1;SERPINE1;GRIK4;SIPA1L2;ORM2;HERC5;NRBP2;JPH2;CHCHD2;GRM7;RASGEF1C;DPYSL3;TMEM107;PBK;CTSH;CPXM1;ANXA9;LZTS1;TMED4;TMC1;ACTR2;FGFBP1;HSP90AA1;CAMK1D;PLA2G4C;APLP1;ADAM11;KRT34;TRPT1;MYRIP;FOXP2;EPN1;SYTL3;OLFM1;OXA1L;DEPDC1B;ADCY9;CYP2U1;HAT1;DPEP1;CDH15;CHST2;ABCG1;PXT1;AGPAT5;SMARCD1;IDI1;COX16;NPR3;ALOX15;LYPD3;AKAP5;ABO;CRYZ;LDHA;TMEM125;RNF215;TRA2A;SNCG;PDLIM5;SLC10A4;TMEM120B;NQO1;AFAP1L2;YES1;BRF1;IL31RA;PLEKHA6;CYBRD1;HSPE1;DHRS2;SGPP2;ELL3;PYY;RPA3;TCEA3;SLC25A34;PAM;ITM2C"
"RARA","RARA 24833708 ChIP-Seq LIVER Mouse","114/1437","0.09890495978096172646765182889794232323765754699707031250000000","0.16163039964204781173684466466511366888880729675292968750000","0","0","1.1470880822130960","2.653898274950820646012","SERPINE2;IRS1;HFE;IRS2;NRBP2;GPR176;TNS4;CDK5RAP3;LAG3;ST6GAL1;CCDC78;SRCIN1;DISP2;CYP27A1;INPP4B;ADCY9;FANCD2;PPP1R3E;HAT1;FSCN2;SNRPF;CFB;EPHA2;SHC2;FBLIM1;GPR87;CACNA1D;PPL;GABARAP;TMEM25;EFNB2;WNT6;SDCBP;SCUBE1;RNF215;SEC14L5;CASKIN1;GAR1;ST3GAL6;FAM43A;FDFT1;S100A10;PTPRN2;SYT1;ANKRD24;NR1D1;PCDHGA10;PAN2;HNRNPM;PYY;FASN;CHMP2B;SLC26A4;RCOR2;CPM;ONECUT3;LRRC39;ONECUT1;TNFAIP2;MSLN;PITPNC1;TRIM8;AIFM3;RASGEF1C;SPEG;DLGAP1;SH3D19;LRRCC1;ITGA3;GAA;USP44;NOG;TBC1D8;AMT;ZDHHC14;MRPL51;ZEB1;MDFIC;EHHADH;SDHAF1;C1D;TRNP1;HNRNPH3;NAT8L;PLCB2;CCDC40;PTGER4;CEBPD;PAPLN;ZDHHC23;PDXP;HMGCR;GLRA1;POLD4;SH3TC2;NRIP1;FSD1;SLIT2;PCDH1;CMTM7;F10;KCNB1;TXNRD2;HAGHL;BMP8A;MAPK15;EEPD1;PER3;NOVA2;HNRNPA2B1;RIMBP3;NOTUM;EIF3C;TMEM229B"
"CDX2","CDX2 21074721 ChIP-Seq CACO-2 Mouse","125/1587","0.10139730611326587539355870148938265629112720489501953125000000","0.16504748956430453921129242189635988324880599975585937500000","0","0","1.1386833477649441","2.606114547325631303210","CSF1;CTNND1;FAM107B;RGS4;HTR6;HTR7;CCND1;RPS6KA1;NEK2;CCNL2;HMCN1;HMGN2;PRKACB;SAMD11;PIAS3;IL15RA;S100A2;LMO4;AKR1E2;VASH2;HSPG2;DKK1;KIAA1217;ACAP3;CACNB2;SPATA17;OBSCN;NUP210L;SCNN1D;PARD3;KCNQ4;EPHA2;COL13A1;FBLIM1;DHX9;SLC45A1;CLCNKB;TACSTD2;ILDR2;KIAA0040;GLIS1;TMEM125;PRDX1;SFN;HIVEP3;ST8SIA6;TSPAN2;S100A10;TNFSF18;RABGAP1L;COL24A1;DNASE2B;TNFRSF9;MEIG1;GLMN;PBX1;DCDC1;LIN28A;BAMBI;TBCE;ANP32E;ID3;COL9A2;MKX;PLCH2;FANK1;RET;OSCP1;TTC22;KCNC4;LRRC39;CITED4;SLC2A1;SIPA1L2;MYPN;TRIM8;NUF2;PDE4B;RSPO1;PRKG1;ZNF365;DENND2D;DENND2C;CAMK1D;PLEKHG5;NBPF10;MMEL1;F3;ZEB1;ELF3;HKDC1;RNF207;TRNP1;CHI3L2;ST6GALNAC5;CD44;PRKAA2;RGS16;PTAFR;LIN9;PTGS2;CRYZ;TMEM201;GPR153;GNG4;SPOCK2;MAN1C1;SUSD4;EPS8L3;IL12RB2;HES4;BMP8A;AKR1C3;SYT13;PLEKHA7;DHRS3;MPP7;TARBP1;TTLL7;CENPF;PER3;CTH;TCEA3;VIM;SLC25A34"
"SOX11","SOX11 23321250 ChIP-ChIP Z138-A519-JVM2 Human","64/773","0.10143315914945340294739395403667003847658634185791015625000000","0.16504748956430453921129242189635988324880599975585937500000","0","0","1.1982119802350311","2.741934649191952733105","CNTNAP2;COL18A1;DOCK8;SERPINE1;RORC;SECTM1;TNFAIP3;PLB1;FAM107B;HNF4A;MPZ;RPS6KA1;TK1;PRKCG;ZHX2;PLEKHG5;PDE4D;DENND2A;AXIN2;ANK1;EPN1;SYTL3;SULT2B1;CACNB4;FANCD2;MMP17;CSNK2B;PTGER4;CAMK2D;PCNA;NPR3;SLC1A1;SLC5A11;CXCR4;PDXP;HMGCR;LIN9;PLD1;PPL;ADAMTS10;GNG4;BLOC1S1;LRIG1;HIVEP3;KCNN4;ZNF585B;APBB3;AP1M2;ABCA1;NTNG2;PTPRN2;NEK5;SIAH1;NR2F2;NMI;GP6;HSPE1;KAZALD1;CENPF;KRT18;DLG4;NOVA2;BCL2;MAP3K12"
"AF4","AF4 26711339 ChIP-Seq SEM Human Blood Leukemia","226/2966","0.10417336849974076495861652347230119630694389343261718750000000","0.16914170584366511329577065225748810917139053344726562500000","0","0","1.1031673288367363","2.495032182952328536629","TES;ARL6IP1;TRAF3IP2;IKZF2;ABCA12;ZDHHC2;BACH1;GPR176;DPYSL3;RPS6KA1;RTTN;ACAD11;PRKACB;CDK5RAP3;TMPO;IL15RA;ST6GAL1;CYP27A1;INPP4B;DEPDC1B;ADCY9;KCNQ1;PNLDC1;DDIT4;SPATA13;JTB;KCTD12;MAML3;CLOCK;EPHA2;DHX9;PDGFB;TWIST1;PIK3R1;TXN;PRDM10;GABARAP;LDHB;SYNGR1;LDHA;BLOC1S1;ZNF704;PRDX1;GAR1;HIVEP3;ST8SIA6;FAM43A;DECR1;FDFT1;S100A10;XRCC6;RABGAP1L;SIAH1;PBX3;AMMECR1;PARP16;PBX1;ELL3;MSRA;PPFIBP1;ID2;ANP32E;ID3;ANP32B;CITED2;BHLHE41;N4BP2L1;SIPA1L3;MRC2;TRIM8;TUBA1B;PBK;FGFBP3;AASS;LRRCC1;ZHX2;SYK;HEG1;NOG;ANO8;GAB3;TMC6;DUSP6;ZDHHC14;DUSP7;VAMP8;MMP14;PSMA4;MMP16;PSMA1;MDFIC;BANK1;CKS2;ALDOA;CD44;ARHGEF6;HBEGF;WDR27;PTGER4;PRIM2;PCNA;CLDND1;SLC20A1;PELI2;PTAFR;GCNT1;CXCR4;PRICKLE1;CAMKK1;APOLD1;FGD6;STAMBPL1;GCNT2;MBNL3;MAP4K5;BRF1;PTGES3;RFTN1;BMP8A;SAMD4A;SEPTIN6;KAZALD1;TMEM154;CENPF;PSMC5;PSMC6;PER3;FABP5;LIMS2;CDKN3;SLC27A1;ANKRD37;RAB3A;IRS1;BZW1;FAM107B;DOCK11;PTTG1;ZNF84;PAPOLA;OIP5;MAP3K5;MAGI1;LMO4;CASK;FOXP1;ZNF91;CACNB4;HAT1;SNRPG;SNRPF;FAIM;SHC4;RTN4R;IDI1;INSIG2;PLD1;SAV1;ZFP36L1;SDCBP;CCNB1;SOCS6;SYT1;GLMN;CRIM1;ANKHD1;DIAPH1;ATG16L2;BCL2;ARHGAP11A;DDX46;FHL1;DUSP19;SLC2A1;SLC2A3;HMGB1;PITPNC1;BCL7A;TMEM107;CPXM1;PRKG1;ACTR2;CAMK1D;CCDC34;HMGCS1;TBC1D8;NDUFC2;GLRX2;NAV2;ETV6;PALLD;IRF1;MCM5;AGPAT5;CAMK2D;POMP;NDUFB2;HMGCR;PPM1F;AURKA;AP3M2;TNKS2;OXCT1;TRA2A;LRIG1;SLC25A21;PDLIM5;WASF3;CMTM7;HNRNPA3;TAF15;CYP51A1;PLCL2;DONSON;MBOAT1;ZNF804A;FMNL3;KLF7;SBK1;PSAT1;CTH;SPRY2;CHPT1;PIK3AP1;SSBP2;SNTB1"
"NFI","NFI 21473784 ChIP-Seq ESCs Mouse","122/1549","0.10466714025286087685895353160958620719611644744873046875000000","0.16957873581740334767431477303034625947475433349609375000000","0","0","1.1382845412343026","2.569074125961167798238","CSF1;COL12A1;CTNND1;LOXL4;ALDH1L2;GALNT10;FAM107B;CCT6B;NRBP2;GPR176;FGF9;MPZ;HMCN1;LMO4;VASH2;DKK1;EREG;DISP2;PARD3;MAML3;CLOCK;SCG2;SHC4;INSIG1;IL20RB;ILDR2;PRDM10;ADAMTS10;ACAT2;NPAS2;GLIS2;EFNB2;ARSJ;PRDX1;PDGFC;HIVEP3;FAM83B;TNFSF18;AFAP1L2;COL24A1;SRD5A3;HTR1B;LRP1B;EFNA2;NAT1;ATG16L2;ID2;BCL2L1;DENND1C;GPSM1;NRP2;CITED2;CITED4;HOXC13;HMGB1;RND3;PRSS23;LFNG;JPH2;TRIM6;NUF2;DNER;MYBL2;DACT1;LRRCC1;EIF5A;LYNX1;TIGD5;CAMK1D;CCDC34;NDUFC2;GLRX2;TMC5;F3;ZDHHC14;PARD3B;ETV6;VAMP8;PLCB4;PSMA1;B3GNT5;RNF207;FAM20C;MVD;MNS1;PLCB2;CHST2;CD44;RBMS3;CRB2;SAMD5;LAMA5;SMARCD1;CAMK2D;SMARCD3;IDUA;SEMA3D;SLC20A1;RGS16;DLL1;OXCT1;ATOH8;DNAJC5G;CSMD3;SLIT2;PDLIM5;RIBC2;POLR2L;WNT7B;PTGES3;PLEKHA7;DHRS3;SLC25A37;KLF7;COL3A1;CTH;ST7;HNRNPA2B1;SARDH;VIM;EIF3C;SLC25A34"
"FOXA1","FOXA1 21572438 ChIP-Seq LNCaP Human","124/1578","0.10738678013298831592781112931334064342081546783447265625000000","0.17361246038630875898611805041582556441426277160644531250000","0","0","1.1354364724378478","2.533520059641507504722","EHF;SERPINE2;FGF2;GCSH;DOCK11;EFEMP2;RINL;RASSF6;PSMD1;KPNA2;SPA17;SCN1B;MAGI1;PIAS3;LMO4;SERPINF1;HNF1B;WDR72;CACNB2;BCAM;CYP2U1;SLC9A9;CLOCK;SKAP2;PXT1;IDI1;SHC2;COX16;LIN7A;CACNA1D;SLC6A20;GLIS1;POU5F1B;TMEM125;ARSJ;CASKIN1;HIVEP3;NCKAP1L;GSTM2;XRCC6;PTPRN2;KLRC4;TMEM132A;CRIM1;CYBRD1;SNF8;PPFIBP1;PPFIBP2;CSPG5;SLC26A3;ITM2C;ARHGAP11A;WDR49;CPM;NRP2;OTUD7A;GRIK4;SLC2A3;SIPA1L2;AREG;PRSS23;ORM2;MYPN;CA2;RASGEF1C;NUF2;ANKRD1;CTSH;CCR3;DACT1;ACTR2;TRPC1;TEX14;NAV2;MYRIP;DUSP6;ZDHHC14;ETV6;MMP14;PSMA4;PLCB4;MMP16;PSMA1;NAV3;MDFIC;EHHADH;PPARG;EEF1E1;FJX1;PLCB2;CD44;AGPAT5;LAMA5;DNAH1;IDUA;FGL1;POMP;PPM1H;ADCY5;TNKS2;ABLIM3;REPS2;MAL2;EPS8L3;SLIT2;MPZL3;WASF3;LEKR1;ZNF585A;NQO1;SLC12A5;CYP51A1;AKR1C2;PNMA2;GRHL2;GDAP1;TARBP1;TMEM154;FMNL3;SLC25A37;EEPD1;FABP5;RPL26L1;TMEM229B"
"SREBP1","SREBP1 19666523 ChIP-Seq LIVER Mouse","48/567","0.10807505973833655965599120918341213837265968322753906250000000","0.17435185919325660308665248976467410102486610412597656250000","0","0","1.2261290336260968","2.728050407198145066445","WDR27;CALCOCO1;SLC45A1;INSIG1;RGS16;PLEKHB1;NDUFB2;GRIK4;TMTC1;HOXC13;BZW1;KRCC1;GABARAP;SERPINA5;FGD2;IFIT2;ZFYVE28;SOCS3;GRM7;GNG4;RPS6KA1;CASKIN1;HOMER3;NRTN;KPNA2;NGFR;ST6GAL1;SYT3;ANKRD24;USP9Y;LSM5;LRP1B;GRIN1;SLC25A37;MSRA;CLDN3;TCN2;LACTB2;FASN;RNF207;CSNK2B;TCEA3;BCL2;TLL2;NOTUM;RAMP1;GRINA;RBMS3"
"STAT3","STAT3 20064451 ChIP-Seq CD4+T Mouse","69/843","0.10898565941350225882988667081008316017687320709228515625000000","0.17544599756331388795693726478930329903960227966308593750000","0","0","1.1834269111242044","2.623111867153132603647","DDX46;CSF1;ARL6IP1;CITED2;RASGRF1;TNFAIP3;HMGB1;SIPA1L2;BACH1;HEPHL1;FTH1;NUF2;CASP4;CHAC1;TNS4;TMPO;TGM2;ARL14;AXIN2;DUSP6;PARD3B;INPP4B;TOX2;CACNB3;IRF1;DDIT4;SLC9A9;SPATA13;DPEP1;MAML3;FKBP9;SCG2;CD44;EMID1;SKAP2;PTGER4;PRPS1;LAMA5;BRSK1;SLC45A1;GCNT1;IL20RA;CXCR4;PIK3R1;MRO;ADAMTS10;ZFP36L1;AP3M2;DPP4;LDHB;CCL5;IL21R;ST3GAL6;ATP6V1C2;S100A10;VASP;RABGAP1L;EGR3;GALNT3;PLCL2;LIF;CORO2B;PBX1;CENPF;FABP5;SLCO3A1;ID2;VIM;SSBP2"
"E2F1","E2F1 20622854 ChIP-Seq HELA Human","123/1567","0.11084406688097579729568309403475723229348659515380859375000000","0.17805802233007816948173740456695668399333953857421875000000","0","0","1.1338602871595465","2.494074087867402145235","SLC27A1;CHRM4;PLEKHB1;PRDM1;ABCA12;FGFRL1;GALNT10;SYDE1;HTR6;HTR7;CCNL2;HLA-DOA;PRKACB;TNS3;SAMD11;KRT6A;IK;CCDC154;S100A2;STARD9;VASH1;DISP2;OLFM1;ADCY9;SLPI;SCNN1D;CYP2U1;PPP1R3E;ZFPM1;CFB;IDI1;SHC2;COL13A1;ZNF391;GLIS2;FUT3;SOCS3;EBP;BLOC1S1;ARSJ;PRDX1;CASKIN1;ZNF426;HOXC4;SFN;S100A10;VASP;FDPS;XRCC6;FOXF1;TNFRSF9;SYT7;PARP10;DIAPH1;GJB2;PPP1R1A;ATG16L2;CDK3;NMU;LCN2;ID3;PLCH2;RCOR2;SYNM;DDX46;ITGB4;HSPB8;KCNC4;MAST1;DYSF;HOXC13;GLI2;LFNG;ZCWPW1;HNF4A;ITGAX;PBK;BDKRB2;PMEPA1;HORMAD2;RSPO1;FGFBP3;KLF11;TIGD5;ZNF480;PLLP;IZUMO1;TNFRSF19;TMC8;BTN3A3;KREMEN2;KRT32;SYNGR3;IL17RC;COMMD4;TOX2;MVD;FJX1;PRPS1;DNAH2;TUBAL3;SEMA3B;HSD17B14;LIN9;DCST2;TNKS2;ABLIM3;CCL5;ZNF747;HAS3;P4HTM;CA11;NQO1;TMED7-TICAM2;MBOAT1;ADAM32;PNMA2;FBXL13;KAZALD1;DES;PDE10A;SGSM2;TCEA3"
"FOXM1","FOXM1 26456572 ChIP-Seq MCF-7 Human BreastCancer","41/478","0.11220057952023841651989499723640619777143001556396484375000000","0.17985443213966031961170699560170760378241539001464843750000","0","0","1.2431007700145318","2.719242062300616602499","AGPAT5;EHF;DOCK4;ARL6IP1;FHL2;PPM1H;GALNT10;PLB1;OSBPL10;CCNB1;GRB14;PTTG1;SALL4;NUF2;MACROD1;NEK2;ANXA9;KPNA2;DECR1;XRCC6;MACC1;KRT8;TBC1D8;NR2F2;LSM5;GRHL2;NFATC4;KIAA1217;SULT2B1;DEPDC1B;CENPF;KRT18;ELF3;PARD3;RAB13;HNRNPA2B1;CKS2;ALDOA;PAM;CDKN3;ARHGEF6"
"ISL1","ISL1 30127528 ChIP-Seq KELLY Human Brain Neuroblastoma","15/152","0.11766777535011592459301965618578833527863025665283203125000000","0.18762045586736794677840123313217191025614738464355468750000","0","0","1.4472005521510889","3.096850117652249601008","KCNH2;LMO4;FGL1;TNFRSF19;CHRNA9;PBX3;ABCA12;KIAA1217;ADGRD1;STAMBPL1;LRIG1;LZTS1;PPFIA4;PRRT4;TGM2"
"NR4A2","NR4A2 19515692 ChIP-ChIP MN9D Mouse","13/128","0.11769792889854571726893084360199281945824623107910156250000000","0.18762045586736794677840123313217191025614738464355468750000","0","0","1.4938234745288299","3.196235288928642503947","BRSK1;GPM6A;MAST1;PLD3;KLF7;TUBB2A;STAG3;MMP16;CHN1;LNX1;LHX5;ATF5;PDLIM5"
"ELK1","ELK1 22589737 ChIP-Seq MCF10A Human","62/755","0.11779085573659923980027741663434426300227642059326171875000000","0.18762045586736794677840123313217191025614738464355468750000","0","0","1.1868681520275293","2.538526580726314207936","FHOD3;NRP2;MAML2;IRS1;SERPINE1;RORC;TNFAIP3;RND3;USE1;PLB1;NR3C2;TRIM8;RGS4;ZNF84;TIMP2;MAN2C1;ABCC3;GPR39;MSX2;MYRIP;ZDHHC14;OLFM1;INPP4B;ADCY9;EHHADH;HAT1;CSNK2B;SNRPG;TRIM15;MZF1;CD44;GPM6A;PELI2;PAPLN;PIK3R1;PTGS2;PPL;NPAS2;EFNB2;TNKS2;PSMB3;PDGFC;HAS3;MPZL3;ZNF585B;PDLIM5;ZNF585A;TNFSF18;CA12;NGFR;FDPS;EGR3;XRCC4;KCNB1;SORL1;PSMC5;TFAP4;FASN;TBCE;LNX1;ZNF214;NES"
"FOXM1","FOXM1 23109430 ChIP-Seq U2OS Human","21/226","0.11924637847436471427275961332270526327192783355712890625000000","0.18953898052241130445239036816929001361131668090820312500000","0","0","1.3548482189857869","2.881170796091082841883","ARHGAP11A;ARL6IP1;NAV2;LSM5;APOLD1;AURKA;DEPDC1B;CENPF;CCNB1;TUBB2A;PTTG1;NUF2;HNRNPA2B1;ANP32E;NEK2;KPNA2;DLGAP5;SNTB1;TMPO;CDKN3;SPC25"
"FOXM1","FOXM1 25889361 ChIP-Seq OE33 AND U2OS Human","64/784","0.12313824667403547308275335581129183992743492126464843750000000","0.19531381562793442840941793292586226016283035278320312500000","0","0","1.1791800709395364","2.469730867279205099862","EHF;ARL6IP1;LRR1;CTNND1;HMGB3;IKZF2;TRIM8;ZCWPW1;THBD;TUBA1B;DBP;PTTG1;FTH1;LIPG;NUF2;PBK;PMEPA1;NEK2;OIP5;TK1;KPNA2;SLC25A45;DLGAP5;RBBP8NL;TMPO;MAGI1;EIF5B;IK;TIGD5;S100A2;CCDC34;NAV2;DKK1;DUSP6;DEPDC1B;MRPL51;THAP8;CKS2;MVD;MCM5;PCNA;PPP1R35;LIN9;APOLD1;AURKA;POLD4;CCNB1;BLOC1S1;MGAT5B;GAR1;FADD;HNRNPA1;XRCC6;TAF15;XRCC4;PTGES3;LSM5;HSPE1;CENPE;CENPF;HNRNPA2B1;ANP32E;NF2;CDKN3"
"GATA4","GATA4 21415370 ChIP-Seq HL-1 Mouse","108/1374","0.12520370058675306390583159554807934910058975219726562500000000","0.19817357220754416857744217850267887115478515625000000000000","0","0","1.1341454099726116","2.356542375409488077054","SH3GL3;TES;TRAF3IP2;COL12A1;CTNND1;CPOX;SLC4A3;ZDHHC2;IFIT2;HERC5;FTH1;SPA17;TGM2;MAGI1;TMOD2;LMO7;FOXP2;OXA1L;OLFM2;LACTB2;JTB;EMID1;SLC45A3;INSIG1;CACNA1D;PIK3R1;LTBP1;GABARAP;TMEM25;EFNB2;CASKIN1;ST3GAL6;RABGAP1L;DNASE2B;ABCA3;PBX3;CYBRD1;NMI;PBX1;ID2;RCAN2;ANP32E;ID3;MKX;NF2;RCOR2;PAM;MAP3K12;CPM;NRP2;DOCK3;CITED2;SLC44A2;LRRC39;RASGRF1;DYSF;FHL2;DBI;PRSS23;PITPNC1;SGSH;TRIM8;ZCWPW1;JPH2;BCL7A;NUF2;SCRN2;TMEM107;PDE4B;TIMP3;MYBL2;DACT1;KLF11;TIGD5;GAA;F3;VAMP8;RNF144B;PLCB4;HKDC1;PLSCR4;TRIM55;RBMS3;SAMD5;AGPAT5;SMARCD1;PRIM2;SMARCD3;FGL1;ADCY5;ATOH8;NRIP1;GCNT2;KLRG2;LRIG1;EPS8L3;HNRNPA1;NQO1;PLEKHA6;KAZALD1;PLEKHA7;DHRS3;PSMC6;PIK3IP1;PSMC2;LNX1;SPRY1;LTBR"
"OCT4","OCT4 20526341 ChIP-Seq ESCs Human","123/1578","0.12694127778528838113025756229035323485732078552246093750000000","0.20008489504779275458545839683210942894220352172851562500000","0","0","1.1245661778830762","2.321139091825944689162","SLC27A1;ARL6IP1;IKZF2;CLGN;ZFYVE28;HTR6;EFEMP2;DPYSL3;DHX58;MACROD1;CCNL2;HMCN1;MAGI1;IK;KCTD19;SLC15A1;CCDC78;DAPK1;CACNA2D1;MYO7A;SLC9A2;CACNB2;OXA1L;CLDN3;OBSCN;SCNN1D;PARD3;TMEM139;FEZ2;CFB;TRANK1;CD99L2;AGAP3;PIK3R1;NPAS2;GLIS2;C3;TMEM25;SYNGR1;RDH12;BLOC1S1;ARSJ;PRDX1;PDGFC;HIVEP3;BCL2L15;VASP;ACBD7;PTPRN2;PSAPL1;FOXF1;IQSEC1;MCAM;NMI;GP6;GJB2;ITGA10;RCAN2;NMU;LCN2;RET;OSCP1;FKBP10;KCNC3;HSPB8;DYSF;LRRC3;GPT;TSPAN12;PRSS23;PITPNC1;GLI2;SERPINA5;LYL1;SDR16C5;BCL7A;MCF2L;NUF2;ANKRD1;CCIN;TK1;KLF11;PLLP;TNFRSF19;PLA2G4C;TBC1D8;BTN3A3;NAV2;KREMEN2;TUBG2;TMEM150C;EPN3;IRF1;TFEC;FAM20C;MVD;NDUFB8;CAMK2D;TUBAL3;SYNPO2;PELI2;POMP;PRICKLE1;AOAH;THSD4;AURKA;ABLIM2;STAMBPL1;P4HTM;APOL3;HES4;CGREF1;BMP8A;MEIS3;KAZALD1;PSMC5;SLCO3A1;FAM131B;TCEA3;PCYOX1L;SPRY2;FRK;TMEM229B"
"HNFA","HNFA 21074721 ChIP-Seq CACO-2 Human","123/1578","0.12694127778528838113025756229035323485732078552246093750000000","0.20008489504779275458545839683210942894220352172851562500000","0","0","1.1245661778830762","2.321139091825944689162","CSF1;CHRM4;FAM107B;RGS4;HTR6;TRIM29;RPS6KA1;NEK2;CCNL2;HMCN1;HMGN2;PRKACB;SAMD11;PIAS3;S100A2;LMO4;AKR1E2;MYO7A;HSPG2;DKK1;KIAA1217;ACAP3;CACNB2;SPATA17;OBSCN;NUP210L;SCNN1D;KCNQ1;PARD3;KCNQ4;EPHA2;COL13A1;FBLIM1;DHX9;SLC45A1;CLCNKB;TACSTD2;ILDR2;KIAA0040;GLIS1;TMEM125;PRDX1;SFN;HIVEP3;ST8SIA6;TSPAN2;BCL2L15;S100A10;TNFSF18;AFAP1L2;RABGAP1L;COL24A1;DNASE2B;TNFRSF9;MEIG1;GLMN;PBX1;LIN28A;BAMBI;DLG5;ANP32E;ID3;COL9A2;MKX;PLCH2;RET;OSCP1;TTC22;KCNC4;LRRC39;CITED4;SLC2A1;GRIK4;SIPA1L2;TRIM8;NUF2;PDE4B;RSPO1;PRKG1;ZNF365;DENND2D;DENND2C;CAMK1D;PLEKHG5;NBPF10;MMEL1;GLRX2;NAV2;F3;ZEB1;ELF3;RNF207;TRNP1;CHI3L2;ST6GALNAC5;PRKAA2;PTAFR;LIN9;PTGS2;CRYZ;TMEM201;GPR153;GNG4;SPOCK2;MAN1C1;SUSD4;EPS8L3;IL12RB2;HES4;BMP8A;AKR1C3;PLEKHA7;DHRS3;MPP7;TARBP1;TTLL7;CENPF;PER3;CTH;TCEA3;VIM;PIK3AP1;SLC25A34"
"ADNP","ADNP 35650610 ChIP-Seq mESC Mouse Stem Autism","39/458","0.12792263176491597276296374730009119957685470581054687500000000","0.20121163954689907926720593422942329198122024536132812500000","0","0","1.2326829811365392","2.534802547316811871525","ALDH1L1;SLC27A1;SPARC;DNAH2;COL13A1;SLC44A2;NXPH3;PPP1R35;CHRD;SLC5A11;SLC2A3;PRICKLE1;PITPNC1;OSBPL10;FGD2;TNKS2;FAM43A;MB21D2;CFAP43;ACTR2;EIF5B;NHLRC3;KCNB1;PLEKHG5;KRT8;ZBTB12;LMO7;HSPE1;GRHL2;BMP7;ZDHHC14;KLF8;OLFM2;PPFIBP2;PSMA1;SPATA13;SPRY2;DEGS2;CCDC40"
"VDR","VDR 26986782 ChIP-Seq PBMC Human BoneMarrow","2/9","0.12868977088765085059485215879249153658747673034667968750000000","0.20199745742240413082235761521587846800684928894042968750000","0","0","3.7680219000304169","7.725766143731887858337","ADPRH;PLCL2"
"ESRRB","ESRRB 18555785 ChIP-Seq MESCs Mouse","86/1081","0.13045968436373320264998199036199366673827171325683593750000000","0.20396406578116496599584195337229175493121147155761718750000","0","0","1.1476886318384374","2.337487144025149454762","FHOD3;COL18A1;ALDH1L1;KCNG3;DGKE;RAB3A;LAMC3;ONECUT1;NUDT1;OGDHL;DBI;ECSIT;TSPAN12;ENO2;TRIM6;ATP7B;BCL7A;PLAU;SALL4;SPEG;RTTN;ENPP3;RSPO1;SPA17;SCN1B;AASS;EOMES;MAGI1;DENND2C;ST6GAL1;LYNX1;MSX2;GAA;TESC;WDR72;VASH1;MYRIP;SYNGR3;KCNAB3;MAPK8IP2;DKK1;EPN1;OLFM1;OXA1L;BCAM;CYP2U1;OAF;PARD3;FSCN2;ALDOA;SMPDL3A;NDUFB8;CUL7;PRKAA2;SLC45A3;NXPH3;NPR3;NDUFB2;FOXO6;HIGD1A;LTBP1;SYNGR1;OXCT1;DDT;PRDX1;PDGFC;HIVEP3;AP1M2;PROM2;NTNG2;AFAP1L2;ST14;LGI3;HAGHL;LIF;PARP16;SYT13;GRIN2C;CXCL11;DES;ID3;CHPT1;MKX;NF2;SYCP3;CCNJL"
"SMRT","SMRT 27268052 Chip-Seq Bcells Human","126/1621","0.13048297188384458400456367144215619191527366638183593750000000","0.20396406578116496599584195337229175493121147155761718750000","0","0","1.1211660138203869","2.283268651479780864122","PLEKHB1;ICAM5;PRDM1;FAM107B;RINL;TNS3;KCNH2;SRRM3;NHLRC3;HNF1B;VASH1;ANK1;SYTL3;FOXP1;DEPDC1B;CACNB3;AZGP1;OBSCN;FKBP9;TNIK;SCG2;SKAP2;FBN3;IDI1;CUL7;SLC45A1;INSIG1;ALOX15;GATA6;TRANK1;CHRNA9;AGAP3;PIK3R1;LTBP1;GLIS1;ZFP36L1;SOCS3;RDH12;TRPM6;AP1M2;TNFSF18;EGR3;YES1;FOXF1;IQSEC1;PARP16;GRIN2C;FHDC1;GP6;DIAPH1;ATG16L2;ID2;CNTN1;SLC26A3;CPEB4;DENND1C;CNTNAP1;KCNC4;RASGRF1;BHLHE41;TNFAIP3;SIX1;HOXC13;JPH2;BCL7A;DNER;ITGAX;PMEPA1;SLC18A2;ZNF365;DENND2D;GPR39;ACTR2;KLF11;HSP90AA1;ZHX2;CHST7;CAMK1D;PDE4D;TBC1D8;NAV2;F3;TMEM150C;ETV6;TOX2;IRF1;EHHADH;TFEC;TAX1BP3;TRIM55;RBMS3;AGPAT5;ZNF595;GRAMD1B;CAMK2D;NFIX;PPM1H;SLC5A11;ADCY5;HAS3;ZNF469;MUC4;CD72;GSN;DMRT1;MACC1;RFTN1;PLCL2;ADAM32;PNMA2;GRHL2;TMEM154;SLC25A37;EEPD1;FRAS1;FABP5;PSMC1;RPA3;RIMBP3;KCP;TLL2;PIK3AP1;SLC25A34;SSBP2;SNTB1;TMEM229B"
"GATA2","GATA2 20887958 ChIP-Seq HPC-7 Mouse","104/1324","0.13183395195040384373363906433951342478394508361816406250000000","0.20565006967470020327048985109286149963736534118652343750000","0","0","1.1328508535376971","2.295396093379777902044","ALDH1L1;ANTXR2;ZDHHC2;FAM107B;CCT6B;RASSF6;HOMER3;CHAC1;SCN1B;MAP3K5;ARSA;SLC15A2;DAPK1;TMOD2;MITF;VASH1;SRCIN1;GRIP2;ACAP3;DEPDC1B;OBSCN;DDIT4;S100A4;TRIM15;ZFPM1;ABCG1;GNAZ;SLC45A3;INSIG1;PDGFB;ABO;EFNB2;WNT6;SCUBE1;TSPAN2;KCNN4;MAP2K6;RTBDN;NGFR;CDK18;XRCC6;PARP16;CORO2B;ANP32B;BCL2L1;ITM2C;CALCOCO1;DOCK8;HSPB8;FHL2;LYL1;MCF2L;SCRN2;PMEPA1;DLGAP1;SLC18A2;CCR3;TMED4;EIF5B;DENND2C;ZHX2;HEG1;PDE4D;TUBG2;F3;CBFA2T3;VAMP8;TOX2;PLCB4;PSMA1;RTN4RL1;PALLD;HNRNPH3;ENG;CRB2;ZBTB42;AKAP5;UQCR10;AKAP3;DLL1;TMEM201;ABLIM3;CCL5;MICALL2;STAT4;GCNT2;NQO1;GSN;TXNRD2;RFTN1;BMP8A;GRHL2;DHRS3;EPGN;NUDT7;FRAS1;KRT18;PDE10A;PIK3IP1;NOVA2;ST7;TLL2;PTPN7;RAMP1"
"KDM2B","KDM2B 26808549 Chip-Seq HPB-ALL Human","127/1636","0.13268061998630900633067142280197003856301307678222656250000000","0.20654405791683155824145501355815213173627853393554687500000","0","0","1.1195340934662017","2.261246596315895640572","TES;RAB3A;IRS1;IRS2;SPATA20;PRDM1;KLHL30;ZFYVE28;EFEMP2;RINL;FGF9;CHAC1;KPNA2;CCDC92;HMGN2;SAMD11;TMPO;PIAS3;IL15RA;LMO4;ADAM11;MYO7A;OVOL1;SYTL3;DISP2;ACAP3;PARD3;DDIT4;JTB;GEMIN7;MAML3;RIN1;ZFPM1;EMID1;EPHA2;ZNF550;NOTCH1;DHX9;ILDR2;PIK3R1;GLIS2;ZFP36L1;TMEM25;WNT6;RNF215;CHST12;ZNF704;PRDX1;LCN12;NPHP1;SFN;HIVEP3;S100A10;EGR3;MCAM;MEIG1;PARP10;NR4A1;ATG16L2;FASN;ID2;NOSTRIN;BCL2;ANP32E;ID3;COL9A2;DEGS2;ANP32B;RCOR2;MIPEP;TTC24;KCNC4;BHLHE41;TNFAIP3;N4BP2L1;HMGB1;MRC2;TRIM8;LYL1;TUBA1B;DBP;BCL7A;GALNT9;DENND2D;ZHX2;ANO8;TMC8;TMC6;MMEL1;AXIN2;F3;DUSP6;VCAN;VGF;COL6A1;PLCB2;TRIM55;CD44;ZNF595;PTGER4;RGS16;ZBTB42;CXCR4;LIN9;CAMKK1;AP3M2;TMEM201;GPR153;STAMBPL1;GNG4;SPOCK2;SUSD4;ZNF467;HES4;CD72;WNT7B;PTGES3;GRIN1;TTLL7;SBK1;PIK3IP1;CTH;TCEA3;SPRY2;SPRY1;VIM;NOTUM"
"RUNX1","RUNX1 20887958 ChIP-Seq HPC-7 Mouse","70/870","0.13643959829351290369281457515171496197581291198730468750000000","0.21195863520905811050454303767764940857887268066406250000000","0","0","1.1607289336316182","2.312024931549665041075","GPSM1;ALDH1L1;CITED2;DOCK8;OPLAH;FAM107B;LIPE;LYL1;FTH1;RASSF6;HORMAD2;HOMER3;ANXA9;PTGDS;DLGAP5;SLC18A2;MAP3K5;EIF5A;GPR39;DENND2C;PLEKHG5;PDE4D;TMOD2;DUSP6;VAMP8;MMP14;TOX2;DEPDC1B;TUBB2A;OBSCN;PALLD;CKS2;TNIK;HNRNPH3;ZFPM1;AGPAT5;SLC20A1;INSIG1;IL20RA;PDGFB;AKAP5;ADAMTS10;SCUBE1;ABLIM3;STAT4;GCNT2;IL21R;TSPAN2;FDFT1;S100A10;VASP;CMTM7;ABCA2;BMP8A;LIF;PARP16;GRHL2;DHRS3;NFATC4;ABHD15;MAPK11;NUDT7;PDE10A;TCN2;AXL;PSMC1;NMU;PTPN7;RAMP1;BCL2L1"
"PADI4","PADI4 21655091 ChIP-ChIP MCF-7 Human","69/857","0.13715443867807636246780589317495469003915786743164062500000000","0.21263162464465640288935333046538289636373519897460937500000","0","0","1.1614880812787944","2.307467623445967230822","ARHGAP11A;CALCOCO1;DOCK4;ZNF250;CITED2;CPOX;SIX1;BZW1;ZCWPW1;AIFM1;SALL4;NUF2;HMGN2;TMPO;RNF43;IK;NHLRC3;PDE4D;TNFRSF19;NBPF10;MITF;DKK1;MMP16;PSMA1;FANCD2;DDIT4;C1D;TNIK;MZF1;ARHGEF6;PTGER4;CLDND1;ZDHHC23;LIN7A;SNX33;HMGCR;PTGS2;PLD1;AURKA;ZFP36L1;BCL2L12;POLD4;TMEM125;STAMBPL1;PRDX1;FAM43A;HNRNPA1;MPZL3;WASF3;LEKR1;MPZL2;RABGAP1L;YES1;TAF15;PTGES3;ZBTB12;SORL1;KAZALD1;BMP7;DHRS4;PAN2;EEPD1;PPFIBP1;PSMC5;AADAC;HNRNPA2B1;RAB13;SSBP2;SPC25"
"FOXP1","FOXP1 21924763 ChIP-Seq HESCs Human","246/3273","0.13834618329725659191531406122521730139851570129394531250000000","0.21403968932259986868160694939433597028255462646484375000000","0","0","1.0855808453531943","2.147274743943028418869","MAML2;FRMPD1;PLEKHB1;COL12A1;STMN3;SPATA20;ZDHHC8;ENO2;ZFYVE28;HERC5;HERC3;DHX58;PSMD1;RTTN;CHAC1;CCDC92;TMPO;PRKCG;SRRM3;KCTD19;CCDC78;NHLRC3;EBF4;OVOL1;DKK1;DEPDC1B;PNLDC1;DDIT4;JTB;MAML3;RIN1;SPATA18;CTXN1;ZFPM1;CFB;SKAP2;EXD3;COL13A1;CLCNKB;GABARAP;LDHA;ZNF704;GAR1;FAM43A;S100A14;PRR22;DECR1;RTBDN;ABCA3;SIAH1;PARP16;NFATC4;PPP1R1A;ID2;ID3;RCOR2;FANK1;DHRS13;FKBP10;NRP2;SYNM;ZNF250;CITED2;TGFB1I1;SIPA1L3;TRIM8;ZCWPW1;HNF4A;NUF2;ANXA9;FGFBP3;TMC1;PLLP;NOG;KREMEN2;F3;RENBP;DUSP6;VAMP8;MMP14;MMP16;PSMA1;KIFC2;MMP17;CKS2;HNRNPH3;PLCB2;CRB2;PCNA;NFIX;AKAP5;DCST2;PSMB6;FGD6;GPR153;MICALL2;HSF4;APOL1;MAP4K5;APBB3;CA11;GSN;BRF1;KCNB1;WNT7B;KAZALD1;DHRS3;GRIN1;SH3RF2;TFAP4;LBX2;ZNF219;SGSM2;NOTUM;CRLF1;IL18R1;PRDM1;NRBP2;EFEMP2;CCND1;FGF9;GRB14;MPZ;SALL4;FAM186B;MACROD1;NRTN;ENPP3;KPNA2;HMGN2;KCNH2;PIAS3;RNF43;IK;LAG3;S100A2;APLP1;SRCIN1;FOXP1;DISP2;SNRPG;S100A4;FSCN2;S100A3;GEMIN7;MZF1;SCG2;SHC4;RTN4R;NXPH3;INSIG2;TMEM59L;CHRD;LTBP2;GLIS2;ZFP36L1;BCL2L12;EFNB2;SOCS3;AP1M2;FDPS;ARHGEF35;GGT7;ACBD4;SYT1;NEK5;GLMN;DCDC1;SYT7;DIAPH1;NR4A1;LIN28A;ATG16L2;BAMBI;DLG4;CDK3;ITGA10;NOXA1;TBCE;SP5;AMOTL2;NES;MIPEP;OSCP1;GPSM1;CNTNAP2;CNTNAP1;CALCOCO1;DOCK4;DDX46;MAST1;SIX1;EFCAB11;PITPNC1;DBP;TMEM107;PMEPA1;EIF5A;EIF5B;HSP90AA1;NDUFC2;GLRX2;AXIN2;SYNGR3;EPN3;VCAN;RTN4RL1;IRF1;TRNP1;CDH15;LAMA5;SMARCD1;MTFP1;SEMA3B;PDXP;LIN9;DLL1;PPM1F;AP3M2;SRR;TMEM201;ABLIM2;ABLIM3;MGAT5B;ZNF747;KLRG2;SNCG;EPS8L3;PDLIM5;POLR2L;TRIM40;HAGHL;FBXL16;HSPE1;FMNL3;EEPD1;SBK1;PIK3IP1;PSAT1;FAM131B;RAB13;SARDH;TLL2;SPRY2;LTBR;SSBP2"
"CDKN2AIP","CDKN2AIP 20523734 ChIP-Seq CORTICAL Neurons","10/96","0.13889874786486222646431087923701852560043334960937500000000000","0.21445512195904084529196609310019994154572486877441406250000","0","0","1.5356970934382417","3.031481486857072304986","NUDT7;ZMAT1;MAML2;SYT1;PIK3IP1;TIMP2;GRIK4;BZW1;CORO2B;CDK5RAP3"
"E2F1","E2F1 21310950 ChIP-Seq MCF-7 Human","69/858","0.13932843151469120890340036567067727446556091308593750000000000","0.21467952202773848968675451942544896155595779418945312500000","0","0","1.1599508140055419","2.286171785137716128133","NRP2;DDX46;IRS1;KCNC3;OSBPL10;ZCWPW1;SIX4;SLC22A17;SEC61G;RPS6KA1;PBK;PAPOLA;OIP5;KPNA2;CDK5RAP3;TMPO;LRRCC1;GPR39;MSX2;FIBCD1;KRT8;GLRX2;ANK1;PSMA1;THAP8;FANCD2;PPARG;MCM5;TNIK;MNS1;EEF1E1;SLC45A3;PCNA;CEBPD;DHX9;INSIG2;SLC20A1;LIN9;PLD1;FGD2;FGD6;OXCT1;ZNF704;LRIG1;SFN;ARSG;KCNN4;MBNL3;TRIM44;S100A10;RABGAP1L;IQSEC1;PLCL2;PBX3;DONSON;ELL3;TTLL7;DIAPH1;PER3;FABP5;RPA3;ZNF219;ST7;ZNF615;TCEA3;SP5;ID3;NF2;ANP32B"
"TFAP2A","TFAP2A 35110662 ChIP-Seq HEPM Human Embryo","90/1144","0.14816599362274882056844660382921574637293815612792968750000000","0.22783161952174207920407411620544735342264175415039062500000","0","0","1.1334564838609127","2.164246808876739702754","CXCL8;MAST4;SERPINE2;ARL6IP1;SERPINE1;ANTXR2;BACH1;MYPN;JPH2;EFEMP2;CCND1;PLAU;PBK;ANKRD1;SPEG;SPX;H4C1;HMCN1;DLGAP5;MAP3K5;ACTR2;ARSA;KLF11;HSP90AA1;NHLRC3;PLEKHG5;HEG1;IZUMO1;LMO7;NAV2;PARD3B;ETV6;ACAP3;DEPDC1B;ADCY9;PLCB4;VSNL1;IRF1;PLSCR4;CKS2;ATF5;RIN1;ALDOA;SMPDL3A;CFAP61;PRIM2;ARHGEF28;GCNT1;SEMA3B;AGAP3;PTGS2;ACAT2;CAMKK1;ZFP36L1;MGAT5B;PDGFC;ATOH8;ZNF426;ZNF701;HMOX1;CSMD3;KCNN4;ZNF585B;GTF2IRD2B;ZNF268;P4HTM;CPA4;ZNF783;HES4;ZNF221;NQO1;HNRNPA3;AFAP1L2;GSN;MEIG1;NMI;SYT7;NFATC4;MAPK11;KLF7;DLG4;CTH;ST7;ID3;SPRY2;AMOTL2;CHPT1;PLCH1;NF2;BCL2L1"
"SOX11","SOX11 22085726 ChIP-Seq ESNs Mouse","115/1484","0.15095806284173624023381421466183383017778396606445312500000000","0.23165312488924977296633755941002164036035537719726562500000","0","0","1.1161499337175014","2.110364070314688422769","SH3GL3;ALDH1L1;SPARC;HFE;CTNND1;LOXL4;KLHL30;GALNT10;LIPE;NRBP2;CDH1;NRTN;HOMER3;SOX9;ACAD11;CDK5RAP3;ST6GAL1;EBF4;CACNB2;BCAM;CACNB3;RUFY4;HAT1;SPATA13;MALL;NPTXR;EMID1;CFB;EPHA2;SHC2;SLC45A3;ALOX15;FOXO6;MRO;ADAMTS10;ACAT2;SOCS3;SDCBP;LDHA;ZMAT1;CHST14;AP1M2;FDPS;YES1;ABCA3;MCAM;CRIM1;DCLK1;ELL3;NAT1;FMC1;MKX;PRRT4;NES;DHRS13;FKBP10;SYNM;GAL3ST1;CITED2;HNF4G;HMGB1;USE1;ORM2;MYPN;SHD;ZCWPW1;DBP;HEPH;SLC22A17;RSPO1;TK1;EIF5A;DENND2A;GAB3;TUBG2;VAMP8;PALLD;B3GNT5;COL6A2;MCM5;KIFC3;HNRNPH3;ITGA9;ARHGEF6;LAMA5;PAPLN;POMP;CAMKK1;APOLD1;ABLIM3;DDT;SPOCK2;MICALL2;SUSD4;CHSY3;SLIT2;P4HTM;MPZL2;CDRT4;F10;WNT7B;MACC1;PTGES3;LGI3;PLCL2;DHRS2;GDAP1;SBK1;CTH;LNX1;KCP;SPRY2;CHPT1;PIK3AP1;CDKN3"
"CBP","CBP 21632823 ChIP-Seq H3396 Human","123/1593","0.15127371593647917502600819261715514585375785827636718750000000","0.23166664408122064622297386904392624273896217346191406250000","0","0","1.1121165546964129","2.100414939703775019098","EHF;CHRM4;PLEKHB1;CTNND1;LOXL4;OGDHL;ALDH1L2;FAM107B;IFIT2;GRIP1;HTR7;HEPHL1;CCND1;TRIM29;PLAU;FTH1;MACROD1;IL15RA;RALGAPA1;AKR1E2;ACSL5;MYO7A;MAT1A;OVOL1;DKK1;KIAA1217;CACNB2;OXA1L;CACNB3;KCNQ1;PARD3;DDIT4;IDI1;COL13A1;COX16;TMTC1;LDHA;RDH12;BLOC1S2;MAP6;ST8SIA6;FADD;ACBD7;AFAP1L2;ST14;SYT1;NEK5;TMEM132B;MEIG1;DCDC1;SYT7;PPFIBP2;ATG16L2;BAMBI;PAH;DLG5;CNTN1;DCHS1;LHX5;MKX;DEGS2;RCOR2;ARHGAP11A;FANK1;RET;SERPINA1;ONECUT1;BHLHE41;GRIK4;HOXC13;PRSS23;MYPN;MMP20;TRIM8;BCL7A;CASP4;ANKRD1;FGFBP3;SLC18A2;PRKG1;ZNF365;EIF5AL1;MMP7;CAMK1D;CCDC34;TNFRSF19;NAV2;DUSP6;ZEB1;PSMA1;OAF;HKDC1;HNRNPH3;FJX1;CD44;NDUFB8;TUBAL3;TMPRSS4;PPM1H;PRR5L;PRICKLE1;AKAP5;STAMBPL1;TNKS2;SPOCK2;SNCG;MPZL3;TRIM44;KCNJ11;AKR1C3;AKR1C2;SYT13;SORL1;KAZALD1;PLEKHA7;MPP7;FMNL3;TLL2;SPRY2;VIM;SYCP3;ZNF214;PIK3AP1"
"FOXA1","FOXA1 25329375 ChIP-Seq VCAP Human","122/1580","0.15233176780535781502656789143657078966498374938964843750000000","0.23234441352130333346970303409761982038617134094238281250000","0","0","1.1120699471416364","2.092575851771573347548","EHF;SERPINE2;IRS1;PSMD1;SPA17;PRKACB;KCNH2;PIAS3;SRRM3;SLC15A2;KRT8;NPY1R;HNF1B;BCAM;CACNB3;SPATA17;IFI27;SCNN1D;CYP2U1;SLC9A9;SNRPF;IDI1;FBLIM1;INSIG1;CACNA1D;C2CD4C;SLC6A20;GLIS1;SOCS3;WNT6;BLOC1S1;HOXC4;HIVEP3;FAM43A;NGFR;GSTM2;XRCC6;YES1;TNFRSF9;KLRC4;CYP4F3;CRIM1;CYBRD1;SNF8;SYT7;PPFIBP2;ATG16L2;LCN2;ANP32E;MKX;SLC26A3;BCL2L1;FANK1;DHRS13;CPM;NRP2;ITGB4;HSPB8;FHL2;GRIK4;TNFAIP3;SIPA1L2;PRSS23;ORM2;TRIM8;ZCWPW1;SIX4;CA2;DLGAP5;CCR3;DACT1;TMC1;ACTR2;ZNF480;NBPF10;TEX14;GAB3;NAV2;MYRIP;DUSP6;C1QL1;PLCB4;PSMA1;VGF;MDFIC;OAS1;EHHADH;CHI3L2;PPARG;FJX1;PLCB2;ST6GALNAC5;CD44;PTGER4;DNAH1;FGL1;TMPRSS4;POMP;PPM1H;ADCY5;ABLIM3;REPS2;MAL2;EPS8L3;RPL17;LEKR1;ZNF585A;CMTM7;SLC12A5;CYP51A1;TARBP1;DHRS4;TMEM154;KLF8;CENPE;PSAT1;RPA3;SGSM2;TCEA3;PI15;CRLF1;CCL26"
"FOXA1","FOXA1 27270436 Chip-Seq PROSTATE Human","122/1580","0.15233176780535781502656789143657078966498374938964843750000000","0.23234441352130333346970303409761982038617134094238281250000","0","0","1.1120699471416364","2.092575851771573347548","EHF;SERPINE2;IRS1;PSMD1;SPA17;PRKACB;KCNH2;PIAS3;SRRM3;SLC15A2;KRT8;NPY1R;HNF1B;BCAM;CACNB3;SPATA17;IFI27;SCNN1D;CYP2U1;SLC9A9;SNRPF;IDI1;FBLIM1;INSIG1;CACNA1D;C2CD4C;SLC6A20;GLIS1;SOCS3;WNT6;BLOC1S1;HOXC4;HIVEP3;FAM43A;NGFR;GSTM2;XRCC6;YES1;TNFRSF9;KLRC4;CYP4F3;CRIM1;CYBRD1;SNF8;SYT7;PPFIBP2;ATG16L2;LCN2;ANP32E;MKX;SLC26A3;BCL2L1;FANK1;DHRS13;CPM;NRP2;ITGB4;HSPB8;FHL2;GRIK4;TNFAIP3;SIPA1L2;PRSS23;ORM2;TRIM8;ZCWPW1;SIX4;CA2;DLGAP5;CCR3;DACT1;TMC1;ACTR2;ZNF480;NBPF10;TEX14;GAB3;NAV2;MYRIP;DUSP6;C1QL1;PLCB4;PSMA1;VGF;MDFIC;OAS1;EHHADH;CHI3L2;PPARG;FJX1;PLCB2;ST6GALNAC5;CD44;PTGER4;DNAH1;FGL1;TMPRSS4;POMP;PPM1H;ADCY5;ABLIM3;REPS2;MAL2;EPS8L3;RPL17;LEKR1;ZNF585A;CMTM7;SLC12A5;CYP51A1;TARBP1;DHRS4;TMEM154;KLF8;CENPE;PSAT1;RPA3;SGSM2;TCEA3;PI15;CRLF1;CCL26"
"LYL1","LYL1 20887958 ChIP-Seq HPC-7 Mouse","48/587","0.15943991178690797294592584876227192580699920654296875000000000","0.24269583346595863249106628245499450713396072387695312500000","0","0","1.1793258622731424","2.165346248192268507893","PXT1;AGPAT5;PRIM2;ALDH1L1;LAMA4;ENDOD1;AKAP5;UQCR10;ZDHHC2;EFNB2;LYL1;RASSF6;PALM;GCNT2;STAT4;HOMER3;DLGAP1;NEK2;ANXA9;CHAC1;TNS4;SLC18A2;DENND2C;IZUMO1;PDE4D;TMOD2;BMP8A;GRHL2;DHRS3;DHRS4;ABHD15;VAMP8;SLC9A2;DEPDC1B;TOX2;OBSCN;KRT18;PDE10A;PSMA1;AXL;PALLD;TRMT6;ST7;HNRNPH3;ZFPM1;RAMP1;BCL2L1;ITM2C"
"P63","P63 20808887 ChIP-Seq KERATINOCYTES Human","123/1598","0.15999652251982693362819532012508716434240341186523437500000000","0.24305306740939502940790362117695622146129608154296875000000","0","0","1.1080229497841878","2.030566401492928996220","SH3GL3;SERPINE1;FGF2;KLHL30;PLB1;HERC3;HTR7;NRTN;HOMER3;SOX8;SOX9;CDK5RAP3;KRT6A;IL15RA;S100A2;LMO4;ACSL6;HNF1B;SRCIN1;SYTL3;ADCY9;PPP1R3E;PARD3;KCNQ4;ATF5;NPTXR;CLOCK;ZFPM1;SCG2;NGEF;EMID1;FBN3;IDI1;NOTCH1;COL13A1;CLCNKB;TACSTD2;ENDOD1;LYPD3;PIK3R1;HIGD1A;SLC6A20;CACNA1I;RNF215;GAR1;HIVEP3;FADD;TMEM120B;CDK18;AFAP1L2;AMBP;PBX3;CYBRD1;ZBTB12;BMP4;MSRA;LIN28A;TCN2;ATG16L2;NOSTRIN;LCN2;ANP32E;ITGBL1;PLCH2;SLC26A3;DENND1C;COL18A1;KCNC3;BHLHE41;SIX1;SLC2A3;MYPN;TRIM8;THBD;ITGAX;TIMP2;CTSH;EIF5A;EIF5B;CCDC34;PDE4D;TNFRSF19;TEX14;MMEL1;TUBG2;TMC5;ARL4C;RNF144B;ELF3;PALLD;PPARA;LAMA5;SMARCD1;CAMK2D;DNAH2;ATL1;RGS16;POMP;HMGCR;PSMB6;POLD4;ATOH8;MAN1C1;KLRG2;SNCG;MAP4K5;WASF3;IL12RB2;HES4;CMTM7;LGI3;PNMA2;GDAP1;MPP7;SH3RF2;PSMC5;NUDT7;FRAS1;SLCO3A1;MYO15B;PIK3IP1;TCEA3;MAMLD1"
"TCF4","TCF4 32651957 ChIP-Seq PLC/PRF/5 Human Liver Heptoma","46/561","0.16073114310490141387610663059604121372103691101074218750000000","0.24321795340374616212208991328225238248705863952636718750000","0","0","1.1826935524022903","2.161990103258410567122","FANK1;ZNF595;TES;CXCL8;MAST4;HNF4G;PLD1;BACH1;TTN;TRIM8;AP3M2;CTIF;C5;GOLGA6L9;CCND1;HNF4A;TRA2A;STAT4;NEK2;PRKACB;AASS;S100A10;HNRNPA3;RASA4B;LMO4;IZUMO1;PDE4D;SRD5A3;DONSON;NBPF10;ADAM32;ACSL5;LMO7;NR1D1;AXIN2;DUSP6;NFATC4;SH3RF2;NR4A1;FAM222A;GNAL;PARD3;SP5;AMOTL2;ZNF675;CDKN3"
"LDB1","LDB1 21186366 ChIP-Seq BM-HSCs Mouse","111/1435","0.16074934933572096462661704663332784548401832580566406250000000","0.24321795340374616212208991328225238248705863952636718750000","0","0","1.1134179642110156","2.035226676959857261551","IKZF2;BZW1;KLHL30;GLDN;FAM107B;LIPE;PLAU;FTH1;ENPP3;KPNA2;HMGN2;PTGDS;RAG1;TGM2;KRT6A;KCNH2;IL15RA;ARL14;HNF1B;VWA5B2;SULT2B1;DEPDC1B;FANCD2;TMEM139;DPEP1;FSCN2;RIN1;STEAP1;NGEF;SHC2;COX16;PDGFB;LYPD3;PPL;SDCBP;PDGFC;ST8SIA6;AP1M2;RABGAP1L;CRIM1;SNF8;NR1D1;NMI;ELL3;CXCL10;FASN;TBCE;NES;CPEB4;MAP3K12;ITM2C;RET;COL18A1;ONECUT3;MAST1;DBI;ECSIT;MSLN;MMP20;SDR16C5;RASGEF1C;BDKRB2;TIMP3;MAN2C1;FGFBP3;SLC18A2;SH3D19;ABCC3;ACTR2;DENND2C;FGFBP1;CNTD1;MMP7;AMT;ZDHHC14;DUSP7;RNF144B;PSMA4;TUBB2A;PALLD;EHHADH;HKDC1;ZMYND10;HNRNPH3;CDH15;SMPDL3A;MGLL;ENG;AGPAT5;SMARCD1;NFIX;TUBAL3;GCNT1;SEMA3B;PDXP;PRICKLE1;DLL1;ABLIM3;KLRG2;CSMD3;APBB3;WASF3;LEKR1;GALNT3;F10;WNT7B;PTGES3;GRIN1;COL3A1;FAM131B;VIM"
"GATA6","GATA6 21074721 ChIP-Seq CACO-2 Human","122/1585","0.16112787722893939790225203978479839861392974853515625000000000","0.24330309461569848972217755544988904148340225219726562500000","0","0","1.1079458290270423","2.022618220324492011031","CSF1;PLEKHB1;FAM107B;RGS4;HTR6;MPZ;RPS6KA1;NEK2;CCNL2;HMCN1;HMGN2;PRKACB;PPFIA4;SAMD11;PIAS3;IL15RA;S100A2;LMO4;AKR1E2;VASH2;HSPG2;DKK1;LEMD1;KIAA1217;ACAP3;CACNB2;OBSCN;NUP210L;SCNN1D;PARD3;KCNQ4;S100A3;EPHA2;SLC45A3;FBLIM1;DHX9;SLC45A1;CLCNKB;TACSTD2;ILDR2;KIAA0040;GLIS1;TMEM125;PRDX1;SFN;HIVEP3;ST8SIA6;TSPAN2;FADD;BCL2L15;S100A10;TNFSF18;CDK18;GSTM2;RABGAP1L;COL24A1;DNASE2B;TNFRSF9;MEIG1;GLMN;PBX1;LIN28A;TBCE;ANP32E;ID3;COL9A2;MKX;PLCH2;NES;OSCP1;TTC22;KCNC4;LRRC39;CITED4;SLC2A1;SIPA1L2;NUF2;PDE4B;RSPO1;PRKG1;DENND2D;DENND2C;CAMK1D;PLEKHG5;NBPF10;MMEL1;F3;ELF3;RNF207;TRNP1;CHI3L2;HNRNPH3;ST6GALNAC5;PRKAA2;PTAFR;LIN9;PTGS2;CRYZ;DCST2;TMEM201;GPR153;GNG4;MAN1C1;SUSD4;EPS8L3;TRIM44;IL12RB2;HES4;BMP8A;AKR1C3;AKR1C2;DHRS3;MPP7;TARBP1;TTLL7;CENPF;PER3;CTH;TCEA3;VIM;PIK3AP1;SLC25A34"
"NCOR","NCOR 22424771 ChIP-Seq 293T Human","121/1572","0.16226812357576167467065886285126907750964164733886718750000000","0.24453579500938135704579678986192448064684867858886718750000","0","0","1.1078689382890174","2.014665456317720870771","EHF;CHRM4;RORC;PLB1;CLGN;CCT6B;GOLGA6L9;TRIM29;FTH1;NRTN;KPNA2;MAP3K5;TMPO;KRT6A;MAGI1;SRRM3;KCTD19;S100A2;LMO4;WDR72;MYO7A;VASH1;OLFM2;AZGP1;LACTB2;SPATA13;FSCN2;STEAP1;SPTBN4;NXPH3;INSIG2;IL20RA;TRANK1;ILDR2;LIN7A;MRO;SLC6A20;NPAS2;GLIS2;FUT3;PRDX1;MAP6;ST8SIA6;S100A14;SOCS6;GTF2IRD2B;RTBDN;NEK5;TMEM132A;IL31RA;SNF8;CORO2B;ANKHD1;SYT7;PPP1R1A;ATG16L2;NMU;NOSTRIN;ANP32E;LHX5;PRRT4;RCOR2;TMEM151A;OSCP1;CNTNAP2;SYNM;N4BP2L1;ECSIT;AREG;USE1;PRSS23;SHD;MRC2;NUF2;TMEM107;BDKRB2;CTSH;RSPO1;MAN2C1;TTC23L;GPR39;DENND2C;AMN;HMGCS1;ZNF480;TNFRSF19;NDUFC2;GLRX2;ANO4;C1QL1;OAF;IRF1;FJX1;TUBAL3;SLC5A11;FGD2;PSMB6;STAMBPL1;TNKS2;MAN1C1;ZNF469;PDLIM5;WASF3;TM4SF18;TAF15;GSN;F10;MACC1;CYP51A1;AKR1C3;PNMA2;DHRS2;TTLL7;PSMC5;EPGN;AADAC;FABP5;MYO15B;PSMC1;TLL2;VIM"
"SMAD4","SMAD4 19686287 ChIP-ChIP HaCaT Human","28/326","0.16260186272718041289309098829107824712991714477539062500000000","0.24455061027693467123889092817989876493811607360839843750000","0","0","1.2426734993958275","2.257255055949972888385","FANK1;TES;SAMD9;INSIG2;GPR87;SERPINE1;FHL2;LTBP2;CAMKK1;BLOC1S2;PMEPA1;SFN;S100A10;TGM2;ARL14;S100A2;IGFBP3;AKR1C2;LSM5;DHRS3;BCAM;MDFIC;B3GNT5;HNRNPA2B1;TBCE;ID3;ITGBL1;MNS1"
"IRF1","IRF1 19129219 ChIP-ChIP H3396 Human","13/136","0.16321310100425243105881634164688875898718833923339843750000000","0.24498189116940474741035416172962868586182594299316406250000","0","0","1.3960594112378892","2.530634889887739991110","MIPEP;FBN3;DHRS13;PTPRN2;PCNA;ONECUT3;HEG1;DUSP6;TUBB2A;PDE4B;CHAC1;AASS;SNTB1"
"POU2F1","POU2F1 35413990 ChIP-Seq Human ARnegCRProstateCancer","35/418","0.16608927239740564618664109275414375588297843933105468750000000","0.24880436638897077128440571414103033021092414855957031250000","0","0","1.2091087801323701","2.170628173572203944985","WDR49;IL1RN;DOCK4;SERPINE2;FICD;MAST4;FRMPD1;SLC5A11;H2AC15;SLC6A20;PLB1;TTN;ZCWPW1;LDHA;TRIM6;NCKAP1L;CSMD3;ENPP3;PRKACB;ABCC3;GSN;LMO4;H2BC4;LMO7;ANK1;GRIP2;NUDT7;FABP5;ADGRB2;ELF3;ST7;PCYOX1L;CNTN1;AMOTL2;FRK"
"ETV1","ETV1 20927104 ChIP-Seq GIST48 Human","122/1588","0.16655265896073362386076155416958499699831008911132812500000000","0.24900447032743344699667886743554845452308654785156250000000","0","0","1.1054848614099575","1.981519430034346385128","ALDH1L1;KCNG3;CSF1;PLB1;RGS4;HTR6;GRB14;RPS6KA1;NEK2;CCNL2;HMCN1;HMGN2;PRKACB;SAMD11;PIAS3;S100A2;LMO4;VASH2;HSPG2;ACAP3;SPATA17;CACNB4;OBSCN;NUP210L;SCNN1D;CLIP4;KCNQ4;SCG2;EPHA2;SLC45A3;FBLIM1;DHX9;SLC45A1;CLCNKB;TACSTD2;ILDR2;CACNA1D;PLD1;LTBP1;KIAA0040;GLIS1;NPAS2;DPP4;TMEM125;SFN;HIVEP3;TSPAN2;S100A10;TNFSF18;KCNF1;RABGAP1L;COL24A1;DNASE2B;TNFRSF9;GLMN;CRIM1;PBX1;LIN28A;ID2;TBCE;ANP32E;ID3;COL9A2;PLCH2;OSCP1;KCNC4;LRRC39;CITED4;DYSF;SLC2A1;SIPA1L2;RND3;GLI2;GRM7;NUF2;PDE4B;RSPO1;ACTR2;EIF5B;DENND2C;PLEKHG5;NBPF10;MMEL1;F3;PARD3B;ARL4C;VSNL1;ELF3;RNF207;TRNP1;CHI3L2;ST6GALNAC5;RBMS3;PRKAA2;PTAFR;CXCR4;PTGS2;CRYZ;TTN;TMEM201;GPR153;GNG4;CHN1;MAN1C1;SUSD4;LRIG1;EPS8L3;IL12RB2;HES4;HNRNPA3;GALNT3;BMP8A;PLEKHA6;SGPP2;DHRS3;TARBP1;TTLL7;CENPF;PER3;CTH;TCEA3;SLC25A34"
"FOXA1","FOXA1 33576154 ChIP-Seq Human Liver ProstateCancer","148/1944","0.16708145366962065536675652310805162414908409118652343750000000","0.24930137849913755476727317272889195010066032409667968750000","0","0","1.0956713872827273","1.960456149351453625229","FHOD3;EHF;TES;RORC;ARHGAP39;SPATA20;SSC4D;BACH1;BZW1;PLB1;GALNT10;FAM107B;HERC5;GRIP1;HERC3;PSMD2;ZNF84;RASSF6;PAPOLA;ENPP3;TNS4;PRKACB;MAP3K5;MAGI1;MLIP;SLC15A2;ACSL5;LMO7;SYTL5;OVOL1;ANK1;FOXP2;FOXP1;CYP27A1;INPP4B;BCAM;CLDN3;THAP8;PPP1R3E;CSNK2B;MALL;MAML3;SKAP2;INSIG1;IL20RA;PLD1;AK7;LTBP1;FBLN5;SDCBP;RDH12;ZNF704;RHPN1;HOXC4;ST3GAL6;FAM43A;GTF2IRD2B;FDFT1;TMEM120B;RABGAP1L;DNASE2B;PBX3;SYT7;BMP4;MSRA;PPFIBP2;NAT1;PRXL2A;ANP32E;CREBRF;MIPEP;DOCK4;CXCL8;ZNF250;CITED2;SLC44A2;FHL2;TNFAIP3;DUSP18;TSPAN12;GLI2;TUBA1B;ATP7B;SCML1;SEC61G;NUF2;CNGA1;UTY;RBBP8NL;GALNT9;SH3D19;TMED4;TMC1;ADGRV1;GAA;PDE4D;TNFRSF19;DUSP6;RNF144B;ADGRF3;PLCB4;ELF3;MDFIC;CHDH;IRF1;PPARG;TAX1BP3;ALDOA;METTL26;MGLL;HBEGF;RBM47;CLDND1;CEBPD;ATL1;SYNPO2;FGL1;PELI2;NDUFB3;PAPLN;PPM1H;ZBTB42;U2AF1;PRICKLE1;AP3M2;RIDA;TNKS2;PSMB3;OXCT1;ATOH8;LRIG1;REPS2;MAP4K5;APBB3;TIGAR;BRF1;TXNRD2;AHNAK2;GRHL2;TTLL7;EEPD1;KLF7;TFAP4;FABP5;MYO15B;FKBP1B;RAMP1;FRK"
"SMAD4","SMAD4 21741376 ChIP-Seq EPCs Human","123/1603","0.16902344100685048888799144606309710070490837097167968750000000","0.25170157388594105452028770741890184581279754638671875000000","0","0","1.1039570043646130","1.962524093813199588254","SH3GL3;ALDH1L1;EHF;TES;RAB3A;TRAF3IP2;HFE;LOXL4;IRS2;PRDM1;ABCA12;GRPR;FAM107B;RGS4;HOXA1;SOX9;CCDC92;LZTS1;SAMD11;EOMES;SLC15A1;MSX2;RALGAPA1;AKR1E2;MYO7A;SRCIN1;EID3;PARD3;DDIT4;ADPRH;PXT1;DHX9;INSIG2;INSIG1;SLC1A1;CLCNKB;GATA6;CACNA1D;PLD1;ARL17B;TMEM25;POU5F1B;HIVEP3;ST8SIA6;SOCS6;ABCA1;AFAP1L2;SYT1;FOXF1;IQSEC1;TNFRSF9;NR2F2;PBX1;BMP2;GNAL;BAMBI;ID2;NOSTRIN;ANP32E;DEGS2;GPSM1;FKBP10;NRP2;SYNM;HMGB1;SERPINA5;HNF4A;ITGAX;TIMP3;CCDC38;GPR39;ZHX2;HEG1;TNFRSF19;TMC6;WNT16;TOX2;RTN4RL1;MCM5;ITGA9;PRPS1;PRKAA2;SMARCD3;LAMA2;SEMA3D;LAMA4;RGS16;PELI2;TMPRSS4;PPM1H;PRR5L;HMGCR;AOAH;AKAP5;ADCY5;ABLIM2;SH3TC2;SPOCK2;ATOH8;REPS2;PCDH1;MBNL3;P4HTM;APOL3;IL12RB2;CMTM7;CDRT4;NQO1;SLC12A5;IRX3;SYT13;SGPP2;DHRS3;GRIN1;SLC25A37;EEPD1;KLF7;COL3A1;FRAS1;FABP5;SLCO3A1;TCEA3;CDKN3"
"POU3F2","POU3F2 20337985 ChIP-ChIP 501MEL Human","102/1319","0.17325986302298904129237655524775618687272071838378906250000000","0.25750235547708016925483320846979040652513504028320312500000","0","0","1.1122944434365962","1.949810685340368054952","DGKE;AMY2B;HFE;IRS2;ANTXR2;HERC5;PRKACB;TMPO;RNF43;DAPK1;LMO4;CACNA2D1;MITF;ANXA10;DKK1;FOXP2;FOXP1;EREG;CACNB2;INPP4B;SCG2;NGEF;GPM6A;NPR3;TWIST1;LIN7A;TXN;PRDM10;NPAS2;SAV1;SDCBP;NPHP1;FAM83B;SLC10A4;RABGAP1L;GPR15;SYT1;ABCA3;KLRC4;SIAH1;LRP1B;PCDHGA10;GNAL;NMU;CNTN1;MKX;SLC26A3;CPEB4;ARHGAP11A;WDR49;CNTNAP2;FHL2;HNF4G;GRIK2;KRT20;DNER;ZNF365;GPR37;MMP7;CCDC34;TNFRSF19;WNT16;PARD3B;VCAN;PLCB4;NAV3;BANK1;PALLD;PLSCR4;TFEC;CKS2;CLDN18;PPARG;EEF1E1;TRIM55;CAMK2D;PRKAA2;LAMA2;SEMA3D;FGL1;PTGS2;THBS4;ABLIM3;OXCT1;CSMD3;SLIT2;MAP4K5;WASF3;TM4SF18;TAF15;GALNT3;SAMD4A;AKR1C3;ZNF804A;PNMA2;COL3A1;EPGN;PSMC6;PDE10A;ZNF615;SPRY1;IL18R1"
"TBX4","TBX4 33478486 ChIP-Seq IMR90 Human Lung","20/226","0.17480434703545763563958814756915671750903129577636718750000000","0.25928739098579672850419797214271966367959976196289062500000","0","0","1.2830749687659224","2.237795588694325932266","KCNH2;COL18A1;SLC15A1;SYT1;CETN2;HTR1B;C2CD4C;TUBG2;KAZALD1;TEX19;CACNB3;ABLIM2;ARHGAP40;TRIM29;RTN4RL1;LRFN1;RCAN2;RASGEF1C;GALNT9;TMED4"
"CEBPB","CEBPB 23403033 ChIP-Seq LIVER Mouse","26/304","0.17857832985989707808016646595206111669540405273437500000000000","0.26355786488917326559899834137468133121728897094726562500000","0","0","1.2364906630652155","2.130137026749869821884","AGPAT5;SLC20A1;INSIG2;SYNPO2;HSPB8;UQCR10;DUSP18;ACAT2;PPM1F;C3;TMEM25;HMGN5;NUF2;HMOX1;SLC25A45;AASS;ENKD1;ABCC3;XRCC6;LMO4;GAA;MAT1A;COMMD4;TMEM154;NOSTRIN;CKS2"
"HTT","HTT 18923047 ChIP-ChIP STHdh Human","26/304","0.17857832985989707808016646595206111669540405273437500000000000","0.26355786488917326559899834137468133121728897094726562500000","0","0","1.2364906630652155","2.130137026749869821884","DDX3Y;GPM6A;NOTCH1;NUDT1;GATA6;TACSTD2;CD99L2;LTBP1;WNT6;CCNB1;SPOCK2;ENPP3;USP9Y;ADAM32;MYO7A;NR1D1;SYTL5;C1QL1;EPN3;PPFIBP1;NUDT7;AADAC;CSPG5;SCG2;SLC26A3;CPEB4"
"PHOX2B","PHOX2B 30127528 ChIP-Seq BE2C Human Brain Neuroblastoma","63/794","0.17873063155398238865956273002666421234607696533203125000000000","0.26355786488917326559899834137468133121728897094726562500000","0","0","1.1417370619492018","1.965929026712361249452","DOCK4;HFE;GRIK4;ABCA12;ANTXR2;KRT20;LFNG;PDE4B;PRKACB;SAMD11;KCNH2;MMP7;HEG1;TNFRSF19;LMO7;SRCIN1;DUSP6;FOXP1;SULT2B1;ZEB1;PARD3;CLIP4;CLDN18;KIFC3;STEAP1;SCG2;ST6GALNAC5;RBMS3;CAMK2D;SEMA3D;ARHGEF28;FGL1;CHRNA9;IL20RB;TMTC1;PIK3R1;KLHL13;HMGCR;THSD4;THBS4;STAMBPL1;OXCT1;LRIG1;SOCS6;MBNL3;SLC10A4;RABGAP1L;MACC1;RFTN1;PBX3;SEPTIN6;L1CAM;SORL1;PLEKHA7;ANKHD1;DIAPH1;FRAS1;ZNF219;ST7;CNTN1;SPRY2;PLCH2;PRRT4"
"CBX2","CBX2 22325352 ChIP-Seq 293T-Rex Human","122/1595","0.17963614751010612002879440751712536439299583435058593750000000","0.26437678629654998152531675259524490684270858764648437500000","0","0","1.0997815870568080","1.888129088146954348559","ALDH1L1;KCNG3;CSF1;IKZF2;PLB1;RGS4;HTR6;RPS6KA1;NEK2;CCNL2;HMCN1;HMGN2;PRKACB;SAMD11;ST6GAL1;LMO4;HSPG2;ACAP3;SPATA17;CACNB4;OBSCN;NUP210L;SCNN1D;FEZ2;CLIP4;KCNQ4;EPHA2;FBLIM1;DHX9;SLC45A1;CLCNKB;TACSTD2;ILDR2;LTBP1;KIAA0040;GLIS1;NPAS2;DPP4;TMEM125;PRDX1;SFN;HIVEP3;TSPAN2;PROM2;S100A10;TNFSF18;KCNF1;RABGAP1L;COL24A1;IQSEC1;DNASE2B;TNFRSF9;GLMN;CRIM1;PBX1;LRP1B;LIN28A;ID2;TBCE;ANP32E;ID3;COL9A2;PLCH2;OSCP1;NRP2;KCNC4;LRRC39;CITED4;DYSF;SLC2A1;SIPA1L2;GLI2;NUF2;PDE4B;RSPO1;GPR39;ACTR2;DENND2C;PLEKHG5;TBC1D8;MMEL1;F3;PARD3B;VSNL1;ELF3;RNF207;TRNP1;CHI3L2;ST6GALNAC5;PRKAA2;SLC20A1;RGS16;PTAFR;LIN9;PTGS2;CRYZ;TTN;TMEM201;GPR153;GNG4;ATOH8;CHN1;MAN1C1;SUSD4;EPS8L3;IL12RB2;HES4;HNRNPA3;KCNIP3;BMP8A;ZNF804A;PLEKHA6;MERTK;DHRS3;TARBP1;TTLL7;KLF7;CENPF;PER3;CTH;TCEA3;SLC25A34"
"MEIS1","MEIS1 20887958 ChIP-Seq HPC-7 Mouse","85/1092","0.18151643438670020391789705627161310985684394836425781250000000","0.26662433455633982593013797668390907347202301025390625000000","0","0","1.1192167646983933","1.909841651774405235642","GPSM1;DOCK8;MAST1;BHLHE41;STMN3;ICAM5;IKZF2;FAM107B;GCSH;TRIM8;LYL1;PALM;ITGAX;ANKRD1;DLGAP1;CCNL2;ANXA9;PTGDS;CDK5RAP3;PRKG1;MAP3K5;TMED4;EIF5A;GPR39;EIF5B;DENND2C;TNNC1;VASH2;TMC8;ANXA10;GLRX2;DUSP6;ACAP3;TOX2;DEPDC1B;MRPL51;FNDC4;TUBB2A;PALLD;IRF1;SLC9A9;C1D;CSNK2B;TRIM15;MCM5;KCTD12;TNIK;HNRNPH3;MZF1;PLCB2;ZFPM1;AGPAT5;NFIX;FICD;CEBPD;INSIG1;CXCR4;POLD4;SCUBE1;PSMB3;OXCT1;CHST12;MICALL2;STAT4;GCNT2;IL21R;HMOX1;HIVEP3;TSPAN2;FAM43A;FADD;ABCA2;TMEM120B;TNFRSF9;PLCL2;PARP16;NR1D1;ANKHD1;DHRS3;PIK3IP1;AXL;PTPN7;VIM;SSBP2;RCOR2"
"CEBPB","CEBPB 24764292 ChIP-Seq MC3T3 Mouse","112/1461","0.18487645421700615866456018920871429145336151123046875000000000","0.27103247171619349042970270602381788194179534912109375000000","0","0","1.1018797033242769","1.860047307314677489387","RAB3A;TRAF3IP2;BACH1;BZW1;GALNT10;TXNDC17;HERC5;NRBP2;PTTG1;PLAU;FTH1;SOX9;ARSA;LAG3;CCDC78;CACNA2D1;ACSL5;OXA1L;PNLDC1;PARD3;DDIT4;SLC9A9;SNRPG;KCTD12;SNRPF;RIN1;CTXN1;SKAP2;IDI1;SLC26A1;INSIG2;INSIG1;DAPP1;TWIST1;HIGD1A;PRDM10;GLIS2;ZFP36L1;SDCBP;LDHA;BLOC1S2;NPHP1;HMOX1;CHST14;FADD;CPA4;DECR1;EGR3;TMEM132A;ZBTB12;NR1D1;NMI;GRIN2C;LSM5;ANKHD1;PCDHGA10;PARP10;PPFIBP2;CDK3;PIR;ID3;NF2;TMEM151A;TGFB1I1;SIX1;GPT;SIPA1L2;TUBA1B;SEC61G;SCRN2;ANKRD1;HSP90AA1;LYNX1;TNNC1;PLEKHG5;AMT;DUSP6;COMMD4;EPN1;ETV6;VAMP8;ARL4C;MRPL51;PSMA4;FAM20C;ZMYND10;CHST2;GRAMD1B;NDUFB8;PCNA;PDXP;UQCR10;AURKA;PSMB6;POLD4;TMEM201;SPOCK2;HSF4;APBB3;HAGHL;KAZALD1;DHRS4;NUDT7;SBK1;FABP5;RPA3;RAB13;SPRY2;VIM;LTBR;EIF3C;GRINA"
"POU3F1","POU3F1 26484290 ChIP-Seq ESCss Mouse","119/1557","0.18551831781815464328388998183072544634342193603515625000000000","0.27144637587733866368466806306969374418258666992187500000000","0","0","1.0985378083595638","1.850598608355346730292","SLC27A1;ANKRD37;PLEKHB1;NUDT1;OGDHL;GRIP1;PLAU;CDH1;DPYSL3;LIPG;RPS6KA1;MACROD1;PSMD1;TMPO;EOMES;SRRM3;LAG3;KCTD19;LMO4;ACSL6;FOXP2;OLFM1;INPP4B;OLFM2;SPATA17;SPATA13;KCNQ4;KCTD12;RIN1;DHX9;TWIST1;LIN7A;FBLN5;GLIS2;SOCS3;SDCBP;CHST12;ZBBX;FAM83B;EGR3;IQSEC1;ABCA3;GLMN;IL31RA;PBX3;PARP16;NR1D1;PBX1;NFATC4;HNRNPM;LIN28A;ATG16L2;ID2;NMU;CHMP2B;CNTN1;PAM;CPEB4;MIPEP;CALCOCO1;DDX46;CITED2;KCNC3;SIX1;DBI;SIPA1L3;SHD;GLI2;SGSH;TRIM8;JPH2;SIX4;NUF2;TMEM107;PBK;DACT1;HSP90AA1;ANO4;F3;IL17RC;DUSP6;EPN1;ZDHHC14;DUSP7;ETV6;ELF3;NAV3;SDHAF1;TRIM55;CD44;CRB2;LAMA5;GRAMD1B;PRIM2;POMP;PTGS2;DLL1;PPM1F;APOLD1;TTN;AP3M2;POLD4;SH3TC2;ABLIM3;CHN1;RIBC2;GALNT3;BMP8A;PLEKHA6;KAZALD1;SLC25A37;KLF7;GATM;FRAS1;PCYOX1L;RIMBP3;SPRY2;VIM;SPC25"
"BCL11B","BCL11B 21912641 ChIP-Seq STHDH STRIUM Mouse","4/32","0.18630210886868375785851981163432355970144271850585937500000000","0.27174505223273015541707309239427559077739715576171875000000","0","0","1.8845568077977459","3.166782276159722187003","PDE4D;ADAM11;ID3;FOXP1"
"SALL4","SALL4 22934838 ChIP-ChIP CD34+ Human","83/1067","0.18644230073715789552935007122869137674570083618164062500000000","0.27174505223273015541707309239427559077739715576171875000000","0","0","1.1182037601626016","1.878172458708350367473","ARHGAP11A;ALDH1L1;ANKRD37;FRMPD1;DOCK8;COL12A1;CTNND1;RORC;HNF4G;TNFAIP3;SLC2A3;SPATA20;PRSS23;GLDN;FAM107B;PTTG1;HEPH;MCF2L;DPYSL3;LIPG;SCRN2;DNER;PDE4B;RTTN;MAP3K5;DACT1;KCNH2;CASK;MITF;BTN3A3;AXIN2;WNT16;F3;ANK1;FOXP2;LEMD1;PSMA1;PLSCR4;IL1RAPL1;CSNK2B;ADPRH;CD44;MGLL;RBMS3;AGPAT5;LAMA2;SLC20A1;FGL1;TMPRSS4;CXCR4;PTGS2;KIAA0040;PSORS1C1;CRYZ;HLA-DMB;GNG4;GCNT2;LRIG1;NCKAP1L;EPS8L3;SLIT2;S100A14;MBNL3;ATP6V1C2;MAP2K6;ABCA3;PTGES3;CYBRD1;PARP16;PNMA2;PBX1;ANKHD1;TTLL7;SLC25A37;MSRA;PPFIBP2;PER3;ID2;BCL2;ID3;COL9A2;CPEB4;MAP3K12"
"P53","P53 22127205 ChIP-Seq FIBROBLAST Human","44/545","0.19405934996313178864113524468848481774330139160156250000000000","0.28230213722960401101502725396130699664354324340820312500000","0","0","1.1620825649359656","1.905340392533521942653","SH3GL3;CAMK2D;TRAF3IP2;LAMA3;DYSF;PPM1H;TRANK1;SLC2A1;LRRC3;CXCR4;PRDM1;OPLAH;LFNG;AP3M2;CACNA1I;JPH2;KIAA1549;FGF9;CHST12;SLC22A17;MCF2L;PDGFC;MAN1C1;HOXA1;HMCN1;SOX9;MAP4K5;LZTS1;KLF11;HSP90AA1;HNRNPA3;ZNF480;TRPC1;SIAH1;HNF1B;PARP16;ANXA10;KRT32;IL17RC;OLFM1;OXA1L;MDFIC;ATG16L2;NOVA2"
"LMO2","LMO2 20887958 ChIP-Seq HPC-7 Mouse","101/1317","0.19803912299697976062695659038581652566790580749511718750000000","0.28753757281292252612203697026416193693876266479492187500000","0","0","1.1015173011249495","1.783676696169201214559","ALDH1L1;SERPINE2;HFE;FAM107B;RASSF6;PALM;HOMER3;PRKACB;SCN1B;MAP3K5;KCTD19;SLC15A2;RALGAPA1;TMOD2;MITF;VASH1;GRIP2;ACAP3;OXA1L;DEPDC1B;OBSCN;SLPI;RUFY4;CSNK2B;ZFPM1;BRSK1;IL20RA;PDGFB;ENDOD1;EFNB2;SCUBE1;PRDX1;CASKIN1;NCKAP1L;TMEM120B;SRD5A3;ZBTB12;PARP16;NMI;ELL3;ABHD15;BCL2L1;ITM2C;FANK1;CPM;DOCK8;LRRC39;LYL1;TUBA1B;HNF4A;MCF2L;TMEM107;DLGAP1;HORMAD2;ANXA9;SLC18A2;CCR3;ACTR2;EIF5B;DENND2C;PDE4D;TBC1D8;BTN3A3;TUBG2;DUSP6;VAMP8;TOX2;PLCB4;ELF3;PALLD;HNRNPH3;AGPAT5;PTGER4;PTAFR;GCNT1;AKAP5;CAMKK1;ABLIM3;GNG4;CCL5;TRA2A;STAT4;GCNT2;CMTM7;F10;TXNRD2;KCNIP3;BMP8A;KAZALD1;GRHL2;DHRS3;KLF7;PSMC5;NUDT7;PDE10A;PIK3IP1;ST7;TLL2;PTPN7;RAMP1;GRINA"
"RUNX1","RUNX1 27514584 ChIP-Seq MCF-7 Human BreastCancer","108/1413","0.19880018504679736190965400055574718862771987915039062500000000","0.28753916364348186540667029476026073098182678222656250000000","0","0","1.0977743668457407","1.773405149008048908854","DGKE;ARL6IP1;CHCHD2;FGF9;PTTG1;SALL4;RTTN;CHAC1;MAGI1;SRRM3;AKR1E2;KRT8;INPP4B;SGO2;CLDN3;DDIT4;CSNK2B;GEMIN7;CLPSL2;MZF1;CLOCK;CFAP61;IDI1;EXD3;MINDY1;ZNF391;SMIM1;LYPD3;CACNA1D;TXN;LTBP1;ZFP36L1;ZNF704;ANTKMT;FADD;PCK2;S100A10;VASP;FDPS;ARHGEF35;SRD5A3;LSM5;SYT7;ELL3;NFATC4;PAN2;ANP32E;AMOTL2;TMEM19;GPSM1;DHRS13;COL18A1;CALCOCO1;DOCK4;ZNF250;ITGB4;SLC44A2;SIX1;RND3;PITPNC1;LFNG;CA2;NUF2;BDKRB2;MAN2C1;FGFBP3;RBBP8NL;GPR39;DENND2C;HSP90AA1;ADGRV1;ITGA3;PLEKHG5;NBPF10;TMEM150C;CBFA2T3;IL17RC;DUSP6;COMMD4;EPN3;ADGRF3;PLCB4;PSMA1;ALDOA;PTGER4;RBM47;SEMA3D;SLC20A1;RGS16;NDUFB3;GCNT1;SEMA3B;PCDH1;ZNF221;H2BC4;CYP51A1;FBXL16;KAZALD1;GRHL2;DHRS3;ATP5F1E;ADGRD1;NOL4L;MYO15B;PSMC2;ZNF219;CHPT1;SSBP2"
"AR","AR 27623747 ChIP-Seq 22Rv1 Mouse Prostate Carcinoma","209/2805","0.19880191181708278813644596993981394916772842407226562500000000","0.28753916364348186540667029476026073098182678222656250000000","0","0","1.0711913759553289","1.730452217741139442353","IL1RN;SPARC;TRAF3IP2;SPATA20;ZDHHC8;ENO2;ENO3;FTH1;DPYSL3;LIPG;RASSF6;RPS6KA1;HMCN1;PRKACB;ACSL6;KRT8;ACSL5;WDR72;ESCO2;ANK1;SULT2B1;IFI27;SLPI;RUFY4;ADPRH;TRIM15;MAML3;ZFPM1;PXT1;FICD;PPP1R35;SMIM1;IL20RB;TMTC1;PIK3R1;BLOC1S2;PRDX1;TRPM6;DECR1;FDFT1;S100A10;RTBDN;ST14;GPR15;DNASE2B;CYP4F3;IL31RA;GPR137C;BST1;MSRA;PPFIBP2;STAG3;PAH;ANP32E;DCHS1;MKX;PRRT4;DHRS13;NRP2;SYNM;GRIK4;CTSV;MYPN;AIFM3;HNF4A;RSPO1;TK1;FGFBP3;CD33;LRRCC1;PSENEN;GPR39;LYNX1;ZNF480;TESC;HEG1;NBPF10;TMC5;ANO4;IL17RC;MSS51;DUSP6;FAM222A;MMP14;MRPL51;PSMA4;B3GNT8;PPARG;CD44;PRIM2;NFIX;SYNPO2;SNX33;PRICKLE1;APOLD1;HLA-DMB;GPR153;HAS3;MICALL2;GCNT2;IL12RB2;CD72;BMP8A;GRIN1;TMEM154;AADAC;FABP5;AXL;PCYOX1L;TMEM229B;ALDH1L1;RORC;IRS2;PRDM1;MPZ;HLA-DOA;PPFIA4;LZTS1;KCNH2;EOMES;MAGI1;VASH2;FOXP2;GRIP2;LEMD1;MOB3B;OBSCN;TMEM139;CLIP4;SNRPG;FSCN2;S100A3;SNRPF;ABCG1;ARHGEF28;ALOX15;ILDR2;LIN7A;MRO;HIGD1A;LTBP1;PSORS1C1;SCUBE1;MAP2K6;ENKD1;TMEM120B;FDPS;SYT3;TMEM132B;TMEM132A;LSM5;CORO2B;SYT7;GNAL;NAT1;CDK3;ITGA10;CNTN1;SLC26A4;CNTNAP2;CPM;DOCK4;GAL3ST1;DYSF;FHL2;SLC2A1;EFCAB12;RND3;MCF2L;TMEM107;MAN2C1;GALNT9;PRKG1;TTC23L;SH3D19;CCDC34;ITGA3;PLEKHG5;TRPC1;PDE4D;USP44;TNFRSF19;AMT;VCAN;ELF3;NAV3;COL6A1;MNS1;DNAH1;PRKAA2;DNAH2;LAMA3;SLC5A11;LIN9;DLL1;MGAT5B;CHSY3;EPS8L3;CDRT4;KCNIP3;EYA4;HAGHL;FBXL16;MERTK;SORL1;SARDH;SPRY2;PTPN7;LTBR"
"RXR","RXR 22108803 ChIP-Seq LS180 Human","35/428","0.20319150187449017130880690729100024327635765075683593750000000","0.29332616427388163993228431536408606916666030883789062500000","0","0","1.1776954257648382","1.876782950833344010277","CAMK2D;CEBPD;DNAH6;ILDR2;SIX1;IRS2;GRIK2;AREG;MRC2;GRIP1;HMOX1;MAL2;HOMER3;ZNF469;HORMAD2;SOX9;CDK5RAP3;NTNG2;MSX2;NOG;ACSL5;BMP7;PBX1;ARL4C;EEPD1;MMP16;PARD3;NOVA2;ID2;FEZ2;TCEA3;FAM20C;SPRY2;MAML3;BCL2L1"
"NKX2-5","NKX2-5 21415370 ChIP-Seq HL-1 Mouse","76/980","0.20627620367455470895556857158226193860173225402832031250000000","0.29721094231734507262743250066705513745546340942382812500000","0","0","1.1137018991747041","1.758022120239728369739","GPSM1;DHRS13;TTC22;RASGRF1;CTNND1;FHL2;DBI;ICAM5;HMGB1;ENO3;BZW1;FGF2;PITPNC1;TXNDC17;CCT6B;SGSH;GCSH;LIPE;JPH2;SCRN2;TMEM107;PDE4B;TIMP3;HMCN1;KLF11;IK;GPR35;NDUFC2;LMO7;HSPG2;FOXP2;FOXP1;ELF3;MDFIC;PARD3;HKDC1;DDIT4;CLIP4;RIN1;TRIM55;PRIM2;SLC45A3;PCNA;SMARCD3;INSIG1;SLC6A20;KRCC1;PPL;ACAT2;ZFP36L1;TNKS2;BLOC1S2;TRA2A;MAN1C1;IL21R;LRIG1;ST3GAL6;FADD;TNFSF18;ABCA3;PLCL2;IL31RA;PLEKHA6;PLEKHA7;PPFIBP1;FRAS1;RCAN2;DLG5;SGSM2;CHMP2B;LNX1;AMOTL2;CHPT1;NF2;PAM;LIMS2"
"CTNNB1","CTNNB1 20615089 ChIP-ChIP FETAL BRAIN Human","31/376","0.20669566069360600923943138695904053747653961181640625000000000","0.29724804537842386409352002374362200498580932617187500000000","0","0","1.1879101029195549","1.872749549808820690444","PRPS1;DOCK3;ENO2;PLD3;TXNDC17;GLI2;AIFM3;RASGEF1C;BDKRB2;TIMM17B;PCDH1;APBB3;MUC4;AMN;PTPRN2;GSN;SLC12A5;ANKRD24;PLEKHG5;NBPF10;AMT;PLEKHA6;CBFA2T3;KAZALD1;PSMC5;AADAC;DLG5;CSNK2B;KIFC3;ZMYND10;ABCG1"
"ASH2L","ASH2L 23239880 ChIP-Seq MESCs Mouse","194/2603","0.20836778041966896868331104997196234762668609619140625000000000","0.29868783910655871682848783166264183819293975830078125000000","0","0","1.0706631834264346","1.679282296990840306350","MAML2;SLC4A3;TXNDC17;IFIT2;GCSH;PSMD2;DPYSL3;RASSF6;PSMD1;HOXA1;RTTN;HMCN1;TNS3;CDK5RAP3;NHLRC3;DAPK1;SERPINF1;BCAM;DEPDC1B;CLDN3;SPATA17;NUP210L;ADPRH;KCTD12;CLOCK;SKAP2;EPHA2;DHX9;SLC45A1;TWIST1;PIK3R1;ADAMTS10;LDHB;PDGFC;SFN;ST8SIA6;ST3GAL6;ARSG;NTNG2;ST14;RABGAP1L;YES1;LIF;SNF8;NFATC4;MSRA;FASN;NOSTRIN;COL18A1;NRP2;GRIK4;SIPA1L2;SIPA1L3;TRIM8;TUBA1B;AIFM1;SEC61G;NUF2;PBK;TIMP3;FGFBP3;TMC1;DENND2C;FGFBP1;GPR35;HEG1;TEX14;NME5;F3;DUSP6;ZDHHC14;VAMP8;MMP14;PLCB4;PSMA1;SDHAF1;TAX1BP3;KIFC3;ALDOA;CRB2;GRAMD1B;IDUA;ATL1;GCNT1;SNX33;PSMB6;PSMB3;GCNT2;MPZL3;DMRT1;GRHL2;MPP7;TMEM154;CENPE;PSMC5;PSMC1;RPA3;TRMT6;RIMBP3;CDKN3;SPC25;FHOD3;SH3GL3;ALDH1L1;CTNND1;PRDM1;GALNT10;EFEMP2;CHCHD2;CCND1;SALL4;PAPOLA;ENPP3;KPNA2;LZTS1;KCNH2;PIAS3;SLC15A1;MSX2;CASK;LMO7;SLC9A9;SNRPF;NPTXR;MZF1;FAIM;BRSK1;IDI1;TACSTD2;CHRNA9;KRCC1;ZFP36L1;DPP4;EFNB2;SOCS3;MAP2K6;NEK5;SRD5A3;LSM5;BMP4;PAN2;BAMBI;CDK3;CHMP2B;TBCE;CSPG5;AMOTL2;NF2;BCL2L1;ARHGAP11A;HSPB8;DYSF;DUSP19;RND3;USE1;PITPNC1;SCRN2;MAN2C1;ABCD1;DACT1;EIF5A;EIF5B;CAMK1D;PLEKHG5;USP44;NDUFC2;GLRX2;ETV6;ARL4C;VCAN;RTN4RL1;EHHADH;PRPS1;LAMA5;SMARCD1;CEBPD;POMP;PPM1H;PPM1F;CRYZ;TTN;AP3M2;LRIG1;PCDH1;PDLIM5;LEKR1;TAF15;PLCL2;SORL1;GDAP1;SPRY2;CHPT1;SPRY1;SSBP2"
"STAT1","STAT1 17558387 ChIP-Seq HELA Human","103/1349","0.20848806782669729309453998666867846623063087463378906250000000","0.29868783910655871682848783166264183819293975830078125000000","0","0","1.0960633660741896","1.718488670947196039762","IL1RN;IL1RAP;FGF2;PLB1;FAM107B;ZFYVE28;RGS4;GCSH;GRB14;PSMD2;MACROD1;SOX8;ACAD11;LZTS1;TMPO;KCNH2;NHLRC3;WDR72;MAPK8IP2;FOXP2;OLFM1;OXA1L;BCAM;HAT1;SLC9A9;SPATA13;DPEP1;FKBP9;ZFPM1;NOTCH1;INSIG1;TRANK1;FBLN5;C3;EFNB2;CHST12;CASKIN1;YES1;PSAPL1;ABCA3;MEIG1;TMEM132A;CRIM1;ZBTB12;PBX1;PAN2;TCN2;STAG3;NOSTRIN;LCN2;RNF182;SP5;CCNJL;CITED4;FHL2;GPT;OPLAH;SHD;ADAMTS2;ATP7B;GRM7;SIX4;NUF2;DNER;CTSH;CCR3;GALNT9;NAV2;ANO4;VGF;HKDC1;C1D;ST6GALNAC5;ITGA9;PRIM2;NDUFB8;CAMK2D;PRKAA2;CEBPD;SYNPO2;GCNT1;APOLD1;CRYZ;SPOCK2;ATOH8;STAT4;SLC25A21;TRIM44;CMTM7;MACC1;PTGES3;EYA4;BMP8A;ADAM32;WNT7A;FBXL16;KAZALD1;DHRS3;NUDT7;FABP5;PSAT1;SARDH;RAMP1"
"KLF4","KLF4 18555785 ChIP-Seq MESCs Mouse","138/1830","0.20957412296518135308431851626664865761995315551757812500000000","0.29967511901271198793139660665474366396665573120117187500000","0","0","1.0825798220543419","1.691723447390911294619","ANKRD37;OGDHL;ICAM5;SPATA20;SLC4A3;PSMD2;RPS6KA1;NEK2;NRTN;HOMER3;HOXA1;CCNL2;CCDC92;STK32A;TMPO;MAGI1;KCTD19;CYP27A1;OLFM1;CLDN3;PARD3;TRIM15;FKBP9;STEAP1;ZFPM1;SKAP2;RTN4R;IDI1;NOTCH1;SLC1A1;FOXO6;LTBP2;PIK3R1;HIGD1A;KRCC1;PPL;GABARAP;GLIS1;PLD3;GLIS2;BCL2L12;TMEM25;EFNB2;SOCS3;WNT6;SDCBP;SYNGR1;CHST12;PRDX1;HIVEP3;FDFT1;NGFR;NTNG2;FDPS;ST14;YES1;PTPRN2;ACBD4;SYT1;ABCA3;SNF8;SYT7;NR4A1;PPFIBP1;SPIRE2;ID3;AMOTL2;LHX5;ANP32B;NES;FANK1;DHRS13;CALCOCO1;CITED2;MAST1;HOXC13;OPLAH;PCSK4;LFNG;THBD;TUBA1B;NUF2;DNER;MYBL2;MAN2C1;ABCD1;ACTR2;DENND2C;TIGD5;CAMK1D;GPR35;PLEKHG5;TMC6;IL17RC;EPN1;SERPINB5;DUSP7;MRPL51;TUBB2A;B3GNT8;VGF;IRF1;B3GNT5;COL6A2;MMP17;CKS2;PPARA;MGLL;AGPAT5;SMARCD1;CAMK2D;PCNA;GCNT1;POMP;SLC5A11;ZDHHC23;U2AF1;SRR;ABLIM3;OXCT1;TRA2A;MAN1C1;KLRG2;PDLIM5;CMTM7;DMRT1;KCNB1;WNT7B;BMP8A;DONSON;HSPE1;CENPF;KRT18;NOVA2;CTH;TCEA3;SPRY1;SPC25"
"BRD4","BRD4 27068464 Chip-Seq AML-cells Mouse","121/1597","0.21117692454905889754002146219136193394660949707031250000000000","0.30139617775905380714362991056987084448337554931640625000000","0","0","1.0875154933719879","1.691150746780328173458","SLC27A1;RAB3A;SERPINE2;TRAF3IP2;CHRM4;PLAU;FAM186B;DHX58;PSMD1;NEK2;SLC25A45;TNS3;MAP3K5;ARSA;RNF43;IL15RA;RALGAPA1;LMO4;MAPK8IP2;CYP27A1;SLPI;LACTB2;GEMIN7;MAML3;ZFPM1;COL13A1;DHX9;IL20RA;SAV1;ZFP36L1;C3;SOCS3;BLOC1S2;S100A10;ABCA2;NTNG2;CDK18;RABGAP1L;EGR3;ACBD4;PBX3;NR1D1;ANKHD1;TCN2;DLG4;ID2;BCL2;AMOTL2;DEGS2;ANP32B;TMEM19;RCOR2;CPEB4;ITM2C;NRP2;KCNC3;TNFAIP3;SIX1;N4BP2L1;GPT;PITPNC1;TUBA1B;SEC61G;NUF2;CCIN;HORMAD2;TK1;CD33;EIF5A;CCDC38;DENND2C;AMN;ITGA3;USP44;ITGA1;TBC1D8;TMC6;KREMEN2;TMC5;DUSP6;ARL4C;MMP14;VCAN;ELF3;PPARG;KIFC3;SMPDL3A;CD44;PTGER4;PRIM2;CEBPD;IDUA;SLC20A1;ATL1;GCNT1;PPM1H;CXCR4;PDXP;HMGCR;PTGS2;STAMBPL1;CCL5;IL21R;EPS8L3;DMRT1;KCNIP3;MBOAT1;SORL1;KLF7;CENPF;PSMC1;PSMC2;FKBP1B;SGSM2;RIMBP3;NOTUM;PIK3AP1;SSBP2;RAMP1;GRINA;TMEM229B"
"TP53","TP53 22127205 ChIP-Seq IMR90 Human","60/766","0.21393662138507663073028197686653584241867065429687500000000000","0.30475877197308087751537186704808846116065979003906250000000","0","0","1.1249457436837260","1.734751235939522739926","CPM;ZNF250;MAST4;CHRM4;FHL2;PRDM1;ENO2;BACH1;NRBP2;HEPHL1;SLC25A45;ACAD11;DENND2D;EIF5A;S100A2;TRPC1;FIBCD1;GLRX2;IL17RC;NAV3;PALLD;CHI3L2;S100A3;SPATA18;PLCB2;TRIM55;EPHA2;GPM6A;CAMK2D;NOTCH1;SMARCD3;PCNA;COL13A1;ATL1;TRANK1;GABARAP;APOLD1;DCST2;BLOC1S2;PDGFC;MAN1C1;ARSG;KCNN4;APBB3;CGREF1;GSN;LIF;GRIN2C;POU2F3;ANKHD1;PSMC5;TCN2;STAG3;AXL;DLG4;FASN;AMOTL2;LTBR;CRLF1;BCL2L1"
"TP53","TP53 22573176 ChIP-Seq HFKS Human","80/1039","0.21833790241887510163998342704871902242302894592285156250000000","0.31044278027542504538871526165166869759559631347656250000000","0","0","1.1049576592195884","1.681426672214241913039","MIPEP;FANK1;CPM;ALDH1L1;ANKRD37;SERPINE2;NUDT1;IL1RAP;TSPAN12;BACH1;MYPN;HERC5;JPH2;ARHGAP42;TMEM107;HORMAD2;DLGAP5;ZNF365;EIF5A;GPR39;CACNA2D1;TRPC1;FIBCD1;STARD9;NBPF10;TEX14;WDR72;GLRX2;IL17RC;VCAN;ZEB1;NUP210L;DDIT4;JTB;KCNQ4;MZF1;PLCB2;ST6GALNAC5;SKAP2;GPM6A;CAMK2D;NOTCH1;SMARCD3;COX16;ATL1;NPR3;TMEM59L;GATA6;GABARAP;APOLD1;DCST2;C5;GNG4;PRDX1;GCNT3;DNAJC5G;ARSG;PDLIM5;MAP4K5;RTBDN;KCNF1;CENPW;PTPRN2;KCNJ11;FOXF1;HSPE1;DCDC1;TARBP1;BST1;PSMC5;PDE10A;TCN2;DLG4;RAB13;TBCE;VIM;CRLF1;RPL26L1;CPEB4;TMEM229B"
"SOX2","SOX2 21211035 ChIP-Seq GBM Human Brain Glioblastoma","8/82","0.22060800711496136861100580972561147063970565795898437500000000","0.31308091235299967403094001383578870445489883422851562500000","0","0","1.4266725742135578","2.156227098002815978361","ACBD4;TFAP4;VSNL1;PSMB3;PSMC2;SLC5A11;BMP7;CD44"
"AUTS2","AUTS2 25519132 ChIP-Seq 293T-REX Human","63/809","0.22116353312758596505460673142806626856327056884765625000000000","0.31328042685052043259119614049268420785665512084960937500000","0","0","1.1178401524251995","1.686656335829323172248","SH3GL3;SPARC;NR3C2;HEPHL1;CCND1;RTTN;FGFBP3;DLGAP5;MAP3K5;ABCC3;KLF11;ZHX2;NDUFC2;NME5;F3;SERPINB5;OAS1;OAF;CLIP4;TRIM10;ARHGEF6;ZNF474;DNAH1;SMARCD3;FBLIM1;SYNPO2;EBI3;TACSTD2;ENDOD1;FUT3;TTN;ARL17B;STAMBPL1;CCL5;KLRG2;CHSY3;FADD;SOCS6;MPZL3;TRPM6;DECR1;ZNF585A;MPZL2;ZNF221;CGREF1;HNRNPA3;AFAP1L2;ANKRD24;MACC1;CYP51A1;BMP8A;SNF8;LRP1B;SLC25A37;DIAPH1;NR4A1;GJB2;AXL;NOVA2;SPRY1;PAM;CDKN3;MAP3K12"
"RUNX1","RUNX1 22412390 ChIP-Seq EML Mouse","118/1561","0.22239467890098296720680082216858863830566406250000000000000000","0.31443442428884293970980934318504296243190765380859375000000","0","0","1.0843761841441657","1.630144498925286900004","SLC27A1;ANKRD37;ARL6IP1;CHRM4;HFE;SERPINE1;RORC;IKZF2;FAM107B;GRIP1;CCND1;FTH1;RPS6KA1;HOMER3;PTGDS;TNS3;KIRREL2;LACTB2;HAT1;S100A4;KCTD12;TNIK;ZFPM1;EMID1;CFB;ABCG1;EPHA2;FBLIM1;INSIG2;CHRNA9;PRDX1;TSPAN2;ARSG;VASP;ABCA2;NTNG2;XRCC6;EGR3;YES1;ZBTB12;PARP16;NR1D1;LSM5;POU2F3;ANKHD1;NFATC4;LIN28A;FMC1;DLG4;ID2;RNF182;ID3;COL9A2;DEGS2;NF2;RCOR2;ITM2C;GPSM1;DOCK8;CITED4;SLC2A1;USE1;SGSH;TRIM8;LYL1;SCRN2;TMEM107;ITGAX;EIF5A;DENND2D;ACTR2;DENND2C;HSP90AA1;ZHX2;PLEKHG5;TMC6;DUSP6;IL17RB;DUSP7;VAMP8;MMP14;TOX2;TUBB2A;OAF;SDHAF1;TRNP1;CKS2;MNS1;NAT8L;ALDOA;ST6GALNAC5;CLDND1;CEBPD;ATL1;SYNPO2;LAMA3;U2AF1;CAMKK1;AP3M2;MICALL2;GCNT3;CMTM7;HNRNPA3;TRIM40;CD72;KCNIP3;PTGES3;PLCL2;MEIS3;KAZALD1;DHRS3;PIK3IP1;PSMC2;ST7;SGSM2;RIMBP3;NOTUM;TMEM229B"
"PU.1","PU.1 20513432 ChIP-Seq Bcells Mouse","115/1520","0.22291841587973051930227086359082022681832313537597656250000000","0.31458580184896550724360508866084273904561996459960937500000","0","0","1.0852774482667722","1.628946559264868421124","KCNG3;DGKE;CHRM4;PLB1;FAM107B;PTTG1;MPZ;PALM;ENPP3;SLC25A45;PTGDS;TNS4;PIAS3;RNF43;LAG3;ST6GAL1;FIBCD1;HNF1B;MAPK8IP2;SRCIN1;OLFM1;CACNB3;EID3;CYP2U1;FANCD2;KCNQ4;NGEF;EMID1;EPHA2;SHC4;IDI1;ILDR2;LYPD3;HIGD1A;GLIS2;SOCS3;CACNA1I;SDCBP;CHST12;FAM43A;AP1M2;MEIG1;PBX3;NR1D1;PAN2;PARP10;NR4A1;BAMBI;DLG4;ID2;NOSTRIN;ANP32E;NF2;CPEB4;MAP3K12;ITM2C;RET;DHRS13;CPM;CALCOCO1;LRRC3;GPT;PRSS23;SHD;TRIM8;TUBA1B;SLC22A17;RASGEF1C;SEC61G;TMEM107;DLGAP1;CCIN;ANXA9;TK1;ACTR2;DENND2C;ZHX2;AMT;TMC6;KCNAB3;CBFA2T3;SSTR5;VAMP8;TUBB2A;RTN4RL1;PALLD;IRF1;B3GNT5;HKDC1;C1D;TAX1BP3;CD44;PRKAA2;GCNT1;CXCR4;PDXP;PSMB6;STAMBPL1;STAT4;MUC4;CMTM7;TAF15;PTGES3;RFTN1;PLCL2;SYT13;DHRS2;SGPP2;EEPD1;MAPK11;SLCO3A1;PIK3IP1;RIMBP3;SNTB1;CCL26"
"GATA1","GATA1 22383799 ChIP-Seq G1ME Mouse","121/1606","0.23056976927366376606265419013652717694640159606933593750000000","0.32477644739107486282492232021468225866556167602539062500000","0","0","1.0803560149296585","1.585100263484498395172","DGKE;SPARC;TRAF3IP2;SERPINE1;RORC;IL1RAP;IKZF2;BACH1;ZFYVE28;CHCHD2;PTTG1;FTH1;FAM186B;KPNA2;PPFIA4;CDK5RAP3;TMPO;TGM2;ARSA;DAPK1;FIBCD1;VASH2;ACSL6;MITF;VASH1;MAPK8IP2;OVOL1;ANK1;EID3;LACTB2;DDIT4;MAML3;EMID1;ABCG1;DHX9;GIPR;SLC45A1;IL20RA;LYPD3;AGAP3;PIK3R1;PRDM10;SYNGR1;LDHA;NCKAP1L;ST3GAL6;FADD;AP1M2;VASP;TMEM120B;ACBD4;XRCC4;SRD5A3;ZBTB12;PARP16;PBX1;ABHD15;TCN2;CDK3;BCL2;ID3;RCOR2;CCNJL;FKBP10;NRP2;DDX46;CITED4;TNFAIP2;SIX1;PITPNC1;SGSH;TRIM8;LYL1;TMEM107;ANKRD1;CCIN;TK1;SLC18A2;EIF5B;DENND2C;KLF11;GAA;TESC;PARD3B;ETV6;VAMP8;PLCB4;ELF3;MDFIC;EHHADH;CKS2;EEF1E1;ALDOA;PLCB2;CRB2;AGPAT5;TUBAL3;NDUFB3;APOLD1;FGD2;DDT;MICALL2;GCNT2;IL21R;CMTM7;TRIM40;KCNJ11;KCNIP3;PLEKHA6;MERTK;HSPE1;DHRS3;TARBP1;DHRS4;PDE10A;TRMT6;KCP;PTPN7;EIF3C;RAMP1;FOLR1"
"IRF1","IRF1 21803131 ChIP-Seq MONOCYTES Human","23/276","0.23176166098990025332682307634968310594558715820312500000000000","0.32584740046066046348371969543222803622484207153320312500000","0","0","1.2009431490699505","1.755833837529751750850","WDR49;TBX1;PCNA;SAMD9;SLC5A11;ACSL5;TMTC1;BTN3A3;LMO7;MITF;NMI;FBXL16;ABCA12;IFIT2;PSMB9;PARP10;DHX58;TIMP3;ATF5;APOL1;TNS3;LIMS2;TRIM44"
"EGR1","EGR1 23403033 ChIP-Seq LIVER Mouse","41/516","0.23417141150176923325432198907947167754173278808593750000000000","0.32862344922646052891579415700107347220182418823242187500000","0","0","1.1412585478294277","1.656767206847813422854","IL1RN;SLC26A1;MAML2;INSIG2;FGL1;HFE;HSPB8;TMPRSS4;RORC;LRRC3;PIK3R1;BACH1;ORM2;SDCBP;POLD4;TUBA1B;CDH1;TMEM107;MAL2;S100A14;UTY;ENPP3;PCDH1;SPA17;GSTM2;TAF15;GPR35;SERPINF1;IZUMO1;IL31RA;SNF8;MAT1A;PSMA4;PER3;AADAC;CTH;SDHAF1;ST7;CREBRF;PIK3AP1;CFB"
"RBPJ","RBPJ 22232070 ChIP-Seq NCS Mouse","3/24","0.23776691219917622799329137706081382930278778076171875000000000","0.33249186536464564456494485966686625033617019653320312500000","0","0","1.8839285714285712","2.706196411105283861076","KLF7;IRS1;DNER"
"FOXP2","FOXP2 23625967 ChIP-Seq PFSK-1 AND SK-N-MC Human","57/733","0.23780875138663398749017119371274020522832870483398437500000000","0.33249186536464564456494485966686625033617019653320312500000","0","0","1.1155211820335105","1.602210238506592165919","GPSM1;ALDH1L1;CITED2;SERPINE1;FGFRL1;PLB1;FTH1;TIMP2;CHAC1;SLC25A45;LZTS1;TNS3;SH3D19;TGM2;GLRX2;FOXP1;MMP16;PSMA1;DDIT4;CSNK2B;FKBP9;EEF1E1;SMPDL3A;TRIM55;ENG;CUL7;INSIG2;PPP1R35;AGAP3;CAMKK1;FGD2;CTIF;STAMBPL1;GNG4;ZNF704;PDGFC;STAT4;FAM43A;SOCS6;PCDH1;ATP6V1C2;ABCA1;WNT7B;IL31RA;LIF;NR1D1;CORO2B;SORL1;DHRS3;TARBP1;KRT18;PIK3IP1;ANP32E;LNX1;SPRY2;SPRY1;NES"
"CRX","CRX 20693478 ChIP-Seq ADULT RETINA Mouse","43/544","0.23843463962708327796846674573316704481840133666992187500000000","0.33275074476607735540767407655948773026466369628906250000000","0","0","1.1348414282546020","1.626976823195876997730","GPM6A;DGKE;SPARC;MAML2;SEMA3B;ENDOD1;PPM1H;CACNA1D;BACH1;GABARAP;GALNT10;MRC2;GRIP1;TMEM201;ABLIM3;DPYSL3;NUF2;TMEM107;HMOX1;CHSY3;PCDH1;P4HTM;EIF5A;RNF43;IK;ACSL6;TEX14;NME5;PBX1;DHRS3;ANKHD1;DUSP7;KRT18;TCN2;MMP16;DLG4;IRF1;PCYOX1L;SNRPG;ANP32E;CSPG5;S100A3;NF2"
"CEBPA","CEBPA 23403033 ChIP-Seq LIVER Mouse","36/454","0.25519128599948626145987873314879834651947021484375000000000000","0.35547863640149834907333570299670100212097167968750000000000","0","0","1.1381574597651152","1.554429301852490841185","INSIG2;SYNPO2;KRT23;TNFAIP3;UQCR10;OPLAH;ORM2;ACAT2;PPM1F;C3;TMEM25;DHX58;HMOX1;MAN2C1;SLC25A45;ACAD11;TMED4;ENKD1;PSENEN;ABCC3;XRCC6;LMO4;SERPINF1;GAA;ITGA1;MAT1A;COMMD4;TMEM154;ABHD15;PSAT1;CTH;CSNK2B;NOSTRIN;CKS2;LCN2;SNTB1"
"P68","P68 20966046 ChIP-Seq HELA Human","118/1576","0.25648568774331986785952608443039935082197189331054687500000000","0.35658280314253032461380144013673998415470123291015625000000","0","0","1.0722811551490192","1.459034110889066093719","SLC27A1;PLEKHB1;HTR6;HERC3;DHX58;PALM;SOX8;SLC25A45;SAMD11;IK;CCDC154;S100A2;CCDC78;DISP2;ACAP3;OLFM1;ADCY9;SLPI;SCNN1D;CYP2U1;KCNQ4;ZFPM1;EMID1;ABCG1;IDI1;SHC2;NOTCH1;COL13A1;FICD;ALOX15;CLCNKB;TACSTD2;C2CD4C;WNT6;SYNGR1;PRDX1;LCN12;CASKIN1;HOXC4;AP1M2;ATP6V1C2;S100A10;RTBDN;SLC10A4;FDPS;ANKRD24;FOXF1;TNFRSF9;PBX3;GRIN2C;SYT7;PARP10;LIN28A;PPP1R1A;ATG16L2;PAH;LCN2;RNF182;ID3;COL9A3;RCOR2;GPSM1;SYNM;DDX46;ITGB4;ONECUT3;KCNC3;HSPB8;KCNC4;GPT;OPLAH;GLI2;LFNG;ZCWPW1;JPH2;HNF4A;TIMP2;RSPO1;MAN2C1;FGFBP3;SH3D19;KLF11;KCND1;PLLP;TMC8;MMEL1;KREMEN2;TUBG2;SYNGR3;IL17RC;COMMD4;IL17RB;TOX2;KIFC2;FJX1;ENG;NFIX;SEMA3B;PDXP;DCST2;POLD4;STAMBPL1;TNKS2;CCL5;MICALL2;SNCG;FSD1;P4HTM;HES4;TAF15;PNMA2;FBXL16;KAZALD1;TFAP4;KRT16;SGSM2;TCEA3;GRINA"
"SOX2","SOX2 21211035 ChIP-Seq LN229 Human","119/1590","0.25692853630402184839098822521918918937444686889648437500000000","0.35658280314253032461380144013673998415470123291015625000000","0","0","1.0718272567891516","1.456567476679494710368","SH3GL3;ALDH1L1;KCNG3;RAB3A;TRAF3IP2;BZW1;CLGN;EFEMP2;HTR7;FGF9;SOX9;SLC25A45;ACAD11;RNF43;SLC15A1;MSX2;PAQR5;ACSL6;KRT8;CASK;MYO7A;FOXP2;KIAA1217;CLIP4;FAIM;GNAZ;BRSK1;GPM6A;COX16;GPR87;DAPP1;TMTC1;TXN;KRCC1;NPAS2;TMEM25;EFNB2;C5;SFN;NCKAP1L;FAM43A;SOCS6;MAP2K6;VASP;KCNF1;NTNG2;CDK18;PBX3;CYBRD1;ZBTB12;SNF8;GP6;PBX1;GPR137C;NFATC4;PARP10;MSRA;HNRNPM;PPP1R1A;ATG16L2;NOSTRIN;CSPG5;PLCH2;RCOR2;GPSM1;DOCK3;ITGB4;SLC2A1;GRIK4;RND3;MYPN;TRIM8;LYL1;KIAA1549;ADAMTS2;TK1;AASS;TTC23L;LYNX1;AMN;HEG1;TMC8;NAV2;KRT32;MYRIP;SYNGR3;WNT16;TOX2;PSMA4;TUBB2A;KIFC2;BANK1;RNF207;IL1RAPL1;MCM5;ZMYND10;CXCR4;U2AF1;AOAH;AKAP3;APOLD1;TNKS2;ABLIM3;SPOCK2;MGAT5B;HAS3;STAT4;GCNT3;CGREF1;TAF15;KAZALD1;PIK3IP1;RPA3;FAM131B;ST7;CHPT1;LTBR;RAMP1;SPC25"
"TFAP2A","TFAP2A 17053090 ChIP-ChIP MCF-7 Human","116/1549","0.25794944816873560666792286610871087759733200073242187500000000","0.35734281351815666560867157386383041739463806152343750000000","0","0","1.0724031179020712","1.453097270823162201481","FHOD3;PLEKHB1;GRPR;ALDH1L2;HEPHL1;FTH1;PAPOLA;NRTN;CCNL2;SCN1B;RAG1;TGM2;PRKCG;KRT8;MYO7A;OLFM2;KCNQ1;SPATA13;RIN1;ABCG1;RTN4R;GNAZ;NXPH3;GATA6;LTBP2;MRO;ADAMTS10;FBLN5;ZFP36L1;C3;TMEM25;SYNGR1;ZMAT1;ZNF268;MAP2K6;VASP;YES1;SYT1;MCAM;CYP4F3;SIAH1;PARP16;NR1D1;NR4A1;PPFIBP1;MAP3K15;DLG4;FASN;PIR;ITGBL1;LHX5;NF2;MAP3K12;ARHGAP11A;MIPEP;COL18A1;ITGB4;CETN2;HMGB3;KRT23;MRC2;JPH2;SCML1;HEPH;HNF4A;MCF2L;BDKRB2;TIMM17B;TIMP3;HORMAD2;CCDC38;CCDC34;ITGA3;TNFRSF19;TMC6;NAV2;TUBG2;TMC5;KCNAB3;RENBP;EPN1;EPN3;MRPL51;PLCB4;IL1RAPL1;ALDOA;PLCB2;ARHGEF6;PCNA;NFIX;ZNF350;PELI2;LAMA3;PAPLN;AKAP3;FGD6;DDT;GCNT3;ZNF585B;APOL1;MBNL3;GABRE;RPL17;APOL3;POLR2L;CA12;CDRT4;DONSON;PLEKHA7;KLF8;PSMC6;KRT18;MYO15A;AXL;CDKN3;NUP37"
"PPARG","PPARG 20176806 ChIP-Seq THIOMACROPHAGE Mouse","50/645","0.26198448579233896138518389307137113064527511596679687500000000","0.36220089665757321251149392082879785448312759399414062500000","0","0","1.1110219253020823","1.488180528848857209212","KCNG3;DOCK8;CTNND1;ONECUT1;BHLHE41;TNFAIP3;IRS2;OPLAH;PALM;CCR3;MAP3K5;EIF5A;DAPK1;TNNC1;DENND2A;AMT;DUSP6;C1QL1;RNF144B;EID3;COL4A5;CD44;SHC4;NOTCH1;SLC20A1;INSIG1;GCNT1;NDUFB3;CXCR4;LYPD3;ADAMTS10;PSMB6;SOCS3;SDCBP;POLD4;TMEM201;GCNT2;HIVEP3;SOCS6;DHRS3;GPR137C;FMNL3;KLF7;EEPD1;FABP5;ID2;ANP32E;AMOTL2;CHPT1;VIM"
"RUNX1","RUNX1 26923725 Chip-Seq MACROPHAGESS Mouse","5/49","0.26241574896912922554292890708893537521362304687500000000000000","0.36220089665757321251149392082879785448312759399414062500000","0","0","1.4988523212207423","2.005202413566177899185","INPP4B;HMGN5;RCAN2;NUF2;TNS4"
"RUNX1","RUNX1 22897851 ChIP-Seq JUKARTE6-1 Human","119/1594","0.26639052657379186372921253678214270621538162231445312500000000","0.36701614518834457800977588703972287476062774658203125000000","0","0","1.0686708296164140","1.413629119167818304348","EHF;ANKRD37;GRIP1;FAM186B;DPYSL3;DHX58;SOX9;MAP3K5;KCNH2;KCTD19;DAPK1;RALGAPA1;MYO7A;GRIP2;OLFM1;OBSCN;KCNQ4;MAML3;ZFPM1;SHC4;RTN4R;IDI1;SHC2;GIPR;CHRD;LIN7A;LTBP2;PIK3R1;SLC6A20;GLIS1;WNT6;SCUBE1;RNF215;ST8SIA6;ST3GAL6;FADD;FDPS;EGR3;GRIN2C;GP6;BMP7;LIN28A;ATG16L2;RNF182;NF2;NES;CPEB4;BCL2L1;KCNC3;SIX1;HOXC13;MYPN;MMP20;ZCWPW1;KIAA1549;ITGAX;PBK;ANKRD1;CCIN;HORMAD2;SLC18A2;ACTR2;KLF11;SYK;ZNF480;PLEKHG5;TRPC1;TNFRSF19;ANO8;KREMEN2;IL17RB;ETV6;RNF144B;IRF1;EHHADH;HKDC1;FAM20C;KIFC3;TRIM55;CD44;ITGA9;CRB2;ZNF595;PRPS1;POMP;PDXP;PRR5L;THBS4;FGD2;DCST2;PSMB6;POLD4;STAMBPL1;ATOH8;MICALL2;MAN1C1;SUSD4;NQO1;KCNJ11;CYP51A1;MBOAT1;SYT13;PNMA2;KAZALD1;SGPP2;FRAS1;FABP5;PSMC1;NOVA2;SGSM2;TRMT6;RIMBP3;SPRY1;VIM;PIK3AP1;MAMLD1;RAMP1;SNTB1;CCL26"
"JUN","JUN 27471255 ChIP-Seq Chondrocytes Mouse Rib","302/4145","0.26715834888346451370111367396020796149969100952148437500000000","0.36740355811842573263703570773941464722156524658203125000000","0","0","1.0449108575614510","1.379192186891706084495","PATJ;ARL6IP1;LRR1;SLC4A3;ZDHHC2;BACH1;TXNDC17;GCSH;MILR1;HERC3;LIPG;RPS6KA1;HOXA1;PXDC1;SOX8;CCDC92;SPA17;TNS3;TNS2;SRRM3;NHLRC3;DAPK1;EBF4;ESCO2;HSPG2;ANK1;DEPDC1B;FNDC4;ADCY9;IFI27;CYP2U1;RUFY4;PPP1R3E;PARD3;DDIT4;CSNK2B;SPATA13;ADPRH;JTB;TRIM15;KCTD12;MAML3;CTXN1;EPHA2;CFAP61;DHX9;GATA6;TRANK1;TMTC1;ADAMTS10;FAM221A;LDHA;CHST12;ARSJ;BLOC1S2;HIVEP3;ST3GAL6;FAM43A;CHST14;PCK2;S100A10;ABCA1;ABCA2;XRCC6;AFAP1L2;YES1;PTPRN2;COL24A1;FOXF1;IQSEC1;ABCA3;MEIG1;LIF;SNF8;FHDC1;DCLK1;GPR137C;MSRA;PPFIBP1;B4GAT1;CREBRF;MKX;RCOR2;PAM;CPEB4;FKBP10;NRP2;SLC44A2;CETN2;TGFB1I1;KCNC4;N4BP2L1;ECSIT;HOXC11;PRSS23;SIPA1L3;OSBPL10;GLI2;ZCWPW1;AIFM1;TIMP2;ELOA;PSENEN;GAA;DENND2A;PGGHG;ANO8;TMC6;IL17RC;ZDHHC14;DUSP7;RNF144B;MRPL51;PLCB4;TUBB2A;PSMA1;B3GNT5;PPARG;KIFC3;PPARA;EEF1E1;FJX1;CHST2;WDR27;GRAMD1B;PRIM2;NFIX;IDUA;ATL1;GCNT1;SNX33;PRICKLE1;PSMB6;HAS3;MICALL2;HSF4;MBNL3;P4HTM;APBB3;NQO1;CENPW;GSN;PTGES3;BMP8A;DHRS3;DHRS4;TMEM154;TTLL7;CENPE;CENPF;PSMC5;NOL4L;SLCO3A1;RPA3;MORN2;PSMC2;HNRNPA2B1;SGSM2;PCYOX1L;NOTUM;LIMS2;GRINA;SPC25;FHOD3;SH3GL3;KCNG3;ANKRD37;RORC;MSMO1;ARHGAP39;SSC4D;BZW1;GALNT10;FAM107B;GRIP1;NRBP2;DOCK11;SYDE1;ARHGAP42;HMGN5;PLAU;OIP5;KPNA2;LARGE1;MB21D2;TGM2;MAGI1;PIAS3;LAG3;MSX2;LMO4;CASK;MITF;LMO7;FOXP2;MOB3B;OLFM1;HAT1;S100A4;STEAP1;SCG2;SHC4;RTN4R;CUL7;MINDY1;ARHGEF28;SLC1A1;CHRD;KLHL13;PLD1;ZFP36L1;BCL2L12;TMEM25;CTIF;SDCBP;SOCS6;ENKD1;ACBD7;TMEM120B;CRIM1;LSM5;BMP7;SYT7;ABHD15;SEM1;NR4A1;BAMBI;ITGA10;RCAN2;TBCE;PIR;TMEM19;BCL2L1;MIPEP;OSCP1;GPSM1;CPM;CALCOCO1;DOCK4;MTCL1;HSPB8;FHL2;EFCAB12;HMGB1;USE1;PITPNC1;DBP;RASGEF1C;MCF2L;TMEM107;PDE4B;PMEPA1;MYBL2;UTY;ARFGEF3;DACT1;EIF5A;CCDC34;ITGA3;PLEKHG5;NDUFC2;NAV2;KCNAB3;ETV6;VCAN;VGF;CHDH;C1D;MCM5;ZMYND10;RBMS3;PRPS1;NDUFB8;RBM47;PRKAA2;DNAH2;SMARCD3;CEBPD;NDUFB2;ZBTB42;U2AF1;THSD4;AP3M2;TNKS2;OXCT1;DDT;ATOH8;TRA2A;NRIP1;MAN1C1;ROMO1;POLR2L;CMTM7;HNRNPA3;TXNRD2;FBXL16;PDE10A;SIMC1;CTH;SPRY1;LTBR;EIF3C"
"HOXD13","HOXD13 18407260 ChIP-ChIP DEVELOPING-LIMBS Mouse","12/138","0.26785138265368874099792151355359237641096115112304687500000000","0.36768689800642728737756215195986442267894744873046875000000","0","0","1.2568841689642261","1.655722417355114828297","BMP4;TRIM8;COL18A1;BMP2;CENPF;TES;PCNA;DMRT1;IL20RA;CSMD3;ANK1;SMPDL3A"
"MECOM","MECOM 23826213 ChIP-Seq KASUMI Mouse","114/1527","0.27157732297540843058314408153819385915994644165039062500000000","0.37212500698082279226852620013232808560132980346679687500000","0","0","1.0684267303118251","1.392703197427682892950","TES;ARL6IP1;PRDM1;BACH1;FAM107B;NRBP2;HMGN5;FTH1;MAP3K5;ACSL5;VASH1;FOXP1;ACAP3;DEPDC1B;RUFY4;LACTB2;DDIT4;SLC9A9;TNIK;ZFPM1;SKAP2;GIPR;EBI3;DAPP1;MRO;PLD3;TMEM25;WNT6;LDHA;RDH12;PRDX1;NCKAP1L;PCK2;S100A10;TMEM120B;NTNG2;XRCC6;ST14;ACBD4;XRCC4;ABCA3;TNFRSF9;SRD5A3;PBX3;PARP16;L1CAM;ANKHD1;BST1;TCN2;CHMP2B;ANP32E;CCNJL;BCL2L1;ITM2C;DENND1C;SLC44A2;TNFAIP2;DUSP19;HMGB3;TNFAIP3;N4BP2L1;SGSH;LFNG;TRIM8;LYL1;MYBL2;MAN2C1;SLC18A2;PRKG1;DENND2D;SYK;TESC;HEG1;TMC8;GAB3;CBFA2T3;DUSP6;ZDHHC14;ETV6;VAMP8;VCAN;SDHAF1;CKS2;KIFC3;ARHGEF6;AGPAT5;PTGER4;CEBPD;PTAFR;POLD4;OXCT1;TRA2A;MICALL2;GCNT2;IL21R;CENPW;F10;RFTN1;PLCL2;KAZALD1;TMEM154;SLC25A37;KLF7;PIK3IP1;PSAT1;PSMC2;ST7;FKBP1B;PCYOX1L;RIMBP3;PTPN7;VIM;EIF3C;TMEM229B"
"HOXB7","HOXB7 26014856 ChIP-Seq BT474 Human","117/1573","0.28260956872738529632727022544713690876960754394531250000000000","0.38633432282723861872497650438162963837385177612304687500000","0","0","1.0639558953411350","1.344509307899350858406","EHF;SPARC;PLEKHB1;SERPINE1;SPATA20;CCT6B;HERC5;GPR176;DPYSL3;MACROD1;ENPP3;HMGN2;SCN1B;ARSA;SLC15A1;RALGAPA1;STARD9;MITF;ESCO2;SRCIN1;SULT2B1;AZGP1;CLDN3;DDIT4;KCNQ4;SNRPF;ZNF675;COL13A1;NXPH3;CHRD;C2CD4C;PLD1;LTBP1;POU5F1B;C5;LDHA;ZBED2;HMOX1;ST8SIA6;FADD;NGFR;ST14;SIAH1;L1CAM;BMP7;PBX1;DIAPH1;PPFIBP1;FASN;DLG5;PLCH1;ITM2C;FANK1;SYNM;CITED2;SLC44A2;KCNC3;TNFAIP2;HMGB3;SLC2A3;HOXC13;TSPAN12;MMP20;TUBA1B;BCL7A;NUF2;DNER;PBK;PMEPA1;CTSH;MYBL2;ZNF365;EIF5AL1;ABCC3;TESC;NOG;TBC1D8;NAV2;CBFA2T3;ETV6;PSMA4;TRIM55;CRB2;ZNF595;NDUFB8;TMPRSS4;GCNT1;U2AF1;UQCR10;DCST2;AP3M2;GPR153;SH3TC2;PSMB3;GNG4;OXCT1;REPS2;MAL2;ZNF469;CSMD3;MUC4;IL12RB2;TM4SF18;DMRT1;IRX3;KCNIP3;PTGES3;PLEKHA6;GRHL2;TTLL7;SLC25A37;TFAP4;KRT18;CTH;TCEA3;CHPT1;SYCP3"
"GATA3","GATA3 22897851 ChIP-Seq JUKARTE6-1 Human","118/1587","0.28297070268008339688492469576885923743247985839843750000000000","0.38633432282723861872497650438162963837385177612304687500000","0","0","1.0635684528463207","1.342661482820637131042","TRAF3IP2;ICAM5;PRDM1;HERC5;GRIP1;HTR7;GRB14;PSMD2;FAM186B;DPYSL3;MACROD1;LZTS1;MAP3K5;RAG1;PIAS3;KCTD19;MSX2;DAPK1;RALGAPA1;WDR72;EBF4;CACNB4;OBSCN;SLPI;ADPRH;SNRPG;KCNQ4;RTN4R;BRSK1;NXPH3;CHRD;TRANK1;LIN7A;LTBP2;PIK3R1;NPAS2;SOCS3;SCUBE1;RNF215;PDGFC;ZNF701;TSPAN2;NTNG2;EGR3;FOXF1;TNFRSF9;AMMECR1;SYT7;ATG16L2;PAH;ANP32E;NES;FANK1;OSCP1;GPSM1;DOCK4;SLC44A2;HSPB8;LRRC3;GRIK4;SIX1;MSLN;JPH2;RASGEF1C;CNGA1;ANKRD1;DLGAP5;CCR3;PRKG1;SH3D19;FGFBP1;TRPC1;TBC1D8;TMC8;BTN3A3;ZDHHC14;ETV6;RNF144B;ELF3;PALLD;EHHADH;C1D;MNS1;TRIM55;ITGA9;ZNF595;PRKAA2;CEBPD;SLC20A1;ZDHHC23;PRR5L;CRIP1;THBS4;ADCY5;FGD2;DCST2;SH3TC2;ZNF747;MICALL2;MAN1C1;NQO1;GSN;BRF1;F10;PTGES3;RFTN1;PLCL2;DHRS2;GDAP1;TMEM154;SLC25A37;EEPD1;FABP5;TCEA3;SPRY1;SLC25A34;FOLR1;SNTB1"
"SOX2","SOX2 19030024 ChIP-ChIP MESCs Mouse","48/625","0.28924287919078850439547068162937648594379425048828125000000000","0.39418479023293379048809015330334659665822982788085937500000","0","0","1.0993386746281717","1.363717017993707703027","SMARCD1;GPM6A;PRIM2;IDUA;ONECUT1;GATA6;LIN7A;DUSP18;IKZF2;LTBP1;GLIS2;ZFP36L1;LFNG;EFNB2;SYNGR1;EBP;SALL4;ATOH8;MAN1C1;NEK2;MBNL3;KPNA2;ACAD11;CCDC92;FDFT1;DENND2D;ACTR2;ZHX2;IRX3;ITGA1;PBX3;CASK;DUSP6;COMMD4;NFATC4;ETV6;SLC9A2;BMP4;PSMA1;FANCD2;C1D;JTB;ID3;SPRY2;KCTD12;VIM;SKAP2;ITGA9"
"ESR1","ESR1 17901129 ChIP-ChIP LIVER Mouse","28/354","0.29130519502893881256255781408981420099735260009765625000000000","0.39628004008441231054149511692230589687824249267578125000000","0","0","1.1342018994894181","1.398906227468420748750","PRKAA2;CITED2;INSIG2;FGL1;GATA6;RORC;TNFAIP2;ICAM5;PCSK4;C3;DPP4;NRIP1;PTGDS;DNASE2B;ACSL5;MAT1A;CYP27A1;OXA1L;NUDT7;FNDC4;SLPI;PAH;KIFC3;PPARA;PIK3AP1;NGEF;LIMS2;CPEB4"
"FOXO1","FOXO1 32281255 ChIP-Seq Chondrocytes Human Osteoarthritis","41/531","0.29505668717125393962774637657275889068841934204101562500000000","0.40066150865880706399835275988152716308832168579101562500000","0","0","1.1054059287948756","1.349244969953184769551","ARHGAP11A;IDI1;SLC27A1;CXCL8;CITED2;LRR1;PPP1R35;RORC;HMGB1;LTBP1;DEPP1;ZFP36L1;DPP4;CHST12;DPYSL3;PDE4B;CCN2;MB21D2;SLC25A45;ZNF585B;TTC23L;FDFT1;SH3D19;ZNF585A;HSP90AA1;RABGAP1L;ZHX2;IGFBP3;PDE4D;AHNAK2;SAMD4A;MITF;DUSP6;DHRS3;KIAA1217;KLF7;NOL4L;PIK3IP1;ID3;ITGBL1;SPRY2"
"FOXA1","FOXA1 26743006 Chip-Seq LNCaP-abl Human","120/1620","0.29600272163449570239635022517177276313304901123046875000000000","0.40114152808626241109024590514309238642454147338867187500000","0","0","1.0589620449264137","1.289166235159452833514","EHF;DGKE;CPOX;ZDHHC8;ANTXR2;ZDHHC2;IFIT2;GPR176;PALM;HMCN1;SLC25A45;RNF43;ARL14;LMO4;LMO7;MAT1A;LEMD1;KIAA1217;CACNB2;NUP210L;THAP8;PPP1R3E;DDIT4;HAT1;JTB;CLOCK;SHC2;COL13A1;TACSTD2;ENDOD1;ZFP36L1;DPP4;LDHA;RDH12;SEC14L5;DECR1;PCK2;FDPS;AMBP;DNASE2B;SRD5A3;SIAH1;NMI;BMP7;PBX1;DCDC1;LRP1B;NFATC4;ID2;RCAN2;NOSTRIN;BCL2;ANP32E;ID3;MKX;TMEM19;SLC26A3;FANK1;CALCOCO1;TTC24;ZNF250;BHLHE41;SECTM1;SLC2A3;KRT20;RND3;MYPN;TRIM8;BCL7A;NUF2;CASP4;ANXA9;DLGAP5;SH3D19;TNFRSF19;GAB3;TMC6;GLRX2;NAV2;EPN1;PARD3B;PLCB4;PSMA1;NAV3;PALLD;IRF1;ZMYND10;ST6GALNAC5;CD44;WDR27;SYNPO2;RGS16;DNAH6;POMP;PPM1H;AKAP5;CRYZ;HAS3;P4HTM;TRIM44;WASF3;LEKR1;MPZL2;CA12;CGREF1;KCNJ11;DHRS3;MPP7;CENPE;KLF7;TFAP4;KRT18;FABP5;SLCO3A1;PIK3IP1;CTH;HNRNPA2B1;SPRY1;PIK3AP1;RAMP1"
"GATA1","GATA1 22025678 ChIP-Seq K562 Human","3/27","0.29647281148627074864876362880750093609094619750976562500000000","0.40114152808626241109024590514309238642454147338867187500000","0","0","1.6481711647727273","2.003846111415592989857","SLC44A2;CDH1;PIK3AP1"
"UTX","UTX 26944678 Chip-Seq JUKART Human","120/1621","0.29849512124498139842287969258904922753572463989257812500000000","0.40315530686933981341368848916317801922559738159179687500000","0","0","1.0581946143830785","1.279359077689324886151","RORC;STMN3;PRDM1;ENO3;FTH1;FAM186B;RPS6KA1;SLC25A45;HMGN2;MAP3K5;KCNH2;CCDC78;LMO4;SYTL3;KIAA1217;ACAP3;FRMD5;KCNQ1;DPEP1;S100A4;MAML3;TNIK;MZF1;ZFPM1;EMID1;SHC4;IDI1;INSIG1;CLCNKB;PDGFB;AK7;ZFP36L1;EFNB2;WNT6;CHST12;PDGFC;ZNF426;HMOX1;HOXC4;SFN;ARSG;CPA4;VASP;FDPS;IL31RA;PBX3;ZBTB12;NR1D1;GP6;LSM5;PBX1;SYT7;NFATC4;NR4A1;LIN28A;ATG16L2;FASN;ANP32E;ID3;COL9A2;ITM2C;DHRS13;TTC24;SERPINA1;SLC44A2;KCNC3;TGFB1I1;TNFAIP2;SLC2A3;PCSK4;LYL1;DBP;PDE4B;ANXA9;EIF5A;DENND2D;TIGD5;USP44;ANO8;NDUFC2;AXIN2;DUSP7;ETV6;MRPL51;PSMA1;HKDC1;CHI3L2;CDH15;ALDOA;CD44;HBEGF;ZNF595;PRIM2;CAMK2D;LAMA3;ZDHHC23;CXCR4;LIN9;CRIP1;APOLD1;PSMB3;LRIG1;HNRNPA1;APOL3;HES4;HNRNPA3;TXNRD2;CYP51A1;HAGHL;SAMD4A;DHRS3;KLF7;PER3;TFAP4;SBK1;RPA3;CTH;ZNF219;PTPN7;VIM"
"GATA3","GATA3 21867929 ChIP-Seq TH1 Mouse","102/1372","0.30016895358355127898519754126027692109346389770507812500000000","0.40469207134925222479893136551254428923130035400390625000000","0","0","1.0626239901830452","1.278772106754061610445","SH3GL3;ANKRD37;RAB3A;ARL6IP1;TRAF3IP2;COL12A1;STMN3;TRIM29;PALM;PSMD1;NRTN;SOX8;PTGDS;TNS4;RAG1;LAG3;FIBCD1;NPY1R;ACSL5;SYTL5;DISP2;CACNB2;CACNB4;JTB;RIN1;ABCG1;IDI1;CUL7;ENDOD1;LIN7A;CACNA1D;KLHL13;GLIS2;CACNA1I;TMEM125;ZMAT1;NPHP1;S100A10;RABGAP1L;IL31RA;LSM5;ELL3;BMP4;DLG4;CNTN1;SPIRE2;MKX;ANP32B;MAP3K12;CNTNAP1;CITED2;MAST1;DYSF;HNF4G;RYR3;AIFM3;GRM7;AIFM1;SIX4;NUF2;MYBL2;ACTR2;PLEKHG5;HEG1;DENND2A;AMT;NDUFC2;KRT34;TEX14;WNT16;SSTR5;C1QL1;RTN4RL1;TAX1BP3;MCM5;MNS1;PLCB2;ITGA9;SLC20A1;TMPRSS4;DLL1;FGD6;STAMBPL1;TNKS2;CCL5;MGAT5B;STAT4;SLC25A21;F10;KCNJ11;WNT7B;PLCL2;PCDHB14;NUDT7;LBX2;PIK3IP1;FAM131B;CTH;RIMBP3;MAMLD1;GRINA;CCL26"
"TAF2","TAF2 19829295 ChIP-Seq ESCs Human","118/1595","0.30294495663912957006402848492143675684928894042968750000000000","0.40770667069971977536368967776070348918437957763671875000000","0","0","1.0573134544060749","1.262648116405361120584","ALDH1L1;ANKRD37;LOXL4;ARHGAP39;ZFYVE28;NRBP2;CHCHD2;DHX58;CCNL2;SCN1B;TGM2;SRRM3;SLC15A1;ARL14;ESCO2;SLPI;PPP1R3E;DDIT4;CLIP4;GEMIN7;CTXN1;ZFPM1;FBN3;GNAZ;BRSK1;IDI1;SHC2;ZNF391;SLC1A1;TMEM59L;CLCNKB;ENDOD1;DAPP1;ILDR2;PIK3R1;FUT3;C3;CACNA1I;BLOC1S1;ARSJ;PRDX1;HMOX1;ST3GAL6;FAM43A;FADD;SOCS6;BCL2L15;KCNF1;FOXF1;PBX3;SNF8;DCLK1;ABHD15;BMP4;CXCL11;BAMBI;ITGA10;LCN2;PLCH2;DENND1C;WDR49;ZNF250;MAST4;LAMC3;MAST1;N4BP2L1;HMGB1;TSPAN12;SHD;THBD;SDR16C5;JPH2;HNF4A;CD33;EIF5A;GPR39;USP44;AMT;KRT34;GAB3;KREMEN2;TMEM150C;RENBP;EPN1;ZDHHC14;ELF3;PALLD;IRF1;TRNP1;KIFC3;TRIM55;ARHGEF6;SEMA3D;TMPRSS4;SLC5A11;CXCR4;DLL1;THSD4;AURKA;HLA-DMB;TNKS2;PSMB3;SPOCK2;ATOH8;TRA2A;ZNF469;PDLIM5;MAP4K5;MUC4;CA11;EYA4;PLCL2;GRHL2;FMNL3;TCEA3;PTPN7;VIM;SLC25A34"
"AR","AR 27270436 ChIP-Seq LNCaP Human Prostate Carcinoma","15/182","0.30366780250468300428323686901421751827001571655273437500000000","0.40795229695913820533448301830503623932600021362304687500000","0","0","1.1852941681107698","1.412658397745580218796","PDE4D;WNT7B;PRDM1;PLB1;EPN1;FAM107B;LACTB2;DLG5;BCL2;NOSTRIN;HNRNPH3;PIK3AP1;PRKACB;ATP5MG;FAIM"
"JUND","JUND 26020271 ChIP-Seq HCASMC Human CoronaryArtery","48/629","0.30494529599586295276480996108148247003555297851562500000000000","0.40894084987011819487534580730425659567117691040039062500000","0","0","1.0915276239640459","1.296323175843861585932","SHC4;CAMK2D;CXCL8;MAST1;SLC5A11;CHRNA9;MSMO1;ZDHHC2;GLIS1;INAVA;HTR7;OXCT1;MGAT5B;MICALL2;BMERB1;HIVEP3;SLC25A45;POLR2L;HES4;GSN;TAF15;S100A2;HMGCS1;DAPK1;HEG1;IL31RA;SAMD4A;AKR1C3;NR1D1;F3;PLEKHA7;KIAA1217;SULT2B1;TTLL7;CENPE;FRMD5;PPFIBP2;GNAL;RPA3;RAB13;ITGBL1;TNIK;MELTF;VIM;RIN1;NGEF;ABCG1;CCL26"
"MYB","MYB 26560356 Chip-Seq TH1 Human","119/1610","0.30575494668554609178912073730316478759050369262695312500000000","0.40929961834678602050630047415324952453374862670898437500000","0","0","1.0562144798616260","1.251583872413201570239","TRAF3IP2;IRS1;SERPINE1;RORC;PRDM1;NR3C2;CCT6B;LIPE;PLAU;DHX58;RPS6KA1;PSMD1;NEK2;KPNA2;HMGN2;MAP3K5;TMPO;IL15RA;SERPINF1;KRT8;CASK;ACSL5;LMO7;SYTL3;KIAA1217;EID3;NUP210L;PPP1R3E;DDIT4;CLIP4;JTB;S100A4;TRIM15;STEAP1;ZFPM1;SHC4;ZNF550;SLC26A1;TACSTD2;ENDOD1;KIAA0040;ZFP36L1;SOCS3;CHST12;HMOX1;FADD;SOCS6;GTF2IRD2B;SULT1A2;PCK2;VASP;FDPS;SYT1;IQSEC1;ATG16L2;DLG4;BCL2;ANP32E;ID3;COL9A2;MKX;ARHGAP11A;COL18A1;TTC22;SLC44A2;SECTM1;SLC2A3;HMGB1;TRIM8;LYL1;TMEM107;PDE4B;CCIN;DACT1;DENND2D;ACTR2;KLF11;CAMK1D;HEG1;USP44;NOG;TMC8;DUSP6;ETV6;C1QL1;MDFIC;HKDC1;TRNP1;CKS2;CHI3L2;ALDOA;PLCB2;CD44;PTGER4;CAMK2D;ATL1;PELI2;POMP;CXCR4;APOLD1;TMEM201;TNKS2;IL21R;HNRNPA1;MPZL3;APOL3;PTGES3;RFTN1;SORL1;DHRS3;FMNL3;PIK3IP1;CTH;TCEA3;SPRY1;PTPN7;VIM;SSBP2;CDKN3"
"SPI1","SPI1 20176806 ChIP-Seq THIOMACROPHAGE Mouse","90/1209","0.30913654920626693067831070038664620369672775268554687500000000","0.41276115885770553459721554645511787384748458862304687500000","0","0","1.0636592231492512","1.248706350677622367584","RET;DHRS13;SH3GL3;CNTNAP1;SERPINE1;TNFAIP3;GPT;ECSIT;SIPA1L2;ENO3;PRSS23;SHD;GCSH;TRIM8;SALL4;PALM;CASP4;CCIN;CPXM1;ANXA9;FGFBP3;SLC25A45;TMPO;EIF5A;ABCC3;PIAS3;ARSA;IL15RA;RALGAPA1;TNNC1;VASH2;AMT;TMC8;KCNAB3;F3;CBFA2T3;SERPINB5;ETV6;INPP4B;AZGP1;TUBB2A;NUP210L;MDFIC;RUFY4;RTN4RL1;HKDC1;TRNP1;COL4A5;CDH15;CD44;AGPAT5;RBM47;FBLIM1;GCNT1;CHRNA9;PDXP;C2CD4C;PLD1;NPAS2;GLIS2;POLD4;SDCBP;STAMBPL1;PSMB3;OXCT1;TRA2A;GCNT2;NCKAP1L;PCDH1;AP1M2;ABCA2;ST14;SLC12A5;ACBD4;F10;PTGES3;DONSON;NMI;GP6;PAN2;BST1;PIK3IP1;BAMBI;PI15;CHPT1;TMEM19;CDKN3;GRINA;SPC25;CPEB4"
"FLI1","FLI1 21571218 ChIP-Seq MEGAKARYOCYTES Human","345/4775","0.30943419326286270010228918181383050978183746337890625000000000","0.41276115885770553459721554645511787384748458862304687500000","0","0","1.0344053210457438","1.213367612068745104992","TES;SPARC;SERPINE2;SERPINE1;NUDT1;STMN3;ICAM5;ANTXR2;TXNDC17;CCT6B;ZFYVE28;LIPE;FTH1;RPS6KA1;RTTN;SOX9;SPA17;TNS3;CDK5RAP3;TMPO;ARSA;IL15RA;ST6GAL1;ACSL6;MYO7A;OVOL1;HSPG2;INPP4B;DEPDC1B;AZGP1;EID3;THAP8;RUFY4;KCNQ1;PNLDC1;PARD3;DDIT4;MAML3;NGEF;PXT1;EXD3;GIPR;PDGFB;TMTC1;PIK3R1;ADAMTS10;C3;LDHA;BLOC1S1;CHST12;ZNF704;BLOC1S2;PRDX1;HMOX1;MAP6;HIVEP3;NCKAP1L;FAM43A;FADD;ZNF268;DECR1;VASP;NGFR;ST14;EGR3;YES1;PTPRN2;COL24A1;XRCC4;IQSEC1;ABCA3;IL31RA;PBX3;SNF8;NR1D1;NMI;GP6;PBX1;MSRA;GJB2;ANP32E;ID3;PLCH1;CCNJL;CPEB4;FANK1;DHRS13;COL18A1;NRP2;ZNF250;CITED2;SLC44A2;SECTM1;RYR3;OSBPL10;LFNG;TRIM8;ZCWPW1;TUBA1B;SCML1;AIFM1;HNF4A;NUF2;DLGAP1;FGFBP3;CCR3;CD33;TMED4;DENND2D;FGFBP1;SYK;GPR35;TESC;HEG1;IZUMO1;DENND2A;NBPF10;TMC8;GAB3;TMC6;MMEL1;TMEM150C;CBFA2T3;DUSP6;COMMD4;SERPINB5;ZDHHC14;DUSP7;MMP14;MRPL51;PSMA1;OAF;SDHAF1;CKS2;FAM20C;TAX1BP3;KIFC3;ALDOA;MGLL;ENG;HBEGF;WDR27;ZNF595;PRIM2;NFIX;PELI2;CXCR4;PTGS2;APOLD1;FGD6;STAMBPL1;PSMB3;MICALL2;GCNT3;ZNF469;ZNF585B;MPZL3;APBB3;ZNF585A;ZNF221;TM4SF18;ZNF461;GSN;BRF1;DMRT1;RFTN1;SAMD4A;PLEKHA6;PNMA2;KAZALD1;DHRS2;DHRS3;MPP7;GRIN1;TMEM154;PSMC5;PSMC6;AADAC;SLCO3A1;PSMC1;RPA3;PSMC2;ZNF219;HNRNPA2B1;TRMT6;RAMP1;TMEM229B;KCNG3;CSF1;IRS2;BZW1;PLB1;GALNT10;EFEMP2;CHCHD2;PTTG1;PLAU;ZNF84;PALM;PAPOLA;SLC25A45;MAP3K5;IK;AKR1E2;GRIP2;LEMD1;CACNB2;CACNB4;FANCD2;HAT1;SLC9A9;SNRPG;DPEP1;GEMIN7;TNIK;MZF1;EMID1;ABCG1;SHC4;FBN3;BRSK1;ZNF550;IDI1;CUL7;NOTCH1;COX16;INSIG2;INSIG1;NPR3;LIN7A;MRO;KRCC1;LTBP1;GLIS1;PLD3;ZFP36L1;EFNB2;SOCS3;CACNA1I;CCNB1;RHPN1;AP1M2;KCNF1;TMEM120B;GGT7;TNFRSF9;TMEM132B;SRD5A3;CRIM1;LSM5;DCDC1;GNAL;TBCE;LCN2;BCL2;RNF182;AMOTL2;DEGS2;NES;BCL2L1;MIPEP;OSCP1;CNTNAP2;CALCOCO1;DDX46;MAST4;LAMC3;SLC2A1;TNFAIP3;DBI;SLC2A3;OPLAH;USE1;LYL1;ADAMTS2;ATP7B;PDE4B;TIMM17B;MAN2C1;PRKG1;TTC23L;ADAMTS7;CCDC38;ACTR2;HMGCS1;ITGA3;TRPC1;PDE4D;USP44;TNFRSF19;TBC1D8;NAV2;MYRIP;EPN1;IRF1;COL6A2;EHHADH;IL1RAPL1;COL6A1;TRNP1;CHI3L2;ZMYND10;MNS1;AGPAT5;DNAH2;SMARCD3;NDUFB3;DNAH6;LAMA3;POMP;PPM1H;ZBTB42;PPM1F;CRYZ;AP3M2;POLD4;TMEM201;CCL5;NRIP1;MAN1C1;IL21R;EPS8L3;HNRNPA1;MUC4;LEKR1;TBX1;CMTM7;TAF15;TMED7-TICAM2;PLCL2;MBOAT1;GDAP1;SGPP2;FMNL3;SLC25A37;KLF7;PDE10A;ST7;SPRY2;SPRY1;PTPN7;LTBR;PIK3AP1;SSBP2;RPL26L1"
"POU2F1","POU2F1 27270436 ChIP-Seq VCaP Human Prostate Carcinoma","70/933","0.31049948413980721362293024867540225386619567871093750000000000","0.41345169404859688500053493953600991517305374145507812500000","0","0","1.0721837268844354","1.253997179813715501240","DHRS13;SH3GL3;COL18A1;EHF;TES;RAB3A;DDX46;TRAF3IP2;CTNND1;HMGB3;MSANTD4;H2AC15;ZCWPW1;TUBA1B;LIPG;RASSF6;MACROD1;TK1;TMED4;ZHX2;GPR37;MSX2;NDUFC2;TRPT1;HNF1B;LMO7;TENT5B;DUSP6;EPN1;PARD3B;OLFM1;H2BC13;H2BC14;MRPL51;ADGRB2;ELF3;CYP2U1;LACTB2;MMP17;SPATA13;COL6A1;TAX1BP3;STEAP1;SPTBN4;NOTCH1;ATL1;TMTC1;PRDM10;LDHA;GAR1;MAL2;TRIM44;ATP5MF;ATP6V1C2;XRCC6;ACBD4;MEIG1;PARP16;HSPE1;NFATC4;CENPE;DIAPH1;PPFIBP1;FRAS1;ID2;LNX1;ID3;SPRY1;LTBR;BCL2L1"
"FOXP1","FOXP1 22492998 ChIP-Seq STRATIUM Mouse","2/16","0.31311592580309355327017328818328678607940673828125000000000000","0.41584990958492867862972275361244101077318191528320312500000","0","0","1.8833012268072595","2.186855084067527155156","TMEM125;FOXP1"
"EGR1","EGR1 19032775 ChIP-ChIP M12 Human","17/210","0.31340211728983363714817755862895864993333816528320312500000000","0.41584990958492867862972275361244101077318191528320312500000","0","0","1.1623910021483634","1.348685307869122107505","CGREF1;SLC15A1;NFIX;DMRT1;CITED4;SEMA3B;PRSS23;GDAP1;GLI2;HERC5;BMP4;CLDN3;SLPI;KRT16;HSF4;IL18R1;ITM2C"
"TRIM28","TRIM28 19339689 ChIP-ChIP MESCs Mouse","164/2241","0.31560233974638690623848447103227954357862472534179687500000000","0.41803467808512650982777358876774087548255920410156250000000","0","0","1.0455398203642521","1.205792088690820884622","ANKRD37;CSF1;PLEKHB1;IL1RAP;ANTXR2;ENO3;ZFYVE28;LIPE;HTR6;HERC3;RPS6KA1;NEK2;HOXA1;CCNL2;SOX9;KPNA2;HMGN2;MAP3K5;TMPO;TGM2;EOMES;MAGI1;SLC15A1;MSX2;IGFBP3;NPY1R;VASH1;OVOL1;SLC9A2;CYP27A1;CACNB2;OLFM2;DEPDC1B;EID3;ADCY9;PARD3;KCTD12;NPTXR;CLOCK;CTXN1;ABCG1;FAIM;SLC45A3;NOTCH1;DHX9;INSIG2;NPR3;GATA6;ENDOD1;FOXO6;HIGD1A;PPL;CPLX1;EFNB2;SOCS3;PDGFC;HMOX1;STXBP6;SLC10A4;ABCA2;NTNG2;RABGAP1L;YES1;ABCA3;NR1D1;BMP7;ELL3;PCDHGA10;BMP2;GNAL;PPP1R1A;BAMBI;FASN;ID2;RNF182;SPIRE2;SP5;ANP32B;SLC26A4;RCOR2;NES;MIPEP;FANK1;RET;FKBP10;NRP2;DOCK4;ITGB4;CITED2;KCNC3;KCNC4;RASGRF1;SLC2A1;TNFAIP3;TSPAN12;RND3;LFNG;TRIM8;ADAMTS2;DNER;MYBL2;LRRCC1;EIF5A;HSP90AA1;AMN;CAMK1D;ITGA3;NOG;TBC1D8;GLRX2;AXIN2;SYNGR3;DUSP6;ZDHHC14;ETV6;C1QL1;ARL4C;MMP14;PSMA4;MDFIC;RTN4RL1;KIFC3;FJX1;CHST2;CCDC40;AGPAT5;SMARCD1;NDUFB8;CAMK2D;PRKAA2;SLC20A1;PDXP;HMGCR;DLL1;AURKA;FGD6;ABLIM2;STAMBPL1;PSMB3;OXCT1;SPOCK2;ATOH8;TRA2A;HAS3;HSF4;LRIG1;SLIT2;PDLIM5;MAP4K5;RPL17;WASF3;NQO1;DMRT1;KCNB1;PTGES3;BMP8A;DONSON;MERTK;HSPE1;FRAS1;PSMC2;SPRY2;SPRY1;RAMP1"
"MYB","MYB 26560356 Chip-Seq TH2 Human","120/1629","0.31873226878589761001947522345290053635835647583007812500000000","0.42144109095158088784671690518734976649284362792968750000000","0","0","1.0520917870006914","1.202965759194092321138","IL1RN;TES;SERPINE1;IRS2;SPATA20;PRDM1;ZFYVE28;GPR176;PLAU;CHAC1;HMGN2;CDK5RAP3;TMPO;RAG1;KRT6A;ARSA;NHLRC3;ACSL6;LMO7;SYTL3;FOXP1;SLC9A2;GPRIN3;DEPDC1B;NUP210L;ADPRH;CLIP4;S100A4;EMID1;INSIG1;SDCBP;LDHA;SCUBE1;CHST12;ZNF704;PRDX1;ZBED2;ST8SIA6;TSPAN2;GTF2IRD2B;EGR3;YES1;SRD5A3;IL31RA;NR1D1;LSM5;PARP10;CXCL11;ATG16L2;BCL2;ANP32E;PLCH1;COL9A2;MKX;ARHGAP11A;DDX3Y;CPM;CALCOCO1;DOCK4;ZNF250;CITED2;SECTM1;HMGB1;LFNG;TRIM8;LYL1;TUBA1B;DNER;MYBL2;TMC1;EIF5AL1;DENND2D;GPR35;HEG1;USP44;NBPF10;TMC6;CBFA2T3;DUSP6;ARL4C;RNF144B;PSMA1;HKDC1;CHST2;CD44;ARHGEF6;ZNF595;PTGER4;CAMK2D;FGL1;PTAFR;LAMA3;CXCR4;AP3M2;STAMBPL1;TNKS2;GNG4;SPOCK2;HAS3;MAN1C1;LRIG1;HNRNPA1;CMTM7;HNRNPA3;PTGES3;RFTN1;PLCL2;DHRS3;PSMB9;KLF7;SLCO3A1;PIK3IP1;RPA3;SPRY1;PTPN7;VIM;SSBP2;FOLR1;FRK;IL18R1"
"CTCF","CTCF 20526341 ChIP-Seq ESCs Human","117/1591","0.32847393338135633111818378893076442182064056396484375000000000","0.43356262185825877875089418012066744267940521240234375000000","0","0","1.0498590719299383","1.168805789465710898156","ARL6IP1;PLEKHB1;BZW1;GALNT10;GPR176;HTR7;TRIM29;DHX58;CCNL2;SLC25A45;HMGN2;STK32A;SAMD11;CCDC78;DAPK1;DKK1;OLFM2;SCNN1D;SLC9A9;JTB;NPTXR;RIN1;ZFPM1;NOTCH1;COL13A1;EBI3;ALOX15;TACSTD2;HIGD1A;GLIS1;C3;LDHB;SYNGR1;TMEM125;ARSJ;PRDX1;ZBBX;HOXC4;HIVEP3;ST8SIA6;PRR22;FDFT1;KCNF1;ACBD4;ANKRD24;FOXF1;IQSEC1;GP6;PCDHGA10;NR4A1;PPFIBP1;GNAL;LIN28A;PPP1R1A;CDK3;RNF182;ANP32E;CNTNAP1;SYNM;GRIK4;SLC2A3;DUSP18;LFNG;ZCWPW1;TUBA1B;AIFM3;BCL7A;SLC22A17;TIMP2;CPXM1;RSPO1;DLGAP5;DACT1;DENND2D;LYNX1;TNFRSF19;ANO8;AMT;KRT34;KREMEN2;TMC5;C1QL1;RNF207;FAM20C;ZMYND10;NAT8L;MGLL;ARHGEF6;ZNF474;ZNF350;PELI2;POMP;SLC5A11;PDXP;SNX33;APOLD1;AURKA;ZNF747;MAN1C1;P4HTM;APOL3;IL12RB2;POLR2L;CDRT4;CGREF1;SLC12A5;BMP8A;AKR1C2;SYT13;KAZALD1;MPP7;TTLL7;FMNL3;TFAP4;SPRY1;EIF3C;CRLF1"
"ZFP322A","ZFP322A 24550733 ChIP-Seq MESCs Mouse","6/67","0.33427310888071942729382612924382556229829788208007812500000000","0.43985044912429199781556121706671547144651412963867187500000","0","0","1.2971005192229159","1.421358765404260315890","TMEM125;SALL4;WNT7B;SOCS6;LRP1B;MAP2K6"
"THRA","THRA 23701648 ChIP-Seq CEREBELLUM Mouse","12/146","0.33440285800972663343699764482153113931417465209960937500000000","0.43985044912429199781556121706671547144651412963867187500000","0","0","1.1813342152710358","1.294043955548607405248","OLFM1;NR4A1;AIFM3;KCNIP3;PDGFB;TMC8;COL9A3;FGF2;SMPDL3A;CAMKK1;LIMS2;RIBC2"
"IRF8","IRF8 27001747 Chip-Seq BMDM Mouse","110/1500","0.34601622578789353879002987923740874975919723510742187500000000","0.45433434864323418711506974432268179953098297119140625000000","0","0","1.0461736682905789","1.110272320607617935195","EHF;IL1RN;SERPINE2;CSF1;ANTXR2;BACH1;HERC5;DHX58;MAP3K5;IK;NHLRC3;RALGAPA1;SERPINF1;HNF1B;CYP27A1;OLFM2;LACTB2;FEZ2;SNRPF;ZFPM1;ABCG1;SKAP2;SHC2;GATA6;PDGFB;DAPP1;CD99L2;LTBP1;SOCS3;PDGFC;HMOX1;SFN;ST8SIA6;NCKAP1L;ST3GAL6;ARSG;S100A10;ABCA1;TNFSF18;XRCC4;IQSEC1;CYBRD1;CXCL10;BST1;PPFIBP2;CHMP2B;TMEM19;COL18A1;NRP2;TNFAIP3;SIX1;N4BP2L1;LFNG;TMEM107;TIMP2;CTSH;ABCD1;CD33;GALNT9;CAMK1D;EPN1;DUSP7;ETV6;MMP14;PLCB4;ZEB1;BANK1;IRF1;EHHADH;MNS1;PLCB2;RBM47;CEBPD;SLC20A1;PELI2;PPM1H;CXCR4;AOAH;AKAP5;LIN9;FGD2;POLD4;STAMBPL1;PSMB3;CCL5;IL21R;CMTM7;CD72;GALNT3;PLCL2;BMP8A;DONSON;ADAM32;MERTK;DHRS3;PSMB9;FMNL3;SLC25A37;CENPF;FABP5;AXL;KRT16;PSMC1;FKBP1B;TCEA3;PIK3AP1;IL18R1;CDKN3;GRINA;TMEM229B"
"PBX1","PBX1 22567123 ChIP-ChIP OVCAR3 Human","120/1640","0.34734663511187785500666791449475567787885665893554687500000000","0.45517697233206910745195727940881624817848205566406250000000","0","0","1.0438052916955440","1.103753168566585562971","EHF;TES;RGS4;GRB14;MPZ;SALL4;SOX9;SPA17;PPFIA4;TNS3;CASK;ACSL5;MITF;VASH1;SYTL5;MAPK8IP2;OVOL1;HSPG2;SYTL3;LEMD1;OXA1L;FRMD5;SPATA17;CACNB4;CSNK2B;COL4A6;JTB;COL4A5;EMID1;ABCG1;SHC4;ZNF550;GPM6A;GPR87;NPR3;PLD3;FBLN5;TMEM25;ARSJ;ARSG;S100A10;SLC10A4;ST14;RABGAP1L;DNASE2B;PBX3;L1CAM;ANKHD1;PCDHGA10;BMP4;MSRA;PPFIBP1;MAP3K15;TCN2;NMU;CNTN1;ANP32E;DCHS1;NES;BCL2L1;MAP3K12;CNTNAP2;DOCK4;DOCK8;KCNC4;KRT23;SIPA1L2;SIPA1L3;MMP20;GLI2;SERPINA5;JPH2;SLC18A2;DACT1;ZNF365;LRRCC1;ZHX2;CNTD1;CHST7;GPR37;PDE4D;TNFRSF19;AMT;TEX14;GAB3;B3GNT8;IL1RAPL1;CLDN18;CHST2;TRIM55;MGLL;HBEGF;RBMS3;ZNF595;PTGER4;NDUFB8;CLDND1;PTAFR;LAMA3;AKAP3;THSD4;THBS4;AP3M2;TNKS2;PSMB3;SPOCK2;APBB3;CDRT4;TM4SF18;LGI3;BMP8A;PLEKHA6;KLF8;FMNL3;PSMC5;DES;FABP5;SARM1;SPRY1;CDKN3"
"CNOT3","CNOT3 19339689 ChIP-ChIP MESCs Mouse","80/1083","0.34795456993794682265530582299106754362583160400390625000000000","0.45517697233206910745195727940881624817848205566406250000000","0","0","1.0538482224251362","1.112530025935385635805","MIPEP;FKBP10;COL18A1;ANKRD37;DOCK4;DDX46;ITGB4;ONECUT3;KCNC3;ONECUT1;TNFAIP2;SLC2A1;ICAM5;ANTXR2;ALDH1L2;ENO3;IFIT2;ZFYVE28;LIPE;ADAMTS2;HTR7;CDH1;DNER;NRTN;MYBL2;CCNL2;KPNA2;HMGN2;MAP3K5;TMPO;KRT6A;DENND2D;EIF5B;NOG;OVOL1;IL17RC;ZDHHC14;ETV6;C1QL1;CLDN3;PSMA4;KCNQ1;PARD3;ATF5;NPTXR;CLOCK;CHST2;DHX9;INSIG2;SLC5A11;PDXP;MRO;PPL;DLL1;THBS4;SOCS3;FGD6;ABLIM2;PSMB3;SPOCK2;PRDX1;TRA2A;HAS3;HSF4;SFN;RPL17;WASF3;NGFR;NTNG2;ST14;GALNT3;PBX3;HSPE1;PSMB9;PSAT1;FASN;PSMC2;SP5;PAM;NES"
"FLI1","FLI1 26923725 Chip-Seq MACROPHAGESS Mouse","108/1473","0.34846660928203437856964796992542687803506851196289062500000000","0.45517697233206910745195727940881624817848205566406250000000","0","0","1.0458772233139080","1.102577225125099369407","IRS2;KLHL30;TRIM29;DHX58;HOMER3;CCDC92;PTGDS;TNS4;CDK5RAP3;SRRM3;ST6GAL1;VASH2;FOXP1;SLC9A2;INPP4B;OLFM2;NUP210L;FANCD2;ADPRH;FKBP9;TNIK;NGEF;EMID1;CFB;ABCG1;BRSK1;NOTCH1;COL13A1;FOXO6;GLIS2;TMEM25;SOCS3;SFN;NCKAP1L;MAP2K6;ABCA1;GSTM2;NEK5;SRD5A3;CORO2B;ANKHD1;PARP10;PPFIBP1;NAT1;FASN;CDK3;DCHS1;AMOTL2;MKX;RCOR2;SLC26A3;RET;CPM;CALCOCO1;MAST4;ONECUT3;HSPB8;USE1;MYPN;TRIM8;TUBA1B;HNF4A;DLGAP1;SLC18A2;CCR3;TTC23L;ACTR2;ITGA3;ANO4;VAMP8;ARL4C;VGF;C1D;MCM5;NAT8L;HBEGF;CEBPD;ATL1;PAPLN;NDUFB2;AP3M2;POLD4;ABLIM2;TNKS2;MGAT5B;GCNT2;IL21R;ROMO1;SLIT2;MAP4K5;P4HTM;CMTM7;SLC12A5;TAF15;F10;DONSON;PLEKHA6;MPP7;GRIN1;TTLL7;FRAS1;LBX2;MORN2;CTH;RIMBP3;TLL2;CDKN3;GRINA"
"FOXP3","FOXP3 17237761 ChIP-ChIP TREG Mouse","9/108","0.35228744652081378507801900923368521034717559814453125000000000","0.45937309520416991226454683783231303095817565917968750000000","0","0","1.1989365841006354","1.250859922501413645790","GRB14;NRIP1;BCL2;CNGA1;LRIG1;STAT4;LSM5;FBLN5;CD44"
"KAP1","KAP1 27257070 Chip-Seq ESCs Mouse","107/1461","0.35389940049266233046409979579038918018341064453125000000000000","0.46067939202062080372712671305635012686252593994140625000000","0","0","1.0444768284836567","1.084942561454162568424","KCNG3;SLC27A1;FRMPD1;SERPINE1;NUDT1;STMN3;SALL4;RPS6KA1;PSMD1;HOMER3;CCNL2;LZTS1;TMPO;TGM2;LAG3;RALGAPA1;APLP1;HSPG2;CLDN3;JTB;CTXN1;ABCG1;SKAP2;GNAZ;NOTCH1;COL13A1;IL20RA;LYPD3;PLD3;ZFP36L1;C3;DPP4;SOCS3;SDCBP;SYNGR1;LDHA;PRDX1;HMOX1;ARSG;NGFR;CDK18;NEK5;ABCA3;BMP4;ATG16L2;FMC1;SPIRE2;ID3;NF2;TMEM19;RCOR2;NES;DOCK8;ONECUT1;SLC2A1;DBI;HMGB1;RND3;GLI2;LYL1;TUBA1B;SEC61G;SCRN2;BDKRB2;CCIN;MYBL2;DLGAP5;TMED4;EIF5A;ACTR2;HSP90AA1;CAMK1D;GPR35;PLLP;NOG;TMC8;NAV2;NME5;MYRIP;PSMA1;VSNL1;MMP17;FAM20C;CHST2;PTGER4;SMARCD1;SLC5A11;PPM1F;CRYZ;HAS3;WASF3;LEKR1;CMTM7;SLC12A5;BRF1;BMP8A;PCDHB14;HSPE1;MEIS3;GDAP1;TMEM154;PIK3IP1;PSAT1;CTH;PSMC2;TCEA3;SLC25A34"
"GATA6","GATA6 21074721 ChIP-Seq CACO-2 Mouse","115/1575","0.36027031360893774225573338299000170081853866577148437500000000","0.46816538171213090135935885882645379751920700073242187500000","0","0","1.0410509682056486","1.062809618617938323126","CSF1;RORC;FAM107B;RGS4;HTR6;RPS6KA1;NEK2;CCNL2;HMCN1;HMGN2;PRKACB;PPFIA4;SAMD11;PIAS3;IL15RA;S100A2;LMO4;AKR1E2;ACSL5;HSPG2;DKK1;LEMD1;ACAP3;CACNB2;SPATA17;OBSCN;NUP210L;SCNN1D;PARD3;KCNQ4;EPHA2;SLC45A3;FBLIM1;DHX9;SLC45A1;CLCNKB;TACSTD2;ILDR2;KIAA0040;GLIS1;TMEM125;PRDX1;SFN;HIVEP3;ST8SIA6;TSPAN2;S100A14;S100A10;TNFSF18;ACBD7;CDK18;RABGAP1L;COL24A1;DNASE2B;TNFRSF9;GLMN;PBX1;LIN28A;BAMBI;ITGA10;ANP32E;ID3;COL9A2;MKX;PLCH2;NES;RET;OSCP1;TTC22;KCNC4;LRRC39;CITED4;SLC2A1;SIPA1L2;MYPN;NUF2;PDE4B;RSPO1;PRKG1;ZNF365;DENND2D;DENND2C;CAMK1D;PLEKHG5;NBPF10;MMEL1;F3;RNF207;TRNP1;CHI3L2;ST6GALNAC5;PRKAA2;RGS16;PTAFR;PTGS2;CRYZ;TMEM201;GPR153;MAN1C1;SUSD4;EPS8L3;IL12RB2;HES4;BMP8A;AKR1C3;AKR1C2;DHRS3;MPP7;TARBP1;TTLL7;CENPF;PER3;CTH;TCEA3;SLC25A34"
"BP1","BP1 19119308 ChIP-ChIP Hs578T Human","2/18","0.36596308696604773480487438064301386475563049316406250000000000","0.47474592896798289975990314815135207027196884155273437500000","0","0","1.6477111426543647","1.656316818215797681546","HTR1B;ITGA9"
"EBNA1","EBNA1 20929547 Chip-Seq RAJI-cells Human","113/1553","0.37667690902060907420789703792252112179994583129882812500000000","0.48780628869735825903219961219292599707841873168945312500000","0","0","1.0367643596986815","1.012262988876246883052","LOXL4;PRDM1;CLGN;TRIM29;PALM;MACROD1;ENPP3;STK32A;TNS3;SCN1B;LAG3;MSX2;ACSL6;ACSL5;LMO7;SULT2B1;ACAP3;ZNF91;DEPDC1B;OBSCN;THAP8;PARD3;CLIP4;SCG2;FBN3;SHC2;SLC45A1;ALOX15;TMEM59L;LYPD3;AGAP3;PLD1;ACAT2;ZFP36L1;RDH12;ZNF704;ZBBX;AP1M2;RTBDN;TMEM120B;GGT7;ST14;PSAPL1;CYBRD1;PAN2;PARP10;MSRA;NR4A1;LIN28A;ITGA10;ANP32E;COL9A3;ANP32B;DENND1C;DHRS13;MAST4;LAMC3;HSPB8;RASGRF1;OPLAH;SIPA1L3;MYPN;GLI2;MRC2;ZCWPW1;JPH2;KIAA1549;CA2;MCF2L;TMEM107;HORMAD2;DLGAP5;ACTR2;ZHX2;HMGCS1;GAA;IZUMO1;USP44;KRT34;TEX14;KCNAB3;VAMP8;TUBB2A;OAF;TRNP1;FAM20C;MCM5;KIFC3;DNAH2;CLDND1;SLC20A1;PELI2;ABLIM2;STAMBPL1;CCL5;SPOCK2;MAN1C1;IL21R;GCNT3;CSMD3;SLIT2;APOL1;MAP4K5;P4HTM;RPL17;APOL3;SLC12A5;GSN;DONSON;GRIN1;PCYOX1L;TLL2;SPRY2"
"P300","P300 27268052 Chip-Seq Bcells Human","116/1596","0.37946413291611502671685229870490729808807373046875000000000000","0.49057434991723769535099108907161280512809753417968750000000","0","0","1.0355024522592091","1.003396903790491512254","SLC27A1;PLEKHB1;FAM107B;FAM186B;SLC25A45;TNS3;KRT6A;SRRM3;MSX2;AKR1E2;HSPG2;EREG;ACAP3;AZGP1;TNIK;ZFPM1;ABCG1;NOTCH1;COL13A1;FICD;FBLIM1;CLCNKB;TACSTD2;LTBP1;ADAMTS10;C3;SOCS3;CACNA1I;SCUBE1;ARSJ;NCKAP1L;AP1M2;TMEM120B;NTNG2;ANKRD24;FOXF1;GP6;SYT7;PARP10;NR4A1;GJB2;LIN28A;ATG16L2;NMU;RNF182;TMEM151A;DENND1C;NRP2;SERPINA1;DOCK8;HSPB8;KCNC4;SLC2A1;SIX1;OPLAH;MMP20;LFNG;TRIM8;ZCWPW1;KIAA1549;SLC22A17;HNF4A;CCIN;CPXM1;RSPO1;FGFBP3;DLGAP5;DENND2D;ACTR2;KLF11;TIGD5;AMN;PLLP;GAA;PLEKHG5;TRPC1;HEG1;TMC8;MMEL1;SYNGR3;ETV6;TOX2;VCAN;ELF3;EHHADH;MCM5;TRIM55;HBEGF;ZNF595;SEMA3B;POLD4;STAMBPL1;TNKS2;CCL5;ATOH8;ZNF747;MICALL2;SNCG;ZNF469;P4HTM;TBX1;DMRT1;PLCL2;ADAM32;PNMA2;KAZALD1;EEPD1;FABP5;MYO15A;KRT16;SGSM2;TCEA3;RIMBP3;TLL2;VIM;PIK3AP1"
"WDR5","WDR5 24793694 ChIP-Seq LNCAP Human","44/592","0.38106164092031058476806038015638478100299835205078125000000000","0.49179750238433250775216265537892468273639678955078125000000","0","0","1.0596543125497253","1.022348260311352730056","PTGER4;DDX46;CHRM4;CHRD;PDXP;IRS2;LIN9;SIPA1L3;GLIS2;GOLGA6L9;HNF4A;RASGEF1C;NUF2;HAS3;ZNF469;SOX9;P4HTM;LZTS1;MAP2K6;SH3D19;SRRM3;FDPS;AMN;ST6GAL1;S100A2;SYT1;PLEKHG5;PARP16;VASH1;KREMEN2;CORO2B;ANKHD1;DIAPH1;AZGP1;TOX2;BAMBI;EHHADH;RIMBP3;ID3;PLCH1;TNIK;VIM;RAMP1;ENG"
"BRD4","BRD4 28847988 ChIP-Seq BCBL1 Human Blood Lymphoma","16/206","0.38211005996185903876849465632403735071420669555664062500000000","0.49200736293075514327099995171010959893465042114257812500000","0","0","1.1106734578381436","1.068519620257436297805","EIF5A;IL15RA;CAMK1D;TXNRD2;PPP1R35;PTGES3;HNF4G;P3H3;TMC6;FOXP2;INAVA;NOL4L;FASN;HNRNPA2B1;PDLIM5;GTF2IRD2B"
"STAT1","STAT1 20625510 ChIP-Seq HELA Human","39/523","0.38252757886139504561739954624499659985303878784179687500000000","0.49200736293075514327099995171010959893465042114257812500000","0","0","1.0633192178878634","1.021801415773802901299","PXT1;EHF;SLC45A3;DNAH2;KCNC4;SIX1;CACNA1D;KRT20;HIGD1A;DLL1;C3;EFEMP2;HLA-DMB;GRB14;STAMBPL1;MPZ;DNER;ACAD11;APOL3;SRRM3;GSTM2;GPR37;SLC15A2;DNASE2B;NAV2;LEMD1;OLFM1;EPGN;CLDN3;PLCB4;LIN28A;NMU;SGSM2;ANP32B;NPTXR;ZFPM1;CFB;MGLL;CCDC40"
"RBPJ","RBPJ 21746931 ChIP-Seq IB4 Human","116/1598","0.38497324634981572311076547521224711090326309204101562500000000","0.49266474253032610519653644587378948926925659179687500000000","0","0","1.0339841287209708","0.987022055542747578372","CSF1;SLC4A3;PLB1;RGS4;HTR6;RPS6KA1;NEK2;HMCN1;HMGN2;PRKACB;SAMD11;LMO4;VASH2;HSPG2;LEMD1;ACAP3;OBSCN;NUP210L;SCNN1D;FEZ2;CLIP4;KCNQ4;S100A3;EPHA2;FBLIM1;DHX9;SLC45A1;CLCNKB;TACSTD2;CHRNA9;ILDR2;LTBP1;KIAA0040;GLIS1;NPAS2;TMEM125;PRDX1;SFN;HIVEP3;TSPAN2;BCL2L15;ATP6V1C2;S100A10;TNFSF18;KCNF1;RABGAP1L;COL24A1;DNASE2B;TNFRSF9;GLMN;PBX1;LIN28A;TBCE;ANP32E;ID3;COL9A2;PLCH2;ITM2C;OSCP1;TTC22;KCNC4;LRRC39;CITED4;DYSF;FHL2;SLC2A1;DBI;SIPA1L2;GLI2;NUF2;PDE4B;ANXA9;RSPO1;CCR3;DENND2D;ACTR2;EIF5B;DENND2C;PLEKHG5;NBPF10;TBC1D8;MMEL1;F3;VSNL1;ELF3;RNF207;C1D;TRNP1;CHI3L2;ST6GALNAC5;PRKAA2;SLC20A1;PTAFR;DNAH6;LIN9;PTGS2;CRYZ;TMEM201;GPR153;GNG4;MAN1C1;SUSD4;EPS8L3;IL12RB2;HES4;GALNT3;BMP8A;DHRS3;TARBP1;TTLL7;KLF7;CENPF;PER3;CTH;TCEA3;SLC25A34"
"SOX2","SOX2 19829295 ChIP-Seq ESCs Human","115/1584","0.38499628886475817379775321569468360394239425659179687500000000","0.49266474253032610519653644587378948926925659179687500000000","0","0","1.0341292052206503","0.987098647082817359788","ALDH1L1;MAML2;TRAF3IP2;FRMPD1;CHRM4;STMN3;ARHGAP39;PRDM1;GRPR;GRB14;FAM186B;DPYSL3;DHX58;TNS3;MAGI1;RNF43;IK;KCTD19;CACNA2D1;ADAM11;MYO7A;ANK1;FOXP2;FOXP1;CACNB2;ADCY9;OBSCN;FEZ2;COL4A6;TNIK;RIN1;FAIM;SLC45A1;GPR87;NPR3;TWIST1;CACNA1D;AGAP3;RPS4Y1;ARL17B;DPP4;C5;SCUBE1;TMEM125;ZBBX;SFN;ST8SIA6;ST3GAL6;BCL2L15;CDK18;ARHGEF35;IQSEC1;PARP16;SNF8;FHDC1;PBX1;NR4A1;BMP2;GNAL;ITGA10;ANP32E;CSPG5;LHX5;ITM2C;RET;FKBP10;RASGRF1;OTUD7A;HMGB3;ORM2;BCL7A;NUF2;ANKRD1;FGFBP3;AASS;ZNF480;TESC;TRPC1;NDUFC2;BTN3A3;NAV2;ZDHHC14;RNF144B;PSMA4;TFEC;FAM20C;KIFC3;FJX1;CD44;RBMS3;TUBAL3;SEMA3D;GCNT1;AOAH;AURKA;ADCY5;DCST2;AP3M2;EPS8L3;MUC4;LEKR1;CA11;SLC12A5;BMP8A;WNT7A;PNMA2;DHRS3;SH3RF2;DES;NOVA2;MORN2;TCEA3;SPRY1;SSBP2;SNTB1"
"NANOG","NANOG 19829295 ChIP-Seq ESCs Human","115/1584","0.38499628886475817379775321569468360394239425659179687500000000","0.49266474253032610519653644587378948926925659179687500000000","0","0","1.0341292052206503","0.987098647082817359788","ALDH1L1;MAML2;TRAF3IP2;FRMPD1;CHRM4;STMN3;ARHGAP39;PRDM1;GRPR;GRB14;FAM186B;DPYSL3;DHX58;TNS3;MAGI1;RNF43;IK;KCTD19;CACNA2D1;ADAM11;MYO7A;ANK1;FOXP2;FOXP1;CACNB2;ADCY9;OBSCN;FEZ2;COL4A6;TNIK;RIN1;FAIM;SLC45A1;GPR87;NPR3;TWIST1;CACNA1D;AGAP3;RPS4Y1;ARL17B;DPP4;C5;SCUBE1;TMEM125;ZBBX;SFN;ST8SIA6;ST3GAL6;BCL2L15;CDK18;ARHGEF35;IQSEC1;PARP16;SNF8;FHDC1;PBX1;NR4A1;BMP2;GNAL;ITGA10;ANP32E;CSPG5;LHX5;ITM2C;RET;FKBP10;RASGRF1;OTUD7A;HMGB3;ORM2;BCL7A;NUF2;ANKRD1;FGFBP3;AASS;ZNF480;TESC;TRPC1;NDUFC2;BTN3A3;NAV2;ZDHHC14;RNF144B;PSMA4;TFEC;FAM20C;KIFC3;FJX1;CD44;RBMS3;TUBAL3;SEMA3D;GCNT1;AOAH;AURKA;ADCY5;DCST2;AP3M2;EPS8L3;MUC4;LEKR1;CA11;SLC12A5;BMP8A;WNT7A;PNMA2;DHRS3;SH3RF2;DES;NOVA2;MORN2;TCEA3;SPRY1;SSBP2;SNTB1"
"HSF1","HSF1 23293686 ChIP-Seq STHDH STRIATAL Mouse","48/649","0.38733836882074479390780652465764433145523071289062500000000000","0.49440772231487251087145295969094149768352508544921875000000","0","0","1.0540319814249424","0.999703620935579184703","RET;GRAMD1B;BRSK1;GAL3ST1;SPARC;IRS1;HSPB8;TMEM59L;LOXL4;HIGD1A;PRSS23;ORM2;USE1;LIPE;GPR176;AIFM3;CHCHD2;PRDX1;TMEM107;GCNT2;MACROD1;PAPOLA;TIMP3;SFN;HIVEP3;TK1;FADD;TNS3;ABCD1;TMPO;HSP90AA1;GSN;PLLP;WNT7B;PTGES3;ESCO2;HSPE1;IL17RC;EPN3;CXCL10;CENPF;RNF207;DDIT4;HNRNPA2B1;ANP32E;TAX1BP3;AMOTL2;MNS1"
"IKZF1","IKZF1 21737484 ChIP-ChIP HCT116 Human","10/125","0.38766804186808545562570316178607754409313201904296875000000000","0.49440772231487251087145295969094149768352508544921875000000","0","0","1.1466343915836514","1.086557477636350466099","PRKCG;CDRT4;KCNC3;FAM43A;ENO2;SLC4A3;HIGD1A;GRIN2C;L1CAM;MUC4"
"FOXH1","FOXH1 21741376 ChIP-Seq EPCs Human","115/1586","0.39054684861356864233883356973819900304079055786132812500000000","0.49723924233262117855502992824767716228961944580078125000000","0","0","1.0326025379560391","0.970860491743284814703","EHF;IL1RN;SPARC;MAML2;SERPINE2;FRMPD1;HFE;IRS2;PRDM1;FGF2;PLB1;CLGN;NR3C2;FAM107B;EFEMP2;FAM186B;HOMER3;PTGDS;SAMD11;KRT6A;MAGI1;PIAS3;ACSL5;OVOL1;SLC9A2;PARD3;DDIT4;KCTD12;SKAP2;SHC4;RTN4R;SHC2;COL13A1;DHX9;SLC45A1;CLCNKB;PIK3R1;KRCC1;KIAA0040;GLIS1;TMEM25;POU5F1B;RNF215;ZNF701;SFN;ST8SIA6;TSPAN2;S100A14;BCL2L15;VASP;NEK5;TNFRSF9;TMEM132A;LIF;FHDC1;CORO2B;PIR;LHX5;DEGS2;FKBP10;SYNM;MAST4;DOCK8;SIX1;SERPINA5;SDR16C5;GRM7;ANKRD1;DACT1;CCDC38;ACTR2;TESC;PLEKHG5;TRPC1;HEG1;ITGA1;PLA2G4C;ANO8;KREMEN2;WNT16;ELF3;EHHADH;PPARA;EEF1E1;CRB2;ZNF595;PRPS1;PRIM2;PELI2;PTAFR;U2AF1;SPOCK2;LRIG1;EPS8L3;MBNL3;MAP4K5;MUC4;LEKR1;IL12RB2;HES4;CMTM7;TM4SF18;SLC12A5;DMRT1;FMNL3;SLC25A37;EEPD1;NUDT7;FABP5;PIK3IP1;SGSM2;TCEA3;SPRY2;SSBP2;CRLF1"
"RUNX1","RUNX1 22343733 ChIP-Seq PBMC Human BoneMarrow","55/748","0.39374777553790946127421079836494754999876022338867187500000000","0.50047065745980068296461240606731735169887542724609375000000","0","0","1.0474317553963572","0.976253256330616769887","KCNC4;RORC;ICAM5;GLI2;ZCWPW1;HNF4A;CPXM1;HORMAD2;TNS3;ZNF365;SRRM3;PLEKHG5;STARD9;P3H3;NAV2;HSPG2;ANK1;GRIP2;FOXP1;OBSCN;RUFY4;IRF1;CSNK2B;PPARG;FKBP9;ITGA9;PRPS1;NFIX;FBLIM1;SEMA3B;TMPRSS4;POMP;ZDHHC23;LTBP2;PIK3R1;LTBP1;FGD2;SH3TC2;ARSJ;HOXC4;P4HTM;MUC4;FDFT1;VASP;ANKRD24;KCNB1;FOXF1;IQSEC1;AHNAK2;TMEM154;SH3RF2;RCAN2;NEURL1;KCP;NF2"
"ELF5","ELF5 23300383 ChIP-Seq T47D Human","63/860","0.39536898169393186464048994821496307849884033203125000000000000","0.50168669105700591792640352650778368115425109863281250000000","0","0","1.0433189743436999","0.968133047185241402133","MIPEP;GPSM1;EHF;CALCOCO1;ZNF250;CSF1;ONECUT1;CTNND1;SLC2A1;GRIK4;STMN3;IRS2;ECSIT;SIPA1L3;LFNG;TRIM8;CHCHD2;AIFM1;SEC61G;DPYSL3;TNS3;TGM2;EOMES;ZHX2;CAMK1D;USP44;KRT8;NPY1R;ZDHHC14;EPN3;PSMA4;IRF1;MAML3;ALDOA;ZNF675;TRIM55;ZNF595;LAMA5;NOTCH1;SLC1A1;ENDOD1;THSD4;POLD4;SDCBP;FGD6;MAL2;ZNF469;ST8SIA6;FADD;STXBP6;WASF3;VASP;CMTM7;RFTN1;PBX3;PLEKHA6;HSPE1;KAZALD1;BMP7;NAT1;LNX1;SSBP2;SNTB1"
"KLF4","KLF4 18358816 ChIP-ChIP MESCs Mouse","90/1238","0.39709666518501113285921633178077172487974166870117187500000000","0.50303352720584459945030175731517374515533447265625000000000","0","0","1.0350687236730700","0.955964154164078983023","RET;CNTNAP1;ANKRD37;ARL6IP1;SLC44A2;HSPB8;STMN3;SLC2A3;OPLAH;ENO3;ZFYVE28;LFNG;TRIM8;EFEMP2;MPZ;SALL4;CNGA1;NEK2;MYBL2;OIP5;TK1;STK32A;KCNH2;EOMES;CCDC38;EIF5B;DENND2C;HSP90AA1;SLC15A1;CAMK1D;MSX2;ITGA3;KRT8;TMC8;TMC6;ESCO2;SYNGR3;DUSP6;SERPINB5;ARL4C;MMP14;DEPDC1B;TUBB2A;ELF3;LACTB2;B3GNT5;ADPRH;MALL;KIFC3;NPTXR;MZF1;EPHA2;AGPAT5;CUL7;PCNA;NOTCH1;SLC20A1;NPR3;SLC1A1;CRIP1;PPL;GABARAP;ZFP36L1;OXCT1;BLOC1S1;HAS3;HSF4;SFN;PDLIM5;TRIM44;PCK2;VASP;NGFR;NQO1;ST14;ACBD4;TXNRD2;BMP8A;PARP16;L1CAM;NFATC4;BMP4;KLF8;FABP5;ID2;RPA3;TCEA3;SP5;SPRY2;AMOTL2"
"FOXH1","FOXH1 21741376 ChIP-Seq ESCs Human","115/1589","0.39890595300760217645219540827383752912282943725585937500000000","0.50447905279855886906403839020640589296817779541015625000000","0","0","1.0303203050404544","0.946894854334164426390","EHF;RAB3A;TRAF3IP2;CPOX;LOXL4;PLB1;FGFRL1;CLGN;GPR176;CCND1;TRIM29;HLA-DOA;LZTS1;TNS3;SAMD11;EOMES;PIAS3;SLC15A1;S100A2;CACNA2D1;MYO7A;EBF4;FOXP2;FOXP1;CYP27A1;CACNB2;CACNB3;OBSCN;PARD3;FEZ2;CLIP4;COL4A6;TRIM15;SPATA18;ABCG1;GNAZ;GPM6A;DHX9;SLC1A1;IL20RA;CHRNA9;AGAP3;PIK3R1;ARL17B;ST8SIA6;ST3GAL6;FADD;BCL2L15;NGFR;FOXF1;MCAM;SYT7;NMU;TBCE;COL9A2;NF2;FKBP10;DDX46;HMGB3;KRT23;N4BP2L1;MSLN;USE1;ORM2;KIAA1549;BCL7A;SEC61G;MYBL2;GPR35;ZNF480;TMC8;KREMEN2;NME5;TUBG2;COMMD4;RNF144B;MRPL51;ELF3;IRF1;B3GNT5;HKDC1;TRNP1;KIFC3;CD44;MGLL;CRB2;PRPS1;PCNA;NFIX;PTAFR;DLL1;CAMKK1;APOLD1;CRYZ;HLA-DMB;SPOCK2;EPS8L3;PCDH1;CA12;CGREF1;NQO1;SLC12A5;GSN;DMRT1;RFTN1;BMP8A;SYT13;GRHL2;GRIN1;NUDT7;SGSM2;TCEA3;TLL2;CRLF1;TMEM229B"
"DACH1","DACH1 20351289 ChIP-Seq MDA-MB-231 Human","97/1338","0.40304327371607989727309018235246185213327407836914062500000000","0.50885898270173968160889899081666953861713409423828125000000","0","0","1.0319389405853041","0.937734621472554374932","SERPINE2;ARL6IP1;LOXL4;ICAM5;SPATA20;BACH1;RTTN;CCDC92;TMPO;THAP8;DDIT4;GEMIN7;FKBP9;TNIK;CLOCK;SKAP2;EPHA2;NOTCH1;ENDOD1;TXN;KRCC1;PRDM10;NPAS2;SAV1;ZFP36L1;SOCS3;FADD;ZNF783;VASP;TMEM120B;FDPS;ABCA3;MEIG1;GLMN;CRIM1;ZBTB12;PYY;ATG16L2;DLG4;FASN;CDK3;NOXA1;BCL2L1;NRP2;SYNM;ZNF250;CITED2;KCNC4;SIX1;OPLAH;TRIM8;ZCWPW1;THBD;SEC61G;SCRN2;TIMP2;TK1;TMED4;CNTD1;TIGD5;CAMK1D;ITGA3;GAA;DENND2A;NOG;NAV2;EPN1;MRPL51;TUBB2A;VSNL1;KIFC2;CKS2;FAM20C;HNRNPH3;ALDOA;CCDC40;DNAH2;SLC20A1;PELI2;LAMA3;NDUFB2;AURKA;STAMBPL1;PSMB3;MGAT5B;TRA2A;POLR2L;KCNB1;SAMD4A;HSPE1;TTLL7;FMNL3;EEPD1;KLF7;SSBP2;RPL26L1;NUP37"
"STAT6","STAT6 21828071 ChIP-Seq BEAS2B Human","3/33","0.41459318622191754233341498547815717756748199462890625000000000","0.52256737161527166968255642132135108113288879394531250000000","0","0","1.3181107954545457","1.160540553744977110284","FOXF1;NOG;HAS3"
"GATA3","GATA3 26560356 Chip-Seq TH1 Human","111/1539","0.41631523806383674557451968212262727320194244384765625000000000","0.52386334123032785026197188926744274795055389404296875000000","0","0","1.0261102133160958","0.899193228764785579266","RAB3A;SERPINE2;PLEKHB1;COL12A1;PRDM1;GRPR;CLGN;NEK2;MAT1A;CACNB2;FRMD5;OLFM2;THAP8;CYP2U1;DDIT4;FEZ2;ZFPM1;COX16;DHX9;ZNF391;INSIG1;SLC1A1;KRCC1;ACAT2;PLD3;ARL17B;SYNGR1;EBP;SCUBE1;BLOC1S2;SEC14L5;ZBED2;FAM43A;KCNN4;PROM2;MAP2K6;TMEM120B;NTNG2;RABGAP1L;PTPRN2;XRCC4;TMEM132B;SRD5A3;PBX3;PBX1;GJB2;STAG3;ATG16L2;NOSTRIN;HLA-DRA;BCL2L1;ARHGAP11A;FANK1;DDX46;LRRC39;DYSF;N4BP2L1;GRIK2;TSPAN12;MRC2;RASGEF1C;ITGAX;TIMP2;ZNF365;EIF5A;DENND2D;GPR35;ZNF480;NBPF10;EPN1;ARL4C;B3GNT8;VGF;CKS2;MCM5;CHST2;ENG;CAMK2D;PELI2;U2AF1;PRR5L;THBS4;GNG4;STAT4;IL21R;LRIG1;MAP4K5;TRIM44;LEKR1;IL12RB2;ZNF585A;CMTM7;NQO1;CD72;BRF1;PTGES3;ADAM32;PLEKHA6;MERTK;DHRS3;PSMB9;FMNL3;EEPD1;MAPK11;TFAP4;PSMC1;PTPN7;LIMS2;IL18R1;CCL26;TMEM229B"
"FOXP2","FOXP2 21765815 ChIP-ChIP NEURO2A Mouse","53/726","0.41763758589285449041028641659067943692207336425781250000000000","0.52465287412496697250219312991248443722724914550781250000000","0","0","1.0389678029266884","0.907165637773913569042","NRP2;CITED2;DOCK8;CTNND1;RASGRF1;MAST1;SLC2A3;SLC4A3;PITPNC1;GCSH;RGS4;GPR176;PTTG1;MPZ;DLGAP1;CCNL2;PAQR5;CACNA2D1;TNNC1;CASK;SYTL5;DUSP6;CACNB3;SPATA17;MAML3;STEAP1;GPM6A;NDUFB8;SMARCD3;SLC45A1;TWIST1;PDXP;PIK3R1;ZFP36L1;EFNB2;LDHB;EBP;REPS2;ST3GAL6;RTBDN;TAF15;COL24A1;IRX3;HTR1B;NMI;FBXL13;BMP7;PPFIBP1;COL3A1;GNAL;RPA3;CHMP2B;SARDH"
"SRY","SRY 22984422 ChIP-ChIP TESTIS Rat","11/142","0.41922704365831847672652088476752396672964096069335937500000000","0.52577478066782468157924768092925660312175750732421875000000","0","0","1.1070774263904035","0.962429607574574408346","TMEM25;ABCA2;GPR39;LAG3;KCNJ11;ID2;KCNC3;ONECUT1;KRT8;PBK;GRIP2"
"SOX2","SOX2 18555785 ChIP-Seq MESCs Mouse","27/365","0.42766367198507787561467807790904771536588668823242187500000000","0.53546612329806597685433189326431602239608764648437500000000","0","0","1.0534104901323664","0.894786048111782306158","AGPAT5;NOTCH1;CITED2;EBI3;NUDT1;SLC5A11;HMGB1;ZFP36L1;TRIM8;LDHB;SOCS3;SALL4;SNCG;PDLIM5;TRIM44;FDFT1;TMED4;SLC15A1;GRHL2;TMEM154;ETV6;KLF7;VGF;ID2;RNF182;KIFC3;ABCG1"
"RCOR1","RCOR1 19997604 ChIP-ChIP NEURONS Mouse","79/1095","0.43385963833107960008206305246858391910791397094726562500000000","0.54232454791384954173594223902910016477108001708984375000000","0","0","1.0258292248941856","0.856602497609778801291","DDX3Y;GPSM1;DOCK4;TES;CPOX;GRIK2;OSBPL10;SERPINA5;TRIM8;HERC3;HEPH;CDH1;PSMD2;RASSF6;UTY;SCN1B;CCR3;MAP3K5;MAGI1;PIAS3;IK;GPR37;SLC15A2;CACNA2D1;IGFBP3;PDE4D;USP44;GAB3;SYTL5;OXA1L;B3GNT5;ADPRH;CLDN18;COL4A5;EEF1E1;FJX1;SMPDL3A;MGLL;ITGA9;PXT1;GNAZ;INSIG2;GPR87;PELI2;NDUFB3;ENDOD1;PDXP;LYPD3;CACNA1D;PRICKLE1;NPAS2;ADCY5;TTN;GNG4;MGAT5B;CHN1;NRIP1;SOCS6;PDLIM5;IL12RB2;SLC10A4;ABCA2;SYT1;KCNB1;DONSON;LIF;ADAM32;PCDHB14;HSPE1;GDAP1;PBX1;COL3A1;BMP2;BAMBI;MORN2;PSMC2;RNF182;CSPG5;RCOR2"
"WT1","WT1 19549856 ChIP-ChIP CCG9911 Human","13/173","0.44837325739155281523196094894956331700086593627929687500000000","0.55954018071177258342174809513380751013755798339843750000000","0","0","1.0710702789699571","0.859136777755152847291","PCNA;SIX1;CXCR4;CD99L2;SLC2A3;DUSP6;CENPF;ANP32E;HMCN1;SPA17;SSBP2;NES;DACT1"
"CTBP2","CTBP2 25329375 ChIP-Seq LNCAP Human","57/790","0.44947376120867438276107463934749830514192581176757812500000000","0.55998793681938796584773854192462749779224395751953125000000","0","0","1.0255017219455869","0.820070960961775008435","FHOD3;FANK1;CNTNAP2;COL12A1;CTNND1;GRIK2;TSPAN12;RYR3;FTH1;PMEPA1;TIMP3;DLGAP1;SOX9;LZTS1;AASS;TGM2;ZHX2;MSX2;LMO4;ACSL6;MMEL1;VWA5B2;EID3;IFI27;TFEC;ZNF595;PTGER4;GNAZ;GRAMD1B;PRIM2;SEMA3D;IL20RB;PIK3R1;PRICKLE1;HMGCR;KIAA0040;ADCY5;ZBED2;SUSD4;SOCS6;MUC4;PROM2;TMEM132B;IRX3;KCNIP3;EYA4;PLCL2;AKR1C2;LSM5;SORL1;PBX1;DHRS3;EEPD1;SARDH;BCL2;FOLR1;SPC25"
"E2F4","E2F4 17652178 ChIP-ChIP JURKAT Human","44/608","0.45270433844856705629666748791350983083248138427734375000000000","0.56308364996485693598771149481763131916522979736328125000000","0","0","1.0286800832178971","0.815245467100293219609","PTGER4;FHOD3;PCNA;SLC20A1;PELI2;NDUFB3;CXCR4;HMGB1;PRDM10;ZFP36L1;LDHB;ZCWPW1;CHCHD2;CCNB1;FGD6;FGF9;TNKS2;CHST12;DNER;PBK;RTTN;NEK2;CDK5RAP3;TMPO;EIF5A;XRCC6;CCDC34;XRCC4;ZNF480;ESCO2;FBXL13;KAZALD1;DHRS3;DEPDC1B;CENPF;PSMA1;FANCD2;ZNF219;HAT1;SNRPG;ANP32E;MCM5;PTPN7;ALDOA"
"E2F2","E2F2 33952803 ChIP-Seq Patient Human Synovium","2/22","0.46617798761823914244217803570791147649288177490234375000000000","0.57888878396672782677967461495427414774894714355468750000000","0","0","1.3178850248403122","1.005793733357791097660","MBOAT1;ECSIT"
"SOX3","SOX3 22085726 ChIP-Seq MUSCLE Mouse","104/1459","0.47081985714438479018184580127126537263393402099609375000000000","0.58369292634484482018564222016721032559871673583984375000000","0","0","1.0120560027329424","0.762361269481280690030","TES;CPOX;STMN3;OGDHL;IRS2;PRDM1;BZW1;IFIT2;ZFYVE28;HERC3;HMGN5;HEPHL1;CCND1;FGF9;PLAU;NEK2;ARSA;NHLRC3;RALGAPA1;LMO4;SERPINF1;ADAM11;ACSL5;MAT1A;VWA5B2;GRIP2;FNDC4;SLPI;JTB;FSCN2;NPTXR;RIN1;INSIG1;IL20RA;FOXO6;PPL;CACNA1I;LDHB;PRDX1;HMOX1;ARSG;KCNN4;BCL2L15;PTPRN2;IQSEC1;MCAM;LIF;GP6;PAN2;NAT1;RCAN2;RNF182;CSPG5;AMOTL2;PLCH2;SLC26A4;BCL2L1;CNTNAP2;SLC2A1;DBI;OPLAH;AREG;SIPA1L3;PITPNC1;SEC61G;KLF11;LYNX1;ITGA3;NOG;KREMEN2;VCAN;CCDC40;CEBPD;POMP;CXCR4;PRR5L;AURKA;TMEM201;ABLIM2;STAMBPL1;MGAT5B;CHN1;MICALL2;MAN1C1;GCNT2;IL21R;FSD1;PCDH1;MUC4;KCNIP3;LGI3;HSPE1;MEIS3;MAPK11;KLF7;EPGN;PDE10A;TRIML2;NOVA2;PSMC2;SARDH;EIF3C;MAMLD1;GRINA"
"NANOG","NANOG 18555785 ChIP-Seq MESCs Mouse","28/388","0.47887271550045040768850412860047072172164916992187500000000000","0.59270311508662298916050303887459449470043182373046875000000","0","0","1.0251707238692054","0.754854165166553237043","LAMA5;ANKRD37;IDUA;AURKA;AP3M2;CHCHD2;PDGFC;HAS3;MYBL2;CHAC1;FGFBP1;SLC15A1;XRCC6;CACNA2D1;IZUMO1;DHRS3;SLC9A2;BMP4;PPP1R1A;LACTB2;CTH;ID2;CKS2;MVD;CHPT1;KIFC3;CPEB4;FAIM"
"TBX2","TBX2 30127528 ChIP-Seq KELLY Human Brain Neuroblastoma","172/2425","0.48229832888882162578170209599193185567855834960937500000000000","0.59596602014903488075958648551022633910179138183593750000000","0","0","1.0065646486238240","0.733979308787688133897","ARL6IP1;PLEKHB1;CPOX;IRS2;ABCA12;H2AC15;BACH1;CLGN;RGS4;CCND1;TRIM29;FTH1;DPYSL3;PAPOLA;OIP5;H4C1;LARGE1;PRKACB;PPFIA4;CDK5RAP3;SAMD11;TGM2;KCNH2;ARSA;SRRM3;ST6GAL1;NHLRC3;CACNA2D1;ANK1;FOXP1;KIAA1217;ACAP3;DEPDC1B;SPATA17;ADCY9;PPP1R3E;DDIT4;HAT1;S100A4;KCTD12;MAML3;FKBP9;MZF1;ZFPM1;FAIM;RTN4R;SLC45A3;FICD;DHX9;CHRNA9;AGAP3;EFNB2;SYNGR1;LCN12;ANTKMT;MAP6;SFN;FAM43A;ARSG;GTF2IRD2B;ZNF268;ZNF783;RTBDN;VASP;NGFR;NTNG2;FDPS;AFAP1L2;H4C9;ACBD4;COL24A1;IQSEC1;ABCA3;ALYREF;PBX3;PARP16;NR2F2;L1CAM;DCLK1;SYT7;MSRA;FASN;ID2;TBCE;ID3;PLCH2;NF2;PRRT4;RCOR2;BCL2L1;ARHGAP11A;RET;NRP2;DDX46;MAST4;CITED2;MAST1;CITED4;SHD;GLI2;LFNG;LYL1;TUBA1B;BCL7A;MCF2L;NUF2;PDE4B;ELOA;MAN2C1;SH3D19;TMED4;KCND1;ADGRV1;PLLP;GAA;PLEKHG5;TRPC1;PDE4D;USP44;TNFRSF19;NOG;AXIN2;MYRIP;WNT16;DUSP6;FAM222A;MRPL51;CKS2;HNRNPH3;ALDOA;SMPDL3A;TRIM55;ZNF595;LAMA5;MTFP1;FGL1;LIN9;DEPP1;GLRA1;STAMBPL1;TNKS2;MGAT5B;LRIG1;ROMO1;PCDH1;CGREF1;WNT7B;PTGES3;H2BC4;CYP51A1;HAGHL;PLEKHA6;ATP5F1E;PSMB9;TARBP1;ADGRD1;EEPD1;MAPK11;KLF7;CENPF;PER3;TFAP4;FRAS1;LBX2;FABP5;SLCO3A1;MYO15A;TAFA3;TCEA3;TLL2;SPRY2;CHPT1"
"BCL6","BCL6 27268052 Chip-Seq Bcells Human","111/1563","0.48558765666625586243654311147111002355813980102539062500000000","0.59897439888857972878355440116138197481632232666015625000000","0","0","1.0077383979656709","0.727985641831546348435","CSF1;PLEKHB1;ICAM5;PRDM1;ENO2;FGFRL1;FAM107B;EFEMP2;HTR7;DHX58;TNS3;TGM2;KRT6A;KCNH2;CCDC78;ANK1;CYP27A1;AZGP1;SLPI;CYP2U1;PPP1R3E;TNIK;NPTXR;CTXN1;ZFPM1;ABCG1;RTN4R;FBN3;SHC2;NOTCH1;COL13A1;HIGD1A;LTBP1;FUT3;C3;CACNA1I;SYNGR1;ARSJ;NCKAP1L;FADD;FDFT1;S100A10;NTNG2;FOXF1;IQSEC1;PBX3;DIAPH1;LCN2;RNF182;DENND1C;SERPINA1;ITGB4;KCNC3;LRRC3;MSLN;OPLAH;GLI2;SERPINA5;LFNG;TRIM8;ZCWPW1;HNF4A;MCF2L;CPXM1;HORMAD2;FGFBP3;DLGAP5;ACTR2;LYNX1;TIGD5;AMN;KCND1;GPR35;ZNF480;GAA;PLEKHG5;TNFRSF19;ANO8;BTN3A3;KREMEN2;KRT32;SYNGR3;RENBP;ETV6;TOX2;IRF1;PPARA;ENG;HBEGF;LAMA5;PRIM2;SEMA3B;DCST2;P4HTM;MUC4;LEKR1;POLR2L;HES4;CMTM7;CGREF1;TAF15;TMED7-TICAM2;PNMA2;MERTK;KAZALD1;FMNL3;SLC25A37;EEPD1;SGSM2;PCYOX1L;MAMLD1"
"RUNX1","RUNX1 30185409 ChIP-Seq HPC Mouse BoneMarrow Leukemia","193/2724","0.48631961128304562747004524680960457772016525268554687500000000","0.59897439888857972878355440116138197481632232666015625000000","0","0","1.0053315894403647","0.724732720276995090458","COL12A1;SERPINE1;MSANTD4;SLC4A3;GCSH;MILR1;HERC3;FTH1;RPS6KA1;PSMD1;HOMER3;CHAC1;HMCN1;SOX9;ACAD11;TNS4;PRKACB;TNS3;TMPO;STARD9;BCAM;ADCY9;NUP210L;KCNQ1;PARD3;MAML3;ATF5;CLOCK;ZFPM1;EPHA2;DHX9;SLC45A1;PPP1R35;IL20RB;FAM221A;LDHA;RDH12;MAP6;TSPAN2;FAM43A;ARSG;ABCA1;RABGAP1L;EGR3;YES1;COL24A1;XRCC4;FOXF1;IL31RA;PARP16;GP6;ID2;ANP32E;ARMC12;PRRT4;PAM;NRP2;SLC44A2;SIPA1L2;PRSS23;MYPN;LFNG;TRIM8;NUF2;PBK;ANKRD1;DLGAP1;TK1;SLC18A2;LRRCC1;TMC1;GPR39;DENND2C;ZHX2;TEX14;DUSP7;RNF144B;TUBB2A;ZEB1;SDHAF1;FAM20C;CHST2;CD44;CRB2;WDR27;NFIX;SLC20A1;ATL1;PELI2;AKAP5;APOLD1;FGD2;STAMBPL1;MICALL2;CGREF1;CENPW;WNT7B;WNT7A;PNMA2;DHRS3;DHRS4;TFAP4;HNRNPA2B1;TMEM229B;SH3GL3;IRS1;CHRM4;CTNND1;IRS2;ARHGAP39;GALNT10;CCND1;PAPOLA;PPFIA4;TGM2;MAGI1;PIAS3;MOB3B;OXA1L;FRMD5;OBSCN;SLC9A9;NOTCH1;GPR87;ARHGEF28;CHRNA9;DAPP1;GLIS1;SAV1;ZFP36L1;BCL2L12;EFNB2;ACBD7;PSAPL1;TNFRSF9;TMEM132B;LSM5;NR4A1;BAMBI;AMOTL2;MAP3K12;ARHGAP11A;COLGALT2;DOCK4;TTC24;DDX46;ONECUT3;SLC2A1;TNFAIP3;SLC2A3;DUSP18;TSPAN12;OPLAH;SGSH;ADAMTS2;ATP7B;TMEM107;MAN2C1;EIF5A;ACTR2;KLF11;HMGCS1;PDE4D;GLRX2;AXIN2;ETV6;ST6GALNAC5;PRPS1;SMARCD3;MTFP1;LAMA3;PRR5L;PPM1F;AP3M2;TMEM201;TNKS2;OXCT1;ATOH8;NRIP1;LRIG1;PCDH1;MUC4;LEKR1;HNRNPA3;PLCL2;FMNL3;PDE10A;MYO15B;FAM131B;ST7;KCP;SPRY2;SSBP2"
"STAT5A","STAT5A 28732065 ChIP-Seq J2E Mouse Blood","6/79","0.48736344365025602298757689823105465620756149291992187500000000","0.59928241035169915740254964475752785801887512207031250000000","0","0","1.0831765222054306","0.778527864750975795438","EIF5A;SOCS3;PRDX1;CITED4;CREBRF;SNF8"
"EWS-ERG","EWS-ERG 20517297 ChIP-Seq CADO-ES1 Human","59/830","0.49585024232721908177268232975620776414871215820312500000000000","0.60872672025536644913046302463044412434101104736328125000000","0","0","1.0085092748217559","0.707450426047108171801","FANK1;MAML2;HNF4G;ENO2;SDR16C5;ANKRD1;CPXM1;ENPP3;ANXA9;SPA17;LZTS1;DLGAP5;CCR3;MSX2;CACNA2D1;VASH2;KRT8;TMC8;TMC5;TMEM150C;FOXP1;PARD3B;PSMA4;SPATA17;OBSCN;SLC9A9;TRIM55;HBEGF;ZNF595;FICD;SLC20A1;CXCR4;LTBP2;KLHL13;PLD1;STAT4;SUSD4;MAL2;ARSG;PCDH1;TRPM6;RIBC2;CA12;CDRT4;SLC12A5;CD72;GP6;KLF7;BMP2;FABP5;ATG16L2;CNTN1;RNF182;PI15;RIMBP3;LHX5;LTBR;SLC26A4;SNTB1"
"ETS2","ETS2 20176728 ChIP-ChIP TROPHOBLAST STEM CELLS Mouse","11/151","0.50131139010920156007244941065437160432338714599609375000000000","0.61443197976046615149670060418429784476757049560546875000000","0","0","1.0354030612244898","0.714974633005575066491","RTBDN;ARSA;CNTNAP2;KLF7;AIFM1;CITED2;ITGA3;MMP17;SPRY1;SYT7;NFATC4"
"ETV2","ETV2 25802403 ChIP-Seq MESCs Mouse","57/804","0.50505998976979260550734807111439295113086700439453125000000000","0.61715134830476214844452442775946110486984252929687500000000","0","0","1.0054931691314739","0.686830328480398044633","FANK1;MAST4;ONECUT1;DYSF;RND3;GLDN;NR3C2;TRIM29;CASP4;CTSH;NRTN;RTTN;MAN2C1;TMC1;DENND2A;HNF1B;MITF;MYO7A;OAF;PARD3;SNRPF;FJX1;PLCB2;ZFPM1;CD44;CAMK2D;COX16;NXPH3;TMEM59L;ILDR2;LYPD3;TMTC1;FUT3;CRYZ;TMEM25;HLA-DMB;STAMBPL1;ABLIM3;FADD;GTF2IRD2B;DECR1;PCK2;MAP2K6;MPZL2;CYP4F3;BMP8A;GRHL2;SYT7;PPP1R1A;AXL;CDK3;SP5;AMOTL2;SPRY1;VIM;NES;CDKN3"
"TTF2","TTF2 22483619 ChIP-Seq HELA Human","90/1272","0.50516494470509010206171751633519306778907775878906250000000000","0.61715134830476214844452442775946110486984252929687500000000","0","0","1.0033354211737762","0.685147939848500309168","CNTNAP2;DDX46;CSF1;ARL6IP1;CITED2;SECTM1;STMN3;OGDHL;GPT;IRS2;RND3;HERC5;TRIM8;TUBA1B;CCND1;NUF2;PSMD1;NEK2;NRTN;HOXA1;RTTN;MAN2C1;HMGN2;PRKACB;RNF43;SRRM3;KLF11;TIGD5;NHLRC3;RALGAPA1;NOG;APLP1;AMT;MAPK8IP2;DUSP6;TUBB2A;NUP210L;VGF;FANCD2;DDIT4;MAML3;HNRNPH3;ALDOA;TRIM55;EPHA2;AGPAT5;DNAH2;ZNF350;COX16;RGS16;NDUFB2;LIN9;PRDM10;CRYZ;ZFP36L1;AP3M2;GLRA1;LDHA;FGD6;GPR153;BLOC1S1;PRDX1;ZNF747;ST3GAL6;RPL17;ZNF585A;S100A10;HNRNPA3;DMRT1;PARP16;NR2F2;L1CAM;HSPE1;TTLL7;SH3RF2;CENPF;LIN28A;FASN;ID2;CTH;ZNF615;HNRNPA2B1;PCYOX1L;ID3;SPRY2;CHPT1;MKX;SSBP2;PAM;CPEB4"
"E2F7","E2F7 22180533 ChIP-Seq HELA Human","3/38","0.50796685688789922075159211090067401528358459472656250000000000","0.61872702315703786979383949073962867259979248046875000000000","0","0","1.1295048701298702","0.765057784934240037167","PCNA;FANCD2;MCM5"
"E2F4","E2F4 21247883 ChIP-Seq LYMPHOBLASTOID Human","171/2422","0.50889578631815046705355598533060401678085327148437500000000000","0.61872702315703786979383949073962867259979248046875000000000","0","0","1.0009164385721041","0.676131090677681734213","ARL6IP1;OGDHL;ENO2;ENO3;TXNDC17;GCSH;FGF9;PLAU;ZNF84;FTH1;RPS6KA1;PAPOLA;NEK2;OIP5;CCNL2;CHAC1;CCDC92;SPA17;HMGN2;PRKACB;SAMD11;TMPO;PIAS3;LAG3;NHLRC3;LMO4;VASH2;VASH1;CACNB2;OXA1L;EID3;ADCY9;DDIT4;KCTD12;SNRPF;IDI1;SLC45A3;FICD;DHX9;CLCNKB;TACSTD2;ENDOD1;PRDM10;AK7;GABARAP;SAV1;ZFP36L1;TMEM25;EFNB2;LDHB;LDHA;BLOC1S1;BLOC1S2;PRDX1;HOXC4;MAP6;SFN;ST8SIA6;FADD;ZNF268;PCK2;ACBD7;TMEM120B;FDPS;FOXF1;ABCA3;MCAM;GLMN;SIAH1;PARP16;NR2F2;POU2F3;DCDC1;SYT7;ELL3;GPR137C;BMP4;PAN2;PPFIBP2;ATG16L2;BAMBI;DLG5;ANP32E;ID3;MAP3K12;ARHGAP11A;MIPEP;FANK1;DHRS13;SYNM;TTC22;KCNC4;CITED4;N4BP2L1;HMGB1;TUBA1B;ATP7B;BCL7A;NUF2;TMEM107;MAN2C1;FGFBP3;DLGAP5;CCDC38;DENND2C;HSP90AA1;AMN;CAMK1D;CCDC34;PLLP;TNFRSF19;NDUFC2;TRPT1;GLRX2;NAV2;COMMD4;MRPL51;ZEB1;PSMA1;TAX1BP3;MVD;HNRNPH3;MNS1;ALDOA;FJX1;ATL1;POMP;PPM1H;ZBTB42;AKAP5;LIN9;PTGS2;CRIP1;CAMKK1;APOLD1;SRR;TMEM201;FGD6;STAMBPL1;TNKS2;ZNF747;HAS3;HSF4;HNRNPA1;MAP4K5;TRIM44;POLR2L;NQO1;BRF1;PTGES3;SAMD4A;SORL1;KAZALD1;TARBP1;TTLL7;FMNL3;CENPF;NUDT7;GATM;TFAP4;SBK1;CTH;ZNF219;SGSM2;TLL2;CHPT1;VIM;ZNF214;PIK3AP1;CDKN3;NUP37"
"SPI1","SPI1 22096565 ChIP-ChIP GC-B Mouse","73/1032","0.50891322037155029001098682783776894211769104003906250000000000","0.61872702315703786979383949073962867259979248046875000000000","0","0","1.0029988886654790","0.677503450016360697639","ARHGAP11A;CALCOCO1;DOCK4;ARL6IP1;TRAF3IP2;CITED2;DOCK8;TNFAIP3;DBI;HMGB1;ENO2;ANTXR2;TRIM8;LIPE;LYL1;DBP;FGF9;PDE4B;TIMM17B;HOXA1;ACTR2;EIF5B;SYK;KREMEN2;DUSP6;ETV6;SLC9A2;MMP14;SPATA17;SLPI;ADPRH;CKS2;JTB;KCTD12;GEMIN7;ATF5;ALDOA;CFB;ARHGEF6;PCNA;CLDND1;DAPP1;GABARAP;FGD2;C3;AP3M2;POLD4;EBP;CHST12;HIVEP3;NCKAP1L;S100A10;RABGAP1L;CD72;ANKRD24;MEIG1;GRIN2C;KAZALD1;CXCL10;BST1;KLF7;GATM;PPFIBP2;PSAT1;PSMC1;ID2;PSMC2;NOXA1;ST7;LNX1;ID3;PIK3AP1;MAP3K12"
"SPI1","SPI1 20517297 ChIP-Seq HL60 Human","70/990","0.51093471137948942573103749964502640068531036376953125000000000","0.62018602426288504947393676047795452177524566650390625000000","0","0","1.0025208313069416","0.673206235483273518483","DENND1C;FANK1;ALDH1L1;CNTNAP1;DOCK8;HSPB8;RORC;SLC2A3;PRDM1;SIPA1L2;SERPINA5;DOCK11;HERC3;DBP;SLC22A17;HNF4A;MACROD1;HORMAD2;HEG1;DENND2A;NDUFC2;KRT34;MYO7A;MAT1A;KREMEN2;CYP27A1;OXA1L;OBSCN;CYP2U1;SDHAF1;HAT1;TRNP1;NPTXR;CTXN1;ABCG1;EPHA2;CUL7;ATL1;GPR87;NDUFB3;LTBP2;SNX33;LIN9;ADAMTS10;C3;SOCS3;CACNA1I;C5;SYNGR1;HIVEP3;PDLIM5;TBX1;XRCC6;KCNB1;TMEM132A;GRIN2C;FHDC1;FBXL13;CORO2B;KAZALD1;EPGN;NUDT7;KRT18;LIN28A;KRT16;DLG4;SGSM2;NOSTRIN;KCP;ANP32B"
"RAC3","RAC3 21632823 ChIP-Seq H3396 Human","110/1559","0.51505915101591359661625801891204901039600372314453125000000000","0.62418885877530461137041584152029827237129211425781250000000","0","0","1.0001331459741378","0.663561867401582072823","KCNG3;DGKE;IL1RN;ARL6IP1;ICAM5;BZW1;ZFYVE28;SYDE1;FGF9;PSMD2;RPS6KA1;CCNL2;PTGDS;PPFIA4;KRT6A;KCNH2;CACNA2D1;GRIP2;ADCY9;RUFY4;FANCD2;PPP1R3E;PARD3;SPATA13;SNRPF;TNIK;ABCG1;FBN3;GPR87;PDGFB;LYPD3;GABARAP;C3;WNT6;SYNGR1;ARSJ;SEC14L5;CASKIN1;KCNN4;TRPM6;PROM2;S100A10;SLC10A4;TNFSF18;ACBD7;GSTM2;XRCC6;ANKRD24;FOXF1;SIAH1;NMI;FHDC1;ANKHD1;BMP4;PARP10;CXCL10;NR4A1;CDK3;COL18A1;DOCK4;DOCK3;ONECUT3;SLC44A2;MAST1;FHL2;HNF4G;JPH2;AIFM1;NUF2;ANKRD1;LRRCC1;KLF11;GPR35;HEG1;NDUFC2;TEX14;GAB3;BTN3A3;TMC6;KREMEN2;KRT32;SSTR5;ELF3;IRF1;PPARG;ALDOA;TRIM55;PTGER4;ZNF350;SLC20A1;PTAFR;PRR5L;CAMKK1;TMEM201;ABLIM2;ZNF747;SLIT2;APBB3;MPZL2;CGREF1;HAGHL;AKR1C2;SYT13;MAPK15;SGPP2;TFAP4;FRAS1;PIK3AP1;SSBP2;CRLF1"
"NCOR","NCOR 22465074 ChIP-Seq MACROPHAGES Mouse","113/1604","0.52197924818170826632979242276633158326148986816406250000000000","0.63156143009165022217388241188018582761287689208984375000000","0","0","0.9983237896821092","0.649037695997415120530","HFE;PRDM1;BACH1;IFIT2;PLAU;DHX58;TNS3;TGM2;IL15RA;RALGAPA1;CYP27A1;EID3;SPATA17;LACTB2;HAT1;KCTD12;MAML3;IDI1;COL13A1;COX16;DHX9;KRCC1;LTBP1;GABARAP;NPAS2;PLD3;SAV1;ZFP36L1;LDHB;SDCBP;CHST12;PDGFC;NCKAP1L;ARSG;KCNN4;FDFT1;S100A10;TNFSF18;FDPS;CDK18;EGR3;AMBP;ABCA3;SRD5A3;LIF;NR1D1;NMI;ANKHD1;ABHD15;CXCL10;NR4A1;BMP2;TCN2;ANP32B;PAM;MIPEP;DHRS13;NRP2;CITED2;TNFAIP2;TNFAIP3;N4BP2L1;GPT;USE1;PITPNC1;SGSH;LFNG;TUBA1B;AIFM3;SPEG;ACTR2;TBC1D8;SYNGR3;F3;DUSP6;ARL4C;RNF144B;MMP14;VCAN;IRF1;PPARG;ALDOA;SMPDL3A;PTGER4;CAMK2D;PTAFR;GCNT1;PPM1H;CXCR4;HMGCR;PTGS2;FGD6;STAMBPL1;TNKS2;CCL5;TRA2A;NRIP1;MICALL2;PDLIM5;BRF1;KCNIP3;MERTK;HSPE1;SLC25A37;MAPK11;PIK3IP1;FKBP1B;HNRNPA2B1;TRMT6;RIMBP3;SPRY2;CHPT1;VIM"
"DMRT1","DMRT1 23473982 ChIP-Seq TESTES Mouse","118/1678","0.53033926072400472406798144220374524593353271484375000000000000","0.63980709169691740711982674838509410619735717773437500000000","0","0","0.9962034227695480","0.631830427722013254765","FHOD3;TRAF3IP2;IRS1;IRS2;SLC4A3;ZDHHC2;BZW1;GRIP1;SYDE1;CCND1;TRIM29;RPS6KA1;PAPOLA;PRKACB;TNS3;TMPO;TGM2;KCNH2;RNF43;ST6GAL1;DAPK1;APLP1;HSPG2;SRCIN1;FOXP1;ACAP3;FRMD5;DDIT4;SLC9A9;CSNK2B;CLIP4;TNIK;RIN1;SPATA18;SHC4;SHC2;COL13A1;GATA6;TACSTD2;PIK3R1;C2CD4C;PRDM10;GABARAP;NPAS2;ZFP36L1;LDHA;RNF215;CHST12;PRDX1;FDFT1;RABGAP1L;PTPRN2;IQSEC1;ABCA3;NR2F2;GRIN2C;ANKHD1;NFATC4;BST1;NR4A1;GNAL;DLG4;DLG5;SPIRE2;ANP32E;CPM;CNTNAP1;DOCK8;HSPB8;HMGB1;ECSIT;SIPA1L2;RND3;PCSK4;PITPNC1;LFNG;TRIM8;BCL7A;TIMP2;BDKRB2;PDE4B;PMEPA1;DLGAP1;EIF5A;ZHX2;CAMK1D;CCDC34;ITGA3;TESC;PLEKHG5;AXIN2;CBFA2T3;DUSP6;RTN4RL1;KIFC3;CDH15;PPARA;ALDOA;HBEGF;RBMS3;PPM1H;PRICKLE1;PSMB6;ATOH8;PCDH1;BRF1;DMRT1;WNT7B;KCNIP3;EYA4;PLCL2;SORL1;KRT18;PDE10A;AXL;NOVA2;HNRNPA2B1;CRLF1"
"ETS1","ETS1 22383799 ChIP-Seq G1ME Mouse","98/1394","0.53129219901399604708558399579487740993499755859375000000000000","0.63980709169691740711982674838509410619735717773437500000000","0","0","0.9959251267007042","0.629866002842583760923","SERPINE2;ICAM5;IKZF2;FGF2;RINL;HEPHL1;PALM;NEK2;CHAC1;HMGN2;MAP3K5;TMPO;SLC15A2;DAPK1;AZGP1;ADCY9;SLPI;LACTB2;ZFPM1;GNAZ;CUL7;DHX9;INSIG2;SLC1A1;ACAT2;GLIS2;SOCS3;LDHA;BLOC1S1;ARSJ;HIVEP3;NCKAP1L;ARSG;KCNN4;AP1M2;CDK18;ACBD4;ANKRD24;NEK5;PBX3;NR1D1;PBX1;ANKHD1;FMC1;DLG4;TMEM19;RCOR2;CPEB4;CITED2;TNFAIP3;MYPN;SGSH;DBP;GRM7;TMEM107;CCR3;EIF5A;GPR39;ACTR2;EIF5B;GPR35;PLLP;PLA2G4C;DENND2A;TBC1D8;TMC8;BTN3A3;ZDHHC14;ETV6;VAMP8;TOX2;NAV3;VGF;IRF1;EHHADH;EEF1E1;PLCB2;PTGER4;TUBAL3;NDUFB3;SEMA3B;PRICKLE1;PPM1F;FGD6;STAMBPL1;PSMB3;TRA2A;MICALL2;DNAJC5G;CHSY3;PDLIM5;HSPE1;KLF7;COL3A1;AADAC;PIK3IP1;PI15;RIMBP3"
"NANOG","NANOG 21062744 ChIP-ChIP HESCs Human","46/654","0.53133648542247313706354816531529650092124938964843750000000000","0.63980709169691740711982674838509410619735717773437500000000","0","0","0.9966334104492000","0.630230880090089984336","FANK1;PRPS1;COL18A1;SLC27A1;IDUA;LRRC39;CHRNA9;CXCR4;SLC2A3;ICAM5;HMGCR;BACH1;AKAP3;DLL1;GABARAP;GLI2;TRIM8;SOCS3;TUBA1B;GCNT2;STAT4;TIMM17B;HNRNPA1;SPA17;NQO1;SLC15A1;XRCC6;DAPK1;ITGA1;EREG;MMP14;PSMC5;SBK1;PPP1R1A;SLC9A9;FKBP1B;TCEA3;CKS2;RNF182;KIFC3;NOTUM;MZF1;FOLR1;RCOR2;CPEB4;ITGA9"
"POU5F1","POU5F1 18358816 ChIP-ChIP MESCs Mouse","37/526","0.53260878097053698798646337309037335216999053955078125000000000","0.64012694571757844386183933238498866558074951171875000000000","0","0","0.9967464718717164","0.627918499754575476501","ANKRD37;NOTCH1;PCNA;SLC20A1;NDUFB3;SLC5A11;GRIK4;MSLN;DLL1;PITPNC1;ZFP36L1;LFNG;PSMB3;OXCT1;PDGFC;NEK2;MYBL2;SLIT2;DENND2C;ARSA;ST6GAL1;TAF15;MSX2;DAPK1;KCNB1;BMP8A;DKK1;DUSP6;PLEKHA7;PCDHGA10;SLC9A2;RTN4RL1;ID2;TCEA3;SPRY2;AMOTL2;KIFC3"
"PKCTHETA","PKCTHETA 26484144 Chip-Seq BREAST Human","29/412","0.53329781305477730324327012567664496600627899169921875000000000","0.64012694571757844386183933238498866558074951171875000000000","0","0","0.9974834972586746","0.627093199141944390718","PRIM2;DOCK3;DHX9;ONECUT1;HMGCR;ANTXR2;KRCC1;POU5F1B;EFNB2;SCML1;PRDX1;NUF2;ZNF747;NEK2;SOX9;SLIT2;HNRNPA1;TMED4;SYT3;WDR72;TEX14;PARP16;AXIN2;CORO2B;SPATA17;DDIT4;NOSTRIN;FAM20C;PLCH1"
"HOXB13","HOXB13 26457646 ChIP-Seq LNCaP Human Prostate Carcinoma","100/1424","0.53598853399957857579494202582282014191150665283203125000000000","0.64233546534870133992711771497852168977260589599609375000000","0","0","0.9946628689153596","0.620314048106512472280","EHF;PATJ;AMY2B;SPATA20;ABCA12;GALNT10;FAM107B;IFIT2;GCSH;GRB14;TRIM29;SALL4;RASSF6;PALM;PRKACB;MITF;SYTL5;FOXP1;KIAA1217;NUP210L;DDIT4;COL4A6;SKAP2;FAIM;SHC4;COX16;TACSTD2;AGAP3;PLD1;LTBP1;DPP4;LDHA;RDH12;ZNF426;HOXC4;FDPS;RABGAP1L;DNASE2B;SIAH1;NMI;LSM5;GJB2;B4GAT1;TBCE;RNF182;ANP32E;HLA-DRA;AMOTL2;PLCH2;SLC26A3;CALCOCO1;GRIK2;TSPAN12;RND3;USE1;JPH2;PBK;PDE4B;PMEPA1;SPDL1;RBBP8NL;SH3D19;TMC1;HMGCS1;PDE4D;ANO4;DUSP6;EPN1;DUSP7;PLCB4;ELF3;NAV3;BANK1;PALLD;ZMYND10;KIFC3;ZNF595;PRPS1;RBM47;NFIX;ZNF350;ATL1;PAPLN;SLC5A11;HMGCR;CRYZ;GCNT2;MAP4K5;RFTN1;GRHL2;CENPE;SLC25A37;SBK1;FRAS1;CTH;LNX1;SPRY1;SYCP3;PIK3AP1;FRK"
"TP53","TP53 32428506 ChIP-Seq Human Liver Heptoma","41/584","0.53706241543783228564734599785879254341125488281250000000000000","0.64260241466808776245045464747818186879158020019531250000000","0","0","0.9945907435039184","0.618278345953353514197","EXD3;PCNA;DDX46;NPR3;ZDHHC23;OGDHL;LTBP2;PRDM1;HMGCR;C3;HERC5;CHCHD2;HEPHL1;BLOC1S2;MICALL2;PSMD1;RTTN;SFN;NEK2;MAN2C1;SLC25A45;KCNN4;GABRE;TTC23L;ZNF783;GPR39;TIGAR;ACBD4;TAF15;S100A2;NMI;DHRS3;ACAP3;RNF144B;MRPL51;TFAP4;AXL;GEMIN7;RIN1;ALDOA;SSBP2"
"AR","AR 21572438 ChIP-Seq LNCaP Human","10/141","0.54027335409468124627352381139644421637058258056640625000000000","0.64542149104665236247768689281656406819820404052734375000000","0","0","1.0057156556658002","0.619199071420729829640","MAML2;ANKRD24;TRIM29;SLC45A1;SPRY2;LTBP2;BTN3A3;SOX9;MBNL3;FAM107B"
"MYBL2","MYBL2 22936984 ChIP-ChIP MESCs Mouse","99/1419","0.56368695120906053830367454793304204940795898437500000000000000","0.67232803817194430884285338834160938858985900878906250000000","0","0","0.9871760670731708","0.565904833152569897159","ARL6IP1;CCT6B;CCND1;FTH1;OIP5;CCNL2;ENPP3;KPNA2;SLC25A45;TMPO;EOMES;LAG3;PAQR5;ACSL5;DKK1;SULT2B1;FANCD2;PNLDC1;HAT1;SNRPG;TNIK;MZF1;CTXN1;SKAP2;EPHA2;DHX9;INSIG1;TMEM59L;GATA6;CHRNA9;KRCC1;ADAMTS10;GABARAP;NPAS2;ZFP36L1;SYNGR1;CCNB1;PRDX1;PDGFC;SFN;DECR1;PCK2;ABCA1;MEIG1;SYT7;NFATC4;PCDHGA10;LCN2;BCL2;ANP32E;LHX5;CD22;ARHGAP11A;DDX3Y;CNTNAP2;FKBP10;CITED2;DBI;PITPNC1;ZCWPW1;JPH2;TUBA1B;AIFM1;NUF2;TMEM107;TIMM17B;HORMAD2;MYBL2;TK1;ACTR2;DENND2C;HSP90AA1;CNTD1;TBC1D8;AXIN2;KCNAB3;MRPL51;CKS2;HBEGF;PCNA;HSD17B14;AURKA;TNKS2;PSMB3;GCNT2;TBX1;MBOAT1;HSPE1;KAZALD1;GRHL2;DHRS3;CENPE;KLF7;AXL;PSMC1;SPRY2;SYCP3;CRLF1;SPC25"
"ZNF274","ZNF274 21170338 ChIP-Seq K562 Hela","17/245","0.56463508270206252959155790449585765600204467773437500000000000","0.67239666788652552309457632873090915381908416748046875000000","0","0","0.9820817287120240","0.561333980663265008637","RET;CYP51A1;CRIM1;FHL2;ZNF804A;WNT7A;CACNA1D;KRCC1;DHRS4;SULT2B1;B3GNT8;NAT1;AXL;MMP17;SLC25A21;SOCS6;ZNF675"
"IRF8","IRF8 22096565 ChIP-ChIP GC-B Mouse","32/463","0.57521293515487503800187596425530500710010528564453125000000000","0.68391459219201689023748258478008210659027099609375000000000","0","0","0.9776343528802102","0.540646446728184071340","GNAZ;NOTCH1;ARL6IP1;CITED2;SECTM1;DAPP1;HMGB1;LTBP1;GABARAP;FGD2;CCT6B;POLD4;HERC3;CCL5;FDFT1;S100A10;RABGAP1L;ANKRD24;SYT1;MEIG1;USP44;ACSL5;NMI;KREMEN2;ELL3;PSMB9;CXCL10;PPFIBP2;JTB;GEMIN7;EPHA2;GRINA"
"REST","REST 19997604 ChIP-ChIP NEURONS Mouse","76/1095","0.57840510350062901423484618135262280702590942382812500000000000","0.68662869991033792516077483014669269323348999023437500000000","0","0","0.9815894998768712","0.537401389642787497003","DDX3Y;DHRS13;KCNG3;IL1RN;DOCK3;HFE;ICAM5;ZDHHC2;RND3;GLDN;SERPINA5;EFEMP2;HEPH;RASGEF1C;RASSF6;PALM;DNER;RTTN;PRKG1;MAP3K5;TMPO;TGM2;TMED4;KCNH2;EIF5A;OVOL1;DUSP7;ARL4C;PSMA4;DDIT4;HAT1;ADPRH;KCTD12;EEF1E1;GNAZ;GPM6A;CAMK2D;INSIG2;NDUFB3;ALOX15;PDGFB;DAPP1;LIN7A;KLHL13;SLC6A20;ACAT2;SAV1;ADCY5;FGD6;GNG4;MGAT5B;STAT4;SUSD4;MAL2;FDFT1;SLC12A5;USP9Y;MCAM;PBX3;LIF;NR2F2;NR1D1;HSPE1;SORL1;MAPK15;SGPP2;SYT7;BMP2;PSAT1;TBCE;CNTN1;SPRY2;CHPT1;NF2;SSBP2;SNTB1"
"MYBL1","MYBL1 21750041 ChIP-ChIP SPERMATOCYTES Mouse","7/103","0.59632671112335911001167687572888098657131195068359375000000000","0.70543133695509396829947945661842823028564453125000000000000","0","0","0.9604329890788224","0.496511766406835530763","CNTD1;HSP90AA1;ADAM32;NEK2;LIN7A;KCNAB3;AURKA"
"VDR","VDR 22108803 ChIP-Seq LS180 Human","7/103","0.59632671112335911001167687572888098657131195068359375000000000","0.70543133695509396829947945661842823028564453125000000000000","0","0","0.9604329890788224","0.496511766406835530763","MALL;TCEA3;SPATA18;PLD1;PBX1;DACT1;CDKN3"
"YY1","YY1 21170310 ChIP-Seq MESCs Mouse","23/337","0.59704718452225835623181637856760062277317047119140625000000000","0.70543133695509396829947945661842823028564453125000000000000","0","0","0.9644197764276145","0.497408307412420092053","GRAMD1B;BRSK1;IK;NDUFB8;MAML2;PDGFB;NR1D1;AXIN2;AKAP3;USE1;CRYZ;ZCWPW1;OXA1L;EEPD1;PSMC5;CHCHD2;GNG4;NUF2;HOXA1;MCM5;EEF1E1;CPEB4;MAP3K5"
"GFI1B","GFI1B 20887958 ChIP-Seq HPC-7 Mouse","102/1475","0.60201418308330556516949627621215768158435821533203125000000000","0.70939603185010569053048357091029174625873565673828125000000","0","0","0.9770622676667832","0.495833964948525052208","NUDT1;ENO3;PSMD2;FTH1;PSMD1;NEK2;RNF43;LAG3;CCDC78;DAPK1;DEPDC1B;OBSCN;DDIT4;TNIK;CTXN1;ABCG1;FAIM;CUL7;INSIG1;EBI3;KRCC1;ADAMTS10;GLIS2;WNT6;SDCBP;CHST12;PRDX1;ARSG;ACBD4;ABCA3;SRD5A3;CRIM1;ZBTB12;ANKHD1;GPR137C;ABHD15;PPFIBP1;FMC1;BAMBI;RCAN2;ID3;RCOR2;CCNJL;ITM2C;MIPEP;DHRS13;CNTNAP1;DOCK4;DOCK3;CITED2;DOCK8;OPLAH;TRIM8;LYL1;ZCWPW1;SPEG;MAN2C1;GPR39;EIF5B;ZHX2;TIGD5;TNNC1;IZUMO1;NDUFC2;TEX14;DUSP6;DUSP7;KIFC2;IRF1;CKS2;NAT8L;AGPAT5;CEBPD;ATL1;PTAFR;NDUFB3;PAPLN;POMP;LIN9;PTGS2;CAMKK1;CRYZ;ABLIM2;TNKS2;OXCT1;GCNT2;TAF15;F10;TXNRD2;PLCL2;HSPE1;KAZALD1;DHRS3;MAPK11;SBK1;PDE10A;MORN2;ST7;PTPN7;VIM;RAMP1;NUP37"
"AR","AR 20517297 ChIP-Seq VCAP Human","111/1604","0.60228192902770560923642051420756615698337554931640625000000000","0.70939603185010569053048357091029174625873565673828125000000","0","0","0.9777196146117780","0.495732807261126950937","EHF;SPARC;TRAF3IP2;FRMPD1;CTNND1;LOXL4;PRDM1;FGF2;TXNDC17;NR3C2;FTH1;PALM;MACROD1;HOMER3;SLC25A45;PIAS3;IL15RA;RALGAPA1;FIBCD1;NPY1R;GPRIN3;KIAA1217;CACNB3;IFI27;CYP2U1;LACTB2;KCNQ1;PARD3;SNRPG;MAML3;TNIK;EPHA2;SLC1A1;CACNA1D;ZFP36L1;POU5F1B;SOCS3;SEC14L5;NCKAP1L;GSTM2;XRCC6;ST14;RABGAP1L;MEIG1;CYBRD1;BMP4;PPFIBP2;LCN2;CPEB4;ARHGAP11A;NRP2;DOCK4;ITGB4;LAMC3;SLC44A2;RASGRF1;RND3;SGSH;THBD;SCML1;AIFM1;SIX4;CNGA1;ANKRD1;CCR3;PRKG1;DACT1;ADAMTS7;TMED4;TMC1;ACTR2;MMP7;ZNF480;PLA2G4C;NBPF10;BTN3A3;NAV2;MYRIP;PSMA4;OAS1;PPARA;ST6GALNAC5;ZNF595;PTGER4;PRPS1;LAMA5;SEMA3D;ATL1;NDUFB2;ZDHHC23;FGD2;AP3M2;TNKS2;ABLIM3;MGAT5B;STAT4;KLRG2;MAL2;ROMO1;PDLIM5;CA12;ADAM32;GRHL2;TARBP1;EEPD1;NUDT7;FRAS1;PIK3IP1;MORN2;PI15;SPRY1"
"MYC","MYC 30127528 ChIP-Seq KELLY Human Brain Neuroblastoma","292/4188","0.60399734848425468136667859653243795037269592285156250000000000","0.71030840826419361366816929148626513779163360595703125000000","0","0","0.9841114738335232","0.496174706935206821790","SERPINE2;TRAF3IP2;FRMPD1;STMN3;IKZF2;ABCA12;H2AC15;ANTXR2;ZDHHC2;BACH1;HERC3;ADGRA2;PSMD2;DPYSL3;PSMD1;HOMER3;TNS3;PRKCG;ARSA;SRRM3;ST6GAL1;DAPK1;CACNA2D1;ESCO2;MAPK8IP2;ANK1;DEPDC1B;THAP8;CYP2U1;CSNK2B;ADPRH;CLPSL2;MAML3;ATF5;CLOCK;CFAP61;GPM6A;SPTBN4;ZNF391;TWIST1;AGAP3;PIK3R1;TXN;FAM221A;RNF215;CHST12;ZNF704;GAR1;ZNF701;HMOX1;FAM43A;GTF2IRD2B;DECR1;FDFT1;SLC10A4;VASP;ABCA2;NTNG2;XRCC6;H4C9;PTPRN2;IQSEC1;PBX3;TMA7;AMMECR1;STAG3;ID2;CREBRF;ANP32B;PAM;CCNJL;CPEB4;ITM2C;NRP2;CITED2;CETN2;HNF4G;GRIK2;SIPA1L3;GLI2;LFNG;ZCWPW1;AIFM1;SEC61G;PBK;TMED4;LYNX1;ANO8;TMEM150C;ZDHHC14;DUSP7;PLCB4;MMP16;VSNL1;B3GNT5;SDHAF1;CKS2;FAM20C;PPARG;CHST2;HBEGF;CRB2;WDR27;ZNF595;PRIM2;PCNA;CLDND1;ZNF350;SLC20A1;SYNPO2;GCNT1;ZDHHC23;UQCR10;RIDA;CHN1;MICALL2;ZNF585B;P4HTM;APBB3;RIBC2;ZNF585A;ZNF221;CGREF1;ZNF461;CENPW;CD72;RFTN1;SEPTIN3;PNMA2;ATP5F1E;CENPE;NOL4L;LBX2;FABP5;MORN2;FKBP1B;TRMT6;PCYOX1L;RAMP1;GRINA;KCNG3;SLC27A1;ANKRD37;RAB3A;CPOX;MSMO1;ARHGAP39;SSC4D;BZW1;KLHL30;PLB1;GALNT10;CLGN;NR3C2;CHCHD2;PTTG1;SALL4;ENPP3;LARGE1;MAP3K5;KCNH2;MAGI1;IGFBP3;APLP1;MITF;MOB3B;FOXP1;GPRIN3;SGO2;HAT1;CLIP4;SNRPG;GEMIN7;FKBP9;TNIK;NPTXR;MZF1;STEAP1;SCG2;EMID1;FAIM;RTN4R;GNAZ;BRSK1;ZNF550;CUL7;INSIG2;INSIG1;CACNA1D;KLHL13;KRCC1;WNT6;SDCBP;CCNB1;EBP;ASIC4;SCUBE1;ZBBX;NPHP1;RHPN1;ZNF783;KCNF1;SYT3;SRD5A3;ZBTB12;LSM5;BMP7;DIAPH1;NOXA1;PIR;MELTF;NF2;BCL2L1;GPSM1;DDX46;MAST4;FHL2;DUSP19;HMGB3;TNFAIP3;EFCAB12;DUSP18;RND3;USE1;DBP;PMEPA1;SPEG;CPXM1;SPDL1;ACTR2;EIF5B;KLF11;ADGRV1;HMGCS1;TRPC1;PDE4D;ITGA1;TBC1D8;AMT;MYRIP;EPN1;ARL4C;ADGRF3;H2BC13;VCAN;PALLD;CHDH;IRF1;COL6A2;EHHADH;C1D;MCM5;TRIM55;ITGA9;AGPAT5;PRPS1;LAMA5;DNAH1;CAMK2D;SMARCD3;MTFP1;SEMA3D;PDXP;U2AF1;HMGCR;PPM1F;AP3M2;ABLIM2;ABLIM3;OXCT1;DDT;TRA2A;NRIP1;PCDH1;PDLIM5;LEKR1;CMTM7;TXNRD2;EYA4;TMED7-TICAM2;CYP51A1;DONSON;ZNF804A;GDAP1;SLC25A37;EEPD1;KLF7;FRAS1;PIK3IP1;PSAT1;SPRY1;SSBP2"
"GLI1","GLI1 17442700 ChIP-ChIP MESCs Mouse","3/44","0.60874550357940293565661704633384943008422851562500000000000000","0.71477893499603295524025270424317568540573120117187500000000","0","0","0.9638996674057648","0.478436410672444079051","NTNG2;FHL1;PDE4B"
"TCFAP2C","TCFAP2C 20176728 ChIP-ChIP TROPHOBLAST STEM CELLS Mouse","137/1980","0.61221088974462067877624349421239458024501800537109375000000000","0.71773171080308784119949905289104208350181579589843750000000","0","0","0.9770952247504452","0.479439584786996775279","SERPINE2;TRAF3IP2;IKZF2;FGFRL1;GALNT10;CCT6B;LIPE;EFEMP2;CDH1;SALL4;FTH1;RPS6KA1;NEK2;SOX8;CCNL2;SOX9;KPNA2;TNS4;TMPO;TGM2;PIAS3;PAQR5;DAPK1;KRT8;ANK1;CLDN3;PARD3;DDIT4;S100A3;STEAP1;NGEF;EPHA2;NOTCH1;GATA6;ENDOD1;CACNA1D;ADAMTS10;GABARAP;ZFP36L1;CHST12;FADD;STXBP6;PCK2;FDFT1;EGR3;ACBD4;ANKRD24;LIF;SNF8;LSM5;SYT7;BMP4;NR4A1;BAMBI;ID2;TBCE;BCL2;ID3;MKX;ANP32B;PAM;COL18A1;NRP2;DOCK4;ITGB4;SLC44A2;DYSF;FHL2;SLC2A1;PRSS23;PITPNC1;ZCWPW1;THBD;BCL7A;SLC22A17;SPEG;MYBL2;ABCC3;ACTR2;HSP90AA1;ITGA3;DENND2A;NDUFC2;AXIN2;MYRIP;DUSP6;IL17RB;DUSP7;TEX19;ARL4C;TUBB2A;IRF1;EHHADH;MMP17;CKS2;ZMYND10;CHST2;HBEGF;PRPS1;GRAMD1B;SEMA3B;CRIP1;CAMKK1;THBS4;AURKA;PSMB6;GPR153;OXCT1;TRA2A;MAN1C1;GCNT2;PCDH1;MAP4K5;TRIM44;CMTM7;TAF15;BRF1;DMRT1;TXNRD2;PTGES3;SORL1;KAZALD1;GRHL2;PLEKHA7;FMNL3;KLF7;FRAS1;KRT18;DES;FABP5;PSMC1;NOVA2;LNX1;PCYOX1L;SPRY2;LTBR;FOLR1"
"SMRT","SMRT 22465074 ChIP-Seq MACROPHAGES Mouse","109/1580","0.61510713594986698993238860566634684801101684570312500000000000","0.72000912812736372892175040760776028037071228027343750000000","0","0","0.9742173573887790","0.473429518931161974482","IL1RN;HERC3;PLAU;PSMD1;MAP3K5;TGM2;ARL14;CYP27A1;CLDN3;ADCY9;LACTB2;PPP1R3E;FEZ2;SLC9A9;S100A4;KCTD12;MZF1;CLOCK;ABCG1;DHX9;TACSTD2;LTBP1;NPAS2;ZFP36L1;PRDX1;NCKAP1L;FAM43A;ARSG;TNFSF18;CDK18;AMBP;IQSEC1;SRD5A3;CYBRD1;NR1D1;NMI;LRP1B;PAN2;HNRNPM;PPFIBP1;BMP2;EFNA2;TCN2;TBCE;BCL2;DEGS2;CCNJL;CPEB4;ITM2C;DOCK4;CITED2;DOCK8;TNFAIP3;N4BP2L1;PITPNC1;SGSH;TRIM8;TUBA1B;AIFM3;TMEM107;TK1;CD33;ACTR2;EIF5B;DENND2C;CAMK1D;TRPC1;TMC6;DUSP6;SERPINB5;DUSP7;PARD3B;VAMP8;MMP14;VCAN;TUBB2A;IRF1;CKS2;FAM20C;SMPDL3A;CD44;ARHGEF6;ENG;CAMK2D;CEBPD;PAPLN;CXCR4;AOAH;AKAP5;PTGS2;FGD2;STAMBPL1;CCL5;STAT4;PDLIM5;MAP4K5;CMTM7;KCNIP3;MERTK;SORL1;NUDT7;GATM;PSMC6;PIK3IP1;PSMC2;FKBP1B;CHPT1;PTPN7;TMEM229B"
"NOTCH1","NOTCH1 21737748 ChIP-Seq TLL Human","14/211","0.63351500516476122459863518088241107761859893798828125000000000","0.74040840386903206127300336447660811245441436767578125000000","0","0","0.9356089372077220","0.427078902337705901271","ABCA1;DENND2D;EGR3;SERPINE1;IRS2;BMP4;TUBB2A;PDE10A;CHI3L2;IL21R;ZNF426;PMEPA1;CPA4;HES4"
"MYCN","MYCN 21190229 ChIP-Seq SHEP-21N Human","18/271","0.63974063557826510439952016895404085516929626464843750000000000","0.74615960615465204419649580813711509108543395996093750000000","0","0","0.9364950103425088","0.418325242787429996127","CA12;SHC4;ARHGAP11A;AGPAT5;CDRT4;DOCK3;XRCC4;MSX2;PAQR5;HMGB3;ELL3;CAMKK1;SH3RF2;CACNB4;NOSTRIN;CHPT1;PIK3AP1;CPEB4"
"MYC","MYC 19079543 ChIP-ChIP MESCs Mouse","69/1013","0.64041248316319809852359412616351619362831115722656250000000000","0.74615960615465204419649580813711509108543395996093750000000","0","0","0.9610505759175528","0.428285274677503435825","ARHGAP11A;DHRS13;DGKE;TRAF3IP2;SLC2A3;RND3;PRSS23;JPH2;AIFM3;CCND1;MCF2L;TIMP2;NEK2;MYBL2;TK1;KPNA2;EIF5A;ARSA;HSP90AA1;LYNX1;PLLP;ESCO2;EPN1;ARL4C;CACNB4;CKS2;SNRPG;EEF1E1;EPHA2;SHC4;PXT1;AGPAT5;PRPS1;BRSK1;PCNA;IDUA;SLC45A1;SLC5A11;KRCC1;ADAMTS10;ACAT2;SAV1;AURKA;ADCY5;FGD2;ZFP36L1;PSMB6;CCNB1;LDHA;RHPN1;REPS2;RPL17;FDPS;ACBD4;KCNB1;PTGES3;TMEM132A;FBXL13;NFATC4;SH3RF2;KLF7;STAG3;PSAT1;KRT16;NOXA1;PCYOX1L;BCL2;ANP32E;ANP32B"
"MYCN","MYCN 19997598 ChIP-ChIP NEUROBLASTOMA Human","11/169","0.65301617873649542289626879210118204355239868164062500000000000","0.75967213396926669410902377421734854578971862792968750000000","0","0","0.9165506329113924","0.390591144656673827651","PARP10;NR4A1;NFIX;SMARCD3;MYO15A;BLOC1S2;RPA3;COL12A1;SGSH;DCST2;PSMB9"
"ZNF652","ZNF652 21678463 ChIP-ChIP ZR75-1 Human","6/94","0.65878319014792174890260412212228402495384216308593750000000000","0.76520201317181690825464102090336382389068603515625000000000","0","0","0.8978162406988029","0.374713301660444919605","WDR27;CENPE;TRAF3IP2;WNT7A;CSMD3;FOXP1"
"OLIG2","OLIG2 29049317 ChIP-Seq Mouse SpinalCord","100/1472","0.67353516352200359929014439330785535275936126708984375000000000","0.78113525108926684659138572897063568234443664550781250000000","0","0","0.9571955621084656","0.378298115260964906703","RAB3A;SPARC;CSF1;PLEKHB1;ARHGAP39;ZDHHC8;GCSH;LIPE;PSMD2;FTH1;HMGN2;CDK5RAP3;LMO4;ESCO2;SRCIN1;FOXP2;MOB3B;DISP2;CYP27A1;FRMD5;CYP2U1;DDIT4;SLC9A9;ZFPM1;EMID1;SKAP2;FAIM;CFAP61;IDI1;MINDY1;INSIG2;INSIG1;SMIM1;PIK3R1;HIGD1A;TMEM25;TMEM125;BLOC1S1;GAR1;HMOX1;MAP6;THEM6;TMEM120B;FDPS;SYT3;H4C9;SRD5A3;PBX3;TMA7;ZBTB12;ANKHD1;BAMBI;TBCE;CREBRF;AMOTL2;TMEM19;CPEB4;CITED2;GRIK2;TRIM8;TUBA1B;TMED4;EIF5A;ACTR2;EIF5B;KLF11;HMGCS1;ANO4;DUSP6;ZDHHC14;DUSP7;CHDH;C1D;CKS2;MCM5;EEF1E1;WDR27;NDUFB8;MTFP1;SLC5A11;SNX33;HMGCR;MAN1C1;LRIG1;HNRNPA1;PDLIM5;BRF1;KCNIP3;HAGHL;HSPE1;TTLL7;KLF7;CENPF;FABP5;PSAT1;PSMC2;LNX1;PCYOX1L;SLC25A34;SPC25"
"CHD1","CHD1 26751641 Chip-Seq LNCaP Human","112/1647","0.67805695091241191541087118821451440453529357910156250000000000","0.78517330972219478990581364996614865958690643310546875000000","0","0","0.9579145070249476","0.372172772261921414039","CTNND1;CLGN;IFIT2;CDH1;ZNF84;PAPOLA;CCDC92;HMGN2;IL15RA;IGFBP3;APLP1;KRT8;SLC9A2;ZNF91;CACNB3;AZGP1;PARD3;JTB;S100A4;MAML3;STEAP1;ZNF675;ZFPM1;EPHA2;SPTBN4;SLC45A3;COX16;DHX9;NPR3;PDGFB;TACSTD2;ENDOD1;AK7;FBLN5;ZFP36L1;DPP4;LDHB;LDHA;RDH12;PRDX1;SEC14L5;HMOX1;HOXC4;SFN;FADD;PROM2;S100A10;DNASE2B;CRIM1;NFATC4;HNRNPM;DIAPH1;BAMBI;ID2;DLG5;ANP32E;ID3;BCL2L1;ARHGAP11A;CITED2;SLC2A1;HMGB1;TRIM8;JPH2;DBP;SIX4;TMEM107;ITGAX;PMEPA1;TK1;MAN2C1;EIF5A;ACTR2;PLEKHG5;BTN3A3;DUSP7;RNF144B;TOX2;ELF3;ALDOA;NFIX;RGS16;TMPRSS4;AKAP5;LIN9;CRYZ;POLD4;TMEM201;SH3TC2;TNKS2;TRA2A;ZNF747;LRIG1;GCNT3;TRIM44;WASF3;POLR2L;MPZL2;CENPW;PTGES3;KAZALD1;GRHL2;DHRS3;TTLL7;MAPK11;TFAP4;CTH;CHPT1;SPRY1;VIM;LTBR;RAMP1"
"ELK1","ELK1 19687146 ChIP-ChIP HELA Human","46/691","0.68292571184984718346555609969072975218296051025390625000000000","0.78960017220005296323392940394114702939987182617187500000000","0","0","0.9375290342732204","0.357544690980754920062","WDR27;ARHGAP11A;PTGER4;NDUFB3;CHRNA9;DBI;HMGCR;PTGS2;ENO3;USE1;NPAS2;OSBPL10;BCL2L12;CHCHD2;HTR7;TNKS2;BLOC1S1;PSMB3;PLAU;SEC61G;CASP4;ZNF701;ZNF585B;PDLIM5;PRKACB;ZNF585A;ZNF221;IK;HMGCS1;ARL14;XRCC4;SIAH1;MITF;PSMB9;DIAPH1;NR4A1;PSMC2;HAT1;C1D;TBCE;NOSTRIN;SNRPG;PI15;PPARG;TMEM19;RPL26L1"
"GATA2","GATA2 22383799 ChIP-Seq G1ME Mouse","103/1522","0.69090953946734379176319862381205894052982330322265625000000000","0.79760963654104677367229214723920449614524841308593750000000","0","0","0.9528342955908564","0.352307027987401044644","KCNG3;CHRM4;IKZF2;IFIT2;ZFYVE28;SYDE1;CHCHD2;LIPG;TMPO;RAG1;ARSA;VASH2;MITF;VASH1;EBF4;MAPK8IP2;DKK1;GRIP2;NUP210L;LACTB2;DDIT4;EMID1;GNAZ;COX16;DHX9;SLC1A1;PDGFB;KRCC1;GABARAP;FBLN5;GLIS2;SAV1;ZFP36L1;RDH12;SEC14L5;HMOX1;ST3GAL6;FADD;AP1M2;CDK18;ST14;XRCC4;PBX1;TCN2;ATG16L2;FASN;PAH;ANP32B;CPEB4;CPM;DDX46;DOCK8;CITED4;HOXC13;USE1;TRIM8;THBD;TMEM107;MAN2C1;DLGAP5;DENND2D;EIF5B;DENND2C;CAMK1D;HEG1;PDE4D;NDUFC2;GLRX2;KREMEN2;DUSP6;DUSP7;VAMP8;TOX2;EHHADH;HKDC1;SDHAF1;MGLL;PTGER4;TUBAL3;ZDHHC23;U2AF1;POLD4;TNKS2;DDT;NRIP1;MICALL2;GCNT2;P4HTM;TRIM40;KCNJ11;RFTN1;DONSON;DHRS3;FMNL3;CENPE;KRT18;PDE10A;PSMC2;ST7;TRMT6;KCP;PTPN7;TMEM229B"
"RUNX1","RUNX1 17652178 ChIP-ChIP JURKAT Human","48/724","0.69660371578199786757323863639612682163715362548828125000000000","0.80295542811512732317424934080918319523334503173828125000000","0","0","0.9331834145875570","0.337381813024439092263","SERPINE1;CTNND1;RORC;HNF4G;TNFAIP3;MRO;HMGCR;DLL1;NR3C2;HERC5;LDHB;CACNA1I;CHCHD2;SCML1;FGF9;STAMBPL1;GRM7;PRDX1;MCF2L;LIPG;ATOH8;HAS3;PTGDS;S100A10;EIF5A;VASP;CCDC34;DAPK1;USP44;CYP51A1;NOG;AXIN2;CBFA2T3;FOXP2;ETV6;BMP4;CLDN3;PLCB4;NAV3;BAMBI;CTH;ZNF219;TFEC;CHMP2B;CHI3L2;LHX5;EMID1;CPEB4"
"EZH2","EZH2 22144423 ChIP-Seq EOC Human","2/34","0.70263196992989374045635031507117673754692077636718750000000000","0.80866941661138680430553904443513602018356323242187500000000","0","0","0.8231458481192335","0.290506310179017401829","KCNQ1;GRIK4"
"PRDM16","PRDM16 22522345 ChIP-ChIP PALATE MESENCHYMAL Mouse","6/99","0.70725340672358683047349359185318462550640106201171875000000000","0.81274934867017978312730974721489474177360534667968750000000","0","0","0.8493169555734129","0.294174730622076940900","CACNB4;CAMK1D;STAMBPL1;CHN1;NPAS2;ITGA9"
"POU5F1","POU5F1 18555785 ChIP-Seq MESCs Mouse","26/403","0.71150078941603134285998066843603737652301788330078125000000000","0.81554819498239117248061802456504665315151214599609375000000","0","0","0.9068592057761732","0.308675604650399282303","SMARCD1;NOTCH1;IDUA;CITED2;NDUFB3;EBI3;POMP;PPM1H;AURKA;LIPE;SYNGR1;CHCHD2;RPS6KA1;DNER;GCNT2;HSF4;HORMAD2;ACAD11;ACTR2;HSP90AA1;KCNB1;FMNL3;STAG3;ID2;PSMC2;ABCG1"
"E4F1","E4F1 26484288 ChIP-Seq MOUSE EMBRYONIC FIBROBLAST Mouse","1/17","0.71184935164688178943492857797536998987197875976562500000000000","0.81554819498239117248061802456504665315151214599609375000000","0","0","0.8232712765957447","0.279820830121015773351","TMEM125"
"IGF1R","IGF1R 20145208 ChIP-Seq DFB Human","5/85","0.72485583419879806577057479444192722439765930175781250000000000","0.82919114366680690686450816428987309336662292480468750000000","0","0","0.8227684921763869","0.264752496806052117773","CNTNAP2;PRIM2;PTPRN2;PDE4B;IRS2"
"TCF21","TCF21 26020271 ChIP-Seq HCASMC Human CoronaryArtery","75/1129","0.72800583530893214767587551250471733510494232177734375000000000","0.83146179924438290420596331387059763073921203613281250000000","0","0","0.9339421252371916","0.296476392950214273636","NRP2;HSPB8;FHL2;SECTM1;LOXL4;ALDH1L2;HERC5;MRC2;LIPE;THBD;HMGN5;PLAU;PAPOLA;ANKRD1;BDKRB2;CCNL2;CHAC1;MB21D2;GPR39;S100A2;HEG1;CBFA2T3;IL17RC;DUSP6;FOXP1;TUBB2A;NUP210L;CLIP4;FAM20C;HNRNPH3;ARHGEF6;GRAMD1B;SMARCD1;SLC45A3;TUBAL3;MTFP1;SEMA3D;DNAH6;SEMA3B;PAPLN;GATA6;SNX33;PTGS2;PLD1;PRDM10;PPL;LTBP1;DEPP1;PPM1F;FBLN5;C3;TMEM25;DPP4;ADGRG6;STAT4;IL21R;HMOX1;ARSG;APBB3;S100A10;ZNF221;TMEM120B;AFAP1L2;GSN;ACBD4;PARP16;DHRS3;NFATC4;NR4A1;TFAP4;GNAL;LBX2;PDE10A;TCEA3;CPEB4"
"STAT4","STAT4 19710469 ChIP-ChIP TH1 Mouse","68/1027","0.72904332595997545229948855194379575550556182861328125000000000","0.83146179924438290420596331387059763073921203613281250000000","0","0","0.9308219268489064","0.294160315589497012301","TES;HFE;SERPINE1;SLC2A1;LFNG;LIPE;DBP;FTH1;TIMP2;MAP3K5;EIF5A;PSENEN;ACTR2;LAG3;KREMEN2;ETV6;MMP14;IFI27;IRF1;C1D;MVD;FSCN2;ST6GALNAC5;PTGER4;PRPS1;PCNA;CEBPD;SEMA3B;GABARAP;ZFP36L1;C3;SOCS3;POLD4;EBP;STAT4;GCNT3;KCNN4;TRPM6;AP1M2;IL12RB2;S100A10;XRCC6;RABGAP1L;GPR15;ACBD4;GALNT3;ABCA3;TNFRSF9;IRX3;LIF;SNF8;NR1D1;MERTK;PSMB9;CXCL10;KLF7;PSMC5;CXCL11;PER3;AXL;ST7;LCN2;RNF182;VIM;LTBR;IL18R1;CPEB4;BCL2L1"
"MYC","MYC 19829295 ChIP-Seq ESCs Human","105/1572","0.74218105439857895433419798791874200105667114257812500000000000","0.84516847069521428004179597337497398257255554199218750000000","0","0","0.9383621918031300","0.279784001278322091988","CTNND1;NR3C2;GRIP1;HTR7;RASSF6;MACROD1;CCNL2;LZTS1;SLC15A2;ARL14;WDR72;MYO7A;SYTL5;GRIP2;OXA1L;SLPI;SCNN1D;TMTC1;ARL17B;EFNB2;CACNA1I;C5;LDHA;ZNF704;ZBED2;RHPN1;HIVEP3;ST8SIA6;IQSEC1;SIAH1;CRIM1;LIF;SNF8;GRIN2C;ANKHD1;LRP1B;PAN2;GJB2;RCAN2;CSPG5;ANP32B;DDX3Y;CALCOCO1;KCNC3;SLC2A3;RYR3;LFNG;TRIM6;TIMP2;HORMAD2;DLGAP5;TIGD5;CAMK1D;TNNC1;TRPC1;PLA2G4C;DENND2A;BTN3A3;TMEM150C;EPN1;PSMA4;EHHADH;TRNP1;CKS2;MCM5;CHST2;HBEGF;CRB2;LAMA5;TUBAL3;TMPRSS4;SEMA3B;LIN9;CAMKK1;AURKA;DCST2;GLRA1;TMEM201;ABLIM2;TNKS2;DDT;ZNF747;NRIP1;PDLIM5;MBNL3;P4HTM;IL12RB2;TRIM40;TAF15;MACC1;LGI3;HAGHL;MBOAT1;PNMA2;MAPK15;SLC25A37;NUDT7;PER3;PDE10A;PSMC1;FAM131B;CTH;KCP;PIK3AP1;CDKN3"
"SPI1","SPI1 23547873 ChIP-Seq NB4 Human","184/2723","0.75448688880263892198030362123972736299037933349609375000000000","0.85788795338251855326916484045796096324920654296875000000000","0","0","0.9479503606814380","0.267054090329623017297","MAML2;ARL6IP1;CPOX;PRDM1;SLC4A3;ANTXR2;BACH1;BZW1;IFIT2;MILR1;DOCK11;CHCHD2;RINL;PLAU;RPS6KA1;PAPOLA;HOXA1;RTTN;KPNA2;SLC25A45;MB21D2;CDK5RAP3;TMPO;S100A2;LMO4;TMOD2;ACSL5;MITF;SYTL3;FOXP1;CPED1;OXA1L;RUFY4;HAT1;CSNK2B;S100A4;MZF1;ZNF675;CTXN1;ABCG1;CUL7;COX16;DHX9;INSIG1;SLC1A1;EBI3;DAPP1;LIN7A;CD99L2;PIK3R1;KRCC1;GABARAP;LDHB;CCNB1;NCKAP1L;ARSG;CHST14;PCK2;VASP;NGFR;NTNG2;YES1;ANKRD24;MCAM;CYP4F3;CYBRD1;ZBTB12;NR2F2;SNF8;LSM5;ANKHD1;GPR137C;NFATC4;PPFIBP1;NAT1;ATG16L2;CHMP2B;ID3;ANP32B;CD22;CPEB4;BCL2L1;DENND1C;CALCOCO1;CITED2;SLC44A2;DOCK8;BHLHE41;HMGB1;USE1;SIPA1L3;LFNG;MRC2;TRIM8;LYL1;KIAA1549;DBP;AIFM1;HEPH;ITGAX;BDKRB2;TIMP3;SPEG;CPXM1;ABCD1;CD33;EIF5A;ACTR2;HSP90AA1;CAMK1D;SYK;HMGCS1;TNNC1;TBC1D8;TMC8;TRPT1;GAB3;KREMEN2;CBFA2T3;DUSP6;EPN1;VAMP8;PSMA4;MMP16;OAS1;SDHAF1;C1D;TFEC;CKS2;MCM5;KIFC3;PPARA;ALDOA;PLCB2;RBMS3;PTGER4;PRPS1;PRIM2;CLDND1;ZNF350;ATL1;PELI2;PTAFR;POMP;PDXP;AOAH;APOLD1;FGD2;POLD4;STAMBPL1;PSMB3;MGAT5B;PCED1A;PCED1B;MAN1C1;IL21R;MBNL3;LEKR1;ZNF221;CA11;CD72;TAF15;GSN;GALNT3;MACC1;RFTN1;ZNF804A;MERTK;TMEM154;EEPD1;KLF7;CENPF;PSMC5;TFAP4;TRMT6;LNX1;PCYOX1L;SPRY2;CHPT1;SPRY1;PTPN7;LTBR;PIK3AP1;SLC25A34"
"PHF8","PHF8 20622854 ChIP-Seq HELA Human","105/1581","0.76253520532402963016949115626630373299121856689453125000000000","0.86573545867615397941818855542805977165699005126953125000000","0","0","0.9321502384242832","0.252712082433972029527","SLC27A1;CTNND1;ICAM5;HTR7;DHX58;CCNL2;SLC25A45;KCNH2;SRRM3;S100A2;HSPG2;EREG;DISP2;ACAP3;AZGP1;ADCY9;SLPI;RUFY4;PPP1R3E;TNIK;MZF1;RTN4R;IDI1;SHC2;SLC26A1;COL13A1;FICD;ALOX15;FUT3;ARL17B;WNT6;BLOC1S1;PRDX1;CASKIN1;ZNF426;HMOX1;NCKAP1L;AP1M2;ATP6V1C2;FDFT1;S100A10;FDPS;YES1;TNFRSF9;SYT7;DIAPH1;LIN28A;PPP1R1A;ATG16L2;CDK3;LCN2;RNF182;ID3;RCOR2;TMEM151A;DENND1C;SYNM;DDX46;ITGB4;HSPB8;KCNC4;GLI2;ZCWPW1;KIAA1549;AIFM1;SLC22A17;HNF4A;ITGAX;PBK;HORMAD2;RSPO1;FGFBP3;SH3D19;HSP90AA1;ZNF480;PLLP;GAA;PLEKHG5;HEG1;TMC8;MMEL1;KREMEN2;KRT32;SYNGR3;TOX2;PALLD;FJX1;ENG;PRIM2;NDUFB8;TUBAL3;TMPRSS4;PDXP;THBS4;DCST2;POLD4;TNKS2;ZNF747;MICALL2;P4HTM;HAGHL;ADAM32;FBXL16;SGSM2;RAMP1"
"SMAD2/3","SMAD2/3 21741376 ChIP-Seq ESCs Human","107/1612","0.76650926454782397634346580161945894360542297363281250000000000","0.86894068278319391840369689816725440323352813720703125000000","0","0","0.9314493610256200","0.247680296755797918484","RAB3A;NRBP2;PSMD1;CCNL2;TNS3;SAMD11;TGM2;SLC15A1;CCDC78;MYO7A;EBF4;FOXP2;FOXP1;OBSCN;THAP8;SCNN1D;FEZ2;ZFPM1;NOTCH1;SLC26A1;COL13A1;FICD;SLC1A1;CLCNKB;TACSTD2;GLIS2;ARL17B;CACNA1I;BLOC1S1;ARSJ;PRDX1;SFN;PRR22;FDFT1;VASP;NGFR;TMEM120B;FDPS;FOXF1;IQSEC1;TNFRSF9;SYT7;DIAPH1;GNAL;ATG16L2;NMU;RNF182;DEGS2;FKBP10;SYNM;ONECUT3;DOCK8;HSPB8;HMGB3;N4BP2L1;OPLAH;USE1;GLI2;TRIM8;ZCWPW1;SDR16C5;BCL7A;HNF4A;ITGAX;TIMP2;HORMAD2;MYBL2;SH3D19;KLF11;AMN;GPR35;ZNF480;GAA;TMC8;KREMEN2;TUBG2;SYNGR3;IL17RC;TOX2;VCAN;MRPL51;IRF1;FJX1;CRB2;PRPS1;PCNA;TMPRSS4;SEMA3B;POMP;PDXP;PPM1F;APOLD1;TNKS2;SPOCK2;P4HTM;MUC4;SLC12A5;TAF15;GSN;BMP8A;PNMA2;KAZALD1;FMNL3;FABP5;KRT16;SGSM2;TCEA3"
"ELF1","ELF1 20517297 ChIP-Seq JURKAT Human","53/821","0.77237514235746251856085109466221183538436889648437500000000000","0.87427770986489372617711524071637541055679321289062500000000","0","0","0.9056219701153656","0.233908490213234010469","GPSM1;SYNM;ZNF250;HSPB8;KCNC4;LYL1;JPH2;DBP;SLC22A17;HNF4A;TIMM17B;CPXM1;HORMAD2;CCNL2;SLC25A45;SRRM3;LAG3;CCDC154;KCND1;TMC8;KREMEN2;KRT32;SYNGR3;PPP1R3E;PLCB2;ZFPM1;CCDC40;ZNF595;ZNF550;IDI1;CUL7;TMPRSS4;HSD17B14;PDXP;LIN9;FBLN5;PSMB3;BLOC1S1;BLOC1S2;ROMO1;P4HTM;AP1M2;SLC10A4;TAF15;FOXF1;TFAP4;LIN28A;MYO15A;DLG4;SGSM2;RNF182;ID3;COL9A2"
"SOX9","SOX9 22984422 ChIP-ChIP TESTIS Rat","2/40","0.78401871933097511124799439130583778023719787597656250000000000","0.88612894175881162794894407852552831172943115234375000000000","0","0","0.6929513279294759","0.168610567873689304319","NCKAP1L;KAZALD1"
"MYCN","MYCN 18555785 ChIP-Seq MESCs Mouse","110/1668","0.79182336941550168774028861662372946739196777343750000000000000","0.89361232273348856214312263546162284910678863525390625000000","0","0","0.9242470736936828","0.215734914923398302111","ANKRD37;ARL6IP1;CTNND1;OGDHL;IRS2;ENO3;BZW1;FGFRL1;LIPE;GPR176;CDH1;FTH1;PAPOLA;NEK2;CCNL2;CHAC1;ACAD11;MAGI1;DEPDC1B;HAT1;ADPRH;SNRPG;CLOCK;ABCG1;RTN4R;GNAZ;IDI1;NOTCH1;DHX9;GABARAP;PLD3;SAV1;SOCS3;LDHB;CCNB1;LDHA;CHST12;HMOX1;PCK2;MAP2K6;ABCA1;YES1;XRCC4;ANKRD24;ABCA3;TMEM132A;PBX3;LIF;ZBTB12;NR1D1;CORO2B;STAG3;ANP32E;NF2;ANP32B;RCOR2;PAM;MIPEP;DHRS13;CITED2;MAST1;TNFAIP3;DBI;HOXC13;PITPNC1;GLI2;LFNG;TUBA1B;ATP7B;DBP;RASGEF1C;NUF2;CPXM1;EIF5A;ACTR2;HSP90AA1;TIGD5;TMC6;GLRX2;MRPL51;CKS2;TAX1BP3;MVD;MGLL;AGPAT5;WDR27;SMARCD1;PRIM2;CAMK2D;PCNA;IDUA;SLC20A1;NDUFB2;PPM1H;ZDHHC23;U2AF1;HMGCR;AURKA;CRYZ;PSMB3;APBB3;TAF15;TXNRD2;HSPE1;SORL1;FMNL3;PSMC5;PSAT1;PSMC1;PSMC2"
"TCF21","TCF21 23034159 ChIP-ChIP E13 GONADS Rat","1/22","0.80020069015603401130221072889980860054492950439453125000000000","0.90171868816090394727069678992847912013530731201171875000000","0","0","0.6270854441067207","0.139772780359491477498","BRSK1"
"CIITA","CIITA 18437201 ChIP-ChIP Raji B And iDC Human","2/42","0.80644084015407846433021177290356718003749847412109375000000000","0.90739617632835956051451375969918444752693176269531250000000","0","0","0.6582327892122073","0.141602156266407847029","TNFRSF9;ECSIT"
"XRN2","XRN2 22483619 ChIP-Seq HELA Human","84/1296","0.81247355460112136160688578456756658852100372314453125000000000","0.91282371089858116430804102492402307689189910888671875000000","0","0","0.9075708625873892","0.188476977662366929067","FKBP10;RAB3A;DOCK3;DDX46;ARL6IP1;CITED2;RND3;CCT6B;ZCWPW1;TUBA1B;CHCHD2;CCND1;BCL7A;FTH1;SEC61G;NUF2;NRTN;TK1;HMCN1;EIF5A;IK;TIGD5;HMGCS1;SERPINF1;TRPC1;NOG;NDUFC2;TUBG2;FOXP2;EPN1;NUP210L;FANCD2;DDIT4;HAT1;C1D;CKS2;JTB;HNRNPH3;CTXN1;PXT1;SMARCD1;IDI1;GIPR;ZNF391;INSIG1;RGS16;NDUFB2;PDXP;AGAP3;TXN;SAV1;ARL17B;AP3M2;TNKS2;CHST12;PRDX1;TRA2A;SFN;HNRNPA1;GTF2IRD2B;P4HTM;RPL17;POLR2L;FDPS;XRCC6;PTGES3;TMEM132A;CYP51A1;SNF8;MAPK15;ANKHD1;PAN2;SH3RF2;LIN28A;AXL;DLG4;FASN;ID2;CTH;HNRNPA2B1;TRMT6;TBCE;ID3;GRINA"
"HOXA2","HOXA2 22223247 ChIP-Seq E11.5 EMBRYO Mouse","1/23","0.81431194498420078620171125294291414320468902587890625000000000","0.91352974511600537610434002999681979417800903320312500000000","0","0","0.5985493230174082","0.122949070842589464059","HOXA1"
"EBNA2","EBNA2 21746931 ChIP-Seq IB4-LCL Human","73/1137","0.82067580239033377509372257918585091829299926757812500000000000","0.91832442374616118918595475406618788838386535644531250000000","0","0","0.8986346190588579","0.177594579687427006620","TMEM151A;DENND1C;FKBP10;RAB3A;DOCK8;KCNC4;RASGRF1;RORC;TNFAIP3;KRT23;HOXC13;ICAM5;SHD;FGFRL1;MILR1;TRIM8;SIX4;MAP3K5;ADAMTS7;TMED4;MYO7A;MMEL1;NAV2;EBF4;KREMEN2;SYNGR3;GRIP2;ETV6;TOX2;RTN4RL1;PPP1R3E;TAX1BP3;CLOCK;SCG2;CD44;CCDC40;AGPAT5;FBN3;SHC2;SLC45A3;PCNA;NOTCH1;COX16;ZNF391;INSIG1;SEMA3B;POMP;TACSTD2;ZDHHC23;LTBP2;AKAP5;CRIP1;DCST2;C3;RDH12;ARSJ;PRDX1;ZNF747;REPS2;HOXC4;HIVEP3;ROMO1;P4HTM;S100A10;CA11;TAF15;ANKRD24;FOXF1;TMEM132A;EEPD1;LCN2;KCP;TMEM229B"
"YY1","YY1 22570637 ChIP-Seq MALME-3M Human","53/839","0.82101852454126988956062405122793279588222503662109375000000000","0.91832442374616118918595475406618788838386535644531250000000","0","0","0.8839887650976027","0.174331076423912073592","DENND1C;GAL3ST1;ITGB4;KCNC4;SLC2A3;HNF4A;MCF2L;PSMD1;DLGAP1;HORMAD2;CCNL2;HLA-DOA;DENND2C;SRRM3;KCND1;DAPK1;TNFRSF19;SYNGR3;AZGP1;ADCY9;TUBB2A;MMP16;OAS1;RNF207;CSNK2B;CLIP4;KCTD12;SCG2;MGLL;CCDC40;IDI1;NDUFB8;CUL7;GPR87;TMPRSS4;SEMA3B;LIN9;PPL;AURKA;SYNGR1;HLA-DMB;BLOC1S2;MAN1C1;HIVEP3;ROMO1;PCDH1;FDPS;XRCC6;KCNB1;FOXF1;DES;DLG4;LCN2"
"TAL1","TAL1 26923725 Chip-Seq MACROPHAGESS Mouse","2/44","0.82676566103699511423030799051048234105110168457031250000000000","0.92338472497475043709869169106241315603256225585937500000000","0","0","0.6268207779918212","0.119242614106102637339","TRIML2;IL20RB"
"EKLF","EKLF 21900194 ChIP-Seq ERYTHROCYTE Mouse","67/1055","0.83628839495164131179194555443245917558670043945312500000000000","0.93264067679245077346905645754304714500904083251953125000000","0","0","0.8880878578658183","0.158773906132558040305","DDX46;NUDT1;SLC2A1;HMGB3;DBI;ECSIT;BZW1;GALNT10;GCSH;CHCHD2;AIFM1;TK1;KPNA2;EIF5A;LMO4;ACSL5;MMEL1;ANK1;ZDHHC14;OXA1L;DEPDC1B;PSMA4;PSMA1;SPATA13;ADPRH;SNRPG;MCM5;SNRPF;MNS1;ALDOA;TRIM10;CD44;MGLL;AGPAT5;PRIM2;NDUFB3;GCNT1;CRIP1;PLD3;LDHA;SH3TC2;PSMB3;OXCT1;TRA2A;HMOX1;ST3GAL6;MAP4K5;VASP;CMTM7;NQO1;ACBD4;TXNRD2;PTGES3;PARP16;LSM5;SLC25A37;CENPF;PSMC5;PSAT1;PSMC2;PIR;PTPN7;VIM;GRINA;NUP37;CPEB4;BCL2L1"
"CREB1","CREB1 20920259 ChIP-Seq GC1-SPG Mouse","161/2451","0.85237812686345770796236820388003252446651458740234375000000000","0.94683601783649762317907061515143141150474548339843750000000","0","0","0.9167297816593888","0.146424700801927043514","SLC27A1;EHF;BZW1;PLB1;GALNT10;CCT6B;ZFYVE28;LIPE;SALL4;FTH1;PAPOLA;CCNL2;CHAC1;KPNA2;PRKACB;CDK5RAP3;IL15RA;IK;LMO4;MAPK8IP2;HSPG2;EREG;FRMD5;OLFM2;CACNB3;FANCD2;DDIT4;SNRPG;SCG2;ABCG1;EPHA2;IDI1;COL13A1;FICD;INSIG1;CLCNKB;AGAP3;PIK3R1;LTBP1;SAV1;C3;SOCS3;CACNA1I;SDCBP;LDHA;SCUBE1;TMEM125;CHST12;NPHP1;RHPN1;GAR1;FADD;FDFT1;RTBDN;TMEM120B;XRCC6;AFAP1L2;EGR3;ACBD4;IQSEC1;SRD5A3;SNF8;L1CAM;BMP7;ANKHD1;SYT7;HNRNPM;NR4A1;CXCL11;ATG16L2;FMC1;DLG4;CDK3;BCL2;SPIRE2;ANP32E;COL9A3;AMOTL2;ITM2C;ARHGAP11A;CNTNAP2;CALCOCO1;ONECUT3;DOCK8;SLC2A1;HMGB1;GLI2;LFNG;ZCWPW1;TUBA1B;ADAMTS2;DBP;SEC61G;TMEM107;PMEPA1;TIMP3;CCIN;GALNT9;TMED4;EIF5A;ZHX2;SYK;CCDC34;GAA;TESC;PLEKHG5;IZUMO1;TEX14;NAV2;KCNAB3;EPN1;DUSP7;PARD3B;ARL4C;TOX2;TUBB2A;PSMA1;VGF;IRF1;C1D;TAX1BP3;MCM5;RBMS3;PCNA;CLDND1;LAMA3;GCNT1;SEMA3B;NDUFB2;U2AF1;HMGCR;CAMKK1;THSD4;TTN;PSMB6;GLRA1;POLD4;ABLIM2;TNKS2;OXCT1;SPOCK2;TRA2A;NRIP1;MPZL3;HNRNPA3;SLC12A5;BRF1;TXNRD2;PLEKHA6;HSPE1;FMNL3;CENPE;MAPK11;KLF7;PDE10A;PIK3IP1;HNRNPA2B1;TRMT6;KCP;PIK3AP1;CDKN3"
"RUNX2","RUNX2 22187159 ChIP-Seq C42B Human ProstateCancer","6/119","0.85277945977326941040530527970986440777778625488281250000000000","0.94683601783649762317907061515143141150474548339843750000000","0","0","0.6982395364217554","0.111197656629577437681","SLC25A37;NUDT7;PPFIBP2;MCF2L;RASGRF1;CYP51A1"
"ARID1A","ARID1A 32646524 ChIP-Seq H9 Human BoneMarrow Lymphoma","6/119","0.85277945977326941040530527970986440777778625488281250000000000","0.94683601783649762317907061515143141150474548339843750000000","0","0","0.6982395364217554","0.111197656629577437681","SLC25A37;NUDT7;PPFIBP2;MCF2L;RASGRF1;CYP51A1"
"GATA3","GATA3 30127528 ChIP-Seq KELLY Human Brain Neuroblastoma","81/1277","0.86132455209343750102135572888073511421680450439453125000000000","0.95491929050006640888881292994483374059200286865234375000000","0","0","0.8856797093067116","0.132217719152483537126","ARHGAP11A;CALCOCO1;DUSP18;TSPAN12;ABCA12;SHD;CLGN;RGS4;LFNG;TUBA1B;MCF2L;NUF2;TIMP2;PDE4B;PMEPA1;MAN2C1;KPNA2;PPFIA4;LZTS1;CDK5RAP3;SAMD11;TGM2;SH3D19;TMED4;KCNH2;SRRM3;KCND1;ADGRV1;MMP7;RASA4B;LMO4;GAA;SERPINF1;PDE4D;TNFRSF19;DUSP6;KIAA1217;ACAP3;VSNL1;FANCD2;RNF207;SDHAF1;HAT1;FKBP9;CHST2;TRIM55;ENG;PRKN;ZNF595;COX16;DHX9;FGL1;CHRNA9;CACNA1D;AGAP3;INAVA;AP3M2;SYNGR1;STAMBPL1;PSMB3;TRA2A;LRIG1;FAM43A;GTF2IRD2B;ZNF783;SLC10A4;RABGAP1L;COL24A1;ALYREF;H2BC4;PBX3;PLEKHA6;L1CAM;ADGRD1;DIAPH1;FRAS1;ID2;ZNF219;TBCE;ID3;PRRT4"
"ZFP42","ZFP42 18358816 ChIP-ChIP MESCs Mouse","63/1013","0.87167724618513398038288642055704258382320404052734375000000000","0.96450585016688095141290659739752300083637237548828125000000","0","0","0.8677627674527565","0.119175114385536143335","DDX3Y;ANKRD37;DOCK4;DBI;PRDM1;CCT6B;IFIT2;TRIM8;ZCWPW1;GPR176;PSMD1;NEK2;NRTN;HOXA1;OIP5;TK1;PSENEN;IK;CNTD1;MSX2;GAA;COMMD4;OXA1L;BCAM;MRPL51;TUBB2A;LACTB2;PARD3;ADPRH;MCM5;ZMYND10;BRSK1;NDUFB8;CUL7;NOTCH1;TUBAL3;IDUA;SLC20A1;INSIG1;SLC5A11;U2AF1;AKAP3;DLL1;ACAT2;AURKA;SOCS3;SCUBE1;NPHP1;GCNT2;SNCG;WASF3;PBX3;DONSON;PCDHB14;CORO2B;MAPK15;PBX1;PSMC5;LCN2;SPRY2;ANP32B;FOLR1;CPEB4"
"MYC","MYC 18940864 ChIP-ChIP HL60 Human","35/587","0.87252648432315194071406949660740792751312255859375000000000000","0.96450585016688095141290659739752300083637237548828125000000","0","0","0.8311412516852039","0.113336308469543206590","FHOD3;SH3GL3;ARL6IP1;OTUD7A;CXCR4;TNFAIP3;PRDM1;ECSIT;THBS4;PSMB3;SOX9;MAN2C1;HNRNPA1;IL12RB2;CCDC38;VASP;EOMES;XRCC6;NBPF10;ZBTB12;NR2F2;KREMEN2;TTLL7;FMNL3;PLCB4;OAS1;BANK1;IRF1;RAB13;PCYOX1L;CLDN18;TRIM15;NAT8L;ZNF675;CD44"
"E2F1","E2F1 17053090 ChIP-ChIP MCF-7 Human","87/1380","0.88278601671990775123788353084819391369819641113281250000000000","0.97442023775369923654920967237558215856552124023437500000000","0","0","0.8789788379444978","0.109584440317353676297","ARHGAP11A;MIPEP;FHOD3;COL18A1;CALCOCO1;MAML2;CETN2;FHL1;HOXC13;SPATA20;GRPR;GLDN;SERPINA5;SGSH;DOCK11;TRIM6;SCML1;HEPHL1;HEPH;SLC22A17;HNF4A;TMEM107;PAPOLA;TIMM17B;HORMAD2;RTTN;CCNL2;TK1;TMPO;TGM2;PRKCG;RNF43;CCDC34;TNFRSF19;CASK;NAV2;KCNAB3;EPN3;CACNB3;MRPL51;PLCB4;NAV3;IL1RAPL1;SPATA13;SNRPF;MNS1;PPARA;ALDOA;ABCG1;PRPS1;PCNA;NFIX;GIPR;PELI2;PRDM10;AKAP3;ADAMTS10;SAV1;ZFP36L1;C3;FGD6;ZMAT1;BLOC1S1;DDT;MAP6;MBNL3;RPL17;APOL3;ZNF585A;MAP2K6;NQO1;YES1;SYT13;NR1D1;L1CAM;ELL3;KLF8;FMNL3;BMP2;MAP3K15;PSMC6;CNTN1;BCL2;PIR;ITGBL1;LHX5;MAP3K12"
"CCND1","CCND1 20090754 ChIP-ChIP RETINA Mouse","93/1472","0.88618513540785559534640469792066141963005065917968750000000000","0.97674420034004516555370400965330190956592559814453125000000","0","0","0.8806110737586670","0.106403702183365575507","FKBP10;SLC27A1;CNTNAP1;CALCOCO1;IRS1;CITED2;COL12A1;DBI;ICAM5;ENO3;PITPNC1;CCT6B;IFIT2;LIPE;GRIP1;ZCWPW1;NEK2;NRTN;HOXA1;RTTN;TK1;ACAD11;SPA17;DACT1;EIF5A;PSENEN;PIAS3;EIF5B;ITGA3;LMO4;NOG;ACSL5;AXIN2;IL17RC;DUSP6;DUSP7;MRPL51;PSMA1;KIFC2;B3GNT5;DDIT4;CSNK2B;CKS2;MVD;FSCN2;ALDOA;CCDC40;IDI1;PCNA;SMARCD3;COL13A1;NXPH3;INSIG1;CXCR4;GABARAP;ACAT2;ZFP36L1;PSMB6;BCL2L12;AP3M2;SOCS3;SYNGR1;PSMB3;DDT;LRIG1;APBB3;FDFT1;VASP;XRCC6;ACBD4;SYT1;WNT7B;HAGHL;NR2F2;FBXL13;KAZALD1;NFATC4;SLC25A37;KLF7;PSMC5;SBK1;BAMBI;FASN;ID2;RPA3;TBCE;LCN2;ANP32E;ID3;SPRY2;VIM;MAP3K12;ITM2C"
"CIITA","CIITA 25753668 ChIP-Seq RAJI Human","22/392","0.89305468000733589928330502516473643481731414794921875000000000","0.98288087959991055075903432225459255278110504150390625000000","0","0","0.7799077695405989","0.088213393218148944408","ZNF595;ACTR2;SRRM3;INSIG1;COL12A1;TEX14;CD99L2;PARP16;USE1;PSMB9;PSMC5;HLA-DMB;ZNF747;ZNF615;HNRNPA2B1;BCL2;HLA-DRA;DLGAP1;MCM5;HLA-DOA;CPEB4;ZNF585A"
"TAL1","TAL1 20887958 ChIP-Seq HPC-7 Mouse","100/1584","0.89623025250192567270346444274764508008956909179687500000000000","0.98494008826630841113569658773485571146011352539062500000000","0","0","0.8791975837871956","0.096323059236021538188","ANKRD37;NUDT1;BZW1;NRBP2;PSMD2;MPZ;FTH1;PALM;NEK2;HOMER3;CCNL2;SLC25A45;PTGDS;MAP3K5;KIRREL2;CCDC78;ACAP3;DEPDC1B;OBSCN;DDIT4;CSNK2B;SNRPG;JTB;TNIK;ZFPM1;CUL7;INSIG1;KRCC1;SDCBP;LDHA;SCUBE1;BLOC1S1;CHST12;PRDX1;FAM43A;FADD;VASP;XRCC6;PARP16;PBX1;ANKHD1;ABHD15;RCOR2;DOCK3;CITED2;DOCK8;SLC2A1;LFNG;TRIM8;LYL1;ZCWPW1;TMEM107;SLC18A2;EIF5B;DENND2C;TMC8;CBFA2T3;DUSP6;EPN1;ETV6;VAMP8;TOX2;PALLD;SDHAF1;C1D;CKS2;TAX1BP3;HNRNPH3;AGPAT5;SMARCD1;PCNA;NFIX;SLC20A1;PTAFR;NDUFB3;GCNT1;POMP;NDUFB2;CXCR4;U2AF1;LIN9;AKAP3;TYMP;PSMB3;MICALL2;STAT4;ROMO1;RPL17;APBB3;CMTM7;PTGES3;BMP8A;HSPE1;DHRS3;PSMC6;PDE10A;HNRNPA2B1;PTPN7;VIM;NUP37"
"BMI1","BMI1 19503595 ChIP-Seq MEFsC Mouse","30/521","0.89868318617159703709518225878127850592136383056640625000000000","0.98620029877842396714981987315695732831954956054687500000000","0","0","0.8007126097414577","0.085535895170364237283","SERPINE2;FBLIM1;DHX9;FRMPD1;RORC;AOAH;ALDH1L2;SIPA1L3;LFNG;FGF9;DDT;MICALL2;CHAC1;EPS8L3;PROM2;ITGA3;MEIG1;GLMN;KRT8;PLEKHA6;WDR72;WNT16;CORO2B;KAZALD1;ACAP3;BST1;MMP14;VCAN;PI15;MCM5"
"VDR","VDR 20736230 ChIP-Seq LYMPHOBLASTOID Human","21/381","0.90503331314988755273986953397979959845542907714843750000000000","0.99172736056337462695609019647235982120037078857421875000000","0","0","0.7650059952038369","0.076334995497301716405","DENND1C;CAMK2D;DMRT1;S100A2;FOXF1;CITED2;HEG1;TRPC1;NOG;RASGRF1;SEMA3B;TNFAIP3;PDXP;DCST2;FRAS1;SLCO3A1;ATG16L2;IRF1;PBK;EPS8L3;SCG2"
"NANOG","NANOG 20526341 ChIP-Seq ESCs Human","99/1579","0.90836986843632805399550989022827707231044769287109375000000000","0.99394094299917057355742144864052534103393554687500000000000","0","0","0.8722967823005933","0.083830895267752503219","PRDM1;ANTXR2;FGF2;HTR7;GRB14;DHX58;CCNL2;HMCN1;PRKACB;MAP3K5;RNF43;SRRM3;LAG3;SLC15A1;DAPK1;ANXA10;MYO7A;VASH1;CYP2U1;PPP1R3E;ZFPM1;GNAZ;SHC2;COL13A1;EBI3;TACSTD2;TRANK1;HIGD1A;GLIS2;SAV1;SYNGR1;TMEM125;BLOC1S1;GAR1;ZNF426;HIVEP3;FAM83B;BCL2L15;FDFT1;S100A10;VASP;ACBD7;GSTM2;ARHGEF35;FOXF1;TNFRSF9;NMI;GP6;LSM5;BMP7;ABHD15;PPP1R1A;ITGA10;RCAN2;CHMP2B;PRRT4;FANK1;RET;TTC22;KCNC3;HSPB8;KCNC4;SLC2A3;HOXC13;SHD;ANKRD1;HORMAD2;CCR3;DACT1;AMN;TESC;IZUMO1;TNFRSF19;NAV2;KREMEN2;SYNGR3;EPN3;MDFIC;HKDC1;CD44;TUBAL3;THBS4;AURKA;DCST2;GPR153;STAMBPL1;PSMB3;CCL5;SPOCK2;MAN1C1;GCNT2;EPS8L3;ZNF467;CMTM7;RFTN1;PCDHB14;MERTK;KRT16;CDKN3"
"POU2F1","POU2F1 27270436 ChIP-Seq LNCaP Human Prostate Carcinoma","28/498","0.91562124737195382806476118275895714759826660156250000000000000","0.99900389728731919802839911426417529582977294921875000000000","0","0","0.7804987615575145","0.068802905541228670527","CFAP61;SH3GL3;COX16;ATL1;GCNT1;CTNND1;ZDHHC23;PRDM10;APOLD1;FGD2;CCND1;GCNT3;FAM43A;MAP4K5;ATP6V1C2;GPR37;ACBD4;DNASE2B;MPP7;ANKHD1;DIAPH1;PPFIBP1;H2BC14;ELF3;FMC1;LNX1;STEAP1;SMPDL3A"
"SALL1","SALL1 21062744 ChIP-ChIP HESCs Human","3/77","0.91564330718254960395086072821868583559989929199218750000000000","0.99900389728731919802839911426417529582977294921875000000000","0","0","0.5331023495085995","0.046981453251588686792","ACBD4;YES1;FGF2"
"SOX17","SOX17 20123909 ChIP-Seq XEN Mouse","84/1363","0.91937164034219920338841802731622010469436645507812500000000000","0.99999332218516157055887561000417917966842651367187500000000","0","0","0.8567120719429802","0.072019364896785953434","ARHGAP11A;CNTNAP2;NRP2;EHF;IRS1;CITED2;FHL2;SLC2A1;KRT23;SIX1;PRDM1;OPLAH;MMP20;CCT6B;RGS4;LFNG;ZCWPW1;TRIM6;ATP7B;SALL4;FTH1;LIPG;PSMD1;MYBL2;OIP5;TNS4;DACT1;TMED4;DENND2C;MMP7;CAMK1D;MSX2;DAPK1;DENND2A;NPY1R;CASK;MITF;ANXA10;OVOL1;ARL4C;KIFC3;CDH15;SKAP2;PRPS1;IDUA;SLC20A1;LAMA4;GCNT1;GATA6;PRICKLE1;PPL;ADAMTS10;EFNB2;SH3TC2;PSMB3;GCNT2;ST3GAL6;TNFSF18;SYT3;XRCC4;GALNT3;BRF1;DMRT1;TNFRSF9;MCAM;PTGES3;PLEKHA6;AMMECR1;PARP16;SNF8;FBXL13;POU2F3;TMEM154;MSRA;KLF7;ST7;TBCE;NOSTRIN;SP5;VIM;FOLR1;LIMS2;CPEB4;BCL2L1"
"RBPJ","RBPJ 21746931 ChIP-Seq IB4-LCL Human","94/1523","0.92884658781765938595498255381244234740734100341796875000000000","0.99999332218516157055887561000417917966842651367187500000000","0","0","0.8570913919446034","0.063263364730112833789","DENND1C;FKBP10;DOCK8;KCNC4;RASGRF1;RORC;LRRC3;KRT23;HOXC13;ICAM5;ENO2;FGFRL1;FAM107B;SGSH;RGS4;MILR1;TRIM8;SIX4;CPXM1;HORMAD2;RSPO1;MAP3K5;TGM2;ADAMTS7;TMED4;SRRM3;KCTD19;CAMK1D;AMT;MYO7A;NAV2;EBF4;KREMEN2;SYNGR3;GRIP2;ZDHHC14;ETV6;TOX2;AZGP1;ADCY9;RTN4RL1;IRF1;CHI3L2;RIN1;SCG2;CD44;CCDC40;PXT1;AGPAT5;RTN4R;PRPS1;FBN3;LAMA5;SHC2;SLC45A3;PCNA;NOTCH1;COX16;TMPRSS4;SEMA3B;POMP;TACSTD2;ZDHHC23;LTBP2;SNX33;AKAP5;CRIP1;PLD3;SAV1;C3;RDH12;STAMBPL1;BLOC1S1;ARSJ;PRDX1;HOXC4;SNCG;HIVEP3;ROMO1;P4HTM;S100A10;TAF15;F10;FOXF1;TMEM132A;LIF;MAPK15;EEPD1;EFNA2;LIN28A;PPP1R1A;CDK3;RNF182;KCP"
"ERG","ERG 20517297 ChIP-Seq VCAP Human","50/853","0.93083136367173202607716575585072860121726989746093750000000000","0.99999332218516157055887561000417917966842651367187500000000","0","0","0.8137193093862747","0.058325083217217160714","DHRS13;SPARC;HFE;IRS2;SLC2A3;TRIM8;EFEMP2;DBP;SLC22A17;HNF4A;RASSF6;MACROD1;HMGN2;DLGAP5;PRKG1;PIAS3;MMP7;TEX14;VASH1;KRT32;OVOL1;PSMA4;PLCB4;MDFIC;CHDH;S100A4;PPARA;CRB2;PTGER4;LAMA5;IDI1;NDUFB8;INSIG1;SEMA3B;TXN;POU5F1B;SOCS3;SDCBP;CMTM7;DNASE2B;KAZALD1;GRHL2;CXCL10;PSMC6;KRT18;LIN28A;FABP5;ATG16L2;ST7;CPEB4"
"BCOR","BCOR 27268052 Chip-Seq Bcells Human","97/1573","0.93332151804410801165801103707053698599338531494140625000000000","0.99999332218516157055887561000417917966842651367187500000000","0","0","0.8558864717262089","0.059060900290744317020","SLC27A1;RAB3A;ICAM5;PRDM1;DHX58;PRKACB;TNS3;SAMD11;TMPO;TGM2;KCNH2;SRRM3;LAG3;NHLRC3;ANK1;DISP2;AZGP1;SCNN1D;ZFPM1;ABCG1;PXT1;RTN4R;SHC2;NOTCH1;INSIG1;FUT3;SOCS3;CACNA1I;SYNGR1;EBP;ARSJ;PRDX1;CASKIN1;SFN;ATP6V1C2;FDFT1;NTNG2;IQSEC1;GP6;SYT7;DIAPH1;GJB2;LIN28A;PPP1R1A;ATG16L2;NMU;LCN2;RNF182;ID3;CNTNAP1;SERPINA1;DDX46;KCNC3;HSPB8;KCNC4;OPLAH;SERPINA5;LFNG;TRIM8;ZCWPW1;HNF4A;HORMAD2;RSPO1;FGFBP3;DLGAP5;SH3D19;KLF11;AMN;ZNF480;PLLP;GAA;TNFRSF19;TMC8;BTN3A3;KREMEN2;IL17RC;ETV6;IRF1;FJX1;ENG;LAMA5;PRIM2;SEMA3B;CCL5;ZNF747;SNCG;P4HTM;CMTM7;CGREF1;HAGHL;MERTK;EEPD1;TFAP4;FABP5;SGSM2;TCEA3;MAMLD1"
"TFEB","TFEB 21752829 ChIP-Seq HELA Human","38/668","0.93414324130411718893896022564149461686611175537109375000000000","0.99999332218516157055887561000417917966842651367187500000000","0","0","0.7889594099353749","0.053748245785722348344","INSIG1;PDGFB;PPM1H;TNFAIP3;OGDHL;HOXC13;HMGCR;GABARAP;CAMKK1;EFEMP2;CCNB1;TNKS2;BLOC1S1;MGAT5B;ZNF84;HMOX1;HNRNPA3;RABGAP1L;GAA;NR1D1;TMC6;COMMD4;ANKHD1;DUSP7;BMP4;HNRNPM;EEPD1;PPFIBP1;THAP8;ELF3;LACTB2;CTH;DDIT4;ST7;TBCE;SARM1;SKAP2;CPEB4"
"PRDM5","PRDM5 23873026 ChIP-Seq MEFs Mouse","51/873","0.93618067031436680291989205215941183269023895263671875000000000","0.99999332218516157055887561000417917966842651367187500000000","0","0","0.8105383211678832","0.053452406362738402734","GPSM1;TES;MAST4;CITED2;HFE;COL12A1;HMGB3;TNFAIP3;KIAA1549;CHCHD2;SCML1;AIFM1;HEPH;CA2;PBK;HOXA1;TNS3;DAPK1;CASK;ESCO2;LACTB2;TMEM139;CSNK2B;TFEC;CKS2;SKAP2;SAMD5;CUL7;NOTCH1;SLC1A1;CD99L2;KLHL13;TXN;EBP;TRA2A;GCNT2;MAL2;MBNL3;FDFT1;GSN;XRCC4;CYP51A1;PBX3;GRHL2;NAT1;FAM131B;PSMC2;ST7;ANP32B;SNTB1;GRINA"
"FLI1","FLI1 20887958 ChIP-Seq HPC-7 Mouse","94/1534","0.93894849517473644162635082466294988989830017089843750000000000","0.99999332218516157055887561000417917966842651367187500000000","0","0","0.8499989454146629","0.053545387764520009644","GPSM1;TES;DDX46;ARL6IP1;CITED2;SERPINE1;DUSP19;DBI;ICAM5;BACH1;PCSK4;IFIT2;TRIM8;LYL1;DBP;PSMD2;MPZ;FTH1;PSMD1;TIMM17B;RTTN;ACAD11;PTGDS;SLC18A2;TGM2;DENND2D;RALGAPA1;ANO8;KRT8;TMC8;CASK;GLRX2;DUSP6;EPN1;CYP27A1;DEPDC1B;FNDC4;TUBB2A;OBSCN;KIFC2;PALLD;IRF1;C1D;CSNK2B;CKS2;SNRPG;S100A4;TNIK;ZFPM1;AGPAT5;CUL7;PCNA;INSIG1;PTAFR;NDUFB3;EBI3;POMP;PTGS2;HIGD1A;KRCC1;ADAMTS10;TYMP;WNT6;POLD4;LDHA;ABLIM2;SCUBE1;TNKS2;PSMB3;PRDX1;NCKAP1L;APBB3;S100A10;ACBD7;CMTM7;F10;ANKRD24;BMP8A;PARP16;ANKHD1;TMEM154;PER3;PDE10A;PIK3IP1;FMC1;PSAT1;AXL;DLG4;PSMC2;RIMBP3;ID3;LHX5;PTPN7;ITM2C"
"RUNX2","RUNX2 24655370 ChIP-Seq MC3T3E1 Mouse Bone","286/4374","0.93941554804590154947874225399573333561420440673828125000000000","0.99999332218516157055887561000417917966842651367187500000000","0","0","0.9017799521635138","0.056358861339951271674","TES;SPARC;ARL6IP1;SERPINE1;NUDT1;MSANTD4;H2AC15;ANTXR2;TXNDC17;CCT6B;GCSH;MILR1;LIPE;HERC3;GPR176;ADGRA2;RPS6KA1;PXDC1;CCNL2;CHAC1;H4C1;SOX9;CCDC92;PRKACB;SCN1B;IL15RA;SRRM3;NHLRC3;SERPINF1;ACSL5;INSYN1;MYO7A;P3H3;EREG;CPED1;FNDC4;IFI27;CYP2U1;PARD3;JTB;MAML3;PLPP3;CLOCK;ZFPM1;SKAP2;EPHA2;FICD;PPP1R35;ENDOD1;TWIST1;CD99L2;AGAP3;PRDM10;GABARAP;LDHA;CHST12;ARSJ;PRDX1;PDGFC;GAR1;HMOX1;CHST14;FADD;KCNN4;DECR1;S100A10;RTBDN;VASP;ABCA2;AFAP1L2;YES1;H4C9;IQSEC1;PBX3;PARP16;NR1D1;NMI;CCDC9B;FHDC1;DCLK1;PPFIBP1;FASN;ID2;NOSTRIN;ANP32E;ID3;ANP32B;DHRS13;FKBP10;SYNM;BHLHE41;ECSIT;SIPA1L2;PRSS23;SIPA1L3;LFNG;MRC2;TRIM8;JPH2;TIMP2;ELOA;TK1;LRRCC1;SYK;GAA;PGGHG;ANO8;TMC6;F3;IL17RC;MTSS2;VAMP8;MRPL51;PLCB4;TUBB2A;MMP16;PSMA1;MDFIC;OAF;SDHAF1;CKS2;FAM20C;EEF1E1;ALDOA;CD44;PCNA;NFIX;IDUA;SLC20A1;SNX33;CAMKK1;PSMB6;GLRA1;PSMB3;MICALL2;GCNT2;CGREF1;NQO1;TIGAR;GSN;BRF1;DHRS3;TARBP1;PSMC5;NUDT7;FABP5;SLCO3A1;PSMC1;PSMC2;FKBP1B;SARM1;SPC25;ANKRD37;RAB3A;CSF1;CTNND1;MSMO1;IRS2;SSC4D;PLB1;GALNT10;FAM107B;CHCHD2;CCND1;GRB14;PAPOLA;KPNA2;LARGE1;MAGI1;PIAS3;MITF;MOB3B;FOXP1;GPRIN3;DISP2;ACAP3;FRMD5;FANCD2;HAT1;SNRPG;S100A4;GEMIN7;FKBP9;STEAP1;IDI1;NOTCH1;MINDY1;FBLIM1;INSIG1;HIGD1A;PLD1;KRCC1;GLIS1;PLD3;FBLN5;SOCS3;SDCBP;NPHP1;ENKD1;TMEM120B;FDPS;ACBD4;ALYREF;SRD5A3;GLMN;LSM5;ABHD15;SEM1;ATG16L2;FMC1;TBCE;SPIRE2;BCL2L1;ARHGAP11A;OSCP1;GPSM1;DDX46;DYSF;TNFAIP2;SLC2A1;HMGB1;RND3;USE1;PITPNC1;THBD;BCL7A;SCRN2;TMEM107;PDE4B;PMEPA1;MYBL2;MAN2C1;ABCD1;ARMH1;EIF5A;KLF11;HSP90AA1;CCDC34;ITGA3;NDUFC2;NAV2;TENT5B;KCNAB3;EPN1;ETV6;H2BC13;H2BC14;VGF;PALLD;IRF1;TRNP1;MVD;MCM5;ITGA9;AGPAT5;CAMK2D;SMARCD3;POMP;NDUFB2;PRR5L;AURKA;CRYZ;AP3M2;TMEM201;PCED1A;ATOH8;TRA2A;MAN1C1;KLRG2;LRIG1;PDLIM5;TRIM44;CMTM7;HNRNPA3;TAF15;IRX3;MBOAT1;MERTK;MEIS3;SBK1;FAM131B;SIMC1;ST7;VIM;LTBR;EIF3C"
"RUNX1","RUNX1 22343733 ChIP-Seq Kasumi1 Human PeriphBlood AML","21/399","0.93967338469420358393335845903493463993072509765625000000000000","0.99999332218516157055887561000417917966842651367187500000000","0","0","0.7278577138289368","0.045289437531272958015","VASP;GSN;IQSEC1;AHNAK2;MYO7A;ENO2;HSPG2;FGD2;TMEM154;FAM107B;ZCWPW1;CACNB2;MSRA;SH3RF2;ARSJ;ZNF615;KCP;FKBP9;SMPDL3A;MUC4;ADAMTS7"
"FOXI1","FOXI1 33610681 ChIP-Seq GES1 Human Gastric Carcinoma","10/216","0.94495744737859543871394407688057981431484222412109375000000000","0.99999332218516157055887561000417917966842651367187500000000","0","0","0.6369583445943605","0.036061639826108431162","C3;EIF5B;CCDC154;DHX9;RFTN1;CLIP4;CLCNKB;MCM5;ADCY5;FAM107B"
"IRF8","IRF8 21731497 ChIP-ChIP J774 Mouse","10/219","0.95052095197041264196258225638302974402904510498046875000000000","0.99999332218516157055887561000417917966842651367187500000000","0","0","0.6277129459818517","0.031853340015463811608","KLF7;ADAMTS2;STAMBPL1;IRX3;DENND2A;HMOX1;DAPP1;HOXA1;ABCD1;IL18R1"
"TDRD3","TDRD3 21172665 ChIP-Seq MCF-7 Human","26/493","0.95563097772921679062818611782859079539775848388671875000000000","0.99999332218516157055887561000417917966842651367187500000000","0","0","0.7284719269629480","0.033060567095480331012","SYNM;ALOX15;HMGCR;SIPA1L3;CPLX1;GLIS2;LFNG;PSMB3;CASKIN1;TIMP2;MICALL2;ZNF469;SOX9;EPS8L3;P4HTM;SRRM3;ST6GAL1;NOG;TEX14;LSM5;MERTK;DEPDC1B;CENPF;AZGP1;LTBR;ZFPM1"
"ELF1","ELF1 17652178 ChIP-ChIP JURKAT Human","3/92","0.96199489296599038912205514861852861940860748291015625000000000","0.99999332218516157055887561000417917966842651367187500000000","0","0","0.4428945352400409","0.017160452382225604984","XRCC4;NAT1;C1D"
"HCFC1","HCFC1 20581084 ChIP-Seq MESCs Mouse","9/209","0.96317454235724797584339285094756633043289184570312500000000000","0.99999332218516157055887561000417917966842651367187500000000","0","0","0.5902318116975749","0.022145872403853700955","WDR27;BCL2L12;CNTD1;PSMC5;SYT3;SALL4;CSNK2B;ACAD11;ZDHHC14"
"KDM5B","KDM5B 21448134 ChIP-Seq MESCs Mouse","191/3030","0.96484468532549438890555393300019204616546630859375000000000000","0.99999332218516157055887561000417917966842651367187500000000","0","0","0.8685377557325080","0.031083349447624426809","SLC27A1;DGKE;RAB3A;CHRM4;CTNND1;OGDHL;BZW1;NR3C2;GCSH;FGF9;PLAU;CDH1;PSMD2;PAPOLA;PSMD1;CCNL2;ENPP3;SOX9;KPNA2;HMGN2;LZTS1;TNS3;TMPO;EOMES;RNF43;IK;RALGAPA1;HNF1B;ESCO2;HSPG2;SRCIN1;ANK1;FOXP2;GPRIN3;FRMD5;BCAM;CLDN3;FANCD2;KCNQ1;PARD3;HAT1;SLC9A9;SNRPG;DPEP1;MAML3;GPM6A;FBLIM1;DHX9;NXPH3;GATA6;PLD1;EFNB2;WNT6;SYNGR1;CCNB1;PRDX1;HMOX1;NCKAP1L;ARSG;TRPM6;FDFT1;TNFSF18;NGFR;RABGAP1L;YES1;COL24A1;SYT1;LIF;CYBRD1;NR2F2;SNF8;ANKHD1;ELL3;MSRA;HNRNPM;PPFIBP1;PPFIBP2;STAG3;DLG4;NMU;TBCE;SP5;PLCH1;LHX5;DEGS2;NF2;CPEB4;MAP3K12;ITM2C;ARHGAP11A;CNTNAP2;NRP2;DDX46;MAST4;ONECUT3;ONECUT1;MAST1;SLC2A1;LRRC3;SIX1;SLC2A3;HOXC13;GRIK2;HOXC11;SIPA1L3;PITPNC1;JPH2;ADAMTS2;SIX4;SEC61G;TMEM107;PBK;TIMP2;HORMAD2;DLGAP5;EIF5A;GPR39;ACTR2;EIF5B;DENND2C;LYNX1;ZHX2;CNTD1;PDE4D;ITGA1;NOG;TBC1D8;TEX14;NAV2;AXIN2;TMEM150C;DUSP6;TOX2;PSMA4;PSMA1;PALLD;IRF1;MCM5;HNRNPH3;MNS1;EEF1E1;NAT8L;SMPDL3A;CCDC40;RBMS3;AGPAT5;PTGER4;CAMK2D;NFIX;SLC20A1;HMGCR;UQCR10;LIN9;AURKA;TTN;AP3M2;GLRA1;SRR;TNKS2;TRA2A;HAS3;KLRG2;SLC25A21;RIBC2;TBX1;NQO1;HNRNPA3;TAF15;IRX3;PTGES3;DONSON;FBXL13;DHRS3;TARBP1;CENPE;CENPF;PSMC5;PSMC6;SBK1;TRIML2;PIK3IP1;PSAT1;PSMC1;CTH;PSMC2;HNRNPA2B1;TRMT6;LNX1;EIF3C;CRLF1;NUP37"
"KDM5A","KDM5A 27292631 Chip-Seq BREAST Human","46/830","0.96815808841048045518817843912984244525432586669921875000000000","0.99999332218516157055887561000417917966842651367187500000000","0","0","0.7653341556402781","0.024766129523155849812","OSCP1;ZNF550;EHF;LRRC3;SIX1;LIN9;SLC4A3;CPLX1;GABARAP;TMEM25;POLD4;ZNF704;NPHP1;RHPN1;ST8SIA6;MYBL2;CCNL2;SLIT2;STXBP6;FGFBP3;ZNF585B;ZNF268;FDPS;HSP90AA1;MEIG1;ITGA1;ADAM11;KRT8;NDUFC2;LSM5;KAZALD1;GRHL2;ANKHD1;GRIN1;TMEM154;DIAPH1;CENPF;TFAP4;KRT18;FASN;EHHADH;CKS2;FAM20C;GEMIN7;DEGS2;CLOCK"
"FOXP3","FOXP3 21729870 ChIP-Seq TREG Human","70/1210","0.96966639228575102205098801277927123010158538818359375000000000","0.99999332218516157055887561000417917966842651367187500000000","0","0","0.7989782435208080","0.024611080334269990616","ARHGAP11A;FKBP10;MAST4;ARL6IP1;CITED2;DOCK8;SLC2A3;ZDHHC8;PRDM1;ZDHHC2;USE1;BZW1;TXNDC17;NR3C2;FAM107B;HERC5;DBP;AIFM1;FGF9;NUF2;PSMD1;TIMM17B;RTTN;FGFBP3;CDK5RAP3;PSENEN;EIF5B;TIGD5;NHLRC3;USP44;ANO8;NDUFC2;FOXP1;ETV6;ACAP3;SPATA17;PSMA1;ZFPM1;COX16;NDUFB3;RPS4Y1;PRDM10;APOLD1;AURKA;CRYZ;TMEM25;ZNF747;ZNF426;ZNF701;FAM43A;TRIM44;POLR2L;VASP;NTNG2;CA11;ZNF461;HNRNPA3;TAF15;ACBD4;XRCC4;LSM5;DCDC1;SYT7;CENPE;ATG16L2;PIK3IP1;PSMC1;PSMC2;PCYOX1L;SSBP2"
"PDX1","PDX1 19855005 ChIP-ChIP MIN6 Mouse","24/476","0.97095111971576397724703610947472043335437774658203125000000000","0.99999332218516157055887561000417917966842651367187500000000","0","0","0.6943233948612590","0.020468064968191257424","SLC27A1;PCNA;SYT1;MCAM;INSIG1;KCNIP3;HNF4G;CXCR4;GABARAP;DHRS3;LFNG;LDHB;THBD;DEPDC1B;GNG4;PARD3;ID2;SEC61G;RPA3;HAT1;RHPN1;MVD;ZFPM1;ABCD1"
"ASXL1","ASXL1 24218140 ChIP-Seq BMDM Mouse","31/593","0.97173569758812039509621172328479588031768798828125000000000000","0.99999332218516157055887561000417917966842651367187500000000","0","0","0.7205593377688380","0.020659464854928304145","GRAMD1B;INSIG2;BHLHE41;PPM1H;CXCR4;BZW1;CCT6B;TRIM8;LYL1;STAMBPL1;TNKS2;FTH1;CTSH;PRKG1;FDFT1;CDK18;EIF5B;TMEM132A;TBC1D8;ZBTB12;HSPE1;KAZALD1;DUSP6;EPN1;DUSP7;MSRA;PPFIBP1;LACTB2;ST7;CSNK2B;TMEM19"
"CHD1","CHD1 19587682 ChIP-ChIP MESCs Mouse","33/626","0.97190299066328478261311829555779695510864257812500000000000000","0.99999332218516157055887561000417917966842651367187500000000","0","0","0.7267516282120629","0.020711900575156757393","ARHGAP11A;IDI1;NDUFB8;PCNA;NDUFB3;DUSP19;SLC2A3;HMGCR;KRCC1;AKAP3;GCSH;SYNGR1;CCNB1;PSMB3;PRDX1;GCNT2;RTTN;MYBL2;KPNA2;APBB3;FDFT1;VASP;EIF5B;FDPS;DUSP6;NFATC4;KLF7;PSMC5;PSMA1;TBCE;NF2;TMEM19;MAP3K12"
"FOXA1","FOXA1 26457646 ChIP-Seq LHSAR Human ProstateCancer","122/2020","0.97476862275887099507087896199664101004600524902343750000000000","0.99999332218516157055887561000417917966842651367187500000000","0","0","0.8323252355793245","0.021270193029294327119","EHF;IL1RN;CTNND1;RORC;SPATA20;PRDM1;BZW1;GALNT10;TXNDC17;FAM107B;CCT6B;HERC5;TRIM29;MACROD1;PSMD1;SLC25A45;KRT8;LMO7;SYTL5;ANK1;FOXP2;FOXP1;KIAA1217;CYP27A1;INPP4B;NUP210L;SLPI;THAP8;LACTB2;PPP1R3E;HAT1;CSNK2B;MAML3;MZF1;IDI1;COX16;PPP1R35;IL20RA;TACSTD2;AGAP3;PLD1;LTBP1;GABARAP;DPP4;HOXC4;FDFT1;FDPS;RABGAP1L;DNASE2B;MEIG1;SIAH1;NR4A1;GNAL;ATG16L2;TBCE;SPIRE2;ANP32E;CREBRF;ID3;MELTF;CPEB4;CXCL8;CITED2;FHL2;USE1;LFNG;ZCWPW1;TUBA1B;SCML1;NUF2;CASP4;PDE4B;UTY;AASS;RBBP8NL;EIF5A;HSP90AA1;PDE4D;BTN3A3;TMC5;ANO4;DUSP6;COMMD4;ZDHHC14;ADGRF3;FAM222A;ELF3;METTL26;PRPS1;RBM47;MTFP1;NDUFB3;ZBTB42;HMGCR;DEPP1;POLD4;PCED1A;LRIG1;HNRNPA1;ZNF585B;MAP4K5;MPZL3;APBB3;RIBC2;ZNF585A;HES4;PTGES3;H2BC4;AHNAK2;KAZALD1;GRHL2;DHRS3;SLC25A37;KLF7;TFAP4;FRAS1;MYO15B;PIK3IP1;LNX1;SYCP3;LTBR;PIK3AP1"
"PPARG","PPARG 23326641 ChIP-Seq C3H10T1-2 Mouse","27/534","0.97653916930919038019709432774106971919536590576171875000000000","0.99999332218516157055887561000417917966842651367187500000000","0","0","0.6957707699148340","0.016517888583010890968","ANKRD37;CAMK2D;CEBPD;CITED2;IRS2;LTBP2;AURKA;ZCWPW1;SDCBP;TUBA1B;AIFM1;FADD;KPNA2;HNRNPA1;CCDC92;TMED4;EIF5A;EIF5B;HSP90AA1;ACBD4;ABCA3;MSRA;DDIT4;C1D;MVD;PAM;BCL2L1"
"MYCN","MYCN 28898695 ChIP-Seq NB1643 Human Nerve Neuroblastoma","132/2184","0.97888446255654060212947342733968980610370635986328125000000000","0.99999332218516157055887561000417917966842651367187500000000","0","0","0.8317307472486272","0.017750514146260387705","SSC4D;ABCA12;PLB1;CCT6B;RTTN;KPNA2;SLC25A45;PRKACB;MAP3K5;KCNH2;MAGI1;S100A2;CACNA2D1;MITF;ESCO2;P3H3;GPRIN3;FRMD5;KCNQ1;SNRPG;SNRPF;RIN1;ZFPM1;RTN4R;COX16;ZNF391;CHRNA9;CACNA1D;PIK3R1;TXN;GABARAP;CTIF;LDHB;LDHA;PRDX1;GAR1;HOXC4;FAM43A;ZNF268;MAP2K6;ABCA1;SLC10A4;FDPS;EGR3;H4C9;SRD5A3;TMEM132A;PBX3;SNF8;NR1D1;CCDC9B;LSM5;PAN2;DIAPH1;PPFIBP1;STAG3;ATG16L2;DLG5;TBCE;ANP32E;PRRT4;NES;CNTNAP1;NRP2;CITED2;BHLHE41;FHL2;TNFAIP2;GRIK2;ECSIT;RND3;SHD;ZCWPW1;SEC61G;MCF2L;NUF2;PDE4B;FGFBP3;EIF5A;EIF5B;HMGCS1;PDE4D;TNFRSF19;GLRX2;DUSP6;ZDHHC14;ADGRF3;TOX2;PLCB4;VSNL1;VGF;CKS2;FAM20C;HNRNPH3;FJX1;CAMK2D;DNAH2;ZNF350;MTFP1;SLC20A1;PDXP;HMGCR;PSMB6;AP3M2;RIDA;PSMB3;MARCHF9;HNRNPA1;RPL17;HES4;CDRT4;NQO1;ZNF461;HNRNPA3;CYP51A1;PLEKHA6;SEPTIN6;CENPF;PSMC6;TFAP4;FRAS1;FABP5;PIK3IP1;RPA3;CTH;PSMC2;ST7;FKBP1B;HNRNPA2B1;NEURL1;SARM1;SPRY2"
"E2F1","E2F1 26619117 ChIP-Seq Hepatocytes Mouse Liver","167/2717","0.98018892518655242884761946697835810482501983642578125000000000","0.99999332218516157055887561000417917966842651367187500000000","0","0","0.8443707836832482","0.016895813021109550717","ALDH1L1;IRS1;LRR1;SERPINE1;NUDT1;CPOX;IRS2;ARHGAP39;ENO3;TXNDC17;IFIT2;HMGN5;CCND1;PSMD2;MACROD1;PSMD1;NRTN;RTTN;CHAC1;HMGN2;CDK5RAP3;MAGI1;PIAS3;IK;CCDC78;STARD9;KRT8;MITF;ANXA10;ESCO2;CACNB3;THAP8;FANCD2;HAT1;CSNK2B;JTB;FAIM;FICD;INSIG1;ENDOD1;ILDR2;PIK3R1;HIGD1A;ACAT2;BCL2L12;DPP4;SOCS3;WNT6;BLOC1S1;CHST12;RHPN1;GAR1;SFN;FADD;STXBP6;PCK2;FDFT1;FDPS;ANKRD24;TNFRSF9;PBX3;NR1D1;LSM5;GPR137C;PAN2;CXCL10;HNRNPM;FASN;PIR;ANP32E;SP5;AMOTL2;NF2;ANP32B;BCL2L1;MAP3K12;ARHGAP11A;OSCP1;DHRS13;DOCK4;BHLHE41;SLC2A1;HMGB3;TNFAIP3;DBI;HMGB1;TSPAN12;RND3;USE1;PCSK4;ZCWPW1;TUBA1B;DBP;NUF2;TMEM107;PBK;MYBL2;ANXA9;TK1;ABCD1;DLGAP5;LRRCC1;PSENEN;KLF11;ZHX2;CNTD1;CCDC34;ITGA1;TBC1D8;TEX14;NAV2;AXIN2;F3;DUSP6;ZDHHC14;VAMP8;RNF144B;ELF3;MDFIC;CHDH;IRF1;MMP17;FAM20C;TAX1BP3;MCM5;KIFC3;MNS1;PRPS1;PRIM2;NDUFB8;PELI2;PDXP;U2AF1;UQCR10;PSMB6;GLRA1;TMEM201;FGD6;ABLIM2;TRA2A;HSF4;LRIG1;APBB3;RIBC2;POLR2L;MPZL2;NQO1;CENPW;KAZALD1;PLEKHA7;FMNL3;CENPE;EEPD1;CENPF;PSMC5;FRAS1;KRT18;FKBP1B;TRMT6;PCYOX1L;RIMBP3;VIM;EIF3C;FRK;SNTB1;CDKN3;NUP37"
"NOTCH1","NOTCH1 17114293 ChIP-ChIP T-ALL Human","3/105","0.98157250305698517944819059266592375934123992919921875000000000","0.99999332218516157055887561000417917966842651367187500000000","0","0","0.3861756350267379","0.007182634468317807518","TES;CLDND1;PSMA1"
"STAT3","STAT3 29892750 ChIP-Seq EML Mouse BoneMarrow","16/358","0.98398940477385476999216962212813086807727813720703125000000000","0.99999332218516157055887561000417917966842651367187500000000","0","0","0.6119432392211113","0.009876855362931863738","HSP90AA1;CENPW;PLLP;CHRNA9;TEX14;SNF8;HSPE1;GABARAP;EPN1;MILR1;LIPE;TFAP4;SIMC1;TBCE;SPA17;ZFPM1"
"CREB1","CREB1 15753290 ChIP-ChIP HEK293T Human","20/440","0.98900814630215438949534245693939737975597381591796875000000000","0.99999332218516157055887561000417917966842651367187500000000","0","0","0.6219917154496594","0.006874694355060538900","ZNF221;PRPS1;IDI1;FDPS;RAB3A;PCNA;U2AF1;HMGCR;CCT6B;CENPE;MRPL51;PPP1R1A;FANCD2;C1D;NPHP1;CKS2;ZNF426;CLDN18;MVD;AASS"
"EGR1","EGR1 19374776 ChIP-ChIP THP-1 Human","1/62","0.98935903365721955537992471363395452499389648437500000000000000","0.99999332218516157055887561000417917966842651367187500000000","0","0","0.2154168119986048","0.002304526100116091950","DAPK1"
"GABPA","GABPA 29892750 ChIP-Seq EML Mouse BoneMarrow","9/246","0.99188803339621101073930731217842549085617065429687500000000000","0.99999332218516157055887561000417917966842651367187500000000","0","0","0.4970837321006157","0.004048770672955927241","GLRA1;CD72;MPZ;RCAN2;PSMC2;DYSF;SNF8;PTCHD4;ADAMTS10"
"VDR","VDR 33458620 ChIP-Seq PrimaryEpithelial Human Prostate","62/1154","0.99257126975010900871154717606259509921073913574218750000000000","0.99999332218516157055887561000417917966842651367187500000000","0","0","0.7364117226978606","0.005491025059324719688","MIPEP;SLC27A1;DDX46;ARL6IP1;ECSIT;GALNT10;FAM107B;ZNF84;PSMD1;RTTN;MAN2C1;FGFBP3;SLC25A45;LARGE1;EIF5A;EIF5B;SRRM3;KLF11;S100A2;NOG;TMC6;DUSP6;DUSP7;ARL4C;KIAA1217;DDIT4;ADPRH;GEMIN7;NGEF;HBEGF;SMARCD1;EXD3;NDUFB8;FBLIM1;SLC20A1;INSIG1;PTAFR;SEMA3B;TACSTD2;DAPP1;PIK3R1;SAV1;TYMP;SOCS3;SH3TC2;PSMB3;HIVEP3;FAM83B;ZNF783;CD72;MEIG1;ALYREF;H2BC4;ADAM32;GRHL2;DHRS4;PAN2;SEM1;KRT16;DLG4;LNX1;MELTF"
"THAP11","THAP11 20581084 ChIP-Seq MESCs Mouse","27/577","0.99313804324928323108423455778392963111400604248046875000000000","0.99999332218516157055887561000417917966842651367187500000000","0","0","0.6398489227535470","0.004405749011676536944","SMARCD1;SLC27A1;CALCOCO1;CLDND1;DDX46;NDUFB2;CPOX;PLD3;ZFYVE28;BCL2L12;ZCWPW1;FGD6;ABLIM2;PSMB3;PAPOLA;RTTN;FSD1;MAP2K6;TMED4;PSENEN;CNTD1;SYT3;AMT;MITF;NR1D1;CSNK2B;JTB"
"EST1","EST1 17652178 ChIP-ChIP JURKAT Human","28/597","0.99368004298302203824988509950344450771808624267578125000000000","0.99999332218516157055887561000417917966842651367187500000000","0","0","0.6411776441779224","0.004065074272266837666","ZNF550;CALCOCO1;NDUFB3;RPS4Y1;GABARAP;CCT6B;PSMB6;ZCWPW1;LDHA;FGD6;ZNF84;RTTN;MAP2K6;PSENEN;CA11;IK;XRCC4;ZNF480;IZUMO1;LSM5;PSMC5;DLG4;ZNF219;C1D;SNRPG;JTB;RPL26L1;CPEB4"
"ILF3","ILF3 29590119 ChIP-Seq K562 Human BoneMarrow Leukemia","34/700","0.99375683187794838779893780156271532177925109863281250000000000","0.99999332218516157055887561000417917966842651367187500000000","0","0","0.6644792941089237","0.004161459852672142259","DHRS13;IDI1;TES;CEBPD;TRAF3IP2;SLC20A1;INSIG1;PPP1R35;DOCK8;NDUFB2;TNFAIP3;VSIR;LYL1;TUBA1B;PRDX1;ZNF747;FADD;PCK2;LRRCC1;TGM2;EIF5B;LMO4;SRD5A3;NDUFC2;AMMECR1;P3H3;MPP7;ANKHD1;FMNL3;FMC1;ID3;FKBP9;PTPN7;ALDOA"
"CREB1","CREB1 23762244 ChIP-Seq HIPPOCAMPUS Rat","114/2006","0.99586709147043916967589893829426728188991546630859375000000000","0.99999332218516157055887561000417917966842651367187500000000","0","0","0.7756792793908858","0.003212454482380889143","SH3GL3;CHRM4;CTNND1;CCT6B;FTH1;PAPOLA;CCNL2;CHAC1;CCDC92;PRKACB;RALGAPA1;ADAM11;FRMD5;FANCD2;DDIT4;HAT1;JTB;MAML3;SCG2;IDI1;SLC45A1;INSIG1;GABARAP;PLD3;EFNB2;SOCS3;LDHA;NPHP1;GAR1;FDFT1;TMEM120B;FDPS;XRCC6;ACBD4;XRCC4;SYT1;SNF8;NR1D1;DCLK1;ANKHD1;SYT7;PAN2;NR4A1;FMC1;DLG4;FASN;ID2;ANP32E;ID3;NF2;CPEB4;BCL2L1;CALCOCO1;DOCK4;CITED2;KCNC3;HMGB1;SIPA1L2;USE1;SIPA1L3;MYPN;DBP;SLC22A17;PDE4B;EIF5A;ZHX2;AXIN2;DUSP6;EPN1;DUSP7;MMP14;TUBB2A;VGF;C1D;TAX1BP3;MVD;MCM5;CDH15;PPARA;WDR27;GRAMD1B;CAMK2D;PCNA;CLDND1;SLC20A1;NDUFB3;SEMA3B;NDUFB2;U2AF1;HMGCR;AURKA;POLD4;ABLIM2;SPOCK2;TRA2A;NRIP1;MPZL3;TRIM44;LEKR1;HNRNPA3;PTGES3;WNT7A;HSPE1;SORL1;FMNL3;SLC25A37;PDE10A;PSAT1;HNRNPA2B1;TRMT6;PCYOX1L;RIMBP3;VIM;SSBP2"
"MYC","MYC 28411283 ChIP-Seq MDA231-LM2-4175 Human BreastCancer","142/2441","0.99594354153870379153801195570849813520908355712890625000000000","0.99999332218516157055887561000417917966842651367187500000000","0","0","0.7928825051903541","0.003222836025487046258","SLC27A1;LRR1;SERPINE1;ICAM5;ZDHHC8;FGFRL1;TXNDC17;CCND1;PLAU;MACROD1;PAPOLA;OIP5;CHAC1;KPNA2;SLC25A45;PRKACB;CDK5RAP3;MAGI1;S100A2;ADAM11;MITF;THAP8;CYP2U1;LACTB2;PPP1R3E;DDIT4;SPATA13;GEMIN7;SNRPF;TNIK;RIN1;MZF1;ZNF550;CUL7;INSIG1;AGAP3;TXN;HIGD1A;AK7;GABARAP;ZFP36L1;LDHB;CCNB1;LDHA;CRACR2B;ZMAT1;PRDX1;GAR1;ARSG;S100A10;ATP5ME;VASP;TMEM120B;XRCC6;MEIG1;TMEM132A;PBX3;TMA7;NR2F2;SNF8;NR1D1;CCDC9B;ELL3;HNRNPM;DIAPH1;PPFIBP1;ATG16L2;FASN;ANP32B;BCL2L1;MIPEP;DHRS13;CALCOCO1;ZNF250;DDX46;CITED2;DBI;ECSIT;USE1;SIPA1L3;TRIM8;THBD;TUBA1B;SEC61G;NUF2;MAN2C1;FGFBP3;EIF5A;HSP90AA1;TIGD5;ZNF480;AXIN2;IL17RC;DUSP6;COMMD4;DUSP7;PSMA4;PSMA1;OAF;CKS2;HNRNPH3;ALDOA;METTL26;CD44;AGPAT5;WDR27;PCNA;DNAH2;RGS16;POMP;SNX33;PPM1F;CRYZ;PSMB6;AP3M2;RIDA;STAMBPL1;PSMB3;ROMO1;HNRNPA1;P4HTM;RPL17;APBB3;LEKR1;HES4;H2AZ1;NQO1;TAF15;TXNRD2;PTGES3;TMED7-TICAM2;DHRS3;CENPF;TFAP4;FRAS1;LBX2;FABP5;PSAT1;AXL;TRMT6;VIM;RPL26L1"
"ZBTB16","ZBTB16 27035670 ChIP-Seq hESC Human Endometrial","25/563","0.99644808234232362664783977379556745290756225585937500000000000","0.99999332218516157055887561000417917966842651367187500000000","0","0","0.6051956098424500","0.002153431646918863452","WDR27;CAMK2D;BZW1;ZFYVE28;AP3M2;EFNB2;PSMD2;PRDX1;SPDL1;FADD;KPNA2;TMPO;RIBC2;LYNX1;EGR3;HMGCS1;AKR1E2;ESCO2;KAZALD1;PSAT1;ZNF219;SNRPG;ANP32E;HNRNPH3;SPC25"
"HOXC9","HOXC9 25013753 ChIP-Seq NEUROBLASTOMA BE2-C Human","90/1639","0.99663763571605079594206699766800738871097564697265625000000000","0.99999332218516157055887561000417917966842651367187500000000","0","0","0.7494762316436724","0.002524258232982731342","OSCP1;FKBP10;NRP2;RAB3A;DDX46;MAST4;MAML2;DBI;SLC2A3;HMGB1;USE1;CCT6B;RGS4;LYL1;CHCHD2;CCND1;BCL7A;GRM7;FGF9;SLC22A17;FTH1;SEC61G;SPEG;RTTN;MAN2C1;SPA17;DLGAP5;LRRCC1;TMED4;ACTR2;IK;RALGAPA1;LMO4;TESC;AKR1E2;NME5;DUSP6;COMMD4;OXA1L;ZNF91;VCAN;RUFY4;CSNK2B;SNRPG;JTB;GEMIN7;SNRPF;TNIK;HNRNPH3;EEF1E1;SCG2;ST6GALNAC5;RBMS3;EXD3;CUL7;PCNA;CLDND1;ZNF350;DNAH6;PRDM10;DLL1;PSMB6;AP3M2;TNKS2;PSMB3;BLOC1S1;SPOCK2;CHN1;ZNF747;GAR1;ZNF426;ZNF585B;ZNF268;RPL17;APBB3;MAP2K6;ZNF461;SYT1;ZNF804A;GDAP1;PAN2;PSMC6;PIK3IP1;PSMC1;CTH;PSMC2;ZNF219;LHX5;RPL26L1;CPEB4"
"DCP1A","DCP1A 22483619 ChIP-Seq HELA Human","29/636","0.99673856036352403986455783524434082210063934326171875000000000","0.99999332218516157055887561000417917966842651367187500000000","0","0","0.6216404370620617","0.002030756158419677430","EXD3;ARL6IP1;CITED2;SLC2A1;CPOX;ARHGAP39;USE1;CAMKK1;TMEM25;PRDX1;SEC61G;NUF2;PBK;PSMD1;RTTN;TK1;MAN2C1;CDK5RAP3;PCK2;VASP;RABGAP1L;NHLRC3;PTGES3;NDUFC2;THAP8;ELF3;ID2;NOXA1;MCM5"
"KDM6A","KDM6A 18722178 ChIP-ChIP U937 AND SAOS2 Human","15/384","0.99681643836522138002464998862706124782562255859375000000000000","0.99999332218516157055887561000417917966842651367187500000000","0","0","0.5305518671232557","0.001691738878030391371","ARHGAP11A;PCNA;ZNF350;DDX46;CTNND1;NDUFB3;CCT6B;CRYZ;CENPF;MRPL51;BLOC1S1;FANCD2;ZNF84;NUF2;ZNF426"
"ERG","ERG 20887958 ChIP-Seq HPC-7 Mouse","80/1486","0.99707367118235856739971723072812892496585845947265625000000000","0.99999332218516157055887561000417917966842651367187500000000","0","0","0.7345571677890077","0.002152707111193394134","MIPEP;NRP2;TES;TRAF3IP2;CPOX;ZDHHC2;USE1;BACH1;FAM107B;IFIT2;HERC5;LYL1;ZCWPW1;BCL7A;SCRN2;TIMM17B;MYBL2;RTTN;LRRCC1;DENND2D;PIAS3;EIF5B;KLF11;ANO8;NDUFC2;ACSL5;TRPT1;GLRX2;ETV6;ACAP3;OXA1L;PALLD;IRF1;PLSCR4;JTB;S100A4;MCM5;MNS1;ABCG1;AGPAT5;PRPS1;IDI1;CUL7;SLC45A3;NFIX;ATL1;PTAFR;PDXP;LIN9;GABARAP;CRYZ;FGD2;SCUBE1;RDH12;TNKS2;RNF215;OXCT1;CHST12;PRDX1;STAT4;IL21R;HMOX1;FAM43A;RPL17;PCK2;XRCC6;TXNRD2;PTGES3;SRD5A3;TMEM154;ABHD15;BAMBI;LRFN1;SPIRE2;ANP32E;ANP32B;SSBP2;RCOR2;CCNJL;ITM2C"
"SRF","SRF 21415370 ChIP-Seq HL-1 Mouse","50/1001","0.99737514213838596166539218756952323019504547119140625000000000","0.99999332218516157055887561000417917966842651367187500000000","0","0","0.6813663794868466","0.001790841279316074224","SLC27A1;CITED2;TSPAN12;TXNDC17;CCT6B;CHCHD2;MPZ;SCRN2;PDE4B;LRRCC1;MAGI1;EIF5B;IL15RA;IK;ITGA1;KCNAB3;OXA1L;LACTB2;CSNK2B;MNS1;TRIM55;SAMD5;PRIM2;IDI1;NDUFB8;SLC20A1;ADAMTS10;TTN;BCL2L12;SRR;LDHA;BLOC1S2;TRA2A;KLRG2;XRCC6;ACBD4;LSM5;FBXL13;SORL1;KAZALD1;PLEKHA7;DHRS4;SLC25A37;KLF7;PSMC5;AXL;NOVA2;RAB13;TBCE;SARDH"
"SFPI1","SFPI1 20887958 ChIP-Seq HPC-7 Mouse","103/1861","0.99757195113503682737388089662999846041202545166015625000000000","0.99999332218516157055887561000417917966842651367187500000000","0","0","0.7539117811803099","0.001832760562181363212","TES;TRAF3IP2;NUDT1;ZDHHC2;BACH1;BZW1;GALNT10;RINL;FTH1;MACROD1;PAPOLA;HOMER3;RTTN;CCNL2;CDK5RAP3;DAPK1;ACAP3;OXA1L;CACNB3;RUFY4;HAT1;S100A4;ZFPM1;ABCG1;CUL7;SLC45A3;EBI3;ADAMTS10;GABARAP;SDCBP;NCKAP1L;FAM43A;ARSG;PCK2;TMEM120B;XRCC6;MCAM;ZBTB12;ANKHD1;PPFIBP1;PPP1R1A;FMC1;BAMBI;DLG4;RCAN2;SPIRE2;ANP32E;MIPEP;GPSM1;DDX46;ONECUT3;CITED2;KCNC3;DOCK8;SLC2A1;USE1;LYL1;ITGAX;SPEG;MYBL2;ABCD1;GPR39;EIF5B;KLF11;TIGD5;ANO8;GLRX2;RENBP;DUSP6;EPN1;TUBB2A;IRF1;CKS2;MCM5;NAT8L;ENG;AGPAT5;PRPS1;CLDND1;CEBPD;IDUA;ATL1;PTAFR;NDUFB2;PPM1H;PDXP;PTGS2;FGD2;POLD4;ABLIM2;TNKS2;IL21R;RPL17;HNRNPA3;TXNRD2;BMP8A;TMEM154;FABP5;PIK3IP1;MORN2;PSMC2;PTPN7;SSBP2"
"MYC","MYC 19030024 ChIP-ChIP MESCs Mouse","165/2842","0.99818840452371637717021712887799367308616638183593750000000000","0.99999332218516157055887561000417917966842651367187500000000","0","0","0.7871224526628656","0.001427240656573714427","DGKE;ARL6IP1;NUDT1;STMN3;ICAM5;ZDHHC8;PRDM1;IKZF2;ENO3;BZW1;GCSH;CHCHD2;CCND1;CDH1;SALL4;FTH1;RPS6KA1;NEK2;OIP5;CCNL2;KPNA2;CDK5RAP3;TMPO;MAGI1;ST6GAL1;ACSL5;ESCO2;LEMD1;THAP8;LACTB2;HAT1;SNRPG;JTB;GEMIN7;ATF5;CLOCK;PXT1;BRSK1;DHX9;INSIG1;NPR3;GATA6;KRCC1;GABARAP;ZFP36L1;SOCS3;LDHB;SYNGR1;CCNB1;LDHA;TMEM125;PRDX1;NPHP1;SOCS6;PCK2;VASP;XRCC6;ACBD4;XRCC4;TNFRSF9;GLMN;NR1D1;LSM5;BMP7;NFATC4;BMP4;MSRA;BAMBI;FASN;ID2;LCN2;ANP32E;ID3;CSPG5;LHX5;NF2;ANP32B;RCOR2;CPEB4;ARHGAP11A;DHRS13;FKBP10;NRP2;CITED2;SIX1;SLC2A3;HMGB1;DUSP18;HOXC11;RND3;MRC2;TRIM8;ZCWPW1;TUBA1B;DBP;BCL7A;TMEM107;PBK;CPXM1;MYBL2;EIF5A;CCDC38;PSENEN;EIF5B;KLF11;HSP90AA1;ZHX2;PLLP;GAA;USP44;TMC8;TMC6;F3;RENBP;DUSP6;DUSP7;ETV6;MRPL51;PSMA1;ELF3;RTN4RL1;RNF207;CKS2;MCM5;EEF1E1;ALDOA;CHST2;CCDC40;AGPAT5;PTGER4;PRPS1;SMARCD1;PRIM2;PCNA;IDUA;SLC20A1;POMP;HSD17B14;CXCR4;U2AF1;DLL1;AURKA;STAMBPL1;PSMB3;TRA2A;HAS3;GCNT2;MBNL3;RPL17;APBB3;NQO1;TAF15;PTGES3;HSPE1;GRHL2;GRIN1;MAPK11;KLF7;PSMC5;FABP5;PIK3IP1;PSMC2;RAB13;SPRY2;NUP37"
"E2F1","E2F1 18555785 ChIP-Seq MESCs Mouse","172/3015","0.99943108054312257415574549668235704302787780761718750000000000","0.99999332218516157055887561000417917966842651367187500000000","0","0","0.7688657725799203","0.000437547174103210897","ANKRD37;DGKE;ARL6IP1;OGDHL;PRDM1;BACH1;GCSH;CHCHD2;CCND1;CDH1;SALL4;FTH1;PAPOLA;PSMD1;OIP5;CHAC1;ACAD11;HMGN2;TNS3;CDK5RAP3;PIAS3;KIRREL2;IGFBP3;APLP1;VASH2;ACSL5;ESCO2;LEMD1;OXA1L;FRMD5;DEPDC1B;SPATA17;LACTB2;DDIT4;JTB;KCTD12;ATF5;MZF1;CTXN1;SKAP2;EPHA2;PXT1;IDI1;CUL7;INSIG1;CHRNA9;PIK3R1;KRCC1;ZFP36L1;DPP4;SOCS3;LDHB;SDCBP;EBP;BLOC1S1;CHST12;PRDX1;HMOX1;SFN;FADD;STXBP6;DECR1;PCK2;S100A10;NGFR;XRCC6;ST14;ACBD4;MCAM;AMMECR1;NR1D1;LSM5;BAMBI;FASN;ID2;PIR;ANP32E;ID3;BCL2L1;ITM2C;ARHGAP11A;MIPEP;DHRS13;COL18A1;CITED2;SLC44A2;KCNC3;CITED4;DUSP19;SLC2A1;SLC2A3;OPLAH;RND3;PITPNC1;LFNG;TRIM8;TUBA1B;TRIM6;AIFM1;TIMP2;HORMAD2;MYBL2;TK1;MAN2C1;LRRCC1;TMED4;EIF5A;EIF5B;KLF11;HSP90AA1;PLLP;PLEKHG5;TMC8;KCNAB3;RENBP;DUSP7;TEX19;PLCB4;TUBB2A;PSMA1;ELF3;MDFIC;IRF1;B3GNT5;CKS2;EEF1E1;ALDOA;FJX1;ENG;HBEGF;PRPS1;LAMA5;NDUFB8;PCNA;SLC20A1;NDUFB3;GCNT1;SLC5A11;HSD17B14;CXCR4;PDXP;U2AF1;HMGCR;LIN9;CRIP1;AURKA;PSMB3;TRA2A;NRIP1;HAS3;LRIG1;PDLIM5;GABRE;MAP4K5;RPL17;APBB3;WASF3;NQO1;TAF15;BRF1;HSPE1;CENPE;MAPK11;PSMC6;PSAT1;RPA3;CTH;PCYOX1L;SPRY2;VIM;SYCP3;SPC25"
"YY1","YY1 26981420 ChIP-Seq C2C12 Mouse Muscle","94/1811","0.99968548486205877079413539831875823438167572021484375000000000","0.99999332218516157055887561000417917966842651367187500000000","0","0","0.7013557311781023","0.000220621690787047898","ARHGAP11A;ANKRD37;CALCOCO1;DDX46;ITGB4;COL12A1;SLC2A1;CPOX;ECSIT;USE1;ENO3;PRSS23;CCT6B;SYDE1;TUBA1B;CHCHD2;TMEM107;MACROD1;ANKRD1;PDE4B;DLGAP1;CCNL2;MAN2C1;SLC25A45;EIF5A;ZHX2;S100A2;TRPC1;PDE4D;TEX14;DUSP6;EREG;OXA1L;MMP14;VCAN;CACNB3;MRPL51;FANCD2;DDIT4;C1D;ADPRH;SNRPG;JTB;S100A4;MCM5;HNRNPH3;EEF1E1;STEAP1;ZFPM1;SKAP2;LAMA5;NDUFB8;SMARCD3;MTFP1;INSIG2;SLC20A1;PPP1R35;U2AF1;LIN9;PRDM10;CRYZ;PSMB6;SOCS3;LDHA;TNKS2;RNF215;BLOC1S2;PRDX1;PCED1A;TRA2A;CHN1;ENKD1;HNRNPA3;XRCC4;MEIG1;NR1D1;CCDC9B;HNRNPM;PSMC5;PSMC6;ATG16L2;PIK3IP1;FMC1;PSAT1;HNRNPA2B1;RAB13;TBCE;CREBRF;VIM;RCOR2;LIMS2;NUP37;CPEB4;BCL2L1"
"NELFA","NELFA 20434984 ChIP-Seq ESCs Mouse","72/1454","0.99971944475291996123900162274367175996303558349609375000000000","0.99999332218516157055887561000417917966842651367187500000000","0","0","0.6694976163173373","0.000187857422590593473","DGKE;CITED2;DUSP19;SLC2A1;SLC2A3;HMGB1;BZW1;GALNT10;CCT6B;GCSH;TRIM6;CHCHD2;PTTG1;CDH1;PSMD2;FTH1;SEC61G;KPNA2;CCDC92;TMED4;EIF5B;ARSA;HSP90AA1;ESCO2;DUSP6;TEX19;PSMA4;DDIT4;CKS2;SNRPG;JTB;EEF1E1;ALDOA;EPHA2;FAIM;AGPAT5;PRIM2;IDI1;NDUFB8;CUL7;CAMK2D;PCNA;DHX9;SLC20A1;INSIG1;TMTC1;HMGCR;LIN9;ACAT2;ZFP36L1;PSMB6;BCL2L12;EFNB2;SOCS3;PSMB3;PRDX1;TRA2A;HMOX1;PDLIM5;FDFT1;TAF15;ANKRD24;PTGES3;GLMN;SNF8;KAZALD1;MAPK15;MPP7;MSRA;KLF7;TMEM19;SPC25"
"SPI1","SPI1 22790984 ChIP-Seq ERYTHROLEUKEMIA Mouse","79/1572","0.99973256144062638828273748003994114696979522705078125000000000","0.99999332218516157055887561000417917966842651367187500000000","0","0","0.6791372752524796","0.000181651785939178009","ARHGAP11A;DENND1C;ANKRD37;DDX46;ARL6IP1;CTNND1;TNFAIP2;TNFAIP3;SLC2A3;USE1;PITPNC1;GALNT10;CCT6B;IFIT2;LIPE;LYL1;CHCHD2;RINL;DBP;HOMER3;RTTN;HMGN2;LZTS1;CDK5RAP3;TMPO;CNTD1;CAMK1D;CBFA2T3;DUSP6;RNF144B;DEPDC1B;PSMA4;OAF;HAT1;CKS2;S100A4;ALDOA;ENG;PTGER4;PRIM2;PCNA;CLDND1;SLC26A1;COX16;IDUA;GIPR;DAPP1;HMGCR;GABARAP;FGD2;POLD4;PSMB3;GAR1;NCKAP1L;PCDH1;RPL17;IL12RB2;PCK2;VASP;CD72;SRD5A3;RFTN1;ANKHD1;PARP10;CXCL10;BST1;CENPF;PIK3IP1;PSAT1;BAMBI;DLG4;TBCE;ANP32E;ID3;MKX;EIF3C;SLC25A34;RAMP1;BCL2L1"
"YY1","YY1 23942234 ChIP-Seq MYOBLASTS AND MYOTUBES Mouse","55/1173","0.99975955071554756248275452890084125101566314697265625000000000","0.99999332218516157055887561000417917966842651367187500000000","0","0","0.6338390034881083","0.000152424460757560730","ANKRD37;ABCA12;USE1;ZCWPW1;TUBA1B;CHCHD2;HTR7;BCL7A;PSMD1;ANXA9;ACAD11;ST6GAL1;ZHX2;CAMK1D;PDE4D;TEX14;ESCO2;SYTL3;INPP4B;OXA1L;VCAN;NAV3;PARD3;MCM5;EEF1E1;SKAP2;GRAMD1B;SMARCD1;NDUFB8;SLC45A3;NFIX;MTFP1;SEMA3D;SYNPO2;LAMA3;LIN7A;PRR5L;LIN9;LTBP1;GLIS1;FBLN5;PSMB6;CTIF;TNKS2;TRA2A;CHN1;RABGAP1L;SYT1;TXNRD2;HNRNPM;PSMC5;PSMC6;HNRNPA2B1;ANP32B;CPEB4"
"BCL3","BCL3 23251550 ChIP-Seq MUSCLE Mouse","29/725","0.99983536226231917165563345406553708016872406005859375000000000","0.99999332218516157055887561000417917966842651367187500000000","0","0","0.5394657501205982","0.000088823732725942082","FANK1;WDR27;CUL7;PCNA;COX16;RORC;NDUFB2;FOXO6;TMTC1;ICAM5;OPLAH;CRIP1;THBD;SRR;DBP;FTH1;RPL17;KRT32;KLF7;PSMC5;FABP5;PSMC1;JTB;ID3;SPRY2;S100A4;LTBR;ALDOA;CDKN3"
"MYC","MYC 18358816 ChIP-ChIP MESCs Mouse","125/2369","0.99991212842008581063169003755319863557815551757812500000000000","0.99999332218516157055887561000417917966842651367187500000000","0","0","0.7079965097872883","0.000062215505416153292","SLC27A1;ANKRD37;DGKE;RAB3A;ARL6IP1;CHRM4;STMN3;ICAM5;BACH1;ENO3;IFIT2;GCSH;LIPE;GPR176;CCND1;CDH1;RPS6KA1;NEK2;NRTN;OIP5;CCNL2;KPNA2;CDK5RAP3;ACSL5;SPATA17;LACTB2;CSNK2B;SNRPG;JTB;RIN1;CTXN1;BRSK1;CUL7;NOTCH1;DHX9;ACAT2;CCNB1;LDHA;BLOC1S1;PRDX1;NPHP1;HMOX1;MAP2K6;XRCC6;XRCC4;PBX3;NR1D1;NFATC4;PCDHGA10;STAG3;FASN;ID2;BCL2;ID3;ANP32B;MAP3K12;ARHGAP11A;MIPEP;CALCOCO1;DOCK4;CITED2;DBI;SLC2A3;DUSP18;ECSIT;TRIM8;ZCWPW1;SEC61G;MCF2L;HORMAD2;MYBL2;UTY;TK1;MAN2C1;EIF5A;EIF5B;HSP90AA1;TIGD5;CAMK1D;GAA;TNFRSF19;AMT;TMC8;TMC6;SYNGR3;KCNAB3;DUSP6;MRPL51;RTN4RL1;CKS2;MVD;MCM5;ZMYND10;MNS1;EEF1E1;FJX1;CCDC40;AGPAT5;PRPS1;PCNA;SLC20A1;NDUFB2;CXCR4;PDXP;AURKA;PSMB3;TRA2A;HSF4;SNCG;SLIT2;RPL17;APBB3;WASF3;TAF15;PTGES3;HSPE1;GRIN1;SLC25A37;KLF7;PSMC5;FABP5;PSAT1;PSMC2;TCEA3;SPRY1"
"CREM","CREM 20920259 ChIP-Seq GC1-SPG Mouse","269/4643","0.99995085443528197721718697721371427178382873535156250000000000","0.99999332218516157055887561000417917966842651367187500000000","0","0","0.7655159808356496","0.000037622639679433358","TES;SPATA20;BACH1;FGFRL1;GLDN;TXNDC17;CCT6B;ZFYVE28;LIPE;GPR176;FTH1;LIPG;RPS6KA1;PSMD1;CCNL2;PRKACB;CDK5RAP3;TMPO;ACSL6;MAPK8IP2;OVOL1;SULT2B1;DEPDC1B;SPATA17;ADCY9;NUP210L;LACTB2;FEZ2;SPATA18;CLOCK;ZFPM1;SKAP2;EPHA2;FICD;DHX9;SLC45A1;AGAP3;GABARAP;SYNGR1;LDHA;CHST12;PRDX1;GAR1;FDFT1;XRCC6;YES1;IQSEC1;MEIG1;PBX3;NR2F2;SNF8;NR1D1;FHDC1;HNRNPM;PPFIBP1;STAG3;FASN;ID2;ANP32E;ANP32B;TMEM151A;KCNC3;OTUD7A;LRRC3;ECSIT;AREG;PRSS23;TUBA1B;SEC61G;SLC18A2;TIGD5;GAA;HEG1;IZUMO1;MMEL1;CBFA2T3;DUSP7;TUBB2A;ZEB1;PSMA1;SDHAF1;CKS2;PPARG;HNRNPH3;PPARA;ALDOA;MGLL;WDR27;PRIM2;PCNA;CLDND1;SLC20A1;PELI2;TMPRSS4;ZDHHC23;PRICKLE1;AKAP3;CAMKK1;FGD6;GPR153;PSMB3;CHN1;MAP4K5;MPZL3;APBB3;RIBC2;BRF1;PTGES3;RFTN1;KAZALD1;GRHL2;TARBP1;GRIN1;TTLL7;CENPE;CENPF;PSMC5;PER3;RPA3;HNRNPA2B1;SGSM2;CDKN3;SH3GL3;KCNG3;SLC27A1;ANKRD37;DGKE;CHRM4;IRS2;BZW1;FAM107B;GRIP1;CCND1;PAPOLA;NEK2;KPNA2;HMGN2;MAGI1;IK;VASH2;CASK;VASH1;ACAP3;OXA1L;FRMD5;OLFM2;FANCD2;HAT1;SNRPG;SNRPF;NPTXR;MZF1;SCG2;FAIM;IDI1;SHC2;INSIG1;TMEM59L;FOXO6;KRCC1;CPLX1;PLD3;SAV1;EFNB2;SOCS3;SDCBP;SCUBE1;NPHP1;TMEM120B;ACBD4;SRD5A3;ZBTB12;ANKHD1;NR4A1;ATG16L2;FMC1;BAMBI;DLG4;SPIRE2;SP5;LHX5;NF2;BCL2L1;ARHGAP11A;MIPEP;OSCP1;GPSM1;DOCK4;DDX46;ONECUT3;LAMC3;ONECUT1;TNFAIP2;HMGB1;DUSP18;OPLAH;USE1;BCL7A;GRM7;TMEM107;PMEPA1;TIMM17B;CCIN;MYBL2;DACT1;EIF5A;EIF5B;KLF11;HSP90AA1;CAMK1D;CCDC34;TRPC1;USP44;GLRX2;NAV2;SYNGR3;EPN1;ARL4C;VGF;RTN4RL1;C1D;IL1RAPL1;MCM5;ZMYND10;CCDC40;AGPAT5;SMARCD1;CAMK2D;CEBPD;SEMA3B;POMP;NDUFB2;PDXP;U2AF1;HMGCR;LIN9;AURKA;AP3M2;TMEM201;TNKS2;ABLIM3;GNG4;ATOH8;TRA2A;MAN1C1;KLRG2;LRIG1;SLC25A21;PDLIM5;TRIM44;WASF3;CDRT4;HNRNPA3;TAF15;GALNT3;DONSON;FBXL13;HSPE1;SGPP2;FMNL3;SLC25A37;SBK1;PDE10A;PIK3IP1;PSAT1;NOVA2;CHPT1;SPRY1;EIF3C"
"HNF1A","HNF1A 27111144 ChIP-Seq CD8+TCells Mouse Blood Lymphoma","168/3109","0.99996913286991662150882120840833522379398345947265625000000000","0.99999332218516157055887561000417917966842651367187500000000","0","0","0.7191209911854567","0.000022197543769607576","PATJ;ANKRD37;TES;RAB3A;ARL6IP1;HFE;PLEKHB1;MSMO1;IRS2;MSANTD4;BZW1;MILR1;LIPE;RINL;ADGRA2;MPZ;FTH1;RPS6KA1;CCNL2;SPA17;PRKACB;TMPO;RNF43;ST6GAL1;RALGAPA1;FOXP1;SULT2B1;ACAP3;SPATA17;CYP2U1;FANCD2;KCTD12;MAML3;SNRPF;TNIK;ATF5;MZF1;FAIM;SLC45A3;MINDY1;DHX9;TMEM59L;ENDOD1;PIK3R1;KRCC1;PLD3;ZFP36L1;EFNB2;CCNB1;ADGRG5;GAR1;FADD;KCNN4;FDFT1;VASP;TMEM120B;XRCC6;EGR3;IQSEC1;ABCA3;ALYREF;SRD5A3;ZBTB12;SNF8;LSM5;BMP7;ANKHD1;ABHD15;PAN2;MSRA;NR4A1;STAG3;ATG16L2;FMC1;FASN;ID2;CHMP2B;BCL2;ANP32E;NF2;ANP32B;ARHGAP11A;DENND1C;OSCP1;DOCK4;CRYBG1;CITED2;SLC44A2;DOCK8;DUSP19;SLC2A1;TNFAIP3;HMGB1;EFCAB11;USE1;TRIM8;TUBA1B;BCL7A;NUF2;TMEM107;PDE4B;UTY;EIF5A;ACTR2;HSP90AA1;CCDC34;TESC;PDE4D;TNFRSF19;NOG;TEX14;GLRX2;TENT5B;KCNAB3;ETV6;ARL4C;TUBB2A;ZEB1;KIFC2;IRF1;MMP17;MCM5;CCDC40;CAMK2D;PCNA;MTFP1;SLC20A1;ATL1;CXCR4;PRICKLE1;HMGCR;AP3M2;POLD4;SRR;TNKS2;PSMB3;TRA2A;NRIP1;PCED1B;HNRNPA1;PDLIM5;MPZL3;RPL17;APBB3;TRIM44;HNRNPA3;CD72;GSN;PTGES3;FMNL3;CENPE;SLC25A37;KLF7;PSMC6;PIK3IP1;PSAT1;PSMC1;PSMC2;HNRNPA2B1;SGSM2;SARM1;RIMBP3;VIM;EIF3C;PIK3AP1;SSBP2;SNTB1;CDKN3"
"HOXB4","HOXB4 20404135 ChIP-ChIP EML Mouse","51/1180","0.99997192112304100763964243014925159513950347900390625000000000","0.99999332218516157055887561000417917966842651367187500000000","0","0","0.5799379982285208","0.000016284236318706867","ARHGAP11A;DDX3Y;CITED2;DOCK8;PLEKHB1;TNFAIP3;SIX1;ICAM5;BZW1;PITPNC1;IFIT2;LIPE;DBP;BCL7A;SCRN2;DNER;NEK2;UTY;PRKACB;CDK5RAP3;SYK;NME5;KCNAB3;DUSP6;DEPDC1B;PSMA1;ELF3;B3GNT5;CKS2;CEBPD;NDUFB3;PDGFB;HMGCR;GABARAP;PSMB6;AP3M2;POLD4;SDCBP;EBP;PSMB3;PRDX1;NRIP1;NCKAP1L;AP1M2;KAZALD1;DHRS3;PSMC1;ID2;TBCE;ANP32E;NF2"
"GABP","GABP 19822575 ChIP-Seq HepG2 Human","108/2155","0.99997516911397721361964840980363078415393829345703125000000000","0.99999332218516157055887561000417917966842651367187500000000","0","0","0.6698067403732921","0.000016632101323338377","ANKRD37;ARL6IP1;STMN3;CLGN;MPZ;ZNF84;DHX58;PAPOLA;RTTN;CCNL2;KPNA2;ACAD11;CCDC92;MAGI1;CASK;VASH1;DKK1;FANCD2;TMEM139;HAT1;CSNK2B;BRSK1;ZNF550;SPTBN4;IDI1;CUL7;FBLIM1;DHX9;INSIG2;ACAT2;SDCBP;BLOC1S2;LCN12;CASKIN1;FADD;STXBP6;ACBD7;YES1;ABCA3;SIAH1;SNF8;NR1D1;LSM5;DCDC1;ANKHD1;MSRA;HNRNPM;ATG16L2;FMC1;ID2;TBCE;CCNJL;BCL2L1;FANK1;DDX46;KCNC3;TGFB1I1;SLC2A1;SECTM1;USE1;SIPA1L3;ZCWPW1;AIFM3;SCML1;SEC61G;NUF2;MYBL2;MAN2C1;PRKG1;TTC23L;ACTR2;EIF5B;HSP90AA1;NDUFC2;TRPT1;TUBG2;KCNAB3;EPN3;MMP14;MRPL51;VSNL1;VGF;TAX1BP3;ALDOA;SMPDL3A;CCDC40;AGPAT5;WDR27;NDUFB8;POMP;U2AF1;APOLD1;AURKA;TNKS2;SLC25A21;ROMO1;MPZL3;HES4;ZNF461;KAZALD1;DHRS2;GDAP1;GRIN1;NUDT7;LBX2;PSMC1;ZNF219;NUP37"
"MYC","MYC 18555785 ChIP-Seq MESCs Mouse","32/852","0.99998321063763595528683936208835802972316741943359375000000000","0.99999332218516157055887561000417917966842651367187500000000","0","0","0.5028458232370576","0.000008442531612132909","CUL7;PCNA;DDX46;ARL6IP1;INSIG1;GCNT1;NUDT1;U2AF1;OGDHL;ECSIT;GCSH;EBP;CHST12;PRDX1;TRA2A;HMOX1;OIP5;KPNA2;RPL17;TRIM44;CDK5RAP3;EIF5B;KLF11;TAF15;HSPE1;F3;LACTB2;FASN;JTB;MCM5;EEF1E1;ALDOA"
"MYC","MYC 22102868 ChIP-Seq CA46 Human Blood BurkittsLymphoma","115/2314","0.99998705615162097881665204113232903182506561279296875000000000","0.99999332218516157055887561000417917966842651367187500000000","0","0","0.6613731550255728","0.000008560769245374972","ANKRD37;ICAM5;SSC4D;GCSH;CHCHD2;ZNF84;RPS6KA1;MACROD1;PAPOLA;CHAC1;HLA-DOA;PRKACB;MAP3K5;FOXP1;DEPDC1B;SPATA13;SNRPG;GEMIN7;MAML3;SNRPF;MZF1;FAIM;CFAP61;RTN4R;DHX9;PPP1R35;PIK3R1;TXN;AK7;LDHB;CCNB1;PRDX1;ANTKMT;GAR1;HOXC4;THEM6;ARSG;ZNF783;XRCC6;ST14;RABGAP1L;SIAH1;ZBTB12;SNF8;LSM5;CORO2B;BMP7;PAN2;DIAPH1;PPFIBP2;ATG16L2;FASN;BCL2;ANP32E;CREBRF;ANP32B;DHRS13;CITED2;KCNC4;MAST1;HMGB1;ECSIT;TRIM8;LYL1;NUF2;MAN2C1;FGFBP3;EIF5A;EIF5B;HSP90AA1;ZHX2;CCDC34;ANO8;TMC8;GLRX2;KREMEN2;CBFA2T3;DUSP7;TEX19;ETV6;RNF144B;OAF;SDHAF1;CKS2;HNRNPH3;ALDOA;AGPAT5;WDR27;ZNF595;RGS16;CXCR4;U2AF1;STAMBPL1;PSMB3;TRA2A;LRIG1;HNRNPA1;RPL17;LEKR1;HNRNPA3;CD72;TAF15;KCNJ11;PTGES3;CYP51A1;FBXL16;CENPF;GATM;FABP5;PIK3IP1;PSMC2;HNRNPA2B1;PTPN7;PIK3AP1;TMEM229B"
"VDR","VDR 23849224 ChIP-Seq CD4+ Human","85/1811","0.99998715810229876765902190527413040399551391601562500000000000","0.99999332218516157055887561000417917966842651367187500000000","0","0","0.6262813084945182","0.000008042692137636372","MIPEP;ANKRD37;IRS2;DBI;SLC2A3;ANTXR2;USE1;BZW1;NR3C2;CCT6B;HERC5;ZCWPW1;FGF9;NUF2;PSMD1;PMEPA1;TIMM17B;RTTN;CCNL2;SLC25A45;ACAD11;CDK5RAP3;TMPO;ACTR2;NHLRC3;RALGAPA1;EPN1;SYTL3;MRPL51;PSMA1;THAP8;FANCD2;HAT1;CLIP4;SNRPG;SNRPF;HNRNPH3;ZNF675;PTGER4;CUL7;CAMK2D;CLDND1;ZNF350;COX16;FICD;SLC20A1;NDUFB3;DAPP1;CRIP1;PRDM10;PSMB6;ARL17B;AP3M2;SDCBP;HLA-DMB;OXCT1;ZBBX;GAR1;IL21R;ZNF426;HNRNPA1;ZNF585B;PDLIM5;APBB3;ZNF461;TAF15;ACBD4;SRD5A3;NMI;HSPE1;DCDC1;ELL3;PARP10;EEPD1;DIAPH1;NR4A1;PSMC6;STAG3;PSMC2;ZNF219;HNRNPA2B1;ANP32E;VIM;RPL26L1;CPEB4"
"GABP","GABP 17652178 ChIP-ChIP JURKAT Human","19/617","0.99999028881643636790244045187137089669704437255859375000000000","0.99999332218516157055887561000417917966842651367187500000000","0","0","0.4106468400415177","0.000003987886207047480","DDX3Y;ACTR2;IK;XRCC4;DDX46;INSIG2;NDUFB3;SNF8;LSM5;GABARAP;ANKHD1;PSMC5;CHCHD2;PSMC1;SEC61G;ZNF84;PSMC2;TBCE;RPL26L1"
"YY1","YY1 33199912 ChIP-Seq 293T Human KidneyEmbryo","183/3612","0.99999189388086962004820179572561755776405334472656250000000000","0.99999332218516157055887561000417917966842651367187500000000","0","0","0.6588467972448070","0.000005340712273463048","SH3GL3;ALDH1L1;ARL6IP1;CPOX;OGDHL;IRS2;ARHGAP39;CCT6B;ZFYVE28;GCSH;HERC3;GPR176;FGF9;GRB14;ADGRA2;RPS6KA1;PAPOLA;PSMD1;RTTN;OIP5;SLC25A45;PRKACB;TMPO;SRRM3;SLC9A2;DISP2;OXA1L;SGO2;SPATA17;THAP8;LACTB2;FANCD2;DDIT4;HAT1;SNRPG;KCTD12;GEMIN7;MAML3;SNRPF;MZF1;CLOCK;ZNF675;FAIM;CFAP61;IDI1;COX16;PIK3R1;KRCC1;SAV1;LDHB;LDHA;ZMAT1;PRDX1;ANTKMT;GAR1;FAM43A;THEM6;ZNF268;ATP5ME;FDPS;YES1;PTPRN2;SYT1;MEIG1;ALYREF;SRD5A3;SIAH1;TMA7;AMMECR1;SNF8;NR1D1;LSM5;HNRNPM;DIAPH1;ATG16L2;FASN;NMU;CHMP2B;ANP32E;CREBRF;MIPEP;OSCP1;DHRS13;NRP2;CALCOCO1;DDX46;MAST4;CITED2;CETN2;FHL2;HMGB3;CTSV;DUSP18;ECSIT;USE1;SIPA1L3;ZCWPW1;NUF2;SPDL1;TK1;MAN2C1;CFAP43;TTC23L;EIF5A;ACTR2;EIF5B;KLF11;HSP90AA1;CNTD1;SYK;USP44;ANO8;COMMD4;MRPL51;PSMA4;PLCB4;VGF;PALLD;CHDH;IRF1;MCM5;HNRNPH3;ALDOA;METTL26;ST6GALNAC5;CCDC40;AGPAT5;WDR27;PRPS1;PCNA;ZNF350;SLC20A1;PELI2;LAMA3;SEMA3B;POMP;U2AF1;UQCR10;AKAP3;PPM1F;PSMB6;GLRA1;RIDA;ABLIM2;ABLIM3;TRA2A;CHN1;ZNF747;LRIG1;ROMO1;ZNF585B;MBNL3;MAP4K5;MPZL3;RPL17;APBB3;ZNF585A;H2AZ1;ZNF461;TIGAR;CD72;TAF15;TXNRD2;CYP51A1;SEPTIN6;MAPK15;GDAP1;SGPP2;TTLL7;SLC25A37;ADGRD1;KLF7;PSMC6;PSAT1;PSMC1;CTH;ZNF615;HNRNPA2B1;SGSM2;TRMT6;PCYOX1L;ZNF214;NUP37"
"FOXO3","FOXO3 22982991 ChIP-Seq MACROPHAGES Mouse","71/1639","0.99999251320344084703606313269119709730148315429687500000000000","0.99999332218516157055887561000417917966842651367187500000000","0","0","0.5751651500152299","0.000004306160585836821","DENND1C;DDX46;LRR1;DOCK8;CTNND1;BACH1;GALNT10;TXNDC17;PSMD2;MPZ;SEC61G;PAPOLA;TIMM17B;HOMER3;CCNL2;CHAC1;HMGN2;TMED4;ACTR2;HSP90AA1;TEX14;COMMD4;IL17RB;PARD3B;CHDH;IRF1;CKS2;SNRPG;GEMIN7;EEF1E1;CLOCK;SKAP2;IDI1;CAMK2D;DHX9;EBI3;POMP;NDUFB2;PIK3R1;LIN9;PTGS2;KRCC1;ACAT2;TNKS2;PRDX1;NRIP1;ST3GAL6;HNRNPA1;ABCA1;HNRNPA3;XRCC4;BRF1;TXNRD2;PTGES3;LSM5;PAN2;PARP10;KLF7;CENPF;PSMC5;GATM;SLCO3A1;STAG3;HNRNPA2B1;TRMT6;RAB13;CHMP2B;TBCE;PTPN7;PIK3AP1;NUP37"
"ZFX","ZFX 18555785 ChIP-Seq MESCs Mouse","107/2372","0.99999256664860003418482392589794471859931945800781250000000000","0.99999332218516157055887561000417917966842651367187500000000","0","0","0.5913771854981784","0.000004395930768065690","FHOD3;DGKE;ARL6IP1;PLEKHB1;STMN3;GCSH;EFEMP2;PSMD2;PAPOLA;PSMD1;KPNA2;TNS3;APLP1;VASH2;OXA1L;BCAM;CLDN3;FNDC4;HAT1;CSNK2B;ADPRH;CLIP4;S100A4;FKBP9;MZF1;FAIM;CUL7;DHX9;INSIG1;LTBP1;SOCS3;LDHB;SYNGR1;BLOC1S1;PRDX1;SOCS6;S100A10;ABCA2;XRCC6;ST14;GLMN;PARP16;FASN;ANP32E;NF2;CCNJL;BCL2L1;DUSP19;LRRC3;TRIM8;LYL1;ZCWPW1;SPEG;MYBL2;TK1;MAN2C1;FGFBP3;EIF5A;EIF5B;HSP90AA1;TIGD5;CCDC34;GAA;TRPC1;DENND2A;NDUFC2;TMC6;GLRX2;RENBP;DUSP7;C1QL1;VAMP8;MMP14;MRPL51;PSMA1;MDFIC;EHHADH;CKS2;MCM5;KIFC3;EEF1E1;FJX1;ENG;HBEGF;NDUFB8;SMARCD3;PDXP;U2AF1;HMGCR;TRA2A;NRIP1;MAN1C1;SLC25A21;MAP4K5;TRIM44;WASF3;CMTM7;TAF15;BRF1;DMRT1;KCNB1;PTGES3;GRHL2;PSMC6;PSAT1;SPRY1;SYCP3"
"JARID1A","JARID1A 20064375 ChIP-Seq MESCs Mouse","60/1695","0.99999312846769017326664652500767260789871215820312500000000000","0.99999332218516157055887561000417917966842651367187500000000","0","0","0.4605219375386224","0.000003164502245682817","DDX46;NUDT1;PCSK4;CCT6B;AIFM3;CHCHD2;ATP7B;PSMD2;MPZ;SEC61G;NUF2;MAN2C1;ACAD11;PRKACB;PRKG1;TMED4;EIF5A;PSENEN;IK;CNTD1;RENBP;COMMD4;EPN1;FNDC4;PSMA1;FANCD2;PNLDC1;TMEM139;C1D;CSNK2B;CKS2;SNRPG;TAX1BP3;WDR27;NDUFB8;PCNA;NDUFB3;EBI3;POMP;CACNA1D;PLD3;AURKA;CRYZ;PSMB6;PSMB3;BLOC1S1;ROMO1;MPZL3;APBB3;MPZL2;SNF8;LSM5;PSMC5;GNAL;PSMC2;SGSM2;TRMT6;EIF3C;NUP37;MAP3K12"
"ETS1","ETS1 20019798 ChIP-Seq JURKAT Human","52/1332","0.99999332218516157055887561000417917966842651367187500000000000","0.99999332218516157055887561000417917966842651367187500000000","0","0","0.5174231972038263","0.000003455267840925029","CALCOCO1;DDX46;SIPA1L3;CCT6B;ZFYVE28;ZCWPW1;ZNF84;SEC61G;NUF2;PAPOLA;PSMD1;RTTN;PRKCG;IK;IZUMO1;ESCO2;ZDHHC14;PSMA1;C1D;CSNK2B;JTB;GEMIN7;MZF1;ZNF550;CLDND1;COX16;NDUFB3;PLD3;PSMB6;ABLIM2;PSMB3;ZNF747;ZNF585B;ZNF268;FDPS;CA11;SYT3;SYT13;LSM5;HSPE1;GDAP1;PSMC5;TFAP4;NAT1;FMC1;DLG4;PSMC1;ZNF219;TRMT6;RPL26L1;SPC25;CPEB4"
