"Query Name","Rank","Scaled Rank","Set_name","TF","Intersect","Set length","FET p-value","FDR","Odds Ratio","Library","Overlapping_Genes"
"DEG_MD_SW480","1","0.00336700000000000","PCGF2","PCGF2","99","1450","0.00765200000000000","1","1.3200000000000001","ReMap--ChIP-seq","HPCAL4,ATF3,KCNMB4,ABCA3,FOXL2NB,HOXC11,SLC7A2,ADAM23,GSX1,ATRNL1,STXBP5L,OLFML2A,CNPY1,DLX2,ITGB2,NKX3-2,ADGRV1,FOXL1,NRG4,SNPH,SPON1,MT1X,ANK3,MT1A,MED12L,TSPAN8,B4GALNT3,GREB1,TH,PPP1R1B,CD24,SYNM,MOGAT3,ARHGEF7,CRYBA2,CD70,FOXA1,CLGN,IGF1R,NR3C2,TMEM266,CCND2,TBC1D30,ENPP5,EOMES,SLC1A3,ADGRG5,GRM8,CA8,VGF,IRF8,DBX1,GNG4,ZIC5,HOXA9,HOXA3,HOXA2,HOXA5,SOX14,HOXB2,SLAIN1,HOXC8,CGN,GJB2,SLC6A4,TRIM9,PHF24,COL2A1,MBNL3,POU4F1,CCL28,DACH1,LAMP3,CSGALNACT1,TLE1,LEMD1,NKX6-1,KIAA0319,LHX2,NLGN1,HDAC9,CACNG4,MGAT4A,EBF3,GDF7,MAPRE2,PTGER4,SUSD5,LBX1,HOXA11,LMO2,EFNA5,BAMBI,ULBP1,SIX2,WNT16,LRIG1,NCAM1,PDE10A"
"DEG_MD_SW480","2","0.00673400000000000","CBX2","CBX2","92","1441","0.04065000000000000","1","1.2280000000000000","ReMap--ChIP-seq","EML1,ATF3,IL22RA1,HOXC11,JPH2,JPH3,DUSP9,PELI2,CCM2L,CNPY1,ATP11A,SMO,TUBGCP3,FHL1,ITGB2,TMEM255B,FOXL1,NRG4,LRP3,MT1X,TM4SF5,MT1A,TTBK1,NKAIN1,B4GALNT3,IFITM10,GREB1,CD24,GRIK4,HNF4A,MN1,ARHGEF7,TMEM176A,KIF26B,NCMAP,IGF1R,TMEM266,CCND2,GNAZ,CACNA1S,VDR,BMP6,ZMYND15,ACOXL,DACT1,UBE2QL1,IRF8,DBX1,GNG4,MAN1C1,SLIT1,ZIC5,CD6,FAM131B,FRMPD1,HOXA9,HOXA2,HOXA5,CHGB,CLPSL2,SLC6A4,COL2A1,CEP295NL,GPNMB,F10,TPM1,LEMD1,CHRD,PLXNA2,SLC15A3,KIAA0319,LHX2,ANKRD33B,DUSP15,C1QL1,EVL,CACNG4,SYNPO,NTSR1,RAB39A,GDF7,NODAL,IL17RD,VGLL4,LBX1,HOXA11,CABP1,PDZD4,WNT16,ECT2L,SNCG,HES2"
"DEG_MD_SW480","3","0.01010000000000000","TBXT","TBXT","91","1446","0.05424000000000000","1","1.2100000000000000","ReMap--ChIP-seq","FZD10,HES7,CCBE1,UNC5A,DDIT4,ADAMTS10,HEXIM2,COL1A1,RNF227,BHLHE41,PELI2,HAS2,FLNC,OLFML2A,FSCN1,UTRN,TRABD2B,RASL10B,ST6GALNAC2,MDK,IL1RAPL1,ST6GALNAC3,ATP9A,UBE2L6,IKZF2,PPP1R3B,SFRP5,ART5,TSPAN8,EXT1,ECM1,HYAL1,MN1,SLC43A1,CRYBA2,PRICKLE1,GPC4,FOXA2,PRDM1,BAHCC1,EOMES,PROZ,INHBE,COL5A2,DACT1,SETBP1,ATP2B4,ZIC5,PNMT,HOXA2,CHGB,SOX14,HOXB2,FAM124A,FLRT3,FZD7,TMEM198,SSPN,CDK15,LFNG,MYBPH,SALL4,LZTS1,LZTS3,TLE2,TLE1,TLE6,PLXNA2,STRA6,ESRRB,GCSAM,RNF182,SMPDL3A,CEBPB,ASS1,KLF7,TNS4,PDE2A,NODAL,TENM4,SERP2,SH3PXD2A,IL17RD,AMIGO2,PRSS56,LIN28A,BAMBI,TGFBR3,IGDCC4,OGFRL1,NCAM1"
"DEG_MD_SW480","4","0.01347000000000000","NANOG","NANOG","91","1450","0.05703000000000000","1","1.2060000000000000","ReMap--ChIP-seq","FZD10,HES7,CCBE1,ISL2,DDIT4,SHMT2,FOXL2NB,BHLHE41,GPRC5B,CCM2L,GSX1,OLFML2A,FSCN1,UTRN,TRABD2B,DLX2,MDK,NKX3-2,FOXL1,SLITRK5,GCAT,PPP1R3B,EXT1,PPP1R1B,MKX,ANO8,MN1,CRYBA2,HSF4,GPC4,FOXA2,FOXA1,BAHCC1,EOMES,OSR2,NXPH4,CNN3,AUTS2,BMP4,DACT1,HS3ST3B1,ETV1,VGF,CLMP,ZIC5,VIM,PNMT,HOXA9,HOXA3,HOXA2,HOXA5,SOX14,HOXB2,FAM124A,HOXC8,FZD7,TMEM198,SSPN,ADM,NOTUM,INHA,SALL4,PLXNC1,TLE1,LEMD1,STRA6,LHX2,UFSP1,ADAMTS9,SMPDL3A,IRX2,SOX1,CHAC1,EBF3,CORO6,NODAL,RYR2,TENM4,IL17RD,LBX1,HOXA11,MYCN,PDZD4,PDZD7,LIN28A,BAMBI,DLG4,SLC2A4,ELAVL2,LRIG1,SSBP2"
"DEG_MD_SW480","5","0.01684000000000000","RUNX2","RUNX2","89","1450","0.08611000000000001","1","1.1779999999999999","ReMap--ChIP-seq","ENDOU,LACTB,HES7,CCBE1,EML1,HSPG2,PDGFC,BTBD19,COL1A1,PEAR1,CDC42EP1,OLFML2A,LEPR,SLC9A5,UTRN,TRABD2A,DLX2,ATXN1,FBXO32,CNTNAP1,ITGB2,NTN4,PBXIP1,LGALS1,TM4SF1,TSPAN1,EXT1,NRP1,IL1B,SELPLG,SLC43A3,KITLG,PLAT,PRDM1,BAHCC1,ADAM19,LAMC2,MVP,CLMP,VIM,HOXA9,HOXA3,HOXA2,HOXA5,DAAM2,HOXB2,PRDX5,HOXC8,UPF3A,ADM,LFNG,GRAMD2B,AHNAK,ADCY7,VEPH1,LPCAT2,TNC,GRB10,TPM1,PHLDB2,ATP8B1,DAB2,SLC26A9,ANKRD33B,PLEKHG4,SEMA4A,SPARC,DDX60L,SYNPO,TNS4,IFRD1,EBF3,COL8A2,CORO6,TRAM2,VGLL3,AMIGO2,NT5E,GDF15,SUSD2,HOXA11,ARHGAP18,DLG4,SLC2A4,RASA3,THBS1,LRIG1,MLPH,PMP22"
"DEG_MD_SW480","6","0.02020000000000000","PRDM14","PRDM14","87","1449","0.12420000000000000","1","1.1510000000000000","ReMap--ChIP-seq","HES7,UNC5A,CACNA2D4,HPCAL4,HSPG2,ISL2,SHMT2,CLCNKB,HEXIM2,MYH7B,BTBD19,RNF223,RNF227,LRRC10B,PEAR1,HOXC11,GPR35,DUSP9,TEX19,SMTNL2,MYRF,NEURL1B,DLX2,CNTNAP1,ITGB4,MDK,TNFRSF18,FURIN,PBXIP1,BAIAP3,KCNK15,NKAIN1,BST2,TMEM151A,HYAL1,ANO8,HSF4,FOXA2,CCND2,BAHCC1,SLC30A2,SPOCD1,EEF1A2,NXPH4,INHBE,RASGEF1A,HS3ST3B1,DCDC2B,ZIC5,STMN3,HOXA9,HOXB2,PRDX5,HOXC8,TMEM198,ADM,COL2A1,AHNAK,RHBG,ECEL1,CLCF1,NOTUM,INHA,LEMD1,CHRD,STRA6,LHX2,PLXNB3,DUSP15,IRX2,SEMA4A,ASS1,P2RX1,TBC1D10C,CHAC1,COL8A2,NTSR1,IFI6,HOXA11,PRSS56,HPCA,EMG1,FES,SIX2,MUC1,WNT11,HES2"
"DEG_MD_SW480","7","0.02357000000000000","TEAD1","TEAD1","85","1448","0.17310000000000000","1","1.1230000000000000","ReMap--ChIP-seq","HSPG2,PDGFC,HEXIM2,COL1A1,CDC42EP1,SAMD9,SLC7A2,LEPR,UTRN,TRABD2A,DLX2,ATXN1,FBXO32,ITGB6,UPP1,DST,PPP1R15A,NTN4,MLLT3,BEND6,KCNK15,TM4SF1,PPP1R1C,SLC7A11,SPTLC3,AASS,GNAI1,PLEKHA8,KITLG,PRDM1,BAHCC1,KIRREL3,PLGRKT,CNN3,CAV1,BMP4,COL5A2,LAMC2,CYP24A1,VIM,ALCAM,HOXA2,PLCE1,NDFIP2,CGN,ADM,GRAMD2B,SERPINB1,AHNAK,PAPSS2,LPCAT2,TPM1,SRGAP1,ATP8B1,MAFK,ANKRD33B,SEMA4A,MACC1,PTPN13,PTPN14,APP,SPARC,CBLC,DDX60L,ANTXR2,IFIT3,IFIT2,TNS4,TRAM2,EDN1,VGLL3,AMIGO2,CST6,NT5E,ARHGAP18,PLCXD2,TGFB2,LIN28A,SLC2A2,WNT16,THBS1,SASH1,SLC4A8,MLPH,PMP22"
"DEG_MD_SW480","8","0.02694000000000000","ATF4","ATF4","84","1442","0.19250000000000000","1","1.1140000000000001","ReMap--ChIP-seq","ISL2,DDIT3,DDIT4,SHMT2,ADAMTS17,CDC42EP1,ODC1,CCM2L,SLC7A1,KCNG1,SESN2,TRABD2A,ATXN1,SNAP25,CNTNAP1,PPP1R15A,FURIN,KCNK15,TM4SF5,GCAT,TSPAN1,PCK2,GREB1,MKX,NRP1,GRIK4,SLC7A11,LAT2,TMPRSS3,SLC43A1,NEDD9,CLGN,TMEM268,MAT1A,NXPH4,CACNA1D,FGF21,INHBE,ALPI,RNF103-CHMP3,ZMYND15,GDAP1L1,S100P,PRR22,SNAI2,TIMP3,F10,BEST1,GRB10,GPT2,RAB37,ASNS,CEBPB,CEBPG,ASS1,PSAT1,CTH,FOLR1,IFIT3,CHAC1,MAPK8IP2,POR,STC2,ZNF821,IZUMO1,STRADB,GDF15,PSPH,STEAP2,ABCG1,AKNA,HPCA,CPLX2,CPSF4,LIN28A,FES,ULBP1,SLC2A4,CASP4,ABCC4,HKDC1,LTF,ATP1A3,MLPH"
"DEG_MD_SW480","9","0.03030000000000000","SIX2","SIX2","84","1451","0.20790000000000000","1","1.1070000000000000","ReMap--ChIP-seq","FZD10,PDGFC,DCHS2,LRRC10B,HOXC11,RAPGEF5,SMTNL2,GPA33,HAS2,STXBP5L,ATP11A,FRMD3,MAF,TRABD2B,ATXN1,FBXO32,TUBGCP3,MDK,B4GALNT3,BST2,EXT1,NRP1,IL24,GRIK4,OXGR1,MN1,TMPRSS3,GXYLT2,CACNA1H,AUTS2,BMP6,RERE,RTP4,RND2,HUNK,ETV1,SSTR5,SLIT1,SPOCK1,TBX19,SBK3,NAXD,HOXA9,HOXA3,HOXA2,PLCE1,HOXA5,DAAM2,HOXB2,HOXC8,FZD7,CDK14,SERPINB1,COL2A1,GAS1,CEP295NL,MBNL3,MYBPH,TNC,DACH1,LZTS1,TPM1,PARM1,PLXNA2,STRA6,PTPN14,IFITM1,TIAM1,SH2D2A,CORO6,SH3PXD2A,PTGER4,AMOT,HOXA11,SHISA2,MYCN,LTBP1,PDZD7,SIX2,ALDH1A3,WNT11,NCAM1,GBP1,VAT1L"
"DEG_MD_SW480","10","0.03367000000000000","PROX1","PROX1","83","1445","0.22969999999999999","1","1.0980000000000001","ReMap--ChIP-seq","FZD10,CLDN1,SMCO2,HES7,DDIT4,ADAMTS17,HEXIM2,MYH7B,BTBD19,GRIN2B,GPR35,EMP3,KCNMA1,ODC1,GPA33,HAS2,GSX1,FSCN1,TRABD2A,ATXN1,FBXO32,ITGB4,ATP9A,RASSF6,TM4SF1,ECM1,HNF4A,TMPRSS3,TMPRSS2,PRDM1,ADAM19,CAV1,INHBE,LAMC2,SCN5A,VGF,CYP24A1,HOXA9,HOXA3,HOXA2,HOXA5,S100A14,CGN,SNAI2,ADM,LFNG,C1QTNF8,ANXA9,SERPINB1,BACE2,AHNAK,CEP295NL,FGD5,CLCF1,NOTUM,LEMD1,PHLDB2,PTPN22,SMPDL3A,UGT1A5,SEMA4A,MACC1,CBLC,TNS4,CD109,NTSR1,SERP2,CST5,AMOT,HOXA11,KRT6B,KRT6A,KRT71,LMO2,KRT75,KRT74,FAM83E,PDZD7,BAMBI,WNT16,RASA3,HKDC1,LRIG1"
"DEG_MD_SW480","11","0.03704000000000000","MBD3","MBD3","82","1441","0.25669999999999998","1","1.0870000000000000","ReMap--ChIP-seq","HES7,ISL2,SHMT2,RNF223,KCNMA1,ODC1,ZNF469,NAB2,FSCN1,DLX2,ATXN1,ITGB4,ITGB2,MDK,FURIN,ATP9A,BAIAP3,KCNK15,KCNQ2,GREB1,MOGAT3,C8G,TMPRSS3,HSF4,FOXA1,BAHCC1,EEF1A2,DPEP1,NXPH4,GNB2,DEGS2,SSTR5,VGF,MVP,CYP24A1,STMN3,HOXA9,HOXA3,PRDX5,S100A14,HOXC8,CGN,TMEM198,LFNG,C1QTNF8,ANXA9,MGLL,AHNAK,CLCF1,NOTUM,EEF1AKMT3,INHA,SALL4,PLXNC1,LHX2,SPIRE2,MAFK,UFSP1,ASPG,EVL,CEBPB,CACNG4,IRX2,ASS1,CBLC,TBC1D10C,STC2,NTSR1,AMIGO2,BEGAIN,GDF15,HOXA11,FAM83E,PDZD7,FES,TSFM,MUC1,WNT11,SNCG,NOS3,MLPH,TBKBP1"
"DEG_MD_SW480","12","0.04040000000000000","SMAD4","SMAD4","80","1440","0.33129999999999998","1","1.0589999999999999","ReMap--ChIP-seq","HES7,CCBE1,DDIT4,KCNMB4,BTBD19,COL1A1,BHLHE41,NEURL1B,ATRNL1,SLC25A48,SLC9A5,FSCN1,TNFRSF11B,ITGB6,SLC25A15,CCL2,KCNK15,MED12L,TSPAN8,DECR1,PCK2,GREB1,BST2,SYNM,MOGAT3,HNF4A,CRYBA2,NEDD9,GPC4,FOXA2,PRDM1,IGF1R,EOMES,PCID2,CACNA1D,CAV1,INHBE,RND2,ACOXL,DACT1,SETBP1,ZIC5,FRMPD1,ALCAM,SOX14,SLAIN1,PRDX5,GJC2,FZD7,GJB5,SSPN,ADM,LFNG,TLE2,ANKRD44,GPT2,TPM1,TLE6,RAB37,PHLDB2,NOTCH3,PLXNA2,RCAN2,TPP1,UFSP1,PLEKHG4,KCNJ10,CUL4A,KLF7,NECTIN3,SOX1,ZNF831,NODAL,SLC35F3,SERP2,IL17RD,PTGER2,AMIGO2,AMOT,BAMBI"
"DEG_MD_SW480","13","0.04377000000000000","EOMES","EOMES","79","1443","0.37990000000000002","1","1.0429999999999999","ReMap--ChIP-seq","WLS,FEZ1,BHLHE41,GPA33,HAS2,LEPR,TRABD2A,TNFRSF11B,ITGB6,ST6GALNAC3,CCL2,IKZF2,TSPAN8,DECR1,TNFSF15,EXT1,NRP1,NEDD9,GPC2,GPC4,KCNS3,FOXA2,PRDM1,EOMES,OSR2,AUTS2,SCN5A,DACT1,SETBP1,CLMP,GNG4,ATP2B4,ZIC5,CD4,PNMT,SOX14,DKK4,FZD7,ELL2,TMEM198,GJB5,SSPN,CDK15,TIMP3,FAM234B,PLCB1,FGD5,CHN2,APOL3,RAB3B,SALL4,TLE2,TLE1,TPM1,PLXNA2,KIAA0319,MAP2K6,STRA6,ESRRB,RCAN2,ADAMTS9,GPX2,PTPN13,KLF7,ANTXR2,TNS4,PDE2A,STAG3,NODAL,TENM4,SERP2,BTN3A2,IL17RD,FAM186A,LIN28A,BAMBI,CAMK2D,LRIG1,TBKBP1"
"DEG_MD_SW480","14","0.04714000000000000","KLF6","KLF6","79","1449","0.39369999999999999","1","1.0389999999999999","ReMap--ChIP-seq","HES7,HSPG2,DDIT4,PDGFC,BTBD19,RNF223,BHLHE41,PEAR1,FGFBP1,CDC42EP1,CHST3,MYRF,FSCN1,TRABD2A,ATXN1,ITGB4,ITGB2,NRGN,MDK,FOXL1,NTN4,PBXIP1,MLLT3,ATP9A,BAIAP3,GCAT,TM4SF1,EREG,MT1A,NRP1,ANO8,HSF4,NCMAP,BAHCC1,ADAM19,EEF1A2,RERE,LAMC2,VGF,MVP,CYTH4,S100P,HOXA3,HOXA5,PRDX5,CGN,RPL3L,GJB5,SSPN,GRAMD2B,SERPINB1,AHNAK,APOL1,PRSS33,CLCF1,TPM1,ADAM8,STRA6,ESAM,CEBPB,PTPN14,TRMT61A,CBLC,TNS4,KLK7,NTSR1,EDN1,B3GNT7,PTGER4,AMIGO2,CST6,PDZD7,DLG4,SLC2A4,HKDC1,MUC1,HES2,NOS3,MLPH"
"DEG_MD_SW480","15","0.05051000000000000","FOS","FOS","79","1451","0.39839999999999998","1","1.0369999999999999","ReMap--ChIP-seq","CLDN1,HES7,HSPG2,DDIT4,ATF3,PDGFC,HEXIM2,BTBD19,EMP3,CDC42EP1,ODC1,SESN2,LEPR,SLC9A5,ATXN1,FBXO32,ITGB4,ITGB6,UPP1,PPP1R15A,FURIN,TM4SF1,MT1A,EXT1,IL24,SLC7A11,ANO8,IL1B,SELPLG,CD70,PLAT,PLGRKT,CAV1,LAMC2,VGF,CYTH4,ATP2B4,TBX19,CYP24A1,VIM,ALCAM,HOXA2,ACOT9,S100A14,ADM,SERPINB1,AHNAK,CLCF1,RAB3D,TNC,RAB30,PHLDB2,ATP8B1,MAFK,SLC26A9,ZNF774,CEBPB,CEBPG,SEMA4A,MACC1,PTPN14,P2RX7,DDX60L,TNS4,CD109,PAPPA,RAB7B,MAPRE2,VGLL3,AMIGO2,GDF15,KRT6B,KRT6A,KRT75,ARHGAP18,PDZD7,DLG4,HKDC1,SNCG"
"DEG_MD_SW480","16","0.05387000000000000","STAT1","STAT1","79","1452","0.40070000000000000","1","1.0360000000000000","ReMap--ChIP-seq","C3AR1,HES7,DDIT4,HEXIM2,BTBD19,GPR35,EMP3,KCNA2,NAB2,TRABD2A,ATXN1,ITGB2,ACP5,TNFRSF18,PPP1R15A,FURIN,CCL2,PPAN,UBE2L6,TNFSF10,SCN1B,TM4SF5,MT1A,CD14,RAC2,SYK,ANO8,CTU1,IL1B,SELPLG,PRDM1,TMEM268,BAHCC1,MR1,ADAM19,PLGRKT,ZMYND15,IRF8,MVP,CYTH4,VIM,ALCAM,ACOT9,PRKCB,MEFV,PRDX5,TNFSF9,ADM,SERPINB1,AHNAK,CEP295NL,CLCF1,EEF1AKMT3,BEST1,PLXNC1,ADAM8,SLC15A3,CEBPB,SEMA4A,MACC1,KLF2,IFITM1,CBLC,IFIT3,IFIT2,TBC1D10C,RAB7B,PTGER4,PTGER2,IFI6,GDF15,CD300C,DTX4,EMG1,PDZD7,DLG4,FES,TSFM,MUC1"
"DEG_MD_SW480","17","0.05724000000000000","MBD2","MBD2","76","1442","0.51119999999999999","1","1.0020000000000000","ReMap--ChIP-seq","FZD10,ISL2,TFR2,BTBD19,RNF223,FOXL2NB,LRRC10B,TEX19,KCNMA1,KCNG1,ATP11A,ITGB2,MDK,TNFRSF18,ZNF853,GAREM2,SFRP5,KCNQ2,EGR4,TMEM151A,MOGAT3,C8G,ANO8,MN1,ARHGEF7,CRYBA2,HSF4,GPC2,BAHCC1,OSR2,EEF1A2,DPEP1,CACNA1H,ADGRG5,DEGS2,HS3ST3B1,SSTR5,VGF,ZIC5,SBK3,STMN3,HOXA9,HOXA3,HOXA5,SLAIN1,ABO,PRDX5,FZD7,LFNG,C1QTNF8,F10,POU4F1,PLXNC1,NOTCH3,CHRD,TPPP,ATP8B3,LHX2,IRX2,IFITM1,IFITM2,AQP5,SOX1,MAPK8IP2,NTSR1,GDF7,STAG3,NODAL,HOXA11,FAM83E,PCDHGB7,PCDHGB5,SPEG,COL6A2,HES2,TBKBP1"
"DEG_MD_SW480","18","0.06061000000000000","GATA3","GATA3","76","1450","0.53029999999999999","1","0.9963000000000000","ReMap--ChIP-seq","DDIT4,HEXIM2,BTBD19,BHLHE41,HOXC11,JPH2,RAPGEF5,ODC1,SLC7A2,ATXN1,FBXO32,ITGB6,MLLT3,ATP9A,IKZF2,TNFSF10,KCNK15,TM4SF1,GREB1,EXT1,NRP1,GAB1,TMPRSS3,FOXA1,NR3C1,BAHCC1,CNN3,DEGS2,TENT5C,CD4,CYP24A1,S100P,VIM,ALCAM,PLCE1,SYTL2,S100A14,CGN,SSPN,ADM,ANXA9,GRAMD2B,PLCB1,AHNAK,PAPSS2,CLCF1,TMEM229B,CSF2,SALL4,TLE1,TPM1,RAB30,CEMIP,STRA6,ATP8B1,SPIRE2,MAFK,SLC26A9,ANKRD33B,CEBPB,CACNG4,SPARC,STC2,TRAM2,ANKRD2,EDN1,VGLL4,AMIGO2,NT5E,MYCN,TGFB2,BAMBI,DLG4,LRIG1,SLC4A8,MLPH"
"DEG_MD_SW480","19","0.06397000000000000","MYOD1","MYOD1","75","1448","0.57069999999999999","1","0.9839000000000000","ReMap--ChIP-seq","HSPG2,RFX8,DDIT4,PDGFC,HEXIM2,COL1A1,HOXC11,JPH2,TEX19,FLNC,OLFML2A,FSCN1,FBXO32,FURIN,EXT1,AATK,PITPNM3,SELPLG,SLC43A1,CRYBA2,PLAT,BAHCC1,TTC7B,DPEP1,PLD6,PRR5,TMEM221,SBK3,S100P,STMN3,LDHD,ST3GAL5,HOXC8,TMEM198,ADM,LFNG,IMPA2,GAS1,AHNAK,CEP295NL,MYBPH,CLCF1,NOTUM,INHA,LZTS1,ZNF556,CHRD,PLXNA2,MAFK,SEMA4A,PTPN14,PSAT1,TRMT61A,CBLC,TBC1D10C,CHAC1,EBF3,POR,COL8A2,STC2,NODAL,TRAM2,ANKRD2,SUSD3,GDF15,LBX1,COL4A2,AKNA,PDZD7,WSCD1,SIX2,SPEG,RASA3,NOS3,MLPH"
"DEG_MD_SW480","20","0.06734000000000000","TCF4","TCF4","74","1440","0.59689999999999999","1","0.9757000000000000","ReMap--ChIP-seq","DDIT3,HEXIM2,GRIN2B,GPR35,CDC42EP1,RAPGEF5,OLFML2A,TRABD2A,ATXN1,MLXIPL,ITGB4,POF1B,PAQR8,GCAT,EREG,TSPAN8,TH,PPP1R1B,ECM1,IL15,GAB1,TMPRSS2,FOXA1,BAHCC1,VDR,DEGS2,HUNK,SSTR5,MVP,MVB12B,PNMT,HOXA9,ALCAM,HOXA3,HOXA2,PLCE1,HOXA5,SYTL2,PRDX5,GJC2,CGN,SSPN,ADM,C1QTNF8,SERPINB1,NOTUM,TLE1,ATP8B1,UFSP1,UGT1A1,CEBPB,CEBPG,UGT1A5,CBLC,SYNPO,TNS4,KLK7,NODAL,SERP2,SH3PXD2A,EDN1,AMIGO2,AKAP6,GDF15,HOXA11,ALDH3A1,DTX4,EMG1,FAM83E,LRRC75B,DLG4,SLC2A4,THBS1,LRIG1"
"DEG_MD_SW480","21","0.07071000000000000","ZNF92","ZNF92","74","1442","0.60150000000000003","1","0.9743000000000001","ReMap--ChIP-seq","GMFG,EML1,HSPG2,DDIT4,HPD,CLCNKB,COL1A1,PEAR1,EMP3,CDC42EP1,MYRF,ZNF469,OLFML2A,SESN2,LEPR,FSCN1,ATXN1,VPS37D,KCTD21,TTC39A,LDLRAD1,LGALS1,SCN1B,KCNQ4,IFITM10,TH,PPP1R1B,RAC2,ANO8,MN1,SELPLG,CD74,KITLG,SPOCD1,FBN3,HTRA3,ADGRG5,PRR5,ZNF385C,SSTR5,PEX5,CYTH4,CYP24A1,ALCAM,DAAM2,PRR22,LFNG,TIMP3,LPCAT2,RAB3D,BEST1,TLE2,COL27A1,NOTCH3,ADAP2,STRA6,ANKRD24,LHX2,MAFK,CEBPB,SEMA4A,CBLC,DDX60L,AQP5,SYNPO,TNS4,PAPPA,COL8A2,SUSD3,GDF15,CAMK1,AKNA,FAM83E,TRPV4"
"DEG_MD_SW480","22","0.07407000000000000","STAT2","STAT2","74","1444","0.60609999999999997","1","0.9729000000000000","ReMap--ChIP-seq","GMFG,LACTB,EPSTI1,DCHS2,TEX19,SAMD9,UCP3,UCP2,SIGLEC6,FOXP1,SLC9A2,GMPR,CNTNAP1,ACP5,PPP1R15A,PPAN,UBE2L6,IFI35,TNFSF10,LGALS9,IFI27,NKAIN1,DECR1,GREB1,BST2,SELPLG,PLAT,BAHCC1,TTC7B,DDX60,RTP4,RND2,CLN8,ACOT9,PRKCB,MEFV,RPL3L,TMEM198,IFIH1,TRIM6,ANXA9,SERPINB1,APOL1,APOL3,EEF1AKMT3,ATP8A2,PROS1,HMBOX1,ITGA10,ANKRD33B,UFSP1,SEMA4A,MACC1,IFITM1,IFITM2,ANTXR2,IFIT1,IFIT3,IFIT2,SYNPO,TNS4,SP110,IL23A,ZFPM2,TRANK1,STC2,IFI6,GDF15,SUSD2,TSFM,OAS1,MUC4,NOS3,SSBP2"
"DEG_MD_SW480","23","0.07743999999999999","CLOCK","CLOCK","74","1449","0.61750000000000005","1","0.9693000000000001","ReMap--ChIP-seq","LACTB,HES7,UNC5A,HPCAL4,ADAMTS10,BHLHE41,KCNA6,NAB2,ATP11A,FSCN1,ITGB2,RASGRF1,UPP1,TMEM255B,PBXIP1,PTPN7,ZNF853,IFI35,GREB1,EXT1,TG,CDC16,DIRAS2,IL24,AATK,CD74,BAHCC1,ZBP1,SSH2,ALPI,RND2,SCN5A,BCKDHA,UBE2QL1,VGF,SBK3,FRMPD1,HOXA9,HOXA3,HOXA5,S100A14,GRTP1,SSPN,LFNG,PRSS33,CLCF1,TMEM229B,NOTCH3,MAFK,SLC26A9,ANKRD33B,UFSP1,C1QL1,TFDP1,TNS4,PDE2A,ALDOC,RAB7B,VGLL4,CST5,GDF15,CAMK1,HOXA11,CD300C,ABCG1,PDZD7,TRPV3,KLF15,IGDCC4,RASA3,COL6A2,ATP1A3,RASD2,TBKBP1"
"DEG_MD_SW480","24","0.08081000000000001","FOSL1","FOSL1","74","1452","0.62429999999999997","1","0.9671999999999999","ReMap--ChIP-seq","HSPG2,DDIT4,ATF3,C2,PDGFC,BTBD19,COL1A1,PEAR1,EMP3,DPYD,CDC42EP1,FLNC,KCNG1,NAB2,LEPR,SLC9A5,FSCN1,UTRN,SHC4,GMPR,ATXN1,FBXO32,ITGB6,UPP1,DST,TNFRSF18,PPP1R15A,FURIN,BEND6,PAQR8,TM4SF1,EREG,SELPLG,SLC43A3,PLAT,CAV1,VGF,MVP,CYTH4,SBK3,VIM,ACOT9,PRDX5,CGN,ELL2,ADM,SERPINB1,AHNAK,CLCF1,CSF2,BEST1,STRA6,ATP8B1,MAFK,ANKRD33B,PLEKHG4,SEMA4A,MACC1,P2RX7,DDX60L,ANTXR2,TNS4,CD109,NTSR1,CST6,GDF15,LMO2,ARHGAP18,DLG4,FES,HKDC1,NOS3,MLPH,SSBP2"
"DEG_MD_SW480","25","0.08418000000000000","HHEX","HHEX","73","1448","0.65839999999999999","1","0.9562000000000000","ReMap--ChIP-seq","CLDN1,LACTB,HEXIM2,CDC42EP1,MAF,PIWIL2,SNAP25,NTN4,FURIN,ATP9A,CPNE8,SCN1B,TM4SF5,TM4SF1,NINJ2,TSPAN8,APOE,PCK2,GREB1,MOGAT3,SLC43A3,TMPRSS3,BAHCC1,PCID2,PROZ,INHBE,HS3ST3B1,SSTR5,GNG4,SPOCK2,ZIC5,CD4,S100P,PNMT,STMN3,CHGB,ELL2,C1QTNF8,TIMP3,CHN2,F10,RAB3B,SALL4,GPT2,RAB37,HMBOX1,ADAP2,DAB2,SPIRE2,TPP2,DUSP19,GPX2,UGT1A1,SMPDL3A,CEBPG,CUL4A,P2RX7,MGAT4A,APOC1,IFIT1,MAPK8IP2,POR,SH3PXD2A,LY6G6F,GDF15,ARHGAP40,FAM186A,HPCA,CPLX2,LIN28A,FES,SLC2A2,LRIG1"
"DEG_MD_SW480","26","0.08754000000000001","SOX13","SOX13","73","1450","0.66279999999999994","1","0.9549000000000000","ReMap--ChIP-seq","HES7,DDIT4,HPD,HEXIM2,SHF,DUSP9,CDC42EP1,RAPGEF5,NAB2,FOXP1,UTRN,DLX2,ZKSCAN3,MLXIPL,ATP9A,PAQR8,TM4SF1,NINJ2,TSPAN8,APOE,GREB1,TH,HYAL1,HNF4A,NEDD9,FOXA2,FOXA1,NCMAP,IGF1R,BAHCC1,MAT1A,PROZ,HS3ST3B1,SSTR5,SPOCK2,ZIC5,CD4,S100P,HOXA3,HOXA5,ELL2,RPL3L,TNFSF4,C1QTNF8,IMPA2,TIMP3,SERPINB1,AHNAK,MBNL3,RHBG,NOTUM,BEST1,SALL4,COL27A1,TLE1,GPT2,IGFBP3,MAFK,SMPDL3A,CEBPB,POLR2A,APOC1,POR,STC2,BTN3A2,MAPRE2,LY6G6F,GDF15,PSPH,ARHGAP18,BAMBI,DLG4,SLC2A2"
"DEG_MD_SW480","27","0.09091000000000000","HNF1B","HNF1B","72","1448","0.69989999999999997","1","0.9425000000000000","ReMap--ChIP-seq","DDIT4,RDH12,PDGFC,BHLHE41,DPYD,CDC42EP1,CHST3,ATP11A,UTRN,SHC4,ATXN1,SLC38A5,NRGN,ITGB6,UPP1,MLLT3,SYT13,CPNE8,RASSF6,TM4SF1,EREG,TNFSF15,EXT1,NRP1,SLC7A11,SPTLC3,CAV1,RERE,TBX19,VIM,ALCAM,HOXA3,HOXA2,HOXA5,SYTL2,FLRT3,CGN,FHDC1,SSPN,GRAMD2B,SERPINB1,BACE2,MGLL,AHNAK,CLCF1,CCL28,RAB3B,PHLDB2,KIAA0319,ESAM,DUSP19,GPX2,MACC1,PTPN14,APP,ANTXR2,IFIT3,TNS4,RUNX1,CD109,MAOB,SLC44A3,ANKRD2,EDN1,AMIGO2,NT5E,EFNA5,FAM83B,TGFB2,ABCC4,HKDC1,MLPH"
"DEG_MD_SW480","28","0.09428000000000000","ZBTB7A","ZBTB7A","72","1450","0.70389999999999997","1","0.9411000000000000","ReMap--ChIP-seq","HES7,HSPG2,TFR2,DDIT4,SHMT2,CLCNKB,HEXIM2,BTBD19,RNF223,PEAR1,DUSP9,TEX19,MYRF,ZNF469,NAB2,FSCN1,TNFRSF18,PPP1R15A,FURIN,BAIAP3,SCN1B,KCNQ2,APOE,TH,PPP1R1B,TMEM151A,MOGAT3,AATK,C8G,ANO8,HSF4,BAHCC1,EEF1A2,NXPH4,CACNA1H,INHBE,GNB2,SSTR5,VGF,MVP,SBK3,PNMT,STMN3,PRDX5,HOXC8,RPL3L,TMEM198,LFNG,C1QTNF8,CLCF1,NOTUM,RAB3D,TLE2,ADAM8,ATP8B3,MAFK,CEBPB,SEMA4A,APOC1,IFITM1,IFITM2,CBLC,TBC1D10C,CHAC1,COL8A2,LY6G6F,GDF15,FAM83E,DLG4,FES,HES2,NOS3"
"DEG_MD_SW480","29","0.09764000000000000","MAFK","MAFK","72","1451","0.70599999999999996","1","0.9404000000000000","ReMap--ChIP-seq","HES7,DDIT4,ATF3,BTBD19,SHF,TEX19,ADAM23,EGLN3,GPR52,SESN2,KCNH8,UTRN,ATXN1,ZKSCAN3,SNAP25,CNTNAP1,DST,PBXIP1,BEND6,DHFR2,TM4SF1,BTD,TTBK1,PCK2,IGF1,TMEM151A,NRP1,SLC7A11,GAL,SELPLG,SLC43A3,PRDM1,MR1,CAV1,BMP6,RBM24,CLN8,VIM,PRDX5,ST3GAL5,ELL2,GJB2,ADM,SERPINB1,CLCF1,TPM1,KIAA0319,ANKRD33B,SMPDL3A,APOC1,ANTXR1,IFIT3,TBC1D10C,STC2,ZNF821,ESM1,BTN3A1,BTN3A3,BTN3A2,KRT39,RAB7B,PTGER2,GDF15,COL4A2,ARHGAP18,LTBP1,KRT40,EMG1,FAM83E,DLG4,SLC2A2,HKDC1"
"DEG_MD_SW480","30","0.10100000000000001","IKZF1","IKZF1","72","1452","0.70799999999999996","1","0.9397000000000000","ReMap--ChIP-seq","HES7,HSPG2,DDIT4,SHMT2,HEXIM2,BTBD19,COL1A1,PEAR1,HOXC11,CCM2L,SIGLEC6,NAB2,SESN2,LEPR,FSCN1,GMPR,SPN,ACP5,PPP1R15A,FURIN,PBXIP1,PPP1R3B,TSPAN1,SLC43A3,BAHCC1,SLC30A2,ADAM19,SPOCD1,NXPH4,FGF21,INHBE,RERE,TENT5C,ATP2B4,SBK3,CD4,PNMT,PRKCB,HOXB2,PRDX5,ST3GAL5,HOXC8,CGN,TNFSF9,ANXA9,CLCF1,BEST1,GRAP2,TLE6,SLC26A4,CEBPB,MACC1,P2RX7,P2RX1,IFITM1,CBLC,ANTXR2,IL23A,COL8A2,RYR1,SERP2,IZUMO1,LY6G6F,GDF15,ARHGAP18,EMG1,FAM83E,PDZD7,DLG4,RASA3,NOS3,SSBP2"
"DEG_MD_SW480","31","0.10440000000000001","ESR1","ESR1","71","1446","0.73519999999999996","1","0.9300000000000000","ReMap--ChIP-seq","UNC5A,EML1,DDIT4,HEXIM2,ABCA3,RNF223,HOXC11,CDC42EP1,ODC1,ATXN1,FBXO32,ITGB2,ATP9A,TTC39A,BAIAP3,KCNK15,MT1A,TSPAN1,IFITM10,GREB1,TH,IL24,TMPRSS3,TMPRSS2,FOXA1,NCMAP,TMEM268,VDR,BMP4,DEGS2,TENT5C,SSTR5,CYP24A1,S100P,STMN3,LDHD,S100A14,HOXC8,CGN,LFNG,C1QTNF8,ANXA9,FAM234B,COL2A1,AHNAK,PRSS33,CCL28,TMEM229B,TLE1,ATP8B1,SPIRE2,MAFK,CEBPB,CACNG4,MACC1,ASS1,CBLC,STC2,ANKRD2,EDN1,VGLL4,SUSD3,GDF15,ARHGAP40,DLG4,KRT83,MUC1,LRIG1,SNCG,MLPH,TBKBP1"
"DEG_MD_SW480","32","0.10770000000000000","GATA6","GATA6","71","1448","0.73899999999999999","1","0.9287000000000000","ReMap--ChIP-seq","HSPG2,HEXIM2,IL22RA1,BHLHE41,HOXC11,CDC42EP1,MYRF,ZNF469,EGLN3,ATP11A,SLC9A2,FSCN1,ATXN1,MLXIPL,PPP1R15A,PBXIP1,MLLT3,ATP9A,TM4SF1,TSPAN8,PPP1R1B,NRP1,HNF4A,KITLG,FOXA2,BAHCC1,FGF21,DEGS2,SSTR5,VGF,IRF8,HOXA3,HOXA5,SYTL2,RNF128,PRDX5,S100A14,HOXC8,FHDC1,SSPN,ADM,C1QTNF8,ANXA9,AHNAK,CLCF1,BEST1,SALL4,GPT2,SRGAP1,SPIRE2,SLC26A9,CEBPB,CEBPG,UGT1A5,MACC1,CBLC,TNS4,ARGLU1,SERP2,EDN1,IZUMO1,GDF15,TMEM144,PSPH,DTX4,EFNA5,EMG1,BAMBI,SLC2A2,LRIG1,MLPH"
"DEG_MD_SW480","33","0.11110000000000000","ZZZ3","ZZZ3","20","430","0.74280000000000002","1","0.8786000000000000","ReMap--ChIP-seq","CACNA2D4,IL20RB,TUBA1A,FGFBP1,KCNA2,TNFSF10,SLPI,GAB1,TMEM176A,MR1,ALCAM,ACOT9,ADM,SERPINB5,CHN2,IFIT3,IFIT2,BEGAIN,COL4A5,GBP1"
"DEG_MD_SW480","34","0.11450000000000000","SPI1","SPI1","71","1451","0.74470000000000003","1","0.9267000000000000","ReMap--ChIP-seq","RNASE1,DDIT4,HEXIM2,BTBD19,KCNA2,UCP3,UCP2,NAB2,SESN2,TRABD2A,ITGB2,NRGN,SPN,ACP5,FURIN,PBXIP1,CCL2,PTPN7,PPAN,LGALS1,CD14,PCK2,HYAL1,RAC2,SYK,CTU1,IL1B,SELPLG,SLC43A3,NEDD9,GPC2,CD74,PRDM1,CCND2,MR1,ADAM19,GNB2,ZMYND15,IRF8,MVP,CYTH4,CD4,PRKCB,TNFSF9,LFNG,SERPINB1,AHNAK,CLCF1,ANKRD44,ADAM8,ESAM,TPP1,PTPN22,GM2A,SEMA4A,MACC1,VIPR1,TBC1D10C,SP110,ZNF821,STAG3,SUSD3,GDF15,LMO2,CD300C,AKNA,EMG1,DLG4,FES,RASA3,MUC1"
"DEG_MD_SW480","35","0.11780000000000000","CTCF","CTCF","71","1453","0.74850000000000005","1","0.9253000000000000","ReMap--ChIP-seq","ENDOU,HES7,MYL3,SHMT2,CLCNKB,HEXIM2,BTBD19,COL1A1,FOXL2NB,PEAR1,SHF,EMP3,DUSP9,CDC42EP1,MYRF,NAB2,OLFML2A,SLC9A5,ATXN1,MDK,LRP3,PBXIP1,BAIAP3,PTPN7,BST2,TH,PPP1R1B,TMEM151A,IL24,C8G,HYAL1,CRYBA2,HSF4,PCDHB10,NXPH4,INHBE,VGF,MVP,S100P,PNMT,HOXA9,HOXA3,HOXA5,PRDX5,HOXC8,RPL3L,TMEM198,CLCF1,EEF1AKMT3,IGFBP3,ATP8B3,ESAM,PLEKHG4,CEBPB,SEMA4A,KCNJ10,TRMT61A,TBC1D10C,GDF7,CORO6,SUSD2,HOXA11,DTX4,EMG1,PDZD7,PCDHGB7,PCDHGB5,TSFM,MUC1,HES2,NOS3"
"DEG_MD_SW480","36","0.12120000000000000","NR1H2","NR1H2","70","1445","0.77020000000000000","1","0.9169000000000000","ReMap--ChIP-seq","HES7,DDIT3,DDIT4,SHMT2,PDGFC,HEXIM2,BTBD19,RNF223,BHLHE41,HOXC11,CDC42EP1,MYRF,NAB2,TRABD2A,ATXN1,FBXO32,ITGB4,NRGN,ITGB6,NTN4,PBXIP1,ATP9A,RASSF6,GCAT,TM4SF1,EREG,EXT1,FOXA1,EEF1A2,NXPH4,GNB2,MVP,DCDC2B,CYP24A1,S100P,HOXA9,HOXA3,HOXA2,HOXA5,CGN,RPL3L,SSPN,ADM,LFNG,ANXA9,SERPINB1,AHNAK,CLCF1,BEST1,TLE1,ATP8B1,ESAM,MAFK,CEBPB,SEMA4A,PPIL6,CBLC,TBC1D10C,CHAC1,KLK7,NTSR1,AMIGO2,GDF15,HOXA11,ABCG1,EMG1,FAM83E,DLG4,SLC2A4,MLPH"
"DEG_MD_SW480","37","0.12460000000000000","FOXA1","FOXA1","70","1448","0.77549999999999997","1","0.9149000000000000","ReMap--ChIP-seq","CLDN1,BAZ2B,CFAP69,HEXIM2,HOXC11,RAPGEF5,ODC1,FOXP1,UTRN,ATXN1,FBXO32,NTN4,FURIN,MLLT3,ATP9A,RASSF6,TNFSF10,ANK3,TM4SF1,BTD,DECR1,EXT1,NRP1,SLC7A11,TMPRSS2,PLEKHA8,FOXA1,PRDM1,IGF1R,TBC1D30,OSR2,BMP4,TENT5C,CYP24A1,S100P,ALCAM,HOXA3,HOXA5,SYTL2,HOXC8,ELL2,ADM,GRAMD2B,COL2A1,PLCB1,AHNAK,PAPSS2,GRB10,TLE1,TPM1,RAB30,PHLDB2,SRGAP3,SRGAP1,ATP8B1,MAFK,EVL,PTPN13,PTPN14,APP,SERP2,EDN1,AMIGO2,GDF15,CADPS2,EFNA5,TGFB2,THBS1,LRIG1,MLPH"
"DEG_MD_SW480","38","0.12790000000000001","PPARG","PPARG","70","1448","0.77549999999999997","1","0.9149000000000000","ReMap--ChIP-seq","EPSTI1,HSPG2,DDIT4,PDGFC,BTBD19,RNF223,BHLHE41,UCP3,UCP2,ATXN1,FBXO32,ITGB6,NTN4,PBXIP1,ATP9A,IFI35,RASSF6,TM4SF1,APOE,CD14,DECR1,IFITM10,EXT1,NRP1,SLC7A11,IL1B,SELPLG,VGF,SBK3,S100P,HOXA2,HOXA5,PRDX5,CGN,SSPN,ADM,LFNG,IMPA2,SERPINB1,PLCB1,MGLL,AHNAK,CLCF1,BEST1,TLE1,RAB30,STRA6,ATP8B1,MAFK,CEBPB,SEMA4A,MACC1,KLF2,APOC1,IFIT2,IFRD1,POR,SERP2,EDN1,AMIGO2,GDF15,SPNS3,COL4A2,DTX4,FAM83E,DLG4,OAS1,THBS1,SNCG,MLPH"
"DEG_MD_SW480","39","0.13130000000000000","AR","AR","70","1449","0.77729999999999999","1","0.9143000000000000","ReMap--ChIP-seq","DDIT4,CFAP69,HEXIM2,GSTO2,RAPGEF5,ODC1,UTRN,ATXN1,FBXO32,FURIN,MLLT3,TNFSF10,ANK3,TM4SF1,NRP1,C8G,SLC43A1,TMPRSS2,FOXA1,PRDM1,IGF1R,TMEM268,BAHCC1,OSR2,DEGS2,TENT5C,DNAH5,SPOCK2,S100P,PNMT,HOXA9,HOXA3,HOXA5,MAP1B,HOXC8,CGN,ELL2,ADM,GRAMD2B,PLCB1,AHNAK,TMEM229B,CSGALNACT1,TLE1,GPT2,TPM1,MOB3B,SLC26A9,EVL,CACNG4,PTPN13,PTPN14,TRMT61A,APP,CHAC1,IFRD1,PLPP3,KLK3,EDN1,PTGER4,GDF15,HOXA11,ARHGAP40,EMG1,LRRC75B,FES,ALDH1A3,THBS1,LRIG1,MLPH"
"DEG_MD_SW480","40","0.13469999999999999","ELF3","ELF3","69","1449","0.81069999999999998","1","0.9006000000000000","ReMap--ChIP-seq","HSPG2,DDIT4,PDGFC,HEXIM2,CDC42EP1,ATXN1,ITGB2,MDK,ITGB6,FOXL1,PBXIP1,MLLT3,ATP9A,RASSF6,PAQR8,TM4SF1,EREG,CD14,PPP1R1C,PPP1R1B,NRP1,IL24,SLC7A11,XDH,NCMAP,CAV1,LAMC2,CYP24A1,S100P,VIM,ALCAM,PRDX5,CGN,FHDC1,ELL2,ADM,ANXA9,GRAMD2B,SERPINB1,MGLL,AHNAK,CLCF1,CSF2,TNC,TPM1,PHLDB2,STRA6,ATP8B1,SEMA4A,MACC1,PTPN14,APP,AQP5,ANTXR2,IFIT2,TNS4,STC2,EDN1,KRT35,RAB7B,PTGER4,AMIGO2,NT5E,EFNA5,PDZD7,TGFB2,HKDC1,SLC4A8,MLPH"
"DEG_MD_SW480","41","0.13800000000000001","SMAD3","SMAD3","69","1452","0.81540000000000001","1","0.8986000000000000","ReMap--ChIP-seq","DDIT4,PDGFC,HEXIM2,BTBD19,COL1A1,CDC42EP1,SLC9A5,FSCN1,TRABD2A,ATXN1,FBXO32,ITGB6,UPP1,DST,NTN4,FURIN,PBXIP1,ATP9A,BEND6,IFI35,TM4SF1,EXT1,NRP1,SPTLC3,ARHGEF3,SERTAD4,FOXA1,BAHCC1,PLGRKT,CAV1,LAMC2,VGF,MVP,CYP24A1,S100P,VIM,ALCAM,S100A14,CGN,RPL3L,ADM,LFNG,GRAMD2B,SERPINB1,AHNAK,MYBPH,CLCF1,CSF2,TNC,STRA6,MAFK,CEBPB,SEMA4A,PTPN14,KLF7,CBLC,DDX60L,TNS4,NODAL,EDN1,AMIGO2,CST6,NT5E,GDF15,EMG1,FAM83E,DLG4,MUC1,MLPH"
"DEG_MD_SW480","42","0.14140000000000000","ONECUT1","ONECUT1","69","1452","0.81540000000000001","1","0.8986000000000000","ReMap--ChIP-seq","CLDN1,WLS,TFR2,PDGFC,CFAP69,HEXIM2,DPYD,SLC7A2,FOXP1,MAF,ATXN1,ZNF425,TUBGCP3,NTN4,FURIN,CPNE8,IKZF2,RASSF6,GCAT,TM4SF1,BTD,PPP1R3B,KCNQ4,CD14,IGF1,RGL1,NRP1,SLC7A11,MN1,SLC43A3,AKR1C3,FOXA2,FOXA1,NR3C1,NCMAP,BAHCC1,MAT1A,COL5A2,RPGR,HOXA2,HOXA5,FLRT3,ELL2,GRAMD2B,PAPSS2,FMO4,POU4F1,DACH1,TLE1,IGFBP3,PHLDB2,UGT1A1,PSAT1,APP,EBF3,MAOA,TRANK1,MAPRE2,GDF15,SAA1,SAA2,AMOT,DTX4,EMG1,TGFB2,BAMBI,SLC2A2,CAMK2D,LRIG1"
"DEG_MD_SW480","43","0.14480000000000001","JUN","JUN","69","1452","0.81540000000000001","1","0.8986000000000000","ReMap--ChIP-seq","HES7,HSPG2,DDIT3,DDIT4,ATF3,HEXIM2,BTBD19,COL1A1,PEAR1,EMP3,CDC42EP1,LEPR,FSCN1,TRABD2A,SHC4,ATXN1,FBXO32,ITGB6,UPP1,PPP1R15A,FURIN,IFI35,TM4SF1,SLC7A11,HYAL1,ANO8,SELPLG,SLC43A3,PLAT,FGF21,CAV1,INHBE,RND2,TMEM221,VGF,SBK3,S100P,VIM,PRDX5,CGN,ADM,SERPINB1,AHNAK,CLCF1,EEF1AKMT3,RAB3D,BEST1,TLE6,ATP8B1,MAFK,TPP1,ANKRD33B,UFSP1,PLEKHG4,CEBPB,SEMA4A,MACC1,DDX60L,TNS4,CD109,IZUMO1,AMIGO2,LY6G6F,GDF15,ARHGAP18,DLG4,TSFM,HKDC1,NOS3"
"DEG_MD_SW480","44","0.14810000000000001","TWIST1","TWIST1","68","1441","0.82940000000000003","1","0.8920000000000000","ReMap--ChIP-seq","DPYSL3,HES7,UNC5A,DDIT4,PDGFC,HEXIM2,COL1A1,PEAR1,EMP3,TEX19,CDC42EP1,RNASEL,FLNC,FSCN1,ATXN1,CNTNAP1,PRRX1,LGALS1,KCNK15,TH,TMEM151A,HYAL1,CRYBA2,PRICKLE1,SERTAD4,HSF4,BAHCC1,UBA7,HTRA3,MVP,CLMP,GJC2,HOXC8,CGN,TMEM198,CDK15,LFNG,AHNAK,CEP295NL,CLCF1,LPCAT2,NOTUM,INHA,RAB3D,TLE2,TPM1,TLE6,STRA6,MAFK,ANKRD33B,CEBPB,CACNG4,SEMA4A,ASS1,KLF7,TBC1D10C,SYNPO,SH2D2A,CORO6,TRAM2,B3GNT7,GDF15,MYCN,FAM83E,PDZD7,SPEG,WNT11,NOS3"
"DEG_MD_SW480","45","0.15150000000000000","EHF","EHF","11","266","0.82999999999999996","1","0.7770000000000000","ReMap--ChIP-seq","FBXO32,ATP9A,CD14,PPP1R1B,PNMT,RAB3B,CHRD,MGAT4A,TNS4,KRT35,SLC2A2"
"DEG_MD_SW480","46","0.15490000000000001","AHR","AHR","68","1450","0.84240000000000004","1","0.8862000000000000","ReMap--ChIP-seq","ENDOU,FLG2,ABCA3,LRRC10B,JPH2,GPRC5B,NAB2,CXCL14,TNFRSF11B,ATXN1,ITGB4,ITGB2,BCAS3,FURIN,KCTD21,ATP9A,CTHRC1,KCNK15,CCDC81,EXT1,ECM1,PRICKLE2,TMPRSS2,FOXA1,GXYLT2,TMEM268,ZBP1,OSR2,TANC2,BMP4,CYP24A1,STMN3,GLDN,PRKCB,WDR72,DAAM2,HOXB2,S100A14,ANXA9,CEP295NL,FGD5,OLFML3,MBNL3,TMEM229B,SALL4,RAB30,SRGAP3,STRA6,ADAMTS9,GPX2,CEBPB,CACNG4,MGAT4A,SPARC,STC2,VGLL4,AMIGO2,CAMK1,KRT6A,KRT71,KRT74,PDZD7,TGFB2,FES,ALDH1A3,OAS1,KRT83,MLPH"
"DEG_MD_SW480","47","0.15820000000000001","SOX10","SOX10","67","1448","0.86680000000000001","1","0.8738000000000000","ReMap--ChIP-seq","DDIT4,RDH12,ADAMTS17,BHLHE41,FSTL4,ADAM23,HAS2,STXBP5L,SHC4,GMPR,FBXO32,ST6GALNAC2,CTHRC1,FCGR2A,LDLRAD1,LGALS1,MIA,TM4SF1,PPP1R3B,HNF4A,ARHGEF3,PLAT,GXYLT2,BAHCC1,CACNA1D,PDHA1,SSH2,LAMC2,ETV1,NWD1,MVB12B,MDH1B,GLDN,CEP97,RNF122,ST3GAL5,FZD7,CGN,SSPN,SNAI2,TIMP3,MGLL,CHN2,TMEM229B,RAB3B,LZTS1,ANKRD44,PHLDB2,DAB2,ITGA10,SLC26A4,SMPDL3A,NLGN1,NECTIN3,SPARC,ANTXR1,IFIT3,IFIT2,MAP2,SLC44A3,AMIGO2,ARHGAP18,LPL,EFNA5,CDH23,PTCH2,MEGF10"
"DEG_MD_SW480","48","0.16159999999999999","SOX2","SOX2","67","1451","0.87050000000000005","1","0.8719000000000000","ReMap--ChIP-seq","WLS,DDIT4,PDGFC,HEXIM2,BTBD19,SHF,TUBA1A,PGM2L1,GPRC5B,GPA33,NAB2,OLFML2A,FSCN1,UTRN,TRABD2A,TNFRSF11B,ATXN1,PPP1R15A,PBXIP1,MLLT3,IKZF2,TM4SF1,GREB1,EXT1,LRRN1,RGL1,SLC7A11,GNAI1,KITLG,BAHCC1,CNN3,AUTS2,COL5A2,RND2,ETV1,ZIC5,VIM,ALCAM,MAP1B,FLRT3,FZD7,ADM,LFNG,GAS1,OLFML3,LZTS1,TLE1,MOB3B,HMBOX1,PLXNA2,SMPDL3A,KLF7,TRMT61A,SOX1,IFRD1,MAP2,ARGLU1,IL17RD,DTX4,EFNA5,EMG1,MARK1,LIN28A,DLG4,MEGF10,MUC1,LRIG1"
"DEG_MD_SW480","49","0.16500000000000001","REST","REST","67","1452","0.87170000000000003","1","0.8713000000000000","ReMap--ChIP-seq","HES7,UNC5A,DDIT3,DDIT4,HEXIM2,CYP4F3,JPH3,TEX19,NAB2,OLFM1,FSCN1,CNTNAP1,MDK,PPAN,KCNQ2,EGR4,PPP1R1B,TMEM151A,MOGAT3,DIRAS1,CRTAC1,ANO8,SYP,CRYBA2,HSF4,KCNS2,BAHCC1,EEF1A2,GNB2,RASGEF1A,GDAP1L1,VGF,MVP,STMN3,PRDX5,RPL3L,TMEM198,AHNAK,CLCF1,NOTUM,EEF1AKMT3,INHA,RAB3D,LEMD1,BRSK2,ANKRD24,MAFK,UFSP1,PSD2,KLF7,P2RX5,TRMT61A,ACSL6,MAPK8IP2,PTPRN2,PDE2A,CAMKV,HPCA,CPLX2,SEZ6L2,FAM83E,LIN28A,DLG4,SLC2A4,TSFM,ATP1A3,NOS3"
"DEG_MD_SW480","50","0.16839999999999999","NFKB2","NFKB2","66","1449","0.89180000000000004","1","0.8595000000000000","ReMap--ChIP-seq","DDIT4,SHMT2,EMP3,RNASEL,OLFML2A,SESN2,LEPR,TRABD2A,DLX2,FBXO32,DST,CCL2,BEND6,FCGR2A,LGALS1,TNFSF10,PAQR8,NINJ2,RGL1,RAC2,KIF6,TMPRSS3,NEDD9,PLAT,PRDM1,CCND2,EEF1A2,PLGRKT,NXPH4,ADGRG5,INHBE,ACOXL,RASGEF1A,VGF,MVP,CYTH4,MVB12B,ATP2B4,VIM,ST3GAL5,HOXC8,ELL2,TNFSF9,PHF24,SERPINB1,AHNAK,CSF2,MOB3B,STRA6,ATP8B1,GCSAM,SLC26A9,ANKRD33B,CSTL1,SEMA4A,PTPN14,KLF2,CBLC,SYNPO,COL8A2,SH2D2A,ALDOC,PTGER4,AMOT,EMG1,SLC4A8"
"DEG_MD_SW480","51","0.17169999999999999","ESR2","ESR2","65","1439","0.90280000000000005","1","0.8521000000000000","ReMap--ChIP-seq","UNC5A,DDIT3,DDIT4,ATF3,HEXIM2,RNF223,HOXC11,TUBA1A,SLC7A1,NAB2,KCNH8,UTRN,DSC2,DLX2,ATXN1,STK24,ST6GALNAC2,SLC25A15,TTC39A,DHFR2,DECR1,ACER2,TH,DIRAS1,FOXA1,EOMES,OSR2,HTRA3,SSTR5,ACVR1C,HOXA9,HOXA3,HOXA2,HOXA5,HOXB2,HOXC8,FHDC1,RPL3L,SNAI2,AHNAK,PAPSS2,EEF1AKMT3,TMEM229B,PROS1,DACH1,SPIRE2,POLR2A,MACC1,ASS1,KLF7,TRMT61A,STC2,ROBO1,SUSD2,HOXA11,ABCG2,SEZ6L2,SIX2,TSFM,TGFBR3,HKDC1,CAMK2D,OGFRL1,SNCG,TBKBP1"
"DEG_MD_SW480","52","0.17510000000000001","ADNP","ADNP","65","1440","0.90380000000000005","1","0.8514000000000000","ReMap--ChIP-seq","GMFG,HES7,HSPG2,DDIT4,HPD,ADAMTS10,CHST3,OLFML2A,SESN2,LEPR,GMPR,MLXIPL,VPS37D,SNPH,FCGR2A,PPAN,SCN1B,KCNK15,APOE,BST2,DIRAS1,SLC7A11,ANO8,MN1,ARHGEF3,SELPLG,GXYLT2,SLC30A2,GRIP2,SPOCD1,FBN3,HTRA3,CCDC136,PRR5,TMEM221,CLN8,SBK3,PNMT,TMEM198,SERPINB1,RAB3D,TLE2,ATP8B3,ANKRD24,SMPDL3B,CEBPB,P2RX7,APOC1,DDX60L,ANTXR2,TNS4,COL8A2,RYR1,SLC44A2,BTN3A2,SUSD3,GDF15,CAMK1,AKNA,FAM83E,CDH23,TRPV4,HKDC1,WNT11,SLC4A8"
"DEG_MD_SW480","53","0.17849999999999999","NR5A2","NR5A2","65","1442","0.90580000000000005","1","0.8502000000000000","ReMap--ChIP-seq","UNC5A,FLG2,DDIT4,HEXIM2,BTBD19,RNF223,FAT2,JPH2,RAPGEF5,ODC1,BCAS3,TTC39A,KCNK15,TM4SF1,TSPAN1,IFITM10,TMEM151A,IL24,SORCS2,PITPNM3,TMPRSS3,TMPRSS2,KCNS3,TBC1D30,BAHCC1,TTC7B,MAT1A,TANC2,PLGRKT,VDR,DEGS2,BCKDHA,ATP2B4,CYP24A1,VIM,STMN3,ABCA12,CLPSL2,LDHD,S100A14,ADM,AHNAK,FGD5,INHA,RAB3D,SALL4,LEMD1,ITGA10,SLC26A9,ASPG,EVL,ASS1,VIPR1,AQP5,ZNF821,NTSR1,ANKRD2,VGLL4,AMIGO2,SUSD3,GDF15,ARHGAP40,FAM83B,TSFM,KRT83"
"DEG_MD_SW480","54","0.18179999999999999","PRDM1","PRDM1","65","1444","0.90769999999999995","1","0.8490000000000000","ReMap--ChIP-seq","ATF3,BHLHE41,PEAR1,FGFBP1,DPYD,RNASEL,PELI2,SLC7A2,FOXP1,TRABD2A,ZKSCAN3,ITGB2,DYSF,MDK,UPP1,NRG4,DBNDD2,IKZF2,LGALS1,TNFSF15,EXT1,RGL1,IL24,SLC7A11,SELPLG,SERTAD4,PLEKHA8,NR3C1,TMEM266,TBC1D30,UBA7,SSH2,BMP6,UBE2QL1,SYTL4,CLPSL2,S100A14,SSPN,CDK14,APOL1,MBNL3,APOL3,MOCOS,PHLDB2,SRGAP1,DAB2,ANKRD33B,KLF2,KLF7,IFIT1,IFIT2,SP110,SLC35F3,BTN3A3,SGK1,MAPRE2,TLR3,VGLL3,AMIGO2,GDF15,PDZD4,SIX2,CASP4,GBP1,HES2"
"DEG_MD_SW480","55","0.18520000000000000","NR2F6","NR2F6","65","1448","0.91149999999999998","1","0.8465000000000000","ReMap--ChIP-seq","HES7,HSPG2,DDIT4,HEXIM2,BTBD19,GSTO2,DUSP9,TEX19,CDC42EP1,RAPGEF5,UTRN,ST6GALNAC2,ITGB2,FURIN,PBXIP1,ATP9A,SCN1B,TM4SF5,TM4SF1,APOE,PCK2,HYAL1,ANO8,SLC43A1,NCMAP,MAT1A,ZMYND15,RND2,SSTR5,GNG4,SPOCK2,LAMB2,SBK3,S100P,PRDX5,ELL2,C1QTNF8,IMPA2,SLC2A14,SERPINB1,MBNL3,RHBG,NOTUM,INHA,COL27A1,GPT2,TPM1,PHLDB2,SLC4A11,MAFK,SMPDL3A,CEBPB,CEBPG,ASS1,APOC1,CBLC,TBC1D10C,STC2,KLHDC8B,TRAM2,GDF15,FAM186A,EMG1,FAM83E,PDZD7"
"DEG_MD_SW480","56","0.18859999999999999","CTCFL","CTCFL","65","1450","0.91339999999999999","1","0.8453000000000001","ReMap--ChIP-seq","HES7,MYL3,SHMT2,HEXIM2,RNF223,DUSP9,MYRF,ZNF469,NAB2,OLFML2A,MDK,TNFRSF18,BAIAP3,GCAT,BST2,PPP1R1B,TMEM151A,MOGAT3,C8G,HYAL1,ANO8,SYP,CRYBA2,HSF4,BAHCC1,EEF1A2,NXPH4,CACNA1H,INHBE,GNB2,SSTR5,VGF,MVP,ZIC5,S100P,HOXA9,HOXA3,HOXA5,CLEC11A,PRDX5,RPL3L,TMEM198,C1QTNF8,PRSS33,CLCF1,NOTUM,EEF1AKMT3,TLE2,ADAM8,CHRD,ATP8B3,PLXNB3,ESAM,MAFK,UFSP1,TBC1D10C,CORO6,HOXA11,HPCA,EMG1,PDZD7,SLC2A4,MUC1,HES2,NOS3"
"DEG_MD_SW480","57","0.19189999999999999","HOXC11","HOXC11","2","77","0.91759999999999997","1","0.4803000000000000","ReMap--ChIP-seq","HOXC11,HOXC8"
"DEG_MD_SW480","58","0.19530000000000000","MEIS1","MEIS1","64","1450","0.93079999999999996","1","0.8317000000000000","ReMap--ChIP-seq","BTBD19,CASP10,KCNMA1,PELI2,PTAFR,NAB2,TRABD2A,GMPR,SPN,ACP5,SNPH,PPP1R15A,LRP3,CPNE8,PPAN,TNFSF10,SCN1B,PAQR8,TM4SF5,CD14,SYK,IL1B,CD70,BAHCC1,PLGRKT,ZMYND15,CYTIP,CYTH4,MAN1C1,HOXA9,HOXB2,RNF122,MEFV,LDHD,ST3GAL5,TNFSF9,PRSS33,GRAP2,CSGALNACT1,ADAM8,GCSAM,ZNF774,ANKRD33B,GM2A,KLF2,MGAT4A,P2RX1,CBLC,IFIT3,SP110,IFRD1,CD109,IGSF6,SERP2,SH3PXD2A,PTGER4,NT5E,CAMK1,TMEM144,LMO2,EMG1,DDO,RASD2,SSBP2"
"DEG_MD_SW480","59","0.19869999999999999","CDX2","CDX2","64","1452","0.93240000000000001","1","0.8305000000000000","ReMap--ChIP-seq","DDIT4,PLBD1,PDGFC,HEXIM2,HOXC11,FGFBP1,RAPGEF5,NEURL1B,EGLN3,SLC9A2,DSC2,TRABD2A,ATXN1,ITGB6,PBXIP1,MLLT3,ATP9A,RASSF6,TM4SF1,EREG,HNF4A,TMPRSS2,FOXA1,BAHCC1,BMP4,GALNT8,MVP,SPOCK2,FAM131B,VIM,HOXA9,HOXA3,HOXA2,HOXA5,SYTL2,PRDX5,S100A14,HOXC8,CGN,SSPN,ADM,SERPINB1,MGLL,AHNAK,PRSS33,TPM1,RAB30,ATP8B1,MAFK,UGT1A1,SMPDL3A,UGT1A5,MACC1,SYNPO,TNS4,SERP2,SH3PXD2A,EDN1,GDF15,HOXA11,EMG1,FAM83E,HKDC1,LRIG1"
"DEG_MD_SW480","60","0.20200000000000001","STAT3","STAT3","64","1454","0.93389999999999995","1","0.8293000000000000","ReMap--ChIP-seq","HES7,DDIT4,HEXIM2,BTBD19,CDC42EP1,ODC1,SLC9A5,TRABD2A,ATXN1,CNTNAP1,ITGB4,ITGB2,PPP1R15A,PBXIP1,TM4SF1,MT1A,CD14,TMEM151A,IL24,ANO8,SELPLG,SLC43A3,HSF4,XDH,CD70,PRDM1,BAHCC1,PLGRKT,VGF,MVP,ATP2B4,STMN3,ALCAM,HOXA3,HOXA2,HOXA5,ACOT9,MEFV,PRDX5,GJC2,RPL3L,ADM,SERPINB1,AHNAK,MOCOS,CLCF1,EEF1AKMT3,BEST1,ADAM8,MAFK,SLC26A9,SEMA4A,CBLC,TBC1D10C,TNS4,RAB7B,GDF15,KRT6A,EMG1,FAM83E,DLG4,SLC2A4,TSFM,MUC1"
"DEG_MD_SW480","61","0.20540000000000000","POU5F1","POU5F1","64","1454","0.93389999999999995","1","0.8293000000000000","ReMap--ChIP-seq","HES7,DDIT4,SHMT2,HEXIM2,BTBD19,HOXC11,EMP3,GPRC5B,OLFML2A,FSCN1,DLX2,FOXL1,PBXIP1,IFI35,BST2,PPP1R1B,TMEM151A,HYAL1,ANO8,SLC43A1,HSF4,FOXA2,BAHCC1,OSR2,NXPH4,INHBE,BMP4,RND2,VGF,ZIC5,HOXA9,HOXA3,HOXA2,HOXA5,HOXB2,PRDX5,HOXC8,FZD7,RPL3L,TMEM198,ADM,AHNAK,EEF1AKMT3,INHA,LZTS3,LHX2,UFSP1,IRX2,IFITM1,IFITM2,SOX1,CORO6,NODAL,LBX1,HOXA11,MYCN,FAM83E,PDZD7,LIN28A,DLG4,SLC2A4,TSFM,MUC1,NOS3"
"DEG_MD_SW480","62","0.20880000000000001","ZNF24","ZNF24","63","1445","0.94230000000000003","1","0.8211000000000001","ReMap--ChIP-seq","HSPG2,TFR2,DDIT4,PEAR1,SHF,JPH2,EMP3,ODC1,FLNC,SIGLEC6,KCNG1,FSCN1,GMPR,ZKSCAN3,PPP1R15A,FURIN,BAIAP3,PTPN7,PPAN,IFI35,LGALS1,KCNQ4,SELPLG,SLC43A1,SLC30A2,ADAM19,HTRA3,RND2,TENT5C,MVP,CLN8,GALNT5,VIM,PNMT,CLEC11A,CEL,PRDX5,SERPINB1,ADCY7,CSF2,BEST1,STRA6,ANKRD24,SLC26A9,CEBPB,MACC1,P2RX7,SLC44A2,BTN3A2,IFI6,SUSD3,LY6G6F,GDF15,CAMK1,LMO2,AKNA,FAM83E,LIN28A,FES,TRPV4,MUC4,NOS3,SSBP2"
"DEG_MD_SW480","63","0.21210000000000001","CXXC4","CXXC4","63","1446","0.94299999999999995","1","0.8205000000000000","ReMap--ChIP-seq","HES7,DDIT4,HEXIM2,BHLHE41,HOXC11,EMP3,CDC42EP1,NAB2,SESN2,FOXP1,FSCN1,UTRN,DLX2,CNTNAP1,PBXIP1,LGALS1,GCAT,TMEM151A,HYAL1,ANO8,MN1,HSF4,KIF26B,FOXA1,IGF1R,NR3C2,BAHCC1,OSR2,VGF,MVP,ZIC5,HOXA9,HOXA3,HOXA2,HOXA5,PRDX5,HOXC8,FZD7,ELL2,RPL3L,TMEM198,SSPN,ADM,GAS1,AHNAK,NOTUM,INHA,RAB3D,MAFK,UFSP1,CEBPB,TBC1D10C,EBF3,STC2,RTL8B,LBX1,HOXA11,EFNA5,FAM83E,PDZD7,DLG4,SLC2A4,WNT11"
"DEG_MD_SW480","64","0.21550000000000000","KLF9","KLF9","63","1447","0.94359999999999999","1","0.8199000000000000","ReMap--ChIP-seq","HES7,EML1,DDIT4,SHMT2,HEXIM2,RNF223,EMP3,CDC42EP1,FLNC,NAB2,FSCN1,TRABD2A,DLX2,CNTNAP1,TNFRSF18,PPP1R15A,PBXIP1,BAIAP3,LGALS1,GCAT,KCNQ2,TMEM151A,MOGAT3,ANO8,HSF4,BAHCC1,EEF1A2,NXPH4,CACNA1H,GNB2,ETV1,VGF,MVP,PRDX5,RPL3L,TMEM198,LFNG,CEP295NL,CLCF1,NOTUM,EEF1AKMT3,INHA,TLE2,LEMD1,TLE6,NOTCH3,BRSK2,STRA6,PLXNB3,MAFK,SEMA4A,KCNJ10,TRMT61A,TBC1D10C,NTSR1,MYCN,FAM83E,PDZD7,DLG4,FES,SLC2A4,MUC1,NOS3"
"DEG_MD_SW480","65","0.21890000000000001","ATF7","ATF7","63","1448","0.94430000000000003","1","0.8193000000000000","ReMap--ChIP-seq","GMFG,HES7,TFR2,DDIT3,DDIT4,HEXIM2,PEAR1,MYRF,FLNC,NAB2,SESN2,SLC9A5,FSCN1,SPN,MDK,ACP5,FURIN,PTPN7,LGALS1,HYAL1,RAC2,ANO8,SYP,HSF4,FGF21,INHBE,MVP,CLN8,DCDC2B,ATP2B4,S100P,VIM,PRKCB,CLEC11A,HOXB2,PRDX5,RPL3L,TMEM198,ANXA9,RAB3D,BEST1,TLE6,ADAM8,MAFK,PLEKHG4,POLR2A,SEMA4A,MACC1,P2RX7,IFITM1,IFITM2,CORO6,RYR1,IZUMO1,BTN3A2,GDF15,EMG1,FAM83E,DLG4,FES,SLC2A4,MUC4,NOS3"
"DEG_MD_SW480","66","0.22220000000000001","LYL1","LYL1","63","1449","0.94489999999999996","1","0.8187000000000000","ReMap--ChIP-seq","GMFG,C3AR1,CACNA2D4,RFX8,DDIT4,TEX30,CYP4F3,SIGLEC6,FSCN1,GMPR,ITGB2,SPN,TNFRSF18,PPP1R15A,LRP3,CCL2,FCGR2A,IFI35,LGALS1,TNFSF10,SCN1B,CD14,RAC2,LAT2,CTU1,IL1B,SLC43A3,BAHCC1,UBA7,ADGRG5,PRR5,RND2,TENT5C,CYTH4,ATP2B4,FAM131B,S100P,VIM,MEFV,LDHD,CDK15,LFNG,ANXA9,MYBPH,RAB3D,ADAM8,SEMA4A,MACC1,KLF2,MGAT4A,ANTXR2,TBC1D10C,NTSR1,CAMK1,SPNS3,LMO2,PLCXD2,EMG1,PDZD7,RASA3,DDO,NOS3,SLC4A8"
"DEG_MD_SW480","67","0.22559999999999999","ZNF644","ZNF644","63","1449","0.94489999999999996","1","0.8187000000000000","ReMap--ChIP-seq","UNC5A,DDIT4,C2,TEX19,RAPGEF5,UCP3,UCP2,SIGLEC6,KCNG1,SMO,FSCN1,TRABD2A,GMPR,ZKSCAN3,ALAS2,SPN,PPP1R15A,PTPN7,KCNK15,PCBP3,CDC16,RGL1,SYP,CTU1,IL1B,SLC43A3,TMEM176A,IGF1R,SLC30A2,TTC7B,HTRA3,FGF21,INHBE,GDAP1L1,VGF,S100P,PNMT,HOXB2,GJC2,TMEM198,IMPA2,AOC1,CSF2,BEST1,CPQ,PTPN22,EVL,MACC1,P2RX7,CUL4B,IFIT3,ACSL6,PTPRN2,SERP2,IZUMO1,RAB7B,SGK1,GDF15,ARHGAP18,PDE3B,HKDC1,LTF,NOS3"
"DEG_MD_SW480","68","0.22900000000000001","PAX8","PAX8","63","1450","0.94550000000000001","1","0.8181000000000000","ReMap--ChIP-seq","UNC5A,HSPG2,FLG2,DDIT4,CYP4F3,TEX19,KCNMA1,CDC42EP1,UCP3,UCP2,SMO,ST6GALNAC2,ST6GALNAC3,LRP3,ATP9A,PRRX1,BAIAP3,SCN1B,KCNQ4,GREB1,TH,CDC16,ECM1,CHAMP1,KIF6,KIF26B,PNPLA3,MPZ,PCID2,SPOCD1,EEF1A2,HTRA3,ZMYND15,NWD1,CLPSL2,PRDX5,GJC2,SERPINB1,AHNAK,PAPSS2,PRSS33,CSF2,ADAM8,ZNF793,SPIRE2,MAFK,BNC2,DUSP15,UFSP1,TFDP1,CEBPB,CUL4A,ZNF737,IFIT1,CHAC1,MUCL1,ACSL6,CD109,RYR1,GDF15,CPLX2,EMG1,TGFBR3"
"DEG_MD_SW480","69","0.23230000000000001","FOSL2","FOSL2","63","1451","0.94620000000000004","1","0.8175000000000000","ReMap--ChIP-seq","HES7,HSPG2,DDIT4,HEXIM2,BTBD19,COL1A1,EMP3,CDC42EP1,NAB2,SLC9A5,ATXN1,CNTNAP1,ITGB6,UPP1,PBXIP1,ATP9A,LGALS1,SCN1B,TM4SF1,APOE,SELPLG,FOXA1,PLAT,BAHCC1,CAV1,VGF,MVP,SBK3,CYP24A1,S100P,VIM,PRDX5,S100A14,ADM,LFNG,AHNAK,CEP295NL,CLCF1,EEF1AKMT3,TNC,TPM1,RAB30,STRA6,ATP8B1,MAFK,CEBPB,SEMA4A,PTPN14,KLF7,APOC1,CBLC,DDX60L,TNS4,CD109,STC2,ANKRD2,EDN1,AMIGO2,GDF15,PDZD7,DLG4,TSFM,MLPH"
"DEG_MD_SW480","70","0.23569999999999999","HNF4A","HNF4A","63","1452","0.94679999999999997","1","0.8169000000000000","ReMap--ChIP-seq","HES7,DDIT4,HEXIM2,BTBD19,IL22RA1,DUSP9,CDC42EP1,RAPGEF5,NAB2,ATXN1,MLXIPL,ST6GALNAC2,SLC25A15,PBXIP1,ATP9A,LGALS1,MIA,TM4SF5,GCAT,TM4SF1,TTBK1,APOE,PCK2,MOGAT3,HYAL1,SLC43A1,FOXA1,MAT1A,INHBE,ZMYND15,MVP,LAMB2,CD4,PNMT,PRDX5,CGN,ELL2,ADM,IMPA2,ANXA9,SERPINB1,AHNAK,MBNL3,NOTUM,COL27A1,GPT2,MAFK,UFSP1,CEBPB,CEBPG,ASS1,APOC1,CBLC,SYNPO,POR,KLHDC8B,TRAM2,GDF15,EMG1,FAM83E,LRRC75B,DLG4,SLC2A2"
"DEG_MD_SW480","71","0.23910000000000001","LEF1","LEF1","49","1161","0.95069999999999999","1","0.7937000000000000","ReMap--ChIP-seq","CCBE1,HSPG2,LRRC10B,GSTO2,GPRC5B,GSX1,OLFML2A,ZNF202,CNPY1,MAF,KANK4,SLITRK5,NTRK2,BAIAP3,PAQR8,KCNQ4,MKX,PCLO,AASS,GNAI1,PLEKHA8,BAHCC1,EOMES,OSR2,ZNF385C,SCN5A,DACT1,HS3ST3B1,ETV1,DBX1,HOXA9,HOXA2,SOX14,CLPSL2,RPL3L,ADM,IMPA2,NOTUM,ANKRD37,PLXNC1,LEMD1,STRA6,ADAMTS9,NODAL,IL17RD,HOXA11,AKNA,LPL,MUC1"
"DEG_MD_SW480","72","0.24240000000000000","OTX2","OTX2","62","1443","0.95399999999999996","1","0.8086000000000000","ReMap--ChIP-seq","LACTB,DPYSL3,EPSTI1,PDGFC,GPA33,LEPR,ATXN1,ITGB6,NTN4,MLLT3,RASSF6,PAQR8,TM4SF1,TNFSF15,PPP1R1C,NRP1,SLC7A11,IL15,ARHGEF3,PRICKLE2,KITLG,IGF1R,LOXL2,ENPP2,TANC2,BMP6,RBM24,CLMP,CYP24A1,VIM,ALCAM,GJA5,ADM,GRAMD2B,GRAMD1C,PAPSS2,TNC,BIVM,PHLDB2,ATP8B1,ADAMTS9,SEMA3A,CTH,APP,DDX60L,IFIT2,PAPPA,SLC35F3,TRAM2,SERP2,BTN3A1,STRADB,BTN3A2,IL17RD,PTGER2,AMIGO2,PSPH,COL4A4,COL4A3,ARHGAP18,HKDC1,SLC4A8"
"DEG_MD_SW480","73","0.24579999999999999","NFIC","NFIC","62","1446","0.95560000000000000","1","0.8069000000000000","ReMap--ChIP-seq","HSPG2,DDIT4,PDGFC,HEXIM2,BTBD19,COL1A1,CDC42EP1,RAPGEF5,FSCN1,TRABD2A,ATXN1,ZKSCAN3,CNTNAP1,ITGB6,UPP1,KCNK15,TM4SF1,TSPAN1,NRP1,IL15,SELPLG,NEDD9,CD70,PLAT,PRDM1,BAHCC1,ADAM19,PLGRKT,CAV1,VIM,ALCAM,ELL2,TNFSF4,ADM,GRAMD2B,AHNAK,CLCF1,TNC,TPM1,STRA6,ATP8B1,GCSAM,MAFK,ANKRD33B,PLEKHG4,SEMA4A,MACC1,PTPN14,KLF7,CBLC,AQP5,IFIT2,TBC1D10C,SYNPO,TNS4,TRAM2,NT5E,ALDH3A1,ARHGAP18,EMG1,SLC2A2,HES2"
"DEG_MD_SW480","74","0.24920000000000000","IRF1","IRF1","62","1449","0.95720000000000005","1","0.8051000000000000","ReMap--ChIP-seq","DDIT4,ATF3,PDGFC,HEXIM2,RNASEL,NAB2,TRABD2A,ATXN1,ZKSCAN3,ITGB4,ITGB2,FOXL1,PPP1R15A,PBXIP1,UBE2L6,IFI35,EREG,SLC7A11,HYAL1,ANO8,BAHCC1,ADAM19,PLGRKT,RERE,RND2,MVP,ALCAM,ACOT9,PRDX5,GJC2,RPL3L,GRAMD2B,SERPINB1,AHNAK,APOL1,APOL3,CLCF1,BEST1,TPM1,PHLDB2,MACC1,IFITM1,IFITM2,CBLC,ANTXR2,IFIT1,IFIT3,IFIT2,IL23A,EDN1,IZUMO1,BTN3A3,BTN3A2,PTGER4,AMIGO2,IFI6,GDF15,EMG1,FAM83E,PDZD7,DLG4,MLPH"
"DEG_MD_SW480","75","0.25250000000000000","RARA","RARA","62","1450","0.95770000000000000","1","0.8045000000000000","ReMap--ChIP-seq","HES7,TFR2,DDIT4,HEXIM2,BTBD19,RNF227,HOXC11,EMP3,TEX19,ZNF469,NAB2,FSCN1,ITGB2,NRGN,FURIN,BAIAP3,ZNF853,SCN1B,GCAT,IFITM10,TMEM151A,HYAL1,ANO8,SLC43A1,HSF4,BAHCC1,GNB2,VGF,CYTH4,S100P,STMN3,HOXA9,HOXA3,HOXA5,PRDX5,HOXC8,LFNG,AHNAK,EEF1AKMT3,RAB3D,LZTS3,TLE2,ESAM,MAFK,TPP1,CEBPB,POLR2A,P2RX1,AQP5,TBC1D10C,CORO6,GDF15,HOXA11,FAM83E,PDZD7,DLG4,FES,SLC2A4,KLF15,RASA3,NOS3,TBKBP1"
"DEG_MD_SW480","76","0.25590000000000002","TBX21","TBX21","62","1451","0.95820000000000005","1","0.8040000000000000","ReMap--ChIP-seq","DDIT4,CFAP69,BTBD19,KCNA2,PTAFR,UCP2,TRABD2A,ATXN1,ITGB2,SPN,ACP5,FURIN,PBXIP1,PRRX1,PPAN,LGALS1,NINJ2,RAC2,SELPLG,NEDD9,HSF4,CD70,PRDM1,NR3C1,CCND2,TMEM268,EOMES,ADAM19,PLGRKT,ADGRG5,IRF8,MVP,CYTH4,PRKCB,CFP,PRDX5,TNFSF9,SERPINB1,AHNAK,EEF1AKMT3,ATP8A1,GRAP2,PLXNC1,ANKRD44,SLC15A3,GM2A,SEMA4A,MACC1,PTPN14,KLF2,P2RX5,TBC1D10C,SP110,ZFPM2,IFI6,GDF15,AKNA,ARHGAP18,EMG1,FAM83E,RASA3,TBKBP1"
"DEG_MD_SW480","77","0.25929999999999997","FOXA2","FOXA2","62","1451","0.95820000000000005","1","0.8040000000000000","ReMap--ChIP-seq","CLDN1,HSPG2,DDIT4,BAZ2B,PDGFC,HEXIM2,GSTO2,CDC42EP1,RAPGEF5,NAB2,FOXP1,UTRN,ATXN1,NTN4,FURIN,ATP9A,IFI35,RASSF6,TM4SF1,EXT1,NRP1,HNF4A,SLC43A1,FOXA2,FOXA1,IGF1R,BAHCC1,CACNA1D,SBK3,S100P,HOXA3,HOXA2,HOXA5,HOXB2,ELL2,ADM,IMPA2,ANXA9,GRAMD2B,SERPINB1,AHNAK,MBNL3,TLE2,TLE1,TPM1,PHLDB2,MAFK,SMPDL3A,CEBPB,SERP2,SH3PXD2A,AMIGO2,GDF15,ARHGAP18,FAM83E,TGFB2,BAMBI,FES,PDE3B,SLC2A2,CAMK2D,LRIG1"
"DEG_MD_SW480","78","0.26260000000000000","TCF7L2","TCF7L2","62","1451","0.95820000000000005","1","0.8040000000000000","ReMap--ChIP-seq","HES7,ISL2,DDIT3,DDIT4,HEXIM2,RNF227,BHLHE41,HOXC11,EMP3,ODC1,NAB2,FSCN1,UTRN,DLX2,ATXN1,PBXIP1,GCAT,TM4SF1,HYAL1,ANO8,HSF4,FOXA1,BAHCC1,OSR2,CAV1,BMP6,BMP4,VGF,MVP,ZIC5,CYP24A1,VIM,HOXA9,ALCAM,HOXA3,HOXA2,HOXA5,PRDX5,HOXC8,RPL3L,SSPN,ADM,SERPINB1,AHNAK,NOTUM,RAB3D,PHLDB2,STRA6,MAFK,DDX60L,TNS4,NTSR1,CORO6,EDN1,AMIGO2,GDF15,HOXA11,EMG1,FAM83E,PDZD7,DLG4,SLC2A4"
"DEG_MD_SW480","79","0.26600000000000001","NEUROD1","NEUROD1","62","1452","0.95870000000000000","1","0.8034000000000000","ReMap--ChIP-seq","HES7,HSPG2,TFR2,DDIT4,SHMT2,CLCNKB,BTBD19,RNF223,PEAR1,FLNC,NAB2,SESN2,FSCN1,MDK,TNFRSF18,PPP1R15A,FURIN,PBXIP1,PTPN7,PPAN,IFI35,APOE,BST2,HYAL1,ANO8,SYP,HSF4,BAHCC1,GNAZ,NXPH4,FGF21,INHBE,GNB2,VGF,MVP,DCDC2B,HOXB2,PRDX5,HOXC8,AHNAK,CLCF1,NOTUM,RAB3D,BEST1,TLE2,ATP8B3,MAFK,UFSP1,CEBPB,APOC1,IFITM1,IFITM2,TBC1D10C,IZUMO1,LY6G6F,GDF15,MYCN,FAM83E,DLG4,FES,SLC2A4,NOS3"
"DEG_MD_SW480","80","0.26939999999999997","BHLHE22","BHLHE22","61","1440","0.96319999999999995","1","0.7967000000000000","ReMap--ChIP-seq","ENDOU,BHLHA15,DDIT4,SHMT2,BTBD19,COL1A1,GPR35,EMP3,TEX19,KCNA2,SIGLEC6,F13A1,CNTNAP1,ITGB2,TNFRSF18,ZNF853,LGALS1,TSPAN1,TMEM151A,RAC2,LAT2,SELPLG,SLC43A3,NCMAP,BAHCC1,ZBP1,DPEP1,NXPH4,ADGRG5,TMEM221,ZNF385C,HS3ST3B1,IRF8,CYTH4,SLIT1,ATP2B4,CD4,PRKCB,CEL,PRDX5,LDHD,RPL3L,LFNG,AHNAK,CEP295NL,ADCY7,MYBPH,PLXNC1,ADAM8,MAFK,ANKRD33B,TBC1D10C,SH2D2A,NTSR1,B3GNT7,SUSD3,PDZD7,RASA3,MUC1,NOS3,PMP22"
"DEG_MD_SW480","81","0.27270000000000000","ZNF165","ZNF165","12","357","0.96430000000000005","1","0.6264999999999999","ReMap--ChIP-seq","DLX2,ITGB2,LDLRAD1,MT1A,CD74,CLMP,ATP2B4,MAFK,CEBPG,TMTC4,NODAL,ABCC4"
"DEG_MD_SW480","82","0.27610000000000001","MYB","MYB","61","1453","0.96889999999999998","1","0.7893000000000000","ReMap--ChIP-seq","HES7,DDIT4,SHMT2,HEXIM2,BTBD19,EMP3,KCNA2,UCP2,NAB2,TRABD2A,ITGB2,SPN,PBXIP1,PPAN,IFI35,TNFSF10,NINJ2,TMEM151A,RAC2,ANO8,SELPLG,TMPRSS3,HSF4,GPC2,BAHCC1,ZBP1,RND2,TENT5C,MVP,CYTH4,DCDC2B,ATP2B4,CD4,S100P,STMN3,PRDX5,AHNAK,CLCF1,RAB3D,GCSAM,MAFK,GM2A,MGAT4A,IFITM1,IFITM2,TBC1D10C,TNS4,NTSR1,STAG3,CORO6,PTGER4,ABCG1,AKNA,EMG1,DLG4,RASA3,MUC1,LRIG1,NOS3,SLC4A8,TBKBP1"
"DEG_MD_SW480","83","0.27950000000000003","PDX1","PDX1","61","1453","0.96889999999999998","1","0.7893000000000000","ReMap--ChIP-seq","CLDN1,WLS,HES7,LRRC10B,BHLHE41,KCNMA1,PELI2,SESN2,SLC16A9,UTRN,GLIS3,ATXN1,SNAP25,PBXIP1,ATP9A,SYT13,RASSF6,TM4SF1,OXGR1,HSF4,FOXA2,IGF1R,NR3C2,ENPP2,PCID2,CACNA1D,RERE,LAMC2,TBX19,HOXA2,ACOT9,FAM149A,NDFIP2,CGN,ELL2,SSPN,ADM,GRAMD2B,RIPPLY3,CEP295NL,RAB3B,RAB30,PHLDB2,SRGAP3,NKX6-1,GCSAM,TPP2,GPX2,C1QL1,SMPDL3A,MACC1,CUL4A,MGAT4A,ZNF831,SH3PXD2A,LMO2,EFNA5,MARK1,SLC2A2,NCAM1,VAT1L"
"DEG_MD_SW480","84","0.28280000000000000","RUNX1","RUNX1","61","1453","0.96889999999999998","1","0.7893000000000000","ReMap--ChIP-seq","HES7,DDIT4,HEXIM2,BTBD19,EMP3,CDC42EP1,NAB2,FSCN1,TRABD2A,ITGB2,NRGN,SPN,MDK,ACP5,TNFRSF18,FURIN,PBXIP1,PTPN7,PPAN,LGALS1,BST2,TMEM151A,RAC2,ANO8,LAT2,SELPLG,BAHCC1,PRR5,CYTH4,ATP2B4,S100P,VIM,STMN3,HOXA9,HOXA3,HOXA5,PRDX5,LFNG,AHNAK,NOTUM,RAB3D,BEST1,ADAM8,GM2A,SEMA4A,KLF2,TBC1D10C,GDF15,LMO2,ABCG1,AKNA,EMG1,FAM83E,PDZD7,DLG4,FES,SLC2A4,RASA3,NOS3,SLC4A8,TBKBP1"
"DEG_MD_SW480","85","0.28620000000000001","TAL1","TAL1","61","1454","0.96930000000000005","1","0.7887000000000000","ReMap--ChIP-seq","CACNA2D4,HSPG2,DDIT3,DDIT4,HEXIM2,BTBD19,PEAR1,CASP10,GSTO2,EMP3,UCP3,UCP2,SIGLEC6,SESN2,ATP11A,SLC9A5,FSCN1,GMPR,SPN,PPP1R15A,FURIN,PBXIP1,PPAN,TNFSF10,RAC2,GAB1,SELPLG,SLC43A3,TMPRSS3,ADAM19,SPOCD1,TENT5C,ATP2B4,HOXA3,HOXA5,HOXB2,PRDX5,GJC2,ADM,SERPINB1,CEP295NL,CLCF1,ATP8B1,MAFK,ANKRD33B,SEMA4A,MACC1,KLF2,TBC1D10C,TRAM2,SERP2,IZUMO1,GDF15,LMO2,ARHGAP18,FES,ABCC4,RASA3,NOS3,SLC4A8,SSBP2"
"DEG_MD_SW480","86","0.28960000000000002","PKNOX1","PKNOX1","60","1443","0.97319999999999995","1","0.7814000000000000","ReMap--ChIP-seq","HSPG2,TFR2,DDIT3,DDIT4,BTBD19,PEAR1,EMP3,SIGLEC6,NAB2,SESN2,SLC9A5,FSCN1,ZKSCAN3,SLC38A5,ST6GALNAC2,SPN,ACP5,PPP1R15A,FURIN,PBXIP1,PTPN7,BST2,ECM1,RAC2,ANO8,SYP,SELPLG,BAHCC1,INHBE,GNB2,RERE,MVP,SPOCK2,GALNT5,VIM,PRKCB,HOXB2,CFP,PRDX5,HOXC8,ELL2,TNFSF9,SERPINB1,ADCY7,CCDC71L,BEST1,GRAP2,TLE2,MAFK,UFSP1,MACC1,P2RX7,SERP2,BTN3A2,IFI6,CST6,LY6G6F,FAM83E,FES,NOS3"
"DEG_MD_SW480","87","0.29289999999999999","HOXB13","HOXB13","60","1443","0.97319999999999995","1","0.7814000000000000","ReMap--ChIP-seq","HES7,RDH12,CFAP69,HEXIM2,HOXC11,SLC7A2,UTRN,TRABD2A,ATXN1,MLLT3,DHFR2,IFI35,RASSF6,TNFSF10,EREG,BTD,DECR1,ACER2,TMPRSS2,PRICKLE1,XDH,TBC1D30,RND2,DNAH5,DNAH6,HOXA9,HOXA3,HOXA2,HOXA5,MAP1B,FAM149A,HOXC8,ELL2,COL2A1,LPCAT2,CSGALNACT1,TLE1,PHLDB2,EVL,UGT1A5,IRX2,PTPN13,KLF7,PPIL6,IFRD1,PLPP3,KLK3,EDN1,TLR3,AMIGO2,HOXA11,FAM186A,CADPS2,STEAP2,EFNA5,EMG1,SENP7,ALDH1A3,TBRG1,LRIG1"
"DEG_MD_SW480","88","0.29630000000000001","KLF3","KLF3","60","1445","0.97389999999999999","1","0.7803000000000000","ReMap--ChIP-seq","WLS,HES7,CCBE1,PDGFC,HEXIM2,BTBD19,HOXC11,SLC7A2,GPA33,EGLN3,BBOX1,STXBP5L,OLFML2A,SLC9A5,KANK4,ATXN1,FHL1,ADGRV1,BTD,EXT1,MKX,NRP1,ANO8,PRICKLE1,SERTAD4,FOXA1,ENPP1,BAHCC1,PCID2,PLGRKT,CAV1,RERE,VIM,HOXA9,HOXA3,HOXA2,HOXA5,HOXB2,HOXC8,GAS1,PAPSS2,OLFML3,POU4F1,RAB3D,TNC,TPM1,CUL4A,APP,STC2,STRADB,CST6,AMOT,HOXA11,EFNA5,FAM83E,BAMBI,WNT16,LRIG1,NCAM1,SSBP2"
"DEG_MD_SW480","89","0.29970000000000002","HES1","HES1","30","787","0.97389999999999999","1","0.7138000000000000","ReMap--ChIP-seq","PLBD1,IL20RB,CFAP69,RNASEL,FRMD3,FHL1,PPP1R3B,NINJ2,TTBK1,PCBP3,OXGR1,ARHGEF7,PCDHB14,PCDHB13,PCDHB11,PCDHB10,SPOCD1,FAM131B,S100P,SYTL2,NDFIP2,IPO5,RAB30,KIAA0319,C1QL1,CTH,MAPK8IP2,RAB7B,MAGEH1,CASP4"
"DEG_MD_SW480","90","0.30299999999999999","MITF","MITF","60","1449","0.97529999999999994","1","0.7780000000000000","ReMap--ChIP-seq","DDIT3,DDIT4,HEXIM2,BTBD19,BHLHE41,PEAR1,GSTO2,EMP3,CDC42EP1,SLC7A1,NAB2,LEPR,FSCN1,TUBGCP3,ST6GALNAC2,ACP5,PPP1R15A,FCGR2A,IFI35,IFITM10,GREB1,CDC16,C8G,HYAL1,ARHGEF3,SLC43A3,SLC43A1,HSF4,TMEM268,BAHCC1,SLC30A2,PLD6,GNB2,VGF,MVP,PRR22,SSPN,CEP295NL,CLCF1,NOTUM,EEF1AKMT3,TMEM229B,BEST1,TLE6,TPP1,ZNF774,UFSP1,CEBPB,SEMA4A,APP,IL23A,CORO6,GDF15,CAMK1,PDZD7,CPSF4,DLG4,SLC2A4,TSFM,MLPH"
"DEG_MD_SW480","91","0.30640000000000001","NR2F1","NR2F1","60","1449","0.97529999999999994","1","0.7780000000000000","ReMap--ChIP-seq","HEXIM2,RNF223,LRRC10B,HOXC11,GPR35,TEX19,MYRF,ZNF469,FLNC,FSCN1,ITGB4,ITGB2,MDK,TNFRSF18,FURIN,BAIAP3,PTPN7,IFITM10,TH,WNK2,TMEM151A,AATK,C8G,HSF4,BAHCC1,ZBP1,EEF1A2,DPEP1,HTRA3,NXPH4,CACNA1H,DEGS2,SSTR5,PRDX5,GJC2,RPL3L,TMEM198,LFNG,C1QTNF8,PRSS33,CLCF1,NOTUM,TLE2,ADAM8,BRSK2,ATP8B3,PLXNB3,MAFK,ASPG,ASS1,P2RX1,TRMT61A,TBC1D10C,NTSR1,GDF15,SUSD2,FAM83E,FES,COL6A2,NOS3"
"DEG_MD_SW480","92","0.30980000000000002","HIF1A","HIF1A","60","1450","0.97560000000000002","1","0.7775000000000000","ReMap--ChIP-seq","CLDN1,UNC5A,DDIT4,HPD,HEXIM2,BHLHE41,HOXC11,JPH3,TEX19,CDC42EP1,CCM2L,NAB2,FSCN1,ITGB2,MDK,NTN4,PBXIP1,PPAN,IFI35,LGALS1,KCNK15,TH,HYAL1,SLC43A3,HSF4,FOXA1,DPEP1,NXPH4,INHBE,ZNF385C,SSTR5,VGF,IRF8,MVP,CLMP,S100P,PNMT,HOXC8,SSPN,ADM,LFNG,C1QTNF8,CLCF1,CCL28,BEST1,LAMP3,GRB10,CHRD,MAFK,CEBPB,SEMA3A,TRMT61A,TBC1D10C,SYNPO,STC2,NTSR1,EDN1,GDF15,PDZD7,TRPV4"
"DEG_MD_SW480","93","0.31309999999999999","PGR","PGR","60","1451","0.97589999999999999","1","0.7769000000000000","ReMap--ChIP-seq","ENDOU,HSPG2,DDIT4,HEXIM2,LRRC10B,HOXC11,ODC1,KCNG1,RASL10B,FBXO32,ST6GALNAC2,ITGB4,ITGB2,ITGB6,PBXIP1,KCNK15,TM4SF1,MT1A,GREB1,C8G,HSF4,FOXA1,PRDM1,TMEM268,VDR,DEGS2,S100P,STMN3,PLCE1,PRDX5,S100A14,HOXC8,CGN,RPL3L,ADM,ANXA9,AHNAK,MYBPH,TLE1,TPM1,SRGAP1,SPIRE2,MAFK,SLC26A9,CEBPB,CACNG4,TRMT61A,AQP5,STC2,NTSR1,ANKRD2,EDN1,KRT35,VGLL4,AKNA,MUC1,LRIG1,SASH1,SLC4A8,MLPH"
"DEG_MD_SW480","94","0.31650000000000000","ZNF217","ZNF217","59","1440","0.97919999999999996","1","0.7695000000000000","ReMap--ChIP-seq","FZD10,HES7,UNC5A,RNF223,SHF,ODC1,SLC7A2,SLC9A2,UTRN,TRABD2A,TNFRSF11B,ZNF425,FBXO32,ITGB4,ITGB2,ITGB6,MLLT3,DHFR2,POF1B,TM4SF1,GREB1,IL24,NEDD9,FOXA1,NCMAP,TBC1D30,OSR2,COL5A2,CYP24A1,S100P,ALCAM,SYTL2,S100A14,CGN,LFNG,ANXA9,GRAMD2B,PLCB1,PAPSS2,SEMA5A,SALL4,TLE1,SRGAP1,ITGA10,SPIRE2,GPX2,EVL,SMPDL3A,CACNG4,IRX2,VIPR1,VGLL4,AMIGO2,TMEM144,COL4A5,CPLX2,KRT40,FAM83B,MLPH"
"DEG_MD_SW480","95","0.31990000000000002","CREB3","CREB3","59","1441","0.97940000000000005","1","0.7689000000000000","ReMap--ChIP-seq","RNASE1,DDIT3,DDIT4,BTBD19,TEX19,UCP3,UCP2,FLNC,SIGLEC6,LEPR,GMPR,ZKSCAN3,ST6GALNAC2,SPN,ACP5,PPP1R15A,FURIN,PTPN7,TNFSF10,CDC16,SLC7A11,SELPLG,SLC43A3,ADAM19,FGF13,CLN8,GALNT5,PRKCB,CLEC11A,HOXB2,ST3GAL5,UPF3A,ANXA9,SERPINB1,CLCF1,CCDC71L,ATP8A2,CSF2,BEST1,PLXNA2,SRGAP3,CPQ,SEMA4A,MACC1,IFITM1,IFITM2,IL23A,TRANK1,SGK1,SUSD3,LY6G6F,GDF15,ARHGAP18,FES,ABCC4,HKDC1,LTF,NOS3,SSBP2"
"DEG_MD_SW480","96","0.32319999999999999","E2F7","E2F7","59","1443","0.97999999999999998","1","0.7678000000000000","ReMap--ChIP-seq","HES7,DDIT3,DDIT4,BAZ2B,HEXIM2,BTBD19,COL1A1,TUBA1A,CDC42EP1,ZNF469,NAB2,FSCN1,TRABD2A,ATXN1,UPP1,FOXL1,PPP1R15A,PBXIP1,LGALS1,TM4SF1,IFITM10,EXT1,SELPLG,BAHCC1,HTRA3,INHBE,VGF,CD4,FAM131B,VIM,HOXA3,HOXA2,HOXA5,HOXB2,ADM,AHNAK,CEP295NL,OLFML3,PRSS33,CLCF1,INHA,RAB3D,BEST1,TPM1,PHLDB2,SRGAP3,MAFK,POLR2A,SEMA4A,SPARC,CBLC,IFIT3,COL8A2,STC2,DLG4,RASA3,THBS1,MUC1,LRIG1"
"DEG_MD_SW480","97","0.32660000000000000","ZEB2","ZEB2","59","1446","0.98080000000000001","1","0.7662000000000000","ReMap--ChIP-seq","GMFG,HES7,DDIT3,DDIT4,HEXIM2,BTBD19,PEAR1,EMP3,FLNC,SIGLEC6,SESN2,GMPR,ZKSCAN3,SPN,ACP5,PPP1R15A,FURIN,PBXIP1,PTPN7,IFI35,TTBK1,SLC43A3,GPC2,PRDM1,FGF21,INHBE,CA8,TENT5C,VGF,CLN8,GALNT5,S100P,VIM,PRKCB,HOXB2,SERPINB1,CCDC71L,BEST1,TLE2,RNF182,UFSP1,MACC1,ANTXR2,TNS4,IL23A,TRANK1,STAG3,IZUMO1,BTN3A2,SUSD3,LY6G6F,GDF15,ARHGAP18,FAM83E,FES,SENP7,MUC4,NOS3,SSBP2"
"DEG_MD_SW480","98","0.33000000000000002","HOXB7","HOXB7","9","306","0.98099999999999998","1","0.5458000000000000","ReMap--ChIP-seq","C3AR1,PGM2L1,PCK2,EXT1,GNG4,TPM1,ATP8B1,KRT35,SUSD3"
"DEG_MD_SW480","99","0.33329999999999999","FOXO1","FOXO1","59","1447","0.98109999999999997","1","0.7655999999999999","ReMap--ChIP-seq","HES7,CCBE1,DDIT4,PDGFC,HEXIM2,COL1A1,EMP3,UCP2,LEPR,FOXP1,UTRN,TRABD2A,ATXN1,FBXO32,PBXIP1,IKZF2,TM4SF1,EXT1,IL24,SELPLG,NEDD9,PLAT,PRDM1,BAHCC1,ADAM19,CLMP,HOXA9,ALCAM,HOXA3,PRR22,ADM,LPCAT2,EEF1AKMT3,ANKRD44,TLE6,RAB30,PHLDB2,SRGAP3,SRGAP1,GCSAM,SPIRE2,GM2A,SMPDL3A,MACC1,KLF7,SPARC,DDX60L,IFIT2,TNS4,IGSF6,SLC44A2,NT5E,CAMK1,HOXA11,LMO2,COL4A2,AKNA,EMG1,MLPH"
"DEG_MD_SW480","100","0.33670000000000000","ZNF175","ZNF175","59","1448","0.98129999999999995","1","0.7651000000000000","ReMap--ChIP-seq","HES7,HSPG2,DDIT3,DDIT4,HEXIM2,BTBD19,DUSP9,TEX19,CDC42EP1,NAB2,SESN2,DLX2,ATXN1,FURIN,PBXIP1,IFI35,PAQR8,GCAT,TM4SF1,APOE,GREB1,HYAL1,HSF4,FOXA2,BAHCC1,FGF21,INHBE,SSTR5,VGF,MVP,S100P,PNMT,HOXA5,PRDX5,GJC2,ELL2,RPL3L,ADM,C1QTNF8,IMPA2,ANXA9,AHNAK,NOTUM,BEST1,SPIRE2,MAFK,CEBPB,PSAT1,APOC1,CBLC,TRAM2,IZUMO1,BTN3A2,LY6G6F,GDF15,PDZD7,HKDC1,NOS3,MLPH"
"DEG_MD_SW480","101","0.34010000000000001","NCOA2","NCOA2","59","1449","0.98160000000000003","1","0.7645000000000000","ReMap--ChIP-seq","DDIT4,RNF223,EMP3,CDC42EP1,FBXO32,ITGB2,BCAS3,ATP9A,BAIAP3,PTPN7,DECR1,IFITM10,TH,IL24,SYK,TMPRSS3,PRICKLE2,NEDD9,TMPRSS2,FOXA1,TMEM268,MR1,TANC2,PLGRKT,VDR,CAV1,TENT5C,SSTR5,VGF,CYP24A1,S100P,STMN3,GLDN,WDR72,SYTL2,PRDX5,S100A14,CGN,TRIM9,C1QTNF8,ANXA9,AHNAK,OLFML3,RAB3D,SALL4,SRGAP1,SPIRE2,MAFK,ANKRD33B,PTPN22,ADAMTS9,CACNG4,CBLC,ZNF821,PTPRN2,ANKRD2,VGLL4,GDF15,MLPH"
"DEG_MD_SW480","102","0.34339999999999998","TCF12","TCF12","59","1449","0.98160000000000003","1","0.7645000000000000","ReMap--ChIP-seq","HES7,DDIT4,HEXIM2,BTBD19,HOXC11,EMP3,CDC42EP1,NAB2,FSCN1,TRABD2A,DLX2,ATXN1,CNTNAP1,FURIN,PBXIP1,BAIAP3,PPAN,LGALS1,SCN1B,TM4SF1,TMEM151A,ANO8,HSF4,BAHCC1,VGF,MVP,STMN3,HOXA9,HOXA3,HOXA2,HOXA5,HOXB2,PRDX5,HOXC8,RPL3L,ADM,LFNG,AHNAK,CLCF1,NOTUM,TLE2,TPM1,MAFK,ANKRD33B,CEBPB,SEMA4A,TRMT61A,CBLC,TBC1D10C,TNS4,GDF15,HOXA11,EMG1,FAM83E,PDZD7,DLG4,FES,MUC1,NOS3"
"DEG_MD_SW480","103","0.34680000000000000","SNAI2","SNAI2","59","1449","0.98160000000000003","1","0.7645000000000000","ReMap--ChIP-seq","HES7,CCBE1,DDIT4,SHMT2,HEXIM2,BTBD19,RNF223,TEX19,CDC42EP1,ODC1,ZNF469,WNT7A,SESN2,FSCN1,ST6GALNAC2,ITGB4,ITGB2,TNFRSF18,BAIAP3,LGALS1,GCAT,TH,ANO8,SLC43A3,HSF4,BAHCC1,EEF1A2,DPEP1,NXPH4,VGF,ATP2B4,HOXA3,PRDX5,GJC2,RPL3L,TNFSF9,LFNG,AHNAK,NOTUM,RAB3D,TLE2,ADAM8,NOTCH3,ATP8B3,SLC4A11,MAFK,CEBPB,TRMT61A,CBLC,CHAC1,TNS4,NTSR1,CORO6,CST6,GDF15,FAM83E,PDZD7,TRPV3,SNCG"
"DEG_MD_SW480","104","0.35020000000000001","HNF4G","HNF4G","59","1451","0.98209999999999997","1","0.7634000000000000","ReMap--ChIP-seq","HSPG2,DDIT4,HEXIM2,BTBD19,IL22RA1,DUSP9,TEX19,UCP3,NAB2,ATP11A,MLXIPL,CNTNAP1,ST6GALNAC2,SLC25A15,PAQR8,TM4SF5,GCAT,TM4SF1,APOE,PCK2,GREB1,TMEM151A,HYAL1,SLC43A1,INHBE,SSTR5,MVP,GNG4,LAMB2,CD4,PNMT,ELL2,RPL3L,ADM,C1QTNF8,IMPA2,ANXA9,MBNL3,RHBG,NOTUM,BEST1,PLXNC1,COL27A1,GPT2,TPM1,SLC4A11,MAFK,CEBPB,ASS1,APOC1,CBLC,POR,TRAM2,LY6G6F,GDF15,ARHGAP18,PDZD7,SLC2A2,KLF15"
"DEG_MD_SW480","105","0.35349999999999998","BACH1","BACH1","59","1452","0.98240000000000005","1","0.7629000000000000","ReMap--ChIP-seq","HES7,DDIT4,ADAMTS17,HEXIM2,BTBD19,BHLHE41,TEX19,NAB2,ZKSCAN3,CNTNAP1,DST,PPP1R15A,PBXIP1,BEND6,BAIAP3,TM4SF1,NINJ2,IFITM10,SLC7A11,HYAL1,CRYBA2,HSF4,AKR1C1,AKR1C3,PRDM1,EEF1A2,BMP6,TMEM221,SCN5A,VGF,MVP,CLN8,PRDX5,GJC2,RPL3L,SSPN,TNFSF9,ADM,IMPA2,CLCF1,NOTUM,BEST1,LZTS3,MAFK,UFSP1,IRX2,SEMA4A,MACC1,KLF2,ANTXR1,TBC1D10C,IFRD1,DCUN1D2,STC2,ZNF821,CORO6,GDF15,EMG1,HKDC1"
"DEG_MD_SW480","106","0.35690000000000000","TEAD4","TEAD4","58","1449","0.98650000000000004","1","0.7510000000000000","ReMap--ChIP-seq","HES7,HSPG2,DDIT3,DDIT4,PDGFC,HEXIM2,BTBD19,COL1A1,SHF,CDC42EP1,NAB2,LEPR,FSCN1,TRABD2A,ATXN1,PPP1R15A,PBXIP1,KCNK15,TM4SF1,ANO8,BAHCC1,CNN3,FGF21,CAV1,VGF,CYP24A1,VIM,HOXB2,PRDX5,S100A14,CGN,RPL3L,ADM,ANXA9,SERPINB1,AHNAK,CLCF1,BEST1,TLE2,TPM1,MAFK,UFSP1,CEBPB,SEMA4A,CBLC,TNS4,STC2,TRAM2,IZUMO1,AMIGO2,CST6,GDF15,ARHGAP18,LIN28A,DLG4,ABCC4,THBS1,NOS3"
"DEG_MD_SW480","107","0.36030000000000001","ZNF263","ZNF263","58","1450","0.98670000000000002","1","0.7504999999999999","ReMap--ChIP-seq","UNC5A,TFR2,DDIT4,MYL3,SHMT2,RNF223,PEAR1,TEX19,ZNF469,FLNC,ITGB2,MDK,TNFRSF18,FURIN,BAIAP3,PTPN7,TTBK1,PPP1R1B,TMEM151A,AATK,C8G,BAHCC1,GNAZ,HTRA3,NXPH4,GNB2,MVP,DCDC2B,S100P,PNMT,STMN3,HOXA9,HOXA3,PRDX5,GJC2,HOXC8,RPL3L,TMEM198,LFNG,CLCF1,NOTUM,TLE2,CHRD,STRA6,ATP8B3,MAFK,UFSP1,PSD2,P2RX1,TRMT61A,TBC1D10C,PDE2A,FAM83E,DLG4,FES,WNT11,HES2,NOS3"
"DEG_MD_SW480","108","0.36359999999999998","USF2","USF2","58","1451","0.98690000000000000","1","0.7499000000000000","ReMap--ChIP-seq","HES7,DDIT3,DDIT4,RNF223,RNF227,BHLHE41,HOXC11,ODC1,NAB2,SESN2,SLC9A5,DLX2,CNTNAP1,UPP1,PPP1R15A,PBXIP1,PPAN,MIA,KCNK15,GCAT,KCNQ2,PCK2,C8G,SLC43A1,HSF4,PCID2,GNB2,VGF,MVP,HOXA3,HOXA2,HOXA5,HOXB2,PRDX5,HOXC8,PRR22,SSPN,TNFSF9,CLCF1,NOTUM,EEF1AKMT3,BEST1,TLE6,TPP1,UFSP1,PLEKHG4,CEBPB,CUL4A,P2RX7,TNS4,COL8A2,STC2,GDF15,CAMK1,FAM83E,DLG4,SLC2A4,MUC1"
"DEG_MD_SW480","109","0.36699999999999999","BCL6","BCL6","58","1451","0.98690000000000000","1","0.7499000000000000","ReMap--ChIP-seq","HES7,DDIT4,SHMT2,HEXIM2,BTBD19,BHLHE41,ODC1,UCP3,UCP2,NAB2,FOXP1,ITGB2,FURIN,PBXIP1,BAIAP3,PPAN,NINJ2,RAC2,SYK,SELPLG,HSF4,GPC2,CCND2,NXPH4,GNB2,IRF8,CYTH4,HOXA9,HOXA3,HOXA5,PRDX5,RPL3L,SSPN,TNFSF9,ADM,LFNG,AHNAK,CLCF1,NOTUM,SLC15A3,GCSAM,SPIRE2,GM2A,KLF2,P2RX5,P2RX1,TBC1D10C,SP110,STAG3,SUSD3,HOXA11,ABCG1,AKNA,EMG1,FAM83E,DLG4,FES,RASA3"
"DEG_MD_SW480","110","0.37040000000000001","THAP11","THAP11","44","1147","0.98819999999999997","1","0.7185000000000000","ReMap--ChIP-seq","GMFG,TFR2,DDIT3,HEXIM2,TEX30,EMP3,PGM2L1,MYRF,SLC9A5,TRABD2B,SLC38A5,ST6GALNAC2,ATP9A,ZNF853,LDLRAD1,TM4SF5,MOGAT3,HYAL1,CTU1,PITPNM3,SLC30A2,FGF21,INHBE,GNB2,ZMYND15,STMN3,SLC6A4,RHBG,SALL4,BIVM,HMBOX1,SLC15A3,MAP2K6,ASPG,POLR2A,IFRD1,IL23A,COL8A2,SH2D2A,IZUMO1,OPRD1,FAM83E,DLG4,SLC2A4"
"DEG_MD_SW480","111","0.37369999999999998","ZNF589","ZNF589","57","1438","0.98850000000000005","1","0.7433999999999999","ReMap--ChIP-seq","HPCAL4,DDIT3,DDIT4,CDC42EP1,UCP3,UCP2,SIGLEC6,KCNG1,TRABD2A,GMPR,ZKSCAN3,SPN,ACP5,PPP1R15A,TTC39A,PTPN7,SYP,SELPLG,NEDD9,SLC30A2,TTC7B,INHBE,ETV1,TENT5C,VGF,CLN8,ATP2B4,S100P,VIM,GJC2,SERPINB1,ADCY7,VEPH1,ATP8A2,CSF2,BEST1,PLXNA2,CPQ,CEBPB,MACC1,P2RX7,IFITM1,IFITM2,ANTXR2,ACSL6,IL23A,SERP2,GDF15,LMO2,ABCG1,ARHGAP18,PDE3B,SENP7,HKDC1,MUC4,NOS3,MLPH"
"DEG_MD_SW480","112","0.37709999999999999","FOXJ2","FOXJ2","57","1440","0.98890000000000000","1","0.7423000000000000","ReMap--ChIP-seq","HES7,CLCNKB,BAZ2B,CFAP69,HEXIM2,BTBD19,ABCA3,TUBA1A,RAPGEF5,CHST3,LRRC70,ZKSCAN3,FBXO32,ALAS2,PPP1R15A,BAIAP3,GCAT,NINJ2,SFRP5,CD14,DECR1,BST2,SLC7A11,CTU1,CLGN,ENPP1,BAHCC1,OSR2,PLGRKT,TENT5C,SYTL2,GJC2,NDFIP2,CGN,AHNAK,SIAE,BEST1,HMBOX1,TPPP,MAFK,CSTL1,UGT1A5,SEMA4A,MACC1,KLF2,P2RX7,PPIL6,ANTXR2,BTN3A2,MAPRE2,VGLL4,GDF15,LMO2,CABP1,BAMBI,ATP1A3,MUC1"
"DEG_MD_SW480","113","0.38050000000000000","ZNF318","ZNF318","57","1440","0.98890000000000000","1","0.7423000000000000","ReMap--ChIP-seq","DDIT3,DDIT4,ATF3,HEXIM2,BTBD19,EMP3,TEX19,TRABD2A,ZKSCAN3,CNTNAP1,PPP1R15A,IFI35,LGALS1,TNFSF10,GCAT,IFITM10,SLC7A11,RAC2,ANO8,SELPLG,RND2,ETV1,CLN8,GALNT5,ATP2B4,VIM,PRDX5,GJC2,ELL2,TNFSF9,SERPINB1,AHNAK,APOL1,PRSS33,EEF1AKMT3,BEST1,MAFK,TPP1,UFSP1,CEBPB,RNF39,SEMA4A,MACC1,KLF2,IL23A,TRANK1,BTN3A1,BTN3A2,SGK1,LY6G6F,GDF15,TMEM144,ABCG1,EMG1,LIN28A,HKDC1,NOS3"
"DEG_MD_SW480","114","0.38379999999999997","TCF3","TCF3","57","1443","0.98939999999999995","1","0.7407000000000000","ReMap--ChIP-seq","HES7,DDIT4,SHMT2,BTBD19,GPR35,NAB2,FSCN1,CNTNAP1,ITGB2,SPN,MDK,TNFRSF18,FURIN,BAIAP3,PPAN,LGALS1,BST2,TMEM151A,RAC2,ANO8,SELPLG,HSF4,CD74,CCND2,BAHCC1,NXPH4,ADGRG5,VGF,IRF8,MVP,CYTH4,S100P,STMN3,PRDX5,RPL3L,TNFSF9,LFNG,AHNAK,CLCF1,NOTUM,RAB3D,ADAM8,MAFK,ANKRD33B,SEMA4A,KLF2,P2RX1,IFITM1,IFITM2,TBC1D10C,SUSD3,AKNA,EMG1,FAM83E,FES,RASA3,NOS3"
"DEG_MD_SW480","115","0.38719999999999999","SNAPC4","SNAPC4","57","1447","0.98999999999999999","1","0.7386000000000000","ReMap--ChIP-seq","OSGEPL1,GMFG,DPYSL3,HPD,ATF3,RDH12,BTBD19,TEX30,PGM2L1,UCP2,BBOX1,OLFM1,TRABD2A,KCTD21,KIAA0825,ECM1,AATK,IL15,CD70,KIF26B,NR3C1,TMEM268,BORA,SLC1A3,PLD6,ALPI,LAMB2,SBK3,CD4,CD6,MEFV,ADCY7,ATP8A1,RAB3D,BIVM,SLC15A3,MAP2K6,ASNS,GM2A,CBLC,TNS4,IL23A,PAPPA,ZNF821,PTPRN2,KLHDC8B,NODAL,EDN1,SUSD2,SAA1,SAA2,KRT6A,LMO2,EMG1,PTCH2,IGDCC4,RASA3"
"DEG_MD_SW480","116","0.39060000000000000","NME2","NME2","57","1448","0.99009999999999998","1","0.7381000000000000","ReMap--ChIP-seq","HES7,PDGFC,VANGL2,FOXL2NB,PEAR1,JPH2,GPR52,BBOX1,SLC25A48,SLC9A5,TNFRSF11B,RASL10B,SNAP25,CNTNAP1,ITGB6,IL1RAPL1,C1GALT1C1L,CCL2,EGR4,TMEM151A,ANKFN1,CRYBA2,SERTAD4,HSF4,CD70,KITLG,FOXA2,NR3C1,GRM8,CYTIP,SSTR5,ZIC5,SBK3,FAM131B,VIM,HOXA3,HOXA2,HOXA5,DAAM2,TNC,LAMP3,TPM1,LEMD1,CEBPB,CEBPG,CDRT4,TNS4,KLK3,TENM1,SLC35F3,TENM4,APBA1,CD300C,PLCXD2,WSCD1,ATP1A3,KRT83"
"DEG_MD_SW480","117","0.39389999999999997","SOX11","SOX11","57","1448","0.99009999999999998","1","0.7381000000000000","ReMap--ChIP-seq","CLDN1,EML1,FEZ1,TUBA1A,SAMD9,NAB2,F13A1,NRGN,NRG4,FURIN,PTPN7,ZNF853,CPNE8,IFI35,KCNQ4,TTBK1,EXT1,TG,PPP1R1B,TMEM151A,SLC7A11,IL15,ANKFN1,CD70,TMEM266,BAHCC1,ADAM19,DDX60,ADGRG5,MUC16,COL5A2,RND2,MVP,FRMPD1,NDFIP2,TNFSF9,COL2A1,GRAMD1C,APOL3,PRSS33,BRSK2,CEMIP,ATP8B3,ITGA10,ADAMTS8,C1QL1,TRMT61A,IFIT3,ZFPM2,TMTC4,STC2,COL4A2,LPL,CABP1,CPSF4,IGDCC4,ATP1A3"
"DEG_MD_SW480","118","0.39729999999999999","CEBPB","CEBPB","57","1449","0.99029999999999996","1","0.7375000000000000","ReMap--ChIP-seq","EPSTI1,HES7,DDIT3,DDIT4,HEXIM2,COL1A1,CDC42EP1,NAB2,SESN2,FOXP1,UTRN,TRABD2A,DLX2,ATXN1,FURIN,IFI35,KCNK15,TM4SF1,MT1A,TSPAN8,EXT1,SLC7A11,NEDD9,KITLG,CAV1,RND2,CLMP,ATP2B4,S100P,VIM,HOXA9,ALCAM,HOXA3,HOXA5,PRDX5,SNAI2,ADM,SERPINB1,MGLL,EEF1AKMT3,BEST1,ATP8B1,CEBPB,CEBPG,APOC1,TNS4,POR,STC2,TRAM2,SH3PXD2A,BTN3A2,AMIGO2,GDF15,DTX4,EMG1,FAM83E,SLC2A2"
"DEG_MD_SW480","119","0.40070000000000000","ASCL1","ASCL1","57","1450","0.99039999999999995","1","0.7370000000000000","ReMap--ChIP-seq","HPCAL4,LRRC10B,TUBA1A,EMP3,TEX19,ODC1,FLNC,FSCN1,MDK,TNFRSF18,BAIAP3,PCK2,C8G,CRYBA2,HSF4,BAHCC1,EEF1A2,FBN3,CACNA1H,FGF21,CCDC136,INHBE,SSTR5,MVP,DCDC2B,SBK3,PRDX5,TMEM198,LFNG,C1QTNF8,NOTUM,INHA,RAB3D,LZTS3,TLE2,LEMD1,TLE6,ADAM8,STRA6,ANKRD24,SPIRE2,MAFK,CBLC,CHAC1,POR,NTSR1,PTPRN2,IZUMO1,OPRD1,GDF15,SUSD2,FAM83E,PDZD7,LTF,KRT83,MUC1,NOS3"
"DEG_MD_SW480","120","0.40400000000000003","CEBPA","CEBPA","57","1450","0.99039999999999995","1","0.7370000000000000","ReMap--ChIP-seq","CLDN1,DDIT3,DDIT4,HPD,HEXIM2,CYP4F3,CASP10,CDC42EP1,SLC7A2,NAB2,OLFML2A,SESN2,ATP11A,UTRN,ATXN1,ST6GALNAC2,ITGB2,FURIN,TNFSF10,PAQR8,TM4SF1,APOE,CD14,PCK2,EXT1,LAT2,SLC43A3,NEDD9,TMEM268,MAT1A,S100P,DKK4,MEFV,PRDX5,ELL2,ADM,IMPA2,SERPINB1,RAB3D,BEST1,GPT2,GM2A,CEBPB,CEBPG,KLF2,PSAT1,APOC1,IFIT1,POR,IGSF6,SH3PXD2A,GDF15,SAA1,SAA2,EMG1,SLC2A2,LRIG1"
"DEG_MD_SW480","121","0.40739999999999998","GRHL2","GRHL2","57","1450","0.99039999999999995","1","0.7370000000000000","ReMap--ChIP-seq","ENDOU,DDIT4,CLCNKB,HEXIM2,BTBD19,RNF223,FAT2,BHLHE41,JMJD7-PLA2G4B,CDC42EP1,UCP2,LEPR,SLC9A5,FBXO32,ITGB4,ITGB2,UPP1,NTN4,PBXIP1,KCTD21,GCAT,TM4SF1,TSPAN1,ANO8,PLGRKT,S100P,NAXD,PNMT,ALCAM,PRDX5,S100A14,CGN,SSPN,ANXA9,GRAMD2B,MGLL,AHNAK,CEP295NL,CLCF1,ADAM8,PHLDB2,MAFK,CEBPB,SEMA4A,MACC1,PTPN14,CBLC,KLK7,SLC44A2,ANKRD2,VGLL4,CST6,GDF15,ARHGAP40,WNT11,SNCG,MLPH"
"DEG_MD_SW480","122","0.41080000000000000","KDM5B","KDM5B","57","1452","0.99070000000000003","1","0.7359000000000000","ReMap--ChIP-seq","HES7,DDIT4,SHMT2,HEXIM2,RNF223,HOXC11,TEX19,ZNF469,NAB2,SLC9A5,FSCN1,DLX2,CNTNAP1,ITGB2,MDK,TNFRSF18,PBXIP1,BAIAP3,PPAN,TMEM151A,C8G,ANO8,HSF4,FOXA1,BAHCC1,EEF1A2,GNB2,VGF,MVP,STMN3,HOXA9,HOXA3,HOXA5,PRDX5,HOXC8,RPL3L,TMEM198,LFNG,AHNAK,CLCF1,NOTUM,ADAM8,ATP8B3,MAFK,UFSP1,CEBPB,IRX2,TRMT61A,TBC1D10C,STC2,HOXA11,FAM83E,PDZD7,DLG4,SLC2A4,MUC1,NOS3"
"DEG_MD_SW480","123","0.41410000000000002","FLI1","FLI1","57","1453","0.99090000000000000","1","0.7354000000000001","ReMap--ChIP-seq","HES7,TFR2,HEXIM2,BTBD19,HOXC11,GPR35,EMP3,ZNF469,FSCN1,TRABD2A,ITGB2,TNFRSF18,FURIN,LRP3,PBXIP1,PPAN,LGALS1,SCN1B,GCAT,TMEM151A,HYAL1,ANO8,SLC43A3,HSF4,KIF26B,BAHCC1,FGF21,GNB2,CYTH4,S100P,STMN3,HOXA9,HOXA3,HOXA5,CLEC11A,MEFV,PRDX5,HOXC8,LFNG,CLCF1,NOTUM,EEF1AKMT3,RAB3D,MAFK,TBC1D10C,NTSR1,IZUMO1,HOXA11,EMG1,FAM83E,PDZD7,DLG4,FES,SLC2A4,RASA3,MUC1,NOS3"
"DEG_MD_SW480","124","0.41749999999999998","BACH2","BACH2","56","1446","0.99280000000000002","1","0.7256000000000000","ReMap--ChIP-seq","DDIT4,BHLHE41,SHF,TEX19,KCNA2,NAB2,F13A1,SESN2,PPP1R15A,FURIN,PBXIP1,RASSF6,NINJ2,SLC7A11,GAB1,SELPLG,GPC2,PRDM1,NR3C1,IGF1R,LOXL2,TBC1D30,ZBP1,SPOCD1,ALPI,AFF2,IRF8,ACOT9,PRKCB,PRDX5,SSPN,TNFSF9,ADM,SERPINB1,CLCF1,ATP8A1,RAB30,GCSAM,TPP2,ANKRD33B,GM2A,MACC1,KLF2,IFRD1,IGSF6,STAG3,CORO6,BTN3A2,SUSD3,ABCG1,AKNA,EMG1,TRPV3,OAS1,HKDC1,LRIG1"
"DEG_MD_SW480","125","0.42090000000000000","TERF1","TERF1","56","1447","0.99290000000000000","1","0.7251000000000000","ReMap--ChIP-seq","BHLHA15,DDIT4,RDH12,BTBD19,CASP10,TEX19,KCNA2,PTAFR,TRABD2A,ITGB2,SPN,BCAS3,ATP10D,PBXIP1,IFI35,NINJ2,SYK,SELPLG,NEDD9,CD70,ADAM19,ADGRG5,ZMYND15,IRF8,STMN3,PRKCB,RNF122,SLAIN1,PRDX5,LDHD,TNFSF9,IFIH1,AHNAK,RIMS4,CYS1,GCSAM,PTPN22,MACC1,PTPN13,KLF2,IFITM1,SP110,IL23A,IGSF6,TRANK1,BTN3A2,B3GNT7,TLR3,SAA1,SAA2,SPNS3,EMG1,FAM83E,TRPV4,OAS1,RASA3"
"DEG_MD_SW480","126","0.42420000000000002","EPAS1","EPAS1","56","1448","0.99299999999999999","1","0.7246000000000000","ReMap--ChIP-seq","LACTB,DDIT4,RNF223,BHLHE41,KCNA2,SLC7A1,TRABD2A,SLC38A5,ITGB2,ACP5,UPP1,FOXL1,ATP9A,LGALS1,TNFSF10,MOGAT3,RAC2,SYK,SYP,GAL,ARHGEF3,SLC43A3,NEDD9,HSF4,CCND2,DPEP1,CAV1,CYTIP,BCKDHA,NWD1,CYTH4,FAM124A,ST3GAL5,ELL2,SSPN,ADM,LFNG,FAM234B,MGLL,ANKRD37,ADAM8,ANKRD33B,C1QL1,EVL,CEBPB,UGT1A5,MACC1,PTPN14,SYNPO,CD109,STC2,PTPRN2,TLR3,ARHGAP18,CDH23,PDZD7"
"DEG_MD_SW480","127","0.42759999999999998","ARNT","ARNT","56","1450","0.99319999999999997","1","0.7236000000000000","ReMap--ChIP-seq","HES7,DDIT4,SHMT2,HEXIM2,HOXC11,RNASEL,ODC1,NAB2,ITGB2,MDK,BCAS3,PPP1R15A,PBXIP1,PTPN7,TNFSF10,KCNK15,EXT1,TMEM151A,FOXA1,BAHCC1,NXPH4,BMP4,RERE,TENT5C,VGF,CYP24A1,S100P,PNMT,STMN3,HOXB2,PRDX5,HOXC8,TMEM198,COL2A1,MGLL,AHNAK,CLCF1,EEF1AKMT3,GRB10,RAB30,MAFK,DUSP15,CEBPB,CACNG4,CBLC,TBC1D10C,STC2,TRAM2,EDN1,AMIGO2,CST6,GDF15,FAM83E,PDZD7,DLG4,MUC1"
"DEG_MD_SW480","128","0.43099999999999999","GATA4","GATA4","56","1450","0.99319999999999997","1","0.7236000000000000","ReMap--ChIP-seq","HES7,HSPG2,DDIT4,HEXIM2,BTBD19,EMP3,CDC42EP1,RAPGEF5,ODC1,TRABD2A,ATXN1,MLXIPL,PPP1R15A,FURIN,PBXIP1,ATP9A,SCN1B,TM4SF5,TM4SF1,PCK2,HYAL1,HNF4A,GAB1,HSF4,FOXA1,CNN3,FGF21,MVP,S100P,SYTL2,PRDX5,S100A14,CGN,ADM,ANXA9,AHNAK,CLCF1,NOTUM,BEST1,TLE1,GPT2,SLC26A9,SMPDL3A,CEBPB,CBLC,TNS4,TRAM2,IZUMO1,GDF15,EMG1,FAM83E,PDZD7,BAMBI,DLG4,MUC1,LRIG1"
"DEG_MD_SW480","129","0.43430000000000002","ZKSCAN1","ZKSCAN1","56","1451","0.99329999999999996","1","0.7230000000000000","ReMap--ChIP-seq","ENDOU,HES7,HSPG2,DDIT4,CLCNKB,HEXIM2,BTBD19,CYP4F3,RNF223,CDC42EP1,MYRF,ODC1,NAB2,FSCN1,SPN,MDK,VPS37D,BAIAP3,PPAN,IFI35,LGALS1,APOE,TMEM151A,C8G,HYAL1,ANO8,HSF4,GNAZ,FGF21,GNB2,MVP,STMN3,PRDX5,PRR22,RPL3L,TMEM198,AHNAK,CLCF1,NOTUM,RAB3D,TLE2,ATP8B3,ANKRD24,UFSP1,CEBPB,APOC1,TBC1D10C,IZUMO1,LY6G6F,GDF15,CAMK1,FAM83E,PDZD7,TRPV4,SLC2A4,NOS3"
"DEG_MD_SW480","130","0.43769999999999998","ATF3","ATF3","56","1453","0.99350000000000005","1","0.7220000000000000","ReMap--ChIP-seq","HES7,DDIT3,DDIT4,HEXIM2,BTBD19,COL1A1,GSTO2,EMP3,CDC42EP1,SLC7A2,OLFML2A,SESN2,ATXN1,CNTNAP1,PPP1R15A,FURIN,PBXIP1,PPAN,IFI35,TM4SF1,MT1A,APOE,HYAL1,HSF4,BAHCC1,FGF21,INHBE,VGF,CYP24A1,S100P,HOXA3,HOXA5,PRDX5,S100A14,RPL3L,ADM,AHNAK,CLCF1,NOTUM,EEF1AKMT3,BEST1,GPT2,PHLDB2,ATP8B1,MAFK,CEBPB,APOC1,TBC1D10C,IZUMO1,GDF15,EMG1,FAM83E,DLG4,FES,SLC2A4,TSFM"
"DEG_MD_SW480","131","0.44109999999999999","ZC3H8","ZC3H8","55","1443","0.99470000000000003","1","0.7137000000000000","ReMap--ChIP-seq","DDIT4,HEXIM2,BTBD19,COL1A1,VANGL2,RNF227,SHF,TEX19,CDC42EP1,NAB2,OLFML2A,TRABD2A,ITGB4,FURIN,PBXIP1,LGALS1,KCNK15,GCAT,SLC43A1,BAHCC1,INHBE,DCDC2B,CD4,HOXA3,HOXA5,LDHD,S100A14,HOXC8,MGLL,MYBPH,CLCF1,EEF1AKMT3,BEST1,PHLDB2,MAFK,TPP1,SEMA4A,IFIT2,TNS4,CD109,KLK7,STC2,NTSR1,CORO6,SH3PXD2A,GDF15,KRT14,EMG1,PDZD7,DLG4,FES,SLC2A4,TSFM,RASD2,MLPH"
"DEG_MD_SW480","132","0.44440000000000002","ZNF592","ZNF592","19","605","0.99480000000000002","1","0.5840000000000000","ReMap--ChIP-seq","ST6GALNAC2,BCAS3,ATP9A,PAQR8,GREB1,TG,CTU1,BCKDHA,SALL4,SRGAP3,TPPP,MAFK,SLC26A9,CEBPB,CACNG4,RAB7B,CPSF4,MLPH,TBKBP1"
"DEG_MD_SW480","133","0.44779999999999998","RELB","RELB","55","1449","0.99519999999999997","1","0.7106000000000000","ReMap--ChIP-seq","DDIT3,DDIT4,EMP3,SMTNL2,NAB2,OLFML2A,SLC9A2,SLC9A5,FSCN1,TRABD2A,DLX2,ATXN1,DST,PPP1R15A,CCL2,BEND6,FCGR2A,LGALS1,NINJ2,RAC2,TMPRSS3,CD70,JADE3,PLAT,ADGRG5,INHBE,GGACT,BCKDHA,CYTH4,ATP2B4,HOXC8,ELL2,TNFSF9,IFIH1,TRIM6,PHF24,AHNAK,F10,NOTUM,SRGAP1,GCSAM,LHX2,TPP1,ANKRD33B,SEMA4A,CBLC,TBC1D10C,SYNPO,SP110,RYR1,ESM1,ALDOC,PTGER4,TRPV3,SLC4A8"
"DEG_MD_SW480","134","0.45119999999999999","TP63","TP63","55","1450","0.99529999999999996","1","0.7101000000000000","ReMap--ChIP-seq","DDIT4,BTBD19,RNF223,FAT2,DUSP9,TEX19,JMJD7-PLA2G4B,CDC42EP1,CHST3,MYRF,WNT7A,NAB2,FSCN1,ST6GALNAC2,ITGB4,MDK,TNFRSF18,TH,GNAI1,BAHCC1,MR1,DPEP1,NXPH4,TMEM221,SSTR5,ATP2B4,HOXA9,HOXA3,HOXA5,PRDX5,PRR22,RPL3L,LFNG,C1QTNF8,AHNAK,TLE2,ADAM8,PHLDB2,PLXNA2,PLXNB3,MAFK,CEBPG,IRX2,ASS1,TRMT61A,CBLC,TNS4,ANKRD2,RAB7B,GDF15,HOXA11,KRT6A,KRT71,ALDH3A1,SNCG"
"DEG_MD_SW480","135","0.45450000000000002","TFAP2C","TFAP2C","55","1450","0.99529999999999996","1","0.7101000000000000","ReMap--ChIP-seq","ENDOU,DDIT4,SHMT2,HEXIM2,BTBD19,HOXC11,CDC42EP1,NAB2,FSCN1,ITGB4,ITGB2,ATP9A,LGALS1,TM4SF1,PCK2,TH,PPP1R1B,HSF4,BAHCC1,EEF1A2,VDR,TENT5C,SSTR5,VGF,MVP,ATP2B4,CYP24A1,S100P,PNMT,PRDX5,GJC2,S100A14,HOXC8,LFNG,C1QTNF8,ANXA9,COL2A1,AHNAK,MYBPH,CLCF1,STRA6,SPIRE2,MAFK,CEBPB,CACNG4,ASS1,TBC1D10C,SUSD3,GDF15,SUSD2,FAM83E,PDZD7,MUC1,HES2,MLPH"
"DEG_MD_SW480","136","0.45789999999999997","KLF5","KLF5","55","1451","0.99529999999999996","1","0.7096000000000000","ReMap--ChIP-seq","HES7,DDIT4,HEXIM2,BTBD19,RNF223,HOXC11,CDC42EP1,ODC1,NAB2,FSCN1,TRABD2A,CNTNAP1,ITGB4,PPP1R15A,PBXIP1,IFI35,LGALS1,PCK2,PPP1R1B,MOGAT3,HYAL1,ANO8,SYP,HSF4,BAHCC1,FGF21,ZMYND15,SSTR5,VGF,MVP,S100P,PNMT,STMN3,PRDX5,GJC2,S100A14,HOXC8,RPL3L,LFNG,C1QTNF8,AHNAK,CLCF1,TLE2,MAFK,SEMA4A,CBLC,IZUMO1,GDF15,ALDH3A1,EMG1,FAM83E,PDZD7,DLG4,SLC2A4,MUC1"
"DEG_MD_SW480","137","0.46129999999999999","GFI1B","GFI1B","55","1451","0.99529999999999996","1","0.7096000000000000","ReMap--ChIP-seq","HES7,HSPG2,TFR2,DDIT3,DDIT4,HEXIM2,BTBD19,RNF223,HOXC11,EMP3,MYRF,FLNC,NAB2,SESN2,FSCN1,CNTNAP1,SPN,MDK,ACP5,PPP1R15A,PBXIP1,PTPN7,GCAT,APOE,HYAL1,ANO8,GPC2,BAHCC1,FGF21,INHBE,GNB2,MVP,PNMT,HOXB2,PRDX5,HOXC8,RPL3L,TMEM198,CLCF1,NOTUM,RAB3D,BEST1,TLE2,ATP8B3,UFSP1,CEBPB,SEMA4A,APOC1,STAG3,IZUMO1,LY6G6F,GDF15,FAM83E,DLG4,NOS3"
"DEG_MD_SW480","138","0.46460000000000001","IRF4","IRF4","55","1452","0.99539999999999995","1","0.7091000000000000","ReMap--ChIP-seq","HES7,DDIT4,HEXIM2,BTBD19,CASP10,EMP3,KCNA2,PTAFR,NAB2,TRABD2A,CNTNAP1,ACP5,PBXIP1,PPAN,LGALS1,NINJ2,GREB1,IGF1,RAC2,SYK,ANO8,SELPLG,NEDD9,CD74,CD70,PRDM1,NR3C1,CCND2,TMEM268,ADAM19,ADGRG5,CAV1,CYTIP,MVP,VIM,PRKCB,TNFSF9,ADM,HAVCR2,AHNAK,CLCF1,SLC15A3,GCSAM,GM2A,SEMA4A,MACC1,P2RX5,IFIT3,SP110,BTN3A2,AKNA,DTX4,EMG1,FAM83E,DLG4"
"DEG_MD_SW480","139","0.46800000000000003","RFX5","RFX5","55","1453","0.99550000000000005","1","0.7086000000000000","ReMap--ChIP-seq","HES7,DDIT4,SHMT2,C2,HEXIM2,BTBD19,TEX19,ODC1,SESN2,DLX2,CNTNAP1,PPP1R15A,PBXIP1,IFI35,MIA,PPP1R3F,APOE,PCK2,GREB1,TMEM151A,HYAL1,ANO8,HSF4,CD74,FOXA1,CCND2,MR1,NXPH4,FGF21,VGF,MVP,SBK3,CD4,PRDX5,GJC2,TNFSF9,ADM,AHNAK,CLCF1,EEF1AKMT3,SPIRE2,MAFK,TPP1,CEBPB,PTPN13,APOC1,IL23A,ANKRD2,BTN3A1,IZUMO1,BTN3A3,BTN3A2,FAM83E,DLG4,MUC1"
"DEG_MD_SW480","140","0.47139999999999999","SPIB","SPIB","54","1443","0.99639999999999995","1","0.7002000000000000","ReMap--ChIP-seq","RNASE1,DDIT4,BTBD19,BHLHE41,CASP10,KCNMA1,KCNA2,UCP3,UCP2,SIGLEC6,F13A1,TRABD2A,CNTNAP1,NRGN,TNFSF10,RGL1,RAC2,SYK,LAT2,CTU1,IL1B,SELPLG,SLC43A3,NEDD9,CD74,NR3C1,CCND2,ADAM19,PLGRKT,CYTH4,ACOT9,SSPN,TNFSF9,SERPINB1,AHNAK,GPNMB,ANKRD44,SRGAP3,ESAM,PTPN22,GM2A,MACC1,VIPR1,SP110,TENM4,EDN1,RAB7B,LHFPL1,STEAP2,EMG1,ARHGAP25,OAS1,RASA3,CAMK2D"
"DEG_MD_SW480","141","0.47470000000000001","POU4F2","POU4F2","54","1449","0.99670000000000003","1","0.6972000000000000","ReMap--ChIP-seq","SMCO2,DDIT4,HEXIM2,BTBD19,RNF223,VANGL2,BHLHE41,SHF,TUBA1A,EMP3,GPRC5B,TRABD2A,SPN,ADGRV1,IFI35,TM4SF1,GREB1,HYAL1,MN1,RAP2A,GNAI1,PLEKHA8,GNB2,RND2,MVP,MAP1B,PRDX5,GJC2,SSPN,CDK14,TRIM9,HAVCR2,GAS1,CEP295NL,EEF1AKMT3,TMEM229B,ATP8A1,DACH1,MOB3B,NOTCH3,IFIT1,SOX1,TIAM1,ARGLU1,GDF15,SPNS3,EFNA5,CPSF4,PTCH2,LIN28A,DLG4,ELAVL2,TSFM,MUC1"
"DEG_MD_SW480","142","0.47810000000000002","FOXP2","FOXP2","54","1451","0.99680000000000002","1","0.6962000000000000","ReMap--ChIP-seq","HES7,ISL2,DDIT4,HEXIM2,BTBD19,RNF223,PEAR1,CDC42EP1,FLNC,NAB2,FSCN1,DLX2,CNTNAP1,MDK,UPP1,BAIAP3,PPAN,WNK2,TMEM151A,HYAL1,ANO8,BAHCC1,HTRA3,NXPH4,GNB2,HS3ST3B1,VGF,MVP,CLN8,ZIC5,S100P,PRDX5,TMEM198,ADM,LFNG,AHNAK,NOTCH3,ATP8B3,MAFK,CEBPB,ASS1,TRMT61A,CBLC,TBC1D10C,CHAC1,EBF3,STC2,IZUMO1,FAM83E,PDZD7,DLG4,SLC2A4,NOS3,PDE10A"
"DEG_MD_SW480","143","0.48149999999999998","JUND","JUND","54","1451","0.99680000000000002","1","0.6962000000000000","ReMap--ChIP-seq","HES7,HSPG2,DDIT3,DDIT4,HEXIM2,BTBD19,COL1A1,EMP3,CDC42EP1,NAB2,SESN2,FSCN1,TRABD2A,ATXN1,PPP1R15A,FURIN,PBXIP1,IFI35,TM4SF1,APOE,HYAL1,ANO8,INHBE,GNB2,VGF,MVP,CYP24A1,VIM,PRDX5,RPL3L,ADM,ANXA9,SERPINB1,AHNAK,CLCF1,RAB3D,BEST1,TPM1,MAFK,UFSP1,CEBPB,SEMA4A,APOC1,TNS4,EDN1,LY6G6F,GDF15,EMG1,FAM83E,PDZD7,DLG4,FES,SLC2A4,NOS3"
"DEG_MD_SW480","144","0.48480000000000001","MAFF","MAFF","54","1453","0.99690000000000001","1","0.6952000000000000","ReMap--ChIP-seq","HES7,DDIT4,ATF3,HEXIM2,BTBD19,HOXC11,JPH2,TEX19,ODC1,EGLN3,NAB2,SESN2,ZKSCAN3,CNTNAP1,PBXIP1,FCGR2A,TM4SF1,BTD,TTBK1,PCK2,TMEM151A,SLC7A11,HYAL1,ANO8,FGF21,BMP6,MVP,CLN8,VIM,PRDX5,S100A14,HOXC8,UPF3A,RPL3L,ADM,IMPA2,SERPINB1,AHNAK,CLCF1,MAFK,ANKRD33B,SMPDL3A,CEBPB,SEMA4A,TBC1D10C,ZNF821,IZUMO1,SGK1,GDF15,EMG1,FAM83E,PDZD7,DLG4,HKDC1"
"DEG_MD_SW480","145","0.48820000000000002","KLF4","KLF4","54","1454","0.99700000000000000","1","0.6947000000000000","ReMap--ChIP-seq","HES7,HSPG2,DDIT4,HEXIM2,BTBD19,COL1A1,RNF223,CDC42EP1,MYRF,NAB2,FSCN1,TRABD2A,ITGB4,PBXIP1,IFI35,LGALS1,MIA,TM4SF1,HYAL1,ANO8,HSF4,BAHCC1,FGF21,RND2,VGF,MVP,LAMB2,ATP2B4,S100P,VIM,PRDX5,GJC2,S100A14,RPL3L,TMEM198,AHNAK,CLCF1,EEF1AKMT3,ADAM8,NOTCH3,CEBPB,SEMA4A,TRMT61A,CBLC,TBC1D10C,TNS4,EDN1,IZUMO1,FAM83E,DLG4,SLC2A4,MUC1,SNCG,HES2"
"DEG_MD_SW480","146","0.49159999999999998","SATB1","SATB1","49","1343","0.99719999999999998","1","0.6820000000000001","ReMap--ChIP-seq","PDGFC,CYP4F3,DCHS2,PEAR1,GPR52,SLC16A9,ITGB6,FOXL1,CCL2,SLPI,BST2,CDC16,ARHGEF3,CRYBA2,CD70,ZBP1,INHBE,COL5A2,LAMC2,TMEM221,DNAH6,FRMPD1,ALCAM,ACOT9,SOX14,RNF122,SLAIN1,GJC2,UPF3A,CDK14,FAM234B,CLSTN2,LAMP3,LEMD1,CEBPB,KLF7,IL23A,TRANK1,PTPRN2,PDE2A,BTN3A2,IL17RD,ARHGAP18,PDZD4,SMKR1,ALDH1A3,CDH11,SASH1,PMP22"
"DEG_MD_SW480","147","0.49490000000000001","IRF9","IRF9","53","1442","0.99750000000000005","1","0.6873000000000000","ReMap--ChIP-seq","DDIT3,DDIT4,SHMT2,BTBD19,MED12,TEX19,UCP3,FLNC,SIGLEC6,SESN2,GMPR,ST6GALNAC2,PPP1R15A,PTPN7,MIA,GCAT,PCK2,SELPLG,SLC43A1,PRICKLE1,SLC30A2,MR1,HTRA3,INHBE,SBK3,S100P,VIM,CLEC11A,PRDX5,ANXA9,SERPINB1,ATP8A2,BEST1,PLXNA2,PLXNB3,GM2A,CEBPB,MACC1,IFITM1,POR,IL23A,ZNF821,SUSD3,LY6G6F,GDF15,PSPH,LMO2,AKNA,LIN28A,SMKR1,LTF,MUC1,NOS3"
"DEG_MD_SW480","148","0.49830000000000002","MAFG","MAFG","53","1446","0.99770000000000003","1","0.6853000000000000","ReMap--ChIP-seq","ISL2,FEZ1,DDIT4,ATF3,FLNC,SIGLEC6,LRRC70,LEPR,UTRN,GMPR,ZKSCAN3,ST6GALNAC2,ADGRV1,DST,PPP1R15A,BEND6,EREG,SLC7A11,SELPLG,SLC43A3,PRDM1,CAV1,CCDC136,BMP6,ETV1,CLN8,PRKCB,MAP1B,ST3GAL5,ELL2,ADM,CLCF1,CCDC71L,CSF2,BEST1,RNF182,ANKRD33B,APOC1,IFIT3,ACSL6,BTN3A1,BTN3A3,BTN3A2,SGK1,AKAP6,SUSD3,GDF15,EMG1,FAM83E,ABCC4,HKDC1,NOS3,PMP22"
"DEG_MD_SW480","149","0.50170000000000003","ETV6","ETV6","53","1447","0.99770000000000003","1","0.6848000000000000","ReMap--ChIP-seq","TFR2,DDIT4,BTBD19,RNASEL,KCNA2,SLC9A5,FSCN1,ITGB2,SPN,BCAS3,PPP1R15A,ATP9A,PTPN7,PPAN,CD14,DECR1,RAC2,SYK,SELPLG,SLC43A3,PRICKLE2,NEDD9,GPC2,CD70,ZBP1,TANC2,ADAM19,DPEP1,GNB2,CYTH4,VIM,PRKCB,NDFIP2,RPL3L,TNFSF9,SERPINB1,OLFML3,BEST1,SALL4,PTPN22,MACC1,P2RX1,IFITM1,IFITM2,SP110,NTSR1,STAG3,GDF15,SAA1,SAA2,EMG1,RASA3,NOS3"
"DEG_MD_SW480","150","0.50509999999999999","CUX1","CUX1","53","1449","0.99780000000000002","1","0.6838000000000000","ReMap--ChIP-seq","HES7,TFR2,DDIT3,DDIT4,HEXIM2,GPR35,TEX19,CDC42EP1,ODC1,ZNF469,SLC9A5,DLX2,ATXN1,FURIN,ATP9A,IFI35,GCAT,PCK2,GREB1,TMEM151A,HYAL1,ANO8,HSF4,FOXA2,BAHCC1,EEF1A2,DPEP1,RND2,MVP,S100P,PNMT,STMN3,GJC2,RPL3L,TMEM198,ADM,AHNAK,CLCF1,NOTUM,INHA,BEST1,SALL4,SLC4A11,SPIRE2,MAFK,CEBPB,LY6G6F,GDF15,SEZ6L2,FAM83E,PDZD7,DLG4,SLC2A4"
"DEG_MD_SW480","151","0.50839999999999996","HSF1","HSF1","53","1449","0.99780000000000002","1","0.6838000000000000","ReMap--ChIP-seq","HES7,DDIT4,SHMT2,HEXIM2,BTBD19,COL1A1,PEAR1,TEX19,MYRF,ZNF469,NAB2,FSCN1,ITGB2,TNFRSF18,VPS37D,PPP1R15A,PBXIP1,BAIAP3,LGALS1,TMEM151A,MOGAT3,C8G,ANO8,BAHCC1,NXPH4,CACNA1H,SSTR5,VGF,STMN3,PRDX5,RPL3L,TMEM198,LFNG,C1QTNF8,AHNAK,ADCY7,CLCF1,NOTUM,ADAM8,MAFK,TPP1,P2RX1,TBC1D10C,POR,NTSR1,B3GNT7,CST6,PSPH,EMG1,FAM83E,DLG4,MUC1,NOS3"
"DEG_MD_SW480","152","0.51180000000000003","ARNTL","ARNTL","53","1449","0.99780000000000002","1","0.6838000000000000","ReMap--ChIP-seq","TFR2,RDH12,HEXIM2,BHLHE41,CDC42EP1,ZNF239,ODC1,HAS2,NAB2,SLC9A2,FSCN1,TNFRSF11B,FBXO32,ITGB4,BCAS3,ATP9A,CTHRC1,KCNJ8,ZNF853,IFI35,SLPI,SFRP5,PCBP3,AATK,MN1,PRICKLE2,GNAI1,GPC2,BAHCC1,TANC2,CARD11,PLD6,SCN5A,CCDC196,SBK3,CLEC11A,SSPN,CDK14,CDK15,GPNMB,CHN2,RAB37,SRGAP3,MAFK,MACC1,MAPK8IP2,IL23A,SLC22A3,STAG3,PTGER2,CD300C,KLF15,RASA3"
"DEG_MD_SW480","153","0.51519999999999999","PBX2","PBX2","53","1452","0.99790000000000001","1","0.6823000000000000","ReMap--ChIP-seq","HPCAL4,HSPG2,TFR2,DDIT4,SHMT2,HEXIM2,BTBD19,PEAR1,EMP3,UCP3,UCP2,FLNC,KCNG1,NAB2,SESN2,SLC9A5,FSCN1,ACP5,PPP1R15A,PBXIP1,PTPN7,TMEM151A,ECM1,ANO8,SYP,GPC2,BAHCC1,NXPH4,FGF21,INHBE,VGF,S100P,PNMT,PRKCB,CLEC11A,HOXB2,PRDX5,HOXC8,TMEM198,ANXA9,BEST1,ATP8B3,ANKRD33B,UFSP1,P2RX7,STAG3,IZUMO1,BTN3A2,LY6G6F,FAM83E,PDZD7,DLG4,NOS3"
"DEG_MD_SW480","154","0.51849999999999996","MAF","MAF","53","1453","0.99790000000000001","1","0.6819000000000000","ReMap--ChIP-seq","HES7,DDIT3,DDIT4,BTBD19,RNF223,KCNA2,UCP2,NAB2,TRABD2A,ITGB2,MDK,TNFRSF18,FURIN,PBXIP1,BAIAP3,PPAN,IFI35,LGALS1,HYAL1,RAC2,ANO8,SELPLG,HSF4,CCND2,GNB2,MVP,DCDC2B,CD4,CD6,PNMT,STMN3,RPL3L,AHNAK,CLCF1,ANKRD44,ADAM8,ATP8B3,UFSP1,POLR2A,SEMA4A,TRMT61A,IFITM1,IFITM2,TBC1D10C,CORO6,PTGER4,SUSD3,EMG1,FAM83E,FES,RASA3,MUC1,TBKBP1"
"DEG_MD_SW480","155","0.52190000000000003","VDR","VDR","53","1453","0.99790000000000001","1","0.6819000000000000","ReMap--ChIP-seq","HES7,DDIT4,CFAP69,HEXIM2,BTBD19,COL1A1,HOXC11,CDC42EP1,KANK4,ATXN1,UPP1,PBXIP1,PPAN,CD14,TSPAN1,PCK2,TMEM151A,ANO8,CD74,FOXA1,OSR2,PLGRKT,VDR,SSTR5,MVP,CYTH4,CYP24A1,HOXA9,HOXA3,HOXA5,HOXB2,PRDX5,RPL3L,ADM,LFNG,C1QTNF8,SERPINB1,COL2A1,AHNAK,CLCF1,STRA6,ATP8B1,UGT1A1,KLF7,TBC1D10C,SH3PXD2A,AMIGO2,GDF15,EMG1,FAM83E,LRRC75B,DLG4,SLC2A4"
"DEG_MD_SW480","156","0.52529999999999999","RFX2","RFX2","52","1442","0.99829999999999997","1","0.6738000000000000","ReMap--ChIP-seq","GMFG,SHMT2,CFAP69,RNF223,TUBA1A,PGM2L1,GPA33,NAB2,BAIAP3,PPAN,KCNK15,BTD,RGL1,KIAA0825,TMEM151A,MOGAT3,HNF4A,CTU1,RAP2A,TBC1D32,SPOCD1,CACNA1H,GNB2,TMEM221,ETV1,VGF,PEX5,DNAH6,DCDC2B,TBX19,PRDX5,PRR22,CDK15,SIAE,PROS1,LEMD1,TPPP,DUSP15,CEBPB,PTPN13,ASS1,PTPRN2,CAMKV,TUBE1,AKNA,FAM83E,DLG4,TRPV4,ATP1A3,MUC1,NOS3,SSBP2"
"DEG_MD_SW480","157","0.52859999999999996","KLF13","KLF13","52","1443","0.99839999999999995","1","0.6733000000000000","ReMap--ChIP-seq","HES7,HSPG2,TFR2,DDIT3,DDIT4,CLCNKB,HEXIM2,BTBD19,RNF223,PEAR1,FLNC,NAB2,FSCN1,SPN,MDK,PPP1R15A,FURIN,PBXIP1,PTPN7,TSPAN1,TMEM151A,HYAL1,SELPLG,HSF4,GNAZ,FGF21,CCDC136,INHBE,DCDC2B,S100P,PRDX5,GJC2,S100A14,RPL3L,TMEM198,CLCF1,NOTUM,RAB3D,BEST1,MAFK,UFSP1,IFITM1,TBC1D10C,IL23A,TRAM2,IZUMO1,LY6G6F,GDF15,FAM83E,FES,MUC1,NOS3"
"DEG_MD_SW480","158","0.53200000000000003","CREB3L1","CREB3L1","52","1444","0.99839999999999995","1","0.6728000000000000","ReMap--ChIP-seq","HES7,DDIT3,DDIT4,HEXIM2,BTBD19,EMP3,SESN2,SLC9A5,FSCN1,TRABD2A,DLX2,PPP1R15A,FURIN,PBXIP1,PPAN,IFI35,LGALS1,KCNK15,GCAT,HYAL1,HSF4,GPC2,BAHCC1,FGF21,RND2,CLN8,ZIC5,VIM,STMN3,PRDX5,GJC2,PRR22,RPL3L,TMEM198,AHNAK,CLCF1,NOTUM,EEF1AKMT3,UFSP1,PLEKHG4,TBC1D10C,IL23A,STAG3,IZUMO1,LY6G6F,GDF15,FAM83E,DLG4,FES,ABCC4,MUC1,NOS3"
"DEG_MD_SW480","159","0.53539999999999999","ZHX2","ZHX2","52","1448","0.99850000000000005","1","0.6709000000000001","ReMap--ChIP-seq","C2,HEXIM2,BTBD19,GPR35,EMP3,TEX19,CDC42EP1,ODC1,OLFML2A,CNTNAP1,ATP9A,IFI35,TM4SF5,GCAT,APOE,PCK2,GREB1,HYAL1,HSF4,FOXA2,FOXA1,IGF1R,ZMYND15,RND2,SSTR5,MVP,S100P,STMN3,HOXA5,PRDX5,RPL3L,ADM,C1QTNF8,SERPINB1,AHNAK,RHBG,NOTUM,EEF1AKMT3,INHA,GPT2,SLC4A11,SPIRE2,MAFK,CEBPB,POLR2A,APOC1,TBC1D10C,MAPK8IP2,POR,STC2,GDF15,PDZD7"
"DEG_MD_SW480","160","0.53869999999999996","ESRRA","ESRRA","52","1449","0.99850000000000005","1","0.6704000000000000","ReMap--ChIP-seq","ENDOU,DDIT4,CDC42EP1,RAPGEF5,ODC1,ATXN1,FBXO32,ITGB2,MDK,ITGB6,ATP9A,TTC39A,SCN1B,KCNK15,APOE,TSPAN1,PPP1R1B,IL24,ANO8,FOXA1,TMEM268,VDR,TENT5C,SPOCK2,LAMB2,ATP2B4,CYP24A1,S100P,PNMT,PRDX5,CGN,CLCF1,SRGAP3,STRA6,ATP8B1,SPIRE2,MAFK,CEBPB,SEMA4A,MACC1,ASS1,APOC1,CBLC,TBC1D10C,TNS4,EDN1,SUSD3,GDF15,EMG1,SLC2A4,SLC4A8,MLPH"
"DEG_MD_SW480","161","0.54210000000000003","NCOA3","NCOA3","52","1449","0.99850000000000005","1","0.6704000000000000","ReMap--ChIP-seq","FLG2,FSCN1,UTRN,FBXO32,SPN,BCAS3,ATP9A,CTHRC1,TNFSF10,TM4SF1,TSPAN8,DECR1,CD24,ECM1,DIRAS2,WFDC2,PRICKLE2,TMPRSS2,FOXA1,TBC1D30,MR1,TANC2,BMP4,CCDC196,CYP24A1,STMN3,GLDN,DUS4L,WDR72,SYTL2,LDHD,CGN,ANXA9,OLFML3,SALL4,TLE1,SRGAP1,ITGA10,SPIRE2,PTPN22,UFSP1,ADAMTS9,CEBPB,CBLC,IFRD1,ZFPM2,ZNF821,VGLL4,TGFB2,WNT16,KRT83,MLPH"
"DEG_MD_SW480","162","0.54549999999999998","ZNF384","ZNF384","52","1450","0.99860000000000004","1","0.6700000000000000","ReMap--ChIP-seq","HES7,ISL2,TFR2,DDIT4,HPD,ADAMTS10,C2,HEXIM2,BTBD19,CDC42EP1,SESN2,FSCN1,ATXN1,ZNF425,MLXIPL,SPN,ACP5,VPS37D,PPP1R15A,FURIN,IFI35,GCAT,APOE,BST2,MOGAT3,HYAL1,LAT2,GNB2,RERE,RND2,VGF,MVP,PNMT,ACOT9,PRDX5,PRR22,RPL3L,ANXA9,CLCF1,TLE2,MAFK,UFSP1,CEBPB,APOC1,CBLC,POR,IL23A,ZNF821,LY6G6F,GDF15,PSPH,FAM83E"
"DEG_MD_SW480","163","0.54879999999999995","ETS1","ETS1","52","1451","0.99860000000000004","1","0.6695000000000000","ReMap--ChIP-seq","HES7,HSPG2,DDIT3,DDIT4,HEXIM2,BTBD19,EMP3,NAB2,SLC9A5,FSCN1,FOXL1,PPP1R15A,PBXIP1,HYAL1,ANO8,HSF4,BAHCC1,FGF21,VGF,MVP,VIM,HOXA9,HOXA3,HOXA2,HOXA5,PRDX5,GJC2,RPL3L,ADM,AHNAK,CLCF1,EEF1AKMT3,ESAM,MAFK,TPP1,UFSP1,SEMA4A,KLF2,TBC1D10C,CORO6,IZUMO1,GDF15,HOXA11,EMG1,FAM83E,PDZD7,DLG4,SLC2A4,RASA3,THBS1,MUC1,NOS3"
"DEG_MD_SW480","164","0.55220000000000002","TFAP4","TFAP4","52","1452","0.99860000000000004","1","0.6690000000000000","ReMap--ChIP-seq","HSPG2,DDIT4,HEXIM2,BTBD19,RNF223,TEX19,CDC42EP1,MYRF,ODC1,ATXN1,ITGB2,FURIN,LRP3,PBXIP1,ATP9A,PPAN,IFI35,LGALS1,SCN1B,GCAT,TM4SF1,HYAL1,ANO8,HSF4,UBA7,BMP4,RND2,VGF,MVP,S100P,PRDX5,LDHD,CGN,RPL3L,TMEM198,ADM,LFNG,AHNAK,CEP295NL,CLCF1,NOTUM,INHA,RAB3D,SLC4A11,MAFK,TPP1,CEBPB,TBC1D10C,GDF15,EMG1,PDZD7,DLG4"
"DEG_MD_SW480","165","0.55559999999999998","BHLHE40","BHLHE40","52","1453","0.99860000000000004","1","0.6685000000000000","ReMap--ChIP-seq","HES7,DDIT4,HEXIM2,BTBD19,RNF223,EMP3,TEX19,NAB2,FSCN1,CNTNAP1,ITGB2,SPN,MDK,PPP1R15A,PPAN,GCAT,TMEM151A,MOGAT3,HYAL1,ANO8,SLC43A3,SLC43A1,HSF4,BAHCC1,EEF1A2,INHBE,VGF,MVP,CLN8,S100P,PRDX5,RPL3L,TMEM198,TNFSF9,ADM,SERPINB1,CLCF1,NOTUM,MAFK,CEBPB,SEMA4A,IFITM1,TBC1D10C,LY6G6F,GDF15,EMG1,FAM83E,PDZD7,DLG4,SLC2A4,NOS3,TBKBP1"
"DEG_MD_SW480","166","0.55889999999999995","ZNF83","ZNF83","51","1440","0.99890000000000001","1","0.6613000000000000","ReMap--ChIP-seq","DDIT4,ATF3,BTBD19,SHF,UCP3,KCNG1,GMPR,ZKSCAN3,SNAP25,ST6GALNAC2,PPP1R15A,IKZF2,TTBK1,PCBP3,TSPAN1,OTUD7A,CHAMP1,ANO8,SYP,CTU1,SELPLG,IGF1R,PCID2,UBA7,FGF21,INHBE,MVP,VIM,CHGB,CLPSL2,ST3GAL5,ATP8A2,CSF2,BEST1,TLE2,TPM1,RAB37,HMBOX1,MACC1,ASS1,CUL4A,IL23A,IZUMO1,GDF15,AKNA,HPCA,CPLX2,LIN28A,PDE3B,ABCC4,HKDC1"
"DEG_MD_SW480","167","0.56230000000000002","NCOA1","NCOA1","51","1446","0.99900000000000000","1","0.6585000000000000","ReMap--ChIP-seq","TFR2,DDIT4,HEXIM2,CDC42EP1,EGLN3,NAB2,GMPR,ZKSCAN3,BCAS3,PPP1R15A,ATP9A,PPAN,LGALS1,DECR1,TH,ECM1,SELPLG,TMPRSS3,PRICKLE2,FOXA1,TANC2,TENT5C,VGF,CYP24A1,VIM,PNMT,STMN3,SYTL2,HOXB2,TMEM198,ANXA9,SERPINB1,OLFML3,RAB3D,SALL4,ATP8B1,SPIRE2,MAFK,PTPN22,UFSP1,ADAMTS9,POLR2A,APOC1,ANKRD2,CST6,GDF15,EMG1,FAM83E,MUC1,NOS3,MLPH"
"DEG_MD_SW480","168","0.56569999999999998","ARID2","ARID2","51","1451","0.99909999999999999","1","0.6561000000000000","ReMap--ChIP-seq","HES7,ISL2,DDIT4,HEXIM2,BTBD19,GPR35,TEX19,CDC42EP1,SESN2,DLX2,ATXN1,STK24,PBXIP1,IFI35,LGALS1,TM4SF1,GREB1,TMEM151A,HYAL1,SLC43A1,HSF4,FOXA1,BAHCC1,BMP4,RERE,HS3ST3B1,MVP,CD4,S100P,S100A14,ELL2,RPL3L,ADM,ANXA9,NOTUM,EEF1AKMT3,BEST1,LZTS3,SPIRE2,MAFK,CEBPB,POR,STC2,GDF7,SH3PXD2A,GDF15,ARHGAP18,EMG1,PDZD7,DLG4,SLC2A4"
"DEG_MD_SW480","169","0.56899999999999995","MAX","MAX","51","1452","0.99909999999999999","1","0.6556999999999999","ReMap--ChIP-seq","HES7,HSPG2,DDIT4,SHMT2,HEXIM2,BTBD19,RNF223,EMP3,TEX19,NAB2,FSCN1,TRABD2A,CNTNAP1,MDK,PBXIP1,LGALS1,TMEM151A,HYAL1,ANO8,HSF4,BAHCC1,NXPH4,INHBE,VGF,MVP,ZIC5,S100P,HOXA3,HOXA5,PRDX5,RPL3L,ADM,LFNG,AHNAK,CLCF1,NOTUM,EEF1AKMT3,RAB3D,MAFK,UFSP1,CEBPB,TRMT61A,TBC1D10C,CORO6,GDF15,EMG1,FAM83E,PDZD7,DLG4,SLC2A4,MUC1"
"DEG_MD_SW480","170","0.57240000000000002","MEF2B","MEF2B","51","1453","0.99909999999999999","1","0.6552000000000000","ReMap--ChIP-seq","ENDOU,BHLHA15,RAPGEF5,ODC1,UCP3,UCP2,CNTNAP1,ITGB2,PPP1R15A,ATP10D,RASSF6,APOE,ECM1,DIRAS1,RAC2,SYK,ANO8,SELPLG,CD74,NR3C1,LOXL2,ZBP1,ADAM19,ADGRG5,CPS1,AFF2,IRF8,CYTH4,PRKCB,TNFSF9,FMO4,ATP8A1,LAMP3,PLXNC1,RAB30,PHLDB2,GCSAM,ANKRD33B,GM2A,SEMA4A,KLF2,KLF7,IGSF6,CAMK1,LMO2,AKNA,LTBP1,EMG1,SMKR1,LRIG1,SSBP2"
"DEG_MD_SW480","171","0.57579999999999998","E2F6","E2F6","51","1453","0.99909999999999999","1","0.6552000000000000","ReMap--ChIP-seq","HES7,HSPG2,TFR2,SHMT2,BTBD19,RNF223,FOXL2NB,HOXC11,TEX19,ZNF469,NAB2,FSCN1,DLX2,CNTNAP1,PBXIP1,MOGAT3,HYAL1,ANO8,HSF4,BAHCC1,NXPH4,FGF21,GNB2,HS3ST3B1,VGF,MVP,ZIC5,S100P,PRDX5,HOXC8,RPL3L,TMEM198,LFNG,CLCF1,NOTUM,INHA,ADAM8,MAFK,UFSP1,CEBPB,IFITM1,IFITM2,TBC1D10C,CORO6,IZUMO1,GDF15,FAM83E,PDZD7,SLC2A4,HES2,NOS3"
"DEG_MD_SW480","172","0.57909999999999995","MAZ","MAZ","51","1453","0.99909999999999999","1","0.6552000000000000","ReMap--ChIP-seq","HES7,DDIT4,SHMT2,HEXIM2,BTBD19,COL1A1,RNF223,EMP3,CDC42EP1,MYRF,NAB2,FSCN1,CNTNAP1,MDK,PBXIP1,BAIAP3,TMEM151A,HYAL1,ANO8,SYP,HSF4,BAHCC1,NXPH4,INHBE,GNB2,VGF,MVP,PNMT,STMN3,PRDX5,S100A14,RPL3L,TMEM198,AHNAK,CLCF1,NOTUM,EEF1AKMT3,RAB3D,TLE2,MAFK,UFSP1,CEBPB,TRMT61A,TBC1D10C,GDF15,FAM83E,PDZD7,DLG4,SLC2A4,MUC1,NOS3"
"DEG_MD_SW480","173","0.58250000000000002","NFE2","NFE2","51","1454","0.99909999999999999","1","0.6546999999999999","ReMap--ChIP-seq","HES7,DDIT4,HEXIM2,BTBD19,GSTO2,EMP3,NAB2,SESN2,FSCN1,TRABD2A,ZKSCAN3,CNTNAP1,SPN,PPP1R15A,FURIN,PBXIP1,GCAT,APOE,TMEM151A,HYAL1,ANO8,SELPLG,PRDX5,ELL2,RPL3L,TMEM198,TNFSF9,ADM,AHNAK,CLCF1,NOTUM,EEF1AKMT3,RAB3D,BEST1,ADAM8,MAFK,CEBPB,SEMA4A,APOC1,TBC1D10C,CORO6,GDF15,LMO2,EMG1,FAM83E,DLG4,FES,SLC2A4,ABCC4,RASA3,NOS3"
"DEG_MD_SW480","174","0.58589999999999998","MEIS2","MEIS2","50","1440","0.99929999999999997","1","0.6479000000000000","ReMap--ChIP-seq","GMFG,DDIT3,DDIT4,HEXIM2,BTBD19,EMP3,UCP3,UCP2,NAB2,SESN2,GMPR,SPN,ADGRV1,PPP1R15A,TNFSF10,ANO8,SELPLG,CD70,FGF13,HS3ST3B1,ETV1,GALNT5,ATP2B4,TBX19,VIM,PRKCB,HOXB2,HOXC8,ELL2,TMEM198,ADM,SERPINB1,CCDC71L,CSF2,BEST1,GRAP2,ANKRD33B,MACC1,ANTXR2,TRANK1,SERP2,BTN3A2,AMIGO2,GDF15,ARHGAP18,LIN28A,SENP7,NOS3,SLC4A8,SSBP2"
"DEG_MD_SW480","175","0.58919999999999995","SOX6","SOX6","50","1440","0.99929999999999997","1","0.6479000000000000","ReMap--ChIP-seq","HES7,DDIT3,DDIT4,HEXIM2,BTBD19,PEAR1,SIGLEC6,NAB2,SESN2,FSCN1,GMPR,ZKSCAN3,ST6GALNAC2,ACP5,PPP1R15A,IFI35,ECM1,PRDM1,BAHCC1,FGF21,RND2,HS3ST3B1,ETV1,GALNT5,S100P,VIM,HOXB2,CFP,ELL2,RPL3L,ADM,ANXA9,AHNAK,BEST1,RNF182,MAFK,CEBPB,APOC1,ANTXR2,TRANK1,STC2,TRAM2,IZUMO1,BTN3A2,LY6G6F,GDF15,FAM83E,BAMBI,PDE3B,HKDC1"
"DEG_MD_SW480","176","0.59260000000000002","ZNF740","ZNF740","50","1442","0.99929999999999997","1","0.6470000000000000","ReMap--ChIP-seq","GMFG,DDIT3,DDIT4,CLCNKB,C2,HEXIM2,VANGL2,RNF227,CDC42EP1,FLNC,NAB2,FSCN1,CNTNAP1,MDK,KCTD21,PPAN,IFI35,BST2,TMEM151A,IL24,CRYBA2,CCND2,CACNA1H,INHBE,GNB2,RND2,MVP,MAP1B,HOXB2,PRDX5,GJC2,HOXC8,TMEM198,LFNG,CLCF1,INHA,TLE2,UFSP1,PSD2,POLR2A,FOLR1,CBLC,TBC1D10C,GDF15,FAM83E,PDZD7,DLG4,SLC2A4,MUC1,NOS3"
"DEG_MD_SW480","177","0.59599999999999997","TEAD2","TEAD2","50","1443","0.99929999999999997","1","0.6465000000000000","ReMap--ChIP-seq","DDIT3,DDIT4,CLCNKB,SIGLEC6,NAB2,ATP11A,TRABD2A,GMPR,ZKSCAN3,PIWIL2,ST6GALNAC2,SPN,PPP1R15A,TM4SF1,APOE,LOXL2,CCND2,MPZ,CAV1,FGF13,RASGEF1A,ETV1,CLN8,GALNT5,LAMB2,FAM131B,ACOT9,CLEC11A,GJC2,FZD7,CGN,RIPPLY3,CEP295NL,CSF2,BEST1,GRB10,SRGAP3,KIAA0319,ZNF774,UFSP1,CEBPB,MACC1,APOC1,SPARC,ACSL6,RTL8B,SGK1,GDF15,FAM83E,LIN28A"
"DEG_MD_SW480","178","0.59930000000000005","ATF1","ATF1","50","1448","0.99939999999999996","1","0.6442000000000000","ReMap--ChIP-seq","HES7,DDIT4,HEXIM2,PEAR1,SESN2,FSCN1,PPP1R15A,PBXIP1,PPAN,IFI35,GCAT,APOE,HYAL1,ANO8,SYP,SLC43A3,HSF4,CD74,BAHCC1,FGF21,INHBE,GNB2,VGF,S100P,VIM,PNMT,PRDX5,GJC2,RPL3L,TMEM198,TNFSF9,EEF1AKMT3,TLE2,TLE6,TPP1,CEBPB,APOC1,IFITM1,KLK3,BTN3A1,IZUMO1,BTN3A2,LY6G6F,GDF15,EMG1,FAM83E,DLG4,SLC2A4,TSFM,NOS3"
"DEG_MD_SW480","179","0.60270000000000001","USF1","USF1","50","1450","0.99939999999999996","1","0.6433000000000000","ReMap--ChIP-seq","HES7,DDIT4,C2,HEXIM2,RNF223,BHLHE41,EMP3,ODC1,NAB2,FSCN1,PBXIP1,MIA,KCNK15,GCAT,KCNQ2,PCK2,C8G,ANO8,SLC43A1,HSF4,BAHCC1,PCID2,FGF21,VGF,MVP,HOXA9,HOXA3,HOXA2,HOXA5,PRDX5,HOXC8,SSPN,CEP295NL,NOTUM,BEST1,TLE2,MAFK,UFSP1,CEBPB,CUL4A,TNS4,STC2,IZUMO1,GDF15,HOXA11,FAM83E,DLG4,SLC2A4,MUC1,MLPH"
"DEG_MD_SW480","180","0.60609999999999997","KLF1","KLF1","50","1451","0.99939999999999996","1","0.6428000000000000","ReMap--ChIP-seq","HES7,DDIT4,ADAMTS10,HEXIM2,BTBD19,PEAR1,EMP3,ODC1,NAB2,SESN2,CNTNAP1,ITGB2,SPN,PPP1R15A,PBXIP1,PCK2,PPP1R1B,C8G,HYAL1,ANO8,SYP,HSF4,GNB2,VGF,MVP,S100P,PNMT,PRDX5,GJC2,LDHD,PRR22,RPL3L,AHNAK,CLCF1,BEST1,ADAM8,ATP8B3,CEBPB,POLR2A,P2RX1,TBC1D10C,CHAC1,GDF15,EMG1,FAM83E,SLC2A4,ABCC4,RASA3,MUC1,NOS3"
"DEG_MD_SW480","181","0.60940000000000005","GATA1","GATA1","50","1451","0.99939999999999996","1","0.6428000000000000","ReMap--ChIP-seq","HSPG2,RNASE1,DDIT4,HEXIM2,BTBD19,PEAR1,MED12,CASP10,UCP3,UCP2,SESN2,LEPR,ATP11A,GMPR,ZKSCAN3,PPP1R15A,FURIN,PBXIP1,PTPN7,TNFSF10,GAB1,SELPLG,SLC43A3,SLC43A1,TENT5C,VIM,PNMT,HOXB2,GJC2,ELL2,TMEM198,CDK15,ADM,BEST1,PLXNC1,RNF182,MACC1,IFIT1,TRANK1,TRAM2,SERP2,CAMK1,LMO2,ARHGAP18,EMG1,FES,RFXAP,ABCC4,NOS3,SLC4A8"
"DEG_MD_SW480","182","0.61280000000000001","STAT5B","STAT5B","50","1453","0.99939999999999996","1","0.6419000000000000","ReMap--ChIP-seq","DDIT4,HEXIM2,BTBD19,RNF227,RNASEL,KCNA2,UCP3,UCP2,NAB2,MAF,TRABD2A,FBXO32,TNFRSF18,FURIN,PPAN,MT1X,TNFSF10,PPP1R3F,NINJ2,PCK2,TMEM151A,HYAL1,RAC2,SELPLG,TMPRSS3,PRDM1,CCND2,MR1,PLGRKT,MVP,CYTH4,VIM,PRKCB,PRDX5,RPL3L,HAVCR2,AHNAK,GRAP2,ANKRD44,P2RX5,MGAT4A,IFITM1,IFITM2,IFIT3,TBC1D10C,IL23A,ESM1,PTGER2,ARHGAP18,DLG4"
"DEG_MD_SW480","183","0.61619999999999997","CEBPG","CEBPG","49","1438","0.99950000000000006","1","0.6354000000000000","ReMap--ChIP-seq","DDIT3,ATF3,RNASEL,SESN2,LEPR,SHC4,DLX2,ATXN1,FBXO32,FURIN,IFI35,TNFSF10,PAQR8,KCNK15,SLPI,SLC7A11,IL1B,SLC43A3,SLC43A1,PRICKLE1,RND2,CYTIP,ETV1,GALNT5,ATP2B4,CYP24A1,VIM,CLPSL2,PRDX5,RAB3D,BEST1,SALL4,HMBOX1,CEBPB,CEBPG,ERVMER34-1,MACC1,ASS1,KLF2,P2RX7,ANTXR2,CHAC1,POR,MAPRE2,AMIGO2,CDH23,PDE3B,HKDC1,MLPH"
"DEG_MD_SW480","184","0.61950000000000005","ZNF639","ZNF639","49","1442","0.99960000000000004","1","0.6336000000000001","ReMap--ChIP-seq","HSPG2,DDIT3,DDIT4,C2,HEXIM2,BTBD19,SIGLEC6,GMPR,ZKSCAN3,SPN,PPP1R15A,FURIN,PTPN7,CDC16,DIRAS1,SELPLG,FGF21,MVP,CLN8,S100P,PNMT,STMN3,PRDX5,GJC2,UPF3A,RPL3L,ANXA9,SERPINB1,AHNAK,EEF1AKMT3,CCDC71L,CSF2,BEST1,TLE2,TPP1,UFSP1,CEBPB,POLR2A,TRANK1,SLC44A2,IZUMO1,SGK1,LY6G6F,DLG4,FES,TSFM,MUC1,NOS3,MLPH"
"DEG_MD_SW480","185","0.62290000000000001","LHX2","LHX2","49","1443","0.99960000000000004","1","0.6331000000000000","ReMap--ChIP-seq","LACTB,PDGFC,CASP10,DPYD,TRABD2A,ATXN1,ATP10D,NTN4,MLLT3,CCL2,PRRX1,RASSF6,TM4SF1,PPP1R1C,NRP1,SLC7A11,IL15,COL5A2,RERE,TTC28,ETV1,VGF,CYP24A1,VIM,NDFIP2,PAPSS2,TNC,BIVM,TPM1,PHLDB2,SRGAP3,NECTIN3,DDX60L,IFIT2,PAPPA,SERP2,STRADB,PTGER2,AMIGO2,FAM186A,PLCXD2,TGFB2,DLG4,SLC2A2,ABCC4,HKDC1,CAMK2D,THBS1,SLC4A8"
"DEG_MD_SW480","186","0.62629999999999997","NFYA","NFYA","49","1445","0.99960000000000004","1","0.6322000000000000","ReMap--ChIP-seq","GMFG,DDIT4,HEXIM2,EMP3,NAB2,SESN2,GMPR,ACP5,FOXL1,PPP1R15A,PBXIP1,BAIAP3,LGALS1,MIA,APOE,PCK2,BST2,TMEM151A,HYAL1,ANO8,HSF4,GPC2,CD74,BAHCC1,TMEM221,MEFV,PRDX5,HOXC8,RPL3L,TNFSF9,AHNAK,RAB3D,TLE2,TLE6,ZNF556,ATP8B3,ZNF774,APOC1,TBC1D10C,IL23A,STAG3,BTN3A1,IZUMO1,BTN3A2,GDF15,EMG1,FAM83E,PDZD7,NOS3"
"DEG_MD_SW480","187","0.62960000000000005","MEF2A","MEF2A","49","1446","0.99960000000000004","1","0.6318000000000000","ReMap--ChIP-seq","HES7,DDIT4,ATF3,HEXIM2,BTBD19,COL1A1,NAB2,TRABD2A,ATXN1,DST,PPP1R15A,BEND6,PPAN,IKZF2,NINJ2,IGF1,DIRAS1,SELPLG,NEDD9,CD74,CD70,PLAT,PRDM1,NR3C1,ADAM19,PLGRKT,IRF8,MVP,VIM,PRKCB,TNFSF9,ADM,ANKRD37,PARM1,ATP8B1,GCSAM,ANKRD33B,MACC1,KLF2,KLF7,SP110,CD109,ZFPM2,IFI6,NT5E,AKNA,ARHGAP18,DTX4,EMG1"
"DEG_MD_SW480","188","0.63300000000000001","BATF","BATF","49","1447","0.99960000000000004","1","0.6313000000000000","ReMap--ChIP-seq","DDIT4,ATF3,EMP3,RNASEL,TRABD2A,CNTNAP1,ACP5,PPP1R15A,PPAN,NINJ2,SYK,IL15,LAT2,SELPLG,TMPRSS3,NEDD9,CD74,CD70,PRDM1,NR3C1,CCND2,MR1,ADAM19,PLGRKT,INHBE,CYTIP,IRF8,VIM,ALCAM,PRKCB,TNFSF9,ADM,HAVCR2,AHNAK,ATP8A1,GRAP2,PLXNC1,PARM1,HMBOX1,GCSAM,ANKRD33B,SEMA4A,MACC1,KLF2,IFIT3,SP110,DTX4,FAM83E,RASA3"
"DEG_MD_SW480","189","0.63639999999999997","TERF2","TERF2","49","1447","0.99960000000000004","1","0.6313000000000000","ReMap--ChIP-seq","C3AR1,ATF3,RDH12,BTBD19,VANGL2,RNF227,BHLHE41,CASP10,GSTO2,TEX19,CDC42EP1,PTAFR,TRABD2A,ITGB2,DHFR2,IFI35,MIA,NINJ2,RGL1,RAC2,ANO8,LAT2,SELPLG,HSF4,CD70,TMEM268,MPZ,ADGRG5,CYTH4,VIM,PRKCB,TNFSF4,TNFSF9,SERPINB1,MGLL,AHNAK,CLCF1,ATP8A1,ADAP2,PTPN22,MACC1,PTPN13,PTPN14,TBC1D10C,SP110,NT5E,ARHGAP18,FAM83E,RASA3"
"DEG_MD_SW480","190","0.63970000000000005","RUNX3","RUNX3","48","1446","0.99970000000000003","1","0.6183999999999999","ReMap--ChIP-seq","HES7,DDIT4,HEXIM2,PTAFR,UCP2,FSCN1,TRABD2A,CNTNAP1,PBXIP1,MLLT3,PPAN,PAQR8,NINJ2,RAC2,SYK,SELPLG,NEDD9,CD74,CD70,PRDM1,CCND2,TMEM268,ADAM19,PLGRKT,ADGRG5,IRF8,MVP,CYTH4,PRKCB,CFP,ST3GAL5,UPF3A,TNFSF4,TNFSF9,ATP8A1,GRAP2,PLXNC1,ANKRD44,GCSAM,ANKRD33B,GM2A,SEMA4A,MACC1,IFIT3,TBC1D10C,SP110,DTX4,EMG1"
"DEG_MD_SW480","191","0.64310000000000000","JUNB","JUNB","48","1447","0.99970000000000003","1","0.6180000000000000","ReMap--ChIP-seq","HES7,DDIT3,DDIT4,C2,HEXIM2,BTBD19,EMP3,FLNC,NAB2,SESN2,SLC9A5,FSCN1,ACP5,PPP1R15A,FURIN,PTPN7,PPAN,HYAL1,ANO8,SLC43A3,CD70,PLAT,MR1,ADAM19,VGF,CLN8,VIM,PNMT,PRKCB,PRDX5,RPL3L,TNFSF9,AHNAK,CLCF1,GCSAM,MAFK,TPP1,UFSP1,PLEKHG4,SEMA4A,MACC1,IFI6,LY6G6F,GDF15,EMG1,FAM83E,FES,NOS3"
"DEG_MD_SW480","192","0.64649999999999996","XBP1","XBP1","48","1447","0.99970000000000003","1","0.6180000000000000","ReMap--ChIP-seq","DDIT4,HEXIM2,EFCAB8,EMP3,TEX19,FSCN1,FBXO32,ACP5,DST,PPP1R15A,LRP3,ATP9A,BEND6,MIA,TM4SF5,CD14,BST2,WFDC2,KIF6,NEDD9,ENPP5,TMEM221,RBM24,SBK3,STMN3,CLPSL2,PRDX5,ST3GAL5,TNFSF9,SERPINB1,CCL28,KIAA0319,ANKRD24,CEBPB,POLR2A,CBLC,POR,CD109,CLIC5,SLC44A2,PTGER2,CST6,GDF15,SAA2,ARHGAP40,SPNS3,PCDHGB5,OGFRL1"
"DEG_MD_SW480","193","0.64980000000000004","GATA2","GATA2","48","1448","0.99980000000000002","1","0.6175000000000000","ReMap--ChIP-seq","HES7,DDIT4,CFAP69,HEXIM2,BTBD19,BHLHE41,RAPGEF5,SESN2,SLC9A2,ATXN1,PPP1R15A,PBXIP1,IFI35,TNFSF10,ANK3,TM4SF1,NRP1,SLC7A11,SLC43A1,PLEKHA8,PRDM1,TBC1D30,TENT5C,CD4,S100P,VIM,HOXA3,HOXA5,ELL2,SSPN,ADM,GRAMD2B,PLCB1,AHNAK,TPM1,RAB30,ATP8B1,MGAT4A,KLK3,TRAM2,SERP2,GDF15,SELENOP,EMG1,BAMBI,ABCC4,NOS3,SSBP2"
"DEG_MD_SW480","194","0.65320000000000000","SOX9","SOX9","48","1448","0.99980000000000002","1","0.6175000000000000","ReMap--ChIP-seq","DDIT4,HEXIM2,BTBD19,RNF223,BHLHE41,GPR35,EMP3,TRABD2A,ATXN1,ITGB4,NRGN,BAIAP3,DBNDD2,LGALS1,GCAT,TM4SF1,HYAL1,ANO8,BAHCC1,GNB2,VGF,MVP,DCDC2B,HOXA9,HOXA3,HOXA2,HOXA5,SYTL2,RPL3L,SSPN,LFNG,AHNAK,CLCF1,NOTUM,BEST1,ATP8B1,ESAM,MAFK,TPP1,CEBPB,CBLC,TBC1D10C,GDF15,HOXA11,PSPH,DTX4,FAM83E,PDZD7"
"DEG_MD_SW480","195","0.65659999999999996","HOXA9","HOXA9","48","1451","0.99980000000000002","1","0.6162000000000000","ReMap--ChIP-seq","ENDOU,BTBD19,KCNMA1,SAMD9,NAB2,FOXP1,TRABD2A,GMPR,ST6GALNAC2,SPN,NKX3-2,CPNE8,DECR1,SPTLC3,CTU1,MAP7D2,ADGRG5,VIM,GJA5,COL2A1,PLCB1,GRAMD1C,CSGALNACT1,ADAM8,PHLDB2,CEMIP,GCSAM,ZNF774,TFDP1,CEBPB,MACC1,KLF2,MGAT4A,IFIT1,SYNPO,IGSF6,RAB39A,BTN3A2,SGK1,TLR3,PTGER4,NT5E,SAA1,SAA2,SPNS3,TGFB2,ALDH1A3,OAS1"
"DEG_MD_SW480","196","0.65990000000000004","HBP1","HBP1","48","1451","0.99980000000000002","1","0.6162000000000000","ReMap--ChIP-seq","HES7,DDIT4,HEXIM2,BTBD19,DUSP9,CDC42EP1,ODC1,SESN2,CNTNAP1,PBXIP1,IFI35,LGALS1,TM4SF5,APOE,GREB1,TMEM151A,HYAL1,ANO8,HSF4,FOXA2,FOXA1,INHBE,RND2,HS3ST3B1,SSTR5,MVP,S100P,PNMT,RPL3L,TMEM198,ADM,ANXA9,AHNAK,NOTUM,LZTS3,GPT2,SPIRE2,MAFK,CEBPB,APOC1,POR,STC2,PTPRN2,LY6G6F,GDF15,PDZD7,DLG4,SLC2A4"
"DEG_MD_SW480","197","0.66330000000000000","NR3C1","NR3C1","48","1452","0.99980000000000002","1","0.6158000000000000","ReMap--ChIP-seq","LACTB,HES7,HSPG2,DDIT4,HPD,HEXIM2,BTBD19,ODC1,FSCN1,TRABD2A,ITGB4,ITGB6,LRP3,PBXIP1,ATP9A,TM4SF1,MT1A,C8G,PRDM1,BAHCC1,CAV1,VGF,S100A14,RPL3L,ADM,IMPA2,SERPINB1,AHNAK,CLCF1,RAB3D,BEST1,MAFK,SLC26A9,ANKRD33B,PTPN14,CBLC,TNS4,ANKRD2,EDN1,AMIGO2,GDF15,ALDH3A1,EMG1,FAM83E,DLG4,SLC2A4,MUC1,MLPH"
"DEG_MD_SW480","198","0.66669999999999996","SP1","SP1","48","1453","0.99980000000000002","1","0.6153000000000000","ReMap--ChIP-seq","HES7,DDIT4,HEXIM2,BTBD19,RNF223,EMP3,NAB2,SESN2,FSCN1,CNTNAP1,PPP1R15A,PBXIP1,IFI35,LGALS1,GCAT,TM4SF1,BST2,TMEM151A,HYAL1,ANO8,SYP,HSF4,BAHCC1,FGF21,INHBE,VGF,MVP,HOXA3,HOXA2,HOXA5,PRDX5,HOXC8,RPL3L,TNFSF9,AHNAK,CLCF1,EEF1AKMT3,RAB3D,MAFK,CBLC,TBC1D10C,IZUMO1,GDF15,EMG1,FAM83E,PDZD7,DLG4,SLC2A4"
"DEG_MD_SW480","199","0.67000000000000004","ERG","ERG","47","1451","0.99990000000000001","1","0.6029000000000000","ReMap--ChIP-seq","HES7,AR,DDIT4,HEXIM2,BTBD19,NAB2,FSCN1,ITGB2,FURIN,PBXIP1,PPAN,SCN1B,GCAT,TMEM151A,ANO8,HSF4,FOXA1,BAHCC1,GNB2,VGF,S100P,NAXD,STMN3,HOXA9,HOXA3,HOXA5,PRDX5,RPL3L,TMEM198,LFNG,CLCF1,NOTUM,EEF1AKMT3,MAFK,UFSP1,TRMT61A,TBC1D10C,CST6,GDF15,HOXA11,EMG1,FAM83E,PDZD7,DLG4,FES,SLC2A4,NOS3"
"DEG_MD_SW480","200","0.67340000000000000","SMAD1","SMAD1","47","1451","0.99990000000000001","1","0.6029000000000000","ReMap--ChIP-seq","DDIT3,SHMT2,CLCNKB,HEXIM2,BTBD19,EMP3,CDC42EP1,FLNC,NAB2,SESN2,SLC9A5,FSCN1,PPP1R15A,PTPN7,PPAN,IFI35,APOE,DECR1,SLC43A3,NXPH4,GNB2,RND2,VIM,PRKCB,HOXB2,PRDX5,RPL3L,TMEM198,AHNAK,CLCF1,NOTUM,EEF1AKMT3,BEST1,ATP8B3,UFSP1,CEBPB,SEMA4A,P2RX1,APOC1,TBC1D10C,LY6G6F,GDF15,EMG1,FAM83E,FES,MUC1,NOS3"
"DEG_MD_SW480","201","0.67679999999999996","NFYB","NFYB","47","1452","0.99990000000000001","1","0.6025000000000000","ReMap--ChIP-seq","GMFG,DDIT4,HEXIM2,BTBD19,RNF223,EMP3,SESN2,GMPR,FOXL1,PPP1R15A,PBXIP1,LGALS1,MIA,KCNK15,APOE,PCK2,BST2,RAC2,ANO8,CD74,BAHCC1,MR1,FGF21,TMEM221,VGF,MVP,ACOT9,MEFV,PRDX5,HOXC8,RPL3L,TNFSF9,AHNAK,RAB3D,TLE2,CYS1,ZNF556,P2RX7,APOC1,IL23A,IZUMO1,BTN3A3,BTN3A2,GDF15,FAM83E,DLG4,NOS3"
"DEG_MD_SW480","202","0.68010000000000004","MAFB","MAFB","47","1452","0.99990000000000001","1","0.6025000000000000","ReMap--ChIP-seq","EPSTI1,HES7,DDIT4,ATF3,HEXIM2,BTBD19,TUBA1A,PELI2,EGLN3,SESN2,GLIS3,SNAP25,PPM1L,PBXIP1,ATP9A,DHFR2,TM4SF1,PCK2,TH,TMEM151A,OXGR1,TTC7B,CACNA1D,TENT5C,SBK3,NAXD,ALCAM,CHGB,ST3GAL5,ELL2,ANXA9,HAVCR2,SERPINB5,CEP295NL,COL27A1,RAB30,SMPDL3A,POLR2A,KLF7,MGAT4A,MAP2,KRT14,KRT6A,EMG1,DLG4,TBKBP1,SSBP2"
"DEG_MD_SW480","203","0.68350000000000000","RBPJ","RBPJ","47","1452","0.99990000000000001","1","0.6025000000000000","ReMap--ChIP-seq","HES7,DDIT4,EMP3,NAB2,SESN2,SLC9A5,TRABD2A,ITGB2,SPN,ACP5,FURIN,PBXIP1,PPAN,LGALS1,PAQR8,NINJ2,RGL1,HYAL1,RAC2,ANO8,LAT2,SELPLG,TMPRSS3,CD70,TMEM268,ADAM19,IRF8,MVP,PRKCB,PRDX5,TNFSF9,CLCF1,RAB3D,GCSAM,GM2A,P2RX5,IFIT3,TBC1D10C,IGSF6,SLC44A2,IFI6,SUSD3,DTX4,EMG1,FAM83E,DLG4,SLC2A4"
"DEG_MD_SW480","204","0.68689999999999996","EBF1","EBF1","47","1452","0.99990000000000001","1","0.6025000000000000","ReMap--ChIP-seq","ENDOU,DDIT4,CDC42EP1,PTAFR,UCP2,FSCN1,TRABD2A,CNTNAP1,ITGB2,SPN,ACP5,TNFRSF18,FURIN,PBXIP1,PPAN,LGALS1,NINJ2,RAC2,SELPLG,TMPRSS3,CD74,CD70,TMEM268,ADAM19,ADGRG5,IRF8,MVP,CYTH4,DCDC2B,PRKCB,PRDX5,RPL3L,TNFSF9,LFNG,AHNAK,CLCF1,NOTUM,GCSAM,ANKRD33B,GM2A,SEMA4A,TBC1D10C,IFI6,SUSD3,AKNA,EMG1,TBKBP1"
"DEG_MD_SW480","205","0.69020000000000004","NFE2L2","NFE2L2","47","1454","0.99990000000000001","1","0.6017000000000000","ReMap--ChIP-seq","HES7,DDIT3,DDIT4,HEXIM2,BTBD19,EMP3,NAB2,SLC9A5,FSCN1,ZKSCAN3,PPP1R15A,PBXIP1,IFI35,APOE,TMEM151A,HYAL1,ANO8,HSF4,BAHCC1,FGF21,INHBE,RND2,VGF,MVP,PRDX5,GJC2,RPL3L,ADM,AHNAK,CLCF1,NOTUM,BEST1,ATP8B3,MAFK,CEBPB,SEMA4A,APOC1,TBC1D10C,CORO6,IZUMO1,GDF15,EMG1,FAM83E,PDZD7,DLG4,MUC1,NOS3"
"DEG_MD_SW480","206","0.69359999999999999","MNT","MNT","46","1442","0.99990000000000001","1","0.5935000000000000","ReMap--ChIP-seq","HES7,UNC5A,SHMT2,HEXIM2,RNF223,EMP3,ATXN1,ITGB4,MDK,PBXIP1,ATP9A,BAIAP3,KCNK15,PCK2,IFITM10,HYAL1,TMPRSS3,HSF4,BAHCC1,VGF,MVP,CYP24A1,S100P,STMN3,PRDX5,RPL3L,TMEM198,ANXA9,AHNAK,EEF1AKMT3,INHA,SPIRE2,MAFK,CEBPB,RNF39,TRMT61A,TRAM2,LY6G6F,GDF15,EMG1,FAM83E,PDZD7,DLG4,SLC2A4,MUC1,MLPH"
"DEG_MD_SW480","207","0.69699999999999995","ZNF197","ZNF197","46","1443","0.99990000000000001","1","0.5931000000000000","ReMap--ChIP-seq","UNC5A,C2,RNF223,UCP3,UCP2,KCNG1,SMO,ZKSCAN3,SNAP25,ALAS2,ST6GALNAC2,BAIAP3,IKZF2,GAREM2,OTUD7A,HYAL1,NR3C1,IGF1R,PCID2,FGF21,MVP,EGF,FAM131B,S100P,CFP,PRR22,RPL3L,GJB5,CLCF1,HMBOX1,EVL,MACC1,CUL4A,IL23A,PTPRN2,IZUMO1,SGK1,LY6G6F,GDF15,HPCA,CPLX2,LIN28A,LTF,ATP1A3,RASD2,NOS3"
"DEG_MD_SW480","208","0.70030000000000003","HMBOX1","HMBOX1","46","1443","0.99990000000000001","1","0.5931000000000000","ReMap--ChIP-seq","DDIT4,RDH12,HEXIM2,BTBD19,JPH2,CASP10,OLFML2A,SESN2,GMPR,ZKSCAN3,ST6GALNAC2,PPP1R15A,FURIN,TNFSF10,PAQR8,EREG,SLC7A11,TTC7B,CAV1,ETV1,TENT5C,CLN8,GALNT5,ATP2B4,VIM,ACOT9,NDFIP2,UPF3A,ELL2,ANXA9,AHNAK,CCDC71L,GRAP2,HMBOX1,IFITM1,IFITM2,ANTXR2,ZFPM2,TRANK1,SERP2,BTN3A2,LY6G6F,LMO2,ARHGAP18,LIN28A,SSBP2"
"DEG_MD_SW480","209","0.70369999999999999","EGR1","EGR1","46","1444","0.99990000000000001","1","0.5927000000000000","ReMap--ChIP-seq","HES7,TFR2,DDIT4,SHMT2,HEXIM2,BTBD19,RNF223,RNF227,NAB2,SLC9A5,FSCN1,TRABD2A,ITGB2,MDK,TNFRSF18,PBXIP1,BAIAP3,PTPN7,PPAN,TMEM151A,HSF4,BAHCC1,NXPH4,GNB2,VGF,MVP,DCDC2B,STMN3,PRDX5,GJC2,RPL3L,LFNG,CLCF1,NOTUM,EEF1AKMT3,TLE2,UFSP1,CEBPB,TBC1D10C,GDF15,EMG1,FAM83E,PDZD7,DLG4,SLC2A4,NOS3"
"DEG_MD_SW480","210","0.70709999999999995","FOXP1","FOXP1","46","1451","0.99990000000000001","1","0.5897000000000000","ReMap--ChIP-seq","HES7,ISL2,HEXIM2,BHLHE41,EMP3,ODC1,NAB2,OLFML2A,FOXP1,DLX2,PBXIP1,IFI35,IKZF2,RASSF6,CD24,HSF4,FOXA1,PRDM1,TMEM268,BAHCC1,OSR2,MVP,ZIC5,VIM,HOXA9,HOXA3,HOXA5,PRDX5,HOXC8,ELL2,SSPN,ADM,EEF1AKMT3,ANKRD44,RAB30,GCSAM,UFSP1,ARGLU1,AMIGO2,HOXA11,EMG1,FAM83E,DLG4,SLC2A4,LRIG1,TBKBP1"
"DEG_MD_SW480","211","0.71040000000000003","NR4A1","NR4A1","46","1451","0.99990000000000001","1","0.5897000000000000","ReMap--ChIP-seq","DDIT4,BAZ2B,HEXIM2,BTBD19,GSTO2,UCP3,UCP2,FOXP1,TUBGCP3,ITGB2,NRGN,SPN,PBXIP1,IFI35,SCN1B,CD14,BST2,RAC2,IL1B,SELPLG,GNAZ,UBA7,GGACT,CYTIP,CYTH4,ATP2B4,CD4,HOXA9,HOXA3,HOXA5,PRKCB,MEFV,LDHD,IMPA2,SERPINB1,TPP1,PTPN22,ZNF821,NTSR1,SGK1,LMO2,AKNA,PLCXD2,PDZD7,PTCH2,FES"
"DEG_MD_SW480","212","0.71379999999999999","ZNF143","ZNF143","46","1452","0.99990000000000001","1","0.5893000000000000","ReMap--ChIP-seq","HES7,DDIT4,SHMT2,HEXIM2,BTBD19,RNF223,EMP3,TEX19,CDC42EP1,OLFML2A,CNTNAP1,MDK,PPP1R15A,SCN1B,MIA,KCNK15,BST2,TMEM151A,HYAL1,ANO8,HSF4,FGF21,VGF,MVP,STMN3,PRDX5,RPL3L,TMEM198,CLCF1,NOTUM,EEF1AKMT3,RAB3D,ATP8B3,ANKRD24,UFSP1,CEBPB,TRMT61A,TBC1D10C,IZUMO1,GDF15,FAM83E,PDZD7,DLG4,SLC2A4,MUC1,NOS3"
"DEG_MD_SW480","213","0.71719999999999995","ETV1","ETV1","46","1452","0.99990000000000001","1","0.5893000000000000","ReMap--ChIP-seq","HES7,DDIT4,BTBD19,HOXC11,GSTO2,ODC1,NAB2,SLC9A5,PBXIP1,BAIAP3,LGALS1,DECR1,PPP1R1B,ANO8,SLC43A1,HSF4,BAHCC1,ETV1,SSTR5,VGF,MVP,LAMB2,PNMT,STMN3,HOXA9,HOXA3,HOXA2,HOXA5,HOXC8,TMEM198,C1QTNF8,CLCF1,NOTUM,TLE2,TLE6,MAFK,UFSP1,POLR2A,CBLC,TBC1D10C,ZNF821,GDF15,EMG1,PDZD7,DLG4,SLC2A4"
"DEG_MD_SW480","214","0.72050000000000003","NFKB1","NFKB1","46","1452","0.99990000000000001","1","0.5893000000000000","ReMap--ChIP-seq","HES7,DDIT4,SHMT2,HOXC11,EMP3,MYRF,UCP2,NAB2,FSCN1,TRABD2A,DLX2,FURIN,PBXIP1,CCL2,PPAN,LGALS1,PPP1R3F,TMEM151A,HYAL1,SYP,TMPRSS3,CCND2,EEF1A2,NXPH4,INHBE,SETBP1,VGF,MVP,ATP2B4,PRDX5,HOXC8,TNFSF9,AHNAK,EEF1AKMT3,CSF2,TPPP,GCSAM,ANKRD33B,SEMA4A,TRMT61A,CBLC,SH2D2A,ALDOC,DLG4,FES,SLC4A8"
"DEG_MD_SW480","215","0.72389999999999999","ELF5","ELF5","17","706","0.99990000000000001","1","0.4444000000000000","ReMap--ChIP-seq","GSTO2,ZNF469,FBXO32,DBNDD2,UBE2L6,CD14,GREB1,SLC43A1,HUNK,STMN3,ZNF793,VIPR1,CST6,EMG1,PDZD7,SPEG,SSBP2"
"DEG_MD_SW480","216","0.72729999999999995","HINFP","HINFP","45","1440","0.99990000000000001","1","0.5810000000000000","ReMap--ChIP-seq","C3AR1,HES7,DDIT4,EMP3,FLNC,FOXP1,GMPR,ZKSCAN3,ACP5,PPP1R15A,BEND6,BAIAP3,ART5,AATK,GRIK4,RAC2,ANO8,CTU1,FOXA1,TMEM268,BAHCC1,TENT5C,CYTH4,PNMT,CLEC11A,ST3GAL5,GRTP1,ELL2,SERPINB1,BEST1,GPT2,GLB1L2,CEBPG,IFITM1,IFITM2,CHAC1,IL23A,ZNF821,BTN3A2,SGK1,AMIGO2,GDF15,LMO2,RASD2,NOS3"
"DEG_MD_SW480","217","0.73060000000000003","ZNF766","ZNF766","28","1008","0.99990000000000001","1","0.5145999999999999","ReMap--ChIP-seq","DDIT4,CDC42EP5,ZNF239,KCNG1,ZKSCAN3,ST6GALNAC2,BAIAP3,PCBP3,LAT2,ADGRG5,FGF21,UBE2QL1,SETBP1,LAMB2,FAM131B,HOXB2,ST3GAL5,BEST1,ITGA10,PTPN22,MACC1,POR,TRANK1,IZUMO1,LMO2,SEZ6L2,CDH23,LIN28A"
"DEG_MD_SW480","218","0.73399999999999999","ZNF274","ZNF274","45","1444","0.99990000000000001","1","0.5794000000000000","ReMap--ChIP-seq","HES7,HPCAL4,ABCA3,ZNF486,EMP3,ZNF239,ODC1,UCP3,WNT7A,SIGLEC6,CXCL14,SLC25A48,SESN2,ZNF202,ZNF425,ALAS2,ACP5,PPP1R15A,LRP3,TSPAN1,ANO8,PCDHB14,PLEKHA8,SLC1A3,RERE,CA8,TENT5C,MEFV,ABO,PRDX5,GJC2,RPL3L,TRIM6,COL2A1,ATP8A2,ZNF556,ZNF793,CPQ,UFSP1,ZNF737,PTPRN2,KLHDC8B,SERP2,ABCC4,NOS3"
"DEG_MD_SW480","219","0.73740000000000006","TFAP2A","TFAP2A","45","1445","0.99990000000000001","1","0.5789000000000000","ReMap--ChIP-seq","UNC5A,TFR2,HEXIM2,RNF223,HOXC11,JPH2,ODC1,ZNF469,NAB2,ITGB4,MDK,ATP9A,TTC39A,ZNF853,SCN1B,TH,IL24,FOXA1,TTC7B,GNB2,DEGS2,VGF,MVP,CYP24A1,S100P,STMN3,PRDX5,S100A14,LFNG,COL2A1,CLCF1,RAB3D,SRGAP1,SPIRE2,MAFK,ANKRD33B,UFSP1,TBC1D10C,STC2,TRAM2,ANKRD2,CST6,PDZD7,SLC2A4,MUC1"
"DEG_MD_SW480","220","0.74070000000000003","MEF2C","MEF2C","45","1446","0.99990000000000001","1","0.5785000000000000","ReMap--ChIP-seq","DDIT4,ATF3,HEXIM2,ODC1,PTAFR,NAB2,TRABD2A,CNTNAP1,ITGB2,PPP1R15A,IKZF2,IGF1,DIRAS1,SELPLG,NEDD9,CD74,CD70,NR3C1,UBA7,ADGRG5,CYTIP,IRF8,PRKCB,RNF122,ELL2,RPL3L,ADM,SERPINB1,ATP8A1,GRAP2,ATP8B1,GCSAM,TPP2,ANKRD33B,MACC1,KLF2,IFIT3,ZFPM2,IGSF6,PTGER2,NT5E,EMG1,CAMK2D,LRIG1,SSBP2"
"DEG_MD_SW480","221","0.74409999999999998","SETDB1","SETDB1","45","1447","0.99990000000000001","1","0.5780999999999999","ReMap--ChIP-seq","DDIT4,BTBD19,ABCA3,RNF223,FOXL2NB,TEX19,ZNF239,CHST3,DLX2,ZKSCAN3,ZNF425,ST6GALNAC2,NKX3-2,TNFRSF18,BAIAP3,PPAN,CD14,ANO8,HSF4,CD70,AKR1C3,GNAZ,VIM,MEFV,ABO,GJC2,LDHD,PRR22,RPL3L,RIPPLY3,PRSS33,NOTUM,ZNF556,UFSP1,ERVMER34-1,IFITM1,IFITM2,TRANK1,IFI6,GDF15,FAM83E,PCDHGB7,PCDHGB5,COL6A2,NOS3"
"DEG_MD_SW480","222","0.74750000000000005","NR1H3","NR1H3","45","1450","0.99990000000000001","1","0.5769000000000000","ReMap--ChIP-seq","WLS,HEXIM2,TNFRSF11B,FBXO32,BTD,KCNQ4,APOE,DECR1,ANO8,CD74,CD70,GXYLT2,TMEM268,KIF5C,ENPP2,ADAM19,SLC1A3,CCDC196,RBM24,DCDC2B,VIM,MAP1B,ADM,PAPSS2,FMO4,CCL28,PLXNB3,CSTL1,SMPDL3A,NLGN1,SEMA3A,PSAT1,APOC1,IFIT1,ZFPM2,IGSF6,CORO6,SLC35F3,MAPRE2,ABCG1,LPL,SLC2A2,KLF15,ATP1A3,MUC1"
"DEG_MD_SW480","223","0.75080000000000002","MYCN","MYCN","45","1450","0.99990000000000001","1","0.5769000000000000","ReMap--ChIP-seq","HES7,DDIT4,HEXIM2,COL1A1,RNF223,PEAR1,FLNC,FSCN1,DLX2,CNTNAP1,MDK,PBXIP1,PPAN,LGALS1,TH,TMEM151A,HSF4,BAHCC1,EEF1A2,GNB2,VGF,MVP,HOXA5,GJC2,RPL3L,TMEM198,ADM,LFNG,AHNAK,CLCF1,NOTUM,EEF1AKMT3,TLE6,MAFK,UFSP1,TRMT61A,TBC1D10C,MYCN,EMG1,FAM83E,PDZD7,DLG4,SLC2A4,MUC1,NOS3"
"DEG_MD_SW480","224","0.75419999999999998","BCL11A","BCL11A","45","1451","0.99990000000000001","1","0.5765000000000000","ReMap--ChIP-seq","HES7,DDIT4,BTBD19,ODC1,NAB2,FSCN1,TRABD2A,ATXN1,SPN,ACP5,TNFRSF18,PBXIP1,ZNF853,PPAN,NINJ2,NEDD9,HSF4,CD74,CD70,PRDM1,NR3C1,CCND2,TMEM268,ADAM19,IRF8,MVP,STMN3,PRKCB,PRDX5,RPL3L,TNFSF9,ADM,CLCF1,NOTUM,PLXNC1,GCSAM,TPP1,ANKRD33B,SEMA4A,MACC1,TBC1D10C,SP110,ZFPM2,DTX4,EMG1"
"DEG_MD_SW480","225","0.75760000000000005","IRF2","IRF2","45","1451","0.99990000000000001","1","0.5765000000000000","ReMap--ChIP-seq","HES7,DDIT3,DDIT4,HEXIM2,BTBD19,SHF,NAB2,FSCN1,GMPR,PPP1R15A,PBXIP1,PTPN7,UBE2L6,IFI35,BST2,BAHCC1,FGF21,INHBE,GNB2,ETV1,TENT5C,MVP,S100P,HOXB2,PRDX5,HOXC8,RPL3L,TNFSF9,SERPINB1,AHNAK,APOL1,NOTUM,UFSP1,POLR2A,IFITM1,IFIT3,ZNF821,BTN3A1,IZUMO1,BTN3A3,BTN3A2,LY6G6F,GDF15,MUC1,NOS3"
"DEG_MD_SW480","226","0.76090000000000002","CREB1","CREB1","45","1454","1.00000000000000000","1","0.5752000000000000","ReMap--ChIP-seq","HES7,DDIT4,HEXIM2,BTBD19,EMP3,NAB2,FSCN1,PBXIP1,PPAN,IFI35,GCAT,APOE,TMEM151A,HYAL1,ANO8,HSF4,CD74,BAHCC1,FGF21,INHBE,VGF,MVP,DCDC2B,S100P,HOXA3,HOXA5,PRDX5,GJC2,RPL3L,TMEM198,ADM,AHNAK,NOTUM,EEF1AKMT3,MAFK,CEBPB,APOC1,TRMT61A,IZUMO1,GDF15,EMG1,FAM83E,PDZD7,DLG4,SLC2A4"
"DEG_MD_SW480","227","0.76429999999999998","NFE2L1","NFE2L1","44","1438","1.00000000000000000","1","0.5685000000000000","ReMap--ChIP-seq","LACTB,KCNMB4,TEX19,EGLN3,UTRN,ZKSCAN3,UPP1,BCAS3,KCTD21,TTC39A,GCAT,TM4SF1,NINJ2,CCDC81,APOE,IFITM10,CDC16,SLC7A11,AKR1C3,MPZ,PCID2,BMP6,PRR5,CA8,CYTIP,FAM131B,PRKCB,GJB5,CLCF1,NOTUM,ATP8A2,BEST1,PLXNA2,ZNF774,DUSP19,MACC1,CUL4A,APOC1,ANTXR2,ANTXR1,IFRD1,TIAM2,GDF15,DLG4"
"DEG_MD_SW480","228","0.76770000000000005","BRF2","BRF2","44","1441","1.00000000000000000","1","0.5673000000000000","ReMap--ChIP-seq","DDIT4,SHF,ODC1,SIGLEC6,ITGB2,PPP1R15A,LRP3,ART5,WNK2,AATK,ANO8,GAL,TBC1D32,BORA,CAV1,BCKDHA,SBK3,NAXD,VIM,MAP1B,PLCB1,EEF1AKMT3,TMEM229B,LZTS3,PLXNA2,SRGAP3,WFS1,FOLR1,IFIT1,IFIT3,IFRD1,IL23A,KLK7,PTPRN2,SLC44A2,IFI6,SAA1,CAMK1,PDZD7,CPSF4,TRPV4,TSFM,COL6A2,LTF"
"DEG_MD_SW480","229","0.77100000000000002","SREBF2","SREBF2","44","1445","1.00000000000000000","1","0.5657000000000000","ReMap--ChIP-seq","HES7,HSPG2,HEXIM2,RNF223,SHF,MYRF,OLFML2A,SLC9A5,MDK,FURIN,LRP3,BAIAP3,PPAN,KCNQ2,TMEM151A,C8G,HYAL1,ANO8,HSF4,EEF1A2,SSTR5,STMN3,PRDX5,S100A14,RPL3L,LFNG,C1QTNF8,CLCF1,CHRD,ATP8B3,SPIRE2,MAFK,UFSP1,SEMA4A,TRMT61A,TBC1D10C,CHAC1,NTSR1,PDE2A,PDZD7,DLG4,FES,MUC1,WNT11"
"DEG_MD_SW480","230","0.77439999999999998","TCF7","TCF7","44","1446","1.00000000000000000","1","0.5653000000000000","ReMap--ChIP-seq","DDIT4,ATF3,BAZ2B,HEXIM2,BTBD19,LRRC10B,ODC1,FSCN1,ZNF425,DST,FURIN,BEND6,IFI35,NINJ2,ECM1,NEDD9,CD70,CCND2,GNB2,VGF,MVP,PNMT,GJC2,PRR22,RPL3L,SERPINB1,RIPPLY3,AHNAK,TLE6,PLXNA2,GCSAM,POLR2A,TNS4,SP110,ZNF821,RYR1,LY6G6F,GDF15,LHFPL1,LMO2,DLG4,SLC2A4,NOS3,SSBP2"
"DEG_MD_SW480","231","0.77780000000000005","ZEB1","ZEB1","44","1451","1.00000000000000000","1","0.5633000000000000","ReMap--ChIP-seq","HES7,DDIT4,HEXIM2,BTBD19,COL1A1,RNF223,TEX19,CDC42EP1,FSCN1,CNTNAP1,ITGB2,MDK,TNFRSF18,FURIN,BAIAP3,PPAN,LGALS1,GCAT,PCK2,TMEM151A,ANO8,HSF4,CD74,MVP,CYTH4,PRDX5,RPL3L,ADM,LFNG,AHNAK,CLCF1,NOTUM,EEF1AKMT3,ADAM8,MAFK,UFSP1,CEBPB,TBC1D10C,CHAC1,EMG1,FAM83E,DLG4,FES,MUC1"
"DEG_MD_SW480","232","0.78110000000000002","MYBL2","MYBL2","44","1451","1.00000000000000000","1","0.5633000000000000","ReMap--ChIP-seq","CLDN1,HES7,HEXIM2,SHF,CASP10,GSTO2,CDC42EP1,RAPGEF5,UTRN,ATXN1,MLXIPL,PAQR8,GCAT,TM4SF1,PCK2,HYAL1,SLC43A1,NEDD9,FOXA2,NCMAP,MAT1A,PROZ,RERE,VGF,MVP,ELL2,TNFSF4,SERPINB1,MBNL3,ANKRD37,TLE1,GPT2,IGFBP3,SPIRE2,SMPDL3A,CEBPB,MGAT4A,POR,PTPRN2,SH3PXD2A,GDF15,PSPH,ARHGAP18,SLC2A2"
"DEG_MD_SW480","233","0.78449999999999998","NR2F2","NR2F2","44","1452","1.00000000000000000","1","0.5629000000000000","ReMap--ChIP-seq","HSPG2,DDIT3,DDIT4,HEXIM2,BTBD19,CDC42EP1,FSCN1,MDK,UPP1,PPP1R15A,FURIN,PBXIP1,PTPN7,IFI35,APOE,BAHCC1,VGF,CLN8,LAMB2,HOXB2,PRDX5,CGN,RPL3L,TMEM198,ADM,ANXA9,AHNAK,CLCF1,NOTUM,SPIRE2,MAFK,UFSP1,CEBPB,MACC1,APOC1,TBC1D10C,STC2,KLHDC8B,LY6G6F,GDF15,FAM83E,SLC2A4,NOS3,MLPH"
"DEG_MD_SW480","234","0.78790000000000004","RELA","RELA","44","1452","1.00000000000000000","1","0.5629000000000000","ReMap--ChIP-seq","HSPG2,DDIT4,HEXIM2,BTBD19,EMP3,NAB2,FSCN1,TRABD2A,CNTNAP1,ITGB6,TNFRSF18,PPP1R15A,FURIN,PBXIP1,CCL2,PPAN,LGALS1,TM4SF1,HYAL1,RAC2,SELPLG,NEDD9,HSF4,PLGRKT,VGF,MVP,PRDX5,RPL3L,TNFSF9,SERPINB1,AHNAK,TPP1,ANKRD33B,POLR2A,SEMA4A,CBLC,TBC1D10C,IL23A,GDF15,EMG1,DLG4,FES,SLC2A4,THBS1"
"DEG_MD_SW480","235","0.79120000000000001","MYC","MYC","44","1453","1.00000000000000000","1","0.5625000000000000","ReMap--ChIP-seq","HES7,DDIT4,SHMT2,HEXIM2,BTBD19,EMP3,NAB2,FSCN1,CNTNAP1,MDK,PBXIP1,PPAN,TMEM151A,C8G,HYAL1,ANO8,HSF4,BAHCC1,EEF1A2,INHBE,GNB2,VGF,MVP,STMN3,PRDX5,RPL3L,LFNG,AHNAK,CLCF1,NOTUM,EEF1AKMT3,MAFK,UFSP1,CEBPB,TRMT61A,TBC1D10C,GDF15,EMG1,FAM83E,PDZD7,DLG4,SLC2A4,TSFM,MUC1"
"DEG_MD_SW480","236","0.79459999999999997","ZNF750","ZNF750","44","1454","1.00000000000000000","1","0.5621000000000000","ReMap--ChIP-seq","ENDOU,HEXIM2,BTBD19,HOXC11,JMJD7-PLA2G4B,CDC42EP1,DLX2,UPP1,PBXIP1,LGALS1,GCAT,SLPI,CD14,SLC7A11,HYAL1,GAB1,BAHCC1,MVP,S100P,NAXD,PRDX5,GJC2,HOXC8,RPL3L,AHNAK,EEF1AKMT3,LEMD1,NOTCH3,MAFK,UFSP1,CEBPB,TNS4,IFRD1,POR,MAOA,KLK7,SH3PXD2A,KRT14,KRT6A,EMG1,SLC2A4,TSFM,HES2,SLC4A8"
"DEG_MD_SW480","237","0.79800000000000004","THAP1","THAP1","43","1442","1.00000000000000000","1","0.5536000000000000","ReMap--ChIP-seq","HES7,BTBD19,RNF223,FLNC,MLXIPL,ITGB2,MDK,TNFRSF18,PBXIP1,BAIAP3,TMEM151A,MOGAT3,DIRAS1,C8G,ANO8,HSF4,BAHCC1,SLC30A2,EEF1A2,GNAZ,CACNA1H,GNB2,VGF,MVP,DCDC2B,STMN3,PRDX5,RPL3L,LFNG,PRSS33,NOTUM,TLE2,ATP8B3,MAFK,UFSP1,CEBPB,TBC1D10C,CHAC1,HPCA,FAM83E,MUC1,HES2,NOS3"
"DEG_MD_SW480","238","0.80130000000000001","ZNF584","ZNF584","43","1442","1.00000000000000000","1","0.5536000000000000","ReMap--ChIP-seq","DDIT4,BTBD19,UCP3,KCNG1,SESN2,LEPR,GMPR,ZKSCAN3,DYSF,PPP1R15A,PTPN7,PCBP3,HYAL1,IGF1R,SLC30A2,INHBE,ETV1,TENT5C,VGF,FAM131B,PRKCB,ADCY7,VEPH1,BEST1,RAB30,RAB37,CEMIP,HMBOX1,CPQ,MACC1,KLF2,P2RX1,IL23A,SH3PXD2A,SGK1,GDF15,TMEM144,HPCA,CPLX2,LIN28A,HKDC1,NOS3,MLPH"
"DEG_MD_SW480","239","0.80469999999999997","KMT2A","KMT2A","43","1448","1.00000000000000000","1","0.5512000000000000","ReMap--ChIP-seq","OSGEPL1,HEXIM2,GRIN2B,GSTO2,PELI2,ATRNL1,FOXP1,ZNF425,SPN,FURIN,CPNE8,PPP1R3B,RAP2A,CD70,NR3C1,IGF1R,TMEM268,TBC1D30,BAHCC1,OSR2,PLGRKT,HOXA9,ALCAM,HOXA3,HOXA5,SLAIN1,IFIH1,IMPA2,PLCB1,ATP8A1,PLXNC1,KIAA0319,SMPDL3A,CD109,ZNF821,ARGLU1,PTGER4,HOXA11,FES,CAMK2D,LRIG1,VAT1L,SSBP2"
"DEG_MD_SW480","240","0.80810000000000004","RFX1","RFX1","43","1449","1.00000000000000000","1","0.5508000000000000","ReMap--ChIP-seq","CFAP69,HEXIM2,BTBD19,RNF223,UCP2,NAB2,LRRC70,ZNF425,PBXIP1,BAIAP3,IFI35,BTD,RGL1,KIAA0825,TMEM151A,HYAL1,KIF6,SELPLG,AKR1C3,SPOCD1,RND2,RPGR,TMEM221,BCKDHA,VGF,DNAH6,DCDC2B,PRDX5,AHNAK,CEP295NL,ANKRD37,KIAA0319,MAFK,HYDIN,GPX2,POR,GDF7,CAMKV,LY6G6F,PDZD7,PTCH2,SMKR1,MUC1"
"DEG_MD_SW480","241","0.81140000000000001","ETV4","ETV4","43","1451","1.00000000000000000","1","0.5501000000000000","ReMap--ChIP-seq","HES7,HSPG2,DDIT4,SHMT2,HEXIM2,BTBD19,GSTO2,GPR35,DUSP9,ODC1,PBXIP1,IFI35,TM4SF5,GCAT,TM4SF1,APOE,PCK2,HYAL1,SLC43A3,HSF4,FOXA2,HS3ST3B1,SSTR5,S100P,PRDX5,ELL2,RPL3L,TMEM198,ADM,C1QTNF8,ANXA9,SERPINB1,MBNL3,NOTUM,INHA,MAFK,SMPDL3A,APOC1,POR,STC2,GDF15,PDZD7,DLG4"
"DEG_MD_SW480","242","0.81479999999999997","GABPA","GABPA","43","1453","1.00000000000000000","1","0.5493000000000000","ReMap--ChIP-seq","HES7,HEXIM2,BTBD19,RNF223,NAB2,ITGB2,TNFRSF18,PPP1R15A,PBXIP1,BAIAP3,PPAN,TMEM151A,HYAL1,ANO8,HSF4,BAHCC1,CACNA1H,FGF21,SSTR5,VGF,LAMB2,STMN3,MEFV,PRDX5,RPL3L,TMEM198,C1QTNF8,CLCF1,EEF1AKMT3,INHA,MAFK,TPP1,TBC1D10C,IZUMO1,GDF15,EMG1,FAM83E,PDZD7,DLG4,SLC2A4,TSFM,MUC1,NOS3"
"DEG_MD_SW480","243","0.81820000000000004","MYNN","MYNN","42","1445","1.00000000000000000","1","0.5392000000000000","ReMap--ChIP-seq","HSPG2,TFR2,DDIT3,DDIT4,HEXIM2,BTBD19,RNF223,FLNC,SLC9A5,FSCN1,MDK,TNFRSF18,FURIN,BAIAP3,PTPN7,PPAN,IFI35,C8G,BAHCC1,GNB2,RND2,VGF,MVP,PNMT,PRDX5,TMEM198,AHNAK,PRSS33,CLCF1,ATP8B3,PLXNB3,UFSP1,SEMA4A,P2RX1,PPIL6,TBC1D10C,LY6G6F,EMG1,PDZD7,DLG4,FES,NOS3"
"DEG_MD_SW480","244","0.82150000000000001","HMGN3","HMGN3","42","1446","1.00000000000000000","1","0.5387999999999999","ReMap--ChIP-seq","TFR2,DDIT4,HEXIM2,RNF223,FOXL2NB,HOXC11,MYRF,FLNC,NAB2,FSCN1,MLXIPL,MDK,TNFRSF18,BAIAP3,PPAN,BST2,TMEM151A,DIRAS1,SYP,HSF4,BAHCC1,GNB2,VGF,ZIC5,STMN3,PRDX5,HOXC8,RPL3L,TMEM198,NOTUM,EEF1AKMT3,ADAM8,ATP8B3,PLXNB3,UFSP1,IFITM1,IFITM2,TBC1D10C,FAM83E,DLG4,FES,NOS3"
"DEG_MD_SW480","245","0.82489999999999997","CREM","CREM","42","1448","1.00000000000000000","1","0.5380000000000000","ReMap--ChIP-seq","HES7,DDIT4,HEXIM2,BTBD19,RNF223,EMP3,ODC1,NAB2,FSCN1,TRABD2A,CNTNAP1,SPN,PPP1R15A,PBXIP1,PTPN7,PPAN,ANO8,CD70,FGF21,INHBE,VGF,MVP,VIM,PRKCB,PRDX5,RPL3L,TNFSF9,AHNAK,ADAM8,UFSP1,IZUMO1,BTN3A2,IFI6,LY6G6F,GDF15,EMG1,FAM83E,PDZD7,DLG4,FES,MUC1,NOS3"
"DEG_MD_SW480","246","0.82830000000000004","TGIF2","TGIF2","42","1451","1.00000000000000000","1","0.5369000000000000","ReMap--ChIP-seq","DDIT4,HEXIM2,BTBD19,CDC42EP1,ODC1,NAB2,UTRN,ATXN1,MLXIPL,IFI35,TM4SF5,TSPAN8,PCK2,MOGAT3,HSF4,PLEKHA8,INHBE,ZMYND15,HS3ST3B1,SSTR5,MVP,S100P,PNMT,RPL3L,ADM,C1QTNF8,ANXA9,AHNAK,NOTUM,GPT2,CHRD,SPIRE2,MAFK,CEBPB,APOC1,POR,STC2,LY6G6F,GDF15,DLG4,SLC2A4,CAMK2D"
"DEG_MD_SW480","247","0.83160000000000001","PAX5","PAX5","42","1453","1.00000000000000000","1","0.5361000000000000","ReMap--ChIP-seq","HES7,DDIT4,HEXIM2,BTBD19,RNF223,NAB2,FSCN1,TRABD2A,CNTNAP1,ITGB2,ACP5,TNFRSF18,FURIN,BAIAP3,PPAN,TMEM151A,RAC2,ANO8,SELPLG,HSF4,CD74,CCND2,ADGRG5,IRF8,MVP,CYTH4,PRDX5,RPL3L,TNFSF9,AHNAK,NOTUM,GCSAM,ANKRD33B,UFSP1,SEMA4A,TBC1D10C,AKNA,EMG1,FAM83E,DLG4,FES,SLC2A4"
"DEG_MD_SW480","248","0.83499999999999996","TBP","TBP","42","1453","1.00000000000000000","1","0.5361000000000000","ReMap--ChIP-seq","HES7,DDIT3,DDIT4,HEXIM2,BTBD19,EMP3,NAB2,FSCN1,CNTNAP1,PBXIP1,IFI35,LGALS1,MIA,TMEM151A,HYAL1,ANO8,SYP,HSF4,BAHCC1,FGF21,MVP,PRDX5,S100A14,RPL3L,ADM,ANXA9,AHNAK,CLCF1,NOTUM,BEST1,UFSP1,CEBPB,TBC1D10C,IZUMO1,GDF15,EMG1,FAM83E,PDZD7,DLG4,FES,SLC2A4,MUC1"
"DEG_MD_SW480","249","0.83840000000000003","DUX4","DUX4","41","1441","1.00000000000000000","1","0.5275000000000000","ReMap--ChIP-seq","OSGEPL1,BTBD19,EMP3,LRRC70,RORA,DST,BEND6,CCNJ,PPP1R1C,CDC16,MR1,CAV1,BMP4,CPS1,GRM8,CYTIP,LAMB2,VIM,GLDN,CEP97,HOXB2,ELL2,BACE2,GRB10,RAB30,SRGAP3,DIS3,ARGLU1,GDF7,STRADB,TGFB2,PTCH2,RFXAP,PDE3B,SLC2A2,HKDC1,LTF,LRIG1,NCAM1,PMP22,SSBP2"
"DEG_MD_SW480","250","0.84179999999999999","ZNF207","ZNF207","41","1445","1.00000000000000000","1","0.5260000000000000","ReMap--ChIP-seq","HES7,DDIT4,BTBD19,EMP3,ODC1,SLC9A5,TRABD2A,SPN,ACP5,FURIN,PBXIP1,DBNDD2,PPAN,HYAL1,RAC2,LAT2,HSF4,CD74,CCND2,TMEM268,IRF8,MVP,CYTH4,RPL3L,TNFSF9,SERPINB1,AHNAK,EEF1AKMT3,ADAM8,GCSAM,GM2A,TRMT61A,TBC1D10C,IFI6,SUSD3,AKNA,EMG1,FAM83E,DLG4,FES,MUC1"
"DEG_MD_SW480","251","0.84509999999999996","TP53","TP53","41","1448","1.00000000000000000","1","0.5249000000000000","ReMap--ChIP-seq","HSPG2,DDIT4,ATF3,HEXIM2,BTBD19,COL1A1,NEURL1B,NAB2,SESN2,FSCN1,FOXL1,PBXIP1,HYAL1,GNAI1,KITLG,PRDM1,VGF,GNG4,VIM,CEL,PRDX5,RPL3L,ADM,AHNAK,NOTUM,MAFK,ANKRD33B,UFSP1,CEBPB,SEMA4A,CBLC,TNS4,TRANK1,ANKRD2,AKAP6,GDF15,LBX1,ALDH3A1,EMG1,RASA3,HES2"
"DEG_MD_SW480","252","0.84850000000000003","ZHX1","ZHX1","41","1452","1.00000000000000000","1","0.5234000000000000","ReMap--ChIP-seq","HES7,DDIT4,HEXIM2,HOXC11,MDK,PBXIP1,PPAN,TM4SF1,TMEM151A,C8G,HYAL1,ANO8,SYP,HSF4,BAHCC1,MVP,STMN3,HOXA9,HOXA3,HOXA5,PRDX5,HOXC8,RPL3L,ADM,AHNAK,CLCF1,ATP8B3,MAFK,ANKRD33B,CEBPB,ASS1,TBC1D10C,CHAC1,GDF15,HOXA11,FAM83E,PDZD7,DLG4,SLC2A4,MUC1,WNT11"
"DEG_MD_SW480","253","0.85189999999999999","NRF1","NRF1","41","1453","1.00000000000000000","1","0.5230000000000000","ReMap--ChIP-seq","HES7,DDIT3,SHMT2,HEXIM2,RNF223,RNF227,EMP3,SLC9A5,CNTNAP1,PBXIP1,BAIAP3,TMEM151A,MOGAT3,HYAL1,ANO8,SYP,HSF4,BAHCC1,ZMYND15,VGF,MVP,STMN3,PRDX5,GJC2,HOXC8,RPL3L,TMEM198,AHNAK,EEF1AKMT3,DUSP15,UFSP1,POLR2A,CORO6,IZUMO1,EMG1,FAM83E,PDZD7,DLG4,SLC2A4,TSFM,MUC1"
"DEG_MD_SW480","254","0.85519999999999996","SREBF1","SREBF1","40","1450","1.00000000000000000","1","0.5110000000000000","ReMap--ChIP-seq","HES7,DDIT4,SHMT2,HEXIM2,BTBD19,RNF223,EMP3,FSCN1,MLXIPL,PBXIP1,BAIAP3,IFI35,MIA,TMEM151A,HYAL1,GNAZ,PLD6,FGF21,INHBE,GNB2,RND2,MVP,STMN3,PRDX5,GJC2,PRR22,TMEM198,AHNAK,NOTUM,MAFK,POLR2A,TBC1D10C,IZUMO1,UCHL3,LY6G6F,GDF15,FAM83E,DLG4,MUC1,NOS3"
"DEG_MD_SW480","255","0.85860000000000003","ELF1","ELF1","40","1451","1.00000000000000000","1","0.5106000000000001","ReMap--ChIP-seq","HES7,DDIT4,SHMT2,HEXIM2,BTBD19,NAB2,FSCN1,MDK,PBXIP1,BAIAP3,PPAN,LGALS1,TMEM151A,HYAL1,ANO8,HSF4,BAHCC1,GNB2,VGF,MVP,STMN3,PRDX5,RPL3L,TMEM198,AHNAK,CLCF1,NOTUM,EEF1AKMT3,MAFK,UFSP1,SEMA4A,TBC1D10C,IZUMO1,GDF15,EMG1,FAM83E,PDZD7,DLG4,SLC2A4,MUC1"
"DEG_MD_SW480","256","0.86199999999999999","FOXK2","FOXK2","40","1451","1.00000000000000000","1","0.5106000000000001","ReMap--ChIP-seq","HES7,HSPG2,DDIT3,DDIT4,HEXIM2,BTBD19,NAB2,SESN2,GMPR,ZKSCAN3,ZNF425,SLC38A5,ST6GALNAC2,ACP5,PPP1R15A,PBXIP1,ANO8,GPC2,RERE,BCKDHA,ETV1,MVP,CLN8,GALNT5,S100P,TNFSF9,ANXA9,AHNAK,INHA,RAB3D,MAFK,TPP1,STAG3,IZUMO1,BTN3A2,LY6G6F,GDF15,LMO2,FAM83E,SLC2A4"
"DEG_MD_SW480","257","0.86529999999999996","E2F4","E2F4","40","1452","1.00000000000000000","1","0.5102000000000000","ReMap--ChIP-seq","HES7,DDIT4,SHMT2,HEXIM2,EMP3,FLNC,NAB2,SLC9A5,FSCN1,MDK,PBXIP1,TMEM151A,HYAL1,ANO8,HSF4,BAHCC1,NXPH4,GNB2,VGF,MVP,STMN3,PRDX5,RPL3L,AHNAK,CLCF1,NOTUM,EEF1AKMT3,ATP8B3,SPIRE2,MAFK,UFSP1,TBC1D10C,IZUMO1,EMG1,FAM83E,PDZD7,DLG4,SLC2A4,MUC1,NOS3"
"DEG_MD_SW480","258","0.86870000000000003","SP4","SP4","40","1452","1.00000000000000000","1","0.5102000000000000","ReMap--ChIP-seq","HES7,DDIT4,SHMT2,C2,HEXIM2,EMP3,NAB2,PPP1R15A,PBXIP1,BAIAP3,PPAN,GCAT,BST2,CD24,TMEM151A,HYAL1,ANO8,CRYBA2,HSF4,NXPH4,FGF21,INHBE,VGF,ZIC5,PRDX5,FZD7,RPL3L,TMEM198,ADM,TPM1,LEMD1,TLE6,IRX2,IZUMO1,FAM83E,PDZD7,LIN28A,DLG4,SLC2A4,MUC1"
"DEG_MD_SW480","259","0.87209999999999999","ZBTB33","ZBTB33","39","1448","1.00000000000000000","1","0.4985000000000000","ReMap--ChIP-seq","HES7,DDIT4,HEXIM2,BTBD19,EMP3,TRABD2A,CNTNAP1,PPP1R15A,PBXIP1,PPAN,GCAT,TM4SF1,PCK2,SYP,CD74,BAHCC1,PCID2,MVP,CYP24A1,VIM,UPF3A,RPL3L,AHNAK,CLCF1,EEF1AKMT3,MAFK,DUSP15,UFSP1,CUL4A,TNS4,LY6G6F,GDF15,PSPH,EMG1,FAM83E,PDZD7,DLG4,CAMK2D,MUC1"
"DEG_MD_SW480","260","0.87539999999999996","GTF2B","GTF2B","39","1451","1.00000000000000000","1","0.4975000000000000","ReMap--ChIP-seq","HES7,DDIT3,DDIT4,HEXIM2,BTBD19,NAB2,FSCN1,TRABD2A,ACP5,PBXIP1,PPAN,IFI35,LGALS1,PCK2,RGL1,SLC7A11,HYAL1,SYP,HSF4,MVP,DCDC2B,VIM,PRDX5,RPL3L,TNFSF9,AHNAK,CLCF1,MAFK,UFSP1,TBC1D10C,IL23A,CD109,ZNF821,ALDOC,GDF15,EMG1,PDZD7,DLG4,SLC2A4"
"DEG_MD_SW480","261","0.87880000000000003","E2F1","E2F1","39","1453","1.00000000000000000","1","0.4968000000000000","ReMap--ChIP-seq","HES7,DDIT4,HOXC11,NAB2,TRABD2A,DLX2,CNTNAP1,PBXIP1,LGALS1,HYAL1,ANO8,SYP,HSF4,BAHCC1,GNB2,VGF,MVP,HOXA9,HOXA3,HOXA5,PRDX5,HOXC8,RPL3L,ADM,CLCF1,EEF1AKMT3,TPM1,SPIRE2,MAFK,TBC1D10C,CAMK1,HOXA11,EMG1,FAM83E,DLG4,SLC2A4,TSFM,THBS1,MUC1"
"DEG_MD_SW480","262","0.88219999999999998","YY1","YY1","39","1454","1.00000000000000000","1","0.4964000000000000","ReMap--ChIP-seq","HES7,DDIT4,HEXIM2,BTBD19,CDC42EP1,NAB2,FSCN1,CNTNAP1,MDK,PPP1R15A,PBXIP1,PPAN,GCAT,TMEM151A,HYAL1,ANO8,HSF4,BAHCC1,GNB2,MVP,HOXA3,HOXA5,PRDX5,HOXC8,RPL3L,ADM,AHNAK,CLCF1,EEF1AKMT3,UFSP1,CEBPB,POLR2A,TBC1D10C,EMG1,FAM83E,PDZD7,DLG4,SLC2A4,MUC1"
"DEG_MD_SW480","263","0.88549999999999995","E2F5","E2F5","38","1440","1.00000000000000000","1","0.4882000000000000","ReMap--ChIP-seq","HSPG2,DDIT4,C2,RNF227,SIGLEC6,GMPR,ZKSCAN3,ST6GALNAC2,PPP1R15A,OTUD7A,HYAL1,CHAMP1,SYP,SLC43A3,TMEM268,PCID2,SLC30A2,FGF21,ETV1,VGF,S100P,STMN3,ACOT9,PRDX5,ATP8A2,RAB30,HMBOX1,SPIRE2,MACC1,P2RX7,IL23A,SERP2,IZUMO1,SGK1,GDF15,LIN28A,PDE3B,NOS3"
"DEG_MD_SW480","264","0.88890000000000002","PAX6","PAX6","38","1442","1.00000000000000000","1","0.4875000000000000","ReMap--ChIP-seq","LACTB,ISL2,DDIT4,BAZ2B,HEXIM2,BTBD19,FOXL2NB,TUBA1A,CDC42EP1,TRABD2A,DLX2,ITGB6,CCL2,PPAN,IFI35,TM4SF1,IFITM10,TMEM151A,KITLG,EOMES,OSR2,CNN3,ZIC5,VIM,PLCE1,RPL3L,POU4F1,TPM1,PHLDB2,SRGAP3,NKX6-1,UFSP1,SPARC,IFIT2,GDF15,FAM83E,DLG4,THBS1"
"DEG_MD_SW480","265","0.89229999999999998","FOXK1","FOXK1","38","1445","1.00000000000000000","1","0.4864000000000000","ReMap--ChIP-seq","GMFG,HES7,ATF3,HEXIM2,BTBD19,SMTNL2,NAB2,ST6GALNAC2,BCAS3,PPP1R15A,FCGR2A,MIA,IGF1R,BAHCC1,RERE,RPGR,BCKDHA,ETV1,HOXA9,HOXA3,HOXA2,HOXA5,FLRT3,HOXC8,PRR22,EEF1AKMT3,HMBOX1,SRGAP3,CEBPB,TRMT61A,IL23A,BEX4,HOXA11,FAM186A,CADPS2,EMG1,RFXAP,TSFM"
"DEG_MD_SW480","266","0.89559999999999995","ELK4","ELK4","38","1445","1.00000000000000000","1","0.4864000000000000","ReMap--ChIP-seq","HES7,DDIT3,HEXIM2,HOXC11,GPR35,CDC42EP5,NAB2,TRABD2A,ATXN1,PPP1R15A,PBXIP1,LGALS1,TM4SF1,DECR1,IL24,CHAMP1,ANO8,PCID2,STMN3,PRDX5,GJC2,HOXC8,UPF3A,RPL3L,TNFSF9,SERPINB1,CLCF1,RNF39,CUL4A,IL23A,RTL8B,AMIGO2,LY6G6F,GDF15,EMG1,DLG4,SLC2A4,MUC1"
"DEG_MD_SW480","267","0.89900000000000002","PBX3","PBX3","38","1449","1.00000000000000000","1","0.4851000000000000","ReMap--ChIP-seq","HES7,DDIT4,HEXIM2,BTBD19,COL1A1,EMP3,CDC42EP5,NAB2,FSCN1,TRABD2A,ATXN1,PPAN,LGALS1,TMEM151A,NRP1,HSF4,CD74,CAV1,GNB2,VGF,MVP,CYP24A1,VIM,STMN3,PRDX5,RPL3L,TNFSF9,AHNAK,CLCF1,TPM1,MAFK,ANKRD33B,TBC1D10C,TNS4,EMG1,FAM83E,DLG4,MUC1"
"DEG_MD_SW480","268","0.90239999999999998","RXRA","RXRA","38","1450","1.00000000000000000","1","0.4847000000000000","ReMap--ChIP-seq","HES7,DDIT3,DDIT4,HEXIM2,BTBD19,DUSP9,CDC42EP1,FOXP1,FSCN1,ATXN1,ITGB2,UPP1,PPAN,IFI35,LGALS1,GCAT,APOE,CD74,GNB2,MVP,PRDX5,RPL3L,ADM,AHNAK,CLCF1,NOTUM,ATP8B1,MAFK,SEMA4A,APOC1,CBLC,TBC1D10C,CORO6,TRAM2,GDF15,EMG1,FAM83E,DLG4"
"DEG_MD_SW480","269","0.90569999999999995","ARID3A","ARID3A","38","1451","1.00000000000000000","1","0.4844000000000000","ReMap--ChIP-seq","HES7,DDIT4,HEXIM2,BTBD19,EMP3,CDC42EP1,SESN2,ZKSCAN3,CNTNAP1,PBXIP1,PPAN,IFI35,GCAT,PCK2,TMEM151A,HYAL1,ANO8,INHBE,MVP,PRDX5,ELL2,RPL3L,TMEM198,ADM,SERPINB1,AHNAK,CLCF1,NOTUM,RAB3D,CEBPB,TRAM2,BTN3A2,LY6G6F,GDF15,ARHGAP18,EMG1,FAM83E,DLG4"
"DEG_MD_SW480","270","0.90910000000000002","ATF2","ATF2","38","1451","1.00000000000000000","1","0.4844000000000000","ReMap--ChIP-seq","HES7,DDIT4,HEXIM2,BTBD19,FSCN1,ATXN1,PBXIP1,PPAN,IFI35,IKZF2,LRRN1,AASS,CD74,CCND2,GNB2,RND2,ZIC5,FAM131B,RPL3L,TMEM198,AHNAK,EEF1AKMT3,INHA,BEST1,TPM1,SRGAP3,GCSAM,IRX2,MACC1,PSAT1,TRMT61A,EMG1,FAM83E,LIN28A,DLG4,SLC2A4,THBS1,MUC1"
"DEG_MD_SW480","271","0.91249999999999998","NR2C2","NR2C2","38","1451","1.00000000000000000","1","0.4844000000000000","ReMap--ChIP-seq","LACTB,DDIT3,DDIT4,ATP11A,PPP1R15A,PBXIP1,PTPN7,IFI35,APOE,PPP1R1B,KIAA0825,ANO8,PLGRKT,CCDC146,LAMB2,PNMT,STMN3,PRDX5,PRR22,TLE6,HMBOX1,TPP1,APOC1,ANTXR1,MAPK8IP2,IL23A,ZFPM2,KLHDC8B,CST6,GDF15,FAM186A,EMG1,FAM83E,CPSF4,DLG4,SLC2A4,HKDC1,MUC1"
"DEG_MD_SW480","272","0.91579999999999995","STAT5A","STAT5A","38","1452","1.00000000000000000","1","0.4840000000000000","ReMap--ChIP-seq","HES7,DDIT4,HEXIM2,TEX19,RNASEL,UCP2,SIGLEC6,TRABD2A,ITGB2,SPN,ACP5,PPP1R15A,FURIN,PPAN,IFITM10,SYK,LAT2,SELPLG,SLC43A3,CD74,CD70,ADAM19,ADGRG5,IRF8,VIM,CFP,RPL3L,TNFSF9,SERPINB1,BEST1,GCSAM,TFDP1,MACC1,LY6G6F,GDF15,LMO2,EMG1,FES"
"DEG_MD_SW480","273","0.91920000000000002","MBD4","MBD4","37","1443","1.00000000000000000","1","0.4740000000000000","ReMap--ChIP-seq","CLDN1,DDIT4,BAZ2B,CASP10,KRTAP2-3,PIWIL2,ST6GALNAC2,ATP9A,CPNE8,TM4SF1,TSPAN8,ACER2,TH,NEDD9,AKR1C1,FOXA2,ENPP1,MAP7D2,VGF,ACOT9,ELL2,RPL3L,GAS1,MBNL3,BEST1,TLE1,IGFBP3,SRGAP3,GPX2,UGT1A1,MGAT4A,DCUN1D2,KRT39,GDF15,ARHGAP40,KRT40,SLC2A2"
"DEG_MD_SW480","274","0.92259999999999998","POU2F2","POU2F2","37","1450","1.00000000000000000","1","0.4716000000000000","ReMap--ChIP-seq","HES7,DDIT4,HEXIM2,BTBD19,NAB2,FSCN1,TRABD2A,SPN,PPP1R15A,PBXIP1,PPAN,IFI35,LGALS1,BST2,TMEM151A,RAC2,LAT2,SELPLG,CD74,CD70,CCND2,IRF8,MVP,PRDX5,RPL3L,TNFSF9,PRSS33,GCSAM,ANKRD33B,SEMA4A,IFITM1,IFITM2,TBC1D10C,GDF15,EMG1,FAM83E,DLG4"
"DEG_MD_SW480","275","0.92589999999999995","DEAF1","DEAF1","36","1445","1.00000000000000000","1","0.4602000000000000","ReMap--ChIP-seq","HES7,C2,HEXIM2,BTBD19,MED12,SHF,ZNF239,WNT7A,VPS37D,PPP1R15A,PBXIP1,FCGR2A,MIA,PCK2,ANO8,PLEKHA8,CCDC146,FGF21,INHBE,MVP,NAXD,FRMPD1,PRR22,TMEM198,SERPINB1,RAB3D,UFSP1,POLR2A,MAPK8IP2,ZNF821,ARGLU1,IZUMO1,FAM83E,CPSF4,DLG4,NOS3"
"DEG_MD_SW480","276","0.92930000000000001","MXI1","MXI1","36","1453","1.00000000000000000","1","0.4576000000000000","ReMap--ChIP-seq","HES7,DDIT3,HEXIM2,BTBD19,NAB2,FSCN1,CNTNAP1,MDK,PBXIP1,IFI35,LGALS1,GCAT,PCK2,TMEM151A,HYAL1,ANO8,HSF4,GNB2,RND2,VGF,MVP,STMN3,PRDX5,RPL3L,TMEM198,ADM,AHNAK,NOTUM,MAFK,UFSP1,TRMT61A,STC2,PDZD7,DLG4,SLC2A4,MUC1"
"DEG_MD_SW480","277","0.93269999999999997","CEBPD","CEBPD","36","1454","1.00000000000000000","1","0.4573000000000000","ReMap--ChIP-seq","DDIT3,DDIT4,C2,HEXIM2,BTBD19,DUSP9,CDC42EP1,NAB2,SESN2,FSCN1,PBXIP1,BAIAP3,PPAN,IFI35,SCN1B,APOE,HSF4,BAHCC1,RND2,MVP,S100P,STMN3,PRDX5,RPL3L,TMEM198,NOTUM,EEF1AKMT3,INHA,BEST1,MAFK,CEBPB,APOC1,LY6G6F,GDF15,FAM83E,DLG4"
"DEG_MD_SW480","278","0.93600000000000005","ZFX","ZFX","35","1448","1.00000000000000000","1","0.4461000000000000","ReMap--ChIP-seq","HEXIM2,BTBD19,EMP3,FLNC,NAB2,FSCN1,SPN,FURIN,PBXIP1,PTPN7,PPAN,HYAL1,ANO8,BAHCC1,PCID2,GNB2,MVP,DCDC2B,S100P,VIM,STMN3,HOXB2,PRDX5,HOXC8,RPL3L,UFSP1,POLR2A,CUL4A,P2RX1,TBC1D10C,EMG1,DLG4,FES,MUC1,NOS3"
"DEG_MD_SW480","279","0.93940000000000001","FOXM1","FOXM1","35","1452","1.00000000000000000","1","0.4449000000000000","ReMap--ChIP-seq","DDIT4,HEXIM2,BTBD19,COL1A1,JPH2,NEURL1B,ATXN1,ITGB6,UPP1,PBXIP1,PPAN,LGALS1,TM4SF1,BTD,NEDD9,CD74,BAHCC1,BORA,PLGRKT,MVP,VIM,AHNAK,CLCF1,RAB3D,TNC,ATP8B1,GCSAM,MAFK,CST6,NT5E,GDF15,EMG1,FAM83E,DLG4,MLPH"
"DEG_MD_SW480","280","0.94279999999999997","POU2F1","POU2F1","34","1450","1.00000000000000000","1","0.4325000000000000","ReMap--ChIP-seq","HPCAL4,DDIT4,KCNMB4,ABCA3,GPR52,BAIAP3,TNFSF10,IL15,SH3BGRL,PLEKHA8,BAHCC1,SPOCD1,TMEM221,DNAH5,NAXD,SPANXB1,PRDX5,TNFSF9,GAS1,LPCAT2,CCL28,MAP2K6,DAB2,EVL,SMPDL3B,POLR2A,PSAT1,IFIT3,IFIT2,IL23A,SH2D2A,ANKRD2,ARHGAP40,EMG1"
"DEG_MD_SW480","281","0.94610000000000005","SP2","SP2","31","1451","1.00000000000000000","1","0.3932000000000000","ReMap--ChIP-seq","GMFG,HEXIM2,NAB2,SESN2,ZKSCAN3,BCAS3,PBXIP1,LGALS1,MIA,PPP1R3F,TMEM151A,MOGAT3,HYAL1,ANO8,SYP,PLEKHA8,BAHCC1,INHBE,TMEM221,HS3ST3B1,VGF,MVP,PRDX5,EEF1AKMT3,RAB3D,ZNF556,IL23A,EMG1,FAM83E,PDZD7,TSFM"
"DEG_MD_SW480","282","0.94950000000000001","SIX5","SIX5","31","1449","1.00000000000000000","1","0.3938000000000000","ReMap--ChIP-seq","DDIT4,SHMT2,RDH12,HEXIM2,EMP3,PPP1R15A,PBXIP1,IFI35,KCNK15,TMEM151A,HYAL1,ANO8,SYP,CD74,BAHCC1,FGF21,INHBE,MVP,CYP24A1,STMN3,RPL3L,CLCF1,MAFK,TNS4,IZUMO1,AMIGO2,EMG1,FAM83E,CPSF4,DLG4,MUC1"
"DEG_MD_SW480","283","0.95289999999999997","ZBED1","ZBED1","30","1445","1.00000000000000000","1","0.3819000000000000","ReMap--ChIP-seq","DDIT3,DDIT4,HEXIM2,BTBD19,ODC1,NAB2,FSCN1,TRABD2A,SPN,PPP1R15A,PPAN,CD74,IRF8,VIM,HOXB2,GJC2,RPL3L,TNFSF9,AHNAK,CLCF1,GCSAM,IFITM1,IFITM2,TBC1D10C,LY6G6F,GDF15,EMG1,DLG4,FES,NOS3"
"DEG_MD_SW480","284","0.95620000000000005","ELK1","ELK1","25","1453","1.00000000000000000","1","0.3153000000000000","ReMap--ChIP-seq","HEXIM2,PBXIP1,BAIAP3,PPAN,IFI35,EGR4,CHAMP1,ANO8,SLC43A1,STMN3,PRDX5,GJC2,RPL3L,CLCF1,NOTUM,SRGAP3,TPP1,UFSP1,TBC1D10C,CST6,GDF15,EMG1,FAM83E,DLG4,SLC2A4"
"DEG_MD_SW480","285","0.95960000000000001","IRF3","IRF3","30","1442","1.00000000000000000","1","0.3827000000000000","ReMap--ChIP-seq","GMFG,HEXIM2,GSTO2,SESN2,BCAS3,PBXIP1,BAIAP3,LGALS1,MIA,PPP1R3F,APOE,PCK2,TMEM151A,ECM1,ANO8,SYP,RAP2A,HSF4,CD74,PLEKHA8,NR3C2,GPR137C,RAB3D,BIVM,TLE6,ZNF556,ZNF774,APOC1,IL23A,PDZD7"
"DEG_MD_SW480","286","0.96299999999999997","SRF","SRF","24","1450","1.00000000000000000","1","0.3031000000000000","ReMap--ChIP-seq","HES7,HEXIM2,BTBD19,ATXN1,PBXIP1,PPAN,TMEM151A,HYAL1,VGF,MVP,STMN3,RPL3L,ADM,EEF1AKMT3,TPM1,MAFK,LY6G6F,EMG1,FAM83E,DLG4,SLC2A4,TSFM,MUC1,NOS3"
"DEG_MD_SW480","287","0.96630000000000005","NFATC1","NFATC1","22","1452","1.00000000000000000","1","0.2771000000000000","ReMap--ChIP-seq","HEXIM2,BTBD19,CASP10,NAB2,TRABD2A,PBXIP1,PPAN,IFI35,MIA,CHAMP1,CCND2,IRF8,LAMB2,NAXD,UPF3A,ANKRD37,RAB30,GCSAM,TFDP1,EMG1,CPSF4,DLG4"
"DEG_MD_SW480","288","0.96970000000000001","SMAD5","SMAD5","27","1444","1.00000000000000000","1","0.3432000000000000","ReMap--ChIP-seq","DDIT3,BTBD19,CDC42EP5,NAB2,FSCN1,FURIN,PTPN7,PPAN,IFI35,EREG,APOE,SLC43A3,CCND2,GNB2,MVP,DCDC2B,RPL3L,PRSS33,CLCF1,UFSP1,P2RX1,TBC1D10C,LY6G6F,EMG1,CPSF4,DLG4,FES"
"DEG_MD_SW480","289","0.97309999999999997","TFDP1","TFDP1","26","1445","1.00000000000000000","1","0.3300000000000000","ReMap--ChIP-seq","HES7,DDIT4,SHF,UCP2,SLC9A5,PPP1R15A,PBXIP1,PTPN7,GNAZ,GNB2,VGF,MVP,DCDC2B,PNMT,GJC2,RPL3L,AHNAK,CLCF1,NOTUM,TLE2,UFSP1,LY6G6F,GDF15,FES,MUC1,NOS3"
"DEG_MD_SW480","290","0.97640000000000005","KMT2B","KMT2B","28","1441","1.00000000000000000","1","0.3569000000000000","ReMap--ChIP-seq","BHLHA15,DDIT4,HEXIM2,ITGB2,KCTD21,PPAN,HYAL1,FGF21,GNB2,BCKDHA,IRF8,MVP,DCDC2B,CEP97,MEFV,RPL3L,EEF1AKMT3,GCSAM,ITGA10,GM2A,PPIL6,IL23A,IZUMO1,CAMK1,EMG1,DLG4,SLC2A4,TSFM"
"DEG_MD_SW480","291","0.97980000000000000","ZBTB11","ZBTB11","25","1444","1.00000000000000000","1","0.3173000000000000","ReMap--ChIP-seq","ZKSCAN3,SPN,PPP1R15A,LGALS1,ECM1,DIRAS1,HYAL1,ANO8,FGF21,GNB2,ZMYND15,VIM,PNMT,STMN3,TMEM198,INHA,HMBOX1,MACC1,IL23A,IZUMO1,GDF15,EMG1,CPSF4,DLG4,NOS3"
"DEG_MD_SW480","292","0.98319999999999996","ZBTB16","ZBTB16","24","1440","1.00000000000000000","1","0.3053000000000000","ReMap--ChIP-seq","ISL2,BCAS3,DHFR2,CCNJ,GCAT,EGR4,ECM1,SYP,MDH1B,CLEC11A,DKK4,UPF3A,RPL3L,HMBOX1,DUSP15,UFSP1,DIS3,PSAT1,IL23A,PLPP3,CST6,PDZD7,SENP7,CAMK2D"
"DEG_MD_SW480","293","0.98650000000000004","CEBPZ","CEBPZ","21","1443","1.00000000000000000","1","0.2660000000000000","ReMap--ChIP-seq","GMFG,HEXIM2,NAB2,BCAS3,PBXIP1,BAIAP3,MIA,PPP1R3F,BTD,APOE,TMEM151A,MOGAT3,ANO8,SYP,CD74,RPL3L,RAB3D,TLE6,ZNF556,POLR2A,CPSF4"
"DEG_MD_SW480","294","0.98990000000000000","GLYR1","GLYR1","20","1442","1.00000000000000000","1","0.2533000000000000","ReMap--ChIP-seq","DDIT3,EFCAB8,CDC16,KIAA0825,SLC43A3,CD74,PCID2,PROZ,CCDC136,UPF3A,ANXA9,MOCOS,SRGAP3,SPIRE2,DIS3,CUL4A,PSAT1,CTH,TIAM2,TBKBP1"
"DEG_MD_SW480","295","0.99329999999999996","OVOL2","OVOL2","0","39","1.00000000000000000","1","0.0000000000000000","ReMap--ChIP-seq",""
"DEG_MD_SW480","296","0.99660000000000004","TET3","TET3","0","37","1.00000000000000000","1","0.0000000000000000","ReMap--ChIP-seq",""
"DEG_MD_SW480","297","1.00000000000000000","ZNF335","ZNF335","0","5","1.00000000000000000","1","0.0000000000000000","ReMap--ChIP-seq",""
