"Query Name","Rank","TF","Score","Library","Overlapping_Genes","Method","Method_Rank","Method_Score","Method_P_Value","Method_Adjusted_P_Value","Method_Direction","CheA3_Library_Count","CheA3_Libraries","CheA3_Integrated_TopRank","CheA3_Integrated_Score","CheA3_Integrated_Library"
"DEG_LD_SW480","1","ARNT2","0.000614300000000000","ARCHS4 Coexpression,6.143E-4","TMEM151A,NYAP1,RTN1,STXBP1,FAIM2,AK5,CPLX1,RIMS4,JPH3,CAMKV,KIF5C,SLC22A17,MCF2L,NCAM1,APBB1,BSN,SCN3B,PRKCG,UNC13A,KCNJ10,UNC5A,PDE2A,KIAA1549L,ADAM11,DCLK2,SYP,NMNAT2,MAPK8IP2,HPCAL4,DKK3,MAPK8IP1,OLFM1,DAAM2,FEZ1,KCNQ2,NPTXR,APBA2","chea3","1","0.000614300000000000",NA,NA,"","3","ARCHS4--Coexpression(rank=1); Enrichr--Queries(rank=5); GTEx--Coexpression(rank=186)","1","0.000614300000000000","ARCHS4 Coexpression,6.143E-4"
"DEG_LD_SW480","2","HOXC13","0.000622300000000000","GTEx Coexpression,6.223E-4","FLG,KRT81,DLX3,DLX4,NXPH4,FRMPD1,RORA,LYPD5,EFNA5,KRT86,CLDN1,NKPD1,KLK7,XKRX,GPNMB,SPTLC3,PERP,SPTSSB,KRTAP3-1,TNS4,LY6G6D,EXPH5,TFAP2A,GSDMA,KRT35,KRT32,KRT31,KRT75,SERPINB5,XG,FLG2,VANGL2,KRT39,KRT38,KRT37,KRT36,KRT14,S100A3,TMEM45A","chea3","2","0.000622300000000000",NA,NA,"","3","GTEx--Coexpression(rank=1); Enrichr--Queries(rank=84); ARCHS4--Coexpression(rank=514)","2","0.000622300000000000","GTEx Coexpression,6.223E-4"
"DEG_LD_SW480","3","ZNF540","0.000712300000000000","Enrichr Queries,7.123E-4","ZNF331,TENM1,ATP8A1,RORA,LDLRAD4,PCLO,KIF5C,SLC22A17,MCF2L,BSN,ZNF763,CHGB,CADPS2,HPCAL4,SERPINB8,PGF,SYTL2,TGFBR3,OLFM1,KCNMA1,SELENOP,ARHGEF3,ZNF117,STEAP2,RTN1,PARM1,EPAS1,TSHZ2,ITPR1,IFI6,AKAP6,AK5,ZMAT1,GPNMB,DMD,ZNF502,NLRP1,SCN3B,GPR155,ABCA1,SYT1,BCL11B,BCL11A,RAB27B,SLC16A14,NR4A3,NBEA,RCAN2,ZNF610","chea3","3","0.000712300000000000",NA,NA,"","3","Enrichr--Queries(rank=1); GTEx--Coexpression(rank=146); ARCHS4--Coexpression(rank=405)","3","0.000712300000000000","Enrichr Queries,7.123E-4"
"DEG_LD_SW480","4","DPF1","0.001229000000000000","ARCHS4 Coexpression,0.001229","CNTFR,NYAP1,RTN1,STXBP1,CRMP1,FAIM2,SOBP,ELAVL2,RIMS4,CACNG8,JPH3,CAMKV,KIF5C,SLC22A17,PHACTR3,GPC2,NCAM1,APBB1,BSN,SCN3B,KIRREL3,RPS6KL1,UNC13A,DCLK2,SYP,NMNAT2,MAPK8IP2,HPCAL4,AP3B2,MAPK8IP1,OLFM1,SLC4A8,FEZ1,KCNQ2,NPTXR,APBA2","chea3","4","0.001229000000000000",NA,NA,"","3","ARCHS4--Coexpression(rank=2); GTEx--Coexpression(rank=119); Enrichr--Queries(rank=304)","4","0.001229000000000000","ARCHS4 Coexpression,0.001229"
"DEG_LD_SW480","5","DLX4","0.001245000000000000","GTEx Coexpression,0.001245","FLG,KRT81,DLX3,NXPH4,RORA,LYPD5,EFNA5,KRT86,CLDN1,NKPD1,KLK7,XKRX,SPTLC3,PERP,SPTSSB,KRTAP3-1,TNS4,LY6G6D,EXPH5,TFAP2A,GSDMA,KRT35,KRT32,KRT31,KRT75,SERPINB8,SERPINB5,FLG2,VANGL2,KRT39,KRT36,KRT14,S100A3,TMEM45A","chea3","5","0.001245000000000000",NA,NA,"","4","GTEx--Coexpression(rank=2); Enrichr--Queries(rank=141); Literature--ChIP-seq(rank=164); ARCHS4--Coexpression(rank=1371)","5","0.001245000000000000","GTEx Coexpression,0.001245"
"DEG_LD_SW480","6","IRX6","0.001425000000000000","Enrichr Queries,0.001425","CNTFR,RYR2,RTN1,PARM1,TSHZ3,EPAS1,NTM,SHOX2,CRMP1,RORA,TMTC1,EFNA5,CACNA1E,FSTL4,LOXL2,SOX2,DACH1,EGFLAM,HEY1,GPNMB,SIX2,PDK4,CDH23,NCAM1,TFAP2A,NGFR,CADPS2,EGR3,PRRX1,BCL11B,IRX3,EBF3,NMNAT2,KLF15,SLC9A2,OLFM1,GAL,COL2A1,PDE10A,DAAM2,LHX2,KIF26B,KCNMA1,CDH11,CDH13,PPARG,ATF3","chea3","6","0.001425000000000000",NA,NA,"","3","Enrichr--Queries(rank=2); GTEx--Coexpression(rank=4); ARCHS4--Coexpression(rank=524)","6","0.001425000000000000","Enrichr Queries,0.001425"
"DEG_LD_SW480","7","NEUROG1","0.001843000000000000","ARCHS4 Coexpression,0.001843","CNTFR,SHOX2,CRMP1,DOC2B,ZDHHC22,ELAVL2,NKAIN1,RIMS4,DACH1,CAMKV,MDK,KIF5C,GPC2,CKB,RHBDL3,LZTS1,FEZF1,ADAMTS7,NGFR,COL26A1,CHRNB4,TLE1,CARMIL3,AUTS2,ADAM11,AFAP1,EBF3,SORCS2,LEMD1,MAPK8IP1,XKR7,LHX2,WNK2,KCNQ2,IGSF9B,APBA2","chea3","7","0.001843000000000000",NA,NA,"","3","ARCHS4--Coexpression(rank=3); Enrichr--Queries(rank=538); GTEx--Coexpression(rank=1051)","7","0.001843000000000000","ARCHS4 Coexpression,0.001843"
"DEG_LD_SW480","8","TWIST1","0.001867000000000000","GTEx Coexpression,0.001867","SRPX,CPM,HS3ST3A1,MAML2,SHOX2,PLOD3,XPC,HOXC11,LOXL2,NT5E,TMEM43,OLFML3,CTSK,DSE,MPP4,PRRX1,PRRX2,CLEC11A,PSG1,PCOLCE,DKK1,BICC1,DCBLD2,XG,RFX8,DAB2,COL5A2,MXRA8,COL6A3,TGFBI,STEAP1,CDK15,VGLL3","chea3","8","0.001867000000000000",NA,NA,"","4","GTEx--Coexpression(rank=3); ARCHS4--Coexpression(rank=12); ReMap--ChIP-seq(rank=15); Enrichr--Queries(rank=23)","8","0.001867000000000000","GTEx Coexpression,0.001867"
"DEG_LD_SW480","9","ZNF483","0.002137000000000000","Enrichr Queries,0.002137","RYR2,TENM1,NLGN1,RTN1,ATP8A1,EPAS1,PRUNE2,ITPR1,CRMP1,RORA,FMN1,TMTC1,SLC7A2,MED12L,SOX2,PCLO,PTPRZ1,CAMKV,KIF5C,GNG4,PDK4,CKB,SCN3B,VAT1L,ABCA1,CADPS2,ADGRV1,EGR3,AUTS2,SYT1,BCL11A,CADPS,TET1,NMNAT2,FBXO32,SERPINB8,SYTL2,TGFBR3,VGF,NBEA,WNK2,RCAN2,KCNMA1,CNTN1,FGF13,ATF3,MATN2","chea3","9","0.002137000000000000",NA,NA,"","3","Enrichr--Queries(rank=3); ARCHS4--Coexpression(rank=183); GTEx--Coexpression(rank=698)","9","0.002137000000000000","Enrichr Queries,0.002137"
"DEG_LD_SW480","10","ZIC4","0.002457000000000000","ARCHS4 Coexpression,0.002457","BEX4,CNTFR,NYAP1,RTN1,STXBP1,CRMP1,FAIM2,CPLX1,BEGAIN,PNMA1,KIF5C,SLC22A17,MCF2L,GPC2,APBB1,BSN,FEZF1,VAT1L,PRKCG,CADPS2,DAB2IP,ADAM11,KLHDC8B,SYP,NMNAT2,MAPK8IP2,HPCAL4,SORCS2,LEMD1,MAPK8IP1,TIAM1,LHX2,FEZ1,KCNQ2,FAT2,APBA2","chea3","10","0.002457000000000000",NA,NA,"","3","ARCHS4--Coexpression(rank=4); Enrichr--Queries(rank=385); GTEx--Coexpression(rank=487)","10","0.002457000000000000","ARCHS4 Coexpression,0.002457"
"DEG_LD_SW480","11","ZNF536","0.002849000000000000","Enrichr Queries,0.002849","OCA2,RYR2,TENM1,NLGN1,RTN1,TSHZ3,NTM,PRUNE2,TSHZ2,DYSF,RORA,AKAP6,LRP2,ELAVL2,ALCAM,DACH1,PTPRZ1,KIF5C,MCF2L,PDK4,CDH23,SPOCK1,NCAM1,LZTS1,VAT1L,CADPS2,ADGRV1,EGR3,AUTS2,SYT1,BCL11B,BCL11A,CADPS,EBF3,SORCS2,SERPINB8,OLFM1,PDE10A,SLCO3A1,DAAM2,KIF26B,KCNMA1,CDH11,CNTN1,CDH13,MATN2","chea3","11","0.002849000000000000",NA,NA,"","3","Enrichr--Queries(rank=4); ARCHS4--Coexpression(rank=39); GTEx--Coexpression(rank=243)","11","0.002849000000000000","Enrichr Queries,0.002849"
"DEG_LD_SW480","12","SNAI2","0.003071000000000000","ARCHS4 Coexpression,0.003071","SRPX,ECM1,CEMIP,BNC2,HTRA3,MRGPRF,PLOD3,TNFRSF11B,FBLN1,LTBP2,CYGB,LOXL2,NT5E,SH3PXD2A,CTSK,PERP,ZNF469,IGFBP7,TFAP2A,GALNT5,PRRX1,PRRX2,AFAP1,PCOLCE,MITF,SERPINB5,DKK3,DAB2,COL5A2,CDH11,MXRA8,CDH13,COL6A3,TGFBI,CHST3","chea3","12","0.003071000000000000",NA,NA,"","4","ARCHS4--Coexpression(rank=5); Enrichr--Queries(rank=26); ReMap--ChIP-seq(rank=42); GTEx--Coexpression(rank=47)","12","0.003071000000000000","ARCHS4 Coexpression,0.003071"
"DEG_LD_SW480","13","IRX2","0.003111000000000000","GTEx Coexpression,0.003111","FLG,ZNF273,DLX3,DLX4,NXPH4,CBLC,RORA,LYPD5,EFNA5,CLDN1,NKPD1,KLK7,XKRX,GPNMB,SPTLC3,PERP,SPTSSB,TNS4,EXPH5,TFAP2A,EDARADD,GSDMA,IRX3,RAB27B,NR1D1,SERPINB5,XG,GPRIN2,PPFIBP2,VANGL2,TRPV4,KRT14,TMEM45A","chea3","13","0.003111000000000000",NA,NA,"","3","GTEx--Coexpression(rank=5); ARCHS4--Coexpression(rank=443); Enrichr--Queries(rank=495)","13","0.003111000000000000","GTEx Coexpression,0.003111"
"DEG_LD_SW480","14","PCGF2","0.003367000000000000","ReMap ChIP-seq,0.003367","ERO1B,SPON1,EIF4E3,MOGAT3,ITGB2,PLEK,MLNR,LDLRAD4,STON2,SOBP,HOXC11,NAT16,CLGN,SLC6A4,HERC5,SOX2,SHE,DACH1,HEY1,SIX2,AP1S1,CA8,FEZF1,NKX3-2,CSGALNACT1,ADGRV1,TLE1,F2R,SOX14,EBF3,NPNT,HPCAL4,SPTB,SERPINB8,LEMD1,COL2A1,VGF,ATF3,NLGN1,DLX3,RTN1,DLX4,SHOX2,TSHZ2,GTPBP10,CRYBA2,ILDR2,HOXD13,LRP2,SLAIN1,HOXD11,EFNA5,HOXD10,SLC7A2,MED12L,PTPRZ1,GNG4,VPS50,ADAM23,KCNMB4,NAALAD2,TRDC,SPTSSB,NCAM1,SUSD5,RHBDL3,CRYM,NKX6-1,ACSS1,CACNG4,NGFR,BCL11B,BCL11A,GREB1,PDX1,NMNAT2,GDAP1,CDK6,PDE10A,TH,LHX2,TMCC3,ULBP2,BET1","chea3","14","0.003367000000000000",NA,NA,"","2","ReMap--ChIP-seq(rank=1); ARCHS4--Coexpression(rank=386)","14","0.003367000000000000","ReMap ChIP-seq,0.003367"
"DEG_LD_SW480","15","SCRT1","0.003686000000000000","ARCHS4 Coexpression,0.003686","TMEM151A,CNTFR,NYAP1,STXBP1,FAIM2,CPLX1,BEGAIN,NKAIN1,RIMS4,JPH3,CAMKV,KIF5C,SLC22A17,MCF2L,GPC2,NCAM1,APBB1,BSN,PRKCG,UNC13A,CARMIL3,UNC5A,ADAM11,EBF3,SYP,NMNAT2,MAPK8IP2,HPCAL4,MAPK8IP1,OLFM1,LHX2,WNK2,KCNQ2,NPTXR,APBA2","chea3","15","0.003686000000000000",NA,NA,"","2","ARCHS4--Coexpression(rank=6); Enrichr--Queries(rank=183)","15","0.003686000000000000","ARCHS4 Coexpression,0.003686"
"DEG_LD_SW480","16","EGR3","0.003734000000000000","GTEx Coexpression,0.003734","FLG,ZNF273,DLX3,DLX4,RORA,LYPD5,EFNA5,CLDN1,NKPD1,KLK7,XKRX,GPNMB,SPTLC3,PERP,SPTSSB,TNS4,EXPH5,TFAP2A,EGLN3,GSDMA,BCL11B,BCL11A,IRX3,BTBD16,NR1D1,PTPN13,SERPINB8,SERPINB5,XG,FLG2,VANGL2,KRT14,TMEM45A","chea3","16","0.003734000000000000",NA,NA,"","3","GTEx--Coexpression(rank=6); ARCHS4--Coexpression(rank=211); Enrichr--Queries(rank=515)","16","0.003734000000000000","GTEx Coexpression,0.003734"
"DEG_LD_SW480","17","MYT1","0.004274000000000000","Enrichr Queries,0.004274","RTN1,ATP8A1,CRMP1,RORA,CACNA1E,ELAVL2,SOX2,JPH3,PCLO,DACH1,PTPRZ1,KIF5C,GNG4,MCF2L,SLIT3,NCAM1,RHBDL3,BSN,SCN3B,CACNG4,CHGB,CADPS2,ADGRV1,UNC13A,UNC5A,SYT1,BCL11B,BCL11A,GREB1,PDE2A,CADPS,NAV1,EBF3,SYP,NMNAT2,MAPK8IP2,AP3B2,OLFM1,LHX2,KIF26B,KCNMA1,KCNQ2,EEF1A2,CNTN1,APBA2","chea3","17","0.004274000000000000",NA,NA,"","3","Enrichr--Queries(rank=6); ARCHS4--Coexpression(rank=8); GTEx--Coexpression(rank=210)","17","0.004274000000000000","Enrichr Queries,0.004274"
"DEG_LD_SW480","18","ZSCAN18","0.004300000000000000","ARCHS4 Coexpression,0.0043","TMEM151A,CNTFR,NYAP1,RTN1,STXBP1,CRMP1,FAIM2,CPLX1,SOX2,JPH3,CAMKV,KIF5C,SLC22A17,MCF2L,GPC2,NCAM1,APBB1,BSN,SCN3B,PRKCG,UNC13A,UNC5A,DCLK2,SYP,NMNAT2,MAPK8IP2,HPCAL4,BAIAP3,MAPK8IP1,OLFM1,LHX2,FEZ1,KCNQ2,NPTXR,APBA2","chea3","18","0.004300000000000000",NA,NA,"","3","ARCHS4--Coexpression(rank=7); Enrichr--Queries(rank=182); GTEx--Coexpression(rank=422)","18","0.004300000000000000","ARCHS4 Coexpression,0.0043"
"DEG_LD_SW480","19","GLIS1","0.004356000000000000","GTEx Coexpression,0.004356","HS3ST3A1,NXPH4,HOXD13,KLK3,FBLN1,HOXC11,HOXD10,LOXL2,NT5E,OLFML3,SPOCK1,ZNF469,GABRE,COL27A1,MPP4,PRRX2,CLEC11A,ADAM11,PSG1,PCOLCE,DKK1,XG,AR,RFX8,COL5A2,FAT2,COL6A3,MKX,TGFBI,STEAP1,STEAP2,VGLL3","chea3","19","0.004356000000000000",NA,NA,"","3","GTEx--Coexpression(rank=7); Enrichr--Queries(rank=8); ARCHS4--Coexpression(rank=14)","19","0.004356000000000000","GTEx Coexpression,0.004356"
"DEG_LD_SW480","20","TWIST2","0.004978000000000000","GTEx Coexpression,0.004978","SRPX,CPM,CEMIP,HS3ST3A1,PLOD3,XYLT1,FBLN1,HOXC11,LOXL2,NT5E,OLFML3,CTSK,DSE,ZNF469,GALNT5,CLEC11A,PSG1,PCOLCE,DKK1,BICC1,DCBLD2,XG,RFX8,DAB2,COL5A2,CDH11,MXRA8,COL6A3,STEAP1,CDK15,VGLL3","chea3","20","0.004978000000000000",NA,NA,"","2","GTEx--Coexpression(rank=8); ARCHS4--Coexpression(rank=43)","20","0.004978000000000000","GTEx Coexpression,0.004978"
"DEG_LD_SW480","21","ZNF610","0.004986000000000000","Enrichr Queries,0.004986","BEX4,ATP8A1,SLC44A2,PRUNE2,IFI6,NEDD9,RORA,TMTC1,CLGN,ALCAM,DUSP10,ZMAT1,GPNMB,MDK,KIF5C,FLRT3,ZNF429,PDK4,SLC16A9,PAG1,ZNF486,ABCA1,ARRDC4,CADPS2,ZNF681,EDN1,AUTS2,BCL11A,ASNS,FBXO32,SERPINB8,SLC16A14,SYTL2,TGFBR3,ZNF93,NBEA,OAS1,ZNF737,SELENOP,YPEL1,ZNF711,ZNF117,ATF3,MATN2","chea3","21","0.004986000000000000",NA,NA,"","3","Enrichr--Queries(rank=7); ARCHS4--Coexpression(rank=913); GTEx--Coexpression(rank=1079)","21","0.004986000000000000","Enrichr Queries,0.004986"
"DEG_LD_SW480","22","RFX8","0.005528000000000000","ARCHS4 Coexpression,0.005528","CCDC71L,SRPX,PIWIL4,ECM1,SLC43A3,HTRA3,PLEK,MRGPRF,XYLT1,LTBP2,LOXL2,SPN,NT5E,CTSK,ZNF469,LGALS9,BAHCC1,PRRX1,OSBPL5,PRRX2,CLEC11A,UBE2E1,PCOLCE,SERPINB8,SPOCD1,CDK6,MYO15B,FES,IL1B,CAT,CDH11,MXRA8,COL6A3,TGFBI,ARL8B","chea3","22","0.005528000000000000",NA,NA,"","2","ARCHS4--Coexpression(rank=9); GTEx--Coexpression(rank=278)","22","0.005528000000000000","ARCHS4 Coexpression,0.005528"
"DEG_LD_SW480","23","EBF2","0.005600000000000000","GTEx Coexpression,0.0056","SHC4,SRPX,ECM2,SHOX2,NEDD9,NCMAP,CYGB,SHE,EGFLAM,ABLIM3,MPZ,DSE,TIMP4,GGT5,NGFR,AFAP1L1,PRRX1,VWF,TET1,EBF3,HSPG2,GNG11,FRMD3,SESTD1,COL5A3,MXRA8,PMP22,PPARG,KCTD12,KANK4,MATN2","chea3","23","0.005600000000000000",NA,NA,"","2","GTEx--Coexpression(rank=9); ARCHS4--Coexpression(rank=77)","23","0.005600000000000000","GTEx Coexpression,0.0056"
"DEG_LD_SW480","24","MTF2","0.006098000000000000","Literature ChIP-seq,0.006098","CPNE8,SPON1,OXTR,VIPR1,FRMPD1,FZD10,GLDN,ALCAM,BSN,TNS4,HES7,UNC5A,KCNK15,EBF3,EML1,DKK1,EREG,MAPK8IP1,TIAM2,AR,DAAM2,FEZ1,KCNQ2,COL8A2,ACOT1,PRR15,PRKCQ,KCTD12,BCORL1,ATF3,SLC22A3,HS3ST3A1,TSHZ3,EPAS1,SHOX2,TEX22,TSHZ2,TMTC1,ADAMTS17,KCNMB4,ST3GAL5,RHBDL3,SCN3B,TRPM6,PAG1,B3GALNT1,NGFR,EGR3,AFAP1L1,BCL11B,BCL11A,GREB1,XRCC3,RAB27B,GNG11,SLC16A14,EIF5,WNK2,CORO6,TMCC3,MKX,TMEM151A,ACHE,RYR2,KIF12,DOC2B,HOXC11,SLC6A4,LFNG,SHE,JPH3,MMP24,CRTAC1,SLC22A17,EDARADD,EDN3,KCND3,SORCS2,RIPPLY3,COL2A1,MRAS,KCNMA1,PPARG,GPRC5C,CHST2,CHST3,PTGER2,PELI2,SLC43A1,CRYBA2,HOXD13,KCNA6,ZDHHC22,HOXD11,HOXD10,FSTL4,SLC7A2,GNAI1,NT5E,SERTAD4,EGFLAM,PERP,SUSD5,ECEL1,MOCOS,SLCO3A1,KIF26A,KCNS3,NOTUM,APBA2,GDA,MSI1,RORA,GXYLT2,ATP12A,GALNT10,CLGN,RIMS4,DACH1,LEPR,GRB10,SLC16A9,SLC16A2,BAHCC1,KIRREL3,CSGALNACT1,CADPS2,TLE2,COL27A1,TLE1,SLC30A2,ANKRD44,UBE2E1,ADAM11,CYS1,NPNT,LEMD1,FRMD3,SLC9A2,OLFM1,ROR1,NPTXR,KANK4,SHC4,CHRNA1,DLX3,RTN1,DLX4,HTRA3,NXPH4,NTM,LTBP2,AK5,DTX4,EFNA5,CACNA1E,KCNV1,ATXN1,IGFBP7,NKX6-1,DRD4,MFAP3L,MARK1,VDR,FBXO32,PTPRB,DAB2,CDK6,NR4A3,NBEA,LHX2,UST,TGFBI,FGF13,SLC26A4,CPM,PIWIL4,EIF4E3,BNC2,PDE3B,DYSF,ARRB1,SOBP,DUSP15,RND3,UFSP1,AFF2,LYL1,SIX2,ADAMTS8,INSL3,NKX3-2,ADAMTS7,HS3ST3B1,ADGRV1,HUNK,NAV1,TGFBR3,ALDH1A3,VGF,CDH11,TRIM58,CDH13,RBM24,NLGN1,CEBPD,PON2,CRMP1,FURIN,LRP2,CYGB,LMF1,PTPRZ1,ABLIM3,GNG4,KLRG2,SPOCK1,SLIT3,NCAM1,ACSS1,CACNG4,COL26A1,PRRX1,IRX3,PRRX2,CADPS,PDX1,BICC1,APLN,PDE10A,PMP22,NECTIN1","chea3","24","0.006098000000000000",NA,NA,"","3","Literature--ChIP-seq(rank=1); ARCHS4--Coexpression(rank=1235); GTEx--Coexpression(rank=1384)","24","0.006098000000000000","Literature ChIP-seq,0.006098"
"DEG_LD_SW480","25","MYT1L","0.006143000000000000","ARCHS4 Coexpression,0.006143","NYAP1,RTN1,STXBP1,NTM,AKAP6,FAIM2,AK5,CACNA1E,CACNG8,JPH3,PCLO,CAMKV,KIF5C,PHACTR3,NCAM1,APBB1,BSN,SCN3B,UNC13A,UNC5A,SYT1,KIAA1549L,ACSL6,SYP,NMNAT2,MAPK8IP2,HPCAL4,MAPK8IP1,OLFM1,SLC4A8,NBEA,KCNMA1,KCNQ2,CNTN1,NPTXR","chea3","25","0.006143000000000000",NA,NA,"","3","ARCHS4--Coexpression(rank=10); Enrichr--Queries(rank=66); GTEx--Coexpression(rank=83)","25","0.006143000000000000","ARCHS4 Coexpression,0.006143"
"DEG_LD_SW480","26","TEF","0.006223000000000000","GTEx Coexpression,0.006223","IGSF8,NYAP1,RTN1,STXBP1,NTM,CRMP1,FAIM2,CPLX1,BEGAIN,RIMS4,PCLO,DBP,CKB,APBB1,BSN,BEND6,WDR17,UNC13A,UNC5A,KCND3,KIAA1549L,TTC7B,ACSL6,NMNAT2,MAPK8IP2,HPCAL4,AP3B2,GDAP1,NBEA,KCNQ2,APBA2","chea3","26","0.006223000000000000",NA,NA,"","3","GTEx--Coexpression(rank=10); ARCHS4--Coexpression(rank=56); Enrichr--Queries(rank=653)","26","0.006223000000000000","GTEx Coexpression,0.006223"
"DEG_LD_SW480","27","NR2F1","0.006410000000000000","Enrichr Queries,0.00641","CEBPD,TSHZ3,EPAS1,NEDD9,PLAT,EFNA5,RND3,LOXL2,SOX2,ALCAM,DACH1,HEY1,FLRT3,OLFML3,PDGFC,SPOCK1,IGFBP7,NCAM1,CKB,ABCA1,CADPS2,EDN1,ANXA1,PRRX1,BCL11A,IRX3,F2R,DKK1,SERPINB8,GNG11,PGF,ACTA2,TGFBR3,DAB2,LHX2,COL5A2,SELENOP,CDH11,CNTN1,COL6A3,TGFBI,ATF3,MATN2","chea3","27","0.006410000000000000",NA,NA,"","4","Enrichr--Queries(rank=9); ReMap--ChIP-seq(rank=26); ARCHS4--Coexpression(rank=60); GTEx--Coexpression(rank=585)","27","0.006410000000000000","Enrichr Queries,0.00641"
"DEG_LD_SW480","28","MBD3","0.006734000000000000","ReMap ChIP-seq,0.006734","ZNF512B,ACHE,POP7,MOGAT3,ITGB2,SECTM1,CBLC,ARRB1,UFSP1,NAT16,LFNG,DBP,MDK,SALL4,TBC1D10C,AP1S1,CLBA1,PTGDS,BAHCC1,EPHB4,SLC12A9,HES7,PRKCG,TMC8,ENTPD8,KCNK15,TMC6,MBLAC1,ARC,ZNF839,VGF,KCNMA1,KCNQ2,EEF1A2,ASPG,TEDC1,KRT81,CCDC187,DLX3,DLX4,NXPH4,STXBP1,ODC1,FURIN,KRT86,THSD4,BEGAIN,ATXN1,ZNF469,SPTSSB,CACNG4,TFAP2A,NGFR,EGR3,SIVA1,GREB1,KRT13,BAIAP3,SLC6A6,MC1R,MLPH,MYO15B,KIF26A,LHX2,FES,FASN,GNB2,CD7,TRIP6,PSMG3,NOTUM","chea3","28","0.006734000000000000",NA,NA,"","4","ReMap--ChIP-seq(rank=2); GTEx--Coexpression(rank=1061); Enrichr--Queries(rank=1325); ARCHS4--Coexpression(rank=1427)","28","0.006734000000000000","ReMap ChIP-seq,0.006734"
"DEG_LD_SW480","29","NKX61","0.006757000000000000","ARCHS4 Coexpression,0.006757","BEX4,ERO1B,SPON1,PARM1,TMEM63C,CRMP1,SLC7A2,ELAVL2,SOX2,DACH1,GNG4,NCAM1,CHGB,MARK1,EDARADD,UNC13A,AUTS2,EDN3,PSPN,WFS1,CADPS,PDX1,DCLK2,NMNAT2,BAIAP3,MYO1D,XKR7,IFT22,FAM167A,VANGL2,ARMC10,VGF,KCNMA1,CNTN1,BEX5","chea3","29","0.006757000000000000",NA,NA,"","2","ARCHS4--Coexpression(rank=11); GTEx--Coexpression(rank=971)","29","0.006757000000000000","ARCHS4 Coexpression,0.006757"
"DEG_LD_SW480","30","REST","0.006845000000000000","GTEx Coexpression,0.006845","BEX4,IGSF8,NYAP1,RTN1,STXBP1,CRMP1,FAIM2,ZDHHC22,CPLX1,BEGAIN,JPH3,KIF5C,SLC22A17,APBB1,BSN,BEND6,WDR17,RPS6KL1,UNC13A,UNC5A,CADPS,TTC7B,ACSL6,SYP,MAPK8IP2,HPCAL4,AP3B2,GDAP1,KCNQ2,APBA2,BEX5","chea3","30","0.006845000000000000",NA,NA,"","6","ENCODE--ChIP-seq(rank=1); Literature--ChIP-seq(rank=8); GTEx--Coexpression(rank=11); ReMap--ChIP-seq(rank=21); ARCHS4--Coexpression(rank=356); Enrichr--Queries(rank=1270)","30","0.006845000000000000","GTEx Coexpression,0.006845"
"DEG_LD_SW480","31","DLX1","0.007123000000000000","Enrichr Queries,0.007123","CEBPD,EPAS1,SHOX2,RND3,LOXL2,SOX2,SERTAD4,ALCAM,HEY1,GPNMB,GNG4,SPOCK1,CRYM,TFAP2A,CADPS2,EGLN3,EGR3,PRRX1,SYT1,BCL11B,BCL11A,IRX3,RAB27B,EBF3,FBXO32,NPNT,DKK1,SERPINB8,PGF,SYT17,SYTL2,OLFM1,TIAM1,ALDH1A3,COL2A1,VGF,LHX2,KIF26B,KCNMA1,CDH11,CNTN1,TGFBI,ATF3","chea3","31","0.007123000000000000",NA,NA,"","3","Enrichr--Queries(rank=10); GTEx--Coexpression(rank=268); ARCHS4--Coexpression(rank=475)","31","0.007123000000000000","Enrichr Queries,0.007123"
"DEG_LD_SW480","32","ASCL4","0.007467000000000000","GTEx Coexpression,0.007467","KRT81,DLX3,DLX4,NXPH4,FRMPD1,LYPD5,KRT86,CLDN1,NKPD1,KLK7,XKRX,PERP,SPTSSB,KRTAP3-1,LY6G6D,TFAP2A,GSDMA,KRT35,KRT32,KRT31,KRT75,SERPINB5,PPFIBP2,VANGL2,KRT39,KRT38,KRT37,KRT36,KRT14,S100A3,TMEM45A","chea3","32","0.007467000000000000",NA,NA,"","3","GTEx--Coexpression(rank=12); Enrichr--Queries(rank=826); ARCHS4--Coexpression(rank=1350)","32","0.007467000000000000","GTEx Coexpression,0.007467"
"DEG_LD_SW480","33","GLIS3","0.007835000000000000","Enrichr Queries,0.007835","DOCK4,MAML2,BNC2,EPAS1,NEDD9,RORA,PLAT,EFNA5,THSD4,LOXL2,NT5E,ATXN1,ALCAM,PDGFC,SPOCK1,IGFBP7,NCAM1,ABCA1,CADPS2,EDN1,ANXA1,PRRX1,AUTS2,NAV1,FBXO32,SORCS2,SERPINB8,BICC1,TM4SF1,TGFBR3,DAB2,CDK6,SLCO3A1,KIF26B,KCNMA1,COL5A2,CDH11,CNTN1,CDH13,COL6A3,PPARG,TGFBI,ATF3","chea3","33","0.007835000000000000",NA,NA,"","3","Enrichr--Queries(rank=11); GTEx--Coexpression(rank=142); ARCHS4--Coexpression(rank=146)","33","0.007835000000000000","Enrichr Queries,0.007835"
"DEG_LD_SW480","34","POU6F1","0.007985000000000001","ARCHS4 Coexpression,0.007985","TMEM151A,NYAP1,RTN1,STXBP1,FAIM2,DOC2B,AK5,CPLX1,RIMS4,JPH3,CAMKV,SLC22A17,MCF2L,NCAM1,APBB1,BSN,SCN3B,PRKCG,UNC13A,KCNJ10,UNC5A,PDE2A,ADAM11,ACSL6,SYP,NMNAT2,MAPK8IP2,HPCAL4,MAPK8IP1,OLFM1,FEZ1,KCNQ2,NPTXR,APBA2","chea3","34","0.007985000000000001",NA,NA,"","3","ARCHS4--Coexpression(rank=13); GTEx--Coexpression(rank=54); Enrichr--Queries(rank=421)","34","0.007985000000000001","ARCHS4 Coexpression,0.007985"
"DEG_LD_SW480","35","HOXC12","0.008090000000000000","GTEx Coexpression,0.00809","FLG,DLX3,DLX4,NXPH4,RORA,LYPD5,EFNA5,CLDN1,HOXC11,NKPD1,KLK7,XKRX,TMEM43,GPNMB,SPTLC3,PERP,SPTSSB,TNS4,EXPH5,TFAP2A,GSDMA,BTBD16,PRRX2,NR1D1,PTPN13,SERPINB8,SERPINB5,XG,FLG2,KRT14,TMEM45A","chea3","35","0.008090000000000000",NA,NA,"","3","GTEx--Coexpression(rank=13); Enrichr--Queries(rank=531); ARCHS4--Coexpression(rank=719)","35","0.008090000000000000","GTEx Coexpression,0.00809"
"DEG_LD_SW480","36","DMRTA1","0.008547000000000001","Enrichr Queries,0.008547","CPM,EPAS1,NTM,TSHZ2,EFNA5,CLDN1,RND3,ELAVL2,LOXL2,SOX2,NT5E,SERTAD4,DUSP10,HEY1,KIF5C,FLRT3,SALL4,PDK4,SPOCK1,ABCA1,CADPS2,EGLN3,EDN1,ADGRV1,ANXA1,TLE1,SYT1,BCL11A,IRX3,GREB1,NPNT,DKK1,SERPINB8,SYTL2,ALDH1A3,COL2A1,KCNMA1,COL5A2,SELENOP,CDH11,TGFBI,ATF3,CHST2","chea3","36","0.008547000000000001",NA,NA,"","3","Enrichr--Queries(rank=12); ARCHS4--Coexpression(rank=806); GTEx--Coexpression(rank=845)","36","0.008547000000000001","Enrichr Queries,0.008547"
"DEG_LD_SW480","37","PRRX2","0.008711999999999999","GTEx Coexpression,0.008712","ECM2,TNFRSF11B,LTBP2,HOXC11,LOXL2,NT5E,TMEM43,GPNMB,PDGFC,IGFBP7,SUSD5,PRRX1,CLEC11A,F2R,IL31RA,KCNK15,PCOLCE,NAV1,DKK1,SUGCT,XG,MYO1D,RFX8,COL5A2,TRIP6,MXRA8,COL8A2,CDH13,ROR1,STEAP1","chea3","37","0.008711999999999999",NA,NA,"","3","GTEx--Coexpression(rank=14); ARCHS4--Coexpression(rank=23); Enrichr--Queries(rank=208)","37","0.008711999999999999","GTEx Coexpression,0.008712"
"DEG_LD_SW480","38","TSHZ3","0.009214000000000000","ARCHS4 Coexpression,0.009214","ECM1,CEMIP,BNC2,NTM,DYSF,MRGPRF,TMTC1,LTBP2,LOXL2,SH3PXD2A,SPOCK1,ZNF469,SLIT3,IGFBP7,NCAM1,SCN3B,PRRX1,PRRX2,AFAP1,PCOLCE,TANC2,DKK3,DAB2,MRAS,TH,KCNMA1,COL5A2,CDH11,MXRA8,CDH13,COL6A3,KCTD12,TGFBI,TLR4","chea3","38","0.009214000000000000",NA,NA,"","3","ARCHS4--Coexpression(rank=15); Enrichr--Queries(rank=51); GTEx--Coexpression(rank=440)","38","0.009214000000000000","ARCHS4 Coexpression,0.009214"
"DEG_LD_SW480","39","FOXN4","0.009259000000000000","Enrichr Queries,0.009259","KCNG1,RTN1,EPAS1,NXPH4,RORA,LRP2,EFNA5,ELAVL2,LOXL2,LFNG,SOX2,NKAIN1,GNG4,SIX2,PDK4,CDH23,SLIT3,RHBDL3,NGFR,CADPS2,ADGRV1,EGR3,UNC5A,BCL11B,BCL11A,IRX3,GREB1,ECEL1,MOCOS,EBF3,DKK1,SERPINB8,KLF15,TGFBR3,ALDH1A3,FAM167A,COL2A1,KIF26A,LHX2,KIF26B,EEF1A2,PPARG,ATF3","chea3","39","0.009259000000000000",NA,NA,"","3","Enrichr--Queries(rank=13); ARCHS4--Coexpression(rank=515); GTEx--Coexpression(rank=1539)","39","0.009259000000000000","Enrichr Queries,0.009259"
"DEG_LD_SW480","40","INSM1","0.009334000000000000","GTEx Coexpression,0.009334","TMEM63C,STXBP1,CRYBA2,CRMP1,NAT16,AFF2,BEGAIN,TGFBR3L,PCLO,GNG4,SLC22A17,MCF2L,NAALAD2,CA8,NLRP1,CHGB,WDR17,CDRT4,RPS6KL1,UNC13A,CARMIL3,PCP4L1,AP3B2,BAIAP3,XKR7,SLC4A8,GAL,NBEA,ZP1,DZIP3","chea3","40","0.009334000000000000",NA,NA,"","3","GTEx--Coexpression(rank=15); ARCHS4--Coexpression(rank=97); Enrichr--Queries(rank=261)","40","0.009334000000000000","GTEx Coexpression,0.009334"
"DEG_LD_SW480","41","PHOX2B","0.009828000000000000","ARCHS4 Coexpression,0.009828","CNTFR,CRMP1,DOC2B,DBH,CYGB,ELAVL2,BEGAIN,NKAIN1,RIMS4,DACH1,KIF5C,GNG4,GPC2,SLIT3,NCAM1,NKX6-1,LZTS1,CACNG4,CHRNB4,CARMIL3,AUTS2,KCNK15,PCOLCE,EBF3,NMNAT2,XKR7,SLC4A8,FAM167A,GAL,KIF26A,KIF26B,KCNQ2,EEF1A2,ZNF853","chea3","41","0.009828000000000000",NA,NA,"","3","ARCHS4--Coexpression(rank=16); GTEx--Coexpression(rank=397); Enrichr--Queries(rank=603)","41","0.009828000000000000","ARCHS4 Coexpression,0.009828"
"DEG_LD_SW480","42","KLF4","0.009956000000000000","GTEx Coexpression,0.009956","FLG,ZNF273,DLX3,CBLC,RORA,LYPD5,CLDN1,NKPD1,KLK7,XKRX,GPNMB,SPTLC3,PERP,SPTSSB,TNS4,EXPH5,TFAP2A,EGR3,GSDMA,IRX3,NR1D1,PTPN13,SERPINB8,SERPINB5,XG,FLG2,GPRIN2,VANGL2,KRT14,TMEM45A","chea3","42","0.009956000000000000",NA,NA,"","5","GTEx--Coexpression(rank=16); Literature--ChIP-seq(rank=51); ARCHS4--Coexpression(rank=126); ReMap--ChIP-seq(rank=155); Enrichr--Queries(rank=414)","42","0.009956000000000000","GTEx Coexpression,0.009956"
"DEG_LD_SW480","43","ZNF334","0.009972000000000000","Enrichr Queries,0.009972","MAOB,PRUNE2,TSHZ2,RORA,TMTC1,AK5,CLDN1,GNAI1,CLGN,PTPRZ1,MDK,KIF5C,FLRT3,PDK4,DMD,SLC16A9,CKB,GABRE,CD74,CADPS2,EGR3,AUTS2,SYT1,BCL11A,MOCOS,CADPS,NMNAT2,SERPINB8,PGF,SYTL2,TGFBR3,ALDH1A3,NR4A3,NBEA,KIF26B,KCNMA1,COL5A2,SELENOP,CNTN1,PPARG,ZNF711,ATF3,MATN2","chea3","43","0.009972000000000000",NA,NA,"","3","Enrichr--Queries(rank=14); ARCHS4--Coexpression(rank=1051); GTEx--Coexpression(rank=1053)","43","0.009972000000000000","Enrichr Queries,0.009972"
"DEG_LD_SW480","44","CLOCK","0.010100000000000000","ReMap ChIP-seq,0.0101","ZNF331,CNTFR,ANKRD33B,CD82,FRMPD1,ITGB2,IL24,MRGPRF,LDLRAD4,UFSP1,LFNG,DBP,MCF2L,PHACTR3,AP1S1,UPP1,TNS4,BAHCC1,HES7,PRKCG,UNC5A,CCDC116,KCND3,TMC8,TMC6,ZDHHC11,HPCAL4,KLF15,SUMF1,VGF,PTGES3L,ALDOC,RAB7B,GPRC5C,PIGH,DLX3,DLX4,TMTC1,LTBP2,KCNA6,NOD2,KRT86,DEPP1,CST5,GNA13,CACNG8,SH3TC1,RHBDL3,SH2B2,CD74,AFAP1L1,GREB1,PDE2A,ASPSCR1,NR1D1,PRSS33,MEIS3,SBK3,MC1R,TG,CD7,TRIP6,PSMG3,YPEL1,SSPN,ALPI,ZNF853,SLC26A9,CAMK1,TMEM229B","chea3","44","0.010100000000000000",NA,NA,"","5","ReMap--ChIP-seq(rank=3); Literature--ChIP-seq(rank=63); GTEx--Coexpression(rank=1198); Enrichr--Queries(rank=1317); ARCHS4--Coexpression(rank=1498)","44","0.010100000000000000","ReMap ChIP-seq,0.0101"
"DEG_LD_SW480","45","NPAS4","0.010440000000000000","ARCHS4 Coexpression,0.01044","TMEM151A,ZNF331,BEX4,ERO1B,PARM1,TMEM63C,STXBP1,USH1C,CRYBA2,FAIM2,SLC7A2,PCLO,SLC22A17,PDK4,APBB1,BSN,SCN3B,CHGB,UNC13A,UNC5A,PDE2A,CADPS,KIAA1549L,SYP,NR1D1,NMNAT2,HPCAL4,BAIAP3,FAM167A,RCAN2,KCNMA1,KCNQ2,CNTN1,NPTXR","chea3","45","0.010440000000000000",NA,NA,"","3","ARCHS4--Coexpression(rank=17); GTEx--Coexpression(rank=348); Enrichr--Queries(rank=707)","45","0.010440000000000000","ARCHS4 Coexpression,0.01044"
"DEG_LD_SW480","46","POU2F3","0.010580000000000001","GTEx Coexpression,0.01058","FLG,ZNF273,DLX3,NXPH4,CBLC,RORA,LYPD5,CLDN1,NKPD1,KLK7,XKRX,SPTLC3,PERP,SPTSSB,TNS4,EXPH5,TFAP2A,GSDMA,BCL11B,IRX3,NR1D1,PTPN13,SERPINB8,SERPINB5,XG,FLG2,GPRIN2,VANGL2,KRT14,TMEM45A","chea3","46","0.010580000000000001",NA,NA,"","3","GTEx--Coexpression(rank=17); Enrichr--Queries(rank=361); ARCHS4--Coexpression(rank=681)","46","0.010580000000000001","GTEx Coexpression,0.01058"
"DEG_LD_SW480","47","ZNF208","0.010680000000000000","Enrichr Queries,0.01068","RYR1,RYR2,TENM1,FCGBP,SPON1,NLGN1,DOCK4,ZNF273,EPAS1,PRUNE2,TSHZ2,RORA,FMN1,AKAP6,LRP2,MED12L,HERC5,PCLO,PTPRZ1,KIF5C,ZNF429,ZNF107,DMD,ZNF486,CADPS2,ZNF681,ADGRV1,MUC16,GREB1,TET1,SERPINB8,SYTL2,TGFBR3,NR4A3,ZNF93,NBEA,ZNF737,COL5A2,CDH11,CNTN1,TRIM58,ZNF117,FGF13","chea3","47","0.010680000000000000",NA,NA,"","3","Enrichr--Queries(rank=15); GTEx--Coexpression(rank=730); ARCHS4--Coexpression(rank=830)","47","0.010680000000000000","Enrichr Queries,0.01068"
"DEG_LD_SW480","48","ZIC1","0.011060000000000000","ARCHS4 Coexpression,0.01106","CNTFR,NYAP1,STXBP1,CRMP1,FAIM2,CPLX1,KIF5C,SLC22A17,MCF2L,GPC2,NCAM1,APBB1,BSN,CADPS2,AUTS2,DAB2IP,ADAM11,DCLK2,EBF3,SYP,NMNAT2,MAPK8IP2,HPCAL4,SORCS2,QKI,MAPK8IP1,TIAM1,VANGL2,LHX2,FEZ1,KCNQ2,FAT2,APBA2","chea3","48","0.011060000000000000",NA,NA,"","3","ARCHS4--Coexpression(rank=18); Enrichr--Queries(rank=239); GTEx--Coexpression(rank=482)","48","0.011060000000000000","ARCHS4 Coexpression,0.01106"
"DEG_LD_SW480","49","CDX4","0.011200000000000000","GTEx Coexpression,0.0112","FLG,ZNF273,DLX3,CBLC,RORA,LYPD5,CLDN1,NKPD1,KLK7,XKRX,TP53AIP1,SPTLC3,PERP,SPTSSB,TNS4,EXPH5,TFAP2A,GSDMA,BCL11B,BCL11A,IRX3,NR1D1,PTPN13,SERPINB8,SERPINB5,XG,FLG2,VANGL2,KRT14,TMEM45A","chea3","49","0.011200000000000000",NA,NA,"","3","GTEx--Coexpression(rank=18); Enrichr--Queries(rank=502); ARCHS4--Coexpression(rank=1097)","49","0.011200000000000000","GTEx Coexpression,0.0112"
"DEG_LD_SW480","50","ZNF662","0.011400000000000000","Enrichr Queries,0.0114","VIPR1,TSHZ3,EPAS1,PELI2,PRUNE2,NEDD9,RORA,TMTC1,SLC7A2,LOXL2,CNN3,ZMAT1,SH3PXD2A,SPTLC3,NFKBIZ,CDH23,SPOCK1,DMD,PAG1,ABCA1,TFAP2A,CSGALNACT1,CADPS2,EDN1,EGR3,ANXA1,AUTS2,BCL11A,NMNAT2,SERPINB8,SYTL2,TGFBR3,ALDH1A3,VANGL2,RCAN2,KCNMA1,CNTN1,PPARG,KCTD12,TGFBI,FGF13,MATN2","chea3","50","0.011400000000000000",NA,NA,"","3","Enrichr--Queries(rank=16); ARCHS4--Coexpression(rank=463); GTEx--Coexpression(rank=957)","50","0.011400000000000000","Enrichr Queries,0.0114"
"DEG_LD_SW480","51","ZBTB18","0.011670000000000000","ARCHS4 Coexpression,0.01167","NYAP1,ATP8A1,STXBP1,FAIM2,AK5,CPLX1,RIMS4,JPH3,RASSF2,CAMKV,KIF5C,MCF2L,NCAM1,APBB1,BSN,CADPS2,UNC13A,UNC5A,DAB2IP,KIAA1549L,ADAM11,SYP,NMNAT2,MAPK8IP2,HPCAL4,QKI,MAPK8IP1,OLFM1,TIAM1,KCNQ2,CNTN1,FAT2,NPTXR","chea3","51","0.011670000000000000",NA,NA,"","2","ARCHS4--Coexpression(rank=19); GTEx--Coexpression(rank=359)","51","0.011670000000000000","ARCHS4 Coexpression,0.01167"
"DEG_LD_SW480","52","OTX1","0.011820000000000001","GTEx Coexpression,0.01182","FLG,ZNF273,DLX3,DLX4,RORA,NOD2,LYPD5,CLDN1,NKPD1,KLK7,XKRX,SPTLC3,PERP,SPTSSB,TNS4,EXPH5,TFAP2A,GSDMA,BCL11B,BCL11A,TNFRSF18,IRX3,SERPINB8,SERPINB5,FLG2,VANGL2,SLPI,TRPV4,KRT14,TMEM45A","chea3","52","0.011820000000000001",NA,NA,"","3","GTEx--Coexpression(rank=19); Enrichr--Queries(rank=386); ARCHS4--Coexpression(rank=453)","52","0.011820000000000001","GTEx Coexpression,0.01182"
"DEG_LD_SW480","53","ZFPM2","0.012109999999999999","Enrichr Queries,0.01211","RYR2,BNC2,TSHZ3,NTM,PRUNE2,RORA,FBLN1,EFNA5,RND3,LOXL2,OLFML3,PDGFC,GRB10,SPOCK1,DMD,IGFBP7,NCAM1,ABCA1,CADPS2,PRRX1,AUTS2,SYT1,MITF,IGF1,SORCS2,SERPINB8,BICC1,ACTA2,TGFBR3,PDE10A,NBEA,KIF26B,RCAN2,KCNMA1,COL5A2,CDH11,CNTN1,CDH13,COL6A3,KCTD12,TGFBI,MATN2","chea3","53","0.012109999999999999",NA,NA,"","3","Enrichr--Queries(rank=17); ARCHS4--Coexpression(rank=448); GTEx--Coexpression(rank=624)","53","0.012109999999999999","Enrichr Queries,0.01211"
"DEG_LD_SW480","54","SOX2","0.012200000000000001","Literature ChIP-seq,0.0122","ZNF331,CPNE8,ANKRD37,IFITM1,VIPR1,CD82,GDA,F13A1,CBLC,FZD10,CLDN1,GALNT10,LOXL2,SOX2,VSIG1,RASSF6,NAMPT,LEPR,PDK4,SLC16A9,TNS4,EPHB4,CA13,RNF43,TLE1,F2R,TTC7B,UBE2E2,ACSL5,WDR72,TRNT1,NPNT,TANC2,LEMD1,EREG,SYTL2,TPST1,TIAM1,RAB30,IFI27,ACOT2,ROR1,ZNF711,S100A3,KCTD12,STEAP1,STEAP2,ATF3,CEMIP,ZNF273,KCNE3,MAOB,EPAS1,ZC4H2,FBLN1,AK5,DTX4,CNN3,NKAIN1,FLRT3,PDGFC,ZBED2,KCNMB4,ST3GAL5,TSPAN1,SLC38A5,MAP2K6,B3GALNT1,MYH7B,NGFR,RABGAP1L,EGR3,SYT1,SIVA1,OSBPL5,ASPSCR1,ASNS,RAB27B,FBXO32,QKI,BST2,PTPRB,DAB2,PPFIBP2,TH,GNB2,UST,TRIP6,SSPN,ZNF655,MKX,BEX5,DOCK4,SLC44A2,STON2,SOBP,RND3,WFDC2,ELAVL2,ACOXL,HEY1,CASP4,NFKBIZ,PHACTR3,UPP1,LMCD1,TIMP4,CTSB,TIGD2,EDN1,SHROOM2,TET1,NAV1,UPK3B,SERPINB8,SERPINB5,PALD1,TGFBR3,ALDH1A3,SLC7A7,GAL,OAS1,ARHGEF3,ZNF239,CDH13,PPARG,RAB7B,TLR4,PRTFDC1,TMEM45A,KRT81,CEBPD,CD163L1,SLC43A3,SLC43A1,IFI6,NEDD9,CRMP1,PRR5L,KRT86,SLC7A2,THSD4,NT5E,PTPRZ1,ABLIM3,GNG4,CKB,ACSS1,MPZL2,GALNT5,AADAT,TMEM176B,DAB2IP,CARD6,KRT13,PTPN13,DHRS2,GDAP1,DCBLD2,BATF,PDP1,MLPH,LPCAT2,PNPLA3,ASB4,NOTUM,CAMK1","chea3","54","0.012200000000000001",NA,NA,"","5","Literature--ChIP-seq(rank=2); ReMap--ChIP-seq(rank=118); GTEx--Coexpression(rank=221); ARCHS4--Coexpression(rank=400); Enrichr--Queries(rank=557)","54","0.012200000000000001","Literature ChIP-seq,0.0122"
"DEG_LD_SW480","55","CUX2","0.012290000000000001","ARCHS4 Coexpression,0.01229","CPB2,NYAP1,RTN1,STXBP1,CRMP1,AKAP6,FAIM2,CPLX1,NKAIN1,RIMS4,JPH3,CAMKV,KIF5C,NCAM1,BSN,SCN3B,CA13,MARK1,UNC13A,UNC5A,AUTS2,KIAA1549L,SYP,NMNAT2,MAPK8IP2,HPCAL4,MAPK8IP1,OLFM1,NBEA,WNK2,KCNQ2,NPTXR,AGXT","chea3","55","0.012290000000000001",NA,NA,"","3","ARCHS4--Coexpression(rank=20); Enrichr--Queries(rank=22); GTEx--Coexpression(rank=579)","55","0.012290000000000001","ARCHS4 Coexpression,0.01229"
"DEG_LD_SW480","56","FOXD4L5","0.012449999999999999","GTEx Coexpression,0.01245","SRPX,CNTFR,CPM,PDE3B,MGST1,TMTC1,DOC2B,GNAI1,OGFRL1,EGFLAM,HEY1,ABLIM3,PDK4,GYG2,GABRE,TIMP4,VTI1B,AFAP1L1,VWF,POLN,PDE2A,EBF3,IGF1,MRAS,SESTD1,FASN,COL5A3,PPARG,TLN2","chea3","56","0.012449999999999999",NA,NA,"","3","GTEx--Coexpression(rank=20); ARCHS4--Coexpression(rank=728); Enrichr--Queries(rank=874)","56","0.012449999999999999","GTEx Coexpression,0.01245"
"DEG_LD_SW480","57","PRDM6","0.012820000000000000","Enrichr Queries,0.01282","RYR2,SPON1,PARM1,BNC2,TSHZ3,EPAS1,NTM,TSHZ2,RORA,TMTC1,EFNA5,THSD4,LOXL2,DACH1,EGFLAM,SIX2,IGFBP7,TFAP2A,CADPS2,PRRX1,BCL11B,BCL11A,IRX3,EBF3,IGF1,NPNT,SORCS2,SERPINB8,ACTA2,DAB2,COL2A1,NR4A3,PDE10A,LHX2,KIF26B,KCNMA1,COL5A2,CDH11,COL8A2,COL6A3,ATF3,VGLL3","chea3","57","0.012820000000000000",NA,NA,"","3","Enrichr--Queries(rank=18); ARCHS4--Coexpression(rank=138); GTEx--Coexpression(rank=456)","57","0.012820000000000000","Enrichr Queries,0.01282"
"DEG_LD_SW480","58","INSM2","0.012900000000000000","ARCHS4 Coexpression,0.0129","CNTFR,NYAP1,SHOX2,CRMP1,DBH,CYGB,BEGAIN,NKAIN1,RIMS4,DACH1,CAMKV,MDK,KIF5C,GNG4,GPC2,SLIT3,FEZF1,CACNG4,CHRNB4,CARMIL3,UNC5A,EBF3,KLHDC8B,NMNAT2,MAPK8IP2,LEMD1,XKR7,SLC4A8,KIF26A,LHX2,KIF26B,KCNQ2,EEF1A2","chea3","58","0.012900000000000000",NA,NA,"","3","ARCHS4--Coexpression(rank=21); Enrichr--Queries(rank=65); GTEx--Coexpression(rank=468)","58","0.012900000000000000","ARCHS4 Coexpression,0.0129"
"DEG_LD_SW480","59","MSX2","0.013070000000000000","GTEx Coexpression,0.01307","OCA2,KRT81,DLX3,DLX4,NXPH4,FRMPD1,SHOX2,KRT86,HOXC11,TMEM43,GPNMB,SMIM10,KRTAP3-1,LY6G6D,HDX,PRRX1,PRRX2,KRT35,KRT32,KRT31,KRT75,XG,ACTA2,KRT39,KRT38,KRT37,KRT36,ROR1,S100A3","chea3","59","0.013070000000000000",NA,NA,"","3","GTEx--Coexpression(rank=21); Enrichr--Queries(rank=98); ARCHS4--Coexpression(rank=444)","59","0.013070000000000000","GTEx Coexpression,0.01307"
"DEG_LD_SW480","60","PROX1","0.013469999999999999","ReMap ChIP-seq,0.01347","PIWIL4,ECM1,CD82,GDA,MRGPRF,SECTM1,CBLC,FAIM2,FZD10,CLDN1,LFNG,DBP,RASSF6,SMCO2,OLR1,AP1S1,GAL3ST2,TNS4,CTSB,HES7,PRKCG,RNF43,ANXA1,SPNS2,ACSL5,KRT75,TM4SF1,LEMD1,VGF,KCNMA1,KRT36,CDH13,S100A3,GPRC5C,ZNF114,KRT81,WDR25,PON2,ODC1,USH1C,KRT86,CST5,ADAMTS14,ATXN1,GPA33,PERP,ADAMTS17,ZBED2,SFN,TRDC,EXPH5,MPZL2,MYH7B,GSDMA,SYT1,MACC1,BTBD16,ARHGEF38,KRT13,ASPSCR1,NR1D1,FBXO32,CDK6,MYO15B,CD7,ASB4,NOTUM,TGFBI,NECTIN1","chea3","60","0.013469999999999999",NA,NA,"","4","ReMap--ChIP-seq(rank=4); Enrichr--Queries(rank=205); ARCHS4--Coexpression(rank=493); GTEx--Coexpression(rank=884)","60","0.013469999999999999","ReMap ChIP-seq,0.01347"
"DEG_LD_SW480","61","EGR4","0.013509999999999999","ARCHS4 Coexpression,0.01351","TMEM151A,ZNF331,BEX4,ERO1B,CPNE8,PARM1,GDA,STXBP1,USH1C,CRYBA2,CPLX1,SLC7A2,GNAI1,GNG4,SLC22A17,PDK4,BSN,NKX6-1,CHGB,EGR3,UNC13A,EDN3,WFS1,TMEM176B,CADPS,NMNAT2,MAPK8IP2,BAIAP3,FAM167A,RCAN2,KCNMA1,CNTN1,BEX5","chea3","61","0.013509999999999999",NA,NA,"","3","ARCHS4--Coexpression(rank=22); GTEx--Coexpression(rank=74); Enrichr--Queries(rank=659)","61","0.013509999999999999","ARCHS4 Coexpression,0.01351"
"DEG_LD_SW480","62","EBF3","0.013530000000000000","Enrichr Queries,0.01353","SPON1,BNC2,TSHZ3,EPAS1,NTM,SHOX2,TSHZ2,RORA,EFNA5,RND3,DACH1,HEY1,OLFML3,GRB10,SPOCK1,NCAM1,CADPS2,PRRX1,AUTS2,VWF,BCL11B,BCL11A,IRX3,PDE2A,NAV1,IGF1,SORCS2,SERPINB8,GNG11,ACTA2,TGFBR3,ALDH1A3,PDE10A,KIF26B,KCNMA1,COL5A2,CDH11,CDH13,COL6A3,PPARG,KCTD12,TGFBI","chea3","62","0.013530000000000000",NA,NA,"","3","Enrichr--Queries(rank=19); GTEx--Coexpression(rank=33); ARCHS4--Coexpression(rank=157)","62","0.013530000000000000","Enrichr Queries,0.01353"
"DEG_LD_SW480","63","ALX1","0.013690000000000001","GTEx Coexpression,0.01369","HS3ST3A1,MAML2,SHOX2,XPC,HOXC11,NT5E,TMEM43,GPNMB,OLFML3,CTSK,PDGFC,DSE,PLAC1,ZNF501,PRRX1,PRRX2,CLEC11A,PCOLCE,DKK1,BICC1,DCBLD2,XG,COL5A2,TRIP6,COL6A3,ROR1,STEAP1,CDK15,VGLL3","chea3","63","0.013690000000000001",NA,NA,"","3","GTEx--Coexpression(rank=22); Enrichr--Queries(rank=235); ARCHS4--Coexpression(rank=1102)","63","0.013690000000000001","GTEx Coexpression,0.01369"
"DEG_LD_SW480","64","FOXP2","0.014250000000000001","Enrichr Queries,0.01425","TENM1,SPON1,NLGN1,DOCK4,BNC2,EPAS1,PRUNE2,TSHZ2,RORA,TMTC1,EFNA5,ELAVL2,PCLO,ALCAM,DACH1,KIF5C,GRB10,DMD,NCAM1,ABCA1,CADPS2,PRRX1,AUTS2,SYT1,BCL11B,BCL11A,MITF,EBF3,IGF1,FBXO32,SERPINB8,TGFBR3,CDK6,PDE10A,NBEA,KIF26B,RCAN2,KCNMA1,CDH11,CNTN1,CDH13,ATF3","chea3","64","0.014250000000000001",NA,NA,"","6","Enrichr--Queries(rank=20); ENCODE--ChIP-seq(rank=31); ReMap--ChIP-seq(rank=43); Literature--ChIP-seq(rank=101); GTEx--Coexpression(rank=548); ARCHS4--Coexpression(rank=648)","64","0.014250000000000001","Enrichr Queries,0.01425"
"DEG_LD_SW480","65","ALX4","0.014310000000000000","GTEx Coexpression,0.01431","OXTR,DLX3,DLX4,MAML2,NXPH4,EFNA5,HOXC11,NKPD1,CX3CL1,CAPN6,GPNMB,OLFML3,CTSK,TFAP2A,PRRX1,AUTS2,IRX3,CLEC11A,PCOLCE,KRT32,KRT75,XG,RFX8,VANGL2,KRT39,KRT14,MXRA8,S100A3,TMEM45A","chea3","65","0.014310000000000000",NA,NA,"","3","GTEx--Coexpression(rank=23); ARCHS4--Coexpression(rank=83); Enrichr--Queries(rank=144)","65","0.014310000000000000","GTEx Coexpression,0.01431"
"DEG_LD_SW480","66","MEIS3","0.014740000000000000","ARCHS4 Coexpression,0.01474","RERE,CNTFR,NYAP1,RTN1,STXBP1,CRMP1,NKAIN1,RIMS4,JPH3,CAMKV,KIF5C,SLC22A17,GPC2,NCAM1,APBB1,BSN,SCN3B,ADAMTS7,UNC13A,UNC5A,KIAA1549L,DCLK2,SYP,NMNAT2,MAPK8IP2,HPCAL4,MAPK8IP1,OLFM1,VANGL2,KCNQ2,NPTXR,APBA2","chea3","66","0.014740000000000000",NA,NA,"","3","ARCHS4--Coexpression(rank=24); GTEx--Coexpression(rank=108); Enrichr--Queries(rank=218)","66","0.014740000000000000","ARCHS4 Coexpression,0.01474"
"DEG_LD_SW480","67","RUNX2","0.014930000000000001","GTEx Coexpression,0.01493","HS3ST3A1,MAML2,PTGER2,PLOD3,XPC,LOXL2,LASP1,NT5E,DUSP10,OLFML3,DSE,HS3ST3B1,GALNT5,CLEC11A,PSG1,PCOLCE,DKK1,BICC1,DCBLD2,SPOCD1,RFX8,COL5A2,CDH11,MXRA8,COL6A3,TGFBI,STEAP1,CHST2,VGLL3","chea3","67","0.014930000000000001",NA,NA,"","5","ReMap--ChIP-seq(rank=6); GTEx--Coexpression(rank=24); Literature--ChIP-seq(rank=35); Enrichr--Queries(rank=253); ARCHS4--Coexpression(rank=460)","67","0.014930000000000001","GTEx Coexpression,0.01493"
"DEG_LD_SW480","68","TP63","0.014959999999999999","Enrichr Queries,0.01496","CEBPD,EPAS1,RORA,CLDN1,SOX2,DUSP10,PTPRZ1,PERP,SPOCK1,DMD,TNS4,ABCA1,TFAP2A,EDN1,EGR3,ANXA1,VDR,BCL11A,MITF,IGF1,FBXO32,DKK1,SERPINB8,SERPINB5,ACTA2,TGFBR3,IL1A,TIAM1,ALDH1A3,CDK6,SLPI,IL1B,KCNMA1,EEF1A2,COL5A2,KRT14,CNTN1,FAT2,PPARG,TGFBI,ATF3,MATN2","chea3","68","0.014959999999999999",NA,NA,"","5","Literature--ChIP-seq(rank=17); Enrichr--Queries(rank=21); GTEx--Coexpression(rank=55); ReMap--ChIP-seq(rank=70); ARCHS4--Coexpression(rank=307)","68","0.014959999999999999","Enrichr Queries,0.01496"
"DEG_LD_SW480","69","ZNF423","0.015360000000000000","ARCHS4 Coexpression,0.01536","CNTFR,NYAP1,CRMP1,DTX4,SOX2,NKAIN1,RIMS4,KIF5C,GPC2,NCAM1,RHBDL3,CACNG4,VAT1L,ADAMTS7,COL26A1,TLE1,AUTS2,DAB2IP,DCLK2,TET1,NAV1,EBF3,SORCS2,QKI,MAPK8IP1,XKR7,VANGL2,KIF26A,FEZ1,WNK2,KCNQ2,ZNF853","chea3","69","0.015360000000000000",NA,NA,"","3","ARCHS4--Coexpression(rank=25); Enrichr--Queries(rank=145); GTEx--Coexpression(rank=412)","69","0.015360000000000000","ARCHS4 Coexpression,0.01536"
"DEG_LD_SW480","70","ZNF273","0.015559999999999999","GTEx Coexpression,0.01556","FLG,DLX3,NXPH4,RORA,LYPD5,CLDN1,NKPD1,KLK7,XKRX,TP53AIP1,SPTLC3,PERP,SPTSSB,TNS4,EXPH5,TFAP2A,GSDMA,BCL11B,BCL11A,IRX3,NR1D1,PTPN13,SERPINB5,FLG2,GPRIN2,VANGL2,KRT14,TMEM45A,NECTIN1","chea3","70","0.015559999999999999",NA,NA,"","3","GTEx--Coexpression(rank=25); Enrichr--Queries(rank=784); ARCHS4--Coexpression(rank=818)","70","0.015559999999999999","GTEx Coexpression,0.01556"
"DEG_LD_SW480","71","DACH2","0.015970000000000002","ARCHS4 Coexpression,0.01597","BEX4,ERO1B,RTN1,STXBP1,CRMP1,AKAP6,CACNA1E,ELAVL2,KCNV1,PCLO,CAMKV,KIF5C,GNG4,PPP4R4,NCAM1,SCN3B,VAT1L,KIRREL3,WDR17,UNC13A,PDX1,NMNAT2,HPCAL4,AP3B2,GDAP1,SLC4A8,NBEA,RCAN2,CNTN1,FGF13,DZIP3,BEX5","chea3","71","0.015970000000000002",NA,NA,"","3","ARCHS4--Coexpression(rank=26); Enrichr--Queries(rank=136); GTEx--Coexpression(rank=295)","71","0.015970000000000002","ARCHS4 Coexpression,0.01597"
"DEG_LD_SW480","72","FOXI3","0.016180000000000000","GTEx Coexpression,0.01618","FLG,DLX3,DLX4,NXPH4,CBLC,LYPD5,EFNA5,CLDN1,NKPD1,KLK7,PERP,SPTSSB,TNS4,EXPH5,TFAP2A,RNF43,GSDMA,GSTO2,BCL11B,VDR,BCL11A,TNFRSF18,IRX3,KRT75,SERPINB5,PPFIBP2,VANGL2,KRT14,TMEM45A","chea3","72","0.016180000000000000",NA,NA,"","2","GTEx--Coexpression(rank=26); ARCHS4--Coexpression(rank=324)","72","0.016180000000000000","GTEx Coexpression,0.01618"
"DEG_LD_SW480","73","ZNF385B","0.016580000000000001","ARCHS4 Coexpression,0.01658","CPB2,RTN1,ATP8A1,STXBP1,PRUNE2,FAIM2,AK5,CPLX1,JPH3,CRTAC1,ADAM23,BSN,PRKCG,SFTPB,CADPS2,NAPSA,UNC13A,UNC5A,SYT1,KIAA1549L,ADAM11,SYP,MAPK8IP2,HPCAL4,AR,OLFM1,WNK2,EEF1A2,CNTN1,CORO6,SLC26A9,STEAP2","chea3","73","0.016580000000000001",NA,NA,"","3","ARCHS4--Coexpression(rank=27); Enrichr--Queries(rank=64); GTEx--Coexpression(rank=319)","73","0.016580000000000001","ARCHS4 Coexpression,0.01658"
"DEG_LD_SW480","74","IRX5","0.016799999999999999","GTEx Coexpression,0.0168","ZNF273,DLX3,CBLC,RORA,LYPD5,EFNA5,CLDN1,NKPD1,KLK7,XKRX,TP53AIP1,GPNMB,SPTLC3,PERP,SPTSSB,TNS4,EXPH5,TFAP2A,EDARADD,GSDMA,IRX3,PTPN13,SERPINB8,SERPINB5,XG,VANGL2,KRT14,TMEM45A,NECTIN1","chea3","74","0.016799999999999999",NA,NA,"","3","GTEx--Coexpression(rank=27); Enrichr--Queries(rank=265); ARCHS4--Coexpression(rank=297)","74","0.016799999999999999","GTEx Coexpression,0.0168"
"DEG_LD_SW480","75","PRDM14","0.016840000000000001","ReMap ChIP-seq,0.01684","ZNF512B,TMEM151A,LRRC10B,MRGPRF,SECTM1,KLHDC7A,DUSP15,HOXC11,SOX2,MDK,HYAL1,MCF2L,SIX2,TBC1D10C,FBXO6,GAL3ST2,BAHCC1,HES7,HS3ST3B1,UNC5A,SLC30A2,TNFRSF18,ADAM11,TMC8,KCNK15,TMC6,HPCAL4,HSPG2,PRSS56,LEMD1,TEX19,ARHGAP45,SPOCD1,COL2A1,KIAA1614,EEF1A2,MXRA8,COL8A2,FSCN2,S100A3,PLCB2,DLX4,NXPH4,CLCNKB,IFI6,FURIN,HOXD13,HOXD11,HOXD10,DEPP1,NKAIN1,SFN,TFAP2A,MYH7B,NGFR,ECEL1,ASPSCR1,BAIAP3,BST2,MYO15B,KIF26A,LHX2,FES,FASN,CD7,IGSF9B,ANKRD63,NOTUM,NECTIN1","chea3","75","0.016840000000000001",NA,NA,"","5","ReMap--ChIP-seq(rank=5); Literature--ChIP-seq(rank=82); Enrichr--Queries(rank=640); ARCHS4--Coexpression(rank=817); GTEx--Coexpression(rank=858)","75","0.016840000000000001","ReMap ChIP-seq,0.01684"
"DEG_LD_SW480","76","CBX2","0.016950000000000000","ENCODE ChIP-seq,0.01695","ERO1B,CNTFR,FCGBP,OXTR,CLGN,RASSF2,DACH1,PPP4R4,CHGB,COL27A1,ANKRD44,UBE2E1,UBE2E2,CYS1,EML1,DKK3,SYTL2,SLC9A2,DKK4,TPST1,SLPI,KATNAL2,MYL2,ATF3,MAOB,NXPH4,TSHZ2,ITPR1,ILDR2,LTBP2,SLAIN1,STK31,NKAIN1,ATXN1,CYP4X1,KCNMB4,NAALAD2,RHBDL3,SLC15A3,TRPM6,PAG1,MARK1,ARHGEF33,TFAP2A,NGFR,BCL11B,BCL11A,GREB1,ARHGEF38,DCLK2,FBXO32,GNG11,DAB2,TG,CDK6,SESTD1,WNK2,GNB2,TNFSF4,RNF182,SLC26A9,SLC26A4,ANKRD33B,EIF4E3,SLC44A2,LRRC3,SOBP,DUSP15,HOXC11,RLBP1,WFDC2,SLC22A17,MCF2L,OLR1,UPP1,LBP,GALNT8,ADAMTS7,EDARADD,EDN1,ADGRV1,ZDHHC11,TMEM150C,PALD1,GAL,OAS1,ARHGEF3,CHI3L1,PPARG,TMEM45A,PELI2,NEDD9,CRMP1,NOD2,BEGAIN,METTL21C,CACNG8,SERTAD4,EGFLAM,GNG4,KLRG2,PRAME,APBB1,GPR155,CACNG4,BEND6,MPZL2,TMEM176B,PDX1,APLN,XG,SLC4A8,FAM167A,SAA2,ZNF853,TMEM229B,BET1,NECTIN1","chea3","76","0.016950000000000000",NA,NA,"","5","ENCODE--ChIP-seq(rank=2); ReMap--ChIP-seq(rank=7); Enrichr--Queries(rank=1256); GTEx--Coexpression(rank=1319); ARCHS4--Coexpression(rank=1408)","76","0.016950000000000000","ENCODE ChIP-seq,0.01695"
"DEG_LD_SW480","77","EMX2","0.017090000000000001","Enrichr Queries,0.01709","SPON1,CEBPD,SHOX2,MGST1,RORA,LOXL2,SOX2,DACH1,HEY1,PTPRZ1,GPNMB,PDGFC,PDK4,SPOCK1,NCAM1,CRYM,ABCA1,TFAP2A,CADPS2,EGLN3,EDN1,EGR3,PRRX1,BCL11B,BCL11A,IRX3,EBF3,IGF1,DKK1,SERPINB8,TGFBR3,ALDH1A3,COL2A1,NR4A3,LHX2,CDH11,CNTN1,PPARG,TGFBI,ATF3,MATN2,VGLL3","chea3","77","0.017090000000000001",NA,NA,"","3","Enrichr--Queries(rank=24); GTEx--Coexpression(rank=385); ARCHS4--Coexpression(rank=1100)","77","0.017090000000000001","Enrichr Queries,0.01709"
"DEG_LD_SW480","78","OLIG1","0.017200000000000000","ARCHS4 Coexpression,0.0172","PHLPP1,CD82,NTM,GRIK4,XYLT1,FAIM2,SLAIN1,ZDHHC22,RASSF2,PTPRZ1,CHADL,SLC22A17,PHACTR3,SPOCK1,NCAM1,CACNG4,TSC22D4,KCNJ10,DCLK2,NAV1,QKI,MAPK8IP1,OLFM1,ARC,DAAM2,FEZ1,KCNQ2,ALDOC,ZNF853,APBA2,TMEM229B","chea3","78","0.017200000000000000",NA,NA,"","3","ARCHS4--Coexpression(rank=28); Enrichr--Queries(rank=243); GTEx--Coexpression(rank=272)","78","0.017200000000000000","ARCHS4 Coexpression,0.0172"
"DEG_LD_SW480","79","DLX5","0.017420000000000001","GTEx Coexpression,0.01742","FLG,ZNF273,DLX3,RORA,LYPD5,CLDN1,NKPD1,KLK7,XKRX,SPTLC3,PERP,SPTSSB,TNS4,EXPH5,TFAP2A,GSDMA,BCL11B,BCL11A,IRX3,BTBD16,NR1D1,PTPN13,SERPINB8,SERPINB5,XG,FLG2,VANGL2,KRT14,TMEM45A","chea3","79","0.017420000000000001",NA,NA,"","3","GTEx--Coexpression(rank=28); Enrichr--Queries(rank=73); ARCHS4--Coexpression(rank=825)","79","0.017420000000000001","GTEx Coexpression,0.01742"
"DEG_LD_SW480","80","ZNF415","0.017809999999999999","Enrichr Queries,0.01781","BEX4,ZNF273,RTN1,PARM1,PRUNE2,IFI6,RORA,PLAT,CLGN,DACH1,GPNMB,KIF5C,FLRT3,OLFML3,PDK4,SPOCK1,DMD,CSGALNACT1,ARRDC4,CADPS2,ZNF681,ZNF680,ANXA1,BCL11A,SERPINB8,SYTL2,BST2,TGFBR3,IFI27,NBEA,OAS1,RCAN2,COL5A2,SELENOP,CNTN1,SSPN,ZNF711,ZNF117,TGFBI,ZNF610,ATF3,MATN2","chea3","80","0.017809999999999999",NA,NA,"","3","Enrichr--Queries(rank=25); GTEx--Coexpression(rank=404); ARCHS4--Coexpression(rank=945)","80","0.017809999999999999","Enrichr Queries,0.01781"
"DEG_LD_SW480","81","BCL6B","0.017809999999999999","ARCHS4 Coexpression,0.01781","SRPX,DOCK4,EPAS1,HTRA3,CCM2L,DYSF,ARRB1,LTBP2,RASGRP3,SHE,HEY1,GJA5,GRB10,EPHB4,ADAMTS7,EDN1,AFAP1L1,VWF,F2R,SPNS2,DAB2IP,HSPG2,GNG11,SHROOM4,PGF,APLN,PTPRB,KIF26A,PMP22,CDH13,KCTD12","chea3","81","0.017809999999999999",NA,NA,"","3","ARCHS4--Coexpression(rank=29); GTEx--Coexpression(rank=250); Enrichr--Queries(rank=292)","81","0.017809999999999999","ARCHS4 Coexpression,0.01781"
"DEG_LD_SW480","82","FOXD4L3","0.018050000000000000","GTEx Coexpression,0.01805","NYAP1,RTN1,STXBP1,CRMP1,FAIM2,ZDHHC22,CPLX1,BEGAIN,CACNG8,JPH3,KIF5C,APBB1,BSN,BEND6,PRKCG,UNC13A,UNC5A,SYT1,KIAA1549L,ACSL6,SYP,NMNAT2,MAPK8IP2,HPCAL4,AP3B2,GDAP1,OLFM1,KCNQ2,APBA2","chea3","82","0.018050000000000000",NA,NA,"","3","GTEx--Coexpression(rank=29); Enrichr--Queries(rank=916); ARCHS4--Coexpression(rank=1203)","82","0.018050000000000000","GTEx Coexpression,0.01805"
"DEG_LD_SW480","83","SMAD4","0.018290000000000001","Literature ChIP-seq,0.01829","CPNE8,CD82,MAML2,GDA,FRMPD1,DNHD1,XYLT1,CLDN1,TMEM144,RIMS4,ALCAM,KIF5C,PPP4R4,GJA5,SALL4,NAMPT,LEPR,MTERF1,NUDT17,SLC16A9,SLC16A2,BSN,TNS4,EPHB4,CHGB,CSGALNACT1,UNC5A,KCNK10,ANKRD44,TTC7B,UBE2E2,AFAP1,MITF,EBF3,KRT75,TANC2,FRMD3,SLC9A2,CYP39A1,AR,FAM133A,GPRIN2,RFX8,MTNR1A,ZNF92,ROR1,TLN2,SLC22A3,PARM1,MAOB,EPAS1,TMEM63C,PRKRIP1,SH2D2A,ITPR1,ILDR2,TNFRSF11B,AK5,CACNA1E,PKHD1,ATXN1,CDH23,PLAC1,IGFBP7,NKX6-1,ZC3H14,EXPH5,MFAP3L,MARK1,MYH7B,RABGAP1L,AUTS2,MUC16,SYT1,BCL11A,BTBD16,IGF1,COQ6,SEM1,EIF5,VANGL2,CDK6,CPS1,NBEA,UST,COL5A2,CNTN1,SSPN,CORO6,FAT2,MKX,TGFBI,SLC26A4,RERE,RYR2,TENM1,BNC2,GRIK4,SOBP,RND3,ELAVL2,SHE,ACOXL,PCLO,DUSP10,HEY1,TMEM43,SH3PXD2A,CRTAC1,SPTLC3,LMCD1,FEZF1,TIMP4,EDARADD,EDN1,ADGRV1,EDN3,KCND3,TNNC1,SHROOM2,ZDHHC11,TMEM150C,SUMF1,IL1B,KCNMA1,IL1RAPL1,ARHGEF3,CHI3L1,CDH13,COL6A3,CHST3,PIGH,ZNF596,VGLL3,NLGN1,PELI2,PRKX,AKAP6,LRP2,FSTL4,THSD4,EGFLAM,PTPRZ1,ADAM23,DMD,SLIT3,GPR155,VAT1L,PRRX1,IRX3,GABRA3,CADPS,DAB2IP,LHFPL1,ACTL8,DHRS2,GDAP1,BICC1,MYO1D,SLC4A8,FAM167A,PDE10A,KCNS3,CTH,ASB4,BET1,NECTIN1","chea3","83","0.018290000000000001",NA,NA,"","5","Literature--ChIP-seq(rank=3); ReMap--ChIP-seq(rank=40); GTEx--Coexpression(rank=1094); Enrichr--Queries(rank=1366); ARCHS4--Coexpression(rank=1571)","83","0.018290000000000001","Literature ChIP-seq,0.01829"
"DEG_LD_SW480","84","KCNIP3","0.018429999999999998","ARCHS4 Coexpression,0.01843","TMEM151A,IGSF8,NYAP1,STXBP1,FAIM2,AK5,ZDHHC22,CPLX1,RIMS4,JPH3,SLC22A17,SPOCK1,APBB1,BSN,PRKCG,UNC13A,KCNJ10,UNC5A,PDE2A,KIAA1549L,ADAM11,SYP,NMNAT2,MAPK8IP2,HPCAL4,DKK3,MAPK8IP1,OLFM1,DAAM2,KCNQ2,NPTXR","chea3","84","0.018429999999999998",NA,NA,"","2","ARCHS4--Coexpression(rank=30); GTEx--Coexpression(rank=227)","84","0.018429999999999998","ARCHS4 Coexpression,0.01843"
"DEG_LD_SW480","85","LHX6","0.018669999999999999","GTEx Coexpression,0.01867","SRPX,CPNE8,NEDD9,DOC2B,CYGB,SHE,HEY1,ABLIM3,GYG2,LZTS1,TIMP4,VTI1B,GGT5,EDN1,AFAP1L1,VWF,PDE2A,EBF3,GNG11,SHROOM4,TGFBR3,PTPRB,KIF26A,SESTD1,COL5A3,PPARG,KCTD12,TLN2","chea3","85","0.018669999999999999",NA,NA,"","3","GTEx--Coexpression(rank=30); Enrichr--Queries(rank=113); ARCHS4--Coexpression(rank=221)","85","0.018669999999999999","GTEx Coexpression,0.01867"
"DEG_LD_SW480","86","OLIG2","0.019040000000000001","ARCHS4 Coexpression,0.01904","TMEM151A,PHLPP1,NTM,GRIK4,ILDR2,FAIM2,SLAIN1,ZDHHC22,SOX2,RASSF2,PTPRZ1,CHADL,SLC22A17,SPOCK1,NCAM1,APBB1,RHBDL3,CACNG4,TSC22D4,KCNJ10,DCLK2,NAV1,QKI,MAPK8IP1,DAAM2,FEZ1,KCNQ2,CNTN1,ZNF853,IGSF9B,APBA2","chea3","86","0.019040000000000001",NA,NA,"","4","Literature--ChIP-seq(rank=19); ARCHS4--Coexpression(rank=31); GTEx--Coexpression(rank=234); Enrichr--Queries(rank=493)","86","0.019040000000000001","ARCHS4 Coexpression,0.01904"
"DEG_LD_SW480","87","ZNF177","0.019230000000000001","Enrichr Queries,0.01923","ZNF331,BEX4,EPAS1,SLC44A2,NTM,PELI2,PRUNE2,IFI6,NEDD9,RORA,DEPP1,LOXL2,LFNG,HEY1,GPNMB,PDK4,SPOCK1,CTSB,ARRDC4,CADPS2,TLE2,EGR3,HMGCS1,BCL11A,F2R,ZDHHC11,SERPINB8,ACTA2,TGFBR3,CDK6,NR4A3,IFI27,NBEA,IL1B,KCNMA1,COL5A2,CNTN1,ZNF117,ZNF610,ATF3,MATN2","chea3","87","0.019230000000000001",NA,NA,"","3","Enrichr--Queries(rank=27); ARCHS4--Coexpression(rank=721); GTEx--Coexpression(rank=1376)","87","0.019230000000000001","Enrichr Queries,0.01923"
"DEG_LD_SW480","88","HOXC6","0.019290000000000002","GTEx Coexpression,0.01929","CEMIP,MAML2,SHOX2,XPC,HOXC11,LOXL2,NT5E,OLFML3,CTSK,DSE,ZNF501,PRRX1,CLEC11A,PSG1,PCOLCE,DKK1,BICC1,DCBLD2,XG,RFX8,DAB2,COL5A2,CDH11,MXRA8,COL6A3,STEAP1,CDK15,VGLL3","chea3","88","0.019290000000000002",NA,NA,"","3","GTEx--Coexpression(rank=31); Enrichr--Queries(rank=172); ARCHS4--Coexpression(rank=218)","88","0.019290000000000002","GTEx Coexpression,0.01929"
"DEG_LD_SW480","89","NKX62","0.019660000000000000","ARCHS4 Coexpression,0.01966","TMEM151A,IGSF8,NYAP1,STXBP1,ITPR1,FAIM2,SLAIN1,AK5,CPLX1,JPH3,KIF5C,SLC22A17,MCF2L,KCNMB4,NCAM1,CA8,APBB1,BSN,PTGDS,PRKCG,KCNJ10,KIAA1549L,SYP,MAPK8IP2,HPCAL4,MAPK8IP1,OLFM1,DAAM2,FEZ1,KCNQ2,ALDOC","chea3","89","0.019660000000000000",NA,NA,"","2","ARCHS4--Coexpression(rank=32); GTEx--Coexpression(rank=375)","89","0.019660000000000000","ARCHS4 Coexpression,0.01966"
"DEG_LD_SW480","90","ASCL1","0.019910000000000001","GTEx Coexpression,0.01991","BEX4,NYAP1,TMEM63C,CRMP1,MSI1,NAT16,RIMS4,PTPRZ1,GNG4,SLC22A17,PHACTR3,NAALAD2,CA8,NLRP1,SCN3B,WDR17,UNC13A,DCLK2,MAPK8IP2,AP3B2,GDAP1,BAIAP3,SYT17,MAPK8IP1,SLC4A8,GAL,DZIP3,BEX5","chea3","90","0.019910000000000001",NA,NA,"","4","GTEx--Coexpression(rank=32); ReMap--ChIP-seq(rank=77); Enrichr--Queries(rank=228); ARCHS4--Coexpression(rank=1312)","90","0.019910000000000001","GTEx Coexpression,0.01991"
"DEG_LD_SW480","91","ISL1","0.019939999999999999","Enrichr Queries,0.01994","RTN1,PARM1,SHOX2,CRMP1,EFNA5,RND3,ELAVL2,SOX2,ALCAM,DACH1,HEY1,KIF5C,GNG4,FLRT3,SIX2,SPOCK1,NCAM1,CHGB,TFAP2A,CADPS2,EGLN3,PRRX1,AUTS2,SYT1,BCL11B,BCL11A,IRX3,CADPS,EBF3,NPNT,DKK1,SERPINB8,ACTA2,OLFM1,LHX2,KCNMA1,CDH11,CNTN1,KCTD12,TGFBI,ATF3","chea3","91","0.019939999999999999",NA,NA,"","3","Enrichr--Queries(rank=28); ARCHS4--Coexpression(rank=112); GTEx--Coexpression(rank=196)","91","0.019939999999999999","Enrichr Queries,0.01994"
"DEG_LD_SW480","92","PURG","0.020270000000000000","ARCHS4 Coexpression,0.02027","BEX4,CNTFR,NLGN1,RTN1,CRMP1,AKAP6,ELAVL2,SOX2,NKAIN1,PCLO,KIF5C,ADAM23,GPC2,NCAM1,APBB1,BSN,MARK1,WDR17,AUTS2,SYT1,HMGCS1,KIAA1549L,DCLK2,NAV1,NMNAT2,GDAP1,QKI,OLFM1,NBEA,LHX2,FEZ1","chea3","92","0.020270000000000000",NA,NA,"","2","ARCHS4--Coexpression(rank=33); GTEx--Coexpression(rank=123)","92","0.020270000000000000","ARCHS4 Coexpression,0.02027"
"DEG_LD_SW480","93","DRGX","0.020660000000000001","Enrichr Queries,0.02066","RYR2,DLX3,EPAS1,NTM,SHOX2,CRMP1,RORA,HOXD11,CACNA1E,HOXD10,FSTL4,ELAVL2,LOXL2,BEGAIN,JPH3,CRTAC1,SIX2,GRB10,SLIT3,KIRREL3,TFAP2A,NGFR,EGR3,UNC5A,PRRX1,BCL11B,BCL11A,ESRRB,SOX14,EBF3,NMNAT2,OLFM1,COL2A1,VGF,KIF26A,LHX2,KCNMA1,CDH13,PPARG,MKX,ATF3","chea3","93","0.020660000000000001",NA,NA,"","3","Enrichr--Queries(rank=29); ARCHS4--Coexpression(rank=132); GTEx--Coexpression(rank=371)","93","0.020660000000000001","Enrichr Queries,0.02066"
"DEG_LD_SW480","94","BNC2","0.020879999999999999","ARCHS4 Coexpression,0.02088","RYR1,CHRNA1,MRGPRF,TNFRSF11B,TMTC1,LTBP2,GXYLT2,LOXL2,SH3PXD2A,PDGFC,DMD,SLIT3,LMCD1,PRRX1,GABRA3,TTC7B,AFAP1,PCOLCE,MITF,FBXO32,BICC1,ACTA2,DAB2,COL5A2,CDH11,MXRA8,SSPN,CDH13,COL6A3,PLA2R1,VGLL3","chea3","94","0.020879999999999999",NA,NA,"","3","ARCHS4--Coexpression(rank=34); Enrichr--Queries(rank=67); GTEx--Coexpression(rank=535)","94","0.020879999999999999","ARCHS4 Coexpression,0.02088"
"DEG_LD_SW480","95","SP8","0.021160000000000002","GTEx Coexpression,0.02116","FLG,DLX3,CBLC,RORA,KLK3,LYPD5,CLDN1,NKPD1,KLK7,XKRX,SPTLC3,PERP,SPTSSB,TNS4,EXPH5,TFAP2A,RNF43,GSDMA,BCL11B,BCL11A,RAB27B,NR1D1,PTPN13,SERPINB5,FLG2,VANGL2,KRT14,TMEM45A","chea3","95","0.021160000000000002",NA,NA,"","3","GTEx--Coexpression(rank=34); ARCHS4--Coexpression(rank=227); Enrichr--Queries(rank=342)","95","0.021160000000000002","GTEx Coexpression,0.02116"
"DEG_LD_SW480","96","TCF24","0.021370000000000000","Enrichr Queries,0.02137","ANKRD33B,MAOB,SHOX2,ILDR2,LRP2,CLDN1,SLC7A2,LOXL2,NT5E,GPNMB,GNG4,LEPR,PDK4,NCAM1,SLC16A9,SLC15A3,TFAP2A,NGFR,CD74,CADPS2,ADGRV1,EGR3,COL27A1,AUTS2,VDR,PCP4L1,IRX3,ECEL1,MOCOS,NPNT,SERPINB8,ALDH1A3,PDE10A,LHX2,WNK2,COL5A3,RCAN2,TRPV4,CMPK2,STEAP2,ATF3","chea3","96","0.021370000000000000",NA,NA,"","3","Enrichr--Queries(rank=30); GTEx--Coexpression(rank=1065); ARCHS4--Coexpression(rank=1253)","96","0.021370000000000000","Enrichr Queries,0.02137"
"DEG_LD_SW480","97","PAX3","0.021499999999999998","ARCHS4 Coexpression,0.0215","CNTFR,OCA2,CRMP1,ILDR2,MSMO1,FMN1,FZD10,DTX4,RND3,DACH1,HEY1,PNMA1,GPC2,CKB,RHBDL3,CRYM,LZTS1,ADAMTS7,TFAP2A,HS3ST3B1,ADGRV1,TLE1,AUTS2,HMGCS1,DCLK2,MITF,EBF3,QKI,VANGL2,FEZ1,APBA2","chea3","97","0.021499999999999998",NA,NA,"","3","ARCHS4--Coexpression(rank=35); Enrichr--Queries(rank=255); GTEx--Coexpression(rank=1257)","97","0.021499999999999998","ARCHS4 Coexpression,0.0215"
"DEG_LD_SW480","98","SALL2","0.021780000000000001","GTEx Coexpression,0.02178","NYAP1,RTN1,STXBP1,NTM,CRMP1,BEGAIN,MMP24,PCLO,KIF5C,SLC22A17,APBB1,BSN,BEND6,WDR17,CARMIL3,ADAM11,TTC7B,ACSL6,NMNAT2,MAPK8IP2,AP3B2,GDAP1,XKR7,NBEA,KCNQ2,CNTN1,ALDOC,APBA2","chea3","98","0.021780000000000001",NA,NA,"","3","GTEx--Coexpression(rank=35); Enrichr--Queries(rank=303); ARCHS4--Coexpression(rank=325)","98","0.021780000000000001","GTEx Coexpression,0.02178"
"DEG_LD_SW480","99","ZNF676","0.022079999999999999","Enrichr Queries,0.02208","RYR2,TENM1,FCGBP,NLGN1,PRUNE2,TSHZ2,F13A1,FMN1,MED12L,PCLO,SERTAD4,ALCAM,DACH1,PTPRZ1,KIF5C,FLRT3,ZNF429,PDK4,ZNF107,CA8,VAT1L,ZNF486,ARRDC4,CADPS2,EGLN3,ZNF681,ADGRV1,SYT1,TET1,RAB27B,IGF1,NPNT,SERPINB8,CYP39A1,TGFBR3,ZNF93,NBEA,ZNF737,CNTN1,PRKCQ,ZNF117","chea3","99","0.022079999999999999",NA,NA,"","3","Enrichr--Queries(rank=31); GTEx--Coexpression(rank=230); ARCHS4--Coexpression(rank=774)","99","0.022079999999999999","Enrichr Queries,0.02208"
"DEG_LD_SW480","100","VSX2","0.022110000000000001","ARCHS4 Coexpression,0.02211","CNTFR,ANKRD33B,FRMPD1,CRMP1,ILDR2,FMN1,DOC2B,DTX4,RLBP1,NKAIN1,DACH1,EGFLAM,CDH23,NCAM1,CKB,RHBDL3,DRD4,ADGRV1,MPP4,ESRRB,CADPS,SOX14,SYP,PTPN13,EML1,SORCS2,XKR7,SLC4A8,KIAA1614,SLCO3A1,NBEA","chea3","100","0.022110000000000001",NA,NA,"","3","ARCHS4--Coexpression(rank=36); GTEx--Coexpression(rank=273); Enrichr--Queries(rank=533)","100","0.022110000000000001","ARCHS4 Coexpression,0.02211"
"DEG_LD_SW480","101","ZSCAN4","0.022400000000000000","GTEx Coexpression,0.0224","ZNF273,DLX3,CBLC,RORA,LYPD5,CLDN1,NKPD1,KLK7,XKRX,GPNMB,SPTLC3,PERP,SPTSSB,TNS4,EXPH5,TFAP2A,EDARADD,EGLN3,GSDMA,IRX3,NR1D1,SERPINB5,FLG2,GPRIN2,PPFIBP2,VANGL2,KRT14,TMEM45A","chea3","101","0.022400000000000000",NA,NA,"","3","GTEx--Coexpression(rank=36); Enrichr--Queries(rank=875); ARCHS4--Coexpression(rank=1603)","101","0.022400000000000000","GTEx Coexpression,0.0224"
"DEG_LD_SW480","102","TLX3","0.022730000000000000","ARCHS4 Coexpression,0.02273","CNTFR,NYAP1,DLX3,DLX4,NXPH4,CRMP1,DOC2B,BEGAIN,NKAIN1,KIF5C,GNG4,SIX2,GPC2,NCAM1,CKB,RHBDL3,TFAP2A,CARMIL3,IRX3,PRRX2,ECEL1,ADAM11,CHCHD10,AFAP1,EBF3,NMNAT2,MEIS3,MAPK8IP1,XKR7,KIF26A,KCNQ2","chea3","102","0.022730000000000000",NA,NA,"","3","ARCHS4--Coexpression(rank=37); GTEx--Coexpression(rank=570); Enrichr--Queries(rank=594)","102","0.022730000000000000","ARCHS4 Coexpression,0.02273"
"DEG_LD_SW480","103","FOXO6","0.022790000000000001","Enrichr Queries,0.02279","ANKRD33B,CD82,TSHZ3,EPAS1,CRMP1,RORA,EFNA5,LFNG,HEY1,MCF2L,SPOCK1,NCAM1,RHBDL3,KIRREL3,NGFR,CADPS2,EGLN3,EGR3,UNC5A,AUTS2,BCL11B,BCL11A,IRX3,PDE2A,SPNS2,FBXO32,SORCS2,SERPINB8,PGF,TGFBR3,OLFM1,NR4A3,VGF,KIF26A,LHX2,WNK2,KIF26B,CDH13,ATF3,NECTIN1,MATN2","chea3","103","0.022790000000000001",NA,NA,"","3","Enrichr--Queries(rank=32); GTEx--Coexpression(rank=381); ARCHS4--Coexpression(rank=1135)","103","0.022790000000000001","Enrichr Queries,0.02279"
"DEG_LD_SW480","104","FOXE1","0.023019999999999999","GTEx Coexpression,0.02302","ZNF512B,PARM1,ATP8A1,SLC43A3,PRKX,LRP2,TMEM243,ZMAT1,SALL4,ZBED2,ST3GAL5,ZNF486,CTSB,CSGALNACT1,CRYGN,WDR72,NPNT,PGF,FAM167A,TG,KATNAL2,ZNF737,UST,LPCAT2,FSCN2,PLA2R1,SLC26A4,ZNF114","chea3","104","0.023019999999999999",NA,NA,"","3","GTEx--Coexpression(rank=37); ARCHS4--Coexpression(rank=169); Enrichr--Queries(rank=295)","104","0.023019999999999999","GTEx Coexpression,0.02302"
"DEG_LD_SW480","105","ZNF365","0.023340000000000000","ARCHS4 Coexpression,0.02334","TMEM151A,NYAP1,RTN1,STXBP1,FAIM2,AK5,CPLX1,KCNV1,JPH3,SLC22A17,MCF2L,APBB1,BSN,BEND6,UNC13A,UNC5A,SYT1,PDE2A,KIAA1549L,ADAM11,ACSL6,SYP,NMNAT2,MAPK8IP2,HPCAL4,MAPK8IP1,OLFM1,KCNMA1,KCNQ2,CNTN1,NPTXR","chea3","105","0.023340000000000000",NA,NA,"","3","ARCHS4--Coexpression(rank=38); Enrichr--Queries(rank=101); GTEx--Coexpression(rank=242)","105","0.023340000000000000","ARCHS4 Coexpression,0.02334"
"DEG_LD_SW480","106","ZFP92","0.023500000000000000","Enrichr Queries,0.0235","CPM,TENM1,VIPR1,EPAS1,ITGB2,CRMP1,RORA,TMTC1,DOC2B,SDSL,CACNA1E,MED12L,LOXL2,AFF2,PCLO,DACH1,HEY1,MCF2L,GRB10,PDK4,NCAM1,MPZL2,ABCA1,CADPS2,EGR3,BCL11B,KCND3,VDR,GREB1,GABRA3,SERPINB8,BAIAP3,SLC4A8,FAM167A,IL1B,RCAN2,KCNMA1,CDH11,CMPK2,PPARG,ATF3","chea3","106","0.023500000000000000",NA,NA,"","3","Enrichr--Queries(rank=33); GTEx--Coexpression(rank=940); ARCHS4--Coexpression(rank=1432)","106","0.023500000000000000","Enrichr Queries,0.0235"
"DEG_LD_SW480","107","BHLHE22","0.023650000000000001","GTEx Coexpression,0.02365","STXBP1,NTM,DOC2B,AFF2,BEGAIN,CACNG8,MMP24,PCLO,KIF5C,SPOCK1,APBB1,BSN,BEND6,ARHGEF33,PRKCG,UNC5A,ADAM11,TTC7B,NMNAT2,MAPK8IP2,HPCAL4,AP3B2,XKR7,TIAM1,KCNQ2,CNTN1,NPTXR,APBA2","chea3","107","0.023650000000000001",NA,NA,"","3","GTEx--Coexpression(rank=38); ReMap--ChIP-seq(rank=45); ARCHS4--Coexpression(rank=73)","107","0.023650000000000001","GTEx Coexpression,0.02365"
"DEG_LD_SW480","108","ZFY","0.024219999999999998","Enrichr Queries,0.02422","CEBPD,PRUNE2,IFI6,RORA,PLAT,SLC5A3,CLGN,NT5E,GPNMB,NAMPT,NFKBIZ,PDK4,OLR1,ABCA1,ARRDC4,EGR3,ANXA1,HMGCS1,BCL11A,DKK1,SERPINB8,GNG11,EREG,SYTL2,BST2,TGFBR3,ALDH1A3,CDK6,NR4A3,IFI27,IL1B,KCNMA1,SELENOP,CNTN1,CHI3L1,PPARG,ZNF711,TGFBI,TLR4,ATF3","chea3","108","0.024219999999999998",NA,NA,"","3","Enrichr--Queries(rank=34); GTEx--Coexpression(rank=1544); ARCHS4--Coexpression(rank=1584)","108","0.024219999999999998","Enrichr Queries,0.02422"
"DEG_LD_SW480","109","CAMTA2","0.024270000000000000","GTEx Coexpression,0.02427","NYAP1,RTN1,STXBP1,CRMP1,BEGAIN,JPH3,MMP24,PCLO,APBB1,BSN,BEND6,RPS6KL1,UNC13A,CARMIL3,UNC5A,KIAA1549L,ADAM11,TTC7B,ACSL6,SYP,NMNAT2,MAPK8IP2,HPCAL4,AP3B2,XKR7,KCNQ2,APBA2,TMEM229B","chea3","109","0.024270000000000000",NA,NA,"","3","GTEx--Coexpression(rank=39); ARCHS4--Coexpression(rank=231); Enrichr--Queries(rank=984)","109","0.024270000000000000","GTEx Coexpression,0.02427"
"DEG_LD_SW480","110","ESR1","0.024389999999999998","Literature ChIP-seq,0.02439","SPON1,OXTR,CD82,MAML2,ATP8A1,RORA,FAIM2,GXYLT2,ATP12A,LOXL2,TMEM144,ALCAM,KIF5C,LEPR,PDK4,SLC16A2,BAHCC1,KIRREL3,ANKRD44,F2R,AFAP1,ACSL5,MITF,EML1,LEMD1,PGF,SYTL2,TIAM2,AR,TPST1,RAB30,COL8A2,ROR1,TLN2,IGSF8,HS3ST3A1,NTM,TSHZ2,ITPR1,AK5,MED12L,CNN3,ST3GAL5,NLRP3,IGFBP7,PAG1,MAP2K6,MARK1,GGT5,EGR3,AUTS2,SYT1,TNFSF15,GTF2IRD2,GREB1,IGF1,FBXO32,BST2,TG,NBEA,RCAN2,UST,TBCE,RNF182,TMCC3,RERE,RYR2,ECM2,BNC2,GRIK4,SPN,ACOXL,SH3PXD2A,SFTPB,SEC13,EDN1,BUD31,HUNK,NAV1,SORCS2,TGFBR3,KCNMA1,CDH11,ARHGEF3,MMP19,CDH13,COL6A3,ZP1,GPRC5C,PHLPP1,PELI2,CRMP1,KRT86,FSTL4,THSD4,SH3BGRL,EGFLAM,SPOCK1,CDRT4,COL26A1,PRRX1,PCP4L1,BICC1,MLPH,PDE10A","chea3","110","0.024389999999999998",NA,NA,"","6","ENCODE--ChIP-seq(rank=4); Literature--ChIP-seq(rank=4); ReMap--ChIP-seq(rank=41); GTEx--Coexpression(rank=132); ARCHS4--Coexpression(rank=320); Enrichr--Queries(rank=456)","110","0.024389999999999998","Literature ChIP-seq,0.02439"
"DEG_LD_SW480","111","ZFP28","0.024570000000000002","ARCHS4 Coexpression,0.02457","BEX4,TENM1,NLGN1,RTN1,TMEM63C,STXBP1,CRMP1,AKAP6,ELAVL2,PCLO,PNMA1,CAMKV,KIF5C,NCAM1,APBB1,SCN3B,CDKL2,WDR17,UNC13A,SYT1,GABRA3,CADPS,KIAA1549L,DCLK2,NMNAT2,GDAP1,SLC4A8,NBEA,SESTD1,FEZ1,RCAN2","chea3","111","0.024570000000000002",NA,NA,"","3","ARCHS4--Coexpression(rank=40); Enrichr--Queries(rank=318); GTEx--Coexpression(rank=1258)","111","0.024570000000000002","ARCHS4 Coexpression,0.02457"
"DEG_LD_SW480","112","GATA3","0.024889999999999999","GTEx Coexpression,0.02489","FLG,ZNF273,DLX3,RORA,LYPD5,CLDN1,NKPD1,KLK7,XKRX,SPTLC3,PERP,SPTSSB,TNS4,EXPH5,TFAP2A,GSDMA,BCL11B,IRX3,BTBD16,NR1D1,PTPN13,SERPINB8,SERPINB5,XG,FLG2,VANGL2,KRT14,TMEM45A","chea3","112","0.024889999999999999",NA,NA,"","6","ENCODE--ChIP-seq(rank=32); GTEx--Coexpression(rank=40); ReMap--ChIP-seq(rank=79); Literature--ChIP-seq(rank=86); ARCHS4--Coexpression(rank=294); Enrichr--Queries(rank=398)","112","0.024889999999999999","GTEx Coexpression,0.02489"
"DEG_LD_SW480","113","NR3C2","0.024930000000000001","Enrichr Queries,0.02493","NLGN1,DOCK4,PARM1,ATP8A1,MAOB,EPAS1,PELI2,PRUNE2,ITPR1,RORA,TMTC1,GNAI1,ATXN1,ALCAM,PDK4,DMD,ABCA1,CADPS2,EGLN3,ANXA1,AUTS2,SYT1,BCL11A,MITF,IGF1,FBXO32,SERPINB8,SYTL2,TGFBR3,NR4A3,NBEA,KIF26B,RCAN2,KCNMA1,SELENOP,CNTN1,PPARG,KCTD12,ATF3,MATN2","chea3","113","0.024930000000000001",NA,NA,"","3","Enrichr--Queries(rank=35); ARCHS4--Coexpression(rank=326); GTEx--Coexpression(rank=770)","113","0.024930000000000001","Enrichr Queries,0.02493"
"DEG_LD_SW480","114","SOX8","0.025180000000000001","ARCHS4 Coexpression,0.02518","TMEM151A,NYAP1,PHLPP1,FAIM2,SLAIN1,ZDHHC22,CPLX1,SOX2,RIMS4,JPH3,HEY1,PTPRZ1,CHADL,SLC22A17,SPOCK1,NCAM1,APBB1,RHBDL3,CACNG4,TSC22D4,KCNJ10,DCLK2,MAPK8IP2,QKI,MAPK8IP1,DAAM2,FEZ1,KCNQ2,ZNF853,APBA2","chea3","114","0.025180000000000001",NA,NA,"","3","ARCHS4--Coexpression(rank=41); Enrichr--Queries(rank=44); GTEx--Coexpression(rank=190)","114","0.025180000000000001","ARCHS4 Coexpression,0.02518"
"DEG_LD_SW480","115","FOSL1","0.025420000000000002","ENCODE ChIP-seq,0.02542","MPP4,VDR,ITGB2,F2R,KRT13,NR1D1,KRT86,SERPINB8,ATXN1,SERTAD4,TBCE,CORO6,OLR1,TMCC3,PLEK2,ANXA8,UPP1,TLR4","chea3","115","0.025420000000000002",NA,NA,"","5","ENCODE--ChIP-seq(rank=3); ReMap--ChIP-seq(rank=34); ARCHS4--Coexpression(rank=270); Enrichr--Queries(rank=617); GTEx--Coexpression(rank=682)","115","0.025420000000000002","ENCODE ChIP-seq,0.02542"
"DEG_LD_SW480","116","LMX1B","0.025510000000000001","GTEx Coexpression,0.02551","FLG,OXTR,DLX3,MAML2,RORA,LYPD5,EFNA5,CLDN1,NKPD1,KLK7,CX3CL1,SERTAD4,GPNMB,SPTLC3,PERP,TNS4,EXPH5,TFAP2A,EGLN3,GSDMA,AUTS2,IRX3,NR1D1,SERPINB5,FLG2,VANGL2,KRT14,TMEM45A","chea3","116","0.025510000000000001",NA,NA,"","3","GTEx--Coexpression(rank=41); ARCHS4--Coexpression(rank=109); Enrichr--Queries(rank=198)","116","0.025510000000000001","GTEx Coexpression,0.02551"
"DEG_LD_SW480","117","SALL3","0.025640000000000000","Enrichr Queries,0.02564","TSHZ3,NTM,CRMP1,RORA,FZD10,EFNA5,ELAVL2,SOX2,JPH3,PTPRZ1,KIF5C,SALL4,SPOCK1,NCAM1,ABCA1,TFAP2A,HS3ST3B1,CADPS2,EGLN3,ADGRV1,AUTS2,BCL11B,BCL11A,CADPS,EBF3,NMNAT2,SORCS2,SERPINB8,OLFM1,COL2A1,CDK6,PDE10A,KIF26A,LHX2,KIF26B,KCNMA1,KCNQ2,CDH11,CDH13,NECTIN1","chea3","117","0.025640000000000000",NA,NA,"","3","Enrichr--Queries(rank=36); GTEx--Coexpression(rank=195); ARCHS4--Coexpression(rank=469)","117","0.025640000000000000","Enrichr Queries,0.02564"
"DEG_LD_SW480","118","CREB3L1","0.025800000000000000","ARCHS4 Coexpression,0.0258","ECM1,CEMIP,OXTR,MRGPRF,PLOD3,TNFRSF11B,FBLN1,LTBP2,GALNT10,LOXL2,LASP1,NT5E,SH3PXD2A,ZNF469,SLIT3,IGFBP7,GALNT5,PRRX1,PRRX2,AFAP1,PCOLCE,DKK3,MYO1D,ACTA2,DAB2,COL5A2,CDH11,MXRA8,COL6A3,TGFBI","chea3","118","0.025800000000000000",NA,NA,"","4","ARCHS4--Coexpression(rank=42); ReMap--ChIP-seq(rank=231); Enrichr--Queries(rank=242); GTEx--Coexpression(rank=829)","118","0.025800000000000000","ARCHS4 Coexpression,0.0258"
"DEG_LD_SW480","119","HOXA9","0.026140000000000000","GTEx Coexpression,0.02614","FLG,ZNF273,DLX3,CBLC,RORA,LYPD5,CLDN1,HOXC11,NKPD1,KLK7,XKRX,GPNMB,SPTLC3,PERP,SPTSSB,TNS4,EXPH5,TFAP2A,GSDMA,VDR,IRX3,NR1D1,SERPINB5,XG,FLG2,VANGL2,KRT14,TMEM45A","chea3","119","0.026140000000000000",NA,NA,"","4","GTEx--Coexpression(rank=42); ReMap--ChIP-seq(rank=233); Enrichr--Queries(rank=238); ARCHS4--Coexpression(rank=311)","119","0.026140000000000000","GTEx Coexpression,0.02614"
"DEG_LD_SW480","120","ZNF433","0.026349999999999998","Enrichr Queries,0.02635","ZNF331,IFITM1,VIPR1,EPAS1,ASAP3,IFI6,RORA,DEPP1,LOXL2,HERC5,LFNG,FLRT3,ZNF429,ZNF502,CKB,ZNF763,ZNF442,ABCA1,ARRDC4,CADPS2,ZNF681,EDN1,EGR3,ASNS,SERPINB8,DHRS2,PGF,SYTL2,BST2,ISG20,CDK6,ZNF93,NBEA,ZNF737,SELENOP,PPARG,ZNF117,TGFBI,ZNF610,ATF3","chea3","120","0.026349999999999998",NA,NA,"","3","Enrichr--Queries(rank=37); ARCHS4--Coexpression(rank=868); GTEx--Coexpression(rank=1364)","120","0.026349999999999998","Enrichr Queries,0.02635"
"DEG_LD_SW480","121","TET3","0.026759999999999999","GTEx Coexpression,0.02676","FLG,ZNF273,DLX3,CBLC,RORA,NOD2,LYPD5,CLDN1,NKPD1,KLK7,XKRX,SPTLC3,PERP,SPTSSB,TNS4,EXPH5,TFAP2A,GSDMA,BCL11B,TNFRSF18,SERPINB8,SERPINB5,FLG2,GPRIN2,VANGL2,KRT14,TMEM45A,NECTIN1","chea3","121","0.026759999999999999",NA,NA,"","3","GTEx--Coexpression(rank=43); ReMap--ChIP-seq(rank=296); ARCHS4--Coexpression(rank=1459)","121","0.026759999999999999","GTEx Coexpression,0.02676"
"DEG_LD_SW480","122","ZNF92","0.026939999999999999","ReMap ChIP-seq,0.02694","CD82,GMFG,CBLC,ARRB1,KIF12,GALNT10,LFNG,CHCHD4,LASP1,ALCAM,DUSP10,TMEM43,LEPR,FBXO6,INSL3,TNS4,TSC22D4,TLE2,UNC13A,COL27A1,SPNS2,TMC8,TMEM40,NAV1,TMC6,EML1,HSPG2,PGF,DKK3,ARHGAP45,SPOCD1,DAAM2,DNAJC30,COL8A2,NPTXR,NYAP1,SELPLG,DLX4,HTRA3,CLCNKB,FBLN1,KRT86,DEPP1,BICRA,TGFBR3L,ATXN1,SH3TC1,ZNF469,IGFBP7,PRR22,NGFR,CD74,CRYGN,DAB2IP,KRT13,ARPC4,MEIS3,SLC6A6,TH,KIF26A,LHX2,TRPV4,LPCAT2,PSMG3,CAMK1","chea3","122","0.026939999999999999",NA,NA,"","4","ReMap--ChIP-seq(rank=8); ARCHS4--Coexpression(rank=977); GTEx--Coexpression(rank=1075); Enrichr--Queries(rank=1097)","122","0.026939999999999999","ReMap ChIP-seq,0.02694"
"DEG_LD_SW480","123","ETV1","0.027029999999999998","ARCHS4 Coexpression,0.02703","NLGN1,PHLPP1,STXBP1,PRUNE2,ILDR2,FAIM2,SLAIN1,ZDHHC22,SOX2,PTPRZ1,KIF5C,SLC22A17,MCF2L,NCAM1,CKB,APBB1,CADPS2,UNC13A,KCNJ10,DCLK2,SYP,NMNAT2,HPCAL4,QKI,MAPK8IP1,TIAM1,FEZ1,KCNQ2,CNTN1,APBA2","chea3","123","0.027029999999999998",NA,NA,"","4","ARCHS4--Coexpression(rank=44); ReMap--ChIP-seq(rank=206); Enrichr--Queries(rank=314); GTEx--Coexpression(rank=342)","123","0.027029999999999998","ARCHS4 Coexpression,0.02703"
"DEG_LD_SW480","124","BNC1","0.027070000000000000","Enrichr Queries,0.02707","CEMIP,HS3ST3A1,EPAS1,PLAT,CLDN1,RND3,LOXL2,NT5E,PTPRZ1,GPNMB,FLRT3,PDGFC,PDK4,SPOCK1,EDN1,EGR3,ANXA1,VDR,NPNT,DKK1,SERPINB8,PGF,EREG,ACTA2,TGFBR3,ALDH1A3,SLPI,KIF26B,KCNMA1,COL5A2,KRT14,CDH11,CNTN1,CDH13,COL6A3,PPARG,TGFBI,ATF3,MATN2,VGLL3","chea3","124","0.027070000000000000",NA,NA,"","3","Enrichr--Queries(rank=38); ARCHS4--Coexpression(rank=168); GTEx--Coexpression(rank=796)","124","0.027070000000000000","Enrichr Queries,0.02707"
"DEG_LD_SW480","125","HELT","0.027380000000000002","GTEx Coexpression,0.02738","FLG,ZNF273,DLX3,DLX4,RORA,LYPD5,CLDN1,NKPD1,KLK7,XKRX,SPTLC3,PERP,SPTSSB,TNS4,EXPH5,TFAP2A,GSDMA,IRX3,BTBD16,NR1D1,SERPINB8,SERPINB5,XG,FLG2,GPRIN2,VANGL2,KRT14,TMEM45A","chea3","125","0.027380000000000002",NA,NA,"","3","GTEx--Coexpression(rank=44); Enrichr--Queries(rank=592); ARCHS4--Coexpression(rank=1117)","125","0.027380000000000002","GTEx Coexpression,0.02738"
"DEG_LD_SW480","126","BARHL1","0.027640000000000001","ARCHS4 Coexpression,0.02764","CNTFR,NYAP1,RTN1,STXBP1,FAIM2,DOC2B,CPLX1,RIMS4,JPH3,KIF5C,SLC22A17,MCF2L,NCAM1,APBB1,BSN,CADPS2,UNC5A,DAB2IP,ADAM11,SYP,NMNAT2,MAPK8IP2,HPCAL4,SORCS2,MAPK8IP1,TIAM1,VANGL2,KCNQ2,FAT2,APBA2","chea3","126","0.027640000000000001",NA,NA,"","3","ARCHS4--Coexpression(rank=45); Enrichr--Queries(rank=489); GTEx--Coexpression(rank=636)","126","0.027640000000000001","ARCHS4 Coexpression,0.02764"
"DEG_LD_SW480","127","ZNF391","0.027779999999999999","Enrichr Queries,0.02778","PARM1,MAML2,ATP8A1,EPAS1,PRUNE2,TSHZ2,XYLT1,RORA,FMN1,AKAP6,CLGN,NT5E,PCLO,GPNMB,KIF5C,FLRT3,ABCA1,ARRDC4,CADPS2,ZNF681,EDN1,AUTS2,BCL11A,RAB27B,NMNAT2,FBXO32,PTPN13,SERPINB8,SYTL2,TGFBR3,RAB30,CDK6,NBEA,ZNF737,KCNMA1,SELENOP,SSPN,ZNF711,STEAP2,ATF3","chea3","127","0.027779999999999999",NA,NA,"","3","Enrichr--Queries(rank=39); ARCHS4--Coexpression(rank=625); GTEx--Coexpression(rank=762)","127","0.027779999999999999","Enrichr Queries,0.02778"
"DEG_LD_SW480","128","ATOH7","0.028000000000000001","GTEx Coexpression,0.028","NYAP1,RTN1,GDA,STXBP1,FAIM2,BEGAIN,JPH3,KIF5C,PPP4R4,BSN,BEND6,COL26A1,UNC13A,UNC5A,SYT1,KIAA1549L,TTC7B,ACSL6,SYP,NMNAT2,MAPK8IP2,HPCAL4,AP3B2,GDAP1,OLFM1,KCNQ2,APBA2,BEX5","chea3","128","0.028000000000000001",NA,NA,"","3","GTEx--Coexpression(rank=45); Enrichr--Queries(rank=151); ARCHS4--Coexpression(rank=383)","128","0.028000000000000001","GTEx Coexpression,0.028"
"DEG_LD_SW480","129","ZNF488","0.028260000000000000","ARCHS4 Coexpression,0.02826","TMEM151A,IGSF8,NYAP1,STXBP1,FAIM2,SLAIN1,ZDHHC22,CPLX1,RIMS4,JPH3,SLC22A17,SPOCK1,APBB1,BSN,CACNG4,UNC13A,KCNJ10,UNC5A,DAB2IP,ADAM11,SYP,ANO4,MAPK8IP2,HPCAL4,MAPK8IP1,OLFM1,DAAM2,XPNPEP2,KCNQ2,NPTXR","chea3","129","0.028260000000000000",NA,NA,"","2","ARCHS4--Coexpression(rank=46); Enrichr--Queries(rank=275)","129","0.028260000000000000","ARCHS4 Coexpression,0.02826"
"DEG_LD_SW480","130","KLF8","0.028490000000000001","Enrichr Queries,0.02849","IFITM1,EPAS1,PRUNE2,NEDD9,RORA,TMTC1,CLDN1,LOXL2,NT5E,ALCAM,GPNMB,KIF5C,FLRT3,PERP,PDK4,DMD,NCAM1,UPP1,SLC16A2,MPZL2,ABCA1,ARRDC4,EGLN3,EDN1,ANXA1,BCL11A,MITF,FBXO32,SERPINB8,SYTL2,TGFBR3,TIAM1,NR4A3,KCNMA1,UST,CNTN1,PPARG,TGFBI,FGF13,ATF3","chea3","130","0.028490000000000001",NA,NA,"","3","Enrichr--Queries(rank=40); GTEx--Coexpression(rank=181); ARCHS4--Coexpression(rank=899)","130","0.028490000000000001","Enrichr Queries,0.02849"
"DEG_LD_SW480","131","FOXN1","0.028620000000000000","GTEx Coexpression,0.02862","FLG,ZNF273,DLX3,DLX4,CBLC,RORA,LYPD5,CLDN1,NKPD1,KLK7,XKRX,TP53AIP1,SPTLC3,PERP,SPTSSB,TNS4,EXPH5,TFAP2A,GSDMA,BCL11B,PTPN13,SERPINB8,SERPINB5,FLG2,VANGL2,KRT14,TMEM45A,NECTIN1","chea3","131","0.028620000000000000",NA,NA,"","3","GTEx--Coexpression(rank=46); ARCHS4--Coexpression(rank=223); Enrichr--Queries(rank=562)","131","0.028620000000000000","GTEx Coexpression,0.02862"
"DEG_LD_SW480","132","DZIP1","0.028870000000000000","ARCHS4 Coexpression,0.02887","GMFG,NTM,ITGB2,AK5,SPN,SOX2,RIMS4,PCLO,KIF5C,ADAM23,TBC1D10C,NCAM1,LGALS9,UNC13A,AUTS2,KIAA1549L,TMC8,DCLK2,ARPC4,TMC6,NMNAT2,PTPN13,QKI,MAPK8IP1,ARHGAP45,NBEA,KCNMA1,KCNQ2,ZNF711,PLCB2","chea3","132","0.028870000000000000",NA,NA,"","3","ARCHS4--Coexpression(rank=47); GTEx--Coexpression(rank=81); Enrichr--Queries(rank=311)","132","0.028870000000000000","ARCHS4 Coexpression,0.02887"
"DEG_LD_SW480","133","ZNF396","0.029200000000000000","Enrichr Queries,0.0292","ATP8A1,CEBPD,EPAS1,PELI2,PRUNE2,IFI6,NEDD9,RORA,LDLRAD4,DEPP1,CLGN,SOX2,SAMD15,RASSF2,ZMAT1,GPNMB,KIF5C,CTSK,PDGFC,DMD,ABCA1,CADPS2,EGR3,MITF,FBXO32,SERPINB8,KLF15,PGF,SYTL2,NR4A3,IFI27,NBEA,KCNMA1,SELENOP,CMPK2,ZNF117,ZNF610,ATF3,ZNF596,TMEM229B","chea3","133","0.029200000000000000",NA,NA,"","3","Enrichr--Queries(rank=41); GTEx--Coexpression(rank=707); ARCHS4--Coexpression(rank=814)","133","0.029200000000000000","Enrichr Queries,0.0292"
"DEG_LD_SW480","134","NR4A3","0.029479999999999999","ARCHS4 Coexpression,0.02948","ZNF331,FCGBP,DOCK4,CEBPD,PLEK,NEDD9,TREM2,LDLRAD4,GNA13,SH3TC1,NFKBIZ,OLR1,NLRP3,SLC15A3,HAVCR2,MPP1,CD74,EGR3,STARD8,SYTL3,PALD1,CD4,NPC2,IL1B,LPCAT2,MMP19,RAB7B,PLCB2,KBTBD8,ATF3","chea3","134","0.029479999999999999",NA,NA,"","3","ARCHS4--Coexpression(rank=48); Enrichr--Queries(rank=567); GTEx--Coexpression(rank=639)","134","0.029479999999999999","ARCHS4 Coexpression,0.02948"
"DEG_LD_SW480","135","HIVEP3","0.029870000000000001","GTEx Coexpression,0.02987","ZNF273,DLX3,NXPH4,LYPD5,EFNA5,CLDN1,NKPD1,KLK7,TP53AIP1,PERP,SPTSSB,TNS4,EXPH5,TFAP2A,CARMIL3,SIVA1,BCL11B,BCL11A,TNFRSF18,IRX3,SERPINB5,GPRIN2,VANGL2,KRT14,PSMG3,TMEM45A,NECTIN1","chea3","135","0.029870000000000001",NA,NA,"","3","GTEx--Coexpression(rank=48); ARCHS4--Coexpression(rank=108); Enrichr--Queries(rank=173)","135","0.029870000000000001","GTEx Coexpression,0.02987"
"DEG_LD_SW480","136","SCRT2","0.029909999999999999","Enrichr Queries,0.02991","RTN1,CRMP1,CACNA1E,ELAVL2,JPH3,MMP24,CRTAC1,KIF5C,ADAMTS17,PHACTR3,SLIT3,RHBDL3,BSN,SCN3B,CACNG4,CHGB,KIRREL3,NGFR,EGR3,UNC13A,UNC5A,AUTS2,BCL11B,BCL11A,ECEL1,CADPS,NAV1,EBF3,NMNAT2,MAPK8IP2,SERPINB8,OLFM1,XKR7,NR4A3,VGF,LHX2,KIF26B,KCNQ2,ATF3,NECTIN1","chea3","136","0.029909999999999999",NA,NA,"","3","Enrichr--Queries(rank=42); ARCHS4--Coexpression(rank=104); GTEx--Coexpression(rank=149)","136","0.029909999999999999","Enrichr Queries,0.02991"
"DEG_LD_SW480","137","TFCP2L1","0.030099999999999998","ARCHS4 Coexpression,0.0301","FCGBP,ANXA8L1,EPAS1,CLCNKB,CBLC,LRP2,ATP12A,WFDC2,PKHD1,CYP4X1,GPA33,PERP,KLRG2,ANXA8,TNS4,TSPAN1,MPZL2,DAB2IP,CYS1,SERPINB5,MYO1D,ALDH1A3,TG,SLPI,TRPV4,FAT2,PRR15,PLA2R1,GPRC5C,NECTIN1","chea3","137","0.030099999999999998",NA,NA,"","3","ARCHS4--Coexpression(rank=49); GTEx--Coexpression(rank=300); Enrichr--Queries(rank=453)","137","0.030099999999999998","ARCHS4 Coexpression,0.0301"
"DEG_LD_SW480","138","TEAD1","0.030300000000000001","ReMap ChIP-seq,0.0303","ISCA2,ANKRD33B,MAML2,CBLC,RND3,LASP1,ALCAM,SPTLC3,LEPR,OLR1,UPP1,TNS4,LMCD1,BAHCC1,CFAP45,KIRREL3,PRKCG,TIGD2,EDN1,ANXA1,KCNK15,AFAP1,HSPG2,DKK1,TM4SF1,DKK3,IL1A,NPC2,CDH13,S100A3,VGLL3,HS3ST3A1,LTBP2,KRT86,SLC7A2,DEPP1,GNAI1,CNN3,NT5E,ATXN1,ABLIM3,PDGFC,ZBED2,IGFBP7,BEND6,TFAP2A,MPP4,MACC1,KRT13,FBXO32,PTPN13,GNG11,DCBLD2,SLC4A8,FAM200A,FAM167A,CDK6,MLPH,PPP1R1C,COL5A2,TRIP6,LPCAT2,PMP22,ZNF655,TGFBI","chea3","138","0.030300000000000001",NA,NA,"","4","ReMap--ChIP-seq(rank=9); ARCHS4--Coexpression(rank=361); GTEx--Coexpression(rank=457); Enrichr--Queries(rank=839)","138","0.030300000000000001","ReMap ChIP-seq,0.0303"
"DEG_LD_SW480","139","BACH1","0.030490000000000000","Literature ChIP-seq,0.03049","ERO1B,SPON1,IFITM1,ATP8A1,GMFG,PLOD3,RORA,PLAT,IL1RAP,CLDN1,ALCAM,DACH1,KIF5C,PPP4R4,MPZ,NAMPT,LEPR,PDK4,ADAM11,PSG1,MITF,HPCAL4,AR,OLFM1,EEF1A2,MXRA8,COL8A2,ROR1,ZNF556,NPTXR,ATF3,FLG,CHRNA1,CEMIP,RTN1,EPAS1,NTM,CLCNKB,AK5,C2,CFAP69,NLRP3,MAGEC2,NLRP1,TRPM6,ABCA1,GGT5,EGR3,APOBEC3G,SYT1,BCL11B,IGF1,QKI,PPFIBP2,COL5A2,CNTN1,TGFBI,FGF13,DZIP3,CPM,RYR2,ECM2,IL24,TREM2,RLBP1,WFDC2,AFF2,LFNG,MDK,CTSK,MCF2L,OLR1,CYTIP,CFAP45,GALNT8,AP3B2,ACTA2,IL1A,ALDH1A3,IL1B,PPARG,PLCB2,TLR3,CEBPD,PELI2,CRYBA2,PRR5L,NOD2,CST1,PTPRZ1,GPA33,GABRE,MPZL2,PRRX1,GDAP1,BAIAP3,MYO1D,MYO15B,KCNS3,TCAP","chea3","139","0.030490000000000000",NA,NA,"","6","Literature--ChIP-seq(rank=5); ENCODE--ChIP-seq(rank=14); ReMap--ChIP-seq(rank=176); ARCHS4--Coexpression(rank=421); Enrichr--Queries(rank=922); GTEx--Coexpression(rank=1194)","139","0.030490000000000000","Literature ChIP-seq,0.03049"
"DEG_LD_SW480","140","SOX18","0.030490000000000000","GTEx Coexpression,0.03049","SRPX,CPNE8,HTRA3,NEDD9,CYGB,SHE,EGFLAM,HEY1,ABLIM3,METTL6,EPHB4,TIMP4,GGT5,AFAP1L1,VWF,STARD8,EBF3,GNG11,TM4SF1,SHROOM4,FRMD3,PTPRB,IFI27,KIF26A,COL5A3,PPARG,KCTD12","chea3","140","0.030490000000000000",NA,NA,"","3","GTEx--Coexpression(rank=49); ARCHS4--Coexpression(rank=170); Enrichr--Queries(rank=321)","140","0.030490000000000000","GTEx Coexpression,0.03049"
"DEG_LD_SW480","141","ZNF233","0.030630000000000001","Enrichr Queries,0.03063","VIPR1,ATP8A1,PRUNE2,TSHZ2,RORA,FMN1,LRP2,MED12L,CLGN,LOXL2,PCLO,DACH1,HEY1,HYAL1,KIF5C,ZNF429,PDK4,ZNF107,DMD,ZNF502,ABCA1,CSGALNACT1,ARRDC4,CADPS2,ZNF681,ADGRV1,EGR3,RAB27B,FBXO32,PTPN13,SERPINB8,SLC16A14,SLC4A8,NBEA,KCNMA1,SELENOP,CNTN1,ZNF117,ZNF610,RBM24","chea3","141","0.030630000000000001",NA,NA,"","3","Enrichr--Queries(rank=43); ARCHS4--Coexpression(rank=424); GTEx--Coexpression(rank=1278)","141","0.030630000000000001","Enrichr Queries,0.03063"
"DEG_LD_SW480","142","RORB","0.030710000000000001","ARCHS4 Coexpression,0.03071","RTN1,ANKRD33B,STXBP1,ILDR2,AKAP6,FAIM2,AK5,PCLO,KIF5C,NCAM1,RHBDL3,BSN,SCN3B,WDR17,ADGRV1,UNC13A,SYT1,CADPS,KIAA1549L,ACSL6,IGF1,SYP,NMNAT2,PTPN13,MAPK8IP2,HPCAL4,SORCS2,OLFM1,NBEA,CNTN1","chea3","142","0.030710000000000001",NA,NA,"","3","ARCHS4--Coexpression(rank=50); Enrichr--Queries(rank=264); GTEx--Coexpression(rank=373)","142","0.030710000000000001","ARCHS4 Coexpression,0.03071"
"DEG_LD_SW480","143","GSC","0.031109999999999999","GTEx Coexpression,0.03111","SRPX,ECM2,MAML2,SHOX2,TSHZ2,NEDD9,DEPP1,CYGB,SHE,EGFLAM,ABLIM3,SLIT3,GYG2,GABRE,TIMP4,GGT5,AFAP1L1,PRRX1,VWF,EBF3,GNG11,TGFBR3,SESTD1,CAT,MXRA8,PPARG,KCTD12","chea3","143","0.031109999999999999",NA,NA,"","3","GTEx--Coexpression(rank=50); Enrichr--Queries(rank=335); ARCHS4--Coexpression(rank=1095)","143","0.031109999999999999","GTEx Coexpression,0.03111"
"DEG_LD_SW480","144","ST18","0.031329999999999997","ARCHS4 Coexpression,0.03133","BEX4,ERO1B,PARM1,STXBP1,CRYBA2,CRMP1,AKAP6,RND3,PCLO,DACH1,KIF5C,GNG4,NCAM1,NKX6-1,CHGB,CHRNB4,UNC13A,GSTO2,BCL11A,TMEM176B,CADPS,NMNAT2,AP3B2,GDAP1,SLC4A8,FAM167A,NBEA,RCAN2,ZNF737,CNTN1","chea3","144","0.031329999999999997",NA,NA,"","3","ARCHS4--Coexpression(rank=51); Enrichr--Queries(rank=130); GTEx--Coexpression(rank=204)","144","0.031329999999999997","ARCHS4 Coexpression,0.03133"
"DEG_LD_SW480","145","DLX3","0.031739999999999997","GTEx Coexpression,0.03174","FLG,ZNF273,DLX4,NXPH4,RORA,LYPD5,CLDN1,NKPD1,KLK7,XKRX,SPTLC3,PERP,SPTSSB,TNS4,EXPH5,TFAP2A,GSDMA,BTBD16,NR1D1,PTPN13,SERPINB8,SERPINB5,XG,FLG2,VANGL2,KRT14,TMEM45A","chea3","145","0.031739999999999997",NA,NA,"","3","GTEx--Coexpression(rank=51); Enrichr--Queries(rank=169); ARCHS4--Coexpression(rank=284)","145","0.031739999999999997","GTEx Coexpression,0.03174"
"DEG_LD_SW480","146","CSRNP3","0.031940000000000003","ARCHS4 Coexpression,0.03194","BEX4,RTN1,ATP8A1,STXBP1,NTM,CRMP1,AKAP6,AK5,CACNA1E,ELAVL2,PCLO,CAMKV,KIF5C,NCAM1,APBB1,BSN,SCN3B,MARK1,WDR17,UNC13A,SYT1,KIAA1549L,NMNAT2,HPCAL4,GDAP1,OLFM1,SLC4A8,NBEA,CNTN1,BEX5","chea3","146","0.031940000000000003",NA,NA,"","2","ARCHS4--Coexpression(rank=52); GTEx--Coexpression(rank=152)","146","0.031940000000000003","ARCHS4 Coexpression,0.03194"
"DEG_LD_SW480","147","ZNF98","0.032050000000000002","Enrichr Queries,0.03205","RYR1,RYR2,NLGN1,ZNF273,MAML2,MSI1,RORA,TMTC1,ELAVL2,PCLO,EGFLAM,PTPRZ1,ZNF429,DMD,SLC16A9,CA8,LZTS1,ZNF486,CADPS2,EGLN3,ZNF681,ZNF680,ADGRV1,UNC13A,AUTS2,RAB27B,WDR72,NPNT,SERPINB8,TGFBR3,PDE10A,ZNF93,NBEA,ZNF737,CAT,CNTN1,TRIM58,CDH13,PRKCQ,FGF13","chea3","147","0.032050000000000002",NA,NA,"","3","Enrichr--Queries(rank=45); ARCHS4--Coexpression(rank=554); GTEx--Coexpression(rank=990)","147","0.032050000000000002","Enrichr Queries,0.03205"
"DEG_LD_SW480","148","TFAP2A","0.032360000000000000","GTEx Coexpression,0.03236","FLG,ZNF273,DLX3,CBLC,RORA,LYPD5,CLDN1,NKPD1,KLK7,XKRX,TP53AIP1,SPTLC3,PERP,SPTSSB,TNS4,EXPH5,GSDMA,IRX3,NR1D1,PTPN13,SERPINB8,SERPINB5,FLG2,VANGL2,KRT14,TMEM45A,NECTIN1","chea3","148","0.032360000000000000",NA,NA,"","6","GTEx--Coexpression(rank=52); ENCODE--ChIP-seq(rank=71); ReMap--ChIP-seq(rank=75); Literature--ChIP-seq(rank=85); ARCHS4--Coexpression(rank=215); Enrichr--Queries(rank=656)","148","0.032360000000000000","GTEx Coexpression,0.03236"
"DEG_LD_SW480","149","NPAS3","0.032559999999999999","ARCHS4 Coexpression,0.03256","CNTFR,NLGN1,PHLPP1,NTM,PON2,CRMP1,ILDR2,AKAP6,DTX4,ELAVL2,AFF2,SOX2,HEY1,PTPRZ1,KIF5C,NCAM1,WDR17,ADGRV1,KCNJ10,KCNK10,AUTS2,HMGCS1,ACSL6,DCLK2,NMNAT2,QKI,SLC4A8,VANGL2,NBEA,FEZ1","chea3","149","0.032559999999999999",NA,NA,"","3","ARCHS4--Coexpression(rank=53); Enrichr--Queries(rank=77); GTEx--Coexpression(rank=164)","149","0.032559999999999999","ARCHS4 Coexpression,0.03256"
"DEG_LD_SW480","150","ZNF257","0.032759999999999997","Enrichr Queries,0.03276","ZNF331,RYR2,NLGN1,IFITM1,ZNF273,PLAT,ELAVL2,CLGN,HERC5,DACH1,PTPRZ1,GPNMB,KIF5C,ZNF429,ZNF107,ZNF486,CSGALNACT1,CADPS2,ZNF681,ZNF680,ADGRV1,ANXA1,SYT1,TET1,DKK1,SERPINB8,BST2,TIAM1,ZNF92,NR4A3,ZNF93,OAS1,ZNF737,TRIM58,PPARG,ZNF117,ZNF610,FGF13,RBM24,ZNF114","chea3","150","0.032759999999999997",NA,NA,"","3","Enrichr--Queries(rank=46); ARCHS4--Coexpression(rank=803); GTEx--Coexpression(rank=1375)","150","0.032759999999999997","Enrichr Queries,0.03276"
"DEG_LD_SW480","151","ZNF750","0.032980000000000002","GTEx Coexpression,0.03298","FLG,DLX3,CBLC,RORA,LYPD5,CLDN1,NKPD1,KLK7,XKRX,TP53AIP1,SPTLC3,PERP,SFN,SPTSSB,TNS4,EXPH5,TFAP2A,GSDMA,TMEM40,PTPN13,SERPINB8,SERPINB5,FLG2,VANGL2,KRT14,TMEM45A,NECTIN1","chea3","151","0.032980000000000002",NA,NA,"","4","GTEx--Coexpression(rank=53); ARCHS4--Coexpression(rank=188); ReMap--ChIP-seq(rank=248); Enrichr--Queries(rank=319)","151","0.032980000000000002","GTEx Coexpression,0.03298"
"DEG_LD_SW480","152","FOXF1","0.033169999999999998","ARCHS4 Coexpression,0.03317","CCDC71L,ECM1,CEMIP,HS3ST3A1,EPAS1,MRGPRF,TNFRSF11B,TMTC1,LTBP2,RND3,CYGB,THSD4,LOXL2,NT5E,SH3PXD2A,ZNF469,IGFBP7,GALNT5,PRRX2,F2R,AFAP1,PCOLCE,DKK3,DAB2,COL5A2,CDH11,MXRA8,COL6A3,TGFBI","chea3","152","0.033169999999999998",NA,NA,"","3","ARCHS4--Coexpression(rank=54); Enrichr--Queries(rank=454); GTEx--Coexpression(rank=792)","152","0.033169999999999998","ARCHS4 Coexpression,0.03317"
"DEG_LD_SW480","153","ZNF572","0.033480000000000003","Enrichr Queries,0.03348","RYR1,CEBPD,XYLT1,AK5,CLDN1,LOXL2,HERC5,NT5E,PCLO,ALCAM,MDK,GNG4,PDK4,ZNF107,ZNF502,ZNF501,VAT1L,ZNF486,ABCA1,TFAP2A,ARRDC4,B3GALNT1,CADPS2,EDN1,ZNF680,ANXA1,BCL11A,MOCOS,TET1,FBXO32,ALDH1A3,NBEA,ZNF737,KCNMA1,ZNF239,ZNF610,STEAP1,ATF3,TLR3,MATN2","chea3","153","0.033480000000000003",NA,NA,"","3","Enrichr--Queries(rank=47); ARCHS4--Coexpression(rank=1140); GTEx--Coexpression(rank=1188)","153","0.033480000000000003","Enrichr Queries,0.03348"
"DEG_LD_SW480","154","CTCFL","0.033669999999999999","ReMap ChIP-seq,0.03367","ZNF512B,TMEM151A,ACHE,POP7,MOGAT3,PLOD3,UFSP1,NKPD1,NAT16,LYL1,ZCWPW1,DBP,MDK,HYAL1,TBC1D10C,AP1S1,FBXO6,PTGDS,BAHCC1,EPHB4,SLC12A9,HES7,TSC22D4,TLE2,CCDC116,TNFRSF18,CLEC11A,TMC8,ENTPD8,PCOLCE,TMC6,SYP,ARHGAP45,MBLAC1,ACAP1,VGF,EEF1A2,MXRA8,FSCN2,PLCB2,TEDC1,NYAP1,NXPH4,MEPCE,CRYBA2,HOXD13,HOXD11,HOXD10,TGFBR3L,ZNF469,CKB,TFAP2A,SIVA1,PRSS33,BAIAP3,BST2,KIF26A,FASN,GNB2,TRIP6,PSMG3,CORO6,ANKRD63,NOTUM","chea3","154","0.033669999999999999",NA,NA,"","5","ReMap--ChIP-seq(rank=10); ENCODE--ChIP-seq(rank=82); ARCHS4--Coexpression(rank=316); Enrichr--Queries(rank=830); GTEx--Coexpression(rank=848)","154","0.033669999999999999","ReMap ChIP-seq,0.03367"
"DEG_LD_SW480","155","FOXC2","0.033779999999999998","ARCHS4 Coexpression,0.03378","SRPX,MRGPRF,LTBP2,THSD4,GALNT10,LOXL2,NT5E,SH3PXD2A,ZNF469,IGFBP7,ANKRD52,ADAMTS7,PRRX1,VWF,AFAP1,PCOLCE,HSPG2,DKK3,SPOCD1,ACTA2,DAB2,COL5A2,TRIP6,CDH11,MXRA8,CDH13,COL6A3,TGFBI,CHST3","chea3","155","0.033779999999999998",NA,NA,"","3","ARCHS4--Coexpression(rank=55); GTEx--Coexpression(rank=224); Enrichr--Queries(rank=452)","155","0.033779999999999998","ARCHS4 Coexpression,0.03378"
"DEG_LD_SW480","156","ZNF311","0.034189999999999998","Enrichr Queries,0.03419","NTM,IFI6,RORA,EFNA5,LOXL2,HERC5,SOX2,EGFLAM,HYAL1,GRB10,SPOCK1,TFAP2A,CSGALNACT1,ARRDC4,CD74,CADPS2,BCL11B,BCL11A,MOCOS,DKK1,SERPINB8,SLC16A14,PGF,SYTL2,BST2,ISG20,ALDH1A3,CDK6,NR4A3,OAS1,KIF26B,KCNMA1,CMPK2,CDH13,COL6A3,ZNF610,ATF3,TLR3,MATN2","chea3","156","0.034189999999999998",NA,NA,"","3","Enrichr--Queries(rank=48); GTEx--Coexpression(rank=506); ARCHS4--Coexpression(rank=867)","156","0.034189999999999998","Enrichr Queries,0.03419"
"DEG_LD_SW480","157","RORA","0.034849999999999999","GTEx Coexpression,0.03485","FLG,ZNF273,DLX3,LYPD5,CLDN1,NKPD1,KLK7,XKRX,SPTLC3,PERP,SPTSSB,TNS4,EXPH5,TFAP2A,GSDMA,IRX3,BTBD16,NR1D1,PTPN13,SERPINB8,SERPINB5,XG,FLG2,GPRIN2,VANGL2,KRT14,TMEM45A","chea3","157","0.034849999999999999",NA,NA,"","3","GTEx--Coexpression(rank=56); ARCHS4--Coexpression(rank=203); Enrichr--Queries(rank=459)","157","0.034849999999999999","GTEx Coexpression,0.03485"
"DEG_LD_SW480","158","VAX2","0.034900000000000000","Enrichr Queries,0.0349","KCNG1,DLX3,DLX4,EPAS1,SHOX2,CRMP1,RORA,HOXD13,HOXD10,LOXL2,LFNG,SOX2,CRTAC1,SIX2,TFAP2A,NGFR,CADPS2,EGLN3,EGR3,PRRX1,BCL11B,IRX3,PRRX2,MOCOS,EBF3,SORCS2,DKK1,SERPINB8,PGF,OLFM1,ALDH1A3,COL2A1,NR4A3,VGF,LHX2,KIF26B,PPARG,TGFBI,ATF3","chea3","158","0.034900000000000000",NA,NA,"","3","Enrichr--Queries(rank=49); ARCHS4--Coexpression(rank=278); GTEx--Coexpression(rank=494)","158","0.034900000000000000","Enrichr Queries,0.0349"
"DEG_LD_SW480","159","MKX","0.035009999999999999","ARCHS4 Coexpression,0.03501","CCDC71L,CEMIP,OXTR,SHOX2,MRGPRF,TNFRSF11B,TMTC1,FBLN1,LTBP2,LOXL2,SH3PXD2A,CTSK,ZNF469,SLIT3,GALNT5,PRRX1,PRRX2,AFAP1,PCOLCE,DKK1,DKK3,PDP1,DAB2,COL5A2,CDH11,MXRA8,COL6A3,CHST3,VGLL3","chea3","159","0.035009999999999999",NA,NA,"","3","Enrichr--Queries(rank=56); ARCHS4--Coexpression(rank=57); GTEx--Coexpression(rank=366)","159","0.035009999999999999","ARCHS4 Coexpression,0.03501"
"DEG_LD_SW480","160","SP5","0.035470000000000002","GTEx Coexpression,0.03547","FLG,DLX3,ASAP3,CBLC,RORA,LYPD5,CLDN1,NKPD1,KLK7,XKRX,GPNMB,SPTLC3,CTSK,PERP,SPTSSB,TNS4,EXPH5,TFAP2A,GSDMA,NR1D1,SERPINB8,SERPINB5,XG,FLG2,VANGL2,KRT14,TMEM45A","chea3","160","0.035470000000000002",NA,NA,"","3","GTEx--Coexpression(rank=57); Enrichr--Queries(rank=76); ARCHS4--Coexpression(rank=490)","160","0.035470000000000002","GTEx Coexpression,0.03547"
"DEG_LD_SW480","161","OSR2","0.035610000000000003","Enrichr Queries,0.03561","IFITM1,CEBPD,EPAS1,SHOX2,PLAT,FBLN1,RND3,LOXL2,NT5E,GPNMB,OLFML3,CTSK,PDK4,TFAP2A,EDN1,EGR3,ANXA1,PRRX1,IRX3,PCOLCE,MITF,EBF3,IGF1,DKK1,SERPINB8,ACTA2,TGFBR3,ALDH1A3,NR4A3,SELENOP,CDH11,CNTN1,COL6A3,PPARG,KCTD12,TGFBI,ATF3,MATN2,VGLL3","chea3","161","0.035610000000000003",NA,NA,"","3","Enrichr--Queries(rank=50); ARCHS4--Coexpression(rank=62); GTEx--Coexpression(rank=262)","161","0.035610000000000003","Enrichr Queries,0.03561"
"DEG_LD_SW480","162","NRL","0.035630000000000002","ARCHS4 Coexpression,0.03563","ANKRD33B,FRMPD1,STXBP1,ILDR2,FMN1,DOC2B,RLBP1,RASSF2,EGFLAM,CDH23,CKB,RHBDL3,DRD4,VAT1L,MPP4,ESRRB,CADPS,ACSL6,SYP,NR1D1,PTPN13,EML1,SORCS2,DKK3,SLC6A6,KIAA1614,NBEA,WNK2,FSCN2","chea3","162","0.035630000000000002",NA,NA,"","3","ARCHS4--Coexpression(rank=58); Enrichr--Queries(rank=638); GTEx--Coexpression(rank=1049)","162","0.035630000000000002","ARCHS4 Coexpression,0.03563"
"DEG_LD_SW480","163","PAX8","0.036089999999999997","GTEx Coexpression,0.03609","ZNF512B,PARM1,ATP8A1,PRKX,LRP2,TMEM243,ZMAT1,SALL4,ZBED2,ST3GAL5,ZNF486,CTSB,CSGALNACT1,CRYGN,WDR72,NPNT,PGF,FAM167A,TG,KATNAL2,ZNF737,UST,LPCAT2,FSCN2,PLA2R1,SLC26A4,ZNF114","chea3","163","0.036089999999999997",NA,NA,"","4","GTEx--Coexpression(rank=58); ReMap--ChIP-seq(rank=99); ARCHS4--Coexpression(rank=174); Enrichr--Queries(rank=479)","163","0.036089999999999997","GTEx Coexpression,0.03609"
"DEG_LD_SW480","164","BARHL2","0.036240000000000001","ARCHS4 Coexpression,0.03624","NYAP1,RTN1,STXBP1,CRMP1,ELAVL2,BEGAIN,NKAIN1,KIF5C,MCF2L,GPC2,NCAM1,APBB1,BSN,GALNT8,PRKCG,CARMIL3,NAV1,EBF3,KLHDC8B,SYP,NMNAT2,MAPK8IP2,SORCS2,LEMD1,MAPK8IP1,OLFM1,TIAM1,LHX2,KCNQ2","chea3","164","0.036240000000000001",NA,NA,"","3","ARCHS4--Coexpression(rank=59); GTEx--Coexpression(rank=461); Enrichr--Queries(rank=532)","164","0.036240000000000001","ARCHS4 Coexpression,0.03624"
"DEG_LD_SW480","165","WT1","0.036589999999999998","Literature ChIP-seq,0.03659","SPON1,IFITM1,OXTR,MRGPRF,XYLT1,KLHDC7A,FZD10,ALCAM,GJA5,HES7,ARRDC4,UNC5A,AFAP1,SOX14,EML1,MAPK8IP1,FAM133B,TIAM2,TIAM1,RFX8,DAAM2,ACOT2,PRR15,PRKCQ,KCTD12,TLN2,BCORL1,TSHZ3,TEX22,TSHZ2,SLAIN1,MED12L,PKHD1,NKAIN1,ADAMTS14,PDGFC,ST3GAL5,TRPM6,PAG1,MYH7B,EGR3,SIVA1,BCL11B,BTBD16,GREB1,DCLK2,RAB27B,IGF1,NR1D1,SLC6A6,EIF5,PPFIBP2,SESTD1,FASN,WNK2,SSPN,TMCC3,CDK15,GRIK4,DOC2B,HOXC11,LFNG,JPH3,HEY1,SH3PXD2A,SLC22A17,LMCD1,EDARADD,SFTPB,TSC22D4,EDN1,EDN3,TMEM40,TMC6,ZDHHC11,MRPS6,SORCS2,TMEM150C,PALD1,KCNMA1,GPRC5C,ODC1,PELI2,PRUNE2,NEDD9,PRKX,AKAP6,HOXD11,FSTL4,GNAI1,SERTAD4,EGFLAM,ADAM23,DMD,METTL6,CKB,WDR17,NMNAT2,DHRS2,DCBLD2,SLCO3A1,KIF26B,APBA2,CD82,ATP8A1,GDA,MSI1,RORA,PLAT,FAIM2,IL1RAP,GXYLT2,NCMAP,GALNT10,DACH1,KIF5C,SALL4,BAHCC1,KIRREL3,CSGALNACT1,CADPS2,ANKRD44,SPNS2,UBE2E2,TANC2,OLFM1,RAB30,SELENOP,CMPK2,ROR1,NPTXR,NTM,ITPR1,ILDR2,LTBP2,AK5,DTX4,EFNA5,ATXN1,NLRP3,IGFBP7,NKX6-1,MAP2K6,VDR,PTPRB,UST,CNTN1,RSPH14,RNF182,CASS4,TGFBI,RERE,ANKRD33B,BNC2,DYSF,ARRB1,DUSP15,ELAVL2,ACOXL,DBP,SIX2,PHACTR3,ADAMTS8,NKX3-2,HS3ST3B1,HUNK,TGFBR3,ALDH1A3,NPC2,COL6A3,NLGN1,PRR5L,CYGB,THSD4,BICRA,ABLIM3,SH3TC1,SPOCK1,SLIT3,NCAM1,CACNG4,COL26A1,GALNT5,PRRX1,IRX3,CRYGN,PTPN13,BICC1,MYO1D,SLC4A8,PDE10A,NECTIN1","chea3","165","0.036589999999999998",NA,NA,"","4","Literature--ChIP-seq(rank=6); GTEx--Coexpression(rank=249); Enrichr--Queries(rank=258); ARCHS4--Coexpression(rank=277)","165","0.036589999999999998","Literature ChIP-seq,0.03659"
"DEG_LD_SW480","166","POU3F1","0.036710000000000000","GTEx Coexpression,0.03671","FLG,ZNF273,DLX3,CBLC,RORA,LYPD5,CLDN1,NKPD1,KLK7,XKRX,TP53AIP1,SPTLC3,PERP,SPTSSB,EXPH5,TFAP2A,GSDMA,BCL11B,BCL11A,NR1D1,PTPN13,SERPINB5,FLG2,VANGL2,KRT14,TMEM45A,NECTIN1","chea3","166","0.036710000000000000",NA,NA,"","4","GTEx--Coexpression(rank=59); Literature--ChIP-seq(rank=80); ARCHS4--Coexpression(rank=305); Enrichr--Queries(rank=338)","166","0.036710000000000000","GTEx Coexpression,0.03671"
"DEG_LD_SW480","167","ZNF439","0.037039999999999997","Enrichr Queries,0.03704","IFITM1,MAML2,CEBPD,IFI6,NEDD9,RORA,RASSF2,ALCAM,DUSP10,ZMAT1,ZNF429,NFKBIZ,ZNF107,ZNF763,PAG1,ZNF486,ABCA1,ARRDC4,CADPS2,ZNF681,ZNF680,ANXA1,AUTS2,BCL11A,SERPINB8,SYTL2,BST2,ACTA2,DAB2,ZNF93,OAS1,ZNF737,SELENOP,ARHGEF3,ZNF711,ZNF117,KCTD12,ZNF610,ATF3","chea3","167","0.037039999999999997",NA,NA,"","3","Enrichr--Queries(rank=52); ARCHS4--Coexpression(rank=813); GTEx--Coexpression(rank=1287)","167","0.037039999999999997","Enrichr Queries,0.03704"
"DEG_LD_SW480","168","SIX2","0.037039999999999997","ReMap ChIP-seq,0.03704","RERE,CNTFR,IFITM1,LRRC10B,IL24,GRIK4,FAIM2,FZD10,GXYLT2,SOBP,HOXC11,GALNT10,DACH1,DUSP10,HEY1,SH3PXD2A,MDK,SIX2,LZTS1,EDN3,HUNK,SPTB,PALD1,FRMD3,ACTA2,TIAM1,ALDH1A3,COL2A1,DAAM2,COL6A3,CHST2,CHRNA1,HS3ST3A1,PARM1,TMEM63C,SH2D2A,TSHZ2,ITPR1,ILDR2,HOXD13,FBLN1,HOXD11,HOXD10,PKHD1,METTL21C,ATXN1,GPA33,PDGFC,SPOCK1,NCAM1,VAT1L,NGFR,GSDMA,AUTS2,ARHGEF38,MYBPH,FBXO32,BST2,SBK3,SESTD1,CORO6,TMCC3,ASB4,NECTIN1","chea3","168","0.037039999999999997",NA,NA,"","4","ReMap--ChIP-seq(rank=11); Enrichr--Queries(rank=58); ARCHS4--Coexpression(rank=239); GTEx--Coexpression(rank=1299)","168","0.037039999999999997","ReMap ChIP-seq,0.03704"
"DEG_LD_SW480","169","NR1D1","0.037339999999999998","GTEx Coexpression,0.03734","FLG,ZNF273,DLX3,NXPH4,RORA,LYPD5,CLDN1,NKPD1,KLK7,XKRX,DBP,GPNMB,SPTLC3,PERP,SPTSSB,TNS4,EXPH5,TFAP2A,EGLN3,GSDMA,PTPN13,SERPINB5,XG,FLG2,VANGL2,KRT14,TMEM45A","chea3","169","0.037339999999999998",NA,NA,"","3","GTEx--Coexpression(rank=60); ARCHS4--Coexpression(rank=198); Enrichr--Queries(rank=798)","169","0.037339999999999998","GTEx Coexpression,0.03734"
"DEG_LD_SW480","170","MEIS2","0.037470000000000003","ARCHS4 Coexpression,0.03747","ERO1B,CNTFR,GMFG,CRMP1,AKAP6,ELAVL2,NKAIN1,PCLO,DACH1,KIF5C,GPC2,NCAM1,NKX6-1,CHGB,MARK1,ADGRV1,AUTS2,CADPS,HUNK,PDX1,DCLK2,NMNAT2,TANC2,TIAM2,SLC4A8,PDE10A,NBEA,KIF26B,DZIP3","chea3","170","0.037470000000000003",NA,NA,"","4","ARCHS4--Coexpression(rank=61); Enrichr--Queries(rank=123); GTEx--Coexpression(rank=133); ReMap--ChIP-seq(rank=156)","170","0.037470000000000003","ARCHS4 Coexpression,0.03747"
"DEG_LD_SW480","171","PKNOX2","0.037749999999999999","Enrichr Queries,0.03775","SPON1,PARM1,BNC2,TSHZ3,EPAS1,NTM,PRUNE2,RORA,TMTC1,FBLN1,SOBP,EFNA5,LOXL2,SH3PXD2A,GRB10,SPOCK1,NCAM1,KIRREL3,NGFR,CADPS2,EGR3,PRRX1,AUTS2,PDE2A,EBF3,IGF1,SORCS2,SERPINB8,DKK3,ACTA2,TGFBR3,OLFM1,PDE10A,KIF26B,KCNMA1,CDH11,CDH13,TGFBI,MATN2","chea3","171","0.037749999999999999",NA,NA,"","3","Enrichr--Queries(rank=53); GTEx--Coexpression(rank=65); ARCHS4--Coexpression(rank=657)","171","0.037749999999999999","Enrichr Queries,0.03775"
"DEG_LD_SW480","172","ETV3","0.037960000000000001","GTEx Coexpression,0.03796","FLG,ZNF273,DLX3,CBLC,RORA,LYPD5,CLDN1,NKPD1,KLK7,XKRX,SPTLC3,PERP,SPTSSB,TNS4,EXPH5,TFAP2A,GSDMA,IRX3,PTPN13,SERPINB8,SERPINB5,XG,FLG2,VANGL2,KRT14,TMEM45A,NECTIN1","chea3","172","0.037960000000000001",NA,NA,"","3","GTEx--Coexpression(rank=61); ARCHS4--Coexpression(rank=390); Enrichr--Queries(rank=1020)","172","0.037960000000000001","GTEx Coexpression,0.03796"
"DEG_LD_SW480","173","TBX1","0.038460000000000001","Enrichr Queries,0.03846","CEBPD,EPAS1,RORA,FBLN1,SLC7A2,LOXL2,LFNG,SOX2,HEY1,MDK,SIX2,GRB10,TFAP2A,CADPS2,EDN1,EGR3,PRRX1,VWF,BCL11B,VDR,BCL11A,IRX3,EBF3,FBXO32,HSPG2,SERPINB8,PGF,ALDH1A3,COL2A1,NR4A3,KIF26A,LHX2,KIF26B,KCNMA1,EEF1A2,CDH11,PPARG,TGFBI,ATF3","chea3","173","0.038460000000000001",NA,NA,"","3","Enrichr--Queries(rank=54); ARCHS4--Coexpression(rank=947); GTEx--Coexpression(rank=1033)","173","0.038460000000000001","Enrichr Queries,0.03846"
"DEG_LD_SW480","174","ZNF469","0.038580000000000003","GTEx Coexpression,0.03858","CEMIP,HS3ST3A1,XYLT1,GALNT10,LOXL2,NT5E,OLFML3,DSE,MPP4,CLEC11A,PSG1,PCOLCE,ANO4,MEIS3,DKK1,TANC2,DCBLD2,RFX8,KIF26B,COL5A2,CDH11,COL6A3,STEAP1,CHST2,CDK15,VGLL3","chea3","174","0.038580000000000003",NA,NA,"","2","GTEx--Coexpression(rank=62); ARCHS4--Coexpression(rank=102)","174","0.038580000000000003","GTEx Coexpression,0.03858"
"DEG_LD_SW480","175","PHOX2A","0.038699999999999998","ARCHS4 Coexpression,0.0387","CNTFR,SHOX2,DOC2B,DBH,CYGB,BEGAIN,RIMS4,MMP24,MDK,GNG4,SLIT3,CACNG4,ADAMTS7,CHRNB4,UNC5A,PDAP1,PCOLCE,NMNAT2,XKR7,FAM167A,GAL,TH,VGF,KIF26A,KIF26B,KCNQ2,EEF1A2,ZNF853,IGSF9B","chea3","175","0.038699999999999998",NA,NA,"","3","ARCHS4--Coexpression(rank=63); GTEx--Coexpression(rank=321); Enrichr--Queries(rank=745)","175","0.038699999999999998","ARCHS4 Coexpression,0.0387"
"DEG_LD_SW480","176","ZNF280A","0.039170000000000003","Enrichr Queries,0.03917","RYR1,NLGN1,IFITM1,DYSF,IFI6,PLAT,CLGN,LOXL2,PCLO,HEY1,GPNMB,HYAL1,KIF5C,PRAME,UPP1,GYG2,ARRDC4,NGFR,CADPS2,GREB1,MOCOS,F2R,ASNS,DKK1,SERPINB8,DHRS2,PGF,SYTL2,BST2,GAL,NR4A3,IFI27,VGF,FES,COL5A2,YPEL1,RNF182,PPARG,ATF3","chea3","176","0.039170000000000003",NA,NA,"","3","Enrichr--Queries(rank=55); GTEx--Coexpression(rank=656); ARCHS4--Coexpression(rank=1059)","176","0.039170000000000003","Enrichr Queries,0.03917"
"DEG_LD_SW480","177","HOXC4","0.039199999999999999","GTEx Coexpression,0.0392","CEMIP,MAML2,SHOX2,TMTC1,HOXC11,LOXL2,NT5E,TMEM43,OLFML3,DSE,PRRX1,PRRX2,CLEC11A,PSG1,PCOLCE,DKK1,BICC1,XG,RFX8,COL5A2,CDH11,MXRA8,COL6A3,ROR1,CDK15,VGLL3","chea3","177","0.039199999999999999",NA,NA,"","3","GTEx--Coexpression(rank=63); Enrichr--Queries(rank=267); ARCHS4--Coexpression(rank=1000)","177","0.039199999999999999","GTEx Coexpression,0.0392"
"DEG_LD_SW480","178","ZNF25","0.039309999999999998","ARCHS4 Coexpression,0.03931","BEX4,RTN1,ATP8A1,STXBP1,CRMP1,AKAP6,FAIM2,AK5,PCLO,PNMA1,KIF5C,NCAM1,APBB1,BSN,SCN3B,UNC13A,SYT1,KIAA1549L,SYP,NMNAT2,HPCAL4,GDAP1,OLFM1,NBEA,FEZ1,RCAN2,KCNMA1,CNTN1,APBA2","chea3","178","0.039309999999999998",NA,NA,"","3","ARCHS4--Coexpression(rank=64); Enrichr--Queries(rank=286); GTEx--Coexpression(rank=308)","178","0.039309999999999998","ARCHS4 Coexpression,0.03931"
"DEG_LD_SW480","179","PPARG","0.039829999999999997","GTEx Coexpression,0.03983","SRPX,CPM,PDE3B,MGST1,F13A1,NEDD9,CYGB,SHE,EGFLAM,ABLIM3,GYG2,GABRE,TIMP4,AFAP1L1,VWF,EBF3,IGF1,GNG11,TGFBR3,PTPRB,FASN,CAT,MMP19,ZNF117,KCTD12,TLN2","chea3","179","0.039829999999999997",NA,NA,"","5","Literature--ChIP-seq(rank=48); GTEx--Coexpression(rank=64); ReMap--ChIP-seq(rank=96); ARCHS4--Coexpression(rank=466); Enrichr--Queries(rank=475)","179","0.039829999999999997","GTEx Coexpression,0.03983"
"DEG_LD_SW480","180","PRRX1","0.039930000000000000","ARCHS4 Coexpression,0.03993","SRPX,CEMIP,ECM2,HTRA3,MRGPRF,TMTC1,FBLN1,LTBP2,LOXL2,NT5E,SH3PXD2A,CTSK,ZNF469,SLIT3,IGFBP7,GALNT5,PRRX2,AFAP1,PCOLCE,DAB2,COL5A2,CDH11,MXRA8,SSPN,COL6A3,MKX,TGFBI,CHST3","chea3","180","0.039930000000000000",NA,NA,"","3","ARCHS4--Coexpression(rank=65); Enrichr--Queries(rank=72); GTEx--Coexpression(rank=106)","180","0.039930000000000000","ARCHS4 Coexpression,0.03993"
"DEG_LD_SW480","181","EHF","0.040399999999999998","ReMap ChIP-seq,0.0404","GSDMA,SESTD1,KRT36,KRT35,KRT13,TCAP,LTBP2,TGFBI,FBXO32,TNS4,QKI","chea3","181","0.040399999999999998",NA,NA,"","4","ReMap--ChIP-seq(rank=12); Enrichr--Queries(rank=174); ARCHS4--Coexpression(rank=306); GTEx--Coexpression(rank=721)","181","0.040399999999999998","ReMap ChIP-seq,0.0404"
"DEG_LD_SW480","182","TBX5","0.040540000000000000","ARCHS4 Coexpression,0.04054","RYR2,CEMIP,OXTR,EPAS1,MRGPRF,TNFRSF11B,TMTC1,FBLN1,LTBP2,LOXL2,SH3PXD2A,DMD,ZNF469,SLIT3,GALNT5,PRRX1,TNNC1,PRRX2,PCOLCE,ACTL8,DKK3,MRAS,KIF26B,CDH11,MXRA8,COL6A3,MKX,RBM24","chea3","182","0.040540000000000000",NA,NA,"","4","ARCHS4--Coexpression(rank=66); Literature--ChIP-seq(rank=119); GTEx--Coexpression(rank=391); Enrichr--Queries(rank=411)","182","0.040540000000000000","ARCHS4 Coexpression,0.04054"
"DEG_LD_SW480","183","ONECUT2","0.040599999999999997","Enrichr Queries,0.0406","EPAS1,SHOX2,RORA,EFNA5,CACNA1E,THSD4,ELAVL2,ATXN1,ALCAM,DACH1,KIF5C,GNG4,SLIT3,NCAM1,ABCA1,TFAP2A,CADPS2,EGLN3,EGR3,UNC13A,SYT1,BCL11B,BCL11A,NAV1,EBF3,IGF1,NMNAT2,SERPINB8,OLFM1,COL2A1,CDK6,NR4A3,PDE10A,VGF,NBEA,LHX2,KIF26B,KCNMA1,ATF3","chea3","183","0.040599999999999997",NA,NA,"","3","Enrichr--Queries(rank=57); ARCHS4--Coexpression(rank=115); GTEx--Coexpression(rank=1074)","183","0.040599999999999997","Enrichr Queries,0.0406"
"DEG_LD_SW480","184","FERD3L","0.041070000000000002","GTEx Coexpression,0.04107","HS3ST3A1,PLOD3,XPC,RND3,UFSP1,NT5E,OLFML3,CTSK,DSE,PLAC1,ZNF501,MPP4,CLEC11A,IL31RA,PCOLCE,NAV1,DKK1,BICC1,DCBLD2,XG,RFX8,TNFSF4,COL5A2,COL6A3,STEAP1,VGLL3","chea3","184","0.041070000000000002",NA,NA,"","3","GTEx--Coexpression(rank=66); ARCHS4--Coexpression(rank=734); Enrichr--Queries(rank=915)","184","0.041070000000000002","GTEx Coexpression,0.04107"
"DEG_LD_SW480","185","SP7","0.041149999999999999","ARCHS4 Coexpression,0.04115","DLX3,DLX4,HTRA3,SHOX2,CYGB,SH3PXD2A,CTSK,SIX2,SLIT3,NKX3-2,PLEKHG4,COL27A1,PRRX1,PRRX2,CLEC11A,ASPSCR1,PCOLCE,PPFIBP2,KIF26A,DAAM2,COL5A2,CDH11,MXRA8,COL8A2,COL6A3,NOTUM,GPRC5C,MATN2","chea3","185","0.041149999999999999",NA,NA,"","3","ARCHS4--Coexpression(rank=67); Enrichr--Queries(rank=249); GTEx--Coexpression(rank=332)","185","0.041149999999999999","ARCHS4 Coexpression,0.04115"
"DEG_LD_SW480","186","NR1H3","0.041689999999999998","GTEx Coexpression,0.04169","ABCD4,SRPX,CPNE8,TSHZ2,MGST1,CYGB,C2,SHE,ABLIM3,GYG2,GABRE,TIMP4,AFAP1L1,VWF,STARD8,TMEM176B,EBF3,GNG11,PTPRB,CD4,CAT,SELENOP,PPARG,ZNF117,KCTD12,ACOT4","chea3","186","0.041689999999999998",NA,NA,"","5","Literature--ChIP-seq(rank=27); GTEx--Coexpression(rank=67); Enrichr--Queries(rank=180); ReMap--ChIP-seq(rank=217); ARCHS4--Coexpression(rank=503)","186","0.041689999999999998","GTEx Coexpression,0.04169"
"DEG_LD_SW480","187","FOXG1","0.041770000000000002","ARCHS4 Coexpression,0.04177","CNTFR,NLGN1,RTN1,CRMP1,SOX2,PTPRZ1,PNMA1,CAMKV,PHACTR3,NCAM1,CKB,FEZF1,MARK1,AUTS2,HMGCS1,BCL11B,BCL11A,HUNK,DCLK2,NAV1,GDAP1,LEMD1,TIAM2,SLC4A8,NBEA,LHX2,FEZ1,RNF182","chea3","187","0.041770000000000002",NA,NA,"","3","ARCHS4--Coexpression(rank=68); GTEx--Coexpression(rank=314); Enrichr--Queries(rank=395)","187","0.041770000000000002","ARCHS4 Coexpression,0.04177"
"DEG_LD_SW480","188","LHX4","0.042020000000000002","Enrichr Queries,0.04202","EPAS1,NTM,SHOX2,CRMP1,RORA,EFNA5,CACNA1E,MED12L,SOX2,JPH3,SERTAD4,KIF5C,MCF2L,SIX2,CDH23,RHBDL3,TFAP2A,CADPS2,EGLN3,EGR3,UNC5A,BCL11B,BCL11A,IRX3,GREB1,ECEL1,MOCOS,NAV1,EBF3,NMNAT2,SERPINB8,TGFBR3,OLFM1,VGF,LHX2,KIF26B,KCNMA1,ATF3,NECTIN1","chea3","188","0.042020000000000002",NA,NA,"","3","Enrichr--Queries(rank=59); GTEx--Coexpression(rank=1168); ARCHS4--Coexpression(rank=1503)","188","0.042020000000000002","Enrichr Queries,0.04202"
"DEG_LD_SW480","189","ZSCAN1","0.042310000000000000","GTEx Coexpression,0.04231","BEX4,NYAP1,TMEM63C,CRMP1,MSI1,NAT16,RIMS4,GNG4,SLC22A17,NLRP1,SCN3B,WDR17,CDRT4,RPS6KL1,UNC13A,CADPS,SYP,MAPK8IP2,AP3B2,GDAP1,BAIAP3,SYT17,SLC4A8,KCNQ2,DZIP3,BEX5","chea3","189","0.042310000000000000",NA,NA,"","3","GTEx--Coexpression(rank=68); ARCHS4--Coexpression(rank=181); Enrichr--Queries(rank=526)","189","0.042310000000000000","GTEx Coexpression,0.04231"
"DEG_LD_SW480","190","FOSL2","0.042369999999999998","ENCODE ChIP-seq,0.04237","SHC4,XYLT1,MSMO1,RASGRP3,ADAMTS14,SERTAD4,ALCAM,ZBED2,UPP1,ANKRD52,DUS4L,PLEKHG4,ANXA1,MPP4,COG5,F2R,IL31RA,MYBPH,NR1D1,SERPINB8,SYTL3,SYTL2,ISG20,EIF5,TRIP6,RNF182,S100A3,ATF3","chea3","190","0.042369999999999998",NA,NA,"","5","ENCODE--ChIP-seq(rank=5); ReMap--ChIP-seq(rank=87); GTEx--Coexpression(rank=608); ARCHS4--Coexpression(rank=642); Enrichr--Queries(rank=803)","190","0.042369999999999998","ENCODE ChIP-seq,0.04237"
"DEG_LD_SW480","191","TCF21","0.042380000000000001","ARCHS4 Coexpression,0.04238","SRPX,ECM1,CEMIP,BNC2,EPAS1,MRGPRF,TNFRSF11B,TMTC1,FBLN1,LTBP2,CYGB,SH3PXD2A,CTSK,ZNF469,SLIT3,IGFBP7,ADAMTS8,GALNT5,PCOLCE,CYS1,DKK3,DAB2,PDE10A,XPNPEP2,SELENOP,CDH11,MXRA8,COL6A3","chea3","191","0.042380000000000001",NA,NA,"","4","Literature--ChIP-seq(rank=42); ARCHS4--Coexpression(rank=69); GTEx--Coexpression(rank=215); Enrichr--Queries(rank=290)","191","0.042380000000000001","ARCHS4 Coexpression,0.04238"
"DEG_LD_SW480","192","EGR1","0.042680000000000003","Literature ChIP-seq,0.04268","CNTFR,SPON1,POP7,MAML2,GMFG,FRMPD1,XYLT1,FZD10,GLDN,PPP4R4,NAMPT,TBC1D10C,BCAP29,AP1S1,FBXO6,BSN,PTGDS,EPHB4,SLC12A9,PRKCG,UNC5A,STARD8,CLEC11A,ENTPD8,KCNK15,AFAP1,EBF3,MAPK8IP2,EML1,HPCAL4,HSPG2,DKK3,DKK4,AR,TIAM1,ARC,TFR2,DAAM2,FEZ1,MYL2,KCNQ2,ORAI2,PRKCQ,KCTD12,BCORL1,ATF3,SLC22A3,NYAP1,MAOB,EPAS1,TMEM63C,PRKRIP1,SH2D2A,STXBP1,MEPCE,SHOX2,CLCNKB,TMTC1,LYPD5,PKHD1,ADAMTS14,APH1B,ADAMTS17,KCNMB4,ST3GAL5,RHBDL3,SCN3B,TSPAN1,TRPM6,EXPH5,MYH7B,NGFR,NAPSA,RABGAP1L,EGR3,AFAP1L1,DNAH10,GSDMA,SIVA1,BCL11B,XRCC3,PDE2A,IL31RA,DCLK2,SLC6A6,XKR7,EIF5,PPFIBP2,VANGL2,MC1R,ARMC10,FASN,WNK2,TRIP6,CORO6,FAT2,TMCC3,CDK15,TMEM151A,RYR1,ACHE,RYR2,SLC44A2,LRRC3,GRIK4,SECTM1,STON2,WFDC2,NAT16,LFNG,SHE,JPH3,MMP24,HEY1,TMEM43,SH3PXD2A,CRTAC1,LMCD1,CTSB,TIGD2,TSC22D4,SEC13,CCDC116,MRPS24,EDN3,KCND3,TMC8,TMC6,ZDHHC11,MRPS6,SORCS2,AP3B2,PALD1,GAL,KRT38,KCNMA1,KRT36,ZNF239,PPARG,ZNF114,CHST3,OCA2,WDR25,PHLPP1,PELI2,SLC43A1,NEDD9,HOXD13,AKAP6,HOXD11,FSTL4,STYXL1,GNAI1,BEGAIN,SH3BGRL,NT5E,SERTAD4,EGFLAM,GPA33,OLFML3,ADAM23,GPC2,ZNF107,PRAME,CKB,GPR155,MPP1,AADAT,ECEL1,MOCOS,DAB2IP,MYBPH,NMNAT2,ACTL8,TMEM60,PDP1,LPCAT2,YPEL1,NOTUM,APBA2,KCNG1,CCDC71L,FCGBP,ANKRD37,CD82,PLOD3,MSI1,RORA,MSMO1,FAIM2,GALNT10,LOXL2,RIMS4,DACH1,KIF5C,GRAP2,LEPR,GRB10,SLC16A9,KIRREL3,RNF43,CADPS2,TLE2,CHRNB4,COL27A1,UBE2E1,ADAM11,TTC7B,UBE2E2,PCOLCE,CYS1,ARHGAP45,FRMD3,SLC9A2,SPOCD1,OLFM1,GPRIN2,MTNR1A,ACAP1,EEF1A2,ROR1,S100A3,KANK4,CEMIP,PARM1,DLX4,HTRA3,NXPH4,NTM,ITPR1,FBLN1,EFNA5,CACNA1E,CPLX1,ORC5,ATXN1,CDH23,IGFBP7,SLC15A3,ZC3H14,DRD4,GGT5,AUTS2,RASL10B,WFS1,ASPSCR1,QKI,CDK6,NR4A3,LHX2,COL5A3,GNB2,RCAN2,UST,RSPH14,RNF182,EFHB,RAB5A,ZNF512B,RERE,CPM,DOCK4,MCM7,ITGB2,PDE3B,DYSF,ARRB1,DBH,SOBP,DUSP15,RND3,NKPD1,AFF2,SPN,LYL1,ACOXL,LASP1,DBP,MDK,MCF2L,SIX2,GATAD1,PHACTR3,LBP,ADAMTS8,INSL3,NKX3-2,PLEKHG4,HMGCS1,TNFRSF18,HUNK,SHROOM2,NAV1,UPK3B,SPTB,TGFBR3,DNAJC2,DBF4,VGF,TRIM58,CDH13,ZP1,GTPBP10,FURIN,NOD2,CYGB,THSD4,LMF1,BICRA,OGFRL1,CACNG8,GNG4,SH3TC1,KRIT1,SPOCK1,SLIT3,CRYM,ACSS1,SH2B2,CACNG4,COL26A1,GALNT5,KCNJ10,PRRX1,IRX3,PRRX2,CRYGN,PDAP1,MEIS3,BAIAP3,MYO1D,PDE10A,NECTIN1","chea3","192","0.042680000000000003",NA,NA,"","6","Literature--ChIP-seq(rank=7); ENCODE--ChIP-seq(rank=60); ReMap--ChIP-seq(rank=123); ARCHS4--Coexpression(rank=485); GTEx--Coexpression(rank=504); Enrichr--Queries(rank=509)","192","0.042680000000000003","Literature ChIP-seq,0.04268"
"DEG_LD_SW480","193","TSHZ2","0.042740000000000000","Enrichr Queries,0.04274","SPON1,PARM1,TSHZ3,EPAS1,NTM,RORA,EFNA5,LOXL2,ATXN1,ALCAM,HEY1,PDK4,DMD,IGFBP7,NCAM1,ABCA1,CADPS2,ANXA1,PRRX1,AUTS2,EBF3,IGF1,FBXO32,SERPINB8,BICC1,ACTA2,TGFBR3,SLCO3A1,NBEA,KIF26B,KCNMA1,COL5A2,SELENOP,CDH11,CDH13,COL6A3,KCTD12,TGFBI,MATN2","chea3","193","0.042740000000000000",NA,NA,"","3","Enrichr--Queries(rank=60); GTEx--Coexpression(rank=92); ARCHS4--Coexpression(rank=823)","193","0.042740000000000000","Enrichr Queries,0.04274"
"DEG_LD_SW480","194","ALX3","0.042939999999999999","GTEx Coexpression,0.04294","BEX4,NYAP1,TMEM63C,CRMP1,MSI1,NAT16,TGFBR3L,RIMS4,GNG4,SLC22A17,PHACTR3,NAALAD2,NLRP1,CHGB,WDR17,UNC13A,HUNK,MEIS3,AP3B2,GDAP1,BAIAP3,SYT17,SLC4A8,LHX2,DZIP3,BEX5","chea3","194","0.042939999999999999",NA,NA,"","3","GTEx--Coexpression(rank=69); Enrichr--Queries(rank=593); ARCHS4--Coexpression(rank=1405)","194","0.042939999999999999","GTEx Coexpression,0.04294"
"DEG_LD_SW480","195","PEG3","0.042999999999999997","ARCHS4 Coexpression,0.043","ATP8A1,STXBP1,AKAP6,FAIM2,AK5,CACNA1E,JPH3,PCLO,CAMKV,KIF5C,ADAM23,BSN,UNC13A,COL27A1,SYT1,KIAA1549L,SYP,NMNAT2,HPCAL4,DHRS2,MAPK8IP1,OLFM1,NBEA,KCNMA1,KCNQ2,CNTN1,NOTUM,NPTXR","chea3","195","0.042999999999999997",NA,NA,"","2","ARCHS4--Coexpression(rank=70); GTEx--Coexpression(rank=297)","195","0.042999999999999997","ARCHS4 Coexpression,0.043"
"DEG_LD_SW480","196","ZNF577","0.043450000000000003","Enrichr Queries,0.04345","ZNF331,RYR1,TENM1,ATP8A1,IFI6,RORA,SLAIN1,LOXL2,ZMAT1,GPNMB,ZNF429,NFKBIZ,PDK4,ZNF107,DMD,ZNF502,ZNF486,ABCA1,ARRDC4,CD74,CADPS2,ZNF681,ZNF680,ADGRV1,AUTS2,BCL11A,ANKRD44,FBXO32,SERPINB8,SHROOM4,SYTL2,TGFBR3,CDK6,NBEA,ZNF737,ZNF117,ZNF610,STEAP2,ATF3","chea3","196","0.043450000000000003",NA,NA,"","3","Enrichr--Queries(rank=61); ARCHS4--Coexpression(rank=543); GTEx--Coexpression(rank=1202)","196","0.043450000000000003","Enrichr Queries,0.04345"
"DEG_LD_SW480","197","IRF6","0.043560000000000001","GTEx Coexpression,0.04356","DLX3,CBLC,RORA,FZD10,LYPD5,CLDN1,NKPD1,KLK7,XKRX,TP53AIP1,SPTLC3,PERP,SFN,SPTSSB,TNS4,EXPH5,TFAP2A,RNF43,IRX3,TMEM40,RAB27B,SERPINB5,VANGL2,KRT14,TMEM45A,NECTIN1","chea3","197","0.043560000000000001",NA,NA,"","3","GTEx--Coexpression(rank=70); ARCHS4--Coexpression(rank=302); Enrichr--Queries(rank=371)","197","0.043560000000000001","GTEx Coexpression,0.04356"
"DEG_LD_SW480","198","TBR1","0.043610000000000003","ARCHS4 Coexpression,0.04361","NYAP1,RTN1,NXPH4,STXBP1,CRMP1,BEGAIN,CACNG8,CAMKV,KIF5C,GNG4,SLC22A17,GPC2,NCAM1,APBB1,SCN3B,GALNT8,SERF1B,KCNK15,NAV1,SYP,NMNAT2,AP3B2,LEMD1,MAPK8IP1,OLFM1,LHX2,NPTXR,BCORL1","chea3","198","0.043610000000000003",NA,NA,"","3","ARCHS4--Coexpression(rank=71); GTEx--Coexpression(rank=376); Enrichr--Queries(rank=619)","198","0.043610000000000003","ARCHS4 Coexpression,0.04361"
"DEG_LD_SW480","199","ELF3","0.043770000000000003","ReMap ChIP-seq,0.04377","PIWIL4,MAML2,ITGB2,IL24,ARRB1,FAIM2,NCMAP,CX3CL1,GALNT10,SOX2,LASP1,ALCAM,DUSP10,MDK,RASSF6,TNS4,CFAP45,RNF43,EDN1,ANXA1,F2R,KRT35,TMC8,AFAP1,ACSL5,TMC6,HSPG2,TM4SF1,PGF,EREG,SLC7A7,KRT36,S100A3,RAB7B,GPRC5C,TEDC1,LTBP2,EFNA5,KRT86,DEPP1,PKHD1,NT5E,ATXN1,PNMA1,ABLIM3,PDGFC,IGFBP7,ACSS1,GABRE,MPZL2,TFAP2A,MACC1,KRT13,NR1D1,BICC1,DCBLD2,SLC4A8,MLPH,SESTD1,PPP1R1C,TGFBI","chea3","199","0.043770000000000003",NA,NA,"","4","ReMap--ChIP-seq(rank=13); Enrichr--Queries(rank=373); ARCHS4--Coexpression(rank=440); GTEx--Coexpression(rank=697)","199","0.043770000000000003","ReMap ChIP-seq,0.04377"
"DEG_LD_SW480","200","SOHLH2","0.044159999999999998","Enrichr Queries,0.04416","RYR2,CEMIP,IFITM1,PARM1,BNC2,CRMP1,RORA,LRP2,ELAVL2,LOXL2,STK31,SOX2,SALL4,PDGFC,SPOCK1,NCAM1,SLC16A9,UPP1,ABCA1,CADPS2,EGLN3,ADGRV1,BCL11A,MOCOS,ESRRB,ASNS,MITF,NMNAT2,SERPINB8,BST2,GAL,COL2A1,KIF26B,KCNMA1,CDH13,PPARG,KCTD12,FGF13,ATF3","chea3","200","0.044159999999999998",NA,NA,"","3","Enrichr--Queries(rank=62); ARCHS4--Coexpression(rank=1426); GTEx--Coexpression(rank=1455)","200","0.044159999999999998","Enrichr Queries,0.04416"
"DEG_LD_SW480","201","TFAP2C","0.044179999999999997","GTEx Coexpression,0.04418","FLG,DLX3,CBLC,RORA,LYPD5,EFNA5,CLDN1,NKPD1,KLK7,XKRX,TP53AIP1,SPTLC3,PERP,SFN,SPTSSB,TNS4,EXPH5,TFAP2A,GSDMA,IRX3,PTPN13,SERPINB5,VANGL2,KRT14,TMEM45A,NECTIN1","chea3","201","0.044179999999999997",NA,NA,"","6","Literature--ChIP-seq(rank=44); GTEx--Coexpression(rank=71); ReMap--ChIP-seq(rank=71); ENCODE--ChIP-seq(rank=104); Enrichr--Queries(rank=250); ARCHS4--Coexpression(rank=428)","201","0.044179999999999997","GTEx Coexpression,0.04418"
"DEG_LD_SW480","202","POU3F3","0.044229999999999998","ARCHS4 Coexpression,0.04423","CNTFR,NYAP1,CRMP1,ILDR2,SOBP,DTX4,SOX2,NKAIN1,PTPRZ1,PNMA1,KIF5C,GPC2,NCAM1,CKB,APBB1,RHBDL3,CACNG4,AUTS2,HMGCS1,DCLK2,NMNAT2,QKI,MAPK8IP1,VANGL2,LHX2,FEZ1,KCNQ2,APBA2","chea3","202","0.044229999999999998",NA,NA,"","3","ARCHS4--Coexpression(rank=72); GTEx--Coexpression(rank=163); Enrichr--Queries(rank=274)","202","0.044229999999999998","ARCHS4 Coexpression,0.04423"
"DEG_LD_SW480","203","ZNF804B","0.044800000000000000","GTEx Coexpression,0.0448","ZNF512B,PARM1,ATP8A1,PRKX,LRP2,TMEM243,ZMAT1,SALL4,ZBED2,ST3GAL5,ZNF486,CTSB,CSGALNACT1,CRYGN,WDR72,NPNT,FAM167A,TG,KATNAL2,ZNF737,UST,LPCAT2,FSCN2,PLA2R1,SLC26A4,ZNF114","chea3","203","0.044800000000000000",NA,NA,"","3","GTEx--Coexpression(rank=72); ARCHS4--Coexpression(rank=640); Enrichr--Queries(rank=647)","203","0.044800000000000000","GTEx Coexpression,0.0448"
"DEG_LD_SW480","204","ZSCAN23","0.044870000000000000","Enrichr Queries,0.04487","RYR2,NLGN1,BNC2,PRUNE2,TSHZ2,ITPR1,XYLT1,ILDR2,RORA,TMTC1,AKAP6,LDLRAD4,EFNA5,CLGN,PCLO,DACH1,KIF5C,NCAM1,ABCA1,TFAP2A,WDR17,CADPS2,ADGRV1,AUTS2,GREB1,DCLK2,TET1,PTPN13,SORCS2,SERPINB8,NR4A3,PDE10A,NBEA,KIF26B,KCNMA1,CNTN1,IGSF9B,ZNF610,ZNF311","chea3","204","0.044870000000000000",NA,NA,"","3","Enrichr--Queries(rank=63); ARCHS4--Coexpression(rank=312); GTEx--Coexpression(rank=586)","204","0.044870000000000000","Enrichr Queries,0.04487"
"DEG_LD_SW480","205","HES3","0.045429999999999998","GTEx Coexpression,0.04543","RTN1,STXBP1,ELAVL2,MMP24,PCLO,KIF5C,METTL6,APBB1,BSN,BEND6,ARHGEF33,RPS6KL1,CARMIL3,ADAM11,ACSL6,SYP,NMNAT2,MAPK8IP2,HPCAL4,AP3B2,XKR7,KCNQ2,CNTN1,RNF182,APBA2,TMEM229B","chea3","205","0.045429999999999998",NA,NA,"","3","GTEx--Coexpression(rank=73); Enrichr--Queries(rank=563); ARCHS4--Coexpression(rank=643)","205","0.045429999999999998","GTEx Coexpression,0.04543"
"DEG_LD_SW480","206","AEBP1","0.045449999999999997","ARCHS4 Coexpression,0.04545","ECM1,CEMIP,ECM2,EPAS1,HTRA3,MRGPRF,PLOD3,FBLN1,LTBP2,CYGB,LOXL2,SH3PXD2A,CTSK,ZNF469,SLIT3,IGFBP7,PRRX1,OSBPL5,PRRX2,DAB2IP,PCOLCE,HSPG2,MYO1D,COL5A2,CDH11,MXRA8,COL8A2,COL6A3","chea3","206","0.045449999999999997",NA,NA,"","2","ARCHS4--Coexpression(rank=74); GTEx--Coexpression(rank=279)","206","0.045449999999999997","ARCHS4 Coexpression,0.04545"
"DEG_LD_SW480","207","EGR2","0.046070000000000000","ARCHS4 Coexpression,0.04607","DOCK4,MOGAT3,PTAFR,PLEK,NEDD9,TREM2,LDLRAD4,GLDN,GNA13,SH3TC1,OLR1,LGALS9,SLC15A3,PAG1,CTSB,HAVCR2,MPP1,CD74,EGR3,FBXW10,PALD1,CD4,NR4A3,LPCAT2,CASS4,RAB7B,KBTBD8,ATF3","chea3","207","0.046070000000000000",NA,NA,"","3","ARCHS4--Coexpression(rank=75); GTEx--Coexpression(rank=251); Enrichr--Queries(rank=620)","207","0.046070000000000000","ARCHS4 Coexpression,0.04607"
"DEG_LD_SW480","208","MAF","0.046670000000000003","GTEx Coexpression,0.04667","FLG,DLX3,ASAP3,CBLC,RORA,LYPD5,CLDN1,NKPD1,KLK7,XKRX,TP53AIP1,GPNMB,SPTLC3,PERP,SPTSSB,EXPH5,TFAP2A,GSDMA,NR1D1,PTPN13,SERPINB5,FLG2,PPFIBP2,VANGL2,KRT14,TMEM45A","chea3","208","0.046670000000000003",NA,NA,"","4","GTEx--Coexpression(rank=75); ReMap--ChIP-seq(rank=143); ARCHS4--Coexpression(rank=265); Enrichr--Queries(rank=550)","208","0.046670000000000003","GTEx Coexpression,0.04667"
"DEG_LD_SW480","209","BHLHE41","0.046679999999999999","ARCHS4 Coexpression,0.04668","RYR1,DOCK4,FMN1,TREM2,LDLRAD4,GLDN,OGFRL1,GPNMB,SH3TC1,MCF2L,OLR1,SLC15A3,CTSB,HAVCR2,EGR3,MITF,QKI,PALD1,MRAS,NR4A3,DAAM2,KCNMA1,LPCAT2,SSPN,CORO6,TCAP,KCTD12,TLN2","chea3","209","0.046679999999999999",NA,NA,"","2","ARCHS4--Coexpression(rank=76); GTEx--Coexpression(rank=239)","209","0.046679999999999999","ARCHS4 Coexpression,0.04668"
"DEG_LD_SW480","210","ZBTB7A","0.047140000000000001","ReMap ChIP-seq,0.04714","ZNF512B,TMEM151A,IFITM3,IFITM1,POP7,MOGAT3,SECTM1,CBLC,NAT16,LFNG,LYL1,DBP,TBC1D10C,AP1S1,FBXO6,PTGDS,BAHCC1,HES7,PRKCG,TSC22D4,TLE2,TNFRSF18,TMC8,ENTPD8,PCOLCE,TMC6,HSPG2,TEX19,ARHGAP45,MBLAC1,VGF,TFR2,KCNQ2,EEF1A2,MXRA8,COL8A2,FSCN2,TEDC1,CCDC187,NYAP1,NXPH4,CLCNKB,FURIN,CYGB,TGFBR3L,ZNF469,LY6G6D,SH2B2,SIVA1,ASPSCR1,NR1D1,BAIAP3,SBK3,TH,FES,FASN,GNB2,CD7,PSMG3,TCAP,NOTUM","chea3","210","0.047140000000000001",NA,NA,"","5","ReMap--ChIP-seq(rank=14); ENCODE--ChIP-seq(rank=16); GTEx--Coexpression(rank=640); Enrichr--Queries(rank=1122); ARCHS4--Coexpression(rank=1340)","210","0.047140000000000001","ReMap ChIP-seq,0.04714"
"DEG_LD_SW480","211","DEAF1","0.047289999999999999","GTEx Coexpression,0.04729","BEX4,NYAP1,GRIK4,CRMP1,FAIM2,ZDHHC22,CPLX1,RIMS4,CACNG8,JPH3,PTPRZ1,KIF5C,PHACTR3,BEND6,PRKCG,ACSL6,DCLK2,MAPK8IP2,HPCAL4,GDAP1,OLFM1,LHX2,KCNQ2,ALDOC,APBA2,BEX5","chea3","211","0.047289999999999999",NA,NA,"","4","GTEx--Coexpression(rank=76); ARCHS4--Coexpression(rank=100); ReMap--ChIP-seq(rank=292); Enrichr--Queries(rank=998)","211","0.047289999999999999","GTEx Coexpression,0.04729"
"DEG_LD_SW480","212","MEOX1","0.047910000000000001","ARCHS4 Coexpression,0.04791","ECM2,EPAS1,HTRA3,CCM2L,TMTC1,CYGB,EGFLAM,ABLIM3,SLIT3,GYG2,GABRE,LMCD1,TIMP4,PRRX1,VWF,ECEL1,PDE2A,PTPRB,MRAS,CAT,MXRA8,SSPN,SAA1,PMP22,PPARG,TLN2,KANK4","chea3","212","0.047910000000000001",NA,NA,"","3","ARCHS4--Coexpression(rank=78); GTEx--Coexpression(rank=171); Enrichr--Queries(rank=193)","212","0.047910000000000001","ARCHS4 Coexpression,0.04791"
"DEG_LD_SW480","213","ZNF385A","0.047919999999999997","GTEx Coexpression,0.04792","FLG,ZNF273,DLX3,RORA,LYPD5,CLDN1,NKPD1,KLK7,XKRX,TP53AIP1,PERP,SFN,SPTSSB,TNS4,EXPH5,TFAP2A,GSDMA,BCL11B,BCL11A,SERPINB5,FLG2,VANGL2,KRT14,PSMG3,TMEM45A,NECTIN1","chea3","213","0.047919999999999997",NA,NA,"","3","GTEx--Coexpression(rank=77); ARCHS4--Coexpression(rank=423); Enrichr--Queries(rank=732)","213","0.047919999999999997","GTEx Coexpression,0.04792"
"DEG_LD_SW480","214","ZNF117","0.048430000000000001","Enrichr Queries,0.04843","DOCK4,ZNF273,EPAS1,IFI6,NEDD9,RORA,DEPP1,LOXL2,ZMAT1,GPNMB,ZNF429,NFKBIZ,PDK4,ZNF107,IGFBP7,PAG1,CTSB,ABCA1,ARRDC4,CADPS2,ZNF681,EDN1,ZNF680,ANXA1,FBXO32,SERPINB8,PGF,SYTL2,TGFBR3,ZNF92,CDK6,NBEA,SELENOP,ZNF711,KCTD12,TGFBI,ATF3,MATN2","chea3","214","0.048430000000000001",NA,NA,"","3","Enrichr--Queries(rank=68); GTEx--Coexpression(rank=87); ARCHS4--Coexpression(rank=924)","214","0.048430000000000001","Enrichr Queries,0.04843"
"DEG_LD_SW480","215","THRA","0.048529999999999997","ARCHS4 Coexpression,0.04853","TMEM151A,IGSF8,NYAP1,STXBP1,FAIM2,AK5,CPLX1,RIMS4,JPH3,SLC22A17,MCF2L,APBB1,BSN,PRKCG,UNC13A,UNC5A,PDE2A,DAB2IP,ADAM11,SYP,MAPK8IP2,HPCAL4,MAPK8IP1,OLFM1,DAAM2,KCNQ2,NPTXR","chea3","215","0.048529999999999997",NA,NA,"","4","Literature--ChIP-seq(rank=61); ARCHS4--Coexpression(rank=79); GTEx--Coexpression(rank=374); Enrichr--Queries(rank=884)","215","0.048529999999999997","ARCHS4 Coexpression,0.04853"
"DEG_LD_SW480","216","ZNF57","0.048540000000000000","GTEx Coexpression,0.04854","FLG,ZNF273,DLX3,CBLC,RORA,LYPD5,CLDN1,NKPD1,KLK7,XKRX,SPTLC3,PERP,GPC2,SPTSSB,TNS4,EXPH5,TFAP2A,GSDMA,IRX3,BTBD16,SERPINB8,SERPINB5,FLG2,GPRIN2,KRT14,TMEM45A","chea3","216","0.048540000000000000",NA,NA,"","3","GTEx--Coexpression(rank=78); Enrichr--Queries(rank=597); ARCHS4--Coexpression(rank=1515)","216","0.048540000000000000","GTEx Coexpression,0.04854"
"DEG_LD_SW480","217","NKX63","0.049140000000000003","ARCHS4 Coexpression,0.04914","ZNF512B,ERO1B,TMEM63C,USH1C,KIF12,TMTC1,RASSF6,NKX6-1,CACNG4,EDARADD,UNC13A,UNC5A,HMGCS1,WFS1,CADPS,PDX1,SYP,MAPK8IP1,MYO1D,XKR7,FAM167A,FASN,GNB2,EEF1A2,CNTN1,GPRC5C,NECTIN1","chea3","217","0.049140000000000003",NA,NA,"","2","ARCHS4--Coexpression(rank=80); GTEx--Coexpression(rank=425)","217","0.049140000000000003","ARCHS4 Coexpression,0.04914"
"DEG_LD_SW480","218","SHOX2","0.049149999999999999","Enrichr Queries,0.04915","BNC2,EPAS1,RORA,EFNA5,RND3,LOXL2,SOX2,ALCAM,HEY1,KIF5C,SPOCK1,NCAM1,TFAP2A,CADPS2,EDN1,PRRX1,BCL11A,IRX3,EBF3,IGF1,SORCS2,DKK1,SERPINB8,PGF,ACTA2,TGFBR3,DAB2,COL2A1,LHX2,KIF26B,KCNMA1,COL5A2,CDH11,CNTN1,COL6A3,PPARG,TGFBI,ATF3","chea3","218","0.049149999999999999",NA,NA,"","3","Enrichr--Queries(rank=69); GTEx--Coexpression(rank=135); ARCHS4--Coexpression(rank=180)","218","0.049149999999999999","Enrichr Queries,0.04915"
"DEG_LD_SW480","219","DLX2","0.049160000000000002","GTEx Coexpression,0.04916","FAIM2,AK5,ZDHHC22,LOXL2,NT5E,ALCAM,AP1S1,ZNF469,LY6G6D,MPP4,GABRA3,KIAA1549L,KRT35,KRT32,KRT31,KRT75,MEIS3,DKK1,TANC2,DCBLD2,RFX8,FAM167A,KRT36,COL6A3,TGFBI,BEX5","chea3","219","0.049160000000000002",NA,NA,"","3","GTEx--Coexpression(rank=79); Enrichr--Queries(rank=128); ARCHS4--Coexpression(rank=474)","219","0.049160000000000002","GTEx Coexpression,0.04916"
"DEG_LD_SW480","220","TBX18","0.049750000000000003","ARCHS4 Coexpression,0.04975","SRPX,CEMIP,ECM2,MRGPRF,FBLN1,LTBP2,GALNT10,LOXL2,NT5E,SH3PXD2A,CTSK,SLIT3,IGFBP7,ANKRD52,PRRX1,PRRX2,AFAP1,PCOLCE,HSPG2,DAB2,COL5A2,CDH11,MXRA8,COL6A3,TGFBI,CHST3,VGLL3","chea3","220","0.049750000000000003",NA,NA,"","3","ARCHS4--Coexpression(rank=81); GTEx--Coexpression(rank=162); Enrichr--Queries(rank=241)","220","0.049750000000000003","ARCHS4 Coexpression,0.04975"
"DEG_LD_SW480","221","SP6","0.049779999999999998","GTEx Coexpression,0.04978","FLG,DLX3,DLX4,CBLC,RORA,LYPD5,CLDN1,NKPD1,KLK7,XKRX,SPTLC3,PERP,SPTSSB,TNS4,EXPH5,TFAP2A,GSDMA,IRX3,SERPINB8,SERPINB5,FLG2,GPRIN2,VANGL2,KRT14,TMEM45A,NECTIN1","chea3","221","0.049779999999999998",NA,NA,"","3","GTEx--Coexpression(rank=80); ARCHS4--Coexpression(rank=372); Enrichr--Queries(rank=412)","221","0.049779999999999998","GTEx Coexpression,0.04978"
"DEG_LD_SW480","222","NPAS2","0.049860000000000002","Enrichr Queries,0.04986","CEBPD,EPAS1,ITPR1,NEDD9,RORA,PLAT,EFNA5,CLDN1,LOXL2,NT5E,ATXN1,ALCAM,GPNMB,PDGFC,GRB10,PDK4,IGFBP7,ABCA1,CADPS2,EGLN3,EDN1,EGR3,ANXA1,PDE2A,NR1D1,FBXO32,SERPINB8,NR4A3,MLPH,PDE10A,KCNMA1,COL5A2,CDH11,CNTN1,CDH13,PPARG,TGFBI,ATF3","chea3","222","0.049860000000000002",NA,NA,"","3","Enrichr--Queries(rank=70); ARCHS4--Coexpression(rank=264); GTEx--Coexpression(rank=1004)","222","0.049860000000000002","Enrichr Queries,0.04986"
"DEG_LD_SW480","223","CAMTA1","0.050369999999999998","ARCHS4 Coexpression,0.05037","BEX4,RTN1,STXBP1,NTM,AKAP6,FAIM2,AK5,CPLX1,LASP1,JPH3,PCLO,KIF5C,NCAM1,BSN,SCN3B,MFAP3L,UNC13A,SYT1,KIAA1549L,SYP,NMNAT2,MAPK8IP2,HPCAL4,FRMD3,OLFM1,KCNQ2,BEX5","chea3","223","0.050369999999999998",NA,NA,"","3","ARCHS4--Coexpression(rank=82); GTEx--Coexpression(rank=125); Enrichr--Queries(rank=178)","223","0.050369999999999998","ARCHS4 Coexpression,0.05037"
"DEG_LD_SW480","224","ZNF404","0.050569999999999997","Enrichr Queries,0.05057","SLC46A3,CEBPD,PRUNE2,IFI6,CLDN1,DEPP1,GNAI1,CLGN,HERC5,NT5E,ZMAT1,GPNMB,CTSK,NFKBIZ,PDK4,SPOCK1,IGFBP7,PAG1,ABCA1,ARRDC4,CADPS2,EGLN3,EDN1,ANXA1,ASNS,SERPINB8,PGF,SYTL2,NR4A3,CNTN1,SSPN,ZNF711,ZNF117,TGFBI,ZNF610,RBM24,ATF3,TMEM45A","chea3","224","0.050569999999999997",NA,NA,"","3","Enrichr--Queries(rank=71); ARCHS4--Coexpression(rank=616); GTEx--Coexpression(rank=720)","224","0.050569999999999997","Enrichr Queries,0.05057"
"DEG_LD_SW480","225","CTCF","0.050849999999999999","ENCODE ChIP-seq,0.05085","SLC46A3,ABCD4,CPNE8,CNTFR,RYR2,VIPR1,ATP8A1,MCM7,GDA,ARRB1,RND3,UFSP1,NKPD1,GALNT10,LFNG,LYL1,ZCWPW1,DUSP10,SH3PXD2A,GATAD1,PHACTR3,FBXO6,CYTIP,SLC12A9,ADAMTS7,EDARADD,CSGALNACT1,TIGD2,RNF43,PLEKHG4,EDN1,COL27A1,GSTO2,TNFRSF18,ANKRD44,SPNS2,TTC7B,TMC6,PTGR2,ARHGAP45,SGO1,MTNR1A,SLC7A7,ACAP1,PPP1R3B,CAT,PTGES3L,ACOT2,ROR1,ERH,KCTD12,STEAP1,PLCB2,ATF3,MATN2,SELPLG,PHLPP1,CEBPD,MEPCE,CRYBA2,GNA13,FAM156A,PNMA1,OLFML3,CHADL,DPH3,SPOCK1,ST3GAL5,SFN,IGFBP7,ANKRD52,CNMD,VTI1B,GGT5,CPSF4,AADAT,GTF2IRD2,BCL11A,BTBD16,FBXO32,BST2,SLC4A8,PPFIBP2,SLCO3A1,ARMC10,KIF26A,FASN,RCAN2,TDRD12,FGF13,KBTBD8,TMEM229B,NECTIN1","chea3","225","0.050849999999999999",NA,NA,"","6","ENCODE--ChIP-seq(rank=6); ReMap--ChIP-seq(rank=22); Literature--ChIP-seq(rank=99); Enrichr--Queries(rank=1402); ARCHS4--Coexpression(rank=1537); GTEx--Coexpression(rank=1568)","225","0.050849999999999999","ENCODE ChIP-seq,0.05085"
"DEG_LD_SW480","226","NKX21","0.051029999999999999","GTEx Coexpression,0.05103","ZNF512B,PARM1,ATP8A1,PRKX,LRP2,TMEM243,ZMAT1,SALL4,ZBED2,ST3GAL5,ZNF486,CTSB,CSGALNACT1,CRYGN,WDR72,NPNT,TG,NPC2,KATNAL2,ZNF737,UST,LPCAT2,FSCN2,PLA2R1,SLC26A4,ZNF114","chea3","226","0.051029999999999999",NA,NA,"","2","GTEx--Coexpression(rank=82); ARCHS4--Coexpression(rank=179)","226","0.051029999999999999","GTEx Coexpression,0.05103"
"DEG_LD_SW480","227","RARB","0.051600000000000000","ARCHS4 Coexpression,0.0516","RYR2,BNC2,GMFG,ITGB2,GXYLT2,WFDC2,SPN,ALCAM,CYP4X1,SPTLC3,FLRT3,ADAM23,DMD,SLIT3,TMC8,WDR72,TMC6,IGF1,PTPN13,AP3B2,BICC1,ARHGAP45,ACAP1,COL5A2,CDH11,TLN2,GPRC5C","chea3","227","0.051600000000000000",NA,NA,"","4","ARCHS4--Coexpression(rank=84); Literature--ChIP-seq(rank=123); Enrichr--Queries(rank=189); GTEx--Coexpression(rank=663)","227","0.051600000000000000","ARCHS4 Coexpression,0.0516"
"DEG_LD_SW480","228","NEUROG2","0.052209999999999999","ARCHS4 Coexpression,0.05221","ECM1,TSHZ3,SHOX2,CRMP1,ELAVL2,NKAIN1,DACH1,CAMKV,SH3PXD2A,KIF5C,GPC2,CKB,RHBDL3,SLC16A2,NKX6-1,LZTS1,ADAMTS7,NGFR,AUTS2,AFAP1,PCOLCE,EBF3,MAPK8IP1,XKR7,TGFBI,RBM24,APBA2","chea3","228","0.052209999999999999",NA,NA,"","3","ARCHS4--Coexpression(rank=85); Enrichr--Queries(rank=336); GTEx--Coexpression(rank=1506)","228","0.052209999999999999","ARCHS4 Coexpression,0.05221"
"DEG_LD_SW480","229","ELK3","0.052269999999999997","GTEx Coexpression,0.05227","SRPX,MAML2,CYGB,LOXL2,NT5E,OLFML3,DSE,SLIT3,GGT5,PRRX1,VWF,PCOLCE,NAV1,EBF3,GNG11,TM4SF1,RFX8,DAB2,COL5A2,MXRA8,COL6A3,KCTD12,STEAP1,TLR3,VGLL3","chea3","229","0.052269999999999997",NA,NA,"","4","GTEx--Coexpression(rank=84); Literature--ChIP-seq(rank=136); ARCHS4--Coexpression(rank=298); Enrichr--Queries(rank=767)","229","0.052269999999999997","GTEx Coexpression,0.05227"
"DEG_LD_SW480","230","ZNF300","0.052710000000000000","Enrichr Queries,0.05271","NLGN1,MAML2,RORA,TMTC1,RND3,LFNG,NT5E,ALCAM,HEY1,GPNMB,MDK,OLFML3,NFKBIZ,SPOCK1,DMD,ZNF502,ABCA1,ARRDC4,CADPS2,ZNF681,ANXA1,AUTS2,SYT1,BCL11A,PTPN13,DKK1,SERPINB8,GNG11,SLC16A14,PGF,SYTL2,BST2,CDK6,EEF1A2,SELENOP,ZNF711,ZNF117,TMEM45A","chea3","230","0.052710000000000000",NA,NA,"","3","Enrichr--Queries(rank=74); ARCHS4--Coexpression(rank=321); GTEx--Coexpression(rank=1116)","230","0.052710000000000000","Enrichr Queries,0.05271"
"DEG_LD_SW480","231","HOXD3","0.052830000000000002","ARCHS4 Coexpression,0.05283","RERE,CNTFR,SHOX2,CLCNKB,CRMP1,HOXD13,AKAP6,LRP2,HOXD11,HOXC11,HOXD10,ELAVL2,SPN,SLIT3,NCAM1,RHBDL3,NKX6-1,ECEL1,AFAP1,PCOLCE,EBF3,CYS1,MEIS3,XKR7,ARC,KIF26A,TLN2","chea3","231","0.052830000000000002",NA,NA,"","3","ARCHS4--Coexpression(rank=86); GTEx--Coexpression(rank=280); Enrichr--Queries(rank=394)","231","0.052830000000000002","ARCHS4 Coexpression,0.05283"
"DEG_LD_SW480","232","NPAS1","0.052890000000000000","GTEx Coexpression,0.05289","DLX3,AK5,ZDHHC22,LYPD5,NKPD1,KLK7,XKRX,KCNV1,CACNG8,JPH3,AP1S1,SPTSSB,COL26A1,GSDMA,BCL11A,GABRA3,KIAA1549L,MEIS3,FLG2,OLFM1,FAM167A,LHX2,PSMG3,NPTXR,TMEM45A","chea3","232","0.052890000000000000",NA,NA,"","3","GTEx--Coexpression(rank=85); Enrichr--Queries(rank=111); ARCHS4--Coexpression(rank=1067)","232","0.052890000000000000","GTEx Coexpression,0.05289"
"DEG_LD_SW480","233","IRX4","0.053420000000000002","Enrichr Queries,0.05342","DLX3,EPAS1,SHOX2,CRMP1,FZD10,ELAVL2,LOXL2,SOX2,HEY1,SIX2,SPOCK1,TFAP2A,CADPS2,EGLN3,EGR3,BCL11B,BCL11A,IRX3,MOCOS,FBXO32,NPNT,SERPINB8,PGF,OLFM1,ALDH1A3,KIF26A,LHX2,WNK2,KIF26B,KCNMA1,EEF1A2,KRT14,CNTN1,CDH13,PPARG,TGFBI,GPRC5C,ATF3","chea3","233","0.053420000000000002",NA,NA,"","3","Enrichr--Queries(rank=75); GTEx--Coexpression(rank=95); ARCHS4--Coexpression(rank=343)","233","0.053420000000000002","Enrichr Queries,0.05342"
"DEG_LD_SW480","234","EMX1","0.053440000000000001","ARCHS4 Coexpression,0.05344","TMEM151A,NYAP1,STXBP1,FAIM2,CPLX1,BEGAIN,JPH3,CAMKV,KIF5C,BSN,MAP2K6,PRKCG,UNC13A,UNC5A,PCP4L1,PDE2A,ADAM11,SYP,MAPK8IP2,HPCAL4,ACTL8,MAPK8IP1,OLFM1,LHX2,KCNQ2,ZP1,NPTXR","chea3","234","0.053440000000000001",NA,NA,"","3","ARCHS4--Coexpression(rank=87); GTEx--Coexpression(rank=229); Enrichr--Queries(rank=237)","234","0.053440000000000001","ARCHS4 Coexpression,0.05344"
"DEG_LD_SW480","235","ERG","0.053519999999999998","GTEx Coexpression,0.05352","CPNE8,ECM2,EPAS1,NEDD9,TMTC1,LTBP2,SHE,SLIT3,IGFBP7,SUSD5,LMCD1,VWF,STARD8,KCNK15,NAV1,EBF3,GNG11,TM4SF1,SHROOM4,MYO1D,PTPRB,SESTD1,COL8A2,CDH13,KCTD12","chea3","235","0.053519999999999998",NA,NA,"","5","Literature--ChIP-seq(rank=25); GTEx--Coexpression(rank=86); Enrichr--Queries(rank=140); ReMap--ChIP-seq(rank=174); ARCHS4--Coexpression(rank=197)","235","0.053519999999999998","GTEx Coexpression,0.05352"
"DEG_LD_SW480","236","ZNF263","0.053870000000000001","ReMap ChIP-seq,0.05387","TMEM151A,ACHE,POP7,ITGB2,SECTM1,DBH,UFSP1,NKPD1,LFNG,LYL1,DBP,MDK,TBC1D10C,PTGDS,BAHCC1,EPHB4,SLC12A9,TSC22D4,TLE2,UNC5A,CCDC116,TNFRSF18,TMC8,ENTPD8,PCOLCE,TMC6,TEX19,ARHGAP45,TFR2,DNAJC30,MXRA8,FSCN2,PLCB2,TEDC1,CCDC187,HTRA3,NXPH4,FURIN,CYGB,ZNF469,CKB,SH2B2,NGFR,SIVA1,PDE2A,ASPSCR1,NR1D1,BAIAP3,MC1R,FES,FASN,GNB2,CD7,TRIP6,PSMG3,RSPH14,TCAP,ANKRD63,NOTUM,TRMT61A","chea3","236","0.053870000000000001",NA,NA,"","6","ENCODE--ChIP-seq(rank=11); ReMap--ChIP-seq(rank=16); Literature--ChIP-seq(rank=103); GTEx--Coexpression(rank=1212); Enrichr--Queries(rank=1333); ARCHS4--Coexpression(rank=1570)","236","0.053870000000000001","ReMap ChIP-seq,0.05387"
"DEG_LD_SW480","237","MYRF","0.054050000000000001","ARCHS4 Coexpression,0.05405","TMEM151A,IGSF8,NYAP1,STXBP1,FAIM2,SLAIN1,AK5,CPLX1,JPH3,SLC22A17,MCF2L,APBB1,BSN,PTGDS,KCNJ10,UNC5A,SPNS2,DAB2IP,ADAM11,SYP,MAPK8IP2,HPCAL4,MAPK8IP1,GJB1,DAAM2,KCNQ2,NPTXR","chea3","237","0.054050000000000001",NA,NA,"","2","ARCHS4--Coexpression(rank=88); GTEx--Coexpression(rank=573)","237","0.054050000000000001","ARCHS4 Coexpression,0.05405"
"DEG_LD_SW480","238","SOX9","0.054670000000000003","ARCHS4 Coexpression,0.05467","CNTFR,SPON1,PHLPP1,GMFG,NTM,PON2,ITGB2,ILDR2,DTX4,SOX2,HEY1,PTPRZ1,NCAM1,CKB,ADGRV1,COL27A1,KCNJ10,AUTS2,HMGCS1,DAB2IP,DCLK2,DHRS2,QKI,ARHGAP45,VANGL2,NOTUM,CHST3","chea3","238","0.054670000000000003",NA,NA,"","5","Literature--ChIP-seq(rank=15); ARCHS4--Coexpression(rank=89); ReMap--ChIP-seq(rank=149); GTEx--Coexpression(rank=276); Enrichr--Queries(rank=309)","238","0.054670000000000003","ARCHS4 Coexpression,0.05467"
"DEG_LD_SW480","239","GATA2","0.054760000000000003","GTEx Coexpression,0.05476","VIPR1,EPAS1,NEDD9,KLK3,HOXD11,HOXD10,SLC6A4,SHE,ACOXL,GATAD1,CFAP69,METTL6,GABRE,EPHB4,SFTPB,NAPSA,VWF,STARD8,GNG11,SHROOM4,AR,PTPRB,MLPH,MYO15B,STEAP2","chea3","239","0.054760000000000003",NA,NA,"","6","ENCODE--ChIP-seq(rank=26); Literature--ChIP-seq(rank=41); GTEx--Coexpression(rank=88); ReMap--ChIP-seq(rank=214); ARCHS4--Coexpression(rank=559); Enrichr--Queries(rank=573)","239","0.054760000000000003","GTEx Coexpression,0.05476"
"DEG_LD_SW480","240","AR","0.054879999999999998","Literature ChIP-seq,0.05488","KCNG1,ERO1B,MAML2,ATP8A1,GDA,RORA,IL1RAP,CLDN1,GLDN,RASSF6,LEPR,PDK4,MTERF1,CSGALNACT1,CADPS2,ANKRD44,UBE2E2,WDR72,NPNT,EML1,SLC9A2,FLG2,TIAM1,PPP1R3B,DAAM2,CMPK2,TLN2,SLC22A3,RTN1,MAOB,PRKRIP1,TSHZ2,MGST1,TNFRSF11B,KLK3,TMTC1,EFNA5,MED12L,CNN3,STK31,ORC5,ST3GAL5,IGFBP7,PAG1,ABCA1,B3GALNT1,BCL11B,ESRRB,IL31RA,DCLK2,IGF1,QKI,SLC16A14,SEM1,PPFIBP2,NBEA,SESTD1,UST,TBCE,RSPH14,TMCC3,EFHB,XKR5,RERE,BNC2,FMN1,STON2,RND3,MMP24,DUSP10,DSE,PHACTR3,UPP1,ZNF486,ADGRV1,TET1,NAV1,TMC6,ANO4,TGFBR3,ALDH1A3,JMJD7-PLA2G4B,IL1RAPL1,ARHGEF3,CDH13,COL6A3,PPARG,TLR4,TLR3,TMEM45A,VGLL3,PTGER2,PELI2,SLC43A1,NEDD9,FURIN,AKAP6,CXCR6,GNAI1,THSD4,SH3BGRL,EGFLAM,SPOCK1,SUSD5,COL26A1,MACC1,PTPN13,MYO1D,PDE10A,ASB4,CAMK1,ZNF610,KBTBD8,NECTIN1","chea3","240","0.054879999999999998",NA,NA,"","5","Literature--ChIP-seq(rank=9); ReMap--ChIP-seq(rank=85); Enrichr--Queries(rank=108); GTEx--Coexpression(rank=510); ARCHS4--Coexpression(rank=529)","240","0.054879999999999998","Literature ChIP-seq,0.05488"
"DEG_LD_SW480","241","ZFHX4","0.055280000000000003","ARCHS4 Coexpression,0.05528","BEX4,CNTFR,NLGN1,RTN1,CRMP1,AKAP6,SOBP,EFNA5,ELAVL2,NKAIN1,DACH1,KIF5C,GPC2,NCAM1,SLC16A2,SCN3B,FEZF1,AUTS2,NAV1,EBF3,KLHDC8B,LEMD1,SLC4A8,VANGL2,NBEA,LHX2,FEZ1","chea3","241","0.055280000000000003",NA,NA,"","3","ARCHS4--Coexpression(rank=90); Enrichr--Queries(rank=115); GTEx--Coexpression(rank=572)","241","0.055280000000000003","ARCHS4 Coexpression,0.05528"
"DEG_LD_SW480","242","NEUROD6","0.055379999999999999","GTEx Coexpression,0.05538","NYAP1,RTN1,FAIM2,AK5,ZDHHC22,KCNV1,CALHM1,CACNG8,JPH3,PPP4R4,SCN3B,PRKCG,COL26A1,UNC5A,SYT1,GABRA3,KIAA1549L,SYP,MAPK8IP2,HPCAL4,OLFM1,NPTXR,FGF13,APBA2,BEX5","chea3","242","0.055379999999999999",NA,NA,"","3","GTEx--Coexpression(rank=89); ARCHS4--Coexpression(rank=178); Enrichr--Queries(rank=360)","242","0.055379999999999999","GTEx Coexpression,0.05538"
"DEG_LD_SW480","243","ZNF528","0.055559999999999998","Enrichr Queries,0.05556","ZNF331,BEX4,MAML2,EPAS1,IFI6,RORA,LOXL2,NT5E,ZMAT1,GPNMB,MDK,OLFML3,ZNF429,CTSK,SPOCK1,ZNF107,DMD,ZNF502,ZNF486,ABCA1,CSGALNACT1,ARRDC4,CADPS2,ZNF681,ZNF680,F2R,ASNS,FBXO32,PTPN13,SERPINB8,SYTL2,ZNF93,ZNF737,COL5A2,SELENOP,CDH11,ZNF117,ZNF610","chea3","243","0.055559999999999998",NA,NA,"","3","Enrichr--Queries(rank=78); ARCHS4--Coexpression(rank=753); GTEx--Coexpression(rank=859)","243","0.055559999999999998","Enrichr Queries,0.05556"
"DEG_LD_SW480","244","ZFHX2","0.055899999999999998","ARCHS4 Coexpression,0.0559","RERE,CNTFR,RTN1,CRMP1,SOBP,ELAVL2,NKAIN1,CACNG8,KIF5C,GNG4,GPC2,NCAM1,BSN,SCN3B,GALNT8,RPS6KL1,SERF1B,CARMIL3,AUTS2,NAV1,EBF3,NMNAT2,LEMD1,SLC4A8,NBEA,LHX2,WNK2","chea3","244","0.055899999999999998",NA,NA,"","3","ARCHS4--Coexpression(rank=91); Enrichr--Queries(rank=324); GTEx--Coexpression(rank=1465)","244","0.055899999999999998","ARCHS4 Coexpression,0.0559"
"DEG_LD_SW480","245","FOXD1","0.056000000000000001","GTEx Coexpression,0.056","HS3ST3A1,SHOX2,PLOD3,XPC,LOXL2,NT5E,DSE,ZNF501,MPP4,CLEC11A,PSG1,PCOLCE,DKK1,BICC1,DCBLD2,RFX8,COL5A2,MXRA8,COL6A3,TGFBI,STEAP1,ULBP2,CDK15,ZNF311,VGLL3","chea3","245","0.056000000000000001",NA,NA,"","2","GTEx--Coexpression(rank=90); ARCHS4--Coexpression(rank=173)","245","0.056000000000000001","GTEx Coexpression,0.056"
"DEG_LD_SW480","246","FOXL1","0.056270000000000001","Enrichr Queries,0.05627","DLX3,CD82,CEBPD,EPAS1,EFNA5,THSD4,LOXL2,NT5E,SIX2,SPOCK1,IGFBP7,TFAP2A,HS3ST3B1,EGLN3,EDN1,EGR3,PRRX1,VDR,BCL11A,IRX3,F2R,DKK1,SERPINB8,TM4SF1,PGF,DKK3,ACTA2,MLPH,PDE10A,KIF26B,KCNMA1,CDH11,CNTN1,CDH13,COL6A3,PPARG,TGFBI,ATF3","chea3","246","0.056270000000000001",NA,NA,"","3","Enrichr--Queries(rank=79); ARCHS4--Coexpression(rank=120); GTEx--Coexpression(rank=232)","246","0.056270000000000001","Enrichr Queries,0.05627"
"DEG_LD_SW480","247","RFX6","0.056509999999999998","ARCHS4 Coexpression,0.05651","ERO1B,CPNE8,PARM1,GDA,PDE3B,USH1C,CRYBA2,SLC7A2,GNAI1,APH1B,GNG4,PDK4,NKX6-1,CHGB,EDARADD,ARRDC4,GSTO2,EDN3,WFS1,TMEM176B,CADPS,PDX1,FAM167A,RCAN2,KCNMA1,CNTN1,DZIP3","chea3","247","0.056509999999999998",NA,NA,"","3","ARCHS4--Coexpression(rank=92); Enrichr--Queries(rank=366); GTEx--Coexpression(rank=661)","247","0.056509999999999998","ARCHS4 Coexpression,0.05651"
"DEG_LD_SW480","248","SOHLH1","0.056630000000000000","GTEx Coexpression,0.05663","NYAP1,FAIM2,AK5,ZDHHC22,CPLX1,ELAVL2,KCNV1,CALHM1,RIMS4,CACNG8,JPH3,KIF5C,BSN,SCN3B,COL26A1,UNC5A,SYT1,GABRA3,KIAA1549L,SYP,MAPK8IP2,OLFM1,LHX2,APBA2,BEX5","chea3","248","0.056630000000000000",NA,NA,"","3","GTEx--Coexpression(rank=91); ARCHS4--Coexpression(rank=122); Enrichr--Queries(rank=584)","248","0.056630000000000000","GTEx Coexpression,0.05663"
"DEG_LD_SW480","249","ESRRG","0.056980000000000003","Enrichr Queries,0.05698","RYR2,NLGN1,RTN1,ATP8A1,EPAS1,NTM,PRUNE2,TSHZ2,ITPR1,RORA,AKAP6,EFNA5,ELAVL2,ATXN1,PCLO,DACH1,PDK4,DMD,NCAM1,CADPS2,EGLN3,ADGRV1,AUTS2,SYT1,BCL11B,BCL11A,CADPS,EBF3,SERPINB8,TGFBR3,PDE10A,NBEA,KIF26B,RCAN2,KCNMA1,CNTN1,CDH13,ATF3","chea3","249","0.056980000000000003",NA,NA,"","3","Enrichr--Queries(rank=80); ARCHS4--Coexpression(rank=287); GTEx--Coexpression(rank=818)","249","0.056980000000000003","Enrichr Queries,0.05698"
"DEG_LD_SW480","250","TFAP2B","0.057130000000000000","ARCHS4 Coexpression,0.05713","CNTFR,TENM1,NYAP1,TMEM63C,TSHZ2,CRMP1,SOBP,ELAVL2,TP53AIP1,NKAIN1,CACNG8,SERTAD4,KIF5C,GNG4,GPC2,NCAM1,SCN3B,CARMIL3,AUTS2,IRX3,DCLK2,EBF3,NMNAT2,LEMD1,MBLAC1,VANGL2,FEZ1","chea3","250","0.057130000000000000",NA,NA,"","3","ARCHS4--Coexpression(rank=93); GTEx--Coexpression(rank=158); Enrichr--Queries(rank=280)","250","0.057130000000000000","ARCHS4 Coexpression,0.05713"
"DEG_LD_SW480","251","MBD2","0.057239999999999999","ReMap ChIP-seq,0.05724","KCNG1,ZNF512B,TMEM151A,CNTFR,IFITM1,OXTR,EIF4E3,MOGAT3,LRRC10B,ITGB2,MLNR,FZD10,NKPD1,NAT16,LFNG,SHE,LYL1,DBP,MDK,FBXO6,PTGDS,BAHCC1,HS3ST3B1,TNFRSF18,SHROOM2,MAPK8IP2,TEX19,ARHGAP45,GPRIN2,KIAA1614,VGF,TFR2,KCNMA1,KCNQ2,EEF1A2,MXRA8,FSCN2,CHST2,TEDC1,CCDC187,NYAP1,TSHZ3,CRYBA2,CRMP1,LTBP2,SLAIN1,CYGB,ABO,LMF1,GPC2,EGR3,SIVA1,IRX3,SBK3,KIF26A,LHX2,FASN,ZNF853,ANKRD63","chea3","251","0.057239999999999999",NA,NA,"","4","ReMap--ChIP-seq(rank=17); GTEx--Coexpression(rank=395); ARCHS4--Coexpression(rank=1079); Enrichr--Queries(rank=1218)","251","0.057239999999999999","ReMap ChIP-seq,0.05724"
"DEG_LD_SW480","252","GLI3","0.057689999999999998","Enrichr Queries,0.05769","DOCK4,BNC2,EPAS1,NTM,ITPR1,RORA,PLAT,FBLN1,EFNA5,RND3,LOXL2,ATXN1,PDGFC,GRB10,IGFBP7,NCAM1,ABCA1,PRRX1,AUTS2,BCL11A,NAV1,MITF,IGF1,PTPN13,HSPG2,SORCS2,SERPINB8,BICC1,ACTA2,TGFBR3,DAB2,CDK6,KIF26B,KCNMA1,COL5A2,CDH11,COL6A3","chea3","252","0.057689999999999998",NA,NA,"","3","Enrichr--Queries(rank=81); ARCHS4--Coexpression(rank=114); GTEx--Coexpression(rank=168)","252","0.057689999999999998","Enrichr Queries,0.05769"
"DEG_LD_SW480","253","PLSCR1","0.057740000000000000","ARCHS4 Coexpression,0.05774","IFITM3,IFITM1,SLC43A3,PTAFR,PLEK,IFI6,NOD2,HERC5,NAMPT,CASP4,OLR1,UPP1,LGALS9,SLC15A3,HAVCR2,CD74,SERPINB8,BST2,ISG20,SLC7A7,IFI27,OAS1,NPC2,IL1B,CMPK2,TLR4,ARL8B","chea3","253","0.057740000000000000",NA,NA,"","2","ARCHS4--Coexpression(rank=94); GTEx--Coexpression(rank=407)","253","0.057740000000000000","ARCHS4 Coexpression,0.05774"
"DEG_LD_SW480","254","GLI1","0.057869999999999998","GTEx Coexpression,0.05787","SHC4,SLC22A3,BNC2,SLC44A2,SHOX2,NCMAP,GLDN,ADAMTS14,GJC3,CST1,ZMAT1,SH3PXD2A,MPZ,KLRG2,DMD,NGFR,TLE1,TET1,SORCS2,MAPK8IP1,IL1RAPL1,MXRA8,PMP22,KANK4,MATN2","chea3","254","0.057869999999999998",NA,NA,"","4","Literature--ChIP-seq(rank=81); GTEx--Coexpression(rank=93); Enrichr--Queries(rank=201); ARCHS4--Coexpression(rank=1005)","254","0.057869999999999998","GTEx Coexpression,0.05787"
"DEG_LD_SW480","255","EN1","0.058349999999999999","ARCHS4 Coexpression,0.05835","NTM,CRMP1,SOBP,ELAVL2,SOX2,NKAIN1,SERTAD4,DACH1,KIF5C,SIX2,GPC2,NCAM1,SCN3B,NKX6-1,AUTS2,PSPN,DCLK2,SOX14,EBF3,MEIS3,IFT22,VANGL2,ARMC10,TH,IL1RAPL1,TMCC3,BEX5","chea3","255","0.058349999999999999",NA,NA,"","3","ARCHS4--Coexpression(rank=95); Enrichr--Queries(rank=226); GTEx--Coexpression(rank=800)","255","0.058349999999999999","ARCHS4 Coexpression,0.05835"
"DEG_LD_SW480","256","ZNF43","0.058400000000000001","Enrichr Queries,0.0584","BEX4,ZNF273,ATP8A1,RORA,ALCAM,FLRT3,ZNF429,PDK4,ZNF107,DMD,ZNF486,ABCA1,CADPS2,ZNF681,ZNF680,ANXA1,SYT1,HMGCS1,BCL11A,F2R,TET1,RAB27B,PTPN13,SERPINB8,SYTL2,DAB2,ZNF92,CDK6,ZNF93,NBEA,ZNF737,COL5A2,SELENOP,CNTN1,ZNF711,ZNF117,ZNF610","chea3","256","0.058400000000000001",NA,NA,"","3","Enrichr--Queries(rank=82); ARCHS4--Coexpression(rank=873); GTEx--Coexpression(rank=1050)","256","0.058400000000000001","Enrichr Queries,0.0584"
"DEG_LD_SW480","257","HHEX","0.058490000000000000","GTEx Coexpression,0.05849","PARM1,SLC43A3,FURIN,PRKX,LRP2,TMEM243,ZMAT1,SALL4,ZBED2,ZNF486,CTSB,CSGALNACT1,CRYGN,WDR72,NPNT,TG,KATNAL2,ZNF737,UST,CAT,LPCAT2,FSCN2,PLA2R1,SLC26A4,ZNF114","chea3","257","0.058490000000000000",NA,NA,"","4","GTEx--Coexpression(rank=94); ReMap--ChIP-seq(rank=171); Enrichr--Queries(rank=472); ARCHS4--Coexpression(rank=477)","257","0.058490000000000000","GTEx Coexpression,0.05849"
"DEG_LD_SW480","258","MAFB","0.058970000000000002","ARCHS4 Coexpression,0.05897","ERO1B,DOCK4,CD163L1,PTAFR,ITGB2,PLEK,TREM2,GPNMB,SH3TC1,OLR1,NLRP3,LGALS9,SLC15A3,CTSB,HAVCR2,MPP1,TMEM176B,RNASE1,CD4,SLC7A7,NPC2,IL1B,MMP19,KCTD12,RAB7B,PLCB2,TLR4","chea3","258","0.058970000000000002",NA,NA,"","4","ARCHS4--Coexpression(rank=96); GTEx--Coexpression(rank=178); ReMap--ChIP-seq(rank=205); Enrichr--Queries(rank=469)","258","0.058970000000000002","ARCHS4 Coexpression,0.05897"
"DEG_LD_SW480","259","SMAD9","0.059119999999999999","Enrichr Queries,0.05912","PARM1,EPAS1,PRUNE2,NEDD9,RORA,TMTC1,SLC7A2,LOXL2,NT5E,DACH1,HEY1,PDK4,NCAM1,ABCA1,CADPS2,EDN1,ANXA1,IGF1,FBXO32,NPNT,SERPINB8,PGF,DKK3,ACTA2,TGFBR3,DAB2,RCAN2,KCNMA1,COL5A2,SELENOP,CDH11,CNTN1,PPARG,KCTD12,TGFBI,ATF3,MATN2","chea3","259","0.059119999999999999",NA,NA,"","3","Enrichr--Queries(rank=83); GTEx--Coexpression(rank=214); ARCHS4--Coexpression(rank=1268)","259","0.059119999999999999","Enrichr Queries,0.05912"
"DEG_LD_SW480","260","TAL1","0.059319999999999998","ENCODE ChIP-seq,0.05932","ACHE,PIWIL4,ECM1,SLC43A3,GDA,GMFG,MEPCE,ITGB2,F13A1,RORA,ARRB1,FAIM2,IL1RAP,SLC5A3,ORC5,GNA13,LYL1,OGFRL1,GRAP2,RBPMS2,METTL6,HAVCR2,GGT5,TFAP2A,TSC22D4,EGR3,KCNJ10,VWF,EDN3,WFS1,F2R,SPNS2,NAV1,MRPS6,SYT17,RINT1,RAB30,ACAP1,MC1R,SAA1,TRIM58,TMEM45A","chea3","260","0.059319999999999998",NA,NA,"","6","ENCODE--ChIP-seq(rank=7); GTEx--Coexpression(rank=128); Literature--ChIP-seq(rank=144); ARCHS4--Coexpression(rank=207); ReMap--ChIP-seq(rank=208); Enrichr--Queries(rank=724)","260","0.059319999999999998","ENCODE ChIP-seq,0.05932"
"DEG_LD_SW480","261","BCL11B","0.059740000000000001","GTEx Coexpression,0.05974","FLG,ZNF273,DLX3,RORA,LYPD5,CLDN1,NKPD1,KLK7,XKRX,TP53AIP1,SPTLC3,PERP,SPTSSB,TNS4,EXPH5,TFAP2A,GSDMA,BCL11A,TNFRSF18,SERPINB5,FLG2,VANGL2,KRT14,TMEM45A,NECTIN1","chea3","261","0.059740000000000001",NA,NA,"","4","Literature--ChIP-seq(rank=49); GTEx--Coexpression(rank=96); Enrichr--Queries(rank=166); ARCHS4--Coexpression(rank=626)","261","0.059740000000000001","GTEx Coexpression,0.05974"
"DEG_LD_SW480","262","OSR1","0.060199999999999997","ARCHS4 Coexpression,0.0602","SRPX,ECM1,CEMIP,HTRA3,MRGPRF,FBLN1,LTBP2,THSD4,LOXL2,NT5E,SH3PXD2A,CTSK,ZNF469,SLIT3,IGFBP7,GALNT5,PRRX1,PRRX2,AFAP1,PCOLCE,DKK3,COL5A2,CDH11,MXRA8,COL6A3,TGFBI","chea3","262","0.060199999999999997",NA,NA,"","2","ARCHS4--Coexpression(rank=98); GTEx--Coexpression(rank=247)","262","0.060199999999999997","ARCHS4 Coexpression,0.0602"
"DEG_LD_SW480","263","SALL1","0.060359999999999997","GTEx Coexpression,0.06036","TMEM151A,ATP8A1,PRKX,LRP2,SLAIN1,SDSL,TMEM144,SALL4,ZBED2,ST3GAL5,ZNF486,CTSB,ZNF680,KCNJ10,AADAT,CRYGN,WDR72,FAM167A,TG,GJB1,KATNAL2,FEZ1,LPCAT2,SLC26A4,ZNF114","chea3","263","0.060359999999999997",NA,NA,"","4","GTEx--Coexpression(rank=97); Literature--ChIP-seq(rank=125); ARCHS4--Coexpression(rank=256); Enrichr--Queries(rank=399)","263","0.060359999999999997","GTEx Coexpression,0.06036"
"DEG_LD_SW480","264","POU4F1","0.060539999999999997","Enrichr Queries,0.06054","RTN1,TSHZ3,EPAS1,SHOX2,CRMP1,RORA,EFNA5,HOXD10,ELAVL2,LOXL2,SOX2,DACH1,HEY1,KIF5C,GNG4,NCAM1,RHBDL3,TFAP2A,NGFR,CADPS2,EGLN3,EGR3,AUTS2,BCL11B,BCL11A,IRX3,EBF3,SERPINB8,OLFM1,COL2A1,CDK6,NR4A3,LHX2,KIF26B,KCNMA1,CDH11,ATF3","chea3","264","0.060539999999999997",NA,NA,"","3","Enrichr--Queries(rank=85); ARCHS4--Coexpression(rank=151); GTEx--Coexpression(rank=1385)","264","0.060539999999999997","Enrichr Queries,0.06054"
"DEG_LD_SW480","265","ZNF592","0.060609999999999997","ReMap ChIP-seq,0.06061","THSD4,SALL4,PHACTR3,METTL6,SPTSSB,CACNG4,ARRDC4,CPSF4,EDN3,GREB1,KRT13,ZDHHC11,PDP1,TG,MLPH,MYO15B,KIF26A,KRT36,PSMG3,EFHB,SLC26A9,CCDC174,RAB7B,RAB5A","chea3","265","0.060609999999999997",NA,NA,"","4","ReMap--ChIP-seq(rank=18); GTEx--Coexpression(rank=847); ARCHS4--Coexpression(rank=1200); Enrichr--Queries(rank=1365)","265","0.060609999999999997","ReMap ChIP-seq,0.06061"
"DEG_LD_SW480","266","MEOX2","0.060810000000000003","ARCHS4 Coexpression,0.06081","SRPX,ECM2,EPAS1,HOXD11,HOXD10,SERTAD4,EGFLAM,SH3PXD2A,SLIT3,GYG2,TIMP4,ANXA1,TLE1,PRRX1,VWF,PCOLCE,EBF3,MRAS,COL5A2,CDH11,MXRA8,SSPN,PMP22,KCTD12,TLN2,KANK4","chea3","266","0.060810000000000003",NA,NA,"","3","ARCHS4--Coexpression(rank=99); GTEx--Coexpression(rank=139); Enrichr--Queries(rank=236)","266","0.060810000000000003","ARCHS4 Coexpression,0.06081"
"DEG_LD_SW480","267","FOXM1","0.060979999999999999","Literature ChIP-seq,0.06098","CCDC71L,SLC46A3,VIPR1,MAML2,ATP8A1,CLDN1,GLDN,GALNT10,SOX2,ALCAM,GJA5,SALL4,NAMPT,GRB10,SLC16A9,BAHCC1,RNF43,CADPS2,TLE1,KCNK10,UBE2E1,UBE2E2,AFAP1,MITF,NPNT,DKK1,TM4SF1,TANC2,LEMD1,EREG,FRMD3,GPRIN2,TIAM1,RFX8,PRKCQ,CEMIP,ITPR1,MGST1,TNFRSF11B,TMTC1,AK5,EFNA5,RASGRP3,STK31,KCNV1,PAG1,EXPH5,ABCA1,TFAP2A,EGR3,AUTS2,TNFSF15,GREB1,ARHGEF38,IL31RA,DCLK2,RAB27B,FBXO32,SEM1,DAB2,CDK6,NBEA,PPP1R1C,UST,COL5A2,RSPH14,SSPN,CORO6,MKX,DOCK4,ANKRD33B,PDE3B,ARRB1,STON2,RLBP1,AFF2,DUSP10,MCF2L,NFKBIZ,PHACTR3,CYTIP,EDARADD,EDN1,ANXA1,SHROOM2,SPTB,TMEM150C,SUMF1,COL2A1,KRT39,IL1B,PPARG,KRT81,NLGN1,ODC1,PELI2,NEDD9,AKAP6,THSD4,BEGAIN,BICRA,PNMA1,ABLIM3,VPS50,PERP,KLRG2,DMD,CACNG4,EGLN3,GALNT5,CADPS,PTPN13,DHRS2,BATF,KIF26A,ZNF853,KBTBD8,TMEM229B","chea3","267","0.060979999999999999",NA,NA,"","6","Literature--ChIP-seq(rank=10); ENCODE--ChIP-seq(rank=43); ReMap--ChIP-seq(rank=284); Enrichr--Queries(rank=1397); ARCHS4--Coexpression(rank=1521); GTEx--Coexpression(rank=1594)","267","0.060979999999999999","Literature ChIP-seq,0.06098"
"DEG_LD_SW480","268","ZNF114","0.060979999999999999","GTEx Coexpression,0.06098","PARM1,ATP8A1,PRKX,LRP2,TMEM243,ZMAT1,SALL4,ZBED2,ST3GAL5,ZNF486,CTSB,CSGALNACT1,ZNF680,CRYGN,WDR72,NPNT,FAM167A,TG,KATNAL2,ZNF737,UST,LPCAT2,FSCN2,PLA2R1,SLC26A4","chea3","268","0.060979999999999999",NA,NA,"","3","GTEx--Coexpression(rank=98); Enrichr--Queries(rank=216); ARCHS4--Coexpression(rank=824)","268","0.060979999999999999","GTEx Coexpression,0.06098"
"DEG_LD_SW480","269","HOXC5","0.061249999999999999","Enrichr Queries,0.06125","DLX3,PARM1,CEBPD,SHOX2,HOXD11,EFNA5,HOXC11,HOXD10,THSD4,LOXL2,LFNG,SOX2,HEY1,TFAP2A,NGFR,CADPS2,EDN1,EGR3,PRRX1,BCL11B,VDR,IRX3,EBF3,NPNT,SORCS2,DKK1,SERPINB8,PGF,ACTA2,TGFBR3,COL2A1,LHX2,KIF26B,KCNMA1,CDH11,TGFBI,ATF3","chea3","269","0.061249999999999999",NA,NA,"","3","Enrichr--Queries(rank=86); GTEx--Coexpression(rank=263); ARCHS4--Coexpression(rank=510)","269","0.061249999999999999","Enrichr Queries,0.06125"
"DEG_LD_SW480","270","ZBED2","0.061609999999999998","GTEx Coexpression,0.06161","ZNF512B,PARM1,ATP8A1,SLC43A3,PRKX,LRP2,TMEM243,ZMAT1,SALL4,KLRG2,ZNF486,CTSB,CSGALNACT1,CRYGN,WDR72,NPNT,TG,KATNAL2,ZNF737,UST,LPCAT2,FSCN2,PLA2R1,SLC26A4,ZNF114","chea3","270","0.061609999999999998",NA,NA,"","3","GTEx--Coexpression(rank=99); Enrichr--Queries(rank=299); ARCHS4--Coexpression(rank=429)","270","0.061609999999999998","GTEx Coexpression,0.06161"
"DEG_LD_SW480","271","EBF1","0.061969999999999997","Enrichr Queries,0.06197","SPON1,BNC2,EPAS1,TSHZ2,RORA,TMTC1,EFNA5,RND3,LOXL2,RASGRP3,OLFML3,PDK4,IGFBP7,NCAM1,ABCA1,ANXA1,PRRX1,AUTS2,BCL11A,PDE2A,EBF3,IGF1,SERPINB8,GNG11,ACTA2,TGFBR3,DAB2,KCNMA1,COL5A2,SELENOP,CDH11,CDH13,COL6A3,PPARG,KCTD12,TGFBI,ATF3","chea3","271","0.061969999999999997",NA,NA,"","5","Enrichr--Queries(rank=87); ENCODE--ChIP-seq(rank=97); GTEx--Coexpression(rank=160); ReMap--ChIP-seq(rank=166); ARCHS4--Coexpression(rank=182)","271","0.061969999999999997","Enrichr Queries,0.06197"
"DEG_LD_SW480","272","HEY1","0.062039999999999998","ARCHS4 Coexpression,0.06204","CNTFR,NLGN1,NTM,PON2,HOXD13,SLAIN1,HOXD11,DTX4,HOXD10,CNN3,SOX2,PTPRZ1,PNMA1,NCAM1,CKB,ADGRV1,KCNJ10,AUTS2,HMGCS1,DCLK2,QKI,TPST1,VANGL2,FEZ1,ZNF853,APBA2","chea3","272","0.062039999999999998",NA,NA,"","3","ARCHS4--Coexpression(rank=101); Enrichr--Queries(rank=294); GTEx--Coexpression(rank=367)","272","0.062039999999999998","ARCHS4 Coexpression,0.06204"
"DEG_LD_SW480","273","NEUROD2","0.062230000000000001","GTEx Coexpression,0.06223","RTN1,STXBP1,NTM,BEGAIN,MMP24,PCLO,MCF2L,APBB1,BSN,BEND6,ARHGEF33,TLE2,CARMIL3,UNC5A,DAB2IP,ADAM11,NMNAT2,MAPK8IP2,AP3B2,XKR7,TIAM1,KCNQ2,FAT2,APBA2,TMEM229B","chea3","273","0.062230000000000001",NA,NA,"","4","Literature--ChIP-seq(rank=56); GTEx--Coexpression(rank=100); Enrichr--Queries(rank=305); ARCHS4--Coexpression(rank=1551)","273","0.062230000000000001","GTEx Coexpression,0.06223"
"DEG_LD_SW480","274","FOXD4L1","0.062680000000000000","Enrichr Queries,0.06268","ACHE,FCGBP,CEMIP,IFITM1,DLX4,CEBPD,LSMEM1,NTM,PRUNE2,KRT86,LOXL2,MDK,KIF5C,NAMPT,NFKBIZ,CDH23,LZTS1,TFAP2A,CADPS2,EDN1,IRX3,MOCOS,PDE2A,NAV1,EBF3,SERPINB8,KLF15,PGF,ALDH1A3,NR4A3,VGF,IL1B,KIF26B,KCNMA1,KCTD12,NOTUM,ATF3","chea3","274","0.062680000000000000",NA,NA,"","3","Enrichr--Queries(rank=88); GTEx--Coexpression(rank=355); ARCHS4--Coexpression(rank=1258)","274","0.062680000000000000","Enrichr Queries,0.06268"
"DEG_LD_SW480","275","TGIF1","0.062850000000000003","GTEx Coexpression,0.06285","CCDC71L,BEX4,NYAP1,CEBPD,CRMP1,FAIM2,RND3,KIF5C,ADAM23,NFKBIZ,NCAM1,APBB1,BSN,WDR17,RPS6KL1,CADPS,TTC7B,ACSL6,NMNAT2,MAPK8IP2,AP3B2,GDAP1,KCNQ2,STEAP1,APBA2","chea3","275","0.062850000000000003",NA,NA,"","3","GTEx--Coexpression(rank=101); ARCHS4--Coexpression(rank=690); Enrichr--Queries(rank=806)","275","0.062850000000000003","GTEx Coexpression,0.06285"
"DEG_LD_SW480","276","NEUROD4","0.063270000000000007","ARCHS4 Coexpression,0.06327","PHLPP1,ANKRD33B,FRMPD1,CRMP1,ILDR2,ELAVL2,NKAIN1,DACH1,EGFLAM,GPC2,NCAM1,CKB,RHBDL3,KIRREL3,CHRNB4,ADGRV1,MPP4,CADPS,EBF3,SYP,PTPN13,SORCS2,XKR7,KIAA1614,NBEA,IGSF9B","chea3","276","0.063270000000000007",NA,NA,"","3","ARCHS4--Coexpression(rank=103); GTEx--Coexpression(rank=334); Enrichr--Queries(rank=369)","276","0.063270000000000007","ARCHS4 Coexpression,0.06327"
"DEG_LD_SW480","277","ZNF382","0.063390000000000002","Enrichr Queries,0.06339","ZNF331,RTN1,PARM1,ZC4H2,IFI6,RORA,GXYLT2,NT5E,ZMAT1,GPNMB,ZNF429,ZNF107,DMD,GPR155,ABCA1,ARRDC4,CADPS2,ZNF681,HMGCS1,BCL11B,KIAA1549L,DCLK2,TET1,SERPINB8,SLC16A14,SYTL2,CDK6,ZNF93,NBEA,TNFSF4,RCAN2,ZNF737,ZNF711,ZNF117,ZNF610,RBM24,ATF3","chea3","277","0.063390000000000002",NA,NA,"","3","Enrichr--Queries(rank=89); GTEx--Coexpression(rank=356); ARCHS4--Coexpression(rank=716)","277","0.063390000000000002","Enrichr Queries,0.06339"
"DEG_LD_SW480","278","ETV5","0.063469999999999999","GTEx Coexpression,0.06347","BEX4,NYAP1,GRIK4,CRMP1,MSI1,NAT16,BEGAIN,RIMS4,JPH3,SLC22A17,SCN3B,CHGB,WDR17,RPS6KL1,UNC13A,CADPS,SYP,ANO4,MAPK8IP2,AP3B2,GDAP1,BAIAP3,SLC4A8,KCNQ2,BEX5","chea3","278","0.063469999999999999",NA,NA,"","3","GTEx--Coexpression(rank=102); ARCHS4--Coexpression(rank=333); Enrichr--Queries(rank=801)","278","0.063469999999999999","GTEx Coexpression,0.06347"
"DEG_LD_SW480","279","KLF6","0.063969999999999999","ReMap ChIP-seq,0.06397","RERE,ITGB2,SECTM1,CBLC,ARRB1,NCMAP,SOX2,LASP1,DBP,MDK,AP1S1,TNS4,BAHCC1,CFAP45,HES7,RNF43,EDN1,ANXA1,F2R,SPNS2,TMC8,AFAP1,ACSL5,TMC6,HSPG2,TM4SF1,EREG,SLC7A7,ZNF839,VGF,EEF1A2,MXRA8,FSCN2,CHST3,TEDC1,LTBP2,KRT86,DEPP1,KLK7,GNA13,ATXN1,PNMA1,SH3TC1,PDGFC,CKB,MPZL2,TFAP2A,KRT13,NR1D1,PRSS33,DCBLD2,BAIAP3,ISG20,MLPH,SESTD1,CD7,SSPN,TGFBI,TRMT61A","chea3","279","0.063969999999999999",NA,NA,"","4","ReMap--ChIP-seq(rank=19); ARCHS4--Coexpression(rank=165); Enrichr--Queries(rank=887); GTEx--Coexpression(rank=887)","279","0.063969999999999999","ReMap ChIP-seq,0.06397"
"DEG_LD_SW480","280","FOXS1","0.064089999999999994","GTEx Coexpression,0.06409","SLC22A3,ECM2,TNFRSF11B,LTBP2,SH3BGRL,CYP4X1,PDGFC,IGFBP7,SUSD5,SMIM10,HDX,PRRX2,UBE2E2,KCNK15,HSPG2,PGF,SUGCT,MYO1D,ACTA2,RCAN2,SSPN,COL8A2,CDH13,ROR1","chea3","280","0.064089999999999994",NA,NA,"","3","GTEx--Coexpression(rank=103); ARCHS4--Coexpression(rank=234); Enrichr--Queries(rank=340)","280","0.064089999999999994","GTEx Coexpression,0.06409"
"DEG_LD_SW480","281","HLF","0.064100000000000004","Enrichr Queries,0.0641","PARM1,CEBPD,EPAS1,ITPR1,RORA,SLC7A2,CX3CL1,LOXL2,ALCAM,HEY1,PDK4,NCAM1,ABCA1,CD74,CADPS2,EGLN3,EGR3,SYT1,BCL11A,PDE2A,IGF1,NR1D1,FBXO32,NPNT,SERPINB8,KLF15,DKK3,TGFBR3,NR4A3,RCAN2,KCNMA1,SELENOP,CNTN1,PPARG,TGFBI,ATF3,MATN2","chea3","281","0.064100000000000004",NA,NA,"","3","Enrichr--Queries(rank=90); ARCHS4--Coexpression(rank=149); GTEx--Coexpression(rank=284)","281","0.064100000000000004","Enrichr Queries,0.0641"
"DEG_LD_SW480","282","NFATC4","0.064500000000000002","ARCHS4 Coexpression,0.0645","CEMIP,HTRA3,ASAP3,MRGPRF,FBLN1,LTBP2,LOXL2,SH3PXD2A,CTSK,ZNF469,SLIT3,ADAMTS7,PRRX1,PRRX2,DAB2IP,AFAP1,PCOLCE,HSPG2,DKK3,COL5A2,TRIP6,CDH11,MXRA8,COL6A3,MKX,CHST3","chea3","282","0.064500000000000002",NA,NA,"","3","ARCHS4--Coexpression(rank=105); Enrichr--Queries(rank=577); GTEx--Coexpression(rank=862)","282","0.064500000000000002","ARCHS4 Coexpression,0.0645"
"DEG_LD_SW480","283","NACC2","0.064720000000000000","GTEx Coexpression,0.06472","TMEM151A,NLGN1,PHLPP1,PON2,LDLRAD4,SLAIN1,SOBP,CSAG1,RLBP1,SOX2,PTPRZ1,PNMA1,PHACTR3,NCAM1,CKB,TSC22D4,KCNJ10,DCLK2,QKI,DAAM2,FEZ1,ALDOC,ZNF853,PRTFDC1","chea3","283","0.064720000000000000",NA,NA,"","2","GTEx--Coexpression(rank=104); ARCHS4--Coexpression(rank=409)","283","0.064720000000000000","GTEx Coexpression,0.06472"
"DEG_LD_SW480","284","HOXC8","0.064810000000000006","Enrichr Queries,0.06481","CEBPD,EPAS1,SHOX2,HOXD11,HOXC11,HOXD10,LOXL2,SOX2,GPNMB,IGFBP7,TFAP2A,EDN1,ANXA1,PRRX1,IRX3,PCOLCE,EBF3,IGF1,DKK1,SERPINB8,TM4SF1,PGF,ACTA2,TGFBR3,ALDH1A3,DAB2,COL2A1,LHX2,KIF26B,COL5A2,CDH11,CNTN1,COL6A3,PPARG,TGFBI,ATF3,VGLL3","chea3","284","0.064810000000000006",NA,NA,"","3","Enrichr--Queries(rank=91); GTEx--Coexpression(rank=226); ARCHS4--Coexpression(rank=509)","284","0.064810000000000006","Enrichr Queries,0.06481"
"DEG_LD_SW480","285","CSRNP1","0.065110000000000001","ARCHS4 Coexpression,0.06511","ZNF331,CEBPD,ITGB2,PLEK,FURIN,NOD2,GNA13,SH3TC1,NAMPT,NFKBIZ,NLRP3,LGALS9,CYTIP,SLC15A3,CD74,EGR3,TMC8,TMC6,ARHGAP45,CD4,NR4A3,MYO15B,IL1B,PLCB2,TLR4,ATF3","chea3","285","0.065110000000000001",NA,NA,"","2","ARCHS4--Coexpression(rank=106); GTEx--Coexpression(rank=365)","285","0.065110000000000001","ARCHS4 Coexpression,0.06511"
"DEG_LD_SW480","286","SIM1","0.065339999999999995","GTEx Coexpression,0.06534","CPM,CEMIP,SHOX2,HOXC11,LOXL2,NT5E,DUSP10,OLFML3,CTSK,DSE,ZNF501,PRRX1,CLEC11A,PSG1,PCOLCE,DKK1,BICC1,XG,RFX8,DAB2,COL5A2,COL6A3,STEAP1,VGLL3","chea3","286","0.065339999999999995",NA,NA,"","3","GTEx--Coexpression(rank=105); ARCHS4--Coexpression(rank=190); Enrichr--Queries(rank=643)","286","0.065339999999999995","GTEx Coexpression,0.06534"
"DEG_LD_SW480","287","LMX1A","0.065530000000000005","Enrichr Queries,0.06553","SPON1,NLGN1,NTM,SHOX2,TSHZ2,RORA,LRP2,EFNA5,CACNA1E,FSTL4,ELAVL2,LOXL2,SOX2,DACH1,SPOCK1,FEZF1,KIRREL3,TFAP2A,CADPS2,EGR3,PRRX1,BCL11B,IRX3,ECEL1,CADPS,NAV1,EBF3,NMNAT2,SERPINB8,COL2A1,PDE10A,LHX2,KIF26B,KCNMA1,CDH11,CDH13,ATF3","chea3","287","0.065530000000000005",NA,NA,"","3","Enrichr--Queries(rank=92); GTEx--Coexpression(rank=386); ARCHS4--Coexpression(rank=513)","287","0.065530000000000005","Enrichr Queries,0.06553"
"DEG_LD_SW480","288","POU4F2","0.065720000000000001","ARCHS4 Coexpression,0.06572","CNTFR,NYAP1,NXPH4,CRMP1,ILDR2,DOC2B,DTX4,HOXD10,ELAVL2,NKAIN1,DACH1,KIF5C,GPC2,NCAM1,RHBDL3,MARK1,TLE1,AUTS2,HMGCS1,DCLK2,EBF3,NMNAT2,OLFM1,XKR7,VANGL2,PLA2R1","chea3","288","0.065720000000000001",NA,NA,"","4","ARCHS4--Coexpression(rank=107); ReMap--ChIP-seq(rank=216); Enrichr--Queries(rank=435); GTEx--Coexpression(rank=1519)","288","0.065720000000000001","ARCHS4 Coexpression,0.06572"
"DEG_LD_SW480","289","EBF4","0.066239999999999993","Enrichr Queries,0.06624","ACHE,CD82,EPAS1,RORA,FBLN1,LTBP2,EFNA5,THSD4,LOXL2,HEY1,MDK,GNG4,CKB,RHBDL3,ADAMTS7,ABCA1,NGFR,CADPS2,TLE2,EGR3,COL27A1,AUTS2,IRX3,NAV1,EBF3,HSPG2,SORCS2,SERPINB8,PGF,COL2A1,VGF,KIF26A,KIF26B,KCNMA1,GPRC5C,ATF3,MATN2","chea3","289","0.066239999999999993",NA,NA,"","3","Enrichr--Queries(rank=93); ARCHS4--Coexpression(rank=358); GTEx--Coexpression(rank=747)","289","0.066239999999999993","Enrichr Queries,0.06624"
"DEG_LD_SW480","290","FEZF2","0.066580000000000000","GTEx Coexpression,0.06658","NYAP1,FAIM2,AK5,ZDHHC22,KCNV1,RIMS4,CACNG8,JPH3,KIF5C,PHACTR3,SCN3B,PRKCG,COL26A1,GABRA3,DCLK2,SYP,MAPK8IP2,MEIS3,SYT17,OLFM1,LHX2,NPTXR,FGF13,BEX5","chea3","290","0.066580000000000000",NA,NA,"","3","GTEx--Coexpression(rank=107); Enrichr--Queries(rank=494); ARCHS4--Coexpression(rank=633)","290","0.066580000000000000","GTEx Coexpression,0.06658"
"DEG_LD_SW480","291","ZBTB7C","0.066949999999999996","Enrichr Queries,0.06695","PARM1,EPAS1,NTM,TSHZ2,DYSF,RORA,FMN1,DTX4,EFNA5,THSD4,LOXL2,ATXN1,HEY1,SH3PXD2A,NCAM1,ABCA1,CADPS2,EGLN3,EGR3,AUTS2,BCL11B,SPNS2,NAV1,NMNAT2,NPNT,SORCS2,SERPINB8,ACTA2,TGFBR3,KIF26B,KCNMA1,CDH13,TGFBI,GPRC5C,ATF3,NECTIN1,MATN2","chea3","291","0.066949999999999996",NA,NA,"","3","Enrichr--Queries(rank=94); ARCHS4--Coexpression(rank=586); GTEx--Coexpression(rank=623)","291","0.066949999999999996","Enrichr Queries,0.06695"
"DEG_LD_SW480","292","ARNT","0.067070000000000005","Literature ChIP-seq,0.06707","TENM1,VIPR1,SLC44A2,XYLT1,FMN1,FZD10,RND3,GLDN,GALNT10,ACOXL,PCLO,HEY1,KIF5C,SALL4,LEPR,RNF43,EDN1,TLE1,ANO4,KRT31,TMEM150C,AR,ALDH1A3,RFX8,IL1RAPL1,PPARG,TLN2,BCORL1,GPRC5C,SHC4,KRT81,CEMIP,EPAS1,ODC1,PRUNE2,TSHZ2,NEDD9,LYPD5,EFNA5,CST5,CACNG6,KCNV1,ATXN1,ABLIM3,PERP,ADAMTS17,PLAC1,PLEK2,TFAP2A,COL26A1,RABGAP1L,AUTS2,DHRS2,SLC16A14,DAB2,CDK6,MLPH,NBEA,CD7,RNF182,FAT2,ALPI,MKX,TGFBI,ASB2,CDK15,TMEM229B,NECTIN1","chea3","292","0.067070000000000005",NA,NA,"","5","Literature--ChIP-seq(rank=11); ReMap--ChIP-seq(rank=128); GTEx--Coexpression(rank=556); Enrichr--Queries(rank=1174); ARCHS4--Coexpression(rank=1294)","292","0.067070000000000005","Literature ChIP-seq,0.06707"
"DEG_LD_SW480","293","FOS","0.067339999999999997","ReMap ChIP-seq,0.06734","CD82,IL24,PLAT,CLDN1,CHCHD4,ALCAM,DUSP10,HEY1,TMEM43,LEPR,OLR1,AP1S1,CLBA1,UPP1,TNS4,CFAP45,CTSB,HES7,ANXA1,ENTPD8,KRT75,HSPG2,TM4SF1,DKK3,IL1A,RAB30,VGF,IL1B,S100A3,KCTD12,RAB7B,TLR4,ATF3,VGLL3,SELPLG,EPAS1,ODC1,FURIN,LTBP2,KRT86,ATXN1,ABLIM3,SH3TC1,PERP,PDGFC,ZBED2,SFN,MPZL2,TFAP2A,EGR3,MACC1,NR1D1,FBXO32,ISG20,PTPRB,EIF5,CD7,SLC26A9,TGFBI","chea3","293","0.067339999999999997",NA,NA,"","5","ReMap--ChIP-seq(rank=20); ENCODE--ChIP-seq(rank=39); GTEx--Coexpression(rank=200); ARCHS4--Coexpression(rank=523); Enrichr--Queries(rank=579)","293","0.067339999999999997","ReMap ChIP-seq,0.06734"
"DEG_LD_SW480","294","SOX14","0.067570000000000005","ARCHS4 Coexpression,0.06757","BEX4,RTN1,TSHZ3,NTM,CRMP1,KCNA6,DOC2B,CACNA1E,SLC6A4,DACH1,NCAM1,SCN3B,NKX6-1,WDR17,PSPN,TTC7B,DCLK2,EBF3,FAM133A,IFT22,MTNR1A,SLCO3A1,ARMC10,TRIM58,ZNF556,BEX5","chea3","294","0.067570000000000005",NA,NA,"","3","ARCHS4--Coexpression(rank=110); GTEx--Coexpression(rank=534); Enrichr--Queries(rank=742)","294","0.067570000000000005","ARCHS4 Coexpression,0.06757"
"DEG_LD_SW480","295","ZNF658","0.067659999999999998","Enrichr Queries,0.06766","SLC46A3,SLC22A3,VIPR1,CEBPD,IFI6,DTX4,CLDN1,CLGN,SERTAD4,FLRT3,PDGFC,NFKBIZ,SLC15A3,ABCA1,ARRDC4,CADPS2,EGLN3,ZNF680,EGR3,ANXA1,BCL11A,MOCOS,ZDHHC11,SERPINB8,SYTL2,ALDH1A3,FAM167A,OAS1,FASN,RCAN2,COL5A2,CNTN1,ZNF711,ATF3,TMEM45A,MATN2,VGLL3","chea3","295","0.067659999999999998",NA,NA,"","2","Enrichr--Queries(rank=95); ARCHS4--Coexpression(rank=865)","295","0.067659999999999998","Enrichr Queries,0.06766"
"DEG_LD_SW480","296","CEBPB","0.067799999999999999","ENCODE ChIP-seq,0.0678","TIGD2,ANXA1,PHLPP1,HMGCS1,MAOB,BUD31,TNNC1,IL31RA,PDAP1,FBXO32,DTX4,SERPINB8,CLGN,ISG20,SLPI,CASP4,CNTN1,MMP19,SLC26A4,TRPM6","chea3","296","0.067799999999999999",NA,NA,"","6","ENCODE--ChIP-seq(rank=8); Literature--ChIP-seq(rank=69); ReMap--ChIP-seq(rank=150); ARCHS4--Coexpression(rank=401); GTEx--Coexpression(rank=493); Enrichr--Queries(rank=645)","296","0.067799999999999999","ENCODE ChIP-seq,0.0678"
"DEG_LD_SW480","297","PRDM16","0.067830000000000001","GTEx Coexpression,0.06783","SHC4,OCA2,SLC22A3,ECM2,TNFRSF11B,LTBP2,CYP4X1,BCAP29,IGFBP7,SUSD5,SMIM10,HDX,KCNK15,NPNT,HSPG2,PGF,MYO1D,ACTA2,RCAN2,GOLGA8H,COL8A2,CDH13,ROR1,GPRC5C","chea3","297","0.067830000000000001",NA,NA,"","4","GTEx--Coexpression(rank=109); Literature--ChIP-seq(rank=126); Enrichr--Queries(rank=154); ARCHS4--Coexpression(rank=859)","297","0.067830000000000001","GTEx Coexpression,0.06783"
"DEG_LD_SW480","298","ZNF608","0.068180000000000004","ARCHS4 Coexpression,0.06818","RERE,CNTFR,CRMP1,ILDR2,DTX4,ELAVL2,AFF2,SOX2,NKAIN1,PCLO,DACH1,KIF5C,GPC2,NCAM1,ADAMTS7,AUTS2,DCLK2,TET1,ARPC4,NAV1,EBF3,NMNAT2,PTPN13,QKI,VANGL2,NBEA","chea3","298","0.068180000000000004",NA,NA,"","3","ARCHS4--Coexpression(rank=111); Enrichr--Queries(rank=244); GTEx--Coexpression(rank=427)","298","0.068180000000000004","ARCHS4 Coexpression,0.06818"
"DEG_LD_SW480","299","MSC","0.068379999999999996","Enrichr Queries,0.06838","IFITM3,IFITM1,CD82,CEBPD,EPAS1,RND3,LOXL2,NT5E,DUSP10,HEY1,GPNMB,PDGFC,NAMPT,NFKBIZ,IGFBP7,UPP1,SLC15A3,ABCA1,CD74,EDN1,EGR3,ANXA1,PRRX1,F2R,SERPINB8,ISG20,ACTA2,IL1A,NR4A3,IL1B,COL5A2,CDH11,CNTN1,COL6A3,PPARG,TGFBI,ATF3","chea3","299","0.068379999999999996",NA,NA,"","3","Enrichr--Queries(rank=96); ARCHS4--Coexpression(rank=257); GTEx--Coexpression(rank=577)","299","0.068379999999999996","Enrichr Queries,0.06838"
"DEG_LD_SW480","300","HIF1A","0.068449999999999997","GTEx Coexpression,0.06845","CEMIP,HS3ST3A1,PTGER2,LOXL2,NT5E,DSE,ZNF469,HS3ST3B1,GALNT5,MPP4,CLEC11A,PSG1,PCOLCE,DKK1,DCBLD2,SPOCD1,RFX8,DAB2,COL5A2,COL6A3,TGFBI,STEAP1,ULBP2,VGLL3","chea3","300","0.068449999999999997",NA,NA,"","5","ReMap--ChIP-seq(rank=69); Literature--ChIP-seq(rank=76); GTEx--Coexpression(rank=110); ARCHS4--Coexpression(rank=319); Enrichr--Queries(rank=937)","300","0.068449999999999997","GTEx Coexpression,0.06845"
"DEG_LD_SW480","301","YY1","0.069070000000000006","GTEx Coexpression,0.06907","PRKX,LRP2,TMEM243,SALL4,ZBED2,ZNF486,CTSB,CSGALNACT1,CRYGN,WDR72,NPNT,MRPS6,PGF,FAM167A,TG,KATNAL2,ZNF737,UST,LPCAT2,FSCN2,PLA2R1,SLC26A4,ZNF114,TRMT61A","chea3","301","0.069070000000000006",NA,NA,"","6","ENCODE--ChIP-seq(rank=85); GTEx--Coexpression(rank=111); Literature--ChIP-seq(rank=133); ReMap--ChIP-seq(rank=264); Enrichr--Queries(rank=1371); ARCHS4--Coexpression(rank=1620)","301","0.069070000000000006","GTEx Coexpression,0.06907"
"DEG_LD_SW480","302","HOXA11","0.069089999999999999","Enrichr Queries,0.06909","CEBPD,EPAS1,SHOX2,HOXD13,HOXD11,HOXC11,HOXD10,LOXL2,OLFML3,SIX2,SPOCK1,TFAP2A,ANXA1,PRRX1,VDR,BCL11A,IRX3,PRRX2,PCOLCE,EBF3,DKK1,SERPINB8,PGF,ACTA2,TGFBR3,ALDH1A3,COL2A1,CDK6,LHX2,KIF26B,KCNMA1,EEF1A2,CDH11,COL6A3,PPARG,TGFBI,ATF3","chea3","302","0.069089999999999999",NA,NA,"","3","Enrichr--Queries(rank=97); GTEx--Coexpression(rank=223); ARCHS4--Coexpression(rank=396)","302","0.069089999999999999","Enrichr Queries,0.06909"
"DEG_LD_SW480","303","MYF5","0.069409999999999999","ARCHS4 Coexpression,0.06941","CHRNA1,ECM1,BNC2,NTM,PRUNE2,TMTC1,LTBP2,AK5,HOXC11,NT5E,DUSP10,EGFLAM,OLFML3,SIX2,PDGFC,SUSD5,MPP4,MYBPH,ARPC4,DCBLD2,SUGCT,COL5A2,CDH13,TGFBI,RBM24,CDK15","chea3","303","0.069409999999999999",NA,NA,"","3","ARCHS4--Coexpression(rank=113); Enrichr--Queries(rank=604); GTEx--Coexpression(rank=1135)","303","0.069409999999999999","ARCHS4 Coexpression,0.06941"
"DEG_LD_SW480","304","FOXD3","0.069699999999999998","GTEx Coexpression,0.0697","SHC4,SLC22A3,BNC2,NCMAP,ADAMTS14,GJC3,ZMAT1,SH3PXD2A,MPZ,KLRG2,KCNMB4,DMD,NGFR,TLE1,TET1,HSPG2,SORCS2,MAPK8IP1,IL1RAPL1,MXRA8,PMP22,KCTD12,KANK4,MATN2","chea3","304","0.069699999999999998",NA,NA,"","3","GTEx--Coexpression(rank=112); Enrichr--Queries(rank=433); ARCHS4--Coexpression(rank=1206)","304","0.069699999999999998","GTEx Coexpression,0.0697"
"DEG_LD_SW480","305","SOX1","0.070319999999999994","GTEx Coexpression,0.07032","BEX4,NYAP1,GRIK4,CRMP1,FAIM2,ZDHHC22,SOX2,RIMS4,JPH3,PTPRZ1,KIF5C,GNG4,SLC22A17,PHACTR3,CACNG4,KIRREL3,GABRA3,ACSL6,DCLK2,MAPK8IP2,HPCAL4,GDAP1,KCNQ2,BEX5","chea3","305","0.070319999999999994",NA,NA,"","3","GTEx--Coexpression(rank=113); ARCHS4--Coexpression(rank=301); Enrichr--Queries(rank=382)","305","0.070319999999999994","GTEx Coexpression,0.07032"
"DEG_LD_SW480","306","HES2","0.070510000000000003","Enrichr Queries,0.07051","CPM,CEMIP,CEBPD,EPAS1,LOXL2,NT5E,GPNMB,ABLIM3,UPP1,CKB,TNS4,TSPAN1,ABCA1,TFAP2A,NGFR,BCL11B,BCL11A,NR1D1,FBXO32,HSPG2,DKK1,SERPINB8,TM4SF1,SERPINB5,PGF,ACTA2,ALDH1A3,MLPH,SLPI,VGF,KCNMA1,CNTN1,PPARG,TGFBI,ATF3,CHST3,NECTIN1","chea3","306","0.070510000000000003",NA,NA,"","3","Enrichr--Queries(rank=99); ARCHS4--Coexpression(rank=351); GTEx--Coexpression(rank=708)","306","0.070510000000000003","Enrichr Queries,0.07051"
"DEG_LD_SW480","307","MYCN","0.070940000000000003","GTEx Coexpression,0.07094","SHC4,TMEM151A,IGSF8,ATP8A1,SLAIN1,DTX4,NCMAP,TMEM144,CHADL,KCNMB4,NCAM1,LY6G6D,TSC22D4,KCNJ10,KRT35,KRT32,SORCS2,QKI,MAPK8IP1,SNORC,FEZ1,IL1RAPL1,PMP22,KANK4","chea3","307","0.070940000000000003",NA,NA,"","5","ReMap--ChIP-seq(rank=51); GTEx--Coexpression(rank=114); Literature--ChIP-seq(rank=121); ARCHS4--Coexpression(rank=458); Enrichr--Queries(rank=553)","307","0.070940000000000003","GTEx Coexpression,0.07094"
"DEG_LD_SW480","308","ZIC2","0.071230000000000002","Enrichr Queries,0.07123","IFITM3,IFITM1,EPAS1,SHOX2,CRMP1,RND3,ELAVL2,LOXL2,SOX2,HEY1,PTPRZ1,GNG4,SALL4,CKB,TFAP2A,CADPS2,EGLN3,EGR3,ANXA1,BCL11A,IRX3,EBF3,DKK1,SERPINB8,BST2,ACTA2,TGFBR3,ALDH1A3,GAL,COL2A1,VGF,LHX2,EEF1A2,COL5A2,CNTN1,TGFBI,ATF3","chea3","308","0.071230000000000002",NA,NA,"","3","Enrichr--Queries(rank=100); GTEx--Coexpression(rank=459); ARCHS4--Coexpression(rank=729)","308","0.071230000000000002","Enrichr Queries,0.07123"
"DEG_LD_SW480","309","EN2","0.071249999999999994","ARCHS4 Coexpression,0.07125","CNTFR,NTM,CRMP1,HOXD13,FZD10,SOBP,DTX4,ELAVL2,SOX2,NKAIN1,SERTAD4,DACH1,HEY1,KIF5C,GPC2,NCAM1,NKX6-1,AUTS2,HMGCS1,PSPN,DCLK2,EBF3,QKI,VANGL2,ARMC10,RNF182","chea3","309","0.071249999999999994",NA,NA,"","3","ARCHS4--Coexpression(rank=116); Enrichr--Queries(rank=437); GTEx--Coexpression(rank=470)","309","0.071249999999999994","ARCHS4 Coexpression,0.07125"
"DEG_LD_SW480","310","HES1","0.071559999999999999","GTEx Coexpression,0.07156","DLX3,CBLC,FZD10,EFNA5,CLDN1,KLK7,TP53AIP1,SPTLC3,PERP,SFN,SPTSSB,TNS4,EXPH5,TFAP2A,EGLN3,IRX3,NR1D1,PTPN13,SERPINB5,PPFIBP2,VANGL2,TRPV4,KRT14,TMEM45A","chea3","310","0.071559999999999999",NA,NA,"","4","GTEx--Coexpression(rank=115); ReMap--ChIP-seq(rank=122); Enrichr--Queries(rank=648); ARCHS4--Coexpression(rank=1194)","310","0.071559999999999999","GTEx Coexpression,0.07156"
"DEG_LD_SW480","311","POU3F2","0.071870000000000003","ARCHS4 Coexpression,0.07187","CNTFR,NTM,CRMP1,ILDR2,SOBP,DTX4,ELAVL2,SOX2,NKAIN1,DACH1,PTPRZ1,KIF5C,GPC2,NCAM1,CKB,RHBDL3,MARK1,AUTS2,HMGCS1,DCLK2,EBF3,QKI,TIAM2,VANGL2,FEZ1,RNF182","chea3","311","0.071870000000000003",NA,NA,"","4","Literature--ChIP-seq(rank=93); ARCHS4--Coexpression(rank=117); GTEx--Coexpression(rank=130); Enrichr--Queries(rank=240)","311","0.071870000000000003","ARCHS4 Coexpression,0.07187"
"DEG_LD_SW480","312","HMG20B","0.072179999999999994","GTEx Coexpression,0.07218","NYAP1,RTN1,CRMP1,FAIM2,KIF5C,ADAM23,BSN,BEND6,RPS6KL1,UNC13A,UNC5A,OSBPL5,CADPS,ACSL6,SYP,NMNAT2,MAPK8IP2,HPCAL4,AP3B2,GDAP1,KCNQ2,EEF1A2,TRIP6,APBA2","chea3","312","0.072179999999999994",NA,NA,"","3","GTEx--Coexpression(rank=116); ARCHS4--Coexpression(rank=1009); Enrichr--Queries(rank=1251)","312","0.072179999999999994","GTEx Coexpression,0.07218"
"DEG_LD_SW480","313","FEV","0.072480000000000003","ARCHS4 Coexpression,0.07248","ZNF331,BEX4,ERO1B,PARM1,MAOB,USH1C,CRYBA2,CRMP1,KIF12,DBH,SLC7A2,GNAI1,NAT16,SLC6A4,GNG4,PDK4,NKX6-1,CHGB,GSTO2,WFS1,TMEM176B,BAIAP3,FAM167A,RCAN2,CNTN1,BEX5","chea3","313","0.072480000000000003",NA,NA,"","3","ARCHS4--Coexpression(rank=118); GTEx--Coexpression(rank=165); Enrichr--Queries(rank=687)","313","0.072480000000000003","ARCHS4 Coexpression,0.07248"
"DEG_LD_SW480","314","ZNF135","0.072650000000000006","Enrichr Queries,0.07265","EPAS1,NTM,CRMP1,RORA,FBLN1,LTBP2,LDLRAD4,LFNG,ZMAT1,SLC22A17,SPOCK1,DMD,ZNF502,NCAM1,PAG1,CSGALNACT1,CADPS2,AUTS2,BCL11A,F2R,NAV1,FBXO32,SERPINB8,PGF,OLFM1,ZNF93,NBEA,WNK2,RCAN2,ZNF737,KCNMA1,UST,SELENOP,TRIM58,ZNF117,ZNF610,MATN2","chea3","314","0.072650000000000006",NA,NA,"","3","Enrichr--Queries(rank=102); ARCHS4--Coexpression(rank=592); GTEx--Coexpression(rank=1220)","314","0.072650000000000006","Enrichr Queries,0.07265"
"DEG_LD_SW480","315","CASZ1","0.072810000000000000","GTEx Coexpression,0.07281","FLG,ZNF273,DLX3,CBLC,RORA,LYPD5,CLDN1,NKPD1,KLK7,XKRX,SPTLC3,PERP,SPTSSB,TNS4,EXPH5,TFAP2A,GSDMA,IRX3,SERPINB5,FLG2,GPRIN2,VANGL2,KRT14,TMEM45A","chea3","315","0.072810000000000000",NA,NA,"","3","GTEx--Coexpression(rank=117); Enrichr--Queries(rank=270); ARCHS4--Coexpression(rank=341)","315","0.072810000000000000","GTEx Coexpression,0.07281"
"DEG_LD_SW480","316","GFI1B","0.073099999999999998","ARCHS4 Coexpression,0.0731","LSMEM1,F13A1,ARRB1,STON2,MED12L,ABO,LYL1,SH3BGRL,ABLIM3,GRAP2,LEPR,LY6G6D,OR2B6,MFAP3L,MPP1,RNF43,RABGAP1L,TTC7B,TMEM40,RAB27B,GNG11,FRMD3,SPOCD1,TNFSF4,TRIM58","chea3","316","0.073099999999999998",NA,NA,"","5","ARCHS4--Coexpression(rank=119); ReMap--ChIP-seq(rank=140); Literature--ChIP-seq(rank=155); Enrichr--Queries(rank=527); GTEx--Coexpression(rank=549)","316","0.073099999999999998","ARCHS4 Coexpression,0.0731"
"DEG_LD_SW480","317","STAT3","0.073169999999999999","Literature ChIP-seq,0.07317","ERO1B,CPNE8,IFITM1,MAML2,ATP8A1,F13A1,MSI1,RORA,PLAT,IL1RAP,GXYLT2,CLDN1,GLDN,GALNT10,ALCAM,GJA5,GRAP2,RASSF6,NAMPT,LEPR,VSTM1,SLC16A9,KRTAP3-1,ZNF442,KIRREL3,CSGALNACT1,CADPS2,COL27A1,TLE1,KCNK10,COG5,ANKRD44,UBE2E1,UBE2E2,KCNK15,SOX14,EML1,TM4SF1,TANC2,DKK3,FRMD3,CYP39A1,SPOCD1,TIAM1,ZNF92,ROR1,PRKCQ,PLA2R1,SHC4,BEX4,CPB2,CEMIP,DLX3,PARM1,TSHZ3,NTM,TSHZ2,ITPR1,MGST1,TNFRSF11B,TMTC1,EFNA5,MED12L,RASGRP3,PKHD1,NKAIN1,ADAMTS17,PDGFC,DPH3,ST3GAL5,IGFBP7,MAP2K6,ABCA1,B3GALNT1,AUTS2,VDR,ARHGEF38,IL31RA,ASNS,QKI,PTPRB,CDK6,ARMC10,TH,CPS1,NBEA,LHX2,ADCK1,SESTD1,PPP1R1C,WNK2,RCAN2,UST,ALB,CNTN1,SLC26A9,FGF13,DZIP3,RERE,RYR1,ABCD4,RYR2,TENM1,DOCK4,PDE3B,DYSF,KIF12,CX3CL1,LFNG,ZCWPW1,LASP1,MMP24,DUSP10,PHACTR3,LBP,LMCD1,ZNF763,PLEKHG4,TSC22D4,RPS6KL1,ADGRV1,ANXA1,EDN3,KCND3,ANO4,PTGR2,SPTB,SORCS2,SDHAF3,IL1B,KCNMA1,IL1RAPL1,ARHGEF3,CDH13,TLR4,CHST3,OCA2,WDR25,NLGN1,PHLPP1,PELI2,PRUNE2,PRR5L,AKAP6,FSTL4,THSD4,NT5E,PTPRZ1,VPS50,ADAM23,KLRG2,SPOCK1,DMD,SLIT3,CRYM,VAT1L,WDR17,COL26A1,CADPS,CARD6,DHRS2,BICC1,MYO1D,MLPH,SLCO3A1,KIF26B,CD7,PNPLA3,PMP22,ASB4,APBA2,BET1","chea3","317","0.073169999999999999",NA,NA,"","6","Literature--ChIP-seq(rank=12); ENCODE--ChIP-seq(rank=44); ReMap--ChIP-seq(rank=89); GTEx--Coexpression(rank=421); Enrichr--Queries(rank=994); ARCHS4--Coexpression(rank=1128)","317","0.073169999999999999","Literature ChIP-seq,0.07317"
"DEG_LD_SW480","318","ZMAT1","0.073359999999999995","Enrichr Queries,0.07336","SLC46A3,CPM,PARM1,ATP8A1,EPAS1,PDE3B,ITPR1,NEDD9,RORA,RASGRP3,NT5E,PCLO,ALCAM,CTSK,NFKBIZ,PDK4,DMD,GPR155,ABCA1,ARRDC4,CD74,CADPS2,ANXA1,TET1,NAV1,IGF1,FBXO32,SERPINB8,SYTL2,TGFBR3,NBEA,RCAN2,SELENOP,ZNF711,KCTD12,ATF3,TLR3","chea3","318","0.073359999999999995",NA,NA,"","3","Enrichr--Queries(rank=103); GTEx--Coexpression(rank=1139); ARCHS4--Coexpression(rank=1199)","318","0.073359999999999995","Enrichr Queries,0.07336"
"DEG_LD_SW480","319","L3MBTL1","0.073429999999999995","GTEx Coexpression,0.07343","NYAP1,TMEM63C,STXBP1,CRMP1,BEGAIN,PCLO,SLC22A17,MCF2L,APBB1,BSN,WDR17,RPS6KL1,UNC13A,CARMIL3,UNC5A,ADAM11,NMNAT2,MAPK8IP2,AP3B2,XKR7,SLC4A8,NBEA,KCNQ2,DZIP3","chea3","319","0.073429999999999995",NA,NA,"","2","GTEx--Coexpression(rank=118); ARCHS4--Coexpression(rank=622)","319","0.073429999999999995","GTEx Coexpression,0.07343"
"DEG_LD_SW480","320","ZNF596","0.074069999999999997","Enrichr Queries,0.07407","RYR2,IFI6,RORA,NT5E,PCLO,DUSP10,ZMAT1,GPNMB,HYAL1,NFKBIZ,LEPR,DMD,ABCA1,ARRDC4,WDR17,CADPS2,EDN1,ZNF680,ANXA1,BCL11A,ASNS,FBXO32,PTPN13,SERPINB8,PGF,SYTL2,TGFBR3,NBEA,KCNMA1,SELENOP,YPEL1,ZNF711,ZNF117,ZNF610,ATF3,TLR3,MATN2","chea3","320","0.074069999999999997",NA,NA,"","3","Enrichr--Queries(rank=104); ARCHS4--Coexpression(rank=1012); GTEx--Coexpression(rank=1248)","320","0.074069999999999997","Enrichr Queries,0.07407"
"DEG_LD_SW480","321","ZNF267","0.074319999999999997","ARCHS4 Coexpression,0.07432","SLC43A3,PTAFR,PLEK,HERC5,GNA13,OGFRL1,NAMPT,CASP4,NFKBIZ,NLRP3,UPP1,CYTIP,SLC15A3,DAB2IP,SERPINB8,BATF,ISG20,IL1A,SLC7A7,NR4A3,OAS1,IL1B,CMPK2,TLR4,ARL8B","chea3","321","0.074319999999999997",NA,NA,"","3","ARCHS4--Coexpression(rank=121); GTEx--Coexpression(rank=607); Enrichr--Queries(rank=651)","321","0.074319999999999997","ARCHS4 Coexpression,0.07432"
"DEG_LD_SW480","322","MYCL","0.074670000000000000","GTEx Coexpression,0.07467","FLG,DLX3,CBLC,RORA,LYPD5,CLDN1,NKPD1,KLK7,XKRX,SPTLC3,PERP,SPTSSB,TNS4,EXPH5,TFAP2A,GSDMA,IRX3,SERPINB8,SERPINB5,FLG2,GPRIN2,VANGL2,TMEM45A,NECTIN1","chea3","322","0.074670000000000000",NA,NA,"","2","GTEx--Coexpression(rank=120); ARCHS4--Coexpression(rank=346)","322","0.074670000000000000","GTEx Coexpression,0.07467"
"DEG_LD_SW480","323","ZNF781","0.074789999999999995","Enrichr Queries,0.07479","ZNF331,TENM1,ATP8A1,EPAS1,TSHZ2,RORA,AKAP6,NT5E,DACH1,ZNF429,NAALAD2,DMD,ZNF502,ZNF763,ZNF486,ABCA1,CSGALNACT1,ARRDC4,WDR17,CADPS2,ZNF681,EGR3,BCL11A,EBF3,NMNAT2,SERPINB8,FRMD3,TGFBR3,RAB30,NR4A3,NBEA,ZNF737,KCNMA1,TRIM58,ZNF117,ZNF610,VGLL3","chea3","323","0.074789999999999995",NA,NA,"","3","Enrichr--Queries(rank=105); GTEx--Coexpression(rank=347); ARCHS4--Coexpression(rank=1187)","323","0.074789999999999995","Enrichr Queries,0.07479"
"DEG_LD_SW480","324","DBP","0.075300000000000006","GTEx Coexpression,0.0753","IGSF8,NYAP1,ZNF273,PHLPP1,NXPH4,CRMP1,FAIM2,CPLX1,FSTL4,PCLO,BSN,EXPH5,CARMIL3,BCL11B,BCL11A,ACSL6,NR1D1,MAPK8IP2,AP3B2,SLC16A14,VANGL2,KCNQ2,APBA2,TMEM229B","chea3","324","0.075300000000000006",NA,NA,"","3","GTEx--Coexpression(rank=121); Enrichr--Queries(rank=758); ARCHS4--Coexpression(rank=1228)","324","0.075300000000000006","GTEx Coexpression,0.0753"
"DEG_LD_SW480","325","PROX2","0.075499999999999998","Enrichr Queries,0.0755","SLC46A3,RYR1,RORA,FMN1,EFNA5,MED12L,LOXL2,ATXN1,DACH1,GPNMB,SH3PXD2A,HYAL1,KIF5C,SALL4,CDH23,BSN,SLC15A3,MAP2K6,NGFR,CADPS2,NAPSA,EGLN3,RPS6KL1,EGR3,BCL11B,GREB1,MOCOS,TET1,SERPINB8,PGF,TIAM1,SLC4A8,NR4A3,PPP1R3B,KIF26B,ASB2,ATF3","chea3","325","0.075499999999999998",NA,NA,"","3","Enrichr--Queries(rank=106); ARCHS4--Coexpression(rank=427); GTEx--Coexpression(rank=1401)","325","0.075499999999999998","Enrichr Queries,0.0755"
"DEG_LD_SW480","326","PURA","0.075550000000000006","ARCHS4 Coexpression,0.07555","RYR2,ATP8A1,STXBP1,PRUNE2,AKAP6,FAIM2,AK5,PCLO,BCAP29,BSN,BEND6,CADPS2,UNC13A,SYT1,KIAA1549L,ACSL6,SYP,NMNAT2,HPCAL4,QKI,OLFM1,KCNMA1,CNTN1,TLN2,STEAP2","chea3","326","0.075550000000000006",NA,NA,"","2","ARCHS4--Coexpression(rank=123); GTEx--Coexpression(rank=1245)","326","0.075550000000000006","ARCHS4 Coexpression,0.07555"
"DEG_LD_SW480","327","KLF3","0.075920000000000001","GTEx Coexpression,0.07592","DLX3,CBLC,RORA,FZD10,LYPD5,CLDN1,NKPD1,KLK7,XKRX,SPTLC3,PERP,SFN,SPTSSB,TNS4,EXPH5,TFAP2A,GSDMA,TMEM40,PTPN13,SERPINB8,SERPINB5,EREG,TMEM45A,NECTIN1","chea3","327","0.075920000000000001",NA,NA,"","4","GTEx--Coexpression(rank=122); ReMap--ChIP-seq(rank=200); ARCHS4--Coexpression(rank=418); Enrichr--Queries(rank=811)","327","0.075920000000000001","GTEx Coexpression,0.07592"
"DEG_LD_SW480","328","CSRNP2","0.076170000000000002","ARCHS4 Coexpression,0.07617","CNTFR,NYAP1,RTN1,STXBP1,CRMP1,ELAVL2,RIMS4,PNMA1,CAMKV,KIF5C,ADAM23,NCAM1,APBB1,SCN3B,AUTS2,DAB2IP,KIAA1549L,DCLK2,AFAP1,EBF3,NMNAT2,TANC2,MAPK8IP1,OLFM1,KCNQ2","chea3","328","0.076170000000000002",NA,NA,"","2","ARCHS4--Coexpression(rank=124); GTEx--Coexpression(rank=179)","328","0.076170000000000002","ARCHS4 Coexpression,0.07617"
"DEG_LD_SW480","329","HOXD8","0.076210000000000000","Enrichr Queries,0.07621","PARM1,CEBPD,EPAS1,SHOX2,HOXD13,HOXD11,HOXD10,LOXL2,NT5E,HEY1,SIX2,GRB10,PDK4,TFAP2A,CADPS2,EDN1,EGR3,ANXA1,PRRX1,IRX3,F2R,EBF3,IGF1,SERPINB8,PGF,ACTA2,TGFBR3,ALDH1A3,DAB2,COL5A2,CDH11,COL6A3,PPARG,KCTD12,TGFBI,ATF3","chea3","329","0.076210000000000000",NA,NA,"","3","Enrichr--Queries(rank=107); ARCHS4--Coexpression(rank=196); GTEx--Coexpression(rank=377)","329","0.076210000000000000","Enrichr Queries,0.07621"
"DEG_LD_SW480","330","TCF12","0.076270000000000004","ENCODE ChIP-seq,0.07627","RTP3,BNC2,ITGB2,MRGPRF,XYLT1,FURIN,FMN1,RASGRP3,ADAMTS14,LASP1,METTL21C,ATXN1,SERTAD4,GPNMB,MDK,OLFML3,SALL4,CASP4,ZBED2,ST3GAL5,NCAM1,UPP1,SFTPB,PLEKHG4,CDRT4,ANXA1,MPP4,PRRX1,IL31RA,DAB2IP,PCOLCE,PTPN13,SYTL3,XG,FAM133A,RAB30,DAB2,CDK6,XPNPEP2,MXRA8,PNPLA3,EFHB,TGFBI","chea3","330","0.076270000000000004",NA,NA,"","5","ENCODE--ChIP-seq(rank=9); ReMap--ChIP-seq(rank=68); ARCHS4--Coexpression(rank=242); GTEx--Coexpression(rank=502); Enrichr--Queries(rank=1187)","330","0.076270000000000004","ENCODE ChIP-seq,0.07627"
"DEG_LD_SW480","331","LHX9","0.076780000000000001","ARCHS4 Coexpression,0.07678","BEX4,NLGN1,RTN1,CRMP1,AKAP6,ELAVL2,NKAIN1,DACH1,KIF5C,GPC2,NCAM1,SLC16A2,FEZF1,CHRNB4,CARMIL3,AUTS2,HUNK,DCLK2,EBF3,KLHDC8B,NMNAT2,LEMD1,SLC4A8,NBEA,LHX2","chea3","331","0.076780000000000001",NA,NA,"","3","ARCHS4--Coexpression(rank=125); GTEx--Coexpression(rank=326); Enrichr--Queries(rank=358)","331","0.076780000000000001","ARCHS4 Coexpression,0.07678"
"DEG_LD_SW480","332","ZNF534","0.077160000000000006","GTEx Coexpression,0.07716","IGSF8,RTN1,STXBP1,NTM,FAIM2,PCLO,KIF5C,APBB1,BSN,BEND6,KIRREL3,WDR17,RPS6KL1,ADAM11,TTC7B,ACSL6,NMNAT2,MAPK8IP2,HPCAL4,AP3B2,GDAP1,KCNQ2,CNTN1,APBA2","chea3","332","0.077160000000000006",NA,NA,"","2","GTEx--Coexpression(rank=124); ARCHS4--Coexpression(rank=1464)","332","0.077160000000000006","GTEx Coexpression,0.07716"
"DEG_LD_SW480","333","TBXT","0.077439999999999995","ReMap ChIP-seq,0.07744","IFITM3,CNTFR,ECM1,CD82,ARRB1,FZD10,LFNG,SOX2,DBP,SH3PXD2A,MDK,HYAL1,SALL4,TNS4,LMCD1,BAHCC1,LZTS1,CHGB,HES7,RNF43,TLE2,TLE1,UNC5A,SOX14,DKK1,PRSS56,DKK3,TGFBR3,PPP1R3B,IL1RAPL1,CHI3L1,ROR1,ZNF114,WDR25,PELI2,SLC43A1,CRYBA2,CRMP1,FBLN1,CYGB,OGFRL1,EGFLAM,FLRT3,PERP,NCAM1,BCL11B,AADAT,RASL10B,ESRRB,PDE2A,MYBPH,KIF26A,COL5A2,SSPN,RNF182,TCAP,CDK15,NECTIN1","chea3","333","0.077439999999999995",NA,NA,"","4","ReMap--ChIP-seq(rank=23); ARCHS4--Coexpression(rank=393); Enrichr--Queries(rank=535); GTEx--Coexpression(rank=1042)","333","0.077439999999999995","ReMap ChIP-seq,0.07744"
"DEG_LD_SW480","334","ZNF626","0.077640000000000001","Enrichr Queries,0.07764","ZNF331,CPM,IFITM1,ZNF273,ATP8A1,IFI6,XYLT1,RORA,HERC5,ATXN1,ALCAM,KIF5C,ZNF429,NFKBIZ,ZNF107,DMD,ZNF502,PAG1,ZNF486,ABCA1,CADPS2,ZNF681,ZNF680,BCL11A,SERPINB8,SYTL2,TGFBR3,ZNF92,ZNF93,NBEA,OAS1,ZNF737,SELENOP,ZNF711,ZNF117,ZNF610","chea3","334","0.077640000000000001",NA,NA,"","3","Enrichr--Queries(rank=109); ARCHS4--Coexpression(rank=569); GTEx--Coexpression(rank=1288)","334","0.077640000000000001","Enrichr Queries,0.07764"
"DEG_LD_SW480","335","PBX3","0.078009999999999996","ARCHS4 Coexpression,0.07801","BEX4,CNTFR,TENM1,RTN1,TSHZ2,CRMP1,SOBP,ELAVL2,AFF2,NKAIN1,SERTAD4,DACH1,PNMA1,KIF5C,GPC2,NCAM1,SCN3B,AUTS2,DCLK2,EBF3,NMNAT2,GDAP1,VANGL2,NBEA,FEZ1","chea3","335","0.078009999999999996",NA,NA,"","5","ENCODE--ChIP-seq(rank=63); ARCHS4--Coexpression(rank=127); ReMap--ChIP-seq(rank=245); Enrichr--Queries(rank=397); GTEx--Coexpression(rank=598)","335","0.078009999999999996","ARCHS4 Coexpression,0.07801"
"DEG_LD_SW480","336","ZNF704","0.078350000000000003","Enrichr Queries,0.07835","CPM,DOCK4,ATP8A1,CEBPD,EPAS1,PELI2,NEDD9,RORA,EFNA5,ATXN1,ALCAM,HEY1,SH3PXD2A,PDK4,DMD,NCAM1,PAG1,ABCA1,CADPS2,EGLN3,AUTS2,SYT1,MITF,FBXO32,NPNT,SERPINB8,QKI,TANC2,SYTL2,TGFBR3,TIAM1,CDK6,NBEA,KCNMA1,SELENOP,PPARG","chea3","336","0.078350000000000003",NA,NA,"","3","Enrichr--Queries(rank=110); ARCHS4--Coexpression(rank=194); GTEx--Coexpression(rank=772)","336","0.078350000000000003","Enrichr Queries,0.07835"
"DEG_LD_SW480","337","ELF5","0.078409999999999994","GTEx Coexpression,0.07841","OXTR,MAML2,TSHZ2,EFNA5,WFDC2,CX3CL1,OGFRL1,GJC3,SERTAD4,CYP4X1,NFKBIZ,TFAP2A,TIGD2,AUTS2,MUC16,TNFSF15,IRX3,ARHGEF38,ALDH1A3,MGAM2,MLPH,SLPI,TRPV4,PLA2R1","chea3","337","0.078409999999999994",NA,NA,"","5","Literature--ChIP-seq(rank=97); Enrichr--Queries(rank=119); GTEx--Coexpression(rank=126); ReMap--ChIP-seq(rank=256); ARCHS4--Coexpression(rank=604)","337","0.078409999999999994","GTEx Coexpression,0.07841"
"DEG_LD_SW480","338","ZNF804A","0.078619999999999995","ARCHS4 Coexpression,0.07862","NLGN1,RTN1,ZC4H2,NTM,CRMP1,SOBP,ELAVL2,AFF2,NKAIN1,PCLO,KIF5C,ADAM23,GPC2,NCAM1,SCN3B,KIAA1549L,DCLK2,NAV1,NMNAT2,ANO4,GDAP1,NBEA,LHX2,FEZ1,KIF26B","chea3","338","0.078619999999999995",NA,NA,"","3","ARCHS4--Coexpression(rank=128); Enrichr--Queries(rank=133); GTEx--Coexpression(rank=219)","338","0.078619999999999995","ARCHS4 Coexpression,0.07862"
"DEG_LD_SW480","339","ETV7","0.079030000000000003","GTEx Coexpression,0.07903","FLG,DLX3,CBLC,RORA,NOD2,LYPD5,CLDN1,NKPD1,KLK7,XKRX,SPTLC3,PERP,SPTSSB,TNS4,EXPH5,TFAP2A,GSDMA,TNFRSF18,SERPINB8,SERPINB5,FLG2,GPRIN2,KRT14,TMEM45A","chea3","339","0.079030000000000003",NA,NA,"","3","GTEx--Coexpression(rank=127); Enrichr--Queries(rank=272); ARCHS4--Coexpression(rank=378)","339","0.079030000000000003","GTEx Coexpression,0.07903"
"DEG_LD_SW480","340","HEYL","0.079240000000000005","ARCHS4 Coexpression,0.07924","RYR1,CHRNA1,ECM1,EPAS1,HTRA3,PRUNE2,LTBP2,ABLIM3,SH3PXD2A,IGFBP7,PRSS2,LZTS1,ADAMTS7,GGT5,NGFR,TNNC1,MYBPH,ACTA2,MRAS,DAAM2,CDH11,MXRA8,SSPN,CDH13,RBM24","chea3","340","0.079240000000000005",NA,NA,"","3","ARCHS4--Coexpression(rank=129); GTEx--Coexpression(rank=235); Enrichr--Queries(rank=323)","340","0.079240000000000005","ARCHS4 Coexpression,0.07924"
"DEG_LD_SW480","341","ZNF217","0.079269999999999993","Literature ChIP-seq,0.07927","KCNG1,DOCK4,MAML2,ITGB2,DYSF,XYLT1,RORA,ARRB1,STON2,RND3,NKPD1,GLDN,GALNT10,LFNG,SOX2,ACOXL,ALCAM,DUSP10,HEY1,KIF5C,GJA5,SALL4,GRB10,PHACTR3,RNF43,CADPS2,EDN1,ADGRV1,TLE1,EDN3,SPNS2,UBE2E2,AFAP1,WDR72,MITF,BTN3A2,TMEM150C,DKK1,TM4SF1,TANC2,SYTL2,SLC9A2,TIAM1,KCNMA1,PRR15,PPARG,CEMIP,HS3ST3A1,TSHZ3,ODC1,ITPR1,MGST1,NEDD9,TNFRSF11B,AKAP6,EFNA5,FSTL4,SLC7A2,MED12L,THSD4,KCNV1,ATXN1,ABLIM3,PERP,ADAMTS17,SPOCK1,ST3GAL5,ACSS1,CACNG4,VAT1L,ABCA1,TFAP2A,EGLN3,COL26A1,AUTS2,SYT1,GREB1,FBXO32,QKI,PDP1,SLC6A6,DAB2,CDK6,NR4A3,MLPH,SLCO3A1,NBEA,PPP1R1C,WNK2,UST,COL5A2,TMCC3","chea3","341","0.079269999999999993",NA,NA,"","6","Literature--ChIP-seq(rank=13); ENCODE--ChIP-seq(rank=29); ReMap--ChIP-seq(rank=61); ARCHS4--Coexpression(rank=744); GTEx--Coexpression(rank=790); Enrichr--Queries(rank=961)","341","0.079269999999999993","Literature ChIP-seq,0.07927"
"DEG_LD_SW480","342","ZMAT4","0.079769999999999994","Enrichr Queries,0.07977","RYR2,TENM1,NLGN1,EPAS1,NTM,CRMP1,AK5,EFNA5,ELAVL2,LOXL2,PCLO,PTPRZ1,KIF5C,SPOCK1,NCAM1,VAT1L,CHGB,CADPS2,EGLN3,ADGRV1,UNC13A,AUTS2,SYT1,BCL11B,BCL11A,CADPS,NMNAT2,NPNT,SORCS2,SERPINB8,OLFM1,RCAN2,KCNMA1,CNTN1,CDH13,FGF13","chea3","342","0.079769999999999994",NA,NA,"","3","Enrichr--Queries(rank=112); ARCHS4--Coexpression(rank=162); GTEx--Coexpression(rank=350)","342","0.079769999999999994","Enrichr Queries,0.07977"
"DEG_LD_SW480","343","MBNL2","0.079850000000000004","ARCHS4 Coexpression,0.07985","TMEM151A,ATP8A1,EPAS1,GDA,STXBP1,PRUNE2,ITPR1,AKAP6,FAIM2,AK5,CPLX1,PDK4,BSN,CADPS2,SYT1,KIAA1549L,SYP,NR1D1,HPCAL4,DKK3,OLFM1,DAAM2,RCAN2,KCNMA1,CNTN1","chea3","343","0.079850000000000004",NA,NA,"","3","ARCHS4--Coexpression(rank=130); Enrichr--Queries(rank=760); GTEx--Coexpression(rank=1113)","343","0.079850000000000004","ARCHS4 Coexpression,0.07985"
"DEG_LD_SW480","344","PRDM8","0.080269999999999994","GTEx Coexpression,0.08027","COL26A1,TSHZ3,ZC4H2,PRUNE2,MRGPRF,ARRB1,KLK3,AK5,SOBP,MEIS3,EML1,OLFM1,KCNV1,CACNG8,PNMA1,KCNMA1,MKX,CKB,NPTXR,SCN3B,NKX6-1,TRMT61A,STEAP2","chea3","344","0.080269999999999994",NA,NA,"","3","Enrichr--Queries(rank=118); GTEx--Coexpression(rank=129); ARCHS4--Coexpression(rank=266)","344","0.080269999999999994","GTEx Coexpression,0.08027"
"DEG_LD_SW480","345","OLIG3","0.080470000000000000","ARCHS4 Coexpression,0.08047","CNTFR,CRMP1,FZD10,DTX4,ELAVL2,SOX2,NKAIN1,DACH1,MDK,KIF5C,GPC2,NCAM1,RHBDL3,SLC16A2,FEZF1,VAT1L,MARK1,COL26A1,AUTS2,AFAP1,EBF3,XKR7,VANGL2,YPEL1,APBA2","chea3","345","0.080470000000000000",NA,NA,"","3","ARCHS4--Coexpression(rank=131); Enrichr--Queries(rank=543); GTEx--Coexpression(rank=904)","345","0.080470000000000000","ARCHS4 Coexpression,0.08047"
"DEG_LD_SW480","346","SETDB1","0.080810000000000007","ReMap ChIP-seq,0.08081","ZNF512B,ZNF331,IFITM3,ACHE,IFITM1,EIF4E3,SECTM1,UFSP1,LYL1,ZCWPW1,DBP,ZNF763,NKX3-2,ZNF442,CCDC116,TNFRSF18,ENTPD8,TEX19,ARHGAP45,RIPPLY3,MXRA8,ZNF239,CMPK2,ZNF117,ZNF556,ZNF311,CHST3,OCA2,ZNF273,MEPCE,SHOX2,TEX22,IFI6,HOXD13,LYPD5,HOXD11,HOXD10,ABO,TGFBR3L,GJC3,PRAME,ZNF502,ZNF501,PRR22,TFAP2A,SIVA1,CRYGN,ASPSCR1,PRSS33,BAIAP3,FAM200A,FASN,CD7,YPEL1,RSPH14,ZNF655,NOTUM,ZNF610","chea3","346","0.080810000000000007",NA,NA,"","6","ReMap--ChIP-seq(rank=24); Literature--ChIP-seq(rank=31); ENCODE--ChIP-seq(rank=110); Enrichr--Queries(rank=1378); GTEx--Coexpression(rank=1542); ARCHS4--Coexpression(rank=1593)","346","0.080810000000000007","ReMap ChIP-seq,0.08081"
"DEG_LD_SW480","347","ZNF711","0.081199999999999994","Enrichr Queries,0.0812","BEX4,TENM1,RTN1,CRMP1,RORA,SLAIN1,RND3,CLGN,LOXL2,ALCAM,DACH1,HEY1,PTPRZ1,FLRT3,PDGFC,GRB10,DMD,NCAM1,ARRDC4,CADPS2,EGR3,ANXA1,AUTS2,SYT1,BCL11B,BCL11A,TET1,ASNS,SERPINB8,SYTL2,CDK6,NBEA,SELENOP,KCTD12,FGF13,ATF3","chea3","347","0.081199999999999994",NA,NA,"","3","Enrichr--Queries(rank=114); GTEx--Coexpression(rank=520); ARCHS4--Coexpression(rank=527)","347","0.081199999999999994","Enrichr Queries,0.0812"
"DEG_LD_SW480","348","GBX2","0.081519999999999995","GTEx Coexpression,0.08152","TMEM151A,KIRREL3,BEX4,TSC22D4,PHLPP1,KCNJ10,KCNK10,LRRC10B,DCLK2,GRIK4,FAIM2,LDLRAD4,CPLX1,LMF1,SOX2,PDE10A,FEZ1,PHACTR3,ALDOC,NCAM1,CNMD,CACNG4,PRTFDC1","chea3","348","0.081519999999999995",NA,NA,"","4","Literature--ChIP-seq(rank=70); GTEx--Coexpression(rank=131); Enrichr--Queries(rank=194); ARCHS4--Coexpression(rank=406)","348","0.081519999999999995","GTEx Coexpression,0.08152"
"DEG_LD_SW480","349","NKX22","0.081699999999999995","ARCHS4 Coexpression,0.0817","BEX4,ERO1B,PARM1,USH1C,CRYBA2,SLC7A2,NAT16,GNG4,SLC22A17,PDK4,NKX6-1,CHGB,EDARADD,UNC13A,GSTO2,EDN3,WFS1,TMEM176B,CADPS,PDX1,SYT17,FAM167A,CNTN1,DZIP3,BEX5","chea3","349","0.081699999999999995",NA,NA,"","2","ARCHS4--Coexpression(rank=133); GTEx--Coexpression(rank=587)","349","0.081699999999999995","ARCHS4 Coexpression,0.0817"
"DEG_LD_SW480","350","DACH1","0.082309999999999994","ARCHS4 Coexpression,0.08231","BEX4,CNTFR,CRMP1,ILDR2,DTX4,EFNA5,ELAVL2,SOX2,NKAIN1,KIF5C,GNG4,GPC2,NCAM1,RHBDL3,CHGB,MARK1,AUTS2,HMGCS1,CADPS,DCLK2,EBF3,SLC4A8,VANGL2,NBEA,LHX2","chea3","350","0.082309999999999994",NA,NA,"","3","ARCHS4--Coexpression(rank=134); Literature--ChIP-seq(rank=160); Enrichr--Queries(rank=246)","350","0.082309999999999994","ARCHS4 Coexpression,0.08231"
"DEG_LD_SW480","351","TBX15","0.082619999999999999","Enrichr Queries,0.08262","BNC2,CEBPD,TSHZ3,EPAS1,SHOX2,RORA,LOXL2,NT5E,OLFML3,GRB10,PDK4,IGFBP7,EDN1,ANXA1,PRRX1,IRX3,PCOLCE,EBF3,IGF1,SERPINB8,ACTA2,TGFBR3,DAB2,LHX2,KIF26B,KCNMA1,COL5A2,CDH11,CNTN1,SSPN,CDH13,COL6A3,PPARG,TGFBI,ATF3,VGLL3","chea3","351","0.082619999999999999",NA,NA,"","3","Enrichr--Queries(rank=116); ARCHS4--Coexpression(rank=291); GTEx--Coexpression(rank=1134)","351","0.082619999999999999","Enrichr Queries,0.08262"
"DEG_LD_SW480","352","ETS2","0.082919999999999994","ARCHS4 Coexpression,0.08292","CEBPD,EPAS1,PLEK,FURIN,C2,GPA33,SH3TC1,NAMPT,NFKBIZ,OLR1,NLRP3,LGALS9,SLC15A3,CD74,VDR,ACSL5,SERPINB8,MYO1D,IL1A,MYO15B,IL1B,LPCAT2,SELENOP,PLCB2,ATF3","chea3","352","0.082919999999999994",NA,NA,"","4","ARCHS4--Coexpression(rank=135); Literature--ChIP-seq(rank=141); GTEx--Coexpression(rank=259); Enrichr--Queries(rank=764)","352","0.082919999999999994","ARCHS4 Coexpression,0.08292"
"DEG_LD_SW480","353","ZFP2","0.083330000000000001","Enrichr Queries,0.08333","RTN1,ATP8A1,EPAS1,PELI2,PRUNE2,MGST1,RORA,ALCAM,DACH1,ZMAT1,HEY1,HYAL1,FLRT3,OLFML3,PDGFC,PDK4,DMD,NCAM1,MAP2K6,ABCA1,CADPS2,EGLN3,AUTS2,BCL11A,F2R,FBXO32,SORCS2,SERPINB8,KLF15,PGF,SYTL2,TGFBR3,NBEA,RCAN2,SELENOP,ATF3","chea3","353","0.083330000000000001",NA,NA,"","3","Enrichr--Queries(rank=117); ARCHS4--Coexpression(rank=710); GTEx--Coexpression(rank=939)","353","0.083330000000000001","Enrichr Queries,0.08333"
"DEG_LD_SW480","354","ZNF48","0.083390000000000006","GTEx Coexpression,0.08339","RPS6KL1,POP7,RTN1,UNC5A,PSPN,KCND3,ZC4H2,STXBP1,PRUNE2,TTC7B,SOBP,CHCHD4,SHE,MBLAC1,CALHM1,NBEA,KCNMA1,ZSCAN21,IGSF9B,CKB,APBB1,BSN,TRMT61A","chea3","354","0.083390000000000006",NA,NA,"","3","GTEx--Coexpression(rank=134); ARCHS4--Coexpression(rank=506); Enrichr--Queries(rank=1144)","354","0.083390000000000006","GTEx Coexpression,0.08339"
"DEG_LD_SW480","355","NR2E1","0.083540000000000003","ARCHS4 Coexpression,0.08354","CNTFR,PON2,CRMP1,ILDR2,MSMO1,CNN3,BEGAIN,HEY1,PTPRZ1,PNMA1,CKB,RPS6KL1,ADGRV1,KCNJ10,KCNK10,HMGCS1,PCP4L1,DCLK2,NAV1,ACTL8,TPST1,FEZ1,PPP1R1C,CDK15","chea3","355","0.083540000000000003",NA,NA,"","3","ARCHS4--Coexpression(rank=136); GTEx--Coexpression(rank=269); Enrichr--Queries(rank=491)","355","0.083540000000000003","ARCHS4 Coexpression,0.08354"
"DEG_LD_SW480","356","ZNF853","0.084150000000000003","ARCHS4 Coexpression,0.08415","CNTFR,NYAP1,FAIM2,CPLX1,RIMS4,JPH3,SLC22A17,NCAM1,APBB1,UNC5A,DAB2IP,DCLK2,SYP,MAPK8IP2,HPCAL4,QKI,MAPK8IP1,DAAM2,WNK2,KCNQ2,EEF1A2,CORO6,TCAP,NPTXR","chea3","356","0.084150000000000003",NA,NA,"","2","ARCHS4--Coexpression(rank=137); GTEx--Coexpression(rank=667)","356","0.084150000000000003","ARCHS4 Coexpression,0.08415"
"DEG_LD_SW480","357","HNF1B","0.084180000000000005","ReMap ChIP-seq,0.08418","RERE,CPNE8,CPM,PIWIL4,MAML2,GDA,KIF12,SOX2,ALCAM,SPTLC3,RASSF6,UPP1,TNS4,CFAP45,RNF43,EDN1,ANXA1,F2R,AFAP1,ACSL5,DKK1,TM4SF1,EREG,SYTL2,IL1A,GPRC5C,CHST3,SHC4,MAOB,LTBP2,EFNA5,KRT86,PKHD1,NT5E,ATXN1,PNMA1,ABLIM3,FLRT3,PDGFC,SLC38A5,MPZL2,TFAP2A,TNFSF15,BCL11A,MACC1,ARHGEF38,CARD6,KRT13,QKI,BICC1,COQ6,DCBLD2,PDP1,MLPH,SESTD1,SSPN,TMCC3,TGFBI","chea3","357","0.084180000000000005",NA,NA,"","3","ReMap--ChIP-seq(rank=25); ARCHS4--Coexpression(rank=499); Enrichr--Queries(rank=878)","357","0.084180000000000005","ReMap ChIP-seq,0.08418"
"DEG_LD_SW480","358","GSX2","0.084629999999999997","GTEx Coexpression,0.08463","SHC4,TSC22D4,PHLPP1,KCNJ10,PON2,UBE2E1,DCLK2,STON2,LHFPL1,SORCS2,QKI,RLBP1,LMF1,MAPK8IP1,SOX2,PTPRZ1,LHX2,FEZ1,IL1RAPL1,PHACTR3,KCNMB4,ALDOC,MFAP3L","chea3","358","0.084629999999999997",NA,NA,"","3","GTEx--Coexpression(rank=136); ARCHS4--Coexpression(rank=274); Enrichr--Queries(rank=821)","358","0.084629999999999997","GTEx Coexpression,0.08463"
"DEG_LD_SW480","359","NR3C1","0.084750000000000006","ENCODE ChIP-seq,0.08475","GGT5,OCA2,PON2,KRT13,KCNK15,NEDD9,FMN1,KLHDC7A,UPK3B,KLF15,ARHGAP45,SLPI,ADAMTS8,CDK15","chea3","359","0.084750000000000006",NA,NA,"","6","ENCODE--ChIP-seq(rank=10); Literature--ChIP-seq(rank=22); ReMap--ChIP-seq(rank=196); ARCHS4--Coexpression(rank=498); GTEx--Coexpression(rank=671); Enrichr--Queries(rank=757)","359","0.084750000000000006","ENCODE ChIP-seq,0.08475"
"DEG_LD_SW480","360","POU4F3","0.085250000000000006","GTEx Coexpression,0.08525","OCA2,ECM2,PRRX1,SHOX2,PRRX2,UBE2E2,KCNK15,XPC,LTBP2,HOXC11,GLDN,MYO1D,ACTA2,TMEM43,SESTD1,PDGFC,COL8A2,CDH13,ROR1,IGFBP7,SUSD5,SMIM10,HDX","chea3","360","0.085250000000000006",NA,NA,"","3","GTEx--Coexpression(rank=137); ARCHS4--Coexpression(rank=660); Enrichr--Queries(rank=820)","360","0.085250000000000006","GTEx Coexpression,0.08525"
"DEG_LD_SW480","361","STAT6","0.085370000000000001","Literature ChIP-seq,0.08537","SELPLG,MAML2,EPAS1,ITGB2,IL24,PDE3B,ITPR1,RORA,ARRB1,FURIN,IL1RAP,CLDN1,MED12L,RASGRP3,ACOXL,ATXN1,DACH1,TMEM43,GRAP2,PRSS2,ADGRV1,AUTS2,BCL11B,BCL11A,ANKRD44,CRYGN,RAB27B,SYTL3,BATF,TIAM1,TG,CDH13,PRTFDC1","chea3","361","0.085370000000000001",NA,NA,"","4","Literature--ChIP-seq(rank=14); ARCHS4--Coexpression(rank=430); GTEx--Coexpression(rank=873); Enrichr--Queries(rank=942)","361","0.085370000000000001","Literature ChIP-seq,0.08537"
"DEG_LD_SW480","362","ZNF438","0.085379999999999998","ARCHS4 Coexpression,0.08538","KCNE3,LSMEM1,PTAFR,ITGB2,PLEK,F13A1,ARRB1,SH3BGRL,ABLIM3,GRAP2,VSTM1,LGALS9,SLC15A3,LY6G6D,MFAP3L,MPP1,TMEM40,RAB27B,GNG11,FRMD3,DAB2,TNFSF4,TRIM58,TLR4","chea3","362","0.085379999999999998",NA,NA,"","3","ARCHS4--Coexpression(rank=139); Enrichr--Queries(rank=364); GTEx--Coexpression(rank=977)","362","0.085379999999999998","ARCHS4 Coexpression,0.08538"
"DEG_LD_SW480","363","ZIC5","0.085470000000000004","Enrichr Queries,0.08547","SHOX2,CRMP1,MSI1,RORA,FZD10,LRP2,EFNA5,RND3,ELAVL2,LOXL2,LFNG,SOX2,PTPRZ1,CAMKV,KIF5C,GNG4,SALL4,RHBDL3,VAT1L,TFAP2A,CADPS2,EGLN3,ADGRV1,AUTS2,BCL11B,BCL11A,IRX3,EBF3,SERPINB8,OLFM1,COL2A1,CDK6,VGF,LHX2,KIF26B,ATF3","chea3","363","0.085470000000000004",NA,NA,"","3","Enrichr--Queries(rank=120); GTEx--Coexpression(rank=492); ARCHS4--Coexpression(rank=565)","363","0.085470000000000004","Enrichr Queries,0.08547"
"DEG_LD_SW480","364","HOXD9","0.085870000000000002","GTEx Coexpression,0.08587","KCNG1,RERE,ABCD4,OSBPL5,BNC2,TSHZ3,TSHZ2,MRGPRF,HOXD13,MITF,HOXD11,MEIS3,HOXD10,AR,CAPN6,MYO15B,SH3PXD2A,OLFML3,GATAD1,TRIP6,MXRA8,EPHB4,MATN2","chea3","364","0.085870000000000002",NA,NA,"","3","GTEx--Coexpression(rank=138); ARCHS4--Coexpression(rank=282); Enrichr--Queries(rank=490)","364","0.085870000000000002","GTEx Coexpression,0.08587"
"DEG_LD_SW480","365","SOX17","0.085999999999999993","ARCHS4 Coexpression,0.086","HS3ST3A1,EPAS1,CCM2L,LTBP2,DOC2B,SHE,MDK,RBPMS2,KLRG2,IGFBP7,ADAMTS8,EPHB4,ADAMTS7,EDN1,AFAP1L1,VWF,IGF1,HSPG2,PGF,APLN,PTPRB,SLPI,PPP1R3B,CHST2","chea3","365","0.085999999999999993",NA,NA,"","4","ARCHS4--Coexpression(rank=140); GTEx--Coexpression(rank=140); Literature--ChIP-seq(rank=148); Enrichr--Queries(rank=419)","365","0.085999999999999993","ARCHS4 Coexpression,0.086"
"DEG_LD_SW480","366","SOX7","0.086180000000000007","Enrichr Queries,0.08618","IFITM3,CEBPD,EPAS1,PLAT,LOXL2,SHE,NT5E,HEY1,GPNMB,PDK4,IGFBP7,UPP1,ABCA1,EDN1,AFAP1L1,ANXA1,VWF,IRX3,HSPG2,SERPINB8,GNG11,TM4SF1,PGF,ACTA2,TGFBR3,ALDH1A3,PTPRB,DAB2,NR4A3,IL1B,CNTN1,CDH13,COL6A3,PPARG,TGFBI,ATF3","chea3","366","0.086180000000000007",NA,NA,"","3","Enrichr--Queries(rank=121); ARCHS4--Coexpression(rank=175); GTEx--Coexpression(rank=765)","366","0.086180000000000007","Enrichr Queries,0.08618"
"DEG_LD_SW480","367","NR2F2","0.086610000000000006","ARCHS4 Coexpression,0.08661","ZNF512B,GMFG,ITGB2,LTBP2,HOXD10,LOXL2,SPN,IGFBP7,SPTSSB,ANKRD52,EPHB4,CACNG4,ADAMTS7,TLE1,AUTS2,DAB2IP,AFAP1,PCOLCE,HSPG2,ARHGAP45,ACAP1,COL5A2,CDH11,MXRA8","chea3","367","0.086610000000000006",NA,NA,"","5","ENCODE--ChIP-seq(rank=49); ReMap--ChIP-seq(rank=72); ARCHS4--Coexpression(rank=141); Enrichr--Queries(rank=247); GTEx--Coexpression(rank=604)","367","0.086610000000000006","ARCHS4 Coexpression,0.08661"
"DEG_LD_SW480","368","ZIC3","0.086889999999999995","Enrichr Queries,0.08689","IFITM1,BNC2,EPAS1,CRMP1,RORA,WFDC2,ELAVL2,SOX2,DACH1,HEY1,PTPRZ1,CAMKV,KIF5C,GNG4,SALL4,CKB,CNMD,VAT1L,TFAP2A,CADPS2,ADGRV1,ANXA1,BCL11B,BCL11A,IRX3,CADPS,TET1,EBF3,SERPINB8,ACTA2,OLFM1,COL2A1,LHX2,CDH11,TGFBI,FGF13","chea3","368","0.086889999999999995",NA,NA,"","4","Literature--ChIP-seq(rank=73); Enrichr--Queries(rank=122); GTEx--Coexpression(rank=478); ARCHS4--Coexpression(rank=497)","368","0.086889999999999995","Enrichr Queries,0.08689"
"DEG_LD_SW480","369","ATOH8","0.087220000000000006","ARCHS4 Coexpression,0.08722","ECM2,EPAS1,MRGPRF,TMTC1,LTBP2,LOXL2,ABLIM3,SH3PXD2A,SLIT3,IGFBP7,ADAMTS7,PRRX1,PRRX2,DAB2IP,AFAP1,PCOLCE,HSPG2,MRAS,DAAM2,COL5A2,MXRA8,COL6A3,TGFBI,CHST3","chea3","369","0.087220000000000006",NA,NA,"","3","ARCHS4--Coexpression(rank=142); GTEx--Coexpression(rank=218); Enrichr--Queries(rank=251)","369","0.087220000000000006","ARCHS4 Coexpression,0.08722"
"DEG_LD_SW480","370","FOXQ1","0.087739999999999999","GTEx Coexpression,0.08774","TFAP2A,EDARADD,DLX3,IRX3,CBLC,RAB27B,LYPD5,CLDN1,NKPD1,SERPINB5,KLK7,GPRIN2,PPFIBP2,VANGL2,VSIG1,PERP,RASSF6,KRT14,SPTSSB,SLC26A9,TNS4,EXPH5,TMEM45A","chea3","370","0.087739999999999999",NA,NA,"","3","Enrichr--Queries(rank=132); GTEx--Coexpression(rank=141); ARCHS4--Coexpression(rank=381)","370","0.087739999999999999","GTEx Coexpression,0.08774"
"DEG_LD_SW480","371","SOX10","0.087840000000000001","ARCHS4 Coexpression,0.08784","ZNF512B,OCA2,IGSF8,STXBP1,PLOD3,FMN1,FAIM2,CYGB,GPNMB,SH3PXD2A,SLC22A17,MCF2L,ADAM23,SPOCK1,MAGEC2,LZTS1,TFAP2A,NGFR,KCNJ10,MITF,MAPK8IP1,VGF,DAAM2,PMP22","chea3","371","0.087840000000000001",NA,NA,"","4","ReMap--ChIP-seq(rank=49); ARCHS4--Coexpression(rank=143); GTEx--Coexpression(rank=192); Enrichr--Queries(rank=287)","371","0.087840000000000001","ARCHS4 Coexpression,0.08784"
"DEG_LD_SW480","372","ZNF563","0.088319999999999996","Enrichr Queries,0.08832","CPM,MAML2,CEBPD,ZC4H2,NEDD9,RORA,DEPP1,SERTAD4,ZMAT1,GPNMB,ZNF429,NFKBIZ,PDK4,IGFBP7,ZNF763,PAG1,ZNF486,ZNF442,MAP2K6,ABCA1,ARRDC4,CADPS2,AUTS2,F2R,ASNS,NPNT,SERPINB8,PGF,SYTL2,TGFBR3,NR4A3,ZNF93,FASN,SELENOP,ZNF117,ATF3","chea3","372","0.088319999999999996",NA,NA,"","3","Enrichr--Queries(rank=124); GTEx--Coexpression(rank=1360); ARCHS4--Coexpression(rank=1585)","372","0.088319999999999996","Enrichr Queries,0.08832"
"DEG_LD_SW480","373","SOX11","0.088450000000000001","ARCHS4 Coexpression,0.08845","RTN1,ZC4H2,CRMP1,RND3,ELAVL2,NKAIN1,ZNF429,GPC2,NCAM1,FEZF1,MARK1,AUTS2,HMGCS1,BCL11B,BCL11A,HUNK,GDAP1,SLC16A14,TIAM2,NBEA,FEZ1,ZNF737,ZNF117,FGF13","chea3","373","0.088450000000000001",NA,NA,"","5","Literature--ChIP-seq(rank=89); ReMap--ChIP-seq(rank=136); ARCHS4--Coexpression(rank=144); GTEx--Coexpression(rank=264); Enrichr--Queries(rank=405)","373","0.088450000000000001","ARCHS4 Coexpression,0.08845"
"DEG_LD_SW480","374","RAX","0.088990000000000000","GTEx Coexpression,0.08899","ZNF512B,CDRT4,EDN3,FAM86B1,MSI1,EFNA5,MED12L,GALNT10,SOX2,TGFBR3L,ARC,GAL,ZMAT1,MDK,NPC2,LHX2,ARHGEF3,CHI3L1,ST3GAL5,SLC16A2,CRYM,FEZF1,CHST2","chea3","374","0.088990000000000000",NA,NA,"","3","GTEx--Coexpression(rank=143); ARCHS4--Coexpression(rank=172); Enrichr--Queries(rank=681)","374","0.088990000000000000","GTEx Coexpression,0.08899"
"DEG_LD_SW480","375","GRHL1","0.089029999999999998","Enrichr Queries,0.08903","CPM,PARM1,CEBPD,EPAS1,RORA,CLDN1,LOXL2,NT5E,ALCAM,HEY1,PERP,NFKBIZ,GRB10,PDK4,MPZL2,ABCA1,ARRDC4,CADPS2,EGLN3,EDN1,EGR3,ANXA1,RAB27B,FBXO32,SERPINB8,SYTL2,TGFBR3,TIAM1,PPFIBP2,NR4A3,SLPI,CNTN1,TMCC3,PPARG,ATF3,MATN2","chea3","375","0.089029999999999998",NA,NA,"","3","Enrichr--Queries(rank=125); ARCHS4--Coexpression(rank=200); GTEx--Coexpression(rank=541)","375","0.089029999999999998","Enrichr Queries,0.08903"
"DEG_LD_SW480","376","ZHX3","0.089069999999999996","ARCHS4 Coexpression,0.08907","STXBP1,PRUNE2,MRGPRF,TMTC1,FAIM2,LTBP2,AK5,SH3PXD2A,SLC22A17,KCNJ10,PRRX1,DAB2IP,KIAA1549L,DCLK2,ACTL8,DKK3,MAPK8IP1,MRAS,DAAM2,KCNMA1,EEF1A2,MXRA8,TLN2,CHST3","chea3","376","0.089069999999999996",NA,NA,"","3","ARCHS4--Coexpression(rank=145); GTEx--Coexpression(rank=683); Enrichr--Queries(rank=1009)","376","0.089069999999999996","ARCHS4 Coexpression,0.08907"
"DEG_LD_SW480","377","CPEB1","0.089609999999999995","GTEx Coexpression,0.08961","CDKL2,TMEM151A,WDR17,IGSF8,RPS6KL1,NYAP1,CADPS,CRMP1,ILDR2,SLAIN1,AP3B2,GDAP1,ELAVL2,MAPK8IP1,FAM133A,SLC4A8,PNMA1,SLC22A17,FEZ1,NAALAD2,APBB1,ZNF610,DZIP3","chea3","377","0.089609999999999995",NA,NA,"","2","GTEx--Coexpression(rank=144); ARCHS4--Coexpression(rank=1303)","377","0.089609999999999995","GTEx Coexpression,0.08961"
"DEG_LD_SW480","378","ZNF506","0.089740000000000000","Enrichr Queries,0.08974","ZNF331,ZNF273,MAML2,ATP8A1,RORA,FMN1,ALCAM,ZMAT1,GPNMB,ZNF429,ZNF107,DMD,PAG1,ZNF486,ABCA1,CD74,CADPS2,ZNF681,RABGAP1L,ZNF680,AUTS2,BCL11A,ANKRD44,SERPINB8,PGF,SYTL2,TGFBR3,ZNF92,CDK6,ZNF93,NBEA,ZNF737,SELENOP,ZNF711,ZNF117,ZNF610","chea3","378","0.089740000000000000",NA,NA,"","3","Enrichr--Queries(rank=126); ARCHS4--Coexpression(rank=715); GTEx--Coexpression(rank=1122)","378","0.089740000000000000","Enrichr Queries,0.08974"
"DEG_LD_SW480","379","SRY","0.090230000000000005","GTEx Coexpression,0.09023","FLG,TFAP2A,DLX3,GSDMA,RORA,XPC,LYPD5,PTPN13,CLDN1,HOXC11,SERPINB8,NKPD1,SERPINB5,KLK7,XG,XKRX,FLG2,GPNMB,SPTLC3,PERP,KRT14,EXPH5,TMEM45A","chea3","379","0.090230000000000005",NA,NA,"","4","Literature--ChIP-seq(rank=58); GTEx--Coexpression(rank=145); Enrichr--Queries(rank=749); ARCHS4--Coexpression(rank=1213)","379","0.090230000000000005","GTEx Coexpression,0.09023"
"DEG_LD_SW480","380","ZNF385D","0.090289999999999995","ARCHS4 Coexpression,0.09029","RTN1,ITPR1,F13A1,AKAP6,MED12L,ELAVL2,KCNV1,PCLO,SPTLC3,GRAP2,CFAP69,NCAM1,CA8,BEND6,MFAP3L,TTC7B,ACSL6,TMEM40,RAB27B,GNG11,FRMD3,TRIM58,ALDOC,FGF13","chea3","380","0.090289999999999995",NA,NA,"","3","ARCHS4--Coexpression(rank=147); GTEx--Coexpression(rank=177); Enrichr--Queries(rank=184)","380","0.090289999999999995","ARCHS4 Coexpression,0.09029"
"DEG_LD_SW480","381","ZFP3","0.090460000000000013","Enrichr Queries,0.09046","SLC46A3,VIPR1,CEBPD,EPAS1,RORA,NT5E,GPNMB,CTSK,NFKBIZ,PDK4,SPOCK1,CKB,ABCA1,ARRDC4,CD74,CADPS2,EGLN3,EDN1,ANXA1,BCL11B,BCL11A,FBXO32,SERPINB8,PGF,ISG20,TGFBR3,RAB30,PPP1R3B,SELENOP,ARHGEF3,TMCC3,PPARG,KCTD12,TGFBI,ATF3,TMEM229B","chea3","381","0.090460000000000013",NA,NA,"","3","Enrichr--Queries(rank=127); ARCHS4--Coexpression(rank=1110); GTEx--Coexpression(rank=1124)","381","0.090460000000000013","Enrichr Queries,0.09046"
"DEG_LD_SW480","382","MEF2C","0.090910000000000005","ARCHS4 Coexpression,0.09091","RYR1,ATP8A1,AKAP6,AK5,CACNA1E,PCLO,CAMKV,ADAM23,DMD,SCN3B,UNC13A,SYT1,TNNC1,KIAA1549L,SYP,HPCAL4,OLFM1,NBEA,KCNMA1,CORO6,TCAP,TLN2,ASB2,RBM24","chea3","382","0.090910000000000005",NA,NA,"","5","ENCODE--ChIP-seq(rank=81); ARCHS4--Coexpression(rank=148); ReMap--ChIP-seq(rank=213); Enrichr--Queries(rank=233); GTEx--Coexpression(rank=928)","382","0.090910000000000005","ARCHS4 Coexpression,0.09091"
"DEG_LD_SW480","383","AHR","0.090910000000000005","ReMap ChIP-seq,0.09091","CPM,ECM1,LRRC10B,ITGB2,ARRB1,FAIM2,GXYLT2,NKPD1,GLDN,SOX2,SAMD15,SALL4,NAMPT,EPHB4,SLC12A9,RNF43,KCND3,KCNK15,WDR72,AP3B2,TANC2,FLG2,ALDH1A3,MBLAC1,RAB30,OAS1,DAAM2,CDH13,ARL8B,CHRNA1,CPB2,WDR25,TNFRSF11B,FURIN,ZDHHC22,KRT86,CYGB,GNA13,ATXN1,OLFML3,PLEK2,ZC3H14,CACNG4,MPZL2,ABCA1,SIVA1,CADPS,IL31RA,KRT13,ARPC4,DHRS2,PDP1,EIF5,MLPH,FES,CAMK1,TGFBI,TMEM229B","chea3","383","0.090910000000000005",NA,NA,"","5","Literature--ChIP-seq(rank=18); ReMap--ChIP-seq(rank=27); GTEx--Coexpression(rank=183); Enrichr--Queries(rank=367); ARCHS4--Coexpression(rank=391)","383","0.090910000000000005","ReMap ChIP-seq,0.09091"
"DEG_LD_SW480","384","HOXC11","0.091469999999999996","GTEx Coexpression,0.09147","DLX3,GSDMA,PRRX1,MAML2,SHOX2,PRRX2,CLEC11A,XPC,DKK1,SERPINB8,XG,LOXL2,RFX8,NT5E,TMEM43,GPNMB,CTSK,DSE,COL5A2,COL6A3,ROR1,TMEM45A,VGLL3","chea3","384","0.091469999999999996",NA,NA,"","4","ReMap--ChIP-seq(rank=74); GTEx--Coexpression(rank=147); ARCHS4--Coexpression(rank=397); Enrichr--Queries(rank=545)","384","0.091469999999999996","GTEx Coexpression,0.09147"
"DEG_LD_SW480","385","ZNF354C","0.091880000000000003","Enrichr Queries,0.09188","RYR2,NLGN1,EPAS1,PELI2,TSHZ2,CRMP1,RORA,SOX2,NT5E,ALCAM,KIF5C,PDK4,SPOCK1,DMD,IGFBP7,ZNF502,NCAM1,ZNF501,ABCA1,ARRDC4,CADPS2,ANXA1,AUTS2,MOCOS,F2R,ASNS,SERPINB8,SYTL2,OLFM1,NBEA,KCNMA1,SELENOP,CNTN1,PPARG,ZNF711,FGF13","chea3","385","0.091880000000000003",NA,NA,"","3","Enrichr--Queries(rank=129); GTEx--Coexpression(rank=532); ARCHS4--Coexpression(rank=1178)","385","0.091880000000000003","Enrichr Queries,0.09188"
"DEG_LD_SW480","386","ELK1","0.092100000000000001","GTEx Coexpression,0.0921","KIRREL3,PRKCG,NYAP1,UNC5A,KIAA1549L,TTC7B,ACSL6,FAIM2,MAPK8IP2,HPCAL4,CACNA1E,CPLX1,BEGAIN,RIMS4,JPH3,CAMKV,KIF5C,PPP4R4,KCNQ2,METTL6,BSN,APBA2,BEND6","chea3","386","0.092100000000000001",NA,NA,"","5","ENCODE--ChIP-seq(rank=93); Literature--ChIP-seq(rank=129); GTEx--Coexpression(rank=148); ReMap--ChIP-seq(rank=273); ARCHS4--Coexpression(rank=1452)","386","0.092100000000000001","GTEx Coexpression,0.0921"
"DEG_LD_SW480","387","SOX5","0.092140000000000000","ARCHS4 Coexpression,0.09214","NLGN1,CRMP1,CACNA1E,KCNV1,PCLO,PTPRZ1,CAMKV,CRTAC1,PHACTR3,NCAM1,MARK1,ADGRV1,AUTS2,BCL11B,BCL11A,KIAA1549L,EML1,GDAP1,TANC2,TIAM2,NBEA,SESTD1,RNF182,FGF13","chea3","387","0.092140000000000000",NA,NA,"","3","ARCHS4--Coexpression(rank=150); Enrichr--Queries(rank=168); GTEx--Coexpression(rank=1268)","387","0.092140000000000000","ARCHS4 Coexpression,0.09214"
"DEG_LD_SW480","388","IRX3","0.093299999999999994","Enrichr Queries,0.0933","IFITM3,CEBPD,EPAS1,MGST1,FBLN1,RND3,ALCAM,HEY1,GPNMB,MDK,FLRT3,PDK4,IGFBP7,CKB,TFAP2A,EGLN3,EDN1,EGR3,ANXA1,BCL11B,F2R,EBF3,FBXO32,DKK1,SERPINB8,GNG11,TM4SF1,ACTA2,TGFBR3,COL5A2,SELENOP,CDH11,CNTN1,CDH13,TGFBI,ATF3","chea3","388","0.093299999999999994",NA,NA,"","3","Enrichr--Queries(rank=131); GTEx--Coexpression(rank=155); ARCHS4--Coexpression(rank=933)","388","0.093299999999999994","Enrichr Queries,0.0933"
"DEG_LD_SW480","389","HSFY2","0.093340000000000006","GTEx Coexpression,0.09334","RPS6KL1,RTN1,UNC5A,KCND3,STXBP1,NTM,DAB2IP,ADAM11,TTC7B,NMNAT2,MAPK8IP2,AP3B2,XKR7,TIAM1,MMP24,PCLO,NBEA,MCF2L,KCNQ2,APBB1,BSN,APBA2,BEND6","chea3","389","0.093340000000000006",NA,NA,"","2","GTEx--Coexpression(rank=150); ARCHS4--Coexpression(rank=1454)","389","0.093340000000000006","GTEx Coexpression,0.09334"
"DEG_LD_SW480","390","NHLH1","0.093369999999999995","ARCHS4 Coexpression,0.09337","CNTFR,NYAP1,CRMP1,ELAVL2,NKAIN1,DACH1,CAMKV,MDK,KIF5C,GPC2,NCAM1,RHBDL3,FEZF1,SERF1B,CARMIL3,AUTS2,AFAP1,NAV1,EBF3,KLHDC8B,SORCS2,LEMD1,XKR7,LHX2","chea3","390","0.093369999999999995",NA,NA,"","3","ARCHS4--Coexpression(rank=152); Enrichr--Queries(rank=248); GTEx--Coexpression(rank=1066)","390","0.093369999999999995","ARCHS4 Coexpression,0.09337"
"DEG_LD_SW480","391","SOX21","0.093960000000000002","GTEx Coexpression,0.09396","FLG,TFAP2A,DLX3,GSDMA,PHLPP1,BCL11B,BCL11A,CBLC,RAB27B,LYPD5,NKPD1,SERPINB5,KLK7,XKRX,TP53AIP1,VANGL2,PTPRZ1,PERP,KRT14,SPTSSB,EXPH5,TMEM45A,NECTIN1","chea3","391","0.093960000000000002",NA,NA,"","3","GTEx--Coexpression(rank=151); ARCHS4--Coexpression(rank=226); Enrichr--Queries(rank=300)","391","0.093960000000000002","GTEx Coexpression,0.09396"
"DEG_LD_SW480","392","PAX6","0.093979999999999994","ARCHS4 Coexpression,0.09398","BEX4,ERO1B,CPNE8,PARM1,USH1C,EFNA5,SLC7A2,DACH1,GNG4,PDK4,NKX6-1,CHGB,EDARADD,GSTO2,EDN3,WFS1,TMEM176B,CADPS,PDX1,FAM167A,NBEA,CNTN1,RSPH14,DZIP3","chea3","392","0.093979999999999994",NA,NA,"","5","Literature--ChIP-seq(rank=131); ARCHS4--Coexpression(rank=153); GTEx--Coexpression(rank=187); Enrichr--Queries(rank=199); ReMap--ChIP-seq(rank=257)","392","0.093979999999999994","ARCHS4 Coexpression,0.09398"
"DEG_LD_SW480","393","ADNP","0.094280000000000003","ReMap ChIP-seq,0.09428","RYR1,RTP3,CD82,SLC44A2,GMFG,GXYLT2,LYL1,LASP1,LEPR,INSL3,TNS4,EPHB4,SLC12A9,HES7,EDARADD,TLE2,UNC13A,SLC30A2,TMC8,TMEM40,KCNK15,TMC6,BTN3A2,HSPG2,GRIP2,ARHGAP45,SPOCD1,ZNF839,KRT36,ARHGEF3,COL8A2,NPTXR,ZNF311,CHST3,CCDC187,SELPLG,HTRA3,ASAP3,ITPR1,SDSL,ADAMTS14,CDH23,OR2B6,PSPN,KRT13,ARPC4,SYT17,BST2,SBK3,SLC6A6,SLC4A8,FCGR2A,TRPV4,PSMG3,CASS4,TCAP,CAMK1","chea3","393","0.094280000000000003",NA,NA,"","4","ReMap--ChIP-seq(rank=28); Enrichr--Queries(rank=1394); GTEx--Coexpression(rank=1444); ARCHS4--Coexpression(rank=1558)","393","0.094280000000000003","ReMap ChIP-seq,0.09428"
"DEG_LD_SW480","394","HAND2","0.094589999999999994","ARCHS4 Coexpression,0.09459","CNTFR,RYR2,SHOX2,DOC2B,DBH,CYGB,BEGAIN,RIMS4,MDK,SLIT3,CACNG4,ADAMTS7,PDAP1,PCOLCE,XKR7,FAM167A,GAL,TH,VGF,KIF26A,KIF26B,EEF1A2,ZNF853,IGSF9B","chea3","394","0.094589999999999994",NA,NA,"","3","ARCHS4--Coexpression(rank=154); Enrichr--Queries(rank=284); GTEx--Coexpression(rank=601)","394","0.094589999999999994","ARCHS4 Coexpression,0.09459"
"DEG_LD_SW480","395","ZNF486","0.095210000000000003","GTEx Coexpression,0.09521","CSGALNACT1,PARM1,ATP8A1,SLC43A3,CRYGN,PRKX,WDR72,LRP2,NPNT,TMEM243,TG,ZNF93,KATNAL2,SALL4,ZNF737,UST,LPCAT2,ZBED2,FSCN2,PLA2R1,SLC26A4,ZNF114,CTSB","chea3","395","0.095210000000000003",NA,NA,"","3","GTEx--Coexpression(rank=153); ARCHS4--Coexpression(rank=492); Enrichr--Queries(rank=635)","395","0.095210000000000003","GTEx Coexpression,0.09521"
"DEG_LD_SW480","396","OTP","0.095210000000000003","ARCHS4 Coexpression,0.09521","RTN1,CRMP1,RND3,ELAVL2,NKAIN1,DACH1,PNMA1,KIF5C,GPC2,NCAM1,APBB1,SCN3B,VAT1L,AUTS2,SHROOM2,KCNK15,DCLK2,EBF3,AP3B2,ARMC10,NBEA,SESTD1,CNTN1,BEX5","chea3","396","0.095210000000000003",NA,NA,"","3","ARCHS4--Coexpression(rank=155); GTEx--Coexpression(rank=291); Enrichr--Queries(rank=539)","396","0.095210000000000003","ARCHS4 Coexpression,0.09521"
"DEG_LD_SW480","397","ZNF385C","0.095439999999999997","Enrichr Queries,0.09544","RYR1,PRUNE2,DYSF,IFI6,RORA,CPLX1,DEPP1,LOXL2,NKAIN1,RIMS4,HYAL1,GNG4,CDH23,ABCA1,PRKCG,MYH7B,NGFR,CD74,NAPSA,TLE2,EGR3,UNC13A,COL27A1,CARMIL3,ADAM11,SERPINB8,PGF,BST2,COL2A1,VGF,WNK2,EEF1A2,CNTN1,NOTUM,ATF3,KANK4","chea3","397","0.095439999999999997",NA,NA,"","3","Enrichr--Queries(rank=134); ARCHS4--Coexpression(rank=544); GTEx--Coexpression(rank=1328)","397","0.095439999999999997","Enrichr Queries,0.09544"
"DEG_LD_SW480","398","POU3F4","0.095820000000000002","ARCHS4 Coexpression,0.09582","BEX4,CNTFR,CRMP1,ILDR2,DTX4,RND3,ELAVL2,AFF2,SOX2,NKAIN1,DACH1,PNMA1,GPC2,NCAM1,CKB,AUTS2,HMGCS1,DCLK2,EBF3,QKI,VANGL2,ARMC10,FEZ1,YPEL1","chea3","398","0.095820000000000002",NA,NA,"","3","ARCHS4--Coexpression(rank=156); GTEx--Coexpression(rank=290); Enrichr--Queries(rank=725)","398","0.095820000000000002","ARCHS4 Coexpression,0.09582"
"DEG_LD_SW480","399","HOXA6","0.095830000000000012","GTEx Coexpression,0.09583","BEX4,B3GALNT1,SRPX,BNC2,VDR,SHOX2,DLST,XPC,HOXD11,HSPG2,HOXC11,HOXD10,DAB2,TMEM43,GPA33,OLFML3,DSE,COL5A2,MXRA8,PRR15,GAL3ST2,TLR3,VGLL3","chea3","399","0.095830000000000012",NA,NA,"","3","GTEx--Coexpression(rank=154); ARCHS4--Coexpression(rank=414); Enrichr--Queries(rank=600)","399","0.095830000000000012","GTEx Coexpression,0.09583"
"DEG_LD_SW480","400","ZNF560","0.096150000000000013","Enrichr Queries,0.09615","RYR1,RYR2,NLGN1,TSHZ3,FBLN1,ELAVL2,LOXL2,SOX2,PTPRZ1,GPNMB,KIF5C,SALL4,PDK4,SPOCK1,SLC16A9,CA8,RHBDL3,CNMD,TIMP4,VAT1L,ZNF486,CADPS2,GREB1,ECEL1,MOCOS,TET1,SORCS2,SERPINB8,OLFM1,GAL,COL2A1,KCNMA1,PPARG,FGF13,ZNF114,KANK4","chea3","400","0.096150000000000013",NA,NA,"","3","Enrichr--Queries(rank=135); GTEx--Coexpression(rank=986); ARCHS4--Coexpression(rank=1278)","400","0.096150000000000013","Enrichr Queries,0.09615"
"DEG_LD_SW480","401","FEZF1","0.097049999999999997","ARCHS4 Coexpression,0.09705","BEX4,CRMP1,MSMO1,EFNA5,CNN3,SOX2,NKAIN1,CAPN6,MDK,SALL4,GPC2,SLC16A2,CNMD,ADAMTS7,PRKCG,COL26A1,CHRNB4,SERF1B,AUTS2,TET1,NAV1,KLHDC8B,LEMD1,LHX2","chea3","401","0.097049999999999997",NA,NA,"","3","ARCHS4--Coexpression(rank=158); Enrichr--Queries(rank=344); GTEx--Coexpression(rank=527)","401","0.097049999999999997","ARCHS4 Coexpression,0.09705"
"DEG_LD_SW480","402","PBX4","0.097080000000000000","GTEx Coexpression,0.09708","CSGALNACT1,PARM1,ATP8A1,CRYGN,PRKX,WDR72,LRP2,NPNT,TMEM243,TG,ZMAT1,KATNAL2,SALL4,ZNF737,UST,LPCAT2,ZBED2,FSCN2,PLA2R1,SLC26A4,ZNF114,ZNF486,CTSB","chea3","402","0.097080000000000000",NA,NA,"","3","GTEx--Coexpression(rank=156); Enrichr--Queries(rank=332); ARCHS4--Coexpression(rank=522)","402","0.097080000000000000","GTEx Coexpression,0.09708"
"DEG_LD_SW480","403","ESR2","0.097559999999999994","Literature ChIP-seq,0.09756","CEMIP,PARM1,CD82,PRKRIP1,ARRB1,ZCWPW1,JPH3,ATXN1,HEY1,GRB10,PLAC1,LMCD1,EDN1,VWF,WFS1,GREB1,SHROOM2,KRT13,ASPSCR1,ENTPD8,MITF,NPNT,DHRS2,BATF,SLC9A2,ISG20,PPFIBP2,CDK6,NBEA,KCNMA1,TLN2,GPRC5C,ACOT4","chea3","403","0.097559999999999994",NA,NA,"","5","Literature--ChIP-seq(rank=16); ReMap--ChIP-seq(rank=73); Enrichr--Queries(rank=660); ARCHS4--Coexpression(rank=952); GTEx--Coexpression(rank=1019)","403","0.097559999999999994","Literature ChIP-seq,0.09756"
"DEG_LD_SW480","404","IKZF2","0.097580000000000000","Enrichr Queries,0.09758","CPM,IFITM1,ATP8A1,EPAS1,ITPR1,NEDD9,RORA,IL1RAP,NT5E,ATXN1,ALCAM,DUSP10,PDGFC,NFKBIZ,PAG1,ABCA1,CD74,CADPS2,RABGAP1L,ANXA1,BCL11B,BCL11A,ANKRD44,RAB27B,NAV1,FBXO32,PTPN13,SERPINB8,SYTL2,TGFBR3,TIAM1,CDK6,SELENOP,TMCC3,KCTD12,ATF3","chea3","404","0.097580000000000000",NA,NA,"","3","Enrichr--Queries(rank=137); GTEx--Coexpression(rank=1160); ARCHS4--Coexpression(rank=1297)","404","0.097580000000000000","Enrichr Queries,0.09758"
"DEG_LD_SW480","405","RARA","0.097640000000000005","ReMap ChIP-seq,0.09764","TMEM151A,MCM7,ITGB2,SECTM1,HOXC11,NAT16,LFNG,LYL1,ZCWPW1,LASP1,DBP,HYAL1,TBC1D10C,AP1S1,FBXO6,BAHCC1,EPHB4,SLC12A9,HES7,TSC22D4,TLE2,CCDC116,TMC8,PCOLCE,TMC6,KLF15,TEX19,ARHGAP45,MBLAC1,SLC7A7,ACAP1,VGF,TFR2,ORAI2,MXRA8,FSCN2,NPTXR,PLCB2,TEDC1,NYAP1,MEPCE,SLC43A1,FURIN,CYGB,ZNF469,EGR3,PSPN,BCL11A,NR1D1,BAIAP3,FES,FASN,GNB2,CD7,CORO6,ZNF853,ANKRD63","chea3","405","0.097640000000000005",NA,NA,"","5","ReMap--ChIP-seq(rank=29); Literature--ChIP-seq(rank=114); ARCHS4--Coexpression(rank=578); GTEx--Coexpression(rank=703); Enrichr--Queries(rank=891)","405","0.097640000000000005","ReMap ChIP-seq,0.09764"
"DEG_LD_SW480","406","PBX1","0.097670000000000007","ARCHS4 Coexpression,0.09767","RTN1,NTM,CRMP1,AKAP6,SOBP,ELAVL2,NKAIN1,KIF5C,GPC2,NCAM1,SCN3B,MARK1,AUTS2,TTC7B,DCLK2,EBF3,NMNAT2,TANC2,SLC4A8,VANGL2,NBEA,SESTD1,FGF13,BEX5","chea3","406","0.097670000000000007",NA,NA,"","4","Literature--ChIP-seq(rank=47); ARCHS4--Coexpression(rank=159); GTEx--Coexpression(rank=446); Enrichr--Queries(rank=554)","406","0.097670000000000007","ARCHS4 Coexpression,0.09767"
"DEG_LD_SW480","407","HOXB7","0.097699999999999995","GTEx Coexpression,0.0977","SRPX,CPM,MOGAT3,VDR,USH1C,MGST1,PLOD3,ENTPD8,ACSL5,GNG11,LASP1,DAB2,CLDN15,GPA33,XPNPEP2,SELENOP,PRR15,PPARG,ALPI,GAL3ST2,TSPAN1,TIMP4,TLR3","chea3","407","0.097699999999999995",NA,NA,"","5","ReMap--ChIP-seq(rank=114); Literature--ChIP-seq(rank=138); GTEx--Coexpression(rank=157); Enrichr--Queries(rank=215); ARCHS4--Coexpression(rank=781)","407","0.097699999999999995","GTEx Coexpression,0.0977"
"DEG_LD_SW480","408","HOXA4","0.098280000000000006","ARCHS4 Coexpression,0.09828","ACHE,SRPX,DLX4,CEBPD,NXPH4,PON2,GTPBP10,PLOD3,HOXD13,HOXD11,HOXC11,HOXD10,IGFBP7,POLR2J,TSC22D4,CHCHD10,PDAP1,TPST1,ARC,ZNF92,TRIP6,SSPN,CHI3L1,ATF3","chea3","408","0.098280000000000006",NA,NA,"","3","ARCHS4--Coexpression(rank=160); Enrichr--Queries(rank=390); GTEx--Coexpression(rank=1031)","408","0.098280000000000006","ARCHS4 Coexpression,0.09828"
"DEG_LD_SW480","409","ZNF600","0.098290000000000002","Enrichr Queries,0.09829","IFITM3,IFITM1,IFI6,HERC5,DUSP10,GPNMB,NAMPT,NFKBIZ,PDK4,PAG1,ZNF486,ABCA1,ARRDC4,CADPS2,EDN1,ZNF680,ANXA1,APOBEC3G,BCL11A,BTN3A2,FBXO32,SERPINB8,PGF,SYTL2,ISG20,ACTA2,TGFBR3,DAB2,IFI27,ZNF93,OAS1,CMPK2,ZNF117,ZNF610,ATF3","chea3","409","0.098290000000000002",NA,NA,"","3","Enrichr--Queries(rank=138); ARCHS4--Coexpression(rank=1023); GTEx--Coexpression(rank=1128)","409","0.098290000000000002","Enrichr Queries,0.09829"
"DEG_LD_SW480","410","VDR","0.098890000000000006","ARCHS4 Coexpression,0.09889","FCGBP,VIPR1,PTAFR,USH1C,F13A1,SECTM1,CBLC,FURIN,PLB1,LASP1,GPA33,ZBED2,LGALS9,SLC15A3,CTSB,ENTPD8,ACSL5,MYO1D,SLC7A7,MYO15B,CLDN15,XPNPEP2,SELENOP,PRR15","chea3","410","0.098890000000000006",NA,NA,"","5","Literature--ChIP-seq(rank=36); ARCHS4--Coexpression(rank=161); ReMap--ChIP-seq(rank=168); Enrichr--Queries(rank=578); GTEx--Coexpression(rank=804)","410","0.098890000000000006","ARCHS4 Coexpression,0.09889"
"DEG_LD_SW480","411","L3MBTL4","0.098940000000000000","GTEx Coexpression,0.09894","TFAP2A,DLX3,GSTO2,BTBD16,RORA,PTPN13,CLDN1,NKPD1,SERPINB5,KLK7,CYP39A1,PPFIBP2,VANGL2,SPTLC3,PERP,DPH3,KRT14,GPC2,ZNF711,TNS4,PRR22,EXPH5,TMEM45A","chea3","411","0.098940000000000000",NA,NA,"","2","GTEx--Coexpression(rank=159); ARCHS4--Coexpression(rank=776)","411","0.098940000000000000","GTEx Coexpression,0.09894"
"DEG_LD_SW480","412","ZNF717","0.099000000000000005","Enrichr Queries,0.099","TENM1,FCGBP,NLGN1,MAML2,RORA,FMN1,EFNA5,LOXL2,LFNG,PCLO,ALCAM,DACH1,ZMAT1,PDGFC,DMD,EXPH5,ABCA1,CADPS2,ZNF681,ADGRV1,ANXA1,AUTS2,MUC16,MITF,FBXO32,SERPINB8,SYTL2,GPRIN2,SLCO3A1,NBEA,KIF26B,ZNF737,CDH11,CNTN1,ATF3","chea3","412","0.099000000000000005",NA,NA,"","3","Enrichr--Queries(rank=139); ARCHS4--Coexpression(rank=606); GTEx--Coexpression(rank=1350)","412","0.099000000000000005","Enrichr Queries,0.099"
"DEG_LD_SW480","413","NHLH2","0.100099999999999995","ARCHS4 Coexpression,0.1001","BEX4,RTN1,CRMP1,AKAP6,SOBP,ELAVL2,NKAIN1,DACH1,KIF5C,GPC2,NCAM1,RHBDL3,NKX6-1,AUTS2,DCLK2,AFAP1,EBF3,NMNAT2,OLFM1,XKR7,VANGL2,ARMC10,TH,SESTD1","chea3","413","0.100099999999999995",NA,NA,"","3","Enrichr--Queries(rank=156); ARCHS4--Coexpression(rank=163); GTEx--Coexpression(rank=545)","413","0.100099999999999995","ARCHS4 Coexpression,0.1001"
"DEG_LD_SW480","414","DMBX1","0.100199999999999997","GTEx Coexpression,0.1002","POMT2,ZNF331,CDRT4,GSTO2,TMEM63C,ODC1,CRYBA2,SOX14,MSI1,BAIAP3,NAT16,SLC4A8,MC1R,GAL,NAALAD2,CLBA1,ZNF711,ZP1,MAGEC2,NLRP1,DZIP3,CHGB","chea3","414","0.100199999999999997",NA,NA,"","3","GTEx--Coexpression(rank=161); Enrichr--Queries(rank=227); ARCHS4--Coexpression(rank=1085)","414","0.100199999999999997","GTEx Coexpression,0.1002"
"DEG_LD_SW480","415","STAT5A","0.100699999999999998","ARCHS4 Coexpression,0.1007","SLC43A3,GMFG,ITGB2,PLEK,SECTM1,FURIN,SPN,LYL1,TBC1D10C,PRAME,LGALS9,CYTIP,SLC15A3,MPP1,TMC8,TMC6,BATF,ARHGAP45,SLC6A6,CD4,ACAP1,FES,CD7,PLCB2","chea3","415","0.100699999999999998",NA,NA,"","6","ENCODE--ChIP-seq(rank=17); Literature--ChIP-seq(rank=67); ReMap--ChIP-seq(rank=154); ARCHS4--Coexpression(rank=164); GTEx--Coexpression(rank=486); Enrichr--Queries(rank=722)","415","0.100699999999999998","ARCHS4 Coexpression,0.1007"
"DEG_LD_SW480","416","NEUROD1","0.101000000000000006","ReMap ChIP-seq,0.101","ZNF512B,ACHE,IFITM1,POP7,MCM7,SECTM1,UFSP1,NKPD1,NAT16,LYL1,ZCWPW1,LASP1,DBP,MDK,HYAL1,TBC1D10C,AP1S1,FBXO6,BAHCC1,EPHB4,SLC12A9,HES7,TSC22D4,TLE2,CCDC116,TNFRSF18,TMC8,PCOLCE,TMC6,SYP,HSPG2,ARHGAP45,MBLAC1,VGF,TFR2,MXRA8,FSCN2,PLCB2,NYAP1,NXPH4,MEPCE,CLCNKB,FURIN,TGFBR3L,ADAMTS14,LY6G6D,NAPSA,ASPSCR1,NR1D1,BST2,FES,FASN,GNB2,CD7,TRIP6,RSPH14,NOTUM","chea3","416","0.101000000000000006",NA,NA,"","4","ReMap--ChIP-seq(rank=30); Enrichr--Queries(rank=159); GTEx--Coexpression(rank=465); ARCHS4--Coexpression(rank=519)","416","0.101000000000000006","ReMap ChIP-seq,0.101"
"DEG_LD_SW480","417","DLX6","0.101099999999999995","Enrichr Queries,0.1011","NLGN1,DLX3,SHOX2,CRMP1,RORA,HOXD11,EFNA5,CACNA1E,HOXD10,ELAVL2,LOXL2,SOX2,DACH1,HEY1,KIF5C,GNG4,SIX2,VAT1L,TFAP2A,CADPS2,EGR3,PRRX1,BCL11B,BCL11A,ECEL1,EBF3,NPNT,DKK1,COL2A1,PDE10A,LHX2,KIF26B,KCNMA1,CDH11,ATF3","chea3","417","0.101099999999999995",NA,NA,"","3","Enrichr--Queries(rank=142); GTEx--Coexpression(rank=451); ARCHS4--Coexpression(rank=698)","417","0.101099999999999995","Enrichr Queries,0.1011"
"DEG_LD_SW480","418","STAT2","0.101700000000000013","ENCODE ChIP-seq,0.1017","IFITM3,ARRDC4,WDR25,IFITM1,IFI6,HERC5,BST2,ISG20,NKAIN1,IFI27,OAS1,NAMPT,ZNF107,CMPK2,PRAME,LGALS9","chea3","418","0.101700000000000013",NA,NA,"","5","ENCODE--ChIP-seq(rank=12); ReMap--ChIP-seq(rank=91); Enrichr--Queries(rank=339); ARCHS4--Coexpression(rank=355); GTEx--Coexpression(rank=1017)","418","0.101700000000000013","ENCODE ChIP-seq,0.1017"
"DEG_LD_SW480","419","ZNF595","0.101900000000000004","Enrichr Queries,0.1019","ITPR1,MGST1,IFI6,F13A1,NEDD9,RORA,LOXL2,NT5E,DACH1,GPNMB,ZNF429,ZNF107,UPP1,ABCA1,CADPS2,EGLN3,ZNF681,EDN1,ZNF680,ANXA1,TLE1,VDR,SERPINB8,PGF,ZNF92,CDK6,ZNF93,OAS1,IL1B,ZNF737,CDH11,CNTN1,ZNF117,TGFBI,ATF3","chea3","419","0.101900000000000004",NA,NA,"","2","Enrichr--Queries(rank=143); ARCHS4--Coexpression(rank=480)","419","0.101900000000000004","Enrichr Queries,0.1019"
"DEG_LD_SW480","420","IRF2","0.101999999999999993","ARCHS4 Coexpression,0.102","SELPLG,KCNE3,GMFG,PTAFR,ITGB2,PLEK,DYSF,SECTM1,NOD2,LFNG,RASSF2,NAMPT,CASP4,TBC1D10C,LGALS9,CYTIP,SLC12A9,ARPC4,ARHGAP45,ISG20,ACAP1,OAS1,PLCB2,TLR4","chea3","420","0.101999999999999993",NA,NA,"","4","ARCHS4--Coexpression(rank=166); ReMap--ChIP-seq(rank=267); GTEx--Coexpression(rank=501); Enrichr--Queries(rank=863)","420","0.101999999999999993","ARCHS4 Coexpression,0.102"
"DEG_LD_SW480","421","CXXC4","0.102599999999999997","ARCHS4 Coexpression,0.1026","BEX4,ERO1B,RTN1,CRMP1,ILDR2,EFNA5,ELAVL2,SOX2,DACH1,GNG4,NCAM1,SLC16A9,SCN3B,CHGB,MARK1,AUTS2,CADPS,NMNAT2,GDAP1,SLC4A8,NBEA,RSPH14,DZIP3,BEX5","chea3","421","0.102599999999999997",NA,NA,"","3","ARCHS4--Coexpression(rank=167); ReMap--ChIP-seq(rank=180); GTEx--Coexpression(rank=248)","421","0.102599999999999997","ARCHS4 Coexpression,0.1026"
"DEG_LD_SW480","422","MYPOP","0.103300000000000003","GTEx Coexpression,0.1033","COL26A1,RPS6KL1,NYAP1,UNC13A,UNC5A,KIAA1549L,TTC7B,FAIM2,SYP,ZDHHC22,MAPK8IP2,HPCAL4,CPLX1,OLFM1,KCNV1,RIMS4,JPH3,KCNQ2,EEF1A2,BSN,SCN3B,APBA2","chea3","422","0.103300000000000003",NA,NA,"","2","GTEx--Coexpression(rank=166); ARCHS4--Coexpression(rank=1247)","422","0.103300000000000003","GTEx Coexpression,0.1033"
"DEG_LD_SW480","423","IRX1","0.103900000000000006","GTEx Coexpression,0.1039","TFAP2A,CPM,OXTR,DLX3,AUTS2,MAML2,IRX3,ARHGEF38,XPC,EFNA5,HOXC11,WFDC2,CX3CL1,XG,OGFRL1,GPNMB,CTSK,TRPV4,NFKBIZ,SLIT3,TNS4,TMEM45A","chea3","423","0.103900000000000006",NA,NA,"","3","GTEx--Coexpression(rank=167); ARCHS4--Coexpression(rank=191); Enrichr--Queries(rank=424)","423","0.103900000000000006","GTEx Coexpression,0.1039"
"DEG_LD_SW480","424","HOXA13","0.103999999999999995","Enrichr Queries,0.104","DLX3,SHOX2,HOXD13,HOXD11,HOXC11,HOXD10,LOXL2,SOX2,HEY1,SIX2,PDK4,TFAP2A,CADPS2,EGLN3,EGR3,PRRX1,VDR,BCL11A,IRX3,MITF,EBF3,NPNT,DKK1,PGF,TGFBR3,ALDH1A3,COL2A1,NR4A3,LHX2,EEF1A2,CDH11,PPARG,KCTD12,TGFBI,ATF3","chea3","424","0.103999999999999995",NA,NA,"","3","Enrichr--Queries(rank=146); ARCHS4--Coexpression(rank=335); GTEx--Coexpression(rank=449)","424","0.103999999999999995","Enrichr Queries,0.104"
"DEG_LD_SW480","425","NFIC","0.104400000000000007","ReMap ChIP-seq,0.1044","ANKRD33B,PLEK,CBLC,PLAT,CX3CL1,LASP1,ALCAM,DUSP10,NFKBIZ,TBC1D10C,AP1S1,CLBA1,UPP1,TNS4,BAHCC1,CFAP45,PLEKHG4,ANXA1,F2R,KCNK15,AFAP1,TMC6,HSPG2,TM4SF1,SYTL3,ACTA2,FSCN2,PRTFDC1,TEDC1,SELPLG,EPAS1,ITPR1,NEDD9,LTBP2,KRT86,DEPP1,NT5E,ATXN1,PDGFC,ZBED2,SFN,TRDC,TSPAN1,MACC1,KRT13,NR1D1,DCBLD2,PDP1,SLC6A6,FAM167A,CDK6,TNFSF4,ALB,ASB4,TGFBI,ASB2","chea3","425","0.104400000000000007",NA,NA,"","5","ENCODE--ChIP-seq(rank=19); ReMap--ChIP-seq(rank=31); GTEx--Coexpression(rank=677); ARCHS4--Coexpression(rank=870); Enrichr--Queries(rank=883)","425","0.104400000000000007","ReMap ChIP-seq,0.1044"
"DEG_LD_SW480","426","TBX4","0.104700000000000001","Enrichr Queries,0.1047","SPON1,DLX3,DLX4,TSHZ3,EPAS1,SHOX2,HOXD13,HOXD11,EFNA5,HOXD10,LOXL2,SOX2,EGFLAM,HEY1,SIX2,TFAP2A,NGFR,EGR3,PRRX1,BCL11B,BCL11A,IRX3,EBF3,NPNT,SORCS2,SERPINB8,PGF,TGFBR3,COL2A1,LHX2,KIF26B,KCNMA1,CDH13,TGFBI,ATF3","chea3","426","0.104700000000000001",NA,NA,"","3","Enrichr--Queries(rank=147); GTEx--Coexpression(rank=201); ARCHS4--Coexpression(rank=852)","426","0.104700000000000001","Enrichr Queries,0.1047"
"DEG_LD_SW480","427","KLF9","0.104999999999999996","ARCHS4 Coexpression,0.105","RYR1,CADPS2,ECM2,CEBPD,MAOB,EPAS1,TNNC1,DAB2IP,FAIM2,FBXO32,SPTB,PTPRB,MRAS,ABLIM3,SH3PXD2A,DAAM2,SSPN,PDK4,CORO6,PMP22,TCAP,KCTD12,RBM24","chea3","427","0.104999999999999996",NA,NA,"","4","ReMap--ChIP-seq(rank=32); ARCHS4--Coexpression(rank=171); Enrichr--Queries(rank=312); GTEx--Coexpression(rank=484)","427","0.104999999999999996","ARCHS4 Coexpression,0.105"
"DEG_LD_SW480","428","SALL4","0.105200000000000002","GTEx Coexpression,0.1052","ZNF512B,PARM1,CRYGN,PRKX,WDR72,LRP2,NPNT,TMEM243,MC1R,TG,ZMAT1,KATNAL2,ZNF737,UST,ZBED2,CLBA1,FSCN2,PLA2R1,SLC26A4,ZNF114,ZNF486,CTSB","chea3","428","0.105200000000000002",NA,NA,"","4","Literature--ChIP-seq(rank=96); GTEx--Coexpression(rank=169); Enrichr--Queries(rank=503); ARCHS4--Coexpression(rank=1197)","428","0.105200000000000002","GTEx Coexpression,0.1052"
"DEG_LD_SW480","429","MEIS1","0.105399999999999994","Enrichr Queries,0.1054","BNC2,TSHZ3,EPAS1,NEDD9,RORA,EFNA5,RND3,SOX2,ALCAM,DACH1,HEY1,FLRT3,PDGFC,IGFBP7,NCAM1,CADPS2,EGLN3,ANXA1,PRRX1,AUTS2,BCL11A,MITF,EBF3,IGF1,SERPINB8,GNG11,ACTA2,TGFBR3,DAB2,CDK6,COL5A2,SELENOP,CDH11,TGFBI,ATF3","chea3","429","0.105399999999999994",NA,NA,"","5","Literature--ChIP-seq(rank=37); ReMap--ChIP-seq(rank=138); Enrichr--Queries(rank=148); ARCHS4--Coexpression(rank=370); GTEx--Coexpression(rank=620)","429","0.105399999999999994","Enrichr Queries,0.1054"
"DEG_LD_SW480","430","IRF9","0.105800000000000005","GTEx Coexpression,0.1058","CD74,IFITM1,APOBEC3G,GMFG,PLEK,TMC8,SECTM1,ARPC4,TMC6,BTN3A2,BATF,ARHGAP45,ISG20,ACAP1,OAS1,FES,GRAP2,TBC1D10C,LGALS9,SLC15A3,PLCB2,SLC12A9","chea3","430","0.105800000000000005",NA,NA,"","4","ReMap--ChIP-seq(rank=54); GTEx--Coexpression(rank=170); ARCHS4--Coexpression(rank=217); Enrichr--Queries(rank=384)","430","0.105800000000000005","GTEx Coexpression,0.1058"
"DEG_LD_SW480","431","DMRTB1","0.106100000000000000","Enrichr Queries,0.1061","KCNG1,RYR2,RORA,KLHDC7A,EFNA5,CACNA1E,ELAVL2,LOXL2,SOX2,JPH3,DACH1,GNG4,ABCA1,NGFR,CADPS2,EGLN3,BCL11B,GREB1,ECEL1,CADPS,NAV1,EBF3,SORCS2,SERPINB8,PGF,OLFM1,ALDH1A3,COL2A1,LHX2,KIF26B,KCNMA1,CNTN1,COL6A3,PRKCQ,ATF3","chea3","431","0.106100000000000000",NA,NA,"","3","Enrichr--Queries(rank=149); ARCHS4--Coexpression(rank=1137); GTEx--Coexpression(rank=1351)","431","0.106100000000000000","Enrichr Queries,0.1061"
"DEG_LD_SW480","432","THRB","0.106800000000000006","Enrichr Queries,0.1068","PARM1,ATP8A1,EPAS1,ITPR1,RORA,TMTC1,EFNA5,GNAI1,THSD4,ATXN1,ALCAM,PDK4,SPOCK1,DMD,ABCA1,CADPS2,EGLN3,EGR3,SYT1,VDR,RAB27B,MITF,IGF1,FBXO32,SERPINB8,TGFBR3,CDK6,NBEA,RCAN2,KCNMA1,SELENOP,CDH13,PPARG,ATF3,MATN2","chea3","432","0.106800000000000006",NA,NA,"","3","Enrichr--Queries(rank=150); GTEx--Coexpression(rank=339); ARCHS4--Coexpression(rank=373)","432","0.106800000000000006","Enrichr Queries,0.1068"
"DEG_LD_SW480","433","ZNF74","0.106999999999999998","GTEx Coexpression,0.107","WDR17,NYAP1,RTN1,UNC13A,UNC5A,PSPN,STXBP1,TTC7B,CRMP1,SYP,MAPK8IP2,AP3B2,GDAP1,BEGAIN,SHE,NBEA,GNG4,SLC22A17,KCNQ2,APBB1,BSN,APBA2","chea3","433","0.106999999999999998",NA,NA,"","3","GTEx--Coexpression(rank=172); ARCHS4--Coexpression(rank=496); Enrichr--Queries(rank=1120)","433","0.106999999999999998","GTEx Coexpression,0.107"
"DEG_LD_SW480","434","NR4A2","0.107700000000000004","GTEx Coexpression,0.1077","KIRREL3,BEX4,NYAP1,ACSL6,DCLK2,GRIK4,FAIM2,ZDHHC22,MAPK8IP2,HPCAL4,CPLX1,GDAP1,SOX2,RIMS4,JPH3,PTPRZ1,KIF5C,KCNQ2,PHACTR3,ALDOC,APBA2,BEND6","chea3","434","0.107700000000000004",NA,NA,"","4","Literature--ChIP-seq(rank=130); GTEx--Coexpression(rank=173); ARCHS4--Coexpression(rank=252); Enrichr--Queries(rank=422)","434","0.107700000000000004","GTEx Coexpression,0.1077"
"DEG_LD_SW480","435","TCF4","0.108100000000000002","ARCHS4 Coexpression,0.1081","RTN1,AUTS2,BCL11A,NTM,HUNK,DCLK2,CRMP1,NAV1,AKAP6,SLAIN1,GDAP1,QKI,TIAM2,KCNV1,PTPRB,PTPRZ1,NBEA,FEZ1,CFAP69,PHACTR3,NCAM1,FGF13,MARK1","chea3","435","0.108100000000000002",NA,NA,"","5","Literature--ChIP-seq(rank=30); ReMap--ChIP-seq(rank=46); ARCHS4--Coexpression(rank=176); GTEx--Coexpression(rank=393); Enrichr--Queries(rank=565)","435","0.108100000000000002","ARCHS4 Coexpression,0.1081"
"DEG_LD_SW480","436","ZNF366","0.108299999999999993","Enrichr Queries,0.1083","PARM1,CD82,EPAS1,PLEK,TSHZ2,DYSF,F13A1,NEDD9,DEPP1,RASGRP3,SHE,NT5E,RASSF2,HEY1,PDK4,PTGDS,ABCA1,CSGALNACT1,AFAP1L1,VWF,STARD8,PDE2A,IGF1,RNASE1,SERPINB8,ACTA2,TGFBR3,PTPRB,DAB2,KCNMA1,SELENOP,PPARG,KCTD12,TGFBI,TLR4","chea3","436","0.108299999999999993",NA,NA,"","3","Enrichr--Queries(rank=152); GTEx--Coexpression(rank=198); ARCHS4--Coexpression(rank=1021)","436","0.108299999999999993","Enrichr Queries,0.1083"
"DEG_LD_SW480","437","SIX6","0.108299999999999993","GTEx Coexpression,0.1083","WDR17,CDRT4,SEC13,UNC13A,GSTO2,TMEM63C,CRMP1,BAIAP3,NAT16,TGFBR3L,SLC4A8,GAL,ZMAT1,VGF,MDK,SLC22A17,NAALAD2,ZP1,NLRP1,DZIP3,CHGB,BET1","chea3","437","0.108299999999999993",NA,NA,"","3","GTEx--Coexpression(rank=174); ARCHS4--Coexpression(rank=659); Enrichr--Queries(rank=823)","437","0.108299999999999993","GTEx Coexpression,0.1083"
"DEG_LD_SW480","438","SATB2","0.108700000000000005","ARCHS4 Coexpression,0.1087","UNC13A,NTM,KIAA1549L,SLAIN1,AK5,SOBP,CACNA1E,TANC2,AFF2,TIAM2,KCNV1,PCLO,NBEA,CAMKV,GPA33,ADAM23,RNF182,PHACTR3,NCAM1,SCN3B,FGF13,BEND6,MARK1","chea3","438","0.108700000000000005",NA,NA,"","3","ARCHS4--Coexpression(rank=177); Enrichr--Queries(rank=196); GTEx--Coexpression(rank=483)","438","0.108700000000000005","ARCHS4 Coexpression,0.1087"
"DEG_LD_SW480","439","ZNF667","0.108899999999999997","GTEx Coexpression,0.1089","BEX4,WDR17,CDRT4,NYAP1,UNC13A,TMEM63C,CADPS,CRMP1,AP3B2,GDAP1,BAIAP3,NAT16,SLC4A8,RIMS4,GNG4,SLC22A17,NAALAD2,NLRP1,SCN3B,DZIP3,CHGB,BEX5","chea3","439","0.108899999999999997",NA,NA,"","3","GTEx--Coexpression(rank=175); Enrichr--Queries(rank=188); ARCHS4--Coexpression(rank=548)","439","0.108899999999999997","GTEx Coexpression,0.1089"
"DEG_LD_SW480","440","HOXB3","0.109000000000000000","Enrichr Queries,0.109","BNC2,TSHZ3,EPAS1,SHOX2,NEDD9,RORA,HOXD10,THSD4,LOXL2,LFNG,HEY1,NCAM1,ABCA1,TFAP2A,EDN1,EGR3,PRRX1,BCL11B,BCL11A,IRX3,EBF3,DKK1,SERPINB8,PGF,ACTA2,TGFBR3,ALDH1A3,CDK6,KIF26B,COL5A2,CDH11,COL6A3,PPARG,TGFBI,ATF3","chea3","440","0.109000000000000000",NA,NA,"","3","Enrichr--Queries(rank=153); GTEx--Coexpression(rank=793); ARCHS4--Coexpression(rank=938)","440","0.109000000000000000","Enrichr Queries,0.109"
"DEG_LD_SW480","441","ZBTB8B","0.109500000000000000","GTEx Coexpression,0.1095","BEX4,WDR17,NYAP1,CADPS,DCLK2,GRIK4,CRMP1,FAIM2,ZDHHC22,MAPK8IP2,AP3B2,GDAP1,SYT17,SOX2,JPH3,PTPRZ1,KIF5C,GNG4,SLC22A17,CNTN1,PHACTR3,BEX5","chea3","441","0.109500000000000000",NA,NA,"","2","GTEx--Coexpression(rank=176); ARCHS4--Coexpression(rank=481)","441","0.109500000000000000","GTEx Coexpression,0.1095"
"DEG_LD_SW480","442","JUN","0.110200000000000006","ENCODE ChIP-seq,0.1102","SHC4,IL24,PRR5L,STON2,SLC7A2,CHCHD4,TMEM43,SALL4,SFN,PLEK2,PLEKHG4,ANXA1,MRPS24,HMGCS1,GREB1,NR1D1,ARHGAP45,ISG20,RAB30,SLPI,EEF1A2,TRIP6,PNPLA3,CORO6,TLN2,ATF3","chea3","442","0.110200000000000006",NA,NA,"","6","ENCODE--ChIP-seq(rank=13); Literature--ChIP-seq(rank=60); ReMap--ChIP-seq(rank=80); GTEx--Coexpression(rank=438); ARCHS4--Coexpression(rank=468); Enrichr--Queries(rank=654)","442","0.110200000000000006","ENCODE ChIP-seq,0.1102"
"DEG_LD_SW480","443","ZFP37","0.110399999999999998","Enrichr Queries,0.1104","PRUNE2,RORA,RND3,GNAI1,LOXL2,ALCAM,HEY1,GPNMB,KIF5C,FLRT3,PDGFC,GRB10,PDK4,NCAM1,ABCA1,ARRDC4,CADPS2,EGLN3,EDN1,BCL11A,F2R,ASNS,NAV1,IGF1,EML1,SERPINB8,GNG11,PGF,OLFM1,TIAM1,NBEA,KCNMA1,CDH11,KCTD12,ATF3","chea3","443","0.110399999999999998",NA,NA,"","3","Enrichr--Queries(rank=155); ARCHS4--Coexpression(rank=756); GTEx--Coexpression(rank=1071)","443","0.110399999999999998","Enrichr Queries,0.1104"
"DEG_LD_SW480","444","MYOD1","0.111100000000000004","ReMap ChIP-seq,0.1111","CBLC,ARRB1,PLAT,HOXC11,LFNG,SIX2,TBC1D10C,CLBA1,PTGDS,BAHCC1,LZTS1,RPS6KL1,CCDC116,TTC7B,ENTPD8,EBF3,HSPG2,PGF,TEX19,ARHGAP45,RFX8,MXRA8,COL8A2,CHI3L1,FSCN2,S100A3,ZNF556,AGXT,TEDC1,WDR25,SELPLG,TSHZ3,SLC43A1,CRYBA2,FURIN,LTBP2,KRT86,DEPP1,LMF1,ADAMTS14,CALHM1,PDGFC,ST3GAL5,CKB,SH2B2,BTBD16,MYBPH,ASPSCR1,NR1D1,FBXO32,SBK3,MLPH,PSMG3,NOTUM,TGFBI,TRMT61A","chea3","444","0.111100000000000004",NA,NA,"","5","ENCODE--ChIP-seq(rank=20); ReMap--ChIP-seq(rank=33); ARCHS4--Coexpression(rank=288); Enrichr--Queries(rank=828); GTEx--Coexpression(rank=1055)","444","0.111100000000000004","ReMap ChIP-seq,0.1111"
"DEG_LD_SW480","445","ZEB2","0.111799999999999997","Enrichr Queries,0.1118","IFITM3,DOCK4,EPAS1,ITGB2,PLEK,ITPR1,NEDD9,RORA,RND3,ATXN1,RASSF2,ALCAM,GPNMB,IGFBP7,NCAM1,CTSB,ABCA1,CD74,ANXA1,PRRX1,BCL11A,NAV1,MITF,IGF1,SERPINB8,ACTA2,TGFBR3,DAB2,CDK6,COL5A2,CDH11,COL6A3,KCTD12,TGFBI,ATF3","chea3","445","0.111799999999999997",NA,NA,"","4","ReMap--ChIP-seq(rank=93); Enrichr--Queries(rank=157); ARCHS4--Coexpression(rank=387); GTEx--Coexpression(rank=442)","445","0.111799999999999997","Enrichr Queries,0.1118"
"DEG_LD_SW480","446","BCL11A","0.112000000000000002","GTEx Coexpression,0.112","TFAP2A,ZNF273,DLX3,BCL11B,CBLC,RAB27B,LYPD5,CLDN1,NKPD1,SERPINB5,KLK7,XKRX,TP53AIP1,VANGL2,PERP,KRT14,PSMG3,AP1S1,SPTSSB,EXPH5,TMEM45A,NECTIN1","chea3","446","0.112000000000000002",NA,NA,"","5","ENCODE--ChIP-seq(rank=50); GTEx--Coexpression(rank=180); ReMap--ChIP-seq(rank=218); ARCHS4--Coexpression(rank=482); Enrichr--Queries(rank=566)","446","0.112000000000000002","GTEx Coexpression,0.112"
"DEG_LD_SW480","447","ZNF214","0.112500000000000003","Enrichr Queries,0.1125","ATP8A1,BNC2,CEBPD,ITPR1,RORA,PLAT,LRP2,THSD4,CLGN,PCLO,SERTAD4,DACH1,FLRT3,CFAP69,NAALAD2,NCAM1,LZTS1,ABCA1,ARRDC4,CADPS2,ADGRV1,SYT1,F2R,PTPN13,SORCS2,SERPINB8,PGF,TGFBR3,PTPRB,COL2A1,NBEA,KIF26B,KCNMA1,SELENOP,ZNF711","chea3","447","0.112500000000000003",NA,NA,"","3","Enrichr--Queries(rank=158); GTEx--Coexpression(rank=245); ARCHS4--Coexpression(rank=600)","447","0.112500000000000003","Enrichr Queries,0.1125"
"DEG_LD_SW480","448","ETV6","0.113000000000000003","ARCHS4 Coexpression,0.113","CD74,KCNE3,GMFG,PTAFR,PLEK,TMC8,ARPC4,ARRB1,STON2,MED12L,ABO,SPN,LYL1,SH3BGRL,CDK6,MYO15B,FES,CAT,LPCAT2,CASP4,NFKBIZ,LGALS9,PLCB2","chea3","448","0.113000000000000003",NA,NA,"","4","ReMap--ChIP-seq(rank=103); ARCHS4--Coexpression(rank=184); GTEx--Coexpression(rank=889); Enrichr--Queries(rank=953)","448","0.113000000000000003","ARCHS4 Coexpression,0.113"
"DEG_LD_SW480","449","CXXC5","0.113299999999999998","GTEx Coexpression,0.1133","IGSF8,RPS6KL1,CARMIL3,STXBP1,NTM,DAB2IP,ADAM11,NMNAT2,MAPK8IP2,AP3B2,BEGAIN,XKR7,TIAM1,MMP24,PCLO,MCF2L,FAT2,APBB1,BSN,APBA2,BEND6,TMEM229B","chea3","449","0.113299999999999998",NA,NA,"","2","GTEx--Coexpression(rank=182); ARCHS4--Coexpression(rank=229)","449","0.113299999999999998","GTEx Coexpression,0.1133"
"DEG_LD_SW480","450","NFE2L2","0.113600000000000007","ARCHS4 Coexpression,0.1136","ANXA1,AUTS2,EPAS1,CRMP1,SERPINB8,NKAIN1,IL1A,DAB2,ALCAM,NR4A3,GPNMB,NPC2,KIF5C,IL1B,PERP,NAMPT,SELENOP,NFKBIZ,NCAM1,SLC15A3,RAB7B,ATF3,CTSB","chea3","450","0.113600000000000007",NA,NA,"","5","Literature--ChIP-seq(rank=32); ARCHS4--Coexpression(rank=185); ReMap--ChIP-seq(rank=235); GTEx--Coexpression(rank=539); Enrichr--Queries(rank=837)","450","0.113600000000000007","ARCHS4 Coexpression,0.1136"
"DEG_LD_SW480","451","HOXD10","0.114000000000000004","Enrichr Queries,0.114","EPAS1,SHOX2,RORA,PLAT,HOXD13,HOXD11,HOXC11,LOXL2,SOX2,SIX2,NCAM1,TFAP2A,CADPS2,EDN1,ANXA1,PRRX1,BCL11A,MITF,EBF3,IGF1,NPNT,DKK1,SERPINB8,PGF,ACTA2,TGFBR3,ALDH1A3,COL2A1,LHX2,COL5A2,CDH11,COL6A3,PPARG,TGFBI,ATF3","chea3","451","0.114000000000000004",NA,NA,"","3","Enrichr--Queries(rank=160); GTEx--Coexpression(rank=331); ARCHS4--Coexpression(rank=672)","451","0.114000000000000004","Enrichr Queries,0.114"
"DEG_LD_SW480","452","GATA1","0.114300000000000013","ARCHS4 Coexpression,0.1143","MPP1,ALAS2,TMEM40,F13A1,RAB27B,SPTB,GNG11,ABO,FRMD3,SPN,LYL1,ADAMTS14,TFR2,GRAP2,CAT,LEPR,TRIM58,PRAME,LY6G6D,OR2B6,SLC38A5,RHCE,MFAP3L","chea3","452","0.114300000000000013",NA,NA,"","6","ENCODE--ChIP-seq(rank=23); Literature--ChIP-seq(rank=29); ReMap--ChIP-seq(rank=184); ARCHS4--Coexpression(rank=186); GTEx--Coexpression(rank=558); Enrichr--Queries(rank=817)","452","0.114300000000000013","ARCHS4 Coexpression,0.1143"
"DEG_LD_SW480","453","PLAG1","0.114500000000000005","GTEx Coexpression,0.1145","NGFR,CLEC11A,PLOD3,TET1,PCOLCE,XPC,NCMAP,DKK1,BICC1,DCBLD2,ZMAT1,SH3PXD2A,MDK,OLFML3,MPZ,DSE,CDH11,MXRA8,PMP22,COL6A3,KANK4,VGLL3","chea3","453","0.114500000000000005",NA,NA,"","3","GTEx--Coexpression(rank=184); Enrichr--Queries(rank=440); ARCHS4--Coexpression(rank=1191)","453","0.114500000000000005","GTEx Coexpression,0.1145"
"DEG_LD_SW480","454","NR2E3","0.114699999999999996","Enrichr Queries,0.1147","CEBPD,EPAS1,NTM,RORA,THSD4,ELAVL2,LOXL2,SOX2,NT5E,DACH1,HEY1,CDH23,CRYM,TFAP2A,CADPS2,EGLN3,EDN1,ADGRV1,TLE1,AUTS2,BCL11B,VDR,BCL11A,IRX3,ESRRB,MITF,SORCS2,SERPINB8,NR4A3,LHX2,KIF26B,KCNMA1,PPARG,TGFBI,ATF3","chea3","454","0.114699999999999996",NA,NA,"","2","Enrichr--Queries(rank=161); ARCHS4--Coexpression(rank=1042)","454","0.114699999999999996","Enrichr Queries,0.1147"
"DEG_LD_SW480","455","IRF1","0.114900000000000002","ARCHS4 Coexpression,0.1149","SELPLG,KCNE3,PTAFR,ITGB2,DYSF,TMC8,SECTM1,TMC6,NOD2,ARHGAP45,LFNG,ACAP1,RASSF2,CD7,NAMPT,CASP4,TBC1D10C,LGALS9,NLRP1,CYTIP,PLCB2,TLR4,SLC12A9","chea3","455","0.114900000000000002",NA,NA,"","6","Literature--ChIP-seq(rank=94); ENCODE--ChIP-seq(rank=102); ReMap--ChIP-seq(rank=127); ARCHS4--Coexpression(rank=187); GTEx--Coexpression(rank=629); Enrichr--Queries(rank=685)","455","0.114900000000000002","ARCHS4 Coexpression,0.1149"
"DEG_LD_SW480","456","ZNF440","0.115099999999999994","GTEx Coexpression,0.1151","TFAP2A,RNF43,ZNF273,CBLC,RORA,RAB27B,CLDN1,SERPINB8,NKPD1,SERPINB5,KLK7,XKRX,TP53AIP1,GPRIN2,VANGL2,SPTLC3,PERP,SPTSSB,TNS4,EXPH5,TMEM45A,NECTIN1","chea3","456","0.115099999999999994",NA,NA,"","3","GTEx--Coexpression(rank=185); ARCHS4--Coexpression(rank=707); Enrichr--Queries(rank=971)","456","0.115099999999999994","GTEx Coexpression,0.1151"
"DEG_LD_SW480","457","ZNF502","0.115400000000000003","Enrichr Queries,0.1154","EPAS1,PELI2,NEDD9,XYLT1,RORA,RND3,NT5E,HYAL1,SLC16A9,ZNF501,ZNF486,ABCA1,CSGALNACT1,ARRDC4,CADPS2,EDN1,EGR3,ANXA1,AUTS2,BCL11A,MOCOS,ASNS,SERPINB8,GNG11,SYTL2,TGFBR3,OLFM1,ZNF93,IL1B,CNTN1,ZNF239,ZNF711,ALDOC,KCTD12,ATF3","chea3","457","0.115400000000000003",NA,NA,"","3","Enrichr--Queries(rank=162); GTEx--Coexpression(rank=680); ARCHS4--Coexpression(rank=1321)","457","0.115400000000000003","Enrichr Queries,0.1154"
"DEG_LD_SW480","458","KLF7","0.116099999999999995","ARCHS4 Coexpression,0.1161","RTN1,AUTS2,BCL11A,DCLK2,CRMP1,AFAP1,NAV1,EBF3,AKAP6,NMNAT2,GDAP1,TANC2,ELAVL2,NKAIN1,SLCO3A1,PNMA1,NBEA,KIF5C,SESTD1,FEZ1,GPC2,NCAM1,FGF13","chea3","458","0.116099999999999995",NA,NA,"","3","ARCHS4--Coexpression(rank=189); GTEx--Coexpression(rank=441); Enrichr--Queries(rank=773)","458","0.116099999999999995","ARCHS4 Coexpression,0.1161"
"DEG_LD_SW480","459","ZNF503","0.116099999999999995","Enrichr Queries,0.1161","IFITM3,CD82,CEBPD,EPAS1,NEDD9,RND3,HEY1,MDK,FLRT3,OLFML3,PDGFC,NFKBIZ,IGFBP7,CKB,CTSB,ABCA1,ANXA1,HMGCS1,IRX3,FBXO32,DKK1,SERPINB8,GNG11,TM4SF1,PGF,ACTA2,CDK6,FASN,COL5A2,SELENOP,CDH11,CNTN1,KCTD12,TGFBI,ATF3","chea3","459","0.116099999999999995",NA,NA,"","3","Enrichr--Queries(rank=163); GTEx--Coexpression(rank=596); ARCHS4--Coexpression(rank=847)","459","0.116099999999999995","Enrichr Queries,0.1161"
"DEG_LD_SW480","460","HOXC10","0.116800000000000001","Enrichr Queries,0.1168","EPAS1,SHOX2,HOXD13,HOXD11,HOXC11,HOXD10,LOXL2,SOX2,HEY1,GPNMB,SIX2,PDK4,TFAP2A,EDN1,EGR3,ANXA1,PRRX1,VDR,IRX3,DKK1,SERPINB8,ACTA2,TGFBR3,ALDH1A3,COL2A1,LHX2,KIF26B,EEF1A2,COL5A2,CNTN1,COL6A3,PPARG,TGFBI,ATF3,VGLL3","chea3","460","0.116800000000000001",NA,NA,"","3","Enrichr--Queries(rank=164); ARCHS4--Coexpression(rank=454); GTEx--Coexpression(rank=1166)","460","0.116800000000000001","Enrichr Queries,0.1168"
"DEG_LD_SW480","461","TCF23","0.117000000000000007","GTEx Coexpression,0.117","KCNG1,BNC2,MAOB,TSHZ3,WFS1,GREB1,HUNK,MRGPRF,MITF,HOXD11,MEIS3,HOXD10,ACTA2,AR,CAPN6,MDK,OLFML3,PDGFC,KCNMA1,EPHB4,MATN2","chea3","461","0.117000000000000007",NA,NA,"","3","GTEx--Coexpression(rank=188); ARCHS4--Coexpression(rank=676); Enrichr--Queries(rank=755)","461","0.117000000000000007","GTEx Coexpression,0.117"
"DEG_LD_SW480","462","MAFA","0.117499999999999993","Enrichr Queries,0.1175","DLX3,CEBPD,LRRC10B,EPAS1,LOXL2,LFNG,HEY1,GNG4,SIX2,CKB,RHBDL3,ABCA1,TFAP2A,MYH7B,NGFR,CADPS2,EGLN3,EGR3,BCL11B,IRX3,EBF3,FBXO32,SORCS2,SERPINB8,KLF15,TGFBR3,COL2A1,NR4A3,VGF,KIF26A,LHX2,KCNMA1,EEF1A2,NOTUM,ATF3","chea3","462","0.117499999999999993",NA,NA,"","3","Enrichr--Queries(rank=165); ARCHS4--Coexpression(rank=332); GTEx--Coexpression(rank=1145)","462","0.117499999999999993","Enrichr Queries,0.1175"
"DEG_LD_SW480","463","FOXC1","0.117599999999999996","GTEx Coexpression,0.1176","OCA2,SLC22A3,ECM2,PRRX2,KCNK15,TNFRSF11B,LTBP2,MYO1D,ACTA2,SH3BGRL,CYP4X1,SESTD1,RCAN2,PDGFC,COL8A2,CDH13,ROR1,IGFBP7,SUSD5,SMIM10,HDX","chea3","463","0.117599999999999996",NA,NA,"","3","GTEx--Coexpression(rank=189); Enrichr--Queries(rank=262); ARCHS4--Coexpression(rank=742)","463","0.117599999999999996","GTEx Coexpression,0.1176"
"DEG_LD_SW480","464","NR5A2","0.117800000000000002","ReMap ChIP-seq,0.1178","TMEM151A,ZNF331,VIPR1,POP7,IL24,ARRB1,KIF12,FAIM2,GALNT10,HERC5,HEY1,SALL4,BAHCC1,CA13,RNF43,TSC22D4,UNC5A,KCND3,TTC7B,KCNK15,SORCS2,TMEM150C,AP3B2,TM4SF1,TANC2,LEMD1,FLG2,GPRIN2,ASPG,ORAI2,CPB2,NYAP1,LSMEM1,STXBP1,ODC1,KRT86,THSD4,PNMA1,SH3TC1,SFN,SPTSSB,ACSS1,TSPAN1,TFAP2A,SIVA1,VDR,BATF,SLC6A6,FASN,KCNS3,CD7,TRIP6,RSPH14,FAT2,SLC26A9","chea3","464","0.117800000000000002",NA,NA,"","4","ReMap--ChIP-seq(rank=35); GTEx--Coexpression(rank=791); Enrichr--Queries(rank=832); ARCHS4--Coexpression(rank=995)","464","0.117800000000000002","ReMap ChIP-seq,0.1178"
"DEG_LD_SW480","465","MSANTD4","0.117900000000000005","ARCHS4 Coexpression,0.1179","BEX4,ERO1B,NLGN1,RTN1,GMFG,CRMP1,MSMO1,NAV1,TMC6,GDAP1,GNAI1,FAM167A,PNMA1,NBEA,SLC22A17,FEZ1,RCAN2,CNTN1,NCAM1,APBB1,VAT1L,CHGB,MARK1","chea3","465","0.117900000000000005",NA,NA,"","2","ARCHS4--Coexpression(rank=192); GTEx--Coexpression(rank=1016)","465","0.117900000000000005","ARCHS4 Coexpression,0.1179"
"DEG_LD_SW480","466","CEBPD","0.118599999999999997","ARCHS4 Coexpression,0.1186","IFITM3,CD74,TSC22D4,KCNE3,PTAFR,ITGB2,DYSF,SECTM1,TREM2,NOD2,ARHGAP45,NPC2,SH3TC1,FES,GNB2,NAMPT,OLR1,LGALS9,SLC15A3,PLCB2,TLR4,ATF3,SLC12A9","chea3","466","0.118599999999999997",NA,NA,"","5","Literature--ChIP-seq(rank=66); ENCODE--ChIP-seq(rank=96); ARCHS4--Coexpression(rank=193); ReMap--ChIP-seq(rank=282); GTEx--Coexpression(rank=883)","466","0.118599999999999997","ARCHS4 Coexpression,0.1186"
"DEG_LD_SW480","467","VAX1","0.118900000000000006","GTEx Coexpression,0.1189","KIRREL3,BEX4,TSC22D4,PHLPP1,KCNJ10,LRRC10B,PON2,DCLK2,GRIK4,STON2,CACNA1E,CSAG1,RLBP1,LMF1,SOX2,RIMS4,PTPRZ1,CAMKV,LHX2,CNMD,CACNG4","chea3","467","0.118900000000000006",NA,NA,"","3","GTEx--Coexpression(rank=191); Enrichr--Queries(rank=636); ARCHS4--Coexpression(rank=848)","467","0.118900000000000006","GTEx Coexpression,0.1189"
"DEG_LD_SW480","468","DMRT2","0.118900000000000006","Enrichr Queries,0.1189","CPM,SLC22A3,CEBPD,EPAS1,SHOX2,RND3,HOXD10,LOXL2,SOX2,PTPRZ1,PDK4,TFAP2A,CADPS2,EGR3,ANXA1,PRRX1,BCL11B,BCL11A,IRX3,EBF3,IGF1,NMNAT2,SERPINB8,TGFBR3,ALDH1A3,NR4A3,LHX2,KIF26B,CDH11,PPARG,TGFBI,FGF13,ATF3,MATN2,VGLL3","chea3","468","0.118900000000000006",NA,NA,"","3","Enrichr--Queries(rank=167); GTEx--Coexpression(rank=603); ARCHS4--Coexpression(rank=727)","468","0.118900000000000006","Enrichr Queries,0.1189"
"DEG_LD_SW480","469","TBX20","0.119800000000000004","ARCHS4 Coexpression,0.1198","MYH7B,RYR2,TNNC1,NAV1,AKAP6,QKI,MRAS,SH3PXD2A,PPP1R3B,KIF26A,MYL2,KIF26B,GJA5,ADAM23,RBPMS2,CORO6,DMD,SLIT3,ANKRD63,TLN2,ASB2,RBM24","chea3","469","0.119800000000000004",NA,NA,"","3","Enrichr--Queries(rank=186); ARCHS4--Coexpression(rank=195); GTEx--Coexpression(rank=423)","469","0.119800000000000004","ARCHS4 Coexpression,0.1198"
"DEG_LD_SW480","470","BHLHA9","0.120099999999999998","GTEx Coexpression,0.1201","COL26A1,NYAP1,RTN1,UNC5A,SYT1,GABRA3,KIAA1549L,FAIM2,SYP,AK5,ZDHHC22,HPCAL4,CPLX1,ELAVL2,OLFM1,KCNV1,CALHM1,JPH3,SCN3B,APBA2,BEX5","chea3","470","0.120099999999999998",NA,NA,"","2","GTEx--Coexpression(rank=193); ARCHS4--Coexpression(rank=1081)","470","0.120099999999999998","GTEx Coexpression,0.1201"
"DEG_LD_SW480","471","TFAP2D","0.120700000000000002","GTEx Coexpression,0.1207","TTC7B,AK5,MAPK8IP2,MEIS3,HPCAL4,SYT17,OLFM1,KCNV1,JPH3,PTPRZ1,KIF5C,GNG4,LHX2,PPP4R4,KCNQ2,PHACTR3,NPTXR,SCN3B,FGF13,LZTS1,BEX5","chea3","471","0.120700000000000002",NA,NA,"","3","GTEx--Coexpression(rank=194); Enrichr--Queries(rank=876); ARCHS4--Coexpression(rank=1485)","471","0.120700000000000002","GTEx Coexpression,0.1207"
"DEG_LD_SW480","472","SOX6","0.121100000000000013","Enrichr Queries,0.1211","NLGN1,ATP8A1,BNC2,EPAS1,NTM,TSHZ2,XYLT1,RORA,AKAP6,EFNA5,THSD4,SOX2,ATXN1,ALCAM,DACH1,PTPRZ1,PDGFC,GRB10,DMD,NCAM1,ABCA1,CADPS2,EGLN3,AUTS2,SYT1,BCL11A,MITF,SERPINB8,TGFBR3,CDK6,NBEA,KIF26B,KCNMA1,CDH13,TGFBI","chea3","472","0.121100000000000013",NA,NA,"","4","ReMap--ChIP-seq(rank=169); Enrichr--Queries(rank=170); ARCHS4--Coexpression(rank=552); GTEx--Coexpression(rank=1028)","472","0.121100000000000013","Enrichr Queries,0.1211"
"DEG_LD_SW480","473","THAP1","0.121200000000000002","ReMap ChIP-seq,0.1212","ZNF512B,TMEM151A,ACHE,POP7,MOGAT3,ITGB2,PLOD3,UFSP1,NAT16,LFNG,LYL1,DBP,MDK,TBC1D10C,AP1S1,FBXO6,PTGDS,BAHCC1,EPHB4,SLC12A9,HES7,TLE2,CCDC116,SLC30A2,TNFRSF18,TMC8,ENTPD8,PCOLCE,TMC6,PALD1,ARHGAP45,MBLAC1,VGF,CLDN15,EEF1A2,MXRA8,FSCN2,CCDC187,LMF1,TGFBR3L,PRAME,SH2B2,POLN,ASPSCR1,PRSS33,BAIAP3,MC1R,FASN,GNB2,CD7,TRIP6,PSMG3,YPEL1,RSPH14,NOTUM","chea3","473","0.121200000000000002",NA,NA,"","5","ReMap--ChIP-seq(rank=36); ENCODE--ChIP-seq(rank=115); ARCHS4--Coexpression(rank=1133); GTEx--Coexpression(rank=1254); Enrichr--Queries(rank=1269)","473","0.121200000000000002","ReMap ChIP-seq,0.1212"
"DEG_LD_SW480","474","SIX1","0.121800000000000005","Enrichr Queries,0.1218","IFITM3,IFITM1,CEBPD,EPAS1,SHOX2,RND3,LOXL2,SOX2,HEY1,OLFML3,SIX2,PDK4,IGFBP7,CKB,TFAP2A,EDN1,ANXA1,PRRX1,IRX3,EBF3,FBXO32,DKK1,SERPINB8,PGF,ACTA2,TGFBR3,DAB2,COL5A2,CDH11,CNTN1,COL6A3,PPARG,KCTD12,TGFBI,ATF3","chea3","474","0.121800000000000005",NA,NA,"","3","Enrichr--Queries(rank=171); ARCHS4--Coexpression(rank=296); GTEx--Coexpression(rank=1175)","474","0.121800000000000005","Enrichr Queries,0.1218"
"DEG_LD_SW480","475","FOXA2","0.121999999999999997","Literature ChIP-seq,0.122","CPNE8,POP7,MAML2,MRGPRF,XYLT1,CBLC,RORA,PLAT,IL1RAP,GXYLT2,ATP12A,CLDN1,GALNT10,LOXL2,RIMS4,ALCAM,LEPR,PDK4,SLC16A9,KRTAP3-1,BAHCC1,EPHB4,CSGALNACT1,RNF43,TLE1,ANKRD44,UBE2E1,ACSL6,AFAP1,ACSL5,EBF3,NPNT,HSPG2,DKK1,TM4SF1,SYTL3,PGF,DKK3,FRMD3,TPST1,RAB30,DAAM2,KATNAL2,SELENOP,CMPK2,TLN2,KANK4,SLC22A3,CPB2,CEMIP,KCNE3,TSHZ2,ITPR1,FBLN1,AK5,CACNA1E,C2,ATXN1,PDGFC,CDH23,IGFBP7,RHBDL3,ZC3H14,EXPH5,ABCA1,MYH7B,RABGAP1L,CARMIL3,AUTS2,SYT1,BCL11A,BTBD16,GREB1,ASPSCR1,CHCHD10,NR1D1,ISG20,PPFIBP2,CDK6,CPS1,NBEA,SESTD1,FASN,UST,COL5A2,TBCE,TGFBI,ULBP2,CDK15,RERE,TENM1,DOCK4,BNC2,SLC44A2,LRRC3,ARRB1,SOBP,NKPD1,ACOXL,LASP1,MMP24,DUSP10,SH3PXD2A,CRTAC1,SPTLC3,PHACTR3,CA8,FEZF1,CTSB,HS3ST3B1,EDARADD,TIGD2,EDN1,ADGRV1,GSTO2,KCND3,HUNK,TET1,BTN3A2,SLC7A7,MRAS,CLDN15,KRT39,KCNMA1,IL1RAPL1,ARHGEF3,PPARG,CHST3,PON2,ODC1,PELI2,PTAFR,SLC43A1,CRYBA2,ASAP3,NEDD9,FURIN,AKAP6,NOD2,FSTL4,GNAI1,CYGB,THSD4,LMF1,BICRA,GNA13,GNG4,SH3TC1,PERP,SLIT3,CRYM,ACSS1,CACNG4,VAT1L,POLN,MACC1,PTPN13,DHRS2,BICC1,XG,MYO1D,MLPH","chea3","475","0.121999999999999997",NA,NA,"","6","Literature--ChIP-seq(rank=20); ENCODE--ChIP-seq(rank=33); ReMap--ChIP-seq(rank=119); ARCHS4--Coexpression(rank=334); Enrichr--Queries(rank=748); GTEx--Coexpression(rank=1143)","475","0.121999999999999997","Literature ChIP-seq,0.122"
"DEG_LD_SW480","476","MAX","0.122200000000000003","ARCHS4 Coexpression,0.1222","MPP1,RNF43,RABGAP1L,SLC44A2,LSMEM1,MEPCE,TMEM40,F13A1,ARRB1,RAB27B,GNG11,ARHGAP45,FRMD3,LYL1,SH3BGRL,DAB2,ABLIM3,TNFSF4,GRAP2,TRIM58,LY6G6D,MFAP3L","chea3","476","0.122200000000000003",NA,NA,"","5","ENCODE--ChIP-seq(rank=53); ReMap--ChIP-seq(rank=101); ARCHS4--Coexpression(rank=199); GTEx--Coexpression(rank=635); Enrichr--Queries(rank=1302)","476","0.122200000000000003","ARCHS4 Coexpression,0.1222"
"DEG_LD_SW480","477","DBX1","0.122600000000000001","GTEx Coexpression,0.1226","POMT2,CDRT4,TMEM63C,MSI1,ACTL8,TEX19,BAIAP3,STK31,ZCWPW1,SLC4A8,SAMD15,MC1R,GAL,NAALAD2,PRAME,CLBA1,ZP1,MAGEC2,MAGEB6,ZC3H14,DZIP3","chea3","477","0.122600000000000001",NA,NA,"","3","GTEx--Coexpression(rank=197); Enrichr--Queries(rank=276); ARCHS4--Coexpression(rank=349)","477","0.122600000000000001","GTEx Coexpression,0.1226"
"DEG_LD_SW480","478","NKX25","0.123500000000000013","ARCHS4 Coexpression,0.1235","ZNF512B,MYH7B,RYR2,RASL10B,TNNC1,IRX3,ADAM11,CHCHD10,HOXD13,KIF26A,MYL2,WNK2,KIF26B,EEF1A2,TRIP6,RBPMS2,CORO6,TCAP,ANKRD63,ASB2,RBM24,PRR22","chea3","478","0.123500000000000013",NA,NA,"","2","ARCHS4--Coexpression(rank=201); GTEx--Coexpression(rank=917)","478","0.123500000000000013","ARCHS4 Coexpression,0.1235"
"DEG_LD_SW480","479","SIX3","0.123799999999999993","GTEx Coexpression,0.1238","KIRREL3,BEX4,WDR17,LRRC10B,PCP4L1,DCLK2,GRIK4,CACNA1E,NAT16,LMF1,SOX2,RIMS4,PDE10A,CAMKV,GNG4,SLC22A17,AP1S1,ANKRD63,CRYM,CNMD,CACNG4","chea3","479","0.123799999999999993",NA,NA,"","3","GTEx--Coexpression(rank=199); Enrichr--Queries(rank=234); ARCHS4--Coexpression(rank=1492)","479","0.123799999999999993","GTEx Coexpression,0.1238"
"DEG_LD_SW480","480","CREB3L2","0.124100000000000002","ARCHS4 Coexpression,0.1241","ERO1B,COL27A1,PRRX1,EPAS1,WFS1,PLOD3,PCOLCE,LTBP2,SLC7A2,GALNT10,LOXL2,MYO1D,LASP1,DAB2,FAM167A,SH3PXD2A,MXRA8,COL6A3,ZNF469,ANKRD52,GABRE,CHGB","chea3","480","0.124100000000000002",NA,NA,"","3","ARCHS4--Coexpression(rank=202); GTEx--Coexpression(rank=318); Enrichr--Queries(rank=703)","480","0.124100000000000002","ARCHS4 Coexpression,0.1241"
"DEG_LD_SW480","481","NANOG","0.124600000000000002","ReMap ChIP-seq,0.1246","ACHE,RYR2,FZD10,UFSP1,ELAVL2,NAT16,SOX2,LYL1,DBP,MDK,SALL4,AP1S1,FBXO6,BAHCC1,FEZF1,NKX3-2,HES7,HS3ST3B1,TLE1,SOX14,TET1,PCOLCE,EBF3,LEMD1,ARHGAP45,VGF,PPP1R3B,ROR1,FSCN2,TSHZ3,NXPH4,CCM2L,CRYBA2,CRMP1,HOXD13,HOXD11,HOXD10,CNN3,BICRA,TGFBR3L,CACNG8,TFAP2A,AUTS2,BCL11B,BCL11A,CRYGN,CDK6,KIF26A,LHX2,TRIP6,SSPN,CORO6,TCAP,MKX,NOTUM","chea3","481","0.124600000000000002",NA,NA,"","6","ReMap--ChIP-seq(rank=37); Literature--ChIP-seq(rank=40); ENCODE--ChIP-seq(rank=46); ARCHS4--Coexpression(rank=714); Enrichr--Queries(rank=903); GTEx--Coexpression(rank=922)","481","0.124600000000000002","ReMap ChIP-seq,0.1246"
"DEG_LD_SW480","482","ZNF501","0.124600000000000002","Enrichr Queries,0.1246","RYR2,ZNF273,NEDD9,IL1RAP,CLDN1,CLGN,HERC5,HYAL1,KIF5C,FLRT3,ZNF107,ZNF502,SLC16A9,ZNF486,ZNF442,ARRDC4,CADPS2,ZNF681,ZNF680,EGR3,ANXA1,AUTS2,ASNS,SERPINB8,OLFM1,ZNF92,ZNF93,OAS1,RCAN2,ZNF737,ZNF239,TRIM58,ZNF117,ZNF610,ATF3","chea3","482","0.124600000000000002",NA,NA,"","3","Enrichr--Queries(rank=175); ARCHS4--Coexpression(rank=530); GTEx--Coexpression(rank=1040)","482","0.124600000000000002","Enrichr Queries,0.1246"
"DEG_LD_SW480","483","MITF","0.125299999999999995","ARCHS4 Coexpression,0.1253","TFAP2A,MPP1,OCA2,BNC2,LSMEM1,F13A1,PLOD3,FMN1,GNG11,CYGB,FRMD3,DAB2,MLPH,GPNMB,CTSK,GRAP2,TDRD12,PMP22,BCAP29,LZTS1,CTSB,MFAP3L","chea3","483","0.125299999999999995",NA,NA,"","5","Literature--ChIP-seq(rank=23); ReMap--ChIP-seq(rank=116); ARCHS4--Coexpression(rank=204); Enrichr--Queries(rank=547); GTEx--Coexpression(rank=886)","483","0.125299999999999995","ARCHS4 Coexpression,0.1253"
"DEG_LD_SW480","484","HSF4","0.125400000000000011","Enrichr Queries,0.1254","IFITM3,CD82,CEBPD,EPAS1,RORA,LTBP2,LOXL2,LFNG,GPNMB,MDK,HYAL1,MCF2L,PDK4,UPP1,CKB,PTGDS,ABCA1,CD74,EGLN3,TLE2,EGR3,PCOLCE,NR1D1,FBXO32,HSPG2,SERPINB8,BAIAP3,ISG20,NR4A3,MYO15B,PPARG,ALDOC,TGFBI,GPRC5C,ATF3","chea3","484","0.125400000000000011",NA,NA,"","3","Enrichr--Queries(rank=176); ARCHS4--Coexpression(rank=608); GTEx--Coexpression(rank=1272)","484","0.125400000000000011","Enrichr Queries,0.1254"
"DEG_LD_SW480","485","ZBTB33","0.125700000000000006","GTEx Coexpression,0.1257","TFAP2A,ZNF681,CD82,BCL11B,BCL11A,MACC1,RORA,RAB27B,CLDN1,HSPG2,SERPINB5,KLK7,VANGL2,PERP,PSMG3,SPTSSB,SMIM10,EXPH5,ARL8B,TMEM45A,NECTIN1","chea3","485","0.125700000000000006",NA,NA,"","5","ENCODE--ChIP-seq(rank=91); GTEx--Coexpression(rank=202); ReMap--ChIP-seq(rank=285); Enrichr--Queries(rank=1355); ARCHS4--Coexpression(rank=1616)","485","0.125700000000000006","GTEx Coexpression,0.1257"
"DEG_LD_SW480","486","HES6","0.125900000000000012","ARCHS4 Coexpression,0.1259","CNTFR,CHRNB4,AUTS2,HUNK,DCLK2,CRMP1,ILDR2,KLHDC8B,SORCS2,LEMD1,SOX2,DACH1,LHX2,SLC22A17,FEZ1,TRPV4,GPC2,CKB,RHBDL3,SLC16A2,APBA2,ADAMTS7","chea3","486","0.125900000000000012",NA,NA,"","3","ARCHS4--Coexpression(rank=205); GTEx--Coexpression(rank=294); Enrichr--Queries(rank=1057)","486","0.125900000000000012","ARCHS4 Coexpression,0.1259"
"DEG_LD_SW480","487","ZNF681","0.126099999999999990","Enrichr Queries,0.1261","ZNF331,RYR2,ZNF273,ATP8A1,RORA,SLAIN1,SLC5A3,DACH1,KIF5C,GNG4,ZNF429,ZNF107,EXPH5,ZNF486,ARRDC4,CADPS2,ZNF680,ADGRV1,AUTS2,SYT1,BCL11A,TET1,NPNT,SERPINB8,SLC16A14,SYTL2,ZNF92,CDK6,ZNF93,NBEA,ZNF737,SELENOP,ZNF711,ZNF117,ZNF610","chea3","487","0.126099999999999990",NA,NA,"","3","Enrichr--Queries(rank=177); ARCHS4--Coexpression(rank=864); GTEx--Coexpression(rank=1327)","487","0.126099999999999990","Enrichr Queries,0.1261"
"DEG_LD_SW480","488","TFEC","0.126299999999999996","GTEx Coexpression,0.1263","CD74,GMFG,ITGB2,TMC8,TMC6,BTN3A2,ARHGAP45,CD4,SLC7A7,FCGR2A,NPC2,SH3TC1,FES,CASP4,CASS4,OLR1,SLC15A3,PLCB2,TLR4,PAG1,HAVCR2","chea3","488","0.126299999999999996",NA,NA,"","3","GTEx--Coexpression(rank=203); ARCHS4--Coexpression(rank=259); Enrichr--Queries(rank=429)","488","0.126299999999999996","GTEx Coexpression,0.1263"
"DEG_LD_SW480","489","SKOR2","0.126500000000000001","ARCHS4 Coexpression,0.1265","ZNF512B,CNTFR,NYAP1,AUTS2,DAB2IP,CRMP1,HOXD13,EBF3,MAPK8IP2,KLF15,MAPK8IP1,NKAIN1,RIMS4,KIF26A,FASN,SIX2,GPC2,ALDOC,NCAM1,CA8,TRMT61A,EPHB4","chea3","489","0.126500000000000001",NA,NA,"","2","ARCHS4--Coexpression(rank=206); GTEx--Coexpression(rank=561)","489","0.126500000000000001","ARCHS4 Coexpression,0.1265"
"DEG_LD_SW480","490","TEAD4","0.127099999999999991","ENCODE ChIP-seq,0.1271","HES7,SALL4,MACC1,ITGB2,GREB1,AFAP1,KRTAP3-1,LMCD1,BATF","chea3","490","0.127099999999999991",NA,NA,"","6","ENCODE--ChIP-seq(rank=15); Literature--ChIP-seq(rank=21); ReMap--ChIP-seq(rank=151); GTEx--Coexpression(rank=869); Enrichr--Queries(rank=969); ARCHS4--Coexpression(rank=1308)","490","0.127099999999999991","ENCODE ChIP-seq,0.1271"
"DEG_LD_SW480","491","ZNF429","0.127500000000000002","Enrichr Queries,0.1275","ZNF331,SLC46A3,ZNF273,ATP8A1,PRUNE2,TSHZ2,PDE3B,RORA,FMN1,ALCAM,ZMAT1,KIF5C,PDK4,ZNF107,GPR155,ZNF486,MAP2K6,ABCA1,ARRDC4,CADPS2,ZNF681,ZNF680,BCL11A,TET1,SERPINB8,TGFBR3,ZNF92,SLCO3A1,ZNF93,NBEA,PPP1R3B,ZNF737,KCNMA1,ZNF117,ZNF610","chea3","491","0.127500000000000002",NA,NA,"","3","Enrichr--Queries(rank=179); ARCHS4--Coexpression(rank=717); GTEx--Coexpression(rank=961)","491","0.127500000000000002","Enrichr Queries,0.1275"
"DEG_LD_SW480","492","PRDM12","0.127599999999999991","GTEx Coexpression,0.1276","BEX4,NYAP1,RTN1,GABRA3,CADPS,KIAA1549L,CRMP1,FAIM2,SYP,ZDHHC22,MAPK8IP2,HPCAL4,AP3B2,GDAP1,JPH3,SLC22A17,KCNQ2,APBA2,VAT1L,BEND6,BEX5","chea3","492","0.127599999999999991",NA,NA,"","3","GTEx--Coexpression(rank=205); Enrichr--Queries(rank=293); ARCHS4--Coexpression(rank=449)","492","0.127599999999999991","GTEx Coexpression,0.1276"
"DEG_LD_SW480","493","ZNF792","0.127799999999999997","ARCHS4 Coexpression,0.1278","MPP1,RABGAP1L,MEPCE,TMC8,TMEM40,F13A1,ARRB1,RAB27B,GNG11,ARHGAP45,FRMD3,SPN,LYL1,SH3BGRL,METTL21C,TNFSF4,GRAP2,TRIM58,CYTIP,LY6G6D,OR2B6,MFAP3L","chea3","493","0.127799999999999997",NA,NA,"","3","ARCHS4--Coexpression(rank=208); Enrichr--Queries(rank=514); GTEx--Coexpression(rank=602)","493","0.127799999999999997","ARCHS4 Coexpression,0.1278"
"DEG_LD_SW480","494","IKZF1","0.127900000000000014","ReMap ChIP-seq,0.1279","RERE,IFITM3,RYR1,IFITM1,RTP3,MAML2,CBLC,ARRB1,STON2,HOXC11,SPN,LASP1,DBP,GRAP2,LEPR,BAHCC1,CFAP45,CTSB,HES7,RNF43,TSC22D4,SLC30A2,NAV1,MITF,HSPG2,SPOCD1,PPP1R3B,KRT36,COL8A2,S100A3,PRTFDC1,EPAS1,SLC43A3,NXPH4,CCM2L,ITPR1,FURIN,ADAMTS14,ST3GAL5,PLEK2,GABRE,LY6G6D,TSPAN1,MPP1,NAPSA,GSDMA,MACC1,KRT13,NR1D1,MYO1D,SBK3,CD4,TCAP,SLC26A4,SIGLEC6","chea3","494","0.127900000000000014",NA,NA,"","6","ReMap--ChIP-seq(rank=38); ENCODE--ChIP-seq(rank=45); Literature--ChIP-seq(rank=77); ARCHS4--Coexpression(rank=412); GTEx--Coexpression(rank=476); Enrichr--Queries(rank=910)","494","0.127900000000000014","ReMap ChIP-seq,0.1279"
"DEG_LD_SW480","495","FOXD4","0.128200000000000008","GTEx Coexpression,0.1282","CADPS2,TLE2,CARMIL3,PSPN,STXBP1,DAB2IP,ADAM11,NMNAT2,AP3B2,BEGAIN,XKR7,TIAM1,MMP24,PCLO,MCF2L,FAT2,SPOCK1,APBB1,BSN,BEND6,TMEM229B","chea3","495","0.128200000000000008",NA,NA,"","3","GTEx--Coexpression(rank=206); Enrichr--Queries(rank=595); ARCHS4--Coexpression(rank=1222)","495","0.128200000000000008","GTEx Coexpression,0.1282"
"DEG_LD_SW480","496","KLF5","0.128399999999999986","ARCHS4 Coexpression,0.1284","ANXA8L1,DAB2IP,USH1C,ENTPD8,CBLC,ACSL5,ATP12A,WFDC2,SERPINB5,MYO1D,ALDH1A3,SLPI,GPA33,XPNPEP2,PERP,PRR15,SFN,ANXA8,TNS4,TSPAN1,NECTIN1,MPZL2","chea3","496","0.128399999999999986",NA,NA,"","5","Literature--ChIP-seq(rank=107); ReMap--ChIP-seq(rank=175); ARCHS4--Coexpression(rank=209); GTEx--Coexpression(rank=354); Enrichr--Queries(rank=368)","496","0.128399999999999986","ARCHS4 Coexpression,0.1284"
"DEG_LD_SW480","497","GRHL2","0.128799999999999998","GTEx Coexpression,0.1288","TFAP2A,EDARADD,RNF43,IRX3,TMEM40,CBLC,RAB27B,CLDN1,NKPD1,SERPINB5,KLK7,TP53AIP1,VANGL2,SPTLC3,PERP,SFN,SPTSSB,TNS4,EXPH5,TMEM45A,NECTIN1","chea3","497","0.128799999999999998",NA,NA,"","5","Literature--ChIP-seq(rank=75); ReMap--ChIP-seq(rank=78); GTEx--Coexpression(rank=207); ARCHS4--Coexpression(rank=293); Enrichr--Queries(rank=665)","497","0.128799999999999998","GTEx Coexpression,0.1288"
"DEG_LD_SW480","498","RHOXF1","0.128899999999999987","Enrichr Queries,0.1289","SRPX,CEMIP,NLGN1,OXTR,MAOB,IFI6,RORA,GLDN,CLGN,CST1,CAPN6,LEPR,PDK4,PLAC1,DMD,PRAME,GABRE,CFAP45,EGR3,CADPS,NMNAT2,TGFBR3,ALDH1A3,LHX2,KIF26B,TNFSF4,EEF1A2,KRT14,SELENOP,CNTN1,SAA1,PPARG,FGF13,ATF3,MATN2","chea3","498","0.128899999999999987",NA,NA,"","3","Enrichr--Queries(rank=181); GTEx--Coexpression(rank=619); ARCHS4--Coexpression(rank=1224)","498","0.128899999999999987","Enrichr Queries,0.1289"
"DEG_LD_SW480","499","RFX4","0.129000000000000004","ARCHS4 Coexpression,0.129","CNTFR,SPON1,ADGRV1,PHLPP1,KCNJ10,AUTS2,HMGCS1,PON2,DCLK2,ILDR2,MSMO1,DTX4,QKI,CNN3,SOX2,IFT22,VANGL2,HEY1,PTPRZ1,FEZ1,NCAM1,CKB","chea3","499","0.129000000000000004",NA,NA,"","3","Enrichr--Queries(rank=200); ARCHS4--Coexpression(rank=210); GTEx--Coexpression(rank=1414)","499","0.129000000000000004","ARCHS4 Coexpression,0.129"
"DEG_LD_SW480","500","PIN1","0.129399999999999987","GTEx Coexpression,0.1294","BEX4,COL26A1,NYAP1,KIAA1549L,ACSL6,FAIM2,SYP,ZDHHC22,MAPK8IP2,HPCAL4,CPLX1,GDAP1,ELAVL2,OLFM1,RIMS4,JPH3,PNMA1,PPP4R4,KCNQ2,APBA2,BEX5","chea3","500","0.129399999999999987",NA,NA,"","2","GTEx--Coexpression(rank=208); ARCHS4--Coexpression(rank=567)","500","0.129399999999999987","GTEx Coexpression,0.1294"
"DEG_LD_SW480","501","SREBF2","0.130099999999999993","GTEx Coexpression,0.1301","RNF43,IGSF8,ZNF681,NYAP1,RTN1,UNC5A,STXBP1,NTM,KIAA1549L,FAIM2,SYP,MAPK8IP2,HPCAL4,AP3B2,FSTL4,BEGAIN,CALHM1,JPH3,KCNQ2,BSN,APBA2","chea3","501","0.130099999999999993",NA,NA,"","6","ENCODE--ChIP-seq(rank=55); Literature--ChIP-seq(rank=122); ReMap--ChIP-seq(rank=133); GTEx--Coexpression(rank=209); Enrichr--Queries(rank=1042); ARCHS4--Coexpression(rank=1490)","501","0.130099999999999993","GTEx Coexpression,0.1301"
"DEG_LD_SW480","502","GFI1","0.130200000000000010","ARCHS4 Coexpression,0.1302","GMFG,SH2D2A,MEPCE,ITGB2,CLEC11A,TMC8,TMC6,SYTL3,ARHGAP45,SPN,LYL1,ACAP1,MYO15B,FES,CAT,CD7,ORAI2,TBC1D10C,LGALS9,CYTIP,BAHCC1,PLCB2","chea3","502","0.130200000000000010",NA,NA,"","3","ARCHS4--Coexpression(rank=212); GTEx--Coexpression(rank=364); Enrichr--Queries(rank=631)","502","0.130200000000000010","ARCHS4 Coexpression,0.1302"
"DEG_LD_SW480","503","PDX1","0.130800000000000000","ARCHS4 Coexpression,0.1308","EDARADD,ERO1B,UNC13A,PARM1,EDN3,TMEM63C,WFS1,PRUNE2,CADPS,USH1C,KIF12,NR1D1,CLDN1,SLC7A2,MYO1D,FAM167A,GNG4,KCNMA1,RASSF6,CNTN1,NKX6-1,CHGB","chea3","503","0.130800000000000000",NA,NA,"","5","ReMap--ChIP-seq(rank=64); Literature--ChIP-seq(rank=145); ARCHS4--Coexpression(rank=213); Enrichr--Queries(rank=591); GTEx--Coexpression(rank=985)","503","0.130800000000000000","ARCHS4 Coexpression,0.1308"
"DEG_LD_SW480","504","THYN1","0.131300000000000000","GTEx Coexpression,0.1313","BEX4,WDR17,NYAP1,RTN1,TTC7B,DCLK2,CRMP1,FAIM2,SYP,SOBP,MAPK8IP2,AP3B2,GDAP1,RIMS4,PNMA1,NBEA,SLC22A17,KCNQ2,CKB,APBB1,BEX5","chea3","504","0.131300000000000000",NA,NA,"","2","GTEx--Coexpression(rank=211); ARCHS4--Coexpression(rank=1482)","504","0.131300000000000000","GTEx Coexpression,0.1313"
"DEG_LD_SW480","505","STAT1","0.131300000000000000","ReMap ChIP-seq,0.1313","IFITM3,IFITM1,CD82,ITGB2,PLEK,SECTM1,CBLC,ARRB1,LYL1,LASP1,RASSF2,ALCAM,DUSP10,DBP,NFKBIZ,TBC1D10C,BAHCC1,CFAP45,CTSB,HES7,PRKCG,ANXA1,TNFRSF18,TMC8,TMC6,ARHGAP45,SLC7A7,IL1B,CMPK2,S100A3,RAB7B,WDR25,SELPLG,PTGER2,ITPR1,IFI6,FURIN,NOD2,DTX4,DEPP1,ATXN1,NLRP3,SLC15A3,NAPSA,BCL11A,MACC1,NR1D1,QKI,ISG20,SLC6A6,PPFIBP2,NR4A3,FES,CD7,TGFBI","chea3","505","0.131300000000000000",NA,NA,"","6","ENCODE--ChIP-seq(rank=24); ReMap--ChIP-seq(rank=39); Literature--ChIP-seq(rank=140); Enrichr--Queries(rank=559); ARCHS4--Coexpression(rank=751); GTEx--Coexpression(rank=1416)","505","0.131300000000000000","ReMap ChIP-seq,0.1313"
"DEG_LD_SW480","506","ZNF133","0.131399999999999989","ARCHS4 Coexpression,0.1314","WDR17,NLGN1,CHRNB4,SLC30A2,GTF2IRD2,CRMP1,XYLT1,NAV1,GDAP1,SYT17,TIAM2,KCNV1,SLC6A6,LASP1,NBEA,FEZ1,ZNF429,METTL6,GTF2IRD2B,APBA2,ZNF486,ZNF442","chea3","506","0.131399999999999989",NA,NA,"","3","ARCHS4--Coexpression(rank=214); Enrichr--Queries(rank=895); GTEx--Coexpression(rank=1115)","506","0.131399999999999989","ARCHS4 Coexpression,0.1314"
"DEG_LD_SW480","507","ZIM2","0.131800000000000000","Enrichr Queries,0.1318","RYR1,RYR2,TENM1,NLGN1,TSHZ3,EPAS1,NTM,PRUNE2,RORA,TMTC1,MED12L,LOXL2,JPH3,PCLO,ABLIM3,MCF2L,DMD,NCAM1,CADPS2,ADGRV1,DNAH10,AUTS2,PDE2A,NMNAT2,SERPINB8,TGFBR3,OLFM1,TIAM1,NBEA,KIF26B,KCNMA1,KCNQ2,COL5A2,CNTN1,CDH13","chea3","507","0.131800000000000000",NA,NA,"","3","Enrichr--Queries(rank=185); ARCHS4--Coexpression(rank=1317); GTEx--Coexpression(rank=1435)","507","0.131800000000000000","Enrichr Queries,0.1318"
"DEG_LD_SW480","508","EPAS1","0.131899999999999989","GTEx Coexpression,0.1319","CPNE8,SFTPB,NAPSA,VIPR1,EDN1,DOCK4,AFAP1L1,VWF,STARD8,NEDD9,NPNT,GNG11,TM4SF1,SHROOM4,CX3CL1,PALD1,SLC6A4,SHE,PTPRB,OLR1,ADAMTS8","chea3","508","0.131899999999999989",NA,NA,"","4","ReMap--ChIP-seq(rank=56); Enrichr--Queries(rank=206); GTEx--Coexpression(rank=212); ARCHS4--Coexpression(rank=369)","508","0.131899999999999989","GTEx Coexpression,0.1319"
"DEG_LD_SW480","509","NANOGP8","0.132500000000000007","GTEx Coexpression,0.1325","GTF2IRD2,GMFG,ANKRD44,ITGB2,PLEK,ASAP3,TET1,BATF,ARHGAP45,ISG20,SLC7A7,ACAP1,SH3PXD2A,GATAD1,TBC1D10C,RUBCNL,ZNF502,CYTIP,GTF2IRD2B,ZNF311,HAVCR2","chea3","509","0.132500000000000007",NA,NA,"","2","GTEx--Coexpression(rank=213); ARCHS4--Coexpression(rank=1119)","509","0.132500000000000007","GTEx Coexpression,0.1325"
"DEG_LD_SW480","510","NR0B1","0.132700000000000012","ARCHS4 Coexpression,0.1327","EDARADD,ERO1B,PARM1,EDN3,GDA,WFS1,AKR1C1,TMEM176B,CADPS,USH1C,CRYBA2,PDX1,SLC7A2,BAIAP3,NAT16,FAM167A,GNG4,KCNMA1,CNTN1,PDK4,NKX6-1,CHGB","chea3","510","0.132700000000000012",NA,NA,"","4","Literature--ChIP-seq(rank=43); Enrichr--Queries(rank=191); ARCHS4--Coexpression(rank=216); GTEx--Coexpression(rank=724)","510","0.132700000000000012","ARCHS4 Coexpression,0.1327"
"DEG_LD_SW480","511","HOXD11","0.133200000000000013","Enrichr Queries,0.1332","HS3ST3A1,DLX4,SHOX2,RORA,HOXD13,HOXC11,HOXD10,ELAVL2,LOXL2,SOX2,SIX2,TFAP2A,CADPS2,EGR3,PRRX1,BCL11A,IRX3,PRRX2,MOCOS,EBF3,NPNT,DKK1,SERPINB8,PGF,ACTA2,ALDH1A3,COL2A1,NR4A3,LHX2,CDH11,COL6A3,PPARG,TGFBI,ATF3","chea3","511","0.133200000000000013",NA,NA,"","3","Enrichr--Queries(rank=187); GTEx--Coexpression(rank=429); ARCHS4--Coexpression(rank=447)","511","0.133200000000000013","Enrichr Queries,0.1332"
"DEG_LD_SW480","512","RUNX3","0.134399999999999992","GTEx Coexpression,0.1344","APOBEC3G,ANKRD44,SH2D2A,IL24,PLEK,TMC8,TMC6,BTN3A2,SYTL3,BATF,ARHGAP45,SPN,ISG20,ACAP1,GRAP2,CD7,TBC1D10C,RUBCNL,CYTIP,PLCB2,HAVCR2","chea3","512","0.134399999999999992",NA,NA,"","5","ENCODE--ChIP-seq(rank=113); ReMap--ChIP-seq(rank=145); GTEx--Coexpression(rank=216); ARCHS4--Coexpression(rank=591); Enrichr--Queries(rank=816)","512","0.134399999999999992","GTEx Coexpression,0.1344"
"DEG_LD_SW480","513","HAND1","0.134500000000000008","ARCHS4 Coexpression,0.1345","COL26A1,HS3ST3A1,DLX3,AADAT,EPAS1,DBH,CYGB,PGF,GAL,EGFLAM,MDK,KIF26A,KIF26B,CDH11,MXRA8,RBPMS2,KLRG2,ROR1,SLIT3,TLN2,KANK4,NKX3-2","chea3","513","0.134500000000000008",NA,NA,"","3","Enrichr--Queries(rank=192); ARCHS4--Coexpression(rank=219); GTEx--Coexpression(rank=399)","513","0.134500000000000008","ARCHS4 Coexpression,0.1345"
"DEG_LD_SW480","514","ZNF721","0.135000000000000009","GTEx Coexpression,0.135","WDR17,RTN1,STXBP1,NTM,ADAM11,NMNAT2,MAPK8IP2,AP3B2,GDAP1,BEGAIN,TIAM1,MMP24,PCLO,KIF5C,MCF2L,KCNQ2,CNTN1,APBB1,BSN,APBA2,BEND6","chea3","514","0.135000000000000009",NA,NA,"","3","GTEx--Coexpression(rank=217); Enrichr--Queries(rank=1239); ARCHS4--Coexpression(rank=1422)","514","0.135000000000000009","GTEx Coexpression,0.135"
"DEG_LD_SW480","515","ETV3L","0.135099999999999998","ARCHS4 Coexpression,0.1351","KIRREL3,PHLPP1,ANKRD33B,SLC43A3,FRMPD1,PLEK,PDE2A,SYP,CACNA1E,SERPINB8,BATF,SPOCD1,ISG20,IL1A,KIAA1614,IL1B,CMPK2,UPP1,TLN2,SLC15A3,ARL8B,MATN2","chea3","515","0.135099999999999998",NA,NA,"","3","ARCHS4--Coexpression(rank=220); Enrichr--Queries(rank=260); GTEx--Coexpression(rank=1158)","515","0.135099999999999998","ARCHS4 Coexpression,0.1351"
"DEG_LD_SW480","516","HOXD1","0.135300000000000004","Enrichr Queries,0.1353","CPM,CEBPD,EPAS1,HOXD13,HOXD11,HOXD10,LOXL2,LFNG,SOX2,SERTAD4,DACH1,SIX2,SPOCK1,TFAP2A,EGLN3,EDN1,PRRX1,IRX3,MOCOS,RNASE1,DKK1,SERPINB8,PGF,ACTA2,ALDH1A3,COL2A1,LHX2,KCNMA1,COL5A2,CDH11,PPARG,TGFBI,ATF3,KANK4","chea3","516","0.135300000000000004",NA,NA,"","3","Enrichr--Queries(rank=190); GTEx--Coexpression(rank=340); ARCHS4--Coexpression(rank=1131)","516","0.135300000000000004","Enrichr Queries,0.1353"
"DEG_LD_SW480","517","ZNF521","0.136399999999999993","ARCHS4 Coexpression,0.1364","BEX4,CNTFR,AUTS2,DCLK2,CRMP1,ILDR2,ARPC4,KLHDC8B,EFNA5,SORCS2,QKI,SOX2,VANGL2,DACH1,KIF5C,FEZ1,GPC2,NCAM1,SLC16A2,FEZF1,VAT1L,ADAMTS7","chea3","517","0.136399999999999993",NA,NA,"","3","ARCHS4--Coexpression(rank=222); Enrichr--Queries(rank=282); GTEx--Coexpression(rank=409)","517","0.136399999999999993","ARCHS4 Coexpression,0.1364"
"DEG_LD_SW480","518","FOXD2","0.136899999999999994","GTEx Coexpression,0.1369","SHC4,NGFR,SLC22A3,TLE1,SHOX2,HSPG2,NCMAP,MYO1D,ADAMTS14,GJC3,SH3PXD2A,GPA33,MPZ,MXRA8,COL8A2,PMP22,PRR15,DMD,GAL3ST2,TSPAN1,KANK4","chea3","518","0.136899999999999994",NA,NA,"","3","GTEx--Coexpression(rank=220); Enrichr--Queries(rank=517); ARCHS4--Coexpression(rank=1223)","518","0.136899999999999994","GTEx Coexpression,0.1369"
"DEG_LD_SW480","519","SETBP1","0.137600000000000000","ARCHS4 Coexpression,0.1376","RERE,CNTFR,RTN1,AUTS2,HMGCS1,BCL11A,DCLK2,CRMP1,ARPC4,HOXD13,AKAP6,GDAP1,QKI,ELAVL2,AFF2,TIAM2,DACH1,NBEA,FEZ1,NCAM1,CKB,MARK1","chea3","519","0.137600000000000000",NA,NA,"","3","ARCHS4--Coexpression(rank=224); Enrichr--Queries(rank=425); GTEx--Coexpression(rank=666)","519","0.137600000000000000","ARCHS4 Coexpression,0.1376"
"DEG_LD_SW480","520","EVX1","0.138100000000000001","GTEx Coexpression,0.1381","ZNF331,RNF43,PLAT,HOXD13,KLK3,KLHDC8B,FBLN1,HOXD11,HOXD10,DHRS2,AR,ALDH1A3,MLPH,ASB4,PLEK2,SLC16A9,GABRE,STEAP2,EPHB4,MATN2","chea3","520","0.138100000000000001",NA,NA,"","3","GTEx--Coexpression(rank=222); Enrichr--Queries(rank=633); ARCHS4--Coexpression(rank=1457)","520","0.138100000000000001","GTEx Coexpression,0.1381"
"DEG_LD_SW480","521","ONECUT1","0.138199999999999990","ARCHS4 Coexpression,0.1382","CPB2,RPS6KL1,NXPH4,TTC7B,CRMP1,WDR72,CLDN1,LEMD1,C2,PKHD1,GJB1,TFR2,HYAL1,KIF5C,PPP1R1C,TTPA,ALB,GPC2,NCAM1,AGXT,VAT1L,GALNT8","chea3","521","0.138199999999999990",NA,NA,"","4","ReMap--ChIP-seq(rank=60); ARCHS4--Coexpression(rank=225); Enrichr--Queries(rank=602); GTEx--Coexpression(rank=632)","521","0.138199999999999990","ARCHS4 Coexpression,0.1382"
"DEG_LD_SW480","522","MESP1","0.138899999999999996","Enrichr Queries,0.1389","SPON1,IFITM1,CEBPD,EPAS1,WFDC2,LOXL2,LFNG,HEY1,MDK,PDK4,SPOCK1,IGFBP7,CKB,CADPS2,EDN1,EGR3,IRX3,DKK1,SERPINB8,KLF15,PGF,ACTA2,OLFM1,ALDH1A3,GAL,MLPH,ACOX2,VGF,FASN,EEF1A2,PPARG,TGFBI,GPRC5C,ATF3","chea3","522","0.138899999999999996",NA,NA,"","3","Enrichr--Queries(rank=195); GTEx--Coexpression(rank=744); ARCHS4--Coexpression(rank=990)","522","0.138899999999999996","Enrichr Queries,0.1389"
"DEG_LD_SW480","523","MSX1","0.140000000000000013","GTEx Coexpression,0.14","GGT5,SRPX,CPNE8,AFAP1L1,PRRX1,MAML2,SHOX2,PLOD3,PCOLCE,NAV1,EBF3,GNG11,CYGB,NT5E,DSE,MXRA8,MMP19,PPARG,SLIT3,TIMP4","chea3","523","0.140000000000000013",NA,NA,"","3","Enrichr--Queries(rank=212); GTEx--Coexpression(rank=225); ARCHS4--Coexpression(rank=1548)","523","0.140000000000000013","GTEx Coexpression,0.14"
"DEG_LD_SW480","524","ZBTB14","0.140000000000000013","ARCHS4 Coexpression,0.14","RABGAP1L,EIF4E3,BCL11B,LSMEM1,MEPCE,TMC8,TMEM40,F13A1,RAB27B,GNG11,ARHGAP45,FRMD3,GNA13,SH3BGRL,TNFSF4,GRAP2,TBC1D10C,TRIM58,PRKCQ,LY6G6D,MFAP3L","chea3","524","0.140000000000000013",NA,NA,"","2","ARCHS4--Coexpression(rank=228); GTEx--Coexpression(rank=964)","524","0.140000000000000013","ARCHS4 Coexpression,0.14"
"DEG_LD_SW480","525","LHX2","0.140300000000000008","Enrichr Queries,0.1403","RTN1,EPAS1,SHOX2,RORA,RND3,LOXL2,SOX2,ALCAM,HEY1,PTPRZ1,KIF5C,FLRT3,CKB,ABCA1,TFAP2A,CADPS2,EGLN3,EDN1,EGR3,BCL11B,BCL11A,EBF3,NMNAT2,SORCS2,SERPINB8,TGFBR3,OLFM1,ALDH1A3,NR4A3,VGF,KIF26B,SELENOP,CNTN1,ATF3","chea3","525","0.140300000000000008",NA,NA,"","4","ReMap--ChIP-seq(rank=179); Enrichr--Queries(rank=197); GTEx--Coexpression(rank=265); ARCHS4--Coexpression(rank=322)","525","0.140300000000000008","Enrichr Queries,0.1403"
"DEG_LD_SW480","526","ZNF229","0.141300000000000009","ARCHS4 Coexpression,0.1413","SHC4,PCP4L1,GMFG,ITGB2,DCLK2,CRMP1,AFAP1,TMC6,ACTL8,AP3B2,GDAP1,ARHGAP45,PTPRZ1,PNMA1,NBEA,SESTD1,FEZ1,ZSCAN21,TBC1D10C,SLC16A9,LGALS9","chea3","526","0.141300000000000009",NA,NA,"","2","ARCHS4--Coexpression(rank=230); Enrichr--Queries(rank=480)","526","0.141300000000000009","ARCHS4 Coexpression,0.1413"
"DEG_LD_SW480","527","RBSN","0.141899999999999998","GTEx Coexpression,0.1419","KIRREL3,BEX4,NLGN1,KCNJ10,NTM,TTC7B,DCLK2,LDLRAD4,SOBP,GDAP1,PTPRZ1,KIF5C,DAAM2,FEZ1,CNTN1,PHACTR3,NCAM1,ZNF853,APBB1,BEND6","chea3","527","0.141899999999999998",NA,NA,"","2","GTEx--Coexpression(rank=228); ARCHS4--Coexpression(rank=300)","527","0.141899999999999998","GTEx Coexpression,0.1419"
"DEG_LD_SW480","528","NKX26","0.142499999999999988","ARCHS4 Coexpression,0.1425","RYR2,TNNC1,IRX3,PRRX2,MRGPRF,PCOLCE,LTBP2,LOXL2,DKK3,NT5E,COL2A1,SH3PXD2A,KIF26B,MXRA8,CORO6,COL6A3,SLIT3,ANKRD63,TGFBI,ASB2,RBM24","chea3","528","0.142499999999999988",NA,NA,"","2","ARCHS4--Coexpression(rank=232); GTEx--Coexpression(rank=600)","528","0.142499999999999988","ARCHS4 Coexpression,0.1425"
"DEG_LD_SW480","529","ZGLP1","0.143100000000000005","ARCHS4 Coexpression,0.1431","MPP1,RNF43,RABGAP1L,LSMEM1,MEPCE,TMEM40,F13A1,RAB27B,GNG11,MED12L,FRMD3,SPOCD1,SH3BGRL,ABLIM3,TNFSF4,GRAP2,RSPH14,TRIM58,LY6G6D,OR2B6,MFAP3L","chea3","529","0.143100000000000005",NA,NA,"","2","ARCHS4--Coexpression(rank=233); GTEx--Coexpression(rank=362)","529","0.143100000000000005","ARCHS4 Coexpression,0.1431"
"DEG_LD_SW480","530","ZBED3","0.143699999999999994","GTEx Coexpression,0.1437","GGT5,SRPX,CPM,PARM1,VWF,PDE3B,MGST1,EBF3,IGF1,TGFBR3,SESTD1,FASN,CAT,ACOT2,PPARG,TLN2,GYG2,ACOT4,TIMP4,VTI1B","chea3","530","0.143699999999999994",NA,NA,"","3","GTEx--Coexpression(rank=231); Enrichr--Queries(rank=843); ARCHS4--Coexpression(rank=1039)","530","0.143699999999999994","GTEx Coexpression,0.1437"
"DEG_LD_SW480","531","HOXC9","0.143900000000000000","Enrichr Queries,0.1439","TSHZ3,SHOX2,PLAT,HOXD11,HOXC11,HOXD10,LOXL2,SOX2,SERTAD4,HEY1,TFAP2A,EDN1,PRRX1,VDR,IRX3,F2R,EBF3,SORCS2,DKK1,SERPINB8,ACTA2,TGFBR3,ALDH1A3,DAB2,COL2A1,LHX2,KIF26B,COL5A2,CDH11,CNTN1,COL6A3,PPARG,TGFBI,ATF3","chea3","531","0.143900000000000000",NA,NA,"","4","Literature--ChIP-seq(rank=154); Enrichr--Queries(rank=202); ARCHS4--Coexpression(rank=568); GTEx--Coexpression(rank=1255)","531","0.143900000000000000","Enrichr Queries,0.1439"
"DEG_LD_SW480","532","ZNF112","0.144300000000000012","ARCHS4 Coexpression,0.1443","BEX4,B3GALNT1,RTN1,TSHZ3,CRMP1,MSMO1,TMC6,GDAP1,SLC16A14,ELAVL2,ARHGAP45,TIAM2,PNMA1,NBEA,FEZ1,CNTN1,ZNF502,SLC16A9,ZNF610,FGF13,DZIP3","chea3","532","0.144300000000000012",NA,NA,"","2","ARCHS4--Coexpression(rank=235); GTEx--Coexpression(rank=500)","532","0.144300000000000012","ARCHS4 Coexpression,0.1443"
"DEG_LD_SW480","533","TBX10","0.144600000000000006","Enrichr Queries,0.1446","KCNG1,CNTFR,DLX3,PARM1,NXPH4,PRUNE2,WFDC2,LOXL2,LFNG,NKAIN1,MDK,HYAL1,TBC1D10C,SLC16A9,ADAMTS7,MYH7B,NGFR,NAPSA,VDR,BCL11A,MOCOS,IGF1,HSPG2,DKK1,SERPINB8,DHRS2,ACTA2,GAL,COL2A1,ACOX2,VGF,FASN,NOTUM,ATF3","chea3","533","0.144600000000000006",NA,NA,"","3","Enrichr--Queries(rank=203); ARCHS4--Coexpression(rank=389); GTEx--Coexpression(rank=524)","533","0.144600000000000006","Enrichr Queries,0.1446"
"DEG_LD_SW480","534","KLF10","0.144999999999999990","ARCHS4 Coexpression,0.145","ERO1B,CD74,EGR3,CEBPD,TMEM176B,CRYBA2,NEDD9,NR1D1,CLDN1,SERPINB8,TM4SF1,ARC,DUSP10,NR4A3,KIF5C,NFKBIZ,PDK4,NLRP3,PRSS2,ATF3,CHGB","chea3","534","0.144999999999999990",NA,NA,"","3","ARCHS4--Coexpression(rank=236); Enrichr--Queries(rank=807); GTEx--Coexpression(rank=1428)","534","0.144999999999999990","ARCHS4 Coexpression,0.145"
"DEG_LD_SW480","535","DBX2","0.144999999999999990","GTEx Coexpression,0.145","TMEM151A,BEX4,TSC22D4,PHLPP1,KCNJ10,PON2,DCLK2,GRIK4,STON2,ZDHHC22,CSAG1,QKI,SOX2,PTPRZ1,KIF5C,FEZ1,CNTN1,PHACTR3,ALDOC,PRTFDC1","chea3","535","0.144999999999999990",NA,NA,"","3","GTEx--Coexpression(rank=233); ARCHS4--Coexpression(rank=308); Enrichr--Queries(rank=468)","535","0.144999999999999990","GTEx Coexpression,0.145"
"DEG_LD_SW480","536","FOXF2","0.145300000000000012","Enrichr Queries,0.1453","BNC2,CEBPD,EPAS1,PLAT,FBLN1,RND3,LOXL2,SOX2,HEY1,GPNMB,IGFBP7,TFAP2A,EDN1,ANXA1,PRRX1,IRX3,EBF3,DKK1,SERPINB8,GNG11,TM4SF1,PGF,ACTA2,TGFBR3,ALDH1A3,DAB2,COL5A2,CDH11,CNTN1,COL6A3,PPARG,TGFBI,FGF13,ATF3","chea3","536","0.145300000000000012",NA,NA,"","3","Enrichr--Queries(rank=204); ARCHS4--Coexpression(rank=250); GTEx--Coexpression(rank=710)","536","0.145300000000000012","Enrichr Queries,0.1453"
"DEG_LD_SW480","537","ARNTL","0.145600000000000007","ARCHS4 Coexpression,0.1456","SELPLG,GMFG,ANKRD44,SH2D2A,PTAFR,ITGB2,TMC8,RORA,TMC6,ARHGAP45,CD4,ACAP1,RASSF2,CD7,NAMPT,ARHGEF3,TBC1D10C,NLRP1,CYTIP,PLCB2,TLR4","chea3","537","0.145600000000000007",NA,NA,"","4","ReMap--ChIP-seq(rank=86); ARCHS4--Coexpression(rank=237); Enrichr--Queries(rank=551); GTEx--Coexpression(rank=1213)","537","0.145600000000000007","ARCHS4 Coexpression,0.1456"
"DEG_LD_SW480","538","ATF3","0.146199999999999997","ARCHS4 Coexpression,0.1462","EGR3,CEBPD,TNFSF15,PLEK,TREM2,RNASE1,ARC,NR4A3,GPNMB,NPC2,IL1B,NFKBIZ,OLR1,MMP19,CHI3L1,UPP1,LGALS9,SLC15A3,RAB7B,CTSB,HAVCR2","chea3","538","0.146199999999999997",NA,NA,"","6","Literature--ChIP-seq(rank=95); ENCODE--ChIP-seq(rank=103); ReMap--ChIP-seq(rank=187); ARCHS4--Coexpression(rank=238); Enrichr--Queries(rank=624); GTEx--Coexpression(rank=674)","538","0.146199999999999997","ARCHS4 Coexpression,0.1462"
"DEG_LD_SW480","539","TCF3","0.146300000000000013","Literature ChIP-seq,0.1463","IFITM3,IFITM1,ATP8A1,KLHDC7A,FZD10,SOX2,ALCAM,DACH1,GRAP2,SALL4,PDK4,AP1S1,SLC16A9,BAHCC1,EPHB4,KIRREL3,TLE1,SLC30A2,ANKRD44,ACSL6,EBF3,DKK1,ARHGAP45,SLC9A2,CYP39A1,DKK4,MTNR1A,RAB30,SLPI,COL8A2,ACOT1,ROR1,ATF3,SHC4,HS3ST3A1,TSHZ2,CNN3,ATXN1,FLRT3,PDGFC,PLAC1,NKX6-1,PAG1,RABGAP1L,GTF2IRD2,BCL11A,ASNS,KLHDC8B,IGF1,NR4A3,ARMC10,RCAN2,RNF182,CORO6,TGFBI,ABCD4,GRIK4,FMN1,HOXC11,ELAVL2,CAMKV,MDK,CRTAC1,HYAL1,MCF2L,PHACTR3,OLR1,UPP1,NKX3-2,TIMP4,TIGD2,EDN1,TMC8,NAV1,TMC6,AP3B2,TGFBR3,IL1A,SLC7A7,DBF4,CDH13,GPRC5C,CHST2,SLC43A1,NEDD9,CRMP1,HOXD11,HOXD10,GNAI1,THSD4,BICRA,GNA13,NT5E,PTPRZ1,GPA33,SH3TC1,NCAM1,ANKRD52,ACSS1,LY6G6D,EGLN3,MOCOS,DAB2IP,MYBPH,PTPN13,TMEM60,CD4,PNPLA3,TCAP,KBTBD8","chea3","539","0.146300000000000013",NA,NA,"","6","Literature--ChIP-seq(rank=24); ENCODE--ChIP-seq(rank=40); ReMap--ChIP-seq(rank=112); GTEx--Coexpression(rank=713); Enrichr--Queries(rank=1324); ARCHS4--Coexpression(rank=1474)","539","0.146300000000000013","Literature ChIP-seq,0.1463"
"DEG_LD_SW480","540","HOXD4","0.146900000000000003","GTEx Coexpression,0.1469","SRPX,BNC2,TSHZ3,TSHZ2,MRGPRF,PLOD3,HOXD11,HSPG2,HOXD10,GNG11,BST2,TGFBR3,AR,DAB2,OLFML3,PDGFC,MXRA8,EPHB4,CDK15,ZNF311","chea3","540","0.146900000000000003",NA,NA,"","3","GTEx--Coexpression(rank=236); ARCHS4--Coexpression(rank=240); Enrichr--Queries(rank=439)","540","0.146900000000000003","GTEx Coexpression,0.1469"
"DEG_LD_SW480","541","ZNF532","0.147400000000000003","Enrichr Queries,0.1474","DOCK4,BNC2,CEBPD,NEDD9,RORA,CNN3,ATXN1,SH3PXD2A,PDGFC,GRB10,SPOCK1,ABCA1,EDN1,ANXA1,AUTS2,BCL11A,F2R,NAV1,FBXO32,PTPN13,SERPINB8,QKI,TANC2,SYTL2,ACTA2,TIAM1,DAB2,CDK6,NBEA,KCNMA1,COL5A2,CDH11,KCTD12,TGFBI","chea3","541","0.147400000000000003",NA,NA,"","3","Enrichr--Queries(rank=207); ARCHS4--Coexpression(rank=290); GTEx--Coexpression(rank=1163)","541","0.147400000000000003","Enrichr Queries,0.1474"
"DEG_LD_SW480","542","PGR","0.147499999999999992","GTEx Coexpression,0.1475","KCNG1,RERE,COL27A1,BNC2,TSHZ3,WFS1,GREB1,MRGPRF,MITF,HOXD11,MEIS3,HOXD10,ACTA2,AR,SH3BGRL,CAPN6,MDK,PDGFC,KCNMA1,EPHB4","chea3","542","0.147499999999999992",NA,NA,"","4","ReMap--ChIP-seq(rank=59); GTEx--Coexpression(rank=237); Enrichr--Queries(rank=291); ARCHS4--Coexpression(rank=473)","542","0.147499999999999992","GTEx Coexpression,0.1475"
"DEG_LD_SW480","543","TSC22D1","0.147999999999999993","ARCHS4 Coexpression,0.148","BEX4,RTN1,STXBP1,TMEM40,CRMP1,RAB27B,FAIM2,HPCAL4,GNG11,FRMD3,OLFM1,SH3BGRL,PNMA1,SLC22A17,FEZ1,GRAP2,RCAN2,SPOCK1,NCAM1,APBB1,MFAP3L","chea3","543","0.147999999999999993",NA,NA,"","3","ARCHS4--Coexpression(rank=241); GTEx--Coexpression(rank=742); Enrichr--Queries(rank=761)","543","0.147999999999999993","ARCHS4 Coexpression,0.148"
"DEG_LD_SW480","544","SP9","0.148100000000000009","GTEx Coexpression,0.1481","KIRREL3,PRKCG,BEX4,NYAP1,DCLK2,GRIK4,FAIM2,AK5,CACNA1E,CPLX1,LMF1,RIMS4,JPH3,CAMKV,PPP4R4,AP1S1,FGF13,CNMD,LZTS1,CACNG4","chea3","544","0.148100000000000009",NA,NA,"","2","GTEx--Coexpression(rank=238); ARCHS4--Coexpression(rank=258)","544","0.148100000000000009","GTEx Coexpression,0.1481"
"DEG_LD_SW480","545","KDM5B","0.148100000000000009","ReMap ChIP-seq,0.1481","ZNF512B,TMEM151A,ACHE,POP7,ITGB2,SECTM1,HOXC11,UFSP1,NAT16,LFNG,LYL1,DBP,MDK,TBC1D10C,AP1S1,CLBA1,PTGDS,BAHCC1,HES7,TSC22D4,TNFRSF18,TMC8,ENTPD8,PCOLCE,TMC6,TEX19,ARHGAP45,MBLAC1,VGF,EEF1A2,MXRA8,FSCN2,TEDC1,CCDC187,TEX22,HOXD13,HOXD11,KRT86,HOXD10,TGFBR3L,ZNF469,CKB,TFAP2A,SIVA1,ASPSCR1,NR1D1,BAIAP3,FASN,GNB2,CD7,TRIP6,PSMG3,NOTUM,TRMT61A","chea3","545","0.148100000000000009",NA,NA,"","5","ReMap--ChIP-seq(rank=44); ENCODE--ChIP-seq(rank=59); Literature--ChIP-seq(rank=156); ARCHS4--Coexpression(rank=750); GTEx--Coexpression(rank=1402)","545","0.148100000000000009","ReMap ChIP-seq,0.1481"
"DEG_LD_SW480","546","SOX3","0.148900000000000005","Enrichr Queries,0.1489","SPON1,CRMP1,LRP2,ELAVL2,LOXL2,LFNG,SOX2,HEY1,PTPRZ1,CAMKV,FLRT3,SALL4,CKB,RHBDL3,VAT1L,ADGRV1,EGR3,ANXA1,BCL11A,IRX3,GREB1,ECEL1,EBF3,SERPINB8,ACTA2,OLFM1,COL2A1,CDK6,VGF,LHX2,EEF1A2,TGFBI,FGF13,ATF3","chea3","546","0.148900000000000005",NA,NA,"","3","Enrichr--Queries(rank=209); GTEx--Coexpression(rank=266); ARCHS4--Coexpression(rank=450)","546","0.148900000000000005","Enrichr Queries,0.1489"
"DEG_LD_SW480","547","ZNF175","0.149299999999999988","ARCHS4 Coexpression,0.1493","MPP1,KCNK10,ESRRB,TMEM40,RAB27B,STON2,SPTB,RASGRP3,SPN,LYL1,ADAMTS14,GNB2,GRAP2,LEPR,TRIM58,PRAME,ZNF117,ZNF556,OR2B6,SIGLEC6,CDK15","chea3","547","0.149299999999999988",NA,NA,"","4","ReMap--ChIP-seq(rank=124); ARCHS4--Coexpression(rank=243); Enrichr--Queries(rank=516); GTEx--Coexpression(rank=1230)","547","0.149299999999999988","ARCHS4 Coexpression,0.1493"
"DEG_LD_SW480","548","PROP1","0.149299999999999988","GTEx Coexpression,0.1493","WDR17,CDRT4,UNC13A,CARMIL3,GSTO2,TMEM63C,CRMP1,AP3B2,BAIAP3,NAT16,TGFBR3L,SLC4A8,ZMAT1,MDK,SLC22A17,NAALAD2,ZP1,NLRP1,DZIP3,CHGB","chea3","548","0.149299999999999988",NA,NA,"","3","GTEx--Coexpression(rank=240); Enrichr--Queries(rank=634); ARCHS4--Coexpression(rank=1347)","548","0.149299999999999988","GTEx Coexpression,0.1493"
"DEG_LD_SW480","549","GTF2IRD2B","0.149600000000000011","Enrichr Queries,0.1496","RERE,EIF4E3,CD82,CEBPD,EPAS1,NEDD9,RORA,DEPP1,LFNG,ZCWPW1,PCLO,ZMAT1,CTSK,GRB10,PDK4,ABCA1,CADPS2,ANXA1,AUTS2,GTF2IRD2,ASNS,FBXO32,SERPINB8,SYTL2,ISG20,CDK6,MYO15B,NBEA,KCNMA1,EEF1A2,SELENOP,ZNF117,ATF3,MATN2","chea3","549","0.149600000000000011",NA,NA,"","3","Enrichr--Queries(rank=210); GTEx--Coexpression(rank=751); ARCHS4--Coexpression(rank=1189)","549","0.149600000000000011","Enrichr Queries,0.1496"
"DEG_LD_SW480","550","SNAI3","0.149900000000000005","ARCHS4 Coexpression,0.1499","SELPLG,PTAFR,ITGB2,DYSF,TMC8,SECTM1,TMC6,ARHGAP45,LFNG,LYL1,SLC6A6,CD4,ACAP1,RASSF2,FES,CD7,TBC1D10C,LGALS9,SLC15A3,PLCB2,SLC12A9","chea3","550","0.149900000000000005",NA,NA,"","3","ARCHS4--Coexpression(rank=244); GTEx--Coexpression(rank=346); Enrichr--Queries(rank=416)","550","0.149900000000000005","ARCHS4 Coexpression,0.1499"
"DEG_LD_SW480","551","TP73","0.149999999999999994","GTEx Coexpression,0.15","TFAP2A,RNF43,ZNF681,ZNF273,TNFRSF18,NXPH4,MACC1,NKPD1,SERPINB5,KLK7,TP53AIP1,GPRIN2,VANGL2,PERP,KRT14,FAT2,SPTSSB,EXPH5,TMEM45A,NECTIN1","chea3","551","0.149999999999999994",NA,NA,"","3","GTEx--Coexpression(rank=241); Enrichr--Queries(rank=698); ARCHS4--Coexpression(rank=733)","551","0.149999999999999994","GTEx Coexpression,0.15"
"DEG_LD_SW480","552","ZNF471","0.150299999999999989","Enrichr Queries,0.1503","RYR2,EPAS1,TSHZ2,CRMP1,RORA,AKAP6,LOXL2,ZNF429,PDK4,DMD,IGFBP7,ABCA1,CADPS2,ZNF681,ADGRV1,BCL11A,MITF,SERPINB8,SYTL2,ACTA2,TGFBR3,ALDH1A3,NBEA,ZNF737,KCNMA1,SELENOP,CDH11,CNTN1,SSPN,CDH13,ZNF711,ZNF117,PLA2R1,ZNF610","chea3","552","0.150299999999999989",NA,NA,"","3","Enrichr--Queries(rank=211); ARCHS4--Coexpression(rank=697); GTEx--Coexpression(rank=1559)","552","0.150299999999999989","Enrichr Queries,0.1503"
"DEG_LD_SW480","553","FLI1","0.150499999999999995","ARCHS4 Coexpression,0.1505","SELPLG,KCNE3,GMFG,PTAFR,ITGB2,DYSF,TMC8,ARRB1,TMC6,ARHGAP45,SPN,LYL1,ACAP1,RASSF2,FES,GRAP2,TBC1D10C,LGALS9,PLCB2,TLR4,SLC12A9","chea3","553","0.150499999999999995",NA,NA,"","6","ReMap--ChIP-seq(rank=106); ENCODE--ChIP-seq(rank=117); Literature--ChIP-seq(rank=124); ARCHS4--Coexpression(rank=245); Enrichr--Queries(rank=445); GTEx--Coexpression(rank=450)","553","0.150499999999999995","ARCHS4 Coexpression,0.1505"
"DEG_LD_SW480","554","GRHL3","0.151100000000000012","ARCHS4 Coexpression,0.1511","FLG,ANXA8L1,ECM1,ANXA1,SPNS2,KRT13,CBLC,ATP12A,SERPINB5,KLK7,XKRX,FLG2,PERP,KRT14,FAT2,SFN,ANXA8,TNS4,MUC21,NECTIN1,MPZL2","chea3","554","0.151100000000000012",NA,NA,"","3","ARCHS4--Coexpression(rank=246); GTEx--Coexpression(rank=569); Enrichr--Queries(rank=576)","554","0.151100000000000012","ARCHS4 Coexpression,0.1511"
"DEG_LD_SW480","555","HEY2","0.151700000000000002","Enrichr Queries,0.1517","PARM1,CEBPD,EPAS1,RND3,SLC7A2,LOXL2,SOX2,HEY1,PTPRZ1,GPNMB,PDK4,IGFBP7,NCAM1,ABCA1,CADPS2,EGLN3,EDN1,EGR3,BCL11A,IRX3,FBXO32,SERPINB8,PGF,ACTA2,TGFBR3,ALDH1A3,COL5A2,CDH11,CNTN1,CDH13,TGFBI,RBM24,ATF3,MATN2","chea3","555","0.151700000000000002",NA,NA,"","3","Enrichr--Queries(rank=213); GTEx--Coexpression(rank=281); ARCHS4--Coexpression(rank=1006)","555","0.151700000000000002","Enrichr Queries,0.1517"
"DEG_LD_SW480","556","IRF7","0.151700000000000002","ARCHS4 Coexpression,0.1517","IFITM3,CD74,PTAFR,ITGB2,PLEK,DYSF,IFI6,SECTM1,NOD2,ARHGAP45,HERC5,BST2,ISG20,LFNG,ACAP1,OAS1,TBC1D10C,CMPK2,LGALS9,SLC15A3,SLC12A9","chea3","556","0.151700000000000002",NA,NA,"","3","ARCHS4--Coexpression(rank=247); GTEx--Coexpression(rank=498); Enrichr--Queries(rank=522)","556","0.151700000000000002","ARCHS4 Coexpression,0.1517"
"DEG_LD_SW480","557","ZNF497","0.151799999999999990","GTEx Coexpression,0.1518","ZNF512B,WDR17,UNC13A,CARMIL3,TMEM63C,STXBP1,ADAM11,CRMP1,FAM86B1,NMNAT2,AP3B2,BEGAIN,XKR7,TIAM1,MMP24,PCLO,MCF2L,KCNQ2,BSN,TMEM229B","chea3","557","0.151799999999999990",NA,NA,"","3","GTEx--Coexpression(rank=244); Enrichr--Queries(rank=549); ARCHS4--Coexpression(rank=724)","557","0.151799999999999990","GTEx Coexpression,0.1518"
"DEG_LD_SW480","558","ZNF821","0.152299999999999991","ARCHS4 Coexpression,0.1523","BEX4,CNTFR,RTN1,ZC4H2,STXBP1,DCLK2,CRMP1,NMNAT2,GDAP1,SLC16A14,ELAVL2,PNMA1,KIF5C,FEZ1,GPC2,NCAM1,CKB,APBB1,SCN3B,APBA2,VAT1L","chea3","558","0.152299999999999991",NA,NA,"","3","ARCHS4--Coexpression(rank=248); Enrichr--Queries(rank=788); GTEx--Coexpression(rank=1516)","558","0.152299999999999991","ARCHS4 Coexpression,0.1523"
"DEG_LD_SW480","559","ZNF836","0.152400000000000008","Enrichr Queries,0.1524","ZNF331,SLC46A3,RYR2,IFITM1,MAML2,ATP8A1,SLC44A2,XYLT1,RORA,CLDN1,HERC5,GPNMB,ZNF429,CDH23,ST3GAL5,ZNF501,ZNF486,ABCA1,CADPS2,ZNF681,AUTS2,F2R,BTN3A2,FBXO32,SERPINB8,SYT17,ZNF93,NBEA,ZNF737,YPEL1,ZNF239,ZNF117,ZNF610,MATN2","chea3","559","0.152400000000000008",NA,NA,"","3","Enrichr--Queries(rank=214); GTEx--Coexpression(rank=1195); ARCHS4--Coexpression(rank=1406)","559","0.152400000000000008","Enrichr Queries,0.1524"
"DEG_LD_SW480","560","JUND","0.152499999999999997","ENCODE ChIP-seq,0.1525","ZNF512B,ISCA2,ECM1,ATP8A1,MCM7,IL24,PLAT,FAIM2,GXYLT2,GALNT10,DUSP10,DBP,KIF5C,UPP1,DUS4L,PLEKHG4,RPS6KL1,ADGRV1,ANXA1,MRPS24,COG5,TNFRSF18,BUD31,SYP,TRNT1,SERPINB8,SYTL3,MBLAC1,RAB30,ZNF839,VGF,NPC2,KRT38,EEF1A2,S100A3,TLN2,ATF3,SHC4,DLST,FURIN,SDSL,CNN3,RASGRP3,ADAMTS14,FAM156A,METTL21C,PNMA1,GPNMB,FLRT3,ZBED2,SFN,PLEK2,ANKRD52,CRYM,MPP4,VDR,IL31RA,PDAP1,ARPC4,IGF1,PTPN13,XG,ISG20,VANGL2,GNB2,TRIP6,PNPLA3,RNF182","chea3","560","0.152499999999999997",NA,NA,"","6","ENCODE--ChIP-seq(rank=18); Literature--ChIP-seq(rank=64); ReMap--ChIP-seq(rank=152); ARCHS4--Coexpression(rank=979); Enrichr--Queries(rank=1118); GTEx--Coexpression(rank=1310)","560","0.152499999999999997","ENCODE ChIP-seq,0.1525"
"DEG_LD_SW480","561","NFIL3","0.152900000000000008","ARCHS4 Coexpression,0.1529","CEBPD,PTAFR,ITGB2,PLEK,DYSF,SECTM1,NOD2,GNA13,SLC6A6,OGFRL1,RASSF2,NR4A3,FES,NAMPT,NFKBIZ,OLR1,NLRP3,LGALS9,PLCB2,TLR4,ATF3","chea3","561","0.152900000000000008",NA,NA,"","3","ARCHS4--Coexpression(rank=249); Enrichr--Queries(rank=670); GTEx--Coexpression(rank=1070)","561","0.152900000000000008","ARCHS4 Coexpression,0.1529"
"DEG_LD_SW480","562","ASCL2","0.153100000000000014","GTEx Coexpression,0.1531","TFAP2A,DLX3,GSDMA,BCL11B,TNFRSF18,CBLC,NOD2,LYPD5,CLDN1,SERPINB8,NKPD1,SERPINB5,KLK7,XKRX,LFNG,PERP,GNB2,KRT14,EXPH5,TMEM45A","chea3","562","0.153100000000000014",NA,NA,"","3","GTEx--Coexpression(rank=246); ARCHS4--Coexpression(rank=570); Enrichr--Queries(rank=734)","562","0.153100000000000014","GTEx Coexpression,0.1531"
"DEG_LD_SW480","563","ARNTL2","0.154200000000000004","ARCHS4 Coexpression,0.1542","ANXA8L1,EDN1,ANXA1,ANKRD33B,MACC1,MOCOS,CBLC,DKK1,SERPINB5,DCBLD2,EREG,ALDH1A3,NT5E,ALCAM,PERP,SMCO2,SFN,PLEK2,ANXA8,TNS4,MPZL2","chea3","563","0.154200000000000004",NA,NA,"","3","ARCHS4--Coexpression(rank=251); Enrichr--Queries(rank=898); GTEx--Coexpression(rank=1009)","563","0.154200000000000004","ARCHS4 Coexpression,0.1542"
"DEG_LD_SW480","564","PITX2","0.154599999999999987","Enrichr Queries,0.1546","CEBPD,EPAS1,SHOX2,RORA,EFNA5,LOXL2,SOX2,SIX2,GRB10,TFAP2A,EGLN3,ANXA1,PRRX1,BCL11B,BCL11A,IRX3,EBF3,DKK1,SERPINB8,ACTA2,TGFBR3,DAB2,COL2A1,LHX2,KIF26B,KCNMA1,COL5A2,SELENOP,CDH11,CNTN1,COL6A3,PPARG,TGFBI,ATF3","chea3","564","0.154599999999999987",NA,NA,"","3","Enrichr--Queries(rank=217); ARCHS4--Coexpression(rank=521); GTEx--Coexpression(rank=1181)","564","0.154599999999999987","Enrichr Queries,0.1546"
"DEG_LD_SW480","565","MTF1","0.155400000000000010","ARCHS4 Coexpression,0.1554","SLC43A3,PTAFR,ITGB2,PLEK,NOD2,SERPINB8,EREG,ISG20,IL1A,SLC6A6,SLC7A7,OAS1,IL1B,NAMPT,CMPK2,NLRP3,UPP1,LGALS9,SLC15A3,TLR4,ARL8B","chea3","565","0.155400000000000010",NA,NA,"","2","ARCHS4--Coexpression(rank=253); GTEx--Coexpression(rank=1232)","565","0.155400000000000010","ARCHS4 Coexpression,0.1554"
"DEG_LD_SW480","566","RORC","0.156000000000000000","Enrichr Queries,0.156","ATP8A1,CEBPD,MAOB,EPAS1,MGST1,RORA,SLC7A2,LOXL2,LFNG,NT5E,NAMPT,PDK4,PTGDS,ABCA1,MYH7B,CD74,EGLN3,ANXA1,VDR,NR1D1,FBXO32,SERPINB8,KLF15,TGFBR3,FASN,RCAN2,SELENOP,CNTN1,PPARG,ALDOC,TGFBI,AGXT,GPRC5C,ATF3","chea3","566","0.156000000000000000",NA,NA,"","3","Enrichr--Queries(rank=219); ARCHS4--Coexpression(rank=599); GTEx--Coexpression(rank=1099)","566","0.156000000000000000","Enrichr Queries,0.156"
"DEG_LD_SW480","567","HNF4G","0.156000000000000000","ARCHS4 Coexpression,0.156","SLC46A3,FCGBP,VIPR1,GDA,VDR,USH1C,ENTPD8,CBLC,ACSL5,PLB1,ABO,SLC6A4,MYO1D,SLC7A7,MYO15B,CLDN15,GPA33,XPNPEP2,SELENOP,PRR15,ALPI","chea3","567","0.156000000000000000",NA,NA,"","5","ENCODE--ChIP-seq(rank=65); ReMap--ChIP-seq(rank=164); ARCHS4--Coexpression(rank=254); GTEx--Coexpression(rank=392); Enrichr--Queries(rank=511)","567","0.156000000000000000","ARCHS4 Coexpression,0.156"
"DEG_LD_SW480","568","RFX3","0.156599999999999989","ARCHS4 Coexpression,0.1566","BEX4,WDR17,NLGN1,ADGRV1,DNAH10,AUTS2,LRRC10B,DCLK2,CRMP1,MSMO1,AKAP6,QKI,SOX2,PNMA1,NBEA,FEZ1,PTGES3L,NCAM1,DZIP3,CFAP45,MARK1","chea3","568","0.156599999999999989",NA,NA,"","3","ARCHS4--Coexpression(rank=255); Enrichr--Queries(rank=428); GTEx--Coexpression(rank=769)","568","0.156599999999999989","ARCHS4 Coexpression,0.1566"
"DEG_LD_SW480","569","ZNF491","0.156700000000000006","Enrichr Queries,0.1567","CPM,RTN1,MAML2,TSHZ2,DACH1,SH3PXD2A,MDK,ZNF429,CDH23,DMD,ZNF763,PAG1,ZNF486,ZNF442,ARRDC4,CADPS2,ZNF681,ADGRV1,BCL11B,ANKRD44,F2R,PTPN13,SERPINB8,SLC16A14,PGF,SYTL2,TGFBR3,CDK6,ZNF93,ZNF737,YPEL1,ZNF117,KCTD12,ZNF610","chea3","569","0.156700000000000006",NA,NA,"","3","Enrichr--Queries(rank=220); GTEx--Coexpression(rank=794); ARCHS4--Coexpression(rank=1541)","569","0.156700000000000006","Enrichr Queries,0.1567"
"DEG_LD_SW480","570","NFATC2","0.156799999999999995","GTEx Coexpression,0.1568","ANKRD44,SH2D2A,IL24,PLEK,TMC8,TMC6,BTN3A2,SYTL3,ARHGAP45,ISG20,FAM200A,CD4,ACAP1,GRAP2,CD7,TBC1D10C,RUBCNL,CYTIP,PLCB2,HAVCR2","chea3","570","0.156799999999999995",NA,NA,"","3","GTEx--Coexpression(rank=252); ARCHS4--Coexpression(rank=281); Enrichr--Queries(rank=457)","570","0.156799999999999995","GTEx Coexpression,0.1568"
"DEG_LD_SW480","571","ZNF774","0.157400000000000012","Enrichr Queries,0.1574","SLC46A3,DOCK4,CD82,ATP8A1,EPAS1,STXBP1,IFI6,NEDD9,RORA,FMN1,EFNA5,ATXN1,PCLO,HEY1,KIF5C,MCF2L,PDK4,DMD,PAG1,ABCA1,ARRDC4,CADPS2,EGLN3,BCL11A,NAV1,FBXO32,SERPINB8,KLF15,PGF,TGFBR3,NBEA,KCNMA1,UST,MATN2","chea3","571","0.157400000000000012",NA,NA,"","3","Enrichr--Queries(rank=221); ARCHS4--Coexpression(rank=605); GTEx--Coexpression(rank=953)","571","0.157400000000000012","Enrichr Queries,0.1574"
"DEG_LD_SW480","572","RARG","0.157400000000000012","GTEx Coexpression,0.1574","TFAP2A,TMEM40,CBLC,FZD10,LYPD5,PTPN13,CLDN1,SERPINB8,NKPD1,SERPINB5,KLK7,XKRX,TP53AIP1,VANGL2,SPTLC3,PERP,SFN,EXPH5,TMEM45A,NECTIN1","chea3","572","0.157400000000000012",NA,NA,"","4","Literature--ChIP-seq(rank=98); GTEx--Coexpression(rank=253); ARCHS4--Coexpression(rank=655); Enrichr--Queries(rank=934)","572","0.157400000000000012","GTEx Coexpression,0.1574"
"DEG_LD_SW480","573","SP110","0.158099999999999991","GTEx Coexpression,0.1581","SELPLG,APOBEC3G,GMFG,ANKRD44,ITGB2,PLEK,SECTM1,ARPC4,BATF,ARHGAP45,ISG20,ACAP1,FCGR2A,GRAP2,CASP4,TBC1D10C,RUBCNL,CYTIP,SLC15A3,SLC12A9","chea3","573","0.158099999999999991",NA,NA,"","3","GTEx--Coexpression(rank=254); ARCHS4--Coexpression(rank=365); Enrichr--Queries(rank=540)","573","0.158099999999999991","GTEx Coexpression,0.1581"
"DEG_LD_SW480","574","SATB1","0.158099999999999991","Enrichr Queries,0.1581","DOCK4,ATP8A1,CEBPD,EPAS1,ITPR1,RORA,GNAI1,ATXN1,ALCAM,GRB10,ST3GAL5,ABCA1,CD74,CADPS2,ANXA1,TLE1,AUTS2,SYT1,BCL11B,BCL11A,FBXO32,SERPINB8,TGFBR3,TIAM1,CDK6,SLCO3A1,NBEA,SELENOP,ARHGEF3,PPARG,PRKCQ,KCTD12,TGFBI,ATF3","chea3","574","0.158099999999999991",NA,NA,"","4","ReMap--ChIP-seq(rank=120); Enrichr--Queries(rank=222); ARCHS4--Coexpression(rank=292); GTEx--Coexpression(rank=430)","574","0.158099999999999991","Enrichr Queries,0.1581"
"DEG_LD_SW480","575","CREB3","0.158200000000000007","ReMap ChIP-seq,0.1582","CCDC71L,IFITM3,IFITM1,RTP3,CD82,MAML2,SECTM1,STON2,SPN,LYL1,ZCWPW1,DUSP10,LEPR,LBP,CFAP45,EDARADD,CCDC116,CLEC11A,TET1,MITF,RNASE1,MRPS6,TEX19,ORAI2,PRTFDC1,SELPLG,SLC43A3,MEPCE,FURIN,NOD2,SLC5A3,CYGB,ADAMTS14,ST3GAL5,ANKRD52,LY6G6D,MPP1,NAPSA,GALNT5,MACC1,CARD6,NR1D1,MYO1D,SLC6A6,EIF5,FES,CD7,TRIP6,EFHB,FGF13,CCDC174,RAB5A,SIGLEC6","chea3","575","0.158200000000000007",NA,NA,"","4","ReMap--ChIP-seq(rank=47); Enrichr--Queries(rank=963); GTEx--Coexpression(rank=1000); ARCHS4--Coexpression(rank=1209)","575","0.158200000000000007","ReMap ChIP-seq,0.1582"
"DEG_LD_SW480","576","MYC","0.158500000000000002","Literature ChIP-seq,0.1585","EIF4E3,BNC2,DYSF,XYLT1,RORA,ATP12A,HOXC11,AFF2,LYL1,ALCAM,HEY1,SALL4,BCAP29,NUDT17,DUS4L,LZTS1,EPHB4,SLC12A9,HAVCR2,ADAMTS7,ZNF681,CHRNB4,KCND3,NAV1,WDR72,NPNT,UPK3B,MRPS6,SORCS2,ARHGAP45,CYP39A1,TGFBR3,CDH11,CDH13,PPARG,PRKCQ,KCTD12,STEAP1,ARL8B,TMEM45A,CHRNA1,NLGN1,ZC4H2,NXPH4,SHOX2,PTAFR,HOXD13,TMTC1,CYGB,KCNV1,SH3BGRL,GPNMB,FLRT3,PERP,TTPA,CDH23,ZNF502,NLRP1,NKX6-1,PRR22,PAG1,MARK1,TFAP2A,B3GALNT1,EGLN3,OSBPL5,BCL11B,POLN,AADAT,BCL11A,ESRRB,PDE2A,PDX1,LHFPL1,DAB2,NBEA,COL5A3,TNFSF4,COL5A2,CAMK1,SLC26A4","chea3","576","0.158500000000000002",NA,NA,"","6","Literature--ChIP-seq(rank=26); ENCODE--ChIP-seq(rank=80); ReMap--ChIP-seq(rank=131); GTEx--Coexpression(rank=301); Enrichr--Queries(rank=995); ARCHS4--Coexpression(rank=1402)","576","0.158500000000000002","Literature ChIP-seq,0.1585"
"DEG_LD_SW480","577","TCF7","0.158700000000000008","GTEx Coexpression,0.1587","APOBEC3G,ANKRD44,SH2D2A,ITGB2,IL24,PLEK,TMC8,TMC6,SYTL3,BATF,ARHGAP45,SPN,ISG20,ACAP1,GRAP2,CD7,TBC1D10C,RUBCNL,CYTIP,PLCB2","chea3","577","0.158700000000000008",NA,NA,"","5","Literature--ChIP-seq(rank=46); ReMap--ChIP-seq(rank=115); GTEx--Coexpression(rank=255); ARCHS4--Coexpression(rank=318); Enrichr--Queries(rank=673)","577","0.158700000000000008","GTEx Coexpression,0.1587"
"DEG_LD_SW480","578","ZNF578","0.158799999999999997","Enrichr Queries,0.1588","RYR2,NLGN1,ZNF273,PRUNE2,XYLT1,TMTC1,ELAVL2,HERC5,CACNG8,ZNF429,CDH23,ZNF107,ZNF502,SLC16A9,TIMP4,ZNF486,TFAP2A,ARRDC4,CADPS2,ZNF681,EDN1,AUTS2,TET1,SORCS2,SERPINB8,PGF,TGFBR3,OLFM1,ZNF92,ZNF93,NBEA,ZNF737,ZNF117,ZNF610","chea3","578","0.158799999999999997",NA,NA,"","3","Enrichr--Queries(rank=223); GTEx--Coexpression(rank=513); ARCHS4--Coexpression(rank=1167)","578","0.158799999999999997","Enrichr Queries,0.1588"
"DEG_LD_SW480","579","TBPL2","0.159299999999999997","GTEx Coexpression,0.1593","FLG,TFAP2A,DLX3,VDR,BTBD16,ASAP3,CBLC,RORA,NR1D1,CLDN1,NKPD1,KLK7,GPA33,PERP,KRT14,GPC2,PRR15,TSPAN1,EXPH5,TMEM45A","chea3","579","0.159299999999999997",NA,NA,"","2","GTEx--Coexpression(rank=256); ARCHS4--Coexpression(rank=778)","579","0.159299999999999997","GTEx Coexpression,0.1593"
"DEG_LD_SW480","580","ZNF718","0.159500000000000003","Enrichr Queries,0.1595","RYR2,MAML2,RORA,FMN1,TMTC1,LDLRAD4,LOXL2,PCLO,GPNMB,KIF5C,ZNF107,PAG1,ZNF486,TFAP2A,CADPS2,ZNF681,EDN1,ZNF680,AUTS2,BCL11A,DAB2IP,WDR72,SERPINB8,QKI,TIAM1,ZNF92,CDK6,ZNF93,NBEA,ZNF737,KCNMA1,CDH13,ZNF117,ATF3","chea3","580","0.159500000000000003",NA,NA,"","3","Enrichr--Queries(rank=224); ARCHS4--Coexpression(rank=1145); GTEx--Coexpression(rank=1285)","580","0.159500000000000003","Enrichr Queries,0.1595"
"DEG_LD_SW480","581","FOXA1","0.159700000000000009","ARCHS4 Coexpression,0.1597","ZNF512B,IRX3,GREB1,KLK3,HOXC11,DKK1,SYTL2,SLC9A2,AR,MLPH,FASN,GNB2,EEF1A2,AP1S1,PRR15,SPTSSB,STEAP1,TSPAN1,STEAP2,EPHB4,CACNG4","chea3","581","0.159700000000000009",NA,NA,"","6","ENCODE--ChIP-seq(rank=22); Literature--ChIP-seq(rank=28); ReMap--ChIP-seq(rank=95); ARCHS4--Coexpression(rank=260); Enrichr--Queries(rank=505); GTEx--Coexpression(rank=605)","581","0.159700000000000009","ARCHS4 Coexpression,0.1597"
"DEG_LD_SW480","582","ZBTB7B","0.159899999999999987","GTEx Coexpression,0.1599","TFAP2A,RNF43,GSDMA,VDR,CBLC,NOD2,LYPD5,CLDN1,SERPINB8,NKPD1,SERPINB5,KLK7,XKRX,GPRIN2,PERP,SFN,TNS4,EXPH5,TMEM45A,NECTIN1","chea3","582","0.159899999999999987",NA,NA,"","3","GTEx--Coexpression(rank=257); ARCHS4--Coexpression(rank=516); Enrichr--Queries(rank=1084)","582","0.159899999999999987","GTEx Coexpression,0.1599"
"DEG_LD_SW480","583","TBX6","0.160299999999999998","Enrichr Queries,0.1603","CPM,SLC43A1,ARRB1,SLC7A2,LOXL2,LFNG,HEY1,HYAL1,PDK4,CDH23,CKB,ACSS1,ABCA1,NAPSA,EGLN3,TLE2,EGR3,VWF,VDR,NR1D1,FBXO32,HSPG2,SERPINB8,KLF15,PGF,ARHGAP45,ISG20,NR4A3,SLPI,TRPV4,SELENOP,PPARG,ALDOC,ATF3","chea3","583","0.160299999999999998",NA,NA,"","3","Enrichr--Queries(rank=225); ARCHS4--Coexpression(rank=653); GTEx--Coexpression(rank=812)","583","0.160299999999999998","Enrichr Queries,0.1603"
"DEG_LD_SW480","584","AHRR","0.160299999999999998","ARCHS4 Coexpression,0.1603","ECM1,CEMIP,ANKRD33B,CD163L1,SLC43A3,MRGPRF,PLOD3,PCOLCE,LOXL2,LASP1,DAB2,GPNMB,SH3PXD2A,MXRA8,COL6A3,ZNF469,ANKRD52,TGFBI,SLC15A3,RAB7B,CTSB","chea3","584","0.160299999999999998",NA,NA,"","2","ARCHS4--Coexpression(rank=261); GTEx--Coexpression(rank=1592)","584","0.160299999999999998","ARCHS4 Coexpression,0.1603"
"DEG_LD_SW480","585","AKNA","0.160500000000000004","GTEx Coexpression,0.1605","APOBEC3G,ANKRD44,SH2D2A,ITGB2,IL24,PLEK,TMC8,TMC6,BTN3A2,SYTL3,ARHGAP45,ISG20,ACAP1,GRAP2,CD7,TBC1D10C,RUBCNL,CYTIP,PLCB2,HAVCR2","chea3","585","0.160500000000000004",NA,NA,"","3","GTEx--Coexpression(rank=258); ARCHS4--Coexpression(rank=451); Enrichr--Queries(rank=786)","585","0.160500000000000004","GTEx Coexpression,0.1605"
"DEG_LD_SW480","586","JDP2","0.160899999999999987","ARCHS4 Coexpression,0.1609","CEBPD,PTAFR,ITGB2,SECTM1,TREM2,LTBP2,PALD1,OGFRL1,CD4,SLC7A7,NPC2,SH3TC1,MXRA8,OLR1,LGALS9,SLC15A3,RAB7B,PLCB2,TLR4,SLC12A9,CTSB","chea3","586","0.160899999999999987",NA,NA,"","3","ARCHS4--Coexpression(rank=262); GTEx--Coexpression(rank=466); Enrichr--Queries(rank=768)","586","0.160899999999999987","ARCHS4 Coexpression,0.1609"
"DEG_LD_SW480","587","LHX5","0.161500000000000005","ARCHS4 Coexpression,0.1615","PRKCG,CNTFR,SERF1B,CARMIL3,AUTS2,CRMP1,NAV1,EBF3,KLHDC8B,SORCS2,LEMD1,BEGAIN,NKAIN1,DACH1,MDK,KIF5C,LHX2,GPC2,NCAM1,FEZF1,GALNT8","chea3","587","0.161500000000000005",NA,NA,"","3","Enrichr--Queries(rank=232); ARCHS4--Coexpression(rank=263); GTEx--Coexpression(rank=343)","587","0.161500000000000005","ARCHS4 Coexpression,0.1615"
"DEG_LD_SW480","588","HMGN3","0.161599999999999994","ReMap ChIP-seq,0.1616","ZNF512B,TMEM151A,ACHE,IFITM1,POP7,SECTM1,HOXC11,UFSP1,LYL1,ZCWPW1,DBP,MDK,TBC1D10C,PTGDS,BAHCC1,EPHB4,SLC12A9,CTSB,TSC22D4,CCDC116,TNFRSF18,TMC8,ENTPD8,PCOLCE,TMC6,SYP,ARHGAP45,MBLAC1,VGF,CLDN15,TFR2,ORAI2,MXRA8,FSCN2,TEDC1,MEPCE,LMF1,TGFBR3L,DRD4,SIVA1,PSPN,POLN,XRCC3,ASPSCR1,BAIAP3,BST2,MC1R,FES,FASN,GNB2,CD7,TRIP6,NOTUM","chea3","588","0.161599999999999994",NA,NA,"","4","ReMap--ChIP-seq(rank=48); ENCODE--ChIP-seq(rank=70); GTEx--Coexpression(rank=1109); ARCHS4--Coexpression(rank=1328)","588","0.161599999999999994","ReMap ChIP-seq,0.1616"
"DEG_LD_SW480","589","HMX1","0.161799999999999999","GTEx Coexpression,0.1618","TMEM151A,BEX4,TSC22D4,PHLPP1,KCNJ10,KCNK10,DCLK2,GRIK4,STON2,ZDHHC22,CSAG1,SOX2,PTPRZ1,LHX2,FEZ1,PHACTR3,ZNF853,CACNG4,PRTFDC1","chea3","589","0.161799999999999999",NA,NA,"","3","GTEx--Coexpression(rank=260); Enrichr--Queries(rank=333); ARCHS4--Coexpression(rank=557)","589","0.161799999999999999","GTEx Coexpression,0.1618"
"DEG_LD_SW480","590","FIZ1","0.162399999999999989","GTEx Coexpression,0.1624","RPS6KL1,UNC5A,PSPN,TTC7B,SOBP,MAPK8IP2,AP3B2,CPLX1,BEGAIN,MBLAC1,JPH3,KCNQ2,PHACTR3,ZNF853,CKB,APBB1,BSN,APBA2,TMEM229B","chea3","590","0.162399999999999989",NA,NA,"","3","GTEx--Coexpression(rank=261); Enrichr--Queries(rank=1230); ARCHS4--Coexpression(rank=1449)","590","0.162399999999999989","GTEx Coexpression,0.1624"
"DEG_LD_SW480","591","HOXB13","0.163099999999999995","Enrichr Queries,0.1631","IFITM3,DLX3,EPAS1,SHOX2,HOXD13,HOXD11,HOXD10,LOXL2,SOX2,GPNMB,SIX2,UPP1,CKB,TSPAN1,TFAP2A,CADPS2,EGLN3,ANXA1,PRRX1,IRX3,MOCOS,FBXO32,DKK1,PGF,ISG20,ALDH1A3,COL2A1,SLPI,LHX2,PPARG,TGFBI,STEAP1,ATF3","chea3","591","0.163099999999999995",NA,NA,"","4","Enrichr--Queries(rank=229); ReMap--ChIP-seq(rank=237); ARCHS4--Coexpression(rank=635); GTEx--Coexpression(rank=727)","591","0.163099999999999995","Enrichr Queries,0.1631"
"DEG_LD_SW480","592","GATA5","0.163800000000000001","Enrichr Queries,0.1638","CNTFR,SPON1,DLX3,PARM1,EPAS1,RORA,LRP2,HOXD10,WFDC2,SOX2,JPH3,HEY1,SALL4,TFAP2A,EGR3,PRRX1,IRX3,PRRX2,EBF3,NPNT,DKK1,SERPINB8,PGF,ACTA2,ALDH1A3,COL2A1,KIF26A,LHX2,KCNMA1,CDH11,PPARG,TGFBI,ATF3","chea3","592","0.163800000000000001",NA,NA,"","3","Enrichr--Queries(rank=230); ARCHS4--Coexpression(rank=363); GTEx--Coexpression(rank=368)","592","0.163800000000000001","Enrichr Queries,0.1638"
"DEG_LD_SW480","593","ZNF462","0.164000000000000007","ARCHS4 Coexpression,0.164","KCNJ10,AUTS2,HUNK,CRMP1,ARPC4,FURIN,NAV1,TMC6,ZDHHC22,ARHGAP45,SOX2,VANGL2,SLC22A17,FEZ1,GNB2,SALL4,SPOCK1,NCAM1,LGALS9,MARK1","chea3","593","0.164000000000000007",NA,NA,"","3","ARCHS4--Coexpression(rank=267); GTEx--Coexpression(rank=303); Enrichr--Queries(rank=574)","593","0.164000000000000007","ARCHS4 Coexpression,0.164"
"DEG_LD_SW480","594","ZNF474","0.164500000000000007","Enrichr Queries,0.1645","CEBPD,EPAS1,RORA,LDLRAD4,STON2,EFNA5,DEPP1,THSD4,LOXL2,CACNG6,GPNMB,CDH23,DMD,CRYM,CFAP45,TIMP4,ABCA1,ARRDC4,CADPS2,EDN1,ADGRV1,EML1,DKK1,SERPINB8,PGF,EREG,CHI3L1,EFHB,TGFBI,FGF13,ATF3,MATN2,VGLL3","chea3","594","0.164500000000000007",NA,NA,"","3","Enrichr--Queries(rank=231); ARCHS4--Coexpression(rank=731); GTEx--Coexpression(rank=1356)","594","0.164500000000000007","Enrichr Queries,0.1645"
"DEG_LD_SW480","595","UNCX","0.164599999999999996","ARCHS4 Coexpression,0.1646","PRKCG,CNTFR,NYAP1,SERF1B,CARMIL3,CRMP1,NAV1,EBF3,KLHDC8B,SYP,LEMD1,NKAIN1,CAMKV,MDK,KIF5C,LHX2,GPC2,NCAM1,FEZF1,GALNT8","chea3","595","0.164599999999999996",NA,NA,"","3","ARCHS4--Coexpression(rank=268); Enrichr--Queries(rank=542); GTEx--Coexpression(rank=609)","595","0.164599999999999996","ARCHS4 Coexpression,0.1646"
"DEG_LD_SW480","596","TBX3","0.165200000000000014","ARCHS4 Coexpression,0.1652","OXTR,PRRX1,EPAS1,MRGPRF,PCOLCE,KLK3,FBLN1,PGF,LOXL2,AR,DAB2,SH3PXD2A,CDH11,MXRA8,COL6A3,SLIT3,MKX,ANKRD52,STEAP1,STEAP2","chea3","596","0.165200000000000014",NA,NA,"","4","Literature--ChIP-seq(rank=87); ARCHS4--Coexpression(rank=269); Enrichr--Queries(rank=310); GTEx--Coexpression(rank=505)","596","0.165200000000000014","ARCHS4 Coexpression,0.1652"
"DEG_LD_SW480","597","NEUROG3","0.166099999999999998","GTEx Coexpression,0.1661","TMEM151A,PRKCG,MOGAT3,USH1C,ENTPD8,ACSL5,KCNA6,AK5,ZDHHC22,CACNG8,JPH3,GPA33,PRR15,NPTXR,SCN3B,FGF13,GAL3ST2,TSPAN1,APBA2","chea3","597","0.166099999999999998",NA,NA,"","3","GTEx--Coexpression(rank=267); Enrichr--Queries(rank=392); ARCHS4--Coexpression(rank=1453)","597","0.166099999999999998","GTEx Coexpression,0.1661"
"DEG_LD_SW480","598","MEF2A","0.166500000000000009","ARCHS4 Coexpression,0.1665","RYR1,RYR2,DOCK4,TNNC1,LDLRAD4,OGFRL1,MRAS,SH3PXD2A,SH3TC1,MYL2,DSE,SSPN,CORO6,TCAP,DMD,KCTD12,TLN2,ASB2,RBM24,TLR4","chea3","598","0.166500000000000009",NA,NA,"","6","ENCODE--ChIP-seq(rank=52); Literature--ChIP-seq(rank=83); ReMap--ChIP-seq(rank=135); ARCHS4--Coexpression(rank=271); GTEx--Coexpression(rank=763); Enrichr--Queries(rank=940)","598","0.166500000000000009","ARCHS4 Coexpression,0.1665"
"DEG_LD_SW480","599","NR4A1","0.167099999999999999","ARCHS4 Coexpression,0.1671","ZNF331,CD74,TLE2,EGR3,CEBPD,EPAS1,TMEM176B,NEDD9,TREM2,PALD1,NR4A3,MLPH,MYO15B,SH3TC1,NFKBIZ,PDK4,OLR1,IGFBP7,ATF3,HAVCR2","chea3","599","0.167099999999999999",NA,NA,"","4","ReMap--ChIP-seq(rank=204); ARCHS4--Coexpression(rank=272); GTEx--Coexpression(rank=372); Enrichr--Queries(rank=570)","599","0.167099999999999999","ARCHS4 Coexpression,0.1671"
"DEG_LD_SW480","600","PAX1","0.167699999999999988","ARCHS4 Coexpression,0.1677","COL27A1,GSTO2,TTC7B,PLAT,TMTC1,LRP2,KRT32,SORCS2,ABO,CST5,MYO1D,GOLGA6A,ALCAM,PDE10A,SIX2,ADAM23,CFAP69,ZBED2,SLIT3,FGF13","chea3","600","0.167699999999999988",NA,NA,"","3","ARCHS4--Coexpression(rank=273); Enrichr--Queries(rank=680); GTEx--Coexpression(rank=1234)","600","0.167699999999999988","ARCHS4 Coexpression,0.1677"
"DEG_LD_SW480","601","ZNF618","0.168000000000000010","GTEx Coexpression,0.168","ECM2,PRRX1,PCOLCE,XPC,LTBP2,BICC1,NT5E,OLFML3,PDGFC,GATAD1,TRIP6,CDH11,MXRA8,ROR1,IGFBP7,PLA2R1,HDX,CDK15,ZNF311","chea3","601","0.168000000000000010",NA,NA,"","3","GTEx--Coexpression(rank=270); ARCHS4--Coexpression(rank=289); Enrichr--Queries(rank=501)","601","0.168000000000000010","GTEx Coexpression,0.168"
"DEG_LD_SW480","602","ESRRA","0.168399999999999994","ReMap ChIP-seq,0.1684","CD82,ITGB2,IL24,CBLC,ARRB1,KLHDC7A,CX3CL1,GALNT10,LASP1,MDK,PDK4,TBC1D10C,TNS4,LMCD1,EPHB4,SLC12A9,EDN1,MRPS24,SPNS2,TMC8,TMEM40,KCNK15,AFAP1,TMC6,MBLAC1,KRT36,S100A3,DLX3,DLX4,EPAS1,ODC1,KRT86,CYGB,THSD4,ATXN1,ABLIM3,ACSS1,TSPAN1,TFAP2A,VDR,MACC1,ARHGEF38,KRT13,NR1D1,FBXO32,BATF,SLC6A6,SLC4A8,MLPH,MYO15B,FASN,CD7,TCAP","chea3","602","0.168399999999999994",NA,NA,"","5","ReMap--ChIP-seq(rank=50); ENCODE--ChIP-seq(rank=51); ARCHS4--Coexpression(rank=1071); GTEx--Coexpression(rank=1097); Enrichr--Queries(rank=1196)","602","0.168399999999999994","ReMap ChIP-seq,0.1684"
"DEG_LD_SW480","603","HOXB8","0.168600000000000000","GTEx Coexpression,0.1686","TMEM151A,ARRDC4,KCNJ10,USH1C,TREM2,PRR5L,EBF3,SLAIN1,DTX4,QKI,GNAI1,RASGRP3,TMEM144,RASSF2,SNORC,CHADL,FEZ1,SELENOP,VTI1B","chea3","603","0.168600000000000000",NA,NA,"","3","GTEx--Coexpression(rank=271); Enrichr--Queries(rank=359); ARCHS4--Coexpression(rank=1220)","603","0.168600000000000000","GTEx Coexpression,0.1686"
"DEG_LD_SW480","604","NFIB","0.168899999999999995","ARCHS4 Coexpression,0.1689","NLGN1,AUTS2,BCL11B,BCL11A,PELI2,HUNK,EML1,CACNA1E,GDAP1,TIAM2,NKAIN1,PTPRZ1,NBEA,CAMKV,PDGFC,RNF182,PHACTR3,NCAM1,FGF13,MARK1","chea3","604","0.168899999999999995",NA,NA,"","4","Literature--ChIP-seq(rank=68); ARCHS4--Coexpression(rank=275); GTEx--Coexpression(rank=333); Enrichr--Queries(rank=450)","604","0.168899999999999995","ARCHS4 Coexpression,0.1689"
"DEG_LD_SW480","605","TBX21","0.169500000000000012","ARCHS4 Coexpression,0.1695","TSC22D4,SELPLG,APOBEC3G,GMFG,SH2D2A,ITGB2,TMC8,SECTM1,PRR5L,TMC6,ARHGAP45,LFNG,ACAP1,CD7,ARHGEF3,TBC1D10C,NLRP1,CYTIP,PLCB2,SLC12A9","chea3","605","0.169500000000000012",NA,NA,"","4","ReMap--ChIP-seq(rank=163); ARCHS4--Coexpression(rank=276); GTEx--Coexpression(rank=312); Enrichr--Queries(rank=678)","605","0.169500000000000012","ARCHS4 Coexpression,0.1695"
"DEG_LD_SW480","606","HMGA2","0.170500000000000013","GTEx Coexpression,0.1705","HS3ST3A1,MPP4,CLEC11A,PSG1,PLOD3,PCOLCE,DKK1,DCBLD2,LOXL2,SPOCD1,RFX8,NT5E,COL5A2,COL6A3,TGFBI,STEAP1,ULBP2,CDK15,VGLL3","chea3","606","0.170500000000000013",NA,NA,"","3","GTEx--Coexpression(rank=274); Enrichr--Queries(rank=513); ARCHS4--Coexpression(rank=816)","606","0.170500000000000013","GTEx Coexpression,0.1705"
"DEG_LD_SW480","607","HIC1","0.171100000000000002","GTEx Coexpression,0.1711","ABCD4,AFAP1L1,PHLPP1,BNC2,VWF,TSHZ3,STARD8,HTRA3,TSHZ2,TET1,PCOLCE,EBF3,GNG11,CYGB,BST2,KIF26A,OLFML3,MXRA8,MATN2","chea3","607","0.171100000000000002",NA,NA,"","3","Enrichr--Queries(rank=252); GTEx--Coexpression(rank=275); ARCHS4--Coexpression(rank=551)","607","0.171100000000000002","GTEx Coexpression,0.1711"
"DEG_LD_SW480","608","SP140","0.171399999999999997","ARCHS4 Coexpression,0.1714","SELPLG,APOBEC3G,GMFG,ANKRD44,SH2D2A,ITGB2,TMC8,TMC6,ARHGAP45,ISG20,ACAP1,RASSF2,OAS1,CD7,CASP4,TBC1D10C,RUBCNL,LGALS9,CYTIP,PLCB2","chea3","608","0.171399999999999997",NA,NA,"","3","ARCHS4--Coexpression(rank=279); GTEx--Coexpression(rank=351); Enrichr--Queries(rank=814)","608","0.171399999999999997","ARCHS4 Coexpression,0.1714"
"DEG_LD_SW480","609","KLF12","0.171999999999999986","ARCHS4 Coexpression,0.172","AUTS2,MAML2,ATP8A1,BCL11B,ANKRD44,PDE3B,MGST1,TMC8,DCLK2,CRMP1,RORA,QKI,ACAP1,NBEA,TRIP6,TBC1D10C,NCAM1,NLRP1,APBA2,PAG1","chea3","609","0.171999999999999986",NA,NA,"","3","ARCHS4--Coexpression(rank=280); Enrichr--Queries(rank=317); GTEx--Coexpression(rank=514)","609","0.171999999999999986","ARCHS4 Coexpression,0.172"
"DEG_LD_SW480","610","LHX8","0.172399999999999998","GTEx Coexpression,0.1724","KIRREL3,BEX4,PHLPP1,KCNJ10,LRRC10B,PCP4L1,GRIK4,STON2,CACNA1E,CPLX1,WFDC2,LMF1,SOX2,PDE10A,SLPI,CAMKV,ANKRD63,CNMD,CACNG4","chea3","610","0.172399999999999998",NA,NA,"","3","GTEx--Coexpression(rank=277); Enrichr--Queries(rank=347); ARCHS4--Coexpression(rank=793)","610","0.172399999999999998","GTEx Coexpression,0.1724"
"DEG_LD_SW480","611","ZBTB46","0.173800000000000010","ARCHS4 Coexpression,0.1738","TFAP2A,RERE,CNTFR,NYAP1,CARMIL3,AUTS2,ESRRB,DAB2IP,EBF3,MAPK8IP1,BEGAIN,NKAIN1,KIF26A,KIF5C,LHX2,WNK2,KCNQ2,GPC2,NCAM1,ADAMTS7","chea3","611","0.173800000000000010",NA,NA,"","3","ARCHS4--Coexpression(rank=283); GTEx--Coexpression(rank=518); Enrichr--Queries(rank=729)","611","0.173800000000000010","ARCHS4 Coexpression,0.1738"
"DEG_LD_SW480","612","HOXA2","0.174499999999999988","Enrichr Queries,0.1745","EPAS1,SHOX2,RORA,HOXD10,LOXL2,LFNG,SOX2,DACH1,HEY1,OLFML3,PDK4,TFAP2A,EDN1,EGR3,PRRX1,BCL11A,IRX3,EBF3,SERPINB8,PGF,ACTA2,TGFBR3,ALDH1A3,COL2A1,LHX2,SELENOP,CDH11,CNTN1,COL6A3,PPARG,TGFBI,ATF3,MATN2","chea3","612","0.174499999999999988",NA,NA,"","4","Literature--ChIP-seq(rank=127); Enrichr--Queries(rank=245); ARCHS4--Coexpression(rank=420); GTEx--Coexpression(rank=915)","612","0.174499999999999988","Enrichr Queries,0.1745"
"DEG_LD_SW480","613","LYL1","0.175100000000000006","ARCHS4 Coexpression,0.1751","MPP1,ALAS2,KCNE3,GMFG,PTAFR,ITGB2,TMC8,SECTM1,ARRB1,ARHGAP45,SPN,ACAP1,FES,GRAP2,CAT,TBC1D10C,TRIM58,LGALS9,PLCB2,SLC12A9","chea3","613","0.175100000000000006",NA,NA,"","5","Literature--ChIP-seq(rank=52); ReMap--ChIP-seq(rank=97); ARCHS4--Coexpression(rank=285); Enrichr--Queries(rank=676); GTEx--Coexpression(rank=696)","613","0.175100000000000006","ARCHS4 Coexpression,0.1751"
"DEG_LD_SW480","614","SMAD3","0.175100000000000006","ReMap ChIP-seq,0.1751","MCM7,CBLC,ARRB1,NAT16,LFNG,SOX2,ALCAM,DBP,SPTLC3,AP1S1,UPP1,TNS4,LMCD1,BAHCC1,CFAP45,CTSB,EDN1,ANXA1,DKK1,TM4SF1,SYTL3,PALD1,DKK3,VGF,MXRA8,ARHGEF3,CHI3L1,ROR1,FSCN2,S100A3,FURIN,LTBP2,KRT86,NT5E,ATXN1,SERTAD4,ABLIM3,PDGFC,SFN,GABRE,BEND6,TFAP2A,MYBPH,KRT13,NR1D1,FBXO32,PDP1,SLC6A6,CDK6,MLPH,TRIP6,PSMG3,TGFBI","chea3","614","0.175100000000000006",NA,NA,"","5","Literature--ChIP-seq(rank=39); ReMap--ChIP-seq(rank=52); GTEx--Coexpression(rank=400); Enrichr--Queries(rank=923); ARCHS4--Coexpression(rank=1170)","614","0.175100000000000006","ReMap ChIP-seq,0.1751"
"DEG_LD_SW480","615","RAX2","0.175499999999999989","GTEx Coexpression,0.1755","WDR17,CDRT4,UNC13A,TMEM63C,CRMP1,FAM86B1,MSI1,BAIAP3,NAT16,TGFBR3L,SLC4A8,ZMAT1,MDK,SLC22A17,NAALAD2,ZP1,NLRP1,DZIP3,CHGB","chea3","615","0.175499999999999989",NA,NA,"","3","GTEx--Coexpression(rank=282); ARCHS4--Coexpression(rank=598); Enrichr--Queries(rank=989)","615","0.175499999999999989","GTEx Coexpression,0.1755"
"DEG_LD_SW480","616","ZNF248","0.175699999999999995","ARCHS4 Coexpression,0.1757","BEX4,WDR17,RTN1,STXBP1,CRMP1,AKAP6,NMNAT2,CACNA1E,GDAP1,SLC16A14,ELAVL2,PCLO,NBEA,KIF5C,FEZ1,NCAM1,APBB1,SCN3B,TRPM6,DZIP3","chea3","616","0.175699999999999995",NA,NA,"","3","ARCHS4--Coexpression(rank=286); GTEx--Coexpression(rank=467); Enrichr--Queries(rank=838)","616","0.175699999999999995","ARCHS4 Coexpression,0.1757"
"DEG_LD_SW480","617","ZNF362","0.176100000000000007","GTEx Coexpression,0.1761","OCA2,ECM2,ITPR1,LTBP2,HSPG2,MYO1D,ACTA2,SH3BGRL,RCAN2,PDGFC,SSPN,COL8A2,CDH13,ROR1,IGFBP7,IGSF9B,SUSD5,SMIM10,HDX","chea3","617","0.176100000000000007",NA,NA,"","3","GTEx--Coexpression(rank=283); ARCHS4--Coexpression(rank=674); Enrichr--Queries(rank=797)","617","0.176100000000000007","GTEx Coexpression,0.1761"
"DEG_LD_SW480","618","LHX3","0.177300000000000013","GTEx Coexpression,0.1773","WDR17,CDRT4,SEC13,UNC13A,GSTO2,TMEM63C,CRMP1,BAIAP3,NAT16,TGFBR3L,SLC4A8,GAL,ZMAT1,MDK,NAALAD2,ZP1,NLRP1,DZIP3,CHGB","chea3","618","0.177300000000000013",NA,NA,"","3","GTEx--Coexpression(rank=285); Enrichr--Queries(rank=488); ARCHS4--Coexpression(rank=579)","618","0.177300000000000013","GTEx Coexpression,0.1773"
"DEG_LD_SW480","619","PRDM1","0.177999999999999992","ENCODE ChIP-seq,0.178","ACHE,CPNE8,CD82,MAML2,ITGB2,IL24,SECTM1,KIF12,FZD10,STON2,CLDN1,RND3,HERC5,CHCHD4,ZCWPW1,ALCAM,DUSP10,DBP,TMEM43,MDK,CASP4,OLR1,BCAP29,AP1S1,EPHB4,SLC12A9,CSGALNACT1,EDN1,BUD31,KCNK15,ACSL5,BTN3A2,SERPINB8,SERPINB5,RAB30,ARHGEF3,ERH,ATF3,TLR3,TMEM45A,VGLL3,CEBPD,EPAS1,MEPCE,PELI2,PRR5L,NOD2,SLC7A2,FAM156A,ABLIM3,PLEK2,IGFBP7,GABRE,TFAP2A,SIVA1,TNFSF15,GREB1,XRCC3,MOCOS,PDAP1,NR1D1,NMNAT2,CDK6,NR4A3,ARMC10,UST,TRIP6,PSMG3,CDK15,BET1","chea3","619","0.177999999999999992",NA,NA,"","5","ENCODE--ChIP-seq(rank=21); ReMap--ChIP-seq(rank=159); Enrichr--Queries(rank=297); ARCHS4--Coexpression(rank=354); GTEx--Coexpression(rank=885)","619","0.177999999999999992","ENCODE ChIP-seq,0.178"
"DEG_LD_SW480","620","MYRFL","0.177999999999999992","GTEx Coexpression,0.178","SLC46A3,MOGAT3,GDA,VDR,USH1C,ENTPD8,ACSL5,KCNA6,PLB1,MGAM2,SLC7A7,MYO15B,CLDN15,GPA33,XPNPEP2,SELENOP,PRR15,ALPI,CA13","chea3","620","0.177999999999999992",NA,NA,"","2","GTEx--Coexpression(rank=286); ARCHS4--Coexpression(rank=376)","620","0.177999999999999992","GTEx Coexpression,0.178"
"DEG_LD_SW480","621","E2F6","0.178499999999999992","ReMap ChIP-seq,0.1785","ZNF512B,IFITM3,ACHE,IFITM1,MOGAT3,MCM7,SECTM1,HOXC11,UFSP1,NAT16,LFNG,LYL1,ZCWPW1,DBP,HYAL1,TBC1D10C,AP1S1,PTGDS,BAHCC1,HES7,HS3ST3B1,CCDC116,TMC8,PCOLCE,TMC6,HSPG2,TEX19,ARHGAP45,MBLAC1,VGF,TFR2,MXRA8,FSCN2,TEDC1,NXPH4,MEPCE,TEX22,HOXD13,HOXD11,HOXD10,CYGB,TGFBR3L,ZNF469,NAPSA,NR1D1,GNB2,CD7,TRIP6,PSMG3,YPEL1,RSPH14,CORO6,NOTUM","chea3","621","0.178499999999999992",NA,NA,"","5","ENCODE--ChIP-seq(rank=36); ReMap--ChIP-seq(rank=53); ARCHS4--Coexpression(rank=623); GTEx--Coexpression(rank=1025); Enrichr--Queries(rank=1067)","621","0.178499999999999992","ReMap ChIP-seq,0.1785"
"DEG_LD_SW480","622","GSX1","0.178600000000000009","GTEx Coexpression,0.1786","BEX4,ACHE,NYAP1,ECEL1,GABRA3,DCLK2,CRMP1,SOX14,FAIM2,ZDHHC22,GDAP1,ELAVL2,SYT17,VGF,GNG4,SLC22A17,FEZF1,VAT1L,BEX5","chea3","622","0.178600000000000009",NA,NA,"","3","GTEx--Coexpression(rank=287); Enrichr--Queries(rank=791); ARCHS4--Coexpression(rank=805)","622","0.178600000000000009","GTEx Coexpression,0.1786"
"DEG_LD_SW480","623","ZNF835","0.179199999999999998","GTEx Coexpression,0.1792","RPS6KL1,KCND3,STXBP1,NTM,DAB2IP,ADAM11,TTC7B,NMNAT2,SOBP,MAPK8IP2,MMP24,KIAA1614,NBEA,NCAM1,CKB,APBB1,BSN,APBA2,BEND6","chea3","623","0.179199999999999998",NA,NA,"","3","GTEx--Coexpression(rank=288); Enrichr--Queries(rank=409); ARCHS4--Coexpression(rank=683)","623","0.179199999999999998","GTEx Coexpression,0.1792"
"DEG_LD_SW480","624","POU1F1","0.179799999999999988","GTEx Coexpression,0.1798","WDR17,CDRT4,SEC13,UNC13A,GSTO2,TMEM63C,CRMP1,BAIAP3,NAT16,TGFBR3L,SLC4A8,ZMAT1,MDK,NAALAD2,ZP1,NLRP1,DZIP3,CHGB,BET1","chea3","624","0.179799999999999988",NA,NA,"","3","GTEx--Coexpression(rank=289); ARCHS4--Coexpression(rank=464); Enrichr--Queries(rank=919)","624","0.179799999999999988","GTEx Coexpression,0.1798"
"DEG_LD_SW480","625","ZNF10","0.180900000000000005","Enrichr Queries,0.1809","ZNF331,ZNF273,ATP8A1,PELI2,PDE3B,ITPR1,RORA,HERC5,ZMAT1,NFKBIZ,ZNF107,DMD,ARRDC4,CADPS2,AUTS2,BCL11A,ASNS,SERPINB8,SLC16A14,SYTL2,TGFBR3,ZNF92,CDK6,NR4A3,ZNF93,NBEA,SELENOP,ZNF239,ZNF711,ZNF117,KBTBD8,ATF3,DZIP3","chea3","625","0.180900000000000005",NA,NA,"","3","Enrichr--Queries(rank=254); GTEx--Coexpression(rank=665); ARCHS4--Coexpression(rank=1061)","625","0.180900000000000005","Enrichr Queries,0.1809"
"DEG_LD_SW480","626","POU2F2","0.181200000000000000","ARCHS4 Coexpression,0.1812","CARMIL3,PTAFR,ITGB2,TMC8,TMC6,SOBP,ARHGAP45,LFNG,ACAP1,RASSF2,KIF5C,ORAI2,TBC1D10C,RUBCNL,GPC2,NCAM1,LGALS9,NLRP1,PLCB2,SLC12A9","chea3","626","0.181200000000000000",NA,NA,"","5","ENCODE--ChIP-seq(rank=105); ReMap--ChIP-seq(rank=203); ARCHS4--Coexpression(rank=295); GTEx--Coexpression(rank=537); Enrichr--Queries(rank=586)","626","0.181200000000000000","ARCHS4 Coexpression,0.1812"
"DEG_LD_SW480","627","TBX2","0.181700000000000000","GTEx Coexpression,0.1817","SFTPB,NAPSA,VIPR1,ECM2,VWF,EPAS1,STARD8,NEDD9,LTBP2,NPNT,SHROOM4,PALD1,SLC6A4,SHE,PTPRB,OLR1,SLIT3,IGFBP7,ADAMTS8","chea3","627","0.181700000000000000",NA,NA,"","3","GTEx--Coexpression(rank=292); Enrichr--Queries(rank=370); ARCHS4--Coexpression(rank=1019)","627","0.181700000000000000","GTEx Coexpression,0.1817"
"DEG_LD_SW480","628","NFE2L3","0.182299999999999990","GTEx Coexpression,0.1823","GSDMA,MACC1,CBLC,SOBP,CLDN1,SERPINB8,XKRX,LFNG,FLG2,GPRIN2,IFT22,PNMA1,BCAP29,ZNF107,SPTSSB,ZNF853,EXPH5,TMEM45A,MARK1","chea3","628","0.182299999999999990",NA,NA,"","3","GTEx--Coexpression(rank=293); Enrichr--Queries(rank=372); ARCHS4--Coexpression(rank=1383)","628","0.182299999999999990","GTEx Coexpression,0.1823"
"DEG_LD_SW480","629","DPF3","0.182299999999999990","Enrichr Queries,0.1823","EPAS1,NTM,DYSF,ITPR1,RORA,EFNA5,THSD4,LOXL2,NT5E,DUSP10,HEY1,SPOCK1,NCAM1,ABCA1,CADPS2,EGLN3,AUTS2,BCL11B,BCL11A,FBXO32,SORCS2,SERPINB8,TGFBR3,CDK6,NR4A3,SLCO3A1,KIF26B,KCNMA1,CDH11,CDH13,KCTD12,ATF3,MATN2","chea3","629","0.182299999999999990",NA,NA,"","3","Enrichr--Queries(rank=256); ARCHS4--Coexpression(rank=577); GTEx--Coexpression(rank=688)","629","0.182299999999999990","Enrichr Queries,0.1823"
"DEG_LD_SW480","630","MLXIPL","0.182999999999999996","Enrichr Queries,0.183","IFITM3,MAOB,EPAS1,MGST1,SLC7A2,HYAL1,MCF2L,PDK4,CKB,ABCA1,MYH7B,CD74,CADPS2,TLE2,CHCHD10,ASNS,IGF1,NR1D1,SERPINB8,KLF15,ACTA2,TGFBR3,FASN,CAT,SELENOP,PNPLA3,CNTN1,PPARG,ALDOC,TGFBI,AGXT,GPRC5C,ATF3","chea3","630","0.182999999999999996",NA,NA,"","3","Enrichr--Queries(rank=257); ARCHS4--Coexpression(rank=664); GTEx--Coexpression(rank=989)","630","0.182999999999999996","Enrichr Queries,0.183"
"DEG_LD_SW480","631","HOXA3","0.183700000000000002","ARCHS4 Coexpression,0.1837","CPNE8,ANXA1,ITGB2,HOXD13,HOXD11,HOXC11,HOXD10,BICC1,TM4SF1,MED12L,DCBLD2,EREG,PDGFC,CAT,PSMG3,SSPN,SAA1,APBB1,NLRP1,BAHCC1","chea3","631","0.183700000000000002",NA,NA,"","3","ARCHS4--Coexpression(rank=299); Enrichr--Queries(rank=548); GTEx--Coexpression(rank=938)","631","0.183700000000000002","ARCHS4 Coexpression,0.1837"
"DEG_LD_SW480","632","BATF2","0.184200000000000003","GTEx Coexpression,0.1842","SELPLG,KCNE3,GMFG,PTAFR,DYSF,SECTM1,BTN3A2,TMEM60,ARHGAP45,ISG20,SLC7A7,FES,CASP4,TBC1D10C,FBXO6,LGALS9,SLC15A3,PLCB2,SLC12A9","chea3","632","0.184200000000000003",NA,NA,"","3","GTEx--Coexpression(rank=296); Enrichr--Queries(rank=348); ARCHS4--Coexpression(rank=571)","632","0.184200000000000003","GTEx Coexpression,0.1842"
"DEG_LD_SW480","633","TSHZ1","0.184499999999999997","Enrichr Queries,0.1845","CD82,TSHZ3,EPAS1,TSHZ2,ITPR1,NEDD9,RORA,EFNA5,ATXN1,ALCAM,DACH1,SH3PXD2A,PDGFC,NFKBIZ,NCAM1,PAG1,ABCA1,ANXA1,AUTS2,BCL11B,BCL11A,F2R,FBXO32,SERPINB8,TGFBR3,DAB2,SELENOP,CDH11,ARHGEF3,CNTN1,KCTD12,TGFBI,ATF3","chea3","633","0.184499999999999997",NA,NA,"","3","Enrichr--Queries(rank=259); ARCHS4--Coexpression(rank=313); GTEx--Coexpression(rank=956)","633","0.184499999999999997","Enrichr Queries,0.1845"
"DEG_LD_SW480","634","ZNF24","0.185200000000000004","ReMap ChIP-seq,0.1852","KCNG1,CD82,MCM7,SLC44A2,LYL1,ZCWPW1,DBP,HEY1,FBXO6,LBP,CTSB,SEC13,CCDC116,SLC30A2,CLEC11A,TMC8,TMC6,BTN3A2,HSPG2,TFR2,MXRA8,RHCE,ARL8B,SELPLG,HTRA3,MEPCE,ODC1,SLC43A1,ASAP3,IFI6,FURIN,SDSL,ADAMTS14,CACNG8,PRAME,LY6G6D,TFAP2A,GALNT5,MACC1,ARPC4,NR1D1,BAIAP3,SLC6A6,FES,TRPV4,YPEL1,TCAP,EFHB,SLC26A9,CAMK1,RAB5A,SIGLEC6","chea3","634","0.185200000000000004",NA,NA,"","4","ReMap--ChIP-seq(rank=55); GTEx--Coexpression(rank=574); Enrichr--Queries(rank=1362); ARCHS4--Coexpression(rank=1605)","634","0.185200000000000004","ReMap ChIP-seq,0.1852"
"DEG_LD_SW480","635","SP140L","0.185400000000000009","GTEx Coexpression,0.1854","CD74,APOBEC3G,ANKRD44,IL24,TMC8,TMC6,BTN3A2,ARHGAP45,ISG20,CD4,ACAP1,SH3TC1,FES,GRAP2,TBC1D10C,RUBCNL,CYTIP,SLC15A3,PLCB2","chea3","635","0.185400000000000009",NA,NA,"","2","GTEx--Coexpression(rank=298); ARCHS4--Coexpression(rank=457)","635","0.185400000000000009","GTEx Coexpression,0.1854"
"DEG_LD_SW480","636","ZNF80","0.186099999999999988","GTEx Coexpression,0.1861","ANKRD44,SH2D2A,IL24,PLEK,TMC8,TMC6,BTN3A2,SYTL3,ARHGAP45,ISG20,CD4,ACAP1,GRAP2,CD7,TBC1D10C,RUBCNL,CYTIP,PLCB2,HAVCR2","chea3","636","0.186099999999999988",NA,NA,"","3","GTEx--Coexpression(rank=299); ARCHS4--Coexpression(rank=517); Enrichr--Queries(rank=752)","636","0.186099999999999988","GTEx Coexpression,0.1861"
"DEG_LD_SW480","637","IRF5","0.186099999999999988","ARCHS4 Coexpression,0.1861","CD74,PTAFR,ITGB2,PLEK,SECTM1,TMC6,NOD2,ARHGAP45,SPN,CD4,SLC7A7,OAS1,SH3TC1,FES,LGALS9,SLC15A3,RAB7B,PLCB2,TLR4,CTSB","chea3","637","0.186099999999999988",NA,NA,"","3","ARCHS4--Coexpression(rank=303); Enrichr--Queries(rank=741); GTEx--Coexpression(rank=900)","637","0.186099999999999988","ARCHS4 Coexpression,0.1861"
"DEG_LD_SW480","638","CDX1","0.186700000000000005","ARCHS4 Coexpression,0.1867","FCGBP,VIPR1,VDR,USH1C,ENTPD8,CBLC,ACSL5,PLB1,ABO,SLC9A2,MYO1D,MGAM2,MYO15B,CLDN15,GPA33,XPNPEP2,SELENOP,PRR15,ALPI,TSPAN1","chea3","638","0.186700000000000005",NA,NA,"","3","ARCHS4--Coexpression(rank=304); GTEx--Coexpression(rank=553); Enrichr--Queries(rank=711)","638","0.186700000000000005","ARCHS4 Coexpression,0.1867"
"DEG_LD_SW480","639","PAX4","0.187299999999999994","Enrichr Queries,0.1873","CHRNA1,ATP8A1,CEBPD,FRMPD1,PRUNE2,CRYBA2,FMN1,CACNA1E,LOXL2,SOX2,ALCAM,KIF5C,GNG4,RASSF6,TSPAN1,CNMD,VAT1L,CHGB,KIRREL3,ARRDC4,CADPS2,CHRNB4,GREB1,ECEL1,CADPS,TGFBR3,RAB30,TH,CNTN1,PPARG,ASB4,SLC26A4,ATF3","chea3","639","0.187299999999999994",NA,NA,"","3","Enrichr--Queries(rank=263); GTEx--Coexpression(rank=630); ARCHS4--Coexpression(rank=970)","639","0.187299999999999994","Enrichr Queries,0.1873"
"DEG_LD_SW480","640","ZNF285","0.187900000000000011","GTEx Coexpression,0.1879","RPS6KL1,KCND3,STXBP1,NTM,ADAM11,TTC7B,NMNAT2,MAPK8IP2,AP3B2,GDAP1,PCLO,NBEA,KCNQ2,CNTN1,NCAM1,APBB1,BSN,APBA2,BEND6","chea3","640","0.187900000000000011",NA,NA,"","2","GTEx--Coexpression(rank=302); ARCHS4--Coexpression(rank=883)","640","0.187900000000000011","GTEx Coexpression,0.1879"
"DEG_LD_SW480","641","TERF2","0.189200000000000007","GTEx Coexpression,0.1892","RPS6KL1,RTN1,KIAA1549L,TTC7B,ACSL6,FAIM2,SYP,ZDHHC22,MAPK8IP2,HPCAL4,SPTB,GDAP1,KIF5C,KCNQ2,EEF1A2,METTL6,BSN,APBA2,BEND6","chea3","641","0.189200000000000007",NA,NA,"","4","ReMap--ChIP-seq(rank=252); GTEx--Coexpression(rank=304); ARCHS4--Coexpression(rank=889); Enrichr--Queries(rank=1326)","641","0.189200000000000007","GTEx Coexpression,0.1892"
"DEG_LD_SW480","642","HOXB4","0.189500000000000002","Enrichr Queries,0.1895","CEBPD,TSHZ3,EPAS1,PLAT,HOXD10,LOXL2,DACH1,NCAM1,TFAP2A,NGFR,EDN1,EGR3,ANXA1,PRRX1,IRX3,F2R,EBF3,SERPINB8,PGF,BST2,ACTA2,TGFBR3,ALDH1A3,CDK6,KIF26B,COL5A2,CDH11,CNTN1,COL6A3,PPARG,KCTD12,TGFBI,ATF3","chea3","642","0.189500000000000002",NA,NA,"","4","Literature--ChIP-seq(rank=162); Enrichr--Queries(rank=266); GTEx--Coexpression(rank=891); ARCHS4--Coexpression(rank=1107)","642","0.189500000000000002","Enrichr Queries,0.1895"
"DEG_LD_SW480","643","IRF8","0.189799999999999996","GTEx Coexpression,0.1898","CD74,APOBEC3G,ANKRD44,IL24,PLEK,TMC8,TMC6,BTN3A2,BATF,ARHGAP45,SPN,ISG20,ACAP1,TBC1D10C,RUBCNL,ZNF107,LGALS9,PLCB2,KBTBD8","chea3","643","0.189799999999999996",NA,NA,"","4","Literature--ChIP-seq(rank=78); GTEx--Coexpression(rank=305); ARCHS4--Coexpression(rank=652); Enrichr--Queries(rank=692)","643","0.189799999999999996","GTEx Coexpression,0.1898"
"DEG_LD_SW480","644","ZNF428","0.189799999999999996","ARCHS4 Coexpression,0.1898","CNTFR,NYAP1,AUTS2,KCNK15,DCLK2,CRMP1,EBF3,SOBP,MAPK8IP1,FAM133B,SOX2,NKAIN1,KIF5C,LHX2,GPC2,NCAM1,APBB1,SCN3B,BEX5","chea3","644","0.189799999999999996",NA,NA,"","3","ARCHS4--Coexpression(rank=309); GTEx--Coexpression(rank=436); Enrichr--Queries(rank=1265)","644","0.189799999999999996","ARCHS4 Coexpression,0.1898"
"DEG_LD_SW480","645","ZBTB22","0.190400000000000014","GTEx Coexpression,0.1904","TFAP2A,OCA2,DLX3,BCL11B,BCL11A,TNFRSF18,ARPC4,NOD2,LYPD5,SERPINB8,NKPD1,SERPINB5,KLK7,SUMF1,XKRX,SPTLC3,PERP,GNB2,TMEM45A","chea3","645","0.190400000000000014",NA,NA,"","3","GTEx--Coexpression(rank=306); Enrichr--Queries(rank=1179); ARCHS4--Coexpression(rank=1440)","645","0.190400000000000014","GTEx Coexpression,0.1904"
"DEG_LD_SW480","646","NKX23","0.190400000000000014","ARCHS4 Coexpression,0.1904","CD74,CD82,GMFG,MLNR,ABO,SPN,BST2,LYL1,ACAP1,SLCO3A1,MYO15B,CLDN15,GPA33,FES,XPNPEP2,COL5A3,CAT,LGALS9,SMIM10","chea3","646","0.190400000000000014",NA,NA,"","2","ARCHS4--Coexpression(rank=310); GTEx--Coexpression(rank=764)","646","0.190400000000000014","ARCHS4 Coexpression,0.1904"
"DEG_LD_SW480","647","HDX","0.190899999999999986","Enrichr Queries,0.1909","TENM1,IFITM1,BNC2,IFI6,EFNA5,RND3,RASGRP3,AFF2,HERC5,ALCAM,KIF5C,DMD,SLC16A2,ABCA1,ARRDC4,CADPS2,EDN1,EGR3,SYT1,SERPINB8,BST2,ISG20,CDK6,NR4A3,IFI27,NBEA,OAS1,FASN,KCNMA1,CMPK2,ZNF711,ATF3,TLR3","chea3","647","0.190899999999999986",NA,NA,"","3","Enrichr--Queries(rank=268); GTEx--Coexpression(rank=658); ARCHS4--Coexpression(rank=871)","647","0.190899999999999986","Enrichr Queries,0.1909"
"DEG_LD_SW480","648","AHDC1","0.191000000000000003","GTEx Coexpression,0.191","ZNF512B,TFAP2A,OCA2,ZNF273,ASAP3,TMEM40,RORA,FZD10,NR1D1,PTPN13,SERPINB5,KLK7,BICRA,TP53AIP1,VANGL2,PERP,SFN,EXPH5,NECTIN1","chea3","648","0.191000000000000003",NA,NA,"","3","GTEx--Coexpression(rank=307); ARCHS4--Coexpression(rank=680); Enrichr--Queries(rank=935)","648","0.191000000000000003","GTEx Coexpression,0.191"
"DEG_LD_SW480","649","ZNF154","0.191599999999999993","Enrichr Queries,0.1916","CPM,SPON1,PARM1,ATP8A1,BNC2,CEBPD,TSHZ3,TSHZ2,RORA,FMN1,AK5,NT5E,SH3PXD2A,DMD,GABRE,ABCA1,CSGALNACT1,ARRDC4,CADPS2,ZNF681,EGR3,BCL11A,IGF1,SERPINB8,ACTA2,TGFBR3,TIAM1,ZNF737,KCNMA1,SSPN,ZNF711,ZNF117,IGSF9B","chea3","649","0.191599999999999993",NA,NA,"","3","Enrichr--Queries(rank=269); GTEx--Coexpression(rank=668); ARCHS4--Coexpression(rank=904)","649","0.191599999999999993","Enrichr Queries,0.1916"
"DEG_LD_SW480","650","SPI1","0.191899999999999987","ReMap ChIP-seq,0.1919","VIPR1,CD82,ITGB2,PLEK,ARRB1,CX3CL1,SPN,LFNG,ZCWPW1,LASP1,RASSF2,DUSP10,HYAL1,TBC1D10C,CFAP45,CTSB,CCDC116,ANKRD44,TMC8,TMC6,RNASE1,PALD1,ARHGAP45,IL1A,SLC7A7,IL1B,CAT,S100A3,PLCB2,SELPLG,SLC43A3,MEPCE,ITPR1,NEDD9,FURIN,NOD2,DEPP1,GPC2,NLRP3,CD74,EGR3,BCL11A,MACC1,ARPC4,NR1D1,QKI,SLC6A6,CD4,PPFIBP2,FES,GNB2,CASS4","chea3","650","0.191899999999999987",NA,NA,"","6","ENCODE--ChIP-seq(rank=48); ReMap--ChIP-seq(rank=57); Literature--ChIP-seq(rank=62); Enrichr--Queries(rank=330); ARCHS4--Coexpression(rank=342); GTEx--Coexpression(rank=613)","650","0.191899999999999987","ReMap ChIP-seq,0.1919"
"DEG_LD_SW480","651","NKX12","0.192299999999999999","GTEx Coexpression,0.1923","ECM1,ANXA1,HMGCS1,BCL11B,BCL11A,SPNS2,SHROOM2,KRT13,TMEM40,RAB27B,FSTL4,SERPINB5,KLK7,TP53AIP1,CAMKV,AP1S1,SFN,MUC21,NECTIN1","chea3","651","0.192299999999999999",NA,NA,"","2","GTEx--Coexpression(rank=309); ARCHS4--Coexpression(rank=941)","651","0.192299999999999999","GTEx Coexpression,0.1923"
"DEG_LD_SW480","652","ZNF425","0.192899999999999988","ARCHS4 Coexpression,0.1929","ZNF273,GSTO2,MOGAT3,FBXW10,PSPN,POLN,GTF2IRD2,PCDHB13,PTGR2,NCMAP,KCNV1,IFT22,ACOXL,LASP1,CFAP69,METTL6,ZNF556,FGF13,XKR5","chea3","652","0.192899999999999988",NA,NA,"","3","ARCHS4--Coexpression(rank=314); Enrichr--Queries(rank=860); GTEx--Coexpression(rank=892)","652","0.192899999999999988","ARCHS4 Coexpression,0.1929"
"DEG_LD_SW480","653","FBXL19","0.192899999999999988","GTEx Coexpression,0.1929","COL26A1,NYAP1,KIAA1549L,ACSL6,ILDR2,FAIM2,MAPK8IP2,HPCAL4,CPLX1,ELAVL2,FAM133A,OLFM1,RIMS4,JPH3,PPP4R4,KCNQ2,AP1S1,ZNF711,LZTS1","chea3","653","0.192899999999999988",NA,NA,"","2","GTEx--Coexpression(rank=310); ARCHS4--Coexpression(rank=1057)","653","0.192899999999999988","GTEx Coexpression,0.1929"
"DEG_LD_SW480","654","ZNF99","0.193000000000000005","Enrichr Queries,0.193","RYR2,TENM1,FCGBP,ZNF273,FMN1,MED12L,ELAVL2,PCLO,EGFLAM,ZNF429,ZNF107,DMD,ZNF469,BSN,TRPM6,EXPH5,ZNF486,CADPS2,EGLN3,ZNF681,ADGRV1,MUC16,TET1,EBF3,SERPINB8,TGFBR3,ZNF93,ZNF737,KCNMA1,CDH11,CNTN1,TRIM58,ZNF117","chea3","654","0.193000000000000005",NA,NA,"","3","Enrichr--Queries(rank=271); ARCHS4--Coexpression(rank=771); GTEx--Coexpression(rank=777)","654","0.193000000000000005","Enrichr Queries,0.193"
"DEG_LD_SW480","655","FOXP3","0.193500000000000005","ARCHS4 Coexpression,0.1935","SELPLG,VDR,TNFRSF18,SH2D2A,TMC8,SECTM1,FURIN,TMC6,BATF,ARHGAP45,LFNG,CD4,ACAP1,CD7,ZBED2,ARHGEF3,TBC1D10C,CYTIP,PAG1","chea3","655","0.193500000000000005",NA,NA,"","4","Literature--ChIP-seq(rank=106); ARCHS4--Coexpression(rank=315); GTEx--Coexpression(rank=496); Enrichr--Queries(rank=629)","655","0.193500000000000005","ARCHS4 Coexpression,0.1935"
"DEG_LD_SW480","656","ZBTB41","0.193500000000000005","GTEx Coexpression,0.1935","ARHGEF33,RTN1,STXBP1,NTM,ADAM11,TTC7B,NMNAT2,AP3B2,XKR7,TIAM1,MMP24,PCLO,NBEA,MCF2L,CNTN1,SPOCK1,APBB1,BSN,BEND6","chea3","656","0.193500000000000005",NA,NA,"","3","GTEx--Coexpression(rank=311); ARCHS4--Coexpression(rank=607); Enrichr--Queries(rank=1284)","656","0.193500000000000005","GTEx Coexpression,0.1935"
"DEG_LD_SW480","657","NOTO","0.194399999999999989","Enrichr Queries,0.1944","RYR2,DLX4,SHOX2,CRMP1,RORA,HOXD13,HOXD11,CACNA1E,HOXD10,CPLX1,LOXL2,SOX2,JPH3,SIX2,FEZF1,TFAP2A,NGFR,CADPS2,EGR3,PRRX1,BCL11B,BCL11A,MOCOS,COL2A1,NR4A3,VGF,NBEA,LHX2,KIF26B,PPARG,MKX,ATF3","chea3","657","0.194399999999999989",NA,NA,"","3","Enrichr--Queries(rank=273); GTEx--Coexpression(rank=437); ARCHS4--Coexpression(rank=752)","657","0.194399999999999989","Enrichr Queries,0.1944"
"DEG_LD_SW480","658","ZFP90","0.194700000000000012","ARCHS4 Coexpression,0.1947","BEX4,RTN1,AUTS2,CRMP1,AKAP6,GDAP1,ELAVL2,NKAIN1,SLC4A8,DACH1,NBEA,KIF5C,FEZ1,ZNF737,GPC2,ZNF117,NCAM1,ACSS1,DZIP3","chea3","658","0.194700000000000012",NA,NA,"","3","ARCHS4--Coexpression(rank=317); GTEx--Coexpression(rank=453); Enrichr--Queries(rank=943)","658","0.194700000000000012","ARCHS4 Coexpression,0.1947"
"DEG_LD_SW480","659","ZFP41","0.194800000000000001","GTEx Coexpression,0.1948","NYAP1,GABRA3,CRMP1,FAIM2,SYP,ZDHHC22,MAPK8IP2,AP3B2,GDAP1,ELAVL2,JPH3,PNMA1,KIF5C,SLC22A17,KCNQ2,APBB1,APBA2,DZIP3,BEX5","chea3","659","0.194800000000000001",NA,NA,"","3","GTEx--Coexpression(rank=313); Enrichr--Queries(rank=632); ARCHS4--Coexpression(rank=1500)","659","0.194800000000000001","GTEx Coexpression,0.1948"
"DEG_LD_SW480","660","ZKSCAN1","0.195300000000000001","ReMap ChIP-seq,0.1953","ZNF512B,TMEM151A,ACHE,MCM7,SECTM1,UFSP1,SPN,LYL1,ZCWPW1,LASP1,DBP,MDK,HYAL1,TBC1D10C,FBXO6,PTGDS,HES7,TSC22D4,TLE2,CCDC116,TMC8,PCOLCE,TMC6,HSPG2,ARHGAP45,MBLAC1,DNAJC30,MXRA8,FSCN2,TEDC1,MEPCE,ODC1,CLCNKB,SDSL,BICRA,TGFBR3L,LY6G6D,PRR22,ASPSCR1,ARPC4,NR1D1,BAIAP3,SLC6A6,MC1R,FASN,GNB2,TRPV4,CD7,TRIP6,RSPH14,NOTUM,CAMK1","chea3","660","0.195300000000000001",NA,NA,"","5","ENCODE--ChIP-seq(rank=27); ReMap--ChIP-seq(rank=58); ARCHS4--Coexpression(rank=576); GTEx--Coexpression(rank=1087); Enrichr--Queries(rank=1309)","660","0.195300000000000001","ReMap ChIP-seq,0.1953"
"DEG_LD_SW480","661","SGSM2","0.196000000000000008","GTEx Coexpression,0.196","BEX4,WDR17,NYAP1,UNC13A,DCLK2,CRMP1,GDAP1,BAIAP3,SYT17,NAT16,RIMS4,JPH3,CAMKV,GNG4,SLC22A17,KCNQ2,NLRP1,SCN3B,BEX5","chea3","661","0.196000000000000008",NA,NA,"","2","GTEx--Coexpression(rank=315); ARCHS4--Coexpression(rank=528)","661","0.196000000000000008","GTEx Coexpression,0.196"
"DEG_LD_SW480","662","DUXA","0.196599999999999997","GTEx Coexpression,0.1966","SLC22A3,ECM2,KCNK15,TNFRSF11B,LTBP2,SUGCT,MYO1D,ACTA2,SH3BGRL,RCAN2,PDGFC,COL8A2,CDH13,ROR1,IGFBP7,SUSD5,SMIM10,HDX","chea3","662","0.196599999999999997",NA,NA,"","3","GTEx--Coexpression(rank=316); Enrichr--Queries(rank=616); ARCHS4--Coexpression(rank=1565)","662","0.196599999999999997","GTEx Coexpression,0.1966"
"DEG_LD_SW480","663","CENPB","0.197300000000000003","GTEx Coexpression,0.1973","TMEM151A,TSC22D4,PHLPP1,KCNJ10,SLAIN1,CSAG1,QKI,TMEM144,RASSF2,SNORC,PTPRZ1,DAAM2,CHADL,FEZ1,PHACTR3,ZNF853,PRTFDC1,VTI1B","chea3","663","0.197300000000000003",NA,NA,"","3","GTEx--Coexpression(rank=317); Enrichr--Queries(rank=1199); ARCHS4--Coexpression(rank=1343)","663","0.197300000000000003","GTEx Coexpression,0.1973"
"DEG_LD_SW480","664","GLI2","0.197300000000000003","Enrichr Queries,0.1973","BNC2,CEBPD,EPAS1,NTM,RORA,FBLN1,EFNA5,THSD4,LOXL2,SOX2,PDGFC,GRB10,NCAM1,ABCA1,TFAP2A,EDN1,PRRX1,AUTS2,NAV1,HSPG2,SORCS2,SERPINB8,TGFBR3,TIAM1,CDK6,KIF26B,KCNMA1,COL5A2,CDH11,COL6A3,PPARG,TGFBI","chea3","664","0.197300000000000003",NA,NA,"","3","Enrichr--Queries(rank=277); ARCHS4--Coexpression(rank=435); GTEx--Coexpression(rank=576)","664","0.197300000000000003","Enrichr Queries,0.1973"
"DEG_LD_SW480","665","PAX7","0.198000000000000009","Enrichr Queries,0.198","RYR2,NTM,SHOX2,EFNA5,CACNA1E,LOXL2,SOX2,DACH1,SIX2,CDH23,SLIT3,NCAM1,TFAP2A,NGFR,CADPS2,EGR3,PRRX1,BCL11B,BCL11A,IRX3,EBF3,SORCS2,SERPINB8,OLFM1,COL2A1,PDE10A,LHX2,KIF26B,KCNMA1,CDH11,CDH13,ATF3","chea3","665","0.198000000000000009",NA,NA,"","3","Enrichr--Queries(rank=278); ARCHS4--Coexpression(rank=665); GTEx--Coexpression(rank=1056)","665","0.198000000000000009","Enrichr Queries,0.198"
"DEG_LD_SW480","666","NFIA","0.198399999999999993","ARCHS4 Coexpression,0.1984","NLGN1,AUTS2,BCL11B,BCL11A,PON2,HUNK,EML1,CACNA1E,QKI,TIAM2,PTPRZ1,NBEA,CAMKV,ZNF429,CFAP69,RNF182,PHACTR3,NCAM1,MARK1","chea3","666","0.198399999999999993",NA,NA,"","3","ARCHS4--Coexpression(rank=323); Enrichr--Queries(rank=606); GTEx--Coexpression(rank=949)","666","0.198399999999999993","ARCHS4 Coexpression,0.1984"
"DEG_LD_SW480","667","ZNF679","0.198699999999999988","Enrichr Queries,0.1987","IFITM3,TENM1,FCGBP,ZNF273,CEBPD,IFI6,XYLT1,MSMO1,LRP2,HERC5,ALCAM,GPNMB,ZNF107,UPP1,ZNF486,ABCA1,CADPS2,ZNF681,ZNF680,AUTS2,BCL11A,MOCOS,ASNS,SERPINB8,PGF,SYTL2,SEM1,ZNF92,ZNF239,PRKCQ,ZNF117,TGFBI","chea3","667","0.198699999999999988",NA,NA,"","3","Enrichr--Queries(rank=279); GTEx--Coexpression(rank=1368); ARCHS4--Coexpression(rank=1560)","667","0.198699999999999988","Enrichr Queries,0.1987"
"DEG_LD_SW480","668","BARX1","0.199099999999999999","GTEx Coexpression,0.1991","TSHZ3,ZC4H2,PRUNE2,MLNR,MRGPRF,LRRC3,ARRB1,EML1,PALD1,DKK4,SH3BGRL,CAPN6,SIX2,KCNMA1,RBPMS2,COL8A2,TRMT61A,NKX3-2","chea3","668","0.199099999999999999",NA,NA,"","3","GTEx--Coexpression(rank=320); Enrichr--Queries(rank=380); ARCHS4--Coexpression(rank=966)","668","0.199099999999999999","GTEx Coexpression,0.1991"
"DEG_LD_SW480","669","DMRTA2","0.200100000000000000","Enrichr Queries,0.2001","DLX3,EPAS1,SHOX2,CRMP1,RORA,FZD10,LRP2,HOXD11,EFNA5,HOXD10,ELAVL2,LOXL2,SOX2,DACH1,HEY1,SIX2,FEZF1,TFAP2A,CADPS2,EGR3,UNC5A,PRRX1,BCL11B,BCL11A,IRX3,EBF3,NMNAT2,COL2A1,VGF,LHX2,KIF26B,ATF3","chea3","669","0.200100000000000000",NA,NA,"","3","Enrichr--Queries(rank=281); ARCHS4--Coexpression(rank=336); GTEx--Coexpression(rank=646)","669","0.200100000000000000","Enrichr Queries,0.2001"
"DEG_LD_SW480","670","AIRE","0.200399999999999995","GTEx Coexpression,0.2004","BEX4,ACHE,NYAP1,GABRA3,CADPS,DCLK2,GRIK4,FAIM2,SYP,ZDHHC22,GDAP1,ELAVL2,SYT17,VGF,GNG4,SLC22A17,VAT1L,BEX5","chea3","670","0.200399999999999995",NA,NA,"","3","GTEx--Coexpression(rank=322); Enrichr--Queries(rank=441); ARCHS4--Coexpression(rank=1295)","670","0.200399999999999995","GTEx Coexpression,0.2004"
"DEG_LD_SW480","671","PAX9","0.200899999999999995","ARCHS4 Coexpression,0.2009","ANXA8L1,ECM1,DNAH10,MUC16,LRRC10B,KRT13,ATP12A,WFDC2,CST5,ALDH1A3,SLPI,PERP,PRR15,ANXA8,TSPAN1,MUC21,CFAP45,NECTIN1,MPZL2","chea3","671","0.200899999999999995",NA,NA,"","3","ARCHS4--Coexpression(rank=327); Enrichr--Queries(rank=393); GTEx--Coexpression(rank=868)","671","0.200899999999999995","ARCHS4 Coexpression,0.2009"
"DEG_LD_SW480","672","POGK","0.201000000000000012","GTEx Coexpression,0.201","TMEM151A,TSC22D4,PHLPP1,KCNJ10,KCNK10,SLAIN1,QKI,SOX2,TMEM144,RASSF2,PTPRZ1,DAAM2,CHADL,FEZ1,IL1RAPL1,PHACTR3,KCNMB4,RAB5A","chea3","672","0.201000000000000012",NA,NA,"","3","GTEx--Coexpression(rank=323); Enrichr--Queries(rank=1207); ARCHS4--Coexpression(rank=1600)","672","0.201000000000000012","GTEx Coexpression,0.201"
"DEG_LD_SW480","673","GABPA","0.201199999999999990","Literature ChIP-seq,0.2012","CPNE8,TENM1,ECM1,EIF4E3,MAML2,ITGB2,RND3,PCLO,RASSF6,GRB10,SLC16A9,LMCD1,CTSB,ARRDC4,ANXA1,BUD31,ANKRD44,NAV1,TMC6,NPNT,PTGR2,GRIP2,TANC2,CYP39A1,TIAM2,SLPI,DAAM2,EEF1A2,CAT,CDH11,MATN2,PELI2,TNFRSF11B,AKAP6,LRP2,AK5,DTX4,EFNA5,CACNA1E,RASGRP3,LMF1,KCNV1,PDGFC,ADAM23,IGFBP7,POLR2J,EGLN3,PRRX1,AUTS2,DAB2IP,DCLK2,IGF1,KIF26B,RCAN2,TBCE,CNTN1,SSPN,BET1","chea3","673","0.201199999999999990",NA,NA,"","6","Literature--ChIP-seq(rank=33); ENCODE--ChIP-seq(rank=47); ReMap--ChIP-seq(rank=255); GTEx--Coexpression(rank=1186); Enrichr--Queries(rank=1356); ARCHS4--Coexpression(rank=1598)","673","0.201199999999999990","Literature ChIP-seq,0.2012"
"DEG_LD_SW480","674","ARID5A","0.201500000000000012","ARCHS4 Coexpression,0.2015","CD74,SELPLG,PTAFR,ITGB2,PLEK,TMC8,TMC6,BATF,ARHGAP45,ISG20,CD4,ACAP1,SH3TC1,CD7,TBC1D10C,LGALS9,CYTIP,SLC15A3,PLCB2","chea3","674","0.201500000000000012",NA,NA,"","2","ARCHS4--Coexpression(rank=328); GTEx--Coexpression(rank=614)","674","0.201500000000000012","ARCHS4 Coexpression,0.2015"
"DEG_LD_SW480","675","ZNF468","0.201600000000000001","Enrichr Queries,0.2016","ZNF331,CPM,IFITM1,IFI6,MSMO1,IL1RAP,CLDN1,GPNMB,HYAL1,ZNF107,UPP1,PAG1,ARRDC4,ZNF681,ZNF680,ANXA1,HMGCS1,ASNS,DKK1,SERPINB8,PGF,SYTL2,BST2,ISG20,ZNF92,IFI27,OAS1,ARHGEF3,CNTN1,ZNF117,KCTD12,ATF3","chea3","675","0.201600000000000001",NA,NA,"","3","Enrichr--Queries(rank=283); ARCHS4--Coexpression(rank=1417); GTEx--Coexpression(rank=1550)","675","0.201600000000000001","Enrichr Queries,0.2016"
"DEG_LD_SW480","676","ARX","0.201600000000000001","GTEx Coexpression,0.2016","BNC2,MAOB,TSHZ3,GREB1,ECEL1,SHROOM2,SLC7A2,GALNT10,BST2,FAM200A,MDK,GNG4,PPP4R4,CDH11,CDH23,ZNF853,ZNF556,CDK15","chea3","676","0.201600000000000001",NA,NA,"","3","Enrichr--Queries(rank=298); GTEx--Coexpression(rank=324); ARCHS4--Coexpression(rank=345)","676","0.201600000000000001","GTEx Coexpression,0.2016"
"DEG_LD_SW480","677","CREB3L3","0.202100000000000002","ARCHS4 Coexpression,0.2021","SLC46A3,CPB2,GDA,USH1C,ENTPD8,ACSL5,PLB1,C2,GJB1,MYO15B,CLDN15,TFR2,GPA33,XPNPEP2,ASPG,SELENOP,ALPI,LBP,AGXT","chea3","677","0.202100000000000002",NA,NA,"","3","ARCHS4--Coexpression(rank=329); GTEx--Coexpression(rank=551); Enrichr--Queries(rank=893)","677","0.202100000000000002","ARCHS4 Coexpression,0.2021"
"DEG_LD_SW480","678","FOXB2","0.202199999999999991","GTEx Coexpression,0.2022","BEX4,B3GALNT1,ACHE,ECEL1,GABRA3,CADPS,SOX14,FAIM2,SYP,ZDHHC22,ELAVL2,VGF,GNG4,SLC22A17,NLRP1,FEZF1,VAT1L,BEX5","chea3","678","0.202199999999999991",NA,NA,"","3","GTEx--Coexpression(rank=325); Enrichr--Queries(rank=529); ARCHS4--Coexpression(rank=833)","678","0.202199999999999991","GTEx Coexpression,0.2022"
"DEG_LD_SW480","679","ATOH1","0.202699999999999991","ARCHS4 Coexpression,0.2027","HS3ST3A1,DLX4,VDR,HTRA3,SHOX2,PRRX2,USH1C,ADAM11,ENTPD8,ACSL5,MYO1D,RFX8,DACH1,SH3PXD2A,GPA33,KIF26A,XPNPEP2,MXRA8,COL6A3","chea3","679","0.202699999999999991",NA,NA,"","3","ARCHS4--Coexpression(rank=330); GTEx--Coexpression(rank=455); Enrichr--Queries(rank=598)","679","0.202699999999999991","ARCHS4 Coexpression,0.2027"
"DEG_LD_SW480","680","CREB5","0.203000000000000014","Enrichr Queries,0.203","DOCK4,CEBPD,EPAS1,NEDD9,RORA,PLAT,RND3,LOXL2,ATXN1,RASSF2,DUSP10,GPNMB,NAMPT,NFKBIZ,UPP1,ABCA1,EDN1,EGR3,ANXA1,MITF,SERPINB8,TGFBR3,DAB2,CDK6,NR4A3,IL1B,KCNMA1,CNTN1,KCTD12,TGFBI,TLR4,ATF3","chea3","680","0.203000000000000014",NA,NA,"","3","Enrichr--Queries(rank=285); ARCHS4--Coexpression(rank=434); GTEx--Coexpression(rank=871)","680","0.203000000000000014","Enrichr Queries,0.203"
"DEG_LD_SW480","681","TIGD3","0.203300000000000008","ARCHS4 Coexpression,0.2033","TSC22D4,SELPLG,KCNE3,SLC44A2,PTAFR,ITGB2,DYSF,SECTM1,PRSS33,ARHGAP45,LFNG,SLC6A6,ACAP1,RASSF2,GNB2,TBC1D10C,NLRP1,PLCB2,SLC12A9","chea3","681","0.203300000000000008",NA,NA,"","3","ARCHS4--Coexpression(rank=331); Enrichr--Queries(rank=813); GTEx--Coexpression(rank=1119)","681","0.203300000000000008","ARCHS4 Coexpression,0.2033"
"DEG_LD_SW480","682","ZNF737","0.203499999999999986","GTEx Coexpression,0.2035","ATP8A1,CRYGN,WDR72,NPNT,GALNT10,TMEM243,TG,ZNF93,SALL4,UST,GATAD1,KRIT1,ZBED2,FSCN2,PLA2R1,SLC26A4,ZNF114,ZNF486","chea3","682","0.203499999999999986",NA,NA,"","2","GTEx--Coexpression(rank=327); ARCHS4--Coexpression(rank=783)","682","0.203499999999999986","GTEx Coexpression,0.2035"
"DEG_LD_SW480","683","TRPS1","0.204100000000000004","GTEx Coexpression,0.2041","TFAP2A,OXTR,AUTS2,MAML2,IRX3,ARHGEF38,TMEM40,KLHDC7A,EFNA5,CX3CL1,TP53AIP1,VANGL2,SERTAD4,TMEM43,GPNMB,DNAJC30,TRIP6,MPZL2","chea3","683","0.204100000000000004",NA,NA,"","3","GTEx--Coexpression(rank=328); Enrichr--Queries(rank=363); ARCHS4--Coexpression(rank=960)","683","0.204100000000000004","GTEx Coexpression,0.2041"
"DEG_LD_SW480","684","NKX24","0.204699999999999993","GTEx Coexpression,0.2047","TKTL1,EDN3,ILDR2,MSI1,ACTL8,TEX19,STK31,HERC5,FAM133A,ZCWPW1,SAMD15,TDRD12,PRAME,ZNF711,MAGEC2,MAGEB6,FEZF1,DZIP3","chea3","684","0.204699999999999993",NA,NA,"","2","GTEx--Coexpression(rank=329); ARCHS4--Coexpression(rank=1013)","684","0.204699999999999993","GTEx Coexpression,0.2047"
"DEG_LD_SW480","685","ZNF583","0.205100000000000005","Enrichr Queries,0.2051","ZNF331,TSHZ3,EPAS1,NEDD9,RORA,RND3,DUSP10,KIF5C,ZNF429,ZNF502,ABCA1,CSGALNACT1,ARRDC4,CADPS2,ZNF681,EDN1,ANXA1,AUTS2,HMGCS1,ASNS,NMNAT2,DKK1,SERPINB8,SYTL2,CDK6,NR4A3,NBEA,KCNMA1,ZNF239,KCTD12,ZNF610,ATF3","chea3","685","0.205100000000000005",NA,NA,"","3","Enrichr--Queries(rank=288); ARCHS4--Coexpression(rank=841); GTEx--Coexpression(rank=875)","685","0.205100000000000005","Enrichr Queries,0.2051"
"DEG_LD_SW480","686","ZNF3","0.205399999999999999","GTEx Coexpression,0.2054","B3GALNT1,NYAP1,GTF2IRD2,ACSL6,DCLK2,FAIM2,ELAVL2,DKK3,FAM133A,RIMS4,JPH3,PNMA1,PPP4R4,ADAM23,KCNQ2,CCDC174,GTF2IRD2B,LZTS1","chea3","686","0.205399999999999999",NA,NA,"","3","GTEx--Coexpression(rank=330); Enrichr--Queries(rank=1069); ARCHS4--Coexpression(rank=1134)","686","0.205399999999999999","GTEx Coexpression,0.2054"
"DEG_LD_SW480","687","HOXB6","0.205800000000000011","Enrichr Queries,0.2058","CEBPD,EPAS1,PLAT,FBLN1,HOXD10,LOXL2,NT5E,DACH1,IGFBP7,TFAP2A,EDN1,ANXA1,PRRX1,IRX3,DKK1,SERPINB8,GNG11,TM4SF1,BST2,ACTA2,ALDH1A3,DAB2,LHX2,KIF26B,COL5A2,SELENOP,CDH11,CNTN1,COL6A3,PPARG,TGFBI,ATF3","chea3","687","0.205800000000000011",NA,NA,"","3","Enrichr--Queries(rank=289); GTEx--Coexpression(rank=641); ARCHS4--Coexpression(rank=846)","687","0.205800000000000011","Enrichr Queries,0.2058"
"DEG_LD_SW480","688","BATF","0.206999999999999990","ARCHS4 Coexpression,0.207","APOBEC3G,SLC43A3,GMFG,TNFRSF18,SH2D2A,PLEK,ARPC4,BST2,ISG20,CD4,ACAP1,OAS1,CD7,CASP4,ZBED2,TBC1D10C,LGALS9,CYTIP,SLC15A3","chea3","688","0.206999999999999990",NA,NA,"","5","ENCODE--ChIP-seq(rank=68); ReMap--ChIP-seq(rank=201); ARCHS4--Coexpression(rank=337); GTEx--Coexpression(rank=416); Enrichr--Queries(rank=783)","688","0.206999999999999990","ARCHS4 Coexpression,0.207"
"DEG_LD_SW480","689","TP53","0.207300000000000012","Literature ChIP-seq,0.2073","SPON1,RORA,KLHDC7A,FZD10,SOBP,DUSP15,HOXC11,LASP1,ALCAM,DACH1,TMEM43,HYAL1,SIX2,GRB10,ANXA8,NKX3-2,HES7,HS3ST3B1,EDARADD,TNFRSF18,KRT35,TMC8,EBF3,TGFBR3,AR,OLFM1,COL2A1,VGF,CDH11,ORAI2,ACOT1,ATF3,CHST2,HS3ST3A1,DLX3,DLX4,NTM,SHOX2,PELI2,CRYBA2,HOXD13,HOXD11,EFNA5,HOXD10,GNA13,ATXN1,METTL6,SCN3B,NKX6-1,EGR3,PRRX1,SIVA1,BCL11B,BCL11A,IRX3,ECEL1,PDX1,PDE10A,LHX2,MKX","chea3","689","0.207300000000000012",NA,NA,"","5","Literature--ChIP-seq(rank=34); ReMap--ChIP-seq(rank=162); Enrichr--Queries(rank=1116); GTEx--Coexpression(rank=1302); ARCHS4--Coexpression(rank=1315)","689","0.207300000000000012","Literature ChIP-seq,0.2073"
"DEG_LD_SW480","690","PLAGL1","0.207600000000000007","ARCHS4 Coexpression,0.2076","EDARADD,ERO1B,PARM1,HMGCS1,EDN3,CADPS,USH1C,CRYBA2,PDX1,PDAP1,SLC7A2,GNAI1,FAM167A,DACH1,CDH11,AP1S1,KCTD12,NKX6-1,CHGB","chea3","690","0.207600000000000007",NA,NA,"","3","ARCHS4--Coexpression(rank=338); Enrichr--Queries(rank=355); GTEx--Coexpression(rank=1039)","690","0.207600000000000007","ARCHS4 Coexpression,0.2076"
"DEG_LD_SW480","691","ZNF467","0.208199999999999996","ARCHS4 Coexpression,0.2082","TSC22D4,SELPLG,KCNE3,PTAFR,ITGB2,DYSF,SECTM1,NOD2,ARHGAP45,LFNG,SLC6A6,RASSF2,FES,GNB2,TBC1D10C,LGALS9,PLCB2,TLR4,SLC12A9","chea3","691","0.208199999999999996",NA,NA,"","3","ARCHS4--Coexpression(rank=339); Enrichr--Queries(rank=696); GTEx--Coexpression(rank=903)","691","0.208199999999999996","ARCHS4 Coexpression,0.2082"
"DEG_LD_SW480","692","TBX19","0.208499999999999991","GTEx Coexpression,0.2085","ZNF331,CDRT4,SEC13,TMEM63C,CRYBA2,BAIAP3,NAT16,TGFBR3L,SLC4A8,GAL,ZMAT1,MDK,ORAI2,NAALAD2,ZP1,NLRP1,DZIP3,CHGB","chea3","692","0.208499999999999991",NA,NA,"","3","GTEx--Coexpression(rank=335); Enrichr--Queries(rank=466); ARCHS4--Coexpression(rank=708)","692","0.208499999999999991","GTEx Coexpression,0.2085"
"DEG_LD_SW480","693","ZNF274","0.208800000000000013","ReMap ChIP-seq,0.2088","RERE,ACHE,ERO1B,ALAS2,RTP3,UFSP1,LYL1,CA8,ZNF763,ZNF486,ZNF442,HES7,TIGD2,ZNF681,SEC13,CCDC116,MRPS24,HPCAL4,SPTB,FAM133B,COL2A1,KIAA1614,ZNF839,ZNF93,ORAI2,ZNF239,CMPK2,ZNF117,ZNF556,ZNF596,PHLPP1,ODC1,GTPBP10,LYPD5,STYXL1,DEPP1,ABO,ZNF429,ZNF107,ZNF502,ZNF501,TSPAN1,KLHDC8B,QKI,CDK6,FASN,ZNF737,PSMG3,CASS4,ZNF610,SIGLEC6","chea3","693","0.208800000000000013",NA,NA,"","6","ReMap--ChIP-seq(rank=62); ENCODE--ChIP-seq(rank=90); Literature--ChIP-seq(rank=111); ARCHS4--Coexpression(rank=849); Enrichr--Queries(rank=979); GTEx--Coexpression(rank=1121)","693","0.208800000000000013","ReMap ChIP-seq,0.2088"
"DEG_LD_SW480","694","MYF6","0.208800000000000013","ARCHS4 Coexpression,0.2088","RYR1,MYH7B,ACHE,TNNC1,FBXO32,SPTB,GRIP2,CACNG6,EGFLAM,PPP1R3B,MYL2,EEF1A2,SSPN,CORO6,TCAP,DMD,ASB2,LMCD1,RBM24","chea3","694","0.208800000000000013",NA,NA,"","3","ARCHS4--Coexpression(rank=340); Enrichr--Queries(rank=833); GTEx--Coexpression(rank=1046)","694","0.208800000000000013","ARCHS4 Coexpression,0.2088"
"DEG_LD_SW480","695","BSX","0.209100000000000008","GTEx Coexpression,0.2091","BEX4,B3GALNT1,ACHE,MAOB,ECEL1,GABRA3,CADPS,SOX14,ZDHHC22,GDAP1,ELAVL2,SYT17,VGF,GNG4,SLC22A17,FEZF1,VAT1L,BEX5","chea3","695","0.209100000000000008",NA,NA,"","3","GTEx--Coexpression(rank=336); Enrichr--Queries(rank=683); ARCHS4--Coexpression(rank=1231)","695","0.209100000000000008","GTEx Coexpression,0.2091"
"DEG_LD_SW480","696","FOSB","0.209699999999999998","GTEx Coexpression,0.2097","TFAP2A,CCDC71L,ZNF331,EGR3,F13A1,PTPN13,RND3,NKPD1,NR4A3,GPNMB,KRT14,NFKBIZ,MMP19,PPARG,SPTSSB,ATF3,TIMP4,TMEM45A","chea3","696","0.209699999999999998",NA,NA,"","3","GTEx--Coexpression(rank=337); ARCHS4--Coexpression(rank=422); Enrichr--Queries(rank=518)","696","0.209699999999999998","GTEx Coexpression,0.2097"
"DEG_LD_SW480","697","ZNF254","0.210299999999999987","GTEx Coexpression,0.2103","CSGALNACT1,ABCD4,CDRT4,ZNF680,CRYGN,PDAP1,PRKX,WDR72,TG,ZMAT1,SALL4,ZNF737,GATAD1,LPCAT2,ZBED2,SLC26A4,ZNF114,ZNF486","chea3","697","0.210299999999999987",NA,NA,"","3","GTEx--Coexpression(rank=338); Enrichr--Queries(rank=708); ARCHS4--Coexpression(rank=874)","697","0.210299999999999987","GTEx Coexpression,0.2103"
"DEG_LD_SW480","698","SNAI1","0.210799999999999987","Enrichr Queries,0.2108","CEBPD,EPAS1,NEDD9,PLAT,LOXL2,LFNG,NT5E,DUSP10,OLFML3,NFKBIZ,IGFBP7,UPP1,ABCA1,EDN1,EGR3,ANXA1,PRRX1,VDR,F2R,SERPINB8,TM4SF1,PGF,ACTA2,DAB2,NR4A3,IL1B,COL5A2,CDH11,CNTN1,COL6A3,TGFBI,ATF3","chea3","698","0.210799999999999987",NA,NA,"","3","Enrichr--Queries(rank=296); GTEx--Coexpression(rank=382); ARCHS4--Coexpression(rank=1003)","698","0.210799999999999987","Enrichr Queries,0.2108"
"DEG_LD_SW480","699","CDX2","0.211299999999999988","ARCHS4 Coexpression,0.2113","FCGBP,VIPR1,VDR,USH1C,ENTPD8,CBLC,ACSL5,PLB1,ABO,SLC9A2,MYO1D,MYO15B,CLDN15,GPA33,XPNPEP2,SELENOP,PRR15,ALPI,TSPAN1","chea3","699","0.211299999999999988",NA,NA,"","5","Literature--ChIP-seq(rank=54); ReMap--ChIP-seq(rank=141); ARCHS4--Coexpression(rank=344); GTEx--Coexpression(rank=544); Enrichr--Queries(rank=641)","699","0.211299999999999988","ARCHS4 Coexpression,0.2113"
"DEG_LD_SW480","700","MAFK","0.211900000000000005","ENCODE ChIP-seq,0.2119","RYR1,ISCA2,DBF4,NPC2,SELENOP,SECTM1,SPOCK1,IGF1,STEAP1","chea3","700","0.211900000000000005",NA,NA,"","5","ENCODE--ChIP-seq(rank=25); ReMap--ChIP-seq(rank=129); Enrichr--Queries(rank=805); GTEx--Coexpression(rank=1060); ARCHS4--Coexpression(rank=1445)","700","0.211900000000000005","ENCODE ChIP-seq,0.2119"
"DEG_LD_SW480","701","ATF7","0.212100000000000011","ReMap ChIP-seq,0.2121","ZNF512B,IFITM3,RYR1,IFITM1,CD82,MCM7,GMFG,SECTM1,ARRB1,STON2,SPN,LYL1,DBP,MDK,HYAL1,PTGDS,EPHB4,SLC12A9,HES7,PLEKHG4,CCDC116,CLEC11A,TMC8,PCOLCE,TMC6,SYP,BTN3A2,ARHGAP45,MBLAC1,TFR2,ORAI2,GPRC5C,PLCB2,EPAS1,ITPR1,FURIN,CYGB,TGFBR3L,ADAMTS14,LY6G6D,NAPSA,MACC1,NR1D1,SLC6A6,EIF5,FES,CD7,TRIP6,PSMG3,CORO6,KBTBD8","chea3","701","0.212100000000000011",NA,NA,"","4","ReMap--ChIP-seq(rank=63); GTEx--Coexpression(rank=754); ARCHS4--Coexpression(rank=822); Enrichr--Queries(rank=1156)","701","0.212100000000000011","ReMap ChIP-seq,0.2121"
"DEG_LD_SW480","702","SKI","0.212200000000000000","GTEx Coexpression,0.2122","ARHGEF33,TENM1,CADPS2,TLE2,COL27A1,CARMIL3,STXBP1,DAB2IP,ADAM11,XKR7,TIAM1,MMP24,PCLO,KIAA1614,MCF2L,FAT2,IGSF9B,HDX","chea3","702","0.212200000000000000",NA,NA,"","2","GTEx--Coexpression(rank=341); ARCHS4--Coexpression(rank=1239)","702","0.212200000000000000","GTEx Coexpression,0.2122"
"DEG_LD_SW480","703","LBX1","0.213100000000000012","ARCHS4 Coexpression,0.2131","RYR1,MYH7B,ACHE,TNNC1,CHCHD10,FBXO32,SPTB,GRIP2,CACNG6,PPP1R3B,MYL2,KCNS3,EEF1A2,SSPN,CORO6,TCAP,ASB2,LMCD1,RBM24","chea3","703","0.213100000000000012",NA,NA,"","3","ARCHS4--Coexpression(rank=347); Enrichr--Queries(rank=530); GTEx--Coexpression(rank=1138)","703","0.213100000000000012","ARCHS4 Coexpression,0.2131"
"DEG_LD_SW480","704","HLX","0.213799999999999990","ARCHS4 Coexpression,0.2138","PTAFR,ITGB2,DYSF,SECTM1,ARHGAP45,SLC6A6,CD4,SLC7A7,RASSF2,FES,IL1B,NAMPT,LGALS9,SLC15A3,RAB7B,PLCB2,TLR4,SLC12A9,CTSB","chea3","704","0.213799999999999990",NA,NA,"","3","ARCHS4--Coexpression(rank=348); Enrichr--Queries(rank=467); GTEx--Coexpression(rank=617)","704","0.213799999999999990","ARCHS4 Coexpression,0.2138"
"DEG_LD_SW480","705","ZNF157","0.214100000000000013","GTEx Coexpression,0.2141","WDR17,UNC13A,CARMIL3,TMEM63C,STXBP1,ADAM11,NMNAT2,AP3B2,XKR7,TIAM1,MMP24,PCLO,NBEA,MCF2L,FAT2,APBB1,BSN,BEND6","chea3","705","0.214100000000000013",NA,NA,"","3","Enrichr--Queries(rank=325); GTEx--Coexpression(rank=344); ARCHS4--Coexpression(rank=636)","705","0.214100000000000013","GTEx Coexpression,0.2141"
"DEG_LD_SW480","706","HOXA1","0.214400000000000007","Enrichr Queries,0.2144","EPAS1,RORA,HOXD10,LOXL2,SOX2,NT5E,HEY1,FLRT3,NCAM1,TFAP2A,CADPS2,EGLN3,EDN1,EGR3,ANXA1,VDR,BCL11A,IRX3,MITF,DKK1,SERPINB8,PGF,ACTA2,TGFBR3,ALDH1A3,COL2A1,CDK6,CDH11,CNTN1,PPARG,TGFBI,ATF3","chea3","706","0.214400000000000007",NA,NA,"","3","Enrichr--Queries(rank=301); ARCHS4--Coexpression(rank=835); GTEx--Coexpression(rank=867)","706","0.214400000000000007","Enrichr Queries,0.2144"
"DEG_LD_SW480","707","ZNF831","0.214700000000000002","GTEx Coexpression,0.2147","ANKRD44,SH2D2A,ITGB2,IL24,PLEK,TMC8,TMC6,SYTL3,ARHGAP45,ISG20,ACAP1,GRAP2,CD7,TBC1D10C,RUBCNL,CYTIP,PLCB2,HAVCR2","chea3","707","0.214700000000000002",NA,NA,"","3","GTEx--Coexpression(rank=345); ARCHS4--Coexpression(rank=371); Enrichr--Queries(rank=744)","707","0.214700000000000002","GTEx Coexpression,0.2147"
"DEG_LD_SW480","708","ISX","0.214999999999999997","ARCHS4 Coexpression,0.215","SLC46A3,FCGBP,VIPR1,GDA,VDR,USH1C,ENTPD8,CBLC,ACSL5,PLB1,ABO,MYO1D,MYO15B,CLDN15,GPA33,XPNPEP2,SELENOP,PRR15,ALPI","chea3","708","0.214999999999999997",NA,NA,"","3","ARCHS4--Coexpression(rank=350); GTEx--Coexpression(rank=403); Enrichr--Queries(rank=589)","708","0.214999999999999997","ARCHS4 Coexpression,0.215"
"DEG_LD_SW480","709","HOXB2","0.215100000000000013","Enrichr Queries,0.2151","IFITM3,IFITM1,CEBPD,EPAS1,PLAT,RND3,LOXL2,HEY1,FLRT3,OLFML3,IGFBP7,CKB,TFAP2A,EGR3,ANXA1,PRRX1,IRX3,EBF3,SERPINB8,GNG11,TM4SF1,PGF,BST2,ACTA2,ALDH1A3,CDK6,COL5A2,CDH11,CNTN1,COL6A3,TGFBI,ATF3","chea3","709","0.215100000000000013",NA,NA,"","3","Enrichr--Queries(rank=302); ARCHS4--Coexpression(rank=445); GTEx--Coexpression(rank=991)","709","0.215100000000000013","Enrichr Queries,0.2151"
"DEG_LD_SW480","710","NFATC1","0.216200000000000003","ARCHS4 Coexpression,0.2162","MPP1,CD74,EGR3,ITGB2,PLEK,TMC8,TMC6,BATF,ARHGAP45,CD4,ACAP1,NR4A3,SH3TC1,CD7,TBC1D10C,RUBCNL,OLR1,LGALS9,PLCB2","chea3","710","0.216200000000000003",NA,NA,"","5","ENCODE--ChIP-seq(rank=108); ReMap--ChIP-seq(rank=290); ARCHS4--Coexpression(rank=352); Enrichr--Queries(rank=610); GTEx--Coexpression(rank=967)","710","0.216200000000000003","ARCHS4 Coexpression,0.2162"
"DEG_LD_SW480","711","CREM","0.216799999999999993","ARCHS4 Coexpression,0.2168","ZNF512B,ZNF331,EGR3,SH2D2A,PLEK,DAB2IP,TREM2,SERPINB8,SYTL3,BATF,ISG20,NR4A3,OLR1,MMP19,UPP1,ANKRD52,CYTIP,ARL8B,HAVCR2","chea3","711","0.216799999999999993",NA,NA,"","5","Literature--ChIP-seq(rank=158); ReMap--ChIP-seq(rank=223); ARCHS4--Coexpression(rank=353); Enrichr--Queries(rank=756); GTEx--Coexpression(rank=1452)","711","0.216799999999999993","ARCHS4 Coexpression,0.2168"
"DEG_LD_SW480","712","MYBL1","0.217200000000000004","GTEx Coexpression,0.2172","PIWIL4,APOBEC3G,ANKRD44,SH2D2A,PLEK,TMC8,SYTL3,ARHGAP45,ISG20,ACAP1,GRAP2,CD7,TBC1D10C,RUBCNL,SUSD5,CYTIP,PLCB2,HAVCR2","chea3","712","0.217200000000000004",NA,NA,"","4","Literature--ChIP-seq(rank=153); GTEx--Coexpression(rank=349); ARCHS4--Coexpression(rank=958); Enrichr--Queries(rank=1138)","712","0.217200000000000004","GTEx Coexpression,0.2172"
"DEG_LD_SW480","713","FOXJ1","0.217900000000000010","Enrichr Queries,0.2179","IFITM3,SPON1,CEBPD,EPAS1,WFDC2,LOXL2,LFNG,SOX2,MDK,CKB,LBP,CRYM,PTGDS,CFAP45,MYH7B,NGFR,CD74,CADPS2,EGR3,ANXA1,IRX3,SORCS2,SERPINB8,PGF,ACTA2,ALDH1A3,VGF,SELENOP,CNTN1,TGFBI,GPRC5C,ATF3","chea3","713","0.217900000000000010",NA,NA,"","3","Enrichr--Queries(rank=306); ARCHS4--Coexpression(rank=581); GTEx--Coexpression(rank=1411)","713","0.217900000000000010","Enrichr Queries,0.2179"
"DEG_LD_SW480","714","ZNF841","0.218700000000000006","Enrichr Queries,0.2187","MAML2,IFI6,DNHD1,NEDD9,RORA,CLDN1,LFNG,ATXN1,ALCAM,SH3PXD2A,ZNF429,NFKBIZ,GRB10,ZNF107,UPP1,PAG1,ZNF486,ABCA1,ARRDC4,ZNF680,ANXA1,HMGCS1,PTPN13,SERPINB8,PGF,SYTL2,ISG20,CDK6,ZNF737,ZNF117,ALDOC,ATF3","chea3","714","0.218700000000000006",NA,NA,"","3","Enrichr--Queries(rank=307); ARCHS4--Coexpression(rank=1174); GTEx--Coexpression(rank=1482)","714","0.218700000000000006","Enrichr Queries,0.2187"
"DEG_LD_SW480","715","ATF4","0.218900000000000011","ReMap ChIP-seq,0.2189","KCNG1,RTP3,GRIK4,DOC2B,CLGN,MMP24,PPP4R4,CASP4,GRB10,GAL3ST2,BUD31,KCNK15,NAV1,MAPK8IP2,IL1A,SLC7A7,SNORC,CAT,AGXT,STEAP2,IGSF8,WDR25,NXPH4,ODC1,SLC43A1,CCM2L,ASAP3,NEDD9,FURIN,DEPP1,ATXN1,ADAMTS17,TSPAN1,PRR22,VTI1B,CPSF4,GREB1,CHCHD10,PDAP1,ASNS,XKR7,EIF5,MLPH,NBEA,FES,CTH,VIPAS39,ALPI,MKX,ULBP2","chea3","715","0.218900000000000011",NA,NA,"","4","ReMap--ChIP-seq(rank=65); GTEx--Coexpression(rank=1214); Enrichr--Queries(rank=1272); ARCHS4--Coexpression(rank=1460)","715","0.218900000000000011","ReMap ChIP-seq,0.2189"
"DEG_LD_SW480","716","ZNF138","0.219000000000000000","GTEx Coexpression,0.219","TFAP2A,IFITM3,ZNF681,ZNF273,ZNF680,BCL11A,UBE2E1,GTPBP10,RORA,SLC16A14,RAB30,VANGL2,ZNF92,VPS50,SPTSSB,DUS4L,EXPH5,ARL8B","chea3","716","0.219000000000000000",NA,NA,"","3","GTEx--Coexpression(rank=352); ARCHS4--Coexpression(rank=679); Enrichr--Queries(rank=759)","716","0.219000000000000000","GTEx Coexpression,0.219"
"DEG_LD_SW480","717","NFIX","0.219299999999999995","ARCHS4 Coexpression,0.2193","RERE,RYR1,PRRX1,STXBP1,PRUNE2,DAB2IP,FAIM2,CPLX1,DKK3,MAPK8IP1,SH3PXD2A,DAAM2,WNK2,EEF1A2,MXRA8,CORO6,TCAP,SLIT3","chea3","717","0.219299999999999995",NA,NA,"","3","ARCHS4--Coexpression(rank=357); Enrichr--Queries(rank=396); GTEx--Coexpression(rank=481)","717","0.219299999999999995","ARCHS4 Coexpression,0.2193"
"DEG_LD_SW480","718","ZNF558","0.219400000000000012","Enrichr Queries,0.2194","ZNF331,IFITM3,IFITM1,CEBPD,EPAS1,IFI6,RORA,LOXL2,NT5E,ALCAM,DUSP10,GPNMB,GRB10,PAG1,ABCA1,ARRDC4,CADPS2,ANXA1,HMGCS1,BCL11A,ASNS,FBXO32,SERPINB8,SYTL2,ACTA2,TGFBR3,OAS1,ZNF711,ALDOC,TGFBI,ATF3,MATN2","chea3","718","0.219400000000000012",NA,NA,"","3","Enrichr--Queries(rank=308); ARCHS4--Coexpression(rank=558); GTEx--Coexpression(rank=1499)","718","0.219400000000000012","Enrichr Queries,0.2194"
"DEG_LD_SW480","719","ZNF708","0.219700000000000006","GTEx Coexpression,0.2197","TMEM151A,TSC22D4,KCNJ10,ATP8A1,LDLRAD4,SLAIN1,DTX4,QKI,RASGRP3,MAPK8IP1,TMEM144,RASSF2,CHADL,FEZ1,IL1RAPL1,KCNMB4,NCAM1,PRTFDC1","chea3","719","0.219700000000000006",NA,NA,"","3","GTEx--Coexpression(rank=353); Enrichr--Queries(rank=1025); ARCHS4--Coexpression(rank=1166)","719","0.219700000000000006","GTEx Coexpression,0.2197"
"DEG_LD_SW480","720","ZNF813","0.220500000000000002","ARCHS4 Coexpression,0.2205","ZNF681,ZNF273,GSTO2,MOGAT3,PSPN,POLN,GTF2IRD2,PTGR2,KCNV1,ACOXL,LASP1,GNB2,CFAP69,PTGES3L,ANKRD52,ZNF556,FGF13,ZNF486","chea3","720","0.220500000000000002",NA,NA,"","2","ARCHS4--Coexpression(rank=359); GTEx--Coexpression(rank=1407)","720","0.220500000000000002","ARCHS4 Coexpression,0.2205"
"DEG_LD_SW480","721","GLIS2","0.221099999999999991","ARCHS4 Coexpression,0.2211","ZNF512B,DAB2IP,MRGPRF,AFAP1,PCOLCE,LTBP2,LOXL2,SH3PXD2A,TRIP6,CDH11,MXRA8,ZNF469,SLIT3,IGFBP7,ANKRD52,EPHB4,CHST3,ADAMTS7","chea3","721","0.221099999999999991",NA,NA,"","3","ARCHS4--Coexpression(rank=360); GTEx--Coexpression(rank=517); Enrichr--Queries(rank=706)","721","0.221099999999999991","ARCHS4 Coexpression,0.2211"
"DEG_LD_SW480","722","ZNF329","0.222200000000000009","GTEx Coexpression,0.2222","CDKL2,WDR17,NLGN1,RTN1,UNC13A,KCND3,STXBP1,NMNAT2,AP3B2,PCLO,PNMA1,NBEA,KCNQ2,METTL6,APBB1,ZNF610,BSN,BEND6","chea3","722","0.222200000000000009",NA,NA,"","3","GTEx--Coexpression(rank=357); Enrichr--Queries(rank=720); ARCHS4--Coexpression(rank=779)","722","0.222200000000000009","GTEx Coexpression,0.2222"
"DEG_LD_SW480","723","OTX2","0.222200000000000009","ReMap ChIP-seq,0.2222","POMT2,ISCA2,DOCK4,STON2,LOXL2,ALCAM,DUSP10,GJA5,RASSF6,NAMPT,LEPR,MTERF1,CFAP45,TIGD2,ANXA1,F2R,SPNS2,BTN3A2,MRPS6,DKK1,TM4SF1,TANC2,IL1A,ZNF92,NPC2,ARHGEF3,RBM24,TLR4,PRTFDC1,MATN2,PTGER2,TMTC1,LTBP2,KRT86,SLC5A3,STK31,ATXN1,APH1B,GPA33,PDGFC,IGFBP7,EXPH5,TNFSF15,DCBLD2,PDP1,SLC4A8,PTPRB,PPP1R1C,CTH,KBTBD8","chea3","723","0.222200000000000009",NA,NA,"","4","ReMap--ChIP-seq(rank=66); GTEx--Coexpression(rank=568); Enrichr--Queries(rank=824); ARCHS4--Coexpression(rank=1086)","723","0.222200000000000009","ReMap ChIP-seq,0.2222"
"DEG_LD_SW480","724","JUNB","0.222399999999999987","ARCHS4 Coexpression,0.2224","TSC22D4,SELPLG,CEBPD,GMFG,ITGB2,TMC8,TMC6,ARHGAP45,CD4,ACAP1,CD7,NFKBIZ,TBC1D10C,NLRP1,CYTIP,PLCB2,ATF3,SLC12A9","chea3","724","0.222399999999999987",NA,NA,"","4","ReMap--ChIP-seq(rank=147); ARCHS4--Coexpression(rank=362); GTEx--Coexpression(rank=808); Enrichr--Queries(rank=897)","724","0.222399999999999987","ARCHS4 Coexpression,0.2224"
"DEG_LD_SW480","725","RUNX1","0.222799999999999998","GTEx Coexpression,0.2228","CCDC71L,BEX4,MAML2,PCOLCE,SOBP,BICC1,ALDH1A3,DAB2,PNMA1,DSE,CASP4,NFKBIZ,CDH11,NCAM1,CKB,APBB1,STEAP1,VGLL3","chea3","725","0.222799999999999998",NA,NA,"","5","Literature--ChIP-seq(rank=74); ReMap--ChIP-seq(rank=178); GTEx--Coexpression(rank=358); Enrichr--Queries(rank=558); ARCHS4--Coexpression(rank=923)","725","0.222799999999999998","GTEx Coexpression,0.2228"
"DEG_LD_SW480","726","ZNF713","0.222899999999999987","Enrichr Queries,0.2229","CPM,DOCK4,CEBPD,IFI6,RORA,LRP2,RASSF2,DUSP10,HEY1,GPNMB,HYAL1,PDK4,DMD,PAG1,ABCA1,ARRDC4,CADPS2,EGR3,AUTS2,BCL11A,TET1,FBXO32,EML1,SERPINB8,PGF,SLC4A8,NBEA,KCNMA1,YPEL1,ZNF711,ZNF117,MATN2","chea3","726","0.222899999999999987",NA,NA,"","3","Enrichr--Queries(rank=313); GTEx--Coexpression(rank=633); ARCHS4--Coexpression(rank=875)","726","0.222899999999999987","Enrichr Queries,0.2229"
"DEG_LD_SW480","727","SCML4","0.223599999999999993","ARCHS4 Coexpression,0.2236","SELPLG,GMFG,TNFRSF18,ANKRD44,SH2D2A,TMC8,TMC6,KRT86,ARHGAP45,ACAP1,CD7,CASP4,ARHGEF3,TBC1D10C,TRDC,PRKCQ,NLRP1,CYTIP","chea3","727","0.223599999999999993",NA,NA,"","3","ARCHS4--Coexpression(rank=364); GTEx--Coexpression(rank=472); Enrichr--Queries(rank=587)","727","0.223599999999999993","ARCHS4 Coexpression,0.2236"
"DEG_LD_SW480","728","HOXD12","0.224000000000000005","GTEx Coexpression,0.224","ARRDC4,OSBPL5,BNC2,TSHZ3,ZC4H2,PRUNE2,PDE3B,MRGPRF,HOXD13,FBLN1,HOXD11,EML1,HOXD10,AR,KCNMA1,TRMT61A,NKX3-2,MATN2","chea3","728","0.224000000000000005",NA,NA,"","3","GTEx--Coexpression(rank=360); ARCHS4--Coexpression(rank=408); Enrichr--Queries(rank=955)","728","0.224000000000000005","GTEx Coexpression,0.224"
"DEG_LD_SW480","729","TAL2","0.224399999999999988","Enrichr Queries,0.2244","RYR1,PARM1,EPAS1,LRP2,EFNA5,LOXL2,NT5E,ALCAM,HEY1,FLRT3,NCAM1,UPP1,ABCA1,CADPS2,EGLN3,EDN1,EGR3,PRRX1,BCL11A,MOCOS,IGF1,DKK1,SERPINB8,PGF,ACTA2,COL2A1,NR4A3,CDH11,CNTN1,PPARG,TGFBI,ATF3","chea3","729","0.224399999999999988",NA,NA,"","3","Enrichr--Queries(rank=315); ARCHS4--Coexpression(rank=802); GTEx--Coexpression(rank=1167)","729","0.224399999999999988","Enrichr Queries,0.2244"
"DEG_LD_SW480","730","PKNOX1","0.224599999999999994","GTEx Coexpression,0.2246","CDKL2,POMT2,PSPN,MEPCE,TEX22,CRYGN,SAMD15,APH1B,MC1R,TG,ZNF839,KATNAL2,ZNF429,SALL4,ZBED2,SLC26A4,ZNF486,ZNF596","chea3","730","0.224599999999999994",NA,NA,"","4","ReMap--ChIP-seq(rank=111); GTEx--Coexpression(rank=361); ARCHS4--Coexpression(rank=663); Enrichr--Queries(rank=1037)","730","0.224599999999999994","GTEx Coexpression,0.2246"
"DEG_LD_SW480","731","ZNF84","0.224800000000000000","ARCHS4 Coexpression,0.2248","BEX4,RTN1,AUTS2,CRMP1,ARPC4,FURIN,GDAP1,SLC16A14,ELAVL2,LASP1,NBEA,FEZ1,GNB2,ZNF737,ZNF117,NCAM1,FGF13,MARK1","chea3","731","0.224800000000000000",NA,NA,"","3","ARCHS4--Coexpression(rank=366); Enrichr--Queries(rank=1115); GTEx--Coexpression(rank=1389)","731","0.224800000000000000","ARCHS4 Coexpression,0.2248"
"DEG_LD_SW480","732","BARX2","0.225099999999999995","Enrichr Queries,0.2251","CPM,SPON1,DLX3,EPAS1,RORA,EFNA5,LOXL2,SOX2,NT5E,TFAP2A,MYH7B,EGLN3,EDN1,EGR3,BCL11B,VDR,BCL11A,IRX3,EBF3,FBXO32,NPNT,SERPINB8,ALDH1A3,SLPI,LHX2,WNK2,KIF26B,KCNMA1,PRR15,PPARG,TGFBI,ATF3","chea3","732","0.225099999999999995",NA,NA,"","3","Enrichr--Queries(rank=316); GTEx--Coexpression(rank=723); ARCHS4--Coexpression(rank=741)","732","0.225099999999999995","Enrichr Queries,0.2251"
"DEG_LD_SW480","733","CEBPA","0.225399999999999989","ARCHS4 Coexpression,0.2254","ECM2,ITGB2,FURIN,C2,GJB1,MYO15B,FES,CAT,SELENOP,PPARG,LGALS9,CAMK1,AGXT,GYG2,SLC15A3,RAB7B,PLCB2,CTSB","chea3","733","0.225399999999999989",NA,NA,"","5","Literature--ChIP-seq(rank=113); ReMap--ChIP-seq(rank=173); ARCHS4--Coexpression(rank=367); GTEx--Coexpression(rank=417); Enrichr--Queries(rank=774)","733","0.225399999999999989","ARCHS4 Coexpression,0.2254"
"DEG_LD_SW480","734","NR2F6","0.225599999999999995","ReMap ChIP-seq,0.2256","ZNF512B,POP7,ITGB2,SECTM1,CBLC,KIF12,NCMAP,LASP1,DBP,HYAL1,TBC1D10C,KRTAP3-1,EPHB4,SLC12A9,CTSB,HES7,RNF43,COL27A1,GSTO2,TMC8,ACSL5,TMC6,HSPG2,TM4SF1,TEX19,ARHGAP45,ACOX2,MXRA8,AGXT,GPRC5C,EPAS1,SLC43A1,FURIN,FBLN1,DEPP1,CYGB,GNG4,DRD4,SIVA1,ASPSCR1,CHCHD10,KLHDC8B,NR1D1,DHRS2,SBK3,GJB1,CDK6,CD7,ALB,NOTUM","chea3","734","0.225599999999999995",NA,NA,"","4","ReMap--ChIP-seq(rank=67); Enrichr--Queries(rank=928); ARCHS4--Coexpression(rank=1122); GTEx--Coexpression(rank=1337)","734","0.225599999999999995","ReMap ChIP-seq,0.2256"
"DEG_LD_SW480","735","ZNF519","0.225899999999999990","GTEx Coexpression,0.2259","HES7,TENM1,CADPS2,ZNF681,TLE2,COL27A1,STXBP1,DAB2IP,ADAM11,XKR7,TIAM1,MMP24,PCLO,KIAA1614,NBEA,MCF2L,FAT2,SPOCK1","chea3","735","0.225899999999999990",NA,NA,"","3","GTEx--Coexpression(rank=363); ARCHS4--Coexpression(rank=791); Enrichr--Queries(rank=1166)","735","0.225899999999999990","GTEx Coexpression,0.2259"
"DEG_LD_SW480","736","SIM2","0.226000000000000006","ARCHS4 Coexpression,0.226","MPP4,GSTO2,PSPN,POLN,GTF2IRD2,ARHGEF38,TTC7B,HUNK,KLK3,SLC5A3,PTGR2,NCMAP,AR,ACOXL,CFAP69,PTGES3L,ZNF556,STEAP2","chea3","736","0.226000000000000006",NA,NA,"","3","Enrichr--Queries(rank=362); ARCHS4--Coexpression(rank=368); GTEx--Coexpression(rank=718)","736","0.226000000000000006","ARCHS4 Coexpression,0.226"
"DEG_LD_SW480","737","SP100","0.227899999999999991","Enrichr Queries,0.2279","IFITM3,IFITM1,SELPLG,ITGB2,PLEK,IFI6,RASGRP3,HERC5,NT5E,GPNMB,NAMPT,CASP4,NFKBIZ,IGFBP7,LGALS9,SLC15A3,CTSB,ABCA1,CD74,ANXA1,SERPINB8,BST2,ISG20,DAB2,IFI27,OAS1,FASN,IL1B,CMPK2,TGFBI,ATF3,TLR3","chea3","737","0.227899999999999991",NA,NA,"","3","Enrichr--Queries(rank=320); GTEx--Coexpression(rank=773); ARCHS4--Coexpression(rank=898)","737","0.227899999999999991","Enrichr Queries,0.2279"
"DEG_LD_SW480","738","ZNF571","0.229300000000000004","Enrichr Queries,0.2293","ZNF331,ERO1B,IFI6,RORA,DUSP10,ZMAT1,HYAL1,ZNF107,ZNF502,ZNF763,ARRDC4,CADPS2,ZNF681,ZNF680,EGR3,ANXA1,BCL11A,ASNS,SERPINB8,SLC16A14,PGF,SYTL2,NR4A3,ZNF93,NBEA,ZNF239,CMPK2,ZNF711,ZNF117,ZNF610,ATF3,TLR3","chea3","738","0.229300000000000004",NA,NA,"","3","Enrichr--Queries(rank=322); ARCHS4--Coexpression(rank=613); GTEx--Coexpression(rank=1392)","738","0.229300000000000004","Enrichr Queries,0.2293"
"DEG_LD_SW480","739","HES4","0.229599999999999999","GTEx Coexpression,0.2296","ANKRD37,ECM2,SIVA1,WFS1,UBE2E2,SOBP,ACTA2,SH3BGRL,NR4A3,RCAN2,RBPMS2,COL8A2,IGFBP7,SUSD5,SMIM10,HDX,MARK1","chea3","739","0.229599999999999999",NA,NA,"","3","GTEx--Coexpression(rank=369); Enrichr--Queries(rank=383); ARCHS4--Coexpression(rank=914)","739","0.229599999999999999","GTEx Coexpression,0.2296"
"DEG_LD_SW480","740","ATF6B","0.229699999999999988","ARCHS4 Coexpression,0.2297","ITGB2,TMC8,TMC6,RASGRP3,ARHGAP45,SPN,LFNG,LASP1,ACAP1,ARMC10,MYO15B,JMJD7-PLA2G4B,GNB2,ORAI2,LGALS9,ZNF556,PLCB2,SLC12A9","chea3","740","0.229699999999999988",NA,NA,"","2","ARCHS4--Coexpression(rank=374); GTEx--Coexpression(rank=1473)","740","0.229699999999999988","ARCHS4 Coexpression,0.2297"
"DEG_LD_SW480","741","JAZF1","0.230199999999999988","GTEx Coexpression,0.2302","ZC4H2,PRUNE2,MRGPRF,ITPR1,CBLC,SOBP,ACTA2,SH3BGRL,PPFIBP2,PNMA1,NBEA,KCNMA1,IGSF9B,CAMK1,SMIM10,BCORL1,HDX","chea3","741","0.230199999999999988",NA,NA,"","3","GTEx--Coexpression(rank=370); Enrichr--Queries(rank=404); ARCHS4--Coexpression(rank=615)","741","0.230199999999999988","GTEx Coexpression,0.2302"
"DEG_LD_SW480","742","TRAFD1","0.230300000000000005","ARCHS4 Coexpression,0.2303","SELPLG,PTAFR,ITGB2,PLEK,DYSF,SECTM1,ARHGAP45,HERC5,BST2,ISG20,ACAP1,RASSF2,OAS1,CASP4,TBC1D10C,CMPK2,LGALS9,CYTIP","chea3","742","0.230300000000000005",NA,NA,"","3","ARCHS4--Coexpression(rank=375); Enrichr--Queries(rank=674); GTEx--Coexpression(rank=789)","742","0.230300000000000005","ARCHS4 Coexpression,0.2303"
"DEG_LD_SW480","743","LHX1","0.231600000000000000","ARCHS4 Coexpression,0.2316","CNTFR,NYAP1,CARMIL3,AUTS2,HMGCS1,CRMP1,EBF3,LEMD1,DKK4,NKAIN1,DACH1,KIF5C,LHX2,FEZ1,GPC2,NCAM1,SCN3B,LZTS1","chea3","743","0.231600000000000000",NA,NA,"","2","ARCHS4--Coexpression(rank=377); Enrichr--Queries(rank=686)","743","0.231600000000000000","ARCHS4 Coexpression,0.2316"
"DEG_LD_SW480","744","PPARD","0.231699999999999989","Literature ChIP-seq,0.2317","RTN1,TNFRSF18,IL24,ITPR1,MSMO1,PCOLCE,NAV1,NPNT,MEIS3,OLFML3,GRB10,PMP22,SLC26A9,TLN2,TGFBI","chea3","744","0.231699999999999989",NA,NA,"","4","Literature--ChIP-seq(rank=38); GTEx--Coexpression(rank=616); Enrichr--Queries(rank=658); ARCHS4--Coexpression(rank=987)","744","0.231699999999999989","Literature ChIP-seq,0.2317"
"DEG_LD_SW480","745","ZNF793","0.232199999999999990","Enrichr Queries,0.2322","CPM,RYR2,RORA,TMTC1,MED12L,HERC5,PCLO,KIF5C,ZNF429,ZNF107,DMD,ZNF502,SLC16A9,PAG1,ZNF486,CADPS2,ZNF681,AUTS2,BCL11B,BCL11A,SERPINB8,SLC16A14,ZNF93,NBEA,PPP1R3B,ZNF737,KCNMA1,CNTN1,ZNF711,ZNF117,ZNF610,STEAP2","chea3","745","0.232199999999999990",NA,NA,"","3","Enrichr--Queries(rank=326); GTEx--Coexpression(rank=447); ARCHS4--Coexpression(rank=462)","745","0.232199999999999990","Enrichr Queries,0.2322"
"DEG_LD_SW480","746","ZNF641","0.232800000000000007","ARCHS4 Coexpression,0.2328","KCNE3,PTAFR,ITGB2,DYSF,TMC8,SECTM1,ARHGAP45,LFNG,SLC6A6,OGFRL1,ACAP1,RASSF2,NAMPT,TBC1D10C,NLRP1,PLCB2,TLR4,SLC12A9","chea3","746","0.232800000000000007",NA,NA,"","3","ARCHS4--Coexpression(rank=379); Enrichr--Queries(rank=438); GTEx--Coexpression(rank=584)","746","0.232800000000000007","ARCHS4 Coexpression,0.2328"
"DEG_LD_SW480","747","ZNF280B","0.232899999999999996","Enrichr Queries,0.2329","BNC2,EPAS1,PDE3B,RORA,NT5E,ATXN1,KIF5C,PDK4,SLC16A9,UPP1,ABCA1,ARRDC4,CADPS2,EGR3,SYT1,HMGCS1,BCL11B,BCL11A,F2R,CADPS,TET1,ASNS,NMNAT2,SERPINB8,TIAM1,CDK6,NR4A3,YPEL1,PPARG,ZNF711,KCTD12,ATF3","chea3","747","0.232899999999999996",NA,NA,"","2","Enrichr--Queries(rank=327); ARCHS4--Coexpression(rank=1337)","747","0.232899999999999996","Enrichr Queries,0.2329"
"DEG_LD_SW480","748","MNX1","0.233399999999999996","ARCHS4 Coexpression,0.2334","ZNF512B,ERO1B,PARM1,XRCC3,USH1C,PDX1,CHCHD10,KIF12,HOXD13,HOXD11,HOXC11,HOXD10,SLC7A2,MYO1D,FASN,ANKRD52,NKX6-1,CHGB","chea3","748","0.233399999999999996",NA,NA,"","4","Literature--ChIP-seq(rank=65); ARCHS4--Coexpression(rank=380); Enrichr--Queries(rank=596); GTEx--Coexpression(rank=982)","748","0.233399999999999996","ARCHS4 Coexpression,0.2334"
"DEG_LD_SW480","749","ZNF454","0.233600000000000002","Enrichr Queries,0.2336","RYR2,SPON1,TSHZ3,EPAS1,NTM,CRMP1,TMTC1,CACNA1E,CRTAC1,PHACTR3,SPOCK1,ZNF502,CADPS2,ADGRV1,CADPS,EBF3,NMNAT2,SORCS2,SERPINB8,AP3B2,OLFM1,NR4A3,NBEA,KIF26B,ZNF737,KCNMA1,CDH11,CNTN1,COL6A3,MKX,ZNF610,ATF3","chea3","749","0.233600000000000002",NA,NA,"","3","Enrichr--Queries(rank=328); GTEx--Coexpression(rank=679); ARCHS4--Coexpression(rank=857)","749","0.233600000000000002","Enrichr Queries,0.2336"
"DEG_LD_SW480","750","POU6F2","0.234300000000000008","Enrichr Queries,0.2343","RYR2,TENM1,NLGN1,NTM,TSHZ2,XYLT1,RORA,TMTC1,AKAP6,LDLRAD4,EFNA5,CACNA1E,FSTL4,ELAVL2,PCLO,DACH1,SPOCK1,DMD,CADPS2,ADGRV1,AUTS2,SYT1,BCL11A,CADPS,SORCS2,SERPINB8,PDE10A,NBEA,KIF26B,KCNMA1,CNTN1,CDH13","chea3","750","0.234300000000000008",NA,NA,"","3","Enrichr--Queries(rank=329); GTEx--Coexpression(rank=512); ARCHS4--Coexpression(rank=845)","750","0.234300000000000008","Enrichr Queries,0.2343"
"DEG_LD_SW480","751","ZNF331","0.234600000000000003","ARCHS4 Coexpression,0.2346","GSTO2,MOGAT3,FBXW10,POLN,GTF2IRD2,TMEM176B,CRYBA2,TREM2,PALD1,NR4A3,VSIG1,SH3TC1,PDK4,OLR1,ZNF556,CHGB,XKR5,HAVCR2","chea3","751","0.234600000000000003",NA,NA,"","3","ARCHS4--Coexpression(rank=382); Enrichr--Queries(rank=536); GTEx--Coexpression(rank=926)","751","0.234600000000000003","ARCHS4 Coexpression,0.2346"
"DEG_LD_SW480","752","HES5","0.235199999999999992","GTEx Coexpression,0.2352","BEX4,NYAP1,PHLPP1,KCNJ10,PON2,ACSL6,DCLK2,STON2,RLBP1,SOX2,RIMS4,JPH3,PTPRZ1,LHX2,PHACTR3,ALDOC,CACNG4","chea3","752","0.235199999999999992",NA,NA,"","3","GTEx--Coexpression(rank=378); Enrichr--Queries(rank=470); ARCHS4--Coexpression(rank=1115)","752","0.235199999999999992","GTEx Coexpression,0.2352"
"DEG_LD_SW480","753","ZKSCAN2","0.235800000000000010","Enrichr Queries,0.2358","RERE,TENM1,TSHZ3,ITPR1,XYLT1,RORA,AKAP6,EFNA5,CACNA1E,AFF2,ATXN1,PCLO,ALCAM,NCAM1,ABCA1,ARRDC4,CADPS2,EGLN3,AUTS2,BCL11B,BCL11A,NAV1,SERPINB8,TANC2,TGFBR3,SLC4A8,NBEA,KIF26B,KCNMA1,ZNF711,ATF3,NECTIN1","chea3","753","0.235800000000000010",NA,NA,"","3","Enrichr--Queries(rank=331); ARCHS4--Coexpression(rank=433); GTEx--Coexpression(rank=1281)","753","0.235800000000000010","Enrichr Queries,0.2358"
"DEG_LD_SW480","754","AEBP2","0.235800000000000010","GTEx Coexpression,0.2358","OCA2,ECM2,MAML2,PRRX2,F2R,MYO1D,ACTA2,TMEM43,GPNMB,PDGFC,TRIP6,COL8A2,CDH13,ROR1,SUSD5,SMIM10,HDX","chea3","754","0.235800000000000010",NA,NA,"","3","GTEx--Coexpression(rank=379); Enrichr--Queries(rank=1291); ARCHS4--Coexpression(rank=1554)","754","0.235800000000000010","GTEx Coexpression,0.2358"
"DEG_LD_SW480","755","GLMP","0.235899999999999999","ARCHS4 Coexpression,0.2359","ECM1,SEC13,CD163L1,PLOD3,MITF,SDSL,RNASE1,C2,DAB2,GJB1,GPNMB,NPC2,SELENOP,CAMK1,TGFBI,SLC15A3,RAB7B,CTSB","chea3","755","0.235899999999999999",NA,NA,"","2","ARCHS4--Coexpression(rank=384); GTEx--Coexpression(rank=612)","755","0.235899999999999999","ARCHS4 Coexpression,0.2359"
"DEG_LD_SW480","756","LTF","0.236499999999999988","GTEx Coexpression,0.2365","SH2D2A,PLEK,PRSS33,WFDC2,SYTL3,ARHGAP45,ISG20,SLPI,GRAP2,CD7,TBC1D10C,RUBCNL,VSTM1,TRIM58,CYTIP,RHCE,HAVCR2","chea3","756","0.236499999999999988",NA,NA,"","2","GTEx--Coexpression(rank=380); ARCHS4--Coexpression(rank=585)","756","0.236499999999999988","GTEx Coexpression,0.2365"
"DEG_LD_SW480","757","NFE2","0.236499999999999988","ARCHS4 Coexpression,0.2365","MPP1,ALAS2,KCNE3,GMFG,PTAFR,DYSF,SECTM1,ARHGAP45,SPN,LYL1,ACAP1,FES,GRAP2,CAT,TRIM58,LGALS9,PLCB2,SLC12A9","chea3","757","0.236499999999999988",NA,NA,"","5","ENCODE--ChIP-seq(rank=56); ReMap--ChIP-seq(rank=227); ARCHS4--Coexpression(rank=385); Enrichr--Queries(rank=785); GTEx--Coexpression(rank=802)","757","0.236499999999999988","ARCHS4 Coexpression,0.2365"
"DEG_LD_SW480","758","TCF7L2","0.237300000000000011","ENCODE ChIP-seq,0.2373","RNF43,SLC22A3,COL27A1,TLE1,EPAS1,GREB1,ACSL5,NR1D1,ANO4,DKK1,DCBLD2,SEM1,MC1R,CDK6,ZNF839,SH3PXD2A,SPTLC3,SELENOP,CHI3L1,KRTAP3-1,BAHCC1,STEAP2,CHGB","chea3","758","0.237300000000000011",NA,NA,"","6","ENCODE--ChIP-seq(rank=28); Literature--ChIP-seq(rank=55); ReMap--ChIP-seq(rank=88); GTEx--Coexpression(rank=654); ARCHS4--Coexpression(rank=769); Enrichr--Queries(rank=885)","758","0.237300000000000011","ENCODE ChIP-seq,0.2373"
"DEG_LD_SW480","759","FOXL2","0.237900000000000000","Enrichr Queries,0.2379","EPAS1,SHOX2,RORA,HOXD13,FZD10,HOXD11,HOXD10,LOXL2,SOX2,NT5E,HEY1,SIX2,SPOCK1,TFAP2A,EGR3,BCL11A,IRX3,MOCOS,EBF3,DKK1,ALDH1A3,GAL,COL2A1,NR4A3,VGF,LHX2,KIF26B,CNTN1,PPARG,TGFBI,ATF3","chea3","759","0.237900000000000000",NA,NA,"","3","Enrichr--Queries(rank=334); ARCHS4--Coexpression(rank=836); GTEx--Coexpression(rank=921)","759","0.237900000000000000","Enrichr Queries,0.2379"
"DEG_LD_SW480","760","XBP1","0.238300000000000012","ARCHS4 Coexpression,0.2383","ZNF512B,SEC13,IRX3,GREB1,SLC43A1,KIF12,HOXC11,SLC7A2,QKI,SLC9A2,MYO1D,MLPH,GNB2,EEF1A2,PRR15,SPTSSB,TSPAN1,CACNG4","chea3","760","0.238300000000000012",NA,NA,"","4","ReMap--ChIP-seq(rank=251); ARCHS4--Coexpression(rank=388); GTEx--Coexpression(rank=969); Enrichr--Queries(rank=1076)","760","0.238300000000000012","ARCHS4 Coexpression,0.2383"
"DEG_LD_SW480","761","SOX13","0.238300000000000012","GTEx Coexpression,0.2383","GGT5,AFAP1L1,OSBPL5,VWF,STARD8,NEDD9,EBF3,HSPG2,KLF15,TGFBR3,PTPRB,SESTD1,GATAD1,MXRA8,PMP22,SLIT3,KCTD12","chea3","761","0.238300000000000012",NA,NA,"","4","ReMap--ChIP-seq(rank=137); GTEx--Coexpression(rank=383); Enrichr--Queries(rank=663); ARCHS4--Coexpression(rank=735)","761","0.238300000000000012","GTEx Coexpression,0.2383"
"DEG_LD_SW480","762","ZNF747","0.238999999999999990","GTEx Coexpression,0.239","RERE,WDR25,SIVA1,GTF2IRD2,MITF,UFSP1,COQ6,CHCHD4,MBLAC1,KCNMA1,ZSCAN21,DPH3,PTGES3L,ACOT2,ACOT1,ASB2,GTF2IRD2B","chea3","762","0.238999999999999990",NA,NA,"","3","GTEx--Coexpression(rank=384); ARCHS4--Coexpression(rank=982); Enrichr--Queries(rank=1236)","762","0.238999999999999990","GTEx Coexpression,0.239"
"DEG_LD_SW480","763","SOX30","0.239999999999999991","Enrichr Queries,0.24","RYR1,FCGBP,CEBPD,EPAS1,PTGER2,RORA,LRP2,HOXD11,HOXD10,FSTL4,ELAVL2,LOXL2,STK31,GRB10,PHACTR3,CADPS2,NAPSA,EDN1,EGR3,BCL11A,MOCOS,SOX14,NR1D1,SERPINB8,PGF,NR4A3,VGF,LHX2,KCNMA1,PPARG,ATF3","chea3","763","0.239999999999999991",NA,NA,"","3","Enrichr--Queries(rank=337); ARCHS4--Coexpression(rank=1393); GTEx--Coexpression(rank=1445)","763","0.239999999999999991","Enrichr Queries,0.24"
"DEG_LD_SW480","764","ZEB1","0.240799999999999986","ARCHS4 Coexpression,0.2408","RYR1,PRRX1,NTM,DCLK2,ILDR2,AKAP6,QKI,AFF2,SLC4A8,PTPRZ1,CDH11,SSPN,CDH13,DMD,NCAM1,ULBP2,CHST3,MAP2K6","chea3","764","0.240799999999999986",NA,NA,"","5","ENCODE--ChIP-seq(rank=54); ReMap--ChIP-seq(rank=219); ARCHS4--Coexpression(rank=392); GTEx--Coexpression(rank=432); Enrichr--Queries(rank=508)","764","0.240799999999999986","ARCHS4 Coexpression,0.2408"
"DEG_LD_SW480","765","ZFP57","0.240799999999999986","GTEx Coexpression,0.2408","TMEM151A,TSC22D4,KCNJ10,LDLRAD4,SLAIN1,QKI,RASGRP3,TMEM144,RASSF2,SNORC,DAAM2,CHADL,FEZ1,IL1RAPL1,PHACTR3,NCAM1,PRTFDC1","chea3","765","0.240799999999999986",NA,NA,"","3","Enrichr--Queries(rank=350); GTEx--Coexpression(rank=387); ARCHS4--Coexpression(rank=860)","765","0.240799999999999986","GTEx Coexpression,0.2408"
"DEG_LD_SW480","766","DMRT3","0.241400000000000003","GTEx Coexpression,0.2414","POMT2,PLEKHG4,CCDC116,MEPCE,CRYGN,DUSP15,STK31,SHE,ZCWPW1,SAMD15,TG,KATNAL2,SALL4,ZBED2,CLBA1,SLC26A4,ZNF114","chea3","766","0.241400000000000003",NA,NA,"","3","Enrichr--Queries(rank=381); GTEx--Coexpression(rank=388); ARCHS4--Coexpression(rank=488)","766","0.241400000000000003","GTEx Coexpression,0.2414"
"DEG_LD_SW480","767","BCL6","0.241999999999999993","ARCHS4 Coexpression,0.242","TSC22D4,SELPLG,KCNE3,CEBPD,PTAFR,ITGB2,DYSF,SECTM1,NOD2,ARHGAP45,LFNG,SLC6A6,RASSF2,NAMPT,NLRP1,PLCB2,TLR4,SLC12A9","chea3","767","0.241999999999999993",NA,NA,"","5","Literature--ChIP-seq(rank=137); ReMap--ChIP-seq(rank=185); ARCHS4--Coexpression(rank=394); Enrichr--Queries(rank=512); GTEx--Coexpression(rank=784)","767","0.241999999999999993","ARCHS4 Coexpression,0.242"
"DEG_LD_SW480","768","ZNF517","0.242100000000000010","GTEx Coexpression,0.2421","IGSF8,RPS6KL1,NYAP1,UNC5A,TTC7B,CRMP1,SOBP,MAPK8IP2,AP3B2,BEGAIN,MBLAC1,NBEA,KCNQ2,APBB1,BSN,APBA2,TMEM229B","chea3","768","0.242100000000000010",NA,NA,"","3","GTEx--Coexpression(rank=389); ARCHS4--Coexpression(rank=539); Enrichr--Queries(rank=1071)","768","0.242100000000000010","GTEx Coexpression,0.2421"
"DEG_LD_SW480","769","ZNF630","0.242600000000000010","ARCHS4 Coexpression,0.2426","GSTO2,MOGAT3,FBXW10,PSPN,POLN,SLC30A2,GTF2IRD2,PTGR2,KCNV1,ACOXL,LASP1,CFAP69,PTGES3L,METTL6,ZNF556,ZNF486,ZNF442,XKR5","chea3","769","0.242600000000000010",NA,NA,"","2","ARCHS4--Coexpression(rank=395); GTEx--Coexpression(rank=1279)","769","0.242600000000000010","ARCHS4 Coexpression,0.2426"
"DEG_LD_SW480","770","FOXB1","0.242699999999999999","GTEx Coexpression,0.2427","TMEM151A,BEX4,ACHE,TSC22D4,CADPS,SLAIN1,ZDHHC22,QKI,ELAVL2,SOX2,TMEM144,RASSF2,SNORC,CHADL,FEZ1,CNTN1,VAT1L","chea3","770","0.242699999999999999",NA,NA,"","3","GTEx--Coexpression(rank=390); Enrichr--Queries(rank=484); ARCHS4--Coexpression(rank=1127)","770","0.242699999999999999","GTEx Coexpression,0.2427"
"DEG_LD_SW480","771","ZNF189","0.242900000000000005","Enrichr Queries,0.2429","ATP8A1,CEBPD,PRUNE2,NEDD9,SLC5A3,SERTAD4,ALCAM,KIF5C,RASSF6,NAMPT,PDK4,ABCA1,ARRDC4,CADPS2,EGR3,ANXA1,HMGCS1,FBXO32,PTPN13,SERPINB8,KLF15,PGF,SYTL2,TGFBR3,RAB30,NR4A3,NBEA,ARHGEF3,CNTN1,ATF3,MATN2","chea3","771","0.242900000000000005",NA,NA,"","3","Enrichr--Queries(rank=341); GTEx--Coexpression(rank=1102); ARCHS4--Coexpression(rank=1476)","771","0.242900000000000005","Enrichr Queries,0.2429"
"DEG_LD_SW480","772","ZNF418","0.244299999999999989","Enrichr Queries,0.2443","ZNF331,TENM1,VIPR1,TSHZ3,RORA,LTBP2,LOXL2,HERC5,LFNG,NT5E,JPH3,DMD,ZNF502,ZNF501,ABCA1,ARRDC4,CADPS2,AUTS2,SYT1,BCL11A,TET1,SERPINB8,SYTL2,TIAM1,ZNF93,NBEA,WNK2,ZNF737,ZNF711,TGFBI,ZNF610","chea3","772","0.244299999999999989",NA,NA,"","3","Enrichr--Queries(rank=343); ARCHS4--Coexpression(rank=670); GTEx--Coexpression(rank=760)","772","0.244299999999999989","Enrichr Queries,0.2443"
"DEG_LD_SW480","773","EOMES","0.244499999999999995","ARCHS4 Coexpression,0.2445","IFITM1,OXTR,SERF1B,CARMIL3,APOBEC3G,PRKX,NAV1,KLHDC8B,LEMD1,DKK4,NKAIN1,KIF5C,LHX2,KCNMB4,GPC2,LZTS1,FEZF1,GALNT8","chea3","773","0.244499999999999995",NA,NA,"","5","Literature--ChIP-seq(rank=72); ReMap--ChIP-seq(rank=110); ARCHS4--Coexpression(rank=398); Enrichr--Queries(rank=408); GTEx--Coexpression(rank=420)","773","0.244499999999999995","ARCHS4 Coexpression,0.2445"
"DEG_LD_SW480","774","STAT4","0.245100000000000012","ARCHS4 Coexpression,0.2451","SELPLG,APOBEC3G,GMFG,ANKRD44,SH2D2A,PTGER2,RORA,SYTL3,BATF,ISG20,CD4,ACAP1,CD7,ARHGEF3,TBC1D10C,PRKCQ,CYTIP,PAG1","chea3","774","0.245100000000000012",NA,NA,"","4","Literature--ChIP-seq(rank=109); ARCHS4--Coexpression(rank=399); GTEx--Coexpression(rank=712); Enrichr--Queries(rank=856)","774","0.245100000000000012","ARCHS4 Coexpression,0.2451"
"DEG_LD_SW480","775","FOXE3","0.245200000000000001","GTEx Coexpression,0.2452","HES7,SHC4,NGFR,IGSF8,TLE2,DAB2IP,SORCS2,NCMAP,MAPK8IP1,ADAMTS14,GJC3,MPZ,IL1RAPL1,PMP22,KCNMB4,PTGDS,KANK4","chea3","775","0.245200000000000001",NA,NA,"","3","GTEx--Coexpression(rank=394); Enrichr--Queries(rank=790); ARCHS4--Coexpression(rank=1392)","775","0.245200000000000001","GTEx Coexpression,0.2452"
"DEG_LD_SW480","776","ONECUT3","0.245700000000000002","Enrichr Queries,0.2457","DLX3,SHOX2,RORA,EFNA5,CACNA1E,LOXL2,SOX2,JPH3,SIX2,SLIT3,RHBDL3,TFAP2A,NGFR,EGLN3,EGR3,UNC13A,PRRX1,BCL11B,BCL11A,IRX3,ECEL1,EBF3,NMNAT2,SORCS2,ALDH1A3,VGF,KIF26A,LHX2,KIF26B,KCNMA1,ATF3","chea3","776","0.245700000000000002",NA,NA,"","3","Enrichr--Queries(rank=345); ARCHS4--Coexpression(rank=722); GTEx--Coexpression(rank=1422)","776","0.245700000000000002","Enrichr Queries,0.2457"
"DEG_LD_SW480","777","ZNF436","0.246400000000000008","GTEx Coexpression,0.2464","TFAP2A,TSHZ2,ASAP3,TMEM40,FZD10,PTPN13,SERPINB5,TP53AIP1,VANGL2,PERP,TRPV4,SFN,ZNF117,GABRE,EPHB4,NECTIN1,MPZL2","chea3","777","0.246400000000000008",NA,NA,"","3","GTEx--Coexpression(rank=396); Enrichr--Queries(rank=605); ARCHS4--Coexpression(rank=662)","777","0.246400000000000008","GTEx Coexpression,0.2464"
"DEG_LD_SW480","778","TIGD4","0.246400000000000008","Enrichr Queries,0.2464","RYR1,TENM1,OXTR,EPAS1,KLHDC7A,STON2,LOXL2,NT5E,DACH1,ZMAT1,GPNMB,CTSK,MPZ,LEPR,PDK4,DMD,CYTIP,ABCA1,WDR17,CADPS2,ADGRV1,SERPINB8,SUGCT,TIAM1,NR4A3,IL1B,KCNMA1,CNTN1,TLR4,STEAP2,ATF3","chea3","778","0.246400000000000008",NA,NA,"","3","Enrichr--Queries(rank=346); ARCHS4--Coexpression(rank=762); GTEx--Coexpression(rank=1572)","778","0.246400000000000008","Enrichr Queries,0.2464"
"DEG_LD_SW480","779","NFKB1","0.246900000000000008","ARCHS4 Coexpression,0.2469","SLC43A3,PLEK,SERPINB8,BATF,IL1A,CD4,NR4A3,OAS1,IL1B,NAMPT,NFKBIZ,CMPK2,NLRP3,LGALS9,CYTIP,SLC15A3,RAB7B,TLR4","chea3","779","0.246900000000000008",NA,NA,"","4","ReMap--ChIP-seq(rank=186); ARCHS4--Coexpression(rank=402); Enrichr--Queries(rank=728); GTEx--Coexpression(rank=1513)","779","0.246900000000000008","ARCHS4 Coexpression,0.2469"
"DEG_LD_SW480","780","IKZF4","0.247499999999999998","ARCHS4 Coexpression,0.2475","BEX4,CNTFR,RPS6KL1,RTN1,KCNK10,AUTS2,CRMP1,ARPC4,ELAVL2,SOX2,NKAIN1,VANGL2,DACH1,GPC2,NCAM1,SCN3B,FGF13,MARK1","chea3","780","0.247499999999999998",NA,NA,"","3","ARCHS4--Coexpression(rank=403); Enrichr--Queries(rank=415); GTEx--Coexpression(rank=559)","780","0.247499999999999998","ARCHS4 Coexpression,0.2475"
"DEG_LD_SW480","781","MXD4","0.247700000000000004","GTEx Coexpression,0.2477","ARHGEF33,TLE2,CARMIL3,TMEM63C,STXBP1,DAB2IP,ADAM11,AP3B2,AFF2,BEGAIN,XKR7,TIAM1,MMP24,PCLO,MCF2L,FAT2,TMEM229B","chea3","781","0.247700000000000004",NA,NA,"","3","GTEx--Coexpression(rank=398); Enrichr--Queries(rank=668); ARCHS4--Coexpression(rank=1234)","781","0.247700000000000004","GTEx Coexpression,0.2477"
"DEG_LD_SW480","782","SKOR1","0.248200000000000004","ARCHS4 Coexpression,0.2482","ARHGEF33,PRKCG,CNTFR,NYAP1,AUTS2,PCP4L1,ITPR1,DCLK2,CRMP1,EBF3,ACTL8,STK31,NKAIN1,TGFBR3L,TIAM1,ALDOC,NCAM1,CA8","chea3","782","0.248200000000000004",NA,NA,"","2","ARCHS4--Coexpression(rank=404); GTEx--Coexpression(rank=563)","782","0.248200000000000004","ARCHS4 Coexpression,0.2482"
"DEG_LD_SW480","783","ZNF575","0.248599999999999988","Enrichr Queries,0.2486","CEMIP,CEBPD,F13A1,SECTM1,LTBP2,SDSL,DEPP1,LOXL2,LFNG,NT5E,ABLIM3,HYAL1,PDK4,FBXO6,CKB,PAG1,CADPS2,NAPSA,ANXA1,VDR,CLEC11A,MOCOS,NR1D1,FBXO32,SERPINB8,PGF,ISG20,TGFBR3,KCNMA1,TGFBI,ATF3","chea3","783","0.248599999999999988",NA,NA,"","3","Enrichr--Queries(rank=349); GTEx--Coexpression(rank=813); ARCHS4--Coexpression(rank=1049)","783","0.248599999999999988","Enrichr Queries,0.2486"
"DEG_LD_SW480","784","VSX1","0.249500000000000000","GTEx Coexpression,0.2495","ARHGEF33,CADPS2,TLE2,CARMIL3,STXBP1,DAB2IP,ADAM11,NMNAT2,AP3B2,XKR7,TIAM1,MMP24,PCLO,MCF2L,FAT2,SPOCK1,BSN","chea3","784","0.249500000000000000",NA,NA,"","3","GTEx--Coexpression(rank=401); ARCHS4--Coexpression(rank=507); Enrichr--Queries(rank=794)","784","0.249500000000000000","GTEx Coexpression,0.2495"
"DEG_LD_SW480","785","GATA4","0.250000000000000000","ARCHS4 Coexpression,0.25","MYH7B,RYR2,COL27A1,TNNC1,SLC43A1,WDR72,GJB1,MDK,MYL2,KIF26B,ALB,RBPMS2,PLAC1,DMD,INSL3,GPRC5C,RBM24","chea3","785","0.250000000000000000",NA,NA,"","5","Literature--ChIP-seq(rank=53); ReMap--ChIP-seq(rank=202); ARCHS4--Coexpression(rank=407); Enrichr--Queries(rank=444); GTEx--Coexpression(rank=594)","785","0.250000000000000000","ARCHS4 Coexpression,0.25"
"DEG_LD_SW480","786","OVOL2","0.250000000000000000","Enrichr Queries,0.25","IFITM1,CBLC,RORA,WFDC2,SOX2,HEY1,FLRT3,PERP,SALL4,CKB,TSPAN1,MPZL2,TFAP2A,MYH7B,CADPS2,EGLN3,EGR3,BCL11B,BCL11A,IRX3,EBF3,SERPINB8,OLFM1,ALDH1A3,RIPPLY3,MLPH,LHX2,EEF1A2,PPARG,GPRC5C,ATF3","chea3","786","0.250000000000000000",NA,NA,"","4","ReMap--ChIP-seq(rank=295); Enrichr--Queries(rank=351); GTEx--Coexpression(rank=414); ARCHS4--Coexpression(rank=920)","786","0.250000000000000000","Enrichr Queries,0.25"
"DEG_LD_SW480","787","ZNF286B","0.250199999999999978","GTEx Coexpression,0.2502","HES7,TENM1,CADPS2,TLE2,CARMIL3,STXBP1,DAB2IP,ADAM11,FAM133B,XKR7,TIAM1,MMP24,PCLO,KIAA1614,MCF2L,FAT2,SPOCK1","chea3","787","0.250199999999999978",NA,NA,"","2","GTEx--Coexpression(rank=402); ARCHS4--Coexpression(rank=967)","787","0.250199999999999978","GTEx Coexpression,0.2502"
"DEG_LD_SW480","788","ZNF799","0.250699999999999978","Enrichr Queries,0.2507","NEDD9,MSMO1,RASGRP3,LFNG,ALCAM,NFKBIZ,ZNF763,PAG1,ZNF442,ABCA1,ARRDC4,CADPS2,NAPSA,EDN1,ZNF680,HMGCS1,VWF,F2R,DKK1,SERPINB8,PGF,SYTL2,ISG20,TGFBR3,TIAM1,RAB30,OAS1,ARHGEF3,CMPK2,ATF3,MATN2","chea3","788","0.250699999999999978",NA,NA,"","3","Enrichr--Queries(rank=352); GTEx--Coexpression(rank=739); ARCHS4--Coexpression(rank=953)","788","0.250699999999999978","Enrichr Queries,0.2507"
"DEG_LD_SW480","789","BACH2","0.251400000000000012","Enrichr Queries,0.2514","DOCK4,MAML2,ATP8A1,EPAS1,PELI2,NEDD9,RORA,EFNA5,ATXN1,ALCAM,DUSP10,SH3PXD2A,NCAM1,PAG1,ABCA1,CADPS2,EGR3,AUTS2,BCL11B,BCL11A,FBXO32,SORCS2,SERPINB8,TGFBR3,TIAM1,CDK6,NR4A3,SLCO3A1,KIF26B,ARHGEF3,ATF3","chea3","789","0.251400000000000012",NA,NA,"","4","ReMap--ChIP-seq(rank=181); Enrichr--Queries(rank=353); ARCHS4--Coexpression(rank=646); GTEx--Coexpression(rank=983)","789","0.251400000000000012","Enrichr Queries,0.2514"
"DEG_LD_SW480","790","MSANTD3","0.251800000000000024","ARCHS4 Coexpression,0.2518","LSMEM1,MEPCE,F2R,TMEM40,F13A1,RAB27B,GNG11,FRMD3,SPOCD1,DAB2,ABLIM3,TNFSF4,GRAP2,TRIM58,LY6G6D,MFAP3L,BET1","chea3","790","0.251800000000000024",NA,NA,"","2","ARCHS4--Coexpression(rank=410); GTEx--Coexpression(rank=823)","790","0.251800000000000024","ARCHS4 Coexpression,0.2518"
"DEG_LD_SW480","791","GATAD2B","0.252000000000000002","GTEx Coexpression,0.252","TNFRSF18,ANKRD44,SH2D2A,PLEK,NOD2,SYTL3,ARHGAP45,BICRA,GNA13,ACAP1,GRAP2,CD7,RUBCNL,NLRP3,CYTIP,SH2B2,PAG1","chea3","791","0.252000000000000002",NA,NA,"","3","GTEx--Coexpression(rank=405); Enrichr--Queries(rank=1348); ARCHS4--Coexpression(rank=1577)","791","0.252000000000000002","GTEx Coexpression,0.252"
"DEG_LD_SW480","792","ZNF649","0.252099999999999991","Enrichr Queries,0.2521","ZNF331,IFITM1,BNC2,RORA,SLAIN1,WFDC2,HERC5,SOX2,KIF5C,GNG4,SALL4,ZNF107,ZNF486,ARRDC4,CADPS2,ZNF681,ZNF680,HMGCS1,BCL11A,TET1,ASNS,PTPN13,SERPINB8,PGF,BST2,ALDH1A3,CDK6,ZNF93,ZNF737,FGF13,ATF3","chea3","792","0.252099999999999991",NA,NA,"","3","Enrichr--Queries(rank=354); ARCHS4--Coexpression(rank=1043); GTEx--Coexpression(rank=1226)","792","0.252099999999999991","Enrichr Queries,0.2521"
"DEG_LD_SW480","793","ZNF516","0.252500000000000002","ARCHS4 Coexpression,0.2525","RERE,CNTFR,GTF2IRD2,PTAFR,ITGB2,DYSF,EBF3,AFF2,SLC6A6,RASSF2,LHX2,SIX2,VSTM1,DUS4L,PLCB2,TLR4,APBA2","chea3","793","0.252500000000000002",NA,NA,"","3","ARCHS4--Coexpression(rank=411); GTEx--Coexpression(rank=522); Enrichr--Queries(rank=582)","793","0.252500000000000002","ARCHS4 Coexpression,0.2525"
"DEG_LD_SW480","794","ZNF101","0.252599999999999991","GTEx Coexpression,0.2526","SELPLG,APOBEC3G,GMFG,PTAFR,ITGB2,IL24,PLEK,TMC8,ARPC4,BATF,ARHGAP45,ISG20,ACAP1,GRAP2,TBC1D10C,RUBCNL,SLC12A9","chea3","794","0.252599999999999991",NA,NA,"","3","GTEx--Coexpression(rank=406); ARCHS4--Coexpression(rank=696); Enrichr--Queries(rank=792)","794","0.252599999999999991","GTEx Coexpression,0.2526"
"DEG_LD_SW480","795","KLF14","0.253599999999999992","Enrichr Queries,0.2536","KCNG1,CPM,DLX3,EPAS1,SHOX2,HOXD11,EFNA5,HOXD10,LOXL2,EGFLAM,SIX2,TFAP2A,NGFR,CADPS2,EGLN3,EGR3,BCL11B,BCL11A,IRX3,PDE2A,SOX14,EBF3,IGF1,COL2A1,NR4A3,VGF,LHX2,KIF26B,KCNMA1,PPARG,ATF3","chea3","795","0.253599999999999992",NA,NA,"","2","Enrichr--Queries(rank=356); ARCHS4--Coexpression(rank=839)","795","0.253599999999999992","Enrichr Queries,0.2536"
"DEG_LD_SW480","796","ZNF524","0.253699999999999981","ARCHS4 Coexpression,0.2537","TSC22D4,SELPLG,PTAFR,ITGB2,SECTM1,ARPC4,FURIN,ARHGAP45,LFNG,LYL1,GNB2,GRAP2,CD7,TBC1D10C,LGALS9,PLCB2,SLC12A9","chea3","796","0.253699999999999981",NA,NA,"","3","ARCHS4--Coexpression(rank=413); GTEx--Coexpression(rank=941); Enrichr--Queries(rank=1163)","796","0.253699999999999981","ARCHS4 Coexpression,0.2537"
"DEG_LD_SW480","797","ZNF786","0.253900000000000015","GTEx Coexpression,0.2539","TFAP2A,POP7,ZNF273,BCL11B,BCL11A,TNFRSF18,NXPH4,NKPD1,SERPINB5,KLK7,ORC5,SHE,PERP,PSMG3,SPTSSB,EXPH5,TMEM45A","chea3","797","0.253900000000000015",NA,NA,"","3","GTEx--Coexpression(rank=408); ARCHS4--Coexpression(rank=594); Enrichr--Queries(rank=1086)","797","0.253900000000000015","GTEx Coexpression,0.2539"
"DEG_LD_SW480","798","RELA","0.254199999999999982","ENCODE ChIP-seq,0.2542","CPNE8,OXTR,SELPLG,ANKRD33B,MAML2,ITGB2,GRIK4,NEDD9,NOD2,DTX4,SPN,ALCAM,DUSP10,NFKBIZ,CYTIP,CD74,TNFSF15,MACC1,RAB39A,CYS1,SYTL3,BATF,ACTA2,SGO1,PPFIBP2,LHX2,TNFSF4,RUBCNL,EFHB,ASB2,ATF3,DZIP3","chea3","798","0.254199999999999982",NA,NA,"","6","ENCODE--ChIP-seq(rank=30); Literature--ChIP-seq(rank=59); ReMap--ChIP-seq(rank=165); GTEx--Coexpression(rank=491); Enrichr--Queries(rank=1106); ARCHS4--Coexpression(rank=1425)","798","0.254199999999999982","ENCODE ChIP-seq,0.2542"
"DEG_LD_SW480","799","RXRG","0.254300000000000026","Enrichr Queries,0.2543","RYR1,SPON1,EPAS1,CX3CL1,LOXL2,ALCAM,DACH1,HEY1,GNG4,PDK4,NCAM1,CRYM,VAT1L,NGFR,CD74,CADPS2,EGLN3,EGR3,PRRX1,IGF1,SORCS2,SERPINB8,ACTA2,OLFM1,NR4A3,PDE10A,COL5A2,CDH13,AGXT,ATF3,MATN2","chea3","799","0.254300000000000026",NA,NA,"","3","Enrichr--Queries(rank=357); ARCHS4--Coexpression(rank=587); GTEx--Coexpression(rank=988)","799","0.254300000000000026","Enrichr Queries,0.2543"
"DEG_LD_SW480","800","FOXO1","0.254900000000000015","ARCHS4 Coexpression,0.2549","ECM2,EIF4E3,PDE3B,RORA,PRKX,IGF1,SLC7A2,ARHGAP45,PTPRB,PPP1R3B,CD7,ARHGEF3,RBPMS2,PDK4,AP1S1,CYTIP,CNMD","chea3","800","0.254900000000000015",NA,NA,"","5","ReMap--ChIP-seq(rank=84); Literature--ChIP-seq(rank=100); ARCHS4--Coexpression(rank=415); GTEx--Coexpression(rank=550); Enrichr--Queries(rank=704)","800","0.254900000000000015","ARCHS4 Coexpression,0.2549"
"DEG_LD_SW480","801","KDM2B","0.255099999999999993","GTEx Coexpression,0.2551","TFAP2A,ZNF273,DLX3,CD82,BCL11A,TNFRSF18,NOD2,LYPD5,NKPD1,SERPINB5,KLK7,XKRX,VANGL2,PERP,SPTSSB,EXPH5,TMEM45A","chea3","801","0.255099999999999993",NA,NA,"","2","GTEx--Coexpression(rank=410); ARCHS4--Coexpression(rank=1377)","801","0.255099999999999993","GTEx Coexpression,0.2551"
"DEG_LD_SW480","802","ZNF639","0.255500000000000005","ARCHS4 Coexpression,0.2555","ZNF681,ZNF273,MOGAT3,PSPN,GTF2IRD2,FRMPD1,TTC7B,LYPD5,PTGR2,NCMAP,RASGRP3,IFT22,RIPPLY3,ORAI2,CFAP69,PTGES3L,ZNF556","chea3","802","0.255500000000000005",NA,NA,"","4","ReMap--ChIP-seq(rank=222); ARCHS4--Coexpression(rank=416); GTEx--Coexpression(rank=1015); Enrichr--Queries(rank=1359)","802","0.255500000000000005","ARCHS4 Coexpression,0.2555"
"DEG_LD_SW480","803","ZNF652","0.255800000000000027","GTEx Coexpression,0.2558","FLG,TFAP2A,ARRDC4,GSDMA,PRKRIP1,BTBD16,RORA,CLDN1,NKPD1,XKRX,FLG2,VANGL2,RASSF2,TNS4,ULBP2,EXPH5,TMEM45A","chea3","803","0.255800000000000027",NA,NA,"","4","Literature--ChIP-seq(rank=112); GTEx--Coexpression(rank=411); Enrichr--Queries(rank=1145); ARCHS4--Coexpression(rank=1473)","803","0.255800000000000027","GTEx Coexpression,0.2558"
"DEG_LD_SW480","804","NCOA3","0.255900000000000016","ReMap ChIP-seq,0.2559","ACHE,ECM1,CBLC,ARRB1,UFSP1,WFDC2,GLDN,SPN,CTSK,SALL4,NAMPT,NFKBIZ,BCAP29,AP1S1,NUDT17,DUS4L,EPHB4,SLC12A9,RNF43,TLE1,COG5,WDR72,TM4SF1,TANC2,SYTL2,FLG2,RINT1,DNAJC2,MBLAC1,ORAI2,MMP19,MATN2,FLG,KRT81,CPB2,STXBP1,KRT86,THSD4,GNA13,KCNV1,OLFML3,SPTSSB,COL26A1,CADPS,FBXO32,IFT22,MLPH,TRIP6,PSMG3","chea3","804","0.255900000000000016",NA,NA,"","4","ReMap--ChIP-seq(rank=76); ARCHS4--Coexpression(rank=483); Enrichr--Queries(rank=1090); GTEx--Coexpression(rank=1589)","804","0.255900000000000016","ReMap ChIP-seq,0.2559"
"DEG_LD_SW480","805","HOXB5","0.256099999999999994","ARCHS4 Coexpression,0.2561","ECM1,GALNT5,TSHZ3,F2R,MRGPRF,CRMP1,AFAP1,PCOLCE,HOXD10,LOXL2,DKK3,NT5E,MXRA8,COL6A3,ZNF469,S100A3,ANKRD52","chea3","805","0.256099999999999994",NA,NA,"","3","Enrichr--Queries(rank=401); ARCHS4--Coexpression(rank=417); GTEx--Coexpression(rank=474)","805","0.256099999999999994","ARCHS4 Coexpression,0.2561"
"DEG_LD_SW480","806","NKX28","0.257000000000000006","GTEx Coexpression,0.257","POMT2,TKTL1,FRMPD1,ILDR2,DUSP15,RNASE1,ACTL8,TEX19,STK31,FAM133A,ZCWPW1,TDRD12,PRAME,ZNF711,MAGEC2,PTGDS,MAGEB6","chea3","806","0.257000000000000006",NA,NA,"","2","GTEx--Coexpression(rank=413); ARCHS4--Coexpression(rank=658)","806","0.257000000000000006","GTEx Coexpression,0.257"
"DEG_LD_SW480","807","ZNF619","0.257400000000000018","ARCHS4 Coexpression,0.2574","GSTO2,MOGAT3,FBXW10,PSPN,POLN,GTF2IRD2,TTC7B,PTGR2,NCMAP,RASGRP3,KCNV1,ACOXL,CFAP69,PTGES3L,METTL6,ZNF556,ZNF442","chea3","807","0.257400000000000018",NA,NA,"","3","ARCHS4--Coexpression(rank=419); Enrichr--Queries(rank=1072); GTEx--Coexpression(rank=1419)","807","0.257400000000000018","ARCHS4 Coexpression,0.2574"
"DEG_LD_SW480","808","MYB","0.258199999999999985","GTEx Coexpression,0.2582","RNF43,VDR,MACC1,USH1C,ENTPD8,CBLC,ACSL5,PRR5L,SLC9A2,ZNF92,OAS1,GPA33,PRR15,LGALS9,GAL3ST2,TSPAN1,TRPM6","chea3","808","0.258199999999999985",NA,NA,"","6","ENCODE--ChIP-seq(rank=78); Literature--ChIP-seq(rank=117); ReMap--ChIP-seq(rank=130); GTEx--Coexpression(rank=415); ARCHS4--Coexpression(rank=834); Enrichr--Queries(rank=1070)","808","0.258199999999999985","GTEx Coexpression,0.2582"
"DEG_LD_SW480","809","ZNF541","0.260000000000000009","Enrichr Queries,0.26","RYR1,RYR2,FCGBP,VIPR1,SECTM1,KIF12,DUSP15,HYAL1,SH3TC1,PHACTR3,PDK4,ZNF469,SLC15A3,MYH7B,NGFR,CADPS2,NAPSA,EGR3,VWF,IRX3,MOCOS,ZDHHC11,SORCS2,SERPINB8,IL1B,KIF26B,COL5A3,FAT2,COL6A3,ATF3,KANK4","chea3","809","0.260000000000000009",NA,NA,"","3","Enrichr--Queries(rank=365); ARCHS4--Coexpression(rank=1031); GTEx--Coexpression(rank=1240)","809","0.260000000000000009","Enrichr Queries,0.26"
"DEG_LD_SW480","810","ZNF30","0.260099999999999998","GTEx Coexpression,0.2601","ARHGEF33,CADPS2,TLE2,CARMIL3,STXBP1,DAB2IP,ADAM11,NMNAT2,XKR7,TIAM1,MMP24,PCLO,MCF2L,FAT2,SPOCK1,BSN,BEND6","chea3","810","0.260099999999999998",NA,NA,"","3","GTEx--Coexpression(rank=418); Enrichr--Queries(rank=588); ARCHS4--Coexpression(rank=1074)","810","0.260099999999999998","GTEx Coexpression,0.2601"
"DEG_LD_SW480","811","ZNF706","0.260699999999999987","GTEx Coexpression,0.2607","ERO1B,ZNF273,GSTO2,SLC30A2,SLC43A1,HUNK,PDX1,CBLC,CLDN1,SERPINB5,PKHD1,LFNG,GJC3,VANGL2,PERP,SLC38A5,EXPH5","chea3","811","0.260699999999999987",NA,NA,"","3","GTEx--Coexpression(rank=419); Enrichr--Queries(rank=1304); ARCHS4--Coexpression(rank=1446)","811","0.260699999999999987","GTEx Coexpression,0.2607"
"DEG_LD_SW480","812","REL","0.261099999999999999","ARCHS4 Coexpression,0.2611","SHC4,EGR3,GSTO2,STARD8,ANKRD44,PLEK,TTC7B,RASGRP3,KCNV1,NR4A3,SPTLC3,NFKBIZ,ORAI2,CFAP69,OLR1,FGF13,TMEM45A","chea3","812","0.261099999999999999",NA,NA,"","3","ARCHS4--Coexpression(rank=425); GTEx--Coexpression(rank=540); Enrichr--Queries(rank=911)","812","0.261099999999999999","ARCHS4 Coexpression,0.2611"
"DEG_LD_SW480","813","STAT5B","0.261699999999999988","ARCHS4 Coexpression,0.2617","PTAFR,ITGB2,DYSF,TMC8,SECTM1,TMC6,ARHGAP45,LFNG,SLC6A6,ACAP1,RASSF2,CD7,TBC1D10C,NLRP1,PLCB2,TLR4,SLC12A9","chea3","813","0.261699999999999988",NA,NA,"","4","ReMap--ChIP-seq(rank=234); ARCHS4--Coexpression(rank=426); GTEx--Coexpression(rank=994); Enrichr--Queries(rank=1048)","813","0.261699999999999988","ARCHS4 Coexpression,0.2617"
"DEG_LD_SW480","814","TFE3","0.263799999999999979","GTEx Coexpression,0.2638","IFITM3,MPP1,SELPLG,GMFG,ITGB2,CARD6,SECTM1,ARPC4,FCGR2A,FES,GNB2,GRAP2,CAMK1,BCORL1,SLC15A3,TLR4,SLC12A9","chea3","814","0.263799999999999979",NA,NA,"","3","GTEx--Coexpression(rank=424); ARCHS4--Coexpression(rank=1109); Enrichr--Queries(rank=1131)","814","0.263799999999999979","GTEx Coexpression,0.2638"
"DEG_LD_SW480","815","PITX3","0.264699999999999991","ARCHS4 Coexpression,0.2647","RYR1,ACHE,TNNC1,CHCHD10,EBF3,GRIP2,CACNG6,IFI27,MYL2,KCNS3,EEF1A2,CORO6,TCAP,ASB2,LMCD1,RBM24,POLR2J","chea3","815","0.264699999999999991",NA,NA,"","3","ARCHS4--Coexpression(rank=431); Enrichr--Queries(rank=544); GTEx--Coexpression(rank=1112)","815","0.264699999999999991","ARCHS4 Coexpression,0.2647"
"DEG_LD_SW480","816","ZNF586","0.265100000000000002","GTEx Coexpression,0.2651","SELPLG,GMFG,ITGB2,PLEK,DYSF,SYTL3,BATF,ARHGAP45,ACAP1,FCGR2A,GRAP2,CASP4,TBC1D10C,RUBCNL,VSTM1,CYTIP,SH2B2","chea3","816","0.265100000000000002",NA,NA,"","3","GTEx--Coexpression(rank=426); ARCHS4--Coexpression(rank=1163); Enrichr--Queries(rank=1226)","816","0.265100000000000002","GTEx Coexpression,0.2651"
"DEG_LD_SW480","817","ZBTB32","0.265400000000000025","ARCHS4 Coexpression,0.2654","CD74,ANKRD33B,APOBEC3G,SLC43A3,TNFRSF18,SH2D2A,TMC8,FURIN,TMC6,BATF,SPN,ACAP1,OAS1,ZBED2,RUBCNL,CYTIP,ASB2","chea3","817","0.265400000000000025",NA,NA,"","3","ARCHS4--Coexpression(rank=432); Enrichr--Queries(rank=738); GTEx--Coexpression(rank=1410)","817","0.265400000000000025","ARCHS4 Coexpression,0.2654"
"DEG_LD_SW480","818","OVOL1","0.266299999999999981","GTEx Coexpression,0.2663","TFAP2A,DLX3,TMEM40,CBLC,FZD10,LYPD5,NKPD1,SERPINB5,KLK7,EREG,XKRX,TP53AIP1,PERP,SFN,TNS4,EXPH5,NECTIN1","chea3","818","0.266299999999999981",NA,NA,"","3","GTEx--Coexpression(rank=428); Enrichr--Queries(rank=583); ARCHS4--Coexpression(rank=647)","818","0.266299999999999981","GTEx Coexpression,0.2663"
"DEG_LD_SW480","819","KLF2","0.266400000000000026","Enrichr Queries,0.2664","IFITM3,IFITM1,CEBPD,EPAS1,ITGB2,NEDD9,NT5E,NFKBIZ,PDK4,IGFBP7,UPP1,CTSB,ABCA1,CD74,EDN1,EGR3,ANXA1,F2R,SERPINB8,GNG11,ISG20,ACTA2,TGFBR3,DAB2,NR4A3,IL1B,SELENOP,CNTN1,KCTD12,TGFBI,ATF3","chea3","819","0.266400000000000026",NA,NA,"","4","Literature--ChIP-seq(rank=135); Enrichr--Queries(rank=374); ARCHS4--Coexpression(rank=489); GTEx--Coexpression(rank=675)","819","0.266400000000000026","Enrichr Queries,0.2664"
"DEG_LD_SW480","820","ZNF441","0.267100000000000004","Enrichr Queries,0.2671","ZNF331,MAML2,TSHZ2,PDE3B,IL1RAP,ZNF429,ZNF107,ZNF763,PAG1,ZNF442,ABCA1,ARRDC4,CADPS2,ZNF680,ANXA1,ASNS,FBXO32,SERPINB8,SLC16A14,PGF,TGFBR3,RAB30,ZNF92,CDK6,ZNF93,NBEA,ARHGEF3,ZNF117,KCTD12,ATF3,DZIP3","chea3","820","0.267100000000000004",NA,NA,"","3","Enrichr--Queries(rank=375); ARCHS4--Coexpression(rank=1017); GTEx--Coexpression(rank=1346)","820","0.267100000000000004","Enrichr Queries,0.2671"
"DEG_LD_SW480","821","MESP2","0.267799999999999983","Enrichr Queries,0.2678","FCGBP,DLX3,EPAS1,WFDC2,LOXL2,LFNG,HYAL1,PERP,ABCA1,NGFR,RNF43,CADPS2,NAPSA,EGLN3,EDN1,EGR3,BCL11B,VDR,IRX3,NR1D1,DKK1,SERPINB8,PGF,ALDH1A3,COL2A1,SLPI,FASN,PPARG,NOTUM,TGFBI,ATF3","chea3","821","0.267799999999999983",NA,NA,"","3","Enrichr--Queries(rank=376); GTEx--Coexpression(rank=536); ARCHS4--Coexpression(rank=1062)","821","0.267799999999999983","Enrichr Queries,0.2678"
"DEG_LD_SW480","822","NFYC","0.267799999999999983","ARCHS4 Coexpression,0.2678","SHOX2,PTAFR,ITGB2,PLEK,DYSF,SECTM1,ARPC4,ARHGAP45,MYO1D,LYL1,FES,IL1B,TBC1D10C,CHI3L1,LGALS9,PLCB2,SLC12A9","chea3","822","0.267799999999999983",NA,NA,"","3","ARCHS4--Coexpression(rank=436); GTEx--Coexpression(rank=1265); Enrichr--Queries(rank=1311)","822","0.267799999999999983","ARCHS4 Coexpression,0.2678"
"DEG_LD_SW480","823","RELB","0.268199999999999994","GTEx Coexpression,0.2682","IFITM1,APOBEC3G,IL24,PLEK,SECTM1,ARPC4,BATF,ARHGAP45,ISG20,ACAP1,GRAP2,CASP4,TBC1D10C,RUBCNL,CYTIP,SLC15A3,SH2B2","chea3","823","0.268199999999999994",NA,NA,"","4","ReMap--ChIP-seq(rank=125); GTEx--Coexpression(rank=431); ARCHS4--Coexpression(rank=438); Enrichr--Queries(rank=669)","823","0.268199999999999994","GTEx Coexpression,0.2682"
"DEG_LD_SW480","824","BHLHE23","0.268400000000000027","ARCHS4 Coexpression,0.2684","KCNG1,ZNF512B,BCL11B,CCM2L,CRMP1,HOXD13,EBF3,LDLRAD4,GXYLT2,SPN,XKR7,ACAP1,CDK6,SH3TC1,ADAMTS17,BAHCC1,LZTS1","chea3","824","0.268400000000000027",NA,NA,"","2","ARCHS4--Coexpression(rank=437); GTEx--Coexpression(rank=1334)","824","0.268400000000000027","ARCHS4 Coexpression,0.2684"
"DEG_LD_SW480","825","ZNF141","0.268500000000000016","Enrichr Queries,0.2685","ZNF331,ZNF273,ATP8A1,PDE3B,ITPR1,CRMP1,RORA,HERC5,ZNF429,SALL4,ZNF107,ZNF486,ABCA1,CADPS2,ZNF681,ZNF680,ADGRV1,AUTS2,HMGCS1,BCL11A,TET1,SERPINB8,SYTL2,ZNF92,CDK6,NR4A3,ZNF93,NBEA,ZNF737,ZNF711,ZNF117","chea3","825","0.268500000000000016",NA,NA,"","3","Enrichr--Queries(rank=377); ARCHS4--Coexpression(rank=669); GTEx--Coexpression(rank=1514)","825","0.268500000000000016","Enrichr Queries,0.2685"
"DEG_LD_SW480","826","ZNF763","0.269199999999999995","Enrichr Queries,0.2692","CEBPD,XYLT1,DEPP1,HERC5,ZMAT1,MDK,ZNF429,ZNF442,ABCA1,ARRDC4,CADPS2,ZNF681,EDN1,ZNF680,EGR3,AUTS2,BCL11A,SERPINB8,SLC16A14,PGF,SYTL2,ISG20,ZNF93,ZNF737,YPEL1,ZNF711,ZNF117,KCTD12,ZNF610,ATF3,TLR3","chea3","826","0.269199999999999995",NA,NA,"","3","Enrichr--Queries(rank=378); GTEx--Coexpression(rank=945); ARCHS4--Coexpression(rank=1216)","826","0.269199999999999995","Enrichr Queries,0.2692"
"DEG_LD_SW480","827","ZBTB12","0.269399999999999973","GTEx Coexpression,0.2694","HS3ST3A1,MPP4,CLEC11A,UFSP1,FAM133B,NT5E,OLFML3,TNFSF4,ZSCAN21,PLAC1,COL6A3,MTERF1,ZNF469,METTL6,ZNF501,CDK15","chea3","827","0.269399999999999973",NA,NA,"","3","GTEx--Coexpression(rank=433); Enrichr--Queries(rank=929); ARCHS4--Coexpression(rank=1455)","827","0.269399999999999973","GTEx Coexpression,0.2694"
"DEG_LD_SW480","828","BORCS8MEF2B","0.269699999999999995","ARCHS4 Coexpression,0.2697","TSC22D4,SELPLG,PTAFR,ITGB2,DYSF,TMC8,SECTM1,ARPC4,TMC6,ARHGAP45,ISG20,ACAP1,GNB2,TBC1D10C,LGALS9,PLCB2,SLC12A9","chea3","828","0.269699999999999995",NA,NA,"","1","ARCHS4--Coexpression(rank=439)","828","0.269699999999999995","ARCHS4 Coexpression,0.2697"
"DEG_LD_SW480","829","ZNF677","0.269899999999999973","Enrichr Queries,0.2699","ZNF331,RYR2,TENM1,ZNF273,TSHZ3,EPAS1,ITPR1,XYLT1,RORA,TMTC1,HERC5,KIF5C,ZNF429,ZNF107,DMD,ZNF502,ZNF501,ZNF486,CADPS2,ZNF681,BCL11A,F2R,SERPINB8,TGFBR3,OLFM1,ZNF93,NBEA,ZNF737,SELENOP,TRIM58,ZNF610","chea3","829","0.269899999999999973",NA,NA,"","3","Enrichr--Queries(rank=379); ARCHS4--Coexpression(rank=1101); GTEx--Coexpression(rank=1451)","829","0.269899999999999973","Enrichr Queries,0.2699"
"DEG_LD_SW480","830","ZNF883","0.270100000000000007","GTEx Coexpression,0.2701","TMEM151A,KIRREL3,BEX4,B3GALNT1,NLGN1,KCNJ10,DCLK2,AK5,GDAP1,FEZ1,ADAM23,PHACTR3,NCAM1,CACNG4,PRTFDC1,BEND6","chea3","830","0.270100000000000007",NA,NA,"","2","GTEx--Coexpression(rank=434); ARCHS4--Coexpression(rank=535)","830","0.270100000000000007","GTEx Coexpression,0.2701"
"DEG_LD_SW480","831","FOXO4","0.270699999999999996","GTEx Coexpression,0.2707","TSC22D4,PHLPP1,EIF4E3,KCNJ10,KCNK10,SLAIN1,CSAG1,QKI,TMEM144,RASSF2,DAAM2,FEZ1,PHACTR3,TMCC3,ZNF853,VTI1B","chea3","831","0.270699999999999996",NA,NA,"","3","GTEx--Coexpression(rank=435); ARCHS4--Coexpression(rank=486); Enrichr--Queries(rank=1029)","831","0.270699999999999996","GTEx Coexpression,0.2707"
"DEG_LD_SW480","832","KLF1","0.270899999999999974","ARCHS4 Coexpression,0.2709","MPP1,ALAS2,CD82,MCM7,SLC43A3,SLC43A1,SPTB,SPN,LYL1,TFR2,CAT,TRIM58,PRAME,SMIM10,ACSS1,SLC38A5,RHCE","chea3","832","0.270899999999999974",NA,NA,"","5","Literature--ChIP-seq(rank=88); ReMap--ChIP-seq(rank=238); ARCHS4--Coexpression(rank=441); Enrichr--Queries(rank=677); GTEx--Coexpression(rank=997)","832","0.270899999999999974","ARCHS4 Coexpression,0.2709"
"DEG_LD_SW480","833","MLX","0.271500000000000019","ARCHS4 Coexpression,0.2715","SEC13,AUTS2,SLC43A3,PTAFR,ITGB2,KIAA1549L,ARPC4,QKI,MAPK8IP1,ISG20,TGFBR3,CD4,SLC7A7,KIF5C,NCAM1,UPP1,LGALS9","chea3","833","0.271500000000000019",NA,NA,"","3","ARCHS4--Coexpression(rank=442); Enrichr--Queries(rank=1281); GTEx--Coexpression(rank=1466)","833","0.271500000000000019","ARCHS4 Coexpression,0.2715"
"DEG_LD_SW480","834","LEF1","0.272699999999999998","ReMap ChIP-seq,0.2727","ANKRD37,CD82,LRRC10B,PRUNE2,ILDR2,IL1RAP,CPLX1,GNAI1,RASGRP3,PCLO,DUSP10,RHBDL3,BAHCC1,FEZF1,TFAP2A,HS3ST3B1,RNF43,GSTO2,ARHGEF38,CADPS,ASPSCR1,PDX1,SOX14,HSPG2,LEMD1,PALD1,BAIAP3,BATF,PDP1,IFT22,MYL2,ROR1,PRKCQ,MKX,NOTUM,APBA2,KBTBD8,KANK4","chea3","834","0.272699999999999998",NA,NA,"","4","ReMap--ChIP-seq(rank=81); Enrichr--Queries(rank=391); ARCHS4--Coexpression(rank=555); GTEx--Coexpression(rank=588)","834","0.272699999999999998","ReMap ChIP-seq,0.2727"
"DEG_LD_SW480","835","SKIL","0.273199999999999998","GTEx Coexpression,0.2732","ZNF331,ECM2,KCND3,EPAS1,BCL11A,STARD8,ACSL6,LTBP2,GXYLT2,TM4SF1,ORC5,NR4A3,IGFBP7,CKB,BSN,APBA2","chea3","835","0.273199999999999998",NA,NA,"","3","GTEx--Coexpression(rank=439); Enrichr--Queries(rank=1005); ARCHS4--Coexpression(rank=1421)","835","0.273199999999999998","GTEx Coexpression,0.2732"
"DEG_LD_SW480","836","ZBTB48","0.274000000000000021","ARCHS4 Coexpression,0.274","PTAFR,ITGB2,TMC8,SECTM1,TMC6,ARHGAP45,LFNG,ACAP1,RASSF2,MYO15B,OAS1,FES,GNB2,TBC1D10C,LGALS9,PLCB2,SLC12A9","chea3","836","0.274000000000000021",NA,NA,"","3","ARCHS4--Coexpression(rank=446); GTEx--Coexpression(rank=1132); Enrichr--Queries(rank=1197)","836","0.274000000000000021","ARCHS4 Coexpression,0.274"
"DEG_LD_SW480","837","POU5F1","0.274399999999999977","Literature ChIP-seq,0.2744","IFITM3,CNTFR,IFITM1,OXTR,POP7,KLHDC7A,FZD10,SOX2,CHCHD4,DACH1,GRAP2,SALL4,NAMPT,LGALS9,SLC16A2,BAHCC1,EPHB4,SLC12A9,UNC13A,FBXW10,SLC30A2,ANKRD44,UBE2E1,ACSL6,EBF3,MAPK8IP2,EML1,DKK1,TM4SF1,TANC2,LEMD1,ARHGAP45,SLC9A2,MTNR1A,RAB30,KATNAL2,KCNQ2,SELENOP,ACOT1,ROR1,ERH,STEAP2,KANK4,ACOT4,SHC4,CHRNA1,IGSF8,TSHZ3,EPAS1,PRKRIP1,MEPCE,TSHZ2,ITPR1,AK5,CPLX1,CNN3,ATXN1,FLRT3,TTPA,PDGFC,SFN,SLC15A3,NGFR,RABGAP1L,EGR3,BCL11B,PSPN,GTF2IRD2,BCL11A,ASPSCR1,FBXO32,BST2,SLC6A6,XKR7,PTPRB,PPFIBP2,VANGL2,MC1R,ARMC10,SESTD1,FASN,TRIP6,TBCE,RNF182,CORO6,EFHB,SLC26A9,XKR5,ABCD4,RTP3,SLC44A2,DYSF,GRIK4,ARRB1,TREM2,RND3,ELAVL2,LFNG,SHE,ZCWPW1,ACOXL,LASP1,DUSP10,TMEM43,CAMKV,CRTAC1,HYAL1,MCF2L,SIX2,DSE,RBPMS2,PHACTR3,UPP1,INSL3,NKX3-2,HS3ST3B1,ADGRV1,MRPS24,KCND3,TNFRSF18,TMEM40,NAV1,ANO4,PTGR2,AP3B2,TEX19,TGFBR3,SLC7A7,DBF4,VGF,CHI3L1,CDH13,PIGH,CEBPD,PTGER2,SLC43A1,CRYBA2,ASAP3,DLST,CRMP1,HOXD13,LRP2,NOD2,HOXD11,GNA13,NT5E,GPA33,GNG4,OLFML3,VPS50,ADAM23,GPC2,METTL6,NCAM1,ANKRD52,CKB,ACSS1,LY6G6D,GPR155,POLR2J,EGLN3,PRRX2,MOCOS,DAB2IP,MYBPH,PTPN13,TMEM60,SUGCT,PDP1,SLC4A8,CTH,PNPLA3,SAA1,SAA2,ASB4,KBTBD8,NECTIN1","chea3","837","0.274399999999999977",NA,NA,"","5","Literature--ChIP-seq(rank=45); ReMap--ChIP-seq(rank=121); ARCHS4--Coexpression(rank=651); Enrichr--Queries(rank=931); GTEx--Coexpression(rank=932)","837","0.274399999999999977","Literature ChIP-seq,0.2744"
"DEG_LD_SW480","838","DMRT1","0.275600000000000012","Enrichr Queries,0.2756","RYR2,BNC2,EPAS1,HOXD13,LRP2,HOXD11,CACNA1E,HOXD10,ELAVL2,LOXL2,SOX2,HEY1,SALL4,UPP1,TFAP2A,CADPS2,EGR3,PRRX1,BCL11B,BCL11A,IRX3,MOCOS,ESRRB,TET1,COL2A1,LHX2,KIF26B,KCNMA1,PPARG,ATF3","chea3","838","0.275600000000000012",NA,NA,"","4","Literature--ChIP-seq(rank=71); Enrichr--Queries(rank=387); GTEx--Coexpression(rank=927); ARCHS4--Coexpression(rank=1008)","838","0.275600000000000012","Enrichr Queries,0.2756"
"DEG_LD_SW480","839","ZNF697","0.275700000000000001","GTEx Coexpression,0.2757","SRPX,IGSF8,AFAP1L1,PRRX1,SLC43A3,PLOD3,PCOLCE,GNG11,BICC1,DCBLD2,LOXL2,DAB2,DSE,COL6A3,STEAP1,VGLL3","chea3","839","0.275700000000000001",NA,NA,"","3","GTEx--Coexpression(rank=443); Enrichr--Queries(rank=569); ARCHS4--Coexpression(rank=580)","839","0.275700000000000001","GTEx Coexpression,0.2757"
"DEG_LD_SW480","840","MAZ","0.276100000000000012","ReMap ChIP-seq,0.2761","ZNF512B,TMEM151A,MCM7,UFSP1,NAT16,LYL1,ZCWPW1,LASP1,DBP,MDK,HYAL1,TBC1D10C,AP1S1,CLBA1,PTGDS,BAHCC1,HES7,TSC22D4,TLE2,TMC8,ENTPD8,PCOLCE,TMC6,SYP,ARHGAP45,MBLAC1,ACAP1,VGF,MXRA8,FSCN2,S100A3,TEDC1,NYAP1,NXPH4,MEPCE,TGFBR3L,CKB,SIVA1,ASPSCR1,NR1D1,BAIAP3,MC1R,GNB2,CD7,TRIP6,PSMG3,TCAP,NOTUM,TRMT61A","chea3","840","0.276100000000000012",NA,NA,"","5","ENCODE--ChIP-seq(rank=35); ReMap--ChIP-seq(rank=82); GTEx--Coexpression(rank=1227); ARCHS4--Coexpression(rank=1316); Enrichr--Queries(rank=1375)","840","0.276100000000000012","ReMap ChIP-seq,0.2761"
"DEG_LD_SW480","841","FOXD4L4","0.276299999999999990","GTEx Coexpression,0.2763","CNTFR,POLN,STXBP1,TTC7B,MGST1,DOC2B,NMNAT2,HEY1,ABLIM3,MCF2L,SPOCK1,PPARG,TLN2,GYG2,TIMP4,BEND6","chea3","841","0.276299999999999990",NA,NA,"","2","GTEx--Coexpression(rank=444); ARCHS4--Coexpression(rank=1202)","841","0.276299999999999990","GTEx Coexpression,0.2763"
"DEG_LD_SW480","842","RBPJL","0.276399999999999979","Enrichr Queries,0.2764","DLX3,EPAS1,DYSF,LTBP2,LRP2,WFDC2,LOXL2,HEY1,ADAMTS17,CDH23,MYH7B,NGFR,CADPS2,TLE2,EDN1,EGR3,COL27A1,BCL11B,VDR,MOCOS,NR1D1,SORCS2,PGF,COL2A1,SLPI,FASN,KIF26B,CD7,TGFBI,ATF3","chea3","842","0.276399999999999979",NA,NA,"","3","Enrichr--Queries(rank=388); GTEx--Coexpression(rank=778); ARCHS4--Coexpression(rank=989)","842","0.276399999999999979","Enrichr Queries,0.2764"
"DEG_LD_SW480","843","ZFP1","0.276899999999999979","GTEx Coexpression,0.2769","NLGN1,RTN1,KIAA1549L,TTC7B,ACSL6,DCLK2,FAIM2,AK5,SOBP,HPCAL4,GDAP1,JPH3,KIF5C,PPP4R4,CNTN1,BEND6","chea3","843","0.276899999999999979",NA,NA,"","3","GTEx--Coexpression(rank=445); ARCHS4--Coexpression(rank=790); Enrichr--Queries(rank=1274)","843","0.276899999999999979","GTEx Coexpression,0.2769"
"DEG_LD_SW480","844","PRDM5","0.277100000000000013","Enrichr Queries,0.2771","DOCK4,BNC2,RORA,EFNA5,ALCAM,PDGFC,GRB10,DMD,NCAM1,ABCA1,CADPS2,ANXA1,AUTS2,MITF,SERPINB8,BICC1,SYTL2,ACTA2,TGFBR3,DAB2,CDK6,NBEA,KCNMA1,COL5A2,CDH11,CDH13,COL6A3,PPARG,ATF3,MATN2","chea3","844","0.277100000000000013",NA,NA,"","4","Literature--ChIP-seq(rank=116); Enrichr--Queries(rank=389); ARCHS4--Coexpression(rank=775); GTEx--Coexpression(rank=833)","844","0.277100000000000013","Enrichr Queries,0.2771"
"DEG_LD_SW480","845","MYOG","0.277600000000000013","ARCHS4 Coexpression,0.2776","RYR1,CHRNA1,AFAP1L1,TNNC1,PRUNE2,MYBPH,MRAS,CAPN6,ABLIM3,MYL2,SSPN,CORO6,TCAP,CDH13,ASB2,RBM24,ZC3H14","chea3","845","0.277600000000000013",NA,NA,"","4","ENCODE--ChIP-seq(rank=72); ARCHS4--Coexpression(rank=452); Enrichr--Queries(rank=510); GTEx--Coexpression(rank=890)","845","0.277600000000000013","ARCHS4 Coexpression,0.2776"
"DEG_LD_SW480","846","ZNF576","0.278799999999999992","GTEx Coexpression,0.2788","RPS6KL1,POP7,RTN1,UNC13A,PSPN,STXBP1,TTC7B,NMNAT2,SOBP,AP3B2,MBLAC1,KCNQ2,METTL6,APBB1,BSN,BEND6","chea3","846","0.278799999999999992",NA,NA,"","3","GTEx--Coexpression(rank=448); ARCHS4--Coexpression(rank=1121); Enrichr--Queries(rank=1273)","846","0.278799999999999992","GTEx Coexpression,0.2788"
"DEG_LD_SW480","847","SPIB","0.279500000000000026","ReMap ChIP-seq,0.2795","VIPR1,CD82,PLEK,F13A1,CX3CL1,ZCWPW1,RASSF2,MCF2L,CTSB,SFTPB,EDN1,CCDC116,ANKRD44,F2R,RNASE1,SERPINB8,SUMF1,SGO1,IL1A,KIAA1614,OAS1,IL1B,KCNMA1,RAB7B,TLR4,STEAP2,CHST2,SELPLG,SLC43A3,MEPCE,PRUNE2,ITPR1,NEDD9,DEPP1,TMEM243,GPNMB,CD74,NAPSA,BCL11A,MACC1,ARPC4,LHFPL1,BATF,ISG20,FAM167A,PPFIBP2,SSPN,SIGLEC6","chea3","847","0.279500000000000026",NA,NA,"","4","ReMap--ChIP-seq(rank=83); GTEx--Coexpression(rank=719); Enrichr--Queries(rank=872); ARCHS4--Coexpression(rank=892)","847","0.279500000000000026","ReMap ChIP-seq,0.2795"
"DEG_LD_SW480","848","TFEB","0.279500000000000026","ARCHS4 Coexpression,0.2795","TSC22D4,KCNE3,PTAFR,ITGB2,DYSF,SECTM1,TMC6,NOD2,ARHGAP45,LFNG,ACAP1,RASSF2,TBC1D10C,LGALS9,SLC15A3,PLCB2,SLC12A9","chea3","848","0.279500000000000026",NA,NA,"","4","Literature--ChIP-seq(rank=147); ARCHS4--Coexpression(rank=455); GTEx--Coexpression(rank=490); Enrichr--Queries(rank=726)","848","0.279500000000000026","ARCHS4 Coexpression,0.2795"
"DEG_LD_SW480","849","THAP10","0.280100000000000016","ARCHS4 Coexpression,0.2801","POP7,GMFG,ITGB2,TMC8,TMC6,GDAP1,CNN3,ARHGAP45,SPN,SGO1,ACAP1,PNMA1,LGALS9,CKB,PLCB2,POLR2J,SLC12A9","chea3","849","0.280100000000000016",NA,NA,"","3","ARCHS4--Coexpression(rank=456); GTEx--Coexpression(rank=543); Enrichr--Queries(rank=841)","849","0.280100000000000016","ARCHS4 Coexpression,0.2801"
"DEG_LD_SW480","850","SNAPC2","0.281299999999999994","GTEx Coexpression,0.2813","OSBPL5,ZC4H2,PRUNE2,MRGPRF,AFAP1,PTGR2,ACTA2,SH3BGRL,PNMA1,KCNMA1,VIPAS39,IGSF9B,SMIM10,BCORL1,NKX6-1,TRMT61A","chea3","850","0.281299999999999994",NA,NA,"","2","GTEx--Coexpression(rank=452); ARCHS4--Coexpression(rank=1380)","850","0.281299999999999994","GTEx Coexpression,0.2813"
"DEG_LD_SW480","851","ZNF827","0.281899999999999984","ARCHS4 Coexpression,0.2819","MPP1,AUTS2,ITGB2,DCLK2,ILDR2,ARPC4,NMNAT2,QKI,SOX2,CD4,VANGL2,DACH1,NBEA,KIF5C,GNB2,NCAM1,MARK1","chea3","851","0.281899999999999984",NA,NA,"","3","ARCHS4--Coexpression(rank=459); Enrichr--Queries(rank=650); GTEx--Coexpression(rank=746)","851","0.281899999999999984","ARCHS4 Coexpression,0.2819"
"DEG_LD_SW480","852","MSANTD1","0.282499999999999973","GTEx Coexpression,0.2825","CDKL2,KIRREL3,PRKCG,NYAP1,FAIM2,HPCAL4,CACNA1E,RIMS4,JPH3,PNMA1,CAMKV,SLC22A17,PPP4R4,KCNQ2,CACNG4,BEX5","chea3","852","0.282499999999999973",NA,NA,"","2","GTEx--Coexpression(rank=454); ARCHS4--Coexpression(rank=1335)","852","0.282499999999999973","GTEx Coexpression,0.2825"
"DEG_LD_SW480","853","ZNF543","0.283200000000000007","ARCHS4 Coexpression,0.2832","GSTO2,MOGAT3,PSPN,POLN,GTF2IRD2,NCMAP,KCNV1,ACOXL,LASP1,GNB2,CTH,CFAP69,ZNF556,FGF13,ZNF486,ZNF442","chea3","853","0.283200000000000007",NA,NA,"","3","ARCHS4--Coexpression(rank=461); Enrichr--Queries(rank=1209); GTEx--Coexpression(rank=1548)","853","0.283200000000000007","ARCHS4 Coexpression,0.2832"
"DEG_LD_SW480","854","LIN28B","0.284899999999999987","Enrichr Queries,0.2849","BNC2,CRMP1,RORA,LRP2,EFNA5,ELAVL2,LOXL2,SOX2,DACH1,PTPRZ1,CAMKV,KIF5C,GNG4,SALL4,GRB10,VAT1L,CADPS2,SYT1,BCL11B,BCL11A,GREB1,TET1,NAV1,IGF1,DKK1,SERPINB8,COL2A1,CDK6,COL5A2,ATF3","chea3","854","0.284899999999999987",NA,NA,"","3","Enrichr--Queries(rank=400); ARCHS4--Coexpression(rank=1104); GTEx--Coexpression(rank=1203)","854","0.284899999999999987","Enrichr Queries,0.2849"
"DEG_LD_SW480","855","XPA","0.284999999999999976","GTEx Coexpression,0.285","GTF2IRD2,ZC4H2,PRUNE2,MRGPRF,ITPR1,NPNT,EML1,ACTA2,SH3BGRL,KCNMA1,SSPN,COL8A2,BCAP29,DMD,GTF2IRD2B,TRMT61A","chea3","855","0.284999999999999976",NA,NA,"","3","GTEx--Coexpression(rank=458); Enrichr--Queries(rank=1002); ARCHS4--Coexpression(rank=1210)","855","0.284999999999999976","GTEx Coexpression,0.285"
"DEG_LD_SW480","856","ZBTB4","0.285600000000000021","ARCHS4 Coexpression,0.2856","RERE,NYAP1,EPAS1,STXBP1,DAB2IP,FAIM2,SYP,HPCAL4,CPLX1,DKK3,MAPK8IP1,JPH3,SH3PXD2A,DAAM2,ANKRD52,NPTXR","chea3","856","0.285600000000000021",NA,NA,"","3","ARCHS4--Coexpression(rank=465); GTEx--Coexpression(rank=776); Enrichr--Queries(rank=973)","856","0.285600000000000021","ARCHS4 Coexpression,0.2856"
"DEG_LD_SW480","857","ZNF581","0.286200000000000010","GTEx Coexpression,0.2862","APOBEC3G,PTGER2,ARPC4,NOD2,TMEM60,BATF,ACAP1,GNB2,GRAP2,CASP4,TBC1D10C,VIPAS39,FBXO6,CYTIP,CCDC174,SH2B2","chea3","857","0.286200000000000010",NA,NA,"","3","GTEx--Coexpression(rank=460); Enrichr--Queries(rank=873); ARCHS4--Coexpression(rank=1456)","857","0.286200000000000010","GTEx Coexpression,0.2862"
"DEG_LD_SW480","858","HIF3A","0.286299999999999999","Enrichr Queries,0.2863","CPM,SPON1,CEBPD,EPAS1,MGST1,RORA,TMTC1,FBLN1,SLC7A2,LOXL2,LFNG,PDK4,NCAM1,PTGDS,ABCA1,CADPS2,EGLN3,VWF,BCL11A,PDE2A,IGF1,SERPINB8,KLF15,ACTA2,TGFBR3,COL2A1,DAAM2,CNTN1,AGXT,ATF3","chea3","858","0.286299999999999999",NA,NA,"","3","Enrichr--Queries(rank=402); GTEx--Coexpression(rank=525); ARCHS4--Coexpression(rank=1027)","858","0.286299999999999999","Enrichr Queries,0.2863"
"DEG_LD_SW480","859","TFAP2E","0.286899999999999988","ARCHS4 Coexpression,0.2869","KCNG1,CD74,GMFG,SH2D2A,TMC8,ARHGAP45,SPN,BST2,LYL1,ACAP1,FES,KIF26B,CAT,TBC1D10C,LGALS9,BCORL1","chea3","859","0.286899999999999988",NA,NA,"","3","ARCHS4--Coexpression(rank=467); GTEx--Coexpression(rank=546); Enrichr--Queries(rank=585)","859","0.286899999999999988","ARCHS4 Coexpression,0.2869"
"DEG_LD_SW480","860","ZNF442","0.286999999999999977","Enrichr Queries,0.287","IFITM3,IFI6,RORA,RASGRP3,HERC5,DUSP10,GPNMB,HYAL1,NFKBIZ,PDK4,SLC16A9,ZNF763,ABCA1,ARRDC4,NGFR,CADPS2,EDN1,HMGCS1,ASNS,SERPINB8,SLC16A14,PGF,SYTL2,ISG20,CDK6,ZNF93,OAS1,COL5A2,CMPK2,ATF3","chea3","860","0.286999999999999977",NA,NA,"","3","Enrichr--Queries(rank=403); ARCHS4--Coexpression(rank=955); GTEx--Coexpression(rank=1534)","860","0.286999999999999977","Enrichr Queries,0.287"
"DEG_LD_SW480","861","ASCL3","0.287499999999999978","GTEx Coexpression,0.2875","GALNT5,AUTS2,MUC16,TNFSF15,ARHGEF38,WFDC2,ALDH1A3,OGFRL1,MGAM2,GJC3,SERTAD4,CYP4X1,MLPH,SLPI,TRPV4,PDGFC","chea3","861","0.287499999999999978",NA,NA,"","3","GTEx--Coexpression(rank=462); ARCHS4--Coexpression(rank=563); Enrichr--Queries(rank=851)","861","0.287499999999999978","GTEx Coexpression,0.2875"
"DEG_LD_SW480","862","SMYD3","0.288100000000000023","GTEx Coexpression,0.2881","RTN1,SYT1,KIAA1549L,SYP,NMNAT2,HPCAL4,GDAP1,MBLAC1,CALHM1,FAM167A,KIF26B,SPOCK1,METTL6,BSN,BEND6,BEX5","chea3","862","0.288100000000000023",NA,NA,"","2","GTEx--Coexpression(rank=463); ARCHS4--Coexpression(rank=1179)","862","0.288100000000000023","GTEx Coexpression,0.2881"
"DEG_LD_SW480","863","ZNF143","0.288100000000000023","ENCODE ChIP-seq,0.2881","POMT2,RYR1,ERO1B,POP7,GMFG,GRIK4,CBLC,RORA,LOXL2,LASP1,RASSF2,CRTAC1,GATAD1,NUDT17,DUS4L,ZNF763,ZNF486,HES7,CDKL2,SEC13,ADGRV1,BUD31,ENTPD8,SOX14,SYP,TRNT1,EML1,KLF15,SUMF1,EREG,ARHGAP45,RAB30,ARC,COL2A1,ZNF93,VGF,EEF1A2,ZNF239,PRR15,KCTD12,PLA2R1,BEX4,OCA2,DLX4,HTRA3,PRKRIP1,PON2,PTAFR,GTPBP10,LRP2,AK5,LYPD5,STYXL1,OGFRL1,KRIT1,GPC2,SPOCK1,PRAME,ZNF502,METTL6,VTI1B,MAP2K6,WDR17,EGLN3,AADAT,RAB39A,PCDHB13,GDAP1,SLC16A14,FAM200A,MC1R,CDK6,NR4A3,FES,TRPV4,YPEL1,DZIP3,XKR5","chea3","863","0.288100000000000023",NA,NA,"","5","ENCODE--ChIP-seq(rank=34); ReMap--ChIP-seq(rank=195); ARCHS4--Coexpression(rank=1045); Enrichr--Queries(rank=1171); GTEx--Coexpression(rank=1176)","863","0.288100000000000023","ENCODE ChIP-seq,0.2881"
"DEG_LD_SW480","864","KLF13","0.288700000000000012","ARCHS4 Coexpression,0.2887","ITGB2,TMC8,FURIN,TMC6,ARHGAP45,SPN,LFNG,SLC6A6,RASSF2,MYO15B,CD7,TBC1D10C,LGALS9,NLRP1,PLCB2,SLC12A9","chea3","864","0.288700000000000012",NA,NA,"","4","ReMap--ChIP-seq(rank=109); ARCHS4--Coexpression(rank=470); GTEx--Coexpression(rank=560); Enrichr--Queries(rank=947)","864","0.288700000000000012","ARCHS4 Coexpression,0.2887"
"DEG_LD_SW480","865","ZNF510","0.288700000000000012","GTEx Coexpression,0.2887","WDR17,RPS6KL1,STXBP1,GTPBP10,TTC7B,NMNAT2,FAM133B,XKR7,MMP24,PCLO,NBEA,VPS50,SPOCK1,APBB1,BSN,BEND6","chea3","865","0.288700000000000012",NA,NA,"","3","GTEx--Coexpression(rank=464); Enrichr--Queries(rank=1234); ARCHS4--Coexpression(rank=1531)","865","0.288700000000000012","GTEx Coexpression,0.2887"
"DEG_LD_SW480","866","ZNF665","0.289200000000000013","Enrichr Queries,0.2892","ZNF331,IFITM3,CD82,NEDD9,RND3,DEPP1,CNN3,NT5E,ALCAM,ZNF429,PDK4,ZNF486,ABCA1,CADPS2,EGLN3,ZNF681,EDN1,ANXA1,F2R,DKK1,SERPINB8,PGF,TGFBR3,ZNF93,ZNF737,SELENOP,CNTN1,TGFBI,ZNF610,ATF3","chea3","866","0.289200000000000013",NA,NA,"","3","Enrichr--Queries(rank=406); GTEx--Coexpression(rank=652); ARCHS4--Coexpression(rank=985)","866","0.289200000000000013","Enrichr Queries,0.2892"
"DEG_LD_SW480","867","SMAD1","0.289300000000000002","ARCHS4 Coexpression,0.2893","PON2,ITGB2,CRMP1,TMC6,CNN3,ARHGAP45,SHE,SLC6A6,LASP1,PNMA1,FEZ1,GNB2,CD7,TBC1D10C,ZNF610,PLCB2","chea3","867","0.289300000000000002",NA,NA,"","5","Literature--ChIP-seq(rank=104); ReMap--ChIP-seq(rank=226); ARCHS4--Coexpression(rank=471); Enrichr--Queries(rank=701); GTEx--Coexpression(rank=1567)","867","0.289300000000000002","ARCHS4 Coexpression,0.2893"
"DEG_LD_SW480","868","GATA6","0.289899999999999991","Enrichr Queries,0.2899","CEBPD,EPAS1,NEDD9,RORA,PLAT,EFNA5,CLDN1,RND3,LOXL2,NT5E,FLRT3,PDGFC,GRB10,IGFBP7,TFAP2A,EDN1,ANXA1,DKK1,SERPINB8,ACTA2,TGFBR3,ALDH1A3,DAB2,COL5A2,SELENOP,CDH11,CNTN1,PPARG,TGFBI,ATF3","chea3","868","0.289899999999999991",NA,NA,"","5","Literature--ChIP-seq(rank=105); ReMap--ChIP-seq(rank=148); Enrichr--Queries(rank=407); GTEx--Coexpression(rank=1013); ARCHS4--Coexpression(rank=1123)","868","0.289899999999999991","Enrichr Queries,0.2899"
"DEG_LD_SW480","869","ZNF470","0.289899999999999991","ARCHS4 Coexpression,0.2899","SHC4,WDR17,RPS6KL1,ZNF273,GSTO2,MOGAT3,PSPN,POLN,GTF2IRD2,TTC7B,LYPD5,KCNV1,SPTLC3,CFAP69,ZNF556,FGF13","chea3","869","0.289899999999999991",NA,NA,"","3","Enrichr--Queries(rank=413); ARCHS4--Coexpression(rank=472); GTEx--Coexpression(rank=508)","869","0.289899999999999991","ARCHS4 Coexpression,0.2899"
"DEG_LD_SW480","870","ZNF549","0.291800000000000004","GTEx Coexpression,0.2918","ARHGEF33,CADPS2,TLE2,CARMIL3,STXBP1,DAB2IP,ADAM11,NMNAT2,XKR7,TIAM1,MMP24,PCLO,KIAA1614,NBEA,MCF2L,FAT2","chea3","870","0.291800000000000004",NA,NA,"","3","GTEx--Coexpression(rank=469); ARCHS4--Coexpression(rank=951); Enrichr--Queries(rank=1053)","870","0.291800000000000004","GTEx Coexpression,0.2918"
"DEG_LD_SW480","871","ZNF829","0.291999999999999982","Enrichr Queries,0.292","ZNF331,CPM,RYR2,ZNF273,MED12L,HERC5,ZNF429,ZNF107,DMD,ZNF502,ZNF501,GPR155,ZNF486,ABCA1,CADPS2,ZNF681,ZNF680,ASNS,NMNAT2,SERPINB8,SYTL2,SGO1,ZNF92,CDK6,ZNF93,ZNF737,ZNF711,ZNF610,KBTBD8,ATF3","chea3","871","0.291999999999999982",NA,NA,"","3","Enrichr--Queries(rank=410); ARCHS4--Coexpression(rank=785); GTEx--Coexpression(rank=1362)","871","0.291999999999999982","Enrichr Queries,0.292"
"DEG_LD_SW480","872","ZNF319","0.292399999999999993","ARCHS4 Coexpression,0.2924","TSC22D4,SLC44A2,PTAFR,ITGB2,DYSF,SECTM1,ARHGAP45,LFNG,SLC6A6,LASP1,RASSF2,GNB2,TBC1D10C,LGALS9,PLCB2,SLC12A9","chea3","872","0.292399999999999993",NA,NA,"","3","ARCHS4--Coexpression(rank=476); GTEx--Coexpression(rank=1063); Enrichr--Queries(rank=1113)","872","0.292399999999999993","ARCHS4 Coexpression,0.2924"
"DEG_LD_SW480","873","ELF1","0.293100000000000027","GTEx Coexpression,0.2931","BEX4,RPS6KL1,NYAP1,TTC7B,ACSL6,DCLK2,CRMP1,SOBP,MAPK8IP2,GDAP1,PNMA1,KCNQ2,NCAM1,CKB,APBB1,DZIP3","chea3","873","0.293100000000000027",NA,NA,"","5","ENCODE--ChIP-seq(rank=84); Literature--ChIP-seq(rank=102); ReMap--ChIP-seq(rank=193); GTEx--Coexpression(rank=471); ARCHS4--Coexpression(rank=645)","873","0.293100000000000027","GTEx Coexpression,0.2931"
"DEG_LD_SW480","874","HIVEP2","0.293600000000000028","ARCHS4 Coexpression,0.2936","UNC13A,MAML2,ATP8A1,STXBP1,KIAA1549L,FAIM2,LDLRAD4,SYP,AK5,HPCAL4,TIAM1,OGFRL1,ATXN1,NR4A3,KCNMA1,BSN","chea3","874","0.293600000000000028",NA,NA,"","3","ARCHS4--Coexpression(rank=478); GTEx--Coexpression(rank=643); Enrichr--Queries(rank=799)","874","0.293600000000000028","ARCHS4 Coexpression,0.2936"
"DEG_LD_SW480","875","SETDB2","0.294200000000000017","ARCHS4 Coexpression,0.2942","ZNF512B,RABGAP1L,MOGAT3,PSPN,POLN,GTF2IRD2,GMFG,ANKRD44,DAB2IP,PDAP1,RASGRP3,SPN,AP1S1,METTL6,ANKRD52,ZNF556","chea3","875","0.294200000000000017",NA,NA,"","3","ARCHS4--Coexpression(rank=479); Enrichr--Queries(rank=815); GTEx--Coexpression(rank=1274)","875","0.294200000000000017","ARCHS4 Coexpression,0.2942"
"DEG_LD_SW480","876","E2F2","0.294300000000000006","GTEx Coexpression,0.2943","MPP1,SELPLG,ITGB2,ARPC4,NOD2,ARHGAP45,ISG20,LYL1,ACAP1,GNB2,GRAP2,TBC1D10C,VSTM1,TRIM58,CYTIP,RHCE","chea3","876","0.294300000000000006",NA,NA,"","3","GTEx--Coexpression(rank=473); ARCHS4--Coexpression(rank=1124); Enrichr--Queries(rank=1387)","876","0.294300000000000006","GTEx Coexpression,0.2943"
"DEG_LD_SW480","877","ZNF337","0.295599999999999918","GTEx Coexpression,0.2956","ARHGEF33,TENM1,CADPS2,TLE2,COL27A1,CARMIL3,STXBP1,DAB2IP,ADAM11,XKR7,TIAM1,MMP24,PCLO,KIAA1614,MCF2L,FAT2","chea3","877","0.295599999999999918",NA,NA,"","3","GTEx--Coexpression(rank=475); ARCHS4--Coexpression(rank=928); Enrichr--Queries(rank=1052)","877","0.295599999999999918","GTEx Coexpression,0.2956"
"DEG_LD_SW480","878","MXD1","0.296800000000000008","GTEx Coexpression,0.2968","MPP1,SH2D2A,ITGB2,PLEK,NOD2,SYTL3,ARHGAP45,ACAP1,FCGR2A,GRAP2,CD7,NAMPT,TBC1D10C,RUBCNL,NLRP3,CYTIP","chea3","878","0.296800000000000008",NA,NA,"","3","GTEx--Coexpression(rank=477); Enrichr--Queries(rank=520); ARCHS4--Coexpression(rank=549)","878","0.296800000000000008","GTEx Coexpression,0.2968"
"DEG_LD_SW480","879","MAFF","0.296999999999999986","Enrichr Queries,0.297","IFITM3,CEBPD,EPAS1,NEDD9,PLAT,RND3,NT5E,DUSP10,GPNMB,NAMPT,NFKBIZ,PDK4,UPP1,ABCA1,EDN1,EGR3,ANXA1,HMGCS1,ASNS,SERPINB8,TM4SF1,PGF,EREG,ISG20,IL1A,NR4A3,IL1B,CNTN1,TGFBI,ATF3","chea3","879","0.296999999999999986",NA,NA,"","5","ENCODE--ChIP-seq(rank=64); ReMap--ChIP-seq(rank=263); Enrichr--Queries(rank=417); GTEx--Coexpression(rank=662); ARCHS4--Coexpression(rank=1553)","879","0.296999999999999986","Enrichr Queries,0.297"
"DEG_LD_SW480","880","CENPT","0.297300000000000009","ARCHS4 Coexpression,0.2973","MPP1,SLC44A2,MEPCE,TMC8,TMEM40,F13A1,TMC6,ARHGAP45,FRMD3,LYL1,ACAP1,ABLIM3,TNFSF4,GRAP2,TBC1D10C,MFAP3L","chea3","880","0.297300000000000009",NA,NA,"","3","ARCHS4--Coexpression(rank=484); GTEx--Coexpression(rank=1022); Enrichr--Queries(rank=1167)","880","0.297300000000000009","ARCHS4 Coexpression,0.2973"
"DEG_LD_SW480","881","ZFP14","0.297700000000000020","Enrichr Queries,0.2977","ATP8A1,PELI2,TSHZ2,RORA,EFNA5,LOXL2,RASSF2,ALCAM,ZMAT1,PDGFC,PDK4,GPR155,PAG1,MAP2K6,ABCA1,ARRDC4,CADPS2,BCL11B,F2R,TET1,FBXO32,PTPN13,SERPINB8,PGF,TGFBR3,NBEA,PPP1R3B,SELENOP,ATF3,MATN2","chea3","881","0.297700000000000020",NA,NA,"","3","Enrichr--Queries(rank=418); ARCHS4--Coexpression(rank=628); GTEx--Coexpression(rank=1562)","881","0.297700000000000020","Enrichr Queries,0.2977"
"DEG_LD_SW480","882","CIC","0.298099999999999921","GTEx Coexpression,0.2981","POMT2,PLEKHG4,CARMIL3,PRKRIP1,MEPCE,DAB2IP,DNHD1,ACTL8,STK31,ZCWPW1,MC1R,TDRD12,PRAME,ZNF711,MAGEC2,ZNF596","chea3","882","0.298099999999999921",NA,NA,"","3","GTEx--Coexpression(rank=479); Enrichr--Queries(rank=1195); ARCHS4--Coexpression(rank=1244)","882","0.298099999999999921","GTEx Coexpression,0.2981"
"DEG_LD_SW480","883","HOXD13","0.298700000000000021","GTEx Coexpression,0.2987","ARRDC4,OSBPL5,TSHZ3,ZC4H2,PRUNE2,PDE3B,MRGPRF,AFAP1,HOXD11,EML1,HOXD10,AR,KCNMA1,TRMT61A,NKX3-2,MATN2","chea3","883","0.298700000000000021",NA,NA,"","4","Literature--ChIP-seq(rank=110); GTEx--Coexpression(rank=480); Enrichr--Queries(rank=537); ARCHS4--Coexpression(rank=1004)","883","0.298700000000000021","GTEx Coexpression,0.2987"
"DEG_LD_SW480","884","ZNF605","0.299099999999999921","ARCHS4 Coexpression,0.2991","ZNF273,GSTO2,MOGAT3,PSPN,POLN,GTF2IRD2,TTC7B,PTGR2,NCMAP,RASGRP3,KCNV1,IFT22,GNB2,CFAP69,ZNF556,FGF13","chea3","884","0.299099999999999921",NA,NA,"","3","ARCHS4--Coexpression(rank=487); Enrichr--Queries(rank=667); GTEx--Coexpression(rank=1114)","884","0.299099999999999921","ARCHS4 Coexpression,0.2991"
"DEG_LD_SW480","885","ZNF843","0.299099999999999921","Enrichr Queries,0.2991","CD82,SECTM1,DUSP15,CACNA1E,DEPP1,LOXL2,HYAL1,CDH23,ZNF469,NLRP1,PAG1,CSGALNACT1,ARRDC4,NGFR,CADPS2,EGR3,MOCOS,PDE2A,NMNAT2,DKK1,SERPINB8,AP3B2,BST2,CD4,KCNMA1,ARHGEF3,CORO6,CMPK2,COL6A3,ATF3","chea3","885","0.299099999999999921",NA,NA,"","3","Enrichr--Queries(rank=420); GTEx--Coexpression(rank=1038); ARCHS4--Coexpression(rank=1172)","885","0.299099999999999921","Enrichr Queries,0.2991"
"DEG_LD_SW480","886","ZNF518B","0.301300000000000012","Enrichr Queries,0.3013","PARM1,BNC2,PELI2,TMTC1,RND3,SLC7A2,ALCAM,SH3PXD2A,FLRT3,NFKBIZ,IGFBP7,PAG1,ABCA1,ARRDC4,CADPS2,ANXA1,HMGCS1,BCL11B,BCL11A,NAV1,PTPN13,SERPINB8,QKI,TIAM1,CDK6,NBEA,FASN,COL5A2,KCTD12,TGFBI","chea3","886","0.301300000000000012",NA,NA,"","3","Enrichr--Queries(rank=423); GTEx--Coexpression(rank=820); ARCHS4--Coexpression(rank=1423)","886","0.301300000000000012","Enrichr Queries,0.3013"
"DEG_LD_SW480","887","ZNF487","0.301599999999999979","ARCHS4 Coexpression,0.3016","ZNF512B,GSTO2,MOGAT3,FBXW10,PSPN,POLN,SLC30A2,GTF2IRD2,UBE2E1,NCMAP,KCNV1,IFT22,ACOXL,CFAP69,ANKRD52,ZNF556","chea3","887","0.301599999999999979",NA,NA,"","3","ARCHS4--Coexpression(rank=491); Enrichr--Queries(rank=847); GTEx--Coexpression(rank=1187)","887","0.301599999999999979","ARCHS4 Coexpression,0.3016"
"DEG_LD_SW480","888","FOXK1","0.301800000000000013","GTEx Coexpression,0.3018","POMT2,TMEM63C,PRUNE2,MSI1,SOBP,BAIAP3,SLC4A8,PNMA1,KCNMA1,CAT,NAALAD2,ZP1,ANKRD52,NLRP1,DZIP3,CHGB","chea3","888","0.301800000000000013",NA,NA,"","4","ReMap--ChIP-seq(rank=199); GTEx--Coexpression(rank=485); Enrichr--Queries(rank=1112); ARCHS4--Coexpression(rank=1594)","888","0.301800000000000013","GTEx Coexpression,0.3018"
"DEG_LD_SW480","889","CEBPG","0.302999999999999992","ReMap ChIP-seq,0.303","SHC4,CPM,MAML2,EPAS1,SLC43A3,LSMEM1,SLC43A1,PDE3B,ITPR1,FURIN,MSMO1,XPC,PKHD1,ATXN1,APH1B,HEY1,ABLIM3,CTSK,SALL4,LEPR,KRIT1,CDH23,CYTIP,TFAP2A,SFTPB,TIGD2,RNF43,GALNT5,ANXA1,MACC1,CRYGN,KCNK15,MITF,FBXO32,SUMF1,SYT17,FAM133B,EIF5,MLPH,SLPI,IL1B,CASS4,EFHB,CCDC174,RAB5A,KBTBD8,ATF3","chea3","889","0.302999999999999992",NA,NA,"","4","ReMap--ChIP-seq(rank=90); ARCHS4--Coexpression(rank=755); Enrichr--Queries(rank=1089); GTEx--Coexpression(rank=1507)","889","0.302999999999999992","ReMap ChIP-seq,0.303"
"DEG_LD_SW480","890","ZNF253","0.303400000000000003","Enrichr Queries,0.3034","ZNF273,ATP8A1,PDE3B,RORA,ALCAM,KIF5C,ZNF429,ZNF107,PAG1,ZNF486,ABCA1,ARRDC4,CADPS2,ZNF681,ZNF680,BCL11A,TET1,SERPINB8,TGFBR3,RAB30,ZNF92,CDK6,ZNF93,NBEA,ZNF737,CNTN1,ZNF711,ZNF117,ZNF610,DZIP3","chea3","890","0.303400000000000003",NA,NA,"","3","Enrichr--Queries(rank=426); GTEx--Coexpression(rank=1012); ARCHS4--Coexpression(rank=1162)","890","0.303400000000000003","Enrichr Queries,0.3034"
"DEG_LD_SW480","891","NCOA1","0.303400000000000003","ARCHS4 Coexpression,0.3034","SEC13,RABGAP1L,EIF4E3,ATP8A1,DYSF,AKAP6,QKI,OGFRL1,RASSF2,KIF5C,NAMPT,TRIP6,NCAM1,NLRP1,TLR4,MFAP3L","chea3","891","0.303400000000000003",NA,NA,"","4","ReMap--ChIP-seq(rank=160); ARCHS4--Coexpression(rank=494); GTEx--Coexpression(rank=593); Enrichr--Queries(rank=1046)","891","0.303400000000000003","ARCHS4 Coexpression,0.3034"
"DEG_LD_SW480","892","PURB","0.303700000000000025","GTEx Coexpression,0.3037","TENM1,CADPS2,TLE2,STXBP1,DAB2IP,ADAM11,FAM133B,XKR7,TIAM1,MMP24,PCLO,KIAA1614,NBEA,FAT2,SPOCK1,ZNF655","chea3","892","0.303700000000000025",NA,NA,"","2","GTEx--Coexpression(rank=488); ARCHS4--Coexpression(rank=1524)","892","0.303700000000000025","GTEx Coexpression,0.3037"
"DEG_LD_SW480","893","BATF3","0.304099999999999981","ARCHS4 Coexpression,0.3041","CD74,APOBEC3G,SLC43A3,SH2D2A,GREB1,PLEK,BATF,BST2,ISG20,NR4A3,ZBED2,CMPK2,LGALS9,CYTIP,SLC15A3,RAB7B","chea3","893","0.304099999999999981",NA,NA,"","3","ARCHS4--Coexpression(rank=495); GTEx--Coexpression(rank=695); Enrichr--Queries(rank=721)","893","0.304099999999999981","ARCHS4 Coexpression,0.3041"
"DEG_LD_SW480","894","ZNF599","0.304099999999999981","Enrichr Queries,0.3041","ZNF331,SLC46A3,BNC2,LOXL2,ALCAM,DACH1,DUSP10,SH3PXD2A,HYAL1,MCF2L,ZNF502,ARRDC4,WDR17,CADPS2,AUTS2,BCL11B,ANKRD44,TET1,NMNAT2,SORCS2,SERPINB8,PGF,SYTL2,NBEA,KIF26B,KCNMA1,ZNF711,ZNF610,ATF3,TLR3","chea3","894","0.304099999999999981",NA,NA,"","3","Enrichr--Queries(rank=427); GTEx--Coexpression(rank=660); ARCHS4--Coexpression(rank=934)","894","0.304099999999999981","Enrichr Queries,0.3041"
"DEG_LD_SW480","895","ZNF394","0.304300000000000015","GTEx Coexpression,0.3043","SELPLG,ANKRD44,SH2D2A,ITGB2,PLEK,SYTL3,ARHGAP45,ISG20,ACAP1,GRAP2,CD7,TBC1D10C,RUBCNL,VSTM1,NLRP3,CYTIP","chea3","895","0.304300000000000015",NA,NA,"","3","GTEx--Coexpression(rank=489); ARCHS4--Coexpression(rank=704); Enrichr--Queries(rank=1161)","895","0.304300000000000015","GTEx Coexpression,0.3043"
"DEG_LD_SW480","896","FOXO3","0.304900000000000004","Literature ChIP-seq,0.3049","POMT2,RERE,ZNF331,WDR25,CLCNKB,XYLT1,FURIN,FMN1,KLHDC7A,KLK3,RGPD3,LFNG,GNA13,NKAIN1,SPTLC3,PERP,RASSF6,AP1S1,PLEK2,ACSS1,LMCD1,MARK1,CSGALNACT1,ARRDC4,PTPN13,MRPS6,BICC1,TM4SF1,BAIAP3,EREG,FAM133B,PDP1,TGFBR3,SLC6A6,TIAM1,IFT22,COL2A1,TRMT61A,ZNF311","chea3","896","0.304900000000000004",NA,NA,"","4","Literature--ChIP-seq(rank=50); GTEx--Coexpression(rank=805); Enrichr--Queries(rank=1099); ARCHS4--Coexpression(rank=1314)","896","0.304900000000000004","Literature ChIP-seq,0.3049"
"DEG_LD_SW480","897","ZNF716","0.306300000000000017","Enrichr Queries,0.3063","KCNG1,OCA2,RYR2,TENM1,CD82,CEBPD,NTM,TSHZ2,XYLT1,FMN1,TMTC1,ELAVL2,PCLO,EGFLAM,SPOCK1,ZNF486,CTSB,ANXA1,AUTS2,TNFSF15,BCL11A,ASNS,WDR72,IGF1,SERPINB8,ZNF92,KCNMA1,CDH11,CDH13,ZNF117","chea3","897","0.306300000000000017",NA,NA,"","3","Enrichr--Queries(rank=430); ARCHS4--Coexpression(rank=671); GTEx--Coexpression(rank=948)","897","0.306300000000000017","Enrichr Queries,0.3063"
"DEG_LD_SW480","898","TLX1","0.306999999999999995","Enrichr Queries,0.307","DLX3,DLX4,TSHZ3,SHOX2,HOXD13,HOXD11,HOXC11,CACNA1E,HOXD10,ELAVL2,LOXL2,SOX2,SIX2,TFAP2A,NGFR,EGR3,PRRX1,BCL11B,BCL11A,IRX3,ECEL1,SOX14,EBF3,COL2A1,NR4A3,LHX2,CDH11,PPARG,ATF3","chea3","898","0.306999999999999995",NA,NA,"","3","Enrichr--Queries(rank=431); GTEx--Coexpression(rank=618); ARCHS4--Coexpression(rank=1384)","898","0.306999999999999995","Enrichr Queries,0.307"
"DEG_LD_SW480","899","SPDEF","0.307099999999999984","ARCHS4 Coexpression,0.3071","ZNF512B,IRX3,GREB1,KIF12,HOXC11,SLC9A2,AR,MLPH,FASN,GNB2,EEF1A2,AP1S1,PRR15,SPTSSB,EPHB4,CACNG4","chea3","899","0.307099999999999984",NA,NA,"","3","ARCHS4--Coexpression(rank=500); Enrichr--Queries(rank=666); GTEx--Coexpression(rank=827)","899","0.307099999999999984","ARCHS4 Coexpression,0.3071"
"DEG_LD_SW480","900","GBX1","0.307699999999999918","Enrichr Queries,0.3077","DLX3,ANKRD33B,NXPH4,SHOX2,RORA,LRP2,DOC2B,HOXD11,EFNA5,HOXD10,LOXL2,CRTAC1,SIX2,RHBDL3,NGFR,CADPS2,EGR3,UNC5A,BCL11B,ECEL1,MOCOS,ESRRB,EBF3,COL2A1,NR4A3,PDE10A,LHX2,PPARG,ATF3","chea3","900","0.307699999999999918",NA,NA,"","3","Enrichr--Queries(rank=432); ARCHS4--Coexpression(rank=739); GTEx--Coexpression(rank=1207)","900","0.307699999999999918","Enrichr Queries,0.3077"
"DEG_LD_SW480","901","NKX31","0.307699999999999918","ARCHS4 Coexpression,0.3077","RERE,SLC22A3,TENM1,SMKR1,ARHGEF38,PRUNE2,KLK3,BTN3A2,SLC9A2,AR,GPRIN2,MLPH,FASN,WNK2,STEAP1,STEAP2","chea3","901","0.307699999999999918",NA,NA,"","2","ARCHS4--Coexpression(rank=501); GTEx--Coexpression(rank=824)","901","0.307699999999999918","ARCHS4 Coexpression,0.3077"
"DEG_LD_SW480","902","SOX15","0.307999999999999996","GTEx Coexpression,0.308","TFAP2A,ANXA1,KRT13,TMEM40,CBLC,RAB27B,FZD10,SERPINB5,KLK7,TP53AIP1,VANGL2,PERP,SFN,MUC21,NECTIN1,MPZL2","chea3","902","0.307999999999999996",NA,NA,"","3","Enrichr--Queries(rank=464); GTEx--Coexpression(rank=495); ARCHS4--Coexpression(rank=518)","902","0.307999999999999996","GTEx Coexpression,0.308"
"DEG_LD_SW480","903","PRDM13","0.308400000000000007","ARCHS4 Coexpression,0.3084","POP7,MRPS24,MCM7,KCND3,RASL10B,CHCHD10,HOXD13,HOXD11,HOXD10,GAL,HEY1,SLCO3A1,TRIP6,ZNF711,CKB,RHBDL3","chea3","903","0.308400000000000007",NA,NA,"","3","Enrichr--Queries(rank=499); ARCHS4--Coexpression(rank=502); GTEx--Coexpression(rank=1261)","903","0.308400000000000007","ARCHS4 Coexpression,0.3084"
"DEG_LD_SW480","904","FOXD4L6","0.309099999999999986","Enrichr Queries,0.3091","DLX3,CD82,NTM,SHOX2,XYLT1,HOXD13,TMTC1,FZD10,EFNA5,HOXD10,ELAVL2,LOXL2,NKAIN1,SIX2,PHACTR3,LZTS1,TFAP2A,BCL11A,MOCOS,SOX14,WDR72,EBF3,OLFM1,LHX2,KCNMA1,CDH11,ULBP2,TLR4,ATF3","chea3","904","0.309099999999999986",NA,NA,"","2","Enrichr--Queries(rank=434); ARCHS4--Coexpression(rank=1497)","904","0.309099999999999986","Enrichr Queries,0.3091"
"DEG_LD_SW480","905","MEF2B","0.309300000000000019","GTEx Coexpression,0.3093","IFITM1,SELPLG,APOBEC3G,GMFG,ANKRD44,PLEK,ARPC4,BATF,ARHGAP45,ISG20,ACAP1,GRAP2,TBC1D10C,RUBCNL,CYTIP,SLC12A9","chea3","905","0.309300000000000019",NA,NA,"","4","ReMap--ChIP-seq(rank=198); GTEx--Coexpression(rank=497); Enrichr--Queries(rank=661); ARCHS4--Coexpression(rank=1099)","905","0.309300000000000019","GTEx Coexpression,0.3093"
"DEG_LD_SW480","906","ZSCAN25","0.309599999999999986","ARCHS4 Coexpression,0.3096","MOGAT3,POLN,GTF2IRD2,PDE3B,DAB2IP,TMC8,DKK3,SPN,ACOXL,ACAP1,ZNF839,ORAI2,ZNF556,CYTIP,PAG1,ZNF442","chea3","906","0.309599999999999986",NA,NA,"","2","ARCHS4--Coexpression(rank=504); GTEx--Coexpression(rank=1064)","906","0.309599999999999986","ARCHS4 Coexpression,0.3096"
"DEG_LD_SW480","907","THAP11","0.309800000000000020","ReMap ChIP-seq,0.3098","MOGAT3,GMFG,LSMEM1,SH2D2A,ITPR1,PLOD3,CACNA1E,CYGB,SLC6A4,CHCHD4,TGFBR3L,DBP,TMEM43,VSIG1,HYAL1,CHADL,VPS50,SALL4,SLC15A3,INSL3,SLC38A5,MAP2K6,ABCA1,SLC30A2,PCOLCE,MITF,SUMF1,CLDN15,TFR2,GNB2,ASPG,MXRA8,COL8A2,VIPAS39,ZP1,ZNF853","chea3","907","0.309800000000000020",NA,NA,"","5","ReMap--ChIP-seq(rank=92); Literature--ChIP-seq(rank=152); GTEx--Coexpression(rank=830); ARCHS4--Coexpression(rank=1055); Enrichr--Queries(rank=1373)","907","0.309800000000000020","ReMap ChIP-seq,0.3098"
"DEG_LD_SW480","908","HNF4A","0.310199999999999920","ARCHS4 Coexpression,0.3102","CPB2,COL27A1,TMEM176B,USH1C,ENTPD8,ACSL5,C2,MYO1D,GJB1,GPA33,HYAL1,XPNPEP2,ALB,SELENOP,PRR15,AGXT","chea3","908","0.310199999999999920",NA,NA,"","6","ENCODE--ChIP-seq(rank=67); Literature--ChIP-seq(rank=79); ReMap--ChIP-seq(rank=142); ARCHS4--Coexpression(rank=505); GTEx--Coexpression(rank=621); Enrichr--Queries(rank=1031)","908","0.310199999999999920","ARCHS4 Coexpression,0.3102"
"DEG_LD_SW480","909","PRDM10","0.310499999999999998","GTEx Coexpression,0.3105","RYR1,CARMIL3,LSMEM1,SPTB,BICRA,FAM133B,CACNG6,RINT1,NKAIN1,XKR7,TIAM1,MMP24,FAT2,PRKCQ,SH2B2,MAP2K6","chea3","909","0.310499999999999998",NA,NA,"","3","GTEx--Coexpression(rank=499); Enrichr--Queries(rank=1013); ARCHS4--Coexpression(rank=1504)","909","0.310499999999999998","GTEx Coexpression,0.3105"
"DEG_LD_SW480","910","ZNF597","0.310499999999999998","Enrichr Queries,0.3105","EPAS1,XYLT1,CLDN1,RND3,HERC5,DUSP10,NFKBIZ,PDK4,FBXO6,SLC16A9,ABCA1,ARRDC4,CADPS2,EGLN3,EDN1,EGR3,ANXA1,F2R,MITF,SERPINB8,SYTL2,TGFBR3,NR4A3,ARHGEF3,CNTN1,ZNF239,PPARG,KBTBD8,ATF3","chea3","910","0.310499999999999998",NA,NA,"","3","Enrichr--Queries(rank=436); GTEx--Coexpression(rank=1547); ARCHS4--Coexpression(rank=1564)","910","0.310499999999999998","Enrichr Queries,0.3105"
"DEG_LD_SW480","911","ELF4","0.312000000000000000","ARCHS4 Coexpression,0.312","PTAFR,ITGB2,DYSF,SECTM1,FURIN,TMC6,ARHGAP45,LFNG,SLC6A6,LASP1,RASSF2,GNB2,LGALS9,PLCB2,TLR4,SLC12A9","chea3","911","0.312000000000000000",NA,NA,"","3","ARCHS4--Coexpression(rank=508); GTEx--Coexpression(rank=566); Enrichr--Queries(rank=719)","911","0.312000000000000000","ARCHS4 Coexpression,0.312"
"DEG_LD_SW480","912","DPRX","0.313000000000000000","GTEx Coexpression,0.313","RYR1,AFAP1L1,TNNC1,SPTB,PRSS56,FRMD3,CACNG6,EGFLAM,MYL2,KCNS3,PTGES3L,TCAP,PRKCQ,ASB2,RBM24","chea3","912","0.313000000000000000",NA,NA,"","3","GTEx--Coexpression(rank=503); Enrichr--Queries(rank=918); ARCHS4--Coexpression(rank=1041)","912","0.313000000000000000","GTEx Coexpression,0.313"
"DEG_LD_SW480","913","RXRA","0.313599999999999990","ENCODE ChIP-seq,0.3136","ABCA1,FASN,PCOLCE,CPLX1","chea3","913","0.313599999999999990",NA,NA,"","6","ENCODE--ChIP-seq(rank=37); Literature--ChIP-seq(rank=115); ReMap--ChIP-seq(rank=192); ARCHS4--Coexpression(rank=566); Enrichr--Queries(rank=779); GTEx--Coexpression(rank=832)","913","0.313599999999999990","ENCODE ChIP-seq,0.3136"
"DEG_LD_SW480","914","CEBPE","0.313900000000000012","ARCHS4 Coexpression,0.3139","PTAFR,ITGB2,XRCC3,DYSF,SECTM1,HOXD10,ARHGAP45,SPN,LFNG,LYL1,RASSF2,FES,LPCAT2,LGALS9,PLCB2,SLC12A9","chea3","914","0.313900000000000012",NA,NA,"","3","ARCHS4--Coexpression(rank=511); GTEx--Coexpression(rank=538); Enrichr--Queries(rank=871)","914","0.313900000000000012","ARCHS4 Coexpression,0.3139"
"DEG_LD_SW480","915","TCF7L1","0.314500000000000002","ARCHS4 Coexpression,0.3145","COL26A1,SERF1B,AUTS2,MGST1,KLHDC7A,SOX2,SEM1,NKAIN1,VANGL2,MDK,SALL4,RBPMS2,ROR1,GYG2,CNMD,ADAMTS7","chea3","915","0.314500000000000002",NA,NA,"","3","Enrichr--Queries(rank=458); ARCHS4--Coexpression(rank=512); GTEx--Coexpression(rank=725)","915","0.314500000000000002","ARCHS4 Coexpression,0.3145"
"DEG_LD_SW480","916","HOXB1","0.314800000000000024","Enrichr Queries,0.3148","CNTFR,DLX3,EPAS1,RORA,FZD10,LRP2,HOXD11,HOXD10,LOXL2,SOX2,DACH1,SALL4,TFAP2A,CADPS2,EDN1,EGR3,PRRX1,BCL11B,BCL11A,IRX3,GREB1,MOCOS,EBF3,DKK1,COL2A1,KIF26B,CDH11,TGFBI,ATF3","chea3","916","0.314800000000000024",NA,NA,"","3","Enrichr--Queries(rank=442); ARCHS4--Coexpression(rank=575); GTEx--Coexpression(rank=717)","916","0.314800000000000024","Enrichr Queries,0.3148"
"DEG_LD_SW480","917","PATZ1","0.315500000000000003","GTEx Coexpression,0.3155","ZNF512B,GTF2IRD2,CRYGN,KIF12,WDR72,LRP2,TG,ZMAT1,SALL4,ZNF737,GATAD1,FSCN2,SLC26A4,ZNF114,ZNF486","chea3","917","0.315500000000000003",NA,NA,"","3","GTEx--Coexpression(rank=507); ARCHS4--Coexpression(rank=650); Enrichr--Queries(rank=1206)","917","0.315500000000000003","GTEx Coexpression,0.3155"
"DEG_LD_SW480","918","ESRRB","0.315500000000000003","Enrichr Queries,0.3155","EPAS1,NTM,RORA,LRP2,ELAVL2,LOXL2,SOX2,SALL4,GRB10,NCAM1,UPP1,CKB,ABCA1,NGFR,CADPS2,EGLN3,VWF,BCL11B,BCL11A,TET1,MITF,EBF3,KLF15,LHX2,KIF26B,KCNMA1,CDH13,PPARG,ATF3","chea3","918","0.315500000000000003",NA,NA,"","4","Literature--ChIP-seq(rank=91); Enrichr--Queries(rank=443); GTEx--Coexpression(rank=976); ARCHS4--Coexpression(rank=1323)","918","0.315500000000000003","Enrichr Queries,0.3155"
"DEG_LD_SW480","919","MAFG","0.316500000000000004","ReMap ChIP-seq,0.3165","CCDC71L,IFITM3,SELPLG,ANKRD33B,MAML2,SLC43A3,AKAP6,SHE,ADAMTS14,LASP1,DUSP10,ABLIM3,LEPR,ST3GAL5,MTERF1,TIMP4,BEND6,CTSB,EDARADD,RABGAP1L,ADGRV1,GSDMA,ANXA1,CCDC116,HMGCS1,CARD6,ACSL6,MITF,BTN3A2,EREG,DKK3,SLC6A6,DNAJC2,MTNR1A,EIF5,CDK6,FEZ1,CAT,RNF182,CASS4,PMP22,TRIM58,CMPK2,CCDC174,GPRC5C,ATF3,SIGLEC6","chea3","919","0.316500000000000004",NA,NA,"","4","ReMap--ChIP-seq(rank=94); GTEx--Coexpression(rank=761); Enrichr--Queries(rank=1001); ARCHS4--Coexpression(rank=1330)","919","0.316500000000000004","ReMap ChIP-seq,0.3165"
"DEG_LD_SW480","920","ZNF184","0.316699999999999982","GTEx Coexpression,0.3167","COL26A1,SYT1,KIAA1549L,AK5,ORC5,TIAM2,OLFM1,KCNV1,FAM200A,CALHM1,DBF4,VPS50,PPP4R4,METTL6,SCN3B","chea3","920","0.316699999999999982",NA,NA,"","3","GTEx--Coexpression(rank=509); Enrichr--Queries(rank=1011); ARCHS4--Coexpression(rank=1563)","920","0.316699999999999982","GTEx Coexpression,0.3167"
"DEG_LD_SW480","921","KLF17","0.317699999999999982","Enrichr Queries,0.3177","CD82,CEBPD,EPAS1,TSHZ2,RORA,PLAT,KLHDC7A,LOXL2,PKHD1,HEY1,SPOCK1,CADPS2,EDN1,VWF,MOCOS,MITF,IGF1,SORCS2,DKK1,SERPINB8,PGF,SPOCD1,TGFBR3,KCNMA1,CNTN1,PPARG,AGXT,ATF3,KANK4","chea3","921","0.317699999999999982",NA,NA,"","3","Enrichr--Queries(rank=446); ARCHS4--Coexpression(rank=1429); GTEx--Coexpression(rank=1458)","921","0.317699999999999982","Enrichr Queries,0.3177"
"DEG_LD_SW480","922","SCMH1","0.318000000000000005","GTEx Coexpression,0.318","RERE,SIVA1,TSHZ3,GTF2IRD2,PRUNE2,MRGPRF,AFAP1,EML1,HSPG2,KCNMA1,RBPMS2,DMD,IGSF9B,GTF2IRD2B,TRMT61A","chea3","922","0.318000000000000005",NA,NA,"","2","GTEx--Coexpression(rank=511); ARCHS4--Coexpression(rank=1212)","922","0.318000000000000005","GTEx Coexpression,0.318"
"DEG_LD_SW480","923","NR6A1","0.318400000000000016","Enrichr Queries,0.3184","ATP8A1,EPAS1,RORA,EFNA5,SLC7A2,ELAVL2,SOX2,ATXN1,ALCAM,SH3PXD2A,KIF5C,SALL4,GRB10,EGLN3,RABGAP1L,TLE1,AUTS2,BCL11A,TET1,MITF,SERPINB8,TGFBR3,SLC6A6,TIAM1,CDK6,NR4A3,SLCO3A1,PPARG,ATF3","chea3","923","0.318400000000000016",NA,NA,"","3","Enrichr--Queries(rank=447); GTEx--Coexpression(rank=835); ARCHS4--Coexpression(rank=1332)","923","0.318400000000000016","Enrichr Queries,0.3184"
"DEG_LD_SW480","924","SHOX","0.319099999999999995","Enrichr Queries,0.3191","RYR2,TSHZ3,EPAS1,NTM,SHOX2,RORA,HOXD13,HOXD11,CACNA1E,ELAVL2,LOXL2,AFF2,SIX2,PHACTR3,KIRREL3,TFAP2A,EGR3,PRRX1,BCL11A,MOCOS,MITF,EBF3,IGF1,ALDH1A3,NR4A3,LHX2,KCNQ2,CDH13,PPARG","chea3","924","0.319099999999999995",NA,NA,"","3","Enrichr--Queries(rank=448); GTEx--Coexpression(rank=753); ARCHS4--Coexpression(rank=1360)","924","0.319099999999999995","Enrichr Queries,0.3191"
"DEG_LD_SW480","925","TLX2","0.319400000000000017","ARCHS4 Coexpression,0.3194","ZNF512B,CNTFR,PLEKHG4,PCOLCE,DBH,CYGB,XKR7,RIMS4,FAM167A,GAL,KIF26A,KIF26B,EEF1A2,SLIT3,ZNF853,CACNG4","chea3","925","0.319400000000000017",NA,NA,"","3","Enrichr--Queries(rank=485); ARCHS4--Coexpression(rank=520); GTEx--Coexpression(rank=526)","925","0.319400000000000017","ARCHS4 Coexpression,0.3194"
"DEG_LD_SW480","926","ZBTB20","0.319799999999999918","Enrichr Queries,0.3198","RERE,MAML2,CEBPD,EPAS1,ITPR1,RORA,ATXN1,ALCAM,SH3PXD2A,PDK4,DMD,IGFBP7,ABCA1,CADPS2,ANXA1,AUTS2,NAV1,IGF1,FBXO32,SERPINB8,TGFBR3,DAB2,CDK6,NBEA,KCNMA1,SELENOP,SSPN,TGFBI,ATF3","chea3","926","0.319799999999999918",NA,NA,"","3","Enrichr--Queries(rank=449); ARCHS4--Coexpression(rank=1362); GTEx--Coexpression(rank=1438)","926","0.319799999999999918","Enrichr Queries,0.3198"
"DEG_LD_SW480","927","CREBL2","0.320500000000000007","GTEx Coexpression,0.3205","ABCA1,ADGRV1,PON2,MGST1,ANO4,TMEM150C,CNN3,BST2,ST3GAL5,NAALAD2,ASB4,SLC16A9,CAMK1,SLC16A2,PRTFDC1","chea3","927","0.320500000000000007",NA,NA,"","3","GTEx--Coexpression(rank=515); ARCHS4--Coexpression(rank=525); Enrichr--Queries(rank=809)","927","0.320500000000000007","GTEx Coexpression,0.3205"
"DEG_LD_SW480","928","ZXDB","0.321099999999999997","GTEx Coexpression,0.3211","TIGD2,CPB2,POP7,GTPBP10,LRRC3,FAM133B,CYP39A1,CPS1,TFR2,CTH,ZSCAN21,PNPLA3,LBP,AGXT,PTGDS","chea3","928","0.321099999999999997",NA,NA,"","3","GTEx--Coexpression(rank=516); Enrichr--Queries(rank=775); ARCHS4--Coexpression(rank=1418)","928","0.321099999999999997","GTEx Coexpression,0.3211"
"DEG_LD_SW480","929","ZNF443","0.321199999999999986","Enrichr Queries,0.3212","ZNF331,CEBPD,PDE3B,NEDD9,MSMO1,ALCAM,GPNMB,ZNF107,ABCA1,ARRDC4,CADPS2,EGLN3,ZNF681,ZNF680,ANXA1,AUTS2,BCL11A,F2R,ASNS,SERPINB8,PGF,TGFBR3,FCGR2A,CDK6,ZNF93,OAS1,ZNF117,TLR4,ATF3","chea3","929","0.321199999999999986",NA,NA,"","3","Enrichr--Queries(rank=451); GTEx--Coexpression(rank=1103); ARCHS4--Coexpression(rank=1491)","929","0.321199999999999986","Enrichr Queries,0.3212"
"DEG_LD_SW480","930","ETS1","0.322000000000000008","ENCODE ChIP-seq,0.322","SLC46A3,ACHE,ANKRD33B,CD82,ATP8A1,MCM7,ITGB2,PLEK,ARRB1,SPN,TMEM144,LYL1,ZCWPW1,DUSP10,DBP,GRAP2,NAMPT,UPP1,LGALS9,HAVCR2,TSC22D4,ANKRD44,F2R,TMC8,TMEM40,ACSL5,NAV1,TMC6,SPTB,ARHGAP45,RIPPLY3,TFR2,IL1B,CAT,ACOT2,TRIM58,ATF3,SLC22A3,WDR25,SELPLG,SLC43A3,STXBP1,MEPCE,GNA13,OGFRL1,SH3BGRL,FAM156A,CYP4X1,ZMAT1,DPH3,ST3GAL5,METTL6,ACSS1,SLC38A5,MPZL2,MPP1,CD74,EGR3,BCL11A,NR1D1,PTPN13,ISG20,CTH,LPCAT2,RAB5A","chea3","930","0.322000000000000008",NA,NA,"","6","ENCODE--ChIP-seq(rank=38); Literature--ChIP-seq(rank=161); ReMap--ChIP-seq(rank=225); ARCHS4--Coexpression(rank=561); Enrichr--Queries(rank=571); GTEx--Coexpression(rank=582)","930","0.322000000000000008","ENCODE ChIP-seq,0.322"
"DEG_LD_SW480","931","ZFHX3","0.323000000000000009","GTEx Coexpression,0.323","ECM2,TMTC1,HSPG2,PGF,MYO1D,ACTA2,SH3BGRL,PDGFC,SSPN,COL8A2,ROR1,IGFBP7,SUSD5,SMIM10,HDX","chea3","931","0.323000000000000009",NA,NA,"","3","GTEx--Coexpression(rank=519); ARCHS4--Coexpression(rank=656); Enrichr--Queries(rank=664)","931","0.323000000000000009","GTEx Coexpression,0.323"
"DEG_LD_SW480","932","ZBTB43","0.323099999999999998","ARCHS4 Coexpression,0.3231","ZNF512B,GSDMA,MOGAT3,FBXW10,POLN,GTF2IRD2,KCNV1,LASP1,DUSP10,GNB2,CFAP69,AP1S1,ANKRD52,ZNF556,ZNF442","chea3","932","0.323099999999999998",NA,NA,"","3","ARCHS4--Coexpression(rank=526); Enrichr--Queries(rank=1003); GTEx--Coexpression(rank=1354)","932","0.323099999999999998","ARCHS4 Coexpression,0.3231"
"DEG_LD_SW480","933","KLF15","0.324099999999999999","Enrichr Queries,0.3241","IFITM3,CPM,CEBPD,EPAS1,SLC43A1,MGST1,RORA,SLC7A2,HYAL1,PDK4,CKB,ACSS1,ABCA1,EGLN3,VWF,ASNS,IGF1,NR1D1,FBXO32,SERPINB8,PGF,TGFBR3,FASN,SELENOP,CNTN1,PPARG,AGXT,ATF3,MATN2","chea3","933","0.324099999999999999",NA,NA,"","3","Enrichr--Queries(rank=455); GTEx--Coexpression(rank=649); ARCHS4--Coexpression(rank=1458)","933","0.324099999999999999","Enrichr Queries,0.3241"
"DEG_LD_SW480","934","ZNF680","0.324199999999999988","GTEx Coexpression,0.3242","BEX4,KCNJ10,ATP8A1,PON2,DCLK2,GRIK4,STON2,PTGR2,QKI,SOX2,RAB30,PTPRZ1,PHACTR3,ST3GAL5,PRTFDC1","chea3","934","0.324199999999999988",NA,NA,"","3","GTEx--Coexpression(rank=521); Enrichr--Queries(rank=902); ARCHS4--Coexpression(rank=1236)","934","0.324199999999999988","GTEx Coexpression,0.3242"
"DEG_LD_SW480","935","TBX22","0.325500000000000012","GTEx Coexpression,0.3255","POMT2,TKTL1,DUSP15,ACTL8,TEX19,STK31,HERC5,ZCWPW1,SAMD15,TDRD12,PRAME,ZNF711,MAGEC2,MAGEB6,PRR22","chea3","935","0.325500000000000012",NA,NA,"","3","GTEx--Coexpression(rank=523); Enrichr--Queries(rank=960); ARCHS4--Coexpression(rank=1103)","935","0.325500000000000012","GTEx Coexpression,0.3255"
"DEG_LD_SW480","936","ZKSCAN3","0.326199999999999990","ARCHS4 Coexpression,0.3262","ZNF273,GSTO2,MOGAT3,PSPN,GTF2IRD2,TTC7B,PTGR2,RASGRP3,KCNV1,IFT22,ARMC10,ORAI2,CFAP69,ZNF556,FGF13","chea3","936","0.326199999999999990",NA,NA,"","3","ARCHS4--Coexpression(rank=531); GTEx--Coexpression(rank=775); Enrichr--Queries(rank=1160)","936","0.326199999999999990","ARCHS4 Coexpression,0.3262"
"DEG_LD_SW480","937","ZNF197","0.326799999999999979","ARCHS4 Coexpression,0.3268","BEX4,HMGCS1,CRMP1,GDAP1,ELAVL2,SLC4A8,LASP1,NBEA,KIF5C,LHX2,GNB2,GPC2,NCAM1,FGF13,DZIP3","chea3","937","0.326799999999999979",NA,NA,"","4","ReMap--ChIP-seq(rank=274); ARCHS4--Coexpression(rank=532); GTEx--Coexpression(rank=1096); Enrichr--Queries(rank=1374)","937","0.326799999999999979","ARCHS4 Coexpression,0.3268"
"DEG_LD_SW480","938","ZFP64","0.327400000000000024","ARCHS4 Coexpression,0.3274","CHRNB4,MOGAT3,FBXW10,PSPN,POLN,SLC30A2,GTF2IRD2,HUNK,PTGR2,NCMAP,SLC6A6,IFT22,ACOXL,CFAP69,ZNF556","chea3","938","0.327400000000000024",NA,NA,"","3","ARCHS4--Coexpression(rank=533); GTEx--Coexpression(rank=745); Enrichr--Queries(rank=950)","938","0.327400000000000024","ARCHS4 Coexpression,0.3274"
"DEG_LD_SW480","939","TIGD2","0.327600000000000002","Enrichr Queries,0.3276","IFITM3,SLC46A3,CEBPD,ITPR1,MSMO1,RND3,CNN3,ALCAM,DUSP10,GPNMB,FLRT3,NAMPT,NFKBIZ,PDK4,ABCA1,ARRDC4,EGLN3,EDN1,ANXA1,FBXO32,SERPINB8,PGF,TGFBR3,DAB2,SELENOP,ARHGEF3,KCTD12,TGFBI,ATF3","chea3","939","0.327600000000000002",NA,NA,"","3","Enrichr--Queries(rank=460); GTEx--Coexpression(rank=963); ARCHS4--Coexpression(rank=1439)","939","0.327600000000000002","Enrichr Queries,0.3276"
"DEG_LD_SW480","940","ZNF358","0.328000000000000014","ARCHS4 Coexpression,0.328","IGSF8,NYAP1,UNC5A,DAB2IP,FAIM2,MAPK8IP2,CPLX1,MAPK8IP1,RIMS4,JPH3,WNK2,KCNQ2,EEF1A2,ZNF853,APBB1","chea3","940","0.328000000000000014",NA,NA,"","3","ARCHS4--Coexpression(rank=534); Enrichr--Queries(rank=921); GTEx--Coexpression(rank=1439)","940","0.328000000000000014","ARCHS4 Coexpression,0.328"
"DEG_LD_SW480","941","ZNF432","0.328299999999999981","Enrichr Queries,0.3283","IFITM1,CEBPD,NEDD9,RORA,MSMO1,RND3,NT5E,DUSP10,GPNMB,MDK,NAMPT,UPP1,INSL3,PAG1,ABCA1,CADPS2,EGR3,ANXA1,HMGCS1,SERPINB8,PGF,SYTL2,ISG20,CDK6,NR4A3,NBEA,CNTN1,ZNF117,ATF3","chea3","941","0.328299999999999981",NA,NA,"","3","Enrichr--Queries(rank=461); GTEx--Coexpression(rank=693); ARCHS4--Coexpression(rank=720)","941","0.328299999999999981","Enrichr Queries,0.3283"
"DEG_LD_SW480","942","ZNF771","0.328600000000000003","GTEx Coexpression,0.3286","NYAP1,TTC7B,DCLK2,FAIM2,SOBP,MAPK8IP2,HPCAL4,CPLX1,MBLAC1,RIMS4,JPH3,LHX2,KCNQ2,ZNF853,FGF13","chea3","942","0.328600000000000003",NA,NA,"","3","GTEx--Coexpression(rank=528); ARCHS4--Coexpression(rank=921); Enrichr--Queries(rank=1263)","942","0.328600000000000003","GTEx Coexpression,0.3286"
"DEG_LD_SW480","943","ZNF222","0.329100000000000004","Enrichr Queries,0.3291","ZNF331,IFITM1,CEBPD,IFI6,RND3,CLGN,GPNMB,HYAL1,FLRT3,NAMPT,NFKBIZ,ST3GAL5,ZNF502,UPP1,ABCA1,CADPS2,EDN1,EGR3,ANXA1,HMGCS1,ASNS,SERPINB8,PGF,BST2,ISG20,IFI27,ZNF239,ZNF610,ATF3","chea3","943","0.329100000000000004",NA,NA,"","3","Enrichr--Queries(rank=462); GTEx--Coexpression(rank=1089); ARCHS4--Coexpression(rank=1419)","943","0.329100000000000004","Enrichr Queries,0.3291"
"DEG_LD_SW480","944","KLF16","0.329199999999999993","GTEx Coexpression,0.3292","KIRREL3,PRKCG,NYAP1,LRRC10B,CACNA1E,CPLX1,LMF1,RIMS4,JPH3,CAMKV,LHX2,PPP4R4,AP1S1,LZTS1,CACNG4","chea3","944","0.329199999999999993",NA,NA,"","3","GTEx--Coexpression(rank=529); Enrichr--Queries(rank=1312); ARCHS4--Coexpression(rank=1510)","944","0.329199999999999993","GTEx Coexpression,0.3292"
"DEG_LD_SW480","945","MSGN1","0.329199999999999993","ARCHS4 Coexpression,0.3292","IFITM1,HS3ST3A1,CD8B2,HOXD13,FZD10,HOXD11,DKK1,SGO1,GAL,EGFLAM,SALL4,CDH11,PMP22,NOTUM,LY6G6D","chea3","945","0.329199999999999993",NA,NA,"","3","ARCHS4--Coexpression(rank=536); Enrichr--Queries(rank=622); GTEx--Coexpression(rank=899)","945","0.329199999999999993","ARCHS4 Coexpression,0.3292"
"DEG_LD_SW480","946","ZNF221","0.329799999999999982","Enrichr Queries,0.3298","ERO1B,RYR2,DOCK4,ZNF273,RORA,FMN1,PCLO,ZNF429,CFAP69,ZNF107,ZNF502,EXPH5,ABCA1,CADPS2,ZNF681,ADGRV1,TET1,SERPINB8,SYTL2,TIAM2,NBEA,ZNF737,KCNMA1,CDH11,CNTN1,ZNF239,ZNF117,ZNF610,STEAP2","chea3","946","0.329799999999999982",NA,NA,"","3","Enrichr--Queries(rank=463); ARCHS4--Coexpression(rank=610); GTEx--Coexpression(rank=1204)","946","0.329799999999999982","Enrichr Queries,0.3298"
"DEG_LD_SW480","947","FIGLA","0.329799999999999982","GTEx Coexpression,0.3298","ERO1B,BNC2,SLC30A2,PELI2,SLC43A1,TSHZ2,PDX1,GNG11,PKHD1,KIF26A,GATAD1,GRB10,CDH23,GTF2IRD2B,SLC38A5","chea3","947","0.329799999999999982",NA,NA,"","3","GTEx--Coexpression(rank=530); Enrichr--Queries(rank=822); ARCHS4--Coexpression(rank=1356)","947","0.329799999999999982","GTEx Coexpression,0.3298"
"DEG_LD_SW480","948","ZNF492","0.329900000000000027","ARCHS4 Coexpression,0.3299","ZNF273,GSDMA,GSTO2,MOGAT3,PSPN,POLN,GTF2IRD2,LYPD5,PTGR2,NCMAP,KCNV1,CFAP69,PTGES3L,ZNF711,ZNF556","chea3","948","0.329900000000000027",NA,NA,"","2","ARCHS4--Coexpression(rank=537); GTEx--Coexpression(rank=1604)","948","0.329900000000000027","ARCHS4 Coexpression,0.3299"
"DEG_LD_SW480","949","ZNF644","0.330000000000000016","ReMap ChIP-seq,0.33","KCNG1,ZNF331,IFITM3,ALAS2,RTP3,EPAS1,SLC43A3,HTRA3,MEPCE,PDE3B,ITPR1,SECTM1,ARRB1,NOD2,C2,SPN,LYL1,ZCWPW1,ADAMTS14,DUSP10,HEY1,AP1S1,CTSB,EDARADD,RABGAP1L,UNC5A,SLC30A2,TMEM176B,MACC1,TTC7B,ACSL6,KCNK15,CHCHD10,NAV1,SYP,NR1D1,TEX19,IL1A,SLC6A6,VGF,IL1B,CD7,TCAP,CMPK2,CCDC174,RAB7B,SIGLEC6","chea3","949","0.330000000000000016",NA,NA,"","4","ReMap--ChIP-seq(rank=98); GTEx--Coexpression(rank=1020); Enrichr--Queries(rank=1318); ARCHS4--Coexpression(rank=1424)","949","0.330000000000000016","ReMap ChIP-seq,0.33"
"DEG_LD_SW480","950","FAM200B","0.330400000000000027","GTEx Coexpression,0.3304","KIRREL3,BEX4,WDR17,NYAP1,DCLK2,GRIK4,CRMP1,GDAP1,KIF5C,SLC22A17,FEZ1,CNTN1,PHACTR3,PRTFDC1,BEND6","chea3","950","0.330400000000000027",NA,NA,"","2","GTEx--Coexpression(rank=531); ARCHS4--Coexpression(rank=1466)","950","0.330400000000000027","GTEx Coexpression,0.3304"
"DEG_LD_SW480","951","FLYWCH1","0.330500000000000016","ARCHS4 Coexpression,0.3305","IGSF8,TSC22D4,NYAP1,TMC8,FAIM2,TMC6,MAPK8IP2,CPLX1,MAPK8IP1,ARHGAP45,JMJD7-PLA2G4B,GNB2,MCF2L,NLRP1,SLC12A9","chea3","951","0.330500000000000016",NA,NA,"","2","ARCHS4--Coexpression(rank=538); GTEx--Coexpression(rank=1137)","951","0.330500000000000016","ARCHS4 Coexpression,0.3305"
"DEG_LD_SW480","952","ZXDA","0.331199999999999994","Enrichr Queries,0.3312","MAML2,CEBPD,EPAS1,PELI2,NEDD9,RORA,LOXL2,AFF2,NT5E,ATXN1,PCLO,ALCAM,DUSP10,GPNMB,NFKBIZ,DMD,CADPS2,EDN1,ANXA1,BCL11A,ASNS,FBXO32,SERPINB8,TGFBR3,NBEA,UST,CNTN1,ZNF711,ATF3","chea3","952","0.331199999999999994",NA,NA,"","3","Enrichr--Queries(rank=465); ARCHS4--Coexpression(rank=1096); GTEx--Coexpression(rank=1320)","952","0.331199999999999994","Enrichr Queries,0.3312"
"DEG_LD_SW480","953","ZNF808","0.331699999999999995","GTEx Coexpression,0.3317","BEX4,NYAP1,ACSL6,DCLK2,FAIM2,ZDHHC22,MAPK8IP2,GDAP1,RIMS4,JPH3,PNMA1,KIF5C,KCNQ2,PHACTR3,CCDC174","chea3","953","0.331699999999999995",NA,NA,"","3","Enrichr--Queries(rank=507); GTEx--Coexpression(rank=533); ARCHS4--Coexpression(rank=827)","953","0.331699999999999995","GTEx Coexpression,0.3317"
"DEG_LD_SW480","954","TEAD3","0.331699999999999995","ARCHS4 Coexpression,0.3317","ZNF512B,EPAS1,DAB2IP,MRGPRF,PCOLCE,LTBP2,LOXL2,LASP1,SH3PXD2A,TRIP6,CDH11,MXRA8,ANKRD52,EPHB4,ADAMTS7","chea3","954","0.331699999999999995",NA,NA,"","3","ARCHS4--Coexpression(rank=540); GTEx--Coexpression(rank=755); Enrichr--Queries(rank=834)","954","0.331699999999999995","ARCHS4 Coexpression,0.3317"
"DEG_LD_SW480","955","IKZF3","0.332299999999999984","ARCHS4 Coexpression,0.3323","APOBEC3G,BCL11B,ANKRD44,SH2D2A,TMC8,TMC6,BTN3A2,RASGRP3,ARHGAP45,SPN,ACAP1,CD7,ORAI2,TBC1D10C,CYTIP","chea3","955","0.332299999999999984",NA,NA,"","3","ARCHS4--Coexpression(rank=541); Enrichr--Queries(rank=882); GTEx--Coexpression(rank=1229)","955","0.332299999999999984","ARCHS4 Coexpression,0.3323"
"DEG_LD_SW480","956","ZBTB47","0.332899999999999918","ARCHS4 Coexpression,0.3329","RYR1,MYH7B,TNNC1,DAB2IP,FAIM2,MAPK8IP1,MRAS,SH3PXD2A,DAAM2,MYL2,EEF1A2,CORO6,TCAP,ASB2,RBM24","chea3","956","0.332899999999999918",NA,NA,"","3","Enrichr--Queries(rank=506); ARCHS4--Coexpression(rank=542); GTEx--Coexpression(rank=735)","956","0.332899999999999918","ARCHS4 Coexpression,0.3329"
"DEG_LD_SW480","957","SOX4","0.334799999999999986","ARCHS4 Coexpression,0.3348","ABCA1,RTN1,AUTS2,BCL11B,BCL11A,HUNK,CRMP1,RND3,GDAP1,ELAVL2,TIAM2,NKAIN1,NBEA,ZNF737,NCAM1","chea3","957","0.334799999999999986",NA,NA,"","3","ARCHS4--Coexpression(rank=545); GTEx--Coexpression(rank=822); Enrichr--Queries(rank=848)","957","0.334799999999999986","ARCHS4 Coexpression,0.3348"
"DEG_LD_SW480","958","NR5A1","0.335399999999999920","ARCHS4 Coexpression,0.3354","ZNF512B,RNF43,COL27A1,CCM2L,ASPSCR1,DHRS2,C2,TGFBR3,GJB1,HYAL1,IL1RAPL1,ALB,SELENOP,SLC16A9,NOTUM","chea3","958","0.335399999999999920",NA,NA,"","3","ARCHS4--Coexpression(rank=546); GTEx--Coexpression(rank=655); Enrichr--Queries(rank=1060)","958","0.335399999999999920","ARCHS4 Coexpression,0.3354"
"DEG_LD_SW480","959","PITX1","0.335500000000000020","Enrichr Queries,0.3355","CEBPD,EPAS1,LOXL2,SIX2,SPOCK1,TFAP2A,EGLN3,EDN1,EGR3,ANXA1,VDR,BCL11A,IRX3,DKK1,SERPINB8,ACTA2,ALDH1A3,COL2A1,SLPI,LHX2,KIF26B,KCNMA1,EEF1A2,COL5A2,CDH11,CNTN1,PPARG,TGFBI,ATF3","chea3","959","0.335500000000000020",NA,NA,"","3","Enrichr--Queries(rank=471); GTEx--Coexpression(rank=879); ARCHS4--Coexpression(rank=1211)","959","0.335500000000000020","Enrichr Queries,0.3355"
"DEG_LD_SW480","960","ZNF529","0.336000000000000021","ARCHS4 Coexpression,0.336","ZNF273,GSTO2,MOGAT3,PSPN,GTF2IRD2,TTC7B,PTGR2,GDAP1,KCNV1,LASP1,GNB2,CFAP69,PTGES3L,ZNF556,FGF13","chea3","960","0.336000000000000021",NA,NA,"","3","ARCHS4--Coexpression(rank=547); GTEx--Coexpression(rank=592); Enrichr--Queries(rank=1045)","960","0.336000000000000021","ARCHS4 Coexpression,0.336"
"DEG_LD_SW480","961","USF2","0.336699999999999999","ReMap ChIP-seq,0.3367","ZNF512B,ACHE,POP7,MCM7,MEPCE,ODC1,SLC43A1,SECTM1,KRT86,HOXC11,UFSP1,GNA13,LYL1,ZCWPW1,LASP1,DBP,AP1S1,UPP1,TNS4,PRR22,CTSB,HES7,PLEKHG4,CCDC116,ASPSCR1,TMC8,ENTPD8,KCNK15,TMC6,NR1D1,ARHGAP45,ISG20,MBLAC1,VGF,CLDN15,GNB2,KCNQ2,CD7,TRIP6,ORAI2,SSPN,COL8A2,FSCN2,S100A3,NOTUM,CAMK1,ASB2","chea3","961","0.336699999999999999",NA,NA,"","5","ENCODE--ChIP-seq(rank=58); ReMap--ChIP-seq(rank=100); GTEx--Coexpression(rank=728); ARCHS4--Coexpression(rank=1265); Enrichr--Queries(rank=1277)","961","0.336699999999999999","ReMap ChIP-seq,0.3367"
"DEG_LD_SW480","962","RFX2","0.336899999999999922","Enrichr Queries,0.3369","IFITM3,CD82,CEBPD,EPAS1,ITPR1,MGST1,NEDD9,FBLN1,LOXL2,NT5E,SH3PXD2A,NFKBIZ,GRB10,UPP1,CKB,ABCA1,NAPSA,EGR3,ANXA1,NAV1,HSPG2,SERPINB8,PGF,ACTA2,TGFBR3,SLC6A6,KCNMA1,TGFBI,ATF3","chea3","962","0.336899999999999922",NA,NA,"","4","ReMap--ChIP-seq(rank=108); Enrichr--Queries(rank=473); ARCHS4--Coexpression(rank=837); GTEx--Coexpression(rank=1448)","962","0.336899999999999922","Enrichr Queries,0.3369"
"DEG_LD_SW480","963","HOXB9","0.337299999999999989","GTEx Coexpression,0.3373","MOGAT3,VDR,USH1C,ENTPD8,ACSL5,PRR5L,KCNA6,ABO,SLC9A2,GPA33,PRR15,LGALS9,GAL3ST2,TSPAN1,TRPM6","chea3","963","0.337299999999999989",NA,NA,"","3","GTEx--Coexpression(rank=542); Enrichr--Queries(rank=556); ARCHS4--Coexpression(rank=935)","963","0.337299999999999989","GTEx Coexpression,0.3373"
"DEG_LD_SW480","964","ZNF705D","0.337600000000000011","Enrichr Queries,0.3376","FCGBP,ANXA8L1,DLX3,RORA,LOXL2,PKHD1,RFPL4A,PCLO,HYAL1,NAMPT,DMD,ANXA8,CTSB,CADPS2,EDN1,ZNF680,EGR3,BCL11A,ASNS,FAM86B1,WDR72,SERPINB8,PGF,SEM1,GPRIN2,KIF26B,PPARG,ZNF117,ZNF596","chea3","964","0.337600000000000011",NA,NA,"","3","Enrichr--Queries(rank=474); ARCHS4--Coexpression(rank=1562); GTEx--Coexpression(rank=1574)","964","0.337600000000000011","Enrichr Queries,0.3376"
"DEG_LD_SW480","965","ZNF287","0.337799999999999989","ARCHS4 Coexpression,0.3378","BEX4,ERO1B,ISCA2,CCDC116,ZC4H2,CRMP1,MSMO1,GDAP1,TMEM60,LASP1,PNMA1,FEZ1,ZNF737,DZIP3,PRTFDC1","chea3","965","0.337799999999999989",NA,NA,"","3","ARCHS4--Coexpression(rank=550); Enrichr--Queries(rank=614); GTEx--Coexpression(rank=1303)","965","0.337799999999999989","ARCHS4 Coexpression,0.3378"
"DEG_LD_SW480","966","LBX2","0.339000000000000024","Enrichr Queries,0.339","DLX3,DLX4,CEBPD,EPAS1,SHOX2,DYSF,HOXD11,HOXD10,LOXL2,SHE,LYL1,HEY1,NGFR,CADPS2,EGR3,VDR,MOCOS,F2R,EBF3,SERPINB8,PGF,ISG20,ALDH1A3,VGF,LHX2,MXRA8,PPARG,TGFBI,ATF3","chea3","966","0.339000000000000024",NA,NA,"","3","Enrichr--Queries(rank=476); ARCHS4--Coexpression(rank=584); GTEx--Coexpression(rank=897)","966","0.339000000000000024","Enrichr Queries,0.339"
"DEG_LD_SW480","967","ZNF276","0.339700000000000002","ARCHS4 Coexpression,0.3397","SELPLG,ITGB2,TMC8,SECTM1,TMC6,ARHGAP45,LFNG,ACAP1,RASSF2,MYO15B,CD7,TBC1D10C,NLRP1,PLCB2,SLC12A9","chea3","967","0.339700000000000002",NA,NA,"","3","ARCHS4--Coexpression(rank=553); GTEx--Coexpression(rank=738); Enrichr--Queries(rank=1133)","967","0.339700000000000002","ARCHS4 Coexpression,0.3397"
"DEG_LD_SW480","968","ZNF165","0.339700000000000002","Enrichr Queries,0.3397","CEBPD,IFI6,NEDD9,MSMO1,CLDN1,RND3,HERC5,DUSP10,NAMPT,NFKBIZ,UPP1,MPZL2,EDN1,EGR3,ANXA1,HMGCS1,ASNS,DKK1,SERPINB8,TM4SF1,EREG,ISG20,ALDH1A3,NR4A3,SLPI,OAS1,IL1B,CNTN1,ATF3","chea3","968","0.339700000000000002",NA,NA,"","4","ReMap--ChIP-seq(rank=182); Enrichr--Queries(rank=477); ARCHS4--Coexpression(rank=831); GTEx--Coexpression(rank=1532)","968","0.339700000000000002","Enrichr Queries,0.3397"
"DEG_LD_SW480","969","NKX32","0.340399999999999980","GTEx Coexpression,0.3404","ARRDC4,TSHZ3,ZC4H2,PRUNE2,PDE3B,MRGPRF,LRRC3,AFAP1,HOXD13,HOXD11,EML1,SH3BGRL,KCNMA1,RBPMS2,TRMT61A","chea3","969","0.340399999999999980",NA,NA,"","2","GTEx--Coexpression(rank=547); ARCHS4--Coexpression(rank=840)","969","0.340399999999999980","GTEx Coexpression,0.3404"
"DEG_LD_SW480","970","SPIC","0.340500000000000025","Enrichr Queries,0.3405","IFITM3,IFITM1,PTAFR,ITGB2,PLEK,F13A1,GPNMB,CASP4,NFKBIZ,OLR1,UPP1,CKB,SLC15A3,ABCA1,CD74,NAPSA,ANXA1,IGF1,SERPINB8,BATF,ISG20,IL1A,CD4,SLPI,IL1B,CMPK2,PPARG,TGFBI,ATF3","chea3","970","0.340500000000000025",NA,NA,"","3","Enrichr--Queries(rank=478); GTEx--Coexpression(rank=565); ARCHS4--Coexpression(rank=1331)","970","0.340500000000000025","Enrichr Queries,0.3405"
"DEG_LD_SW480","971","ZNF655","0.341500000000000026","ARCHS4 Coexpression,0.3415","SELPLG,ANKRD44,ITGB2,TMC8,RORA,TMC6,ARHGAP45,ISG20,ACAP1,TBC1D10C,AP1S1,NLRP1,CYTIP,PLCB2,PAG1","chea3","971","0.341500000000000026",NA,NA,"","3","ARCHS4--Coexpression(rank=556); Enrichr--Queries(rank=920); GTEx--Coexpression(rank=1584)","971","0.341500000000000026","ARCHS4 Coexpression,0.3415"
"DEG_LD_SW480","972","TFDP3","0.342600000000000016","Enrichr Queries,0.3426","TENM1,SHOX2,XYLT1,RORA,LOXL2,AFF2,SOX2,DACH1,HYAL1,PLAC1,DMD,MAGEC2,SLC16A2,SPANXB1,ABCA1,TKTL1,EGLN3,EGR3,BCL11B,GABRA3,MOCOS,CADPS,IGF1,DKK1,SERPINB8,NR4A3,IL1B,FGF13,ATF3","chea3","972","0.342600000000000016",NA,NA,"","3","Enrichr--Queries(rank=481); GTEx--Coexpression(rank=831); ARCHS4--Coexpression(rank=930)","972","0.342600000000000016","Enrichr Queries,0.3426"
"DEG_LD_SW480","973","ZNF132","0.343299999999999994","Enrichr Queries,0.3433","ZNF331,TSHZ3,EPAS1,RORA,LOXL2,DUSP10,HYAL1,SPOCK1,DMD,IGFBP7,ZNF502,ZNF501,HS3ST3B1,CADPS2,EGR3,AUTS2,BCL11A,MOCOS,DKK1,SERPINB8,BST2,NBEA,KCNMA1,MXRA8,TRIM58,CDH13,ZNF610,ATF3,ZNF596","chea3","973","0.343299999999999994",NA,NA,"","3","Enrichr--Queries(rank=482); GTEx--Coexpression(rank=1100); ARCHS4--Coexpression(rank=1437)","973","0.343299999999999994","Enrichr Queries,0.3433"
"DEG_LD_SW480","974","BHLHE40","0.343399999999999983","ReMap ChIP-seq,0.3434","ZNF512B,TMEM151A,IFITM3,IFITM1,MOGAT3,MCM7,SLC43A3,MEPCE,ITGB2,SLC43A1,SECTM1,DEPP1,NAT16,SPN,LYL1,ZCWPW1,DBP,MDK,HYAL1,TBC1D10C,AP1S1,LY6G6D,BAHCC1,HES7,TSC22D4,NAPSA,CCDC116,ASPSCR1,TMC8,ENTPD8,PCOLCE,TMC6,NR1D1,TEX19,ARHGAP45,ISG20,MBLAC1,ACAP1,MC1R,VGF,FASN,EEF1A2,CD7,ORAI2,FSCN2,NOTUM,ASB2","chea3","974","0.343399999999999983",NA,NA,"","4","ENCODE--ChIP-seq(rank=74); ReMap--ChIP-seq(rank=102); GTEx--Coexpression(rank=647); ARCHS4--Coexpression(rank=1014)","974","0.343399999999999983","ReMap ChIP-seq,0.3434"
"DEG_LD_SW480","975","ZNF493","0.343500000000000028","GTEx Coexpression,0.3435","ARHGEF33,CADPS2,TLE2,COL27A1,CARMIL3,STXBP1,DAB2IP,ADAM11,XKR7,TIAM1,MMP24,PCLO,KIAA1614,MCF2L,FAT2","chea3","975","0.343500000000000028",NA,NA,"","3","GTEx--Coexpression(rank=552); Enrichr--Queries(rank=695); ARCHS4--Coexpression(rank=811)","975","0.343500000000000028","GTEx Coexpression,0.3435"
"DEG_LD_SW480","976","ATF1","0.343999999999999917","ARCHS4 Coexpression,0.344","NYAP1,STXBP1,DAB2IP,DCLK2,CRMP1,MAPK8IP2,MAPK8IP1,KIF5C,FEZ1,MCF2L,KCNQ2,ERH,NCAM1,APBB1,ARL8B","chea3","976","0.343999999999999917",NA,NA,"","5","ENCODE--ChIP-seq(rank=101); ReMap--ChIP-seq(rank=190); ARCHS4--Coexpression(rank=560); GTEx--Coexpression(rank=1344); Enrichr--Queries(rank=1346)","976","0.343999999999999917","ARCHS4 Coexpression,0.344"
"DEG_LD_SW480","977","HESX1","0.343999999999999917","Enrichr Queries,0.344","IFITM3,IFITM1,IFI6,HERC5,SOX2,HEY1,PTPRZ1,SALL4,NAMPT,NFKBIZ,FBXO6,UPP1,CNMD,CD74,CADPS2,RABGAP1L,EDN1,ANXA1,BCL11A,MOCOS,DKK1,BST2,ISG20,IFI27,OAS1,CMPK2,PPARG,FGF13,ATF3","chea3","977","0.343999999999999917",NA,NA,"","3","Enrichr--Queries(rank=483); ARCHS4--Coexpression(rank=948); GTEx--Coexpression(rank=1433)","977","0.343999999999999917","Enrichr Queries,0.344"
"DEG_LD_SW480","978","ZNF671","0.344700000000000006","GTEx Coexpression,0.3447","TENM1,CADPS2,TLE2,CARMIL3,PSPN,ADAM11,AP3B2,XKR7,TIAM1,MMP24,PCLO,MCF2L,ORAI2,NUDT17,TMEM229B","chea3","978","0.344700000000000006",NA,NA,"","3","GTEx--Coexpression(rank=554); Enrichr--Queries(rank=623); ARCHS4--Coexpression(rank=1219)","978","0.344700000000000006","GTEx Coexpression,0.3447"
"DEG_LD_SW480","979","SOX12","0.345200000000000007","ARCHS4 Coexpression,0.3452","ZNF512B,CNTFR,AUTS2,CRMP1,PDAP1,SOX2,NKAIN1,VANGL2,KIF26A,KIF5C,LHX2,FASN,GPC2,CACNG4,ADAMTS7","chea3","979","0.345200000000000007",NA,NA,"","3","ARCHS4--Coexpression(rank=562); Enrichr--Queries(rank=945); GTEx--Coexpression(rank=1355)","979","0.345200000000000007","ARCHS4 Coexpression,0.3452"
"DEG_LD_SW480","980","ZHX2","0.345399999999999985","GTEx Coexpression,0.3454","RYR1,TNNC1,MITF,SPTB,KLF15,SLC7A2,CACNG6,MYL2,PTGES3L,SSPN,DMD,PRKCQ,ASB2,GTF2IRD2B,RBM24","chea3","980","0.345399999999999985",NA,NA,"","4","ReMap--ChIP-seq(rank=232); Enrichr--Queries(rank=525); GTEx--Coexpression(rank=555); ARCHS4--Coexpression(rank=1230)","980","0.345399999999999985","GTEx Coexpression,0.3454"
"DEG_LD_SW480","981","ZNF705A","0.346200000000000008","Enrichr Queries,0.3462","IFITM3,SELPLG,PLEK,MGST1,F13A1,C2,GPNMB,OLFML3,NFKBIZ,PDK4,LBP,SLC15A3,CD74,CADPS2,VWF,TMEM176B,MOCOS,IGF1,SERPINB8,IL1A,DAB2,FCGR2A,SLPI,OAS1,IL1B,SELENOP,TGFBI,ATF3","chea3","981","0.346200000000000008",NA,NA,"","3","Enrichr--Queries(rank=486); GTEx--Coexpression(rank=1110); ARCHS4--Coexpression(rank=1483)","981","0.346200000000000008","Enrichr Queries,0.3462"
"DEG_LD_SW480","982","ZNF219","0.346399999999999986","ARCHS4 Coexpression,0.3464","ZNF512B,CNTFR,COL26A1,DAB2IP,CHCHD10,SOX2,KIF26A,FASN,WNK2,TRIP6,RBPMS2,GYG2,EPHB4,ADAMTS7,NECTIN1","chea3","982","0.346399999999999986",NA,NA,"","3","ARCHS4--Coexpression(rank=564); GTEx--Coexpression(rank=645); Enrichr--Queries(rank=718)","982","0.346399999999999986","ARCHS4 Coexpression,0.3464"
"DEG_LD_SW480","983","USF1","0.346600000000000019","GTEx Coexpression,0.3466","MPP1,SELPLG,GMFG,ITGB2,TMC8,SECTM1,ARHGAP45,ISG20,ACAP1,FES,GRAP2,TBC1D10C,SLC15A3,PLCB2,SLC12A9","chea3","983","0.346600000000000019",NA,NA,"","5","ENCODE--ChIP-seq(rank=61); ReMap--ChIP-seq(rank=139); GTEx--Coexpression(rank=557); ARCHS4--Coexpression(rank=918); Enrichr--Queries(rank=1310)","983","0.346600000000000019","GTEx Coexpression,0.3466"
"DEG_LD_SW480","984","ISL2","0.346899999999999986","Enrichr Queries,0.3469","CEBPD,SHOX2,HOXD13,HOXD11,HOXD10,LOXL2,LFNG,SOX2,HEY1,SIX2,GRB10,ABCA1,TFAP2A,HS3ST3B1,NGFR,CADPS2,EGLN3,EGR3,BCL11B,BCL11A,IRX3,MOCOS,EBF3,SERPINB8,NR4A3,LHX2,KCNMA1,ATF3","chea3","984","0.346899999999999986",NA,NA,"","3","Enrichr--Queries(rank=487); GTEx--Coexpression(rank=810); ARCHS4--Coexpression(rank=973)","984","0.346899999999999986","Enrichr Queries,0.3469"
"DEG_LD_SW480","985","RFX5","0.347499999999999920","ENCODE ChIP-seq,0.3475","ISCA2,ZNF273,LRRC10B,NXPH4,AKAP6,NAT16,DUSP10,CAMKV,ZNF429,PDGFC,DSE,AP1S1,ZNF107,CRYM,GTF2IRD2B,LMCD1,CA13,ARRDC4,CD74,RPS6KL1,ZNF680,SYT1,HMGCS1,GTF2IRD2,RAB39A,BTN3A2,PTPN13,TPST1,ZNF92,IFI27,CPS1,NPC2,FASN,ZNF737,CAT,ZNF556","chea3","985","0.347499999999999920",NA,NA,"","5","ENCODE--ChIP-seq(rank=41); ReMap--ChIP-seq(rank=262); Enrichr--Queries(rank=1132); GTEx--Coexpression(rank=1177); ARCHS4--Coexpression(rank=1538)","985","0.347499999999999920","ENCODE ChIP-seq,0.3475"
"DEG_LD_SW480","986","NR1I2","0.347600000000000020","Literature ChIP-seq,0.3476","TENM1,NLGN1,PHLPP1,SLC43A3,DYSF,ITPR1,NEDD9,CBLC,RORA,KIF12,DTX4,EFNA5,CLDN1,ACOXL,DUSP10,EGFLAM,ABLIM3,SH3PXD2A,MPZ,TTPA,PDK4,ST3GAL5,PTGDS,LMCD1,PAG1,DRD4,HES7,COL27A1,PSPN,EBF3,NPNT,DKK4,CD4,GJB1,PDE10A,CPS1,DNAJC30,FASN,COL5A3,MXRA8,PNPLA3,ROR1","chea3","986","0.347600000000000020",NA,NA,"","4","Literature--ChIP-seq(rank=57); ARCHS4--Coexpression(rank=597); GTEx--Coexpression(rank=634); Enrichr--Queries(rank=900)","986","0.347600000000000020","Literature ChIP-seq,0.3476"
"DEG_LD_SW480","987","ZNF547","0.349700000000000011","GTEx Coexpression,0.3497","TLE2,CARMIL3,PSPN,STXBP1,ADAM11,NMNAT2,AP3B2,NKAIN1,XKR7,TIAM1,FAM200A,MMP24,PCLO,MCF2L,SPOCK1","chea3","987","0.349700000000000011",NA,NA,"","3","GTEx--Coexpression(rank=562); Enrichr--Queries(rank=1049); ARCHS4--Coexpression(rank=1442)","987","0.349700000000000011","GTEx Coexpression,0.3497"
"DEG_LD_SW480","988","CUX1","0.350200000000000011","ReMap ChIP-seq,0.3502","ZNF512B,TMEM151A,TEDC1,MCM7,MEPCE,ODC1,SECTM1,FURIN,ZCWPW1,TGFBR3L,LASP1,ATXN1,DBP,HYAL1,SALL4,AP1S1,ZNF469,GAL3ST2,LY6G6D,BAHCC1,HES7,PRKCG,CCDC116,GREB1,ASPSCR1,TMC8,ENTPD8,TMC6,NR1D1,DHRS2,TEX19,ARHGAP45,ISG20,MBLAC1,MC1R,MYO15B,TFR2,FASN,EEF1A2,CD7,PTGES3L,TCAP,FSCN2,NOTUM,AGXT,GPRC5C","chea3","988","0.350200000000000011",NA,NA,"","6","ENCODE--ChIP-seq(rank=83); ReMap--ChIP-seq(rank=104); Literature--ChIP-seq(rank=143); GTEx--Coexpression(rank=638); ARCHS4--Coexpression(rank=843); Enrichr--Queries(rank=1104)","988","0.350200000000000011","ReMap ChIP-seq,0.3502"
"DEG_LD_SW480","989","PAX2","0.350399999999999989","Enrichr Queries,0.3504","EPAS1,SHOX2,CRMP1,RORA,LRP2,EFNA5,LOXL2,SOX2,SIX2,NCAM1,TFAP2A,HS3ST3B1,NGFR,CADPS2,EGR3,UNC5A,BCL11B,BCL11A,IRX3,ESRRB,EBF3,OLFM1,COL2A1,KIF26A,LHX2,KIF26B,KCNMA1,ATF3","chea3","989","0.350399999999999989",NA,NA,"","3","Enrichr--Queries(rank=492); ARCHS4--Coexpression(rank=661); GTEx--Coexpression(rank=880)","989","0.350399999999999989","Enrichr Queries,0.3504"
"DEG_LD_SW480","990","ARID3A","0.350999999999999979","GTEx Coexpression,0.351","SELPLG,APOBEC3G,GMFG,ANKRD44,PTAFR,ITGB2,PLEK,BATF,ARHGAP45,SPN,ISG20,ACAP1,GRAP2,RUBCNL,CYTIP","chea3","990","0.350999999999999979",NA,NA,"","5","ENCODE--ChIP-seq(rank=87); ReMap--ChIP-seq(rank=277); GTEx--Coexpression(rank=564); Enrichr--Queries(rank=857); ARCHS4--Coexpression(rank=1471)","990","0.350999999999999979","GTEx Coexpression,0.351"
"DEG_LD_SW480","991","GTF2IRD1","0.351399999999999990","ARCHS4 Coexpression,0.3514","PSPN,GTF2IRD2,ITGB2,TMC8,ARPC4,LYPD5,ARHGAP45,IFT22,RASSF2,GATAD1,TBC1D10C,LGALS9,ZNF556,PLCB2,TLR4","chea3","991","0.351399999999999990",NA,NA,"","2","ARCHS4--Coexpression(rank=572); GTEx--Coexpression(rank=1032)","991","0.351399999999999990","ARCHS4 Coexpression,0.3514"
"DEG_LD_SW480","992","ZBTB42","0.351999999999999980","ARCHS4 Coexpression,0.352","ZNF512B,IRX3,MEPCE,GREB1,DLST,SLC9A2,MLPH,FASN,GNB2,EEF1A2,AP1S1,SPTSSB,ANKRD52,EPHB4,CACNG4","chea3","992","0.351999999999999980",NA,NA,"","2","ARCHS4--Coexpression(rank=573); GTEx--Coexpression(rank=1151)","992","0.351999999999999980","ARCHS4 Coexpression,0.352"
"DEG_LD_SW480","993","ZBTB16","0.352600000000000025","ARCHS4 Coexpression,0.3526","RYR1,MYH7B,TNNC1,TTC7B,FBXO32,LASP1,CFAP69,CORO6,TCAP,DMD,ERH,TLN2,ASB2,GTF2IRD2B,RBM24","chea3","993","0.352600000000000025",NA,NA,"","4","ReMap--ChIP-seq(rank=249); Enrichr--Queries(rank=497); ARCHS4--Coexpression(rank=574); GTEx--Coexpression(rank=673)","993","0.352600000000000025","ARCHS4 Coexpression,0.3526"
"DEG_LD_SW480","994","ZNF91","0.352800000000000002","GTEx Coexpression,0.3528","ARHGEF33,CARMIL3,STXBP1,DAB2IP,ADAM11,NMNAT2,XKR7,TIAM1,MMP24,PCLO,NBEA,VPS50,MCF2L,FAT2,BSN","chea3","994","0.352800000000000002",NA,NA,"","3","GTEx--Coexpression(rank=567); ARCHS4--Coexpression(rank=621); Enrichr--Queries(rank=644)","994","0.352800000000000002","GTEx Coexpression,0.3528"
"DEG_LD_SW480","995","MIXL1","0.353300000000000003","Enrichr Queries,0.3533","EPAS1,SHOX2,RORA,LOXL2,SOX2,JPH3,DUSP10,EGFLAM,CADPS2,EGLN3,EDN1,EGR3,PRRX1,BCL11B,IRX3,MOCOS,EBF3,DKK1,SERPINB8,GAL,COL2A1,NR4A3,LHX2,KIF26B,EEF1A2,CDH11,GPRC5C,ATF3","chea3","995","0.353300000000000003",NA,NA,"","3","Enrichr--Queries(rank=496); GTEx--Coexpression(rank=1418); ARCHS4--Coexpression(rank=1486)","995","0.353300000000000003","Enrichr Queries,0.3533"
"DEG_LD_SW480","996","HSF1","0.353499999999999981","ReMap ChIP-seq,0.3535","ZNF512B,TMEM151A,TEDC1,CCDC187,MOGAT3,MCM7,NXPH4,MEPCE,ITGB2,PLOD3,SECTM1,CYGB,NAT16,LMF1,LFNG,LYL1,ZCWPW1,TGFBR3L,DBP,TBC1D10C,AP1S1,ZNF469,PTGDS,BAHCC1,SH2B2,HES7,SIVA1,TNFRSF18,ASPSCR1,ENTPD8,PCOLCE,TEX19,BAIAP3,ARHGAP45,MBLAC1,ACAP1,VGF,MYO15B,CLDN15,DNAJC30,FASN,CD7,TRIP6,PSMG3,MXRA8,NOTUM","chea3","996","0.353499999999999981",NA,NA,"","5","ENCODE--ChIP-seq(rank=66); ReMap--ChIP-seq(rank=105); Literature--ChIP-seq(rank=149); GTEx--Coexpression(rank=1496); ARCHS4--Coexpression(rank=1513)","996","0.353499999999999981","ReMap ChIP-seq,0.3535"
"DEG_LD_SW480","997","VENTX","0.354700000000000015","Enrichr Queries,0.3547","IFITM3,IFITM1,CEBPD,PTAFR,ITGB2,DYSF,SECTM1,HERC5,SOX2,GNG4,OLFML3,SALL4,CKB,SLC15A3,ABCA1,EGR3,BCL11A,EBF3,RNASE1,BST2,FCGR2A,GAL,KIF26A,FES,IL1B,EEF1A2,PPARG,TGFBI","chea3","997","0.354700000000000015",NA,NA,"","3","Enrichr--Queries(rank=498); GTEx--Coexpression(rank=809); ARCHS4--Coexpression(rank=980)","997","0.354700000000000015","Enrichr Queries,0.3547"
"DEG_LD_SW480","998","TCF15","0.355300000000000005","GTEx Coexpression,0.3553","MYH7B,AFAP1L1,HTRA3,TNNC1,CHCHD10,GRIP2,CYGB,FRMD3,EGFLAM,ABLIM3,KIF26A,MYL2,PTGES3L,TCAP","chea3","998","0.355300000000000005",NA,NA,"","3","GTEx--Coexpression(rank=571); Enrichr--Queries(rank=581); ARCHS4--Coexpression(rank=850)","998","0.355300000000000005","GTEx Coexpression,0.3553"
"DEG_LD_SW480","999","ZNF384","0.355899999999999994","ENCODE ChIP-seq,0.3559","CCDC71L,ABCD4,POP7,ANKRD33B,MOGAT3,PDE3B,DYSF,RORA,CSAG1,DUSP10,GATAD1,NAMPT,LEPR,BCAP29,AP1S1,MTERF1,NUDT17,UPP1,TNS4,PRKCG,RNF43,TSC22D4,SEC13,CCDC116,MRPS24,MITF,EREG,MAPK8IP1,TPST1,DNAJC2,ZNF92,VGF,CAT,ZNF239,STEAP1,PIGH,ARL8B,HS3ST3A1,PRKRIP1,SH2D2A,PON2,MEPCE,ABO,BICRA,GJC3,ATXN1,PNMA1,ABLIM3,VPS50,PERP,DPH3,ST3GAL5,ZNF107,METTL6,GABRE,MPP1,SIVA1,OSBPL5,CARD6,ASPSCR1,GNG11,QKI,SLC16A14,MYO1D,SEM1,FAM200A,FAM167A,EIF5,ARMC10,ADCK1,FASN,TBCE,BET1","chea3","999","0.355899999999999994",NA,NA,"","5","ENCODE--ChIP-seq(rank=42); ReMap--ChIP-seq(rank=117); GTEx--Coexpression(rank=758); Enrichr--Queries(rank=1386); ARCHS4--Coexpression(rank=1514)","999","0.355899999999999994","ENCODE ChIP-seq,0.3559"
"DEG_LD_SW480","1000","ZNF90","0.356100000000000028","Enrichr Queries,0.3561","IFITM1,ZNF273,MCM7,SLAIN1,AK5,ELAVL2,HERC5,SOX2,PTPRZ1,KIF5C,GNG4,ZNF429,SALL4,RBPMS2,ZNF107,CNMD,ZNF486,ZNF681,ZNF680,ADGRV1,ANXA1,BCL11A,GREB1,TET1,SERPINB8,ZNF93,ZNF737,ZNF114","chea3","1000","0.356100000000000028",NA,NA,"","3","Enrichr--Queries(rank=500); GTEx--Coexpression(rank=757); ARCHS4--Coexpression(rank=1094)","1000","0.356100000000000028","Enrichr Queries,0.3561"
"DEG_LD_SW480","1001","ARID3B","0.357499999999999984","ARCHS4 Coexpression,0.3575","COL26A1,TET1,KLHDC7A,DKK3,SOX2,NKAIN1,NT5E,VANGL2,ALCAM,MDK,KIF26A,SALL4,RBPMS2,ROR1,CNMD","chea3","1001","0.357499999999999984",NA,NA,"","2","ARCHS4--Coexpression(rank=582); GTEx--Coexpression(rank=759)","1001","0.357499999999999984","ARCHS4 Coexpression,0.3575"
"DEG_LD_SW480","1002","ZNF672","0.357800000000000007","GTEx Coexpression,0.3578","TNNC1,CHCHD10,SPTB,CACNG6,ADCK1,PTGES3L,TCAP,FBXO6,PRKCQ,ASB2,RBM24,POLR2J,SH2B2,MAP2K6","chea3","1002","0.357800000000000007",NA,NA,"","3","GTEx--Coexpression(rank=575); ARCHS4--Coexpression(rank=937); Enrichr--Queries(rank=1077)","1002","0.357800000000000007","GTEx Coexpression,0.3578"
"DEG_LD_SW480","1003","FOXA3","0.358099999999999918","ARCHS4 Coexpression,0.3581","CPB2,TMEM176B,USH1C,ENTPD8,CBLC,C2,GJB1,TFR2,GPA33,HYAL1,ALB,SELENOP,PRR15,AGXT,GPRC5C","chea3","1003","0.358099999999999918",NA,NA,"","3","ARCHS4--Coexpression(rank=583); Enrichr--Queries(rank=908); GTEx--Coexpression(rank=1249)","1003","0.358099999999999918","ARCHS4 Coexpression,0.3581"
"DEG_LD_SW480","1004","ZNF556","0.358999999999999986","Enrichr Queries,0.359","CPM,EPAS1,ABLIM3,HYAL1,ADAMTS17,OLR1,DMD,TNS4,ABCA1,CADPS2,EDN1,UNC13A,BCL11B,MOCOS,F2R,KIAA1549L,TET1,NAV1,IGF1,NMNAT2,SERPINB8,DHRS2,SGO1,TGFBR3,NBEA,KCNMA1,TRIM58,CHST3","chea3","1004","0.358999999999999986",NA,NA,"","3","Enrichr--Queries(rank=504); ARCHS4--Coexpression(rank=601); GTEx--Coexpression(rank=1253)","1004","0.358999999999999986","Enrichr Queries,0.359"
"DEG_LD_SW480","1005","ZBTB9","0.359700000000000020","GTEx Coexpression,0.3597","CDRT4,SEC13,GSTO2,TMEM63C,MSI1,BAIAP3,SLC4A8,FAM200A,NAALAD2,CLBA1,ZP1,NLRP1,DZIP3,CHGB","chea3","1005","0.359700000000000020",NA,NA,"","3","GTEx--Coexpression(rank=578); Enrichr--Queries(rank=1271); ARCHS4--Coexpression(rank=1512)","1005","0.359700000000000020","GTEx Coexpression,0.3597"
"DEG_LD_SW480","1006","ZNF589","0.360300000000000009","ReMap ChIP-seq,0.3603","KCNG1,ZNF331,IFITM3,IFITM1,SELPLG,CD82,MEPCE,PLEK,TSHZ2,PDE3B,SECTM1,NEDD9,STON2,SPN,ZCWPW1,ADAMTS14,LASP1,DUSP10,ABLIM3,AP1S1,CTSB,TFAP2A,RABGAP1L,ANXA1,SLC30A2,MACC1,TTC7B,ACSL6,SYP,NR1D1,HPCAL4,BATF,MYO1D,IL1A,SLC6A6,PTPRB,EIF5,SNORC,MLPH,VGF,FASN,CD7,ORAI2,CCDC174,SIGLEC6","chea3","1006","0.360300000000000009",NA,NA,"","4","ReMap--ChIP-seq(rank=107); GTEx--Coexpression(rank=1086); ARCHS4--Coexpression(rank=1108); Enrichr--Queries(rank=1119)","1006","0.360300000000000009","ReMap ChIP-seq,0.3603"
"DEG_LD_SW480","1007","L3MBTL3","0.360899999999999999","GTEx Coexpression,0.3609","IFITM1,ANKRD44,PTGER2,CARD6,BTN3A2,ARHGAP45,BST2,DAB2,ACAP1,FES,WNK2,TBC1D10C,CKB,TLR4","chea3","1007","0.360899999999999999",NA,NA,"","2","GTEx--Coexpression(rank=580); ARCHS4--Coexpression(rank=1412)","1007","0.360899999999999999","GTEx Coexpression,0.3609"
"DEG_LD_SW480","1008","CCDC17","0.361200000000000021","ARCHS4 Coexpression,0.3612","CCDC187,DNAH10,MUC16,LRRC10B,WFDC2,BAIAP3,CACNG6,ALCAM,CYP4X1,SLPI,TRPV4,PRR15,EFHB,TSPAN1,CFAP45","chea3","1008","0.361200000000000021",NA,NA,"","2","ARCHS4--Coexpression(rank=588); GTEx--Coexpression(rank=1179)","1008","0.361200000000000021","ARCHS4 Coexpression,0.3612"
"DEG_LD_SW480","1009","ZNF664","0.361499999999999988","GTEx Coexpression,0.3615","TMEM151A,TSC22D4,KCNJ10,KCNK10,LDLRAD4,SLAIN1,QKI,TMEM144,DAAM2,CHADL,FEZ1,PHACTR3,PRTFDC1,VTI1B","chea3","1009","0.361499999999999988",NA,NA,"","3","GTEx--Coexpression(rank=581); Enrichr--Queries(rank=1261); ARCHS4--Coexpression(rank=1282)","1009","0.361499999999999988","GTEx Coexpression,0.3615"
"DEG_LD_SW480","1010","PHF21A","0.361800000000000010","ARCHS4 Coexpression,0.3618","RERE,PTAFR,ITGB2,DYSF,TMC8,SECTM1,ARHGAP45,LFNG,SLC6A6,RASSF2,NAMPT,NLRP1,PLCB2,TLR4,SLC12A9","chea3","1010","0.361800000000000010",NA,NA,"","3","ARCHS4--Coexpression(rank=589); GTEx--Coexpression(rank=692); Enrichr--Queries(rank=1189)","1010","0.361800000000000010","ARCHS4 Coexpression,0.3618"
"DEG_LD_SW480","1011","ZBTB34","0.362400000000000000","ARCHS4 Coexpression,0.3624","KCNE3,PTAFR,ITGB2,DYSF,F13A1,ARHGAP45,SLC6A6,OGFRL1,RASSF2,GRAP2,NAMPT,TRIM58,PLCB2,TLR4,MFAP3L","chea3","1011","0.362400000000000000",NA,NA,"","3","ARCHS4--Coexpression(rank=590); Enrichr--Queries(rank=1012); GTEx--Coexpression(rank=1080)","1011","0.362400000000000000","ARCHS4 Coexpression,0.3624"
"DEG_LD_SW480","1012","GSC2","0.362800000000000011","GTEx Coexpression,0.3628","POMT2,PLEKHG4,TKTL1,FRMPD1,ACTL8,TEX19,STK31,HERC5,ZCWPW1,TDRD12,PRAME,ZNF711,MAGEC2,MAGEB6","chea3","1012","0.362800000000000011",NA,NA,"","3","GTEx--Coexpression(rank=583); Enrichr--Queries(rank=679); ARCHS4--Coexpression(rank=1527)","1012","0.362800000000000011","GTEx Coexpression,0.3628"
"DEG_LD_SW480","1013","HNF1A","0.364300000000000013","ARCHS4 Coexpression,0.3643","COL27A1,MOGAT3,CD82,PSPN,TMEM176B,USH1C,C2,RIPPLY3,GJB1,HYAL1,XPNPEP2,ALB,SELENOP,NOTUM,AGXT","chea3","1013","0.364300000000000013",NA,NA,"","3","ARCHS4--Coexpression(rank=593); GTEx--Coexpression(rank=876); Enrichr--Queries(rank=890)","1013","0.364300000000000013","ARCHS4 Coexpression,0.3643"
"DEG_LD_SW480","1014","ATF5","0.365499999999999992","ARCHS4 Coexpression,0.3655","CPB2,ANKRD33B,SLC43A3,FURIN,C2,GJB1,TFR2,ALB,ASPG,LGALS9,LBP,AGXT,SLC15A3,RAB7B,CTSB","chea3","1014","0.365499999999999992",NA,NA,"","3","ARCHS4--Coexpression(rank=595); Enrichr--Queries(rank=716); GTEx--Coexpression(rank=781)","1014","0.365499999999999992","ARCHS4 Coexpression,0.3655"
"DEG_LD_SW480","1015","RHOXF2","0.366099999999999981","ARCHS4 Coexpression,0.3661","MPP1,CPNE8,GALNT5,CCDC116,ESRRB,STON2,CSAG1,ABO,DNAJC2,ADAMTS14,SDHAF3,PRAME,MAGEC2,GABRE,OR2B6","chea3","1015","0.366099999999999981",NA,NA,"","3","ARCHS4--Coexpression(rank=596); Enrichr--Queries(rank=766); GTEx--Coexpression(rank=863)","1015","0.366099999999999981","ARCHS4 Coexpression,0.3661"
"DEG_LD_SW480","1016","ZBTB10","0.366499999999999992","GTEx Coexpression,0.3665","ECM2,BCL11A,RAB27B,PCDHB13,ACTA2,SESTD1,PSMG3,SSPN,COL8A2,IGFBP7,SUSD5,SMIM10,HDX,NECTIN1","chea3","1016","0.366499999999999992",NA,NA,"","3","GTEx--Coexpression(rank=589); Enrichr--Queries(rank=713); ARCHS4--Coexpression(rank=1352)","1016","0.366499999999999992","GTEx Coexpression,0.3665"
"DEG_LD_SW480","1017","FOXH1","0.367099999999999982","GTEx Coexpression,0.3671","RNF43,MOGAT3,VDR,USH1C,ENTPD8,ACSL5,ABO,SLC9A2,GPA33,PRR15,LGALS9,GAL3ST2,TSPAN1,TRPM6","chea3","1017","0.367099999999999982",NA,NA,"","3","GTEx--Coexpression(rank=590); Enrichr--Queries(rank=948); ARCHS4--Coexpression(rank=1007)","1017","0.367099999999999982","GTEx Coexpression,0.3671"
"DEG_LD_SW480","1018","PRR12","0.367800000000000016","GTEx Coexpression,0.3678","ZNF512B,TFAP2A,ZNF273,CARMIL3,TMEM63C,NXPH4,PRKRIP1,BICRA,GPRIN2,XKR7,VANGL2,DPH3,FAT2,EXPH5","chea3","1018","0.367800000000000016",NA,NA,"","3","GTEx--Coexpression(rank=591); Enrichr--Queries(rank=1081); ARCHS4--Coexpression(rank=1266)","1018","0.367800000000000016","GTEx Coexpression,0.3678"
"DEG_LD_SW480","1019","YBX2","0.369699999999999973","Enrichr Queries,0.3697","RYR1,IFITM1,EPAS1,WFDC2,LOXL2,SOX2,MDK,KIF5C,RBPMS2,CKB,MYH7B,NGFR,EGLN3,TLE2,EGR3,ANXA1,IRX3,MOCOS,SERPINB8,KLF15,PGF,BST2,VGF,FASN,EEF1A2,ALDOC,TGFBI,ATF3","chea3","1019","0.369699999999999973",NA,NA,"","3","Enrichr--Queries(rank=519); ARCHS4--Coexpression(rank=1351); GTEx--Coexpression(rank=1469)","1019","0.369699999999999973","Enrichr Queries,0.3697"
"DEG_LD_SW480","1020","ZNF727","0.369800000000000018","ARCHS4 Coexpression,0.3698","ERO1B,GSTO2,WFS1,COG5,ZDHHC22,ACTL8,SLC22A17,KCNMA1,CNTN1,SPOCK1,ALDOC,NCAM1,ANKRD52,APBA2","chea3","1020","0.369800000000000018",NA,NA,"","2","ARCHS4--Coexpression(rank=602); GTEx--Coexpression(rank=946)","1020","0.369800000000000018","ARCHS4 Coexpression,0.3698"
"DEG_LD_SW480","1021","SLC2A4RG","0.370300000000000018","GTEx Coexpression,0.3703","RTP3,SIVA1,LRRC3,GDAP1,CYP39A1,RFPL4A,AR,ACOX2,PPP1R3B,CAT,PNPLA3,NOTUM,AGXT,GTF2IRD2B","chea3","1021","0.370300000000000018",NA,NA,"","3","GTEx--Coexpression(rank=595); Enrichr--Queries(rank=1055); ARCHS4--Coexpression(rank=1065)","1021","0.370300000000000018","GTEx Coexpression,0.3703"
"DEG_LD_SW480","1022","ZNF785","0.370400000000000007","ARCHS4 Coexpression,0.3704","MOGAT3,PSPN,POLN,GTF2IRD2,FRMPD1,TTC7B,LYPD5,NCMAP,RASGRP3,IFT22,ORAI2,CFAP69,PTGES3L,ZNF556","chea3","1022","0.370400000000000007",NA,NA,"","2","ARCHS4--Coexpression(rank=603); GTEx--Coexpression(rank=1491)","1022","0.370400000000000007","ARCHS4 Coexpression,0.3704"
"DEG_LD_SW480","1023","ZNF35","0.371099999999999985","Enrichr Queries,0.3711","IFITM3,CEBPD,EPAS1,RND3,LOXL2,SOX2,MDK,OLFML3,PDGFC,GRB10,UPP1,CKB,ABCA1,CADPS2,HMGCS1,VDR,BCL11A,F2R,ASNS,SERPINB8,GNG11,PGF,TGFBR3,DAB2,COL5A2,CNTN1,TGFBI,ATF3","chea3","1023","0.371099999999999985",NA,NA,"","3","Enrichr--Queries(rank=521); ARCHS4--Coexpression(rank=1171); GTEx--Coexpression(rank=1605)","1023","0.371099999999999985","Enrichr Queries,0.3711"
"DEG_LD_SW480","1024","ZHX1","0.371499999999999997","GTEx Coexpression,0.3715","ECM1,ANXA1,UBE2E1,KRT13,TMEM40,STON2,GNAI1,SOX2,OGFRL1,PTPRZ1,RAB5A,MUC21,ARL8B,MPZL2","chea3","1024","0.371499999999999997",NA,NA,"","4","ReMap--ChIP-seq(rank=197); GTEx--Coexpression(rank=597); ARCHS4--Coexpression(rank=1105); Enrichr--Queries(rank=1105)","1024","0.371499999999999997","GTEx Coexpression,0.3715"
"DEG_LD_SW480","1025","RAG1","0.372499999999999998","Enrichr Queries,0.3725","TENM1,ITGB2,ITPR1,IL1RAP,CACNA1E,NT5E,NFKBIZ,LEPR,DMD,ABCA1,CD74,CADPS2,ANXA1,BCL11B,BCL11A,IGF1,SERPINB8,CDK6,FASN,IL1B,KIF26B,TNFSF4,CNTN1,PRKCQ,TGFBI,ATF3,TLR3,CHST3","chea3","1025","0.372499999999999998",NA,NA,"","3","Enrichr--Queries(rank=523); GTEx--Coexpression(rank=644); ARCHS4--Coexpression(rank=829)","1025","0.372499999999999998","Enrichr Queries,0.3725"
"DEG_LD_SW480","1026","HOXA10","0.372699999999999976","GTEx Coexpression,0.3727","RERE,RYR1,MITF,HOXD11,HOXD10,PRSS56,CACNG6,ZSCAN21,PTGES3L,SSPN,DMD,PRKCQ,ASB2,RBM24","chea3","1026","0.372699999999999976",NA,NA,"","3","Enrichr--Queries(rank=575); GTEx--Coexpression(rank=599); ARCHS4--Coexpression(rank=713)","1026","0.372699999999999976","GTEx Coexpression,0.3727"
"DEG_LD_SW480","1027","TRERF1","0.373199999999999976","Enrichr Queries,0.3732","RERE,EPAS1,ITPR1,NEDD9,XYLT1,RORA,EFNA5,ATXN1,ALCAM,DUSP10,SH3PXD2A,PAG1,ABCA1,AUTS2,BCL11B,BCL11A,NAV1,FBXO32,SERPINB8,TGFBR3,SLC6A6,TIAM1,CDK6,SLCO3A1,KCNMA1,ARHGEF3,TGFBI,ATF3","chea3","1027","0.373199999999999976",NA,NA,"","3","Enrichr--Queries(rank=524); ARCHS4--Coexpression(rank=644); GTEx--Coexpression(rank=1314)","1027","0.373199999999999976","Enrichr Queries,0.3732"
"DEG_LD_SW480","1028","ZBTB8A","0.374099999999999988","ARCHS4 Coexpression,0.3741","ZNF273,MOGAT3,PSPN,GTF2IRD2,FRMPD1,TTC7B,LYPD5,RASGRP3,IFT22,ARMC10,ORAI2,CFAP69,PTGES3L,ZNF556","chea3","1028","0.374099999999999988",NA,NA,"","2","ARCHS4--Coexpression(rank=609); GTEx--Coexpression(rank=816)","1028","0.374099999999999988","ARCHS4 Coexpression,0.3741"
"DEG_LD_SW480","1029","ZNF500","0.375300000000000022","ARCHS4 Coexpression,0.3753","GSTO2,MOGAT3,PSPN,POLN,GTF2IRD2,TTC7B,LYPD5,PTGR2,NCMAP,ACOXL,ORAI2,CFAP69,PTGES3L,ZNF556","chea3","1029","0.375300000000000022",NA,NA,"","3","ARCHS4--Coexpression(rank=611); GTEx--Coexpression(rank=699); Enrichr--Queries(rank=1211)","1029","0.375300000000000022","ARCHS4 Coexpression,0.3753"
"DEG_LD_SW480","1030","ZNF367","0.375900000000000012","ARCHS4 Coexpression,0.3759","ANKRD33B,MCM7,LSMEM1,MEPCE,TMEM40,F13A1,RAB27B,GNG11,FRMD3,TNFSF4,GRAP2,TRIM58,LY6G6D,MFAP3L","chea3","1030","0.375900000000000012",NA,NA,"","3","ARCHS4--Coexpression(rank=612); Enrichr--Queries(rank=1352); GTEx--Coexpression(rank=1603)","1030","0.375900000000000012","ARCHS4 Coexpression,0.3759"
"DEG_LD_SW480","1031","ZNF709","0.376099999999999990","Enrichr Queries,0.3761","ZNF331,ZNF273,SLC44A2,RORA,FMN1,TMTC1,ZNF429,LEPR,ZNF107,ZNF763,ZNF486,ZNF442,CADPS2,ZNF681,ZNF680,AUTS2,BCL11B,BCL11A,TET1,SERPINB8,ZNF92,ZNF93,PPP1R3B,ZNF737,KCNMA1,ZNF117,ZNF610,ATF3","chea3","1031","0.376099999999999990",NA,NA,"","3","Enrichr--Queries(rank=528); GTEx--Coexpression(rank=1034); ARCHS4--Coexpression(rank=1180)","1031","0.376099999999999990","Enrichr Queries,0.3761"
"DEG_LD_SW480","1032","TET1","0.377099999999999991","GTEx Coexpression,0.3771","BNC2,CLEC11A,PCOLCE,BICC1,KIAA1614,SH3PXD2A,OLFML3,MXRA8,PMP22,ZNF501,KANK4,ZNF311,MATN2,VGLL3","chea3","1032","0.377099999999999991",NA,NA,"","3","Literature--ChIP-seq(rank=90); GTEx--Coexpression(rank=606); ARCHS4--Coexpression(rank=1281)","1032","0.377099999999999991","GTEx Coexpression,0.3771"
"DEG_LD_SW480","1033","ZNF615","0.377099999999999991","ARCHS4 Coexpression,0.3771","ZNF273,ZNF680,POLN,GTF2IRD2,STON2,AR,KCNV1,LASP1,GNB2,ZNF737,CFAP69,AP1S1,ANKRD52,STEAP2","chea3","1033","0.377099999999999991",NA,NA,"","3","ARCHS4--Coexpression(rank=614); Enrichr--Queries(rank=770); GTEx--Coexpression(rank=1003)","1033","0.377099999999999991","ARCHS4 Coexpression,0.3771"
"DEG_LD_SW480","1034","ZNF431","0.379000000000000004","ARCHS4 Coexpression,0.379","ZNF273,GSTO2,MOGAT3,PSPN,GTF2IRD2,TTC7B,RASGRP3,KCNV1,ORAI2,CFAP69,PTGES3L,ZNF556,FGF13,TMEM45A","chea3","1034","0.379000000000000004",NA,NA,"","3","ARCHS4--Coexpression(rank=617); Enrichr--Queries(rank=907); GTEx--Coexpression(rank=1090)","1034","0.379000000000000004","ARCHS4 Coexpression,0.379"
"DEG_LD_SW480","1035","UBP1","0.379599999999999993","GTEx Coexpression,0.3796","PRUNE2,MRGPRF,ITPR1,AFAP1,HSPG2,ACTA2,SH3BGRL,KCNMA1,KRIT1,ROR1,ZNF655,IGSF9B,POLR2J,HDX","chea3","1035","0.379599999999999993",NA,NA,"","3","GTEx--Coexpression(rank=610); Enrichr--Queries(rank=1283); ARCHS4--Coexpression(rank=1472)","1035","0.379599999999999993","GTEx Coexpression,0.3796"
"DEG_LD_SW480","1036","ZNF728","0.379599999999999993","ARCHS4 Coexpression,0.3796","TKTL1,ZNF681,ZNF680,ITPR1,TET1,ACTL8,STK31,ZNF93,ZNF429,RBPMS2,KLRG2,ALDOC,CA8,ZNF486","chea3","1036","0.379599999999999993",NA,NA,"","2","ARCHS4--Coexpression(rank=618); GTEx--Coexpression(rank=1295)","1036","0.379599999999999993","ARCHS4 Coexpression,0.3796"
"DEG_LD_SW480","1037","GPBP1","0.380199999999999982","GTEx Coexpression,0.3802","CDKL2,POMT2,ILDR2,STK31,FAM133A,ZCWPW1,TDRD12,PRAME,ZNF711,METTL6,MAGEC2,ZNF610,PTGDS,DZIP3","chea3","1037","0.380199999999999982",NA,NA,"","2","GTEx--Coexpression(rank=611); ARCHS4--Coexpression(rank=1184)","1037","0.380199999999999982","GTEx Coexpression,0.3802"
"DEG_LD_SW480","1038","ZNF844","0.380199999999999982","ARCHS4 Coexpression,0.3802","ZNF273,MOGAT3,PSPN,GTF2IRD2,FRMPD1,TTC7B,LYPD5,PTGR2,NCMAP,RASGRP3,IFT22,CFAP69,PTGES3L,ZNF556","chea3","1038","0.380199999999999982",NA,NA,"","2","ARCHS4--Coexpression(rank=619); GTEx--Coexpression(rank=996)","1038","0.380199999999999982","ARCHS4 Coexpression,0.3802"
"DEG_LD_SW480","1039","HMX3","0.380300000000000027","Enrichr Queries,0.3803","DLX3,DLX4,EPAS1,SHOX2,RORA,HOXD13,HOXD11,HOXC11,HOXD10,LOXL2,SOX2,SIX2,FEZF1,TFAP2A,EGR3,BCL11B,BCL11A,IRX3,MOCOS,SOX14,EBF3,VGF,KIF26A,LHX2,KCNMA1,PPARG,ATF3","chea3","1039","0.380300000000000027",NA,NA,"","3","Enrichr--Queries(rank=534); ARCHS4--Coexpression(rank=1375); GTEx--Coexpression(rank=1486)","1039","0.380300000000000027","Enrichr Queries,0.3803"
"DEG_LD_SW480","1040","MYNN","0.380500000000000005","ReMap ChIP-seq,0.3805","ZNF512B,ACHE,MCM7,MEPCE,SECTM1,FURIN,UFSP1,LYL1,ZCWPW1,MDK,TBC1D10C,FBXO6,CKB,LY6G6D,BAHCC1,CFAP45,DRD4,CTSB,TSC22D4,CCDC116,PSPN,TNFRSF18,BUD31,XRCC3,TMC8,ENTPD8,PDAP1,ARPC4,PCOLCE,TMC6,PRSS33,HSPG2,BAIAP3,ARHGAP45,EIF5,MC1R,VGF,TFR2,FES,FASN,GNB2,CD7,TRIP6,MXRA8,TCAP","chea3","1040","0.380500000000000005",NA,NA,"","4","ReMap--ChIP-seq(rank=113); Enrichr--Queries(rank=1339); GTEx--Coexpression(rank=1427); ARCHS4--Coexpression(rank=1495)","1040","0.380500000000000005","ReMap ChIP-seq,0.3805"
"DEG_LD_SW480","1041","ZNF587","0.380800000000000027","ARCHS4 Coexpression,0.3808","GSTO2,MOGAT3,PSPN,GTF2IRD2,TTC7B,PTGR2,RASGRP3,KCNV1,GATAD1,ORAI2,CFAP69,ZNF556,FGF13,TMEM45A","chea3","1041","0.380800000000000027",NA,NA,"","3","ARCHS4--Coexpression(rank=620); Enrichr--Queries(rank=1295); GTEx--Coexpression(rank=1313)","1041","0.380800000000000027","ARCHS4 Coexpression,0.3808"
"DEG_LD_SW480","1042","ZNF304","0.382699999999999985","GTEx Coexpression,0.3827","CADPS2,TLE2,DAB2IP,ADAM11,FAM133B,NKAIN1,XKR7,TIAM1,MMP24,KIAA1614,NBEA,MCF2L,FAT2,ZNF502","chea3","1042","0.382699999999999985",NA,NA,"","3","GTEx--Coexpression(rank=615); Enrichr--Queries(rank=881); ARCHS4--Coexpression(rank=1539)","1042","0.382699999999999985","GTEx Coexpression,0.3827"
"DEG_LD_SW480","1043","ZNF548","0.383299999999999974","ARCHS4 Coexpression,0.3833","RPS6KL1,ZNF273,CARMIL3,DLX4,PSPN,POLN,PTGR2,RASGRP3,TIAM2,KCNV1,ZNF737,PTGES3L,ZNF556,FGF13","chea3","1043","0.383299999999999974",NA,NA,"","3","ARCHS4--Coexpression(rank=624); Enrichr--Queries(rank=1073); GTEx--Coexpression(rank=1391)","1043","0.383299999999999974","ARCHS4 Coexpression,0.3833"
"DEG_LD_SW480","1044","IRF3","0.385099999999999998","ARCHS4 Coexpression,0.3851","ITGB2,TMC8,SECTM1,TMC6,ARHGAP45,LFNG,ACAP1,MYO15B,GNB2,CD7,TBC1D10C,LGALS9,PLCB2,SLC12A9","chea3","1044","0.385099999999999998",NA,NA,"","5","ENCODE--ChIP-seq(rank=109); ReMap--ChIP-seq(rank=280); ARCHS4--Coexpression(rank=627); GTEx--Coexpression(rank=1289); Enrichr--Queries(rank=1297)","1044","0.385099999999999998","ARCHS4 Coexpression,0.3851"
"DEG_LD_SW480","1045","PTF1A","0.385299999999999976","Enrichr Queries,0.3853","RYR2,SHOX2,CRMP1,HOXD11,CACNA1E,HOXD10,LOXL2,SOX2,SIX2,GRB10,TFAP2A,CADPS2,PRRX1,BCL11B,BCL11A,ECEL1,MOCOS,SOX14,EBF3,NMNAT2,NR4A3,PDE10A,NBEA,LHX2,KCNMA1,SLC26A4,ATF3","chea3","1045","0.385299999999999976",NA,NA,"","3","Enrichr--Queries(rank=541); GTEx--Coexpression(rank=894); ARCHS4--Coexpression(rank=1088)","1045","0.385299999999999976","Enrichr Queries,0.3853"
"DEG_LD_SW480","1046","ZNF250","0.386400000000000021","ARCHS4 Coexpression,0.3864","GSDMA,MOGAT3,PSPN,POLN,GTF2IRD2,CRMP1,NCMAP,KCNV1,LASP1,GNB2,CFAP69,ZNF556,FGF13,XKR5","chea3","1046","0.386400000000000021",NA,NA,"","3","ARCHS4--Coexpression(rank=629); Enrichr--Queries(rank=714); GTEx--Coexpression(rank=814)","1046","0.386400000000000021","ARCHS4 Coexpression,0.3864"
"DEG_LD_SW480","1047","MXI1","0.387000000000000011","ARCHS4 Coexpression,0.387","MPP1,ALAS2,EIF4E3,ANKRD44,ACSL6,FAIM2,SLAIN1,SPTB,QKI,RASSF2,KIF5C,TRIM58,NCAM1,RHCE","chea3","1047","0.387000000000000011",NA,NA,"","5","ENCODE--ChIP-seq(rank=76); ReMap--ChIP-seq(rank=240); ARCHS4--Coexpression(rank=630); GTEx--Coexpression(rank=729); Enrichr--Queries(rank=836)","1047","0.387000000000000011","ARCHS4 Coexpression,0.387"
"DEG_LD_SW480","1048","SP1","0.387100000000000000","GTEx Coexpression,0.3871","BEX4,B3GALNT1,RPS6KL1,TTC7B,DCLK2,FAIM2,SOBP,GDAP1,RIMS4,ADAM23,NCAM1,ZNF853,CCDC174,BEX5","chea3","1048","0.387100000000000000",NA,NA,"","5","ENCODE--ChIP-seq(rank=86); ReMap--ChIP-seq(rank=207); GTEx--Coexpression(rank=622); Enrichr--Queries(rank=1331); ARCHS4--Coexpression(rank=1582)","1048","0.387100000000000000","GTEx Coexpression,0.3871"
"DEG_LD_SW480","1049","ZNF773","0.387600000000000000","ARCHS4 Coexpression,0.3876","SHC4,ZNF273,GSTO2,MOGAT3,GTF2IRD2,TTC7B,NCMAP,KCNV1,LASP1,SPTLC3,CFAP69,ZNF556,FGF13,ZNF442","chea3","1049","0.387600000000000000",NA,NA,"","3","ARCHS4--Coexpression(rank=631); Enrichr--Queries(rank=1016); GTEx--Coexpression(rank=1321)","1049","0.387600000000000000","ARCHS4 Coexpression,0.3876"
"DEG_LD_SW480","1050","ZNF8","0.388199999999999990","ARCHS4 Coexpression,0.3882","ZNF273,GSTO2,MOGAT3,PSPN,GTF2IRD2,FRMPD1,TTC7B,PTGR2,RASGRP3,KCNV1,ORAI2,CFAP69,ZNF556,FGF13","chea3","1050","0.388199999999999990",NA,NA,"","2","ARCHS4--Coexpression(rank=632); Enrichr--Queries(rank=978)","1050","0.388199999999999990","ARCHS4 Coexpression,0.3882"
"DEG_LD_SW480","1051","ZNF354A","0.388900000000000023","Enrichr Queries,0.3889","CEBPD,MSMO1,CLDN1,RND3,ALCAM,HEY1,PERP,PDK4,ABCA1,ARRDC4,CADPS2,EDN1,ANXA1,HMGCS1,F2R,ASNS,FBXO32,SERPINB8,PGF,SYTL2,ISG20,ZNF92,FASN,IL1B,CNTN1,ZNF239,ATF3","chea3","1051","0.388900000000000023",NA,NA,"","3","Enrichr--Queries(rank=546); GTEx--Coexpression(rank=984); ARCHS4--Coexpression(rank=1149)","1051","0.388900000000000023","Enrichr Queries,0.3889"
"DEG_LD_SW480","1052","ZSCAN5B","0.388900000000000023","GTEx Coexpression,0.3889","TKTL1,ILDR2,ACTL8,TEX19,STK31,HERC5,FAM133A,ZCWPW1,TDRD12,PRAME,ZNF711,MAGEC2,PTGDS,MAGEB6","chea3","1052","0.388900000000000023",NA,NA,"","3","GTEx--Coexpression(rank=625); Enrichr--Queries(rank=727); ARCHS4--Coexpression(rank=1508)","1052","0.388900000000000023","GTEx Coexpression,0.3889"
"DEG_LD_SW480","1053","ZBTB38","0.389400000000000024","ARCHS4 Coexpression,0.3894","ANKRD33B,PRRX1,AFAP1,LTBP2,GALNT10,DCBLD2,LOXL2,NT5E,ALCAM,SH3PXD2A,MDK,KCNMA1,COL6A3,TGFBI","chea3","1053","0.389400000000000024",NA,NA,"","3","ARCHS4--Coexpression(rank=634); Enrichr--Queries(rank=925); GTEx--Coexpression(rank=1018)","1053","0.389400000000000024","ARCHS4 Coexpression,0.3894"
"DEG_LD_SW480","1054","ZFP30","0.389500000000000013","GTEx Coexpression,0.3895","ARHGEF33,CADPS2,ZNF681,ADAM11,XKR7,TIAM1,FAM200A,MMP24,PCLO,NBEA,FAT2,SPOCK1,METTL6,ZNF596","chea3","1054","0.389500000000000013",NA,NA,"","3","GTEx--Coexpression(rank=626); ARCHS4--Coexpression(rank=723); Enrichr--Queries(rank=772)","1054","0.389500000000000013","GTEx Coexpression,0.3895"
"DEG_LD_SW480","1055","VEZF1","0.390199999999999991","GTEx Coexpression,0.3902","RERE,GTF2IRD2,MRGPRF,MITF,FBXO32,EML1,KCNMA1,ZSCAN21,DPH3,SSPN,AP1S1,DMD,ASB2,GTF2IRD2B","chea3","1055","0.390199999999999991",NA,NA,"","3","GTEx--Coexpression(rank=627); ARCHS4--Coexpression(rank=949); Enrichr--Queries(rank=1259)","1055","0.390199999999999991","GTEx Coexpression,0.3902"
"DEG_LD_SW480","1056","ZNF653","0.390799999999999981","GTEx Coexpression,0.3908","ARHGEF33,RPS6KL1,CARMIL3,STXBP1,ADAM11,NMNAT2,AP3B2,XKR7,TIAM1,MMP24,PCLO,FAT2,BSN,TMEM229B","chea3","1056","0.390799999999999981",NA,NA,"","3","GTEx--Coexpression(rank=628); Enrichr--Queries(rank=1213); ARCHS4--Coexpression(rank=1506)","1056","0.390799999999999981","GTEx Coexpression,0.3908"
"DEG_LD_SW480","1057","ZGPAT","0.391299999999999981","ARCHS4 Coexpression,0.3913","ITGB2,TMC8,SECTM1,FURIN,TMC6,ARHGAP45,LFNG,ACAP1,FES,GNB2,TBC1D10C,LGALS9,PLCB2,SLC12A9","chea3","1057","0.391299999999999981",NA,NA,"","3","ARCHS4--Coexpression(rank=637); GTEx--Coexpression(rank=1062); Enrichr--Queries(rank=1290)","1057","0.391299999999999981","ARCHS4 Coexpression,0.3913"
"DEG_LD_SW480","1058","LIN28A","0.391900000000000026","ARCHS4 Coexpression,0.3919","COL26A1,TET1,KLHDC7A,PTPN13,SOX2,RIMS4,VANGL2,KIF26A,SALL4,RBPMS2,ROR1,GYG2,CNMD,EPHB4","chea3","1058","0.391900000000000026",NA,NA,"","2","ARCHS4--Coexpression(rank=638); GTEx--Coexpression(rank=1476)","1058","0.391900000000000026","ARCHS4 Coexpression,0.3919"
"DEG_LD_SW480","1059","ZNF710","0.392500000000000016","ARCHS4 Coexpression,0.3925","PTAFR,ITGB2,DYSF,SECTM1,ARHGAP45,LFNG,SLC6A6,RASSF2,GNB2,LGALS9,SLC15A3,PLCB2,TLR4,SLC12A9","chea3","1059","0.392500000000000016",NA,NA,"","3","ARCHS4--Coexpression(rank=639); GTEx--Coexpression(rank=934); Enrichr--Queries(rank=977)","1059","0.392500000000000016","ARCHS4 Coexpression,0.3925"
"DEG_LD_SW480","1060","NKRF","0.392699999999999994","GTEx Coexpression,0.3927","NYAP1,RTN1,SYT1,GABRA3,KIAA1549L,FAIM2,SYP,ZDHHC22,HPCAL4,GDAP1,CALHM1,APBA2,BEND6,BEX5","chea3","1060","0.392699999999999994",NA,NA,"","3","GTEx--Coexpression(rank=631); Enrichr--Queries(rank=1329); ARCHS4--Coexpression(rank=1611)","1060","0.392699999999999994","GTEx Coexpression,0.3927"
"DEG_LD_SW480","1061","ZNF585A","0.393199999999999994","Enrichr Queries,0.3932","CPM,NEDD9,RORA,SLC5A3,ATXN1,ZMAT1,ZNF429,PAG1,ABCA1,CADPS2,ANXA1,ASNS,NAV1,FBXO32,SERPINB8,PGF,SYTL2,ACTA2,DAB2,CDK6,ZNF93,NBEA,SESTD1,ZNF711,ZNF117,ZNF610,ATF3","chea3","1061","0.393199999999999994",NA,NA,"","3","Enrichr--Queries(rank=552); ARCHS4--Coexpression(rank=1066); GTEx--Coexpression(rank=1246)","1061","0.393199999999999994","Enrichr Queries,0.3932"
"DEG_LD_SW480","1062","POU5F1B","0.393699999999999994","ARCHS4 Coexpression,0.3937","SERF1B,AUTS2,MGST1,KCNK15,PDAP1,KLHDC7A,FAM133B,SOX2,SEM1,SALL4,RBPMS2,ROR1,ERH,CNMD","chea3","1062","0.393699999999999994",NA,NA,"","2","ARCHS4--Coexpression(rank=641); GTEx--Coexpression(rank=834)","1062","0.393699999999999994","ARCHS4 Coexpression,0.3937"
"DEG_LD_SW480","1063","ZFP82","0.395299999999999985","Enrichr Queries,0.3953","RORA,NT5E,SERTAD4,ALCAM,KIF5C,FLRT3,SLC16A9,CADPS2,NAPSA,EGLN3,AUTS2,BCL11A,MOCOS,TET1,ASNS,NAV1,FBXO32,EML1,SERPINB8,PGF,SYTL2,TGFBR3,TIAM1,CDK6,CDH11,KBTBD8,ATF3","chea3","1063","0.395299999999999985",NA,NA,"","3","Enrichr--Queries(rank=555); ARCHS4--Coexpression(rank=686); GTEx--Coexpression(rank=906)","1063","0.395299999999999985","Enrichr Queries,0.3953"
"DEG_LD_SW480","1064","ZNF527","0.396399999999999975","GTEx Coexpression,0.3964","GTPBP10,COQ6,FAM133B,FAM200A,GNB2,ZSCAN21,TBCE,KRIT1,SSPN,DMD,ZNF502,ZNF501,GTF2IRD2B,HDX","chea3","1064","0.396399999999999975",NA,NA,"","3","GTEx--Coexpression(rank=637); ARCHS4--Coexpression(rank=954); Enrichr--Queries(rank=966)","1064","0.396399999999999975","GTEx Coexpression,0.3964"
"DEG_LD_SW480","1065","ZSCAN10","0.398600000000000010","ARCHS4 Coexpression,0.3986","COL26A1,KLHDC7A,ZDHHC22,SOX2,RIMS4,GAL,KIF26A,SALL4,RBPMS2,KLRG2,ROR1,CNMD,EPHB4,ADAMTS7","chea3","1065","0.398600000000000010",NA,NA,"","3","Enrichr--Queries(rank=564); ARCHS4--Coexpression(rank=649); GTEx--Coexpression(rank=1007)","1065","0.398600000000000010","ARCHS4 Coexpression,0.3986"
"DEG_LD_SW480","1066","HOXA7","0.398899999999999977","Enrichr Queries,0.3989","EPAS1,SHOX2,RORA,HOXD11,HOXD10,LOXL2,FLRT3,TFAP2A,EDN1,EGR3,ANXA1,PRRX1,IRX3,EBF3,IGF1,SERPINB8,PGF,TGFBR3,ALDH1A3,COL2A1,LHX2,EEF1A2,SELENOP,CNTN1,PPARG,TGFBI,ATF3","chea3","1066","0.398899999999999977",NA,NA,"","3","Enrichr--Queries(rank=560); ARCHS4--Coexpression(rank=1349); GTEx--Coexpression(rank=1520)","1066","0.398899999999999977","Enrichr Queries,0.3989"
"DEG_LD_SW480","1067","ZNF461","0.399500000000000022","GTEx Coexpression,0.3995","ARHGEF33,TENM1,CARMIL3,STXBP1,DAB2IP,ADAM11,NMNAT2,XKR7,TIAM1,MMP24,PCLO,NBEA,SPOCK1,ZNF596","chea3","1067","0.399500000000000022",NA,NA,"","3","GTEx--Coexpression(rank=642); Enrichr--Queries(rank=763); ARCHS4--Coexpression(rank=997)","1067","0.399500000000000022","GTEx Coexpression,0.3995"
"DEG_LD_SW480","1068","ZNF782","0.399600000000000011","Enrichr Queries,0.3996","DOCK4,ITPR1,IFI6,CLGN,PCLO,DUSP10,GPNMB,HYAL1,NFKBIZ,ARRDC4,CADPS2,RABGAP1L,ZNF680,AUTS2,HMGCS1,RAB27B,FBXO32,PTPN13,SERPINB8,SYTL2,TGFBR3,ZNF92,NR4A3,NBEA,CNTN1,ZNF117,MATN2","chea3","1068","0.399600000000000011",NA,NA,"","3","Enrichr--Queries(rank=561); GTEx--Coexpression(rank=1054); ARCHS4--Coexpression(rank=1431)","1068","0.399600000000000011","Enrichr Queries,0.3996"
"DEG_LD_SW480","1069","MECOM","0.401700000000000002","ARCHS4 Coexpression,0.4017","SFTPB,CPM,GSTO2,BNC2,GTF2IRD2,GABRA3,TTC7B,WFDC2,SHE,PTPRB,PDE10A,SPTLC3,CFAP69,ZNF556","chea3","1069","0.401700000000000002",NA,NA,"","3","Literature--ChIP-seq(rank=120); ARCHS4--Coexpression(rank=654); GTEx--Coexpression(rank=736)","1069","0.401700000000000002","ARCHS4 Coexpression,0.4017"
"DEG_LD_SW480","1070","ZNF23","0.403200000000000003","GTEx Coexpression,0.4032","WDR17,CDRT4,UNC13A,TMEM63C,CRMP1,AP3B2,BAIAP3,SLC4A8,ZMAT1,NAALAD2,CLBA1,ZP1,DZIP3,ZNF596","chea3","1070","0.403200000000000003",NA,NA,"","3","Enrichr--Queries(rank=611); GTEx--Coexpression(rank=648); ARCHS4--Coexpression(rank=1286)","1070","0.403200000000000003","GTEx Coexpression,0.4032"
"DEG_LD_SW480","1071","HOXA5","0.404500000000000026","GTEx Coexpression,0.4045","ABCA1,ZNF331,MGST1,KLHDC8B,BST2,DAB2,ASB4,PLEK2,ZNF117,SLC16A9,CAMK1,EPHB4,TLR3","chea3","1071","0.404500000000000026",NA,NA,"","3","Enrichr--Queries(rank=621); GTEx--Coexpression(rank=650); ARCHS4--Coexpression(rank=969)","1071","0.404500000000000026","GTEx Coexpression,0.4045"
"DEG_LD_SW480","1072","ZNF660","0.404600000000000015","Enrichr Queries,0.4046","RTN1,EPAS1,XYLT1,RORA,CLGN,ZMAT1,KIF5C,ZNF429,ZNF502,ZNF501,ABCA1,CADPS2,UNC13A,AUTS2,BCL11B,TET1,NAV1,NMNAT2,SERPINB8,SGO1,SLCO3A1,ZNF93,NBEA,TNFSF4,RCAN2,ZNF711,RBM24","chea3","1072","0.404600000000000015",NA,NA,"","3","Enrichr--Queries(rank=568); ARCHS4--Coexpression(rank=862); GTEx--Coexpression(rank=1291)","1072","0.404600000000000015","Enrichr Queries,0.4046"
"DEG_LD_SW480","1073","BBX","0.405100000000000016","GTEx Coexpression,0.4051","CCDC116,ACTL8,STK31,HERC5,ZCWPW1,SAMD15,APH1B,TDRD12,PRAME,MAGEC2,ZNF610,MAGEB6,ZC3H14","chea3","1073","0.405100000000000016",NA,NA,"","3","GTEx--Coexpression(rank=651); Enrichr--Queries(rank=1238); ARCHS4--Coexpression(rank=1333)","1073","0.405100000000000016","GTEx Coexpression,0.4051"
"DEG_LD_SW480","1074","MBD6","0.406299999999999994","GTEx Coexpression,0.4063","ZNF512B,CDRT4,CRYGN,WDR72,NPNT,MC1R,TG,ZMAT1,SALL4,LPCAT2,CLBA1,SLC26A4,ZNF486","chea3","1074","0.406299999999999994",NA,NA,"","2","GTEx--Coexpression(rank=653); ARCHS4--Coexpression(rank=703)","1074","0.406299999999999994","GTEx Coexpression,0.4063"
"DEG_LD_SW480","1075","ZNF846","0.407399999999999984","Enrichr Queries,0.4074","SLC46A3,SLC44A2,RND3,DEPP1,LFNG,ATXN1,DUSP10,ZMAT1,GPNMB,CTSK,NFKBIZ,GPR155,ZNF763,ABCA1,ARRDC4,CADPS2,F2R,FBXO32,SERPINB8,PGF,SYTL2,TGFBR3,ARHGEF3,ZNF117,ATF3,ZNF596,MATN2","chea3","1075","0.407399999999999984",NA,NA,"","3","Enrichr--Queries(rank=572); ARCHS4--Coexpression(rank=994); GTEx--Coexpression(rank=1492)","1075","0.407399999999999984","Enrichr Queries,0.4074"
"DEG_LD_SW480","1076","SREBF1","0.408799999999999997","GTEx Coexpression,0.4088","ABCA1,ADGRV1,MOCOS,MGST1,KLHDC8B,TMEM150C,BST2,ST3GAL5,ASB4,PLEK2,ZNF117,SLC16A9,SLC16A2","chea3","1076","0.408799999999999997",NA,NA,"","6","ENCODE--ChIP-seq(rank=62); Literature--ChIP-seq(rank=134); ReMap--ChIP-seq(rank=271); GTEx--Coexpression(rank=657); Enrichr--Queries(rank=901); ARCHS4--Coexpression(rank=1229)","1076","0.408799999999999997","GTEx Coexpression,0.4088"
"DEG_LD_SW480","1077","ZXDC","0.409100000000000019","ARCHS4 Coexpression,0.4091","FRMPD1,ITGB2,DYSF,TMC8,FURIN,TMC6,ARHGAP45,LFNG,SLC6A6,RASSF2,MYO15B,GNB2,PLCB2,SLC12A9","chea3","1077","0.409100000000000019",NA,NA,"","3","ARCHS4--Coexpression(rank=666); GTEx--Coexpression(rank=686); Enrichr--Queries(rank=1041)","1077","0.409100000000000019","ARCHS4 Coexpression,0.4091"
"DEG_LD_SW480","1078","ZNF530","0.409700000000000009","ARCHS4 Coexpression,0.4097","MOGAT3,POLN,SLC30A2,DAB2IP,PTGR2,ACOXL,LASP1,CFAP69,PTGES3L,ZNF556,ZNF486,ZNF442,XKR5","chea3","1078","0.409700000000000009",NA,NA,"","3","ARCHS4--Coexpression(rank=667); Enrichr--Queries(rank=1266); GTEx--Coexpression(rank=1349)","1078","0.409700000000000009","ARCHS4 Coexpression,0.4097"
"DEG_LD_SW480","1079","ZNF707","0.410100000000000020","GTEx Coexpression,0.4101","PLEKHG4,MEPCE,TEX22,DNHD1,ACTL8,HERC5,ZCWPW1,DBF4,APH1B,ZNF839,GPC2,PRAME,PRR22","chea3","1079","0.410100000000000020",NA,NA,"","3","GTEx--Coexpression(rank=659); ARCHS4--Coexpression(rank=925); Enrichr--Queries(rank=1190)","1079","0.410100000000000020","GTEx Coexpression,0.4101"
"DEG_LD_SW480","1080","ZNF594","0.410299999999999998","ARCHS4 Coexpression,0.4103","WDR17,MOGAT3,PSPN,GTF2IRD2,FURIN,PTGR2,KCNV1,LASP1,GNB2,ZNF737,CFAP69,METTL6,FGF13","chea3","1080","0.410299999999999998",NA,NA,"","3","ARCHS4--Coexpression(rank=668); Enrichr--Queries(rank=789); GTEx--Coexpression(rank=1244)","1080","0.410299999999999998","ARCHS4 Coexpression,0.4103"
"DEG_LD_SW480","1081","TGIF2LX","0.413100000000000023","Enrichr Queries,0.4131","TENM1,RORA,PRKX,HOXD10,CSAG1,ELAVL2,AFF2,PKHD1,SOX2,DMD,MAGEC2,TFAP2A,VDR,BCL11A,GABRA3,ESRRB,MITF,SERPINB8,KLF15,FAM133A,NR4A3,KCNMA1,IL1RAPL1,CDH11,PPARG,FGF13,ATF3","chea3","1081","0.413100000000000023",NA,NA,"","3","Enrichr--Queries(rank=580); ARCHS4--Coexpression(rank=1221); GTEx--Coexpression(rank=1442)","1081","0.413100000000000023","Enrichr Queries,0.4131"
"DEG_LD_SW480","1082","ZNF275","0.413200000000000012","GTEx Coexpression,0.4132","ABCA1,ADGRV1,MOCOS,MGST1,KLHDC8B,TMEM150C,BST2,ST3GAL5,ASB4,SLC16A9,ANKRD52,CAMK1,SLC16A2","chea3","1082","0.413200000000000012",NA,NA,"","3","GTEx--Coexpression(rank=664); Enrichr--Queries(rank=753); ARCHS4--Coexpression(rank=1069)","1082","0.413200000000000012","GTEx Coexpression,0.4132"
"DEG_LD_SW480","1083","ZNF569","0.413399999999999990","ARCHS4 Coexpression,0.4134","RTN1,CRMP1,FURIN,GDAP1,SLC16A14,SGO1,LASP1,ZNF92,GNB2,ZNF737,ZNF711,FGF13,DZIP3","chea3","1083","0.413399999999999990",NA,NA,"","3","Enrichr--Queries(rank=646); ARCHS4--Coexpression(rank=673); GTEx--Coexpression(rank=1059)","1083","0.413399999999999990","ARCHS4 Coexpression,0.4134"
"DEG_LD_SW480","1084","ANKZF1","0.414600000000000024","ARCHS4 Coexpression,0.4146","SELPLG,SH2D2A,TMC8,DNHD1,TMC6,ARHGAP45,ACAP1,JMJD7-PLA2G4B,CD7,TBC1D10C,NLRP1,PLCB2,SLC12A9","chea3","1084","0.414600000000000024",NA,NA,"","3","ARCHS4--Coexpression(rank=675); Enrichr--Queries(rank=986); GTEx--Coexpression(rank=1528)","1084","0.414600000000000024","ARCHS4 Coexpression,0.4146"
"DEG_LD_SW480","1085","ZNF100","0.415800000000000003","ARCHS4 Coexpression,0.4158","ZNF273,GSTO2,MOGAT3,PSPN,GTF2IRD2,DAB2IP,PTGR2,LASP1,GNB2,CFAP69,AP1S1,ANKRD52,ZNF556","chea3","1085","0.415800000000000003",NA,NA,"","3","ARCHS4--Coexpression(rank=677); Enrichr--Queries(rank=795); GTEx--Coexpression(rank=1387)","1085","0.415800000000000003","ARCHS4 Coexpression,0.4158"
"DEG_LD_SW480","1086","PBX2","0.416300000000000003","GTEx Coexpression,0.4163","SELPLG,GMFG,XRCC3,BTN3A2,ARHGAP45,ACAP1,FES,GRAP2,TBC1D10C,BCORL1,SLC15A3,PLCB2,SLC12A9","chea3","1086","0.416300000000000003",NA,NA,"","4","ReMap--ChIP-seq(rank=167); GTEx--Coexpression(rank=669); ARCHS4--Coexpression(rank=1116); Enrichr--Queries(rank=1221)","1086","0.416300000000000003","GTEx Coexpression,0.4163"
"DEG_LD_SW480","1087","SMAD5","0.416499999999999981","ARCHS4 Coexpression,0.4165","GMFG,ITGB2,TMC8,TMC6,PTPN13,ARHGAP45,CD4,ACAP1,TBC1D10C,LGALS9,NLRP1,CYTIP,PLCB2","chea3","1087","0.416499999999999981",NA,NA,"","4","ReMap--ChIP-seq(rank=258); ARCHS4--Coexpression(rank=678); GTEx--Coexpression(rank=1129); Enrichr--Queries(rank=1170)","1087","0.416499999999999981","ARCHS4 Coexpression,0.4165"
"DEG_LD_SW480","1088","ZNF236","0.416899999999999993","GTEx Coexpression,0.4169","POMT2,PLEKHG4,TKTL1,ACTL8,STK31,ZCWPW1,TDRD12,PRAME,ZNF711,MAGEC2,MAGEB6,ZC3H14,DZIP3","chea3","1088","0.416899999999999993",NA,NA,"","3","GTEx--Coexpression(rank=670); Enrichr--Queries(rank=1255); ARCHS4--Coexpression(rank=1574)","1088","0.416899999999999993","GTEx Coexpression,0.4169"
"DEG_LD_SW480","1089","RHOXF2B","0.418200000000000016","GTEx Coexpression,0.4182","PLEKHG4,TKTL1,RNASE1,ACTL8,TEX19,STK31,HERC5,ZCWPW1,TDRD12,PRAME,ZNF711,MAGEC2,MAGEB6","chea3","1089","0.418200000000000016",NA,NA,"","3","GTEx--Coexpression(rank=672); Enrichr--Queries(rank=787); ARCHS4--Coexpression(rank=1322)","1089","0.418200000000000016","GTEx Coexpression,0.4182"
"DEG_LD_SW480","1090","ZNF772","0.418899999999999995","ARCHS4 Coexpression,0.4189","ZNF273,GSDMA,PSPN,GTF2IRD2,CRMP1,FURIN,PTGR2,GDAP1,SLC4A8,LASP1,GNB2,ZNF556,FGF13","chea3","1090","0.418899999999999995",NA,NA,"","3","ARCHS4--Coexpression(rank=682); Enrichr--Queries(rank=736); GTEx--Coexpression(rank=1259)","1090","0.418899999999999995","ARCHS4 Coexpression,0.4189"
"DEG_LD_SW480","1091","TERB1","0.420099999999999973","ARCHS4 Coexpression,0.4201","ZNF273,GSDMA,MOGAT3,FBXW10,PSPN,POLN,GTF2IRD2,LYPD5,NCMAP,RASGRP3,IFT22,PTGES3L,ZNF556","chea3","1091","0.420099999999999973",NA,NA,"","2","ARCHS4--Coexpression(rank=684); GTEx--Coexpression(rank=1340)","1091","0.420099999999999973","ARCHS4 Coexpression,0.4201"
"DEG_LD_SW480","1092","ZNF683","0.420200000000000018","Enrichr Queries,0.4202","FCGBP,IFITM1,SH2D2A,PTAFR,ITGB2,PLEK,IFI6,RORA,PRR5L,CXCR6,TBC1D10C,PTGDS,CD74,APOBEC3G,BCL11B,BTN3A2,SYTL2,BATF,SPOCD1,ISG20,TGFBR3,FCGR2A,IL1B,CD7,TGFBI,ATF3","chea3","1092","0.420200000000000018",NA,NA,"","3","Enrichr--Queries(rank=590); ARCHS4--Coexpression(rank=746); GTEx--Coexpression(rank=1460)","1092","0.420200000000000018","Enrichr Queries,0.4202"
"DEG_LD_SW480","1093","MBD4","0.420700000000000018","GTEx Coexpression,0.4207","KCNE3,GMFG,PTAFR,TMC8,BATF,ARHGAP45,ISG20,ACAP1,FCGR2A,FES,CASP4,TBC1D10C,SLC12A9","chea3","1093","0.420700000000000018",NA,NA,"","5","ENCODE--ChIP-seq(rank=118); ReMap--ChIP-seq(rank=230); GTEx--Coexpression(rank=676); ARCHS4--Coexpression(rank=807); Enrichr--Queries(rank=1278)","1093","0.420700000000000018","GTEx Coexpression,0.4207"
"DEG_LD_SW480","1094","FOXN2","0.420800000000000007","ARCHS4 Coexpression,0.4208","EIF4E3,PDE3B,DAB2IP,PDAP1,GNA13,SH3BGRL,RASSF2,MDK,NAMPT,TRIP6,AP1S1,CYTIP,TLR4","chea3","1094","0.420800000000000007",NA,NA,"","3","ARCHS4--Coexpression(rank=685); GTEx--Coexpression(rank=788); Enrichr--Queries(rank=1114)","1094","0.420800000000000007","ARCHS4 Coexpression,0.4208"
"DEG_LD_SW480","1095","GZF1","0.421899999999999997","GTEx Coexpression,0.4219","MPP1,ANKRD44,SH2D2A,PLEK,MED12L,SYTL3,GNA13,CD7,RUBCNL,NLRP3,CYTIP,SH2B2,HAVCR2","chea3","1095","0.421899999999999997",NA,NA,"","3","GTEx--Coexpression(rank=678); Enrichr--Queries(rank=1082); ARCHS4--Coexpression(rank=1379)","1095","0.421899999999999997","GTEx Coexpression,0.4219"
"DEG_LD_SW480","1096","NFATC3","0.421999999999999986","ARCHS4 Coexpression,0.422","SELPLG,SH2D2A,ITGB2,TMC8,TMC6,ARHGAP45,SPN,ACAP1,CD7,ARHGEF3,TBC1D10C,CYTIP,PLCB2","chea3","1096","0.421999999999999986",NA,NA,"","3","ARCHS4--Coexpression(rank=687); Enrichr--Queries(rank=1222); GTEx--Coexpression(rank=1463)","1096","0.421999999999999986","ARCHS4 Coexpression,0.422"
"DEG_LD_SW480","1097","NR1H2","0.422599999999999976","ARCHS4 Coexpression,0.4226","TSC22D4,ITGB2,PLEK,SECTM1,ARPC4,FURIN,TMC6,ARHGAP45,BST2,LYL1,GNB2,TBC1D10C,LGALS9","chea3","1097","0.422599999999999976",NA,NA,"","4","ReMap--ChIP-seq(rank=134); ARCHS4--Coexpression(rank=688); Enrichr--Queries(rank=1188); GTEx--Coexpression(rank=1224)","1097","0.422599999999999976","ARCHS4 Coexpression,0.4226"
"DEG_LD_SW480","1098","ZNF775","0.423200000000000021","ARCHS4 Coexpression,0.4232","CNTFR,TSC22D4,TMC8,TMC6,LEMD1,ARHGAP45,LFNG,ACAP1,LHX2,GNB2,TBC1D10C,GPC2,NLRP1","chea3","1098","0.423200000000000021",NA,NA,"","3","ARCHS4--Coexpression(rank=689); Enrichr--Queries(rank=968); GTEx--Coexpression(rank=1390)","1098","0.423200000000000021","ARCHS4 Coexpression,0.4232"
"DEG_LD_SW480","1099","ZNF675","0.423800000000000010","GTEx Coexpression,0.4238","TFAP2A,ZNF681,ZNF273,BCL11A,MACC1,RAB27B,SERPINB5,SGO1,PERP,GPC2,ZNF107,SPTSSB,EXPH5","chea3","1099","0.423800000000000010",NA,NA,"","3","GTEx--Coexpression(rank=681); ARCHS4--Coexpression(rank=693); Enrichr--Queries(rank=782)","1099","0.423800000000000010","GTEx Coexpression,0.4238"
"DEG_LD_SW480","1100","NCOA2","0.424200000000000021","ReMap ChIP-seq,0.4242","TEDC1,ANKRD33B,ITGB2,IL24,NEDD9,CBLC,ARRB1,KRT86,GLDN,THSD4,NAT16,BICRA,KCNV1,ABLIM3,OLFML3,SALL4,AP1S1,SPTSSB,ACSS1,PTGDS,EPHB4,CACNG4,SLC12A9,COL26A1,SIVA1,VDR,SPNS2,KRT13,ASPSCR1,TMEM40,ENTPD8,WDR72,NR1D1,FBXO32,TANC2,SUMF1,BAIAP3,SYTL2,ISG20,SLC6A6,MLPH,TH,VGF,MYO15B","chea3","1100","0.424200000000000021",NA,NA,"","4","ReMap--ChIP-seq(rank=126); Enrichr--Queries(rank=1186); ARCHS4--Coexpression(rank=1430); GTEx--Coexpression(rank=1560)","1100","0.424200000000000021","ReMap ChIP-seq,0.4242"
"DEG_LD_SW480","1101","ZNF765","0.424399999999999999","ARCHS4 Coexpression,0.4244","GSTO2,MOGAT3,PSPN,GTF2IRD2,TTC7B,PTGR2,RASGRP3,KCNV1,GNB2,CFAP69,PTGES3L,ZNF556,FGF13","chea3","1101","0.424399999999999999",NA,NA,"","3","ARCHS4--Coexpression(rank=691); Enrichr--Queries(rank=1110); GTEx--Coexpression(rank=1565)","1101","0.424399999999999999","ARCHS4 Coexpression,0.4244"
"DEG_LD_SW480","1102","ZNF512","0.425099999999999978","ARCHS4 Coexpression,0.4251","BEX4,CNTFR,RTN1,HMGCS1,ZC4H2,CRMP1,NMNAT2,GDAP1,SLC16A14,PNMA1,KIF26A,FEZ1,NCAM1","chea3","1102","0.425099999999999978",NA,NA,"","3","ARCHS4--Coexpression(rank=692); GTEx--Coexpression(rank=1222); Enrichr--Queries(rank=1275)","1102","0.425099999999999978","ARCHS4 Coexpression,0.4251"
"DEG_LD_SW480","1103","ZNF346","0.425599999999999978","GTEx Coexpression,0.4256","MPP1,PSPN,LYL1,ZNF839,ORAI2,VSTM1,TRIM58,NUDT17,VIPAS39,FBXO6,SH2B2,RHCE,TMEM229B","chea3","1103","0.425599999999999978",NA,NA,"","3","GTEx--Coexpression(rank=684); ARCHS4--Coexpression(rank=983); Enrichr--Queries(rank=1185)","1103","0.425599999999999978","GTEx Coexpression,0.4256"
"DEG_LD_SW480","1104","ZNF107","0.426300000000000012","GTEx Coexpression,0.4263","CD74,APOBEC3G,IL24,TMC8,TMC6,BTN3A2,BATF,ARHGAP45,SPN,ISG20,ACAP1,ZNF92,RUBCNL","chea3","1104","0.426300000000000012",NA,NA,"","3","GTEx--Coexpression(rank=685); Enrichr--Queries(rank=846); ARCHS4--Coexpression(rank=1245)","1104","0.426300000000000012","GTEx Coexpression,0.4263"
"DEG_LD_SW480","1105","ZNF44","0.426300000000000012","ARCHS4 Coexpression,0.4263","GSTO2,MOGAT3,POLN,GTF2IRD2,STARD8,UBE2E1,KCNV1,CFAP69,PTGES3L,AP1S1,ANKRD52,ZNF556,ZNF442","chea3","1105","0.426300000000000012",NA,NA,"","3","Enrichr--Queries(rank=672); ARCHS4--Coexpression(rank=694); GTEx--Coexpression(rank=1211)","1105","0.426300000000000012","ARCHS4 Coexpression,0.4263"
"DEG_LD_SW480","1106","ZNF155","0.426599999999999979","Enrichr Queries,0.4266","ZNF331,ERO1B,CEBPD,IFI6,DEPP1,GNAI1,LOXL2,ATXN1,GPNMB,HYAL1,DMD,ZNF502,CADPS2,ZNF681,EGR3,AUTS2,SERPINB8,PGF,TGFBR3,ZNF93,ZNF737,SELENOP,ARHGEF3,ZNF239,ZNF117,ATF3","chea3","1106","0.426599999999999979",NA,NA,"","3","Enrichr--Queries(rank=599); ARCHS4--Coexpression(rank=1159); GTEx--Coexpression(rank=1511)","1106","0.426599999999999979","Enrichr Queries,0.4266"
"DEG_LD_SW480","1107","ZNF606","0.426900000000000002","ARCHS4 Coexpression,0.4269","BEX4,ZNF273,GTF2IRD2,CRMP1,GDAP1,SLC4A8,LASP1,FEZ1,GNB2,ZNF737,ZNF610,FGF13,DZIP3","chea3","1107","0.426900000000000002",NA,NA,"","3","ARCHS4--Coexpression(rank=695); Enrichr--Queries(rank=733); GTEx--Coexpression(rank=1219)","1107","0.426900000000000002","ARCHS4 Coexpression,0.4269"
"DEG_LD_SW480","1108","ZNF621","0.427499999999999991","GTEx Coexpression,0.4275","MAML2,PLOD3,TET1,PCOLCE,XPC,BICC1,SH3PXD2A,OLFML3,DSE,COL5A2,COL6A3,ZNF501,VGLL3","chea3","1108","0.427499999999999991",NA,NA,"","3","GTEx--Coexpression(rank=687); ARCHS4--Coexpression(rank=718); Enrichr--Queries(rank=1085)","1108","0.427499999999999991","GTEx Coexpression,0.4275"
"DEG_LD_SW480","1109","ZNF350","0.428099999999999981","Enrichr Queries,0.4281","ZNF331,IFITM1,EPAS1,IFI6,NEDD9,RORA,LOXL2,NT5E,DUSP10,GPNMB,CTSK,ABCA1,ARRDC4,ANXA1,BCL11A,RAB27B,FBXO32,PTPN13,DKK1,SERPINB8,SYTL2,BST2,TGFBR3,CNTN1,ZNF117,ATF3","chea3","1109","0.428099999999999981",NA,NA,"","3","Enrichr--Queries(rank=601); GTEx--Coexpression(rank=893); ARCHS4--Coexpression(rank=1227)","1109","0.428099999999999981","Enrichr Queries,0.4281"
"DEG_LD_SW480","1110","KDM2A","0.428700000000000025","GTEx Coexpression,0.4287","PLEKHG4,TKTL1,MEPCE,DNHD1,ACTL8,TEX19,STK31,ZCWPW1,TDRD12,GPC2,PRAME,MAGEC2,MAGEB6","chea3","1110","0.428700000000000025",NA,NA,"","2","GTEx--Coexpression(rank=689); ARCHS4--Coexpression(rank=1181)","1110","0.428700000000000025","GTEx Coexpression,0.4287"
"DEG_LD_SW480","1111","ZNF445","0.429400000000000004","ARCHS4 Coexpression,0.4294","GSTO2,PSPN,GTF2IRD2,TTC7B,RASGRP3,KCNV1,ARMC10,SPTLC3,ORAI2,CFAP69,ZNF556,FGF13,TMEM45A","chea3","1111","0.429400000000000004",NA,NA,"","3","ARCHS4--Coexpression(rank=699); Enrichr--Queries(rank=1193); GTEx--Coexpression(rank=1339)","1111","0.429400000000000004","ARCHS4 Coexpression,0.4294"
"DEG_LD_SW480","1112","ZNF648","0.429400000000000004","GTEx Coexpression,0.4294","CPB2,RTP3,CYP39A1,RFPL4A,GJB1,CPS1,ACOX2,TFR2,TTPA,ALB,PNPLA3,NOTUM,AGXT","chea3","1112","0.429400000000000004",NA,NA,"","3","GTEx--Coexpression(rank=690); Enrichr--Queries(rank=737); ARCHS4--Coexpression(rank=972)","1112","0.429400000000000004","GTEx Coexpression,0.4294"
"DEG_LD_SW480","1113","TFAP4","0.429999999999999993","ARCHS4 Coexpression,0.43","RPS6KL1,GSTO2,MOGAT3,PSPN,POLN,GTF2IRD2,MACC1,TTC7B,NCMAP,KCNV1,PPP1R1C,CFAP69,ZNF556","chea3","1113","0.429999999999999993",NA,NA,"","4","ReMap--ChIP-seq(rank=194); ARCHS4--Coexpression(rank=700); Enrichr--Queries(rank=1285); GTEx--Coexpression(rank=1331)","1113","0.429999999999999993","ARCHS4 Coexpression,0.43"
"DEG_LD_SW480","1114","HSFX1","0.429999999999999993","GTEx Coexpression,0.43","MYH7B,RYR2,EIF4E3,TNNC1,TTC7B,AKAP6,SOBP,MYL2,RCAN2,EEF1A2,PTGES3L,SSPN,TCAP","chea3","1114","0.429999999999999993",NA,NA,"","2","GTEx--Coexpression(rank=691); ARCHS4--Coexpression(rank=1385)","1114","0.429999999999999993","GTEx Coexpression,0.43"
"DEG_LD_SW480","1115","CARF","0.430599999999999983","ARCHS4 Coexpression,0.4306","MOGAT3,FBXW10,GTF2IRD2,TTC7B,ACSL6,PTGR2,KCNV1,LASP1,SPTLC3,GNB2,CFAP69,ZNF556,FGF13","chea3","1115","0.430599999999999983",NA,NA,"","2","ARCHS4--Coexpression(rank=701); GTEx--Coexpression(rank=1386)","1115","0.430599999999999983","ARCHS4 Coexpression,0.4306"
"DEG_LD_SW480","1116","POU5F2","0.431200000000000028","ARCHS4 Coexpression,0.4312","SHC4,GSTO2,MOGAT3,POLN,GTF2IRD2,TTC7B,KCNV1,SPTLC3,CFAP69,ASB4,ZNF556,FGF13,TMEM45A","chea3","1116","0.431200000000000028",NA,NA,"","2","ARCHS4--Coexpression(rank=702); GTEx--Coexpression(rank=1381)","1116","0.431200000000000028","ARCHS4 Coexpression,0.4312"
"DEG_LD_SW480","1117","FOXP1","0.431900000000000006","GTEx Coexpression,0.4319","OSBPL5,TSHZ3,PRUNE2,MRGPRF,AFAP1,EML1,HSPG2,SH3BGRL,KCNMA1,COL8A2,IGSF9B,NKX6-1,TRMT61A","chea3","1117","0.431900000000000006",NA,NA,"","5","Literature--ChIP-seq(rank=92); ReMap--ChIP-seq(rank=286); GTEx--Coexpression(rank=694); Enrichr--Queries(rank=941); ARCHS4--Coexpression(rank=1070)","1117","0.431900000000000006","GTEx Coexpression,0.4319"
"DEG_LD_SW480","1118","NR1H4","0.432300000000000018","Enrichr Queries,0.4323","IFITM3,CEBPD,MAOB,EPAS1,MGST1,MSMO1,NT5E,PDK4,LBP,ABCA1,ANXA1,VDR,MOCOS,ACSL5,IGF1,SERPINB8,ACTA2,DAB2,SLC7A7,GJB1,ACOX2,SELENOP,CNTN1,PPARG,AGXT,ATF3","chea3","1118","0.432300000000000018",NA,NA,"","3","Enrichr--Queries(rank=607); GTEx--Coexpression(rank=795); ARCHS4--Coexpression(rank=853)","1118","0.432300000000000018","Enrichr Queries,0.4323"
"DEG_LD_SW480","1119","TFDP2","0.432999999999999996","ARCHS4 Coexpression,0.433","ZNF273,PSPN,GTF2IRD2,ARPC4,FURIN,SPN,SOX2,LASP1,CDK6,GNB2,ADAMTS17,ZNF107,ZNF556","chea3","1119","0.432999999999999996",NA,NA,"","3","ARCHS4--Coexpression(rank=705); Enrichr--Queries(rank=930); GTEx--Coexpression(rank=1436)","1119","0.432999999999999996","ARCHS4 Coexpression,0.433"
"DEG_LD_SW480","1120","SIX4","0.432999999999999996","Enrichr Queries,0.433","BNC2,EPAS1,RORA,EFNA5,SLC7A2,LOXL2,SOX2,SERTAD4,MDK,CKB,ABCA1,CADPS2,IRX3,FBXO32,SERPINB8,PGF,ACTA2,TGFBR3,ALDH1A3,CDK6,FASN,COL5A2,CNTN1,TGFBI,RBM24,ATF3","chea3","1120","0.432999999999999996",NA,NA,"","3","Enrichr--Queries(rank=608); ARCHS4--Coexpression(rank=931); GTEx--Coexpression(rank=1141)","1120","0.432999999999999996","Enrichr Queries,0.433"
"DEG_LD_SW480","1121","ZNF224","0.433699999999999974","ARCHS4 Coexpression,0.4337","SHC4,GSTO2,TTC7B,PDAP1,KCNV1,SPTLC3,GNB2,CFAP69,AP1S1,ASB4,FGF13,GPR155,TMEM45A","chea3","1121","0.433699999999999974",NA,NA,"","3","ARCHS4--Coexpression(rank=706); Enrichr--Queries(rank=1210); GTEx--Coexpression(rank=1557)","1121","0.433699999999999974","ARCHS4 Coexpression,0.4337"
"DEG_LD_SW480","1122","HSF5","0.433800000000000019","Enrichr Queries,0.4338","FCGBP,EPAS1,PTGER2,RORA,LRP2,FSTL4,ELAVL2,LOXL2,STK31,LYL1,ATXN1,HEY1,GRAP2,GRB10,CADPS2,EDN1,EGR3,BCL11B,BCL11A,MACC1,MOCOS,SERPINB8,NR4A3,KCNMA1,CDH13,ATF3","chea3","1122","0.433800000000000019",NA,NA,"","3","Enrichr--Queries(rank=609); GTEx--Coexpression(rank=1371); ARCHS4--Coexpression(rank=1387)","1122","0.433800000000000019","Enrichr Queries,0.4338"
"DEG_LD_SW480","1123","ZNF788P","0.435499999999999998","ARCHS4 Coexpression,0.4355","GGT5,ZNF273,MOGAT3,PSPN,KCND3,GTF2IRD2,TTC7B,RASGRP3,KCNV1,ARMC10,CFAP69,ZNF556,FGF13","chea3","1123","0.435499999999999998",NA,NA,"","3","ARCHS4--Coexpression(rank=709); GTEx--Coexpression(rank=898); Enrichr--Queries(rank=917)","1123","0.435499999999999998","ARCHS4 Coexpression,0.4355"
"DEG_LD_SW480","1124","NFKB2","0.435599999999999987","GTEx Coexpression,0.4356","CD74,APOBEC3G,ANKRD44,PLEK,TMC8,TMC6,BTN3A2,BATF,SPN,ISG20,ACAP1,RUBCNL,CYTIP","chea3","1124","0.435599999999999987",NA,NA,"","4","ReMap--ChIP-seq(rank=172); GTEx--Coexpression(rank=700); Enrichr--Queries(rank=715); ARCHS4--Coexpression(rank=1025)","1124","0.435599999999999987","GTEx Coexpression,0.4356"
"DEG_LD_SW480","1125","ZNF783","0.435900000000000010","Enrichr Queries,0.4359","ZNF512B,RERE,CEBPD,SLC43A1,RORA,LTBP2,LOXL2,LFNG,ATXN1,NFKBIZ,GRB10,UPP1,PLEKHG4,CADPS2,ANXA1,COL27A1,AUTS2,BCL11A,ASNS,SERPINB8,PGF,SYTL2,FASN,CNTN1,ALDOC,ATF3","chea3","1125","0.435900000000000010",NA,NA,"","3","Enrichr--Queries(rank=612); ARCHS4--Coexpression(rank=861); GTEx--Coexpression(rank=1347)","1125","0.435900000000000010","Enrichr Queries,0.4359"
"DEG_LD_SW480","1126","ZNF341","0.436199999999999977","GTEx Coexpression,0.4362","SELPLG,GMFG,PTAFR,ITGB2,DYSF,SECTM1,ARPC4,ACAP1,FCGR2A,VSTM1,FBXO6,SH2B2,SLC12A9","chea3","1126","0.436199999999999977",NA,NA,"","3","GTEx--Coexpression(rank=701); ARCHS4--Coexpression(rank=737); Enrichr--Queries(rank=954)","1126","0.436199999999999977","GTEx Coexpression,0.4362"
"DEG_LD_SW480","1127","HES7","0.436599999999999988","Enrichr Queries,0.4366","IFITM3,IFITM1,CEBPD,EPAS1,LOXL2,LFNG,HEY1,MDK,HYAL1,UPP1,CKB,TFAP2A,NGFR,EGLN3,EDN1,EGR3,BCL11A,IRX3,NR1D1,PGF,ISG20,NR4A3,VGF,KIF26B,PPARG,ATF3","chea3","1127","0.436599999999999988",NA,NA,"","3","Enrichr--Queries(rank=613); GTEx--Coexpression(rank=901); ARCHS4--Coexpression(rank=1299)","1127","0.436599999999999988","Enrichr Queries,0.4366"
"DEG_LD_SW480","1128","ZNF544","0.436699999999999977","ARCHS4 Coexpression,0.4367","ZNF273,MOGAT3,PSPN,POLN,GTF2IRD2,FURIN,PCDHB13,PTGR2,IFT22,LASP1,GNB2,PTGES3L,ZNF556","chea3","1128","0.436699999999999977",NA,NA,"","3","ARCHS4--Coexpression(rank=711); GTEx--Coexpression(rank=849); Enrichr--Queries(rank=1007)","1128","0.436699999999999977","ARCHS4 Coexpression,0.4367"
"DEG_LD_SW480","1129","NOBOX","0.436800000000000022","GTEx Coexpression,0.4368","PLEKHG4,TKTL1,RNASE1,ACTL8,TEX19,STK31,HERC5,ZCWPW1,TDRD12,PRAME,ZNF711,MAGEC2,MAGEB6","chea3","1129","0.436800000000000022",NA,NA,"","3","GTEx--Coexpression(rank=702); Enrichr--Queries(rank=751); ARCHS4--Coexpression(rank=851)","1129","0.436800000000000022","GTEx Coexpression,0.4368"
"DEG_LD_SW480","1130","GMEB1","0.437300000000000022","ARCHS4 Coexpression,0.4373","ZNF273,GSDMA,MOGAT3,PSPN,POLN,GTF2IRD2,PCDHB13,RASGRP3,ACOXL,ORAI2,CFAP69,PTGES3L,ZNF556","chea3","1130","0.437300000000000022",NA,NA,"","3","ARCHS4--Coexpression(rank=712); GTEx--Coexpression(rank=1266); Enrichr--Queries(rank=1298)","1130","0.437300000000000022","ARCHS4 Coexpression,0.4373"
"DEG_LD_SW480","1131","ZNF284","0.438000000000000000","Enrichr Queries,0.438","ZNF331,RORA,LOXL2,LFNG,GPNMB,ZNF429,PDK4,ZNF107,DMD,ZNF502,ZNF763,PAG1,ARRDC4,CADPS2,FBXO32,SERPINB8,SYTL2,TGFBR3,NBEA,ZNF737,ARHGEF3,ZNF239,ZNF117,ZNF610,ATF3,MATN2","chea3","1131","0.438000000000000000",NA,NA,"","3","Enrichr--Queries(rank=615); ARCHS4--Coexpression(rank=1153); GTEx--Coexpression(rank=1336)","1131","0.438000000000000000","Enrichr Queries,0.438"
"DEG_LD_SW480","1132","ZNF554","0.438099999999999989","GTEx Coexpression,0.4381","RPS6KL1,POP7,RTN1,UNC5A,STXBP1,TTC7B,SYP,NMNAT2,SPTB,MBLAC1,VPS50,EEF1A2,BSN","chea3","1132","0.438099999999999989",NA,NA,"","3","GTEx--Coexpression(rank=704); Enrichr--Queries(rank=730); ARCHS4--Coexpression(rank=795)","1132","0.438099999999999989","GTEx Coexpression,0.4381"
"DEG_LD_SW480","1133","ZFX","0.438699999999999979","GTEx Coexpression,0.4387","RERE,IGSF8,BNC2,TSHZ3,GTF2IRD2,MITF,FAM133B,AR,ZSCAN21,ZNF502,ZNF501,CCDC174,GTF2IRD2B","chea3","1133","0.438699999999999979",NA,NA,"","5","Literature--ChIP-seq(rank=157); ReMap--ChIP-seq(rank=253); GTEx--Coexpression(rank=705); Enrichr--Queries(rank=1370); ARCHS4--Coexpression(rank=1411)","1133","0.438699999999999979","GTEx Coexpression,0.4387"
"DEG_LD_SW480","1134","ZNF121","0.439300000000000024","GTEx Coexpression,0.4393","TFAP2A,CBLC,SOBP,CLDN1,SERPINB5,TP53AIP1,PNMA1,PERP,SFN,ZNF655,TNS4,NECTIN1,CA13","chea3","1134","0.439300000000000024",NA,NA,"","3","GTEx--Coexpression(rank=706); Enrichr--Queries(rank=1264); ARCHS4--Coexpression(rank=1336)","1134","0.439300000000000024","GTEx Coexpression,0.4393"
"DEG_LD_SW480","1135","PAX5","0.440199999999999980","Enrichr Queries,0.4402","SHOX2,ITGB2,RORA,CACNA1E,RASGRP3,SOX2,NCAM1,ABCA1,CD74,CADPS2,EGR3,AUTS2,BCL11B,BCL11A,EBF3,IGF1,ISG20,TIAM1,CDK6,NR4A3,LHX2,IL1B,KCNMA1,PPARG,ATF3,CHST3","chea3","1135","0.440199999999999980",NA,NA,"","5","ENCODE--ChIP-seq(rank=69); ReMap--ChIP-seq(rank=221); Enrichr--Queries(rank=618); ARCHS4--Coexpression(rank=1018); GTEx--Coexpression(rank=1423)","1135","0.440199999999999980","Enrichr Queries,0.4402"
"DEG_LD_SW480","1136","ZBTB5","0.441199999999999981","GTEx Coexpression,0.4412","TFAP2A,MACC1,KRT13,TMEM40,CBLC,FZD10,SERPINB5,TP53AIP1,PERP,SFN,MUC21,NECTIN1,MPZL2","chea3","1136","0.441199999999999981",NA,NA,"","3","GTEx--Coexpression(rank=709); Enrichr--Queries(rank=964); ARCHS4--Coexpression(rank=1596)","1136","0.441199999999999981","GTEx Coexpression,0.4412"
"DEG_LD_SW480","1137","MXD3","0.442400000000000015","GTEx Coexpression,0.4424","SELPLG,KCNE3,GMFG,PTAFR,ITGB2,DYSF,SECTM1,ARPC4,ACAP1,FCGR2A,CASP4,VSTM1,SLC12A9","chea3","1137","0.442400000000000015",NA,NA,"","3","GTEx--Coexpression(rank=711); Enrichr--Queries(rank=1332); ARCHS4--Coexpression(rank=1400)","1137","0.442400000000000015","GTEx Coexpression,0.4424"
"DEG_LD_SW480","1138","FOXI1","0.444299999999999973","GTEx Coexpression,0.4443","TFAP2A,TNFSF15,IRX3,CLCNKB,KIF12,WDR72,KLHDC7A,LRP2,CYS1,WFDC2,PKHD1,TRPV4,PLA2R1","chea3","1138","0.444299999999999973",NA,NA,"","3","Enrichr--Queries(rank=694); GTEx--Coexpression(rank=714); ARCHS4--Coexpression(rank=1395)","1138","0.444299999999999973","GTEx Coexpression,0.4443"
"DEG_LD_SW480","1139","ZZZ3","0.444400000000000017","ReMap ChIP-seq,0.4444","ALCAM,GJB1,SLPI,TMEM176B,PPARG,TRDC,BCORL1,SERPINB5,BEGAIN","chea3","1139","0.444400000000000017",NA,NA,"","5","ENCODE--ChIP-seq(rank=79); ReMap--ChIP-seq(rank=132); GTEx--Coexpression(rank=737); Enrichr--Queries(rank=1396); ARCHS4--Coexpression(rank=1488)","1139","0.444400000000000017","ReMap ChIP-seq,0.4444"
"DEG_LD_SW480","1140","FOXJ2","0.444900000000000018","GTEx Coexpression,0.4449","OSBPL5,PON2,GRIK4,MITF,SYT17,BICRA,SOX2,TMEM43,SSPN,AP1S1,DMD,CCDC174,GTF2IRD2B","chea3","1140","0.444900000000000018",NA,NA,"","4","ReMap--ChIP-seq(rank=209); GTEx--Coexpression(rank=715); ARCHS4--Coexpression(rank=910); Enrichr--Queries(rank=1047)","1140","0.444900000000000018","GTEx Coexpression,0.4449"
"DEG_LD_SW480","1141","ZNF701","0.445199999999999985","Enrichr Queries,0.4452","ZNF331,ZNF273,MAML2,EPAS1,NEDD9,RORA,ZNF429,ZNF107,PAG1,ZNF486,ABCA1,ARRDC4,ZNF681,ZNF680,ANXA1,HMGCS1,SERPINB8,PGF,SYTL2,ZNF92,CDK6,ZNF93,ZNF737,ZNF117,ZNF610,ATF3","chea3","1141","0.445199999999999985",NA,NA,"","3","Enrichr--Queries(rank=625); GTEx--Coexpression(rank=839); ARCHS4--Coexpression(rank=1037)","1141","0.445199999999999985","Enrichr Queries,0.4452"
"DEG_LD_SW480","1142","ZNF746","0.445299999999999974","ARCHS4 Coexpression,0.4453","PTAFR,ITGB2,DYSF,SECTM1,ARHGAP45,LFNG,SLC6A6,RASSF2,GNB2,NAMPT,PLCB2,TLR4,SLC12A9","chea3","1142","0.445299999999999974",NA,NA,"","3","ARCHS4--Coexpression(rank=725); Enrichr--Queries(rank=1064); GTEx--Coexpression(rank=1185)","1142","0.445299999999999974","ARCHS4 Coexpression,0.4453"
"DEG_LD_SW480","1143","ZNF879","0.445599999999999996","GTEx Coexpression,0.4456","GTPBP10,SPTB,FAM133B,CHCHD4,FAM200A,KIAA1614,ZSCAN21,DPH3,TBCE,ZNF239,ZNF502,ZNF501,ZNF596","chea3","1143","0.445599999999999996",NA,NA,"","2","GTEx--Coexpression(rank=716); ARCHS4--Coexpression(rank=1150)","1143","0.445599999999999996","GTEx Coexpression,0.4456"
"DEG_LD_SW480","1144","TIGD6","0.445900000000000019","Enrichr Queries,0.4459","CEMIP,ITGB2,AKAP6,IL1RAP,DUSP10,HEY1,ABLIM3,SH3PXD2A,HYAL1,NCAM1,UPP1,CADPS2,NAPSA,EDN1,ADGRV1,VDR,DKK1,SERPINB8,TANC2,PGF,TGFBR3,CDK6,MLPH,KCNMA1,ARHGEF3,ATF3","chea3","1144","0.445900000000000019",NA,NA,"","3","Enrichr--Queries(rank=626); GTEx--Coexpression(rank=732); ARCHS4--Coexpression(rank=1033)","1144","0.445900000000000019","Enrichr Queries,0.4459"
"DEG_LD_SW480","1145","YBX3","0.445900000000000019","ARCHS4 Coexpression,0.4459","RYR1,ALAS2,TNNC1,DYSF,FBXO32,SPTB,CACNG6,PPP1R3B,MYL2,CORO6,TCAP,ASB2,RBM24","chea3","1145","0.445900000000000019",NA,NA,"","2","ARCHS4--Coexpression(rank=726); GTEx--Coexpression(rank=1120)","1145","0.445900000000000019","ARCHS4 Coexpression,0.4459"
"DEG_LD_SW480","1146","ZNF620","0.446599999999999997","Enrichr Queries,0.4466","ZNF273,MCM7,MSI1,SLAIN1,MED12L,CLGN,HERC5,LFNG,MDK,HYAL1,KIF5C,ZNF107,SLC16A9,MAP2K6,CADPS2,BCL11A,MACC1,GREB1,TET1,GDAP1,BST2,ZNF92,ZNF93,PPP1R3B,ZNF711,KBTBD8","chea3","1146","0.446599999999999997",NA,NA,"","3","Enrichr--Queries(rank=627); ARCHS4--Coexpression(rank=912); GTEx--Coexpression(rank=1161)","1146","0.446599999999999997","Enrichr Queries,0.4466"
"DEG_LD_SW480","1147","GTF2IRD2","0.447299999999999975","Enrichr Queries,0.4473","EPAS1,ITPR1,LOXL2,ATXN1,SH3PXD2A,PDGFC,NFKBIZ,GRB10,ST3GAL5,GTF2IRD2B,GPR155,CTSB,ABCA1,CADPS2,NAPSA,RABGAP1L,VDR,ASNS,FBXO32,HSPG2,SERPINB8,TGFBR3,KCNMA1,SELENOP,TGFBI,ATF3","chea3","1147","0.447299999999999975",NA,NA,"","3","Enrichr--Queries(rank=628); GTEx--Coexpression(rank=743); ARCHS4--Coexpression(rank=888)","1147","0.447299999999999975","Enrichr Queries,0.4473"
"DEG_LD_SW480","1148","ZNF568","0.448400000000000021","ARCHS4 Coexpression,0.4484","GSTO2,MOGAT3,PSPN,POLN,GTF2IRD2,PTGR2,NCMAP,KCNV1,LASP1,GNB2,CFAP69,PTGES3L,ZNF556","chea3","1148","0.448400000000000021",NA,NA,"","3","Enrichr--Queries(rank=709); ARCHS4--Coexpression(rank=730); GTEx--Coexpression(rank=1236)","1148","0.448400000000000021","ARCHS4 Coexpression,0.4484"
"DEG_LD_SW480","1149","ZNF347","0.448699999999999988","Enrichr Queries,0.4487","ZNF331,ZNF273,BNC2,RORA,LOXL2,ZNF429,ZNF107,ZNF502,GPR155,PAG1,ZNF486,ABCA1,CADPS2,ZNF681,ZNF680,AUTS2,BCL11A,SERPINB8,DAB2,CDK6,ZNF93,NBEA,ZNF737,UST,ZNF117,ZNF610","chea3","1149","0.448699999999999988",NA,NA,"","3","Enrichr--Queries(rank=630); ARCHS4--Coexpression(rank=986); GTEx--Coexpression(rank=1149)","1149","0.448699999999999988","Enrichr Queries,0.4487"
"DEG_LD_SW480","1150","ZNF296","0.449299999999999977","GTEx Coexpression,0.4493","APOBEC3G,CD82,TNFRSF18,PLEK,ARPC4,NOD2,BATF,SPN,ISG20,ACAP1,OAS1,GNB2,PSMG3","chea3","1150","0.449299999999999977",NA,NA,"","3","GTEx--Coexpression(rank=722); Enrichr--Queries(rank=829); ARCHS4--Coexpression(rank=1111)","1150","0.449299999999999977","GTEx Coexpression,0.4493"
"DEG_LD_SW480","1151","ZNF764","0.449600000000000000","ARCHS4 Coexpression,0.4496","MOGAT3,PSPN,POLN,GTF2IRD2,FRMPD1,LYPD5,RASGRP3,SPN,IFT22,ACAP1,PTGES3L,ZNF556,EXPH5","chea3","1151","0.449600000000000000",NA,NA,"","3","ARCHS4--Coexpression(rank=732); Enrichr--Queries(rank=1267); GTEx--Coexpression(rank=1326)","1151","0.449600000000000000","ARCHS4 Coexpression,0.4496"
"DEG_LD_SW480","1152","NFYB","0.451799999999999979","GTEx Coexpression,0.4518","NLGN1,PRUNE2,AFAP1,TMTC1,SOBP,SH3BGRL,SESTD1,KCNMA1,ROR1,MKX,SMIM10,HDX","chea3","1152","0.451799999999999979",NA,NA,"","5","ENCODE--ChIP-seq(rank=73); ReMap--ChIP-seq(rank=288); GTEx--Coexpression(rank=726); ARCHS4--Coexpression(rank=1275); Enrichr--Queries(rank=1300)","1152","0.451799999999999979","GTEx Coexpression,0.4518"
"DEG_LD_SW480","1153","CREB3L4","0.452100000000000002","ARCHS4 Coexpression,0.4521","TFAP2A,IRX3,GREB1,ARHGEF38,KLK3,HOXC11,DKK3,SLC9A2,AR,MLPH,FASN,SPTSSB,STEAP2","chea3","1153","0.452100000000000002",NA,NA,"","3","ARCHS4--Coexpression(rank=736); Enrichr--Queries(rank=896); GTEx--Coexpression(rank=1014)","1153","0.452100000000000002","ARCHS4 Coexpression,0.4521"
"DEG_LD_SW480","1154","TEAD2","0.453299999999999981","ARCHS4 Coexpression,0.4533","COL26A1,DAB2IP,SOX2,VANGL2,MDK,KIF26A,SALL4,TRIP6,RBPMS2,ROR1,CNMD,EPHB4,ADAMTS7","chea3","1154","0.453299999999999981",NA,NA,"","4","ReMap--ChIP-seq(rank=158); Enrichr--Queries(rank=705); ARCHS4--Coexpression(rank=738); GTEx--Coexpression(rank=1082)","1154","0.453299999999999981","ARCHS4 Coexpression,0.4533"
"DEG_LD_SW480","1155","FOXR2","0.453699999999999992","Enrichr Queries,0.4537","TENM1,EPAS1,LRP2,ELAVL2,LOXL2,SOX2,DACH1,CAPN6,GPNMB,FLRT3,TTPA,SPOCK1,UPP1,SLC16A2,VAT1L,CADPS2,EDN1,AADAT,GABRA3,MOCOS,NMNAT2,SORCS2,SERPINB8,TGFBR3,ATF3","chea3","1155","0.453699999999999992",NA,NA,"","3","Enrichr--Queries(rank=637); GTEx--Coexpression(rank=756); ARCHS4--Coexpression(rank=1084)","1155","0.453699999999999992","Enrichr Queries,0.4537"
"DEG_LD_SW480","1156","FOXN3","0.454500000000000015","ARCHS4 Coexpression,0.4545","RERE,RYR1,SEC13,ECM2,TNNC1,PDE3B,TMC8,OGFRL1,PPP1R3B,SSPN,TCAP,ASB2,PLCB2","chea3","1156","0.454500000000000015",NA,NA,"","3","ARCHS4--Coexpression(rank=740); Enrichr--Queries(rank=864); GTEx--Coexpression(rank=1183)","1156","0.454500000000000015","ARCHS4 Coexpression,0.4545"
"DEG_LD_SW480","1157","SIX5","0.454900000000000027","GTEx Coexpression,0.4549","SIVA1,TSHZ3,GTF2IRD2,MRGPRF,ACSL6,PCDHB13,HSPG2,PDGFC,GATAD1,TRIP6,GTF2IRD2B,APBA2","chea3","1157","0.454900000000000027",NA,NA,"","5","ENCODE--ChIP-seq(rank=107); ReMap--ChIP-seq(rank=270); Enrichr--Queries(rank=699); GTEx--Coexpression(rank=731); ARCHS4--Coexpression(rank=1016)","1157","0.454900000000000027","GTEx Coexpression,0.4549"
"DEG_LD_SW480","1158","ESX1","0.455100000000000005","Enrichr Queries,0.4551","DLX3,HOXD13,HOXD11,ELAVL2,LOXL2,AFF2,SOX2,HEY1,CRTAC1,GRB10,PLAC1,TFAP2A,EGR3,PRRX1,IRX3,PRRX2,MOCOS,ESRRB,SOX14,COL2A1,LHX2,KIF26B,CDH13,FGF13,ATF3","chea3","1158","0.455100000000000005",NA,NA,"","3","Enrichr--Queries(rank=639); GTEx--Coexpression(rank=843); ARCHS4--Coexpression(rank=1232)","1158","0.455100000000000005","Enrichr Queries,0.4551"
"DEG_LD_SW480","1159","SRF","0.456100000000000005","GTEx Coexpression,0.4561","PRUNE2,MRGPRF,AFAP1,EML1,HSPG2,ACTA2,SH3BGRL,KCNMA1,RBPMS2,IGSF9B,NKX6-1,TRMT61A","chea3","1159","0.456100000000000005",NA,NA,"","6","ENCODE--ChIP-seq(rank=75); Literature--ChIP-seq(rank=150); ReMap--ChIP-seq(rank=291); GTEx--Coexpression(rank=733); Enrichr--Queries(rank=1121); ARCHS4--Coexpression(rank=1477)","1159","0.456100000000000005","GTEx Coexpression,0.4561"
"DEG_LD_SW480","1160","SP2","0.456399999999999972","ARCHS4 Coexpression,0.4564","TSC22D4,SLC44A2,ITGB2,DYSF,TMC8,SECTM1,TMC6,ARHGAP45,GNB2,TBC1D10C,LGALS9,PLCB2,SLC12A9","chea3","1160","0.456399999999999972",NA,NA,"","5","ENCODE--ChIP-seq(rank=92); ReMap--ChIP-seq(rank=259); ARCHS4--Coexpression(rank=743); GTEx--Coexpression(rank=768); Enrichr--Queries(rank=1176)","1160","0.456399999999999972","ARCHS4 Coexpression,0.4564"
"DEG_LD_SW480","1161","RBPJ","0.456799999999999984","GTEx Coexpression,0.4568","MRPS24,MAML2,PELI2,ASPSCR1,TGFBR3,GNA13,SESTD1,DNAJC30,DSE,EEF1A2,KCTD12,SLC15A3","chea3","1161","0.456799999999999984",NA,NA,"","5","Literature--ChIP-seq(rank=132); ReMap--ChIP-seq(rank=261); GTEx--Coexpression(rank=734); Enrichr--Queries(rank=975); ARCHS4--Coexpression(rank=1238)","1161","0.456799999999999984","GTEx Coexpression,0.4568"
"DEG_LD_SW480","1162","CRX","0.457299999999999984","Enrichr Queries,0.4573","CEBPD,RORA,LOXL2,SOX2,DACH1,PTPRZ1,ABCA1,TFAP2A,CADPS2,NAPSA,CHRNB4,VDR,MOCOS,ESRRB,CADPS,TET1,MITF,IGF1,HSPG2,PGF,COL2A1,LHX2,PPARG,TGFBI,ATF3","chea3","1162","0.457299999999999984",NA,NA,"","4","Literature--ChIP-seq(rank=118); Enrichr--Queries(rank=642); ARCHS4--Coexpression(rank=957); GTEx--Coexpression(rank=1083)","1162","0.457299999999999984","Enrichr Queries,0.4573"
"DEG_LD_SW480","1163","ZNF699","0.457600000000000007","ARCHS4 Coexpression,0.4576","ZNF512B,ZNF331,MOGAT3,MAML2,SLC30A2,ANKRD44,DAB2IP,RORA,CFAP69,PTGES3L,ST3GAL5,CCDC174,ZNF442","chea3","1163","0.457600000000000007",NA,NA,"","3","ARCHS4--Coexpression(rank=745); Enrichr--Queries(rank=835); GTEx--Coexpression(rank=1199)","1163","0.457600000000000007","ARCHS4 Coexpression,0.4576"
"DEG_LD_SW480","1164","IRF4","0.458799999999999986","ARCHS4 Coexpression,0.4588","CD74,ANKRD33B,SLC43A3,SH2D2A,FURIN,RASGRP3,BATF,SPN,NR4A3,CD7,ZBED2,CYTIP,ASB2","chea3","1164","0.458799999999999986",NA,NA,"","5","ENCODE--ChIP-seq(rank=98); ReMap--ChIP-seq(rank=177); Enrichr--Queries(rank=740); ARCHS4--Coexpression(rank=747); GTEx--Coexpression(rank=1489)","1164","0.458799999999999986","ARCHS4 Coexpression,0.4588"
"DEG_LD_SW480","1165","ARID3C","0.459500000000000020","ARCHS4 Coexpression,0.4595","CPB2,RTP3,CCDC116,EFNA5,C2,GJB1,TFR2,HYAL1,TTPA,ALB,ASPG,AGXT,PRTFDC1","chea3","1165","0.459500000000000020",NA,NA,"","2","ARCHS4--Coexpression(rank=748); GTEx--Coexpression(rank=965)","1165","0.459500000000000020","ARCHS4 Coexpression,0.4595"
"DEG_LD_SW480","1166","MTERF4","0.460100000000000009","ARCHS4 Coexpression,0.4601","RABGAP1L,PDE3B,TMC8,TMC6,ARHGAP45,FRMD3,PPFIBP2,ACAP1,GRAP2,TBC1D10C,CYTIP,STEAP2,SLC12A9","chea3","1166","0.460100000000000009",NA,NA,"","2","ARCHS4--Coexpression(rank=749); GTEx--Coexpression(rank=1117)","1166","0.460100000000000009","ARCHS4 Coexpression,0.4601"
"DEG_LD_SW480","1167","ZNF416","0.460500000000000020","GTEx Coexpression,0.4605","TFAP2A,POP7,RORA,SERPINB8,NKPD1,SERPINB5,KLK7,XG,ORC5,PERP,EXPH5,TMEM45A","chea3","1167","0.460500000000000020",NA,NA,"","3","GTEx--Coexpression(rank=740); Enrichr--Queries(rank=926); ARCHS4--Coexpression(rank=1505)","1167","0.460500000000000020","GTEx Coexpression,0.4605"
"DEG_LD_SW480","1168","ZNF780A","0.461100000000000010","GTEx Coexpression,0.4611","KCNE3,GMFG,PTAFR,CARD6,TMEM60,BATF,FCGR2A,ZNF93,ZNF429,MTERF1,ZNF763,SLC12A9","chea3","1168","0.461100000000000010",NA,NA,"","3","GTEx--Coexpression(rank=741); ARCHS4--Coexpression(rank=801); Enrichr--Queries(rank=1237)","1168","0.461100000000000010","GTEx Coexpression,0.4611"
"DEG_LD_SW480","1169","KLF11","0.462299999999999989","Enrichr Queries,0.4623","CEBPD,EPAS1,NEDD9,RORA,RND3,DUSP10,NAMPT,NFKBIZ,PDK4,ABCA1,ARRDC4,EGLN3,EDN1,ANXA1,ASNS,NR1D1,FBXO32,SERPINB8,TGFBR3,CDK6,NR4A3,CNTN1,KCTD12,TGFBI,ATF3","chea3","1169","0.462299999999999989",NA,NA,"","3","Enrichr--Queries(rank=649); GTEx--Coexpression(rank=779); ARCHS4--Coexpression(rank=922)","1169","0.462299999999999989","Enrichr Queries,0.4623"
"DEG_LD_SW480","1170","ZNF16","0.463100000000000012","ARCHS4 Coexpression,0.4631","ZNF273,GSDMA,MOGAT3,PSPN,POLN,SLC30A2,GTF2IRD2,PTGR2,NCMAP,LASP1,PTGES3L,METTL6,ZNF556","chea3","1170","0.463100000000000012",NA,NA,"","3","ARCHS4--Coexpression(rank=754); Enrichr--Queries(rank=1063); GTEx--Coexpression(rank=1413)","1170","0.463100000000000012","ARCHS4 Coexpression,0.4631"
"DEG_LD_SW480","1171","ARID5B","0.464399999999999979","Enrichr Queries,0.4644","IFITM3,IFITM1,CEBPD,EPAS1,ITPR1,NEDD9,RORA,RND3,ATXN1,ALCAM,PDGFC,NAMPT,NFKBIZ,ABCA1,EDN1,ANXA1,FBXO32,SERPINB8,TGFBR3,DAB2,CDK6,ARHGEF3,CNTN1,TGFBI,ATF3","chea3","1171","0.464399999999999979",NA,NA,"","3","Enrichr--Queries(rank=652); ARCHS4--Coexpression(rank=800); GTEx--Coexpression(rank=1072)","1171","0.464399999999999979","Enrichr Queries,0.4644"
"DEG_LD_SW480","1172","ZNF714","0.465000000000000024","ARCHS4 Coexpression,0.465","ZNF273,GTF2IRD2,FURIN,PTGR2,FAM133B,IFT22,LASP1,GNB2,CFAP69,METTL6,ZNF556,FGF13","chea3","1172","0.465000000000000024",NA,NA,"","3","ARCHS4--Coexpression(rank=757); Enrichr--Queries(rank=965); GTEx--Coexpression(rank=1067)","1172","0.465000000000000024","ARCHS4 Coexpression,0.465"
"DEG_LD_SW480","1173","ARGFX","0.465500000000000025","GTEx Coexpression,0.4655","MYH7B,RYR2,TNNC1,CHCHD10,PTGR2,GRIP2,MYL2,PPP1R1C,EEF1A2,PTGES3L,TCAP,RBM24","chea3","1173","0.465500000000000025",NA,NA,"","3","GTEx--Coexpression(rank=748); Enrichr--Queries(rank=1014); ARCHS4--Coexpression(rank=1264)","1173","0.465500000000000025","GTEx Coexpression,0.4655"
"DEG_LD_SW480","1174","ZBTB24","0.465600000000000014","ARCHS4 Coexpression,0.4656","ANKRD44,PDE3B,DAB2IP,TMC8,RORA,PRKX,DKK3,SPN,ACAP1,ABLIM3,TBC1D10C,CYTIP","chea3","1174","0.465600000000000014",NA,NA,"","3","ARCHS4--Coexpression(rank=758); Enrichr--Queries(rank=1294); GTEx--Coexpression(rank=1583)","1174","0.465600000000000014","ARCHS4 Coexpression,0.4656"
"DEG_LD_SW480","1175","HINFP","0.466100000000000014","GTEx Coexpression,0.4661","TLE2,CARMIL3,PSPN,PRKRIP1,DAB2IP,ADAM11,XKR7,TIAM1,MMP24,PCLO,MCF2L,FAT2","chea3","1175","0.466100000000000014",NA,NA,"","3","ReMap--ChIP-seq(rank=243); GTEx--Coexpression(rank=749); ARCHS4--Coexpression(rank=826)","1175","0.466100000000000014","GTEx Coexpression,0.4661"
"DEG_LD_SW480","1176","ZNF778","0.466200000000000003","ARCHS4 Coexpression,0.4662","RPS6KL1,GSDMA,GSTO2,MOGAT3,PSPN,GTF2IRD2,TTC7B,TMEM40,IFT22,CFAP69,PTGES3L,ZNF556","chea3","1176","0.466200000000000003",NA,NA,"","3","ARCHS4--Coexpression(rank=759); Enrichr--Queries(rank=1038); GTEx--Coexpression(rank=1403)","1176","0.466200000000000003","ARCHS4 Coexpression,0.4662"
"DEG_LD_SW480","1177","PPARA","0.466500000000000026","Enrichr Queries,0.4665","CEBPD,EPAS1,ITPR1,MGST1,RORA,SLC7A2,ATXN1,NAMPT,GRB10,PDK4,ABCA1,VDR,F2R,IGF1,NR1D1,SERPINB8,KLF15,TGFBR3,CDK6,FASN,CAT,CNTN1,PPARG,AGXT,ATF3","chea3","1177","0.466500000000000026",NA,NA,"","3","Enrichr--Queries(rank=655); GTEx--Coexpression(rank=943); ARCHS4--Coexpression(rank=1272)","1177","0.466500000000000026","Enrichr Queries,0.4665"
"DEG_LD_SW480","1178","PRDM9","0.466700000000000004","GTEx Coexpression,0.4667","PLEKHG4,TKTL1,CCDC116,DNHD1,ACTL8,TEX19,STK31,ZCWPW1,TDRD12,PRAME,MAGEC2,MAGEB6","chea3","1178","0.466700000000000004",NA,NA,"","3","GTEx--Coexpression(rank=750); Enrichr--Queries(rank=778); ARCHS4--Coexpression(rank=1186)","1178","0.466700000000000004","GTEx Coexpression,0.4667"
"DEG_LD_SW480","1179","ZNF526","0.466799999999999993","ARCHS4 Coexpression,0.4668","GSTO2,MOGAT3,PSPN,POLN,GTF2IRD2,DAB2IP,PTGR2,NCMAP,ACOXL,ORAI2,PTGES3L,ZNF556","chea3","1179","0.466799999999999993",NA,NA,"","3","ARCHS4--Coexpression(rank=760); GTEx--Coexpression(rank=1290); Enrichr--Queries(rank=1392)","1179","0.466799999999999993","ARCHS4 Coexpression,0.4668"
"DEG_LD_SW480","1180","ZNF181","0.467399999999999982","ARCHS4 Coexpression,0.4674","RAB27B,LYPD5,GDAP1,GNAI1,LASP1,APH1B,NBEA,GNB2,CFAP69,ZNF501,BSN,FGF13","chea3","1180","0.467399999999999982",NA,NA,"","3","ARCHS4--Coexpression(rank=761); Enrichr--Queries(rank=987); GTEx--Coexpression(rank=993)","1180","0.467399999999999982","ARCHS4 Coexpression,0.4674"
"DEG_LD_SW480","1181","TPRX1","0.467899999999999983","Enrichr Queries,0.4679","RYR1,FCGBP,DLX3,LOXL2,RFPL4A,JPH3,PCLO,HYAL1,CDH23,DMD,ABCA1,CD74,TKTL1,NAPSA,ZNF681,EDN1,DNAH10,MUC16,TET1,DKK1,SERPINB8,TEX19,TH,FASN,CDH11","chea3","1181","0.467899999999999983",NA,NA,"","3","Enrichr--Queries(rank=657); GTEx--Coexpression(rank=912); ARCHS4--Coexpression(rank=1443)","1181","0.467899999999999983","Enrichr Queries,0.4679"
"DEG_LD_SW480","1182","ZNF551","0.468000000000000027","GTEx Coexpression,0.468","ZNF512B,TLE2,CARMIL3,TMEM63C,XKR7,TIAM1,MMP24,MC1R,PCLO,ZNF737,MCF2L,FAT2","chea3","1182","0.468000000000000027",NA,NA,"","3","GTEx--Coexpression(rank=752); ARCHS4--Coexpression(rank=906); Enrichr--Queries(rank=1169)","1182","0.468000000000000027","GTEx Coexpression,0.468"
"DEG_LD_SW480","1183","ZNF674","0.468700000000000006","ARCHS4 Coexpression,0.4687","GSDMA,MOGAT3,PSPN,POLN,GTF2IRD2,LYPD5,NCMAP,RASGRP3,IFT22,CFAP69,PTGES3L,ZNF556","chea3","1183","0.468700000000000006",NA,NA,"","3","ARCHS4--Coexpression(rank=763); Enrichr--Queries(rank=1054); GTEx--Coexpression(rank=1081)","1183","0.468700000000000006","ARCHS4 Coexpression,0.4687"
"DEG_LD_SW480","1184","ZNF800","0.469299999999999995","ARCHS4 Coexpression,0.4693","ANKRD44,PDE3B,DAB2IP,TMC8,RORA,SPN,ACAP1,MDK,NFKBIZ,ZNF655,CYTIP,PAG1","chea3","1184","0.469299999999999995",NA,NA,"","3","ARCHS4--Coexpression(rank=764); GTEx--Coexpression(rank=852); Enrichr--Queries(rank=1334)","1184","0.469299999999999995","ARCHS4 Coexpression,0.4693"
"DEG_LD_SW480","1185","ZNF726","0.469899999999999984","ARCHS4 Coexpression,0.4699","ZNF273,GSDMA,MOGAT3,PSPN,GTF2IRD2,FRMPD1,LYPD5,PTGR2,RASGRP3,IFT22,PTGES3L,ZNF556","chea3","1185","0.469899999999999984",NA,NA,"","2","ARCHS4--Coexpression(rank=765); GTEx--Coexpression(rank=1512)","1185","0.469899999999999984","ARCHS4 Coexpression,0.4699"
"DEG_LD_SW480","1186","TIGD7","0.470499999999999974","ARCHS4 Coexpression,0.4705","BEX4,MYBPH,CRMP1,FURIN,SLC16A14,PNMA1,ZNF93,FEZ1,ORAI2,ZNF610,DZIP3,VAT1L","chea3","1186","0.470499999999999974",NA,NA,"","3","ARCHS4--Coexpression(rank=766); Enrichr--Queries(rank=825); GTEx--Coexpression(rank=1084)","1186","0.470499999999999974","ARCHS4 Coexpression,0.4705"
"DEG_LD_SW480","1187","ZNF570","0.471100000000000019","ARCHS4 Coexpression,0.4711","ZNF273,MOGAT3,PSPN,POLN,GTF2IRD2,PTGR2,KCNV1,IFT22,LASP1,GNB2,ANKRD52,ZNF556","chea3","1187","0.471100000000000019",NA,NA,"","3","ARCHS4--Coexpression(rank=767); Enrichr--Queries(rank=845); GTEx--Coexpression(rank=1561)","1187","0.471100000000000019","ARCHS4 Coexpression,0.4711"
"DEG_LD_SW480","1188","ZNF345","0.471499999999999975","Enrichr Queries,0.4715","ZNF331,ATP8A1,RORA,ZMAT1,FLRT3,ZNF429,ZNF107,ZNF763,ABCA1,CADPS2,ZNF681,ZNF680,AUTS2,BCL11A,TET1,FBXO32,SERPINB8,PGF,SYTL2,ZNF93,NBEA,ZNF737,YPEL1,ZNF117,ZNF610","chea3","1188","0.471499999999999975",NA,NA,"","3","Enrichr--Queries(rank=662); ARCHS4--Coexpression(rank=978); GTEx--Coexpression(rank=1586)","1188","0.471499999999999975","Enrichr Queries,0.4715"
"DEG_LD_SW480","1189","ZNF322","0.471700000000000008","ARCHS4 Coexpression,0.4717","AUTS2,HMGCS1,GMFG,CRMP1,TET1,MSMO1,PTPN13,GDAP1,ARHGAP45,SOX2,SALL4,CNMD","chea3","1189","0.471700000000000008",NA,NA,"","2","ARCHS4--Coexpression(rank=768); GTEx--Coexpression(rank=1447)","1189","0.471700000000000008","ARCHS4 Coexpression,0.4717"
"DEG_LD_SW480","1190","ZSCAN9","0.472999999999999976","ARCHS4 Coexpression,0.473","BEX4,CCDC187,RTN1,ZC4H2,CRMP1,MSMO1,RND3,GDAP1,SLC16A14,ELAVL2,PNMA1,GPC2","chea3","1190","0.472999999999999976",NA,NA,"","2","ARCHS4--Coexpression(rank=770); GTEx--Coexpression(rank=955)","1190","0.472999999999999976","ARCHS4 Coexpression,0.473"
"DEG_LD_SW480","1191","ZNF70","0.474200000000000010","ARCHS4 Coexpression,0.4742","ZNF273,MOGAT3,PSPN,GTF2IRD2,FRMPD1,TTC7B,LYPD5,RASGRP3,IFT22,RIPPLY3,ORAI2,ZNF556","chea3","1191","0.474200000000000010",NA,NA,"","3","ARCHS4--Coexpression(rank=772); Enrichr--Queries(rank=949); GTEx--Coexpression(rank=968)","1191","0.474200000000000010","ARCHS4 Coexpression,0.4742"
"DEG_LD_SW480","1192","ZNF33A","0.474800000000000000","ARCHS4 Coexpression,0.4748","PLOD3,CRMP1,GDAP1,NBEA,GNB2,ZNF737,TRIP6,AP1S1,ZNF117,ANKRD52,FGF13,DZIP3","chea3","1192","0.474800000000000000",NA,NA,"","3","ARCHS4--Coexpression(rank=773); GTEx--Coexpression(rank=1189); Enrichr--Queries(rank=1321)","1192","0.474800000000000000","ARCHS4 Coexpression,0.4748"
"DEG_LD_SW480","1193","ANHX","0.476700000000000013","GTEx Coexpression,0.4767","PLEKHG4,TKTL1,DUSP15,ACTL8,TEX19,STK31,HERC5,ZCWPW1,TDRD12,PRAME,MAGEC2,MAGEB6","chea3","1193","0.476700000000000013",NA,NA,"","2","GTEx--Coexpression(rank=766); ARCHS4--Coexpression(rank=917)","1193","0.476700000000000013","GTEx Coexpression,0.4767"
"DEG_LD_SW480","1194","ZNF85","0.477300000000000002","ARCHS4 Coexpression,0.4773","ZNF681,ZNF273,PSPN,GTF2IRD2,FURIN,ACOXL,LASP1,ZNF93,GNB2,ANKRD52,ZNF556,FGF13","chea3","1194","0.477300000000000002",NA,NA,"","3","ARCHS4--Coexpression(rank=777); Enrichr--Queries(rank=1022); GTEx--Coexpression(rank=1223)","1194","0.477300000000000002","ARCHS4 Coexpression,0.4773"
"DEG_LD_SW480","1195","MLXIP","0.477300000000000002","GTEx Coexpression,0.4773","RERE,RYR1,GTF2IRD2,MITF,FBXO32,CACNG6,KCNS3,ZSCAN21,CORO6,PRKCQ,ASB2,GTF2IRD2B","chea3","1195","0.477300000000000002",NA,NA,"","3","GTEx--Coexpression(rank=767); Enrichr--Queries(rank=981); ARCHS4--Coexpression(rank=1255)","1195","0.477300000000000002","GTEx Coexpression,0.4773"
"DEG_LD_SW480","1196","DDIT3","0.477899999999999991","Enrichr Queries,0.4779","IFITM3,CEBPD,MSMO1,RND3,DUSP10,GPNMB,NAMPT,NFKBIZ,UPP1,CTSB,ABCA1,EDN1,EGR3,ANXA1,HMGCS1,ASNS,NR1D1,FBXO32,SERPINB8,ISG20,NR4A3,IL1B,CNTN1,TGFBI,ATF3","chea3","1196","0.477899999999999991",NA,NA,"","3","Enrichr--Queries(rank=671); ARCHS4--Coexpression(rank=1082); GTEx--Coexpression(rank=1152)","1196","0.477899999999999991","Enrichr Queries,0.4779"
"DEG_LD_SW480","1197","ZNF627","0.479100000000000026","ARCHS4 Coexpression,0.4791","BEX4,RTN1,CRMP1,FURIN,MSMO1,GDAP1,LASP1,PNMA1,FEZ1,GNB2,ZNF737,ZNF610","chea3","1197","0.479100000000000026",NA,NA,"","3","ARCHS4--Coexpression(rank=780); Enrichr--Queries(rank=970); GTEx--Coexpression(rank=1052)","1197","0.479100000000000026","ARCHS4 Coexpression,0.4791"
"DEG_LD_SW480","1198","ZNF598","0.479800000000000004","GTEx Coexpression,0.4798","TFAP2A,BEX4,DCLK2,CBLC,RORA,SERPINB8,RINT1,PERP,NCAM1,TNS4,PRTFDC1,TMEM45A","chea3","1198","0.479800000000000004",NA,NA,"","3","GTEx--Coexpression(rank=771); Enrichr--Queries(rank=1335); ARCHS4--Coexpression(rank=1534)","1198","0.479800000000000004","GTEx Coexpression,0.4798"
"DEG_LD_SW480","1199","IKZF5","0.480300000000000005","ARCHS4 Coexpression,0.4803","DAB2IP,PLOD3,PDAP1,RORA,LASP1,DUSP10,MDK,GNB2,TRIP6,AP1S1,CYTIP,EPHB4","chea3","1199","0.480300000000000005",NA,NA,"","3","ARCHS4--Coexpression(rank=782); Enrichr--Queries(rank=1254); GTEx--Coexpression(rank=1599)","1199","0.480300000000000005","ARCHS4 Coexpression,0.4803"
"DEG_LD_SW480","1200","ZNF823","0.480800000000000005","Enrichr Queries,0.4808","IFITM1,CEBPD,IFI6,RND3,DUSP10,NAMPT,NFKBIZ,PDK4,ZNF763,PAG1,ZNF442,ABCA1,ARRDC4,CADPS2,EGR3,HMGCS1,BCL11A,SERPINB8,SLC16A14,PGF,ISG20,TGFBR3,ZNF92,KBTBD8,ATF3","chea3","1200","0.480800000000000005",NA,NA,"","3","Enrichr--Queries(rank=675); GTEx--Coexpression(rank=1174); ARCHS4--Coexpression(rank=1493)","1200","0.480800000000000005","Enrichr Queries,0.4808"
"DEG_LD_SW480","1201","RBCK1","0.481599999999999973","ARCHS4 Coexpression,0.4816","IFITM3,TSC22D4,SECTM1,FURIN,TMC6,ARHGAP45,LASP1,OAS1,GNB2,TBC1D10C,LGALS9,SLC12A9","chea3","1201","0.481599999999999973",NA,NA,"","2","ARCHS4--Coexpression(rank=784); GTEx--Coexpression(rank=1441)","1201","0.481599999999999973","ARCHS4 Coexpression,0.4816"
"DEG_LD_SW480","1202","ZNF205","0.481599999999999973","GTEx Coexpression,0.4816","ANKRD44,PLEK,ARHGAP45,GNA13,SLC7A7,ACAP1,APH1B,GRAP2,TBC1D10C,RUBCNL,KBTBD8,CFAP45","chea3","1202","0.481599999999999973",NA,NA,"","3","GTEx--Coexpression(rank=774); Enrichr--Queries(rank=1033); ARCHS4--Coexpression(rank=1215)","1202","0.481599999999999973","GTEx Coexpression,0.4816"
"DEG_LD_SW480","1203","ZNF280D","0.482800000000000007","ARCHS4 Coexpression,0.4828","SHC4,GSTO2,GTF2IRD2,TTC7B,KCNV1,SPTLC3,GNB2,CFAP69,ASB4,ZNF556,FGF13,TMEM45A","chea3","1203","0.482800000000000007",NA,NA,"","3","ARCHS4--Coexpression(rank=786); Enrichr--Queries(rank=1205); GTEx--Coexpression(rank=1367)","1203","0.482800000000000007","ARCHS4 Coexpression,0.4828"
"DEG_LD_SW480","1204","TBP","0.483099999999999974","ENCODE ChIP-seq,0.4831","RERE,SLC46A3,CD82,MAML2,MSMO1,IL1RAP,RND3,CX3CL1,SPN,ALCAM,DBP,GRAP2,GATAD1,LGALS9,LMCD1,ZNF442,SLC12A9,CTSB,RNF43,ZNF680,MRPS24,ANKRD44,TRNT1,SERPINB8,SUMF1,TEX19,TPST1,ZNF92,VGF,DNAJC30,IL1B,ZSCAN21,RUBCNL,PIGH,ARL8B,BEX4,ZNF273,SH2D2A,PON2,TSHZ2,GTPBP10,SLC5A3,STYXL1,ORC5,SH3BGRL,CALHM1,ZMAT1,PNMA1,ZNF429,ZNF107,METTL6,CKB,ZNF501,NLRP1,CRYM,SIVA1,PCP4L1,CHCHD10,SLC16A14,DCBLD2,FAM167A,CDK6,NR4A3,ARMC10,FASN,ZNF737,TRIP6,TBCE,ZNF610,ULBP2","chea3","1204","0.483099999999999974",NA,NA,"","5","ENCODE--ChIP-seq(rank=57); Literature--ChIP-seq(rank=142); ReMap--ChIP-seq(rank=276); ARCHS4--Coexpression(rank=1339); GTEx--Coexpression(rank=1345)","1204","0.483099999999999974","ENCODE ChIP-seq,0.4831"
"DEG_LD_SW480","1205","ZNF426","0.483399999999999996","ARCHS4 Coexpression,0.4834","GSTO2,MOGAT3,GTF2IRD2,TTC7B,PTGR2,KCNV1,LASP1,GNB2,CFAP69,ANKRD52,ZNF556,FGF13","chea3","1205","0.483399999999999996",NA,NA,"","3","ARCHS4--Coexpression(rank=787); Enrichr--Queries(rank=804); GTEx--Coexpression(rank=999)","1205","0.483399999999999996","ARCHS4 Coexpression,0.4834"
"DEG_LD_SW480","1206","CENPBD1","0.483999999999999986","ARCHS4 Coexpression,0.484","CHRNB4,MOGAT3,PSPN,GTF2IRD2,DAB2IP,PTGR2,IFT22,LASP1,PSMG3,PTGES3L,ZNF556,CCDC174","chea3","1206","0.483999999999999986",NA,NA,"","2","ARCHS4--Coexpression(rank=788); GTEx--Coexpression(rank=1131)","1206","0.483999999999999986","ARCHS4 Coexpression,0.484"
"DEG_LD_SW480","1207","ZNF19","0.484599999999999975","ARCHS4 Coexpression,0.4846","GSTO2,MOGAT3,PSPN,POLN,GTF2IRD2,TTC7B,LYPD5,KCNV1,SPTLC3,CFAP69,ZNF556,FGF13","chea3","1207","0.484599999999999975",NA,NA,"","3","Enrichr--Queries(rank=700); ARCHS4--Coexpression(rank=789); GTEx--Coexpression(rank=1157)","1207","0.484599999999999975","ARCHS4 Coexpression,0.4846"
"DEG_LD_SW480","1208","E2F5","0.484800000000000009","ReMap ChIP-seq,0.4848","ZNF331,IFITM3,SLC43A3,MEPCE,PDE3B,ITPR1,C2,NAT16,GNA13,LYL1,ZCWPW1,ADAMTS14,HYAL1,VPS50,AP1S1,EPHB4,SLC12A9,MFAP3L,PRKCG,EDARADD,RABGAP1L,SLC30A2,MACC1,UBE2E2,MITF,SYP,HSPG2,AP3B2,SGO1,RAB30,SLC7A7,VGF,FASN,YPEL1,CASS4,CMPK2,NPTXR,CCDC174,GPRC5C,ZNF114,SIGLEC6,PRTFDC1","chea3","1208","0.484800000000000009",NA,NA,"","4","ReMap--ChIP-seq(rank=144); Enrichr--Queries(rank=877); ARCHS4--Coexpression(rank=1279); GTEx--Coexpression(rank=1487)","1208","0.484800000000000009","ReMap ChIP-seq,0.4848"
"DEG_LD_SW480","1209","ZNF33B","0.485399999999999998","GTEx Coexpression,0.4854","ERO1B,SLC30A2,SLC43A1,ARHGEF38,PDX1,KIF12,PKHD1,ZNF737,GRB10,FSCN2,ZNF655,SLC38A5","chea3","1209","0.485399999999999998",NA,NA,"","3","GTEx--Coexpression(rank=780); Enrichr--Queries(rank=967); ARCHS4--Coexpression(rank=1058)","1209","0.485399999999999998","GTEx Coexpression,0.4854"
"DEG_LD_SW480","1210","ZNF69","0.485800000000000010","Enrichr Queries,0.4858","IFITM3,CEBPD,SLC44A2,IFI6,IGFBP7,CKB,ZNF763,ZNF486,ABCA1,CD74,CADPS2,EDN1,ANXA1,AUTS2,TNFSF15,BCL11A,F2R,PTGR2,SERPINB8,SHROOM4,SYTL2,ZNF93,ZNF737,TGFBI","chea3","1210","0.485800000000000010",NA,NA,"","3","Enrichr--Queries(rank=682); GTEx--Coexpression(rank=1383); ARCHS4--Coexpression(rank=1496)","1210","0.485800000000000010","Enrichr Queries,0.4858"
"DEG_LD_SW480","1211","ZNF850","0.486499999999999988","ARCHS4 Coexpression,0.4865","ZNF273,MOGAT3,PSPN,POLN,GTF2IRD2,TTC7B,PTGR2,RASGRP3,IFT22,CFAP69,PTGES3L,ZNF556","chea3","1211","0.486499999999999988",NA,NA,"","2","ARCHS4--Coexpression(rank=792); GTEx--Coexpression(rank=1549)","1211","0.486499999999999988","ARCHS4 Coexpression,0.4865"
"DEG_LD_SW480","1212","ZNF732","0.486599999999999977","GTEx Coexpression,0.4866","TENM1,TLE2,CARMIL3,STXBP1,DAB2IP,ADAM11,XKR7,TIAM1,MMP24,PCLO,KIAA1614,MCF2L","chea3","1212","0.486599999999999977",NA,NA,"","2","GTEx--Coexpression(rank=782); ARCHS4--Coexpression(rank=1226)","1212","0.486599999999999977","GTEx Coexpression,0.4866"
"DEG_LD_SW480","1213","GCM2","0.487200000000000022","Enrichr Queries,0.4872","RYR2,SHOX2,CRMP1,RORA,HOXD13,HOXD10,LOXL2,PKHD1,SOX2,ACOXL,TFAP2A,ADGRV1,EGR3,PRRX1,VDR,MOCOS,ESRRB,SOX14,NMNAT2,SERPINB8,ALDH1A3,LHX2,PPARG,ATF3","chea3","1213","0.487200000000000022",NA,NA,"","3","Enrichr--Queries(rank=684); GTEx--Coexpression(rank=828); ARCHS4--Coexpression(rank=832)","1213","0.487200000000000022","Enrichr Queries,0.4872"
"DEG_LD_SW480","1214","AKAP8","0.487200000000000022","GTEx Coexpression,0.4872","BEX4,B3GALNT1,KCNJ10,DCLK2,GRIK4,FAIM2,GDAP1,SOX2,FEZ1,PHACTR3,NCAM1,PRTFDC1","chea3","1214","0.487200000000000022",NA,NA,"","3","GTEx--Coexpression(rank=783); ARCHS4--Coexpression(rank=1020); Enrichr--Queries(rank=1391)","1214","0.487200000000000022","GTEx Coexpression,0.4872"
"DEG_LD_SW480","1215","TIGD1","0.487700000000000022","ARCHS4 Coexpression,0.4877","SHC4,GSTO2,STARD8,TTC7B,KCNV1,SPTLC3,KATNAL2,ZNF429,CFAP69,ASB4,FGF13,TMEM45A","chea3","1215","0.487700000000000022",NA,NA,"","2","ARCHS4--Coexpression(rank=794); GTEx--Coexpression(rank=1217)","1215","0.487700000000000022","ARCHS4 Coexpression,0.4877"
"DEG_LD_SW480","1216","TET2","0.488499999999999990","GTEx Coexpression,0.4885","CD82,TNFRSF18,ANKRD44,PLEK,IL1RAP,NOD2,FCGR2A,GNB2,GRAP2,CASP4,RUBCNL,CYTIP","chea3","1216","0.488499999999999990",NA,NA,"","2","GTEx--Coexpression(rank=785); ARCHS4--Coexpression(rank=808)","1216","0.488499999999999990","GTEx Coexpression,0.4885"
"DEG_LD_SW480","1217","NFX1","0.488900000000000001","ARCHS4 Coexpression,0.4889","SHC4,GSTO2,GTF2IRD2,STARD8,TTC7B,KCNV1,SPTLC3,ORAI2,CFAP69,ASB4,FGF13,TMEM45A","chea3","1217","0.488900000000000001",NA,NA,"","3","ARCHS4--Coexpression(rank=796); Enrichr--Queries(rank=1347); GTEx--Coexpression(rank=1493)","1217","0.488900000000000001","ARCHS4 Coexpression,0.4889"
"DEG_LD_SW480","1218","ZIM3","0.489099999999999979","GTEx Coexpression,0.4891","CCDC116,SMKR1,DUSP15,ACTL8,TEX19,RGPD3,STK31,ZCWPW1,TDRD12,PRAME,MAGEC2,MAGEB6","chea3","1218","0.489099999999999979",NA,NA,"","3","GTEx--Coexpression(rank=786); Enrichr--Queries(rank=853); ARCHS4--Coexpression(rank=1305)","1218","0.489099999999999979","GTEx Coexpression,0.4891"
"DEG_LD_SW480","1219","ZNF383","0.489599999999999980","ARCHS4 Coexpression,0.4896","ZNF273,MOGAT3,PSPN,GTF2IRD2,TTC7B,LYPD5,RASGRP3,KCNV1,ORAI2,CFAP69,PTGES3L,ZNF556","chea3","1219","0.489599999999999980",NA,NA,"","3","ARCHS4--Coexpression(rank=797); Enrichr--Queries(rank=862); GTEx--Coexpression(rank=1585)","1219","0.489599999999999980","ARCHS4 Coexpression,0.4896"
"DEG_LD_SW480","1220","ZNF787","0.489700000000000024","GTEx Coexpression,0.4897","SELPLG,GMFG,DYSF,SECTM1,TMEM60,SDHAF3,VSTM1,FBXO6,POLR2J,SH2B2,SLC12A9,MAP2K6","chea3","1220","0.489700000000000024",NA,NA,"","3","GTEx--Coexpression(rank=787); Enrichr--Queries(rank=1268); ARCHS4--Coexpression(rank=1484)","1220","0.489700000000000024","GTEx Coexpression,0.4897"
"DEG_LD_SW480","1221","GCM1","0.489999999999999991","Enrichr Queries,0.49","DLX3,CEBPD,EPAS1,RORA,LOXL2,ATXN1,OLR1,ABCA1,TFAP2A,CADPS2,EDN1,EGR3,ANXA1,MOCOS,IGF1,NR1D1,SERPINB8,PGF,ACTA2,NR4A3,IL1B,KCNMA1,PPARG,ATF3","chea3","1221","0.489999999999999991",NA,NA,"","3","Enrichr--Queries(rank=688); GTEx--Coexpression(rank=1068); ARCHS4--Coexpression(rank=1106)","1221","0.489999999999999991","Enrichr Queries,0.49"
"DEG_LD_SW480","1222","ZNF26","0.490200000000000025","ARCHS4 Coexpression,0.4902","GSTO2,MOGAT3,PSPN,GTF2IRD2,TTC7B,RASGRP3,KCNV1,ORAI2,CFAP69,ZNF556,FGF13,TMEM45A","chea3","1222","0.490200000000000025",NA,NA,"","3","ARCHS4--Coexpression(rank=798); Enrichr--Queries(rank=996); GTEx--Coexpression(rank=1601)","1222","0.490200000000000025","ARCHS4 Coexpression,0.4902"
"DEG_LD_SW480","1223","ZNF75D","0.490700000000000025","Enrichr Queries,0.4907","BEX4,IFITM1,ATP8A1,CEBPD,IFI6,RORA,ATXN1,RASSF2,DUSP10,DMD,GABRE,ABCA1,CADPS2,ANXA1,BCL11A,F2R,ASNS,FBXO32,PTPN13,SERPINB8,PGF,SYTL2,OAS1,ATF3","chea3","1223","0.490700000000000025",NA,NA,"","3","Enrichr--Queries(rank=689); ARCHS4--Coexpression(rank=1078); GTEx--Coexpression(rank=1396)","1223","0.490700000000000025","Enrichr Queries,0.4907"
"DEG_LD_SW480","1224","ZNF234","0.490800000000000014","ARCHS4 Coexpression,0.4908","ZNF273,MOGAT3,FBXW10,PSPN,GTF2IRD2,PTGR2,COQ6,TMEM60,DBF4,GNB2,CFAP69,ZNF556","chea3","1224","0.490800000000000014",NA,NA,"","3","ARCHS4--Coexpression(rank=799); GTEx--Coexpression(rank=905); Enrichr--Queries(rank=1124)","1224","0.490800000000000014","ARCHS4 Coexpression,0.4908"
"DEG_LD_SW480","1225","FOXI2","0.491499999999999992","Enrichr Queries,0.4915","RYR2,SPON1,NTM,CRMP1,RORA,CACNA1E,WFDC2,SOX2,JPH3,EGFLAM,IGFBP7,RHBDL3,TFAP2A,VWF,IRX3,EBF3,SERPINB8,RIPPLY3,CDK6,NBEA,KCNMA1,EEF1A2,CNTN1,CDH13","chea3","1225","0.491499999999999992",NA,NA,"","3","Enrichr--Queries(rank=690); GTEx--Coexpression(rank=902); ARCHS4--Coexpression(rank=911)","1225","0.491499999999999992","Enrichr Queries,0.4915"
"DEG_LD_SW480","1226","SNAPC4","0.491599999999999981","ReMap ChIP-seq,0.4916","ECM1,ATP8A1,GMFG,MEPCE,CBLC,PRR5L,IL1RAP,LMF1,ZCWPW1,TGFBR3L,DSE,NLRP3,SLC15A3,TNS4,GTF2IRD2B,SH2B2,VTI1B,MAP2K6,ARHGEF33,B3GALNT1,EDN1,PSPN,PRRX2,ASNS,KLHDC8B,PTGR2,CYP39A1,ISG20,OLFM1,RINT1,SBK3,SLC6A6,CD4,KIF26B,COL5A3,ORAI2,SAA1,SAA2,ALPI,S100A3,ULBP2,ATF3","chea3","1226","0.491599999999999981",NA,NA,"","4","ReMap--ChIP-seq(rank=146); GTEx--Coexpression(rank=877); Enrichr--Queries(rank=1240); ARCHS4--Coexpression(rank=1552)","1226","0.491599999999999981","ReMap ChIP-seq,0.4916"
"DEG_LD_SW480","1227","ZNF83","0.492200000000000026","Enrichr Queries,0.4922","ZNF331,IFITM1,CEBPD,IFI6,RORA,ALCAM,ZMAT1,GPNMB,NAMPT,NFKBIZ,CTSB,ABCA1,ARRDC4,CADPS2,ANXA1,SERPINB8,PGF,SYTL2,ACTA2,DAB2,SELENOP,CNTN1,ZNF117,KCTD12","chea3","1227","0.492200000000000026",NA,NA,"","4","ReMap--ChIP-seq(rank=242); Enrichr--Queries(rank=691); ARCHS4--Coexpression(rank=1093); GTEx--Coexpression(rank=1394)","1227","0.492200000000000026","Enrichr Queries,0.4922"
"DEG_LD_SW480","1228","ZNF514","0.493599999999999983","Enrichr Queries,0.4936","ZNF331,IFI6,RORA,ZMAT1,GPNMB,NFKBIZ,PAG1,ABCA1,ARRDC4,AUTS2,BCL11B,BCL11A,F2R,TET1,ASNS,SERPINB8,SLC16A14,PGF,SYTL2,TGFBR3,YPEL1,ZNF711,ZNF117,KCTD12","chea3","1228","0.493599999999999983",NA,NA,"","3","Enrichr--Queries(rank=693); ARCHS4--Coexpression(rank=1118); GTEx--Coexpression(rank=1210)","1228","0.493599999999999983","Enrichr Queries,0.4936"
"DEG_LD_SW480","1229","ZNF525","0.493900000000000006","ARCHS4 Coexpression,0.4939","ZNF681,MPP4,TIAM2,LASP1,PPFIBP2,PPP1R2B,GNB2,CFAP69,PTGES3L,ANKRD52,ZNF556,EFHB","chea3","1229","0.493900000000000006",NA,NA,"","2","ARCHS4--Coexpression(rank=804); GTEx--Coexpression(rank=1543)","1229","0.493900000000000006","ARCHS4 Coexpression,0.4939"
"DEG_LD_SW480","1230","ZNF511","0.495999999999999996","GTEx Coexpression,0.496","MRPS24,SIVA1,TNNC1,LSMEM1,CHCHD10,COQ6,CHCHD4,ADCK1,PTGES3L,TCAP,ASB2,POLR2J","chea3","1230","0.495999999999999996",NA,NA,"","3","GTEx--Coexpression(rank=797); ARCHS4--Coexpression(rank=1326); Enrichr--Queries(rank=1351)","1230","0.495999999999999996","GTEx Coexpression,0.496"
"DEG_LD_SW480","1231","NR1D2","0.496400000000000008","Enrichr Queries,0.4964","IFITM3,CEBPD,EPAS1,ITPR1,RORA,MSMO1,RND3,ALCAM,NAMPT,NFKBIZ,PDK4,ABCA1,CD74,CADPS2,ANXA1,HMGCS1,NR1D1,FBXO32,SERPINB8,TGFBR3,EIF5,SELENOP,CNTN1,ATF3","chea3","1231","0.496400000000000008",NA,NA,"","3","Enrichr--Queries(rank=697); ARCHS4--Coexpression(rank=1032); GTEx--Coexpression(rank=1098)","1231","0.496400000000000008","Enrichr Queries,0.4964"
"DEG_LD_SW480","1232","ZC3H8","0.496599999999999986","GTEx Coexpression,0.4966","RPS6KL1,UNC13A,CARMIL3,TMEM63C,SPTB,AP3B2,GDAP1,FAM200A,PCLO,VPS50,EEF1A2,BSN","chea3","1232","0.496599999999999986",NA,NA,"","4","ReMap--ChIP-seq(rank=211); GTEx--Coexpression(rank=798); Enrichr--Queries(rank=1242); ARCHS4--Coexpression(rank=1364)","1232","0.496599999999999986","GTEx Coexpression,0.4966"
"DEG_LD_SW480","1233","ZNF891","0.496900000000000008","ARCHS4 Coexpression,0.4969","GSTO2,MOGAT3,PSPN,GTF2IRD2,TTC7B,PTGR2,RASGRP3,KCNV1,CFAP69,ZNF556,FGF13,TMEM45A","chea3","1233","0.496900000000000008",NA,NA,"","2","ARCHS4--Coexpression(rank=809); GTEx--Coexpression(rank=1425)","1233","0.496900000000000008","ARCHS4 Coexpression,0.4969"
"DEG_LD_SW480","1234","NR2C1","0.497199999999999975","GTEx Coexpression,0.4972","RERE,TENM1,CADPS2,TLE2,GTF2IRD2,DAB2IP,ARPC4,KIAA1614,GNB2,ZNF502,GTF2IRD2B,ZNF596","chea3","1234","0.497199999999999975",NA,NA,"","3","GTEx--Coexpression(rank=799); Enrichr--Queries(rank=1150); ARCHS4--Coexpression(rank=1345)","1234","0.497199999999999975","GTEx Coexpression,0.4972"
"DEG_LD_SW480","1235","GTF2B","0.497499999999999998","ARCHS4 Coexpression,0.4975","ZNF512B,BUD31,PLEK,DAB2IP,SERPINB8,ISG20,DPH3,UPP1,ANKRD52,CYTIP,ARL8B,BET1","chea3","1235","0.497499999999999998",NA,NA,"","4","ENCODE--ChIP-seq(rank=100); ReMap--ChIP-seq(rank=278); ARCHS4--Coexpression(rank=810); GTEx--Coexpression(rank=960)","1235","0.497499999999999998","ARCHS4 Coexpression,0.4975"
"DEG_LD_SW480","1236","ZNF703","0.498400000000000010","GTEx Coexpression,0.4984","RYR1,PDAP1,RORA,MITF,NR1D1,BICRA,CACNG6,TMEM43,SIX2,SSPN,DMD,ASB2","chea3","1236","0.498400000000000010",NA,NA,"","3","Enrichr--Queries(rank=762); GTEx--Coexpression(rank=801); ARCHS4--Coexpression(rank=916)","1236","0.498400000000000010","GTEx Coexpression,0.4984"
"DEG_LD_SW480","1237","ZNF430","0.498800000000000021","ARCHS4 Coexpression,0.4988","ZNF512B,ZNF273,MOGAT3,PSPN,GTF2IRD2,DAB2IP,LASP1,GNB2,CFAP69,AP1S1,ANKRD52,ZNF556","chea3","1237","0.498800000000000021",NA,NA,"","3","ARCHS4--Coexpression(rank=812); Enrichr--Queries(rank=1056); GTEx--Coexpression(rank=1172)","1237","0.498800000000000021","ARCHS4 Coexpression,0.4988"
"DEG_LD_SW480","1238","ZNF195","0.499699999999999978","GTEx Coexpression,0.4997","STXBP1,GTPBP10,MAPK8IP2,HSPG2,AP3B2,GDAP1,BEGAIN,PCLO,TMEM43,APBA2,BEND6,TMEM229B","chea3","1238","0.499699999999999978",NA,NA,"","3","GTEx--Coexpression(rank=803); Enrichr--Queries(rank=1024); ARCHS4--Coexpression(rank=1151)","1238","0.499699999999999978","GTEx Coexpression,0.4997"
"DEG_LD_SW480","1239","ZSCAN5A","0.500000000000000000","Enrichr Queries,0.5","NEDD9,XYLT1,RORA,LFNG,SPOCK1,CADPS2,NAPSA,EDN1,EGR3,AUTS2,HMGCS1,BCL11B,BCL11A,SERPINB8,PGF,ISG20,TGFBR3,CDK6,SLCO3A1,KCNMA1,UST,ARHGEF3,TMCC3,ATF3","chea3","1239","0.500000000000000000",NA,NA,"","3","Enrichr--Queries(rank=702); ARCHS4--Coexpression(rank=901); GTEx--Coexpression(rank=1485)","1239","0.500000000000000000","Enrichr Queries,0.5"
"DEG_LD_SW480","1240","ZNF784","0.500600000000000045","ARCHS4 Coexpression,0.5006","RYR1,TNNC1,CHCHD10,AFF2,CACNG6,GNB2,SIX2,TRIP6,CORO6,TCAP,ASB2,RBM24","chea3","1240","0.500600000000000045",NA,NA,"","3","ARCHS4--Coexpression(rank=815); GTEx--Coexpression(rank=874); Enrichr--Queries(rank=956)","1240","0.500600000000000045","ARCHS4 Coexpression,0.5006"
"DEG_LD_SW480","1241","MECP2","0.501600000000000046","GTEx Coexpression,0.5016","TENM1,CADPS2,ZC4H2,PRUNE2,ITPR1,CBLC,AFF2,SEM1,KIAA1614,NBEA,IGSF9B,APBB1","chea3","1241","0.501600000000000046",NA,NA,"","3","GTEx--Coexpression(rank=806); Enrichr--Queries(rank=1153); ARCHS4--Coexpression(rank=1243)","1241","0.501600000000000046","GTEx Coexpression,0.5016"
"DEG_LD_SW480","1242","ZNF281","0.502199999999999980","GTEx Coexpression,0.5022","HS3ST3B1,TIGD2,PTGER2,DKK1,TPST1,DUSP10,SDHAF3,TNFSF4,COL6A3,MTERF1,METTL6,TLR4","chea3","1242","0.502199999999999980",NA,NA,"","3","GTEx--Coexpression(rank=807); ARCHS4--Coexpression(rank=992); Enrichr--Queries(rank=1030)","1242","0.502199999999999980","GTEx Coexpression,0.5022"
"DEG_LD_SW480","1243","HSF2","0.503099999999999992","ARCHS4 Coexpression,0.5031","BEX4,RTN1,CRMP1,MSMO1,GDAP1,ELAVL2,STK31,LASP1,PNMA1,FEZ1,GNB2,DZIP3","chea3","1243","0.503099999999999992",NA,NA,"","3","ARCHS4--Coexpression(rank=819); GTEx--Coexpression(rank=1024); Enrichr--Queries(rank=1101)","1243","0.503099999999999992","ARCHS4 Coexpression,0.5031"
"DEG_LD_SW480","1244","ZNF566","0.503700000000000037","ARCHS4 Coexpression,0.5037","ZNF273,MOGAT3,PSPN,POLN,GTF2IRD2,PTGR2,KCNV1,LASP1,GNB2,PTGES3L,ANKRD52,ZNF556","chea3","1244","0.503700000000000037",NA,NA,"","3","ARCHS4--Coexpression(rank=820); Enrichr--Queries(rank=933); GTEx--Coexpression(rank=1154)","1244","0.503700000000000037","ARCHS4 Coexpression,0.5037"
"DEG_LD_SW480","1245","ZNF789","0.504299999999999971","ARCHS4 Coexpression,0.5043","ZNF273,MOGAT3,PSPN,POLN,GTF2IRD2,FRMPD1,LYPD5,PTGR2,KCNV1,CFAP69,PTGES3L,ZNF556","chea3","1245","0.504299999999999971",NA,NA,"","3","ARCHS4--Coexpression(rank=821); Enrichr--Queries(rank=927); GTEx--Coexpression(rank=1369)","1245","0.504299999999999971","ARCHS4 Coexpression,0.5043"
"DEG_LD_SW480","1246","HBP1","0.504700000000000037","GTEx Coexpression,0.5047","KIRREL3,BEX4,WDR17,NYAP1,DCLK2,CRMP1,FAIM2,MAPK8IP2,GDAP1,SLC22A17,CCDC174,BEX5","chea3","1246","0.504700000000000037",NA,NA,"","4","ReMap--ChIP-seq(rank=247); GTEx--Coexpression(rank=811); ARCHS4--Coexpression(rank=842); Enrichr--Queries(rank=924)","1246","0.504700000000000037","GTEx Coexpression,0.5047"
"DEG_LD_SW480","1247","ZKSCAN4","0.505700000000000038","Enrichr Queries,0.5057","RERE,SLC46A3,CEBPD,PELI2,NEDD9,RORA,DTX4,RND3,LOXL2,ATXN1,HEY1,SH3PXD2A,HYAL1,ABCA1,CADPS2,TLE1,BCL11A,TET1,NR1D1,FBXO32,SERPINB8,PGF,ARHGEF3,ATF3","chea3","1247","0.505700000000000038",NA,NA,"","3","Enrichr--Queries(rank=710); ARCHS4--Coexpression(rank=1300); GTEx--Coexpression(rank=1471)","1247","0.505700000000000038","Enrichr Queries,0.5057"
"DEG_LD_SW480","1248","ZNF607","0.507099999999999995","Enrichr Queries,0.5071","ZNF331,RORA,SLAIN1,KIF5C,ZNF429,ZNF107,ZNF502,ZNF763,ZNF486,TFAP2A,CADPS2,ZNF681,ZNF680,BCL11A,TET1,SERPINB8,TGFBR3,ZNF93,ZNF737,ARHGEF3,PNPLA3,ZNF239,ZNF711,ZNF610","chea3","1248","0.507099999999999995",NA,NA,"","3","Enrichr--Queries(rank=712); GTEx--Coexpression(rank=930); ARCHS4--Coexpression(rank=1132)","1248","0.507099999999999995","Enrichr Queries,0.5071"
"DEG_LD_SW480","1249","ZNF260","0.507199999999999984","GTEx Coexpression,0.5072","FAM133B,ZNF681,RAB30,ZNF680,KIF26B,UBE2E1,GTPBP10,MTERF1,ZNF501,DUS4L,PRTFDC1","chea3","1249","0.507199999999999984",NA,NA,"","3","GTEx--Coexpression(rank=815); Enrichr--Queries(rank=936); ARCHS4--Coexpression(rank=1147)","1249","0.507199999999999984","GTEx Coexpression,0.5072"
"DEG_LD_SW480","1250","FOXP4","0.508399999999999963","GTEx Coexpression,0.5084","SLC9A2,ERO1B,COL2A1,CYP4X1,MLPH,VSIG1,RASSF6,GATAD1,SLC26A9,ACSS1,GPRC5C","chea3","1250","0.508399999999999963",NA,NA,"","3","GTEx--Coexpression(rank=817); Enrichr--Queries(rank=938); ARCHS4--Coexpression(rank=988)","1250","0.508399999999999963","GTEx Coexpression,0.5084"
"DEG_LD_SW480","1251","ZNF776","0.508600000000000052","ARCHS4 Coexpression,0.5086","SHC4,ZNF273,GSTO2,PRRX2,ACSL6,DNHD1,MRPS6,ABO,KCNV1,ZNF737,CFAP69,FGF13","chea3","1251","0.508600000000000052",NA,NA,"","3","ARCHS4--Coexpression(rank=828); Enrichr--Queries(rank=1244); GTEx--Coexpression(rank=1518)","1251","0.508600000000000052","ARCHS4 Coexpression,0.5086"
"DEG_LD_SW480","1252","ZBTB17","0.509600000000000053","GTEx Coexpression,0.5096","ISG20,ACAP1,ZNF839,GRAP2,XRCC3,CD7,TBC1D10C,PLCB2,SH2B2,SYTL3,ARHGAP45","chea3","1252","0.509600000000000053",NA,NA,"","3","GTEx--Coexpression(rank=819); ARCHS4--Coexpression(rank=1138); Enrichr--Queries(rank=1262)","1252","0.509600000000000053","GTEx Coexpression,0.5096"
"DEG_LD_SW480","1253","ZNF140","0.510700000000000043","Enrichr Queries,0.5107","ZNF331,CEBPD,IFI6,RORA,ATXN1,DUSP10,NAMPT,ZNF107,UPP1,CADPS2,ZNF681,ZNF680,AUTS2,HMGCS1,ASNS,SERPINB8,QKI,PGF,EIF5,ZNF92,CDK6,ZNF93,ZNF711,ATF3","chea3","1253","0.510700000000000043",NA,NA,"","3","Enrichr--Queries(rank=717); ARCHS4--Coexpression(rank=1155); GTEx--Coexpression(rank=1269)","1253","0.510700000000000043","Enrichr Queries,0.5107"
"DEG_LD_SW480","1254","ZNF410","0.510900000000000021","GTEx Coexpression,0.5109","BEX4,B3GALNT1,ADAM23,CASP4,TTC7B,DCLK2,FAIM2,NCAM1,CCDC174,SERPINB8,GDAP1","chea3","1254","0.510900000000000021",NA,NA,"","3","GTEx--Coexpression(rank=821); Enrichr--Queries(rank=1246); ARCHS4--Coexpression(rank=1248)","1254","0.510900000000000021","GTEx Coexpression,0.5109"
"DEG_LD_SW480","1255","ETV2","0.512199999999999989","Literature ChIP-seq,0.5122","CCDC71L,SLC46A3,FCGBP,PLEK,DYSF,MRGPRF,DNHD1,ILDR2,TMTC1,RND3,GLDN,SLC6A4,OGFRL1,ATXN1,ALCAM,ABLIM3,ADAMTS17,CASP4,LGALS9,APBB1,NLRP1,SLC15A3,GTF2IRD2B,PRSS2,ZNF763,MAP2K6,MPZL2,CD74,CHRNB4,TMEM176B,CRYGN,PDX1,TET1,MITF,FBXO32,AP3B2,BICC1,TFR2,KCNMA1,CORO6,PRR15,PRKCQ,PLCB2,STEAP2,TMEM45A","chea3","1255","0.512199999999999989",NA,NA,"","4","Literature--ChIP-seq(rank=84); Enrichr--Queries(rank=754); GTEx--Coexpression(rank=1395); ARCHS4--Coexpression(rank=1480)","1255","0.512199999999999989","Literature ChIP-seq,0.5122"
"DEG_LD_SW480","1256","THAP3","0.513399999999999967","GTEx Coexpression,0.5134","WDR25,SIVA1,LSMEM1,ZSCAN21,VIPAS39,FBXO6,CCDC174,GTF2IRD2B,POLR2J,SH2B2,TMEM60","chea3","1256","0.513399999999999967",NA,NA,"","3","GTEx--Coexpression(rank=825); Enrichr--Queries(rank=1068); ARCHS4--Coexpression(rank=1467)","1256","0.513399999999999967","GTEx Coexpression,0.5134"
"DEG_LD_SW480","1257","ZNF32","0.514000000000000012","GTEx Coexpression,0.514","CHCHD4,MRPS24,EEF1A2,TBCE,PTGES3L,AKAP6,ZNF853,SOBP,ASB2,PTGR2,POLR2J","chea3","1257","0.514000000000000012",NA,NA,"","3","GTEx--Coexpression(rank=826); Enrichr--Queries(rank=879); ARCHS4--Coexpression(rank=1325)","1257","0.514000000000000012","GTEx Coexpression,0.514"
"DEG_LD_SW480","1258","DMRTC2","0.514700000000000046","ARCHS4 Coexpression,0.5147","POLN,SMKR1,TEX19,TMEM60,STK31,HERC5,GOLGA6A,ZCWPW1,DBF4,KRIT1,MAGEB6,DZIP3","chea3","1258","0.514700000000000046",NA,NA,"","3","ARCHS4--Coexpression(rank=838); Enrichr--Queries(rank=880); GTEx--Coexpression(rank=1001)","1258","0.514700000000000046","ARCHS4 Coexpression,0.5147"
"DEG_LD_SW480","1259","ZNF395","0.515000000000000013","Enrichr Queries,0.515","IFITM3,ANKRD37,CEBPD,EPAS1,NEDD9,LOXL2,ATXN1,NAMPT,GRB10,PDK4,ABCA1,EGLN3,EDN1,ANXA1,HMGCS1,SERPINB8,TGFBR3,SLC6A6,CDK6,CNTN1,ALDOC,TGFBI,ATF3,TMEM45A","chea3","1259","0.515000000000000013",NA,NA,"","3","Enrichr--Queries(rank=723); GTEx--Coexpression(rank=1196); ARCHS4--Coexpression(rank=1354)","1259","0.515000000000000013","Enrichr Queries,0.515"
"DEG_LD_SW480","1260","MYBL2","0.515199999999999991","ReMap ChIP-seq,0.5152","RERE,ANKRD37,MCM7,EPAS1,PON2,MEPCE,SLC43A1,NEDD9,MSMO1,CLDN1,NCMAP,DEPP1,CX3CL1,ZCWPW1,LASP1,ATXN1,ABLIM3,SH3PXD2A,HYAL1,DSE,AP1S1,CTSB,HES7,TIGD2,RNF43,TLE1,GSTO2,PCP4L1,ASPSCR1,ACSL5,NR1D1,DHRS2,TM4SF1,SNORC,ZNF839,ACOX2,VGF,TNFSF4,ZSCAN21,ALB,GPRC5C,ZNF311","chea3","1260","0.515199999999999991",NA,NA,"","6","ENCODE--ChIP-seq(rank=111); Literature--ChIP-seq(rank=151); ReMap--ChIP-seq(rank=153); Enrichr--Queries(rank=1395); ARCHS4--Coexpression(rank=1544); GTEx--Coexpression(rank=1551)","1260","0.515199999999999991","ReMap ChIP-seq,0.5152"
"DEG_LD_SW480","1261","ZFAT","0.518399999999999972","ARCHS4 Coexpression,0.5184","ANKRD33B,PSG1,DAB2,CAPN6,SPTLC3,GJA5,CFAP69,PLAC1,ACSS1,GABRE,SIGLEC6,VGLL3","chea3","1261","0.518399999999999972",NA,NA,"","3","Enrichr--Queries(rank=780); ARCHS4--Coexpression(rank=844); GTEx--Coexpression(rank=1298)","1261","0.518399999999999972","ARCHS4 Coexpression,0.5184"
"DEG_LD_SW480","1262","ZNF579","0.520199999999999996","GTEx Coexpression,0.5202","CACNG6,RYR1,MRPS24,SIX2,EEF1A2,ZSCAN21,TBCE,PTGES3L,PRKCQ,ASB2,SPTB","chea3","1262","0.520199999999999996",NA,NA,"","3","GTEx--Coexpression(rank=836); Enrichr--Queries(rank=1137); ARCHS4--Coexpression(rank=1407)","1262","0.520199999999999996","GTEx Coexpression,0.5202"
"DEG_LD_SW480","1263","ZNF2","0.520700000000000052","Enrichr Queries,0.5207","RERE,CPM,CD82,RORA,RND3,ATXN1,DUSP10,HEY1,NFKBIZ,ST3GAL5,GPR155,ABCA1,ARRDC4,NAPSA,EGLN3,BCL11A,NR1D1,FBXO32,SERPINB8,PGF,TGFBR3,CDK6,NR4A3,ATF3","chea3","1263","0.520700000000000052",NA,NA,"","2","Enrichr--Queries(rank=731); ARCHS4--Coexpression(rank=1196)","1263","0.520700000000000052","Enrichr Queries,0.5207"
"DEG_LD_SW480","1264","GMEB2","0.520800000000000041","GTEx Coexpression,0.5208","ACAP1,MC1R,ZNF839,SALL4,MEPCE,XRCC3,TBC1D10C,BCORL1,CCDC174,SYTL3,ZNF486","chea3","1264","0.520800000000000041",NA,NA,"","3","GTEx--Coexpression(rank=837); ARCHS4--Coexpression(rank=1270); Enrichr--Queries(rank=1308)","1264","0.520800000000000041","GTEx Coexpression,0.5208"
"DEG_LD_SW480","1265","ZNF729","0.521499999999999964","GTEx Coexpression,0.5215","STK31,ZCWPW1,PLEKHG4,SAMD15,TDRD12,DNHD1,PRAME,MAGEC2,MAGEB6,ACTL8,RGPD3","chea3","1265","0.521499999999999964",NA,NA,"","2","GTEx--Coexpression(rank=838); ARCHS4--Coexpression(rank=905)","1265","0.521499999999999964","GTEx Coexpression,0.5215"
"DEG_LD_SW480","1266","SP3","0.522700000000000053","GTEx Coexpression,0.5227","RPS6KL1,NYAP1,TMEM43,PRRX1,MAML2,DSE,SLIT3,XPC,NCAM1,CKB,APBB1","chea3","1266","0.522700000000000053",NA,NA,"","3","GTEx--Coexpression(rank=840); Enrichr--Queries(rank=1328); ARCHS4--Coexpression(rank=1599)","1266","0.522700000000000053","GTEx Coexpression,0.5227"
"DEG_LD_SW480","1267","ZNF71","0.523299999999999987","GTEx Coexpression,0.5233","CHCHD4,KCNMA1,ZSCAN21,PRUNE2,DPH3,MRGPRF,SSPN,PDAP1,MITF,IGSF9B,ZNF501","chea3","1267","0.523299999999999987",NA,NA,"","3","GTEx--Coexpression(rank=841); Enrichr--Queries(rank=909); ARCHS4--Coexpression(rank=1396)","1267","0.523299999999999987","GTEx Coexpression,0.5233"
"DEG_LD_SW480","1268","ZNF211","0.523499999999999965","Enrichr Queries,0.5235","ZNF331,EPAS1,ITPR1,IFI6,NEDD9,DUSP10,HEY1,NFKBIZ,ST3GAL5,UPP1,ABCA1,ARRDC4,CADPS2,HMGCS1,ASNS,SERPINB8,PGF,SYTL2,ISG20,TGFBR3,NBEA,ARHGEF3,ZNF117,ATF3","chea3","1268","0.523499999999999965",NA,NA,"","3","Enrichr--Queries(rank=735); ARCHS4--Coexpression(rank=872); GTEx--Coexpression(rank=1459)","1268","0.523499999999999965","Enrichr Queries,0.5235"
"DEG_LD_SW480","1269","ZNF614","0.524000000000000021","GTEx Coexpression,0.524","FAM133B,FAM200A,GNB2,ZSCAN21,GTPBP10,ZNF239,ZNF502,METTL6,ZNF501,TRNT1,ZNF596","chea3","1269","0.524000000000000021",NA,NA,"","2","GTEx--Coexpression(rank=842); ARCHS4--Coexpression(rank=1038)","1269","0.524000000000000021","GTEx Coexpression,0.524"
"DEG_LD_SW480","1270","TBPL1","0.524599999999999955","ARCHS4 Coexpression,0.5246","ZNF512B,TMEM40,DLST,GNG11,TMEM60,FRMD3,LASP1,GNB2,GRAP2,ANKRD52,MFAP3L,BET1","chea3","1270","0.524599999999999955",NA,NA,"","2","ARCHS4--Coexpression(rank=854); GTEx--Coexpression(rank=1533)","1270","0.524599999999999955","ARCHS4 Coexpression,0.5246"
"DEG_LD_SW480","1271","ZNF875","0.525200000000000000","ARCHS4 Coexpression,0.5252","ZNF273,MOGAT3,PSPN,GTF2IRD2,PTGR2,IFT22,LASP1,CFAP69,FBXO6,ZNF556,ZNF486,MARK1","chea3","1271","0.525200000000000000",NA,NA,"","3","ARCHS4--Coexpression(rank=855); Enrichr--Queries(rank=983); GTEx--Coexpression(rank=1205)","1271","0.525200000000000000","ARCHS4 Coexpression,0.5252"
"DEG_LD_SW480","1272","ZNF682","0.525200000000000000","GTEx Coexpression,0.5252","ZNF512B,B3GALNT1,TIAM1,ZNF681,ZNF680,TG,PCLO,ATP8A1,MCF2L,ZNF114,ZNF486","chea3","1272","0.525200000000000000",NA,NA,"","3","Enrichr--Queries(rank=793); GTEx--Coexpression(rank=844); ARCHS4--Coexpression(rank=1040)","1272","0.525200000000000000","GTEx Coexpression,0.5252"
"DEG_LD_SW480","1273","ZNF582","0.525800000000000045","ARCHS4 Coexpression,0.5258","ISCA2,POP7,DAB2IP,DLST,FSTL4,FAM200A,LASP1,METTL21C,PNMA1,GNB2,ANKRD52,POLR2J","chea3","1273","0.525800000000000045",NA,NA,"","3","Enrichr--Queries(rank=776); ARCHS4--Coexpression(rank=856); GTEx--Coexpression(rank=1036)","1273","0.525800000000000045","ARCHS4 Coexpression,0.5258"
"DEG_LD_SW480","1274","ZNF546","0.526399999999999979","Enrichr Queries,0.5264","CPM,TSHZ2,PDE3B,FMN1,EFNA5,ATXN1,SERTAD4,ZMAT1,ZNF429,PDGFC,ZNF107,ZNF763,CADPS2,EGLN3,F2R,SERPINB8,PGF,SYTL2,TGFBR3,CDK6,NBEA,ZNF117,ATF3,ZNF596","chea3","1274","0.526399999999999979",NA,NA,"","3","Enrichr--Queries(rank=739); GTEx--Coexpression(rank=1123); ARCHS4--Coexpression(rank=1273)","1274","0.526399999999999979","Enrichr Queries,0.5264"
"DEG_LD_SW480","1275","HMBOX1","0.526399999999999979","GTEx Coexpression,0.5264","BST2,ADGRV1,SERTAD4,OLR1,DNHD1,ST3GAL5,ASB4,SLC16A9,BTN3A2,CFAP45,SHROOM4","chea3","1275","0.526399999999999979",NA,NA,"","4","ReMap--ChIP-seq(rank=212); GTEx--Coexpression(rank=846); Enrichr--Queries(rank=1096); ARCHS4--Coexpression(rank=1509)","1275","0.526399999999999979","GTEx Coexpression,0.5264"
"DEG_LD_SW480","1276","HOMEZ","0.527000000000000024","ARCHS4 Coexpression,0.527","MYH7B,SMKR1,FAIM2,AK5,HPCAL4,UFSP1,STYXL1,SHROOM4,RASGRP3,DKK3,BICRA,SPN","chea3","1276","0.527000000000000024",NA,NA,"","3","Enrichr--Queries(rank=777); ARCHS4--Coexpression(rank=858); GTEx--Coexpression(rank=1453)","1276","0.527000000000000024","ARCHS4 Coexpression,0.527"
"DEG_LD_SW480","1277","ZNF584","0.528599999999999959","ReMap ChIP-seq,0.5286","KCNG1,ZNF331,IFITM3,KRT81,CEMIP,RTP3,EPAS1,DYSF,SECTM1,XPC,TMEM144,SHE,ADAMTS14,ABLIM3,SH3PXD2A,HYAL1,PPP4R4,LEPR,AP1S1,PLEK2,OR2B6,PAG1,CTSB,UNC13A,ANXA1,SLC30A2,MACC1,UBE2E2,NAV1,IL1A,SLC6A6,PTPRB,RAB30,MLPH,VGF,ORAI2,CASS4,ZNF117,S100A3,CCDC174,TMEM45A","chea3","1277","0.528599999999999959",NA,NA,"","4","ReMap--ChIP-seq(rank=157); ARCHS4--Coexpression(rank=927); Enrichr--Queries(rank=1050); GTEx--Coexpression(rank=1235)","1277","0.528599999999999959","ReMap ChIP-seq,0.5286"
"DEG_LD_SW480","1278","NKX11","0.528900000000000037","GTEx Coexpression,0.5289","ZNF331,SLC4A8,SAMD15,PPP1R2B,SMKR1,NAALAD2,MSI1,NLRP1,DUSP15,DZIP3,BAIAP3","chea3","1278","0.528900000000000037",NA,NA,"","2","GTEx--Coexpression(rank=850); ARCHS4--Coexpression(rank=1363)","1278","0.528900000000000037","GTEx Coexpression,0.5289"
"DEG_LD_SW480","1279","HMX2","0.529200000000000004","Enrichr Queries,0.5292","TFAP2A,CADPS2,DLX3,EGR3,PRRX1,BCL11B,BCL11A,IRX3,SHOX2,MOCOS,CRMP1,SOX14,HOXD13,EBF3,HOXD11,HOXC11,HOXD10,LOXL2,SOX2,COL2A1,LHX2,SIX2,ATF3","chea3","1279","0.529200000000000004",NA,NA,"","3","Enrichr--Queries(rank=743); ARCHS4--Coexpression(rank=1403); GTEx--Coexpression(rank=1521)","1279","0.529200000000000004","Enrichr Queries,0.5292"
"DEG_LD_SW480","1280","ZNF227","0.529599999999999960","GTEx Coexpression,0.5296","HES7,FAM133B,GNA13,RAB30,TNFSF4,ZSCAN21,GTPBP10,MTERF1,NUDT17,ZNF501,CCDC174","chea3","1280","0.529599999999999960",NA,NA,"","3","GTEx--Coexpression(rank=851); Enrichr--Queries(rank=1087); ARCHS4--Coexpression(rank=1148)","1280","0.529599999999999960","GTEx Coexpression,0.5296"
"DEG_LD_SW480","1281","ZNF555","0.530100000000000016","ARCHS4 Coexpression,0.5301","MOGAT3,POLN,GTF2IRD2,KCNV1,ACOXL,LASP1,GNB2,IL1RAPL1,CFAP69,PTGES3L,ZNF556,ZNF442","chea3","1281","0.530100000000000016",NA,NA,"","3","ARCHS4--Coexpression(rank=863); Enrichr--Queries(rank=870); GTEx--Coexpression(rank=1312)","1281","0.530100000000000016","ARCHS4 Coexpression,0.5301"
"DEG_LD_SW480","1282","ADNP2","0.530800000000000050","GTEx Coexpression,0.5308","TFAP2A,PLEKHG4,PERP,TTC7B,GPC2,ZNF853,TNS4,CLDN1,SERPINB8,SERPINB5,TMEM45A","chea3","1282","0.530800000000000050",NA,NA,"","3","GTEx--Coexpression(rank=853); Enrichr--Queries(rank=1183); ARCHS4--Coexpression(rank=1307)","1282","0.530800000000000050","GTEx Coexpression,0.5308"
"DEG_LD_SW480","1283","ZNF266","0.531299999999999994","Enrichr Queries,0.5313","ABCA1,ZNF331,IFITM3,IFITM1,ANXA1,HMGCS1,SLC44A2,ITGB2,ITPR1,IFI6,ACSL5,RORA,SERPINB8,PGF,ACTA2,TGFBR3,ALCAM,GPNMB,NAMPT,NFKBIZ,TGFBI,ATF3,CTSB","chea3","1283","0.531299999999999994",NA,NA,"","3","Enrichr--Queries(rank=746); ARCHS4--Coexpression(rank=879); GTEx--Coexpression(rank=1501)","1283","0.531299999999999994","Enrichr Queries,0.5313"
"DEG_LD_SW480","1284","ZNF684","0.531399999999999983","GTEx Coexpression,0.5314","TIGD2,CPB2,RTP3,CPS1,ACOX2,TFR2,HYAL1,TMEM176B,TTPA,ALB,AGXT","chea3","1284","0.531399999999999983",NA,NA,"","3","GTEx--Coexpression(rank=854); ARCHS4--Coexpression(rank=976); Enrichr--Queries(rank=1149)","1284","0.531399999999999983","GTEx Coexpression,0.5314"
"DEG_LD_SW480","1285","ZNF814","0.531900000000000039","ARCHS4 Coexpression,0.5319","KCNV1,LASP1,GSTO2,PSPN,GTF2IRD2,GNB2,CFAP69,AP1S1,ZNF556,FGF13,PTGR2","chea3","1285","0.531900000000000039",NA,NA,"","2","ARCHS4--Coexpression(rank=866); GTEx--Coexpression(rank=918)","1285","0.531900000000000039","ARCHS4 Coexpression,0.5319"
"DEG_LD_SW480","1286","ZNF700","0.532000000000000028","GTEx Coexpression,0.532","NLGN1,MRAS,PNMA1,XRCC3,TTC7B,DCLK2,AKAP6,NCAM1,ZNF655,ZNF853,SOBP","chea3","1286","0.532000000000000028",NA,NA,"","3","GTEx--Coexpression(rank=855); Enrichr--Queries(rank=906); ARCHS4--Coexpression(rank=1237)","1286","0.532000000000000028","GTEx Coexpression,0.532"
"DEG_LD_SW480","1287","ZNF14","0.532100000000000017","Enrichr Queries,0.5321","ABCA1,IFITM3,CD74,CADPS2,IFITM1,ANXA1,HMGCS1,F2R,IFI6,MSMO1,RND3,SERPINB8,SHROOM4,PGF,SYTL2,TGFBR3,ZNF93,FASN,NFKBIZ,ARHGEF3,TGFBI,ATF3,ZNF486","chea3","1287","0.532100000000000017",NA,NA,"","3","Enrichr--Queries(rank=747); GTEx--Coexpression(rank=1021); ARCHS4--Coexpression(rank=1176)","1287","0.532100000000000017","Enrichr Queries,0.5321"
"DEG_LD_SW480","1288","ZNF559","0.532699999999999951","GTEx Coexpression,0.5327","POP7,ZMAT1,MYO15B,BNC2,TSHZ3,MDK,GTF2IRD2,GATAD1,MXRA8,GTF2IRD2B,MATN2","chea3","1288","0.532699999999999951",NA,NA,"","3","GTEx--Coexpression(rank=856); Enrichr--Queries(rank=892); ARCHS4--Coexpression(rank=1022)","1288","0.532699999999999951","GTEx Coexpression,0.5327"
"DEG_LD_SW480","1289","ZNF41","0.533299999999999996","GTEx Coexpression,0.5333","CACNG6,RYR1,CHCHD4,TNNC1,TBCE,PTGES3L,TCAP,ASB2,SPTB,RBM24,COQ6","chea3","1289","0.533299999999999996",NA,NA,"","3","GTEx--Coexpression(rank=857); Enrichr--Queries(rank=1151); ARCHS4--Coexpression(rank=1468)","1289","0.533299999999999996","GTEx Coexpression,0.5333"
"DEG_LD_SW480","1290","ZNF420","0.533800000000000052","ARCHS4 Coexpression,0.5338","BEX4,LASP1,PHLPP1,ZC4H2,GNB2,ZNF737,FURIN,METTL6,ANKRD52,ZNF610,GDAP1","chea3","1290","0.533800000000000052",NA,NA,"","3","ARCHS4--Coexpression(rank=869); Enrichr--Queries(rank=958); GTEx--Coexpression(rank=1076)","1290","0.533800000000000052","ARCHS4 Coexpression,0.5338"
"DEG_LD_SW480","1291","ZNF616","0.534200000000000008","Enrichr Queries,0.5342","SLC46A3,ARRDC4,ZNF680,ANXA1,HMGCS1,BCL11A,NAV1,PTPN13,RND3,SERPINB8,PGF,BST2,ACTA2,CDK6,ZNF93,FLRT3,FASN,SALL4,ZNF239,ZNF107,CKB,TGFBI,ATF3","chea3","1291","0.534200000000000008",NA,NA,"","3","Enrichr--Queries(rank=750); ARCHS4--Coexpression(rank=963); GTEx--Coexpression(rank=1283)","1291","0.534200000000000008","Enrichr Queries,0.5342"
"DEG_LD_SW480","1292","TERF1","0.535200000000000009","GTEx Coexpression,0.5352","SHC4,SH3BGRL,NLGN1,KIAA1614,NBEA,SESTD1,ZC4H2,ITPR1,UBE2E2,SMIM10,HDX","chea3","1292","0.535200000000000009",NA,NA,"","4","ReMap--ChIP-seq(rank=170); GTEx--Coexpression(rank=860); ARCHS4--Coexpression(rank=1205); Enrichr--Queries(rank=1241)","1292","0.535200000000000009","GTEx Coexpression,0.5352"
"DEG_LD_SW480","1293","MEF2D","0.535800000000000054","GTEx Coexpression,0.5358","RERE,CACNG6,RYR1,PTGES3L,SSPN,DMD,MITF,FBXO32,ASB2,SPTB,RBM24","chea3","1293","0.535800000000000054",NA,NA,"","3","GTEx--Coexpression(rank=861); Enrichr--Queries(rank=1043); ARCHS4--Coexpression(rank=1076)","1293","0.535800000000000054","GTEx Coexpression,0.5358"
"DEG_LD_SW480","1294","ASCL5","0.537599999999999967","GTEx Coexpression,0.5376","PKHD1,CACNG6,RYR1,ERO1B,SLC30A2,SLC43A1,TBCE,MYBPH,GRB10,PDX1,SLC38A5","chea3","1294","0.537599999999999967",NA,NA,"","2","GTEx--Coexpression(rank=864); ARCHS4--Coexpression(rank=1401)","1294","0.537599999999999967","GTEx Coexpression,0.5376"
"DEG_LD_SW480","1295","ZNF480","0.538100000000000023","ARCHS4 Coexpression,0.5381","SHC4,KCNV1,GSTO2,SPTLC3,ZNF429,GNB2,CFAP69,TTC7B,ASB4,FGF13,TMEM45A","chea3","1295","0.538100000000000023",NA,NA,"","3","ARCHS4--Coexpression(rank=876); Enrichr--Queries(rank=899); GTEx--Coexpression(rank=1429)","1295","0.538100000000000023","ARCHS4 Coexpression,0.5381"
"DEG_LD_SW480","1296","ELF2","0.538300000000000001","GTEx Coexpression,0.5383","COL26A1,JPH3,LHX2,GABRA3,KIAA1549L,AP1S1,ALDOC,FAIM2,ZDHHC22,CCDC174,HPCAL4","chea3","1296","0.538300000000000001",NA,NA,"","3","GTEx--Coexpression(rank=865); Enrichr--Queries(rank=1364); ARCHS4--Coexpression(rank=1365)","1296","0.538300000000000001","GTEx Coexpression,0.5383"
"DEG_LD_SW480","1297","ZNF283","0.538699999999999957","ARCHS4 Coexpression,0.5387","IFT22,ZNF273,ARMC10,MOGAT3,PSPN,GTF2IRD2,FRMPD1,PTGES3L,ZNF556,LYPD5,RASGRP3","chea3","1297","0.538699999999999957",NA,NA,"","3","ARCHS4--Coexpression(rank=877); Enrichr--Queries(rank=974); GTEx--Coexpression(rank=1221)","1297","0.538699999999999957","ARCHS4 Coexpression,0.5387"
"DEG_LD_SW480","1298","DNTTIP1","0.538900000000000046","GTEx Coexpression,0.5389","FCGR2A,SELPLG,GMFG,PTAFR,DYSF,VSTM1,SECTM1,FBXO6,SH2B2,SLC12A9,MAP2K6","chea3","1298","0.538900000000000046",NA,NA,"","2","GTEx--Coexpression(rank=866); ARCHS4--Coexpression(rank=1479)","1298","0.538900000000000046","GTEx Coexpression,0.5389"
"DEG_LD_SW480","1299","ZBTB25","0.539300000000000002","ARCHS4 Coexpression,0.5393","ZNF273,MOGAT3,PSPN,GTF2IRD2,ORAI2,CFAP69,TTC7B,PTGES3L,ZNF556,LYPD5,RASGRP3","chea3","1299","0.539300000000000002",NA,NA,"","3","ARCHS4--Coexpression(rank=878); Enrichr--Queries(rank=894); GTEx--Coexpression(rank=1330)","1299","0.539300000000000002","ARCHS4 Coexpression,0.5393"
"DEG_LD_SW480","1300","ZNF613","0.540499999999999980","ARCHS4 Coexpression,0.5405","ZNF512B,IFT22,LASP1,MOGAT3,GTF2IRD2,GNB2,DAB2IP,DLST,ANKRD52,ZNF556,ZNF442","chea3","1300","0.540499999999999980",NA,NA,"","3","Enrichr--Queries(rank=781); ARCHS4--Coexpression(rank=880); GTEx--Coexpression(rank=970)","1300","0.540499999999999980","ARCHS4 Coexpression,0.5405"
"DEG_LD_SW480","1301","ZKSCAN5","0.541200000000000014","ARCHS4 Coexpression,0.5412","KCNV1,SPON1,ACOXL,MOGAT3,IL24,CFAP69,METTL6,ZNF556,FGF13,PTGR2,COQ6","chea3","1301","0.541200000000000014",NA,NA,"","3","ARCHS4--Coexpression(rank=881); Enrichr--Queries(rank=1061); GTEx--Coexpression(rank=1470)","1301","0.541200000000000014","ARCHS4 Coexpression,0.5412"
"DEG_LD_SW480","1302","ATF6","0.541399999999999992","GTEx Coexpression,0.5414","FCGR2A,SELPLG,KCNE3,GMFG,PTAFR,NAMPT,CASP4,CARD6,SECTM1,TLR4,SLC12A9","chea3","1302","0.541399999999999992",NA,NA,"","3","GTEx--Coexpression(rank=870); Enrichr--Queries(rank=913); ARCHS4--Coexpression(rank=999)","1302","0.541399999999999992","GTEx Coexpression,0.5414"
"DEG_LD_SW480","1303","ZNF669","0.541799999999999948","ARCHS4 Coexpression,0.5418","LASP1,ZNF273,MOGAT3,PSPN,GTF2IRD2,PDE3B,DAB2IP,PTGES3L,ANKRD52,ZNF556,NCMAP","chea3","1303","0.541799999999999948",NA,NA,"","3","ARCHS4--Coexpression(rank=882); Enrichr--Queries(rank=1140); GTEx--Coexpression(rank=1490)","1303","0.541799999999999948","ARCHS4 Coexpression,0.5418"
"DEG_LD_SW480","1304","NME2","0.542100000000000026","ReMap ChIP-seq,0.5421","TMEM151A,TENM1,DLX3,DLX4,TSHZ2,CRYBA2,ILDR2,TNFRSF11B,FMN1,KLK3,TMTC1,NOD2,DBH,SERTAD4,DUSP10,PDGFC,SFN,TRDC,LBP,CYTIP,TNS4,LMCD1,PAG1,HES7,CDRT4,GSDMA,KCND3,RASL10B,BCL11A,SLC16A14,LEMD1,SBK3,ARC,VANGL2,SLCO3A1,DAAM2,IL1RAPL1,PSMG3,CDH13,ACOT4,NECTIN1","chea3","1304","0.542100000000000026",NA,NA,"","3","ReMap--ChIP-seq(rank=161); ARCHS4--Coexpression(rank=1324); GTEx--Coexpression(rank=1578)","1304","0.542100000000000026","ReMap ChIP-seq,0.5421"
"DEG_LD_SW480","1305","NR1I3","0.542599999999999971","GTEx Coexpression,0.5426","RFPL4A,CPB2,RTP3,GJB1,CPS1,ACOX2,TFR2,TMEM176B,TTPA,ALB,AGXT","chea3","1305","0.542599999999999971",NA,NA,"","3","Enrichr--Queries(rank=855); GTEx--Coexpression(rank=872); ARCHS4--Coexpression(rank=940)","1305","0.542599999999999971","GTEx Coexpression,0.5426"
"DEG_LD_SW480","1306","KIN","0.543000000000000038","ARCHS4 Coexpression,0.543","LASP1,ZNF273,ARMC10,MOGAT3,PSPN,GTF2IRD2,CFAP69,TTC7B,ANKRD52,ZNF556,RASGRP3","chea3","1306","0.543000000000000038",NA,NA,"","3","ARCHS4--Coexpression(rank=884); GTEx--Coexpression(rank=1182); Enrichr--Queries(rank=1315)","1306","0.543000000000000038","ARCHS4 Coexpression,0.543"
"DEG_LD_SW480","1307","ZBTB49","0.543599999999999972","ARCHS4 Coexpression,0.5436","ISG20,PCP4L1,SH2D2A,PLEK,TBC1D10C,ZP1,PLEK2,ZNF655,CYTIP,ACTL8,ARHGAP45","chea3","1307","0.543599999999999972",NA,NA,"","2","ARCHS4--Coexpression(rank=885); GTEx--Coexpression(rank=908)","1307","0.543599999999999972","ARCHS4 Coexpression,0.5436"
"DEG_LD_SW480","1308","ZBTB2","0.544200000000000017","ARCHS4 Coexpression,0.5442","GNA13,EIF5,KIF5C,STXBP1,MCF2L,NCAM1,SYP,NMNAT2,CYTIP,MAPK8IP2,MAPK8IP1","chea3","1308","0.544200000000000017",NA,NA,"","3","ARCHS4--Coexpression(rank=886); Enrichr--Queries(rank=1180); GTEx--Coexpression(rank=1546)","1308","0.544200000000000017","ARCHS4 Coexpression,0.5442"
"DEG_LD_SW480","1309","EEA1","0.544799999999999951","ARCHS4 Coexpression,0.5448","CPNE8,GALNT5,DAB2,ALCAM,PRRX1,GMFG,GNB2,BCAP29,TMTC1,TMC6,ARHGAP45","chea3","1309","0.544799999999999951",NA,NA,"","3","ARCHS4--Coexpression(rank=887); GTEx--Coexpression(rank=987); Enrichr--Queries(rank=1227)","1309","0.544799999999999951","ARCHS4 Coexpression,0.5448"
"DEG_LD_SW480","1310","LEUTX","0.544900000000000051","Enrichr Queries,0.5449","ABCA1,RYR1,FCGBP,NLGN1,DLX3,MUC16,EPAS1,BCL11A,NTM,ESRRB,FMN1,EBF3,ANO4,EFNA5,PLB1,LOXL2,RFPL4A,NKAIN1,ZNF92,HEY1,SLCO3A1,KIF26B,KCNQ2","chea3","1310","0.544900000000000051",NA,NA,"","3","Enrichr--Queries(rank=765); GTEx--Coexpression(rank=1481); ARCHS4--Coexpression(rank=1566)","1310","0.544900000000000051","Enrichr Queries,0.5449"
"DEG_LD_SW480","1311","BHLHA15","0.546399999999999997","GTEx Coexpression,0.5464","PKHD1,LFNG,ERO1B,SLC30A2,SLC43A1,ARHGEF38,GRB10,PDX1,KIF12,FSCN2,SLC38A5","chea3","1311","0.546399999999999997",NA,NA,"","2","GTEx--Coexpression(rank=878); ARCHS4--Coexpression(rank=1292)","1311","0.546399999999999997","GTEx Coexpression,0.5464"
"DEG_LD_SW480","1312","ZNF335","0.546699999999999964","ARCHS4 Coexpression,0.5467","ACAP1,GNB2,ITGB2,CD7,TBC1D10C,TMC8,TMC6,NLRP1,PLCB2,SLC12A9,ARHGAP45","chea3","1312","0.546699999999999964",NA,NA,"","4","ReMap--ChIP-seq(rank=297); ARCHS4--Coexpression(rank=890); Enrichr--Queries(rank=1372); GTEx--Coexpression(rank=1579)","1312","0.546699999999999964","ARCHS4 Coexpression,0.5467"
"DEG_LD_SW480","1313","ZNF264","0.547300000000000009","ARCHS4 Coexpression,0.5473","KCNV1,GSTO2,MOGAT3,GTF2IRD2,CFAP69,TTC7B,ZNF556,FGF13,PTGR2,RASGRP3,TMEM45A","chea3","1313","0.547300000000000009",NA,NA,"","3","ARCHS4--Coexpression(rank=891); Enrichr--Queries(rank=1152); GTEx--Coexpression(rank=1540)","1313","0.547300000000000009","ARCHS4 Coexpression,0.5473"
"DEG_LD_SW480","1314","ZNF251","0.547699999999999965","Enrichr Queries,0.5477","IFITM3,ARRDC4,CADPS2,EDN1,AUTS2,CEBPD,EPAS1,F2R,ITPR1,ASNS,FBXO32,SERPINB8,PGF,LOXL2,SYTL2,ATXN1,ALCAM,MDK,GRB10,SPOCK1,CKB,ATF3,MATN2","chea3","1314","0.547699999999999965",NA,NA,"","3","Enrichr--Queries(rank=769); GTEx--Coexpression(rank=952); ARCHS4--Coexpression(rank=993)","1314","0.547699999999999965","Enrichr Queries,0.5477"
"DEG_LD_SW480","1315","ZNF860","0.548200000000000021","GTEx Coexpression,0.5482","TP53AIP1,ECM1,ANXA1,TRPV4,KRT13,TMEM40,SFN,RAB27B,MUC21,THSD4,MPZL2","chea3","1315","0.548200000000000021",NA,NA,"","2","GTEx--Coexpression(rank=881); ARCHS4--Coexpression(rank=1073)","1315","0.548200000000000021","GTEx Coexpression,0.5482"
"DEG_LD_SW480","1316","OVOL3","0.548499999999999988","ARCHS4 Coexpression,0.5485","POMT2,MBLAC1,CAMKV,KRT39,POLN,SLC22A17,FES,KCNQ2,XYLT1,ZNF853,CYS1","chea3","1316","0.548499999999999988",NA,NA,"","2","ARCHS4--Coexpression(rank=893); GTEx--Coexpression(rank=1008)","1316","0.548499999999999988","ARCHS4 Coexpression,0.5485"
"DEG_LD_SW480","1317","ZSCAN31","0.548799999999999955","GTEx Coexpression,0.5488","CDKL2,IFT22,LASP1,CHRNB4,FBXW10,GNB2,PRUNE2,CASP4,ARPC4,ZNF610,ZC3H14","chea3","1317","0.548799999999999955",NA,NA,"","2","GTEx--Coexpression(rank=882); ARCHS4--Coexpression(rank=907)","1317","0.548799999999999955","GTEx Coexpression,0.5488"
"DEG_LD_SW480","1318","ZNF550","0.549100000000000033","ARCHS4 Coexpression,0.5491","LASP1,ZNF273,ZNF839,GNB2,DAB2IP,KRIT1,PTGES3L,RORA,STON2,GLDN,ZNF486","chea3","1318","0.549100000000000033",NA,NA,"","3","ARCHS4--Coexpression(rank=894); Enrichr--Queries(rank=1245); GTEx--Coexpression(rank=1497)","1318","0.549100000000000033","ARCHS4 Coexpression,0.5491"
"DEG_LD_SW480","1319","ZNF585B","0.549100000000000033","Enrichr Queries,0.5491","ABCA1,ZNF331,ARRDC4,CADPS2,ZNF681,ZNF680,MAML2,ATP8A1,FBXO32,SERPINB8,TGFBR3,NT5E,ATXN1,CDK6,ZNF93,NBEA,ZNF429,ZNF737,ZNF107,ZNF117,ZNF502,PAG1,ZNF486","chea3","1319","0.549100000000000033",NA,NA,"","3","Enrichr--Queries(rank=771); ARCHS4--Coexpression(rank=942); GTEx--Coexpression(rank=1047)","1319","0.549100000000000033","Enrichr Queries,0.5491"
"DEG_LD_SW480","1320","NRF1","0.549799999999999955","ARCHS4 Coexpression,0.5498","LFNG,ACAP1,RASSF2,SELPLG,CD7,TBC1D10C,TMC8,TMC6,CYTIP,PLCB2,ARHGAP45","chea3","1320","0.549799999999999955",NA,NA,"","5","ENCODE--ChIP-seq(rank=89); ReMap--ChIP-seq(rank=239); ARCHS4--Coexpression(rank=895); GTEx--Coexpression(rank=907); Enrichr--Queries(rank=1292)","1320","0.549799999999999955","ARCHS4 Coexpression,0.5498"
"DEG_LD_SW480","1321","ZNF791","0.550400000000000000","ARCHS4 Coexpression,0.5504","IFT22,ZNF273,MOGAT3,PSPN,GTF2IRD2,ORAI2,CFAP69,ZNF556,PTGR2,NCMAP,RASGRP3","chea3","1321","0.550400000000000000",NA,NA,"","3","ARCHS4--Coexpression(rank=896); Enrichr--Queries(rank=1204); GTEx--Coexpression(rank=1515)","1321","0.550400000000000000","ARCHS4 Coexpression,0.5504"
"DEG_LD_SW480","1322","ATF2","0.551000000000000045","ARCHS4 Coexpression,0.551","BEX4,SH3BGRL,RTN1,NBEA,GNB2,TRIP6,CRMP1,PDAP1,MSMO1,GDAP1,SLC16A14","chea3","1322","0.551000000000000045",NA,NA,"","5","ENCODE--ChIP-seq(rank=112); ReMap--ChIP-seq(rank=272); ARCHS4--Coexpression(rank=897); GTEx--Coexpression(rank=1073); Enrichr--Queries(rank=1367)","1322","0.551000000000000045","ARCHS4 Coexpression,0.551"
"DEG_LD_SW480","1323","FOXR1","0.552599999999999980","GTEx Coexpression,0.5526","STK31,HERC5,ZCWPW1,PLEKHG4,TKTL1,TDRD12,PRAME,MAGEC2,MAGEB6,ACTL8,TEX19","chea3","1323","0.552599999999999980",NA,NA,"","3","GTEx--Coexpression(rank=888); Enrichr--Queries(rank=1164); ARCHS4--Coexpression(rank=1276)","1323","0.552599999999999980","GTEx Coexpression,0.5526"
"DEG_LD_SW480","1324","ZNF611","0.552799999999999958","ARCHS4 Coexpression,0.5528","KCNV1,GSTO2,MOGAT3,SPTLC3,GTF2IRD2,CFAP69,TTC7B,PTGES3L,ZNF556,FGF13,NCMAP","chea3","1324","0.552799999999999958",NA,NA,"","3","ARCHS4--Coexpression(rank=900); Enrichr--Queries(rank=1126); GTEx--Coexpression(rank=1434)","1324","0.552799999999999958","ARCHS4 Coexpression,0.5528"
"DEG_LD_SW480","1325","THAP6","0.554100000000000037","ARCHS4 Coexpression,0.5541","LASP1,MOGAT3,PSPN,POLN,GTF2IRD2,GNB2,CFAP69,PTGES3L,ANKRD52,ZNF556,PTGR2","chea3","1325","0.554100000000000037",NA,NA,"","3","ARCHS4--Coexpression(rank=902); Enrichr--Queries(rank=1035); GTEx--Coexpression(rank=1566)","1325","0.554100000000000037","ARCHS4 Coexpression,0.5541"
"DEG_LD_SW480","1326","ZNF200","0.554699999999999971","ARCHS4 Coexpression,0.5547","SHC4,KCNV1,GSTO2,MOGAT3,PSPN,SPTLC3,GTF2IRD2,CFAP69,TTC7B,ZNF556,FGF13","chea3","1326","0.554699999999999971",NA,NA,"","3","ARCHS4--Coexpression(rank=903); GTEx--Coexpression(rank=1048); Enrichr--Queries(rank=1157)","1326","0.554699999999999971","ARCHS4 Coexpression,0.5547"
"DEG_LD_SW480","1327","ZNF324","0.556899999999999951","GTEx Coexpression,0.5569","SHE,MBLAC1,PTPRB,POP7,AFAP1L1,PSPN,PSMG3,NOD2,SERPINB8,GNG11,FSTL4","chea3","1327","0.556899999999999951",NA,NA,"","3","GTEx--Coexpression(rank=895); Enrichr--Queries(rank=1051); ARCHS4--Coexpression(rank=1271)","1327","0.556899999999999951","GTEx Coexpression,0.5569"
"DEG_LD_SW480","1328","RLF","0.557599999999999985","GTEx Coexpression,0.5576","GNA13,TNFRSF18,ANKRD44,SH2D2A,PLEK,RUBCNL,NLRP3,NOD2,CYTIP,PAG1,SYTL3","chea3","1328","0.557599999999999985",NA,NA,"","3","GTEx--Coexpression(rank=896); Enrichr--Queries(rank=1289); ARCHS4--Coexpression(rank=1595)","1328","0.557599999999999985","GTEx Coexpression,0.5576"
"DEG_LD_SW480","1329","ZSCAN30","0.557699999999999974","ARCHS4 Coexpression,0.5577","SHC4,KCNV1,GSTO2,SPTLC3,GTF2IRD2,STARD8,CFAP69,TTC7B,ASB4,FGF13,TMEM45A","chea3","1329","0.557699999999999974",NA,NA,"","2","ARCHS4--Coexpression(rank=908); GTEx--Coexpression(rank=1233)","1329","0.557699999999999974","ARCHS4 Coexpression,0.5577"
"DEG_LD_SW480","1330","ZNF37A","0.558400000000000007","ARCHS4 Coexpression,0.5584","SHC4,KCNV1,GSTO2,SPTLC3,GNB2,CFAP69,TTC7B,ASB4,ZNF556,FGF13,TMEM45A","chea3","1330","0.558400000000000007",NA,NA,"","3","ARCHS4--Coexpression(rank=909); Enrichr--Queries(rank=1155); GTEx--Coexpression(rank=1252)","1330","0.558400000000000007","ARCHS4 Coexpression,0.5584"
"DEG_LD_SW480","1331","ZSCAN26","0.562000000000000055","ARCHS4 Coexpression,0.562","TIAM2,BEX4,RTN1,PNMA1,FEZ1,GNB2,ZNF737,ARHGEF3,CRMP1,GDAP1,SLC16A14","chea3","1331","0.562000000000000055",NA,NA,"","2","ARCHS4--Coexpression(rank=915); GTEx--Coexpression(rank=1432)","1331","0.562000000000000055","ARCHS4 Coexpression,0.562"
"DEG_LD_SW480","1332","ZNF417","0.564500000000000002","ARCHS4 Coexpression,0.5645","ACOXL,MOGAT3,POLN,GTF2IRD2,GNB2,ANKRD44,CFAP69,AP1S1,ZNF556,ZNF486,ZNF442","chea3","1332","0.564500000000000002",NA,NA,"","3","ARCHS4--Coexpression(rank=919); Enrichr--Queries(rank=1123); GTEx--Coexpression(rank=1318)","1332","0.564500000000000002","ARCHS4 Coexpression,0.5645"
"DEG_LD_SW480","1333","ZNF865","0.565699999999999981","GTEx Coexpression,0.5657","CACNG6,RYR1,TNNC1,PTGES3L,PRKCQ,ASB2,SPTB,RBM24,POLR2J,SH2B2,BICRA","chea3","1333","0.565699999999999981",NA,NA,"","2","GTEx--Coexpression(rank=909); ARCHS4--Coexpression(rank=1183)","1333","0.565699999999999981","GTEx Coexpression,0.5657"
"DEG_LD_SW480","1334","ZNF142","0.566300000000000026","GTEx Coexpression,0.5663","RERE,MBLAC1,KIAA1614,NBEA,KCNMA1,ZSCAN21,PRUNE2,ITPR1,IGSF9B,ANKRD52,BICRA","chea3","1334","0.566300000000000026",NA,NA,"","3","GTEx--Coexpression(rank=910); Enrichr--Queries(rank=1305); ARCHS4--Coexpression(rank=1601)","1334","0.566300000000000026","GTEx Coexpression,0.5663"
"DEG_LD_SW480","1335","ZSCAN16","0.566899999999999959","GTEx Coexpression,0.5669","ACAP1,FCGR2A,SELPLG,KCNE3,GMFG,PTAFR,TBC1D10C,SECTM1,ARPC4,SLC12A9,BATF","chea3","1335","0.566899999999999959",NA,NA,"","3","GTEx--Coexpression(rank=911); Enrichr--Queries(rank=957); ARCHS4--Coexpression(rank=1052)","1335","0.566899999999999959","GTEx Coexpression,0.5669"
"DEG_LD_SW480","1336","ZNF479","0.566999999999999948","Enrichr Queries,0.567","CADPS2,ZNF681,ZNF680,ADGRV1,AUTS2,MUC16,BCL11A,MACC1,NTM,DYSF,SERPINB8,PCLO,ZNF92,DACH1,HEY1,NBEA,ZNF737,NAMPT,SAA1,ZNF107,DMD,ZNF117","chea3","1336","0.566999999999999948",NA,NA,"","3","Enrichr--Queries(rank=796); GTEx--Coexpression(rank=1524); ARCHS4--Coexpression(rank=1555)","1336","0.566999999999999948","Enrichr Queries,0.567"
"DEG_LD_SW480","1337","CC2D1A","0.568100000000000049","GTEx Coexpression,0.5681","GPRIN2,RNF43,VANGL2,CARMIL3,GSTO2,TMEM63C,ENTPD8,CBLC,TMTC1,EXPH5","chea3","1337","0.568100000000000049",NA,NA,"","2","GTEx--Coexpression(rank=913); ARCHS4--Coexpression(rank=1241)","1337","0.568100000000000049","GTEx Coexpression,0.5681"
"DEG_LD_SW480","1338","ZNF518A","0.568799999999999972","GTEx Coexpression,0.5688","POMT2,CDRT4,POP7,MC1R,ZMAT1,SALL4,GATAD1,KRIT1,CLBA1,ZNF311","chea3","1338","0.568799999999999972",NA,NA,"","3","GTEx--Coexpression(rank=914); Enrichr--Queries(rank=1243); ARCHS4--Coexpression(rank=1250)","1338","0.568799999999999972","GTEx Coexpression,0.5688"
"DEG_LD_SW480","1339","ZNF136","0.568799999999999972","ARCHS4 Coexpression,0.5688","ZNF512B,LASP1,ZNF273,GTF2IRD2,ZNF429,GNB2,DAB2IP,PDAP1,AP1S1,METTL6,ANKRD52","chea3","1339","0.568799999999999972",NA,NA,"","3","ARCHS4--Coexpression(rank=926); Enrichr--Queries(rank=1058); GTEx--Coexpression(rank=1531)","1339","0.568799999999999972","ARCHS4 Coexpression,0.5688"
"DEG_LD_SW480","1340","ZNF565","0.569799999999999973","Enrichr Queries,0.5698","ZNF331,CADPS2,EDN1,EGR3,IRX3,PELI2,RORA,LTBP2,EML1,SERPINB8,PGF,SYTL2,TGFBR3,RASSF2,DUSP10,KCNMA1,ZNF239,TMCC3,UPP1,TGFBI,ATF3,MATN2","chea3","1340","0.569799999999999973",NA,NA,"","3","Enrichr--Queries(rank=800); ARCHS4--Coexpression(rank=1173); GTEx--Coexpression(rank=1237)","1340","0.569799999999999973","Enrichr Queries,0.5698"
"DEG_LD_SW480","1341","ZNF280C","0.569999999999999951","GTEx Coexpression,0.57","HERC5,PLEKHG4,DNAJC2,TKTL1,DBF4,PRAME,MAGEC2,MAGEB6,ACTL8,TEX19","chea3","1341","0.569999999999999951",NA,NA,"","3","GTEx--Coexpression(rank=916); ARCHS4--Coexpression(rank=1046); Enrichr--Queries(rank=1299)","1341","0.569999999999999951","GTEx Coexpression,0.57"
"DEG_LD_SW480","1342","ZNF34","0.570599999999999996","ARCHS4 Coexpression,0.5706","BEX4,LASP1,RTN1,FEZ1,UBE2E1,CRMP1,ANKRD52,GDAP1,GNAI1,CHGB,BEX5","chea3","1342","0.570599999999999996",NA,NA,"","3","Enrichr--Queries(rank=842); ARCHS4--Coexpression(rank=929); GTEx--Coexpression(rank=1057)","1342","0.570599999999999996","ARCHS4 Coexpression,0.5706"
"DEG_LD_SW480","1343","ZFP42","0.571200000000000041","Enrichr Queries,0.5712","IFITM1,EPAS1,BCL11A,ESRRB,TET1,ASNS,LRP2,DKK1,SERPINB8,WFDC2,ELAVL2,BST2,SOX2,GAL,COL2A1,GNG4,SALL4,RBPMS2,PPARG,UPP1,CKB,CNMD","chea3","1343","0.571200000000000041",NA,NA,"","4","Literature--ChIP-seq(rank=128); Enrichr--Queries(rank=802); ARCHS4--Coexpression(rank=1190); GTEx--Coexpression(rank=1443)","1343","0.571200000000000041","Enrichr Queries,0.5712"
"DEG_LD_SW480","1344","E2F4","0.571899999999999964","GTEx Coexpression,0.5719","BEX4,NLGN1,PHLPP1,PTPRZ1,FEZ1,CNTN1,PHACTR3,DCLK2,NCAM1,QKI","chea3","1344","0.571899999999999964",NA,NA,"","6","ENCODE--ChIP-seq(rank=77); Literature--ChIP-seq(rank=159); ReMap--ChIP-seq(rank=260); GTEx--Coexpression(rank=919); Enrichr--Queries(rank=1380); ARCHS4--Coexpression(rank=1516)","1344","0.571899999999999964","GTEx Coexpression,0.5719"
"DEG_LD_SW480","1345","ZBTB3","0.572500000000000009","ARCHS4 Coexpression,0.5725","ACOXL,ZNF273,GSDMA,MOGAT3,PSPN,POLN,GTF2IRD2,FRMPD1,PTGES3L,ZNF556,RASGRP3","chea3","1345","0.572500000000000009",NA,NA,"","3","ARCHS4--Coexpression(rank=932); GTEx--Coexpression(rank=966); Enrichr--Queries(rank=1172)","1345","0.572500000000000009","ARCHS4 Coexpression,0.5725"
"DEG_LD_SW480","1346","MGA","0.572500000000000009","GTEx Coexpression,0.5725","POMT2,HERC5,ZCWPW1,PLEKHG4,KRIT1,TDRD12,PRAME,ZNF502,ZC3H14,ZNF596","chea3","1346","0.572500000000000009",NA,NA,"","3","GTEx--Coexpression(rank=920); Enrichr--Queries(rank=1404); ARCHS4--Coexpression(rank=1613)","1346","0.572500000000000009","GTEx Coexpression,0.5725"
"DEG_LD_SW480","1347","ZNF239","0.574400000000000022","GTEx Coexpression,0.5744","DNAJC2,FAM200A,ZSCAN21,ZNF502,METTL6,ZNF501,TRNT1,STEAP1,UFSP1,DCBLD2","chea3","1347","0.574400000000000022",NA,NA,"","3","Enrichr--Queries(rank=859); GTEx--Coexpression(rank=923); ARCHS4--Coexpression(rank=1533)","1347","0.574400000000000022","GTEx Coexpression,0.5744"
"DEG_LD_SW480","1348","ZNF724","0.574899999999999967","ARCHS4 Coexpression,0.5749","IFT22,LASP1,ZNF273,GSDMA,MOGAT3,PSPN,POLN,GTF2IRD2,GNB2,PTGES3L,ZNF556","chea3","1348","0.574899999999999967",NA,NA,"","2","ARCHS4--Coexpression(rank=936); GTEx--Coexpression(rank=1558)","1348","0.574899999999999967","ARCHS4 Coexpression,0.5749"
"DEG_LD_SW480","1349","SNAPC5","0.574999999999999956","GTEx Coexpression,0.575","CHCHD4,DNAJC30,EEF1A2,DPH3,TTC7B,PTGES3L,AKAP6,SOBP,ASB2,SPTB","chea3","1349","0.574999999999999956",NA,NA,"","2","GTEx--Coexpression(rank=924); ARCHS4--Coexpression(rank=1319)","1349","0.574999999999999956","GTEx Coexpression,0.575"
"DEG_LD_SW480","1350","ZNF449","0.575500000000000012","Enrichr Queries,0.5755","ABCA1,CADPS2,ANXA1,F2R,ITPR1,ASNS,RORA,SLC5A3,RND3,SERPINB8,SYTL2,ATXN1,SERTAD4,ALCAM,CDK6,ZMAT1,HEY1,SESTD1,PDK4,ZNF711,TGFBI,ATF3","chea3","1350","0.575500000000000012",NA,NA,"","3","Enrichr--Queries(rank=808); ARCHS4--Coexpression(rank=1141); GTEx--Coexpression(rank=1147)","1350","0.575500000000000012","Enrichr Queries,0.5755"
"DEG_LD_SW480","1351","ZNF512B","0.575600000000000001","GTEx Coexpression,0.5756","GNA13,CDRT4,MC1R,ZMAT1,GSTO2,PRKRIP1,SALL4,DPH3,CLBA1,WDR72","chea3","1351","0.575600000000000001",NA,NA,"","3","GTEx--Coexpression(rank=925); Enrichr--Queries(rank=1159); ARCHS4--Coexpression(rank=1262)","1351","0.575600000000000001","GTEx Coexpression,0.5756"
"DEG_LD_SW480","1352","ZNF225","0.576799999999999979","ARCHS4 Coexpression,0.5768","SOX2,FAM133A,SLC4A8,SPON1,GSDMA,PSPN,GTF2IRD2,GNB2,SOX14,ZNF556,BEX5","chea3","1352","0.576799999999999979",NA,NA,"","2","ARCHS4--Coexpression(rank=939); GTEx--Coexpression(rank=1315)","1352","0.576799999999999979","ARCHS4 Coexpression,0.5768"
"DEG_LD_SW480","1353","ZNF20","0.576899999999999968","Enrichr Queries,0.5769","ABCA1,CADPS2,ANXA1,CEBPD,BCL11A,SLC44A2,IFI6,SERPINB8,PGF,CNN3,HERC5,ISG20,ACTA2,LFNG,ATXN1,HEY1,ZNF93,ZNF429,COL5A2,ZNF763,ATF3,ZNF442","chea3","1353","0.576899999999999968",NA,NA,"","3","Enrichr--Queries(rank=810); ARCHS4--Coexpression(rank=998); GTEx--Coexpression(rank=1305)","1353","0.576899999999999968","Enrichr Queries,0.5769"
"DEG_LD_SW480","1354","ZNF696","0.578099999999999836","GTEx Coexpression,0.5781","FAM133B,ORC5,MBLAC1,POP7,ZSCAN21,GTPBP10,ZNF239,MTERF1,ZNF501,UFSP1","chea3","1354","0.578099999999999836",NA,NA,"","3","GTEx--Coexpression(rank=929); ARCHS4--Coexpression(rank=943); Enrichr--Queries(rank=1231)","1354","0.578099999999999836","GTEx Coexpression,0.5781"
"DEG_LD_SW480","1355","ZNF230","0.578300000000000036","Enrichr Queries,0.5783","ABCA1,ZNF331,ARRDC4,CADPS2,DOCK4,ANXA1,CEBPD,IFI6,RORA,SERPINB8,PGF,HERC5,LFNG,GPNMB,SH3PXD2A,ZNF429,NAMPT,ZNF107,ZNF117,ZNF763,ZNF486,ZNF596","chea3","1355","0.578300000000000036",NA,NA,"","3","Enrichr--Queries(rank=812); ARCHS4--Coexpression(rank=1125); GTEx--Coexpression(rank=1173)","1355","0.578300000000000036","Enrichr Queries,0.5783"
"DEG_LD_SW480","1356","ZNF564","0.579300000000000037","GTEx Coexpression,0.5793","FCGR2A,KCNE3,GMFG,PTAFR,SECTM1,VIPAS39,CCDC174,ZNF763,TMEM60,SLC12A9","chea3","1356","0.579300000000000037",NA,NA,"","3","Enrichr--Queries(rank=904); GTEx--Coexpression(rank=931); ARCHS4--Coexpression(rank=1586)","1356","0.579300000000000037","GTEx Coexpression,0.5793"
"DEG_LD_SW480","1357","ZNF212","0.579899999999999971","ARCHS4 Coexpression,0.5799","BST2,LFNG,TSC22D4,CHRNB4,ALCAM,TNFRSF18,GNB2,XRCC3,UPP1,SYTL3,ARHGAP45","chea3","1357","0.579899999999999971",NA,NA,"","3","ARCHS4--Coexpression(rank=944); Enrichr--Queries(rank=1162); GTEx--Coexpression(rank=1498)","1357","0.579899999999999971","ARCHS4 Coexpression,0.5799"
"DEG_LD_SW480","1358","ZNF22","0.580600000000000005","GTEx Coexpression,0.5806","SRPX,SLC43A3,SLC43A1,GRB10,PDX1,PLOD3,PPARG,GNG11,SERPINB5,BET1","chea3","1358","0.580600000000000005",NA,NA,"","3","GTEx--Coexpression(rank=933); Enrichr--Queries(rank=1059); ARCHS4--Coexpression(rank=1284)","1358","0.580600000000000005","GTEx Coexpression,0.5806"
"DEG_LD_SW480","1359","POU2F1","0.581099999999999839","ARCHS4 Coexpression,0.5811","SOX2,VANGL2,ADGRV1,AUTS2,GNB2,SALL4,RBPMS2,GPC2,TET1,ARPC4,CNMD","chea3","1359","0.581099999999999839",NA,NA,"","4","ReMap--ChIP-seq(rank=254); ARCHS4--Coexpression(rank=946); GTEx--Coexpression(rank=975); Enrichr--Queries(rank=1192)","1359","0.581099999999999839","ARCHS4 Coexpression,0.5811"
"DEG_LD_SW480","1360","ZBTB21","0.581799999999999984","GTEx Coexpression,0.5818","CCDC71L,ZNF331,EGR3,NR4A3,CEBPD,SLC43A3,CTH,NFKBIZ,RND3,ATF3","chea3","1360","0.581799999999999984",NA,NA,"","2","GTEx--Coexpression(rank=935); ARCHS4--Coexpression(rank=1501)","1360","0.581799999999999984","GTEx Coexpression,0.5818"
"DEG_LD_SW480","1361","ZNF446","0.582500000000000018","GTEx Coexpression,0.5825","ZNF512B,XKR7,TENM1,MC1R,CARMIL3,TMEM63C,PRKRIP1,ZNF502,ZNF596,BICRA","chea3","1361","0.582500000000000018",NA,NA,"","3","GTEx--Coexpression(rank=936); Enrichr--Queries(rank=1093); ARCHS4--Coexpression(rank=1310)","1361","0.582500000000000018","GTEx Coexpression,0.5825"
"DEG_LD_SW480","1362","ZBED1","0.582600000000000007","Enrichr Queries,0.5826","ABCA1,IFITM3,IFITM1,ANXA1,CEBPD,ITGB2,F2R,IFI6,SERPINB8,HERC5,BST2,ISG20,ACTA2,LASP1,GPNMB,FASN,NAMPT,ALDOC,TGFBI,ATF3,CTSB","chea3","1362","0.582600000000000007",NA,NA,"","4","ReMap--ChIP-seq(rank=279); Enrichr--Queries(rank=818); GTEx--Coexpression(rank=1200); ARCHS4--Coexpression(rank=1367)","1362","0.582600000000000007","Enrichr Queries,0.5826"
"DEG_LD_SW480","1363","ZSCAN32","0.583099999999999841","GTEx Coexpression,0.5831","FCGR2A,RASSF2,SELPLG,ZNF429,BUD31,PTAFR,ORAI2,VIPAS39,ZNF763,SLC12A9","chea3","1363","0.583099999999999841",NA,NA,"","2","GTEx--Coexpression(rank=937); ARCHS4--Coexpression(rank=1289)","1363","0.583099999999999841","GTEx Coexpression,0.5831"
"DEG_LD_SW480","1364","EVX2","0.583300000000000041","Enrichr Queries,0.5833","TFAP2A,DLX3,EGR3,DLX4,PRRX1,BCL11A,IRX3,SHOX2,SOX14,HOXD13,EBF3,HOXD11,CACNA1E,HOXD10,LOXL2,SOX2,COL2A1,LHX2,KIF26B,SIX2,FEZF1","chea3","1364","0.583300000000000041",NA,NA,"","3","Enrichr--Queries(rank=819); ARCHS4--Coexpression(rank=1175); GTEx--Coexpression(rank=1437)","1364","0.583300000000000041","Enrichr Queries,0.5833"
"DEG_LD_SW480","1365","ZNF169","0.583500000000000019","ARCHS4 Coexpression,0.5835","STK31,MOGAT3,PSPN,POLN,GTF2IRD2,PTGES3L,ZNF556,LYPD5,NCMAP,RASGRP3,XKR5","chea3","1365","0.583500000000000019",NA,NA,"","3","Enrichr--Queries(rank=831); ARCHS4--Coexpression(rank=950); GTEx--Coexpression(rank=1510)","1365","0.583500000000000019","ARCHS4 Coexpression,0.5835"
"DEG_LD_SW480","1366","NANOGNB","0.586200000000000165","GTEx Coexpression,0.5862","STK31,HERC5,ZCWPW1,TKTL1,TDRD12,PRAME,MAGEC2,MAGEB6,ACTL8,TEX19","chea3","1366","0.586200000000000165",NA,NA,"","2","GTEx--Coexpression(rank=942); ARCHS4--Coexpression(rank=1011)","1366","0.586200000000000165","GTEx Coexpression,0.5862"
"DEG_LD_SW480","1367","ZNF490","0.587200000000000166","ARCHS4 Coexpression,0.5872","ZNF273,ARMC10,MOGAT3,PSPN,GTF2IRD2,PTGES3L,ZNF556,LYPD5,PTGR2,RASGRP3","chea3","1367","0.587200000000000166",NA,NA,"","3","ARCHS4--Coexpression(rank=956); GTEx--Coexpression(rank=1093); Enrichr--Queries(rank=1181)","1367","0.587200000000000166","ARCHS4 Coexpression,0.5872"
"DEG_LD_SW480","1368","NFE2L1","0.587400000000000033","GTEx Coexpression,0.5874","FRMD3,CACNG6,RYR1,TNNC1,PTGES3L,TCAP,MITF,ASB2,SPTB,RBM24","chea3","1368","0.587400000000000033",NA,NA,"","4","ReMap--ChIP-seq(rank=268); GTEx--Coexpression(rank=944); ARCHS4--Coexpression(rank=1091); Enrichr--Queries(rank=1208)","1368","0.587400000000000033","GTEx Coexpression,0.5874"
"DEG_LD_SW480","1369","ZNF761","0.588999999999999968","Enrichr Queries,0.589","ABCA1,ZNF331,IFITM3,CADPS2,EGLN3,ANXA1,HMGCS1,F2R,NEDD9,ASNS,MSMO1,SERPINB8,PGF,SLC6A6,ZNF92,ALCAM,CDK6,FASN,CNTN1,STEAP1,ATF3","chea3","1369","0.588999999999999968",NA,NA,"","3","Enrichr--Queries(rank=827); ARCHS4--Coexpression(rank=1087); GTEx--Coexpression(rank=1107)","1369","0.588999999999999968","Enrichr Queries,0.589"
"DEG_LD_SW480","1370","ZFP62","0.589099999999999846","ARCHS4 Coexpression,0.5891","ZNF93,NBEA,ZNF737,GOLGA8H,CRMP1,TET1,ZNF502,CACNA1E,GDAP1,DZIP3","chea3","1370","0.589099999999999846",NA,NA,"","3","ARCHS4--Coexpression(rank=959); GTEx--Coexpression(rank=978); Enrichr--Queries(rank=1379)","1370","0.589099999999999846","ARCHS4 Coexpression,0.5891"
"DEG_LD_SW480","1371","HSFY1","0.589300000000000046","GTEx Coexpression,0.5893","ACHE,CPNE8,ECM1,ANXA1,TMEM43,KCNK10,OSBPL5,KRT13,NEDD9,MUC21","chea3","1371","0.589300000000000046",NA,NA,"","2","GTEx--Coexpression(rank=947); ARCHS4--Coexpression(rank=1463)","1371","0.589300000000000046","GTEx Coexpression,0.5893"
"DEG_LD_SW480","1372","ZNF134","0.590300000000000047","ARCHS4 Coexpression,0.5903","ZNF92,ZNF93,GNB2,SALL4,RBPMS2,CRMP1,TET1,ROR1,CNMD,GDAP1","chea3","1372","0.590300000000000047",NA,NA,"","3","ARCHS4--Coexpression(rank=961); Enrichr--Queries(rank=1203); GTEx--Coexpression(rank=1408)","1372","0.590300000000000047","ARCHS4 Coexpression,0.5903"
"DEG_LD_SW480","1373","ZNF573","0.590899999999999981","ARCHS4 Coexpression,0.5909","KCNV1,IFT22,LASP1,PSPN,GTF2IRD2,GNB2,METTL6,ANKRD52,ZNF556,PIGH","chea3","1373","0.590899999999999981",NA,NA,"","3","Enrichr--Queries(rank=959); ARCHS4--Coexpression(rank=962); GTEx--Coexpression(rank=1467)","1373","0.590899999999999981","ARCHS4 Coexpression,0.5909"
"DEG_LD_SW480","1374","ZNF160","0.591199999999999837","GTEx Coexpression,0.5912","BST2,ABCD4,SHE,POP7,MYO15B,SALL4,GATAD1,TSHZ2,CCM2L,ZNF117","chea3","1374","0.591199999999999837",NA,NA,"","3","GTEx--Coexpression(rank=950); Enrichr--Queries(rank=1062); ARCHS4--Coexpression(rank=1462)","1374","0.591199999999999837","GTEx Coexpression,0.5912"
"DEG_LD_SW480","1375","LIN54","0.591799999999999993","GTEx Coexpression,0.5918","GNA13,SDHAF3,PLEK,TMCC3,IL1RAP,NOD2,CYTIP,RAB5A,SH2B2,MAP2K6","chea3","1375","0.591799999999999993",NA,NA,"","2","GTEx--Coexpression(rank=951); ARCHS4--Coexpression(rank=1160)","1375","0.591799999999999993","GTEx Coexpression,0.5918"
"DEG_LD_SW480","1376","ZSCAN2","0.592099999999999960","ARCHS4 Coexpression,0.5921","ACOXL,LASP1,CHRNB4,ZNF273,MOGAT3,GTF2IRD2,PTGES3L,ANKRD52,ZNF556,PTGR2","chea3","1376","0.592099999999999960",NA,NA,"","3","Enrichr--Queries(rank=852); ARCHS4--Coexpression(rank=964); GTEx--Coexpression(rank=1130)","1376","0.592099999999999960","ARCHS4 Coexpression,0.5921"
"DEG_LD_SW480","1377","ZNF7","0.592799999999999994","ARCHS4 Coexpression,0.5928","IFT22,GSTO2,MOGAT3,PSPN,POLN,GTF2IRD2,CFAP69,PTGES3L,ZNF556,PTGR2","chea3","1377","0.592799999999999994",NA,NA,"","3","ARCHS4--Coexpression(rank=965); Enrichr--Queries(rank=1034); GTEx--Coexpression(rank=1242)","1377","0.592799999999999994","ARCHS4 Coexpression,0.5928"
"DEG_LD_SW480","1378","YY2","0.593700000000000006","GTEx Coexpression,0.5937","NT5E,PDGFC,COL5A2,COL6A3,XPC,ZNF501,STEAP1,DCBLD2,LOXL2,VGLL3","chea3","1378","0.593700000000000006",NA,NA,"","3","GTEx--Coexpression(rank=954); Enrichr--Queries(rank=972); ARCHS4--Coexpression(rank=1036)","1378","0.593700000000000006","GTEx Coexpression,0.5937"
"DEG_LD_SW480","1379","ZNF780B","0.594600000000000017","ARCHS4 Coexpression,0.5946","KCNV1,GSTO2,NBEA,POLN,GTF2IRD2,GNB2,CFAP69,ZNF556,FGF13,TMEM45A","chea3","1379","0.594600000000000017",NA,NA,"","3","ARCHS4--Coexpression(rank=968); Enrichr--Queries(rank=1111); GTEx--Coexpression(rank=1363)","1379","0.594600000000000017","ARCHS4 Coexpression,0.5946"
"DEG_LD_SW480","1380","MNT","0.596099999999999963","GTEx Coexpression,0.5961","ZNF680,FCGR2A,SELPLG,GNB2,PTAFR,SECTM1,ARPC4,BCORL1,PTGR2,SLC12A9","chea3","1380","0.596099999999999963",NA,NA,"","4","ReMap--ChIP-seq(rank=236); GTEx--Coexpression(rank=958); ARCHS4--Coexpression(rank=1024); Enrichr--Queries(rank=1128)","1380","0.596099999999999963","GTEx Coexpression,0.5961"
"DEG_LD_SW480","1381","ZFP69B","0.596400000000000041","ARCHS4 Coexpression,0.5964","ZNF92,RTN1,CARMIL3,CEBPD,ZC4H2,GABRA3,CRMP1,GDAP1,SLC16A14,ELAVL2","chea3","1381","0.596400000000000041",NA,NA,"","2","ARCHS4--Coexpression(rank=971); GTEx--Coexpression(rank=1323)","1381","0.596400000000000041","ARCHS4 Coexpression,0.5964"
"DEG_LD_SW480","1382","ZNF587B","0.596799999999999997","GTEx Coexpression,0.5968","BEX4,RINT1,NLGN1,PNMA1,CASP4,DCLK2,FURIN,NCAM1,SOBP,MARK1","chea3","1382","0.596799999999999997",NA,NA,"","2","GTEx--Coexpression(rank=959); ARCHS4--Coexpression(rank=1494)","1382","0.596799999999999997","GTEx Coexpression,0.5968"
"DEG_LD_SW480","1383","ZNF562","0.598300000000000165","ARCHS4 Coexpression,0.5983","SHC4,KCNV1,GSTO2,SPTLC3,GTF2IRD2,CFAP69,TTC7B,ZNF556,FGF13,TMEM45A","chea3","1383","0.598300000000000165",NA,NA,"","3","ARCHS4--Coexpression(rank=974); GTEx--Coexpression(rank=1164); Enrichr--Queries(rank=1191)","1383","0.598300000000000165","ARCHS4 Coexpression,0.5983"
"DEG_LD_SW480","1384","ZNF75A","0.598300000000000165","Enrichr Queries,0.5983","TFAP2A,ZNF331,ARRDC4,PLEKHG4,CADPS2,ZNF681,ZNF680,BCL11A,ITPR1,IFI6,ASNS,RORA,SERPINB8,DCBLD2,SYTL2,ISG20,CDK6,GPNMB,NFKBIZ,ZNF117,ATF3","chea3","1384","0.598300000000000165",NA,NA,"","3","Enrichr--Queries(rank=840); GTEx--Coexpression(rank=1045); ARCHS4--Coexpression(rank=1298)","1384","0.598300000000000165","Enrichr Queries,0.5983"
"DEG_LD_SW480","1385","ERF","0.598600000000000021","GTEx Coexpression,0.5986","FAM200A,VPS50,GNB2,XRCC3,EEF1A2,CD7,GTPBP10,NLRP3,BCORL1,SLC15A3","chea3","1385","0.598600000000000021",NA,NA,"","3","GTEx--Coexpression(rank=962); Enrichr--Queries(rank=1146); ARCHS4--Coexpression(rank=1394)","1385","0.598600000000000021","GTEx Coexpression,0.5986"
"DEG_LD_SW480","1386","ZNF419","0.598899999999999988","ARCHS4 Coexpression,0.5989","IFT22,LASP1,MOGAT3,PSPN,POLN,GTF2IRD2,CFAP69,PTGES3L,ZNF556,PTGR2","chea3","1386","0.598899999999999988",NA,NA,"","3","ARCHS4--Coexpression(rank=975); Enrichr--Queries(rank=1026); GTEx--Coexpression(rank=1041)","1386","0.598899999999999988","ARCHS4 Coexpression,0.5989"
"DEG_LD_SW480","1387","ZNF625","0.601099999999999968","Enrichr Queries,0.6011","ZNF331,CADPS2,ZNF681,ZNF273,ZNF680,RORA,TMTC1,SERPINB8,MED12L,ZNF93,KIF5C,ZNF429,ZNF737,YPEL1,ZNF107,ZNF711,ZNF117,ZNF610,ZNF763,ZNF486,ZNF442","chea3","1387","0.601099999999999968",NA,NA,"","3","Enrichr--Queries(rank=844); ARCHS4--Coexpression(rank=1257); GTEx--Coexpression(rank=1292)","1387","0.601099999999999968","Enrichr Queries,0.6011"
"DEG_LD_SW480","1388","KAT7","0.602600000000000025","ARCHS4 Coexpression,0.6026","GSTO2,MOGAT3,GTF2IRD2,ESRRB,TTC7B,PDX1,NCAM1,ZNF556,BTN3A2,RASGRP3","chea3","1388","0.602600000000000025",NA,NA,"","2","ARCHS4--Coexpression(rank=981); GTEx--Coexpression(rank=1545)","1388","0.602600000000000025","ARCHS4 Coexpression,0.6026"
"DEG_LD_SW480","1389","ZNF268","0.604400000000000048","ARCHS4 Coexpression,0.6044","KCNV1,LASP1,GSTO2,MOGAT3,PSPN,GTF2IRD2,GNB2,CFAP69,TTC7B,ZNF556","chea3","1389","0.604400000000000048",NA,NA,"","3","ARCHS4--Coexpression(rank=984); Enrichr--Queries(rank=992); GTEx--Coexpression(rank=1108)","1389","0.604400000000000048","ARCHS4 Coexpression,0.6044"
"DEG_LD_SW480","1390","THAP2","0.604700000000000015","Enrichr Queries,0.6047","ABCA1,EDN1,CEBPD,BCL11A,TET1,RORA,MSMO1,SLC5A3,RND3,SERPINB8,GNA13,SLC6A6,EIF5,CDK6,DUSP10,NR4A3,HYAL1,NAMPT,NFKBIZ,KBTBD8,ATF3","chea3","1390","0.604700000000000015",NA,NA,"","3","Enrichr--Queries(rank=849); GTEx--Coexpression(rank=1118); ARCHS4--Coexpression(rank=1240)","1390","0.604700000000000015","Enrichr Queries,0.6047"
"DEG_LD_SW480","1391","RBAK","0.604899999999999993","GTEx Coexpression,0.6049","FAM133B,RINT1,ZNF681,ZNF92,SLCO3A1,GTPBP10,KRIT1,MTERF1,ZNF502,ZNF655","chea3","1391","0.604899999999999993",NA,NA,"","3","GTEx--Coexpression(rank=972); Enrichr--Queries(rank=1219); ARCHS4--Coexpression(rank=1628)","1391","0.604899999999999993","GTEx Coexpression,0.6049"
"DEG_LD_SW480","1392","ETV4","0.605400000000000049","Enrichr Queries,0.6054","IFITM1,ANXA1,MCM7,EPAS1,ASNS,PLAT,CLDN1,SERPINB8,TM4SF1,PGF,LOXL2,ALDH1A3,NT5E,CDK6,HEY1,MDK,CNTN1,UPP1,CKB,TGFBI,ATF3","chea3","1392","0.605400000000000049",NA,NA,"","4","ReMap--ChIP-seq(rank=246); Enrichr--Queries(rank=850); ARCHS4--Coexpression(rank=1195); GTEx--Coexpression(rank=1399)","1392","0.605400000000000049","Enrichr Queries,0.6054"
"DEG_LD_SW480","1393","ZNF302","0.605500000000000038","GTEx Coexpression,0.6055","RPS6KL1,ZNF680,CD82,NBEA,GNB2,CASP4,TTC7B,ARPC4,NOD2,SERPINB8","chea3","1393","0.605500000000000038",NA,NA,"","3","GTEx--Coexpression(rank=973); Enrichr--Queries(rank=997); ARCHS4--Coexpression(rank=1218)","1393","0.605500000000000038","GTEx Coexpression,0.6055"
"DEG_LD_SW480","1394","ZIK1","0.606099999999999972","GTEx Coexpression,0.6061","XKR7,TIAM1,FAM200A,MMP24,KIAA1614,SPOCK1,NUDT17,METTL6,ZNF501,ZNF596","chea3","1394","0.606099999999999972",NA,NA,"","3","Enrichr--Queries(rank=886); GTEx--Coexpression(rank=974); ARCHS4--Coexpression(rank=1156)","1394","0.606099999999999972","GTEx Coexpression,0.6061"
"DEG_LD_SW480","1395","ZNF256","0.608299999999999841","Enrichr Queries,0.6083","ZNF331,ARRDC4,BEX4,ZNF681,IFITM1,AUTS2,BCL11A,IFI6,ASNS,RORA,CLDN1,RND3,SERPINB8,HERC5,TGFBR3,ZNF93,ZNF107,ZNF502,CKB,ZNF610,ATF3","chea3","1395","0.608299999999999841",NA,NA,"","3","Enrichr--Queries(rank=854); GTEx--Coexpression(rank=1241); ARCHS4--Coexpression(rank=1338)","1395","0.608299999999999841","Enrichr Queries,0.6083"
"DEG_LD_SW480","1396","ZNF182","0.608700000000000019","ARCHS4 Coexpression,0.6087","RAB30,RASSF2,UNC13A,ZMAT1,PTAFR,NAMPT,TMC8,SCN3B,PLCB2,ARHGAP45","chea3","1396","0.608700000000000019",NA,NA,"","3","ARCHS4--Coexpression(rank=991); Enrichr--Queries(rank=1039); GTEx--Coexpression(rank=1271)","1396","0.608700000000000019","ARCHS4 Coexpression,0.6087"
"DEG_LD_SW480","1397","THAP7","0.609199999999999964","GTEx Coexpression,0.6092","POMT2,CDRT4,ZNF839,SIVA1,PRKRIP1,MEPCE,ASPSCR1,CLBA1,GTF2IRD2B,BAIAP3","chea3","1397","0.609199999999999964",NA,NA,"","3","GTEx--Coexpression(rank=979); ARCHS4--Coexpression(rank=1207); Enrichr--Queries(rank=1220)","1397","0.609199999999999964","GTEx Coexpression,0.6092"
"DEG_LD_SW480","1398","E2F3","0.609800000000000009","GTEx Coexpression,0.6098","FCGR2A,SDHAF3,GMFG,NAMPT,DPH3,DYSF,TLR4,SH2B2,TMEM60,MAP2K6","chea3","1398","0.609800000000000009",NA,NA,"","3","GTEx--Coexpression(rank=980); Enrichr--Queries(rank=1376); ARCHS4--Coexpression(rank=1522)","1398","0.609800000000000009","GTEx Coexpression,0.6098"
"DEG_LD_SW480","1399","NAIF1","0.610500000000000043","GTEx Coexpression,0.6105","FCGR2A,SELPLG,GMFG,PTAFR,SECTM1,VIPAS39,FBXO6,TMEM60,SLC12A9,BATF","chea3","1399","0.610500000000000043",NA,NA,"","2","GTEx--Coexpression(rank=981); ARCHS4--Coexpression(rank=1550)","1399","0.610500000000000043","GTEx Coexpression,0.6105"
"DEG_LD_SW480","1400","ZNF320","0.611099999999999977","Enrichr Queries,0.6111","ZNF331,ARRDC4,CPM,CADPS2,ZNF681,ZNF273,ZNF680,HMGCS1,MSMO1,SERPINB8,PGF,ZNF93,ZNF429,ZNF737,ZNF107,ZNF117,ALDOC,ZNF610,PAG1,ZNF486,CTSB","chea3","1400","0.611099999999999977",NA,NA,"","3","Enrichr--Queries(rank=858); ARCHS4--Coexpression(rank=1254); GTEx--Coexpression(rank=1297)","1400","0.611099999999999977","Enrichr Queries,0.6111"
"DEG_LD_SW480","1401","ASH1L","0.611800000000000010","ARCHS4 Coexpression,0.6118","ATXN1,PCLO,UNC13A,ZMAT1,ATP8A1,NBEA,KCNMA1,KIAA1549L,BSN,TANC2","chea3","1401","0.611800000000000010",NA,NA,"","3","ARCHS4--Coexpression(rank=996); GTEx--Coexpression(rank=1153); Enrichr--Queries(rank=1338)","1401","0.611800000000000010","ARCHS4 Coexpression,0.6118"
"DEG_LD_SW480","1402","ZSCAN5C","0.613199999999999967","Enrichr Queries,0.6132","IFITM3,MYH7B,RTN1,AKR1C1,PLEK,KIAA1549L,BTN3A2,ATP12A,SERPINB8,SLC16A14,PKHD1,CYP4X1,PDE10A,COL5A3,GJA5,COL8A2,ZNF556,LBP,TLN2,ZNF486,ADAMTS7","chea3","1402","0.613199999999999967",NA,NA,"","3","Enrichr--Queries(rank=861); GTEx--Coexpression(rank=1316); ARCHS4--Coexpression(rank=1542)","1402","0.613199999999999967","Enrichr Queries,0.6132"
"DEG_LD_SW480","1403","THAP8","0.614900000000000002","ARCHS4 Coexpression,0.6149","SEC13,POP7,MRPS24,MDK,LHX2,BUD31,CRMP1,KLHDC8B,POLR2J,STYXL1","chea3","1403","0.614900000000000002",NA,NA,"","3","Enrichr--Queries(rank=912); ARCHS4--Coexpression(rank=1001); GTEx--Coexpression(rank=1275)","1403","0.614900000000000002","ARCHS4 Coexpression,0.6149"
"DEG_LD_SW480","1404","PRDM2","0.615500000000000047","ARCHS4 Coexpression,0.6155","RERE,RAB30,ATXN1,RASSF2,ATP8A1,NFKBIZ,RUBCNL,TMC8,LDLRAD4,NLRP1","chea3","1404","0.615500000000000047",NA,NA,"","3","ARCHS4--Coexpression(rank=1002); Enrichr--Queries(rank=1282); GTEx--Coexpression(rank=1317)","1404","0.615500000000000047","ARCHS4 Coexpression,0.6155"
"DEG_LD_SW480","1405","ZNF235","0.616099999999999981","Enrichr Queries,0.6161","ABCA1,SLC46A3,ARRDC4,CADPS2,NAPSA,EGLN3,EDN1,CEBPD,ITPR1,TET1,RORA,SERPINB8,PGF,LOXL2,NT5E,CDK6,ZMAT1,HYAL1,GRB10,ATF3,MAP2K6","chea3","1405","0.616099999999999981",NA,NA,"","3","Enrichr--Queries(rank=865); GTEx--Coexpression(rank=1239); ARCHS4--Coexpression(rank=1413)","1405","0.616099999999999981","Enrichr Queries,0.6161"
"DEG_LD_SW480","1406","ARID2","0.616199999999999970","ReMap ChIP-seq,0.6162","ZNF512B,TMEM151A,RERE,TEDC1,PHLPP1,MCM7,EPAS1,PON2,SLC43A1,SECTM1,DEPP1,CYGB,ATXN1,DBP,SH3PXD2A,HYAL1,BAHCC1,CTSB,HES7,HS3ST3B1,RNF43,GREB1,ASPSCR1,NR1D1,DHRS2,QKI,TM4SF1,TEX19,ARHGAP45,MBLAC1,CD4,MC1R,CDK6,ZNF839,FASN,CD7,ALB,MXRA8,NOTUM","chea3","1406","0.616199999999999970",NA,NA,"","4","ReMap--ChIP-seq(rank=183); GTEx--Coexpression(rank=1273); Enrichr--Queries(rank=1385); ARCHS4--Coexpression(rank=1489)","1406","0.616199999999999970","ReMap ChIP-seq,0.6162"
"DEG_LD_SW480","1407","SEBOX","0.616800000000000015","Enrichr Queries,0.6168","CADPS2,EDN1,CEBPD,MOCOS,KLHDC7A,IGF1,NR1D1,SERPINB8,PGF,LOXL2,LHX2,CD7,NFKBIZ,CNTN1,PDK4,PPARG,ALDOC,AGXT,CRYM,PTGDS,ATF3","chea3","1407","0.616800000000000015",NA,NA,"","2","Enrichr--Queries(rank=866); ARCHS4--Coexpression(rank=1259)","1407","0.616800000000000015","Enrichr Queries,0.6168"
"DEG_LD_SW480","1408","ZBTB39","0.617299999999999960","GTEx Coexpression,0.6173","STK31,PLEKHG4,DBF4,MEPCE,TDRD12,DNHD1,ACTL8,PRR22,ZC3H14,RGPD3","chea3","1408","0.617299999999999960",NA,NA,"","3","GTEx--Coexpression(rank=992); Enrichr--Queries(rank=1225); ARCHS4--Coexpression(rank=1607)","1408","0.617299999999999960","GTEx Coexpression,0.6173"
"DEG_LD_SW480","1409","ZNF333","0.617500000000000049","Enrichr Queries,0.6175","ABCA1,RERE,ARRDC4,CADPS2,CD82,ITPR1,DNHD1,RORA,NR1D1,SERPINB8,QKI,PGF,PTPRB,ATXN1,HEY1,NFKBIZ,CDH23,ZNF117,ATF3,PAG1,CTSB","chea3","1409","0.617500000000000049",NA,NA,"","3","Enrichr--Queries(rank=867); GTEx--Coexpression(rank=1088); ARCHS4--Coexpression(rank=1267)","1409","0.617500000000000049","Enrichr Queries,0.6175"
"DEG_LD_SW480","1410","ZNF552","0.618199999999999972","Enrichr Queries,0.6182","ABCA1,CADPS2,TLE1,VDR,GREB1,ITPR1,IFI6,NEDD9,RAB27B,SERPINB8,SLC7A2,PGF,THSD4,SYTL2,SLC4A8,DUSP10,MLPH,OAS1,SELENOP,PRR15,GPRC5C","chea3","1410","0.618199999999999972",NA,NA,"","3","Enrichr--Queries(rank=868); GTEx--Coexpression(rank=1184); ARCHS4--Coexpression(rank=1233)","1410","0.618199999999999972","Enrichr Queries,0.6182"
"DEG_LD_SW480","1411","ZSCAN12","0.618900000000000006","Enrichr Queries,0.6189","ABCA1,RERE,ARRDC4,CD74,CADPS2,HMGCS1,BCL11A,F2R,TET1,ASNS,RORA,MSMO1,RND3,SERPINB8,PGF,NT5E,ATXN1,NFKBIZ,GRB10,ATF3,MAP2K6","chea3","1411","0.618900000000000006",NA,NA,"","3","Enrichr--Queries(rank=869); ARCHS4--Coexpression(rank=1249); GTEx--Coexpression(rank=1366)","1411","0.618900000000000006","Enrichr Queries,0.6189"
"DEG_LD_SW480","1412","ZNF326","0.619199999999999973","GTEx Coexpression,0.6192","TMEM151A,TMEM144,SNORC,KCNK10,CHADL,FEZ1,PHACTR3,SLAIN1,DTX4,QKI","chea3","1412","0.619199999999999973",NA,NA,"","3","GTEx--Coexpression(rank=995); ARCHS4--Coexpression(rank=1185); Enrichr--Queries(rank=1400)","1412","0.619199999999999973","GTEx Coexpression,0.6192"
"DEG_LD_SW480","1413","ZNF567","0.620399999999999840","ARCHS4 Coexpression,0.6204","LASP1,ZNF273,ARMC10,MOGAT3,PSPN,GTF2IRD2,GNB2,ZNF556,PTGR2,RASGRP3","chea3","1413","0.620399999999999840",NA,NA,"","3","Enrichr--Queries(rank=991); ARCHS4--Coexpression(rank=1010); GTEx--Coexpression(rank=1284)","1413","0.620399999999999840","ARCHS4 Coexpression,0.6204"
"DEG_LD_SW480","1414","GPBP1L1","0.620999999999999996","GTEx Coexpression,0.621","RNF43,NLGN1,PPFIBP2,MRAS,TTC7B,DCLK2,CBLC,ZNF853,APBB1,SOBP","chea3","1414","0.620999999999999996",NA,NA,"","2","GTEx--Coexpression(rank=998); ARCHS4--Coexpression(rank=1543)","1414","0.620999999999999996","GTEx Coexpression,0.621"
"DEG_LD_SW480","1415","ZNF292","0.623500000000000165","ARCHS4 Coexpression,0.6235","KCNV1,LASP1,NBEA,GTF2IRD2,GNB2,ZNF737,CFAP69,CRMP1,FGF13,GDAP1","chea3","1415","0.623500000000000165",NA,NA,"","3","ARCHS4--Coexpression(rank=1015); Enrichr--Queries(rank=1358); GTEx--Coexpression(rank=1480)","1415","0.623500000000000165","ARCHS4 Coexpression,0.6235"
"DEG_LD_SW480","1416","NFE4","0.623500000000000165","GTEx Coexpression,0.6235","FCGR2A,SELPLG,KCNE3,GMFG,PTAFR,ITGB2,DYSF,VSTM1,SECTM1,SLC12A9","chea3","1416","0.623500000000000165",NA,NA,"","1","GTEx--Coexpression(rank=1002)","1416","0.623500000000000165","GTEx Coexpression,0.6235"
"DEG_LD_SW480","1417","ELK4","0.625399999999999845","GTEx Coexpression,0.6254","BEX4,RIMS4,NYAP1,PNMA1,ACSL6,DCLK2,KLK3,FAIM2,NCAM1,STEAP2","chea3","1417","0.625399999999999845",NA,NA,"","5","ENCODE--ChIP-seq(rank=114); ReMap--ChIP-seq(rank=293); GTEx--Coexpression(rank=1005); Enrichr--Queries(rank=1301); ARCHS4--Coexpression(rank=1561)","1417","0.625399999999999845","GTEx Coexpression,0.6254"
"DEG_LD_SW480","1418","TGIF2","0.626000000000000001","GTEx Coexpression,0.626","SPN,TMEM243,ISG20,CD74,APOBEC3G,ZNF93,ANKRD44,PLEK,TTC7B,BATF","chea3","1418","0.626000000000000001",NA,NA,"","4","ReMap--ChIP-seq(rank=275); GTEx--Coexpression(rank=1006); ARCHS4--Coexpression(rank=1120); Enrichr--Queries(rank=1165)","1418","0.626000000000000001","GTEx Coexpression,0.626"
"DEG_LD_SW480","1419","HIC2","0.628499999999999837","GTEx Coexpression,0.6285","STK31,ZCWPW1,SAMD15,SMKR1,YPEL1,TDRD12,PRAME,MAGEC2,ACTL8,PRR22","chea3","1419","0.628499999999999837",NA,NA,"","3","GTEx--Coexpression(rank=1010); ARCHS4--Coexpression(rank=1028); Enrichr--Queries(rank=1102)","1419","0.628499999999999837","GTEx Coexpression,0.6285"
"DEG_LD_SW480","1420","ZNF232","0.629099999999999993","GTEx Coexpression,0.6291","RERE,RYR1,GTF2IRD2,ZSCAN21,MITF,ZNF502,FBXO32,ASB2,CCDC174,GTF2IRD2B","chea3","1420","0.629099999999999993",NA,NA,"","3","GTEx--Coexpression(rank=1011); Enrichr--Queries(rank=1088); ARCHS4--Coexpression(rank=1609)","1420","0.629099999999999993","GTEx Coexpression,0.6291"
"DEG_LD_SW480","1421","ZBED9","0.630199999999999982","ARCHS4 Coexpression,0.6302","HES7,SLC4A8,FCGR2A,DBP,PDE10A,UST,KCNMB4,WDR72,BICC1,BICRA","chea3","1421","0.630199999999999982",NA,NA,"","2","ARCHS4--Coexpression(rank=1026); GTEx--Coexpression(rank=1178)","1421","0.630199999999999982","ARCHS4 Coexpression,0.6302"
"DEG_LD_SW480","1422","ZNF736","0.632099999999999995","ARCHS4 Coexpression,0.6321","SHC4,SPN,KCNV1,GSTO2,SPTLC3,CFAP69,TTC7B,ASB4,FGF13,TMEM45A","chea3","1422","0.632099999999999995",NA,NA,"","2","ARCHS4--Coexpression(rank=1029); GTEx--Coexpression(rank=1457)","1422","0.632099999999999995","ARCHS4 Coexpression,0.6321"
"DEG_LD_SW480","1423","TCFL5","0.632499999999999840","Enrichr Queries,0.6325","ABCA1,CADPS2,EGR3,ANXA1,SERPINB8,PGF,LOXL2,SYTL2,TIAM1,ALDH1A3,ALCAM,HEY1,GPNMB,COL5A2,CNTN1,GRB10,ALDOC,UPP1,TGFBI,ATF3","chea3","1423","0.632499999999999840",NA,NA,"","3","Enrichr--Queries(rank=888); GTEx--Coexpression(rank=1101); ARCHS4--Coexpression(rank=1414)","1423","0.632499999999999840","Enrichr Queries,0.6325"
"DEG_LD_SW480","1424","ZNF790","0.632700000000000040","ARCHS4 Coexpression,0.6327","IFT22,LASP1,ZNF273,MOGAT3,PSPN,GTF2IRD2,GNB2,PTGES3L,ZNF556,ZNF442","chea3","1424","0.632700000000000040",NA,NA,"","3","Enrichr--Queries(rank=952); ARCHS4--Coexpression(rank=1030); GTEx--Coexpression(rank=1069)","1424","0.632700000000000040","ARCHS4 Coexpression,0.6327"
"DEG_LD_SW480","1425","ZNF740","0.633000000000000007","ReMap ChIP-seq,0.633","ZNF512B,TMEM151A,ACHE,POP7,MAML2,GMFG,MEPCE,IL24,CLCNKB,CRYBA2,CBLC,UFSP1,C2,LFNG,LYL1,ZCWPW1,TGFBR3L,DBP,MDK,TBC1D10C,PRAME,EPHB4,SLC12A9,TLE2,UNC13A,BUD31,PDAP1,PCOLCE,QKI,ARHGAP45,BST2,GOLGA6A,VANGL2,CDK6,XPNPEP2,GNB2,TRIP6,PTGES3L","chea3","1425","0.633000000000000007",NA,NA,"","4","ReMap--ChIP-seq(rank=188); GTEx--Coexpression(rank=1027); Enrichr--Queries(rank=1360); ARCHS4--Coexpression(rank=1511)","1425","0.633000000000000007","ReMap ChIP-seq,0.633"
"DEG_LD_SW480","1426","MZF1","0.633199999999999985","Enrichr Queries,0.6332","TFAP2A,CADPS2,NAPSA,TLE2,EGR3,CEBPD,EPAS1,BCL11A,RORA,LTBP2,NR1D1,SERPINB8,PGF,ATXN1,HYAL1,FASN,NFKBIZ,PPARG,CKB,ATF3","chea3","1426","0.633199999999999985",NA,NA,"","3","Enrichr--Queries(rank=889); ARCHS4--Coexpression(rank=1274); GTEx--Coexpression(rank=1359)","1426","0.633199999999999985","Enrichr Queries,0.6332"
"DEG_LD_SW480","1427","ZNF845","0.635099999999999998","ARCHS4 Coexpression,0.6351","ZNF681,DBF4,ZNF93,GNB2,ZNF737,DAB2IP,ZNF107,NAALAD2,ZNF486","chea3","1427","0.635099999999999998",NA,NA,"","3","ARCHS4--Coexpression(rank=1034); Enrichr--Queries(rank=1201); GTEx--Coexpression(rank=1564)","1427","0.635099999999999998","ARCHS4 Coexpression,0.6351"
"DEG_LD_SW480","1428","ZNF484","0.635700000000000043","ARCHS4 Coexpression,0.6357","SLC9A2,NBEA,FLRT3,KATNAL2,GNB2,ZNF737,PDAP1,GDAP1,DZIP3","chea3","1428","0.635700000000000043",NA,NA,"","3","ARCHS4--Coexpression(rank=1035); Enrichr--Queries(rank=1147); GTEx--Coexpression(rank=1171)","1428","0.635700000000000043","ARCHS4 Coexpression,0.6357"
"DEG_LD_SW480","1429","E2F7","0.636399999999999966","ReMap ChIP-seq,0.6364","TEDC1,NYAP1,SELPLG,MCM7,HTRA3,MEPCE,MRGPRF,CBLC,ARRB1,ZCWPW1,LASP1,ATXN1,DUSP10,OLFML3,AP1S1,ZNF469,UPP1,BAHCC1,EPHB4,SLC12A9,HES7,TSC22D4,PCOLCE,NR1D1,PRSS33,TM4SF1,DCBLD2,MBLAC1,CD4,VGF,TRIP6,PSMG3,COL8A2,CASS4,COL6A3,FSCN2,S100A3,TGFBI","chea3","1429","0.636399999999999966",NA,NA,"","5","Literature--ChIP-seq(rank=139); ReMap--ChIP-seq(rank=189); Enrichr--Queries(rank=1322); ARCHS4--Coexpression(rank=1436); GTEx--Coexpression(rank=1590)","1429","0.636399999999999966","ReMap ChIP-seq,0.6364"
"DEG_LD_SW480","1430","MTERF2","0.636600000000000166","GTEx Coexpression,0.6366","ZNF512B,TLE2,ZMAT1,CD82,GTF2IRD2,BUD31,GATAD1,ARPC4,GTF2IRD2B","chea3","1430","0.636600000000000166",NA,NA,"","2","GTEx--Coexpression(rank=1023); ARCHS4--Coexpression(rank=1251)","1430","0.636600000000000166","GTEx Coexpression,0.6366"
"DEG_LD_SW480","1431","THAP4","0.638499999999999845","GTEx Coexpression,0.6385","CHCHD4,MRPS24,TNNC1,PTGES3L,TCAP,CHCHD10,ASB2,RBM24,POLR2J","chea3","1431","0.638499999999999845",NA,NA,"","3","GTEx--Coexpression(rank=1026); Enrichr--Queries(rank=1296); ARCHS4--Coexpression(rank=1329)","1431","0.638499999999999845","GTEx Coexpression,0.6385"
"DEG_LD_SW480","1432","ZNF668","0.640299999999999980","GTEx Coexpression,0.6403","POP7,BUD31,PTGER2,ARPC4,VIPAS39,FBXO6,UFSP1,SH2B2,TMEM60","chea3","1432","0.640299999999999980",NA,NA,"","3","GTEx--Coexpression(rank=1029); Enrichr--Queries(rank=1182); ARCHS4--Coexpression(rank=1576)","1432","0.640299999999999980","GTEx Coexpression,0.6403"
"DEG_LD_SW480","1433","ZNF768","0.640900000000000025","GTEx Coexpression,0.6409","CACNG6,CHCHD4,MRPS24,TNNC1,PTGES3L,TCAP,CHCHD10,ASB2,RBM24","chea3","1433","0.640900000000000025",NA,NA,"","3","GTEx--Coexpression(rank=1030); Enrichr--Queries(rank=1235); ARCHS4--Coexpression(rank=1398)","1433","0.640900000000000025","GTEx Coexpression,0.6409"
"DEG_LD_SW480","1434","ZNF226","0.641299999999999981","ARCHS4 Coexpression,0.6413","LASP1,GNB2,ZNF737,TSHZ2,DLST,FURIN,ANKRD52,ZNF610,SLC16A14","chea3","1434","0.641299999999999981",NA,NA,"","3","Enrichr--Queries(rank=1017); ARCHS4--Coexpression(rank=1044); GTEx--Coexpression(rank=1380)","1434","0.641299999999999981","ARCHS4 Coexpression,0.6413"
"DEG_LD_SW480","1435","RFX1","0.643100000000000005","ReMap ChIP-seq,0.6431","TMEM151A,TEDC1,CCDC187,ANKRD37,NYAP1,SELPLG,MCM7,CAMKV,HYAL1,DSE,CFAP69,AP1S1,CLBA1,BSN,LY6G6D,CFAP45,PRKCG,TSC22D4,PSPN,SMKR1,NR1D1,MEIS3,COQ6,BAIAP3,MAPK8IP1,SPOCD1,MBLAC1,IFT22,ACAP1,GJB1,ARMC10,VGF,MYO15B,CAT,RSPH14,PTGES3L,ZP1,AGXT","chea3","1435","0.643100000000000005",NA,NA,"","4","ReMap--ChIP-seq(rank=191); GTEx--Coexpression(rank=1044); Enrichr--Queries(rank=1280); ARCHS4--Coexpression(rank=1302)","1435","0.643100000000000005","ReMap ChIP-seq,0.6431"
"DEG_LD_SW480","1436","ZNF77","0.643100000000000005","ARCHS4 Coexpression,0.6431","STK31,ORC5,BEX4,TKTL1,LASP1,GNB2,ASB4,ACTL8,COQ6","chea3","1436","0.643100000000000005",NA,NA,"","3","Enrichr--Queries(rank=944); ARCHS4--Coexpression(rank=1047); GTEx--Coexpression(rank=1169)","1436","0.643100000000000005","ARCHS4 Coexpression,0.6431"
"DEG_LD_SW480","1437","ZNF28","0.643700000000000161","ARCHS4 Coexpression,0.6437","ACOXL,LASP1,MOGAT3,GNB2,CFAP69,DAB2IP,ANKRD52,NCMAP,ZNF442","chea3","1437","0.643700000000000161",NA,NA,"","3","Enrichr--Queries(rank=951); ARCHS4--Coexpression(rank=1048); GTEx--Coexpression(rank=1527)","1437","0.643700000000000161","ARCHS4 Coexpression,0.6437"
"DEG_LD_SW480","1438","REPIN1","0.644100000000000006","GTEx Coexpression,0.6441","ISCA2,TMEM43,MRPS24,ADCK1,SESTD1,WNK2,CHCHD10,ANKRD52,PTGR2","chea3","1438","0.644100000000000006",NA,NA,"","3","GTEx--Coexpression(rank=1035); Enrichr--Queries(rank=1175); ARCHS4--Coexpression(rank=1502)","1438","0.644100000000000006","GTEx Coexpression,0.6441"
"DEG_LD_SW480","1439","CBLL2","0.644599999999999840","Enrichr Queries,0.6446","KIRREL3,TENM1,KCNK10,SYT1,CEBPD,TNFSF15,IGF1,ANO4,GDAP1,FSTL4,SLC7A2,IL1RAPL1,SPOCK1,CDH13,DMD,KCTD12,SLC26A9,SLC16A2,GABRE,TLR4","chea3","1439","0.644599999999999840",NA,NA,"","3","Enrichr--Queries(rank=905); ARCHS4--Coexpression(rank=1129); GTEx--Coexpression(rank=1529)","1439","0.644599999999999840","Enrichr Queries,0.6446"
"DEG_LD_SW480","1440","ZNF624","0.645000000000000018","ARCHS4 Coexpression,0.645","SHC4,KCNV1,LASP1,MOGAT3,GNB2,CFAP69,METTL6,ANKRD52,FGF13","chea3","1440","0.645000000000000018",NA,NA,"","3","Enrichr--Queries(rank=988); ARCHS4--Coexpression(rank=1050); GTEx--Coexpression(rank=1191)","1440","0.645000000000000018","ARCHS4 Coexpression,0.645"
"DEG_LD_SW480","1441","ZBTB45","0.645299999999999985","GTEx Coexpression,0.6453","SHE,MBLAC1,WDR25,POP7,PSMG3,ARPC4,VIPAS39,UFSP1,BICRA","chea3","1441","0.645299999999999985",NA,NA,"","3","GTEx--Coexpression(rank=1037); Enrichr--Queries(rank=1178); ARCHS4--Coexpression(rank=1583)","1441","0.645299999999999985","GTEx Coexpression,0.6453"
"DEG_LD_SW480","1442","ZNF730","0.646800000000000042","ARCHS4 Coexpression,0.6468","SGO1,ZNF273,ZNF93,HMGCS1,SALL4,GABRA3,TET1,MSMO1,CKB","chea3","1442","0.646800000000000042",NA,NA,"","2","ARCHS4--Coexpression(rank=1053); GTEx--Coexpression(rank=1553)","1442","0.646800000000000042","ARCHS4 Coexpression,0.6468"
"DEG_LD_SW480","1443","LCOR","0.647399999999999975","ARCHS4 Coexpression,0.6474","KCNV1,NBEA,BCL11B,BCL11A,GNB2,TRIP6,CFAP69,PDAP1,FGF13","chea3","1443","0.647399999999999975",NA,NA,"","3","ARCHS4--Coexpression(rank=1054); GTEx--Coexpression(rank=1127); Enrichr--Queries(rank=1250)","1443","0.647399999999999975","ARCHS4 Coexpression,0.6474"
"DEG_LD_SW480","1444","ZNF93","0.648599999999999843","ARCHS4 Coexpression,0.6486","SGO1,LASP1,GNB2,SALL4,RBPMS2,TET1,ANKRD52,CNMD,ZNF486","chea3","1444","0.648599999999999843",NA,NA,"","3","Enrichr--Queries(rank=1010); ARCHS4--Coexpression(rank=1056); GTEx--Coexpression(rank=1424)","1444","0.648599999999999843","ARCHS4 Coexpression,0.6486"
"DEG_LD_SW480","1445","ZNF496","0.649000000000000021","GTEx Coexpression,0.649","RERE,BNC2,TSHZ3,BCL11B,GTF2IRD2,GATAD1,KRIT1,GTF2IRD2B,RAB5A","chea3","1445","0.649000000000000021",NA,NA,"","3","Enrichr--Queries(rank=1008); GTEx--Coexpression(rank=1043); ARCHS4--Coexpression(rank=1546)","1445","0.649000000000000021","GTEx Coexpression,0.649"
"DEG_LD_SW480","1446","TGIF2LY","0.651000000000000023","Enrichr Queries,0.651","CADPS2,TSHZ3,MOCOS,SHROOM2,XYLT1,SOX14,LOXL2,STK31,FAM133A,DACH1,NR4A3,HYAL1,KRT14,RNF182,SLC16A9,EFHB,MAGEC2,SPANXB1,MAGEB6","chea3","1446","0.651000000000000023",NA,NA,"","3","Enrichr--Queries(rank=914); ARCHS4--Coexpression(rank=1285); GTEx--Coexpression(rank=1456)","1446","0.651000000000000023","Enrichr Queries,0.651"
"DEG_LD_SW480","1447","TIGD5","0.651100000000000012","ARCHS4 Coexpression,0.6511","TFAP2A,MC1R,DBP,MEPCE,ASPSCR1,FSCN2,ZDHHC11,HOXC11,UFSP1","chea3","1447","0.651100000000000012",NA,NA,"","3","ARCHS4--Coexpression(rank=1060); Enrichr--Queries(rank=1107); GTEx--Coexpression(rank=1382)","1447","0.651100000000000012","ARCHS4 Coexpression,0.6511"
"DEG_LD_SW480","1448","ZNF557","0.652900000000000036","ARCHS4 Coexpression,0.6529","LASP1,GSTO2,MOGAT3,PSPN,GTF2IRD2,CFAP69,TTC7B,ZNF556,NCMAP","chea3","1448","0.652900000000000036",NA,NA,"","3","ARCHS4--Coexpression(rank=1063); Enrichr--Queries(rank=1129); GTEx--Coexpression(rank=1296)","1448","0.652900000000000036","ARCHS4 Coexpression,0.6529"
"DEG_LD_SW480","1449","PHF1","0.653599999999999848","ARCHS4 Coexpression,0.6536","RERE,MYH7B,ACAP1,SMKR1,TBC1D10C,TMC8,TMC6,NLRP1,ARHGAP45","chea3","1449","0.653599999999999848",NA,NA,"","2","ARCHS4--Coexpression(rank=1064); GTEx--Coexpression(rank=1136)","1449","0.653599999999999848","ARCHS4 Coexpression,0.6536"
"DEG_LD_SW480","1450","ZNF766","0.656000000000000028","ARCHS4 Coexpression,0.656","IFT22,ZNF273,ARMC10,MOGAT3,PSPN,GTF2IRD2,ZNF556,PTGR2,RASGRP3","chea3","1450","0.656000000000000028",NA,NA,"","4","ReMap--ChIP-seq(rank=266); ARCHS4--Coexpression(rank=1068); Enrichr--Queries(rank=1130); GTEx--Coexpression(rank=1508)","1450","0.656000000000000028","ARCHS4 Coexpression,0.656"
"DEG_LD_SW480","1451","ATMIN","0.658399999999999985","GTEx Coexpression,0.6584","CDKL2,IFT22,SAMD15,SMKR1,YPEL1,METTL6,DZIP3,LEMD1,MFAP3L","chea3","1451","0.658399999999999985",NA,NA,"","3","GTEx--Coexpression(rank=1058); Enrichr--Queries(rank=1177); ARCHS4--Coexpression(rank=1447)","1451","0.658399999999999985","GTEx Coexpression,0.6584"
"DEG_LD_SW480","1452","SAFB2","0.658499999999999974","ARCHS4 Coexpression,0.6585","SPN,TSC22D4,ACAP1,JMJD7-PLA2G4B,TMC8,TMC6,NLRP1,PLCB2,ARHGAP45","chea3","1452","0.658499999999999974",NA,NA,"","2","ARCHS4--Coexpression(rank=1072); GTEx--Coexpression(rank=1192)","1452","0.658499999999999974","ARCHS4 Coexpression,0.6585"
"DEG_LD_SW480","1453","E2F1","0.658499999999999974","Literature ChIP-seq,0.6585","POMT2,ZNF331,MAML2,GMFG,RORA,GLDN,SLC6A4,JPH3,CAPN6,VSIG1,SLC22A17,PPP4R4,GRAP2,KRTAP3-1,GALNT8,HES7,PRKCG,RNF43,KCNK10,VWF,KRT32,KRT31,PTGR2,TANC2,SYTL2,TIAM1,RAB30,NPC2,KRT38,IL1RAPL1,KRT36,CDH13,ERH,ALDOC,BCORL1,SELPLG,RTN1,PHLPP1,KCNE3,TSHZ3,PTGER2,PELI2,SLC43A1,TSHZ2,USH1C,MGST1,LYPD5,GNA13,FAM156A,ZMAT1,ADAMTS17,DMD,SLC38A5,EXPH5,MAP2K6,MPZL2,DNAH10,MUC16,BCL11B,VDR,GABRA3,ESRRB,IGF1,NR1D1,LHFPL1,APLN,PTPRB,CNTN1,RSPH14,TMCC3,IGSF9B,ZNF610,APBA2","chea3","1453","0.658499999999999974",NA,NA,"","6","Literature--ChIP-seq(rank=108); ENCODE--ChIP-seq(rank=116); ReMap--ChIP-seq(rank=283); Enrichr--Queries(rank=1368); GTEx--Coexpression(rank=1420); ARCHS4--Coexpression(rank=1475)","1453","0.658499999999999974","Literature ChIP-seq,0.6585"
"DEG_LD_SW480","1454","ZNF561","0.660299999999999998","ARCHS4 Coexpression,0.6603","TSC22D4,LASP1,ZNF273,ZNF93,GNB2,SALL4,CFAP69,TET1,ZNF486","chea3","1454","0.660299999999999998",NA,NA,"","3","Enrichr--Queries(rank=993); ARCHS4--Coexpression(rank=1075); GTEx--Coexpression(rank=1538)","1454","0.660299999999999998","ARCHS4 Coexpression,0.6603"
"DEG_LD_SW480","1455","ZBTB1","0.661499999999999977","ARCHS4 Coexpression,0.6615","GNA13,ACAP1,SH2D2A,TBC1D10C,TMC8,RORA,PRKCQ,CYTIP,ARHGAP45","chea3","1455","0.661499999999999977",NA,NA,"","3","ARCHS4--Coexpression(rank=1077); Enrichr--Queries(rank=1109); GTEx--Coexpression(rank=1304)","1455","0.661499999999999977","ARCHS4 Coexpression,0.6615"
"DEG_LD_SW480","1456","RXRB","0.663399999999999990","ARCHS4 Coexpression,0.6634","ZNF512B,LFNG,TSC22D4,LASP1,GNB2,TMC6,ANKRD52,PLCB2,ARHGAP45","chea3","1456","0.663399999999999990",NA,NA,"","3","ARCHS4--Coexpression(rank=1080); GTEx--Coexpression(rank=1190); Enrichr--Queries(rank=1279)","1456","0.663399999999999990","ARCHS4 Coexpression,0.6634"
"DEG_LD_SW480","1457","HIVEP1","0.663799999999999835","Enrichr Queries,0.6638","ABCA1,RERE,EDN1,DOCK4,EPAS1,ITPR1,NEDD9,RORA,NAV1,SERPINB8,ATXN1,ALCAM,CDK6,DUSP10,NR4A3,SH3PXD2A,NAMPT,NFKBIZ,ATF3","chea3","1457","0.663799999999999835",NA,NA,"","3","Enrichr--Queries(rank=932); ARCHS4--Coexpression(rank=1438); GTEx--Coexpression(rank=1488)","1457","0.663799999999999835","Enrichr Queries,0.6638"
"DEG_LD_SW480","1458","POU2AF1","0.665200000000000014","ARCHS4 Coexpression,0.6652","RERE,GOLGA6A,MYH7B,CCDC187,PDE10A,SMKR1,CFAP69,TTC7B,GPC2","chea3","1458","0.665200000000000014",NA,NA,"","2","ARCHS4--Coexpression(rank=1083); GTEx--Coexpression(rank=1338)","1458","0.665200000000000014","ARCHS4 Coexpression,0.6652"
"DEG_LD_SW480","1459","ZNF18","0.668799999999999839","Enrichr Queries,0.6688","ABCA1,RERE,CADPS2,NAPSA,EGLN3,TLE1,CEBPD,BCL11A,ITPR1,RORA,SERPINB8,PGF,TIAM1,HYAL1,NFKBIZ,ARHGEF3,TMCC3,ATF3,PAG1","chea3","1459","0.668799999999999839",NA,NA,"","3","Enrichr--Queries(rank=939); ARCHS4--Coexpression(rank=1177); GTEx--Coexpression(rank=1267)","1459","0.668799999999999839","Enrichr Queries,0.6688"
"DEG_LD_SW480","1460","CXXC1","0.668900000000000161","ARCHS4 Coexpression,0.6689","ACAP1,GNB2,TBC1D10C,TMC8,TMC6,LGALS9,PLCB2,SH2B2,ARHGAP45","chea3","1460","0.668900000000000161",NA,NA,"","3","ARCHS4--Coexpression(rank=1089); Enrichr--Queries(rank=1337); GTEx--Coexpression(rank=1526)","1460","0.668900000000000161","ARCHS4 Coexpression,0.6689"
"DEG_LD_SW480","1461","ZNF76","0.669499999999999984","ARCHS4 Coexpression,0.6695","TSC22D4,ACAP1,MYO15B,JMJD7-PLA2G4B,TBC1D10C,TMC8,TMC6,ASB2,ARHGAP45","chea3","1461","0.669499999999999984",NA,NA,"","3","Enrichr--Queries(rank=1079); ARCHS4--Coexpression(rank=1090); GTEx--Coexpression(rank=1106)","1461","0.669499999999999984","ARCHS4 Coexpression,0.6695"
"DEG_LD_SW480","1462","NFYA","0.670200000000000018","GTEx Coexpression,0.6702","STK31,HERC5,ZCWPW1,SAMD15,DBF4,APH1B,TEX22,DNHD1,CFAP45","chea3","1462","0.670200000000000018",NA,NA,"","5","ENCODE--ChIP-seq(rank=94); ReMap--ChIP-seq(rank=289); GTEx--Coexpression(rank=1077); Enrichr--Queries(rank=1330); ARCHS4--Coexpression(rank=1623)","1462","0.670200000000000018","GTEx Coexpression,0.6702"
"DEG_LD_SW480","1463","ZNF124","0.670799999999999841","ARCHS4 Coexpression,0.6708","SHC4,KCNV1,LASP1,GSTO2,SPTLC3,GNB2,CFAP69,ANKRD52,FGF13","chea3","1463","0.670799999999999841",NA,NA,"","3","Enrichr--Queries(rank=946); ARCHS4--Coexpression(rank=1092); GTEx--Coexpression(rank=1555)","1463","0.670799999999999841","ARCHS4 Coexpression,0.6708"
"DEG_LD_SW480","1464","ZNF705E","0.670799999999999841","GTEx Coexpression,0.6708","TMEM43,RORA,XPC,NR1D1,PTPN13,CLDN1,SERPINB8,XG,TMEM45A","chea3","1464","0.670799999999999841",NA,NA,"","2","GTEx--Coexpression(rank=1078); ARCHS4--Coexpression(rank=1397)","1464","0.670799999999999841","GTEx Coexpression,0.6708"
"DEG_LD_SW480","1465","ZNF213","0.674399999999999999","ARCHS4 Coexpression,0.6744","MYH7B,CCDC187,ACAP1,SMKR1,GNB2,ORAI2,SECTM1,SLC12A9,BICRA","chea3","1465","0.674399999999999999",NA,NA,"","3","ARCHS4--Coexpression(rank=1098); Enrichr--Queries(rank=1184); GTEx--Coexpression(rank=1247)","1465","0.674399999999999999","ARCHS4 Coexpression,0.6744"
"DEG_LD_SW480","1466","GLYR1","0.675200000000000022","GTEx Coexpression,0.6752","CHCHD4,ABCD4,KCNMA1,ZSCAN21,PRUNE2,DPH3,IGSF9B,NKX6-1,UFSP1","chea3","1466","0.675200000000000022",NA,NA,"","3","ReMap--ChIP-seq(rank=294); GTEx--Coexpression(rank=1085); ARCHS4--Coexpression(rank=1428)","1466","0.675200000000000022","GTEx Coexpression,0.6752"
"DEG_LD_SW480","1467","RREB1","0.678899999999999837","GTEx Coexpression,0.6789","NLGN1,PNMA1,TTC7B,TMEM40,DCLK2,CBLC,SFN,APBB1,MPZL2","chea3","1467","0.678899999999999837",NA,NA,"","3","Enrichr--Queries(rank=1078); GTEx--Coexpression(rank=1091); ARCHS4--Coexpression(rank=1113)","1467","0.678899999999999837","GTEx Coexpression,0.6789"
"DEG_LD_SW480","1468","ZNF688","0.679499999999999993","GTEx Coexpression,0.6795","APH1B,ZNF839,CCDC116,SMKR1,MEPCE,TEX22,RSPH14,PRR22,LEMD1","chea3","1468","0.679499999999999993",NA,NA,"","3","GTEx--Coexpression(rank=1092); Enrichr--Queries(rank=1233); ARCHS4--Coexpression(rank=1549)","1468","0.679499999999999993","GTEx Coexpression,0.6795"
"DEG_LD_SW480","1469","GTF3A","0.681400000000000006","GTEx Coexpression,0.6814","CHCHD4,MRPS24,TNNC1,EEF1A2,PTGES3L,TCAP,CHCHD10,RBM24,POLR2J","chea3","1469","0.681400000000000006",NA,NA,"","3","GTEx--Coexpression(rank=1095); ARCHS4--Coexpression(rank=1291); Enrichr--Queries(rank=1403)","1469","0.681400000000000006","GTEx Coexpression,0.6814"
"DEG_LD_SW480","1470","DRAP1","0.683000000000000163","ARCHS4 Coexpression,0.683","LASP1,NT5E,GNB2,TRIP6,PLOD3,PDAP1,AP1S1,ANKRD52,LOXL2","chea3","1470","0.683000000000000163",NA,NA,"","3","ARCHS4--Coexpression(rank=1112); Enrichr--Queries(rank=1353); GTEx--Coexpression(rank=1379)","1470","0.683000000000000163","ARCHS4 Coexpression,0.683"
"DEG_LD_SW480","1471","ZKSCAN7","0.684300000000000019","ARCHS4 Coexpression,0.6843","MOGAT3,NBEA,PSPN,GTF2IRD2,PTGES3L,CRMP1,ZNF556,ZNF610,COQ6","chea3","1471","0.684300000000000019",NA,NA,"","2","ARCHS4--Coexpression(rank=1114); GTEx--Coexpression(rank=1125)","1471","0.684300000000000019","ARCHS4 Coexpression,0.6843"
"DEG_LD_SW480","1472","ZNF354B","0.685200000000000031","Enrichr Queries,0.6852","ABCA1,ARRDC4,ERO1B,CADPS2,EGLN3,CEBPD,ASNS,RORA,SERPINB8,PGF,PALD1,OAS1,COL5A2,NFKBIZ,PDK4,ZNF107,KCTD12,ATF3","chea3","1472","0.685200000000000031",NA,NA,"","3","Enrichr--Queries(rank=962); GTEx--Coexpression(rank=1225); ARCHS4--Coexpression(rank=1290)","1472","0.685200000000000031","Enrichr Queries,0.6852"
"DEG_LD_SW480","1473","ZNF343","0.687000000000000166","GTEx Coexpression,0.687","RINT1,TMEM43,OSBPL5,GTF2IRD2,ZSCAN21,GRIK4,ZNF502,GTF2IRD2B,BICRA","chea3","1473","0.687000000000000166",NA,NA,"","3","GTEx--Coexpression(rank=1104); Enrichr--Queries(rank=1258); ARCHS4--Coexpression(rank=1536)","1473","0.687000000000000166","GTEx Coexpression,0.687"
"DEG_LD_SW480","1474","THAP12","0.687599999999999989","GTEx Coexpression,0.6876","ERO1B,SLC30A2,SLC43A1,GRB10,PDX1,ZNF239,ZNF501,SLC38A5,BICC1","chea3","1474","0.687599999999999989",NA,NA,"","2","GTEx--Coexpression(rank=1105); ARCHS4--Coexpression(rank=1448)","1474","0.687599999999999989","GTEx Coexpression,0.6876"
"DEG_LD_SW480","1475","ZFP69","0.691400000000000015","GTEx Coexpression,0.6914","SH3BGRL,ZNF93,BUD31,TNFSF4,MTERF1,ERH,ZNF501,HDX","chea3","1475","0.691400000000000015",NA,NA,"","2","GTEx--Coexpression(rank=1111); ARCHS4--Coexpression(rank=1304)","1475","0.691400000000000015","GTEx Coexpression,0.6914"
"DEG_LD_SW480","1476","ZNF473","0.691599999999999993","ARCHS4 Coexpression,0.6916","CACNG6,CCDC187,WDR25,DNAH10,MUC16,LRRC10B,SMKR1,TSPAN1,CFAP45","chea3","1476","0.691599999999999993",NA,NA,"","3","ARCHS4--Coexpression(rank=1126); Enrichr--Queries(rank=1198); GTEx--Coexpression(rank=1377)","1476","0.691599999999999993","ARCHS4 Coexpression,0.6916"
"DEG_LD_SW480","1477","ZNF66","0.694100000000000161","ARCHS4 Coexpression,0.6941","RIPPLY3,GSTO2,MOGAT3,GTF2IRD2,IL1RAPL1,CFAP69,TTC7B,ROR1,ZNF556","chea3","1477","0.694100000000000161",NA,NA,"","2","ARCHS4--Coexpression(rank=1130); GTEx--Coexpression(rank=1332)","1477","0.694100000000000161","ARCHS4 Coexpression,0.6941"
"DEG_LD_SW480","1478","ZNF277","0.695200000000000040","Enrichr Queries,0.6952","ABCA1,DOCK4,ANXA1,HMGCS1,ASNS,FBXO32,RND3,SERPINB8,ISG20,SH3BGRL,ALCAM,CDK6,NPC2,NAMPT,SELENOP,CKB,TGFBI,ATF3","chea3","1478","0.695200000000000040",NA,NA,"","3","Enrichr--Queries(rank=976); ARCHS4--Coexpression(rank=1158); GTEx--Coexpression(rank=1588)","1478","0.695200000000000040","Enrichr Queries,0.6952"
"DEG_LD_SW480","1479","HMGA1","0.697799999999999976","ARCHS4 Coexpression,0.6978","LASP1,CST1,NT5E,RBPMS2,PDAP1,AP1S1,PLEK2,SPANXB1,EPHB4","chea3","1479","0.697799999999999976",NA,NA,"","3","ARCHS4--Coexpression(rank=1136); Enrichr--Queries(rank=1276); GTEx--Coexpression(rank=1595)","1479","0.697799999999999976","ARCHS4 Coexpression,0.6978"
"DEG_LD_SW480","1480","ZNF407","0.697999999999999843","Enrichr Queries,0.698","RERE,CADPS2,DOCK4,ADGRV1,AUTS2,BCL11A,ITPR1,RORA,FMN1,SERPINB8,QKI,TANC2,ATXN1,CDK6,NBEA,KIF26B,KCNMA1,DMD","chea3","1480","0.697999999999999843",NA,NA,"","3","Enrichr--Queries(rank=980); GTEx--Coexpression(rank=1404); ARCHS4--Coexpression(rank=1612)","1480","0.697999999999999843","Enrichr Queries,0.698"
"DEG_LD_SW480","1481","ZFPM1","0.699400000000000022","Enrichr Queries,0.6994","IFITM3,NAPSA,CD82,CEBPD,BCL11B,EPAS1,SPNS2,DAB2IP,HSPG2,SERPINB8,LFNG,SH3PXD2A,FASN,ST3GAL5,CKB,BAHCC1,ATF3,NECTIN1","chea3","1481","0.699400000000000022",NA,NA,"","3","Enrichr--Queries(rank=982); GTEx--Coexpression(rank=1170); ARCHS4--Coexpression(rank=1358)","1481","0.699400000000000022","Enrichr Queries,0.6994"
"DEG_LD_SW480","1482","CGGBP1","0.699600000000000000","ARCHS4 Coexpression,0.6996","FRMD3,GNA13,SH3BGRL,TNFSF4,GRAP2,F13A1,RAB27B,GNG11,MFAP3L","chea3","1482","0.699600000000000000",NA,NA,"","2","ARCHS4--Coexpression(rank=1139); GTEx--Coexpression(rank=1525)","1482","0.699600000000000000","ARCHS4 Coexpression,0.6996"
"DEG_LD_SW480","1483","ZNF451","0.700699999999999990","GTEx Coexpression,0.7007","DBF4,APH1B,DNHD1,ZNF610,ZC3H14,LEMD1,ZNF596,RGPD3","chea3","1483","0.700699999999999990",NA,NA,"","3","GTEx--Coexpression(rank=1126); Enrichr--Queries(rank=1327); ARCHS4--Coexpression(rank=1415)","1483","0.700699999999999990","GTEx Coexpression,0.7007"
"DEG_LD_SW480","1484","ZNF180","0.701500000000000012","ARCHS4 Coexpression,0.7015","LASP1,ZNF273,ZNF93,GNB2,DAB2IP,FURIN,METTL6,EXPH5","chea3","1484","0.701500000000000012",NA,NA,"","3","Enrichr--Queries(rank=999); ARCHS4--Coexpression(rank=1142); GTEx--Coexpression(rank=1348)","1484","0.701500000000000012","ARCHS4 Coexpression,0.7015"
"DEG_LD_SW480","1485","ZUP1","0.701600000000000001","Enrichr Queries,0.7016","ABCA1,IFITM3,ARRDC4,MSMO1,RND3,SERPINB8,PGF,ISG20,OGFRL1,ALCAM,NAMPT,CASP4,NFKBIZ,TMCC3,CMPK2,UPP1,ATF3,TLR3","chea3","1485","0.701600000000000001",NA,NA,"","3","Enrichr--Queries(rank=985); ARCHS4--Coexpression(rank=1165); GTEx--Coexpression(rank=1329)","1485","0.701600000000000001","Enrichr Queries,0.7016"
"DEG_LD_SW480","1486","ZNF816","0.702099999999999835","ARCHS4 Coexpression,0.7021","ZNF512B,LASP1,MOGAT3,PSPN,GNB2,DAB2IP,ANKRD52,ZNF486","chea3","1486","0.702099999999999835",NA,NA,"","2","ARCHS4--Coexpression(rank=1143); GTEx--Coexpression(rank=1475)","1486","0.702099999999999835","ARCHS4 Coexpression,0.7021"
"DEG_LD_SW480","1487","MTERF1","0.702699999999999991","ARCHS4 Coexpression,0.7027","ZNF512B,ORC5,LASP1,GNB2,CFAP69,DAB2IP,FGF13,BET1","chea3","1487","0.702699999999999991",NA,NA,"","2","ARCHS4--Coexpression(rank=1144); GTEx--Coexpression(rank=1378)","1487","0.702699999999999991","ARCHS4 Coexpression,0.7027"
"DEG_LD_SW480","1488","LCORL","0.703899999999999970","ARCHS4 Coexpression,0.7039","TSC22D4,LASP1,NBEA,GNB2,CRMP1,FGF13,GDAP1,DZIP3","chea3","1488","0.703899999999999970",NA,NA,"","3","Enrichr--Queries(rank=1019); ARCHS4--Coexpression(rank=1146); GTEx--Coexpression(rank=1409)","1488","0.703899999999999970","ARCHS4 Coexpression,0.7039"
"DEG_LD_SW480","1489","ZNF17","0.704999999999999960","GTEx Coexpression,0.705","FAM133B,RINT1,ZSCAN21,TBCE,SSPN,MITF,ZNF502,ZNF501","chea3","1489","0.704999999999999960",NA,NA,"","3","GTEx--Coexpression(rank=1133); Enrichr--Queries(rank=1142); ARCHS4--Coexpression(rank=1246)","1489","0.704999999999999960","GTEx Coexpression,0.705"
"DEG_LD_SW480","1490","ZNF485","0.705099999999999838","Enrichr Queries,0.7051","EDN1,ZNF680,BCL11A,CLDN1,DKK1,SERPINB8,PGF,CDK6,DUSP10,OAS1,NFKBIZ,ZNF239,ZNF107,SLC16A9,TGFBI,STEAP1,ATF3","chea3","1490","0.705099999999999838",NA,NA,"","3","Enrichr--Queries(rank=990); ARCHS4--Coexpression(rank=1288); GTEx--Coexpression(rank=1301)","1490","0.705099999999999838","Enrichr Queries,0.7051"
"DEG_LD_SW480","1491","BRF2","0.707099999999999840","ReMap ChIP-seq,0.7071","SLC46A3,CCDC187,RTP3,SLC44A2,TEX22,ODC1,ITGB2,PLEK,IFI6,TMTC1,KLK7,CHADL,DSE,SFN,INSL3,GGT5,CPSF4,WFS1,CARD6,ARPC4,AP3B2,SLC16A14,FAM133B,SBK3,FAM167A,GAL,ZNF839,WNK2,TRPV4,SAA1,TLN2,CAMK1,SIGLEC6,TMEM229B,BET1,BEX5","chea3","1491","0.707099999999999840",NA,NA,"","3","ReMap--ChIP-seq(rank=210); GTEx--Coexpression(rank=1406); ARCHS4--Coexpression(rank=1540)","1491","0.707099999999999840","ReMap ChIP-seq,0.7071"
"DEG_LD_SW480","1492","PHF20","0.707600000000000007","ARCHS4 Coexpression,0.7076","FAM133B,ZNF512B,LASP1,GNB2,DLST,AP1S1,FURIN,ANKRD52","chea3","1492","0.707600000000000007",NA,NA,"","3","ARCHS4--Coexpression(rank=1152); Enrichr--Queries(rank=1232); GTEx--Coexpression(rank=1309)","1492","0.707600000000000007","ARCHS4 Coexpression,0.7076"
"DEG_LD_SW480","1493","TOPORS","0.708799999999999986","ARCHS4 Coexpression,0.7088","ZNF512B,LASP1,DBF4,GNB2,DAB2IP,AP1S1,ANKRD52,ACTL8","chea3","1493","0.708799999999999986",NA,NA,"","2","ARCHS4--Coexpression(rank=1154); GTEx--Coexpression(rank=1450)","1493","0.708799999999999986","ARCHS4 Coexpression,0.7088"
"DEG_LD_SW480","1494","JRK","0.709400000000000031","GTEx Coexpression,0.7094","CPNE8,FAM200A,ZNF681,PSPN,MTERF1,ZNF502,ANKRD52,TAS2R3","chea3","1494","0.709400000000000031",NA,NA,"","2","GTEx--Coexpression(rank=1140); ARCHS4--Coexpression(rank=1523)","1494","0.709400000000000031","GTEx Coexpression,0.7094"
"DEG_LD_SW480","1495","ZBTB37","0.710600000000000009","GTEx Coexpression,0.7106","FCGR2A,ZMAT1,MRPS24,SLC44A2,FES,XRCC3,SLC15A3,SLC12A9","chea3","1495","0.710600000000000009",NA,NA,"","3","Enrichr--Queries(rank=1125); GTEx--Coexpression(rank=1142); ARCHS4--Coexpression(rank=1263)","1495","0.710600000000000009","GTEx Coexpression,0.7106"
"DEG_LD_SW480","1496","ZNF131","0.710699999999999998","ARCHS4 Coexpression,0.7107","LASP1,ZNF273,MOGAT3,CD82,PSPN,GNB2,DAB2IP,ZNF556","chea3","1496","0.710699999999999998",NA,NA,"","3","ARCHS4--Coexpression(rank=1157); Enrichr--Queries(rank=1369); GTEx--Coexpression(rank=1417)","1496","0.710699999999999998","ARCHS4 Coexpression,0.7107"
"DEG_LD_SW480","1497","GATAD2A","0.711899999999999977","GTEx Coexpression,0.7119","NBEA,TNFRSF18,GNB2,TTC7B,GPC2,NOD2,SOBP,SERPINB8","chea3","1497","0.711899999999999977",NA,NA,"","3","GTEx--Coexpression(rank=1144); Enrichr--Queries(rank=1363); ARCHS4--Coexpression(rank=1368)","1497","0.711899999999999977","GTEx Coexpression,0.7119"
"DEG_LD_SW480","1498","ZNF223","0.712300000000000044","Enrichr Queries,0.7123","ABCA1,IFITM3,CADPS2,IFITM1,CEBPD,IFI6,PTGR2,SERPINB8,SHROOM4,HERC5,ISG20,ZNF93,NFKBIZ,ARHGEF3,ALDOC,TGFBI,ZNF486","chea3","1498","0.712300000000000044",NA,NA,"","3","Enrichr--Queries(rank=1000); GTEx--Coexpression(rank=1159); ARCHS4--Coexpression(rank=1161)","1498","0.712300000000000044","Enrichr Queries,0.7123"
"DEG_LD_SW480","1499","ZNF687","0.713099999999999845","GTEx Coexpression,0.7131","ACAP1,FCGR2A,SELPLG,PTAFR,ITGB2,SECTM1,CCDC174,SLC12A9","chea3","1499","0.713099999999999845",NA,NA,"","3","GTEx--Coexpression(rank=1146); ARCHS4--Coexpression(rank=1225); Enrichr--Queries(rank=1350)","1499","0.713099999999999845","GTEx Coexpression,0.7131"
"DEG_LD_SW480","1500","HMG20A","0.714400000000000035","GTEx Coexpression,0.7144","FAM200A,ZNF680,GNB2,GTPBP10,MTERF1,PTGR2,KBTBD8,RASGRP3","chea3","1500","0.714400000000000035",NA,NA,"","3","Enrichr--Queries(rank=1094); GTEx--Coexpression(rank=1148); ARCHS4--Coexpression(rank=1547)","1500","0.714400000000000035","GTEx Coexpression,0.7144"
"DEG_LD_SW480","1501","THAP9","0.714999999999999969","ARCHS4 Coexpression,0.715","ZNF681,LASP1,GNB2,SALL4,FURIN,PCDHB13,ANKRD52,GDAP1","chea3","1501","0.714999999999999969",NA,NA,"","3","Enrichr--Queries(rank=1027); ARCHS4--Coexpression(rank=1164); GTEx--Coexpression(rank=1193)","1501","0.714999999999999969","ARCHS4 Coexpression,0.715"
"DEG_LD_SW480","1502","FAM170A","0.715099999999999847","Enrichr Queries,0.7151","CADPS2,BCL11A,NTM,MOCOS,TSHZ2,EFNA5,CACNA1E,SERPINB8,RASGRP3,PKHD1,ACOXL,DACH1,KIF26B,KCNMA1,CDH11,PRKCQ,EFHB","chea3","1502","0.715099999999999847",NA,NA,"","3","Enrichr--Queries(rank=1004); ARCHS4--Coexpression(rank=1366); GTEx--Coexpression(rank=1577)","1502","0.715099999999999847","Enrichr Queries,0.7151"
"DEG_LD_SW480","1503","PRDM15","0.715600000000000014","GTEx Coexpression,0.7156","BEX4,B3GALNT1,RINT1,DNAJC2,XRCC3,DCLK2,ZNF107,PRTFDC1","chea3","1503","0.715600000000000014",NA,NA,"","3","Enrichr--Queries(rank=1018); GTEx--Coexpression(rank=1150); ARCHS4--Coexpression(rank=1182)","1503","0.715600000000000014","GTEx Coexpression,0.7156"
"DEG_LD_SW480","1504","ZNF79","0.716500000000000026","Enrichr Queries,0.7165","ABCA1,ARRDC4,EDN1,CD82,ASNS,XPC,FBXO32,RND3,SERPINB8,PGF,SYTL2,ISG20,ACTA2,CDK6,FASN,UPP1,ATF3","chea3","1504","0.716500000000000026",NA,NA,"","3","Enrichr--Queries(rank=1006); ARCHS4--Coexpression(rank=1293); GTEx--Coexpression(rank=1479)","1504","0.716500000000000026","Enrichr Queries,0.7165"
"DEG_LD_SW480","1505","CDC5L","0.717400000000000038","ARCHS4 Coexpression,0.7174","HES7,TSC22D4,FCGR2A,DBP,GNB2,UST,KCNMB4,BTN3A2","chea3","1505","0.717400000000000038",NA,NA,"","3","ARCHS4--Coexpression(rank=1168); Enrichr--Queries(rank=1401); GTEx--Coexpression(rank=1556)","1505","0.717400000000000038","ARCHS4 Coexpression,0.7174"
"DEG_LD_SW480","1506","ZNF316","0.718099999999999961","ARCHS4 Coexpression,0.7181","ZNF512B,LFNG,LASP1,GNB2,TMC6,ANKRD52,SLC12A9,ARHGAP45","chea3","1506","0.718099999999999961",NA,NA,"","3","ARCHS4--Coexpression(rank=1169); GTEx--Coexpression(rank=1215); Enrichr--Queries(rank=1223)","1506","0.718099999999999961","ARCHS4 Coexpression,0.7181"
"DEG_LD_SW480","1507","ZSCAN21","0.718700000000000006","GTEx Coexpression,0.7187","FAM133B,RYR1,DPH3,TBCE,PDAP1,ZNF501,ASB2,UFSP1","chea3","1507","0.718700000000000006",NA,NA,"","3","Enrichr--Queries(rank=1036); GTEx--Coexpression(rank=1155); ARCHS4--Coexpression(rank=1353)","1507","0.718700000000000006","GTEx Coexpression,0.7187"
"DEG_LD_SW480","1508","PRDM4","0.719400000000000039","GTEx Coexpression,0.7194","FAM133B,TMEM43,DSE,XYLT1,XPC,ZNF501,RND3,VGLL3","chea3","1508","0.719400000000000039",NA,NA,"","3","GTEx--Coexpression(rank=1156); Enrichr--Queries(rank=1215); ARCHS4--Coexpression(rank=1556)","1508","0.719400000000000039","GTEx Coexpression,0.7194"
"DEG_LD_SW480","1509","ZNF678","0.722899999999999987","Enrichr Queries,0.7229","CADPS2,ZNF681,RABGAP1L,ZNF273,ZNF680,TET1,RORA,SERPINB8,QKI,TGFBR3,ZNF92,CDK6,DUSP10,ZNF93,KIF5C,KCNMA1,ZNF107","chea3","1509","0.722899999999999987",NA,NA,"","3","Enrichr--Queries(rank=1015); ARCHS4--Coexpression(rank=1242); GTEx--Coexpression(rank=1494)","1509","0.722899999999999987","Enrichr Queries,0.7229"
"DEG_LD_SW480","1510","TCF20","0.723099999999999965","GTEx Coexpression,0.7231","TFAP2A,PERP,TMEM40,GPC2,SFN,RAB27B,SERPINB5,NECTIN1","chea3","1510","0.723099999999999965",NA,NA,"","3","Enrichr--Queries(rank=1108); GTEx--Coexpression(rank=1162); ARCHS4--Coexpression(rank=1608)","1510","0.723099999999999965","GTEx Coexpression,0.7231"
"DEG_LD_SW480","1511","KMT2A","0.723899999999999988","ReMap ChIP-seq,0.7239","CPNE8,PIWIL4,PHLPP1,ATP8A1,MCM7,SHOX2,PELI2,FURIN,LDLRAD4,SLAIN1,SPN,ALCAM,NFKBIZ,KRIT1,IGFBP7,METTL6,ACSS1,BAHCC1,VAT1L,ZNF442,GSTO2,SYT1,BCL11A,F2R,FAM133B,ACTA2,DNAJC2,MBLAC1,FAM200A,FAM167A,DBF4,CDK6,PPP1R3B,FES,UST,ZNF655","chea3","1511","0.723899999999999988",NA,NA,"","3","ReMap--ChIP-seq(rank=215); ARCHS4--Coexpression(rank=1399); GTEx--Coexpression(rank=1472)","1511","0.723899999999999988","ReMap ChIP-seq,0.7239"
"DEG_LD_SW480","1512","ZNF691","0.724999999999999978","GTEx Coexpression,0.725","ACOX2,GTF2IRD2,MTERF1,VIPAS39,CCDC174,GTF2IRD2B,ZNF763,TMEM60","chea3","1512","0.724999999999999978",NA,NA,"","3","Enrichr--Queries(rank=1127); GTEx--Coexpression(rank=1165); ARCHS4--Coexpression(rank=1478)","1512","0.724999999999999978","GTEx Coexpression,0.725"
"DEG_LD_SW480","1513","ZSCAN20","0.727199999999999958","Enrichr Queries,0.7272","ABCA1,RERE,CADPS2,EGLN3,AUTS2,NAV1,STON2,HSPG2,SERPINB8,TANC2,TIAM1,NT5E,DUSP10,SH3PXD2A,KIF26B,KCNMA1,ATF3","chea3","1513","0.727199999999999958",NA,NA,"","3","Enrichr--Queries(rank=1021); GTEx--Coexpression(rank=1388); ARCHS4--Coexpression(rank=1578)","1513","0.727199999999999958","Enrichr Queries,0.7272"
"DEG_LD_SW480","1514","ZNF286A","0.728600000000000025","Enrichr Queries,0.7286","ZNF331,ZNF273,AUTS2,BCL11A,ASNS,RORA,RND3,SERPINB8,GDAP1,ALCAM,CDK6,ZNF93,KIF5C,ZNF711,MAP2K6,MARK1","chea3","1514","0.728600000000000025",NA,NA,"","3","Enrichr--Queries(rank=1023); ARCHS4--Coexpression(rank=1416); GTEx--Coexpression(rank=1478)","1514","0.728600000000000025","Enrichr Queries,0.7286"
"DEG_LD_SW480","1515","PCGF6","0.729700000000000015","ARCHS4 Coexpression,0.7297","RERE,CHCHD4,SGO1,LASP1,POP7,GNB2,DAB2IP,ZNF311","chea3","1515","0.729700000000000015",NA,NA,"","3","ARCHS4--Coexpression(rank=1188); Enrichr--Queries(rank=1336); GTEx--Coexpression(rank=1343)","1515","0.729700000000000015","ARCHS4 Coexpression,0.7297"
"DEG_LD_SW480","1516","ZNF777","0.732199999999999962","ARCHS4 Coexpression,0.7322","ZNF512B,LASP1,GNB2,MEPCE,DLST,PDAP1,AP1S1,ANKRD52","chea3","1516","0.732199999999999962",NA,NA,"","3","ARCHS4--Coexpression(rank=1192); Enrichr--Queries(rank=1229); GTEx--Coexpression(rank=1238)","1516","0.732199999999999962","ARCHS4 Coexpression,0.7322"
"DEG_LD_SW480","1517","ZNF629","0.732199999999999962","Enrichr Queries,0.7322","ABCA1,ZNF512B,RERE,BCL11A,DAB2IP,IFI6,NAV1,HSPG2,SERPINB8,PGF,SLC6A6,CDK6,FASN,GRB10,CKB,ATF3","chea3","1517","0.732199999999999962",NA,NA,"","3","Enrichr--Queries(rank=1028); GTEx--Coexpression(rank=1311); ARCHS4--Coexpression(rank=1530)","1517","0.732199999999999962","Enrichr Queries,0.7322"
"DEG_LD_SW480","1518","SP4","0.732800000000000007","ARCHS4 Coexpression,0.7328","LASP1,BCL11B,GNB2,TRIP6,DAB2IP,AP1S1,ANKRD52,FGF13","chea3","1518","0.732800000000000007",NA,NA,"","5","ENCODE--ChIP-seq(rank=106); ReMap--ChIP-seq(rank=220); Enrichr--Queries(rank=1075); ARCHS4--Coexpression(rank=1193); GTEx--Coexpression(rank=1256)","1518","0.732800000000000007","ARCHS4 Coexpression,0.7328"
"DEG_LD_SW480","1519","MTERF3","0.734299999999999953","GTEx Coexpression,0.7343","CHCHD4,MRPS24,TNNC1,ZSCAN21,TBCE,PTGES3L,ASB2,COQ6","chea3","1519","0.734299999999999953",NA,NA,"","2","GTEx--Coexpression(rank=1180); ARCHS4--Coexpression(rank=1567)","1519","0.734299999999999953","GTEx Coexpression,0.7343"
"DEG_LD_SW480","1520","ZNF805","0.734999999999999987","Enrichr Queries,0.735","ABCA1,ARRDC4,ASNS,RORA,FBXO32,SLC5A3,SERPINB8,QKI,EIF5,ATXN1,CDK6,SESTD1,NAMPT,NFKBIZ,INSL3,ATF3","chea3","1520","0.734999999999999987",NA,NA,"","3","Enrichr--Queries(rank=1032); GTEx--Coexpression(rank=1509); ARCHS4--Coexpression(rank=1529)","1520","0.734999999999999987","Enrichr Queries,0.735"
"DEG_LD_SW480","1521","ZNF45","0.735899999999999999","ARCHS4 Coexpression,0.7359","PDP1,MC1R,ZNF92,MCM7,ANKRD44,DAB2IP,ZNF711,GTF2IRD2B","chea3","1521","0.735899999999999999",NA,NA,"","3","Enrichr--Queries(rank=1168); ARCHS4--Coexpression(rank=1198); GTEx--Coexpression(rank=1251)","1521","0.735899999999999999","ARCHS4 Coexpression,0.7359"
"DEG_LD_SW480","1522","ZBED5","0.737700000000000022","ARCHS4 Coexpression,0.7377","LASP1,ZNF273,GNB2,ZNF737,PLOD3,AP1S1,FURIN,ZNF117","chea3","1522","0.737700000000000022",NA,NA,"","2","ARCHS4--Coexpression(rank=1201); GTEx--Coexpression(rank=1342)","1522","0.737700000000000022","ARCHS4 Coexpression,0.7377"
"DEG_LD_SW480","1523","REXO4","0.739600000000000035","ARCHS4 Coexpression,0.7396","ZNF512B,GNB2,TRIP6,CHCHD10,PDAP1,AP1S1,ANKRD52,TRMT61A","chea3","1523","0.739600000000000035",NA,NA,"","2","ARCHS4--Coexpression(rank=1204); GTEx--Coexpression(rank=1365)","1523","0.739600000000000035","ARCHS4 Coexpression,0.7396"
"DEG_LD_SW480","1524","BAZ2B","0.740700000000000025","Enrichr Queries,0.7407","ABCA1,RERE,CADPS2,RABGAP1L,AUTS2,ATP8A1,BCL11A,ANKRD44,ITPR1,RORA,PTPN13,SERPINB8,TANC2,ATXN1,CDK6,NBEA","chea3","1524","0.740700000000000025",NA,NA,"","3","Enrichr--Queries(rank=1040); ARCHS4--Coexpression(rank=1327); GTEx--Coexpression(rank=1461)","1524","0.740700000000000025","Enrichr Queries,0.7407"
"DEG_LD_SW480","1525","ZNF513","0.741999999999999993","ARCHS4 Coexpression,0.742","RERE,GOLGA6A,MYH7B,CCDC187,CCDC116,SMKR1,GOLGA8H,ASPG","chea3","1525","0.741999999999999993",NA,NA,"","3","Enrichr--Queries(rank=1173); GTEx--Coexpression(rank=1197); ARCHS4--Coexpression(rank=1208)","1525","0.741999999999999993","ARCHS4 Coexpression,0.742"
"DEG_LD_SW480","1526","NFXL1","0.743600000000000039","Enrichr Queries,0.7436","ABCA1,ANXA1,MCM7,PDE3B,ITPR1,ASNS,SERPINB8,ISG20,DAB2,ALCAM,CDK6,NAMPT,NFKBIZ,TGFBI,ATF3,PAG1","chea3","1526","0.743600000000000039",NA,NA,"","3","Enrichr--Queries(rank=1044); GTEx--Coexpression(rank=1483); ARCHS4--Coexpression(rank=1507)","1526","0.743600000000000039","Enrichr Queries,0.7436"
"DEG_LD_SW480","1527","ZNF689","0.745700000000000029","ARCHS4 Coexpression,0.7457","POMT2,TKTL1,DBF4,MCM7,PCP4L1,SALL4,RBPMS2,ACTL8","chea3","1527","0.745700000000000029",NA,NA,"","3","ARCHS4--Coexpression(rank=1214); Enrichr--Queries(rank=1252); GTEx--Coexpression(rank=1474)","1527","0.745700000000000029","ARCHS4 Coexpression,0.7457"
"DEG_LD_SW480","1528","CREB1","0.745800000000000018","ENCODE ChIP-seq,0.7458","ZNF331,ERO1B,CD74,SEC13,DOCK4,HMGCS1,SH2D2A,GTPBP10,DNAJC2,KIF5C,DNAJC30,DPH3,ZNF502,ZNF501,DUS4L,TRMT61A,BET1,BEX5","chea3","1528","0.745800000000000018",NA,NA,"","6","ENCODE--ChIP-seq(rank=88); Literature--ChIP-seq(rank=146); ReMap--ChIP-seq(rank=241); Enrichr--Queries(rank=1247); ARCHS4--Coexpression(rank=1420); GTEx--Coexpression(rank=1575)","1528","0.745800000000000018","ENCODE ChIP-seq,0.7458"
"DEG_LD_SW480","1529","AHCTF1","0.747399999999999953","GTEx Coexpression,0.7474","STK31,DBF4,APH1B,PPP1R2B,CCDC116,DNHD1,ZC3H14","chea3","1529","0.747399999999999953",NA,NA,"","3","GTEx--Coexpression(rank=1201); Enrichr--Queries(rank=1388); ARCHS4--Coexpression(rank=1626)","1529","0.747399999999999953","GTEx Coexpression,0.7474"
"DEG_LD_SW480","1530","BPTF","0.747500000000000053","ARCHS4 Coexpression,0.7475","SOX2,AUTS2,NBEA,GNB2,TET1,ARPC4,TANC2,AFF2","chea3","1530","0.747500000000000053",NA,NA,"","2","ARCHS4--Coexpression(rank=1217); GTEx--Coexpression(rank=1598)","1530","0.747500000000000053","ARCHS4 Coexpression,0.7475"
"DEG_LD_SW480","1531","ZNF749","0.750499999999999945","GTEx Coexpression,0.7505","FAM133B,RINT1,POP7,ANKRD33B,GTPBP10,MTERF1,UFSP1","chea3","1531","0.750499999999999945",NA,NA,"","3","Enrichr--Queries(rank=1148); GTEx--Coexpression(rank=1206); ARCHS4--Coexpression(rank=1348)","1531","0.750499999999999945","GTEx Coexpression,0.7505"
"DEG_LD_SW480","1532","ZNF507","0.751700000000000035","GTEx Coexpression,0.7517","RERE,DNAJC2,GNB2,ZSCAN21,KRIT1,ZNF502,ZNF596","chea3","1532","0.751700000000000035",NA,NA,"","3","GTEx--Coexpression(rank=1208); Enrichr--Queries(rank=1319); ARCHS4--Coexpression(rank=1617)","1532","0.751700000000000035","GTEx Coexpression,0.7517"
"DEG_LD_SW480","1533","WIZ","0.752299999999999969","GTEx Coexpression,0.7523","STK31,PLEKHG4,IFT22,CCDC116,TDRD12,DUSP15,ZC3H14","chea3","1533","0.752299999999999969",NA,NA,"","3","GTEx--Coexpression(rank=1209); Enrichr--Queries(rank=1217); ARCHS4--Coexpression(rank=1355)","1533","0.752299999999999969","GTEx Coexpression,0.7523"
"DEG_LD_SW480","1534","FOXK2","0.754199999999999982","ReMap ChIP-seq,0.7542","ZNF512B,RERE,CCDC187,MCM7,MEPCE,SHOX2,SECTM1,ARRB1,CYGB,ZCWPW1,ADAMTS14,LASP1,DBP,GPC2,PRAME,LY6G6D,SLC38A5,HES7,NAPSA,GALNT5,ANXA1,CCDC116,TMC8,TET1,TMC6,NR1D1,BTN3A2,HSPG2,ARHGAP45,MBLAC1,CLDN15,CD7,TRIP6,CASS4,ZNF311","chea3","1534","0.754199999999999982",NA,NA,"","4","ReMap--ChIP-seq(rank=224); Enrichr--Queries(rank=1345); GTEx--Coexpression(rank=1462); ARCHS4--Coexpression(rank=1588)","1534","0.754199999999999982","ReMap ChIP-seq,0.7542"
"DEG_LD_SW480","1535","TFCP2","0.756700000000000039","GTEx Coexpression,0.7567","RAB30,VPS50,UBE2E1,GTPBP10,MTERF1,ZNF501,DUS4L","chea3","1535","0.756700000000000039",NA,NA,"","3","GTEx--Coexpression(rank=1216); Enrichr--Queries(rank=1257); ARCHS4--Coexpression(rank=1587)","1535","0.756700000000000039","GTEx Coexpression,0.7567"
"DEG_LD_SW480","1536","ZNF837","0.757900000000000018","GTEx Coexpression,0.7579","ZNF512B,CYP39A1,SPTLC3,TRIP6,CBLC,WDR72,AKAP6","chea3","1536","0.757900000000000018",NA,NA,"","3","Enrichr--Queries(rank=1135); GTEx--Coexpression(rank=1218); ARCHS4--Coexpression(rank=1320)","1536","0.757900000000000018","GTEx Coexpression,0.7579"
"DEG_LD_SW480","1537","ZNF580","0.758499999999999952","Enrichr Queries,0.7585","IFITM3,NAPSA,CEBPD,IFI6,LTBP2,SERPINB8,PGF,ISG20,ALCAM,GPNMB,MDK,HYAL1,FASN,CKB,ATF3","chea3","1537","0.758499999999999952",NA,NA,"","3","Enrichr--Queries(rank=1065); GTEx--Coexpression(rank=1282); ARCHS4--Coexpression(rank=1559)","1537","0.758499999999999952","Enrichr Queries,0.7585"
"DEG_LD_SW480","1538","DMTF1","0.759299999999999975","Enrichr Queries,0.7593","ABCA1,EDN1,ANXA1,HMGCS1,CEBPD,ITPR1,SERPINB8,PGF,LOXL2,EIF5,ALCAM,CDK6,PPARG,TGFBI,ATF3","chea3","1538","0.759299999999999975",NA,NA,"","3","Enrichr--Queries(rank=1066); ARCHS4--Coexpression(rank=1370); GTEx--Coexpression(rank=1370)","1538","0.759299999999999975","Enrichr Queries,0.7593"
"DEG_LD_SW480","1539","ZNF609","0.764199999999999990","GTEx Coexpression,0.7642","STK31,HERC5,PLEKHG4,DBF4,TDRD12,DNHD1,ZC3H14","chea3","1539","0.764199999999999990",NA,NA,"","3","GTEx--Coexpression(rank=1228); Enrichr--Queries(rank=1314); ARCHS4--Coexpression(rank=1572)","1539","0.764199999999999990","GTEx Coexpression,0.7642"
"DEG_LD_SW480","1540","ZNF414","0.765000000000000013","Enrichr Queries,0.765","IGSF8,TSC22D4,NAPSA,TLE2,ASPSCR1,LTBP2,NR1D1,ARHGAP45,LFNG,MDK,HYAL1,FASN,GNB2,EEF1A2,CKB","chea3","1540","0.765000000000000013",NA,NA,"","3","Enrichr--Queries(rank=1074); GTEx--Coexpression(rank=1277); ARCHS4--Coexpression(rank=1573)","1540","0.765000000000000013","Enrichr Queries,0.765"
"DEG_LD_SW480","1541","MBD1","0.766000000000000014","GTEx Coexpression,0.766","STK31,PPP1R2B,CCDC116,DNHD1,DUSP15,PRR22,ZC3H14","chea3","1541","0.766000000000000014",NA,NA,"","3","Enrichr--Queries(rank=1214); GTEx--Coexpression(rank=1231); ARCHS4--Coexpression(rank=1434)","1541","0.766000000000000014","GTEx Coexpression,0.766"
"DEG_LD_SW480","1542","ZNF318","0.767700000000000049","ReMap ChIP-seq,0.7677","ACHE,WDR25,SELPLG,EPAS1,MEPCE,ITPR1,SECTM1,SDSL,UFSP1,TMEM144,ZCWPW1,ADAMTS14,DUSP10,NAMPT,LY6G6D,CFAP45,MPP1,GALNT5,EGR3,ANXA1,MACC1,NR1D1,BTN3A2,PRSS33,TEX19,SLC6A6,FAM200A,NR4A3,CD7,PTGES3L,S100A3,ZNF655,ATF3,PRTFDC1","chea3","1542","0.767700000000000049",NA,NA,"","4","ReMap--ChIP-seq(rank=228); Enrichr--Queries(rank=1288); GTEx--Coexpression(rank=1373); ARCHS4--Coexpression(rank=1569)","1542","0.767700000000000049","ReMap ChIP-seq,0.7677"
"DEG_LD_SW480","1543","ARHGAP35","0.769000000000000017","ARCHS4 Coexpression,0.769","ZNF512B,RERE,RIMS4,EEF1A2,DAB2IP,ANKRD52,MAPK8IP1","chea3","1543","0.769000000000000017",NA,NA,"","2","ARCHS4--Coexpression(rank=1252); GTEx--Coexpression(rank=1286)","1543","0.769000000000000017","ARCHS4 Coexpression,0.769"
"DEG_LD_SW480","1544","ZNF215","0.769199999999999995","Enrichr Queries,0.7692","CADPS2,BCL11A,MOCOS,RORA,DKK1,SERPINB8,SYTL2,HERC5,ISG20,FASN,IL1B,KCNMA1,CNTN1,PPARG,STEAP1","chea3","1544","0.769199999999999995",NA,NA,"","3","Enrichr--Queries(rank=1080); ARCHS4--Coexpression(rank=1441); GTEx--Coexpression(rank=1596)","1544","0.769199999999999995","Enrichr Queries,0.7692"
"DEG_LD_SW480","1545","DUX4","0.771000000000000019","ReMap ChIP-seq,0.771","CHRNA1,RTP3,KCNE3,MAML2,PDE3B,RORA,PRR5L,TMTC1,GLDN,THSD4,RASGRP3,ORC5,FAM156A,HEY1,NFKBIZ,GRB10,NCAM1,CYTIP,CNMD,BEND6,ARHGEF33,PSPN,IL31RA,CARD6,UBE2E2,SPTB,GNG11,DCBLD2,ACTA2,RAB30,CPS1,PPP1R1C,PMP22,RHCE","chea3","1545","0.771000000000000019",NA,NA,"","2","ReMap--ChIP-seq(rank=229); ARCHS4--Coexpression(rank=1372)","1545","0.771000000000000019","ReMap ChIP-seq,0.771"
"DEG_LD_SW480","1546","ZNF628","0.771399999999999975","Enrichr Queries,0.7714","RERE,IGSF8,NAPSA,EGR3,DAB2IP,FURIN,NR1D1,HSPG2,BICRA,HYAL1,FASN,WNK2,GNB2,BAHCC1,TRMT61A","chea3","1546","0.771399999999999975",NA,NA,"","3","Enrichr--Queries(rank=1083); GTEx--Coexpression(rank=1537); ARCHS4--Coexpression(rank=1610)","1546","0.771399999999999975","Enrichr Queries,0.7714"
"DEG_LD_SW480","1547","SPEN","0.771499999999999964","ARCHS4 Coexpression,0.7715","ZNF512B,RERE,ZNF711,HOXD13,ANKRD52,BCORL1,HOXD10","chea3","1547","0.771499999999999964",NA,NA,"","2","ARCHS4--Coexpression(rank=1256); GTEx--Coexpression(rank=1587)","1547","0.771499999999999964","ARCHS4 Coexpression,0.7715"
"DEG_LD_SW480","1548","CHCHD3","0.773499999999999965","GTEx Coexpression,0.7735","CHCHD4,TNNC1,PTGES3L,TCAP,ASB2,RBM24,COQ6","chea3","1548","0.773499999999999965",NA,NA,"","2","GTEx--Coexpression(rank=1243); ARCHS4--Coexpression(rank=1535)","1548","0.773499999999999965","GTEx Coexpression,0.7735"
"DEG_LD_SW480","1549","ZNF770","0.774000000000000021","ARCHS4 Coexpression,0.774","HMGCS1,SALL4,RBPMS2,TET1,MSMO1,CNMD,SLC16A14","chea3","1549","0.774000000000000021",NA,NA,"","3","Enrichr--Queries(rank=1200); ARCHS4--Coexpression(rank=1260); GTEx--Coexpression(rank=1593)","1549","0.774000000000000021","ARCHS4 Coexpression,0.774"
"DEG_LD_SW480","1550","SCX","0.774599999999999955","ARCHS4 Coexpression,0.7746","ZNF512B,TG,KIF5C,NXPH4,IRX3,CORO6,GPC2","chea3","1550","0.774599999999999955",NA,NA,"","1","ARCHS4--Coexpression(rank=1261)","1550","0.774599999999999955","ARCHS4 Coexpression,0.7746"
"DEG_LD_SW480","1551","ZNF670","0.777100000000000013","Enrichr Queries,0.7771","ZNF681,EDN1,MCM7,SERPINB8,PGF,SGO1,DBF4,ZNF92,DUSP10,ZNF93,ZNF107,ZNF711,KBTBD8,ATF3","chea3","1551","0.777100000000000013",NA,NA,"","2","Enrichr--Queries(rank=1091); ARCHS4--Coexpression(rank=1287)","1551","0.777100000000000013","Enrichr Queries,0.7771"
"DEG_LD_SW480","1552","ZNF444","0.777800000000000047","Enrichr Queries,0.7778","TSC22D4,NAPSA,CEBPD,MEPCE,IFI6,ASPSCR1,SERPINB8,PGF,BICRA,MDK,HYAL1,FASN,GNB2,CKB","chea3","1552","0.777800000000000047",NA,NA,"","3","Enrichr--Queries(rank=1092); GTEx--Coexpression(rank=1260); ARCHS4--Coexpression(rank=1342)","1552","0.777800000000000047","Enrichr Queries,0.7778"
"DEG_LD_SW480","1553","CENPX","0.777800000000000047","GTEx Coexpression,0.7778","RNF43,MBLAC1,POP7,TFR2,PSMG3,CBLC,NAALAD2","chea3","1553","0.777800000000000047",NA,NA,"","1","GTEx--Coexpression(rank=1250)","1553","0.777800000000000047","GTEx Coexpression,0.7778"
"DEG_LD_SW480","1554","THAP5","0.779499999999999971","ARCHS4 Coexpression,0.7795","ERO1B,CPNE8,ACOXL,LASP1,MOGAT3,GNB2,ANKRD52","chea3","1554","0.779499999999999971",NA,NA,"","3","Enrichr--Queries(rank=1136); ARCHS4--Coexpression(rank=1269); GTEx--Coexpression(rank=1405)","1554","0.779499999999999971","ARCHS4 Coexpression,0.7795"
"DEG_LD_SW480","1555","NFAT5","0.779900000000000038","Enrichr Queries,0.7799","ABCA1,RERE,EPAS1,ITPR1,RORA,NAV1,SLC5A3,TANC2,TGFBR3,ATXN1,CDK6,SH3PXD2A,NFKBIZ,ATF3","chea3","1555","0.779900000000000038",NA,NA,"","3","Enrichr--Queries(rank=1095); ARCHS4--Coexpression(rank=1369); GTEx--Coexpression(rank=1464)","1555","0.779900000000000038","Enrichr Queries,0.7799"
"DEG_LD_SW480","1556","ZNF174","0.782100000000000017","Enrichr Queries,0.7821","ZNF331,PLEKHG4,CADPS2,SIVA1,WFS1,MEPCE,ITPR1,RORA,SERPINB8,PGF,FCGR2A,GPNMB,ATF3,CTSB","chea3","1556","0.782100000000000017",NA,NA,"","3","Enrichr--Queries(rank=1098); GTEx--Coexpression(rank=1264); ARCHS4--Coexpression(rank=1525)","1556","0.782100000000000017","Enrichr Queries,0.7821"
"DEG_LD_SW480","1557","ZNF692","0.783499999999999974","Enrichr Queries,0.7835","IFITM3,NAPSA,TLE2,MCM7,ASNS,NR1D1,HSPG2,SERPINB8,PGF,HYAL1,FASN,NFKBIZ,CKB,ATF3","chea3","1557","0.783499999999999974",NA,NA,"","3","Enrichr--Queries(rank=1100); ARCHS4--Coexpression(rank=1451); GTEx--Coexpression(rank=1530)","1557","0.783499999999999974","Enrichr Queries,0.7835"
"DEG_LD_SW480","1558","USF3","0.784399999999999986","ARCHS4 Coexpression,0.7844","RABGAP1L,GNB2,ANKRD44,TRIP6,CFAP69,TTC7B,AP1S1","chea3","1558","0.784399999999999986",NA,NA,"","2","ARCHS4--Coexpression(rank=1277); GTEx--Coexpression(rank=1293)","1558","0.784399999999999986","ARCHS4 Coexpression,0.7844"
"DEG_LD_SW480","1559","ZKSCAN8","0.785299999999999998","GTEx Coexpression,0.7853","TGFBR3,GTF2IRD2,GATAD1,KRIT1,ZNF655,HSPG2,GTF2IRD2B","chea3","1559","0.785299999999999998",NA,NA,"","2","GTEx--Coexpression(rank=1262); ARCHS4--Coexpression(rank=1591)","1559","0.785299999999999998","GTEx Coexpression,0.7853"
"DEG_LD_SW480","1560","ZNF408","0.785599999999999965","Enrichr Queries,0.7856","TEDC1,ANKRD37,POP7,SIVA1,MCM7,MEPCE,XRCC3,SERPINB8,MDK,TRIP6,UPP1,SLC15A3,TRMT61A,ATF3","chea3","1560","0.785599999999999965",NA,NA,"","3","Enrichr--Queries(rank=1103); ARCHS4--Coexpression(rank=1313); GTEx--Coexpression(rank=1400)","1560","0.785599999999999965","Enrichr Queries,0.7856"
"DEG_LD_SW480","1561","DOT1L","0.785900000000000043","GTEx Coexpression,0.7859","STK31,DBF4,PPP1R2B,CCDC116,DNHD1,DUSP15,PRR22","chea3","1561","0.785900000000000043",NA,NA,"","3","Enrichr--Queries(rank=1134); GTEx--Coexpression(rank=1263); ARCHS4--Coexpression(rank=1378)","1561","0.785900000000000043","GTEx Coexpression,0.7859"
"DEG_LD_SW480","1562","TTF1","0.786200000000000010","ARCHS4 Coexpression,0.7862","FAM133B,SGO1,SEM1,DNAJC2,LASP1,GNB2,ANKRD52","chea3","1562","0.786200000000000010",NA,NA,"","2","ARCHS4--Coexpression(rank=1280); GTEx--Coexpression(rank=1426)","1562","0.786200000000000010","ARCHS4 Coexpression,0.7862"
"DEG_LD_SW480","1563","GLI4","0.788100000000000023","ARCHS4 Coexpression,0.7881","ZNF512B,TSC22D4,MYO15B,GNB2,TMC6,SLC12A9,ARHGAP45","chea3","1563","0.788100000000000023",NA,NA,"","2","ARCHS4--Coexpression(rank=1283); GTEx--Coexpression(rank=1440)","1563","0.788100000000000023","ARCHS4 Coexpression,0.7881"
"DEG_LD_SW480","1564","JRKL","0.790300000000000002","GTEx Coexpression,0.7903","ZNF239,ZNF501,ZC3H14,ZNF311,DCBLD2,VGLL3","chea3","1564","0.790300000000000002",NA,NA,"","3","GTEx--Coexpression(rank=1270); Enrichr--Queries(rank=1287); ARCHS4--Coexpression(rank=1389)","1564","0.790300000000000002","GTEx Coexpression,0.7903"
"DEG_LD_SW480","1565","ZNF148","0.794000000000000039","GTEx Coexpression,0.794","PRRX1,ZNF737,PDGFC,ZNF501,HDX,ZNF486","chea3","1565","0.794000000000000039",NA,NA,"","3","GTEx--Coexpression(rank=1276); Enrichr--Queries(rank=1381); ARCHS4--Coexpression(rank=1597)","1565","0.794000000000000039","GTEx Coexpression,0.794"
"DEG_LD_SW480","1566","ZNF202","0.795599999999999974","Enrichr Queries,0.7956","EDN1,MCM7,BCL11A,ASNS,RND3,SERPINB8,PGF,ISG20,CDK6,NAMPT,UPP1,TRMT61A,ATF3","chea3","1566","0.795599999999999974",NA,NA,"","3","Enrichr--Queries(rank=1117); ARCHS4--Coexpression(rank=1520); GTEx--Coexpression(rank=1581)","1566","0.795599999999999974","Enrichr Queries,0.7956"
"DEG_LD_SW480","1567","BAZ2A","0.796100000000000030","ARCHS4 Coexpression,0.7961","ZNF512B,RERE,SLC6A6,LASP1,DLST,TMC6,ANKRD52","chea3","1567","0.796100000000000030",NA,NA,"","3","ARCHS4--Coexpression(rank=1296); Enrichr--Queries(rank=1342); GTEx--Coexpression(rank=1541)","1567","0.796100000000000030","ARCHS4 Coexpression,0.7961"
"DEG_LD_SW480","1568","ZNF623","0.796499999999999986","GTEx Coexpression,0.7965","FAM133B,ORC5,ZSCAN21,MTERF1,XPC,ZNF501","chea3","1568","0.796499999999999986",NA,NA,"","3","Enrichr--Queries(rank=1228); GTEx--Coexpression(rank=1280); ARCHS4--Coexpression(rank=1388)","1568","0.796499999999999986","GTEx Coexpression,0.7965"
"DEG_LD_SW480","1569","SPZ1","0.799100000000000033","ARCHS4 Coexpression,0.7991","GOLGA6A,MYH7B,CCDC187,SMKR1,GOLGA8H,DUSP15,RGPD3","chea3","1569","0.799100000000000033",NA,NA,"","2","ARCHS4--Coexpression(rank=1301); GTEx--Coexpression(rank=1449)","1569","0.799100000000000033","ARCHS4 Coexpression,0.7991"
"DEG_LD_SW480","1570","CPXCR1","0.802200000000000024","ARCHS4 Coexpression,0.8022","KCNG1,STK31,KIF26B,ORAI2,MAGEC2,DUSP15,TIMP4","chea3","1570","0.802200000000000024",NA,NA,"","3","Enrichr--Queries(rank=1194); ARCHS4--Coexpression(rank=1306); GTEx--Coexpression(rank=1573)","1570","0.802200000000000024","ARCHS4 Coexpression,0.8022"
"DEG_LD_SW480","1571","ZNF282","0.804100000000000037","ARCHS4 Coexpression,0.8041","ZNF512B,FASN,GNB2,TRIP6,AP1S1,ANKRD52,EPHB4","chea3","1571","0.804100000000000037",NA,NA,"","3","Enrichr--Queries(rank=1253); ARCHS4--Coexpression(rank=1309); GTEx--Coexpression(rank=1570)","1571","0.804100000000000037","ARCHS4 Coexpression,0.8041"
"DEG_LD_SW480","1572","CEBPZ","0.805100000000000038","ENCODE ChIP-seq,0.8051","ARRDC4,EGLN3,SIVA1,HMGCS1,KCND3,XRCC3,PDE3B,MSMO1,GXYLT2,NR1D1,TMEM60,IFT22,LASP1,DUSP10,SPTLC3,TNFSF4,TBCE,ZNF556","chea3","1572","0.805100000000000038",NA,NA,"","5","ENCODE--ChIP-seq(rank=95); ReMap--ChIP-seq(rank=265); Enrichr--Queries(rank=1383); ARCHS4--Coexpression(rank=1470); GTEx--Coexpression(rank=1571)","1572","0.805100000000000038","ENCODE ChIP-seq,0.8051"
"DEG_LD_SW480","1573","ZNF146","0.805200000000000027","GTEx Coexpression,0.8052","FAM133B,ZSCAN21,UBE2E1,GTPBP10,ZNF501,TRNT1","chea3","1573","0.805200000000000027",NA,NA,"","3","GTEx--Coexpression(rank=1294); Enrichr--Queries(rank=1323); ARCHS4--Coexpression(rank=1618)","1573","0.805200000000000027","GTEx Coexpression,0.8052"
"DEG_LD_SW480","1574","CENPA","0.805300000000000016","ARCHS4 Coexpression,0.8053","SLC9A2,SGO1,DBF4,ANKRD33B,MCM7,ODC1,ERH","chea3","1574","0.805300000000000016",NA,NA,"","2","ARCHS4--Coexpression(rank=1311); GTEx--Coexpression(rank=1600)","1574","0.805300000000000016","ARCHS4 Coexpression,0.8053"
"DEG_LD_SW480","1575","PRMT3","0.809000000000000052","GTEx Coexpression,0.809","FAM133B,TBCE,GTPBP10,PDAP1,TRNT1,DUS4L","chea3","1575","0.809000000000000052",NA,NA,"","3","GTEx--Coexpression(rank=1300); Enrichr--Queries(rank=1389); ARCHS4--Coexpression(rank=1614)","1575","0.809000000000000052","GTEx Coexpression,0.809"
"DEG_LD_SW480","1576","ZNF705G","0.809599999999999986","ARCHS4 Coexpression,0.8096","GOLGA6A,RFPL4A,CHRNA1,KCNV1,CFAP69,FGF13,RGPD3","chea3","1576","0.809599999999999986",NA,NA,"","2","ARCHS4--Coexpression(rank=1318); GTEx--Coexpression(rank=1535)","1576","0.809599999999999986","ARCHS4 Coexpression,0.8096"
"DEG_LD_SW480","1577","ZNF654","0.811300000000000021","Enrichr Queries,0.8113","ABCA1,RORA,SLC5A3,SERPINB8,QKI,GNA13,ATXN1,SESTD1,NAMPT,INSL3,ATF3,PAG1","chea3","1577","0.811300000000000021",NA,NA,"","3","Enrichr--Queries(rank=1139); GTEx--Coexpression(rank=1374); ARCHS4--Coexpression(rank=1409)","1577","0.811300000000000021","Enrichr Queries,0.8113"
"DEG_LD_SW480","1578","ZSCAN22","0.812699999999999978","Enrichr Queries,0.8127","NAPSA,EGR3,DAB2IP,XYLT1,NAV1,NR1D1,SERPINB8,PGF,CDK6,FASN,ANKRD52,ATF3","chea3","1578","0.812699999999999978",NA,NA,"","3","Enrichr--Queries(rank=1141); ARCHS4--Coexpression(rank=1357); GTEx--Coexpression(rank=1397)","1578","0.812699999999999978","Enrichr Queries,0.8127"
"DEG_LD_SW480","1579","C11ORF95","0.812699999999999978","GTEx Coexpression,0.8127","CD82,BNC2,TSHZ3,WFS1,NOD2,SOBP","chea3","1579","0.812699999999999978",NA,NA,"","1","GTEx--Coexpression(rank=1306)","1579","0.812699999999999978","GTEx Coexpression,0.8127"
"DEG_LD_SW480","1580","ZBTB6","0.813300000000000023","GTEx Coexpression,0.8133","FAM133B,ZSCAN21,GTPBP10,MTERF1,ZNF501,UFSP1","chea3","1580","0.813300000000000023",NA,NA,"","3","GTEx--Coexpression(rank=1307); Enrichr--Queries(rank=1377); ARCHS4--Coexpression(rank=1465)","1580","0.813300000000000023","GTEx Coexpression,0.8133"
"DEG_LD_SW480","1581","ZNF397","0.813899999999999957","GTEx Coexpression,0.8139","FAM133B,ZNF737,GATAD1,KRIT1,XPC,CCDC174","chea3","1581","0.813899999999999957",NA,NA,"","2","GTEx--Coexpression(rank=1308); ARCHS4--Coexpression(rank=1361)","1581","0.813899999999999957","GTEx Coexpression,0.8139"
"DEG_LD_SW480","1582","ZBTB40","0.814100000000000046","Enrichr Queries,0.8141","ABCA1,RERE,SLC44A2,ITPR1,FURIN,NAV1,SERPINB8,LFNG,ATXN1,CDK6,SH3PXD2A,FASN","chea3","1582","0.814100000000000046",NA,NA,"","3","Enrichr--Queries(rank=1143); GTEx--Coexpression(rank=1505); ARCHS4--Coexpression(rank=1528)","1582","0.814100000000000046","Enrichr Queries,0.8141"
"DEG_LD_SW480","1583","ZNF852","0.819400000000000017","ARCHS4 Coexpression,0.8194","LASP1,SDHAF3,GNB2,DAB2IP,DLST,AP1S1","chea3","1583","0.819400000000000017",NA,NA,"","2","ARCHS4--Coexpression(rank=1334); GTEx--Coexpression(rank=1563)","1583","0.819400000000000017","ARCHS4 Coexpression,0.8194"
"DEG_LD_SW480","1584","TFDP1","0.821500000000000008","ReMap ChIP-seq,0.8215","ZNF512B,ACHE,POP7,MCM7,MEPCE,UFSP1,NAT16,LYL1,ZCWPW1,LASP1,DBP,AP1S1,PRAME,FBXO6,LY6G6D,DRD4,HES7,NAPSA,TLE2,CCDC116,PCOLCE,NR1D1,MBLAC1,VGF,FES,GNB2,TRIP6,YPEL1,RSPH14,TCAP,NOTUM,PLCB2","chea3","1584","0.821500000000000008",NA,NA,"","4","ReMap--ChIP-seq(rank=244); Enrichr--Queries(rank=1384); ARCHS4--Coexpression(rank=1606); GTEx--Coexpression(rank=1607)","1584","0.821500000000000008","ReMap ChIP-seq,0.8215"
"DEG_LD_SW480","1585","ZNF398","0.821899999999999964","Enrichr Queries,0.8219","CADPS2,RABGAP1L,BCL11A,NAV1,SERPINB8,LFNG,SLC6A6,ATXN1,CDK6,NFKBIZ,FGF13,ATF3","chea3","1585","0.821899999999999964",NA,NA,"","3","Enrichr--Queries(rank=1154); GTEx--Coexpression(rank=1325); ARCHS4--Coexpression(rank=1390)","1585","0.821899999999999964","Enrichr Queries,0.8219"
"DEG_LD_SW480","1586","ZNF317","0.822699999999999987","GTEx Coexpression,0.8227","FAM133A,IFT22,ZNF107,CCDC174,PTGDS,SERPINB8","chea3","1586","0.822699999999999987",NA,NA,"","3","Enrichr--Queries(rank=1212); GTEx--Coexpression(rank=1322); ARCHS4--Coexpression(rank=1376)","1586","0.822699999999999987","GTEx Coexpression,0.8227"
"DEG_LD_SW480","1587","ZNF695","0.823699999999999988","ARCHS4 Coexpression,0.8237","SGO1,LASP1,ZNF93,GNB2,FURIN,FGF13","chea3","1587","0.823699999999999988",NA,NA,"","3","Enrichr--Queries(rank=1320); ARCHS4--Coexpression(rank=1341); GTEx--Coexpression(rank=1522)","1587","0.823699999999999988","ARCHS4 Coexpression,0.8237"
"DEG_LD_SW480","1588","CENPS","0.823899999999999966","GTEx Coexpression,0.8239","SAMD15,PPP1R2B,CCDC116,SMKR1,DUSP15,ZC3H14","chea3","1588","0.823899999999999966",NA,NA,"","2","GTEx--Coexpression(rank=1324); ARCHS4--Coexpression(rank=1517)","1588","0.823899999999999966","GTEx Coexpression,0.8239"
"DEG_LD_SW480","1589","PLAGL2","0.824799999999999978","Enrichr Queries,0.8248","ABCA1,FURIN,SERPINB8,LFNG,SLC6A6,ATXN1,CDK6,FASN,NAMPT,NFKBIZ,ANKRD52,ATF3","chea3","1589","0.824799999999999978",NA,NA,"","3","Enrichr--Queries(rank=1158); GTEx--Coexpression(rank=1500); ARCHS4--Coexpression(rank=1579)","1589","0.824799999999999978","Enrichr Queries,0.8248"
"DEG_LD_SW480","1590","ZBED6","0.825600000000000001","ARCHS4 Coexpression,0.8256","MAML2,PDK4,NAV1,ATF3,SLC7A2,TANC2","chea3","1590","0.825600000000000001",NA,NA,"","1","ARCHS4--Coexpression(rank=1344)","1590","0.825600000000000001","ARCHS4 Coexpression,0.8256"
"DEG_LD_SW480","1591","ZNF81","0.826799999999999979","ARCHS4 Coexpression,0.8268","RASSF2,ANKRD44,CFAP69,CMPK2,FGF13,TLR4","chea3","1591","0.826799999999999979",NA,NA,"","3","Enrichr--Queries(rank=1216); ARCHS4--Coexpression(rank=1346); GTEx--Coexpression(rank=1606)","1591","0.826799999999999979","ARCHS4 Coexpression,0.8268"
"DEG_LD_SW480","1592","ZNF646","0.829500000000000015","GTEx Coexpression,0.8295","SAMD15,APH1B,CCDC116,SMKR1,TEX22,PRR22","chea3","1592","0.829500000000000015",NA,NA,"","3","GTEx--Coexpression(rank=1333); Enrichr--Queries(rank=1354); ARCHS4--Coexpression(rank=1381)","1592","0.829500000000000015","GTEx Coexpression,0.8295"
"DEG_LD_SW480","1593","FOXJ3","0.830699999999999994","GTEx Coexpression,0.8307","FAM133B,CACNG6,RYR1,RINT1,MITF,SPTB","chea3","1593","0.830699999999999994",NA,NA,"","3","Enrichr--Queries(rank=1307); GTEx--Coexpression(rank=1335); ARCHS4--Coexpression(rank=1619)","1593","0.830699999999999994","GTEx Coexpression,0.8307"
"DEG_LD_SW480","1594","ZSCAN29","0.834500000000000020","GTEx Coexpression,0.8345","PPP1R2B,CCDC116,DNHD1,PRR22,ZC3H14,LEMD1","chea3","1594","0.834500000000000020",NA,NA,"","3","GTEx--Coexpression(rank=1341); Enrichr--Queries(rank=1344); ARCHS4--Coexpression(rank=1433)","1594","0.834500000000000020","GTEx Coexpression,0.8345"
"DEG_LD_SW480","1595","KMT2B","0.834799999999999986","ARCHS4 Coexpression,0.8348","ZNF512B,RERE,GNB2,TMC6,ANKRD52,ARHGAP45","chea3","1595","0.834799999999999986",NA,NA,"","2","ReMap--ChIP-seq(rank=281); ARCHS4--Coexpression(rank=1359)","1595","0.834799999999999986","ARCHS4 Coexpression,0.8348"
"DEG_LD_SW480","1596","NR2C2","0.838999999999999968","ENCODE ChIP-seq,0.839","CHCHD4,CPSF4,LASP1,TMEM43,CD7,KRIT1,TBC1D10C,ATP12A,ZNF596,ARHGAP45","chea3","1596","0.838999999999999968",NA,NA,"","5","ENCODE--ChIP-seq(rank=99); ReMap--ChIP-seq(rank=287); Enrichr--Queries(rank=1361); GTEx--Coexpression(rank=1503); ARCHS4--Coexpression(rank=1622)","1596","0.838999999999999968","ENCODE ChIP-seq,0.839"
"DEG_LD_SW480","1597","TMF1","0.841300000000000048","GTEx Coexpression,0.8413","DNAJC2,SAMD15,DBF4,PPP1R2B,ZC3H14","chea3","1597","0.841300000000000048",NA,NA,"","2","GTEx--Coexpression(rank=1352); ARCHS4--Coexpression(rank=1391)","1597","0.841300000000000048","GTEx Coexpression,0.8413"
"DEG_LD_SW480","1598","ZNF207","0.841799999999999993","ReMap ChIP-seq,0.8418","ZNF512B,CD82,MCM7,ODC1,IFI6,FURIN,SPN,LYL1,CALHM1,LASP1,DBP,HYAL1,TBC1D10C,NLRP3,CKB,LY6G6D,HES7,CD74,NAPSA,EGR3,TMC8,ENTPD8,TMC6,NR1D1,ARHGAP45,MBLAC1,FES,ORAI2,FSCN2,ASB2,TRMT61A","chea3","1598","0.841799999999999993",NA,NA,"","4","ReMap--ChIP-seq(rank=250); Enrichr--Queries(rank=1343); GTEx--Coexpression(rank=1468); ARCHS4--Coexpression(rank=1627)","1598","0.841799999999999993","ReMap ChIP-seq,0.8418"
"DEG_LD_SW480","1599","KCMF1","0.841899999999999982","GTEx Coexpression,0.8419","CACNG6,RYR1,PRKCQ,ASB2,SPTB","chea3","1599","0.841899999999999982",NA,NA,"","3","Enrichr--Queries(rank=1249); GTEx--Coexpression(rank=1353); ARCHS4--Coexpression(rank=1469)","1599","0.841899999999999982","GTEx Coexpression,0.8419"
"DEG_LD_SW480","1600","ZNF705B","0.843400000000000039","ARCHS4 Coexpression,0.8434","GOLGA6A,CPNE8,GJC3,ZNF839,ZNF556,ATF3","chea3","1600","0.843400000000000039",NA,NA,"","2","ARCHS4--Coexpression(rank=1373); GTEx--Coexpression(rank=1580)","1600","0.843400000000000039","ARCHS4 Coexpression,0.8434"
"DEG_LD_SW480","1601","ZNF878","0.843999999999999972","ARCHS4 Coexpression,0.844","DBF4,ZNF92,ZNF93,SALL4,RBPMS2,CNMD","chea3","1601","0.843999999999999972",NA,NA,"","2","ARCHS4--Coexpression(rank=1374); GTEx--Coexpression(rank=1431)","1601","0.843999999999999972","ARCHS4 Coexpression,0.844"
"DEG_LD_SW480","1602","E4F1","0.844400000000000039","GTEx Coexpression,0.8444","ZNF512B,CARMIL3,PRKRIP1,XRCC3,BICRA","chea3","1602","0.844400000000000039",NA,NA,"","4","Literature--ChIP-seq(rank=163); Enrichr--Queries(rank=1316); GTEx--Coexpression(rank=1357); ARCHS4--Coexpression(rank=1487)","1602","0.844400000000000039","GTEx Coexpression,0.8444"
"DEG_LD_SW480","1603","ZNF880","0.845099999999999962","GTEx Coexpression,0.8451","PRRX1,ZNF501,HDX,ZNF442,VGLL3","chea3","1603","0.845099999999999962",NA,NA,"","2","GTEx--Coexpression(rank=1358); ARCHS4--Coexpression(rank=1435)","1603","0.845099999999999962","GTEx Coexpression,0.8451"
"DEG_LD_SW480","1604","AKAP8L","0.846899999999999986","GTEx Coexpression,0.8469","POMT2,CDRT4,TLE2,MC1R,PRKRIP1","chea3","1604","0.846899999999999986",NA,NA,"","3","Enrichr--Queries(rank=1313); GTEx--Coexpression(rank=1361); ARCHS4--Coexpression(rank=1602)","1604","0.846899999999999986","GTEx Coexpression,0.8469"
"DEG_LD_SW480","1605","DNMT1","0.848899999999999988","ARCHS4 Coexpression,0.8489","TIAM1,PCP4L1,PRR15,ZP1,PLEK2,ACTL8","chea3","1605","0.848899999999999988",NA,NA,"","2","ARCHS4--Coexpression(rank=1382); GTEx--Coexpression(rank=1569)","1605","0.848899999999999988","ARCHS4 Coexpression,0.8489"
"DEG_LD_SW480","1606","ZNF574","0.851400000000000046","ARCHS4 Coexpression,0.8514","ARC,POP7,PNMA1,SIVA1,ACTL8,TRMT61A","chea3","1606","0.851400000000000046",NA,NA,"","3","Enrichr--Queries(rank=1293); ARCHS4--Coexpression(rank=1386); GTEx--Coexpression(rank=1430)","1606","0.851400000000000046","ARCHS4 Coexpression,0.8514"
"DEG_LD_SW480","1607","SRCAP","0.853800000000000003","GTEx Coexpression,0.8538","ZNF512B,MC1R,UBE2E2,ZNF655,RAB5A","chea3","1607","0.853800000000000003",NA,NA,"","3","Enrichr--Queries(rank=1349); GTEx--Coexpression(rank=1372); ARCHS4--Coexpression(rank=1519)","1607","0.853800000000000003","GTEx Coexpression,0.8538"
"DEG_LD_SW480","1608","ZNF12","0.856099999999999972","Enrichr Queries,0.8561","GNA13,CADPS2,ALCAM,CDK6,NAMPT,ASNS,RORA,ZNF655,INSL3,SERPINB8","chea3","1608","0.856099999999999972",NA,NA,"","3","Enrichr--Queries(rank=1202); GTEx--Coexpression(rank=1582); ARCHS4--Coexpression(rank=1615)","1608","0.856099999999999972","Enrichr Queries,0.8561"
"DEG_LD_SW480","1609","CCDC169SOHLH2","0.862400000000000055","ARCHS4 Coexpression,0.8624","GOLGA6A,MYH7B,CCDC187,SMKR1,DUSP15,RGPD3","chea3","1609","0.862400000000000055",NA,NA,"","1","ARCHS4--Coexpression(rank=1404)","1609","0.862400000000000055","ARCHS4 Coexpression,0.8624"
"DEG_LD_SW480","1610","DR1","0.866099999999999981","ARCHS4 Coexpression,0.8661","GNB2,GRAP2,DAB2IP,TTC7B,BTN3A2","chea3","1610","0.866099999999999981",NA,NA,"","3","Enrichr--Queries(rank=1340); ARCHS4--Coexpression(rank=1410); GTEx--Coexpression(rank=1504)","1610","0.866099999999999981","ARCHS4 Coexpression,0.8661"
"DEG_LD_SW480","1611","CHAMP1","0.866800000000000015","GTEx Coexpression,0.8668","ANKRD33B,GTPBP10,MTERF1,ZNF501,UFSP1","chea3","1611","0.866800000000000015",NA,NA,"","2","GTEx--Coexpression(rank=1393); ARCHS4--Coexpression(rank=1589)","1611","0.866800000000000015","GTEx Coexpression,0.8668"
"DEG_LD_SW480","1612","ZBTB44","0.869900000000000007","GTEx Coexpression,0.8699","CACNG6,RYR1,PRKCQ,ASB2,PRSS56","chea3","1612","0.869900000000000007",NA,NA,"","3","Enrichr--Queries(rank=1286); GTEx--Coexpression(rank=1398); ARCHS4--Coexpression(rank=1450)","1612","0.869900000000000007","GTEx Coexpression,0.8699"
"DEG_LD_SW480","1613","ZBTB26","0.871800000000000019","Enrichr Queries,0.8718","ABCA1,ARRDC4,CADPS2,ALCAM,KRIT1,TET1,RORA,SLC5A3,SERPINB8,DZIP3","chea3","1613","0.871800000000000019",NA,NA,"","3","Enrichr--Queries(rank=1224); GTEx--Coexpression(rank=1576); ARCHS4--Coexpression(rank=1624)","1613","0.871800000000000019","Enrichr Queries,0.8718"
"DEG_LD_SW480","1614","E2F8","0.878700000000000037","GTEx Coexpression,0.8787","CACNG6,PTGES3L,PRKCQ,RBM24,PRSS56","chea3","1614","0.878700000000000037",NA,NA,"","3","Enrichr--Queries(rank=1357); GTEx--Coexpression(rank=1412); ARCHS4--Coexpression(rank=1532)","1614","0.878700000000000037","GTEx Coexpression,0.8787"
"DEG_LD_SW480","1615","ZNF888","0.880499999999999949","GTEx Coexpression,0.8805","SGO1,LASP1,CDK6,RASSF6,MTERF1","chea3","1615","0.880499999999999949",NA,NA,"","1","GTEx--Coexpression(rank=1415)","1615","0.880499999999999949","GTEx Coexpression,0.8805"
"DEG_LD_SW480","1616","ZNF735","0.884299999999999975","GTEx Coexpression,0.8843","FAM133A,ALAS2,PNMA1,RSPH14,METTL6","chea3","1616","0.884299999999999975",NA,NA,"","2","GTEx--Coexpression(rank=1421); ARCHS4--Coexpression(rank=1499)","1616","0.884299999999999975","GTEx Coexpression,0.8843"
"DEG_LD_SW480","1617","ZNF830","0.887000000000000011","ARCHS4 Coexpression,0.887","ZNF512B,SH3PXD2A,DAB2IP,DLST,ANKRD52","chea3","1617","0.887000000000000011",NA,NA,"","3","Enrichr--Queries(rank=1303); ARCHS4--Coexpression(rank=1444); GTEx--Coexpression(rank=1454)","1617","0.887000000000000011","ARCHS4 Coexpression,0.887"
"DEG_LD_SW480","1618","ZNF460","0.888900000000000023","Enrichr Queries,0.8889","ABCA1,ANXA1,CDK6,FASN,NAMPT,NEDD9,RORA,ATF3,QKI","chea3","1618","0.888900000000000023",NA,NA,"","3","Enrichr--Queries(rank=1248); GTEx--Coexpression(rank=1477); ARCHS4--Coexpression(rank=1557)","1618","0.888900000000000023","Enrichr Queries,0.8889"
"DEG_LD_SW480","1619","ZNF324B","0.897399999999999975","ARCHS4 Coexpression,0.8974","HES7,ZNF512B,MEPCE,UST,ANKRD52","chea3","1619","0.897399999999999975",NA,NA,"","2","ARCHS4--Coexpression(rank=1461); GTEx--Coexpression(rank=1495)","1619","0.897399999999999975","ARCHS4 Coexpression,0.8974"
"DEG_LD_SW480","1620","PREB","0.897399999999999975","Enrichr Queries,0.8974","NAPSA,SEC13,MCM7,HMGCS1,FASN,GNB2,ASNS,SERPINB8,CTSB","chea3","1620","0.897399999999999975",NA,NA,"","3","Enrichr--Queries(rank=1260); GTEx--Coexpression(rank=1517); ARCHS4--Coexpression(rank=1518)","1620","0.897399999999999975","Enrichr Queries,0.8974"
"DEG_LD_SW480","1621","YBX1","0.899800000000000044","GTEx Coexpression,0.8998","DBF4,PPP1R2B,CCDC116,ZC3H14","chea3","1621","0.899800000000000044",NA,NA,"","3","Enrichr--Queries(rank=1382); GTEx--Coexpression(rank=1446); ARCHS4--Coexpression(rank=1545)","1621","0.899800000000000044","GTEx Coexpression,0.8998"
"DEG_LD_SW480","1622","ZBTB11","0.905699999999999950","ReMap ChIP-seq,0.9057","ZNF512B,IFITM3,ECM1,NYAP1,MCM7,MEPCE,SPN,LYL1,ZCWPW1,ADAMTS14,HYAL1,ZC3H14,TSC22D4,CPSF4,NAPSA,SEC13,BUD31,MACC1,PDAP1,DNAJC2,MBLAC1,CLDN15,GNB2,ZSCAN21,MXRA8,TCAP,BCORL1,CCDC174","chea3","1622","0.905699999999999950",NA,NA,"","4","ReMap--ChIP-seq(rank=269); Enrichr--Queries(rank=1390); GTEx--Coexpression(rank=1502); ARCHS4--Coexpression(rank=1604)","1622","0.905699999999999950","ReMap ChIP-seq,0.9057"
"DEG_LD_SW480","1623","HSFX2","0.909699999999999953","ARCHS4 Coexpression,0.9097","GOLGA6A,MYH7B,SMKR1,MFAP3L,RGPD3","chea3","1623","0.909699999999999953",NA,NA,"","1","ARCHS4--Coexpression(rank=1481)","1623","0.909699999999999953","ARCHS4 Coexpression,0.9097"
"DEG_LD_SW480","1624","SAFB","0.923499999999999988","GTEx Coexpression,0.9235","MCM7,PRKRIP1,XRCC3,BICRA","chea3","1624","0.923499999999999988",NA,NA,"","2","GTEx--Coexpression(rank=1484); ARCHS4--Coexpression(rank=1568)","1624","0.923499999999999988","GTEx Coexpression,0.9235"
"DEG_LD_SW480","1625","RFX7","0.930200000000000027","Enrichr Queries,0.9302","ABCA1,RERE,CDK6,SH3PXD2A,BCL11A,STXBP1,TANC2","chea3","1625","0.930200000000000027",NA,NA,"","3","Enrichr--Queries(rank=1306); GTEx--Coexpression(rank=1523); ARCHS4--Coexpression(rank=1590)","1625","0.930200000000000027","Enrichr Queries,0.9302"
"DEG_LD_SW480","1626","ZFP91","0.937300000000000022","ARCHS4 Coexpression,0.9373","LASP1,UBE2E1,DLST,ANKRD52","chea3","1626","0.937300000000000022",NA,NA,"","3","Enrichr--Queries(rank=1399); ARCHS4--Coexpression(rank=1526); GTEx--Coexpression(rank=1536)","1626","0.937300000000000022","ARCHS4 Coexpression,0.9373"
"DEG_LD_SW480","1627","ZBED4","0.955099999999999949","Enrichr Queries,0.9551","ATXN1,CDK6,MCM7,SH3PXD2A,FASN,SERPINB8","chea3","1627","0.955099999999999949",NA,NA,"","3","Enrichr--Queries(rank=1341); GTEx--Coexpression(rank=1552); ARCHS4--Coexpression(rank=1621)","1627","0.955099999999999949","Enrichr Queries,0.9551"
"DEG_LD_SW480","1628","CREBZF","0.966999999999999971","GTEx Coexpression,0.967","GATAD1,ZNF655,POLR2J","chea3","1628","0.966999999999999971",NA,NA,"","3","Enrichr--Queries(rank=1398); GTEx--Coexpression(rank=1554); ARCHS4--Coexpression(rank=1575)","1628","0.966999999999999971","GTEx Coexpression,0.967"
"DEG_LD_SW480","1629","GTF2I","0.970500000000000029","ARCHS4 Coexpression,0.9705","ZNF512B,DAB2IP,ANKRD52","chea3","1629","0.970500000000000029",NA,NA,"","1","ARCHS4--Coexpression(rank=1580)","1629","0.970500000000000029","ARCHS4 Coexpression,0.9705"
"DEG_LD_SW480","1630","SON","0.971099999999999963","ARCHS4 Coexpression,0.9711","SOX2,AUTS2,SLC5A3","chea3","1630","0.971099999999999963",NA,NA,"","2","ARCHS4--Coexpression(rank=1581); GTEx--Coexpression(rank=1597)","1630","0.971099999999999963","ARCHS4 Coexpression,0.9711"
"DEG_LD_SW480","1631","PA2G4","0.977900000000000102","ARCHS4 Coexpression,0.9779","MCM7,PDAP1,ERH","chea3","1631","0.977900000000000102",NA,NA,"","2","ARCHS4--Coexpression(rank=1592); GTEx--Coexpression(rank=1602)","1631","0.977900000000000102","ARCHS4 Coexpression,0.9779"
"DEG_LD_SW480","1632","MYSM1","0.990000000000000102","GTEx Coexpression,0.99","GATAD1,ZNF655","chea3","1632","0.990000000000000102",NA,NA,"","3","Enrichr--Queries(rank=1393); GTEx--Coexpression(rank=1591); ARCHS4--Coexpression(rank=1625)","1632","0.990000000000000102","GTEx Coexpression,0.99"
