"Query Name","Rank","Scaled Rank","Set_name","TF","Intersect","Set length","FET p-value","FDR","Odds Ratio","Library","Overlapping_Genes"
"DEG_LD_SW480","1","0.000712300000000000","ZNF540","ZNF540","49","298","0.000000000000003834000","0.00000000000538000000000","4.3220000000000001","Enrichr--Queries","HPCAL4,ABCA1,KCNMA1,DMD,RORA,OLFM1,ZNF610,LDLRAD4,BSN,EPAS1,SCN3B,RAB27B,PCLO,ARHGEF3,KIF5C,RTN1,SYT1,CHGB,SYTL2,SLC16A14,SERPINB8,ZNF117,GPNMB,GPR155,ZNF331,ATP8A1,PGF,PARM1,ITPR1,AK5,NBEA,RCAN2,ZNF763,ZNF502,TSHZ2,BCL11B,BCL11A,TENM1,SLC22A17,IFI6,AKAP6,CADPS2,SELENOP,STEAP2,ZMAT1,NLRP1,NR4A3,MCF2L,TGFBR3"
"DEG_LD_SW480","2","0.001425000000000000","IRX6","IRX6","47","294","0.000000000000038890000","0.00000000002730000000000","4.1790000000000003","Enrichr--Queries","ATF3,SHOX2,NGFR,HEY1,KCNMA1,PPARG,FSTL4,RORA,SLC9A2,OLFM1,PRRX1,EPAS1,EGR3,GAL,KIF26B,LOXL2,RTN1,CACNA1E,TFAP2A,CRMP1,CNTFR,DAAM2,COL2A1,GPNMB,NMNAT2,DACH1,PARM1,LHX2,IRX3,SOX2,PDK4,EBF3,TSHZ3,TMTC1,BCL11B,RYR2,EGFLAM,CADPS2,NTM,EFNA5,CDH23,SIX2,KLF15,CDH11,CDH13,NCAM1,PDE10A"
"DEG_LD_SW480","3","0.002137000000000000","ZNF483","ZNF483","47","298","0.000000000000064770000","0.00000000003030000000000","4.1120000000000001","Enrichr--Queries","ATF3,ABCA1,KCNMA1,SLC7A2,RORA,FBXO32,ADGRV1,PTPRZ1,EPAS1,MED12L,SCN3B,EGR3,WNK2,PCLO,KIF5C,RTN1,AUTS2,SYT1,CNTN1,FGF13,VGF,CRMP1,GNG4,SYTL2,FMN1,TET1,SERPINB8,PRUNE2,CKB,NMNAT2,ATP8A1,ITPR1,NBEA,RCAN2,NLGN1,SOX2,PDK4,TMTC1,BCL11A,RYR2,TENM1,CAMKV,MATN2,CADPS2,TGFBR3,VAT1L,CADPS"
"DEG_LD_SW480","4","0.002849000000000000","ZNF536","ZNF536","46","297","0.000000000000227300000","0.00000000007980000000000","4.0250000000000004","Enrichr--Queries","KCNMA1,SLCO3A1,RORA,OLFM1,DYSF,ADGRV1,LRP2,PTPRZ1,EGR3,SORCS2,KIF26B,KIF5C,RTN1,AUTS2,SYT1,CNTN1,SPOCK1,ALCAM,DAAM2,SERPINB8,OCA2,PRUNE2,DACH1,LZTS1,NLGN1,PDK4,EBF3,TSHZ3,TSHZ2,BCL11B,BCL11A,RYR2,TENM1,MATN2,AKAP6,CADPS2,NTM,CDH23,ELAVL2,MCF2L,CDH11,CDH13,NCAM1,VAT1L,CADPS,PDE10A"
"DEG_LD_SW480","5","0.003561000000000000","ARNT2","ARNT2","45","296","0.000000000000784700000","0.00000000022000000000000","3.9369999999999998","Enrichr--Queries","ATF3,PDGFC,ABCA1,KCNMA1,RORA,OLFM1,PTPRZ1,KCTD12,EPAS1,EGR3,NEDD9,PLAT,KIF5C,EEF1A2,RTN1,AUTS2,SYT1,CNTN1,RND3,SPOCK1,ALCAM,DKK3,SYTL2,SERPINB8,GPNMB,CKB,NMNAT2,GRB10,CEMIP,CDK6,NBEA,RCAN2,CEBPD,STXBP1,TMTC1,BCL11A,EDN1,MATN2,CADPS2,SELENOP,NR4A3,TGFBI,ALDH1A3,CDH11,NCAM1"
"DEG_LD_SW480","6","0.004274000000000000","MYT1","MYT1","45","299","0.000000000001121000000","0.00000000026200000000000","3.8910000000000000","Enrichr--Queries","UNC5A,RHBDL3,JPH3,KCNMA1,RORA,OLFM1,ADGRV1,PTPRZ1,BSN,KCNQ2,SCN3B,GREB1,PCLO,SYP,KIF26B,KIF5C,EEF1A2,RTN1,CACNA1E,SYT1,CNTN1,NAV1,CRMP1,GNG4,SLIT3,CHGB,UNC13A,NMNAT2,ATP8A1,DACH1,LHX2,CACNG4,SOX2,EBF3,MAPK8IP2,BCL11B,BCL11A,PDE2A,AP3B2,APBA2,CADPS2,ELAVL2,MCF2L,NCAM1,CADPS"
"DEG_LD_SW480","7","0.004986000000000000","ZNF610","ZNF610","44","299","0.000000000004222000000","0.00000000084700000000000","3.7900000000000000","Enrichr--Queries","ATF3,ABCA1,ZNF486,YPEL1,RORA,SLC16A9,ZNF681,ZNF429,FBXO32,MDK,ZNF711,PAG1,NEDD9,CLGN,KIF5C,ZNF93,AUTS2,ALCAM,SYTL2,FLRT3,SLC16A14,SERPINB8,ZNF117,PRUNE2,GPNMB,ATP8A1,ASNS,NBEA,DUSP10,ZNF737,PDK4,ARRDC4,BEX4,TMTC1,BCL11A,SLC44A2,EDN1,MATN2,IFI6,CADPS2,SELENOP,ZMAT1,TGFBR3,OAS1"
"DEG_LD_SW480","8","0.005698000000000000","GLIS1","GLIS1","43","294","0.000000000008875000000","0.00000000125000000000000","3.7620000000000000","Enrichr--Queries","ATF3,HS3ST3A1,HEY1,KCNMA1,PPARG,EGLN3,RORA,DYSF,PRRX1,SPON1,EPAS1,EGR3,SORCS2,KIF26B,LOXL2,KIRREL3,AUTS2,COL5A3,COL5A2,CNTN1,SPOCK1,SERPINB8,GRB10,COL27A1,PGF,RCAN2,BNC2,EBF3,COL8A2,SH3PXD2A,EDN1,VGLL3,CADPS2,NTM,EFNA5,TGFBI,TGFBR3,ALDH1A3,CDH11,CDH13,COL6A3,NCAM1,PDE10A"
"DEG_LD_SW480","9","0.006410000000000000","NR2F1","NR2F1","43","296","0.000000000011120000000","0.00000000125000000000000","3.7330000000000001","Enrichr--Queries","ATF3,PDGFC,ABCA1,HEY1,PRRX1,EPAS1,NEDD9,PLAT,LOXL2,COL5A2,CNTN1,RND3,ACTA2,SPOCK1,ALCAM,DKK1,FLRT3,ANXA1,SERPINB8,OLFML3,CKB,DACH1,F2R,PGF,IGFBP7,DAB2,LHX2,CEBPD,IRX3,SOX2,TSHZ3,BCL11A,GNG11,EDN1,MATN2,CADPS2,SELENOP,EFNA5,TGFBI,TGFBR3,CDH11,COL6A3,NCAM1"
"DEG_LD_SW480","10","0.007123000000000000","DLX1","DLX1","43","296","0.000000000011120000000","0.00000000125000000000000","3.7330000000000001","Enrichr--Queries","ATF3,SHOX2,HEY1,KCNMA1,EGLN3,OLFM1,FBXO32,PRRX1,SYT17,EPAS1,EGR3,RAB27B,SERTAD4,KIF26B,LOXL2,NPNT,TFAP2A,SYT1,CNTN1,RND3,VGF,GNG4,SPOCK1,CRYM,ALCAM,DKK1,SYTL2,SERPINB8,COL2A1,GPNMB,PGF,LHX2,CEBPD,IRX3,SOX2,EBF3,TIAM1,BCL11B,BCL11A,CADPS2,TGFBI,ALDH1A3,CDH11"
"DEG_LD_SW480","11","0.007835000000000000","GLIS3","GLIS3","43","296","0.000000000011120000000","0.00000000125000000000000","3.7330000000000001","Enrichr--Queries","ATF3,PDGFC,ABCA1,KCNMA1,PPARG,SLCO3A1,RORA,ATXN1,FBXO32,PRRX1,BICC1,TM4SF1,EPAS1,SORCS2,NEDD9,KIF26B,PLAT,LOXL2,AUTS2,COL5A2,CNTN1,NAV1,SPOCK1,MAML2,ALCAM,ANXA1,SERPINB8,IGFBP7,DAB2,CDK6,BNC2,THSD4,EDN1,NT5E,CADPS2,EFNA5,TGFBI,DOCK4,TGFBR3,CDH11,CDH13,COL6A3,NCAM1"
"DEG_LD_SW480","12","0.008547000000000001","DMRTA1","DMRTA1","43","297","0.000000000012430000000","0.00000000125000000000000","3.7180000000000000","Enrichr--Queries","CLDN1,ATF3,ABCA1,HEY1,KCNMA1,CHST2,EGLN3,ADGRV1,EPAS1,GREB1,SERTAD4,LOXL2,KIF5C,NPNT,SYT1,COL5A2,RND3,SPOCK1,DKK1,SYTL2,FLRT3,ANXA1,SERPINB8,COL2A1,SALL4,TLE1,CPM,DUSP10,IRX3,SOX2,PDK4,TSHZ2,BCL11A,EDN1,NT5E,CADPS2,SELENOP,NTM,EFNA5,TGFBI,ELAVL2,ALDH1A3,CDH11"
"DEG_LD_SW480","13","0.009259000000000000","FOXN4","FOXN4","43","297","0.000000000012430000000","0.00000000125000000000000","3.7180000000000000","Enrichr--Queries","UNC5A,ATF3,RHBDL3,NGFR,PPARG,KCNG1,RORA,ADGRV1,LRP2,EPAS1,NKAIN1,EGR3,GREB1,KIF26A,KIF26B,LOXL2,EEF1A2,RTN1,NXPH4,GNG4,SLIT3,DKK1,LFNG,SERPINB8,COL2A1,ECEL1,MOCOS,LHX2,IRX3,SOX2,PDK4,EBF3,BCL11B,BCL11A,CADPS2,EFNA5,CDH23,ELAVL2,SIX2,KLF15,TGFBR3,ALDH1A3,FAM167A"
"DEG_LD_SW480","14","0.009972000000000000","ZNF334","ZNF334","43","297","0.000000000012430000000","0.00000000125000000000000","3.7180000000000000","Enrichr--Queries","CLDN1,ATF3,KCNMA1,PPARG,DMD,RORA,SLC16A9,MDK,PTPRZ1,ZNF711,EGR3,GNAI1,CD74,KIF26B,CLGN,KIF5C,AUTS2,SYT1,COL5A2,CNTN1,SYTL2,FLRT3,SERPINB8,PRUNE2,CKB,MOCOS,NMNAT2,PGF,AK5,NBEA,PDK4,MAOB,TSHZ2,TMTC1,BCL11A,MATN2,GABRE,CADPS2,SELENOP,NR4A3,TGFBR3,ALDH1A3,CADPS"
"DEG_LD_SW480","15","0.010680000000000000","ZNF208","ZNF208","43","298","0.000000000013890000000","0.00000000130000000000000","3.7029999999999998","Enrichr--Queries","ZNF273,ZNF486,DMD,RORA,ZNF681,ZNF429,ADGRV1,TRIM58,LRP2,PTPRZ1,SPON1,HERC5,EPAS1,MED12L,GREB1,PCLO,KIF5C,ZNF93,MUC16,COL5A2,CNTN1,FGF13,SYTL2,FMN1,TET1,SERPINB8,ZNF117,PRUNE2,ZNF107,NBEA,NLGN1,ZNF737,TSHZ2,RYR1,RYR2,TENM1,AKAP6,FCGBP,CADPS2,NR4A3,DOCK4,TGFBR3,CDH11"
"DEG_LD_SW480","16","0.011400000000000000","ZNF662","ZNF662","42","293","0.000000000029050000000","0.00000000255000000000000","3.6749999999999998","Enrichr--Queries","ABCA1,VANGL2,KCNMA1,PPARG,PELI2,SLC7A2,DMD,RORA,KCTD12,EPAS1,PAG1,EGR3,SPTLC3,NEDD9,LOXL2,CNN3,TFAP2A,AUTS2,CNTN1,FGF13,SPOCK1,SYTL2,ANXA1,SERPINB8,PRUNE2,NMNAT2,CSGALNACT1,RCAN2,VIPR1,TSHZ3,TMTC1,BCL11A,SH3PXD2A,EDN1,MATN2,CADPS2,ZMAT1,CDH23,TGFBI,NFKBIZ,TGFBR3,ALDH1A3"
"DEG_LD_SW480","17","0.012109999999999999","ZFPM2","ZFPM2","42","295","0.000000000036140000000","0.00000000262000000000000","3.6459999999999999","Enrichr--Queries","PDGFC,ABCA1,KCNMA1,DMD,RORA,PRRX1,BICC1,KCTD12,IGF1,SORCS2,KIF26B,LOXL2,AUTS2,SYT1,COL5A2,CNTN1,RND3,ACTA2,SPOCK1,SERPINB8,PRUNE2,OLFML3,GRB10,MITF,IGFBP7,NBEA,RCAN2,BNC2,TSHZ3,RYR2,MATN2,CADPS2,NTM,FBLN1,EFNA5,TGFBI,TGFBR3,CDH11,CDH13,COL6A3,NCAM1,PDE10A"
"DEG_LD_SW480","18","0.012820000000000000","PRDM6","PRDM6","42","295","0.000000000036140000000","0.00000000262000000000000","3.6459999999999999","Enrichr--Queries","ATF3,KCNMA1,RORA,PRRX1,SPON1,EPAS1,IGF1,SORCS2,KIF26B,LOXL2,NPNT,TFAP2A,COL5A2,ACTA2,SERPINB8,COL2A1,DACH1,PARM1,IGFBP7,DAB2,LHX2,BNC2,THSD4,IRX3,EBF3,COL8A2,TSHZ3,TSHZ2,TMTC1,BCL11B,BCL11A,RYR2,VGLL3,EGFLAM,CADPS2,NTM,EFNA5,NR4A3,SIX2,CDH11,COL6A3,PDE10A"
"DEG_LD_SW480","19","0.013530000000000000","EBF3","EBF3","42","296","0.000000000040280000000","0.00000000262000000000000","3.6320000000000001","Enrichr--Queries","SHOX2,HEY1,KCNMA1,PPARG,RORA,PRRX1,SPON1,KCTD12,EPAS1,IGF1,SORCS2,KIF26B,AUTS2,COL5A2,RND3,NAV1,ACTA2,SPOCK1,SERPINB8,OLFML3,DACH1,GRB10,BNC2,VWF,IRX3,TSHZ3,TSHZ2,BCL11B,BCL11A,PDE2A,GNG11,CADPS2,NTM,EFNA5,TGFBI,TGFBR3,ALDH1A3,CDH11,CDH13,COL6A3,NCAM1,PDE10A"
"DEG_LD_SW480","20","0.014250000000000001","FOXP2","FOXP2","42","296","0.000000000040280000000","0.00000000262000000000000","3.6320000000000001","Enrichr--Queries","ATF3,ABCA1,KCNMA1,DMD,RORA,FBXO32,PRRX1,SPON1,EPAS1,IGF1,PCLO,KIF26B,KIF5C,AUTS2,SYT1,CNTN1,ALCAM,SERPINB8,PRUNE2,DACH1,GRB10,MITF,CDK6,NBEA,RCAN2,BNC2,NLGN1,EBF3,TSHZ2,TMTC1,BCL11B,BCL11A,TENM1,CADPS2,EFNA5,DOCK4,ELAVL2,TGFBR3,CDH11,CDH13,NCAM1,PDE10A"
"DEG_LD_SW480","21","0.014959999999999999","TP63","TP63","42","296","0.000000000040280000000","0.00000000262000000000000","3.6320000000000001","Enrichr--Queries","CLDN1,ATF3,ABCA1,FAT2,KCNMA1,PPARG,DMD,RORA,FBXO32,PTPRZ1,SLPI,EPAS1,EGR3,IGF1,IL1A,IL1B,PERP,EEF1A2,TFAP2A,VDR,COL5A2,CNTN1,ACTA2,SPOCK1,DKK1,ANXA1,SERPINB8,SERPINB5,MITF,CDK6,DUSP10,CEBPD,SOX2,TNS4,TIAM1,BCL11A,EDN1,MATN2,KRT14,TGFBI,TGFBR3,ALDH1A3"
"DEG_LD_SW480","22","0.015670000000000000","CUX2","CUX2","42","297","0.000000000044870000000","0.00000000262000000000000","3.6170000000000000","Enrichr--Queries","UNC5A,JPH3,KCNMA1,RORA,OLFM1,EPAS1,EGR3,IGF1,WNK2,PCLO,SORCS2,KIF26B,KIF5C,RTN1,AUTS2,SYT1,NAV1,CRMP1,SPOCK1,SLIT3,SERPINB8,NMNAT2,DACH1,ITPR1,NBEA,LHX2,RCAN2,EBF3,TIAM1,TSHZ3,BCL11B,BCL11A,PDE2A,RYR2,CADPS2,NTM,CDH23,ELAVL2,MCF2L,CDH13,NCAM1,CADPS"
"DEG_LD_SW480","23","0.016379999999999999","TWIST1","TWIST1","42","297","0.000000000044870000000","0.00000000262000000000000","3.6170000000000000","Enrichr--Queries","ATF3,SHOX2,PDGFC,PPARG,PRRX1,KCTD12,EPAS1,EGR3,IGF1,CTSK,PLAT,LOXL2,PCOLCE,TFAP2A,COL5A2,CNTN1,RND3,ACTA2,SPOCK1,DKK1,DKK3,ANXA1,SERPINB8,GPNMB,OLFML3,IGFBP7,DAB2,BNC2,CEBPD,IRX3,IFITM3,IFITM1,EBF3,GNG11,EDN1,VGLL3,NT5E,FBLN1,TGFBI,ALDH1A3,CDH11,COL6A3"
"DEG_LD_SW480","24","0.017090000000000001","EMX2","EMX2","42","297","0.000000000044870000000","0.00000000262000000000000","3.6170000000000000","Enrichr--Queries","ATF3,SHOX2,PDGFC,ABCA1,HEY1,PPARG,EGLN3,RORA,PTPRZ1,PRRX1,SPON1,EGR3,IGF1,LOXL2,TFAP2A,CNTN1,SPOCK1,CRYM,DKK1,SERPINB8,COL2A1,GPNMB,DACH1,LHX2,CEBPD,IRX3,SOX2,PDK4,EBF3,MGST1,BCL11B,BCL11A,EDN1,MATN2,VGLL3,CADPS2,NR4A3,TGFBI,TGFBR3,ALDH1A3,CDH11,NCAM1"
"DEG_LD_SW480","25","0.017809999999999999","ZNF415","ZNF415","42","298","0.000000000049950000000","0.00000000281000000000000","3.6030000000000002","Enrichr--Queries","ATF3,ZNF273,DMD,RORA,ZNF681,ZNF680,ZNF610,IFI27,ZNF711,BST2,PLAT,CLGN,KIF5C,RTN1,COL5A2,CNTN1,SPOCK1,SYTL2,FLRT3,SSPN,ANXA1,SERPINB8,ZNF117,PRUNE2,GPNMB,OLFML3,DACH1,CSGALNACT1,PARM1,NBEA,RCAN2,PDK4,ARRDC4,BEX4,BCL11A,MATN2,IFI6,CADPS2,SELENOP,TGFBI,TGFBR3,OAS1"
"DEG_LD_SW480","26","0.018519999999999998","SNAI2","SNAI2","41","295","0.000000000128200000000","0.00000000666000000000000","3.5449999999999999","Enrichr--Queries","CLDN1,ATF3,PDGFC,SRPX,HEY1,PRRX1,TM4SF1,KCTD12,EPAS1,IGF1,CTSK,PLAT,LOXL2,PCOLCE,COL5A2,CNTN1,RND3,ACTA2,TMEM45A,ALCAM,DKK1,DKK3,FLRT3,ANXA1,SERPINB8,GPNMB,OLFML3,F2R,PGF,IGFBP7,DAB2,CEBPD,IFITM3,GNG11,EDN1,VGLL3,NT5E,TGFBI,TGFBR3,CDH11,COL6A3"
"DEG_LD_SW480","27","0.019230000000000001","ZNF177","ZNF177","41","295","0.000000000128200000000","0.00000000666000000000000","3.5449999999999999","Enrichr--Queries","ATF3,HEY1,KCNMA1,PELI2,RORA,DEPP1,ZNF610,IFI27,EPAS1,EGR3,CTSB,IL1B,NEDD9,LOXL2,COL5A2,CNTN1,ACTA2,SPOCK1,LFNG,SERPINB8,ZNF117,PRUNE2,GPNMB,ZNF331,TLE2,F2R,CDK6,NBEA,HMGCS1,PDK4,ARRDC4,BEX4,BCL11A,SLC44A2,ZDHHC11,MATN2,IFI6,CADPS2,NTM,NR4A3,TGFBR3"
"DEG_LD_SW480","28","0.019939999999999999","ISL1","ISL1","41","296","0.000000000142300000000","0.00000000689000000000000","3.5310000000000001","Enrichr--Queries","ATF3,SHOX2,HEY1,KCNMA1,EGLN3,OLFM1,PRRX1,KCTD12,KIF5C,NPNT,RTN1,TFAP2A,AUTS2,SYT1,CNTN1,RND3,ACTA2,CRMP1,GNG4,SPOCK1,ALCAM,CHGB,DKK1,FLRT3,SERPINB8,DACH1,PARM1,LHX2,IRX3,SOX2,EBF3,BCL11B,BCL11A,CADPS2,EFNA5,TGFBI,ELAVL2,SIX2,CDH11,NCAM1,CADPS"
"DEG_LD_SW480","29","0.020660000000000001","DRGX","DRGX","41","296","0.000000000142300000000","0.00000000689000000000000","3.5310000000000001","Enrichr--Queries","UNC5A,ATF3,SHOX2,NGFR,JPH3,KCNMA1,PPARG,FSTL4,RORA,OLFM1,DLX3,PRRX1,EPAS1,EGR3,MKX,CRTAC1,KIF26A,LOXL2,KIRREL3,CACNA1E,TFAP2A,VGF,CRMP1,SLIT3,SOX14,COL2A1,HOXD11,HOXD10,NMNAT2,GRB10,ESRRB,LHX2,EBF3,BCL11B,BCL11A,RYR2,BEGAIN,NTM,ELAVL2,SIX2,CDH13"
"DEG_LD_SW480","30","0.021370000000000000","TCF24","TCF24","41","297","0.000000000157900000000","0.00000000693000000000000","3.5169999999999999","Enrichr--Queries","CLDN1,ATF3,SHOX2,NGFR,SLC7A2,LEPR,SLC16A9,ADGRV1,LRP2,EGR3,WNK2,CD74,LOXL2,NPNT,TFAP2A,AUTS2,VDR,COL5A3,GNG4,SERPINB8,GPNMB,ECEL1,MOCOS,COL27A1,ILDR2,SLC15A3,LHX2,RCAN2,ANKRD33B,IRX3,PDK4,MAOB,NT5E,PCP4L1,CADPS2,CMPK2,STEAP2,TRPV4,ALDH1A3,NCAM1,PDE10A"
"DEG_LD_SW480","31","0.022079999999999999","ZNF676","ZNF676","41","297","0.000000000157900000000","0.00000000693000000000000","3.5169999999999999","Enrichr--Queries","ZNF486,EGLN3,F13A1,ZNF681,ZNF429,ADGRV1,PTPRZ1,CYP39A1,MED12L,RAB27B,IGF1,PCLO,SERTAD4,KIF5C,NPNT,ZNF93,SYT1,CNTN1,CA8,ALCAM,PRKCQ,FLRT3,FMN1,TET1,SERPINB8,ZNF117,PRUNE2,ZNF107,DACH1,NBEA,NLGN1,ZNF737,PDK4,ARRDC4,TSHZ2,RYR2,TENM1,FCGBP,CADPS2,TGFBR3,VAT1L"
"DEG_LD_SW480","32","0.022790000000000001","FOXO6","FOXO6","41","297","0.000000000157900000000","0.00000000693000000000000","3.5169999999999999","Enrichr--Queries","UNC5A,ATF3,RHBDL3,NGFR,HEY1,EGLN3,RORA,OLFM1,FBXO32,EPAS1,EGR3,WNK2,SORCS2,KIF26A,KIF26B,CD82,KIRREL3,AUTS2,VGF,CRMP1,SPOCK1,LFNG,SERPINB8,PGF,LHX2,ANKRD33B,IRX3,NECTIN1,TSHZ3,BCL11B,BCL11A,PDE2A,MATN2,CADPS2,SPNS2,EFNA5,NR4A3,MCF2L,TGFBR3,CDH13,NCAM1"
"DEG_LD_SW480","33","0.023500000000000000","ZFP92","ZFP92","41","298","0.000000000175100000000","0.00000000745000000000000","3.5040000000000000","Enrichr--Queries","ATF3,ABCA1,HEY1,KCND3,KCNMA1,PPARG,RORA,ITGB2,BAIAP3,EPAS1,MED12L,EGR3,GREB1,DOC2B,PCLO,IL1B,LOXL2,CACNA1E,VDR,AFF2,CRMP1,SDSL,SERPINB8,GABRA3,DACH1,GRB10,RCAN2,CPM,VIPR1,PDK4,TMTC1,BCL11B,TENM1,MPZL2,CADPS2,CMPK2,MCF2L,CDH11,NCAM1,SLC4A8,FAM167A"
"DEG_LD_SW480","34","0.024219999999999998","ZFY","ZFY","40","292","0.000000000326100000000","0.00000001350000000000000","3.4860000000000002","Enrichr--Queries","ATF3,SLC5A3,ABCA1,OLR1,KCNMA1,PPARG,RORA,EREG,IFI27,ZNF711,EGR3,BST2,IL1B,PLAT,CLGN,CNTN1,CHI3L1,NAMPT,DKK1,SYTL2,ANXA1,SERPINB8,PRUNE2,GPNMB,CDK6,HMGCS1,CEBPD,PDK4,ARRDC4,BCL11A,GNG11,TLR4,IFI6,NT5E,SELENOP,NR4A3,TGFBI,NFKBIZ,TGFBR3,ALDH1A3"
"DEG_LD_SW480","35","0.024930000000000001","NR3C2","NR3C2","40","295","0.000000000442600000000","0.00000001720000000000000","3.4449999999999998","Enrichr--Queries","ATF3,ABCA1,KCNMA1,PPARG,PELI2,DMD,EGLN3,RORA,ATXN1,FBXO32,KCTD12,EPAS1,IGF1,GNAI1,KIF26B,AUTS2,SYT1,CNTN1,ALCAM,SYTL2,ANXA1,SERPINB8,PRUNE2,ATP8A1,MITF,PARM1,ITPR1,NBEA,RCAN2,NLGN1,PDK4,MAOB,TMTC1,BCL11A,MATN2,CADPS2,SELENOP,NR4A3,DOCK4,TGFBR3"
"DEG_LD_SW480","36","0.025640000000000000","SALL3","SALL3","40","295","0.000000000442600000000","0.00000001720000000000000","3.4449999999999998","Enrichr--Queries","FZD10,ABCA1,JPH3,KCNMA1,EGLN3,RORA,OLFM1,ADGRV1,PTPRZ1,KCNQ2,SORCS2,KIF26A,KIF26B,KIF5C,TFAP2A,AUTS2,HS3ST3B1,CRMP1,SPOCK1,SERPINB8,COL2A1,NMNAT2,SALL4,CDK6,LHX2,NECTIN1,SOX2,EBF3,TSHZ3,BCL11B,BCL11A,CADPS2,NTM,EFNA5,ELAVL2,CDH11,CDH13,NCAM1,CADPS,PDE10A"
"DEG_LD_SW480","37","0.026349999999999998","ZNF433","ZNF433","40","296","0.000000000489500000000","0.00000001720000000000000","3.4319999999999999","Enrichr--Queries","ATF3,ABCA1,PPARG,RORA,ZNF442,ZNF681,ZNF429,DEPP1,ZNF610,HERC5,EPAS1,EGR3,BST2,LOXL2,ZNF93,ISG20,ASAP3,SYTL2,FLRT3,LFNG,SERPINB8,ZNF117,CKB,DHRS2,ZNF331,PGF,ASNS,CDK6,NBEA,ZNF763,ZNF502,ZNF737,IFITM1,VIPR1,ARRDC4,EDN1,IFI6,CADPS2,SELENOP,TGFBI"
"DEG_LD_SW480","38","0.027070000000000000","BNC1","BNC1","40","296","0.000000000489500000000","0.00000001720000000000000","3.4319999999999999","Enrichr--Queries","CLDN1,ATF3,HS3ST3A1,PDGFC,KCNMA1,PPARG,PTPRZ1,EREG,SLPI,EPAS1,EGR3,KIF26B,PLAT,LOXL2,NPNT,VDR,COL5A2,CNTN1,RND3,ACTA2,SPOCK1,DKK1,FLRT3,ANXA1,SERPINB8,GPNMB,PGF,CEMIP,PDK4,EDN1,MATN2,VGLL3,NT5E,KRT14,TGFBI,TGFBR3,ALDH1A3,CDH11,CDH13,COL6A3"
"DEG_LD_SW480","39","0.027779999999999999","ZNF391","ZNF391","40","296","0.000000000489500000000","0.00000001720000000000000","3.4319999999999999","Enrichr--Queries","ATF3,ABCA1,KCNMA1,RORA,ZNF681,FBXO32,ZNF711,EPAS1,RAB27B,PCLO,CLGN,KIF5C,AUTS2,MAML2,XYLT1,SYTL2,FLRT3,SSPN,FMN1,SERPINB8,PRUNE2,GPNMB,NMNAT2,ATP8A1,RAB30,PARM1,CDK6,NBEA,PTPN13,ZNF737,ARRDC4,TSHZ2,BCL11A,EDN1,AKAP6,NT5E,CADPS2,SELENOP,STEAP2,TGFBR3"
"DEG_LD_SW480","40","0.028490000000000001","KLF8","KLF8","40","296","0.000000000489500000000","0.00000001720000000000000","3.4319999999999999","Enrichr--Queries","CLDN1,ATF3,ABCA1,KCNMA1,PPARG,DMD,EGLN3,RORA,SLC16A2,FBXO32,UST,UPP1,EPAS1,NEDD9,PERP,LOXL2,KIF5C,CNTN1,FGF13,ALCAM,SYTL2,FLRT3,ANXA1,SERPINB8,PRUNE2,GPNMB,MITF,IFITM1,PDK4,ARRDC4,TIAM1,TMTC1,BCL11A,EDN1,NT5E,MPZL2,NR4A3,TGFBI,TGFBR3,NCAM1"
"DEG_LD_SW480","41","0.029200000000000000","ZNF396","ZNF396","40","297","0.000000000541100000000","0.00000001730000000000000","3.4180000000000001","Enrichr--Queries","SAMD15,ATF3,PDGFC,ABCA1,KCNMA1,PELI2,DMD,RORA,FBXO32,DEPP1,ZNF610,LDLRAD4,RASSF2,IFI27,EPAS1,EGR3,CTSK,NEDD9,CLGN,KIF5C,SYTL2,SERPINB8,ZNF117,ZNF596,PRUNE2,GPNMB,TMEM229B,ATP8A1,MITF,PGF,NBEA,CEBPD,SOX2,IFI6,CADPS2,SELENOP,CMPK2,ZMAT1,NR4A3,KLF15"
"DEG_LD_SW480","42","0.029909999999999999","SCRT2","SCRT2","40","297","0.000000000541100000000","0.00000001730000000000000","3.4180000000000001","Enrichr--Queries","UNC5A,ATF3,ADAMTS17,RHBDL3,NGFR,JPH3,MMP24,OLFM1,BSN,KCNQ2,SCN3B,EGR3,CRTAC1,KIF26B,KIF5C,KIRREL3,RTN1,CACNA1E,AUTS2,NAV1,VGF,CRMP1,SLIT3,CHGB,UNC13A,XKR7,SERPINB8,ECEL1,NMNAT2,LHX2,PHACTR3,CACNG4,NECTIN1,EBF3,MAPK8IP2,BCL11B,BCL11A,NR4A3,ELAVL2,CADPS"
"DEG_LD_SW480","43","0.030630000000000001","ZNF233","ZNF233","40","297","0.000000000541100000000","0.00000001730000000000000","3.4180000000000001","Enrichr--Queries","ABCA1,HEY1,KCNMA1,DMD,RORA,ZNF681,ZNF429,FBXO32,ADGRV1,LRP2,ZNF610,MED12L,EGR3,RAB27B,PCLO,HYAL1,CLGN,LOXL2,KIF5C,CNTN1,RBM24,SLC16A14,FMN1,SERPINB8,ZNF117,PRUNE2,ZNF107,ATP8A1,DACH1,CSGALNACT1,NBEA,ZNF502,PTPN13,VIPR1,PDK4,ARRDC4,TSHZ2,CADPS2,SELENOP,SLC4A8"
"DEG_LD_SW480","44","0.031340000000000000","SOX8","SOX8","40","297","0.000000000541100000000","0.00000001730000000000000","3.4180000000000001","Enrichr--Queries","ATF3,RHBDL3,ABCA1,NGFR,HEY1,OLFM1,FBXO32,PTPRZ1,SPON1,EPAS1,EGR3,SORCS2,LOXL2,KIF5C,EEF1A2,CNTN1,ACTA2,VGF,SPOCK1,CRYM,SYTL2,DAAM2,LFNG,SERPINB8,CKB,PGF,LHX2,KCNJ10,IRX3,SOX2,PDK4,PTGDS,BCL11B,BCL11A,CX3CL1,ALDOC,MATN2,CADPS2,ALDH1A3,NCAM1"
"DEG_LD_SW480","45","0.032050000000000002","ZNF98","ZNF98","40","298","0.000000000597800000000","0.00000001790000000000000","3.4049999999999998","Enrichr--Queries","ZNF273,ZNF486,DMD,EGLN3,MSI1,RORA,SLC16A9,ZNF681,ZNF680,ZNF429,ADGRV1,TRIM58,PTPRZ1,RAB27B,PCLO,NPNT,ZNF93,AUTS2,CNTN1,FGF13,CA8,CAT,MAML2,UNC13A,WDR72,PRKCQ,SERPINB8,LZTS1,NBEA,NLGN1,ZNF737,TMTC1,RYR1,RYR2,EGFLAM,CADPS2,ELAVL2,TGFBR3,CDH13,PDE10A"
"DEG_LD_SW480","46","0.032759999999999997","ZNF257","ZNF257","40","298","0.000000000597800000000","0.00000001790000000000000","3.4049999999999998","Enrichr--Queries","ZNF273,ZNF486,PPARG,ZNF681,ZNF680,ZNF429,ADGRV1,TRIM58,PTPRZ1,ZNF610,HERC5,BST2,PLAT,CLGN,KIF5C,ZNF92,ZNF93,SYT1,FGF13,RBM24,DKK1,ANXA1,TET1,SERPINB8,ZNF117,ZNF114,GPNMB,ZNF107,ZNF331,DACH1,CSGALNACT1,NLGN1,ZNF737,IFITM1,TIAM1,RYR2,CADPS2,NR4A3,ELAVL2,OAS1"
"DEG_LD_SW480","47","0.033480000000000003","ZNF572","ZNF572","40","298","0.000000000597800000000","0.00000001790000000000000","3.4049999999999998","Enrichr--Queries","CLDN1,ATF3,ABCA1,B3GALNT1,ZNF486,KCNMA1,ZNF239,ZNF680,FBXO32,MDK,ZNF610,HERC5,PCLO,LOXL2,TFAP2A,GNG4,XYLT1,ALCAM,ANXA1,TET1,ZNF107,MOCOS,AK5,NBEA,CEBPD,ZNF502,ZNF501,ZNF737,PDK4,ARRDC4,BCL11A,RYR1,EDN1,TLR3,MATN2,NT5E,CADPS2,STEAP1,ALDH1A3,VAT1L"
"DEG_LD_SW480","48","0.034189999999999998","ZNF311","ZNF311","39","287","0.000000000672300000000","0.00000001970000000000000","3.4540000000000002","Enrichr--Queries","ATF3,KCNMA1,RORA,ZNF610,HERC5,BST2,HYAL1,CD74,KIF26B,LOXL2,TFAP2A,ISG20,SPOCK1,DKK1,SYTL2,SLC16A14,SERPINB8,MOCOS,GRB10,CSGALNACT1,PGF,CDK6,SOX2,ARRDC4,BCL11B,BCL11A,TLR3,MATN2,IFI6,EGFLAM,CADPS2,CMPK2,NTM,EFNA5,NR4A3,ALDH1A3,OAS1,CDH13,COL6A3"
"DEG_LD_SW480","49","0.034900000000000000","VAX2","VAX2","39","293","0.000000001224000000000","0.00000003510000000000000","3.3719999999999999","Enrichr--Queries","ATF3,SHOX2,NGFR,PPARG,EGLN3,KCNG1,RORA,OLFM1,DLX3,DLX4,PRRX1,PRRX2,EPAS1,EGR3,CRTAC1,SORCS2,KIF26B,LOXL2,TFAP2A,VGF,CRMP1,DKK1,LFNG,SERPINB8,COL2A1,HOXD13,HOXD10,MOCOS,PGF,LHX2,IRX3,SOX2,EBF3,BCL11B,CADPS2,NR4A3,TGFBI,SIX2,ALDH1A3"
"DEG_LD_SW480","50","0.035610000000000003","OSR2","OSR2","39","294","0.000000001350000000000","0.00000003720000000000000","3.3590000000000000","Enrichr--Queries","ATF3,SHOX2,PPARG,PRRX1,KCTD12,EPAS1,EGR3,IGF1,CTSK,PLAT,LOXL2,PCOLCE,TFAP2A,CNTN1,RND3,ACTA2,DKK1,ANXA1,SERPINB8,GPNMB,OLFML3,MITF,CEBPD,IRX3,IFITM1,PDK4,EBF3,EDN1,MATN2,VGLL3,NT5E,SELENOP,FBLN1,NR4A3,TGFBI,TGFBR3,ALDH1A3,CDH11,COL6A3"
"DEG_LD_SW480","51","0.036319999999999998","TSHZ3","TSHZ3","39","294","0.000000001350000000000","0.00000003720000000000000","3.3590000000000000","Enrichr--Queries","PDGFC,ABCA1,KCNMA1,RORA,OLFM1,ATXN1,DYSF,PRRX1,KCTD12,EPAS1,KIF26B,LOXL2,AUTS2,COL5A2,RND3,NAV1,ACTA2,SPOCK1,DKK3,SERPINB8,GRB10,F2R,ITPR1,IGFBP7,DAB2,BNC2,EBF3,TSHZ2,BCL11B,BCL11A,NTM,EFNA5,TGFBI,DOCK4,TGFBR3,CDH11,CDH13,COL6A3,NCAM1"
"DEG_LD_SW480","52","0.037039999999999997","ZNF439","ZNF439","39","295","0.000000001488000000000","0.00000003840000000000000","3.3460000000000001","Enrichr--Queries","ATF3,ABCA1,ZNF486,RORA,ZNF681,ZNF680,ZNF429,ZNF610,RASSF2,ZNF711,KCTD12,PAG1,BST2,ARHGEF3,NEDD9,ZNF93,AUTS2,ACTA2,MAML2,ALCAM,SYTL2,ANXA1,SERPINB8,ZNF117,ZNF107,DAB2,DUSP10,ZNF763,CEBPD,ZNF737,IFITM1,ARRDC4,BCL11A,IFI6,CADPS2,SELENOP,ZMAT1,NFKBIZ,OAS1"
"DEG_LD_SW480","53","0.037749999999999999","PKNOX2","PKNOX2","39","295","0.000000001488000000000","0.00000003840000000000000","3.3460000000000001","Enrichr--Queries","NGFR,KCNMA1,RORA,OLFM1,PRRX1,SPON1,EPAS1,EGR3,IGF1,SORCS2,KIF26B,LOXL2,KIRREL3,AUTS2,SOBP,ACTA2,SPOCK1,DKK3,SERPINB8,PRUNE2,GRB10,PARM1,BNC2,EBF3,TSHZ3,TMTC1,PDE2A,SH3PXD2A,MATN2,CADPS2,NTM,FBLN1,EFNA5,TGFBI,TGFBR3,CDH11,CDH13,NCAM1,PDE10A"
"DEG_LD_SW480","54","0.038460000000000001","TBX1","TBX1","39","295","0.000000001488000000000","0.00000003840000000000000","3.3460000000000001","Enrichr--Queries","HSPG2,ATF3,HEY1,KCNMA1,PPARG,SLC7A2,RORA,FBXO32,MDK,PRRX1,EPAS1,EGR3,KIF26A,KIF26B,LOXL2,EEF1A2,TFAP2A,VDR,LFNG,SERPINB8,COL2A1,GRB10,PGF,LHX2,VWF,CEBPD,IRX3,SOX2,EBF3,BCL11B,BCL11A,EDN1,CADPS2,FBLN1,NR4A3,TGFBI,SIX2,ALDH1A3,CDH11"
"DEG_LD_SW480","55","0.039170000000000003","ZNF280A","ZNF280A","39","296","0.000000001639000000000","0.00000003840000000000000","3.3330000000000002","Enrichr--Queries","ATF3,NGFR,HEY1,PPARG,PRAME,YPEL1,DYSF,UPP1,IFI27,GREB1,BST2,PCLO,HYAL1,GAL,PLAT,CLGN,LOXL2,KIF5C,COL5A2,VGF,DKK1,SYTL2,SERPINB8,GPNMB,MOCOS,DHRS2,GYG2,F2R,PGF,ASNS,RNF182,NLGN1,IFITM1,ARRDC4,RYR1,IFI6,CADPS2,NR4A3,FES"
"DEG_LD_SW480","56","0.039890000000000002","MKX","MKX","39","296","0.000000001639000000000","0.00000003840000000000000","3.3330000000000002","Enrichr--Queries","ATF3,PDGFC,ABCA1,KCNMA1,SLC7A2,EGLN3,FBXO32,PRRX1,BICC1,EPAS1,IGF1,SERTAD4,LOXL2,NPNT,TFAP2A,COL5A2,CNTN1,RND3,ACTA2,ALCAM,DKK1,SYTL2,SERPINB8,GPNMB,F2R,CEMIP,CPM,TMTC1,EDN1,MATN2,VGLL3,NT5E,CADPS2,SELENOP,EFNA5,TGFBI,ALDH1A3,CDH11,CDH13"
"DEG_LD_SW480","57","0.040599999999999997","ONECUT2","ONECUT2","39","296","0.000000001639000000000","0.00000003840000000000000","3.3330000000000002","Enrichr--Queries","ATF3,SHOX2,ABCA1,KCNMA1,EGLN3,RORA,OLFM1,ATXN1,EPAS1,EGR3,IGF1,KIF26B,KIF5C,CACNA1E,TFAP2A,SYT1,NAV1,VGF,GNG4,SLIT3,ALCAM,UNC13A,SERPINB8,COL2A1,NMNAT2,DACH1,CDK6,NBEA,LHX2,THSD4,EBF3,BCL11B,BCL11A,CADPS2,EFNA5,NR4A3,ELAVL2,NCAM1,PDE10A"
"DEG_LD_SW480","58","0.041309999999999999","SIX2","SIX2","39","296","0.000000001639000000000","0.00000003840000000000000","3.3330000000000002","Enrichr--Queries","ATF3,SHOX2,NGFR,HEY1,KCNMA1,CHST2,EGLN3,RORA,FBXO32,PRRX1,EPAS1,KIF26B,LOXL2,PCOLCE,NPNT,TFAP2A,AUTS2,SYT1,HS3ST3B1,SPOCK1,ALCAM,DKK1,SERPINB8,COL2A1,GRB10,PGF,LHX2,IRX3,SOX2,PDK4,EBF3,BCL11B,BCL11A,CADPS2,EFNA5,TGFBI,TGFBR3,ALDH1A3,CDH11"
"DEG_LD_SW480","59","0.042020000000000002","LHX4","LHX4","39","296","0.000000001639000000000","0.00000003840000000000000","3.3330000000000002","Enrichr--Queries","UNC5A,ATF3,SHOX2,RHBDL3,JPH3,KCNMA1,EGLN3,RORA,OLFM1,EPAS1,MED12L,EGR3,GREB1,SERTAD4,KIF26B,KIF5C,CACNA1E,TFAP2A,NAV1,VGF,CRMP1,SERPINB8,ECEL1,MOCOS,NMNAT2,LHX2,IRX3,NECTIN1,SOX2,EBF3,BCL11B,BCL11A,CADPS2,NTM,EFNA5,CDH23,MCF2L,SIX2,TGFBR3"
"DEG_LD_SW480","60","0.042740000000000000","TSHZ2","TSHZ2","39","296","0.000000001639000000000","0.00000003840000000000000","3.3330000000000002","Enrichr--Queries","ABCA1,HEY1,KCNMA1,DMD,SLCO3A1,RORA,ATXN1,FBXO32,PRRX1,BICC1,SPON1,KCTD12,EPAS1,IGF1,KIF26B,LOXL2,AUTS2,COL5A2,ACTA2,ALCAM,ANXA1,SERPINB8,PARM1,IGFBP7,NBEA,PDK4,EBF3,TSHZ3,MATN2,CADPS2,SELENOP,NTM,EFNA5,TGFBI,TGFBR3,CDH11,CDH13,COL6A3,NCAM1"
"DEG_LD_SW480","61","0.043450000000000003","ZNF577","ZNF577","39","297","0.000000001805000000000","0.00000004020000000000000","3.3199999999999998","Enrichr--Queries","ATF3,ABCA1,ZNF486,DMD,RORA,ZNF681,ZNF680,ZNF429,FBXO32,ADGRV1,ZNF610,CD74,LOXL2,AUTS2,SHROOM4,SYTL2,SLAIN1,SERPINB8,ZNF117,GPNMB,ZNF107,ZNF331,ATP8A1,ANKRD44,CDK6,NBEA,ZNF502,ZNF737,PDK4,ARRDC4,BCL11A,RYR1,TENM1,IFI6,CADPS2,STEAP2,ZMAT1,NFKBIZ,TGFBR3"
"DEG_LD_SW480","62","0.044159999999999998","SOHLH2","SOHLH2","39","297","0.000000001805000000000","0.00000004020000000000000","3.3199999999999998","Enrichr--Queries","ATF3,PDGFC,ABCA1,KCNMA1,PPARG,EGLN3,RORA,SLC16A9,STK31,UPP1,ADGRV1,LRP2,KCTD12,BST2,GAL,KIF26B,LOXL2,FGF13,CRMP1,SPOCK1,SERPINB8,COL2A1,MOCOS,NMNAT2,SALL4,MITF,CEMIP,PARM1,ESRRB,ASNS,BNC2,IFITM1,SOX2,BCL11A,RYR2,CADPS2,ELAVL2,CDH13,NCAM1"
"DEG_LD_SW480","63","0.044870000000000000","ZSCAN23","ZSCAN23","39","297","0.000000001805000000000","0.00000004020000000000000","3.3199999999999998","Enrichr--Queries","ABCA1,KCNMA1,RORA,ADGRV1,ZNF610,LDLRAD4,GREB1,DCLK2,IGSF9B,PCLO,SORCS2,KIF26B,CLGN,KIF5C,TFAP2A,AUTS2,CNTN1,XYLT1,TET1,SERPINB8,PRUNE2,WDR17,DACH1,ZNF311,ITPR1,ILDR2,NBEA,BNC2,NLGN1,PTPN13,TSHZ2,TMTC1,RYR2,AKAP6,CADPS2,EFNA5,NR4A3,NCAM1,PDE10A"
"DEG_LD_SW480","64","0.045580000000000002","ZNF385B","ZNF385B","39","298","0.000000001987000000000","0.00000004230000000000000","3.3069999999999999","Enrichr--Queries","ATF3,ABCA1,KCNMA1,DMD,RORA,ADGRV1,EPAS1,PCLO,NPNT,EEF1A2,RTN1,AUTS2,SYT1,CNTN1,FGF13,RBM24,SPOCK1,SERPINB8,PRUNE2,NMNAT2,DACH1,PARM1,ITPR1,NBEA,RCAN2,NLGN1,IRX3,TMTC1,RYR2,TENM1,AKAP6,CADPS2,STEAP2,NTM,EFNA5,ALDH1A3,CDH13,CADPS,PDE10A"
"DEG_LD_SW480","65","0.046300000000000001","INSM2","INSM2","39","298","0.000000001987000000000","0.00000004230000000000000","3.3069999999999999","Enrichr--Queries","UNC5A,ATF3,SHOX2,KCNMA1,FSTL4,RORA,ADGRV1,LRP2,BSN,SCN3B,EGR3,KIF26B,LOXL2,KIRREL3,RTN1,SYT1,VGF,CRMP1,SPOCK1,SLIT3,CHGB,ECEL1,MOCOS,NMNAT2,DACH1,LHX2,IRX3,EBF3,BCL11B,BCL11A,RYR2,AP3B2,CADPS2,EFNA5,CPLX1,ELAVL2,ALDH1A3,NCAM1,CADPS"
"DEG_LD_SW480","66","0.047010000000000003","MYT1L","MYT1L","39","298","0.000000001987000000000","0.00000004230000000000000","3.3069999999999999","Enrichr--Queries","JPH3,KCNMA1,RORA,OLFM1,ATXN1,BSN,KCNQ2,SCN3B,PCLO,KIF26B,KIF5C,KIRREL3,RTN1,CACNA1E,AUTS2,SYT1,CNTN1,CRMP1,SPOCK1,CHGB,UNC13A,SERPINB8,NMNAT2,ITPR1,NBEA,NLGN1,STXBP1,BCL11B,BCL11A,RYR2,TENM1,AKAP6,CADPS2,NTM,ELAVL2,CDH13,NCAM1,CADPS,PDE10A"
"DEG_LD_SW480","67","0.047719999999999999","BNC2","BNC2","38","292","0.000000003669000000000","0.00000007689999999999999","3.2860000000000000","Enrichr--Queries","PDGFC,ABCA1,KCNMA1,RORA,PRRX1,BICC1,SPON1,EPAS1,IGF1,SORCS2,KIF26B,LOXL2,PCOLCE,AUTS2,COL5A2,ACTA2,SPOCK1,DKK3,ANXA1,SERPINB8,PRUNE2,OLFML3,MITF,IGFBP7,DAB2,CDK6,TSHZ3,SH3PXD2A,VGLL3,NTM,FBLN1,EFNA5,TGFBI,TGFBR3,CDH11,CDH13,COL6A3,NCAM1"
"DEG_LD_SW480","68","0.048430000000000001","ZNF117","ZNF117","38","293","0.000000004034000000000","0.00000008330000000000000","3.2730000000000001","Enrichr--Queries","ATF3,ZNF273,ABCA1,RORA,ZNF681,ZNF680,ZNF429,FBXO32,DEPP1,ZNF711,KCTD12,EPAS1,PAG1,CTSB,NEDD9,LOXL2,ZNF92,SYTL2,ANXA1,SERPINB8,GPNMB,ZNF107,PGF,IGFBP7,CDK6,NBEA,PDK4,ARRDC4,EDN1,MATN2,IFI6,CADPS2,SELENOP,ZMAT1,TGFBI,DOCK4,NFKBIZ,TGFBR3"
"DEG_LD_SW480","69","0.049149999999999999","SHOX2","SHOX2","38","294","0.000000004432000000000","0.00000009020000000000000","3.2599999999999998","Enrichr--Queries","ATF3,HEY1,KCNMA1,PPARG,RORA,PRRX1,EPAS1,IGF1,SORCS2,KIF26B,LOXL2,KIF5C,TFAP2A,COL5A2,CNTN1,RND3,ACTA2,SPOCK1,ALCAM,DKK1,SERPINB8,COL2A1,PGF,DAB2,LHX2,BNC2,IRX3,SOX2,EBF3,BCL11A,EDN1,CADPS2,EFNA5,TGFBI,TGFBR3,CDH11,COL6A3,NCAM1"
"DEG_LD_SW480","70","0.049860000000000002","NPAS2","NPAS2","38","295","0.000000004867000000000","0.00000009360000000000000","3.2469999999999999","Enrichr--Queries","CLDN1,ATF3,PDGFC,ABCA1,KCNMA1,PPARG,EGLN3,RORA,ATXN1,FBXO32,EPAS1,EGR3,NEDD9,PLAT,LOXL2,COL5A2,CNTN1,ALCAM,NR1D1,ANXA1,SERPINB8,GPNMB,GRB10,ITPR1,IGFBP7,CEBPD,PDK4,PDE2A,EDN1,NT5E,CADPS2,EFNA5,NR4A3,TGFBI,CDH11,CDH13,MLPH,PDE10A"
"DEG_LD_SW480","71","0.050569999999999997","ZNF404","ZNF404","38","295","0.000000004867000000000","0.00000009360000000000000","3.2469999999999999","Enrichr--Queries","CLDN1,ATF3,ABCA1,EGLN3,DEPP1,ZNF610,HERC5,ZNF711,PAG1,CTSK,GNAI1,CLGN,CNTN1,RBM24,TMEM45A,SPOCK1,SYTL2,SSPN,ANXA1,SERPINB8,ZNF117,PRUNE2,GPNMB,PGF,IGFBP7,ASNS,CEBPD,SLC46A3,PDK4,ARRDC4,EDN1,IFI6,NT5E,CADPS2,ZMAT1,NR4A3,TGFBI,NFKBIZ"
"DEG_LD_SW480","72","0.051279999999999999","PRRX1","PRRX1","38","295","0.000000004867000000000","0.00000009360000000000000","3.2469999999999999","Enrichr--Queries","ATF3,PDGFC,ABCA1,SRPX,BICC1,TM4SF1,MXRA8,EPAS1,IGF1,CTSK,PLAT,LOXL2,PCOLCE,COL5A3,COL5A2,CNTN1,RND3,ACTA2,DKK3,SSPN,ANXA1,SERPINB8,GPNMB,OLFML3,IGFBP7,DAB2,BNC2,IFITM3,GNG11,MATN2,VGLL3,NT5E,FBLN1,TGFBI,TGFBR3,ALDH1A3,CDH11,COL6A3"
"DEG_LD_SW480","73","0.051990000000000001","DLX5","DLX5","38","295","0.000000004867000000000","0.00000009360000000000000","3.2469999999999999","Enrichr--Queries","ATF3,SHOX2,NGFR,HEY1,PPARG,DLX3,PTPRZ1,PRRX1,EPAS1,EGR3,IGF1,KIF26B,LOXL2,NPNT,TFAP2A,COL5A2,ACTA2,GNG4,DKK1,DKK3,ANXA1,SERPINB8,COL2A1,HOXD10,GPNMB,DACH1,PGF,CEMIP,LHX2,IRX3,SOX2,EBF3,BCL11B,BCL11A,CADPS2,TGFBI,ALDH1A3,CDH11"
"DEG_LD_SW480","74","0.052710000000000000","ZNF300","ZNF300","38","296","0.000000005343000000000","0.00000010000000000000000","3.2349999999999999","Enrichr--Queries","ABCA1,HEY1,DMD,RORA,ZNF681,MDK,ZNF711,BST2,EEF1A2,AUTS2,SYT1,RND3,TMEM45A,SPOCK1,MAML2,ALCAM,DKK1,SYTL2,SLC16A14,LFNG,ANXA1,SERPINB8,ZNF117,GPNMB,OLFML3,PGF,CDK6,NLGN1,ZNF502,PTPN13,ARRDC4,TMTC1,BCL11A,GNG11,NT5E,CADPS2,SELENOP,NFKBIZ"
"DEG_LD_SW480","75","0.053420000000000002","IRX4","IRX4","38","296","0.000000005343000000000","0.00000010000000000000000","3.2349999999999999","Enrichr--Queries","FZD10,ATF3,SHOX2,HEY1,KCNMA1,PPARG,GPRC5C,EGLN3,OLFM1,DLX3,FBXO32,EPAS1,EGR3,WNK2,KIF26A,KIF26B,LOXL2,NPNT,EEF1A2,TFAP2A,CNTN1,CRMP1,SPOCK1,SERPINB8,MOCOS,PGF,LHX2,IRX3,SOX2,BCL11B,BCL11A,KRT14,CADPS2,TGFBI,ELAVL2,SIX2,ALDH1A3,CDH13"
"DEG_LD_SW480","76","0.054129999999999998","SP5","SP5","38","297","0.000000005862000000000","0.00000010400000000000000","3.2220000000000000","Enrichr--Queries","ATF3,NGFR,FASN,HEY1,EGLN3,RORA,LRP2,SPON1,EPAS1,WFDC2,KIF26A,KIF26B,LOXL2,ACTA2,DKK1,FLRT3,SERPINB8,COL2A1,OLFML3,CKB,NOTUM,DACH1,SALL4,RNF43,CDK6,LHX2,IRX3,IFITM1,SOX2,PDK4,EBF3,BCL11A,EDN1,NT5E,CADPS2,EFNA5,TGFBI,CDH11"
"DEG_LD_SW480","77","0.054840000000000000","NPAS3","NPAS3","38","297","0.000000005862000000000","0.00000010400000000000000","3.2220000000000000","Enrichr--Queries","ABCA1,KCNMA1,EGLN3,SLCO3A1,RORA,ATXN1,ADGRV1,PTPRZ1,SPON1,SORCS2,KIF26B,KIRREL3,CACNA1E,AUTS2,SYT1,SPOCK1,SERPINB8,DACH1,NBEA,BNC2,NLGN1,THSD4,SOX2,EBF3,TIAM1,TSHZ2,BCL11B,BCL11A,AKAP6,CADPS2,NTM,EFNA5,TGFBR3,CDH11,CDH13,NCAM1,CADPS,PDE10A"
"DEG_LD_SW480","78","0.055559999999999998","ZNF528","ZNF528","38","297","0.000000005862000000000","0.00000010400000000000000","3.2220000000000000","Enrichr--Queries","ABCA1,ZNF486,DMD,RORA,ZNF681,ZNF680,ZNF429,FBXO32,MDK,ZNF610,EPAS1,CTSK,LOXL2,ZNF93,COL5A2,SPOCK1,MAML2,SYTL2,SERPINB8,ZNF117,GPNMB,OLFML3,ZNF107,ZNF331,CSGALNACT1,F2R,ASNS,ZNF502,PTPN13,ZNF737,ARRDC4,BEX4,IFI6,NT5E,CADPS2,SELENOP,ZMAT1,CDH11"
"DEG_LD_SW480","79","0.056270000000000001","FOXL1","FOXL1","38","297","0.000000005862000000000","0.00000010400000000000000","3.2220000000000000","Enrichr--Queries","ATF3,KCNMA1,PPARG,EGLN3,DLX3,PRRX1,TM4SF1,EPAS1,EGR3,KIF26B,CD82,LOXL2,TFAP2A,VDR,CNTN1,HS3ST3B1,ACTA2,SPOCK1,DKK1,DKK3,SERPINB8,F2R,PGF,IGFBP7,CEBPD,THSD4,IRX3,BCL11A,EDN1,NT5E,EFNA5,TGFBI,SIX2,CDH11,CDH13,COL6A3,MLPH,PDE10A"
"DEG_LD_SW480","80","0.056980000000000003","ESRRG","ESRRG","38","298","0.000000006428000000000","0.00000011300000000000001","3.2100000000000000","Enrichr--Queries","ATF3,KCNMA1,DMD,EGLN3,RORA,ATXN1,ADGRV1,EPAS1,PCLO,KIF26B,RTN1,AUTS2,SYT1,CNTN1,SERPINB8,PRUNE2,ATP8A1,DACH1,ITPR1,NBEA,RCAN2,NLGN1,PDK4,EBF3,TSHZ2,BCL11B,BCL11A,RYR2,AKAP6,CADPS2,NTM,EFNA5,ELAVL2,TGFBR3,CDH13,NCAM1,CADPS,PDE10A"
"DEG_LD_SW480","81","0.057689999999999998","GLI3","GLI3","37","294","0.000000014150000000000","0.00000024200000000000002","3.1619999999999999","Enrichr--Queries","HSPG2,PDGFC,ABCA1,KCNMA1,RORA,ATXN1,PRRX1,BICC1,EPAS1,IGF1,SORCS2,KIF26B,PLAT,LOXL2,AUTS2,COL5A2,RND3,NAV1,ACTA2,SERPINB8,GRB10,MITF,ITPR1,IGFBP7,DAB2,CDK6,BNC2,PTPN13,BCL11A,NTM,FBLN1,EFNA5,DOCK4,TGFBR3,CDH11,COL6A3,NCAM1"
"DEG_LD_SW480","82","0.058400000000000001","ZNF43","ZNF43","37","294","0.000000014150000000000","0.00000024200000000000002","3.1619999999999999","Enrichr--Queries","ZNF273,ABCA1,ZNF486,DMD,RORA,ZNF681,ZNF680,ZNF429,ZNF610,ZNF711,RAB27B,ZNF92,ZNF93,SYT1,COL5A2,CNTN1,ALCAM,SYTL2,FLRT3,ANXA1,TET1,SERPINB8,ZNF117,ZNF107,ATP8A1,F2R,DAB2,CDK6,NBEA,HMGCS1,PTPN13,ZNF737,PDK4,BEX4,BCL11A,CADPS2,SELENOP"
"DEG_LD_SW480","83","0.059119999999999999","SMAD9","SMAD9","37","295","0.000000015480000000000","0.00000024400000000000001","3.1499999999999999","Enrichr--Queries","ATF3,ABCA1,HEY1,KCNMA1,PPARG,SLC7A2,RORA,FBXO32,KCTD12,EPAS1,IGF1,NEDD9,LOXL2,NPNT,COL5A2,CNTN1,ACTA2,DKK3,ANXA1,SERPINB8,PRUNE2,DACH1,PGF,PARM1,DAB2,RCAN2,PDK4,TMTC1,EDN1,MATN2,NT5E,CADPS2,SELENOP,TGFBI,TGFBR3,CDH11,NCAM1"
"DEG_LD_SW480","84","0.059830000000000001","HOXC13","HOXC13","37","295","0.000000015480000000000","0.00000024400000000000001","3.1499999999999999","Enrichr--Queries","CLDN1,ATF3,SHOX2,HOXC11,HEY1,OLR1,PPARG,DLX3,DLX4,SLPI,EPAS1,EGR3,KIF26B,LOXL2,NPNT,EEF1A2,TFAP2A,COL5A2,CNTN1,DKK1,SERPINB8,COL2A1,HOXD13,HOXD11,HOXD10,MOCOS,CEMIP,LHX2,IRX3,SOX2,PDK4,BCL11A,EDN1,CADPS2,TGFBI,SIX2,ALDH1A3"
"DEG_LD_SW480","85","0.060539999999999997","POU4F1","POU4F1","37","295","0.000000015480000000000","0.00000024400000000000001","3.1499999999999999","Enrichr--Queries","ATF3,SHOX2,RHBDL3,NGFR,HEY1,KCNMA1,EGLN3,RORA,OLFM1,EPAS1,EGR3,KIF26B,LOXL2,KIF5C,RTN1,TFAP2A,AUTS2,CRMP1,GNG4,SERPINB8,COL2A1,HOXD10,DACH1,CDK6,LHX2,IRX3,SOX2,EBF3,TSHZ3,BCL11B,BCL11A,CADPS2,EFNA5,NR4A3,ELAVL2,CDH11,NCAM1"
"DEG_LD_SW480","86","0.061249999999999999","HOXC5","HOXC5","37","295","0.000000015480000000000","0.00000024400000000000001","3.1499999999999999","Enrichr--Queries","ATF3,SHOX2,NGFR,HOXC11,HEY1,KCNMA1,DLX3,PRRX1,EGR3,SORCS2,KIF26B,LOXL2,NPNT,TFAP2A,VDR,ACTA2,DKK1,LFNG,SERPINB8,COL2A1,HOXD11,HOXD10,PGF,PARM1,LHX2,CEBPD,THSD4,IRX3,SOX2,EBF3,BCL11B,EDN1,CADPS2,EFNA5,TGFBI,TGFBR3,CDH11"
"DEG_LD_SW480","87","0.061969999999999997","EBF1","EBF1","37","295","0.000000015480000000000","0.00000024400000000000001","3.1499999999999999","Enrichr--Queries","ATF3,ABCA1,KCNMA1,PPARG,RORA,PRRX1,SPON1,KCTD12,EPAS1,IGF1,LOXL2,RASGRP3,AUTS2,COL5A2,RND3,ACTA2,ANXA1,SERPINB8,OLFML3,IGFBP7,DAB2,BNC2,PDK4,EBF3,TSHZ2,TMTC1,BCL11A,PDE2A,GNG11,SELENOP,EFNA5,TGFBI,TGFBR3,CDH11,CDH13,COL6A3,NCAM1"
"DEG_LD_SW480","88","0.062680000000000000","FOXD4L1","FOXD4L1","37","295","0.000000015480000000000","0.00000024400000000000001","3.1499999999999999","Enrichr--Queries","ATF3,ACHE,KCNMA1,DLX4,MDK,KCTD12,IL1B,KIF26B,LOXL2,KIF5C,TFAP2A,NAV1,VGF,NAMPT,SERPINB8,PRUNE2,MOCOS,NOTUM,LZTS1,PGF,CEMIP,LSMEM1,CEBPD,IRX3,IFITM1,EBF3,PDE2A,EDN1,FCGBP,CADPS2,NTM,CDH23,NR4A3,NFKBIZ,KLF15,ALDH1A3,KRT86"
"DEG_LD_SW480","89","0.063390000000000002","ZNF382","ZNF382","37","295","0.000000015480000000000","0.00000024400000000000001","3.1499999999999999","Enrichr--Queries","ATF3,ABCA1,DMD,RORA,ZNF681,ZC4H2,ZNF429,KIAA1549L,ZNF610,ZNF711,DCLK2,GXYLT2,ZNF93,RTN1,RBM24,SYTL2,SLC16A14,TNFSF4,TET1,SERPINB8,ZNF117,GPNMB,ZNF107,GPR155,ZNF331,PARM1,CDK6,NBEA,RCAN2,HMGCS1,ZNF737,ARRDC4,BCL11B,IFI6,NT5E,CADPS2,ZMAT1"
"DEG_LD_SW480","90","0.064100000000000004","HLF","HLF","37","296","0.000000016930000000000","0.00000025300000000000000","3.1370000000000000","Enrichr--Queries","ATF3,ABCA1,HEY1,KCNMA1,PPARG,SLC7A2,EGLN3,RORA,FBXO32,EPAS1,EGR3,IGF1,CD74,LOXL2,NPNT,SYT1,CNTN1,ALCAM,DKK3,NR1D1,SERPINB8,PARM1,ITPR1,RCAN2,CEBPD,PDK4,BCL11A,PDE2A,CX3CL1,MATN2,CADPS2,SELENOP,NR4A3,TGFBI,KLF15,TGFBR3,NCAM1"
"DEG_LD_SW480","91","0.064810000000000006","HOXC8","HOXC8","37","296","0.000000016930000000000","0.00000025300000000000000","3.1370000000000000","Enrichr--Queries","ATF3,SHOX2,HOXC11,PPARG,PRRX1,TM4SF1,EPAS1,IGF1,KIF26B,LOXL2,PCOLCE,TFAP2A,COL5A2,CNTN1,ACTA2,DKK1,ANXA1,SERPINB8,COL2A1,HOXD11,HOXD10,GPNMB,PGF,IGFBP7,DAB2,LHX2,CEBPD,IRX3,SOX2,EBF3,EDN1,VGLL3,TGFBI,TGFBR3,ALDH1A3,CDH11,COL6A3"
"DEG_LD_SW480","92","0.065530000000000005","LMX1A","LMX1A","37","296","0.000000016930000000000","0.00000025300000000000000","3.1370000000000000","Enrichr--Queries","ATF3,SHOX2,KCNMA1,FSTL4,RORA,LRP2,PRRX1,SPON1,EGR3,KIF26B,LOXL2,KIRREL3,CACNA1E,TFAP2A,NAV1,SPOCK1,SERPINB8,COL2A1,ECEL1,NMNAT2,DACH1,LHX2,NLGN1,IRX3,SOX2,EBF3,TSHZ2,BCL11B,FEZF1,CADPS2,NTM,EFNA5,ELAVL2,CDH11,CDH13,CADPS,PDE10A"
"DEG_LD_SW480","93","0.066239999999999993","EBF4","EBF4","37","296","0.000000016930000000000","0.00000025300000000000000","3.1370000000000000","Enrichr--Queries","HSPG2,ATF3,RHBDL3,ABCA1,NGFR,ACHE,HEY1,KCNMA1,GPRC5C,RORA,MDK,EPAS1,EGR3,SORCS2,KIF26A,KIF26B,CD82,LOXL2,AUTS2,NAV1,VGF,GNG4,SERPINB8,COL2A1,CKB,TLE2,COL27A1,PGF,ADAMTS7,THSD4,IRX3,EBF3,MATN2,CADPS2,FBLN1,LTBP2,EFNA5"
"DEG_LD_SW480","94","0.066949999999999996","ZBTB7C","ZBTB7C","37","296","0.000000016930000000000","0.00000025300000000000000","3.1370000000000000","Enrichr--Queries","ATF3,ABCA1,HEY1,KCNMA1,GPRC5C,EGLN3,RORA,ATXN1,DYSF,EPAS1,EGR3,SORCS2,KIF26B,LOXL2,NPNT,AUTS2,NAV1,ACTA2,FMN1,SERPINB8,NMNAT2,PARM1,THSD4,NECTIN1,TSHZ2,BCL11B,SH3PXD2A,MATN2,CADPS2,SPNS2,NTM,DTX4,EFNA5,TGFBI,TGFBR3,CDH13,NCAM1"
"DEG_LD_SW480","95","0.067659999999999998","ZNF658","ZNF658","37","297","0.000000018510000000000","0.00000025699999999999999","3.1250000000000000","Enrichr--Queries","CLDN1,ATF3,PDGFC,ABCA1,FASN,EGLN3,ZNF680,ZNF711,EGR3,SERTAD4,CLGN,COL5A2,CNTN1,TMEM45A,SYTL2,FLRT3,ANXA1,SERPINB8,MOCOS,SLC15A3,RCAN2,CEBPD,SLC46A3,VIPR1,ARRDC4,SLC22A3,BCL11A,ZDHHC11,MATN2,VGLL3,IFI6,CADPS2,DTX4,NFKBIZ,ALDH1A3,OAS1,FAM167A"
"DEG_LD_SW480","96","0.068379999999999996","MSC","MSC","37","297","0.000000018510000000000","0.00000025699999999999999","3.1250000000000000","Enrichr--Queries","ATF3,PDGFC,ABCA1,HEY1,PPARG,UPP1,PRRX1,EPAS1,EGR3,IL1A,IL1B,CD74,CD82,LOXL2,ISG20,COL5A2,CNTN1,RND3,ACTA2,NAMPT,ANXA1,SERPINB8,GPNMB,F2R,IGFBP7,SLC15A3,DUSP10,CEBPD,IFITM3,IFITM1,EDN1,NT5E,NR4A3,TGFBI,NFKBIZ,CDH11,COL6A3"
"DEG_LD_SW480","97","0.069089999999999999","HOXA11","HOXA11","37","297","0.000000018510000000000","0.00000025699999999999999","3.1250000000000000","Enrichr--Queries","ATF3,SHOX2,HOXC11,KCNMA1,PPARG,PRRX1,PRRX2,EPAS1,KIF26B,LOXL2,PCOLCE,EEF1A2,TFAP2A,VDR,ACTA2,SPOCK1,DKK1,ANXA1,SERPINB8,COL2A1,HOXD13,HOXD11,HOXD10,OLFML3,PGF,CDK6,LHX2,CEBPD,IRX3,EBF3,BCL11A,TGFBI,SIX2,TGFBR3,ALDH1A3,CDH11,COL6A3"
"DEG_LD_SW480","98","0.069800000000000001","MSX2","MSX2","37","297","0.000000018510000000000","0.00000025699999999999999","3.1250000000000000","Enrichr--Queries","ATF3,ABCA1,NGFR,HEY1,KCNMA1,PPARG,EGLN3,RORA,DLX3,PRRX1,TM4SF1,EPAS1,EGR3,NEDD9,KIF26B,LOXL2,TFAP2A,CNTN1,HS3ST3B1,SPOCK1,ALCAM,DKK1,FLRT3,ANXA1,SERPINB8,COL2A1,PGF,DAB2,LHX2,IRX3,SOX2,EDN1,NT5E,EFNA5,TGFBI,ALDH1A3,CDH11"
"DEG_LD_SW480","99","0.070510000000000003","HES2","HES2","37","297","0.000000018510000000000","0.00000025699999999999999","3.1250000000000000","Enrichr--Queries","HSPG2,ATF3,ABCA1,NGFR,KCNMA1,PPARG,CHST3,FBXO32,UPP1,TM4SF1,SLPI,EPAS1,TSPAN1,LOXL2,TFAP2A,CNTN1,ACTA2,VGF,DKK1,NR1D1,SERPINB8,SERPINB5,GPNMB,CKB,PGF,CEMIP,CPM,CEBPD,ABLIM3,NECTIN1,TNS4,BCL11B,BCL11A,NT5E,TGFBI,ALDH1A3,MLPH"
"DEG_LD_SW480","100","0.071230000000000002","ZIC2","ZIC2","37","297","0.000000018510000000000","0.00000025699999999999999","3.1250000000000000","Enrichr--Queries","ATF3,SHOX2,HEY1,EGLN3,PTPRZ1,EPAS1,EGR3,BST2,GAL,LOXL2,EEF1A2,TFAP2A,COL5A2,CNTN1,RND3,ACTA2,VGF,CRMP1,GNG4,DKK1,ANXA1,SERPINB8,COL2A1,CKB,SALL4,LHX2,IRX3,IFITM3,IFITM1,SOX2,EBF3,BCL11A,CADPS2,TGFBI,ELAVL2,TGFBR3,ALDH1A3"
"DEG_LD_SW480","101","0.071940000000000004","ZNF365","ZNF365","37","297","0.000000018510000000000","0.00000025699999999999999","3.1250000000000000","Enrichr--Queries","ABCA1,KCNMA1,RORA,ATXN1,EPAS1,EGR3,ARHGEF3,SERTAD4,LOXL2,KIF5C,EEF1A2,SYT1,CNTN1,ACTA2,SPOCK1,XYLT1,ALCAM,DKK1,DKK3,SYTL2,SERPINB8,PRUNE2,NMNAT2,ITPR1,AK5,NBEA,RCAN2,EDN1,MATN2,NT5E,CADPS2,NTM,EFNA5,TGFBI,TGFBR3,ALDH1A3,CDH13"
"DEG_LD_SW480","102","0.072650000000000006","ZNF135","ZNF135","37","298","0.000000020220000000000","0.00000026800000000000002","3.1130000000000000","Enrichr--Queries","KCNMA1,DMD,RORA,OLFM1,FBXO32,UST,TRIM58,ZNF610,LDLRAD4,EPAS1,PAG1,WNK2,ZNF93,AUTS2,NAV1,CRMP1,SPOCK1,LFNG,SERPINB8,ZNF117,CSGALNACT1,F2R,PGF,NBEA,RCAN2,ZNF502,ZNF737,BCL11A,SLC22A17,MATN2,CADPS2,SELENOP,NTM,FBLN1,LTBP2,ZMAT1,NCAM1"
"DEG_LD_SW480","103","0.073359999999999995","ZMAT1","ZMAT1","37","298","0.000000020220000000000","0.00000026800000000000002","3.1130000000000000","Enrichr--Queries","ATF3,ABCA1,DMD,RORA,FBXO32,ZNF711,KCTD12,EPAS1,IGF1,PCLO,CTSK,NEDD9,CD74,RASGRP3,NAV1,ALCAM,SYTL2,ANXA1,TET1,SERPINB8,GPR155,ATP8A1,PARM1,ITPR1,NBEA,RCAN2,CPM,SLC46A3,PDK4,ARRDC4,TLR3,NT5E,CADPS2,SELENOP,PDE3B,NFKBIZ,TGFBR3"
"DEG_LD_SW480","104","0.074069999999999997","ZNF596","ZNF596","37","298","0.000000020220000000000","0.00000026800000000000002","3.1130000000000000","Enrichr--Queries","ATF3,ABCA1,KCNMA1,DMD,YPEL1,RORA,LEPR,ZNF680,FBXO32,ZNF610,ZNF711,PCLO,HYAL1,SYTL2,ANXA1,SERPINB8,ZNF117,GPNMB,WDR17,PGF,ASNS,NBEA,DUSP10,PTPN13,ARRDC4,BCL11A,RYR2,EDN1,TLR3,MATN2,IFI6,NT5E,CADPS2,SELENOP,ZMAT1,NFKBIZ,TGFBR3"
"DEG_LD_SW480","105","0.074789999999999995","ZNF781","ZNF781","37","298","0.000000020220000000000","0.00000026800000000000002","3.1130000000000000","Enrichr--Queries","ABCA1,ZNF486,KCNMA1,DMD,RORA,ZNF681,FRMD3,ZNF429,TRIM58,ZNF610,EPAS1,EGR3,SERPINB8,ZNF117,WDR17,NMNAT2,ZNF331,ATP8A1,DACH1,CSGALNACT1,RAB30,NBEA,ZNF763,ZNF502,ZNF737,ARRDC4,EBF3,TSHZ2,NAALAD2,BCL11A,TENM1,VGLL3,AKAP6,NT5E,CADPS2,NR4A3,TGFBR3"
"DEG_LD_SW480","106","0.075499999999999998","PROX2","PROX2","37","298","0.000000020220000000000","0.00000026800000000000002","3.1130000000000000","Enrichr--Queries","ATF3,NGFR,NAPSA,EGLN3,RORA,ATXN1,BSN,PPP1R3B,MED12L,EGR3,GREB1,HYAL1,KIF26B,LOXL2,KIF5C,ASB2,FMN1,RPS6KL1,TET1,SERPINB8,GPNMB,MOCOS,DACH1,SALL4,PGF,SLC15A3,MAP2K6,SLC46A3,TIAM1,BCL11B,RYR1,SH3PXD2A,CADPS2,EFNA5,CDH23,NR4A3,SLC4A8"
"DEG_LD_SW480","107","0.076210000000000000","HOXD8","HOXD8","36","295","0.000000047860000000000","0.00000059500000000000002","3.0529999999999999","Enrichr--Queries","ATF3,SHOX2,HEY1,PPARG,PRRX1,KCTD12,EPAS1,EGR3,IGF1,LOXL2,TFAP2A,COL5A2,ACTA2,ANXA1,SERPINB8,HOXD13,HOXD11,HOXD10,GRB10,F2R,PGF,PARM1,DAB2,CEBPD,IRX3,PDK4,EBF3,EDN1,NT5E,CADPS2,TGFBI,SIX2,TGFBR3,ALDH1A3,CDH11,COL6A3"
"DEG_LD_SW480","108","0.076920000000000002","AR","AR","36","295","0.000000047860000000000","0.00000059500000000000002","3.0529999999999999","Enrichr--Queries","ATF3,ABCA1,FASN,KCNMA1,PPARG,SLC7A2,DMD,RORA,LEPR,EPAS1,IGF1,VDR,COL5A2,ACTA2,ALCAM,ANXA1,SERPINB8,F2R,MITF,ITPR1,DAB2,CDK6,CEBPD,SOX2,PDK4,MAOB,MGST1,EDN1,TLR4,MATN2,NT5E,CADPS2,SELENOP,TGFBI,TGFBR3,CDH11"
"DEG_LD_SW480","109","0.077640000000000001","ZNF626","ZNF626","36","295","0.000000047860000000000","0.00000059500000000000002","3.0529999999999999","Enrichr--Queries","ZNF273,ABCA1,ZNF486,DMD,RORA,ZNF681,ZNF680,ATXN1,ZNF429,ZNF610,HERC5,ZNF711,PAG1,KIF5C,ZNF92,ZNF93,XYLT1,ALCAM,SYTL2,SERPINB8,ZNF117,ZNF107,ZNF331,ATP8A1,NBEA,CPM,ZNF502,ZNF737,IFITM1,BCL11A,IFI6,CADPS2,SELENOP,NFKBIZ,TGFBR3,OAS1"
"DEG_LD_SW480","110","0.078350000000000003","ZNF704","ZNF704","36","295","0.000000047860000000000","0.00000059500000000000002","3.0529999999999999","Enrichr--Queries","ABCA1,HEY1,KCNMA1,PPARG,PELI2,DMD,EGLN3,RORA,ATXN1,FBXO32,QKI,EPAS1,PAG1,NEDD9,NPNT,TANC2,AUTS2,SYT1,ALCAM,SYTL2,SERPINB8,ATP8A1,MITF,CDK6,NBEA,CPM,CEBPD,PDK4,TIAM1,SH3PXD2A,CADPS2,SELENOP,EFNA5,DOCK4,TGFBR3,NCAM1"
"DEG_LD_SW480","111","0.079060000000000005","NPAS1","NPAS1","36","296","0.000000052140000000000","0.00000059500000000000002","3.0409999999999999","Enrichr--Queries","UNC5A,ATF3,RHBDL3,MYH7B,NGFR,NAPSA,FASN,JPH3,KCNMA1,OLFM1,MDK,EPAS1,EGR3,WFDC2,GAL,CD82,LOXL2,EEF1A2,VGF,GNG4,SERPINB8,CKB,MOCOS,TLE2,PGF,ASNS,LHX2,CEBPD,IRX3,SOX2,BCL11B,BCL11A,RYR1,ALDOC,CADPS2,ALDH1A3"
"DEG_LD_SW480","112","0.079769999999999994","ZMAT4","ZMAT4","36","296","0.000000052140000000000","0.00000059500000000000002","3.0409999999999999","Enrichr--Queries","KCNMA1,EGLN3,OLFM1,ADGRV1,PTPRZ1,EPAS1,PCLO,SORCS2,LOXL2,KIF5C,NPNT,AUTS2,SYT1,CNTN1,FGF13,CRMP1,SPOCK1,CHGB,UNC13A,SERPINB8,NMNAT2,AK5,RCAN2,NLGN1,BCL11B,BCL11A,RYR2,TENM1,CADPS2,NTM,EFNA5,ELAVL2,CDH13,NCAM1,VAT1L,CADPS"
"DEG_LD_SW480","113","0.080479999999999996","LHX6","LHX6","36","296","0.000000052140000000000","0.00000059500000000000002","3.0409999999999999","Enrichr--Queries","HSPG2,ATF3,ABCA1,NGFR,HEY1,PPARG,EGLN3,RORA,OLFM1,DYSF,PRRX1,KCTD12,EPAS1,EGR3,IGF1,KIF26B,LOXL2,CYGB,CRYM,SERPINB8,GRB10,PGF,LHX2,VWF,IRX3,PDK4,EBF3,BCL11B,BCL11A,PDE2A,EDN1,CADPS2,NR4A3,TGFBI,ALDH1A3,CDH13"
"DEG_LD_SW480","114","0.081199999999999994","ZNF711","ZNF711","36","296","0.000000052140000000000","0.00000059500000000000002","3.0409999999999999","Enrichr--Queries","ATF3,PDGFC,HEY1,DMD,RORA,PTPRZ1,KCTD12,EGR3,CLGN,LOXL2,RTN1,AUTS2,SYT1,FGF13,RND3,CRMP1,ALCAM,SYTL2,SLAIN1,FLRT3,ANXA1,TET1,SERPINB8,DACH1,GRB10,ASNS,CDK6,NBEA,ARRDC4,BEX4,BCL11B,BCL11A,TENM1,CADPS2,SELENOP,NCAM1"
"DEG_LD_SW480","115","0.081909999999999997","ZFHX4","ZFHX4","36","296","0.000000052140000000000","0.00000059500000000000002","3.0409999999999999","Enrichr--Queries","PDGFC,ABCA1,KCNMA1,DMD,RORA,PTPRZ1,PRRX1,BICC1,IGF1,SORCS2,KIF26B,LOXL2,AUTS2,COL5A2,RND3,NAV1,ALCAM,SERPINB8,PRUNE2,OLFML3,DACH1,DAB2,NBEA,BNC2,EBF3,TSHZ3,TSHZ2,TENM1,MATN2,VGLL3,CADPS2,EFNA5,TGFBR3,CDH11,COL6A3,NCAM1"
"DEG_LD_SW480","116","0.082619999999999999","TBX15","TBX15","36","296","0.000000052140000000000","0.00000059500000000000002","3.0409999999999999","Enrichr--Queries","ATF3,SHOX2,KCNMA1,PPARG,RORA,PRRX1,EPAS1,IGF1,KIF26B,LOXL2,PCOLCE,COL5A2,CNTN1,ACTA2,SSPN,ANXA1,SERPINB8,OLFML3,GRB10,IGFBP7,DAB2,LHX2,BNC2,CEBPD,IRX3,PDK4,EBF3,TSHZ3,EDN1,VGLL3,NT5E,TGFBI,TGFBR3,CDH11,CDH13,COL6A3"
"DEG_LD_SW480","117","0.083330000000000001","ZFP2","ZFP2","36","296","0.000000052140000000000","0.00000059500000000000002","3.0409999999999999","Enrichr--Queries","ATF3,PDGFC,ABCA1,HEY1,PELI2,DMD,EGLN3,RORA,FBXO32,EPAS1,HYAL1,SORCS2,RTN1,AUTS2,ALCAM,SYTL2,FLRT3,SERPINB8,PRUNE2,OLFML3,ATP8A1,DACH1,F2R,PGF,MAP2K6,NBEA,RCAN2,PDK4,MGST1,BCL11A,CADPS2,SELENOP,ZMAT1,KLF15,TGFBR3,NCAM1"
"DEG_LD_SW480","118","0.084050000000000000","PRDM8","PRDM8","36","296","0.000000052140000000000","0.00000059500000000000002","3.0409999999999999","Enrichr--Queries","ATF3,ABCA1,HEY1,KCNMA1,RORA,OLFM1,KCTD12,EPAS1,EGR3,IL1B,LOXL2,AUTS2,CNTN1,SPOCK1,ALCAM,SYTL2,ANXA1,SERPINB8,DACH1,F2R,PGF,ITPR1,LHX2,IRX3,EBF3,TSHZ3,BCL11B,BCL11A,GNG11,EDN1,NT5E,CADPS2,NTM,NR4A3,TGFBI,TGFBR3"
"DEG_LD_SW480","119","0.084760000000000002","ELF5","ELF5","36","296","0.000000052140000000000","0.00000059500000000000002","3.0409999999999999","Enrichr--Queries","CLDN1,ATF3,HEY1,PPARG,RORA,TM4SF1,SLPI,EPAS1,TSPAN1,EGR3,IGF1,KIF26B,LOXL2,NPNT,TFAP2A,CNTN1,RND3,ANXA1,SERPINB8,SERPINB5,GPNMB,CPM,CEBPD,IRX3,SOX2,PDK4,BCL11A,EDN1,MATN2,MPZL2,KRT13,KRT14,CADPS2,SELENOP,TGFBR3,ALDH1A3"
"DEG_LD_SW480","120","0.085470000000000004","ZIC5","ZIC5","36","296","0.000000052140000000000","0.00000059500000000000002","3.0409999999999999","Enrichr--Queries","FZD10,ATF3,SHOX2,RHBDL3,EGLN3,MSI1,RORA,OLFM1,ADGRV1,LRP2,PTPRZ1,KIF26B,LOXL2,KIF5C,TFAP2A,AUTS2,RND3,VGF,CRMP1,GNG4,LFNG,SERPINB8,COL2A1,SALL4,CDK6,LHX2,IRX3,SOX2,EBF3,BCL11B,BCL11A,CAMKV,CADPS2,EFNA5,ELAVL2,VAT1L"
"DEG_LD_SW480","121","0.086180000000000007","SOX7","SOX7","36","296","0.000000052140000000000","0.00000059500000000000002","3.0409999999999999","Enrichr--Queries","HSPG2,ATF3,ABCA1,SHE,HEY1,PPARG,PTPRB,UPP1,TM4SF1,EPAS1,IL1B,PLAT,LOXL2,CNTN1,ACTA2,AFAP1L1,ANXA1,SERPINB8,GPNMB,PGF,IGFBP7,DAB2,VWF,CEBPD,IRX3,IFITM3,PDK4,GNG11,EDN1,NT5E,NR4A3,TGFBI,TGFBR3,ALDH1A3,CDH13,COL6A3"
"DEG_LD_SW480","122","0.086889999999999995","ZIC3","ZIC3","36","296","0.000000052140000000000","0.00000059500000000000002","3.0409999999999999","Enrichr--Queries","HEY1,RORA,OLFM1,ADGRV1,PTPRZ1,EPAS1,WFDC2,KIF5C,CNMD,TFAP2A,FGF13,ACTA2,CRMP1,GNG4,ANXA1,TET1,SERPINB8,COL2A1,CKB,DACH1,SALL4,LHX2,BNC2,IRX3,IFITM1,SOX2,EBF3,BCL11B,BCL11A,CAMKV,CADPS2,TGFBI,ELAVL2,CDH11,VAT1L,CADPS"
"DEG_LD_SW480","123","0.087609999999999993","MEIS2","MEIS2","36","296","0.000000052140000000000","0.00000059500000000000002","3.0409999999999999","Enrichr--Queries","ATF3,PDGFC,ABCA1,HEY1,PRRX1,KCTD12,EPAS1,NEDD9,AUTS2,COL5A2,CNTN1,RND3,ACTA2,ALCAM,DKK3,FLRT3,ANXA1,SERPINB8,CKB,DACH1,ITPR1,IGFBP7,DAB2,CDK6,IRX3,SOX2,TSHZ2,BCL11B,BCL11A,CADPS2,EFNA5,TGFBI,TGFBR3,CDH11,CDH13,NCAM1"
"DEG_LD_SW480","124","0.088319999999999996","ZNF563","ZNF563","36","297","0.000000056780000000000","0.00000060399999999999996","3.0289999999999999","Enrichr--Queries","ATF3,ABCA1,FASN,ZNF486,RORA,ZNF442,ZC4H2,ZNF429,DEPP1,PAG1,NEDD9,SERTAD4,NPNT,ZNF93,AUTS2,MAML2,SYTL2,SERPINB8,ZNF117,GPNMB,F2R,PGF,IGFBP7,MAP2K6,ASNS,CPM,ZNF763,CEBPD,PDK4,ARRDC4,CADPS2,SELENOP,ZMAT1,NR4A3,NFKBIZ,TGFBR3"
"DEG_LD_SW480","125","0.089029999999999998","GRHL1","GRHL1","36","297","0.000000056780000000000","0.00000060399999999999996","3.0289999999999999","Enrichr--Queries","CLDN1,ATF3,ABCA1,PPFIBP2,HEY1,PPARG,EGLN3,RORA,FBXO32,SLPI,EPAS1,EGR3,RAB27B,PERP,LOXL2,CNTN1,ALCAM,SYTL2,ANXA1,SERPINB8,GRB10,PARM1,CPM,CEBPD,PDK4,ARRDC4,TIAM1,TMCC3,EDN1,MATN2,NT5E,MPZL2,CADPS2,NR4A3,NFKBIZ,TGFBR3"
"DEG_LD_SW480","126","0.089740000000000000","ZNF506","ZNF506","36","297","0.000000056780000000000","0.00000060399999999999996","3.0289999999999999","Enrichr--Queries","ZNF273,ABCA1,ZNF486,DMD,RORA,ZNF681,ZNF680,ZNF429,ZNF610,ZNF711,PAG1,CD74,ZNF92,ZNF93,AUTS2,MAML2,ALCAM,SYTL2,FMN1,SERPINB8,ZNF117,GPNMB,ZNF107,ZNF331,ATP8A1,ANKRD44,PGF,CDK6,NBEA,ZNF737,RABGAP1L,BCL11A,CADPS2,SELENOP,ZMAT1,TGFBR3"
"DEG_LD_SW480","127","0.090459999999999999","ZFP3","ZFP3","36","297","0.000000056780000000000","0.00000060399999999999996","3.0289999999999999","Enrichr--Queries","ATF3,ABCA1,PPARG,EGLN3,RORA,FBXO32,PPP1R3B,KCTD12,EPAS1,CTSK,ARHGEF3,CD74,ISG20,SPOCK1,ANXA1,SERPINB8,GPNMB,CKB,TMEM229B,PGF,RAB30,CEBPD,SLC46A3,VIPR1,PDK4,ARRDC4,BCL11B,BCL11A,TMCC3,EDN1,NT5E,CADPS2,SELENOP,TGFBI,NFKBIZ,TGFBR3"
"DEG_LD_SW480","128","0.091170000000000001","DLX2","DLX2","36","297","0.000000056780000000000","0.00000060399999999999996","3.0289999999999999","Enrichr--Queries","ATF3,SHOX2,HEY1,KCNMA1,PPARG,EGLN3,DLX3,PRRX1,EPAS1,EGR3,KIF26B,LOXL2,NPNT,TFAP2A,CNTN1,RND3,VGF,RBM24,DKK1,LFNG,SERPINB8,COL2A1,GPNMB,DACH1,PGF,LHX2,SOX2,BCL11B,BCL11A,EDN1,CADPS2,EFNA5,NR4A3,TGFBI,ALDH1A3,CDH11"
"DEG_LD_SW480","129","0.091880000000000003","ZNF354C","ZNF354C","36","297","0.000000056780000000000","0.00000060399999999999996","3.0289999999999999","Enrichr--Queries","ABCA1,KCNMA1,PPARG,PELI2,DMD,RORA,OLFM1,ZNF711,EPAS1,KIF5C,AUTS2,CNTN1,FGF13,CRMP1,SPOCK1,ALCAM,SYTL2,ANXA1,SERPINB8,MOCOS,F2R,IGFBP7,ASNS,NBEA,NLGN1,ZNF502,ZNF501,SOX2,PDK4,ARRDC4,TSHZ2,RYR2,NT5E,CADPS2,SELENOP,NCAM1"
"DEG_LD_SW480","130","0.092590000000000006","ST18","ST18","36","297","0.000000056780000000000","0.00000060399999999999996","3.0289999999999999","Enrichr--Queries","ATF3,KCNMA1,RORA,OLFM1,ADGRV1,PTPRZ1,KCTD12,SCN3B,PCLO,KIF5C,RTN1,CACNA1E,AUTS2,SYT1,CNTN1,NAV1,CRMP1,GNG4,SPOCK1,SLIT3,ALCAM,CHGB,SERPINB8,PRUNE2,NMNAT2,DACH1,CPM,BCL11B,BCL11A,TMCC3,AKAP6,CADPS2,ELAVL2,NCAM1,CADPS,GDAP1"
"DEG_LD_SW480","131","0.093299999999999994","IRX3","IRX3","36","297","0.000000056780000000000","0.00000060399999999999996","3.0289999999999999","Enrichr--Queries","ATF3,HEY1,EGLN3,FBXO32,MDK,TM4SF1,EPAS1,EGR3,TFAP2A,COL5A2,CNTN1,RND3,ACTA2,ALCAM,DKK1,FLRT3,ANXA1,SERPINB8,GPNMB,CKB,F2R,IGFBP7,CEBPD,IFITM3,PDK4,EBF3,MGST1,BCL11B,GNG11,EDN1,SELENOP,FBLN1,TGFBI,TGFBR3,CDH11,CDH13"
"DEG_LD_SW480","132","0.094020000000000006","FOXQ1","FOXQ1","36","297","0.000000056780000000000","0.00000060399999999999996","3.0289999999999999","Enrichr--Queries","CLDN1,ATF3,ABCA1,PPARG,EGLN3,FBXO32,TM4SF1,EREG,SLPI,EPAS1,WFDC2,PERP,MSMO1,PLAT,LOXL2,CNTN1,RND3,ACTA2,ALCAM,DKK1,FLRT3,ANXA1,SERPINB8,GPNMB,IGFBP7,CEBPD,IRX3,IFITM3,PDK4,MGST1,EDN1,NT5E,SELENOP,TGFBI,NFKBIZ,ALDH1A3"
"DEG_LD_SW480","133","0.094729999999999995","ZNF804A","ZNF804A","36","298","0.000000061810000000000","0.00000064300000000000003","3.0179999999999998","Enrichr--Queries","PDGFC,ABCA1,KCNMA1,DMD,RORA,KCTD12,EGR3,RAB27B,PCLO,KIF26B,KIF5C,RTN1,AUTS2,SYT1,CNTN1,RND3,SPOCK1,ALCAM,DKK1,ANXA1,SERPINB8,PARM1,NBEA,DUSP10,NLGN1,TMTC1,BCL11A,RYR2,TENM1,VGLL3,CADPS2,EFNA5,CDH11,CDH13,NCAM1,PDE10A"
"DEG_LD_SW480","134","0.095439999999999997","ZNF385C","ZNF385C","36","298","0.000000061810000000000","0.00000064300000000000003","3.0179999999999998","Enrichr--Queries","ATF3,ABCA1,MYH7B,NGFR,NAPSA,RORA,KANK4,DYSF,DEPP1,NKAIN1,EGR3,BST2,WNK2,HYAL1,CD74,LOXL2,ADAM11,EEF1A2,CNTN1,VGF,GNG4,PRKCG,UNC13A,SERPINB8,COL2A1,PRUNE2,NOTUM,RIMS4,TLE2,COL27A1,PGF,CARMIL3,RYR1,IFI6,CPLX1,CDH23"
"DEG_LD_SW480","135","0.096149999999999999","ZNF560","ZNF560","36","298","0.000000061810000000000","0.00000064300000000000003","3.0179999999999998","Enrichr--Queries","RHBDL3,ZNF486,KCNMA1,PPARG,SLC16A9,OLFM1,KANK4,PTPRZ1,GREB1,SORCS2,GAL,LOXL2,KIF5C,CNMD,FGF13,CA8,SPOCK1,TIMP4,TET1,SERPINB8,COL2A1,ZNF114,GPNMB,ECEL1,MOCOS,SALL4,NLGN1,SOX2,PDK4,TSHZ3,RYR1,RYR2,CADPS2,FBLN1,ELAVL2,VAT1L"
"DEG_LD_SW480","136","0.096869999999999998","DACH2","DACH2","36","299","0.000000067250000000000","0.00000068899999999999999","3.0059999999999998","Enrichr--Queries","HEY1,KCNMA1,DMD,ADGRV1,IL1RAPL1,PTPRZ1,SCN3B,PCLO,KIF5C,KIRREL3,NPNT,RTN1,SYT1,CNTN1,FGF13,AFF2,CRMP1,GNG4,ALCAM,SERPINB8,PRUNE2,NMNAT2,DACH1,AK5,NBEA,RCAN2,NLGN1,ACSL6,TSHZ2,RYR2,TENM1,CADPS2,ELAVL2,VAT1L,CADPS,PDE10A"
"DEG_LD_SW480","137","0.097580000000000000","IKZF2","IKZF2","36","299","0.000000067250000000000","0.00000068899999999999999","3.0059999999999998","Enrichr--Queries","ATF3,PDGFC,ABCA1,RORA,IL1RAP,ATXN1,FBXO32,KCTD12,EPAS1,PAG1,RAB27B,NEDD9,CD74,NAV1,ALCAM,SYTL2,ANXA1,SERPINB8,ATP8A1,ANKRD44,ITPR1,CDK6,CPM,DUSP10,PTPN13,IFITM1,TIAM1,RABGAP1L,BCL11B,BCL11A,TMCC3,NT5E,CADPS2,SELENOP,NFKBIZ,TGFBR3"
"DEG_LD_SW480","138","0.098290000000000002","ZNF600","ZNF600","35","292","0.000000112100000000000","0.00000112999999999999998","2.9910000000000001","Enrichr--Queries","ATF3,ABCA1,ZNF486,ZNF680,FBXO32,ZNF610,HERC5,IFI27,PAG1,APOBEC3G,ZNF93,ISG20,ACTA2,NAMPT,SYTL2,ANXA1,SERPINB8,ZNF117,GPNMB,PGF,DAB2,DUSP10,IFITM3,IFITM1,PDK4,ARRDC4,BCL11A,EDN1,BTN3A2,IFI6,CADPS2,CMPK2,NFKBIZ,TGFBR3,OAS1"
"DEG_LD_SW480","139","0.099000000000000005","ZNF717","ZNF717","35","292","0.000000112100000000000","0.00000112999999999999998","2.9910000000000001","Enrichr--Queries","ATF3,PDGFC,EXPH5,ABCA1,DMD,SLCO3A1,RORA,ZNF681,FBXO32,ADGRV1,PCLO,KIF26B,LOXL2,GPRIN2,AUTS2,MUC16,CNTN1,MAML2,ALCAM,SYTL2,FMN1,LFNG,ANXA1,SERPINB8,DACH1,MITF,NBEA,NLGN1,ZNF737,TENM1,FCGBP,CADPS2,EFNA5,ZMAT1,CDH11"
"DEG_LD_SW480","140","0.099720000000000003","ERG","ERG","35","294","0.000000132300000000000","0.00000126999999999999991","2.9680000000000000","Enrichr--Queries","HSPG2,ATF3,ABCA1,SHE,HEY1,KCNMA1,PPARG,DMD,RORA,PTPRB,DYSF,PRRX1,TM4SF1,EPAS1,IGF1,NEDD9,RASGRP3,ACTA2,AFAP1L1,ANXA1,SERPINB8,CSGALNACT1,F2R,IGFBP7,DAB2,CDK6,VWF,BCL11A,PDE2A,GNG11,TGFBI,TGFBR3,CDH11,CDH13,COL6A3"
"DEG_LD_SW480","141","0.100400000000000003","DLX4","DLX4","35","294","0.000000132300000000000","0.00000126999999999999991","2.9680000000000000","Enrichr--Queries","ATF3,SHOX2,ABCA1,NGFR,HEY1,KCNMA1,PPARG,GPRC5C,EGLN3,DLX3,EPAS1,EGR3,KIF26B,LOXL2,NXPH4,TFAP2A,VGF,SERPINB8,COL2A1,HOXD11,HOXD10,NOTUM,TLE2,PGF,LHX2,CEBPD,IRX3,SOX2,PDK4,BCL11B,CADPS2,TGFBI,SIX2,TGFBR3,ALDH1A3"
"DEG_LD_SW480","142","0.101099999999999995","DLX6","DLX6","35","294","0.000000132300000000000","0.00000126999999999999991","2.9680000000000000","Enrichr--Queries","ATF3,SHOX2,HEY1,KCNMA1,RORA,DLX3,PRRX1,EGR3,KIF26B,LOXL2,KIF5C,NPNT,CACNA1E,TFAP2A,CRMP1,GNG4,DKK1,COL2A1,HOXD11,HOXD10,ECEL1,DACH1,LHX2,NLGN1,SOX2,EBF3,BCL11B,BCL11A,CADPS2,EFNA5,ELAVL2,SIX2,CDH11,VAT1L,PDE10A"
"DEG_LD_SW480","143","0.101900000000000004","ZNF595","ZNF595","35","294","0.000000132300000000000","0.00000126999999999999991","2.9680000000000000","Enrichr--Queries","ATF3,ABCA1,EGLN3,F13A1,RORA,ZNF681,ZNF680,ZNF429,UPP1,IL1B,NEDD9,LOXL2,ZNF92,ZNF93,VDR,CNTN1,ANXA1,SERPINB8,ZNF117,GPNMB,ZNF107,DACH1,TLE1,PGF,ITPR1,CDK6,ZNF737,MGST1,EDN1,IFI6,NT5E,CADPS2,TGFBI,OAS1,CDH11"
"DEG_LD_SW480","144","0.102599999999999997","ALX4","ALX4","35","294","0.000000132300000000000","0.00000126999999999999991","2.9680000000000000","Enrichr--Queries","ATF3,SHOX2,NGFR,KCNMA1,RORA,PRRX1,PRRX2,EGR3,SORCS2,KIF26A,KIF26B,CD82,LOXL2,TFAP2A,VDR,HS3ST3B1,ACTA2,SERPINB8,COL2A1,LHX2,THSD4,IRX3,SOX2,EBF3,BCL11B,EGFLAM,EFNA5,TGFBI,SIX2,TGFBR3,ALDH1A3,CDH11,COL6A3,NCAM1,PDE10A"
"DEG_LD_SW480","145","0.103300000000000003","ZNF423","ZNF423","35","294","0.000000132300000000000","0.00000126999999999999991","2.9680000000000000","Enrichr--Queries","ABCA1,HEY1,KCNMA1,RORA,PRRX1,SPON1,SORCS2,KIF26B,PCOLCE,AUTS2,COL5A2,ACTA2,CRMP1,SPOCK1,XYLT1,SERPINB8,DACH1,ITPR1,IGFBP7,NBEA,BNC2,CEBPD,SOX2,PDK4,TSHZ3,BCL11A,MATN2,CADPS2,NTM,FBLN1,TGFBR3,CDH11,CDH13,COL6A3,NCAM1"
"DEG_LD_SW480","146","0.103999999999999995","HOXA13","HOXA13","35","294","0.000000132300000000000","0.00000126999999999999991","2.9680000000000000","Enrichr--Queries","ATF3,SHOX2,HOXC11,HEY1,PPARG,EGLN3,DLX3,PRRX1,KCTD12,EGR3,LOXL2,NPNT,EEF1A2,TFAP2A,VDR,DKK1,COL2A1,HOXD13,HOXD11,HOXD10,MITF,PGF,LHX2,IRX3,SOX2,PDK4,EBF3,BCL11A,CADPS2,NR4A3,TGFBI,SIX2,TGFBR3,ALDH1A3,CDH11"
"DEG_LD_SW480","147","0.104700000000000001","TBX4","TBX4","35","295","0.000000143700000000000","0.00000130000000000000005","2.9560000000000000","Enrichr--Queries","ATF3,SHOX2,NGFR,HEY1,KCNMA1,DLX3,DLX4,PRRX1,SPON1,EPAS1,EGR3,SORCS2,KIF26B,LOXL2,NPNT,TFAP2A,SERPINB8,COL2A1,HOXD13,HOXD11,HOXD10,PGF,LHX2,IRX3,SOX2,EBF3,TSHZ3,BCL11B,BCL11A,EGFLAM,EFNA5,TGFBI,SIX2,TGFBR3,CDH13"
"DEG_LD_SW480","148","0.105399999999999994","MEIS1","MEIS1","35","295","0.000000143700000000000","0.00000130000000000000005","2.9560000000000000","Enrichr--Queries","ATF3,PDGFC,HEY1,EGLN3,RORA,PRRX1,EPAS1,IGF1,NEDD9,AUTS2,COL5A2,RND3,ACTA2,ALCAM,FLRT3,ANXA1,SERPINB8,DACH1,MITF,IGFBP7,DAB2,CDK6,BNC2,SOX2,EBF3,TSHZ3,BCL11A,GNG11,CADPS2,SELENOP,EFNA5,TGFBI,TGFBR3,CDH11,NCAM1"
"DEG_LD_SW480","149","0.106100000000000000","DMRTB1","DMRTB1","35","295","0.000000143700000000000","0.00000130000000000000005","2.9560000000000000","Enrichr--Queries","ATF3,ABCA1,NGFR,JPH3,KCNMA1,EGLN3,KCNG1,RORA,OLFM1,GREB1,SORCS2,KIF26B,LOXL2,CACNA1E,CNTN1,NAV1,GNG4,PRKCQ,SERPINB8,COL2A1,ECEL1,DACH1,PGF,LHX2,KLHDC7A,SOX2,EBF3,BCL11B,RYR2,CADPS2,EFNA5,ELAVL2,ALDH1A3,COL6A3,CADPS"
"DEG_LD_SW480","150","0.106800000000000006","THRB","THRB","35","295","0.000000143700000000000","0.00000130000000000000005","2.9560000000000000","Enrichr--Queries","ATF3,ABCA1,KCNMA1,PPARG,DMD,EGLN3,RORA,ATXN1,FBXO32,EPAS1,EGR3,RAB27B,IGF1,GNAI1,SYT1,VDR,SPOCK1,ALCAM,SERPINB8,ATP8A1,MITF,PARM1,ITPR1,CDK6,NBEA,RCAN2,THSD4,PDK4,TMTC1,MATN2,CADPS2,SELENOP,EFNA5,TGFBR3,CDH13"
"DEG_LD_SW480","151","0.107499999999999998","ATOH7","ATOH7","35","295","0.000000143700000000000","0.00000130000000000000005","2.9560000000000000","Enrichr--Queries","ATF3,RHBDL3,NAPSA,LRRC10B,KCNMA1,CHST3,EGLN3,OLFM1,KCTD12,EPAS1,SCN3B,KIF26B,LOXL2,KIF5C,KIRREL3,CACNA1E,SYT1,GNG4,SLIT3,CRYM,ALCAM,SERPINB8,MOCOS,ATP8A1,DACH1,RNF182,SLC26A4,EBF3,BCL11B,BCL11A,EDN1,CADPS2,NR4A3,ELAVL2,NCAM1"
"DEG_LD_SW480","152","0.108299999999999993","ZNF366","ZNF366","35","295","0.000000143700000000000","0.00000130000000000000005","2.9560000000000000","Enrichr--Queries","STARD8,RNASE1,ABCA1,SHE,HEY1,KCNMA1,PPARG,F13A1,PTPRB,DYSF,DEPP1,RASSF2,KCTD12,EPAS1,IGF1,NEDD9,CD82,RASGRP3,PLEK,ACTA2,AFAP1L1,SERPINB8,CSGALNACT1,PARM1,DAB2,VWF,PDK4,PTGDS,TSHZ2,PDE2A,TLR4,NT5E,SELENOP,TGFBI,TGFBR3"
"DEG_LD_SW480","153","0.109000000000000000","HOXB3","HOXB3","35","295","0.000000143700000000000","0.00000130000000000000005","2.9560000000000000","Enrichr--Queries","ATF3,SHOX2,ABCA1,HEY1,PPARG,RORA,PRRX1,EPAS1,EGR3,NEDD9,KIF26B,LOXL2,TFAP2A,COL5A2,ACTA2,DKK1,LFNG,SERPINB8,HOXD10,PGF,CDK6,BNC2,THSD4,IRX3,EBF3,TSHZ3,BCL11B,BCL11A,EDN1,TGFBI,TGFBR3,ALDH1A3,CDH11,COL6A3,NCAM1"
"DEG_LD_SW480","154","0.109700000000000006","PRDM16","PRDM16","35","295","0.000000143700000000000","0.00000130000000000000005","2.9560000000000000","Enrichr--Queries","HSPG2,ABCA1,KCNMA1,DMD,DAB2IP,RORA,ATXN1,PRRX1,EPAS1,SORCS2,KIF26A,KIF26B,KIRREL3,AUTS2,NAV1,SERPINB8,DACH1,CDK6,THSD4,EBF3,TIAM1,TMTC1,BCL11B,BCL11A,RYR2,SH3PXD2A,CADPS2,NTM,EFNA5,CDH23,MCF2L,TGFBR3,CDH13,NCAM1,PDE10A"
"DEG_LD_SW480","155","0.110399999999999998","ZFP37","ZFP37","35","295","0.000000143700000000000","0.00000130000000000000005","2.9560000000000000","Enrichr--Queries","EML1,ATF3,PDGFC,ABCA1,HEY1,KCNMA1,EGLN3,RORA,OLFM1,KCTD12,IGF1,GNAI1,LOXL2,KIF5C,RND3,NAV1,ALCAM,FLRT3,SERPINB8,PRUNE2,GPNMB,GRB10,F2R,PGF,ASNS,NBEA,PDK4,ARRDC4,TIAM1,BCL11A,GNG11,EDN1,CADPS2,CDH11,NCAM1"
"DEG_LD_SW480","156","0.111100000000000004","NHLH2","NHLH2","35","296","0.000000156000000000000","0.00000134000000000000009","2.9449999999999998","Enrichr--Queries","ATF3,SHOX2,RHBDL3,NGFR,OLFM1,SPON1,KIF26B,LOXL2,KIF5C,RTN1,CACNA1E,TFAP2A,AUTS2,CRMP1,GNG4,SPOCK1,SLIT3,SERPINB8,COL2A1,NMNAT2,DACH1,ILDR2,LHX2,IRX3,SOX2,EBF3,BCL11B,BCL11A,CADPS2,EFNA5,NR4A3,ELAVL2,CDH13,NCAM1,CADPS"
"DEG_LD_SW480","157","0.111799999999999997","ZEB2","ZEB2","35","296","0.000000156000000000000","0.00000134000000000000009","2.9449999999999998","Enrichr--Queries","ATF3,ABCA1,RORA,ATXN1,ITGB2,PRRX1,RASSF2,KCTD12,EPAS1,IGF1,CTSB,NEDD9,CD74,COL5A2,PLEK,RND3,NAV1,ACTA2,ALCAM,ANXA1,SERPINB8,GPNMB,MITF,ITPR1,IGFBP7,DAB2,CDK6,IFITM3,BCL11A,TGFBI,DOCK4,TGFBR3,CDH11,COL6A3,NCAM1"
"DEG_LD_SW480","158","0.112500000000000003","ZNF214","ZNF214","35","296","0.000000156000000000000","0.00000134000000000000009","2.9449999999999998","Enrichr--Queries","CFAP69,ABCA1,KCNMA1,RORA,PTPRB,ADGRV1,LRP2,ZNF711,PCLO,SORCS2,SERTAD4,KIF26B,PLAT,CLGN,SYT1,FLRT3,SERPINB8,COL2A1,ATP8A1,DACH1,LZTS1,F2R,PGF,ITPR1,NBEA,BNC2,CEBPD,THSD4,PTPN13,ARRDC4,NAALAD2,CADPS2,SELENOP,TGFBR3,NCAM1"
"DEG_LD_SW480","159","0.113199999999999995","NEUROD1","NEUROD1","35","296","0.000000156000000000000","0.00000134000000000000009","2.9449999999999998","Enrichr--Queries","UNC5A,ATF3,HEY1,KCNMA1,OLFM1,SCN3B,EGR3,PCLO,SYP,KIF5C,RTN1,CACNA1E,SYT1,CNTN1,VGF,CRMP1,GNG4,SPOCK1,SLIT3,CRYM,CHGB,NMNAT2,DACH1,NBEA,LHX2,SOX2,EBF3,STXBP1,BCL11B,BCL11A,CADPS2,EFNA5,ELAVL2,NCAM1,CADPS"
"DEG_LD_SW480","160","0.114000000000000004","HOXD10","HOXD10","35","296","0.000000156000000000000","0.00000134000000000000009","2.9449999999999998","Enrichr--Queries","ATF3,SHOX2,HOXC11,PPARG,RORA,PRRX1,EPAS1,IGF1,PLAT,LOXL2,NPNT,TFAP2A,COL5A2,ACTA2,DKK1,ANXA1,SERPINB8,COL2A1,HOXD13,HOXD11,MITF,PGF,LHX2,SOX2,EBF3,BCL11A,EDN1,CADPS2,TGFBI,SIX2,TGFBR3,ALDH1A3,CDH11,COL6A3,NCAM1"
"DEG_LD_SW480","161","0.114699999999999996","NR2E3","NR2E3","35","296","0.000000156000000000000","0.00000134000000000000009","2.9449999999999998","Enrichr--Queries","ATF3,HEY1,KCNMA1,PPARG,EGLN3,RORA,ADGRV1,EPAS1,SORCS2,KIF26B,LOXL2,TFAP2A,AUTS2,VDR,CRYM,SERPINB8,DACH1,TLE1,MITF,ESRRB,LHX2,CEBPD,THSD4,IRX3,SOX2,BCL11B,BCL11A,EDN1,NT5E,CADPS2,NTM,CDH23,NR4A3,TGFBI,ELAVL2"
"DEG_LD_SW480","162","0.115400000000000003","ZNF502","ZNF502","35","296","0.000000156000000000000","0.00000134000000000000009","2.9449999999999998","Enrichr--Queries","ATF3,ABCA1,ZNF486,ZNF239,PELI2,RORA,SLC16A9,OLFM1,ZNF711,KCTD12,EPAS1,EGR3,HYAL1,IL1B,NEDD9,ZNF93,AUTS2,CNTN1,RND3,XYLT1,SYTL2,ANXA1,SERPINB8,MOCOS,CSGALNACT1,ASNS,ZNF501,ARRDC4,BCL11A,GNG11,EDN1,ALDOC,NT5E,CADPS2,TGFBR3"
"DEG_LD_SW480","163","0.116099999999999995","ZNF503","ZNF503","35","296","0.000000156000000000000","0.00000134000000000000009","2.9449999999999998","Enrichr--Queries","ATF3,PDGFC,ABCA1,FASN,HEY1,FBXO32,MDK,TM4SF1,KCTD12,EPAS1,CTSB,NEDD9,CD82,COL5A2,CNTN1,RND3,ACTA2,DKK1,FLRT3,ANXA1,SERPINB8,OLFML3,CKB,PGF,IGFBP7,CDK6,HMGCS1,CEBPD,IRX3,IFITM3,GNG11,SELENOP,TGFBI,NFKBIZ,CDH11"
"DEG_LD_SW480","164","0.116800000000000001","HOXC10","HOXC10","35","296","0.000000156000000000000","0.00000134000000000000009","2.9449999999999998","Enrichr--Queries","ATF3,SHOX2,HOXC11,HEY1,PPARG,PRRX1,EPAS1,EGR3,KIF26B,LOXL2,EEF1A2,TFAP2A,VDR,COL5A2,CNTN1,ACTA2,DKK1,ANXA1,SERPINB8,COL2A1,HOXD13,HOXD11,HOXD10,GPNMB,LHX2,IRX3,SOX2,PDK4,EDN1,VGLL3,TGFBI,SIX2,TGFBR3,ALDH1A3,COL6A3"
"DEG_LD_SW480","165","0.117499999999999993","MAFA","MAFA","35","297","0.000000169200000000000","0.00000137000000000000001","2.9340000000000002","Enrichr--Queries","ATF3,RHBDL3,ABCA1,MYH7B,NGFR,LRRC10B,HEY1,KCNMA1,EGLN3,DLX3,FBXO32,EPAS1,EGR3,SORCS2,KIF26A,LOXL2,EEF1A2,TFAP2A,VGF,GNG4,LFNG,SERPINB8,COL2A1,CKB,NOTUM,LHX2,CEBPD,IRX3,EBF3,BCL11B,CADPS2,NR4A3,SIX2,KLF15,TGFBR3"
"DEG_LD_SW480","166","0.118200000000000000","BCL11B","BCL11B","35","297","0.000000169200000000000","0.00000137000000000000001","2.9340000000000002","Enrichr--Queries","ABCA1,KCNMA1,RORA,OLFM1,ATXN1,KCTD12,EPAS1,EGR3,ARHGEF3,KIF26B,CACNA1E,AUTS2,SYT1,NAV1,CRMP1,ALCAM,PRKCQ,SERPINB8,DACH1,ITPR1,CDK6,NBEA,IRX3,TIAM1,TSHZ3,BCL11A,SH3PXD2A,CADPS2,EFNA5,NR4A3,TGFBI,TGFBR3,CDH11,NCAM1,PDE10A"
"DEG_LD_SW480","167","0.118900000000000006","DMRT2","DMRT2","35","297","0.000000169200000000000","0.00000137000000000000001","2.9340000000000002","Enrichr--Queries","ATF3,SHOX2,PPARG,PTPRZ1,PRRX1,EPAS1,EGR3,IGF1,KIF26B,LOXL2,TFAP2A,FGF13,RND3,ANXA1,SERPINB8,HOXD10,NMNAT2,LHX2,CPM,CEBPD,IRX3,SOX2,PDK4,EBF3,SLC22A3,BCL11B,BCL11A,MATN2,VGLL3,CADPS2,NR4A3,TGFBI,TGFBR3,ALDH1A3,CDH11"
"DEG_LD_SW480","168","0.119700000000000001","SOX5","SOX5","35","297","0.000000169200000000000","0.00000137000000000000001","2.9340000000000002","Enrichr--Queries","ABCA1,KCNMA1,DMD,RORA,ATXN1,EPAS1,PCLO,AUTS2,SYT1,XYLT1,ALCAM,FMN1,SERPINB8,DACH1,GRB10,MITF,ITPR1,CDK6,NBEA,BNC2,NLGN1,SOX2,TIAM1,TSHZ2,BCL11B,BCL11A,AKAP6,CADPS2,NTM,EFNA5,DOCK4,TGFBR3,CDH11,CDH13,NCAM1"
"DEG_LD_SW480","169","0.120399999999999993","DLX3","DLX3","35","297","0.000000169200000000000","0.00000137000000000000001","2.9340000000000002","Enrichr--Queries","ATF3,NGFR,HEY1,KCNMA1,PPARG,GPRC5C,EGLN3,DLX4,FBXO32,PRRX2,EPAS1,EGR3,LOXL2,NPNT,TFAP2A,VDR,CNTN1,ACTA2,SPOCK1,DKK1,SERPINB8,COL2A1,GPNMB,PGF,LHX2,IRX3,SOX2,PDK4,BCL11B,BCL11A,EDN1,KRT14,EFNA5,TGFBI,ALDH1A3"
"DEG_LD_SW480","170","0.121099999999999999","SOX6","SOX6","35","297","0.000000169200000000000","0.00000137000000000000001","2.9340000000000002","Enrichr--Queries","PDGFC,ABCA1,KCNMA1,DMD,EGLN3,RORA,ATXN1,PTPRZ1,EPAS1,KIF26B,AUTS2,SYT1,XYLT1,ALCAM,SERPINB8,ATP8A1,DACH1,GRB10,MITF,CDK6,NBEA,BNC2,NLGN1,THSD4,SOX2,TSHZ2,BCL11A,AKAP6,CADPS2,NTM,EFNA5,TGFBI,TGFBR3,CDH13,NCAM1"
"DEG_LD_SW480","171","0.121800000000000005","SIX1","SIX1","35","297","0.000000169200000000000","0.00000137000000000000001","2.9340000000000002","Enrichr--Queries","ATF3,SHOX2,HEY1,PPARG,FBXO32,PRRX1,KCTD12,EPAS1,LOXL2,TFAP2A,COL5A2,CNTN1,RND3,ACTA2,DKK1,ANXA1,SERPINB8,OLFML3,CKB,PGF,IGFBP7,DAB2,CEBPD,IRX3,IFITM3,IFITM1,SOX2,PDK4,EBF3,EDN1,TGFBI,SIX2,TGFBR3,CDH11,COL6A3"
"DEG_LD_SW480","172","0.122499999999999998","HOXC6","HOXC6","35","297","0.000000169200000000000","0.00000137000000000000001","2.9340000000000002","Enrichr--Queries","ATF3,SHOX2,SRPX,HOXC11,PPARG,PRRX1,TM4SF1,EGR3,PLAT,LOXL2,TFAP2A,COL5A2,CNTN1,ACTA2,DKK1,ANXA1,SERPINB8,COL2A1,HOXD10,GPNMB,OLFML3,PGF,IGFBP7,CEBPD,IRX3,IFITM1,PDK4,EDN1,MATN2,VGLL3,TGFBI,TGFBR3,ALDH1A3,CDH11,COL6A3"
"DEG_LD_SW480","173","0.123200000000000004","HIVEP3","HIVEP3","35","297","0.000000169200000000000","0.00000137000000000000001","2.9340000000000002","Enrichr--Queries","ATF3,ABCA1,KCNMA1,SLCO3A1,RORA,ATXN1,KCTD12,EPAS1,PAG1,EGR3,SORCS2,ARHGEF3,NEDD9,KIF26B,CD82,LOXL2,AUTS2,CNTN1,RERE,NAV1,XYLT1,ALCAM,SERPINB8,ITPR1,CDK6,DUSP10,TIAM1,BCL11A,SH3PXD2A,EFNA5,NR4A3,TGFBI,DOCK4,TGFBR3,NCAM1"
"DEG_LD_SW480","174","0.123899999999999996","EHF","EHF","35","297","0.000000169200000000000","0.00000137000000000000001","2.9340000000000002","Enrichr--Queries","CLDN1,ATF3,PPARG,EGLN3,TM4SF1,EREG,IFI27,SLPI,EPAS1,TSPAN1,RAB27B,WFDC2,IL1B,PERP,CD74,PLAT,LOXL2,CNTN1,ALCAM,ANXA1,SERPINB8,SERPINB5,GPNMB,CEBPD,MACC1,PDK4,MGST1,EDN1,NT5E,MPZL2,SELENOP,TGFBI,NFKBIZ,ALDH1A3,MLPH"
"DEG_LD_SW480","175","0.124600000000000002","ZNF501","ZNF501","35","298","0.000000183500000000000","0.00000141999999999999996","2.9230000000000000","Enrichr--Queries","CLDN1,ATF3,ZNF273,ZNF486,ZNF239,IL1RAP,SLC16A9,ZNF442,ZNF681,ZNF680,OLFM1,TRIM58,ZNF610,HERC5,EGR3,HYAL1,NEDD9,CLGN,KIF5C,ZNF92,ZNF93,AUTS2,FLRT3,ANXA1,SERPINB8,ZNF117,ZNF107,ASNS,RCAN2,ZNF502,ZNF737,ARRDC4,RYR2,CADPS2,OAS1"
"DEG_LD_SW480","176","0.125400000000000011","HSF4","HSF4","35","298","0.000000183500000000000","0.00000141999999999999996","2.9230000000000000","Enrichr--Queries","HSPG2,ATF3,ABCA1,PPARG,GPRC5C,EGLN3,RORA,FBXO32,MDK,UPP1,BAIAP3,EPAS1,EGR3,HYAL1,CD74,CD82,LOXL2,PCOLCE,ISG20,MYO15B,NR1D1,LFNG,SERPINB8,GPNMB,CKB,TLE2,CEBPD,IFITM3,PDK4,PTGDS,ALDOC,LTBP2,NR4A3,TGFBI,MCF2L"
"DEG_LD_SW480","177","0.126099999999999990","ZNF681","ZNF681","35","298","0.000000183500000000000","0.00000141999999999999996","2.9230000000000000","Enrichr--Queries","ZNF273,SLC5A3,EXPH5,ZNF486,RORA,ZNF680,ZNF429,ADGRV1,ZNF610,ZNF711,KIF5C,NPNT,ZNF92,ZNF93,AUTS2,SYT1,GNG4,SYTL2,SLAIN1,SLC16A14,TET1,SERPINB8,ZNF117,ZNF107,ZNF331,ATP8A1,DACH1,CDK6,NBEA,ZNF737,ARRDC4,BCL11A,RYR2,CADPS2,SELENOP"
"DEG_LD_SW480","178","0.126799999999999996","CAMTA1","CAMTA1","35","298","0.000000183500000000000","0.00000141999999999999996","2.9230000000000000","Enrichr--Queries","KCNMA1,SLCO3A1,RORA,ATXN1,KCNQ2,EPAS1,KIF26B,KIF5C,TANC2,EEF1A2,RTN1,AUTS2,SYT1,RERE,NAV1,ALCAM,SERPINB8,ATP8A1,ITPR1,CDK6,NBEA,TIAM1,RABGAP1L,BCL11B,BCL11A,RYR2,SH3PXD2A,AKAP6,CADPS2,NTM,DOCK4,MCF2L,TGFBR3,CDH13,NCAM1"
"DEG_LD_SW480","179","0.127500000000000002","ZNF429","ZNF429","35","298","0.000000183500000000000","0.00000141999999999999996","2.9230000000000000","Enrichr--Queries","ZNF273,ABCA1,ZNF486,KCNMA1,SLCO3A1,RORA,ZNF681,ZNF680,ZNF610,PPP1R3B,KIF5C,ZNF92,ZNF93,ALCAM,FMN1,TET1,SERPINB8,ZNF117,PRUNE2,ZNF107,GPR155,ZNF331,ATP8A1,MAP2K6,NBEA,ZNF737,SLC46A3,PDK4,ARRDC4,TSHZ2,BCL11A,CADPS2,ZMAT1,PDE3B,TGFBR3"
"DEG_LD_SW480","180","0.128200000000000008","NR1H3","NR1H3","35","298","0.000000183500000000000","0.00000141999999999999996","2.9230000000000000","Enrichr--Queries","ATF3,ABCA1,FASN,SLC7A7,PPARG,ITGB2,UPP1,EPAS1,IGF1,BST2,HYAL1,CTSK,CTSB,IL1B,CD74,VDR,ISG20,CNTN1,PLEK,ACTA2,ANXA1,SERPINB8,GPNMB,CKB,PGF,SLC15A3,DAB2,CEBPD,IFITM3,IFITM1,PDK4,MGST1,EDN1,SELENOP,TGFBI"
"DEG_LD_SW480","181","0.128899999999999987","RHOXF1","RHOXF1","35","298","0.000000183500000000000","0.00000141999999999999996","2.9230000000000000","Enrichr--Queries","ATF3,SRPX,PPARG,DMD,PRAME,RORA,LEPR,EGR3,KIF26B,CLGN,CAPN6,EEF1A2,CNTN1,FGF13,CFAP45,GLDN,PLAC1,TNFSF4,NMNAT2,CEMIP,LHX2,NLGN1,OXTR,PDK4,MAOB,MATN2,IFI6,CST1,GABRE,KRT14,SAA1,SELENOP,TGFBR3,ALDH1A3,CADPS"
"DEG_LD_SW480","182","0.129599999999999993","ZSCAN18","ZSCAN18","35","298","0.000000183500000000000","0.00000141999999999999996","2.9230000000000000","Enrichr--Queries","ATF3,ABCA1,RORA,OLFM1,FBXO32,MDK,EPAS1,ARHGEF3,KIF5C,EEF1A2,RTN1,AUTS2,ACTA2,DKK3,SERPINB8,CKB,GRB10,TLE2,F2R,IGFBP7,ASNS,NBEA,IFITM3,PDK4,BEX4,TMTC1,BCL11A,GNG11,SLC22A17,MATN2,CADPS2,SELENOP,LTBP2,TGFBI,TGFBR3"
"DEG_LD_SW480","183","0.130299999999999999","SCRT1","SCRT1","35","299","0.000000198900000000000","0.00000150999999999999994","2.9119999999999999","Enrichr--Queries","UNC5A,SHOX2,RHBDL3,JPH3,KCNMA1,OLFM1,BSN,KCNQ2,EGR3,CRTAC1,KIF5C,ADAM11,EEF1A2,RTN1,CACNA1E,SYT1,VGF,CRMP1,GNG4,SPOCK1,SLIT3,CHGB,UNC13A,NR1D1,NMNAT2,LHX2,EBF3,MAPK8IP2,BCL11B,BCL11A,AP3B2,CADPS2,CPLX1,ELAVL2,CADPS"
"DEG_LD_SW480","184","0.131099999999999994","ZNF385D","ZNF385D","35","299","0.000000198900000000000","0.00000150999999999999994","2.9119999999999999","Enrichr--Queries","KCNMA1,F13A1,RORA,PRRX1,RAB27B,IGF1,PCLO,SYT1,COL5A2,CNTN1,SPOCK1,SERPINB8,PRUNE2,DACH1,AK5,NBEA,RCAN2,NLGN1,PDK4,TSHZ2,TMTC1,BCL11A,GNG11,RYR2,AKAP6,CADPS2,NTM,EFNA5,TGFBR3,CDH13,COL6A3,NCAM1,VAT1L,CADPS,PDE10A"
"DEG_LD_SW480","185","0.131800000000000000","ZIM2","ZIM2","35","299","0.000000198900000000000","0.00000150999999999999994","2.9119999999999999","Enrichr--Queries","JPH3,KCNMA1,DMD,RORA,OLFM1,ADGRV1,KCNQ2,EPAS1,MED12L,PCLO,KIF26B,LOXL2,AUTS2,COL5A2,CNTN1,DNAH10,SERPINB8,PRUNE2,NMNAT2,NBEA,NLGN1,ABLIM3,TIAM1,TSHZ3,TMTC1,PDE2A,RYR1,RYR2,TENM1,CADPS2,NTM,MCF2L,TGFBR3,CDH13,NCAM1"
"DEG_LD_SW480","186","0.132500000000000007","TBX20","TBX20","34","293","0.000000357600000000000","0.00000266999999999999985","2.8830000000000000","Enrichr--Queries","ATF3,SHOX2,HEY1,PPARG,EGLN3,RORA,PRRX1,EPAS1,IGF1,KIF26B,LOXL2,TFAP2A,HS3ST3B1,ACTA2,RBM24,SERPINB8,COL2A1,MOCOS,IGFBP7,LHX2,IRX3,SOX2,EBF3,BCL11B,BCL11A,RYR2,CADPS2,EFNA5,TGFBI,TGFBR3,CDH11,CDH13,COL6A3,NCAM1"
"DEG_LD_SW480","187","0.133200000000000013","HOXD11","HOXD11","34","293","0.000000357600000000000","0.00000266999999999999985","2.8830000000000000","Enrichr--Queries","ATF3,HS3ST3A1,SHOX2,HOXC11,PPARG,RORA,DLX4,PRRX1,PRRX2,EGR3,LOXL2,NPNT,TFAP2A,ACTA2,DKK1,SERPINB8,COL2A1,HOXD13,HOXD10,MOCOS,PGF,LHX2,IRX3,SOX2,EBF3,BCL11A,CADPS2,NR4A3,TGFBI,ELAVL2,SIX2,ALDH1A3,CDH11,COL6A3"
"DEG_LD_SW480","188","0.133899999999999991","ZNF667","ZNF667","34","293","0.000000357600000000000","0.00000266999999999999985","2.8830000000000000","Enrichr--Queries","ATF3,ABCA1,HEY1,KCNMA1,RORA,FBXO32,PTPRZ1,ZNF610,ZNF711,EPAS1,PCLO,KIF5C,AUTS2,SYT1,CNTN1,SPOCK1,SERPINB8,GPR155,F2R,ITPR1,ASNS,NBEA,PDK4,ARRDC4,BEX4,MGST1,TMTC1,BCL11A,GNG11,NT5E,CADPS2,NR4A3,TGFBI,TGFBR3"
"DEG_LD_SW480","189","0.134599999999999997","RARB","RARB","34","294","0.000000387000000000000","0.00000279999999999999987","2.8719999999999999","Enrichr--Queries","ATF3,ABCA1,HEY1,KCNMA1,PPARG,RORA,FBXO32,EPAS1,IGF1,SORCS2,KIF26B,PLAT,SYT1,COL5A2,RND3,ACTA2,ALCAM,DKK3,FLRT3,ANXA1,SERPINB8,DACH1,MITF,ITPR1,CDK6,RCAN2,MATN2,CADPS2,EFNA5,TGFBR3,CDH11,CDH13,NCAM1,PDE10A"
"DEG_LD_SW480","190","0.135300000000000004","HOXD1","HOXD1","34","294","0.000000387000000000000","0.00000279999999999999987","2.8719999999999999","Enrichr--Queries","RNASE1,ATF3,KCNMA1,PPARG,EGLN3,KANK4,PRRX1,EPAS1,SERTAD4,LOXL2,TFAP2A,COL5A2,ACTA2,SPOCK1,DKK1,LFNG,SERPINB8,COL2A1,HOXD13,HOXD11,HOXD10,MOCOS,DACH1,PGF,LHX2,CPM,CEBPD,IRX3,SOX2,EDN1,TGFBI,SIX2,ALDH1A3,CDH11"
"DEG_LD_SW480","191","0.136000000000000010","NR0B1","NR0B1","34","294","0.000000387000000000000","0.00000279999999999999987","2.8719999999999999","Enrichr--Queries","ATF3,PDGFC,FASN,HEY1,PPARG,UPP1,EPAS1,WFDC2,CLGN,EEF1A2,COL5A2,ACTA2,ACOX2,DKK1,FLRT3,ANXA1,SERPINB8,CKB,SALL4,MITF,PARM1,IGFBP7,ESRRB,ASNS,CDK6,HMGCS1,CEBPD,IFITM1,SOX2,PDK4,GNG11,CADPS2,TGFBI,ELAVL2"
"DEG_LD_SW480","192","0.136800000000000005","HAND1","HAND1","34","294","0.000000387000000000000","0.00000279999999999999987","2.8719999999999999","Enrichr--Queries","ATF3,NGFR,HEY1,PPARG,RORA,KANK4,DLX3,PRRX1,SPON1,EPAS1,EGR3,LOXL2,NPNT,EEF1A2,TFAP2A,COL5A2,ACTA2,DKK1,ANXA1,SERPINB8,COL2A1,HOXD10,OLFML3,CKB,SALL4,PARM1,LHX2,IRX3,SOX2,EBF3,BCL11A,RYR2,TGFBI,CDH11"
"DEG_LD_SW480","193","0.137500000000000011","MEOX1","MEOX1","34","294","0.000000387000000000000","0.00000279999999999999987","2.8719999999999999","Enrichr--Queries","ATF3,SRPX,PPARG,PRRX1,TM4SF1,EPAS1,EGR3,IGF1,CD74,PLAT,LOXL2,PCOLCE,COL5A2,ACTA2,CYGB,ANXA1,SERPINB8,GPNMB,OLFML3,IGFBP7,DAB2,VWF,CEBPD,PDK4,GNG11,CX3CL1,EDN1,MATN2,FBLN1,TGFBI,TGFBR3,ALDH1A3,CDH11,COL6A3"
"DEG_LD_SW480","194","0.138199999999999990","GBX2","GBX2","34","294","0.000000387000000000000","0.00000279999999999999987","2.8719999999999999","Enrichr--Queries","FZD10,ATF3,SHOX2,NGFR,HEY1,EGLN3,RORA,EPAS1,EGR3,KIF26B,LOXL2,TFAP2A,HS3ST3B1,VGF,CRMP1,DKK1,SERPINB8,COL2A1,ECEL1,DACH1,SALL4,GRB10,PGF,LHX2,IRX3,SOX2,EBF3,TSHZ3,BCL11A,EFNA5,TGFBI,ELAVL2,ALDH1A3,PDE10A"
"DEG_LD_SW480","195","0.138899999999999996","MESP1","MESP1","34","295","0.000000418700000000000","0.00000293999999999999980","2.8610000000000002","Enrichr--Queries","ATF3,FASN,HEY1,PPARG,GPRC5C,OLFM1,MDK,SPON1,EPAS1,EGR3,WFDC2,GAL,LOXL2,EEF1A2,ACTA2,ACOX2,VGF,SPOCK1,DKK1,LFNG,SERPINB8,CKB,PGF,IGFBP7,CEBPD,IRX3,IFITM1,PDK4,EDN1,CADPS2,TGFBI,KLF15,ALDH1A3,MLPH"
"DEG_LD_SW480","196","0.139600000000000002","SATB2","SATB2","34","295","0.000000418700000000000","0.00000293999999999999980","2.8610000000000002","Enrichr--Queries","ABCA1,KCNMA1,PPARG,RORA,ATXN1,KCTD12,TFAP2A,AUTS2,SYT1,COL5A2,RND3,NAV1,SPOCK1,ALCAM,SYTL2,SERPINB8,GRB10,ITPR1,CDK6,NBEA,LHX2,TIAM1,TSHZ3,TMTC1,BCL11B,BCL11A,NT5E,CADPS2,NTM,EFNA5,DOCK4,CDH11,CDH13,NCAM1"
"DEG_LD_SW480","197","0.140300000000000008","LHX2","LHX2","34","295","0.000000418700000000000","0.00000293999999999999980","2.8610000000000002","Enrichr--Queries","ATF3,SHOX2,ABCA1,HEY1,EGLN3,RORA,OLFM1,PTPRZ1,EPAS1,EGR3,SORCS2,KIF26B,LOXL2,KIF5C,RTN1,TFAP2A,CNTN1,RND3,VGF,ALCAM,FLRT3,SERPINB8,CKB,NMNAT2,SOX2,EBF3,BCL11B,BCL11A,EDN1,CADPS2,SELENOP,NR4A3,TGFBR3,ALDH1A3"
"DEG_LD_SW480","198","0.140999999999999986","LMX1B","LMX1B","34","295","0.000000418700000000000","0.00000293999999999999980","2.8610000000000002","Enrichr--Queries","UNC5A,ATF3,SHOX2,NGFR,KCNMA1,KCNG1,RORA,OLFM1,DLX3,LRP2,EGR3,WNK2,SORCS2,KIF26B,LOXL2,TFAP2A,AUTS2,SPOCK1,LFNG,COL2A1,DACH1,LHX2,THSD4,IRX3,SOX2,EBF3,BCL11B,BCL11A,CADPS2,NTM,EFNA5,SIX2,CDH13,PDE10A"
"DEG_LD_SW480","199","0.141699999999999993","PAX6","PAX6","34","295","0.000000418700000000000","0.00000293999999999999980","2.8610000000000002","Enrichr--Queries","ATF3,KCNMA1,PPARG,RORA,OLFM1,ADGRV1,LRP2,PTPRZ1,PRRX1,EPAS1,EGR3,KIF5C,RTN1,TFAP2A,SYT1,CNTN1,CRMP1,GNG4,SPOCK1,SERPINB8,NMNAT2,DACH1,GRB10,MITF,CDK6,LHX2,SOX2,EBF3,BCL11A,CADPS2,EFNA5,ELAVL2,TGFBR3,NCAM1"
"DEG_LD_SW480","200","0.142499999999999988","RFX4","RFX4","34","295","0.000000418700000000000","0.00000293999999999999980","2.8610000000000002","Enrichr--Queries","ABCA1,HEY1,RORA,SLC16A9,OLFM1,ADGRV1,PTPRZ1,PRRX1,SPON1,EPAS1,SORCS2,KIRREL3,RTN1,SYT1,CNTN1,CRMP1,SERPINB8,NMNAT2,DACH1,ILDR2,LHX2,KCNJ10,SOX2,EBF3,BCL11A,RYR2,CADPS2,NTM,EFNA5,ELAVL2,KLF15,TGFBR3,NCAM1,PDE10A"
"DEG_LD_SW480","201","0.143199999999999994","GLI1","GLI1","34","296","0.000000452800000000000","0.00000302999999999999979","2.8500000000000001","Enrichr--Queries","CLDN1,ATF3,ABCA1,NGFR,HEY1,PPARG,MDK,EPAS1,EGR3,IGF1,PLAT,LOXL2,PCOLCE,VDR,COL5A3,COL5A2,CNTN1,ACTA2,SERPINB8,COL2A1,OLFML3,F2R,PGF,IGFBP7,CDK6,SOX2,BCL11B,BCL11A,EDN1,FBLN1,TGFBI,ALDH1A3,CDH11,COL6A3"
"DEG_LD_SW480","202","0.143900000000000000","HOXC9","HOXC9","34","296","0.000000452800000000000","0.00000302999999999999979","2.8500000000000001","Enrichr--Queries","ATF3,SHOX2,HOXC11,HEY1,PPARG,PRRX1,SORCS2,SERTAD4,KIF26B,PLAT,LOXL2,TFAP2A,VDR,COL5A2,CNTN1,ACTA2,DKK1,SERPINB8,COL2A1,HOXD11,HOXD10,F2R,DAB2,LHX2,IRX3,SOX2,EBF3,TSHZ3,EDN1,TGFBI,TGFBR3,ALDH1A3,CDH11,COL6A3"
"DEG_LD_SW480","203","0.144600000000000006","TBX10","TBX10","34","296","0.000000452800000000000","0.00000302999999999999979","2.8500000000000001","Enrichr--Queries","HSPG2,ATF3,MYH7B,NGFR,NAPSA,FASN,KCNG1,SLC16A9,DLX3,MDK,NKAIN1,IGF1,WFDC2,HYAL1,GAL,LOXL2,NXPH4,VDR,ACTA2,ACOX2,VGF,CNTFR,DKK1,LFNG,SERPINB8,COL2A1,PRUNE2,MOCOS,DHRS2,NOTUM,PARM1,ADAMTS7,TBC1D10C,BCL11A"
"DEG_LD_SW480","204","0.145300000000000012","FOXF2","FOXF2","34","296","0.000000452800000000000","0.00000302999999999999979","2.8500000000000001","Enrichr--Queries","ATF3,HEY1,PPARG,PRRX1,TM4SF1,EPAS1,PLAT,LOXL2,TFAP2A,COL5A2,CNTN1,FGF13,RND3,ACTA2,DKK1,ANXA1,SERPINB8,GPNMB,PGF,IGFBP7,DAB2,BNC2,CEBPD,IRX3,SOX2,EBF3,GNG11,EDN1,FBLN1,TGFBI,TGFBR3,ALDH1A3,CDH11,COL6A3"
"DEG_LD_SW480","205","0.145999999999999991","PROX1","PROX1","34","296","0.000000452800000000000","0.00000302999999999999979","2.8500000000000001","Enrichr--Queries","ATF3,ABCA1,KCNMA1,RORA,FBXO32,KCTD12,EPAS1,IGF1,KIF26B,NPNT,AUTS2,SYT1,RND3,NAV1,ALCAM,SERPINB8,ATP8A1,DACH1,PARM1,NBEA,SOX2,PDK4,EBF3,TSHZ2,BCL11B,BCL11A,SH3PXD2A,CADPS2,SELENOP,EFNA5,NR4A3,TGFBR3,CDH11,NCAM1"
"DEG_LD_SW480","206","0.146699999999999997","EPAS1","EPAS1","34","296","0.000000452800000000000","0.00000302999999999999979","2.8500000000000001","Enrichr--Queries","HSPG2,ATF3,ABCA1,PPARG,FBXO32,PTPRB,TM4SF1,KCTD12,CTSB,NEDD9,PLAT,LOXL2,COL5A2,CNTN1,RND3,ACTA2,ALCAM,ANXA1,SERPINB8,GPNMB,CKB,F2R,IGFBP7,DAB2,VWF,CEBPD,IFITM3,PDK4,GNG11,EDN1,NT5E,SELENOP,TGFBI,TGFBR3"
"DEG_LD_SW480","207","0.147400000000000003","ZNF532","ZNF532","34","296","0.000000452800000000000","0.00000302999999999999979","2.8500000000000001","Enrichr--Queries","PDGFC,ABCA1,KCNMA1,RORA,ATXN1,FBXO32,QKI,KCTD12,NEDD9,TANC2,CNN3,AUTS2,COL5A2,NAV1,ACTA2,SPOCK1,SYTL2,ANXA1,SERPINB8,GRB10,F2R,DAB2,CDK6,NBEA,BNC2,CEBPD,PTPN13,TIAM1,BCL11A,SH3PXD2A,EDN1,TGFBI,DOCK4,CDH11"
"DEG_LD_SW480","208","0.148100000000000009","PRRX2","PRRX2","34","296","0.000000452800000000000","0.00000302999999999999979","2.8500000000000001","Enrichr--Queries","ATF3,RORA,MDK,PRRX1,TM4SF1,MXRA8,EPAS1,CTSK,SERTAD4,KIF26B,LOXL2,PCOLCE,COL5A2,CNTN1,ACTA2,DKK3,ANXA1,SERPINB8,GPNMB,OLFML3,F2R,PGF,IGFBP7,DAB2,CEBPD,IRX3,IFITM3,IFITM1,COL8A2,GNG11,FBLN1,TGFBI,CDH11,COL6A3"
"DEG_LD_SW480","209","0.148900000000000005","SOX3","SOX3","34","296","0.000000452800000000000","0.00000302999999999999979","2.8500000000000001","Enrichr--Queries","ATF3,RHBDL3,HEY1,OLFM1,ADGRV1,LRP2,PTPRZ1,SPON1,EGR3,GREB1,LOXL2,EEF1A2,FGF13,ACTA2,VGF,CRMP1,FLRT3,LFNG,ANXA1,SERPINB8,COL2A1,CKB,ECEL1,SALL4,CDK6,LHX2,IRX3,SOX2,EBF3,BCL11A,CAMKV,TGFBI,ELAVL2,VAT1L"
"DEG_LD_SW480","210","0.149600000000000011","GTF2IRD2B","GTF2IRD2B","34","296","0.000000452800000000000","0.00000302999999999999979","2.8500000000000001","Enrichr--Queries","ATF3,ABCA1,KCNMA1,RORA,FBXO32,DEPP1,EPAS1,PCLO,CTSK,NEDD9,CD82,EEF1A2,AUTS2,ISG20,RERE,MYO15B,SYTL2,GTF2IRD2,LFNG,ZCWPW1,ANXA1,SERPINB8,ZNF117,GRB10,ASNS,CDK6,NBEA,EIF4E3,CEBPD,PDK4,MATN2,CADPS2,SELENOP,ZMAT1"
"DEG_LD_SW480","211","0.150299999999999989","ZNF471","ZNF471","34","297","0.000000489500000000000","0.00000314000000000000001","2.8390000000000000","Enrichr--Queries","ABCA1,KCNMA1,DMD,RORA,ZNF681,PLA2R1,ZNF429,ADGRV1,ZNF610,ZNF711,EPAS1,LOXL2,CNTN1,ACTA2,CRMP1,SYTL2,SSPN,SERPINB8,ZNF117,MITF,IGFBP7,NBEA,ZNF737,PDK4,TSHZ2,BCL11A,RYR2,AKAP6,CADPS2,SELENOP,TGFBR3,ALDH1A3,CDH11,CDH13"
"DEG_LD_SW480","212","0.150999999999999995","MSX1","MSX1","34","297","0.000000489500000000000","0.00000314000000000000001","2.8390000000000000","Enrichr--Queries","CLDN1,ATF3,ABCA1,HEY1,PRRX1,EPAS1,LOXL2,PCOLCE,TFAP2A,COL5A2,CNTN1,RND3,ACTA2,DKK1,ANXA1,SERPINB8,GPNMB,CKB,PGF,IGFBP7,DAB2,LHX2,CEBPD,IRX3,IFITM3,IFITM1,SOX2,EBF3,GNG11,EDN1,NT5E,FBLN1,TGFBI,CDH11"
"DEG_LD_SW480","213","0.151700000000000002","HEY2","HEY2","34","297","0.000000489500000000000","0.00000314000000000000001","2.8390000000000000","Enrichr--Queries","ATF3,ABCA1,HEY1,SLC7A2,EGLN3,FBXO32,PTPRZ1,EPAS1,EGR3,LOXL2,COL5A2,CNTN1,RND3,ACTA2,RBM24,SERPINB8,GPNMB,PGF,PARM1,IGFBP7,CEBPD,IRX3,SOX2,PDK4,BCL11A,EDN1,MATN2,CADPS2,TGFBI,TGFBR3,ALDH1A3,CDH11,CDH13,NCAM1"
"DEG_LD_SW480","214","0.152400000000000008","ZNF836","ZNF836","34","297","0.000000489500000000000","0.00000314000000000000001","2.8390000000000000","Enrichr--Queries","CLDN1,ABCA1,ZNF486,ZNF239,YPEL1,RORA,ZNF681,ZNF429,FBXO32,SYT17,ZNF610,HERC5,ZNF93,AUTS2,MAML2,XYLT1,ST3GAL5,SERPINB8,ZNF117,GPNMB,ZNF331,ATP8A1,F2R,NBEA,ZNF501,ZNF737,SLC46A3,IFITM1,RYR2,SLC44A2,BTN3A2,MATN2,CADPS2,CDH23"
"DEG_LD_SW480","215","0.153100000000000014","HOXB7","HOXB7","34","297","0.000000489500000000000","0.00000314000000000000001","2.8390000000000000","Enrichr--Queries","ATF3,PDGFC,HEY1,PPARG,PRRX1,TM4SF1,EPAS1,EGR3,KIF26B,LOXL2,TFAP2A,COL5A2,CNTN1,ACTA2,DKK1,ANXA1,SERPINB8,HOXD10,GPNMB,F2R,PGF,IGFBP7,LHX2,CEBPD,IRX3,IFITM3,PTGDS,MGST1,GNG11,EDN1,NT5E,TGFBI,TGFBR3,ALDH1A3"
"DEG_LD_SW480","216","0.153799999999999992","ZNF114","ZNF114","34","297","0.000000489500000000000","0.00000314000000000000001","2.8390000000000000","Enrichr--Queries","ATF3,ABCA1,EGLN3,SLC16A9,UPP1,EREG,PAG1,GREB1,BST2,GAL,SYT1,CNTN1,TMEM45A,GNG4,SPOCK1,DKK1,SERPINB8,GPNMB,COL27A1,F2R,PGF,CEMIP,CPM,CEBPD,IFITM1,SOX2,ARRDC4,MGST1,EDN1,IFI6,NT5E,CADPS2,TGFBI,ALDH1A3"
"DEG_LD_SW480","217","0.154599999999999987","PITX2","PITX2","34","297","0.000000489500000000000","0.00000314000000000000001","2.8390000000000000","Enrichr--Queries","ATF3,SHOX2,KCNMA1,PPARG,EGLN3,RORA,PRRX1,EPAS1,KIF26B,LOXL2,TFAP2A,COL5A2,CNTN1,ACTA2,DKK1,ANXA1,SERPINB8,COL2A1,GRB10,DAB2,LHX2,CEBPD,IRX3,SOX2,EBF3,BCL11B,BCL11A,SELENOP,EFNA5,TGFBI,SIX2,TGFBR3,CDH11,COL6A3"
"DEG_LD_SW480","218","0.155299999999999994","MEIS3","MEIS3","34","297","0.000000489500000000000","0.00000314000000000000001","2.8390000000000000","Enrichr--Queries","HSPG2,ATF3,ABCA1,NAPSA,KCNMA1,OLFM1,MDK,EPAS1,IGF1,SORCS2,KIF26B,LOXL2,EEF1A2,RTN1,COL5A2,CRMP1,SPOCK1,DKK3,LFNG,SERPINB8,PRUNE2,OLFML3,CKB,TLE2,PGF,ARRDC4,TSHZ3,BCL11A,PDE2A,SLC22A17,TGFBI,CDH11,CDH13,NCAM1"
"DEG_LD_SW480","219","0.156000000000000000","RORC","RORC","34","297","0.000000489500000000000","0.00000314000000000000001","2.8390000000000000","Enrichr--Queries","ATF3,ABCA1,MYH7B,FASN,PPARG,GPRC5C,SLC7A2,EGLN3,RORA,FBXO32,AGXT,EPAS1,CD74,LOXL2,VDR,CNTN1,NAMPT,NR1D1,LFNG,ANXA1,SERPINB8,ATP8A1,RCAN2,CEBPD,PDK4,PTGDS,MAOB,MGST1,ALDOC,NT5E,SELENOP,TGFBI,KLF15,TGFBR3"
"DEG_LD_SW480","220","0.156700000000000006","ZNF491","ZNF491","34","298","0.000000528900000000000","0.00000332999999999999988","2.8279999999999998","Enrichr--Queries","ZNF486,DMD,YPEL1,ZNF442,ZNF681,ZNF429,MDK,ADGRV1,ZNF610,KCTD12,PAG1,ZNF93,RTN1,MAML2,SYTL2,SLC16A14,SERPINB8,ZNF117,DACH1,ANKRD44,F2R,PGF,CDK6,CPM,ZNF763,PTPN13,ZNF737,ARRDC4,TSHZ2,BCL11B,SH3PXD2A,CADPS2,CDH23,TGFBR3"
"DEG_LD_SW480","221","0.157400000000000012","ZNF774","ZNF774","34","298","0.000000528900000000000","0.00000332999999999999988","2.8279999999999998","Enrichr--Queries","ABCA1,HEY1,KCNMA1,DMD,EGLN3,RORA,ATXN1,FBXO32,UST,EPAS1,PAG1,PCLO,NEDD9,CD82,KIF5C,NAV1,FMN1,SERPINB8,ATP8A1,PGF,NBEA,SLC46A3,PDK4,ARRDC4,STXBP1,BCL11A,MATN2,IFI6,CADPS2,EFNA5,DOCK4,MCF2L,KLF15,TGFBR3"
"DEG_LD_SW480","222","0.158099999999999991","SATB1","SATB1","34","298","0.000000528900000000000","0.00000332999999999999988","2.8279999999999998","Enrichr--Queries","ATF3,ABCA1,PPARG,SLCO3A1,RORA,ATXN1,FBXO32,KCTD12,EPAS1,ARHGEF3,GNAI1,CD74,AUTS2,SYT1,ALCAM,PRKCQ,ST3GAL5,ANXA1,SERPINB8,ATP8A1,GRB10,TLE1,ITPR1,CDK6,NBEA,CEBPD,TIAM1,BCL11B,BCL11A,CADPS2,SELENOP,TGFBI,DOCK4,TGFBR3"
"DEG_LD_SW480","223","0.158799999999999997","ZNF578","ZNF578","34","298","0.000000528900000000000","0.00000332999999999999988","2.8279999999999998","Enrichr--Queries","ZNF273,ZNF486,SLC16A9,ZNF681,OLFM1,ZNF429,ZNF610,HERC5,SORCS2,ZNF92,ZNF93,TFAP2A,AUTS2,XYLT1,TIMP4,TET1,SERPINB8,ZNF117,PRUNE2,ZNF107,PGF,NBEA,NLGN1,CACNG8,ZNF502,ZNF737,ARRDC4,TMTC1,RYR2,EDN1,CADPS2,CDH23,ELAVL2,TGFBR3"
"DEG_LD_SW480","224","0.159500000000000003","ZNF718","ZNF718","34","299","0.000000571200000000000","0.00000355999999999999980","2.8180000000000001","Enrichr--Queries","ATF3,ZNF486,KCNMA1,DAB2IP,RORA,ZNF681,ZNF680,QKI,LDLRAD4,PAG1,PCLO,LOXL2,KIF5C,ZNF92,ZNF93,TFAP2A,AUTS2,MAML2,WDR72,FMN1,SERPINB8,ZNF117,GPNMB,ZNF107,CDK6,NBEA,ZNF737,TIAM1,TMTC1,BCL11A,RYR2,EDN1,CADPS2,CDH13"
"DEG_LD_SW480","225","0.160299999999999998","TBX6","TBX6","34","299","0.000000571200000000000","0.00000355999999999999980","2.8180000000000001","Enrichr--Queries","HSPG2,ATF3,ABCA1,NAPSA,HEY1,PPARG,SLC7A2,EGLN3,FBXO32,ARRB1,SLPI,EGR3,HYAL1,SLC43A1,LOXL2,VDR,ISG20,NR1D1,LFNG,SERPINB8,CKB,TLE2,PGF,CPM,VWF,ACSS1,PDK4,ALDOC,ARHGAP45,SELENOP,CDH23,NR4A3,TRPV4,KLF15"
"DEG_LD_SW480","226","0.161000000000000004","EN1","EN1","33","293","0.000001018000000000000","0.00000629999999999999982","2.7869999999999999","Enrichr--Queries","ATF3,SHOX2,HEY1,PPARG,PRRX1,PRRX2,EGR3,IGF1,SERTAD4,KIF26B,LOXL2,TFAP2A,COL5A2,DKK1,SERPINB8,HOXD11,HOXD10,NMNAT2,LHX2,IRX3,SOX2,EBF3,TSHZ3,TSHZ2,BCL11B,BCL11A,CADPS2,TGFBI,ELAVL2,SIX2,ALDH1A3,CDH11,COL6A3"
"DEG_LD_SW480","227","0.161700000000000010","DMBX1","DMBX1","33","293","0.000001018000000000000","0.00000629999999999999982","2.7869999999999999","Enrichr--Queries","ATF3,SHOX2,HEY1,KCNG1,RORA,DLX3,LRP2,COL26A1,SPON1,EPAS1,EGR3,CD82,LOXL2,TFAP2A,NAV1,ACTA2,DKK1,SERPINB8,COL2A1,OLFML3,SALL4,LHX2,IRX3,IFITM1,SOX2,EBF3,BCL11B,BCL11A,CADPS2,EFNA5,CDH23,TGFBI,TGFBR3"
"DEG_LD_SW480","228","0.162399999999999989","ASCL1","ASCL1","33","294","0.000001098000000000000","0.00000658999999999999959","2.7770000000000001","Enrichr--Queries","ATF3,HEY1,RORA,OLFM1,PTPRZ1,SPON1,EPAS1,EGR3,KIF5C,NPNT,RTN1,CACNA1E,TFAP2A,SYT1,CNTN1,CRMP1,GNG4,SPOCK1,SLIT3,CHGB,SERPINB8,DACH1,LHX2,CACNG4,SOX2,EBF3,BCL11B,BCL11A,CADPS2,ELAVL2,CDH11,NCAM1,CADPS"
"DEG_LD_SW480","229","0.163099999999999995","HOXB13","HOXB13","33","294","0.000001098000000000000","0.00000658999999999999959","2.7770000000000001","Enrichr--Queries","ATF3,SHOX2,PPARG,EGLN3,DLX3,FBXO32,UPP1,PRRX1,SLPI,EPAS1,TSPAN1,LOXL2,TFAP2A,ISG20,DKK1,ANXA1,COL2A1,HOXD13,HOXD11,HOXD10,GPNMB,CKB,MOCOS,PGF,LHX2,IRX3,IFITM3,SOX2,CADPS2,STEAP1,TGFBI,SIX2,ALDH1A3"
"DEG_LD_SW480","230","0.163800000000000001","GATA5","GATA5","33","294","0.000001098000000000000","0.00000658999999999999959","2.7770000000000001","Enrichr--Queries","ATF3,JPH3,HEY1,KCNMA1,PPARG,RORA,DLX3,LRP2,PRRX1,PRRX2,SPON1,EPAS1,EGR3,WFDC2,KIF26A,NPNT,TFAP2A,ACTA2,CNTFR,DKK1,SERPINB8,COL2A1,HOXD10,SALL4,PGF,PARM1,LHX2,IRX3,SOX2,EBF3,TGFBI,ALDH1A3,CDH11"
"DEG_LD_SW480","231","0.164500000000000007","ZNF474","ZNF474","33","294","0.000001098000000000000","0.00000658999999999999959","2.7770000000000001","Enrichr--Queries","EML1,ATF3,ABCA1,DMD,RORA,ADGRV1,DEPP1,LDLRAD4,EREG,EPAS1,LOXL2,FGF13,CFAP45,CHI3L1,CRYM,DKK1,STON2,TIMP4,SERPINB8,GPNMB,PGF,EFHB,CEBPD,THSD4,CACNG6,ARRDC4,EDN1,MATN2,VGLL3,CADPS2,EFNA5,CDH23,TGFBI"
"DEG_LD_SW480","232","0.165200000000000014","LHX5","LHX5","33","294","0.000001098000000000000","0.00000658999999999999959","2.7770000000000001","Enrichr--Queries","FZD10,ATF3,SHOX2,RHBDL3,NGFR,KCNMA1,RORA,OLFM1,KIF26A,KIF26B,LOXL2,CACNA1E,TFAP2A,VGF,CRMP1,SOX14,COL2A1,HOXD10,ECEL1,NMNAT2,ESRRB,LHX2,IRX3,NECTIN1,SOX2,EBF3,BCL11B,BCL11A,FEZF1,CADPS2,EFNA5,ELAVL2,SIX2"
"DEG_LD_SW480","233","0.166000000000000009","MEF2C","MEF2C","33","294","0.000001098000000000000","0.00000658999999999999959","2.7770000000000001","Enrichr--Queries","ATF3,ABCA1,KCNMA1,RORA,ATXN1,RASSF2,KCTD12,EPAS1,IGF1,CD74,RASGRP3,SYT1,COL5A2,ACTA2,ALCAM,ANXA1,SERPINB8,CKB,ATP8A1,ITPR1,IGFBP7,DAB2,CDK6,HMGCS1,IFITM3,BCL11A,GNG11,CADPS2,SELENOP,TGFBI,TGFBR3,CDH11,NCAM1"
"DEG_LD_SW480","234","0.166699999999999987","SIX3","SIX3","33","294","0.000001098000000000000","0.00000658999999999999959","2.7770000000000001","Enrichr--Queries","ATF3,SHOX2,RHBDL3,KCNMA1,RORA,PRRX1,EGR3,LOXL2,KIF5C,CACNA1E,TFAP2A,SYT1,GNG4,ALCAM,COL2A1,HOXD10,ECEL1,NMNAT2,DACH1,LHX2,IRX3,SOX2,EBF3,BCL11B,BCL11A,FEZF1,CADPS2,EFNA5,NR4A3,ELAVL2,SIX2,VAT1L,PDE10A"
"DEG_LD_SW480","235","0.167399999999999993","ALX1","ALX1","33","295","0.000001183000000000000","0.00000674999999999999975","2.7660000000000000","Enrichr--Queries","ATF3,SHOX2,KCNMA1,PPARG,PRRX1,EPAS1,EGR3,KIF26B,LOXL2,TFAP2A,SYT1,ACTA2,SPOCK1,DKK1,SERPINB8,COL2A1,HOXD13,HOXD11,HOXD10,DAB2,LHX2,BNC2,IRX3,SOX2,EBF3,VGLL3,CADPS2,EFNA5,NR4A3,TGFBI,SIX2,ALDH1A3,CDH11"
"DEG_LD_SW480","236","0.168099999999999999","MEOX2","MEOX2","33","295","0.000001183000000000000","0.00000674999999999999975","2.7660000000000000","Enrichr--Queries","ATF3,SRPX,PPARG,PRRX1,KCTD12,EPAS1,IGF1,ECM2,CTSK,PCOLCE,COL5A2,CNTN1,FGF13,ACTA2,CYGB,ANXA1,SERPINB8,OLFML3,F2R,IGFBP7,DAB2,BNC2,PDK4,EBF3,GNG11,MATN2,VGLL3,FBLN1,TGFBI,TGFBR3,ALDH1A3,CDH11,COL6A3"
"DEG_LD_SW480","237","0.168800000000000006","EMX1","EMX1","33","295","0.000001183000000000000","0.00000674999999999999975","2.7660000000000000","Enrichr--Queries","UNC5A,ATF3,SHOX2,RHBDL3,JPH3,HEY1,FSTL4,RORA,LRP2,EGR3,MKX,LOXL2,EEF1A2,NXPH4,CACNA1E,TFAP2A,GNG4,SLIT3,SERPINB8,HOXD11,HOXD10,ECEL1,LHX2,IRX3,SOX2,EBF3,TSHZ3,BCL11B,BCL11A,CADPS2,EFNA5,SIX2,ALDH1A3"
"DEG_LD_SW480","238","0.169500000000000012","HOXA9","HOXA9","33","295","0.000001183000000000000","0.00000674999999999999975","2.7660000000000000","Enrichr--Queries","ATF3,SHOX2,ABCA1,PPARG,PRRX1,EPAS1,IGF1,LOXL2,TFAP2A,VDR,COL5A2,CNTN1,ACTA2,ANXA1,SERPINB8,COL2A1,HOXD13,HOXD11,HOXD10,PGF,IGFBP7,DAB2,CDK6,LHX2,CEBPD,SOX2,EBF3,BCL11A,SELENOP,TGFBI,TGFBR3,ALDH1A3,CDH11"
"DEG_LD_SW480","239","0.170199999999999990","ZIC1","ZIC1","33","295","0.000001183000000000000","0.00000674999999999999975","2.7660000000000000","Enrichr--Queries","ATF3,SHOX2,HEY1,KCNMA1,OLFM1,PTPRZ1,PRRX1,EPAS1,EGR3,LOXL2,TFAP2A,SYT1,COL5A2,ACTA2,CRMP1,SPOCK1,SERPINB8,DACH1,LHX2,IRX3,SOX2,PTGDS,EBF3,BCL11B,BCL11A,CADPS2,NTM,EFNA5,TGFBI,ELAVL2,CDH11,CDH13,NCAM1"
"DEG_LD_SW480","240","0.170899999999999996","POU3F2","POU3F2","33","295","0.000001183000000000000","0.00000674999999999999975","2.7660000000000000","Enrichr--Queries","NGFR,HEY1,KCNMA1,RORA,PTPRZ1,PRRX1,EGR3,KIF5C,RTN1,TFAP2A,SYT1,RND3,VGF,CRMP1,SPOCK1,SLIT3,SERPINB8,DACH1,CDK6,LHX2,NLGN1,IRX3,SOX2,EBF3,BCL11B,BCL11A,CADPS2,EFNA5,NR4A3,ELAVL2,CDH11,NCAM1,PDE10A"
"DEG_LD_SW480","241","0.171699999999999992","TBX18","TBX18","33","295","0.000001183000000000000","0.00000674999999999999975","2.7660000000000000","Enrichr--Queries","SHOX2,PDGFC,RORA,LEPR,PRRX1,BICC1,EPAS1,IGF1,KIF26B,LOXL2,PCOLCE,COL5A2,ACTA2,ANXA1,SERPINB8,OLFML3,IGFBP7,DAB2,BNC2,THSD4,IRX3,EBF3,TSHZ3,VGLL3,NT5E,EGFLAM,FBLN1,EFNA5,TGFBI,TGFBR3,CDH11,COL6A3,NCAM1"
"DEG_LD_SW480","242","0.172399999999999998","CREB3L1","CREB3L1","33","295","0.000001183000000000000","0.00000674999999999999975","2.7660000000000000","Enrichr--Queries","HSPG2,ATF3,PDGFC,ABCA1,EGLN3,PRRX1,TM4SF1,MXRA8,EPAS1,IGF1,NEDD9,PLAT,LOXL2,PCOLCE,COL5A2,CNTN1,ACTA2,DKK3,ANXA1,SERPINB8,GPNMB,OLFML3,CKB,PGF,IGFBP7,DAB2,CEBPD,IFITM3,EDN1,NT5E,TGFBI,CDH11,COL6A3"
"DEG_LD_SW480","243","0.173100000000000004","OLIG1","OLIG1","33","295","0.000001183000000000000","0.00000674999999999999975","2.7660000000000000","Enrichr--Queries","ATF3,HEY1,CHST2,OLFM1,AGXT,PTPRZ1,EPAS1,EGR3,RTN1,SYT1,CNTN1,VGF,CRMP1,SPOCK1,CRYM,SERPINB8,CKB,LZTS1,LHX2,RCAN2,CEBPD,KCNJ10,IFITM3,SOX2,PDK4,PTGDS,BCL11A,ALDOC,CADPS2,SELENOP,CPLX1,TGFBI,NCAM1"
"DEG_LD_SW480","244","0.173800000000000010","ZNF608","ZNF608","33","295","0.000001183000000000000","0.00000674999999999999975","2.7660000000000000","Enrichr--Queries","ATF3,PDGFC,ABCA1,KCNMA1,RORA,ATXN1,FBXO32,EPAS1,PAG1,ARHGEF3,NEDD9,KIF26B,AUTS2,RND3,NAV1,MAML2,XYLT1,ALCAM,SERPINB8,TLE1,MAP2K6,CDK6,NBEA,DUSP10,CEBPD,ARRDC4,BCL11A,EDN1,MATN2,CADPS2,EFNA5,TGFBI,TGFBR3"
"DEG_LD_SW480","245","0.174499999999999988","HOXA2","HOXA2","33","295","0.000001183000000000000","0.00000674999999999999975","2.7660000000000000","Enrichr--Queries","ATF3,SHOX2,HEY1,PPARG,RORA,PRRX1,EPAS1,EGR3,LOXL2,TFAP2A,CNTN1,ACTA2,LFNG,SERPINB8,COL2A1,HOXD10,OLFML3,DACH1,PGF,LHX2,IRX3,SOX2,PDK4,EBF3,BCL11A,EDN1,MATN2,SELENOP,TGFBI,TGFBR3,ALDH1A3,CDH11,COL6A3"
"DEG_LD_SW480","246","0.175199999999999995","DACH1","DACH1","33","295","0.000001183000000000000","0.00000674999999999999975","2.7660000000000000","Enrichr--Queries","ATF3,ABCA1,HEY1,KCNMA1,EGLN3,RORA,ATXN1,SPON1,KCTD12,EPAS1,NEDD9,KIF5C,RTN1,AUTS2,ALCAM,FLRT3,SERPINB8,PARM1,ITPR1,NBEA,PDK4,EBF3,BCL11B,BCL11A,CADPS2,SELENOP,EFNA5,NR4A3,TGFBR3,CDH11,CDH13,NCAM1,PDE10A"
"DEG_LD_SW480","247","0.175900000000000001","NR2F2","NR2F2","33","296","0.000001275000000000000","0.00000690999999999999991","2.7559999999999998","Enrichr--Queries","ATF3,ABCA1,PPARG,PRRX1,TM4SF1,KCTD12,EPAS1,NEDD9,CNN3,TFAP2A,AUTS2,COL5A2,RND3,ACTA2,ALCAM,DKK1,ANXA1,SERPINB8,TLE1,F2R,IGFBP7,DAB2,CDK6,CEBPD,IRX3,BCL11A,GNG11,EFNA5,TGFBI,TGFBR3,ALDH1A3,CDH11,COL6A3"
"DEG_LD_SW480","248","0.176600000000000007","NHLH1","NHLH1","33","296","0.000001275000000000000","0.00000690999999999999991","2.7559999999999998","Enrichr--Queries","ATF3,RHBDL3,NGFR,VANGL2,HEY1,OLFM1,PRRX1,EGR3,SYP,KIF5C,RTN1,CACNA1E,TFAP2A,RBM24,CRMP1,SLIT3,CNTFR,CHGB,SERPINB8,COL2A1,ECEL1,NMNAT2,DACH1,LHX2,SOX2,EBF3,BCL11B,BCL11A,CADPS2,CDH23,NR4A3,ELAVL2,NCAM1"
"DEG_LD_SW480","249","0.177400000000000002","SP7","SP7","33","296","0.000001275000000000000","0.00000690999999999999991","2.7559999999999998","Enrichr--Queries","HSPG2,ATF3,PDGFC,ABCA1,NGFR,GPRC5C,CHST2,DLX3,PRRX1,PRRX2,EGR3,IGF1,CTSK,SERTAD4,KIF26B,LOXL2,NPNT,VDR,COL5A2,ACTA2,DKK1,LFNG,COL2A1,GPNMB,OLFML3,CEMIP,CEBPD,THSD4,EBF3,MATN2,TGFBI,CDH11,NCAM1"
"DEG_LD_SW480","250","0.178100000000000008","TFAP2C","TFAP2C","33","296","0.000001275000000000000","0.00000690999999999999991","2.7559999999999998","Enrichr--Queries","CLDN1,ATF3,ABCA1,HEY1,KCNMA1,PPARG,EGLN3,FBXO32,TM4SF1,EPAS1,EGR3,NEDD9,PERP,LOXL2,TFAP2A,CNTN1,RND3,SPOCK1,ALCAM,DKK1,ANXA1,SERPINB8,CDK6,LHX2,CEBPD,IRX3,IFITM1,SOX2,BCL11A,EFNA5,TGFBI,ALDH1A3,MLPH"
"DEG_LD_SW480","251","0.178799999999999987","ATOH8","ATOH8","33","296","0.000001275000000000000","0.00000690999999999999991","2.7559999999999998","Enrichr--Queries","ATF3,ABCA1,HEY1,PPARG,SLC7A2,FBXO32,EPAS1,EGR3,LMCD1,SORCS2,NEDD9,KIF26B,LOXL2,COL5A2,CNTN1,ACTA2,ST3GAL5,LFNG,ANXA1,SERPINB8,IGFBP7,DAB2,RCAN2,CEBPD,IRX3,PDK4,EDN1,MATN2,SELENOP,NR4A3,TGFBI,KLF15,TGFBR3"
"DEG_LD_SW480","252","0.179499999999999993","HIC1","HIC1","33","296","0.000001275000000000000","0.00000690999999999999991","2.7559999999999998","Enrichr--Queries","HSPG2,ATF3,CHST2,PRRX1,MXRA8,KCTD12,EPAS1,EGR3,SORCS2,PLAT,LOXL2,PCOLCE,COL5A3,COL5A2,CNTN1,ACTA2,CYGB,DKK3,SERPINB8,OLFML3,GRB10,F2R,PGF,IGFBP7,CEBPD,IFITM3,EDN1,LTBP2,NR4A3,TGFBI,TGFBR3,CDH11,COL6A3"
"DEG_LD_SW480","253","0.180199999999999999","RUNX2","RUNX2","33","296","0.000001275000000000000","0.00000690999999999999991","2.7559999999999998","Enrichr--Queries","ATF3,PDGFC,ABCA1,PPARG,RORA,ATXN1,FBXO32,ITGB2,EPAS1,IL1B,NEDD9,LOXL2,VDR,COL5A2,RND3,ACTA2,ALCAM,SYTL2,ANXA1,SERPINB8,F2R,MITF,IGFBP7,DAB2,CDK6,DUSP10,CEBPD,BCL11A,NT5E,TGFBI,TGFBR3,CDH11,COL6A3"
"DEG_LD_SW480","254","0.180900000000000005","ZNF10","ZNF10","33","296","0.000001275000000000000","0.00000690999999999999991","2.7559999999999998","Enrichr--Queries","ATF3,ZNF273,DZIP3,ZNF239,PELI2,DMD,RORA,HERC5,ZNF711,ZNF92,ZNF93,AUTS2,SYTL2,SLC16A14,SERPINB8,ZNF117,ZNF107,ZNF331,ATP8A1,ITPR1,ASNS,CDK6,NBEA,ARRDC4,BCL11A,KBTBD8,CADPS2,SELENOP,ZMAT1,NR4A3,PDE3B,NFKBIZ,TGFBR3"
"DEG_LD_SW480","255","0.181600000000000011","PAX3","PAX3","33","296","0.000001275000000000000","0.00000690999999999999991","2.7559999999999998","Enrichr--Queries","ATF3,SHOX2,KCNMA1,PPARG,RORA,LRP2,PRRX1,KIF26B,LOXL2,CACNA1E,TFAP2A,COL5A2,DKK1,SERPINB8,COL2A1,HOXD10,DACH1,MITF,CDK6,LHX2,BNC2,IRX3,SOX2,EBF3,BCL11B,BCL11A,AKAP6,CADPS2,NTM,EFNA5,NR4A3,CDH11,NCAM1"
"DEG_LD_SW480","256","0.182299999999999990","DPF3","DPF3","33","296","0.000001275000000000000","0.00000690999999999999991","2.7559999999999998","Enrichr--Queries","ATF3,ABCA1,HEY1,KCNMA1,EGLN3,SLCO3A1,RORA,FBXO32,DYSF,KCTD12,EPAS1,SORCS2,KIF26B,LOXL2,AUTS2,SPOCK1,SERPINB8,ITPR1,CDK6,DUSP10,THSD4,BCL11B,BCL11A,MATN2,NT5E,CADPS2,NTM,EFNA5,NR4A3,TGFBR3,CDH11,CDH13,NCAM1"
"DEG_LD_SW480","257","0.182999999999999996","MLXIPL","MLXIPL","33","296","0.000001275000000000000","0.00000690999999999999991","2.7559999999999998","Enrichr--Queries","ATF3,ABCA1,MYH7B,FASN,PPARG,GPRC5C,SLC7A2,AGXT,EPAS1,IGF1,HYAL1,CD74,PNPLA3,CHCHD10,CNTN1,ACTA2,CAT,NR1D1,SERPINB8,CKB,TLE2,ASNS,IFITM3,PDK4,MAOB,MGST1,ALDOC,CADPS2,SELENOP,TGFBI,MCF2L,KLF15,TGFBR3"
"DEG_LD_SW480","258","0.183799999999999991","WT1","WT1","33","296","0.000001275000000000000","0.00000690999999999999991","2.7559999999999998","Enrichr--Queries","ATF3,HEY1,PPARG,EGLN3,LRP2,SLPI,EPAS1,EGR3,IGF1,KIF26B,PLAT,LOXL2,TFAP2A,VDR,COL5A2,CNTN1,RND3,ACTA2,ANXA1,SERPINB8,F2R,MITF,CDK6,CEBPD,SOX2,BCL11A,EDN1,TGFBI,TGFBR3,ALDH1A3,CDH11,COL6A3,NCAM1"
"DEG_LD_SW480","259","0.184499999999999997","TSHZ1","TSHZ1","33","296","0.000001275000000000000","0.00000690999999999999991","2.7559999999999998","Enrichr--Queries","ATF3,PDGFC,ABCA1,RORA,ATXN1,FBXO32,KCTD12,EPAS1,PAG1,ARHGEF3,NEDD9,CD82,AUTS2,CNTN1,ALCAM,ANXA1,SERPINB8,DACH1,F2R,ITPR1,DAB2,TSHZ3,TSHZ2,BCL11B,BCL11A,SH3PXD2A,SELENOP,EFNA5,TGFBI,NFKBIZ,TGFBR3,CDH11,NCAM1"
"DEG_LD_SW480","260","0.185200000000000004","ETV3L","ETV3L","33","297","0.000001373000000000000","0.00000722000000000000033","2.7450000000000001","Enrichr--Queries","ATF3,ABCA1,KCNMA1,RORA,SPTB,EREG,EGR3,TNFSF15,IL1A,IL1B,KIF26B,CD82,LOXL2,CACNA1E,RASGRP3,ISG20,CNTN1,HS3ST3B1,NAV1,CHI3L1,NAMPT,SERPINB8,CEMIP,DUSP10,ARRDC4,BCL11A,EDN1,CMPK2,CDH23,NLRP3,NR4A3,NFKBIZ,OAS1"
"DEG_LD_SW480","261","0.185900000000000010","INSM1","INSM1","33","297","0.000001373000000000000","0.00000722000000000000033","2.7450000000000001","Enrichr--Queries","ATF3,RHBDL3,HEY1,KCNMA1,OLFM1,ADGRV1,KCTD12,EGR3,LOXL2,KIF5C,RTN1,TFAP2A,AUTS2,SYT1,VGF,CRMP1,GNG4,SPOCK1,SLIT3,CHGB,SERPINB8,COL2A1,DACH1,LHX2,SOX2,EBF3,BCL11B,BCL11A,CADPS2,EFNA5,ELAVL2,NCAM1,CADPS"
"DEG_LD_SW480","262","0.186599999999999988","FOXC1","FOXC1","33","297","0.000001373000000000000","0.00000722000000000000033","2.7450000000000001","Enrichr--Queries","ATF3,HEY1,PPARG,PRRX1,TM4SF1,KCTD12,EPAS1,EGR3,PLAT,LOXL2,TFAP2A,COL5A2,CNTN1,RND3,ACTA2,ALCAM,DKK3,ANXA1,SERPINB8,OLFML3,IGFBP7,DAB2,CDK6,CEBPD,IRX3,IFITM3,EBF3,EDN1,EFNA5,TGFBI,TGFBR3,ALDH1A3,CDH11"
"DEG_LD_SW480","263","0.187299999999999994","PAX4","PAX4","33","297","0.000001373000000000000","0.00000722000000000000033","2.7450000000000001","Enrichr--Queries","ATF3,PPARG,RASSF6,TSPAN1,GREB1,TH,CRYBA2,LOXL2,KIF5C,KIRREL3,CACNA1E,CNMD,CNTN1,GNG4,ASB4,FRMPD1,ALCAM,CHGB,FMN1,PRUNE2,ECEL1,ATP8A1,RAB30,SLC26A4,CEBPD,SOX2,ARRDC4,CADPS2,CHRNB4,CHRNA1,TGFBR3,VAT1L,CADPS"
"DEG_LD_SW480","264","0.188000000000000000","RORB","RORB","33","297","0.000001373000000000000","0.00000722000000000000033","2.7450000000000001","Enrichr--Queries","ABCA1,KCNMA1,RORA,OLFM1,PTPRZ1,EPAS1,EGR3,IGF1,LOXL2,KIF5C,SYT1,CNTN1,RND3,SPOCK1,ALCAM,ANXA1,SERPINB8,DACH1,RCAN2,NLGN1,SOX2,TSHZ3,BCL11A,TENM1,CADPS2,NTM,EFNA5,NR4A3,ELAVL2,CDH11,CDH13,NCAM1,PDE10A"
"DEG_LD_SW480","265","0.188700000000000007","IRX5","IRX5","33","297","0.000001373000000000000","0.00000722000000000000033","2.7450000000000001","Enrichr--Queries","ATF3,SHOX2,HEY1,KCNMA1,EGLN3,RORA,PRRX1,EPAS1,EGR3,KIF26B,LOXL2,TFAP2A,AUTS2,ALCAM,DKK1,LFNG,SERPINB8,COL2A1,DACH1,LHX2,CEBPD,IRX3,SOX2,EBF3,BCL11B,BCL11A,EDN1,CADPS2,EFNA5,TGFBI,SIX2,CDH11,CDH13"
"DEG_LD_SW480","266","0.189500000000000002","HOXB4","HOXB4","33","297","0.000001373000000000000","0.00000722000000000000033","2.7450000000000001","Enrichr--Queries","ATF3,NGFR,PPARG,PRRX1,KCTD12,EPAS1,EGR3,BST2,KIF26B,PLAT,LOXL2,TFAP2A,COL5A2,CNTN1,ACTA2,ANXA1,SERPINB8,HOXD10,DACH1,F2R,PGF,CDK6,CEBPD,IRX3,EBF3,TSHZ3,EDN1,TGFBI,TGFBR3,ALDH1A3,CDH11,COL6A3,NCAM1"
"DEG_LD_SW480","267","0.190200000000000008","HOXC4","HOXC4","33","297","0.000001373000000000000","0.00000722000000000000033","2.7450000000000001","Enrichr--Queries","ATF3,SHOX2,HOXC11,HEY1,PPARG,RORA,PRRX1,SORCS2,KIF26B,LOXL2,TFAP2A,AUTS2,COL5A2,ACTA2,SERPINB8,COL2A1,HOXD11,HOXD10,PGF,LHX2,IRX3,EBF3,TSHZ3,TSHZ2,BCL11B,BCL11A,EDN1,CADPS2,TGFBI,TGFBR3,ALDH1A3,CDH11,NCAM1"
"DEG_LD_SW480","268","0.190899999999999986","HDX","HDX","33","298","0.000001478000000000000","0.00000768999999999999922","2.7349999999999999","Enrichr--Queries","ATF3,ABCA1,FASN,KCNMA1,DMD,SLC16A2,HERC5,IFI27,ZNF711,EGR3,BST2,KIF5C,RASGRP3,SYT1,ISG20,RND3,AFF2,ALCAM,SERPINB8,CDK6,NBEA,BNC2,IFITM1,ARRDC4,TENM1,EDN1,TLR3,IFI6,CADPS2,CMPK2,EFNA5,NR4A3,OAS1"
"DEG_LD_SW480","269","0.191599999999999993","ZNF154","ZNF154","33","298","0.000001478000000000000","0.00000768999999999999922","2.7349999999999999","Enrichr--Queries","ABCA1,KCNMA1,DMD,RORA,ZNF681,SPON1,ZNF711,EGR3,IGF1,IGSF9B,ACTA2,SSPN,FMN1,SERPINB8,ZNF117,ATP8A1,CSGALNACT1,PARM1,AK5,CPM,BNC2,CEBPD,ZNF737,ARRDC4,TIAM1,TSHZ3,TSHZ2,BCL11A,SH3PXD2A,NT5E,GABRE,CADPS2,TGFBR3"
"DEG_LD_SW480","270","0.192299999999999999","CASZ1","CASZ1","33","298","0.000001478000000000000","0.00000768999999999999922","2.7349999999999999","Enrichr--Queries","HSPG2,ATF3,ABCA1,MYH7B,KCNMA1,EGLN3,DAB2IP,SLCO3A1,RORA,FBXO32,EPAS1,EGR3,NEDD9,KIF26B,LOXL2,AUTS2,RERE,NAV1,ALCAM,LFNG,SERPINB8,CKB,DACH1,DUSP10,IRX3,NECTIN1,BCL11B,BCL11A,SH3PXD2A,CADPS2,EFNA5,MCF2L,TGFBR3"
"DEG_LD_SW480","271","0.193000000000000005","ZNF99","ZNF99","33","299","0.000001591000000000000","0.00000824000000000000073","2.7250000000000001","Enrichr--Queries","ZNF273,EXPH5,ZNF486,KCNMA1,DMD,ZNF469,EGLN3,ZNF681,ZNF429,ADGRV1,TRIM58,BSN,MED12L,PCLO,ZNF93,MUC16,CNTN1,FMN1,TET1,SERPINB8,ZNF117,ZNF107,ZNF737,EBF3,TRPM6,RYR2,TENM1,EGFLAM,FCGBP,CADPS2,ELAVL2,TGFBR3,CDH11"
"DEG_LD_SW480","272","0.193700000000000011","ETV7","ETV7","32","289","0.000002100000000000000","0.00001079999999999999993","2.7349999999999999","Enrichr--Queries","ATF3,C2,NAPSA,FASN,PPARG,HERC5,FBXO6,LGALS9,IFI27,EGR3,APOBEC3G,BST2,SECTM1,IL1B,CD74,RASGRP3,ISG20,NAMPT,SLC15A3,NOD2,IFITM3,IFITM1,CX3CL1,EDN1,BTN3A2,TLR3,IFI6,BATF,CMPK2,NR4A3,CASP4,OAS1"
"DEG_LD_SW480","273","0.194399999999999989","NOTO","NOTO","32","290","0.000002260000000000000","0.00001160000000000000075","2.7240000000000002","Enrichr--Queries","ATF3,SHOX2,NGFR,JPH3,PPARG,RORA,DLX4,PRRX1,EGR3,MKX,KIF26B,LOXL2,CACNA1E,TFAP2A,VGF,CRMP1,COL2A1,HOXD13,HOXD11,HOXD10,MOCOS,NBEA,LHX2,SOX2,BCL11B,BCL11A,RYR2,FEZF1,CADPS2,CPLX1,NR4A3,SIX2"
"DEG_LD_SW480","274","0.195200000000000012","POU3F3","POU3F3","32","293","0.000002809000000000000","0.00001430000000000000031","2.6930000000000001","Enrichr--Queries","ATF3,SHOX2,HEY1,OLFM1,PTPRZ1,PRRX1,EGR3,KIF5C,RTN1,CACNA1E,TFAP2A,AUTS2,SYT1,CRMP1,SPOCK1,ALCAM,SERPINB8,CKB,DACH1,LHX2,IRX3,SOX2,EBF3,BCL11B,BCL11A,CADPS2,EFNA5,NR4A3,ELAVL2,CDH11,NCAM1,PDE10A"
"DEG_LD_SW480","275","0.195899999999999991","ZNF488","ZNF488","32","293","0.000002809000000000000","0.00001430000000000000031","2.6930000000000001","Enrichr--Queries","CLDN1,ATF3,ABCA1,NGFR,PPARG,EGLN3,SLCO3A1,FBXO32,KCTD12,SYT1,CNTN1,FGF13,RND3,ACTA2,SPOCK1,DKK1,SYTL2,LFNG,SERPINB8,PGF,DUSP10,PDK4,TMCC3,EDN1,TLR3,MATN2,NT5E,CADPS2,TGFBR3,ALDH1A3,OAS1,NCAM1"
"DEG_LD_SW480","276","0.196599999999999997","DBX1","DBX1","32","294","0.000003018000000000000","0.00001529999999999999920","2.6819999999999999","Enrichr--Queries","FZD10,SHOX2,NGFR,KCNMA1,PRRX1,SPON1,EPAS1,KIF26B,KIRREL3,CACNA1E,TFAP2A,HS3ST3B1,CRMP1,SOX14,COL2A1,HOXD11,HOXD10,MOCOS,NMNAT2,LHX2,IRX3,SOX2,EBF3,TSHZ3,BCL11B,BCL11A,FEZF1,NTM,EFNA5,ELAVL2,SIX2,CDH11"
"DEG_LD_SW480","277","0.197300000000000003","GLI2","GLI2","32","294","0.000003018000000000000","0.00001529999999999999920","2.6819999999999999","Enrichr--Queries","HSPG2,PDGFC,ABCA1,KCNMA1,PPARG,RORA,PRRX1,EPAS1,SORCS2,KIF26B,LOXL2,TFAP2A,AUTS2,COL5A2,NAV1,SERPINB8,GRB10,CDK6,BNC2,CEBPD,THSD4,SOX2,TIAM1,EDN1,NTM,FBLN1,EFNA5,TGFBI,TGFBR3,CDH11,COL6A3,NCAM1"
"DEG_LD_SW480","278","0.198000000000000009","PAX7","PAX7","32","295","0.000003242000000000000","0.00001599999999999999928","2.6720000000000002","Enrichr--Queries","ATF3,SHOX2,NGFR,KCNMA1,OLFM1,PRRX1,EGR3,SORCS2,KIF26B,LOXL2,CACNA1E,TFAP2A,SLIT3,SERPINB8,COL2A1,DACH1,LHX2,IRX3,SOX2,EBF3,BCL11B,BCL11A,RYR2,CADPS2,NTM,EFNA5,CDH23,SIX2,CDH11,CDH13,NCAM1,PDE10A"
"DEG_LD_SW480","279","0.198699999999999988","ZNF679","ZNF679","32","295","0.000003242000000000000","0.00001599999999999999928","2.6720000000000002","Enrichr--Queries","ZNF273,ABCA1,ZNF486,ZNF239,ZNF681,ZNF680,UPP1,LRP2,HERC5,MSMO1,ZNF92,AUTS2,XYLT1,ALCAM,SYTL2,PRKCQ,SERPINB8,ZNF117,GPNMB,ZNF107,MOCOS,PGF,ASNS,CEBPD,IFITM3,BCL11A,TENM1,IFI6,FCGBP,CADPS2,SEM1,TGFBI"
"DEG_LD_SW480","280","0.199399999999999994","TFAP2B","TFAP2B","32","295","0.000003242000000000000","0.00001599999999999999928","2.6720000000000002","Enrichr--Queries","ATF3,SHOX2,NGFR,HEY1,KCNMA1,RORA,LRP2,PRRX1,EPAS1,EGR3,IGF1,KIF26B,LOXL2,TFAP2A,ACTA2,ALCAM,DKK1,COL2A1,DACH1,MITF,LHX2,IRX3,SOX2,EBF3,BCL11B,BCL11A,CADPS2,NTM,EFNA5,TGFBI,ALDH1A3,CDH11"
"DEG_LD_SW480","281","0.200100000000000000","DMRTA2","DMRTA2","32","295","0.000003242000000000000","0.00001599999999999999928","2.6720000000000002","Enrichr--Queries","FZD10,UNC5A,ATF3,SHOX2,HEY1,RORA,DLX3,LRP2,PRRX1,EPAS1,EGR3,KIF26B,LOXL2,TFAP2A,VGF,CRMP1,COL2A1,HOXD11,HOXD10,NMNAT2,DACH1,LHX2,IRX3,SOX2,EBF3,BCL11B,BCL11A,FEZF1,CADPS2,EFNA5,ELAVL2,SIX2"
"DEG_LD_SW480","282","0.200899999999999995","ZNF521","ZNF521","32","295","0.000003242000000000000","0.00001599999999999999928","2.6720000000000002","Enrichr--Queries","PDGFC,ABCA1,PRRX1,EPAS1,CTSK,LOXL2,COL5A2,ACTA2,ANXA1,SERPINB8,GPNMB,OLFML3,DACH1,IGFBP7,DAB2,RCAN2,BNC2,EBF3,TSHZ2,BCL11A,MATN2,VGLL3,CADPS2,SELENOP,NTM,FBLN1,TGFBI,TGFBR3,CDH11,CDH13,COL6A3,NCAM1"
"DEG_LD_SW480","283","0.201600000000000001","ZNF468","ZNF468","32","295","0.000003242000000000000","0.00001599999999999999928","2.6720000000000002","Enrichr--Queries","CLDN1,ATF3,IL1RAP,ZNF681,ZNF680,UPP1,IFI27,KCTD12,PAG1,BST2,HYAL1,ARHGEF3,MSMO1,ZNF92,ISG20,CNTN1,DKK1,SYTL2,ANXA1,SERPINB8,ZNF117,GPNMB,ZNF107,ZNF331,PGF,ASNS,CPM,HMGCS1,IFITM1,ARRDC4,IFI6,OAS1"
"DEG_LD_SW480","284","0.202300000000000008","HAND2","HAND2","32","295","0.000003242000000000000","0.00001599999999999999928","2.6720000000000002","Enrichr--Queries","ATF3,HEY1,PPARG,RORA,PRRX1,SPON1,EPAS1,IGF1,KIF26B,PLAT,TFAP2A,COL5A2,ACTA2,DKK1,FLRT3,ANXA1,SERPINB8,HOXD10,OLFML3,PARM1,IGFBP7,DAB2,BNC2,IRX3,SOX2,EBF3,GNG11,TGFBI,TGFBR3,ALDH1A3,CDH11,COL6A3"
"DEG_LD_SW480","285","0.203000000000000014","CREB5","CREB5","32","295","0.000003242000000000000","0.00001599999999999999928","2.6720000000000002","Enrichr--Queries","ATF3,ABCA1,KCNMA1,RORA,ATXN1,UPP1,RASSF2,KCTD12,EPAS1,EGR3,IL1B,NEDD9,PLAT,LOXL2,CNTN1,RND3,NAMPT,ANXA1,SERPINB8,GPNMB,MITF,DAB2,CDK6,DUSP10,CEBPD,EDN1,TLR4,NR4A3,TGFBI,DOCK4,NFKBIZ,TGFBR3"
"DEG_LD_SW480","286","0.203699999999999992","ZNF25","ZNF25","32","296","0.000003480000000000000","0.00001599999999999999928","2.6619999999999999","Enrichr--Queries","ATF3,PDGFC,ABCA1,ATXN1,FBXO32,BICC1,KCTD12,EPAS1,SERTAD4,PLAT,LOXL2,COL5A2,CNTN1,RND3,ACTA2,ALCAM,ANXA1,SERPINB8,F2R,PGF,ITPR1,IGFBP7,DAB2,NBEA,RCAN2,MATN2,CADPS2,TGFBI,TGFBR3,CDH11,COL6A3,NCAM1"
"DEG_LD_SW480","287","0.204399999999999998","SOX10","SOX10","32","296","0.000003480000000000000","0.00001599999999999999928","2.6619999999999999","Enrichr--Queries","ATF3,NGFR,FASN,HEY1,PTPRZ1,SPON1,EPAS1,EGR3,CD82,PLAT,EEF1A2,TFAP2A,CNTN1,ACTA2,DAAM2,GJB1,SERPINB8,GPNMB,CKB,MITF,IGFBP7,CEBPD,KCNJ10,SOX2,PTGDS,BCL11A,ALDOC,MATN2,SELENOP,TGFBI,ALDH1A3,NCAM1"
"DEG_LD_SW480","288","0.205100000000000005","ZNF583","ZNF583","32","296","0.000003480000000000000","0.00001599999999999999928","2.6619999999999999","Enrichr--Queries","ATF3,ABCA1,KCNMA1,ZNF239,RORA,ZNF681,ZNF429,ZNF610,KCTD12,EPAS1,NEDD9,KIF5C,AUTS2,RND3,DKK1,SYTL2,ANXA1,SERPINB8,NMNAT2,ZNF331,CSGALNACT1,ASNS,CDK6,NBEA,DUSP10,HMGCS1,ZNF502,ARRDC4,TSHZ3,EDN1,CADPS2,NR4A3"
"DEG_LD_SW480","289","0.205800000000000011","HOXB6","HOXB6","32","296","0.000003480000000000000","0.00001599999999999999928","2.6619999999999999","Enrichr--Queries","ATF3,PPARG,PRRX1,TM4SF1,EPAS1,BST2,KIF26B,PLAT,LOXL2,TFAP2A,COL5A2,CNTN1,ACTA2,DKK1,ANXA1,SERPINB8,HOXD10,DACH1,IGFBP7,DAB2,LHX2,CEBPD,IRX3,GNG11,EDN1,NT5E,SELENOP,FBLN1,TGFBI,ALDH1A3,CDH11,COL6A3"
"DEG_LD_SW480","290","0.206600000000000006","TCF21","TCF21","32","296","0.000003480000000000000","0.00001599999999999999928","2.6619999999999999","Enrichr--Queries","ATF3,PTPRB,PRRX1,SPON1,TM4SF1,MXRA8,EPAS1,IGF1,CTSK,PLAT,LOXL2,PCOLCE,NPNT,COL5A2,CNTN1,ACTA2,ANXA1,SERPINB8,OLFML3,F2R,IGFBP7,CEBPD,IFITM3,PDK4,GNG11,MATN2,SELENOP,FBLN1,TGFBI,TGFBR3,CDH11,COL6A3"
"DEG_LD_SW480","291","0.207300000000000012","PGR","PGR","32","296","0.000003480000000000000","0.00001599999999999999928","2.6619999999999999","Enrichr--Queries","ATF3,KCNMA1,PPARG,SLC7A2,DMD,RORA,PRRX1,EPAS1,EGR3,GREB1,IGF1,LOXL2,NPNT,SYT1,VDR,ACTA2,RBM24,ALCAM,SYTL2,ANXA1,SERPINB8,DACH1,MITF,ITPR1,CDK6,THSD4,SOX2,RYR2,CADPS2,NR4A3,CDH11,NCAM1"
"DEG_LD_SW480","292","0.207999999999999990","BCL6B","BCL6B","32","296","0.000003480000000000000","0.00001599999999999999928","2.6619999999999999","Enrichr--Queries","HSPG2,ATF3,SHE,HEY1,PTPRB,DYSF,APLN,TM4SF1,MXRA8,EPAS1,IGF1,LOXL2,PCOLCE,RASGRP3,COL5A2,ACTA2,AFAP1L1,SERPINB8,OLFML3,F2R,PGF,IGFBP7,DAB2,VWF,CEBPD,IFITM3,PDK4,PDE2A,GNG11,NR4A3,TGFBI,COL6A3"
"DEG_LD_SW480","293","0.208699999999999997","PRDM12","PRDM12","32","296","0.000003480000000000000","0.00001599999999999999928","2.6619999999999999","Enrichr--Queries","FZD10,ATF3,SHOX2,NGFR,JPH3,KCNMA1,PRRX1,EGR3,CRTAC1,KIF26A,LOXL2,NXPH4,CACNA1E,TFAP2A,VGF,CRMP1,SLIT3,SOX14,COL2A1,ECEL1,NMNAT2,LHX2,IRX3,SOX2,EBF3,TSHZ3,BCL11B,CADPS2,CPLX1,ELAVL2,SIX2,PDE10A"
"DEG_LD_SW480","294","0.209400000000000003","HEY1","HEY1","32","296","0.000003480000000000000","0.00001599999999999999928","2.6619999999999999","Enrichr--Queries","ATF3,ABCA1,FBXO32,TM4SF1,KCTD12,EPAS1,EGR3,NEDD9,PLAT,COL5A2,CNTN1,RND3,ACTA2,FLRT3,ANXA1,SERPINB8,GPNMB,OLFML3,CKB,GRB10,F2R,PGF,IGFBP7,HMGCS1,CEBPD,PDK4,GNG11,EDN1,SELENOP,TGFBI,TGFBR3,CDH11"
"DEG_LD_SW480","295","0.210100000000000009","FOXE1","FOXE1","32","296","0.000003480000000000000","0.00001599999999999999928","2.6619999999999999","Enrichr--Queries","FZD10,ATF3,SHOX2,KCNMA1,PPARG,DLX3,EPAS1,EGR3,LOXL2,EEF1A2,TFAP2A,CNTN1,HS3ST3B1,CRMP1,SPOCK1,DKK1,HOXD11,NMNAT2,GRB10,LHX2,IRX3,SOX2,EBF3,BCL11B,BCL11A,EDN1,NT5E,CADPS2,NR4A3,SIX2,ALDH1A3,CDH13"
"DEG_LD_SW480","296","0.210799999999999987","SNAI1","SNAI1","32","296","0.000003480000000000000","0.00001599999999999999928","2.6619999999999999","Enrichr--Queries","ATF3,ABCA1,UPP1,PRRX1,TM4SF1,EPAS1,EGR3,IL1B,NEDD9,PLAT,LOXL2,VDR,COL5A2,CNTN1,ACTA2,LFNG,ANXA1,SERPINB8,OLFML3,F2R,PGF,IGFBP7,DAB2,DUSP10,CEBPD,EDN1,NT5E,NR4A3,TGFBI,NFKBIZ,CDH11,COL6A3"
"DEG_LD_SW480","297","0.211499999999999994","PRDM1","PRDM1","32","296","0.000003480000000000000","0.00001599999999999999928","2.6619999999999999","Enrichr--Queries","ATF3,ABCA1,FASN,RORA,FBXO32,UPP1,EPAS1,EGR3,IL1B,NEDD9,CD74,LOXL2,VDR,ISG20,CNTN1,PLEK,RND3,NAMPT,ANXA1,SERPINB8,F2R,DAB2,CDK6,DUSP10,CEBPD,IFITM3,IFITM1,EDN1,NT5E,NR4A3,TGFBI,NFKBIZ"
"DEG_LD_SW480","298","0.212299999999999989","ARX","ARX","32","296","0.000003480000000000000","0.00001599999999999999928","2.6619999999999999","Enrichr--Queries","ATF3,KCNMA1,DMD,RORA,PTPRZ1,EGR3,NPNT,EEF1A2,RTN1,AUTS2,SYT1,FGF13,VGF,CRMP1,GNG4,SPOCK1,SLIT3,CHGB,SERPINB8,COL2A1,DACH1,LHX2,SOX2,PDK4,EBF3,BCL11B,BCL11A,CADPS2,EFNA5,ELAVL2,CDH11,CADPS"
"DEG_LD_SW480","299","0.212999999999999995","ZBED2","ZBED2","32","296","0.000003480000000000000","0.00001599999999999999928","2.6619999999999999","Enrichr--Queries","CLDN1,ATF3,OLR1,PPARG,UPP1,EREG,IFI27,SLPI,EGR3,IL1A,IL1B,PLAT,ISG20,COL5A2,CNTN1,DKK1,ANXA1,SERPINB5,CEMIP,CEBPD,KLK7,GNG11,EDN1,IFI6,NT5E,MPZL2,KRT14,TGFBI,NFKBIZ,TGFBR3,ALDH1A3,OAS1"
"DEG_LD_SW480","300","0.213700000000000001","SOX21","SOX21","32","296","0.000003480000000000000","0.00001599999999999999928","2.6619999999999999","Enrichr--Queries","FZD10,ATF3,RHBDL3,ABCA1,MYH7B,HEY1,EGLN3,MSI1,SLC16A9,ADGRV1,LRP2,PTPRZ1,EPAS1,EGR3,WFDC2,SORCS2,LOXL2,TFAP2A,CNTN1,LFNG,SERPINB8,COL2A1,CKB,DACH1,LHX2,IRX3,SOX2,BCL11A,EDN1,CADPS2,TGFBI,CDH11"
"DEG_LD_SW480","301","0.214400000000000007","HOXA1","HOXA1","32","296","0.000003480000000000000","0.00001599999999999999928","2.6619999999999999","Enrichr--Queries","ATF3,HEY1,PPARG,EGLN3,RORA,EPAS1,EGR3,LOXL2,TFAP2A,VDR,CNTN1,ACTA2,DKK1,FLRT3,ANXA1,SERPINB8,COL2A1,HOXD10,MITF,PGF,CDK6,IRX3,SOX2,BCL11A,EDN1,NT5E,CADPS2,TGFBI,TGFBR3,ALDH1A3,CDH11,NCAM1"
"DEG_LD_SW480","302","0.215100000000000013","HOXB2","HOXB2","32","296","0.000003480000000000000","0.00001599999999999999928","2.6619999999999999","Enrichr--Queries","ATF3,HEY1,PRRX1,TM4SF1,EPAS1,EGR3,BST2,PLAT,LOXL2,TFAP2A,COL5A2,CNTN1,RND3,ACTA2,FLRT3,ANXA1,SERPINB8,OLFML3,CKB,PGF,IGFBP7,CDK6,CEBPD,IRX3,IFITM3,IFITM1,EBF3,GNG11,TGFBI,ALDH1A3,CDH11,COL6A3"
"DEG_LD_SW480","303","0.215799999999999992","SALL2","SALL2","32","296","0.000003480000000000000","0.00001599999999999999928","2.6619999999999999","Enrichr--Queries","PDGFC,ABCA1,VANGL2,HEY1,FBXO32,MDK,PTPRZ1,SERTAD4,KIF5C,RTN1,AUTS2,COL5A2,RND3,CRMP1,DKK3,FLRT3,TET1,SERPINB8,OLFML3,CKB,F2R,PTPN13,SOX2,BCL11A,SLC22A17,ALDOC,MATN2,CADPS2,SELENOP,FBLN1,TGFBI,TGFBR3"
"DEG_LD_SW480","304","0.216499999999999998","DPF1","DPF1","32","296","0.000003480000000000000","0.00001599999999999999928","2.6619999999999999","Enrichr--Queries","ATF3,RHBDL3,JPH3,KCNMA1,EGLN3,OLFM1,BSN,KCNQ2,EGR3,LOXL2,KIF5C,VGF,CRMP1,GNG4,UNC13A,SERPINB8,CKB,PGF,ITPR1,LHX2,MCM7,NECTIN1,TIAM1,BCL11B,BCL11A,PDE2A,CAMKV,APBA2,CADPS2,ELAVL2,MCF2L,NCAM1"
"DEG_LD_SW480","305","0.217200000000000004","NEUROD2","NEUROD2","32","296","0.000003480000000000000","0.00001599999999999999928","2.6619999999999999","Enrichr--Queries","UNC5A,HPCAL4,ATF3,ACHE,JPH3,KCNMA1,RORA,OLFM1,BSN,KCNQ2,EPAS1,CRTAC1,EEF1A2,RTN1,CACNA1E,SYT1,VGF,CRMP1,GNG4,SPOCK1,SLIT3,CHGB,LHX2,SLC26A4,SOX2,ACSL6,BCL11B,BCL11A,CAMKV,CADPS2,CPLX1,ELAVL2"
"DEG_LD_SW480","306","0.217900000000000010","FOXJ1","FOXJ1","32","297","0.000003734000000000000","0.00001620000000000000075","2.6520000000000001","Enrichr--Queries","ATF3,MYH7B,NGFR,GPRC5C,MDK,SPON1,EPAS1,EGR3,WFDC2,SORCS2,CD74,LOXL2,CNTN1,CFAP45,ACTA2,VGF,CRYM,LFNG,ANXA1,SERPINB8,CKB,PGF,LBP,CEBPD,IRX3,IFITM3,SOX2,PTGDS,CADPS2,SELENOP,TGFBI,ALDH1A3"
"DEG_LD_SW480","307","0.218700000000000006","ZNF841","ZNF841","32","297","0.000003734000000000000","0.00001620000000000000075","2.6520000000000001","Enrichr--Queries","CLDN1,ATF3,ABCA1,ZNF486,RORA,ZNF680,ATXN1,ZNF429,UPP1,DNHD1,PAG1,NEDD9,ISG20,MAML2,ALCAM,SYTL2,LFNG,ANXA1,SERPINB8,ZNF117,ZNF107,GRB10,PGF,CDK6,HMGCS1,PTPN13,ZNF737,ARRDC4,SH3PXD2A,ALDOC,IFI6,NFKBIZ"
"DEG_LD_SW480","308","0.219400000000000012","ZNF558","ZNF558","32","297","0.000003734000000000000","0.00001620000000000000075","2.6520000000000001","Enrichr--Queries","ATF3,ABCA1,RORA,FBXO32,ZNF711,EPAS1,PAG1,LOXL2,ACTA2,ALCAM,SYTL2,ANXA1,SERPINB8,GPNMB,ZNF331,GRB10,ASNS,DUSP10,HMGCS1,CEBPD,IFITM3,IFITM1,ARRDC4,BCL11A,ALDOC,MATN2,IFI6,NT5E,CADPS2,TGFBI,TGFBR3,OAS1"
"DEG_LD_SW480","309","0.220099999999999990","SOX9","SOX9","32","297","0.000003734000000000000","0.00001620000000000000075","2.6520000000000001","Enrichr--Queries","CLDN1,ATF3,PDGFC,ABCA1,PPARG,PRRX1,TM4SF1,KCTD12,EPAS1,EGR3,NEDD9,PLAT,LOXL2,CNN3,COL5A2,CNTN1,RND3,ACTA2,ALCAM,DKK1,ANXA1,SERPINB8,GPNMB,CEBPD,IFITM3,SOX2,MGST1,EDN1,NT5E,TGFBI,ALDH1A3,CDH11"
"DEG_LD_SW480","310","0.220799999999999996","TBX3","TBX3","32","297","0.000003734000000000000","0.00001620000000000000075","2.6520000000000001","Enrichr--Queries","ATF3,PDGFC,ABCA1,HEY1,KCNMA1,PPARG,PRRX1,TM4SF1,EPAS1,NEDD9,PLAT,LOXL2,TFAP2A,CNTN1,RND3,ACTA2,DKK1,FLRT3,ANXA1,SERPINB8,MITF,IGFBP7,DAB2,CEBPD,IRX3,SOX2,PDK4,EDN1,NT5E,TGFBI,TGFBR3,CDH11"
"DEG_LD_SW480","311","0.221500000000000002","DZIP1","DZIP1","32","297","0.000003734000000000000","0.00001620000000000000075","2.6520000000000001","Enrichr--Queries","PDGFC,ABCA1,KCNMA1,DMD,PRRX1,BICC1,KCTD12,PLAT,LOXL2,KIF5C,COL5A2,SOBP,NAV1,ALCAM,DKK3,SYTL2,SERPINB8,CKB,F2R,IGFBP7,NBEA,BNC2,PTPN13,SH3PXD2A,MATN2,CADPS2,FBLN1,EFNA5,TGFBI,TGFBR3,CDH11,NCAM1"
"DEG_LD_SW480","312","0.222200000000000009","KLF9","KLF9","32","297","0.000003734000000000000","0.00001620000000000000075","2.6520000000000001","Enrichr--Queries","ATF3,ABCA1,RORA,ATXN1,FBXO32,TM4SF1,KCTD12,EPAS1,CTSB,NEDD9,CNTN1,RND3,ACTA2,NAMPT,NR1D1,ANXA1,SERPINB8,CKB,F2R,ITPR1,IGFBP7,DAB2,CEBPD,IFITM3,PDK4,NT5E,SELENOP,NR4A3,TGFBI,NFKBIZ,KLF15,TGFBR3"
"DEG_LD_SW480","313","0.222899999999999987","ZNF713","ZNF713","32","297","0.000003734000000000000","0.00001620000000000000075","2.6520000000000001","Enrichr--Queries","EML1,ABCA1,HEY1,KCNMA1,DMD,YPEL1,RORA,FBXO32,LRP2,RASSF2,ZNF711,PAG1,EGR3,HYAL1,AUTS2,TET1,SERPINB8,ZNF117,GPNMB,PGF,NBEA,CPM,DUSP10,CEBPD,PDK4,ARRDC4,BCL11A,MATN2,IFI6,CADPS2,DOCK4,SLC4A8"
"DEG_LD_SW480","314","0.223599999999999993","ETV1","ETV1","32","297","0.000003734000000000000","0.00001620000000000000075","2.6520000000000001","Enrichr--Queries","ATF3,PDGFC,ABCA1,HEY1,KCNMA1,PPARG,RORA,KCTD12,EPAS1,GNAI1,KIF5C,SYT1,CNTN1,RND3,SPOCK1,ALCAM,ST3GAL5,SERPINB8,DAB2,CDK6,CEBPD,SOX2,TIAM1,BCL11A,NT5E,CADPS2,SELENOP,EFNA5,TGFBI,DOCK4,CDH11,NCAM1"
"DEG_LD_SW480","315","0.224399999999999988","TAL2","TAL2","32","297","0.000003734000000000000","0.00001620000000000000075","2.6520000000000001","Enrichr--Queries","ATF3,ABCA1,HEY1,PPARG,EGLN3,UPP1,LRP2,PRRX1,EPAS1,EGR3,IGF1,LOXL2,CNTN1,ACTA2,ALCAM,DKK1,FLRT3,SERPINB8,COL2A1,MOCOS,PGF,PARM1,BCL11A,RYR1,EDN1,NT5E,CADPS2,EFNA5,NR4A3,TGFBI,CDH11,NCAM1"
"DEG_LD_SW480","316","0.225099999999999995","BARX2","BARX2","32","297","0.000003734000000000000","0.00001620000000000000075","2.6520000000000001","Enrichr--Queries","ATF3,MYH7B,KCNMA1,PPARG,EGLN3,RORA,DLX3,FBXO32,SPON1,SLPI,EPAS1,EGR3,WNK2,KIF26B,LOXL2,NPNT,TFAP2A,VDR,PRR15,SERPINB8,LHX2,CPM,IRX3,SOX2,EBF3,BCL11B,BCL11A,EDN1,NT5E,EFNA5,TGFBI,ALDH1A3"
"DEG_LD_SW480","317","0.225800000000000001","KLF12","KLF12","32","297","0.000003734000000000000","0.00001620000000000000075","2.6520000000000001","Enrichr--Queries","PDGFC,ABCA1,KCNMA1,RORA,ATXN1,UST,KCTD12,EPAS1,PAG1,TANC2,AUTS2,NAV1,XYLT1,ALCAM,SERPINB8,DACH1,GRB10,ITPR1,CDK6,NBEA,BNC2,TIAM1,BCL11B,BCL11A,SH3PXD2A,NT5E,CADPS2,EFNA5,DOCK4,TGFBR3,CDH11,NCAM1"
"DEG_LD_SW480","318","0.226500000000000007","ZFP28","ZFP28","32","297","0.000003734000000000000","0.00001620000000000000075","2.6520000000000001","Enrichr--Queries","ATF3,PDGFC,ABCA1,DMD,SLCO3A1,RORA,OLFM1,RASSF2,KCTD12,EPAS1,HYAL1,NEDD9,LOXL2,CNN3,NAV1,ALCAM,DKK3,SERPINB8,GPNMB,F2R,PGF,ITPR1,CDK6,NBEA,ARRDC4,TSHZ3,GNG11,NT5E,CADPS2,TGFBI,NFKBIZ,NCAM1"
"DEG_LD_SW480","319","0.227200000000000013","ZNF750","ZNF750","32","297","0.000003734000000000000","0.00001620000000000000075","2.6520000000000001","Enrichr--Queries","CLDN1,ATF3,ABCA1,FAT2,TMEM40,EGLN3,FBXO32,SLPI,EPAS1,EGR3,HYAL1,PERP,LOXL2,NPNT,TFAP2A,PLEK2,ANXA1,SERPINB8,SERPINB5,GPNMB,PGF,CPM,CEBPD,SOX2,PDK4,TNS4,BCL11A,EDN1,MPZL2,KRT14,TGFBI,ALDH1A3"
"DEG_LD_SW480","320","0.227899999999999991","SP100","SP100","32","297","0.000003734000000000000","0.00001620000000000000075","2.6520000000000001","Enrichr--Queries","ATF3,ABCA1,FASN,ITGB2,HERC5,LGALS9,IFI27,BST2,CTSB,IL1B,SELPLG,CD74,RASGRP3,ISG20,PLEK,NAMPT,ANXA1,SERPINB8,GPNMB,IGFBP7,SLC15A3,DAB2,IFITM3,IFITM1,TLR3,IFI6,NT5E,CMPK2,TGFBI,CASP4,NFKBIZ,OAS1"
"DEG_LD_SW480","321","0.228599999999999998","SOX18","SOX18","32","297","0.000003734000000000000","0.00001620000000000000075","2.6520000000000001","Enrichr--Queries","HSPG2,ATF3,SHE,HEY1,PTPRB,DYSF,TM4SF1,EPAS1,CD74,LOXL2,PCOLCE,RASGRP3,COL5A2,ACTA2,CYGB,AFAP1L1,SERPINB8,OLFML3,F2R,PGF,IGFBP7,VWF,CEBPD,IRX3,IFITM3,PDK4,PDE2A,GNG11,EDN1,TGFBI,TGFBR3,COL6A3"
"DEG_LD_SW480","322","0.229300000000000004","ZNF571","ZNF571","32","297","0.000003734000000000000","0.00001620000000000000075","2.6520000000000001","Enrichr--Queries","ATF3,ZNF239,ERO1B,RORA,ZNF681,ZNF680,ZNF610,ZNF711,EGR3,HYAL1,ZNF93,SYTL2,SLC16A14,ANXA1,SERPINB8,ZNF117,ZNF107,ZNF331,PGF,ASNS,NBEA,DUSP10,ZNF763,ZNF502,ARRDC4,BCL11A,TLR3,IFI6,CADPS2,CMPK2,ZMAT1,NR4A3"
"DEG_LD_SW480","323","0.230099999999999999","HEYL","HEYL","32","297","0.000003734000000000000","0.00001620000000000000075","2.6520000000000001","Enrichr--Queries","HSPG2,ATF3,ABCA1,NGFR,HEY1,CHST3,PRRX1,SPON1,TM4SF1,MXRA8,EPAS1,IGF1,SORCS2,PLAT,LOXL2,PCOLCE,COL5A3,COL5A2,ACTA2,CYGB,DKK3,DAAM2,LFNG,SERPINB8,OLFML3,PGF,IGFBP7,FBLN1,TGFBI,TGFBR3,CDH11,COL6A3"
"DEG_LD_SW480","324","0.230800000000000005","ZFHX2","ZFHX2","32","298","0.000004006000000000000","0.00001720000000000000134","2.6419999999999999","Enrichr--Queries","HSPG2,ATF3,ABCA1,EGLN3,DAB2IP,FBXO32,BSN,EPAS1,EGR3,WNK2,PCLO,HYAL1,KIF26B,KIF5C,AUTS2,RERE,NAV1,VGF,NR1D1,SLC6A6,SERPINB8,PRUNE2,CKB,NECTIN1,BCL11B,BCL11A,PDE2A,SH3PXD2A,CADPS2,NR4A3,DOCK4,MCF2L"
"DEG_LD_SW480","325","0.231500000000000011","ZNF157","ZNF157","32","298","0.000004006000000000000","0.00001720000000000000134","2.6419999999999999","Enrichr--Queries","CLDN1,RHBDL3,ABCA1,JPH3,DMD,SLC16A2,ADGRV1,PTPRZ1,NKAIN1,PCLO,HYAL1,SYP,PNPLA3,LOXL2,KIF5C,CACNA1E,CNTN1,FGF13,ACOXL,GNG4,LZTS1,AK5,RNF182,ADAMTS8,SOX2,CARMIL3,GNG11,RYR1,TENM1,EDN1,PTGER2,CADPS2"
"DEG_LD_SW480","326","0.232199999999999990","ZNF793","ZNF793","32","298","0.000004006000000000000","0.00001720000000000000134","2.6419999999999999","Enrichr--Queries","ZNF486,KCNMA1,DMD,RORA,SLC16A9,ZNF681,ZNF429,ZNF610,HERC5,PPP1R3B,ZNF711,MED12L,PAG1,PCLO,KIF5C,ZNF93,AUTS2,CNTN1,SLC16A14,SERPINB8,ZNF117,ZNF107,NBEA,CPM,ZNF502,ZNF737,TMTC1,BCL11B,BCL11A,RYR2,CADPS2,STEAP2"
"DEG_LD_SW480","327","0.232899999999999996","ZNF280B","ZNF280B","32","298","0.000004006000000000000","0.00001720000000000000134","2.6419999999999999","Enrichr--Queries","ATF3,ABCA1,PPARG,YPEL1,RORA,SLC16A9,ATXN1,UPP1,ZNF711,KCTD12,EPAS1,EGR3,KIF5C,SYT1,TET1,SERPINB8,NMNAT2,F2R,ASNS,CDK6,BNC2,HMGCS1,PDK4,ARRDC4,TIAM1,BCL11B,BCL11A,NT5E,CADPS2,NR4A3,PDE3B,CADPS"
"DEG_LD_SW480","328","0.233600000000000002","ZNF454","ZNF454","32","299","0.000004295000000000000","0.00001819999999999999854","2.6320000000000001","Enrichr--Queries","ATF3,KCNMA1,OLFM1,ADGRV1,ZNF610,SPON1,EPAS1,MKX,CRTAC1,SORCS2,KIF26B,CACNA1E,CNTN1,CRMP1,SPOCK1,SERPINB8,NMNAT2,NBEA,PHACTR3,ZNF502,ZNF737,EBF3,TSHZ3,TMTC1,RYR2,AP3B2,CADPS2,NTM,NR4A3,CDH11,COL6A3,CADPS"
"DEG_LD_SW480","329","0.234300000000000008","POU6F2","POU6F2","32","299","0.000004295000000000000","0.00001819999999999999854","2.6320000000000001","Enrichr--Queries","KCNMA1,FSTL4,DMD,RORA,ADGRV1,LDLRAD4,PCLO,SORCS2,KIF26B,CACNA1E,AUTS2,SYT1,CNTN1,SPOCK1,XYLT1,SERPINB8,DACH1,NBEA,NLGN1,TSHZ2,TMTC1,BCL11A,RYR2,TENM1,AKAP6,CADPS2,NTM,EFNA5,ELAVL2,CDH13,CADPS,PDE10A"
"DEG_LD_SW480","330","0.234999999999999987","SPI1","SPI1","32","299","0.000004295000000000000","0.00001819999999999999854","2.6320000000000001","Enrichr--Queries","GMFG,ATF3,NAPSA,SLC7A7,PTAFR,F13A1,ITGB2,FCGR2A,RASSF2,LGALS9,KCTD12,CTSB,IL1B,SELPLG,CD74,PLEK,LYL1,CYTIP,CD4,HAVCR2,ANXA1,PLCB2,GPNMB,SLC15A3,TREM2,CEBPD,IFITM3,TLR4,ARHGAP45,NLRP3,FES,TGFBI"
"DEG_LD_SW480","331","0.235800000000000010","ZKSCAN2","ZKSCAN2","32","299","0.000004295000000000000","0.00001819999999999999854","2.6320000000000001","Enrichr--Queries","ATF3,ABCA1,KCNMA1,EGLN3,RORA,ATXN1,ZNF711,PCLO,KIF26B,TANC2,CACNA1E,AUTS2,RERE,AFF2,NAV1,XYLT1,ALCAM,SERPINB8,ITPR1,NBEA,NECTIN1,ARRDC4,TSHZ3,BCL11B,BCL11A,TENM1,AKAP6,CADPS2,EFNA5,TGFBR3,NCAM1,SLC4A8"
"DEG_LD_SW480","332","0.236499999999999988","PBX4","PBX4","32","299","0.000004295000000000000","0.00001819999999999999854","2.6320000000000001","Enrichr--Queries","ATF3,ABCA1,NAPSA,EGLN3,RORA,FBXO32,UPP1,EGR3,HYAL1,IL1B,CD82,LOXL2,AUTS2,ISG20,CNTN1,SERPINB8,CKB,TLE2,PGF,CEBPD,IFITM3,IFITM1,PTGDS,BCL11B,BCL11A,EDN1,NT5E,CADPS2,DTX4,NR4A3,TGFBI,TGFBR3"
"DEG_LD_SW480","333","0.237199999999999994","HMX1","HMX1","31","290","0.000006105000000000000","0.00002570000000000000127","2.6290000000000000","Enrichr--Queries","ATF3,SHOX2,JPH3,KCNMA1,PPARG,RORA,OLFM1,DLX3,DLX4,PRRX1,EGR3,KIF26A,LOXL2,TFAP2A,VGF,CRMP1,SPOCK1,SOX14,COL2A1,HOXD13,HOXD11,HOXD10,ECEL1,GRB10,LHX2,IRX3,SOX2,EBF3,BCL11B,ELAVL2,SIX2"
"DEG_LD_SW480","334","0.237900000000000000","FOXL2","FOXL2","31","292","0.000007010000000000000","0.00002939999999999999973","2.6090000000000000","Enrichr--Queries","FZD10,ATF3,SHOX2,HEY1,PPARG,RORA,EPAS1,EGR3,GAL,KIF26B,LOXL2,TFAP2A,CNTN1,VGF,SPOCK1,DKK1,COL2A1,HOXD13,HOXD11,HOXD10,MOCOS,LHX2,IRX3,SOX2,EBF3,BCL11A,NT5E,NR4A3,TGFBI,SIX2,ALDH1A3"
"DEG_LD_SW480","335","0.238600000000000007","GSC","GSC","31","292","0.000007010000000000000","0.00002939999999999999973","2.6090000000000000","Enrichr--Queries","FZD10,ATF3,SHOX2,HEY1,PPARG,RORA,DLX3,PRRX1,EGR3,LOXL2,TFAP2A,HS3ST3B1,DKK1,COL2A1,HOXD13,HOXD11,HOXD10,MOCOS,SALL4,LHX2,IRX3,SOX2,EBF3,EDN1,CADPS2,EFNA5,SIX2,ALDH1A3,CDH11,NCAM1,PDE10A"
"DEG_LD_SW480","336","0.239300000000000013","NEUROG2","NEUROG2","31","293","0.000007507000000000000","0.00003130000000000000187","2.5990000000000002","Enrichr--Queries","ATF3,SHOX2,RHBDL3,NGFR,HEY1,LRP2,EGR3,KIF26B,LOXL2,NXPH4,CACNA1E,TFAP2A,VGF,CRMP1,SPOCK1,SLIT3,COL2A1,ECEL1,DACH1,LHX2,IRX3,SOX2,EBF3,BCL11B,BCL11A,CADPS2,EFNA5,NR4A3,ELAVL2,SIX2,CDH11"
"DEG_LD_SW480","337","0.239999999999999991","SOX30","SOX30","31","293","0.000007507000000000000","0.00003130000000000000187","2.5990000000000002","Enrichr--Queries","ATF3,NAPSA,KCNMA1,PPARG,FSTL4,RORA,STK31,LRP2,EPAS1,EGR3,LOXL2,VGF,SOX14,NR1D1,SERPINB8,HOXD11,HOXD10,MOCOS,GRB10,PGF,LHX2,PHACTR3,CEBPD,BCL11A,RYR1,EDN1,PTGER2,FCGBP,CADPS2,NR4A3,ELAVL2"
"DEG_LD_SW480","338","0.240699999999999997","POU3F1","POU3F1","31","294","0.000008036000000000001","0.00003320000000000000062","2.5890000000000000","Enrichr--Queries","ATF3,NGFR,HEY1,EGLN3,SLCO3A1,RORA,OLFM1,FBXO32,PTPRZ1,EGR3,SORCS2,LOXL2,KIF5C,TFAP2A,VGF,CRMP1,SPOCK1,SERPINB8,PGF,LHX2,IRX3,NECTIN1,SOX2,EBF3,BCL11B,BCL11A,PDE2A,EFNA5,NR4A3,ELAVL2,PDE10A"
"DEG_LD_SW480","339","0.241499999999999992","STAT2","STAT2","31","294","0.000008036000000000001","0.00003320000000000000062","2.5890000000000000","Enrichr--Queries","ATF3,ABCA1,NAPSA,FASN,ITGB2,NPC2,HERC5,FBXO6,LGALS9,IFI27,BST2,CTSB,IL1B,CD74,ISG20,PLEK,NAMPT,ANXA1,SERPINB8,GPNMB,SLC15A3,CEBPD,IFITM3,IFITM1,TLR3,IFI6,CMPK2,TGFBI,CASP4,NFKBIZ,OAS1"
"DEG_LD_SW480","340","0.242199999999999999","FOXS1","FOXS1","31","294","0.000008036000000000001","0.00003320000000000000062","2.5890000000000000","Enrichr--Queries","ATF3,PRRX1,TM4SF1,MXRA8,CTSK,PLAT,LOXL2,PCOLCE,GGT5,COL5A3,COL5A2,CNTN1,ACTA2,CYGB,ANXA1,SERPINB8,GPNMB,OLFML3,PGF,IGFBP7,CEBPD,IFITM3,IFITM1,PDK4,GNG11,CX3CL1,EDN1,VGLL3,TGFBI,CDH11,COL6A3"
"DEG_LD_SW480","341","0.242900000000000005","ZNF189","ZNF189","31","295","0.000008599000000000000","0.00003470000000000000319","2.5790000000000002","Enrichr--Queries","ATF3,SLC5A3,ABCA1,FBXO32,RASSF6,EGR3,ARHGEF3,NEDD9,SERTAD4,KIF5C,CNTN1,ALCAM,NAMPT,SYTL2,ANXA1,SERPINB8,PRUNE2,ATP8A1,PGF,RAB30,NBEA,HMGCS1,CEBPD,PTPN13,PDK4,ARRDC4,MATN2,CADPS2,NR4A3,KLF15,TGFBR3"
"DEG_LD_SW480","342","0.243600000000000011","SP8","SP8","31","295","0.000008599000000000000","0.00003470000000000000319","2.5790000000000002","Enrichr--Queries","FZD10,ATF3,SHOX2,ABCA1,HEY1,ADGRV1,LRP2,PTPRZ1,EGR3,KIF26B,LOXL2,TFAP2A,SYT1,VGF,DKK1,LFNG,SERPINB8,COL2A1,DACH1,CDK6,LHX2,IRX3,SOX2,EBF3,BCL11B,BCL11A,FEZF1,CADPS2,EFNA5,ELAVL2,CDH11"
"DEG_LD_SW480","343","0.244299999999999989","ZNF418","ZNF418","31","295","0.000008599000000000000","0.00003470000000000000319","2.5790000000000002","Enrichr--Queries","ABCA1,JPH3,DMD,RORA,ZNF610,HERC5,ZNF711,WNK2,LOXL2,ZNF93,AUTS2,SYT1,SYTL2,LFNG,TET1,SERPINB8,ZNF331,NBEA,ZNF502,ZNF501,ZNF737,VIPR1,ARRDC4,TIAM1,TSHZ3,BCL11A,TENM1,NT5E,CADPS2,LTBP2,TGFBI"
"DEG_LD_SW480","344","0.244999999999999996","FEZF1","FEZF1","31","295","0.000008599000000000000","0.00003470000000000000319","2.5790000000000002","Enrichr--Queries","FZD10,UNC5A,SHOX2,NGFR,ADGRV1,LRP2,PTPRZ1,CACNA1E,TFAP2A,SYT1,SERPINB8,COL2A1,HOXD11,HOXD10,ECEL1,MOCOS,DACH1,LHX2,NLGN1,IRX3,SOX2,EBF3,BCL11B,BCL11A,CADPS2,EFNA5,ELAVL2,SIX2,VAT1L,CADPS,PDE10A"
"DEG_LD_SW480","345","0.245700000000000002","ONECUT3","ONECUT3","31","295","0.000008599000000000000","0.00003470000000000000319","2.5790000000000002","Enrichr--Queries","ATF3,SHOX2,RHBDL3,NGFR,JPH3,KCNMA1,EGLN3,RORA,DLX3,PRRX1,EGR3,SORCS2,KIF26A,KIF26B,LOXL2,CACNA1E,TFAP2A,VGF,SLIT3,UNC13A,ECEL1,NMNAT2,LHX2,IRX3,SOX2,EBF3,BCL11B,BCL11A,EFNA5,SIX2,ALDH1A3"
"DEG_LD_SW480","346","0.246400000000000008","TIGD4","TIGD4","31","295","0.000008599000000000000","0.00003470000000000000319","2.5790000000000002","Enrichr--Queries","ATF3,ABCA1,KCNMA1,DMD,LEPR,ADGRV1,SUGCT,EPAS1,CTSK,IL1B,LOXL2,MPZ,CNTN1,CYTIP,STON2,SERPINB8,GPNMB,WDR17,DACH1,OXTR,KLHDC7A,PDK4,TIAM1,RYR1,TENM1,TLR4,NT5E,CADPS2,STEAP2,ZMAT1,NR4A3"
"DEG_LD_SW480","347","0.247200000000000003","LHX8","LHX8","31","295","0.000008599000000000000","0.00003470000000000000319","2.5790000000000002","Enrichr--Queries","ATF3,SHOX2,KCNMA1,PRRX1,EPAS1,EGR3,MKX,SORCS2,KIF26B,LOXL2,CACNA1E,CRYM,ALCAM,DKK1,SERPINB8,HOXD10,ECEL1,DACH1,LHX2,IRX3,SOX2,EBF3,BCL11B,CADPS2,NR4A3,ELAVL2,SIX2,ALDH1A3,CDH11,CDH13,PDE10A"
"DEG_LD_SW480","348","0.247900000000000009","BATF2","BATF2","31","295","0.000008599000000000000","0.00003470000000000000319","2.5790000000000002","Enrichr--Queries","ATF3,C2,NAPSA,FASN,UPP1,HERC5,FBXO6,LGALS9,IFI27,BST2,SECTM1,IL1A,IL1B,CD74,RASGRP3,ISG20,PLEK,NAMPT,SLC15A3,NOD2,IFITM3,IFITM1,CX3CL1,TLR3,IFI6,BATF,CMPK2,TGFBI,CASP4,NFKBIZ,OAS1"
"DEG_LD_SW480","349","0.248599999999999988","ZNF575","ZNF575","31","296","0.000009198000000000001","0.00003610000000000000334","2.5690000000000000","Enrichr--Queries","ATF3,NAPSA,KCNMA1,F13A1,FBXO32,DEPP1,FBXO6,PAG1,SECTM1,HYAL1,LOXL2,VDR,ISG20,CLEC11A,SDSL,NR1D1,LFNG,ANXA1,SERPINB8,CKB,MOCOS,PGF,CEMIP,CEBPD,ABLIM3,PDK4,NT5E,CADPS2,LTBP2,TGFBI,TGFBR3"
"DEG_LD_SW480","350","0.249299999999999994","ZFP57","ZFP57","31","296","0.000009198000000000001","0.00003610000000000000334","2.5690000000000000","Enrichr--Queries","ATF3,DYSF,MDK,UPP1,EPAS1,KIF26B,PLAT,LOXL2,COL5A2,CNTN1,ACTA2,ALCAM,TET1,SERPINB8,CKB,GRB10,F2R,PGF,IGFBP7,ASNS,DAB2,BNC2,IFITM3,IFITM1,SOX2,BCL11A,EDN1,TGFBI,NFKBIZ,CDH11,NCAM1"
"DEG_LD_SW480","351","0.250000000000000000","OVOL2","OVOL2","31","296","0.000009198000000000001","0.00003610000000000000334","2.5690000000000000","Enrichr--Queries","ATF3,MYH7B,HEY1,PPARG,GPRC5C,EGLN3,RORA,OLFM1,TSPAN1,EGR3,WFDC2,PERP,EEF1A2,TFAP2A,FLRT3,SERPINB8,RIPPLY3,CKB,SALL4,LHX2,IRX3,IFITM1,CBLC,SOX2,EBF3,BCL11B,BCL11A,MPZL2,CADPS2,ALDH1A3,MLPH"
"DEG_LD_SW480","352","0.250699999999999978","ZNF799","ZNF799","31","296","0.000009198000000000001","0.00003610000000000000334","2.5690000000000000","Enrichr--Queries","ATF3,ABCA1,NAPSA,ZNF442,ZNF680,PAG1,ARHGEF3,NEDD9,MSMO1,RASGRP3,ISG20,ALCAM,DKK1,SYTL2,LFNG,SERPINB8,F2R,PGF,RAB30,ZNF763,HMGCS1,VWF,ARRDC4,TIAM1,EDN1,MATN2,CADPS2,CMPK2,NFKBIZ,TGFBR3,OAS1"
"DEG_LD_SW480","353","0.251400000000000012","BACH2","BACH2","31","296","0.000009198000000000001","0.00003610000000000000334","2.5690000000000000","Enrichr--Queries","ATF3,ABCA1,PELI2,SLCO3A1,RORA,ATXN1,FBXO32,EPAS1,PAG1,EGR3,SORCS2,ARHGEF3,NEDD9,KIF26B,AUTS2,MAML2,ALCAM,SERPINB8,ATP8A1,CDK6,DUSP10,TIAM1,BCL11B,BCL11A,SH3PXD2A,CADPS2,EFNA5,NR4A3,DOCK4,TGFBR3,NCAM1"
"DEG_LD_SW480","354","0.252099999999999991","ZNF649","ZNF649","31","296","0.000009198000000000001","0.00003610000000000000334","2.5690000000000000","Enrichr--Queries","ATF3,ZNF486,RORA,ZNF681,ZNF680,HERC5,BST2,WFDC2,KIF5C,ZNF93,FGF13,GNG4,SLAIN1,TET1,SERPINB8,ZNF107,ZNF331,SALL4,PGF,ASNS,CDK6,BNC2,HMGCS1,PTPN13,ZNF737,IFITM1,SOX2,ARRDC4,BCL11A,CADPS2,ALDH1A3"
"DEG_LD_SW480","355","0.252800000000000025","PLAGL1","PLAGL1","31","296","0.000009198000000000001","0.00003610000000000000334","2.5690000000000000","Enrichr--Queries","ATF3,PDGFC,ABCA1,RORA,KCTD12,EPAS1,IGF1,NEDD9,PLAT,LOXL2,COL5A2,CNTN1,RND3,ACTA2,ALCAM,ANXA1,SERPINB8,CKB,GRB10,F2R,IGFBP7,DAB2,CEBPD,IFITM3,MATN2,NR4A3,TGFBI,NFKBIZ,TGFBR3,CDH11,COL6A3"
"DEG_LD_SW480","356","0.253599999999999992","KLF14","KLF14","31","296","0.000009198000000000001","0.00003610000000000000334","2.5690000000000000","Enrichr--Queries","ATF3,SHOX2,NGFR,KCNMA1,PPARG,EGLN3,KCNG1,DLX3,EPAS1,EGR3,IGF1,KIF26B,LOXL2,TFAP2A,VGF,SOX14,COL2A1,HOXD11,HOXD10,LHX2,CPM,IRX3,EBF3,BCL11B,BCL11A,PDE2A,EGFLAM,CADPS2,EFNA5,NR4A3,SIX2"
"DEG_LD_SW480","357","0.254300000000000026","RXRG","RXRG","31","296","0.000009198000000000001","0.00003610000000000000334","2.5690000000000000","Enrichr--Queries","ATF3,NGFR,HEY1,EGLN3,OLFM1,AGXT,PRRX1,SPON1,EPAS1,EGR3,IGF1,SORCS2,CD74,LOXL2,COL5A2,ACTA2,GNG4,CRYM,ALCAM,SERPINB8,DACH1,PDK4,RYR1,CX3CL1,MATN2,CADPS2,NR4A3,CDH13,NCAM1,VAT1L,PDE10A"
"DEG_LD_SW480","358","0.255000000000000004","LHX9","LHX9","31","296","0.000009198000000000001","0.00003610000000000000334","2.5690000000000000","Enrichr--Queries","ATF3,SHOX2,HEY1,RORA,PRRX1,EGR3,SERTAD4,KIF26B,LOXL2,KIF5C,KIRREL3,NPNT,CACNA1E,TFAP2A,AUTS2,SERPINB8,COL2A1,HOXD10,DACH1,LHX2,IRX3,SOX2,EBF3,BCL11B,BCL11A,CADPS2,EFNA5,NR4A3,ELAVL2,CDH13,PDE10A"
"DEG_LD_SW480","359","0.255699999999999983","HOXB8","HOXB8","31","297","0.000009835000000000000","0.00003690000000000000246","2.5590000000000002","Enrichr--Queries","ATF3,SHOX2,PDGFC,NGFR,HOXC11,HEY1,PPARG,PRRX1,EPAS1,EGR3,KIF26B,LOXL2,TFAP2A,COL5A2,ACTA2,VGF,DKK1,SERPINB8,HOXD11,HOXD10,CKB,DACH1,LHX2,CEBPD,IRX3,SOX2,BCL11A,NT5E,TGFBI,ALDH1A3,CDH11"
"DEG_LD_SW480","360","0.256400000000000017","NEUROD6","NEUROD6","31","297","0.000009835000000000000","0.00003690000000000000246","2.5590000000000002","Enrichr--Queries","HPCAL4,OLFM1,SYT17,BSN,SCN3B,EGR3,PCLO,SYP,RTN1,CACNA1E,KCNV1,SYT1,VGF,CRMP1,SPOCK1,CRYM,CHGB,SERPINB8,DACH1,LHX2,SOX2,TSHZ3,BCL11B,BCL11A,TENM1,CAMKV,CADPS2,NR4A3,ELAVL2,CDH13,CADPS"
"DEG_LD_SW480","361","0.257099999999999995","POU2F3","POU2F3","31","297","0.000009835000000000000","0.00003690000000000000246","2.5590000000000002","Enrichr--Queries","CLDN1,ATF3,PPARG,EGLN3,RORA,DLX3,EPAS1,EGR3,WFDC2,HYAL1,PERP,LOXL2,TFAP2A,VDR,ANXA1,SERPINB8,MOCOS,CPM,CEBPD,NECTIN1,SOX2,TNS4,BCL11B,BCL11A,EDN1,NT5E,MPZL2,FCGBP,CADPS2,TGFBI,ALDH1A3"
"DEG_LD_SW480","362","0.257799999999999974","SIM2","SIM2","31","297","0.000009835000000000000","0.00003690000000000000246","2.5590000000000002","Enrichr--Queries","ATF3,SHOX2,KCNMA1,PPARG,EGLN3,RORA,EGR3,KIF26B,LOXL2,TFAP2A,CNTN1,FGF13,SPOCK1,SERPINB8,COL2A1,HOXD10,CEMIP,LHX2,IRX3,PDK4,EBF3,BCL11A,NTM,EFNA5,NR4A3,TGFBI,ELAVL2,SIX2,TGFBR3,ALDH1A3,CDH11"
"DEG_LD_SW480","363","0.258500000000000008","TRPS1","TRPS1","31","297","0.000009835000000000000","0.00003690000000000000246","2.5590000000000002","Enrichr--Queries","PDGFC,ABCA1,KCNMA1,RORA,ATXN1,KCTD12,EPAS1,ARHGEF3,AUTS2,COL5A2,CNTN1,RND3,NAV1,MAML2,ALCAM,ANXA1,SERPINB8,TLE1,ITPR1,DAB2,CDK6,NBEA,BNC2,NT5E,CADPS2,EFNA5,TGFBI,DOCK4,TGFBR3,CDH11,NCAM1"
"DEG_LD_SW480","364","0.259299999999999975","ZNF438","ZNF438","31","297","0.000009835000000000000","0.00003690000000000000246","2.5590000000000002","Enrichr--Queries","ATF3,PDGFC,ABCA1,FASN,KCNMA1,RORA,ATXN1,DYSF,UPP1,FCGR2A,KCTD12,CTSB,IL1B,NEDD9,CD82,MAML2,NAMPT,SYTL2,ANXA1,SERPINB8,PGF,ITPR1,CDK6,CEBPD,TLR4,IFI6,CADPS2,TGFBI,DOCK4,CASP4,TGFBR3"
"DEG_LD_SW480","365","0.260000000000000009","ZNF541","ZNF541","31","297","0.000009835000000000000","0.00003690000000000000246","2.5590000000000002","Enrichr--Queries","ATF3,MYH7B,NGFR,NAPSA,FAT2,ZNF469,KANK4,EGR3,SECTM1,KIF12,HYAL1,SORCS2,IL1B,KIF26B,COL5A3,SH3TC1,SERPINB8,MOCOS,SLC15A3,DUSP15,PHACTR3,VWF,IRX3,VIPR1,PDK4,RYR1,RYR2,ZDHHC11,FCGBP,CADPS2,COL6A3"
"DEG_LD_SW480","366","0.260699999999999987","RFX6","RFX6","31","297","0.000009835000000000000","0.00003690000000000000246","2.5590000000000002","Enrichr--Queries","ATF3,KCNMA1,SLC7A2,PTPRZ1,KCTD12,EGR3,IGF1,CRYBA2,GNAI1,KIF26B,CAPN6,EEF1A2,COL5A2,GNG4,CHGB,SERPINB8,NMNAT2,DACH1,CEMIP,PARM1,CPM,NLGN1,PDK4,SLC22A3,MAOB,EDN3,CADPS2,SELENOP,TGFBR3,ALDH1A3,CADPS"
"DEG_LD_SW480","367","0.261400000000000021","AHR","AHR","31","297","0.000009835000000000000","0.00003690000000000000246","2.5590000000000002","Enrichr--Queries","ATF3,PDGFC,ABCA1,FASN,PPARG,UPP1,TM4SF1,KCTD12,EPAS1,CTSB,IL1B,NEDD9,CD74,CNTN1,RND3,ALCAM,NAMPT,ANXA1,SERPINB8,GPNMB,F2R,IGFBP7,DAB2,CDK6,CEBPD,IFITM3,IFITM1,EDN1,NT5E,TGFBI,NFKBIZ"
"DEG_LD_SW480","368","0.262100000000000000","KLF5","KLF5","31","297","0.000009835000000000000","0.00003690000000000000246","2.5590000000000002","Enrichr--Queries","CLDN1,ATF3,ABCA1,PPARG,EGLN3,UPP1,TM4SF1,SLPI,EPAS1,EGR3,NEDD9,PERP,LOXL2,CNTN1,RND3,ACTA2,ALCAM,DKK1,ANXA1,SERPINB8,GPNMB,ASNS,DUSP10,CEBPD,IFITM3,EDN1,NT5E,MPZL2,TGFBI,NFKBIZ,ALDH1A3"
"DEG_LD_SW480","369","0.262799999999999978","NEUROD4","NEUROD4","31","297","0.000009835000000000000","0.00003690000000000000246","2.5590000000000002","Enrichr--Queries","RHBDL3,NGFR,KCNMA1,MSI1,OLFM1,ADGRV1,PTPRZ1,SYP,RTN1,CACNA1E,SYT1,CNTN1,CRMP1,SPOCK1,SLIT3,CHGB,SERPINB8,COL2A1,DACH1,ILDR2,LHX2,SOX2,EBF3,BCL11A,CADPS2,CHRNB4,EFNA5,CDH23,ELAVL2,NCAM1,CADPS"
"DEG_LD_SW480","370","0.263500000000000012","TBX2","TBX2","31","297","0.000009835000000000000","0.00003690000000000000246","2.5590000000000002","Enrichr--Queries","ATF3,NGFR,HEY1,PPARG,PRRX1,TM4SF1,MXRA8,EPAS1,EGR3,KIF26B,PLAT,LOXL2,TFAP2A,COL5A2,ACTA2,DKK3,SERPINB8,OLFML3,PGF,IGFBP7,CEBPD,IRX3,SOX2,GNG11,EDN1,FBLN1,TGFBI,TGFBR3,ALDH1A3,CDH11,COL6A3"
"DEG_LD_SW480","371","0.264199999999999990","IRF6","IRF6","31","297","0.000009835000000000000","0.00003690000000000000246","2.5590000000000002","Enrichr--Queries","CLDN1,ATF3,MYH7B,EGLN3,FBXO32,TM4SF1,SLPI,EPAS1,WFDC2,PERP,CD74,TFAP2A,CNTN1,RND3,ACTA2,ANXA1,SERPINB8,SERPINB5,GPNMB,CKB,CEBPD,IFITM3,PDK4,MGST1,EDN1,ALDOC,NT5E,MPZL2,SELENOP,TGFBI,ALDH1A3"
"DEG_LD_SW480","372","0.265000000000000013","NFE2L3","NFE2L3","31","297","0.000009835000000000000","0.00003690000000000000246","2.5590000000000002","Enrichr--Queries","CLDN1,ATF3,ABCA1,FASN,PPARG,EGLN3,MDK,IFI27,BST2,IL1B,CD74,CD82,PLAT,LOXL2,ISG20,CNTN1,RND3,ALCAM,NAMPT,DKK1,ANXA1,SERPINB8,CDK6,IFITM3,IFITM1,EDN1,NT5E,TGFBI,NFKBIZ,ALDH1A3,OAS1"
"DEG_LD_SW480","373","0.265699999999999992","ELF3","ELF3","31","297","0.000009835000000000000","0.00003690000000000000246","2.5590000000000002","Enrichr--Queries","CLDN1,ATF3,MYH7B,PPARG,EGLN3,FBXO32,UPP1,TM4SF1,SLPI,EPAS1,TSPAN1,WFDC2,NEDD9,PERP,ISG20,CNTN1,RND3,ANXA1,SERPINB8,GPNMB,CKB,CEBPD,IFITM1,PDK4,MGST1,EDN1,MPZL2,TGFBI,NFKBIZ,ALDH1A3,MLPH"
"DEG_LD_SW480","374","0.266400000000000026","KLF2","KLF2","31","297","0.000009835000000000000","0.00003690000000000000246","2.5590000000000002","Enrichr--Queries","ATF3,ABCA1,ITGB2,UPP1,KCTD12,EPAS1,EGR3,CTSB,IL1B,NEDD9,CD74,ISG20,CNTN1,ACTA2,ANXA1,SERPINB8,F2R,IGFBP7,DAB2,CEBPD,IFITM3,IFITM1,PDK4,GNG11,EDN1,NT5E,SELENOP,NR4A3,TGFBI,NFKBIZ,TGFBR3"
"DEG_LD_SW480","375","0.267100000000000004","ZNF441","ZNF441","31","298","0.000010509999999999999","0.00003889999999999999686","2.5499999999999998","Enrichr--Queries","ATF3,ABCA1,DZIP3,IL1RAP,ZNF442,ZNF680,ZNF429,FBXO32,KCTD12,PAG1,ARHGEF3,ZNF92,ZNF93,MAML2,SLC16A14,ANXA1,SERPINB8,ZNF117,ZNF107,ZNF331,PGF,RAB30,ASNS,CDK6,NBEA,ZNF763,ARRDC4,TSHZ2,CADPS2,PDE3B,TGFBR3"
"DEG_LD_SW480","376","0.267799999999999983","MESP2","MESP2","31","298","0.000010509999999999999","0.00003889999999999999686","2.5499999999999998","Enrichr--Queries","ATF3,ABCA1,NGFR,NAPSA,FASN,PPARG,EGLN3,DLX3,SLPI,EPAS1,EGR3,WFDC2,HYAL1,PERP,LOXL2,VDR,DKK1,NR1D1,LFNG,SERPINB8,COL2A1,NOTUM,RNF43,PGF,IRX3,BCL11B,EDN1,FCGBP,CADPS2,TGFBI,ALDH1A3"
"DEG_LD_SW480","377","0.268500000000000016","ZNF141","ZNF141","31","298","0.000010509999999999999","0.00003889999999999999686","2.5499999999999998","Enrichr--Queries","ZNF273,ABCA1,ZNF486,RORA,ZNF681,ZNF680,ZNF429,ADGRV1,HERC5,ZNF711,ZNF92,ZNF93,AUTS2,CRMP1,SYTL2,TET1,SERPINB8,ZNF117,ZNF107,ZNF331,ATP8A1,SALL4,ITPR1,CDK6,NBEA,HMGCS1,ZNF737,BCL11A,CADPS2,NR4A3,PDE3B"
"DEG_LD_SW480","378","0.269199999999999995","ZNF763","ZNF763","31","298","0.000010509999999999999","0.00003889999999999999686","2.5499999999999998","Enrichr--Queries","ATF3,ABCA1,YPEL1,ZNF442,ZNF681,ZNF680,ZNF429,MDK,DEPP1,ZNF610,HERC5,ZNF711,KCTD12,EGR3,ZNF93,AUTS2,ISG20,XYLT1,SYTL2,SLC16A14,SERPINB8,ZNF117,PGF,CEBPD,ZNF737,ARRDC4,BCL11A,EDN1,TLR3,CADPS2,ZMAT1"
"DEG_LD_SW480","379","0.269899999999999973","ZNF677","ZNF677","31","298","0.000010509999999999999","0.00003889999999999999686","2.5499999999999998","Enrichr--Queries","ZNF273,ZNF486,DMD,RORA,ZNF681,OLFM1,ZNF429,TRIM58,ZNF610,HERC5,EPAS1,KIF5C,ZNF93,XYLT1,SERPINB8,ZNF107,ZNF331,F2R,ITPR1,NBEA,ZNF502,ZNF501,ZNF737,TSHZ3,TMTC1,BCL11A,RYR2,TENM1,CADPS2,SELENOP,TGFBR3"
"DEG_LD_SW480","380","0.270699999999999996","BARX1","BARX1","30","290","0.000015960000000000000","0.00005899999999999999754","2.5339999999999998","Enrichr--Queries","ATF3,SHOX2,NGFR,HEY1,KCNG1,RORA,DLX3,DLX4,DYSF,PRRX1,PRRX2,KIF26A,KIF26B,LOXL2,TFAP2A,VGF,SERPINB8,COL2A1,HOXD13,HOXD11,HOXD10,ECEL1,MOCOS,LHX2,IRX3,SOX2,EBF3,BCL11A,NR4A3,SIX2"
"DEG_LD_SW480","381","0.271399999999999975","DMRT3","DMRT3","30","291","0.000017039999999999999","0.00006250000000000000130","2.5240000000000000","Enrichr--Queries","FZD10,ATF3,SHOX2,HEY1,RORA,DLX3,LRP2,PRRX1,EPAS1,EGR3,MKX,LOXL2,TFAP2A,COL2A1,HOXD13,HOXD11,HOXD10,NMNAT2,LHX2,IRX3,SOX2,EBF3,BCL11B,BCL11A,FEZF1,CADPS2,NR4A3,ELAVL2,SIX2,PDE10A"
"DEG_LD_SW480","382","0.272100000000000009","SOX1","SOX1","30","291","0.000017039999999999999","0.00006250000000000000130","2.5240000000000000","Enrichr--Queries","FZD10,RHBDL3,JPH3,KCNMA1,EGLN3,MSI1,RORA,OLFM1,PTPRZ1,PRRX1,KIF26A,LOXL2,CACNA1E,TFAP2A,CRMP1,GNG4,COL2A1,DACH1,LHX2,CACNG4,IRX3,SOX2,EBF3,BCL11B,BCL11A,EFNA5,ELAVL2,CDH11,NCAM1,PDE10A"
"DEG_LD_SW480","383","0.272799999999999987","HES4","HES4","30","291","0.000017039999999999999","0.00006250000000000000130","2.5240000000000000","Enrichr--Queries","ATF3,ABCA1,FASN,MDK,UPP1,HERC5,FBXO6,IFI27,BST2,IL1B,EEF1A2,CNN3,ISG20,ACTA2,VGF,NAMPT,ANXA1,SERPINB8,CKB,F2R,CEBPD,IFITM3,IFITM1,EDN1,IFI6,CMPK2,NR4A3,TGFBI,NFKBIZ,OAS1"
"DEG_LD_SW480","384","0.273500000000000021","IRF9","IRF9","30","292","0.000018190000000000000","0.00006650000000000000366","2.5150000000000001","Enrichr--Queries","ATF3,ABCA1,NAPSA,FASN,ITGB2,UPP1,HERC5,LGALS9,IFI27,BST2,CTSB,IL1B,CD74,ISG20,PLEK,NAMPT,ANXA1,SERPINB8,GPNMB,SLC15A3,CEBPD,IFITM3,IFITM1,TLR3,IFI6,CMPK2,TGFBI,CASP4,NFKBIZ,OAS1"
"DEG_LD_SW480","385","0.274199999999999999","ZIC4","ZIC4","30","293","0.000019409999999999999","0.00007040000000000000359","2.5049999999999999","Enrichr--Queries","SHOX2,KCNMA1,PRRX1,EGR3,SORCS2,KIF26B,CACNA1E,TFAP2A,SPOCK1,COL2A1,ECEL1,DACH1,LHX2,IRX3,SOX2,EBF3,TSHZ3,BCL11B,BCL11A,RYR2,CADPS2,NTM,EFNA5,TGFBI,ELAVL2,CDH11,CDH13,VAT1L,CADPS,PDE10A"
"DEG_LD_SW480","386","0.274899999999999978","OTX1","OTX1","30","293","0.000019409999999999999","0.00007040000000000000359","2.5049999999999999","Enrichr--Queries","ATF3,SHOX2,HEY1,EGLN3,RORA,PTPRZ1,SPON1,EPAS1,EGR3,KIF26B,EEF1A2,TFAP2A,ANXA1,SERPINB8,COL2A1,DACH1,CDK6,LHX2,IRX3,SOX2,EBF3,TSHZ3,BCL11B,BCL11A,CADPS2,EFNA5,NR4A3,TGFBI,ELAVL2,SIX2"
"DEG_LD_SW480","387","0.275600000000000012","DMRT1","DMRT1","30","293","0.000019409999999999999","0.00007040000000000000359","2.5049999999999999","Enrichr--Queries","ATF3,HEY1,KCNMA1,PPARG,UPP1,LRP2,PRRX1,EPAS1,EGR3,KIF26B,LOXL2,CACNA1E,TFAP2A,TET1,COL2A1,HOXD13,HOXD11,HOXD10,MOCOS,SALL4,ESRRB,LHX2,BNC2,IRX3,SOX2,BCL11B,BCL11A,RYR2,CADPS2,ELAVL2"
"DEG_LD_SW480","388","0.276399999999999979","RBPJL","RBPJL","30","294","0.000020699999999999998","0.00007469999999999999969","2.4960000000000000","Enrichr--Queries","ATF3,ADAMTS17,MYH7B,NGFR,FASN,HEY1,DLX3,DYSF,LRP2,SLPI,EPAS1,EGR3,WFDC2,SORCS2,KIF26B,LOXL2,VDR,CD7,NR1D1,COL2A1,MOCOS,TLE2,COL27A1,PGF,BCL11B,EDN1,CADPS2,LTBP2,CDH23,TGFBI"
"DEG_LD_SW480","389","0.277100000000000013","PRDM5","PRDM5","30","294","0.000020699999999999998","0.00007469999999999999969","2.4960000000000000","Enrichr--Queries","ATF3,PDGFC,ABCA1,KCNMA1,PPARG,DMD,RORA,BICC1,AUTS2,COL5A2,ACTA2,ALCAM,SYTL2,ANXA1,SERPINB8,GRB10,MITF,DAB2,CDK6,NBEA,BNC2,MATN2,CADPS2,EFNA5,DOCK4,TGFBR3,CDH11,CDH13,COL6A3,NCAM1"
"DEG_LD_SW480","390","0.277799999999999991","HOXA4","HOXA4","30","295","0.000022070000000000000","0.00007870000000000000205","2.4860000000000002","Enrichr--Queries","ATF3,NGFR,HEY1,PPARG,EGLN3,PRRX1,EPAS1,EGR3,IGF1,KIF26B,LOXL2,EEF1A2,VDR,CNTN1,ACTA2,ANXA1,SERPINB8,HOXD11,HOXD10,CEBPD,IRX3,PDK4,EBF3,TSHZ3,BCL11A,GNG11,EDN1,TGFBI,TGFBR3,ALDH1A3"
"DEG_LD_SW480","391","0.278500000000000025","LEF1","LEF1","30","295","0.000022070000000000000","0.00007870000000000000205","2.4860000000000002","Enrichr--Queries","ATF3,ABCA1,HEY1,PPARG,RORA,ITGB2,EPAS1,EGR3,IGF1,CD74,AUTS2,COL5A2,ACTA2,ANXA1,SERPINB8,F2R,IGFBP7,CDK6,CEBPD,IFITM3,IFITM1,SOX2,BCL11B,BCL11A,GNG11,NT5E,TGFBI,TGFBR3,CDH11,NCAM1"
"DEG_LD_SW480","392","0.279200000000000004","NEUROG3","NEUROG3","30","295","0.000022070000000000000","0.00007870000000000000205","2.4860000000000002","Enrichr--Queries","FZD10,ATF3,NGFR,KCNMA1,PPARG,EGR3,CRYBA2,KIF26B,LOXL2,CACNA1E,TFAP2A,VGF,CRMP1,SLIT3,CHGB,SOX14,DKK1,COL2A1,MOCOS,NMNAT2,LHX2,IRX3,SOX2,EBF3,BCL11B,BCL11A,EDN1,SIX2,ALDH1A3,CADPS"
"DEG_LD_SW480","393","0.279899999999999982","PAX9","PAX9","30","295","0.000022070000000000000","0.00007870000000000000205","2.4860000000000002","Enrichr--Queries","ATF3,SHOX2,KCNMA1,PPARG,EGLN3,PRRX1,EGR3,PERP,KIF26B,LOXL2,NPNT,TFAP2A,CNTN1,DKK1,SERPINB8,HOXD10,MOCOS,LHX2,IRX3,SOX2,EBF3,BCL11B,BCL11A,EDN1,NT5E,EFNA5,NR4A3,TGFBI,SIX2,ALDH1A3"
"DEG_LD_SW480","394","0.280600000000000016","HOXD3","HOXD3","30","295","0.000022070000000000000","0.00007870000000000000205","2.4860000000000002","Enrichr--Queries","ATF3,SHOX2,NGFR,RORA,PRRX1,EGR3,KIF26B,LOXL2,TFAP2A,HS3ST3B1,ACTA2,CRMP1,SERPINB8,COL2A1,HOXD13,HOXD11,HOXD10,DACH1,LHX2,IRX3,SOX2,EBF3,TSHZ3,CADPS2,NTM,TGFBI,SIX2,ALDH1A3,CDH11,NCAM1"
"DEG_LD_SW480","395","0.281299999999999994","FOXG1","FOXG1","30","296","0.000023530000000000000","0.00008139999999999999992","2.4769999999999999","Enrichr--Queries","HEY1,KCNMA1,PTPRZ1,PRRX1,EPAS1,EGR3,KIF5C,RTN1,TFAP2A,AUTS2,SYT1,CRMP1,SPOCK1,ALCAM,SERPINB8,CKB,DACH1,NBEA,LHX2,IRX3,SOX2,BCL11B,BCL11A,CADPS2,NTM,NR4A3,ELAVL2,CDH11,CDH13,NCAM1"
"DEG_LD_SW480","396","0.282100000000000017","NFIX","NFIX","30","296","0.000023530000000000000","0.00008139999999999999992","2.4769999999999999","Enrichr--Queries","HSPG2,ABCA1,FASN,KCNMA1,DAB2IP,RORA,ATXN1,EPAS1,LOXL2,CNN3,AUTS2,COL5A2,RERE,NAV1,ACTA2,ALCAM,DKK3,ANXA1,SERPINB8,CKB,IGFBP7,DAB2,IFITM3,SH3PXD2A,LTBP2,TGFBI,TGFBR3,CDH11,COL6A3,NCAM1"
"DEG_LD_SW480","397","0.282799999999999996","PBX3","PBX3","30","296","0.000023530000000000000","0.00008139999999999999992","2.4769999999999999","Enrichr--Queries","ATF3,ABCA1,HEY1,KCNMA1,DCBLD2,RORA,OLFM1,ATXN1,EPAS1,CD82,AUTS2,COL5A2,RND3,NAV1,ACTA2,ALCAM,FLRT3,ANXA1,SERPINB8,GRB10,IGFBP7,CDK6,NBEA,BNC2,HMGCS1,BCL11A,EFNA5,NR4A3,TGFBI,TGFBR3"
"DEG_LD_SW480","398","0.283499999999999974","GATA3","GATA3","30","296","0.000023530000000000000","0.00008139999999999999992","2.4769999999999999","Enrichr--Queries","ATF3,PPARG,EGLN3,RORA,EPAS1,PERP,CD74,LOXL2,TFAP2A,VDR,CNTN1,ALCAM,DKK1,SYTL2,ANXA1,SERPINB8,F2R,CDK6,CEBPD,IRX3,IFITM3,IFITM1,SOX2,TIAM1,BCL11B,BCL11A,EDN1,TGFBI,NFKBIZ,TGFBR3"
"DEG_LD_SW480","399","0.284200000000000008","SALL1","SALL1","30","296","0.000023530000000000000","0.00008139999999999999992","2.4769999999999999","Enrichr--Queries","ATF3,ABCA1,EGLN3,LRP2,PTPRZ1,PRRX1,EPAS1,KIF26B,LOXL2,KIF5C,AUTS2,HS3ST3B1,CRMP1,SERPINB8,DACH1,SALL4,CDK6,BNC2,IRX3,SOX2,EBF3,TSHZ3,BCL11A,CADPS2,NTM,EFNA5,TGFBI,ELAVL2,CDH11,NCAM1"
"DEG_LD_SW480","400","0.284899999999999987","LIN28B","LIN28B","30","296","0.000023530000000000000","0.00008139999999999999992","2.4769999999999999","Enrichr--Queries","ATF3,RORA,LRP2,PTPRZ1,GREB1,IGF1,LOXL2,KIF5C,SYT1,COL5A2,NAV1,CRMP1,GNG4,DKK1,TET1,SERPINB8,COL2A1,DACH1,SALL4,GRB10,CDK6,BNC2,SOX2,BCL11B,BCL11A,CAMKV,CADPS2,EFNA5,ELAVL2,VAT1L"
"DEG_LD_SW480","401","0.285600000000000021","HOXB5","HOXB5","30","296","0.000023530000000000000","0.00008139999999999999992","2.4769999999999999","Enrichr--Queries","ATF3,HEY1,PPARG,PRRX1,TM4SF1,EPAS1,COL5A2,CNTN1,ACTA2,DKK1,FLRT3,ANXA1,SERPINB8,HOXD10,OLFML3,CKB,F2R,PGF,IGFBP7,CDK6,CEBPD,IRX3,EBF3,GNG11,EDN1,FBLN1,TGFBI,TGFBR3,CDH11,COL6A3"
"DEG_LD_SW480","402","0.286299999999999999","HIF3A","HIF3A","30","296","0.000023530000000000000","0.00008139999999999999992","2.4769999999999999","Enrichr--Queries","ATF3,ABCA1,SLC7A2,EGLN3,RORA,AGXT,SPON1,EPAS1,IGF1,LOXL2,CNTN1,ACTA2,DAAM2,LFNG,SERPINB8,COL2A1,CPM,VWF,CEBPD,PDK4,PTGDS,MGST1,TMTC1,BCL11A,PDE2A,CADPS2,FBLN1,KLF15,TGFBR3,NCAM1"
"DEG_LD_SW480","403","0.286999999999999977","ZNF442","ZNF442","30","296","0.000023530000000000000","0.00008139999999999999992","2.4769999999999999","Enrichr--Queries","ATF3,ABCA1,NGFR,RORA,SLC16A9,HERC5,HYAL1,ZNF93,RASGRP3,ISG20,COL5A2,SYTL2,SLC16A14,SERPINB8,GPNMB,PGF,ASNS,CDK6,DUSP10,ZNF763,HMGCS1,IFITM3,PDK4,ARRDC4,EDN1,IFI6,CADPS2,CMPK2,NFKBIZ,OAS1"
"DEG_LD_SW480","404","0.287700000000000011","JAZF1","JAZF1","30","296","0.000023530000000000000","0.00008139999999999999992","2.4769999999999999","Enrichr--Queries","PDGFC,ABCA1,KCNMA1,SLCO3A1,RORA,ATXN1,UST,KCTD12,EPAS1,PAG1,ARHGEF3,NEDD9,MAML2,ALCAM,ANXA1,SERPINB8,OLFML3,ITPR1,DAB2,CDK6,RCAN2,BNC2,TSHZ3,BCL11A,NT5E,CADPS2,EFNA5,TGFBI,TGFBR3,NCAM1"
"DEG_LD_SW480","405","0.288499999999999979","SOX11","SOX11","30","296","0.000023530000000000000","0.00008139999999999999992","2.4769999999999999","Enrichr--Queries","ATF3,ABCA1,OLFM1,MDK,PTPRZ1,PRRX1,KIF26B,LOXL2,KIF5C,RTN1,AUTS2,COL5A2,CNTN1,RND3,CRMP1,SPOCK1,ALCAM,FLRT3,SERPINB8,DACH1,GRB10,F2R,SOX2,EBF3,BCL11B,BCL11A,EFNA5,ELAVL2,CDH11,NCAM1"
"DEG_LD_SW480","406","0.289200000000000013","ZNF665","ZNF665","30","296","0.000023530000000000000","0.00008139999999999999992","2.4769999999999999","Enrichr--Queries","ATF3,ABCA1,ZNF486,EGLN3,ZNF681,ZNF429,DEPP1,ZNF610,NEDD9,CD82,ZNF93,CNN3,CNTN1,RND3,ALCAM,DKK1,ANXA1,SERPINB8,ZNF331,F2R,PGF,ZNF737,IFITM3,PDK4,EDN1,NT5E,CADPS2,SELENOP,TGFBI,TGFBR3"
"DEG_LD_SW480","407","0.289899999999999991","GATA6","GATA6","30","297","0.000025069999999999999","0.00008299999999999999815","2.4680000000000000","Enrichr--Queries","CLDN1,ATF3,PDGFC,PPARG,RORA,EPAS1,NEDD9,PLAT,LOXL2,TFAP2A,COL5A2,CNTN1,RND3,ACTA2,DKK1,FLRT3,ANXA1,SERPINB8,GRB10,IGFBP7,DAB2,CEBPD,EDN1,NT5E,SELENOP,EFNA5,TGFBI,TGFBR3,ALDH1A3,CDH11"
"DEG_LD_SW480","408","0.290600000000000025","EOMES","EOMES","30","297","0.000025069999999999999","0.00008299999999999999815","2.4680000000000000","Enrichr--Queries","ATF3,HEY1,PPARG,RORA,ITGB2,EPAS1,EGR3,BST2,IL1B,CD74,ISG20,PLEK,ACTA2,CD7,SYTL2,ANXA1,SERPINB8,F2R,CEBPD,IFITM3,IFITM1,SOX2,SH2D2A,BCL11B,BCL11A,NT5E,NR4A3,TGFBI,NFKBIZ,TGFBR3"
"DEG_LD_SW480","409","0.291300000000000003","ZNF835","ZNF835","30","297","0.000025069999999999999","0.00008299999999999999815","2.4680000000000000","Enrichr--Queries","MYH7B,FSTL4,ADGRV1,TRIM58,KCNQ2,PCLO,LOXL2,KIF5C,CNTN1,FGF13,GNG4,UNC13A,WDR72,FMN1,SERPINB8,MOCOS,RIMS4,LZTS1,AK5,RNF182,ADAMTS8,MACC1,TSHZ3,BCL11A,RYR1,CADPS2,CPLX1,CDH23,VAT1L,CADPS"
"DEG_LD_SW480","410","0.291999999999999982","ZNF829","ZNF829","30","297","0.000025069999999999999","0.00008299999999999999815","2.4680000000000000","Enrichr--Queries","ATF3,ZNF273,ABCA1,ZNF486,DMD,ZNF681,ZNF680,ZNF429,ZNF610,HERC5,ZNF711,MED12L,ZNF92,ZNF93,SYTL2,SERPINB8,ZNF107,GPR155,NMNAT2,ZNF331,ASNS,CDK6,CPM,ZNF502,ZNF501,ZNF737,RYR2,KBTBD8,CADPS2,SGO1"
"DEG_LD_SW480","411","0.292700000000000016","TBX5","TBX5","30","297","0.000025069999999999999","0.00008299999999999999815","2.4680000000000000","Enrichr--Queries","ATF3,SHOX2,KCNMA1,PPARG,PRRX1,SPON1,EPAS1,EGR3,IGF1,KIF26B,LOXL2,CACNA1E,TFAP2A,ACTA2,DKK3,SERPINB8,HOXD10,MITF,IRX3,SOX2,EBF3,BCL11B,RYR2,CADPS2,NTM,CDH11,CDH13,COL6A3,NCAM1,CADPS"
"DEG_LD_SW480","412","0.293399999999999994","SP6","SP6","30","297","0.000025069999999999999","0.00008299999999999999815","2.4680000000000000","Enrichr--Queries","ATF3,MYH7B,NGFR,HEY1,GPRC5C,EGLN3,DLX3,MDK,EPAS1,EGR3,PERP,LOXL2,TFAP2A,VDR,CNTN1,ACTA2,DKK1,LFNG,SERPINB8,COL2A1,NOTUM,PGF,CPM,CEBPD,IRX3,EDN1,NT5E,MPZL2,TGFBI,ALDH1A3"
"DEG_LD_SW480","413","0.294200000000000017","ZNF470","ZNF470","30","297","0.000025069999999999999","0.00008299999999999999815","2.4680000000000000","Enrichr--Queries","ATF3,SLC5A3,ABCA1,ZNF486,DMD,RORA,ZNF681,ZNF680,ZNF429,ZNF610,HERC5,ZNF93,AUTS2,GNG4,XYLT1,SYTL2,TET1,SERPINB8,ZNF117,ZNF107,ZNF331,PGF,RNF182,ZNF502,ZNF501,ZNF737,ARRDC4,BCL11A,NT5E,CADPS2"
"DEG_LD_SW480","414","0.294899999999999995","KLF4","KLF4","30","297","0.000025069999999999999","0.00008299999999999999815","2.4680000000000000","Enrichr--Queries","ATF3,ABCA1,PPARG,TM4SF1,KCTD12,EPAS1,EGR3,IL1B,NEDD9,CD74,ISG20,CNTN1,RND3,ACTA2,ALCAM,NAMPT,ANXA1,SERPINB8,GPNMB,IGFBP7,CEBPD,IFITM3,IFITM1,PDK4,EDN1,SELENOP,NR4A3,TGFBI,NFKBIZ,TGFBR3"
"DEG_LD_SW480","415","0.295599999999999974","IKZF4","IKZF4","30","297","0.000025069999999999999","0.00008299999999999999815","2.4680000000000000","Enrichr--Queries","ATF3,ABCA1,RORA,ATXN1,ARRB1,EPAS1,IGF1,KIF26B,LOXL2,KIF5C,TANC2,AUTS2,VDR,NAV1,ALCAM,SLC6A6,TET1,SERPINB8,ANKRD52,ATP8A1,CDK6,TIAM1,TSHZ2,BCL11B,BCL11A,SH3PXD2A,CADPS2,NR4A3,MCF2L,TGFBR3"
"DEG_LD_SW480","416","0.296300000000000008","SNAI3","SNAI3","30","297","0.000025069999999999999","0.00008299999999999999815","2.4680000000000000","Enrichr--Queries","ATF3,ABCA1,NGFR,FASN,GPRC5C,ACAP1,ITGB2,RASSF2,EGR3,HYAL1,CD74,LOXL2,VDR,ISG20,ACTA2,SH3TC1,ASB2,PRKCQ,NR1D1,LFNG,ANXA1,SERPINB8,CKB,F2R,PGF,TBC1D10C,RYR1,ARHGAP45,NR4A3,MCF2L"
"DEG_LD_SW480","417","0.296999999999999986","MAFF","MAFF","30","297","0.000025069999999999999","0.00008299999999999999815","2.4680000000000000","Enrichr--Queries","ATF3,ABCA1,UPP1,TM4SF1,EREG,EPAS1,EGR3,IL1A,IL1B,NEDD9,PLAT,ISG20,CNTN1,RND3,NAMPT,ANXA1,SERPINB8,GPNMB,PGF,ASNS,DUSP10,HMGCS1,CEBPD,IFITM3,PDK4,EDN1,NT5E,NR4A3,TGFBI,NFKBIZ"
"DEG_LD_SW480","418","0.297700000000000020","ZFP14","ZFP14","30","297","0.000025069999999999999","0.00008299999999999999815","2.4680000000000000","Enrichr--Queries","ATF3,PDGFC,ABCA1,PELI2,RORA,FBXO32,RASSF2,PPP1R3B,PAG1,LOXL2,ALCAM,TET1,SERPINB8,GPR155,ATP8A1,F2R,PGF,MAP2K6,NBEA,PTPN13,PDK4,ARRDC4,TSHZ2,BCL11B,MATN2,CADPS2,SELENOP,EFNA5,ZMAT1,TGFBR3"
"DEG_LD_SW480","419","0.298399999999999999","SOX17","SOX17","30","297","0.000025069999999999999","0.00008299999999999999815","2.4680000000000000","Enrichr--Queries","ATF3,SHE,HEY1,PPARG,PTPRB,DYSF,PRRX1,TM4SF1,EPAS1,IGF1,LOXL2,COL5A2,ACTA2,FLRT3,ANXA1,SERPINB8,OLFML3,IGFBP7,VWF,CEBPD,IRX3,IFITM3,SOX2,PDK4,EBF3,PDE2A,GNG11,EDN1,TGFBI,CDH11"
"DEG_LD_SW480","420","0.299099999999999977","ZNF843","ZNF843","30","297","0.000025069999999999999","0.00008299999999999999815","2.4680000000000000","Enrichr--Queries","ATF3,NGFR,KCNMA1,ZNF469,DEPP1,PAG1,EGR3,BST2,SECTM1,HYAL1,ARHGEF3,CD82,LOXL2,CACNA1E,CD4,DKK1,SERPINB8,MOCOS,NMNAT2,CSGALNACT1,DUSP15,ARRDC4,PDE2A,CORO6,AP3B2,CADPS2,CMPK2,CDH23,NLRP1,COL6A3"
"DEG_LD_SW480","421","0.299900000000000000","POU6F1","POU6F1","30","297","0.000025069999999999999","0.00008299999999999999815","2.4680000000000000","Enrichr--Queries","HSPG2,ATF3,ABCA1,DAB2IP,RORA,ATXN1,FBXO32,ARRB1,KCTD12,EPAS1,EGR3,TANC2,NAV1,NR1D1,SERPINB8,MRAS,CKB,TLE2,MITF,ITPR1,CEBPD,STXBP1,BCL11A,PDE2A,SH3PXD2A,CADPS2,LTBP2,NR4A3,MCF2L,TGFBR3"
"DEG_LD_SW480","422","0.300599999999999978","NR4A2","NR4A2","30","297","0.000025069999999999999","0.00008299999999999999815","2.4680000000000000","Enrichr--Queries","ATF3,ABCA1,EGLN3,RORA,EREG,KCTD12,EPAS1,EGR3,IL1B,NEDD9,CD74,CNTN1,RND3,ACTA2,ALCAM,NAMPT,ANXA1,SERPINB8,GPNMB,DUSP10,HMGCS1,CEBPD,IFITM3,IFITM1,PDK4,EDN1,NR4A3,TGFBI,NFKBIZ,TGFBR3"
"DEG_LD_SW480","423","0.301300000000000012","ZNF518B","ZNF518B","30","297","0.000025069999999999999","0.00008299999999999999815","2.4680000000000000","Enrichr--Queries","ABCA1,FASN,PELI2,SLC7A2,QKI,KCTD12,PAG1,COL5A2,RND3,NAV1,ALCAM,FLRT3,ANXA1,SERPINB8,PARM1,IGFBP7,CDK6,NBEA,BNC2,HMGCS1,PTPN13,ARRDC4,TIAM1,TMTC1,BCL11B,BCL11A,SH3PXD2A,CADPS2,TGFBI,NFKBIZ"
"DEG_LD_SW480","424","0.301999999999999991","IRX1","IRX1","30","297","0.000025069999999999999","0.00008299999999999999815","2.4680000000000000","Enrichr--Queries","ATF3,SHOX2,PRRX1,SPON1,EPAS1,EGR3,SORCS2,KIF26B,LOXL2,TFAP2A,CNTN1,ACTA2,ALCAM,SERPINB8,DACH1,LHX2,IRX3,SOX2,PDK4,EBF3,TSHZ3,BCL11B,BCL11A,CADPS2,EFNA5,TGFBI,TGFBR3,CDH11,CDH13,NCAM1"
"DEG_LD_SW480","425","0.302700000000000025","SETBP1","SETBP1","30","298","0.000026690000000000000","0.00008739999999999999668","2.4580000000000002","Enrichr--Queries","ABCA1,KCNMA1,DMD,SLCO3A1,RORA,ATXN1,KCTD12,EPAS1,IGF1,NEDD9,KIF26B,KIF5C,AUTS2,RERE,NAV1,MAML2,XYLT1,ALCAM,SERPINB8,DACH1,ITPR1,NBEA,TSHZ2,BCL11A,SH3PXD2A,CADPS2,EFNA5,TGFBR3,CDH11,NCAM1"
"DEG_LD_SW480","426","0.303400000000000003","ZNF253","ZNF253","30","298","0.000026690000000000000","0.00008739999999999999668","2.4580000000000002","Enrichr--Queries","ZNF273,ABCA1,DZIP3,ZNF486,RORA,ZNF681,ZNF680,ZNF429,ZNF610,ZNF711,PAG1,KIF5C,ZNF92,ZNF93,CNTN1,ALCAM,TET1,SERPINB8,ZNF117,ZNF107,ATP8A1,RAB30,CDK6,NBEA,ZNF737,ARRDC4,BCL11A,CADPS2,PDE3B,TGFBR3"
"DEG_LD_SW480","427","0.304099999999999981","ZNF599","ZNF599","30","298","0.000026690000000000000","0.00008739999999999999668","2.4580000000000002","Enrichr--Queries","ATF3,KCNMA1,ZNF610,ZNF711,HYAL1,SORCS2,KIF26B,LOXL2,AUTS2,ALCAM,SYTL2,TET1,SERPINB8,WDR17,NMNAT2,ZNF331,DACH1,ANKRD44,PGF,NBEA,BNC2,DUSP10,ZNF502,SLC46A3,ARRDC4,BCL11B,SH3PXD2A,TLR3,CADPS2,MCF2L"
"DEG_LD_SW480","428","0.304800000000000015","RFX3","RFX3","30","298","0.000026690000000000000","0.00008739999999999999668","2.4580000000000002","Enrichr--Queries","ATF3,ABCA1,KCNMA1,RORA,ATXN1,PCLO,KIF5C,TANC2,AUTS2,RERE,NAV1,MAML2,ALCAM,SERPINB8,ATP8A1,DACH1,ANKRD44,ITPR1,CDK6,NBEA,PTPN13,TIAM1,TSHZ2,RABGAP1L,BCL11A,CADPS2,EFNA5,DOCK4,TGFBR3,NCAM1"
"DEG_LD_SW480","429","0.305599999999999983","TFEC","TFEC","30","298","0.000026690000000000000","0.00008739999999999999668","2.4580000000000002","Enrichr--Queries","ATF3,ABCA1,OLR1,SLC7A7,PPARG,PTAFR,F13A1,ITGB2,FCGR2A,IGF1,IL1B,SELPLG,CD74,PLEK,CYTIP,HAVCR2,ANXA1,SERPINB8,GPNMB,SLC15A3,DAB2,TREM2,CEBPD,IFITM3,IFITM1,TLR4,CMPK2,NLRP3,TGFBI,CASP4"
"DEG_LD_SW480","430","0.306300000000000017","ZNF716","ZNF716","30","299","0.000028419999999999999","0.00009280000000000000597","2.4489999999999998","Enrichr--Queries","ZNF486,KCNMA1,KCNG1,TNFSF15,IGF1,PCLO,CTSB,CD82,ZNF92,AUTS2,SPOCK1,XYLT1,WDR72,FMN1,ANXA1,SERPINB8,ZNF117,OCA2,ASNS,CEBPD,TSHZ2,TMTC1,BCL11A,RYR2,TENM1,EGFLAM,NTM,ELAVL2,CDH11,CDH13"
"DEG_LD_SW480","431","0.306999999999999995","TLX1","TLX1","29","292","0.000045649999999999998","0.00014799999999999999246","2.4220000000000002","Enrichr--Queries","ATF3,SHOX2,NGFR,HOXC11,PPARG,DLX3,DLX4,PRRX1,EGR3,LOXL2,CACNA1E,TFAP2A,SOX14,COL2A1,HOXD13,HOXD11,HOXD10,ECEL1,LHX2,IRX3,SOX2,EBF3,TSHZ3,BCL11B,BCL11A,NR4A3,ELAVL2,SIX2,CDH11"
"DEG_LD_SW480","432","0.307699999999999974","GBX1","GBX1","29","292","0.000045649999999999998","0.00014799999999999999246","2.4220000000000002","Enrichr--Queries","UNC5A,ATF3,SHOX2,RHBDL3,NGFR,PPARG,RORA,DLX3,LRP2,EGR3,DOC2B,CRTAC1,LOXL2,NXPH4,COL2A1,HOXD11,HOXD10,ECEL1,MOCOS,ESRRB,LHX2,ANKRD33B,EBF3,BCL11B,CADPS2,EFNA5,NR4A3,SIX2,PDE10A"
"DEG_LD_SW480","433","0.308400000000000007","FOXD3","FOXD3","29","293","0.000048529999999999998","0.00015699999999999999438","2.4129999999999998","Enrichr--Queries","ATF3,NGFR,JPH3,EGLN3,PTPRZ1,EPAS1,EGR3,LOXL2,TFAP2A,VGF,CRMP1,COL2A1,HOXD10,ECEL1,MOCOS,NMNAT2,SALL4,MITF,ESRRB,LHX2,NLGN1,IRX3,SOX2,EBF3,BCL11B,BCL11A,ELAVL2,SIX2,ALDH1A3"
"DEG_LD_SW480","434","0.309099999999999986","FOXD4L6","FOXD4L6","29","293","0.000048529999999999998","0.00015699999999999999438","2.4129999999999998","Enrichr--Queries","FZD10,ATF3,SHOX2,KCNMA1,OLFM1,DLX3,NKAIN1,CD82,LOXL2,TFAP2A,XYLT1,SOX14,WDR72,HOXD13,HOXD10,MOCOS,LZTS1,LHX2,PHACTR3,EBF3,TMTC1,BCL11A,TLR4,NTM,EFNA5,ULBP2,ELAVL2,SIX2,CDH11"
"DEG_LD_SW480","435","0.309800000000000020","POU4F2","POU4F2","29","293","0.000048529999999999998","0.00015699999999999999438","2.4129999999999998","Enrichr--Queries","ATF3,SHOX2,RORA,LRP2,PRRX1,CRTAC1,LOXL2,TFAP2A,VGF,CRMP1,SPOCK1,SOX14,SERPINB8,COL2A1,HOXD13,HOXD11,HOXD10,NMNAT2,DACH1,ESRRB,LHX2,IRX3,SOX2,EBF3,BCL11B,BCL11A,CADPS2,CPLX1,ELAVL2"
"DEG_LD_SW480","436","0.310499999999999998","ZNF597","ZNF597","29","294","0.000051570000000000003","0.00016499999999999999910","2.4030000000000000","Enrichr--Queries","CLDN1,ATF3,ABCA1,ZNF239,PPARG,EGLN3,SLC16A9,HERC5,FBXO6,EPAS1,EGR3,ARHGEF3,CNTN1,RND3,XYLT1,SYTL2,ANXA1,SERPINB8,F2R,MITF,DUSP10,PDK4,ARRDC4,EDN1,KBTBD8,CADPS2,NR4A3,NFKBIZ,TGFBR3"
"DEG_LD_SW480","437","0.311300000000000021","EN2","EN2","29","294","0.000051570000000000003","0.00016499999999999999910","2.4030000000000000","Enrichr--Queries","FZD10,ATF3,SHOX2,NGFR,HEY1,RORA,OLFM1,EGR3,LOXL2,TFAP2A,VGF,CRMP1,SERPINB8,COL2A1,HOXD13,HOXD10,MOCOS,NMNAT2,LHX2,IRX3,SOX2,EBF3,BCL11B,BCL11A,CADPS2,NR4A3,ELAVL2,ALDH1A3,PDE10A"
"DEG_LD_SW480","438","0.312000000000000000","ZNF641","ZNF641","29","294","0.000051570000000000003","0.00016499999999999999910","2.4030000000000000","Enrichr--Queries","ATF3,ABCA1,PPFIBP2,SLCO3A1,RORA,ATXN1,FBXO32,RASSF2,KCTD12,EPAS1,CTSB,ARHGEF3,NEDD9,ISG20,NAV1,SYTL2,SERPINB8,ITPR1,DAB2,CDK6,DUSP10,ARRDC4,SESTD1,SH3PXD2A,IFI6,CADPS2,TGFBI,NFKBIZ,TGFBR3"
"DEG_LD_SW480","439","0.312699999999999978","HOXD4","HOXD4","29","295","0.000054790000000000002","0.00017300000000000000382","2.3940000000000001","Enrichr--Queries","FZD10,ATF3,SHOX2,PPARG,PRRX1,EPAS1,IGF1,WFDC2,KIF26B,LOXL2,TFAP2A,SERPINB8,COL2A1,HOXD13,HOXD11,HOXD10,MOCOS,PGF,LHX2,CEBPD,IRX3,SOX2,EBF3,CADPS2,TGFBI,ALDH1A3,CDH11,COL6A3,NCAM1"
"DEG_LD_SW480","440","0.313400000000000012","PLAG1","PLAG1","29","295","0.000054790000000000002","0.00017300000000000000382","2.3940000000000001","Enrichr--Queries","ATF3,SLC5A3,PDGFC,ABCA1,HEY1,PPARG,RORA,ATXN1,FBXO32,EPAS1,PAG1,EGR3,LOXL2,ALCAM,FLRT3,TET1,SERPINB8,MITF,PGF,CDK6,NBEA,BNC2,BCL11A,VGLL3,NT5E,CADPS2,NR4A3,TGFBI,TGFBR3"
"DEG_LD_SW480","441","0.314099999999999990","AIRE","AIRE","29","295","0.000054790000000000002","0.00017300000000000000382","2.3940000000000001","Enrichr--Queries","ATF3,ABCA1,FASN,ACHE,ZNF486,PPARG,ITGB2,UPP1,LGALS9,EPAS1,CD74,CD82,LOXL2,EEF1A2,VDR,ACTA2,LFNG,ANXA1,COL2A1,F2R,ANKRD33B,CEBPD,IFITM3,IFITM1,SOX2,BCL11A,SLC44A2,CADPS2,TGFBI"
"DEG_LD_SW480","442","0.314800000000000024","HOXB1","HOXB1","29","295","0.000054790000000000002","0.00017300000000000000382","2.3940000000000001","Enrichr--Queries","FZD10,ATF3,RORA,DLX3,LRP2,PRRX1,EPAS1,EGR3,GREB1,KIF26B,LOXL2,TFAP2A,CNTFR,DKK1,COL2A1,HOXD11,HOXD10,MOCOS,DACH1,SALL4,IRX3,SOX2,EBF3,BCL11B,BCL11A,EDN1,CADPS2,TGFBI,CDH11"
"DEG_LD_SW480","443","0.315500000000000003","ESRRB","ESRRB","29","295","0.000054790000000000002","0.00017300000000000000382","2.3940000000000001","Enrichr--Queries","ATF3,ABCA1,NGFR,KCNMA1,PPARG,EGLN3,RORA,UPP1,LRP2,EPAS1,KIF26B,LOXL2,TET1,CKB,SALL4,GRB10,MITF,LHX2,VWF,SOX2,EBF3,BCL11B,BCL11A,CADPS2,NTM,ELAVL2,KLF15,CDH13,NCAM1"
"DEG_LD_SW480","444","0.316199999999999981","GATA4","GATA4","29","295","0.000054790000000000002","0.00017300000000000000382","2.3940000000000001","Enrichr--Queries","ATF3,HEY1,KCNMA1,PPARG,RORA,LRP2,EPAS1,KIF26B,LOXL2,TFAP2A,ACTA2,DKK1,FLRT3,SERPINB8,COL2A1,HOXD10,CKB,GRB10,MITF,DAB2,CDK6,LHX2,IRX3,SOX2,BCL11B,BCL11A,RYR2,TGFBI,NCAM1"
"DEG_LD_SW480","445","0.317000000000000004","FLI1","FLI1","29","296","0.000058180000000000002","0.00017799999999999998983","2.3849999999999998","Enrichr--Queries","GMFG,ATF3,ABCA1,RORA,ITGB2,RASSF2,KCTD12,EPAS1,IGF1,IL1B,SELPLG,NEDD9,CD74,RASGRP3,PLEK,LYL1,ACTA2,ANXA1,SERPINB8,F2R,IGFBP7,DAB2,VWF,IFITM3,GNG11,TLR4,ARHGAP45,TGFBI,CDH11"
"DEG_LD_SW480","446","0.317699999999999982","KLF17","KLF17","29","296","0.000058180000000000002","0.00017799999999999998983","2.3849999999999998","Enrichr--Queries","ATF3,HEY1,KCNMA1,PPARG,RORA,KANK4,AGXT,EPAS1,PKHD1,IGF1,SORCS2,CD82,PLAT,LOXL2,SPOCD1,CNTN1,SPOCK1,DKK1,SERPINB8,MOCOS,MITF,PGF,VWF,CEBPD,KLHDC7A,TSHZ2,EDN1,CADPS2,TGFBR3"
"DEG_LD_SW480","447","0.318400000000000016","NR6A1","NR6A1","29","296","0.000058180000000000002","0.00017799999999999998983","2.3849999999999998","Enrichr--Queries","ATF3,PPARG,SLC7A2,EGLN3,SLCO3A1,RORA,ATXN1,EPAS1,KIF5C,AUTS2,ALCAM,SLC6A6,TET1,SERPINB8,ATP8A1,SALL4,GRB10,TLE1,MITF,CDK6,SOX2,TIAM1,RABGAP1L,BCL11A,SH3PXD2A,EFNA5,NR4A3,ELAVL2,TGFBR3"
"DEG_LD_SW480","448","0.319099999999999995","SHOX","SHOX","29","296","0.000058180000000000002","0.00017799999999999998983","2.3849999999999998","Enrichr--Queries","SHOX2,PPARG,RORA,PRRX1,KCNQ2,EPAS1,EGR3,IGF1,LOXL2,KIRREL3,CACNA1E,TFAP2A,AFF2,HOXD13,HOXD11,MOCOS,MITF,LHX2,PHACTR3,EBF3,TSHZ3,BCL11A,RYR2,NTM,NR4A3,ELAVL2,SIX2,ALDH1A3,CDH13"
"DEG_LD_SW480","449","0.319799999999999973","ZBTB20","ZBTB20","29","296","0.000058180000000000002","0.00017799999999999998983","2.3849999999999998","Enrichr--Queries","ATF3,ABCA1,KCNMA1,DMD,RORA,ATXN1,FBXO32,EPAS1,IGF1,AUTS2,RERE,NAV1,MAML2,ALCAM,SSPN,ANXA1,SERPINB8,ITPR1,IGFBP7,DAB2,CDK6,NBEA,CEBPD,PDK4,SH3PXD2A,CADPS2,SELENOP,TGFBI,TGFBR3"
"DEG_LD_SW480","450","0.320500000000000007","NFIB","NFIB","29","296","0.000058180000000000002","0.00017799999999999998983","2.3849999999999998","Enrichr--Queries","ABCA1,KCNMA1,RORA,ATXN1,EPAS1,IGF1,CNN3,AUTS2,COL5A2,CNTN1,RND3,NAV1,ACTA2,ALCAM,ANXA1,SERPINB8,GRB10,IGFBP7,CDK6,NBEA,IFITM3,BCL11A,CADPS2,SELENOP,EFNA5,TGFBI,TGFBR3,CDH11,NCAM1"
"DEG_LD_SW480","451","0.321199999999999986","ZNF443","ZNF443","29","296","0.000058180000000000002","0.00017799999999999998983","2.3849999999999998","Enrichr--Queries","ATF3,ABCA1,EGLN3,ZNF681,ZNF680,FCGR2A,NEDD9,MSMO1,ZNF93,AUTS2,ALCAM,ANXA1,SERPINB8,ZNF117,GPNMB,ZNF107,ZNF331,F2R,PGF,ASNS,CDK6,CEBPD,ARRDC4,BCL11A,TLR4,CADPS2,PDE3B,TGFBR3,OAS1"
"DEG_LD_SW480","452","0.321900000000000019","FOXC2","FOXC2","29","296","0.000058180000000000002","0.00017799999999999998983","2.3849999999999998","Enrichr--Queries","ATF3,RORA,PRRX1,PRRX2,TM4SF1,EPAS1,SORCS2,KIF26B,PLAT,LOXL2,PCOLCE,COL5A2,CNTN1,ACTA2,DKK3,ANXA1,SERPINB8,OLFML3,F2R,PGF,IGFBP7,CEBPD,IRX3,EBF3,GNG11,EDN1,TGFBI,CDH11,COL6A3"
"DEG_LD_SW480","453","0.322599999999999998","TFCP2L1","TFCP2L1","29","296","0.000058180000000000002","0.00017799999999999998983","2.3849999999999998","Enrichr--Queries","CLDN1,ATF3,ABCA1,MYH7B,KCNMA1,PPARG,SLC7A2,EGLN3,FBXO32,UPP1,EPAS1,WFDC2,PERP,NPNT,CNTN1,ALCAM,SERPINB8,GPNMB,CKB,PARM1,CPM,CEBPD,PDK4,EDN1,MPZL2,CADPS2,SELENOP,TGFBI,TGFBR3"
"DEG_LD_SW480","454","0.323400000000000021","FOXF1","FOXF1","29","296","0.000058180000000000002","0.00017799999999999998983","2.3849999999999998","Enrichr--Queries","ATF3,HEY1,PPARG,PTPRB,PRRX1,TM4SF1,EPAS1,PLAT,LOXL2,TFAP2A,COL5A2,ACTA2,ANXA1,SERPINB8,OLFML3,PGF,PARM1,IGFBP7,CEBPD,IFITM3,IFITM1,GNG11,EDN1,FBLN1,TGFBI,TGFBR3,ALDH1A3,CDH11,COL6A3"
"DEG_LD_SW480","455","0.324099999999999999","KLF15","KLF15","29","296","0.000058180000000000002","0.00017799999999999998983","2.3849999999999998","Enrichr--Queries","ATF3,ABCA1,FASN,PPARG,SLC7A2,EGLN3,RORA,FBXO32,AGXT,EPAS1,IGF1,HYAL1,SLC43A1,CNTN1,NR1D1,SERPINB8,CKB,PGF,ASNS,CPM,VWF,CEBPD,ACSS1,IFITM3,PDK4,MGST1,MATN2,SELENOP,TGFBR3"
"DEG_LD_SW480","456","0.324799999999999978","ESR1","ESR1","29","296","0.000058180000000000002","0.00017799999999999998983","2.3849999999999998","Enrichr--Queries","ATF3,ABCA1,FASN,KCNMA1,PPARG,SLC7A2,RORA,ATXN1,EPAS1,EGR3,GREB1,IGF1,IL1B,VDR,ALCAM,SYTL2,ANXA1,SERPINB8,GRB10,MITF,ITPR1,CDK6,CEBPD,THSD4,SOX2,EDN1,CADPS2,TGFBI,TGFBR3"
"DEG_LD_SW480","457","0.325500000000000012","NFATC2","NFATC2","29","296","0.000058180000000000002","0.00017799999999999998983","2.3849999999999998","Enrichr--Queries","ATF3,ABCA1,KCNMA1,RORA,ATXN1,FBXO32,ITGB2,RASSF2,KCTD12,EPAS1,PAG1,EGR3,ARHGEF3,NEDD9,CD74,CD82,LOXL2,AUTS2,NAV1,SLC6A6,SERPINB8,DUSP10,TIAM1,BCL11B,BCL11A,SH3PXD2A,NR4A3,TGFBI,TGFBR3"
"DEG_LD_SW480","458","0.326199999999999990","TCF7L1","TCF7L1","29","296","0.000058180000000000002","0.00017799999999999998983","2.3849999999999998","Enrichr--Queries","HSPG2,ATF3,PDGFC,ABCA1,HEY1,RORA,EPAS1,LOXL2,AUTS2,COL5A2,CNTN1,RND3,ACTA2,ANXA1,SERPINB8,OLFML3,CKB,GRB10,F2R,IGFBP7,CDK6,IFITM3,SOX2,BCL11A,MATN2,FBLN1,TGFBI,TGFBR3,CDH11"
"DEG_LD_SW480","459","0.326900000000000024","RORA","RORA","29","296","0.000058180000000000002","0.00017799999999999998983","2.3849999999999998","Enrichr--Queries","ATF3,ABCA1,KCNMA1,EGLN3,SLCO3A1,ATXN1,FBXO32,EPAS1,NEDD9,AUTS2,XYLT1,ALCAM,NAMPT,SYTL2,ANXA1,SERPINB8,GRB10,ITPR1,CDK6,TIAM1,BCL11B,BCL11A,CADPS2,SELENOP,EFNA5,DOCK4,TGFBR3,CDH13,NCAM1"
"DEG_LD_SW480","460","0.327600000000000002","TIGD2","TIGD2","29","297","0.000061770000000000000","0.00018200000000000000574","2.3759999999999999","Enrichr--Queries","ATF3,ABCA1,EGLN3,FBXO32,KCTD12,ARHGEF3,MSMO1,CNN3,RND3,ALCAM,NAMPT,FLRT3,ANXA1,SERPINB8,GPNMB,PGF,ITPR1,DAB2,DUSP10,CEBPD,IFITM3,SLC46A3,PDK4,ARRDC4,EDN1,SELENOP,TGFBI,NFKBIZ,TGFBR3"
"DEG_LD_SW480","461","0.328299999999999981","ZNF432","ZNF432","29","297","0.000061770000000000000","0.00018200000000000000574","2.3759999999999999","Enrichr--Queries","ATF3,ABCA1,RORA,MDK,UPP1,PAG1,EGR3,NEDD9,MSMO1,ISG20,CNTN1,RND3,NAMPT,SYTL2,ANXA1,SERPINB8,ZNF117,GPNMB,PGF,CDK6,NBEA,DUSP10,INSL3,HMGCS1,CEBPD,IFITM1,NT5E,CADPS2,NR4A3"
"DEG_LD_SW480","462","0.329100000000000004","ZNF222","ZNF222","29","297","0.000061770000000000000","0.00018200000000000000574","2.3759999999999999","Enrichr--Queries","ATF3,ABCA1,ZNF239,UPP1,ZNF610,IFI27,EGR3,BST2,HYAL1,CLGN,ISG20,RND3,NAMPT,FLRT3,ST3GAL5,ANXA1,SERPINB8,GPNMB,ZNF331,PGF,ASNS,HMGCS1,CEBPD,ZNF502,IFITM1,EDN1,IFI6,CADPS2,NFKBIZ"
"DEG_LD_SW480","463","0.329799999999999982","ZNF221","ZNF221","29","297","0.000061770000000000000","0.00018200000000000000574","2.3759999999999999","Enrichr--Queries","ZNF273,CFAP69,EXPH5,ABCA1,KCNMA1,ZNF239,ERO1B,RORA,ZNF681,ZNF429,ADGRV1,ZNF610,PCLO,CNTN1,SYTL2,FMN1,TET1,SERPINB8,ZNF117,ZNF107,NBEA,ZNF502,ZNF737,TIAM2,RYR2,CADPS2,STEAP2,DOCK4,CDH11"
"DEG_LD_SW480","464","0.330500000000000016","SOX15","SOX15","29","297","0.000061770000000000000","0.00018200000000000000574","2.3759999999999999","Enrichr--Queries","ATF3,FASN,TMEM40,RORA,MDK,UPP1,EPAS1,BST2,WFDC2,PERP,LOXL2,CNTN1,RND3,ACTA2,FLRT3,ANXA1,SERPINB8,OLFML3,CKB,SALL4,PGF,IFITM3,IFITM1,CBLC,SOX2,BCL11A,ALDOC,KRT14,TGFBI"
"DEG_LD_SW480","465","0.331199999999999994","ZXDA","ZXDA","29","297","0.000061770000000000000","0.00018200000000000000574","2.3759999999999999","Enrichr--Queries","ATF3,PELI2,DMD,RORA,ATXN1,FBXO32,UST,ZNF711,EPAS1,PCLO,NEDD9,LOXL2,CNTN1,AFF2,MAML2,ALCAM,ANXA1,SERPINB8,GPNMB,ASNS,NBEA,DUSP10,CEBPD,BCL11A,EDN1,NT5E,CADPS2,NFKBIZ,TGFBR3"
"DEG_LD_SW480","466","0.331899999999999973","TBX19","TBX19","29","297","0.000061770000000000000","0.00018200000000000000574","2.3759999999999999","Enrichr--Queries","ATF3,NAPSA,KCNMA1,RORA,PRRX1,EGR3,CTSK,IL1B,KIF26B,CD82,LOXL2,VDR,ISG20,CNTN1,ACTA2,NR1D1,TNFSF4,ANXA1,SERPINB8,MITF,DUSP10,CEBPD,RABGAP1L,BCL11A,CADPS2,EFNA5,NR4A3,TGFBI,OAS1"
"DEG_LD_SW480","467","0.332600000000000007","HLX","HLX","29","297","0.000061770000000000000","0.00018200000000000000574","2.3759999999999999","Enrichr--Queries","ATF3,ABCA1,HEY1,ITGB2,DYSF,UPP1,RASSF2,KCTD12,EPAS1,IL1B,CD74,CD82,ACTA2,ANXA1,SERPINB8,PGF,IGFBP7,SLC15A3,DAB2,DUSP10,CEBPD,IFITM3,GNG11,TLR4,FES,TGFBI,NFKBIZ,TGFBR3,COL6A3"
"DEG_LD_SW480","468","0.333299999999999985","DBX2","DBX2","29","297","0.000061770000000000000","0.00018200000000000000574","2.3759999999999999","Enrichr--Queries","FZD10,RORA,ADGRV1,AGXT,PTPRZ1,PRRX1,SPON1,EPAS1,CRTAC1,SORCS2,KIF26B,LOXL2,CACNA1E,CNTN1,CNTFR,LFNG,TIMP4,SERPINB8,ECEL1,LHX2,NLGN1,KCNJ10,SOX2,EBF3,MGST1,TENM1,ALDOC,CADPS2,NTM"
"DEG_LD_SW480","469","0.334000000000000019","MAFB","MAFB","29","297","0.000061770000000000000","0.00018200000000000000574","2.3759999999999999","Enrichr--Queries","ATF3,ABCA1,ITGB2,KCTD12,EPAS1,EGR3,IGF1,CTSK,CTSB,IL1B,CD74,CNTN1,PLEK,ACTA2,NAMPT,ANXA1,SERPINB8,GPNMB,IGFBP7,DAB2,CEBPD,IFITM3,IFITM1,PDK4,SELENOP,TGFBI,NFKBIZ,TGFBR3,CDH11"
"DEG_LD_SW480","470","0.334799999999999986","HES5","HES5","29","297","0.000061770000000000000","0.00018200000000000000574","2.3759999999999999","Enrichr--Queries","ATF3,RHBDL3,HEY1,MSI1,MDK,AGXT,PTPRZ1,KCNQ2,EPAS1,EGR3,CD82,LOXL2,EEF1A2,CNTN1,DKK3,LFNG,SERPINB8,COL2A1,OLFML3,CKB,DACH1,LHX2,CEBPD,IRX3,SOX2,EBF3,BCL11A,ALDOC,NR4A3"
"DEG_LD_SW480","471","0.335500000000000020","PITX1","PITX1","29","297","0.000061770000000000000","0.00018200000000000000574","2.3759999999999999","Enrichr--Queries","ATF3,KCNMA1,PPARG,EGLN3,SLPI,EPAS1,EGR3,KIF26B,LOXL2,EEF1A2,TFAP2A,VDR,COL5A2,CNTN1,ACTA2,SPOCK1,DKK1,ANXA1,SERPINB8,COL2A1,LHX2,CEBPD,IRX3,BCL11A,EDN1,TGFBI,SIX2,ALDH1A3,CDH11"
"DEG_LD_SW480","472","0.336199999999999999","HHEX","HHEX","29","297","0.000061770000000000000","0.00018200000000000000574","2.3759999999999999","Enrichr--Queries","ATF3,ABCA1,HEY1,PPARG,ITGB2,KCTD12,EPAS1,IGF1,IL1B,NEDD9,CD74,RASGRP3,PLEK,LYL1,ALCAM,ANXA1,SERPINB8,OLFML3,SLC15A3,DAB2,CEBPD,IFITM3,IFITM1,PDK4,MGST1,GNG11,SELENOP,TGFBI,NFKBIZ"
"DEG_LD_SW480","473","0.336899999999999977","RFX2","RFX2","29","297","0.000061770000000000000","0.00018200000000000000574","2.3759999999999999","Enrichr--Queries","HSPG2,ATF3,ABCA1,NAPSA,KCNMA1,UPP1,EPAS1,EGR3,NEDD9,CD82,LOXL2,NAV1,ACTA2,SLC6A6,ANXA1,SERPINB8,CKB,GRB10,PGF,ITPR1,CEBPD,IFITM3,MGST1,SH3PXD2A,NT5E,FBLN1,TGFBI,NFKBIZ,TGFBR3"
"DEG_LD_SW480","474","0.337600000000000011","ZNF705D","ZNF705D","29","297","0.000061770000000000000","0.00018200000000000000574","2.3759999999999999","Enrichr--Queries","ANXA8L1,PPARG,DMD,RORA,ZNF680,DLX3,PKHD1,EGR3,PCLO,HYAL1,CTSB,KIF26B,LOXL2,GPRIN2,NAMPT,WDR72,ANXA8,SERPINB8,ZNF117,ZNF596,PGF,ASNS,RFPL4A,BCL11A,EDN1,FCGBP,CADPS2,SEM1,FAM86B1"
"DEG_LD_SW480","475","0.338299999999999990","PPARG","PPARG","29","297","0.000061770000000000000","0.00018200000000000000574","2.3759999999999999","Enrichr--Queries","ATF3,PDGFC,ABCA1,FASN,EGLN3,EPAS1,IGF1,IL1B,GNAI1,PLAT,VDR,CNTN1,CAT,ANXA1,SERPINB8,GPNMB,MITF,DAB2,CDK6,CEBPD,PDK4,MGST1,EDN1,TLR4,NT5E,SELENOP,TGFBI,TGFBR3,ALDH1A3"
"DEG_LD_SW480","476","0.339000000000000024","LBX2","LBX2","29","297","0.000061770000000000000","0.00018200000000000000574","2.3759999999999999","Enrichr--Queries","ATF3,SHOX2,NGFR,SHE,HEY1,PPARG,DLX3,DLX4,DYSF,MXRA8,EPAS1,EGR3,LOXL2,VDR,ISG20,LYL1,VGF,SERPINB8,HOXD11,HOXD10,MOCOS,F2R,PGF,LHX2,CEBPD,EBF3,CADPS2,TGFBI,ALDH1A3"
"DEG_LD_SW480","477","0.339700000000000002","ZNF165","ZNF165","29","297","0.000061770000000000000","0.00018200000000000000574","2.3759999999999999","Enrichr--Queries","CLDN1,ATF3,UPP1,HERC5,TM4SF1,EREG,SLPI,EGR3,IL1B,NEDD9,MSMO1,ISG20,CNTN1,RND3,NAMPT,DKK1,ANXA1,SERPINB8,ASNS,DUSP10,HMGCS1,CEBPD,EDN1,IFI6,MPZL2,NR4A3,NFKBIZ,ALDH1A3,OAS1"
"DEG_LD_SW480","478","0.340500000000000025","SPIC","SPIC","29","298","0.000065549999999999994","0.00019100000000000000766","2.3679999999999999","Enrichr--Queries","ATF3,ABCA1,NAPSA,OLR1,PPARG,PTAFR,F13A1,ITGB2,UPP1,SLPI,IGF1,IL1A,IL1B,CD74,ISG20,PLEK,CD4,ANXA1,SERPINB8,GPNMB,CKB,SLC15A3,IFITM3,IFITM1,BATF,CMPK2,TGFBI,CASP4,NFKBIZ"
"DEG_LD_SW480","479","0.341200000000000003","PAX8","PAX8","29","298","0.000065549999999999994","0.00019100000000000000766","2.3679999999999999","Enrichr--Queries","ATF3,ABCA1,FASN,KCNMA1,PPARG,GPRC5C,RORA,LRP2,PRRX1,EPAS1,EGR3,WFDC2,IL1B,CD74,LOXL2,TFAP2A,VDR,ACTA2,ANXA1,SERPINB8,GPNMB,MITF,CDK6,CEBPD,SOX2,EDN1,NR4A3,TGFBI,NCAM1"
"DEG_LD_SW480","480","0.341899999999999982","ZNF229","ZNF229","29","298","0.000065549999999999994","0.00019100000000000000766","2.3679999999999999","Enrichr--Queries","ABCA1,KCNMA1,ZNF239,DMD,ZNF681,ADGRV1,KIAA1549L,PCLO,SORCS2,LOXL2,KIF5C,NPNT,ZNF93,AUTS2,FMN1,SERPINB8,COL2A1,ZNF117,PRUNE2,GPNMB,ZNF331,DACH1,CSGALNACT1,NBEA,ZNF502,TMTC1,RYR1,RYR2,CADPS2"
"DEG_LD_SW480","481","0.342600000000000016","TFDP3","TFDP3","29","298","0.000065549999999999994","0.00019100000000000000766","2.3679999999999999","Enrichr--Queries","ATF3,SHOX2,ABCA1,DMD,EGLN3,RORA,SLC16A2,EGR3,IGF1,HYAL1,IL1B,LOXL2,FGF13,AFF2,XYLT1,SPANXB1,DKK1,PLAC1,SERPINB8,GABRA3,MOCOS,DACH1,SOX2,TKTL1,MAGEC2,BCL11B,TENM1,NR4A3,CADPS"
"DEG_LD_SW480","482","0.343299999999999994","ZNF132","ZNF132","29","298","0.000065549999999999994","0.00019100000000000000766","2.3679999999999999","Enrichr--Queries","ATF3,KCNMA1,DMD,RORA,TRIM58,ZNF610,MXRA8,EPAS1,EGR3,BST2,HYAL1,LOXL2,AUTS2,HS3ST3B1,SPOCK1,DKK1,SERPINB8,ZNF596,MOCOS,ZNF331,IGFBP7,NBEA,DUSP10,ZNF502,ZNF501,TSHZ3,BCL11A,CADPS2,CDH13"
"DEG_LD_SW480","483","0.343999999999999972","HESX1","HESX1","29","298","0.000065549999999999994","0.00019100000000000000766","2.3679999999999999","Enrichr--Queries","ATF3,HEY1,PPARG,UPP1,PTPRZ1,HERC5,FBXO6,IFI27,BST2,CD74,CNMD,ISG20,FGF13,NAMPT,DKK1,ANXA1,MOCOS,SALL4,IFITM3,IFITM1,SOX2,RABGAP1L,BCL11A,EDN1,IFI6,CADPS2,CMPK2,NFKBIZ,OAS1"
"DEG_LD_SW480","484","0.344700000000000006","FOXB1","FOXB1","28","291","0.000104400000000000003","0.00030200000000000002233","2.3380000000000001","Enrichr--Queries","FZD10,ATF3,SHOX2,NGFR,RORA,ADGRV1,LRP2,EGR3,KIF26B,CACNA1E,TFAP2A,SOX14,COL2A1,HOXD11,HOXD10,DACH1,LHX2,IRX3,SOX2,EBF3,BCL11B,BCL11A,FEZF1,CADPS2,EFNA5,ELAVL2,SIX2,PDE10A"
"DEG_LD_SW480","485","0.345399999999999985","TLX2","TLX2","28","291","0.000104400000000000003","0.00030200000000000002233","2.3380000000000001","Enrichr--Queries","ATF3,SHOX2,NGFR,KCNMA1,PPARG,DLX3,DLX4,PRRX2,EPAS1,EGR3,DOC2B,NXPH4,TFAP2A,VGF,CRMP1,HOXD13,HOXD11,HOXD10,MOCOS,LHX2,IRX3,SOX2,EBF3,CADPS2,NR4A3,ELAVL2,SIX2,KLF15"
"DEG_LD_SW480","486","0.346200000000000008","ZNF705A","ZNF705A","28","292","0.000110600000000000005","0.00032000000000000002618","2.3290000000000002","Enrichr--Queries","ATF3,C2,F13A1,FCGR2A,SLPI,IGF1,IL1A,IL1B,SELPLG,CD74,TMEM176B,PLEK,SERPINB8,GPNMB,OLFML3,MOCOS,SLC15A3,DAB2,LBP,VWF,IFITM3,PDK4,MGST1,CADPS2,SELENOP,TGFBI,NFKBIZ,OAS1"
"DEG_LD_SW480","487","0.346899999999999986","ISL2","ISL2","28","293","0.000117200000000000003","0.00033700000000000000571","2.3210000000000002","Enrichr--Queries","ATF3,SHOX2,ABCA1,NGFR,HEY1,KCNMA1,EGLN3,EGR3,LOXL2,TFAP2A,HS3ST3B1,LFNG,SERPINB8,HOXD13,HOXD11,HOXD10,MOCOS,GRB10,LHX2,CEBPD,IRX3,SOX2,EBF3,BCL11B,BCL11A,CADPS2,NR4A3,SIX2"
"DEG_LD_SW480","488","0.347600000000000020","LHX3","LHX3","28","293","0.000117200000000000003","0.00033700000000000000571","2.3210000000000002","Enrichr--Queries","UNC5A,ATF3,SHOX2,JPH3,OLFM1,DLX3,PRRX1,PRRX2,KCNQ2,EGR3,LOXL2,EEF1A2,TFAP2A,VDR,CRMP1,XKR7,LFNG,COL2A1,HOXD10,OLFML3,ECEL1,ESRRB,LHX2,SOX2,ACSL6,EDN3,CPLX1,SIX2"
"DEG_LD_SW480","489","0.348299999999999998","BARHL1","BARHL1","28","294","0.000124100000000000008","0.00035300000000000001515","2.3119999999999998","Enrichr--Queries","UNC5A,ATF3,SHOX2,NGFR,JPH3,OLFM1,PRRX1,EGR3,LOXL2,CACNA1E,TFAP2A,HS3ST3B1,VGF,CRMP1,SLIT3,CHGB,SOX14,ECEL1,LHX2,IRX3,NECTIN1,SOX2,EBF3,MAPK8IP2,BCL11B,EFNA5,CPLX1,CDH23"
"DEG_LD_SW480","490","0.348999999999999977","HOXD9","HOXD9","28","294","0.000124100000000000008","0.00035300000000000001515","2.3119999999999998","Enrichr--Queries","FZD10,ATF3,SHOX2,HOXC11,PPARG,DLX3,PRRX1,EGR3,KIF26B,LOXL2,PCOLCE,TFAP2A,COL5A2,SERPINB8,COL2A1,HOXD13,HOXD11,HOXD10,LHX2,IRX3,SOX2,EBF3,EDN1,CADPS2,TGFBI,SIX2,CDH11,COL6A3"
"DEG_LD_SW480","491","0.349700000000000011","NR2E1","NR2E1","28","294","0.000124100000000000008","0.00035300000000000001515","2.3119999999999998","Enrichr--Queries","ATF3,SHOX2,HEY1,KCNMA1,RORA,ADGRV1,LRP2,PTPRZ1,PRRX1,SPON1,EPAS1,EGR3,CACNA1E,TFAP2A,SLIT3,COL2A1,HOXD11,NMNAT2,GRB10,LHX2,KCNJ10,SOX2,EBF3,BCL11B,BCL11A,CADPS2,NR4A3,ELAVL2"
"DEG_LD_SW480","492","0.350399999999999989","PAX2","PAX2","28","294","0.000124100000000000008","0.00035300000000000001515","2.3119999999999998","Enrichr--Queries","UNC5A,ATF3,SHOX2,NGFR,KCNMA1,RORA,OLFM1,LRP2,EPAS1,EGR3,KIF26A,KIF26B,LOXL2,TFAP2A,HS3ST3B1,CRMP1,COL2A1,ESRRB,LHX2,IRX3,SOX2,EBF3,BCL11B,BCL11A,CADPS2,EFNA5,SIX2,NCAM1"
"DEG_LD_SW480","493","0.351100000000000023","OLIG2","OLIG2","28","294","0.000124100000000000008","0.00035300000000000001515","2.3119999999999998","Enrichr--Queries","ATF3,NGFR,HEY1,PPARG,RORA,OLFM1,PTPRZ1,EPAS1,EGR3,TFAP2A,CNTN1,VGF,CRMP1,SPOCK1,LFNG,SERPINB8,LZTS1,LHX2,CPM,CEBPD,KCNJ10,SOX2,EBF3,BCL11B,BCL11A,TGFBI,ELAVL2,NCAM1"
"DEG_LD_SW480","494","0.351899999999999991","FEZF2","FEZF2","28","294","0.000124100000000000008","0.00035300000000000001515","2.3119999999999998","Enrichr--Queries","KCNMA1,OLFM1,SYT17,EPAS1,SCN3B,EGR3,KIRREL3,CACNA1E,KCNV1,SYT1,SPOCK1,CRYM,SERPINB8,LHX2,SOX2,EBF3,TSHZ3,BCL11B,BCL11A,APBA2,CADPS2,NTM,EFNA5,NR4A3,ELAVL2,CDH11,CDH13,CADPS"
"DEG_LD_SW480","495","0.352600000000000025","IRX2","IRX2","28","295","0.000131399999999999996","0.00036800000000000000029","2.3029999999999999","Enrichr--Queries","ATF3,SHOX2,HEY1,EPAS1,PERP,LOXL2,NPNT,TFAP2A,COL5A2,CNTN1,FLRT3,ANXA1,SERPINB8,CKB,GRB10,LHX2,IRX3,SOX2,EBF3,MGST1,BCL11B,BCL11A,CADPS2,EFNA5,TGFBI,TGFBR3,CDH11,CDH13"
"DEG_LD_SW480","496","0.353300000000000003","MIXL1","MIXL1","28","295","0.000131399999999999996","0.00036800000000000000029","2.3029999999999999","Enrichr--Queries","ATF3,SHOX2,JPH3,GPRC5C,EGLN3,RORA,PRRX1,EPAS1,EGR3,GAL,KIF26B,LOXL2,EEF1A2,DKK1,SERPINB8,COL2A1,MOCOS,LHX2,DUSP10,IRX3,SOX2,EBF3,BCL11B,EDN1,EGFLAM,CADPS2,NR4A3,CDH11"
"DEG_LD_SW480","497","0.353999999999999981","ZBTB16","ZBTB16","28","295","0.000131399999999999996","0.00036800000000000000029","2.3029999999999999","Enrichr--Queries","ATF3,ABCA1,KCNMA1,PPARG,SLC7A2,F13A1,RORA,FBXO32,EPAS1,EGR3,IGF1,CD74,CNTN1,ACTA2,NR1D1,ANXA1,SERPINB8,DACH1,VWF,CEBPD,PDK4,PTGDS,MATN2,SELENOP,NR4A3,TGFBI,KLF15,TGFBR3"
"DEG_LD_SW480","498","0.354700000000000015","VENTX","VENTX","28","295","0.000131399999999999996","0.00036800000000000000029","2.3029999999999999","Enrichr--Queries","RNASE1,ABCA1,PPARG,PTAFR,ITGB2,DYSF,FCGR2A,HERC5,EGR3,BST2,SECTM1,GAL,IL1B,KIF26A,EEF1A2,GNG4,OLFML3,CKB,SALL4,SLC15A3,CEBPD,IFITM3,IFITM1,SOX2,EBF3,BCL11A,FES,TGFBI"
"DEG_LD_SW480","499","0.355399999999999994","PRDM13","PRDM13","28","295","0.000131399999999999996","0.00036800000000000000029","2.3029999999999999","Enrichr--Queries","ATF3,SHOX2,KCNMA1,RORA,OLFM1,EGR3,CACNA1E,TFAP2A,VGF,CRMP1,SPOCK1,HOXD13,HOXD11,HOXD10,MOCOS,NMNAT2,LHX2,IRX3,SOX2,EBF3,TSHZ3,BCL11B,BCL11A,RYR2,NTM,EFNA5,ELAVL2,SIX2"
"DEG_LD_SW480","500","0.356100000000000028","ZNF90","ZNF90","28","295","0.000131399999999999996","0.00036800000000000000029","2.3029999999999999","Enrichr--Queries","ZNF273,ZNF486,ZNF681,ZNF680,ZNF429,ADGRV1,PTPRZ1,HERC5,GREB1,KIF5C,ZNF93,CNMD,GNG4,SLAIN1,RBPMS2,ANXA1,TET1,SERPINB8,ZNF114,ZNF107,SALL4,AK5,MCM7,ZNF737,IFITM1,SOX2,BCL11A,ELAVL2"
"DEG_LD_SW480","501","0.356800000000000006","ZNF618","ZNF618","28","295","0.000131399999999999996","0.00036800000000000000029","2.3029999999999999","Enrichr--Queries","ATF3,ABCA1,KCNMA1,SLC7A2,ATXN1,MDK,KCTD12,KIF26B,LOXL2,TANC2,AUTS2,NAV1,SPOCK1,ALCAM,SERPINB8,GRB10,ITPR1,MAP2K6,DAB2,CDK6,NBEA,BNC2,TIAM1,SH3PXD2A,IFI6,CADPS2,TGFBR3,OAS1"
"DEG_LD_SW480","502","0.357499999999999984","CDX4","CDX4","28","296","0.000138999999999999991","0.00038400000000000000973","2.2949999999999999","Enrichr--Queries","FZD10,ATF3,PPARG,MSI1,DLX3,PRRX2,PKHD1,WFDC2,CAPN6,CNMD,FGF13,ACTA2,DKK1,COL2A1,HOXD11,HOXD10,GABRA3,MOCOS,SALL4,PGF,SOX2,EDN1,VGLL3,CADPS2,EFNA5,ELAVL2,ALDH1A3,CDH11"
"DEG_LD_SW480","503","0.358300000000000007","SALL4","SALL4","28","296","0.000138999999999999991","0.00038400000000000000973","2.2949999999999999","Enrichr--Queries","ATF3,RORA,MDK,ADGRV1,LRP2,EPAS1,GREB1,KIF26B,KIF5C,EEF1A2,COL5A2,RND3,ACTA2,DKK1,RBPMS2,ANXA1,TET1,SERPINB8,COL2A1,CKB,CDK6,MCM7,PTPN13,IFITM1,SOX2,EDN1,TGFBI,ALDH1A3"
"DEG_LD_SW480","504","0.358999999999999986","ZNF556","ZNF556","28","296","0.000138999999999999991","0.00038400000000000000973","2.2949999999999999","Enrichr--Queries","ADAMTS17,ABCA1,OLR1,KCNMA1,CHST3,DMD,TRIM58,KIAA1549L,EPAS1,IGF1,HYAL1,NAV1,UNC13A,TET1,SERPINB8,MOCOS,NMNAT2,DHRS2,F2R,NBEA,CPM,ABLIM3,TNS4,BCL11B,EDN1,CADPS2,SGO1,TGFBR3"
"DEG_LD_SW480","505","0.359700000000000020","FOXA1","FOXA1","28","296","0.000138999999999999991","0.00038400000000000000973","2.2949999999999999","Enrichr--Queries","ATF3,FASN,PPARG,EGLN3,EPAS1,TSPAN1,IGF1,WFDC2,PERP,NPNT,TFAP2A,CNTN1,RND3,ALCAM,DKK1,ANXA1,SERPINB8,CEBPD,IRX3,SOX2,MGST1,EDN1,CADPS2,SELENOP,TGFBI,ALDH1A3,CDH11,MLPH"
"DEG_LD_SW480","506","0.360399999999999998","ZBTB47","ZBTB47","28","296","0.000138999999999999991","0.00038400000000000000973","2.2949999999999999","Enrichr--Queries","HSPG2,ABCA1,KCNMA1,SLC16A2,ATXN1,FBXO32,DYSF,KCTD12,EPAS1,CTSB,EEF1A2,NAV1,ACTA2,SPOCK1,SSPN,SERPINB8,MRAS,ANKRD52,CDK6,RCAN2,CEBPD,TLN2,TSHZ3,PDE2A,SH3PXD2A,LTBP2,TGFBI,TGFBR3"
"DEG_LD_SW480","507","0.361099999999999977","ZNF808","ZNF808","28","296","0.000138999999999999991","0.00038400000000000000973","2.2949999999999999","Enrichr--Queries","ABCA1,NAPSA,ZNF486,RORA,ZNF429,LDLRAD4,HERC5,PAG1,ARHGEF3,PRKX,AUTS2,RERE,MAML2,XYLT1,SERPINB8,ZNF117,ZNF331,ATP8A1,PGF,CDK6,ZNF763,ZNF737,TMTC1,TMCC3,IFI6,CADPS2,SELENOP,TGFBR3"
"DEG_LD_SW480","508","0.361800000000000010","ZEB1","ZEB1","28","296","0.000138999999999999991","0.00038400000000000000973","2.2949999999999999","Enrichr--Queries","ATF3,PDGFC,ABCA1,RORA,ATXN1,PRRX1,KCTD12,EPAS1,COL5A2,NAV1,ACTA2,ALCAM,ANXA1,SERPINB8,F2R,MITF,ITPR1,IGFBP7,DAB2,CDK6,SH3PXD2A,NT5E,TGFBI,DOCK4,TGFBR3,CDH11,COL6A3,NCAM1"
"DEG_LD_SW480","509","0.362499999999999989","EGR1","EGR1","28","297","0.000146999999999999995","0.00039599999999999997615","2.2860000000000000","Enrichr--Queries","ATF3,ABCA1,EPAS1,EGR3,CTSB,IL1B,CD74,MSMO1,CNTN1,RND3,ACTA2,NAMPT,ANXA1,SERPINB8,GPNMB,CKB,F2R,ASNS,HMGCS1,CEBPD,IFITM3,IFITM1,PDK4,EDN1,SELENOP,NR4A3,TGFBI,NFKBIZ"
"DEG_LD_SW480","510","0.363200000000000023","MYOG","MYOG","28","297","0.000146999999999999995","0.00039599999999999997615","2.2860000000000000","Enrichr--Queries","MYL2,ATF3,ACHE,PPARG,EGLN3,AGXT,PRRX1,IGF1,LMCD1,TCAP,CD82,LOXL2,EEF1A2,COL5A2,ACTA2,RBM24,ASB2,NR1D1,ANXA1,SERPINB8,MYBPH,PGF,CEBPD,RYR1,CHRNA1,NR4A3,COL6A3,NCAM1"
"DEG_LD_SW480","511","0.363999999999999990","HNF4G","HNF4G","28","297","0.000146999999999999995","0.00039599999999999997615","2.2860000000000000","Enrichr--Queries","ATF3,ABCA1,PPARG,EGLN3,RORA,USH1C,LRP2,PAG1,TFAP2A,VDR,COL5A2,FLRT3,ANXA1,SERPINB8,MOCOS,DACH1,MITF,CEBPD,PDK4,ACSL5,MGST1,BCL11A,EDN1,MATN2,NT5E,CADPS2,SELENOP,EFNA5"
"DEG_LD_SW480","512","0.364700000000000024","BCL6","BCL6","28","297","0.000146999999999999995","0.00039599999999999997615","2.2860000000000000","Enrichr--Queries","ATF3,ABCA1,PPARG,RORA,ATXN1,FBXO32,EPAS1,EGR3,CTSB,IL1B,NEDD9,CD74,ISG20,CNTN1,ALCAM,NAMPT,ANXA1,SERPINB8,DUSP10,CEBPD,IFITM3,IFITM1,PDK4,SELENOP,NR4A3,TGFBI,NFKBIZ,TGFBR3"
"DEG_LD_SW480","513","0.365400000000000003","HMGA2","HMGA2","28","297","0.000146999999999999995","0.00039599999999999997615","2.2860000000000000","Enrichr--Queries","ATF3,PDGFC,ABCA1,PPARG,DCBLD2,UPP1,PRRX1,TM4SF1,EREG,PLAT,LOXL2,COL5A2,CNTN1,RND3,ALCAM,DKK1,ANXA1,SERPINB8,GRB10,F2R,CDK6,MCM7,CEBPD,SOX2,EDN1,NT5E,TGFBI,CDH11"
"DEG_LD_SW480","514","0.366099999999999981","ZNF792","ZNF792","28","297","0.000146999999999999995","0.00039599999999999997615","2.2860000000000000","Enrichr--Queries","ABCA1,PPFIBP2,YPEL1,RORA,FBXO32,ARRB1,MDK,UPP1,KCTD12,PAG1,ARHGEF3,NEDD9,ISG20,DKK1,LFNG,TET1,SERPINB8,F2R,CDK6,DUSP10,CEBPD,SLC46A3,IFITM1,BCL11B,BCL11A,SH3PXD2A,EDN1,CADPS2"
"DEG_LD_SW480","515","0.366800000000000015","EGR3","EGR3","28","297","0.000146999999999999995","0.00039599999999999997615","2.2860000000000000","Enrichr--Queries","ATF3,ABCA1,HEY1,FBXO32,KCTD12,EPAS1,IL1B,NEDD9,PLAT,LOXL2,CNTN1,RND3,VGF,NAMPT,ANXA1,SERPINB8,GPNMB,DUSP10,CEBPD,PDK4,BCL11B,CX3CL1,EDN1,NR4A3,TGFBI,NFKBIZ,TGFBR3,ALDH1A3"
"DEG_LD_SW480","516","0.367499999999999993","ZNF175","ZNF175","28","297","0.000146999999999999995","0.00039599999999999997615","2.2860000000000000","Enrichr--Queries","ATF3,PDGFC,ABCA1,HEY1,KCNMA1,RORA,ATXN1,FBXO32,KCTD12,PAG1,EGR3,RAB27B,ARHGEF3,ALCAM,LFNG,ANXA1,SERPINB8,F2R,ITPR1,ASNS,CDK6,ARRDC4,GNG11,EDN1,NT5E,CADPS2,TGFBI,NFKBIZ"
"DEG_LD_SW480","517","0.368200000000000027","FOXD2","FOXD2","28","297","0.000146999999999999995","0.00039599999999999997615","2.2860000000000000","Enrichr--Queries","ATF3,NGFR,PPARG,GPRC5C,RORA,PRRX1,EPAS1,EGR3,KIF26B,LOXL2,TFAP2A,CNTN1,DKK1,SERPINB8,MOCOS,IGFBP7,LHX2,IRX3,SOX2,EBF3,BCL11B,BCL11A,EDN1,EFNA5,TGFBI,SIX2,TGFBR3,ALDH1A3"
"DEG_LD_SW480","518","0.368900000000000006","FOSB","FOSB","28","297","0.000146999999999999995","0.00039599999999999997615","2.2860000000000000","Enrichr--Queries","ATF3,ABCA1,TM4SF1,EPAS1,EGR3,IL1B,NEDD9,CD74,PLAT,ISG20,CNTN1,RND3,ACTA2,NAMPT,NR1D1,ANXA1,SERPINB8,GPNMB,CEBPD,IFITM3,IFITM1,PDK4,EDN1,SELENOP,NR4A3,TGFBI,NFKBIZ,TGFBR3"
"DEG_LD_SW480","519","0.369699999999999973","YBX2","YBX2","28","297","0.000146999999999999995","0.00039599999999999997615","2.2860000000000000","Enrichr--Queries","ATF3,MYH7B,NGFR,FASN,EGLN3,MDK,EPAS1,EGR3,BST2,WFDC2,LOXL2,KIF5C,EEF1A2,VGF,RBPMS2,ANXA1,SERPINB8,CKB,MOCOS,TLE2,PGF,IRX3,IFITM1,SOX2,RYR1,ALDOC,TGFBI,KLF15"
"DEG_LD_SW480","520","0.370400000000000007","MXD1","MXD1","28","297","0.000146999999999999995","0.00039599999999999997615","2.2860000000000000","Enrichr--Queries","ATF3,ABCA1,FASN,FBXO32,UPP1,SLPI,CTSB,IL1B,NEDD9,CD74,ISG20,CNTN1,PLEK,RND3,NAMPT,ANXA1,SERPINB8,ASNS,DUSP10,CEBPD,IFITM3,IFITM1,ARRDC4,EDN1,CMPK2,NR4A3,TGFBI,NFKBIZ"
"DEG_LD_SW480","521","0.371099999999999985","ZNF35","ZNF35","28","297","0.000146999999999999995","0.00039599999999999997615","2.2860000000000000","Enrichr--Queries","ATF3,PDGFC,ABCA1,MDK,UPP1,EPAS1,LOXL2,VDR,COL5A2,CNTN1,RND3,SERPINB8,OLFML3,CKB,GRB10,F2R,PGF,ASNS,DAB2,HMGCS1,CEBPD,IFITM3,SOX2,BCL11A,GNG11,CADPS2,TGFBI,TGFBR3"
"DEG_LD_SW480","522","0.371800000000000019","IRF7","IRF7","28","298","0.000155500000000000012","0.00041500000000000000430","2.2780000000000000","Enrichr--Queries","ATF3,ABCA1,FASN,ITGB2,UPP1,HERC5,LGALS9,IFI27,SLPI,BST2,IL1B,CD74,ISG20,PLEK,NAMPT,ANXA1,GPNMB,SLC15A3,CEBPD,IFITM3,IFITM1,TLR3,IFI6,CMPK2,TGFBI,CASP4,NFKBIZ,OAS1"
"DEG_LD_SW480","523","0.372499999999999998","RAG1","RAG1","28","298","0.000155500000000000012","0.00041500000000000000430","2.2780000000000000","Enrichr--Queries","ATF3,ABCA1,FASN,CHST3,DMD,IL1RAP,LEPR,ITGB2,IGF1,IL1B,CD74,KIF26B,CACNA1E,CNTN1,PRKCQ,TNFSF4,ANXA1,SERPINB8,ITPR1,CDK6,BCL11B,BCL11A,TENM1,TLR3,NT5E,CADPS2,TGFBI,NFKBIZ"
"DEG_LD_SW480","524","0.373199999999999976","TRERF1","TRERF1","28","298","0.000155500000000000012","0.00041500000000000000430","2.2780000000000000","Enrichr--Queries","ATF3,ABCA1,KCNMA1,SLCO3A1,RORA,ATXN1,FBXO32,EPAS1,PAG1,ARHGEF3,NEDD9,AUTS2,RERE,NAV1,XYLT1,ALCAM,SLC6A6,SERPINB8,ITPR1,CDK6,DUSP10,TIAM1,BCL11B,BCL11A,SH3PXD2A,EFNA5,TGFBI,TGFBR3"
"DEG_LD_SW480","525","0.373900000000000010","ZHX2","ZHX2","28","298","0.000155500000000000012","0.00041500000000000000430","2.2780000000000000","Enrichr--Queries","ATF3,ABCA1,EGLN3,SLCO3A1,RORA,ATXN1,FBXO32,EPAS1,PAG1,ARHGEF3,NEDD9,CD82,AUTS2,RERE,RND3,XYLT1,ALCAM,SERPINB8,GRB10,TLE1,ITPR1,CDK6,DUSP10,CEBPD,IFITM3,BCL11A,EFNA5,TGFBR3"
"DEG_LD_SW480","526","0.374599999999999989","ZSCAN1","ZSCAN1","28","298","0.000155500000000000012","0.00041500000000000000430","2.2780000000000000","Enrichr--Queries","MYH7B,JPH3,KCNMA1,KCNA6,OLFM1,TRIM58,EGR3,PCLO,HYAL1,SORCS2,KIF26B,EEF1A2,CACNA1E,TFAP2A,RBM24,SERPINB8,PHACTR3,IRX3,SOX2,BCL11B,RYR1,RYR2,CADPS2,NTM,CPLX1,ELAVL2,CDH13,CADPS"
"DEG_LD_SW480","527","0.375400000000000011","GFI1B","GFI1B","28","299","0.000164400000000000012","0.00043699999999999999695","2.2690000000000001","Enrichr--Queries","TFR2,ATF3,NAPSA,TMEM40,PPARG,F13A1,SLC38A5,ALAS2,ITGB2,SPTB,TRIM58,SLPI,IL1B,SLC43A3,VDR,ISG20,PLEK,LYL1,ANXA1,GRAP2,F2R,ASNS,MCM7,VWF,IFITM3,GNG11,SELENOP,TGFBI"
"DEG_LD_SW480","528","0.376099999999999990","ZNF709","ZNF709","28","299","0.000164400000000000012","0.00043699999999999999695","2.2690000000000001","Enrichr--Queries","ATF3,ZNF273,ZNF486,KCNMA1,RORA,LEPR,ZNF442,ZNF681,ZNF680,ZNF429,ZNF610,PPP1R3B,ZNF92,ZNF93,AUTS2,FMN1,TET1,SERPINB8,ZNF117,ZNF107,ZNF331,ZNF763,ZNF737,TMTC1,BCL11B,BCL11A,SLC44A2,CADPS2"
"DEG_LD_SW480","529","0.376800000000000024","FOXB2","FOXB2","27","289","0.000219599999999999998","0.00058299999999999996790","2.2629999999999999","Enrichr--Queries","FZD10,SHOX2,KCNMA1,DLX4,EGR3,MKX,TFAP2A,HS3ST3B1,SOX14,COL2A1,HOXD13,HOXD11,HOXD10,ECEL1,MOCOS,LHX2,IRX3,SOX2,EBF3,TSHZ3,BCL11B,BCL11A,RYR2,FEZF1,EFNA5,SIX2,PDE10A"
"DEG_LD_SW480","530","0.377500000000000002","LBX1","LBX1","27","290","0.000232000000000000001","0.00061300000000000004659","2.2549999999999999","Enrichr--Queries","ATF3,SHOX2,NGFR,KCNMA1,DLX3,PRRX1,EGR3,KIF26A,KIF26B,LOXL2,EEF1A2,TFAP2A,SOX14,SERPINB8,COL2A1,HOXD13,HOXD11,HOXD10,MOCOS,LHX2,IRX3,SOX2,EBF3,TSHZ3,BCL11B,CADPS2,SIX2"
"DEG_LD_SW480","531","0.378199999999999981","HOXC12","HOXC12","27","290","0.000232000000000000001","0.00061300000000000004659","2.2549999999999999","Enrichr--Queries","ATF3,SHOX2,HOXC11,PPARG,PRAME,DLX3,EGR3,KIF26B,LOXL2,EEF1A2,TFAP2A,CNTN1,SOX14,COL2A1,HOXD13,HOXD11,HOXD10,NMNAT2,SALL4,LHX2,IRX3,SOX2,EBF3,TMTC1,SIX2,TGFBR3,ALDH1A3"
"DEG_LD_SW480","532","0.378900000000000015","BARHL2","BARHL2","27","291","0.000244999999999999992","0.00064400000000000004116","2.2460000000000000","Enrichr--Queries","FZD10,ATF3,SHOX2,KCNMA1,RORA,PRRX1,EGR3,KIF26B,CACNA1E,TFAP2A,GNG4,SOX14,HOXD13,HOXD11,HOXD10,LHX2,IRX3,SOX2,EBF3,TSHZ3,BCL11B,BCL11A,FEZF1,CADPS2,EFNA5,ELAVL2,SIX2"
"DEG_LD_SW480","533","0.379599999999999993","VSX2","VSX2","27","291","0.000244999999999999992","0.00064400000000000004116","2.2460000000000000","Enrichr--Queries","ATF3,SHOX2,JPH3,KCNMA1,RORA,DLX3,DLX4,PRRX1,EPAS1,EGR3,KIF26B,LOXL2,CACNA1E,TFAP2A,SOX14,COL2A1,HOXD11,HOXD10,ESRRB,LHX2,IRX3,SOX2,EBF3,BCL11B,BCL11A,ELAVL2,SIX2"
"DEG_LD_SW480","534","0.380300000000000027","HMX3","HMX3","27","291","0.000244999999999999992","0.00064400000000000004116","2.2460000000000000","Enrichr--Queries","ATF3,SHOX2,HOXC11,KCNMA1,PPARG,RORA,DLX3,DLX4,EPAS1,EGR3,KIF26A,LOXL2,TFAP2A,VGF,SOX14,HOXD13,HOXD11,HOXD10,MOCOS,LHX2,IRX3,SOX2,EBF3,BCL11B,BCL11A,FEZF1,SIX2"
"DEG_LD_SW480","535","0.381099999999999994","TBXT","TBXT","27","292","0.000258700000000000000","0.00067500000000000003574","2.2380000000000000","Enrichr--Queries","FZD10,ATF3,SHOX2,RORA,EPAS1,KIF26B,LOXL2,TFAP2A,CRMP1,SOX14,DKK1,SERPINB8,COL2A1,HOXD10,NOTUM,ESRRB,LHX2,IRX3,SOX2,EBF3,BCL11A,CADPS2,ELAVL2,SIX2,CDH11,CDH13,PDE10A"
"DEG_LD_SW480","536","0.381799999999999973","ZNF331","ZNF331","27","292","0.000258700000000000000","0.00067500000000000003574","2.2380000000000000","Enrichr--Queries","ATF3,ABCA1,RORA,KCTD12,EPAS1,EGR3,CTSB,IL1B,NEDD9,CD74,AUTS2,ISG20,ACTA2,NAMPT,ANXA1,SERPINB8,GPNMB,DUSP10,CEBPD,IFITM1,PDK4,BCL11A,IFI6,NLRP3,NR4A3,NFKBIZ,TGFBR3"
"DEG_LD_SW480","537","0.382500000000000007","HOXD13","HOXD13","27","292","0.000258700000000000000","0.00067500000000000003574","2.2380000000000000","Enrichr--Queries","ATF3,SHOX2,HOXC11,HEY1,PPARG,RORA,PRRX1,EGR3,LOXL2,TFAP2A,DKK1,SERPINB8,COL2A1,HOXD11,HOXD10,CDK6,LHX2,IRX3,SOX2,EBF3,BCL11B,BCL11A,CADPS2,EFNA5,SIX2,ALDH1A3,CDH11"
"DEG_LD_SW480","538","0.383199999999999985","NEUROG1","NEUROG1","27","292","0.000258700000000000000","0.00067500000000000003574","2.2380000000000000","Enrichr--Queries","FZD10,ATF3,SHOX2,NGFR,PPARG,DLX3,PRRX1,EGR3,LOXL2,CACNA1E,TFAP2A,CRMP1,SOX14,DKK1,COL2A1,HOXD11,HOXD10,ECEL1,MOCOS,LHX2,IRX3,SOX2,EBF3,BCL11B,TGFBI,SIX2,NCAM1"
"DEG_LD_SW480","539","0.383900000000000019","OTP","OTP","27","293","0.000273100000000000025","0.00070600000000000003031","2.2290000000000001","Enrichr--Queries","UNC5A,ATF3,SHOX2,KCNMA1,OLFM1,EGR3,LOXL2,TFAP2A,VGF,CRMP1,SOX14,COL2A1,HOXD13,HOXD11,HOXD10,ECEL1,MOCOS,LHX2,IRX3,SOX2,EBF3,BCL11B,BCL11A,FEZF1,CADPS2,ELAVL2,SIX2"
"DEG_LD_SW480","540","0.384599999999999997","SP110","SP110","27","293","0.000273100000000000025","0.00070600000000000003031","2.2290000000000001","Enrichr--Queries","ATF3,ABCA1,FASN,ITGB2,HERC5,LGALS9,IFI27,BST2,IL1B,CD74,RASGRP3,ISG20,PLEK,NAMPT,ANXA1,SERPINB8,GPNMB,SLC15A3,IFITM3,IFITM1,TLR3,IFI6,CMPK2,TGFBI,CASP4,NFKBIZ,OAS1"
"DEG_LD_SW480","541","0.385299999999999976","PTF1A","PTF1A","27","293","0.000273100000000000025","0.00070600000000000003031","2.2290000000000001","Enrichr--Queries","ATF3,SHOX2,KCNMA1,PRRX1,LOXL2,CACNA1E,TFAP2A,CRMP1,SOX14,HOXD11,HOXD10,ECEL1,MOCOS,NMNAT2,GRB10,NBEA,LHX2,SLC26A4,SOX2,EBF3,BCL11B,BCL11A,RYR2,CADPS2,NR4A3,SIX2,PDE10A"
"DEG_LD_SW480","542","0.386000000000000010","UNCX","UNCX","27","293","0.000273100000000000025","0.00070600000000000003031","2.2290000000000001","Enrichr--Queries","FZD10,SHOX2,OLFM1,PRRX1,SPON1,EGR3,KIF26A,KIF26B,CACNA1E,TFAP2A,CRMP1,SOX14,COL2A1,HOXD11,HOXD10,ECEL1,LHX2,IRX3,SOX2,EBF3,TSHZ3,BCL11B,BCL11A,FEZF1,CADPS2,ELAVL2,SIX2"
"DEG_LD_SW480","543","0.386799999999999977","OLIG3","OLIG3","27","293","0.000273100000000000025","0.00070600000000000003031","2.2290000000000001","Enrichr--Queries","FZD10,ATF3,SHOX2,NGFR,KCNMA1,ADGRV1,KIF26B,KIRREL3,RTN1,CACNA1E,CNMD,TFAP2A,SOX14,COL2A1,ECEL1,NMNAT2,DACH1,LHX2,IRX3,SOX2,EBF3,BCL11A,FEZF1,CADPS2,NTM,EFNA5,VAT1L"
"DEG_LD_SW480","544","0.387500000000000011","PITX3","PITX3","27","294","0.000288200000000000012","0.00074200000000000003800","2.2210000000000001","Enrichr--Queries","ATF3,SHOX2,NGFR,ACHE,KCNMA1,PPARG,RORA,DLX3,PRRX1,PRRX2,EPAS1,EGR3,LOXL2,TFAP2A,ACTA2,NR1D1,SERPINB8,COL2A1,HOXD10,MOCOS,ESRRB,LHX2,IRX3,EBF3,CADPS2,SIX2,NCAM1"
"DEG_LD_SW480","545","0.388199999999999990","HOXC11","HOXC11","27","294","0.000288200000000000012","0.00074200000000000003800","2.2210000000000001","Enrichr--Queries","SHOX2,PPARG,RORA,DLX3,PRRX1,EPAS1,EGR3,SORCS2,KIF26B,LOXL2,NPNT,NXPH4,TFAP2A,VGF,DKK1,COL2A1,HOXD13,HOXD11,HOXD10,LHX2,IRX3,SOX2,TSHZ3,BCL11B,BCL11A,TGFBI,SIX2"
"DEG_LD_SW480","546","0.388900000000000023","ZNF354A","ZNF354A","27","295","0.000304000000000000017","0.00077499999999999997276","2.2130000000000001","Enrichr--Queries","CLDN1,ATF3,ABCA1,FASN,HEY1,ZNF239,FBXO32,IL1B,PERP,MSMO1,ZNF92,ISG20,CNTN1,RND3,ALCAM,SYTL2,ANXA1,SERPINB8,F2R,PGF,ASNS,HMGCS1,CEBPD,PDK4,ARRDC4,EDN1,CADPS2"
"DEG_LD_SW480","547","0.389600000000000002","MITF","MITF","27","295","0.000304000000000000017","0.00077499999999999997276","2.2130000000000001","Enrichr--Queries","ATF3,PDGFC,ABCA1,PPARG,DMD,RORA,ATXN1,FBXO32,KCTD12,EPAS1,IGF1,CTSB,CNTN1,ALCAM,ANXA1,SERPINB8,GPNMB,ITPR1,IGFBP7,DAB2,CDK6,CEBPD,PDK4,NT5E,SELENOP,TGFBI,TGFBR3"
"DEG_LD_SW480","548","0.390299999999999980","HOXA3","HOXA3","27","295","0.000304000000000000017","0.00077499999999999997276","2.2130000000000001","Enrichr--Queries","ATF3,PPARG,PRRX1,EPAS1,NEDD9,KIF26B,LOXL2,TFAP2A,AUTS2,CNTN1,ACTA2,LFNG,ANXA1,SERPINB8,HOXD10,CDK6,BNC2,CEBPD,IRX3,EBF3,BCL11A,EDN1,TGFBI,TGFBR3,ALDH1A3,CDH11,COL6A3"
"DEG_LD_SW480","549","0.391000000000000014","ZNF497","ZNF497","27","295","0.000304000000000000017","0.00077499999999999997276","2.2130000000000001","Enrichr--Queries","ATF3,NAPSA,FASN,DAB2IP,YPEL1,CLBA1,MDK,KCNQ2,EGR3,XRCC3,WNK2,HYAL1,LOXL2,NAV1,SERPINB8,CKB,PGF,ADAMTS7,LMF1,NECTIN1,MAPK8IP2,SH3PXD2A,CADPS2,TEDC1,LTBP2,MCF2L,NCAM1"
"DEG_LD_SW480","550","0.391699999999999993","MAF","MAF","27","295","0.000304000000000000017","0.00077499999999999997276","2.2130000000000001","Enrichr--Queries","ATF3,PDGFC,ABCA1,EGLN3,RORA,ATXN1,KCTD12,EPAS1,IGF1,CTSB,NEDD9,CD74,RND3,ACTA2,ALCAM,ANXA1,SERPINB8,GPNMB,OLFML3,IGFBP7,DAB2,CEBPD,IFITM3,SELENOP,TGFBI,TGFBR3,CDH11"
"DEG_LD_SW480","551","0.392500000000000016","ARNTL","ARNTL","27","295","0.000304000000000000017","0.00077499999999999997276","2.2130000000000001","Enrichr--Queries","ATF3,ABCA1,FASN,PPARG,EGLN3,RORA,FBXO32,UPP1,EPAS1,EGR3,NEDD9,PLAT,CNTN1,RND3,NR1D1,ANXA1,SERPINB8,GRB10,F2R,ITPR1,DUSP10,CEBPD,PDK4,NT5E,TGFBI,NFKBIZ,TGFBR3"
"DEG_LD_SW480","552","0.393199999999999994","ZNF585A","ZNF585A","27","296","0.000320499999999999984","0.00079900000000000001403","2.2040000000000002","Enrichr--Queries","ATF3,SLC5A3,ABCA1,RORA,ATXN1,ZNF429,FBXO32,ZNF610,ZNF711,PAG1,NEDD9,ZNF93,NAV1,ACTA2,SYTL2,ANXA1,SERPINB8,ZNF117,PGF,ASNS,DAB2,CDK6,NBEA,CPM,SESTD1,CADPS2,ZMAT1"
"DEG_LD_SW480","553","0.393899999999999972","MYCN","MYCN","27","296","0.000320499999999999984","0.00079900000000000001403","2.2040000000000002","Enrichr--Queries","ATF3,ABCA1,HEY1,EGLN3,EPAS1,IGF1,KIF26B,LOXL2,KIF5C,AUTS2,CNTN1,RND3,TET1,SERPINB8,CKB,SALL4,F2R,MITF,CDK6,MCM7,IRX3,SOX2,BCL11B,BCL11A,TGFBI,CDH11,NCAM1"
"DEG_LD_SW480","554","0.394600000000000006","PBX1","PBX1","27","296","0.000320499999999999984","0.00079900000000000001403","2.2040000000000002","Enrichr--Queries","PDGFC,ABCA1,KCNMA1,RORA,ATXN1,FBXO32,EPAS1,NEDD9,AUTS2,SYT1,COL5A2,RND3,NAV1,ALCAM,ANXA1,SERPINB8,CKB,GRB10,CDK6,NBEA,BCL11A,CADPS2,SELENOP,EFNA5,TGFBR3,CDH11,NCAM1"
"DEG_LD_SW480","555","0.395299999999999985","ZFP82","ZFP82","27","296","0.000320499999999999984","0.00079900000000000001403","2.2040000000000002","Enrichr--Queries","EML1,ATF3,NAPSA,EGLN3,RORA,SLC16A9,FBXO32,SERTAD4,KIF5C,AUTS2,NAV1,ALCAM,SYTL2,FLRT3,TET1,SERPINB8,MOCOS,PGF,ASNS,CDK6,TIAM1,BCL11A,NT5E,KBTBD8,CADPS2,TGFBR3,CDH11"
"DEG_LD_SW480","556","0.396000000000000019","HOXB9","HOXB9","27","296","0.000320499999999999984","0.00079900000000000001403","2.2040000000000002","Enrichr--Queries","CLDN1,ATF3,NGFR,PPARG,UPP1,EPAS1,PLAT,LOXL2,TFAP2A,CNTN1,VGF,DKK1,ANXA1,SERPINB8,HOXD10,MOCOS,GRB10,PGF,ASNS,CDK6,IRX3,IFITM1,EDN1,NT5E,TGFBI,ALDH1A3,CDH11"
"DEG_LD_SW480","557","0.396699999999999997","SOX2","SOX2","27","296","0.000320499999999999984","0.00079900000000000001403","2.2040000000000002","Enrichr--Queries","ABCA1,HEY1,PPARG,PTPRZ1,EPAS1,KIF5C,TFAP2A,SYT1,RND3,CRMP1,ALCAM,DKK1,FLRT3,TET1,SERPINB8,CKB,SALL4,MITF,CDK6,CEBPD,TIAM1,BCL11A,EDN1,ALDOC,ELAVL2,CDH11,NCAM1"
"DEG_LD_SW480","558","0.397399999999999975","RUNX1","RUNX1","27","296","0.000320499999999999984","0.00079900000000000001403","2.2040000000000002","Enrichr--Queries","ATF3,ABCA1,PPARG,RORA,ATXN1,ITGB2,EPAS1,IGF1,NEDD9,CD74,LOXL2,VDR,COL5A2,CNTN1,ACTA2,ANXA1,SERPINB8,DAB2,CDK6,CEBPD,SH3PXD2A,EDN1,NT5E,TGFBI,NFKBIZ,CDH11,COL6A3"
"DEG_LD_SW480","559","0.398100000000000009","STAT1","STAT1","27","296","0.000320499999999999984","0.00079900000000000001403","2.2040000000000002","Enrichr--Queries","ATF3,ABCA1,FASN,PPARG,ITGB2,HERC5,LGALS9,IFI27,BST2,CTSB,IL1B,CD74,ISG20,PLEK,NAMPT,ANXA1,SLC15A3,CEBPD,IFITM3,IFITM1,TLR3,IFI6,CMPK2,TGFBI,CASP4,NFKBIZ,OAS1"
"DEG_LD_SW480","560","0.398899999999999977","HOXA7","HOXA7","27","296","0.000320499999999999984","0.00079900000000000001403","2.2040000000000002","Enrichr--Queries","ATF3,SHOX2,PPARG,RORA,PRRX1,EPAS1,EGR3,IGF1,LOXL2,EEF1A2,TFAP2A,CNTN1,FLRT3,ANXA1,SERPINB8,COL2A1,HOXD11,HOXD10,PGF,LHX2,IRX3,EBF3,EDN1,SELENOP,TGFBI,TGFBR3,ALDH1A3"
"DEG_LD_SW480","561","0.399600000000000011","ZNF782","ZNF782","27","296","0.000320499999999999984","0.00079900000000000001403","2.2040000000000002","Enrichr--Queries","ZNF680,FBXO32,RAB27B,PCLO,HYAL1,CLGN,ZNF92,AUTS2,CNTN1,SYTL2,SERPINB8,ZNF117,GPNMB,ITPR1,NBEA,DUSP10,HMGCS1,PTPN13,ARRDC4,RABGAP1L,MATN2,IFI6,CADPS2,NR4A3,DOCK4,NFKBIZ,TGFBR3"
"DEG_LD_SW480","562","0.400299999999999989","FOXN1","FOXN1","27","296","0.000320499999999999984","0.00079900000000000001403","2.2040000000000002","Enrichr--Queries","CLDN1,ATF3,MYH7B,FAT2,TMEM40,PPARG,S100A3,DLX3,PTPRZ1,EREG,EGR3,PERP,CD74,LOXL2,NPNT,VDR,CNTN1,SERPINB8,SERPINB5,GPNMB,PGF,CPM,TNS4,EDN1,KRT13,KRT14,KRT75"
"DEG_LD_SW480","563","0.401000000000000023","HES3","HES3","27","296","0.000320499999999999984","0.00079900000000000001403","2.2040000000000002","Enrichr--Queries","UNC5A,ATF3,RHBDL3,JPH3,RORA,PTPRZ1,KCNQ2,KIF26A,KIF26B,CNMD,VGF,CRMP1,XKR7,COL2A1,ECEL1,MOCOS,NMNAT2,LHX2,IRX3,SOX2,EBF3,BCL11A,PDE2A,FEZF1,ZDHHC22,ELAVL2,VAT1L"
"DEG_LD_SW480","564","0.401700000000000002","ZSCAN10","ZSCAN10","27","297","0.000337899999999999973","0.00081599999999999999357","2.1960000000000002","Enrichr--Queries","ATF3,JPH3,MDK,UPP1,PTPRZ1,EPAS1,NKAIN1,BST2,WFDC2,GAL,KIF5C,CNMD,ACOXL,ACTA2,RBPMS2,TET1,SERPINB8,OLFML3,CKB,ECEL1,MOCOS,SALL4,IFITM3,IFITM1,SOX2,BCL11A,CAMKV"
"DEG_LD_SW480","565","0.402399999999999980","TCF4","TCF4","27","297","0.000337899999999999973","0.00081599999999999999357","2.1960000000000002","Enrichr--Queries","ATF3,ABCA1,RORA,ATXN1,KCTD12,EPAS1,CTSB,NEDD9,CD74,CNN3,AUTS2,COL5A2,RERE,NAV1,ALCAM,ANXA1,SERPINB8,ITPR1,IGFBP7,DAB2,CDK6,IFITM3,BCL11A,TGFBI,TGFBR3,CDH11,NCAM1"
"DEG_LD_SW480","566","0.403100000000000014","BCL11A","BCL11A","27","297","0.000337899999999999973","0.00081599999999999999357","2.1960000000000002","Enrichr--Queries","ATF3,ABCA1,JPH3,KCNMA1,RORA,KCNQ2,EGR3,RTN1,AUTS2,SYT1,NAV1,ALCAM,FLRT3,ANXA1,SERPINB8,DACH1,CDK6,TIAM1,STXBP1,BCL11B,CADPS2,EFNA5,NR4A3,TGFBI,ELAVL2,CDH11,NCAM1"
"DEG_LD_SW480","567","0.403799999999999992","NR4A3","NR4A3","27","297","0.000337899999999999973","0.00081599999999999999357","2.1960000000000002","Enrichr--Queries","ATF3,ABCA1,OLR1,EGLN3,RORA,EPAS1,EGR3,IL1B,NEDD9,PLAT,ISG20,CNTN1,RND3,ACTA2,ALCAM,NAMPT,ANXA1,SERPINB8,GPNMB,DUSP10,CEBPD,PDK4,EDN1,NT5E,TGFBI,NFKBIZ,TGFBR3"
"DEG_LD_SW480","568","0.404600000000000015","ZNF660","ZNF660","27","297","0.000337899999999999973","0.00081599999999999999357","2.1960000000000002","Enrichr--Queries","ABCA1,SLCO3A1,RORA,ZNF429,ZNF711,EPAS1,CLGN,KIF5C,ZNF93,RTN1,AUTS2,NAV1,RBM24,XYLT1,UNC13A,TNFSF4,TET1,SERPINB8,NMNAT2,NBEA,RCAN2,ZNF502,ZNF501,BCL11B,CADPS2,SGO1,ZMAT1"
"DEG_LD_SW480","569","0.405299999999999994","ZNF697","ZNF697","27","297","0.000337899999999999973","0.00081599999999999999357","2.1960000000000002","Enrichr--Queries","ATF3,ABCA1,KCNMA1,FBXO32,UPP1,EREG,EPAS1,EGR3,IL1A,IL1B,LOXL2,ISG20,CNTN1,RND3,NAV1,ALCAM,NAMPT,SLC6A6,SERPINB8,GRB10,CDK6,DUSP10,ARRDC4,BCL11A,NT5E,TGFBI,NFKBIZ"
"DEG_LD_SW480","570","0.406000000000000028","NR4A1","NR4A1","27","297","0.000337899999999999973","0.00081599999999999999357","2.1960000000000002","Enrichr--Queries","ATF3,ABCA1,FASN,EGLN3,EPAS1,EGR3,IL1B,NEDD9,CD74,PLAT,CNTN1,RND3,ACTA2,NAMPT,NR1D1,ANXA1,SERPINB8,CKB,HMGCS1,CEBPD,IFITM3,PDK4,EDN1,SELENOP,NR4A3,TGFBI,NFKBIZ"
"DEG_LD_SW480","571","0.406700000000000006","ETS1","ETS1","27","297","0.000337899999999999973","0.00081599999999999999357","2.1960000000000002","Enrichr--Queries","ATF3,ABCA1,RORA,ITGB2,TM4SF1,EPAS1,IL1B,NEDD9,CD74,CNTN1,RND3,ACTA2,ANXA1,SERPINB8,F2R,IGFBP7,DAB2,CDK6,CEBPD,IFITM3,IFITM1,GNG11,EDN1,NT5E,TGFBI,NFKBIZ,TGFBR3"
"DEG_LD_SW480","572","0.407399999999999984","ZNF846","ZNF846","27","297","0.000337899999999999973","0.00081599999999999999357","2.1960000000000002","Enrichr--Queries","ATF3,ABCA1,ATXN1,FBXO32,DEPP1,CTSK,ARHGEF3,RND3,SYTL2,LFNG,SERPINB8,ZNF117,ZNF596,GPNMB,GPR155,F2R,PGF,DUSP10,ZNF763,SLC46A3,ARRDC4,SLC44A2,MATN2,CADPS2,ZMAT1,NFKBIZ,TGFBR3"
"DEG_LD_SW480","573","0.408100000000000018","GATA2","GATA2","27","297","0.000337899999999999973","0.00081599999999999999357","2.1960000000000002","Enrichr--Queries","HSPG2,ATF3,ABCA1,HEY1,PPARG,EPAS1,CD74,TFAP2A,ACTA2,ANXA1,CKB,GRB10,F2R,PGF,IGFBP7,DAB2,CDK6,VWF,CEBPD,IFITM3,IFITM1,SOX2,GNG11,EDN1,SELENOP,TGFBI,TGFBR3"
"DEG_LD_SW480","574","0.408799999999999997","ZNF462","ZNF462","27","297","0.000337899999999999973","0.00081599999999999999357","2.1960000000000002","Enrichr--Queries","HSPG2,PDGFC,ABCA1,KCNMA1,RORA,FBXO32,EPAS1,KIF26B,KIF5C,TANC2,AUTS2,RERE,RND3,NAV1,MAML2,ALCAM,SERPINB8,GRB10,CDK6,NBEA,PTPN13,BCL11A,CADPS2,EFNA5,DOCK4,TGFBR3,NCAM1"
"DEG_LD_SW480","575","0.409499999999999975","HOXA10","HOXA10","27","297","0.000337899999999999973","0.00081599999999999999357","2.1960000000000002","Enrichr--Queries","ATF3,SHOX2,PPARG,PRRX1,GNAI1,LOXL2,TFAP2A,VDR,ACTA2,DKK1,ANXA1,SERPINB8,COL2A1,HOXD11,HOXD10,GRB10,IGFBP7,CDK6,CEBPD,IRX3,SOX2,TIAM1,EDN1,ALDOC,TGFBI,TGFBR3,CDH11"
"DEG_LD_SW480","576","0.410299999999999998","GRHL3","GRHL3","27","297","0.000337899999999999973","0.00081599999999999999357","2.1960000000000002","Enrichr--Queries","CLDN1,HSPG2,ATF3,ABCA1,TMEM40,EGLN3,FBXO32,UPP1,SLPI,EPAS1,PERP,KIF26B,LOXL2,TFAP2A,CNTN1,ANXA1,SERPINB8,SERPINB5,GPNMB,DUSP10,NECTIN1,SOX2,BCL11B,EDN1,MPZL2,TGFBI,ALDH1A3"
"DEG_LD_SW480","577","0.410999999999999976","NFATC4","NFATC4","27","297","0.000337899999999999973","0.00081599999999999999357","2.1960000000000002","Enrichr--Queries","HSPG2,ABCA1,PPARG,MDK,PRRX1,MXRA8,EPAS1,LOXL2,PCOLCE,COL5A2,ACTA2,DKK3,SERPINB8,OLFML3,PGF,IGFBP7,CEBPD,IFITM1,SOX2,TIAM1,EDN1,ALDOC,FBLN1,LTBP2,TGFBI,CDH11,COL6A3"
"DEG_LD_SW480","578","0.411700000000000010","VDR","VDR","27","297","0.000337899999999999973","0.00081599999999999999357","2.1960000000000002","Enrichr--Queries","ATF3,ABCA1,FASN,PPARG,RORA,UPP1,EPAS1,EGR3,IGF1,CTSB,IL1B,NEDD9,CD82,LOXL2,CNTN1,ACTA2,ALCAM,ANXA1,SERPINB8,GPNMB,F2R,DAB2,CEBPD,EDN1,TLR4,NT5E,TGFBI"
"DEG_LD_SW480","579","0.412399999999999989","FOS","FOS","27","297","0.000337899999999999973","0.00081599999999999999357","2.1960000000000002","Enrichr--Queries","ATF3,ABCA1,KCTD12,EPAS1,EGR3,CTSB,IL1B,CD74,ISG20,CNTN1,RND3,ACTA2,NAMPT,ANXA1,SERPINB8,GPNMB,CKB,HMGCS1,CEBPD,IFITM3,IFITM1,PDK4,EDN1,SELENOP,NR4A3,TGFBI,NFKBIZ"
"DEG_LD_SW480","580","0.413100000000000023","TGIF2LX","TGIF2LX","27","297","0.000337899999999999973","0.00081599999999999999357","2.1960000000000002","Enrichr--Queries","FAM133A,ATF3,KCNMA1,PPARG,DMD,RORA,IL1RAPL1,PKHD1,PRKX,TFAP2A,VDR,FGF13,AFF2,SERPINB8,HOXD10,GABRA3,MITF,ESRRB,CSAG1,SOX2,MAGEC2,BCL11A,TENM1,NR4A3,ELAVL2,KLF15,CDH11"
"DEG_LD_SW480","581","0.413800000000000001","TCF15","TCF15","27","297","0.000337899999999999973","0.00081599999999999999357","2.1960000000000002","Enrichr--Queries","ATF3,NGFR,HEY1,PPARG,EGLN3,UPP1,EPAS1,BST2,WFDC2,KIF26A,LOXL2,PCOLCE,CHCHD10,ACTA2,CRMP1,SERPINB8,PGF,VWF,IFITM3,IFITM1,SOX2,PDK4,EBF3,GNG11,TGFBI,MCF2L,KLF15"
"DEG_LD_SW480","582","0.414499999999999980","ZNF516","ZNF516","27","298","0.000355999999999999980","0.00085400000000000004987","2.1880000000000002","Enrichr--Queries","ABCA1,PELI2,SLCO3A1,RORA,ATXN1,QKI,LDLRAD4,KCTD12,NEDD9,TANC2,AUTS2,RERE,NAV1,XYLT1,SLC6A6,LFNG,SERPINB8,DACH1,GRB10,ITPR1,CDK6,NBEA,CEBPD,TIAM1,BCL11A,SH3PXD2A,TGFBR3"
"DEG_LD_SW480","583","0.415200000000000014","OVOL1","OVOL1","27","298","0.000355999999999999980","0.00085400000000000004987","2.1880000000000002","Enrichr--Queries","CLDN1,ATF3,MYH7B,DLX3,EREG,SLPI,EGR3,PERP,LOXL2,TFAP2A,VDR,CNTN1,NR1D1,LFNG,SERPINB8,SERPINB5,GPNMB,PGF,CEBPD,MACC1,CBLC,BCL11B,BCL11A,EDN1,MPZL2,NFKBIZ,ALDH1A3"
"DEG_LD_SW480","584","0.415999999999999981","SOHLH1","SOHLH1","27","298","0.000355999999999999980","0.00085400000000000004987","2.1880000000000002","Enrichr--Queries","NAPSA,JPH3,OLFM1,KCNQ2,IGF1,MKX,ECM1,WFDC2,LOXL2,EEF1A2,CACNA1E,VGF,ASB2,SERPINB8,MOCOS,PGF,LHX2,NLGN1,TIAM2,TIAM1,PDE2A,RYR1,CAMKV,KRT14,CADPS2,CPLX1,TGFBI"
"DEG_LD_SW480","585","0.416700000000000015","TFAP2E","TFAP2E","27","298","0.000355999999999999980","0.00085400000000000004987","2.1880000000000002","Enrichr--Queries","HSPG2,ATF3,SHOX2,RHBDL3,NGFR,HEY1,PRRX1,EPAS1,EGR3,KIF26B,LOXL2,NXPH4,TFAP2A,ISG20,VGF,SERPINB8,HOXD10,CKB,NMNAT2,LHX2,CEBPD,IRX3,PTGDS,COL8A2,BCL11A,CADPS2,NR4A3"
"DEG_LD_SW480","586","0.417399999999999993","POU2F2","POU2F2","27","299","0.000375100000000000010","0.00089400000000000004637","2.1800000000000002","Enrichr--Queries","ATF3,ABCA1,NAPSA,PTAFR,RORA,ITGB2,RASSF2,KCTD12,IL1B,SELPLG,CD74,CD82,ISG20,PLEK,LFNG,SERPINB8,SLC15A3,CEBPD,IFITM3,BCL11A,PDE2A,NT5E,BATF,ARHGAP45,NLRP3,TGFBI,NFKBIZ"
"DEG_LD_SW480","587","0.418100000000000027","SCML4","SCML4","27","299","0.000375100000000000010","0.00089400000000000004637","2.1800000000000002","Enrichr--Queries","ATF3,ABCA1,RORA,FBXO32,ITGB2,PAG1,EGR3,ARHGEF3,CD74,LOXL2,ISG20,PLEK,CYTIP,XYLT1,SYTL2,PRKCQ,SERPINB8,ATP8A1,GRAP2,ANKRD44,CPM,TBC1D10C,BCL11B,BCL11A,NT5E,CADPS2,PDE3B"
"DEG_LD_SW480","588","0.418800000000000006","ZNF30","ZNF30","27","299","0.000375100000000000010","0.00089400000000000004637","2.1800000000000002","Enrichr--Queries","ATF3,ZNF273,EXPH5,ZNF239,SLC16A9,ZNF681,ZNF680,ZNF610,KCTD12,PAG1,ZNF92,SYTL2,SLC16A14,SERPINB8,ZNF107,ZNF331,ASNS,ZNF502,PTPN13,ARRDC4,BCL11B,BCL11A,NT5E,FCGBP,CADPS2,TGFBR3,ALDH1A3"
"DEG_LD_SW480","589","0.419499999999999984","ISX","ISX","27","299","0.000375100000000000010","0.00089400000000000004637","2.1800000000000002","Enrichr--Queries","ATF3,SHOX2,PPARG,GPA33,RORA,AGXT,USH1C,RASSF6,TSPAN1,GREB1,KIF26B,KIF5C,KIRREL3,AUTS2,ALPI,CHGB,SLC6A4,ANXA1,SERPINB8,PRUNE2,LHX2,CPM,ARRDC4,TMCC3,FCGBP,CADPS2,SELENOP"
"DEG_LD_SW480","590","0.420200000000000018","ZNF683","ZNF683","26","289","0.000500400000000000020","0.00119000000000000008549","2.1709999999999998","Enrichr--Queries","ATF3,PTAFR,RORA,ITGB2,FCGR2A,APOBEC3G,IL1B,CD74,SPOCD1,ISG20,PLEK,CD7,SYTL2,PRR5L,IFITM1,TBC1D10C,PTGDS,SH2D2A,BCL11B,BTN3A2,IFI6,CXCR6,BATF,FCGBP,TGFBI,TGFBR3"
"DEG_LD_SW480","591","0.420899999999999996","PDX1","PDX1","26","291","0.000554499999999999980","0.00131999999999999999278","2.1549999999999998","Enrichr--Queries","ATF3,SHOX2,MYH7B,PPARG,DLX3,PRRX1,EPAS1,EGR3,LOXL2,KIF5C,TFAP2A,VDR,VGF,GNG4,HOXD13,HOXD11,HOXD10,DACH1,NBEA,LHX2,SOX2,BCL11B,CADPS2,EFNA5,TGFBR3,CADPS"
"DEG_LD_SW480","592","0.421700000000000019","HELT","HELT","26","291","0.000554499999999999980","0.00131999999999999999278","2.1549999999999998","Enrichr--Queries","ATF3,KCNMA1,PRRX1,EPAS1,EGR3,CRYBA2,LOXL2,KIRREL3,CACNA1E,TFAP2A,HS3ST3B1,SOX14,COL2A1,MOCOS,LHX2,IRX3,EBF3,BCL11B,BCL11A,FEZF1,CADPS2,NTM,EFNA5,SIX2,ALDH1A3,CDH11"
"DEG_LD_SW480","593","0.422399999999999998","ALX3","ALX3","26","292","0.000583399999999999978","0.00137999999999999993332","2.1469999999999998","Enrichr--Queries","ATF3,SHOX2,NGFR,RORA,DLX3,DLX4,PRRX1,PRRX2,EGR3,KIF26B,LOXL2,TFAP2A,COL2A1,HOXD13,HOXD11,HOXD10,NOTUM,LHX2,SOX2,EBF3,COL8A2,BCL11B,TGFBI,SIX2,ALDH1A3,CDH11"
"DEG_LD_SW480","594","0.423099999999999976","TLX3","TLX3","26","292","0.000583399999999999978","0.00137999999999999993332","2.1469999999999998","Enrichr--Queries","FZD10,SHOX2,NGFR,DLX3,DLX4,EGR3,NXPH4,CACNA1E,TFAP2A,VGF,CRMP1,SOX14,HOXD13,HOXD11,HOXD10,LHX2,IRX3,SOX2,EBF3,BCL11B,BCL11A,FEZF1,CADPS2,EFNA5,ELAVL2,SIX2"
"DEG_LD_SW480","595","0.423800000000000010","FOXD4","FOXD4","26","293","0.000613599999999999953","0.00144000000000000009069","2.1389999999999998","Enrichr--Queries","ATF3,KCNMA1,DLX3,DLX4,EGR3,IL1B,LOXL2,TFAP2A,DKK1,SERPINB8,COL2A1,HOXD10,MOCOS,PGF,LHX2,CEBPD,IRX3,IFITM3,EBF3,BCL11A,CADPS2,NR4A3,TGFBI,SIX2,KLF15,ALDH1A3"
"DEG_LD_SW480","596","0.424499999999999988","MNX1","MNX1","26","293","0.000613599999999999953","0.00144000000000000009069","2.1389999999999998","Enrichr--Queries","ATF3,SHOX2,PPARG,GPRC5C,DLX4,EGR3,KIF26B,LOXL2,EEF1A2,TFAP2A,VGF,RIPPLY3,COL2A1,HOXD13,HOXD11,HOXD10,MOCOS,LHX2,IRX3,SOX2,EBF3,BCL11B,CADPS2,SIX2,TGFBR3,ALDH1A3"
"DEG_LD_SW480","597","0.425200000000000022","ZNF57","ZNF57","26","293","0.000613599999999999953","0.00144000000000000009069","2.1389999999999998","Enrichr--Queries","ATF3,EXPH5,PPARG,FBXO32,UPP1,IFI27,BST2,HYAL1,LOXL2,CNTN1,RND3,NAMPT,SYTL2,FLRT3,SERPINB8,GPNMB,PGF,CEBPD,IFITM3,PDK4,ARRDC4,ZDHHC11,IFI6,CADPS2,TGFBR3,OAS1"
"DEG_LD_SW480","598","0.425900000000000001","ATOH1","ATOH1","26","294","0.000645199999999999962","0.00151000000000000005745","2.1309999999999998","Enrichr--Queries","ATF3,PPARG,EGLN3,FBXO32,ADGRV1,EPAS1,EGR3,NPNT,TFAP2A,SPOCK1,CHGB,HOXD13,MOCOS,ATP8A1,DACH1,LHX2,CEBPD,IRX3,SOX2,EBF3,BCL11B,BCL11A,FCGBP,CADPS2,EFNA5,CDH11"
"DEG_LD_SW480","599","0.426599999999999979","ZNF155","ZNF155","26","294","0.000645199999999999962","0.00151000000000000005745","2.1309999999999998","Enrichr--Queries","ATF3,ZNF239,DMD,ERO1B,ZNF681,ATXN1,DEPP1,EGR3,HYAL1,ARHGEF3,GNAI1,LOXL2,ZNF93,AUTS2,SERPINB8,ZNF117,GPNMB,ZNF331,PGF,CEBPD,ZNF502,ZNF737,IFI6,CADPS2,SELENOP,TGFBR3"
"DEG_LD_SW480","600","0.427400000000000002","HOXA6","HOXA6","26","295","0.000678200000000000005","0.00158000000000000002422","2.1230000000000002","Enrichr--Queries","ATF3,SHOX2,HOXC11,HEY1,RORA,PRRX1,EGR3,KIF26B,LOXL2,EEF1A2,TFAP2A,AUTS2,VDR,HS3ST3B1,LFNG,SERPINB8,COL2A1,HOXD13,HOXD11,HOXD10,DACH1,IRX3,EBF3,BCL11A,NR4A3,TGFBI"
"DEG_LD_SW480","601","0.428099999999999981","ZNF350","ZNF350","26","295","0.000678200000000000005","0.00158000000000000002422","2.1230000000000002","Enrichr--Queries","ATF3,ABCA1,RORA,FBXO32,EPAS1,RAB27B,BST2,CTSK,NEDD9,LOXL2,CNTN1,DKK1,SYTL2,ANXA1,SERPINB8,ZNF117,GPNMB,ZNF331,DUSP10,PTPN13,IFITM1,ARRDC4,BCL11A,IFI6,NT5E,TGFBR3"
"DEG_LD_SW480","602","0.428800000000000014","ONECUT1","ONECUT1","26","295","0.000678200000000000005","0.00158000000000000002422","2.1230000000000002","Enrichr--Queries","ATF3,SHOX2,NGFR,PPARG,SLC7A2,RORA,EPAS1,EGR3,IGF1,KIF26B,LOXL2,CACNA1E,TFAP2A,GNG4,COL2A1,LHX2,CEBPD,IRX3,SOX2,PDK4,EBF3,BCL11B,BCL11A,CADPS2,SIX2,PDE10A"
"DEG_LD_SW480","603","0.429499999999999993","PHOX2B","PHOX2B","26","295","0.000678200000000000005","0.00158000000000000002422","2.1230000000000002","Enrichr--Queries","SHOX2,NGFR,KCNMA1,RORA,PRRX1,EGR3,RTN1,CACNA1E,TFAP2A,SYT1,CRMP1,SOX14,HOXD13,HOXD11,HOXD10,LHX2,IRX3,SOX2,EBF3,BCL11B,BCL11A,ELAVL2,SIX2,ALDH1A3,CDH11,NCAM1"
"DEG_LD_SW480","604","0.430200000000000027","MYF5","MYF5","26","296","0.000712599999999999974","0.00163999999999999996475","2.1150000000000002","Enrichr--Queries","MYL2,ATF3,PPARG,PRRX1,PKHD1,EGR3,IGF1,FGF13,ACTA2,DKK1,SERPINB8,COL2A1,HOXD10,MOCOS,MYBPH,PGF,IRX3,SOX2,RYR1,EDN1,PTGER2,CADPS2,CHRNA1,CDH11,COL6A3,NCAM1"
"DEG_LD_SW480","605","0.430900000000000005","ZNF436","ZNF436","26","296","0.000712599999999999974","0.00163999999999999996475","2.1150000000000002","Enrichr--Queries","ATF3,ABCA1,HEY1,ATXN1,FBXO32,KCTD12,EPAS1,NEDD9,CNTN1,RND3,NAV1,ACTA2,SLC6A6,ANXA1,SERPINB8,PGF,ITPR1,IGFBP7,HMGCS1,CEBPD,PDK4,ARRDC4,SH3PXD2A,LTBP2,TGFBI,TGFBR3"
"DEG_LD_SW480","606","0.431599999999999984","NFIA","NFIA","26","296","0.000712599999999999974","0.00163999999999999996475","2.1150000000000002","Enrichr--Queries","ABCA1,KCNMA1,DMD,RORA,ATXN1,KCTD12,EPAS1,IGF1,CNN3,AUTS2,RERE,NAV1,ALCAM,SERPINB8,ITPR1,CDK6,NBEA,CEBPD,BCL11A,SH3PXD2A,CADPS2,SELENOP,EFNA5,TGFBI,TGFBR3,NCAM1"
"DEG_LD_SW480","607","0.432300000000000018","NR1H4","NR1H4","26","296","0.000712599999999999974","0.00163999999999999996475","2.1150000000000002","Enrichr--Queries","ATF3,ABCA1,SLC7A7,PPARG,AGXT,EPAS1,IGF1,MSMO1,VDR,CNTN1,ACTA2,ACOX2,GJB1,ANXA1,SERPINB8,MOCOS,DAB2,LBP,CEBPD,IFITM3,PDK4,ACSL5,MAOB,MGST1,NT5E,SELENOP"
"DEG_LD_SW480","608","0.432999999999999996","SIX4","SIX4","26","296","0.000712599999999999974","0.00163999999999999996475","2.1150000000000002","Enrichr--Queries","ATF3,ABCA1,FASN,SLC7A2,RORA,FBXO32,MDK,EPAS1,SERTAD4,LOXL2,COL5A2,CNTN1,ACTA2,RBM24,SERPINB8,CKB,PGF,CDK6,BNC2,IRX3,SOX2,CADPS2,EFNA5,TGFBI,TGFBR3,ALDH1A3"
"DEG_LD_SW480","609","0.433800000000000019","HSF5","HSF5","26","296","0.000712599999999999974","0.00163999999999999996475","2.1150000000000002","Enrichr--Queries","ATF3,HEY1,KCNMA1,FSTL4,RORA,STK31,ATXN1,LRP2,EPAS1,EGR3,LOXL2,LYL1,SERPINB8,MOCOS,GRAP2,GRB10,MACC1,BCL11B,BCL11A,EDN1,PTGER2,FCGBP,CADPS2,NR4A3,ELAVL2,CDH13"
"DEG_LD_SW480","610","0.434499999999999997","NFATC1","NFATC1","26","296","0.000712599999999999974","0.00163999999999999996475","2.1150000000000002","Enrichr--Queries","ATF3,ABCA1,RORA,ATXN1,ITGB2,EPAS1,EGR3,ARHGEF3,NEDD9,CD74,CD82,LOXL2,AUTS2,LFNG,SERPINB8,GRB10,CDK6,CEBPD,TIAM1,BCL11B,BCL11A,SH3PXD2A,NR4A3,TGFBI,NFKBIZ,TGFBR3"
"DEG_LD_SW480","611","0.435199999999999976","ZNF23","ZNF23","26","296","0.000712599999999999974","0.00163999999999999996475","2.1150000000000002","Enrichr--Queries","ATF3,ABCA1,FASN,HEY1,KCNMA1,RORA,ATXN1,FBXO32,EPAS1,NEDD9,CNTN1,ALCAM,SYTL2,SERPINB8,GRB10,F2R,PGF,ITPR1,ASNS,PDK4,PTGDS,ARRDC4,BCL11A,ALDOC,CADPS2,KLF15"
"DEG_LD_SW480","612","0.435900000000000010","ZNF783","ZNF783","26","297","0.000748599999999999982","0.00168000000000000006967","2.1070000000000002","Enrichr--Queries","ATF3,FASN,RORA,ATXN1,ZNF512B,UPP1,SLC43A1,LOXL2,AUTS2,CNTN1,RERE,SYTL2,LFNG,ANXA1,SERPINB8,GRB10,COL27A1,PGF,ASNS,PLEKHG4,CEBPD,BCL11A,ALDOC,CADPS2,LTBP2,NFKBIZ"
"DEG_LD_SW480","613","0.436599999999999988","HES7","HES7","26","297","0.000748599999999999982","0.00168000000000000006967","2.1070000000000002","Enrichr--Queries","ATF3,NGFR,HEY1,PPARG,EGLN3,MDK,UPP1,EPAS1,EGR3,HYAL1,KIF26B,LOXL2,TFAP2A,ISG20,VGF,NR1D1,LFNG,CKB,PGF,CEBPD,IRX3,IFITM3,IFITM1,BCL11A,EDN1,NR4A3"
"DEG_LD_SW480","614","0.437300000000000022","ZNF287","ZNF287","26","297","0.000748599999999999982","0.00168000000000000006967","2.1070000000000002","Enrichr--Queries","ATF3,ABCA1,KCNMA1,ZNF239,RORA,LDLRAD4,ZNF711,EPAS1,NEDD9,KIF5C,AUTS2,NAV1,SYTL2,SERPINB8,GPNMB,ATP8A1,PGF,CDK6,NBEA,ZNF502,ARRDC4,BCL11A,IFI6,CADPS2,LTBP2,NR4A3"
"DEG_LD_SW480","615","0.438000000000000000","ZNF284","ZNF284","26","297","0.000748599999999999982","0.00168000000000000006967","2.1070000000000002","Enrichr--Queries","ATF3,ZNF239,DMD,RORA,ZNF429,FBXO32,ZNF610,PAG1,ARHGEF3,LOXL2,SYTL2,LFNG,SERPINB8,ZNF117,GPNMB,ZNF107,ZNF331,NBEA,ZNF763,ZNF502,ZNF737,PDK4,ARRDC4,MATN2,CADPS2,TGFBR3"
"DEG_LD_SW480","616","0.438699999999999979","DUXA","DUXA","26","297","0.000748599999999999982","0.00168000000000000006967","2.1070000000000002","Enrichr--Queries","FLG2,ATF3,ZNF486,DMD,RORA,KANK4,TRIM58,EGR3,PCLO,CD82,LOXL2,TFAP2A,MUC16,FMN1,TET1,PRUNE2,MITF,CACNG8,MACC1,SOX2,BCL11A,RYR1,RYR2,NTM,CDH23,TRPV4"
"DEG_LD_SW480","617","0.439500000000000002","FOSL1","FOSL1","26","297","0.000748599999999999982","0.00168000000000000006967","2.1070000000000002","Enrichr--Queries","ATF3,FASN,PPARG,UPP1,TM4SF1,EREG,EGR3,IL1A,IL1B,PLAT,LOXL2,ISG20,CNTN1,RND3,NAMPT,DKK1,ANXA1,SERPINB8,PGF,CEBPD,EDN1,NT5E,NR4A3,TGFBI,NFKBIZ,ALDH1A3"
"DEG_LD_SW480","618","0.440199999999999980","PAX5","PAX5","26","297","0.000748599999999999982","0.00168000000000000006967","2.1070000000000002","Enrichr--Queries","ATF3,SHOX2,ABCA1,KCNMA1,PPARG,CHST3,RORA,ITGB2,EGR3,IGF1,IL1B,CD74,CACNA1E,RASGRP3,AUTS2,ISG20,CDK6,LHX2,SOX2,EBF3,TIAM1,BCL11B,BCL11A,CADPS2,NR4A3,NCAM1"
"DEG_LD_SW480","619","0.440900000000000014","TBR1","TBR1","26","297","0.000748599999999999982","0.00168000000000000006967","2.1070000000000002","Enrichr--Queries","SHOX2,ACHE,JPH3,KCNMA1,RORA,OLFM1,KCNQ2,EGR3,KIRREL3,PCOLCE,RTN1,CACNA1E,SYT1,VGF,SERPINB8,NBEA,LHX2,SOX2,EBF3,TSHZ3,STXBP1,BCL11B,BCL11A,CADPS2,NR4A3,ELAVL2"
"DEG_LD_SW480","620","0.441599999999999993","EGR2","EGR2","26","297","0.000748599999999999982","0.00168000000000000006967","2.1070000000000002","Enrichr--Queries","ATF3,ABCA1,PPARG,EPAS1,EGR3,IGF1,IL1B,NEDD9,CD74,PLAT,CNTN1,RND3,ACTA2,ANXA1,SERPINB8,GPNMB,OLFML3,DUSP10,CEBPD,IFITM3,PDK4,EDN1,MATN2,NR4A3,TGFBI,NFKBIZ"
"DEG_LD_SW480","621","0.442300000000000026","HOXA5","HOXA5","26","297","0.000748599999999999982","0.00168000000000000006967","2.1070000000000002","Enrichr--Queries","ATF3,PPARG,PRRX1,EPAS1,EGR3,GNAI1,PLAT,TFAP2A,RND3,ACTA2,ANXA1,SERPINB8,OLFML3,CEBPD,IRX3,SOX2,PDK4,GNG11,EDN1,ALDOC,MATN2,SELENOP,TGFBI,TGFBR3,ALDH1A3,CDH11"
"DEG_LD_SW480","622","0.443000000000000005","MSGN1","MSGN1","26","297","0.000748599999999999982","0.00168000000000000006967","2.1070000000000002","Enrichr--Queries","HES7,ATF3,NAPSA,TMEM40,KCNG1,DYSF,EPAS1,KIF26B,CD82,LOXL2,LFNG,ANXA1,SERPINB8,MOCOS,PGF,DUSP10,VWF,NLGN1,SOX2,BCL11B,BCL11A,EDN1,EFNA5,CDH23,TGFBI,ALDH1A3"
"DEG_LD_SW480","623","0.443699999999999983","ZNF671","ZNF671","26","297","0.000748599999999999982","0.00168000000000000006967","2.1070000000000002","Enrichr--Queries","ATF3,KCNMA1,FBXO32,DEPP1,ZNF610,RASSF2,KCTD12,BST2,ARHGEF3,NEDD9,ZNF93,AUTS2,ISG20,SYTL2,ST3GAL5,ANXA1,SERPINB8,GPNMB,ZNF331,ASNS,TSHZ3,BCL11A,MATN2,IFI6,CADPS2,SELENOP"
"DEG_LD_SW480","624","0.444400000000000017","ATF3","ATF3","26","297","0.000748599999999999982","0.00168000000000000006967","2.1070000000000002","Enrichr--Queries","ABCA1,FASN,UPP1,EPAS1,EGR3,IL1B,NEDD9,CD74,ISG20,CNTN1,RND3,ACTA2,NAMPT,ANXA1,SERPINB8,GPNMB,ASNS,DUSP10,CEBPD,IFITM3,IFITM1,PDK4,EDN1,NR4A3,TGFBI,NFKBIZ"
"DEG_LD_SW480","625","0.445199999999999985","ZNF701","ZNF701","26","298","0.000786099999999999972","0.00176000000000000006266","2.0990000000000002","Enrichr--Queries","ATF3,ZNF273,ABCA1,ZNF486,RORA,ZNF681,ZNF680,ZNF429,ZNF610,EPAS1,PAG1,NEDD9,ZNF92,ZNF93,MAML2,SYTL2,ANXA1,SERPINB8,ZNF117,ZNF107,ZNF331,PGF,CDK6,HMGCS1,ZNF737,ARRDC4"
"DEG_LD_SW480","626","0.445900000000000019","TIGD6","TIGD6","26","298","0.000786099999999999972","0.00176000000000000006266","2.0990000000000002","Enrichr--Queries","ATF3,NAPSA,HEY1,KCNMA1,IL1RAP,ITGB2,UPP1,ADGRV1,HYAL1,ARHGEF3,TANC2,VDR,DKK1,SERPINB8,PGF,CEMIP,CDK6,DUSP10,ABLIM3,SH3PXD2A,EDN1,AKAP6,CADPS2,TGFBR3,NCAM1,MLPH"
"DEG_LD_SW480","627","0.446599999999999997","ZNF620","ZNF620","26","298","0.000786099999999999972","0.00176000000000000006266","2.0990000000000002","Enrichr--Queries","ZNF273,MSI1,SLC16A9,MDK,HERC5,PPP1R3B,ZNF711,MED12L,GREB1,BST2,HYAL1,CLGN,KIF5C,ZNF92,ZNF93,SLAIN1,LFNG,TET1,ZNF107,MAP2K6,MCM7,MACC1,BCL11A,KBTBD8,CADPS2,GDAP1"
"DEG_LD_SW480","628","0.447299999999999975","GTF2IRD2","GTF2IRD2","26","299","0.000825200000000000000","0.00183000000000000002942","2.0920000000000001","Enrichr--Queries","HSPG2,ATF3,PDGFC,GTF2IRD2B,ABCA1,NAPSA,KCNMA1,ATXN1,FBXO32,EPAS1,CTSB,LOXL2,VDR,ST3GAL5,SERPINB8,GPR155,GRB10,ITPR1,ASNS,RABGAP1L,SH3PXD2A,CADPS2,SELENOP,TGFBI,NFKBIZ,TGFBR3"
"DEG_LD_SW480","629","0.448000000000000009","FOXP3","FOXP3","26","299","0.000825200000000000000","0.00183000000000000002942","2.0920000000000001","Enrichr--Queries","ATF3,NAPSA,FASN,PPARG,RORA,ITGB2,TNFRSF18,EGR3,IL1A,IL1B,SELPLG,CD74,VDR,PLEK,CD4,CD7,HAVCR2,PGF,CDK6,NOD2,SOX2,BCL11B,TLR4,CXCR6,BATF,NR4A3"
"DEG_LD_SW480","630","0.448699999999999988","ZNF347","ZNF347","26","299","0.000825200000000000000","0.00183000000000000002942","2.0920000000000001","Enrichr--Queries","ZNF273,ABCA1,ZNF486,RORA,ZNF681,ZNF680,ZNF429,UST,ZNF610,PAG1,LOXL2,ZNF93,AUTS2,SERPINB8,ZNF117,ZNF107,GPR155,ZNF331,DAB2,CDK6,NBEA,BNC2,ZNF502,ZNF737,BCL11A,CADPS2"
"DEG_LD_SW480","631","0.449400000000000022","GFI1","GFI1","26","299","0.000825200000000000000","0.00183000000000000002942","2.0920000000000001","Enrichr--Queries","ATF3,PPARG,RORA,ITGB2,UPP1,EGR3,IL1B,CD74,ISG20,PLEK,CYTIP,PRKCQ,ANXA1,SERPINB8,F2R,CDK6,CEBPD,IFITM3,IFITM1,BCL11B,BCL11A,BATF,CMPK2,NR4A3,NFKBIZ,TGFBR3"
"DEG_LD_SW480","632","0.450100000000000000","ZFP41","ZFP41","26","299","0.000825200000000000000","0.00183000000000000002942","2.0920000000000001","Enrichr--Queries","ATF3,NGFR,NAPSA,FASN,EGLN3,DAB2IP,ATXN1,FBXO32,HYAL1,SORCS2,LOXL2,BAHCC1,VDR,NAV1,SERPINB8,GRB10,COL27A1,F2R,PGF,ITPR1,CDK6,MCM7,NECTIN1,ARRDC4,TIAM1,MCF2L"
"DEG_LD_SW480","633","0.450900000000000023","EVX1","EVX1","25","289","0.001098000000000000018","0.00243999999999999989467","2.0800000000000001","Enrichr--Queries","FZD10,ATF3,SHOX2,NGFR,EGLN3,DLX3,EGR3,LOXL2,EEF1A2,CACNA1E,TFAP2A,DKK1,LFNG,COL2A1,HOXD13,HOXD11,HOXD10,LHX2,IRX3,SOX2,EBF3,BCL11A,EDN1,EFNA5,SIX2"
"DEG_LD_SW480","634","0.451600000000000001","PROP1","PROP1","25","292","0.001266999999999999897","0.00279999999999999997155","2.0560000000000000","Enrichr--Queries","UNC5A,ATF3,PPARG,ATP12A,DLX3,EPAS1,EGR3,IL1B,LOXL2,FGF13,SERPINB8,HOXD13,HOXD10,MOCOS,ESRRB,LHX2,CEBPD,SOX2,PDK4,EDN1,MATN2,CADPS2,NR4A3,TGFBI,KLF15"
"DEG_LD_SW480","635","0.452299999999999980","ZNF486","ZNF486","25","292","0.001266999999999999897","0.00279999999999999997155","2.0560000000000000","Enrichr--Queries","CLDN1,ZNF273,ABCA1,ZNF681,ZNF429,HERC5,TM4SF1,ZNF93,CNN3,ISG20,SHROOM4,ANXA1,SERPINB8,GPNMB,ZNF107,F2R,IGFBP7,ZNF737,IFITM3,IFITM1,SLC44A2,IFI6,TGFBI,NFKBIZ,TGFBR3"
"DEG_LD_SW480","636","0.453000000000000014","VAX1","VAX1","25","292","0.001266999999999999897","0.00279999999999999997155","2.0560000000000000","Enrichr--Queries","ATF3,SHOX2,HOXC11,DLX3,PRRX1,EGR3,MKX,KIF26B,CACNA1E,TFAP2A,SLIT3,COL2A1,HOXD13,HOXD11,HOXD10,LHX2,IRX3,SOX2,EBF3,BCL11B,BCL11A,FEZF1,CADPS2,ELAVL2,SIX2"
"DEG_LD_SW480","637","0.453699999999999992","FOXR2","FOXR2","25","293","0.001327999999999999970","0.00291999999999999985262","2.0489999999999999","Enrichr--Queries","ATF3,AADAT,SLC16A2,UPP1,LRP2,EPAS1,SORCS2,LOXL2,CAPN6,SPOCK1,FLRT3,TTPA,SERPINB8,GPNMB,GABRA3,MOCOS,NMNAT2,DACH1,SOX2,TENM1,EDN1,CADPS2,ELAVL2,TGFBR3,VAT1L"
"DEG_LD_SW480","638","0.454400000000000026","NRL","NRL","25","293","0.001327999999999999970","0.00291999999999999985262","2.0489999999999999","Enrichr--Queries","ATF3,SHOX2,NAPSA,PPARG,RORA,OLFM1,DLX3,EGR3,LOXL2,KIF5C,VDR,NR1D1,TET1,SERPINB8,COL2A1,MOCOS,MITF,PGF,ESRRB,LHX2,CEBPD,SOX2,BCL11A,CADPS2,NR4A3"
"DEG_LD_SW480","639","0.455100000000000005","ESX1","ESX1","25","294","0.001391000000000000092","0.00305000000000000019360","2.0409999999999999","Enrichr--Queries","ATF3,HEY1,DLX3,PRRX1,PRRX2,EGR3,CRTAC1,KIF26B,LOXL2,TFAP2A,FGF13,AFF2,SOX14,PLAC1,COL2A1,HOXD13,HOXD11,MOCOS,GRB10,ESRRB,LHX2,IRX3,SOX2,ELAVL2,CDH13"
"DEG_LD_SW480","640","0.455799999999999983","PRDM14","PRDM14","25","294","0.001391000000000000092","0.00305000000000000019360","2.0409999999999999","Enrichr--Queries","ATF3,EGLN3,UPP1,LRP2,PTPRZ1,WFDC2,KIF26B,KIF5C,CACNA1E,CNMD,ACOXL,TET1,COL2A1,ECEL1,MOCOS,NMNAT2,SALL4,ESRRB,SOX2,BCL11B,BCL11A,CAMKV,CADPS2,EFNA5,ELAVL2"
"DEG_LD_SW480","641","0.456600000000000006","CDX2","CDX2","25","294","0.001391000000000000092","0.00305000000000000019360","2.0409999999999999","Enrichr--Queries","ATF3,PPARG,GPRC5C,DLX3,LRP2,PRRX1,EPAS1,LOXL2,TFAP2A,VDR,DKK1,PRR15,COL2A1,HOXD13,HOXD11,HOXD10,CKB,DACH1,CDK6,CEBPD,IRX3,SOX2,BCL11B,BCL11A,TGFBI"
"DEG_LD_SW480","642","0.457299999999999984","CRX","CRX","25","295","0.001456999999999999962","0.00318000000000000010089","2.0339999999999998","Enrichr--Queries","HSPG2,ATF3,ABCA1,NAPSA,PPARG,RORA,PTPRZ1,IGF1,LOXL2,TFAP2A,VDR,TET1,COL2A1,MOCOS,DACH1,MITF,PGF,ESRRB,LHX2,CEBPD,SOX2,CADPS2,CHRNB4,TGFBI,CADPS"
"DEG_LD_SW480","643","0.458000000000000018","SIM1","SIM1","25","295","0.001456999999999999962","0.00318000000000000010089","2.0339999999999998","Enrichr--Queries","SHOX2,KCNMA1,RORA,PRRX1,SPON1,EPAS1,IGF1,MKX,KIF26B,TFAP2A,SERPINB8,HOXD10,NMNAT2,DACH1,MITF,LHX2,CPM,EBF3,CADPS2,EFNA5,ELAVL2,SIX2,TGFBR3,ALDH1A3,CDH11"
"DEG_LD_SW480","644","0.458699999999999997","ZNF91","ZNF91","25","295","0.001456999999999999962","0.00318000000000000010089","2.0339999999999998","Enrichr--Queries","ABCA1,KCTD12,SH3BGRL,CNTN1,RND3,ACTA2,ALCAM,SYTL2,ANXA1,SERPINB8,ZNF117,GPNMB,ZNF107,CKB,DACH1,F2R,DAB2,NBEA,HMGCS1,CEBPD,IFITM3,IFI6,SELENOP,TGFBI,TGFBR3"
"DEG_LD_SW480","645","0.459399999999999975","CEBPB","CEBPB","25","296","0.001526000000000000013","0.00326999999999999990327","2.0259999999999998","Enrichr--Queries","ATF3,ABCA1,ITGB2,UPP1,NPC2,EPAS1,CTSB,IL1B,CD74,ISG20,CNTN1,RND3,NAMPT,ANXA1,SERPINB8,GPNMB,CKB,IGFBP7,ASNS,CEBPD,IFITM3,IFITM1,MGST1,TGFBI,NFKBIZ"
"DEG_LD_SW480","646","0.460100000000000009","ZNF569","ZNF569","25","296","0.001526000000000000013","0.00326999999999999990327","2.0259999999999998","Enrichr--Queries","ATF3,ABCA1,B3GALNT1,KCNMA1,RORA,ZNF680,ZNF711,SERTAD4,ZNF92,ZNF93,RND3,ACTA2,SSPN,ANXA1,SERPINB8,ZNF107,ZNF331,F2R,RAB30,ITPR1,ASNS,CDK6,VGLL3,CADPS2,DOCK4"
"DEG_LD_SW480","647","0.460799999999999987","ZNF804B","ZNF804B","25","296","0.001526000000000000013","0.00326999999999999990327","2.0259999999999998","Enrichr--Queries","KCNMA1,DMD,RORA,ADGRV1,LRP2,PKHD1,PCLO,SORCS2,KIF26B,CACNA1E,AUTS2,SYT1,CNTN1,AFF2,DACH1,NBEA,NLGN1,RYR2,TENM1,AKAP6,CADPS2,NTM,CDH13,CADPS,PDE10A"
"DEG_LD_SW480","648","0.461500000000000021","HES1","HES1","25","296","0.001526000000000000013","0.00326999999999999990327","2.0259999999999998","Enrichr--Queries","ATF3,ABCA1,HEY1,EGLN3,TM4SF1,EPAS1,EGR3,NEDD9,PLAT,CNN3,CNTN1,RND3,ACTA2,ALCAM,ANXA1,SERPINB8,CKB,IGFBP7,CDK6,CEBPD,IFITM3,SOX2,EDN1,TGFBI,NFKBIZ"
"DEG_LD_SW480","649","0.462299999999999989","KLF11","KLF11","25","296","0.001526000000000000013","0.00326999999999999990327","2.0259999999999998","Enrichr--Queries","ATF3,ABCA1,EGLN3,RORA,FBXO32,KCTD12,EPAS1,NEDD9,CNTN1,RND3,NAMPT,NR1D1,ANXA1,SERPINB8,ASNS,CDK6,DUSP10,CEBPD,PDK4,ARRDC4,EDN1,NR4A3,TGFBI,NFKBIZ,TGFBR3"
"DEG_LD_SW480","650","0.463000000000000023","ZNF827","ZNF827","25","296","0.001526000000000000013","0.00326999999999999990327","2.0259999999999998","Enrichr--Queries","PDGFC,ABCA1,RORA,ATXN1,FBXO32,NEDD9,KIF26B,TANC2,AUTS2,RERE,NAV1,MAML2,ALCAM,SYTL2,SERPINB8,GRB10,ITPR1,CDK6,NBEA,CEBPD,BCL11B,BCL11A,SH3PXD2A,CADPS2,TGFBR3"
"DEG_LD_SW480","651","0.463700000000000001","ZNF267","ZNF267","25","296","0.001526000000000000013","0.00326999999999999990327","2.0259999999999998","Enrichr--Queries","ATF3,EIF5,FASN,UPP1,HERC5,IL1B,ZNF92,ISG20,PLEK,RND3,NAMPT,ANXA1,SERPINB8,ZNF107,DUSP10,CEBPD,IFITM1,IFI6,KBTBD8,CMPK2,NR4A3,TGFBI,DOCK4,NFKBIZ,OAS1"
"DEG_LD_SW480","652","0.464399999999999979","ARID5B","ARID5B","25","296","0.001526000000000000013","0.00326999999999999990327","2.0259999999999998","Enrichr--Queries","ATF3,PDGFC,ABCA1,RORA,ATXN1,FBXO32,EPAS1,ARHGEF3,NEDD9,CNTN1,RND3,ALCAM,NAMPT,ANXA1,SERPINB8,ITPR1,DAB2,CDK6,CEBPD,IFITM3,IFITM1,EDN1,TGFBI,NFKBIZ,TGFBR3"
"DEG_LD_SW480","653","0.465100000000000013","TEF","TEF","25","296","0.001526000000000000013","0.00326999999999999990327","2.0259999999999998","Enrichr--Queries","ATF3,ABCA1,NAPSA,FASN,SLC7A2,DAB2IP,RORA,FBXO32,EPAS1,CNTN1,NR1D1,SLC6A6,SERPINB8,CKB,PGF,ITPR1,HMGCS1,CEBPD,IFITM3,PDK4,ALDOC,SELENOP,TGFBI,KLF15,TGFBR3"
"DEG_LD_SW480","654","0.465799999999999992","JUN","JUN","25","296","0.001526000000000000013","0.00326999999999999990327","2.0259999999999998","Enrichr--Queries","ATF3,ABCA1,EPAS1,EGR3,CTSB,IL1B,NEDD9,CD74,CNN3,CNTN1,RND3,NAMPT,ANXA1,SERPINB8,CKB,F2R,DUSP10,HMGCS1,CEBPD,IFITM3,EDN1,SELENOP,NR4A3,TGFBI,NFKBIZ"
"DEG_LD_SW480","655","0.466500000000000026","PPARA","PPARA","25","296","0.001526000000000000013","0.00326999999999999990327","2.0259999999999998","Enrichr--Queries","ATF3,ABCA1,FASN,PPARG,SLC7A2,RORA,ATXN1,AGXT,EPAS1,IGF1,VDR,CNTN1,CAT,NAMPT,NR1D1,SERPINB8,GRB10,F2R,ITPR1,CDK6,CEBPD,PDK4,MGST1,KLF15,TGFBR3"
"DEG_LD_SW480","656","0.467200000000000004","TFAP2A","TFAP2A","25","296","0.001526000000000000013","0.00326999999999999990327","2.0259999999999998","Enrichr--Queries","CLDN1,ATF3,PPARG,TM4SF1,EPAS1,EGR3,PERP,LOXL2,VDR,RND3,DKK1,ANXA1,SERPINB8,GPNMB,MITF,CDK6,CEBPD,IRX3,SOX2,BCL11A,EDN1,NT5E,EFNA5,TGFBI,ALDH1A3"
"DEG_LD_SW480","657","0.467899999999999983","TPRX1","TPRX1","25","297","0.001598000000000000028","0.00334000000000000008687","2.0190000000000001","Enrichr--Queries","ABCA1,NAPSA,FASN,JPH3,TEX19,DMD,ZNF681,DLX3,TH,PCLO,HYAL1,CD74,LOXL2,MUC16,DKK1,DNAH10,TET1,SERPINB8,TKTL1,RFPL4A,RYR1,EDN1,FCGBP,CDH23,CDH11"
"DEG_LD_SW480","658","0.468700000000000006","PPARD","PPARD","25","297","0.001598000000000000028","0.00334000000000000008687","2.0190000000000001","Enrichr--Queries","HSPG2,ATF3,ABCA1,FASN,PPARG,RORA,ATXN1,FURIN,EPAS1,IL1B,CD82,VDR,CNTN1,NR1D1,SLC6A6,SERPINB8,GRB10,PGF,CEBPD,NECTIN1,TIAM1,SH3PXD2A,EDN1,TGFBI,NFKBIZ"
"DEG_LD_SW480","659","0.469399999999999984","EGR4","EGR4","25","297","0.001598000000000000028","0.00334000000000000008687","2.0190000000000001","Enrichr--Queries","UNC5A,ATF3,KCNMA1,OLFM1,EGR3,LOXL2,CNTN1,RND3,VGF,CRMP1,GNG4,CHGB,NR1D1,SERPINB8,LHX2,ANKRD33B,DUSP10,CEBPD,BCL11B,BCL11A,CX3CL1,EDN1,CADPS2,NR4A3,NFKBIZ"
"DEG_LD_SW480","660","0.470100000000000018","ESR2","ESR2","25","297","0.001598000000000000028","0.00334000000000000008687","2.0190000000000001","Enrichr--Queries","ATF3,ABCA1,FASN,KCNMA1,PPARG,RORA,EPAS1,EGR3,IGF1,IL1A,IL1B,LOXL2,VDR,FGF13,PRKCQ,SLC6A4,ANXA1,SERPINB8,MITF,PGF,CDK6,SOX2,BCL11A,EDN1,CADPS2"
"DEG_LD_SW480","661","0.470799999999999996","MEF2B","MEF2B","25","297","0.001598000000000000028","0.00334000000000000008687","2.0190000000000001","Enrichr--Queries","ATF3,NAPSA,PPARG,RORA,ITGB2,UPP1,SH2B2,SLPI,EGR3,SELPLG,CD74,LOXL2,VDR,ISG20,NR1D1,SERPINB8,GPNMB,PGF,ASNS,CDK6,CEBPD,BCL11A,ALDOC,CDH23,NR4A3"
"DEG_LD_SW480","662","0.471499999999999975","ZNF345","ZNF345","25","297","0.001598000000000000028","0.00334000000000000008687","2.0190000000000001","Enrichr--Queries","ABCA1,YPEL1,RORA,ZNF681,ZNF680,ZNF429,FBXO32,ZNF610,ZNF93,AUTS2,SYTL2,FLRT3,TET1,SERPINB8,ZNF117,ZNF107,ZNF331,ATP8A1,PGF,NBEA,ZNF763,ZNF737,BCL11A,CADPS2,ZMAT1"
"DEG_LD_SW480","663","0.472200000000000009","SOX13","SOX13","25","297","0.001598000000000000028","0.00334000000000000008687","2.0190000000000001","Enrichr--Queries","HSPG2,ATF3,ABCA1,HEY1,EGLN3,DAB2IP,EPAS1,NEDD9,CD82,LOXL2,CNN3,RND3,NAV1,LFNG,SERPINB8,CKB,GRB10,TLE1,DUSP10,CEBPD,IFITM3,SOX2,TGFBI,MCF2L,TGFBR3"
"DEG_LD_SW480","664","0.472899999999999987","ZFHX3","ZFHX3","25","297","0.001598000000000000028","0.00334000000000000008687","2.0190000000000001","Enrichr--Queries","HSPG2,ABCA1,RORA,ATXN1,KCTD12,EPAS1,NEDD9,KIF26B,TANC2,AUTS2,RERE,NAV1,ALCAM,SERPINB8,GRB10,ITPR1,DAB2,CDK6,TIAM1,BCL11B,BCL11A,SH3PXD2A,EFNA5,TGFBI,TGFBR3"
"DEG_LD_SW480","665","0.473600000000000021","GRHL2","GRHL2","25","297","0.001598000000000000028","0.00334000000000000008687","2.0190000000000001","Enrichr--Queries","MYH7B,KCNMA1,EGLN3,EPAS1,TSPAN1,GREB1,WFDC2,PERP,LOXL2,TFAP2A,RND3,SERPINB8,RNF43,BNC2,MACC1,CBLC,SOX2,BCL11B,BCL11A,MPZL2,CADPS2,EFNA5,TGFBI,ALDH1A3,MLPH"
"DEG_LD_SW480","666","0.474399999999999988","SPDEF","SPDEF","25","297","0.001598000000000000028","0.00334000000000000008687","2.0190000000000001","Enrichr--Queries","ATF3,FASN,KCNMA1,PPARG,TM4SF1,EPAS1,TSPAN1,EGR3,GREB1,RAB27B,WFDC2,TFAP2A,ISG20,CAT,SYTL2,LFNG,SERPINB8,CEBPD,VIPR1,SOX2,TIAM1,EDN1,FCGBP,ALDH1A3,MLPH"
"DEG_LD_SW480","667","0.475100000000000022","ZNF605","ZNF605","25","297","0.001598000000000000028","0.00334000000000000008687","2.0190000000000001","Enrichr--Queries","ATF3,DZIP3,ZNF680,ZNF711,SERTAD4,KIF5C,ALCAM,FMN1,SERPINB8,ZNF117,ZNF107,F2R,PGF,RAB30,CDK6,NBEA,PTPN13,ARRDC4,MGST1,BCL11A,VGLL3,CADPS2,STEAP2,TGFBR3,FAM167A"
"DEG_LD_SW480","668","0.475800000000000001","MXD4","MXD4","25","297","0.001598000000000000028","0.00334000000000000008687","2.0190000000000001","Enrichr--Queries","ATF3,ABCA1,FASN,FBXO32,KCTD12,EPAS1,CTSB,NEDD9,CD82,ACTA2,ALCAM,ST3GAL5,LFNG,ANXA1,SERPINB8,CKB,F2R,DAB2,CEBPD,IFITM3,ARRDC4,SH3PXD2A,SELENOP,TGFBI,TGFBR3"
"DEG_LD_SW480","669","0.476499999999999979","RELB","RELB","25","297","0.001598000000000000028","0.00334000000000000008687","2.0190000000000001","Enrichr--Queries","ATF3,ABCA1,FASN,UPP1,BST2,IL1A,IL1B,NEDD9,CD74,CD82,ISG20,CNTN1,RND3,NAMPT,ANXA1,SERPINB8,SLC15A3,CEBPD,IFITM3,IFITM1,EDN1,NR4A3,TGFBI,CASP4,NFKBIZ"
"DEG_LD_SW480","670","0.477200000000000013","NFIL3","NFIL3","25","297","0.001598000000000000028","0.00334000000000000008687","2.0190000000000001","Enrichr--Queries","ATF3,ABCA1,EGLN3,UPP1,SLPI,EPAS1,EGR3,IL1B,NEDD9,CD74,ISG20,CNTN1,RND3,NAMPT,ANXA1,SERPINB8,GPNMB,ASNS,DUSP10,CEBPD,IFITM3,PDK4,NR4A3,TGFBI,NFKBIZ"
"DEG_LD_SW480","671","0.477899999999999991","DDIT3","DDIT3","25","297","0.001598000000000000028","0.00334000000000000008687","2.0190000000000001","Enrichr--Queries","ATF3,ABCA1,FBXO32,UPP1,EGR3,CTSB,IL1B,MSMO1,ISG20,CNTN1,RND3,NAMPT,NR1D1,ANXA1,SERPINB8,GPNMB,ASNS,DUSP10,HMGCS1,CEBPD,IFITM3,EDN1,NR4A3,TGFBI,NFKBIZ"
"DEG_LD_SW480","672","0.478600000000000025","ZNF44","ZNF44","25","298","0.001672000000000000092","0.00348000000000000002040","2.0110000000000001","Enrichr--Queries","ATF3,ZNF273,RORA,ZNF442,ZNF680,ZNF655,ZNF711,ZNF93,MYO15B,SYTL2,ANXA1,SERPINB8,ZNF117,ZNF107,ZNF331,ATP8A1,PGF,ITPR1,ZNF763,ARRDC4,RABGAP1L,BCL11A,EDN1,CADPS2,SELENOP"
"DEG_LD_SW480","673","0.479300000000000004","TCF7","TCF7","25","298","0.001672000000000000092","0.00348000000000000002040","2.0110000000000001","Enrichr--Queries","ATF3,RORA,ITGB2,EPAS1,EGR3,IL1B,ARHGEF3,CD74,CD82,LOXL2,ISG20,CD4,CD7,ANXA1,SERPINB8,PGF,CEBPD,IFITM3,IFITM1,BCL11B,BCL11A,NT5E,SELENOP,TGFBI,TGFBR3"
"DEG_LD_SW480","674","0.480100000000000027","TRAFD1","TRAFD1","25","298","0.001672000000000000092","0.00348000000000000002040","2.0110000000000001","Enrichr--Queries","ATF3,ABCA1,NAPSA,FASN,FBXO6,LGALS9,BST2,CTSB,ARHGEF3,CD74,CD82,ISG20,PLEK,ALCAM,NAMPT,ST3GAL5,SERPINB8,CKB,IFITM3,IFITM1,CMPK2,TGFBI,CASP4,NFKBIZ,OAS1"
"DEG_LD_SW480","675","0.480800000000000005","ZNF823","ZNF823","25","298","0.001672000000000000092","0.00348000000000000002040","2.0110000000000001","Enrichr--Queries","ATF3,ABCA1,ZNF442,PAG1,EGR3,ZNF92,ISG20,RND3,NAMPT,SLC16A14,SERPINB8,PGF,DUSP10,ZNF763,HMGCS1,CEBPD,IFITM1,PDK4,ARRDC4,BCL11A,IFI6,KBTBD8,CADPS2,NFKBIZ,TGFBR3"
"DEG_LD_SW480","676","0.481499999999999984","LYL1","LYL1","25","299","0.001748999999999999904","0.00361999999999999995393","2.0040000000000000","Enrichr--Queries","GMFG,ATF3,ABCA1,NAPSA,SLC7A7,PTAFR,F13A1,ITGB2,RASSF2,KCTD12,BST2,CTSB,IL1B,SELPLG,CD74,PLEK,ANXA1,PLCB2,SLC15A3,CEBPD,IFITM3,IFITM1,ARHGAP45,FES,TGFBI"
"DEG_LD_SW480","677","0.482200000000000017","KLF1","KLF1","25","299","0.001748999999999999904","0.00361999999999999995393","2.0040000000000000","Enrichr--Queries","TFR2,ATF3,NAPSA,ACHE,SLC38A5,ALAS2,ITGB2,SPTB,TRIM58,SLPI,IL1B,SLC43A1,CD74,ISG20,PLEK,LYL1,CAT,PLEK2,F2R,ASNS,MCM7,VWF,CEBPD,IFITM3,CMPK2"
"DEG_LD_SW480","678","0.482899999999999996","TBX21","TBX21","25","299","0.001748999999999999904","0.00361999999999999995393","2.0040000000000000","Enrichr--Queries","ATF3,PPARG,RORA,ITGB2,EGR3,IL1B,SELPLG,CD74,ISG20,PLEK,CD4,CD7,HAVCR2,F2R,SLC15A3,IFITM1,TBC1D10C,SH2D2A,BCL11B,CXCR6,BATF,CMPK2,NLRP3,NR4A3,TGFBR3"
"DEG_LD_SW480","679","0.483599999999999974","GSC2","GSC2","24","290","0.002425000000000000072","0.00500999999999999969663","1.9820000000000000","Enrichr--Queries","FZD10,ATF3,SHOX2,NGFR,JPH3,PPARG,DLX3,DLX4,PRRX1,EGR3,LOXL2,TFAP2A,CRMP1,SOX14,HOXD13,HOXD11,HOXD10,ECEL1,MOCOS,LHX2,IRX3,SOX2,EBF3,RYR2"
"DEG_LD_SW480","680","0.484300000000000008","PAX1","PAX1","24","291","0.002533999999999999794","0.00521000000000000022121","1.9740000000000000","Enrichr--Queries","FZD10,ATF3,SHOX2,PRRX1,EGR3,KIF26B,LOXL2,CACNA1E,TFAP2A,SOX14,SERPINB8,COL2A1,HOXD13,HOXD11,HOXD10,MOCOS,LHX2,IRX3,SOX2,EBF3,BCL11A,EDN3,ELAVL2,SIX2"
"DEG_LD_SW480","681","0.484999999999999987","RAX","RAX","24","291","0.002533999999999999794","0.00521000000000000022121","1.9740000000000000","Enrichr--Queries","FZD10,ATF3,SHOX2,NGFR,DLX3,DLX4,PRRX1,EGR3,LOXL2,CACNA1E,TFAP2A,SOX14,COL2A1,HOXD13,HOXD11,HOXD10,ECEL1,MOCOS,LHX2,IRX3,SOX2,EBF3,FEZF1,SIX2"
"DEG_LD_SW480","682","0.485800000000000010","ZNF69","ZNF69","24","291","0.002533999999999999794","0.00521000000000000022121","1.9740000000000000","Enrichr--Queries","ABCA1,ZNF486,PTGR2,TNFSF15,CD74,ZNF93,AUTS2,SHROOM4,SYTL2,ANXA1,SERPINB8,CKB,F2R,IGFBP7,ZNF763,CEBPD,ZNF737,IFITM3,BCL11A,SLC44A2,EDN1,IFI6,CADPS2,TGFBI"
"DEG_LD_SW480","683","0.486499999999999988","BSX","BSX","24","291","0.002533999999999999794","0.00521000000000000022121","1.9740000000000000","Enrichr--Queries","UNC5A,ATF3,SHOX2,JPH3,RORA,DLX4,PRRX1,GRIK4,KIRREL3,EEF1A2,TFAP2A,SOX14,XKR7,HOXD11,HOXD10,MOCOS,LHX2,IRX3,EBF3,PDE2A,FEZF1,NTM,ELAVL2,SIX2"
"DEG_LD_SW480","684","0.487200000000000022","GCM2","GCM2","24","293","0.002765000000000000097","0.00568000000000000015293","1.9590000000000001","Enrichr--Queries","ATF3,SHOX2,PPARG,RORA,ADGRV1,PRRX1,PKHD1,EGR3,LOXL2,TFAP2A,VDR,ACOXL,CRMP1,SOX14,SERPINB8,HOXD13,HOXD10,MOCOS,NMNAT2,ESRRB,LHX2,SOX2,RYR2,ALDH1A3"
"DEG_LD_SW480","685","0.487900000000000000","IRF1","IRF1","24","294","0.002886999999999999809","0.00587000000000000021760","1.9520000000000000","Enrichr--Queries","ATF3,FASN,ITGB2,UPP1,LGALS9,IFI27,BST2,IL1B,CD74,ISG20,CNTN1,PLEK,NAMPT,ANXA1,SLC15A3,CEBPD,IFITM3,IFITM1,EDN1,CMPK2,TGFBI,CASP4,NFKBIZ,OAS1"
"DEG_LD_SW480","686","0.488599999999999979","LHX1","LHX1","24","294","0.002886999999999999809","0.00587000000000000021760","1.9520000000000000","Enrichr--Queries","ATF3,SHOX2,NGFR,HEY1,KCNMA1,RORA,EGR3,KIF26B,LOXL2,TFAP2A,VGF,DKK1,FLRT3,SERPINB8,SALL4,LHX2,IRX3,SOX2,EBF3,BCL11B,BCL11A,CADPS2,TGFBI,ELAVL2"
"DEG_LD_SW480","687","0.489300000000000013","FEV","FEV","24","294","0.002886999999999999809","0.00587000000000000021760","1.9520000000000000","Enrichr--Queries","UNC5A,ATF3,OLFM1,PRRX1,EGR3,GAL,CRYBA2,LOXL2,RTN1,TFAP2A,VGF,CRMP1,GNG4,SLIT3,CHGB,SLC6A4,COL2A1,HOXD13,HOXD11,HOXD10,MOCOS,NMNAT2,LHX2,SLC26A4"
"DEG_LD_SW480","688","0.489999999999999991","GCM1","GCM1","24","294","0.002886999999999999809","0.00587000000000000021760","1.9520000000000000","Enrichr--Queries","ATF3,ABCA1,OLR1,KCNMA1,PPARG,RORA,DLX3,ATXN1,EPAS1,EGR3,IGF1,IL1B,LOXL2,TFAP2A,ACTA2,NR1D1,ANXA1,SERPINB8,MOCOS,PGF,CEBPD,EDN1,CADPS2,NR4A3"
"DEG_LD_SW480","689","0.490700000000000025","ZNF75D","ZNF75D","24","294","0.002886999999999999809","0.00587000000000000021760","1.9520000000000000","Enrichr--Queries","ATF3,ABCA1,DMD,RORA,ATXN1,FBXO32,RASSF2,SYTL2,ANXA1,SERPINB8,ATP8A1,F2R,PGF,ASNS,DUSP10,CEBPD,PTPN13,IFITM1,BEX4,BCL11A,IFI6,GABRE,CADPS2,OAS1"
"DEG_LD_SW480","690","0.491499999999999992","FOXI2","FOXI2","24","294","0.002886999999999999809","0.00587000000000000021760","1.9520000000000000","Enrichr--Queries","RHBDL3,JPH3,KCNMA1,RORA,SPON1,WFDC2,EEF1A2,CACNA1E,TFAP2A,CNTN1,CRMP1,SERPINB8,RIPPLY3,IGFBP7,CDK6,NBEA,VWF,IRX3,SOX2,EBF3,RYR2,EGFLAM,NTM,CDH13"
"DEG_LD_SW480","691","0.492200000000000026","ZNF83","ZNF83","24","295","0.003014000000000000186","0.00610000000000000038719","1.9450000000000001","Enrichr--Queries","ABCA1,RORA,KCTD12,CTSB,CNTN1,ACTA2,ALCAM,NAMPT,SYTL2,ANXA1,SERPINB8,ZNF117,GPNMB,ZNF331,PGF,DAB2,CEBPD,IFITM1,ARRDC4,IFI6,CADPS2,SELENOP,ZMAT1,NFKBIZ"
"DEG_LD_SW480","692","0.492900000000000005","IRF8","IRF8","24","295","0.003014000000000000186","0.00610000000000000038719","1.9450000000000001","Enrichr--Queries","GMFG,ATF3,SLC7A7,F13A1,ITGB2,LGALS9,KCTD12,BST2,IL1B,SELPLG,CD74,ISG20,PLEK,CYTIP,HAVCR2,ANXA1,GPNMB,SLC15A3,CEBPD,IFITM3,IFITM1,ARHGAP45,TGFBI,NFKBIZ"
"DEG_LD_SW480","693","0.493599999999999983","ZNF514","ZNF514","24","295","0.003014000000000000186","0.00610000000000000038719","1.9450000000000001","Enrichr--Queries","ABCA1,YPEL1,RORA,ZNF711,KCTD12,PAG1,AUTS2,SYTL2,SLC16A14,TET1,SERPINB8,ZNF117,GPNMB,ZNF331,F2R,PGF,ASNS,ARRDC4,BCL11B,BCL11A,IFI6,ZMAT1,NFKBIZ,TGFBR3"
"DEG_LD_SW480","694","0.494300000000000017","FOXI1","FOXI1","24","295","0.003014000000000000186","0.00610000000000000038719","1.9450000000000001","Enrichr--Queries","CLDN1,ATF3,HEY1,KCNMA1,PPARG,DLX3,SLPI,EPAS1,WFDC2,KIF26B,LOXL2,TFAP2A,VDR,DKK1,SERPINB8,SERPINB5,HOXD11,MITF,CEBPD,SOX2,KRT14,CADPS2,NR4A3,ALDH1A3"
"DEG_LD_SW480","695","0.494999999999999996","ZNF493","ZNF493","24","296","0.003144999999999999792","0.00625999999999999993949","1.9379999999999999","Enrichr--Queries","ZNF273,ABCA1,ZNF486,RORA,ZNF681,ZNF680,ZNF429,ADGRV1,ZNF610,PAG1,ZNF92,ZNF93,SYTL2,TET1,ZNF117,ZNF107,ATP8A1,CDK6,NBEA,PTPN13,ZNF737,BCL11A,CADPS2,ZMAT1"
"DEG_LD_SW480","696","0.495699999999999974","ZNF467","ZNF467","24","296","0.003144999999999999792","0.00625999999999999993949","1.9379999999999999","Enrichr--Queries","ATF3,ABCA1,GPRC5C,FBXO32,IFI27,KCTD12,EPAS1,BST2,HYAL1,CD74,CD82,ISG20,ACTA2,ALCAM,LFNG,SERPINB8,CKB,TLE2,CEBPD,IFITM3,IFITM1,SELENOP,TGFBI,NFKBIZ"
"DEG_LD_SW480","697","0.496400000000000008","NR1D2","NR1D2","24","296","0.003144999999999999792","0.00625999999999999993949","1.9379999999999999","Enrichr--Queries","ATF3,ABCA1,EIF5,RORA,FBXO32,EPAS1,CD74,MSMO1,CNTN1,RND3,ALCAM,NAMPT,NR1D1,ANXA1,SERPINB8,ITPR1,HMGCS1,CEBPD,IFITM3,PDK4,CADPS2,SELENOP,NFKBIZ,TGFBR3"
"DEG_LD_SW480","698","0.497199999999999975","TP73","TP73","24","296","0.003144999999999999792","0.00625999999999999993949","1.9379999999999999","Enrichr--Queries","HSPG2,ATF3,NGFR,FASN,KCNMA1,PPARG,RORA,KCNQ2,EPAS1,EGR3,LOXL2,EEF1A2,TFAP2A,VDR,LFNG,F2R,CDK6,MCM7,CEBPD,SOX2,BCL11B,BCL11A,SH3PXD2A,MCF2L"
"DEG_LD_SW480","699","0.497900000000000009","SIX5","SIX5","24","296","0.003144999999999999792","0.00625999999999999993949","1.9379999999999999","Enrichr--Queries","HSPG2,ATF3,ABCA1,FASN,GPRC5C,MDK,EPHB4,EPAS1,EGR3,HYAL1,LOXL2,LFNG,SERPINB8,GPNMB,CKB,TLE2,PGF,CEBPD,IRX3,IFITM3,SH3PXD2A,LTBP2,TGFBI,TGFBR3"
"DEG_LD_SW480","700","0.498599999999999988","ZNF19","ZNF19","24","296","0.003144999999999999792","0.00625999999999999993949","1.9379999999999999","Enrichr--Queries","ATF3,CFAP69,EXPH5,ABCA1,KCNMA1,ZNF239,RORA,ZNF681,ATXN1,FBXO32,ZNF610,NEDD9,AUTS2,NAV1,SYTL2,SERPINB8,ZNF117,PGF,ITPR1,DUSP10,ARRDC4,TIAM2,TLR3,CADPS2"
"DEG_LD_SW480","701","0.499300000000000022","SMAD1","SMAD1","24","296","0.003144999999999999792","0.00625999999999999993949","1.9379999999999999","Enrichr--Queries","ATF3,ABCA1,PPARG,RORA,ATXN1,EPAS1,NEDD9,CNN3,CNTN1,RND3,NAMPT,ANXA1,SERPINB8,GRB10,TLE1,F2R,DAB2,CDK6,CEBPD,IFITM3,BCL11A,SELENOP,TGFBI,NFKBIZ"
"DEG_LD_SW480","702","0.500000000000000000","ZSCAN5A","ZSCAN5A","24","296","0.003144999999999999792","0.00625999999999999993949","1.9379999999999999","Enrichr--Queries","ATF3,NAPSA,KCNMA1,SLCO3A1,RORA,UST,EGR3,ARHGEF3,NEDD9,AUTS2,ISG20,SPOCK1,XYLT1,LFNG,SERPINB8,PGF,CDK6,HMGCS1,BCL11B,BCL11A,TMCC3,EDN1,CADPS2,TGFBR3"
"DEG_LD_SW480","703","0.500700000000000034","CREB3L2","CREB3L2","24","296","0.003144999999999999792","0.00625999999999999993949","1.9379999999999999","Enrichr--Queries","ATF3,ABCA1,ATXN1,EPAS1,NEDD9,LOXL2,CNN3,COL5A2,CNTN1,RND3,ALCAM,SLC6A6,ANXA1,SERPINB8,F2R,ITPR1,IGFBP7,DAB2,CDK6,CEBPD,SH3PXD2A,NT5E,TGFBI,TGFBR3"
"DEG_LD_SW480","704","0.501399999999999957","FOXO1","FOXO1","24","296","0.003144999999999999792","0.00625999999999999993949","1.9379999999999999","Enrichr--Queries","ATF3,ABCA1,PPARG,EGLN3,RORA,ATXN1,FBXO32,KCTD12,EPAS1,EGR3,IGF1,ARHGEF3,NEDD9,CNTN1,SERPINB8,ITPR1,CDK6,CEBPD,PDK4,BCL11B,BCL11A,SELENOP,TGFBI,TGFBR3"
"DEG_LD_SW480","705","0.502099999999999991","TEAD2","TEAD2","24","296","0.003144999999999999792","0.00625999999999999993949","1.9379999999999999","Enrichr--Queries","HSPG2,ATF3,MDK,EPHB4,TM4SF1,PLAT,LOXL2,PCOLCE,CNN3,COL5A2,ACTA2,SERPINB8,CKB,GRB10,F2R,PGF,DAB2,MCM7,IFITM3,MGST1,FBLN1,TGFBI,CDH11,COL6A3"
"DEG_LD_SW480","706","0.502800000000000025","GLIS2","GLIS2","24","297","0.003281000000000000062","0.00634999999999999974187","1.9310000000000000","Enrichr--Queries","HSPG2,ATF3,PDGFC,PRRX1,MXRA8,EPAS1,LOXL2,PCOLCE,CNN3,COL5A2,CNTN1,NAV1,ACTA2,DKK3,SERPINB8,CKB,F2R,PGF,IGFBP7,SH3PXD2A,LTBP2,TGFBI,CDH11,COL6A3"
"DEG_LD_SW480","707","0.503600000000000048","NPAS4","NPAS4","24","297","0.003281000000000000062","0.00634999999999999974187","1.9310000000000000","Enrichr--Queries","UNC5A,ATF3,KCNMA1,OLFM1,EPAS1,EGR3,KIF26B,LOXL2,RND3,VGF,GNG4,NR1D1,SERPINB8,WFS1,ANKRD33B,BCL11B,PDE2A,CX3CL1,MATN2,CADPS2,NR4A3,CDH13,VAT1L,PDE10A"
"DEG_LD_SW480","708","0.504299999999999971","ZNF254","ZNF254","24","297","0.003281000000000000062","0.00634999999999999974187","1.9310000000000000","Enrichr--Queries","ATF3,ZNF273,ZNF486,PELI2,RORA,ZNF681,ZNF680,ZNF429,QKI,MYO1D,ZNF92,ZNF93,ALCAM,TET1,SERPINB8,ZNF117,ZNF107,CDK6,NBEA,DUSP10,HMGCS1,ZNF737,RABGAP1L,CADPS2"
"DEG_LD_SW480","709","0.505000000000000004","ZNF568","ZNF568","24","297","0.003281000000000000062","0.00634999999999999974187","1.9310000000000000","Enrichr--Queries","ABCA1,ZNF486,KCNMA1,DMD,RORA,ZNF681,ZNF429,ZNF610,LOXL2,ZNF93,AUTS2,MAML2,SYTL2,SERPINB8,ZNF117,ZNF331,ITPR1,CDK6,NBEA,ZNF502,ZNF737,RYR2,CADPS2,NCAM1"
"DEG_LD_SW480","710","0.505700000000000038","ZKSCAN4","ZKSCAN4","24","297","0.003281000000000000062","0.00634999999999999974187","1.9310000000000000","Enrichr--Queries","ATF3,ABCA1,HEY1,PELI2,RORA,ATXN1,FBXO32,HYAL1,ARHGEF3,NEDD9,LOXL2,RERE,RND3,NR1D1,TET1,SERPINB8,TLE1,PGF,CEBPD,SLC46A3,BCL11A,SH3PXD2A,CADPS2,DTX4"
"DEG_LD_SW480","711","0.506399999999999961","CDX1","CDX1","24","297","0.003281000000000000062","0.00634999999999999974187","1.9310000000000000","Enrichr--Queries","ATF3,MYH7B,PPARG,GPA33,RORA,DLX3,UPP1,USH1C,PRRX2,EPAS1,TSPAN1,WFDC2,CD74,TFAP2A,VDR,CKB,NOTUM,PGF,LHX2,IFITM3,SOX2,FCGBP,CADPS2,TGFBI"
"DEG_LD_SW480","712","0.507099999999999995","ZNF607","ZNF607","24","297","0.003281000000000000062","0.00634999999999999974187","1.9310000000000000","Enrichr--Queries","ZNF486,ZNF239,RORA,ZNF681,ZNF680,ZNF429,ZNF610,ZNF711,ARHGEF3,PNPLA3,KIF5C,ZNF93,TFAP2A,SLAIN1,TET1,SERPINB8,ZNF107,ZNF331,ZNF763,ZNF502,ZNF737,BCL11A,CADPS2,TGFBR3"
"DEG_LD_SW480","713","0.507800000000000029","ZBTB10","ZBTB10","24","297","0.003281000000000000062","0.00634999999999999974187","1.9310000000000000","Enrichr--Queries","ATF3,ABCA1,HEY1,PELI2,EGLN3,RORA,ATXN1,FBXO32,PAG1,EGR3,NEDD9,AUTS2,CNTN1,RND3,ALCAM,NAMPT,SERPINB8,GRB10,CDK6,DUSP10,SESTD1,NR4A3,NFKBIZ,TGFBR3"
"DEG_LD_SW480","714","0.508499999999999952","ZNF250","ZNF250","24","297","0.003281000000000000062","0.00634999999999999974187","1.9310000000000000","Enrichr--Queries","ATF3,ABCA1,FASN,HEY1,PELI2,RORA,FBXO32,UPP1,EPAS1,NEDD9,KIF26B,LOXL2,AUTS2,RND3,HUNK,SERPINB8,F2R,PGF,ASNS,MCM7,VWF,CEBPD,BCL11A,CADPS2"
"DEG_LD_SW480","715","0.509299999999999975","NFKB2","NFKB2","24","297","0.003281000000000000062","0.00634999999999999974187","1.9310000000000000","Enrichr--Queries","ATF3,ABCA1,FASN,ITGB2,UPP1,BST2,IL1A,IL1B,CD74,CD82,ISG20,CNTN1,PLEK,NAMPT,ANXA1,SERPINB8,CEBPD,IFITM3,IFITM1,EDN1,NR4A3,TGFBI,CASP4,NFKBIZ"
"DEG_LD_SW480","716","0.510000000000000009","ATF5","ATF5","24","297","0.003281000000000000062","0.00634999999999999974187","1.9310000000000000","Enrichr--Queries","ATF3,ABCA1,NAPSA,FASN,EPAS1,BST2,CTSB,CD74,ISG20,CNTN1,ACTA2,CAT,ANXA1,SERPINB8,GPNMB,CKB,ASNS,HMGCS1,CEBPD,IFITM3,PDK4,MGST1,SELENOP,TGFBI"
"DEG_LD_SW480","717","0.510700000000000043","ZNF140","ZNF140","24","297","0.003281000000000000062","0.00634999999999999974187","1.9310000000000000","Enrichr--Queries","ATF3,EIF5,RORA,ZNF681,ZNF680,ATXN1,QKI,UPP1,ZNF711,ZNF92,ZNF93,AUTS2,NAMPT,SERPINB8,ZNF107,ZNF331,PGF,ASNS,CDK6,DUSP10,HMGCS1,CEBPD,IFI6,CADPS2"
"DEG_LD_SW480","718","0.511399999999999966","ZNF219","ZNF219","24","297","0.003281000000000000062","0.00634999999999999974187","1.9310000000000000","Enrichr--Queries","HSPG2,ATF3,ABCA1,FASN,ARRB1,MDK,EPAS1,CD82,EEF1A2,ACTA2,SERPINB8,CKB,TLE2,F2R,PGF,CDK6,MCM7,HMGCS1,CEBPD,IFITM3,BCL11A,IFI6,LTBP2,TGFBI"
"DEG_LD_SW480","719","0.512100000000000000","ELF4","ELF4","24","297","0.003281000000000000062","0.00634999999999999974187","1.9310000000000000","Enrichr--Queries","ATF3,ABCA1,ITGB2,RASSF2,EPAS1,BST2,CTSB,NEDD9,CD74,LOXL2,ISG20,PLEK,LASP1,ANXA1,SERPINB8,DAB2,CDK6,CEBPD,IFITM3,IFITM1,TLR4,TGFBI,CASP4,NFKBIZ"
"DEG_LD_SW480","720","0.512800000000000034","ZNF329","ZNF329","24","297","0.003281000000000000062","0.00634999999999999974187","1.9310000000000000","Enrichr--Queries","ATF3,ABCA1,RORA,UPP1,HERC5,KCTD12,EGR3,ARHGEF3,NEDD9,COL5A2,RND3,SYTL2,ANXA1,SERPINB8,ZNF331,TLE1,PGF,ASNS,CDK6,NBEA,ARRDC4,BCL11B,IFI6,CADPS2"
"DEG_LD_SW480","721","0.513499999999999956","BATF3","BATF3","24","297","0.003281000000000000062","0.00634999999999999974187","1.9310000000000000","Enrichr--Queries","ATF3,FASN,PPARG,ITGB2,UPP1,EGR3,BST2,IL1B,CD74,ISG20,CNTN1,PLEK,ANXA1,SERPINB8,PGF,SLC15A3,CEBPD,IFITM3,IFITM1,BATF,CMPK2,NR4A3,TGFBI,CASP4"
"DEG_LD_SW480","722","0.514199999999999990","STAT5A","STAT5A","24","297","0.003281000000000000062","0.00634999999999999974187","1.9310000000000000","Enrichr--Queries","ATF3,ABCA1,FASN,PPARG,ITGB2,LGALS9,EPAS1,BST2,IL1B,CD74,CD82,VDR,ISG20,PLEK,NAMPT,ANXA1,SERPINB8,SLC15A3,CEBPD,IFITM3,IFITM1,TGFBI,NFKBIZ,TGFBR3"
"DEG_LD_SW480","723","0.515000000000000013","ZNF395","ZNF395","24","297","0.003281000000000000062","0.00634999999999999974187","1.9310000000000000","Enrichr--Queries","ATF3,ABCA1,EGLN3,ATXN1,EPAS1,NEDD9,LOXL2,CNTN1,TMEM45A,NAMPT,SLC6A6,ANXA1,SERPINB8,ANKRD37,GRB10,CDK6,HMGCS1,CEBPD,IFITM3,PDK4,EDN1,ALDOC,TGFBI,TGFBR3"
"DEG_LD_SW480","724","0.515700000000000047","TAL1","TAL1","24","297","0.003281000000000000062","0.00634999999999999974187","1.9310000000000000","Enrichr--Queries","ATF3,SHE,PPARG,F13A1,PTPRB,ALAS2,ITGB2,SPTB,EPAS1,EGR3,IGF1,CD74,PLEK,LYL1,ANXA1,F2R,VWF,CEBPD,IFITM3,EBF3,BCL11A,GNG11,SELENOP,TGFBI"
"DEG_LD_SW480","725","0.516399999999999970","POU3F4","POU3F4","24","297","0.003281000000000000062","0.00634999999999999974187","1.9310000000000000","Enrichr--Queries","HEY1,DMD,MSI1,RORA,ADGRV1,PTPRZ1,SPON1,SORCS2,LOXL2,SYT1,CNTN1,ALCAM,GABRA3,DACH1,LHX2,CACNG4,KCNJ10,SOX2,TENM1,CADPS2,NR4A3,ELAVL2,CDH11,PDE10A"
"DEG_LD_SW480","726","0.517100000000000004","TFEB","TFEB","24","297","0.003281000000000000062","0.00634999999999999974187","1.9310000000000000","Enrichr--Queries","ATF3,ABCA1,NAPSA,PPFIBP2,SLCO3A1,RORA,ATXN1,ITGB2,DYSF,RASSF2,KCTD12,EPAS1,CD74,CD82,ISG20,LFNG,SERPINB8,CKB,MITF,CEBPD,TMCC3,TSC22D4,ARHGAP45,TGFBI"
"DEG_LD_SW480","727","0.517800000000000038","ZSCAN5B","ZSCAN5B","24","298","0.003422000000000000128","0.00651999999999999975409","1.9239999999999999","Enrichr--Queries","ATF3,NAPSA,MMP19,ATP12A,STK31,UPP1,ADGRV1,PKHD1,TG,LOXL2,NR1D1,SERPINB8,MOCOS,SALL4,TDRD12,LBP,VWF,SOX2,RYR1,RYR2,EDN1,ALDOC,FCGBP,CADPS2"
"DEG_LD_SW480","728","0.518499999999999961","NFKB1","NFKB1","24","298","0.003422000000000000128","0.00651999999999999975409","1.9239999999999999","Enrichr--Queries","RNASE1,ATF3,ABCA1,FASN,PPARG,ITGB2,EPAS1,CTSB,IL1A,IL1B,VDR,ISG20,CNTN1,NAMPT,ANXA1,SERPINB8,CDK6,CEBPD,IFITM3,EDN1,TLR4,NR4A3,TGFBI,NFKBIZ"
"DEG_LD_SW480","729","0.519199999999999995","ZBTB46","ZBTB46","24","298","0.003422000000000000128","0.00651999999999999975409","1.9239999999999999","Enrichr--Queries","ATF3,ABCA1,GPRC5C,DAB2IP,SLCO3A1,RORA,ATXN1,FURIN,KCNQ2,EPAS1,MOGAT3,KIF26A,EEF1A2,NAV1,LFNG,SERPINB8,GRB10,PGF,ANKRD33B,PDE2A,SLC44A2,SH3PXD2A,TGFBI,MCF2L"
"DEG_LD_SW480","730","0.519900000000000029","ZNF554","ZNF554","24","298","0.003422000000000000128","0.00651999999999999975409","1.9239999999999999","Enrichr--Queries","ATF3,EXPH5,HEY1,YPEL1,ERO1B,RORA,FBXO32,DEPP1,PAG1,HYAL1,LOXL2,SERPINB8,GPR155,ATP8A1,TLE2,PGF,ITPR1,ASNS,NBEA,CPM,THSD4,CORO6,CADPS2,ARHGAP45"
"DEG_LD_SW480","731","0.520700000000000052","ZNF2","ZNF2","24","298","0.003422000000000000128","0.00651999999999999975409","1.9239999999999999","Enrichr--Queries","ATF3,ABCA1,NAPSA,HEY1,EGLN3,RORA,ATXN1,FBXO32,CD82,RERE,RND3,ST3GAL5,NR1D1,SERPINB8,GPR155,PGF,CDK6,CPM,DUSP10,ARRDC4,BCL11A,NR4A3,NFKBIZ,TGFBR3"
"DEG_LD_SW480","732","0.521399999999999975","ZNF385A","ZNF385A","24","298","0.003422000000000000128","0.00651999999999999975409","1.9239999999999999","Enrichr--Queries","ATF3,ABCA1,NAPSA,PTAFR,ITGB2,KCTD12,EPAS1,CTSB,CD74,CD82,ISG20,ACTA2,LFNG,ANXA1,SERPINB8,GPNMB,CKB,PGF,CEBPD,IFITM3,PDK4,IFI6,TGFBI,OAS1"
"DEG_LD_SW480","733","0.522100000000000009","ZNF606","ZNF606","24","298","0.003422000000000000128","0.00651999999999999975409","1.9239999999999999","Enrichr--Queries","ATF3,ABCA1,RORA,ZNF680,ZNF429,DEPP1,ZNF610,ZNF711,NEDD9,ZNF93,AUTS2,ALCAM,SYTL2,ANXA1,SERPINB8,ZNF117,GPNMB,ZNF107,ZNF331,PGF,NBEA,PTPN13,BCL11A,CADPS2"
"DEG_LD_SW480","734","0.522800000000000042","ASCL2","ASCL2","24","298","0.003422000000000000128","0.00651999999999999975409","1.9239999999999999","Enrichr--Queries","ATF3,PPARG,EGLN3,ITGB2,IFI27,EPAS1,EGR3,BST2,LOXL2,VDR,ISG20,ACTA2,LFNG,ANXA1,SERPINB8,CKB,CEBPD,IRX3,IFITM3,IFITM1,BCL11B,EDN1,TGFBI,OAS1"
"DEG_LD_SW480","735","0.523499999999999965","ZNF211","ZNF211","24","298","0.003422000000000000128","0.00651999999999999975409","1.9239999999999999","Enrichr--Queries","ATF3,ABCA1,HEY1,UPP1,EPAS1,ARHGEF3,NEDD9,ISG20,SYTL2,ST3GAL5,SERPINB8,ZNF117,ZNF331,PGF,ITPR1,ASNS,NBEA,DUSP10,HMGCS1,ARRDC4,IFI6,CADPS2,NFKBIZ,TGFBR3"
"DEG_LD_SW480","736","0.524199999999999999","ZNF772","ZNF772","24","298","0.003422000000000000128","0.00651999999999999975409","1.9239999999999999","Enrichr--Queries","ABCA1,DMD,RORA,ZNF681,ZNF680,ZC4H2,ZNF429,ZNF610,AUTS2,NAV1,UNC13A,TET1,SERPINB8,ZNF117,ZNF107,ZNF331,PGF,CDK6,NBEA,CPM,MACC1,ZNF737,ARRDC4,CADPS2"
"DEG_LD_SW480","737","0.524900000000000033","ZNF648","ZNF648","24","298","0.003422000000000000128","0.00651999999999999975409","1.9239999999999999","Enrichr--Queries","ATF3,KCNMA1,DAB2IP,OLFM1,DYSF,PRRX1,NKAIN1,KIF26B,CD82,LOXL2,CACNA1E,CNTN1,NAV1,XYLT1,DKK1,DUSP10,BCL11A,RYR2,CADPS2,NTM,EFNA5,SIX2,CDH13,COL6A3"
"DEG_LD_SW480","738","0.525599999999999956","ZBTB32","ZBTB32","24","299","0.003567999999999999991","0.00676000000000000038358","1.9170000000000000","Enrichr--Queries","ATF3,NAPSA,FASN,ACAP1,UPP1,TNFRSF18,EGR3,IL1B,PERP,CD74,ISG20,PLEK,CYTIP,SYTL3,IFITM3,IFITM1,SH2D2A,BCL11A,EDN1,NT5E,BATF,CMPK2,NR4A3,NFKBIZ"
"DEG_LD_SW480","739","0.526399999999999979","ZNF546","ZNF546","24","299","0.003567999999999999991","0.00676000000000000038358","1.9170000000000000","Enrichr--Queries","ATF3,PDGFC,EGLN3,ATXN1,ZNF429,SERTAD4,SYTL2,FMN1,SERPINB8,ZNF117,ZNF596,ZNF107,F2R,PGF,CDK6,NBEA,CPM,ZNF763,TSHZ2,CADPS2,EFNA5,ZMAT1,PDE3B,TGFBR3"
"DEG_LD_SW480","740","0.527100000000000013","IRF4","IRF4","24","299","0.003567999999999999991","0.00676000000000000038358","1.9170000000000000","Enrichr--Queries","ATF3,ABCA1,FASN,PPARG,RORA,ITGB2,RASSF2,EPAS1,EGR3,IL1B,SELPLG,CD74,RASGRP3,VDR,ISG20,PLEK,CYTIP,GPNMB,CDK6,BCL11A,BATF,NR4A3,TGFBI,NFKBIZ"
"DEG_LD_SW480","741","0.527800000000000047","IRF5","IRF5","24","299","0.003567999999999999991","0.00676000000000000038358","1.9170000000000000","Enrichr--Queries","ATF3,NAPSA,PTAFR,ITGB2,LGALS9,KCTD12,BST2,CTSB,IL1B,SELPLG,CD74,PLEK,HAVCR2,ANXA1,GPNMB,SLC15A3,TREM2,CEBPD,IFITM3,TLR4,ARHGAP45,FES,TGFBI,CASP4"
"DEG_LD_SW480","742","0.528499999999999970","SOX14","SOX14","23","291","0.005106000000000000295","0.00966000000000000018374","1.8850000000000000","Enrichr--Queries","FZD10,ATF3,SHOX2,KCNMA1,RORA,PRRX1,EGR3,CACNA1E,TFAP2A,COL2A1,HOXD11,HOXD10,MOCOS,ESRRB,LHX2,IRX3,SOX2,EBF3,BCL11A,FEZF1,ELAVL2,SIX2,CDH11"
"DEG_LD_SW480","743","0.529200000000000004","HMX2","HMX2","23","292","0.005316999999999999678","0.01000000000000000020817","1.8779999999999999","Enrichr--Queries","ATF3,SHOX2,HOXC11,DLX3,PRRX1,EGR3,LOXL2,TFAP2A,CRMP1,SOX14,COL2A1,HOXD13,HOXD11,HOXD10,MOCOS,LHX2,IRX3,SOX2,EBF3,BCL11B,BCL11A,CADPS2,SIX2"
"DEG_LD_SW480","744","0.529900000000000038","ZNF831","ZNF831","23","292","0.005316999999999999678","0.01000000000000000020817","1.8779999999999999","Enrichr--Queries","RORA,ITGB2,FCGR2A,RASSF2,BSN,KCNQ2,APOBEC3G,ARHGEF3,CACNA1E,PLEK,CD7,SYTL2,PRKCQ,SLC15A3,SLC26A4,TBC1D10C,SH2D2A,BCL11B,EDN3,CXCR6,ARHGAP45,PDE3B,TGFBR3"
"DEG_LD_SW480","745","0.530599999999999961","PHOX2A","PHOX2A","23","293","0.005533999999999999857","0.01039999999999999952260","1.8710000000000000","Enrichr--Queries","ATF3,NGFR,JPH3,KCNMA1,PPARG,OLFM1,PRRX1,EPAS1,EGR3,LOXL2,EEF1A2,TFAP2A,VGF,CRMP1,HOXD13,HOXD10,MOCOS,LHX2,CEBPD,IRX3,SOX2,EBF3,TGFBI"
"DEG_LD_SW480","746","0.531299999999999994","ZNF266","ZNF266","23","293","0.005533999999999999857","0.01039999999999999952260","1.8710000000000000","Enrichr--Queries","ATF3,ABCA1,RORA,ITGB2,CTSB,ACTA2,ALCAM,NAMPT,ANXA1,SERPINB8,GPNMB,ZNF331,PGF,ITPR1,HMGCS1,IFITM3,IFITM1,ACSL5,SLC44A2,IFI6,TGFBI,NFKBIZ,TGFBR3"
"DEG_LD_SW480","747","0.532100000000000017","ZNF14","ZNF14","23","293","0.005533999999999999857","0.01039999999999999952260","1.8710000000000000","Enrichr--Queries","ATF3,ABCA1,FASN,ZNF486,ARHGEF3,CD74,MSMO1,ZNF93,RND3,SHROOM4,SYTL2,ANXA1,SERPINB8,F2R,PGF,HMGCS1,IFITM3,IFITM1,IFI6,CADPS2,TGFBI,NFKBIZ,TGFBR3"
"DEG_LD_SW480","748","0.532800000000000051","FOXA2","FOXA2","23","294","0.005759000000000000230","0.01080000000000000057176","1.8640000000000001","Enrichr--Queries","ATF3,PPARG,GPRC5C,EPAS1,IGF1,WFDC2,LOXL2,TFAP2A,CNTN1,DKK1,FLRT3,ANXA1,SERPINB8,PGF,CEBPD,IRX3,SOX2,BCL11A,EDN1,CADPS2,SELENOP,TGFBI,CDH11"
"DEG_LD_SW480","749","0.533499999999999974","SRY","SRY","23","294","0.005759000000000000230","0.01080000000000000057176","1.8640000000000001","Enrichr--Queries","ATF3,ABCA1,PPARG,RORA,DLX3,PRRX1,PRRX2,EREG,EPAS1,EGR3,LOXL2,CNMD,TFAP2A,VDR,FGF13,DKK1,TET1,SALL4,MITF,CEBPD,SOX2,EDN1,ALDH1A3"
"DEG_LD_SW480","750","0.534200000000000008","ZNF616","ZNF616","23","295","0.005990999999999999798","0.01119999999999999988620","1.8570000000000000","Enrichr--Queries","ATF3,FASN,ZNF239,ZNF680,BST2,ZNF93,RND3,NAV1,ACTA2,FLRT3,ANXA1,SERPINB8,ZNF107,CKB,SALL4,PGF,CDK6,HMGCS1,PTPN13,SLC46A3,ARRDC4,BCL11A,TGFBI"
"DEG_LD_SW480","751","0.534900000000000042","NOBOX","NOBOX","23","295","0.005990999999999999798","0.01119999999999999988620","1.8570000000000000","Enrichr--Queries","ATF3,ABCA1,PPARG,RORA,DLX3,LRP2,PRRX1,PRRX2,PKHD1,LOXL2,PRR15,HOXD10,MOCOS,MITF,PGF,LHX2,CEBPD,SOX2,ARRDC4,CADPS2,EFNA5,ELAVL2,ALDH1A3"
"DEG_LD_SW480","752","0.535599999999999965","ZNF80","ZNF80","23","295","0.005990999999999999798","0.01119999999999999988620","1.8570000000000000","Enrichr--Queries","RORA,IFI27,HYAL1,IL1B,ARHGEF3,LOXL2,PLEK,CYTIP,ANXA1,ZNF117,DUSP10,TBC1D10C,PTGDS,TSHZ2,BCL11B,BCL11A,TENM1,CXCR6,NR4A3,TGFBI,TGFBR3,OAS1,NCAM1"
"DEG_LD_SW480","753","0.536299999999999999","ZNF275","ZNF275","23","296","0.006230000000000000294","0.01149999999999999980571","1.8500000000000001","Enrichr--Queries","ATF3,ABCA1,FASN,KCTD12,PAG1,NEDD9,CNN3,CNTN1,RND3,ANXA1,SERPINB8,F2R,ITPR1,ASNS,CDK6,HMGCS1,IFITM3,PDK4,MGST1,NT5E,TGFBI,PDE3B,TGFBR3"
"DEG_LD_SW480","754","0.537000000000000033","ETV2","ETV2","23","296","0.006230000000000000294","0.01149999999999999980571","1.8500000000000001","Enrichr--Queries","ATF3,NAPSA,HEY1,PPARG,DLX3,UPP1,PRRX2,GREB1,LOXL2,TFAP2A,NR1D1,SERPINB8,COL2A1,CKB,MOCOS,PGF,LHX2,CEBPD,IRX3,IFITM3,SOX2,BCL11B,BCL11A"
"DEG_LD_SW480","755","0.537699999999999956","TCF23","TCF23","23","296","0.006230000000000000294","0.01149999999999999980571","1.8500000000000001","Enrichr--Queries","ATF3,SLC7A2,AGXT,IGF1,IL1B,PLAT,LOXL2,NPNT,CNTN1,NR1D1,SERPINB8,PGF,DAB2,CPM,VWF,CEBPD,PDK4,EDN1,NT5E,MPZL2,FCGBP,CADPS2,KLF15"
"DEG_LD_SW480","756","0.538499999999999979","CREM","CREM","23","296","0.006230000000000000294","0.01149999999999999980571","1.8500000000000001","Enrichr--Queries","ATF3,ABCA1,FASN,RORA,UPP1,EPAS1,EGR3,CTSB,IL1B,NEDD9,CD74,VDR,ISG20,RND3,ALCAM,NAMPT,ANXA1,SERPINB8,DUSP10,CEBPD,IFITM1,NR4A3,NFKBIZ"
"DEG_LD_SW480","757","0.539200000000000013","NR3C1","NR3C1","23","296","0.006230000000000000294","0.01149999999999999980571","1.8500000000000001","Enrichr--Queries","ATF3,ABCA1,PPARG,RORA,ATXN1,KCTD12,EPAS1,IGF1,GNAI1,CNTN1,RND3,CAT,ALCAM,NAMPT,ANXA1,SERPINB8,MITF,ITPR1,DAB2,CDK6,CEBPD,EDN1,TGFBI"
"DEG_LD_SW480","758","0.539900000000000047","DBP","DBP","23","296","0.006230000000000000294","0.01149999999999999980571","1.8500000000000001","Enrichr--Queries","ATF3,ABCA1,NAPSA,FASN,FBXO32,EPAS1,CD74,MSMO1,CHCHD10,ACTA2,NR1D1,SERPINB8,GPNMB,CKB,ITPR1,HMGCS1,CEBPD,IFITM3,PDK4,ALDOC,SELENOP,TGFBI,KLF15"
"DEG_LD_SW480","759","0.540599999999999969","ZNF138","ZNF138","23","296","0.006230000000000000294","0.01149999999999999980571","1.8500000000000001","Enrichr--Queries","ZNF273,DZIP3,ZNF486,SDHAF3,RORA,ZNF681,ZNF680,ZNF429,ZNF655,KRIT1,KIF5C,ZNF92,ZNF93,TET1,SERPINB8,ZNF117,ZNF107,ATP8A1,CDK6,HMGCS1,ZNF737,BCL11A,CADPS2"
"DEG_LD_SW480","760","0.541300000000000003","MBNL2","MBNL2","23","296","0.006230000000000000294","0.01149999999999999980571","1.8500000000000001","Enrichr--Queries","ATF3,ABCA1,RORA,ATXN1,FBXO32,EPAS1,CTSB,NEDD9,CNN3,RND3,ALCAM,NAMPT,ANXA1,SERPINB8,GRB10,ITPR1,DAB2,CDK6,HMGCS1,SH3PXD2A,SELENOP,TGFBI,TGFBR3"
"DEG_LD_SW480","761","0.542000000000000037","TSC22D1","TSC22D1","23","296","0.006230000000000000294","0.01149999999999999980571","1.8500000000000001","Enrichr--Queries","ATF3,ABCA1,FASN,NPC2,EPAS1,CTSB,CD74,MSMO1,CNN3,CNTN1,RND3,ACTA2,ALCAM,ANXA1,SERPINB8,CKB,F2R,IGFBP7,HMGCS1,CEBPD,IFITM3,SELENOP,TGFBI"
"DEG_LD_SW480","762","0.542699999999999960","ZNF703","ZNF703","23","296","0.006230000000000000294","0.01149999999999999980571","1.8500000000000001","Enrichr--Queries","HSPG2,ATF3,ABCA1,FASN,GPRC5C,FBXO32,EPAS1,EGR3,CTSB,NEDD9,LOXL2,TFAP2A,DKK1,LFNG,ANXA1,SERPINB8,CKB,PGF,DUSP10,CEBPD,IRX3,EDN1,TGFBI"
"DEG_LD_SW480","763","0.543399999999999994","ZNF461","ZNF461","23","296","0.006230000000000000294","0.01149999999999999980571","1.8500000000000001","Enrichr--Queries","ATF3,ZNF486,RORA,ZNF442,ZNF681,ZNF680,ZNF429,ZNF610,LOXL2,ZNF92,ZNF93,SERPINB8,ZNF117,ZNF596,ZNF107,ZNF331,ASNS,ZNF502,ZNF501,ZNF737,ARRDC4,KBTBD8,CADPS2"
"DEG_LD_SW480","764","0.544200000000000017","ETS2","ETS2","23","297","0.006478000000000000251","0.01170000000000000033029","1.8440000000000001","Enrichr--Queries","ATF3,ABCA1,UPP1,TM4SF1,EPAS1,CTSB,IL1B,NEDD9,ISG20,CNTN1,RND3,ALCAM,NAMPT,ANXA1,SERPINB8,DUSP10,CEBPD,IFITM3,EDN1,SELENOP,TGFBI,NFKBIZ,TGFBR3"
"DEG_LD_SW480","765","0.544900000000000051","LEUTX","LEUTX","23","297","0.006478000000000000251","0.01170000000000000033029","1.8440000000000001","Enrichr--Queries","ABCA1,HEY1,SLCO3A1,DLX3,KCNQ2,EPAS1,NKAIN1,ANO4,KIF26B,PLB1,LOXL2,ZNF92,MUC16,FMN1,ESRRB,NLGN1,EBF3,RFPL4A,BCL11A,RYR1,FCGBP,NTM,EFNA5"
"DEG_LD_SW480","766","0.545599999999999974","RHOXF2","RHOXF2","23","297","0.006478000000000000251","0.01170000000000000033029","1.8440000000000001","Enrichr--Queries","ATF3,HEY1,DMD,PRAME,ATXN1,PNMA1,LOXL2,CAPN6,TFAP2A,ACTA2,SPANXB1,PRSS2,NR1D1,SERPINB8,DHRS2,IGFBP7,CSAG1,TKTL1,CADPS2,FBLN1,SEM1,TGFBI,COL6A3"
"DEG_LD_SW480","767","0.546300000000000008","ELK3","ELK3","23","297","0.006478000000000000251","0.01170000000000000033029","1.8440000000000001","Enrichr--Queries","HSPG2,ATF3,ABCA1,TM4SF1,KCTD12,EPAS1,NEDD9,PLAT,LOXL2,COL5A2,CNTN1,ACTA2,ANXA1,SERPINB8,F2R,IGFBP7,DAB2,CDK6,CEBPD,IFITM3,GNG11,NT5E,TGFBI"
"DEG_LD_SW480","768","0.547000000000000042","JDP2","JDP2","23","297","0.006478000000000000251","0.01170000000000000033029","1.8440000000000001","Enrichr--Queries","ATF3,ABCA1,UPP1,EPAS1,NEDD9,LOXL2,VDR,CNTN1,RND3,LFNG,ANXA1,SERPINB8,OLFML3,CKB,GRB10,F2R,ASNS,DAB2,CEBPD,IFITM3,EDN1,TGFBI,NFKBIZ"
"DEG_LD_SW480","769","0.547699999999999965","ZNF251","ZNF251","23","297","0.006478000000000000251","0.01170000000000000033029","1.8440000000000001","Enrichr--Queries","ATF3,ATXN1,FBXO32,MDK,EPAS1,LOXL2,AUTS2,SPOCK1,ALCAM,SYTL2,SERPINB8,CKB,GRB10,F2R,PGF,ITPR1,ASNS,CEBPD,IFITM3,ARRDC4,EDN1,MATN2,CADPS2"
"DEG_LD_SW480","770","0.548399999999999999","ZNF615","ZNF615","23","297","0.006478000000000000251","0.01170000000000000033029","1.8440000000000001","Enrichr--Queries","ABCA1,SLC7A2,ZNF680,ZNF429,HERC5,PAG1,SYTL2,ANXA1,SERPINB8,ZNF331,CDK6,HMGCS1,PTPN13,ZNF737,SLC46A3,ARRDC4,BCL11A,IFI6,CADPS2,SELENOP,TGFBI,NFKBIZ,TGFBR3"
"DEG_LD_SW480","771","0.549100000000000033","ZNF585B","ZNF585B","23","297","0.006478000000000000251","0.01170000000000000033029","1.8440000000000001","Enrichr--Queries","ABCA1,ZNF486,ZNF681,ZNF680,ATXN1,ZNF429,FBXO32,PAG1,ZNF93,MAML2,SERPINB8,ZNF117,ZNF107,ZNF331,ATP8A1,CDK6,NBEA,ZNF502,ZNF737,ARRDC4,NT5E,CADPS2,TGFBR3"
"DEG_LD_SW480","772","0.549900000000000055","ZFP30","ZFP30","23","297","0.006478000000000000251","0.01170000000000000033029","1.8440000000000001","Enrichr--Queries","ATF3,ABCA1,EGLN3,RORA,ATXN1,NEDD9,KIF5C,RND3,ALCAM,SERPINB8,GRB10,F2R,PGF,ITPR1,CDK6,NBEA,CPM,ARRDC4,TIAM1,BCL11A,NT5E,CADPS2,NFKBIZ"
"DEG_LD_SW480","773","0.550599999999999978","KLF7","KLF7","23","297","0.006478000000000000251","0.01170000000000000033029","1.8440000000000001","Enrichr--Queries","ATF3,ABCA1,RORA,ATXN1,KCTD12,EPAS1,ARHGEF3,NEDD9,CNTN1,RND3,NAV1,SLC6A6,ANXA1,SERPINB8,F2R,ITPR1,CDK6,DUSP10,CEBPD,SH3PXD2A,EDN1,TGFBI,NFKBIZ"
"DEG_LD_SW480","774","0.551300000000000012","CEBPA","CEBPA","23","297","0.006478000000000000251","0.01170000000000000033029","1.8440000000000001","Enrichr--Queries","ATF3,ABCA1,FASN,PPARG,ITGB2,KCTD12,EPAS1,IGF1,CTSB,CD74,CNTN1,CAT,ANXA1,SERPINB8,GPNMB,IGFBP7,CEBPD,IFITM3,PDK4,MGST1,EDN1,SELENOP,TGFBI"
"DEG_LD_SW480","775","0.552000000000000046","ZXDB","ZXDB","23","297","0.006478000000000000251","0.01170000000000000033029","1.8440000000000001","Enrichr--Queries","ATF3,ABCA1,SLC7A2,DMD,RORA,ATXN1,FBXO32,UST,KCTD12,RND3,MAML2,ALCAM,SERPINB8,DACH1,ITPR1,CDK6,DUSP10,CEBPD,PDK4,EDN1,CADPS2,NFKBIZ,TGFBR3"
"DEG_LD_SW480","776","0.552699999999999969","ZNF582","ZNF582","23","298","0.006734000000000000402","0.01209999999999999964473","1.8370000000000000","Enrichr--Queries","ATF3,ABCA1,NAPSA,ZNF486,KCNMA1,DYSF,ZNF610,EPAS1,LOXL2,ANXA1,SERPINB8,ZNF331,PGF,ZNF763,ZNF502,ZNF501,ZNF737,PDK4,ARRDC4,EDN1,CADPS2,NR4A3,NFKBIZ"
"DEG_LD_SW480","777","0.553400000000000003","HOMEZ","HOMEZ","23","298","0.006734000000000000402","0.01209999999999999964473","1.8370000000000000","Enrichr--Queries","ATF3,ABCA1,NAPSA,FASN,HEY1,EGLN3,RORA,FBXO32,EPAS1,HYAL1,NEDD9,CD82,BAHCC1,VDR,CNTN1,NR1D1,LFNG,SERPINB8,CKB,TLE2,CPM,CADPS2,KLF15"
"DEG_LD_SW480","778","0.554100000000000037","PRDM9","PRDM9","23","298","0.006734000000000000402","0.01209999999999999964473","1.8370000000000000","Enrichr--Queries","ATF3,ABCA1,DMD,EGLN3,RORA,DYSF,ADGRV1,EPAS1,IGF1,HYAL1,LOXL2,CACNA1E,NR1D1,SERPINB8,MOCOS,DUSP10,VWF,BCL11A,TLR4,AKAP6,CADPS2,EFNA5,NR4A3"
"DEG_LD_SW480","779","0.554799999999999960","RXRA","RXRA","23","298","0.006734000000000000402","0.01209999999999999964473","1.8370000000000000","Enrichr--Queries","ATF3,ABCA1,FASN,PPARG,DAB2IP,RORA,ATXN1,EPAS1,CTSB,CD82,VDR,LASP1,CAT,LFNG,ANXA1,SERPINB8,TLE1,CDK6,CEBPD,IFITM3,SH3PXD2A,TGFBI,TGFBR3"
"DEG_LD_SW480","780","0.555599999999999983","ZFAT","ZFAT","23","298","0.006734000000000000402","0.01209999999999999964473","1.8370000000000000","Enrichr--Queries","ATF3,KCNMA1,EGLN3,SLCO3A1,RORA,ATXN1,KIF26B,AUTS2,RERE,XYLT1,ALCAM,SERPINB8,GRB10,TLE1,ITPR1,CDK6,DUSP10,NECTIN1,TIAM1,BCL11A,SH3PXD2A,CADPS2,EFNA5"
"DEG_LD_SW480","781","0.556300000000000017","ZNF613","ZNF613","23","298","0.006734000000000000402","0.01209999999999999964473","1.8370000000000000","Enrichr--Queries","ATF3,ABCA1,ZNF239,OLFM1,ZNF429,FBXO32,HERC5,KIF5C,ZNF93,ISG20,SYTL2,PRKCQ,ST3GAL5,ANXA1,SERPINB8,ZNF107,DUSP10,CEBPD,ARRDC4,EDN1,CADPS2,STEAP1,OAS1"
"DEG_LD_SW480","782","0.557000000000000051","ZNF675","ZNF675","23","298","0.006734000000000000402","0.01209999999999999964473","1.8370000000000000","Enrichr--Queries","ZNF273,ZNF486,RORA,ZNF681,ZNF680,ZNF429,ZNF711,KCTD12,ZNF92,ZNF93,CNTN1,SYTL2,TET1,SERPINB8,ZNF117,ZNF107,ITPR1,CDK6,DUSP10,HMGCS1,ZNF737,NT5E,CADPS2"
"DEG_LD_SW480","783","0.557699999999999974","BATF","BATF","23","299","0.006996999999999999748","0.01250000000000000069389","1.8300000000000001","Enrichr--Queries","GMFG,ATF3,FASN,PTAFR,ITGB2,UPP1,BST2,IL1B,SELPLG,CD74,ISG20,PLEK,CYTIP,HAVCR2,ANXA1,SLC15A3,CEBPD,IFITM3,IFITM1,NLRP3,TGFBI,CASP4,NFKBIZ"
"DEG_LD_SW480","784","0.558400000000000007","ZNF273","ZNF273","23","299","0.006996999999999999748","0.01250000000000000069389","1.8300000000000001","Enrichr--Queries","CLDN1,ATF3,ZNF486,RORA,ZNF681,ZNF680,ZNF429,DBF4,HERC5,LOXL2,ZNF92,ZNF93,SYTL2,TET1,SERPINB8,ZNF117,ZNF107,NBEA,MCM7,HMGCS1,BCL11A,CADPS2,TGFBR3"
"DEG_LD_SW480","785","0.559100000000000041","NFE2","NFE2","23","299","0.006996999999999999748","0.01250000000000000069389","1.8300000000000001","Enrichr--Queries","ATF3,ABCA1,NAPSA,PPARG,F13A1,ALAS2,ITGB2,DYSF,UPP1,SLPI,IL1B,SELPLG,CD74,ISG20,PLEK,LYL1,ANXA1,CEBPD,IFITM3,IFITM1,MGST1,FES,TGFBI"
"DEG_LD_SW480","786","0.559799999999999964","AKNA","AKNA","23","299","0.006996999999999999748","0.01250000000000000069389","1.8300000000000001","Enrichr--Queries","ATF3,ABCA1,NAPSA,ACAP1,ITGB2,RASSF2,SELPLG,CD74,CD82,ISG20,PLEK,CYTIP,LFNG,ANXA1,SERPINB8,PLCB2,ANKRD44,SLC15A3,IFITM3,TBC1D10C,ARHGAP45,TGFBI,NFKBIZ"
"DEG_LD_SW480","787","0.560499999999999998","RHOXF2B","RHOXF2B","23","299","0.006996999999999999748","0.01250000000000000069389","1.8300000000000001","Enrichr--Queries","FAM133A,ABCA1,ACHE,KCNMA1,PRAME,KIAA1549L,LOXL2,CAPN6,AFF2,SPANXB1,MOCOS,DHRS2,CEMIP,LHX2,CSAG1,TKTL1,MAOB,MAGEC2,EDN1,SPTSSB,CADPS2,CPLX1,KRT81"
"DEG_LD_SW480","788","0.561300000000000021","ZNF821","ZNF821","23","299","0.006996999999999999748","0.01250000000000000069389","1.8300000000000001","Enrichr--Queries","ATF3,ABCA1,NAPSA,PPFIBP2,FBXO32,MDK,RASSF2,EGR3,KIF5C,AUTS2,ISG20,RERE,ST3GAL5,LFNG,SERPINB8,CKB,TLE2,PGF,ASNS,VIPR1,SLC22A17,CADPS2,LTBP2"
"DEG_LD_SW480","789","0.562000000000000055","ZNF594","ZNF594","23","299","0.006996999999999999748","0.01250000000000000069389","1.8300000000000001","Enrichr--Queries","ATF3,ABCA1,ZNF239,RORA,ZNF681,ZNF680,ZNF429,ZNF610,HERC5,ZNF711,KIF5C,SYTL2,SERPINB8,ZNF117,ZNF107,PGF,ASNS,NBEA,ZNF763,ZNF737,BCL11A,CADPS2,ZMAT1"
"DEG_LD_SW480","790","0.562699999999999978","FOXE3","FOXE3","22","289","0.009168000000000000801","0.01629999999999999851785","1.8100000000000001","Enrichr--Queries","FZD10,ATF3,DLX3,PRRX1,EGR3,LOXL2,TFAP2A,SOX14,COL2A1,HOXD13,HOXD11,HOXD10,MOCOS,LHX2,IRX3,SOX2,EBF3,TSHZ3,BCL11B,RYR2,SIX2,CDH13"
"DEG_LD_SW480","791","0.563400000000000012","GSX1","GSX1","22","291","0.009879000000000000628","0.01750000000000000166533","1.7960000000000000","Enrichr--Queries","FZD10,ATF3,SHOX2,DLX3,EGR3,TFAP2A,VGF,CRMP1,SOX14,HOXD13,HOXD11,HOXD10,ECEL1,MOCOS,LHX2,IRX3,SOX2,EBF3,BCL11B,BCL11A,ELAVL2,SIX2"
"DEG_LD_SW480","792","0.564100000000000046","ZNF101","ZNF101","22","291","0.009879000000000000628","0.01750000000000000166533","1.7960000000000000","Enrichr--Queries","ATF3,ZNF273,RORA,ACAP1,HERC5,PAG1,APOBEC3G,BST2,ZNF92,ISG20,PLEK,CYTIP,SERPINB8,ZNF107,CEBPD,IFITM1,BCL11B,BCL11A,BTN3A2,IFI6,KBTBD8,ARHGAP45"
"DEG_LD_SW480","793","0.564799999999999969","ZNF682","ZNF682","22","292","0.010250000000000000430","0.01810000000000000150435","1.7900000000000000","Enrichr--Queries","ZNF273,ZNF486,ZNF681,ZNF680,HERC5,KIF5C,ZNF93,AUTS2,SHROOM4,SYTL2,TET1,SERPINB8,ZNF117,ZNF107,ZNF331,F2R,ZNF737,BCL11A,IFI6,CADPS2,ELAVL2,OAS1"
"DEG_LD_SW480","794","0.565500000000000003","VSX1","VSX1","22","294","0.011029999999999999874","0.01949999999999999997224","1.7760000000000000","Enrichr--Queries","ATF3,SHOX2,KCNMA1,ADGRV1,PRRX1,EGR3,LOXL2,CACNA1E,TFAP2A,COL2A1,HOXD13,HOXD10,MOCOS,ESRRB,LHX2,IRX3,SOX2,EBF3,RYR2,CADPS2,NR4A3,CDH13"
"DEG_LD_SW480","795","0.566200000000000037","ZNF100","ZNF100","22","295","0.011429999999999999188","0.02019999999999999920619","1.7700000000000000","Enrichr--Queries","ZNF273,ZNF486,IL1RAP,ZNF681,ZNF680,ZNF429,ZNF711,PAG1,ZNF92,ZNF93,SYTL2,TET1,SERPINB8,ZNF117,ZNF107,ZNF331,MAP2K6,MCM7,ZNF737,ARRDC4,SGO1,PDE3B"
"DEG_LD_SW480","796","0.566999999999999948","ZNF479","ZNF479","22","296","0.011849999999999999423","0.02079999999999999904521","1.7629999999999999","Enrichr--Queries","HEY1,DMD,ZNF681,ZNF680,DYSF,ADGRV1,PCLO,ZNF92,AUTS2,MUC16,NAMPT,SERPINB8,ZNF117,ZNF107,DACH1,NBEA,MACC1,ZNF737,BCL11A,SAA1,CADPS2,NTM"
"DEG_LD_SW480","797","0.567699999999999982","ZNF362","ZNF362","22","296","0.011849999999999999423","0.02079999999999999904521","1.7629999999999999","Enrichr--Queries","HSPG2,ABCA1,FASN,ATXN1,FBXO32,MDK,KCTD12,NEDD9,CNN3,RERE,LASP1,NAV1,SLC6A6,LFNG,SERPINB8,CKB,F2R,HMGCS1,CEBPD,SH3PXD2A,TGFBI,TGFBR3"
"DEG_LD_SW480","798","0.568400000000000016","NR1D1","NR1D1","22","296","0.011849999999999999423","0.02079999999999999904521","1.7629999999999999","Enrichr--Queries","ATF3,ABCA1,NAPSA,FASN,EGLN3,RORA,FBXO32,UPP1,EPAS1,EGR3,CD74,CNTN1,SLC6A6,ANXA1,SERPINB8,GPNMB,CKB,CEBPD,IFITM3,PDK4,NR4A3,TGFBI"
"DEG_LD_SW480","799","0.569100000000000050","HIVEP2","HIVEP2","22","296","0.011849999999999999423","0.02079999999999999904521","1.7629999999999999","Enrichr--Queries","ATF3,ABCA1,RORA,ATXN1,EPAS1,EGR3,ARHGEF3,NEDD9,TANC2,CNTN1,RERE,RND3,ALCAM,NAMPT,ANXA1,SERPINB8,ITPR1,CDK6,DUSP10,NR4A3,DOCK4,NFKBIZ"
"DEG_LD_SW480","800","0.569799999999999973","ZNF565","ZNF565","22","296","0.011849999999999999423","0.02079999999999999904521","1.7629999999999999","Enrichr--Queries","EML1,ATF3,KCNMA1,ZNF239,PELI2,RORA,UPP1,RASSF2,EGR3,SYTL2,SERPINB8,ZNF331,PGF,DUSP10,IRX3,TMCC3,EDN1,MATN2,CADPS2,LTBP2,TGFBI,TGFBR3"
"DEG_LD_SW480","801","0.570500000000000007","ETV5","ETV5","22","297","0.012279999999999999249","0.02139999999999999888423","1.7569999999999999","Enrichr--Queries","ATF3,ABCA1,FASN,HEY1,UPP1,EPAS1,EGR3,CNTN1,RND3,ALCAM,ANXA1,SERPINB8,CKB,ASNS,DAB2,CDK6,HMGCS1,IFITM3,IFITM1,NT5E,TGFBI,TGFBR3"
"DEG_LD_SW480","802","0.571200000000000041","ZFP42","ZFP42","22","297","0.012279999999999999249","0.02139999999999999888423","1.7569999999999999","Enrichr--Queries","PPARG,UPP1,LRP2,EPAS1,BST2,WFDC2,GAL,CNMD,GNG4,DKK1,RBPMS2,TET1,SERPINB8,COL2A1,CKB,SALL4,ESRRB,ASNS,IFITM1,SOX2,BCL11A,ELAVL2"
"DEG_LD_SW480","803","0.571899999999999964","FOSL2","FOSL2","22","297","0.012279999999999999249","0.02139999999999999888423","1.7569999999999999","Enrichr--Queries","ATF3,ABCA1,UPP1,FURIN,EPAS1,EGR3,NEDD9,LOXL2,CNTN1,RND3,ACTA2,ALCAM,NAMPT,ANXA1,SERPINB8,DAB2,DUSP10,CEBPD,IFITM3,NR4A3,TGFBI,NFKBIZ"
"DEG_LD_SW480","804","0.572599999999999998","ZNF426","ZNF426","22","297","0.012279999999999999249","0.02139999999999999888423","1.7569999999999999","Enrichr--Queries","ATF3,ZNF273,ABCA1,ZNF429,FBXO32,HERC5,EGR3,MSMO1,CNTN1,RND3,ANXA1,SERPINB8,ZNF107,ZNF331,F2R,ASNS,CDK6,DUSP10,HMGCS1,NT5E,CADPS2,NFKBIZ"
"DEG_LD_SW480","805","0.573400000000000021","MAFK","MAFK","22","297","0.012279999999999999249","0.02139999999999999888423","1.7569999999999999","Enrichr--Queries","ATF3,ABCA1,FASN,EGLN3,UPP1,FURIN,EPAS1,NEDD9,CNTN1,RND3,NAMPT,NR1D1,LFNG,ANXA1,SERPINB8,PGF,DUSP10,CEBPD,PDK4,EDN1,NR4A3,NFKBIZ"
"DEG_LD_SW480","806","0.574100000000000055","TGIF1","TGIF1","22","297","0.012279999999999999249","0.02139999999999999888423","1.7569999999999999","Enrichr--Queries","ATF3,ABCA1,FBXO32,UPP1,TM4SF1,IL1B,NEDD9,CD74,CNN3,CNTN1,RND3,NAMPT,ANXA1,SERPINB8,ASNS,CDK6,DUSP10,CEBPD,IFITM3,EDN1,TGFBI,NFKBIZ"
"DEG_LD_SW480","807","0.574799999999999978","KLF10","KLF10","22","297","0.012279999999999999249","0.02139999999999999888423","1.7569999999999999","Enrichr--Queries","ATF3,ABCA1,EPAS1,EGR3,CTSB,NEDD9,MSMO1,CNTN1,RND3,NAMPT,ANXA1,SERPINB8,ASNS,DUSP10,HMGCS1,CEBPD,IFITM3,PDK4,ARRDC4,NR4A3,TGFBI,NFKBIZ"
"DEG_LD_SW480","808","0.575500000000000012","ZNF449","ZNF449","22","298","0.012720000000000000404","0.02199999999999999872324","1.7509999999999999","Enrichr--Queries","ATF3,SLC5A3,ABCA1,HEY1,RORA,ATXN1,ZNF711,SERTAD4,RND3,ALCAM,SYTL2,ANXA1,SERPINB8,F2R,ITPR1,ASNS,CDK6,PDK4,SESTD1,CADPS2,ZMAT1,TGFBI"
"DEG_LD_SW480","809","0.576200000000000045","CREBL2","CREBL2","22","298","0.012720000000000000404","0.02199999999999999872324","1.7509999999999999","Enrichr--Queries","ATF3,ABCA1,RORA,ATXN1,FBXO32,ARRB1,KCTD12,EPAS1,ARHGEF3,CAT,ALCAM,SERPINB8,GPNMB,GPR155,MITF,ITPR1,CPM,SLC46A3,PDK4,RABGAP1L,SELENOP,TGFBR3"
"DEG_LD_SW480","810","0.576899999999999968","ZNF20","ZNF20","22","298","0.012720000000000000404","0.02199999999999999872324","1.7509999999999999","Enrichr--Queries","ATF3,ABCA1,HEY1,ZNF442,ATXN1,ZNF429,HERC5,ZNF93,CNN3,ISG20,COL5A2,ACTA2,LFNG,ANXA1,SERPINB8,PGF,ZNF763,CEBPD,BCL11A,SLC44A2,IFI6,CADPS2"
"DEG_LD_SW480","811","0.577600000000000002","KLF3","KLF3","22","298","0.012720000000000000404","0.02199999999999999872324","1.7509999999999999","Enrichr--Queries","ATF3,ABCA1,RORA,ATXN1,EPAS1,PAG1,CTSB,NEDD9,CNN3,RND3,LASP1,ALCAM,NAMPT,SLC6A6,ANXA1,SERPINB8,CDK6,CEBPD,SH3PXD2A,SELENOP,NFKBIZ,TGFBR3"
"DEG_LD_SW480","812","0.578300000000000036","ZNF230","ZNF230","22","298","0.012720000000000000404","0.02199999999999999872324","1.7509999999999999","Enrichr--Queries","ABCA1,ZNF486,RORA,ZNF429,HERC5,NAMPT,LFNG,ANXA1,SERPINB8,ZNF117,ZNF596,GPNMB,ZNF107,ZNF331,PGF,ZNF763,CEBPD,ARRDC4,SH3PXD2A,IFI6,CADPS2,DOCK4"
"DEG_LD_SW480","813","0.579099999999999948","TIGD3","TIGD3","22","298","0.012720000000000000404","0.02199999999999999872324","1.7509999999999999","Enrichr--Queries","ATF3,RHBDL3,NAPSA,EGLN3,MDK,UPP1,BAIAP3,SLPI,EGR3,KIF26B,LOXL2,CNTN1,LFNG,CKB,PGF,LHX2,MCM7,PDK4,MATN2,CADPS2,MCF2L,TGFBR3"
"DEG_LD_SW480","814","0.579799999999999982","SP140","SP140","22","299","0.013180000000000000743","0.02259999999999999856226","1.7440000000000000","Enrichr--Queries","ATF3,NAPSA,FASN,ITGB2,LGALS9,IFI27,BST2,IL1B,SELPLG,CD74,RASGRP3,ISG20,PLEK,CYTIP,SLC15A3,IFITM3,IFITM1,BATF,CMPK2,TGFBI,CASP4,OAS1"
"DEG_LD_SW480","815","0.580500000000000016","SETDB2","SETDB2","22","299","0.013180000000000000743","0.02259999999999999856226","1.7440000000000000","Enrichr--Queries","ATF3,ABCA1,FBXO32,UPP1,KCTD12,PAG1,IL1B,ARHGEF3,CD74,ISG20,NAMPT,SERPINB8,GPNMB,ITPR1,CDK6,HMGCS1,IFITM3,RABGAP1L,TLR3,CADPS2,CMPK2,CASP4"
"DEG_LD_SW480","816","0.581200000000000050","RUNX3","RUNX3","22","299","0.013180000000000000743","0.02259999999999999856226","1.7440000000000000","Enrichr--Queries","ATF3,RORA,ITGB2,RASSF2,EGR3,BST2,IL1B,SELPLG,CD74,LOXL2,ISG20,PLEK,CYTIP,ANXA1,CEBPD,IFITM3,IFITM1,BCL11B,BCL11A,ARHGAP45,NR4A3,TGFBI"
"DEG_LD_SW480","817","0.581899999999999973","GATA1","GATA1","22","299","0.013180000000000000743","0.02259999999999999856226","1.7440000000000000","Enrichr--Queries","TFR2,ATF3,PPARG,F13A1,SLC38A5,ALAS2,SPTB,TRIM58,EPAS1,IL1B,VDR,PLEK,LYL1,PLEK2,GRAP2,F2R,MITF,VWF,CEBPD,SOX2,SELENOP,TGFBI"
"DEG_LD_SW480","818","0.582600000000000007","ZBED1","ZBED1","21","289","0.017119999999999999801","0.02939999999999999905076","1.7210000000000001","Enrichr--Queries","ATF3,ABCA1,FASN,ITGB2,HERC5,BST2,CTSB,ISG20,LASP1,ACTA2,NAMPT,ANXA1,SERPINB8,GPNMB,F2R,CEBPD,IFITM3,IFITM1,ALDOC,IFI6,TGFBI"
"DEG_LD_SW480","819","0.583300000000000041","EVX2","EVX2","21","290","0.017719999999999999640","0.03039999999999999993894","1.7150000000000001","Enrichr--Queries","SHOX2,DLX3,DLX4,PRRX1,EGR3,KIF26B,LOXL2,CACNA1E,TFAP2A,SOX14,COL2A1,HOXD13,HOXD11,HOXD10,LHX2,IRX3,SOX2,EBF3,BCL11A,FEZF1,SIX2"
"DEG_LD_SW480","820","0.583999999999999964","POU4F3","POU4F3","21","291","0.018329999999999999072","0.03130000000000000143219","1.7080000000000000","Enrichr--Queries","ATF3,SHOX2,FSTL4,EGR3,LOXL2,CACNA1E,TFAP2A,CRMP1,SOX14,HOXD11,HOXD10,MOCOS,ESRRB,LHX2,IRX3,SOX2,BCL11B,NTM,CDH23,ELAVL2,SIX2"
"DEG_LD_SW480","821","0.584799999999999986","GSX2","GSX2","21","291","0.018329999999999999072","0.03130000000000000143219","1.7080000000000000","Enrichr--Queries","ATF3,SHOX2,DLX3,DLX4,PRRX1,EGR3,TFAP2A,SOX14,COL2A1,HOXD13,HOXD11,HOXD10,MOCOS,NMNAT2,LHX2,IRX3,SOX2,EBF3,BCL11A,FEZF1,SIX2"
"DEG_LD_SW480","822","0.585500000000000020","FIGLA","FIGLA","21","292","0.018950000000000001565","0.03230000000000000232037","1.7020000000000000","Enrichr--Queries","ATF3,SHOX2,NAPSA,KCNMA1,PPARG,DLX3,EGR3,LOXL2,TFAP2A,CRMP1,SOX14,HOXD13,HOXD11,HOXD10,MOCOS,LHX2,SOX2,CADPS2,EFNA5,NR4A3,ELAVL2"
"DEG_LD_SW480","823","0.586200000000000054","SIX6","SIX6","21","292","0.018950000000000001565","0.03230000000000000232037","1.7020000000000000","Enrichr--Queries","ATF3,JPH3,RORA,PRRX1,LOXL2,TFAP2A,SOX14,COL2A1,HOXD13,HOXD11,HOXD10,MOCOS,LHX2,IRX3,SOX2,EBF3,BCL11B,RYR2,FEZF1,ELAVL2,SIX2"
"DEG_LD_SW480","824","0.586899999999999977","OTX2","OTX2","21","293","0.019589999999999999775","0.03330000000000000320854","1.6960000000000000","Enrichr--Queries","SHOX2,RORA,LRP2,WFDC2,KIF5C,TFAP2A,CRMP1,COL2A1,SALL4,LHX2,IRX3,IFITM1,SOX2,EBF3,BCL11B,BCL11A,CAMKV,FEZF1,CADPS2,ELAVL2,VAT1L"
"DEG_LD_SW480","825","0.587600000000000011","TIGD7","TIGD7","21","293","0.019589999999999999775","0.03330000000000000320854","1.6960000000000000","Enrichr--Queries","ABCA1,ZNF239,ERO1B,ZNF681,HERC5,ZNF711,ACTA2,SYTL2,SLC16A14,SERPINB8,ZNF117,PGF,PARM1,CDK6,HMGCS1,SLC46A3,ARRDC4,BCL11A,CADPS2,TGFBI,NFKBIZ"
"DEG_LD_SW480","826","0.588300000000000045","ASCL4","ASCL4","21","294","0.020250000000000000638","0.03440000000000000002220","1.6890000000000001","Enrichr--Queries","FZD10,KCNMA1,SLC9A2,DLX3,LDLRAD4,EGR3,KIF26B,LOXL2,CACNA1E,TFAP2A,AUTS2,HOXD10,MOCOS,LHX2,PHACTR3,EBF3,EDN3,CADPS2,NR4A3,SIX2,ALDH1A3"
"DEG_LD_SW480","827","0.588999999999999968","ZNF761","ZNF761","21","295","0.020930000000000000687","0.03540000000000000091038","1.6830000000000001","Enrichr--Queries","ATF3,ABCA1,FASN,EGLN3,NEDD9,MSMO1,ZNF92,CNTN1,ALCAM,SLC6A6,ANXA1,SERPINB8,ZNF331,F2R,PGF,ASNS,CDK6,HMGCS1,IFITM3,CADPS2,STEAP1"
"DEG_LD_SW480","828","0.589700000000000002","MYOD1","MYOD1","21","295","0.020930000000000000687","0.03540000000000000091038","1.6830000000000001","Enrichr--Queries","MYL2,ATF3,NGFR,ACHE,PPARG,PRRX1,EPAS1,IGF1,LOXL2,EEF1A2,TFAP2A,VDR,SERPINB8,MYBPH,CEBPD,IRX3,SOX2,PDK4,RYR1,CHRNA1,NR4A3"
"DEG_LD_SW480","829","0.590500000000000025","ZNF296","ZNF296","21","295","0.020930000000000000687","0.03540000000000000091038","1.6830000000000001","Enrichr--Queries","ATF3,ABCA1,NAPSA,FASN,TMC6,UPP1,HERC5,GAL,CHCHD10,ISG20,LFNG,SERPINB8,CKB,MOCOS,CEBPD,TRMT61A,IFITM3,BCL11A,IFI6,ARHGAP45,OAS1"
"DEG_LD_SW480","830","0.591199999999999948","CTCFL","CTCFL","21","296","0.021620000000000000329","0.03599999999999999727995","1.6770000000000000","Enrichr--Queries","ATF3,JPH3,PPARG,EGLN3,ADGRV1,EPAS1,WFDC2,LOXL2,EEF1A2,TFAP2A,PRKCQ,ANXA1,SERPINB8,MOCOS,EIF4E3,SOX2,BCL11A,PDE2A,CADPS2,TGFBI,TGFBR3"
"DEG_LD_SW480","831","0.591899999999999982","ZNF169","ZNF169","21","296","0.021620000000000000329","0.03599999999999999727995","1.6770000000000000","Enrichr--Queries","ATF3,EXPH5,EGLN3,ADGRV1,DNHD1,LOXL2,ZNF92,NAV1,SERPINB8,ZNF117,ZNF331,PGF,CDK6,VIPR1,BCL11A,EDN1,NT5E,CADPS2,NFKBIZ,CDH11,FAM167A"
"DEG_LD_SW480","832","0.592600000000000016","NR5A2","NR5A2","21","296","0.021620000000000000329","0.03599999999999999727995","1.6770000000000000","Enrichr--Queries","ATF3,ABCA1,KCNMA1,PPARG,EGLN3,RORA,EPAS1,KIF26B,VDR,RND3,SERPINB8,DACH1,SALL4,ESRRB,SOX2,PDK4,BCL11A,EDN1,CADPS2,EFNA5,TGFBR3"
"DEG_LD_SW480","833","0.593300000000000050","MYF6","MYF6","21","296","0.021620000000000000329","0.03599999999999999727995","1.6770000000000000","Enrichr--Queries","MYL2,ATF3,PPARG,RORA,FBXO32,PRRX1,IGF1,LMCD1,TCAP,EEF1A2,COL5A2,ACTA2,RBM24,ASB2,SERPINB8,MYBPH,CEBPD,PDK4,RYR1,CHRNA1,COL6A3"
"DEG_LD_SW480","834","0.593999999999999972","TEAD3","TEAD3","21","296","0.021620000000000000329","0.03599999999999999727995","1.6770000000000000","Enrichr--Queries","HSPG2,ATF3,EGLN3,DAB2IP,DYSF,EPHB4,TM4SF1,EPAS1,LOXL2,CNTN1,RND3,ACTA2,ANXA1,SERPINB8,F2R,PGF,CEBPD,IFITM3,EDN1,FBLN1,TGFBI"
"DEG_LD_SW480","835","0.594700000000000006","ZNF699","ZNF699","21","296","0.021620000000000000329","0.03599999999999999727995","1.6770000000000000","Enrichr--Queries","ATF3,ABCA1,RORA,IL1RAP,PAG1,NEDD9,TANC2,FGF13,RND3,ACTA2,MAML2,XYLT1,DKK1,SERPINB8,F2R,ITPR1,CDK6,CEBPD,ARRDC4,CADPS2,TGFBR3"
"DEG_LD_SW480","836","0.595400000000000040","MXI1","MXI1","21","296","0.021620000000000000329","0.03599999999999999727995","1.6770000000000000","Enrichr--Queries","ATF3,ABCA1,EGLN3,RORA,ATXN1,FBXO32,EPAS1,CTSB,MSMO1,CNTN1,RND3,CAT,ALCAM,NAMPT,CKB,ASNS,CEBPD,IFITM3,ALDOC,SELENOP,TGFBI"
"DEG_LD_SW480","837","0.596199999999999952","NFE2L2","NFE2L2","21","296","0.021620000000000000329","0.03599999999999999727995","1.6770000000000000","Enrichr--Queries","ATF3,ABCA1,PPARG,EPAS1,CTSB,IL1B,CD74,CNN3,CNTN1,RND3,CAT,ALCAM,NAMPT,ANXA1,HMGCS1,CEBPD,IFITM3,MGST1,SELENOP,TGFBI,NFKBIZ"
"DEG_LD_SW480","838","0.596899999999999986","ZNF248","ZNF248","21","296","0.021620000000000000329","0.03599999999999999727995","1.6770000000000000","Enrichr--Queries","ATF3,ABCA1,RORA,ATXN1,ARHGEF3,AUTS2,ALCAM,DKK1,TET1,SERPINB8,ATP8A1,PGF,CDK6,NBEA,RABGAP1L,BCL11A,IFI6,CADPS2,SELENOP,NFKBIZ,TGFBR3"
"DEG_LD_SW480","839","0.597600000000000020","TEAD1","TEAD1","21","296","0.021620000000000000329","0.03599999999999999727995","1.6770000000000000","Enrichr--Queries","HSPG2,ATF3,ABCA1,RORA,ATXN1,EPAS1,CNN3,AUTS2,CNTN1,RND3,NAV1,ALCAM,AFAP1,ANXA1,SERPINB8,MITF,CDK6,SH3PXD2A,EFNA5,TGFBI,TGFBR3"
"DEG_LD_SW480","840","0.598300000000000054","ZNF75A","ZNF75A","21","296","0.021620000000000000329","0.03599999999999999727995","1.6770000000000000","Enrichr--Queries","ATF3,DCBLD2,RORA,ZNF681,ZNF680,TFAP2A,ISG20,SYTL2,SERPINB8,ZNF117,GPNMB,ZNF331,ITPR1,ASNS,CDK6,PLEKHG4,ARRDC4,BCL11A,IFI6,CADPS2,NFKBIZ"
"DEG_LD_SW480","841","0.598999999999999977","THAP10","THAP10","21","296","0.021620000000000000329","0.03599999999999999727995","1.6770000000000000","Enrichr--Queries","CLDN1,ATF3,UPP1,DEPP1,IL1B,CLGN,RND3,SPOCK1,DKK1,SYTL2,FLRT3,ANXA1,SERPINB8,MOCOS,PGF,ASNS,MCM7,EDN1,IFI6,CADPS2,ALDH1A3"
"DEG_LD_SW480","842","0.599700000000000011","ZNF34","ZNF34","21","296","0.021620000000000000329","0.03599999999999999727995","1.6770000000000000","Enrichr--Queries","ATF3,HEY1,ZNF239,PELI2,RORA,FBXO32,EGR3,HYAL1,EEF1A2,RERE,SERPINB8,TLE2,F2R,PGF,DUSP10,HMGCS1,CEBPD,MATN2,CADPS2,TGFBI,TGFBR3"
"DEG_LD_SW480","843","0.600400000000000045","ZBED3","ZBED3","21","296","0.021620000000000000329","0.03599999999999999727995","1.6770000000000000","Enrichr--Queries","ATF3,ABCA1,ATXN1,FBXO32,EPAS1,NEDD9,SERTAD4,NAV1,ALCAM,SERPINB8,GRB10,PGF,ASNS,CDK6,NBEA,DUSP10,CEBPD,BCL11A,SH3PXD2A,SELENOP,TGFBR3"
"DEG_LD_SW480","844","0.601099999999999968","ZNF625","ZNF625","21","296","0.021620000000000000329","0.03599999999999999727995","1.6770000000000000","Enrichr--Queries","ZNF273,ZNF486,YPEL1,RORA,ZNF442,ZNF681,ZNF680,ZNF429,ZNF610,ZNF711,MED12L,KIF5C,ZNF93,SERPINB8,ZNF117,ZNF107,ZNF331,ZNF763,ZNF737,TMTC1,CADPS2"
"DEG_LD_SW480","845","0.601899999999999991","ZNF570","ZNF570","21","297","0.022329999999999999155","0.03649999999999999772404","1.6710000000000000","Enrichr--Queries","RORA,ZNF681,ZNF680,ZNF429,ZNF610,HERC5,ZNF711,EPAS1,ZNF93,TET1,SERPINB8,ZNF107,ZNF331,ITPR1,NBEA,DNAJC2,ZNF737,IFI6,CADPS2,STEAP2,LTBP2"
"DEG_LD_SW480","846","0.602600000000000025","ZNF107","ZNF107","21","297","0.022329999999999999155","0.03649999999999999772404","1.6710000000000000","Enrichr--Queries","ATF3,ZNF273,ZNF681,ZNF680,DBF4,HERC5,PAG1,ZNF92,ZNF93,TET1,SERPINB8,ZNF117,ATP8A1,CDK6,MCM7,IFITM1,RABGAP1L,BCL11A,IFI6,CADPS2,OAS1"
"DEG_LD_SW480","847","0.603299999999999947","ZNF487","ZNF487","21","297","0.022329999999999999155","0.03649999999999999772404","1.6710000000000000","Enrichr--Queries","ATF3,ABCA1,KCND3,EGLN3,ATXN1,DYSF,TM4SF1,RAB27B,ARHGEF3,CD82,SERPINB8,GPR155,CSGALNACT1,PGF,CPM,PDK4,CORO6,IFI6,CADPS2,NR4A3,TGFBR3"
"DEG_LD_SW480","848","0.603999999999999981","SOX4","SOX4","21","297","0.022329999999999999155","0.03649999999999999772404","1.6710000000000000","Enrichr--Queries","ATF3,ABCA1,MDK,TM4SF1,EPAS1,NEDD9,CNN3,COL5A2,RND3,ALCAM,ANXA1,SERPINB8,CKB,F2R,IGFBP7,CDK6,HMGCS1,CEBPD,IFITM3,BCL11A,TGFBI"
"DEG_LD_SW480","849","0.604700000000000015","THAP2","THAP2","21","297","0.022329999999999999155","0.03649999999999999772404","1.6710000000000000","Enrichr--Queries","ATF3,SLC5A3,ABCA1,EIF5,RORA,HYAL1,MSMO1,RND3,NAMPT,SLC6A6,TET1,SERPINB8,CDK6,DUSP10,CEBPD,BCL11A,EDN1,KBTBD8,NR4A3,NFKBIZ,GNA13"
"DEG_LD_SW480","850","0.605400000000000049","ETV4","ETV4","21","297","0.022329999999999999155","0.03649999999999999772404","1.6710000000000000","Enrichr--Queries","CLDN1,ATF3,HEY1,MDK,UPP1,TM4SF1,EPAS1,PLAT,LOXL2,CNTN1,ANXA1,SERPINB8,CKB,PGF,ASNS,CDK6,MCM7,IFITM1,NT5E,TGFBI,ALDH1A3"
"DEG_LD_SW480","851","0.606099999999999972","ASCL3","ASCL3","21","297","0.022329999999999999155","0.03649999999999999772404","1.6710000000000000","Enrichr--Queries","ATF3,NGFR,PPARG,ALAS2,AGXT,SLPI,TSPAN1,IGF1,IL1A,IL1B,PLAT,LOXL2,NR1D1,TIMP4,MOCOS,LBP,PDK4,EDN1,CADPS2,NR4A3,TRPV4"
"DEG_LD_SW480","852","0.606800000000000006","ZSCAN2","ZSCAN2","21","297","0.022329999999999999155","0.03649999999999999772404","1.6710000000000000","Enrichr--Queries","ATF3,ABCA1,NAPSA,ATXN1,FBXO32,ARRB1,MDK,PAG1,HYAL1,NEDD9,AUTS2,RERE,NR1D1,TET1,SERPINB8,DACH1,TLE2,PGF,BCL11A,SH3PXD2A,CADPS2"
"DEG_LD_SW480","853","0.607500000000000040","ZIM3","ZIM3","21","297","0.022329999999999999155","0.03649999999999999772404","1.6710000000000000","Enrichr--Queries","FLG2,KANK4,TRIM58,LRP2,IFI27,PKHD1,PCLO,HYAL1,LOXL2,AUTS2,MUC16,SPOCK1,TIMP4,SERPINB8,MOCOS,RYR1,RYR2,FCGBP,CADPS2,NR4A3,ALDH1A3"
"DEG_LD_SW480","854","0.608299999999999952","ZNF256","ZNF256","21","297","0.022329999999999999155","0.03649999999999999772404","1.6710000000000000","Enrichr--Queries","CLDN1,ATF3,RORA,ZNF681,ZNF610,HERC5,ZNF93,AUTS2,RND3,SERPINB8,ZNF107,CKB,ZNF331,ASNS,ZNF502,IFITM1,ARRDC4,BEX4,BCL11A,IFI6,TGFBR3"
"DEG_LD_SW480","855","0.608999999999999986","NR1I3","NR1I3","21","297","0.022329999999999999155","0.03649999999999999772404","1.6710000000000000","Enrichr--Queries","ATF3,C2,FASN,PPARG,AGXT,PPP1R3B,EPAS1,IGF1,HYAL1,ACOX2,CAT,ACOT4,TTPA,NR1D1,GJB1,SERPINB8,LBP,PDK4,MAOB,NT5E,PCP4L1"
"DEG_LD_SW480","856","0.609700000000000020","STAT4","STAT4","21","297","0.022329999999999999155","0.03649999999999999772404","1.6710000000000000","Enrichr--Queries","ATF3,ABCA1,FASN,RORA,ITGB2,RASSF2,IL1B,SELPLG,CD74,ISG20,PLEK,CYTIP,NAMPT,PRKCQ,ANXA1,SERPINB8,IFITM3,IFITM1,NT5E,TGFBI,NFKBIZ"
"DEG_LD_SW480","857","0.610400000000000054","ARID3A","ARID3A","21","297","0.022329999999999999155","0.03649999999999999772404","1.6710000000000000","Enrichr--Queries","ATF3,ABCA1,FASN,EGLN3,RORA,ITGB2,FURIN,EPAS1,CTSB,LOXL2,ISG20,SLC6A6,LFNG,SERPINB8,CKB,CDK6,CEBPD,BCL11A,SH3PXD2A,ARHGAP45,TGFBI"
"DEG_LD_SW480","858","0.611099999999999977","ZNF320","ZNF320","21","297","0.022329999999999999155","0.03649999999999999772404","1.6710000000000000","Enrichr--Queries","ZNF273,ZNF486,ZNF681,ZNF680,ZNF429,ZNF610,PAG1,CTSB,MSMO1,ZNF93,SERPINB8,ZNF117,ZNF107,ZNF331,PGF,CPM,HMGCS1,ZNF737,ARRDC4,ALDOC,CADPS2"
"DEG_LD_SW480","859","0.611800000000000010","ZNF239","ZNF239","21","297","0.022329999999999999155","0.03649999999999999772404","1.6710000000000000","Enrichr--Queries","CLDN1,ATF3,B3GALNT1,SLC16A9,KCTD12,KIF5C,ISG20,CNTN1,RND3,DKK1,SYTL2,ANXA1,SERPINB8,ASNS,MCM7,HMGCS1,EDN1,MATN2,CADPS2,STEAP1,TGFBI"
"DEG_LD_SW480","860","0.612500000000000044","ZNF425","ZNF425","21","297","0.022329999999999999155","0.03649999999999999772404","1.6710000000000000","Enrichr--Queries","ATF3,ABCA1,YPEL1,FBXO32,DEPP1,IFI27,CD82,ISG20,RND3,SDSL,LFNG,ZCWPW1,SERPINB8,PGF,LSMEM1,ASNS,ARRDC4,EDN1,MATN2,IFI6,CADPS2"
"DEG_LD_SW480","861","0.613199999999999967","ZSCAN5C","ZSCAN5C","21","298","0.023060000000000000636","0.03729999999999999982236","1.6650000000000000","Enrichr--Queries","MYH7B,ZNF486,ATP12A,KIAA1549L,PKHD1,AKR1C1,RTN1,COL5A3,PLEK,GJA5,SLC16A14,SERPINB8,ZNF556,LBP,ADAMTS7,IFITM3,COL8A2,TLN2,CYP4X1,BTN3A2,PDE10A"
"DEG_LD_SW480","862","0.613999999999999990","ZNF383","ZNF383","21","298","0.023060000000000000636","0.03729999999999999982236","1.6650000000000000","Enrichr--Queries","CLDN1,ATF3,ABCA1,NAPSA,RORA,ZNF680,ZNF429,FBXO32,ARHGEF3,MSMO1,ISG20,SYTL2,SERPINB8,PGF,RAB30,ASNS,DUSP10,HMGCS1,CEBPD,EDN1,CADPS2"
"DEG_LD_SW480","863","0.614700000000000024","IRF2","IRF2","21","298","0.023060000000000000636","0.03729999999999999982236","1.6650000000000000","Enrichr--Queries","ATF3,ABCA1,FASN,RORA,EPAS1,BST2,CTSB,ARHGEF3,NEDD9,CD74,ISG20,ALCAM,NAMPT,DUSP10,CEBPD,IFITM3,IFITM1,TLR3,CMPK2,CASP4,NFKBIZ"
"DEG_LD_SW480","864","0.615399999999999947","FOXN3","FOXN3","21","298","0.023060000000000000636","0.03729999999999999982236","1.6650000000000000","Enrichr--Queries","ABCA1,KCNMA1,RORA,ATXN1,FBXO32,EPAS1,PAG1,ARHGEF3,NEDD9,AUTS2,RERE,NAV1,MAML2,XYLT1,ALCAM,SERPINB8,ITPR1,CDK6,TIAM1,SH3PXD2A,TGFBR3"
"DEG_LD_SW480","865","0.616099999999999981","ZNF235","ZNF235","21","298","0.023060000000000000636","0.03729999999999999982236","1.6650000000000000","Enrichr--Queries","ATF3,ABCA1,NAPSA,EGLN3,RORA,HYAL1,LOXL2,TET1,SERPINB8,GRB10,PGF,ITPR1,MAP2K6,CDK6,CEBPD,SLC46A3,ARRDC4,EDN1,NT5E,CADPS2,ZMAT1"
"DEG_LD_SW480","866","0.616800000000000015","SEBOX","SEBOX","21","298","0.023060000000000000636","0.03729999999999999982236","1.6650000000000000","Enrichr--Queries","ATF3,PPARG,AGXT,IGF1,LOXL2,CNTN1,CRYM,CD7,NR1D1,SERPINB8,MOCOS,PGF,LHX2,CEBPD,KLHDC7A,PDK4,PTGDS,EDN1,ALDOC,CADPS2,NFKBIZ"
"DEG_LD_SW480","867","0.617500000000000049","ZNF333","ZNF333","21","298","0.023060000000000000636","0.03729999999999999982236","1.6650000000000000","Enrichr--Queries","ATF3,ABCA1,HEY1,RORA,ATXN1,QKI,PTPRB,DNHD1,PAG1,CTSB,CD82,RERE,NR1D1,SERPINB8,ZNF117,PGF,ITPR1,ARRDC4,CADPS2,CDH23,NFKBIZ"
"DEG_LD_SW480","868","0.618199999999999972","ZNF552","ZNF552","21","298","0.023060000000000000636","0.03729999999999999982236","1.6650000000000000","Enrichr--Queries","ABCA1,GPRC5C,SLC7A2,GREB1,RAB27B,NEDD9,VDR,SYTL2,PRR15,SERPINB8,TLE1,PGF,ITPR1,DUSP10,THSD4,IFI6,CADPS2,SELENOP,OAS1,SLC4A8,MLPH"
"DEG_LD_SW480","869","0.618900000000000006","ZSCAN12","ZSCAN12","21","298","0.023060000000000000636","0.03729999999999999982236","1.6650000000000000","Enrichr--Queries","ATF3,ABCA1,RORA,ATXN1,CD74,MSMO1,RERE,RND3,TET1,SERPINB8,GRB10,F2R,PGF,MAP2K6,ASNS,HMGCS1,ARRDC4,BCL11A,NT5E,CADPS2,NFKBIZ"
"DEG_LD_SW480","870","0.619700000000000029","ZNF555","ZNF555","21","299","0.023810000000000001302","0.03830000000000000071054","1.6590000000000000","Enrichr--Queries","ATF3,ABCA1,RORA,ZNF680,ATXN1,ZNF429,FBXO32,UPP1,ZNF610,ZNF711,KCTD12,ZNF92,SERPINB8,ZNF331,PGF,CDK6,DUSP10,INSL3,ZNF737,ARRDC4,CADPS2"
"DEG_LD_SW480","871","0.620399999999999952","CEBPE","CEBPE","21","299","0.023810000000000001302","0.03830000000000000071054","1.6590000000000000","Enrichr--Queries","ATF3,NAPSA,OLR1,ITGB2,UPP1,SLPI,EGR3,IL1B,SELPLG,PLEK,LYL1,NR1D1,ANXA1,SERPINB8,CEBPD,IFITM3,IFITM1,MGST1,BATF,FES,TGFBI"
"DEG_LD_SW480","872","0.621099999999999985","SPIB","SPIB","21","299","0.023810000000000001302","0.03830000000000000071054","1.6590000000000000","Enrichr--Queries","ATF3,NAPSA,ACAP1,ITGB2,SLPI,BST2,IL1B,SELPLG,CD74,ISG20,PLEK,CYTIP,CD7,SLC15A3,IFITM3,IFITM1,TBC1D10C,BCL11A,BATF,ARHGAP45,TGFBI"
"DEG_LD_SW480","873","0.621800000000000019","ZNF581","ZNF581","20","291","0.032559999999999998666","0.05240000000000000213163","1.6210000000000000","Enrichr--Queries","FASN,MDK,BST2,CTSB,CD82,CHCHD10,ISG20,RND3,ACTA2,SIVA1,ANXA1,SERPINB8,CKB,ASNS,CDK6,MCM7,CEBPD,IFITM1,IFI6,TGFBI"
"DEG_LD_SW480","874","0.622500000000000053","FOXD4L5","FOXD4L5","20","292","0.033559999999999999554","0.05390000000000000346390","1.6150000000000000","Enrichr--Queries","ATF3,KCNMA1,DMD,RORA,FCGR2A,MOGAT3,KIF26B,ZNF92,ANXA1,MOCOS,LHX2,BCL11A,TLR4,FAIM2,CADPS2,NTM,NR4A3,FAM86B1,CDH11,NCAM1"
"DEG_LD_SW480","875","0.623199999999999976","ZSCAN4","ZSCAN4","20","295","0.036700000000000003453","0.05850000000000000338618","1.5970000000000000","Enrichr--Queries","ATF3,HEY1,PPARG,PRAME,PRRX1,SLPI,EPAS1,EGR3,PLAT,LOXL2,TFAP2A,SERPINB8,HOXD13,PGF,BCL11A,RYR1,VGLL3,CADPS2,NR4A3,KLF15"
"DEG_LD_SW480","876","0.623900000000000010","TFAP2D","TFAP2D","20","295","0.036700000000000003453","0.05850000000000000338618","1.5970000000000000","Enrichr--Queries","SHOX2,KCNMA1,PPARG,RORA,PKHD1,CACNA1E,TFAP2A,SYT1,SOX14,MOCOS,LHX2,SOX2,EBF3,TSHZ3,BCL11B,BCL11A,CADPS2,NTM,ELAVL2,PDE10A"
"DEG_LD_SW480","877","0.624600000000000044","E2F5","E2F5","20","295","0.036700000000000003453","0.05850000000000000338618","1.5970000000000000","Enrichr--Queries","ATF3,ABCA1,HEY1,RORA,CNTN1,RND3,SERPINB8,TLE1,F2R,PGF,ITPR1,ASNS,CDK6,MCM7,HMGCS1,CEBPD,BCL11A,EDN1,NT5E,TGFBR3"
"DEG_LD_SW480","878","0.625399999999999956","HNF1B","HNF1B","20","295","0.036700000000000003453","0.05850000000000000338618","1.5970000000000000","Enrichr--Queries","ATF3,ABCA1,PPARG,GPRC5C,EGLN3,LRP2,EPAS1,IGF1,CD74,CD82,LOXL2,TFAP2A,VDR,GJB1,SERPINB8,BCL11A,EDN1,MPZL2,CADPS2,TGFBI"
"DEG_LD_SW480","879","0.626099999999999990","ZNF32","ZNF32","20","295","0.036700000000000003453","0.05850000000000000338618","1.5970000000000000","Enrichr--Queries","ATF3,ABCA1,ZNF239,MDK,NPC2,COL5A2,RND3,ACTA2,ANXA1,SERPINB8,GPNMB,PGF,IGFBP7,ASNS,IFITM3,ALDOC,IFI6,SELENOP,SEM1,TGFBI"
"DEG_LD_SW480","880","0.626800000000000024","DMRTC2","DMRTC2","20","295","0.036700000000000003453","0.05850000000000000338618","1.5970000000000000","Enrichr--Queries","ATF3,NAPSA,PPARG,FSTL4,DLX3,STK31,PKHD1,IL1B,LOXL2,CACNA1E,RIPPLY3,COL2A1,HOXD13,HOXD11,HOXD10,MOCOS,LHX2,TDRD12,CACNG6,SOX2"
"DEG_LD_SW480","881","0.627499999999999947","ZNF304","ZNF304","20","295","0.036700000000000003453","0.05850000000000000338618","1.5970000000000000","Enrichr--Queries","ATF3,ZNF273,ABCA1,ZNF239,SLC16A9,UPP1,RASSF2,ARHGEF3,ZNF92,ZNF93,SERPINB8,ZNF331,ITPR1,CDK6,HMGCS1,ZNF502,ARRDC4,MATN2,KBTBD8,CADPS2"
"DEG_LD_SW480","882","0.628199999999999981","IKZF3","IKZF3","20","296","0.037789999999999997204","0.05970000000000000306422","1.5910000000000000","Enrichr--Queries","RORA,ACAP1,ITGB2,RASSF2,IL1B,SELPLG,CD74,PLEK,CYTIP,CD4,CD7,PRKCQ,GRAP2,TBC1D10C,SH2D2A,BCL11B,BCL11A,CXCR6,ARHGAP45,NFKBIZ"
"DEG_LD_SW480","883","0.628900000000000015","NFIC","NFIC","20","296","0.037789999999999997204","0.05970000000000000306422","1.5910000000000000","Enrichr--Queries","HSPG2,FASN,DAB2IP,RORA,ATXN1,EPAS1,CTSB,RERE,LASP1,NAV1,NR1D1,SLC6A6,SERPINB8,CKB,CDK6,CEBPD,SH3PXD2A,LTBP2,TGFBI,TGFBR3"
"DEG_LD_SW480","884","0.629600000000000048","THRA","THRA","20","296","0.037789999999999997204","0.05970000000000000306422","1.5910000000000000","Enrichr--Queries","ATF3,ABCA1,FASN,RORA,ATXN1,ARRB1,EPAS1,CTSB,RERE,NR1D1,SERPINB8,CKB,ITPR1,STXBP1,BCL11A,PDE2A,SH3PXD2A,SLC22A17,TGFBR3,NCAM1"
"DEG_LD_SW480","885","0.630299999999999971","TCF7L2","TCF7L2","20","296","0.037789999999999997204","0.05970000000000000306422","1.5910000000000000","Enrichr--Queries","ATF3,ABCA1,PPARG,RORA,ATXN1,EPAS1,NEDD9,AUTS2,CNTN1,RERE,RND3,ALCAM,ANXA1,SERPINB8,DAB2,CDK6,BCL11A,EFNA5,TGFBI,TGFBR3"
"DEG_LD_SW480","886","0.631099999999999994","ZIK1","ZIK1","20","296","0.037789999999999997204","0.05970000000000000306422","1.5910000000000000","Enrichr--Queries","ATF3,OLFM1,LOXL2,KIF5C,CRMP1,ALCAM,SLAIN1,LFNG,TET1,SERPINB8,F2R,PGF,MAP2K6,ASNS,MCM7,BEX4,MGST1,BCL11A,MATN2,SGO1"
"DEG_LD_SW480","887","0.631800000000000028","KLF6","KLF6","20","296","0.037789999999999997204","0.05970000000000000306422","1.5910000000000000","Enrichr--Queries","ATF3,ABCA1,TM4SF1,EPAS1,CTSB,NEDD9,CD74,ISG20,CNTN1,RND3,NAMPT,ANXA1,SERPINB8,DUSP10,HMGCS1,CEBPD,IFITM3,EDN1,TGFBI,NFKBIZ"
"DEG_LD_SW480","888","0.632499999999999951","TCFL5","TCFL5","20","296","0.037789999999999997204","0.05970000000000000306422","1.5910000000000000","Enrichr--Queries","ATF3,ABCA1,HEY1,UPP1,EGR3,LOXL2,COL5A2,CNTN1,ALCAM,SYTL2,ANXA1,SERPINB8,GPNMB,GRB10,PGF,TIAM1,ALDOC,CADPS2,TGFBI,ALDH1A3"
"DEG_LD_SW480","889","0.633199999999999985","MZF1","MZF1","20","296","0.037789999999999997204","0.05970000000000000306422","1.5910000000000000","Enrichr--Queries","ATF3,NAPSA,FASN,PPARG,RORA,ATXN1,EPAS1,EGR3,HYAL1,TFAP2A,NR1D1,SERPINB8,CKB,TLE2,PGF,CEBPD,BCL11A,CADPS2,LTBP2,NFKBIZ"
"DEG_LD_SW480","890","0.633900000000000019","HNF1A","HNF1A","20","297","0.038910000000000000142","0.06049999999999999822364","1.5860000000000001","Enrichr--Queries","ATF3,ABCA1,MYH7B,FASN,PPARG,AGXT,USH1C,LRP2,EPAS1,IGF1,CD82,LOXL2,VDR,GJB1,SERPINB8,PGF,CEBPD,SOX2,EDN1,TGFBI"
"DEG_LD_SW480","891","0.634600000000000053","RARA","RARA","20","297","0.038910000000000000142","0.06049999999999999822364","1.5860000000000001","Enrichr--Queries","ATF3,ABCA1,FASN,PPARG,RORA,ATXN1,ARRB1,EPAS1,EGR3,NEDD9,VDR,LASP1,NR1D1,SLC6A6,LFNG,ANXA1,SERPINB8,CDK6,CEBPD,TGFBI"
"DEG_LD_SW480","892","0.635299999999999976","ZNF559","ZNF559","20","297","0.038910000000000000142","0.06049999999999999822364","1.5860000000000001","Enrichr--Queries","ACHE,JPH3,RORA,ZNF680,KCNQ2,CTSB,PCOLCE,ZNF92,AUTS2,SYT1,SYTL2,SERPINB8,ZNF331,PGF,ITPR1,CDK6,ARRDC4,STXBP1,BCL11A,TGFBR3"
"DEG_LD_SW480","893","0.636000000000000010","CREB3L3","CREB3L3","20","297","0.038910000000000000142","0.06049999999999999822364","1.5860000000000001","Enrichr--Queries","TFR2,ATF3,C2,AGXT,SLPI,EPAS1,IGF1,CD74,ACOX2,CAT,GJB1,SERPINB8,MOCOS,LBP,ASPG,IFITM3,PDK4,MAOB,SELENOP,TGFBI"
"DEG_LD_SW480","894","0.636800000000000033","ZBTB25","ZBTB25","20","297","0.038910000000000000142","0.06049999999999999822364","1.5860000000000001","Enrichr--Queries","ATF3,ABCA1,RORA,ATXN1,ISG20,CNTN1,NAMPT,NR1D1,SERPINB8,PGF,ITPR1,CDK6,DUSP10,CEBPD,BCL11B,CADPS2,NR4A3,TGFBI,NFKBIZ,TGFBR3"
"DEG_LD_SW480","895","0.637499999999999956","ZNF133","ZNF133","20","297","0.038910000000000000142","0.06049999999999999822364","1.5860000000000001","Enrichr--Queries","ATF3,HEY1,ATXN1,EPAS1,AUTS2,RERE,NAMPT,FLRT3,ANXA1,SERPINB8,ZNF331,GRB10,TLE1,PGF,ITPR1,ASNS,CDK6,HMGCS1,BCL11A,TGFBR3"
"DEG_LD_SW480","896","0.638199999999999990","CREB3L4","CREB3L4","20","297","0.038910000000000000142","0.06049999999999999822364","1.5860000000000001","Enrichr--Queries","ATF3,PPFIBP2,FBXO32,MDK,TM4SF1,TSPAN1,GREB1,ISG20,CNTN1,SYTL2,SERPINB8,CKB,ASNS,MCM7,PDK4,MGST1,ALDOC,CADPS2,SELENOP,MLPH"
"DEG_LD_SW480","897","0.638900000000000023","JUNB","JUNB","20","297","0.038910000000000000142","0.06049999999999999822364","1.5860000000000001","Enrichr--Queries","ATF3,UPP1,EGR3,CTSB,IL1B,CD74,ISG20,CNTN1,RND3,NAMPT,ANXA1,SERPINB8,CKB,CEBPD,IFITM3,IFITM1,EDN1,NR4A3,TGFBI,NFKBIZ"
"DEG_LD_SW480","898","0.639599999999999946","ARNTL2","ARNTL2","20","297","0.038910000000000000142","0.06049999999999999822364","1.5860000000000001","Enrichr--Queries","CLDN1,ATF3,ABCA1,UPP1,TM4SF1,EREG,IL1B,PLAT,LOXL2,CNTN1,ANXA1,SERPINB8,CDK6,MCM7,IFITM3,NT5E,CADPS2,STEAP1,TGFBI,ALDH1A3"
"DEG_LD_SW480","899","0.640299999999999980","ZNF480","ZNF480","20","297","0.038910000000000000142","0.06049999999999999822364","1.5860000000000001","Enrichr--Queries","ATF3,ZNF273,ABCA1,ZNF486,ZNF239,ZNF681,ZNF680,HERC5,PAG1,ZNF92,ZNF93,ANXA1,SERPINB8,ZNF117,ZNF107,ZNF331,CDK6,HMGCS1,NFKBIZ,GDAP1"
"DEG_LD_SW480","900","0.641000000000000014","NR1I2","NR1I2","20","297","0.038910000000000000142","0.06049999999999999822364","1.5860000000000001","Enrichr--Queries","ATF3,ABCA1,PPARG,RORA,AGXT,EPAS1,IGF1,IL1B,VDR,ACOX2,CAT,GJB1,LBP,CEBPD,VIPR1,PDK4,MAOB,NT5E,SELENOP,KLF15"
"DEG_LD_SW480","901","0.641700000000000048","SREBF1","SREBF1","20","297","0.038910000000000000142","0.06049999999999999822364","1.5860000000000001","Enrichr--Queries","HSPG2,ATF3,ABCA1,FASN,PPARG,EPAS1,CTSB,CD74,MSMO1,CNTN1,NR1D1,SLC6A6,ANXA1,SERPINB8,CKB,HMGCS1,CEBPD,IFITM3,MGST1,ALDOC"
"DEG_LD_SW480","902","0.642499999999999960","ZNF680","ZNF680","20","297","0.038910000000000000142","0.06049999999999999822364","1.5860000000000001","Enrichr--Queries","ZNF273,ABCA1,RORA,ZNF681,ZNF429,MSMO1,ZNF92,ZNF93,CNTN1,TET1,SERPINB8,ZNF117,ZNF107,CDK6,HMGCS1,ZNF737,MGST1,BCL11A,CADPS2,TGFBR3"
"DEG_LD_SW480","903","0.643199999999999994","NANOG","NANOG","20","297","0.038910000000000000142","0.06049999999999999822364","1.5860000000000001","Enrichr--Queries","ATF3,PPARG,UPP1,EPAS1,GAL,CNMD,FGF13,DKK1,RBPMS2,TET1,CKB,SALL4,MITF,ESRRB,IFITM1,SOX2,BCL11A,EDN1,TGFBI,ELAVL2"
"DEG_LD_SW480","904","0.643900000000000028","ZNF564","ZNF564","20","298","0.040050000000000002265","0.06180000000000000076605","1.5800000000000001","Enrichr--Queries","ABCA1,ZNF680,ZNF429,DEPP1,PAG1,HYAL1,ARHGEF3,NEDD9,ZNF92,ISG20,RERE,SERPINB8,ZNF107,ITPR1,ZNF763,HMGCS1,CEBPD,ARRDC4,IFI6,CADPS2"
"DEG_LD_SW480","905","0.644599999999999951","CBLL2","CBLL2","20","298","0.040050000000000002265","0.06180000000000000076605","1.5800000000000001","Enrichr--Queries","FSTL4,SLC7A2,DMD,SLC16A2,IL1RAPL1,KCNK10,KCTD12,TNFSF15,IGF1,ANO4,KIRREL3,SYT1,SPOCK1,SLC26A9,CEBPD,TENM1,TLR4,GABRE,CDH13,GDAP1"
"DEG_LD_SW480","906","0.645299999999999985","ZNF700","ZNF700","20","298","0.040050000000000002265","0.06180000000000000076605","1.5800000000000001","Enrichr--Queries","ABCA1,ZNF681,ZNF680,ZNF655,ARHGEF3,ZNF92,ZNF93,NAMPT,SERPINB8,ZNF117,ZNF107,ZNF331,ANKRD44,PGF,ZNF763,HMGCS1,BCL11A,IFI6,CADPS2,NFKBIZ"
"DEG_LD_SW480","907","0.646000000000000019","ZNF431","ZNF431","20","298","0.040050000000000002265","0.06180000000000000076605","1.5800000000000001","Enrichr--Queries","ZNF273,SLC5A3,ZNF486,ZNF681,ZNF680,ZNF429,PAG1,ZNF92,ZNF93,TET1,SERPINB8,ZNF117,ZNF107,CDK6,NBEA,ZNF737,ARRDC4,BCL11A,CADPS2,TGFBR3"
"DEG_LD_SW480","908","0.646700000000000053","FOXA3","FOXA3","20","298","0.040050000000000002265","0.06180000000000000076605","1.5800000000000001","Enrichr--Queries","ATF3,PPARG,RORA,LRP2,BST2,WFDC2,PERP,ACTA2,GJB1,SERPINB8,GPNMB,CKB,SALL4,PGF,PARM1,CBLC,PDK4,MGST1,MPZL2,TGFBI"
"DEG_LD_SW480","909","0.647399999999999975","ZNF71","ZNF71","20","298","0.040050000000000002265","0.06180000000000000076605","1.5800000000000001","Enrichr--Queries","PDGFC,ABCA1,DAB2IP,MDK,KIAA1549L,ZNF711,CD82,EEF1A2,AUTS2,NAV1,SERPINB8,ZNF331,GRB10,LZTS1,TLE1,F2R,PGF,GNG11,TGFBR3,NCAM1"
"DEG_LD_SW480","910","0.648100000000000009","IKZF1","IKZF1","20","298","0.040050000000000002265","0.06180000000000000076605","1.5800000000000001","Enrichr--Queries","GMFG,ATF3,PTAFR,ITGB2,RASSF2,LGALS9,IL1B,SELPLG,CD74,PLEK,LYL1,CYTIP,CD4,HAVCR2,ANXA1,PLCB2,SLC15A3,BCL11A,ARHGAP45,TGFBI"
"DEG_LD_SW480","911","0.648900000000000032","REL","REL","20","299","0.041209999999999996634","0.06339999999999999802380","1.5740000000000001","Enrichr--Queries","ATF3,ABCA1,FASN,PPARG,RORA,ITGB2,EGR3,IL1B,NEDD9,CD74,ISG20,PLEK,CYTIP,NAMPT,SERPINB8,CDK6,DUSP10,CEBPD,NR4A3,NFKBIZ"
"DEG_LD_SW480","912","0.649599999999999955","THAP8","THAP8","20","299","0.041209999999999996634","0.06339999999999999802380","1.5740000000000001","Enrichr--Queries","ATF3,NAPSA,FASN,YPEL1,FBXO32,MDK,UPP1,HYAL1,CD82,LOXL2,GNB2,NR1D1,LFNG,SERPINB8,GPNMB,CKB,ANKRD37,PGF,MAPK8IP2,BCL11A"
"DEG_LD_SW480","913","0.650299999999999989","ATF6","ATF6","20","299","0.041209999999999996634","0.06339999999999999802380","1.5740000000000001","Enrichr--Queries","ATF3,ABCA1,EIF5,PPARG,RORA,ATXN1,EPAS1,CTSB,RERE,CAT,ALCAM,NAMPT,ST3GAL5,SERPINB8,ITPR1,ASNS,CDK6,CEBPD,TIAM1,NFKBIZ"
"DEG_LD_SW480","914","0.651000000000000023","TGIF2LY","TGIF2LY","19","287","0.049570000000000002949","0.07610000000000000097700","1.5569999999999999","Enrichr--Queries","FAM133A,SLC16A9,STK31,HYAL1,LOXL2,SHROOM2,XYLT1,SPANXB1,SOX14,MOCOS,DACH1,RNF182,EFHB,MAGEB6,TSHZ3,MAGEC2,KRT14,CADPS2,NR4A3"
"DEG_LD_SW480","915","0.651699999999999946","FERD3L","FERD3L","19","292","0.056869999999999996942","0.08719999999999999973355","1.5280000000000000","Enrichr--Queries","FZD10,SHOX2,KCNMA1,PRRX1,EGR3,LOXL2,CACNA1E,SOX14,HOXD11,HOXD10,MOCOS,LHX2,IRX3,RYR2,FEZF1,CADPS2,ELAVL2,SIX2,CDH11"
"DEG_LD_SW480","916","0.652399999999999980","FOXD4L3","FOXD4L3","19","292","0.056869999999999996942","0.08719999999999999973355","1.5280000000000000","Enrichr--Queries","KCNMA1,DLX4,EGR3,KIF26B,LOXL2,CACNA1E,TFAP2A,SOX14,SERPINB8,DACH1,LHX2,IRX3,RYR2,FCGBP,NTM,NR4A3,SIX2,FAM86B1,ALDH1A3"
"DEG_LD_SW480","917","0.653100000000000014","ZNF788P","ZNF788P","19","295","0.061589999999999998914","0.09420000000000000595080","1.5120000000000000","Enrichr--Queries","CLDN1,ABCA1,RORA,SLC16A9,ZNF681,HERC5,ZNF711,PAG1,BST2,LOXL2,ZNF93,TMEM45A,XYLT1,SERPINB8,MCM7,IFITM1,IFI6,CADPS2,TGFBR3"
"DEG_LD_SW480","918","0.653800000000000048","DPRX","DPRX","19","295","0.061589999999999998914","0.09420000000000000595080","1.5120000000000000","Enrichr--Queries","ATF3,SHOX2,HOXC11,HEY1,PPARG,RORA,DLX3,PRRX1,EPAS1,NR1D1,TET1,SERPINB8,HOXD13,HOXD11,MITF,ESRRB,LHX2,SOX2,BATF"
"DEG_LD_SW480","919","0.654599999999999960","POU1F1","POU1F1","19","296","0.063219999999999998419","0.09600000000000000199840","1.5060000000000000","Enrichr--Queries","ATF3,KCNMA1,PPARG,RORA,ADGRV1,PKHD1,IGF1,IL1B,LOXL2,TFAP2A,VDR,DKK1,SERPINB8,HOXD10,MOCOS,MITF,CEBPD,SOX2,CADPS2"
"DEG_LD_SW480","920","0.655299999999999994","ZNF655","ZNF655","19","296","0.063219999999999998419","0.09600000000000000199840","1.5060000000000000","Enrichr--Queries","ATF3,ABCA1,EIF5,RORA,ATXN1,QKI,UPP1,CTSB,ALCAM,NAMPT,ANXA1,SERPINB8,PGF,ASNS,CDK6,HMGCS1,NT5E,TGFBI,NFKBIZ"
"DEG_LD_SW480","921","0.656000000000000028","ZNF358","ZNF358","19","296","0.063219999999999998419","0.09600000000000000199840","1.5060000000000000","Enrichr--Queries","ABCA1,NAPSA,FASN,MDK,EEF1A2,CHCHD10,ACTA2,SERPINB8,CKB,TLE2,PGF,ASNS,CEBPD,IFITM3,TSC22D4,ALDOC,IFI6,ASPSCR1,TGFBI"
"DEG_LD_SW480","922","0.656699999999999950","BACH1","BACH1","19","296","0.063219999999999998419","0.09600000000000000199840","1.5060000000000000","Enrichr--Queries","ATF3,ABCA1,RORA,ATXN1,KCTD12,EPAS1,CTSB,NEDD9,CNTN1,RND3,NAMPT,SLC6A6,ANXA1,SERPINB8,CDK6,CEBPD,TGFBI,NFKBIZ,GNA13"
"DEG_LD_SW480","923","0.657399999999999984","SMAD3","SMAD3","19","296","0.063219999999999998419","0.09600000000000000199840","1.5060000000000000","Enrichr--Queries","ATF3,ABCA1,FASN,PPARG,RORA,ATXN1,EPAS1,NEDD9,VDR,RND3,ANXA1,SERPINB8,F2R,CDK6,CEBPD,TIAM1,EDN1,TGFBI,TGFBR3"
"DEG_LD_SW480","924","0.658100000000000018","HBP1","HBP1","19","296","0.063219999999999998419","0.09600000000000000199840","1.5060000000000000","Enrichr--Queries","ATF3,ABCA1,RORA,ATXN1,FBXO32,NPC2,EPAS1,CTSB,MSMO1,RND3,CAT,NAMPT,ANXA1,SERPINB8,HMGCS1,CEBPD,PDK4,SELENOP,NFKBIZ"
"DEG_LD_SW480","925","0.658800000000000052","ZBTB38","ZBTB38","19","296","0.063219999999999998419","0.09600000000000000199840","1.5060000000000000","Enrichr--Queries","ATF3,ABCA1,RORA,ATXN1,FBXO32,EPAS1,NEDD9,RND3,NAV1,ALCAM,ANXA1,SERPINB8,ITPR1,DAB2,CDK6,SH3PXD2A,NT5E,TGFBI,NFKBIZ"
"DEG_LD_SW480","926","0.659499999999999975","ZNF416","ZNF416","19","297","0.064879999999999993232","0.09669999999999999429345","1.5009999999999999","Enrichr--Queries","ATF3,ABCA1,MSMO1,CNTN1,RND3,SYTL2,SERPINB8,GPNMB,PGF,ASNS,DUSP10,CEBPD,IFITM3,PDK4,ARRDC4,GNG11,EDN1,NFKBIZ,KLF15"
"DEG_LD_SW480","927","0.660299999999999998","ZNF789","ZNF789","19","297","0.064879999999999993232","0.09669999999999999429345","1.5009999999999999","Enrichr--Queries","ATF3,MEPCE,ABCA1,NAPSA,FASN,ZNF655,UPP1,DNHD1,NAMPT,SYTL2,SERPINB8,ZNF107,PGF,ASNS,CDK6,MCM7,HMGCS1,IFI6,NFKBIZ"
"DEG_LD_SW480","928","0.661000000000000032","NR2F6","NR2F6","19","297","0.064879999999999993232","0.09669999999999999429345","1.5009999999999999","Enrichr--Queries","ATF3,NAPSA,FASN,PPARG,MDK,CTSB,CD74,CHCHD10,GNB2,LASP1,NR1D1,ANXA1,SERPINB8,CKB,PGF,MCM7,CEBPD,IFITM3,TGFBI"
"DEG_LD_SW480","929","0.661699999999999955","ZBTB12","ZBTB12","19","297","0.064879999999999993232","0.09669999999999999429345","1.5009999999999999","Enrichr--Queries","ATF3,C2,PDGFC,FASN,MDK,HYAL1,KIF26B,BAHCC1,HUNK,NR1D1,LFNG,TET1,SERPINB8,CKB,ASNS,MCM7,IRX3,BCL11A,CADPS2"
"DEG_LD_SW480","930","0.662399999999999989","TFDP2","TFDP2","19","297","0.064879999999999993232","0.09669999999999999429345","1.5009999999999999","Enrichr--Queries","ATF3,ABCA1,RORA,ATXN1,FBXO32,ARRB1,EPAS1,NEDD9,RERE,SERPINB8,ATP8A1,F2R,ITPR1,MAP2K6,CDK6,MCM7,HMGCS1,BCL11A,TGFBR3"
"DEG_LD_SW480","931","0.663100000000000023","POU5F1","POU5F1","19","297","0.064879999999999993232","0.09669999999999999429345","1.5009999999999999","Enrichr--Queries","ATF3,PPARG,UPP1,EPAS1,WFDC2,VDR,ACTA2,RBPMS2,TET1,COL2A1,OLFML3,CKB,SALL4,ESRRB,CDK6,IFITM1,SOX2,BCL11A,CAMKV"
"DEG_LD_SW480","932","0.663799999999999946","HIVEP1","HIVEP1","19","297","0.064879999999999993232","0.09669999999999999429345","1.5009999999999999","Enrichr--Queries","ATF3,ABCA1,RORA,ATXN1,EPAS1,NEDD9,RERE,NAV1,ALCAM,NAMPT,SERPINB8,ITPR1,CDK6,DUSP10,SH3PXD2A,EDN1,NR4A3,DOCK4,NFKBIZ"
"DEG_LD_SW480","933","0.664499999999999980","ZNF566","ZNF566","19","297","0.064879999999999993232","0.09669999999999999429345","1.5009999999999999","Enrichr--Queries","ATF3,ZNF273,SLC5A3,ABCA1,RORA,ZNF680,ZNF429,ZNF92,CNTN1,SYTL2,ANXA1,SERPINB8,ZNF331,ASNS,CDK6,ARRDC4,BCL11A,CADPS2,TGFBR3"
"DEG_LD_SW480","934","0.665200000000000014","RARG","RARG","19","297","0.064879999999999993232","0.09669999999999999429345","1.5009999999999999","Enrichr--Queries","HSPG2,ATF3,ABCA1,EPAS1,LOXL2,VDR,NR1D1,LFNG,ANXA1,SERPINB8,F2R,PGF,DAB2,CEBPD,IFITM3,IFITM1,SH3PXD2A,TGFBI,TGFBR3"
"DEG_LD_SW480","935","0.666000000000000036","AHDC1","AHDC1","19","297","0.064879999999999993232","0.09669999999999999429345","1.5009999999999999","Enrichr--Queries","HSPG2,FASN,JPH3,DAB2IP,ATXN1,EPAS1,BAHCC1,PCOLCE,AUTS2,RERE,LASP1,NAV1,NR1D1,LFNG,SERPINB8,NECTIN1,STXBP1,BCL11A,SH3PXD2A"
"DEG_LD_SW480","936","0.666699999999999959","ZNF260","ZNF260","19","297","0.064879999999999993232","0.09669999999999999429345","1.5009999999999999","Enrichr--Queries","ATF3,ABCA1,SH3BGRL,MSMO1,CNN3,RND3,ALCAM,NAMPT,ANXA1,SERPINB8,F2R,PGF,DAB2,CDK6,HMGCS1,ARRDC4,MGST1,BCL11A,SELENOP"
"DEG_LD_SW480","937","0.667399999999999993","HIF1A","HIF1A","19","297","0.064879999999999993232","0.09669999999999999429345","1.5009999999999999","Enrichr--Queries","ATF3,ABCA1,EIF5,PPARG,EPAS1,CTSB,IL1B,CNN3,CNTN1,RND3,ALCAM,NAMPT,ANXA1,CDK6,HMGCS1,CEBPD,IFITM3,TGFBI,NFKBIZ"
"DEG_LD_SW480","938","0.668100000000000027","FOXP4","FOXP4","19","297","0.064879999999999993232","0.09669999999999999429345","1.5009999999999999","Enrichr--Queries","HSPG2,FASN,DAB2IP,ATXN1,FURIN,BAHCC1,AUTS2,RERE,LASP1,NAV1,CKB,GRB10,PGF,CDK6,NECTIN1,BCL11A,SH3PXD2A,LTBP2,MCF2L"
"DEG_LD_SW480","939","0.668799999999999950","ZNF18","ZNF18","19","297","0.064879999999999993232","0.09669999999999999429345","1.5009999999999999","Enrichr--Queries","ATF3,ABCA1,NAPSA,EGLN3,RORA,PAG1,HYAL1,ARHGEF3,RERE,SERPINB8,TLE1,PGF,ITPR1,CEBPD,TIAM1,BCL11A,TMCC3,CADPS2,NFKBIZ"
"DEG_LD_SW480","940","0.669499999999999984","MEF2A","MEF2A","19","297","0.064879999999999993232","0.09669999999999999429345","1.5009999999999999","Enrichr--Queries","ATF3,ABCA1,RORA,ATXN1,EPAS1,CTSB,NEDD9,RERE,ALCAM,NAMPT,ANXA1,SERPINB8,MITF,ITPR1,CDK6,CEBPD,SH3PXD2A,TGFBI,DOCK4"
"DEG_LD_SW480","941","0.670200000000000018","FOXP1","FOXP1","19","297","0.064879999999999993232","0.09669999999999999429345","1.5009999999999999","Enrichr--Queries","ABCA1,KCNMA1,RORA,ATXN1,EPAS1,ARHGEF3,NEDD9,AUTS2,RERE,ALCAM,SERPINB8,ITPR1,CDK6,BCL11B,BCL11A,SH3PXD2A,EFNA5,DOCK4,TGFBR3"
"DEG_LD_SW480","942","0.670900000000000052","STAT6","STAT6","19","297","0.064879999999999993232","0.09669999999999999429345","1.5009999999999999","Enrichr--Queries","HSPG2,ATF3,ABCA1,FASN,ITGB2,EPAS1,BST2,CTSB,CD74,CD82,VDR,LASP1,ALCAM,ANXA1,SERPINB8,CEBPD,IFITM3,IFITM1,TGFBI"
"DEG_LD_SW480","943","0.671699999999999964","ZFP90","ZFP90","19","298","0.066570000000000004170","0.09810000000000000663913","1.4960000000000000","Enrichr--Queries","ATF3,ABCA1,NEDD9,RND3,NAV1,ALCAM,LFNG,ANXA1,SERPINB8,OLFML3,F2R,PGF,ITPR1,SLC15A3,ASNS,ARRDC4,SLC44A2,TGFBI,NFKBIZ"
"DEG_LD_SW480","944","0.672399999999999998","ZNF77","ZNF77","19","298","0.066570000000000004170","0.09810000000000000663913","1.4960000000000000","Enrichr--Queries","ATF3,ABCA1,FASN,FBXO32,HYAL1,ZNF92,CNN3,LFNG,SERPINB8,ZNF107,TLE2,PGF,DUSP10,HMGCS1,ARRDC4,BCL11A,IFI6,NT5E,CADPS2"
"DEG_LD_SW480","945","0.673100000000000032","SOX12","SOX12","19","298","0.066570000000000004170","0.09810000000000000663913","1.4960000000000000","Enrichr--Queries","FASN,DAB2IP,MDK,LOXL2,BAHCC1,NAV1,ALCAM,NR1D1,LFNG,SERPINB8,CKB,GRB10,PGF,CDK6,MCM7,NECTIN1,SOX2,BCL11A,SH3PXD2A"
"DEG_LD_SW480","946","0.673799999999999955","ZNF124","ZNF124","19","298","0.066570000000000004170","0.09810000000000000663913","1.4960000000000000","Enrichr--Queries","ATF3,RORA,QKI,ZNF711,PAG1,NEDD9,CNTN1,ANXA1,SERPINB8,ZNF107,DACH1,F2R,PGF,CDK6,NBEA,HMGCS1,BCL11A,CADPS2,PDE3B"
"DEG_LD_SW480","947","0.674499999999999988","KLF13","KLF13","19","298","0.066570000000000004170","0.09810000000000000663913","1.4960000000000000","Enrichr--Queries","ATF3,ABCA1,FASN,RORA,ATXN1,EPAS1,CTSB,ARHGEF3,RERE,LASP1,NAMPT,ST3GAL5,SLC6A6,SERPINB8,CDK6,CEBPD,PDK4,SH3PXD2A,TGFBI"
"DEG_LD_SW480","948","0.675200000000000022","FOXH1","FOXH1","19","298","0.066570000000000004170","0.09810000000000000663913","1.4960000000000000","Enrichr--Queries","ATF3,JPH3,MSI1,EPAS1,BST2,HYAL1,GAL,LOXL2,TFAP2A,CRMP1,NR1D1,LFNG,TET1,MOCOS,SALL4,CEBPD,SOX2,BCL11A,TGFBI"
"DEG_LD_SW480","949","0.675899999999999945","ZNF70","ZNF70","19","298","0.066570000000000004170","0.09810000000000000663913","1.4960000000000000","Enrichr--Queries","ORAI2,ABCA1,KCNMA1,DAB2IP,RORA,QKI,ITGB2,BCORL1,CTSB,TANC2,ACTA2,SERPINB8,ANKRD52,PGF,ITPR1,CDK6,SH3PXD2A,MATN2,CADPS2"
"DEG_LD_SW480","950","0.676599999999999979","ZFP64","ZFP64","19","298","0.066570000000000004170","0.09810000000000000663913","1.4960000000000000","Enrichr--Queries","KCNMA1,EGLN3,DAB2IP,RORA,KIF26B,AUTS2,NAV1,SERPINB8,SALL4,TLE1,ITPR1,CDK6,NECTIN1,TIAM1,TSHZ2,BCL11B,BCL11A,SH3PXD2A,EFNA5"
"DEG_LD_SW480","951","0.677400000000000002","ZNF28","ZNF28","19","298","0.066570000000000004170","0.09810000000000000663913","1.4960000000000000","Enrichr--Queries","ATF3,ZNF486,ZNF681,ZNF680,ZNF429,RAB27B,HYAL1,ZNF92,ZNF93,SYTL2,TET1,SERPINB8,ZNF117,ZNF107,CDK6,CPM,MACC1,ZNF737,ARRDC4"
"DEG_LD_SW480","952","0.678100000000000036","ZNF790","ZNF790","19","298","0.066570000000000004170","0.09810000000000000663913","1.4960000000000000","Enrichr--Queries","ATF3,ZNF681,ZNF429,ZNF610,ZNF711,NEDD9,SERTAD4,ZNF93,CNTN1,ALCAM,SERPINB8,ZNF331,F2R,PGF,ZNF763,ZNF737,CADPS2,ZMAT1,NR4A3"
"DEG_LD_SW480","953","0.678799999999999959","ETV6","ETV6","19","298","0.066570000000000004170","0.09810000000000000663913","1.4960000000000000","Enrichr--Queries","ATF3,ABCA1,SLCO3A1,RORA,ATXN1,EPAS1,ARHGEF3,NEDD9,CD82,RERE,NAMPT,SLC6A6,SERPINB8,ITPR1,CDK6,DUSP10,BCL11A,SH3PXD2A,NFKBIZ"
"DEG_LD_SW480","954","0.679499999999999993","ZNF341","ZNF341","19","299","0.068290000000000003477","0.10100000000000000643929","1.4900000000000000","Enrichr--Queries","NAPSA,FASN,PPARG,RORA,FBXO32,UPP1,NEDD9,AUTS2,RERE,NAV1,NR1D1,SERPINB8,TLE1,PGF,CDK6,TIAM1,EDN1,CADPS2,TGFBR3"
"DEG_LD_SW480","955","0.680200000000000027","HOXD12","HOXD12","18","291","0.089919999999999999929","0.13200000000000000621725","1.4480000000000000","Enrichr--Queries","ATF3,SHOX2,HOXC11,DLX3,PRRX1,EGR3,TFAP2A,SOX14,COL2A1,HOXD13,HOXD11,HOXD10,MOCOS,LHX2,SOX2,EBF3,ELAVL2,SIX2"
"DEG_LD_SW480","956","0.680899999999999950","ZNF784","ZNF784","18","292","0.092100000000000001310","0.13500000000000000888178","1.4430000000000001","Enrichr--Queries","ATF3,NAPSA,FASN,FBXO32,DEPP1,HYAL1,NR1D1,LFNG,SERPINB8,PGF,CEBPD,TRMT61A,PDK4,EDN1,TEDC1,ASPSCR1,NFKBIZ,BICRA"
"DEG_LD_SW480","957","0.681599999999999984","ZSCAN16","ZSCAN16","18","294","0.096540000000000000813","0.14099999999999998645528","1.4319999999999999","Enrichr--Queries","ATF3,HEY1,ZNF239,PELI2,YPEL1,MDK,HERC5,NEDD9,RND3,SERPINB8,CKB,PGF,ASNS,DUSP10,HMGCS1,ARRDC4,BCL11A,NFKBIZ"
"DEG_LD_SW480","958","0.682300000000000018","ZNF420","ZNF420","18","294","0.096540000000000000813","0.14099999999999998645528","1.4319999999999999","Enrichr--Queries","ATF3,SLC5A3,RORA,ZNF680,ZNF711,SERTAD4,ZNF92,ANXA1,SERPINB8,ZNF331,ASNS,CDK6,RNF182,HMGCS1,ARRDC4,BCL11A,EDN1,CADPS2"
"DEG_LD_SW480","959","0.683000000000000052","ZNF573","ZNF573","18","295","0.098809999999999995057","0.14399999999999998911981","1.4270000000000000","Enrichr--Queries","ABCA1,KCNMA1,ZNF239,RORA,ZNF429,AUTS2,ISG20,SERPINB8,ZNF117,ZNF331,PGF,ASNS,NBEA,CEBPD,BCL11A,EDN1,CADPS2,TGFBR3"
"DEG_LD_SW480","960","0.683799999999999963","TBX22","TBX22","18","295","0.098809999999999995057","0.14399999999999998911981","1.4270000000000000","Enrichr--Queries","ATF3,PPARG,DMD,ATP12A,IL1RAPL1,ZNF711,PKHD1,CAPN6,FGF13,DKK1,SERPINB8,HOXD11,GABRA3,MOCOS,SLC26A4,RYR1,TENM1,CADPS2"
"DEG_LD_SW480","961","0.684499999999999997","ZNF217","ZNF217","18","295","0.098809999999999995057","0.14399999999999998911981","1.4270000000000000","Enrichr--Queries","ATF3,ABCA1,QKI,EPAS1,CTSB,NEDD9,CNTN1,RND3,LASP1,ALCAM,NAMPT,ANXA1,SERPINB8,CDK6,CEBPD,IFITM3,TGFBI,NFKBIZ"
"DEG_LD_SW480","962","0.685200000000000031","ZNF354B","ZNF354B","18","296","0.101099999999999995426","0.14599999999999999089617","1.4219999999999999","Enrichr--Queries","ATF3,ABCA1,EGLN3,ERO1B,RORA,KCTD12,COL5A2,SERPINB8,ZNF107,PGF,ASNS,CEBPD,PDK4,ARRDC4,PALD1,CADPS2,NFKBIZ,OAS1"
"DEG_LD_SW480","963","0.685899999999999954","CREB3","CREB3","18","296","0.101099999999999995426","0.14599999999999999089617","1.4219999999999999","Enrichr--Queries","ATF3,NAPSA,UPP1,EPAS1,CTSB,NEDD9,CD82,CNTN1,LASP1,ACTA2,ALCAM,ANXA1,SERPINB8,CKB,PGF,CEBPD,IFITM3,TGFBI"
"DEG_LD_SW480","964","0.686599999999999988","ZBTB5","ZBTB5","18","296","0.101099999999999995426","0.14599999999999999089617","1.4219999999999999","Enrichr--Queries","ATF3,ABCA1,FASN,ATXN1,ARHGEF3,RND3,NAMPT,SERPINB8,PGF,ITPR1,CDK6,HMGCS1,IFITM3,ARRDC4,BCL11A,TGFBI,NFKBIZ,TGFBR3"
"DEG_LD_SW480","965","0.687300000000000022","ZNF714","ZNF714","18","296","0.101099999999999995426","0.14599999999999999089617","1.4219999999999999","Enrichr--Queries","ZNF273,ZNF486,ZNF681,ZNF680,ZNF429,DBF4,ZNF92,ZNF93,TET1,SERPINB8,ZNF117,ZNF107,CDK6,MCM7,HMGCS1,ZNF737,ARRDC4,SGO1"
"DEG_LD_SW480","966","0.687999999999999945","ZNF527","ZNF527","18","296","0.101099999999999995426","0.14599999999999999089617","1.4219999999999999","Enrichr--Queries","ZNF273,KCNMA1,ERO1B,RORA,ZNF681,ZNF680,ZNF429,ZNF93,ZNF117,ZNF107,ZNF331,RAB30,ITPR1,CDK6,CPM,ZNF737,CADPS2,TGFBR3"
"DEG_LD_SW480","967","0.688699999999999979","ZNF33B","ZNF33B","18","296","0.101099999999999995426","0.14599999999999999089617","1.4219999999999999","Enrichr--Queries","CLDN1,ATF3,ABCA1,RORA,FBXO32,ALCAM,ANXA1,SERPINB8,ZNF107,F2R,ASNS,CDK6,NBEA,CEBPD,RABGAP1L,BCL11A,CADPS2,TGFBR3"
"DEG_LD_SW480","968","0.689500000000000002","ZNF775","ZNF775","18","296","0.101099999999999995426","0.14599999999999999089617","1.4219999999999999","Enrichr--Queries","ATF3,ABCA1,NAPSA,FASN,MDK,XRCC3,ISG20,ASB2,LFNG,SERPINB8,CKB,TLE2,PGF,CEBPD,IFITM3,ALDOC,ARHGAP45,TGFBI"
"DEG_LD_SW480","969","0.690200000000000036","TEAD4","TEAD4","18","296","0.101099999999999995426","0.14599999999999999089617","1.4219999999999999","Enrichr--Queries","ATF3,EGLN3,DYSF,UPP1,TM4SF1,EPAS1,NEDD9,LOXL2,CNTN1,ANXA1,SERPINB8,PGF,ASNS,MCM7,CEBPD,IFITM3,EDN1,TGFBI"
"DEG_LD_SW480","970","0.690899999999999959","ZNF627","ZNF627","18","296","0.101099999999999995426","0.14599999999999999089617","1.4219999999999999","Enrichr--Queries","ATF3,ABCA1,FBXO32,MSMO1,RND3,SERPINB8,F2R,PGF,RAB30,ASNS,HMGCS1,CEBPD,IFITM3,PDK4,ARRDC4,BCL11A,CADPS2,NFKBIZ"
"DEG_LD_SW480","971","0.691599999999999993","ZNF440","ZNF440","18","296","0.101099999999999995426","0.14599999999999999089617","1.4219999999999999","Enrichr--Queries","ATF3,ABCA1,NAPSA,ZNF442,ZNF681,ZNF680,ZNF429,ZNF93,SERPINB8,ZNF117,ZNF107,PGF,CDK6,ZNF763,ZNF737,ARRDC4,CADPS2,ZMAT1"
"DEG_LD_SW480","972","0.692300000000000026","YY2","YY2","18","297","0.103499999999999994782","0.14899999999999999356071","1.4170000000000000","Enrichr--Queries","ATF3,ABCA1,HEY1,PPARG,DMD,RORA,RBM24,ALCAM,SYTL2,TET1,SERPINB8,DACH1,PGF,PTPN13,IFITM1,SH3PXD2A,NT5E,CADPS2"
"DEG_LD_SW480","973","0.692999999999999949","ZBTB4","ZBTB4","18","297","0.103499999999999994782","0.14899999999999999356071","1.4170000000000000","Enrichr--Queries","ATF3,ABCA1,RORA,ATXN1,FBXO32,ARRB1,KCTD12,EPAS1,CTSB,ARHGEF3,RERE,ALCAM,SERPINB8,ITPR1,SLC44A2,SH3PXD2A,TGFBI,TGFBR3"
"DEG_LD_SW480","974","0.693699999999999983","ZNF283","ZNF283","18","297","0.103499999999999994782","0.14899999999999999356071","1.4170000000000000","Enrichr--Queries","MTERF1,ZNF681,ZNF680,ZNF429,ARHGEF3,CNTN1,DKK1,SERPINB8,ZNF117,ZNF107,ZNF331,CDK6,NBEA,PTPN13,ZNF737,ARRDC4,TLR3,CADPS2"
"DEG_LD_SW480","975","0.694400000000000017","RBPJ","RBPJ","18","297","0.103499999999999994782","0.14899999999999999356071","1.4170000000000000","Enrichr--Queries","ATF3,ABCA1,RORA,ATXN1,KCTD12,EPAS1,CTSB,CNN3,RND3,ALCAM,NAMPT,SLC6A6,ANXA1,SERPINB8,DAB2,CDK6,CEBPD,TGFBI"
"DEG_LD_SW480","976","0.695200000000000040","ZNF277","ZNF277","18","297","0.103499999999999994782","0.14899999999999999356071","1.4170000000000000","Enrichr--Queries","ATF3,ABCA1,FBXO32,NPC2,SH3BGRL,ISG20,RND3,ALCAM,NAMPT,ANXA1,SERPINB8,CKB,ASNS,CDK6,HMGCS1,SELENOP,TGFBI,DOCK4"
"DEG_LD_SW480","977","0.695899999999999963","ZNF710","ZNF710","18","298","0.105800000000000005151","0.15099999999999999533706","1.4119999999999999","Enrichr--Queries","FASN,ATXN1,FURIN,EPAS1,AUTS2,RERE,LASP1,NAV1,ST3GAL5,SLC6A6,LFNG,SERPINB8,CKB,GRB10,CDK6,CEBPD,SH3PXD2A,DOCK4"
"DEG_LD_SW480","978","0.696599999999999997","ZNF8","ZNF8","18","298","0.105800000000000005151","0.15099999999999999533706","1.4119999999999999","Enrichr--Queries","ATF3,ABCA1,RORA,ZC4H2,ATXN1,KIF5C,AUTS2,RERE,NAV1,NR1D1,TET1,SERPINB8,PGF,ITPR1,CDK6,NBEA,BCL11B,BCL11A"
"DEG_LD_SW480","979","0.697300000000000031","ZNF274","ZNF274","18","298","0.105800000000000005151","0.15099999999999999533706","1.4119999999999999","Enrichr--Queries","ATF3,ABCA1,EIF5,PPARG,UPP1,NEDD9,NAMPT,ANXA1,SERPINB8,GRB10,TLE1,PGF,ITPR1,ASNS,CDK6,HMGCS1,CEBPD,NFKBIZ"
"DEG_LD_SW480","980","0.697999999999999954","ZNF407","ZNF407","18","298","0.105800000000000005151","0.15099999999999999533706","1.4119999999999999","Enrichr--Queries","KCNMA1,DMD,RORA,ATXN1,QKI,ADGRV1,KIF26B,TANC2,AUTS2,RERE,FMN1,SERPINB8,ITPR1,CDK6,NBEA,BCL11A,CADPS2,DOCK4"
"DEG_LD_SW480","981","0.698699999999999988","MLXIP","MLXIP","18","298","0.105800000000000005151","0.15099999999999999533706","1.4119999999999999","Enrichr--Queries","HSPG2,ATF3,ABCA1,FASN,RORA,ATXN1,FBXO32,FURIN,EPAS1,AUTS2,RERE,NAV1,SLC6A6,LFNG,CDK6,SH3PXD2A,TGFBI,TGFBR3"
"DEG_LD_SW480","982","0.699400000000000022","ZFPM1","ZFPM1","18","298","0.105800000000000005151","0.15099999999999999533706","1.4119999999999999","Enrichr--Queries","HSPG2,ATF3,NAPSA,FASN,DAB2IP,EPAS1,CD82,BAHCC1,ST3GAL5,LFNG,SERPINB8,CKB,CEBPD,NECTIN1,IFITM3,BCL11B,SH3PXD2A,SPNS2"
"DEG_LD_SW480","983","0.700099999999999945","ZNF875","ZNF875","18","299","0.108200000000000004508","0.15399999999999999800160","1.4070000000000000","Enrichr--Queries","ABCA1,NAPSA,RORA,UPP1,CTSB,SERPINB8,COL2A1,GPNMB,ZNF331,GRB10,ITPR1,NBEA,PLEKHG4,SLC44A2,SH3PXD2A,CADPS2,LTBP2,MCF2L"
"DEG_LD_SW480","984","0.700899999999999967","CAMTA2","CAMTA2","18","299","0.108200000000000004508","0.15399999999999999800160","1.4070000000000000","Enrichr--Queries","HSPG2,NAPSA,FASN,ATXN1,ARRB1,FURIN,EPAS1,CTSB,RERE,LASP1,NAV1,SERPINB8,CKB,ITPR1,STXBP1,PDE2A,SH3PXD2A,CADPS2"
"DEG_LD_SW480","985","0.701600000000000001","ZUP1","ZUP1","18","299","0.108200000000000004508","0.15399999999999999800160","1.4070000000000000","Enrichr--Queries","ATF3,ABCA1,UPP1,MSMO1,ISG20,RND3,ALCAM,NAMPT,SERPINB8,PGF,IFITM3,ARRDC4,TMCC3,TLR3,CMPK2,CASP4,NFKBIZ,OGFRL1"
"DEG_LD_SW480","986","0.702300000000000035","ANKZF1","ANKZF1","18","299","0.108200000000000004508","0.15399999999999999800160","1.4070000000000000","Enrichr--Queries","ATF3,ABCA1,EGLN3,RORA,ATXN1,FBXO32,HYAL1,ISG20,NAMPT,SERPINB8,CKB,ANKRD37,PGF,ITPR1,ASNS,HMGCS1,ALDOC,ARHGAP45"
"DEG_LD_SW480","987","0.702999999999999958","ZNF181","ZNF181","17","295","0.151400000000000006795","0.21399999999999999578115","1.3430000000000000","Enrichr--Queries","ATF3,SLC5A3,ABCA1,RORA,ZNF680,ZNF429,CTSK,ZNF92,ALCAM,SERPINB8,ZNF117,ZNF107,ZNF331,PGF,VPS50,ARRDC4,CADPS2"
"DEG_LD_SW480","988","0.703699999999999992","ZNF624","ZNF624","17","295","0.151400000000000006795","0.21399999999999999578115","1.3430000000000000","Enrichr--Queries","ABCA1,ZNF711,CTSK,ZNF92,RTN1,SERPINB8,ZNF107,ZNF331,ANKRD44,PGF,ITPR1,CDK6,DUSP10,CEBPD,ARRDC4,AKAP6,CADPS2"
"DEG_LD_SW480","989","0.704400000000000026","RAX2","RAX2","17","295","0.151400000000000006795","0.21399999999999999578115","1.3430000000000000","Enrichr--Queries","ZNF486,PTGR2,DLX3,CTSB,EEF1A2,ISG20,SHROOM4,CD7,NR1D1,F2R,SLC15A3,CEBPD,BCL11A,ALDOC,IFI6,CADPS,MLPH"
"DEG_LD_SW480","990","0.705099999999999949","ZNF485","ZNF485","17","295","0.151400000000000006795","0.21399999999999999578115","1.3430000000000000","Enrichr--Queries","CLDN1,ATF3,ZNF239,SLC16A9,ZNF680,DKK1,SERPINB8,ZNF107,PGF,CDK6,DUSP10,BCL11A,EDN1,STEAP1,TGFBI,NFKBIZ,OAS1"
"DEG_LD_SW480","991","0.705799999999999983","ZNF567","ZNF567","17","295","0.151400000000000006795","0.21399999999999999578115","1.3430000000000000","Enrichr--Queries","ATF3,ZNF273,ZNF239,RORA,ZNF681,ZNF680,ZNF711,ZNF92,ZNF93,SYTL2,SERPINB8,ZNF107,ZNF331,CDK6,ZNF502,KBTBD8,CADPS2"
"DEG_LD_SW480","992","0.706600000000000006","ZNF268","ZNF268","17","295","0.151400000000000006795","0.21399999999999999578115","1.3430000000000000","Enrichr--Queries","ATF3,EIF5,DCBLD2,RORA,QKI,SERTAD4,ZNF92,SYTL2,ANXA1,SERPINB8,ZNF117,GPNMB,ZNF107,PGF,CDK6,HMGCS1,CADPS2"
"DEG_LD_SW480","993","0.707300000000000040","ZNF561","ZNF561","17","295","0.151400000000000006795","0.21399999999999999578115","1.3430000000000000","Enrichr--Queries","ATF3,ABCA1,EIF5,FASN,ZNF680,ZNF429,ZNF655,KCTD12,ZNF92,RND3,ACTA2,DKK1,XPC,SERPINB8,PGF,CDK6,GNA13"
"DEG_LD_SW480","994","0.707999999999999963","STAT3","STAT3","17","296","0.154499999999999998446","0.21699999999999999844569","1.3380000000000001","Enrichr--Queries","RNASE1,ATF3,ABCA1,FASN,PPARG,EPAS1,CTSB,IL1B,CD74,LASP1,NAMPT,ANXA1,CDK6,CEBPD,IFITM3,TGFBI,NFKBIZ"
"DEG_LD_SW480","995","0.708699999999999997","MYC","MYC","17","296","0.154499999999999998446","0.21699999999999999844569","1.3380000000000001","Enrichr--Queries","ATF3,FASN,PPARG,EPAS1,IL1B,CNTN1,RND3,NAMPT,ANXA1,ASNS,CDK6,MCM7,CEBPD,IFITM3,EDN1,TGFBI,NFKBIZ"
"DEG_LD_SW480","996","0.709400000000000031","ZNF26","ZNF26","17","296","0.154499999999999998446","0.21699999999999999844569","1.3380000000000001","Enrichr--Queries","ATF3,ABCA1,EIF5,RORA,ZNF655,ZNF92,RERE,SERPINB8,ZNF107,ZNF331,PGF,ITPR1,ASNS,CDK6,HMGCS1,NR4A3,TGFBR3"
"DEG_LD_SW480","997","0.710099999999999953","ZNF302","ZNF302","17","296","0.154499999999999998446","0.21699999999999999844569","1.3380000000000001","Enrichr--Queries","ATF3,RORA,ZNF680,ALCAM,NAMPT,SYTL2,ANXA1,SERPINB8,ZNF117,ZNF331,PGF,DAB2,CDK6,HMGCS1,BCL11A,IFI6,CADPS2"
"DEG_LD_SW480","998","0.710799999999999987","DEAF1","DEAF1","17","296","0.154499999999999998446","0.21699999999999999844569","1.3380000000000001","Enrichr--Queries","ATF3,NAPSA,FASN,RORA,ARRB1,EEF1A2,GNB2,RERE,ALCAM,SERPINB8,CKB,PGF,ITPR1,ASNS,STXBP1,BCL11A,CADPS2"
"DEG_LD_SW480","999","0.711500000000000021","ZNF180","ZNF180","17","296","0.154499999999999998446","0.21699999999999999844569","1.3380000000000001","Enrichr--Queries","EML1,ZNF273,EIF5,RORA,ZNF680,ZNF711,MSMO1,ZNF92,ALCAM,SYTL2,SERPINB8,ZNF107,F2R,PGF,ITPR1,HMGCS1,CADPS2"
"DEG_LD_SW480","1000","0.712300000000000044","ZNF223","ZNF223","17","296","0.154499999999999998446","0.21699999999999999844569","1.3380000000000001","Enrichr--Queries","ABCA1,ZNF486,PTGR2,HERC5,ARHGEF3,ZNF93,ISG20,SHROOM4,SERPINB8,CEBPD,IFITM3,IFITM1,ALDOC,IFI6,CADPS2,TGFBI,NFKBIZ"
"DEG_LD_SW480","1001","0.712999999999999967","MAFG","MAFG","17","297","0.157599999999999990097","0.22000000000000000111022","1.3330000000000000","Enrichr--Queries","ATF3,ABCA1,EIF5,FASN,UPP1,FURIN,EPAS1,CTSB,CNTN1,NAMPT,NR1D1,SLC6A6,SERPINB8,GRB10,ASNS,CEBPD,NFKBIZ"
"DEG_LD_SW480","1002","0.713700000000000001","XPA","XPA","17","297","0.157599999999999990097","0.22000000000000000111022","1.3330000000000000","Enrichr--Queries","ATF3,ABCA1,FASN,PPARG,ATXN1,ARHGEF3,NEDD9,CAT,XPC,ANXA1,SERPINB8,PGF,CDK6,NT5E,CADPS2,TGFBI,TGFBR3"
"DEG_LD_SW480","1003","0.714400000000000035","ZBTB43","ZBTB43","17","297","0.157599999999999990097","0.22000000000000000111022","1.3330000000000000","Enrichr--Queries","ATF3,ABCA1,EIF5,RORA,ATXN1,FBXO32,NEDD9,RND3,NAMPT,SLC6A6,SERPINB8,CDK6,DUSP10,INSL3,NR4A3,NFKBIZ,GNA13"
"DEG_LD_SW480","1004","0.715099999999999958","FAM170A","FAM170A","17","297","0.157599999999999990097","0.22000000000000000111022","1.3330000000000000","Enrichr--Queries","KCNMA1,PKHD1,KIF26B,CACNA1E,RASGRP3,ACOXL,PRKCQ,SERPINB8,MOCOS,DACH1,EFHB,TSHZ2,BCL11A,CADPS2,NTM,EFNA5,CDH11"
"DEG_LD_SW480","1005","0.715799999999999992","SKIL","SKIL","17","297","0.157599999999999990097","0.22000000000000000111022","1.3330000000000000","Enrichr--Queries","ATF3,ABCA1,EPAS1,IL1B,NEDD9,CNTN1,RND3,ALCAM,NAMPT,ANXA1,SERPINB8,CDK6,DUSP10,SELENOP,NR4A3,TGFBI,NFKBIZ"
"DEG_LD_SW480","1006","0.716500000000000026","ZNF79","ZNF79","17","297","0.157599999999999990097","0.22000000000000000111022","1.3330000000000000","Enrichr--Queries","ATF3,ABCA1,FASN,FBXO32,UPP1,CD82,ISG20,RND3,ACTA2,SYTL2,XPC,SERPINB8,PGF,ASNS,CDK6,ARRDC4,EDN1"
"DEG_LD_SW480","1007","0.717199999999999949","ZNF544","ZNF544","17","297","0.157599999999999990097","0.22000000000000000111022","1.3330000000000000","Enrichr--Queries","ATF3,EIF5,ZNF239,RORA,ZNF680,HERC5,ZNF93,SERPINB8,ZNF117,ZNF107,ZNF331,ASNS,IFITM1,MGST1,BCL11A,IFI6,OAS1"
"DEG_LD_SW480","1008","0.717899999999999983","ZNF496","ZNF496","17","298","0.160700000000000009504","0.22200000000000000288658","1.3290000000000000","Enrichr--Queries","HSPG2,ATF3,ABCA1,FASN,DAB2IP,RERE,LASP1,NAV1,NR1D1,LFNG,CKB,ASNS,CDK6,MCM7,BCL11A,SH3PXD2A,LTBP2"
"DEG_LD_SW480","1009","0.718700000000000006","ZHX3","ZHX3","17","298","0.160700000000000009504","0.22200000000000000288658","1.3290000000000000","Enrichr--Queries","ABCA1,KCNMA1,RORA,ATXN1,EPAS1,NEDD9,TANC2,RERE,NAV1,SLC6A6,SERPINB8,ITPR1,CDK6,TLN2,SH3PXD2A,TGFBI,TGFBR3"
"DEG_LD_SW480","1010","0.719400000000000039","ZNF93","ZNF93","17","298","0.160700000000000009504","0.22200000000000000288658","1.3290000000000000","Enrichr--Queries","ATF3,ZNF273,ABCA1,ZNF486,ZNF681,ZNF680,HERC5,NEDD9,ZNF92,AUTS2,XYLT1,TET1,SERPINB8,ZNF107,MCM7,ZNF737,BCL11A"
"DEG_LD_SW480","1011","0.720099999999999962","ZNF184","ZNF184","17","298","0.160700000000000009504","0.22200000000000000288658","1.3290000000000000","Enrichr--Queries","ATF3,EGR3,ARHGEF3,NEDD9,ZNF92,RND3,ALCAM,SERPINB8,PGF,CDK6,DUSP10,HMGCS1,BCL11B,BCL11A,BTN3A2,CADPS2,NR4A3"
"DEG_LD_SW480","1012","0.720799999999999996","ZBTB34","ZBTB34","17","298","0.160700000000000009504","0.22200000000000000288658","1.3290000000000000","Enrichr--Queries","ABCA1,RORA,ATXN1,RASSF2,KCTD12,PAG1,TANC2,RERE,NAV1,SLC6A6,TET1,SERPINB8,GRB10,ITPR1,CDK6,SESTD1,SH3PXD2A"
"DEG_LD_SW480","1013","0.721500000000000030","PRDM10","PRDM10","17","298","0.160700000000000009504","0.22200000000000000288658","1.3290000000000000","Enrichr--Queries","ATF3,ABCA1,FASN,KCNMA1,RORA,ATXN1,AUTS2,RERE,XYLT1,SERPINB8,ITPR1,CDK6,NBEA,TIAM1,BCL11B,SH3PXD2A,DOCK4"
"DEG_LD_SW480","1014","0.722199999999999953","ARGFX","ARGFX","17","298","0.160700000000000009504","0.22200000000000000288658","1.3290000000000000","Enrichr--Queries","ORAI2,ZNF486,ARL8B,TNFSF15,IGF1,ANO4,NCMAP,NPNT,SYT1,HUNK,TET1,TMEM229B,CPM,CACNG8,TIAM1,BCL11B,SH3PXD2A"
"DEG_LD_SW480","1015","0.722899999999999987","ZNF678","ZNF678","17","298","0.160700000000000009504","0.22200000000000000288658","1.3290000000000000","Enrichr--Queries","ZNF273,KCNMA1,RORA,ZNF681,ZNF680,QKI,KIF5C,ZNF92,ZNF93,TET1,SERPINB8,ZNF107,CDK6,DUSP10,RABGAP1L,CADPS2,TGFBR3"
"DEG_LD_SW480","1016","0.723600000000000021","ZNF773","ZNF773","17","298","0.160700000000000009504","0.22200000000000000288658","1.3290000000000000","Enrichr--Queries","ATF3,ABCA1,ZNF486,PTGR2,KCNMA1,ZNF429,UPP1,ISG20,SYTL2,LFNG,SERPINB8,ZNF331,ASNS,NBEA,TSHZ3,CADPS2,NFKBIZ"
"DEG_LD_SW480","1017","0.724400000000000044","ZNF226","ZNF226","17","299","0.163899999999999990141","0.22500000000000000555112","1.3240000000000001","Enrichr--Queries","ATF3,ABCA1,RORA,ATXN1,UPP1,CTSK,SYTL2,ANXA1,SERPINB8,GPNMB,ZNF331,PGF,CDK6,HMGCS1,PDE2A,CADPS2,TGFBI"
"DEG_LD_SW480","1018","0.725099999999999967","PRDM15","PRDM15","17","299","0.163899999999999990141","0.22500000000000000555112","1.3240000000000001","Enrichr--Queries","FASN,KCNMA1,DAB2IP,ATXN1,SORCS2,AUTS2,RERE,NAV1,SERPINB8,ATP8A1,ITPR1,CDK6,TIAM2,TIAM1,BCL11A,SH3PXD2A,MCF2L"
"DEG_LD_SW480","1019","0.725800000000000001","LCORL","LCORL","17","299","0.163899999999999990141","0.22500000000000000555112","1.3240000000000001","Enrichr--Queries","ATF3,KCNMA1,RORA,ATXN1,AUTS2,RERE,ALCAM,SERPINB8,ATP8A1,DACH1,CDK6,NBEA,HMGCS1,RABGAP1L,BCL11A,CADPS2,EFNA5"
"DEG_LD_SW480","1020","0.726500000000000035","ETV3","ETV3","17","299","0.163899999999999990141","0.22500000000000000555112","1.3240000000000001","Enrichr--Queries","ATF3,ABCA1,FASN,RORA,ATXN1,EPAS1,EGR3,IL1B,NEDD9,RND3,ALCAM,NAMPT,SLC6A6,DUSP10,NR4A3,NFKBIZ,GNA13"
"DEG_LD_SW480","1021","0.727199999999999958","ZSCAN20","ZSCAN20","17","299","0.163899999999999990141","0.22500000000000000555112","1.3240000000000001","Enrichr--Queries","HSPG2,ATF3,ABCA1,KCNMA1,EGLN3,KIF26B,TANC2,AUTS2,RERE,NAV1,STON2,SERPINB8,DUSP10,TIAM1,SH3PXD2A,NT5E,CADPS2"
"DEG_LD_SW480","1022","0.727899999999999991","ZNF85","ZNF85","17","299","0.163899999999999990141","0.22500000000000000555112","1.3240000000000001","Enrichr--Queries","ZNF273,ZNF486,ZNF681,ZNF680,ZNF429,DBF4,HERC5,ZNF92,ZNF93,TET1,SERPINB8,ZNF117,ZNF107,MCM7,ZNF737,IFITM1,BCL11A"
"DEG_LD_SW480","1023","0.728600000000000025","ZNF286A","ZNF286A","16","296","0.225300000000000000266","0.30699999999999999511502","1.2549999999999999","Enrichr--Queries","ZNF273,RORA,ZNF711,KIF5C,ZNF93,AUTS2,RND3,ALCAM,SERPINB8,ZNF331,MAP2K6,ASNS,CDK6,BCL11A,MARK1,GDAP1"
"DEG_LD_SW480","1024","0.729299999999999948","ZNF195","ZNF195","16","296","0.225300000000000000266","0.30699999999999999511502","1.2549999999999999","Enrichr--Queries","ATF3,ZNF273,FASN,ZNF680,ZNF655,ZNF92,RND3,SYTL2,SERPINB8,ZNF107,PGF,ASNS,CDK6,HMGCS1,DNAJC2,BCL11A"
"DEG_LD_SW480","1025","0.730099999999999971","ZNF708","ZNF708","16","296","0.225300000000000000266","0.30699999999999999511502","1.2549999999999999","Enrichr--Queries","ZNF273,ZNF486,ZNF681,ZNF680,ZNF429,PAG1,ZNF92,ZNF93,TET1,ZNF117,ZNF107,ATP8A1,CDK6,NBEA,ZNF737,KBTBD8"
"DEG_LD_SW480","1026","0.730800000000000005","ZNF419","ZNF419","16","296","0.225300000000000000266","0.30699999999999999511502","1.2549999999999999","Enrichr--Queries","ATF3,ABCA1,ZNF239,ZNF429,UPP1,ISG20,RND3,SERPINB8,ZNF117,MOCOS,ZNF331,ASNS,BTN3A2,IFI6,NFKBIZ,OAS1"
"DEG_LD_SW480","1027","0.731500000000000039","THAP9","THAP9","16","296","0.225300000000000000266","0.30699999999999999511502","1.2549999999999999","Enrichr--Queries","ATF3,ZNF273,DMD,SLC16A9,QKI,HERC5,ZNF92,ZNF93,TET1,SERPINB8,ZNF107,CDK6,ARRDC4,BCL11A,KBTBD8,CADPS2"
"DEG_LD_SW480","1028","0.732199999999999962","ZNF629","ZNF629","16","296","0.225300000000000000266","0.30699999999999999511502","1.2549999999999999","Enrichr--Queries","HSPG2,ATF3,ABCA1,FASN,DAB2IP,ZNF512B,RERE,NAV1,SLC6A6,SERPINB8,CKB,GRB10,PGF,CDK6,BCL11A,IFI6"
"DEG_LD_SW480","1029","0.732899999999999996","FOXO4","FOXO4","16","296","0.225300000000000000266","0.30699999999999999511502","1.2549999999999999","Enrichr--Queries","ATF3,ABCA1,PPARG,FBXO32,EPAS1,CD82,CAT,SERPINB8,TLE1,CDK6,HMGCS1,CEBPD,IFITM1,PDK4,ALDOC,SELENOP"
"DEG_LD_SW480","1030","0.733600000000000030","ZNF281","ZNF281","16","296","0.225300000000000000266","0.30699999999999999511502","1.2549999999999999","Enrichr--Queries","ATF3,ABCA1,QKI,EPAS1,CTSB,RND3,ALCAM,NAMPT,ANXA1,SERPINB8,CDK6,DUSP10,HMGCS1,CEBPD,TGFBI,GNA13"
"DEG_LD_SW480","1031","0.734299999999999953","HNF4A","HNF4A","16","297","0.229199999999999987077","0.30999999999999999777955","1.2509999999999999","Enrichr--Queries","ATF3,ABCA1,PPARG,AGXT,LRP2,EPAS1,IGF1,TFAP2A,VDR,GJB1,MITF,DAB2,CEBPD,SOX2,SELENOP,TGFBI"
"DEG_LD_SW480","1032","0.734999999999999987","ZNF805","ZNF805","16","297","0.229199999999999987077","0.30999999999999999777955","1.2509999999999999","Enrichr--Queries","ATF3,SLC5A3,ABCA1,EIF5,RORA,ATXN1,FBXO32,QKI,NAMPT,SERPINB8,ASNS,CDK6,INSL3,ARRDC4,SESTD1,NFKBIZ"
"DEG_LD_SW480","1033","0.735800000000000010","ZNF205","ZNF205","16","297","0.229199999999999987077","0.30999999999999999777955","1.2509999999999999","Enrichr--Queries","HSPG2,ATF3,NAPSA,FASN,MDK,UPP1,EPHB4,HYAL1,NR1D1,LFNG,SERPINB8,CKB,PGF,TRMT61A,IFITM3,LTBP2"
"DEG_LD_SW480","1034","0.736500000000000044","ZNF7","ZNF7","16","297","0.229199999999999987077","0.30999999999999999777955","1.2509999999999999","Enrichr--Queries","ATF3,ABCA1,FASN,FBXO32,UPP1,CNTN1,RERE,ALCAM,SERPINB8,F2R,PGF,ITPR1,CDK6,IFITM3,MATN2,CADPS2"
"DEG_LD_SW480","1035","0.737199999999999966","THAP6","THAP6","16","297","0.229199999999999987077","0.30999999999999999777955","1.2509999999999999","Enrichr--Queries","ATF3,ABCA1,RORA,FBXO32,CTSB,ALCAM,ANXA1,SERPINB8,GPR155,ATP8A1,PGF,CDK6,ARRDC4,SESTD1,SH3PXD2A,NFKBIZ"
"DEG_LD_SW480","1036","0.737900000000000000","ZSCAN21","ZSCAN21","16","297","0.229199999999999987077","0.30999999999999999777955","1.2509999999999999","Enrichr--Queries","ATF3,ABCA1,NAPSA,FBXO32,HYAL1,CNN3,RERE,RND3,ST3GAL5,SERPINB8,PGF,ASNS,MCM7,HMGCS1,CADPS2,NFKBIZ"
"DEG_LD_SW480","1037","0.738600000000000034","PKNOX1","PKNOX1","16","297","0.229199999999999987077","0.30999999999999999777955","1.2509999999999999","Enrichr--Queries","ATF3,ABCA1,EIF5,RORA,ATXN1,EPAS1,AUTS2,RERE,ALCAM,SLC6A6,GRB10,PGF,CDK6,TIAM1,SH3PXD2A,TGFBR3"
"DEG_LD_SW480","1038","0.739299999999999957","ZNF778","ZNF778","16","298","0.233000000000000012657","0.31199999999999999955591","1.2460000000000000","Enrichr--Queries","ATF3,ABCA1,FASN,ZNF469,ATXN1,EPAS1,CTSB,VDR,RERE,SYTL2,SLC6A6,SERPINB8,ITPR1,IFITM3,TIAM2,CADPS2"
"DEG_LD_SW480","1039","0.739999999999999991","ZNF182","ZNF182","16","298","0.233000000000000012657","0.31199999999999999955591","1.2460000000000000","Enrichr--Queries","ATF3,ABCA1,DZIP3,DMD,RORA,FBXO32,ZNF711,SH3BGRL,ISG20,SYTL2,SERPINB8,ASNS,PDK4,CADPS2,SELENOP,ZMAT1"
"DEG_LD_SW480","1040","0.740700000000000025","BAZ2B","BAZ2B","16","298","0.233000000000000012657","0.31199999999999999955591","1.2460000000000000","Enrichr--Queries","ABCA1,RORA,ATXN1,TANC2,AUTS2,RERE,SERPINB8,ATP8A1,ANKRD44,ITPR1,CDK6,NBEA,PTPN13,RABGAP1L,BCL11A,CADPS2"
"DEG_LD_SW480","1041","0.741500000000000048","ZXDC","ZXDC","16","298","0.233000000000000012657","0.31199999999999999955591","1.2460000000000000","Enrichr--Queries","ATF3,ABCA1,RORA,ATXN1,ARHGEF3,NEDD9,RERE,ALCAM,SLC6A6,SERPINB8,GRB10,TLE1,ITPR1,NR4A3,NFKBIZ,KLF15"
"DEG_LD_SW480","1042","0.742199999999999971","SREBF2","SREBF2","16","298","0.233000000000000012657","0.31199999999999999955591","1.2460000000000000","Enrichr--Queries","HSPG2,ATF3,ABCA1,NAPSA,FASN,EPAS1,MSMO1,LASP1,ALCAM,SLC6A6,SERPINB8,CKB,ITPR1,HMGCS1,SH3PXD2A,ALDOC"
"DEG_LD_SW480","1043","0.742900000000000005","MEF2D","MEF2D","16","298","0.233000000000000012657","0.31199999999999999955591","1.2460000000000000","Enrichr--Queries","ATF3,ABCA1,FASN,RORA,ATXN1,FURIN,EPAS1,CTSB,RERE,LASP1,NAV1,NR1D1,SLC6A6,SERPINB8,CDK6,SH3PXD2A"
"DEG_LD_SW480","1044","0.743600000000000039","NFXL1","NFXL1","16","298","0.233000000000000012657","0.31199999999999999955591","1.2460000000000000","Enrichr--Queries","ATF3,ABCA1,PAG1,ISG20,ALCAM,NAMPT,ANXA1,SERPINB8,ITPR1,ASNS,DAB2,CDK6,MCM7,TGFBI,PDE3B,NFKBIZ"
"DEG_LD_SW480","1045","0.744299999999999962","ZNF529","ZNF529","16","298","0.233000000000000012657","0.31199999999999999955591","1.2460000000000000","Enrichr--Queries","ATF3,ABCA1,DMD,RORA,ZNF680,ZNF429,ZNF711,NEDD9,AUTS2,SERPINB8,ZNF107,ZNF331,ASNS,CDK6,NBEA,BCL11A"
"DEG_LD_SW480","1046","0.744999999999999996","NCOA1","NCOA1","16","298","0.233000000000000012657","0.31199999999999999955591","1.2460000000000000","Enrichr--Queries","ABCA1,PPARG,RORA,ATXN1,EPAS1,TANC2,AUTS2,VDR,RERE,SERPINB8,GRB10,ITPR1,CDK6,NBEA,TIAM1,TGFBR3"
"DEG_LD_SW480","1047","0.745700000000000029","FOXJ2","FOXJ2","16","298","0.233000000000000012657","0.31199999999999999955591","1.2460000000000000","Enrichr--Queries","ATF3,ABCA1,FASN,RORA,ATXN1,FURIN,EPAS1,ARHGEF3,NEDD9,RERE,LASP1,NAV1,SERPINB8,BCL11A,SLC44A2,SH3PXD2A"
"DEG_LD_SW480","1048","0.746399999999999952","STAT5B","STAT5B","16","298","0.233000000000000012657","0.31199999999999999955591","1.2460000000000000","Enrichr--Queries","ATF3,ABCA1,FASN,PPARG,RORA,FURIN,EPAS1,VDR,LASP1,CAT,NAMPT,ANXA1,SERPINB8,GRB10,ITPR1,CDK6"
"DEG_LD_SW480","1049","0.747199999999999975","ZNF547","ZNF547","16","298","0.233000000000000012657","0.31199999999999999955591","1.2460000000000000","Enrichr--Queries","ATF3,EIF5,HEY1,RORA,ZNF610,AUTS2,RND3,ANXA1,SERPINB8,PRUNE2,ZNF331,PGF,CEMIP,ASNS,CADPS2,NR4A3"
"DEG_LD_SW480","1050","0.747900000000000009","ZNF584","ZNF584","16","299","0.236999999999999988454","0.31600000000000000310862","1.2420000000000000","Enrichr--Queries","ATF3,NAPSA,FASN,ATXN1,UPP1,EGR3,HYAL1,NAV1,SERPINB8,ZNF331,PGF,CDK6,CEBPD,SH3PXD2A,LTBP2,TGFBR3"
"DEG_LD_SW480","1051","0.748600000000000043","ZNF324","ZNF324","16","299","0.236999999999999988454","0.31600000000000000310862","1.2420000000000000","Enrichr--Queries","ATF3,MEPCE,NAPSA,FASN,UPP1,KCTD12,HYAL1,ISG20,RERE,SYTL2,SERPINB8,CKB,F2R,PGF,CEBPD,CADPS2"
"DEG_LD_SW480","1052","0.749299999999999966","ZNF337","ZNF337","16","299","0.236999999999999988454","0.31600000000000000310862","1.2420000000000000","Enrichr--Queries","HSPG2,ATF3,ABCA1,FASN,DEPP1,ACTA2,SYTL2,XPC,SERPINB8,PGF,ASNS,HMGCS1,CEBPD,BCL11A,SH3PXD2A,NLRP1"
"DEG_LD_SW480","1053","0.750000000000000000","ZNF549","ZNF549","15","292","0.295800000000000007372","0.39400000000000001687539","1.1890000000000001","Enrichr--Queries","FASN,ZNF486,NPC2,TNFSF15,ISG20,SHROOM4,SYTL2,ANXA1,SERPINB8,F2R,CDK6,HMGCS1,IFITM3,IFI6,TGFBI"
"DEG_LD_SW480","1054","0.750700000000000034","ZNF674","ZNF674","15","293","0.300200000000000022382","0.39900000000000002131628","1.1850000000000001","Enrichr--Queries","ATF3,ABCA1,ZNF486,UPP1,NPC2,ZNF711,ISG20,SHROOM4,ANXA1,SERPINB8,F2R,ASNS,IFITM3,CADPS2,TGFBI"
"DEG_LD_SW480","1055","0.751399999999999957","SLC2A4RG","SLC2A4RG","15","293","0.300200000000000022382","0.39900000000000002131628","1.1850000000000001","Enrichr--Queries","FASN,ZNF512B,MDK,FURIN,EEF1A2,GNB2,SIVA1,TRIP6,LFNG,SERPINB8,CKB,MCM7,CEBPD,SLC44A2,LTBP2"
"DEG_LD_SW480","1056","0.752099999999999991","ZNF430","ZNF430","15","294","0.304599999999999981881","0.40500000000000002664535","1.1810000000000000","Enrichr--Queries","ZNF273,ZNF486,ZNF681,ZNF680,ZNF429,ZNF92,ZNF93,ANXA1,SERPINB8,ZNF117,ZNF107,F2R,ZNF737,BCL11A,IFI6"
"DEG_LD_SW480","1057","0.752800000000000025","HES6","HES6","15","295","0.309099999999999985878","0.40899999999999997468692","1.1770000000000000","Enrichr--Queries","ATF3,FASN,MDK,CD74,MSMO1,LFNG,SERPINB8,CKB,ASNS,MCM7,HMGCS1,IFITM3,ALDOC,SELENOP,TGFBI"
"DEG_LD_SW480","1058","0.753600000000000048","ZNF136","ZNF136","15","295","0.309099999999999985878","0.40899999999999997468692","1.1770000000000000","Enrichr--Queries","ATF3,RORA,ZNF680,ZNF711,PAG1,ZNF92,ZNF93,ANXA1,SERPINB8,ZNF117,ZNF107,ZNF331,F2R,PGF,INSL3"
"DEG_LD_SW480","1059","0.754299999999999971","ZNF22","ZNF22","15","295","0.309099999999999985878","0.40899999999999997468692","1.1770000000000000","Enrichr--Queries","ABCA1,KCTD12,SH3BGRL,CNN3,RND3,ALCAM,ANXA1,SERPINB8,F2R,ASNS,MCM7,IFITM3,MGST1,SELENOP,TGFBI"
"DEG_LD_SW480","1060","0.755000000000000004","NR5A1","NR5A1","15","295","0.309099999999999985878","0.40899999999999997468692","1.1770000000000000","Enrichr--Queries","ATF3,NAPSA,FASN,PPARG,EPAS1,EGR3,CTSB,VDR,GNB2,NR1D1,CKB,PGF,CDK6,MCM7,CEBPD"
"DEG_LD_SW480","1061","0.755700000000000038","ZKSCAN5","ZKSCAN5","15","296","0.313500000000000000888","0.41299999999999997823963","1.1719999999999999","Enrichr--Queries","ATF3,NAPSA,ATXN1,HYAL1,RERE,ZSCAN21,NR1D1,SERPINB8,GRB10,PGF,ITPR1,CDK6,MCM7,DUSP10,CADPS2"
"DEG_LD_SW480","1062","0.756399999999999961","ZNF160","ZNF160","15","296","0.313500000000000000888","0.41299999999999997823963","1.1719999999999999","Enrichr--Queries","ATF3,ABCA1,RORA,PAG1,NEDD9,ANXA1,SERPINB8,ZNF331,PGF,ASNS,INSL3,HMGCS1,CEBPD,ARRDC4,ALDOC"
"DEG_LD_SW480","1063","0.757099999999999995","ZNF16","ZNF16","15","296","0.313500000000000000888","0.41299999999999997823963","1.1719999999999999","Enrichr--Queries","ATF3,FASN,EPAS1,EEF1A2,DKK1,SERPINB8,MOCOS,ANKRD37,TLE1,PGF,ASNS,CDK6,HMGCS1,BCL11A,CADPS2"
"DEG_LD_SW480","1064","0.757800000000000029","ZNF746","ZNF746","15","296","0.313500000000000000888","0.41299999999999997823963","1.1719999999999999","Enrichr--Queries","ATF3,MEPCE,ABCA1,FASN,ISG20,NAMPT,SLC6A6,ANXA1,SERPINB8,GRB10,PGF,ASNS,CEBPD,TGFBI,NFKBIZ"
"DEG_LD_SW480","1065","0.758499999999999952","ZNF580","ZNF580","15","296","0.313500000000000000888","0.41299999999999997823963","1.1719999999999999","Enrichr--Queries","ATF3,NAPSA,FASN,MDK,HYAL1,ISG20,ALCAM,SERPINB8,GPNMB,CKB,PGF,CEBPD,IFITM3,IFI6,LTBP2"
"DEG_LD_SW480","1066","0.759299999999999975","DMTF1","DMTF1","15","297","0.318000000000000004885","0.41499999999999998001599","1.1679999999999999","Enrichr--Queries","ATF3,ABCA1,EIF5,PPARG,LOXL2,ALCAM,ANXA1,SERPINB8,PGF,ITPR1,CDK6,HMGCS1,CEBPD,EDN1,TGFBI"
"DEG_LD_SW480","1067","0.760000000000000009","E2F6","E2F6","15","297","0.318000000000000004885","0.41499999999999998001599","1.1679999999999999","Enrichr--Queries","ATF3,FASN,PPARG,EPAS1,EGR3,RND3,NAMPT,SERPINB8,GRB10,PGF,CDK6,MCM7,DUSP10,CEBPD,EDN1"
"DEG_LD_SW480","1068","0.760700000000000043","THAP3","THAP3","15","297","0.318000000000000004885","0.41499999999999998001599","1.1679999999999999","Enrichr--Queries","ATF3,NAPSA,FBXO6,MXRA8,HYAL1,GNB2,RERE,SIVA1,NR1D1,SERPINB8,CKB,PGF,TRMT61A,IGSF8,TSC22D4"
"DEG_LD_SW480","1069","0.761399999999999966","ZNF3","ZNF3","15","297","0.318000000000000004885","0.41499999999999998001599","1.1679999999999999","Enrichr--Queries","ATF3,ABCA1,FASN,RORA,FBXO32,AUTS2,ZSCAN21,NR1D1,SERPINB8,GRB10,PGF,ASNS,CDK6,MCM7,BCL11A"
"DEG_LD_SW480","1070","0.762100000000000000","MYB","MYB","15","297","0.318000000000000004885","0.41499999999999998001599","1.1679999999999999","Enrichr--Queries","ATF3,ABCA1,PPARG,EPAS1,EGR3,ANXA1,SERPINB8,CDK6,MCM7,CEBPD,IFITM1,SOX2,BCL11A,SGO1,TGFBI"
"DEG_LD_SW480","1071","0.762800000000000034","ZNF517","ZNF517","15","297","0.318000000000000004885","0.41499999999999998001599","1.1679999999999999","Enrichr--Queries","FASN,GPRC5C,CLBA1,MDK,MXRA8,HYAL1,RERE,LFNG,CKB,CEBPD,MATN2,IFI6,CADPS2,ARHGAP45,NFKBIZ"
"DEG_LD_SW480","1072","0.763499999999999956","ZNF619","ZNF619","15","297","0.318000000000000004885","0.41499999999999998001599","1.1679999999999999","Enrichr--Queries","PPP1R3B,FMN1,LFNG,SERPINB8,ZNF107,MITF,PGF,ZNF501,ZNF737,TLR3,CADPS2,STEAP2,NFKBIZ,TGFBR3,OAS1"
"DEG_LD_SW480","1073","0.764199999999999990","ZNF548","ZNF548","15","297","0.318000000000000004885","0.41499999999999998001599","1.1679999999999999","Enrichr--Queries","ATF3,ABCA1,RORA,PAG1,AUTS2,MAML2,NAMPT,SERPINB8,ZNF117,ZNF107,ZNF331,ITPR1,ARRDC4,ZMAT1,TGFBR3"
"DEG_LD_SW480","1074","0.765000000000000013","ZNF414","ZNF414","15","297","0.318000000000000004885","0.41499999999999998001599","1.1679999999999999","Enrichr--Queries","NAPSA,FASN,MDK,HYAL1,EEF1A2,GNB2,NR1D1,LFNG,CKB,TLE2,IGSF8,TSC22D4,ARHGAP45,LTBP2,ASPSCR1"
"DEG_LD_SW480","1075","0.765700000000000047","SP4","SP4","15","297","0.318000000000000004885","0.41499999999999998001599","1.1679999999999999","Enrichr--Queries","ATF3,ABCA1,RORA,ATXN1,PAG1,TET1,SERPINB8,ATP8A1,ANKRD44,MITF,CDK6,PDK4,BCL11B,BCL11A,TGFBR3"
"DEG_LD_SW480","1076","0.766399999999999970","XBP1","XBP1","15","297","0.318000000000000004885","0.41499999999999998001599","1.1679999999999999","Enrichr--Queries","ATF3,EIF5,FASN,NPC2,CTSB,CD74,ISG20,ANXA1,SERPINB8,ASNS,HMGCS1,CEBPD,IFITM3,TGFBI,NFKBIZ"
"DEG_LD_SW480","1077","0.767100000000000004","ZNF672","ZNF672","15","297","0.318000000000000004885","0.41499999999999998001599","1.1679999999999999","Enrichr--Queries","ATF3,FASN,CTSB,CD82,ISG20,ANXA1,SERPINB8,CKB,PGF,MCM7,HMGCS1,CEBPD,IFITM3,IFI6,ARHGAP45"
"DEG_LD_SW480","1078","0.767800000000000038","RREB1","RREB1","15","298","0.322500000000000008882","0.41899999999999998356870","1.1639999999999999","Enrichr--Queries","ATF3,ABCA1,RORA,ATXN1,EPAS1,AUTS2,RERE,NAV1,SLC6A6,SERPINB8,ITPR1,CDK6,BCL11B,SH3PXD2A,TGFBR3"
"DEG_LD_SW480","1079","0.768499999999999961","ZNF76","ZNF76","15","298","0.322500000000000008882","0.41899999999999998356870","1.1639999999999999","Enrichr--Queries","HSPG2,NAPSA,FASN,DAB2IP,FURIN,HYAL1,LASP1,NR1D1,SERPINB8,CKB,GRB10,PGF,ITPR1,SH3PXD2A,CADPS2"
"DEG_LD_SW480","1080","0.769199999999999995","ZNF215","ZNF215","15","298","0.322500000000000008882","0.41899999999999998356870","1.1639999999999999","Enrichr--Queries","FASN,KCNMA1,PPARG,RORA,HERC5,IL1B,ISG20,CNTN1,DKK1,SYTL2,SERPINB8,MOCOS,BCL11A,CADPS2,STEAP1"
"DEG_LD_SW480","1081","0.769900000000000029","PRR12","PRR12","15","298","0.322500000000000008882","0.41899999999999998356870","1.1639999999999999","Enrichr--Queries","HSPG2,FASN,DAB2IP,FURIN,BCORL1,BAHCC1,AUTS2,RERE,NAV1,NR1D1,ANKRD52,CKB,SH3PXD2A,LTBP2,BICRA"
"DEG_LD_SW480","1082","0.770700000000000052","GZF1","GZF1","15","299","0.327100000000000001865","0.42299999999999998712141","1.1599999999999999","Enrichr--Queries","ATF3,ABCA1,EIF5,ATXN1,FBXO32,EGR3,NAMPT,NR1D1,SLC6A6,SERPINB8,TLE1,ARRDC4,SH3PXD2A,NR4A3,NFKBIZ"
"DEG_LD_SW480","1083","0.771399999999999975","ZNF628","ZNF628","15","299","0.327100000000000001865","0.42299999999999998712141","1.1599999999999999","Enrichr--Queries","HSPG2,NAPSA,FASN,DAB2IP,FURIN,EGR3,WNK2,HYAL1,BAHCC1,GNB2,RERE,NR1D1,TRMT61A,IGSF8,BICRA"
"DEG_LD_SW480","1084","0.772100000000000009","ZBTB7B","ZBTB7B","15","299","0.327100000000000001865","0.42299999999999998712141","1.1599999999999999","Enrichr--Queries","HSPG2,ATF3,NAPSA,FASN,FURIN,EPAS1,HYAL1,CD82,VDR,LASP1,NR1D1,LFNG,SERPINB8,CKB,CEBPD"
"DEG_LD_SW480","1085","0.772800000000000042","ZNF621","ZNF621","15","299","0.327100000000000001865","0.42299999999999998712141","1.1599999999999999","Enrichr--Queries","ABCA1,KCNMA1,RORA,ATXN1,FBXO32,QKI,ZNF655,MAML2,ALCAM,SERPINB8,ZNF107,PGF,CDK6,DUSP10,TGFBR3"
"DEG_LD_SW480","1086","0.773499999999999965","ZNF786","ZNF786","14","292","0.396899999999999975042","0.51300000000000001154632","1.1060000000000001","Enrichr--Queries","ATF3,ZNF486,PTGR2,ISG20,SHROOM4,LFNG,SERPINB8,CEBPD,IFITM1,BCL11A,IFI6,CADPS2,TGFBI,NFKBIZ"
"DEG_LD_SW480","1087","0.774199999999999999","ZNF227","ZNF227","14","294","0.406600000000000016964","0.52500000000000002220446","1.0980000000000001","Enrichr--Queries","MTERF1,ATF3,ZNF680,UPP1,ZNF92,ALCAM,ANXA1,SERPINB8,ZNF107,ZNF331,PGF,CDK6,HMGCS1,CADPS2"
"DEG_LD_SW480","1088","0.774900000000000033","ZNF232","ZNF232","14","295","0.411499999999999976907","0.53000000000000002664535","1.0940000000000001","Enrichr--Queries","ATF3,ZNF239,PPARG,ZNF680,UPP1,EGR3,TFAP2A,SERPINB8,CKB,PGF,MCM7,BCL11A,CADPS2,STEAP1"
"DEG_LD_SW480","1089","0.775599999999999956","CEBPG","CEBPG","14","295","0.411499999999999976907","0.53000000000000002664535","1.0940000000000001","Enrichr--Queries","ATF3,ABCA1,EIF5,UPP1,EPAS1,MSMO1,RND3,NAMPT,ANXA1,SERPINB8,GRB10,ASNS,HMGCS1,CEBPD"
"DEG_LD_SW480","1090","0.776399999999999979","NCOA3","NCOA3","14","295","0.411499999999999976907","0.53000000000000002664535","1.0940000000000001","Enrichr--Queries","ATF3,ABCA1,EIF5,FASN,EPAS1,CTSB,LASP1,ALCAM,ANXA1,SERPINB8,CKB,CDK6,IFITM3,TGFBI"
"DEG_LD_SW480","1091","0.777100000000000013","ZNF670","ZNF670","14","295","0.411499999999999976907","0.53000000000000002664535","1.0940000000000001","Enrichr--Queries","ATF3,ZNF681,DBF4,ZNF711,ZNF92,ZNF93,SERPINB8,ZNF107,PGF,MCM7,DUSP10,EDN1,KBTBD8,SGO1"
"DEG_LD_SW480","1092","0.777800000000000047","ZNF444","ZNF444","14","296","0.416399999999999992362","0.53500000000000003108624","1.0900000000000001","Enrichr--Queries","MEPCE,NAPSA,FASN,MDK,HYAL1,GNB2,SERPINB8,CKB,PGF,CEBPD,TSC22D4,IFI6,ASPSCR1,BICRA"
"DEG_LD_SW480","1093","0.778499999999999970","ZNF446","ZNF446","14","297","0.421200000000000018829","0.53600000000000003197442","1.0860000000000001","Enrichr--Queries","MEPCE,FASN,HEY1,CLBA1,ZNF512B,DYSF,XRCC3,RTP3,CD7,NR1D1,TLE2,CEBPD,PTGDS,TSHZ2"
"DEG_LD_SW480","1094","0.779200000000000004","HMG20A","HMG20A","14","297","0.421200000000000018829","0.53600000000000003197442","1.0860000000000001","Enrichr--Queries","ABCA1,RORA,ATXN1,ARHGEF3,CNN3,RERE,LASP1,SERPINB8,ITPR1,CDK6,BCL11A,SH3PXD2A,DOCK4,TGFBR3"
"DEG_LD_SW480","1095","0.779900000000000038","NFAT5","NFAT5","14","297","0.421200000000000018829","0.53600000000000003197442","1.0860000000000001","Enrichr--Queries","ATF3,SLC5A3,ABCA1,RORA,ATXN1,EPAS1,TANC2,RERE,NAV1,ITPR1,CDK6,SH3PXD2A,NFKBIZ,TGFBR3"
"DEG_LD_SW480","1096","0.780599999999999961","HMBOX1","HMBOX1","14","297","0.421200000000000018829","0.53600000000000003197442","1.0860000000000001","Enrichr--Queries","ATF3,ABCA1,RORA,ATXN1,EPAS1,NEDD9,TANC2,RERE,SERPINB8,ITPR1,NBEA,SH3PXD2A,DOCK4,TGFBR3"
"DEG_LD_SW480","1097","0.781299999999999994","ZNF92","ZNF92","14","297","0.421200000000000018829","0.53600000000000003197442","1.0860000000000001","Enrichr--Queries","ZNF273,EGLN3,ZNF681,ZNF680,ZNF429,DBF4,ZNF93,SERPINB8,ZNF117,ZNF107,CDK6,DUSP10,HMGCS1,BCL11A"
"DEG_LD_SW480","1098","0.782100000000000017","ZNF174","ZNF174","14","297","0.421200000000000018829","0.53600000000000003197442","1.0860000000000001","Enrichr--Queries","ATF3,MEPCE,RORA,FCGR2A,CTSB,SIVA1,SERPINB8,GPNMB,ZNF331,PGF,ITPR1,WFS1,PLEKHG4,CADPS2"
"DEG_LD_SW480","1099","0.782800000000000051","FOXO3","FOXO3","14","297","0.421200000000000018829","0.53600000000000003197442","1.0860000000000001","Enrichr--Queries","ATF3,ABCA1,PPARG,RORA,ATXN1,EPAS1,CTSB,RERE,NAMPT,SERPINB8,TLE1,CDK6,CEBPD,TGFBR3"
"DEG_LD_SW480","1100","0.783499999999999974","ZNF692","ZNF692","14","297","0.421200000000000018829","0.53600000000000003197442","1.0860000000000001","Enrichr--Queries","HSPG2,ATF3,NAPSA,FASN,HYAL1,NR1D1,SERPINB8,CKB,TLE2,PGF,ASNS,MCM7,IFITM3,NFKBIZ"
"DEG_LD_SW480","1101","0.784200000000000008","HSF2","HSF2","14","297","0.421200000000000018829","0.53600000000000003197442","1.0860000000000001","Enrichr--Queries","ATF3,ABCA1,RORA,MSMO1,RND3,ALCAM,NAMPT,ANXA1,SERPINB8,MITF,PGF,ASNS,HMGCS1,BCL11A"
"DEG_LD_SW480","1102","0.784900000000000042","HIC2","HIC2","14","297","0.421200000000000018829","0.53600000000000003197442","1.0860000000000001","Enrichr--Queries","ATF3,ABCA1,FASN,RORA,ATXN1,EPAS1,MOGAT3,NAV1,SLC6A6,LFNG,TET1,SERPINB8,CDK6,SH3PXD2A"
"DEG_LD_SW480","1103","0.785599999999999965","ZNF408","ZNF408","14","297","0.421200000000000018829","0.53600000000000003197442","1.0860000000000001","Enrichr--Queries","POP7,ATF3,MEPCE,MDK,UPP1,XRCC3,SIVA1,TRIP6,SERPINB8,ANKRD37,SLC15A3,MCM7,TRMT61A,TEDC1"
"DEG_LD_SW480","1104","0.786299999999999999","CUX1","CUX1","14","298","0.426099999999999978773","0.53800000000000003375078","1.0830000000000000","Enrichr--Queries","ABCA1,RORA,ATXN1,EPAS1,AUTS2,RERE,NAV1,ALCAM,SERPINB8,ITPR1,CDK6,TIAM1,BCL11A,SH3PXD2A"
"DEG_LD_SW480","1105","0.787000000000000033","ZHX1","ZHX1","14","298","0.426099999999999978773","0.53800000000000003375078","1.0830000000000000","Enrichr--Queries","ATF3,ABCA1,RORA,ATXN1,FBXO32,KCTD12,PAG1,SH3BGRL,ALCAM,ANXA1,SERPINB8,ITPR1,CDK6,TGFBR3"
"DEG_LD_SW480","1106","0.787699999999999956","RELA","RELA","14","298","0.426099999999999978773","0.53800000000000003375078","1.0830000000000000","Enrichr--Queries","RNASE1,ATF3,NAPSA,FASN,PPARG,FURIN,EPAS1,CTSB,IL1B,VDR,LASP1,ANXA1,CEBPD,IFITM3"
"DEG_LD_SW480","1107","0.788499999999999979","TIGD5","TIGD5","14","298","0.426099999999999978773","0.53800000000000003375078","1.0830000000000000","Enrichr--Queries","ATF3,NAPSA,FASN,HYAL1,CHCHD10,SIVA1,LFNG,SERPINB8,MCM7,CEBPD,TRMT61A,SH3PXD2A,TEDC1,ASPSCR1"
"DEG_LD_SW480","1108","0.789200000000000013","TCF20","TCF20","14","298","0.426099999999999978773","0.53800000000000003375078","1.0830000000000000","Enrichr--Queries","FASN,DAB2IP,RORA,ATXN1,TANC2,AUTS2,RERE,NAV1,SLC6A6,ITPR1,TIAM1,BCL11B,BCL11A,SH3PXD2A"
"DEG_LD_SW480","1109","0.789900000000000047","ZBTB1","ZBTB1","14","298","0.426099999999999978773","0.53800000000000003375078","1.0830000000000000","Enrichr--Queries","ATF3,ABCA1,EIF5,RORA,ATXN1,NEDD9,NAMPT,ANXA1,SERPINB8,DUSP10,HMGCS1,CEBPD,NR4A3,NFKBIZ"
"DEG_LD_SW480","1110","0.790599999999999969","ZNF765","ZNF765","14","298","0.426099999999999978773","0.53800000000000003375078","1.0830000000000000","Enrichr--Queries","ZNF273,RORA,ZNF681,ZNF680,ZNF429,NEDD9,ZNF92,SERPINB8,ZNF117,ZNF107,ZNF331,CDK6,ZNF737,CADPS2"
"DEG_LD_SW480","1111","0.791300000000000003","ZNF780B","ZNF780B","14","298","0.426099999999999978773","0.53800000000000003375078","1.0830000000000000","Enrichr--Queries","RORA,ZNF680,ATXN1,ZNF429,GTPBP10,SYTL2,SERPINB8,ZNF117,ZNF107,ATP8A1,PGF,CDK6,NBEA,ZNF737"
"DEG_LD_SW480","1112","0.792000000000000037","FOXK1","FOXK1","14","299","0.430999999999999994227","0.54300000000000003819167","1.0790000000000000","Enrichr--Queries","HSPG2,FASN,DAB2IP,RORA,ATXN1,EPAS1,AUTS2,RERE,NAV1,SERPINB8,GRB10,CDK6,NECTIN1,SH3PXD2A"
"DEG_LD_SW480","1113","0.792699999999999960","ZNF319","ZNF319","14","299","0.430999999999999994227","0.54300000000000003819167","1.0790000000000000","Enrichr--Queries","ATF3,NAPSA,FASN,DAB2IP,ATXN1,FBXO32,FURIN,EPAS1,RERE,LFNG,SERPINB8,CEBPD,BCL11A,SH3PXD2A"
"DEG_LD_SW480","1114","0.793399999999999994","FOXN2","FOXN2","14","299","0.430999999999999994227","0.54300000000000003819167","1.0790000000000000","Enrichr--Queries","ATF3,ABCA1,RORA,ATXN1,EPAS1,RND3,ALCAM,NAMPT,ANXA1,SERPINB8,ITPR1,CDK6,NFKBIZ,GNA13"
"DEG_LD_SW480","1115","0.794200000000000017","ZNF84","ZNF84","13","295","0.523000000000000020428","0.65700000000000002842171","1.0120000000000000","Enrichr--Queries","RORA,ZNF680,QKI,ZNF711,TET1,SERPINB8,ZNF117,ZNF107,ZNF331,CDK6,NBEA,BCL11B,BCL11A"
"DEG_LD_SW480","1116","0.794900000000000051","TP53","TP53","13","295","0.523000000000000020428","0.65700000000000002842171","1.0120000000000000","Enrichr--Queries","RNASE1,ATF3,FASN,PPARG,IL1B,TFAP2A,VDR,CAT,ANXA1,CDK6,MCM7,CEBPD,SOX2"
"DEG_LD_SW480","1117","0.795599999999999974","ZNF202","ZNF202","13","295","0.523000000000000020428","0.65700000000000002842171","1.0120000000000000","Enrichr--Queries","ATF3,UPP1,ISG20,RND3,NAMPT,SERPINB8,PGF,ASNS,CDK6,MCM7,TRMT61A,BCL11A,EDN1"
"DEG_LD_SW480","1118","0.796300000000000008","JUND","JUND","13","296","0.527900000000000035882","0.66200000000000003286260","1.0089999999999999","Enrichr--Queries","ATF3,FASN,NPC2,CTSB,CD74,LASP1,ANXA1,CKB,HMGCS1,CEBPD,IFITM3,TGFBI,NFKBIZ"
"DEG_LD_SW480","1119","0.797000000000000042","ZNF589","ZNF589","13","296","0.527900000000000035882","0.66200000000000003286260","1.0089999999999999","Enrichr--Queries","BSN,VDR,LFNG,SERPINB8,SLC15A3,MCM7,CEBPD,SOX2,TIAM1,BCL11A,KLHDC8B,SLC44A2,CAMKV"
"DEG_LD_SW480","1120","0.797699999999999965","ZNF74","ZNF74","13","297","0.532800000000000051337","0.66600000000000003641532","1.0049999999999999","Enrichr--Queries","FASN,YPEL1,ZNF512B,ARRB1,TFAP2A,AUTS2,TET1,CDK6,NBEA,MCM7,BCL11B,BCL11A,SH3PXD2A"
"DEG_LD_SW480","1121","0.798399999999999999","SRF","SRF","13","297","0.532800000000000051337","0.66600000000000003641532","1.0049999999999999","Enrichr--Queries","ATF3,FASN,ATXN1,EPAS1,EGR3,CNTN1,RND3,ACTA2,SERPINB8,CDK6,CEBPD,NR4A3,NFKBIZ"
"DEG_LD_SW480","1122","0.799100000000000033","ZBTB7A","ZBTB7A","13","297","0.532800000000000051337","0.66600000000000003641532","1.0049999999999999","Enrichr--Queries","HSPG2,ATF3,NAPSA,FASN,DAB2IP,RORA,ATXN1,FURIN,EPAS1,RERE,LASP1,CEBPD,SH3PXD2A"
"DEG_LD_SW480","1123","0.799900000000000055","ZNF417","ZNF417","13","297","0.532800000000000051337","0.66600000000000003641532","1.0049999999999999","Enrichr--Queries","ZNF681,ZNF680,ZNF429,HYAL1,SYTL2,SERPINB8,ZNF117,ZNF107,ZNF331,PGF,ITPR1,ZNF737,CADPS2"
"DEG_LD_SW480","1124","0.800599999999999978","ZNF234","ZNF234","13","298","0.537699999999999955769","0.66800000000000003819167","1.0020000000000000","Enrichr--Queries","ZNF239,ZNF429,SERPINB8,ZNF117,ZNF331,F2R,PGF,CDK6,ZNF737,EDN1,IFI6,CADPS2,OAS1"
"DEG_LD_SW480","1125","0.801300000000000012","ZBTB37","ZBTB37","13","298","0.537699999999999955769","0.66800000000000003819167","1.0020000000000000","Enrichr--Queries","ATF3,ABCA1,RORA,ATXN1,PAG1,TANC2,NAV1,TET1,SERPINB8,ANKRD44,CDK6,RABGAP1L,CADPS2"
"DEG_LD_SW480","1126","0.802000000000000046","ZNF611","ZNF611","13","298","0.537699999999999955769","0.66800000000000003819167","1.0020000000000000","Enrichr--Queries","ATF3,ABCA1,ZNF486,RORA,QKI,SYTL2,SERPINB8,ZNF117,ZNF107,ZNF331,PGF,CDK6,TGFBR3"
"DEG_LD_SW480","1127","0.802699999999999969","ZNF691","ZNF691","13","298","0.537699999999999955769","0.66800000000000003819167","1.0020000000000000","Enrichr--Queries","ATF3,EGLN3,FBXO32,HYAL1,CNTN1,NR1D1,SERPINB8,OLFML3,PGF,DUSP10,MGST1,BCL11A,NFKBIZ"
"DEG_LD_SW480","1128","0.803400000000000003","MNT","MNT","13","298","0.537699999999999955769","0.66800000000000003819167","1.0020000000000000","Enrichr--Queries","ATF3,ABCA1,FASN,ATXN1,FURIN,EPAS1,EGR3,RERE,LASP1,NR1D1,ANKRD52,CEBPD,SH3PXD2A"
"DEG_LD_SW480","1129","0.804100000000000037","ZNF557","ZNF557","13","298","0.537699999999999955769","0.66800000000000003819167","1.0020000000000000","Enrichr--Queries","ORAI2,ATF3,ABCA1,ZNF486,PTGR2,KCNMA1,RORA,ZNF655,ZNF92,SERPINB8,CDK6,NBEA,BCL11A"
"DEG_LD_SW480","1130","0.804799999999999960","ZNF766","ZNF766","13","298","0.537699999999999955769","0.66800000000000003819167","1.0020000000000000","Enrichr--Queries","ZNF273,RORA,ZNF680,ZNF610,ZNF92,NAMPT,ANXA1,TET1,SERPINB8,ZNF107,ZNF331,ARRDC4,TGFBR3"
"DEG_LD_SW480","1131","0.805599999999999983","TFE3","TFE3","13","299","0.542499999999999982236","0.67200000000000004174439","0.9983000000000000","Enrichr--Queries","ATF3,NAPSA,FASN,FURIN,EPAS1,CTSB,LASP1,NAMPT,SLC6A6,ANXA1,SERPINB8,CEBPD,IFITM3"
"DEG_LD_SW480","1132","0.806300000000000017","RFX5","RFX5","13","299","0.542499999999999982236","0.67200000000000004174439","0.9983000000000000","Enrichr--Queries","ATF3,ABCA1,FASN,BST2,CD74,SERPINB8,ITPR1,MCM7,HMGCS1,CEBPD,IFITM3,IFITM1,IFI6"
"DEG_LD_SW480","1133","0.807000000000000051","ZNF276","ZNF276","13","299","0.542499999999999982236","0.67200000000000004174439","0.9983000000000000","Enrichr--Queries","NAPSA,FASN,ATXN1,HYAL1,CTSB,CD82,LFNG,CKB,TSC22D4,ARHGAP45,LTBP2,MCF2L,NFKBIZ"
"DEG_LD_SW480","1134","0.807699999999999974","DOT1L","DOT1L","13","299","0.542499999999999982236","0.67200000000000004174439","0.9983000000000000","Enrichr--Queries","ATF3,FASN,FURIN,NEDD9,BAHCC1,RERE,NAV1,SLC6A6,SERPINB8,ANKRD52,CDK6,BCL11A,SH3PXD2A"
"DEG_LD_SW480","1135","0.808400000000000007","ZNF837","ZNF837","12","291","0.616999999999999992895","0.76300000000000001154632","0.9446000000000000","Enrichr--Queries","ACHE,JPH3,XRCC3,HYAL1,EEF1A2,CLEC11A,SIVA1,EIF4E3,UFSP1,TIAM1,PDE2A,TEDC1"
"DEG_LD_SW480","1136","0.809100000000000041","THAP5","THAP5","12","294","0.631000000000000005329","0.77900000000000002575717","0.9346000000000000","Enrichr--Queries","ATF3,RORA,ZNF680,QKI,KRIT1,BCAP29,ZNF92,ALCAM,SERPINB8,CDK6,BET1,GNA13"
"DEG_LD_SW480","1137","0.809799999999999964","ZNF579","ZNF579","12","294","0.631000000000000005329","0.77900000000000002575717","0.9346000000000000","Enrichr--Queries","NAPSA,FASN,MDK,HYAL1,SIVA1,CKB,F2R,ASNS,CEBPD,TRMT61A,IFI6,BICRA"
"DEG_LD_SW480","1138","0.810499999999999998","MYBL1","MYBL1","12","296","0.640100000000000002309","0.78800000000000003375078","0.9280000000000000","Enrichr--Queries","ATF3,DBF4,CNTN1,RND3,ANXA1,SERPINB8,CDK6,MCM7,NT5E,SGO1,TGFBI,TGFBR3"
"DEG_LD_SW480","1139","0.811300000000000021","ZNF654","ZNF654","12","296","0.640100000000000002309","0.78800000000000003375078","0.9280000000000000","Enrichr--Queries","ATF3,SLC5A3,ABCA1,RORA,ATXN1,QKI,PAG1,NAMPT,SERPINB8,INSL3,SESTD1,GNA13"
"DEG_LD_SW480","1140","0.812000000000000055","ZNF669","ZNF669","12","296","0.640100000000000002309","0.78800000000000003375078","0.9280000000000000","Enrichr--Queries","ATF3,ZNF486,ZNF92,RND3,SERPINB8,ZNF107,F2R,PGF,MAP2K6,ASNS,INSL3,IFI6"
"DEG_LD_SW480","1141","0.812699999999999978","ZSCAN22","ZSCAN22","12","297","0.644599999999999950795","0.78800000000000003375078","0.9247000000000000","Enrichr--Queries","ATF3,NAPSA,FASN,DAB2IP,EGR3,NAV1,XYLT1,NR1D1,SERPINB8,ANKRD52,PGF,CDK6"
"DEG_LD_SW480","1142","0.813400000000000012","ZNF17","ZNF17","12","297","0.644599999999999950795","0.78800000000000003375078","0.9247000000000000","Enrichr--Queries","ZNF273,ZNF680,HERC5,ARHGEF3,ZNF92,ZNF93,TIGD2,ZNF107,ZNF502,ARRDC4,KBTBD8,CADPS2"
"DEG_LD_SW480","1143","0.814100000000000046","ZBTB40","ZBTB40","12","297","0.644599999999999950795","0.78800000000000003375078","0.9247000000000000","Enrichr--Queries","ABCA1,FASN,ATXN1,FURIN,RERE,NAV1,LFNG,SERPINB8,ITPR1,CDK6,SLC44A2,SH3PXD2A"
"DEG_LD_SW480","1144","0.814799999999999969","ZNF48","ZNF48","12","297","0.644599999999999950795","0.78800000000000003375078","0.9247000000000000","Enrichr--Queries","FASN,ZNF512B,FURIN,FCGR2A,EEF1A2,SIVA1,TRIP6,LFNG,PLEKHG4,TRMT61A,SLC44A2,ARHGAP45"
"DEG_LD_SW480","1145","0.815500000000000003","ZNF652","ZNF652","12","297","0.644599999999999950795","0.78800000000000003375078","0.9247000000000000","Enrichr--Queries","ABCA1,RORA,ATXN1,QKI,ALCAM,NAMPT,ANXA1,SERPINB8,CDK6,HMGCS1,SH3PXD2A,TGFBR3"
"DEG_LD_SW480","1146","0.816200000000000037","ERF","ERF","12","297","0.644599999999999950795","0.78800000000000003375078","0.9247000000000000","Enrichr--Queries","HSPG2,ATF3,FASN,EPAS1,EGR3,LASP1,NR1D1,LFNG,SERPINB8,CKB,CEBPD,NR4A3"
"DEG_LD_SW480","1147","0.816999999999999948","ZNF484","ZNF484","12","297","0.644599999999999950795","0.78800000000000003375078","0.9247000000000000","Enrichr--Queries","ATF3,ABCA1,QKI,ZNF92,ALCAM,ANXA1,SERPINB8,RAB30,CDK6,NBEA,TLR4,CADPS2"
"DEG_LD_SW480","1148","0.817699999999999982","ZNF749","ZNF749","12","297","0.644599999999999950795","0.78800000000000003375078","0.9247000000000000","Enrichr--Queries","ZNF273,EXPH5,FASN,ADGRV1,LOXL2,UNC13A,SERPINB8,ZNF107,BCL11A,KBTBD8,CADPS2,TGFBR3"
"DEG_LD_SW480","1149","0.818400000000000016","ZNF684","ZNF684","12","297","0.644599999999999950795","0.78800000000000003375078","0.9247000000000000","Enrichr--Queries","ATF3,ZNF273,ZNF680,HERC5,IFI27,ZNF92,SERPINB8,INSL3,IFI6,CMPK2,TGFBR3,OAS1"
"DEG_LD_SW480","1150","0.819100000000000050","NR2C1","NR2C1","12","298","0.649100000000000010303","0.78800000000000003375078","0.9215000000000000","Enrichr--Queries","ATF3,ABCA1,RORA,ATXN1,EPAS1,NAMPT,NR1D1,SERPINB8,TLE1,PGF,CDK6,BCL11A"
"DEG_LD_SW480","1151","0.819799999999999973","ZNF41","ZNF41","12","298","0.649100000000000010303","0.78800000000000003375078","0.9215000000000000","Enrichr--Queries","ABCA1,DMD,ATXN1,ZNF711,RAB27B,ZNF92,MAML2,SERPINB8,ZNF107,F2R,HMGCS1,CADPS2"
"DEG_LD_SW480","1152","0.820500000000000007","ZNF264","ZNF264","12","298","0.649100000000000010303","0.78800000000000003375078","0.9215000000000000","Enrichr--Queries","ORAI2,ABCA1,RORA,ATXN1,KCTD12,PAG1,SERPINB8,CDK6,NBEA,BCL11B,SH3PXD2A,TGFBR3"
"DEG_LD_SW480","1153","0.821200000000000041","MECP2","MECP2","12","298","0.649100000000000010303","0.78800000000000003375078","0.9215000000000000","Enrichr--Queries","ABCA1,FASN,DMD,RORA,ATXN1,TANC2,RERE,ITPR1,CDK6,STXBP1,SH3PXD2A,NCAM1"
"DEG_LD_SW480","1154","0.821899999999999964","ZNF398","ZNF398","12","298","0.649100000000000010303","0.78800000000000003375078","0.9215000000000000","Enrichr--Queries","ATF3,ATXN1,FGF13,NAV1,SLC6A6,LFNG,SERPINB8,CDK6,RABGAP1L,BCL11A,CADPS2,NFKBIZ"
"DEG_LD_SW480","1155","0.822599999999999998","ZNF37A","ZNF37A","12","298","0.649100000000000010303","0.78800000000000003375078","0.9215000000000000","Enrichr--Queries","DCBLD2,RORA,ATXN1,SERPINB8,ZNF117,ZNF107,CDK6,HMGCS1,ARRDC4,CADPS2,STEAP2,TGFBR3"
"DEG_LD_SW480","1156","0.823400000000000021","ATF7","ATF7","12","298","0.649100000000000010303","0.78800000000000003375078","0.9215000000000000","Enrichr--Queries","HSPG2,ATF3,RORA,ATXN1,EPAS1,TANC2,RERE,NAV1,SERPINB8,ANKRD52,CDK6,SH3PXD2A"
"DEG_LD_SW480","1157","0.824100000000000055","ZNF200","ZNF200","12","298","0.649100000000000010303","0.78800000000000003375078","0.9215000000000000","Enrichr--Queries","ATF3,ABCA1,EIF5,FASN,NEDD9,RND3,NAMPT,SERPINB8,CDK6,BCL11A,EDN1,IFI6"
"DEG_LD_SW480","1158","0.824799999999999978","PLAGL2","PLAGL2","12","299","0.653499999999999969802","0.79000000000000003552714","0.9183000000000000","Enrichr--Queries","ATF3,ABCA1,FASN,ATXN1,FURIN,NAMPT,SLC6A6,LFNG,SERPINB8,ANKRD52,CDK6,NFKBIZ"
"DEG_LD_SW480","1159","0.825500000000000012","ZNF512B","ZNF512B","12","299","0.653499999999999969802","0.79000000000000003552714","0.9183000000000000","Enrichr--Queries","FASN,FURIN,EEF1A2,NAV1,LFNG,SERPINB8,OLFML3,ANKRD52,CKB,CDK6,SLC44A2,SH3PXD2A"
"DEG_LD_SW480","1160","0.826200000000000045","ZKSCAN3","ZKSCAN3","12","299","0.653499999999999969802","0.79000000000000003552714","0.9183000000000000","Enrichr--Queries","ATF3,ABCA1,HYAL1,CTSB,MSMO1,RERE,NR1D1,SERPINB8,PGF,PDK4,NFKBIZ,KLF15"
"DEG_LD_SW480","1161","0.826899999999999968","ZNF394","ZNF394","12","299","0.653499999999999969802","0.79000000000000003552714","0.9183000000000000","Enrichr--Queries","ATF3,ABCA1,NAPSA,HYAL1,CD74,ISG20,RERE,NAMPT,NR1D1,SERPINB8,CEBPD,NFKBIZ"
"DEG_LD_SW480","1162","0.827600000000000002","ZNF212","ZNF212","12","299","0.653499999999999969802","0.79000000000000003552714","0.9183000000000000","Enrichr--Queries","ATF3,MEPCE,FASN,UPP1,ZSCAN21,LFNG,ANXA1,SERPINB8,ZNF107,PGF,ASNS,BCL11A"
"DEG_LD_SW480","1163","0.828300000000000036","ZNF524","ZNF524","11","292","0.728199999999999958433","0.87900000000000000355271","0.8597000000000000","Enrichr--Queries","ATF3,NAPSA,FASN,HYAL1,CD82,CHCHD10,GNB2,SIVA1,CKB,CEBPD,IFI6"
"DEG_LD_SW480","1164","0.829099999999999948","FOXR1","FOXR1","11","293","0.732199999999999961986","0.88300000000000000710543","0.8567000000000000","Enrichr--Queries","FURIN,LGALS9,KCNQ2,MOGAT3,PLB1,ZP1,LFNG,OLFML3,SLC15A3,ANKRD33B,SLC44A2"
"DEG_LD_SW480","1165","0.829799999999999982","TGIF2","TGIF2","11","294","0.736099999999999976552","0.88400000000000000799361","0.8537000000000000","Enrichr--Queries","ATF3,ABCA1,MDK,EGR3,LFNG,SERPINB8,CDK6,MCM7,CEBPD,BCL11A,TGFBI"
"DEG_LD_SW480","1166","0.830500000000000016","ZNF519","ZNF519","11","295","0.739999999999999991118","0.88400000000000000799361","0.8506000000000000","Enrichr--Queries","ZNF273,CNTN1,SERPINB8,ZNF107,MAP2K6,CDK6,MCM7,MGST1,BCL11A,CADPS2,SGO1"
"DEG_LD_SW480","1167","0.831200000000000050","CENPT","CENPT","11","295","0.739999999999999991118","0.88400000000000000799361","0.8506000000000000","Enrichr--Queries","ATF3,NAPSA,UPP1,HYAL1,SERPINB8,CKB,PGF,ASNS,MCM7,IFITM3,TGFBI"
"DEG_LD_SW480","1168","0.831899999999999973","ZNF45","ZNF45","11","296","0.743900000000000005684","0.88400000000000000799361","0.8477000000000000","Enrichr--Queries","ZNF239,DCBLD2,ARHGEF3,NAMPT,ANXA1,SERPINB8,ZNF107,ITPR1,CDK6,HMGCS1,CADPS2"
"DEG_LD_SW480","1169","0.832600000000000007","ZNF551","ZNF551","11","296","0.743900000000000005684","0.88400000000000000799361","0.8477000000000000","Enrichr--Queries","ATF3,RORA,ZNF93,SYTL2,SERPINB8,ZNF107,F2R,PGF,CDK6,BCL11B,KBTBD8"
"DEG_LD_SW480","1170","0.833300000000000041","SMAD5","SMAD5","11","296","0.743900000000000005684","0.88400000000000000799361","0.8477000000000000","Enrichr--Queries","ABCA1,RORA,ATXN1,EPAS1,ALCAM,SERPINB8,CDK6,BCL11B,TGFBI,TGFBR3,GNA13"
"DEG_LD_SW480","1171","0.833999999999999964","ZNF143","ZNF143","11","296","0.743900000000000005684","0.88400000000000000799361","0.8477000000000000","Enrichr--Queries","ATF3,EIF5,QKI,RND3,NAMPT,ANXA1,SERPINB8,PGF,CDK6,MCM7,DUSP10"
"DEG_LD_SW480","1172","0.834799999999999986","ZBTB3","ZBTB3","11","296","0.743900000000000005684","0.88400000000000000799361","0.8477000000000000","Enrichr--Queries","ATF3,HYAL1,NR1D1,LFNG,SERPINB8,MOCOS,PGF,SLC15A3,CEBPD,BCL11A,CADPS2"
"DEG_LD_SW480","1173","0.835500000000000020","ZNF513","ZNF513","11","296","0.743900000000000005684","0.88400000000000000799361","0.8477000000000000","Enrichr--Queries","ATF3,FASN,ZNF512B,FURIN,SLC12A9,HYAL1,EEF1A2,GNB2,TRIP6,LFNG,KLHDC8B"
"DEG_LD_SW480","1174","0.836200000000000054","ARNT","ARNT","11","296","0.743900000000000005684","0.88400000000000000799361","0.8477000000000000","Enrichr--Queries","ATF3,ABCA1,PPARG,RORA,ATXN1,EPAS1,VDR,RERE,MITF,ITPR1,CDK6"
"DEG_LD_SW480","1175","0.836899999999999977","REPIN1","REPIN1","11","296","0.743900000000000005684","0.88400000000000000799361","0.8477000000000000","Enrichr--Queries","ATF3,FASN,CTSB,LASP1,ALCAM,SERPINB8,CKB,GRB10,CDK6,MCM7,IFITM3"
"DEG_LD_SW480","1176","0.837600000000000011","SP2","SP2","11","297","0.747700000000000031264","0.88400000000000000799361","0.8447000000000000","Enrichr--Queries","ATF3,NAPSA,FASN,FURIN,EPAS1,RERE,LASP1,NAV1,NR1D1,SLC6A6,SH3PXD2A"
"DEG_LD_SW480","1177","0.838300000000000045","ATMIN","ATMIN","11","297","0.747700000000000031264","0.88400000000000000799361","0.8447000000000000","Enrichr--Queries","EIF5,RORA,ATXN1,LASP1,SERPINB8,GRB10,TLE1,ITPR1,ASNS,CDK6,HMGCS1"
"DEG_LD_SW480","1178","0.838999999999999968","ZBTB45","ZBTB45","11","297","0.747700000000000031264","0.88400000000000000799361","0.8447000000000000","Enrichr--Queries","NAPSA,FASN,HYAL1,LASP1,NR1D1,LFNG,CKB,PGF,ASNS,IFITM3,CADPS2"
"DEG_LD_SW480","1179","0.839700000000000002","ZBTB22","ZBTB22","11","297","0.747700000000000031264","0.88400000000000000799361","0.8447000000000000","Enrichr--Queries","ATF3,ABCA1,FASN,MDK,HYAL1,CTSB,SERPINB8,CKB,F2R,PGF,CEBPD"
"DEG_LD_SW480","1180","0.840500000000000025","ZBTB2","ZBTB2","11","297","0.747700000000000031264","0.88400000000000000799361","0.8447000000000000","Enrichr--Queries","ATF3,EIF5,FASN,RND3,SERPINB8,PGF,CDK6,DUSP10,EDN1,NFKBIZ,GNA13"
"DEG_LD_SW480","1181","0.841199999999999948","ZNF490","ZNF490","11","298","0.751499999999999945821","0.88400000000000000799361","0.8418000000000000","Enrichr--Queries","ACHE,JPH3,KCNMA1,KCNQ2,PCOLCE,SYT1,RERE,STXBP1,BCL11A,IFI6,CADPS2"
"DEG_LD_SW480","1182","0.841899999999999982","ZNF668","ZNF668","11","298","0.751499999999999945821","0.88400000000000000799361","0.8418000000000000","Enrichr--Queries","POP7,MEPCE,FASN,CTSB,GNB2,SIVA1,GPNMB,MCM7,PLEKHG4,TRMT61A,TEDC1"
"DEG_LD_SW480","1183","0.842600000000000016","ADNP2","ADNP2","11","298","0.751499999999999945821","0.88400000000000000799361","0.8418000000000000","Enrichr--Queries","ATF3,ABCA1,EIF5,RORA,ALCAM,NAMPT,SERPINB8,CDK6,DUSP10,INSL3,GNA13"
"DEG_LD_SW480","1184","0.843300000000000050","ZNF213","ZNF213","11","298","0.751499999999999945821","0.88400000000000000799361","0.8418000000000000","Enrichr--Queries","ATF3,NAPSA,FASN,UPP1,FURIN,ISG20,GNB2,SERPINB8,CKB,PGF,TSC22D4"
"DEG_LD_SW480","1185","0.843999999999999972","ZNF346","ZNF346","11","298","0.751499999999999945821","0.88400000000000000799361","0.8418000000000000","Enrichr--Queries","ATF3,ABCA1,NAPSA,EIF5,FASN,ATXN1,CTSB,NAV1,SERPINB8,ITPR1,SH3PXD2A"
"DEG_LD_SW480","1186","0.844700000000000006","NCOA2","NCOA2","11","298","0.751499999999999945821","0.88400000000000000799361","0.8418000000000000","Enrichr--Queries","ABCA1,RORA,ATXN1,RERE,NAV1,ATP8A1,ANKRD44,ITPR1,CDK6,RABGAP1L,TGFBR3"
"DEG_LD_SW480","1187","0.845400000000000040","TCF12","TCF12","11","298","0.751499999999999945821","0.88400000000000000799361","0.8418000000000000","Enrichr--Queries","ABCA1,RORA,ATXN1,CNN3,AUTS2,RERE,ALCAM,SERPINB8,CDK6,BCL11A,SH3PXD2A"
"DEG_LD_SW480","1188","0.846199999999999952","NR1H2","NR1H2","11","298","0.751499999999999945821","0.88400000000000000799361","0.8418000000000000","Enrichr--Queries","ATF3,NAPSA,FASN,PPARG,FURIN,CD74,GNB2,NR1D1,CKB,CEBPD,TSC22D4"
"DEG_LD_SW480","1189","0.846899999999999986","PHF21A","PHF21A","11","298","0.751499999999999945821","0.88400000000000000799361","0.8418000000000000","Enrichr--Queries","ABCA1,RORA,ATXN1,EPAS1,AUTS2,RERE,NAV1,SERPINB8,ITPR1,BCL11A,SH3PXD2A"
"DEG_LD_SW480","1190","0.847600000000000020","ZNF707","ZNF707","11","298","0.751499999999999945821","0.88400000000000000799361","0.8418000000000000","Enrichr--Queries","ATF3,NAPSA,FASN,CLBA1,HYAL1,ISG20,LFNG,PGF,ASNS,CEBPD,CADPS2"
"DEG_LD_SW480","1191","0.848300000000000054","ZNF562","ZNF562","11","298","0.751499999999999945821","0.88400000000000000799361","0.8418000000000000","Enrichr--Queries","ATF3,EIF5,RORA,QKI,CTSB,RND3,NAMPT,SERPINB8,PGF,CDK6,HMGCS1"
"DEG_LD_SW480","1192","0.848999999999999977","POU2F1","POU2F1","11","298","0.751499999999999945821","0.88400000000000000799361","0.8418000000000000","Enrichr--Queries","ATF3,ABCA1,RORA,ATXN1,AUTS2,RERE,NAV1,SERPINB8,CDK6,RABGAP1L,BCL11A"
"DEG_LD_SW480","1193","0.849700000000000011","ZNF445","ZNF445","11","298","0.751499999999999945821","0.88400000000000000799361","0.8418000000000000","Enrichr--Queries","FASN,RORA,QKI,TANC2,RERE,NAV1,ALCAM,SERPINB8,CDK6,NBEA,SH3PXD2A"
"DEG_LD_SW480","1194","0.850400000000000045","CPXCR1","CPXCR1","11","299","0.755199999999999982414","0.88600000000000000976996","0.8388000000000000","Enrichr--Queries","DMD,ADGRV1,KCNV1,SERPINB8,EFHB,MAGEC2,TENM1,VGLL3,CADPS2,NTM,ELAVL2"
"DEG_LD_SW480","1195","0.851099999999999968","CIC","CIC","11","299","0.755199999999999982414","0.88600000000000000976996","0.8388000000000000","Enrichr--Queries","HSPG2,FASN,DAB2IP,FURIN,BAHCC1,GNB2,RERE,LASP1,NAV1,CKB,TSC22D4"
"DEG_LD_SW480","1196","0.851899999999999991","ESRRA","ESRRA","11","299","0.755199999999999982414","0.88600000000000000976996","0.8388000000000000","Enrichr--Queries","ATF3,FASN,PPARG,FURIN,VDR,CHCHD10,GNB2,NR1D1,LFNG,CKB,CEBPD"
"DEG_LD_SW480","1197","0.852600000000000025","ZBTB48","ZBTB48","11","299","0.755199999999999982414","0.88600000000000000976996","0.8388000000000000","Enrichr--Queries","ATF3,NAPSA,FASN,HYAL1,RERE,LFNG,SERPINB8,PGF,ARHGAP45,LTBP2,ASPSCR1"
"DEG_LD_SW480","1198","0.853299999999999947","ZNF473","ZNF473","10","295","0.828799999999999981171","0.95799999999999996269651","0.7706000000000000","Enrichr--Queries","ATF3,EIF5,UPP1,DBF4,EPAS1,RND3,SERPINB8,PGF,ASNS,MCM7"
"DEG_LD_SW480","1199","0.853999999999999981","CENPB","CENPB","10","295","0.828799999999999981171","0.95799999999999996269651","0.7706000000000000","Enrichr--Queries","NAPSA,FASN,CTSB,CHCHD10,GNB2,LASP1,CKB,MCM7,IFITM3,TGFBI"
"DEG_LD_SW480","1200","0.854700000000000015","ZNF770","ZNF770","10","295","0.828799999999999981171","0.95799999999999996269651","0.7706000000000000","Enrichr--Queries","ATF3,SLC5A3,RORA,RND3,ALCAM,NAMPT,SERPINB8,ASNS,CDK6,HMGCS1"
"DEG_LD_SW480","1201","0.855400000000000049","ZNF845","ZNF845","10","295","0.828799999999999981171","0.95799999999999996269651","0.7706000000000000","Enrichr--Queries","ZNF486,ZNF680,ZNF429,ZNF92,ZNF93,SERPINB8,ZNF107,CDK6,INSL3,ZNF737"
"DEG_LD_SW480","1202","0.856099999999999972","ZNF12","ZNF12","10","296","0.831799999999999983835","0.95799999999999996269651","0.7679000000000000","Enrichr--Queries","RORA,ZNF655,ALCAM,NAMPT,SERPINB8,ASNS,CDK6,INSL3,CADPS2,GNA13"
"DEG_LD_SW480","1203","0.856800000000000006","ZNF134","ZNF134","10","296","0.831799999999999983835","0.95799999999999996269651","0.7679000000000000","Enrichr--Queries","ATF3,ABCA1,NEDD9,SERPINB8,ZNF107,ZNF331,DUSP10,HMGCS1,ARRDC4,CADPS2"
"DEG_LD_SW480","1204","0.857500000000000040","ZNF791","ZNF791","10","296","0.831799999999999983835","0.95799999999999996269651","0.7679000000000000","Enrichr--Queries","ATF3,ABCA1,EIF5,RORA,NAMPT,ANXA1,SERPINB8,INSL3,NFKBIZ,GNA13"
"DEG_LD_SW480","1205","0.858299999999999952","ZNF280D","ZNF280D","10","296","0.831799999999999983835","0.95799999999999996269651","0.7679000000000000","Enrichr--Queries","ABCA1,RORA,ATXN1,QKI,RERE,ALCAM,SYTL2,SERPINB8,BCL11A,CADPS2"
"DEG_LD_SW480","1206","0.858999999999999986","PATZ1","PATZ1","10","297","0.834699999999999997513","0.95799999999999996269651","0.7652000000000000","Enrichr--Queries","ATF3,MEPCE,FASN,RERE,LFNG,CKB,TLE1,CDK6,MCM7,BCL11A"
"DEG_LD_SW480","1207","0.859700000000000020","POGK","POGK","10","297","0.834699999999999997513","0.95799999999999996269651","0.7652000000000000","Enrichr--Queries","ATF3,FASN,EPAS1,NAV1,ALCAM,NAMPT,SERPINB8,CDK6,DUSP10,SH3PXD2A"
"DEG_LD_SW480","1208","0.860400000000000054","NFE2L1","NFE2L1","10","297","0.834699999999999997513","0.95799999999999996269651","0.7652000000000000","Enrichr--Queries","ATF3,FASN,EPAS1,CTSB,LASP1,ANXA1,SERPINB8,CKB,ASNS,IFITM3"
"DEG_LD_SW480","1209","0.861099999999999977","ZNF543","ZNF543","10","297","0.834699999999999997513","0.95799999999999996269651","0.7652000000000000","Enrichr--Queries","ATF3,ZNF486,ZNF681,ZNF680,ZNF429,ZNF92,SERPINB8,ARRDC4,BCL11A,CADPS2"
"DEG_LD_SW480","1210","0.861800000000000010","ZNF224","ZNF224","10","297","0.834699999999999997513","0.95799999999999996269651","0.7652000000000000","Enrichr--Queries","ATF3,ABCA1,RORA,ATXN1,ARHGEF3,SERPINB8,ZNF117,ZNF107,CDK6,CADPS2"
"DEG_LD_SW480","1211","0.862500000000000044","ZNF500","ZNF500","10","297","0.834699999999999997513","0.95799999999999996269651","0.7652000000000000","Enrichr--Queries","FASN,ARRB1,CTSB,RERE,SIVA1,ANKRD52,CEBPD,SH3PXD2A,CADPS2,LTBP2"
"DEG_LD_SW480","1212","0.863199999999999967","ZNF317","ZNF317","10","297","0.834699999999999997513","0.95799999999999996269651","0.7652000000000000","Enrichr--Queries","ATF3,EIF5,FASN,UPP1,NAMPT,SERPINB8,ASNS,BCL11A,SLC44A2,NFKBIZ"
"DEG_LD_SW480","1213","0.863999999999999990","ZNF653","ZNF653","10","297","0.834699999999999997513","0.95799999999999996269651","0.7652000000000000","Enrichr--Queries","NAPSA,FASN,HYAL1,ISG20,SERPINB8,TRMT61A,IFITM3,ARHGAP45,TEDC1,ASPSCR1"
"DEG_LD_SW480","1214","0.864700000000000024","MBD1","MBD1","10","297","0.834699999999999997513","0.95799999999999996269651","0.7652000000000000","Enrichr--Queries","ATF3,ABCA1,NAPSA,FASN,EPAS1,CTSB,RERE,SERPINB8,PGF,ITPR1"
"DEG_LD_SW480","1215","0.865399999999999947","PRDM4","PRDM4","10","297","0.834699999999999997513","0.95799999999999996269651","0.7652000000000000","Enrichr--Queries","ATF3,FASN,ATXN1,ARHGEF3,RERE,SERPINB8,PGF,CDK6,CEBPD,GNA13"
"DEG_LD_SW480","1216","0.866099999999999981","ZNF81","ZNF81","10","297","0.834699999999999997513","0.95799999999999996269651","0.7652000000000000","Enrichr--Queries","ABCA1,DMD,ADGRV1,ZNF711,MAML2,SERPINB8,ZNF107,RAB30,CDK6,CADPS2"
"DEG_LD_SW480","1217","0.866800000000000015","WIZ","WIZ","10","297","0.834699999999999997513","0.95799999999999996269651","0.7652000000000000","Enrichr--Queries","NAPSA,FASN,DAB2IP,FURIN,GNB2,RERE,LASP1,NAV1,ANKRD52,TSC22D4"
"DEG_LD_SW480","1218","0.867500000000000049","MBD2","MBD2","10","298","0.837600000000000011191","0.95799999999999996269651","0.7625999999999999","Enrichr--Queries","ATF3,EIF5,ATXN1,EPAS1,CTSB,NEDD9,ALCAM,NAMPT,ANXA1,SERPINB8"
"DEG_LD_SW480","1219","0.868199999999999972","RBAK","RBAK","10","298","0.837600000000000011191","0.95799999999999996269651","0.7625999999999999","Enrichr--Queries","ATF3,SLC5A3,ABCA1,RORA,PAG1,ZNF92,ALCAM,CDK6,INSL3,ARRDC4"
"DEG_LD_SW480","1220","0.868900000000000006","THAP7","THAP7","10","298","0.837600000000000011191","0.95799999999999996269651","0.7625999999999999","Enrichr--Queries","POP7,NAPSA,FASN,CHCHD10,GNB2,SIVA1,CKB,POLR2J,TRMT61A,ASPSCR1"
"DEG_LD_SW480","1221","0.869700000000000029","PBX2","PBX2","10","298","0.837600000000000011191","0.95799999999999996269651","0.7625999999999999","Enrichr--Queries","ABCA1,FASN,MDK,CTSB,RERE,LASP1,LFNG,SERPINB8,CKB,SLC44A2"
"DEG_LD_SW480","1222","0.870399999999999952","NFATC3","NFATC3","10","298","0.837600000000000011191","0.95799999999999996269651","0.7625999999999999","Enrichr--Queries","EIF5,PPARG,RORA,ATXN1,RERE,CAT,ITPR1,CDK6,CEBPD,TIAM1"
"DEG_LD_SW480","1223","0.871099999999999985","ZNF316","ZNF316","10","298","0.837600000000000011191","0.95799999999999996269651","0.7625999999999999","Enrichr--Queries","ATF3,FASN,CD82,GNB2,VGF,LFNG,SERPINB8,TRMT61A,ARHGAP45,LTBP2"
"DEG_LD_SW480","1224","0.871800000000000019","ZBTB26","ZBTB26","10","298","0.837600000000000011191","0.95799999999999996269651","0.7625999999999999","Enrichr--Queries","SLC5A3,ABCA1,DZIP3,RORA,KRIT1,ALCAM,TET1,SERPINB8,ARRDC4,CADPS2"
"DEG_LD_SW480","1225","0.872500000000000053","ZBTB39","ZBTB39","10","298","0.837600000000000011191","0.95799999999999996269651","0.7625999999999999","Enrichr--Queries","ATF3,ABCA1,FASN,RERE,SLC6A6,SERPINB8,ANKRD52,CDK6,SH3PXD2A,TGFBR3"
"DEG_LD_SW480","1226","0.873199999999999976","ZNF586","ZNF586","10","298","0.837600000000000011191","0.95799999999999996269651","0.7625999999999999","Enrichr--Queries","EIF5,PPARG,GNAI1,TFAP2A,CAT,ST3GAL5,CEBPD,TIAM1,EDN1,ALDOC"
"DEG_LD_SW480","1227","0.873900000000000010","EEA1","EEA1","10","298","0.837600000000000011191","0.95799999999999996269651","0.7625999999999999","Enrichr--Queries","ABCA1,RORA,ATXN1,CTSB,ALCAM,NAMPT,ANXA1,SERPINB8,DAB2,CDK6"
"DEG_LD_SW480","1228","0.874600000000000044","ZNF623","ZNF623","10","298","0.837600000000000011191","0.95799999999999996269651","0.7625999999999999","Enrichr--Queries","ATF3,ATXN1,FBXO32,LOXL2,NAV1,SERPINB8,ASNS,CDK6,DUSP10,TGFBR3"
"DEG_LD_SW480","1229","0.875399999999999956","ZNF777","ZNF777","10","299","0.840400000000000035882","0.95799999999999996269651","0.7599000000000000","Enrichr--Queries","ATF3,MEPCE,FASN,DAB2IP,RERE,SERPINB8,GRB10,PGF,CEBPD,BICRA"
"DEG_LD_SW480","1230","0.876099999999999990","FIZ1","FIZ1","10","299","0.840400000000000035882","0.95799999999999996269651","0.7599000000000000","Enrichr--Queries","MEPCE,NAPSA,FASN,DAB2IP,HYAL1,GNB2,PGF,MCM7,TRMT61A,ASPSCR1"
"DEG_LD_SW480","1231","0.876800000000000024","ZNF696","ZNF696","10","299","0.840400000000000035882","0.95799999999999996269651","0.7599000000000000","Enrichr--Queries","ATF3,FASN,LOXL2,RERE,NAV1,LFNG,PGF,CDK6,CEBPD,TRMT61A"
"DEG_LD_SW480","1232","0.877499999999999947","PHF20","PHF20","10","299","0.840400000000000035882","0.95799999999999996269651","0.7599000000000000","Enrichr--Queries","FASN,RORA,ATXN1,RERE,NAV1,SERPINB8,ITPR1,CDK6,RABGAP1L,SH3PXD2A"
"DEG_LD_SW480","1233","0.878199999999999981","ZNF688","ZNF688","9","292","0.890800000000000036238","1.00000000000000000000000","0.6984000000000000","Enrichr--Queries","ZNF512B,FURIN,EEF1A2,ISG20,GNB2,LFNG,SLC44A2,TSC22D4,ARHGAP45"
"DEG_LD_SW480","1234","0.878900000000000015","ZNF510","ZNF510","9","294","0.895100000000000006750","1.00000000000000000000000","0.6935000000000000","Enrichr--Queries","SLC5A3,YPEL1,RORA,ZNF680,ZNF711,SERPINB8,ATP8A1,NBEA,RABGAP1L"
"DEG_LD_SW480","1235","0.879600000000000048","ZNF768","ZNF768","9","294","0.895100000000000006750","1.00000000000000000000000","0.6935000000000000","Enrichr--Queries","FASN,ZNF512B,FURIN,EEF1A2,GNB2,LFNG,CKB,SLC44A2,TSC22D4"
"DEG_LD_SW480","1236","0.880299999999999971","ZNF747","ZNF747","9","294","0.895100000000000006750","1.00000000000000000000000","0.6935000000000000","Enrichr--Queries","YPEL1,ZNF512B,FURIN,KCNQ2,EEF1A2,VDR,LFNG,SLC44A2,ZDHHC11"
"DEG_LD_SW480","1237","0.881099999999999994","ZNF780A","ZNF780A","9","295","0.897199999999999997513","1.00000000000000000000000","0.6911000000000000","Enrichr--Queries","SLC5A3,ABCA1,RORA,ZNF680,ZNF429,SERPINB8,ZNF117,CDK6,CADPS2"
"DEG_LD_SW480","1238","0.881800000000000028","BBX","BBX","9","296","0.899299999999999988276","1.00000000000000000000000","0.6887000000000000","Enrichr--Queries","ABCA1,RORA,ATXN1,RERE,ALCAM,ANXA1,SERPINB8,ITPR1,CDK6"
"DEG_LD_SW480","1239","0.882499999999999951","ZNF721","ZNF721","9","296","0.899299999999999988276","1.00000000000000000000000","0.6887000000000000","Enrichr--Queries","EIF5,ZNF680,ZNF92,NAMPT,SERPINB8,ZNF107,PGF,IFITM1,MGST1"
"DEG_LD_SW480","1240","0.883199999999999985","SNAPC4","SNAPC4","9","296","0.899299999999999988276","1.00000000000000000000000","0.6887000000000000","Enrichr--Queries","FASN,ZNF512B,FURIN,EEF1A2,SERPINB8,CDK6,MCM7,HMGCS1,TRMT61A"
"DEG_LD_SW480","1241","0.883900000000000019","TERF1","TERF1","9","296","0.899299999999999988276","1.00000000000000000000000","0.6887000000000000","Enrichr--Queries","DBF4,RND3,SERPINB8,GRB10,ASNS,CDK6,MCM7,SOX2,RABGAP1L"
"DEG_LD_SW480","1242","0.884600000000000053","ZC3H8","ZC3H8","9","296","0.899299999999999988276","1.00000000000000000000000","0.6887000000000000","Enrichr--Queries","ATF3,CNTN1,RND3,SERPINB8,PGF,ASNS,MCM7,HMGCS1,NT5E"
"DEG_LD_SW480","1243","0.885299999999999976","ZNF518A","ZNF518A","9","296","0.899299999999999988276","1.00000000000000000000000","0.6887000000000000","Enrichr--Queries","ABCA1,RORA,SYTL2,ANXA1,SERPINB8,ZNF107,CDK6,BCL11A,CADPS2"
"DEG_LD_SW480","1244","0.886000000000000010","ZNF776","ZNF776","9","297","0.901299999999999990052","1.00000000000000000000000","0.6863000000000000","Enrichr--Queries","ZNF273,ZNF680,ZNF655,ZNF92,SERPINB8,ZNF117,ZNF107,ZNF331,PGF"
"DEG_LD_SW480","1245","0.886800000000000033","ZNF550","ZNF550","9","297","0.901299999999999990052","1.00000000000000000000000","0.6863000000000000","Enrichr--Queries","ATF3,RORA,ATXN1,SERPINB8,ZNF331,ASNS,ARRDC4,NT5E,NFKBIZ"
"DEG_LD_SW480","1246","0.887499999999999956","ZNF410","ZNF410","9","297","0.901299999999999990052","1.00000000000000000000000","0.6863000000000000","Enrichr--Queries","RNASE1,ATF3,EIF5,CTSB,RND3,ALCAM,ANXA1,SERPINB8,ERH"
"DEG_LD_SW480","1247","0.888199999999999990","CREB1","CREB1","9","297","0.901299999999999990052","1.00000000000000000000000","0.6863000000000000","Enrichr--Queries","ATF3,EIF5,PPARG,RORA,ATXN1,CAT,CDK6,CEBPD,SOX2"
"DEG_LD_SW480","1248","0.888900000000000023","ZNF460","ZNF460","9","297","0.901299999999999990052","1.00000000000000000000000","0.6863000000000000","Enrichr--Queries","ATF3,ABCA1,FASN,RORA,QKI,NEDD9,NAMPT,ANXA1,CDK6"
"DEG_LD_SW480","1249","0.889599999999999946","KCMF1","KCMF1","9","298","0.903299999999999991829","1.00000000000000000000000","0.6839000000000000","Enrichr--Queries","RNASE1,EIF5,ARL8B,LASP1,NAMPT,ANXA1,SERPINB8,ASNS,CDK6"
"DEG_LD_SW480","1250","0.890299999999999980","LCOR","LCOR","9","298","0.903299999999999991829","1.00000000000000000000000","0.6839000000000000","Enrichr--Queries","ABCA1,RORA,ATXN1,PAG1,RERE,SERPINB8,CDK6,SH3PXD2A,GNA13"
"DEG_LD_SW480","1251","0.891000000000000014","HMG20B","HMG20B","9","298","0.903299999999999991829","1.00000000000000000000000","0.6839000000000000","Enrichr--Queries","ATF3,NAPSA,FASN,ST3GAL5,CKB,HMGCS1,CEBPD,IFITM3,ALDOC"
"DEG_LD_SW480","1252","0.891700000000000048","ZNF689","ZNF689","9","298","0.903299999999999991829","1.00000000000000000000000","0.6839000000000000","Enrichr--Queries","FASN,ZNF512B,VDR,TRIP6,LFNG,SERPINB8,CDK6,SLC44A2,ARHGAP45"
"DEG_LD_SW480","1253","0.892499999999999960","ZNF282","ZNF282","9","298","0.903299999999999991829","1.00000000000000000000000","0.6839000000000000","Enrichr--Queries","ATF3,MEPCE,FASN,FURIN,GNB2,SERPINB8,CKB,CDK6,CEBPD"
"DEG_LD_SW480","1254","0.893199999999999994","IKZF5","IKZF5","9","298","0.903299999999999991829","1.00000000000000000000000","0.6839000000000000","Enrichr--Queries","ATF3,ABCA1,EIF5,RORA,ATXN1,NAMPT,SERPINB8,NFKBIZ,GNA13"
"DEG_LD_SW480","1255","0.893900000000000028","ZNF236","ZNF236","9","298","0.903299999999999991829","1.00000000000000000000000","0.6839000000000000","Enrichr--Queries","RORA,ATXN1,QKI,AUTS2,RERE,SLC6A4,ITPR1,NBEA,CADPS2"
"DEG_LD_SW480","1256","0.894599999999999951","CBX2","CBX2","9","298","0.903299999999999991829","1.00000000000000000000000","0.6839000000000000","Enrichr--Queries","ATF3,FASN,MDK,LOXL2,AUTS2,CKB,CDK6,MCM7,SGO1"
"DEG_LD_SW480","1257","0.895299999999999985","TFCP2","TFCP2","9","298","0.903299999999999991829","1.00000000000000000000000","0.6839000000000000","Enrichr--Queries","ATF3,FASN,RORA,CAT,SERPINB8,CKB,MITF,ASNS,HMGCS1"
"DEG_LD_SW480","1258","0.896000000000000019","ZNF343","ZNF343","9","299","0.905200000000000004619","1.00000000000000000000000","0.6816000000000000","Enrichr--Queries","HSPG2,ABCA1,SERPINB8,MOCOS,CDK6,SH3PXD2A,BTN3A2,CADPS2,TGFBR3"
"DEG_LD_SW480","1259","0.896700000000000053","VEZF1","VEZF1","9","299","0.905200000000000004619","1.00000000000000000000000","0.6816000000000000","Enrichr--Queries","ABCA1,CTSB,CNN3,LASP1,ALCAM,ANXA1,SERPINB8,IFITM3,GNA13"
"DEG_LD_SW480","1260","0.897399999999999975","PREB","PREB","9","299","0.905200000000000004619","1.00000000000000000000000","0.6816000000000000","Enrichr--Queries","NAPSA,FASN,CTSB,SEC13,GNB2,SERPINB8,ASNS,MCM7,HMGCS1"
"DEG_LD_SW480","1261","0.898100000000000009","ZNF664","ZNF664","9","299","0.905200000000000004619","1.00000000000000000000000","0.6816000000000000","Enrichr--Queries","EIF5,FASN,QKI,LASP1,ALCAM,ANXA1,SERPINB8,CDK6,HMGCS1"
"DEG_LD_SW480","1262","0.898900000000000032","ZBTB17","ZBTB17","9","299","0.905200000000000004619","1.00000000000000000000000","0.6816000000000000","Enrichr--Queries","HSPG2,ATF3,NAPSA,FASN,FURIN,CD82,RERE,CKB,PGF"
"DEG_LD_SW480","1263","0.899599999999999955","ZNF771","ZNF771","8","294","0.943200000000000038369","1.00000000000000000000000","0.6143000000000000","Enrichr--Queries","FASN,FCGR2A,KCNQ2,EEF1A2,VDR,LFNG,SLC44A2,ARHGAP45"
"DEG_LD_SW480","1264","0.900299999999999989","ZNF121","ZNF121","8","295","0.944500000000000006217","1.00000000000000000000000","0.6122000000000000","Enrichr--Queries","FASN,ZNF680,UPP1,ZNF92,SERPINB8,ZNF107,CDK6,HMGCS1"
"DEG_LD_SW480","1265","0.901000000000000023","ZNF428","ZNF428","8","296","0.945799999999999974065","1.00000000000000000000000","0.6101000000000000","Enrichr--Queries","FASN,MDK,UPP1,CHCHD10,SERPINB8,CKB,ASNS,IFITM3"
"DEG_LD_SW480","1266","0.901699999999999946","ZNF530","ZNF530","8","296","0.945799999999999974065","1.00000000000000000000000","0.6101000000000000","Enrichr--Queries","ZNF273,ZNF239,ZNF92,ZNF93,ZNF107,MCM7,CADPS2,SGO1"
"DEG_LD_SW480","1267","0.902399999999999980","ZNF764","ZNF764","8","296","0.945799999999999974065","1.00000000000000000000000","0.6101000000000000","Enrichr--Queries","ZNF512B,FURIN,VDR,LFNG,OLFML3,SLC44A2,ZDHHC11,ARHGAP45"
"DEG_LD_SW480","1268","0.903100000000000014","ZNF787","ZNF787","8","296","0.945799999999999974065","1.00000000000000000000000","0.6101000000000000","Enrichr--Queries","FASN,UPP1,GNB2,SIVA1,CKB,TRMT61A,TEDC1,ASPSCR1"
"DEG_LD_SW480","1269","0.903800000000000048","THAP1","THAP1","8","296","0.945799999999999974065","1.00000000000000000000000","0.6101000000000000","Enrichr--Queries","ATF3,EIF5,HEY1,RND3,SERPINB8,PGF,CDK6,CEBPD"
"DEG_LD_SW480","1270","0.904599999999999960","REST","REST","8","296","0.945799999999999974065","1.00000000000000000000000","0.6101000000000000","Enrichr--Queries","ATF3,ABCA1,RORA,ATXN1,EPAS1,TET1,CDK6,SOX2"
"DEG_LD_SW480","1271","0.905299999999999994","ZBTB9","ZBTB9","8","297","0.946999999999999952927","1.00000000000000000000000","0.6079000000000000","Enrichr--Queries","FASN,EGLN3,ARHGEF3,LOXL2,LFNG,SERPINB8,NECTIN1,BCL11A"
"DEG_LD_SW480","1272","0.906000000000000028","ATF4","ATF4","8","297","0.946999999999999952927","1.00000000000000000000000","0.6079000000000000","Enrichr--Queries","ATF3,EIF5,CTSB,ANXA1,CKB,ASNS,HMGCS1,IFITM3"
"DEG_LD_SW480","1273","0.906699999999999950","ZNF576","ZNF576","8","297","0.946999999999999952927","1.00000000000000000000000","0.6079000000000000","Enrichr--Queries","POP7,NAPSA,SIVA1,TRIP6,SERPINB8,PGF,MCM7,TRMT61A"
"DEG_LD_SW480","1274","0.907399999999999984","ZFP1","ZFP1","8","297","0.946999999999999952927","1.00000000000000000000000","0.6079000000000000","Enrichr--Queries","CNN3,ALCAM,SERPINB8,PGF,ITPR1,ASNS,CDK6,CADPS2"
"DEG_LD_SW480","1275","0.908100000000000018","ZNF512","ZNF512","8","297","0.946999999999999952927","1.00000000000000000000000","0.6079000000000000","Enrichr--Queries","EEF1A2,LFNG,ANXA1,SERPINB8,CDK6,BCL11A,SLC44A2,ALDOC"
"DEG_LD_SW480","1276","0.908800000000000052","HMGA1","HMGA1","8","297","0.946999999999999952927","1.00000000000000000000000","0.6079000000000000","Enrichr--Queries","ATF3,FASN,LASP1,ANXA1,CKB,ASNS,MCM7,TGFBI"
"DEG_LD_SW480","1277","0.909499999999999975","USF2","USF2","8","297","0.946999999999999952927","1.00000000000000000000000","0.6079000000000000","Enrichr--Queries","RNASE1,ATF3,NAPSA,FASN,CTSB,GNB2,CKB,CEBPD"
"DEG_LD_SW480","1278","0.910299999999999998","MBD4","MBD4","8","297","0.946999999999999952927","1.00000000000000000000000","0.6079000000000000","Enrichr--Queries","ABCA1,ALCAM,NAMPT,ANXA1,SERPINB8,MCM7,BCL11A,TGFBI"
"DEG_LD_SW480","1279","0.911000000000000032","RXRB","RXRB","8","298","0.948200000000000042810","1.00000000000000000000000","0.6059000000000000","Enrichr--Queries","RNASE1,NAPSA,FASN,EPAS1,CTSB,GNB2,SERPINB8,MCM7"
"DEG_LD_SW480","1280","0.911699999999999955","RFX1","RFX1","8","298","0.948200000000000042810","1.00000000000000000000000","0.6059000000000000","Enrichr--Queries","NAPSA,FASN,FURIN,GNB2,RERE,LFNG,TSC22D4,BICRA"
"DEG_LD_SW480","1281","0.912399999999999989","MLX","MLX","8","298","0.948200000000000042810","1.00000000000000000000000","0.6059000000000000","Enrichr--Queries","ATF3,NAPSA,FASN,FURIN,CTSB,VDR,SERPINB8,PGF"
"DEG_LD_SW480","1282","0.913100000000000023","PRDM2","PRDM2","8","298","0.948200000000000042810","1.00000000000000000000000","0.6059000000000000","Enrichr--Queries","RORA,ATXN1,AUTS2,RERE,NAV1,SERPINB8,ITPR1,SH3PXD2A"
"DEG_LD_SW480","1283","0.913799999999999946","UBP1","UBP1","8","298","0.948200000000000042810","1.00000000000000000000000","0.6059000000000000","Enrichr--Queries","EIF5,FASN,CTSB,RERE,LASP1,ALCAM,HMGCS1,IFITM3"
"DEG_LD_SW480","1284","0.914499999999999980","ZBTB41","ZBTB41","8","298","0.948200000000000042810","1.00000000000000000000000","0.6059000000000000","Enrichr--Queries","ATF3,SLC5A3,ABCA1,RORA,ATXN1,ALCAM,SERPINB8,CDK6"
"DEG_LD_SW480","1285","0.915200000000000014","TFAP4","TFAP4","8","298","0.948200000000000042810","1.00000000000000000000000","0.6059000000000000","Enrichr--Queries","ATF3,FASN,FBXO32,NR1D1,SERPINB8,ASNS,CDK6,MCM7"
"DEG_LD_SW480","1286","0.916000000000000036","ZBTB44","ZBTB44","8","298","0.948200000000000042810","1.00000000000000000000000","0.6059000000000000","Enrichr--Queries","RORA,ATXN1,RERE,ATP8A1,CDK6,RABGAP1L,BCL11A,TGFBR3"
"DEG_LD_SW480","1287","0.916699999999999959","JRKL","JRKL","8","299","0.949400000000000021672","1.00000000000000000000000","0.6038000000000000","Enrichr--Queries","ABCA1,RORA,RND3,MAML2,ANXA1,SERPINB8,PGF,BCL11A"
"DEG_LD_SW480","1288","0.917399999999999993","ZNF318","ZNF318","8","299","0.949400000000000021672","1.00000000000000000000000","0.6038000000000000","Enrichr--Queries","ABCA1,FASN,ATXN1,TANC2,RERE,NAV1,BCL11A,SH3PXD2A"
"DEG_LD_SW480","1289","0.918100000000000027","RLF","RLF","8","299","0.949400000000000021672","1.00000000000000000000000","0.6038000000000000","Enrichr--Queries","ATF3,EIF5,RORA,NEDD9,RERE,NAMPT,SERPINB8,GNA13"
"DEG_LD_SW480","1290","0.918799999999999950","ZGPAT","ZGPAT","8","299","0.949400000000000021672","1.00000000000000000000000","0.6038000000000000","Enrichr--Queries","ZNF512B,FURIN,EEF1A2,LFNG,SLC44A2,TSC22D4,ARHGAP45,ASPSCR1"
"DEG_LD_SW480","1291","0.919499999999999984","AEBP2","AEBP2","7","296","0.974199999999999954881","1.00000000000000000000000","0.5320000000000000","Enrichr--Queries","ABCA1,RORA,ATXN1,CNN3,RERE,ALCAM,CDK6"
"DEG_LD_SW480","1292","0.920200000000000018","NRF1","NRF1","7","296","0.974199999999999954881","1.00000000000000000000000","0.5320000000000000","Enrichr--Queries","ATF3,EIF5,ATXN1,EPAS1,RERE,CDK6,MCM7"
"DEG_LD_SW480","1293","0.920900000000000052","ZNF574","ZNF574","7","296","0.974199999999999954881","1.00000000000000000000000","0.5320000000000000","Enrichr--Queries","MEPCE,NAPSA,FASN,JPH3,XRCC3,MCM7,TRMT61A"
"DEG_LD_SW480","1294","0.921699999999999964","ZBTB24","ZBTB24","7","296","0.974199999999999954881","1.00000000000000000000000","0.5320000000000000","Enrichr--Queries","ATF3,ARHGEF3,SERPINB8,CDK6,RABGAP1L,BCL11A,TGFBR3"
"DEG_LD_SW480","1295","0.922399999999999998","ZNF587","ZNF587","7","296","0.974199999999999954881","1.00000000000000000000000","0.5320000000000000","Enrichr--Queries","ZNF655,CTSB,ZNF117,ZNF107,ZNF331,CDK6,TGFBR3"
"DEG_LD_SW480","1296","0.923100000000000032","THAP4","THAP4","7","297","0.974899999999999988809","1.00000000000000000000000","0.5301000000000000","Enrichr--Queries","NAPSA,FASN,CHCHD10,SIVA1,SERPINB8,CKB,MGST1"
"DEG_LD_SW480","1297","0.923799999999999955","IRF3","IRF3","7","297","0.974899999999999988809","1.00000000000000000000000","0.5301000000000000","Enrichr--Queries","ATF3,NAPSA,FASN,CTSB,CD74,GNB2,CEBPD"
"DEG_LD_SW480","1298","0.924499999999999988","GMEB1","GMEB1","7","297","0.974899999999999988809","1.00000000000000000000000","0.5301000000000000","Enrichr--Queries","ATF3,FASN,RORA,RERE,NR1D1,SERPINB8,INSL3"
"DEG_LD_SW480","1299","0.925200000000000022","ZNF280C","ZNF280C","7","297","0.974899999999999988809","1.00000000000000000000000","0.5301000000000000","Enrichr--Queries","ATF3,KCTD12,SERPINB8,ASNS,CDK6,MCM7,HMGCS1"
"DEG_LD_SW480","1300","0.925899999999999945","NFYB","NFYB","7","298","0.975500000000000033751","1.00000000000000000000000","0.5283000000000000","Enrichr--Queries","ATF3,EIF5,ASNS,CDK6,MCM7,HMGCS1,BCL11A"
"DEG_LD_SW480","1301","0.926599999999999979","ELK4","ELK4","7","298","0.975500000000000033751","1.00000000000000000000000","0.5283000000000000","Enrichr--Queries","ATF3,ABCA1,RORA,ATXN1,RERE,CDK6,GNA13"
"DEG_LD_SW480","1302","0.927400000000000002","MAX","MAX","7","298","0.975500000000000033751","1.00000000000000000000000","0.5283000000000000","Enrichr--Queries","RNASE1,ATF3,EPAS1,NAMPT,ANXA1,CDK6,CEBPD"
"DEG_LD_SW480","1303","0.928100000000000036","ZNF830","ZNF830","7","298","0.975500000000000033751","1.00000000000000000000000","0.5283000000000000","Enrichr--Queries","ATF3,MEPCE,FASN,UBE2E1,CAT,ORC5,MCM7"
"DEG_LD_SW480","1304","0.928799999999999959","ZNF706","ZNF706","7","298","0.975500000000000033751","1.00000000000000000000000","0.5283000000000000","Enrichr--Queries","RNASE1,EIF5,NPC2,CTSB,ANXA1,ERH,CEBPD"
"DEG_LD_SW480","1305","0.929499999999999993","ZNF142","ZNF142","7","298","0.975500000000000033751","1.00000000000000000000000","0.5283000000000000","Enrichr--Queries","MEPCE,FASN,RERE,SLC6A4,SERPINB8,ANKRD52,MCM7"
"DEG_LD_SW480","1306","0.930200000000000027","RFX7","RFX7","7","298","0.975500000000000033751","1.00000000000000000000000","0.5283000000000000","Enrichr--Queries","ABCA1,TANC2,RERE,CDK6,STXBP1,BCL11A,SH3PXD2A"
"DEG_LD_SW480","1307","0.930899999999999950","FOXJ3","FOXJ3","7","298","0.975500000000000033751","1.00000000000000000000000","0.5283000000000000","Enrichr--Queries","EIF5,RORA,ATXN1,RERE,CDK6,INSL3,TIAM1"
"DEG_LD_SW480","1308","0.931599999999999984","GMEB2","GMEB2","7","298","0.975500000000000033751","1.00000000000000000000000","0.5283000000000000","Enrichr--Queries","ATF3,FASN,ZNF512B,FURIN,EEF1A2,LFNG,ANKRD33B"
"DEG_LD_SW480","1309","0.932300000000000018","ZKSCAN1","ZKSCAN1","7","298","0.975500000000000033751","1.00000000000000000000000","0.5283000000000000","Enrichr--Queries","ABCA1,RORA,ATXN1,RERE,ALCAM,CDK6,SH3PXD2A"
"DEG_LD_SW480","1310","0.933000000000000052","USF1","USF1","7","298","0.975500000000000033751","1.00000000000000000000000","0.5283000000000000","Enrichr--Queries","ATF3,NAPSA,LGALS9,VDR,GNB2,LFNG,CEBPD"
"DEG_LD_SW480","1311","0.933799999999999963","NFYC","NFYC","7","298","0.975500000000000033751","1.00000000000000000000000","0.5283000000000000","Enrichr--Queries","ATF3,NAPSA,EIF5,FASN,RERE,CKB,MCM7"
"DEG_LD_SW480","1312","0.934499999999999997","KLF16","KLF16","7","298","0.975500000000000033751","1.00000000000000000000000","0.5283000000000000","Enrichr--Queries","ATF3,NAPSA,FASN,EGR3,NR1D1,MCM7,TRMT61A"
"DEG_LD_SW480","1313","0.935200000000000031","AKAP8L","AKAP8L","7","298","0.975500000000000033751","1.00000000000000000000000","0.5283000000000000","Enrichr--Queries","ATF3,NAPSA,EIF5,FASN,CAT,CKB,ALDOC"
"DEG_LD_SW480","1314","0.935899999999999954","ZNF609","ZNF609","7","299","0.976199999999999956657","1.00000000000000000000000","0.5265000000000000","Enrichr--Queries","ATXN1,TANC2,RERE,NAV1,SLC6A4,CDK6,SH3PXD2A"
"DEG_LD_SW480","1315","0.936599999999999988","KIN","KIN","7","299","0.976199999999999956657","1.00000000000000000000000","0.5265000000000000","Enrichr--Queries","ATF3,EIF5,RND3,SERPINB8,PGF,ORC5,MCM7"
"DEG_LD_SW480","1316","0.937300000000000022","E4F1","E4F1","7","299","0.976199999999999956657","1.00000000000000000000000","0.5265000000000000","Enrichr--Queries","NAPSA,FASN,SERPINB8,CKB,MCM7,TRMT61A,ASPSCR1"
"DEG_LD_SW480","1317","0.937999999999999945","CLOCK","CLOCK","7","299","0.976199999999999956657","1.00000000000000000000000","0.5265000000000000","Enrichr--Queries","ABCA1,RORA,ATXN1,EPAS1,NAMPT,ITPR1,CDK6"
"DEG_LD_SW480","1318","0.938699999999999979","ZNF644","ZNF644","6","295","0.989099999999999979217","1.00000000000000000000000","0.4560000000000000","Enrichr--Queries","QKI,RERE,CDK6,INSL3,BCL11A,GNA13"
"DEG_LD_SW480","1319","0.939500000000000002","ZNF507","ZNF507","6","295","0.989099999999999979217","1.00000000000000000000000","0.4560000000000000","Enrichr--Queries","RORA,QKI,SERPINB8,CDK6,INSL3,BCL11A"
"DEG_LD_SW480","1320","0.940200000000000036","ZNF695","ZNF695","6","295","0.989099999999999979217","1.00000000000000000000000","0.4560000000000000","Enrichr--Queries","ATF3,DBF4,SALL4,MCM7,SGO1,TGFBR3"
"DEG_LD_SW480","1321","0.940899999999999959","ZNF33A","ZNF33A","6","296","0.989399999999999946176","1.00000000000000000000000","0.4544000000000000","Enrichr--Queries","RORA,SERPINB8,ZNF107,CDK6,RABGAP1L,BCL11A"
"DEG_LD_SW480","1322","0.941599999999999993","E2F7","E2F7","6","297","0.989700000000000024158","1.00000000000000000000000","0.4528000000000000","Enrichr--Queries","ATF3,DBF4,SERPINB8,CDK6,MCM7,SGO1"
"DEG_LD_SW480","1323","0.942300000000000026","ZNF146","ZNF146","6","297","0.989700000000000024158","1.00000000000000000000000","0.4528000000000000","Enrichr--Queries","EIF5,MSMO1,ALCAM,ANXA1,ERH,HMGCS1"
"DEG_LD_SW480","1324","0.942999999999999949","TCF3","TCF3","6","297","0.989700000000000024158","1.00000000000000000000000","0.4528000000000000","Enrichr--Queries","FASN,RERE,LASP1,CDK6,MCM7,BCL11A"
"DEG_LD_SW480","1325","0.943699999999999983","MBD3","MBD3","6","297","0.989700000000000024158","1.00000000000000000000000","0.4528000000000000","Enrichr--Queries","FASN,GNB2,SIVA1,CKB,MCM7,TRMT61A"
"DEG_LD_SW480","1326","0.944400000000000017","TERF2","TERF2","6","297","0.989700000000000024158","1.00000000000000000000000","0.4528000000000000","Enrichr--Queries","FASN,ATXN1,RERE,LASP1,CDK6,MCM7"
"DEG_LD_SW480","1327","0.945200000000000040","ZNF451","ZNF451","6","297","0.989700000000000024158","1.00000000000000000000000","0.4528000000000000","Enrichr--Queries","EIF5,RORA,QKI,CDK6,INSL3,HMGCS1"
"DEG_LD_SW480","1328","0.945899999999999963","SP3","SP3","6","297","0.989700000000000024158","1.00000000000000000000000","0.4528000000000000","Enrichr--Queries","ATF3,EIF5,RORA,QKI,NAMPT,GNA13"
"DEG_LD_SW480","1329","0.946599999999999997","NKRF","NKRF","6","297","0.989700000000000024158","1.00000000000000000000000","0.4528000000000000","Enrichr--Queries","ATF3,FASN,SERPINB8,ASNS,CDK6,MCM7"
"DEG_LD_SW480","1330","0.947300000000000031","NFYA","NFYA","6","297","0.989700000000000024158","1.00000000000000000000000","0.4528000000000000","Enrichr--Queries","ATF3,ABCA1,SERPINB8,CDK6,CEBPD,SH3PXD2A"
"DEG_LD_SW480","1331","0.947999999999999954","SP1","SP1","6","298","0.989999999999999991118","1.00000000000000000000000","0.4513000000000000","Enrichr--Queries","RNASE1,ATF3,PPARG,EPAS1,LASP1,CDK6"
"DEG_LD_SW480","1332","0.948699999999999988","MXD3","MXD3","6","298","0.989999999999999991118","1.00000000000000000000000","0.4513000000000000","Enrichr--Queries","ATF3,DBF4,LFNG,PGF,MCM7,SGO1"
"DEG_LD_SW480","1333","0.949400000000000022","ZNF263","ZNF263","6","298","0.989999999999999991118","1.00000000000000000000000","0.4513000000000000","Enrichr--Queries","ATF3,MEPCE,EIF5,CTSB,SIVA1,IFITM3"
"DEG_LD_SW480","1334","0.950099999999999945","ZNF800","ZNF800","6","298","0.989999999999999991118","1.00000000000000000000000","0.4513000000000000","Enrichr--Queries","RORA,ATXN1,ALCAM,NAMPT,SERPINB8,CDK6"
"DEG_LD_SW480","1335","0.950899999999999967","ZNF598","ZNF598","6","298","0.989999999999999991118","1.00000000000000000000000","0.4513000000000000","Enrichr--Queries","FASN,GNB2,CKB,MCM7,TRMT61A,ASPSCR1"
"DEG_LD_SW480","1336","0.951600000000000001","PCGF6","PCGF6","6","298","0.989999999999999991118","1.00000000000000000000000","0.4513000000000000","Enrichr--Queries","DBF4,SERPINB8,PGF,ASNS,MCM7,SGO1"
"DEG_LD_SW480","1337","0.952300000000000035","CXXC1","CXXC1","6","298","0.989999999999999991118","1.00000000000000000000000","0.4513000000000000","Enrichr--Queries","NAPSA,FASN,CTSB,SERPINB8,CKB,MCM7"
"DEG_LD_SW480","1338","0.952999999999999958","ASH1L","ASH1L","6","298","0.989999999999999991118","1.00000000000000000000000","0.4513000000000000","Enrichr--Queries","ATXN1,TANC2,RERE,ITPR1,NBEA,BCL11A"
"DEG_LD_SW480","1339","0.953699999999999992","MYNN","MYNN","6","298","0.989999999999999991118","1.00000000000000000000000","0.4513000000000000","Enrichr--Queries","ABCA1,EIF5,RORA,ALCAM,INSL3,NFKBIZ"
"DEG_LD_SW480","1340","0.954400000000000026","DR1","DR1","6","298","0.989999999999999991118","1.00000000000000000000000","0.4513000000000000","Enrichr--Queries","EIF5,CNN3,NAMPT,CDK6,HMGCS1,GNA13"
"DEG_LD_SW480","1341","0.955099999999999949","ZBED4","ZBED4","6","299","0.990299999999999958078","1.00000000000000000000000","0.4497000000000000","Enrichr--Queries","FASN,ATXN1,SERPINB8,CDK6,MCM7,SH3PXD2A"
"DEG_LD_SW480","1342","0.955799999999999983","BAZ2A","BAZ2A","6","299","0.990299999999999958078","1.00000000000000000000000","0.4497000000000000","Enrichr--Queries","FASN,ATXN1,RERE,LASP1,NAV1,SH3PXD2A"
"DEG_LD_SW480","1343","0.956600000000000006","ZNF207","ZNF207","6","299","0.990299999999999958078","1.00000000000000000000000","0.4497000000000000","Enrichr--Queries","RNASE1,EIF5,QKI,ANXA1,ERH,HMGCS1"
"DEG_LD_SW480","1344","0.957300000000000040","ZSCAN29","ZSCAN29","6","299","0.990299999999999958078","1.00000000000000000000000","0.4497000000000000","Enrichr--Queries","ATF3,ABCA1,HYAL1,TET1,CDK6,SH3PXD2A"
"DEG_LD_SW480","1345","0.957999999999999963","FOXK2","FOXK2","6","299","0.990299999999999958078","1.00000000000000000000000","0.4497000000000000","Enrichr--Queries","FASN,ATXN1,RERE,LASP1,MCM7,SH3PXD2A"
"DEG_LD_SW480","1346","0.958699999999999997","ATF1","ATF1","6","299","0.990299999999999958078","1.00000000000000000000000","0.4497000000000000","Enrichr--Queries","ATF3,EIF5,PPARG,CAT,CDK6,CEBPD"
"DEG_LD_SW480","1347","0.959400000000000031","NFX1","NFX1","6","299","0.990299999999999958078","1.00000000000000000000000","0.4497000000000000","Enrichr--Queries","EIF5,ATXN1,RERE,SERPINB8,ITPR1,SH3PXD2A"
"DEG_LD_SW480","1348","0.960099999999999953","GATAD2B","GATAD2B","6","299","0.990299999999999958078","1.00000000000000000000000","0.4497000000000000","Enrichr--Queries","FASN,ATXN1,RERE,NAV1,CDK6,SH3PXD2A"
"DEG_LD_SW480","1349","0.960799999999999987","SRCAP","SRCAP","6","299","0.990299999999999958078","1.00000000000000000000000","0.4497000000000000","Enrichr--Queries","ATF3,EIF5,FASN,FURIN,RERE,SERPINB8"
"DEG_LD_SW480","1350","0.961500000000000021","ZNF687","ZNF687","6","299","0.990299999999999958078","1.00000000000000000000000","0.4497000000000000","Enrichr--Queries","MEPCE,FASN,KIF26B,RERE,NAV1,MCM7"
"DEG_LD_SW480","1351","0.962300000000000044","ZNF511","ZNF511","5","294","0.996099999999999985434","1.00000000000000000000000","0.3800000000000000","Enrichr--Queries","POP7,FASN,SIVA1,CKB,MCM7"
"DEG_LD_SW480","1352","0.962999999999999967","ZNF367","ZNF367","5","295","0.996199999999999974420","1.00000000000000000000000","0.3787000000000000","Enrichr--Queries","ATF3,DBF4,CDK6,MCM7,SGO1"
"DEG_LD_SW480","1353","0.963700000000000001","DRAP1","DRAP1","5","296","0.996399999999999952394","1.00000000000000000000000","0.3774000000000000","Enrichr--Queries","NAPSA,GNB2,ANXA1,CKB,IFITM3"
"DEG_LD_SW480","1354","0.964400000000000035","ZNF646","ZNF646","5","297","0.996500000000000052403","1.00000000000000000000000","0.3761000000000000","Enrichr--Queries","FURIN,CTSB,RERE,GPNMB,CEBPD"
"DEG_LD_SW480","1355","0.965099999999999958","ZBTB33","ZBTB33","5","297","0.996500000000000052403","1.00000000000000000000000","0.3761000000000000","Enrichr--Queries","ATF3,RORA,SH3BGRL,CDK6,GNA13"
"DEG_LD_SW480","1356","0.965799999999999992","GABPA","GABPA","5","297","0.996500000000000052403","1.00000000000000000000000","0.3761000000000000","Enrichr--Queries","ATF3,RORA,NAMPT,CDK6,GNA13"
"DEG_LD_SW480","1357","0.966500000000000026","E2F8","E2F8","5","297","0.996500000000000052403","1.00000000000000000000000","0.3761000000000000","Enrichr--Queries","ATF3,DBF4,ASNS,MCM7,SGO1"
"DEG_LD_SW480","1358","0.967199999999999949","ZNF292","ZNF292","5","298","0.996600000000000041389","1.00000000000000000000000","0.3748000000000000","Enrichr--Queries","ABCA1,RORA,RERE,NAMPT,INSL3"
"DEG_LD_SW480","1359","0.967899999999999983","ZNF639","ZNF639","5","298","0.996600000000000041389","1.00000000000000000000000","0.3748000000000000","Enrichr--Queries","EIF5,DBF4,NAMPT,MCM7,GNA13"
"DEG_LD_SW480","1360","0.968700000000000006","ZNF740","ZNF740","5","298","0.996600000000000041389","1.00000000000000000000000","0.3748000000000000","Enrichr--Queries","FASN,ARRB1,RERE,NAV1,SH3PXD2A"
"DEG_LD_SW480","1361","0.969400000000000039","NR2C2","NR2C2","5","298","0.996600000000000041389","1.00000000000000000000000","0.3748000000000000","Enrichr--Queries","RORA,ATXN1,RERE,ITPR1,CDK6"
"DEG_LD_SW480","1362","0.970099999999999962","ZNF24","ZNF24","5","298","0.996600000000000041389","1.00000000000000000000000","0.3748000000000000","Enrichr--Queries","EIF5,RORA,QKI,CDK6,GNA13"
"DEG_LD_SW480","1363","0.970799999999999996","GATAD2A","GATAD2A","5","298","0.996600000000000041389","1.00000000000000000000000","0.3748000000000000","Enrichr--Queries","FASN,RERE,LASP1,CDK6,MCM7"
"DEG_LD_SW480","1364","0.971500000000000030","ELF2","ELF2","5","298","0.996600000000000041389","1.00000000000000000000000","0.3748000000000000","Enrichr--Queries","ABCA1,RORA,ATXN1,RERE,CDK6"
"DEG_LD_SW480","1365","0.972199999999999953","ZNF592","ZNF592","5","298","0.996600000000000041389","1.00000000000000000000000","0.3748000000000000","Enrichr--Queries","FASN,FURIN,RERE,LASP1,SLC6A4"
"DEG_LD_SW480","1366","0.972899999999999987","SMAD4","SMAD4","5","298","0.996600000000000041389","1.00000000000000000000000","0.3748000000000000","Enrichr--Queries","RNASE1,PPARG,EPAS1,RERE,CDK6"
"DEG_LD_SW480","1367","0.973600000000000021","ATF2","ATF2","5","298","0.996600000000000041389","1.00000000000000000000000","0.3748000000000000","Enrichr--Queries","ATF3,RORA,ATXN1,ITPR1,CDK6"
"DEG_LD_SW480","1368","0.974400000000000044","E2F1","E2F1","5","298","0.996600000000000041389","1.00000000000000000000000","0.3748000000000000","Enrichr--Queries","ATF3,DBF4,CDK6,MCM7,SGO1"
"DEG_LD_SW480","1369","0.975099999999999967","ZNF131","ZNF131","5","299","0.996700000000000030376","1.00000000000000000000000","0.3735000000000000","Enrichr--Queries","ATF3,EIF5,QKI,HMGCS1,CEBPD"
"DEG_LD_SW480","1370","0.975800000000000001","ZFX","ZFX","5","299","0.996700000000000030376","1.00000000000000000000000","0.3735000000000000","Enrichr--Queries","EIF5,RORA,ATXN1,SERPINB8,CDK6"
"DEG_LD_SW480","1371","0.976500000000000035","YY1","YY1","5","299","0.996700000000000030376","1.00000000000000000000000","0.3735000000000000","Enrichr--Queries","RNASE1,EIF5,FASN,CDK6,GNA13"
"DEG_LD_SW480","1372","0.977199999999999958","ZNF335","ZNF335","5","299","0.996700000000000030376","1.00000000000000000000000","0.3735000000000000","Enrichr--Queries","FASN,ZNF512B,FURIN,RERE,SERPINB8"
"DEG_LD_SW480","1373","0.977899999999999991","THAP11","THAP11","5","299","0.996700000000000030376","1.00000000000000000000000","0.3735000000000000","Enrichr--Queries","NAPSA,EIF5,FASN,CKB,MCM7"
"DEG_LD_SW480","1374","0.978600000000000025","ZNF197","ZNF197","4","295","0.998999999999999999112","1.00000000000000000000000","0.3019000000000000","Enrichr--Queries","ATF3,ATXN1,RERE,HMGCS1"
"DEG_LD_SW480","1375","0.979299999999999948","MAZ","MAZ","4","296","0.998999999999999999112","1.00000000000000000000000","0.3009000000000000","Enrichr--Queries","FASN,GNB2,CKB,MCM7"
"DEG_LD_SW480","1376","0.980099999999999971","E2F3","E2F3","4","296","0.998999999999999999112","1.00000000000000000000000","0.3009000000000000","Enrichr--Queries","DBF4,SERPINB8,CDK6,MCM7"
"DEG_LD_SW480","1377","0.980800000000000005","ZBTB6","ZBTB6","4","296","0.998999999999999999112","1.00000000000000000000000","0.3009000000000000","Enrichr--Queries","ATF3,RORA,SH3BGRL,INSL3"
"DEG_LD_SW480","1378","0.981500000000000039","SETDB1","SETDB1","4","297","0.998999999999999999112","1.00000000000000000000000","0.2998000000000000","Enrichr--Queries","FASN,RERE,SLC6A4,MCM7"
"DEG_LD_SW480","1379","0.982199999999999962","ZFP62","ZFP62","4","297","0.998999999999999999112","1.00000000000000000000000","0.2998000000000000","Enrichr--Queries","ATF3,CNN3,RND3,ATP8A1"
"DEG_LD_SW480","1380","0.982899999999999996","E2F4","E2F4","4","298","0.999099999999999988098","1.00000000000000000000000","0.2988000000000000","Enrichr--Queries","ATF3,FASN,CDK6,MCM7"
"DEG_LD_SW480","1381","0.983600000000000030","ZNF148","ZNF148","4","298","0.999099999999999988098","1.00000000000000000000000","0.2988000000000000","Enrichr--Queries","RORA,ATXN1,RERE,CDK6"
"DEG_LD_SW480","1382","0.984299999999999953","YBX1","YBX1","4","298","0.999099999999999988098","1.00000000000000000000000","0.2988000000000000","Enrichr--Queries","RNASE1,FASN,ANXA1,ERH"
"DEG_LD_SW480","1383","0.984999999999999987","CEBPZ","CEBPZ","4","298","0.999099999999999988098","1.00000000000000000000000","0.2988000000000000","Enrichr--Queries","EIF5,MCM7,HMGCS1,DNAJC2"
"DEG_LD_SW480","1384","0.985800000000000010","TFDP1","TFDP1","4","298","0.999099999999999988098","1.00000000000000000000000","0.2988000000000000","Enrichr--Queries","FASN,ASNS,CDK6,MCM7"
"DEG_LD_SW480","1385","0.986500000000000044","ARID2","ARID2","4","298","0.999099999999999988098","1.00000000000000000000000","0.2988000000000000","Enrichr--Queries","RORA,ATXN1,RERE,CDK6"
"DEG_LD_SW480","1386","0.987199999999999966","ZNF384","ZNF384","4","298","0.999099999999999988098","1.00000000000000000000000","0.2988000000000000","Enrichr--Queries","ATF3,FASN,LASP1,MCM7"
"DEG_LD_SW480","1387","0.987900000000000000","E2F2","E2F2","4","298","0.999099999999999988098","1.00000000000000000000000","0.2988000000000000","Enrichr--Queries","ATF3,CDK6,MCM7,SGO1"
"DEG_LD_SW480","1388","0.988600000000000034","AHCTF1","AHCTF1","4","298","0.999099999999999988098","1.00000000000000000000000","0.2988000000000000","Enrichr--Queries","EIF5,FASN,NAMPT,MCM7"
"DEG_LD_SW480","1389","0.989299999999999957","PRMT3","PRMT3","4","298","0.999099999999999988098","1.00000000000000000000000","0.2988000000000000","Enrichr--Queries","SERPINB8,ASNS,CDK6,MCM7"
"DEG_LD_SW480","1390","0.989999999999999991","ZBTB11","ZBTB11","4","298","0.999099999999999988098","1.00000000000000000000000","0.2988000000000000","Enrichr--Queries","ATF3,EIF5,NAMPT,INSL3"
"DEG_LD_SW480","1391","0.990700000000000025","AKAP8","AKAP8","4","299","0.999099999999999988098","1.00000000000000000000000","0.2978000000000000","Enrichr--Queries","EIF5,FASN,CAT,MCM7"
"DEG_LD_SW480","1392","0.991500000000000048","ZNF526","ZNF526","4","299","0.999099999999999988098","1.00000000000000000000000","0.2978000000000000","Enrichr--Queries","NAPSA,FASN,HYAL1,CEBPD"
"DEG_LD_SW480","1393","0.992199999999999971","MYSM1","MYSM1","3","297","0.999800000000000022027","1.00000000000000000000000","0.2241000000000000","Enrichr--Queries","RORA,ITPR1,INSL3"
"DEG_LD_SW480","1394","0.992900000000000005","ADNP","ADNP","3","298","0.999800000000000022027","1.00000000000000000000000","0.2233000000000000","Enrichr--Queries","RERE,STXBP1,BCL11A"
"DEG_LD_SW480","1395","0.993600000000000039","MYBL2","MYBL2","3","298","0.999800000000000022027","1.00000000000000000000000","0.2233000000000000","Enrichr--Queries","DBF4,MCM7,SGO1"
"DEG_LD_SW480","1396","0.994299999999999962","ZZZ3","ZZZ3","3","298","0.999800000000000022027","1.00000000000000000000000","0.2233000000000000","Enrichr--Queries","EIF5,RERE,CDK6"
"DEG_LD_SW480","1397","0.994999999999999996","FOXM1","FOXM1","3","298","0.999800000000000022027","1.00000000000000000000000","0.2233000000000000","Enrichr--Queries","DBF4,MCM7,SGO1"
"DEG_LD_SW480","1398","0.995700000000000029","CREBZF","CREBZF","3","299","0.999800000000000022027","1.00000000000000000000000","0.2226000000000000","Enrichr--Queries","EIF5,RORA,CDK6"
"DEG_LD_SW480","1399","0.996399999999999952","ZFP91","ZFP91","3","299","0.999800000000000022027","1.00000000000000000000000","0.2226000000000000","Enrichr--Queries","EIF5,CDK6,SH3PXD2A"
"DEG_LD_SW480","1400","0.997199999999999975","ZNF326","ZNF326","3","299","0.999800000000000022027","1.00000000000000000000000","0.2226000000000000","Enrichr--Queries","EIF5,FASN,SERPINB8"
"DEG_LD_SW480","1401","0.997900000000000009","CDC5L","CDC5L","2","297","1.000000000000000000000","1.00000000000000000000000","0.1489000000000000","Enrichr--Queries","EIF5,MCM7"
"DEG_LD_SW480","1402","0.998600000000000043","CTCF","CTCF","2","297","1.000000000000000000000","1.00000000000000000000000","0.1489000000000000","Enrichr--Queries","MCM7,BCL11A"
"DEG_LD_SW480","1403","0.999299999999999966","GTF3A","GTF3A","2","298","1.000000000000000000000","1.00000000000000000000000","0.1484000000000000","Enrichr--Queries","ERH,MCM7"
"DEG_LD_SW480","1404","1.000000000000000000","MGA","MGA","1","297","1.000000000000000000000","1.00000000000000000000000","0.0742000000000000","Enrichr--Queries","RERE"
