"GeneID","Symbol","Ensembl","Entrez","logFC","AveExpr","t","P.Value","adj.P.Val","B"
"ENSG00000188015","S100A3","ENSG00000188015","6274","1.7099907902561569","6.454074640472082791","20.088047670229265","0.000000001874165769883824","0.00002611087750602143","12.04974473590299411"
"ENSG00000130303","BST2","ENSG00000130303","684","1.7380082459974266","3.629129399501688003","15.556427843289386","0.000000022804540127787292","0.00015885642653016627","9.29478528159474138"
"ENSG00000116016","EPAS1","ENSG00000116016","2034","1.0973706423941429","9.596067502082712863","14.438823184300816","0.000000046889884327242002","0.00021775662281571187","9.17667062577723769"
"ENSG00000186472","PCLO","ENSG00000186472","27445","-2.9240134410302279","2.505727736363684954","-13.694909311045784","0.000000077987141597818679","0.00027162921418520246","7.32312267494978997"
"ENSG00000237412","PRSS56","ENSG00000237412","646960","1.8864435647663074","5.961164520705946934","12.609285660721355","0.000000171705560117797356","0.00047844037271223055","7.93854405330173485"
"ENSG00000129521","EGLN3","ENSG00000129521","112399","1.3874719581866621","5.296716750012511632","12.029232142752916","0.000000268462410778648924","0.00062336971782802285","7.49797372253415340"
"ENSG00000070182","SPTB","ENSG00000070182","6710","1.2042929541213141","6.644124646731434325","11.330787100312282","0.000000471893910794858492","0.00092767946981732203","6.95615842043316590"
"ENSG00000164733","CTSB","ENSG00000164733","1508","1.0299779789960137","8.738080710783711069","11.185424201494325","0.000000532689905149194385","0.00092767946981732203","6.83678260084091516"
"ENSG00000007350","TKTL1","ENSG00000007350","8277","-3.2833821428327896","0.287338829982692945","-10.351658565892039","0.000001097018470407211216","0.00148309809662932213","3.58391354769763559"
"ENSG00000057019","DCBLD2","ENSG00000057019","131566","-0.9959115703241084","8.468062757492836212","-10.290281665319380","0.000001159174358233227560","0.00148309809662932213","6.06149072417345991"
"ENSG00000152078","TLCD4","ENSG00000152078","148534","-1.0724927950491758","3.854674538485125534","-10.254569890288980","0.000001197100087632679974","0.00148309809662932213","5.99109808017081846"
"ENSG00000133048","CHI3L1","ENSG00000133048","1116","0.9635418846657995","5.332314325943905864","10.059080832970068","0.000001430208811178907938","0.00148309809662932213","5.86133914531893119"
"ENSG00000069667","RORA","ENSG00000069667","6095","0.8518600227942539","6.213573092850398716","10.025989894912808","0.000001474358431193498431","0.00148309809662932213","5.81910117685123307"
"ENSG00000103888","CEMIP","ENSG00000103888","57214","1.4530784691932759","7.184481164639966444","9.990551037071301","0.000001523294646491891669","0.00148309809662932213","5.78385845133185583"
"ENSG00000053108","FSTL4","ENSG00000053108","23105","-1.9838541095055062","2.670410093718566191","-9.939594685739040","0.000001596789509721492565","0.00148309809662932213","5.41560058081755447"
"ENSG00000100722","ZC3H14","ENSG00000100722","79882","-0.6998413051389534","6.288731241456218868","-9.786390994871162","0.000001842054388129260659","0.00152412151148375728","5.59458504342595209"
"ENSG00000081803","CADPS2","ENSG00000081803","93664","1.2369372242684253","3.323149449569862579","9.776209082644710","0.000001859752059662925272","0.00152412151148375728","5.51828672493809957"
"ENSG00000149573","MPZL2","ENSG00000149573","10205","0.7055845853396647","8.991262673464650135","9.607574282136881","0.000002181500212458862438","0.00168848116444315953","5.42718826213959016"
"ENSG00000151572","ANO4","ENSG00000151572","121601","0.7536432178296018","5.445374515445791985","9.192744840341470","0.000003262582693960790859","0.00239233168906640738","5.03154697326784905"
"ENSG00000105810","CDK6","ENSG00000105810","1021","-0.8752143210604943","7.341491960947934992","-9.080204172322276","0.000003648255830656067616","0.00244425773109046640","4.89815006947722154"
"ENSG00000132170","PPARG","ENSG00000132170","5468","-1.3570292713758314","2.868365956361478286","-9.041550747914686","0.000003791951223297096019","0.00244425773109046640","4.77753637876910808"
"ENSG00000211891","IGHE","ENSG00000211891",NA,"-3.5987645280972314","-0.936316979026870277","-9.023869947121756","0.000003859723663794879906","0.00244425773109046640","1.78137895875743979"
"ENSG00000164815","ORC5","ENSG00000164815","5001","-0.6693252138009749","5.996875162508711554","-8.878493678125682","0.000004469658043515459475","0.00251952732558464228","4.69947982801479114"
"ENSG00000198216","CACNA1E","ENSG00000198216","777","1.5345103605764647","3.794842588693311924","8.805293843461971","0.000004815839693397952603","0.00251952732558464228","4.66899416711766069"
"ENSG00000160917","CPSF4","ENSG00000160917","10898","-0.6503582582111633","5.920273022244253447","-8.801496258722709","0.000004834578497542721622","0.00251952732558464228","4.62105859311720657"
"ENSG00000163947","ARHGEF3","ENSG00000163947","50650","0.8665155968121088","6.445024561664638441","8.797276092614952","0.000004855495583433366726","0.00251952732558464228","4.60788689112547356"
"ENSG00000135362","PRR5L","ENSG00000135362","79899","0.7741876170967554","7.193168578276915248","8.791795920159780","0.000004882804894543880107","0.00251952732558464228","4.59998187277692416"
"ENSG00000136869","TLR4","ENSG00000136869","7099","-1.0217968904480799","4.620516846850263981","-8.560720435997021","0.000006201284511439038840","0.00292416856269552602","4.41781611194938773"
"ENSG00000081479","LRP2","ENSG00000081479","4036","1.2005306411395269","6.334599897357850118","8.551032399526557","0.000006264433450105052951","0.00292416856269552602","4.35075536480254055"
"ENSG00000185885","IFITM1","ENSG00000185885","8519","1.0472369535297226","3.923737769279775467","8.543585795462700","0.000006313447381515313047","0.00292416856269552602","4.41189309440317246"
"ENSG00000109501","WFS1","ENSG00000109501","7466","0.6402388548257232","7.492011579060100956","8.493497852614277","0.000006654161635041095945","0.00292416856269552602","4.28366723110706360"
"ENSG00000111859","NEDD9","ENSG00000111859","4739","0.8176124591897747","7.108735517554081618","8.465324095359538","0.000006854552644429765182","0.00292416856269552602","4.25260010458905313"
"ENSG00000171401","KRT13","ENSG00000171401","3860","-1.1492932171486876","6.746902552228109862","-8.455450457149249","0.000006926325191569936788","0.00292416856269552602","4.24456967721932266"
"ENSG00000114812","VIPR1","ENSG00000114812","7433","-1.0861410664300424","3.749586770291400750","-8.356835087233883","0.000007689727122119857875","0.00307949083754132259","4.21840252473337962"
"ENSG00000075790","BCAP29","ENSG00000075790","55973","-0.8905530671776107","4.052634660313067627","-8.313277990438651","0.000008055616899049598015","0.00307949083754132259","4.17302647687542105"
"ENSG00000254126","CD8B2","ENSG00000254126","927","0.6629263606259768","6.715272601508136319","8.304818232137453","0.000008128851165556008512","0.00307949083754132259","4.07773701402761191"
"ENSG00000105793","GTPBP10","ENSG00000105793","85865","-0.6011891194577714","5.624730795773356995","-8.299143882898068","0.000008178377906189272499","0.00307949083754132259","4.09334210620191286"
"ENSG00000129353","SLC44A2","ENSG00000129353","57153","-1.0322815420903799","5.373554395041199250","-8.224178263408465","0.000008864396967845505643","0.00317530315941467372","4.02556455491060383"
"ENSG00000104059","ENTREP2","ENSG00000104059","23359","0.7817566927298412","5.347062752159655652","8.221643379498742","0.000008888660868301196497","0.00317530315941467372","4.01885321013066488"
"ENSG00000120063","GNA13","ENSG00000120063","10672","0.5984225544703943","7.486772638670018409","8.144300730175811","0.000009664792831599377588","0.00336624734324606325","3.90043184147901556"
"ENSG00000227051","C14orf132","ENSG00000227051","56967","-0.7867968408461934","4.759364559168798969","-8.039179686596325","0.000010840005146758309007","0.00350288624751199981","3.84928347834947715"
"ENSG00000103723","AP3B2","ENSG00000103723","8120","-1.0358389774669909","3.009084272533169013","-8.021411373374958","0.000011053553691954646975","0.00350288624751199981","3.83617970626794413"
"ENSG00000183742","MACC1","ENSG00000183742","346389","-1.6445857628821905","3.361861494662909511","-8.016563246432380","0.000011112610893883627036","0.00350288624751199981","3.84802983753002348"
"ENSG00000087077","TRIP6","ENSG00000087077","7205","-0.8175131915114351","5.922207285733168902","-8.007115361854385","0.000011228686340858226231","0.00350288624751199981","3.76094393313692166"
"ENSG00000105821","DNAJC2","ENSG00000105821","27000","-0.6807705129687545","5.902805828877468741","-7.976472856980489","0.000011614303862770338085","0.00350288624751199981","3.72545148689126293"
"ENSG00000163328","GPR155","ENSG00000163328","151556","0.6855544314031139","6.866946408333550522","7.970126492410101","0.000011695952239367038417","0.00350288624751199981","3.70336161359491101"
"ENSG00000095970","TREM2","ENSG00000095970","54209","1.8474160777648807","1.909981072949944902","7.954413226006603","0.000011900802636756941972","0.00350288624751199981","3.52934576846653769"
"ENSG00000163453","IGFBP7","ENSG00000163453","3490","0.8012968763077390","5.775205947285954267","7.941765732946378","0.000012068514203314383593","0.00350288624751199981","3.68884115096302523"
"ENSG00000124882","EREG","ENSG00000124882","2069","-2.7108118839543316","0.206004059696964309","-7.906126078277584","0.000012555065638418742965","0.00352202428926982978","2.40797261206051427"
"ENSG00000100558","PLEK2","ENSG00000100558","26499","-0.6941471606488925","5.634169184067421732","-7.900054783031319","0.000012640052717735536107","0.00352202428926982978","3.64843242948387125"
"ENSG00000221890","NPTXR","ENSG00000221890","23467","-0.9624112246663037","3.201379404015899155","-7.851996150490224","0.000013335234466779923493","0.00364287228610152758","3.67449132004787948"
"ENSG00000087253","LPCAT2","ENSG00000087253","54947","0.6166721466888818","7.711099918232913630","7.733523374886818","0.000015232658033703418076","0.00404418169682704484","3.43285133355567318"
"ENSG00000135046","ANXA1","ENSG00000135046","301","-1.1870474464670413","2.949722553411444181","-7.724723700954796","0.000015384842803031391898","0.00404418169682704484","3.52067117899655457"
"ENSG00000197013","ZNF429","ENSG00000197013","353088","-1.0177693984276948","2.716499691190888743","-7.705088823982456","0.000015730393494254212900","0.00405844152151758723","3.47976634133268803"
"ENSG00000115963","RND3","ENSG00000115963","390","-0.6100533812668054","5.082576427929310192","-7.627365867282557","0.000017183154676737019873","0.00435264929011454881","3.36135982193344596"
"ENSG00000184985","SORCS2","ENSG00000184985","57537","1.4208886485676495","1.790491373989302915","7.551903697905960","0.000018733767802326382109","0.00457739452735109013","3.13877974005200677"
"ENSG00000101210","EEF1A2","ENSG00000101210","1917","-1.4321214494284558","6.337836586480744216","-7.527596962004056","0.000019265016387431111431","0.00457739452735109013","3.20248415188170021"
"ENSG00000072832","CRMP1","ENSG00000072832","1400","-1.5187791319782464","3.520263385322826011","-7.527348322175961","0.000019270534315532004927","0.00457739452735109013","3.32722947802811575"
"ENSG00000105492","SIGLEC6","ENSG00000105492","946","1.3975674789048051","3.600956793676656886","7.470533531728208","0.000020577465770767630436","0.00457739452735109013","3.26240042069504366"
"ENSG00000169083","AR","ENSG00000169083","367","1.5145290160235381","2.886600496322078158","7.465279699840711","0.000020703087004197854096","0.00457739452735109013","3.23773087187162822"
"ENSG00000206075","SERPINB5","ENSG00000206075","5268","-1.1472743954649935","2.684386537750134138","-7.449806832650299","0.000021077901280536793382","0.00457739452735109013","3.20451225397755479"
"ENSG00000105865","DUS4L","ENSG00000105865","11062","-0.8914435111217518","3.523442551692862690","-7.448238939202473","0.000021116290167012033126","0.00457739452735109013","3.23780366946797837"
"ENSG00000256229","ZNF486","ENSG00000256229","90649","-1.0920294115797695","3.283247769240416059","-7.420899140945292","0.000021798009170651038357","0.00457739452735109013","3.20718350212337189"
"ENSG00000120708","TGFBI","ENSG00000120708","7045","0.7200253492574884","9.214702205233328058","7.418420122247163","0.000021860992456227423423","0.00457739452735109013","3.07418304441252044"
"ENSG00000128512","DOCK4","ENSG00000128512","9732","0.6469374533806480","6.667417719932278608","7.409622232633361","0.000022086112658171957150","0.00457739452735109013","3.04775784972868635"
"ENSG00000105854","PON2","ENSG00000105854","5445","-0.6793917854221183","5.872660015197367578","-7.402818752183053","0.000022261921755328933892","0.00457739452735109013","3.05706216101318340"
"ENSG00000157259","GATAD1","ENSG00000157259","57798","-0.6179194000267438","5.860226488472093820","-7.397025341172413","0.000022412824906872103726","0.00457739452735109013","3.04993274333453090"
"ENSG00000186642","PDE2A","ENSG00000186642","5138","-1.9227390070369159","1.404595554239350230","-7.388160049922236","0.000022645891728087927050","0.00457739452735109013","2.79071932320604521"
"ENSG00000170632","ARMC10","ENSG00000170632","83787","-0.5686355677573252","6.359947826982366159","-7.387243841614357","0.000022670127934770685539","0.00457739452735109013","3.02501020069725435"
"ENSG00000110492","MDK","ENSG00000110492","4192","-1.2063420205822171","4.804726313110359470","-7.316195545956044","0.000024637908150994524423","0.00490364766228079587","3.02086079111702333"
"ENSG00000106245","BUD31","ENSG00000106245","8896","-0.6187333329146458","5.946569134358434816","-7.271023421016293","0.000025984725005012975245","0.00500649565230203153","2.89436385959537112"
"ENSG00000165449","SLC16A9","ENSG00000165449","220963","-2.4860819072486775","0.654879357219392610","-7.263496892757810","0.000026216777768643791737","0.00500649565230203153","2.26621027798049823"
"ENSG00000127920","GNG11","ENSG00000127920","2791","-1.4299237060554415","2.600192209245579811","-7.262982631485121","0.000026232714801754830245","0.00500649565230203153","2.98825189867784324"
"ENSG00000106244","PDAP1","ENSG00000106244","11333","-0.5553758073836903","7.377466181578848925","-7.221822442679328","0.000027542934000154810364","0.00512285656124425535","2.81983086412287776"
"ENSG00000168306","ACOX2","ENSG00000168306","8309","1.0475763592691831","3.731956407141184595","7.199399827195136","0.000028286363489865333027","0.00512285656124425535","2.94410667129582126"
"ENSG00000127922","SEM1","ENSG00000127922","7979","-0.5748040331907722","5.692709543614220991","-7.197473331214227","0.000028351242967331597550","0.00512285656124425535","2.81404719064908804"
"ENSG00000112378","PERP","ENSG00000112378","64065","0.7685406791386971","8.548927688603138009","7.193832751292613","0.000028474288633797027525","0.00512285656124425535","2.79413360132095789"
"ENSG00000101955","SRPX","ENSG00000101955","8406","1.3901682404096933","2.025514241261689552","7.187756748659731","0.000028680936820058278690","0.00512285656124425535","2.83078738783441164"
"ENSG00000169035","KLK7","ENSG00000169035","5650","1.0656625284615684","5.459882408411100840","7.163563348867577","0.000029520011630351811221","0.00514884979815400171","2.78653902160461975"
"ENSG00000164398","ACSL6","ENSG00000164398","23305","1.7929198277482878","1.591540333325988321","7.162270175878292","0.000029565603205018671967","0.00514884979815400171","2.67718027032040595"
"ENSG00000153071","DAB2","ENSG00000153071","1601","1.1618405840583890","2.706664214579321825","7.151793064508915","0.000029937801802984864984","0.00514930191011339720","2.88478107558747610"
"ENSG00000142089","IFITM3","ENSG00000142089","10410","0.6658148586342634","6.194938311927123742","7.082566908259317","0.000032528173084222184255","0.00552661594401687196","2.65307660840507875"
"ENSG00000105835","NAMPT","ENSG00000105835","10135","-0.5013559798195022","7.708750021526102891","-7.053285530782386","0.000033695958755753697717","0.00559061646711148021","2.61233258751451913"
"ENSG00000170876","TMEM43","ENSG00000170876","79188","-0.6182888609963308","5.785060754194031318","-7.050418683129632","0.000033812707285151359616","0.00559061646711148021","2.62861895137032597"
"ENSG00000135318","NT5E","ENSG00000135318","4907","-1.1527642139973326","3.735400172244365269","-7.043198093906920","0.000034108699375859592772","0.00559061646711148021","2.76205797521558072"
"ENSG00000140564","FURIN","ENSG00000140564","5045","0.6717510380442233","7.284138340236016695","7.001764244658121","0.000035862288601396243005","0.00579633131203334886","2.54593023550396858"
"ENSG00000117472","TSPAN1","ENSG00000117472","10103","0.6021149222869520","5.720384009719357898","6.994130777895461","0.000036195867366271987950","0.00579633131203334886","2.55833465322005793"
"ENSG00000181577","LINC03040","ENSG00000181577",NA,"0.6798559073928603","4.495837134680559011","6.982129941101235","0.000036727101220428525863","0.00580420509493522353","2.62701630882196646"
"ENSG00000109107","ALDOC","ENSG00000109107","230","1.1831006139052178","3.098289358927848181","6.974299788016454","0.000037078255343757890222","0.00580420509493522353","2.69510425824074940"
"ENSG00000147180","ZNF711","ENSG00000147180","7552","-3.5734410776414336","-0.794728971226139946","-6.952127318725438","0.000038092454488951207848","0.00580556428088547377","0.92603514134895537"
"ENSG00000152689","RASGRP3","ENSG00000152689","25780","-0.8272716768636670","3.670734923307502839","-6.950858709728238","0.000038151382598430369074","0.00580556428088547377","2.65157899855506152"
"ENSG00000142149","HUNK","ENSG00000142149","30811","0.8258363698236622","7.590735563404808595","6.934210273280353","0.000038933919970772922923","0.00580556428088547377","2.46206000468791864"
"ENSG00000164597","COG5","ENSG00000164597","10466","-0.5331678163617521","6.622775175515648982","-6.930967674246657","0.000039088343518944066812","0.00580556428088547377","2.45778755189860654"
"ENSG00000135185","TMEM243","ENSG00000135185","79161","-0.6706812880638644","4.590368934517766952","-6.924660763044424","0.000039390599751374391841","0.00580556428088547377","2.55122761855962921"
"ENSG00000144566","RAB5A","ENSG00000144566","5868","-0.5205736160198651","5.437709590342532096","-6.910917215321402","0.000040058042085806426285","0.00580556428088547377","2.47044229426081152"
"ENSG00000127952","STYXL1","ENSG00000127952","51657","-0.5373441181672831","5.695180519844545763","-6.903555115378976","0.000040420595409552901927","0.00580556428088547377","2.44744550365868108"
"ENSG00000105419","MEIS3","ENSG00000105419","56917","-0.9080432852890321","4.166938885925538294","-6.835236632653221","0.000043959306022090484573","0.00599761759708603362","2.47810561027064935"
"ENSG00000163359","COL6A3","ENSG00000163359","1293","1.4388665848353828","2.007560993014662731","6.831261576537441","0.000044175263529689223622","0.00599761759708603362","2.44551481392687986"
"ENSG00000185933","CALHM1","ENSG00000185933","255022","1.0751184957604927","2.059719220230460390","6.831007742550348","0.000044189092750458517885","0.00599761759708603362","2.46150386012954936"
"ENSG00000134802","SLC43A3","ENSG00000134802","29015","-1.3797617364075379","2.225036693466228233","-6.830371182147450","0.000044223794006611036507","0.00599761759708603362","2.47014539404770606"
"ENSG00000114378","HYAL1","ENSG00000114378","3373","0.7872589431256376","3.477184891062953920","6.820786979261263","0.000044749838853039800317","0.00599761759708603362","2.50166589110226489"
"ENSG00000128581","IFT22","ENSG00000128581","64792","-0.5447776050306175","5.093982921662195018","-6.816071362010520","0.000045011141559151600844","0.00599761759708603362","2.37357765780768304"
"ENSG00000128563","PRKRIP1","ENSG00000128563","79706","-0.5904755463795803","4.870902276591792202","-6.812361332264994","0.000045217881169395124905","0.00599761759708603362","2.38659576920349181"
"ENSG00000204542","C6orf15","ENSG00000204542","29113","1.2999522404352910","1.563102268391454830","6.806020731842055","0.000045573586951893114050","0.00599761759708603362","2.33140927023495248"
"ENSG00000177807","KCNJ10","ENSG00000177807","3766","1.1364760056219940","4.245368321949491097","6.797712775764556","0.000046044243722185176188","0.00599761759708603362","2.42405476314164225"
"ENSG00000127989","MTERF1","ENSG00000127989","7978","-0.6950904452549622","4.617117768951774615","-6.797389431632439","0.000046062667448191612360","0.00599761759708603362","2.38997153439627397"
"ENSG00000170367","CST5","ENSG00000170367","1473","1.5558117005598802","3.082791246545060204","6.772649267711057","0.000047496225709486813743","0.00612701311652379902","2.45684718602908347"
"ENSG00000130433","CACNG6","ENSG00000130433","59285","-1.5120488294664955","2.920767335296316158","-6.761808248340934","0.000048139526697797857828","0.00615302647663963035","2.44150048204194636"
"ENSG00000085117","CD82","ENSG00000085117","3732","0.5653457886911832","5.654343219519386565","6.745168415599920","0.000049145306949953943671","0.00622447651297053026","2.24521125434723334"
"ENSG00000163347","CLDN1","ENSG00000163347","9076","-1.4255404457846725","4.280006409601588402","-6.702034652881935","0.000051859705394678031983","0.00650909383386175100","2.31197838557301072"
"ENSG00000147100","SLC16A2","ENSG00000147100","6567","0.9097339148930343","3.580516167264873761","6.690828861937689","0.000052591082184473417812","0.00654195497316146114","2.33721385676369486"
"ENSG00000156299","TIAM1","ENSG00000156299","7074","0.6301641330027747","7.528200440683828987","6.669148466967283","0.000054037928940564910129","0.00665055201563622897","2.12142338131805452"
"ENSG00000106397","PLOD3","ENSG00000106397","8985","-0.6183754003608248","7.671115225284412809","-6.663545186800649","0.000054418814942759840224","0.00665055201563622897","2.11528421157100510"
"ENSG00000169306","IL1RAPL1","ENSG00000169306","11141","-2.5276041047544813","1.524692102641655111","-6.635814234737655","0.000056346994823454000969","0.00672027823634496323","2.05037189266402020"
"ENSG00000144583","MARCHF4","ENSG00000144583","57574","-2.2377764177524306","0.240723167431332014","-6.634606654101212","0.000056432618761359103514","0.00672027823634496323","1.55734951797682797"
"ENSG00000146826","TRAPPC14","ENSG00000146826","55262","-0.7338536320693287","3.399508216638559066","-6.631536331992035","0.000056650954228755719176","0.00672027823634496323","2.27432259278085169"
"ENSG00000121691","CAT","ENSG00000121691","847","0.5147102325452231","6.179293285222335896","6.607107703060878","0.000058420951053311123246","0.00683966966449353359","2.04564568684190728"
"ENSG00000069535","MAOB","ENSG00000069535","4129","-0.6952940401209338","4.840599570682212693","-6.568923234139168","0.000061308312759129578976","0.00711789511133494382","2.07858097814608467"
"ENSG00000165949","IFI27","ENSG00000165949","3429","0.6403339128099974","4.387674603128168371","6.519466936438869","0.000065279069509076455800","0.00751626443306159606","2.05113289673360022"
"ENSG00000004766","VPS50","ENSG00000004766","55610","-0.5362624525475610","5.880354055826228610","-6.511485670497328","0.000065945471190864734037","0.00752208425059424941","1.93239949295960933"
"ENSG00000100568","VTI1B","ENSG00000100568","10490","-0.5436216242702399","5.637595218317724921","-6.505209712589282","0.000066474640903358542580","0.00752208425059424941","1.93599577429274650"
"ENSG00000171724","VAT1L","ENSG00000171724","57687","1.1085247677009955","2.180111221502449848","6.487413447700222","0.000068000234564481078637","0.00757903414361880360","2.08464378100388714"
"ENSG00000144893","MED12L","ENSG00000144893","116931","-0.7755324506524275","3.279321367431761391","-6.463988111875924","0.000070066218614677023353","0.00774732188682285966","2.07156511429298362"
"ENSG00000056998","GYG2","ENSG00000056998","8908","0.7521722447088370","4.227538484869412194","6.439173824686932","0.000072328760092781402215","0.00787253348134867546","1.96323068857384619"
"ENSG00000021762","OSBPL5","ENSG00000021762","114879","0.5954122027036179","6.240376157264442725","6.390454873354861","0.000077003418282277976293","0.00813086448977380118","1.75797753214871388"
"ENSG00000248905","FMN1","ENSG00000248905","342184","0.6932509188752531","6.611354086761239479","6.368163532055791","0.000079250016561963187848","0.00813086448977380118","1.72339718905378003"
"ENSG00000260903","XKR7","ENSG00000260903","343702","-2.6046131302314168","-1.054927640605564099","-6.356279288465682","0.000080476539742776169060","0.00813086448977380118","0.54574865729900335"
"ENSG00000186197","EDARADD","ENSG00000186197","128178","0.5751464309080028","4.934498781409477175","6.354505226726564","0.000080661381523085170760","0.00813086448977380118","1.78389207758902479"
"ENSG00000119689","DLST","ENSG00000119689","1743","-0.5342814022464948","6.774943014422789567","-6.353650653669831","0.000080750583838751837317","0.00813086448977380118","1.70356103514931867"
"ENSG00000158406","H4C8","ENSG00000158406","8365","-1.5563010638431627","2.427030754741501983","-6.352594106085524","0.000080861015730103767219","0.00813086448977380118","1.93343483746165212"
"ENSG00000135249","RINT1","ENSG00000135249","60561","-0.6389208010002321","6.037689159296086849","-6.352274270877400","0.000080894477456858529529","0.00813086448977380118","1.71569196287444825"
"ENSG00000008735","MAPK8IP2","ENSG00000008735","23542","-1.7103640468574488","0.791118809193942507","-6.350104382594068","0.000081121889468745224144","0.00813086448977380118","1.58595465953238435"
"ENSG00000169255","B3GALNT1","ENSG00000169255","8706","-1.2111701391799636","1.863161980927516836","-6.321640371937608","0.000084169674062601281569","0.00834747585545494129","1.84896247801954061"
"ENSG00000164951","PDP1","ENSG00000164951","54704","0.5486790348506538","8.391547193938004412","6.318792392239516","0.000084481344790349313439","0.00834747585545494129","1.66492807020970268"
"ENSG00000155966","AFF2","ENSG00000155966","2334","1.5100131559912517","2.043317076947581690","6.305008678229383","0.000086007450532848080701","0.00840054876023290861","1.85121835469790508"
"ENSG00000187098","MITF","ENSG00000187098","4286","0.8199739761263531","2.872609723805181758","6.302846203771226","0.000086249559124460184944","0.00840054876023290861","1.88283453230171016"
"ENSG00000165914","TTC7B","ENSG00000165914","145567","-1.0347300291920849","3.002280645027106676","-6.293733244257365","0.000087277934610800804406","0.00840054876023290861","1.86986217288535350"
"ENSG00000160991","ORAI2","ENSG00000160991","80228","-0.5648885606109788","5.454479147229754687","-6.292392504792273","0.000087430345265128602255","0.00840054876023290861","1.66373613432943124"
"ENSG00000136848","DAB2IP","ENSG00000136848","153090","0.5372478795054088","5.454586090705174861","6.283035315285867","0.000088502055362628991985","0.00840940939564923003","1.64818057570163745"
"ENSG00000196247","ZNF107","ENSG00000196247","51427","-0.5316245042635384","4.889977231211689812","-6.275920450092298","0.000089326414427343765658","0.00840940939564923003","1.68548898543683912"
"ENSG00000110400","NECTIN1","ENSG00000110400","5818","0.5017511435049755","6.783429178299009266","6.263632505372132","0.000090769692844389835958","0.00840940939564923003","1.58128509538911288"
"ENSG00000082126","MPP4","ENSG00000082126","58538","2.0124657504596550","0.082073791677811911","6.263339674652541","0.000090804392200910684623","0.00840940939564923003","1.20588055803091976"
"ENSG00000169902","TPST1","ENSG00000169902","8460","-0.7068745555846041","4.418068996796514547","-6.262359429375417","0.000090920651647205573756","0.00840940939564923003","1.71499019717749412"
"ENSG00000157020","SEC13","ENSG00000157020","6396","-0.5145227860686852","6.224590354218244137","-6.259635517163852","0.000091244556804055508689","0.00840940939564923003","1.58392312969126436"
"ENSG00000158014","SLC30A2","ENSG00000158014","7780","-1.6736572220553496","1.534375206902683253","-6.255424111327645","0.000091747791281846321652","0.00840940939564923003","1.70094704540724617"
"ENSG00000108375","RNF43","ENSG00000108375","54894","0.5840383511015590","6.536064713014603456","6.244108468509722","0.000093114800489259218707","0.00844260859598160683","1.55602755382452873"
"ENSG00000107719","PALD1","ENSG00000107719","27143","0.5837104825281418","7.361861633237249514","6.242409190762102","0.000093321972708955465837","0.00844260859598160683","1.55314425353992913"
"ENSG00000172354","GNB2","ENSG00000172354","2783","-0.6570149667141090","7.746704864844685012","-6.236569348208663","0.000094037746727997504801","0.00845247669299652518","1.54766969440894542"
"ENSG00000112144","CILK1","ENSG00000112144","22858","0.5594217712335299","5.714512346942510312","6.191779365674251","0.000099728138011088158089","0.00880986132057014031","1.50902726538743082"
"ENSG00000009830","POMT2","ENSG00000009830","29954","-0.5548016866766696","4.401907272547132877","-6.190387093172436","0.000099910859076233284092","0.00880986132057014031","1.61814463447877444"
"ENSG00000184254","ALDH1A3","ENSG00000184254","220","0.6225014423737267","7.536250620596551819","6.185531259732182","0.000100550962064812477023","0.00881054090243375658","1.47632322378913550"
"ENSG00000050438","SLC4A8","ENSG00000050438","9498","0.6648284407445075","5.528385811060182675","6.175745006590221","0.000101854455868207960053","0.00881388993264517646","1.49892091064002475"
"ENSG00000100867","DHRS2","ENSG00000100867","10202","-0.7235396792734381","6.286724728994932399","-6.165820795209334","0.000103194922956329284986","0.00884619769435535282","1.45681432157427349"
"ENSG00000140022","STON2","ENSG00000140022","85439","-1.1583177081877869","2.560634291993551415","-6.163477469463978","0.000103514200513447519208","0.00884619769435535282","1.71009181314170444"
"ENSG00000006611","USH1C","ENSG00000006611","10083","0.6099997252888913","5.595985129690284055","6.155276450979623","0.000104639986926571051376","0.00884619769435535282","1.46624886734780180"
"ENSG00000162849","KIF26B","ENSG00000162849","55083","0.7605492881596412","6.098676730886627873","6.154352609672054","0.000104767629885776141700","0.00884619769435535282","1.44325600156974687"
"ENSG00000113763","UNC5A","ENSG00000113763","90249","-1.3184446528826732","1.410853738398542001","-6.137529075982811","0.000107121616485605125244","0.00899047205347861846","1.55783554230960419"
"ENSG00000173041","ZNF680","ENSG00000173041","340252","-0.6713069783183050","4.670696685424922556","-6.124929584072016","0.000108921830209424993054","0.00903273177665303052","1.50472939975336750"
"ENSG00000140470","ADAMTS17","ENSG00000140470","170691","0.7327071009446300","5.183259011356374124","6.113614349073180","0.000110566316422700715782","0.00904401125593075166","1.43945552096430873"
"ENSG00000154930","ACSS1","ENSG00000154930","84532","0.6213508802682979","5.791144663480124244","6.112451842726672","0.000110736775327934685556","0.00904401125593075166","1.39697157446787834"
"ENSG00000112531","QKI","ENSG00000112531","9444","-0.5206940252775913","4.945429370038029404","-6.060745847834592","0.000118611982632317304555","0.00948127503666831156","1.38843723930927609"
"ENSG00000164199","ADGRV1","ENSG00000164199","84059","0.7655245790505938","3.812930685852574886","6.057699460420134","0.000119094396455423078311","0.00948127503666831156","1.50021215581026190"
"ENSG00000107736","CDH23","ENSG00000107736","64072","-0.8784372959451394","2.439030797302668585","-6.049976837222206","0.000120326802763252315473","0.00952496031873654135","1.56664746815863154"
"ENSG00000106772","PRUNE2","ENSG00000106772","158471","1.1800514733961740","3.832614934213662838","6.029865347487576","0.000123601112923845524562","0.00956672614030564493","1.46626560158955410"
"ENSG00000124205","EDN3","ENSG00000124205","1908","0.9670885037073833","3.525025072820605843","6.007404553127483","0.000127371550334221970893","0.00980409082462088688","1.46205588085726212"
"ENSG00000163803","PLB1","ENSG00000163803","151056","0.8893789351151180","4.245695466581355326","6.000374139141552","0.000128577000582442296534","0.00982267430366762402","1.37816979452784150"
"ENSG00000146950","SHROOM2","ENSG00000146950","357","0.6004744291457951","4.083026636727795200","5.992277399828806","0.000129980503743358142242","0.00982267430366762402","1.38148441604048156"
"ENSG00000178538","CA8","ENSG00000178538","767","0.9126709114793967","2.795248965241595496","5.989686097971333","0.000130433157204888757960","0.00982267430366762402","1.48545874538196365"
"ENSG00000149403","GRIK4","ENSG00000149403","2900","-1.6857574622568761","0.038697334424598405","-5.972987835897690","0.000133390998140603422341","0.00988512439412173906","0.92269744349191818"
"ENSG00000139946","PELI2","ENSG00000139946","57161","-1.1656663550463238","1.643496240607859926","-5.953337287950484","0.000136964451043489150511","0.01009623667692005622","1.38750504966911592"
"ENSG00000064300","NGFR","ENSG00000064300","4804","-0.7593731886995281","8.041678995616873493","-5.916673711037533","0.000143909826097061668186","0.01047393635540791457","1.10820017519231939"
"ENSG00000072756","TRNT1","ENSG00000072756","51095","-0.5075969191637935","4.575565993852659830","-5.912037643920220","0.000144814670351853832901","0.01047393635540791457","1.21975897175426340"
"ENSG00000170373","CST1","ENSG00000170373","1469","0.5288991433647343","4.918267117069938799","5.910605399088534","0.000145095443338625284223","0.01047393635540791457","1.18034664929207356"
"ENSG00000176903","PNMA1","ENSG00000176903","9240","-0.5486031046087376","5.216554816416461016","-5.904403594498692","0.000146317994819539166831","0.01050774383415370786","1.14851691828813429"
"ENSG00000234545","FAM133B","ENSG00000234545","257415","-0.5016453239759029","5.127010034931984706","-5.888370007035156","0.000149530262794823811529","0.01068336216029479660","1.13311687334229916"
"ENSG00000110042","DTX4","ENSG00000110042","23220","0.9780082140964885","3.704623164154016823","5.861769834024336","0.000155027827297385861803","0.01096369385739685148","1.24841709848613380"
"ENSG00000134013","LOXL2","ENSG00000134013","4017","0.7531495428658204","4.746151621981368862","5.857931391041499","0.000155838896063501171092","0.01096539141392271870","1.12605406269453567"
"ENSG00000108001","EBF3","ENSG00000108001","253738","-1.3742062720889741","1.134273362482986158","-5.842978581213158","0.000159042178270330056711","0.01106806592496109402","1.16154553757116030"
"ENSG00000221909","FAM200A","ENSG00000221909","221786","-0.6210259392200550","4.368062251222553094","-5.842474245961990","0.000159151445511148434235","0.01106806592496109402","1.14734117815719028"
"ENSG00000119655","NPC2","ENSG00000119655","10577","-0.5283701103848735","6.686511549242577068","-5.840033450260794","0.000159681399003530009309","0.01106806592496109402","0.99520717741501485"
"ENSG00000198919","DZIP3","ENSG00000198919","9666","-0.5751260350843173","3.997718545979703109","-5.813142864231473","0.000165647073431110145557","0.01124811868067762677","1.14816851165022449"
"ENSG00000124575","H1-3","ENSG00000124575","3007","-1.1530016649538701","2.373115669185986487","-5.808220827676111","0.000166764712807008586102","0.01124811868067762677","1.25725050993352294"
"ENSG00000131746","TNS4","ENSG00000131746","84951","0.9057932543140392","7.994653946737611427","5.805585072515905","0.000167366536349379849916","0.01124811868067762677","0.95038394337804011"
"ENSG00000180914","OXTR","ENSG00000180914","5021","-1.7374891941740782","0.258196067193331102","-5.803219345222418","0.000167908690395424104033","0.01124811868067762677","0.83820557052400257"
"ENSG00000129682","FGF13","ENSG00000129682","2258","0.6602926552568840","4.093562893516082823","5.789157193278671","0.000171170480109302685680","0.01135593870896573800","1.10124461375349458"
"ENSG00000169760","NLGN1","ENSG00000169760","22871","3.1019018644298360","-0.534513833498839186","5.772119287928024","0.000175213926907955409949","0.01151924589606463309","0.36059971772106980"
"ENSG00000109576","AADAT","ENSG00000109576","51166","-0.7411137023113321","3.170328708325558242","-5.771820754693392","0.000175285682598744061876","0.01151924589606463309","1.17548088013019658"
"ENSG00000237440","ZNF737","ENSG00000237440","100129842","-2.8199181104845463","-0.320147370670625153","-5.746140639041466","0.000181577825181799992586","0.01176624307178063961","0.44531958118443349"
"ENSG00000166415","WDR72","ENSG00000166415","256764","0.5888377332534538","4.124743567869937344","5.740061456126450","0.000183102558663205360317","0.01181011503377674653","1.02815245080352824"
"ENSG00000134917","ADAMTS8","ENSG00000134917","11095","0.5721291322187634","5.685330515793878270","5.718475458557099","0.000188628583305009908666","0.01199987864203378059","0.84959440510792295"
"ENSG00000101115","SALL4","ENSG00000101115","57167","-1.2797677856771035","0.761177162152006814","-5.684419071742327","0.000197714130209064082753","0.01252069664578491295","0.89662567887331512"
"ENSG00000141574","SECTM1","ENSG00000141574","6398","0.6897391227479486","3.918327666837048806","5.666201394054450","0.000202766004016967778213","0.01278251569214658434","0.95034925417196359"
"ENSG00000100664","EIF5","ENSG00000100664","1983","-0.5335595855207025","8.356182727444622316","-5.658749666700372","0.000204872156841999768662","0.01285711211316549994","0.74437487492996546"
"ENSG00000108417","KRT37","ENSG00000108417","8688","1.2981840998527330","1.639687582315490610","5.648940002827422","0.000207680600145621963633","0.01294814449254286758","1.01877500094042084"
"ENSG00000196954","CASP4","ENSG00000196954","837","0.8472316938182063","3.632456253490270459","5.643998746591106","0.000209110860667681961768","0.01294814449254286758","0.95334052613296993"
"ENSG00000154767","XPC","ENSG00000154767","7508","-0.5174093426336608","4.660548822124576773","-5.631629979401828","0.000212737551439423047857","0.01309912530166330163","0.81597877538457553"
"ENSG00000180596","H2BC4","ENSG00000180596","8347","-1.0635238376685443","3.959861115790709984","-5.629295396155001","0.000213429618394887278023","0.01309912530166330163","0.90433083936397463"
"ENSG00000172986","GXYLT2","ENSG00000172986","727936","0.6294663497616302","3.876180078738967083","5.617323372780159","0.000217016753776911247098","0.01326086584921020925","0.88584590548919540"
"ENSG00000127955","GNAI1","ENSG00000127955","2770","-0.7205965062630626","3.189369343288269931","-5.609441286098969","0.000219413687575877969053","0.01329607448952715466","0.95153753210520708"
"ENSG00000173068","BNC2","ENSG00000173068","54796","1.1558919319017029","1.908012836292590331","5.608782798141471","0.000219615213668282086663","0.01329607448952715466","0.98858828004682131"
"ENSG00000075673","ATP12A","ENSG00000075673","479","0.7447537337062498","2.764622186804852166","5.606042443930910","0.000220456015437896381661","0.01329607448952715466","0.97653215813868322"
"ENSG00000115525","ST3GAL5","ENSG00000115525","8869","0.8822029202298094","2.349309234113307276","5.591875078170067","0.000224858264742947813915","0.01337440065881196488","0.97395999667213840"
"ENSG00000128564","VGF","ENSG00000128564","7425","-1.6075123204101762","2.742742308463852918","-5.587099040633903","0.000226363491794667016444","0.01337440065881196488","0.96187259174994910"
"ENSG00000176658","MYO1D","ENSG00000176658","4642","0.5049125820398697","9.918566600978707015","5.586495126589602","0.000226554590545479745062","0.01337440065881196488","0.65884610383328823"
"ENSG00000086619","ERO1B","ENSG00000086619","56605","0.5040924028478759","5.413405647885988436","5.581467010097971","0.000228152385171085639228","0.01341189464220913542","0.67010073240386792"
"ENSG00000198039","ZNF273","ENSG00000198039","10793","-0.6990081478274273","3.761725095515771500","-5.567527937337470","0.000232645312707419521557","0.01351517462584111463","0.83320117967235241"
"ENSG00000137561","TTPA","ENSG00000137561","7274","0.5173353486112990","4.921386226565890532","5.567491160649763","0.000232657291455518023485","0.01351517462584111463","0.69308014039638266"
"ENSG00000180537","RNF182","ENSG00000180537","221687","0.7383318187982022","2.755371642256907450","5.566429015902398","0.000233003534132477226016","0.01351517462584111463","0.92313127166752729"
"ENSG00000111424","VDR","ENSG00000111424","7421","0.5429903354269383","7.327244476132782403","5.564023838746146","0.000233789627105060920974","0.01351517462584111463","0.59778818713531567"
"ENSG00000002834","LASP1","ENSG00000002834","3927","0.5149530908055215","9.825433048058087593","5.544991353171490","0.000240111223546073381538","0.01371833510125129718","0.59772409695594497"
"ENSG00000177675","CD163L1","ENSG00000177675","283316","-0.7606715007825904","3.175896113169603296","-5.539341785989665","0.000242022780810142854784","0.01371833510125129718","0.85624094625834335"
"ENSG00000146828","SLC12A9","ENSG00000146828","56996","-0.5432662993593205","5.492078934104566379","-5.536115902529420","0.000243121580858573322573","0.01371833510125129718","0.60159823796201195"
"ENSG00000184349","EFNA5","ENSG00000184349","1946","0.7661778788447151","3.278474730734572518","5.535851314753612","0.000243211941574007360807","0.01371833510125129718","0.83836567127225781"
"ENSG00000249242","TMEM150C","ENSG00000249242","441027","0.7271614194748319","2.924359459740998091","5.513041645935550","0.000251138678679814313088","0.01399545628546869196","0.83791016786227868"
"ENSG00000006634","DBF4","ENSG00000006634","10926","-0.5538359319693162","7.355408701744661215","-5.506191119071023","0.000253573047552746509790","0.01405595548551215497","0.51388137923271504"
"ENSG00000154813","DPH3","ENSG00000154813","285381","-0.5695660081105567","4.319767579150155967","-5.504320714114439","0.000254242088885232788310","0.01405595548551215497","0.67345806926354168"
"ENSG00000196411","EPHB4","ENSG00000196411","2050","-0.5173658829824799","6.331598597304124887","-5.494307278430963","0.000257856182205600155139","0.01419941632604119174","0.50162925792248991"
"ENSG00000175793","SFN","ENSG00000175793","2810","0.5624086499082948","8.125838193122035591","5.477000982952763","0.000264232803791826433449","0.01443643695069696427","0.47651515841470360"
"ENSG00000106367","AP1S1","ENSG00000106367","1174","-0.5110189877024238","6.429135761341733257","-5.471486905661576","0.000266299809909826710672","0.01449253496743635114","0.46622659774391906"
"ENSG00000089199","CHGB","ENSG00000089199","1114","-2.6631551145270391","-1.167752186344606091","-5.460382008387377","0.000270515319492479870429","0.01466466704735108761","-0.19733031486713148"
"ENSG00000156804","FBXO32","ENSG00000156804","114907","0.7898247431457042","2.285061632579659996","5.450306292413694","0.000274401995909320903407","0.01481770777910332813","0.78554315737439584"
"ENSG00000197079","KRT35","ENSG00000197079","3886","2.1247881725613968","0.391768924102469329","5.408906658170377","0.000291010569030977306413","0.01547564326615032126","0.46073488940657281"
"ENSG00000110876","SELPLG","ENSG00000110876","6404","0.7313125167365895","2.979823465108849323","5.408861698453777","0.000291029179997946013409","0.01547564326615032126","0.68839232178281673"
"ENSG00000132854","KANK4","ENSG00000132854","163782","0.8930924498204540","4.792846692894525695","5.400965854522018","0.000294317482417996169851","0.01558234005450682795","0.46870495809262813"
"ENSG00000165238","WNK2","ENSG00000165238","65268","-0.5390110951321487","4.161602620756165827","-5.382657134924205","0.000302096283113135869770","0.01582257675312860601","0.51660391143704398"
"ENSG00000144596","GRIP2","ENSG00000144596","80852","-1.0943732088714111","1.889060007442345146","-5.378494497061181","0.000303895367559169884888","0.01585719198814364989","0.68708330632711068"
"ENSG00000169696","ASPSCR1","ENSG00000169696","79058","0.7345408232771451","7.444945620350670090","5.338026385260836","0.000321995103523042673372","0.01655363757300011215","0.26562392617273822"
"ENSG00000196700","ZNF512B","ENSG00000196700","57473","-0.8424978753403631","3.157700913265802711","-5.331587514560210","0.000324979718540571640290","0.01659224712075279412","0.56712646347982698"
"ENSG00000163528","CHCHD4","ENSG00000163528","131474","-0.5577409440604280","3.830814531840810222","-5.326962609351884","0.000327141753293569100859","0.01659224712075279412","0.47810990696583211"
"ENSG00000198743","SLC5A3","ENSG00000198743","6526","0.6055454410898626","9.454099535684212796","5.320166130683786","0.000330346900335187884570","0.01659224712075279412","0.26293981203317252"
"ENSG00000104371","DKK4","ENSG00000104371","27121","1.0637718351322825","4.567309635766557463","5.318615747002196","0.000331082737551627694691","0.01659224712075279412","0.37717460270198888"
"ENSG00000069702","TGFBR3","ENSG00000069702","7049","0.6511728681533033","3.517688296770758338","5.307178845853778","0.000336565319736436641216","0.01668693250735955522","0.48622697626419331"
"ENSG00000149506","ZP1","ENSG00000149506","22917","1.9903571404571894","-0.324736465651518424","5.292664196319544","0.000343663445068716493121","0.01694418055736718678","0.10938787406382922"
"ENSG00000152270","PDE3B","ENSG00000152270","5140","-0.6768623330915799","3.609037308768634045","-5.291233358916741","0.000344371785266850080360","0.01694418055736718678","0.45541153018019553"
"ENSG00000131389","SLC6A6","ENSG00000131389","6533","-0.5498811517766509","6.301285012427534582","-5.276178442465301","0.000351920072755847873885","0.01720333492503323819","0.17932069310807108"
"ENSG00000157778","PSMG3","ENSG00000157778","84262","-0.5060090139715534","5.501473963958606106","-5.269571028359139","0.000355288579093185287374","0.01730727441932257762","0.20732771801550065"
"ENSG00000105829","BET1","ENSG00000105829","10282","-0.5531248762122427","4.779687004122795457","-5.260553775101907","0.000359941344620762443494","0.01747283210193889200","0.26231250988763311"
"ENSG00000087495","PHACTR3","ENSG00000087495","116154","-1.2341926260208989","1.000175221291018657","-5.255559843724417","0.000362546114280486489988","0.01753816827831853470","0.44333266221588019"
"ENSG00000186446","ZNF501","ENSG00000186446","115560","-0.8254186382944673","1.981876017600415762","-5.249962866084486","0.000365489380208884650017","0.01758385286734126529","0.51810879743974869"
"ENSG00000177108","ZDHHC22","ENSG00000177108","283576","-1.2300216666170609","1.113441593360303683","-5.246587213936935","0.000367276857909582877312","0.01758385286734126529","0.44892438367623022"
"ENSG00000111962","UST","ENSG00000111962","10090","-1.4672712213711905","-0.089541975904209037","-5.236407160401280","0.000372724189444530813655","0.01778353906623699951","0.14503834779984537"
"ENSG00000165898","ISCA2","ENSG00000165898","122961","-0.5369699873751719","4.485144907035560458","-5.227594292357189","0.000377509660041281118643","0.01786201009618194196","0.24758772714588329"
"ENSG00000168243","GNG4","ENSG00000168243","2786","-0.5350785593243419","5.573390694015820657","-5.212103311686808","0.000386081201618555217188","0.01786597165681544711","0.11649164958911218"
"ENSG00000164574","GALNT10","ENSG00000164574","55568","-0.5643528359711629","4.354463328011570766","-5.209973952123708","0.000387275584292152226431","0.01786597165681544711","0.23825281832498835"
"ENSG00000100433","KCNK10","ENSG00000100433","54207","-2.5070429563473038","-1.827973483073672467","-5.200145088784344","0.000392840080841412272235","0.01801054911078350113","-0.66379447779612821"
"ENSG00000185483","ROR1","ENSG00000185483","4919","-1.0824454245291817","2.433998357957189995","-5.185954186856530","0.000401025224294633705034","0.01830370675599394051","0.42044984139945729"
"ENSG00000147408","CSGALNACT1","ENSG00000147408","55790","0.7702743440715345","2.793223614791395359","5.184251641860411","0.000402019399033458661123","0.01830370675599394051","0.38746289202252004"
"ENSG00000146757","ZNF92","ENSG00000146757","168374","-0.6028568319406764","5.135549030263938164","-5.177641375773355","0.000405904374786629745363","0.01832086211788046953","0.10180030305781251"
"ENSG00000130844","ZNF331","ENSG00000130844","55422","-0.8567632154586220","2.641111023810450043","-5.174682587289320","0.000407656277386085673462","0.01832086211788046953","0.39006112520923875"
"ENSG00000179331","RAB39A","ENSG00000179331","54734","-1.7184808598372450","1.633084870424548640","-5.169886762001536","0.000410513059966272932360","0.01838992910434120512","0.39457206619016461"
"ENSG00000065675","PRKCQ","ENSG00000065675","5588","-0.9288689104188388","2.238243606089203031","-5.142848041723652","0.000427024542419870653011","0.01866150226340333729","0.36756202584298681"
"ENSG00000137486","ARRB1","ENSG00000137486","408","0.5406415532160196","5.861579987715205498","5.139596122416570","0.000429057610973873756674","0.01866150226340333729","-0.01347870087737491"
"ENSG00000089127","OAS1","ENSG00000089127","4938","0.6737407571444867","2.687507260628809291","5.138025345412990","0.000430043343142708599496","0.01866150226340333729","0.32982992018186863"
"ENSG00000152061","RABGAP1L","ENSG00000152061","9910","0.5318763255808241","6.441655960576298412","5.137230899809060","0.000430542812952239175965","0.01866150226340333729","-0.03543394918530574"
"ENSG00000078814","MYH7B","ENSG00000078814","57644","0.5461444065107965","7.246118610680920114","5.136197343846057","0.000431193538766466190337","0.01866150226340333729","-0.03898304966272814"
"ENSG00000239713","APOBEC3G","ENSG00000239713","60489","0.5085659052735778","7.253216215505093878","5.136013361553866","0.000431309483836913188509","0.01866150226340333729","-0.03928842064238935"
"ENSG00000183018","SPNS2","ENSG00000183018","124976","-0.7298468585640965","4.651506939462076495","-5.133890104653612","0.000432649963823176337240","0.01866154580800152493","0.09128789780833735"
"ENSG00000177465","ACOT4","ENSG00000177465","122970","-0.6793254940081712","2.894486345360619328","-5.123965532890285","0.000438974884253393721461","0.01887592002289592910","0.29387927215550924"
"ENSG00000119121","TRPM6","ENSG00000119121","140803","1.0627595813742743","2.812997680785933152","5.084100950814287","0.000465392195112710187373","0.01966267130763431001","0.24546472640704131"
"ENSG00000171914","TLN2","ENSG00000171914","83660","-0.9322440987781895","2.262687043278115429","-5.083593193158131","0.000465739415124843687387","0.01966267130763431001","0.28395959341099353"
"ENSG00000005981","ASB4","ENSG00000005981","51666","-0.7530813411173876","5.226340153797046639","-5.080903832579327","0.000467583093819044857530","0.01968086907277019279","-0.05052856658287386"
"ENSG00000184454","NCMAP","ENSG00000184454","400746","0.7226392301991482","2.419716136147118224","5.044956748255554","0.000492987886211417253648","0.02053140780758000092","0.21764895897050884"
"ENSG00000140522","RLBP1","ENSG00000140522","6017","0.5283567367398936","4.549526439047055781","5.043998177770005","0.000493685157589671239249","0.02053140780758000092","-0.03978597654740312"
"ENSG00000107984","DKK1","ENSG00000107984","22943","-1.0233271591823732","2.662709628493487468","-5.040958851649870","0.000495902946175504912539","0.02056226144677718651","0.19973699087401808"
"ENSG00000084628","NKAIN1","ENSG00000084628","79570","-1.6584232602949140","-0.596600810720372410","-5.038270988664858","0.000497873123112497323849","0.02058269540416413426","-0.24681106448271706"
"ENSG00000077616","NAALAD2","ENSG00000077616","10003","0.7442128016898071","2.684878588880811545","5.034810426068628","0.000500421975868181102311","0.02062686085146597445","0.18254278439854321"
"ENSG00000138152","BTBD16","ENSG00000138152","118663","-0.7762635235318003","2.871743479716656111","-5.029641470366639","0.000504255070050378586405","0.02072354464879608976","0.16108221855135429"
"ENSG00000135211","TMEM60","ENSG00000135211","85025","-0.5627537869739108","4.593463474696167559","-5.019886828569764","0.000511574241042711281430","0.02080505727362164797","-0.07734100445017944"
"ENSG00000167914","GSDMA","ENSG00000167914","284110","0.9247364639307323","2.444240703945900872","5.019598774963373","0.000511792089082019059469","0.02080505727362164797","0.18119695724040774"
"ENSG00000112541","PDE10A","ENSG00000112541","10846","-2.5537562786241561","-1.485316659805944184","-5.007405488583297","0.000521104849092025412642","0.02088562794129769987","-0.70831729501895602"
"ENSG00000066629","EML1","ENSG00000066629","2009","-1.2705836004916735","0.656547484824641869","-5.005866695877481","0.000522292890641201244979","0.02088562794129769987","0.07683387205872449"
"ENSG00000124788","ATXN1","ENSG00000124788","6310","0.5016628489931190","7.486073454470516531","5.002774243544423","0.000524689188878423376505","0.02088562794129769987","-0.24209120749206647"
"ENSG00000137502","RAB30","ENSG00000137502","27314","0.5161579524822129","4.819816404303757906","4.998915964780763","0.000527695352560383890671","0.02094544630162754537","-0.14054886803449218"
"ENSG00000150995","ITPR1","ENSG00000150995","3708","-0.7277912594131486","2.231530198497394757","-4.955133169833011","0.000563123720731615999037","0.02191463596992422949","0.10279733288233217"
"ENSG00000266714","MYO15B","ENSG00000266714","80022","0.5827812020876779","6.231822972874494049","4.949234899806515","0.000568086848308775203484","0.02194296291220209846","-0.31889977405774506"
"ENSG00000100564","PIGH","ENSG00000100564","5283","-0.5359926688936820","3.838124229646246999","-4.948655811268242","0.000568576630153959068983","0.02194296291220209846","-0.08338204078418965"
"ENSG00000196208","GREB1","ENSG00000196208","9687","0.6983761308131502","2.814267645284454833","4.943430496731536","0.000573016487333149072275","0.02195400656168651835","0.03656285568432782"
"ENSG00000158352","SHROOM4","ENSG00000158352","57477","0.5849687200508473","4.805600620088679165","4.924808791599844","0.000589141620044234220858","0.02234833559858320426","-0.25176163739370505"
"ENSG00000211829","TRDC","ENSG00000211829",NA,"1.2918010038201666","0.704107825231837237","4.923481592520565","0.000590309180324333823003","0.02234833559858320426","-0.01123516085934639"
"ENSG00000126215","XRCC3","ENSG00000126215","7517","-0.5613682635299408","4.905315990631103240","-4.909038943446617","0.000603175064432142954592","0.02265076818778602452","-0.28375180722033644"
"ENSG00000171551","ECEL1","ENSG00000171551","9427","0.8741487142521760","3.213186867438821537","4.897837811234143","0.000613358723470495688194","0.02290968829863524250","-0.07519877842181710"
"ENSG00000130558","OLFM1","ENSG00000130558","10439","-0.6588143958394976","4.323378347393014742","-4.891003029430609","0.000619662417264260243985","0.02302169812620179570","-0.23672153706009791"
"ENSG00000165935","SMCO2","ENSG00000165935","341346","1.2251011404055712","3.494815597539982388","4.881148439745484","0.000628872905205466077583","0.02311730162354235646","-0.13133449659830099"
"ENSG00000157510","AFAP1L1","ENSG00000157510","134265","-0.7544303897477209","3.300697656112568268","-4.879079471844097","0.000630825081312635775090","0.02312803956012537271","-0.11206230768377878"
"ENSG00000180346","TIGD2","ENSG00000180346","166815","-1.0215608909347342","1.524814738049262708","-4.856649834154817","0.000652407234723677048778","0.02363571018123581530","-0.02461895199243092"
"ENSG00000197142","ACSL5","ENSG00000197142","51703","-0.8349986046429163","3.745181340918179114","-4.855887430607257","0.000653154494672393733101","0.02363571018123581530","-0.20567030877339132"
"ENSG00000231924","PSG1","ENSG00000231924","5669","0.6287958231241717","4.080673804298117879","4.850536475889239","0.000658424847391140123480","0.02376142779518713305","-0.26989111411472422"
"ENSG00000206562","METTL6","ENSG00000206562","131965","-0.5028679742573892","3.800925577102848507","-4.834569830732923","0.000674421557987003091744","0.02411317089153535570","-0.25172461174055361"
"ENSG00000134108","ARL8B","ENSG00000134108","55207","-0.5302992643990567","5.115351175080678381","-4.832754219466887","0.000676266587811700701192","0.02411317089153535570","-0.42449174718954819"
"ENSG00000227234","SPANXB1","ENSG00000227234","728695","-2.1199911885839988","0.432107639305861824","-4.831841929189375","0.000677195685210302570842","0.02411317089153535570","-0.21213586116054550"
"ENSG00000116678","LEPR","ENSG00000116678","3953","0.5303535507255108","3.286497036331411437","4.830598525293630","0.000678464182420460831802","0.02411317089153535570","-0.18906385325569985"
"ENSG00000163295","ALPI","ENSG00000163295","248","1.2434205052869611","0.847287149743768953","4.811955350436008","0.000697789532336067896273","0.02467412122971090679","-0.13261639343159715"
"ENSG00000176463","SLCO3A1","ENSG00000176463","28232","0.6484345821416233","4.318583302019617598","4.807524814026896","0.000702467704043424384826","0.02477665836134933935","-0.36951197041888140"
"ENSG00000110723","EXPH5","ENSG00000110723","23086","0.5623384698790019","8.457270303133258338","4.804492924040640","0.000705688260417797132325","0.02478197641866132506","-0.53920954858299641"
"ENSG00000143226","FCGR2A","ENSG00000143226","2212","1.3483836037510786","0.381291803711245214","4.791316956438649","0.000719867525332379930292","0.02505887281268580694","-0.23188580438443385"
"ENSG00000119673","ACOT2","ENSG00000119673","10965","-0.5505721994467434","4.040436593070698912","-4.787063065740579","0.000724509742137316903494","0.02505887281268580694","-0.35833988824113749"
"ENSG00000170142","UBE2E1","ENSG00000170142","7324","-0.5061652003010089","4.487244300722914581","-4.780898549860822","0.000731293535942194750793","0.02505887281268580694","-0.43135605867796212"
"ENSG00000138395","CDK15","ENSG00000138395","65061","0.6523736742755242","3.543775000211574433","4.780758266754826","0.000731448694889570358302","0.02505887281268580694","-0.29864775170847491"
"ENSG00000126217","MCF2L","ENSG00000126217","23263","0.5160615903428134","4.809977898376527783","4.778088406776699","0.000734408348498041384927","0.02507788507665370883","-0.47991002401542637"
"ENSG00000104381","GDAP1","ENSG00000104381","54332","-0.5723148439409149","3.468686830472961002","-4.765977535584484","0.000747994430193681548308","0.02541721561331310511","-0.30832839402440015"
"ENSG00000158321","AUTS2","ENSG00000158321","26053","1.5163706130907539","1.686384900252626329","4.752435492960241","0.000763502828796280299216","0.02588107399218923799","-0.16712872777225662"
"ENSG00000149599","DUSP15","ENSG00000149599","128853","-1.6153986854048610","0.461666938422222339","-4.727333711439425","0.000793159853907701912525","0.02652226544968590283","-0.31244781366123853"
"ENSG00000019582","CD74","ENSG00000019582","972","-0.5883326370111441","3.463737213200603904","-4.726769441909221","0.000793840417206360905375","0.02652226544968590283","-0.36721908687381255"
"ENSG00000164647","STEAP1","ENSG00000164647","26872","-0.7499391381673695","4.290237163670290066","-4.718336390570587","0.000804085697273025624097","0.02667267127239950769","-0.49608437351551959"
"ENSG00000102445","RUBCNL","ENSG00000102445","80183","0.5576616245953696","5.236782435730799712","4.712843893789566","0.000810833931903281058401","0.02676276594031760242","-0.62667047682126320"
"ENSG00000197153","H3C12","ENSG00000197153","8356","-0.6212615958936265","6.041707592043888297","-4.711443093345117","0.000812564598963131366240","0.02676276594031760242","-0.67993002867669716"
"ENSG00000011677","GABRA3","ENSG00000011677","2556","0.5677614687658039","4.651490836498484605","4.707362746716987","0.000817628187435828616449","0.02686602808338671086","-0.57041853631158990"
"ENSG00000100583","SAMD15","ENSG00000100583","161394","-0.7271150524077246","2.139482477228838331","-4.704088925079273","0.000821715118723492180669","0.02693678831542516139","-0.25303503655017323"
"ENSG00000159871","LYPD5","ENSG00000159871","284348","-1.1444540959544485","2.584804020182121853","-4.678323350119978","0.000854646859420845933682","0.02781966951241869601","-0.32137179228058699"
"ENSG00000064195","DLX3","ENSG00000064195","1747","0.6759133300886706","2.407973185020148232","4.671913210766582","0.000863055518919368679955","0.02781966951241869601","-0.32382370513087988"
"ENSG00000264230","ANXA8L1","ENSG00000264230","653145","1.5310888565937688","-0.125071972009823312","4.669216605428225","0.000866619047400927046756","0.02781966951241869601","-0.49142230085804606"
"ENSG00000163618","CADPS","ENSG00000163618","8618","1.2057530258175775","1.488363492543730571","4.661495206459558","0.000876909384724632620482","0.02808529091490478621","-0.29517670329708334"
"ENSG00000173281","PPP1R3B","ENSG00000173281","79660","0.7811317421149047","2.179573394804569020","4.642326097960708","0.000903020533981206403699","0.02865804573901177196","-0.34763473549896506"
"ENSG00000180176","TH","ENSG00000180176","7054","-1.1367284841473995","1.830594187385184979","-4.634955351439856","0.000913278971204233794984","0.02891153931757022705","-0.33597334758852693"
"ENSG00000101443","WFDC2","ENSG00000101443","10406","-0.6338584023153193","3.985379271741964491","-4.633614387344189","0.000915158544290013676280","0.02891153931757022705","-0.58644036742022010"
"ENSG00000198133","TMEM229B","ENSG00000198133","161145","-1.0741760191648688","0.835088118909951382","-4.627887799326285","0.000923231544485284927153","0.02902039585253798556","-0.37704438077627245"
"ENSG00000119688","ABCD4","ENSG00000119688","5826","-0.5113619176947939","5.146812346501122626","-4.627463313157379","0.000923832958165902605116","0.02902039585253798556","-0.74967621234245296"
"ENSG00000164794","KCNV1","ENSG00000164794","27012","2.4118002165543113","-2.717033870137239848","4.626743832531785","0.000924853270063656662282","0.02902039585253798556","-1.29274667867993820"
"ENSG00000108759","KRT32","ENSG00000108759","3882","1.7936209322948689","1.913039456166026442","4.602393037096035","0.000960099819588678673674","0.02972469041446549123","-0.38331245307217898"
"ENSG00000175538","KCNE3","ENSG00000175538","10008","-0.8560883819550513","1.759453326209789559","-4.599440739637540","0.000964468928991918774199","0.02977853825701534327","-0.38608510327261669"
"ENSG00000196636","SDHAF3","ENSG00000196636","57001","-0.5641467980989932","4.795875977658124789","-4.596844387803361","0.000968328689724713394596","0.02977853825701534327","-0.75811395601371689"
"ENSG00000185909","KLHDC8B","ENSG00000185909","200942","-1.6570392254379400","0.053244900978411468","-4.594647425202429","0.000971607501618300156872","0.02977853825701534327","-0.55464796394028770"
"ENSG00000196739","COL27A1","ENSG00000196739","85301","-1.3075923589832152","0.117697819591207134","-4.594033267192979","0.000972526191999855066719","0.02977853825701534327","-0.53081115511143029"
"ENSG00000170745","KCNS3","ENSG00000170745","3790","0.7470449170151938","3.632669536572398883","4.586391004210395","0.000984035208940584526713","0.02998344361455468690","-0.60969511144061617"
"ENSG00000122870","BICC1","ENSG00000122870","80114","-0.6663134434209952","2.835470435957532231","-4.585261743462532","0.000985748043182381765079","0.02998344361455468690","-0.49733422376248893"
"ENSG00000050165","DKK3","ENSG00000050165","27122","-0.5939372009699997","4.266043677265467515","-4.582793782806318","0.000989502389838274034814","0.02998344361455468690","-0.70812316272151588"
"ENSG00000164761","TNFRSF11B","ENSG00000164761","4982","0.6888388952106999","5.956058858546577461","4.582481346240647","0.000989978758447829145645","0.02998344361455468690","-0.88349558114854876"
"ENSG00000106327","TFR2","ENSG00000106327","7036","-1.2558620333380814","0.629692261593272962","-4.569483872405593","0.001010012755018897031428","0.03035704123857706563","-0.47968482209989549"
"ENSG00000162711","NLRP3","ENSG00000162711","114548","2.2324084020363220","-1.935676814938920742","4.565950139485403","0.001015533512991775031212","0.03035704123857706563","-1.22666458048953331"
"ENSG00000126368","NR1D1","ENSG00000126368","9572","0.5484931249406539","4.246662787524376093","4.564401780747358","0.001017962580702415483977","0.03035704123857706563","-0.73981918009052361"
"ENSG00000172336","POP7","ENSG00000172336","10248","-0.5883462701887465","5.984395709280653897","-4.561381032194817","0.001022719269652289054637","0.03035704123857706563","-0.91613559256755739"
"ENSG00000001631","KRIT1","ENSG00000001631","889","-0.5405659449365823","4.455813994048715365","-4.553395759951800","0.001035407189305867980619","0.03058891184238338862","-0.78266020783564105"
"ENSG00000114854","TNNC1","ENSG00000114854","7134","-0.6770315290971469","3.226230021083105637","-4.539540318034552","0.001057819523890834133295","0.03096122186312415953","-0.61966736136741041"
"ENSG00000183696","UPP1","ENSG00000183696","7378","-0.8226749959619521","4.732950202161924302","-4.526448713961956","0.001079468685958148883863","0.03139698900369296275","-0.85593365252425446"
"ENSG00000142798","HSPG2","ENSG00000142798","3339","0.5599353072937516","7.152423193372409393","4.515587082625144","0.001097786207016524049479","0.03166533630673749877","-1.00882929473636107"
"ENSG00000119900","OGFRL1","ENSG00000119900","79627","0.5679740103923812","3.043222102432370235","4.505765678674871","0.001114632812483992143834","0.03188719577726278898","-0.65161881709044600"
"ENSG00000143369","ECM1","ENSG00000143369","1893","0.6662401215091411","2.367426314395689957","4.497107466554708","0.001129711172586243947066","0.03215573334365436770","-0.58106609737200010"
"ENSG00000173432","SAA1","ENSG00000173432","6288","1.2900879298288066","4.916912967775741272","4.496774598113896","0.001130295157647884891558","0.03215573334365436770","-0.92176323421830286"
"ENSG00000166508","MCM7","ENSG00000166508","4176","-0.5699189846422090","8.922997203396759502","-4.495078203002078","0.001133276283019936164428","0.03215573334365436770","-1.02221281702443889"
"ENSG00000112183","RBM24","ENSG00000112183","221662","-2.8266394083336968","-1.412935689938885853","-4.493816475079918","0.001135498949657543768174","0.03215573334365436770","-1.16322894929253629"
"ENSG00000158186","MRAS","ENSG00000158186","22808","-0.9727548293722963","2.542354573778618843","-4.493781901260546","0.001135559919974012945895","0.03215573334365436770","-0.59646829989931138"
"ENSG00000168743","NPNT","ENSG00000168743","255743","0.7573832798559557","3.572044319720821814","4.487247644432174","0.001147145392470884806696","0.03235437598981313889","-0.75552613726871698"
"ENSG00000105516","DBP","ENSG00000105516","1628","0.5633619850979161","3.807125747370083690","4.486227464572553","0.001148965465839864351708","0.03235437598981313889","-0.79554476254917805"
"ENSG00000172000","ZNF556","ENSG00000172000","80032","0.9401484596461456","1.186223726180784199","4.484302159756740","0.001152408675326377883452","0.03236967271098205312","-0.54798194243049458"
"ENSG00000181143","MUC16","ENSG00000181143","94025","0.8606315284180397","3.460716642479090499","4.478769112591988","0.001162364864967205865115","0.03258363641594187038","-0.75072812971455782"
"ENSG00000164061","BSN","ENSG00000164061","8927","-1.0057915947883294","1.297490106805524457","-4.471655017864406","0.001175299899069116990255","0.03273149882606150862","-0.56444206556790633"
"ENSG00000166166","TRMT61A","ENSG00000166166","115708","-0.5482191525974329","5.020316296995145144","-4.469424659365573","0.001179386477941636287084","0.03273149882606150862","-0.98741936102562633"
"ENSG00000204950","LRRC10B","ENSG00000204950","390205","0.7145785314058379","2.006485487656131550","4.460397431371416","0.001196080785926299490732","0.03289124880310834859","-0.60413692413369269"
"ENSG00000196781","TLE1","ENSG00000196781","7088","0.6449066452525125","3.270401410938456266","4.459875862430599","0.001197052943842357884338","0.03289124880310834859","-0.75442067592261886"
"ENSG00000184384","MAML2","ENSG00000184384","84441","0.6089986210289915","5.584495248064464512","4.459025634989670","0.001198639483656980826015","0.03289124880310834859","-1.05940237240843604"
"ENSG00000111199","TRPV4","ENSG00000111199","59341","0.5298199191073700","4.163025733299051900","4.440759543878525","0.001233266870791117171199","0.03336286222109095811","-0.92338425700079796"
"ENSG00000169908","TM4SF1","ENSG00000169908","4071","-0.5321520104775566","4.969169844128043856","-4.426362511707583","0.001261304469615528740106","0.03385826699963929987","-1.05097591085466924"
"ENSG00000125848","FLRT3","ENSG00000125848","23767","0.8333821243501445","1.481905765753946946","4.422656521177505","0.001268630232228550600362","0.03389694929709826526","-0.63476341817578241"
"ENSG00000157150","TIMP4","ENSG00000157150","7079","-1.5466013719543703","0.576751916066309822","-4.421945566231934","0.001270040735937790366689","0.03389694929709826526","-0.68559711045259508"
"ENSG00000124406","ATP8A1","ENSG00000124406","10396","1.2483019148583558","1.701667617561646528","4.411699118170873","0.001290554353349681725865","0.03424762523974812789","-0.65578660540121447"
"ENSG00000115758","ODC1","ENSG00000115758","4953","-0.5400232076274527","8.430751024396732518","-4.408503278383127","0.001297023903072264333983","0.03428868504288953845","-1.16937666126856499"
"ENSG00000087589","CASS4","ENSG00000087589","57091","0.6774049469914525","3.675750486816644624","4.398723997831087","0.001317034495273150963152","0.03442574969633309390","-0.91186913428270877"
"ENSG00000196526","AFAP1","ENSG00000196526","60312","0.5898272386261958","2.711972505419943502","4.391217847724305","0.001332614912949413961060","0.03470278685460043838","-0.78357261280714496"
"ENSG00000275896","PRSS2","ENSG00000275896","5645","-2.3861937791386545","-2.427507945792464650","-4.382966758856631","0.001349966484840623998781","0.03502371148379809090","-1.44013465448987699"
"ENSG00000131171","SH3BGRL","ENSG00000131171","6451","-1.1162126378425981","0.551879884899213802","-4.378203906093337","0.001360090984917618163116","0.03515545009623795292","-0.73769253787582745"
"ENSG00000151445","VIPAS39","ENSG00000151445","63894","-0.5224441363303840","4.044937304066656303","-4.331781410837466","0.001463077063907417896607","0.03699381062496941153","-1.07465037454224177"
"ENSG00000138316","ADAMTS14","ENSG00000138316","140766","-0.5711770673406171","3.747746218149268227","-4.319303860314637","0.001492139204737955287400","0.03745672684758413057","-1.04666748405696453"
"ENSG00000184635","ZNF93","ENSG00000184635","81931","-0.8392356564554495","1.593008267193440908","-4.314063445283510","0.001504525993543319927967","0.03769974126267182368","-0.79502457958055217"
"ENSG00000164674","SYTL3","ENSG00000164674","94120","0.5094205351076639","3.625728462780270167","4.298186430271659","0.001542721164806094055061","0.03844935826132111351","-1.06539301866317881"
"ENSG00000236609","ZNF853","ENSG00000236609","54753","-0.6143316896387292","3.818750093475882235","-4.292655197520493","0.001556266681793289302985","0.03855330390777466504","-1.09955259128542071"
"ENSG00000196083","IL1RAP","ENSG00000196083","3556","0.9254995511739987","1.747890662245159765","4.290620769268037","0.001561280323586959704191","0.03856694586562681160","-0.83826023398248850"
"ENSG00000182247","UBE2E2","ENSG00000182247","7325","-0.6476846256297937","2.644669592590098706","-4.274328992404675","0.001602049300960066684912","0.03892973040650585248","-0.95107060588694203"
"ENSG00000185269","NOTUM","ENSG00000185269","147111","0.6619448512918034","6.605925835920857914","4.274293129369976","0.001602140273631981167227","0.03892973040650585248","-1.39873833100623468"
"ENSG00000150627","WDR17","ENSG00000150627","116966","-1.5139284758422555","-0.694027733037289596","-4.271401254810351","0.001609493958939094398336","0.03892973040650585248","-1.10009215687320960"
"ENSG00000067715","SYT1","ENSG00000067715","6857","-0.5264402324958342","4.314549830544502029","-4.266696965486842","0.001621532511170441660103","0.03899089778091058972","-1.22129075497202688"
"ENSG00000101098","RIMS4","ENSG00000101098","140730","-0.9936197219894057","0.844693084229623969","-4.265955933889590","0.001623437491171691136882","0.03899089778091058972","-0.86695254677491373"
"ENSG00000186470","BTN3A2","ENSG00000186470","11118","0.5882373525568392","2.799461960859202403","4.252937738571751","0.001657291052282640862747","0.03953660777466053849","-1.01064479347565506"
"ENSG00000166925","TSC22D4","ENSG00000166925","81628","-0.5446533559061777","4.450316288604383885","-4.243784369626974","0.001681539134012332388154","0.03990628778239901919","-1.27799527128544455"
"ENSG00000017483","SLC38A5","ENSG00000017483","92745","-0.6564184673420490","6.514500479219358375","-4.239460506955550","0.001693123158575909935689","0.03998066414454165551","-1.45220912513596279"
"ENSG00000099256","PRTFDC1","ENSG00000099256","56952","-0.6665062694213875","3.091824013455843456","-4.222888043869751","0.001738306826110515290740","0.04059754591716845107","-1.09571023074590812"
"ENSG00000107957","SH3PXD2A","ENSG00000107957","9644","0.8862845699950386","3.577962140916921996","4.218755081360199","0.001749771757780498081594","0.04069752943138213452","-1.18014874514789270"
"ENSG00000088280","ASAP3","ENSG00000088280","55616","-0.6389219009028975","2.333006229535665721","-4.200755933725175","0.001800638249975089911353","0.04168747898207711411","-1.02677844055216383"
"ENSG00000204544","MUC21","ENSG00000204544","394263","2.4943990440520487","-1.797885040568183213","4.199479887481214","0.001804303030878014711680","0.04168747898207711411","-1.52684315466692322"
"ENSG00000184678","H2BC21","ENSG00000184678","8349","-0.5931947766962651","4.658771506554050923","-4.193014954343444","0.001822991243745671584298","0.04187163119960175123","-1.38867598046462959"
"ENSG00000119866","BCL11A","ENSG00000119866","53335","0.5994737728063941","3.394715994018476124","4.186819945172716","0.001841090428000542863693","0.04216972607852251254","-1.20554427040189704"
"ENSG00000138336","TET1","ENSG00000138336","80312","0.5286491129345765","3.221016707952309321","4.173301961842098","0.001881243993036309323369","0.04282914895088572871","-1.20041725806994926"
"ENSG00000175164","ABO","ENSG00000175164","28","-1.9483286389402088","-1.719657249986931369","-4.167624101123304","0.001898383261901724497825","0.04300192120301517956","-1.52028361717995653"
"ENSG00000129538","RNASE1","ENSG00000129538","6035","0.9062656109223612","1.343955709437930190","4.166656799395774","0.001901319513426453534921","0.04300192120301517956","-1.00384400459170564"
"ENSG00000144455","SUMF1","ENSG00000144455","285362","-0.5209845390218169","3.460719437679310673","-4.161440439780629","0.001917236381893866470350","0.04329163253248840409","-1.25438577363248527"
"ENSG00000003989","SLC7A2","ENSG00000003989","6542","-0.7642507893531119","3.086506146142761420","-4.158665656942045","0.001925760235546898927958","0.04339449366757336390","-1.19486037532103406"
"ENSG00000196859","KRT39","ENSG00000196859","390792","0.8806805620279958","2.223068944207879483","4.157931804409938","0.001928021215922187279676","0.04339449366757336390","-1.08106241646912338"
"ENSG00000065621","GSTO2","ENSG00000065621","119391","-0.5546735018472386","2.964797370107653762","-4.154171828595641","0.001939649487671640587169","0.04358580106813112615","-1.18689212429941460"
"ENSG00000128710","HOXD10","ENSG00000128710","3236","-0.9859549731625999","1.065255791691799514","-4.143743626728898","0.001972287856770540449836","0.04410580163808534154","-1.03355545527811898"
"ENSG00000206538","VGLL3","ENSG00000206538","389136","1.5277553080001700","0.410540379427017932","4.138533963567628","0.001988809017238316913245","0.04431694041876812346","-1.07433761003584927"
"ENSG00000130477","UNC13A","ENSG00000130477","23025","-1.4019344559635500","-0.145170480678762454","-4.135315575107397","0.001999088006407844300694","0.04434919443514982046","-1.15161652303708184"
"ENSG00000169116","PARM1","ENSG00000169116","25849","0.7823069075650948","3.324399945074483664","4.129902848460332","0.002016501506925691064587","0.04452281932565567424","-1.28303297066470812"
"ENSG00000198208","RPS6KL1","ENSG00000198208","83694","-0.5063488631246558","3.343623468904431295","-4.127102761861717","0.002025572297266074826144","0.04464003083348953849","-1.29058336594907708"
"ENSG00000174502","SLC26A9","ENSG00000174502","115019","-1.0628937729859775","0.739294422711671562","-4.117809471376938","0.002055986285039210215153","0.04509174776205787660","-1.07892153808876312"
"ENSG00000139508","SLC46A3","ENSG00000139508","283537","0.5505878589466127","3.844423802953254476","4.099928873210942","0.002115861856456352583372","0.04591617972609019632","-1.42017585751199071"
"ENSG00000119723","COQ6","ENSG00000119723","51004","-0.5554474100670528","2.503073622598145587","-4.094450002659573","0.002134573170918155349263","0.04603540776661260020","-1.21492605096495598"
"ENSG00000181458","TMEM45A","ENSG00000181458","55076","-0.7317558538873163","2.307455571184498844","-4.091743723447773","0.002143879660586546845313","0.04616465445331031231","-1.19166043702782964"
"ENSG00000149294","NCAM1","ENSG00000149294","4684","0.7065516646395489","5.804992799896280253","4.089673653424551","0.002151027089820843271606","0.04624708243114813294","-1.67608712022773698"
"ENSG00000176746","MAGEB6","ENSG00000176746","158809","-1.3489920299516187","0.173741026952961453","-4.087184719161634","0.002159653906635848521350","0.04636101421764351332","-1.16906502463432815"
"ENSG00000153093","ACOXL","ENSG00000153093","55289","0.5866962690559534","2.388979726417501226","4.070619887677828","0.002218002428722454406895","0.04724955632562879981","-1.23991132453933073"
"ENSG00000107105","ELAVL2","ENSG00000107105","1993","0.9837426985613262","1.252814583257292780","4.064720726315752","0.002239179606336323593435","0.04741071470437334401","-1.15080994655668789"
"ENSG00000176410","DNAJC30","ENSG00000176410","84277","-0.5165826406226404","2.835859043239453481","-4.053934534917208","0.002278451335435990095929","0.04787840724780424717","-1.32752199983157304"
"ENSG00000071282","LMCD1","ENSG00000071282","29995","-0.6435111489739511","2.193011634129991450","-4.045597129131200","0.002309302356195243061815","0.04829748718770510846","-1.25095284738149637"
"ENSG00000169291","SHE","ENSG00000169291","126669","1.2371176902813183","-0.461363284068219970","4.044803643314707","0.002312261265733513235926","0.04829748718770510846","-1.30848532521241623"
"ENSG00000111432","FZD10","ENSG00000111432","11211","1.3620454104200506","-0.653810540024372000","4.043812453077861","0.002315963005823800519023","0.04830239011547483863","-1.34780397249860862"
"ENSG00000187231","SESTD1","ENSG00000187231","91404","0.6178331777552009","2.829176415685250578","4.041212753464205","0.002325701530046404667817","0.04843299509208746217","-1.34946226421937254"
"ENSG00000180448","ARHGAP45","ENSG00000180448","23526","0.5648187045528426","5.364061506012266278","4.039302738622354","0.002332883861870705451830","0.04851005666206368444","-1.72698280558932726"
"ENSG00000154781","CCDC174","ENSG00000154781","51244","-0.6649466830598758","3.115886980004848983","-4.032544632465793","0.002358484170568501264720","0.04865542155162673466","-1.40261387189715059"
"ENSG00000176473","WDR25","ENSG00000176473","79446","-0.6311234679310695","3.178144664840212741","-4.030842902940995","0.002364976817459562251356","0.04865542155162673466","-1.41638284938613168"
"ENSG00000117148","ACTL8","ENSG00000117148","81569","-2.2496268334268752","-1.900895236573322045","-4.027868012506077","0.002376372069820338172458","0.04865542155162673466","-1.71057767453010579"
"ENSG00000094796","KRT31","ENSG00000094796","3881","1.3329284897831493","-0.519658848382625549","4.027368673471038","0.002378290416067887526330","0.04865542155162673466","-1.34201693732117455"
"ENSG00000106404","CLDN15","ENSG00000106404","24146","-0.6114980941873114","2.432179189891654936","-4.026339986104420","0.002382247520236310724812","0.04866491561866903570","-1.31152993615554969"
"ENSG00000163053","SLC16A14","ENSG00000163053","151473","-1.0784520356107170","0.818589998771237615","-4.021571913959625","0.002400679517914580760746","0.04875549131718066864","-1.21229534499843705"
"ENSG00000130830","MPP1","ENSG00000130830","4354","0.5453595218686296","5.646894457293708314","4.007707484004976","0.002455130232329391214846","0.04964422989377804962","-1.80306857443385304"
"ENSG00000142599","RERE","ENSG00000142599","473","0.6253551178209857","6.867570969084028754","4.005759140935062","0.002462885271597998592535","0.04965689957149539702","-1.84323492897058561"
"ENSG00000169710","FASN","ENSG00000169710","2194","0.6059427115969012","9.378335777314648070","4.000506124551896","0.002483922244686909142075","0.04986456010515565029","-1.82437123102064369"
"ENSG00000129810","SGO1","ENSG00000129810","151648","-0.5030331813759030","3.778706364946387897","-3.998099995535562","0.002493621004996410522175","0.04991100340059338725","-1.57210942656203212"
"ENSG00000155465","SLC7A7","ENSG00000155465","9056","0.5236433975664578","4.519655600570403386","3.997915690035892","0.002494365549318672704154","0.04991100340059338725","-1.69525381851253698"
"ENSG00000164124","TMEM144","ENSG00000164124","55314","1.1272420414008948","-0.021446482753480583","3.997268180993984","0.002496983158930059579217","0.04991100340059338725","-1.30294694756928386"
"ENSG00000143167","GPA33","ENSG00000143167","10223","1.1632888818137936","0.022010765417323719","3.987618284871859","0.002536336785803527862221","0.05055256666640164237","-1.31122583256862768"
"ENSG00000156113","KCNMA1","ENSG00000156113","3778","1.5213500540905553","-0.860039157374559604","3.982580793780420","0.002557138156572286418616","0.05089435542480728186","-1.46604243587064875"
"ENSG00000196172","ZNF681","ENSG00000196172","148213","-0.6529798127594248","2.345738949435881793","-3.975607190463757","0.002586229886621383734779","0.05130303780535798441","-1.37947406477133061"
"ENSG00000102287","GABRE","ENSG00000102287","2564","1.1612377620989696","0.954160863736463249","3.965490308742461","0.002629052452565621908476","0.05180757958860571916","-1.29111226907724852"
"ENSG00000070669","ASNS","ENSG00000070669","440","-1.4271881228299383","3.580514076582852923","-3.954268866157601","0.002677420609537653657661","0.05248786749987233158","-1.58255299173093178"
"ENSG00000109099","PMP22","ENSG00000109099","5376","0.5256550472936805","6.852440254246508822","3.951319121966166","0.002690289083269843933149","0.05248786749987233158","-1.93414586101351560"
"ENSG00000063761","ADCK1","ENSG00000063761","57143","-0.6321864205962184","2.167043235128446987","-3.948010879065853","0.002704798635875091741831","0.05248786749987233158","-1.40036291057364970"
"ENSG00000100027","YPEL1","ENSG00000100027","29799","0.6672979453931633","2.679290527961374124","3.947849596726157","0.002705508092497295544870","0.05248786749987233158","-1.47509852728964574"
"ENSG00000151079","KCNA6","ENSG00000151079","3742","0.5115945785254850","3.323169039825577542","3.940569941185719","0.002737733967199065636400","0.05271838010224681043","-1.59230434280226429"
"ENSG00000168875","SOX14","ENSG00000168875","8403","0.9794843962243499","0.365160270648806240","3.928985099011888","0.002789849575810510011464","0.05353744392588433154","-1.35945449433458787"
"ENSG00000157064","NMNAT2","ENSG00000157064","23057","0.5224120090953885","4.405503564555836249","3.925198437795391","0.002807108644221594905693","0.05364696520067936680","-1.79883582940187114"
"ENSG00000066735","KIF26A","ENSG00000066735","26153","-0.7603706825992607","3.355515489941700125","-3.920034693381882","0.002830824584320107504404","0.05388421894847702370","-1.62318561357370061"
"ENSG00000115165","CYTIP","ENSG00000115165","9595","1.7709633835544945","-1.928532814160466069","3.919276313310489","0.002834325279562047075060","0.05388421894847702370","-1.80864049541977323"
"ENSG00000198626","RYR2","ENSG00000198626","6262","-0.9654886470490818","0.748816706075656757","-3.917053561769200","0.002844611663092880011333","0.05394415946854130145","-1.36258867762148572"
"ENSG00000077274","CAPN6","ENSG00000077274","827","0.9852918847786702","1.426725025826501403","3.915652636824587","0.002851114887936606698965","0.05396974540588696245","-1.38100115103392795"
"ENSG00000126583","PRKCG","ENSG00000126583","5582","-1.1343122756903690","0.678268294708738395","-3.892799204933919","0.002959428024152846014444","0.05527423047268686246","-1.39929547691590539"
"ENSG00000154319","FAM167A","ENSG00000154319","83648","-1.8490526327052579","-0.766518622379260051","-3.892742399759392","0.002959702550432414744352","0.05527423047268686246","-1.57387138399379412"
"ENSG00000140104","CLBA1","ENSG00000140104","122616","-0.5059492165300119","3.609000767581082680","-3.868723163682694","0.003078202734547561165990","0.05689899891633939250","-1.75510981400815602"
"ENSG00000021826","CPS1","ENSG00000021826","1373","-1.1620341762795832","0.087456021591451924","-3.860294257275931","0.003120954174998325728746","0.05756496106052356315","-1.47805700890520697"
"ENSG00000088726","TMEM40","ENSG00000088726","55287","1.1513659529304265","0.177672806947664103","3.858918186521066","0.003127992329835510478681","0.05756496106052356315","-1.46982312188615794"
"ENSG00000103528","SYT17","ENSG00000103528","51760","-2.2003076654942637","-1.936821235711716271","-3.855308529478006","0.003146533494693162704564","0.05775692311998042311","-1.88820373957411558"
"ENSG00000101842","VSIG1","ENSG00000101842","340547","1.8103150009911322","-1.619648782421401423","3.851124568287605","0.003168168404915318574905","0.05800121184925127044","-1.79915838700078190"
"ENSG00000168412","MTNR1A","ENSG00000168412","4543","0.7516964597059852","1.403156240589730652","3.847019587660947","0.003189546024188869791788","0.05810438682989086528","-1.48487992512330624"
"ENSG00000119125","GDA","ENSG00000119125","9615","-0.9098060504344367","2.600982060341972879","-3.844670613782809","0.003201846588124755872695","0.05810438682989086528","-1.61907965498444373"
"ENSG00000149639","MTCL2","ENSG00000149639","140710","0.5780869902969421","7.206511487609666311","3.843761635264678","0.003206619808360963198857","0.05810438682989086528","-2.11405716111955844"
"ENSG00000169403","PTAFR","ENSG00000169403","5724","0.7808589110011082","2.130223758702412429","3.836933982942737","0.003242711608423464505341","0.05837412145361901145","-1.57201968679748738"
"ENSG00000241553","ARPC4","ENSG00000241553","10093","-0.5683692889767116","4.959111569596914570","-3.832756126693342","0.003265005314971414912550","0.05854318410319401395","-2.02392727573290454"
"ENSG00000143195","ILDR2","ENSG00000143195","387597","-0.6311323159871054","3.660092913157098948","-3.829261284700909","0.003283777307543420728025","0.05876570969408739104","-1.82691831164397112"
"ENSG00000072818","ACAP1","ENSG00000072818","9744","0.5549121456851442","3.617373154877769892","3.828094444188892","0.003290069879513936573073","0.05876570969408739104","-1.82662900599379618"
"ENSG00000126970","ZC4H2","ENSG00000126970","55906","-1.1035205554033207","0.524308194939923977","-3.822329184163356","0.003321346289709552115216","0.05902167921968555497","-1.50363367665651637"
"ENSG00000078401","EDN1","ENSG00000078401","1906","-1.3762181028827944","-0.199504311884650648","-3.814010431573129","0.003367023590696131135624","0.05968113570684287911","-1.57201397850733038"
"ENSG00000112320","SOBP","ENSG00000112320","55084","-0.8107503423811844","1.812850883031358995","-3.811928176192665","0.003378559323942455921985","0.05980951524925832291","-1.57056810664664415"
"ENSG00000160233","LRRC3","ENSG00000160233","81543","0.5876358798421726","2.607302851707876457","3.810926426963592","0.003384123725666627214431","0.05983199460150691318","-1.68451727949158503"
"ENSG00000069482","GAL","ENSG00000069482","51083","-0.8877684486791471","3.993183464930921023","-3.802175844710641","0.003433139142416529506624","0.06037892879912397370","-1.92256346753668961"
"ENSG00000170017","ALCAM","ENSG00000170017","214","-0.7644631049273816","1.364832436789654047","-3.784162287656283","0.003536387018079516393609","0.06143259842379528851","-1.57577331349157834"
"ENSG00000165029","ABCA1","ENSG00000165029","19","-0.9173121635939527","1.498659444102758087","-3.756942949082809","0.003698586677435806904096","0.06314792841916135047","-1.62560972569282836"
"ENSG00000265107","GJA5","ENSG00000265107","2702","1.3200415374233856","0.401682478441394764","3.756192099192351","0.003703169404520748574094","0.06314878352972223829","-1.60113599081708990"
"ENSG00000184785","SMIM10","ENSG00000184785","644538","-0.5559054845719635","3.405718377529935115","-3.749076780468735","0.003746891904412121172829","0.06322882559247043621","-1.91629209787100585"
"ENSG00000239704","CDRT4","ENSG00000239704","284040","1.3107606406874264","0.840373625435339555","3.748782990426479","0.003748708723756860334425","0.06322882559247043621","-1.60636281922214863"
"ENSG00000185347","TEDC1","ENSG00000185347","283643","-0.5413151061668069","3.662767006529114244","-3.745825304305492","0.003767050508438736077660","0.06338471942459959763","-1.96689557180586228"
"ENSG00000187134","AKR1C1","ENSG00000187134","1645","2.0182256574681974","-1.069753401369512469","3.740588219482396","0.003799757537867898184863","0.06384180247131771013","-1.80720243219949150"
"ENSG00000022976","ZNF839","ENSG00000022976","55778","-0.5355931523111170","3.111376152085129743","-3.739964038458961","0.003803675409860197715456","0.06384180247131771013","-1.87979256368350445"
"ENSG00000141524","TMC6","ENSG00000141524","11322","0.5470602782721894","6.214651905797169640","3.739281753010659","0.003807962808905039544388","0.06384180247131771013","-2.28271340231084352"
"ENSG00000167207","NOD2","ENSG00000167207","64127","0.5035951119223152","4.052599411404798957","3.731636947462605","0.003856347598868665148275","0.06434327514663262804","-2.06358229089774081"
"ENSG00000250479","CHCHD10","ENSG00000250479","400916","-0.5276600621339673","3.320782307071313610","-3.727950961025378","0.003879905053268223498464","0.06465068806043761107","-1.93643757548190720"
"ENSG00000123454","DBH","ENSG00000123454","1621","0.5498025917286076","3.066596520440798113","3.724436935854391","0.003902503096436943375025","0.06479327769274233206","-1.90199505999004614"
"ENSG00000161544","CYGB","ENSG00000161544","114757","-1.2006531969831602","-0.047718987898611009","-3.722106093902436","0.003917567903137150406301","0.06489840193401519297","-1.67692071253486841"
"ENSG00000198948","MFAP3L","ENSG00000198948","9848","-0.6389065571804693","2.258537205884498800","-3.715284133266523","0.003962008983036413925505","0.06532391615581457922","-1.78111205826578445"
"ENSG00000226174","TEX22","ENSG00000226174","647310","-1.0157248710821984","0.590255499045849730","-3.702834203129906","0.004044471492316357823238","0.06641452761505135804","-1.67288303317635290"
"ENSG00000170921","TANC2","ENSG00000170921","26115","0.6131949978730695","5.614165972968042873","3.701712001284871","0.004051991707780193407995","0.06641452761505135804","-2.31335270796376413"
"ENSG00000197935","ZNF311","ENSG00000197935","282890","-1.1748592353470697","0.118575230299405421","-3.700893091908354","0.004057488654372757089228","0.06642647700672298094","-1.69370936570042119"
"ENSG00000139410","SDSL","ENSG00000139410","113675","-0.6626138106685793","2.980669295035065947","-3.695503570654049","0.004093860130917412708251","0.06667682117807667563","-1.92775235390468858"
"ENSG00000061337","LZTS1","ENSG00000061337","11178","0.5771593485653197","4.763021234562113904","3.695322338350465","0.004095089068614483560071","0.06667682117807667563","-2.23372372574116973"
"ENSG00000117971","CHRNB4","ENSG00000117971","1143","0.7315000096174349","1.762698182679764081","3.692544950630251","0.004113970663921575482425","0.06680167749388739307","-1.75589990269959362"
"ENSG00000119698","PPP4R4","ENSG00000119698","57718","-0.6133368888178499","2.212927592534643662","-3.688293716038504","0.004143047630482477386438","0.06711737161381613193","-1.81790432560701110"
"ENSG00000181634","TNFSF15","ENSG00000181634","9966","-1.1834723886108229","0.636123593417067590","-3.670119701789508","0.004269783590708790127488","0.06877066472341603065","-1.72002994264820241"
"ENSG00000166278","C2","ENSG00000166278","717","-1.2855141999191269","-0.687848776604121248","-3.668765011805983","0.004279390572462855868441","0.06884580768539551310","-1.82074106131131952"
"ENSG00000293164","ENSG00000293164.1","ENSG00000293164",NA,"-0.6208764954430883","2.370088318344730549","-3.655769035638898","0.004372703803239235895162","0.06962343929911889162","-1.89324172178730610"
"ENSG00000139645","ANKRD52","ENSG00000139645","283373","0.5084972482874086","6.458375997931191215","3.647722466827192","0.004431537743842484285139","0.07011674326402271562","-2.44345820885624132"
"ENSG00000046774","MAGEC2","ENSG00000046774","51438","-1.9765142506595870","-1.833783527538289659","-3.647404087465630","0.004433882487482343655316","0.07011674326402271562","-2.08484640548423350"
"ENSG00000157214","STEAP2","ENSG00000157214","261729","-0.6214342677031501","5.339696287746225956","-3.646503703108384","0.004440520460942456830444","0.07014209870958085236","-2.37847257191886552"
"ENSG00000062582","MRPS24","ENSG00000062582","64951","-1.3655838221954113","-1.185459208995494507","-3.639499021805023","0.004492515690819929782829","0.07042881420885363508","-1.93877742473829384"
"ENSG00000140945","CDH13","ENSG00000140945","1012","0.5405988499507410","5.353171175891432654","3.638616253634302","0.004499113167232252248617","0.07042881420885363508","-2.39813559301145407"
"ENSG00000185634","SHC4","ENSG00000185634","399694","0.7781389721381197","1.323386465956465141","3.615757291131076","0.004673504569617411598392","0.07202573635388249962","-1.83262171168651200"
"ENSG00000166313","APBB1","ENSG00000166313","322","-0.5370313866297174","3.181779579864974838","-3.611638499778489","0.004705666193260346803762","0.07228637108409341483","-2.10381174364529144"
"ENSG00000164236","ANKRD33B","ENSG00000164236","651746","-1.1596755297891892","0.294083940930086996","-3.609615441816407","0.004721547350453990897490","0.07228637108409341483","-1.81257036719524534"
"ENSG00000266074","BAHCC1","ENSG00000266074","57597","0.8883806889348587","3.165997415643927226","3.608601522894076","0.004729527617070623628226","0.07232906559937203606","-2.10503193940339006"
"ENSG00000147231","RADX","ENSG00000147231","55086","1.0906045383889817","-0.013402936997406587","3.606864729609331","0.004743229980598345427167","0.07235866660121377525","-1.82866477712987940"
"ENSG00000150722","PPP1R1C","ENSG00000150722","151242","-0.9801229786089871","0.301032275466676547","-3.606382185501849","0.004747044306166335950192","0.07235866660121377525","-1.81626995576756967"
"ENSG00000153246","PLA2R1","ENSG00000153246","22925","0.9491803884261170","0.596070318972896085","3.602033212984891","0.004781565291164580067118","0.07264642054144485050","-1.81918795766304697"
"ENSG00000253276","CCDC71L","ENSG00000253276","168455","-0.6179101059957923","3.551038881161819205","-3.596998870888108","0.004821852247193310694873","0.07300862222585156880","-2.19290376903340967"
"ENSG00000275591","XKR5","ENSG00000275591","389610","1.8004489019901988","-1.225614447501015780","3.595786453869001","0.004831607069497210853182","0.07300862222585156880","-2.00114286029987998"
"ENSG00000116132","PRRX1","ENSG00000116132","5396","0.9619296327462250","0.958445540350667868","3.593876316472650","0.004847017164458018723128","0.07308294711604883254","-1.84117614647210015"
"ENSG00000105792","CFAP69","ENSG00000105792","79846","-0.8145717065132836","2.016240569966811336","-3.587492901513094","0.004898886694031112827574","0.07349793155146000512","-1.94809652450941062"
"ENSG00000214694","ARHGEF33","ENSG00000214694","100271715","1.8514886646256761","-2.023117169856400110","3.586599417719285","0.004906192674623730334837","0.07349793155146000512","-2.17675017779517210"
"ENSG00000168993","CPLX1","ENSG00000168993","10815","-2.0263901200865591","-1.654370025882359485","-3.584569382455650","0.004922834249197653895547","0.07356915513115398764","-2.11378799497568615"
"ENSG00000167895","TMC8","ENSG00000167895","147138","0.7053010769270296","3.727434496817865206","3.583756380975581","0.004929515389565708449737","0.07356915513115398764","-2.25045813711986664"
"ENSG00000221869","CEBPD","ENSG00000221869","1052","0.8910710716771852","4.348479819252795586","3.578557222278999","0.004972464459490601174085","0.07378720894538921826","-2.36306246977680967"
"ENSG00000164076","CAMKV","ENSG00000164076","79012","-1.9501764348298236","-1.876677978607117714","-3.576975788930830","0.004985605184464209256590","0.07389303343612273201","-2.16754003219004687"
"ENSG00000075461","CACNG4","ENSG00000075461","27092","-1.4677910457982950","-0.868045541918235131","-3.560851825639876","0.005121659401849262827078","0.07511948382756976350","-1.98551147367748548"
"ENSG00000143507","DUSP10","ENSG00000143507","11221","0.7336427732620689","1.621416011544742020","3.560150364311595","0.005127665024405601672253","0.07511948382756976350","-1.94802775010884943"
"ENSG00000176125","UFSP1","ENSG00000176125","402682","-0.9192285447334574","0.906020803005680331","-3.557394426670961","0.005151331015902880887392","0.07515710600377900619","-1.89238268205935523"
"ENSG00000167157","PRRX2","ENSG00000167157","51450","-1.2928858655138233","-0.465142542181151530","-3.554840553332125","0.005173362929929843125054","0.07520095555301220536","-1.94039988287452392"
"ENSG00000110427","KIAA1549L","ENSG00000110427","25758","-1.0188189269331027","0.114647715638851164","-3.551151126266905","0.005205363758100172225096","0.07545985566931782962","-1.90070896713859572"
"ENSG00000169562","GJB1","ENSG00000169562","2705","0.5122874336768204","7.466030889264835935","3.550563663271214","0.005210478118998259321193","0.07545985566931782962","-2.60978566708503923"
"ENSG00000152926","ZNF117","ENSG00000152926","51351","-0.6353954953682908","2.568993931597091329","-3.549398661151311","0.005220635858549160963904","0.07552845148630001060","-2.09724751606227056"
"ENSG00000160255","ITGB2","ENSG00000160255","3689","1.1203094863545968","1.302717407333339183","3.544924954921453","0.005259833578019619364230","0.07601659897195989224","-1.93700182562789003"
"ENSG00000276600","RAB7B","ENSG00000276600","338382","1.2945533866508623","-1.302341966176066235","3.543217997232827","0.005274869887616914602979","0.07612069630209639115","-2.06638871716957251"
"ENSG00000151917","BEND6","ENSG00000151917","221336","-1.7618015016188613","-1.343559549228658057","-3.542248755666804","0.005283427600066552265456","0.07612069630209639115","-2.09189483080052030"
"ENSG00000081913","PHLPP1","ENSG00000081913","23239","0.5116318644626379","4.773976864558393984","3.536608812152842","0.005333510545084129382543","0.07655177698851406420","-2.50420382390126584"
"ENSG00000172296","SPTLC3","ENSG00000172296","55304","0.5871079437786069","3.065088212728320105","3.529569526840839","0.005396710664611623423093","0.07727335352453149064","-2.22242529385528709"
"ENSG00000162729","IGSF8","ENSG00000162729","93185","0.5187631979557219","2.567594679772942978","3.527714609503289","0.005413493302183241227821","0.07730731824200451352","-2.13861972572724213"
"ENSG00000139117","CPNE8","ENSG00000139117","144402","-1.0019554464304818","0.007809979448908877","-3.525624927979871","0.005432464781076217288924","0.07746683657108889565","-1.94109994483682202"
"ENSG00000132561","MATN2","ENSG00000132561","4147","-0.6303449372501242","1.939671582818506712","-3.523908798683370","0.005448096409010582709398","0.07750747685175868318","-2.04247325686543313"
"ENSG00000196542","SPTSSB","ENSG00000196542","165679","0.5019594092713695","4.112173327305694848","3.523538884299670","0.005451471930424952629102","0.07750747685175868318","-2.42329037033008898"
"ENSG00000085185","BCORL1","ENSG00000085185","63035","0.5998309112987883","5.564607632980986374","3.523480538209831","0.005452004544553797765749","0.07750747685175868318","-2.61210467897761411"
"ENSG00000196460","RFX8","ENSG00000196460","731220","1.4199106044942293","1.095351674220273352","3.519112868610989","0.005492028377834068213204","0.07783818856559943100","-1.95847960517889152"
"ENSG00000112972","HMGCS1","ENSG00000112972","3157","0.5673198164109099","5.706204612310476598","3.516417218470245","0.005516882142333813000834","0.07805794328270715399","-2.63519614404685587"
"ENSG00000188833","ENTPD8","ENSG00000188833","377841","0.5578841398655117","7.500469396049958881","3.516216309495948","0.005518739171222118017335","0.07805794328270715399","-2.66809659521559173"
"ENSG00000176402","GJC3","ENSG00000176402","349149","-1.5961508767717785","-1.393621715680985806","-3.509591058107026","0.005580341277333342002442","0.07861002495026099546","-2.13389589073509267"
"ENSG00000146834","MEPCE","ENSG00000146834","56257","-0.5036136430591975","4.197699961994129758","-3.501777522868747","0.005653908052202450719437","0.07908659335671139323","-2.46989110775730580"
"ENSG00000026559","KCNG1","ENSG00000026559","3755","-0.9390519776164235","2.464000293693981547","-3.499271392642688","0.005677716083819121968557","0.07922776468721368093","-2.15368028351425345"
"ENSG00000122121","XPNPEP2","ENSG00000122121","7512","0.6216310164265442","1.614392630087688518","3.496639306592928","0.005702832427277006871469","0.07931427920660268083","-2.04794856309325635"
"ENSG00000134072","CAMK1","ENSG00000134072","8536","-0.7449151062359485","1.068051858894106809","-3.496481379502653","0.005704343078166515534910","0.07931427920660268083","-1.99432832407634919"
"ENSG00000166529","ZSCAN21","ENSG00000166529","7589","-0.7166934222671557","1.819715590930918836","-3.495567804029774","0.005713090011230862255709","0.07935669993665839250","-2.07039445729241844"
"ENSG00000236699","ARHGEF38","ENSG00000236699","54848","0.5069624159703041","3.493990951989438098","3.492342532715406","0.005744081193590846318164","0.07970770835568492807","-2.36304952217677755"
"ENSG00000139219","COL2A1","ENSG00000139219","1280","-0.7817947981873848","1.071624127900121959","-3.490473393625869","0.005762121063703501064324","0.07979907620230335119","-2.00362988798514419"
"ENSG00000197343","ZNF655","ENSG00000197343","79027","-1.6542345669786838","-1.812762140145786738","-3.488839075397545","0.005777942613756270953673","0.07993872541693382294","-2.23857757014036629"
"ENSG00000167554","ZNF610","ENSG00000167554","162963","-1.0275795236745946","0.019277167175640448","-3.481412530242274","0.005850405898190972481254","0.08078082752586385196","-2.00232605780356643"
"ENSG00000116141","MARK1","ENSG00000116141","4139","-1.6768810099109310","-1.235495629082964619","-3.473980392612152","0.005923865309847758074679","0.08155265958181716346","-2.15158736356543745"
"ENSG00000100344","PNPLA3","ENSG00000100344","80339","0.5259232444738857","2.344688849867079927","3.468006099966948","0.005983606653473121789188","0.08229378864381789449","-2.19847867389046137"
"ENSG00000153132","CLGN","ENSG00000153132","1047","-0.8222281260818467","2.188224943259538424","-3.460421286776881","0.006060351449170313202497","0.08326707730753531156","-2.17662782261305665"
"ENSG00000138435","CHRNA1","ENSG00000138435","1134","2.0946224881755233","-2.243962563905111729","3.456641917775309","0.006098971075253842993869","0.08358181323945093610","-2.34495549976670814"
"ENSG00000173210","ABLIM3","ENSG00000173210","22885","-1.2865563940413223","-1.307169334475730249","-3.455476845536786","0.006110927638836861387761","0.08358181323945093610","-2.17662105521577409"
"ENSG00000172183","ISG20","ENSG00000172183","3669","0.7730892753984882","3.739568183945529256","3.455017788115652","0.006115645370771030479851","0.08358181323945093610","-2.46756086030853794"
"ENSG00000154118","JPH3","ENSG00000154118","57338","-0.7671618032676699","2.677622918488653969","-3.453501722419510","0.006131252736916369301678","0.08358181323945093610","-2.26951119506059840"
"ENSG00000140937","CDH11","ENSG00000140937","1009","1.5172144216312988","-0.767358403447683135","3.447293048973003","0.006195599576625131742202","0.08406646058198830040","-2.11157560114245646"
"ENSG00000182508","LHFPL1","ENSG00000182508","340596","1.5269420243225835","-1.068494131336478192","3.443697818971049","0.006233179283749204838139","0.08406646058198830040","-2.15457075561865841"
"ENSG00000124491","F13A1","ENSG00000124491","2162","-0.9975077848607594","0.871142162630739847","-3.437652611527618","0.006296899566118841808093","0.08465243596565588668","-2.07012429846935708"
"ENSG00000240204","SMKR1","ENSG00000240204","100287482","-0.5641826038325886","1.839462679413473856","-3.431730587285257","0.006359974062201539934946","0.08512822578353977654","-2.17710162807579444"
"ENSG00000102003","SYP","ENSG00000102003","6855","-0.8168668447957521","1.471022011209787150","-3.428555315294134","0.006394061745175261268770","0.08524281298385563699","-2.13406436001379118"
"ENSG00000106384","MOGAT3","ENSG00000106384","346606","-0.7948710750235733","0.923736671858708003","-3.427279801027881","0.006407807916423944281925","0.08524281298385563699","-2.09005426409565409"
"ENSG00000057704","TMCC3","ENSG00000057704","57458","-0.9003793803463157","0.669304892983260014","-3.417560361314558","0.006513561281582340087293","0.08598304229421954714","-2.09216396804881066"
"ENSG00000136854","STXBP1","ENSG00000136854","6812","0.5685361480968965","6.058043319990940034","3.410260903027643","0.006594167430498389277649","0.08673525399403979319","-2.83673557116335751"
"ENSG00000184515","BEX5","ENSG00000184515","340542","-1.1203733756927665","0.464257483725455611","-3.405646780712581","0.006645650508623707729272","0.08714441136359928064","-2.10430712859487690"
"ENSG00000018236","CNTN1","ENSG00000018236","1272","-1.1180399170815720","-0.245629982827110432","-3.402554901047844","0.006680380774700176924052","0.08723096074098136976","-2.12493319217984089"
"ENSG00000165259","HDX","ENSG00000165259","139324","-0.7672688096416310","0.963832119228781203","-3.396696252556892","0.006746703979040948734314","0.08776384671895284817","-2.13940472764801903"
"ENSG00000272899","SPMIP1","ENSG00000272899","100130705","1.0997005672074096","-0.704238574216366153","3.390027761169920","0.006823022332615934562594","0.08834418878996765090","-2.17468303746590941"
"ENSG00000065413","ANKRD44","ENSG00000065413","91526","0.7156831299788395","1.398860841540618738","3.387655558043494","0.006850385544737262744075","0.08855724982424721670","-2.19464542937586016"
"ENSG00000196218","RYR1","ENSG00000196218","6261","-0.5187700760960139","2.790994080125738463","-3.387499441494019","0.006852190303656222752915","0.08855724982424721670","-2.40440452404939009"
"ENSG00000187372","PCDHB13","ENSG00000187372","56123","-2.7588207557541824","-2.061891619107004470","-3.386438071110228","0.006864473102272576100769","0.08863377132609964737","-2.37624140327185085"
"ENSG00000204175","GPRIN2","ENSG00000204175","9721","-0.7595752432439670","1.284098604038373503","-3.381371194071764","0.006923423651695451673527","0.08875149183600562763","-2.18914503134368221"
"ENSG00000115648","MLPH","ENSG00000115648","79083","-0.7242009982957003","1.588766084253843358","-3.373839997018669","0.007012011520484546373000","0.08962508670035843061","-2.23475492657487829"
"ENSG00000158578","ALAS2","ENSG00000158578","212","1.5349946328324613","-1.190103598704859600","3.364106183731706","0.007128242261425928559537","0.09061192626476828604","-2.26866830075571313"
"ENSG00000107317","PTGDS","ENSG00000107317","5730","-1.2365846950934312","0.395466753808368321","-3.361197901526048","0.007163353708203241618224","0.09080968504339177738","-2.16820308372344517"
"ENSG00000182511","FES","ENSG00000182511","2242","0.8345584200776123","1.048634758024910019","3.359862470998384","0.007179535903379878625241","0.09093208564171680053","-2.20379609261153853"
"ENSG00000136883","KIF12","ENSG00000136883","113220","-0.6248259306286295","1.474617287166693602","-3.354909469435634","0.007239883960706724151668","0.09136418780848376553","-2.25246774638662162"
"ENSG00000250722","SELENOP","ENSG00000250722","6414","1.8055184563791395","-1.797222095642547757","3.350274083730606","0.007296835545015254928525","0.09175046282775498052","-2.38684161289156993"
"ENSG00000124107","SLPI","ENSG00000124107","6590","0.5348185262535226","3.415459305036085524","3.348466469768856","0.007319169251543428816875","0.09194830118350140469","-2.58944340339877499"
"ENSG00000135636","DYSF","ENSG00000135636","8291","0.5980012915962680","2.380203691242070541","3.344411705867831","0.007369523739210837726121","0.09246422111484807471","-2.40575417749030107"
"ENSG00000134339","SAA2","ENSG00000134339","6289","0.8620458487531950","4.233468905922699754","3.338009629974969","0.007449756017931474967597","0.09300179286901551212","-2.75198295475812849"
"ENSG00000138646","HERC5","ENSG00000138646","51191","-1.2737878781404306","-0.274006218643658650","-3.335798039463523","0.007477680723167548851316","0.09326682885870213324","-2.21874664610593220"
"ENSG00000125384","PTGER2","ENSG00000125384","5732","1.0491585286116614","0.729354450198148929","3.333939627024224","0.007501229328798165660319","0.09340663884233010861","-2.22032335965806604"
"ENSG00000183943","PRKX","ENSG00000183943","5613","-0.5848343742644859","4.317420428896075357","-3.332773652507196","0.007516042768103670633495","0.09343814910358294590","-2.77515385473199316"
"ENSG00000163412","EIF4E3","ENSG00000163412","317649","-0.6383181479535187","1.570122376659149666","-3.326905135458295","0.007591059422295180422746","0.09400767988570352118","-2.30786916830185618"
"ENSG00000171385","KCND3","ENSG00000171385","3752","-0.7988007168120301","1.262347999230408080","-3.318194202796099","0.007703833961631613956589","0.09472777303601566390","-2.28522382370398125"
"ENSG00000119681","LTBP2","ENSG00000119681","4053","-0.5886800916861503","6.520678800805360886","-3.317714953852142","0.007710088279207587963482","0.09472777303601566390","-3.00499540374695773"
"ENSG00000140450","ARRDC4","ENSG00000140450","91947","-0.5034326522510750","2.951082140842344881","-3.315182484157863","0.007743224479936970314209","0.09479666384400867174","-2.55449172218177845"
"ENSG00000184347","SLIT3","ENSG00000184347","6586","1.0888610838103081","-0.315958830580373717","3.304910437850319","0.007879138786338654720787","0.09587088346835820341","-2.26072385217495819"
"ENSG00000106278","PTPRZ1","ENSG00000106278","5803","0.5645183109571326","5.160549591873073716","3.304028773563108","0.007890918255171710388174","0.09593043030632833479","-2.94787570584313130"
"ENSG00000100351","GRAP2","ENSG00000100351","9402","0.7943027131900262","0.563071986266447833","3.292807223924869","0.008042435421887862007084","0.09673430014625493401","-2.27543145558386284"
"ENSG00000186648","CARMIL3","ENSG00000186648","90668","-0.8837283913877423","0.745232640203354446","-3.291294538024074","0.008063087781046647528616","0.09675705337255977034","-2.28476021496390791"
"ENSG00000187068","C3orf70","ENSG00000187068","285382","-0.9113417590508480","0.887411856295102219","-3.288842991568647","0.008096674023118560770129","0.09690967567876958288","-2.29724075620996304"
"ENSG00000276644","DACH1","ENSG00000276644","1602","1.1933240342826110","-0.450505555479600972","3.284717459999440","0.008153518833606538188108","0.09749056428697837340","-2.29588161349144393"
"ENSG00000170412","GPRC5C","ENSG00000170412","55890","0.5311101668058305","6.066047785594427033","3.283261629892620","0.008173676165480531566332","0.09753337851111214263","-3.05499061421099682"
"ENSG00000138613","APH1B","ENSG00000138613","83464","-0.7273760175344367","1.218479850566577705","-3.266710170066995","0.008406479369128819212342","0.09921408253721304693","-2.36173396689508497"
"ENSG00000140105","WARS1","ENSG00000140105","7453","-0.7799093422147054","7.239970141057565201","-3.260463728461386","0.008496098675738512559508","0.09980431577888759787","-3.10625219529527108"
"ENSG00000109705","NKX3-2","ENSG00000109705","579","0.8366132377578590","0.455923696026525604","3.260462376246504","0.008496118182153365727682","0.09980431577888759787","-2.31924188630195349"
"ENSG00000117519","CNN3","ENSG00000117519","1266","-1.2497315700475782","-0.638127799553190544","-3.238741305443519","0.008815464704293816261549","0.10183835344960318059","-2.37238074665559084"
"ENSG00000171388","APLN","ENSG00000171388","8862","0.6856132956143219","3.268783600341059969","3.236342381353777","0.008851481350033474013173","0.10191639518071600456","-2.74805374581111161"
"ENSG00000027869","SH2D2A","ENSG00000027869","9047","-0.7272909352235482","1.098667085927171216","-3.234657808333674","0.008876863153255695054744","0.10203222474351580917","-2.39962869559725789"
"ENSG00000177508","IRX3","ENSG00000177508","79191","-1.3367931682082270","-0.681974515717219787","-3.234217348199555","0.008883511959078715936045","0.10203222474351580917","-2.38235490592395882"
"ENSG00000143631","FLG","ENSG00000143631","2312","0.5551537929448180","5.250530262978538865","3.231558797702753","0.008923751744750060832523","0.10240879084169569879","-3.08185939181716506"
"ENSG00000136110","CNMD","ENSG00000136110","11061","1.2680294406447146","-0.036922682864782508","3.231081281744366","0.008930999201310671486986","0.10240879084169569879","-2.35586762658545545"
"ENSG00000160963","COL26A1","ENSG00000160963","136227","-1.0335930395605935","0.958897485584157327","-3.220955034395215","0.009086118821789734151251","0.10376049788948735197","-2.40476384971293911"
"ENSG00000172215","CXCR6","ENSG00000172215","10663","0.6860534120083892","1.703671651769154138","3.215304329933846","0.009173877608815189654834","0.10457744955081087201","-2.50648951750372362"
"ENSG00000130755","GMFG","ENSG00000130755","9535","0.7190067961966575","2.348413332271720666","3.213459310750108","0.009202719620776249678795","0.10466309367890179460","-2.61306130202379494"
"ENSG00000125966","MMP24","ENSG00000125966","10893","0.5590833580005441","2.690751210343910405","3.201870047367221","0.009386024764928203867331","0.10588347937245323749","-2.69774196576258829"
"ENSG00000104368","PLAT","ENSG00000104368","5327","-0.6043396536112833","1.778733015045037114","-3.196060014812329","0.009479324479232177289023","0.10666771279630629654","-2.54571741674831742"
"ENSG00000175463","TBC1D10C","ENSG00000175463","374403","0.7997836678425847","1.982622438128761155","3.194755138531070","0.009500408989500962186892","0.10666771279630629654","-2.58075165372216553"
"ENSG00000101331","CCM2L","ENSG00000101331","140706","-1.2760944814930031","-0.439250733724119158","-3.192901202093110","0.009530447975625506648600","0.10666771279630629654","-2.42208996803958465"
"ENSG00000164509","IL31RA","ENSG00000164509","133396","1.4840605385536563","-1.522926682334337256","3.192155289610581","0.009542561280242264909468","0.10666771279630629654","-2.52086657486589960"
"ENSG00000122863","CHST3","ENSG00000122863","9469","-0.5237471764697581","2.993462105163005926","-3.191856449651000","0.009547418737940994992730","0.10666771279630629654","-2.76763032815822108"
"ENSG00000237489","C10orf143","ENSG00000237489","387723","-0.9852041285653710","-0.351139910027059632","-3.182547954512587","0.009699996999941945877155","0.10794546062522003549","-2.43136252815211229"
"ENSG00000205426","KRT81","ENSG00000205426","3887","0.8425487453165097","5.744459407521311789","3.181722283744717","0.009713650781441582338083","0.10800525354113656162","-3.20738702407397547"
"ENSG00000170927","PKHD1","ENSG00000170927","5314","1.4769770075566591","-1.308840263195644171","3.181147221412428","0.009723171974476313081381","0.10802490585997127914","-2.50766057572506718"
"ENSG00000196653","ZNF502","ENSG00000196653","91392","-0.6472774751564239","2.341881722571584223","-3.180629430924882","0.009731753101959719418068","0.10803409100916558372","-2.66181521627382267"
"ENSG00000198930","CSAG1","ENSG00000198930","158511","-1.4946820509901777","-1.577008258976945632","-3.177325453640449","0.009786691393777977379664","0.10821284483977362811","-2.55122569079372852"
"ENSG00000128610","FEZF1","ENSG00000128610","389549","2.4316036204305247","-2.867452627960368705","3.176485175814899","0.009800714033883313122675","0.10828195711345148244","-2.67425116943933716"
"ENSG00000186352","ANKRD37","ENSG00000186352","353322","0.7995838125690703","0.776951297392731610","3.159554097360953","0.010087684306488091390275","0.11048869320596861610","-2.48930466705288778"
"ENSG00000086570","FAT2","ENSG00000086570","2196","0.6791719936438745","0.909521163978817881","3.151930691305270","0.010219688284822546833763","0.11140899623172749455","-2.51281582260246150"
"ENSG00000077942","FBLN1","ENSG00000077942","2192","-0.5526597604256178","2.336953273794855068","-3.149426400183764","0.010263435964540412390078","0.11179842834869196944","-2.71443229897085425"
"ENSG00000007516","BAIAP3","ENSG00000007516","8938","0.6739933380214200","2.413705830330795887","3.148215419036222","0.010284659327143738996591","0.11185470237764760792","-2.73315746419500094"
"ENSG00000189068","VSTM1","ENSG00000189068","284415","-1.0883032317135872","1.009720990319802114","-3.141589918240210","0.010401572993791347379600","0.11259884611460843629","-2.53101463942915039"
"ENSG00000103489","XYLT1","ENSG00000103489","64131","-1.7018565372769821","-1.122724678941304566","-3.138969253332216","0.010448191378075500496125","0.11275306140925475673","-2.54721965479415635"
"ENSG00000183092","BEGAIN","ENSG00000183092","57596","-1.0379123265608690","0.447826278520571275","-3.138491377399686","0.010456715189082825892553","0.11275770589342254402","-2.49754058311459204"
"ENSG00000125430","HS3ST3B1","ENSG00000125430","9953","-0.9984995084564116","0.410790067064700226","-3.136432894254565","0.010493513391343767607311","0.11295877359044692589","-2.49934828903618955"
"ENSG00000146233","CYP39A1","ENSG00000146233","51302","0.6564602927180143","1.422618495681834405","3.132198677791027","0.010569622363822864935523","0.11359750929894388283","-2.60083319569538718"
"ENSG00000154252","GAL3ST2","ENSG00000154252","64090","0.9738361120337424","1.015329276617428889","3.131880521200866","0.010575363878892492588979","0.11359750929894388283","-2.55120856225874126"
"ENSG00000127377","CRYGN","ENSG00000127377","155051","0.5336088370568493","3.899603786575166708","3.119963436543575","0.010792732176866272689186","0.11557597593243727763","-3.06761616996957631"
"ENSG00000146122","DAAM2","ENSG00000146122","23500","1.2650242492804258","-0.554387754099627705","3.119417206306236","0.010802804117798088176516","0.11559498231118506273","-2.52560816033862690"
"ENSG00000167549","CORO6","ENSG00000167549","84940","0.6583549793009444","2.493805488202052167","3.115906513200273","0.010867767258399701341132","0.11602278424829473580","-2.80169046804956956"
"ENSG00000103227","LMF1","ENSG00000103227","64788","0.5307902656223979","3.158378470150069006","3.112244691829813","0.010935951970713723990780","0.11608332893821565746","-2.93747936190406600"
"ENSG00000166387","PPFIBP2","ENSG00000166387","8495","0.5135028265364308","2.760519320599815085","3.111138259351505","0.010956640014466655433378","0.11608332893821565746","-2.86228467442868073"
"ENSG00000130035","GALNT8","ENSG00000130035","26290","0.6220652443248480","1.290043345699117161","3.110305330829018","0.010972240441062477631085","0.11615900746571612701","-2.61903472667519077"
"ENSG00000162576","MXRA8","ENSG00000162576","54587","0.5588709973891519","2.306942961825536376","3.106418437634533","0.011045340728320409903751","0.11666693481952990219","-2.78374316561413782"
"ENSG00000152377","SPOCK1","ENSG00000152377","6695","1.7275360869293157","-2.087759526415529532","3.103490829933731","0.011100727869743835449223","0.11716313687975084268","-2.70800684201524433"
"ENSG00000116774","OLFML3","ENSG00000116774","56944","1.2678980742245196","-1.396839158737122055","3.092396987337934","0.011313195429188686175204","0.11861384208531346174","-2.62422657225804778"
"ENSG00000182459","TEX19","ENSG00000182459","400629","0.5180475732925749","1.676622920790478810","3.088560436038866","0.011387633959686956075519","0.11914366987550785437","-2.70727018719911827"
"ENSG00000137501","SYTL2","ENSG00000137501","54843","-0.5410418220215347","3.928095342140190738","-3.088387716882481","0.011390996861482663438103","0.11914366987550785437","-3.12165239183693677"
"ENSG00000106003","LFNG","ENSG00000106003","3955","0.5452579722577822","3.397070729009266543","3.085967849374597","0.011438219145315221131343","0.11936874092324468999","-3.02741661992267108"
"ENSG00000179388","EGR3","ENSG00000179388","1960","0.7060164801973476","3.668641628502907093","3.084489567673838","0.011467165107573992766099","0.11958124571760544996","-3.08091125265863530"
"ENSG00000166165","CKB","ENSG00000166165","1152","-0.6756961992897197","4.095272599371806876","-3.078307987359295","0.011589016848720464294975","0.12058116709213853590","-3.16635851285869041"
"ENSG00000116761","CTH","ENSG00000116761","1491","-1.0196484315914573","2.921446030461174459","-3.076754011304932","0.011619856012663147895592","0.12058240957806466709","-2.93096835157478930"
"ENSG00000131015","ULBP2","ENSG00000131015","80328","-0.5024643072929944","2.258837149464324678","-3.076557764632792","0.011623756536271952904960","0.12058240957806466709","-2.82080660960183272"
"ENSG00000267060","PTGES3L","ENSG00000267060","100885848","-0.6498498000822245","0.874893989874886757","-3.070128571196768","0.011752281373682451140472","0.12163016927649843157","-2.63336093858122444"
"ENSG00000123342","MMP19","ENSG00000123342","4327","-0.6377937228814037","1.271204913190694397","-3.068893398500787","0.011777138842520556288873","0.12163016927649843157","-2.67872181232916784"
"ENSG00000170801","HTRA3","ENSG00000170801","94031","-1.0331226049232065","0.111040035162100439","-3.066980594670182","0.011815739187738538706895","0.12193830375972267155","-2.59169489817547083"
"ENSG00000005075","POLR2J","ENSG00000005075","5439","-0.7207434010571885","1.293620751782048606","-3.062224324413653","0.011912280300397735249840","0.12248109900010424600","-2.69083925245818323"
"ENSG00000127362","TAS2R3","ENSG00000127362","50831","1.6828180379727800","-2.147399514327580583","3.048519857959345","0.012194965509219167151822","0.12415617028074918404","-2.77668349646709789"
"ENSG00000146426","TIAM2","ENSG00000146426","26230","-0.5558948487060156","2.285219161278222444","-3.048280801987460","0.012199956726553664101975","0.12415617028074918404","-2.87069622040500727"
"ENSG00000170577","SIX2","ENSG00000170577","10736","-1.9594107096120981","-1.576828355492271072","-3.046438056103766","0.012238501031677105970741","0.12421061479513269277","-2.71453870677323561"
"ENSG00000119715","ESRRB","ENSG00000119715","2103","-1.6067174464121210","-1.392808078229110125","-3.046198194472858","0.012243527273393580920291","0.12421061479513269277","-2.68887410450293851"
"ENSG00000076641","PAG1","ENSG00000076641","55824","0.5051809521832369","3.699184911187482161","3.045894980240409","0.012249884060329624055341","0.12421061479513269277","-3.15446662512284526"
"ENSG00000134369","NAV1","ENSG00000134369","89796","0.5878198475376122","5.387348934947163492","3.045457883161407","0.012259053569543281250742","0.12421318860427418840","-3.41454110732637250"
"ENSG00000116663","FBXO6","ENSG00000116663","26270","0.7053390325369219","0.723044108655635953","3.042406972964413","0.012323251027990986608551","0.12459182389112512246","-2.66405681502242420"
"ENSG00000108576","SLC6A4","ENSG00000108576","6532","1.4740374684169328","-1.056301876159563946","3.032859430072951","0.012526370233151198213539","0.12591442286310425280","-2.67073591640547425"
"ENSG00000176029","C11orf16","ENSG00000176029","56673","1.8261630081788671","-1.882167080994296748","3.029186866425639","0.012605406370220022596595","0.12643522069827600740","-2.76476423922709902"
"ENSG00000134668","SPOCD1","ENSG00000134668","90853","1.0891615978602123","-0.621945454445879897","3.027180057670757","0.012648808419099972708000","0.12677927978050418378","-2.65256675436845013"
"ENSG00000103355","PRSS33","ENSG00000103355","260429","-1.1925061941962736","-0.111889360150826470","-3.025783533361630","0.012679101259364184556278","0.12694713148481570619","-2.64745103398868054"
"ENSG00000172748","ZNF596","ENSG00000172748","169270","-1.1038431215324354","-0.619567533597074394","-3.020853973313250","0.012786622364698753059886","0.12765960568802886543","-2.66226837783482972"
"ENSG00000165548","TMEM63C","ENSG00000165548","57156","-0.5262144876203156","1.856582806418892284","-3.016799955771851","0.012875741013762412659482","0.12795205027135386766","-2.84827618968209961"
"ENSG00000182489","XKRX","ENSG00000182489","402415","0.7037759283651761","0.843906685337968754","3.016752676965577","0.012876784050780231208333","0.12795205027135386766","-2.71441939878088911"
"ENSG00000212123","PRR22","ENSG00000212123","163154","-0.8775608303912609","0.299270004850331783","-3.015970639428383","0.012894049365499007236968","0.12795205027135386766","-2.67318134874074698"
"ENSG00000104044","OCA2","ENSG00000104044","4948","1.2631871998241320","-1.197816670852030585","3.001167188447039","0.013225345036144933730249","0.13003211506250614282","-2.72042912827197059"
"ENSG00000168280","KIF5C","ENSG00000168280","3800","0.9157150383454900","-0.207489041882023134","3.000161339032292","0.013248166933175429746394","0.13012493309018080545","-2.68359325185376418"
"ENSG00000142515","KLK3","ENSG00000142515","354","0.7701223638089343","0.160300109889881637","2.999026658775000","0.013273959917891946583279","0.13012493309018080545","-2.69355599064708118"
"ENSG00000136235","GPNMB","ENSG00000136235","10457","-0.7762381231896152","1.310780434415081519","-2.998696020323188","0.013281485418765224745807","0.13012493309018080545","-2.79264464547995228"
"ENSG00000065717","TLE2","ENSG00000065717","7089","0.5419294228034397","1.907334744524293191","2.992661608587592","0.013419595504394424972938","0.13101738231760554076","-2.89885024619764220"
"ENSG00000130997","POLN","ENSG00000130997","353497","0.7967856254276472","0.344148154678073581","2.991931056752930","0.013436414382113853402401","0.13108972350953096431","-2.71269477254129088"
"ENSG00000166257","SCN3B","ENSG00000166257","55800","0.7690706567670407","0.858731145553017772","2.987072337336043","0.013548818422789796894756","0.13175671135052707816","-2.76104720221951627"
"ENSG00000042832","TG","ENSG00000042832","7038","1.1259497646232897","0.028584637782788969","2.986267886360903","0.013567520899925317873214","0.13181499384780998030","-2.70681364990967221"
"ENSG00000106333","PCOLCE","ENSG00000106333","5118","-0.7309765164173855","1.101247377909862157","-2.978272846389582","0.013754825999123533944446","0.13280127222438606327","-2.79843185939844874"
"ENSG00000151320","AKAP6","ENSG00000151320","9472","0.7179149400082910","1.143543213498777078","2.976930166182772","0.013786538264899639641414","0.13301527084943337575","-2.80953591943006264"
"ENSG00000135643","KCNMB4","ENSG00000135643","27345","0.5745993709044741","2.043743402130770548","2.974605860804512","0.013841610647972854911125","0.13336190840080069941","-2.95147380700736672"
"ENSG00000170454","KRT75","ENSG00000170454","9119","-0.7999715530774316","0.229137795713055786","-2.973155412917698","0.013876090794680013412732","0.13350945922063670035","-2.73339428111985017"
"ENSG00000168961","LGALS9","ENSG00000168961","3965","1.0271455866339390","0.484227548277320896","2.971484508226064","0.013915919684361382352433","0.13371434592386255424","-2.75057704298953309"
"ENSG00000140043","PTGR2","ENSG00000140043","145482","-0.5435408991239215","1.927903422662915256","-2.970488680942811","0.013939712077502181691857","0.13375958437059468076","-2.93472211221196355"
"ENSG00000168878","SFTPB","ENSG00000168878","6439","1.3885944694633889","-1.571366248902414720","2.969941502481309","0.013952802875101148055714","0.13378558131858855895","-2.79293240708659729"
"ENSG00000176532","PRR15","ENSG00000176532","222171","0.5240932664591276","1.967552050673636588","2.968216952056405","0.013994142976789001459048","0.13401255931720212899","-2.94915444108494329"
"ENSG00000100632","ERH","ENSG00000100632","2079","-0.5016984209504338","5.519206805802184590","-2.968151557735461","0.013995713020853367547502","0.13401255931720212899","-3.55681467958756148"
"ENSG00000182600","SNORC","ENSG00000182600","389084","-0.7231373090287575","0.934096696970479479","-2.965062559262459","0.014070080294391995590075","0.13435528352396799989","-2.80049094428952472"
"ENSG00000137203","TFAP2A","ENSG00000137203","7020","0.9829866406264860","0.089778526800053701","2.964152100213615","0.014092075862809591915714","0.13438110945972842059","-2.74120506584359136"
"ENSG00000272636","DOC2B","ENSG00000272636","8447","-1.3731672049579684","-1.045600166105978612","-2.963170287865268","0.014115834317287976121258","0.13451559761180306718","-2.76142572058535540"
"ENSG00000188883","KLRG2","ENSG00000188883","346689","-0.6722284323795813","2.031299061563441644","-2.961005221248100","0.014168369475284499359180","0.13478891221903552267","-2.96637765931330977"
"ENSG00000270885","RASL10B","ENSG00000270885","91608","-0.5611191374183884","5.039550378281229648","-2.960792583447809","0.014173539793345322351792","0.13478891221903552267","-3.51732574234085282"
"ENSG00000188818","ZDHHC11","ENSG00000188818","79844","0.8590415522889953","0.954787289395674699","2.955499892384713","0.014302850528395074855559","0.13532235875411149917","-2.81936569486994015"
"ENSG00000231989","PPP1R2B","ENSG00000231989","153743","-0.6789306895577595","1.109939412451262708","-2.952805609901468","0.014369135797202416821028","0.13581465395293357279","-2.84020170160462504"
"ENSG00000165507","DEPP1","ENSG00000165507","11067","0.8759414536582455","-0.222983060960970175","2.949864294745153","0.014441854166708220641446","0.13622472054880091497","-2.75471475254385245"
"ENSG00000134326","CMPK2","ENSG00000134326","129607","-0.9122414509968735","0.056620686995460114","-2.934075415191192","0.014838625520793112880225","0.13911960346950852374","-2.78295357791420894"
"ENSG00000139780","METTL21C","ENSG00000139780","196541","1.2651880862947098","-1.619075943142764373","2.931762457274143","0.014897669840172069605222","0.13940789303600378823","-2.84279763541018893"
"ENSG00000070601","FRMPD1","ENSG00000070601","22844","0.6296862142017428","1.355575617399688682","2.930461282803996","0.014930990230869564672211","0.13942262459549248366","-2.91189596518847127"
"ENSG00000179023","KLHDC7A","ENSG00000179023","127707","0.5029149599199561","3.625349985842439171","2.929291891389763","0.014961000303850465961708","0.13960928079922618750","-3.33712327370575412"
"ENSG00000197054","ZNF763","ENSG00000197054","284390","-0.8608541175821200","-0.215371886696008374","-2.926664266998052","0.015028655944713316394701","0.13971872997175735498","-2.78739338633609091"
"ENSG00000177494","ZBED2","ENSG00000177494","79413","-0.6334438209654962","2.021632180576213411","-2.926442383379346","0.015034383129136748291632","0.13971872997175735498","-3.02124760233236556"
"ENSG00000124343","XG","ENSG00000124343","7499","1.2063763332716513","-0.655304861457080001","2.922552220842514","0.015135154353854537306878","0.14029472419022051555","-2.79577775588605926"
"ENSG00000006210","CX3CL1","ENSG00000006210","6376","0.6748229187663251","0.538595009357065391","2.911000237425867","0.015438445258735918400039","0.14211597904908193635","-2.84812765054647565"
"ENSG00000139970","RTN1","ENSG00000139970","6252","0.9370898755579613","-0.076579199192167283","2.907750474963632","0.015524868914512265222205","0.14257908616808495639","-2.81755482980936200"
"ENSG00000136378","ADAMTS7","ENSG00000136378","11173","-0.8582594326622267","0.236535551027151153","-2.905398027844060","0.015587734656433578292467","0.14306213388236665995","-2.83305804960805041"
"ENSG00000010610","CD4","ENSG00000010610","920","-0.8848292755895397","-0.338274404154582709","-2.900242234887372","0.015726417575062250769902","0.14319354114879687123","-2.82350907378018245"
"ENSG00000213085","CFAP45","ENSG00000213085","25790","0.8025741900922343","0.011234815933328821","2.888054915796255","0.016059217332874006767263","0.14518949765191477286","-2.84926559396364087"
"ENSG00000262655","SPON1","ENSG00000262655","10418","-0.6402847880092899","1.817821764620687119","-2.884606080826350","0.016154680402826634283420","0.14567443842859589820","-3.05316354977368221"
"ENSG00000179083","FAM133A","ENSG00000179083","286499","-1.0771427418154200","-0.632168266059576656","-2.882740083382204","0.016206569623873075258746","0.14604723139550854216","-2.84964665673529005"
"ENSG00000138769","CDKL2","ENSG00000138769","8999","0.5148068332212410","1.825486208819528500","2.882366179220001","0.016216987293199234404506","0.14604723139550854216","-3.06369816982919296"
"ENSG00000125089","SH3TC1","ENSG00000125089","54436","0.6034987222385855","5.139281860658713619","2.881182038235464","0.016250024326584261435968","0.14619627130285262062","-3.66902229440534633"
"ENSG00000182463","TSHZ2","ENSG00000182463","128553","0.7380334385788809","3.068283474279035250","2.880356984357715","0.016273083154541363032353","0.14626877065101306918","-3.30539074556733281"
"ENSG00000139737","SLAIN1","ENSG00000139737","122060","-0.6235360595855146","1.565723119065353330","-2.867701504340415","0.016630950963561517280676","0.14882963965040107990","-3.04002594575666807"
"ENSG00000230778","ANKRD63","ENSG00000230778","100131244","-1.0809896715603786","-1.198516738123787118","-2.867616121199845","0.016633392191365791584756","0.14882963965040107990","-2.89125603802403930"
"ENSG00000162738","VANGL2","ENSG00000162738","57216","-0.6933970315870648","0.704512262788958510","-2.865643637641919","0.016689889151482374674007","0.14907927607425550121","-2.92976878577304412"
"ENSG00000198342","ZNF442","ENSG00000198342","79973","-0.6128486174298040","1.673192717671553753","-2.865170478076311","0.016703470424340571137689","0.14907927607425550121","-3.06142383617361657"
"ENSG00000268350","FAM156A","ENSG00000268350","29057","0.6075456868775355","1.535859306675347868","2.862294724650153","0.016786254443932741714507","0.14950075170062113172","-3.04738913143688439"
"ENSG00000119508","NR4A3","ENSG00000119508","8013","0.8498189103374153","1.110973024425724542","2.861440321842371","0.016810929732738798952907","0.14955930589815896736","-2.98445169341069017"
"ENSG00000162722","TRIM58","ENSG00000162722","25893","-0.5345678384431847","2.337187651101592767","-2.859510161808268","0.016866807869246377288297","0.14976951385235215408","-3.19180082064893611"
"ENSG00000162772","ATF3","ENSG00000162772","467","-0.5828353873489478","4.081740346328275315","-2.853908229266499","0.017030047191798902694870","0.15016621359249515688","-3.54680191806729050"
"ENSG00000116983","HPCAL4","ENSG00000116983","51440","-0.7663700690797817","1.677862610465196136","-2.849862574741994","0.017148926956631584811452","0.15102329352704882415","-3.08390140548197378"
"ENSG00000106689","LHX2","ENSG00000106689","9355","-1.0154900883998668","-0.852222448319920001","-2.848311684959349","0.017194720742860887530146","0.15122264639955043664","-2.90101468585205158"
"ENSG00000123388","HOXC11","ENSG00000123388","3227","-0.5239847436791036","1.731594517407027745","-2.845935509918156","0.017265122372270427092422","0.15147209375974282630","-3.10306243788997715"
"ENSG00000225614","ZNF469","ENSG00000225614","84627","0.9306094806772789","2.685066134161040452","2.843942607642155","0.017324392377943378940053","0.15184149699312571302","-3.28392126089589320"
"ENSG00000135077","HAVCR2","ENSG00000135077","84868","1.1186478593001552","0.282440096513253025","2.834981878587159","0.017593433919938727960641","0.15326758075154142680","-2.94000895729766754"
"ENSG00000152763","DNAI4","ENSG00000152763","79819","-0.5834387088679499","1.249791731129541672","-2.833955546791865","0.017624516564461258777419","0.15326758075154142680","-3.04630013035805502"
"ENSG00000134627","PIWIL4","ENSG00000134627","143689","-0.5030693334829159","2.424512480026705497","-2.833737684178443","0.017631121688913370393337","0.15326758075154142680","-3.25130698991810085"
"ENSG00000075043","KCNQ2","ENSG00000075043","3785","-0.6820038463763890","0.682450313602548597","-2.832189517108300","0.017678130661118313105007","0.15326758075154142680","-2.97873883467916656"
"ENSG00000111817","DSE","ENSG00000111817","29940","-0.5781958622286958","1.634825483079282771","-2.831509023883492","0.017698833275132511144712","0.15326758075154142680","-3.10926451318593777"
"ENSG00000248485","PCP4L1","ENSG00000248485","654790","1.3023892695662411","-1.085442194064251131","2.829670734251970","0.017754881664860926865357","0.15326758075154142680","-2.93406304576618204"
"ENSG00000173705","SUSD5","ENSG00000173705","26032","1.2747498826819965","-1.449167931747691762","2.829082150246111","0.017772865012522766348102","0.15326758075154142680","-2.95503644967090517"
"ENSG00000135472","FAIM2","ENSG00000135472","23017","0.5766564193447445","2.044098194703900528","2.819965801202341","0.018053756239477022210727","0.15459779977349810687","-3.20360306294949737"
"ENSG00000172915","NBEA","ENSG00000172915","26960","-0.6336714421642546","1.915330758314277793","-2.818498579149355","0.018099379806644309148789","0.15469972973384571446","-3.17699976077831270"
"ENSG00000127252","PLAAT1","ENSG00000127252","57110","-0.9316857868834115","-0.401885968336001598","-2.815138916682732","0.018204286841418802767034","0.15512056530559434342","-2.94190269797458148"
"ENSG00000101265","RASSF2","ENSG00000101265","9770","-0.6071455245220205","2.553887401516445887","-2.814141154767825","0.018235560143337395389018","0.15514275832579851877","-3.30767897352716433"
"ENSG00000004799","PDK4","ENSG00000004799","5166","-0.9037339666181093","0.323061960581449981","-2.811794765707559","0.018309317336322652319813","0.15514275832579851877","-2.97630539516017878"
"ENSG00000052802","MSMO1","ENSG00000052802","6307","0.5372066312322517","6.200797878681981956","2.811511291856904","0.018318248452909743212436","0.15514275832579851877","-3.86943364142538426"
"ENSG00000184990","SIVA1","ENSG00000184990","10572","-0.5199026516015035","6.228197898925896148","-2.804227413647928","0.018549243591265071606777","0.15643345140042674846","-3.87972394100423212"
"ENSG00000034053","APBA2","ENSG00000034053","321","0.8227974350837866","0.497560739529192109","2.801102090492230","0.018649253934402816590410","0.15699178599039279036","-3.00927643511440257"
"ENSG00000156127","BATF","ENSG00000156127","10538","-0.6621952783781955","1.814868658513459465","-2.800745634635502","0.018660694924203826555731","0.15699323773188869624","-3.18817678677341787"
"ENSG00000160999","SH2B2","ENSG00000160999","10603","-0.6450602170835740","1.451921708414024570","-2.798568482227473","0.018730727310120747625133","0.15711806304884168295","-3.13142666117362101"
"ENSG00000165182","CXorf58","ENSG00000165182","254158","-1.4572008981318580","-2.277500750798498785","-2.798047815190964","0.018747514715746666641438","0.15711806304884168295","-3.06683318825645790"
"ENSG00000163629","PTPN13","ENSG00000163629","5783","-0.8142208763451022","1.059461022325683288","-2.793235173426185","0.018903402447566608479690","0.15750169025547314239","-3.07987781584197196"
"ENSG00000197409","H3C4","ENSG00000197409","8351","-1.4497352990240349","-1.310507554875536496","-2.790484488683341","0.018993085314790839057686","0.15773770980880619241","-2.99770960094475614"
"ENSG00000163499","CRYBA2","ENSG00000163499","1412","-0.7130511994390858","0.614770322996827212","-2.782540399629173","0.019254501360481006411174","0.15887943194684514547","-3.04718599512628696"
"ENSG00000179292","TMEM151A","ENSG00000179292","256472","-1.0308276966864687","-0.173227910605408125","-2.781021495966596","0.019304894135185192427517","0.15894733011944561785","-2.99465325103626689"
"ENSG00000197653","DNAH10","ENSG00000197653","196385","0.8434802155205026","0.198841604453712212","2.778476778998709","0.019389617518359155562413","0.15932917036595081739","-3.01923375509681780"
"ENSG00000075643","MOCOS","ENSG00000075643","55034","-0.5329812351194410","2.089571130268550903","-2.778291549241767","0.019395799091347441789335","0.15932917036595081739","-3.27649391535662327"
"ENSG00000106565","TMEM176B","ENSG00000106565","28959","-0.8462958282305241","0.817753214536046991","-2.772548429059352","0.019588446451431575090485","0.16040795683763356405","-3.08193351320271924"
"ENSG00000284770","TBCE","ENSG00000284770","6905","0.7053234045712670","0.773396762192322229","2.768557395635466","0.019723452309062337178824","0.16107538627662335018","-3.08825343199972391"
"ENSG00000181016","LSMEM1","ENSG00000181016","286006","0.7807021677857768","1.550756603594377170","2.767591915017734","0.019756251999508932931660","0.16124434848105356766","-3.19933048935058650"
"ENSG00000009694","TENM1","ENSG00000009694","10178","-0.7492533238731984","0.051878613981740922","-2.758192481245091","0.020078448436291293499600","0.16279535422704197178","-3.03887940428551140"
"ENSG00000153165","RGPD3","ENSG00000153165","653489","0.6634304896208350","2.529707844277771400","2.757694006319602","0.020095681793232702400109","0.16279535422704197178","-3.40044285106030175"
"ENSG00000257743","MGAM2","ENSG00000257743","93432","0.9996288826490318","-0.322458598802998875","2.748316753337340","0.020422653136072114327115","0.16465764090958143195","-3.03743833540750297"
"ENSG00000172348","RCAN2","ENSG00000172348","10231","1.0344187069126385","-0.529894298373268957","2.747187092055481","0.020462401229755788900633","0.16478446506205832178","-3.03500690364879500"
"ENSG00000108984","MAP2K6","ENSG00000108984","5608","0.6992577593227913","0.642888910639598632","2.746861650130629","0.020473866567788039094733","0.16478446506205832178","-3.10661401960118200"
"ENSG00000149557","FEZ1","ENSG00000149557","9638","-0.5979587171181484","1.517752016869781562","-2.746069616704736","0.020501796874850555796321","0.16488609993887945460","-3.22634923440501531"
"ENSG00000185015","CA13","ENSG00000185015","377677","-1.1829188247210105","-0.683980144170782900","-2.744494270617162","0.020557463575976556158231","0.16498075031135100987","-3.03795463438552593"
"ENSG00000292277","ENSG00000292277.1","ENSG00000292277",NA,"-0.9679618976498996","-0.617243405341238560","-2.740556640115058","0.020697268028022013097722","0.16556670977689594282","-3.04331663871248947"
"ENSG00000163631","ALB","ENSG00000163631","213","1.7599366288263683","-2.305159119344661445","2.736628951256039","0.020837668940589641058958","0.16636699351306297179","-3.13937996517043461"
"ENSG00000130052","STARD8","ENSG00000130052","9754","0.7099748872894134","1.601984425812620572","2.726930452937128","0.021188457290339003658008","0.16820015477373267965","-3.27325171939019999"
"ENSG00000158887","MPZ","ENSG00000158887","4359","-1.0175620338362563","-1.163226214340818077","-2.725238114470103","0.021250271475790061259659","0.16821521715949269704","-3.07217495721846889"
"ENSG00000173391","OLR1","ENSG00000173391","4973","0.7792368837403355","1.034715483996754948","2.721418817928551","0.021390439233775319222142","0.16874408768162632577","-3.19334488196600930"
"ENSG00000105472","CLEC11A","ENSG00000105472","6320","-0.5992288475423704","2.042643587728103949","-2.719260488915459","0.021470058683540144822688","0.16899483479044141720","-3.36252649804651638"
"ENSG00000198947","DMD","ENSG00000198947","1756","1.0199459860329567","-1.211040032937971356","2.706820812859691","0.021934767074281446425088","0.17112126192551241344","-3.09670268629571765"
"ENSG00000110799","VWF","ENSG00000110799","7450","-0.5230854258570974","1.662682290979850208","-2.706768731256314","0.021936733692145073820745","0.17112126192551241344","-3.31467456292956042"
"ENSG00000107796","ACTA2","ENSG00000107796","59","-0.5214811801399966","2.206773544297341960","-2.705699782677323","0.021977136515762083629477","0.17124701197284791787","-3.41738225560294850"
"ENSG00000243566","UPK3B","ENSG00000243566","105375355","-0.6951826420082543","0.480083238935859413","-2.690814049640524","0.022547565145532105779225","0.17393835969410481601","-3.17218857856090697"
"ENSG00000173762","CD7","ENSG00000173762","924","1.4849608436561617","-1.607599666329612598","2.685231686724219","0.022765279614171757965879","0.17503635517916166231","-3.14364653503994385"
"ENSG00000231274","SBK3","ENSG00000231274","100130827","-0.5340515164188482","2.016782459178186215","-2.683047962226030","0.022851016222013912498889","0.17530856718342391343","-3.41703356402379343"
"ENSG00000150051","MKX","ENSG00000150051","283078","-1.0438772222297215","1.856623160028082031","-2.682675813797777","0.022865659518401158789569","0.17532436346195098831","-3.37533648608720505"
"ENSG00000167011","NAT16","ENSG00000167011","375607","-0.6219935595920244","1.275019529849769739","-2.680603934075569","0.022947355375344171551921","0.17575731450758383390","-3.29038566572560010"
"ENSG00000082497","SERTAD4","ENSG00000082497","56256","0.7925586049431206","1.524328000380642534","2.676238821229517","0.023120430641637185198434","0.17673638605126762435","-3.33943354122305713"
"ENSG00000115616","SLC9A2","ENSG00000115616","6549","-0.5896304239009025","2.298125540797365307","-2.675711508633109","0.023141426469148608513482","0.17673638605126762435","-3.48368047892575783"
"ENSG00000131400","NAPSA","ENSG00000131400","9476","-1.1516783569878251","-1.119615499955644022","-2.671960792587440","0.023291317778722276515824","0.17741642388909717454","-3.14035525961228679"
"ENSG00000205795","CYS1","ENSG00000205795","192668","0.5045339801622393","2.640564305901142550","2.671187477781344","0.023322342378508515575719","0.17755566886195664478","-3.56778695452168026"
"ENSG00000099998","GGT5","ENSG00000099998","2687","0.8920725596904906","0.528231456717999648","2.664073248396314","0.023609700322224029533924","0.17876649178762238357","-3.21827419659996439"
"ENSG00000258839","MC1R","ENSG00000258839","4157","0.5204995753006840","1.786474593168636993","2.660917842072930","0.023738282007005562235236","0.17954492123865445352","-3.41346478926312180"
"ENSG00000102539","MLNR","ENSG00000102539","2862","-1.3652963515727841","-1.298099293583439229","-2.658194254114513","0.023849828875009387862960","0.18003849276771863308","-3.16379339056753883"
"ENSG00000186417","GLDN","ENSG00000186417","342035","1.1079667620635116","-1.100274440150703859","2.657719434279215","0.023869328981037163384116","0.18003849276771863308","-3.15761910737196150"
"ENSG00000179111","HES7","ENSG00000179111","84667","-0.5906868136992292","2.040058418544865138","-2.657474209875008","0.023879406189612678579337","0.18003849276771863308","-3.46220941698881335"
"ENSG00000100218","RSPH14","ENSG00000100218","27156","-1.2185896271193808","-2.075501417418331496","-2.657433614032056","0.023881074837406261052175","0.18003849276771863308","-3.20918170105247924"
"ENSG00000119630","PGF","ENSG00000119630","5228","-0.7905349096683039","0.513509850253133449","-2.655759026898638","0.023950008354055862813681","0.18016820539346992125","-3.22721646340159962"
"ENSG00000166831","RBPMS2","ENSG00000166831","348093","-1.3891775580928494","-1.849165388881470085","-2.652467346567834","0.024086087628594519266523","0.18096923945807816270","-3.20019599820158396"
"ENSG00000137841","PLCB2","ENSG00000137841","5330","-1.0646426166471290","-0.167787967889766770","-2.649994497407195","0.024188823032318580025235","0.18147478863018978723","-3.18128686788106130"
"ENSG00000166432","ZMAT1","ENSG00000166432","84460","-1.4326100719007737","-1.912141095291400861","-2.644875424180611","0.024402887072974305260331","0.18235664917536589802","-3.21375059218921155"
"ENSG00000078487","ZCWPW1","ENSG00000078487","55063","-0.6779781859044518","1.216189896347735777","-2.643532610767340","0.024459351380361475658543","0.18235664917536589802","-3.33859067773041840"
"ENSG00000129988","LBP","ENSG00000129988","3929","1.3824862930876127","-2.361030625926750837","2.639610739989926","0.024625009656084148601529","0.18277870779358784681","-3.25247073603417070"
"ENSG00000179133","C10orf67","ENSG00000179133","256815","0.8078492524304811","-0.282978041103208844","2.639128555579439","0.024645453956954461310902","0.18283304820462703555","-3.19351033584236177"
"ENSG00000121653","MAPK8IP1","ENSG00000121653","9479","-0.5228944338750730","1.543650915578685279","-2.638738823356951","0.024661990703498830324047","0.18285835789310575517","-3.40210583456024152"
"ENSG00000126709","IFI6","ENSG00000126709","2537","0.5411702520137496","2.348555639423104857","2.634741025012361","0.024832261047446266971628","0.18363219793684787406","-3.56575120802933743"
"ENSG00000186765","FSCN2","ENSG00000186765","25794","0.6349814823400601","3.177508799533900419","2.631543112269339","0.024969305990116083537878","0.18435207793020522149","-3.74421975731264434"
"ENSG00000164342","TLR3","ENSG00000164342","7098","0.5585409720469969","2.679110479549389634","2.627198250718662","0.025156710407577505261845","0.18524486754670707600","-3.64765545878492281"
"ENSG00000168675","LDLRAD4","ENSG00000168675","753","0.7738793454783467","0.447255454427705590","2.623823766842320","0.025303225657839340662081","0.18573474176239077038","-3.27105024208521877"
"ENSG00000117586","TNFSF4","ENSG00000117586","7292","1.4742841205873309","-1.744607053440304867","2.618798577696888","0.025522987751339026168962","0.18660349638631765212","-3.23203970346129177"
"ENSG00000186007","LEMD1","ENSG00000186007","93273","0.7238966328498035","2.378418224211932941","2.617955012263605","0.025560064374743212550767","0.18660349638631765212","-3.59727120599996164"
"ENSG00000161180","CCDC116","ENSG00000161180","164592","1.2149329039584738","-0.653419689598389364","2.609426894128816","0.025937916727092214658201","0.18843351833675603402","-3.22197294827467173"
"ENSG00000162892","IL24","ENSG00000162892","11009","0.8853728625296736","0.266389949617767963","2.599072454843350","0.026404160538822690762473","0.19068627999047296773","-3.28913880675428683"
"ENSG00000213420","GPC2","ENSG00000213420","221914","-0.8057061316856066","0.285150579299321139","-2.595755362105471","0.026555278408577753096464","0.19119800454175983617","-3.29403935970494333"
"ENSG00000196155","PLEKHG4","ENSG00000196155","25894","-0.5005100607022830","2.747962282975861203","-2.593453884211201","0.026660632227826386309033","0.19143619291548494288","-3.71294090831074586"
"ENSG00000124657","OR2B6","ENSG00000124657","26212","-0.8823605783380043","-0.553161417553725498","-2.592784051183504","0.026691372841148839484271","0.19143619291548494288","-3.24719063312697243"
"ENSG00000128713","HOXD11","ENSG00000128713","3237","-0.8635235890859819","-0.179003653430343829","-2.592421576807423","0.026708022538939078793785","0.19143619291548494288","-3.26362500757512342"
"ENSG00000146477","SLC22A3","ENSG00000146477","6581","-1.6494003166915885","-1.238256093420827320","-2.590559563296060","0.026793713989956835508366","0.19162732202673440907","-3.24937020856254577"
"ENSG00000166401","SERPINB8","ENSG00000166401","5271","0.5774074013130237","3.318394125075263990","2.588016292615993","0.026911198847802266648221","0.19227016530645188452","-3.84628071640079616"
"ENSG00000080854","IGSF9B","ENSG00000080854","22997","0.5740344099865267","6.331417314766636828","2.584465442227493","0.027076084411966846315911","0.19294294890705004919","-4.25851528693430836"
"ENSG00000179532","DNHD1","ENSG00000179532","144132","0.5614493320663683","3.821853290226754130","2.582830537286803","0.027152338919631396896293","0.19302763392353941563","-3.95857482761587942"
"ENSG00000171360","KRT38","ENSG00000171360","8687","0.6295759828925707","2.233257250305344055","2.582460594607039","0.027169623178586049111471","0.19302763392353941563","-3.62625802640798733"
"ENSG00000143520","FLG2","ENSG00000143520","388698","1.0521473284526643","0.216712332160801463","2.580394227019464","0.027266367942769230425792","0.19332063011636688166","-3.31065330235668132"
"ENSG00000143387","CTSK","ENSG00000143387","1513","0.5112885481997471","1.576567267306852260","2.579193367906855","0.027322747689182323715951","0.19362183153900719423","-3.50603911511653621"
"ENSG00000182667","NTM","ENSG00000182667","50863","0.8949129692210358","1.954462781567635199","2.573827000285422","0.027576113002787425859674","0.19502051084001745251","-3.58018139843988381"
"ENSG00000080573","COL5A3","ENSG00000080573","50509","-2.4740499905856970","-2.287632954460006918","-2.569655168533740","0.027774689287788912467336","0.19600361384839970480","-3.31305287231706735"
"ENSG00000198576","ARC","ENSG00000198576","23237","-0.6326058794520830","1.507523816816935591","-2.561178257124188","0.028182563206222827761893","0.19728806927610423316","-3.51692368341246864"
"ENSG00000106105","GARS1","ENSG00000106105","2617","-0.5600389946304869","8.664472198395449354","-2.561089699373204","0.028186855431055746895597","0.19728806927610423316","-4.28550692107062670"
"ENSG00000168970","JMJD7-PLA2G4B","ENSG00000168970","8681","-0.8017637433667723","0.707675649743797153","-2.560919714640645","0.028195096081727401976513","0.19728806927610423316","-3.39188358259222333"
"ENSG00000087085","ACHE","ENSG00000087085","43","-1.2329426602817579","-1.132625809783324833","-2.559613773326982","0.028258486212345803462176","0.19754000497260498781","-3.28613441683799845"
"ENSG00000136542","GALNT5","ENSG00000136542","11227","-0.9163676921410679","-0.160162060222663161","-2.553406618295099","0.028561716705554397038869","0.19896091857089193145","-3.31994022133093214"
"ENSG00000174928","C3orf33","ENSG00000174928","285315","-0.7749761598992936","-0.328339784958160907","-2.549095915564269","0.028774196850676350689646","0.19988734345862413377","-3.31727007430065557"
"ENSG00000133055","MYBPH","ENSG00000133055","4608","1.0876383818319311","-1.322262662575252046","2.547638576862482","0.028846384528029837823748","0.20014334125722693658","-3.30345145013939412"
"ENSG00000196275","GTF2IRD2","ENSG00000196275","84163","-0.8879462372603460","-0.517548662928083547","-2.545728115696640","0.028941288870573303459999","0.20060200823125734493","-3.31315719372544448"
"ENSG00000144649","GASK1A","ENSG00000144649","729085","-0.9281524234731715","-0.744072333440182199","-2.543341635918954","0.029060274425846372575721","0.20090568605973077587","-3.30983128606056498"
"ENSG00000111245","MYL2","ENSG00000111245","4633","1.3337917270947046","-1.590553296616143308","2.542405778904734","0.029107066657463962627839","0.20105089373911150252","-3.31762015108017216"
"ENSG00000182379","NXPH4","ENSG00000182379","11247","-0.5786590926137700","2.789937771988222792","-2.537147811542150","0.029371351584862724626301","0.20207367814378698889","-3.81238289384796447"
"ENSG00000174428","GTF2IRD2B","ENSG00000174428","389524","-0.5463653115539699","1.492272829243864285","-2.535861506495428","0.029436366792398884623116","0.20212294832513616472","-3.55547958487716542"
"ENSG00000144802","NFKBIZ","ENSG00000144802","64332","-0.5473612993725541","1.654250257489247700","-2.532381188244247","0.029612991331639415548693","0.20272977751636103716","-3.59009933130937453"
"ENSG00000170390","DCLK2","ENSG00000170390","166614","0.8391125718766332","-0.227335553940996388","2.529390032673882","0.029765628613134160335152","0.20328173423440445977","-3.35179208268812534"
"ENSG00000159289","GOLGA6A","ENSG00000159289","342096","0.8960974337144015","-0.994229906872370450","2.522562989967986","0.030116930381700886265595","0.20467759711114963395","-3.33433263931709023"
"ENSG00000115956","PLEK","ENSG00000115956","5341","0.7372667149521603","1.426780379396745291","2.519054874404581","0.030299040157876030998629","0.20561033056400024321","-3.57207035602489142"
"ENSG00000172482","AGXT","ENSG00000172482","189","1.3668065349895959","-1.997539156974277752","2.518462736540257","0.030329885812307517262143","0.20562334264577536436","-3.36430320515212644"
"ENSG00000172935","MRGPRF","ENSG00000172935","116535","0.7134192585670754","0.410799344703308700","2.512198531926294","0.030658107555993047155241","0.20697104243992003880","-3.43367257965640915"
"ENSG00000153976","HS3ST3A1","ENSG00000153976","9955","-0.7752700116127333","0.090166994208759302","-2.510738683413180","0.030735101176813384160624","0.20717594827286131554","-3.40106121791429361"
"ENSG00000184908","CLCNKB","ENSG00000184908","1188","-1.0696078068707535","-1.134530293257798528","-2.510161532083497","0.030765593275046632104619","0.20726224764387049526","-3.34999781127068541"
"ENSG00000164683","HEY1","ENSG00000164683","23462","0.7792820708731083","0.176786119179018902","2.508399779314142","0.030858855256296491981205","0.20749303640478897193","-3.41434765093810011"
"ENSG00000196793","ZNF239","ENSG00000196793","8187","-0.5805935020305956","0.844640565041767988","-2.504632196120628","0.031059238020398560742308","0.20815201277095898846","-3.49931582354266713"
"ENSG00000114948","ADAM23","ENSG00000114948","8745","0.9479298884384567","-1.037279382496089974","2.503192536547572","0.031136146613169574104418","0.20815201277095898846","-3.35946502117573420"
"ENSG00000108813","DLX4","ENSG00000108813","1748","0.6242156232714779","1.397543155263397674","2.500774056109663","0.031265768609630366359209","0.20829735250902720045","-3.59706891792017958"
"ENSG00000171812","COL8A2","ENSG00000171812","1296","0.6178506372435899","0.703806301118052313","2.500177993256754","0.031297797208525587886463","0.20829735250902720045","-3.48926776913636472"
"ENSG00000184227","ACOT1","ENSG00000184227","641371","-0.5120284508422575","1.644678447858410886","-2.499878400963993","0.031313907606856782039895","0.20829735250902720045","-3.64066398362575194"
"ENSG00000123096","SSPN","ENSG00000123096","8082","-0.8719576518153376","-0.234555399053114622","-2.499721500839132","0.031322348084008896917929","0.20829735250902720045","-3.39160757229231091"
"ENSG00000163576","EFHB","ENSG00000163576","151651","-0.9886079579595946","-1.555474961153678448","-2.496359097701493","0.031503769961473720995215","0.20920425314740317968","-3.37322682581884292"
"ENSG00000179846","NKPD1","ENSG00000179846","284353","0.5449230364528075","0.774894498555455780","2.490582684345537","0.031817866116808896093104","0.21048742200350498144","-3.51432071983263938"
"ENSG00000106823","ECM2","ENSG00000106823","1842","0.9796671740830406","0.609151062053397419","2.481767298288648","0.032303171516133939722426","0.21236637634437258160","-3.50081154705247277"
"ENSG00000142273","CBLC","ENSG00000142273","23624","-0.9742116077388049","-0.513648098252818541","-2.478432386111145","0.032488661844826106916972","0.21300331144570225361","-3.40578472017281575"
"ENSG00000127152","BCL11B","ENSG00000127152","64919","-0.9388586688073364","-0.309572396825890606","-2.476383862604818","0.032603122319785363125710","0.21348562201583340392","-3.41957572881850025"
"ENSG00000163376","KBTBD8","ENSG00000163376","84541","-0.5702201417939246","2.372883481252898275","-2.476228221573199","0.032611834928806773814536","0.21348562201583340392","-3.82354952679580951"
"ENSG00000154027","AK5","ENSG00000154027","26289","-0.6194740566599946","0.740581943937467124","-2.471434395825314","0.032881314245283649322360","0.21421641465327517784","-3.53473892744730156"
"ENSG00000127329","PTPRB","ENSG00000127329","5787","2.1975879809114263","-2.672727659913809450","2.471164532665826","0.032896549338728708899993","0.21421641465327517784","-3.44051780858224454"
"ENSG00000092096","SLC22A17","ENSG00000092096","51310","-1.1423500188005404","-0.926067227863089037","-2.471026756998304","0.032904330129056046094771","0.21421641465327517784","-3.40268188521254578"
"ENSG00000212901","KRTAP3-1","ENSG00000212901","83896","-0.7685224690777598","0.035045182766247844","-2.467872497758477","0.033082961468429719631423","0.21496690825785064183","-3.45831598297129439"
"ENSG00000110446","SLC15A3","ENSG00000110446","51296","-0.9615387688777987","-0.916519930300195629","-2.467358037865977","0.033112186701216440865014","0.21496690825785064183","-3.40791128035103785"
"ENSG00000169435","RASSF6","ENSG00000169435","166824","1.1366257414820260","-1.025087644414584220","2.465789477206219","0.033201449885515182947060","0.21524550944857956392","-3.40850630034918689"
"ENSG00000248099","INSL3","ENSG00000248099","3640","-0.7499557409719239","-0.438529158538790986","-2.458613236571132","0.033612863831061517982945","0.21673484487175925794","-3.43777402821004152"
"ENSG00000204262","COL5A2","ENSG00000204262","1290","1.4006668270092049","-1.940310024650400811","2.456981459196552","0.033707111560097285929416","0.21673484487175925794","-3.43423695087251613"
"ENSG00000275395","FCGBP","ENSG00000275395","8857","-1.0014646133282978","-0.648318549723399529","-2.451875229000280","0.034003718768410684525350","0.21761130449310869817","-3.43629580221108055"
"ENSG00000100399","CHADL","ENSG00000100399","150356","0.6498857654811108","0.839636990723898191","2.446047598371426","0.034345367889251340876022","0.21847307102060145589","-3.59041325493961727"
"ENSG00000106070","GRB10","ENSG00000106070","2887","-0.9785650431937629","5.267296478893977785","-2.445270644472162","0.034391171636960635171754","0.21847307102060145589","-4.40603973391912085"
"ENSG00000173991","TCAP","ENSG00000173991","8557","0.7631259250512534","-0.437278975246942536","2.443848092057393","0.034475191031207247371881","0.21847307102060145589","-3.45942923401501812"
"ENSG00000166578","DRC10","ENSG00000166578","115811","0.5000155260520467","1.405954803129642938","2.442755735869660","0.034539845168771149408471","0.21854388102990465748","-3.69042377517288234"
"ENSG00000080618","CPB2","ENSG00000080618","1361","0.6203562974809318","0.675927407903344157","2.442491047879117","0.034555529393525345749349","0.21854388102990465748","-3.57242137961171480"
"ENSG00000183145","RIPPLY3","ENSG00000183145","53820","-0.7454905117481385","-0.016133098230470006","-2.441853277475906","0.034593349572114483192475","0.21858933108915803989","-3.49104304524470388"
"ENSG00000135678","CPM","ENSG00000135678","1368","0.6923536226717398","0.399284023815626776","2.432560742979514","0.035149038633976024958994","0.22029833467607909392","-3.55040631166767362"
"ENSG00000205572","SERF1B","ENSG00000205572","8293","0.7917307059005184","-0.519711660138174714","2.431801970131125","0.035194798208076270851219","0.22037479938648027455","-3.47149292432866607"
"ENSG00000167216","KATNAL2","ENSG00000167216","83473","-0.6846015454034684","0.626175006730660955","-2.431069619818395","0.035239019795646364663355","0.22055257133555486448","-3.57859985819588688"
"ENSG00000163623","NKX6-1","ENSG00000163623","4825","0.7393427205710332","-0.108167502758552303","2.429341039499969","0.035343613356658823421164","0.22070445717381473316","-3.50308974586226896"
"ENSG00000197471","SPN","ENSG00000197471","6693","-0.7712027305157989","-0.062811059084276519","-2.428999239870762","0.035364331162184521606395","0.22070445717381473316","-3.50537286571745144"
"ENSG00000132357","CARD6","ENSG00000132357","84674","0.5738757698562000","1.615197864065802236","2.427084944427754","0.035480584657220412547751","0.22107133517191179806","-3.75237544401645673"
"ENSG00000196335","STK31","ENSG00000196335","56164","-0.5647041711003223","1.250798631544481010","-2.423279530843721","0.035712799422940422200412","0.22212041556435471734","-3.68874359541638297"
"ENSG00000188672","RHCE","ENSG00000188672","6006","-0.8788535836670739","-1.104121290599639815","-2.418095362339984","0.036031550606046680584882","0.22373024562060431220","-3.46964719361101714"
"ENSG00000008394","MGST1","ENSG00000008394","4257","-0.8002755486613191","1.324544078942487602","-2.418026664343878","0.036035793222267874236220","0.22373024562060431220","-3.70593967014640402"
"ENSG00000205704","SMIM45","ENSG00000205704","339674","-0.7747175482753756","-0.417881987005061462","-2.415257513700464","0.036207217661891943905061","0.22419509176243493376","-3.49887823881600291"
"ENSG00000243927","MRPS6","ENSG00000243927","64968","0.6390098387535330","2.844455520269797422","2.408905374585124","0.036603474565912307026050","0.22574573158578586929","-4.03851350878736870"
"ENSG00000181104","F2R","ENSG00000181104","2149","-0.6042614564196613","0.910874658137618476","-2.407985952460902","0.036661180796314599139585","0.22595442481102209764","-3.65616205364688263"
"ENSG00000102409","BEX4","ENSG00000102409","56271","-0.6833169887843832","0.781334226142355259","-2.407243927796830","0.036707817952233316727284","0.22598909399492470018","-3.63609927853060277"
"ENSG00000175600","SUGCT","ENSG00000175600","79783","-0.5368095363173031","1.774809190503606082","-2.403085599459737","0.036970252047705383369181","0.22680297293202617004","-3.81778567125844415"
"ENSG00000133687","TMTC1","ENSG00000133687","83857","-0.9421152618963267","-0.790475268902558592","-2.402402046063500","0.037013567044442634290657","0.22696875707005934042","-3.49789642984276616"
"ENSG00000185686","PRAME","ENSG00000185686","23532","-0.7672663461155455","-0.113363554497240601","-2.401650666944751","0.037061237356489251659752","0.22716109056340003103","-3.54004215183053139"
"ENSG00000122756","CNTFR","ENSG00000122756","1271","-1.6864835567757652","-1.856554170812366067","-2.398785739544776","0.037243551684333700557694","0.22787754153102202093","-3.50250272514544747"
"ENSG00000141314","RHBDL3","ENSG00000141314","162494","-0.7606504490700675","0.691694316321633251","-2.395885642810780","0.037428998826974493874253","0.22861061449250708044","-3.63981652369151165"
"ENSG00000124249","KCNK15","ENSG00000124249","60598","-1.0973831844613111","-0.265762791495941786","-2.388521356684704","0.037903982389945058140146","0.23109597879871521253","-3.54376749216645592"
"ENSG00000186364","NUDT17","ENSG00000186364","200035","-0.5229224412476394","0.958964422915445147","-2.387767328578012","0.037952947630823442859427","0.23110160244433225474","-3.69544517407661077"
"ENSG00000223638","RFPL4A","ENSG00000223638","342931","-1.1305639440330444","-2.040954738728364415","-2.386615760665760","0.038027847897904344665054","0.23135544843388794467","-3.52044036429504992"
"ENSG00000171931","FBXW10","ENSG00000171931","10517","0.8763300055974867","-1.456381651764249385","2.378601122613693","0.038553157152767213167177","0.23332866440154334531","-3.51795148284169557"
"ENSG00000128714","HOXD13","ENSG00000128714","3239","-0.6800349899177350","1.111462543867697050","-2.377924062141656","0.038597857992689485473470","0.23349776706650018920","-3.73316726287372225"
"ENSG00000163884","KLF15","ENSG00000163884","28999","-0.6749685066291864","0.918867315752815550","-2.377544112708192","0.038622965188174457340509","0.23354824262224241349","-3.70174806415936564"
"ENSG00000164318","EGFLAM","ENSG00000164318","133584","0.5890748857185988","1.916133818610150863","2.372521662111336","0.038956355138332426912839","0.23487898271295737374","-3.89733807418166567"
"ENSG00000178150","ZNF114","ENSG00000178150","163071","-1.3413889660039142","-0.939858256682337689","-2.371387697808533","0.039032016051463121197873","0.23500174919143657082","-3.53266656830136627"
"ENSG00000069696","DRD4","ENSG00000069696","1815","0.9381243163444127","-0.958339360563360443","2.366482015256434","0.039360993388582787844143","0.23586123006010123460","-3.54077512666653638"
"ENSG00000261794","GOLGA8H","ENSG00000261794","728498","1.0776237369101871","-1.632366104832389864","2.364934373872447","0.039465340030697459994258","0.23614390190974371420","-3.53594244668749313"
"ENSG00000017427","IGF1","ENSG00000017427","3479","-0.9594899500995351","-1.679281614028182545","-2.361417836842663","0.039703441193283145471682","0.23705632392123412999","-3.54096043594753596"
"ENSG00000213123","DYNLT2B","ENSG00000213123","255758","-0.5711362516240683","1.056360728699575979","-2.360022295912925","0.039798320256469815747735","0.23725725195256203159","-3.75281216717233423"
"ENSG00000091137","SLC26A4","ENSG00000091137","5172","-0.7707581866870101","2.471427189727560592","-2.358125658634346","0.039927622538448961919677","0.23752300581037794069","-4.02763534503287346"
"ENSG00000125650","PSPN","ENSG00000125650","5623","0.6057002035993311","1.312999584140025933","2.354633063395720","0.040166802414906326024191","0.23833215129662477239","-3.80925816554762164"
"ENSG00000149571","KIRREL3","ENSG00000149571","84623","0.7060312467192837","-0.277216435965128516","2.353335601190675","0.040256011046818786225376","0.23875978965699418133","-3.59678725575081693"
"ENSG00000166924","NYAP1","ENSG00000166924","222950","-0.7011946441882313","-0.117024601558231689","-2.348555298391509","0.040586358419426094013005","0.24051431114395760424","-3.61550911512711659"
"ENSG00000186523","FAM86B1","ENSG00000186523","85002","-0.6685372422137834","-0.022791351599127357","-2.347593753698791","0.040653125704997156164566","0.24070520498173411661","-3.62582879626763432"
"ENSG00000175040","CHST2","ENSG00000175040","9435","-0.6572528783805126","1.204798296313359218","-2.345398736728084","0.040805944005456951106936","0.24132971139666761773","-3.79899249482541013"
"ENSG00000173809","TDRD12","ENSG00000173809","91646","-1.0412681061263409","-1.610912926828058866","-2.340709436105764","0.041134295146338623050397","0.24211364595639617292","-3.56556057802290871"
"ENSG00000063169","BICRA","ENSG00000063169","29998","0.6904103379773763","2.152785694391200710","2.336895484957488","0.041403251609630355167813","0.24291111050431510310","-4.00212794983769093"
"ENSG00000168779","SHOX2","ENSG00000168779","6474","-0.5999629110143322","1.020218261605972510","-2.335147336654849","0.041527101678568677234349","0.24349982347887996759","-3.78421957816845200"
"ENSG00000186891","TNFRSF18","ENSG00000186891","8784","0.5294484665667503","2.186228326595475391","2.333697907140486","0.041630062307726006798347","0.24359093997112082897","-4.01630207375494308"
"ENSG00000073670","ADAM11","ENSG00000073670","4185","-0.5027175301513754","1.167428332952575198","-2.332151975242790","0.041740152158045433494760","0.24372330254228372071","-3.81559585706099158"
"ENSG00000125538","IL1B","ENSG00000125538","3553","1.1629089475496630","1.051079419117936453","2.328200087284856","0.042022867306099602469072","0.24496342565212539388","-3.79497794279544820"
"ENSG00000103316","CRYM","ENSG00000103316","1428","-0.9636219857957429","-1.347772393055680418","-2.317042571098070","0.042831169840721890207380","0.24863494092539056846","-3.59557394748579107"
"ENSG00000145431","PDGFC","ENSG00000145431","56034","0.6822340334639285","-0.046727736733670443","2.313987106310358","0.043055148523790248704657","0.24951927172772286889","-3.67297556215761123"
"ENSG00000260001","TGFBR3L","ENSG00000260001","100507588","-0.7204068959543493","-0.231555978996544204","-2.313122938790193","0.043118702156559010618686","0.24962248623390315139","-3.65507871769397408"
"ENSG00000187720","THSD4","ENSG00000187720","79875","-0.5241906527557054","2.759871714760838923","-2.313045907668043","0.043124371698549442133430","0.24962248623390315139","-4.16980566993847290"
"ENSG00000100628","ASB2","ENSG00000100628","51676","-0.9143176697049717","-1.303772257692035419","-2.313014139796303","0.043126710046296645728603","0.24962248623390315139","-3.60132930452699718"
"ENSG00000186847","KRT14","ENSG00000186847","3861","1.0749723846254398","-1.237638868949150206","2.311600365493050","0.043230899147382581548804","0.24994189060844104744","-3.60449020437144174"
"ENSG00000142408","CACNG8","ENSG00000142408","59283","-0.6734393000705499","1.346506599943797511","-2.309514400247700","0.043385073056120132539704","0.25038974226092197695","-3.87850500542792975"
"ENSG00000170965","PLAC1","ENSG00000170965","10761","-0.9077832060319890","0.074589956392996301","-2.302506036863443","0.043906987362578982214689","0.25206375977978878744","-3.69751695193612528"
"ENSG00000163825","RTP3","ENSG00000163825","83597","0.6032239178896630","1.241618061681868612","2.302219910660827","0.043928424400324947440843","0.25206375977978878744","-3.87691021332796293"
"ENSG00000181449","SOX2","ENSG00000181449","6657","-1.5321052091577068","-1.516861691847716687","-2.290982260686734","0.044778456949323620917003","0.25546824824650971042","-3.62633145681731328"
"ENSG00000126337","KRT36","ENSG00000126337","8689","1.2074050261998504","0.550641417512465647","2.280914007043266","0.045553582419379824719474","0.25770468891767928099","-3.78786017678592613"
"ENSG00000139515","PDX1","ENSG00000139515","3651","0.7411044352239238","0.266556426590963957","2.280662480310511","0.045573112457000727881784","0.25770468891767928099","-3.75596882759901529"
"ENSG00000118307","DNAI7","ENSG00000118307","55259","-0.8674016294039663","-1.282052297557315645","-2.268188068741077","0.046551953164679589491914","0.26057123804351789431","-3.65844847844030063"
"ENSG00000104903","LYL1","ENSG00000104903","4066","-0.6648018740415604","1.297523675837263468","-2.266200086238900","0.046709816661788694514001","0.26076426020867637945","-3.93663664798892610"
"ENSG00000265190","ANXA8","ENSG00000265190","653145","0.5758254997686616","0.926001294901113936","2.265602407970996","0.046757378949356408204263","0.26076426020867637945","-3.87749286034782426"
"ENSG00000170442","KRT86","ENSG00000170442","3892","0.5932963935856792","2.572789055807729763","2.265311189470071","0.046780570650826677758793","0.26076426020867637945","-4.20943121996738245"
"ENSG00000095713","CRTAC1","ENSG00000095713","55118","-1.0727911341926299","-1.146368647495829673","-2.263846932739956","0.046897348293235684157931","0.26078893680689052559","-3.66693192687441671"
"ENSG00000172159","FRMD3","ENSG00000172159","257019","0.9083656716345041","-0.705459193263082374","2.263027786876472","0.046962800055384834596595","0.26078893680689052559","-3.68966335307330606"
"ENSG00000244355","LY6G6D","ENSG00000244355","58530","0.8552921181395133","-1.348647244916763244","2.262096664696791","0.047037306436001832810057","0.26078893680689052559","-3.66518419552867858"
"ENSG00000091592","NLRP1","ENSG00000091592","22861","0.6941289639570218","2.431176170153553695","2.260734060514820","0.047146545434030538712644","0.26117124094907095966","-4.18363304117819901"
"ENSG00000166183","ASPG","ENSG00000166183","374569","-0.6781465378339548","0.151004723212000452","-2.260170835518443","0.047191770497180741961163","0.26131786429519954229","-3.76901736579072821"
"ENSG00000178695","KCTD12","ENSG00000178695","115207","-0.6878207353633596","0.654107087913946228","-2.256687111032216","0.047472436533734084507241","0.26235356496085981970","-3.84201521373382260"
"ENSG00000135097","MSI1","ENSG00000135097","4440","-0.5112197668251993","0.806863925410143623","-2.256326405085516","0.047501588927852028687582","0.26235356496085981970","-3.86884077957670458"
"ENSG00000120471","TP53AIP1","ENSG00000120471","63970","0.6526637284431902","-0.266267427307057714","2.252180308793746","0.047837924619807375981040","0.26363843583985618890","-3.73884818392679463"
"ENSG00000149150","SLC43A1","ENSG00000149150","8501","-0.5597813261962274","4.824385942214985512","-2.247487925996606","0.048221355261456294583056","0.26433767490938975264","-4.68405622909543773"
"ENSG00000041353","RAB27B","ENSG00000041353","5874","0.7417467580017549","-0.350576970889876494","2.243406491936629","0.048557278753557822636999","0.26502734974628622266","-3.74295400495046460"
"ENSG00000135835","KIAA1614","ENSG00000135835","57710","0.6768930402991080","1.711420616242180337","2.237141202894426","0.049077350739594793882503","0.26663976633865615895","-4.06643428724595335"
"ENSG00000214309","MBLAC1","ENSG00000214309","255374","-0.6681925891479003","0.238344837918268521","-2.234015476219884","0.049338820903141733520414","0.26713501886950336006","-3.81744639671527963"
"ENSG00000186377","CYP4X1","ENSG00000186377","260293","1.1798015688889518","-1.749855811340894185","2.232960760559919","0.049427352174019528741056","0.26740712793030591010","-3.69630454003613984"
"ENSG00000121297","TSHZ3","ENSG00000121297","57616","-0.9956961350328057","-0.573604082567480300","-2.232655208532853","0.049453028408577355545805","0.26740712793030591010","-3.73677847002399233"
"ENSG00000260220","CCDC187","ENSG00000260220","399693","-0.7746488044630575","-0.595506363060705257","-2.229919243447705","0.049683512575854960058308","0.26806983797816574810","-3.74043435619756615"
"ENSG00000115008","IL1A","ENSG00000115008","3552","0.7956621032720128","0.998114563737206417","2.227194569934950","0.049914076131900818322773","0.26870282406091272609","-3.94484497484746122"
