"ID","Description","setSize","enrichmentScore","NES","pvalue","p.adjust","qvalue","rank","leading_edge","core_enrichment","log2err"
"HP_ABNORMAL_INTRAOCULAR_PRESSURE","HP_ABNORMAL_INTRAOCULAR_PRESSURE","26","0.7378070515512298","2.241801314835241","0.00000306180167401378037","0.00425360797562364477","0.00156999182881979640","2386","tags=65%, list=17%, signal=54%","PRSS56/ADAMTS17/COL8A2/COL2A1/ZEB1/PTPN22/FAS/GLIS3/FN1/ASPH/DSE/LOXL1/COL18A1/GNAQ/CHST14/OVOL2/LTBP2","0.6272567397185284"
"HP_APLASIA_HYPOPLASIA_OF_THE_VERTEBRAE","HP_APLASIA_HYPOPLASIA_OF_THE_VERTEBRAE","32","0.6573525204463470","2.065526206490462","0.00004680137325448625987","0.03250940389689752075","0.01199910729207441171","1872","tags=53%, list=14%, signal=46%","COL2A1/DDRGK1/TRPV4/SLC26A2/ACVR1/NOTCH2/GNS/SUMF1/VANGL1/FN1/POGZ/FLNB/SOX9/KIAA0586/GLB1/SLC35B2/PRKAR1A","0.5573322387586460"
"HP_PROTRUSIO_ACETABULI","HP_PROTRUSIO_ACETABULI","12","0.7973706271588632","2.028333309568796","0.00029252980564623259213","0.07359111886057237428","0.02716222462129116305","2545","tags=75%, list=18%, signal=61%","HSPG2/TGFB2/PLOD1/BMP4/COL1A1/TGFBR2/FKBP10/SMAD3/FBN1","0.4984931087665903"
"HP_LOWER_LIMB_UNDERGROWTH","HP_LOWER_LIMB_UNDERGROWTH","14","0.7659258600758048","2.011197072906411","0.00019531747029766794300","0.06029884346911892901","0.02225609225775461095","1074","tags=43%, list=8%, signal=40%","EXT1/COL2A1/SLC26A2/FN1/PAPSS2/ARL6IP6","0.5188480777437918"
"HP_OVERRIDING_AORTA","HP_OVERRIDING_AORTA","24","-0.6627841693403339","-2.006964228904016","0.00010900916447780076334","0.04659722515408760285","0.01719887285260880694","1697","tags=54%, list=12%, signal=48%","LIMK1/GTF2I/DNAJC30/VPS37D/BAZ1B/RFC2/NEK9/NDUFB11/HCCS/TGDS/TBL2/EIF4H/BUD23","0.5384340963099162"
"HP_PERSISTENCE_OF_HEMOGLOBIN_F","HP_PERSISTENCE_OF_HEMOGLOBIN_F","32","-0.5887935096664981","-1.971616383594389","0.00068179895492587714884","0.10825019407208855138","0.03995476807813221065","3040","tags=44%, list=22%, signal=34%","BCL11A/RPL5/RPS15A/RPS26/RPL18/RPL35A/RPL26/RPL35/RPS19/RPS17/RPS7/RPL8/SBDS/TSR2","0.4772708153628621"
"HP_ANNULAR_PANCREAS","HP_ANNULAR_PANCREAS","21","0.7034882215002326","1.970021309524674","0.00021773383524869712141","0.06333688864964541476","0.02337742410976023297","2511","tags=52%, list=18%, signal=43%","HSPG2/MYCN/STRA6/FANCD2/RERE/SETBP1/SIK3/UBE4B/LUZP1/SKI/FOXF1","0.5188480777437918"
"HP_ABNORMAL_CERVICAL_SPINE_MORPHOLOGY","HP_ABNORMAL_CERVICAL_SPINE_MORPHOLOGY","19","0.7078824558814099","1.969004326620478","0.00019226625031015369969","0.06029884346911892901","0.02225609225775461095","2671","tags=68%, list=19%, signal=55%","HSPG2/TRPV4/SLC26A2/FUCA1/POGZ/FLNB/SOX9/HTRA1/DSE/SLC35B2/CHST14/CHRND/CHRNG","0.5188480777437918"
"HP_ABNORMAL_ERYTHROCYTE_ADENOSINE_DEAMINASE_ACTIVITY","HP_ABNORMAL_ERYTHROCYTE_ADENOSINE_DEAMINASE_ACTIVITY","25","-0.6367987327674600","-1.968979485539448","0.00051848321397689916320","0.08730943091120087207","0.03222560562586743171","2969","tags=52%, list=21%, signal=41%","RPL5/RPS15A/RPS26/RPL18/RPL35A/RPL26/RPL35/ADA/RPS19/RPS17/RPS7/RPL8/TSR2","0.4772708153628621"
"HP_APLASIA_HYPOPLASIA_OF_THE_PUBIC_BONE","HP_APLASIA_HYPOPLASIA_OF_THE_PUBIC_BONE","19","0.7027699788663782","1.954783760368682","0.00023935120778163646634","0.06333688864964541476","0.02337742410976023297","1002","tags=32%, list=7%, signal=29%","HSPG2/COL2A1/WNT7A/FGFR2/SETBP1/INTU","0.5188480777437918"
"HP_ABNORMALITY_OF_THE_MITOCHONDRION","HP_ABNORMALITY_OF_THE_MITOCHONDRION","225","-0.4190895768399215","-1.953112797273323","0.00000001440780746314424","0.00008006418607269253","0.00002955141109279245","4184","tags=46%, list=30%, signal=33%","TMEM70/RRM1/NDUFC2/UQCC3/EARS2/COX4I1/SLC25A26/GGPS1/GTPBP3/ATP5F1D/COA8/ETFA/NDUFV2/MECR/ATP5F1E/TAFAZZIN/TRMT5/NDUFAF8/TARDBP/NDUFA10/FLAD1/SLC25A3/COQ4/UQCRH/NUBPL/NDUFS3/GLRX5/NDUFB9/BCS1L/NDUFS6/FOXRED1/MTO1/FUS/MT-CO2/NDUFV1/ISCA2/CAMKMT/MRPS22/DNM1L/HADH/LYRM4/KARS1/SDHB/PNPT1/CYC1/FXN/PTCD3/DGUOK/GATC/SCN4A/LRPPRC/LIG3/IBA57/COL7A1/MRPL12/SLC22A5/MTFMT/MRPS14/NDUFA11/NDUFA8/TRMU/C1QBP/PUS1/NARS2/MRPS25/GYG1/FH/NDUFAF4/TRIT1/MT-ND3/DNAJC30/TSFM/NADK2/ACAD9/COXFA4/TIMM50/PREPL/COX5A/DLD/SFXN4/AGK/MPV17/HADHA/GFM1/PIGA/DLAT/SDHD/TOP3A/SCO1/TFAM/AK2/MYH14/TWNK/OPA1/HSD17B10/NDUFB11/NDUFA9/ACAD8/NDUFAF2/AFG3L2/SUCLA2/CARS2/PEX5/PDHA1","0.7477396631498854"
"HP_NYSTAGMUS_INDUCED_HEAD_NODDING","HP_NYSTAGMUS_INDUCED_HEAD_NODDING","16","-0.6963867639334130","-1.949327356923911","0.00115924337948696107477","0.12388298961171236023","0.04572477824349577974","1697","tags=56%, list=12%, signal=49%","LIMK1/GTF2I/DNAJC30/VPS37D/BAZ1B/RFC2/TBL2/EIF4H/BUD23","0.4550598673872295"
"HP_OVERFRIENDLINESS","HP_OVERFRIENDLINESS","22","-0.6350167743221804","-1.930994776001117","0.00077338745516428684945","0.11884203962127881660","0.04386418123036610328","1697","tags=50%, list=12%, signal=44%","LIMK1/GTF2I/DNAJC30/VPS37D/BAZ1B/RFC2/PIGH/TBL2/EIF4H/BUD23/CHAMP1","0.4772708153628621"
"HP_BLISTERING_BY_ANATOMICAL_LOCATION","HP_BLISTERING_BY_ANATOMICAL_LOCATION","21","0.6890407723755504","1.929563229667700","0.00036974652920043402354","0.07450403408654703019","0.02749917843870901268","320","tags=33%, list=2%, signal=33%","KRT6A/LAMC2/KRT5/ITGB4/COL2A1/ITGA6/KRT14","0.4984931087665903"
"HP_SHORT_LOWER_LIMBS","HP_SHORT_LOWER_LIMBS","12","0.7523793700764879","1.913885570623713","0.00186595135449081519878","0.13939466000156897074","0.05145008153965821562","1074","tags=42%, list=8%, signal=38%","EXT1/COL2A1/SLC26A2/FN1/ARL6IP6","0.4550598673872295"
"HP_MICROVESICULAR_HEPATIC_STEATOSIS","HP_MICROVESICULAR_HEPATIC_STEATOSIS","22","-0.6269722413453307","-1.906532507000040","0.00100120297165252631483","0.12204889481599892620","0.04504782026827737484","3249","tags=68%, list=23%, signal=52%","BCS1L/LYRM4/VPS4A/DNAJC19/LRPPRC/SLC22A5/TRMU/ACAD9/MPV17/PIGA/SLC25A13/TFAM/YARS1/TOMM7/CARS2","0.4550598673872295"
"HP_ABNORMAL_LARYNX_MORPHOLOGY","HP_ABNORMAL_LARYNX_MORPHOLOGY","137","0.4548282728216223","1.903321095646926","0.00000595841957198735618","0.00662218751230674810","0.00244422625282240740","2019","tags=29%, list=15%, signal=25%","ROBO1/HSPG2/LAMC2/KCNMA1/KRT5/CILK1/DDRGK1/KRT14/SLC26A2/FGFR2/GLI3/SETBP1/PTPN22/IDH1/ASAH1/DYNC2H1/VPS13B/TBX3/INTU/SPTBN1/PRRX1/CREBBP/FRAS1/PPM1D/NFIX/FLNB/C2CD3/APC/SOX9/EP300/COMT/EDN1/ADARB1/CTSK/SATB2/RFX7/LAMA3/AFF4/LMNA/AHDC1","0.6105268783859310"
"HP_SHORT_GREATER_SCIATIC_NOTCH","HP_SHORT_GREATER_SCIATIC_NOTCH","5","0.9724055711568280","1.901896407741329","0.00000231988893817733727","0.00425360797562364477","0.00156999182881979640","341","tags=80%, list=2%, signal=78%","GPC4/COL2A1/TRPV4/SLC26A2","0.6272567397185284"
"HP_AVASCULAR_NECROSIS_OF_THE_CAPITAL_FEMORAL_EPIPHYSIS","HP_AVASCULAR_NECROSIS_OF_THE_CAPITAL_FEMORAL_EPIPHYSIS","26","0.6227302467721888","1.892144406950863","0.00079128225049258883381","0.11884203962127881660","0.04386418123036610328","1736","tags=46%, list=13%, signal=40%","EXT1/COL2A1/TRPV4/ATP7A/COL1A1/WNT5A/FN1/CREBBP/SIL1/EP300/TINF2/SRCAP","0.4772708153628621"
"HP_HIP_PAIN","HP_HIP_PAIN","12","0.7436150683742866","1.891591138809706","0.00228048714251258494504","0.13988144800228249909","0.05162975328841067774","382","tags=33%, list=3%, signal=32%","HYAL1/COL2A1/TRPV4/ACVR1","0.4317076958033464"
"HP_PURE_RED_CELL_APLASIA","HP_PURE_RED_CELL_APLASIA","26","-0.6028521272159705","-1.891187729330148","0.00146065331215045643258","0.13306312222328009476","0.04911313308725177157","2969","tags=46%, list=21%, signal=36%","RPL5/RPS15A/RPS26/RPL18/RPL35A/RPL26/RPL35/RPS19/RPS17/RPS7/RPL8/TSR2","0.4550598673872295"
"HP_MYOFIBRILLAR_MYOPATHY","HP_MYOFIBRILLAR_MYOPATHY","7","-0.8511749584464604","-1.876730695782441","0.00121702880638403462300","0.12760432220898265676","0.04709830909154683748","309","tags=43%, list=2%, signal=42%","DNAJB6/FHL1/FLNC","0.4550598673872295"
"HP_FRAGILE_SKIN","HP_FRAGILE_SKIN","31","0.5880425221581053","1.876090041370901","0.00141343254492713689061","0.13306312222328009476","0.04911313308725177157","2785","tags=48%, list=20%, signal=39%","LAMC2/KRT5/ITGB4/KRT14/PLOD1/ITGA3/COL1A1/JUP/CPOX/COL5A2/LAMA3/CHST14/DSP/PRKACA/PLEC","0.4550598673872295"
"HP_RHIZOMELIC_ARM_SHORTENING","HP_RHIZOMELIC_ARM_SHORTENING","9","0.8121662430914093","1.873449568583383","0.00112414402468349189368","0.12388298961171236023","0.04572477824349577974","1368","tags=44%, list=10%, signal=40%","COL2A1/SLC26A2/FGFR2/KIAA0586","0.4550598673872295"
"HP_CORNEAL_DYSTROPHY","HP_CORNEAL_DYSTROPHY","25","0.6228618114015931","1.872395681068243","0.00182767076328159503579","0.13939466000156897074","0.05145008153965821562","1978","tags=52%, list=14%, signal=45%","COL8A2/SLC4A11/TGFBI/TRIM37/ZNF469/ZEB1/GSN/TACSTD2/MAF/SLC25A4/TKFC/PIKFYVE/GNAQ","0.4550598673872295"
"HP_SKIN_EROSION","HP_SKIN_EROSION","24","0.6220150531425958","1.867184171917741","0.00103226526117544529539","0.12204889481599892620","0.04504782026827737484","2241","tags=46%, list=16%, signal=38%","LAMC2/KRT5/ITGB4/COL2A1/KRT14/ECM1/ARL6IP6/RIPK4/LAMA3/LMNA/DSP","0.4550598673872295"
"HP_ELFIN_FACIES","HP_ELFIN_FACIES","19","-0.6434536722934684","-1.866117430035169","0.00274170926122299521768","0.13988144800228249909","0.05162975328841067774","1755","tags=53%, list=13%, signal=46%","ITPR1/LIMK1/GTF2I/DNAJC30/VPS37D/BAZ1B/RFC2/TBL2/EIF4H/BUD23","0.4317076958033464"
"HP_SPINAL_CORD_COMPRESSION","HP_SPINAL_CORD_COMPRESSION","32","0.5920459232761961","1.860320500699497","0.00098218137946522328895","0.12204889481599892620","0.04504782026827737484","1657","tags=41%, list=12%, signal=36%","EXT1/MYCN/CCND1/COL2A1/TRPV4/GBA1/SLC26A2/CREBBP/MINPP1/NFIX/FLNB/EP300/KIF1B","0.4550598673872295"
"HP_ABNORMAL_CERVICAL_CURVATURE","HP_ABNORMAL_CERVICAL_CURVATURE","9","0.8047850392885281","1.856423112241762","0.00156069301393145336287","0.13671670997115889512","0.05046165954829800321","2671","tags=89%, list=19%, signal=72%","HSPG2/SLC26A2/FLNB/SOX9/DSE/CHST14/CHRND/CHRNG","0.4550598673872295"
"HP_ABNORMAL_THROMBOSIS","HP_ABNORMAL_THROMBOSIS","148","0.4386102267491323","1.855559006843994","0.00001662638057753620057","0.01539879947822811110","0.00568364303739300313","2399","tags=35%, list=17%, signal=29%","SAA1/TPM1/GJA5/CD46/SCN3B/PROS1/TGFB2/JPH2/SCN5A/F13A1/ACVR1/STAT3/BMPR2/EPAS1/TET2/DMD/DES/VCL/PTPN22/IDH1/SCN1B/FAS/ERAP1/KCNN4/CAP2/JAK2/CITED2/PML/LIPA/P4HA2/MAN2B2/KIF20A/PROC/MMACHC/PRSS2/IL10/OBSCN/KCNJ5/IL6ST/MYH9/NABP1/PRKAR1A/RBM20/GNAQ/LMNA/PGM1/ALG6/PIGM/DSP/IFNGR1/CTNNB1/TCAP","0.5756102610711286"
"HP_ABNORMALITY_OF_THE_LARYNX","HP_ABNORMALITY_OF_THE_LARYNX","192","0.4299424926553604","1.854529831796568","0.00000192901982601646696","0.00425360797562364477","0.00156999182881979640","2545","tags=31%, list=18%, signal=25%","ROBO1/HSPG2/LAMC2/KCNMA1/KRT5/CAT/PRNP/BTD/CILK1/DDRGK1/GBA1/KRT14/SLC26A2/FGFR2/GLI3/SETBP1/PTPN22/IDH1/ASAH1/DYNC2H1/VPS13B/TBX3/INTU/SPTBN1/PRRX1/CREBBP/FRAS1/PPM1D/NFIX/FLNB/C2CD3/APC/SOX9/EP300/TSPYL1/COMT/SQSTM1/TGFBR2/EDN1/ADARB1/CTSK/SATB2/RFX7/LAMA3/SOD1/PMS1/AFF4/LMNA/MLH1/AHDC1/FIG4/TREM2/OPTN/DCTN1/DYNC2LI1/KAT6A/SF3B4/PHIP/FBN1","0.6272567397185284"
"HP_SECOND_DEGREE_ATRIOVENTRICULAR_BLOCK","HP_SECOND_DEGREE_ATRIOVENTRICULAR_BLOCK","13","0.7271252112234656","1.851689936844892","0.00174863546852585885483","0.13939466000156897074","0.05145008153965821562","2018","tags=46%, list=15%, signal=39%","SCN5A/CALM2/CACNA1D/LAMP2/LMNA/CACNA1S","0.4550598673872295"
"HP_ANISOCORIA","HP_ANISOCORIA","13","0.7244608731175755","1.844904959535787","0.00183141016781445103295","0.13939466000156897074","0.05145008153965821562","1723","tags=46%, list=12%, signal=40%","TUBA1A/PMP22/TUBB2B/SH3TC2/TMEM67/LOXL1","0.4550598673872295"
"HP_NATAL_TOOTH","HP_NATAL_TOOTH","36","0.5632659161530263","1.844750609915826","0.00091954005376481480656","0.12204889481599892620","0.04504782026827737484","2241","tags=39%, list=16%, signal=33%","KRT6A/CILK1/FGFR2/GLI3/JUP/INTU/CREBBP/C2CD3/EP300/GTF2H5/KMT2D/LMNA/BCL11B/DSP","0.4772708153628621"
"HP_APLASIA_HYPOPLASIA_OF_THE_EPIGLOTTIS","HP_APLASIA_HYPOPLASIA_OF_THE_EPIGLOTTIS","12","0.7244665574927543","1.842881591295970","0.00441352013334386610033","0.15674046086151610657","0.05785235597832685123","2748","tags=75%, list=20%, signal=60%","CILK1/FGFR2/GLI3/SETBP1/PRRX1/C2CD3/DYNC2LI1/SF3B4/NEK1","0.4070179189239539"
"HP_SHORT_NAIL","HP_SHORT_NAIL","13","0.7218200187806610","1.838179785762608","0.00207973448592980092106","0.13939466000156897074","0.05145008153965821562","2009","tags=62%, list=15%, signal=53%","GPC4/NOTCH2/DPYD/FLNB/WNT10A/SOX9/NPR2/LMNA","0.4317076958033464"
"HP_ORAL_MUCOSAL_BLISTERS","HP_ORAL_MUCOSAL_BLISTERS","11","0.7580314962161144","1.835790121802191","0.00285521179234229189811","0.13988144800228249909","0.05162975328841067774","320","tags=45%, list=2%, signal=44%","LAMC2/KRT5/ITGB4/ITGA6/KRT14","0.4317076958033464"
"HP_BELL_SHAPED_THORAX","HP_BELL_SHAPED_THORAX","28","0.6012813969693881","1.835216632996188","0.00143291388430182584438","0.13306312222328009476","0.04911313308725177157","1368","tags=36%, list=10%, signal=32%","ANTXR1/COL2A1/DDRGK1/SLC26A2/CANT1/FGFR2/CSGALNACT1/COL1A1/FLNB/KIAA0586","0.4550598673872295"
"HP_ENTRAPMENT_NEUROPATHY","HP_ENTRAPMENT_NEUROPATHY","14","0.6985697391147647","1.834330824643470","0.00303287429336611706263","0.13988144800228249909","0.05162975328841067774","2910","tags=64%, list=21%, signal=51%","SAA1/CCND1/GSN/GNPTAB/SH3TC2/LMNA/B2M/FBN1/ADAMTSL2","0.4317076958033464"
"HP_FLARED_ILIAC_WING","HP_FLARED_ILIAC_WING","18","0.6533629322194893","1.826391636022187","0.00251412692258574368628","0.13988144800228249909","0.05162975328841067774","1480","tags=39%, list=11%, signal=35%","GPC4/TRPV4/GNPTAB/GNPTG/CREBBP/EP300/GLB1","0.4317076958033464"
"HP_DISORDERED_FORMAL_THOUGHT_PROCESS","HP_DISORDERED_FORMAL_THOUGHT_PROCESS","42","0.5336358656737823","1.825693153812568","0.00115634231650528626276","0.12388298961171236023","0.04572477824349577974","1506","tags=31%, list=11%, signal=28%","MYORG/PRNP/CLTC/NPC2/GRN/TMEM163/TBL1X/SPTBN1/PDGFB/SLC2A3/CIC/NOTCH3/SQSTM1","0.4550598673872295"
"HP_APLASIA_HYPOPLASIA_INVOLVING_THE_VERTEBRAL_COLUMN","HP_APLASIA_HYPOPLASIA_INVOLVING_THE_VERTEBRAL_COLUMN","64","0.5004896964180640","1.824159068222960","0.00038880996734026702184","0.07450403408654703019","0.02749917843870901268","2023","tags=39%, list=15%, signal=34%","COL2A1/DDRGK1/TRPV4/SLC26A2/FUCA1/ACVR1/WNT7A/CCL2/NOTCH2/GNS/SUMF1/LFNG/VANGL1/GNPTAB/FN1/POGZ/NFIX/FLNB/SOX9/KIAA0586/GLB1/NODAL/SLC35B2/PRKAR1A/EIF2AK3","0.4984931087665903"
"HP_OSTEOLYSIS","HP_OSTEOLYSIS","78","0.4801338566977956","1.823903406871808","0.00023686404646571499778","0.06333688864964541476","0.02337742410976023297","2175","tags=36%, list=16%, signal=30%","RUNX1/IFIH1/VDR/CCN2/CCND1/ATL3/CAV1/GBA1/MAN2B1/TET2/ATP7A/NOTCH2/NF1/IDH1/ASAH1/GNPTAB/PERP/ANTXR2/APC/MMP14/NOTCH3/SQSTM1/MAFB/CTSK/CDKN2B/LMNA/ZBTB20/BUB1","0.5188480777437918"
"HP_ABNORMAL_URINE_MAGNESIUM_CONCENTRATION","HP_ABNORMAL_URINE_MAGNESIUM_CONCENTRATION","5","0.9278868359820613","1.814823662564285","0.00018973397073378142456","0.06029884346911892901","0.02225609225775461095","360","tags=40%, list=3%, signal=39%","KCNJ10/ATP1A1","0.5188480777437918"
"HP_OLIGOSACCHARIDURIA","HP_OLIGOSACCHARIDURIA","11","0.7488699994777411","1.813602936576798","0.00384271243609639800640","0.14829134032908114493","0.05473381513660963843","1885","tags=73%, list=14%, signal=63%","FUCA1/MAN2B1/GAA/MANBA/GNPTAB/GLB1/NEU1/HEXB","0.4317076958033464"
"HP_ABNORMAL_SWEAT_HOMEOSTASIS","HP_ABNORMAL_SWEAT_HOMEOSTASIS","17","0.6662032941037476","1.811239763261674","0.00254905048507874862351","0.13988144800228249909","0.05162975328841067774","3095","tags=53%, list=22%, signal=41%","SLC26A9/SERPINA1/FCGR2A/FUCA1/KCNN4/HFE/SCNN1A/HMOX1/GCLC","0.4317076958033464"
"HP_BLISTERING_BY_HISTOLOGICAL_LOCATION","HP_BLISTERING_BY_HISTOLOGICAL_LOCATION","10","0.7887603136105782","1.810127690656184","0.00258496169872235361659","0.13988144800228249909","0.05162975328841067774","320","tags=50%, list=2%, signal=49%","LAMC2/KRT5/ITGB4/ITGA6/KRT14","0.4317076958033464"
"HP_LAMINA_LUCIDA_CLEAVAGE","HP_LAMINA_LUCIDA_CLEAVAGE","10","0.7887603136105782","1.810127690656184","0.00258496169872235361659","0.13988144800228249909","0.05162975328841067774","320","tags=50%, list=2%, signal=49%","LAMC2/KRT5/ITGB4/ITGA6/KRT14","0.4317076958033464"
"HP_JUVENILE_ASEPTIC_NECROSIS","HP_JUVENILE_ASEPTIC_NECROSIS","37","0.5505162029954854","1.807019414960063","0.00184889812844359199481","0.13939466000156897074","0.05145008153965821562","3108","tags=57%, list=22%, signal=44%","EXT1/COL2A1/TRPV4/ATP7A/ACTG1/DYRK1A/COL1A1/WNT5A/PHF6/FN1/CREBBP/SIL1/EP300/TINF2/SRCAP/SMAD3/ADAMTSL2/ORC1/FGFR1/UNC45A/TONSL","0.4550598673872295"
"HP_NON_MIDLINE_CLEFT_PALATE","HP_NON_MIDLINE_CLEFT_PALATE","23","0.6097345754817117","1.806385983222931","0.00367706467651547413630","0.14767967166895959452","0.05450805037318073171","852","tags=30%, list=6%, signal=29%","CDH11/MED12/CDH1/SLC26A2/DLG1/BMP4/MSX1","0.4317076958033464"
"HP_LARGE_HANDS","HP_LARGE_HANDS","31","-0.5543674765489482","-1.803865969990415","0.00141405576099448617583","0.13306312222328009476","0.04911313308725177157","2826","tags=58%, list=20%, signal=46%","SDHC/GNPNAT1/SDHB/APC2/PEX1/EED/PEX6/AGPAT2/PPP2R3C/PIGL/EZH2/ZFX/ARCN1/PHF8/ASNS/KDM5C/POR/RPS6KA3","0.4550598673872295"
"HP_NEPHROCALCINOSIS","HP_NEPHROCALCINOSIS","85","-0.4471339854454187","-1.803865569661050","0.00030458803919257957955","0.07359111886057237428","0.02716222462129116305","1954","tags=31%, list=14%, signal=26%","CLCN5/HPRT1/STX3/MLXIPL/LIMK1/CLCNKB/FAH/GTF2I/DNAJC30/VPS37D/OXGR1/SLC37A4/MPV17/BAZ1B/CLPB/ZFX/IFT56/RFC2/TBL2/EIF4H/BUD23/SBDS/MAGED2/SLC1A2/HNF4A/MEFV","0.4984931087665903"
"HP_SLURRED_SPEECH","HP_SLURRED_SPEECH","50","0.5100281365100645","1.800328756611528","0.00206460327983479415004","0.13939466000156897074","0.05145008153965821562","1774","tags=32%, list=13%, signal=28%","CA8/ATXN1/SLC1A3/SLC2A1/MYORG/PRNP/TRANK1/ANO10/CTSH/SYNJ1/VPS13C/PDGFB/TNFSF4/GLB1/KCND3/NEU1","0.4317076958033464"
"HP_ABNORMAL_FIBULA_MORPHOLOGY","HP_ABNORMAL_FIBULA_MORPHOLOGY","50","0.5099089859866334","1.799908171748963","0.00210392787886472037648","0.13939466000156897074","0.05145008153965821562","1968","tags=36%, list=14%, signal=31%","EXT1/VDR/CILK1/COL2A1/DDRGK1/CANT1/WNT7A/ATP7A/FGFR2/NOTCH2/GLI3/DYNC2H1/INTU/FLNB/SOX9/TAPT1/CPLANE1/AFF4","0.4317076958033464"
"HP_MYELOPATHY","HP_MYELOPATHY","15","0.6896640355313349","1.798719955914366","0.00345682267638448142977","0.14576474873028130719","0.05380125901305222308","1480","tags=40%, list=11%, signal=36%","EXT1/BTD/COL2A1/NF2/GNPTAB/GLB1","0.4317076958033464"
"HP_DUMBBELL_SHAPED_LONG_BONE","HP_DUMBBELL_SHAPED_LONG_BONE","7","0.8575047980235122","1.797231893233679","0.00094502820223606545137","0.12204889481599892620","0.04504782026827737484","341","tags=57%, list=2%, signal=56%","CCN2/COL2A1/TRPV4/SLC26A2","0.4772708153628621"
"HP_OCULAR_ALBINISM","HP_OCULAR_ALBINISM","25","0.5974039143625050","1.795866255772758","0.00417839116164734920150","0.15335804790307769330","0.05660391918375744236","3394","tags=56%, list=25%, signal=42%","HSPG2/RERE/EPG5/HPS4/BLOC1S6/UBE4B/LUZP1/SKI/DTNBP1/LYST/AP3B1/CASZ1/HPS5/BLOC1S5","0.4070179189239539"
"HP_HYPOPLASTIC_ILIA","HP_HYPOPLASTIC_ILIA","42","0.5242973731373159","1.793743985873435","0.00164752106297234271644","0.13939466000156897074","0.05145008153965821562","1739","tags=36%, list=13%, signal=31%","HSPG2/COL2A1/SLC26A2/MAN2B1/WNT7A/FN1/CCBE1/CREBBP/FLNB/RIPK4/SOX9/EP300/NKX3-2/TMEM67/CTSK","0.4550598673872295"
"HP_CLUMSINESS","HP_CLUMSINESS","78","0.4719547001967582","1.792832922673545","0.00038102999943601887625","0.07450403408654703019","0.02749917843870901268","1252","tags=24%, list=9%, signal=22%","AFF2/AASS/MYORG/CLN8/PRNP/GPRC5B/PMP22/SLC52A3/CLTC/TPP1/MAN2B1/PANK2/SPTAN1/ASAH1/ACOX1/GJB1/MICU1/PDGFB/SLC2A3","0.4984931087665903"
"HP_LARYNGOMALACIA","HP_LARYNGOMALACIA","77","0.4686173270232351","1.789468483416527","0.00062042901014735976455","0.10140364733496699812","0.03742773162002097781","2019","tags=30%, list=15%, signal=26%","HSPG2/KCNMA1/KRT5/KRT14/FGFR2/SETBP1/IDH1/VPS13B/TBX3/CREBBP/PPM1D/NFIX/APC/SOX9/EP300/COMT/ADARB1/CTSK/SATB2/RFX7/AFF4/LMNA/AHDC1","0.4772708153628621"
"HP_SPEECH_ARTICULATION_DIFFICULTIES","HP_SPEECH_ARTICULATION_DIFFICULTIES","26","0.5886017184191756","1.788446048993567","0.00270716377348009882425","0.13988144800228249909","0.05162975328841067774","3318","tags=50%, list=24%, signal=38%","CDH1/PLCB4/DLG1/NF1/BMP4/MSX1/SLC2A3/FOXP1/ARHGEF38/OCA2/IRF6/RIC1/HTT","0.4317076958033464"
"HP_EPIDERMAL_NEVUS","HP_EPIDERMAL_NEVUS","12","-0.6944713558553965","-1.785607234229602","0.00709714938250181719137","0.18429373419889064079","0.06802217281260483639","1360","tags=42%, list=10%, signal=38%","KRAS/XPA/NEK9/HRAS/SMO","0.4070179189239539"
"HP_MUCOPOLYSACCHARIDURIA","HP_MUCOPOLYSACCHARIDURIA","21","0.6373297914671346","1.784753791197280","0.00210709941337624542465","0.13939466000156897074","0.05145008153965821562","1480","tags=43%, list=11%, signal=38%","COL2A1/TRPV4/FUCA1/GNS/SUMF1/ARSK/GNPTAB/GNPTG/GLB1","0.4317076958033464"
"HP_JOINT_SUBLUXATION","HP_JOINT_SUBLUXATION","27","0.5831461189648667","1.784544767914217","0.00445654000649982773991","0.15674046086151610657","0.05785235597832685123","1480","tags=33%, list=11%, signal=30%","IFIH1/COL2A1/LTBP1/PLOD1/GLI3/COL1A1/GNPTAB/FLNB/GLB1","0.4070179189239539"
"HP_ALACRIMA","HP_ALACRIMA","13","0.7005175741897092","1.783931189137977","0.00369100451041523601806","0.14767967166895959452","0.05450805037318073171","638","tags=23%, list=5%, signal=22%","DST/FGFR2/SETBP1","0.4317076958033464"
"HP_ABNORMAL_AUTONOMIC_NERVOUS_SYSTEM_PHYSIOLOGY","HP_ABNORMAL_AUTONOMIC_NERVOUS_SYSTEM_PHYSIOLOGY","95","0.4601614150107989","1.779043525806291","0.00017540813237628880266","0.06029884346911892901","0.02225609225775461095","1726","tags=26%, list=12%, signal=23%","SAA1/LEPR/MYCN/WFS1/SLC1A3/SLC2A1/PRNP/SCN5A/CAV1/GBA1/CALM2/ATP7A/GSN/SYNJ1/GBE1/COL1A1/ACOX1/VPS13C/RHOBTB2/LMNB1/TSPYL1/COL5A2/ANK2/KIF1B/KCNJ5","0.5188480777437918"
"HP_APLASIA_HYPOPLASIA_OF_THE_BLADDER","HP_APLASIA_HYPOPLASIA_OF_THE_BLADDER","17","0.6542815664244457","1.778827574053606","0.00348708374471374572823","0.14576474873028130719","0.05380125901305222308","283","tags=29%, list=2%, signal=29%","ROBO1/LAMC2/ITGB4/MED12/ITGA6","0.4317076958033464"
"HP_SOCIAL_AND_OCCUPATIONAL_DETERIORATION","HP_SOCIAL_AND_OCCUPATIONAL_DETERIORATION","8","0.8010291238426338","1.777894247687848","0.00295924279192862592358","0.13988144800228249909","0.05162975328841067774","1492","tags=62%, list=11%, signal=56%","CHI3L1/CREBBP/APOL2/EP300/COMT","0.4317076958033464"
"HP_ABNORMAL_DERMOEPIDERMAL_JUNCTION_MORPHOLOGY","HP_ABNORMAL_DERMOEPIDERMAL_JUNCTION_MORPHOLOGY","12","0.6979238734815034","1.775362913943621","0.00837919183793784348724","0.19108044820448241707","0.07052712521874511531","884","tags=50%, list=6%, signal=47%","LAMC2/DST/ITGB4/ITGA6/KRT14/JUP","0.3807304007227924"
"HP_THROMBOEMBOLIC_STROKE","HP_THROMBOEMBOLIC_STROKE","52","0.4944334483028144","1.772435351142491","0.00170128974284375063079","0.13939466000156897074","0.05145008153965821562","2558","tags=33%, list=18%, signal=27%","TPM1/GJA5/SCN3B/JPH2/SCN5A/DMD/DES/VCL/SCN1B/CAP2/MAN2B2/KCNJ5/RBM20/LMNA/DSP/TCAP/CRYAB","0.4550598673872295"
"HP_NEVUS_FLAMMEUS_OF_THE_FOREHEAD","HP_NEVUS_FLAMMEUS_OF_THE_FOREHEAD","7","-0.8032005622805309","-1.770953357054623","0.00647123332491531585292","0.17832144978937894408","0.06581782352229523236","943","tags=43%, list=7%, signal=40%","LBR/CDK10/CDK13","0.4070179189239539"
"HP_BILATERAL_RENAL_AGENESIS","HP_BILATERAL_RENAL_AGENESIS","8","0.7972750461701420","1.769562024925111","0.00344237754285844172950","0.14576474873028130719","0.05380125901305222308","581","tags=38%, list=4%, signal=36%","ROBO1/FGF20/GLI3","0.4317076958033464"
"HP_CERVICAL_KYPHOSIS","HP_CERVICAL_KYPHOSIS","7","0.8440589407199128","1.769050915548659","0.00144160859650310150919","0.13306312222328009476","0.04911313308725177157","2121","tags=86%, list=15%, signal=73%","HSPG2/SLC26A2/FLNB/SOX9/DSE/CHST14","0.4550598673872295"
"HP_UNILATERAL_CLEFT_PALATE","HP_UNILATERAL_CLEFT_PALATE","18","0.6325670257360183","1.768259367122439","0.00495496904965349923428","0.16277631888859239728","0.06008017006856088138","852","tags=33%, list=6%, signal=31%","CDH11/MED12/CDH1/DLG1/BMP4/MSX1","0.4070179189239539"
"HP_NEUTROPHILIC_INFILTRATION_OF_THE_SKIN","HP_NEUTROPHILIC_INFILTRATION_OF_THE_SKIN","6","-0.8431117102733212","-1.766234856994514","0.00296107373158932193902","0.13988144800228249909","0.05162975328841067774","463","tags=50%, list=3%, signal=48%","UBA1/POMP/MEFV","0.4317076958033464"
"HP_ABNORMAL_PUBIC_BONE_MORPHOLOGY","HP_ABNORMAL_PUBIC_BONE_MORPHOLOGY","38","0.5274607878481622","1.760479588440613","0.00396732563593247145733","0.14997570448215472028","0.05535550805524179496","1466","tags=32%, list=11%, signal=28%","HSPG2/CCN2/COL2A1/CAV1/WNT7A/ATP7A/FGFR2/SETBP1/INTU/FRAS1/SIK3/NKX3-2","0.4070179189239539"
"HP_ABNORMAL_ACTIVITY_OF_MITOCHONDRIAL_RESPIRATORY_CHAIN","HP_ABNORMAL_ACTIVITY_OF_MITOCHONDRIAL_RESPIRATORY_CHAIN","145","-0.4014764161647238","-1.759091223453109","0.00007969968203560024865","0.03869855689877822053","0.01428350202143203670","4184","tags=46%, list=30%, signal=33%","TMEM70/NDUFC2/UQCC3/EARS2/COX4I1/SLC25A26/GTPBP3/ATP5F1D/COA8/NDUFV2/MECR/ATP5F1E/TRMT5/NDUFAF8/NDUFA10/FLAD1/COQ4/UQCRH/NUBPL/NDUFS3/NDUFB9/BCS1L/NDUFS6/FOXRED1/MTO1/NDUFV1/ISCA2/MRPS22/KARS1/SDHB/CYC1/PTCD3/DGUOK/GATC/SCN4A/LRPPRC/IBA57/MRPL12/MTFMT/MRPS14/NDUFA11/NDUFA8/TRMU/C1QBP/PUS1/NARS2/MRPS25/NDUFAF4/TRIT1/MT-ND3/TSFM/ACAD9/COXFA4/TIMM50/COX5A/SFXN4/AGK/MPV17/GFM1/SDHD/OPA1/NDUFB11/NDUFA9/NDUFAF2/AFG3L2/SUCLA2/CARS2","0.5384340963099162"
"HP_HYPOPLASIA_OF_THE_ZYGOMATIC_BONE","HP_HYPOPLASIA_OF_THE_ZYGOMATIC_BONE","37","-0.5250409728285798","-1.755726337976483","0.00251584621162214729095","0.13988144800228249909","0.05162975328841067774","1794","tags=43%, list=13%, signal=38%","POLR1B/OFD1/LIMK1/POLR1C/GTF2I/NECTIN1/TWIST2/DNAJC30/VPS37D/KRAS/BAZ1B/RFC2/TBL2/EIF4H/BUD23/POLR1D","0.4317076958033464"
"HP_LUMBAR_SCOLIOSIS","HP_LUMBAR_SCOLIOSIS","16","0.6495910127053134","1.753674040260348","0.00564215461997083847501","0.17225541115015219340","0.06357886987365890530","1798","tags=56%, list=13%, signal=49%","HYAL1/COL2A1/IDH1/ATG7/GNPTAB/PAPSS2/ASH1L/ALMS1/SLC35B2","0.4070179189239539"
"HP_ABNORMAL_EPIGLOTTIS_MORPHOLOGY","HP_ABNORMAL_EPIGLOTTIS_MORPHOLOGY","21","0.6258576407441527","1.752627622343797","0.00303711760224253685819","0.13988144800228249909","0.05162975328841067774","1229","tags=48%, list=9%, signal=43%","KRT5/CILK1/KRT14/FGFR2/GLI3/SETBP1/ASAH1/DYNC2H1/PRRX1/C2CD3","0.4317076958033464"
"HP_ATROPHIC_GASTRITIS","HP_ATROPHIC_GASTRITIS","6","0.8643746323876587","1.752369420004578","0.00247206903726367730259","0.13988144800228249909","0.05162975328841067774","912","tags=67%, list=7%, signal=62%","IFIH1/CDH1/LRBA/DEF6","0.4317076958033464"
"HP_APLASIA_CUTIS_CONGENITA_ON_TRUNK_OR_LIMBS","HP_APLASIA_CUTIS_CONGENITA_ON_TRUNK_OR_LIMBS","6","0.8642749454685721","1.752167322092357","0.00251292875987889179068","0.13988144800228249909","0.05162975328841067774","320","tags=67%, list=2%, signal=65%","KRT5/ITGB4/ITGA6/KRT14","0.4317076958033464"
"HP_LOW_BACK_PAIN","HP_LOW_BACK_PAIN","14","-0.6553314626251241","-1.751464188192342","0.00763261459831212230737","0.18602824264394940412","0.06866237381405276841","2403","tags=43%, list=17%, signal=35%","ALDH18A1/STAT6/MNX1/BNC2/NAB2/MEFV","0.4070179189239539"
"HP_APLASIA_OF_THE_OLFACTORY_BULB","HP_APLASIA_OF_THE_OLFACTORY_BULB","10","0.7631265220196283","1.751300648810115","0.00475208981821744619323","0.16038176097211354065","0.05919634711542275801","1368","tags=50%, list=10%, signal=45%","TUBA1A/CILK1/SEMA3A/TUBB2B/KIAA0586","0.4070179189239539"
"HP_OSTEOSARCOMA","HP_OSTEOSARCOMA","35","-0.5116819094288817","-1.743853650209771","0.00476210015483151567761","0.16038176097211354065","0.05919634711542275801","2969","tags=43%, list=21%, signal=34%","RPL5/RPS15A/RPS26/RPL18/RPL35A/RPL26/RPL35/ANAPC1/RPS19/RB1/CDKN2A/RPS17/RPS7/RPL8/TSR2","0.4070179189239539"
"HP_ABNORMAL_CARDIAC_VENTRICULAR_FUNCTION","HP_ABNORMAL_CARDIAC_VENTRICULAR_FUNCTION","137","0.4166732912105873","1.743653841556095","0.00014248316530784076433","0.05655563925826222887","0.02087448867361443167","2575","tags=31%, list=19%, signal=26%","SAA1/TPM1/GJA5/CCND1/DYSF/LDLR/TGFB2/JPH2/SCN5A/BMPR2/TET2/DMD/SLC6A6/LTBP1/DES/VCL/GAA/GNPTAB/WNT5A/CAP2/LAMP2/CITED2/FOCAD/MYL3/SLC25A4/ENPP1/KIF20A/HMGCR/TGFBR2/KCNJ5/PCSK9/SELENON/RBM20/LMNA/B2M/SMAD3/FHOD3/TGFB3/DSP/TCAP/FBN1/CRYAB/LAMA2","0.5188480777437918"
"HP_2_3_TOE_CUTANEOUS_SYNDACTYLY","HP_2_3_TOE_CUTANEOUS_SYNDACTYLY","16","-0.6228655671102439","-1.743526661529168","0.00941778914558140042845","0.20002319944611363089","0.07382786342898664533","2755","tags=50%, list=20%, signal=40%","DEAF1/SC5D/TRRAP/BCOR/IQCE/ZRSR2/EBF3/ATP9A","0.3807304007227924"
"HP_ATROPHIC_SCARS","HP_ATROPHIC_SCARS","31","0.5462471869429320","1.742746262276193","0.00523477979480040274407","0.16394374466690184167","0.06051106284081517878","2208","tags=42%, list=16%, signal=35%","LAMC2/KRT5/DST/ITGB4/KRT14/PLOD1/COL1A1/COL5A2/DSE/LAMA3/CHST14/SMAD3/COL6A3","0.4070179189239539"
"HP_ABNORMAL_ANTERIOR_CHAMBER_MORPHOLOGY","HP_ABNORMAL_ANTERIOR_CHAMBER_MORPHOLOGY","44","0.5055501628989101","1.742681053283177","0.00241326682574448522431","0.13988144800228249909","0.05162975328841067774","2545","tags=43%, list=18%, signal=35%","ADAMTS17/ANTXR1/COL8A2/ZEB1/PTPN22/FAS/MITF/PGAP3/ASPH/FOXC1/LOXL1/SRCAP/COL18A1/CHST14/OVOL2/PIGO/LTBP2/PIGV/FBN1","0.4317076958033464"
"HP_BILIARY_CIRRHOSIS","HP_BILIARY_CIRRHOSIS","15","-0.6432660308291520","-1.741310166037841","0.00749679656269624204723","0.18513974558391166347","0.06833443265629125796","1019","tags=47%, list=7%, signal=43%","ABCB4/PSKH1/LBR/IFT56/IRF5/WDR35/TNFSF15","0.4070179189239539"
"HP_ABNORMALITY_OF_SKULL_OSSIFICATION","HP_ABNORMALITY_OF_SKULL_OSSIFICATION","46","0.5066255544024844","1.741195607839524","0.00526266642308135645240","0.16394374466690184167","0.06051106284081517878","3374","tags=43%, list=24%, signal=33%","ANTXR1/COL2A1/SLC25A24/WNT7A/FGFR2/NOTCH2/COL1A1/INTU/OSTM1/TAPT1/LMNA/FIG4/NAGLU/TXNDC15/TBCE/FAM111A/HGSNAT/RBL2/SERPINH1/EXT2","0.4070179189239539"
"HP_BLEPHAROCHALASIS","HP_BLEPHAROCHALASIS","6","0.8584664587299549","1.740391624199491","0.00304410627145550042108","0.13988144800228249909","0.05162975328841067774","1408","tags=67%, list=10%, signal=60%","CDH11/GSN/COL1A1/COL5A2","0.4317076958033464"
"HP_ABNORMAL_ERYTHROCYTE_ENZYME_CONCENTRATION_OR_ACTIVITY","HP_ABNORMAL_ERYTHROCYTE_ENZYME_CONCENTRATION_OR_ACTIVITY","46","-0.4911374772683474","-1.734576229424795","0.00291706626636400317976","0.13988144800228249909","0.05162975328841067774","2969","tags=37%, list=21%, signal=29%","RPL5/RPS15A/RPS26/AK1/RPL18/RPL35A/RPL26/RPL35/ADA/RPS19/PHKA2/RPS17/PIGA/RPS7/RPL8/HMBS/TSR2","0.4317076958033464"
"HP_PETECHIAE","HP_PETECHIAE","49","0.4988913762523973","1.732562726785132","0.00209457937101206834868","0.13939466000156897074","0.05145008153965821562","1872","tags=33%, list=14%, signal=28%","RUNX1/CD109/SAMD9/PTPRJ/GBA1/FUCA1/STAT3/TET2/CASP10/JAK2/PRF1/PML/DCLRE1B/NEU1/NABP1/PRKAR1A","0.4317076958033464"
"HP_LACTIC_ACIDOSIS","HP_LACTIC_ACIDOSIS","184","-0.3840864969611199","-1.732354202636949","0.00003938722576286089429","0.03126783050917399803","0.01154084689648159773","4184","tags=47%, list=30%, signal=33%","TMEM70/LARS1/UQCC3/EARS2/SLC25A26/GTPBP3/ATP5F1D/COA8/PLPBP/NDUFV2/ATP5F1E/DAP3/TAFAZZIN/TRMT5/NDUFAF8/NDUFA10/COX15/TUFM/SLC25A3/NUBPL/NDUFS3/TANGO2/NDUFB9/BCS1L/NDUFS6/FOXRED1/MTO1/COX8A/MT-CO2/NDUFV1/CAMKMT/MRPS22/DNM1L/HADH/LYRM4/LIPT2/MLYCD/SURF1/PYGL/CYC1/DGUOK/GATC/LRPPRC/LIG3/IBA57/COX10/MRPS34/MRPS14/NDUFA11/SLC25A19/NDUFA8/TRMU/C1QBP/PUS1/FH/OGDH/NDUFAF4/PMPCA/MT-ND3/TSFM/PCK2/NADK2/ACAD9/COXFA4/PREPL/PHKA2/DLD/SLC37A4/SFXN4/AGK/MPV17/HADHA/LONP1/GFM1/DLAT/SDHD/SLC25A13/HSD17B10/NDUFB11/PCCA/NDUFAF2/MARS1/MIPEP/SUCLA2/RYR1/PDHA1","0.5573322387586460"
"HP_ABNORMAL_CORNEAL_ENDOTHELIUM_MORPHOLOGY","HP_ABNORMAL_CORNEAL_ENDOTHELIUM_MORPHOLOGY","15","0.6641538742357895","1.732186638477361","0.00746560545088848035583","0.18513974558391166347","0.06833443265629125796","2386","tags=53%, list=17%, signal=44%","COL8A2/SLC4A11/ZEB1/PTPN22/FAS/FOXC1/OVOL2/LTBP2","0.4070179189239539"
"HP_ABNORMAL_FEAR_INDUCED_BEHAVIOR","HP_ABNORMAL_FEAR_INDUCED_BEHAVIOR","8","0.7803309896818771","1.731954477750706","0.00591157481367983808629","0.17757092561956142052","0.06554080767581903222","2570","tags=75%, list=19%, signal=61%","GM2A/CREBBP/EP300/ALAD/FIG4/MECP2","0.4070179189239539"
"HP_ABNORMAL_CSF_LACTATE_CONCENTRATION","HP_ABNORMAL_CSF_LACTATE_CONCENTRATION","107","-0.4082408418053209","-1.731946733376596","0.00041904735637300936446","0.07609088227282019556","0.02808487855501113489","3352","tags=37%, list=24%, signal=29%","NUBPL/NDUFS3/GLRX5/NDUFB9/NDUFS6/FOXRED1/COX8A/MT-CO2/NDUFV1/DNM1L/LYRM4/PNPT1/SURF1/LRPPRC/IBA57/COX10/MRPS34/MTFMT/NDUFA11/SLC25A19/NDUFA8/NARS2/NDUFAF4/SLC31A1/MT-ND3/NADK2/COXFA4/TIMM50/MPV17/LONP1/GFM1/CLPB/OPA1/HSD17B10/NDUFB11/NDUFAF2/MDH2/HMBS/SUCLA2/PDHA1","0.4984931087665903"
"HP_OSTEOCHONDROMA","HP_OSTEOCHONDROMA","8","0.7799094431505393","1.731018849905363","0.00607027245719477838437","0.17829445416021405535","0.06580785952997492139","581","tags=50%, list=4%, signal=48%","EXT1/COL2A1/ACVR1/GLI3","0.4070179189239539"
"HP_EEG_WITH_FOCAL_SHARP_WAVES","HP_EEG_WITH_FOCAL_SHARP_WAVES","7","-0.7840514003478463","-1.728731931669682","0.01076391167625204495217","0.20856719163725609412","0.07698142106816403818","1305","tags=57%, list=9%, signal=52%","SYT1/LONP1/PSAT1/PDHA1","0.3807304007227924"
"HP_HYPOPLASIA_OF_THE_EPIGLOTTIS","HP_HYPOPLASIA_OF_THE_EPIGLOTTIS","9","0.7491004029861339","1.727973599909961","0.00724909831398211530751","0.18513974558391166347","0.06833443265629125796","3439","tags=89%, list=25%, signal=67%","CILK1/FGFR2/GLI3/SETBP1/PRRX1/SF3B4/NEK1/FREM2","0.4070179189239539"
"HP_RETINAL_ARTERIOLAR_TORTUOSITY","HP_RETINAL_ARTERIOLAR_TORTUOSITY","28","-0.5392477836257796","-1.726879578089282","0.00624972793017238188729","0.17829445416021405535","0.06580785952997492139","2533","tags=46%, list=18%, signal=38%","GTF2IRD1/HIRA/COL4A1/MLXIPL/LIMK1/GTF2I/DNAJC30/VPS37D/BAZ1B/RFC2/TBL2/EIF4H/BUD23","0.4070179189239539"
"HP_GENERALIZED_MYOCLONIC_ATONIC_SEIZURE","HP_GENERALIZED_MYOCLONIC_ATONIC_SEIZURE","8","0.7774278028272411","1.725510817894671","0.00654636572520978302081","0.17832428595583707520","0.06581887034141678527","578","tags=38%, list=4%, signal=36%","SLC2A1/MED13/GLUL","0.4070179189239539"
"HP_BROAD_PHILTRUM","HP_BROAD_PHILTRUM","41","0.5083828322432827","1.722927087579922","0.00337726293706637134551","0.14548410962230870491","0.05369767609970214906","2681","tags=44%, list=19%, signal=36%","ROBO1/CDH11/SLC2A1/ERMARD/SPTBN1/PGAP3/MAF/ARID1A/ZNF462/ANO1/RAC3/ARID1B/SMARCA4/KMT2D/AHDC1/PIGO/PIGV/SNX14","0.4317076958033464"
"HP_SUPERNUMERARY_TOOTH","HP_SUPERNUMERARY_TOOTH","49","0.4959548098322802","1.722364543841096","0.00233395300500175697719","0.13988144800228249909","0.05162975328841067774","1733","tags=33%, list=13%, signal=29%","EXT1/HSPG2/CDH11/KRT14/FGF3/DYRK1A/MSX1/WNT5A/ACSL4/CCBE1/CREBBP/C2CD3/APC/EP300/MSX2/IL6ST","0.4317076958033464"
"HP_AXONAL_LOSS","HP_AXONAL_LOSS","18","0.6157186149248809","1.721161812198111","0.00716623497670333241966","0.18466177084903509509","0.06815801385313896565","2541","tags=44%, list=18%, signal=36%","NDRG1/PMP22/SLC12A6/INF2/GJB1/LMNA/FIG4/MOCS2","0.4070179189239539"
"HP_LIMITED_EXTRAOCULAR_MOVEMENTS","HP_LIMITED_EXTRAOCULAR_MOVEMENTS","12","0.6765453597102575","1.720980735676282","0.01524198819361116848115","0.23822818416154717402","0.08792918968358151566","423","tags=25%, list=3%, signal=24%","TUBA1A/LAMB2/TUBB2B","0.3807304007227924"
"HP_MONOCHROMACY","HP_MONOCHROMACY","5","-0.8732424060476491","-1.720286112413982","0.00191115913042938685706","0.13939466000156897074","0.05145008153965821562","336","tags=20%, list=2%, signal=20%","RPGR","0.4550598673872295"
"HP_BULBAR_PALSY","HP_BULBAR_PALSY","37","0.5239743500427372","1.719898194306319","0.00474851200591793701916","0.16038176097211354065","0.05919634711542275801","1659","tags=27%, list=12%, signal=24%","ATXN1/SLC52A3/SNAP25/AR/DES/GSN/COL13A1/MYO9A/SQSTM1/TK2","0.4070179189239539"
"HP_ABNORMAL_OSSIFICATION_INVOLVING_THE_FEMORAL_HEAD_AND_NECK","HP_ABNORMAL_OSSIFICATION_INVOLVING_THE_FEMORAL_HEAD_AND_NECK","13","0.6753670573978099","1.719883129558736","0.00831700859609786104232","0.19098188747320585246","0.07049074679750048922","1368","tags=38%, list=10%, signal=35%","COL2A1/SLC26A2/TG/FLNB/KIAA0586","0.3807304007227924"
"HP_OPPORTUNISTIC_BACTERIAL_INFECTION","HP_OPPORTUNISTIC_BACTERIAL_INFECTION","18","0.6150476322684654","1.719286166900282","0.00741193183178061060917","0.18513974558391166347","0.06833443265629125796","890","tags=28%, list=6%, signal=26%","SLC26A9/SERPINA1/ZNFX1/NHEJ1/KCNN4","0.4070179189239539"
"HP_LARGE_JOINT_HYPERMOBILTY","HP_LARGE_JOINT_HYPERMOBILTY","8","-0.7581030300321770","-1.718320279222917","0.01020534753334683721049","0.20326564961580065316","0.07502464044768160367","2859","tags=62%, list=21%, signal=50%","B3GALT6/LMX1B/TNFRSF1A/FKBP14/MEFV","0.3807304007227924"
"HP_BROAD_CLAVICLES","HP_BROAD_CLAVICLES","10","0.7487198538787212","1.718238756012064","0.00646451442836793767344","0.17832144978937894408","0.06581782352229523236","1344","tags=40%, list=10%, signal=36%","WNT7A/ATP7A/ARSK/MMP14","0.4070179189239539"
"HP_INTERMITTENT_CLAUDICATION","HP_INTERMITTENT_CLAUDICATION","9","0.7448105508180409","1.718078062189741","0.00784258523394247390736","0.18866340322518757033","0.06963500236935948884","1333","tags=44%, list=10%, signal=40%","NT5E/XYLT2/JAK2/ENPP1","0.3807304007227924"
"HP_ABNORMAL_ACETABULUM_MORPHOLOGY","HP_ABNORMAL_ACETABULUM_MORPHOLOGY","84","0.4526270121746484","1.717961651959887","0.00098090921531924233148","0.12204889481599892620","0.04504782026827737484","1637","tags=27%, list=12%, signal=24%","HSPG2/IFIH1/CCN2/HYAL1/TGFB2/COL2A1/TRPV4/SLC26A2/CANT1/PLOD1/FGFR2/BMP4/CSGALNACT1/ARSK/COL1A1/SMARCAL1/GNPTAB/DYNC2H1/FLNB/KIAA0586/GLB1/TGFBR2/TMEM67","0.4550598673872295"
"HP_LIMITED_HIP_MOVEMENT","HP_LIMITED_HIP_MOVEMENT","19","0.6174619481562346","1.717495944901357","0.00431697926035552476814","0.15577567369997177837","0.05749625641088781242","1140","tags=37%, list=8%, signal=34%","EXT1/DST/DYSF/COL2A1/TRPV4/TNNT1/NFIX","0.4070179189239539"
"HP_MICROMELIA","HP_MICROMELIA","80","0.4463729094260500","1.717209459085290","0.00204993469525337418738","0.13939466000156897074","0.05145008153965821562","1368","tags=25%, list=10%, signal=23%","HSPG2/CCN2/CILK1/COL2A1/DDRGK1/TRPV4/SLC26A2/WNT7A/FGFR2/GLUL/IDH1/CSGALNACT1/DPYD/WNT5A/DYNC2H1/ANTXR2/DONSON/FLNB/APC/KIAA0586","0.4317076958033464"
"HP_ABNORMAL_CIRCULATING_INTERLEUKIN_10_CONCENTRATION","HP_ABNORMAL_CIRCULATING_INTERLEUKIN_10_CONCENTRATION","7","0.8192508843184676","1.717056069249741","0.00367072850189465197876","0.14767967166895959452","0.05450805037318073171","1761","tags=57%, list=13%, signal=50%","FAS/CASP10/PSMB9/CBLB","0.4317076958033464"
"HP_ADVANCED_ERUPTION_OF_TEETH","HP_ADVANCED_ERUPTION_OF_TEETH","45","0.5056968582323267","1.713665395623361","0.00382397957339861930409","0.14829134032908114493","0.05473381513660963843","2365","tags=40%, list=17%, signal=33%","KRT6A/CILK1/FGFR2/GLI3/BMP4/JUP/INTU/CREBBP/NFIX/C2CD3/EP300/GTF2H5/KMT2D/LMNA/BCL11B/NSD1/DSP/CTNNB1","0.4317076958033464"
"HP_ABNORMAL_CSF_PYRUVATE_FAMILY_AMINO_ACID_CONCENTRATION","HP_ABNORMAL_CSF_PYRUVATE_FAMILY_AMINO_ACID_CONCENTRATION","6","-0.8171386731461493","-1.711823937353566","0.00611594874312238433178","0.17829445416021405535","0.06580785952997492139","1238","tags=67%, list=9%, signal=61%","COXFA4/LONP1/DLAT/PDHA1","0.4070179189239539"
"HP_ELEVATED_URINARY_COLLAGEN_DEGRADATION_PRODUCTS","HP_ELEVATED_URINARY_COLLAGEN_DEGRADATION_PRODUCTS","5","0.8750271051680520","1.711437035490833","0.00260037896531513119253","0.13988144800228249909","0.05162975328841067774","1734","tags=100%, list=13%, signal=88%","TNFRSF11B/COL2A1/PLOD1/FN1/NPR2","0.4317076958033464"
"HP_ABNORMALITY_OF_THE_THENAR_EMINENCE","HP_ABNORMALITY_OF_THE_THENAR_EMINENCE","32","-0.5108581319059646","-1.710644302327188","0.01046864618836777782729","0.20702586074291723373","0.07641252122513966794","2969","tags=41%, list=21%, signal=32%","RPL5/RPS15A/RPS26/RPL18/RPL35A/RPL26/RPL35/RPS19/RPS17/RPS7/RPL8/SALL4/TSR2","0.3807304007227924"
"HP_DECREASED_SKULL_OSSIFICATION","HP_DECREASED_SKULL_OSSIFICATION","37","0.5205939816467861","1.708802442195910","0.00529791475921611958178","0.16394374466690184167","0.06051106284081517878","2648","tags=38%, list=19%, signal=31%","ANTXR1/COL2A1/SLC25A24/WNT7A/FGFR2/NOTCH2/COL1A1/INTU/TAPT1/LMNA/FIG4/TXNDC15/TBCE/FAM111A","0.4070179189239539"
"HP_SKEWFOOT","HP_SKEWFOOT","6","0.8428713377384753","1.708775225357184","0.00527472159258138718202","0.16394374466690184167","0.06051106284081517878","959","tags=83%, list=7%, signal=78%","SLC1A3/SLC2A1/NDRG1/SLC26A2/RHOBTB2","0.4070179189239539"
"HP_LIMITATION_OF_KNEE_MOBILITY","HP_LIMITATION_OF_KNEE_MOBILITY","25","0.5683738672402195","1.708598528231939","0.00935427091572353479332","0.19992955184106031563","0.07379329842544969653","800","tags=36%, list=6%, signal=34%","EXT1/ECEL1/DYSF/COL2A1/FGF13/ATP7A/CSGALNACT1/SCN1B/ASAH1","0.3807304007227924"
"HP_MALNUTRITION","HP_MALNUTRITION","33","0.5397090042634007","1.707884924772691","0.00351493185709154118759","0.14576474873028130719","0.05380125901305222308","1919","tags=36%, list=14%, signal=31%","SAA1/LAMC2/CDH1/DLG1/BMP4/MSX1/FOCAD/LMNB1/LIPA/ATP6V0A1/LAMA3/ARHGEF38","0.4317076958033464"
"HP_ARTERIOSCLEROSIS","HP_ARTERIOSCLEROSIS","72","0.4593694620927357","1.705296773939604","0.00193938967225691020861","0.13939466000156897074","0.05145008153965821562","2545","tags=33%, list=18%, signal=27%","ANTXR1/CAT/LAMB2/LDLR/TGFB2/NPC2/TGFBR3/XYLT2/ASAH1/SMARCAL1/LIPA/APOE/GLB1/TGFBR2/HTRA1/ALMS1/PCSK9/ERCC4/NEU1/LMNA/SMAD3/TGFB3/SMPD1/FBN1","0.4550598673872295"
"HP_ABNORMALITY_OF_THE_DISTAL_PHALANGES_OF_THE_TOES","HP_ABNORMALITY_OF_THE_DISTAL_PHALANGES_OF_THE_TOES","25","0.5671701700063221","1.704980073125514","0.00983396572148755900022","0.20241713859069759840","0.07471145799558223666","4036","tags=60%, list=29%, signal=43%","GPC4/TRPV4/CANT1/FGFR2/RIPK4/ARID1B/LMNA/FIG4/EOGT/FGFR1/NOG/ROR2/PIGF/KCNH1/MED25","0.3807304007227924"
"HP_ADENOCARCINOMA_OF_THE_COLON","HP_ADENOCARCINOMA_OF_THE_COLON","32","-0.5088847027795182","-1.704036136418960","0.01137894122382397676940","0.20868903095970242623","0.07702639153600354671","2969","tags=41%, list=21%, signal=32%","RPL5/RPS15A/RPS26/RPL18/AAGAB/RPL35A/RPL26/RPL35/RPS19/RPS17/RPS7/RPL8/TSR2","0.3807304007227924"
"HP_DECREASED_BODY_MASS_INDEX","HP_DECREASED_BODY_MASS_INDEX","17","0.6267454812520606","1.703963860784399","0.00767631681207891353180","0.18627638657084069629","0.06875396286970228421","2081","tags=47%, list=15%, signal=40%","TNFRSF11B/SLC26A9/SERPINA1/SLC16A2/KCNN4/SLC2A3/HFE/ANKH","0.4070179189239539"
"HP_CORNEAL_GUTTATA","HP_CORNEAL_GUTTATA","5","0.8692553232279100","1.700148195048297","0.00316851681780647024059","0.14265891327335147865","0.05265490600709055863","534","tags=60%, list=4%, signal=58%","COL8A2/SLC4A11/ZEB1","0.4317076958033464"
"HP_CUTANEOUS_CYST","HP_CUTANEOUS_CYST","24","0.5659930008231097","1.699015429311263","0.00798091158757008832525","0.18896671670641967955","0.06974695431458674544","1603","tags=33%, list=12%, signal=30%","KRT6A/ANTXR1/KRT5/CDH1/VANGL1/CDH3/APC/MSX2","0.3807304007227924"
"HP_OCULAR_PAIN","HP_OCULAR_PAIN","15","0.6511662095364461","1.698313374870922","0.00924631838482954312997","0.19915422970735568997","0.07350712973722192678","2173","tags=47%, list=16%, signal=39%","COL8A2/SLC4A11/TGFBI/ZEB1/TACSTD2/GNAQ/OVOL2","0.3807304007227924"
"HP_MECONIUM_ILEUS","HP_MECONIUM_ILEUS","12","0.6670750082831933","1.696890270591957","0.01903050577987081340425","0.24933054333768620014","0.09202703163024215927","3095","tags=58%, list=22%, signal=45%","SLC26A9/SERPINA1/FCGR2A/KCNN4/HFE/HMOX1/GCLC","0.3524878575836192"
"HP_CONTRACTURES_OF_THE_LARGE_JOINTS","HP_CONTRACTURES_OF_THE_LARGE_JOINTS","5","-0.8601466323359012","-1.694487459609658","0.00284148960101101048445","0.13988144800228249909","0.05162975328841067774","471","tags=40%, list=3%, signal=39%","DPM2/PEX5","0.4317076958033464"
"HP_BLURRED_VISION","HP_BLURRED_VISION","34","0.5238607764962915","1.693657572934977","0.00686674595273545178287","0.18170717742548050944","0.06706748375279861230","1047","tags=24%, list=8%, signal=22%","COL8A2/SLC4A11/TGFBI/TRANK1/ZEB1/PTPN22/FAS/TACSTD2","0.4070179189239539"
"HP_PTERYGIUM","HP_PTERYGIUM","40","0.5166366020807014","1.691834001385064","0.00300500765879460444985","0.13988144800228249909","0.05162975328841067774","2964","tags=48%, list=21%, signal=37%","TUBA1A/HSPG2/CCN2/ITGB4/ITGA6/RIPK4/MMP14/ADGRG6/ERCC4/GLDN/FKBP10/CHRND/FLVCR2/EFNB1/IRX5/CHRNG/DDB2/PLEC/IRF6","0.4317076958033464"
"HP_HYDROURETER","HP_HYDROURETER","66","0.4563280961209352","1.691591009382200","0.00127913667921152594299","0.13163263937737870735","0.04858514687126700565","2615","tags=35%, list=19%, signal=28%","LAMC2/WFS1/GPC4/MED12/BRIP1/FANCD2/GLI3/SETBP1/ACTG1/SLX4/PLD1/RIPK4/FANCM/ARID1B/ERCC4/LAMA3/FANCE/DYNC2LI1/PRKACB/PIGN/PRKACA/FOXF1/RFWD3","0.4550598673872295"
"HP_OSTEOARTHRITIS","HP_OSTEOARTHRITIS","49","0.4870601954965236","1.691475099764067","0.00297228525234675012429","0.13988144800228249909","0.05162975328841067774","2973","tags=45%, list=21%, signal=35%","TNFRSF11B/COL2A1/DDRGK1/TRPV4/GBA1/SLC26A2/CANT1/PTPN22/BMP4/COL1A1/MAN2B2/COL5A2/LMNA/ANKH/SMAD3/TGFB3/FBN1/SLC40A1/SCARB2/ZNF687/IL2RB/CCN6","0.4317076958033464"
"HP_PROMINENT_EAR_HELIX","HP_PROMINENT_EAR_HELIX","7","0.8069735207944603","1.691324120762655","0.00576306062143401749698","0.17405069496363498316","0.06424150285105902081","2009","tags=57%, list=15%, signal=49%","AFF2/ACBD5/ZMIZ1/LMNA","0.4070179189239539"
"HP_ENCEPHALOMALACIA","HP_ENCEPHALOMALACIA","13","0.6636928248626583","1.690153643395886","0.01148531025049650752812","0.20925858708855438195","0.07723661271140953855","1603","tags=46%, list=12%, signal=41%","TGFBR3/ZNFX1/MICU1/ENPP1/MAN2B2/MSX2","0.3807304007227924"
"HP_ABNORMALITY_OF_BODY_MASS_INDEX","HP_ABNORMALITY_OF_BODY_MASS_INDEX","23","0.5703843399021937","1.689807857517652","0.01119454290238267209212","0.20868903095970242623","0.07702639153600354671","3318","tags=52%, list=24%, signal=40%","TNFRSF11B/SLC26A9/SERPINA1/SLC16A2/KCNN4/SLC2A3/HFE/ANKH/HMOX1/GCLC/CORIN/HTT","0.3807304007227924"
"HP_FLAT_CORNEA","HP_FLAT_CORNEA","19","-0.5826360999625013","-1.689736850257422","0.01487081433760430344837","0.23820431001346303868","0.08792037781901222704","1697","tags=53%, list=12%, signal=46%","LIMK1/GTF2I/DNAJC30/VPS37D/PRDM5/BAZ1B/RFC2/TBL2/EIF4H/BUD23","0.3807304007227924"
"HP_HYPOPHOSPHATEMIC_RICKETS","HP_HYPOPHOSPHATEMIC_RICKETS","21","-0.5675140229410292","-1.688933527732389","0.01171807446266773244936","0.21210859866138304097","0.07828854201637251709","1954","tags=38%, list=14%, signal=33%","CLCN5/STAT6/FAH/KRAS/HRAS/ALK/HNF4A/NAB2","0.3807304007227924"
"HP_ANTIPHOSPHOLIPID_ANTIBODY_POSITIVITY","HP_ANTIPHOSPHOLIPID_ANTIBODY_POSITIVITY","13","0.6630900765410598","1.688618690427227","0.01164372582858425216046","0.21145158310275388724","0.07804603987128379272","912","tags=38%, list=7%, signal=36%","FCGR2A/PTPN22/FAS/CASP10/DEF6","0.3807304007227924"
"HP_ABNORMALITY_OF_THE_TEMPOROMANDIBULAR_JOINT","HP_ABNORMALITY_OF_THE_TEMPOROMANDIBULAR_JOINT","15","0.6474373411761858","1.688588074453581","0.01085433623117380667888","0.20856719163725609412","0.07698142106816403818","2791","tags=60%, list=20%, signal=48%","PLCB4/PTPN22/COL1A1/COL5A2/EDN1/LMNA/SF3B4/LAMA2/IL2RB","0.3807304007227924"
"HP_ADENOCARCINOMA_OF_THE_INTESTINES","HP_ADENOCARCINOMA_OF_THE_INTESTINES","39","-0.4915934995574165","-1.687304776727671","0.00619628724765454007989","0.17829445416021405535","0.06580785952997492139","2969","tags=36%, list=21%, signal=28%","RPL5/RPS15A/RPS26/RPL18/AAGAB/RPL35A/RPL26/RPL35/RPS19/RPS17/RPS7/RPL8/TSR2/GPR35","0.4070179189239539"
"HP_SPONDYLOEPIMETAPHYSEAL_DYSPLASIA","HP_SPONDYLOEPIMETAPHYSEAL_DYSPLASIA","14","0.6424412975851812","1.686946641401603","0.01395269876107205729576","0.23144820004560423543","0.08542672125617602197","1009","tags=29%, list=7%, signal=27%","COL2A1/DDRGK1/EXOC6B/PAPSS2","0.3807304007227924"
"HP_ABNORMAL_RIGHT_VENTRICLE_MORPHOLOGY","HP_ABNORMAL_RIGHT_VENTRICLE_MORPHOLOGY","58","0.4646522345792007","1.685836380353081","0.00322924255328928917416","0.14355920694902865598","0.05298720125443151518","2867","tags=43%, list=21%, signal=34%","GPC4/DYSF/LAMB2/SCN5A/FNIP1/FCGR2A/BMPR2/DSC2/ABCA3/GNPTAB/JUP/SLC25A12/PLD1/CITED2/SOX9/SELENON/KMT2D/TGFB3/DSP/PIGN/FOXF1/FIBP/SFTPB/HACD1/COLQ","0.4317076958033464"
"HP_PHALANGEAL_CONE_SHAPED_EPIPHYSES","HP_PHALANGEAL_CONE_SHAPED_EPIPHYSES","27","0.5508801053598417","1.685804256938158","0.01000515352344733162326","0.20241713859069759840","0.07471145799558223666","3275","tags=44%, list=24%, signal=34%","EXT1/COL2A1/TRPV4/NPR2/SRCAP/PRKAR1A/EIF2AK3/MIA3/FBN1/NEK1/ADAMTSL2/COG4","0.3807304007227924"
"HP_COLOR_VISION_TEST_ABNORMALITY","HP_COLOR_VISION_TEST_ABNORMALITY","6","-0.8045883400581856","-1.685532242555890","0.00807675380985183564986","0.18896671670641967955","0.06974695431458674544","336","tags=33%, list=2%, signal=33%","RPGR/AFG3L2","0.3807304007227924"
"HP_EPIPHYSEAL_DYSPLASIA","HP_EPIPHYSEAL_DYSPLASIA","27","0.5504859422641174","1.684598038346790","0.01000515352344733162326","0.20241713859069759840","0.07471145799558223666","2188","tags=37%, list=16%, signal=31%","COL2A1/TRPV4/SLC26A2/CANT1/GNS/DPYD/FLNB/NPR2/EIF2AK3/TMEM165","0.3807304007227924"
"HP_GINGIVITIS","HP_GINGIVITIS","24","0.5609971727527169","1.684018796912206","0.00922062851395819352285","0.19915422970735568997","0.07350712973722192678","497","tags=25%, list=4%, signal=24%","KRT6A/ITGB2/CAT/SAMD9/STAT3/PLEKHM1","0.3807304007227924"
"HP_ECTOPIA_LENTIS","HP_ECTOPIA_LENTIS","42","0.4921059651479288","1.683609647163639","0.00520697287487850712928","0.16394374466690184167","0.06051106284081517878","2718","tags=43%, list=20%, signal=35%","HSPG2/ADAMTS17/AASS/TGFB2/COL2A1/BMP4/ASPH/TGFBR2/FOXC1/LOXL1/COL18A1/GNAQ/SMAD3/LTBP2/SALL2/MOCS2/FBN1/SUOX","0.4070179189239539"
"HP_FOOT_PAIN","HP_FOOT_PAIN","5","0.8602999936651875","1.682632757425681","0.00460816921861548298850","0.15905339346488345242","0.05870605131384148273","320","tags=40%, list=2%, signal=39%","KRT5/KRT14","0.4070179189239539"
"HP_APLASIA_HYPOPLASIA_OF_THE_CERVICAL_SPINE","HP_APLASIA_HYPOPLASIA_OF_THE_CERVICAL_SPINE","7","0.8025873777602238","1.682131267069493","0.00666224751137722750322","0.18059565571084512658","0.06665722497494838694","1798","tags=86%, list=13%, signal=75%","TRPV4/SLC26A2/POGZ/FLNB/SOX9/SLC35B2","0.4070179189239539"
"HP_CERVICAL_SUBLUXATION","HP_CERVICAL_SUBLUXATION","9","0.7282890495384953","1.679967392474266","0.01178045066272175728228","0.21254533874267794724","0.07844974125308651347","1480","tags=44%, list=11%, signal=40%","COL2A1/GNPTAB/FLNB/GLB1","0.3807304007227924"
"HP_X_LINKED_INHERITANCE","HP_X_LINKED_INHERITANCE","195","-0.3650616863086249","-1.678635549142245","0.00005649325796977597568","0.03270350479874613997","0.01207074925617059730","1127","tags=24%, list=8%, signal=22%","PHKA2/CCDC22/DDX3X/WDR45/SMC1A/TRAPPC2/SH3KBP1/ATP6AP2/PIGA/FANCB/SYP/ZFX/USP9X/HSD17B10/NDUFB11/SLC6A8/IL1RAPL1/PHF8/HCCS/UBA1/POLA1/PDK3/PHKA1/DKC1/CASK/SMS/RPGR/SLC9A7/SLC35A2/PQBP1/KDM5C/AP1S2/MAGED2/PRICKLE3/ZRSR2/RBM10/EIF2S3/TSR2/FHL1/TFE3/RBBP7/OTUD5/ADGRG2/GJB2/RPS6KA3/PDHA1","0.5573322387586460"
"HP_LARYNGEAL_STENOSIS","HP_LARYNGEAL_STENOSIS","16","0.6216921576492807","1.678356653000026","0.01079518377772236033263","0.20856719163725609412","0.07698142106816403818","2910","tags=50%, list=21%, signal=40%","LAMC2/DDRGK1/SLC26A2/FRAS1/FLNB/LAMA3/FBN1/ADAMTSL2","0.3807304007227924"
"HP_ANOTIA","HP_ANOTIA","14","-0.6279752804103564","-1.678350998596807","0.01504274456584449304319","0.23820431001346303868","0.08792037781901222704","1093","tags=29%, list=8%, signal=26%","DDX3X/HOXA2/FANCB/POLR1D","0.3807304007227924"
"HP_LARYNGEAL_STRIDOR","HP_LARYNGEAL_STRIDOR","6","0.8278570475937485","1.678336360162797","0.00752952717328847238171","0.18513974558391166347","0.06833443265629125796","800","tags=50%, list=6%, signal=47%","PRNP/BTD/ASAH1","0.4070179189239539"
"HP_ATYPICAL_SCARRING_OF_SKIN","HP_ATYPICAL_SCARRING_OF_SKIN","67","0.4493024889574866","1.677664850062235","0.00390588483550296334743","0.14866439747184909126","0.05487150922341430676","2326","tags=39%, list=17%, signal=32%","LAMC2/KRT5/DST/ITGB4/TGFB2/KRT14/ZNF469/ATP7A/PLOD1/LSS/COL1A1/NCSTN/CREBBP/APC/EP300/NOTCH3/CPOX/COL5A2/TGFBR2/DSE/LAMA3/CHST14/SMAD3/TGFB3/COL6A3/RHOA","0.4317076958033464"
"HP_PALMOPLANTAR_CUTIS_LAXA","HP_PALMOPLANTAR_CUTIS_LAXA","9","0.7265598836835121","1.675978670888527","0.01244883412155930665910","0.21891826333387681691","0.08080196543340721627","1546","tags=44%, list=11%, signal=40%","ZNF469/PLOD1/FGFR2/RIT1","0.3807304007227924"
"HP_EPIDERMOID_CYST","HP_EPIDERMOID_CYST","19","0.6019927440664303","1.674467713972432","0.00735046712447173268556","0.18513974558391166347","0.06833443265629125796","1318","tags=32%, list=10%, signal=29%","KRT6A/ANTXR1/KRT5/CDH1/CDH3/APC","0.4070179189239539"
"HP_PEG_SHAPED_MAXILLARY_LATERAL_INCISORS","HP_PEG_SHAPED_MAXILLARY_LATERAL_INCISORS","24","0.5575515720714311","1.673675685403342","0.01015041891035763609030","0.20326564961580065316","0.07502464044768160367","3172","tags=58%, list=23%, signal=45%","CDH1/DLG1/TGFA/BMP4/FGF3/MSX1/EDA/WNT10A/ARHGEF38/KAT6A/NEK1/IRF6/FGFR1/RIC1","0.3807304007227924"
"HP_HYPERNATREMIA","HP_HYPERNATREMIA","8","-0.7383800136916608","-1.673615987586046","0.01582284040984922174333","0.23822818416154717402","0.08792918968358151566","773","tags=25%, list=6%, signal=24%","ARNT2/SYK","0.3524878575836192"
"HP_AUTOAMPUTATION","HP_AUTOAMPUTATION","12","-0.6503170007960741","-1.672078670161532","0.01855841855802583054147","0.24766150318426649601","0.09141099474629379995","2728","tags=50%, list=20%, signal=40%","WNK1/TRPV3/RAB7A/MPV17/KIF1A/GJB2","0.3524878575836192"
"HP_TRANSIENT_ISCHEMIC_ATTACK","HP_TRANSIENT_ISCHEMIC_ATTACK","48","0.4879885862915760","1.670515636738492","0.00407317599233083735277","0.15293674992825989634","0.05644841957454268394","2198","tags=35%, list=16%, signal=30%","TGFB2/TGFBR3/RNF213/TET2/ACTG1/SMARCAL1/JAK2/CITED2/SON/ANO1/ENPP1/NOTCH3/TGFBR2/HTRA1/LMNA/SMAD3/TGFB3","0.4070179189239539"
"HP_VERTEBRAL_WEDGING","HP_VERTEBRAL_WEDGING","18","0.5973582350039528","1.669837743035113","0.01283229594292854651438","0.22214663101200601836","0.08199354465371506973","2973","tags=56%, list=21%, signal=44%","COL2A1/TRPV4/CANT1/FN1/NPR2/SUFU/FKBP10/CUL7/PTCH1/CCN6","0.3807304007227924"
"HP_SCHIZOPHRENIA","HP_SCHIZOPHRENIA","47","0.4830538971379557","1.669395139825347","0.00350834094367167117004","0.14576474873028130719","0.05380125901305222308","2151","tags=32%, list=16%, signal=27%","GJA5/WFS1/CAT/MED12/GBA1/ZDHHC9/CHI3L1/ATG7/APOL2/ATP2A2/COMT/ABCB7/TUBG1/CHRNA7/ZBTB20","0.4317076958033464"
"HP_SCALP_TENDERNESS","HP_SCALP_TENDERNESS","6","0.8233810828522969","1.669262119151961","0.00809322990392799708481","0.18896671670641967955","0.06974695431458674544","1603","tags=67%, list=12%, signal=59%","PTPN22/FAS/P4HA2/MSX2","0.3807304007227924"
"HP_GENU_VARUM","HP_GENU_VARUM","51","0.4759976637878915","1.668703955867077","0.00371739810989589946830","0.14767967166895959452","0.05450805037318073171","3108","tags=37%, list=22%, signal=29%","VDR/CCN2/COL2A1/DDRGK1/TRPV4/CANT1/LTBP1/IDH1/FN1/WDR62/ENPP1/NKX3-2/PRKAR1A/PDE4D/KAT6A/SLCO2A1/ORC1/CCN6/TONSL","0.4317076958033464"
"HP_COXA_VARA","HP_COXA_VARA","56","0.4734100983690993","1.668130165858596","0.00302164054251486974972","0.13988144800228249909","0.05162975328841067774","1466","tags=29%, list=11%, signal=26%","EXT1/HSPG2/COL2A1/DDRGK1/TRPV4/SLC26A2/CANT1/ATP7A/CSGALNACT1/COL1A1/WNT5A/FN1/NFIX/FLNB/ENPP1/NKX3-2","0.4317076958033464"
"HP_DECREASED_ACTIVITY_OF_MITOCHONDRIAL_COMPLEX_I","HP_DECREASED_ACTIVITY_OF_MITOCHONDRIAL_COMPLEX_I","99","-0.3999695190768857","-1.667386980197008","0.00154173166426261557677","0.13671670997115889512","0.05046165954829800321","4127","tags=46%, list=30%, signal=33%","NDUFC2/EARS2/SLC25A26/GTPBP3/NDUFV2/MECR/TRMT5/NDUFAF8/NDUFA10/FLAD1/NUBPL/NDUFS3/NDUFB9/NDUFS6/FOXRED1/NDUFV1/ISCA2/MRPS22/PTCD3/DGUOK/GATC/SCN4A/IBA57/MRPL12/MTFMT/MRPS14/NDUFA11/NDUFA8/TRMU/C1QBP/PUS1/NARS2/NDUFAF4/TRIT1/MT-ND3/TSFM/ACAD9/SFXN4/AGK/MPV17/GFM1/OPA1/NDUFB11/NDUFA9/NDUFAF2/CARS2","0.4550598673872295"
"HP_SUBGLOTTIC_STENOSIS","HP_SUBGLOTTIC_STENOSIS","19","0.5991664895369823","1.666606370114595","0.00820153147399854849653","0.18989916066409529005","0.07009111611858291624","3439","tags=58%, list=25%, signal=44%","ROBO1/PTPN22/TBX3/FRAS1/SOX9/LAMA3/AFF4/SF3B4/TONSL/NIN/FREM2","0.3807304007227924"
"HP_BONE_PAIN","HP_BONE_PAIN","73","0.4458583124615721","1.665031340634000","0.00199462079700384823516","0.13939466000156897074","0.05145008153965821562","2114","tags=30%, list=15%, signal=26%","EXT1/MYCN/RUNX1/VDR/CCND1/GBA1/STAT3/TET2/NOTCH2/BMP4/IDH1/GNPTAB/MINPP1/PML/ENPP1/SQSTM1/KIF1B/EHHADH/NABP1/PRKAR1A/CDC73/TREM2","0.4317076958033464"
"HP_HYPOTENSION","HP_HYPOTENSION","79","0.4371086259452152","1.664370671036990","0.00225515624060950142099","0.13988144800228249909","0.05162975328841067774","2442","tags=34%, list=18%, signal=28%","SAA1/LEPR/CD46/RUNX1/CAV1/GBA1/NNT/TET2/ATP7A/FOXA2/GSN/ABCA3/GBE1/COL1A1/LMNB1/ACE/MUC1/COL5A2/TBX19/MMACHC/NR3C2/HEXB/B2M/DCTN1/PDE4D/SCNN1A/SPG11","0.4317076958033464"
"HP_MOLLUSCOID_PSEUDOTUMORS","HP_MOLLUSCOID_PSEUDOTUMORS","6","0.8204058198418369","1.663230290219640","0.00849117663757842366934","0.19259374928580938469","0.07108567935580782648","1408","tags=67%, list=10%, signal=60%","ZNF469/PLOD1/COL1A1/COL5A2","0.3807304007227924"
"HP_FOAM_CELLS","HP_FOAM_CELLS","13","0.6528111950744833","1.662442591620729","0.01481204295370218242123","0.23820431001346303868","0.08792037781901222704","2481","tags=62%, list=18%, signal=51%","LAMB2/NPC2/ASAH1/LIPA/APOE/GLB1/NEU1/SMPD1","0.3807304007227924"
"HP_MILD_SHORT_STATURE","HP_MILD_SHORT_STATURE","20","0.5835050387224415","1.660035043747930","0.01128771262878940952190","0.20868903095970242623","0.07702639153600354671","2365","tags=40%, list=17%, signal=33%","ZMYM3/CANT1/COL1A1/CHST11/AGO1/CAMK2G/PDE4D/CTNNB1","0.3807304007227924"
"HP_ABNORMAL_PERIUNGUAL_MORPHOLOGY","HP_ABNORMAL_PERIUNGUAL_MORPHOLOGY","22","0.5802364453148702","1.659870950589657","0.00739794705473951607483","0.18513974558391166347","0.06833443265629125796","669","tags=23%, list=5%, signal=22%","KRT6A/LAMC2/FCGR2A/STAT3/PTPN22","0.4070179189239539"
"HP_ABNORMAL_CIRCULATING_SERINE_CONCENTRATION","HP_ABNORMAL_CIRCULATING_SERINE_CONCENTRATION","5","-0.8421310065560754","-1.658996706273761","0.00507921863815965438788","0.16394374466690184167","0.06051106284081517878","1214","tags=80%, list=9%, signal=73%","PHGDH/SLC25A13/PSAT1/PSPH","0.4070179189239539"
"HP_SUPRANUCLEAR_OPHTHALMOPLEGIA","HP_SUPRANUCLEAR_OPHTHALMOPLEGIA","5","0.8477525067007946","1.658091536055085","0.00641693806812960575864","0.17832144978937894408","0.06581782352229523236","317","tags=40%, list=2%, signal=39%","ATXN1/GBA1","0.4070179189239539"
"HP_STRIDOR","HP_STRIDOR","45","0.4891511496623415","1.657596611012826","0.00635276262798675252219","0.17829445416021405535","0.06580785952997492139","1826","tags=31%, list=13%, signal=27%","LAMC2/DST/SLC52A3/TRPV4/GBA1/SNAP25/COL13A1/GNPTAB/MYO9A/NFIX/SOX9/TSPYL1/CTSK/LAMA3","0.4070179189239539"
"HP_RECURRENT_STAPHYLOCOCCAL_INFECTIONS","HP_RECURRENT_STAPHYLOCOCCAL_INFECTIONS","24","0.5520630974173296","1.657200211135743","0.01231993566934519099276","0.21733930957000391349","0.08021917912080603341","890","tags=25%, list=6%, signal=23%","ITGB2/SLC26A9/SERPINA1/RFX5/STAT3/KCNN4","0.3807304007227924"
"HP_SPONDYLOLISTHESIS","HP_SPONDYLOLISTHESIS","20","0.5824512337959112","1.657037035176925","0.01205557276918469214455","0.21559111932532437628","0.07957392821496370172","2820","tags=65%, list=20%, signal=52%","TGFB2/COL2A1/MAN2B1/ZNF469/BMP4/GNPTAB/TGFBR2/CTSK/SMAD3/TGFB3/AGA/FBN1/KANSL1","0.3807304007227924"
"HP_BLADDER_DIVERTICULUM","HP_BLADDER_DIVERTICULUM","29","-0.5103939853828905","-1.656070119441559","0.01639210407974534683406","0.24166302412441767467","0.08919697710214817554","2533","tags=59%, list=18%, signal=48%","GTF2IRD1/ALDH18A1/FBLN5/EFEMP2/MLXIPL/LIMK1/GTF2I/DNAJC30/VPS37D/BAZ1B/RFC2/FKBP14/TBL2/SALL4/EIF4H/BUD23/BNC2","0.3524878575836192"
"HP_ABNORMAL_ILIAC_WING_MORPHOLOGY","HP_ABNORMAL_ILIAC_WING_MORPHOLOGY","58","0.4563368991098513","1.655666946084106","0.00438787855477742235605","0.15674046086151610657","0.05785235597832685123","2151","tags=36%, list=16%, signal=31%","CCN2/GPC4/COL2A1/TRPV4/WNT7A/ATP7A/PLEKHM1/VANGL1/GNPTAB/FN1/CCBE1/GNPTG/CREBBP/RIPK4/SOX9/EP300/NKX3-2/GLB1/CTSK/EIF2AK3/ZBTB20","0.4070179189239539"
"HP_ABNORMAL_BLISTERING_OF_THE_SKIN","HP_ABNORMAL_BLISTERING_OF_THE_SKIN","98","0.4157107651179646","1.655516354106957","0.00179810269655914238725","0.13939466000156897074","0.05145008153965821562","951","tags=18%, list=7%, signal=17%","KRT6A/HSPG2/LAMC2/RUNX1/KRT5/DST/ITGB4/COL2A1/ITGA6/KRT14/STAT3/TET2/RERE/ITGA3/FAS/ERAP1/JUP/ECM1","0.4550598673872295"
"HP_ELEVATED_LACTATE_PYRUVATE_RATIO","HP_ELEVATED_LACTATE_PYRUVATE_RATIO","21","-0.5560646333655526","-1.654859906386645","0.01480650379586772626139","0.23820431001346303868","0.08792037781901222704","4814","tags=81%, list=35%, signal=53%","SCO2/TMEM126B/SUCLG1/SDHA/COQ8A/UQCC3/PDSS1/NDUFA10/BCS1L/CYC1/IBA57/MRPL3/TSFM/MPV17/GFM1/NDUFA9/MDH2","0.3807304007227924"
"HP_ABNORMALITY_OF_THE_CRUS_OF_THE_HELIX","HP_ABNORMALITY_OF_THE_CRUS_OF_THE_HELIX","11","0.6826074610257888","1.653129243672419","0.02382951936199440012842","0.27018481617472384082","0.09972427080643292419","1613","tags=36%, list=12%, signal=32%","PLCB4/FGFR2/ZNF462/EDN1","0.3524878575836192"
"HP_PERSEVERATIVE_THOUGHT","HP_PERSEVERATIVE_THOUGHT","20","0.5809578652347687","1.652788495781009","0.01282343357357522070639","0.22214663101200601836","0.08199354465371506973","2114","tags=35%, list=15%, signal=30%","PRNP/NPC2/GRN/CIC/NOTCH3/SQSTM1/TREM2","0.3807304007227924"
"HP_MACULAR_PURPURA","HP_MACULAR_PURPURA","71","0.4411854804753269","1.652339080239796","0.00236398548852200006756","0.13988144800228249909","0.05162975328841067774","1872","tags=28%, list=14%, signal=24%","RUNX1/CD109/SAMD9/PTPRJ/F13A1/NR3C1/GBA1/FUCA1/STAT3/TET2/COL1A1/CASP10/JAK2/PRF1/PML/COL5A2/DCLRE1B/NEU1/NABP1/PRKAR1A","0.4317076958033464"
"HP_ASYMMETRY_OF_THE_THORAX","HP_ASYMMETRY_OF_THE_THORAX","7","0.7878561621358907","1.651256325486452","0.00974707922106821285368","0.20241713859069759840","0.07471145799558223666","2904","tags=71%, list=21%, signal=56%","ANTXR1/CDC42BPB/CTNNB1/HERC1/MESD","0.3807304007227924"
"HP_ANGINA_PECTORIS","HP_ANGINA_PECTORIS","25","0.5491550497573534","1.650824508069776","0.01843587229152838374846","0.24766150318426649601","0.09141099474629379995","2009","tags=36%, list=15%, signal=31%","LDLR/JPH2/XYLT2/PTPN22/JAK2/ENPP1/APOE/PCSK9/LMNA","0.3524878575836192"
"HP_INCREASED_CIRCULATING_LACTATE_CONCENTRATION","HP_INCREASED_CIRCULATING_LACTATE_CONCENTRATION","210","-0.3577966087316321","-1.650821936118978","0.00005885100737582532908","0.03270350479874613997","0.01207074925617059730","3325","tags=34%, list=24%, signal=26%","NDUFS3/GLRX5/TANGO2/NDUFB9/BCS1L/MTO1/COX8A/MT-CO2/NDUFV1/MRPS22/DNM1L/KARS1/LIPT2/SDHB/PNPT1/SURF1/PYGL/GK/CYC1/DNAJC19/DGUOK/LRPPRC/MRPL12/COX10/MRPS34/MTFMT/MRPS14/NDUFA11/HADHB/NDUFA8/TRMU/C1QBP/PUS1/NARS2/OGDH/NDUFAF4/SLC31A1/MRPL3/MT-ND3/TSFM/MRPS2/PCK2/ATAD3A/NADK2/ACAD9/TIMM50/COX5A/DLD/SFXN4/AGK/MPV17/LONP1/GFM1/HSPD1/SCO1/CLPB/YARS1/TWNK/OPA1/IFT56/HSD17B10/RNASEH1/NDUFA9/MDH2/ACAT1/MIPEP/SUCLA2/PMPCB/CARS2/PDHA1/NAXD","0.5573322387586460"
"HP_FLAT_ACETABULAR_ROOF","HP_FLAT_ACETABULAR_ROOF","28","0.5400032660023655","1.648184993972564","0.01096936109151197547007","0.20868903095970242623","0.07702639153600354671","1221","tags=29%, list=9%, signal=26%","CCN2/COL2A1/TRPV4/SLC26A2/CANT1/CSGALNACT1/GNPTAB/FLNB","0.3807304007227924"
"HP_ABNORMAL_FINGERTIP_MORPHOLOGY","HP_ABNORMAL_FINGERTIP_MORPHOLOGY","80","0.4282712256246034","1.647571759321692","0.00627174277269969791815","0.17829445416021405535","0.06580785952997492139","2241","tags=34%, list=16%, signal=28%","HSPG2/LAMC2/GJA5/MED12/FCGR2A/JARID2/LRBA/NR2F1/ABCA3/MAP1B/RUSC2/PRR12/INTU/CREBBP/NFIX/RASGRP1/EP300/FOXP1/SRCAP/ARID1B/LAMA3/KMT2D/EMC1/AHDC1/ZNF407/FAM13A/DSP","0.4070179189239539"
"HP_FACIAL_DIPLEGIA","HP_FACIAL_DIPLEGIA","39","-0.4799911014087782","-1.647481667115117","0.00863572712380676447974","0.19350296623787979766","0.07142126815326058087","1496","tags=26%, list=11%, signal=23%","CRPPA/CFL2/CNTNAP1/TWNK/MPZ/SPEG/SUCLA2/SHMT2/RYR1/EBF3","0.3807304007227924"
"HP_ANHYDRAMNIOS","HP_ANHYDRAMNIOS","4","0.9235977308823690","1.647462570906203","0.00157456711141878155993","0.13671670997115889512","0.05046165954829800321","274","tags=50%, list=2%, signal=49%","ROBO1/FGF20","0.4550598673872295"
"HP_PECTUS_CARINATUM","HP_PECTUS_CARINATUM","155","0.3926249465263848","1.646629096019458","0.00086371637427824928500","0.12204889481599892620","0.04504782026827737484","1546","tags=25%, list=11%, signal=23%","HSPG2/TNFRSF11B/KRT5/GPC4/TGFB2/COL2A1/TRPV4/SNAP25/FRYL/MAN2B1/WNT7A/ATP7A/PLEKHM1/XYLT2/FGFR2/NOTCH2/NF1/PIGS/ZDHHC9/SPTAN1/BMP4/SV2A/COL13A1/GNPTAB/WNT5A/MYO9A/FN1/TBX3/TNNT1/GNPTG/ASH1L/FLNB/SIL1/SOX9/MAN1B1/NKX3-2/GLB1/TGFBR2/RIT1","0.4772708153628621"
"HP_SHAWL_SCROTUM","HP_SHAWL_SCROTUM","23","0.5551190422984668","1.644583229081068","0.01810675979143810607197","0.24627082244286016555","0.09089769934788913264","3146","tags=48%, list=23%, signal=37%","SAMD9/MED12/DYRK1A/TBX3/CREBBP/EP300/EFNB1/MEGF8/ORC1/SRRM2/PTRH2","0.3524878575836192"
"HP_EXANTHEM","HP_EXANTHEM","17","0.6047050951892854","1.644041575818453","0.01322788324101636762975","0.22539201685980017609","0.08319140522093321222","1670","tags=35%, list=12%, signal=31%","RUNX1/TET2/ZNFX1/PRF1/SPTB/MVK","0.3807304007227924"
"HP_BILATERAL_CLEFT_PALATE","HP_BILATERAL_CLEFT_PALATE","19","0.5909481253473270","1.643746650237761","0.01034767062612799125298","0.20536430596211874278","0.07579924716604924395","852","tags=32%, list=6%, signal=30%","MED12/CDH1/SLC26A2/DLG1/BMP4/MSX1","0.3807304007227924"
"HP_ATOPIC_DERMATITIS","HP_ATOPIC_DERMATITIS","34","-0.4924767059057665","-1.643180592837381","0.00809203406673950596806","0.18896671670641967955","0.06974695431458674544","2092","tags=41%, list=15%, signal=35%","HR/RRAS2/STAT6/PGM3/MSL2/NECTIN1/LYN/HSPA9/NEK9/IL6R/IPO8/KRT74/GNB2/CARD11","0.3807304007227924"
"HP_ABNORMAL_BASOPHIL_MORPHOLOGY","HP_ABNORMAL_BASOPHIL_MORPHOLOGY","8","0.7398355723362879","1.642074387984350","0.01648964309160423288847","0.24166302412441767467","0.08919697710214817554","470","tags=25%, list=3%, signal=24%","RUNX1/TET2","0.3524878575836192"
"HP_BROAD_TOE","HP_BROAD_TOE","76","0.4351081464854496","1.642038996859246","0.00270588108549516892856","0.13988144800228249909","0.05162975328841067774","3335","tags=47%, list=24%, signal=36%","GJA5/GPC4/MED12/COL2A1/TBCK/FGFR2/GLI3/SUMF1/SETBP1/WNT5A/POGZ/ALDH6A1/CREBBP/C2CD3/EP300/WDPCP/CHST11/ASPH/FGF9/ZMIZ1/CSNK2A1/NPR2/SATB2/KMT2D/PDE4D/RHOA/PIGO/SF3B4/EFNB1/NEK1/BPTF/UBE2A/FGFR1/SMARCA2/NOG/CEP295","0.4317076958033464"
"HP_INTERPHALANGEAL_JOINT_EROSIONS","HP_INTERPHALANGEAL_JOINT_EROSIONS","6","0.8097456115705283","1.641618569692951","0.01134794841468542668517","0.20868903095970242623","0.07702639153600354671","2087","tags=67%, list=15%, signal=57%","PTPN22/SLC22A4/IL10/CIITA","0.3807304007227924"
"HP_ORTHOSTATIC_HYPOTENSION_DUE_TO_AUTONOMIC_DYSFUNCTION","HP_ORTHOSTATIC_HYPOTENSION_DUE_TO_AUTONOMIC_DYSFUNCTION","11","0.6777598941217321","1.641389473647473","0.02744497910244733315799","0.28707712396343337824","0.10595916253838537358","1081","tags=36%, list=8%, signal=34%","LEPR/GBA1/GSN/LMNB1","0.3524878575836192"
"HP_APLASIA_HYPOPLASIA_OF_THE_PHALANGES_OF_THE_TOES","HP_APLASIA_HYPOPLASIA_OF_THE_PHALANGES_OF_THE_TOES","24","0.5463874542855371","1.640162888698617","0.01479938962537563455768","0.23820431001346303868","0.08792037781901222704","2040","tags=42%, list=15%, signal=36%","WLS/GPC4/TRPV4/ACVR1/WNT7A/RIPK4/ARID1B/SMARCA4/LMNA/FIG4","0.3807304007227924"
"HP_AUTOAMPUTATION_OF_DIGITS","HP_AUTOAMPUTATION_OF_DIGITS","10","-0.6838098641018406","-1.639995811497200","0.02120541458530432465945","0.26022709229507567930","0.09604890974488627942","2728","tags=50%, list=20%, signal=40%","WNK1/TRPV3/MPV17/KIF1A/GJB2","0.3524878575836192"
"HP_ORTHOSTATIC_HYPOTENSION","HP_ORTHOSTATIC_HYPOTENSION","32","0.5211768920736457","1.637636572937170","0.01129420316820040938455","0.20868903095970242623","0.07702639153600354671","2635","tags=44%, list=19%, signal=36%","SAA1/LEPR/CAV1/GBA1/ATP7A/GSN/GBE1/COL1A1/LMNB1/COL5A2/HEXB/B2M/SPG11/COQ2","0.3807304007227924"
"HP_NIGHT_SWEATS","HP_NIGHT_SWEATS","15","-0.6047358100719840","-1.637009516091102","0.02268825529286238804061","0.26429721630860686377","0.09755117828494613841","793","tags=33%, list=6%, signal=31%","SDHD/SLC25A13/UBA1/TH/NAB2","0.3524878575836192"
"HP_RECURRENT_THROMBOPHLEBITIS","HP_RECURRENT_THROMBOPHLEBITIS","5","0.8369369469663551","1.636937734784520","0.00874250951242767221361","0.19510893719100630417","0.07201402641593543374","257","tags=40%, list=2%, signal=39%","TGFB2/F13A1","0.3807304007227924"
"HP_ABNORMALITY_OF_RENAL_EXCRETION","HP_ABNORMALITY_OF_RENAL_EXCRETION","50","0.4636553125622063","1.636639104017302","0.00801944120446645286604","0.18896671670641967955","0.06974695431458674544","1726","tags=30%, list=12%, signal=26%","CD46/CCN2/KCNJ10/CAV1/CYP24A1/ATP1A1/PTPN22/SON/XDH/ACE/MUC1/ENPP1/TMEM67/OBSCN/KCNJ5","0.3807304007227924"
"HP_ANTIMITOCHONDRIAL_ANTIBODY_POSITIVITY","HP_ANTIMITOCHONDRIAL_ANTIBODY_POSITIVITY","5","-0.8303202872039710","-1.635729608457241","0.00681566674801996775362","0.18164605063214600555","0.06704492206714089686","943","tags=80%, list=7%, signal=75%","LBR/LYN/IRF5/TNFSF15","0.4070179189239539"
"HP_MOVEMENT_ABNORMALITY_OF_THE_TONGUE","HP_MOVEMENT_ABNORMALITY_OF_THE_TONGUE","18","0.5851457644386141","1.635699359916358","0.01638332980453320250613","0.24166302412441767467","0.08919697710214817554","1613","tags=33%, list=12%, signal=29%","PLCB4/GAA/ALS2/FRAS1/SH3TC2/EDN1","0.3524878575836192"
"HP_ABNORMAL_FOOT_BONE_OSSIFICATION","HP_ABNORMAL_FOOT_BONE_OSSIFICATION","13","0.6422078525065515","1.635440223353341","0.01857706524056636568365","0.24766150318426649601","0.09141099474629379995","2023","tags=38%, list=15%, signal=33%","COL2A1/ACVR1/CANT1/FLNB/EIF2AK3","0.3524878575836192"
"HP_ABNORMAL_ILIUM_MORPHOLOGY","HP_ABNORMAL_ILIUM_MORPHOLOGY","91","0.4156803570124136","1.635375728068770","0.00333492906330756832059","0.14515423324121995430","0.05357591988102896469","2391","tags=34%, list=17%, signal=28%","HSPG2/CCN2/GPC4/COL2A1/TRPV4/SLC26A2/MAN2B1/WNT7A/ATP7A/PLEKHM1/VANGL1/IDH1/GNPTAB/FN1/CCBE1/GNPTG/CREBBP/FLNB/RIPK4/ENPP1/SOX9/EP300/NKX3-2/GLB1/TMEM67/CTSK/EIF2AK3/ZBTB20/PLCB3/CTNNB1/PIGN","0.4317076958033464"
"HP_POLYPHAGIA","HP_POLYPHAGIA","60","0.4531403641721051","1.635314098479600","0.00266645531672656107766","0.13988144800228249909","0.05162975328841067774","3075","tags=42%, list=22%, signal=33%","HSPG2/LEPR/MN1/TRANK1/RERE/GRN/NTRK2/UCP2/PTPN22/SLC2A3/MAN1B1/BBS9/ALMS1/SATB2/RFX7/UBE4B/LUZP1/OCA2/HERC2/CTNNB1/SKI/MBD5/CHD8/CASZ1/SRRM2","0.4317076958033464"
"HP_BICONCAVE_VERTEBRAL_BODIES","HP_BICONCAVE_VERTEBRAL_BODIES","25","0.5437855900953850","1.634683282364966","0.02001155101673817229835","0.25505547935783029478","0.09414008549502024537","2151","tags=40%, list=16%, signal=34%","CCN2/COL2A1/NOTCH2/ARSK/COL1A1/FN1/TENT5A/NOTCH3/FKBP10/ZBTB20","0.3524878575836192"
"HP_FOCAL_T2_HYPERINTENSE_BRAINSTEM_LESION","HP_FOCAL_T2_HYPERINTENSE_BRAINSTEM_LESION","35","-0.4796003571432920","-1.634517105323778","0.01509775238368928074184","0.23822818416154717402","0.08792918968358151566","3829","tags=46%, list=28%, signal=33%","NDUFV2/NDUFAF8/PIK3CA/NUBPL/NDUFS3/NDUFB9/NDUFS6/FOXRED1/NDUFV1/KRIT1/NDUFA11/NDUFAF4/MT-ND3/NDUFB11/CCM2/NDUFAF2","0.3807304007227924"
"HP_DELAYED_UMBILICAL_CORD_SEPARATION","HP_DELAYED_UMBILICAL_CORD_SEPARATION","5","0.8354089315039366","1.633949139073895","0.00908201397816539059138","0.19915422970735568997","0.07350712973722192678","1733","tags=60%, list=13%, signal=53%","ITGB2/RAC2/IL6ST","0.3807304007227924"
"HP_MYELOPROLIFERATIVE_DISORDER","HP_MYELOPROLIFERATIVE_DISORDER","13","0.6415418754045310","1.633744252592122","0.01888927753660646705058","0.24933054333768620014","0.09202703163024215927","1416","tags=31%, list=10%, signal=28%","RUNX1/TET2/JAK2/ALAD","0.3524878575836192"
"HP_SUBRETINAL_DEPOSITS","HP_SUBRETINAL_DEPOSITS","5","0.8346974298082080","1.632557536064466","0.00908201397816539059138","0.19915422970735568997","0.07350712973722192678","1368","tags=60%, list=10%, signal=54%","TIMP3/CDH3/KIAA0586","0.3807304007227924"
"HP_CUTANEOUS_FINGER_SYNDACTYLY","HP_CUTANEOUS_FINGER_SYNDACTYLY","47","0.4722184961530642","1.631948871718601","0.00627494041930251687106","0.17829445416021405535","0.06580785952997492139","3469","tags=51%, list=25%, signal=38%","CDH11/ANTXR1/GPC4/FGFR2/GLI3/SETBP1/JUP/CCBE1/CDH3/FRAS1/NEDD4L/WDPCP/CPLANE1/NECTIN4/DSP/KAT6A/EFNB1/TMEM53/MEGF8/IRF6/ORC1/NOG/MYH3/ROR2","0.4070179189239539"
"HP_LONG_PALM","HP_LONG_PALM","5","-0.8280573331947398","-1.631271592758334","0.00742342532754481244234","0.18513974558391166347","0.06833443265629125796","1609","tags=80%, list=12%, signal=71%","UPF3B/SLC2A10/SMS/POR","0.4070179189239539"
"HP_ABNORMAL_2ND_FINGER_MORPHOLOGY","HP_ABNORMAL_2ND_FINGER_MORPHOLOGY","36","0.4980116606924384","1.631036582298684","0.00896800838239922293305","0.19854670350993020023","0.07328289394228783282","1291","tags=31%, list=9%, signal=28%","MYCN/GPC4/MED12/COL2A1/CANT1/FGFR2/LFNG/CSGALNACT1/COL1A1/INTU/NEDD4L","0.3807304007227924"
"HP_ABNORMAL_LOWER_LIMB_EPIPHYSIS_MORPHOLOGY","HP_ABNORMAL_LOWER_LIMB_EPIPHYSIS_MORPHOLOGY","69","0.4373738711711702","1.630893033826358","0.00611507151591946310210","0.17829445416021405535","0.06580785952997492139","1736","tags=30%, list=13%, signal=27%","EXT1/HSPG2/COL2A1/TRPV4/SLC26A2/CANT1/ATP7A/BMP4/COL1A1/SMARCAL1/WNT5A/FN1/TG/GNPTG/CREBBP/SIL1/EP300/KIAA0586/GLB1/TINF2/SRCAP","0.4070179189239539"
"HP_CHOROIDAL_NEOVASCULARIZATION","HP_CHOROIDAL_NEOVASCULARIZATION","12","0.6406350338091141","1.629632863429856","0.02941058704981305838011","0.29109573757930068405","0.10744241877080078218","1399","tags=42%, list=10%, signal=37%","TIMP3/CHM/XYLT2/ENPP1/APOE","0.3524878575836192"
"HP_APNEIC_EPISODES_IN_INFANCY","HP_APNEIC_EPISODES_IN_INFANCY","11","0.6728105205638757","1.629403149686033","0.03138912353822162493167","0.29991615195640874969","0.11069800287216215173","2783","tags=55%, list=20%, signal=44%","SCN5A/FGF13/CC2D2A/NACC1/PLA2G6/HACD1","0.3217759180753611"
"HP_UVEAL_ECTROPION","HP_UVEAL_ECTROPION","5","0.8324496504665478","1.628161177608587","0.00993077667792518527234","0.20241713859069759840","0.07471145799558223666","534","tags=60%, list=4%, signal=58%","COL8A2/LAMB2/ZEB1","0.3807304007227924"
"HP_INCREASED_FEMORAL_ANTEVERSION","HP_INCREASED_FEMORAL_ANTEVERSION","5","0.8322108438531556","1.627694103525892","0.00993077667792518527234","0.20241713859069759840","0.07471145799558223666","341","tags=40%, list=2%, signal=39%","KIFBP/SLC26A2","0.3807304007227924"
"HP_THROMBOEMBOLISM","HP_THROMBOEMBOLISM","72","0.4384157928334937","1.627511401731364","0.00480090615415027909679","0.16071467167839217915","0.05931922329291239998","2009","tags=29%, list=15%, signal=25%","TPM1/GJA5/SCN3B/JPH2/SCN5A/F13A1/DMD/DES/VCL/SCN1B/KCNN4/CAP2/JAK2/CITED2/MAN2B2/KIF20A/MMACHC/KCNJ5/PRKAR1A/RBM20/LMNA","0.4070179189239539"
"HP_HEMOPHAGOCYTOSIS","HP_HEMOPHAGOCYTOSIS","17","0.5985499477237867","1.627307272735715","0.01544570732431863394063","0.23822818416154717402","0.08792918968358151566","3799","tags=65%, list=27%, signal=47%","ZNFX1/NHEJ1/JAK2/PRF1/HAVCR2/CBLB/STX11/LYST/CALR/RAB27A/SLC7A7","0.3807304007227924"
"HP_ABNORMAL_URINE_CARBOHYDRATE_LEVEL","HP_ABNORMAL_URINE_CARBOHYDRATE_LEVEL","39","0.4909614688375051","1.627192687612556","0.01491977822187767581397","0.23820431001346303868","0.08792037781901222704","2013","tags=38%, list=15%, signal=33%","FUCA1/MAN2B1/FGFR2/GAA/MANBA/GNPTAB/CASP10/DCXR/KLF6/PEX12/APC/GLB1/NEU1/HEXB/IL1B","0.3807304007227924"
"HP_FACIAL_HYPOTONIA","HP_FACIAL_HYPOTONIA","43","0.4739853311065675","1.626830570891772","0.00930320100921255832560","0.19960574520538296173","0.07367378252858181042","3075","tags=49%, list=22%, signal=38%","SLC1A3/SLC2A1/GPC4/MAN2B1/XYLT2/ZBTB11/GAA/DYNC1H1/VPS13B/RHOBTB2/POGZ/DSE/CAMK2G/ZMIZ1/SATB2/PURA/RAB11B/MECP2/TET3/HERC1/SRRM2","0.3807304007227924"
"HP_MITRAL_VALVE_CALCIFICATION","HP_MITRAL_VALVE_CALCIFICATION","6","0.8023483761637200","1.626621959850690","0.01436344316128919731956","0.23684763693556101782","0.08741963453028128717","2545","tags=67%, list=18%, signal=54%","IFIH1/GBA1/LMNA/FBN1","0.3807304007227924"
"HP_ABNORMAL_ISCHIUM_MORPHOLOGY","HP_ABNORMAL_ISCHIUM_MORPHOLOGY","20","0.5714753887877493","1.625811448182532","0.01649573219202421850427","0.24166302412441767467","0.08919697710214817554","565","tags=25%, list=4%, signal=24%","HSPG2/CCN2/COL2A1/CAV1/FGFR2","0.3524878575836192"
"HP_HYPOPLASTIC_ILIAC_WING","HP_HYPOPLASTIC_ILIAC_WING","23","0.5487795382466445","1.625801956507261","0.01993261052802347901847","0.25463337173385397483","0.09398428704713240878","1739","tags=43%, list=13%, signal=38%","COL2A1/WNT7A/FN1/CCBE1/CREBBP/RIPK4/SOX9/EP300/NKX3-2/CTSK","0.3524878575836192"
"HP_PNEUMOTHORAX","HP_PNEUMOTHORAX","63","0.4393978318226666","1.625420730617394","0.00694311044446165384625","0.18285717886195929083","0.06749194526141659434","2752","tags=33%, list=20%, signal=27%","EXT1/LAMC2/SLC26A9/SERPINA1/TGFB2/CAV1/SLC25A24/LTBP1/ABCA3/KCNN4/TGFBR2/DSE/LAMA3/HFE/CHST14/SMAD3/TGFB3/TXNDC15/FBN1/HMOX1/SFTPB","0.4070179189239539"
"HP_IRREGULAR_ACETABULAR_ROOF","HP_IRREGULAR_ACETABULAR_ROOF","6","0.8015841467836371","1.625072617533890","0.01515699569439028782103","0.23822818416154717402","0.08792918968358151566","765","tags=50%, list=6%, signal=47%","COL2A1/TRPV4/ARSK","0.3807304007227924"
"HP_APLASIA_HYPOPLASIA_INVOLVING_THE_PELVIS","HP_APLASIA_HYPOPLASIA_INVOLVING_THE_PELVIS","63","0.4392672326860989","1.624937618210814","0.00702245941935934845507","0.18407456128952784380","0.06794127685821264861","1002","tags=22%, list=7%, signal=21%","HSPG2/CCN2/COL2A1/DDRGK1/TRPV4/SLC26A2/CANT1/WNT7A/FGFR2/SETBP1/EXOC6B/SMARCAL1/FN1/INTU","0.4070179189239539"
"HP_ACUTE_ENCEPHALOPATHY","HP_ACUTE_ENCEPHALOPATHY","19","-0.5599656771409296","-1.623989038106764","0.02477018791459996427395","0.27367484542333536668","0.10101242839736813972","2049","tags=37%, list=15%, signal=31%","SLC22A5/PCK2/MPV17/ABCB1/MYRF/PCCA/SLC25A15","0.3524878575836192"
"HP_VITILIGO","HP_VITILIGO","26","0.5343219870293521","1.623518954649903","0.01667286134817760889781","0.24190885251128713129","0.08928771150007312751","2606","tags=46%, list=19%, signal=38%","CAT/KITLG/LRBA/PTPN22/SLX4/FAS/POGZ/DSTYK/CBLB/EMC1/CXCR4/NBN","0.3524878575836192"
"HP_CORNEAL_STROMAL_EDEMA","HP_CORNEAL_STROMAL_EDEMA","10","0.7073782980534894","1.623363933226537","0.01779317218975476344589","0.24586876243857164193","0.09074930040632100958","534","tags=40%, list=4%, signal=38%","COL8A2/SLC4A11/TGFBI/ZEB1","0.3524878575836192"
"HP_HALLUCINATIONS","HP_HALLUCINATIONS","122","0.3969991947124378","1.622895331516477","0.00143025082102170970032","0.13306312222328009476","0.04911313308725177157","2143","tags=29%, list=15%, signal=24%","WFS1/APP/PRNP/MED12/GBA1/MAN2B1/TRANK1/GRN/CTSH/ZDHHC9/PTPN22/BCKDHA/SYNJ1/CHI3L1/VPS13C/ECM1/SON/APOL2/SLC2A3/TNFSF4/P4HA2/CPOX/ALAD/SEMA4A/COMT/SQSTM1/TGFBR2/HTRA1/MMACHC/PPT1/PMS1/MLH1/FIG4/TREM2/NPRL3","0.4550598673872295"
"HP_ABNORMAL_HEART_SOUND","HP_ABNORMAL_HEART_SOUND","31","0.5086533159117729","1.622806828645956","0.01934136700132840433475","0.25112144024855592717","0.09268804541722891477","2040","tags=45%, list=15%, signal=39%","LDLR/PEX2/BMPR2/GAA/GNPTAB/SPTBN1/CITED2/FOCAD/SMAD6/CIC/SLC25A4/PCSK9/PRKAR1A/FIG4","0.3524878575836192"
"HP_DELUSION","HP_DELUSION","22","0.5668304755761123","1.621520757468346","0.00958597417205842537713","0.20101606971369306853","0.07419432837265588221","1547","tags=41%, list=11%, signal=36%","PRNP/GBA1/MAN2B1/TRANK1/CHI3L1/APOL2/SLC2A3/COMT/HTRA1","0.3807304007227924"
"HP_ABNORMAL_INCISOR_MORPHOLOGY","HP_ABNORMAL_INCISOR_MORPHOLOGY","54","0.4612625483498549","1.620631970515460","0.00747111455014247503176","0.18513974558391166347","0.06833443265629125796","2974","tags=46%, list=21%, signal=36%","KCNMA1/CDH1/DLG1/FGFR2/TGFA/BMP4/FGF3/MSX1/VPS13B/CCBE1/CREBBP/EDA/WNT10A/EP300/ARHGEF38/PURA/DYNC2LI1/PRKACB/KAT6A/PRKACA/PPP1R13L/NEK1/IRF6/CKAP2L/FGFR1","0.4070179189239539"
"HP_RECTAL_ABSCESS","HP_RECTAL_ABSCESS","7","0.7727357942544186","1.619565765320907","0.01538578053506033105347","0.23822818416154717402","0.08792918968358151566","658","tags=43%, list=5%, signal=41%","ITGB2/RAC2/VANGL1","0.3807304007227924"
"HP_GASTRIC_ULCER","HP_GASTRIC_ULCER","5","0.8277981341318084","1.619063428202373","0.01128880053097805480355","0.20868903095970242623","0.07702639153600354671","1758","tags=60%, list=13%, signal=52%","WFS1/STAT3/ARID1B","0.3807304007227924"
"HP_NEONATAL_SHORT_LIMB_SHORT_STATURE","HP_NEONATAL_SHORT_LIMB_SHORT_STATURE","10","0.7052649995585445","1.618514120097867","0.01812574525447720186211","0.24627082244286016555","0.09089769934788913264","2492","tags=70%, list=18%, signal=57%","COL2A1/SLC26A2/COL1A1/SOX9/DYNC2LI1/PRKACB/PRKACA","0.3524878575836192"
"HP_RESTRICTIVE_CARDIOMYOPATHY","HP_RESTRICTIVE_CARDIOMYOPATHY","17","0.5952903698086558","1.618445297444408","0.01639158302198309019593","0.24166302412441767467","0.08919697710214817554","1398","tags=35%, list=10%, signal=32%","XYLT2/DES/MYL3/SPTB/ENPP1/KIF20A","0.3524878575836192"
"HP_WHITE_FORELOCK","HP_WHITE_FORELOCK","11","0.6682645797033153","1.618393853413026","0.03400896767061200448579","0.30608511326860066148","0.11297494491946655226","3024","tags=55%, list=22%, signal=43%","KITLG/SNAI2/MITF/LMNA/EDN3/TFAP2A","0.3217759180753611"
"HP_ABNORMAL_RADIAL_EPIPHYSIS_MORPHOLOGY","HP_ABNORMAL_RADIAL_EPIPHYSIS_MORPHOLOGY","4","0.9072307780562586","1.618268105308021","0.00318331928124808037281","0.14265891327335147865","0.05265490600709055863","341","tags=50%, list=2%, signal=49%","IFIH1/SLC26A2","0.4317076958033464"
"HP_HYPOPLASTIC_ISCHIA","HP_HYPOPLASTIC_ISCHIA","13","0.6349408578734492","1.616934166039526","0.02482132843141281880461","0.27367484542333536668","0.10101242839736813972","565","tags=23%, list=4%, signal=22%","HSPG2/COL2A1/FGFR2","0.3524878575836192"
"HP_SQUAMOUS_CELL_CARCINOMA_OF_THE_SKIN","HP_SQUAMOUS_CELL_CARCINOMA_OF_THE_SKIN","19","0.5812211451889056","1.616690652652631","0.01372019065674227357443","0.22964788999854462981","0.08476223311353957290","2740","tags=47%, list=20%, signal=38%","KRT5/IL7/KRT14/TINF2/ERCC4/LMNA/OCA2/MC1R/DDB2","0.3807304007227924"
"HP_FLATTENED_FEMORAL_EPIPHYSIS","HP_FLATTENED_FEMORAL_EPIPHYSIS","10","0.7043816854246562","1.616487000647625","0.01845831849041135869216","0.24766150318426649601","0.09141099474629379995","1092","tags=40%, list=8%, signal=37%","COL2A1/TRPV4/SLC26A2/GNPTG","0.3524878575836192"
"HP_ANTERIOR_CREASES_OF_EARLOBE","HP_ANTERIOR_CREASES_OF_EARLOBE","4","0.9061285484988365","1.616302009160660","0.00334348422797843330620","0.14515423324121995430","0.05357591988102896469","858","tags=75%, list=6%, signal=70%","GPC4/RERE/PRR12","0.4317076958033464"
"HP_ABNORMAL_HELIX_MORPHOLOGY","HP_ABNORMAL_HELIX_MORPHOLOGY","165","0.3784726968138834","1.615938932956344","0.00097859897208392551855","0.12204889481599892620","0.04504782026827737484","2545","tags=32%, list=18%, signal=27%","HSPG2/AFF2/AASS/GPC4/PGM2L1/MED12/COL2A1/SLC16A2/PLCB4/SLC26A2/PEX2/XYLT2/FGFR2/NF1/PIGS/SETBP1/NR2F1/ACBD5/MAP1B/DYRK1A/JUP/SLC25A12/FN1/MAPRE2/POGZ/PGAP3/CREBBP/FRAS1/ABCA12/NFIX/TMEM94/ZNF462/EP300/KIAA0586/CPOX/FOXP1/COMT/RIT1/EDN1/DACT1/ZMIZ1/CSNK2A1/KMT2D/AFF4/LMNA/AHDC1/TGFB3/DSP/PIGO/PIGN/SOS1/PIGV/FBN1","0.4550598673872295"
"HP_NORMOCHROMIC_ANEMIA","HP_NORMOCHROMIC_ANEMIA","36","-0.4765354056606744","-1.615916781257996","0.01218451506026609239275","0.21632380252363794804","0.07984435902124813189","2969","tags=39%, list=21%, signal=31%","RPL5/RPS15A/ABCD4/RPS26/RPL18/RPL35A/RPL26/RPL35/RPS19/RPS17/RPS7/RPL8/TPI1/TSR2","0.3807304007227924"
"HP_INCREASED_CORNEAL_THICKNESS","HP_INCREASED_CORNEAL_THICKNESS","3","0.9520409818683483","1.615898414532941","0.00192880669484658470725","0.13939466000156897074","0.05145008153965821562","565","tags=67%, list=4%, signal=64%","SLC4A11/FGFR2","0.4550598673872295"
"HP_ACRAL_BLISTERING","HP_ACRAL_BLISTERING","9","0.7004587382782661","1.615770332983640","0.02025362638576493068410","0.25696210462487606430","0.09484381421356635755","320","tags=33%, list=2%, signal=33%","KRT5/ITGB4/KRT14","0.3524878575836192"
"HP_DYSGENESIS_OF_THE_BASAL_GANGLIA","HP_DYSGENESIS_OF_THE_BASAL_GANGLIA","5","0.8255271437461204","1.614621672020931","0.01298633462442878340470","0.22411509785077871060","0.08272009888012393786","423","tags=40%, list=3%, signal=39%","TUBA1A/TUBB2B","0.3807304007227924"
"HP_FACIAL_ERYTHEMA","HP_FACIAL_ERYTHEMA","11","-0.6517385805233514","-1.614547175256936","0.02936407364621133539440","0.29109573757930068405","0.10744241877080078218","2047","tags=36%, list=15%, signal=31%","ADGRE2/ANAPC1/KCNQ2/GNB2","0.3524878575836192"
"HP_PURPURA","HP_PURPURA","92","0.4165351407811738","1.612883116423364","0.00260118939088835147977","0.13988144800228249909","0.05162975328841067774","1872","tags=29%, list=14%, signal=26%","RUNX1/CD109/SAMD9/PTPRJ/PROS1/F13A1/NR3C1/GBA1/FUCA1/STAT3/TET2/PTPN22/COL1A1/CASP10/JAK2/PRF1/ARL6IP6/PML/PROC/COL5A2/STIM1/COMT/MVK/DCLRE1B/NEU1/NABP1/PRKAR1A","0.4317076958033464"
"HP_COMPENSATORY_CHIN_ELEVATION","HP_COMPENSATORY_CHIN_ELEVATION","5","0.8241961782656876","1.612018479956686","0.01349559553441193049395","0.22794840238518876419","0.08413495817860436321","1295","tags=60%, list=9%, signal=54%","TUBA1A/TUBB2B/AHR","0.3807304007227924"
"HP_LENTICONUS","HP_LENTICONUS","7","0.7691323264276977","1.612013309265440","0.01635241786150578094383","0.24166302412441767467","0.08919697710214817554","1587","tags=71%, list=11%, signal=63%","COL4A4/LAMB2/COL4A3/RLBP1/COL4A5","0.3524878575836192"
"HP_ABNORMALITY_OF_THE_EXTRINSIC_PATHWAY","HP_ABNORMALITY_OF_THE_EXTRINSIC_PATHWAY","18","-0.5740388560785569","-1.611776536938460","0.01796196372674776359224","0.24606281569107607554","0.09082092478321089624","2107","tags=44%, list=15%, signal=38%","VKORC1/AHCY/PMM2/SLC37A4/ALG9/DPM1/DPM2/DPAGT1","0.3524878575836192"
"HP_MIGRAINE","HP_MIGRAINE","110","0.3995540714234419","1.611293490837500","0.00168562381276748159825","0.13939466000156897074","0.05145008153965821562","2135","tags=28%, list=15%, signal=24%","APP/SLC1A3/SLC2A1/MYORG/KCNJ10/TET2/FGFR2/NF1/CTSH/FRMD5/FAS/ERAP1/SMARCAL1/SQOR/JAK2/PDGFB/NFIX/ANO1/TNFSF4/SLC25A4/NOTCH3/STIM1/SEMA4A/TGFBR2/PLAAT3/IL10/MVK/SUFU/PMS1/MLH1/SMAD3","0.4550598673872295"
"HP_TALIPES_EQUINOVALGUS","HP_TALIPES_EQUINOVALGUS","12","-0.6266610082543744","-1.611254978789392","0.02792747227002177409783","0.28915225798718613426","0.10672508724975236782","2328","tags=50%, list=17%, signal=42%","TTI1/LMX1B/CLTCL1/ATAD3A/OTUD5/CHST3","0.3524878575836192"
"HP_PALMOPLANTAR_BLISTERING","HP_PALMOPLANTAR_BLISTERING","9","0.6984547460371729","1.611147660677992","0.02091226662023127833012","0.25997643312891549616","0.09595639232321843959","320","tags=33%, list=2%, signal=33%","KRT6A/KRT5/KRT14","0.3524878575836192"
"HP_LOCALIZED_HIRSUTISM","HP_LOCALIZED_HIRSUTISM","17","0.5921132729841659","1.609807567563486","0.01732821735834536025500","0.24392470883170835894","0.09003175701843617318","4295","tags=71%, list=31%, signal=49%","GNS/SLC25A12/CREBBP/EP300/CPOX/ARID1B/AFF4/CKAP2L/PPP1R21/WNT4/WASHC4/FLNA","0.3524878575836192"
"HP_VAGINAL_FISTULA","HP_VAGINAL_FISTULA","27","-0.5074844367561755","-1.609242294069951","0.01551618659619262603766","0.23822818416154717402","0.08792918968358151566","2182","tags=41%, list=16%, signal=34%","TCOF1/POLR1B/POLR1C/DYNC2I1/LONP1/MNX1/SALL4/WDR35/SLC35A2/POLR1D/POR","0.3807304007227924"
"HP_SYNKINESIS","HP_SYNKINESIS","21","0.5746259056852923","1.609160245484746","0.01340193433629289880560","0.22705655215481596043","0.08380577937739830396","1150","tags=24%, list=8%, signal=22%","ROBO1/IL17RD/SEMA3A/FLRT3/KNL1","0.3807304007227924"
"HP_MITTEN_DEFORMITY","HP_MITTEN_DEFORMITY","8","0.7247741900811961","1.608645460025900","0.02203741921372442957860","0.26321828337052644020","0.09715294791055853474","186","tags=38%, list=1%, signal=37%","LAMC2/KRT5/ITGB4","0.3524878575836192"
"HP_ABSENT_TOE","HP_ABSENT_TOE","57","0.4472903256183253","1.608020419064976","0.00891069884273046862455","0.19806701387621286625","0.07310584217597046464","3469","tags=49%, list=25%, signal=37%","ROBO1/GPC4/TRPV4/ACVR1/WNT7A/FGFR2/NOTCH2/GLI3/RIPK4/APC/CHST11/DACT1/ARID1B/SMARCA4/LMNA/FIG4/TPR/KAT6A/SF3B4/RBPJ/NEK1/EOGT/FGFR1/ARHGAP31/DLL4/NOG/FGFRL1/ROR2","0.3807304007227924"
"HP_ABNORMAL_DENTIN_MORPHOLOGY","HP_ABNORMAL_DENTIN_MORPHOLOGY","22","0.5620410776514293","1.607819821323803","0.01055260532001331755247","0.20743777315466238598","0.07656455665584586956","3684","tags=50%, list=27%, signal=37%","CDH11/STAT3/ZNF469/COL1A1/SPARC/FKBP10/MIA3/P4HB/SERPINH1/PHEX/CCDC134","0.3807304007227924"
"HP_RADIAL_BOWING","HP_RADIAL_BOWING","20","0.5651096752108848","1.607701394430136","0.01921972705564421735058","0.25035365754390237480","0.09240465950589830946","2076","tags=50%, list=15%, signal=43%","CCN2/COL2A1/TRPV4/SLC26A2/WNT7A/GLI3/FLNB/TMEM67/NPR2/B2M","0.3524878575836192"
"HP_SPEECH_APRAXIA","HP_SPEECH_APRAXIA","28","-0.5019394953450748","-1.607404036266513","0.01713298242776197660708","0.24356214449290344848","0.08989793578888063963","854","tags=21%, list=6%, signal=20%","POU4F1/DLAT/SLC6A8/PRKAR1B/SLC25A15/EBF3","0.3524878575836192"
"HP_ABNORMAL_RELATIONSHIP","HP_ABNORMAL_RELATIONSHIP","12","0.6317628586040180","1.607064025446761","0.03316682228610259158819","0.30242494649251938643","0.11162399016211781155","2570","tags=33%, list=19%, signal=27%","SLC2A1/ACOX1/NLGN3/MECP2","0.3217759180753611"
"HP_DYSGENESIS_OF_THE_CEREBELLAR_VERMIS","HP_DYSGENESIS_OF_THE_CEREBELLAR_VERMIS","7","-0.7286088224299114","-1.606488218083689","0.03191002102195521911154","0.29991615195640874969","0.11069800287216215173","1269","tags=57%, list=9%, signal=52%","TMEM216/INPP5E/RAC1/ODC1","0.3217759180753611"
"HP_RED_GREEN_DYSCHROMATOPSIA","HP_RED_GREEN_DYSCHROMATOPSIA","10","-0.6696889516506292","-1.606129325372547","0.02799102004650766764571","0.28915225798718613426","0.10672508724975236782","853","tags=40%, list=6%, signal=38%","PAX6/OPA1/TRIM44/AFG3L2","0.3524878575836192"
"HP_INGUINAL_FRECKLING","HP_INGUINAL_FRECKLING","7","0.7655841223382357","1.604576679676916","0.01762247010593990387273","0.24484200735053368581","0.09037032869391671552","1065","tags=57%, list=8%, signal=53%","KRT5/NF2/NF1/SPRED1","0.3524878575836192"
"HP_UPPER_EXTREMITY_JOINT_DISLOCATION","HP_UPPER_EXTREMITY_JOINT_DISLOCATION","78","0.4221759998234317","1.603736611438599","0.00567261836251176012474","0.17225541115015219340","0.06357886987365890530","2009","tags=32%, list=15%, signal=28%","HSPG2/SLC26A2/CANT1/NOTCH2/ERMARD/CSGALNACT1/MAP1B/EXOC6B/COL1A1/WNT5A/CREBBP/DONSON/FLNB/NEDD4L/APC/SOX9/EP300/COL5A2/MAFB/SRCAP/TMTC3/ARID1B/SLC35B2/PRKAR1A/LMNA","0.4070179189239539"
"HP_ABNORMAL_HEMOGLOBIN","HP_ABNORMAL_HEMOGLOBIN","61","-0.4188889233216278","-1.602828726207643","0.01001704392881803788729","0.20241713859069759840","0.07471145799558223666","3040","tags=31%, list=22%, signal=24%","BCL11A/RPL5/RPS15A/KCNJ11/RPS26/RPL18/RPL35A/RPL26/RPL35/APPL1/NARS2/RPS19/RPS17/RPS7/RPL8/SBDS/DNAJC3/TSR2/HNF4A","0.3807304007227924"
"HP_DIGITAL_FLEXOR_TENOSYNOVITIS","HP_DIGITAL_FLEXOR_TENOSYNOVITIS","5","0.8194337386541870","1.602703779323675","0.01468387193206689179947","0.23820431001346303868","0.08792037781901222704","2087","tags=80%, list=15%, signal=68%","PTPN22/SLC22A4/IL10/CIITA","0.3807304007227924"
"HP_APLASIA_HYPOPLASIA_INVOLVING_BONES_OF_THE_FEET","HP_APLASIA_HYPOPLASIA_INVOLVING_BONES_OF_THE_FEET","247","0.3592017479492822","1.602653357131804","0.00008356715544094630969","0.03869855689877822053","0.01428350202143203670","3339","tags=38%, list=24%, signal=29%","ROBO1/HSPG2/MYCN/CUL4B/WLS/GPC4/IGF1R/COL2A1/TRPV4/SLC26A2/ACVR1/CANT1/WNT7A/RERE/FGFR2/NOTCH2/GLI3/PIGS/ASAH1/DYRK1A/DYNC1H1/PHF6/DYNC2H1/VPS13B/TBX3/CCBE1/SON/CERT1/PPM1D/FLNB/SIL1/KIF5C/RIPK4/APC/SOX9/EP300/CHST11/RNF2/ALMS1/DACT1/CAMK2G/ZMIZ1/KCNJ5/NPR2/CTSK/ARL6/ARID1B/SATB2/SMARCA4/PRKAR1A/LMNA/AHDC1/FIG4/CDC42BPB/ZNF407/MIA3/UBE4B/LUZP1/PDE4D/OCA2/HERC2/POC1A/DYNC2LI1/HEPHL1/PIGN/TPR/KAT6A/SKI/TBCE/SF3B4/RBPJ/PIGV/FBN1/MECP2/MBD5/NEK1/WDR26/ADAMTSL2/CCDC47/UBE2A/EOGT/FGFR1/ASCC3/HDAC8/CASZ1/RAG1/TONSL/ARHGAP31/DLL4/SMARCA2/NOG/COG4/HTT/KNSTRN","0.5384340963099162"
"HP_POOR_WOUND_HEALING","HP_POOR_WOUND_HEALING","37","0.4878561447841017","1.601343467341448","0.01307104207770153243839","0.22487857840801059317","0.08300189688388592835","1615","tags=27%, list=12%, signal=24%","ITGB2/CD46/RAC2/ATL3/F13A1/NR3C1/PLOD1/COL1A1/COL5A2/DSE","0.3807304007227924"
"HP_DECREASED_CALVARIAL_OSSIFICATION","HP_DECREASED_CALVARIAL_OSSIFICATION","16","0.5931278672104147","1.601242817307505","0.01903619422940165673008","0.24933054333768620014","0.09202703163024215927","2335","tags=38%, list=17%, signal=31%","WNT7A/FGFR2/COL1A1/INTU/FIG4/TXNDC15","0.3524878575836192"
"HP_ABNORMAL_MAGNESIUM_CONCENTRATION","HP_ABNORMAL_MAGNESIUM_CONCENTRATION","21","0.5716629983537930","1.600863033956808","0.01452543688115336129041","0.23820431001346303868","0.08792037781901222704","1055","tags=29%, list=8%, signal=26%","TIAM1/TRPM6/KCNJ10/ATP1A1/EGF/CNNM2","0.3807304007227924"
"HP_INTRA_EPIDERMAL_BLISTERING","HP_INTRA_EPIDERMAL_BLISTERING","4","0.8971181272239076","1.600229717834911","0.00532686511309161773997","0.16394374466690184167","0.06051106284081517878","320","tags=75%, list=2%, signal=73%","KRT5/ITGB4/KRT14","0.4070179189239539"
"HP_TONGUE_MUSCLE_WEAKNESS","HP_TONGUE_MUSCLE_WEAKNESS","15","0.6132327220885763","1.599378651071176","0.02456144924689297043274","0.27367484542333536668","0.10101242839736813972","1613","tags=40%, list=12%, signal=35%","PLCB4/GAA/ALS2/FRAS1/SH3TC2/EDN1","0.3524878575836192"
"HP_HYPERORALITY","HP_HYPERORALITY","14","0.6085307724563107","1.597903102810083","0.03309716139885949398591","0.30242494649251938643","0.11162399016211781155","2214","tags=36%, list=16%, signal=30%","PRNP/GRN/SQSTM1/TREM2/DCTN1","0.3217759180753611"
"HP_REPETITIVE_COMPULSIVE_BEHAVIOR","HP_REPETITIVE_COMPULSIVE_BEHAVIOR","12","0.6280539082472336","1.597629281682738","0.03440666804900925634936","0.30689864261371496701","0.11327521575581396551","1465","tags=50%, list=11%, signal=45%","AUTS2/TRANK1/GRN/NR2F1/SPTBN1/FOXP1","0.3217759180753611"
"HP_MALIGNANT_GENITOURINARY_TRACT_TUMOR","HP_MALIGNANT_GENITOURINARY_TRACT_TUMOR","34","-0.4788213669243059","-1.597618665270303","0.01258029977220048896414","0.22053225815179217095","0.08139768527651597418","2969","tags=41%, list=21%, signal=32%","RPL5/RPS15A/RPS26/RPL18/RPL35A/RPL26/RPL35/RPS19/PMS2/KRAS/RPS17/RPS7/RPL8/TSR2","0.3807304007227924"
"HP_CERVICAL_MYELOPATHY","HP_CERVICAL_MYELOPATHY","8","0.7197984924835670","1.597601836425022","0.02481131740687357589703","0.27367484542333536668","0.10101242839736813972","1480","tags=38%, list=11%, signal=34%","EXT1/COL2A1/GLB1","0.3524878575836192"
"HP_ABNORMAL_CONSUMPTION_BEHAVIOR","HP_ABNORMAL_CONSUMPTION_BEHAVIOR","129","0.3858188158899735","1.597374805600515","0.00304582602272380478445","0.13988144800228249909","0.05162975328841067774","3075","tags=36%, list=22%, signal=28%","HSPG2/LEPR/WFS1/KCNJ10/PGM2L1/SNAP25/MN1/TRANK1/RERE/GRN/NTRK2/UCP2/PTPN22/DPYD/COL13A1/CACNA1D/MYO9A/ASH1L/ARID1A/SLC2A3/MAN1B1/MAN2B2/LRIG2/BBS9/ALMS1/TMEM67/KCNJ5/ARID1B/SATB2/RFX7/SMARCA4/CDC73/UBE4B/LUZP1/OCA2/HERC2/CTNNB1/SKI/PLA2G6/MBD5/CHD8/DNM1/ARID2/FGFR1/CASZ1/SRRM2","0.4317076958033464"
"HP_SCARRING","HP_SCARRING","88","0.4075886462249925","1.596952798413400","0.00621687465733462927414","0.17829445416021405535","0.06580785952997492139","2326","tags=34%, list=17%, signal=29%","TNFRSF11B/LAMC2/KRT5/DST/ITGB4/TGFB2/TGFBI/KRT14/ZNF469/ATP7A/PLOD1/LSS/COL1A1/ECM1/NCSTN/CREBBP/APC/EP300/NOTCH3/CPOX/COL5A2/TGFBR2/DSE/ERCC4/LAMA3/CHST14/SMAD3/TGFB3/COL6A3/RHOA","0.4070179189239539"
"HP_PREMATURE_LOSS_OF_TEETH","HP_PREMATURE_LOSS_OF_TEETH","49","0.4597949550005275","1.596787675469331","0.00860076944347068321484","0.19349990201362990416","0.07142013715880561608","2097","tags=33%, list=15%, signal=28%","TNFRSF11B/CDH11/CAT/VDR/ITGB4/KRT14/PLEKHM1/NOTCH2/WNT10A/TINF2/ERCC4/FOSL2/TRAF6/LMNA/FIG4/MIA3","0.3807304007227924"
"HP_ANONYCHIA","HP_ANONYCHIA","55","0.4437566314533318","1.596353998280037","0.01083638676924038313221","0.20856719163725609412","0.07698142106816403818","3251","tags=49%, list=23%, signal=38%","LAMC2/GPC4/ITGB4/KRT14/SLC25A24/WNT7A/SCN1B/JUP/RHOBTB2/PIGP/ARID1A/WNT10A/RIPK4/APC/ATP2A2/ARID1B/LAMA3/FIG4/ZBTB20/DSP/RBPJ/PLEC/EOGT/SIK1/ARHGAP31/DLL4/NOG","0.3807304007227924"
"HP_ABNORMALITY_OF_THE_EXTRAOCULAR_MUSCLES","HP_ABNORMALITY_OF_THE_EXTRAOCULAR_MUSCLES","9","0.6918945637876653","1.596015080729351","0.02453479465275210796849","0.27367484542333536668","0.10101242839736813972","423","tags=22%, list=3%, signal=22%","TUBA1A/TUBB2B","0.3524878575836192"
"HP_HYPOPLASTIC_DERMOEPIDERMAL_HEMIDESMOSOMES","HP_HYPOPLASTIC_DERMOEPIDERMAL_HEMIDESMOSOMES","7","0.7610545881140705","1.595083294464464","0.01984506723454895413261","0.25463337173385397483","0.09398428704713240878","283","tags=43%, list=2%, signal=42%","LAMC2/ITGB4/ITGA6","0.3524878575836192"
"HP_ABNORMAL_RENAL_INSTERSTITIAL_MORPHOLOGY","HP_ABNORMAL_RENAL_INSTERSTITIAL_MORPHOLOGY","52","-0.4380806616712775","-1.594870343795990","0.00614096325437191083857","0.17829445416021405535","0.06580785952997492139","1697","tags=37%, list=12%, signal=32%","LIMK1/CLCNKB/ACP5/GTF2I/MRPL3/DPH2/DNAJC30/VPS37D/TRAF3IP1/SLC37A4/PSKH1/PUS3/BAZ1B/RFC2/TBL2/EIF4H/BUD23/TULP3/ALG5","0.4070179189239539"
"HP_BASAL_GANGLIA_CYSTS","HP_BASAL_GANGLIA_CYSTS","8","-0.7031582425363225","-1.593782137503957","0.03118445763580409216265","0.29990304071803330910","0.11069316355992812884","1001","tags=38%, list=7%, signal=35%","LONP1/GFM1/PDHA1","0.3524878575836192"
"HP_CEREBRAL_VENOUS_THROMBOSIS","HP_CEREBRAL_VENOUS_THROMBOSIS","6","0.7860858515895244","1.593652516176512","0.01923718045190684136636","0.25035365754390237480","0.09240465950589830946","2020","tags=67%, list=15%, signal=57%","PROS1/F13A1/PROC/PGM1","0.3524878575836192"
"HP_GASTRITIS","HP_GASTRITIS","19","0.5729058149319816","1.593561217649506","0.01586187297818471286792","0.23822818416154717402","0.08792918968358151566","1063","tags=47%, list=8%, signal=44%","IFIH1/CDH1/CARD8/STAT3/LRBA/FAS/CASP10/DEF6/FOCAD","0.3524878575836192"
"HP_DYSOSTOSIS_MULTIPLEX","HP_DYSOSTOSIS_MULTIPLEX","23","0.5378183262263552","1.593328515523628","0.02601879943335181841202","0.28129663122789116958","0.10382560288423721417","3355","tags=57%, list=24%, signal=43%","FUCA1/MAN2B1/GNS/SUMF1/GNPTAB/GNPTG/GLB1/NEU1/NAGLU/AGA/HGSNAT/FGFR1/GNE","0.3524878575836192"
"HP_LEFT_VENTRICULAR_SYSTOLIC_DYSFUNCTION","HP_LEFT_VENTRICULAR_SYSTOLIC_DYSFUNCTION","76","0.4221878514650662","1.593279559818677","0.00474444120654702976292","0.16038176097211354065","0.05919634711542275801","2692","tags=33%, list=19%, signal=27%","TPM1/GJA5/DYSF/JPH2/SCN5A/DMD/SLC6A6/DES/VCL/GNPTAB/CAP2/LAMP2/MYL3/SLC25A4/ENPP1/KCNJ5/RBM20/LMNA/B2M/FHOD3/DSP/TCAP/CRYAB/LAMA2/PPP1R13L","0.4070179189239539"
"HP_ABNORMAL_SCROTUM_MORPHOLOGY","HP_ABNORMAL_SCROTUM_MORPHOLOGY","114","0.3917033632098089","1.592773844810178","0.00390080573482462326929","0.14866439747184909126","0.05487150922341430676","3148","tags=42%, list=23%, signal=33%","CDH11/KRT5/SAMD9/MED12/CILK1/OPHN1/KIFBP/AR/SLC25A24/WNT7A/FGFR2/GLI3/SETBP1/REST/BMP4/DYRK1A/PHF6/STT3B/MAPRE2/TBX3/SPTBN1/TBC1D20/CREBBP/MINPP1/FRAS1/SOX9/EP300/TSPYL1/HMGA2/BLTP1/DACT1/SRCAP/RFX7/ALG12/OCA2/HERC2/EFNB1/CHRNG/MEGF8/TUBB/CYB5A/PLAG1/PNPLA6/IRF6/ORC1/SRRM2/PTRH2/MAMLD1","0.4317076958033464"
"HP_ABNORMAL_P_WAVE","HP_ABNORMAL_P_WAVE","4","0.8929331598933653","1.592764804478154","0.00635276262798675252219","0.17829445416021405535","0.06580785952997492139","249","tags=75%, list=2%, signal=74%","GJA5/SCN3B/SCN5A","0.4070179189239539"
"HP_EYE_MOVEMENT_INDUCED_PAIN","HP_EYE_MOVEMENT_INDUCED_PAIN","4","0.8926062441230418","1.592181670200710","0.00635276262798675252219","0.17829445416021405535","0.06580785952997492139","534","tags=75%, list=4%, signal=72%","COL8A2/SLC4A11/ZEB1","0.4070179189239539"
"HP_ABNORMALLY_SLOW_THOUGHT_PROCESS","HP_ABNORMALLY_SLOW_THOUGHT_PROCESS","7","0.7593753158070565","1.591563731944760","0.02175015482956470930231","0.26237370953622302094","0.09684121866181481797","1364","tags=57%, list=10%, signal=52%","PRNP/CLTC/SLC2A3/NOTCH3","0.3524878575836192"
"HP_SHALLOW_ANTERIOR_CHAMBER","HP_SHALLOW_ANTERIOR_CHAMBER","16","0.5894031294270476","1.591187296480232","0.02063583822497390071748","0.25769292812624711164","0.09511355861221272578","2545","tags=50%, list=18%, signal=41%","ADAMTS17/ANTXR1/PGAP3/ASPH/PIGO/LTBP2/PIGV/FBN1","0.3524878575836192"
"HP_SQUARE_FACE","HP_SQUARE_FACE","13","0.6245359546453935","1.590437141450298","0.03012897006667752605735","0.29424725247895783253","0.10860563189933085393","1352","tags=31%, list=10%, signal=28%","MYCN/CREBBP/OSTM1/EP300","0.3524878575836192"
"HP_PROLONGED_PARTIAL_THROMBOPLASTIN_TIME","HP_PROLONGED_PARTIAL_THROMBOPLASTIN_TIME","29","-0.4901642121056522","-1.590430781974879","0.02829095347093311951792","0.28948197232285233227","0.10684678365802673106","2290","tags=34%, list=17%, signal=29%","LRPPRC/ALG2/VKORC1/PMM2/FAH/SLC37A4/MPV17/DPM1/PLOD3/F10","0.3524878575836192"
"HP_CEREBRAL_EDEMA","HP_CEREBRAL_EDEMA","27","-0.5014083854304714","-1.589975025822746","0.01802187618971890642472","0.24606281569107607554","0.09082092478321089624","1739","tags=33%, list=13%, signal=29%","C1QBP/ESAM/ACAD9/CPSF3/SLC25A13/KCNQ2/SMS/ASS1/NAXD","0.3524878575836192"
"HP_CLAW_HAND_DEFORMITY","HP_CLAW_HAND_DEFORMITY","10","0.6927655199491344","1.589829038243006","0.02278178272661916109465","0.26429721630860686377","0.09755117828494613841","1092","tags=50%, list=8%, signal=46%","NDRG1/SPTAN1/INF2/GNPTAB/GNPTG","0.3524878575836192"
"HP_AORTIC_VALVE_CALCIFICATION","HP_AORTIC_VALVE_CALCIFICATION","8","0.7161260410797694","1.589450784195606","0.02666058519010557764650","0.28511028349497219425","0.10523320859957101259","2009","tags=50%, list=15%, signal=43%","IFIH1/GBA1/SMAD6/LMNA","0.3524878575836192"
"HP_HYPERKINETIC_MOVEMENTS","HP_HYPERKINETIC_MOVEMENTS","36","-0.4686200665781904","-1.589076111916754","0.01736524139499682692356","0.24392470883170835894","0.09003175701843617318","1536","tags=22%, list=11%, signal=20%","CACNA1E/SYT1/MTRR/PDE10A/CLPB/HSD17B10/AFG3L2/SUCLA2","0.3524878575836192"
"HP_LONG_NOSE","HP_LONG_NOSE","35","0.4918605911159604","1.588828873459205","0.01106322475846401205690","0.20868903095970242623","0.07702639153600354671","1768","tags=34%, list=13%, signal=30%","MED12/OPHN1/FRYL/FGFR2/NOTCH2/PIGS/ACTG1/ZBTB18/AFG2A/SLC9A6/SRCAP/SATB2","0.3807304007227924"
"HP_ABNORMAL_GREATER_SCIATIC_NOTCH_MORPHOLOGY","HP_ABNORMAL_GREATER_SCIATIC_NOTCH_MORPHOLOGY","19","0.5708606211946250","1.587872426686863","0.01646611687390567985156","0.24166302412441767467","0.08919697710214817554","1002","tags=32%, list=7%, signal=29%","GPC4/COL2A1/DDRGK1/TRPV4/SLC26A2/INTU","0.3524878575836192"
"HP_HEINZ_BODIES","HP_HEINZ_BODIES","3","-0.9581394041803689","-1.587869100807394","0.00102121850451034664603","0.12204889481599892620","0.04504782026827737484","388","tags=33%, list=3%, signal=32%","CASK","0.4550598673872295"
"HP_BIFID_RIBS","HP_BIFID_RIBS","15","0.6086659137481202","1.587467910661919","0.02519528441531357354499","0.27508785528589840830","0.10153396539630615836","3043","tags=53%, list=22%, signal=42%","HSPG2/RERE/SUFU/UBE4B/LUZP1/SKI/PTCH1/CASZ1","0.3524878575836192"
"HP_ATROPHY_DEGENERATION_INVOLVING_THE_CORTICOSPINAL_TRACTS","HP_ATROPHY_DEGENERATION_INVOLVING_THE_CORTICOSPINAL_TRACTS","38","-0.4651837088666848","-1.587307757033867","0.01578367405119522615120","0.23822818416154717402","0.08792918968358151566","1697","tags=29%, list=12%, signal=25%","LIMK1/GTF2I/KPNA3/DNAJC30/VPS37D/RTN2/BAZ1B/RFC2/TBL2/EIF4H/BUD23","0.3524878575836192"
"HP_ABNORMAL_QRS_COMPLEX","HP_ABNORMAL_QRS_COMPLEX","11","0.6553125326095217","1.587026766121017","0.04631665236961214626721","0.35876388061338765345","0.13241849372734390555","976","tags=45%, list=7%, signal=42%","SAA1/GJA5/CACNA1D/JUP/LAMP2","0.3217759180753611"
"HP_REFLEX_SEIZURE","HP_REFLEX_SEIZURE","14","0.6040641476577797","1.586174470590134","0.03537359800248910529641","0.31118974062120408064","0.11485904502429164498","1532","tags=36%, list=11%, signal=32%","TUBA1A/CILK1/TUBB2B/SCN1B/SLC9A6","0.3217759180753611"
"HP_ABNORMAL_CIRCULATING_INSULIN_LIKE_GROWTH_FACTOR_1_CONCENTRATION","HP_ABNORMAL_CIRCULATING_INSULIN_LIKE_GROWTH_FACTOR_1_CONCENTRATION","24","0.5282442844213791","1.585700155959888","0.02519699808179274441722","0.27508785528589840830","0.10153396539630615836","2481","tags=38%, list=18%, signal=31%","ROBO1/IGF1R/MED12/SIK3/CTSK/PRKAR1A/PGM1/ALG12/SMPD1","0.3524878575836192"
"HP_URETERAL_OBSTRUCTION","HP_URETERAL_OBSTRUCTION","31","0.4967514208985460","1.584835039419201","0.02396996839556215022626","0.27018481617472384082","0.09972427080643292419","2096","tags=32%, list=15%, signal=27%","CDH11/LAMC2/ATP7A/SETBP1/PTPN22/DSTYK/NODAL/LAMA3/KMT2D/NSD1","0.3524878575836192"
"HP_RECURRENT_GRAM_NEGATIVE_BACTERIAL_INFECTIONS","HP_RECURRENT_GRAM_NEGATIVE_BACTERIAL_INFECTIONS","18","0.5666637630087229","1.584035313543486","0.02369996232052236015408","0.27018481617472384082","0.09972427080643292419","2603","tags=44%, list=19%, signal=36%","ITGB2/SLC26A9/SERPINA1/KCNN4/HFE/C5/SCNN1A/HMOX1","0.3524878575836192"
"HP_SUPRAVALVULAR_AORTIC_STENOSIS","HP_SUPRAVALVULAR_AORTIC_STENOSIS","25","-0.5122738021330976","-1.583948829476856","0.02750821871262250362111","0.28707712396343337824","0.10595916253838537358","2555","tags=60%, list=18%, signal=49%","ABCG8/GTF2IRD1/FBLN5/EFEMP2/RRAS2/MLXIPL/LIMK1/GTF2I/DNAJC30/VPS37D/BAZ1B/RFC2/TBL2/EIF4H/BUD23","0.3524878575836192"
"HP_FLAT_FACE","HP_FLAT_FACE","100","0.4022002315921772","1.583937325422497","0.00280750318273866863658","0.13988144800228249909","0.05162975328841067774","2365","tags=33%, list=17%, signal=28%","HSPG2/CDH11/CCN2/COL2A1/CDH1/SLC26A2/MN1/PEX2/MAN2B1/FGFR2/SUMF1/HELLS/GNPTAB/WNT5A/FN1/MAPRE2/CCBE1/CREBBP/MAF/FLNB/PEX12/SOX9/EP300/GLB1/CAMK2G/SLC35B2/PPP1R12A/PRKAR1A/TAPT1/PEX13/PDE4D/CTNND1/CTNNB1","0.4317076958033464"
"HP_PARIETAL_FORAMINA","HP_PARIETAL_FORAMINA","11","0.6538552119857415","1.583497447327815","0.04696442723160655641212","0.35904891128771720954","0.13252369755247891958","1603","tags=45%, list=12%, signal=40%","FGFR2/CREBBP/PPM1D/EP300/MSX2","0.3217759180753611"
"HP_VENOUS_THROMBOSIS","HP_VENOUS_THROMBOSIS","60","0.4387704027285773","1.583455110843080","0.00517495531603000009230","0.16394374466690184167","0.06051106284081517878","2365","tags=38%, list=17%, signal=32%","SAA1/PROS1/TGFB2/F13A1/ACVR1/EPAS1/TET2/PTPN22/IDH1/FAS/ERAP1/KCNN4/JAK2/PROC/MMACHC/PRSS2/IL10/GNAQ/PGM1/ALG6/PIGM/IFNGR1/CTNNB1","0.4070179189239539"
"HP_RED_HAIR","HP_RED_HAIR","6","0.7810299812702471","1.583402617339780","0.02111393903497484070275","0.26022709229507567930","0.09604890974488627942","2360","tags=83%, list=17%, signal=69%","ZNF469/PRKAR1A/PDE4D/OCA2/MC1R","0.3524878575836192"
"HP_MILIA","HP_MILIA","15","0.6070858807569544","1.583347010157047","0.02646295536808480897140","0.28443838100666790636","0.10498521174079918084","320","tags=27%, list=2%, signal=26%","LAMC2/KRT5/ITGB4/KRT14","0.3524878575836192"
"HP_ABNORMAL_CLAVICLE_MORPHOLOGY","HP_ABNORMAL_CLAVICLE_MORPHOLOGY","100","0.4020209372614751","1.583231231889155","0.00284420205156820900608","0.13988144800228249909","0.05162975328841067774","3057","tags=35%, list=22%, signal=27%","TNFRSF11B/ANTXR1/CCN2/TRPV4/SLC26A2/WNT7A/ATP7A/FGFR2/GLI3/SETBP1/ARSK/COL1A1/DYNC2H1/TBX3/INTU/FLNB/MMP14/KIAA0586/MSX2/SRCAP/CTSK/FKBP10/LMNA/FIG4/CDC42BPB/DYNC2LI1/SKI/TBCE/EFNB1/CHRNG/MBD5/NEK1/ORC1/FGFR1/LRRK1","0.4317076958033464"
"HP_CHORIOCAPILLARIS_ATROPHY","HP_CHORIOCAPILLARIS_ATROPHY","5","0.8091835184572334","1.582655707254372","0.01723018184214326897763","0.24392470883170835894","0.09003175701843617318","1061","tags=40%, list=8%, signal=37%","TIMP3/CDH3","0.3524878575836192"
"HP_ARTERIAL_DISSECTION","HP_ARTERIAL_DISSECTION","12","0.6221493016518933","1.582609277397024","0.03874613698560044200425","0.32858235944105068649","0.12127859980823554875","2198","tags=58%, list=16%, signal=49%","TGFB2/PLOD1/COL1A1/COL5A2/TGFBR2/SMAD3/TGFB3","0.3217759180753611"
"HP_PREMATURE_ATRIAL_CONTRACTIONS","HP_PREMATURE_ATRIAL_CONTRACTIONS","6","0.7803153302345852","1.581953786504233","0.02173952595195796991256","0.26237370953622302094","0.09684121866181481797","1043","tags=50%, list=8%, signal=46%","GJA5/SCN5A/CITED2","0.3524878575836192"
"HP_ABNORMAL_EATING_BEHAVIOR","HP_ABNORMAL_EATING_BEHAVIOR","102","0.3980829264745497","1.581386077244658","0.00382926765347829309305","0.14829134032908114493","0.05473381513660963843","3075","tags=38%, list=22%, signal=30%","HSPG2/LEPR/KCNJ10/PGM2L1/SNAP25/MN1/TRANK1/RERE/GRN/NTRK2/UCP2/PTPN22/DPYD/COL13A1/MYO9A/ASH1L/ARID1A/SLC2A3/MAN1B1/MAN2B2/BBS9/ALMS1/ARID1B/SATB2/RFX7/SMARCA4/UBE4B/LUZP1/OCA2/HERC2/CTNNB1/SKI/PLA2G6/MBD5/CHD8/DNM1/ARID2/CASZ1/SRRM2","0.4317076958033464"
"HP_BROAD_FEMORAL_NECK","HP_BROAD_FEMORAL_NECK","20","0.5558407116044182","1.581331777400526","0.02315439992357433765524","0.26584504209773263117","0.09812247537092354255","462","tags=20%, list=3%, signal=19%","CCN2/SLC26A2/ACVR1/CANT1","0.3524878575836192"
"HP_AXILLARY_PTERYGIUM","HP_AXILLARY_PTERYGIUM","9","0.6852750117886082","1.580745550701060","0.02881597448653567400401","0.29021118231224596329","0.10711593251504474000","3368","tags=78%, list=24%, signal=59%","ITGB4/RIPK4/ADGRG6/EFNB1/CHRNG/PLEC/MYH3","0.3524878575836192"
"HP_RENAL_MAGNESIUM_WASTING","HP_RENAL_MAGNESIUM_WASTING","3","0.9313298640107347","1.580745450378347","0.00500895276767127951845","0.16277631888859239728","0.06008017006856088138","360","tags=67%, list=3%, signal=65%","KCNJ10/ATP1A1","0.4070179189239539"
"HP_THORACOLUMBAR_KYPHOSIS","HP_THORACOLUMBAR_KYPHOSIS","21","0.5643037654284804","1.580254521629901","0.01692358106769907902245","0.24271112043564557759","0.08958382578540106944","1734","tags=43%, list=13%, signal=38%","CDH11/COL2A1/GBA1/SLC26A2/MAN2B1/GNPTAB/FLNB/GLB1/NPR2","0.3524878575836192"
"HP_DIAPHRAGMATIC_WEAKNESS","HP_DIAPHRAGMATIC_WEAKNESS","16","0.5850967392050005","1.579561512576320","0.02255541427074587643165","0.26366304232346959857","0.09731710688475567195","644","tags=38%, list=5%, signal=36%","MEGF10/PMP22/SLC52A3/TRPV4/DNAJB4/GAA","0.3524878575836192"
"HP_LATERAL_VENTRICLE_DILATATION","HP_LATERAL_VENTRICLE_DILATATION","82","-0.3961156006402788","-1.579390684165819","0.00445255427631908746317","0.15674046086151610657","0.05785235597832685123","1184","tags=23%, list=9%, signal=21%","EIF2B5/LONP1/ZIC2/PUS3/ATP6AP2/PIGA/EZH2/LARGE1/PSAT1/IFT56/NDUFB11/COG5/SLC35A2/EML1/ZRSR2/RAC1/ODC1/EBF3/PDHA1","0.4070179189239539"
"HP_ABNORMALITY_OF_LENS_SHAPE","HP_ABNORMALITY_OF_LENS_SHAPE","19","0.5677233512084151","1.579145980473512","0.01676823905951193433017","0.24265912618153076541","0.08956463488803259598","2558","tags=58%, list=18%, signal=47%","ADAMTS17/COL4A4/LAMB2/COL4A3/RLBP1/ASPH/COL4A5/FOXC1/LTBP2/FBN1/CRYAB","0.3524878575836192"
"HP_IMPAIRED_COLLAGEN_INDUCED_PLATELET_AGGREGATION","HP_IMPAIRED_COLLAGEN_INDUCED_PLATELET_AGGREGATION","13","0.6199420521721244","1.578738354433567","0.03230536446633273939266","0.30120958110639434180","0.11117540304826492581","313","tags=23%, list=2%, signal=23%","RUNX1/NBEAL2/EPHB2","0.3217759180753611"
"HP_CARDIAC_VALVE_CALCIFICATION","HP_CARDIAC_VALVE_CALCIFICATION","10","0.6863470093424637","1.575099184849747","0.02610753512415116620038","0.28170790812603496711","0.10397740374909560102","2545","tags=50%, list=18%, signal=41%","IFIH1/GBA1/SMAD6/LMNA/FBN1","0.3524878575836192"
"HP_PUNCTATE_PALMOPLANTAR_HYPERKERATOSIS","HP_PUNCTATE_PALMOPLANTAR_HYPERKERATOSIS","6","0.7766505588264349","1.574524099067420","0.02299070069291694537461","0.26506083765672089347","0.09783302825413038584","1434","tags=67%, list=10%, signal=60%","KRT5/KRT14/ENPP1/ATP2A2","0.3524878575836192"
"HP_RENAL_INTERSTITIAL_FIBROSIS","HP_RENAL_INTERSTITIAL_FIBROSIS","7","-0.7131307540778786","-1.572361079239407","0.04391776120189880283640","0.35165849999848941554","0.12979592259009439803","982","tags=43%, list=7%, signal=40%","PSKH1/TULP3/ALG5","0.3217759180753611"
"HP_CENTRAL_HYPOVENTILATION","HP_CENTRAL_HYPOVENTILATION","9","-0.6601487942071216","-1.572292257990128","0.02382049890458938501414","0.27018481617472384082","0.09972427080643292419","972","tags=44%, list=7%, signal=41%","HOXA1/LBX1/NDUFAF2/ALK","0.3524878575836192"
"HP_SPINAL_CANAL_STENOSIS","HP_SPINAL_CANAL_STENOSIS","34","0.4862970334157359","1.572212867031103","0.01694653855120217475494","0.24271112043564557759","0.08958382578540106944","3433","tags=50%, list=25%, signal=38%","HSPG2/RERE/BMP4/PHF6/ENPP1/KIAA0586/PRKAR1A/UBE4B/LUZP1/PDE4D/SKI/TBCE/FBN1/CASZ1/NOG/MYH3/PHEX","0.3524878575836192"
"HP_INCREASED_VERTEBRAL_HEIGHT","HP_INCREASED_VERTEBRAL_HEIGHT","9","0.6815712143696792","1.572201884012574","0.03145055039446079808707","0.29991615195640874969","0.11069800287216215173","574","tags=33%, list=4%, signal=32%","TRPV4/MAN2B1/NOTCH2","0.3217759180753611"
"HP_HEMOPTYSIS","HP_HEMOPTYSIS","52","0.4381575856722796","1.570698739906372","0.01394861447793066359935","0.23144820004560423543","0.08542672125617602197","2603","tags=37%, list=19%, signal=30%","SLC26A9/SERPINA1/TGFB2/FCGR2A/PTPN22/FAS/ERAP1/KCNN4/COL5A2/TGFBR2/IL10/HFE/SMAD3/TGFB3/IFNGR1/SCNN1A/ARPC5/FBN1/HMOX1","0.3807304007227924"
"HP_LIMB_PAIN","HP_LIMB_PAIN","50","0.4446002908647008","1.569377513794821","0.01504583638918940632911","0.23820431001346303868","0.08792037781901222704","2138","tags=32%, list=15%, signal=27%","KRT6A/KRT5/CCND1/ATL3/HYAL1/COL2A1/KRT14/COL1A1/FN1/CPOX/COL5A2/HTRA1/MAFB/B2M/NAGLU/ERLIN1","0.3807304007227924"
"HP_UNDETECTABLE_LIGHT_ADAPTED_ELECTRORETINOGRAM","HP_UNDETECTABLE_LIGHT_ADAPTED_ELECTRORETINOGRAM","3","-0.9469571482895284","-1.569337393908672","0.00183276786564355587128","0.13939466000156897074","0.05145008153965821562","336","tags=33%, list=2%, signal=33%","RPGR","0.4550598673872295"
"HP_REDUCED_CONTRAST_SENSITIVITY","HP_REDUCED_CONTRAST_SENSITIVITY","17","-0.5565438545977546","-1.568090946532003","0.02744182115818351308523","0.28707712396343337824","0.10595916253838537358","1369","tags=18%, list=10%, signal=16%","DNAJC30/PDZD7/ADGRV1","0.3524878575836192"
"HP_AGENESIS_OF_INCISOR","HP_AGENESIS_OF_INCISOR","33","0.4952914393049716","1.567327533681639","0.01501061632994998840118","0.23820431001346303868","0.08792037781901222704","3172","tags=48%, list=23%, signal=37%","CDH11/CDH1/DLG1/TGFA/BMP4/MSX1/EDA/WNT10A/DLX3/RIPK4/ARHGEF38/CDC42BPB/NEK1/IRF6/FGFR1/RIC1","0.3807304007227924"
"HP_HYPERPIGMENTATION_IN_SUN_EXPOSED_AREAS","HP_HYPERPIGMENTATION_IN_SUN_EXPOSED_AREAS","7","0.7476978560909322","1.567089113164616","0.03000556161000167074149","0.29355793286404802123","0.10835120644003708168","2360","tags=71%, list=17%, signal=59%","KRT14/DSTYK/POLH/OCA2/MC1R","0.3524878575836192"
"HP_REDUCED_NUMBER_OF_CORNEAL_ENDOTHELIAL_CELLS","HP_REDUCED_NUMBER_OF_CORNEAL_ENDOTHELIAL_CELLS","5","0.8008167110323393","1.566291340926504","0.02057575165631387800746","0.25752128818499148144","0.09505020691012482092","534","tags=60%, list=4%, signal=58%","COL8A2/SLC4A11/ZEB1","0.3524878575836192"
"HP_ABNORMALITY_OF_THE_AUTONOMIC_NERVOUS_SYSTEM","HP_ABNORMALITY_OF_THE_AUTONOMIC_NERVOUS_SYSTEM","248","0.3499785298646721","1.566152344700048","0.00038303674060934783923","0.07450403408654703019","0.02749917843870901268","2635","tags=29%, list=19%, signal=24%","TUBA1A/SAA1/LEPR/KATNIP/MYCN/WFS1/SLC1A3/SLC2A1/ATL3/PRNP/KITLG/SCN5A/CAV1/GBA1/CALM2/KIFBP/BRIP1/FANCD2/ATP7A/GSN/SETBP1/ARL13B/SYNJ1/SNAI2/SLX4/GBE1/COL1A1/ACOX1/VPS13C/RHOBTB2/MITF/PGAP3/LMNB1/TGIF1/DLL1/CC2D2A/KIAA0586/TSPYL1/WDPCP/COL5A2/ANK2/COMT/BBS9/TMEM67/FANCM/KIF1B/NODAL/KCNJ5/ARL6/ERCC4/SUFU/BBS10/CFAP418/HEXB/CPLANE1/FANCE/STIL/B2M/NSD1/EDN3/BBS4/PIGO/PIGN/SPG11/HACE1/SF3B4/FOXF1/PIGV/TMEM237/MECP2/RFWD3/PLA2G6/COQ2","0.4984931087665903"
"HP_JAW_CLAUDICATION","HP_JAW_CLAUDICATION","4","0.8779991707931774","1.566126380352344","0.01018739675702560673609","0.20326564961580065316","0.07502464044768160367","1348","tags=75%, list=10%, signal=68%","SAA1/PTPN22/P4HA2","0.3807304007227924"
"HP_ANGIOKERATOMA","HP_ANGIOKERATOMA","6","0.7722581418020901","1.565619236540269","0.02392908244889838456637","0.27018481617472384082","0.09972427080643292419","2239","tags=67%, list=16%, signal=56%","FUCA1/MANBA/GLB1/AGA","0.3524878575836192"
"HP_INCREASED_NUCHAL_TRANSLUCENCY","HP_INCREASED_NUCHAL_TRANSLUCENCY","51","-0.4297632827563336","-1.565301916444922","0.01097841905273926922659","0.20868903095970242623","0.07702639153600354671","1697","tags=25%, list=12%, signal=22%","LIMK1/GTF2I/DNAJC30/VPS37D/LBR/SMC1A/EPHB4/BAZ1B/RFC2/TBL2/EIF4H/BUD23/ODC1","0.3807304007227924"
"HP_POLYURIA","HP_POLYURIA","27","0.5114603407406522","1.565171824661227","0.02814787848237922801564","0.28948197232285233227","0.10684678365802673106","1726","tags=30%, list=12%, signal=26%","KCNJ10/CAV1/CYP24A1/ATP1A1/PTPN22/SON/TMEM67/KCNJ5","0.3524878575836192"
"HP_ABNORMALLY_SHAPED_CARPAL_BONES","HP_ABNORMALLY_SHAPED_CARPAL_BONES","5","0.8002284275063094","1.565140736324807","0.02057575165631387800746","0.25752128818499148144","0.09505020691012482092","2023","tags=60%, list=15%, signal=51%","IDH1/GNPTAB/EIF2AK3","0.3524878575836192"
"HP_MULTIPLE_JOINT_DISLOCATION","HP_MULTIPLE_JOINT_DISLOCATION","7","-0.7098162859365298","-1.565053105667892","0.04743110992716741136643","0.35904891128771720954","0.13252369755247891958","75","tags=29%, list=1%, signal=28%","GNB2/CHST3","0.3217759180753611"
"HP_LOWER_LIMB_ASYMMETRY","HP_LOWER_LIMB_ASYMMETRY","44","0.4537973213508673","1.564283926671283","0.01661133787456809882133","0.24190885251128713129","0.08928771150007312751","2430","tags=39%, list=18%, signal=32%","EXT1/HSPG2/COL2A1/TRPV4/RERE/IDH1/FN1/MAPRE2/ENPP1/DACT1/CTSK/SATB2/GNAQ/UBE4B/LUZP1/KAT6A/SKI","0.3524878575836192"
"HP_ABNORMAL_CORNEAL_STROMA_MORPHOLOGY","HP_ABNORMAL_CORNEAL_STROMA_MORPHOLOGY","80","0.4066038800499811","1.564216855858010","0.01688843924611878322128","0.24271112043564557759","0.08958382578540106944","1763","tags=28%, list=13%, signal=24%","COL8A2/LDLR/SLC4A11/TRPV4/TGFBI/GBA1/PEX2/ZEB1/PTPN22/ASAH1/SMARCAL1/GNPTAB/TACSTD2/GNPTG/FLG/RIPK4/APOE/GLB1/FOXC1/PCSK9/ERCC4/COL18A1","0.3524878575836192"
"HP_ACROPARESTHESIA","HP_ACROPARESTHESIA","9","0.6780823219959047","1.564153945590999","0.03309716139885949398591","0.30242494649251938643","0.11162399016211781155","341","tags=33%, list=2%, signal=33%","PRNP/PMP22/SLC26A2","0.3217759180753611"
"HP_ABNORMAL_ALPHA_GRANULES","HP_ABNORMAL_ALPHA_GRANULES","5","0.7996819243723281","1.564071848632090","0.02057575165631387800746","0.25752128818499148144","0.09505020691012482092","288","tags=40%, list=2%, signal=39%","RUNX1/NBEAL2","0.3524878575836192"
"HP_APLASIA_HYPOPLASIA_OF_TOE","HP_APLASIA_HYPOPLASIA_OF_TOE","114","0.3843663032756102","1.562939336713967","0.00533989882755249879037","0.16394374466690184167","0.06051106284081517878","3251","tags=39%, list=23%, signal=30%","ROBO1/MYCN/GPC4/COL2A1/TRPV4/SLC26A2/ACVR1/WNT7A/FGFR2/NOTCH2/GLI3/ASAH1/DYRK1A/PHF6/TBX3/RIPK4/APC/SOX9/EP300/CHST11/ALMS1/DACT1/ZMIZ1/NPR2/ARID1B/SMARCA4/PRKAR1A/LMNA/FIG4/MIA3/PDE4D/TPR/KAT6A/SF3B4/RBPJ/PIGV/NEK1/EOGT/FGFR1/ASCC3/RAG1/ARHGAP31/DLL4/NOG","0.4070179189239539"
"HP_KERATAN_SULFATE_EXCRETION_IN_URINE","HP_KERATAN_SULFATE_EXCRETION_IN_URINE","5","0.7989484065368397","1.562637184971464","0.02091030941214899740999","0.25997643312891549616","0.09595639232321843959","1480","tags=60%, list=11%, signal=54%","COL2A1/GNPTAB/GLB1","0.3524878575836192"
"HP_PERIPHERAL_ARTERIAL_STENOSIS","HP_PERIPHERAL_ARTERIAL_STENOSIS","26","0.5141983569784296","1.562373997831497","0.02976153935475827488899","0.29271659149449863468","0.10804067028273008078","2545","tags=38%, list=18%, signal=31%","LDLR/TGFB2/JAK2/APOE/TGFBR2/PCSK9/LMNA/SMAD3/TGFB3/FBN1","0.3524878575836192"
"HP_HYDROMETROCOLPOS","HP_HYDROMETROCOLPOS","29","0.5034771307339536","1.561687991958381","0.02721804614162611629657","0.28707712396343337824","0.10595916253838537358","5183","tags=69%, list=37%, signal=43%","GLI3/WDPCP/BBS9/ARL6/BBS10/CFAP418/BBS4/DYNC2LI1/BBS12/SDCCAG8/BBS7/TRIM32/NPHP1/WT1/MKS1/CEP290/IFT172/IFT74/SCAPER/BBS2","0.3524878575836192"
"HP_ABSENT_NIPPLE","HP_ABSENT_NIPPLE","9","0.6768635299263428","1.561342519363503","0.03407552142339206890931","0.30608511326860066148","0.11297494491946655226","2040","tags=67%, list=15%, signal=57%","CDH11/SLC25A24/PTPRF/EDA/KMT2D/FIG4","0.3217759180753611"
"HP_CONGENITAL_FIBROSIS_OF_EXTRAOCULAR_MUSCLES","HP_CONGENITAL_FIBROSIS_OF_EXTRAOCULAR_MUSCLES","4","0.8752339866136487","1.561193997687129","0.01127610605649839205233","0.20868903095970242623","0.07702639153600354671","423","tags=50%, list=3%, signal=48%","TUBA1A/TUBB2B","0.3807304007227924"
"HP_EBSTEIN_ANOMALY_OF_THE_TRICUSPID_VALVE","HP_EBSTEIN_ANOMALY_OF_THE_TRICUSPID_VALVE","4","0.8750428159983830","1.560852998112556","0.01127610605649839205233","0.20868903095970242623","0.07702639153600354671","240","tags=50%, list=2%, signal=49%","TPM1/JPH2","0.3807304007227924"
"HP_ABNORMAL_CSF_PROTEIN_CONCENTRATION","HP_ABNORMAL_CSF_PROTEIN_CONCENTRATION","51","0.4449164390858712","1.559742575257095","0.00991244826657844760320","0.20241713859069759840","0.07471145799558223666","1311","tags=22%, list=9%, signal=20%","PRNP/PMP22/BCAT2/SLC12A6/SUMF1/GBE1/PSMB9/PRF1/MICU1/LMNB1/TLR3","0.3807304007227924"
"HP_SHORT_FOOT","HP_SHORT_FOOT","123","0.3816497517140275","1.559274360426928","0.00325599676338355703900","0.14359979376287640429","0.05300218170548953722","3108","tags=37%, list=22%, signal=29%","HSPG2/CUL4B/GPC4/IGF1R/COL2A1/SLC26A2/WNT7A/RERE/FGFR2/DYRK1A/DYNC1H1/DYNC2H1/CCBE1/SON/CERT1/PPM1D/KIF5C/RNF2/CAMK2G/KCNJ5/CTSK/ARL6/SATB2/AHDC1/UBE4B/LUZP1/OCA2/HERC2/POC1A/DYNC2LI1/PIGN/SKI/TBCE/FBN1/MECP2/MBD5/WDR26/ADAMTSL2/CCDC47/UBE2A/FGFR1/ASCC3/HDAC8/CASZ1/TONSL","0.4317076958033464"
"HP_ABNORMAL_GONADOTROPIN_RELEASING_HORMONE_CONCENTRATION","HP_ABNORMAL_GONADOTROPIN_RELEASING_HORMONE_CONCENTRATION","12","0.6129183064489533","1.559127681244796","0.04370554272806487922098","0.35145306712394180915","0.12972009803450326726","806","tags=25%, list=6%, signal=24%","IL17RD/SEMA3A/FLRT3","0.3217759180753611"
"HP_OSTEOLYSIS_INVOLVING_BONES_OF_THE_UPPER_LIMBS","HP_OSTEOLYSIS_INVOLVING_BONES_OF_THE_UPPER_LIMBS","21","0.5567306469047271","1.559047052314304","0.02198470857547629372930","0.26321828337052644020","0.09715294791055853474","2009","tags=38%, list=15%, signal=33%","IFIH1/ATL3/NOTCH2/ASAH1/MMP14/MAFB/CTSK/LMNA","0.3524878575836192"
"HP_PREMATURE_OSTEOARTHRITIS","HP_PREMATURE_OSTEOARTHRITIS","9","0.6756519940261382","1.558547831171438","0.03472455953633050290685","0.30836464477241093407","0.11381631202593919805","835","tags=44%, list=6%, signal=42%","DDRGK1/TRPV4/SLC26A2/COL1A1","0.3217759180753611"
"HP_NEVUS_SEBACEOUS","HP_NEVUS_SEBACEOUS","5","-0.7911348376391653","-1.558534336871501","0.01770553757284345705592","0.24536077878376832961","0.09056180541576579202","1360","tags=60%, list=10%, signal=54%","KRAS/HRAS/SMO","0.3524878575836192"
"HP_ABNORMAL_SPLEEN_PHYSIOLOGY","HP_ABNORMAL_SPLEEN_PHYSIOLOGY","19","0.5602110917812021","1.558250320195478","0.02130008600792159673132","0.26022709229507567930","0.09604890974488627942","1293","tags=37%, list=9%, signal=33%","RUNX1/MED12/GBA1/TET2/FAS/CASP10/LIPA","0.3524878575836192"
"HP_ELEVATED_TOTAL_SERUM_TRYPTASE","HP_ELEVATED_TOTAL_SERUM_TRYPTASE","6","0.7685126933009711","1.558025990311567","0.02768261418657125619291","0.28807544388534916946","0.10632763893041255465","470","tags=33%, list=3%, signal=32%","RUNX1/TET2","0.3524878575836192"
"HP_APLASIA_HYPOPLASIA_OF_FACIAL_BONES","HP_APLASIA_HYPOPLASIA_OF_FACIAL_BONES","49","-0.4308679538884806","-1.557796352157088","0.01069713856568116697177","0.20856719163725609412","0.07698142106816403818","1794","tags=35%, list=13%, signal=30%","POLR1B/OFD1/LIMK1/POLR1C/GTF2I/NECTIN1/TWIST2/DNAJC30/VPS37D/KRAS/BAZ1B/RFC2/VANGL2/TBL2/EIF4H/BUD23/POLR1D","0.3807304007227924"
"HP_CONICAL_TOOTH","HP_CONICAL_TOOTH","52","0.4345418300074944","1.557737049746943","0.01564400986750552960403","0.23822818416154717402","0.08792918968358151566","2974","tags=48%, list=21%, signal=38%","CDH1/DLG1/FGFR2/TGFA/BMP4/FGF3/RUSC2/MSX1/CCBE1/EDA/WNT10A/ARID1B/SATB2/ARHGEF38/NECTIN4/CTNND1/DYNC2LI1/PRKACB/RHOA/CTNNB1/KAT6A/PRKACA/NEK1/IRF6/FGFR1","0.3524878575836192"
"HP_SPERMATOGENESIS_MATURATION_ARREST","HP_SPERMATOGENESIS_MATURATION_ARREST","10","-0.6491854803312752","-1.556955411906032","0.04513605622101415221215","0.35639394572818483553","0.13154375904894236027","2648","tags=50%, list=19%, signal=40%","XRCC2/ZMYND15/STAG3/TEX15/RBBP7","0.3217759180753611"
"HP_ABNORMAL_THALAMUS_MORPHOLOGY","HP_ABNORMAL_THALAMUS_MORPHOLOGY","49","0.4482218257063050","1.556596216161984","0.01262986712170205243211","0.22070494212357957831","0.08146142232662215155","2114","tags=24%, list=15%, signal=21%","TUBA1A/SLC2A1/MYORG/CLN8/TUBB2B/NF2/POMK/PDGFB/SUFU/HEXB/SCP2/TREM2","0.3807304007227924"
"HP_ABNORMAL_URETER_MORPHOLOGY","HP_ABNORMAL_URETER_MORPHOLOGY","138","0.3707741844898492","1.556448844638524","0.00526927738213927524674","0.16394374466690184167","0.06051106284081517878","2615","tags=32%, list=19%, signal=26%","LAMC2/WFS1/GPC4/ITGB4/MED12/ITGA6/BRIP1/FANCD2/GSN/GLI3/SETBP1/VANGL1/SCN1B/ACTG1/SLX4/MAPRE2/PLD1/RHOBTB2/EPG5/PIGP/RIPK4/CC2D2A/TMEM67/FANCM/NODAL/ARID1B/ERCC4/COL18A1/LAMA3/KMT2D/CEP55/LMNA/FANCE/NSD1/DYNC2LI1/PRKACB/TXNDC15/PIGN/SOS1/PRKACA/FOXF1/TMEM237/FIBP/RFWD3","0.4070179189239539"
"HP_STRIAE_DISTENSAE","HP_STRIAE_DISTENSAE","38","0.4663117741585045","1.556385572479549","0.02207301062635690785951","0.26321828337052644020","0.09715294791055853474","2754","tags=42%, list=20%, signal=34%","CUL4B/DLG4/TGFB2/NR3C1/ZNRF3/COL1A1/ENPP1/COL5A2/TGFBR2/PRKAR1A/SMAD3/TGFB3/CTNNB1/KDM1A/FBN1/CHD8","0.3524878575836192"
"HP_DIFFUSE_MESANGIAL_SCLEROSIS","HP_DIFFUSE_MESANGIAL_SCLEROSIS","38","0.4662409045264615","1.556149034440085","0.02207301062635690785951","0.26321828337052644020","0.09715294791055853474","2290","tags=32%, list=17%, signal=26%","SGPL1/LAMB2/COL4A3/PLCE1/DAAM2/APOL1/INF2/ARHGDIA/KANK2/ANLN/CD2AP/MYO1E","0.3524878575836192"
"HP_DENTAL_ENAMEL_PITS","HP_DENTAL_ENAMEL_PITS","7","0.7423763390918449","1.555935822718674","0.03191065938644755545228","0.29991615195640874969","0.11069800287216215173","1294","tags=43%, list=9%, signal=39%","ITGB6/ITGB4/DLX3","0.3217759180753611"
"HP_ANTERIOR_SYNECHIAE_OF_THE_ANTERIOR_CHAMBER","HP_ANTERIOR_SYNECHIAE_OF_THE_ANTERIOR_CHAMBER","10","0.6779580392968796","1.555847319975757","0.03176132658412939013814","0.29991615195640874969","0.11069800287216215173","2173","tags=60%, list=16%, signal=51%","COL8A2/ZEB1/ASPH/FOXC1/COL18A1/OVOL2","0.3217759180753611"
"HP_KNEE_JOINT_HYPERMOBILITY","HP_KNEE_JOINT_HYPERMOBILITY","4","-0.8564346940790911","-1.555821998432620","0.01762404227824608191066","0.24484200735053368581","0.09037032869391671552","1910","tags=75%, list=14%, signal=65%","LMX1B/TNFRSF1A/MEFV","0.3524878575836192"
"HP_RIGHT_VENTRICULAR_HYPERTROPHY","HP_RIGHT_VENTRICULAR_HYPERTROPHY","30","0.4923029667641182","1.555335033366454","0.02934123183265845841161","0.29109573757930068405","0.10744241877080078218","2867","tags=43%, list=21%, signal=34%","GPC4/DYSF/LAMB2/BMPR2/ABCA3/GNPTAB/SLC25A12/SELENON/KMT2D/PIGN/FOXF1/SFTPB/COLQ","0.3524878575836192"
"HP_NUCLEAR_CATARACT","HP_NUCLEAR_CATARACT","19","0.5591152802694078","1.555202275156423","0.02220645776084257533300","0.26366304232346959857","0.09731710688475567195","2278","tags=42%, list=16%, signal=35%","GJA5/VIM/WFS1/SLC2A1/NHEJ1/MVK/CRYBA1/FYCO1","0.3524878575836192"
"HP_ARTERITIS","HP_ARTERITIS","4","-0.8545203374695536","-1.552344327401128","0.01894347715490047462383","0.24933054333768620014","0.09202703163024215927","463","tags=50%, list=3%, signal=48%","UBA1/HYOU1","0.3524878575836192"
"HP_POLYGENIC_INHERITANCE","HP_POLYGENIC_INHERITANCE","23","0.5238991225954174","1.552091794911733","0.03868445428929290913489","0.32858235944105068649","0.12127859980823554875","3231","tags=52%, list=23%, signal=40%","APOL1/BMP4/CST3/ENPP1/HTRA1/UCP3/NUP214/NBN/NR0B2/SDC3/IRF6/SERPINH1","0.3217759180753611"
"HP_ACUTE_HEPATIC_FAILURE","HP_ACUTE_HEPATIC_FAILURE","32","-0.4631771535463016","-1.550981200447942","0.03319057677431918457200","0.30242494649251938643","0.11162399016211781155","2165","tags=34%, list=16%, signal=29%","PORCN/ITCH/TRMU/FAH/ACAD9/MPV17/GFM1/RINT1/RYR1/MEFV/GPR35","0.3217759180753611"
"HP_LAGOPHTHALMOS","HP_LAGOPHTHALMOS","16","0.5744200459360443","1.550738084518696","0.02799422616467629396086","0.28915225798718613426","0.10672508724975236782","2262","tags=44%, list=16%, signal=37%","ECEL1/CDH1/PRR12/RIPK4/KMT2D/LMNA/CTNND1","0.3524878575836192"
"HP_APLASIA_HYPOPLASIA_OF_THE_SWEAT_GLANDS","HP_APLASIA_HYPOPLASIA_OF_THE_SWEAT_GLANDS","7","0.7398690645326452","1.550680862264489","0.03598280289945829379938","0.31489202474376337682","0.11622554514693991812","2009","tags=43%, list=15%, signal=37%","TBX3/EDA/LMNA","0.3217759180753611"
"HP_BORDERLINE_INTELLECTUAL_DISABILITY","HP_BORDERLINE_INTELLECTUAL_DISABILITY","22","0.5418506133987844","1.550061358610042","0.01762247010593990387273","0.24484200735053368581","0.09037032869391671552","3108","tags=41%, list=22%, signal=32%","KCNMA1/AASS/POMK/OCA2/CLDN11/NUDT2/TRIO/CHD8/TONSL","0.3524878575836192"
"HP_INTESTINAL_PSEUDO_OBSTRUCTION","HP_INTESTINAL_PSEUDO_OBSTRUCTION","28","-0.4839525831309859","-1.549802999565822","0.02354544665148865928428","0.26977741658210818709","0.09957390104148594601","3041","tags=32%, list=22%, signal=25%","MT-CO2/ERBB3/BRCA2/LIG3/KRAS/CDKN2A/TWNK/RABL3/SMO","0.3524878575836192"
"HP_OROTICACIDURIA","HP_OROTICACIDURIA","8","-0.6833663995585029","-1.548921843052238","0.03964015039314019994698","0.33224783670389157475","0.12263151464767631238","277","tags=25%, list=2%, signal=25%","ASS1/SLC25A15","0.3217759180753611"
"HP_ABNORMALITY_OF_THE_WRIST","HP_ABNORMALITY_OF_THE_WRIST","133","0.3754129183105559","1.548484071875297","0.00498124041115187259077","0.16277631888859239728","0.06008017006856088138","3374","tags=41%, list=24%, signal=32%","EXT1/HSPG2/VDR/GPC4/LAMB2/ZMYM3/COL2A1/TRPV4/CANT1/WNT7A/ATP7A/FGFR2/NOTCH2/PTPN22/IDH1/EXOC6B/ASAH1/GNPTAB/TBX3/TNNT1/FLNB/APC/RAC3/ENPP1/MMP14/SIK3/GLB1/ADGRG6/MAFB/SLC35B2/LMNA/EIF2AK3/PI4KA/ALG12/COL6A3/PDE4D/DYNC2LI1/PRKACB/SPG11/PRKACA/PIGV/MECP2/IL2RB/ERLIN2/BPTF/COLQ/ADAMTSL2/CCN6/TONSL/NIN/NOG/COG4/GNE/MYH3/EXT2","0.4070179189239539"
"HP_HEADACHE","HP_HEADACHE","283","0.3424864891820656","1.548330847492599","0.00044268486155792286961","0.07687499298991803953","0.02837429107863542049","2135","tags=27%, list=15%, signal=23%","CD46/APP/MAOA/IFIH1/SLC1A3/SLC2A1/MYORG/CCND1/KCNJ10/SCN5A/BCAT2/NR3C1/GBA1/COL4A3/NF2/EPAS1/TET2/TRANK1/FGFR2/PLCE1/DAAM2/NOTCH2/NF1/CTSH/APOL1/VANGL1/PTPN22/INF2/FRMD5/FAS/ERAP1/COL1A1/SMARCAL1/CACNA1D/CASP10/SQOR/RHOBTB2/JAK2/CNNM2/PDGFB/NFIX/ANO1/TLR3/TNFSF4/SLC25A4/P4HA2/KIF23/NOTCH3/COL5A2/STIM1/SEMA4A/RACGAP1/TGFBR2/ARHGDIA/HTRA1/PLAAT3/MSX2/IL10/SAMD12/KIF1B/MVK/KCNJ5/SUFU/SELENON/CDKN2B/TMEM127/PMS1/CNTN2/GNAQ/MLH1/KANK2/ANLN/CDC73/CD2AP/SMAD3","0.4984931087665903"
"HP_IRIS_NODULE","HP_IRIS_NODULE","6","0.7635341791026864","1.547932917572917","0.03174894639897619941227","0.29991615195640874969","0.11069800287216215173","1065","tags=50%, list=8%, signal=46%","NF2/NF1/SPRED1","0.3217759180753611"
"HP_ABNORMALITY_OF_CANINE","HP_ABNORMALITY_OF_CANINE","16","0.5731513735301590","1.547313101998494","0.02863408730487236944495","0.28983537914968260374","0.10697722488193649182","2974","tags=56%, list=21%, signal=44%","TGFA/FGF3/MSX1/EDA/WNT10A/APC/KDM1A/IRF6/FGFR1","0.3524878575836192"
"HP_ECCENTRIC_VISUAL_FIXATION","HP_ECCENTRIC_VISUAL_FIXATION","4","-0.8514670515654216","-1.546797647181382","0.01950345088046111577396","0.25146328664204736780","0.09281421972562046985","1786","tags=50%, list=13%, signal=44%","OFD1/RPGR","0.3524878575836192"
"HP_DECREASED_CORNEAL_SENSATION","HP_DECREASED_CORNEAL_SENSATION","4","0.8659598900158478","1.544651376897829","0.01485330361308192202718","0.23820431001346303868","0.08792037781901222704","565","tags=50%, list=4%, signal=48%","TGFBI/FGFR2","0.3807304007227924"
"HP_SHORTENING_OF_ALL_MIDDLE_PHALANGES_OF_THE_FINGERS","HP_SHORTENING_OF_ALL_MIDDLE_PHALANGES_OF_THE_FINGERS","6","0.7617000100526824","1.544214458430418","0.03174894639897619941227","0.29991615195640874969","0.11069800287216215173","2974","tags=83%, list=21%, signal=65%","COL2A1/FGFR2/PHF6/EIF2AK3/FGFR1","0.3217759180753611"
"HP_ABNORMAL_MITOCHONDRIA_IN_MUSCLE_TISSUE","HP_ABNORMAL_MITOCHONDRIA_IN_MUSCLE_TISSUE","38","-0.4525287952546152","-1.544126445740809","0.02056832442874926072940","0.25752128818499148144","0.09505020691012482092","4581","tags=47%, list=33%, signal=32%","TMEM126B/MT-CO3/SDHA/NDUFV2/NDUFAF8/NUBPL/NDUFS3/NDUFB9/NDUFS6/FOXRED1/MT-CO2/NDUFV1/NDUFA11/NDUFAF4/MT-ND3/NDUFB11/NDUFAF2/AFG3L2","0.3524878575836192"
"HP_NONTUBERCULOUS_MYCOBACTERIAL_PULMONARY_INFECTION","HP_NONTUBERCULOUS_MYCOBACTERIAL_PULMONARY_INFECTION","13","0.6062423582002476","1.543850848026114","0.04638218923933209308919","0.35876388061338765345","0.13241849372734390555","3095","tags=46%, list=22%, signal=36%","SLC26A9/SERPINA1/KCNN4/HFE/HMOX1/GCLC","0.2878571172551493"
"HP_POSTERIOR_SYNECHIAE_OF_THE_ANTERIOR_CHAMBER","HP_POSTERIOR_SYNECHIAE_OF_THE_ANTERIOR_CHAMBER","8","0.6954647081258649","1.543592695001428","0.04761904761904761640423","0.35904891128771720954","0.13252369755247891958","1718","tags=50%, list=12%, signal=44%","ADAMTS17/PTPN22/FAS/FOXC1","0.2820133500117251"
"HP_SHORT_STEPPED_SHUFFLING_GAIT","HP_SHORT_STEPPED_SHUFFLING_GAIT","13","0.6056129201524938","1.542247927262396","0.04638218923933209308919","0.35876388061338765345","0.13241849372734390555","754","tags=31%, list=5%, signal=29%","COL2A1/TRPV4/GBA1/SYNJ1","0.2878571172551493"
"HP_DYSGENESIS_OF_THE_HIPPOCAMPUS","HP_DYSGENESIS_OF_THE_HIPPOCAMPUS","9","0.6685454226943703","1.542154878239868","0.03926783523640176021274","0.33009968790134947003","0.12183864043679287770","2323","tags=44%, list=17%, signal=37%","TUBA1A/SCN1B/DNAL4/MACF1","0.3217759180753611"
"HP_URETEROCELE","HP_URETEROCELE","23","0.5203822243591676","1.541672711045013","0.04048369599570166704749","0.33491966721759514058","0.12361767794682025634","1117","tags=30%, list=8%, signal=28%","LAMC2/ITGB4/ITGA6/SCN1B/MAPRE2/RHOBTB2/PIGP","0.3217759180753611"
"HP_ECCHYMOSIS","HP_ECCHYMOSIS","49","0.4438923692804519","1.541560769193506","0.01371462791426970168063","0.22964788999854462981","0.08476223311353957290","2121","tags=31%, list=15%, signal=26%","RUNX1/CD109/F13A1/NR3C1/GBA1/STAT3/TET2/COL1A1/JAK2/PRF1/PML/COL5A2/NABP1/PRKAR1A/CHST14","0.3807304007227924"
"HP_BICONVEX_VERTEBRAL_BODIES","HP_BICONVEX_VERTEBRAL_BODIES","3","0.9081866970965449","1.541464571260601","0.01088437746532378361253","0.20856719163725609412","0.07698142106816403818","921","tags=67%, list=7%, signal=62%","COL2A1/FN1","0.3807304007227924"
"HP_MINIMAL_CHANGE_GLOMERULONEPHRITIS","HP_MINIMAL_CHANGE_GLOMERULONEPHRITIS","35","0.4769158584999491","1.540553766416022","0.01858464042250119324651","0.24766150318426649601","0.09141099474629379995","2774","tags=40%, list=20%, signal=32%","COL4A3/PLCE1/DAAM2/APOL1/INF2/SMARCAL1/ARHGDIA/KIRREL1/KANK2/ANLN/CD2AP/MYO1E/ARPC5/ACTN4","0.3524878575836192"
"HP_SYRINGOMYELIA","HP_SYRINGOMYELIA","33","0.4866741010939847","1.540058353612467","0.02006943321699022203530","0.25520787273870632061","0.09419633335897775739","2523","tags=30%, list=18%, signal=25%","EXT1/NOTCH2/SPARC/CREBBP/EP300/NOTCH3/HMGA2/CTNNB1/FOXF1/KDM1A","0.3524878575836192"
"HP_AXILLARY_FRECKLING","HP_AXILLARY_FRECKLING","5","0.7870723427773544","1.539409178394536","0.02693236442177529207931","0.28671101358583389596","0.10582403247831138893","2015","tags=80%, list=15%, signal=68%","NF2/NF1/SPRED1/MLH1","0.3524878575836192"
"HP_CHERRY_RED_SPOT_OF_THE_MACULA","HP_CHERRY_RED_SPOT_OF_THE_MACULA","13","0.6043670137399303","1.539075114202439","0.04638218923933209308919","0.35876388061338765345","0.13241849372734390555","2481","tags=54%, list=18%, signal=44%","FUCA1/GM2A/ASAH1/GLB1/NEU1/HEXB/SMPD1","0.2878571172551493"
"HP_SELECTIVE_TOOTH_AGENESIS","HP_SELECTIVE_TOOTH_AGENESIS","42","0.4497852659560700","1.538820633251350","0.01899009740023097428385","0.24933054333768620014","0.09202703163024215927","1312","tags=29%, list=9%, signal=26%","CDH11/CDH1/DLG1/TGFA/BMP4/FGF3/MSX1/CDH3/EDA/WNT10A/DLX3/RIPK4","0.3524878575836192"
"HP_NEPHRITIS","HP_NEPHRITIS","114","0.3784001050565233","1.538679130218817","0.00738493692443749003007","0.18513974558391166347","0.06833443265629125796","2603","tags=35%, list=19%, signal=29%","MYCN/COL4A4/LAMB2/ZMYM3/MED12/COL4A3/FCGR2A/LTBP1/ZNFX1/PLCE1/DAAM2/TAPBP/APOL1/PTPN22/INF2/FAS/ERAP1/SMARCAL1/CASP10/XDH/TNIP1/TNFSF4/BANK1/ARHGDIA/COL4A5/ALMS1/IL10/BICC1/MYH9/KIRREL1/KANK2/ANLN/CD2AP/TNFAIP3/MYO1E/IFNGR1/ARPC5/GANAB/MECP2/HMOX1","0.4070179189239539"
"HP_ABNORMAL_ILEUM_MORPHOLOGY","HP_ABNORMAL_ILEUM_MORPHOLOGY","45","0.4538859986039208","1.538092864733900","0.01885173603483766835431","0.24933054333768620014","0.09202703163024215927","2615","tags=36%, list=19%, signal=29%","MYCN/GPC4/MED12/CARD8/BRIP1/FANCD2/SLX4/GTF2H5/FANCM/ERCC4/PPP1R12A/FANCE/PI4KA/TNFAIP3/FOXF1/RFWD3","0.3524878575836192"
"HP_WHITE_EYEBROW","HP_WHITE_EYEBROW","8","0.6929216736369348","1.537948397865449","0.04761904761904761640423","0.35904891128771720954","0.13252369755247891958","2836","tags=75%, list=20%, signal=60%","SNAI2/MITF/OCA2/EDN3/MC1R/MYO5A","0.2820133500117251"
"HP_ABNORMAL_POSTURING","HP_ABNORMAL_POSTURING","7","0.7332588164557313","1.536826539007758","0.03786012038830434411896","0.32601034470432632695","0.12032927816331613624","1113","tags=57%, list=8%, signal=53%","PRNP/PANK2/EPG5/AOPEP","0.3217759180753611"
"HP_APLASIA_HYPOPLASIA_OF_THE_PALMAR_CREASES","HP_APLASIA_HYPOPLASIA_OF_THE_PALMAR_CREASES","13","0.6033650549033700","1.536523535648767","0.04823747680890538153120","0.35974872431580096066","0.13278199609387938973","2121","tags=46%, list=15%, signal=39%","TUBA1A/AUTS2/RIPK4/DSE/GLDN/CHST14","0.2820133500117251"
"HP_HYPOPLASTIC_VERTEBRAL_BODIES","HP_HYPOPLASTIC_VERTEBRAL_BODIES","16","0.5687225440881326","1.535356773987002","0.02991381002214826487218","0.29346643868208899253","0.10831743625743363302","1872","tags=44%, list=14%, signal=38%","ACVR1/GNS/SUMF1/VANGL1/KIAA0586/GLB1/PRKAR1A","0.3524878575836192"
"HP_AGYRIA","HP_AGYRIA","17","0.5646861744824907","1.535240161732868","0.02888011225817383939574","0.29021118231224596329","0.10711593251504474000","1787","tags=35%, list=13%, signal=31%","TUBA1A/DAG1/TUBB2B/POMK/TMTC3/TUBG1","0.3524878575836192"
"HP_APLASIA_HYPOPLASIA_OF_THE_SKIN","HP_APLASIA_HYPOPLASIA_OF_THE_SKIN","191","0.3522761910212601","1.534924394324235","0.00304406772995051335545","0.13988144800228249909","0.05162975328841067774","3565","tags=40%, list=26%, signal=30%","LAMC2/CUL4B/KRT5/DST/ITGB4/DLG4/PROS1/TGFB2/CDH1/CAV1/ITGA6/NR3C1/KRT14/PLOD1/GSN/LSS/ERMARD/ZNRF3/MAP1B/COL1A1/ANTXR2/UBR1/ARL6IP6/NFIX/EDA/WNT10A/NEDD4L/ENPP1/PROC/COL5A2/TGFBR2/MSX2/DSE/TINF2/MVK/TMTC3/ERCC4/SATB2/LAMA3/FOSL2/PRKAR1A/TRAF6/POLH/LMNA/AHDC1/CHST14/SMAD3/TGFB3/COL6A3/DSP/CTNNB1/USB1/KDM1A/RBPJ/FBN1/TNFRSF1B/CHRNG/DDB2/CHD8/PLEC/ADAMTSL2/EOGT/ORC1/TFAP2A/DHCR24/ARHGAP31/DLL4/C1S/MYH3/ARMC5/CTC1/FGFRL1/ERCC6/NOP10/MTAP/COX7B","0.4317076958033464"
"HP_HYPOPLASIA_OF_THE_ODONTOID_PROCESS","HP_HYPOPLASIA_OF_THE_ODONTOID_PROCESS","24","0.5109905804680451","1.533907449712899","0.03400948529009951287749","0.30608511326860066148","0.11297494491946655226","2023","tags=38%, list=15%, signal=32%","COL2A1/TRPV4/LFNG/GNPTAB/FN1/NFIX/FLNB/GLB1/EIF2AK3","0.3217759180753611"
"HP_RETINAL_DETACHMENT","HP_RETINAL_DETACHMENT","92","0.3959105987506768","1.533021965782947","0.00651417209056036079079","0.17832144978937894408","0.06581782352229523236","2121","tags=27%, list=15%, signal=23%","ALDH1A3/CCND1/LAMB2/COL2A1/DAG1/IGFBP7/ZNF469/POMK/PLOD1/XYLT2/PTPN22/BMP4/FAS/DYRK1A/NHEJ1/ARL6IP6/MAF/P4HA2/LRP2/DSE/TINF2/COL18A1/GNAQ/ALG12/CHST14","0.4070179189239539"
"HP_NEGATIVISM","HP_NEGATIVISM","5","0.7835024838200417","1.532427007448128","0.02726692367923967338927","0.28707712396343337824","0.10595916253838537358","1492","tags=60%, list=11%, signal=54%","CHI3L1/APOL2/COMT","0.3524878575836192"
"HP_STEREOTYPIC_MOVEMENTS_OF_FACE_AND_HEAD","HP_STEREOTYPIC_MOVEMENTS_OF_FACE_AND_HEAD","66","-0.3965672470615619","-1.530252430589646","0.01186457155758952053404","0.21337030467807432954","0.07875423329491298974","926","tags=17%, list=7%, signal=16%","SMC1A/ANK3/ZFX/IQCB1/IMPDH1/DPAGT1/RDH12/PUS7/GNB2/EEF1A2/PDE2A","0.3807304007227924"
"HP_REDUCED_SYSTOLIC_FUNCTION","HP_REDUCED_SYSTOLIC_FUNCTION","16","0.5668008515376176","1.530168859940647","0.03119353326219510488815","0.29990304071803330910","0.11069316355992812884","2241","tags=44%, list=16%, signal=37%","JPH2/SCN5A/DES/JUP/TKFC/CACNA1S/DSP","0.3524878575836192"
"HP_ABNORMALITY_OF_THE_DISTAL_PHALANX_OF_THE_5TH_FINGER","HP_ABNORMALITY_OF_THE_DISTAL_PHALANX_OF_THE_5TH_FINGER","32","0.4868424363272424","1.529751205613061","0.02667938589479675048910","0.28511028349497219425","0.10523320859957101259","3745","tags=47%, list=27%, signal=34%","COL2A1/WDPCP/BBS9/NPR2/ARL6/ARID1B/BBS10/CFAP418/BBS4/BBS12/SDCCAG8/BBS7/TRIM32/NPHP1/SMARCB1","0.3524878575836192"
"HP_ERLENMEYER_FLASK_DEFORMITY_OF_THE_FEMURS","HP_ERLENMEYER_FLASK_DEFORMITY_OF_THE_FEMURS","10","0.6664407243881361","1.529416209943239","0.04096676538991350646768","0.33776307903820373957","0.12466717130631836674","2637","tags=40%, list=19%, signal=32%","GBA1/PLEKHM1/ANKH/SCARB2","0.3217759180753611"
"HP_HYPERHIDROSIS","HP_HYPERHIDROSIS","127","0.3742644185146946","1.529076236342257","0.00311670383936630103830","0.14196330520785685469","0.05239815950267684430","1902","tags=28%, list=14%, signal=25%","KRT6A/CUL4B/KRT5/DST/SLC1A3/SLC2A1/CCND1/PRNP/SLC16A2/KRT14/FUCA1/CTSB/EPAS1/TRANK1/FGFR2/NF1/CTSH/UCP2/PTPN22/ZNRF3/MALT1/JUP/PERP/RHOBTB2/JAK2/CDH3/WNT10A/TNFSF4/P4HA2/FOXP1/KIF1B/TINF2/BIRC3/PRKAR1A/HEXB/TMEM127","0.4317076958033464"
"HP_ABNORMAL_INTERVERTEBRAL_DISK_MORPHOLOGY","HP_ABNORMAL_INTERVERTEBRAL_DISK_MORPHOLOGY","42","0.4467709267784068","1.528507873645172","0.02115152671498953321216","0.26022709229507567930","0.09604890974488627942","2228","tags=31%, list=16%, signal=26%","NT5E/TNFRSF11B/COL2A1/TRPV4/SLC26A2/XYLT2/LFNG/FN1/FLNB/LMNA/ANKH/SMAD3/PLCB3","0.3524878575836192"
"HP_ABNORMAL_BRANCHING_PATTERN_OF_THE_AORTIC_ARCH","HP_ABNORMAL_BRANCHING_PATTERN_OF_THE_AORTIC_ARCH","28","0.5005308021243891","1.527708088118962","0.02815122630667593606191","0.28948197232285233227","0.10684678365802673106","1352","tags=25%, list=10%, signal=23%","STRA6/ZMYM3/GBA1/TBCK/PLD1/CREBBP/EP300","0.3524878575836192"
"HP_MUSCLE_ABNORMALITY_RELATED_TO_MITOCHONDRIAL_DYSFUNCTION","HP_MUSCLE_ABNORMALITY_RELATED_TO_MITOCHONDRIAL_DYSFUNCTION","86","-0.3825494767106875","-1.526620533293403","0.00952259444330298514270","0.20044339894482837705","0.07398295759451317677","4639","tags=48%, list=34%, signal=32%","RFC4/ATP5F1A/TMEM126B/MIEF2/SUCLG1/MT-CO3/RRM1/GTPBP3/COA8/NDUFV2/TRMT5/NDUFAF8/NUBPL/NDUFS3/NDUFB9/NDUFS6/FOXRED1/MT-CO2/NDUFV1/PNPT1/SURF1/DGUOK/LRPPRC/LIG3/COX10/NDUFA11/BRAT1/TRMU/PUS1/NDUFAF4/MT-ND3/COXFA4/AGK/MPV17/TOP3A/TFAM/TWNK/OPA1/RNASEH1/NDUFB11/NDUFAF2","0.3807304007227924"
"HP_ABNORMAL_PLEURA_MORPHOLOGY","HP_ABNORMAL_PLEURA_MORPHOLOGY","133","0.3699464054924205","1.525936078413382","0.00706637521287305399309","0.18429373419889064079","0.06802217281260483639","2774","tags=35%, list=20%, signal=29%","EXT1/LAMC2/SLC26A9/CD46/SERPINA1/IFIH1/CCND1/TGFB2/CAV1/FCGR2A/STAT3/SLC25A24/LTBP1/ZNFX1/GAA/PTPN22/ABCA3/FAS/ERAP1/NHEJ1/KCNN4/DEF6/CCBE1/P4HA2/TGFBR2/RIT1/DSE/PRSS2/IL10/BLTP1/LAMA3/HFE/TAPT1/SEMA4D/CHST14/SMAD3/TGFB3/TXNDC15/IFNGR1/FOXF1/FBN1/TNFRSF1B/HMOX1/SCARB2/KIF11/SFTPB/ACTN4","0.4070179189239539"
"HP_ABNORMAL_NAIL_ATTACHMENT","HP_ABNORMAL_NAIL_ATTACHMENT","21","0.5446517470826789","1.525221766662324","0.02831114647060689257230","0.28948197232285233227","0.10684678365802673106","1826","tags=43%, list=13%, signal=37%","KRT5/IFIH1/ITGB4/KRT14/ITGA3/JUP/WNT10A/FZD6/LAMA3","0.3524878575836192"
"HP_PATHOLOGICAL_INCLUSION_BODY","HP_PATHOLOGICAL_INCLUSION_BODY","27","-0.4808359707237749","-1.524739528062903","0.03058008872269293854096","0.29708663117483330440","0.10965363664659387444","2298","tags=37%, list=17%, signal=31%","TPM2/ALG2/PABPN1/GYG1/CFL2/PYROXD1/DPAGT1/FHL1/FLNC/RYR1","0.3524878575836192"
"HP_HYPOLIPOPROTEINEMIA","HP_HYPOLIPOPROTEINEMIA","53","0.4329290118964759","1.524539605950103","0.01800906144723969648513","0.24606281569107607554","0.09082092478321089624","3969","tags=49%, list=29%, signal=35%","GBA1/MSMO1/LIPA/APOE/WDPCP/PLAAT3/BBS9/ALMS1/ARL6/BBS10/CFAP418/LMNA/ALG6/HERC2/BBS4/SMPD1/SCARB2/BBS12/SDCCAG8/PSMB8/SAR1B/BBS7/TRIM32/NPHP1/SLC7A7/FDFT1","0.3524878575836192"
"HP_BRUISING_SUSCEPTIBILITY","HP_BRUISING_SUSCEPTIBILITY","153","0.3637158606902812","1.524107896979125","0.00421218031909171859023","0.15335804790307769330","0.05660391918375744236","3394","tags=39%, list=25%, signal=29%","RUNX1/PTPRJ/TGFB2/F13A1/NR3C1/NBEAL2/GBA1/ANKRD26/FUCA1/STAT3/FANCD2/ZNF469/TET2/ATP7A/PLOD1/GSN/FAS/COL1A1/CASP10/JAK2/PRF1/NFIX/PML/ENPP1/PLAU/SIK3/COL5A2/STIM1/TGFBR2/RIT1/DSE/MYH9/NABP1/PRKAR1A/FANCE/HPS4/ACTN1/CHST14/SMAD3/TGFB3/SOS1/STX11/PRKACA/KDM1A/FBN1/DTNBP1/SCARB2/PLEC/RASGRP2/LYST/CALR/ANO6/SOS2/SERPINF2/C1S/HPS5/GNE/ARMC5/BLOC1S5","0.4070179189239539"
"HP_PROLONGED_BLEEDING_TIME","HP_PROLONGED_BLEEDING_TIME","38","0.4562155388042584","1.522687870829053","0.02904331945289887959016","0.29109573757930068405","0.10744241877080078218","3302","tags=45%, list=24%, signal=34%","RUNX1/ITGB4/NBEAL2/TET2/NF1/COL1A1/JAK2/COL5A2/MYH9/DTNBP1/PLEC/RASGRP2/ADAMTSL2/AP3B1/CALR/DLL4/HPS5","0.3524878575836192"
"HP_BICORNUATE_UTERUS","HP_BICORNUATE_UTERUS","49","0.4384184387271322","1.522550763213980","0.01664542123187924549388","0.24190885251128713129","0.08928771150007312751","2615","tags=35%, list=19%, signal=28%","STRA6/BRIP1/FANCD2/FGFR2/SETBP1/SLX4/TBX3/FRAS1/RIPK4/LRP2/FANCM/ERCC4/FANCE/PIGN/SF3B4/FOXF1/RFWD3","0.3524878575836192"
"HP_UPPER_EYELID_COLOBOMA","HP_UPPER_EYELID_COLOBOMA","6","0.7509150917581342","1.522349909994505","0.03544774263329533714462","0.31118974062120408064","0.11485904502429164498","1130","tags=50%, list=8%, signal=46%","CDH11/SLC25A24/FRAS1","0.3217759180753611"
"HP_PALPEBRAL_THICKENING","HP_PALPEBRAL_THICKENING","5","0.7783453602435366","1.522340357293744","0.02994339944803750888647","0.29346643868208899253","0.10831743625743363302","817","tags=40%, list=6%, signal=38%","ANTXR1/DPYD","0.3524878575836192"
"HP_BLADDER_EXSTROPHY","HP_BLADDER_EXSTROPHY","6","0.7507550458339091","1.522025444684095","0.03544774263329533714462","0.31118974062120408064","0.11485904502429164498","235","tags=33%, list=2%, signal=33%","CDH11/MED12","0.3217759180753611"
"HP_APLASIA_HYPOPLASIA_INVOLVING_BONES_OF_THE_LOWER_LIMBS","HP_APLASIA_HYPOPLASIA_INVOLVING_BONES_OF_THE_LOWER_LIMBS","332","0.3283675661105352","1.521459504745756","0.00034229521338716297580","0.07450403408654703019","0.02749917843870901268","3275","tags=34%, list=24%, signal=27%","EXT1/ROBO1/HSPG2/CDH11/MYCN/CUL4B/WLS/CCN2/GPC4/IGF1R/COL2A1/DDRGK1/TRPV4/SLC26A2/ACVR1/CANT1/WNT7A/RERE/ATP7A/FGFR2/NOTCH2/GLI3/PIGS/EXOC6B/ASAH1/DYRK1A/DYNC1H1/PHF6/FN1/DYNC2H1/VPS13B/TBX3/INTU/PAPSS2/CCBE1/SON/ARL6IP6/CERT1/PPM1D/DONSON/FLNB/SIL1/KIF5C/RIPK4/APC/SOX9/EP300/CHST11/RNF2/ALMS1/TMEM67/DACT1/CAMK2G/ZMIZ1/KCNJ5/NPR2/CTSK/ARL6/ARID1B/SATB2/SMARCA4/PRKAR1A/TAPT1/CPLANE1/FKBP10/AFF4/LMNA/AHDC1/FIG4/CDC42BPB/ZNF407/MIA3/ALG12/UBE4B/LUZP1/PDE4D/OCA2/HERC2/POC1A/DYNC2LI1/HEPHL1/IFNGR1/PIGN/TPR/KAT6A/SKI/TBCE/SF3B4/RBPJ/PIGV/FBN1/MECP2/CHRNG/MBD5/NEK1/WDR26/ADAMTSL2/CCDC47/UBE2A/EOGT/ORC1/CCN6/FGFR1/ASCC3/HDAC8/CASZ1/RAG1/TONSL/ARHGAP31/DLL4/SMARCA2/SERPINH1/NOG/COG4","0.4984931087665903"
"HP_PLATYSPONDYLY","HP_PLATYSPONDYLY","114","0.3740918819851850","1.521160707682425","0.00947921189129092775505","0.20028889916313186159","0.07392593226537894080","1221","tags=21%, list=9%, signal=19%","HSPG2/CCN2/COL2A1/DDRGK1/TRPV4/SLC26A2/FUCA1/SLC25A24/MAN2B1/CANT1/ATP7A/PLOD1/XYLT2/LFNG/BMP4/IDH1/ARSK/EXOC6B/COL1A1/SMARCAL1/FN1/PAPSS2/SPARC/FLNB","0.3807304007227924"
"HP_ABNORMAL_TIBIA_MORPHOLOGY","HP_ABNORMAL_TIBIA_MORPHOLOGY","83","0.3919640463524359","1.520013939756294","0.01732359544059735440014","0.24392470883170835894","0.09003175701843617318","1341","tags=27%, list=10%, signal=24%","EXT1/VDR/CCN2/CILK1/COL2A1/SLC26A2/FGF13/WNT7A/ATP7A/GLI3/NF1/SETBP1/SCN1B/COL1A1/PRR12/FN1/DYNC2H1/INTU/DONSON/FLNB/ENPP1/SOX9","0.3524878575836192"
"HP_PAIN_IN_HEAD_AND_NECK_REGION","HP_PAIN_IN_HEAD_AND_NECK_REGION","35","0.4705201418035918","1.519894051982341","0.02151129908311185529035","0.26157174836948049457","0.09654521759965017935","2173","tags=34%, list=16%, signal=29%","KRT6A/COL8A2/SLC4A11/TGFBI/NF2/ZEB1/TACSTD2/PDGFB/HTRA1/SUFU/GNAQ/OVOL2","0.3524878575836192"
"HP_EXODEVIATION","HP_EXODEVIATION","116","0.3715557705740039","1.519711547995487","0.00760810083866975562367","0.18602824264394940412","0.06866237381405276841","2545","tags=29%, list=18%, signal=24%","TUBA1A/CDH11/GJA5/SLC1A3/SLC2A1/PGM2L1/TUBB2B/RERE/FGFR2/NR2F1/DYRK1A/PRR12/RHOBTB2/BCORL1/POGZ/SON/NEDD4L/AFG2A/TGFBR2/RNF2/TMEM67/ADARB1/AFF4/AHDC1/ANKH/SMAD3/ALDH3A2/OCA2/MC1R/HACE1/EFNB1/SALL2/KDM1A/FBN1","0.4070179189239539"
"HP_HYPERACUSIS","HP_HYPERACUSIS","25","-0.4914460330265798","-1.519549439229857","0.04641915244934780027108","0.35876388061338765345","0.13241849372734390555","1727","tags=40%, list=12%, signal=35%","MLXIPL/LIMK1/GTF2I/DNAJC30/VPS37D/BAZ1B/RFC2/TBL2/EIF4H/BUD23","0.3217759180753611"
"HP_ANTERIOR_CHAMBER_SYNECHIAE","HP_ANTERIOR_CHAMBER_SYNECHIAE","21","0.5424894262768621","1.519166486793667","0.02926011373525507289206","0.29109573757930068405","0.10744241877080078218","2173","tags=43%, list=16%, signal=36%","ADAMTS17/COL8A2/ZEB1/PTPN22/FAS/ASPH/FOXC1/COL18A1/OVOL2","0.3524878575836192"
"HP_SENILE_PLAQUES","HP_SENILE_PLAQUES","11","0.6271815737838931","1.518899601766107","0.04882812500000000000000","0.36130211800932093835","0.13335534827389758372","2114","tags=45%, list=15%, signal=39%","PRNP/GRN/APOE/ABCA7/TREM2","0.2878571172551493"
"HP_INCREASED_CIRCULATING_GONADOTROPIN_LEVEL","HP_INCREASED_CIRCULATING_GONADOTROPIN_LEVEL","59","-0.4059900410759239","-1.518115289118505","0.00839007186645558851457","0.19108044820448241707","0.07052712521874511531","1648","tags=22%, list=12%, signal=19%","ZMYND15/POLR3H/PPP2R3C/DHX37/STAG3/TAF4B/CNBP/ZFPM2/POLA1/TEX15/RBBP7/CDH23/POR","0.3807304007227924"
"HP_SHORT_TOE","HP_SHORT_TOE","93","0.3843283268794909","1.518039978014048","0.01145987072997838029931","0.20925858708855438195","0.07723661271140953855","2531","tags=30%, list=18%, signal=25%","ROBO1/MYCN/GPC4/COL2A1/TRPV4/SLC26A2/ACVR1/FGFR2/NOTCH2/ASAH1/DYRK1A/PHF6/TBX3/SOX9/EP300/CHST11/ALMS1/ZMIZ1/NPR2/PRKAR1A/FIG4/MIA3/PDE4D/TPR/KAT6A/SF3B4/RBPJ/PIGV","0.3807304007227924"
"HP_VERTIGO","HP_VERTIGO","112","0.3747717808832668","1.518027560072716","0.00649107218953000417866","0.17832144978937894408","0.06581782352229523236","1902","tags=29%, list=14%, signal=25%","GJA5/SCN3B/SLC1A3/MYORG/CCND1/KCNJ10/MED12/SCN5A/CALM2/STAT3/NF2/EPAS1/TET2/NF1/PTPN22/SCN1B/FAS/ERAP1/JUP/JAK2/CNNM2/PDGFB/PML/P4HA2/IL10/KIF1B/MVK/KCNJ5/SUFU/NABP1/PRKAR1A/TMEM127","0.4070179189239539"
"HP_T_CELL_LYMPHOMA","HP_T_CELL_LYMPHOMA","10","0.6614665493338159","1.518000965224878","0.04489949464851603760929","0.35592937483852155056","0.13137228755818469716","4114","tags=80%, list=30%, signal=56%","FAS/CASP10/HAVCR2/MLH1/TNFRSF1B/NBN/TTC7A/MSH6","0.3217759180753611"
"HP_ENDOCARDIAL_FIBROSIS","HP_ENDOCARDIAL_FIBROSIS","4","0.8508188655842491","1.517643654593872","0.02161046977488584666660","0.26220388763982671598","0.09677853799372673760","1172","tags=75%, list=8%, signal=69%","SP110/VCL/MYL3","0.3524878575836192"
"HP_ENCEPHALOPATHY","HP_ENCEPHALOPATHY","295","-0.3140322030305290","-1.516119908853877","0.00038498846387235714610","0.07450403408654703019","0.02749917843870901268","1730","tags=20%, list=12%, signal=18%","MSL2/CLCNKB/CHKA/FH/CACNA1E/NDUFAF4/TRIT1/MT-ND3/TSFM/ATP1A3/PCK2/NUS1/ATAD3A/NADK2/ACAD9/TIMM50/CYFIP2/DLD/WDR45/MPV17/DENND5A/ABCB1/GFM1/UBA5/PIGA/ALG9/DPM1/CLPB/SLC25A13/AP3B2/UGDH/GPT2/MYRF/TWNK/HSD17B10/NDUFB11/PCCA/IRF5/DPM2/TH/KCNQ2/DPAGT1/ASNS/CASK/RINT1/NDUFAF2/MDH2/SLC35A2/RNASEH2B/TULP3/TNFSF15/SUCLA2/SLC1A2/PMPCB/CARS2/RYR1/SLC25A15/EEF1A2/GPR35/NAXD","0.4984931087665903"
"HP_SINGLE_VENTRICLE","HP_SINGLE_VENTRICLE","9","0.6570711441692293","1.515686796938056","0.04640729161103995803472","0.35876388061338765345","0.13241849372734390555","2335","tags=56%, list=17%, signal=46%","STRA6/PLD1/NODAL/KMT2D/TXNDC15","0.3217759180753611"
"HP_LENS_LUXATION","HP_LENS_LUXATION","5","0.7748222774675173","1.515449674357903","0.03128163831341945755327","0.29991615195640874969","0.11069800287216215173","2545","tags=80%, list=18%, signal=65%","COL2A1/GNAQ/MOCS2/FBN1","0.3217759180753611"
"HP_SHORT_MANDIBULAR_RAMI","HP_SHORT_MANDIBULAR_RAMI","4","0.8491349069645657","1.514639902306355","0.02253004913076378165626","0.26366304232346959857","0.09731710688475567195","1613","tags=75%, list=12%, signal=66%","PLCB4/NFIX/EDN1","0.3524878575836192"
"HP_INCREASED_CIRCULATING_TROPONIN_T_CONCENTRATION","HP_INCREASED_CIRCULATING_TROPONIN_T_CONCENTRATION","3","0.8921008889210089","1.514162141614853","0.01945603913769991880067","0.25143537090278711421","0.09280391612388159961","1496","tags=100%, list=11%, signal=89%","SCN5A/PSMB9/HMGCR","0.3524878575836192"
"HP_THICKENED_RIBS","HP_THICKENED_RIBS","6","0.7468267874270300","1.514061583126664","0.03791361242962341948637","0.32601034470432632695","0.12032927816331613624","2907","tags=83%, list=21%, signal=66%","MAN2B1/GNS/GLB1/NAGLU/HGSNAT","0.3217759180753611"
"HP_AMPLIFICATION_OF_SEXUAL_BEHAVIOR","HP_AMPLIFICATION_OF_SEXUAL_BEHAVIOR","4","0.8486522931909402","1.513779042538443","0.02253004913076378165626","0.26366304232346959857","0.09731710688475567195","560","tags=50%, list=4%, signal=48%","TRANK1/GRN","0.3524878575836192"
"HP_ABNORMAL_NAIVE_CD4_T_CELL_PROPORTION","HP_ABNORMAL_NAIVE_CD4_T_CELL_PROPORTION","9","0.6562361852752551","1.513760770840558","0.04640729161103995803472","0.35876388061338765345","0.13241849372734390555","2320","tags=56%, list=17%, signal=46%","SMARCAL1/NHEJ1/MAN2B2/BCL11B/SASH3","0.3217759180753611"
"HP_MUSCLE_FIBER_CYTOPLASMATIC_INCLUSION_BODIES","HP_MUSCLE_FIBER_CYTOPLASMATIC_INCLUSION_BODIES","21","-0.5085703343156013","-1.513515885271688","0.03704806690926244067130","0.32218483226098809658","0.11891729489840113798","2298","tags=38%, list=17%, signal=32%","TPM2/ALG2/CFL2/PYROXD1/DPAGT1/FHL1/FLNC/RYR1","0.3217759180753611"
"HP_ABNORMAL_PUPILLARY_FUNCTION","HP_ABNORMAL_PUPILLARY_FUNCTION","72","0.4073244828400305","1.512092517794526","0.01652545423200984728296","0.24166302412441767467","0.08919697710214817554","1763","tags=26%, list=13%, signal=23%","TUBA1A/MYCN/SLC1A3/SLC2A1/LAMB2/PRNP/PMP22/TUBB2B/CTSH/RHOBTB2/OSTM1/TNFSF4/MYL9/KLC4/STIM1/SH3TC2/KIF1B/LOXL1/COL18A1","0.3524878575836192"
"HP_THIRD_DEGREE_ATRIOVENTRICULAR_BLOCK","HP_THIRD_DEGREE_ATRIOVENTRICULAR_BLOCK","9","0.6554778560287963","1.512011508775423","0.04705633413421243804731","0.35904891128771720954","0.13252369755247891958","2009","tags=44%, list=15%, signal=38%","SCN5A/DES/DEF6/LMNA","0.3217759180753611"
"HP_ABNORMALITY_OF_HAIR_GROWTH","HP_ABNORMALITY_OF_HAIR_GROWTH","25","-0.4889008312670308","-1.511679684167168","0.04925385637749126604978","0.36204190461603036333","0.13362840092338013065","1360","tags=28%, list=10%, signal=25%","KRAS/EDAR/ZFX/KRT83/RPL21/KRT71/KRT74","0.3217759180753611"
"HP_HEPATOSPLENOMEGALY","HP_HEPATOSPLENOMEGALY","142","0.3605766876249421","1.511098678245118","0.00816427802667746803367","0.18982800416002798549","0.07006485250176791579","1943","tags=28%, list=14%, signal=24%","RUNX1/IFIH1/RAC2/SLC2A1/SP110/MED12/CD70/DDRGK1/CAV1/GBA1/FCGR2A/STAT3/PEX2/MAN2B1/TET2/PLEKHM1/ZNFX1/FGFR2/PTPN22/GBE1/ASAH1/GNPTAB/NHEJ1/JAK2/PRF1/ABCA12/OSTM1/RASGRP1/LIPA/NHLRC2/GLB1/ALMS1/TMEM67/HAVCR2/MVK/IL6ST/CTSK/NEU1/HEXB/SEMA4D","0.3807304007227924"
"HP_APLASIA_HYPOPLASIA_INVOLVING_FOREARM_BONES","HP_APLASIA_HYPOPLASIA_INVOLVING_FOREARM_BONES","85","0.3940453782481554","1.510520028608521","0.00971948151560420026129","0.20241713859069759840","0.07471145799558223666","2660","tags=36%, list=19%, signal=30%","EXT1/COL2A1/BRIP1/FANCD2/WNT7A/REV3L/FGFR2/GLI3/SLX4/EXOC6B/DYNC2H1/TBX3/DONSON/FLNB/RIPK4/APC/MAFB/FANCM/NPR2/ERCC4/PRKAR1A/FKBP10/AFF4/FANCE/B2M/ALG12/PDE4D/SF3B4/CUL7/RFWD3/TRIO","0.3807304007227924"
"HP_HYPEREXTENSIBILITY_AT_ELBOW","HP_HYPEREXTENSIBILITY_AT_ELBOW","5","0.7721014264240829","1.510128050357589","0.03195075795540650714921","0.29991615195640874969","0.11069800287216215173","1073","tags=40%, list=8%, signal=37%","HYAL1/SON","0.3217759180753611"
"HP_JOINT_STIFFNESS","HP_JOINT_STIFFNESS","164","0.3525636769540268","1.509631556808331","0.00422238281971763253220","0.15335804790307769330","0.05660391918375744236","3043","tags=37%, list=22%, signal=29%","HSPG2/TNFRSF11B/ADAMTS17/WFS1/CCN2/COL2A1/TRPV4/SLC26A2/MAN2B1/RERE/GNS/SUMF1/LSS/SETBP1/VANGL1/PTPN22/IDH1/ACTG1/COL1A1/SUZ12/GNPTAB/EPG5/TBX3/ANTXR2/TBC1D20/GNPTG/SLC22A4/P4HA2/GLB1/CHST11/FGF9/IL10/NPR2/PPP1R12A/HFE/FKBP10/LMNA/ANKH/CIITA/NSD1/NAGLU/ALDH3A2/UBE4B/LUZP1/AGA/GLRA1/LTBP2/USB1/SKI/SF3B4/FBN1/MECP2/PLA2G6/IL2RB/SYNE2/HGSNAT/ADAMTSL2/IRF6/CCN6/HDAC8/CASZ1","0.4070179189239539"
"HP_SEROSITIS","HP_SEROSITIS","74","0.3960859633848980","1.508766670018962","0.02176611122839640019566","0.26237370953622302094","0.09684121866181481797","2364","tags=35%, list=17%, signal=29%","COL4A3/FCGR2A/PLCE1/DAAM2/NF1/APOL1/PTPN22/INF2/FAS/ERAP1/JAK2/FOCAD/MAF/TNIP1/TNFSF4/P4HA2/BANK1/ARHGDIA/IL10/MVK/KANK2/ANLN/CD2AP/TNFAIP3/MYO1E/IFNGR1","0.3524878575836192"
"HP_ESOPHAGEAL_ULCERATION","HP_ESOPHAGEAL_ULCERATION","5","0.7713860740905550","1.508728916011015","0.03261987772547639274912","0.30211443420078720745","0.11150938116110939435","391","tags=40%, list=3%, signal=39%","CTHRC1/STAT3","0.3217759180753611"
"HP_ABNORMAL_ORAL_MUCOSA_MORPHOLOGY","HP_ABNORMAL_ORAL_MUCOSA_MORPHOLOGY","298","0.3307413401824674","1.508610782021747","0.00042447675912496424374","0.07609088227282019556","0.02808487855501113489","2492","tags=30%, list=18%, signal=25%","KRT6A/SAA1/ITGB2/LAMC2/KCNMA1/KRT5/CAT/GPC4/SAMD9/ITGB4/F13A1/ITGA6/NR3C1/GBA1/KRT14/FCGR2A/STAT3/TBCK/MAN2B1/PLEKHM1/XYLT2/FGFR2/NOTCH2/PIGS/SETBP1/PTPN22/REST/MAP1B/FGF3/MALT1/FAS/ERAP1/ATG7/GNPTAB/WNT5A/CASP10/VPS13B/PERP/ECM1/JAK2/ANTXR2/PRF1/CCBE1/LMNB1/NFIX/OSTM1/EDA/PML/TNIP1/RIPK4/TNFSF4/MMP14/KIF23/NOTCH3/BANK1/RHBDF2/RACGAP1/GLB1/MMACHC/ALMS1/IL10/TINF2/MVK/DCLRE1B/SATB2/NEU1/HIVEP2/LAMA3/NABP1/PRKAR1A/CDKN2B/GNAQ/EMC1/RIPK1/FIG4/ANKH/MIA3/TNFAIP3/AGA/DSP/DYNC2LI1/SASH3/PRKACB/IFNGR1/PIGN/USB1/CXCR4/SOS1/LMBRD1/PRKACA","0.4984931087665903"
"HP_IRIDODONESIS","HP_IRIDODONESIS","5","0.7710344195411227","1.508041126323081","0.03261987772547639274912","0.30211443420078720745","0.11150938116110939435","2545","tags=60%, list=18%, signal=49%","ADAMTS17/LTBP2/FBN1","0.3217759180753611"
"HP_APLASIA_CUTIS_CONGENITA","HP_APLASIA_CUTIS_CONGENITA","42","0.4407604455598039","1.507944611095217","0.02454806610005781652983","0.27367484542333536668","0.10101242839736813972","3175","tags=43%, list=23%, signal=33%","LAMC2/KRT5/ITGB4/CDH1/ITGA6/KRT14/UBR1/MSX2/LAMA3/FOSL2/AHDC1/DSP/RBPJ/PLEC/EOGT/TFAP2A/ARHGAP31/DLL4","0.3524878575836192"
"HP_ABNORMAL_CHANGE_IN_SOCIAL_BEHAVIOR","HP_ABNORMAL_CHANGE_IN_SOCIAL_BEHAVIOR","5","0.7708045327569505","1.507591498244043","0.03261987772547639274912","0.30211443420078720745","0.11150938116110939435","560","tags=40%, list=4%, signal=38%","TRANK1/GRN","0.3217759180753611"
"HP_DERMAL_ATROPHY","HP_DERMAL_ATROPHY","99","0.3784301487597833","1.507569734429677","0.01056413348979115540693","0.20743777315466238598","0.07656455665584586956","2785","tags=35%, list=20%, signal=28%","LAMC2/CUL4B/KRT5/DST/ITGB4/DLG4/TGFB2/NR3C1/KRT14/PLOD1/GSN/ZNRF3/COL1A1/ENPP1/COL5A2/TGFBR2/DSE/TINF2/ERCC4/LAMA3/PRKAR1A/POLH/LMNA/CHST14/SMAD3/TGFB3/COL6A3/CTNNB1/USB1/KDM1A/FBN1/TNFRSF1B/DDB2/CHD8/PLEC","0.3807304007227924"
"HP_INTERMITTENT_JAUNDICE","HP_INTERMITTENT_JAUNDICE","5","0.7705700131598215","1.507132808996928","0.03261987772547639274912","0.30211443420078720745","0.11150938116110939435","1198","tags=60%, list=9%, signal=55%","ATP8B1/KCNN4/SPTB","0.3217759180753611"
"HP_INCREASED_CIRCULATING_PYRUVATE_CONCENTRATION","HP_INCREASED_CIRCULATING_PYRUVATE_CONCENTRATION","54","-0.4058584067182661","-1.507104734233558","0.02039242698023073854796","0.25752128818499148144","0.09505020691012482092","3352","tags=39%, list=24%, signal=30%","NUBPL/NDUFS3/NDUFB9/BCS1L/NDUFS6/FOXRED1/NDUFV1/KARS1/LIPT2/SDHB/COX10/NDUFA11/NDUFAF4/MT-ND3/DLD/MPV17/LONP1/TWNK/NDUFB11/NDUFAF2/PDHA1","0.3524878575836192"
"HP_ELEVATED_PULMONARY_ARTERY_PRESSURE","HP_ELEVATED_PULMONARY_ARTERY_PRESSURE","136","0.3610647940836134","1.506173221904386","0.00794136258567603586789","0.18896671670641967955","0.06974695431458674544","2974","tags=32%, list=21%, signal=26%","HSPG2/CCN2/LAMB2/MED12/CAV1/GBA1/SLC25A24/BMPR2/FRYL/VCL/NF1/ABCA3/COL1A1/SMARCAL1/CACNA1D/DEF6/PSMB9/JAK2/CITED2/NFIX/ENPP1/SOX9/FOXP1/MMACHC/ALMS1/IL6ST/KMT2D/AFF4/LMNA/PGM1/FIG4/PIGN/FOXF1/RBPJ/FBN1/LAMA2/SCARB2/SFTPB/COLQ/ADAMTSL2/UBE2A/KIAA0319L/EOGT/FGFR1","0.3807304007227924"
"HP_PROLONGED_QRS_COMPLEX","HP_PROLONGED_QRS_COMPLEX","6","0.7428687553902262","1.506037360706422","0.04037948577378210057720","0.33491966721759514058","0.12361767794682025634","884","tags=33%, list=6%, signal=31%","GJA5/JUP","0.3217759180753611"
"HP_PERIVENTRICULAR_HETEROTOPIA","HP_PERIVENTRICULAR_HETEROTOPIA","40","0.4596105275688794","1.505090260356921","0.01713744799293238224580","0.24356214449290344848","0.08989793578888063963","1918","tags=30%, list=14%, signal=26%","TUBA1A/SLC25A24/ERMARD/CSGALNACT1/MAP1B/ALDH6A1/C2CD3/NEDD4L/MAN1B1/ZMIZ1/TMTC3/CPLANE1","0.3524878575836192"
"HP_EXOPHORIA","HP_EXOPHORIA","5","0.7691681361831217","1.504390923445091","0.03328899761590602135453","0.30242494649251938643","0.11162399016211781155","2449","tags=60%, list=18%, signal=49%","GJA5/AFF4/HACE1","0.3217759180753611"
"HP_THICK_NASAL_ALAE","HP_THICK_NASAL_ALAE","32","0.4784988833496490","1.503534180813705","0.03329127565302981289763","0.30242494649251938643","0.11162399016211781155","3837","tags=50%, list=28%, signal=36%","EXT1/ANTXR1/SLC2A1/MED12/NF1/ARID1A/ARID1B/SMARCA4/ANKRD17/RHOA/ABCA5/ARID2/SMARCA2/CCNK/SMARCB1/KCNH1","0.3217759180753611"
"HP_AVASCULAR_NECROSIS","HP_AVASCULAR_NECROSIS","77","0.3937274743375888","1.503493075806330","0.01362236398539295317844","0.22939235353584436217","0.08466791549877487888","3108","tags=43%, list=22%, signal=33%","EXT1/COL2A1/TRPV4/NR3C1/GBA1/MAN2B1/ATP7A/ACTG1/FAS/ERAP1/DYRK1A/COL1A1/WNT5A/PHF6/FN1/CREBBP/SIL1/EP300/IL10/TINF2/IL6ST/SRCAP/LMNA/SMAD3/IFNGR1/USB1/SLCO2A1/SCARB2/ADAMTSL2/ORC1/FGFR1/UNC45A/TONSL","0.3807304007227924"
"HP_PRIMITIVE_NEUROECTODERMAL_TUMOR","HP_PRIMITIVE_NEUROECTODERMAL_TUMOR","58","0.4143926704469316","1.503486236806260","0.02042156275102728277271","0.25752128818499148144","0.09505020691012482092","2449","tags=31%, list=18%, signal=26%","HSPG2/MYCN/RUNX1/GPC4/RERE/NF1/MAPRE2/SEMA4A/TGFBR2/KIF1B/PMS1/MLH1/NSD1/UBE4B/LUZP1/EDN3/SKI/HACE1","0.3524878575836192"
"HP_SEPTIC_ARTHRITIS","HP_SEPTIC_ARTHRITIS","5","0.7686952156616355","1.503465953589261","0.03328899761590602135453","0.30242494649251938643","0.11162399016211781155","986","tags=40%, list=7%, signal=37%","RFX5/C2orf69","0.3217759180753611"
"HP_HYPOPLASIA_OF_THE_MAXILLA","HP_HYPOPLASIA_OF_THE_MAXILLA","106","0.3772320766299478","1.499965452748151","0.00853877786393310821145","0.19288613247917188454","0.07119359697000593457","2545","tags=34%, list=18%, signal=28%","CDH11/IFIH1/GPC4/MED12/COL2A1/CDH1/SLC12A6/KIFBP/DLG1/SLC25A24/FGFR2/ZDHHC9/BMP4/MSX1/VPS13B/SON/CREBBP/EDA/FLNB/RIPK4/EP300/MAFB/TINF2/FOXC1/KCNJ5/SRCAP/CTSK/PRKAR1A/ARHGEF38/ZBTB20/PDE4D/USB1/SKI/SF3B4/PRKACA/FBN1","0.3807304007227924"
"HP_ABNORMAL_EKG","HP_ABNORMAL_EKG","112","0.3702740262659862","1.499809231437127","0.00915948933894707856274","0.19915422970735568997","0.07350712973722192678","2707","tags=34%, list=20%, signal=28%","SAA1/ADAMTS17/GJA5/SCN3B/SLC1A3/SLC2A1/GPC4/DYSF/SCN5A/SEMA3A/CALM2/DMD/GAA/SCN1B/CACNA1D/JUP/RHOBTB2/LAMP2/CITED2/MYL3/ANK2/RIT1/KCND3/KCNJ5/NEU1/CDKN2B/LMNA/CACNA1S/CDC73/SLMAP/SVIL/LTBP2/SCNN1A/SOS1/FBN1/MECP2/IRX5/ALG10B","0.3807304007227924"
"HP_SCLEROTIC_VERTEBRAL_ENDPLATES","HP_SCLEROTIC_VERTEBRAL_ENDPLATES","5","0.7667275667338637","1.499617493092502","0.04970178926441352201815","0.36389043865921733012","0.13431068837434656515","3057","tags=80%, list=22%, signal=62%","CCN2/ENPP1/CCN6/LRRK1","0.2878571172551493"
"HP_ABNORMAL_SCLERA_MORPHOLOGY","HP_ABNORMAL_SCLERA_MORPHOLOGY","123","0.3669840468681450","1.499355920964904","0.00672821143226436536172","0.18062159869127089595","0.06666680043830024160","3275","tags=38%, list=24%, signal=29%","PRSS56/TGFB2/PLCB4/KIFBP/SLC26A2/ZNF469/CANT1/PLOD1/XYLT2/TMEM163/PTPN22/CSGALNACT1/COL1A1/WNT5A/SON/NFIX/TENT5A/ENPP1/TGFBR2/MSX2/DSE/MVK/DACT1/CTSK/HECTD4/PRKAR1A/KMT2D/FKBP10/PGM1/CHST14/SMAD3/TGFB3/OCA2/MC1R/LTBP2/KDM1A/FBN1/MEGF8/CYB5A/MESD/FGFR1/P4HB/PPP1R21/UNC45A/PSMB8/SERPINH1/COG4","0.4070179189239539"
"HP_ABNORMALITY_OF_THE_FIRST_METATARSAL_BONE","HP_ABNORMALITY_OF_THE_FIRST_METATARSAL_BONE","12","0.5893363362647357","1.499140400549069","0.04859813084112149517146","0.36080231884057972769","0.13317087414852651905","2974","tags=58%, list=21%, signal=46%","ACVR1/CANT1/FGFR2/EP300/FIG4/NEK1/FGFR1","0.2820133500117251"
"HP_VENTRICULAR_TACHYCARDIA","HP_VENTRICULAR_TACHYCARDIA","49","0.4316587409476548","1.499075511937779","0.02183744263283763503702","0.26266378508804921754","0.09694828453359176368","2692","tags=37%, list=19%, signal=30%","TPM1/SCN3B/JPH2/SCN5A/SEMA3A/CALM2/SCN1B/JUP/LAMP2/KCND3/KCNJ5/LMNA/CACNA1S/SLMAP/DSP/SCNN1A/CRYAB/PPP1R13L","0.3524878575836192"
"HP_ABNORMAL_LARYNX_PHYSIOLOGY","HP_ABNORMAL_LARYNX_PHYSIOLOGY","41","0.4423272986765525","1.499062588528148","0.03180806920418843830589","0.29991615195640874969","0.11069800287216215173","2214","tags=27%, list=16%, signal=23%","PRNP/BTD/GBA1/ASAH1/TSPYL1/SQSTM1/SOD1/FIG4/TREM2/OPTN/DCTN1","0.3217759180753611"
"HP_UROGENITAL_FISTULA","HP_UROGENITAL_FISTULA","44","-0.4208381478627128","-1.498624836154204","0.02871828863656628386125","0.29015914536981607386","0.10709672586156847307","2305","tags=32%, list=17%, signal=27%","KDM6A/TCOF1/POLR1B/POLR1C/DYNC2I1/HES7/LONP1/MNX1/SALL4/WDR35/SLC35A2/POLR1D/POR/SYK","0.3524878575836192"
"HP_ESOPHAGEAL_STENOSIS","HP_ESOPHAGEAL_STENOSIS","29","0.4816591742504835","1.494012940661344","0.04383387433131500504624","0.35149327512138162088","0.12973493866574981048","1826","tags=31%, list=13%, signal=27%","LAMC2/SAMD9/ITGA6/STAT3/MALT1/COL4A5/TINF2/DCLRE1B/LAMA3","0.3217759180753611"
"HP_X_LINKED_DOMINANT_INHERITANCE","HP_X_LINKED_DOMINANT_INHERITANCE","57","-0.3979501291146205","-1.493677383695830","0.02108246406998863856086","0.26022709229507567930","0.09604890974488627942","1093","tags=25%, list=8%, signal=23%","DDX3X/WDR45/SMC1A/USP9X/HSD17B10/NDUFB11/HCCS/PDK3/DKC1/CASK/SLC35A2/FHL1/RPS6KA3/PDHA1","0.3524878575836192"
"HP_ABNORMAL_RENAL_PELVIS_MORPHOLOGY","HP_ABNORMAL_RENAL_PELVIS_MORPHOLOGY","269","0.3282006101414203","1.493569008948004","0.00112621888557396052782","0.12388298961171236023","0.04572477824349577974","2430","tags=28%, list=18%, signal=23%","HSPG2/LAMC2/RORA/MYCN/STRA6/WFS1/WLS/GPC4/ITGB4/ZMYM3/MED12/ITGA6/PEX2/FGF13/TBCK/RERE/ATP7A/FGFR2/GLI3/NF1/SETBP1/PTPN22/REST/ACTG1/DYRK1A/WNT5A/DYNC2H1/PLD1/UBR1/PGAP3/CCBE1/FOCAD/LMNB1/TBC1D20/CREBBP/XDH/PEX12/APC/ZBTB18/SOX9/EP300/MYL9/WDPCP/LRIG2/RIT1/DSE/BBS9/SRCAP/ARL6/ARID1B/COL18A1/BBS10/RFX7/LAMA3/CFAP418/KMT2D/TAPT1/PGM1/CDC42BPB/NSD1/MIA3/PI4KA/CHST14/PEX13/UBE4B/LUZP1/BBS4/DLG5/CTNNB1/PIGO/PIGN/KAT6A/SOS1/SKI","0.4550598673872295"
"HP_ESOPHAGEAL_STRICTURE","HP_ESOPHAGEAL_STRICTURE","17","0.5491654930365149","1.493043319362570","0.03722794769165362060992","0.32324328956643622046","0.11930796778838802241","1826","tags=41%, list=13%, signal=36%","LAMC2/SAMD9/STAT3/MALT1/TINF2/DCLRE1B/LAMA3","0.3217759180753611"
"HP_DILATATED_INTERNAL_AUDITORY_CANAL","HP_DILATATED_INTERNAL_AUDITORY_CANAL","2","-0.9781757639425714","-1.492768261885538","0.00302324799766416673144","0.13988144800228249909","0.05162975328841067774","66","tags=50%, list=0%, signal=50%","GJB2","0.4317076958033464"
"HP_METAPHYSEAL_WIDENING","HP_METAPHYSEAL_WIDENING","88","0.3809724718937206","1.492669289844026","0.01316575326529348562155","0.22539201685980017609","0.08319140522093321222","2775","tags=28%, list=20%, signal=23%","EXT1/HSPG2/CCN2/COL2A1/DDRGK1/TRPV4/SLC26A2/ACVR1/CANT1/ATP7A/IDH1/GNPTAB/DYNC2H1/OSTM1/GLB1/NPR2/TAPT1/FIG4/ANKH/PLCB3/SKI/CUL7/FAM111A/NEK1/NSMCE2","0.3807304007227924"
"HP_VERTEBRAL_FUSION","HP_VERTEBRAL_FUSION","57","0.4151635645201147","1.492523872671019","0.02489158368540390908752","0.27385585483656532668","0.10107923833879645104","3469","tags=40%, list=25%, signal=30%","CDH11/GPC4/COL2A1/ACVR1/FGFR2/VANGL1/FN1/ASH1L/FLNB/ENPP1/NOTCH3/MAFB/SUFU/DNAL4/AFF4/CHRND/CHRNG/KANSL1/PTCH1/NOG/MYH3/FGFRL1/ROR2","0.3524878575836192"
"HP_ABNORMAL_CSF_GLUCOSE_CONCENTRATION","HP_ABNORMAL_CSF_GLUCOSE_CONCENTRATION","6","0.7358402519974065","1.491788290971516","0.04531124078894453732769","0.35715541143853163364","0.13182481337976503788","1311","tags=33%, list=9%, signal=30%","SLC2A1/TLR3","0.3217759180753611"
"HP_X_LINKED_RECESSIVE_INHERITANCE","HP_X_LINKED_RECESSIVE_INHERITANCE","138","-0.3398923590875399","-1.491418831669711","0.00809315480386790971068","0.18896671670641967955","0.06974695431458674544","1127","tags=23%, list=8%, signal=22%","PHKA2/CCDC22/DDX3X/SMC1A/TRAPPC2/SH3KBP1/ATP6AP2/PIGA/FANCB/SYP/USP9X/SLC6A8/IL1RAPL1/PHF8/UBA1/POLA1/PHKA1/DKC1/SMS/RPGR/SLC9A7/PQBP1/KDM5C/AP1S2/MAGED2/ZRSR2/RBM10/EIF2S3/TSR2/FHL1/OTUD5/GJB2","0.3807304007227924"
"HP_NAUSEA","HP_NAUSEA","75","0.3903760363545149","1.488900349181793","0.02721395193558688585522","0.28707712396343337824","0.10595916253838537358","1902","tags=29%, list=14%, signal=25%","SAA1/CD46/SLC1A3/SCN5A/STAT3/EPAS1/TET2/TRANK1/NF1/PTPN22/SYNJ1/FAS/COL1A1/CACNA1D/VPS13C/CPOX/COL5A2/ALAD/KIF1B/KCNJ5/CDKN2B/TMEM127","0.3524878575836192"
"HP_ABNORMAL_CIRCULATING_CARNITINE_CONCENTRATION","HP_ABNORMAL_CIRCULATING_CARNITINE_CONCENTRATION","20","-0.5153244832459736","-1.488892534690541","0.04573435759447847664960","0.35876388061338765345","0.13241849372734390555","2168","tags=40%, list=16%, signal=34%","COL7A1/SLC22A5/TRMU/NADK2/ACAD9/DLD/SCO1/ACAD8","0.3217759180753611"
"HP_PERIAURICULAR_SKIN_PITS","HP_PERIAURICULAR_SKIN_PITS","51","0.4246801332711567","1.488800202774784","0.01738243381273286286559","0.24392470883170835894","0.09003175701843617318","2023","tags=29%, list=15%, signal=25%","GJA5/AUTS2/GPC4/MED12/PLCB4/FRYL/RERE/XYLT2/FGFR2/MITF/CITED2/ZNF462/EDN1/KMT2D/EIF2AK3","0.3524878575836192"
"HP_ABSENT_SPERM_FLAGELLA","HP_ABSENT_SPERM_FLAGELLA","25","0.4949100431563910","1.487757654042223","0.04681647940074906699692","0.35904891128771720954","0.13252369755247891958","2649","tags=36%, list=19%, signal=29%","FSIP2/BRWD1/CCDC146/DNHD1/SPEF2/DNAH10/CFAP43/TTC29/QRICH2","0.2878571172551493"
"HP_VASCULAR_CALCIFICATION","HP_VASCULAR_CALCIFICATION","25","0.4948021903508797","1.487433435855245","0.04681647940074906699692","0.35904891128771720954","0.13252369755247891958","1756","tags=32%, list=13%, signal=28%","NT5E/IFIH1/LDLR/GBA1/SMAD6/PDGFB/ENPP1/PCSK9","0.2878571172551493"
"HP_FIFTH_FINGER_DISTAL_PHALANX_CLINODACTYLY","HP_FIFTH_FINGER_DISTAL_PHALANX_CLINODACTYLY","27","0.4857342422522839","1.486444773304431","0.04651162790697674354057","0.35897932816537470035","0.13249801466535635064","5183","tags=67%, list=37%, signal=42%","WDPCP/BBS9/NPR2/ARL6/BBS10/CFAP418/BBS4/BBS12/SDCCAG8/BBS7/TRIM32/NPHP1/MKS1/CEP290/IFT172/IFT74/SCAPER/BBS2","0.2820133500117251"
"HP_POSTERIOR_EMBRYOTOXON","HP_POSTERIOR_EMBRYOTOXON","51","-0.4077414131368404","-1.485092936054577","0.02274638040247446355013","0.26429721630860686377","0.09755117828494613841","2548","tags=35%, list=18%, signal=29%","PEX1/GTF2IRD1/HIRA/PEX6/LIMK1/GTF2I/KDM5A/DNAJC30/VPS37D/PAX6/BAZ1B/RFC2/NDUFB11/HCCS/TBL2/EIF4H/BUD23/PEX5","0.3524878575836192"
"HP_LONG_EYELASHES","HP_LONG_EYELASHES","123","0.3634015509832154","1.484719218190651","0.00781715922497892672094","0.18866340322518757033","0.06963500236935948884","2048","tags=24%, list=15%, signal=21%","HSPG2/GJA5/PGM2L1/C1GALT1C1/SLC25A24/TBCK/LTBP1/NOTCH2/DPYD/RUSC2/PRR12/WNT5A/VPS13B/RHOBTB2/CREBBP/MAF/ARID1A/TENT5A/RAC3/EP300/MAN1B1/RNF2/SRCAP/ARID1B/SATB2/HECTD4/SMARCA4/KMT2D/AFF4/CDC42BPB","0.3807304007227924"
"HP_ABNORMAL_AFFECT_REGULATION","HP_ABNORMAL_AFFECT_REGULATION","157","0.3517475890386031","1.484466100538339","0.00669634542976652643448","0.18062159869127089595","0.06666680043830024160","2899","tags=30%, list=21%, signal=24%","LEPR/CUL4B/MAOA/SLC1A3/SLC2A1/PRNP/MED12/NR3C1/GBA1/OPHN1/NF2/PANK2/RHOBTB2/POGZ/SPTBN1/CREBBP/PDGFB/EP300/NOTCH3/WDPCP/SQSTM1/HTRA1/BBS9/ARL6/SATB2/SUFU/BBS10/RFX7/PRKAR1A/CFAP418/SOD1/FIG4/TREM2/PDCD6IP/OPTN/DCTN1/BBS4/SPG11/PRKACA/KDM1A/MECP2/PLA2G6/NEK1/HLA-DQB1/BPTF/BBS12/ESS2","0.4070179189239539"
"HP_CARDIOVASCULAR_CALCIFICATION","HP_CARDIOVASCULAR_CALCIFICATION","31","0.4652898215571050","1.484459996822861","0.04984760384438562119680","0.36447780863585643729","0.13452748457867527709","2076","tags=32%, list=15%, signal=27%","NT5E/IFIH1/LDLR/GBA1/SMAD6/PDGFB/ENPP1/PCSK9/LMNA/B2M","0.3217759180753611"
"HP_ABNORMAL_SERUM_BILE_ACID_CONCENTRATION","HP_ABNORMAL_SERUM_BILE_ACID_CONCENTRATION","24","-0.4902087028958267","-1.484391717425242","0.03860885021586107912483","0.32858235944105068649","0.12127859980823554875","1021","tags=25%, list=7%, signal=23%","MPV17/ABCB4/PSKH1/SLC25A13/VPS50/SBDS","0.3217759180753611"
"HP_ABNORMALITY_OF_PULMONARY_CIRCULATION","HP_ABNORMALITY_OF_PULMONARY_CIRCULATION","164","0.3465321886479324","1.483805512673365","0.00620502494049986804553","0.17829445416021405535","0.06580785952997492139","2974","tags=34%, list=21%, signal=27%","HSPG2/CCN2/LAMB2/PROS1/MED12/CAV1/F13A1/GBA1/SLC25A24/BMPR2/FRYL/VCL/NF1/ABCA3/FAS/ERAP1/COL1A1/SMARCAL1/CACNA1D/KCNN4/DEF6/PSMB9/JAK2/CITED2/NFIX/ENPP1/SOX9/KIF20A/PROC/FOXP1/MMACHC/ALMS1/IL10/KCNJ5/IL6ST/KMT2D/AFF4/GNAQ/LMNA/PGM1/FIG4/IFNGR1/PIGN/FOXF1/RBPJ/FBN1/LAMA2/SCARB2/SFTPB/COLQ/ADAMTSL2/UBE2A/KIAA0319L/EOGT/FGFR1","0.4070179189239539"
"HP_NEUROFIBRILLARY_TANGLES","HP_NEUROFIBRILLARY_TANGLES","23","0.5007444360997396","1.483494239822014","0.04701627486437612996051","0.35904891128771720954","0.13252369755247891958","1451","tags=35%, list=10%, signal=31%","APP/PRNP/NPC2/GRN/VPS13C/PLAU/APOE/ABCA7","0.2820133500117251"
"HP_ABNORMAL_DRINKING_BEHAVIOR","HP_ABNORMAL_DRINKING_BEHAVIOR","34","0.4587164386558354","1.483043978507748","0.03223742102665490966151","0.30108125822709469466","0.11112803952226400772","2089","tags=29%, list=15%, signal=25%","WFS1/KCNJ10/TRANK1/PTPN22/CACNA1D/LRIG2/BBS9/TMEM67/KCNJ5/CDC73","0.3217759180753611"
"HP_PALPITATIONS","HP_PALPITATIONS","80","0.3854199253908003","1.482721571190414","0.03092822637185319023523","0.29890113730154466154","0.11032336451258571708","2018","tags=28%, list=15%, signal=24%","GJA5/SCN3B/CCND1/JPH2/SCN5A/CALM2/EPAS1/DSC2/NF1/UCP2/ZNRF3/SCN1B/JUP/CITED2/MYL3/SLC25A4/KCND3/KIF1B/KCNJ5/PRKAR1A/TMEM127/CACNA1S","0.3524878575836192"
"HP_POOR_SUCK","HP_POOR_SUCK","140","0.3527903255956656","1.481954357384447","0.00943064211892779766244","0.20002319944611363089","0.07382786342898664533","3100","tags=39%, list=22%, signal=30%","DST/AASS/LAMB2/COL2A1/CDH1/GBA1/SNAP25/DLG1/PEX2/RERE/ATP7A/BMP4/IDH1/SCN1B/DPYD/UGP2/DYRK1A/COL13A1/MSX1/MYO9A/PTPN23/VPS13B/RHOBTB2/POGZ/SPTBN1/PIGP/TGIF1/ARID1A/PEX12/DLL1/RHBDF2/ATP6V0A1/NODAL/SATB2/ARHGEF38/STIL/ALG12/CHRND/OCA2/HERC2/NUDT2/NUP214/MECP2/TRIO/TRMT10C/CRIPTO/PTCH1/COLQ/CNTN1/IRF6/FGFR1/SIK1/PPP1R21/CHRNB1","0.3807304007227924"
"HP_IMPAIRMENT_IN_PERSONALITY_FUNCTIONING","HP_IMPAIRMENT_IN_PERSONALITY_FUNCTIONING","201","0.3388524614910025","1.481541054268376","0.00368194864739221838432","0.14767967166895959452","0.05450805037318073171","2987","tags=29%, list=22%, signal=23%","LEPR/RORA/CUL4B/MAOA/SLC1A3/SLC2A1/MYORG/PRNP/MED12/NR3C1/GBA1/OPHN1/NF2/FRYL/GRN/PANK2/RHOBTB2/POGZ/SPTBN1/LMNB1/CREBBP/PDGFB/EP300/NOTCH3/APOE/WDPCP/SQSTM1/SLC9A6/HTRA1/MMACHC/BBS9/ARL6/SATB2/SUFU/BBS10/RFX7/PRKAR1A/CFAP418/SOD1/FIG4/TREM2/PDCD6IP/OPTN/DCTN1/BBS4/SPG11/PRKACA/KDM1A/MECP2/PLA2G6/NEK1/HLA-DQB1/BPTF/BBS12/DNM1/ESS2/PNPLA6/HDAC8","0.4317076958033464"
"HP_ABNORMAL_RENAL_ECHOGENICITY","HP_ABNORMAL_RENAL_ECHOGENICITY","36","0.4523072908535976","1.481350329823371","0.02885319793818576228350","0.29021118231224596329","0.10711593251504474000","1644","tags=28%, list=12%, signal=25%","ROBO1/LAMB2/CILK1/C1GALT1C1/DAAM2/FOCAD/CC2D2A/KIAA0586/TMEM67/BICC1","0.3524878575836192"
"HP_DYSLEXIA","HP_DYSLEXIA","28","0.4853015520226318","1.481225736867661","0.04805914972273567231653","0.35944104308107954759","0.13266843202611341979","2114","tags=39%, list=15%, signal=33%","GRN/SPTAN1/FRMD5/MAP1B/SPTBN1/APC/STIM1/SQSTM1/TUBG1/VPS13D/TREM2","0.2820133500117251"
"HP_SEVERELY_INCREASED_TOTAL_EOSINOPHIL_COUNT","HP_SEVERELY_INCREASED_TOTAL_EOSINOPHIL_COUNT","4","-0.8151303188046017","-1.480787373927284","0.04795621047747189447108","0.35926139584845984132","0.13260212486078470917","1380","tags=50%, list=10%, signal=45%","CARD9/IPO8","0.3217759180753611"
"HP_BIFID_SCROTUM","HP_BIFID_SCROTUM","25","0.4924892341055567","1.480480418018918","0.04868913857677902717880","0.36080231884057972769","0.13317087414852651905","3379","tags=52%, list=24%, signal=39%","CDH11/KIFBP/AR/FGFR2/SPTBN1/SOX9/HMGA2/DACT1/CYB5A/PLAG1/IRF6/MAMLD1/BUB1B","0.2820133500117251"
"HP_PROPTOSIS","HP_PROPTOSIS","250","0.3292710578225186","1.479768454298415","0.00265004720718941665786","0.13988144800228249909","0.05162975328841067774","2449","tags=28%, list=18%, signal=23%","HSPG2/CDH11/GJA5/MYCN/ANTXR1/AUTS2/COL2A1/BRIP1/SLC25A24/NF2/TBCK/FANCD2/MAN2B1/CANT1/LTBP1/FGFR2/NF1/SETBP1/PTPN22/BMP4/CSGALNACT1/SLX4/COL1A1/GNPTAB/WNT5A/FN1/MITF/SPTBN1/CITED2/FOCAD/CREBBP/PDGFB/ABCA12/NFIX/OSTM1/MAF/FLNB/NEDD4L/APC/RAC3/SOX9/EP300/NOTCH3/PRUNE1/TGFBR2/FGF9/LRP2/RIT1/MAFB/FANCM/FOXC1/CTSK/ERCC4/SUFU/HECTD4/AFF4/POLR3GL/LMNA/FANCE/AHDC1/FIG4/SMAD3/TGFB3/DYNC1I2/PLCB3/ASPM/KAT6A/SOS1/SKI/HACE1","0.4317076958033464"
"HP_ABNORMAL_MACROPHAGE_MORPHOLOGY","HP_ABNORMAL_MACROPHAGE_MORPHOLOGY","35","0.4579700638427012","1.479354259633484","0.03028276773452756240324","0.29523042158029766391","0.10896851617646625965","2481","tags=49%, list=18%, signal=40%","NPC2/ZNFX1/PTPN22/ASAH1/NHEJ1/JAK2/PRF1/LIPA/APOE/GLB1/HAVCR2/CBLB/NEU1/SEMA4D/IFNGR1/STX11/SMPD1","0.3524878575836192"
"HP_OVERFOLDING_OF_THE_SUPERIOR_HELICES","HP_OVERFOLDING_OF_THE_SUPERIOR_HELICES","4","0.8286737769429414","1.478142469774914","0.03473749642388505171064","0.30836464477241093407","0.11381631202593919805","565","tags=50%, list=4%, signal=48%","PLCB4/FGFR2","0.3217759180753611"
"HP_CERVICAL_CORD_COMPRESSION","HP_CERVICAL_CORD_COMPRESSION","6","0.7286441162000094","1.477199375655103","0.04777712160050210515871","0.35926139584845984132","0.13260212486078470917","1352","tags=50%, list=10%, signal=45%","CREBBP/NFIX/EP300","0.3217759180753611"
"HP_THORACOLUMBAR_SCOLIOSIS","HP_THORACOLUMBAR_SCOLIOSIS","39","0.4456278936064831","1.476943703117060","0.03893219237687235018130","0.32858235944105068649","0.12127859980823554875","1798","tags=38%, list=13%, signal=34%","CDH11/HYAL1/MED12/COL2A1/SLC26A2/IDH1/ATG7/GNPTAB/GLIS3/PAPSS2/ASH1L/IGBP1/ALMS1/IL6ST/SLC35B2","0.3217759180753611"
"HP_APLASIA_HYPOPLASIA_OF_THE_ABDOMINAL_WALL_MUSCULATURE","HP_APLASIA_HYPOPLASIA_OF_THE_ABDOMINAL_WALL_MUSCULATURE","30","0.4672849973828261","1.476295647318925","0.04797047970479705047975","0.35926139584845984132","0.13260212486078470917","3480","tags=50%, list=25%, signal=38%","GPC4/SLC25A24/CANT1/ATP7A/CSGALNACT1/MANBA/FLNB/RIT1/SOS1/SKI/FBN1/CHRNG/SOS2/MYH3/RRAS","0.2820133500117251"
"HP_ABNORMAL_CARDIAC_TEST","HP_ABNORMAL_CARDIAC_TEST","17","0.5428983796532247","1.476004609015219","0.04823747680890538153120","0.35974872431580096066","0.13278199609387938973","2304","tags=41%, list=17%, signal=34%","SCN5A/CALM2/PSMB9/ANK2/HMGCR/KCNJ5/SVIL","0.2820133500117251"
"HP_DECREASED_MUSCLE_MASS","HP_DECREASED_MUSCLE_MASS","48","0.4309382630422640","1.475217099546852","0.02554052627682970935674","0.27720450101629434680","0.10231521193342757448","2272","tags=35%, list=16%, signal=30%","ECEL1/FUCA1/PLOD1/PANK2/VANGL1/RUSC2/SPARC/TBC1D20/TRIM2/NOTCH3/SLC9A6/DSE/HFE/CHST14/TGFB3/HSD17B4/HERC2","0.3524878575836192"
"HP_ABNORMALITY_OF_BLOOD_CIRCULATION","HP_ABNORMALITY_OF_BLOOD_CIRCULATION","300","0.3204980591461346","1.473991603034041","0.00084981285792594732625","0.12204889481599892620","0.04504782026827737484","2015","tags=24%, list=15%, signal=21%","CD46/RUNX1/CD109/WFS1/APP/DST/IFIH1/SAMD9/LAMB2/PROS1/TGFB2/SP110/MED12/F13A1/EPHB2/GBA1/TGFBR3/STAT3/NF2/FRYL/EPAS1/TET2/ATP7A/PLOD1/ZNFX1/XYLT2/NF1/GAA/PTPN22/FAS/ERAP1/CACNA1D/CASP10/MAP3K3/FN1/CST3/JAK2/PRF1/CITED2/SPARC/PDGFB/PML/APC/ENPP1/KIF23/PLAU/NOTCH3/APOE/PROC/STIM1/SEMA4A/RHBDF2/RACGAP1/COMT/TGFBR2/MMACHC/IL10/KIF1B/TINF2/MVK/KCNJ5/SUFU/NABP1/PRKAR1A/CDKN2B/TMEM127/PMS1/HSD3B7/GNAQ/LMNA/MLH1","0.4772708153628621"
"HP_ABNORMALITY_OF_THE_INCISOR","HP_ABNORMALITY_OF_THE_INCISOR","96","0.3762046366176596","1.472220448328652","0.01325218942818501798031","0.22539201685980017609","0.08319140522093321222","2974","tags=41%, list=21%, signal=32%","CDH11/KCNMA1/CDH1/DLG1/FGFR2/TGFA/BMP4/FGF3/MSX1/VPS13B/CCBE1/CREBBP/TGIF1/EDA/WNT10A/DLX3/RIPK4/DLL1/EP300/RNF2/NODAL/SUFU/ARHGEF38/PURA/CDC42BPB/STIL/DYNC2LI1/PRKACB/CTNNB1/KAT6A/HMGB3/PRKACA/PPP1R13L/NEK1/CRIPTO/PTCH1/IRF6/CKAP2L/FGFR1","0.3807304007227924"
"HP_RADIOULNAR_SYNOSTOSIS","HP_RADIOULNAR_SYNOSTOSIS","71","-0.3732027978933423","-1.472208206080101","0.02296481579543874565474","0.26506083765672089347","0.09783302825413038584","3019","tags=37%, list=22%, signal=29%","XYLT1/CPLX1/B3GALT6/COLEC11/PTPN11/GTF2IRD1/RPL26/RRAS2/BCOR/MLXIPL/LIMK1/LRP4/GTF2I/DNAJC30/VPS37D/KRAS/SMC1A/BAZ1B/RFC2/TBL2/SALL4/EIF4H/BUD23/HOXA11/POR/CHST3","0.3524878575836192"
"HP_PERSONALITY_CHANGES","HP_PERSONALITY_CHANGES","48","0.4299649958992791","1.471885345430561","0.02679403368090047324324","0.28578588323371195701","0.10548257010054919169","2962","tags=35%, list=21%, signal=28%","MYORG/PRNP/GBA1/NF2/GRN/LMNB1/PDGFB/NOTCH3/APOE/SQSTM1/SLC9A6/MMACHC/TREM2/DCTN1/PLA2G6/HLA-DQB1/PNPLA6","0.3524878575836192"
"HP_SKIN_DIMPLE","HP_SKIN_DIMPLE","115","-0.3478577020720120","-1.471327199792438","0.01206565378984629857695","0.21559111932532437628","0.07957392821496370172","4266","tags=49%, list=31%, signal=34%","PAFAH1B1/SMG9/SMC5/SHANK3/RPL10/NSUN2/ALPL/LETM1/STX1A/NSD2/METTL27/ERGIC1/GTF2IRD2/CAPN15/PSMD12/SUGCT/BRPF1/SCYL2/CPLX1/DVL1/DCHS1/EBP/DEAF1/WNK3/GTF2IRD1/BAP1/AFF3/KDM6A/B3GLCT/H4C5/FANCF/MSL2/LIMK1/YWHAE/GTF2I/DNAJC30/VPS37D/CDK10/EPHB4/FANCB/BAZ1B/USP9X/RFC2/VANGL2/NDUFB11/HCCS/NCAPG2/POLA1/DPAGT1/LIG4/TBL2/GRB10/EIF4H/BUD23/ODC1/GNB2","0.3807304007227924"
"HP_SHORT_RIBS","HP_SHORT_RIBS","60","0.4076694744644904","1.471216629155434","0.01760776165845347185357","0.24484200735053368581","0.09037032869391671552","3093","tags=40%, list=22%, signal=31%","HSPG2/GPC4/COL2A1/DDRGK1/TRPV4/SLC26A2/SETBP1/GNPTAB/DYNC2H1/INTU/C2CD3/KIAA0586/NKX3-2/TAPT1/FIG4/ALG12/PLCB3/DYNC2LI1/SF3B4/CUL7/NEK1/PTCH1/ORC1/DHCR24","0.3524878575836192"
"HP_EMPHYSEMA","HP_EMPHYSEMA","37","0.4481477422514766","1.471004244039620","0.04416204265299304709824","0.35240958342616268695","0.13007314485668944326","3056","tags=41%, list=22%, signal=32%","SERPINA1/TGFB2/LTBP1/ABCA3/SON/LMNA/NSD1/PI4KA/DYNC2LI1/PRKACB/SCNN1A/PRKACA/FBN1/ORC1/ATP6V1A","0.3217759180753611"
"HP_ABNORMALITY_OF_THE_DISTAL_PHALANX_OF_THE_2ND_FINGER","HP_ABNORMALITY_OF_THE_DISTAL_PHALANX_OF_THE_2ND_FINGER","4","0.8246315613492871","1.470932189074336","0.03896630823675587690369","0.32858235944105068649","0.12127859980823554875","2040","tags=75%, list=15%, signal=64%","COL2A1/FGFR2/FIG4","0.3217759180753611"
"HP_EXAGGERATED_CUPID_S_BOW","HP_EXAGGERATED_CUPID_S_BOW","34","0.4547365799524503","1.470176976176935","0.03920750242666027479688","0.33009968790134947003","0.12183864043679287770","1694","tags=29%, list=12%, signal=26%","SLC1A3/SLC2A1/GPC4/JARID2/TBCK/RHOBTB2/POGZ/TMEM94/ZNF462/ZMIZ1","0.3217759180753611"
"HP_SHORT_PROXIMAL_PHALANX_OF_FINGER","HP_SHORT_PROXIMAL_PHALANX_OF_FINGER","4","0.8237991845952022","1.469447441438656","0.03896630823675587690369","0.32858235944105068649","0.12127859980823554875","243","tags=25%, list=2%, signal=25%","COL2A1","0.3217759180753611"
"HP_SKIN_PIT","HP_SKIN_PIT","66","0.3963695833665684","1.469327068210506","0.01837254709112893721890","0.24766150318426649601","0.09141099474629379995","2023","tags=30%, list=15%, signal=26%","GJA5/KRT5/AUTS2/GPC4/MED12/PLCB4/FRYL/RERE/XYLT2/FGFR2/MSX1/MITF/CITED2/ZNF462/RIPK4/ATP2A2/EDN1/SUFU/KMT2D/EIF2AK3","0.3524878575836192"
"HP_SUBCUTANEOUS_HEMORRHAGE","HP_SUBCUTANEOUS_HEMORRHAGE","196","0.3360598415397728","1.467151797059938","0.00488433772256245506138","0.16252853128311114950","0.05998871252989775721","2637","tags=30%, list=19%, signal=24%","RUNX1/CD109/SAMD9/PTPRJ/PROS1/TGFB2/F13A1/NR3C1/NBEAL2/EPHB2/GBA1/ANKRD26/FUCA1/STAT3/FANCD2/ZNF469/TET2/ATP7A/PLOD1/GSN/PTPN22/FAS/COL1A1/CASP10/JAK2/PRF1/ARL6IP6/NFIX/PML/ENPP1/PLAU/SIK3/PROC/COL5A2/STIM1/COMT/TGFBR2/RIT1/DSE/MVK/DCLRE1B/NEU1/MYH9/NABP1/PRKAR1A/FANCE/HPS4/ACTN1/CHST14/SMAD3/TGFB3/SOS1/STX11/PRKACA/KDM1A/FBN1/DTNBP1/SCARB2","0.4070179189239539"
"HP_ABNORMAL_STOMACH_MORPHOLOGY","HP_ABNORMAL_STOMACH_MORPHOLOGY","247","0.3286472677897181","1.466328184766394","0.00131602991768807377898","0.13296687731986592262","0.04907760942997263509","2507","tags=27%, list=18%, signal=23%","HSPG2/LAMC2/WFS1/SERPINA1/IFIH1/CCND1/ITGB4/PTPRJ/MED12/CDH1/CARD8/ITGA6/STAT3/PEX2/RNF43/RERE/ATP7A/LTBP1/FGFR2/LRBA/ERMARD/MAP1B/AXIN2/FAS/DYRK1A/COL1A1/CASP10/DEF6/GLIS3/TBX3/MITF/CCBE1/FOCAD/NFIX/KLF6/NEDD4L/PEX12/APC/EP300/COL5A2/SEMA4A/TGFBR2/GTF2H5/TMTC3/ARID1B/COL18A1/LAMA3/PRKAR1A/CDKN2B/PMS1/RIPK1/IL1B/MLH1/FIG4/CHST14/MTMR14/PEX13/BUB1/UBE4B/LUZP1/TGFB3/GLRA1/MC1R/CTNNB1/SKI/MSH3/MGMT","0.4550598673872295"
"HP_TALL_STATURE","HP_TALL_STATURE","142","0.3497460295765668","1.465709739849721","0.01385667526175135208510","0.23123586915781460527","0.08534835066801978176","2198","tags=26%, list=16%, signal=22%","HSPG2/GPC4/CCND1/DLG4/TGFB2/MED12/COL2A1/AR/MAN2B1/ZNF469/NNT/ARHGEF9/RERE/PLOD1/GLI3/NF1/ZDHHC9/SPTAN1/BMP4/FGF3/SUZ12/TNNT1/NFIX/ABAT/SPIN4/CIC/TGFBR2/DSE/NPR2/SUFU/HECTD4/PRKAR1A/CDKN2B/NSD1/CHST14/SMAD3/TGFB3","0.3807304007227924"
"HP_ABNORMAL_BRAINSTEM_MRI_SIGNAL_INTENSITY","HP_ABNORMAL_BRAINSTEM_MRI_SIGNAL_INTENSITY","42","-0.4165407402874921","-1.465489040859841","0.02853857669606164187970","0.28963495773878061845","0.10690325004005170328","4814","tags=52%, list=35%, signal=34%","SCO2/IARS2/AIFM1/TMEM126B/ATP7B/GTPBP3/NDUFV2/NDUFAF8/PIK3CA/NUBPL/NDUFS3/NDUFB9/NDUFS6/FOXRED1/NDUFV1/KRIT1/NDUFA11/NDUFAF4/MT-ND3/NDUFB11/CCM2/NDUFAF2","0.3524878575836192"
"HP_NEVUS_FLAMMEUS","HP_NEVUS_FLAMMEUS","45","-0.4155390691746407","-1.465264048499260","0.04283122477696903879218","0.34594929663607115744","0.12768867559426541614","1697","tags=31%, list=12%, signal=27%","LIMK1/GTF2I/DNAJC30/VPS37D/KRAS/LBR/CDK10/BAZ1B/RFC2/NEK9/CDK13/TBL2/EIF4H/BUD23","0.3217759180753611"
"HP_IRIS_HYPOPIGMENTATION","HP_IRIS_HYPOPIGMENTATION","44","0.4241259281653715","1.462003720821129","0.03212655248589178780261","0.30101998868392176867","0.11110542514814016057","3440","tags=48%, list=25%, signal=36%","HSPG2/RERE/XYLT2/EPG5/MLPH/HPS4/BLOC1S6/UBE4B/LUZP1/OCA2/MC1R/SKI/DTNBP1/KANSL1/MYO5A/LYST/AP3B1/CASZ1/HPS5/BLOC1S5/RAB27A","0.3217759180753611"
"HP_ABNORMALITY_OF_BINOCULAR_VISION","HP_ABNORMALITY_OF_BINOCULAR_VISION","69","0.3920337604043410","1.461827445604243","0.03273846849273964743077","0.30222840568409087281","0.11155144763703538080","1760","tags=25%, list=13%, signal=22%","SLC1A3/SLC2A1/PRNP/GBA1/SNAP25/NF2/TPP1/ANO10/PTPN22/SYNJ1/COL13A1/MYO9A/VPS13C/P4HA2/SH3TC2/KCND3/ERCC4","0.3217759180753611"
"HP_SENSORIMOTOR_NEUROPATHY","HP_SENSORIMOTOR_NEUROPATHY","88","-0.3602040494402624","-1.461693674755275","0.01326312569968591918712","0.22539201685980017609","0.08319140522093321222","2391","tags=28%, list=17%, signal=24%","PEX6/LIG3/VPS41/SACS/AHCY/RAB7A/HADHB/UCHL1/IGHMBP2/B4GALNT1/VRK1/MT-ND3/MPV17/HADHA/KIF1A/CLCF1/OPA1/RNASEH1/PDK3/MPZ/RPIA/AFG3L2/IFRD1/HMBS/DNAJC3","0.3807304007227924"
"HP_SPONTANEOUS_HEMOLYTIC_CRISES","HP_SPONTANEOUS_HEMOLYTIC_CRISES","4","0.8190592129817245","1.460992542125616","0.04138277648843190215100","0.33968107673000896840","0.12537509754707354404","1198","tags=50%, list=9%, signal=46%","SLC2A1/SPTB","0.3217759180753611"
"HP_APLASIA_HYPOPLASIA_OF_THE_NIPPLES","HP_APLASIA_HYPOPLASIA_OF_THE_NIPPLES","52","0.4074418546088461","1.460589588189613","0.03801596245607404694900","0.32601034470432632695","0.12032927816331613624","2987","tags=38%, list=22%, signal=30%","CDH11/ANTXR1/PEX2/SLC25A24/PTPRF/WNT7A/SETBP1/TBX3/UBR1/EDA/KMT2D/FIG4/NSD1/PIGN/EFNB1/CHRNG/MEGF8/TUBB/CCDC47/HDAC8","0.3217759180753611"
"HP_PATHOLOGIC_FRACTURE","HP_PATHOLOGIC_FRACTURE","55","0.4058250597998047","1.459900339273654","0.03892657154033855176900","0.32858235944105068649","0.12127859980823554875","857","tags=18%, list=6%, signal=17%","MYCN/RUNX1/CCND1/ATL3/GBA1/TET2/LTBP1/NOTCH2/IDH1/GNPTAB","0.3217759180753611"
"HP_HYPOPLASTIC_NIPPLES","HP_HYPOPLASTIC_NIPPLES","36","0.4454059867368058","1.458747888217074","0.03185682212399441187722","0.29991615195640874969","0.11069800287216215173","2987","tags=47%, list=22%, signal=37%","ANTXR1/PEX2/SLC25A24/PTPRF/WNT7A/SETBP1/TBX3/UBR1/EDA/KMT2D/FIG4/NSD1/CHRNG/MEGF8/TUBB/CCDC47/HDAC8","0.3217759180753611"
"HP_ARTHRITIS","HP_ARTHRITIS","175","0.3359839228666146","1.458384587845511","0.00987333688200576868599","0.20241713859069759840","0.07471145799558223666","2637","tags=30%, list=19%, signal=25%","EXT1/TNFRSF11B/KRT5/IFIH1/CCN2/RFX5/COL2A1/DDRGK1/CAV1/TRPV4/GBA1/SLC26A2/FCGR2A/CANT1/FGFR2/LRBA/PTPN22/BMP4/ASAH1/FAS/ERAP1/COL1A1/CASP10/C2orf69/MUC1/SPTB/TNIP1/SLC22A4/TNFSF4/MMP14/P4HA2/BANK1/MAN2B2/APOE/COL5A2/COMT/IL10/MVK/HFE/ABCG2/LMNA/ANKH/CIITA/SMAD3/TNFAIP3/TGFB3/AGA/IFNGR1/FBN1/MECP2/SLC40A1/SLCO2A1/SCARB2","0.3807304007227924"
"HP_BRACHYDACTYLY","HP_BRACHYDACTYLY","340","0.3119126565395595","1.457931692933217","0.00107216156127729511822","0.12388298961171236023","0.04572477824349577974","3255","tags=34%, list=24%, signal=27%","EXT1/HSPG2/CDH11/ADAMTS17/GJA5/MYCN/CUL4B/ITGB6/SLC2A1/GPC4/MED12/CILK1/COL2A1/TRPV4/SLC26A2/CANT1/WNT7A/RERE/ATP7A/REV3L/LTBP1/FGFR2/NOTCH2/GLI3/PIGS/LSS/ZDHHC9/BMP4/CSGALNACT1/WNT5A/DYNC2H1/PIGK/PAPSS2/POGZ/ANTXR2/CITED2/PPM1D/DONSON/MAF/ARID1A/FLNB/EPB41L1/SIL1/KIAA0586/SIK3/WDPCP/CHST11/TGFBR2/FGF9/RIT1/MAFB/MSX2/BBS9/TMEM67/CAMK2G/ZMIZ1/PUM1/CSNK2A1/FTO/NPR2/SRCAP/CTSK/ARL6/SUFU/BBS10/PRKAR1A/CFAP418/KMT2D/CPLANE1/CHRNA7/CEP55/AFF4/LMNA/AHDC1/ALG6/UBE4B/LUZP1/PLCB3/PDE4D/TOPORS/BBS4/POC1A/DYNC2LI1/PRKACB/RHOA/LTBP2/PIGN/KAT6A/SOS1/SKI/EFNB1/KDM1A/RBPJ/FBN1/FAM111A/TRIO/SNX14/MEGF8/NEK1/USF3/PTCH1/BBS12/ADAMTSL2/EOGT/ARID2/PNPLA6/FGFR1/CASZ1/SDCCAG8/TONSL/ARHGAP31/SOS2/DLL4/SMARCA2/NIN/NOG/SCUBE3","0.4550598673872295"
"HP_INCREASED_CUP_TO_DISC_RATIO","HP_INCREASED_CUP_TO_DISC_RATIO","4","0.8170702346854115","1.457444712602053","0.04319512935016652649400","0.34838219709561013548","0.12858665064596211391","1763","tags=50%, list=13%, signal=44%","CDH11/COL18A1","0.3217759180753611"
"HP_FEMORAL_BOWING","HP_FEMORAL_BOWING","39","0.4397049966003048","1.457313456530182","0.04606467996607550852151","0.35876388061338765345","0.13241849372734390555","1341","tags=28%, list=10%, signal=26%","TNFRSF11B/VDR/CCN2/MAN2B1/WNT7A/FGFR2/COL1A1/DYNC2H1/TENT5A/ENPP1/SOX9","0.3217759180753611"
"HP_WADDLING_GAIT","HP_WADDLING_GAIT","109","0.3598951426368442","1.455543202872047","0.01576767973382821319550","0.23822818416154717402","0.08792918968358151566","1082","tags=20%, list=8%, signal=19%","HSPG2/IFIH1/CCN2/LAMB2/COL2A1/DAG1/TRPV4/SLC26A2/SNAP25/CANT1/DMD/ACBD5/IDH1/ASAH1/SMARCAL1/COL13A1/DYNC1H1/MYO9A/FN1/POGZ/TNNT1/DSTYK","0.3524878575836192"
"HP_ABNORMAL_VASCULAR_PHYSIOLOGY","HP_ABNORMAL_VASCULAR_PHYSIOLOGY","274","0.3214969993760323","1.454328006917583","0.00248763846534524228973","0.13988144800228249909","0.05162975328841067774","2637","tags=30%, list=19%, signal=25%","SAA1/HSPG2/NT5E/APP/IFIH1/CCN2/LAMB2/PROS1/TGFB2/MED12/SCN5A/CAV1/F13A1/NR3C1/GBA1/TGFBR3/FCGR2A/RNF213/SLC25A24/BMPR2/FRYL/TET2/PLOD1/XYLT2/VCL/NF1/PTPN22/ABCA3/ACTG1/FAS/ERAP1/COL1A1/SMARCAL1/CACNA1D/KCNN4/DEF6/PSMB9/JAK2/CITED2/SON/NFIX/TNIP1/ANO1/TNFSF4/ENPP1/SOX9/P4HA2/NOTCH3/BANK1/KIF20A/PROC/COL5A2/FOXP1/TGFBR2/HTRA1/MMACHC/ALMS1/IL10/TINF2/KCNJ5/IL6ST/HFE/KMT2D/AFF4/GNAQ/LMNA/PGM1/FIG4/SMAD3/TNFAIP3/TGFB3/IFNGR1/CTNNB1/PIGN/SCNN1A/FOXF1/RBPJ/FBN1/MECP2/LAMA2/COQ2/SCARB2","0.4317076958033464"
"HP_PARESTHESIA","HP_PARESTHESIA","109","0.3595062275957899","1.453970292939577","0.01606239421850343823683","0.24058955437257037446","0.08880076317069428293","2364","tags=27%, list=17%, signal=22%","KRT5/ATXN1/APP/SLC2A1/CCND1/PRNP/PMP22/KRT14/SLC26A2/NF2/TET2/PTPN22/GBE1/FAS/ERAP1/JAK2/P4HA2/ALAD/SEMA4A/TGFBR2/IL10/TK2/HEXB/PMS1/MLH1/NAGLU/NPRL3/CUBN/IFNGR1","0.3524878575836192"
"HP_LACK_OF_SKIN_ELASTICITY","HP_LACK_OF_SKIN_ELASTICITY","56","0.4126182366408938","1.453921092716984","0.02437345530040680927075","0.27362281031183965929","0.10099322241968325398","2910","tags=38%, list=21%, signal=30%","CUL4B/DLG4/TGFB2/NR3C1/LTBP1/LSS/ZNRF3/COL1A1/ABCA12/ENPP1/COL5A2/TGFBR2/PRKAR1A/LMNA/SMAD3/TGFB3/CTNNB1/KDM1A/FBN1/CHD8/ADAMTSL2","0.3524878575836192"
"HP_CEREBRAL_INCLUSION_BODIES","HP_CEREBRAL_INCLUSION_BODIES","42","0.4248128788308361","1.453384253986753","0.04954128440366972752074","0.36319382246859194252","0.13405356977447249744","1451","tags=21%, list=10%, signal=19%","APP/PRNP/NPC2/GBA1/GRN/VPS13C/PLAU/APOE/ABCA7","0.2765005992544716"
"HP_ORAL_PHARYNGEAL_DYSPHAGIA","HP_ORAL_PHARYNGEAL_DYSPHAGIA","42","0.4247299213430271","1.453100437010998","0.04954128440366972752074","0.36319382246859194252","0.13405356977447249744","1252","tags=19%, list=9%, signal=17%","SLC1A3/SLC2A1/CDH1/DLG1/BMP4/MSX1/RHOBTB2/SLC2A3","0.2765005992544716"
"HP_ABNORMAL_SACCADIC_EYE_MOVEMENTS","HP_ABNORMAL_SACCADIC_EYE_MOVEMENTS","78","0.3823832886937505","1.452574471161178","0.02942770791001885627436","0.29109573757930068405","0.10744241877080078218","977","tags=18%, list=7%, signal=17%","MYCN/ATXN1/SLC1A3/SLC2A1/MYORG/PRNP/GBA1/PEX2/TPP1/ANO10/FRMD5/SLC44A1/RHOBTB2/ALS2","0.3524878575836192"
"HP_DISPROPORTIONATE_SHORT_STATURE","HP_DISPROPORTIONATE_SHORT_STATURE","118","0.3576164792746563","1.451676735864604","0.01573177890011228860501","0.23822818416154717402","0.08792918968358151566","2321","tags=26%, list=17%, signal=22%","HSPG2/CCN2/COL2A1/DDRGK1/TRPV4/SLC26A2/C1GALT1C1/CANT1/WNT7A/XYLT2/FGFR2/CSGALNACT1/ARSK/COL1A1/SMARCAL1/WNT5A/FN1/DYNC2H1/FLNB/SOX9/KIAA0586/SIK3/NKX3-2/GLB1/NPR2/CTSK/PRKAR1A/ALG12/POC1A/DYNC2LI1/PRKACB","0.3524878575836192"
"HP_UPPER_LIMB_UNDERGROWTH","HP_UPPER_LIMB_UNDERGROWTH","76","0.3845882250699501","1.451383681042747","0.02128570469873740031441","0.26022709229507567930","0.09604890974488627942","2615","tags=36%, list=19%, signal=29%","EXT1/COL2A1/SLC26A2/BRIP1/FANCD2/WNT7A/FGFR2/SLX4/EXOC6B/FN1/DYNC2H1/TBX3/DONSON/APC/MAFB/FANCM/NPR2/ERCC4/PRKAR1A/AFF4/FANCE/B2M/ALG12/PDE4D/SF3B4/CUL7/RFWD3","0.3524878575836192"
"HP_ABNORMAL_CSF_METABOLITE_CONCENTRATION","HP_ABNORMAL_CSF_METABOLITE_CONCENTRATION","156","-0.3248190241796783","-1.447801270323768","0.01230716707429134297580","0.21733930957000391349","0.08021917912080603341","3352","tags=33%, list=24%, signal=26%","NUBPL/NDUFS3/GLRX5/NDUFB9/NDUFS6/FOXRED1/RNASEH2C/COX8A/MT-CO2/NDUFV1/DNM1L/LYRM4/KARS1/PTS/PNPT1/SURF1/SAMHD1/LRPPRC/IBA57/IDH2/COX10/MRPS34/MTFMT/NDUFA11/SLC25A19/NDUFA8/NARS2/NDUFAF4/SLC31A1/MT-ND3/NADK2/COXFA4/TIMM50/DLD/MPV17/LONP1/GFM1/PIGA/DLAT/CLPB/PSAT1/OPA1/HSD17B10/NDUFB11/TH/NDUFAF2/MDH2/RPIA/HMBS/RNASEH2B/SUCLA2/PDHA1","0.3807304007227924"
"HP_ABNORMALITY_OF_THE_PYLORUS","HP_ABNORMALITY_OF_THE_PYLORUS","98","0.3632027839934174","1.446409858035921","0.02364700450113371363314","0.27018481617472384082","0.09972427080643292419","3096","tags=35%, list=22%, signal=27%","HSPG2/LAMC2/ITGB4/MED12/ITGA6/PEX2/RERE/LTBP1/FGFR2/ERMARD/MAP1B/DYRK1A/TBX3/CCBE1/NFIX/NEDD4L/PEX12/GTF2H5/TMTC3/COL18A1/LAMA3/FIG4/MTMR14/PEX13/UBE4B/LUZP1/SKI/CHD8/PLEC/KANSL1/HDAC8/TFAP2A/CASZ1/PEX11B","0.3524878575836192"
"HP_KERATOCONJUNCTIVITIS","HP_KERATOCONJUNCTIVITIS","46","-0.4094848888204343","-1.446199460092304","0.04189852282224620222406","0.34189440722940106498","0.12619203009432214402","943","tags=22%, list=7%, signal=20%","LBR/PAX6/TLR4/ZFX/MPLKIP/TRIM44/CARS1/UBAC2/GJB2/MEFV","0.3217759180753611"
"HP_APLASIA_HYPOPLASIA_OF_THE_RADIUS","HP_APLASIA_HYPOPLASIA_OF_THE_RADIUS","73","0.3869230108567284","1.444940963267223","0.02470381840403523820981","0.27367484542333536668","0.10101242839736813972","2660","tags=36%, list=19%, signal=29%","COL2A1/BRIP1/FANCD2/WNT7A/REV3L/FGFR2/GLI3/SLX4/TBX3/DONSON/FLNB/RIPK4/APC/MAFB/FANCM/NPR2/ERCC4/PRKAR1A/FKBP10/AFF4/FANCE/ALG12/PDE4D/SF3B4/RFWD3/TRIO","0.3524878575836192"
"HP_PHONIC_TICS","HP_PHONIC_TICS","3","0.8510483806523527","1.444483751411798","0.04621040584884329727178","0.35876388061338765345","0.13241849372734390555","563","tags=33%, list=4%, signal=32%","PANK2","0.3217759180753611"
"HP_ABNORMAL_GLOMERULAR_MESANGIUM_MORPHOLOGY","HP_ABNORMAL_GLOMERULAR_MESANGIUM_MORPHOLOGY","45","0.4261585869811509","1.444132411876358","0.04553734061930782978100","0.35842918105027421483","0.13229495728905221741","2290","tags=33%, list=17%, signal=28%","SGPL1/LAMB2/COL4A3/PLCE1/DAAM2/APOL1/INF2/FN1/APOE/ARHGDIA/KIRREL1/KANK2/ANLN/CD2AP/MYO1E","0.2878571172551493"
"HP_ABNORMAL_TOE_PHALANX_MORPHOLOGY","HP_ABNORMAL_TOE_PHALANX_MORPHOLOGY","109","0.3569872138503810","1.443782510719991","0.01783068404944113116706","0.24586876243857164193","0.09074930040632100958","3005","tags=37%, list=22%, signal=29%","WLS/GPC4/TRPV4/BRIP1/ACVR1/FANCD2/CANT1/WNT7A/FGFR2/NOTCH2/GLI3/SUMF1/SCN1B/SLX4/RHOBTB2/CREBBP/PIGP/C2CD3/RIPK4/SOX9/EP300/RHBDF2/FANCM/DACT1/ARID1B/ERCC4/SATB2/SMARCA4/LMNA/FANCE/FIG4/COL6A3/EFNB1/RFWD3/SLCO2A1/NEK1/UBE2A/EOGT/FGFR1/SIK1","0.3524878575836192"
"HP_ARTHROGRYPOSIS_MULTIPLEX_CONGENITA","HP_ARTHROGRYPOSIS_MULTIPLEX_CONGENITA","108","0.3539478477685272","1.443066206881702","0.01943943011748616375711","0.25143537090278711421","0.09280391612388159961","2121","tags=24%, list=15%, signal=21%","TUBA1A/HSPG2/AUTS2/ITGB4/TRPV4/GBA1/SNAP25/STAT3/REV3L/PIGS/GBE1/COL13A1/GNPTAB/MYO9A/PIP5K1C/KIF5C/RIPK4/ADGRG6/DSE/BLTP1/GLDN/CEP55/FKBP10/LMNA/PI4KA/CHST14","0.3524878575836192"
"HP_CARDIAC_AMYLOIDOSIS","HP_CARDIAC_AMYLOIDOSIS","3","0.8501842885018429","1.443017128480001","0.04752131767308805793126","0.35904891128771720954","0.13252369755247891958","2076","tags=100%, list=15%, signal=85%","SAA1/GSN/B2M","0.3217759180753611"
"HP_HYPERAMMONEMIA","HP_HYPERAMMONEMIA","82","-0.3618531421199596","-1.442779533996170","0.02239924424244546866114","0.26366304232346959857","0.09731710688475567195","2538","tags=33%, list=18%, signal=27%","CYC1/SC5D/GLUD1/ALDH18A1/LRPPRC/SLC22A5/HADHB/FH/TSFM/IARS1/PCK2/ACAD9/DLD/MPV17/HADHA/SLC25A36/SLC25A13/ALG11/HSD17B10/PCCA/ATP5F1B/RINT1/MARS1/ACAT1/ASS1/CARS2/SLC25A15","0.3524878575836192"
"HP_ECTRODACTYLY","HP_ECTRODACTYLY","64","0.3954390847112274","1.441276009213239","0.02844465708242384371918","0.28949992565389981447","0.10685341016973307071","3519","tags=38%, list=25%, signal=28%","ITGB6/WLS/NDRG1/PMP22/MED12/WNT7A/FGFR2/GLI3/LSS/GNPTAB/CDH3/HMGA2/HSD17B4/DLG5/RBPJ/EOGT/PLAG1/IRF6/FGFR1/ARHGAP31/DLL4/FGFRL1/ROR2/PRX","0.3524878575836192"
"HP_CONICAL_INCISOR","HP_CONICAL_INCISOR","35","0.4461540430575779","1.441185649804013","0.04869565217391304268180","0.36080231884057972769","0.13317087414852651905","3172","tags=54%, list=23%, signal=42%","CDH1/DLG1/FGFR2/TGFA/BMP4/FGF3/MSX1/CCBE1/EDA/WNT10A/ARHGEF38/DYNC2LI1/PRKACB/KAT6A/PRKACA/NEK1/IRF6/FGFR1/RIC1","0.2712885546889530"
"HP_SPARSE_OR_ABSENT_EYELASHES","HP_SPARSE_OR_ABSENT_EYELASHES","83","-0.3601732584770091","-1.440952837983208","0.02837837474220174238670","0.28948197232285233227","0.10684678365802673106","2182","tags=31%, list=16%, signal=27%","TCOF1/SNRPE/HR/ST14/ANAPC1/RECQL/GTPBP1/POLR1B/POLR1C/NECTIN1/TWIST2/KRAS/PHGDH/EDAR/MPLKIP/DKC1/EPS8L3/WDR35/CLDN1/RPL21/TSR2/KRT71/KRT74/POLR1D/ODC1/GJB2","0.3524878575836192"
"HP_NEONATAL_HYPOGLYCEMIA","HP_NEONATAL_HYPOGLYCEMIA","36","-0.4247449897807239","-1.440297087244463","0.04509182877708158010410","0.35639394572818483553","0.13154375904894236027","2940","tags=39%, list=21%, signal=31%","HADH/MSL3/EBP/KCNJ11/APC2/DNAJC19/KDM6A/COX10/APPL1/PCK2/CLPB/YARS1/ZRSR2/HNF4A","0.3217759180753611"
"HP_ATRIAL_FIBRILLATION","HP_ATRIAL_FIBRILLATION","56","0.4086656306408992","1.439993503666689","0.02623637026185731899175","0.28254943710298663362","0.10428800915163871643","2184","tags=29%, list=16%, signal=24%","TPM1/GJA5/SCN3B/JPH2/SCN5A/CALM2/SCN1B/CITED2/SLC25A4/KIF20A/ANK2/KCNJ5/ZFHX3/LMNA/SMAD3/FHOD3","0.3524878575836192"
"HP_CENTRAL_HYPOTHYROIDISM","HP_CENTRAL_HYPOTHYROIDISM","55","0.3996733659006545","1.437770458938253","0.04462302549525707512368","0.35474986076844572391","0.13093693303971251640","2365","tags=35%, list=17%, signal=29%","ROBO1/LEPR/KATNIP/NF2/FOXA2/GLI3/SETBP1/TBL1X/PDGFB/TGIF1/DLL1/TMEM67/NODAL/SUFU/GNAQ/EIF2AK3/STIL/OCA2/CTNNB1","0.3217759180753611"
"HP_ABNORMALITY_OF_THE_GINGIVA","HP_ABNORMALITY_OF_THE_GINGIVA","192","0.3316016754990195","1.430342917929746","0.00918813376550479260496","0.19915422970735568997","0.07350712973722192678","2415","tags=30%, list=17%, signal=25%","KRT6A/ITGB2/KCNMA1/CAT/GPC4/SAMD9/F13A1/GBA1/STAT3/TBCK/MAN2B1/PLEKHM1/FGFR2/NOTCH2/PIGS/SETBP1/REST/MAP1B/FGF3/ATG7/GNPTAB/WNT5A/VPS13B/PERP/ECM1/JAK2/ANTXR2/PRF1/CCBE1/LMNB1/NFIX/OSTM1/PML/MMP14/KIF23/NOTCH3/RACGAP1/GLB1/ALMS1/TINF2/SATB2/NEU1/HIVEP2/NABP1/PRKAR1A/CDKN2B/GNAQ/EMC1/FIG4/ANKH/MIA3/AGA/DSP/PIGN/USB1/CXCR4/SOS1","0.3807304007227924"
"HP_REDUCED_LEFT_VENTRICULAR_EJECTION_FRACTION","HP_REDUCED_LEFT_VENTRICULAR_EJECTION_FRACTION","51","0.4077900566010443","1.429588698394641","0.02753478962040743077688","0.28707712396343337824","0.10595916253838537358","3211","tags=37%, list=23%, signal=29%","GJA5/DYSF/SCN5A/DES/VCL/GNPTAB/CAP2/LAMP2/MYL3/SLC25A4/KCNJ5/LMNA/B2M/FHOD3/CRYAB/LAMA2/ACADVL/CORIN/AARS2","0.3524878575836192"
"HP_DYSCHROMATOPSIA","HP_DYSCHROMATOPSIA","42","-0.4061037154576914","-1.428769114024597","0.03627151453177356044133","0.31691950668721019513","0.11697388164210656414","1517","tags=24%, list=11%, signal=21%","MCAT/PITPNM3/BEST1/PAX6/TOP3A/OPA1/TRIM44/RPGR/AFG3L2/CACNA2D4","0.3217759180753611"
"HP_EPISTAXIS","HP_EPISTAXIS","78","0.3760083072027622","1.428357577688747","0.03643090208663662260546","0.31781243782643597839","0.11730345940299030660","2119","tags=29%, list=15%, signal=25%","RUNX1/PTPRJ/F13A1/NBEAL2/GBA1/STAT3/ATP8B1/PTPN22/CACNA1D/JAK2/PRF1/PML/P4HA2/PLAU/STIM1/KCNJ5/MYH9/LAMA3/NABP1/PRKAR1A/CDC42BPB/HPS4/ACTN1","0.3217759180753611"
"HP_MALAR_FLATTENING","HP_MALAR_FLATTENING","179","0.3295565637201560","1.426699804784256","0.01135245804903398103569","0.20868903095970242623","0.07702639153600354671","3379","tags=36%, list=24%, signal=28%","HSPG2/CDH11/GJA5/TGFB2/MED12/COL2A1/SLC26A2/MAN2B1/CANT1/FGFR2/NOTCH2/NF1/SETBP1/BMP4/COL1A1/WNT5A/POGZ/ACSL4/CCBE1/MAF/FLNB/DLG3/PEX12/APC/MAN1B1/NOTCH3/FOXP1/COMT/ASPH/TGFBR2/LRP2/FOXC1/ARID1B/SATB2/AGL/RFX7/LMNA/SMAD3/ZBTB20/TMEM165/TGFB3/PDE4D/RHOA/SF3B4/PIGV/CUL7/TMEM237/FBN1/MECP2/LOXL3/MBD5/NEK1/ZNHIT3/HERC1/UBE2A/FGFR1/TFAP2A/ATP6V1A/TONSL/SERPINH1/COG4/RREB1/BBS7/MYH3/BUB1B","0.3807304007227924"
"HP_DEVIATION_OF_THE_2ND_TOE","HP_DEVIATION_OF_THE_2ND_TOE","3","-0.8602580947293025","-1.425656059421345","0.03138383166765261467201","0.29991615195640874969","0.11069800287216215173","188","tags=33%, list=1%, signal=33%","ZRSR2","0.3217759180753611"
"HP_ABNORMALLY_HIGH_PITCHED_VOICE","HP_ABNORMALLY_HIGH_PITCHED_VOICE","45","0.4202715455236514","1.424182872811430","0.04918032786885245810637","0.36198024101617626291","0.13360564110431327745","3231","tags=40%, list=23%, signal=31%","HSPG2/IGF1R/MED12/AR/TRIM37/SMARCAL1/SRCAP/ARID1B/ERCC4/SELENON/LMNA/POC1A/ITPA/FAM111A/ADAMTSL2/P4HB/CHRNB1/SERPINH1","0.2765005992544716"
"HP_ABNORMAL_MALE_INTERNAL_GENITALIA_MORPHOLOGY","HP_ABNORMAL_MALE_INTERNAL_GENITALIA_MORPHOLOGY","66","0.3841371550488856","1.423981918654734","0.02856216606817559358622","0.28963495773878061845","0.10690325004005170328","1954","tags=33%, list=14%, signal=29%","SLC26A9/SERPINA1/CCND1/EPHB2/BRIP1/AR/RNF43/PTPN22/FAS/ERAP1/KCNN4/PHF6/RNASEL/CREBBP/KLF6/SOX9/EP300/IL10/SRCAP/UNG/HFE/ZFHX3","0.3524878575836192"
"HP_TENDON_RUPTURE","HP_TENDON_RUPTURE","2","0.9507021687240224","1.422965691739930","0.01433798535798395425156","0.23684763693556101782","0.08741963453028128717","130","tags=50%, list=1%, signal=50%","IFIH1","0.3807304007227924"
"HP_ABNORMAL_TEMPORAL_BONE_MORPHOLOGY","HP_ABNORMAL_TEMPORAL_BONE_MORPHOLOGY","3","-0.8584967037295108","-1.422737007839908","0.03274095739100642277197","0.30222840568409087281","0.11155144763703538080","48","tags=33%, list=0%, signal=33%","POR","0.3217759180753611"
"HP_IMPULSIVITY","HP_IMPULSIVITY","113","0.3493344599863649","1.422543439949085","0.03281206311269153907961","0.30238247880137125723","0.11160831548582571260","3133","tags=37%, list=23%, signal=29%","AFF2/MAOA/SLC1A3/SLC2A1/VPS16/CLTC/GBA1/PANK2/NTRK2/VANGL1/SCN1B/SYNJ1/VPS13C/RHOBTB2/BCORL1/SPTBN1/CREBBP/TGIF1/KNL1/KCNA2/WDR62/DALRD3/DLL1/EP300/NFIB/GRIN2D/NODAL/SRCAP/HIVEP2/AHDC1/STIL/CELF2/HEPHL1/PHIP/PLA2G6/CRIPTO/KANSL1/PTCH1/DNM1/ATP6V1A/MICAL1/SZT2","0.3217759180753611"
"HP_ABNORMAL_LATERAL_VENTRICLE_MORPHOLOGY","HP_ABNORMAL_LATERAL_VENTRICLE_MORPHOLOGY","112","-0.3403851876969451","-1.420612927798303","0.01491353040202666145608","0.23820431001346303868","0.08792037781901222704","1639","tags=23%, list=12%, signal=21%","ACP5/VRK1/ESAM/DHX37/NADK2/EIF2B5/LONP1/ZIC2/PUS3/ATP6AP2/PIGA/EZH2/LARGE1/PSAT1/IFT56/NDUFB11/HCCS/NCAPG2/COG5/SLC35A2/EML1/ZRSR2/RAC1/ODC1/EBF3/PDHA1","0.3807304007227924"
"HP_LIMB_ATAXIA","HP_LIMB_ATAXIA","77","0.3718152991741258","1.419818946411249","0.02474785373095865145809","0.27367484542333536668","0.10101242839736813972","1970","tags=25%, list=14%, signal=21%","ATXN1/PRNP/GPRC5B/PMP22/GBA1/TPP1/MAN2B1/ANO10/FAT2/SCN1B/GJB1/SLC9A1/SIL1/TBC1D23/SQSTM1/KCND3/FICD/VPS13D/PRICKLE1","0.3524878575836192"
"HP_LETHARGY","HP_LETHARGY","211","-0.3096655833297836","-1.419461414481989","0.00456198577281725480698","0.15844346837215930734","0.05848093009504162776","3352","tags=33%, list=24%, signal=26%","NUBPL/NDUFS3/CDKL5/NDUFB9/NDUFS6/FOXRED1/GLI2/PNKP/NDUFV1/RPL5/HADH/SLC39A4/RPS15A/ABCD4/MLYCD/KCNJ11/RPS26/SLC19A2/RPL18/TPO/GK/RPL35A/SHH/RPL26/SLC25A22/PLCH1/RPL35/SLC22A5/NDUFA11/HADHB/SLC25A19/FH/CACNA1E/NDUFAF4/RPS19/SLC31A1/CDON/MT-ND3/PCK2/COX5A/DLD/HADHA/RPS17/ZIC2/MTRR/SMC1A/BMP6/PIGA/RPS7/RPL8/SLC25A13/GAS1/TFAM/CDKN1B/TWNK/NDUFB11/SLC26A4/PCCA/TH/CASK/NDUFAF2/ASS1/BNC2/SLC1A2/TSR2/HNF4A/RYR1/SLC25A15/PDHA1/NAXD","0.4070179189239539"
"HP_CAPILLARY_MALFORMATION","HP_CAPILLARY_MALFORMATION","54","-0.3819394438148476","-1.418284639262056","0.04019043097093927957575","0.33433866003818796253","0.12340323022869899294","1697","tags=28%, list=12%, signal=24%","LIMK1/GTF2I/DNAJC30/VPS37D/KRAS/LBR/CDK10/EPHB4/BAZ1B/RFC2/NEK9/CDK13/TBL2/EIF4H/BUD23","0.3217759180753611"
"HP_ASYMMETRIC_GROWTH","HP_ASYMMETRIC_GROWTH","69","0.3798924871181646","1.416554695379853","0.04436492018926671554446","0.35320323995953456508","0.13036608070771846246","3108","tags=38%, list=22%, signal=29%","EXT1/HSPG2/COL2A1/TRPV4/RERE/REST/IDH1/FN1/MAPRE2/ARL6IP6/ENPP1/HMGA2/DACT1/CTSK/SATB2/GNAQ/UBE4B/LUZP1/KAT6A/SKI/EFNB1/TUBB/BPTF/PLAG1/CASZ1/TONSL","0.3217759180753611"
"HP_APLASIA_HYPOPLASIA_OF_THE_ULNA","HP_APLASIA_HYPOPLASIA_OF_THE_ULNA","52","0.3946149123453104","1.414607816541692","0.04693140794223826794962","0.35904891128771720954","0.13252369755247891958","2615","tags=38%, list=19%, signal=31%","COL2A1/BRIP1/FANCD2/WNT7A/FGFR2/SLX4/EXOC6B/DYNC2H1/TBX3/FLNB/APC/FANCM/ERCC4/PRKAR1A/FANCE/B2M/PDE4D/SF3B4/CUL7/RFWD3","0.2820133500117251"
"HP_HYPOPLASIA_OF_TEETH","HP_HYPOPLASIA_OF_TEETH","115","0.3500854530749645","1.414435548707650","0.02132190487679647486474","0.26022709229507567930","0.09604890974488627942","2165","tags=27%, list=16%, signal=23%","LAMC2/KRT5/ITGB6/IFIH1/VDR/ITGB4/ITGA6/KRT14/TRIM37/FGFR2/NF1/TGFA/PGAP1/MSX1/UBR1/CREBBP/EDA/FLNB/WNT10A/DLX3/ENPP1/EP300/GTF2H5/CTSK/ERCC4/LAMA3/HECTD4/FOSL2/LMNA/NECTIN4/ALDH3A2","0.3524878575836192"
"HP_WORMIAN_BONES","HP_WORMIAN_BONES","53","0.4015014320459426","1.413868828791019","0.04563386754818755941532","0.35868090801312346727","0.13238786883074382672","2030","tags=30%, list=15%, signal=26%","HSPG2/ATP7A/NOTCH2/SETBP1/COL1A1/POGZ/NFIX/TENT5A/NOTCH3/MSX2/CTSK/TAPT1/FKBP10/AFF4/LMNA/BCL11B","0.3217759180753611"
"HP_DISTAL_LOWER_LIMB_AMYOTROPHY","HP_DISTAL_LOWER_LIMB_AMYOTROPHY","58","0.3894866556003871","1.413123030104062","0.04744525547445255231338","0.35904891128771720954","0.13252369755247891958","1256","tags=22%, list=9%, signal=20%","CUL4B/KRT5/DYSF/PMP22/TRPV4/KRT14/SLC12A6/SPTAN1/ADSS1/INF2/GJB1/ALS2/TFG","0.2820133500117251"
"HP_ABNORMALITY_OF_THE_CERVICAL_SPINE","HP_ABNORMALITY_OF_THE_CERVICAL_SPINE","383","0.2986700770560238","1.412597307941210","0.00416588802978734400184","0.15335804790307769330","0.05660391918375744236","2532","tags=27%, list=18%, signal=22%","HSPG2/CDH11/GJA5/ECEL1/CUL4B/SLC2A1/GPC4/MED12/COL2A1/DDRGK1/TRPV4/PLCB4/KIFBP/SLC26A2/FUCA1/TBCK/MAN2B1/CANT1/WNT7A/XYLT2/FOXA2/FGFR2/NOTCH2/NF1/GNS/LFNG/SETBP1/ERMARD/PTPN22/IDH1/CSGALNACT1/ACTG1/EXOC6B/PGAP1/DPYD/DYRK1A/SMARCAL1/GNPTAB/WNT5A/FN1/MAPRE2/PLXNA1/INTU/POGZ/ANTXR2/PGAP3/SPRED1/MICU1/GNPTG/CREBBP/DONSON/FLNB/C2CD3/RIPK4/APC/SOX9/EP300/MAN1B1/NOTCH3/KIAA0586/WDPCP/NKX3-2/IGBP1/GLB1/COMT/TECPR2/RIT1/HTRA1/MAFB/PLAAT3/DSE/BBS9/FTO/IL6ST/SRCAP/ARL6/SATB2/BBS10/SLC35B2/RFX7/HECTD4/CFAP418/TAPT1/CEP55/AHDC1/NSD1/CHST14/SMAD3/TGFB3/COL6A3/CHRND/CLDN11/BBS4/TXNDC15/PIGO/PIGN/SOS1/SKI/SF3B4/EFNB1/PIGV/CUL7","0.4070179189239539"
"HP_NEOPLASM_OF_THE_NERVOUS_SYSTEM","HP_NEOPLASM_OF_THE_NERVOUS_SYSTEM","177","0.3281972769131415","1.410221647478181","0.01102006883390653502186","0.20868903095970242623","0.07702639153600354671","2523","tags=29%, list=18%, signal=24%","HSPG2/TIAM1/MYCN/RUNX1/GPC4/CCND1/VPS16/EPHB2/MN1/RNF43/NF2/EPAS1/RERE/GRN/GLI3/NF1/SETBP1/VANGL1/IDH1/MAPRE2/SPTBN1/CCBE1/SPRED1/CREBBP/PDGFB/APC/EP300/NOTCH3/WDPCP/SEMA4A/TGFBR2/KIF1B/SUFU/PRKAR1A/CDKN2B/TMEM127/CPLANE1/PMS1/LMNA/MLH1/NSD1/TREM2/UBE4B/LUZP1/TOPORS/EDN3/CTNNB1/SKI/HACE1/MSH3/KDM1A","0.3807304007227924"
"HP_ABNORMAL_LIMB_EPIPHYSIS_MORPHOLOGY","HP_ABNORMAL_LIMB_EPIPHYSIS_MORPHOLOGY","102","0.3548104080423802","1.409485818215789","0.02535611098040886635108","0.27628217395712173499","0.10197478424128980645","2097","tags=27%, list=15%, signal=23%","EXT1/HSPG2/IFIH1/COL2A1/TRPV4/SLC26A2/CANT1/ATP7A/BMP4/COL1A1/SMARCAL1/WNT5A/FN1/TG/GNPTG/CREBBP/FLNB/SIL1/EP300/KIAA0586/NKX3-2/GLB1/TINF2/NPR2/SRCAP/PRKAR1A/EIF2AK3/MIA3","0.3524878575836192"
"HP_ABNORMAL_MAXILLA_MORPHOLOGY","HP_ABNORMAL_MAXILLA_MORPHOLOGY","127","0.3447739391285413","1.408591389274334","0.01538863607175413282524","0.23822818416154717402","0.08792918968358151566","2974","tags=36%, list=21%, signal=29%","CDH11/IFIH1/GPC4/MED12/COL2A1/CDH1/SLC12A6/KIFBP/DLG1/SLC25A24/ZBTB11/FGFR2/ZDHHC9/BMP4/FGF3/MSX1/VPS13B/SON/CREBBP/NFIX/TGIF1/EDA/FLNB/RIPK4/EP300/MAFB/TINF2/FOXC1/KCNJ5/SRCAP/CTSK/PRKAR1A/ARHGEF38/ZBTB20/PDE4D/USB1/SKI/SF3B4/PRKACA/FBN1/NEK1/WDR26/PTCH1/IRF6/ORC1/FGFR1","0.3807304007227924"
"HP_LONG_PHILTRUM","HP_LONG_PHILTRUM","390","0.2993266203082708","1.406988700994625","0.00372056038035888840890","0.14767967166895959452","0.05450805037318073171","3512","tags=35%, list=25%, signal=27%","EXT1/HSPG2/CDH11/GJA5/MYCN/ANTXR1/SLC2A1/IGF1R/PGM2L1/MED12/COL2A1/CLTC/SLC26A2/SLC25A24/TBCK/FRYL/CANT1/MPC1/RERE/ATP7A/LTBP1/XYLT2/FGFR2/NOTCH2/NF1/LFNG/SETBP1/BMP4/IDH1/CSGALNACT1/FGF3/ACTG1/ARSK/SNAI2/SLF2/UGP2/SUZ12/GNPTAB/WNT5A/GLIS3/DYNC2H1/MAPRE2/RHOBTB2/EPG5/TAF8/ALDH6A1/UBR1/LMNB1/TBC1D20/CREBBP/TMEM94/OSTM1/MAF/ARID1A/APC/RAC3/SOX9/NOTCH3/WDPCP/GLB1/COMT/NFIB/DSE/BBS9/CAMK2G/ZMIZ1/SRCAP/ARL6/ARID1B/SATB2/BBS10/RFX7/HECTD4/PPP1R12A/SMARCA4/CFAP418/AFF4/AHDC1/BCL11B/NSD1/CHST14/UBE4B/LUZP1/HSD17B4/PDE4D/BBS4/POC1A/CTNNB1/PIGN/USB1/SKI/TBCE/PHIP/CUL7/MOCS2/FBN1/TRIO/IRX5/CHRNG/KIF11/SNX14/TMEM53/SMG8/MEGF8/CHD8/TUBB/PTCH1/BBS12/TET3/ADAMTSL2/AP3B1/FGFR1/HDAC8/CASZ1/ATP6V1A/TRIP12/SDCCAG8/PPP1R21/RIC1/SMARCA2/TNPO2/SYNE1/RREB1/CDC42/BBS7/CEP295/TTC5/GNE/TMEM270/MYH3/EXT2/BUB1B/CCNK/ERCC6/BRCC3/ROR2/PCDHGC4/TRIM32","0.4317076958033464"
"HP_DEPRESSED_NASAL_RIDGE","HP_DEPRESSED_NASAL_RIDGE","108","0.3449896502538841","1.406543108381589","0.02823670455447003027616","0.28948197232285233227","0.10684678365802673106","3106","tags=39%, list=22%, signal=30%","HSPG2/AASS/FGF20/MN1/MAN2B1/RERE/FOXA2/GLI3/BMP4/CREBBP/ABCA12/TGIF1/EDA/PEX12/DLL1/CC2D2A/SOX9/GLB1/TMEM67/NODAL/PRKAR1A/KMT2D/TRAF6/STIL/BUB1/UBE4B/LUZP1/PDE4D/CHRND/TXNDC15/SKI/EFNB1/TMEM237/SNAP29/CHRNG/MBD5/MEGF8/CRIPTO/PTCH1/FGFR1/CASZ1/B9D2","0.3524878575836192"
"HP_FACIAL_ASYMMETRY","HP_FACIAL_ASYMMETRY","129","0.3395449989939339","1.405791020091763","0.02244772728072318146442","0.26366304232346959857","0.09731710688475567195","2671","tags=35%, list=19%, signal=28%","CDH11/MYCN/COL2A1/PLCB4/SLC12A6/BRIP1/STAT3/FANCD2/FGFR2/NF1/NTRK2/BMP4/IDH1/SLX4/COL1A1/FN1/SON/FRAS1/NFIX/MAF/ASPH/FGF9/MAFB/EDN1/FANCM/HDAC9/DACT1/KCNJ5/ERCC4/SATB2/RFX7/KMT2D/PURA/FANCE/CHST14/CTNND1/MACF1/RHOA/PIGN/KAT6A/SF3B4/EFNB1/RFWD3/TRIO/CHRNG","0.3524878575836192"
"HP_LEUKOENCEPHALOPATHY","HP_LEUKOENCEPHALOPATHY","218","-0.3058297231171682","-1.405523824491686","0.00381723833475390659370","0.14829134032908114493","0.05473381513660963843","4127","tags=39%, list=30%, signal=28%","NDUFC2/UQCC3/EARS2/SHANK3/RPL10/POT1/TMEM222/COA8/LETM1/PUF60/NDUFV2/NSD2/PLAA/NDUFAF8/GTF2E2/DOCK6/GALC/DARS1/SUGCT/TSEN54/NUBPL/NDUFS3/EIF2B3/NDUFB9/AP4M1/EIF2B2/NDUFS6/FOXRED1/NDUFV1/ISCA2/CPLX1/MRPS22/DNM1L/KICS2/AARS1/KARS1/LIPT2/VPS11/COLGALT1/TARS1/SURF1/NRROS/COL4A1/ALDH18A1/SCN4A/SAMHD1/LIG3/DPM3/NDUFA11/LMX1B/WARS1/EIF2B4/ACP5/KDM5A/CLN6/NDUFAF4/ESAM/MT-ND3/ACTA2/B3GALNT2/TRMT1/POMT2/MPV17/LONP1/PIGA/CLCN2/LARGE1/CLPB/ZFX/OPA1/AP5Z1/MPLKIP/NDUFB11/CNBP/CARS1/DPM2/UBA1/CDK13/NDUFAF2/RPIA/PMPCB/RAC1/ODC1/GNB2/PDHA1","0.4317076958033464"
"HP_EEG_WITH_SPIKE_WAVE_COMPLEXES","HP_EEG_WITH_SPIKE_WAVE_COMPLEXES","68","0.3794817648537973","1.404531377771705","0.04051108046514220739631","0.33491966721759514058","0.12361767794682025634","1161","tags=22%, list=8%, signal=20%","KCNMA1/AASS/SLC2A1/PRNP/CILK1/SNAP25/FGF13/SPTAN1/SCN1B/COL13A1/MYO9A/RHOBTB2/PGAP3/PIGP/KCNA2","0.3217759180753611"
"HP_SMALL_HAND","HP_SMALL_HAND","96","0.3586119592066375","1.403374142609993","0.02752986324817889574046","0.28707712396343337824","0.10595916253838537358","2987","tags=34%, list=22%, signal=27%","CUL4B/IGF1R/TRPV4/KIFBP/CANT1/FGFR2/CSGALNACT1/WNT5A/CCBE1/SON/PPM1D/KIF5C/RNF2/PUM1/KCNJ5/CTSK/SATB2/KMT2D/AFF4/AHDC1/OCA2/HERC2/POC1A/CTNNB1/PIGN/TBCE/FBN1/MECP2/SLCO2A1/WDR26/BPTF/ORC1/HDAC8","0.3524878575836192"
"HP_ABNORMAL_PANCREAS_MORPHOLOGY","HP_ABNORMAL_PANCREAS_MORPHOLOGY","85","0.3659925432381946","1.402983253706646","0.02738535390546236944487","0.28707712396343337824","0.10595916253838537358","2534","tags=29%, list=18%, signal=24%","HSPG2/MYCN/STRA6/CCND1/ZMYM3/STAT3/FANCD2/RERE/SETBP1/GLIS3/FOCAD/FLNB/CC2D2A/SIK3/TMEM67/PRSS2/BICC1/CEL/UBE4B/LUZP1/TXNDC15/SKI/GANAB/FOXF1/TMEM237","0.3524878575836192"
"HP_DELAYED_CRANIAL_SUTURE_CLOSURE","HP_DELAYED_CRANIAL_SUTURE_CLOSURE","79","0.3682806484155304","1.402295616124763","0.03859911014762588965521","0.32858235944105068649","0.12127859980823554875","2435","tags=32%, list=18%, signal=26%","HSPG2/ANTXR1/CCN2/MED12/PEX2/RERE/ATP7A/FGFR2/GLI3/ACTG1/COL1A1/TG/CREBBP/MAF/EP300/DSE/CTSK/LMNA/CHST14/UBE4B/LUZP1/HSD17B4/CTNNB1/SKI/TBCE","0.3217759180753611"
"HP_ABNORMALITY_OF_PRIMARY_TEETH","HP_ABNORMALITY_OF_PRIMARY_TEETH","71","0.3739351720588071","1.400471515071796","0.03932445445216723595161","0.33009968790134947003","0.12183864043679287770","2974","tags=37%, list=21%, signal=29%","VDR/STAT3/FGFR2/TGFA/SMARCAL1/MSX1/WNT5A/UBR1/EDA/WNT10A/KCNJ5/IL6ST/SRCAP/CTSK/ERCC4/KMT2D/TRAF6/PURA/LMNA/FIG4/ANKH/RHOA/FAM111A/WDR26/IRF6/FGFR1","0.3217759180753611"
"HP_RECURRENT_PNEUMONIA","HP_RECURRENT_PNEUMONIA","109","0.3458012693612998","1.398542596256307","0.03165658245056380409865","0.29991615195640874969","0.11069800287216215173","2115","tags=25%, list=15%, signal=21%","MEGF10/AASS/IFIH1/RAC2/RFX5/FCGR2A/STAT3/LTBP1/PLOD1/ZNFX1/LRBA/SETBP1/IDH1/GNPTAB/NHEJ1/LMNB1/MAN2B2/STIM1/IGBP1/ALMS1/TK2/IL6ST/RFX7/PURA/UNC119/STK36/ALG12","0.3217759180753611"
"HP_GENERALIZED_HIRSUTISM","HP_GENERALIZED_HIRSUTISM","82","0.3622971106722482","1.397502719663803","0.04276745183237221081818","0.34593701576781998863","0.12768414276874046065","3355","tags=35%, list=24%, signal=27%","HSPG2/SLC25A24/RERE/NOTCH2/SLC25A12/MAPRE2/TBC1D20/NFIX/WDPCP/BBS9/ARL6/BBS10/CFAP418/LMNA/UBE4B/LUZP1/BBS4/SKI/ABCA5/MBD5/TUBB/BBS12/UBE2A/IRF6/HDAC8/CASZ1/SDCCAG8/BBS7/GNE","0.3217759180753611"
"HP_ABNORMAL_RIB_CAGE_MORPHOLOGY","HP_ABNORMAL_RIB_CAGE_MORPHOLOGY","333","0.3017306975617469","1.397191986775511","0.00410843045026128717706","0.15322515444363740689","0.05655486867261006606","2545","tags=26%, list=18%, signal=22%","EXT1/HSPG2/TNFRSF11B/ANTXR1/VDR/CCN2/GPC4/IGF1R/CILK1/COL2A1/DDRGK1/TRPV4/SLC26A2/FUCA1/AR/TBCK/MAN2B1/CANT1/WNT7A/RERE/ATP7A/PLOD1/XYLT2/FGFR2/GLI3/GNS/LFNG/SETBP1/ERMARD/VANGL1/IDH1/CSGALNACT1/ARSK/EXOC6B/COL1A1/COL13A1/GNPTAB/DYNC2H1/INTU/SON/FRAS1/TGIF1/DONSON/MAF/FLNB/C2CD3/TENT5A/APC/DLL1/SOX9/KIAA0586/NKX3-2/GLB1/RIT1/NODAL/DACT1/SRCAP/SUFU/SELENON/TAPT1/CPLANE1/LMNA/AHDC1/EIF2AK3/FIG4/CDC42BPB/STIL/ALG12/MTMR14/NAGLU/UBE4B/LUZP1/PLCB3/CHRND/DYNC2LI1/PRKACB/CTNNB1/KAT6A/SOS1/SKI/TBCE/SF3B4/PRKACA/EFNB1/FOXF1/CUL7/FBN1","0.4070179189239539"
"HP_ABNORMAL_GALLBLADDER_MORPHOLOGY","HP_ABNORMAL_GALLBLADDER_MORPHOLOGY","75","-0.3539395221449901","-1.397127512064365","0.04589349825413479438962","0.35876388061338765345","0.13241849372734390555","2555","tags=32%, list=18%, signal=26%","ABCG8/GTF2IRD1/SC5D/VPS4A/HIRA/B3GLCT/ITPR1/LIMK1/GTF2I/DNAJC30/VPS37D/BLVRA/MPV17/ABCB4/BAZ1B/RFC2/EPB41/TPI1/TBL2/EIF4H/KDM5C/BUD23/TFE3/GPR35","0.3217759180753611"
"HP_ABNORMAL_STERNUM_MORPHOLOGY","HP_ABNORMAL_STERNUM_MORPHOLOGY","429","0.2974014254980802","1.396491015824905","0.00222845798426715441948","0.13988144800228249909","0.05162975328841067774","2987","tags=31%, list=22%, signal=25%","HSPG2/TNFRSF11B/CDH11/GJA5/KRT5/MEGF10/VDR/GPC4/IGF1R/TGFB2/MED12/COL2A1/SLC16A2/TRPV4/GBA1/SNAP25/TBCK/FRYL/MAN2B1/WNT7A/ATP7A/PLEKHM1/LTBP1/PLOD1/XYLT2/FGFR2/NOTCH2/NF1/PIGS/ZDHHC9/SPTAN1/SETBP1/REST/BMP4/CSGALNACT1/SV2A/ASAH1/DYRK1A/ATG7/COL13A1/GNPTAB/PRR12/WNT5A/MYO9A/FN1/DYNC2H1/MAPRE2/VPS13B/BCORL1/TBX3/TNNT1/PGAP3/CCBE1/SPRED1/GNPTG/CREBBP/FRAS1/NFIX/TMEM94/ASH1L/MAF/FLNB/SIL1/NHLRC2/POLR2A/SOX9/EP300/MAN1B1/NOTCH3/SIK3/NKX3-2/IGBP1/GLB1/CHST11/ASPH/TGFBR2/SLC9A6/LRP2/RIT1/DSE/DACT1/ZMIZ1/PUM1/IL6ST/ARID1B/NEU1/SELENON/FKBP10/LMBRD2/LMNA/AHDC1/FIG4/CDC42BPB/NSD1/PI4KA/CHST14/SMAD3/ZBTB20/TGFB3/HSD17B4/AGA/DYNC2LI1/PIGO/LTBP2/KAT6A/SOS1/SKI/EFNB1/PIGV/CUL7/FBN1/MECP2/TRIO/IRX5/CHRNG/SNX14/MEGF8/NEK1/HACD1/TUBB/USF3/KANSL1/SYNE2/SPRTN/PTCH1/ADAMTSL2/CCDC47/ARID2/ORC1/FGFR1/HDAC8","0.4317076958033464"
"HP_ACUTE_MYELOID_LEUKEMIA","HP_ACUTE_MYELOID_LEUKEMIA","71","-0.3538068710415077","-1.395695267707219","0.04236363498682745032387","0.34367112353547468739","0.12684780986966862071","2969","tags=32%, list=21%, signal=26%","RPL5/RPS15A/ERBB3/RPS26/RPL18/RPL35A/MBD4/BRCA2/RPL26/RPL35/CEBPA/DNMT3A/RPS19/KRAS/CDKN2A/RPS17/RPS7/RPL8/CLPB/DKC1/SBDS/TSR2/MEFV","0.3217759180753611"
"HP_MALIGNANT_NEOPLASM_OF_THE_CENTRAL_NERVOUS_SYSTEM","HP_MALIGNANT_NEOPLASM_OF_THE_CENTRAL_NERVOUS_SYSTEM","87","0.3593948392548981","1.393297804188363","0.03322353565747769577055","0.30242494649251938643","0.11162399016211781155","3043","tags=37%, list=22%, signal=29%","HSPG2/MYCN/RUNX1/GPC4/NF2/RERE/NF1/SETBP1/IDH1/MAPRE2/SPRED1/APC/SEMA4A/TGFBR2/KIF1B/SUFU/CDKN2B/PMS1/MLH1/NSD1/UBE4B/LUZP1/EDN3/CTNNB1/SKI/HACE1/MSH3/NBN/TUBB/PTCH1/FGFR1/CASZ1","0.3217759180753611"
"HP_NEOPLASM_OF_THE_ORAL_CAVITY","HP_NEOPLASM_OF_THE_ORAL_CAVITY","64","0.3821549259623071","1.392858591594086","0.04778761061946902588549","0.35926139584845984132","0.13260212486078470917","2015","tags=33%, list=15%, signal=28%","HSPG2/PLCB4/NF2/FGF3/FAS/CASP10/DYNC2H1/INTU/PDGFB/C2CD3/APC/KIAA0586/WDPCP/TGFBR2/EDN1/SUFU/PRKAR1A/CPLANE1/PMS1/LMNA/MLH1","0.2765005992544716"
"HP_SPINA_BIFIDA_OCCULTA","HP_SPINA_BIFIDA_OCCULTA","74","-0.3507067217949681","-1.392618367007423","0.04710296668028474131873","0.35904891128771720954","0.13252369755247891958","1697","tags=27%, list=12%, signal=24%","LIMK1/GTF2I/HES7/RPS19/DNAJC30/VPS37D/ACTB/WBP11/BAZ1B/RFC2/VANGL2/NEK9/POLA1/CDK13/LIG4/TBL2/SALL4/EIF4H/BUD23/EBF3","0.3217759180753611"
"HP_LOSS_OF_CONSCIOUSNESS","HP_LOSS_OF_CONSCIOUSNESS","106","0.3502177253501807","1.392549895698894","0.02546618776397089473074","0.27693856243519815452","0.10221705493313942847","1783","tags=24%, list=13%, signal=21%","GJA5/SCN3B/SCN5A/SEMA3A/CALM2/NF2/TET2/DSC2/CTSH/UCP2/SCN1B/CACNA1D/JUP/LAMP2/JAK2/CITED2/PDGFB/TLR3/TNFSF4/NOTCH3/KIF20A/ANK2/KCND3/KCNJ5/SUFU","0.3524878575836192"
"HP_ABNORMAL_FEMUR_MORPHOLOGY","HP_ABNORMAL_FEMUR_MORPHOLOGY","266","0.3085289899743626","1.389993740132967","0.00922184406200526711472","0.19915422970735568997","0.07350712973722192678","2115","tags=24%, list=15%, signal=21%","EXT1/HSPG2/TNFRSF11B/IFIH1/VDR/CCN2/COL2A1/DDRGK1/TRPV4/GBA1/KIFBP/SLC26A2/BRIP1/FUCA1/ACVR1/FANCD2/MAN2B1/CANT1/WNT7A/ATP7A/PLEKHM1/XYLT2/FGFR2/GLI3/SETBP1/BMP4/CSGALNACT1/SLX4/EXOC6B/COL1A1/SMARCAL1/GNPTAB/WNT5A/FN1/DYNC2H1/TG/GNPTG/CREBBP/NFIX/FLNB/SIL1/TENT5A/ENPP1/SOX9/EP300/KIAA0586/NKX3-2/GLB1/TMEM67/FANCM/TINF2/SRCAP/ARID1B/ERCC4/SLC35B2/PRKAR1A/TAPT1/CPLANE1/FKBP10/LMNA/FANCE/EIF2AK3/ANKH/PI4KA/ALG12","0.3807304007227924"
"HP_BRADYCARDIA","HP_BRADYCARDIA","71","0.3705941968718658","1.387958809845080","0.04420181386504146159311","0.35240958342616268695","0.13007314485668944326","2009","tags=23%, list=15%, signal=19%","LAMC2/DST/SCN5A/CALM2/DES/GLUL/ABCA3/GBE1/CACNA1D/TG/TSPYL1/ANK2/MMACHC/KCNJ5/LAMA3/LMNA","0.3217759180753611"
"HP_ABNORMALITY_OF_DENTAL_ERUPTION","HP_ABNORMALITY_OF_DENTAL_ERUPTION","217","0.3118251262353703","1.387574479969868","0.01546047365132500323037","0.23822818416154717402","0.08792918968358151566","3045","tags=33%, list=22%, signal=26%","KRT6A/CDH11/ANTXR1/IFIH1/VDR/CILK1/CDH1/DLG1/STAT3/FGFR2/GLI3/SETBP1/TGFA/BMP4/FGF3/DPYD/MSX1/WNT5A/JUP/INTU/UBR1/CCBE1/CREBBP/NFIX/EDA/ARID1A/FLNB/WNT10A/C2CD3/APC/ENPP1/EP300/GTF2H5/KCNJ5/IL6ST/SRCAP/CTSK/ARID1B/ERCC4/LAMA3/SMARCA4/FOSL2/PRKAR1A/KMT2D/ARHGEF38/LMNA/BCL11B/ANKH/NSD1/MIA3/PDE4D/DSP/DYNC2LI1/PRKACB/RHOA/CTNNB1/PRKACA/CUL7/FAM111A/TRIO/SNX14/ABCA5/SUOX/NEK1/WDR26/PTCH1/ARID2/IRF6/FGFR1/HDAC8/KRT16/P4HB","0.3807304007227924"
"HP_ABNORMAL_FEMORAL_HEAD_MORPHOLOGY","HP_ABNORMAL_FEMORAL_HEAD_MORPHOLOGY","72","0.3732821477270787","1.385718674872925","0.04213056821534182094791","0.34267704055156256171","0.12648089731664188817","1736","tags=28%, list=13%, signal=24%","EXT1/COL2A1/TRPV4/SLC26A2/CANT1/ATP7A/BMP4/COL1A1/SMARCAL1/WNT5A/FN1/TG/GNPTG/CREBBP/SIL1/EP300/KIAA0586/GLB1/TINF2/SRCAP","0.3217759180753611"
"HP_SKELETAL_DYSPLASIA","HP_SKELETAL_DYSPLASIA","159","0.3252555027830957","1.384109407993019","0.02135388772477137334094","0.26022709229507567930","0.09604890974488627942","2188","tags=25%, list=16%, signal=21%","HSPG2/IL17RD/COL2A1/DDRGK1/TRPV4/SEMA3A/SLC26A2/PEX2/CANT1/NOTCH2/GLI3/NF1/GNS/BMP4/IDH1/ACTG1/EXOC6B/FLRT3/DPYD/SMARCAL1/FN1/DYNC2H1/PAPSS2/CDH3/SPRED1/FLNB/PEX12/ENPP1/NKX3-2/GLB1/TMEM67/NPR2/NEU1/EIF2AK3/ANKH/TREM2/PEX13/ALG6/ALDH3A2/TMEM165","0.3524878575836192"
"HP_RESPIRATORY_DISTRESS","HP_RESPIRATORY_DISTRESS","199","0.3185419503291733","1.382435446365676","0.01531181144220392781330","0.23822818416154717402","0.08792918968358151566","1733","tags=20%, list=13%, signal=17%","KRT6A/LAMC2/MYCN/MEGF10/IFIH1/SLC1A3/SLC2A1/LAMB2/BTD/COL2A1/SLC52A3/PLCB4/GBA1/SNAP25/MPC1/FGFR2/ITGA3/SETBP1/GAA/IDH1/ABCA3/ASAH1/COL13A1/MYO9A/STT3B/RHOBTB2/PRRX1/CREBBP/EDA/ENPP1/SOX9/EP300/HMGCR/MMACHC/EOMES/EDN1/ALMS1/TK2/IL6ST","0.3807304007227924"
"HP_ABNORMAL_PERIVENTRICULAR_WHITE_MATTER_MORPHOLOGY","HP_ABNORMAL_PERIVENTRICULAR_WHITE_MATTER_MORPHOLOGY","129","-0.3200352660066969","-1.379147385423690","0.02258477742414459824016","0.26366304232346959857","0.09731710688475567195","3020","tags=28%, list=22%, signal=22%","ISCA2/CPLX1/DNM1L/KICS2/AARS1/LIPT2/VPS11/TARS1/NRROS/COL4A1/ALDH18A1/DPM3/LMX1B/ACP5/KDM5A/ESAM/ACTA2/TRMT1/POMT2/MPV17/LONP1/LARGE1/CLPB/ZFX/OPA1/AP5Z1/MPLKIP/CNBP/CARS1/DPM2/UBA1/CDK13/RAC1/ODC1/GNB2/PDHA1","0.3524878575836192"
"HP_INCREASED_SUSCEPTIBILITY_TO_FRACTURES","HP_INCREASED_SUSCEPTIBILITY_TO_FRACTURES","190","0.3167471498973293","1.377341268738439","0.01991786952139986549559","0.25463337173385397483","0.09398428704713240878","2671","tags=28%, list=19%, signal=23%","TNFRSF11B/IL17RD/MYCN/RUNX1/VDR/CCND1/ATL3/COL2A1/SEMA3A/GBA1/ACVR1/STAT3/ZNF469/TET2/ATP7A/PLEKHM1/LTBP1/PANK2/NOTCH2/IDH1/FLRT3/COL1A1/GNPTAB/FN1/ANTXR2/SPARC/MINPP1/NFIX/TENT5A/SOX9/MMP14/SQSTM1/TINF2/IL6ST/CTSK/SATB2/EHHADH/CDKN2B/TAPT1/FKBP10/B2M/TREM2/AGA/CHRND/CTNNB1/USB1/HACE1/SMPD1/NHERF1/KDM1A/SCARB2/IRX5/CHRNG","0.3524878575836192"
"HP_DISTAL_LOWER_LIMB_MUSCLE_WEAKNESS","HP_DISTAL_LOWER_LIMB_MUSCLE_WEAKNESS","91","0.3498027954245831","1.376199263682997","0.04376561498106312092515","0.35145306712394180915","0.12972009803450326726","898","tags=15%, list=6%, signal=14%","CCND1/NDRG1/DYSF/PMP22/TRPV4/SLC12A6/SNAP25/DES/SPTAN1/ADSS1/COL13A1/GJB1/MYO9A/DHTKD1","0.3217759180753611"
"HP_THORACIC_HYPOPLASIA","HP_THORACIC_HYPOPLASIA","130","0.3338306143111721","1.375223620686018","0.03424208840580426210787","0.30641430800491831210","0.11309644954543845996","2545","tags=30%, list=18%, signal=25%","HSPG2/CCN2/MED12/CILK1/COL2A1/DDRGK1/TRPV4/GBA1/SLC26A2/CANT1/ATP7A/FGFR2/ITGA3/COL1A1/GNPTAB/DYNC2H1/INTU/CCBE1/DONSON/FLNB/DLG3/SOX9/KIAA0586/SLC9A6/IL6ST/CTSK/TAPT1/LMNA/ZBTB20/HSD17B4/PLCB3/DYNC2LI1/PRKACB/PIGN/KAT6A/SKI/PRKACA/CUL7/FBN1","0.3217759180753611"
"HP_HYPOKALEMIA","HP_HYPOKALEMIA","57","0.3825007392147819","1.375100161432192","0.04718693284936479465097","0.35904891128771720954","0.13252369755247891958","2452","tags=32%, list=18%, signal=26%","KCNJ10/SCN5A/NR3C1/CALM2/ATP1A1/ZNRF3/CACNA1D/NHEJ1/DEF6/SLC2A2/ANK2/KCNJ5/EHHADH/PRKAR1A/CACNA1S/CTNNB1/SCNN1A/NUP214","0.2820133500117251"
"HP_ABNORMAL_CARPAL_MORPHOLOGY","HP_ABNORMAL_CARPAL_MORPHOLOGY","76","0.3643402822531912","1.374970697328580","0.03800931050190665266841","0.32601034470432632695","0.12032927816331613624","2531","tags=32%, list=18%, signal=26%","EXT1/GPC4/COL2A1/TRPV4/CANT1/WNT7A/ATP7A/FGFR2/NOTCH2/IDH1/EXOC6B/GNPTAB/FLNB/APC/ENPP1/MMP14/MAFB/SLC35B2/EIF2AK3/PDE4D/DYNC2LI1/PRKACB/PRKACA/PIGV","0.3217759180753611"
"HP_GLOMERULONEPHRITIS","HP_GLOMERULONEPHRITIS","85","0.3586599274651558","1.374874656071247","0.03551575581899666517183","0.31129503956808274312","0.11489791049735127715","2421","tags=33%, list=17%, signal=27%","LAMB2/COL4A3/FCGR2A/ZNFX1/PLCE1/DAAM2/TAPBP/APOL1/PTPN22/INF2/FAS/ERAP1/SMARCAL1/CASP10/TNIP1/TNFSF4/BANK1/ARHGDIA/ALMS1/IL10/KIRREL1/KANK2/ANLN/CD2AP/TNFAIP3/MYO1E/IFNGR1/ARPC5","0.3217759180753611"
"HP_SHORT_PALM","HP_SHORT_PALM","100","0.3486458724816582","1.373030563886258","0.04173622704507512493066","0.34157321603752938133","0.12607347954861664041","3567","tags=38%, list=26%, signal=28%","CUL4B/GPC4/IGF1R/COL2A1/TRPV4/ATP7A/FGFR2/WNT5A/DYNC1H1/DYNC2H1/MAPRE2/ANTXR2/CCBE1/SIL1/FGF9/CAMK2G/PRKAR1A/LMNA/HERC2/TBCE/RBPJ/FBN1/TRIO/TMEM53/MBD5/MEGF8/NEK1/ADAMTSL2/ORC1/FGFR1/TONSL/SMARCA2/NOG/SCUBE3/COG4/ROR2/TCF4/SIN3A","0.2878571172551493"
"HP_COMPULSIVE_BEHAVIORS","HP_COMPULSIVE_BEHAVIORS","131","0.3318663211437574","1.372489515067028","0.03763792417912350390941","0.32578496053487432382","0.12024608965454595955","2243","tags=24%, list=16%, signal=21%","TIAM1/AFF2/AUTS2/MED12/VPS16/JARID2/FGF13/FRYL/GRN/PANK2/NR2F1/MAP1B/SCN1B/NLGN1/POGZ/SPTBN1/CREBBP/PDGFB/PPM1D/ASH1L/SLC2A3/EP300/FOXP1/SQSTM1/SLC6A4/SRCAP/ARID1B/RFX7/CLCN4/TREM2/ZBTB20/OCA2","0.3217759180753611"
"HP_INCREASED_HEAD_CIRCUMFERENCE","HP_INCREASED_HEAD_CIRCUMFERENCE","424","0.2904797363742830","1.371811396389184","0.00493944673864135479213","0.16277631888859239728","0.06008017006856088138","2975","tags=31%, list=21%, signal=25%","TUBA1A/TNFRSF11B/AFF2/CUL4B/SLC2A1/GPC4/GPRC5B/MED12/COL2A1/DAG1/SLC16A2/PLCB4/OPHN1/SLC26A2/PEX2/TRIM37/TUBB2B/JARID2/TBCK/TNRC6B/MAN2B1/ZNF469/POMK/RERE/FGFR2/BRWD3/NOTCH2/GLI3/NF1/GNS/GAN/SUMF1/LFNG/ZDHHC9/ERMARD/IDH1/CSGALNACT1/HELLS/DPYD/TBL1X/SUZ12/WNT5A/PHF6/DYNC2H1/MITF/ANTXR2/SPTBN1/PGAP3/FOCAD/SPRED1/SON/NFIX/TGIF1/TMEM94/ASH1L/SPIN4/PEX12/APC/DLL1/CC2D2A/SOX9/MAN1B1/FOXP1/NKX3-2/IGBP1/NFIB/LRP2/RIT1/MSX2/EDN1/HMGA2/TMEM67/BLTP1/NODAL/CAMK2G/IL6ST/SRCAP/ARL6/SATB2/NEU1/SUFU/RFX7/HECTD4/PPP1R12A/HEXB/CLCN4/CHRNA7/GNAQ/LMNA/AHDC1/FIG4/CDC42BPB/STIL/ANKH/NSD1/MTMR14/PEX13/ZBTB20/ANKRD17/HSD17B4/POC1A/CTNNB1/PIGO/PIGN/SOS1/SMPD1/KDM1A/PIGV/CUL7/MOCS2/FBN1/MECP2/FIBP/FAM111A/TRIO/SNX14/TMEM53/MEGF8/CRIPTO/CHD8/ETFB/TAOK1/PLEC/USF3/PTCH1/TET3/HERC1/UBE2A/PLAG1/ACADVL/FGFR1/SPINT2","0.4070179189239539"
"HP_SEVERE_MUSCULAR_HYPOTONIA","HP_SEVERE_MUSCULAR_HYPOTONIA","63","-0.3627322940602571","-1.371685724856661","0.03818550755998541268443","0.32695973114150839178","0.12067969337724980539","1173","tags=17%, list=8%, signal=16%","B3GALNT2/POMT2/LARGE1/GPT2/MPLKIP/FKBP14/DPM2/UBA1/MPZ/CARS2/PEX5","0.3217759180753611"
"HP_HYPERTENSION","HP_HYPERTENSION","347","0.2942286270454150","1.369424380228031","0.00683174817025706572482","0.18164605063214600555","0.06704492206714089686","1902","tags=22%, list=14%, signal=19%","TNFRSF11B/MYCN/CD46/COL4A4/DST/IFIH1/MYORG/CCN2/CCND1/KCNJ10/LAMB2/LDLR/PRNP/TGFB2/MED12/CAV1/SLC16A2/NR3C1/GBA1/TGFBR3/COL4A3/BMPR2/EPAS1/XYLT2/FGFR2/NOTCH2/NF1/CTSH/VANGL1/PTPN22/INF2/ZNRF3/REST/SMARCAL1/CACNA1D/DEF6/FN1/JAK2/SMAD6/PDGFB/NFIX/MUC1/EDA/TNIP1/TNFSF4/CC2D2A/ENPP1/MMP14/NOTCH3/BANK1/CPOX/WDPCP/LRIG2/COMT/TGFBR2/HTRA1/MAFB/COL4A5/PLAAT3/BBS9/ALMS1/TMEM67/IL10/BICC1/KIF1B/KCNJ5/ARL6/PCSK9/ERCC4/NR3C2/BBS10/PRKAR1A/CFAP418/CDKN2B/TMEM127","0.4070179189239539"
"HP_NEPHROTIC_SYNDROME","HP_NEPHROTIC_SYNDROME","119","0.3378947754006551","1.369306482027857","0.03399587247856233201970","0.30608511326860066148","0.11297494491946655226","3513","tags=37%, list=25%, signal=28%","SAA1/COL4A4/IFIH1/CCND1/SGPL1/LAMB2/COL4A3/ZNFX1/PLCE1/DAAM2/GSN/ITGA3/SMARCAL1/CASP10/FN1/SOX9/WDPCP/STIM1/ARHGDIA/COL4A5/BBS9/ARL6/BBS10/CFAP418/KIRREL1/KANK2/ANLN/CHST14/MYO1E/BBS4/SNAP29/COQ2/SCARB2/BBS12/C3/SDCCAG8/RAG1/NUP85/BBS7/JAK1/SLC17A5/OSGEP/TRIM32/NOP10","0.3217759180753611"
"HP_HIRSUTISM","HP_HIRSUTISM","197","0.3134071955732723","1.369159145368081","0.01463983355844267544854","0.23820431001346303868","0.08792037781901222704","3074","tags=33%, list=22%, signal=26%","HSPG2/CAV1/NR3C1/SLC25A24/TBCK/RERE/FGFR2/NOTCH2/GLI3/GNS/SETBP1/MAP1B/SLC25A12/MAPRE2/PAPSS2/CCBE1/TBC1D20/CREBBP/NFIX/ARID1A/MMP14/EP300/CPOX/WDPCP/GLB1/PLAAT3/BBS9/ALMS1/SHROOM4/PUM1/SRCAP/ARL6/ARID1B/BBS10/HIVEP2/SMARCA4/PRKAR1A/CFAP418/KMT2D/AFF4/LMNA/BCL11B/NAGLU/CNP/UBE4B/LUZP1/BBS4/SKI/PRKACA/KDM1A/TRIO/ABCA5/MBD5/TUBB/WDR26/BBS12/HGSNAT/UBE2A/ARID2/IRF6/CKAP2L/HDAC8/CASZ1/SDCCAG8/PPP1R21","0.3807304007227924"
"HP_THORACIC_KYPHOSIS","HP_THORACIC_KYPHOSIS","57","0.3806618684360579","1.368489372888705","0.04900181488203266683135","0.36162428326620921215","0.13347425834359438745","2165","tags=32%, list=16%, signal=27%","CDH11/COL2A1/TRPV4/GBA1/SLC26A2/MAN2B1/DMD/XYLT2/SMARCAL1/GNPTAB/NFIX/FLNB/GLB1/GTF2H5/NPR2/HECTD4/LMNA/ALDH3A2","0.2765005992544716"
"HP_ABNORMALITY_OF_THE_TONGUE","HP_ABNORMALITY_OF_THE_TONGUE","407","0.2904624751455832","1.367079748591499","0.00823568431168741552084","0.18989916066409529005","0.07009111611858291624","2253","tags=24%, list=16%, signal=21%","KRT6A/SAA1/KCNMA1/ECEL1/CUL4B/KRT5/MEGF10/GPC4/PMP22/COL2A1/SLC52A3/PLCB4/KRT14/FUCA1/PEX2/SLC25A24/TRIM37/NF2/TBCK/MAN2B1/TRANK1/POMK/RERE/REV3L/PANK2/GSN/GLI3/PIGS/GNS/SETBP1/GAA/PTPN22/BMP4/ASAH1/HELLS/FAS/GNPTAB/PRR12/WNT5A/CASP10/DYNC2H1/VPS13B/PERP/ECM1/TG/ALS2/INTU/POGZ/SPTBN1/PRRX1/LMNB1/PDGFB/FRAS1/NFIX/ARID1A/WNT10A/C2CD3/PEX12/RIPK4/CC2D2A/SOX9/P4HA2/KIAA0586/TSPYL1/WDPCP/GLB1/PRUNE1/SQSTM1/MMACHC/SH3TC2/EDN1/TMEM67/HDAC9/CSNK2A1/FTO/IL6ST/NEU1/SUFU/SLC35B2/SMARCA4/PRKAR1A/HEXB/KMT2D/CPLANE1/SOD1/AFF4/LMNA/FIG4/CDC42BPB/B2M/PI4KA/TREM2/PEX13/ALG6/OPTN/DCTN1/AGA/OCA2/TOPORS","0.3807304007227924"
"HP_APLASIA_HYPOPLASIA_OF_THE_PHALANGES_OF_THE_HAND","HP_APLASIA_HYPOPLASIA_OF_THE_PHALANGES_OF_THE_HAND","202","0.3109052544142289","1.365778033559334","0.01708275267152832913031","0.24356214449290344848","0.08989793578888063963","2714","tags=30%, list=20%, signal=25%","ROBO1/CDH11/GJA5/MYCN/GPC4/COL2A1/TRPV4/SLC26A2/ACVR1/SLC25A24/FANCD2/CANT1/WNT7A/FGFR2/NOTCH2/GLI3/PIGS/SETBP1/BMP4/IDH1/WNT5A/PHF6/FN1/TBX3/INTU/PGAP3/FRAS1/NFIX/EDA/ARID1A/FLNB/RIPK4/SOX9/CHST11/TGFBR2/PUM1/NPR2/SRCAP/ARID1B/PRKAR1A/KMT2D/LMNA/EIF2AK3/FIG4/MIA3/ALG6/ZBTB20/PDE4D/POC1A/DYNC2LI1/PRKACB/PIGO/PIGN/SF3B4/PRKACA/RBPJ/PIGV/FBN1/TRIO/MBD5/MEGF8","0.3524878575836192"
"HP_ABNORMAL_CIRCULATING_MONOCARBOXYLIC_ACID_CONCENTRATION","HP_ABNORMAL_CIRCULATING_MONOCARBOXYLIC_ACID_CONCENTRATION","122","-0.3183076499135225","-1.365695201878091","0.02778115192910543540528","0.28856048835521291851","0.10650666714802554946","3352","tags=33%, list=24%, signal=25%","NUBPL/NDUFS3/TANGO2/NDUFB9/BCS1L/DZIP1L/NDUFS6/FOXRED1/NDUFV1/DNM1L/HADH/ABCD4/KARS1/LIPT2/MLYCD/SDHB/COL7A1/COX10/SLC22A5/NDUFA11/TRMU/NDUFAF4/MT-ND3/NADK2/ACAD9/DLD/MPV17/ABCB4/HADHA/LONP1/PSKH1/SCO1/SLC25A13/TWNK/VPS50/NDUFB11/ACAD8/NDUFAF2/SBDS/PDHA1","0.3524878575836192"
"HP_CONSTRICTION_OF_PERIPHERAL_VISUAL_FIELD","HP_CONSTRICTION_OF_PERIPHERAL_VISUAL_FIELD","120","-0.3163732738980503","-1.365031713563979","0.02575405051868454031627","0.27897711253865498104","0.10296947664746011752","1786","tags=18%, list=13%, signal=16%","OFD1/RP2/IDH3A/ZNF513/TMEM216/BEST1/IFT88/PRPF6/RP9/PDZD7/DLAT/YARS1/OPA1/AGBL5/IMPDH1/RDH12/RPGR/CACNA2D4/HKDC1/ADGRV1/PEX5/CDH23","0.3524878575836192"
"HP_INHERITANCE_QUALIFIER","HP_INHERITANCE_QUALIFIER","278","0.3035596010783501","1.364132035372954","0.01015528838447720370863","0.20326564961580065316","0.07502464044768160367","1384","tags=17%, list=10%, signal=16%","EXT1/GJA5/RUNX1/ATXN1/IFIH1/SLC2A1/GPC4/CCND1/PTPRJ/CILK1/CDH1/CAV1/SRGAP1/KANK1/CTHRC1/TRPV4/LZTS1/BRIP1/C1GALT1C1/MN1/BMPR2/NF2/TENM4/TET2/FGFR2/NF1/IGF2R/IDH1/SCN1B/AXIN2/GJB1/CASP10/MAP3K3/POF1B/JAK2/DSTYK/SMAD6/PDGFB/MINPP1/PPM1D/ASPSCR1/KLF6/TLR3/APC/POLR2A/EP300/CPOX","0.3807304007227924"
"HP_DECREASED_ACTIVITY_OF_MITOCHONDRIAL_COMPLEX_IV","HP_DECREASED_ACTIVITY_OF_MITOCHONDRIAL_COMPLEX_IV","69","-0.3544779032661414","-1.361393851162308","0.04794744254123125409839","0.35926139584845984132","0.13260212486078470917","2378","tags=28%, list=17%, signal=23%","DGUOK/GATC/LRPPRC/MRPL12/MTFMT/MRPS14/C1QBP/PUS1/NARS2/MRPS25/TRIT1/TSFM/COXFA4/COX5A/AGK/MPV17/GFM1/OPA1/CARS2","0.3217759180753611"
"HP_PROPORTIONATE_SHORT_STATURE","HP_PROPORTIONATE_SHORT_STATURE","135","0.3255339445859678","1.360556507538974","0.04109900522225549274191","0.33835136595566484008","0.12488430595029786918","3237","tags=33%, list=23%, signal=25%","HSPG2/STRA6/ANTXR1/ZMYM3/IGF1R/COL2A1/DDRGK1/TRPV4/SLC26A2/CANT1/CSGALNACT1/COL1A1/WNT5A/ANTXR2/SON/FLNB/SIL1/ZBTB18/GLB1/CHST11/AGO1/CAMK2G/NPR2/ERCC4/KMT2D/MIA3/PDE4D/CTNNB1/SCNN1A/TBCE/CUL7/FBN1/FAM111A/KIF11/NSMCE2/ADAMTSL2/PNPLA6/CKAP2L/ORC1/FGFR1/TKT/DHCR24/SMARCA2/NIN","0.3217759180753611"
"HP_ABNORMAL_UTERUS_MORPHOLOGY","HP_ABNORMAL_UTERUS_MORPHOLOGY","144","0.3234025269162858","1.358634927650956","0.03393396002973824571169","0.30608511326860066148","0.11297494491946655226","2511","tags=29%, list=18%, signal=24%","STRA6/CCND1/PTPRJ/TGFB2/CDH1/BRIP1/NF2/FANCD2/FGFR2/SETBP1/REST/SLX4/AXIN2/COL1A1/DYNC2H1/TBX3/INTU/FRAS1/RIPK4/APC/EP300/COL5A2/SEMA4A/TGFBR2/LRP2/COL4A5/FANCM/DACT1/ERCC4/PPP1R12A/PMS1/FANCE/MLH1/CDC73/SMAD3/BUB1/TGFB3/CTNNB1/PIGN/SF3B4/MSH3/FOXF1","0.3217759180753611"
"HP_ABNORMAL_URINE_CYTOLOGY","HP_ABNORMAL_URINE_CYTOLOGY","146","0.3219450024778975","1.356939271908055","0.03217669125035982347072","0.30101998868392176867","0.11110542514814016057","2637","tags=29%, list=19%, signal=24%","CD46/CD109/COL4A4/LAMB2/ITGB4/ITGA6/GBA1/COL4A3/STAT3/EPAS1/NOTCH2/NF1/PTPN22/INF2/REST/SMARCAL1/FN1/SPTBN1/ACSL4/PML/TNIP1/TNFSF4/P4HA2/BANK1/STIM1/MMACHC/COL4A5/IL10/BICC1/KIF1B/NABP1/PRKAR1A/HOGA1/TMEM127/KANK2/CD2AP/TNFAIP3/MYO1E/CUBN/GANAB/MECP2/HMOX1/SCARB2","0.3217759180753611"
"HP_ABNORMALITY_OF_THE_VOICE","HP_ABNORMALITY_OF_THE_VOICE","413","0.2891625426312133","1.356844623906294","0.00453478572945012481377","0.15844346837215930734","0.05848093009504162776","2272","tags=23%, list=16%, signal=20%","KRT6A/HSPG2/LAMC2/IL17RD/MYCN/AFF2/KRT5/DST/MEGF10/IFIH1/GPC4/LAMB2/PMP22/MED12/DDRGK1/CDH1/SLC52A3/TRPV4/SEMA3A/PLCB4/GBA1/KRT14/SLC26A2/SNAP25/AR/DLG1/TRIM37/NF2/EPAS1/REV3L/PANK2/NOTCH2/NF1/ZDHHC9/SETBP1/BMP4/SYNJ1/ASAH1/FLRT3/ATG7/SUZ12/COL13A1/MSX1/GNPTAB/MYO9A/VPS13B/ECM1/ALS2/SPTBN1/LMNB1/AOPEP/EDA/ABAT/TRIM2/SIL1/SLC2A3/ZBTB18/NOTCH3/TSPYL1/FOXP1/COMT/SQSTM1/TGFBR2/HTRA1/GTF2H5/PNPO/SH3TC2/ABCB7/KIF1B/TK2/FTO/SRCAP/ARID1B/NEU1/LAMA3/SELENON/KMT2D/TMEM127/ARHGEF38/SOD1/LMNA/FIG4/CDC73/NSD1/PI4KA/TREM2/OPTN/COL6A3/DCTN1/DYNC1I2/AGA/CHRND/OCA2/HERC2","0.4070179189239539"
"HP_ABNORMAL_FOREARM_MORPHOLOGY","HP_ABNORMAL_FOREARM_MORPHOLOGY","202","0.3083083571788112","1.354370104136504","0.01877687313349488476555","0.24933054333768620014","0.09202703163024215927","2671","tags=29%, list=19%, signal=24%","EXT1/IFIH1/CCN2/SAMD9/CILK1/COL2A1/TRPV4/SLC26A2/BRIP1/FANCD2/CANT1/WNT7A/REV3L/FGFR2/NOTCH2/GLI3/SETBP1/CSGALNACT1/SLX4/EXOC6B/COL1A1/WNT5A/DYNC2H1/TBX3/CREBBP/SMAD6/DONSON/MAF/FLNB/RIPK4/APC/SOX9/EP300/COL5A2/FGF9/RIT1/MAFB/TMEM67/FANCM/NPR2/SRCAP/ARID1B/ERCC4/PRKAR1A/TAPT1/FKBP10/AFF4/FANCE/B2M/ALG12/PDE4D/AGA/SOS1/SKI/SF3B4/CUL7/RFWD3/TRIO/CHRNG","0.3524878575836192"
"HP_HYPERTRICHOSIS","HP_HYPERTRICHOSIS","269","0.2973537884076807","1.353191887326551","0.01563242893818488077340","0.23822818416154717402","0.08792918968358151566","2987","tags=30%, list=22%, signal=24%","CDH11/KCNMA1/GJA5/CUL4B/BCAS3/GPC4/IGF1R/PGM2L1/PLCB4/KIFBP/SLC25A24/JARID2/TBCK/MED13/MAN2B1/NOTCH2/GNS/SETBP1/ZNRF3/MAP1B/NDUFA12/FGF3/SNAI2/UGP2/SUZ12/RUSC2/PRR12/MAPRE2/MITF/SPTBN1/CREBBP/CERT1/NFIX/TMEM94/KNL1/ASH1L/ARID1A/EP300/AFG2A/GLB1/HMGA2/CSNK2A1/IL6ST/SRCAP/ARID1B/NEU1/HIVEP2/HECTD4/SMARCA4/FOSL2/PRKAR1A/KMT2D/CHRNA7/AFF4/AHDC1/CDC42BPB/ZNF407/NAGLU/ZBTB20/EDN3/CTNNB1/PIGN/NUDT2/PHIP/KDM1A/FBN1/TRIO/SNX14/ABCA5/MBD5/SRD5A3/ERLIN2/BPTF/PTCH1/HGSNAT/CCDC47/UBE2A/ARID2/CKAP2L/FGFR1/HDAC8","0.3524878575836192"
"HP_EXERTIONAL_DYSPNEA","HP_EXERTIONAL_DYSPNEA","117","0.3329689896645282","1.349629412136845","0.04004916616390521988400","0.33416398854777973337","0.12333875959242027176","2558","tags=26%, list=18%, signal=21%","TPM1/LAMB2/TGFB2/JPH2/SCN5A/STAT3/DMD/DES/VCL/ABCA3/COL13A1/CAP2/JAK2/CITED2/MYL3/PML/SLC25A4/TGFBR2/NABP1/PRKAR1A/RBM20/LMNA/FAM13A/SMAD3/TGFB3/CHRND/DSP/TCAP/FBN1/CRYAB","0.3217759180753611"
"HP_FEBRILE_SEIZURE_WITHIN_THE_AGE_RANGE_OF_3_MONTHS_TO_6_YEARS","HP_FEBRILE_SEIZURE_WITHIN_THE_AGE_RANGE_OF_3_MONTHS_TO_6_YEARS","121","0.3298570456217291","1.348287061267323","0.04703832752613240630879","0.35904891128771720954","0.13252369755247891958","1821","tags=24%, list=13%, signal=21%","APP/AASS/SLC2A1/RFX5/CILK1/FGF13/SPTAN1/SETBP1/SCN1B/DPYD/DYRK1A/SLC44A1/SLC25A12/SLC13A3/PSMB9/RHOBTB2/POGZ/SPTBN1/LMNB1/PIGP/NFIX/KCNA2/MAF/GAMT/MBOAT7/AGO1/MVK/SATB2/RFX7","0.2765005992544716"
"HP_ABNORMAL_ENCHONDRAL_OSSIFICATION","HP_ABNORMAL_ENCHONDRAL_OSSIFICATION","120","0.3293539131188948","1.348054366570193","0.03495795088118693744184","0.30982668747488961714","0.11435594687462095898","2236","tags=26%, list=16%, signal=22%","HSPG2/VDR/GPC4/COL2A1/DDRGK1/TRPV4/SLC26A2/ACVR1/PEX2/CANT1/FGFR2/LFNG/EXOC6B/COL1A1/DYNC2H1/TG/NFIX/FLNB/PEX12/ENPP1/SOX9/KIAA0586/SIK3/NKX3-2/NEU1/SLC35B2/PRKAR1A/EIF2AK3/FIG4/PEX13/PDE4D","0.3217759180753611"
"HP_ABNORMALITY_OF_ACID_BASE_HOMEOSTASIS","HP_ABNORMALITY_OF_ACID_BASE_HOMEOSTASIS","399","-0.2717949557371164","-1.347603624637287","0.00717778342691948595400","0.18466177084903509509","0.06815801385313896565","3051","tags=27%, list=22%, signal=22%","COX8A/MT-CO2/NDUFV1/CAMKMT/MRPS22/DNM1L/HADH/LYRM4/ABCD4/KARS1/LIPT2/MLYCD/KCNJ11/WNK1/SDHB/PNPT1/SURF1/PYGL/ATP6V0A4/PLAGL1/GK/CYC1/DNAJC19/DGUOK/GATC/LRPPRC/LIG3/IBA57/MRPL12/IDH2/COX10/MRPS34/APPL1/MTFMT/MRPS14/STX3/NDUFA11/HADHB/SLC25A19/NDUFA8/TRMU/C1QBP/PUS1/NARS2/CLCNKB/FAH/FH/OGDH/NDUFAF4/PMPCA/SLC31A1/MRPL3/CYP27B1/MT-ND3/TSFM/MRPS2/PCK2/ATAD3A/NADK2/ACAD9/COXFA4/CLMP/TIMM50/PREPL/PHKA2/COX5A/DLD/SLC37A4/SFXN4/AGK/MPV17/HADHA/LONP1/MTRR/PSKH1/GFM1/PIGA/HSPD1/CLCN2/DLAT/SDHD/SCO1/CLPB/SLC25A13/YARS1/TWNK/OPA1/IFT56/HSD17B10/RNASEH1/NDUFB11/PCCA/NDUFA9/NDUFAF2/MDH2/MARS1/ACAT1/ASS1/MIPEP/SUCLA2/PMPCB/HNF4A/CARS2/RYR1/SLC25A15/PDHA1/NAXD","0.4070179189239539"
"HP_SHORT_THUMB","HP_SHORT_THUMB","110","0.3339053993019476","1.346550154110528","0.04038422341885097160974","0.33491966721759514058","0.12361767794682025634","1352","tags=16%, list=10%, signal=15%","ROBO1/ADAMTS17/MYCN/MED12/COL2A1/SLC26A2/BRIP1/ACVR1/FANCD2/CANT1/FGFR2/SETBP1/SLX4/CREBBP/RIPK4/APC/SOX9/EP300","0.3217759180753611"
"HP_UPPER_LIMB_JOINT_CONTRACTURE","HP_UPPER_LIMB_JOINT_CONTRACTURE","304","0.2940925236415833","1.345989695506886","0.01212885353244373687343","0.21602576628137767911","0.07973435488647075131","3044","tags=30%, list=22%, signal=24%","TUBA1A/HSPG2/ECEL1/CUL4B/MEGF10/AUTS2/CCN2/GPC4/NDRG1/PMP22/TGFB2/MED12/COL2A1/CAV1/TRPV4/KRT14/SLC26A2/JARID2/CANT1/WNT7A/RERE/DMD/PLOD1/GLI3/GNS/LFNG/ZDHHC9/SPTAN1/ADSS1/INF2/CSGALNACT1/DYRK1A/COL1A1/SUZ12/GNPTAB/WNT5A/ALS2/TBX3/ANTXR2/TNNT1/CCBE1/CDH3/GNPTG/TOR1AIP1/NEDD4L/SOX9/KLC4/SIK3/TGFBR2/ADGRG6/MAFB/IL6ST/ARID1B/GLDN/SELENON/FKBP10/POLR3GL/LMNA/ZNF407/NSD1/PI4KA/SMAD3/UBE4B/LUZP1/TGFB3/COL6A3/SVIL/DLG5/PDXK/SKI/SPG11/EFNB1/FBN1/MECP2/LAMA2/CHRNG/MEGF8/SRD5A3/HACD1/ERLIN2/SYNE2/SPRTN/ADAMTSL2/KIAA0319L/CNTN1/ORC1/CCN6/FGFR1/TFAP2A/CASZ1/KRT16","0.3807304007227924"
"HP_HEPATIC_FAILURE","HP_HEPATIC_FAILURE","147","-0.3054140648236695","-1.345405889047151","0.03330647242278601122267","0.30242494649251938643","0.11162399016211781155","2548","tags=27%, list=18%, signal=22%","PEX1/CYC1/SC5D/PEX6/DGUOK/RPGRIP1L/TNPO3/PORCN/ITCH/HADHB/UGT1A1/TRMU/FAH/FH/NPC1/MT-ND3/IARS1/PCK2/ACAD9/DLD/MPV17/HADHA/PSKH1/GFM1/BMP6/PIGA/TFAM/INPP5E/IRF5/DKC1/RINT1/MARS1/CLDN1/TNFSF15/RBM10/RYR1/SLC25A15/PEX5/MEFV/GPR35","0.3217759180753611"
"HP_ABNORMAL_PHALANGEAL_JOINT_MORPHOLOGY_OF_THE_HAND","HP_ABNORMAL_PHALANGEAL_JOINT_MORPHOLOGY_OF_THE_HAND","196","0.3076790130938620","1.343248318245913","0.02215808323151003539353","0.26366304232346959857","0.09731710688475567195","2208","tags=23%, list=16%, signal=20%","TUBA1A/HSPG2/WFS1/CUL4B/MEGF10/GPC4/TGFB2/MED12/COL2A1/TRPV4/KRT14/SLC26A2/CANT1/RERE/LFNG/ZDHHC9/PTPN22/CSGALNACT1/COL1A1/SUZ12/GNPTAB/WNT5A/TBX3/ANTXR2/CCBE1/TOR1AIP1/NEDD4L/SLC22A4/TGFBR2/FGF9/MAFB/IL10/ARID1B/GLDN/SMARCA4/POLR3GL/LMNA/ZNF407/CIITA/NSD1/SMAD3/UBE4B/LUZP1/TGFB3/COL6A3","0.3524878575836192"
"HP_DYSMETRIA","HP_DYSMETRIA","164","-0.3027519854502302","-1.339709202585691","0.02307813421253610691730","0.26551799548460280898","0.09800176360970820622","2290","tags=29%, list=17%, signal=24%","LRPPRC/LIG3/PDGFRB/SACS/PMM2/TMEM106B/GPAA1/FTH1/BRAT1/OFD1/ITPR1/UCHL1/LIMK1/SLC20A2/B4GALNT1/GTF2I/OGDH/PMPCA/DNAJC30/VPS37D/ATP1A3/SPTBN2/REPS1/SFXN4/GJC2/ATP6AP2/POU4F1/TOP3A/UROC1/KIF1A/BAZ1B/TWNK/OPA1/RFC2/AP5Z1/RNASEH1/CLN5/TBL2/NDUFAF2/EIF4H/AFG3L2/BUD23/IFRD1/SHMT2/PMPCB/SLC25A15/EBF3","0.3524878575836192"
"HP_LIMITATION_OF_JOINT_MOBILITY","HP_LIMITATION_OF_JOINT_MOBILITY","346","0.2881033121921914","1.338096960036149","0.01278776135276997981405","0.22214663101200601836","0.08199354465371506973","3043","tags=33%, list=22%, signal=26%","EXT1/HSPG2/TNFRSF11B/ADAMTS17/ECEL1/WFS1/DST/CCN2/DYSF/LAMB2/MED12/COL2A1/TRPV4/SLC26A2/ACVR1/FGF13/MAN2B1/WNT7A/RERE/DMD/ATP7A/PLOD1/FGFR2/GNS/SUMF1/LSS/SETBP1/VANGL1/PTPN22/IDH1/CSGALNACT1/SCN1B/ACTG1/GBE1/ASAH1/COL1A1/SUZ12/GNPTAB/WNT5A/FN1/PERP/EPG5/TBX3/ANTXR2/TNNT1/TBC1D20/GNPTG/SMAD6/ABCA12/NFIX/MAF/FLNB/SLC22A4/APC/ENPP1/P4HA2/NOTCH3/KLC4/GLB1/CHST11/FGF9/ADGRG6/MAFB/IL10/MVK/NPR2/GLDN/PPP1R12A/HFE/SELENON/FKBP10/LMNA/ANKH/CIITA/NSD1/TREM2/NAGLU/ALDH3A2/UBE4B/LUZP1/COL6A3/AGA/OCA2/GLRA1/SVIL/CTNNB1/LTBP2/USB1/SKI/SF3B4/FBN1/MECP2/LAMA2/SLCO2A1/PLA2G6/CHRNG/HACD1/IL2RB/ERLIN2/SYNE2/SPRTN/COLQ/ZNHIT3/HERC1/HGSNAT/ADAMTSL2/IRF6/CKAP2L/CCN6/FGFR1/HDAC8/TFAP2A/CASZ1","0.3807304007227924"
"HP_SHORT_PHILTRUM","HP_SHORT_PHILTRUM","225","0.3015262947906296","1.338083890622822","0.02493630781848156507952","0.27385585483656532668","0.10107923833879645104","3508","tags=38%, list=25%, signal=29%","CDH11/CUL4B/BCAS3/AUTS2/WLS/MED12/OPHN1/KIFBP/C1GALT1C1/JARID2/FRYL/ZDHHC9/SETBP1/WNT5A/VPS13B/POGZ/SPTBN1/ALDH6A1/PGAP3/CCBE1/SON/TBC1D20/CREBBP/NFIX/TGIF1/TMEM94/ASH1L/ARID1A/EPB41L1/APC/DLL1/ZBTB18/MAN1B1/STIM1/COMT/RNF2/NODAL/SRCAP/ARID1B/SATB2/SUFU/HIVEP2/HECTD4/SMARCA4/EMC1/AHDC1/BCL11B/FIG4/CDC42BPB/ALG12/ANKRD17/TSPAN7/PDE4D/PRKACB/PIGO/KAT6A/PRKACA/PHIP/PIGV/TMEM237/TRIO/CRIPTO/TAOK1/ERLIN2/WDR26/BPTF/PTCH1/ARID2/CKAP2L/FGFR1/TRIP12/IREB2/SMARCA2/NOG/TNPO2/RREB1/CDC42/EDEM3/TTC5/EXT2/HNRNPH2/FGFRL1/ROR2/TCF4/PCDHGC4","0.3524878575836192"
"HP_BOWING_OF_THE_LEGS","HP_BOWING_OF_THE_LEGS","214","0.3076671354598867","1.337981168604059","0.01832961962768127686663","0.24766150318426649601","0.09141099474629379995","1480","tags=19%, list=11%, signal=17%","EXT1/HSPG2/TNFRSF11B/IFIH1/VDR/CCN2/PMP22/CILK1/COL2A1/DDRGK1/TRPV4/SLC26A2/MAN2B1/CANT1/WNT7A/ATP7A/LTBP1/FGFR2/NOTCH2/NF1/GAN/SETBP1/BMP4/IDH1/CSGALNACT1/ARSK/UGP2/COL1A1/FN1/DYNC2H1/VPS13B/PAPSS2/SPTBN1/GNPTG/FLNB/WDR62/TENT5A/ENPP1/SOX9/NKX3-2/GLB1","0.3524878575836192"
"HP_ABNORMALITY_OF_SKIN_ADNEXA_PHYSIOLOGY","HP_ABNORMALITY_OF_SKIN_ADNEXA_PHYSIOLOGY","192","0.3100545054469145","1.337400558579251","0.02654983575390715971887","0.28482130749896156230","0.10512654857000042208","1930","tags=24%, list=14%, signal=21%","KRT6A/CUL4B/KRT5/DST/SLC1A3/SLC2A1/CCND1/ATL3/PRNP/SLC16A2/KRT14/FUCA1/CTSB/EPAS1/TRANK1/FGFR2/NF1/CTSH/UCP2/PTPN22/CST6/ZNRF3/MALT1/JUP/PERP/RHOBTB2/JAK2/CDH3/LMNB1/FLG/ABCA12/EDA/WNT10A/RIPK4/TNFSF4/P4HA2/STIM1/FOXP1/KIF1B/TINF2/BIRC3/ERCC4/PRKAR1A/HEXB/TMEM127/TRAF6","0.3524878575836192"
"HP_HEPATIC_FIBROSIS","HP_HEPATIC_FIBROSIS","140","-0.3092289331857667","-1.336352718461628","0.02395463675757241589492","0.27018481617472384082","0.09972427080643292419","2616","tags=28%, list=19%, signal=23%","PYGL/TCTN1/PEX1/SC5D/MET/LZTFL1/DGUOK/RPGRIP1L/TNPO3/ANKS6/PMM2/OFD1/TMEM231/DYNC2I1/IARS1/TMEM216/PRIM1/TRAF3IP1/PHKA2/MPV17/ABCB4/PSKH1/LYN/ALG9/DPM1/SLC25A13/IFT56/INPP5E/IQCB1/AP1S1/B9D1/IRF5/RINT1/MARS1/WDR35/CLDN1/TULP3/TNFSF15/GPR35","0.3524878575836192"
"HP_DYSREGULATED_NEGATIVE_EMOTIONAL_STATE","HP_DYSREGULATED_NEGATIVE_EMOTIONAL_STATE","242","0.2975592529437946","1.335244058218593","0.02253822393355162795325","0.26366304232346959857","0.09731710688475567195","2570","tags=29%, list=19%, signal=24%","HSPG2/MYCN/CPS1/IFIH1/VDR/SLC2A1/CLN8/PRNP/MED12/SLC16A2/GBA1/COL4A3/TRANK1/GRN/PANK2/PLCE1/DAAM2/APOL1/INF2/ZNRF3/ASAH1/FAS/DPYD/ERAP1/ACOX1/POGZ/SPTBN1/PRF1/FOCAD/NFIX/TGIF1/OSTM1/ASH1L/TCN2/SLC2A3/NHLRC2/DLL1/ENPP1/NACC1/ALDH7A1/SEMA4A/SQSTM1/TGFBR2/ARHGDIA/HTRA1/ST3GAL5/IL10/TK2/NODAL/PPT1/PRKAR1A/MED23/PMS1/MLH1/KANK2/FIG4/ANLN/STIL/TREM2/CD2AP/CNP/MYO1E/IFNGR1/CTNNB1/ITPA/HACE1/SMPD1/TMEM237/MOCS2/MECP2","0.3524878575836192"
"HP_ABNORMAL_ORAL_PHYSIOLOGY","HP_ABNORMAL_ORAL_PHYSIOLOGY","281","0.2933332692153346","1.335242877909971","0.01685515495731574817095","0.24271112043564557759","0.08958382578540106944","2284","tags=25%, list=17%, signal=21%","MEGF10/CCN2/LAMB2/PMP22/MED12/CAV1/F13A1/SLC52A3/SLC16A2/PLCB4/STAT3/TUBB2B/TRANK1/ZBTB11/FGFR2/GSN/GNS/CTSH/ADSS1/GAA/PTPN22/TGFA/SCN1B/ASAH1/MSX1/SLC25A12/ALS2/BCORL1/SPTBN1/SELENBP1/CERT1/MAT1A/FRAS1/NFIX/EDA/PML/WNT10A/TNIP1/TNFSF4/P4HA2/KIF23/BANK1/TSPYL1/FOXP1/RACGAP1/PRUNE1/SQSTM1/SLC9A6/SH3TC2/EDN1/IL10/GRIN2D/OBSCN/SATB2/HIVEP2/NABP1/SELENON/PRKAR1A/SOD1/AHDC1/FIG4/PI4KA/TREM2/TNFAIP3/OPTN/DCTN1/OCA2/CLDN11/RAB11B","0.3524878575836192"
"HP_ABNORMAL_NASOPHARYNX_MORPHOLOGY","HP_ABNORMAL_NASOPHARYNX_MORPHOLOGY","161","0.3112195390036626","1.333636506853875","0.03754202733658943552664","0.32546185009271061395","0.12012683072026934805","2545","tags=27%, list=18%, signal=22%","LEPR/KATNIP/KRT5/IFIH1/RAC2/STAT3/GLI3/GNS/LRBA/SETBP1/PTPN22/ASAH1/GNPTAB/BRWD1/CREBBP/NFIX/ARID1A/SOX9/P4HA2/EP300/COL5A2/FOXP1/GLB1/ALMS1/SPAG1/DNAH5/IL6ST/ARID1B/UNG/SMARCA4/PRKAR1A/UNC119/CIITA/STK36/ALG12/NAGLU/SASH3/USB1/CXCR4/SCNN1A/MAGT1/PHIP/FBN1","0.3217759180753611"
"HP_CEREBRAL_PALSY","HP_CEREBRAL_PALSY","152","0.3182179522931669","1.332853600569545","0.04409581769999171979579","0.35240958342616268695","0.13007314485668944326","2148","tags=24%, list=16%, signal=20%","TUBA1A/CA8/CD109/AUTS2/IFIH1/CLN8/PRNP/KANK1/SLC16A2/FUCA1/TUBB2B/SPTAN1/IDH1/SYNJ1/CACNA1D/DYNC1H1/ALS2/SPTBN1/TBC1D20/MINPP1/OSTM1/CDC40/CIC/KIF5C/PROC/ATP6V0A1/GLB1/VLDLR/TUBG1/DNAL4/MED23/MCCC2/AHDC1/BCL11B/PI4KA/CNP","0.3217759180753611"
"HP_APLASIA_HYPOPLASIA_OF_FINGERS","HP_APLASIA_HYPOPLASIA_OF_FINGERS","327","0.2878531293703257","1.325862520364935","0.01583409112322066089606","0.23822818416154717402","0.08792918968358151566","3024","tags=31%, list=22%, signal=25%","TUBA1A/ROBO1/ADAMTS17/GJA5/MYCN/GPC4/IGF1R/MED12/COL2A1/TRPV4/SLC26A2/BRIP1/ACVR1/SLC25A24/TUBB2B/FANCD2/CANT1/WNT7A/REV3L/FGFR2/NOTCH2/GLI3/PIGS/SETBP1/BMP4/SCN1B/SLX4/ASAH1/WNT5A/PHF6/FN1/RHOBTB2/TBX3/INTU/PGAP3/SON/CREBBP/PIGP/FRAS1/ABCA12/NFIX/DONSON/EDA/ARID1A/FLNB/RIPK4/APC/SOX9/EP300/CHST11/ASPH/TGFBR2/MAFB/HMGA2/ALMS1/FANCM/ZMIZ1/PUM1/SRCAP/CTSK/ARID1B/ERCC4/SMARCA4/KMT2D/LMNA/FANCE/EIF2AK3/FIG4/CDC42BPB/ALG6/ZBTB20/PDE4D/CHRND/POC1A/DYNC2LI1/PRKACB/PIGO/LTBP2/PIGN/SF3B4/PRKACA/KDM1A/RBPJ/PIGV/CUL7/FBN1/RFWD3/TRIO/IRX5/CHRNG/MBD5/MEGF8/NEK1/PTCH1/EOGT/PLAG1/ARID2/FGFR1/ASCC3/HDAC8/SIK1/TFAP2A","0.3524878575836192"
"HP_APLASIA_HYPOPLASIA_AFFECTING_THE_FUNDUS","HP_APLASIA_HYPOPLASIA_AFFECTING_THE_FUNDUS","119","0.3269479875587287","1.324945016149730","0.04833333333333333231563","0.35974872431580096066","0.13278199609387938973","1891","tags=21%, list=14%, signal=18%","ALDH1A3/TUBA1A/ROBO1/AASS/LAMB2/MED12/TUBB2B/POMK/RERE/FOXA2/NR2F1/DPYD/PTPN23/EPG5/PLXNA1/POGZ/SON/NFIX/MAF/APC/MAFB/FOXC1/COL18A1/RFX7/KMT2D","0.2663506570885256"
"HP_LIMB_UNDERGROWTH","HP_LIMB_UNDERGROWTH","216","0.2971930550264319","1.324480761943663","0.02924817322371437225415","0.29109573757930068405","0.10744241877080078218","2532","tags=26%, list=18%, signal=22%","EXT1/HSPG2/CCN2/CILK1/COL2A1/DDRGK1/TRPV4/SLC26A2/BRIP1/TBCK/FANCD2/WNT7A/FGFR2/GLUL/GLI3/IDH1/CSGALNACT1/SLX4/EXOC6B/DPYD/COL1A1/WNT5A/FN1/DYNC2H1/TBX3/PAPSS2/ANTXR2/ARL6IP6/FRAS1/DONSON/FLNB/RIPK4/APC/KIAA0586/SIK3/GLB1/MAFB/FANCM/NPR2/CTSK/ERCC4/PRKAR1A/TAPT1/AFF4/FANCE/B2M/ALG12/PLCB3/PDE4D/POC1A/DYNC2LI1/PRKACB/SF3B4/PRKACA/EFNB1/CUL7","0.3524878575836192"
"HP_ABNORMAL_ARTERIAL_PHYSIOLOGY","HP_ABNORMAL_ARTERIAL_PHYSIOLOGY","136","0.3169372544086686","1.322096237119395","0.04607508532423208041928","0.35876388061338765345","0.13241849372734390555","1641","tags=24%, list=12%, signal=22%","SAA1/NT5E/APP/IFIH1/TGFB2/SCN5A/TGFBR3/FCGR2A/RNF213/TET2/PLOD1/XYLT2/PTPN22/ACTG1/FAS/ERAP1/COL1A1/SMARCAL1/JAK2/CITED2/SON/TNIP1/ANO1/TNFSF4/ENPP1/P4HA2/NOTCH3/BANK1/COL5A2/TGFBR2/HTRA1/ALMS1/IL10","0.2765005992544716"
"HP_PULMONARY_HYPOPLASIA","HP_PULMONARY_HYPOPLASIA","110","0.3277497039230557","1.321725899760544","0.04835924006908463163024","0.35974872431580096066","0.13278199609387938973","2391","tags=26%, list=17%, signal=22%","TUBA1A/HSPG2/STRA6/COL2A1/FGF20/GBA1/SLC26A2/SLC25A24/SETBP1/VANGL1/DYNC2H1/INTU/PRRX1/ACE/FRAS1/TMEM94/DONSON/FLNB/CC2D2A/KIAA0586/ADGRG6/GLDN/TAPT1/CEP55/LMNA/PI4KA/CHRND/TXNDC15/PIGN","0.2712885546889530"
"HP_FINGER_SYNDACTYLY","HP_FINGER_SYNDACTYLY","189","0.3036124020506017","1.320730890872414","0.04352046373377749244327","0.35049741589652394502","0.12936737050840166341","2974","tags=32%, list=21%, signal=26%","CDH11/ANTXR1/GPC4/ITGB4/MED12/CDH1/KIFBP/BRIP1/FANCD2/WNT7A/RERE/REV3L/FGFR2/GLI3/LFNG/SETBP1/BMP4/SLX4/SUZ12/WNT5A/JUP/VPS13B/CCBE1/CDH3/ARL6IP6/FRAS1/FLNB/NEDD4L/RIPK4/APC/WDPCP/BBS9/FANCM/ARL6/ERCC4/BBS10/CFAP418/CPLANE1/FANCE/NSD1/NECTIN4/DSP/CTNND1/BBS4/KAT6A/SF3B4/EFNB1/RBPJ/RFWD3/CHRNG/TMEM53/MEGF8/NEK1/PLEC/BBS12/EOGT/PNPLA6/IRF6/CKAP2L/ORC1/FGFR1","0.3217759180753611"
"HP_ABNORMALITY_OF_THYROID_PHYSIOLOGY","HP_ABNORMALITY_OF_THYROID_PHYSIOLOGY","342","0.2833744140515398","1.320125199829745","0.01079371732635537629863","0.20856719163725609412","0.07698142106816403818","2320","tags=23%, list=17%, signal=19%","SAA1/ROBO1/HSPG2/TIAM1/LEPR/KATNIP/WFS1/IFIH1/KCNJ10/SGPL1/SLC16A2/GRIN2B/FUCA1/STAT3/FGF13/NF2/TBCK/NNT/RERE/FOXA2/GLI3/ATP8B1/LRBA/SETBP1/BMP4/SLF2/TBL1X/DYRK1A/SMARCAL1/GLIS3/TG/UBR1/FOCAD/ARL6IP6/CREBBP/PDGFB/TGIF1/ASH1L/APC/DLL1/SLC25A4/APOE/WDPCP/FOXP1/COMT/PLAAT3/HMGA2/BBS9/ALMS1/TMEM67/NODAL/DACT1/IL6ST/ARL6/CBLB/SUFU/BBS10/HFE/PRKAR1A/HPD/CFAP418/KMT2D/AFF4/POLR3GL/GNAQ/CACNA1S/EIF2AK3/STIL/NSD1/ZBTB20/BUB1/UBE4B/LUZP1/PDE4D/OCA2/BBS4/SASH3","0.3807304007227924"
"HP_HYPERKERATOSIS","HP_HYPERKERATOSIS","187","0.3039467330988412","1.319905540195581","0.02753502016780817046593","0.28707712396343337824","0.10595916253838537358","2788","tags=27%, list=20%, signal=22%","KRT6A/LAMC2/KRT5/DST/ITGB6/ATL3/ITGB4/KITLG/GBA1/KRT14/FUCA1/DSC2/PLOD1/FGFR2/LSS/ERMARD/CST6/DIP2B/ADAM10/JUP/PERP/ECM1/CDH3/FLG/ABCA12/WNT10A/ENPP1/RHBDF2/ATP2A2/RIT1/TINF2/MVK/ERCC4/NEU1/LAMA3/LMNA/KANK2/FIG4/NECTIN4/ALDH3A2/COL6A3/DSP/USB1/TNFRSF1B/SNAP29/SLCO2A1/PPP1R13L/SRD5A3/DDB2/PLEC/USF3","0.3524878575836192"
"HP_BRAIN_IMAGING_ABNORMALITY","HP_BRAIN_IMAGING_ABNORMALITY","148","0.3119115272954165","1.319554831407317","0.04658901830282861922239","0.35904891128771720954","0.13252369755247891958","2148","tags=24%, list=16%, signal=20%","SLC1A3/SLC2A1/PRNP/BTD/NF2/TBCK/TRANK1/RERE/GRN/NF1/PDP1/SV2A/DYRK1A/SLC25A12/SQOR/RHOBTB2/FOCAD/SPRED1/CREBBP/PDGFB/EP300/APOE/GAMT/FOXP1/HMGCR/SQSTM1/SATB2/SUFU/TUBG1/PURA/EIF2AK3/NSD1/TREM2/ALG12/CNP","0.2712885546889530"
"HP_PNEUMONIA","HP_PNEUMONIA","254","0.2929305210645937","1.318944144591729","0.02477225316178103056708","0.27367484542333536668","0.10101242839736813972","2974","tags=32%, list=21%, signal=26%","LAMC2/MEGF10/AASS/IFIH1/RAC2/SAMD9/RFX5/SP110/GBA1/FCGR2A/STAT3/SLC25A24/MAN2B1/LTBP1/PLOD1/ZNFX1/PANK2/LRBA/SETBP1/IDH1/ABCA3/ASAH1/GNPTAB/NHEJ1/PSMB9/CITED2/FOCAD/LMNB1/CREBBP/NFIX/TGIF1/OSTM1/ARID1A/TFG/DLL1/EP300/KIAA0586/MAN2B2/STIM1/ATP6V0A1/IGBP1/GLB1/COL4A5/ALMS1/TK2/NODAL/IL6ST/ARID1B/RFX7/LAMA3/SMARCA4/SELENON/KMT2D/AFF4/REL/PURA/FIG4/UNC119/STIL/STK36/ALG12/IFNGR1/PIGN/USB1/CXCR4/SCNN1A/KAT6A/CASP8/NBN/SNAP29/PLA2G6/CRIPTO/SFTPB/HACD1/HLA-DQB1/PTCH1/AP3B1/ARID2/C3/ACADVL/FGFR1","0.3524878575836192"
"HP_ABNORMALITY_OF_THE_PANCREAS","HP_ABNORMALITY_OF_THE_PANCREAS","266","0.2923672754969603","1.317181516052266","0.02839079987690382167465","0.28948197232285233227","0.10684678365802673106","2606","tags=27%, list=19%, signal=22%","HSPG2/MYCN/SLC26A9/STRA6/SERPINA1/GPC4/CCND1/ZMYM3/CAV1/FCGR2A/BRIP1/STAT3/RNF43/FANCD2/RERE/FGFR2/ATP8B1/UCP2/SETBP1/PTPN22/BCKDHA/FAS/ERAP1/SMARCAL1/ATP6AP1/KCNN4/GLIS3/MITF/UBR1/FOCAD/FLNB/APC/CC2D2A/NOTCH3/SIK3/APOE/SEMA4A/TKFC/TGFBR2/ALMS1/TMEM67/PRSS2/IL10/BICC1/TINF2/CEL/HFE/PRKAR1A/CDKN2B/PMS1/SEMA4D/LMNA/MLH1/EIF2AK3/CDC73/UBE4B/LUZP1/MMUT/TXNDC15/MC1R/IFNGR1/USB1/SCNN1A/SKI/GANAB/MGMT/FOXF1/TMEM237/PALLD/HMOX1/NBN","0.3524878575836192"
"HP_SHORT_LONG_BONE","HP_SHORT_LONG_BONE","241","0.2935809471028475","1.316994092939732","0.02394727365533512106199","0.27018481617472384082","0.09972427080643292419","2545","tags=27%, list=18%, signal=22%","EXT1/ROBO1/HSPG2/TNFRSF11B/CCN2/COL2A1/DDRGK1/TRPV4/SLC26A2/BRIP1/C1GALT1C1/ACVR1/FANCD2/CANT1/WNT7A/ATP7A/FGFR2/GLI3/PIGS/SETBP1/SLX4/EXOC6B/GNPTAB/WNT5A/FN1/DYNC2H1/VPS13B/TBX3/INTU/DONSON/FLNB/SIL1/RIPK4/APC/SOX9/EP300/GLB1/MAFB/TMEM67/FANCM/IL6ST/NPR2/SRCAP/ERCC4/SLC35B2/PRKAR1A/TAPT1/CPLANE1/AFF4/FANCE/FIG4/CDC42BPB/B2M/ZNF407/ALG12/PLCB3/PDE4D/POC1A/DYNC2LI1/HEPHL1/SF3B4/RBPJ/CUL7/FBN1","0.3524878575836192"
"HP_ABNORMAL_TONGUE_MORPHOLOGY","HP_ABNORMAL_TONGUE_MORPHOLOGY","330","0.2842425010173009","1.316498976005925","0.01499714715388781802186","0.23820431001346303868","0.08792037781901222704","2253","tags=24%, list=16%, signal=21%","KRT6A/SAA1/KCNMA1/ECEL1/CUL4B/KRT5/GPC4/COL2A1/SLC52A3/PLCB4/KRT14/FUCA1/SLC25A24/TRIM37/TBCK/MAN2B1/POMK/RERE/REV3L/PANK2/GSN/GLI3/PIGS/GNS/SETBP1/GAA/PTPN22/BMP4/HELLS/GNPTAB/PRR12/WNT5A/DYNC2H1/VPS13B/ECM1/TG/POGZ/SPTBN1/PRRX1/LMNB1/FRAS1/NFIX/ARID1A/WNT10A/C2CD3/RIPK4/CC2D2A/SOX9/P4HA2/GLB1/SQSTM1/MMACHC/SH3TC2/EDN1/TMEM67/HDAC9/CSNK2A1/FTO/IL6ST/NEU1/SLC35B2/SMARCA4/PRKAR1A/HEXB/KMT2D/CPLANE1/SOD1/AFF4/LMNA/FIG4/CDC42BPB/PI4KA/TREM2/ALG6/OPTN/DCTN1/AGA/OCA2/TOPORS","0.3807304007227924"
"HP_RECURRENT_LOWER_RESPIRATORY_TRACT_INFECTIONS","HP_RECURRENT_LOWER_RESPIRATORY_TRACT_INFECTIONS","198","0.2972806669884185","1.315948177661128","0.03119380196779255806638","0.29990304071803330910","0.11069316355992812884","2606","tags=26%, list=19%, signal=22%","SLC26A9/SERPINA1/MEGF10/AASS/IFIH1/RAC2/LAMB2/RFX5/FCGR2A/STAT3/TRIM37/LTBP1/PLOD1/ZNFX1/GLI3/LRBA/SETBP1/DIP2B/IDH1/MALT1/COL13A1/GNPTAB/NHEJ1/KCNN4/LMNB1/RASGRP1/SOX9/MAN2B2/STIM1/IGBP1/ALMS1/TK2/IL6ST/CBLB/RFX7/UNG/HFE/PURA/UNC119/CIITA/STK36/ALG12/SASH3/USB1/CXCR4/SCNN1A/MAGT1/NUP214/IL10RB/LAMA2/HMOX1/NBN","0.3524878575836192"
"HP_ABNORMAL_HEART_VALVE_MORPHOLOGY","HP_ABNORMAL_HEART_VALVE_MORPHOLOGY","325","0.2844235814119626","1.315855833870700","0.01635008385959854648739","0.24166302412441767467","0.08919697710214817554","2615","tags=26%, list=19%, signal=21%","ROBO1/HSPG2/TPM1/GJA5/MYCN/BCAS3/IFIH1/ZMYM3/TGFB2/MED12/JPH2/COL2A1/GBA1/BRIP1/SLC25A24/FANCD2/ZNF469/RERE/SLC6A6/PLOD1/XYLT2/NF1/ERMARD/BMP4/MAP1B/ARSK/SLX4/DYRK1A/COL1A1/GNPTAB/VPS13B/PLD1/SPTBN1/CITED2/ACSL4/SPRED1/CREBBP/SMAD6/PPM1D/NFIX/TMEM94/ZNF462/NEDD4L/ENPP1/MMP14/EP300/NOTCH3/COL5A2/GLB1/COMT/TGFBR2/RIT1/DSE/BICC1/FANCM/DACT1/TMTC3/ERCC4/SMARCA4/SELENON/PRKAR1A/HEXB/KMT2D/LMNA/FANCE/CHST14/SMAD3/UBE4B/LUZP1/TGFB3/DYNC2LI1/PRKACB/SOS1/SKI/GANAB/SF3B4/SMPD1/PRKACA/FOXF1/RBPJ/FBN1/FIBP/RFWD3","0.3524878575836192"
"HP_DECREASED_MEAN_CORPUSCULAR_HEMOGLOBIN_CONCENTRATION","HP_DECREASED_MEAN_CORPUSCULAR_HEMOGLOBIN_CONCENTRATION","1","0.9934243803743045","1.313397867891621","0.01525443290779347760289","0.23822818416154717402","0.08792918968358151566","92","tags=100%, list=1%, signal=99%","CD46","0.3807304007227924"
"HP_FEVER","HP_FEVER","324","0.2857512393583861","1.313070134061275","0.01906882866987882549359","0.24933054333768620014","0.09202703163024215927","2455","tags=26%, list=18%, signal=22%","TNFRSF11B/LAMC2/MYCN/RUNX1/DST/IFIH1/CCND1/PRNP/PMP22/CD70/COL4A3/STAT3/TET2/TRANK1/ZNFX1/PLCE1/DAAM2/APOL1/GAA/PTPN22/INF2/REST/MALT1/ASAH1/FAS/ERAP1/COL1A1/SMARCAL1/NHEJ1/DEF6/PSMB9/C2orf69/JAK2/SPTBN1/PRF1/FOCAD/EDA/PML/SPTB/TNIP1/LIPA/TLR3/SLC22A4/TNFSF4/ENPP1/P4HA2/BANK1/MAN2B2/CPOX/STIM1/FOXP1/ARHGDIA/PRSS2/HAVCR2/IL10/KIF1B/MVK/BIRC3/OBSCN/ERCC4/CBLB/LAMA3/NABP1/PRKAR1A/SEMA4D/REL/RIPK1/CACNA1S/EIF2AK3/KANK2/ANLN/ANKH/CIITA/CD2AP/TNFAIP3/TMEM165/MYO1E/MCTS1/HEPHL1/IFNGR1/SCNN1A/HACE1/STX11","0.3524878575836192"
"HP_ABNORMALITY_ON_PULMONARY_FUNCTION_TESTING","HP_ABNORMALITY_ON_PULMONARY_FUNCTION_TESTING","166","0.3082535297392415","1.312576480441392","0.03415021958368407578588","0.30608511326860066148","0.11297494491946655226","2603","tags=25%, list=19%, signal=20%","SLC26A9/SERPINA1/MEGF10/COL2A1/SLC12A6/FCGR2A/NF2/DMD/PLOD1/XYLT2/ADSS1/PTPN22/ABCA3/COL13A1/GNPTAB/KCNN4/TNNT1/PDGFB/FLNB/TOR1AIP1/GLB1/SQSTM1/ALMS1/TINF2/SUFU/HFE/SELENON/SOD1/FIG4/HPS4/STK36/TREM2/FAM13A/OPTN/DCTN1/CHRND/DSP/SCNN1A/SMPD1/FBN1/HMOX1","0.3217759180753611"
"HP_TYPIFIED_BY_SOMATIC_MOSAICISM","HP_TYPIFIED_BY_SOMATIC_MOSAICISM","155","0.3126118533150530","1.311062320372811","0.04215851602023609062675","0.34267704055156256171","0.12648089731664188817","2633","tags=27%, list=19%, signal=22%","EXT1/RUNX1/GPC4/CCND1/PTPRJ/CDH1/SRGAP1/CTHRC1/LZTS1/BRIP1/C1GALT1C1/TET2/FGFR2/NF1/IGF2R/IDH1/AXIN2/CASP10/MAP3K3/JAK2/MINPP1/PPM1D/ASPSCR1/KLF6/APC/EP300/TGFBR2/KIF1B/IL6ST/SUFU/ZFHX3/IL1B/CDC73/BUB1/RHOA/CTNNB1/NUP214/MSH3/MLLT10/CASP8/NBN/FOXO1","0.2878571172551493"
"HP_ATTENTION_DEFICIT_HYPERACTIVITY_DISORDER","HP_ATTENTION_DEFICIT_HYPERACTIVITY_DISORDER","348","0.2835289153348226","1.310404100951267","0.01988584722313394698157","0.25463337173385397483","0.09398428704713240878","2272","tags=24%, list=16%, signal=21%","TUBA1A/HSPG2/TIAM1/CDH11/AUTS2/SLC2A1/ZMYM3/PRNP/MED12/CLTC/GBA1/OPHN1/TUBB2B/JARID2/FANCD2/TNRC6B/FRYL/MED13/RERE/PANK2/NF1/NTRK2/CTSH/ZDHHC9/SPTAN1/SETBP1/NR2F1/CSGALNACT1/MAP1B/TANC2/SYNJ1/SLF2/TBL1X/DYRK1A/NLGN1/PRR12/DHTKD1/BCORL1/POGZ/SPTBN1/SPRED1/FLG/PPM1D/TGIF1/KCNA2/DLG3/CIC/DALRD3/LMAN2L/TNFSF4/DLL1/TBC1D23/SEMA4A/ATP6V0A1/FOXP1/COMT/TGFBR2/NFIB/AGO1/HMGA2/TMEM67/GRIN2D/NODAL/ZMIZ1/CSNK2A1/SRCAP/IQSEC1/SATB2/TUBG1/RFX7/PSMB1/PPP1R12A/PMS1/CHRNA7/GNAQ/MLH1/CDC42BPB/STIL/NSD1/ZBTB20/ANKRD17/DYNC1I2/CELF2/HERC2","0.3524878575836192"
"HP_HIP_DYSPLASIA","HP_HIP_DYSPLASIA","220","0.2966635880720589","1.309359129121813","0.02736007483790968766724","0.28707712396343337824","0.10595916253838537358","3088","tags=30%, list=22%, signal=24%","EXT1/HSPG2/ECEL1/GPC4/MED12/COL2A1/TRPV4/SLC26A2/SNAP25/ACVR1/ZNF469/WNT7A/RERE/ATP7A/PLOD1/GLI3/GNS/SETBP1/ARSK/COL1A1/COL13A1/GNPTAB/WNT5A/MYO9A/PGAP3/CREBBP/NFIX/SIL1/EP300/COL5A2/GLB1/SH3TC2/SHROOM4/SRCAP/HIVEP2/SELENON/KMT2D/LMNA/AHDC1/FIG4/ZBTB20/UBE4B/LUZP1/COL6A3/OCA2/HERC2/RAB11B/PIGO/SKI/PHIP/PIGV/CUL7/FBN1/IRX5/MBD5/NSMCE2/HACD1/KANSL1/WDR26/TET3/ADAMTSL2/CCDC47/HDAC8/ATRIP/CASZ1/ATP6V1A/UNC45A","0.3524878575836192"
"HP_NEOPLASM_BY_HISTOLOGY","HP_NEOPLASM_BY_HISTOLOGY","305","0.2848340537494955","1.308697760981373","0.02113666043651278581006","0.26022709229507567930","0.09604890974488627942","2799","tags=28%, list=20%, signal=23%","EXT1/HSPG2/TIAM1/MYCN/RUNX1/GPC4/CCND1/PTPRJ/VPS16/BRIP1/ACVR1/TRIM37/RNF43/NF2/RERE/GLI3/NF1/SETBP1/REST/IDH1/FGF3/AXIN2/FAS/COL1A1/CASP10/MAPRE2/PERP/PLCD1/MITF/ANTXR2/SPTBN1/SPRED1/PDGFB/ASPSCR1/ARID1A/APC/SOX9/EP300/NOTCH3/SEMA4A/SQSTM1/TGFBR2/COL4A5/KIF1B/MVK/IL6ST/ARID1B/ERCC4/SUFU/SMARCA4/PRKAR1A/CDKN2B/TMEM127/CPLANE1/PMS1/POLH/GNAQ/LMNA/MLH1/CDC73/NSD1/BUB1/UBE4B/LUZP1/OCA2/TOPORS/EDN3/DYNC2LI1/MC1R/CTNNB1/CXCR4/SOS1/SKI/HACE1/MSH3/MGMT/PALLD/FIBP/NBN/FOXO1/ABCA5/DDB2/TUBB/USF3/BARD1","0.3524878575836192"
"HP_THIN_UPPER_LIP_VERMILION","HP_THIN_UPPER_LIP_VERMILION","301","0.2839570644998441","1.306690362979933","0.03080918503507737091218","0.29826940982565319782","0.11009019611040235520","3361","tags=35%, list=24%, signal=27%","EXT1/CDH11/KCNMA1/GJA5/IFIH1/SLC2A1/IGF1R/PGM2L1/MED12/CLTC/OPHN1/SLC26A2/MCPH1/SLC25A24/TNRC6B/CIT/MED13/MPC1/FGFR2/SETBP1/ACTG1/DYRK1A/WNT5A/GLIS3/PIGK/MAPRE2/RHOBTB2/POGZ/SPTBN1/PGAP3/CREBBP/PPM1D/TMEM94/KNL1/MAF/ARID1A/WDR62/ZBTB18/EP300/MAN1B1/ADGRG6/AGO1/DSE/ADARB1/KCNJ5/CSNK2A1/SRCAP/ARID1B/SATB2/AGL/HIVEP2/RFX7/SMARCA4/KMT2D/AFF4/PURA/AHDC1/BCL11B/FIG4/CDC42BPB/STIL/ZNF407/ALG12/CHST14/PDCD6IP/BUB1/ANKRD17/PDE4D/OCA2/HERC2/ASPM/CTNNB1/PIGN/TPR/KAT6A/TBCE/LMBRD1/KDM1A/PIGV/FBN1/CEP135/TRIO/IRX5/KIF11/MBD5/WDR26/BPTF/ADAMTSL2/AP3B1/ARID2/IRF6/ASCC3/HDAC8/SASS6/TRIP12/SRRM2/PTRH2/SMARCA2/NOG/CDC42/TRAPPC10/EDEM3/CEP295/TTC5/GNE/PACS1","0.3524878575836192"
"HP_FACIAL_HYPERTRICHOSIS","HP_FACIAL_HYPERTRICHOSIS","196","0.2991334494531436","1.305940560809248","0.03453677075008829838731","0.30756544079846259709","0.11352132863399291840","2987","tags=31%, list=22%, signal=24%","CDH11/KCNMA1/GJA5/CUL4B/BCAS3/IGF1R/PLCB4/KIFBP/SLC25A24/JARID2/TBCK/MED13/NOTCH2/GNS/SETBP1/MAP1B/FGF3/SNAI2/UGP2/RUSC2/PRR12/MAPRE2/MITF/SPTBN1/CREBBP/CERT1/NFIX/TMEM94/KNL1/ASH1L/EP300/HMGA2/CSNK2A1/ARID1B/HIVEP2/HECTD4/CHRNA7/AFF4/AHDC1/CDC42BPB/ZNF407/NAGLU/ZBTB20/EDN3/PIGN/NUDT2/PHIP/KDM1A/TRIO/SNX14/ABCA5/MBD5/ERLIN2/BPTF/PTCH1/HGSNAT/CCDC47/UBE2A/FGFR1/HDAC8","0.3217759180753611"
"HP_HYPOGLYCEMIA","HP_HYPOGLYCEMIA","234","-0.2819009677003321","-1.305431448848006","0.01846496895457411246966","0.24766150318426649601","0.09141099474629379995","3387","tags=33%, list=24%, signal=26%","KCNQ1/NUBPL/NDUFS3/TANGO2/NDUFB9/BCS1L/NDUFS6/TXNRD2/INSR/FOXRED1/MTO1/GLI2/DIS3L2/NDUFV1/CAMKMT/HADH/MSL3/MLYCD/EBP/KCNJ11/APC2/PYGL/GK/CYC1/GLUD1/DNAJC19/DGUOK/GATC/KDM6A/LRPPRC/COX10/SLC22A5/APPL1/NDUFA11/SLC1A1/HADHB/STAT6/FAH/FH/NDUFAF4/CDON/MT-ND3/MRPS2/IARS1/PCK2/SECISBP2/ACAD9/PREPL/PHKA2/DLD/SLC37A4/MPV17/HADHA/GFM1/SLC25A36/SCO1/CLPB/TFAM/YARS1/HSD17B10/NDUFB11/IGF1/PCCA/ACSL5/HRAS/PHKA1/ACAD8/GRB10/NDUFAF2/HYOU1/ACAT1/ZRSR2/EIF2S3/HNF4A/TFE3/ODC1/NAB2/POR","0.3524878575836192"
"HP_GASTROINTESTINAL_HEMORRHAGE","HP_GASTROINTESTINAL_HEMORRHAGE","134","0.3110739840517577","1.304065568595485","0.04515050167224080035488","0.35639394572818483553","0.13154375904894236027","2015","tags=22%, list=15%, signal=19%","RUNX1/CD109/WFS1/IFIH1/MED12/EPHB2/TET2/ATP7A/PLOD1/XYLT2/PTPN22/FAS/ERAP1/CASP10/JAK2/APC/ENPP1/KIF23/SEMA4A/RHBDF2/RACGAP1/COMT/TGFBR2/IL10/TINF2/MVK/CDKN2B/PMS1/HSD3B7/MLH1","0.2765005992544716"
"HP_SPONTANEOUS_PAIN_SENSATION","HP_SPONTANEOUS_PAIN_SENSATION","1","0.9845364549461666","1.301647217778829","0.03514988019477421204995","0.31053717685589876663","0.11461818602055069694","215","tags=100%, list=2%, signal=98%","PMP22","0.3217759180753611"
"HP_ABNORMAL_KNEE_MORPHOLOGY","HP_ABNORMAL_KNEE_MORPHOLOGY","317","0.2857506677198670","1.300616484834836","0.01800074777170194290088","0.24606281569107607554","0.09082092478321089624","2321","tags=25%, list=17%, signal=21%","EXT1/HSPG2/MEGF10/IFIH1/VDR/CCN2/HYAL1/PMP22/COL2A1/DDRGK1/NT5C2/TRPV4/SLC26A2/SNAP25/MAN2B1/CANT1/WNT7A/DMD/ATP7A/LTBP1/PLOD1/NOTCH2/GLI3/NF1/GAN/ERMARD/PTPN22/BMP4/IDH1/CSGALNACT1/MAP1B/ARSK/EXOC6B/UGP2/COL1A1/GNPTAB/MYO9A/FN1/VPS13B/SPTBN1/GNPTG/CREBBP/DONSON/FLNB/TRIM2/WDR62/NEDD4L/ENPP1/SOX9/EP300/MAN2B2/KLC4/SIK3/COL5A2/NKX3-2/GLB1/COMT/CHST11/PLAAT3/TMTC3/ARID1B/SELENON/PRKAR1A/FKBP10/LMBRD2/LMNA/AHDC1/EIF2AK3/NSD1/MIA3/PI4KA/SMAD3/ERLIN1/ZBTB20/COL6A3/PDE4D/HERC2/SVIL/DYNC2LI1/PRKACB","0.3524878575836192"
"HP_ABNORMAL_UMBILICUS_MORPHOLOGY","HP_ABNORMAL_UMBILICUS_MORPHOLOGY","274","0.2872091100168863","1.299222864754894","0.04012841091492776873784","0.33432320757759159680","0.12339752677953057247","2135","tags=24%, list=15%, signal=20%","HSPG2/CDH11/ANTXR1/AUTS2/GPC4/MED12/COL2A1/SLC26A2/BRIP1/SLC25A24/FANCD2/MAN2B1/ATP7A/PLOD1/FGFR2/NOTCH2/GLI3/PIGS/LFNG/SETBP1/SCN1B/SLX4/HELLS/COL1A1/SUZ12/MSX1/GNPTAB/PRR12/WNT5A/GLIS3/MAPRE2/TG/RHOBTB2/POGZ/CCBE1/FOCAD/CREBBP/PIGP/FRAS1/NFIX/TENT5A/RIPK4/NOTCH3/COL5A2/COMT/TGFBR2/LRP2/GTF2H5/RNF2/FANCM/CSNK2A1/FTO/SRCAP/ARID1B/ERCC4/NEU1/HIVEP2/RFX7/POLR3GL/LMNA/FANCE/BCL11B/NSD1/CHST14/SMAD3","0.2878571172551493"
"HP_ABNORMALITY_OF_TIBIAL_EPIPHYSES","HP_ABNORMALITY_OF_TIBIAL_EPIPHYSES","1","0.9825131873690296","1.298972273037705","0.04251441363811597762279","0.34439154021430101738","0.12711371314650665720","243","tags=100%, list=2%, signal=98%","COL2A1","0.3217759180753611"
"HP_LARGE_FONTANELLES","HP_LARGE_FONTANELLES","142","0.3089666399322665","1.294812164088414","0.04736842105263158048123","0.35904891128771720954","0.13252369755247891958","2209","tags=24%, list=16%, signal=20%","CDH11/ANTXR1/VDR/MED12/CAV1/PEX2/SLC25A24/ATP7A/FGFR2/GLI3/SETBP1/ACTG1/COL1A1/WNT5A/GLIS3/TG/INTU/SPTBN1/CREBBP/ACE/MAF/PEX12/SOX9/EP300/LRP2/MSX2/DSE/MVK/LMNA/FIG4/NSD1/CHST14/PEX13/HSD17B4","0.2765005992544716"
"HP_WEIGHT_LOSS","HP_WEIGHT_LOSS","330","0.2795488036920821","1.294759624219275","0.02296006232460196319622","0.26506083765672089347","0.09783302825413038584","2615","tags=27%, list=19%, signal=23%","HSPG2/MYCN/RUNX1/CUL4B/IFIH1/CCND1/PRNP/TRPV4/CYP24A1/GBA1/BRIP1/STAT3/TRIM37/FANCD2/EPAS1/NNT/TET2/ATP7A/PANK2/NF1/PTPN22/ZNRF3/REST/BMP4/SLX4/MALT1/FAS/ERAP1/GNPTAB/VPS13C/ALS2/JAK2/PML/TNIP1/SLC2A3/LIPA/ANO1/SLC22A4/TNFSF4/P4HA2/BANK1/SEMA4A/RHBDF2/FOXP1/SQSTM1/TGFBR2/SLC9A6/MAFB/COL4A5/HAVCR2/IL10/ABCB7/FANCM/KIF1B/BIRC3/ERCC4/EHHADH/NABP1/HFE/SELENON/PRKAR1A/CDKN2B/TMEM127/SOD1/PMS1/SEMA4D/LMNA/FANCE/MLH1/CACNA1S/FIG4/B2M/CIITA/CDC73/TREM2/TNFAIP3/OPTN/DCTN1/EDN3/CUBN/IFNGR1/CTNNB1/SCNN1A/SPG11/HACE1/PALLD/MECP2/TNFRSF1B/NBN/RFWD3","0.3524878575836192"
"HP_GENU_VALGUM","HP_GENU_VALGUM","143","0.3136253372429236","1.294620397042823","0.04736842105263158048123","0.35904891128771720954","0.13252369755247891958","1092","tags=17%, list=8%, signal=16%","EXT1/HSPG2/IFIH1/VDR/CCN2/PMP22/COL2A1/TRPV4/SLC26A2/MAN2B1/WNT7A/ATP7A/NOTCH2/NF1/GAN/BMP4/IDH1/CSGALNACT1/ARSK/UGP2/FN1/VPS13B/SPTBN1/GNPTG","0.2765005992544716"
"HP_EMG_ABNORMALITY","HP_EMG_ABNORMALITY","241","0.2884527396378234","1.293989129554147","0.03069083086979465177513","0.29764214161160362782","0.10985867360617067312","2867","tags=28%, list=21%, signal=22%","HSPG2/TPM1/MEGF10/DYSF/LAMB2/ATL3/PMP22/JPH2/SCN5A/SLC12A6/SNAP25/TBCK/DNAJB4/TPP1/DMD/ATP7A/ANO10/PLOD1/DES/VCL/ADSS1/GBE1/ASAH1/COL13A1/CACNA1D/GJB1/DYNC1H1/MYO9A/CAP2/LAMP2/ALS2/TNNT1/TGIF1/TFG/DLL1/SLC25A4/STIM1/SQSTM1/SH3TC2/MAFB/TK2/NODAL/TMTC3/SUFU/CPLANE1/RBM20/LMNA/CACNA1S/MTMR14/OPTN/COL6A3/CHRND/DSP/SVIL/TCAP/TBCE/SPG11/CPT1C/CRYAB/LAMA2/PLA2G6/CRIPTO/PLEC/SYNE2/GBF1/PTCH1/COLQ","0.3524878575836192"
"HP_BRACHYCEPHALY","HP_BRACHYCEPHALY","224","0.2920051186280527","1.293566984245172","0.03872107365955323315942","0.32858235944105068649","0.12127859980823554875","3069","tags=33%, list=22%, signal=26%","HSPG2/CDH11/GJA5/AUTS2/MED12/COL2A1/GBA1/SLC12A6/FUCA1/MN1/SLC25A24/TBCK/MAN2B1/RERE/ATP7A/FGFR2/ZDHHC9/SETBP1/BMP4/ACOX1/INTU/POGZ/TAF8/PGAP3/TBC1D20/MAF/RAC3/POLR2A/MMP14/TECPR2/MSX2/DSE/HCFC1/ADARB1/ARID1B/SATB2/SUFU/RFX7/PRKAR1A/TAPT1/FKBP10/AHDC1/CHST14/ZBTB20/UBE4B/ANKRD17/LUZP1/TGFB3/PDE4D/AGA/CTNNB1/PIGO/SKI/EFNB1/FOXF1/KDM1A/PIGV/FBN1/MECP2/IRX5/MBD5/MEGF8/SRD5A3/NEK1/TUBB/WDR26/PTCH1/TET3/MESD/CCDC47/PNPLA6/FGFR1/HDAC8/CASZ1/TRIP12","0.3217759180753611"
"HP_SYNDACTYLY","HP_SYNDACTYLY","373","0.2758503747754554","1.287271734131753","0.01579262107253895722203","0.23822818416154717402","0.08792918968358151566","2987","tags=30%, list=22%, signal=24%","CDH11/LAMC2/MYCN/ANTXR1/CUL4B/SLC2A1/WLS/GPC4/ITGB4/MED12/CILK1/CDH1/SLC12A6/KIFBP/BRIP1/SLC25A24/JARID2/TBCK/FANCD2/WNT7A/RERE/REV3L/LTBP1/FGFR2/GLI3/LFNG/SETBP1/BMP4/CSGALNACT1/SLX4/DYRK1A/SUZ12/WNT5A/JUP/DYNC2H1/MAPRE2/VPS13B/POGZ/CCBE1/CDH3/ARL6IP6/CREBBP/CERT1/FRAS1/TMEM94/FLNB/NEDD4L/RIPK4/APC/EP300/MAN1B1/SIK3/WDPCP/TGFBR2/FGF9/PLAAT3/HMGA2/BBS9/FANCM/BLTP1/DACT1/ZMIZ1/PUM1/KCNJ5/ARL6/ERCC4/BBS10/RFX7/LAMA3/PPP1R12A/CFAP418/CPLANE1/CEP55/POLR3GL/LMNA/FANCE/FIG4/NSD1/NECTIN4/DSP/TOPORS/CTNND1/HERC2/BBS4/DYNC2LI1/RHOA/TXNDC15/HEPHL1/KAT6A/SF3B4/EFNB1/PHIP/RBPJ/MECP2/NBN/RFWD3/TRIO/IRX5/CHRNG/TMEM53/MEGF8/NEK1/PLEC/BBS12/UBE2A/EOGT/PLAG1/PNPLA6/IRF6/CKAP2L/ORC1/FGFR1/HDAC8","0.3524878575836192"
"HP_SPECIFIC_LEARNING_DISABILITY","HP_SPECIFIC_LEARNING_DISABILITY","282","0.2833812832197825","1.286931716216836","0.03157431380250479147076","0.29991615195640874969","0.11069800287216215173","3095","tags=30%, list=22%, signal=24%","MYCN/AFF2/AUTS2/SLC2A1/PRNP/DAG1/KIFBP/TUBB2B/MAN2B1/POMK/DMD/ATP7A/LTBP1/GRN/NF1/SPTAN1/FRMD5/MAP1B/ACTG1/DPYD/MSX1/GNPTAB/WNT5A/SPTBN1/SPRED1/MICU1/TGIF1/TMEM94/SIL1/SLC2A3/APC/DLL1/NOTCH3/WDPCP/STIM1/COMT/SQSTM1/RIT1/HMGA2/BBS9/ALMS1/TINF2/NODAL/KCNJ5/ARL6/TUBG1/BBS10/DNAL4/CFAP418/VPS13D/CHRNA7/STIL/NSD1/PI4KA/TREM2/OCA2/HERC2/BBS4/CTNNB1/SOS1/SPG11/SMPD1/FIBP/PLA2G6/COQ2/TRIO/KIF11/CRIPTO/TMEM63A/MYO5A/BPTF/PTCH1/BBS12/ESS2/LYST/EFHC1/IRF6/CKAP2L/ORC1/FGFR1/HDAC8/KCNC3/SDCCAG8/GCLC","0.3217759180753611"
"HP_NARROW_MOUTH","HP_NARROW_MOUTH","204","0.2949769366906200","1.285998472133580","0.03785025416201299314212","0.32601034470432632695","0.12032927816331613624","2572","tags=27%, list=19%, signal=23%","HSPG2/ECEL1/AUTS2/IGF1R/MED12/COL2A1/CAV1/PLCB4/GBA1/SLC26A2/SLC25A24/CANT1/RERE/FGFR2/NOTCH2/ITGA3/SETBP1/MAPRE2/POGZ/PRRX1/CCBE1/SON/TBC1D20/CREBBP/NFIX/DONSON/MAF/NEDD4L/RIPK4/APC/SOX9/EP300/MCM5/GLB1/COMT/RNF2/EDN1/DSE/HDAC9/ZMIZ1/SATB2/HIVEP2/HECTD4/LMNA/AHDC1/BCL11B/CHST14/ZBTB20/UBE4B/LUZP1/PIGN/KAT6A/SKI/FBN1/MECP2/PHACTR1","0.3217759180753611"
"HP_ABNORMALITY_OF_THE_CALF","HP_ABNORMALITY_OF_THE_CALF","261","0.2854572500192960","1.284657631423291","0.02943959051998686071716","0.29109573757930068405","0.10744241877080078218","1341","tags=17%, list=10%, signal=16%","EXT1/HSPG2/TNFRSF11B/IFIH1/VDR/CCN2/PMP22/CILK1/COL2A1/DDRGK1/TRPV4/SLC26A2/FGF13/MAN2B1/CANT1/WNT7A/ATP7A/LTBP1/FGFR2/NOTCH2/GLI3/NF1/GAN/SETBP1/BMP4/IDH1/CSGALNACT1/SCN1B/ARSK/UGP2/COL1A1/PRR12/FN1/DYNC2H1/VPS13B/INTU/PAPSS2/SPTBN1/GNPTG/DONSON/FLNB/WDR62/TENT5A/ENPP1/SOX9","0.3524878575836192"
"HP_ABNORMALITY_OF_THE_KNEE","HP_ABNORMALITY_OF_THE_KNEE","370","0.2755505970331232","1.284066368351324","0.02517949744481312243649","0.27508785528589840830","0.10153396539630615836","2321","tags=24%, list=17%, signal=21%","EXT1/HSPG2/ECEL1/KRT5/MEGF10/IFIH1/VDR/CCN2/DYSF/LAMB2/HYAL1/PMP22/COL2A1/DDRGK1/NT5C2/TRPV4/SLC26A2/SNAP25/FGF13/MAN2B1/CANT1/WNT7A/DMD/ATP7A/LTBP1/PLOD1/NOTCH2/GLI3/NF1/GAN/ERMARD/PTPN22/BMP4/IDH1/CSGALNACT1/MAP1B/SCN1B/ARSK/EXOC6B/ASAH1/UGP2/COL1A1/GNPTAB/PRR12/MYO9A/FN1/VPS13B/SPTBN1/GNPTG/CREBBP/DONSON/FLNB/TRIM2/WDR62/NEDD4L/ENPP1/SOX9/EP300/MAN2B2/KLC4/SIK3/COL5A2/NKX3-2/GLB1/COMT/CHST11/PLAAT3/TMTC3/ARID1B/SATB2/SLC35B2/SELENON/PRKAR1A/FKBP10/LMBRD2/LMNA/AHDC1/EIF2AK3/NSD1/MIA3/PI4KA/SMAD3/ERLIN1/ZBTB20/COL6A3/PDE4D/HERC2/SVIL/DYNC2LI1/PRKACB","0.3524878575836192"
"HP_ABNORMALITY_OF_THE_BREAST","HP_ABNORMALITY_OF_THE_BREAST","395","0.2735671651374612","1.280744092099738","0.02253138643324559264869","0.26366304232346959857","0.09731710688475567195","2987","tags=30%, list=22%, signal=24%","CDH11/LEPR/IL17RD/ANTXR1/CUL4B/WLS/GPC4/IGF1R/CILK1/CDH1/SEMA3A/KIFBP/BRIP1/AR/PEX2/SLC25A24/PTPRF/RNF43/JARID2/TNRC6B/WNT7A/RERE/REV3L/FOXA2/FGFR2/DES/NF1/ITGA3/SETBP1/ERMARD/IDH1/AXIN2/FLRT3/FAS/DYRK1A/GNPTAB/ACOX1/CASP10/PHF6/DEF6/MAPRE2/TBX3/MITF/INTU/SPTBN1/UBR1/PGAP3/CERT1/FRAS1/PPM1D/NFIX/TMEM94/ASH1L/MAF/EDA/SPIN4/RIPK4/APC/SOX9/MAN1B1/KIAA0586/WDR37/SEMA4A/TGFBR2/RIT1/GTF2H5/PLAAT3/ALMS1/HFE/PRKAR1A/KMT2D/CDKN2B/PMS1/AFF4/LMNA/MLH1/AHDC1/FIG4/NSD1/ALG12/ZBTB20/POC1A/MC1R/CTNNB1/PIGO/PIGN/KAT6A/SOS1/MSH3/EFNB1/MGMT/KDM1A/PIGV/PALLD/MECP2/CASP8/AXL/NBN/SPIDR/SLCO2A1/CHRNG/TMEM53/MEGF8/SRD5A3/TUBB/USF3/BARD1/HMMR/KANSL1/CYB5A/CCDC47/UBE2A/PNPLA6/CKAP2L/ORC1/FGFR1/HDAC8","0.3524878575836192"
"HP_ABNORMAL_MACULAR_MORPHOLOGY","HP_ABNORMAL_MACULAR_MORPHOLOGY","197","0.2931008753519972","1.280448406009094","0.03501551230962202110319","0.30984267819198973992","0.11436184899238265034","2914","tags=30%, list=21%, signal=24%","TIMP3/TNFRSF11B/CCND1/LAMB2/GBA1/NF2/CHM/SLC6A6/ANO10/XYLT2/CTNNA1/IDH3B/ASAH1/DPYD/UGP2/PRR12/VPS13B/CST3/EPG5/MITF/CDH3/MAF/AHR/CC2D2A/ENPP1/RLBP1/APOE/SLC24A1/SEMA4A/HTRA1/GTF2H5/MMACHC/FOXC1/ARL6/COL18A1/NEU1/PPT1/CFAP418/AHDC1/UNC119/HPS4/ALDH3A2/OCA2/TOPORS/EDN3/PDE6A/MC1R/CTNNB1/KCNV2/SPG11/SMPD1/GUCA1B/RAB28/MYO5A/NRL/SLC38A8/HGSNAT/LYST/ADAR","0.3217759180753611"
"HP_ABNORMAL_UPPER_LIMB_BONE_MORPHOLOGY","HP_ABNORMAL_UPPER_LIMB_BONE_MORPHOLOGY","398","0.2741310679751598","1.279717464015926","0.03414214174762596892831","0.30608511326860066148","0.11297494491946655226","2115","tags=21%, list=15%, signal=19%","EXT1/ROBO1/TNFRSF11B/GJA5/IFIH1/WLS/CCN2/GPC4/SAMD9/ATL3/MED12/CILK1/COL2A1/TRPV4/SLC26A2/BRIP1/ACVR1/SLC25A24/FANCD2/CANT1/WNT7A/RERE/ATP7A/REV3L/FGFR2/NOTCH2/GLI3/PIGS/SUMF1/SETBP1/PTPN22/CSGALNACT1/SLX4/EXOC6B/ASAH1/COL1A1/SUZ12/GNPTAB/WNT5A/DYNC2H1/VPS13B/TBX3/INTU/POGZ/SPARC/CREBBP/SMAD6/NFIX/DONSON/MAF/FLNB/SIL1/RIPK4/APC/SOX9/MMP14/EP300/KIAA0586/COL5A2/GLB1/FGF9/RIT1/MAFB/MSX2/TMEM67/FANCM/DACT1/NPR2/SRCAP/CTSK/ARID1B/ERCC4/SATB2/HFE/PRKAR1A/TAPT1/CPLANE1/FKBP10/AFF4/LMNA/FANCE/FIG4/B2M/NSD1/ALG12","0.3217759180753611"
"HP_JOINT_CONTRACTURE_OF_THE_HAND","HP_JOINT_CONTRACTURE_OF_THE_HAND","244","0.2878200249903854","1.279549071237567","0.03337693058742476071021","0.30257031529252753632","0.11167764527784217188","2351","tags=23%, list=17%, signal=20%","TUBA1A/HSPG2/CUL4B/MEGF10/AUTS2/CCN2/GPC4/NDRG1/PMP22/TGFB2/MED12/COL2A1/CAV1/TRPV4/KRT14/SLC26A2/JARID2/CANT1/RERE/GLI3/LFNG/ZDHHC9/SPTAN1/INF2/CSGALNACT1/DYRK1A/COL1A1/SUZ12/GNPTAB/WNT5A/TBX3/ANTXR2/CCBE1/CDH3/GNPTG/TOR1AIP1/NEDD4L/SOX9/TGFBR2/ADGRG6/MAFB/IL6ST/ARID1B/GLDN/SELENON/POLR3GL/LMNA/ZNF407/NSD1/SMAD3/UBE4B/LUZP1/TGFB3/COL6A3/SVIL/DLG5/PDXK","0.3217759180753611"
"HP_ABNORMALITY_OF_CRANIAL_SUTURES","HP_ABNORMALITY_OF_CRANIAL_SUTURES","347","0.2748067351719677","1.279029327548313","0.02969766465110116118731","0.29271659149449863468","0.10804067028273008078","3074","tags=29%, list=22%, signal=23%","HSPG2/CDH11/GJA5/ANTXR1/KRT5/AASS/VDR/CCN2/GPC4/TGFB2/MED12/KRT14/SLC12A6/STAT3/PEX2/SLC25A24/TBCK/MAN2B1/RERE/ATP7A/LTBP1/FGFR2/NOTCH2/GLI3/SETBP1/ERMARD/BMP4/MAP1B/TANC2/ACTG1/COL1A1/GNPTAB/GLIS3/TG/INTU/POGZ/CCBE1/SON/CREBBP/SMAD6/ACE/NFIX/DONSON/MAF/FLNB/ZNF462/TENT5A/RAC3/ENPP1/MMP14/EP300/NOTCH3/COMT/TGFBR2/GTF2H5/MSX2/DSE/ADARB1/IL6ST/SRCAP/CTSK/KMT2D/TAPT1/FKBP10/AFF4/PURA/LMNA/AHDC1/BCL11B/FIG4/NSD1/CHST14/SMAD3/UBE4B/LUZP1/TGFB3/HSD17B4/CTNNB1/PIGO/KAT6A/SKI/TBCE/EFNB1/FBN1/FAM111A/IRX5/MEGF8/NEK1/NSMCE2/KANSL1/PTCH1/DIAPH1/HERC1/MESD/ARID2/ORC1/FGFR1/ATRIP/CASZ1/P4HB/ATP6V1A/PPP1R21","0.3524878575836192"
"HP_ABNORMAL_DIAPHYSIS_MORPHOLOGY","HP_ABNORMAL_DIAPHYSIS_MORPHOLOGY","288","0.2785774759115963","1.275954956461738","0.02974480380134100418466","0.29271659149449863468","0.10804067028273008078","2714","tags=28%, list=20%, signal=23%","EXT1/HSPG2/TNFRSF11B/IFIH1/VDR/CCN2/PMP22/CILK1/COL2A1/DDRGK1/TRPV4/SLC26A2/MAN2B1/CANT1/WNT7A/ATP7A/LTBP1/FGFR2/NOTCH2/GLI3/NF1/GAN/SETBP1/BMP4/IDH1/CSGALNACT1/ARSK/UGP2/COL1A1/FN1/DYNC2H1/VPS13B/PAPSS2/ANTXR2/SPTBN1/SPRED1/SPARC/GNPTG/SLC2A2/NFIX/FLNB/WDR62/TENT5A/RIPK4/CC2D2A/ENPP1/SOX9/NKX3-2/GLB1/PLAAT3/TMEM67/IL6ST/NPR2/SATB2/EHHADH/PRKAR1A/CPLANE1/FKBP10/EIF2AK3/FIG4/B2M/NSD1/ZBTB20/TMEM165/PDE4D/HERC2/DYNC2LI1/PRKACB/TXNDC15/KAT6A/SKI/TBCE/PRKACA/TMEM237/FBN1/FIBP/SLCO2A1/FAM111A/TMEM53/MEGF8","0.3524878575836192"
"HP_ABNORMAL_VERTEBRAL_MORPHOLOGY","HP_ABNORMAL_VERTEBRAL_MORPHOLOGY","415","0.2707083459059935","1.272248141366772","0.02409717834175349043813","0.27106886648810557539","0.10005057068555409105","2240","tags=23%, list=16%, signal=20%","HSPG2/CDH11/KATNIP/ANTXR1/VDR/CCN2/GPC4/CCND1/COL2A1/DDRGK1/TRPV4/NR3C1/GBA1/SLC26A2/FUCA1/ACVR1/SLC25A24/MAN2B1/CANT1/WNT7A/ATP7A/PLEKHM1/LTBP1/PLOD1/CCL2/XYLT2/FOXA2/FGFR2/NOTCH2/GLI3/NF1/GNS/SUMF1/LFNG/ARL13B/VANGL1/BMP4/IDH1/CSGALNACT1/ARSK/EXOC6B/COL1A1/SMARCAL1/GNPTAB/WNT5A/PHF6/FN1/DYNC2H1/PAPSS2/POGZ/SPARC/SON/FRAS1/TGIF1/ASH1L/FLNB/TENT5A/APC/DLL1/ENPP1/SOX9/MMP14/NOTCH3/KIAA0586/NKX3-2/GLB1/HTRA1/MAFB/DSE/TMEM67/NODAL/DACT1/NPR2/NEU1/SUFU/SLC35B2/PRKAR1A/DNAL4/KMT2D/TAPT1/CPLANE1/FKBP10/AFF4/EIF2AK3/FIG4/STIL/NSD1/MIA3/ALG12/CHST14/NAGLU/ZBTB20/PLCB3/PDE4D/AGA/CHRND","0.3524878575836192"
"HP_HIGHLY_ARCHED_EYEBROW","HP_HIGHLY_ARCHED_EYEBROW","200","0.2909936084237180","1.271389760798505","0.04909983633387888374289","0.36186709616361401043","0.13356387973490319032","1968","tags=22%, list=14%, signal=19%","ROBO1/CDH11/KATNIP/GJA5/ECEL1/AUTS2/IGF1R/KIFBP/MN1/PTPRF/TBCK/MAN2B1/LTBP1/PIGS/ERMARD/ARL13B/ACTG1/SV2A/PGAP1/UGP2/RUSC2/PRR12/RHOBTB2/POGZ/PGAP3/CREBBP/NFIX/TMEM94/ZNF462/CC2D2A/ZBTB18/EP300/MAN1B1/KIAA0586/AFG2A/RNF2/TMEM67/CAMK2G/CSNK2A1/SUFU/KMT2D/CPLANE1/AFF4","0.2616635217115731"
"HP_THIN_VERMILION_BORDER","HP_THIN_VERMILION_BORDER","380","0.2702916021481686","1.266396209207154","0.03049523374741839459867","0.29678111021787045853","0.10954086992979397697","3469","tags=34%, list=25%, signal=27%","EXT1/CDH11/KCNMA1/GJA5/IFIH1/SLC2A1/IGF1R/PGM2L1/MED12/DDRGK1/CLTC/OPHN1/SLC26A2/MCPH1/SLC25A24/TNRC6B/CIT/MED13/MPC1/XYLT2/FGFR2/NOTCH2/GLUL/NF1/SETBP1/IDH1/ACTG1/DYRK1A/WNT5A/GLIS3/PIGK/MAPRE2/RHOBTB2/POGZ/SPTBN1/CITED2/PGAP3/ACSL4/SON/CREBBP/PPM1D/TMEM94/KNL1/MAF/ARID1A/WDR62/ZBTB18/EP300/MAN1B1/ADGRG6/AGO1/DSE/HMGA2/ADARB1/KCNJ5/CSNK2A1/FTO/SRCAP/ARID1B/SATB2/AGL/HIVEP2/RFX7/SMARCA4/KMT2D/AFF4/PURA/LMNA/AHDC1/BCL11B/FIG4/CDC42BPB/STIL/ZNF407/ALG12/CHST14/PDCD6IP/BUB1/ANKRD17/PDE4D/OCA2/HERC2/DYNC2LI1/ASPM/PRKACB/CTNNB1/PIGN/TPR/KAT6A/TBCE/LMBRD1/PRKACA/PHIP/KDM1A/PIGV/FBN1/CEP135/TRIO/IRX5/KIF11/MBD5/WDR26/BPTF/ADAMTSL2/UBE2A/AP3B1/ARID2/IRF6/CKAP2L/ASCC3/HDAC8/SASS6/TRIP12/SRRM2/PTRH2/SLC45A1/SMARCA2/NOG/CDC42/TRAPPC10/EDEM3/CEP295/KNSTRN/TTC5/GNE/PACS1/CCNK/CNOT2/ERCC6/JAG1/ROR2","0.3524878575836192"
"HP_CHOLESTASIS","HP_CHOLESTASIS","235","-0.2697894514621745","-1.261680044411074","0.03526567668294988688871","0.31106565924944845625","0.11481324702389258952","1360","tags=18%, list=10%, signal=16%","KRAS/IARS1/BLVRA/TRAF3IP1/LPL/CDKN2A/PHKA2/SLC37A4/MPV17/ABCB4/HADHA/PSKH1/LBR/GFM1/LYN/ATP6AP2/PIGA/SLC25A13/TFAM/YARS1/CDKN1B/VPS50/IFT56/EPB41/AP1S1/TPI1/SLC26A4/IRF5/DPAGT1/CASK/RINT1/HYOU1/MARS1/WDR35/RABL3/CLDN1/RNASEH2B/TULP3/TNFSF15/GNB2/PEX5/GPR35","0.3217759180753611"
"HP_ABNORMAL_FETAL_MORPHOLOGY","HP_ABNORMAL_FETAL_MORPHOLOGY","283","-0.2632647846875691","-1.257167707916935","0.04217943058075738355095","0.34267704055156256171","0.12648089731664188817","2602","tags=26%, list=19%, signal=21%","RPL18/WNT3/PTPN11/KIF26A/PEX1/GTF2IRD1/RPL35A/PEX6/GATC/SCN4A/DCLRE1C/LRPPRC/RPL26/RPL35/AHCY/RRAS2/PMM2/TMEM106B/NUP88/FANCF/ADA/ITPR1/LIMK1/GTF2I/FH/DYNC2I1/NPC1/RPS19/SLC31A1/ESAM/PIGL/TWIST2/DPYSL5/EIF5A/DNAJC30/VPS37D/KRAS/CCDC22/HADHA/RPS17/LBR/SMC1A/LYN/GUSB/PIGA/ALG9/EPHB4/RPS7/FANCB/RPL8/BAZ1B/PSAT1/RFC2/EPB41/NEK9/B9D1/HRAS/LIG4/TBL2/EIF4H/WDR35/SLC35A2/BUD23/BNC2/ZRSR2/TSR2/RAC1/CARS2/ODC1/RYR1/GNB2/PEX5/POR","0.3217759180753611"
"HP_LIMB_JOINT_CONTRACTURE","HP_LIMB_JOINT_CONTRACTURE","413","0.2676058803162413","1.255693758703341","0.02922070003609484115104","0.29109573757930068405","0.10744241877080078218","2241","tags=22%, list=16%, signal=19%","TUBA1A/HSPG2/ECEL1/CUL4B/MEGF10/BCAS3/AUTS2/CCN2/GPC4/NDRG1/ITGB4/PMP22/TGFB2/MED12/COL2A1/NT5C2/CAV1/DAG1/TRPV4/KRT14/SLC12A6/SLC26A2/SNAP25/STAT3/JARID2/CANT1/WNT7A/RERE/DMD/PLOD1/GLI3/GNS/LFNG/ZDHHC9/SPTAN1/ADSS1/INF2/CSGALNACT1/DYRK1A/COL1A1/SUZ12/GNPTAB/WNT5A/GJB1/MYO9A/JUP/PHF6/ALS2/TBX3/ANTXR2/TNNT1/CCBE1/CDH3/GNPTG/TRIM2/TOR1AIP1/NEDD4L/SLC25A4/SOX9/KLC4/SIK3/ALAD/TGFBR2/ADGRG6/MAFB/PLAAT3/IL6ST/ARID1B/ERCC4/GLDN/SELENON/HEXB/FKBP10/LMBRD2/POLR3GL/LMNA/FIG4/ZNF407/NSD1/PI4KA/MTMR14/SMAD3/ERLIN1/ZBTB20/UBE4B/LUZP1/TGFB3/COL6A3/DSP","0.3524878575836192"
"HP_ABNORMAL_FORM_OF_THE_VERTEBRAL_BODIES","HP_ABNORMAL_FORM_OF_THE_VERTEBRAL_BODIES","314","0.2724367391495158","1.251891622693287","0.04056162246489859735110","0.33491966721759514058","0.12361767794682025634","2239","tags=23%, list=16%, signal=20%","HSPG2/CDH11/KATNIP/ANTXR1/VDR/CCN2/COL2A1/DDRGK1/TRPV4/SLC26A2/FUCA1/ACVR1/SLC25A24/MAN2B1/CANT1/WNT7A/ATP7A/PLEKHM1/LTBP1/PLOD1/CCL2/XYLT2/FGFR2/NOTCH2/GLI3/NF1/GNS/SUMF1/LFNG/ARL13B/VANGL1/BMP4/IDH1/CSGALNACT1/ARSK/EXOC6B/COL1A1/SMARCAL1/GNPTAB/WNT5A/FN1/PAPSS2/SPARC/SON/FLNB/TENT5A/APC/ENPP1/MMP14/NOTCH3/KIAA0586/NKX3-2/GLB1/MAFB/TMEM67/NPR2/NEU1/SUFU/PRKAR1A/KMT2D/TAPT1/CPLANE1/FKBP10/EIF2AK3/FIG4/MIA3/ALG12/NAGLU/ZBTB20/PLCB3/PDE4D/AGA","0.2820133500117251"
"HP_POSITIONAL_FOOT_DEFORMITY","HP_POSITIONAL_FOOT_DEFORMITY","419","0.2612366054140479","1.250582935084341","0.03992723227488172155208","0.33372168440270005840","0.12317550667922100294","2298","tags=22%, list=17%, signal=19%","EXT1/ROBO1/HSPG2/GJA5/ECEL1/DST/MEGF10/IFIH1/CCN2/GPC4/NDRG1/SAMD9/LAMB2/PMP22/TGFB2/CILK1/COL2A1/NT5C2/TRPV4/SLC26A2/PEX2/MAN2B1/CANT1/WNT7A/REV3L/PLOD1/DES/GLI3/GAN/SETBP1/ERMARD/VANGL1/GBE1/COL1A1/SMARCAL1/SUZ12/RUSC2/MSX1/GNPTAB/DYNC1H1/MYO9A/DYNC2H1/TAF8/SPTBN1/CCBE1/CREBBP/DONSON/FLNB/TRIM2/NEDD4L/RIPK4/CC2D2A/SOX9/EP300/TBC1D23/WDPCP/COL5A2/NKX3-2/GLB1/COMT/PRUNE1/TGFBR2/ADGRG6/SH3TC2/MAFB/DSE/BBS9/TMEM67/SHROOM4/BLTP1/IL6ST/TMTC3/ARL6/SATB2/BBS10/GLDN/SELENON/CFAP418/CEP55/FKBP10/POLR3GL/LMNA/AHDC1/NSD1/PI4KA/ALG12/CHST14/SMAD3/TGFB3/HSD17B4/RAB11B/FLVCR2/BBS4","0.3217759180753611"
"HP_RENAL_INSUFFICIENCY","HP_RENAL_INSUFFICIENCY","358","0.2674265170740251","1.250269108674272","0.03671302341031951882444","0.31977158478235984118","0.11802657369323155123","2313","tags=22%, list=17%, signal=19%","SAA1/ROBO1/MYCN/ANTXR1/CD46/COL4A4/CCN2/CCND1/SGPL1/LAMB2/MED12/CAV1/COL4A3/BRIP1/FANCD2/ZNFX1/PLCE1/DAAM2/NOTCH2/GSN/ITGA3/APOL1/VANGL1/PTPN22/INF2/SLX4/FAS/ERAP1/SMARCAL1/CASP10/FN1/DYNC2H1/JAK2/ACSL4/DSTYK/ABCA12/MUC1/TCN2/CC2D2A/P4HA2/KIAA0586/APOE/WDPCP/LRIG2/ARHGDIA/MMACHC/MAFB/COL4A5/BBS9/ALMS1/TMEM67/IL10/BICC1/FANCM/DACT1/OBSCN/SRCAP/ARL6/ERCC4/EHHADH/BBS10/MYH9/CFAP418/KMT2D/SEMA4D/FANCE/CACNA1S/EIF2AK3/KANK2/ANLN/B2M/CDC73/NSD1/CD2AP/MYO1E/BBS4/CUBN/MMUT/DYNC2LI1","0.3217759180753611"
"HP_KYPHOSIS","HP_KYPHOSIS","424","0.2640140889808723","1.246825477714573","0.04127281516988242499044","0.33927963594532051239","0.12522692715729433210","3056","tags=28%, list=22%, signal=23%","HSPG2/TNFRSF11B/CDH11/CUL4B/AUTS2/CCN2/CCND1/NDRG1/ZMYM3/PMP22/COL2A1/SLC52A3/SLC16A2/TRPV4/GBA1/SLC26A2/SNAP25/FUCA1/MAN2B1/CANT1/RERE/DMD/ATP7A/PLOD1/XYLT2/NOTCH2/NF1/LFNG/SETBP1/BMP4/DYRK1A/COL1A1/ATG7/SMARCAL1/COL13A1/GNPTAB/GJB1/MYO9A/PHF6/VPS13B/PAPSS2/SPTBN1/TNNT1/SPARC/SON/DSTYK/TBC1D20/GNPTG/NFIX/FLNB/SIL1/SOX9/MMP14/NOTCH3/NKX3-2/GLB1/HTRA1/GTF2H5/PLAAT3/DSE/ALMS1/SHROOM4/MVK/NPR2/SRCAP/CTSK/ARID1B/NEU1/HECTD4/PPP1R12A/SELENON/PRKAR1A/FKBP10/LMNA/FIG4/ZNF407/NSD1/PI4KA/CHST14/ZBTB20/ALDH3A2/UBE4B/TMEM165/LUZP1/TGFB3/COL6A3/AGA/HERC2/SVIL/SKI/HMGB3/SPG11/HACE1/CUL7/FBN1/MECP2/LAMA2/TRIO/CHRNG/SNX14/MEGF8/SRD5A3/CHD8/HACD1/USF3/ERLIN2/KANSL1/SYNE2/PTCH1/HERC1/MESD/HGSNAT/GLS/ARID2/CCN6/ASCC3/TFAP2A/CASZ1/P4HB/ATP6V1A","0.3217759180753611"
"HP_ABNORMAL_NASAL_TIP_MORPHOLOGY","HP_ABNORMAL_NASAL_TIP_MORPHOLOGY","343","0.2674994417442423","1.245602168423306","0.03437367618084614939722","0.30689864261371496701","0.11327521575581396551","3075","tags=31%, list=22%, signal=24%","EXT1/CDH11/GJA5/MYCN/ECEL1/CUL4B/AUTS2/IGF1R/PGM2L1/MED12/CILK1/KIFBP/PTPRF/JARID2/TBCK/CIT/RERE/LTBP1/SETBP1/CSGALNACT1/ACTG1/SLX4/DPYD/DYRK1A/SMARCAL1/RUSC2/NHEJ1/RHOBTB2/EPG5/POGZ/SPTBN1/ALDH6A1/PGAP3/TGIF1/ARID1A/FLNB/C2CD3/WDR62/ZNF462/APC/NACC1/MAN1B1/TBC1D23/FOXP1/GLB1/COMT/LRP2/AGO1/KCNJ5/SRCAP/ARID1B/COL18A1/SATB2/AGL/RFX7/SMARCA4/PRKAR1A/KMT2D/CPLANE1/CHRNA7/CEP55/PURA/LMNA/AHDC1/CDC42BPB/NSD1/ZBTB20/TGFB3/DYNC1I2/PDE4D/TOPORS/POC1A/PRKACB/CTNNB1/PIGO/TPR/KAT6A/PRKACA/EFNB1/PHIP/KDM1A/PIGV/CUL7/FBN1/TRIO/KIF11/SNX14/ABCA5/MBD5/SMG8/SRD5A3/NEK1/KANSL1/WDR26/BPTF/SPRTN/PTCH1/ESS2/MESD/CCDC47/ARID2/HDAC8/TFAP2A/ATP6V1A/SRRM2","0.3217759180753611"
"HP_THICKENED_SKIN","HP_THICKENED_SKIN","341","0.2691001362734297","1.239617857428583","0.03993610223642172357694","0.33372168440270005840","0.12317550667922100294","2791","tags=27%, list=20%, signal=22%","KRT6A/LAMC2/ADAMTS17/IL17RD/CUL4B/KRT5/DST/ITGB6/SGPL1/ATL3/ITGB4/KITLG/CAV1/SEMA3A/GBA1/KRT14/FUCA1/PEX2/JARID2/DSC2/ATP7A/PLOD1/FGFR2/NOTCH2/NF1/SUMF1/LSS/ERMARD/CST6/DIP2B/FLRT3/COL1A1/GNPTAB/ADAM10/JUP/MAPRE2/PERP/ECM1/ANTXR2/CDH3/PDGFB/MSMO1/FLG/ABCA12/WNT10A/PEX12/ENPP1/STIM1/RHBDF2/ATP2A2/GLB1/RIT1/GTF2H5/COL4A5/PLAAT3/ALMS1/TINF2/MVK/ERCC4/NEU1/LAMA3/FLG2/CEL/AFF4/LMNA/KANK2/FIG4/PI4KA/PEX13/NECTIN4/ALDH3A2/BUB1/FITM2/COL6A3/DSP/LTBP2/USB1/FBN1/CRYAB/TNFRSF1B/SNAP29/SLCO2A1/KIF11/PPP1R13L/SRD5A3/DDB2/CHD8/NSMCE2/PLEC/TUBB/USF3/IL2RB","0.2878571172551493"
"HP_ABNORMALITY_OF_THE_URETER","HP_ABNORMALITY_OF_THE_URETER","334","0.2676460217592346","1.233823550333623","0.03894080996884734940933","0.32858235944105068649","0.12127859980823554875","2615","tags=25%, list=19%, signal=21%","EXT1/HSPG2/CDH11/LAMC2/MYCN/STRA6/WFS1/GPC4/ITGB4/ZMYM3/MED12/ITGA6/KIFBP/BRIP1/MCPH1/FANCD2/CIT/RERE/ATP7A/LTBP1/FGFR2/GSN/GLI3/LFNG/SETBP1/VANGL1/PTPN22/SCN1B/ACTG1/SLX4/MAPRE2/PLD1/RHOBTB2/EPG5/PLXNA1/CCBE1/DSTYK/CREBBP/PIGP/KNL1/WDR62/RIPK4/CC2D2A/EP300/WDPCP/LRIG2/COMT/BBS9/TMEM67/BICC1/FANCM/NODAL/DACT1/ZMIZ1/ARL6/ARID1B/ERCC4/COL18A1/BBS10/LAMA3/CFAP418/KMT2D/CEP55/AFF4/LMNA/FANCE/STIL/NSD1/PDCD6IP/BBS4/DYNC2LI1/ASPM/PRKACB/TXNDC15/PIGO/PIGN/SOS1/PRKACA/FOXF1/TMEM237/CEP135/FIBP/RFWD3","0.2878571172551493"
"HP_ABNORMAL_SKIN_MORPHOLOGY_OF_THE_PALM","HP_ABNORMAL_SKIN_MORPHOLOGY_OF_THE_PALM","361","0.2632933318624746","1.231806955426610","0.04147465437788018516319","0.33993311855144570099","0.12546812530196871371","2048","tags=20%, list=15%, signal=18%","KRT6A/TUBA1A/EXT1/LAMC2/GJA5/KRT5/DST/AUTS2/ITGB4/PGM2L1/MED12/CILK1/KRT14/CTSB/PEX2/SLC25A24/PTPRF/TRIM37/JARID2/TBCK/ZNF469/DSC2/RERE/LTBP1/PLOD1/FGFR2/PIGS/LSS/SETBP1/CST6/BMP4/CSGALNACT1/MAP1B/DPYD/PRR12/JUP/SLC25A12/VPS13B/PERP/SPTBN1/ALDH6A1/UBR1/CCBE1/CREBBP/FLG/ABCA12/WNT10A/ZNF462/PEX12/RIPK4/APC/ENPP1/EP300/WDR37/RHBDF2/ATP2A2/FOXP1/FGF9/RIT1/DSE/TINF2/CSNK2A1/ARID1B/SUFU/GLDN/LAMA3/KMT2D/SEMA4D/CEP55/AHDC1/KANK2/FIG4/CDC42BPB","0.2765005992544716"
"HP_PES_PLANUS","HP_PES_PLANUS","321","0.2653312360993771","1.230343374084924","0.04889589905362776156572","0.36132248808644873428","0.13336286679813078027","2261","tags=23%, list=16%, signal=19%","HSPG2/IL17RD/GJA5/CUL4B/SLC1A3/SLC2A1/NDRG1/DLG4/PMP22/TGFB2/MED12/COL2A1/SLC16A2/TRPV4/SEMA3A/GRIN2B/SLC26A2/BRIP1/JARID2/FGF13/FANCD2/ZNF469/CANT1/DMD/ATP7A/PLOD1/XYLT2/BRWD3/GAN/ZDHHC9/SPTAN1/CSGALNACT1/SCN1B/SLX4/EXOC6B/FLRT3/COL1A1/PRR12/MAPRE2/VPS13B/RHOBTB2/GNPTG/CREBBP/FLNB/SIL1/SPIN4/CIC/SOX9/EP300/TBC1D23/COL5A2/ASPH/TGFBR2/SH3TC2/VLDLR/ALMS1/FANCM/GRIN2D/DACT1/ERCC4/HIVEP2/SELENON/CLCN4/LMNA/FANCE/AHDC1/CDC42BPB/NSD1/SMAD3/TGFB3/PDE4D/AGA/CLDN11","0.2572064664688382"
"HP_ABNORMALITY_IRIS_MORPHOLOGY","HP_ABNORMALITY_IRIS_MORPHOLOGY","394","0.2618866878358855","1.227793058412387","0.04470198675496688672792","0.35486991485335855900","0.13098124458262142000","2648","tags=26%, list=19%, signal=22%","TUBA1A/ROBO1/HSPG2/ADAMTS17/KATNIP/COL8A2/LAMB2/KITLG/IGF1R/PMP22/TGFB2/DAG1/KIFBP/BRIP1/PEX2/TRIM37/TUBB2B/NF2/FANCD2/POMK/RERE/ZEB1/XYLT2/FGFR2/NOTCH2/NF1/TCEAL1/ARL13B/REST/BMP4/FGF3/ACTG1/SNAI2/SLX4/DYRK1A/PRR12/VPS13B/EPG5/MLPH/MITF/POGZ/SPTBN1/SPRED1/ARL6IP6/LDHD/TGIF1/MAF/PEX12/DLL1/CC2D2A/MMP14/NOTCH3/KIAA0586/STIM1/IGBP1/ASPH/TGFBR2/LRP2/RIT1/SH3TC2/MAFB/TMEM67/FANCM/KIF1B/TINF2/NODAL/DACT1/FOXC1/LOXL1/ERCC4/COL18A1/SUFU/PRKAR1A/KMT2D/TMEM127/CPLANE1/GNAQ/FANCE/HPS4/PEX13/SMAD3/BLOC1S6/OVOL2/UBE4B/LUZP1/TGFB3/PDE4D/OCA2/EDN3/HERC2/RHOA/TXNDC15/MC1R/LTBP2/SOS1/SKI/HMGB3/SALL2/TMEM237/FBN1/DTNBP1/RFWD3/COQ2/FAM111A","0.2765005992544716"
"HP_ABNORMALITY_OF_THE_BILIARY_SYSTEM","HP_ABNORMALITY_OF_THE_BILIARY_SYSTEM","339","-0.2539171026062412","-1.226323855988464","0.03796095624373704152665","0.32601034470432632695","0.12032927816331613624","1369","tags=17%, list=10%, signal=16%","DNAJC30/VPS37D/KRAS/IARS1/BLVRA/TMEM216/TRAF3IP1/LPL/CDKN2A/PHKA2/SLC37A4/MPV17/ABCB4/HADHA/LONP1/PSKH1/LBR/GFM1/LYN/BMP6/ATP6AP2/PIGA/BAZ1B/SLC25A13/TFAM/YARS1/CDKN1B/USP9X/VPS50/IFT56/INPP5E/RFC2/EPB41/AP1S1/TPI1/SLC26A4/IRF5/DPAGT1/TBL2/CASK/RINT1/HYOU1/MARS1/EIF4H/WDR35/RABL3/KDM5C/BUD23/CLDN1/RNASEH2B/TULP3/TNFSF15/RFXAP/TFE3/GNB2/PEX5/GPR35","0.3217759180753611"
"HP_ABNORMALITY_OF_UPPER_LIP_VERMILLION","HP_ABNORMALITY_OF_UPPER_LIP_VERMILLION","426","0.2575278353215138","1.220522749015095","0.04186046511627906918651","0.34189440722940106498","0.12619203009432214402","2995","tags=30%, list=22%, signal=24%","EXT1/CDH11/KCNMA1/GJA5/IFIH1/SLC1A3/SLC2A1/GPC4/IGF1R/PGM2L1/MED12/CILK1/CLTC/GBA1/OPHN1/SLC26A2/MCPH1/SLC25A24/JARID2/TBCK/TNRC6B/CIT/MED13/MPC1/FGFR2/SETBP1/MAP1B/ACTG1/DYRK1A/WNT5A/GLIS3/PIGK/MAPRE2/RHOBTB2/EPG5/POGZ/TAF8/SPTBN1/ALDH6A1/PGAP3/MICU1/CREBBP/MINPP1/PPM1D/TGIF1/TMEM94/KNL1/MAF/EDA/ARID1A/WDR62/ZNF462/APC/DLL1/ZBTB18/EP300/MAN1B1/ADGRG6/AGO1/DSE/NODAL/ZMIZ1/ADARB1/KCNJ5/CSNK2A1/SRCAP/ARID1B/SATB2/AGL/SUFU/HIVEP2/RFX7/SMARCA4/KMT2D/AFF4/PURA/AHDC1/BCL11B/FIG4/CDC42BPB/STIL/ZNF407/ALG12/CHST14/PDCD6IP/BUB1/ANKRD17/TGFB3/PDE4D/OCA2/HERC2/RAB11B/ASPM/PRKACB/CTNNB1/PIGO/PIGN/TPR/KAT6A/TBCE/LMBRD1/KDM1A/PIGV/TMEM237/FBN1/CEP135/MECP2/TRIO/IRX5/KIF11/TMEM53/MBD5/CRIPTO/CHD8/WDR26/BPTF/PTCH1/ZNHIT3/MESD/ADAMTSL2/AP3B1/ARID2/IRF6/FGFR1/ASCC3/HDAC8/SASS6","0.2765005992544716"
NA,NA,NA,NA,NA,NA,NA,NA,NA,NA,"",NA
NA,NA,NA,NA,NA,NA,NA,NA,NA,NA,"",NA
